make: Entering directory '/workspace/scratch/e6420b0fda2a/dedicated-source/hw'
mkdir -p "/workspace/scratch/e6420b0fda2a/sway/hw/results/resource_comparison/dedicated/perf"
rm -f "/workspace/scratch/e6420b0fda2a/sway/hw/results/resource_comparison/dedicated/perf/summary.json" "/workspace/scratch/e6420b0fda2a/sway/hw/results/resource_comparison/dedicated/perf/single.log" "/workspace/scratch/e6420b0fda2a/sway/hw/results/resource_comparison/dedicated/perf/single.stderr.log"
make -C "/workspace/scratch/e6420b0fda2a/dedicated-source/hw" bsim SIM_BACKEND=bluesim \
	BSIM_TOP_SOURCE="/workspace/scratch/e6420b0fda2a/dedicated-source/hw/sim/TbSwayPerf.bsv" BSIM_TOP_MODULE=mkTbSwayPerfSingle \
	BSIM_DIR="/workspace/scratch/e6420b0fda2a/sway/hw/resource-build/dedicated/perf/single"
make[1]: Entering directory '/workspace/scratch/e6420b0fda2a/dedicated-source/hw'
rm -rf /workspace/scratch/e6420b0fda2a/sway/hw/resource-build/dedicated/perf/single
mkdir -p /workspace/scratch/e6420b0fda2a/sway/hw/resource-build/dedicated/perf/single
bsc -show-schedule -show-range-conflict -aggressive-conditions -D SWAY_BUFFERED -D SWAY_REALLOCATE -D SWAY_CORE_80MHZ -D SWAY_INPUT_FIFO2 -D SWAY_INPUT_OVERLAP -bdir /workspace/scratch/e6420b0fda2a/sway/hw/resource-build/dedicated/perf/single -vdir /workspace/scratch/e6420b0fda2a/sway/hw/resource-build/dedicated/perf/single -simdir /workspace/scratch/e6420b0fda2a/sway/hw/resource-build/dedicated/perf/single -info-dir /workspace/scratch/e6420b0fda2a/sway/hw/resource-build/dedicated/perf/single -fdir /workspace/scratch/e6420b0fda2a/sway/hw/resource-build/dedicated/perf/single -D BSIM -l pthread  \
	-p +:/workspace/scratch/e6420b0fda2a/blueyosys/lib/bsv:/workspace/scratch/e6420b0fda2a/blueyosys/fpga/ecp5/bsv:/workspace/scratch/e6420b0fda2a/blueyosys/boards/ulx3s/bsv:/workspace/scratch/e6420b0fda2a/dedicated-source/hw/bsv:/workspace/scratch/e6420b0fda2a/dedicated-source/hw/generated:/workspace/scratch/e6420b0fda2a/dedicated-source/hw/sim -sim -u -g mkTbSwayPerfSingle /workspace/scratch/e6420b0fda2a/dedicated-source/hw/sim/TbSwayPerf.bsv
checking package dependencies
compiling /workspace/scratch/e6420b0fda2a/dedicated-source/hw/bsv/SwayTypes.bsv
compiling /workspace/scratch/e6420b0fda2a/dedicated-source/hw/generated/GeneratedTestConfig.bsv
compiling /workspace/scratch/e6420b0fda2a/dedicated-source/hw/generated/SwayParameters.bsv
compiling /workspace/scratch/e6420b0fda2a/dedicated-source/hw/bsv/SwayReset.bsv
Warning: "/workspace/scratch/e6420b0fda2a/dedicated-source/hw/bsv/SwayReset.bsv", line 15, column 16: (P0216)
  import BVI module declares `ready' as a method name, which is maybe not what
  you intended.
compiling /workspace/scratch/e6420b0fda2a/dedicated-source/hw/bsv/SwayLookup.bsv
compiling /workspace/scratch/e6420b0fda2a/dedicated-source/hw/bsv/SwayNorm.bsv
compiling /workspace/scratch/e6420b0fda2a/dedicated-source/hw/bsv/SwayScan.bsv
Warning: "/workspace/scratch/e6420b0fda2a/dedicated-source/hw/bsv/SwayScan.bsv", line 514, column 41: (P0102)
  Declaration of `high' shadows previous declaration at
  "/workspace/scratch/e6420b0fda2a/dedicated-source/hw/bsv/SwayScan.bsv", line
  505, column 33
compiling /workspace/scratch/e6420b0fda2a/dedicated-source/hw/bsv/SwayCoeffRom.bsv
compiling /workspace/scratch/e6420b0fda2a/dedicated-source/hw/bsv/SwayLinear.bsv
compiling /workspace/scratch/e6420b0fda2a/dedicated-source/hw/bsv/SwayFoldedLinear.bsv
compiling /workspace/scratch/e6420b0fda2a/dedicated-source/hw/bsv/SwayHeadLinear.bsv
compiling /workspace/scratch/e6420b0fda2a/dedicated-source/hw/bsv/SwayBlock.bsv
compiling /workspace/scratch/e6420b0fda2a/dedicated-source/hw/bsv/SwayDelta.bsv
compiling /workspace/scratch/e6420b0fda2a/dedicated-source/hw/bsv/SwayBaseline.bsv
compiling /workspace/scratch/e6420b0fda2a/dedicated-source/hw/sim/TbSwayPerf.bsv
code generation for mkTbSwayPerfSingle starts
Warning: "/workspace/scratch/e6420b0fda2a/dedicated-source/hw/bsv/SwayFoldedLinear.bsv", line 69, column 14: (G0043)
  Multiple reset signals influence rule
  `test_dut_embedding_engine_process1Capture'.
  This can lead to inconsistent, non-atomic results when not all of these
  signals are asserted.
  Method calls by reset:
    Reset 1 (test_dut_embedding_localReset_leafReset.gen_rst):
      test_dut_embedding_inputQ.first test_dut_embedding_inputQ.i_notEmpty
    Reset 2 (test_dut_embedding_engine_localReset_leafReset.gen_rst):
      test_dut_embedding_engine_activeOn.read
      test_dut_embedding_engine_startQ.enq
      test_dut_embedding_engine_startQ.i_notFull
  During elaboration of rule `process1Capture' at
  "/workspace/scratch/e6420b0fda2a/dedicated-source/hw/bsv/SwayFoldedLinear.bsv",
  line 69, column 14.
  During elaboration of `engine' at
  "/workspace/scratch/e6420b0fda2a/dedicated-source/hw/bsv/SwayFoldedLinear.bsv",
  line 297, column 29.
  During elaboration of `embedding' at
  "/workspace/scratch/e6420b0fda2a/dedicated-source/hw/bsv/SwayBaseline.bsv",
  line 38, column 28.
  During elaboration of `dut' at
  "/workspace/scratch/e6420b0fda2a/dedicated-source/hw/sim/TbSwayPerf.bsv",
  line 19, column 17.
  During elaboration of `test' at
  "/workspace/scratch/e6420b0fda2a/dedicated-source/hw/sim/TbSwayPerf.bsv",
  line 109, column 13.
  During elaboration of `mkTbSwayPerfSingle' at
  "/workspace/scratch/e6420b0fda2a/dedicated-source/hw/sim/TbSwayPerf.bsv",
  line 108, column 8.
Warning: "/workspace/scratch/e6420b0fda2a/dedicated-source/hw/bsv/SwayFoldedLinear.bsv", line 96, column 14: (G0043)
  Multiple reset signals influence rule
  `test_dut_embedding_engine_process2Chunk'.
  This can lead to inconsistent, non-atomic results when not all of these
  signals are asserted.
  Method calls by reset:
    Reset 1 (test_dut_embedding_localReset_leafReset.gen_rst):
      test_dut_embedding_inputQ.first test_dut_embedding_inputQ.i_notEmpty
    Reset 2 (test_dut_embedding_engine_localReset_leafReset.gen_rst):
      test_dut_embedding_engine_chunkLoadOn.read
      test_dut_embedding_engine_chunkLoadOn.write
      test_dut_embedding_engine_issueOn.write
  During elaboration of rule `process2Chunk' at
  "/workspace/scratch/e6420b0fda2a/dedicated-source/hw/bsv/SwayFoldedLinear.bsv",
  line 96, column 14.
  During elaboration of `engine' at
  "/workspace/scratch/e6420b0fda2a/dedicated-source/hw/bsv/SwayFoldedLinear.bsv",
  line 297, column 29.
  During elaboration of `embedding' at
  "/workspace/scratch/e6420b0fda2a/dedicated-source/hw/bsv/SwayBaseline.bsv",
  line 38, column 28.
  During elaboration of `dut' at
  "/workspace/scratch/e6420b0fda2a/dedicated-source/hw/sim/TbSwayPerf.bsv",
  line 19, column 17.
  During elaboration of `test' at
  "/workspace/scratch/e6420b0fda2a/dedicated-source/hw/sim/TbSwayPerf.bsv",
  line 109, column 13.
  During elaboration of `mkTbSwayPerfSingle' at
  "/workspace/scratch/e6420b0fda2a/dedicated-source/hw/sim/TbSwayPerf.bsv",
  line 108, column 8.
Warning: "/workspace/scratch/e6420b0fda2a/dedicated-source/hw/bsv/SwayFoldedLinear.bsv", line 253, column 14: (G0043)
  Multiple reset signals influence rule
  `test_dut_embedding_engine_process8Emit'.
  This can lead to inconsistent, non-atomic results when not all of these
  signals are asserted.
  Method calls by reset:
    Reset 1 (test_dut_embedding_localReset_leafReset.gen_rst):
      test_dut_embedding_inputQ.deq test_dut_embedding_inputQ.i_notEmpty
    Reset 2 (test_dut_embedding_engine_localReset_leafReset.gen_rst):
      test_dut_embedding_engine_activeOn.read
      test_dut_embedding_engine_activeOn.write
      test_dut_embedding_engine_emitOn.read
      test_dut_embedding_engine_emitOn.write
      test_dut_embedding_engine_outputQ.enq
      test_dut_embedding_engine_outputQ.i_notFull
  During elaboration of rule `process8Emit' at
  "/workspace/scratch/e6420b0fda2a/dedicated-source/hw/bsv/SwayFoldedLinear.bsv",
  line 253, column 14.
  During elaboration of `engine' at
  "/workspace/scratch/e6420b0fda2a/dedicated-source/hw/bsv/SwayFoldedLinear.bsv",
  line 297, column 29.
  During elaboration of `embedding' at
  "/workspace/scratch/e6420b0fda2a/dedicated-source/hw/bsv/SwayBaseline.bsv",
  line 38, column 28.
  During elaboration of `dut' at
  "/workspace/scratch/e6420b0fda2a/dedicated-source/hw/sim/TbSwayPerf.bsv",
  line 19, column 17.
  During elaboration of `test' at
  "/workspace/scratch/e6420b0fda2a/dedicated-source/hw/sim/TbSwayPerf.bsv",
  line 109, column 13.
  During elaboration of `mkTbSwayPerfSingle' at
  "/workspace/scratch/e6420b0fda2a/dedicated-source/hw/sim/TbSwayPerf.bsv",
  line 108, column 8.
Warning: "/workspace/scratch/e6420b0fda2a/dedicated-source/hw/bsv/SwayLinear.bsv", line 141, column 14: (G0043)
  Multiple reset signals influence rule
  `test_dut_block0_inputProjection_engine_process1Capture'.
  This can lead to inconsistent, non-atomic results when not all of these
  signals are asserted.
  Method calls by reset:
    Reset 1 (test_dut_block0_inputProjection_localReset_leafReset.gen_rst):
      test_dut_block0_inputProjection_inputQ.first
      test_dut_block0_inputProjection_inputQ.i_notEmpty
    Reset 2
    (test_dut_block0_inputProjection_engine_localReset_leafReset.gen_rst):
      test_dut_block0_inputProjection_engine_activeOn.read
      test_dut_block0_inputProjection_engine_startQ.enq
      test_dut_block0_inputProjection_engine_startQ.i_notFull
  During elaboration of rule `process1Capture' at
  "/workspace/scratch/e6420b0fda2a/dedicated-source/hw/bsv/SwayLinear.bsv",
  line 141, column 14.
  During elaboration of `engine' at
  "/workspace/scratch/e6420b0fda2a/dedicated-source/hw/bsv/SwayLinear.bsv",
  line 616, column 29.
  During elaboration of `inputProjection' at
  "/workspace/scratch/e6420b0fda2a/dedicated-source/hw/bsv/SwayBlock.bsv",
  line 139, column 28.
  During elaboration of `block0' at
  "/workspace/scratch/e6420b0fda2a/dedicated-source/hw/bsv/SwayBaseline.bsv",
  line 46, column 18.
  During elaboration of `dut' at
  "/workspace/scratch/e6420b0fda2a/dedicated-source/hw/sim/TbSwayPerf.bsv",
  line 19, column 17.
  During elaboration of `test' at
  "/workspace/scratch/e6420b0fda2a/dedicated-source/hw/sim/TbSwayPerf.bsv",
  line 109, column 13.
  During elaboration of `mkTbSwayPerfSingle' at
  "/workspace/scratch/e6420b0fda2a/dedicated-source/hw/sim/TbSwayPerf.bsv",
  line 108, column 8.
Warning: "/workspace/scratch/e6420b0fda2a/dedicated-source/hw/bsv/SwayLinear.bsv", line 200, column 14: (G0043)
  Multiple reset signals influence rule
  `test_dut_block0_inputProjection_engine_process2Chunk'.
  This can lead to inconsistent, non-atomic results when not all of these
  signals are asserted.
  Method calls by reset:
    Reset 1 (test_dut_block0_inputProjection_localReset_leafReset.gen_rst):
      test_dut_block0_inputProjection_inputQ.first
      test_dut_block0_inputProjection_inputQ.i_notEmpty
    Reset 2
    (test_dut_block0_inputProjection_engine_localReset_leafReset.gen_rst):
      test_dut_block0_inputProjection_engine_chunkLoadOn.read
      test_dut_block0_inputProjection_engine_chunkLoadOn.write
      test_dut_block0_inputProjection_engine_issueOn.write
  During elaboration of rule `process2Chunk' at
  "/workspace/scratch/e6420b0fda2a/dedicated-source/hw/bsv/SwayLinear.bsv",
  line 200, column 14.
  During elaboration of `engine' at
  "/workspace/scratch/e6420b0fda2a/dedicated-source/hw/bsv/SwayLinear.bsv",
  line 616, column 29.
  During elaboration of `inputProjection' at
  "/workspace/scratch/e6420b0fda2a/dedicated-source/hw/bsv/SwayBlock.bsv",
  line 139, column 28.
  During elaboration of `block0' at
  "/workspace/scratch/e6420b0fda2a/dedicated-source/hw/bsv/SwayBaseline.bsv",
  line 46, column 18.
  During elaboration of `dut' at
  "/workspace/scratch/e6420b0fda2a/dedicated-source/hw/sim/TbSwayPerf.bsv",
  line 19, column 17.
  During elaboration of `test' at
  "/workspace/scratch/e6420b0fda2a/dedicated-source/hw/sim/TbSwayPerf.bsv",
  line 109, column 13.
  During elaboration of `mkTbSwayPerfSingle' at
  "/workspace/scratch/e6420b0fda2a/dedicated-source/hw/sim/TbSwayPerf.bsv",
  line 108, column 8.
Warning: "/workspace/scratch/e6420b0fda2a/dedicated-source/hw/bsv/SwayLinear.bsv", line 543, column 14: (G0043)
  Multiple reset signals influence rule
  `test_dut_block0_inputProjection_engine_process8Emit'.
  This can lead to inconsistent, non-atomic results when not all of these
  signals are asserted.
  Method calls by reset:
    Reset 1 (test_dut_block0_inputProjection_localReset_leafReset.gen_rst):
      test_dut_block0_inputProjection_inputQ.deq
      test_dut_block0_inputProjection_inputQ.i_notEmpty
    Reset 2
    (test_dut_block0_inputProjection_engine_localReset_leafReset.gen_rst):
      test_dut_block0_inputProjection_engine_activeOn.read
      test_dut_block0_inputProjection_engine_activeOn.write
      test_dut_block0_inputProjection_engine_emitOn.read
      test_dut_block0_inputProjection_engine_emitOn.write
      test_dut_block0_inputProjection_engine_outputQ.enq
      test_dut_block0_inputProjection_engine_outputQ.i_notFull
  During elaboration of rule `process8Emit' at
  "/workspace/scratch/e6420b0fda2a/dedicated-source/hw/bsv/SwayLinear.bsv",
  line 543, column 14.
  During elaboration of `engine' at
  "/workspace/scratch/e6420b0fda2a/dedicated-source/hw/bsv/SwayLinear.bsv",
  line 616, column 29.
  During elaboration of `inputProjection' at
  "/workspace/scratch/e6420b0fda2a/dedicated-source/hw/bsv/SwayBlock.bsv",
  line 139, column 28.
  During elaboration of `block0' at
  "/workspace/scratch/e6420b0fda2a/dedicated-source/hw/bsv/SwayBaseline.bsv",
  line 46, column 18.
  During elaboration of `dut' at
  "/workspace/scratch/e6420b0fda2a/dedicated-source/hw/sim/TbSwayPerf.bsv",
  line 19, column 17.
  During elaboration of `test' at
  "/workspace/scratch/e6420b0fda2a/dedicated-source/hw/sim/TbSwayPerf.bsv",
  line 109, column 13.
  During elaboration of `mkTbSwayPerfSingle' at
  "/workspace/scratch/e6420b0fda2a/dedicated-source/hw/sim/TbSwayPerf.bsv",
  line 108, column 8.
Warning: "/workspace/scratch/e6420b0fda2a/dedicated-source/hw/bsv/SwayFoldedLinear.bsv", line 69, column 14: (G0043)
  Multiple reset signals influence rule
  `test_dut_block0_stateProjection_engine_process1Capture'.
  This can lead to inconsistent, non-atomic results when not all of these
  signals are asserted.
  Method calls by reset:
    Reset 1 (test_dut_block0_stateProjection_localReset_leafReset.gen_rst):
      test_dut_block0_stateProjection_inputQ.first
      test_dut_block0_stateProjection_inputQ.i_notEmpty
    Reset 2
    (test_dut_block0_stateProjection_engine_localReset_leafReset.gen_rst):
      test_dut_block0_stateProjection_engine_activeOn.read
      test_dut_block0_stateProjection_engine_startQ.enq
      test_dut_block0_stateProjection_engine_startQ.i_notFull
  During elaboration of rule `process1Capture' at
  "/workspace/scratch/e6420b0fda2a/dedicated-source/hw/bsv/SwayFoldedLinear.bsv",
  line 69, column 14.
  During elaboration of `engine' at
  "/workspace/scratch/e6420b0fda2a/dedicated-source/hw/bsv/SwayFoldedLinear.bsv",
  line 297, column 29.
  During elaboration of `stateProjection' at
  "/workspace/scratch/e6420b0fda2a/dedicated-source/hw/bsv/SwayBlock.bsv",
  line 141, column 28.
  During elaboration of `block0' at
  "/workspace/scratch/e6420b0fda2a/dedicated-source/hw/bsv/SwayBaseline.bsv",
  line 46, column 18.
  During elaboration of `dut' at
  "/workspace/scratch/e6420b0fda2a/dedicated-source/hw/sim/TbSwayPerf.bsv",
  line 19, column 17.
  During elaboration of `test' at
  "/workspace/scratch/e6420b0fda2a/dedicated-source/hw/sim/TbSwayPerf.bsv",
  line 109, column 13.
  During elaboration of `mkTbSwayPerfSingle' at
  "/workspace/scratch/e6420b0fda2a/dedicated-source/hw/sim/TbSwayPerf.bsv",
  line 108, column 8.
Warning: "/workspace/scratch/e6420b0fda2a/dedicated-source/hw/bsv/SwayFoldedLinear.bsv", line 96, column 14: (G0043)
  Multiple reset signals influence rule
  `test_dut_block0_stateProjection_engine_process2Chunk'.
  This can lead to inconsistent, non-atomic results when not all of these
  signals are asserted.
  Method calls by reset:
    Reset 1 (test_dut_block0_stateProjection_localReset_leafReset.gen_rst):
      test_dut_block0_stateProjection_inputQ.first
      test_dut_block0_stateProjection_inputQ.i_notEmpty
    Reset 2
    (test_dut_block0_stateProjection_engine_localReset_leafReset.gen_rst):
      test_dut_block0_stateProjection_engine_chunkLoadOn.read
      test_dut_block0_stateProjection_engine_chunkLoadOn.write
      test_dut_block0_stateProjection_engine_issueOn.write
  During elaboration of rule `process2Chunk' at
  "/workspace/scratch/e6420b0fda2a/dedicated-source/hw/bsv/SwayFoldedLinear.bsv",
  line 96, column 14.
  During elaboration of `engine' at
  "/workspace/scratch/e6420b0fda2a/dedicated-source/hw/bsv/SwayFoldedLinear.bsv",
  line 297, column 29.
  During elaboration of `stateProjection' at
  "/workspace/scratch/e6420b0fda2a/dedicated-source/hw/bsv/SwayBlock.bsv",
  line 141, column 28.
  During elaboration of `block0' at
  "/workspace/scratch/e6420b0fda2a/dedicated-source/hw/bsv/SwayBaseline.bsv",
  line 46, column 18.
  During elaboration of `dut' at
  "/workspace/scratch/e6420b0fda2a/dedicated-source/hw/sim/TbSwayPerf.bsv",
  line 19, column 17.
  During elaboration of `test' at
  "/workspace/scratch/e6420b0fda2a/dedicated-source/hw/sim/TbSwayPerf.bsv",
  line 109, column 13.
  During elaboration of `mkTbSwayPerfSingle' at
  "/workspace/scratch/e6420b0fda2a/dedicated-source/hw/sim/TbSwayPerf.bsv",
  line 108, column 8.
Warning: "/workspace/scratch/e6420b0fda2a/dedicated-source/hw/bsv/SwayFoldedLinear.bsv", line 253, column 14: (G0043)
  Multiple reset signals influence rule
  `test_dut_block0_stateProjection_engine_process8Emit'.
  This can lead to inconsistent, non-atomic results when not all of these
  signals are asserted.
  Method calls by reset:
    Reset 1 (test_dut_block0_stateProjection_localReset_leafReset.gen_rst):
      test_dut_block0_stateProjection_inputQ.deq
      test_dut_block0_stateProjection_inputQ.i_notEmpty
    Reset 2
    (test_dut_block0_stateProjection_engine_localReset_leafReset.gen_rst):
      test_dut_block0_stateProjection_engine_activeOn.read
      test_dut_block0_stateProjection_engine_activeOn.write
      test_dut_block0_stateProjection_engine_emitOn.read
      test_dut_block0_stateProjection_engine_emitOn.write
      test_dut_block0_stateProjection_engine_outputQ.enq
      test_dut_block0_stateProjection_engine_outputQ.i_notFull
  During elaboration of rule `process8Emit' at
  "/workspace/scratch/e6420b0fda2a/dedicated-source/hw/bsv/SwayFoldedLinear.bsv",
  line 253, column 14.
  During elaboration of `engine' at
  "/workspace/scratch/e6420b0fda2a/dedicated-source/hw/bsv/SwayFoldedLinear.bsv",
  line 297, column 29.
  During elaboration of `stateProjection' at
  "/workspace/scratch/e6420b0fda2a/dedicated-source/hw/bsv/SwayBlock.bsv",
  line 141, column 28.
  During elaboration of `block0' at
  "/workspace/scratch/e6420b0fda2a/dedicated-source/hw/bsv/SwayBaseline.bsv",
  line 46, column 18.
  During elaboration of `dut' at
  "/workspace/scratch/e6420b0fda2a/dedicated-source/hw/sim/TbSwayPerf.bsv",
  line 19, column 17.
  During elaboration of `test' at
  "/workspace/scratch/e6420b0fda2a/dedicated-source/hw/sim/TbSwayPerf.bsv",
  line 109, column 13.
  During elaboration of `mkTbSwayPerfSingle' at
  "/workspace/scratch/e6420b0fda2a/dedicated-source/hw/sim/TbSwayPerf.bsv",
  line 108, column 8.
Warning: "/workspace/scratch/e6420b0fda2a/dedicated-source/hw/bsv/SwayFoldedLinear.bsv", line 69, column 14: (G0043)
  Multiple reset signals influence rule
  `test_dut_block0_outputProjection_engine_process1Capture'.
  This can lead to inconsistent, non-atomic results when not all of these
  signals are asserted.
  Method calls by reset:
    Reset 1 (test_dut_block0_outputProjection_localReset_leafReset.gen_rst):
      test_dut_block0_outputProjection_inputQ.first
      test_dut_block0_outputProjection_inputQ.i_notEmpty
    Reset 2
    (test_dut_block0_outputProjection_engine_localReset_leafReset.gen_rst):
      test_dut_block0_outputProjection_engine_activeOn.read
      test_dut_block0_outputProjection_engine_startQ.enq
      test_dut_block0_outputProjection_engine_startQ.i_notFull
  During elaboration of rule `process1Capture' at
  "/workspace/scratch/e6420b0fda2a/dedicated-source/hw/bsv/SwayFoldedLinear.bsv",
  line 69, column 14.
  During elaboration of `engine' at
  "/workspace/scratch/e6420b0fda2a/dedicated-source/hw/bsv/SwayFoldedLinear.bsv",
  line 297, column 29.
  During elaboration of `outputProjection' at
  "/workspace/scratch/e6420b0fda2a/dedicated-source/hw/bsv/SwayBlock.bsv",
  line 142, column 28.
  During elaboration of `block0' at
  "/workspace/scratch/e6420b0fda2a/dedicated-source/hw/bsv/SwayBaseline.bsv",
  line 46, column 18.
  During elaboration of `dut' at
  "/workspace/scratch/e6420b0fda2a/dedicated-source/hw/sim/TbSwayPerf.bsv",
  line 19, column 17.
  During elaboration of `test' at
  "/workspace/scratch/e6420b0fda2a/dedicated-source/hw/sim/TbSwayPerf.bsv",
  line 109, column 13.
  During elaboration of `mkTbSwayPerfSingle' at
  "/workspace/scratch/e6420b0fda2a/dedicated-source/hw/sim/TbSwayPerf.bsv",
  line 108, column 8.
Warning: "/workspace/scratch/e6420b0fda2a/dedicated-source/hw/bsv/SwayFoldedLinear.bsv", line 96, column 14: (G0043)
  Multiple reset signals influence rule
  `test_dut_block0_outputProjection_engine_process2Chunk'.
  This can lead to inconsistent, non-atomic results when not all of these
  signals are asserted.
  Method calls by reset:
    Reset 1 (test_dut_block0_outputProjection_localReset_leafReset.gen_rst):
      test_dut_block0_outputProjection_inputQ.first
      test_dut_block0_outputProjection_inputQ.i_notEmpty
    Reset 2
    (test_dut_block0_outputProjection_engine_localReset_leafReset.gen_rst):
      test_dut_block0_outputProjection_engine_chunkLoadOn.read
      test_dut_block0_outputProjection_engine_chunkLoadOn.write
      test_dut_block0_outputProjection_engine_issueOn.write
  During elaboration of rule `process2Chunk' at
  "/workspace/scratch/e6420b0fda2a/dedicated-source/hw/bsv/SwayFoldedLinear.bsv",
  line 96, column 14.
  During elaboration of `engine' at
  "/workspace/scratch/e6420b0fda2a/dedicated-source/hw/bsv/SwayFoldedLinear.bsv",
  line 297, column 29.
  During elaboration of `outputProjection' at
  "/workspace/scratch/e6420b0fda2a/dedicated-source/hw/bsv/SwayBlock.bsv",
  line 142, column 28.
  During elaboration of `block0' at
  "/workspace/scratch/e6420b0fda2a/dedicated-source/hw/bsv/SwayBaseline.bsv",
  line 46, column 18.
  During elaboration of `dut' at
  "/workspace/scratch/e6420b0fda2a/dedicated-source/hw/sim/TbSwayPerf.bsv",
  line 19, column 17.
  During elaboration of `test' at
  "/workspace/scratch/e6420b0fda2a/dedicated-source/hw/sim/TbSwayPerf.bsv",
  line 109, column 13.
  During elaboration of `mkTbSwayPerfSingle' at
  "/workspace/scratch/e6420b0fda2a/dedicated-source/hw/sim/TbSwayPerf.bsv",
  line 108, column 8.
Warning: "/workspace/scratch/e6420b0fda2a/dedicated-source/hw/bsv/SwayFoldedLinear.bsv", line 253, column 14: (G0043)
  Multiple reset signals influence rule
  `test_dut_block0_outputProjection_engine_process8Emit'.
  This can lead to inconsistent, non-atomic results when not all of these
  signals are asserted.
  Method calls by reset:
    Reset 1 (test_dut_block0_outputProjection_localReset_leafReset.gen_rst):
      test_dut_block0_outputProjection_inputQ.deq
      test_dut_block0_outputProjection_inputQ.i_notEmpty
    Reset 2
    (test_dut_block0_outputProjection_engine_localReset_leafReset.gen_rst):
      test_dut_block0_outputProjection_engine_activeOn.read
      test_dut_block0_outputProjection_engine_activeOn.write
      test_dut_block0_outputProjection_engine_emitOn.read
      test_dut_block0_outputProjection_engine_emitOn.write
      test_dut_block0_outputProjection_engine_outputQ.enq
      test_dut_block0_outputProjection_engine_outputQ.i_notFull
  During elaboration of rule `process8Emit' at
  "/workspace/scratch/e6420b0fda2a/dedicated-source/hw/bsv/SwayFoldedLinear.bsv",
  line 253, column 14.
  During elaboration of `engine' at
  "/workspace/scratch/e6420b0fda2a/dedicated-source/hw/bsv/SwayFoldedLinear.bsv",
  line 297, column 29.
  During elaboration of `outputProjection' at
  "/workspace/scratch/e6420b0fda2a/dedicated-source/hw/bsv/SwayBlock.bsv",
  line 142, column 28.
  During elaboration of `block0' at
  "/workspace/scratch/e6420b0fda2a/dedicated-source/hw/bsv/SwayBaseline.bsv",
  line 46, column 18.
  During elaboration of `dut' at
  "/workspace/scratch/e6420b0fda2a/dedicated-source/hw/sim/TbSwayPerf.bsv",
  line 19, column 17.
  During elaboration of `test' at
  "/workspace/scratch/e6420b0fda2a/dedicated-source/hw/sim/TbSwayPerf.bsv",
  line 109, column 13.
  During elaboration of `mkTbSwayPerfSingle' at
  "/workspace/scratch/e6420b0fda2a/dedicated-source/hw/sim/TbSwayPerf.bsv",
  line 108, column 8.
Warning: "Prelude.bs", line 586, column 27: (G0024)
  The function unfolding steps interval has been exceeded when unfolding
  `Prelude.PrimIndex~Prelude.Integer~32'. The current number of steps is
  100000. Next warning at 200000 steps. Elaboration terminates at 1000000
  steps.
  During elaboration of the body of rule `process2_2' at
  "/workspace/scratch/e6420b0fda2a/dedicated-source/hw/bsv/SwayScan.bsv", line
  281, column 14.
  During elaboration of `scan' at
  "/workspace/scratch/e6420b0fda2a/dedicated-source/hw/bsv/SwayBlock.bsv",
  line 148, column 17.
  During elaboration of `block0' at
  "/workspace/scratch/e6420b0fda2a/dedicated-source/hw/bsv/SwayBaseline.bsv",
  line 46, column 18.
  During elaboration of `dut' at
  "/workspace/scratch/e6420b0fda2a/dedicated-source/hw/sim/TbSwayPerf.bsv",
  line 19, column 17.
  During elaboration of `test' at
  "/workspace/scratch/e6420b0fda2a/dedicated-source/hw/sim/TbSwayPerf.bsv",
  line 109, column 13.
  During elaboration of `mkTbSwayPerfSingle' at
  "/workspace/scratch/e6420b0fda2a/dedicated-source/hw/sim/TbSwayPerf.bsv",
  line 108, column 8.
Warning: "Prelude.bs", line 2862, column 0: (G0024)
  The function unfolding steps interval has been exceeded when unfolding
  `isStaticValue'. The current number of steps is 200000. Next warning at
  300000 steps. Elaboration terminates at 1000000 steps.
  During elaboration of the body of rule `process2_2' at
  "/workspace/scratch/e6420b0fda2a/dedicated-source/hw/bsv/SwayScan.bsv", line
  281, column 14.
  During elaboration of `scan' at
  "/workspace/scratch/e6420b0fda2a/dedicated-source/hw/bsv/SwayBlock.bsv",
  line 148, column 17.
  During elaboration of `block0' at
  "/workspace/scratch/e6420b0fda2a/dedicated-source/hw/bsv/SwayBaseline.bsv",
  line 46, column 18.
  During elaboration of `dut' at
  "/workspace/scratch/e6420b0fda2a/dedicated-source/hw/sim/TbSwayPerf.bsv",
  line 19, column 17.
  During elaboration of `test' at
  "/workspace/scratch/e6420b0fda2a/dedicated-source/hw/sim/TbSwayPerf.bsv",
  line 109, column 13.
  During elaboration of `mkTbSwayPerfSingle' at
  "/workspace/scratch/e6420b0fda2a/dedicated-source/hw/sim/TbSwayPerf.bsv",
  line 108, column 8.
Warning: "Prelude.bs", line 1335, column 9: (G0024)
  The function unfolding steps interval has been exceeded when unfolding
  `Prelude.Ord~Prelude.Integer'. The current number of steps is 300000. Next
  warning at 400000 steps. Elaboration terminates at 1000000 steps.
  During elaboration of the body of rule `process2_2' at
  "/workspace/scratch/e6420b0fda2a/dedicated-source/hw/bsv/SwayScan.bsv", line
  281, column 14.
  During elaboration of `scan' at
  "/workspace/scratch/e6420b0fda2a/dedicated-source/hw/bsv/SwayBlock.bsv",
  line 148, column 17.
  During elaboration of `block0' at
  "/workspace/scratch/e6420b0fda2a/dedicated-source/hw/bsv/SwayBaseline.bsv",
  line 46, column 18.
  During elaboration of `dut' at
  "/workspace/scratch/e6420b0fda2a/dedicated-source/hw/sim/TbSwayPerf.bsv",
  line 19, column 17.
  During elaboration of `test' at
  "/workspace/scratch/e6420b0fda2a/dedicated-source/hw/sim/TbSwayPerf.bsv",
  line 109, column 13.
  During elaboration of `mkTbSwayPerfSingle' at
  "/workspace/scratch/e6420b0fda2a/dedicated-source/hw/sim/TbSwayPerf.bsv",
  line 108, column 8.
Warning: "/workspace/scratch/e6420b0fda2a/dedicated-source/hw/bsv/SwayBlock.bsv", line 227, column 14: (G0043)
  Multiple reset signals influence rule `test_dut_block0_process1'.
  This can lead to inconsistent, non-atomic results when not all of these
  signals are asserted.
  Method calls by reset:
    Reset 1 (test_dut_block0_localReset_leafReset.gen_rst):
      test_dut_block0_inputQ.deq
      test_dut_block0_inputQ.first
      test_dut_block0_inputQ.i_notEmpty
      test_dut_block0_residualQ.enq
      test_dut_block0_residualQ.i_notFull
    Reset 2 (test_dut_block0_normalization_localReset_leafReset.gen_rst):
      test_dut_block0_normalization_inputQ.enq
      test_dut_block0_normalization_inputQ.i_notFull
  During elaboration of rule `process1' at
  "/workspace/scratch/e6420b0fda2a/dedicated-source/hw/bsv/SwayBlock.bsv",
  line 227, column 14.
  During elaboration of `block0' at
  "/workspace/scratch/e6420b0fda2a/dedicated-source/hw/bsv/SwayBaseline.bsv",
  line 46, column 18.
  During elaboration of `dut' at
  "/workspace/scratch/e6420b0fda2a/dedicated-source/hw/sim/TbSwayPerf.bsv",
  line 19, column 17.
  During elaboration of `test' at
  "/workspace/scratch/e6420b0fda2a/dedicated-source/hw/sim/TbSwayPerf.bsv",
  line 109, column 13.
  During elaboration of `mkTbSwayPerfSingle' at
  "/workspace/scratch/e6420b0fda2a/dedicated-source/hw/sim/TbSwayPerf.bsv",
  line 108, column 8.
Warning: "/workspace/scratch/e6420b0fda2a/dedicated-source/hw/bsv/SwayBlock.bsv", line 240, column 14: (G0043)
  Multiple reset signals influence rule `test_dut_block0_process2'.
  This can lead to inconsistent, non-atomic results when not all of these
  signals are asserted.
  Method calls by reset:
    Reset 1 (test_dut_block0_normalization_localReset_leafReset.gen_rst):
      test_dut_block0_normalization_outputQ.deq
      test_dut_block0_normalization_outputQ.first
      test_dut_block0_normalization_outputQ.i_notEmpty
    Reset 2 (test_dut_block0_inputProjection_localReset_leafReset.gen_rst):
      test_dut_block0_inputProjection_inputQ.enq
      test_dut_block0_inputProjection_inputQ.i_notFull
  During elaboration of rule `process2' at
  "/workspace/scratch/e6420b0fda2a/dedicated-source/hw/bsv/SwayBlock.bsv",
  line 240, column 14.
  During elaboration of `block0' at
  "/workspace/scratch/e6420b0fda2a/dedicated-source/hw/bsv/SwayBaseline.bsv",
  line 46, column 18.
  During elaboration of `dut' at
  "/workspace/scratch/e6420b0fda2a/dedicated-source/hw/sim/TbSwayPerf.bsv",
  line 19, column 17.
  During elaboration of `test' at
  "/workspace/scratch/e6420b0fda2a/dedicated-source/hw/sim/TbSwayPerf.bsv",
  line 109, column 13.
  During elaboration of `mkTbSwayPerfSingle' at
  "/workspace/scratch/e6420b0fda2a/dedicated-source/hw/sim/TbSwayPerf.bsv",
  line 108, column 8.
Warning: "/workspace/scratch/e6420b0fda2a/dedicated-source/hw/bsv/SwayBlock.bsv", line 251, column 14: (G0043)
  Multiple reset signals influence rule `test_dut_block0_process3'.
  This can lead to inconsistent, non-atomic results when not all of these
  signals are asserted.
  Method calls by reset:
    Reset 1 (test_dut_block0_localReset_leafReset.gen_rst):
      test_dut_block0_expandedQ.enq test_dut_block0_expandedQ.i_notFull
    Reset 2
    (test_dut_block0_inputProjection_engine_localReset_leafReset.gen_rst):
      test_dut_block0_inputProjection_engine_outputQ.deq
      test_dut_block0_inputProjection_engine_outputQ.first
      test_dut_block0_inputProjection_engine_outputQ.i_notEmpty
  During elaboration of rule `process3' at
  "/workspace/scratch/e6420b0fda2a/dedicated-source/hw/bsv/SwayBlock.bsv",
  line 251, column 14.
  During elaboration of `block0' at
  "/workspace/scratch/e6420b0fda2a/dedicated-source/hw/bsv/SwayBaseline.bsv",
  line 46, column 18.
  During elaboration of `dut' at
  "/workspace/scratch/e6420b0fda2a/dedicated-source/hw/sim/TbSwayPerf.bsv",
  line 19, column 17.
  During elaboration of `test' at
  "/workspace/scratch/e6420b0fda2a/dedicated-source/hw/sim/TbSwayPerf.bsv",
  line 109, column 13.
  During elaboration of `mkTbSwayPerfSingle' at
  "/workspace/scratch/e6420b0fda2a/dedicated-source/hw/sim/TbSwayPerf.bsv",
  line 108, column 8.
Warning: "/workspace/scratch/e6420b0fda2a/dedicated-source/hw/bsv/SwayBlock.bsv", line 479, column 14: (G0043)
  Multiple reset signals influence rule `test_dut_block0_process5'.
  This can lead to inconsistent, non-atomic results when not all of these
  signals are asserted.
  Method calls by reset:
    Reset 1 (test_dut_block0_localReset_leafReset.gen_rst):
      test_dut_block0_activatedQ.deq
      test_dut_block0_activatedQ.first
      test_dut_block0_activatedQ.i_notEmpty
      test_dut_block0_xDelayQ.enq
      test_dut_block0_xDelayQ.i_notFull
    Reset 2 (test_dut_block0_stateProjection_localReset_leafReset.gen_rst):
      test_dut_block0_stateProjection_inputQ.enq
      test_dut_block0_stateProjection_inputQ.i_notFull
  During elaboration of rule `process5' at
  "/workspace/scratch/e6420b0fda2a/dedicated-source/hw/bsv/SwayBlock.bsv",
  line 479, column 14.
  During elaboration of `block0' at
  "/workspace/scratch/e6420b0fda2a/dedicated-source/hw/bsv/SwayBaseline.bsv",
  line 46, column 18.
  During elaboration of `dut' at
  "/workspace/scratch/e6420b0fda2a/dedicated-source/hw/sim/TbSwayPerf.bsv",
  line 19, column 17.
  During elaboration of `test' at
  "/workspace/scratch/e6420b0fda2a/dedicated-source/hw/sim/TbSwayPerf.bsv",
  line 109, column 13.
  During elaboration of `mkTbSwayPerfSingle' at
  "/workspace/scratch/e6420b0fda2a/dedicated-source/hw/sim/TbSwayPerf.bsv",
  line 108, column 8.
Warning: "/workspace/scratch/e6420b0fda2a/dedicated-source/hw/bsv/SwayBlock.bsv", line 492, column 14: (G0043)
  Multiple reset signals influence rule `test_dut_block0_process6'.
  This can lead to inconsistent, non-atomic results when not all of these
  signals are asserted.
  Method calls by reset:
    Reset 1 (test_dut_delta0_localReset_leafReset.gen_rst):
      test_dut_delta0_input0Q.enq test_dut_delta0_input0Q.i_notFull
    Reset 2 (test_dut_block0_localReset_leafReset.gen_rst):
      test_dut_block0_stateParameterQ.enq
      test_dut_block0_stateParameterQ.i_notFull
    Reset 3
    (test_dut_block0_stateProjection_engine_localReset_leafReset.gen_rst):
      test_dut_block0_stateProjection_engine_outputQ.deq
      test_dut_block0_stateProjection_engine_outputQ.first
      test_dut_block0_stateProjection_engine_outputQ.i_notEmpty
  During elaboration of rule `process6' at
  "/workspace/scratch/e6420b0fda2a/dedicated-source/hw/bsv/SwayBlock.bsv",
  line 492, column 14.
  During elaboration of `block0' at
  "/workspace/scratch/e6420b0fda2a/dedicated-source/hw/bsv/SwayBaseline.bsv",
  line 46, column 18.
  During elaboration of `dut' at
  "/workspace/scratch/e6420b0fda2a/dedicated-source/hw/sim/TbSwayPerf.bsv",
  line 19, column 17.
  During elaboration of `test' at
  "/workspace/scratch/e6420b0fda2a/dedicated-source/hw/sim/TbSwayPerf.bsv",
  line 109, column 13.
  During elaboration of `mkTbSwayPerfSingle' at
  "/workspace/scratch/e6420b0fda2a/dedicated-source/hw/sim/TbSwayPerf.bsv",
  line 108, column 8.
Warning: "Prelude.bs", line 1335, column 9: (G0024)
  The function unfolding steps interval has been exceeded when unfolding
  `Prelude.Ord~Prelude.Integer'. The current number of steps is 400000. Next
  warning at 500000 steps. Elaboration terminates at 1000000 steps.
  During elaboration of the body of rule `process7' at
  "/workspace/scratch/e6420b0fda2a/dedicated-source/hw/bsv/SwayBlock.bsv",
  line 514, column 14.
  During elaboration of `block0' at
  "/workspace/scratch/e6420b0fda2a/dedicated-source/hw/bsv/SwayBaseline.bsv",
  line 46, column 18.
  During elaboration of `dut' at
  "/workspace/scratch/e6420b0fda2a/dedicated-source/hw/sim/TbSwayPerf.bsv",
  line 19, column 17.
  During elaboration of `test' at
  "/workspace/scratch/e6420b0fda2a/dedicated-source/hw/sim/TbSwayPerf.bsv",
  line 109, column 13.
  During elaboration of `mkTbSwayPerfSingle' at
  "/workspace/scratch/e6420b0fda2a/dedicated-source/hw/sim/TbSwayPerf.bsv",
  line 108, column 8.
Warning: "/workspace/scratch/e6420b0fda2a/dedicated-source/hw/bsv/SwayBlock.bsv", line 514, column 14: (G0043)
  Multiple reset signals influence rule `test_dut_block0_process7'.
  This can lead to inconsistent, non-atomic results when not all of these
  signals are asserted.
  Method calls by reset:
    Reset 1 (test_dut_delta0_localReset_leafReset.gen_rst):
      test_dut_delta0_output0Q.deq
      test_dut_delta0_output0Q.first
      test_dut_delta0_output0Q.i_notEmpty
    Reset 2 (test_dut_block0_localReset_leafReset.gen_rst):
      test_dut_block0_stateParameterQ.deq
      test_dut_block0_stateParameterQ.first
      test_dut_block0_stateParameterQ.i_notEmpty
      test_dut_block0_xDelayQ.deq
      test_dut_block0_xDelayQ.first
      test_dut_block0_xDelayQ.i_notEmpty
    Reset 3 (test_dut_block0_scan_localReset_leafReset.gen_rst):
      test_dut_block0_scan_inputQ.enq test_dut_block0_scan_inputQ.i_notFull
  During elaboration of rule `process7' at
  "/workspace/scratch/e6420b0fda2a/dedicated-source/hw/bsv/SwayBlock.bsv",
  line 514, column 14.
  During elaboration of `block0' at
  "/workspace/scratch/e6420b0fda2a/dedicated-source/hw/bsv/SwayBaseline.bsv",
  line 46, column 18.
  During elaboration of `dut' at
  "/workspace/scratch/e6420b0fda2a/dedicated-source/hw/sim/TbSwayPerf.bsv",
  line 19, column 17.
  During elaboration of `test' at
  "/workspace/scratch/e6420b0fda2a/dedicated-source/hw/sim/TbSwayPerf.bsv",
  line 109, column 13.
  During elaboration of `mkTbSwayPerfSingle' at
  "/workspace/scratch/e6420b0fda2a/dedicated-source/hw/sim/TbSwayPerf.bsv",
  line 108, column 8.
Warning: "/workspace/scratch/e6420b0fda2a/dedicated-source/hw/bsv/SwayBlock.bsv", line 538, column 14: (G0043)
  Multiple reset signals influence rule `test_dut_block0_process8'.
  This can lead to inconsistent, non-atomic results when not all of these
  signals are asserted.
  Method calls by reset:
    Reset 1 (test_dut_block0_localReset_leafReset.gen_rst):
      test_dut_block0_gateDelayQ.deq
      test_dut_block0_gateDelayQ.first
      test_dut_block0_gateDelayQ.i_notEmpty
      test_dut_block0_gatingOn.read
      test_dut_block0_gatingOn.write
    Reset 2 (test_dut_block0_scan_localReset_leafReset.gen_rst):
      test_dut_block0_scan_outputQ.deq
      test_dut_block0_scan_outputQ.first
      test_dut_block0_scan_outputQ.i_notEmpty
  During elaboration of rule `process8' at
  "/workspace/scratch/e6420b0fda2a/dedicated-source/hw/bsv/SwayBlock.bsv",
  line 538, column 14.
  During elaboration of `block0' at
  "/workspace/scratch/e6420b0fda2a/dedicated-source/hw/bsv/SwayBaseline.bsv",
  line 46, column 18.
  During elaboration of `dut' at
  "/workspace/scratch/e6420b0fda2a/dedicated-source/hw/sim/TbSwayPerf.bsv",
  line 19, column 17.
  During elaboration of `test' at
  "/workspace/scratch/e6420b0fda2a/dedicated-source/hw/sim/TbSwayPerf.bsv",
  line 109, column 13.
  During elaboration of `mkTbSwayPerfSingle' at
  "/workspace/scratch/e6420b0fda2a/dedicated-source/hw/sim/TbSwayPerf.bsv",
  line 108, column 8.
Warning: "/workspace/scratch/e6420b0fda2a/dedicated-source/hw/bsv/SwayBlock.bsv", line 614, column 14: (G0043)
  Multiple reset signals influence rule `test_dut_block0_process9_5'.
  This can lead to inconsistent, non-atomic results when not all of these
  signals are asserted.
  Method calls by reset:
    Reset 1 (test_dut_block0_localReset_leafReset.gen_rst):
      test_dut_block0_gateEmitOn.read
      test_dut_block0_gateEmitOn.write
      test_dut_block0_gatingOn.read
      test_dut_block0_gatingOn.write
    Reset 2 (test_dut_block0_outputProjection_localReset_leafReset.gen_rst):
      test_dut_block0_outputProjection_inputQ.enq
      test_dut_block0_outputProjection_inputQ.i_notFull
  During elaboration of rule `process9_5' at
  "/workspace/scratch/e6420b0fda2a/dedicated-source/hw/bsv/SwayBlock.bsv",
  line 614, column 14.
  During elaboration of `block0' at
  "/workspace/scratch/e6420b0fda2a/dedicated-source/hw/bsv/SwayBaseline.bsv",
  line 46, column 18.
  During elaboration of `dut' at
  "/workspace/scratch/e6420b0fda2a/dedicated-source/hw/sim/TbSwayPerf.bsv",
  line 19, column 17.
  During elaboration of `test' at
  "/workspace/scratch/e6420b0fda2a/dedicated-source/hw/sim/TbSwayPerf.bsv",
  line 109, column 13.
  During elaboration of `mkTbSwayPerfSingle' at
  "/workspace/scratch/e6420b0fda2a/dedicated-source/hw/sim/TbSwayPerf.bsv",
  line 108, column 8.
Warning: "/workspace/scratch/e6420b0fda2a/dedicated-source/hw/bsv/SwayBlock.bsv", line 636, column 14: (G0043)
  Multiple reset signals influence rule `test_dut_block0_process10'.
  This can lead to inconsistent, non-atomic results when not all of these
  signals are asserted.
  Method calls by reset:
    Reset 1 (test_dut_block0_localReset_leafReset.gen_rst):
      test_dut_block0_residualQ.deq
      test_dut_block0_residualQ.first
      test_dut_block0_residualQ.i_notEmpty
      test_dut_block0_residualSumQ.enq
      test_dut_block0_residualSumQ.i_notFull
    Reset 2
    (test_dut_block0_outputProjection_engine_localReset_leafReset.gen_rst):
      test_dut_block0_outputProjection_engine_outputQ.deq
      test_dut_block0_outputProjection_engine_outputQ.first
      test_dut_block0_outputProjection_engine_outputQ.i_notEmpty
  During elaboration of rule `process10' at
  "/workspace/scratch/e6420b0fda2a/dedicated-source/hw/bsv/SwayBlock.bsv",
  line 636, column 14.
  During elaboration of `block0' at
  "/workspace/scratch/e6420b0fda2a/dedicated-source/hw/bsv/SwayBaseline.bsv",
  line 46, column 18.
  During elaboration of `dut' at
  "/workspace/scratch/e6420b0fda2a/dedicated-source/hw/sim/TbSwayPerf.bsv",
  line 19, column 17.
  During elaboration of `test' at
  "/workspace/scratch/e6420b0fda2a/dedicated-source/hw/sim/TbSwayPerf.bsv",
  line 109, column 13.
  During elaboration of `mkTbSwayPerfSingle' at
  "/workspace/scratch/e6420b0fda2a/dedicated-source/hw/sim/TbSwayPerf.bsv",
  line 108, column 8.
Warning: "/workspace/scratch/e6420b0fda2a/dedicated-source/hw/bsv/SwayLinear.bsv", line 141, column 14: (G0043)
  Multiple reset signals influence rule
  `test_dut_block1_inputProjection_engine_process1Capture'.
  This can lead to inconsistent, non-atomic results when not all of these
  signals are asserted.
  Method calls by reset:
    Reset 1 (test_dut_block1_inputProjection_localReset_leafReset.gen_rst):
      test_dut_block1_inputProjection_inputQ.first
      test_dut_block1_inputProjection_inputQ.i_notEmpty
    Reset 2
    (test_dut_block1_inputProjection_engine_localReset_leafReset.gen_rst):
      test_dut_block1_inputProjection_engine_activeOn.read
      test_dut_block1_inputProjection_engine_startQ.enq
      test_dut_block1_inputProjection_engine_startQ.i_notFull
  During elaboration of rule `process1Capture' at
  "/workspace/scratch/e6420b0fda2a/dedicated-source/hw/bsv/SwayLinear.bsv",
  line 141, column 14.
  During elaboration of `engine' at
  "/workspace/scratch/e6420b0fda2a/dedicated-source/hw/bsv/SwayLinear.bsv",
  line 616, column 29.
  During elaboration of `inputProjection' at
  "/workspace/scratch/e6420b0fda2a/dedicated-source/hw/bsv/SwayBlock.bsv",
  line 139, column 28.
  During elaboration of `block1' at
  "/workspace/scratch/e6420b0fda2a/dedicated-source/hw/bsv/SwayBaseline.bsv",
  line 47, column 18.
  During elaboration of `dut' at
  "/workspace/scratch/e6420b0fda2a/dedicated-source/hw/sim/TbSwayPerf.bsv",
  line 19, column 17.
  During elaboration of `test' at
  "/workspace/scratch/e6420b0fda2a/dedicated-source/hw/sim/TbSwayPerf.bsv",
  line 109, column 13.
  During elaboration of `mkTbSwayPerfSingle' at
  "/workspace/scratch/e6420b0fda2a/dedicated-source/hw/sim/TbSwayPerf.bsv",
  line 108, column 8.
Warning: "/workspace/scratch/e6420b0fda2a/dedicated-source/hw/bsv/SwayLinear.bsv", line 200, column 14: (G0043)
  Multiple reset signals influence rule
  `test_dut_block1_inputProjection_engine_process2Chunk'.
  This can lead to inconsistent, non-atomic results when not all of these
  signals are asserted.
  Method calls by reset:
    Reset 1 (test_dut_block1_inputProjection_localReset_leafReset.gen_rst):
      test_dut_block1_inputProjection_inputQ.first
      test_dut_block1_inputProjection_inputQ.i_notEmpty
    Reset 2
    (test_dut_block1_inputProjection_engine_localReset_leafReset.gen_rst):
      test_dut_block1_inputProjection_engine_chunkLoadOn.read
      test_dut_block1_inputProjection_engine_chunkLoadOn.write
      test_dut_block1_inputProjection_engine_issueOn.write
  During elaboration of rule `process2Chunk' at
  "/workspace/scratch/e6420b0fda2a/dedicated-source/hw/bsv/SwayLinear.bsv",
  line 200, column 14.
  During elaboration of `engine' at
  "/workspace/scratch/e6420b0fda2a/dedicated-source/hw/bsv/SwayLinear.bsv",
  line 616, column 29.
  During elaboration of `inputProjection' at
  "/workspace/scratch/e6420b0fda2a/dedicated-source/hw/bsv/SwayBlock.bsv",
  line 139, column 28.
  During elaboration of `block1' at
  "/workspace/scratch/e6420b0fda2a/dedicated-source/hw/bsv/SwayBaseline.bsv",
  line 47, column 18.
  During elaboration of `dut' at
  "/workspace/scratch/e6420b0fda2a/dedicated-source/hw/sim/TbSwayPerf.bsv",
  line 19, column 17.
  During elaboration of `test' at
  "/workspace/scratch/e6420b0fda2a/dedicated-source/hw/sim/TbSwayPerf.bsv",
  line 109, column 13.
  During elaboration of `mkTbSwayPerfSingle' at
  "/workspace/scratch/e6420b0fda2a/dedicated-source/hw/sim/TbSwayPerf.bsv",
  line 108, column 8.
Warning: "/workspace/scratch/e6420b0fda2a/dedicated-source/hw/bsv/SwayLinear.bsv", line 543, column 14: (G0043)
  Multiple reset signals influence rule
  `test_dut_block1_inputProjection_engine_process8Emit'.
  This can lead to inconsistent, non-atomic results when not all of these
  signals are asserted.
  Method calls by reset:
    Reset 1 (test_dut_block1_inputProjection_localReset_leafReset.gen_rst):
      test_dut_block1_inputProjection_inputQ.deq
      test_dut_block1_inputProjection_inputQ.i_notEmpty
    Reset 2
    (test_dut_block1_inputProjection_engine_localReset_leafReset.gen_rst):
      test_dut_block1_inputProjection_engine_activeOn.read
      test_dut_block1_inputProjection_engine_activeOn.write
      test_dut_block1_inputProjection_engine_emitOn.read
      test_dut_block1_inputProjection_engine_emitOn.write
      test_dut_block1_inputProjection_engine_outputQ.enq
      test_dut_block1_inputProjection_engine_outputQ.i_notFull
  During elaboration of rule `process8Emit' at
  "/workspace/scratch/e6420b0fda2a/dedicated-source/hw/bsv/SwayLinear.bsv",
  line 543, column 14.
  During elaboration of `engine' at
  "/workspace/scratch/e6420b0fda2a/dedicated-source/hw/bsv/SwayLinear.bsv",
  line 616, column 29.
  During elaboration of `inputProjection' at
  "/workspace/scratch/e6420b0fda2a/dedicated-source/hw/bsv/SwayBlock.bsv",
  line 139, column 28.
  During elaboration of `block1' at
  "/workspace/scratch/e6420b0fda2a/dedicated-source/hw/bsv/SwayBaseline.bsv",
  line 47, column 18.
  During elaboration of `dut' at
  "/workspace/scratch/e6420b0fda2a/dedicated-source/hw/sim/TbSwayPerf.bsv",
  line 19, column 17.
  During elaboration of `test' at
  "/workspace/scratch/e6420b0fda2a/dedicated-source/hw/sim/TbSwayPerf.bsv",
  line 109, column 13.
  During elaboration of `mkTbSwayPerfSingle' at
  "/workspace/scratch/e6420b0fda2a/dedicated-source/hw/sim/TbSwayPerf.bsv",
  line 108, column 8.
Warning: "/workspace/scratch/e6420b0fda2a/dedicated-source/hw/bsv/SwayFoldedLinear.bsv", line 69, column 14: (G0043)
  Multiple reset signals influence rule
  `test_dut_block1_stateProjection_engine_process1Capture'.
  This can lead to inconsistent, non-atomic results when not all of these
  signals are asserted.
  Method calls by reset:
    Reset 1 (test_dut_block1_stateProjection_localReset_leafReset.gen_rst):
      test_dut_block1_stateProjection_inputQ.first
      test_dut_block1_stateProjection_inputQ.i_notEmpty
    Reset 2
    (test_dut_block1_stateProjection_engine_localReset_leafReset.gen_rst):
      test_dut_block1_stateProjection_engine_activeOn.read
      test_dut_block1_stateProjection_engine_startQ.enq
      test_dut_block1_stateProjection_engine_startQ.i_notFull
  During elaboration of rule `process1Capture' at
  "/workspace/scratch/e6420b0fda2a/dedicated-source/hw/bsv/SwayFoldedLinear.bsv",
  line 69, column 14.
  During elaboration of `engine' at
  "/workspace/scratch/e6420b0fda2a/dedicated-source/hw/bsv/SwayFoldedLinear.bsv",
  line 297, column 29.
  During elaboration of `stateProjection' at
  "/workspace/scratch/e6420b0fda2a/dedicated-source/hw/bsv/SwayBlock.bsv",
  line 141, column 28.
  During elaboration of `block1' at
  "/workspace/scratch/e6420b0fda2a/dedicated-source/hw/bsv/SwayBaseline.bsv",
  line 47, column 18.
  During elaboration of `dut' at
  "/workspace/scratch/e6420b0fda2a/dedicated-source/hw/sim/TbSwayPerf.bsv",
  line 19, column 17.
  During elaboration of `test' at
  "/workspace/scratch/e6420b0fda2a/dedicated-source/hw/sim/TbSwayPerf.bsv",
  line 109, column 13.
  During elaboration of `mkTbSwayPerfSingle' at
  "/workspace/scratch/e6420b0fda2a/dedicated-source/hw/sim/TbSwayPerf.bsv",
  line 108, column 8.
Warning: "/workspace/scratch/e6420b0fda2a/dedicated-source/hw/bsv/SwayFoldedLinear.bsv", line 96, column 14: (G0043)
  Multiple reset signals influence rule
  `test_dut_block1_stateProjection_engine_process2Chunk'.
  This can lead to inconsistent, non-atomic results when not all of these
  signals are asserted.
  Method calls by reset:
    Reset 1 (test_dut_block1_stateProjection_localReset_leafReset.gen_rst):
      test_dut_block1_stateProjection_inputQ.first
      test_dut_block1_stateProjection_inputQ.i_notEmpty
    Reset 2
    (test_dut_block1_stateProjection_engine_localReset_leafReset.gen_rst):
      test_dut_block1_stateProjection_engine_chunkLoadOn.read
      test_dut_block1_stateProjection_engine_chunkLoadOn.write
      test_dut_block1_stateProjection_engine_issueOn.write
  During elaboration of rule `process2Chunk' at
  "/workspace/scratch/e6420b0fda2a/dedicated-source/hw/bsv/SwayFoldedLinear.bsv",
  line 96, column 14.
  During elaboration of `engine' at
  "/workspace/scratch/e6420b0fda2a/dedicated-source/hw/bsv/SwayFoldedLinear.bsv",
  line 297, column 29.
  During elaboration of `stateProjection' at
  "/workspace/scratch/e6420b0fda2a/dedicated-source/hw/bsv/SwayBlock.bsv",
  line 141, column 28.
  During elaboration of `block1' at
  "/workspace/scratch/e6420b0fda2a/dedicated-source/hw/bsv/SwayBaseline.bsv",
  line 47, column 18.
  During elaboration of `dut' at
  "/workspace/scratch/e6420b0fda2a/dedicated-source/hw/sim/TbSwayPerf.bsv",
  line 19, column 17.
  During elaboration of `test' at
  "/workspace/scratch/e6420b0fda2a/dedicated-source/hw/sim/TbSwayPerf.bsv",
  line 109, column 13.
  During elaboration of `mkTbSwayPerfSingle' at
  "/workspace/scratch/e6420b0fda2a/dedicated-source/hw/sim/TbSwayPerf.bsv",
  line 108, column 8.
Warning: "/workspace/scratch/e6420b0fda2a/dedicated-source/hw/bsv/SwayFoldedLinear.bsv", line 253, column 14: (G0043)
  Multiple reset signals influence rule
  `test_dut_block1_stateProjection_engine_process8Emit'.
  This can lead to inconsistent, non-atomic results when not all of these
  signals are asserted.
  Method calls by reset:
    Reset 1 (test_dut_block1_stateProjection_localReset_leafReset.gen_rst):
      test_dut_block1_stateProjection_inputQ.deq
      test_dut_block1_stateProjection_inputQ.i_notEmpty
    Reset 2
    (test_dut_block1_stateProjection_engine_localReset_leafReset.gen_rst):
      test_dut_block1_stateProjection_engine_activeOn.read
      test_dut_block1_stateProjection_engine_activeOn.write
      test_dut_block1_stateProjection_engine_emitOn.read
      test_dut_block1_stateProjection_engine_emitOn.write
      test_dut_block1_stateProjection_engine_outputQ.enq
      test_dut_block1_stateProjection_engine_outputQ.i_notFull
  During elaboration of rule `process8Emit' at
  "/workspace/scratch/e6420b0fda2a/dedicated-source/hw/bsv/SwayFoldedLinear.bsv",
  line 253, column 14.
  During elaboration of `engine' at
  "/workspace/scratch/e6420b0fda2a/dedicated-source/hw/bsv/SwayFoldedLinear.bsv",
  line 297, column 29.
  During elaboration of `stateProjection' at
  "/workspace/scratch/e6420b0fda2a/dedicated-source/hw/bsv/SwayBlock.bsv",
  line 141, column 28.
  During elaboration of `block1' at
  "/workspace/scratch/e6420b0fda2a/dedicated-source/hw/bsv/SwayBaseline.bsv",
  line 47, column 18.
  During elaboration of `dut' at
  "/workspace/scratch/e6420b0fda2a/dedicated-source/hw/sim/TbSwayPerf.bsv",
  line 19, column 17.
  During elaboration of `test' at
  "/workspace/scratch/e6420b0fda2a/dedicated-source/hw/sim/TbSwayPerf.bsv",
  line 109, column 13.
  During elaboration of `mkTbSwayPerfSingle' at
  "/workspace/scratch/e6420b0fda2a/dedicated-source/hw/sim/TbSwayPerf.bsv",
  line 108, column 8.
Warning: "/workspace/scratch/e6420b0fda2a/dedicated-source/hw/bsv/SwayFoldedLinear.bsv", line 69, column 14: (G0043)
  Multiple reset signals influence rule
  `test_dut_block1_outputProjection_engine_process1Capture'.
  This can lead to inconsistent, non-atomic results when not all of these
  signals are asserted.
  Method calls by reset:
    Reset 1 (test_dut_block1_outputProjection_localReset_leafReset.gen_rst):
      test_dut_block1_outputProjection_inputQ.first
      test_dut_block1_outputProjection_inputQ.i_notEmpty
    Reset 2
    (test_dut_block1_outputProjection_engine_localReset_leafReset.gen_rst):
      test_dut_block1_outputProjection_engine_activeOn.read
      test_dut_block1_outputProjection_engine_startQ.enq
      test_dut_block1_outputProjection_engine_startQ.i_notFull
  During elaboration of rule `process1Capture' at
  "/workspace/scratch/e6420b0fda2a/dedicated-source/hw/bsv/SwayFoldedLinear.bsv",
  line 69, column 14.
  During elaboration of `engine' at
  "/workspace/scratch/e6420b0fda2a/dedicated-source/hw/bsv/SwayFoldedLinear.bsv",
  line 297, column 29.
  During elaboration of `outputProjection' at
  "/workspace/scratch/e6420b0fda2a/dedicated-source/hw/bsv/SwayBlock.bsv",
  line 142, column 28.
  During elaboration of `block1' at
  "/workspace/scratch/e6420b0fda2a/dedicated-source/hw/bsv/SwayBaseline.bsv",
  line 47, column 18.
  During elaboration of `dut' at
  "/workspace/scratch/e6420b0fda2a/dedicated-source/hw/sim/TbSwayPerf.bsv",
  line 19, column 17.
  During elaboration of `test' at
  "/workspace/scratch/e6420b0fda2a/dedicated-source/hw/sim/TbSwayPerf.bsv",
  line 109, column 13.
  During elaboration of `mkTbSwayPerfSingle' at
  "/workspace/scratch/e6420b0fda2a/dedicated-source/hw/sim/TbSwayPerf.bsv",
  line 108, column 8.
Warning: "/workspace/scratch/e6420b0fda2a/dedicated-source/hw/bsv/SwayFoldedLinear.bsv", line 96, column 14: (G0043)
  Multiple reset signals influence rule
  `test_dut_block1_outputProjection_engine_process2Chunk'.
  This can lead to inconsistent, non-atomic results when not all of these
  signals are asserted.
  Method calls by reset:
    Reset 1 (test_dut_block1_outputProjection_localReset_leafReset.gen_rst):
      test_dut_block1_outputProjection_inputQ.first
      test_dut_block1_outputProjection_inputQ.i_notEmpty
    Reset 2
    (test_dut_block1_outputProjection_engine_localReset_leafReset.gen_rst):
      test_dut_block1_outputProjection_engine_chunkLoadOn.read
      test_dut_block1_outputProjection_engine_chunkLoadOn.write
      test_dut_block1_outputProjection_engine_issueOn.write
  During elaboration of rule `process2Chunk' at
  "/workspace/scratch/e6420b0fda2a/dedicated-source/hw/bsv/SwayFoldedLinear.bsv",
  line 96, column 14.
  During elaboration of `engine' at
  "/workspace/scratch/e6420b0fda2a/dedicated-source/hw/bsv/SwayFoldedLinear.bsv",
  line 297, column 29.
  During elaboration of `outputProjection' at
  "/workspace/scratch/e6420b0fda2a/dedicated-source/hw/bsv/SwayBlock.bsv",
  line 142, column 28.
  During elaboration of `block1' at
  "/workspace/scratch/e6420b0fda2a/dedicated-source/hw/bsv/SwayBaseline.bsv",
  line 47, column 18.
  During elaboration of `dut' at
  "/workspace/scratch/e6420b0fda2a/dedicated-source/hw/sim/TbSwayPerf.bsv",
  line 19, column 17.
  During elaboration of `test' at
  "/workspace/scratch/e6420b0fda2a/dedicated-source/hw/sim/TbSwayPerf.bsv",
  line 109, column 13.
  During elaboration of `mkTbSwayPerfSingle' at
  "/workspace/scratch/e6420b0fda2a/dedicated-source/hw/sim/TbSwayPerf.bsv",
  line 108, column 8.
Warning: "/workspace/scratch/e6420b0fda2a/dedicated-source/hw/bsv/SwayFoldedLinear.bsv", line 253, column 14: (G0043)
  Multiple reset signals influence rule
  `test_dut_block1_outputProjection_engine_process8Emit'.
  This can lead to inconsistent, non-atomic results when not all of these
  signals are asserted.
  Method calls by reset:
    Reset 1 (test_dut_block1_outputProjection_localReset_leafReset.gen_rst):
      test_dut_block1_outputProjection_inputQ.deq
      test_dut_block1_outputProjection_inputQ.i_notEmpty
    Reset 2
    (test_dut_block1_outputProjection_engine_localReset_leafReset.gen_rst):
      test_dut_block1_outputProjection_engine_activeOn.read
      test_dut_block1_outputProjection_engine_activeOn.write
      test_dut_block1_outputProjection_engine_emitOn.read
      test_dut_block1_outputProjection_engine_emitOn.write
      test_dut_block1_outputProjection_engine_outputQ.enq
      test_dut_block1_outputProjection_engine_outputQ.i_notFull
  During elaboration of rule `process8Emit' at
  "/workspace/scratch/e6420b0fda2a/dedicated-source/hw/bsv/SwayFoldedLinear.bsv",
  line 253, column 14.
  During elaboration of `engine' at
  "/workspace/scratch/e6420b0fda2a/dedicated-source/hw/bsv/SwayFoldedLinear.bsv",
  line 297, column 29.
  During elaboration of `outputProjection' at
  "/workspace/scratch/e6420b0fda2a/dedicated-source/hw/bsv/SwayBlock.bsv",
  line 142, column 28.
  During elaboration of `block1' at
  "/workspace/scratch/e6420b0fda2a/dedicated-source/hw/bsv/SwayBaseline.bsv",
  line 47, column 18.
  During elaboration of `dut' at
  "/workspace/scratch/e6420b0fda2a/dedicated-source/hw/sim/TbSwayPerf.bsv",
  line 19, column 17.
  During elaboration of `test' at
  "/workspace/scratch/e6420b0fda2a/dedicated-source/hw/sim/TbSwayPerf.bsv",
  line 109, column 13.
  During elaboration of `mkTbSwayPerfSingle' at
  "/workspace/scratch/e6420b0fda2a/dedicated-source/hw/sim/TbSwayPerf.bsv",
  line 108, column 8.
Warning: "Prelude.bs", line 1335, column 9: (G0024)
  The function unfolding steps interval has been exceeded when unfolding
  `Prelude.Ord~Prelude.Integer'. The current number of steps is 500000. Next
  warning at 600000 steps. Elaboration terminates at 1000000 steps.
  During elaboration of the body of rule `process2_2' at
  "/workspace/scratch/e6420b0fda2a/dedicated-source/hw/bsv/SwayScan.bsv", line
  281, column 14.
  During elaboration of `scan' at
  "/workspace/scratch/e6420b0fda2a/dedicated-source/hw/bsv/SwayBlock.bsv",
  line 148, column 17.
  During elaboration of `block1' at
  "/workspace/scratch/e6420b0fda2a/dedicated-source/hw/bsv/SwayBaseline.bsv",
  line 47, column 18.
  During elaboration of `dut' at
  "/workspace/scratch/e6420b0fda2a/dedicated-source/hw/sim/TbSwayPerf.bsv",
  line 19, column 17.
  During elaboration of `test' at
  "/workspace/scratch/e6420b0fda2a/dedicated-source/hw/sim/TbSwayPerf.bsv",
  line 109, column 13.
  During elaboration of `mkTbSwayPerfSingle' at
  "/workspace/scratch/e6420b0fda2a/dedicated-source/hw/sim/TbSwayPerf.bsv",
  line 108, column 8.
Warning: "Prelude.bs", line 1335, column 9: (G0024)
  The function unfolding steps interval has been exceeded when unfolding
  `Prelude.Ord~Prelude.Integer'. The current number of steps is 600000. Next
  warning at 700000 steps. Elaboration terminates at 1000000 steps.
  During elaboration of the body of rule `process2_2' at
  "/workspace/scratch/e6420b0fda2a/dedicated-source/hw/bsv/SwayScan.bsv", line
  281, column 14.
  During elaboration of `scan' at
  "/workspace/scratch/e6420b0fda2a/dedicated-source/hw/bsv/SwayBlock.bsv",
  line 148, column 17.
  During elaboration of `block1' at
  "/workspace/scratch/e6420b0fda2a/dedicated-source/hw/bsv/SwayBaseline.bsv",
  line 47, column 18.
  During elaboration of `dut' at
  "/workspace/scratch/e6420b0fda2a/dedicated-source/hw/sim/TbSwayPerf.bsv",
  line 19, column 17.
  During elaboration of `test' at
  "/workspace/scratch/e6420b0fda2a/dedicated-source/hw/sim/TbSwayPerf.bsv",
  line 109, column 13.
  During elaboration of `mkTbSwayPerfSingle' at
  "/workspace/scratch/e6420b0fda2a/dedicated-source/hw/sim/TbSwayPerf.bsv",
  line 108, column 8.
Warning: "Prelude.bs", line 586, column 27: (G0024)
  The function unfolding steps interval has been exceeded when unfolding
  `Prelude.PrimIndex~Prelude.Integer~32'. The current number of steps is
  700000. Next warning at 800000 steps. Elaboration terminates at 1000000
  steps.
  During elaboration of the body of rule `process2_2' at
  "/workspace/scratch/e6420b0fda2a/dedicated-source/hw/bsv/SwayScan.bsv", line
  281, column 14.
  During elaboration of `scan' at
  "/workspace/scratch/e6420b0fda2a/dedicated-source/hw/bsv/SwayBlock.bsv",
  line 148, column 17.
  During elaboration of `block1' at
  "/workspace/scratch/e6420b0fda2a/dedicated-source/hw/bsv/SwayBaseline.bsv",
  line 47, column 18.
  During elaboration of `dut' at
  "/workspace/scratch/e6420b0fda2a/dedicated-source/hw/sim/TbSwayPerf.bsv",
  line 19, column 17.
  During elaboration of `test' at
  "/workspace/scratch/e6420b0fda2a/dedicated-source/hw/sim/TbSwayPerf.bsv",
  line 109, column 13.
  During elaboration of `mkTbSwayPerfSingle' at
  "/workspace/scratch/e6420b0fda2a/dedicated-source/hw/sim/TbSwayPerf.bsv",
  line 108, column 8.
Warning: "/workspace/scratch/e6420b0fda2a/dedicated-source/hw/bsv/SwayBlock.bsv", line 227, column 14: (G0043)
  Multiple reset signals influence rule `test_dut_block1_process1'.
  This can lead to inconsistent, non-atomic results when not all of these
  signals are asserted.
  Method calls by reset:
    Reset 1 (test_dut_block1_localReset_leafReset.gen_rst):
      test_dut_block1_inputQ.deq
      test_dut_block1_inputQ.first
      test_dut_block1_inputQ.i_notEmpty
      test_dut_block1_residualQ.enq
      test_dut_block1_residualQ.i_notFull
    Reset 2 (test_dut_block1_normalization_localReset_leafReset.gen_rst):
      test_dut_block1_normalization_inputQ.enq
      test_dut_block1_normalization_inputQ.i_notFull
  During elaboration of rule `process1' at
  "/workspace/scratch/e6420b0fda2a/dedicated-source/hw/bsv/SwayBlock.bsv",
  line 227, column 14.
  During elaboration of `block1' at
  "/workspace/scratch/e6420b0fda2a/dedicated-source/hw/bsv/SwayBaseline.bsv",
  line 47, column 18.
  During elaboration of `dut' at
  "/workspace/scratch/e6420b0fda2a/dedicated-source/hw/sim/TbSwayPerf.bsv",
  line 19, column 17.
  During elaboration of `test' at
  "/workspace/scratch/e6420b0fda2a/dedicated-source/hw/sim/TbSwayPerf.bsv",
  line 109, column 13.
  During elaboration of `mkTbSwayPerfSingle' at
  "/workspace/scratch/e6420b0fda2a/dedicated-source/hw/sim/TbSwayPerf.bsv",
  line 108, column 8.
Warning: "/workspace/scratch/e6420b0fda2a/dedicated-source/hw/bsv/SwayBlock.bsv", line 240, column 14: (G0043)
  Multiple reset signals influence rule `test_dut_block1_process2'.
  This can lead to inconsistent, non-atomic results when not all of these
  signals are asserted.
  Method calls by reset:
    Reset 1 (test_dut_block1_normalization_localReset_leafReset.gen_rst):
      test_dut_block1_normalization_outputQ.deq
      test_dut_block1_normalization_outputQ.first
      test_dut_block1_normalization_outputQ.i_notEmpty
    Reset 2 (test_dut_block1_inputProjection_localReset_leafReset.gen_rst):
      test_dut_block1_inputProjection_inputQ.enq
      test_dut_block1_inputProjection_inputQ.i_notFull
  During elaboration of rule `process2' at
  "/workspace/scratch/e6420b0fda2a/dedicated-source/hw/bsv/SwayBlock.bsv",
  line 240, column 14.
  During elaboration of `block1' at
  "/workspace/scratch/e6420b0fda2a/dedicated-source/hw/bsv/SwayBaseline.bsv",
  line 47, column 18.
  During elaboration of `dut' at
  "/workspace/scratch/e6420b0fda2a/dedicated-source/hw/sim/TbSwayPerf.bsv",
  line 19, column 17.
  During elaboration of `test' at
  "/workspace/scratch/e6420b0fda2a/dedicated-source/hw/sim/TbSwayPerf.bsv",
  line 109, column 13.
  During elaboration of `mkTbSwayPerfSingle' at
  "/workspace/scratch/e6420b0fda2a/dedicated-source/hw/sim/TbSwayPerf.bsv",
  line 108, column 8.
Warning: "/workspace/scratch/e6420b0fda2a/dedicated-source/hw/bsv/SwayBlock.bsv", line 251, column 14: (G0043)
  Multiple reset signals influence rule `test_dut_block1_process3'.
  This can lead to inconsistent, non-atomic results when not all of these
  signals are asserted.
  Method calls by reset:
    Reset 1 (test_dut_block1_localReset_leafReset.gen_rst):
      test_dut_block1_expandedQ.enq test_dut_block1_expandedQ.i_notFull
    Reset 2
    (test_dut_block1_inputProjection_engine_localReset_leafReset.gen_rst):
      test_dut_block1_inputProjection_engine_outputQ.deq
      test_dut_block1_inputProjection_engine_outputQ.first
      test_dut_block1_inputProjection_engine_outputQ.i_notEmpty
  During elaboration of rule `process3' at
  "/workspace/scratch/e6420b0fda2a/dedicated-source/hw/bsv/SwayBlock.bsv",
  line 251, column 14.
  During elaboration of `block1' at
  "/workspace/scratch/e6420b0fda2a/dedicated-source/hw/bsv/SwayBaseline.bsv",
  line 47, column 18.
  During elaboration of `dut' at
  "/workspace/scratch/e6420b0fda2a/dedicated-source/hw/sim/TbSwayPerf.bsv",
  line 19, column 17.
  During elaboration of `test' at
  "/workspace/scratch/e6420b0fda2a/dedicated-source/hw/sim/TbSwayPerf.bsv",
  line 109, column 13.
  During elaboration of `mkTbSwayPerfSingle' at
  "/workspace/scratch/e6420b0fda2a/dedicated-source/hw/sim/TbSwayPerf.bsv",
  line 108, column 8.
Warning: "/workspace/scratch/e6420b0fda2a/dedicated-source/hw/bsv/SwayBlock.bsv", line 479, column 14: (G0043)
  Multiple reset signals influence rule `test_dut_block1_process5'.
  This can lead to inconsistent, non-atomic results when not all of these
  signals are asserted.
  Method calls by reset:
    Reset 1 (test_dut_block1_localReset_leafReset.gen_rst):
      test_dut_block1_activatedQ.deq
      test_dut_block1_activatedQ.first
      test_dut_block1_activatedQ.i_notEmpty
      test_dut_block1_xDelayQ.enq
      test_dut_block1_xDelayQ.i_notFull
    Reset 2 (test_dut_block1_stateProjection_localReset_leafReset.gen_rst):
      test_dut_block1_stateProjection_inputQ.enq
      test_dut_block1_stateProjection_inputQ.i_notFull
  During elaboration of rule `process5' at
  "/workspace/scratch/e6420b0fda2a/dedicated-source/hw/bsv/SwayBlock.bsv",
  line 479, column 14.
  During elaboration of `block1' at
  "/workspace/scratch/e6420b0fda2a/dedicated-source/hw/bsv/SwayBaseline.bsv",
  line 47, column 18.
  During elaboration of `dut' at
  "/workspace/scratch/e6420b0fda2a/dedicated-source/hw/sim/TbSwayPerf.bsv",
  line 19, column 17.
  During elaboration of `test' at
  "/workspace/scratch/e6420b0fda2a/dedicated-source/hw/sim/TbSwayPerf.bsv",
  line 109, column 13.
  During elaboration of `mkTbSwayPerfSingle' at
  "/workspace/scratch/e6420b0fda2a/dedicated-source/hw/sim/TbSwayPerf.bsv",
  line 108, column 8.
Warning: "/workspace/scratch/e6420b0fda2a/dedicated-source/hw/bsv/SwayBlock.bsv", line 492, column 14: (G0043)
  Multiple reset signals influence rule `test_dut_block1_process6'.
  This can lead to inconsistent, non-atomic results when not all of these
  signals are asserted.
  Method calls by reset:
    Reset 1 (test_dut_delta1_localReset_leafReset.gen_rst):
      test_dut_delta1_input1Q.enq test_dut_delta1_input1Q.i_notFull
    Reset 2 (test_dut_block1_localReset_leafReset.gen_rst):
      test_dut_block1_stateParameterQ.enq
      test_dut_block1_stateParameterQ.i_notFull
    Reset 3
    (test_dut_block1_stateProjection_engine_localReset_leafReset.gen_rst):
      test_dut_block1_stateProjection_engine_outputQ.deq
      test_dut_block1_stateProjection_engine_outputQ.first
      test_dut_block1_stateProjection_engine_outputQ.i_notEmpty
  During elaboration of rule `process6' at
  "/workspace/scratch/e6420b0fda2a/dedicated-source/hw/bsv/SwayBlock.bsv",
  line 492, column 14.
  During elaboration of `block1' at
  "/workspace/scratch/e6420b0fda2a/dedicated-source/hw/bsv/SwayBaseline.bsv",
  line 47, column 18.
  During elaboration of `dut' at
  "/workspace/scratch/e6420b0fda2a/dedicated-source/hw/sim/TbSwayPerf.bsv",
  line 19, column 17.
  During elaboration of `test' at
  "/workspace/scratch/e6420b0fda2a/dedicated-source/hw/sim/TbSwayPerf.bsv",
  line 109, column 13.
  During elaboration of `mkTbSwayPerfSingle' at
  "/workspace/scratch/e6420b0fda2a/dedicated-source/hw/sim/TbSwayPerf.bsv",
  line 108, column 8.
Warning: "Prelude.bs", line 3102, column 0: (G0024)
  The function unfolding steps interval has been exceeded when unfolding
  `primFix'. The current number of steps is 800000. Next warning at 900000
  steps. Elaboration terminates at 1000000 steps.
  During elaboration of the body of rule `process7' at
  "/workspace/scratch/e6420b0fda2a/dedicated-source/hw/bsv/SwayBlock.bsv",
  line 514, column 14.
  During elaboration of `block1' at
  "/workspace/scratch/e6420b0fda2a/dedicated-source/hw/bsv/SwayBaseline.bsv",
  line 47, column 18.
  During elaboration of `dut' at
  "/workspace/scratch/e6420b0fda2a/dedicated-source/hw/sim/TbSwayPerf.bsv",
  line 19, column 17.
  During elaboration of `test' at
  "/workspace/scratch/e6420b0fda2a/dedicated-source/hw/sim/TbSwayPerf.bsv",
  line 109, column 13.
  During elaboration of `mkTbSwayPerfSingle' at
  "/workspace/scratch/e6420b0fda2a/dedicated-source/hw/sim/TbSwayPerf.bsv",
  line 108, column 8.
Warning: "/workspace/scratch/e6420b0fda2a/dedicated-source/hw/bsv/SwayBlock.bsv", line 514, column 14: (G0043)
  Multiple reset signals influence rule `test_dut_block1_process7'.
  This can lead to inconsistent, non-atomic results when not all of these
  signals are asserted.
  Method calls by reset:
    Reset 1 (test_dut_delta1_localReset_leafReset.gen_rst):
      test_dut_delta1_output1Q.deq
      test_dut_delta1_output1Q.first
      test_dut_delta1_output1Q.i_notEmpty
    Reset 2 (test_dut_block1_localReset_leafReset.gen_rst):
      test_dut_block1_stateParameterQ.deq
      test_dut_block1_stateParameterQ.first
      test_dut_block1_stateParameterQ.i_notEmpty
      test_dut_block1_xDelayQ.deq
      test_dut_block1_xDelayQ.first
      test_dut_block1_xDelayQ.i_notEmpty
    Reset 3 (test_dut_block1_scan_localReset_leafReset.gen_rst):
      test_dut_block1_scan_inputQ.enq test_dut_block1_scan_inputQ.i_notFull
  During elaboration of rule `process7' at
  "/workspace/scratch/e6420b0fda2a/dedicated-source/hw/bsv/SwayBlock.bsv",
  line 514, column 14.
  During elaboration of `block1' at
  "/workspace/scratch/e6420b0fda2a/dedicated-source/hw/bsv/SwayBaseline.bsv",
  line 47, column 18.
  During elaboration of `dut' at
  "/workspace/scratch/e6420b0fda2a/dedicated-source/hw/sim/TbSwayPerf.bsv",
  line 19, column 17.
  During elaboration of `test' at
  "/workspace/scratch/e6420b0fda2a/dedicated-source/hw/sim/TbSwayPerf.bsv",
  line 109, column 13.
  During elaboration of `mkTbSwayPerfSingle' at
  "/workspace/scratch/e6420b0fda2a/dedicated-source/hw/sim/TbSwayPerf.bsv",
  line 108, column 8.
Warning: "/workspace/scratch/e6420b0fda2a/dedicated-source/hw/bsv/SwayBlock.bsv", line 538, column 14: (G0043)
  Multiple reset signals influence rule `test_dut_block1_process8'.
  This can lead to inconsistent, non-atomic results when not all of these
  signals are asserted.
  Method calls by reset:
    Reset 1 (test_dut_block1_localReset_leafReset.gen_rst):
      test_dut_block1_gateDelayQ.deq
      test_dut_block1_gateDelayQ.first
      test_dut_block1_gateDelayQ.i_notEmpty
      test_dut_block1_gatingOn.read
      test_dut_block1_gatingOn.write
    Reset 2 (test_dut_block1_scan_localReset_leafReset.gen_rst):
      test_dut_block1_scan_outputQ.deq
      test_dut_block1_scan_outputQ.first
      test_dut_block1_scan_outputQ.i_notEmpty
  During elaboration of rule `process8' at
  "/workspace/scratch/e6420b0fda2a/dedicated-source/hw/bsv/SwayBlock.bsv",
  line 538, column 14.
  During elaboration of `block1' at
  "/workspace/scratch/e6420b0fda2a/dedicated-source/hw/bsv/SwayBaseline.bsv",
  line 47, column 18.
  During elaboration of `dut' at
  "/workspace/scratch/e6420b0fda2a/dedicated-source/hw/sim/TbSwayPerf.bsv",
  line 19, column 17.
  During elaboration of `test' at
  "/workspace/scratch/e6420b0fda2a/dedicated-source/hw/sim/TbSwayPerf.bsv",
  line 109, column 13.
  During elaboration of `mkTbSwayPerfSingle' at
  "/workspace/scratch/e6420b0fda2a/dedicated-source/hw/sim/TbSwayPerf.bsv",
  line 108, column 8.
Warning: "/workspace/scratch/e6420b0fda2a/dedicated-source/hw/bsv/SwayBlock.bsv", line 614, column 14: (G0043)
  Multiple reset signals influence rule `test_dut_block1_process9_5'.
  This can lead to inconsistent, non-atomic results when not all of these
  signals are asserted.
  Method calls by reset:
    Reset 1 (test_dut_block1_localReset_leafReset.gen_rst):
      test_dut_block1_gateEmitOn.read
      test_dut_block1_gateEmitOn.write
      test_dut_block1_gatingOn.read
      test_dut_block1_gatingOn.write
    Reset 2 (test_dut_block1_outputProjection_localReset_leafReset.gen_rst):
      test_dut_block1_outputProjection_inputQ.enq
      test_dut_block1_outputProjection_inputQ.i_notFull
  During elaboration of rule `process9_5' at
  "/workspace/scratch/e6420b0fda2a/dedicated-source/hw/bsv/SwayBlock.bsv",
  line 614, column 14.
  During elaboration of `block1' at
  "/workspace/scratch/e6420b0fda2a/dedicated-source/hw/bsv/SwayBaseline.bsv",
  line 47, column 18.
  During elaboration of `dut' at
  "/workspace/scratch/e6420b0fda2a/dedicated-source/hw/sim/TbSwayPerf.bsv",
  line 19, column 17.
  During elaboration of `test' at
  "/workspace/scratch/e6420b0fda2a/dedicated-source/hw/sim/TbSwayPerf.bsv",
  line 109, column 13.
  During elaboration of `mkTbSwayPerfSingle' at
  "/workspace/scratch/e6420b0fda2a/dedicated-source/hw/sim/TbSwayPerf.bsv",
  line 108, column 8.
Warning: "/workspace/scratch/e6420b0fda2a/dedicated-source/hw/bsv/SwayBlock.bsv", line 636, column 14: (G0043)
  Multiple reset signals influence rule `test_dut_block1_process10'.
  This can lead to inconsistent, non-atomic results when not all of these
  signals are asserted.
  Method calls by reset:
    Reset 1 (test_dut_block1_localReset_leafReset.gen_rst):
      test_dut_block1_residualQ.deq
      test_dut_block1_residualQ.first
      test_dut_block1_residualQ.i_notEmpty
      test_dut_block1_residualSumQ.enq
      test_dut_block1_residualSumQ.i_notFull
    Reset 2
    (test_dut_block1_outputProjection_engine_localReset_leafReset.gen_rst):
      test_dut_block1_outputProjection_engine_outputQ.deq
      test_dut_block1_outputProjection_engine_outputQ.first
      test_dut_block1_outputProjection_engine_outputQ.i_notEmpty
  During elaboration of rule `process10' at
  "/workspace/scratch/e6420b0fda2a/dedicated-source/hw/bsv/SwayBlock.bsv",
  line 636, column 14.
  During elaboration of `block1' at
  "/workspace/scratch/e6420b0fda2a/dedicated-source/hw/bsv/SwayBaseline.bsv",
  line 47, column 18.
  During elaboration of `dut' at
  "/workspace/scratch/e6420b0fda2a/dedicated-source/hw/sim/TbSwayPerf.bsv",
  line 19, column 17.
  During elaboration of `test' at
  "/workspace/scratch/e6420b0fda2a/dedicated-source/hw/sim/TbSwayPerf.bsv",
  line 109, column 13.
  During elaboration of `mkTbSwayPerfSingle' at
  "/workspace/scratch/e6420b0fda2a/dedicated-source/hw/sim/TbSwayPerf.bsv",
  line 108, column 8.
Warning: "/workspace/scratch/e6420b0fda2a/dedicated-source/hw/bsv/SwayFoldedLinear.bsv", line 69, column 14: (G0043)
  Multiple reset signals influence rule
  `test_dut_headOutput_engine_process1Capture'.
  This can lead to inconsistent, non-atomic results when not all of these
  signals are asserted.
  Method calls by reset:
    Reset 1 (test_dut_headOutput_localReset_leafReset.gen_rst):
      test_dut_headOutput_inputQ.first test_dut_headOutput_inputQ.i_notEmpty
    Reset 2 (test_dut_headOutput_engine_localReset_leafReset.gen_rst):
      test_dut_headOutput_engine_activeOn.read
      test_dut_headOutput_engine_startQ.enq
      test_dut_headOutput_engine_startQ.i_notFull
  During elaboration of rule `process1Capture' at
  "/workspace/scratch/e6420b0fda2a/dedicated-source/hw/bsv/SwayFoldedLinear.bsv",
  line 69, column 14.
  During elaboration of `engine' at
  "/workspace/scratch/e6420b0fda2a/dedicated-source/hw/bsv/SwayFoldedLinear.bsv",
  line 297, column 29.
  During elaboration of `headOutput' at
  "/workspace/scratch/e6420b0fda2a/dedicated-source/hw/bsv/SwayBaseline.bsv",
  line 49, column 28.
  During elaboration of `dut' at
  "/workspace/scratch/e6420b0fda2a/dedicated-source/hw/sim/TbSwayPerf.bsv",
  line 19, column 17.
  During elaboration of `test' at
  "/workspace/scratch/e6420b0fda2a/dedicated-source/hw/sim/TbSwayPerf.bsv",
  line 109, column 13.
  During elaboration of `mkTbSwayPerfSingle' at
  "/workspace/scratch/e6420b0fda2a/dedicated-source/hw/sim/TbSwayPerf.bsv",
  line 108, column 8.
Warning: "/workspace/scratch/e6420b0fda2a/dedicated-source/hw/bsv/SwayFoldedLinear.bsv", line 96, column 14: (G0043)
  Multiple reset signals influence rule
  `test_dut_headOutput_engine_process2Chunk'.
  This can lead to inconsistent, non-atomic results when not all of these
  signals are asserted.
  Method calls by reset:
    Reset 1 (test_dut_headOutput_localReset_leafReset.gen_rst):
      test_dut_headOutput_inputQ.first test_dut_headOutput_inputQ.i_notEmpty
    Reset 2 (test_dut_headOutput_engine_localReset_leafReset.gen_rst):
      test_dut_headOutput_engine_chunkLoadOn.read
      test_dut_headOutput_engine_chunkLoadOn.write
      test_dut_headOutput_engine_issueOn.write
  During elaboration of rule `process2Chunk' at
  "/workspace/scratch/e6420b0fda2a/dedicated-source/hw/bsv/SwayFoldedLinear.bsv",
  line 96, column 14.
  During elaboration of `engine' at
  "/workspace/scratch/e6420b0fda2a/dedicated-source/hw/bsv/SwayFoldedLinear.bsv",
  line 297, column 29.
  During elaboration of `headOutput' at
  "/workspace/scratch/e6420b0fda2a/dedicated-source/hw/bsv/SwayBaseline.bsv",
  line 49, column 28.
  During elaboration of `dut' at
  "/workspace/scratch/e6420b0fda2a/dedicated-source/hw/sim/TbSwayPerf.bsv",
  line 19, column 17.
  During elaboration of `test' at
  "/workspace/scratch/e6420b0fda2a/dedicated-source/hw/sim/TbSwayPerf.bsv",
  line 109, column 13.
  During elaboration of `mkTbSwayPerfSingle' at
  "/workspace/scratch/e6420b0fda2a/dedicated-source/hw/sim/TbSwayPerf.bsv",
  line 108, column 8.
Warning: "/workspace/scratch/e6420b0fda2a/dedicated-source/hw/bsv/SwayFoldedLinear.bsv", line 253, column 14: (G0043)
  Multiple reset signals influence rule
  `test_dut_headOutput_engine_process8Emit'.
  This can lead to inconsistent, non-atomic results when not all of these
  signals are asserted.
  Method calls by reset:
    Reset 1 (test_dut_headOutput_localReset_leafReset.gen_rst):
      test_dut_headOutput_inputQ.deq test_dut_headOutput_inputQ.i_notEmpty
    Reset 2 (test_dut_headOutput_engine_localReset_leafReset.gen_rst):
      test_dut_headOutput_engine_activeOn.read
      test_dut_headOutput_engine_activeOn.write
      test_dut_headOutput_engine_emitOn.read
      test_dut_headOutput_engine_emitOn.write
      test_dut_headOutput_engine_outputQ.enq
      test_dut_headOutput_engine_outputQ.i_notFull
  During elaboration of rule `process8Emit' at
  "/workspace/scratch/e6420b0fda2a/dedicated-source/hw/bsv/SwayFoldedLinear.bsv",
  line 253, column 14.
  During elaboration of `engine' at
  "/workspace/scratch/e6420b0fda2a/dedicated-source/hw/bsv/SwayFoldedLinear.bsv",
  line 297, column 29.
  During elaboration of `headOutput' at
  "/workspace/scratch/e6420b0fda2a/dedicated-source/hw/bsv/SwayBaseline.bsv",
  line 49, column 28.
  During elaboration of `dut' at
  "/workspace/scratch/e6420b0fda2a/dedicated-source/hw/sim/TbSwayPerf.bsv",
  line 19, column 17.
  During elaboration of `test' at
  "/workspace/scratch/e6420b0fda2a/dedicated-source/hw/sim/TbSwayPerf.bsv",
  line 109, column 13.
  During elaboration of `mkTbSwayPerfSingle' at
  "/workspace/scratch/e6420b0fda2a/dedicated-source/hw/sim/TbSwayPerf.bsv",
  line 108, column 8.
Warning: "/workspace/scratch/e6420b0fda2a/dedicated-source/hw/bsv/SwayFoldedLinear.bsv", line 69, column 14: (G0043)
  Multiple reset signals influence rule
  `test_dut_headHidden_engine_process1Capture'.
  This can lead to inconsistent, non-atomic results when not all of these
  signals are asserted.
  Method calls by reset:
    Reset 1 (test_dut_headHidden_localReset_leafReset.gen_rst):
      test_dut_headHidden_readBankR.write
      test_dut_headHidden_readyBankQ.deq
      test_dut_headHidden_readyBankQ.first
      test_dut_headHidden_readyBankQ.i_notEmpty
    Reset 2 (test_dut_headHidden_engine_localReset_leafReset.gen_rst):
      test_dut_headHidden_engine_activeOn.read
      test_dut_headHidden_engine_startQ.enq
      test_dut_headHidden_engine_startQ.i_notFull
  During elaboration of rule `process1Capture' at
  "/workspace/scratch/e6420b0fda2a/dedicated-source/hw/bsv/SwayFoldedLinear.bsv",
  line 69, column 14.
  During elaboration of `engine' at
  "/workspace/scratch/e6420b0fda2a/dedicated-source/hw/bsv/SwayHeadLinear.bsv",
  line 119, column 30.
  During elaboration of `headHidden' at
  "/workspace/scratch/e6420b0fda2a/dedicated-source/hw/bsv/SwayBaseline.bsv",
  line 56, column 28.
  During elaboration of `dut' at
  "/workspace/scratch/e6420b0fda2a/dedicated-source/hw/sim/TbSwayPerf.bsv",
  line 19, column 17.
  During elaboration of `test' at
  "/workspace/scratch/e6420b0fda2a/dedicated-source/hw/sim/TbSwayPerf.bsv",
  line 109, column 13.
  During elaboration of `mkTbSwayPerfSingle' at
  "/workspace/scratch/e6420b0fda2a/dedicated-source/hw/sim/TbSwayPerf.bsv",
  line 108, column 8.
Warning: "/workspace/scratch/e6420b0fda2a/dedicated-source/hw/bsv/SwayFoldedLinear.bsv", line 96, column 14: (G0043)
  Multiple reset signals influence rule
  `test_dut_headHidden_engine_process2Chunk'.
  This can lead to inconsistent, non-atomic results when not all of these
  signals are asserted.
  Method calls by reset:
    Reset 1 (test_dut_headHidden_localReset_leafReset.gen_rst):
      test_dut_headHidden_readBankR.read
    Reset 2 (test_dut_headHidden_engine_localReset_leafReset.gen_rst):
      test_dut_headHidden_engine_chunkLoadOn.read
      test_dut_headHidden_engine_chunkLoadOn.write
      test_dut_headHidden_engine_issueOn.write
  During elaboration of rule `process2Chunk' at
  "/workspace/scratch/e6420b0fda2a/dedicated-source/hw/bsv/SwayFoldedLinear.bsv",
  line 96, column 14.
  During elaboration of `engine' at
  "/workspace/scratch/e6420b0fda2a/dedicated-source/hw/bsv/SwayHeadLinear.bsv",
  line 119, column 30.
  During elaboration of `headHidden' at
  "/workspace/scratch/e6420b0fda2a/dedicated-source/hw/bsv/SwayBaseline.bsv",
  line 56, column 28.
  During elaboration of `dut' at
  "/workspace/scratch/e6420b0fda2a/dedicated-source/hw/sim/TbSwayPerf.bsv",
  line 19, column 17.
  During elaboration of `test' at
  "/workspace/scratch/e6420b0fda2a/dedicated-source/hw/sim/TbSwayPerf.bsv",
  line 109, column 13.
  During elaboration of `mkTbSwayPerfSingle' at
  "/workspace/scratch/e6420b0fda2a/dedicated-source/hw/sim/TbSwayPerf.bsv",
  line 108, column 8.
Warning: "/workspace/scratch/e6420b0fda2a/dedicated-source/hw/bsv/SwayFoldedLinear.bsv", line 253, column 14: (G0043)
  Multiple reset signals influence rule
  `test_dut_headHidden_engine_process8Emit'.
  This can lead to inconsistent, non-atomic results when not all of these
  signals are asserted.
  Method calls by reset:
    Reset 1 (test_dut_headHidden_localReset_leafReset.gen_rst):
      test_dut_headHidden_freeBankQ.enq
      test_dut_headHidden_freeBankQ.i_notFull
      test_dut_headHidden_initializeCnt.read
      test_dut_headHidden_readBankR.read
    Reset 2 (test_dut_headHidden_engine_localReset_leafReset.gen_rst):
      test_dut_headHidden_engine_activeOn.read
      test_dut_headHidden_engine_activeOn.write
      test_dut_headHidden_engine_emitOn.read
      test_dut_headHidden_engine_emitOn.write
      test_dut_headHidden_engine_outputQ.enq
      test_dut_headHidden_engine_outputQ.i_notFull
  During elaboration of rule `process8Emit' at
  "/workspace/scratch/e6420b0fda2a/dedicated-source/hw/bsv/SwayFoldedLinear.bsv",
  line 253, column 14.
  During elaboration of `engine' at
  "/workspace/scratch/e6420b0fda2a/dedicated-source/hw/bsv/SwayHeadLinear.bsv",
  line 119, column 30.
  During elaboration of `headHidden' at
  "/workspace/scratch/e6420b0fda2a/dedicated-source/hw/bsv/SwayBaseline.bsv",
  line 56, column 28.
  During elaboration of `dut' at
  "/workspace/scratch/e6420b0fda2a/dedicated-source/hw/sim/TbSwayPerf.bsv",
  line 19, column 17.
  During elaboration of `test' at
  "/workspace/scratch/e6420b0fda2a/dedicated-source/hw/sim/TbSwayPerf.bsv",
  line 109, column 13.
  During elaboration of `mkTbSwayPerfSingle' at
  "/workspace/scratch/e6420b0fda2a/dedicated-source/hw/sim/TbSwayPerf.bsv",
  line 108, column 8.
Warning: "/workspace/scratch/e6420b0fda2a/dedicated-source/hw/bsv/SwayBaseline.bsv", line 177, column 14: (G0043)
  Multiple reset signals influence rule `test_dut_process3Embed'.
  This can lead to inconsistent, non-atomic results when not all of these
  signals are asserted.
  Method calls by reset:
    Reset 1 (test_dut_localReset_leafReset.gen_rst):
      test_dut_patchTokenQ.deq
      test_dut_patchTokenQ.first
      test_dut_patchTokenQ.i_notEmpty
    Reset 2 (test_dut_embedding_localReset_leafReset.gen_rst):
      test_dut_embedding_inputQ.enq test_dut_embedding_inputQ.i_notFull
  During elaboration of rule `process3Embed' at
  "/workspace/scratch/e6420b0fda2a/dedicated-source/hw/bsv/SwayBaseline.bsv",
  line 177, column 14.
  During elaboration of `dut' at
  "/workspace/scratch/e6420b0fda2a/dedicated-source/hw/sim/TbSwayPerf.bsv",
  line 19, column 17.
  During elaboration of `test' at
  "/workspace/scratch/e6420b0fda2a/dedicated-source/hw/sim/TbSwayPerf.bsv",
  line 109, column 13.
  During elaboration of `mkTbSwayPerfSingle' at
  "/workspace/scratch/e6420b0fda2a/dedicated-source/hw/sim/TbSwayPerf.bsv",
  line 108, column 8.
Warning: "/workspace/scratch/e6420b0fda2a/dedicated-source/hw/bsv/SwayBaseline.bsv", line 189, column 14: (G0043)
  Multiple reset signals influence rule `test_dut_process4'.
  This can lead to inconsistent, non-atomic results when not all of these
  signals are asserted.
  Method calls by reset:
    Reset 1 (test_dut_embedding_engine_localReset_leafReset.gen_rst):
      test_dut_embedding_engine_outputQ.deq
      test_dut_embedding_engine_outputQ.first
      test_dut_embedding_engine_outputQ.i_notEmpty
    Reset 2 (test_dut_block0_localReset_leafReset.gen_rst):
      test_dut_block0_inputQ.enq test_dut_block0_inputQ.i_notFull
  During elaboration of rule `process4' at
  "/workspace/scratch/e6420b0fda2a/dedicated-source/hw/bsv/SwayBaseline.bsv",
  line 189, column 14.
  During elaboration of `dut' at
  "/workspace/scratch/e6420b0fda2a/dedicated-source/hw/sim/TbSwayPerf.bsv",
  line 19, column 17.
  During elaboration of `test' at
  "/workspace/scratch/e6420b0fda2a/dedicated-source/hw/sim/TbSwayPerf.bsv",
  line 109, column 13.
  During elaboration of `mkTbSwayPerfSingle' at
  "/workspace/scratch/e6420b0fda2a/dedicated-source/hw/sim/TbSwayPerf.bsv",
  line 108, column 8.
Warning: "/workspace/scratch/e6420b0fda2a/dedicated-source/hw/bsv/SwayBaseline.bsv", line 198, column 14: (G0043)
  Multiple reset signals influence rule `test_dut_process5'.
  This can lead to inconsistent, non-atomic results when not all of these
  signals are asserted.
  Method calls by reset:
    Reset 1 (test_dut_block0_localReset_leafReset.gen_rst):
      test_dut_block0_outputQ.deq
      test_dut_block0_outputQ.first
      test_dut_block0_outputQ.i_notEmpty
    Reset 2 (test_dut_block1_localReset_leafReset.gen_rst):
      test_dut_block1_inputQ.enq test_dut_block1_inputQ.i_notFull
  During elaboration of rule `process5' at
  "/workspace/scratch/e6420b0fda2a/dedicated-source/hw/bsv/SwayBaseline.bsv",
  line 198, column 14.
  During elaboration of `dut' at
  "/workspace/scratch/e6420b0fda2a/dedicated-source/hw/sim/TbSwayPerf.bsv",
  line 19, column 17.
  During elaboration of `test' at
  "/workspace/scratch/e6420b0fda2a/dedicated-source/hw/sim/TbSwayPerf.bsv",
  line 109, column 13.
  During elaboration of `mkTbSwayPerfSingle' at
  "/workspace/scratch/e6420b0fda2a/dedicated-source/hw/sim/TbSwayPerf.bsv",
  line 108, column 8.
Warning: "/workspace/scratch/e6420b0fda2a/dedicated-source/hw/bsv/SwayBaseline.bsv", line 210, column 14: (G0043)
  Multiple reset signals influence rule `test_dut_process6'.
  This can lead to inconsistent, non-atomic results when not all of these
  signals are asserted.
  Method calls by reset:
    Reset 1 (test_dut_block1_localReset_leafReset.gen_rst):
      test_dut_block1_outputQ.deq
      test_dut_block1_outputQ.first
      test_dut_block1_outputQ.i_notEmpty
    Reset 2 (test_dut_headHidden_localReset_leafReset.gen_rst):
      test_dut_headHidden_inputQ.enq test_dut_headHidden_inputQ.i_notFull
  During elaboration of rule `process6' at
  "/workspace/scratch/e6420b0fda2a/dedicated-source/hw/bsv/SwayBaseline.bsv",
  line 210, column 14.
  During elaboration of `dut' at
  "/workspace/scratch/e6420b0fda2a/dedicated-source/hw/sim/TbSwayPerf.bsv",
  line 19, column 17.
  During elaboration of `test' at
  "/workspace/scratch/e6420b0fda2a/dedicated-source/hw/sim/TbSwayPerf.bsv",
  line 109, column 13.
  During elaboration of `mkTbSwayPerfSingle' at
  "/workspace/scratch/e6420b0fda2a/dedicated-source/hw/sim/TbSwayPerf.bsv",
  line 108, column 8.
Warning: "/workspace/scratch/e6420b0fda2a/dedicated-source/hw/bsv/SwayBaseline.bsv", line 224, column 14: (G0043)
  Multiple reset signals influence rule `test_dut_process7'.
  This can lead to inconsistent, non-atomic results when not all of these
  signals are asserted.
  Method calls by reset:
    Reset 1 (test_dut_headOutput_localReset_leafReset.gen_rst):
      test_dut_headOutput_inputQ.enq test_dut_headOutput_inputQ.i_notFull
    Reset 2 (test_dut_headHidden_engine_localReset_leafReset.gen_rst):
      test_dut_headHidden_engine_outputQ.deq
      test_dut_headHidden_engine_outputQ.first
      test_dut_headHidden_engine_outputQ.i_notEmpty
  During elaboration of rule `process7' at
  "/workspace/scratch/e6420b0fda2a/dedicated-source/hw/bsv/SwayBaseline.bsv",
  line 224, column 14.
  During elaboration of `dut' at
  "/workspace/scratch/e6420b0fda2a/dedicated-source/hw/sim/TbSwayPerf.bsv",
  line 19, column 17.
  During elaboration of `test' at
  "/workspace/scratch/e6420b0fda2a/dedicated-source/hw/sim/TbSwayPerf.bsv",
  line 109, column 13.
  During elaboration of `mkTbSwayPerfSingle' at
  "/workspace/scratch/e6420b0fda2a/dedicated-source/hw/sim/TbSwayPerf.bsv",
  line 108, column 8.
Warning: "/workspace/scratch/e6420b0fda2a/dedicated-source/hw/bsv/SwayBaseline.bsv", line 237, column 14: (G0043)
  Multiple reset signals influence rule `test_dut_process8'.
  This can lead to inconsistent, non-atomic results when not all of these
  signals are asserted.
  Method calls by reset:
    Reset 1 (test_dut_localReset_leafReset.gen_rst):
      test_dut_outputCnt.write test_dut_outputOn.read test_dut_outputOn.write
    Reset 2 (test_dut_headOutput_engine_localReset_leafReset.gen_rst):
      test_dut_headOutput_engine_outputQ.deq
      test_dut_headOutput_engine_outputQ.first
      test_dut_headOutput_engine_outputQ.i_notEmpty
  During elaboration of rule `process8' at
  "/workspace/scratch/e6420b0fda2a/dedicated-source/hw/bsv/SwayBaseline.bsv",
  line 237, column 14.
  During elaboration of `dut' at
  "/workspace/scratch/e6420b0fda2a/dedicated-source/hw/sim/TbSwayPerf.bsv",
  line 19, column 17.
  During elaboration of `test' at
  "/workspace/scratch/e6420b0fda2a/dedicated-source/hw/sim/TbSwayPerf.bsv",
  line 109, column 13.
  During elaboration of `mkTbSwayPerfSingle' at
  "/workspace/scratch/e6420b0fda2a/dedicated-source/hw/sim/TbSwayPerf.bsv",
  line 108, column 8.
Warning: "/workspace/scratch/e6420b0fda2a/dedicated-source/hw/sim/TbSwayPerf.bsv", line 51, column 14: (G0043)
  Multiple reset signals influence rule `test_process1'.
  This can lead to inconsistent, non-atomic results when not all of these
  signals are asserted.
  Method calls by reset:
    Reset 1 (default_reset):
      test_cycleCnt.read
      test_inputFixtureCnt.read
      test_inputFixtureCnt.write
      test_inputStartR.read
      test_inputStartR.write
      test_sentCnt.read
      test_sentCnt.write
      test_startedOn.read
    Reset 2 (test_dut_localReset_leafReset.gen_rst):
      test_dut_inputQ.enq test_dut_inputQ.i_notFull
  During elaboration of rule `process1' at
  "/workspace/scratch/e6420b0fda2a/dedicated-source/hw/sim/TbSwayPerf.bsv",
  line 51, column 14.
  During elaboration of `test' at
  "/workspace/scratch/e6420b0fda2a/dedicated-source/hw/sim/TbSwayPerf.bsv",
  line 109, column 13.
  During elaboration of `mkTbSwayPerfSingle' at
  "/workspace/scratch/e6420b0fda2a/dedicated-source/hw/sim/TbSwayPerf.bsv",
  line 108, column 8.
Warning: "/workspace/scratch/e6420b0fda2a/dedicated-source/hw/sim/TbSwayPerf.bsv", line 65, column 14: (G0043)
  Multiple reset signals influence rule `test_process2'.
  This can lead to inconsistent, non-atomic results when not all of these
  signals are asserted.
  Method calls by reset:
    Reset 1 (default_reset):
      test_cycleCnt.read
      test_finishOn.read
      test_finishOn.write
      test_outputFixtureCnt.read
      test_outputFixtureCnt.write
      test_outputStartR.read
      test_outputStartR.write
      test_receivedCnt.read
      test_receivedCnt.write
      test_startedOn.read
    Reset 2 (test_dut_localReset_leafReset.gen_rst):
      test_dut_outputQ.deq test_dut_outputQ.first test_dut_outputQ.i_notEmpty
  During elaboration of rule `process2' at
  "/workspace/scratch/e6420b0fda2a/dedicated-source/hw/sim/TbSwayPerf.bsv",
  line 65, column 14.
  During elaboration of `test' at
  "/workspace/scratch/e6420b0fda2a/dedicated-source/hw/sim/TbSwayPerf.bsv",
  line 109, column 13.
  During elaboration of `mkTbSwayPerfSingle' at
  "/workspace/scratch/e6420b0fda2a/dedicated-source/hw/sim/TbSwayPerf.bsv",
  line 108, column 8.
Warning: "/workspace/scratch/e6420b0fda2a/dedicated-source/hw/sim/TbSwayPerf.bsv", line 86, column 14: (G0043)
  Multiple reset signals influence rule `test_process3'.
  This can lead to inconsistent, non-atomic results when not all of these
  signals are asserted.
  Method calls by reset:
    Reset 1 (default_reset):
      test_cycleCnt.read test_finishOn.read
    Reset 2 (test_dut_localReset_leafReset.gen_rst):
      test_dut_outputQ.deq test_dut_outputQ.first test_dut_outputQ.i_notEmpty
  During elaboration of rule `process3' at
  "/workspace/scratch/e6420b0fda2a/dedicated-source/hw/sim/TbSwayPerf.bsv",
  line 86, column 14.
  During elaboration of `test' at
  "/workspace/scratch/e6420b0fda2a/dedicated-source/hw/sim/TbSwayPerf.bsv",
  line 109, column 13.
  During elaboration of `mkTbSwayPerfSingle' at
  "/workspace/scratch/e6420b0fda2a/dedicated-source/hw/sim/TbSwayPerf.bsv",
  line 108, column 8.
Warning: "/workspace/scratch/e6420b0fda2a/dedicated-source/hw/sim/TbSwayPerf.bsv", line 108, column 8: (G0010)
  Rule "test_dut_embedding_engine_process1" was treated as more urgent than
  "test_dut_embedding_engine_process2Read". Conflicts:
    "test_dut_embedding_engine_process1" cannot fire before "test_dut_embedding_engine_process2Read":
      calls to
	test_dut_embedding_engine_groupStartQ.enq vs. test_dut_embedding_engine_groupStartQ.enq
    "test_dut_embedding_engine_process2Read" cannot fire before "test_dut_embedding_engine_process1":
      calls to
	test_dut_embedding_engine_groupStartQ.enq vs. test_dut_embedding_engine_groupStartQ.enq
Warning: "/workspace/scratch/e6420b0fda2a/dedicated-source/hw/sim/TbSwayPerf.bsv", line 108, column 8: (G0010)
  Rule "test_dut_embedding_engine_process2Chunk" was treated as more urgent
  than "test_dut_embedding_engine_process2Read". Conflicts:
    "test_dut_embedding_engine_process2Chunk" cannot fire before "test_dut_embedding_engine_process2Read":
      calls to
	test_dut_embedding_engine_chunkR.write vs. test_dut_embedding_engine_chunkR.read
	test_dut_embedding_engine_issueOn.write vs. test_dut_embedding_engine_issueOn.read
    "test_dut_embedding_engine_process2Read" cannot fire before "test_dut_embedding_engine_process2Chunk":
      calls to
	test_dut_embedding_engine_chunkCnt.write vs. test_dut_embedding_engine_chunkCnt.read
	test_dut_embedding_engine_chunkLoadOn.write vs. test_dut_embedding_engine_chunkLoadOn.read
Warning: "/workspace/scratch/e6420b0fda2a/dedicated-source/hw/sim/TbSwayPerf.bsv", line 108, column 8: (G0010)
  Rule "test_dut_block0_inputProjection_engine_process1" was treated as more
  urgent than
  "test_dut_block0_inputProjection_engine_process2Read". Conflicts:
    "test_dut_block0_inputProjection_engine_process1" cannot fire before "test_dut_block0_inputProjection_engine_process2Read":
      calls to
	test_dut_block0_inputProjection_engine_groupStartQ.enq vs. test_dut_block0_inputProjection_engine_groupStartQ.enq
	test_dut_block0_inputProjection_engine_addressCnt.write vs. test_dut_block0_inputProjection_engine_addressCnt.read
    "test_dut_block0_inputProjection_engine_process2Read" cannot fire before "test_dut_block0_inputProjection_engine_process1":
      calls to
	test_dut_block0_inputProjection_engine_groupStartQ.enq vs. test_dut_block0_inputProjection_engine_groupStartQ.enq
Warning: "/workspace/scratch/e6420b0fda2a/dedicated-source/hw/sim/TbSwayPerf.bsv", line 108, column 8: (G0010)
  Rule "test_dut_block0_inputProjection_engine_process2Chunk" was treated as
  more urgent than
  "test_dut_block0_inputProjection_engine_process2Read". Conflicts:
    "test_dut_block0_inputProjection_engine_process2Chunk" cannot fire before "test_dut_block0_inputProjection_engine_process2Read":
      calls to
	test_dut_block0_inputProjection_engine_chunkR.write vs. test_dut_block0_inputProjection_engine_chunkR.read
	test_dut_block0_inputProjection_engine_issueOn.write vs. test_dut_block0_inputProjection_engine_issueOn.read
    "test_dut_block0_inputProjection_engine_process2Read" cannot fire before "test_dut_block0_inputProjection_engine_process2Chunk":
      calls to
	test_dut_block0_inputProjection_engine_chunkCnt.write vs. test_dut_block0_inputProjection_engine_chunkCnt.read
	test_dut_block0_inputProjection_engine_chunkLoadOn.write vs. test_dut_block0_inputProjection_engine_chunkLoadOn.read
Warning: "/workspace/scratch/e6420b0fda2a/dedicated-source/hw/sim/TbSwayPerf.bsv", line 108, column 8: (G0010)
  Rule "test_dut_block0_stateProjection_engine_process1" was treated as more
  urgent than
  "test_dut_block0_stateProjection_engine_process2Read". Conflicts:
    "test_dut_block0_stateProjection_engine_process1" cannot fire before "test_dut_block0_stateProjection_engine_process2Read":
      calls to
	test_dut_block0_stateProjection_engine_groupStartQ.enq vs. test_dut_block0_stateProjection_engine_groupStartQ.enq
    "test_dut_block0_stateProjection_engine_process2Read" cannot fire before "test_dut_block0_stateProjection_engine_process1":
      calls to
	test_dut_block0_stateProjection_engine_groupStartQ.enq vs. test_dut_block0_stateProjection_engine_groupStartQ.enq
Warning: "/workspace/scratch/e6420b0fda2a/dedicated-source/hw/sim/TbSwayPerf.bsv", line 108, column 8: (G0010)
  Rule "test_dut_block0_stateProjection_engine_process2Chunk" was treated as
  more urgent than
  "test_dut_block0_stateProjection_engine_process2Read". Conflicts:
    "test_dut_block0_stateProjection_engine_process2Chunk" cannot fire before "test_dut_block0_stateProjection_engine_process2Read":
      calls to
	test_dut_block0_stateProjection_engine_chunkR.write vs. test_dut_block0_stateProjection_engine_chunkR.read
	test_dut_block0_stateProjection_engine_issueOn.write vs. test_dut_block0_stateProjection_engine_issueOn.read
    "test_dut_block0_stateProjection_engine_process2Read" cannot fire before "test_dut_block0_stateProjection_engine_process2Chunk":
      calls to
	test_dut_block0_stateProjection_engine_chunkCnt.write vs. test_dut_block0_stateProjection_engine_chunkCnt.read
	test_dut_block0_stateProjection_engine_chunkLoadOn.write vs. test_dut_block0_stateProjection_engine_chunkLoadOn.read
Warning: "/workspace/scratch/e6420b0fda2a/dedicated-source/hw/sim/TbSwayPerf.bsv", line 108, column 8: (G0010)
  Rule "test_dut_block0_outputProjection_engine_process1" was treated as more
  urgent than
  "test_dut_block0_outputProjection_engine_process2Read". Conflicts:
    "test_dut_block0_outputProjection_engine_process1" cannot fire before "test_dut_block0_outputProjection_engine_process2Read":
      calls to
	test_dut_block0_outputProjection_engine_groupStartQ.enq vs. test_dut_block0_outputProjection_engine_groupStartQ.enq
    "test_dut_block0_outputProjection_engine_process2Read" cannot fire before "test_dut_block0_outputProjection_engine_process1":
      calls to
	test_dut_block0_outputProjection_engine_groupStartQ.enq vs. test_dut_block0_outputProjection_engine_groupStartQ.enq
Warning: "/workspace/scratch/e6420b0fda2a/dedicated-source/hw/sim/TbSwayPerf.bsv", line 108, column 8: (G0010)
  Rule "test_dut_block0_outputProjection_engine_process2Chunk" was treated as
  more urgent than
  "test_dut_block0_outputProjection_engine_process2Read". Conflicts:
    "test_dut_block0_outputProjection_engine_process2Chunk" cannot fire before "test_dut_block0_outputProjection_engine_process2Read":
      calls to
	test_dut_block0_outputProjection_engine_chunkR.write vs. test_dut_block0_outputProjection_engine_chunkR.read
	test_dut_block0_outputProjection_engine_issueOn.write vs. test_dut_block0_outputProjection_engine_issueOn.read
    "test_dut_block0_outputProjection_engine_process2Read" cannot fire before "test_dut_block0_outputProjection_engine_process2Chunk":
      calls to
	test_dut_block0_outputProjection_engine_chunkCnt.write vs. test_dut_block0_outputProjection_engine_chunkCnt.read
	test_dut_block0_outputProjection_engine_chunkLoadOn.write vs. test_dut_block0_outputProjection_engine_chunkLoadOn.read
Warning: "/workspace/scratch/e6420b0fda2a/dedicated-source/hw/sim/TbSwayPerf.bsv", line 108, column 8: (G0010)
  Rule "test_dut_block1_inputProjection_engine_process1" was treated as more
  urgent than
  "test_dut_block1_inputProjection_engine_process2Read". Conflicts:
    "test_dut_block1_inputProjection_engine_process1" cannot fire before "test_dut_block1_inputProjection_engine_process2Read":
      calls to
	test_dut_block1_inputProjection_engine_groupStartQ.enq vs. test_dut_block1_inputProjection_engine_groupStartQ.enq
	test_dut_block1_inputProjection_engine_addressCnt.write vs. test_dut_block1_inputProjection_engine_addressCnt.read
    "test_dut_block1_inputProjection_engine_process2Read" cannot fire before "test_dut_block1_inputProjection_engine_process1":
      calls to
	test_dut_block1_inputProjection_engine_groupStartQ.enq vs. test_dut_block1_inputProjection_engine_groupStartQ.enq
Warning: "/workspace/scratch/e6420b0fda2a/dedicated-source/hw/sim/TbSwayPerf.bsv", line 108, column 8: (G0010)
  Rule "test_dut_block1_inputProjection_engine_process2Chunk" was treated as
  more urgent than
  "test_dut_block1_inputProjection_engine_process2Read". Conflicts:
    "test_dut_block1_inputProjection_engine_process2Chunk" cannot fire before "test_dut_block1_inputProjection_engine_process2Read":
      calls to
	test_dut_block1_inputProjection_engine_chunkR.write vs. test_dut_block1_inputProjection_engine_chunkR.read
	test_dut_block1_inputProjection_engine_issueOn.write vs. test_dut_block1_inputProjection_engine_issueOn.read
    "test_dut_block1_inputProjection_engine_process2Read" cannot fire before "test_dut_block1_inputProjection_engine_process2Chunk":
      calls to
	test_dut_block1_inputProjection_engine_chunkCnt.write vs. test_dut_block1_inputProjection_engine_chunkCnt.read
	test_dut_block1_inputProjection_engine_chunkLoadOn.write vs. test_dut_block1_inputProjection_engine_chunkLoadOn.read
Warning: "/workspace/scratch/e6420b0fda2a/dedicated-source/hw/sim/TbSwayPerf.bsv", line 108, column 8: (G0010)
  Rule "test_dut_block1_stateProjection_engine_process1" was treated as more
  urgent than
  "test_dut_block1_stateProjection_engine_process2Read". Conflicts:
    "test_dut_block1_stateProjection_engine_process1" cannot fire before "test_dut_block1_stateProjection_engine_process2Read":
      calls to
	test_dut_block1_stateProjection_engine_groupStartQ.enq vs. test_dut_block1_stateProjection_engine_groupStartQ.enq
    "test_dut_block1_stateProjection_engine_process2Read" cannot fire before "test_dut_block1_stateProjection_engine_process1":
      calls to
	test_dut_block1_stateProjection_engine_groupStartQ.enq vs. test_dut_block1_stateProjection_engine_groupStartQ.enq
Warning: "/workspace/scratch/e6420b0fda2a/dedicated-source/hw/sim/TbSwayPerf.bsv", line 108, column 8: (G0010)
  Rule "test_dut_block1_stateProjection_engine_process2Chunk" was treated as
  more urgent than
  "test_dut_block1_stateProjection_engine_process2Read". Conflicts:
    "test_dut_block1_stateProjection_engine_process2Chunk" cannot fire before "test_dut_block1_stateProjection_engine_process2Read":
      calls to
	test_dut_block1_stateProjection_engine_chunkR.write vs. test_dut_block1_stateProjection_engine_chunkR.read
	test_dut_block1_stateProjection_engine_issueOn.write vs. test_dut_block1_stateProjection_engine_issueOn.read
    "test_dut_block1_stateProjection_engine_process2Read" cannot fire before "test_dut_block1_stateProjection_engine_process2Chunk":
      calls to
	test_dut_block1_stateProjection_engine_chunkCnt.write vs. test_dut_block1_stateProjection_engine_chunkCnt.read
	test_dut_block1_stateProjection_engine_chunkLoadOn.write vs. test_dut_block1_stateProjection_engine_chunkLoadOn.read
Warning: "/workspace/scratch/e6420b0fda2a/dedicated-source/hw/sim/TbSwayPerf.bsv", line 108, column 8: (G0010)
  Rule "test_dut_block1_outputProjection_engine_process1" was treated as more
  urgent than
  "test_dut_block1_outputProjection_engine_process2Read". Conflicts:
    "test_dut_block1_outputProjection_engine_process1" cannot fire before "test_dut_block1_outputProjection_engine_process2Read":
      calls to
	test_dut_block1_outputProjection_engine_groupStartQ.enq vs. test_dut_block1_outputProjection_engine_groupStartQ.enq
    "test_dut_block1_outputProjection_engine_process2Read" cannot fire before "test_dut_block1_outputProjection_engine_process1":
      calls to
	test_dut_block1_outputProjection_engine_groupStartQ.enq vs. test_dut_block1_outputProjection_engine_groupStartQ.enq
Warning: "/workspace/scratch/e6420b0fda2a/dedicated-source/hw/sim/TbSwayPerf.bsv", line 108, column 8: (G0010)
  Rule "test_dut_block1_outputProjection_engine_process2Chunk" was treated as
  more urgent than
  "test_dut_block1_outputProjection_engine_process2Read". Conflicts:
    "test_dut_block1_outputProjection_engine_process2Chunk" cannot fire before "test_dut_block1_outputProjection_engine_process2Read":
      calls to
	test_dut_block1_outputProjection_engine_chunkR.write vs. test_dut_block1_outputProjection_engine_chunkR.read
	test_dut_block1_outputProjection_engine_issueOn.write vs. test_dut_block1_outputProjection_engine_issueOn.read
    "test_dut_block1_outputProjection_engine_process2Read" cannot fire before "test_dut_block1_outputProjection_engine_process2Chunk":
      calls to
	test_dut_block1_outputProjection_engine_chunkCnt.write vs. test_dut_block1_outputProjection_engine_chunkCnt.read
	test_dut_block1_outputProjection_engine_chunkLoadOn.write vs. test_dut_block1_outputProjection_engine_chunkLoadOn.read
Warning: "/workspace/scratch/e6420b0fda2a/dedicated-source/hw/sim/TbSwayPerf.bsv", line 108, column 8: (G0010)
  Rule "test_dut_headOutput_engine_process1" was treated as more urgent than
  "test_dut_headOutput_engine_process2Read". Conflicts:
    "test_dut_headOutput_engine_process1" cannot fire before "test_dut_headOutput_engine_process2Read":
      calls to
	test_dut_headOutput_engine_groupStartQ.enq vs. test_dut_headOutput_engine_groupStartQ.enq
    "test_dut_headOutput_engine_process2Read" cannot fire before "test_dut_headOutput_engine_process1":
      calls to
	test_dut_headOutput_engine_groupStartQ.enq vs. test_dut_headOutput_engine_groupStartQ.enq
Warning: "/workspace/scratch/e6420b0fda2a/dedicated-source/hw/sim/TbSwayPerf.bsv", line 108, column 8: (G0010)
  Rule "test_dut_headOutput_engine_process2Chunk" was treated as more urgent
  than "test_dut_headOutput_engine_process2Read". Conflicts:
    "test_dut_headOutput_engine_process2Chunk" cannot fire before "test_dut_headOutput_engine_process2Read":
      calls to
	test_dut_headOutput_engine_chunkR.write vs. test_dut_headOutput_engine_chunkR.read
	test_dut_headOutput_engine_issueOn.write vs. test_dut_headOutput_engine_issueOn.read
    "test_dut_headOutput_engine_process2Read" cannot fire before "test_dut_headOutput_engine_process2Chunk":
      calls to
	test_dut_headOutput_engine_chunkCnt.write vs. test_dut_headOutput_engine_chunkCnt.read
	test_dut_headOutput_engine_chunkLoadOn.write vs. test_dut_headOutput_engine_chunkLoadOn.read
Warning: "/workspace/scratch/e6420b0fda2a/dedicated-source/hw/sim/TbSwayPerf.bsv", line 108, column 8: (G0010)
  Rule "test_dut_headHidden_process1" was treated as more urgent than
  "test_dut_headHidden_process4Publish". Conflicts:
    "test_dut_headHidden_process1" cannot fire before "test_dut_headHidden_process4Publish":
      calls to
	test_dut_headHidden_writeBankR.write vs. test_dut_headHidden_writeBankR.read
    "test_dut_headHidden_process4Publish" cannot fire before "test_dut_headHidden_process1":
      calls to
	test_dut_headHidden_fillingOn.write vs. test_dut_headHidden_fillingOn.read
Warning: "/workspace/scratch/e6420b0fda2a/dedicated-source/hw/sim/TbSwayPerf.bsv", line 108, column 8: (G0010)
  Rule "test_dut_headHidden_engine_process1" was treated as more urgent than
  "test_dut_headHidden_engine_process2Read". Conflicts:
    "test_dut_headHidden_engine_process1" cannot fire before "test_dut_headHidden_engine_process2Read":
      calls to
	test_dut_headHidden_engine_groupStartQ.enq vs. test_dut_headHidden_engine_groupStartQ.enq
    "test_dut_headHidden_engine_process2Read" cannot fire before "test_dut_headHidden_engine_process1":
      calls to
	test_dut_headHidden_engine_groupStartQ.enq vs. test_dut_headHidden_engine_groupStartQ.enq
Warning: "/workspace/scratch/e6420b0fda2a/dedicated-source/hw/sim/TbSwayPerf.bsv", line 108, column 8: (G0010)
  Rule "test_dut_headHidden_engine_process2Chunk" was treated as more urgent
  than "test_dut_headHidden_engine_process2Read". Conflicts:
    "test_dut_headHidden_engine_process2Chunk" cannot fire before "test_dut_headHidden_engine_process2Read":
      calls to
	test_dut_headHidden_engine_chunkR.write vs. test_dut_headHidden_engine_chunkR.read
	test_dut_headHidden_engine_issueOn.write vs. test_dut_headHidden_engine_issueOn.read
    "test_dut_headHidden_engine_process2Read" cannot fire before "test_dut_headHidden_engine_process2Chunk":
      calls to
	test_dut_headHidden_engine_chunkCnt.write vs. test_dut_headHidden_engine_chunkCnt.read
	test_dut_headHidden_engine_chunkLoadOn.write vs. test_dut_headHidden_engine_chunkLoadOn.read
Warning: "/workspace/scratch/e6420b0fda2a/dedicated-source/hw/sim/TbSwayPerf.bsv", line 108, column 8: (G0117)
  Rule `test_dut_headHidden_process3Write' shadows the effects of
  `test_dut_headHidden_process4Publish' when they execute in the same clock
  cycle. Affected method calls:
    test_dut_headHidden_committedOn.write
  To silence this warning, use the `-no-warn-action-shadowing' flag.
Warning: "/workspace/scratch/e6420b0fda2a/dedicated-source/hw/sim/TbSwayPerf.bsv", line 108, column 8: (G0117)
  Rule `test_dut_block1_inputProjection_engine_process1' shadows the effects
  of `test_dut_block1_inputProjection_engine_process8Emit' when they execute
  in the same clock cycle. Affected method calls:
    test_dut_block1_inputProjection_engine_activeOn.write
  To silence this warning, use the `-no-warn-action-shadowing' flag.
Warning: "/workspace/scratch/e6420b0fda2a/dedicated-source/hw/sim/TbSwayPerf.bsv", line 108, column 8: (G0117)
  Rule `test_dut_block1_inputProjection_engine_process1' shadows the effects
  of `test_dut_block1_inputProjection_engine_process3Last' when they execute
  in the same clock cycle. Affected method calls:
    test_dut_block1_inputProjection_engine_completionGroupCnt.write
  To silence this warning, use the `-no-warn-action-shadowing' flag.
Warning: "/workspace/scratch/e6420b0fda2a/dedicated-source/hw/sim/TbSwayPerf.bsv", line 108, column 8: (G0117)
  Rule `test_dut_block1_inputProjection_engine_process1' shadows the effects
  of `test_dut_block1_inputProjection_engine_process3' when they execute in
  the same clock cycle. Affected method calls:
    test_dut_block1_inputProjection_engine_sumR.write
  To silence this warning, use the `-no-warn-action-shadowing' flag.
Warning: "/workspace/scratch/e6420b0fda2a/dedicated-source/hw/sim/TbSwayPerf.bsv", line 108, column 8: (G0117)
  Rule `test_dut_block1_inputProjection_engine_process1Group' shadows the
  effects of `test_dut_block1_inputProjection_engine_process2Read' when they
  execute in the same clock cycle. Affected method calls:
    test_dut_block1_inputProjection_engine_inputCnt.write,
    test_dut_block1_inputProjection_engine_chunkCnt.write
  To silence this warning, use the `-no-warn-action-shadowing' flag.
Warning: "/workspace/scratch/e6420b0fda2a/dedicated-source/hw/sim/TbSwayPerf.bsv", line 108, column 8: (G0117)
  Rule `test_dut_block1_inputProjection_engine_process1Group' shadows the
  effects of `test_dut_block1_inputProjection_engine_process2Chunk' when they
  execute in the same clock cycle. Affected method calls:
    test_dut_block1_inputProjection_engine_chunkLoadOn.write
  To silence this warning, use the `-no-warn-action-shadowing' flag.
Warning: "/workspace/scratch/e6420b0fda2a/dedicated-source/hw/sim/TbSwayPerf.bsv", line 108, column 8: (G0117)
  Rule `test_dut_block0_inputProjection_engine_process1' shadows the effects
  of `test_dut_block0_inputProjection_engine_process8Emit' when they execute
  in the same clock cycle. Affected method calls:
    test_dut_block0_inputProjection_engine_activeOn.write
  To silence this warning, use the `-no-warn-action-shadowing' flag.
Warning: "/workspace/scratch/e6420b0fda2a/dedicated-source/hw/sim/TbSwayPerf.bsv", line 108, column 8: (G0117)
  Rule `test_dut_block0_inputProjection_engine_process1' shadows the effects
  of `test_dut_block0_inputProjection_engine_process3Last' when they execute
  in the same clock cycle. Affected method calls:
    test_dut_block0_inputProjection_engine_completionGroupCnt.write
  To silence this warning, use the `-no-warn-action-shadowing' flag.
Warning: "/workspace/scratch/e6420b0fda2a/dedicated-source/hw/sim/TbSwayPerf.bsv", line 108, column 8: (G0117)
  Rule `test_dut_block0_inputProjection_engine_process1' shadows the effects
  of `test_dut_block0_inputProjection_engine_process3' when they execute in
  the same clock cycle. Affected method calls:
    test_dut_block0_inputProjection_engine_sumR.write
  To silence this warning, use the `-no-warn-action-shadowing' flag.
Warning: "/workspace/scratch/e6420b0fda2a/dedicated-source/hw/sim/TbSwayPerf.bsv", line 108, column 8: (G0117)
  Rule `test_dut_block0_inputProjection_engine_process1Group' shadows the
  effects of `test_dut_block0_inputProjection_engine_process2Read' when they
  execute in the same clock cycle. Affected method calls:
    test_dut_block0_inputProjection_engine_inputCnt.write,
    test_dut_block0_inputProjection_engine_chunkCnt.write
  To silence this warning, use the `-no-warn-action-shadowing' flag.
Warning: "/workspace/scratch/e6420b0fda2a/dedicated-source/hw/sim/TbSwayPerf.bsv", line 108, column 8: (G0117)
  Rule `test_dut_block0_inputProjection_engine_process1Group' shadows the
  effects of `test_dut_block0_inputProjection_engine_process2Chunk' when they
  execute in the same clock cycle. Affected method calls:
    test_dut_block0_inputProjection_engine_chunkLoadOn.write
  To silence this warning, use the `-no-warn-action-shadowing' flag.
Schedule dump file created: /workspace/scratch/e6420b0fda2a/sway/hw/resource-build/dedicated/perf/single/mkTbSwayPerfSingle.sched
Elaborated module file created: /workspace/scratch/e6420b0fda2a/sway/hw/resource-build/dedicated/perf/single/mkTbSwayPerfSingle.ba
All packages are up to date.
bsc -show-schedule -show-range-conflict -aggressive-conditions -D SWAY_BUFFERED -D SWAY_REALLOCATE -D SWAY_CORE_80MHZ -D SWAY_INPUT_FIFO2 -D SWAY_INPUT_OVERLAP -bdir /workspace/scratch/e6420b0fda2a/sway/hw/resource-build/dedicated/perf/single -vdir /workspace/scratch/e6420b0fda2a/sway/hw/resource-build/dedicated/perf/single -simdir /workspace/scratch/e6420b0fda2a/sway/hw/resource-build/dedicated/perf/single -info-dir /workspace/scratch/e6420b0fda2a/sway/hw/resource-build/dedicated/perf/single -fdir /workspace/scratch/e6420b0fda2a/sway/hw/resource-build/dedicated/perf/single -D BSIM -l pthread  -Xc++ -O1 \
	-sim -e mkTbSwayPerfSingle -o /workspace/scratch/e6420b0fda2a/sway/hw/resource-build/dedicated/perf/single/bsim \
	/workspace/scratch/e6420b0fda2a/sway/hw/resource-build/dedicated/perf/single/*.ba 
Bluesim object created: /workspace/scratch/e6420b0fda2a/sway/hw/resource-build/dedicated/perf/single/mkTbSwayPerfSingle.{h,o}
Bluesim object created: /workspace/scratch/e6420b0fda2a/sway/hw/resource-build/dedicated/perf/single/model_mkTbSwayPerfSingle.{h,o}
Simulation shared library created: /workspace/scratch/e6420b0fda2a/sway/hw/resource-build/dedicated/perf/single/bsim.so
Simulation executable created: /workspace/scratch/e6420b0fda2a/sway/hw/resource-build/dedicated/perf/single/bsim
make[1]: Leaving directory '/workspace/scratch/e6420b0fda2a/dedicated-source/hw'
cd "/workspace/scratch/e6420b0fda2a/dedicated-source/hw" &&  "/workspace/scratch/e6420b0fda2a/sway/hw/resource-build/dedicated/perf/single/bsim" 2> "/workspace/scratch/e6420b0fda2a/sway/hw/results/resource_comparison/dedicated/perf/single.stderr.log" | tee "/workspace/scratch/e6420b0fda2a/sway/hw/results/resource_comparison/dedicated/perf/single.log"
SWAY_PERF_BEGIN,1,14
SWAY_PERF_INPUT_FRAME,0,2,321
SWAY_PERF_OUTPUT,0,7,20709
SWAY_PERF_OUTPUT,1,7,20710
SWAY_PERF_OUTPUT,2,6,20711
SWAY_PERF_OUTPUT,3,6,20712
SWAY_PERF_OUTPUT,4,12,20713
SWAY_PERF_OUTPUT,5,16,20714
SWAY_PERF_OUTPUT,6,19,20715
SWAY_PERF_OUTPUT,7,1,20716
SWAY_PERF_OUTPUT,8,-2,20717
SWAY_PERF_OUTPUT,9,-3,20718
SWAY_PERF_OUTPUT,10,9,20719
SWAY_PERF_OUTPUT,11,10,20720
SWAY_PERF_OUTPUT,12,11,20721
SWAY_PERF_OUTPUT,13,11,20722
SWAY_PERF_OUTPUT,14,4,20723
SWAY_PERF_OUTPUT,15,2,20724
SWAY_PERF_OUTPUT,16,0,20725
SWAY_PERF_OUTPUT,17,0,20726
SWAY_PERF_OUTPUT,18,7,20727
SWAY_PERF_OUTPUT,19,63,20728
SWAY_PERF_OUTPUT,20,63,20729
SWAY_PERF_OUTPUT,21,63,20730
SWAY_PERF_OUTPUT,22,62,20731
SWAY_PERF_OUTPUT,23,62,20732
SWAY_PERF_OUTPUT,24,63,20733
SWAY_PERF_OUTPUT,25,61,20734
SWAY_PERF_OUTPUT,26,62,20735
SWAY_PERF_OUTPUT,27,63,20736
SWAY_PERF_OUTPUT,28,61,20737
SWAY_PERF_OUTPUT,29,62,20738
SWAY_PERF_OUTPUT,30,62,20739
SWAY_PERF_OUTPUT,31,63,20740
SWAY_PERF_OUTPUT,32,61,20741
SWAY_PERF_OUTPUT,33,62,20742
SWAY_PERF_OUTPUT,34,62,20743
SWAY_PERF_OUTPUT,35,63,20744
SWAY_PERF_OUTPUT,36,60,20745
SWAY_PERF_OUTPUT,37,63,20746
SWAY_PERF_OUTPUT,38,-7,20747
SWAY_PERF_OUTPUT,39,2,20748
SWAY_PERF_OUTPUT,40,13,20749
SWAY_PERF_OUTPUT,41,17,20750
SWAY_PERF_OUTPUT,42,9,20751
SWAY_PERF_OUTPUT,43,5,20752
SWAY_PERF_OUTPUT,44,2,20753
SWAY_PERF_OUTPUT,45,9,20754
SWAY_PERF_OUTPUT,46,2,20755
SWAY_PERF_OUTPUT,47,-4,20756
SWAY_PERF_OUTPUT,48,-7,20757
SWAY_PERF_OUTPUT,49,-17,20758
SWAY_PERF_OUTPUT,50,-28,20759
SWAY_PERF_OUTPUT,51,-29,20760
SWAY_PERF_OUTPUT,52,-7,20761
SWAY_PERF_OUTPUT,53,-16,20762
SWAY_PERF_OUTPUT,54,-27,20763
SWAY_PERF_OUTPUT,55,-29,20764
SWAY_PERF_OUTPUT,56,10,20765
SWAY_PERF_FRAME,0,20709,20765
SWAY_PERF_PASS,1,57,22814,2048
mkdir -p "/workspace/scratch/e6420b0fda2a/sway/hw/results/resource_comparison/dedicated/perf"
rm -f "/workspace/scratch/e6420b0fda2a/sway/hw/results/resource_comparison/dedicated/perf/summary.json" "/workspace/scratch/e6420b0fda2a/sway/hw/results/resource_comparison/dedicated/perf/stream.log" "/workspace/scratch/e6420b0fda2a/sway/hw/results/resource_comparison/dedicated/perf/stream.stderr.log"
make -C "/workspace/scratch/e6420b0fda2a/dedicated-source/hw" bsim SIM_BACKEND=bluesim \
	BSIM_TOP_SOURCE="/workspace/scratch/e6420b0fda2a/dedicated-source/hw/sim/TbSwayPerf.bsv" BSIM_TOP_MODULE=mkTbSwayPerf \
	BSIM_DIR="/workspace/scratch/e6420b0fda2a/sway/hw/resource-build/dedicated/perf/stream"
make[1]: Entering directory '/workspace/scratch/e6420b0fda2a/dedicated-source/hw'
rm -rf /workspace/scratch/e6420b0fda2a/sway/hw/resource-build/dedicated/perf/stream
mkdir -p /workspace/scratch/e6420b0fda2a/sway/hw/resource-build/dedicated/perf/stream
bsc -show-schedule -show-range-conflict -aggressive-conditions -D SWAY_BUFFERED -D SWAY_REALLOCATE -D SWAY_CORE_80MHZ -D SWAY_INPUT_FIFO2 -D SWAY_INPUT_OVERLAP -bdir /workspace/scratch/e6420b0fda2a/sway/hw/resource-build/dedicated/perf/stream -vdir /workspace/scratch/e6420b0fda2a/sway/hw/resource-build/dedicated/perf/stream -simdir /workspace/scratch/e6420b0fda2a/sway/hw/resource-build/dedicated/perf/stream -info-dir /workspace/scratch/e6420b0fda2a/sway/hw/resource-build/dedicated/perf/stream -fdir /workspace/scratch/e6420b0fda2a/sway/hw/resource-build/dedicated/perf/stream -D BSIM -l pthread  \
	-p +:/workspace/scratch/e6420b0fda2a/blueyosys/lib/bsv:/workspace/scratch/e6420b0fda2a/blueyosys/fpga/ecp5/bsv:/workspace/scratch/e6420b0fda2a/blueyosys/boards/ulx3s/bsv:/workspace/scratch/e6420b0fda2a/dedicated-source/hw/bsv:/workspace/scratch/e6420b0fda2a/dedicated-source/hw/generated:/workspace/scratch/e6420b0fda2a/dedicated-source/hw/sim -sim -u -g mkTbSwayPerf /workspace/scratch/e6420b0fda2a/dedicated-source/hw/sim/TbSwayPerf.bsv
checking package dependencies
compiling /workspace/scratch/e6420b0fda2a/dedicated-source/hw/bsv/SwayTypes.bsv
compiling /workspace/scratch/e6420b0fda2a/dedicated-source/hw/generated/GeneratedTestConfig.bsv
compiling /workspace/scratch/e6420b0fda2a/dedicated-source/hw/generated/SwayParameters.bsv
compiling /workspace/scratch/e6420b0fda2a/dedicated-source/hw/bsv/SwayReset.bsv
Warning: "/workspace/scratch/e6420b0fda2a/dedicated-source/hw/bsv/SwayReset.bsv", line 15, column 16: (P0216)
  import BVI module declares `ready' as a method name, which is maybe not what
  you intended.
compiling /workspace/scratch/e6420b0fda2a/dedicated-source/hw/bsv/SwayLookup.bsv
compiling /workspace/scratch/e6420b0fda2a/dedicated-source/hw/bsv/SwayNorm.bsv
compiling /workspace/scratch/e6420b0fda2a/dedicated-source/hw/bsv/SwayScan.bsv
Warning: "/workspace/scratch/e6420b0fda2a/dedicated-source/hw/bsv/SwayScan.bsv", line 514, column 41: (P0102)
  Declaration of `high' shadows previous declaration at
  "/workspace/scratch/e6420b0fda2a/dedicated-source/hw/bsv/SwayScan.bsv", line
  505, column 33
compiling /workspace/scratch/e6420b0fda2a/dedicated-source/hw/bsv/SwayCoeffRom.bsv
compiling /workspace/scratch/e6420b0fda2a/dedicated-source/hw/bsv/SwayLinear.bsv
compiling /workspace/scratch/e6420b0fda2a/dedicated-source/hw/bsv/SwayFoldedLinear.bsv
compiling /workspace/scratch/e6420b0fda2a/dedicated-source/hw/bsv/SwayHeadLinear.bsv
compiling /workspace/scratch/e6420b0fda2a/dedicated-source/hw/bsv/SwayBlock.bsv
compiling /workspace/scratch/e6420b0fda2a/dedicated-source/hw/bsv/SwayDelta.bsv
compiling /workspace/scratch/e6420b0fda2a/dedicated-source/hw/bsv/SwayBaseline.bsv
compiling /workspace/scratch/e6420b0fda2a/dedicated-source/hw/sim/TbSwayPerf.bsv
code generation for mkTbSwayPerf starts
Warning: "/workspace/scratch/e6420b0fda2a/dedicated-source/hw/bsv/SwayFoldedLinear.bsv", line 69, column 14: (G0043)
  Multiple reset signals influence rule
  `test_dut_embedding_engine_process1Capture'.
  This can lead to inconsistent, non-atomic results when not all of these
  signals are asserted.
  Method calls by reset:
    Reset 1 (test_dut_embedding_localReset_leafReset.gen_rst):
      test_dut_embedding_inputQ.first test_dut_embedding_inputQ.i_notEmpty
    Reset 2 (test_dut_embedding_engine_localReset_leafReset.gen_rst):
      test_dut_embedding_engine_activeOn.read
      test_dut_embedding_engine_startQ.enq
      test_dut_embedding_engine_startQ.i_notFull
  During elaboration of rule `process1Capture' at
  "/workspace/scratch/e6420b0fda2a/dedicated-source/hw/bsv/SwayFoldedLinear.bsv",
  line 69, column 14.
  During elaboration of `engine' at
  "/workspace/scratch/e6420b0fda2a/dedicated-source/hw/bsv/SwayFoldedLinear.bsv",
  line 297, column 29.
  During elaboration of `embedding' at
  "/workspace/scratch/e6420b0fda2a/dedicated-source/hw/bsv/SwayBaseline.bsv",
  line 38, column 28.
  During elaboration of `dut' at
  "/workspace/scratch/e6420b0fda2a/dedicated-source/hw/sim/TbSwayPerf.bsv",
  line 19, column 17.
  During elaboration of `test' at
  "/workspace/scratch/e6420b0fda2a/dedicated-source/hw/sim/TbSwayPerf.bsv",
  line 114, column 13.
  During elaboration of `mkTbSwayPerf' at
  "/workspace/scratch/e6420b0fda2a/dedicated-source/hw/sim/TbSwayPerf.bsv",
  line 113, column 8.
Warning: "/workspace/scratch/e6420b0fda2a/dedicated-source/hw/bsv/SwayFoldedLinear.bsv", line 96, column 14: (G0043)
  Multiple reset signals influence rule
  `test_dut_embedding_engine_process2Chunk'.
  This can lead to inconsistent, non-atomic results when not all of these
  signals are asserted.
  Method calls by reset:
    Reset 1 (test_dut_embedding_localReset_leafReset.gen_rst):
      test_dut_embedding_inputQ.first test_dut_embedding_inputQ.i_notEmpty
    Reset 2 (test_dut_embedding_engine_localReset_leafReset.gen_rst):
      test_dut_embedding_engine_chunkLoadOn.read
      test_dut_embedding_engine_chunkLoadOn.write
      test_dut_embedding_engine_issueOn.write
  During elaboration of rule `process2Chunk' at
  "/workspace/scratch/e6420b0fda2a/dedicated-source/hw/bsv/SwayFoldedLinear.bsv",
  line 96, column 14.
  During elaboration of `engine' at
  "/workspace/scratch/e6420b0fda2a/dedicated-source/hw/bsv/SwayFoldedLinear.bsv",
  line 297, column 29.
  During elaboration of `embedding' at
  "/workspace/scratch/e6420b0fda2a/dedicated-source/hw/bsv/SwayBaseline.bsv",
  line 38, column 28.
  During elaboration of `dut' at
  "/workspace/scratch/e6420b0fda2a/dedicated-source/hw/sim/TbSwayPerf.bsv",
  line 19, column 17.
  During elaboration of `test' at
  "/workspace/scratch/e6420b0fda2a/dedicated-source/hw/sim/TbSwayPerf.bsv",
  line 114, column 13.
  During elaboration of `mkTbSwayPerf' at
  "/workspace/scratch/e6420b0fda2a/dedicated-source/hw/sim/TbSwayPerf.bsv",
  line 113, column 8.
Warning: "/workspace/scratch/e6420b0fda2a/dedicated-source/hw/bsv/SwayFoldedLinear.bsv", line 253, column 14: (G0043)
  Multiple reset signals influence rule
  `test_dut_embedding_engine_process8Emit'.
  This can lead to inconsistent, non-atomic results when not all of these
  signals are asserted.
  Method calls by reset:
    Reset 1 (test_dut_embedding_localReset_leafReset.gen_rst):
      test_dut_embedding_inputQ.deq test_dut_embedding_inputQ.i_notEmpty
    Reset 2 (test_dut_embedding_engine_localReset_leafReset.gen_rst):
      test_dut_embedding_engine_activeOn.read
      test_dut_embedding_engine_activeOn.write
      test_dut_embedding_engine_emitOn.read
      test_dut_embedding_engine_emitOn.write
      test_dut_embedding_engine_outputQ.enq
      test_dut_embedding_engine_outputQ.i_notFull
  During elaboration of rule `process8Emit' at
  "/workspace/scratch/e6420b0fda2a/dedicated-source/hw/bsv/SwayFoldedLinear.bsv",
  line 253, column 14.
  During elaboration of `engine' at
  "/workspace/scratch/e6420b0fda2a/dedicated-source/hw/bsv/SwayFoldedLinear.bsv",
  line 297, column 29.
  During elaboration of `embedding' at
  "/workspace/scratch/e6420b0fda2a/dedicated-source/hw/bsv/SwayBaseline.bsv",
  line 38, column 28.
  During elaboration of `dut' at
  "/workspace/scratch/e6420b0fda2a/dedicated-source/hw/sim/TbSwayPerf.bsv",
  line 19, column 17.
  During elaboration of `test' at
  "/workspace/scratch/e6420b0fda2a/dedicated-source/hw/sim/TbSwayPerf.bsv",
  line 114, column 13.
  During elaboration of `mkTbSwayPerf' at
  "/workspace/scratch/e6420b0fda2a/dedicated-source/hw/sim/TbSwayPerf.bsv",
  line 113, column 8.
Warning: "/workspace/scratch/e6420b0fda2a/dedicated-source/hw/bsv/SwayLinear.bsv", line 141, column 14: (G0043)
  Multiple reset signals influence rule
  `test_dut_block0_inputProjection_engine_process1Capture'.
  This can lead to inconsistent, non-atomic results when not all of these
  signals are asserted.
  Method calls by reset:
    Reset 1 (test_dut_block0_inputProjection_localReset_leafReset.gen_rst):
      test_dut_block0_inputProjection_inputQ.first
      test_dut_block0_inputProjection_inputQ.i_notEmpty
    Reset 2
    (test_dut_block0_inputProjection_engine_localReset_leafReset.gen_rst):
      test_dut_block0_inputProjection_engine_activeOn.read
      test_dut_block0_inputProjection_engine_startQ.enq
      test_dut_block0_inputProjection_engine_startQ.i_notFull
  During elaboration of rule `process1Capture' at
  "/workspace/scratch/e6420b0fda2a/dedicated-source/hw/bsv/SwayLinear.bsv",
  line 141, column 14.
  During elaboration of `engine' at
  "/workspace/scratch/e6420b0fda2a/dedicated-source/hw/bsv/SwayLinear.bsv",
  line 616, column 29.
  During elaboration of `inputProjection' at
  "/workspace/scratch/e6420b0fda2a/dedicated-source/hw/bsv/SwayBlock.bsv",
  line 139, column 28.
  During elaboration of `block0' at
  "/workspace/scratch/e6420b0fda2a/dedicated-source/hw/bsv/SwayBaseline.bsv",
  line 46, column 18.
  During elaboration of `dut' at
  "/workspace/scratch/e6420b0fda2a/dedicated-source/hw/sim/TbSwayPerf.bsv",
  line 19, column 17.
  During elaboration of `test' at
  "/workspace/scratch/e6420b0fda2a/dedicated-source/hw/sim/TbSwayPerf.bsv",
  line 114, column 13.
  During elaboration of `mkTbSwayPerf' at
  "/workspace/scratch/e6420b0fda2a/dedicated-source/hw/sim/TbSwayPerf.bsv",
  line 113, column 8.
Warning: "/workspace/scratch/e6420b0fda2a/dedicated-source/hw/bsv/SwayLinear.bsv", line 200, column 14: (G0043)
  Multiple reset signals influence rule
  `test_dut_block0_inputProjection_engine_process2Chunk'.
  This can lead to inconsistent, non-atomic results when not all of these
  signals are asserted.
  Method calls by reset:
    Reset 1 (test_dut_block0_inputProjection_localReset_leafReset.gen_rst):
      test_dut_block0_inputProjection_inputQ.first
      test_dut_block0_inputProjection_inputQ.i_notEmpty
    Reset 2
    (test_dut_block0_inputProjection_engine_localReset_leafReset.gen_rst):
      test_dut_block0_inputProjection_engine_chunkLoadOn.read
      test_dut_block0_inputProjection_engine_chunkLoadOn.write
      test_dut_block0_inputProjection_engine_issueOn.write
  During elaboration of rule `process2Chunk' at
  "/workspace/scratch/e6420b0fda2a/dedicated-source/hw/bsv/SwayLinear.bsv",
  line 200, column 14.
  During elaboration of `engine' at
  "/workspace/scratch/e6420b0fda2a/dedicated-source/hw/bsv/SwayLinear.bsv",
  line 616, column 29.
  During elaboration of `inputProjection' at
  "/workspace/scratch/e6420b0fda2a/dedicated-source/hw/bsv/SwayBlock.bsv",
  line 139, column 28.
  During elaboration of `block0' at
  "/workspace/scratch/e6420b0fda2a/dedicated-source/hw/bsv/SwayBaseline.bsv",
  line 46, column 18.
  During elaboration of `dut' at
  "/workspace/scratch/e6420b0fda2a/dedicated-source/hw/sim/TbSwayPerf.bsv",
  line 19, column 17.
  During elaboration of `test' at
  "/workspace/scratch/e6420b0fda2a/dedicated-source/hw/sim/TbSwayPerf.bsv",
  line 114, column 13.
  During elaboration of `mkTbSwayPerf' at
  "/workspace/scratch/e6420b0fda2a/dedicated-source/hw/sim/TbSwayPerf.bsv",
  line 113, column 8.
Warning: "/workspace/scratch/e6420b0fda2a/dedicated-source/hw/bsv/SwayLinear.bsv", line 543, column 14: (G0043)
  Multiple reset signals influence rule
  `test_dut_block0_inputProjection_engine_process8Emit'.
  This can lead to inconsistent, non-atomic results when not all of these
  signals are asserted.
  Method calls by reset:
    Reset 1 (test_dut_block0_inputProjection_localReset_leafReset.gen_rst):
      test_dut_block0_inputProjection_inputQ.deq
      test_dut_block0_inputProjection_inputQ.i_notEmpty
    Reset 2
    (test_dut_block0_inputProjection_engine_localReset_leafReset.gen_rst):
      test_dut_block0_inputProjection_engine_activeOn.read
      test_dut_block0_inputProjection_engine_activeOn.write
      test_dut_block0_inputProjection_engine_emitOn.read
      test_dut_block0_inputProjection_engine_emitOn.write
      test_dut_block0_inputProjection_engine_outputQ.enq
      test_dut_block0_inputProjection_engine_outputQ.i_notFull
  During elaboration of rule `process8Emit' at
  "/workspace/scratch/e6420b0fda2a/dedicated-source/hw/bsv/SwayLinear.bsv",
  line 543, column 14.
  During elaboration of `engine' at
  "/workspace/scratch/e6420b0fda2a/dedicated-source/hw/bsv/SwayLinear.bsv",
  line 616, column 29.
  During elaboration of `inputProjection' at
  "/workspace/scratch/e6420b0fda2a/dedicated-source/hw/bsv/SwayBlock.bsv",
  line 139, column 28.
  During elaboration of `block0' at
  "/workspace/scratch/e6420b0fda2a/dedicated-source/hw/bsv/SwayBaseline.bsv",
  line 46, column 18.
  During elaboration of `dut' at
  "/workspace/scratch/e6420b0fda2a/dedicated-source/hw/sim/TbSwayPerf.bsv",
  line 19, column 17.
  During elaboration of `test' at
  "/workspace/scratch/e6420b0fda2a/dedicated-source/hw/sim/TbSwayPerf.bsv",
  line 114, column 13.
  During elaboration of `mkTbSwayPerf' at
  "/workspace/scratch/e6420b0fda2a/dedicated-source/hw/sim/TbSwayPerf.bsv",
  line 113, column 8.
Warning: "/workspace/scratch/e6420b0fda2a/dedicated-source/hw/bsv/SwayFoldedLinear.bsv", line 69, column 14: (G0043)
  Multiple reset signals influence rule
  `test_dut_block0_stateProjection_engine_process1Capture'.
  This can lead to inconsistent, non-atomic results when not all of these
  signals are asserted.
  Method calls by reset:
    Reset 1 (test_dut_block0_stateProjection_localReset_leafReset.gen_rst):
      test_dut_block0_stateProjection_inputQ.first
      test_dut_block0_stateProjection_inputQ.i_notEmpty
    Reset 2
    (test_dut_block0_stateProjection_engine_localReset_leafReset.gen_rst):
      test_dut_block0_stateProjection_engine_activeOn.read
      test_dut_block0_stateProjection_engine_startQ.enq
      test_dut_block0_stateProjection_engine_startQ.i_notFull
  During elaboration of rule `process1Capture' at
  "/workspace/scratch/e6420b0fda2a/dedicated-source/hw/bsv/SwayFoldedLinear.bsv",
  line 69, column 14.
  During elaboration of `engine' at
  "/workspace/scratch/e6420b0fda2a/dedicated-source/hw/bsv/SwayFoldedLinear.bsv",
  line 297, column 29.
  During elaboration of `stateProjection' at
  "/workspace/scratch/e6420b0fda2a/dedicated-source/hw/bsv/SwayBlock.bsv",
  line 141, column 28.
  During elaboration of `block0' at
  "/workspace/scratch/e6420b0fda2a/dedicated-source/hw/bsv/SwayBaseline.bsv",
  line 46, column 18.
  During elaboration of `dut' at
  "/workspace/scratch/e6420b0fda2a/dedicated-source/hw/sim/TbSwayPerf.bsv",
  line 19, column 17.
  During elaboration of `test' at
  "/workspace/scratch/e6420b0fda2a/dedicated-source/hw/sim/TbSwayPerf.bsv",
  line 114, column 13.
  During elaboration of `mkTbSwayPerf' at
  "/workspace/scratch/e6420b0fda2a/dedicated-source/hw/sim/TbSwayPerf.bsv",
  line 113, column 8.
Warning: "/workspace/scratch/e6420b0fda2a/dedicated-source/hw/bsv/SwayFoldedLinear.bsv", line 96, column 14: (G0043)
  Multiple reset signals influence rule
  `test_dut_block0_stateProjection_engine_process2Chunk'.
  This can lead to inconsistent, non-atomic results when not all of these
  signals are asserted.
  Method calls by reset:
    Reset 1 (test_dut_block0_stateProjection_localReset_leafReset.gen_rst):
      test_dut_block0_stateProjection_inputQ.first
      test_dut_block0_stateProjection_inputQ.i_notEmpty
    Reset 2
    (test_dut_block0_stateProjection_engine_localReset_leafReset.gen_rst):
      test_dut_block0_stateProjection_engine_chunkLoadOn.read
      test_dut_block0_stateProjection_engine_chunkLoadOn.write
      test_dut_block0_stateProjection_engine_issueOn.write
  During elaboration of rule `process2Chunk' at
  "/workspace/scratch/e6420b0fda2a/dedicated-source/hw/bsv/SwayFoldedLinear.bsv",
  line 96, column 14.
  During elaboration of `engine' at
  "/workspace/scratch/e6420b0fda2a/dedicated-source/hw/bsv/SwayFoldedLinear.bsv",
  line 297, column 29.
  During elaboration of `stateProjection' at
  "/workspace/scratch/e6420b0fda2a/dedicated-source/hw/bsv/SwayBlock.bsv",
  line 141, column 28.
  During elaboration of `block0' at
  "/workspace/scratch/e6420b0fda2a/dedicated-source/hw/bsv/SwayBaseline.bsv",
  line 46, column 18.
  During elaboration of `dut' at
  "/workspace/scratch/e6420b0fda2a/dedicated-source/hw/sim/TbSwayPerf.bsv",
  line 19, column 17.
  During elaboration of `test' at
  "/workspace/scratch/e6420b0fda2a/dedicated-source/hw/sim/TbSwayPerf.bsv",
  line 114, column 13.
  During elaboration of `mkTbSwayPerf' at
  "/workspace/scratch/e6420b0fda2a/dedicated-source/hw/sim/TbSwayPerf.bsv",
  line 113, column 8.
Warning: "/workspace/scratch/e6420b0fda2a/dedicated-source/hw/bsv/SwayFoldedLinear.bsv", line 253, column 14: (G0043)
  Multiple reset signals influence rule
  `test_dut_block0_stateProjection_engine_process8Emit'.
  This can lead to inconsistent, non-atomic results when not all of these
  signals are asserted.
  Method calls by reset:
    Reset 1 (test_dut_block0_stateProjection_localReset_leafReset.gen_rst):
      test_dut_block0_stateProjection_inputQ.deq
      test_dut_block0_stateProjection_inputQ.i_notEmpty
    Reset 2
    (test_dut_block0_stateProjection_engine_localReset_leafReset.gen_rst):
      test_dut_block0_stateProjection_engine_activeOn.read
      test_dut_block0_stateProjection_engine_activeOn.write
      test_dut_block0_stateProjection_engine_emitOn.read
      test_dut_block0_stateProjection_engine_emitOn.write
      test_dut_block0_stateProjection_engine_outputQ.enq
      test_dut_block0_stateProjection_engine_outputQ.i_notFull
  During elaboration of rule `process8Emit' at
  "/workspace/scratch/e6420b0fda2a/dedicated-source/hw/bsv/SwayFoldedLinear.bsv",
  line 253, column 14.
  During elaboration of `engine' at
  "/workspace/scratch/e6420b0fda2a/dedicated-source/hw/bsv/SwayFoldedLinear.bsv",
  line 297, column 29.
  During elaboration of `stateProjection' at
  "/workspace/scratch/e6420b0fda2a/dedicated-source/hw/bsv/SwayBlock.bsv",
  line 141, column 28.
  During elaboration of `block0' at
  "/workspace/scratch/e6420b0fda2a/dedicated-source/hw/bsv/SwayBaseline.bsv",
  line 46, column 18.
  During elaboration of `dut' at
  "/workspace/scratch/e6420b0fda2a/dedicated-source/hw/sim/TbSwayPerf.bsv",
  line 19, column 17.
  During elaboration of `test' at
  "/workspace/scratch/e6420b0fda2a/dedicated-source/hw/sim/TbSwayPerf.bsv",
  line 114, column 13.
  During elaboration of `mkTbSwayPerf' at
  "/workspace/scratch/e6420b0fda2a/dedicated-source/hw/sim/TbSwayPerf.bsv",
  line 113, column 8.
Warning: "/workspace/scratch/e6420b0fda2a/dedicated-source/hw/bsv/SwayFoldedLinear.bsv", line 69, column 14: (G0043)
  Multiple reset signals influence rule
  `test_dut_block0_outputProjection_engine_process1Capture'.
  This can lead to inconsistent, non-atomic results when not all of these
  signals are asserted.
  Method calls by reset:
    Reset 1 (test_dut_block0_outputProjection_localReset_leafReset.gen_rst):
      test_dut_block0_outputProjection_inputQ.first
      test_dut_block0_outputProjection_inputQ.i_notEmpty
    Reset 2
    (test_dut_block0_outputProjection_engine_localReset_leafReset.gen_rst):
      test_dut_block0_outputProjection_engine_activeOn.read
      test_dut_block0_outputProjection_engine_startQ.enq
      test_dut_block0_outputProjection_engine_startQ.i_notFull
  During elaboration of rule `process1Capture' at
  "/workspace/scratch/e6420b0fda2a/dedicated-source/hw/bsv/SwayFoldedLinear.bsv",
  line 69, column 14.
  During elaboration of `engine' at
  "/workspace/scratch/e6420b0fda2a/dedicated-source/hw/bsv/SwayFoldedLinear.bsv",
  line 297, column 29.
  During elaboration of `outputProjection' at
  "/workspace/scratch/e6420b0fda2a/dedicated-source/hw/bsv/SwayBlock.bsv",
  line 142, column 28.
  During elaboration of `block0' at
  "/workspace/scratch/e6420b0fda2a/dedicated-source/hw/bsv/SwayBaseline.bsv",
  line 46, column 18.
  During elaboration of `dut' at
  "/workspace/scratch/e6420b0fda2a/dedicated-source/hw/sim/TbSwayPerf.bsv",
  line 19, column 17.
  During elaboration of `test' at
  "/workspace/scratch/e6420b0fda2a/dedicated-source/hw/sim/TbSwayPerf.bsv",
  line 114, column 13.
  During elaboration of `mkTbSwayPerf' at
  "/workspace/scratch/e6420b0fda2a/dedicated-source/hw/sim/TbSwayPerf.bsv",
  line 113, column 8.
Warning: "/workspace/scratch/e6420b0fda2a/dedicated-source/hw/bsv/SwayFoldedLinear.bsv", line 96, column 14: (G0043)
  Multiple reset signals influence rule
  `test_dut_block0_outputProjection_engine_process2Chunk'.
  This can lead to inconsistent, non-atomic results when not all of these
  signals are asserted.
  Method calls by reset:
    Reset 1 (test_dut_block0_outputProjection_localReset_leafReset.gen_rst):
      test_dut_block0_outputProjection_inputQ.first
      test_dut_block0_outputProjection_inputQ.i_notEmpty
    Reset 2
    (test_dut_block0_outputProjection_engine_localReset_leafReset.gen_rst):
      test_dut_block0_outputProjection_engine_chunkLoadOn.read
      test_dut_block0_outputProjection_engine_chunkLoadOn.write
      test_dut_block0_outputProjection_engine_issueOn.write
  During elaboration of rule `process2Chunk' at
  "/workspace/scratch/e6420b0fda2a/dedicated-source/hw/bsv/SwayFoldedLinear.bsv",
  line 96, column 14.
  During elaboration of `engine' at
  "/workspace/scratch/e6420b0fda2a/dedicated-source/hw/bsv/SwayFoldedLinear.bsv",
  line 297, column 29.
  During elaboration of `outputProjection' at
  "/workspace/scratch/e6420b0fda2a/dedicated-source/hw/bsv/SwayBlock.bsv",
  line 142, column 28.
  During elaboration of `block0' at
  "/workspace/scratch/e6420b0fda2a/dedicated-source/hw/bsv/SwayBaseline.bsv",
  line 46, column 18.
  During elaboration of `dut' at
  "/workspace/scratch/e6420b0fda2a/dedicated-source/hw/sim/TbSwayPerf.bsv",
  line 19, column 17.
  During elaboration of `test' at
  "/workspace/scratch/e6420b0fda2a/dedicated-source/hw/sim/TbSwayPerf.bsv",
  line 114, column 13.
  During elaboration of `mkTbSwayPerf' at
  "/workspace/scratch/e6420b0fda2a/dedicated-source/hw/sim/TbSwayPerf.bsv",
  line 113, column 8.
Warning: "/workspace/scratch/e6420b0fda2a/dedicated-source/hw/bsv/SwayFoldedLinear.bsv", line 253, column 14: (G0043)
  Multiple reset signals influence rule
  `test_dut_block0_outputProjection_engine_process8Emit'.
  This can lead to inconsistent, non-atomic results when not all of these
  signals are asserted.
  Method calls by reset:
    Reset 1 (test_dut_block0_outputProjection_localReset_leafReset.gen_rst):
      test_dut_block0_outputProjection_inputQ.deq
      test_dut_block0_outputProjection_inputQ.i_notEmpty
    Reset 2
    (test_dut_block0_outputProjection_engine_localReset_leafReset.gen_rst):
      test_dut_block0_outputProjection_engine_activeOn.read
      test_dut_block0_outputProjection_engine_activeOn.write
      test_dut_block0_outputProjection_engine_emitOn.read
      test_dut_block0_outputProjection_engine_emitOn.write
      test_dut_block0_outputProjection_engine_outputQ.enq
      test_dut_block0_outputProjection_engine_outputQ.i_notFull
  During elaboration of rule `process8Emit' at
  "/workspace/scratch/e6420b0fda2a/dedicated-source/hw/bsv/SwayFoldedLinear.bsv",
  line 253, column 14.
  During elaboration of `engine' at
  "/workspace/scratch/e6420b0fda2a/dedicated-source/hw/bsv/SwayFoldedLinear.bsv",
  line 297, column 29.
  During elaboration of `outputProjection' at
  "/workspace/scratch/e6420b0fda2a/dedicated-source/hw/bsv/SwayBlock.bsv",
  line 142, column 28.
  During elaboration of `block0' at
  "/workspace/scratch/e6420b0fda2a/dedicated-source/hw/bsv/SwayBaseline.bsv",
  line 46, column 18.
  During elaboration of `dut' at
  "/workspace/scratch/e6420b0fda2a/dedicated-source/hw/sim/TbSwayPerf.bsv",
  line 19, column 17.
  During elaboration of `test' at
  "/workspace/scratch/e6420b0fda2a/dedicated-source/hw/sim/TbSwayPerf.bsv",
  line 114, column 13.
  During elaboration of `mkTbSwayPerf' at
  "/workspace/scratch/e6420b0fda2a/dedicated-source/hw/sim/TbSwayPerf.bsv",
  line 113, column 8.
Warning: "Prelude.bs", line 586, column 27: (G0024)
  The function unfolding steps interval has been exceeded when unfolding
  `Prelude.PrimIndex~Prelude.Integer~32'. The current number of steps is
  100000. Next warning at 200000 steps. Elaboration terminates at 1000000
  steps.
  During elaboration of the body of rule `process2_2' at
  "/workspace/scratch/e6420b0fda2a/dedicated-source/hw/bsv/SwayScan.bsv", line
  281, column 14.
  During elaboration of `scan' at
  "/workspace/scratch/e6420b0fda2a/dedicated-source/hw/bsv/SwayBlock.bsv",
  line 148, column 17.
  During elaboration of `block0' at
  "/workspace/scratch/e6420b0fda2a/dedicated-source/hw/bsv/SwayBaseline.bsv",
  line 46, column 18.
  During elaboration of `dut' at
  "/workspace/scratch/e6420b0fda2a/dedicated-source/hw/sim/TbSwayPerf.bsv",
  line 19, column 17.
  During elaboration of `test' at
  "/workspace/scratch/e6420b0fda2a/dedicated-source/hw/sim/TbSwayPerf.bsv",
  line 114, column 13.
  During elaboration of `mkTbSwayPerf' at
  "/workspace/scratch/e6420b0fda2a/dedicated-source/hw/sim/TbSwayPerf.bsv",
  line 113, column 8.
Warning: "Prelude.bs", line 2862, column 0: (G0024)
  The function unfolding steps interval has been exceeded when unfolding
  `isStaticValue'. The current number of steps is 200000. Next warning at
  300000 steps. Elaboration terminates at 1000000 steps.
  During elaboration of the body of rule `process2_2' at
  "/workspace/scratch/e6420b0fda2a/dedicated-source/hw/bsv/SwayScan.bsv", line
  281, column 14.
  During elaboration of `scan' at
  "/workspace/scratch/e6420b0fda2a/dedicated-source/hw/bsv/SwayBlock.bsv",
  line 148, column 17.
  During elaboration of `block0' at
  "/workspace/scratch/e6420b0fda2a/dedicated-source/hw/bsv/SwayBaseline.bsv",
  line 46, column 18.
  During elaboration of `dut' at
  "/workspace/scratch/e6420b0fda2a/dedicated-source/hw/sim/TbSwayPerf.bsv",
  line 19, column 17.
  During elaboration of `test' at
  "/workspace/scratch/e6420b0fda2a/dedicated-source/hw/sim/TbSwayPerf.bsv",
  line 114, column 13.
  During elaboration of `mkTbSwayPerf' at
  "/workspace/scratch/e6420b0fda2a/dedicated-source/hw/sim/TbSwayPerf.bsv",
  line 113, column 8.
Warning: "Prelude.bs", line 1335, column 9: (G0024)
  The function unfolding steps interval has been exceeded when unfolding
  `Prelude.Ord~Prelude.Integer'. The current number of steps is 300000. Next
  warning at 400000 steps. Elaboration terminates at 1000000 steps.
  During elaboration of the body of rule `process2_2' at
  "/workspace/scratch/e6420b0fda2a/dedicated-source/hw/bsv/SwayScan.bsv", line
  281, column 14.
  During elaboration of `scan' at
  "/workspace/scratch/e6420b0fda2a/dedicated-source/hw/bsv/SwayBlock.bsv",
  line 148, column 17.
  During elaboration of `block0' at
  "/workspace/scratch/e6420b0fda2a/dedicated-source/hw/bsv/SwayBaseline.bsv",
  line 46, column 18.
  During elaboration of `dut' at
  "/workspace/scratch/e6420b0fda2a/dedicated-source/hw/sim/TbSwayPerf.bsv",
  line 19, column 17.
  During elaboration of `test' at
  "/workspace/scratch/e6420b0fda2a/dedicated-source/hw/sim/TbSwayPerf.bsv",
  line 114, column 13.
  During elaboration of `mkTbSwayPerf' at
  "/workspace/scratch/e6420b0fda2a/dedicated-source/hw/sim/TbSwayPerf.bsv",
  line 113, column 8.
Warning: "/workspace/scratch/e6420b0fda2a/dedicated-source/hw/bsv/SwayBlock.bsv", line 227, column 14: (G0043)
  Multiple reset signals influence rule `test_dut_block0_process1'.
  This can lead to inconsistent, non-atomic results when not all of these
  signals are asserted.
  Method calls by reset:
    Reset 1 (test_dut_block0_localReset_leafReset.gen_rst):
      test_dut_block0_inputQ.deq
      test_dut_block0_inputQ.first
      test_dut_block0_inputQ.i_notEmpty
      test_dut_block0_residualQ.enq
      test_dut_block0_residualQ.i_notFull
    Reset 2 (test_dut_block0_normalization_localReset_leafReset.gen_rst):
      test_dut_block0_normalization_inputQ.enq
      test_dut_block0_normalization_inputQ.i_notFull
  During elaboration of rule `process1' at
  "/workspace/scratch/e6420b0fda2a/dedicated-source/hw/bsv/SwayBlock.bsv",
  line 227, column 14.
  During elaboration of `block0' at
  "/workspace/scratch/e6420b0fda2a/dedicated-source/hw/bsv/SwayBaseline.bsv",
  line 46, column 18.
  During elaboration of `dut' at
  "/workspace/scratch/e6420b0fda2a/dedicated-source/hw/sim/TbSwayPerf.bsv",
  line 19, column 17.
  During elaboration of `test' at
  "/workspace/scratch/e6420b0fda2a/dedicated-source/hw/sim/TbSwayPerf.bsv",
  line 114, column 13.
  During elaboration of `mkTbSwayPerf' at
  "/workspace/scratch/e6420b0fda2a/dedicated-source/hw/sim/TbSwayPerf.bsv",
  line 113, column 8.
Warning: "/workspace/scratch/e6420b0fda2a/dedicated-source/hw/bsv/SwayBlock.bsv", line 240, column 14: (G0043)
  Multiple reset signals influence rule `test_dut_block0_process2'.
  This can lead to inconsistent, non-atomic results when not all of these
  signals are asserted.
  Method calls by reset:
    Reset 1 (test_dut_block0_normalization_localReset_leafReset.gen_rst):
      test_dut_block0_normalization_outputQ.deq
      test_dut_block0_normalization_outputQ.first
      test_dut_block0_normalization_outputQ.i_notEmpty
    Reset 2 (test_dut_block0_inputProjection_localReset_leafReset.gen_rst):
      test_dut_block0_inputProjection_inputQ.enq
      test_dut_block0_inputProjection_inputQ.i_notFull
  During elaboration of rule `process2' at
  "/workspace/scratch/e6420b0fda2a/dedicated-source/hw/bsv/SwayBlock.bsv",
  line 240, column 14.
  During elaboration of `block0' at
  "/workspace/scratch/e6420b0fda2a/dedicated-source/hw/bsv/SwayBaseline.bsv",
  line 46, column 18.
  During elaboration of `dut' at
  "/workspace/scratch/e6420b0fda2a/dedicated-source/hw/sim/TbSwayPerf.bsv",
  line 19, column 17.
  During elaboration of `test' at
  "/workspace/scratch/e6420b0fda2a/dedicated-source/hw/sim/TbSwayPerf.bsv",
  line 114, column 13.
  During elaboration of `mkTbSwayPerf' at
  "/workspace/scratch/e6420b0fda2a/dedicated-source/hw/sim/TbSwayPerf.bsv",
  line 113, column 8.
Warning: "/workspace/scratch/e6420b0fda2a/dedicated-source/hw/bsv/SwayBlock.bsv", line 251, column 14: (G0043)
  Multiple reset signals influence rule `test_dut_block0_process3'.
  This can lead to inconsistent, non-atomic results when not all of these
  signals are asserted.
  Method calls by reset:
    Reset 1 (test_dut_block0_localReset_leafReset.gen_rst):
      test_dut_block0_expandedQ.enq test_dut_block0_expandedQ.i_notFull
    Reset 2
    (test_dut_block0_inputProjection_engine_localReset_leafReset.gen_rst):
      test_dut_block0_inputProjection_engine_outputQ.deq
      test_dut_block0_inputProjection_engine_outputQ.first
      test_dut_block0_inputProjection_engine_outputQ.i_notEmpty
  During elaboration of rule `process3' at
  "/workspace/scratch/e6420b0fda2a/dedicated-source/hw/bsv/SwayBlock.bsv",
  line 251, column 14.
  During elaboration of `block0' at
  "/workspace/scratch/e6420b0fda2a/dedicated-source/hw/bsv/SwayBaseline.bsv",
  line 46, column 18.
  During elaboration of `dut' at
  "/workspace/scratch/e6420b0fda2a/dedicated-source/hw/sim/TbSwayPerf.bsv",
  line 19, column 17.
  During elaboration of `test' at
  "/workspace/scratch/e6420b0fda2a/dedicated-source/hw/sim/TbSwayPerf.bsv",
  line 114, column 13.
  During elaboration of `mkTbSwayPerf' at
  "/workspace/scratch/e6420b0fda2a/dedicated-source/hw/sim/TbSwayPerf.bsv",
  line 113, column 8.
Warning: "/workspace/scratch/e6420b0fda2a/dedicated-source/hw/bsv/SwayBlock.bsv", line 479, column 14: (G0043)
  Multiple reset signals influence rule `test_dut_block0_process5'.
  This can lead to inconsistent, non-atomic results when not all of these
  signals are asserted.
  Method calls by reset:
    Reset 1 (test_dut_block0_localReset_leafReset.gen_rst):
      test_dut_block0_activatedQ.deq
      test_dut_block0_activatedQ.first
      test_dut_block0_activatedQ.i_notEmpty
      test_dut_block0_xDelayQ.enq
      test_dut_block0_xDelayQ.i_notFull
    Reset 2 (test_dut_block0_stateProjection_localReset_leafReset.gen_rst):
      test_dut_block0_stateProjection_inputQ.enq
      test_dut_block0_stateProjection_inputQ.i_notFull
  During elaboration of rule `process5' at
  "/workspace/scratch/e6420b0fda2a/dedicated-source/hw/bsv/SwayBlock.bsv",
  line 479, column 14.
  During elaboration of `block0' at
  "/workspace/scratch/e6420b0fda2a/dedicated-source/hw/bsv/SwayBaseline.bsv",
  line 46, column 18.
  During elaboration of `dut' at
  "/workspace/scratch/e6420b0fda2a/dedicated-source/hw/sim/TbSwayPerf.bsv",
  line 19, column 17.
  During elaboration of `test' at
  "/workspace/scratch/e6420b0fda2a/dedicated-source/hw/sim/TbSwayPerf.bsv",
  line 114, column 13.
  During elaboration of `mkTbSwayPerf' at
  "/workspace/scratch/e6420b0fda2a/dedicated-source/hw/sim/TbSwayPerf.bsv",
  line 113, column 8.
Warning: "/workspace/scratch/e6420b0fda2a/dedicated-source/hw/bsv/SwayBlock.bsv", line 492, column 14: (G0043)
  Multiple reset signals influence rule `test_dut_block0_process6'.
  This can lead to inconsistent, non-atomic results when not all of these
  signals are asserted.
  Method calls by reset:
    Reset 1 (test_dut_delta0_localReset_leafReset.gen_rst):
      test_dut_delta0_input0Q.enq test_dut_delta0_input0Q.i_notFull
    Reset 2 (test_dut_block0_localReset_leafReset.gen_rst):
      test_dut_block0_stateParameterQ.enq
      test_dut_block0_stateParameterQ.i_notFull
    Reset 3
    (test_dut_block0_stateProjection_engine_localReset_leafReset.gen_rst):
      test_dut_block0_stateProjection_engine_outputQ.deq
      test_dut_block0_stateProjection_engine_outputQ.first
      test_dut_block0_stateProjection_engine_outputQ.i_notEmpty
  During elaboration of rule `process6' at
  "/workspace/scratch/e6420b0fda2a/dedicated-source/hw/bsv/SwayBlock.bsv",
  line 492, column 14.
  During elaboration of `block0' at
  "/workspace/scratch/e6420b0fda2a/dedicated-source/hw/bsv/SwayBaseline.bsv",
  line 46, column 18.
  During elaboration of `dut' at
  "/workspace/scratch/e6420b0fda2a/dedicated-source/hw/sim/TbSwayPerf.bsv",
  line 19, column 17.
  During elaboration of `test' at
  "/workspace/scratch/e6420b0fda2a/dedicated-source/hw/sim/TbSwayPerf.bsv",
  line 114, column 13.
  During elaboration of `mkTbSwayPerf' at
  "/workspace/scratch/e6420b0fda2a/dedicated-source/hw/sim/TbSwayPerf.bsv",
  line 113, column 8.
Warning: "Prelude.bs", line 1335, column 9: (G0024)
  The function unfolding steps interval has been exceeded when unfolding
  `Prelude.Ord~Prelude.Integer'. The current number of steps is 400000. Next
  warning at 500000 steps. Elaboration terminates at 1000000 steps.
  During elaboration of the body of rule `process7' at
  "/workspace/scratch/e6420b0fda2a/dedicated-source/hw/bsv/SwayBlock.bsv",
  line 514, column 14.
  During elaboration of `block0' at
  "/workspace/scratch/e6420b0fda2a/dedicated-source/hw/bsv/SwayBaseline.bsv",
  line 46, column 18.
  During elaboration of `dut' at
  "/workspace/scratch/e6420b0fda2a/dedicated-source/hw/sim/TbSwayPerf.bsv",
  line 19, column 17.
  During elaboration of `test' at
  "/workspace/scratch/e6420b0fda2a/dedicated-source/hw/sim/TbSwayPerf.bsv",
  line 114, column 13.
  During elaboration of `mkTbSwayPerf' at
  "/workspace/scratch/e6420b0fda2a/dedicated-source/hw/sim/TbSwayPerf.bsv",
  line 113, column 8.
Warning: "/workspace/scratch/e6420b0fda2a/dedicated-source/hw/bsv/SwayBlock.bsv", line 514, column 14: (G0043)
  Multiple reset signals influence rule `test_dut_block0_process7'.
  This can lead to inconsistent, non-atomic results when not all of these
  signals are asserted.
  Method calls by reset:
    Reset 1 (test_dut_delta0_localReset_leafReset.gen_rst):
      test_dut_delta0_output0Q.deq
      test_dut_delta0_output0Q.first
      test_dut_delta0_output0Q.i_notEmpty
    Reset 2 (test_dut_block0_localReset_leafReset.gen_rst):
      test_dut_block0_stateParameterQ.deq
      test_dut_block0_stateParameterQ.first
      test_dut_block0_stateParameterQ.i_notEmpty
      test_dut_block0_xDelayQ.deq
      test_dut_block0_xDelayQ.first
      test_dut_block0_xDelayQ.i_notEmpty
    Reset 3 (test_dut_block0_scan_localReset_leafReset.gen_rst):
      test_dut_block0_scan_inputQ.enq test_dut_block0_scan_inputQ.i_notFull
  During elaboration of rule `process7' at
  "/workspace/scratch/e6420b0fda2a/dedicated-source/hw/bsv/SwayBlock.bsv",
  line 514, column 14.
  During elaboration of `block0' at
  "/workspace/scratch/e6420b0fda2a/dedicated-source/hw/bsv/SwayBaseline.bsv",
  line 46, column 18.
  During elaboration of `dut' at
  "/workspace/scratch/e6420b0fda2a/dedicated-source/hw/sim/TbSwayPerf.bsv",
  line 19, column 17.
  During elaboration of `test' at
  "/workspace/scratch/e6420b0fda2a/dedicated-source/hw/sim/TbSwayPerf.bsv",
  line 114, column 13.
  During elaboration of `mkTbSwayPerf' at
  "/workspace/scratch/e6420b0fda2a/dedicated-source/hw/sim/TbSwayPerf.bsv",
  line 113, column 8.
Warning: "/workspace/scratch/e6420b0fda2a/dedicated-source/hw/bsv/SwayBlock.bsv", line 538, column 14: (G0043)
  Multiple reset signals influence rule `test_dut_block0_process8'.
  This can lead to inconsistent, non-atomic results when not all of these
  signals are asserted.
  Method calls by reset:
    Reset 1 (test_dut_block0_localReset_leafReset.gen_rst):
      test_dut_block0_gateDelayQ.deq
      test_dut_block0_gateDelayQ.first
      test_dut_block0_gateDelayQ.i_notEmpty
      test_dut_block0_gatingOn.read
      test_dut_block0_gatingOn.write
    Reset 2 (test_dut_block0_scan_localReset_leafReset.gen_rst):
      test_dut_block0_scan_outputQ.deq
      test_dut_block0_scan_outputQ.first
      test_dut_block0_scan_outputQ.i_notEmpty
  During elaboration of rule `process8' at
  "/workspace/scratch/e6420b0fda2a/dedicated-source/hw/bsv/SwayBlock.bsv",
  line 538, column 14.
  During elaboration of `block0' at
  "/workspace/scratch/e6420b0fda2a/dedicated-source/hw/bsv/SwayBaseline.bsv",
  line 46, column 18.
  During elaboration of `dut' at
  "/workspace/scratch/e6420b0fda2a/dedicated-source/hw/sim/TbSwayPerf.bsv",
  line 19, column 17.
  During elaboration of `test' at
  "/workspace/scratch/e6420b0fda2a/dedicated-source/hw/sim/TbSwayPerf.bsv",
  line 114, column 13.
  During elaboration of `mkTbSwayPerf' at
  "/workspace/scratch/e6420b0fda2a/dedicated-source/hw/sim/TbSwayPerf.bsv",
  line 113, column 8.
Warning: "/workspace/scratch/e6420b0fda2a/dedicated-source/hw/bsv/SwayBlock.bsv", line 614, column 14: (G0043)
  Multiple reset signals influence rule `test_dut_block0_process9_5'.
  This can lead to inconsistent, non-atomic results when not all of these
  signals are asserted.
  Method calls by reset:
    Reset 1 (test_dut_block0_localReset_leafReset.gen_rst):
      test_dut_block0_gateEmitOn.read
      test_dut_block0_gateEmitOn.write
      test_dut_block0_gatingOn.read
      test_dut_block0_gatingOn.write
    Reset 2 (test_dut_block0_outputProjection_localReset_leafReset.gen_rst):
      test_dut_block0_outputProjection_inputQ.enq
      test_dut_block0_outputProjection_inputQ.i_notFull
  During elaboration of rule `process9_5' at
  "/workspace/scratch/e6420b0fda2a/dedicated-source/hw/bsv/SwayBlock.bsv",
  line 614, column 14.
  During elaboration of `block0' at
  "/workspace/scratch/e6420b0fda2a/dedicated-source/hw/bsv/SwayBaseline.bsv",
  line 46, column 18.
  During elaboration of `dut' at
  "/workspace/scratch/e6420b0fda2a/dedicated-source/hw/sim/TbSwayPerf.bsv",
  line 19, column 17.
  During elaboration of `test' at
  "/workspace/scratch/e6420b0fda2a/dedicated-source/hw/sim/TbSwayPerf.bsv",
  line 114, column 13.
  During elaboration of `mkTbSwayPerf' at
  "/workspace/scratch/e6420b0fda2a/dedicated-source/hw/sim/TbSwayPerf.bsv",
  line 113, column 8.
Warning: "/workspace/scratch/e6420b0fda2a/dedicated-source/hw/bsv/SwayBlock.bsv", line 636, column 14: (G0043)
  Multiple reset signals influence rule `test_dut_block0_process10'.
  This can lead to inconsistent, non-atomic results when not all of these
  signals are asserted.
  Method calls by reset:
    Reset 1 (test_dut_block0_localReset_leafReset.gen_rst):
      test_dut_block0_residualQ.deq
      test_dut_block0_residualQ.first
      test_dut_block0_residualQ.i_notEmpty
      test_dut_block0_residualSumQ.enq
      test_dut_block0_residualSumQ.i_notFull
    Reset 2
    (test_dut_block0_outputProjection_engine_localReset_leafReset.gen_rst):
      test_dut_block0_outputProjection_engine_outputQ.deq
      test_dut_block0_outputProjection_engine_outputQ.first
      test_dut_block0_outputProjection_engine_outputQ.i_notEmpty
  During elaboration of rule `process10' at
  "/workspace/scratch/e6420b0fda2a/dedicated-source/hw/bsv/SwayBlock.bsv",
  line 636, column 14.
  During elaboration of `block0' at
  "/workspace/scratch/e6420b0fda2a/dedicated-source/hw/bsv/SwayBaseline.bsv",
  line 46, column 18.
  During elaboration of `dut' at
  "/workspace/scratch/e6420b0fda2a/dedicated-source/hw/sim/TbSwayPerf.bsv",
  line 19, column 17.
  During elaboration of `test' at
  "/workspace/scratch/e6420b0fda2a/dedicated-source/hw/sim/TbSwayPerf.bsv",
  line 114, column 13.
  During elaboration of `mkTbSwayPerf' at
  "/workspace/scratch/e6420b0fda2a/dedicated-source/hw/sim/TbSwayPerf.bsv",
  line 113, column 8.
Warning: "/workspace/scratch/e6420b0fda2a/dedicated-source/hw/bsv/SwayLinear.bsv", line 141, column 14: (G0043)
  Multiple reset signals influence rule
  `test_dut_block1_inputProjection_engine_process1Capture'.
  This can lead to inconsistent, non-atomic results when not all of these
  signals are asserted.
  Method calls by reset:
    Reset 1 (test_dut_block1_inputProjection_localReset_leafReset.gen_rst):
      test_dut_block1_inputProjection_inputQ.first
      test_dut_block1_inputProjection_inputQ.i_notEmpty
    Reset 2
    (test_dut_block1_inputProjection_engine_localReset_leafReset.gen_rst):
      test_dut_block1_inputProjection_engine_activeOn.read
      test_dut_block1_inputProjection_engine_startQ.enq
      test_dut_block1_inputProjection_engine_startQ.i_notFull
  During elaboration of rule `process1Capture' at
  "/workspace/scratch/e6420b0fda2a/dedicated-source/hw/bsv/SwayLinear.bsv",
  line 141, column 14.
  During elaboration of `engine' at
  "/workspace/scratch/e6420b0fda2a/dedicated-source/hw/bsv/SwayLinear.bsv",
  line 616, column 29.
  During elaboration of `inputProjection' at
  "/workspace/scratch/e6420b0fda2a/dedicated-source/hw/bsv/SwayBlock.bsv",
  line 139, column 28.
  During elaboration of `block1' at
  "/workspace/scratch/e6420b0fda2a/dedicated-source/hw/bsv/SwayBaseline.bsv",
  line 47, column 18.
  During elaboration of `dut' at
  "/workspace/scratch/e6420b0fda2a/dedicated-source/hw/sim/TbSwayPerf.bsv",
  line 19, column 17.
  During elaboration of `test' at
  "/workspace/scratch/e6420b0fda2a/dedicated-source/hw/sim/TbSwayPerf.bsv",
  line 114, column 13.
  During elaboration of `mkTbSwayPerf' at
  "/workspace/scratch/e6420b0fda2a/dedicated-source/hw/sim/TbSwayPerf.bsv",
  line 113, column 8.
Warning: "/workspace/scratch/e6420b0fda2a/dedicated-source/hw/bsv/SwayLinear.bsv", line 200, column 14: (G0043)
  Multiple reset signals influence rule
  `test_dut_block1_inputProjection_engine_process2Chunk'.
  This can lead to inconsistent, non-atomic results when not all of these
  signals are asserted.
  Method calls by reset:
    Reset 1 (test_dut_block1_inputProjection_localReset_leafReset.gen_rst):
      test_dut_block1_inputProjection_inputQ.first
      test_dut_block1_inputProjection_inputQ.i_notEmpty
    Reset 2
    (test_dut_block1_inputProjection_engine_localReset_leafReset.gen_rst):
      test_dut_block1_inputProjection_engine_chunkLoadOn.read
      test_dut_block1_inputProjection_engine_chunkLoadOn.write
      test_dut_block1_inputProjection_engine_issueOn.write
  During elaboration of rule `process2Chunk' at
  "/workspace/scratch/e6420b0fda2a/dedicated-source/hw/bsv/SwayLinear.bsv",
  line 200, column 14.
  During elaboration of `engine' at
  "/workspace/scratch/e6420b0fda2a/dedicated-source/hw/bsv/SwayLinear.bsv",
  line 616, column 29.
  During elaboration of `inputProjection' at
  "/workspace/scratch/e6420b0fda2a/dedicated-source/hw/bsv/SwayBlock.bsv",
  line 139, column 28.
  During elaboration of `block1' at
  "/workspace/scratch/e6420b0fda2a/dedicated-source/hw/bsv/SwayBaseline.bsv",
  line 47, column 18.
  During elaboration of `dut' at
  "/workspace/scratch/e6420b0fda2a/dedicated-source/hw/sim/TbSwayPerf.bsv",
  line 19, column 17.
  During elaboration of `test' at
  "/workspace/scratch/e6420b0fda2a/dedicated-source/hw/sim/TbSwayPerf.bsv",
  line 114, column 13.
  During elaboration of `mkTbSwayPerf' at
  "/workspace/scratch/e6420b0fda2a/dedicated-source/hw/sim/TbSwayPerf.bsv",
  line 113, column 8.
Warning: "/workspace/scratch/e6420b0fda2a/dedicated-source/hw/bsv/SwayLinear.bsv", line 543, column 14: (G0043)
  Multiple reset signals influence rule
  `test_dut_block1_inputProjection_engine_process8Emit'.
  This can lead to inconsistent, non-atomic results when not all of these
  signals are asserted.
  Method calls by reset:
    Reset 1 (test_dut_block1_inputProjection_localReset_leafReset.gen_rst):
      test_dut_block1_inputProjection_inputQ.deq
      test_dut_block1_inputProjection_inputQ.i_notEmpty
    Reset 2
    (test_dut_block1_inputProjection_engine_localReset_leafReset.gen_rst):
      test_dut_block1_inputProjection_engine_activeOn.read
      test_dut_block1_inputProjection_engine_activeOn.write
      test_dut_block1_inputProjection_engine_emitOn.read
      test_dut_block1_inputProjection_engine_emitOn.write
      test_dut_block1_inputProjection_engine_outputQ.enq
      test_dut_block1_inputProjection_engine_outputQ.i_notFull
  During elaboration of rule `process8Emit' at
  "/workspace/scratch/e6420b0fda2a/dedicated-source/hw/bsv/SwayLinear.bsv",
  line 543, column 14.
  During elaboration of `engine' at
  "/workspace/scratch/e6420b0fda2a/dedicated-source/hw/bsv/SwayLinear.bsv",
  line 616, column 29.
  During elaboration of `inputProjection' at
  "/workspace/scratch/e6420b0fda2a/dedicated-source/hw/bsv/SwayBlock.bsv",
  line 139, column 28.
  During elaboration of `block1' at
  "/workspace/scratch/e6420b0fda2a/dedicated-source/hw/bsv/SwayBaseline.bsv",
  line 47, column 18.
  During elaboration of `dut' at
  "/workspace/scratch/e6420b0fda2a/dedicated-source/hw/sim/TbSwayPerf.bsv",
  line 19, column 17.
  During elaboration of `test' at
  "/workspace/scratch/e6420b0fda2a/dedicated-source/hw/sim/TbSwayPerf.bsv",
  line 114, column 13.
  During elaboration of `mkTbSwayPerf' at
  "/workspace/scratch/e6420b0fda2a/dedicated-source/hw/sim/TbSwayPerf.bsv",
  line 113, column 8.
Warning: "/workspace/scratch/e6420b0fda2a/dedicated-source/hw/bsv/SwayFoldedLinear.bsv", line 69, column 14: (G0043)
  Multiple reset signals influence rule
  `test_dut_block1_stateProjection_engine_process1Capture'.
  This can lead to inconsistent, non-atomic results when not all of these
  signals are asserted.
  Method calls by reset:
    Reset 1 (test_dut_block1_stateProjection_localReset_leafReset.gen_rst):
      test_dut_block1_stateProjection_inputQ.first
      test_dut_block1_stateProjection_inputQ.i_notEmpty
    Reset 2
    (test_dut_block1_stateProjection_engine_localReset_leafReset.gen_rst):
      test_dut_block1_stateProjection_engine_activeOn.read
      test_dut_block1_stateProjection_engine_startQ.enq
      test_dut_block1_stateProjection_engine_startQ.i_notFull
  During elaboration of rule `process1Capture' at
  "/workspace/scratch/e6420b0fda2a/dedicated-source/hw/bsv/SwayFoldedLinear.bsv",
  line 69, column 14.
  During elaboration of `engine' at
  "/workspace/scratch/e6420b0fda2a/dedicated-source/hw/bsv/SwayFoldedLinear.bsv",
  line 297, column 29.
  During elaboration of `stateProjection' at
  "/workspace/scratch/e6420b0fda2a/dedicated-source/hw/bsv/SwayBlock.bsv",
  line 141, column 28.
  During elaboration of `block1' at
  "/workspace/scratch/e6420b0fda2a/dedicated-source/hw/bsv/SwayBaseline.bsv",
  line 47, column 18.
  During elaboration of `dut' at
  "/workspace/scratch/e6420b0fda2a/dedicated-source/hw/sim/TbSwayPerf.bsv",
  line 19, column 17.
  During elaboration of `test' at
  "/workspace/scratch/e6420b0fda2a/dedicated-source/hw/sim/TbSwayPerf.bsv",
  line 114, column 13.
  During elaboration of `mkTbSwayPerf' at
  "/workspace/scratch/e6420b0fda2a/dedicated-source/hw/sim/TbSwayPerf.bsv",
  line 113, column 8.
Warning: "/workspace/scratch/e6420b0fda2a/dedicated-source/hw/bsv/SwayFoldedLinear.bsv", line 96, column 14: (G0043)
  Multiple reset signals influence rule
  `test_dut_block1_stateProjection_engine_process2Chunk'.
  This can lead to inconsistent, non-atomic results when not all of these
  signals are asserted.
  Method calls by reset:
    Reset 1 (test_dut_block1_stateProjection_localReset_leafReset.gen_rst):
      test_dut_block1_stateProjection_inputQ.first
      test_dut_block1_stateProjection_inputQ.i_notEmpty
    Reset 2
    (test_dut_block1_stateProjection_engine_localReset_leafReset.gen_rst):
      test_dut_block1_stateProjection_engine_chunkLoadOn.read
      test_dut_block1_stateProjection_engine_chunkLoadOn.write
      test_dut_block1_stateProjection_engine_issueOn.write
  During elaboration of rule `process2Chunk' at
  "/workspace/scratch/e6420b0fda2a/dedicated-source/hw/bsv/SwayFoldedLinear.bsv",
  line 96, column 14.
  During elaboration of `engine' at
  "/workspace/scratch/e6420b0fda2a/dedicated-source/hw/bsv/SwayFoldedLinear.bsv",
  line 297, column 29.
  During elaboration of `stateProjection' at
  "/workspace/scratch/e6420b0fda2a/dedicated-source/hw/bsv/SwayBlock.bsv",
  line 141, column 28.
  During elaboration of `block1' at
  "/workspace/scratch/e6420b0fda2a/dedicated-source/hw/bsv/SwayBaseline.bsv",
  line 47, column 18.
  During elaboration of `dut' at
  "/workspace/scratch/e6420b0fda2a/dedicated-source/hw/sim/TbSwayPerf.bsv",
  line 19, column 17.
  During elaboration of `test' at
  "/workspace/scratch/e6420b0fda2a/dedicated-source/hw/sim/TbSwayPerf.bsv",
  line 114, column 13.
  During elaboration of `mkTbSwayPerf' at
  "/workspace/scratch/e6420b0fda2a/dedicated-source/hw/sim/TbSwayPerf.bsv",
  line 113, column 8.
Warning: "/workspace/scratch/e6420b0fda2a/dedicated-source/hw/bsv/SwayFoldedLinear.bsv", line 253, column 14: (G0043)
  Multiple reset signals influence rule
  `test_dut_block1_stateProjection_engine_process8Emit'.
  This can lead to inconsistent, non-atomic results when not all of these
  signals are asserted.
  Method calls by reset:
    Reset 1 (test_dut_block1_stateProjection_localReset_leafReset.gen_rst):
      test_dut_block1_stateProjection_inputQ.deq
      test_dut_block1_stateProjection_inputQ.i_notEmpty
    Reset 2
    (test_dut_block1_stateProjection_engine_localReset_leafReset.gen_rst):
      test_dut_block1_stateProjection_engine_activeOn.read
      test_dut_block1_stateProjection_engine_activeOn.write
      test_dut_block1_stateProjection_engine_emitOn.read
      test_dut_block1_stateProjection_engine_emitOn.write
      test_dut_block1_stateProjection_engine_outputQ.enq
      test_dut_block1_stateProjection_engine_outputQ.i_notFull
  During elaboration of rule `process8Emit' at
  "/workspace/scratch/e6420b0fda2a/dedicated-source/hw/bsv/SwayFoldedLinear.bsv",
  line 253, column 14.
  During elaboration of `engine' at
  "/workspace/scratch/e6420b0fda2a/dedicated-source/hw/bsv/SwayFoldedLinear.bsv",
  line 297, column 29.
  During elaboration of `stateProjection' at
  "/workspace/scratch/e6420b0fda2a/dedicated-source/hw/bsv/SwayBlock.bsv",
  line 141, column 28.
  During elaboration of `block1' at
  "/workspace/scratch/e6420b0fda2a/dedicated-source/hw/bsv/SwayBaseline.bsv",
  line 47, column 18.
  During elaboration of `dut' at
  "/workspace/scratch/e6420b0fda2a/dedicated-source/hw/sim/TbSwayPerf.bsv",
  line 19, column 17.
  During elaboration of `test' at
  "/workspace/scratch/e6420b0fda2a/dedicated-source/hw/sim/TbSwayPerf.bsv",
  line 114, column 13.
  During elaboration of `mkTbSwayPerf' at
  "/workspace/scratch/e6420b0fda2a/dedicated-source/hw/sim/TbSwayPerf.bsv",
  line 113, column 8.
Warning: "/workspace/scratch/e6420b0fda2a/dedicated-source/hw/bsv/SwayFoldedLinear.bsv", line 69, column 14: (G0043)
  Multiple reset signals influence rule
  `test_dut_block1_outputProjection_engine_process1Capture'.
  This can lead to inconsistent, non-atomic results when not all of these
  signals are asserted.
  Method calls by reset:
    Reset 1 (test_dut_block1_outputProjection_localReset_leafReset.gen_rst):
      test_dut_block1_outputProjection_inputQ.first
      test_dut_block1_outputProjection_inputQ.i_notEmpty
    Reset 2
    (test_dut_block1_outputProjection_engine_localReset_leafReset.gen_rst):
      test_dut_block1_outputProjection_engine_activeOn.read
      test_dut_block1_outputProjection_engine_startQ.enq
      test_dut_block1_outputProjection_engine_startQ.i_notFull
  During elaboration of rule `process1Capture' at
  "/workspace/scratch/e6420b0fda2a/dedicated-source/hw/bsv/SwayFoldedLinear.bsv",
  line 69, column 14.
  During elaboration of `engine' at
  "/workspace/scratch/e6420b0fda2a/dedicated-source/hw/bsv/SwayFoldedLinear.bsv",
  line 297, column 29.
  During elaboration of `outputProjection' at
  "/workspace/scratch/e6420b0fda2a/dedicated-source/hw/bsv/SwayBlock.bsv",
  line 142, column 28.
  During elaboration of `block1' at
  "/workspace/scratch/e6420b0fda2a/dedicated-source/hw/bsv/SwayBaseline.bsv",
  line 47, column 18.
  During elaboration of `dut' at
  "/workspace/scratch/e6420b0fda2a/dedicated-source/hw/sim/TbSwayPerf.bsv",
  line 19, column 17.
  During elaboration of `test' at
  "/workspace/scratch/e6420b0fda2a/dedicated-source/hw/sim/TbSwayPerf.bsv",
  line 114, column 13.
  During elaboration of `mkTbSwayPerf' at
  "/workspace/scratch/e6420b0fda2a/dedicated-source/hw/sim/TbSwayPerf.bsv",
  line 113, column 8.
Warning: "/workspace/scratch/e6420b0fda2a/dedicated-source/hw/bsv/SwayFoldedLinear.bsv", line 96, column 14: (G0043)
  Multiple reset signals influence rule
  `test_dut_block1_outputProjection_engine_process2Chunk'.
  This can lead to inconsistent, non-atomic results when not all of these
  signals are asserted.
  Method calls by reset:
    Reset 1 (test_dut_block1_outputProjection_localReset_leafReset.gen_rst):
      test_dut_block1_outputProjection_inputQ.first
      test_dut_block1_outputProjection_inputQ.i_notEmpty
    Reset 2
    (test_dut_block1_outputProjection_engine_localReset_leafReset.gen_rst):
      test_dut_block1_outputProjection_engine_chunkLoadOn.read
      test_dut_block1_outputProjection_engine_chunkLoadOn.write
      test_dut_block1_outputProjection_engine_issueOn.write
  During elaboration of rule `process2Chunk' at
  "/workspace/scratch/e6420b0fda2a/dedicated-source/hw/bsv/SwayFoldedLinear.bsv",
  line 96, column 14.
  During elaboration of `engine' at
  "/workspace/scratch/e6420b0fda2a/dedicated-source/hw/bsv/SwayFoldedLinear.bsv",
  line 297, column 29.
  During elaboration of `outputProjection' at
  "/workspace/scratch/e6420b0fda2a/dedicated-source/hw/bsv/SwayBlock.bsv",
  line 142, column 28.
  During elaboration of `block1' at
  "/workspace/scratch/e6420b0fda2a/dedicated-source/hw/bsv/SwayBaseline.bsv",
  line 47, column 18.
  During elaboration of `dut' at
  "/workspace/scratch/e6420b0fda2a/dedicated-source/hw/sim/TbSwayPerf.bsv",
  line 19, column 17.
  During elaboration of `test' at
  "/workspace/scratch/e6420b0fda2a/dedicated-source/hw/sim/TbSwayPerf.bsv",
  line 114, column 13.
  During elaboration of `mkTbSwayPerf' at
  "/workspace/scratch/e6420b0fda2a/dedicated-source/hw/sim/TbSwayPerf.bsv",
  line 113, column 8.
Warning: "/workspace/scratch/e6420b0fda2a/dedicated-source/hw/bsv/SwayFoldedLinear.bsv", line 253, column 14: (G0043)
  Multiple reset signals influence rule
  `test_dut_block1_outputProjection_engine_process8Emit'.
  This can lead to inconsistent, non-atomic results when not all of these
  signals are asserted.
  Method calls by reset:
    Reset 1 (test_dut_block1_outputProjection_localReset_leafReset.gen_rst):
      test_dut_block1_outputProjection_inputQ.deq
      test_dut_block1_outputProjection_inputQ.i_notEmpty
    Reset 2
    (test_dut_block1_outputProjection_engine_localReset_leafReset.gen_rst):
      test_dut_block1_outputProjection_engine_activeOn.read
      test_dut_block1_outputProjection_engine_activeOn.write
      test_dut_block1_outputProjection_engine_emitOn.read
      test_dut_block1_outputProjection_engine_emitOn.write
      test_dut_block1_outputProjection_engine_outputQ.enq
      test_dut_block1_outputProjection_engine_outputQ.i_notFull
  During elaboration of rule `process8Emit' at
  "/workspace/scratch/e6420b0fda2a/dedicated-source/hw/bsv/SwayFoldedLinear.bsv",
  line 253, column 14.
  During elaboration of `engine' at
  "/workspace/scratch/e6420b0fda2a/dedicated-source/hw/bsv/SwayFoldedLinear.bsv",
  line 297, column 29.
  During elaboration of `outputProjection' at
  "/workspace/scratch/e6420b0fda2a/dedicated-source/hw/bsv/SwayBlock.bsv",
  line 142, column 28.
  During elaboration of `block1' at
  "/workspace/scratch/e6420b0fda2a/dedicated-source/hw/bsv/SwayBaseline.bsv",
  line 47, column 18.
  During elaboration of `dut' at
  "/workspace/scratch/e6420b0fda2a/dedicated-source/hw/sim/TbSwayPerf.bsv",
  line 19, column 17.
  During elaboration of `test' at
  "/workspace/scratch/e6420b0fda2a/dedicated-source/hw/sim/TbSwayPerf.bsv",
  line 114, column 13.
  During elaboration of `mkTbSwayPerf' at
  "/workspace/scratch/e6420b0fda2a/dedicated-source/hw/sim/TbSwayPerf.bsv",
  line 113, column 8.
Warning: "Prelude.bs", line 1335, column 9: (G0024)
  The function unfolding steps interval has been exceeded when unfolding
  `Prelude.Ord~Prelude.Integer'. The current number of steps is 500000. Next
  warning at 600000 steps. Elaboration terminates at 1000000 steps.
  During elaboration of the body of rule `process2_2' at
  "/workspace/scratch/e6420b0fda2a/dedicated-source/hw/bsv/SwayScan.bsv", line
  281, column 14.
  During elaboration of `scan' at
  "/workspace/scratch/e6420b0fda2a/dedicated-source/hw/bsv/SwayBlock.bsv",
  line 148, column 17.
  During elaboration of `block1' at
  "/workspace/scratch/e6420b0fda2a/dedicated-source/hw/bsv/SwayBaseline.bsv",
  line 47, column 18.
  During elaboration of `dut' at
  "/workspace/scratch/e6420b0fda2a/dedicated-source/hw/sim/TbSwayPerf.bsv",
  line 19, column 17.
  During elaboration of `test' at
  "/workspace/scratch/e6420b0fda2a/dedicated-source/hw/sim/TbSwayPerf.bsv",
  line 114, column 13.
  During elaboration of `mkTbSwayPerf' at
  "/workspace/scratch/e6420b0fda2a/dedicated-source/hw/sim/TbSwayPerf.bsv",
  line 113, column 8.
Warning: "Prelude.bs", line 1335, column 9: (G0024)
  The function unfolding steps interval has been exceeded when unfolding
  `Prelude.Ord~Prelude.Integer'. The current number of steps is 600000. Next
  warning at 700000 steps. Elaboration terminates at 1000000 steps.
  During elaboration of the body of rule `process2_2' at
  "/workspace/scratch/e6420b0fda2a/dedicated-source/hw/bsv/SwayScan.bsv", line
  281, column 14.
  During elaboration of `scan' at
  "/workspace/scratch/e6420b0fda2a/dedicated-source/hw/bsv/SwayBlock.bsv",
  line 148, column 17.
  During elaboration of `block1' at
  "/workspace/scratch/e6420b0fda2a/dedicated-source/hw/bsv/SwayBaseline.bsv",
  line 47, column 18.
  During elaboration of `dut' at
  "/workspace/scratch/e6420b0fda2a/dedicated-source/hw/sim/TbSwayPerf.bsv",
  line 19, column 17.
  During elaboration of `test' at
  "/workspace/scratch/e6420b0fda2a/dedicated-source/hw/sim/TbSwayPerf.bsv",
  line 114, column 13.
  During elaboration of `mkTbSwayPerf' at
  "/workspace/scratch/e6420b0fda2a/dedicated-source/hw/sim/TbSwayPerf.bsv",
  line 113, column 8.
Warning: "Prelude.bs", line 586, column 27: (G0024)
  The function unfolding steps interval has been exceeded when unfolding
  `Prelude.PrimIndex~Prelude.Integer~32'. The current number of steps is
  700000. Next warning at 800000 steps. Elaboration terminates at 1000000
  steps.
  During elaboration of the body of rule `process2_2' at
  "/workspace/scratch/e6420b0fda2a/dedicated-source/hw/bsv/SwayScan.bsv", line
  281, column 14.
  During elaboration of `scan' at
  "/workspace/scratch/e6420b0fda2a/dedicated-source/hw/bsv/SwayBlock.bsv",
  line 148, column 17.
  During elaboration of `block1' at
  "/workspace/scratch/e6420b0fda2a/dedicated-source/hw/bsv/SwayBaseline.bsv",
  line 47, column 18.
  During elaboration of `dut' at
  "/workspace/scratch/e6420b0fda2a/dedicated-source/hw/sim/TbSwayPerf.bsv",
  line 19, column 17.
  During elaboration of `test' at
  "/workspace/scratch/e6420b0fda2a/dedicated-source/hw/sim/TbSwayPerf.bsv",
  line 114, column 13.
  During elaboration of `mkTbSwayPerf' at
  "/workspace/scratch/e6420b0fda2a/dedicated-source/hw/sim/TbSwayPerf.bsv",
  line 113, column 8.
Warning: "/workspace/scratch/e6420b0fda2a/dedicated-source/hw/bsv/SwayBlock.bsv", line 227, column 14: (G0043)
  Multiple reset signals influence rule `test_dut_block1_process1'.
  This can lead to inconsistent, non-atomic results when not all of these
  signals are asserted.
  Method calls by reset:
    Reset 1 (test_dut_block1_localReset_leafReset.gen_rst):
      test_dut_block1_inputQ.deq
      test_dut_block1_inputQ.first
      test_dut_block1_inputQ.i_notEmpty
      test_dut_block1_residualQ.enq
      test_dut_block1_residualQ.i_notFull
    Reset 2 (test_dut_block1_normalization_localReset_leafReset.gen_rst):
      test_dut_block1_normalization_inputQ.enq
      test_dut_block1_normalization_inputQ.i_notFull
  During elaboration of rule `process1' at
  "/workspace/scratch/e6420b0fda2a/dedicated-source/hw/bsv/SwayBlock.bsv",
  line 227, column 14.
  During elaboration of `block1' at
  "/workspace/scratch/e6420b0fda2a/dedicated-source/hw/bsv/SwayBaseline.bsv",
  line 47, column 18.
  During elaboration of `dut' at
  "/workspace/scratch/e6420b0fda2a/dedicated-source/hw/sim/TbSwayPerf.bsv",
  line 19, column 17.
  During elaboration of `test' at
  "/workspace/scratch/e6420b0fda2a/dedicated-source/hw/sim/TbSwayPerf.bsv",
  line 114, column 13.
  During elaboration of `mkTbSwayPerf' at
  "/workspace/scratch/e6420b0fda2a/dedicated-source/hw/sim/TbSwayPerf.bsv",
  line 113, column 8.
Warning: "/workspace/scratch/e6420b0fda2a/dedicated-source/hw/bsv/SwayBlock.bsv", line 240, column 14: (G0043)
  Multiple reset signals influence rule `test_dut_block1_process2'.
  This can lead to inconsistent, non-atomic results when not all of these
  signals are asserted.
  Method calls by reset:
    Reset 1 (test_dut_block1_normalization_localReset_leafReset.gen_rst):
      test_dut_block1_normalization_outputQ.deq
      test_dut_block1_normalization_outputQ.first
      test_dut_block1_normalization_outputQ.i_notEmpty
    Reset 2 (test_dut_block1_inputProjection_localReset_leafReset.gen_rst):
      test_dut_block1_inputProjection_inputQ.enq
      test_dut_block1_inputProjection_inputQ.i_notFull
  During elaboration of rule `process2' at
  "/workspace/scratch/e6420b0fda2a/dedicated-source/hw/bsv/SwayBlock.bsv",
  line 240, column 14.
  During elaboration of `block1' at
  "/workspace/scratch/e6420b0fda2a/dedicated-source/hw/bsv/SwayBaseline.bsv",
  line 47, column 18.
  During elaboration of `dut' at
  "/workspace/scratch/e6420b0fda2a/dedicated-source/hw/sim/TbSwayPerf.bsv",
  line 19, column 17.
  During elaboration of `test' at
  "/workspace/scratch/e6420b0fda2a/dedicated-source/hw/sim/TbSwayPerf.bsv",
  line 114, column 13.
  During elaboration of `mkTbSwayPerf' at
  "/workspace/scratch/e6420b0fda2a/dedicated-source/hw/sim/TbSwayPerf.bsv",
  line 113, column 8.
Warning: "/workspace/scratch/e6420b0fda2a/dedicated-source/hw/bsv/SwayBlock.bsv", line 251, column 14: (G0043)
  Multiple reset signals influence rule `test_dut_block1_process3'.
  This can lead to inconsistent, non-atomic results when not all of these
  signals are asserted.
  Method calls by reset:
    Reset 1 (test_dut_block1_localReset_leafReset.gen_rst):
      test_dut_block1_expandedQ.enq test_dut_block1_expandedQ.i_notFull
    Reset 2
    (test_dut_block1_inputProjection_engine_localReset_leafReset.gen_rst):
      test_dut_block1_inputProjection_engine_outputQ.deq
      test_dut_block1_inputProjection_engine_outputQ.first
      test_dut_block1_inputProjection_engine_outputQ.i_notEmpty
  During elaboration of rule `process3' at
  "/workspace/scratch/e6420b0fda2a/dedicated-source/hw/bsv/SwayBlock.bsv",
  line 251, column 14.
  During elaboration of `block1' at
  "/workspace/scratch/e6420b0fda2a/dedicated-source/hw/bsv/SwayBaseline.bsv",
  line 47, column 18.
  During elaboration of `dut' at
  "/workspace/scratch/e6420b0fda2a/dedicated-source/hw/sim/TbSwayPerf.bsv",
  line 19, column 17.
  During elaboration of `test' at
  "/workspace/scratch/e6420b0fda2a/dedicated-source/hw/sim/TbSwayPerf.bsv",
  line 114, column 13.
  During elaboration of `mkTbSwayPerf' at
  "/workspace/scratch/e6420b0fda2a/dedicated-source/hw/sim/TbSwayPerf.bsv",
  line 113, column 8.
Warning: "/workspace/scratch/e6420b0fda2a/dedicated-source/hw/bsv/SwayBlock.bsv", line 479, column 14: (G0043)
  Multiple reset signals influence rule `test_dut_block1_process5'.
  This can lead to inconsistent, non-atomic results when not all of these
  signals are asserted.
  Method calls by reset:
    Reset 1 (test_dut_block1_localReset_leafReset.gen_rst):
      test_dut_block1_activatedQ.deq
      test_dut_block1_activatedQ.first
      test_dut_block1_activatedQ.i_notEmpty
      test_dut_block1_xDelayQ.enq
      test_dut_block1_xDelayQ.i_notFull
    Reset 2 (test_dut_block1_stateProjection_localReset_leafReset.gen_rst):
      test_dut_block1_stateProjection_inputQ.enq
      test_dut_block1_stateProjection_inputQ.i_notFull
  During elaboration of rule `process5' at
  "/workspace/scratch/e6420b0fda2a/dedicated-source/hw/bsv/SwayBlock.bsv",
  line 479, column 14.
  During elaboration of `block1' at
  "/workspace/scratch/e6420b0fda2a/dedicated-source/hw/bsv/SwayBaseline.bsv",
  line 47, column 18.
  During elaboration of `dut' at
  "/workspace/scratch/e6420b0fda2a/dedicated-source/hw/sim/TbSwayPerf.bsv",
  line 19, column 17.
  During elaboration of `test' at
  "/workspace/scratch/e6420b0fda2a/dedicated-source/hw/sim/TbSwayPerf.bsv",
  line 114, column 13.
  During elaboration of `mkTbSwayPerf' at
  "/workspace/scratch/e6420b0fda2a/dedicated-source/hw/sim/TbSwayPerf.bsv",
  line 113, column 8.
Warning: "/workspace/scratch/e6420b0fda2a/dedicated-source/hw/bsv/SwayBlock.bsv", line 492, column 14: (G0043)
  Multiple reset signals influence rule `test_dut_block1_process6'.
  This can lead to inconsistent, non-atomic results when not all of these
  signals are asserted.
  Method calls by reset:
    Reset 1 (test_dut_delta1_localReset_leafReset.gen_rst):
      test_dut_delta1_input1Q.enq test_dut_delta1_input1Q.i_notFull
    Reset 2 (test_dut_block1_localReset_leafReset.gen_rst):
      test_dut_block1_stateParameterQ.enq
      test_dut_block1_stateParameterQ.i_notFull
    Reset 3
    (test_dut_block1_stateProjection_engine_localReset_leafReset.gen_rst):
      test_dut_block1_stateProjection_engine_outputQ.deq
      test_dut_block1_stateProjection_engine_outputQ.first
      test_dut_block1_stateProjection_engine_outputQ.i_notEmpty
  During elaboration of rule `process6' at
  "/workspace/scratch/e6420b0fda2a/dedicated-source/hw/bsv/SwayBlock.bsv",
  line 492, column 14.
  During elaboration of `block1' at
  "/workspace/scratch/e6420b0fda2a/dedicated-source/hw/bsv/SwayBaseline.bsv",
  line 47, column 18.
  During elaboration of `dut' at
  "/workspace/scratch/e6420b0fda2a/dedicated-source/hw/sim/TbSwayPerf.bsv",
  line 19, column 17.
  During elaboration of `test' at
  "/workspace/scratch/e6420b0fda2a/dedicated-source/hw/sim/TbSwayPerf.bsv",
  line 114, column 13.
  During elaboration of `mkTbSwayPerf' at
  "/workspace/scratch/e6420b0fda2a/dedicated-source/hw/sim/TbSwayPerf.bsv",
  line 113, column 8.
Warning: "Prelude.bs", line 3102, column 0: (G0024)
  The function unfolding steps interval has been exceeded when unfolding
  `primFix'. The current number of steps is 800000. Next warning at 900000
  steps. Elaboration terminates at 1000000 steps.
  During elaboration of the body of rule `process7' at
  "/workspace/scratch/e6420b0fda2a/dedicated-source/hw/bsv/SwayBlock.bsv",
  line 514, column 14.
  During elaboration of `block1' at
  "/workspace/scratch/e6420b0fda2a/dedicated-source/hw/bsv/SwayBaseline.bsv",
  line 47, column 18.
  During elaboration of `dut' at
  "/workspace/scratch/e6420b0fda2a/dedicated-source/hw/sim/TbSwayPerf.bsv",
  line 19, column 17.
  During elaboration of `test' at
  "/workspace/scratch/e6420b0fda2a/dedicated-source/hw/sim/TbSwayPerf.bsv",
  line 114, column 13.
  During elaboration of `mkTbSwayPerf' at
  "/workspace/scratch/e6420b0fda2a/dedicated-source/hw/sim/TbSwayPerf.bsv",
  line 113, column 8.
Warning: "/workspace/scratch/e6420b0fda2a/dedicated-source/hw/bsv/SwayBlock.bsv", line 514, column 14: (G0043)
  Multiple reset signals influence rule `test_dut_block1_process7'.
  This can lead to inconsistent, non-atomic results when not all of these
  signals are asserted.
  Method calls by reset:
    Reset 1 (test_dut_delta1_localReset_leafReset.gen_rst):
      test_dut_delta1_output1Q.deq
      test_dut_delta1_output1Q.first
      test_dut_delta1_output1Q.i_notEmpty
    Reset 2 (test_dut_block1_localReset_leafReset.gen_rst):
      test_dut_block1_stateParameterQ.deq
      test_dut_block1_stateParameterQ.first
      test_dut_block1_stateParameterQ.i_notEmpty
      test_dut_block1_xDelayQ.deq
      test_dut_block1_xDelayQ.first
      test_dut_block1_xDelayQ.i_notEmpty
    Reset 3 (test_dut_block1_scan_localReset_leafReset.gen_rst):
      test_dut_block1_scan_inputQ.enq test_dut_block1_scan_inputQ.i_notFull
  During elaboration of rule `process7' at
  "/workspace/scratch/e6420b0fda2a/dedicated-source/hw/bsv/SwayBlock.bsv",
  line 514, column 14.
  During elaboration of `block1' at
  "/workspace/scratch/e6420b0fda2a/dedicated-source/hw/bsv/SwayBaseline.bsv",
  line 47, column 18.
  During elaboration of `dut' at
  "/workspace/scratch/e6420b0fda2a/dedicated-source/hw/sim/TbSwayPerf.bsv",
  line 19, column 17.
  During elaboration of `test' at
  "/workspace/scratch/e6420b0fda2a/dedicated-source/hw/sim/TbSwayPerf.bsv",
  line 114, column 13.
  During elaboration of `mkTbSwayPerf' at
  "/workspace/scratch/e6420b0fda2a/dedicated-source/hw/sim/TbSwayPerf.bsv",
  line 113, column 8.
Warning: "/workspace/scratch/e6420b0fda2a/dedicated-source/hw/bsv/SwayBlock.bsv", line 538, column 14: (G0043)
  Multiple reset signals influence rule `test_dut_block1_process8'.
  This can lead to inconsistent, non-atomic results when not all of these
  signals are asserted.
  Method calls by reset:
    Reset 1 (test_dut_block1_localReset_leafReset.gen_rst):
      test_dut_block1_gateDelayQ.deq
      test_dut_block1_gateDelayQ.first
      test_dut_block1_gateDelayQ.i_notEmpty
      test_dut_block1_gatingOn.read
      test_dut_block1_gatingOn.write
    Reset 2 (test_dut_block1_scan_localReset_leafReset.gen_rst):
      test_dut_block1_scan_outputQ.deq
      test_dut_block1_scan_outputQ.first
      test_dut_block1_scan_outputQ.i_notEmpty
  During elaboration of rule `process8' at
  "/workspace/scratch/e6420b0fda2a/dedicated-source/hw/bsv/SwayBlock.bsv",
  line 538, column 14.
  During elaboration of `block1' at
  "/workspace/scratch/e6420b0fda2a/dedicated-source/hw/bsv/SwayBaseline.bsv",
  line 47, column 18.
  During elaboration of `dut' at
  "/workspace/scratch/e6420b0fda2a/dedicated-source/hw/sim/TbSwayPerf.bsv",
  line 19, column 17.
  During elaboration of `test' at
  "/workspace/scratch/e6420b0fda2a/dedicated-source/hw/sim/TbSwayPerf.bsv",
  line 114, column 13.
  During elaboration of `mkTbSwayPerf' at
  "/workspace/scratch/e6420b0fda2a/dedicated-source/hw/sim/TbSwayPerf.bsv",
  line 113, column 8.
Warning: "/workspace/scratch/e6420b0fda2a/dedicated-source/hw/bsv/SwayBlock.bsv", line 614, column 14: (G0043)
  Multiple reset signals influence rule `test_dut_block1_process9_5'.
  This can lead to inconsistent, non-atomic results when not all of these
  signals are asserted.
  Method calls by reset:
    Reset 1 (test_dut_block1_localReset_leafReset.gen_rst):
      test_dut_block1_gateEmitOn.read
      test_dut_block1_gateEmitOn.write
      test_dut_block1_gatingOn.read
      test_dut_block1_gatingOn.write
    Reset 2 (test_dut_block1_outputProjection_localReset_leafReset.gen_rst):
      test_dut_block1_outputProjection_inputQ.enq
      test_dut_block1_outputProjection_inputQ.i_notFull
  During elaboration of rule `process9_5' at
  "/workspace/scratch/e6420b0fda2a/dedicated-source/hw/bsv/SwayBlock.bsv",
  line 614, column 14.
  During elaboration of `block1' at
  "/workspace/scratch/e6420b0fda2a/dedicated-source/hw/bsv/SwayBaseline.bsv",
  line 47, column 18.
  During elaboration of `dut' at
  "/workspace/scratch/e6420b0fda2a/dedicated-source/hw/sim/TbSwayPerf.bsv",
  line 19, column 17.
  During elaboration of `test' at
  "/workspace/scratch/e6420b0fda2a/dedicated-source/hw/sim/TbSwayPerf.bsv",
  line 114, column 13.
  During elaboration of `mkTbSwayPerf' at
  "/workspace/scratch/e6420b0fda2a/dedicated-source/hw/sim/TbSwayPerf.bsv",
  line 113, column 8.
Warning: "/workspace/scratch/e6420b0fda2a/dedicated-source/hw/bsv/SwayBlock.bsv", line 636, column 14: (G0043)
  Multiple reset signals influence rule `test_dut_block1_process10'.
  This can lead to inconsistent, non-atomic results when not all of these
  signals are asserted.
  Method calls by reset:
    Reset 1 (test_dut_block1_localReset_leafReset.gen_rst):
      test_dut_block1_residualQ.deq
      test_dut_block1_residualQ.first
      test_dut_block1_residualQ.i_notEmpty
      test_dut_block1_residualSumQ.enq
      test_dut_block1_residualSumQ.i_notFull
    Reset 2
    (test_dut_block1_outputProjection_engine_localReset_leafReset.gen_rst):
      test_dut_block1_outputProjection_engine_outputQ.deq
      test_dut_block1_outputProjection_engine_outputQ.first
      test_dut_block1_outputProjection_engine_outputQ.i_notEmpty
  During elaboration of rule `process10' at
  "/workspace/scratch/e6420b0fda2a/dedicated-source/hw/bsv/SwayBlock.bsv",
  line 636, column 14.
  During elaboration of `block1' at
  "/workspace/scratch/e6420b0fda2a/dedicated-source/hw/bsv/SwayBaseline.bsv",
  line 47, column 18.
  During elaboration of `dut' at
  "/workspace/scratch/e6420b0fda2a/dedicated-source/hw/sim/TbSwayPerf.bsv",
  line 19, column 17.
  During elaboration of `test' at
  "/workspace/scratch/e6420b0fda2a/dedicated-source/hw/sim/TbSwayPerf.bsv",
  line 114, column 13.
  During elaboration of `mkTbSwayPerf' at
  "/workspace/scratch/e6420b0fda2a/dedicated-source/hw/sim/TbSwayPerf.bsv",
  line 113, column 8.
Warning: "/workspace/scratch/e6420b0fda2a/dedicated-source/hw/bsv/SwayFoldedLinear.bsv", line 69, column 14: (G0043)
  Multiple reset signals influence rule
  `test_dut_headOutput_engine_process1Capture'.
  This can lead to inconsistent, non-atomic results when not all of these
  signals are asserted.
  Method calls by reset:
    Reset 1 (test_dut_headOutput_localReset_leafReset.gen_rst):
      test_dut_headOutput_inputQ.first test_dut_headOutput_inputQ.i_notEmpty
    Reset 2 (test_dut_headOutput_engine_localReset_leafReset.gen_rst):
      test_dut_headOutput_engine_activeOn.read
      test_dut_headOutput_engine_startQ.enq
      test_dut_headOutput_engine_startQ.i_notFull
  During elaboration of rule `process1Capture' at
  "/workspace/scratch/e6420b0fda2a/dedicated-source/hw/bsv/SwayFoldedLinear.bsv",
  line 69, column 14.
  During elaboration of `engine' at
  "/workspace/scratch/e6420b0fda2a/dedicated-source/hw/bsv/SwayFoldedLinear.bsv",
  line 297, column 29.
  During elaboration of `headOutput' at
  "/workspace/scratch/e6420b0fda2a/dedicated-source/hw/bsv/SwayBaseline.bsv",
  line 49, column 28.
  During elaboration of `dut' at
  "/workspace/scratch/e6420b0fda2a/dedicated-source/hw/sim/TbSwayPerf.bsv",
  line 19, column 17.
  During elaboration of `test' at
  "/workspace/scratch/e6420b0fda2a/dedicated-source/hw/sim/TbSwayPerf.bsv",
  line 114, column 13.
  During elaboration of `mkTbSwayPerf' at
  "/workspace/scratch/e6420b0fda2a/dedicated-source/hw/sim/TbSwayPerf.bsv",
  line 113, column 8.
Warning: "/workspace/scratch/e6420b0fda2a/dedicated-source/hw/bsv/SwayFoldedLinear.bsv", line 96, column 14: (G0043)
  Multiple reset signals influence rule
  `test_dut_headOutput_engine_process2Chunk'.
  This can lead to inconsistent, non-atomic results when not all of these
  signals are asserted.
  Method calls by reset:
    Reset 1 (test_dut_headOutput_localReset_leafReset.gen_rst):
      test_dut_headOutput_inputQ.first test_dut_headOutput_inputQ.i_notEmpty
    Reset 2 (test_dut_headOutput_engine_localReset_leafReset.gen_rst):
      test_dut_headOutput_engine_chunkLoadOn.read
      test_dut_headOutput_engine_chunkLoadOn.write
      test_dut_headOutput_engine_issueOn.write
  During elaboration of rule `process2Chunk' at
  "/workspace/scratch/e6420b0fda2a/dedicated-source/hw/bsv/SwayFoldedLinear.bsv",
  line 96, column 14.
  During elaboration of `engine' at
  "/workspace/scratch/e6420b0fda2a/dedicated-source/hw/bsv/SwayFoldedLinear.bsv",
  line 297, column 29.
  During elaboration of `headOutput' at
  "/workspace/scratch/e6420b0fda2a/dedicated-source/hw/bsv/SwayBaseline.bsv",
  line 49, column 28.
  During elaboration of `dut' at
  "/workspace/scratch/e6420b0fda2a/dedicated-source/hw/sim/TbSwayPerf.bsv",
  line 19, column 17.
  During elaboration of `test' at
  "/workspace/scratch/e6420b0fda2a/dedicated-source/hw/sim/TbSwayPerf.bsv",
  line 114, column 13.
  During elaboration of `mkTbSwayPerf' at
  "/workspace/scratch/e6420b0fda2a/dedicated-source/hw/sim/TbSwayPerf.bsv",
  line 113, column 8.
Warning: "/workspace/scratch/e6420b0fda2a/dedicated-source/hw/bsv/SwayFoldedLinear.bsv", line 253, column 14: (G0043)
  Multiple reset signals influence rule
  `test_dut_headOutput_engine_process8Emit'.
  This can lead to inconsistent, non-atomic results when not all of these
  signals are asserted.
  Method calls by reset:
    Reset 1 (test_dut_headOutput_localReset_leafReset.gen_rst):
      test_dut_headOutput_inputQ.deq test_dut_headOutput_inputQ.i_notEmpty
    Reset 2 (test_dut_headOutput_engine_localReset_leafReset.gen_rst):
      test_dut_headOutput_engine_activeOn.read
      test_dut_headOutput_engine_activeOn.write
      test_dut_headOutput_engine_emitOn.read
      test_dut_headOutput_engine_emitOn.write
      test_dut_headOutput_engine_outputQ.enq
      test_dut_headOutput_engine_outputQ.i_notFull
  During elaboration of rule `process8Emit' at
  "/workspace/scratch/e6420b0fda2a/dedicated-source/hw/bsv/SwayFoldedLinear.bsv",
  line 253, column 14.
  During elaboration of `engine' at
  "/workspace/scratch/e6420b0fda2a/dedicated-source/hw/bsv/SwayFoldedLinear.bsv",
  line 297, column 29.
  During elaboration of `headOutput' at
  "/workspace/scratch/e6420b0fda2a/dedicated-source/hw/bsv/SwayBaseline.bsv",
  line 49, column 28.
  During elaboration of `dut' at
  "/workspace/scratch/e6420b0fda2a/dedicated-source/hw/sim/TbSwayPerf.bsv",
  line 19, column 17.
  During elaboration of `test' at
  "/workspace/scratch/e6420b0fda2a/dedicated-source/hw/sim/TbSwayPerf.bsv",
  line 114, column 13.
  During elaboration of `mkTbSwayPerf' at
  "/workspace/scratch/e6420b0fda2a/dedicated-source/hw/sim/TbSwayPerf.bsv",
  line 113, column 8.
Warning: "/workspace/scratch/e6420b0fda2a/dedicated-source/hw/bsv/SwayFoldedLinear.bsv", line 69, column 14: (G0043)
  Multiple reset signals influence rule
  `test_dut_headHidden_engine_process1Capture'.
  This can lead to inconsistent, non-atomic results when not all of these
  signals are asserted.
  Method calls by reset:
    Reset 1 (test_dut_headHidden_localReset_leafReset.gen_rst):
      test_dut_headHidden_readBankR.write
      test_dut_headHidden_readyBankQ.deq
      test_dut_headHidden_readyBankQ.first
      test_dut_headHidden_readyBankQ.i_notEmpty
    Reset 2 (test_dut_headHidden_engine_localReset_leafReset.gen_rst):
      test_dut_headHidden_engine_activeOn.read
      test_dut_headHidden_engine_startQ.enq
      test_dut_headHidden_engine_startQ.i_notFull
  During elaboration of rule `process1Capture' at
  "/workspace/scratch/e6420b0fda2a/dedicated-source/hw/bsv/SwayFoldedLinear.bsv",
  line 69, column 14.
  During elaboration of `engine' at
  "/workspace/scratch/e6420b0fda2a/dedicated-source/hw/bsv/SwayHeadLinear.bsv",
  line 119, column 30.
  During elaboration of `headHidden' at
  "/workspace/scratch/e6420b0fda2a/dedicated-source/hw/bsv/SwayBaseline.bsv",
  line 56, column 28.
  During elaboration of `dut' at
  "/workspace/scratch/e6420b0fda2a/dedicated-source/hw/sim/TbSwayPerf.bsv",
  line 19, column 17.
  During elaboration of `test' at
  "/workspace/scratch/e6420b0fda2a/dedicated-source/hw/sim/TbSwayPerf.bsv",
  line 114, column 13.
  During elaboration of `mkTbSwayPerf' at
  "/workspace/scratch/e6420b0fda2a/dedicated-source/hw/sim/TbSwayPerf.bsv",
  line 113, column 8.
Warning: "/workspace/scratch/e6420b0fda2a/dedicated-source/hw/bsv/SwayFoldedLinear.bsv", line 96, column 14: (G0043)
  Multiple reset signals influence rule
  `test_dut_headHidden_engine_process2Chunk'.
  This can lead to inconsistent, non-atomic results when not all of these
  signals are asserted.
  Method calls by reset:
    Reset 1 (test_dut_headHidden_localReset_leafReset.gen_rst):
      test_dut_headHidden_readBankR.read
    Reset 2 (test_dut_headHidden_engine_localReset_leafReset.gen_rst):
      test_dut_headHidden_engine_chunkLoadOn.read
      test_dut_headHidden_engine_chunkLoadOn.write
      test_dut_headHidden_engine_issueOn.write
  During elaboration of rule `process2Chunk' at
  "/workspace/scratch/e6420b0fda2a/dedicated-source/hw/bsv/SwayFoldedLinear.bsv",
  line 96, column 14.
  During elaboration of `engine' at
  "/workspace/scratch/e6420b0fda2a/dedicated-source/hw/bsv/SwayHeadLinear.bsv",
  line 119, column 30.
  During elaboration of `headHidden' at
  "/workspace/scratch/e6420b0fda2a/dedicated-source/hw/bsv/SwayBaseline.bsv",
  line 56, column 28.
  During elaboration of `dut' at
  "/workspace/scratch/e6420b0fda2a/dedicated-source/hw/sim/TbSwayPerf.bsv",
  line 19, column 17.
  During elaboration of `test' at
  "/workspace/scratch/e6420b0fda2a/dedicated-source/hw/sim/TbSwayPerf.bsv",
  line 114, column 13.
  During elaboration of `mkTbSwayPerf' at
  "/workspace/scratch/e6420b0fda2a/dedicated-source/hw/sim/TbSwayPerf.bsv",
  line 113, column 8.
Warning: "/workspace/scratch/e6420b0fda2a/dedicated-source/hw/bsv/SwayFoldedLinear.bsv", line 253, column 14: (G0043)
  Multiple reset signals influence rule
  `test_dut_headHidden_engine_process8Emit'.
  This can lead to inconsistent, non-atomic results when not all of these
  signals are asserted.
  Method calls by reset:
    Reset 1 (test_dut_headHidden_localReset_leafReset.gen_rst):
      test_dut_headHidden_freeBankQ.enq
      test_dut_headHidden_freeBankQ.i_notFull
      test_dut_headHidden_initializeCnt.read
      test_dut_headHidden_readBankR.read
    Reset 2 (test_dut_headHidden_engine_localReset_leafReset.gen_rst):
      test_dut_headHidden_engine_activeOn.read
      test_dut_headHidden_engine_activeOn.write
      test_dut_headHidden_engine_emitOn.read
      test_dut_headHidden_engine_emitOn.write
      test_dut_headHidden_engine_outputQ.enq
      test_dut_headHidden_engine_outputQ.i_notFull
  During elaboration of rule `process8Emit' at
  "/workspace/scratch/e6420b0fda2a/dedicated-source/hw/bsv/SwayFoldedLinear.bsv",
  line 253, column 14.
  During elaboration of `engine' at
  "/workspace/scratch/e6420b0fda2a/dedicated-source/hw/bsv/SwayHeadLinear.bsv",
  line 119, column 30.
  During elaboration of `headHidden' at
  "/workspace/scratch/e6420b0fda2a/dedicated-source/hw/bsv/SwayBaseline.bsv",
  line 56, column 28.
  During elaboration of `dut' at
  "/workspace/scratch/e6420b0fda2a/dedicated-source/hw/sim/TbSwayPerf.bsv",
  line 19, column 17.
  During elaboration of `test' at
  "/workspace/scratch/e6420b0fda2a/dedicated-source/hw/sim/TbSwayPerf.bsv",
  line 114, column 13.
  During elaboration of `mkTbSwayPerf' at
  "/workspace/scratch/e6420b0fda2a/dedicated-source/hw/sim/TbSwayPerf.bsv",
  line 113, column 8.
Warning: "/workspace/scratch/e6420b0fda2a/dedicated-source/hw/bsv/SwayBaseline.bsv", line 177, column 14: (G0043)
  Multiple reset signals influence rule `test_dut_process3Embed'.
  This can lead to inconsistent, non-atomic results when not all of these
  signals are asserted.
  Method calls by reset:
    Reset 1 (test_dut_localReset_leafReset.gen_rst):
      test_dut_patchTokenQ.deq
      test_dut_patchTokenQ.first
      test_dut_patchTokenQ.i_notEmpty
    Reset 2 (test_dut_embedding_localReset_leafReset.gen_rst):
      test_dut_embedding_inputQ.enq test_dut_embedding_inputQ.i_notFull
  During elaboration of rule `process3Embed' at
  "/workspace/scratch/e6420b0fda2a/dedicated-source/hw/bsv/SwayBaseline.bsv",
  line 177, column 14.
  During elaboration of `dut' at
  "/workspace/scratch/e6420b0fda2a/dedicated-source/hw/sim/TbSwayPerf.bsv",
  line 19, column 17.
  During elaboration of `test' at
  "/workspace/scratch/e6420b0fda2a/dedicated-source/hw/sim/TbSwayPerf.bsv",
  line 114, column 13.
  During elaboration of `mkTbSwayPerf' at
  "/workspace/scratch/e6420b0fda2a/dedicated-source/hw/sim/TbSwayPerf.bsv",
  line 113, column 8.
Warning: "/workspace/scratch/e6420b0fda2a/dedicated-source/hw/bsv/SwayBaseline.bsv", line 189, column 14: (G0043)
  Multiple reset signals influence rule `test_dut_process4'.
  This can lead to inconsistent, non-atomic results when not all of these
  signals are asserted.
  Method calls by reset:
    Reset 1 (test_dut_embedding_engine_localReset_leafReset.gen_rst):
      test_dut_embedding_engine_outputQ.deq
      test_dut_embedding_engine_outputQ.first
      test_dut_embedding_engine_outputQ.i_notEmpty
    Reset 2 (test_dut_block0_localReset_leafReset.gen_rst):
      test_dut_block0_inputQ.enq test_dut_block0_inputQ.i_notFull
  During elaboration of rule `process4' at
  "/workspace/scratch/e6420b0fda2a/dedicated-source/hw/bsv/SwayBaseline.bsv",
  line 189, column 14.
  During elaboration of `dut' at
  "/workspace/scratch/e6420b0fda2a/dedicated-source/hw/sim/TbSwayPerf.bsv",
  line 19, column 17.
  During elaboration of `test' at
  "/workspace/scratch/e6420b0fda2a/dedicated-source/hw/sim/TbSwayPerf.bsv",
  line 114, column 13.
  During elaboration of `mkTbSwayPerf' at
  "/workspace/scratch/e6420b0fda2a/dedicated-source/hw/sim/TbSwayPerf.bsv",
  line 113, column 8.
Warning: "/workspace/scratch/e6420b0fda2a/dedicated-source/hw/bsv/SwayBaseline.bsv", line 198, column 14: (G0043)
  Multiple reset signals influence rule `test_dut_process5'.
  This can lead to inconsistent, non-atomic results when not all of these
  signals are asserted.
  Method calls by reset:
    Reset 1 (test_dut_block0_localReset_leafReset.gen_rst):
      test_dut_block0_outputQ.deq
      test_dut_block0_outputQ.first
      test_dut_block0_outputQ.i_notEmpty
    Reset 2 (test_dut_block1_localReset_leafReset.gen_rst):
      test_dut_block1_inputQ.enq test_dut_block1_inputQ.i_notFull
  During elaboration of rule `process5' at
  "/workspace/scratch/e6420b0fda2a/dedicated-source/hw/bsv/SwayBaseline.bsv",
  line 198, column 14.
  During elaboration of `dut' at
  "/workspace/scratch/e6420b0fda2a/dedicated-source/hw/sim/TbSwayPerf.bsv",
  line 19, column 17.
  During elaboration of `test' at
  "/workspace/scratch/e6420b0fda2a/dedicated-source/hw/sim/TbSwayPerf.bsv",
  line 114, column 13.
  During elaboration of `mkTbSwayPerf' at
  "/workspace/scratch/e6420b0fda2a/dedicated-source/hw/sim/TbSwayPerf.bsv",
  line 113, column 8.
Warning: "/workspace/scratch/e6420b0fda2a/dedicated-source/hw/bsv/SwayBaseline.bsv", line 210, column 14: (G0043)
  Multiple reset signals influence rule `test_dut_process6'.
  This can lead to inconsistent, non-atomic results when not all of these
  signals are asserted.
  Method calls by reset:
    Reset 1 (test_dut_block1_localReset_leafReset.gen_rst):
      test_dut_block1_outputQ.deq
      test_dut_block1_outputQ.first
      test_dut_block1_outputQ.i_notEmpty
    Reset 2 (test_dut_headHidden_localReset_leafReset.gen_rst):
      test_dut_headHidden_inputQ.enq test_dut_headHidden_inputQ.i_notFull
  During elaboration of rule `process6' at
  "/workspace/scratch/e6420b0fda2a/dedicated-source/hw/bsv/SwayBaseline.bsv",
  line 210, column 14.
  During elaboration of `dut' at
  "/workspace/scratch/e6420b0fda2a/dedicated-source/hw/sim/TbSwayPerf.bsv",
  line 19, column 17.
  During elaboration of `test' at
  "/workspace/scratch/e6420b0fda2a/dedicated-source/hw/sim/TbSwayPerf.bsv",
  line 114, column 13.
  During elaboration of `mkTbSwayPerf' at
  "/workspace/scratch/e6420b0fda2a/dedicated-source/hw/sim/TbSwayPerf.bsv",
  line 113, column 8.
Warning: "/workspace/scratch/e6420b0fda2a/dedicated-source/hw/bsv/SwayBaseline.bsv", line 224, column 14: (G0043)
  Multiple reset signals influence rule `test_dut_process7'.
  This can lead to inconsistent, non-atomic results when not all of these
  signals are asserted.
  Method calls by reset:
    Reset 1 (test_dut_headOutput_localReset_leafReset.gen_rst):
      test_dut_headOutput_inputQ.enq test_dut_headOutput_inputQ.i_notFull
    Reset 2 (test_dut_headHidden_engine_localReset_leafReset.gen_rst):
      test_dut_headHidden_engine_outputQ.deq
      test_dut_headHidden_engine_outputQ.first
      test_dut_headHidden_engine_outputQ.i_notEmpty
  During elaboration of rule `process7' at
  "/workspace/scratch/e6420b0fda2a/dedicated-source/hw/bsv/SwayBaseline.bsv",
  line 224, column 14.
  During elaboration of `dut' at
  "/workspace/scratch/e6420b0fda2a/dedicated-source/hw/sim/TbSwayPerf.bsv",
  line 19, column 17.
  During elaboration of `test' at
  "/workspace/scratch/e6420b0fda2a/dedicated-source/hw/sim/TbSwayPerf.bsv",
  line 114, column 13.
  During elaboration of `mkTbSwayPerf' at
  "/workspace/scratch/e6420b0fda2a/dedicated-source/hw/sim/TbSwayPerf.bsv",
  line 113, column 8.
Warning: "/workspace/scratch/e6420b0fda2a/dedicated-source/hw/bsv/SwayBaseline.bsv", line 237, column 14: (G0043)
  Multiple reset signals influence rule `test_dut_process8'.
  This can lead to inconsistent, non-atomic results when not all of these
  signals are asserted.
  Method calls by reset:
    Reset 1 (test_dut_localReset_leafReset.gen_rst):
      test_dut_outputCnt.write test_dut_outputOn.read test_dut_outputOn.write
    Reset 2 (test_dut_headOutput_engine_localReset_leafReset.gen_rst):
      test_dut_headOutput_engine_outputQ.deq
      test_dut_headOutput_engine_outputQ.first
      test_dut_headOutput_engine_outputQ.i_notEmpty
  During elaboration of rule `process8' at
  "/workspace/scratch/e6420b0fda2a/dedicated-source/hw/bsv/SwayBaseline.bsv",
  line 237, column 14.
  During elaboration of `dut' at
  "/workspace/scratch/e6420b0fda2a/dedicated-source/hw/sim/TbSwayPerf.bsv",
  line 19, column 17.
  During elaboration of `test' at
  "/workspace/scratch/e6420b0fda2a/dedicated-source/hw/sim/TbSwayPerf.bsv",
  line 114, column 13.
  During elaboration of `mkTbSwayPerf' at
  "/workspace/scratch/e6420b0fda2a/dedicated-source/hw/sim/TbSwayPerf.bsv",
  line 113, column 8.
Warning: "/workspace/scratch/e6420b0fda2a/dedicated-source/hw/sim/TbSwayPerf.bsv", line 51, column 14: (G0043)
  Multiple reset signals influence rule `test_process1'.
  This can lead to inconsistent, non-atomic results when not all of these
  signals are asserted.
  Method calls by reset:
    Reset 1 (default_reset):
      test_cycleCnt.read
      test_inputFixtureCnt.read
      test_inputFixtureCnt.write
      test_inputStartR.read
      test_inputStartR.write
      test_sentCnt.read
      test_sentCnt.write
      test_startedOn.read
    Reset 2 (test_dut_localReset_leafReset.gen_rst):
      test_dut_inputQ.enq test_dut_inputQ.i_notFull
  During elaboration of rule `process1' at
  "/workspace/scratch/e6420b0fda2a/dedicated-source/hw/sim/TbSwayPerf.bsv",
  line 51, column 14.
  During elaboration of `test' at
  "/workspace/scratch/e6420b0fda2a/dedicated-source/hw/sim/TbSwayPerf.bsv",
  line 114, column 13.
  During elaboration of `mkTbSwayPerf' at
  "/workspace/scratch/e6420b0fda2a/dedicated-source/hw/sim/TbSwayPerf.bsv",
  line 113, column 8.
Warning: "/workspace/scratch/e6420b0fda2a/dedicated-source/hw/sim/TbSwayPerf.bsv", line 65, column 14: (G0043)
  Multiple reset signals influence rule `test_process2'.
  This can lead to inconsistent, non-atomic results when not all of these
  signals are asserted.
  Method calls by reset:
    Reset 1 (default_reset):
      test_cycleCnt.read
      test_finishOn.read
      test_finishOn.write
      test_outputFixtureCnt.read
      test_outputFixtureCnt.write
      test_outputStartR.read
      test_outputStartR.write
      test_receivedCnt.read
      test_receivedCnt.write
      test_startedOn.read
    Reset 2 (test_dut_localReset_leafReset.gen_rst):
      test_dut_outputQ.deq test_dut_outputQ.first test_dut_outputQ.i_notEmpty
  During elaboration of rule `process2' at
  "/workspace/scratch/e6420b0fda2a/dedicated-source/hw/sim/TbSwayPerf.bsv",
  line 65, column 14.
  During elaboration of `test' at
  "/workspace/scratch/e6420b0fda2a/dedicated-source/hw/sim/TbSwayPerf.bsv",
  line 114, column 13.
  During elaboration of `mkTbSwayPerf' at
  "/workspace/scratch/e6420b0fda2a/dedicated-source/hw/sim/TbSwayPerf.bsv",
  line 113, column 8.
Warning: "/workspace/scratch/e6420b0fda2a/dedicated-source/hw/sim/TbSwayPerf.bsv", line 86, column 14: (G0043)
  Multiple reset signals influence rule `test_process3'.
  This can lead to inconsistent, non-atomic results when not all of these
  signals are asserted.
  Method calls by reset:
    Reset 1 (default_reset):
      test_cycleCnt.read test_finishOn.read
    Reset 2 (test_dut_localReset_leafReset.gen_rst):
      test_dut_outputQ.deq test_dut_outputQ.first test_dut_outputQ.i_notEmpty
  During elaboration of rule `process3' at
  "/workspace/scratch/e6420b0fda2a/dedicated-source/hw/sim/TbSwayPerf.bsv",
  line 86, column 14.
  During elaboration of `test' at
  "/workspace/scratch/e6420b0fda2a/dedicated-source/hw/sim/TbSwayPerf.bsv",
  line 114, column 13.
  During elaboration of `mkTbSwayPerf' at
  "/workspace/scratch/e6420b0fda2a/dedicated-source/hw/sim/TbSwayPerf.bsv",
  line 113, column 8.
Warning: "/workspace/scratch/e6420b0fda2a/dedicated-source/hw/sim/TbSwayPerf.bsv", line 113, column 8: (G0010)
  Rule "test_dut_embedding_engine_process1" was treated as more urgent than
  "test_dut_embedding_engine_process2Read". Conflicts:
    "test_dut_embedding_engine_process1" cannot fire before "test_dut_embedding_engine_process2Read":
      calls to
	test_dut_embedding_engine_groupStartQ.enq vs. test_dut_embedding_engine_groupStartQ.enq
    "test_dut_embedding_engine_process2Read" cannot fire before "test_dut_embedding_engine_process1":
      calls to
	test_dut_embedding_engine_groupStartQ.enq vs. test_dut_embedding_engine_groupStartQ.enq
Warning: "/workspace/scratch/e6420b0fda2a/dedicated-source/hw/sim/TbSwayPerf.bsv", line 113, column 8: (G0010)
  Rule "test_dut_embedding_engine_process2Chunk" was treated as more urgent
  than "test_dut_embedding_engine_process2Read". Conflicts:
    "test_dut_embedding_engine_process2Chunk" cannot fire before "test_dut_embedding_engine_process2Read":
      calls to
	test_dut_embedding_engine_chunkR.write vs. test_dut_embedding_engine_chunkR.read
	test_dut_embedding_engine_issueOn.write vs. test_dut_embedding_engine_issueOn.read
    "test_dut_embedding_engine_process2Read" cannot fire before "test_dut_embedding_engine_process2Chunk":
      calls to
	test_dut_embedding_engine_chunkCnt.write vs. test_dut_embedding_engine_chunkCnt.read
	test_dut_embedding_engine_chunkLoadOn.write vs. test_dut_embedding_engine_chunkLoadOn.read
Warning: "/workspace/scratch/e6420b0fda2a/dedicated-source/hw/sim/TbSwayPerf.bsv", line 113, column 8: (G0010)
  Rule "test_dut_block0_inputProjection_engine_process1" was treated as more
  urgent than
  "test_dut_block0_inputProjection_engine_process2Read". Conflicts:
    "test_dut_block0_inputProjection_engine_process1" cannot fire before "test_dut_block0_inputProjection_engine_process2Read":
      calls to
	test_dut_block0_inputProjection_engine_groupStartQ.enq vs. test_dut_block0_inputProjection_engine_groupStartQ.enq
	test_dut_block0_inputProjection_engine_addressCnt.write vs. test_dut_block0_inputProjection_engine_addressCnt.read
    "test_dut_block0_inputProjection_engine_process2Read" cannot fire before "test_dut_block0_inputProjection_engine_process1":
      calls to
	test_dut_block0_inputProjection_engine_groupStartQ.enq vs. test_dut_block0_inputProjection_engine_groupStartQ.enq
Warning: "/workspace/scratch/e6420b0fda2a/dedicated-source/hw/sim/TbSwayPerf.bsv", line 113, column 8: (G0010)
  Rule "test_dut_block0_inputProjection_engine_process2Chunk" was treated as
  more urgent than
  "test_dut_block0_inputProjection_engine_process2Read". Conflicts:
    "test_dut_block0_inputProjection_engine_process2Chunk" cannot fire before "test_dut_block0_inputProjection_engine_process2Read":
      calls to
	test_dut_block0_inputProjection_engine_chunkR.write vs. test_dut_block0_inputProjection_engine_chunkR.read
	test_dut_block0_inputProjection_engine_issueOn.write vs. test_dut_block0_inputProjection_engine_issueOn.read
    "test_dut_block0_inputProjection_engine_process2Read" cannot fire before "test_dut_block0_inputProjection_engine_process2Chunk":
      calls to
	test_dut_block0_inputProjection_engine_chunkCnt.write vs. test_dut_block0_inputProjection_engine_chunkCnt.read
	test_dut_block0_inputProjection_engine_chunkLoadOn.write vs. test_dut_block0_inputProjection_engine_chunkLoadOn.read
Warning: "/workspace/scratch/e6420b0fda2a/dedicated-source/hw/sim/TbSwayPerf.bsv", line 113, column 8: (G0010)
  Rule "test_dut_block0_stateProjection_engine_process1" was treated as more
  urgent than
  "test_dut_block0_stateProjection_engine_process2Read". Conflicts:
    "test_dut_block0_stateProjection_engine_process1" cannot fire before "test_dut_block0_stateProjection_engine_process2Read":
      calls to
	test_dut_block0_stateProjection_engine_groupStartQ.enq vs. test_dut_block0_stateProjection_engine_groupStartQ.enq
    "test_dut_block0_stateProjection_engine_process2Read" cannot fire before "test_dut_block0_stateProjection_engine_process1":
      calls to
	test_dut_block0_stateProjection_engine_groupStartQ.enq vs. test_dut_block0_stateProjection_engine_groupStartQ.enq
Warning: "/workspace/scratch/e6420b0fda2a/dedicated-source/hw/sim/TbSwayPerf.bsv", line 113, column 8: (G0010)
  Rule "test_dut_block0_stateProjection_engine_process2Chunk" was treated as
  more urgent than
  "test_dut_block0_stateProjection_engine_process2Read". Conflicts:
    "test_dut_block0_stateProjection_engine_process2Chunk" cannot fire before "test_dut_block0_stateProjection_engine_process2Read":
      calls to
	test_dut_block0_stateProjection_engine_chunkR.write vs. test_dut_block0_stateProjection_engine_chunkR.read
	test_dut_block0_stateProjection_engine_issueOn.write vs. test_dut_block0_stateProjection_engine_issueOn.read
    "test_dut_block0_stateProjection_engine_process2Read" cannot fire before "test_dut_block0_stateProjection_engine_process2Chunk":
      calls to
	test_dut_block0_stateProjection_engine_chunkCnt.write vs. test_dut_block0_stateProjection_engine_chunkCnt.read
	test_dut_block0_stateProjection_engine_chunkLoadOn.write vs. test_dut_block0_stateProjection_engine_chunkLoadOn.read
Warning: "/workspace/scratch/e6420b0fda2a/dedicated-source/hw/sim/TbSwayPerf.bsv", line 113, column 8: (G0010)
  Rule "test_dut_block0_outputProjection_engine_process1" was treated as more
  urgent than
  "test_dut_block0_outputProjection_engine_process2Read". Conflicts:
    "test_dut_block0_outputProjection_engine_process1" cannot fire before "test_dut_block0_outputProjection_engine_process2Read":
      calls to
	test_dut_block0_outputProjection_engine_groupStartQ.enq vs. test_dut_block0_outputProjection_engine_groupStartQ.enq
    "test_dut_block0_outputProjection_engine_process2Read" cannot fire before "test_dut_block0_outputProjection_engine_process1":
      calls to
	test_dut_block0_outputProjection_engine_groupStartQ.enq vs. test_dut_block0_outputProjection_engine_groupStartQ.enq
Warning: "/workspace/scratch/e6420b0fda2a/dedicated-source/hw/sim/TbSwayPerf.bsv", line 113, column 8: (G0010)
  Rule "test_dut_block0_outputProjection_engine_process2Chunk" was treated as
  more urgent than
  "test_dut_block0_outputProjection_engine_process2Read". Conflicts:
    "test_dut_block0_outputProjection_engine_process2Chunk" cannot fire before "test_dut_block0_outputProjection_engine_process2Read":
      calls to
	test_dut_block0_outputProjection_engine_chunkR.write vs. test_dut_block0_outputProjection_engine_chunkR.read
	test_dut_block0_outputProjection_engine_issueOn.write vs. test_dut_block0_outputProjection_engine_issueOn.read
    "test_dut_block0_outputProjection_engine_process2Read" cannot fire before "test_dut_block0_outputProjection_engine_process2Chunk":
      calls to
	test_dut_block0_outputProjection_engine_chunkCnt.write vs. test_dut_block0_outputProjection_engine_chunkCnt.read
	test_dut_block0_outputProjection_engine_chunkLoadOn.write vs. test_dut_block0_outputProjection_engine_chunkLoadOn.read
Warning: "/workspace/scratch/e6420b0fda2a/dedicated-source/hw/sim/TbSwayPerf.bsv", line 113, column 8: (G0010)
  Rule "test_dut_block1_inputProjection_engine_process1" was treated as more
  urgent than
  "test_dut_block1_inputProjection_engine_process2Read". Conflicts:
    "test_dut_block1_inputProjection_engine_process1" cannot fire before "test_dut_block1_inputProjection_engine_process2Read":
      calls to
	test_dut_block1_inputProjection_engine_groupStartQ.enq vs. test_dut_block1_inputProjection_engine_groupStartQ.enq
	test_dut_block1_inputProjection_engine_addressCnt.write vs. test_dut_block1_inputProjection_engine_addressCnt.read
    "test_dut_block1_inputProjection_engine_process2Read" cannot fire before "test_dut_block1_inputProjection_engine_process1":
      calls to
	test_dut_block1_inputProjection_engine_groupStartQ.enq vs. test_dut_block1_inputProjection_engine_groupStartQ.enq
Warning: "/workspace/scratch/e6420b0fda2a/dedicated-source/hw/sim/TbSwayPerf.bsv", line 113, column 8: (G0010)
  Rule "test_dut_block1_inputProjection_engine_process2Chunk" was treated as
  more urgent than
  "test_dut_block1_inputProjection_engine_process2Read". Conflicts:
    "test_dut_block1_inputProjection_engine_process2Chunk" cannot fire before "test_dut_block1_inputProjection_engine_process2Read":
      calls to
	test_dut_block1_inputProjection_engine_chunkR.write vs. test_dut_block1_inputProjection_engine_chunkR.read
	test_dut_block1_inputProjection_engine_issueOn.write vs. test_dut_block1_inputProjection_engine_issueOn.read
    "test_dut_block1_inputProjection_engine_process2Read" cannot fire before "test_dut_block1_inputProjection_engine_process2Chunk":
      calls to
	test_dut_block1_inputProjection_engine_chunkCnt.write vs. test_dut_block1_inputProjection_engine_chunkCnt.read
	test_dut_block1_inputProjection_engine_chunkLoadOn.write vs. test_dut_block1_inputProjection_engine_chunkLoadOn.read
Warning: "/workspace/scratch/e6420b0fda2a/dedicated-source/hw/sim/TbSwayPerf.bsv", line 113, column 8: (G0010)
  Rule "test_dut_block1_stateProjection_engine_process1" was treated as more
  urgent than
  "test_dut_block1_stateProjection_engine_process2Read". Conflicts:
    "test_dut_block1_stateProjection_engine_process1" cannot fire before "test_dut_block1_stateProjection_engine_process2Read":
      calls to
	test_dut_block1_stateProjection_engine_groupStartQ.enq vs. test_dut_block1_stateProjection_engine_groupStartQ.enq
    "test_dut_block1_stateProjection_engine_process2Read" cannot fire before "test_dut_block1_stateProjection_engine_process1":
      calls to
	test_dut_block1_stateProjection_engine_groupStartQ.enq vs. test_dut_block1_stateProjection_engine_groupStartQ.enq
Warning: "/workspace/scratch/e6420b0fda2a/dedicated-source/hw/sim/TbSwayPerf.bsv", line 113, column 8: (G0010)
  Rule "test_dut_block1_stateProjection_engine_process2Chunk" was treated as
  more urgent than
  "test_dut_block1_stateProjection_engine_process2Read". Conflicts:
    "test_dut_block1_stateProjection_engine_process2Chunk" cannot fire before "test_dut_block1_stateProjection_engine_process2Read":
      calls to
	test_dut_block1_stateProjection_engine_chunkR.write vs. test_dut_block1_stateProjection_engine_chunkR.read
	test_dut_block1_stateProjection_engine_issueOn.write vs. test_dut_block1_stateProjection_engine_issueOn.read
    "test_dut_block1_stateProjection_engine_process2Read" cannot fire before "test_dut_block1_stateProjection_engine_process2Chunk":
      calls to
	test_dut_block1_stateProjection_engine_chunkCnt.write vs. test_dut_block1_stateProjection_engine_chunkCnt.read
	test_dut_block1_stateProjection_engine_chunkLoadOn.write vs. test_dut_block1_stateProjection_engine_chunkLoadOn.read
Warning: "/workspace/scratch/e6420b0fda2a/dedicated-source/hw/sim/TbSwayPerf.bsv", line 113, column 8: (G0010)
  Rule "test_dut_block1_outputProjection_engine_process1" was treated as more
  urgent than
  "test_dut_block1_outputProjection_engine_process2Read". Conflicts:
    "test_dut_block1_outputProjection_engine_process1" cannot fire before "test_dut_block1_outputProjection_engine_process2Read":
      calls to
	test_dut_block1_outputProjection_engine_groupStartQ.enq vs. test_dut_block1_outputProjection_engine_groupStartQ.enq
    "test_dut_block1_outputProjection_engine_process2Read" cannot fire before "test_dut_block1_outputProjection_engine_process1":
      calls to
	test_dut_block1_outputProjection_engine_groupStartQ.enq vs. test_dut_block1_outputProjection_engine_groupStartQ.enq
Warning: "/workspace/scratch/e6420b0fda2a/dedicated-source/hw/sim/TbSwayPerf.bsv", line 113, column 8: (G0010)
  Rule "test_dut_block1_outputProjection_engine_process2Chunk" was treated as
  more urgent than
  "test_dut_block1_outputProjection_engine_process2Read". Conflicts:
    "test_dut_block1_outputProjection_engine_process2Chunk" cannot fire before "test_dut_block1_outputProjection_engine_process2Read":
      calls to
	test_dut_block1_outputProjection_engine_chunkR.write vs. test_dut_block1_outputProjection_engine_chunkR.read
	test_dut_block1_outputProjection_engine_issueOn.write vs. test_dut_block1_outputProjection_engine_issueOn.read
    "test_dut_block1_outputProjection_engine_process2Read" cannot fire before "test_dut_block1_outputProjection_engine_process2Chunk":
      calls to
	test_dut_block1_outputProjection_engine_chunkCnt.write vs. test_dut_block1_outputProjection_engine_chunkCnt.read
	test_dut_block1_outputProjection_engine_chunkLoadOn.write vs. test_dut_block1_outputProjection_engine_chunkLoadOn.read
Warning: "/workspace/scratch/e6420b0fda2a/dedicated-source/hw/sim/TbSwayPerf.bsv", line 113, column 8: (G0010)
  Rule "test_dut_headOutput_engine_process1" was treated as more urgent than
  "test_dut_headOutput_engine_process2Read". Conflicts:
    "test_dut_headOutput_engine_process1" cannot fire before "test_dut_headOutput_engine_process2Read":
      calls to
	test_dut_headOutput_engine_groupStartQ.enq vs. test_dut_headOutput_engine_groupStartQ.enq
    "test_dut_headOutput_engine_process2Read" cannot fire before "test_dut_headOutput_engine_process1":
      calls to
	test_dut_headOutput_engine_groupStartQ.enq vs. test_dut_headOutput_engine_groupStartQ.enq
Warning: "/workspace/scratch/e6420b0fda2a/dedicated-source/hw/sim/TbSwayPerf.bsv", line 113, column 8: (G0010)
  Rule "test_dut_headOutput_engine_process2Chunk" was treated as more urgent
  than "test_dut_headOutput_engine_process2Read". Conflicts:
    "test_dut_headOutput_engine_process2Chunk" cannot fire before "test_dut_headOutput_engine_process2Read":
      calls to
	test_dut_headOutput_engine_chunkR.write vs. test_dut_headOutput_engine_chunkR.read
	test_dut_headOutput_engine_issueOn.write vs. test_dut_headOutput_engine_issueOn.read
    "test_dut_headOutput_engine_process2Read" cannot fire before "test_dut_headOutput_engine_process2Chunk":
      calls to
	test_dut_headOutput_engine_chunkCnt.write vs. test_dut_headOutput_engine_chunkCnt.read
	test_dut_headOutput_engine_chunkLoadOn.write vs. test_dut_headOutput_engine_chunkLoadOn.read
Warning: "/workspace/scratch/e6420b0fda2a/dedicated-source/hw/sim/TbSwayPerf.bsv", line 113, column 8: (G0010)
  Rule "test_dut_headHidden_process1" was treated as more urgent than
  "test_dut_headHidden_process4Publish". Conflicts:
    "test_dut_headHidden_process1" cannot fire before "test_dut_headHidden_process4Publish":
      calls to
	test_dut_headHidden_writeBankR.write vs. test_dut_headHidden_writeBankR.read
    "test_dut_headHidden_process4Publish" cannot fire before "test_dut_headHidden_process1":
      calls to
	test_dut_headHidden_fillingOn.write vs. test_dut_headHidden_fillingOn.read
Warning: "/workspace/scratch/e6420b0fda2a/dedicated-source/hw/sim/TbSwayPerf.bsv", line 113, column 8: (G0010)
  Rule "test_dut_headHidden_engine_process1" was treated as more urgent than
  "test_dut_headHidden_engine_process2Read". Conflicts:
    "test_dut_headHidden_engine_process1" cannot fire before "test_dut_headHidden_engine_process2Read":
      calls to
	test_dut_headHidden_engine_groupStartQ.enq vs. test_dut_headHidden_engine_groupStartQ.enq
    "test_dut_headHidden_engine_process2Read" cannot fire before "test_dut_headHidden_engine_process1":
      calls to
	test_dut_headHidden_engine_groupStartQ.enq vs. test_dut_headHidden_engine_groupStartQ.enq
Warning: "/workspace/scratch/e6420b0fda2a/dedicated-source/hw/sim/TbSwayPerf.bsv", line 113, column 8: (G0010)
  Rule "test_dut_headHidden_engine_process2Chunk" was treated as more urgent
  than "test_dut_headHidden_engine_process2Read". Conflicts:
    "test_dut_headHidden_engine_process2Chunk" cannot fire before "test_dut_headHidden_engine_process2Read":
      calls to
	test_dut_headHidden_engine_chunkR.write vs. test_dut_headHidden_engine_chunkR.read
	test_dut_headHidden_engine_issueOn.write vs. test_dut_headHidden_engine_issueOn.read
    "test_dut_headHidden_engine_process2Read" cannot fire before "test_dut_headHidden_engine_process2Chunk":
      calls to
	test_dut_headHidden_engine_chunkCnt.write vs. test_dut_headHidden_engine_chunkCnt.read
	test_dut_headHidden_engine_chunkLoadOn.write vs. test_dut_headHidden_engine_chunkLoadOn.read
Warning: "/workspace/scratch/e6420b0fda2a/dedicated-source/hw/sim/TbSwayPerf.bsv", line 113, column 8: (G0117)
  Rule `test_dut_headHidden_process3Write' shadows the effects of
  `test_dut_headHidden_process4Publish' when they execute in the same clock
  cycle. Affected method calls:
    test_dut_headHidden_committedOn.write
  To silence this warning, use the `-no-warn-action-shadowing' flag.
Warning: "/workspace/scratch/e6420b0fda2a/dedicated-source/hw/sim/TbSwayPerf.bsv", line 113, column 8: (G0117)
  Rule `test_dut_block1_inputProjection_engine_process1' shadows the effects
  of `test_dut_block1_inputProjection_engine_process8Emit' when they execute
  in the same clock cycle. Affected method calls:
    test_dut_block1_inputProjection_engine_activeOn.write
  To silence this warning, use the `-no-warn-action-shadowing' flag.
Warning: "/workspace/scratch/e6420b0fda2a/dedicated-source/hw/sim/TbSwayPerf.bsv", line 113, column 8: (G0117)
  Rule `test_dut_block1_inputProjection_engine_process1' shadows the effects
  of `test_dut_block1_inputProjection_engine_process3Last' when they execute
  in the same clock cycle. Affected method calls:
    test_dut_block1_inputProjection_engine_completionGroupCnt.write
  To silence this warning, use the `-no-warn-action-shadowing' flag.
Warning: "/workspace/scratch/e6420b0fda2a/dedicated-source/hw/sim/TbSwayPerf.bsv", line 113, column 8: (G0117)
  Rule `test_dut_block1_inputProjection_engine_process1' shadows the effects
  of `test_dut_block1_inputProjection_engine_process3' when they execute in
  the same clock cycle. Affected method calls:
    test_dut_block1_inputProjection_engine_sumR.write
  To silence this warning, use the `-no-warn-action-shadowing' flag.
Warning: "/workspace/scratch/e6420b0fda2a/dedicated-source/hw/sim/TbSwayPerf.bsv", line 113, column 8: (G0117)
  Rule `test_dut_block1_inputProjection_engine_process1Group' shadows the
  effects of `test_dut_block1_inputProjection_engine_process2Read' when they
  execute in the same clock cycle. Affected method calls:
    test_dut_block1_inputProjection_engine_inputCnt.write,
    test_dut_block1_inputProjection_engine_chunkCnt.write
  To silence this warning, use the `-no-warn-action-shadowing' flag.
Warning: "/workspace/scratch/e6420b0fda2a/dedicated-source/hw/sim/TbSwayPerf.bsv", line 113, column 8: (G0117)
  Rule `test_dut_block1_inputProjection_engine_process1Group' shadows the
  effects of `test_dut_block1_inputProjection_engine_process2Chunk' when they
  execute in the same clock cycle. Affected method calls:
    test_dut_block1_inputProjection_engine_chunkLoadOn.write
  To silence this warning, use the `-no-warn-action-shadowing' flag.
Warning: "/workspace/scratch/e6420b0fda2a/dedicated-source/hw/sim/TbSwayPerf.bsv", line 113, column 8: (G0117)
  Rule `test_dut_block0_inputProjection_engine_process1' shadows the effects
  of `test_dut_block0_inputProjection_engine_process8Emit' when they execute
  in the same clock cycle. Affected method calls:
    test_dut_block0_inputProjection_engine_activeOn.write
  To silence this warning, use the `-no-warn-action-shadowing' flag.
Warning: "/workspace/scratch/e6420b0fda2a/dedicated-source/hw/sim/TbSwayPerf.bsv", line 113, column 8: (G0117)
  Rule `test_dut_block0_inputProjection_engine_process1' shadows the effects
  of `test_dut_block0_inputProjection_engine_process3Last' when they execute
  in the same clock cycle. Affected method calls:
    test_dut_block0_inputProjection_engine_completionGroupCnt.write
  To silence this warning, use the `-no-warn-action-shadowing' flag.
Warning: "/workspace/scratch/e6420b0fda2a/dedicated-source/hw/sim/TbSwayPerf.bsv", line 113, column 8: (G0117)
  Rule `test_dut_block0_inputProjection_engine_process1' shadows the effects
  of `test_dut_block0_inputProjection_engine_process3' when they execute in
  the same clock cycle. Affected method calls:
    test_dut_block0_inputProjection_engine_sumR.write
  To silence this warning, use the `-no-warn-action-shadowing' flag.
Warning: "/workspace/scratch/e6420b0fda2a/dedicated-source/hw/sim/TbSwayPerf.bsv", line 113, column 8: (G0117)
  Rule `test_dut_block0_inputProjection_engine_process1Group' shadows the
  effects of `test_dut_block0_inputProjection_engine_process2Read' when they
  execute in the same clock cycle. Affected method calls:
    test_dut_block0_inputProjection_engine_inputCnt.write,
    test_dut_block0_inputProjection_engine_chunkCnt.write
  To silence this warning, use the `-no-warn-action-shadowing' flag.
Warning: "/workspace/scratch/e6420b0fda2a/dedicated-source/hw/sim/TbSwayPerf.bsv", line 113, column 8: (G0117)
  Rule `test_dut_block0_inputProjection_engine_process1Group' shadows the
  effects of `test_dut_block0_inputProjection_engine_process2Chunk' when they
  execute in the same clock cycle. Affected method calls:
    test_dut_block0_inputProjection_engine_chunkLoadOn.write
  To silence this warning, use the `-no-warn-action-shadowing' flag.
Schedule dump file created: /workspace/scratch/e6420b0fda2a/sway/hw/resource-build/dedicated/perf/stream/mkTbSwayPerf.sched
Elaborated module file created: /workspace/scratch/e6420b0fda2a/sway/hw/resource-build/dedicated/perf/stream/mkTbSwayPerf.ba
All packages are up to date.
bsc -show-schedule -show-range-conflict -aggressive-conditions -D SWAY_BUFFERED -D SWAY_REALLOCATE -D SWAY_CORE_80MHZ -D SWAY_INPUT_FIFO2 -D SWAY_INPUT_OVERLAP -bdir /workspace/scratch/e6420b0fda2a/sway/hw/resource-build/dedicated/perf/stream -vdir /workspace/scratch/e6420b0fda2a/sway/hw/resource-build/dedicated/perf/stream -simdir /workspace/scratch/e6420b0fda2a/sway/hw/resource-build/dedicated/perf/stream -info-dir /workspace/scratch/e6420b0fda2a/sway/hw/resource-build/dedicated/perf/stream -fdir /workspace/scratch/e6420b0fda2a/sway/hw/resource-build/dedicated/perf/stream -D BSIM -l pthread  -Xc++ -O1 \
	-sim -e mkTbSwayPerf -o /workspace/scratch/e6420b0fda2a/sway/hw/resource-build/dedicated/perf/stream/bsim \
	/workspace/scratch/e6420b0fda2a/sway/hw/resource-build/dedicated/perf/stream/*.ba 
Bluesim object created: /workspace/scratch/e6420b0fda2a/sway/hw/resource-build/dedicated/perf/stream/mkTbSwayPerf.{h,o}
Bluesim object created: /workspace/scratch/e6420b0fda2a/sway/hw/resource-build/dedicated/perf/stream/model_mkTbSwayPerf.{h,o}
Simulation shared library created: /workspace/scratch/e6420b0fda2a/sway/hw/resource-build/dedicated/perf/stream/bsim.so
Simulation executable created: /workspace/scratch/e6420b0fda2a/sway/hw/resource-build/dedicated/perf/stream/bsim
make[1]: Leaving directory '/workspace/scratch/e6420b0fda2a/dedicated-source/hw'
cp "/workspace/scratch/e6420b0fda2a/sway/hw/resource-build/dedicated/perf/stream/mkTbSwayPerf.sched" "/workspace/scratch/e6420b0fda2a/sway/hw/results/resource_comparison/dedicated/perf/stream.sched"
cd "/workspace/scratch/e6420b0fda2a/dedicated-source/hw" &&  "/workspace/scratch/e6420b0fda2a/sway/hw/resource-build/dedicated/perf/stream/bsim" 2> "/workspace/scratch/e6420b0fda2a/sway/hw/results/resource_comparison/dedicated/perf/stream.stderr.log" | tee "/workspace/scratch/e6420b0fda2a/sway/hw/results/resource_comparison/dedicated/perf/stream.log"
SWAY_PERF_BEGIN,64,14
SWAY_PERF_INPUT_FRAME,0,2,321
SWAY_PERF_INPUT_FRAME,1,322,641
SWAY_PERF_INPUT_FRAME,2,642,7290
SWAY_PERF_INPUT_FRAME,3,7291,14890
SWAY_PERF_OUTPUT,0,7,20709
SWAY_PERF_OUTPUT,1,7,20710
SWAY_PERF_OUTPUT,2,6,20711
SWAY_PERF_OUTPUT,3,6,20712
SWAY_PERF_OUTPUT,4,12,20713
SWAY_PERF_OUTPUT,5,16,20714
SWAY_PERF_OUTPUT,6,19,20715
SWAY_PERF_OUTPUT,7,1,20716
SWAY_PERF_OUTPUT,8,-2,20717
SWAY_PERF_OUTPUT,9,-3,20718
SWAY_PERF_OUTPUT,10,9,20719
SWAY_PERF_OUTPUT,11,10,20720
SWAY_PERF_OUTPUT,12,11,20721
SWAY_PERF_OUTPUT,13,11,20722
SWAY_PERF_OUTPUT,14,4,20723
SWAY_PERF_OUTPUT,15,2,20724
SWAY_PERF_OUTPUT,16,0,20725
SWAY_PERF_OUTPUT,17,0,20726
SWAY_PERF_OUTPUT,18,7,20727
SWAY_PERF_OUTPUT,19,63,20728
SWAY_PERF_OUTPUT,20,63,20729
SWAY_PERF_OUTPUT,21,63,20730
SWAY_PERF_OUTPUT,22,62,20731
SWAY_PERF_OUTPUT,23,62,20732
SWAY_PERF_OUTPUT,24,63,20733
SWAY_PERF_OUTPUT,25,61,20734
SWAY_PERF_OUTPUT,26,62,20735
SWAY_PERF_OUTPUT,27,63,20736
SWAY_PERF_OUTPUT,28,61,20737
SWAY_PERF_OUTPUT,29,62,20738
SWAY_PERF_OUTPUT,30,62,20739
SWAY_PERF_OUTPUT,31,63,20740
SWAY_PERF_OUTPUT,32,61,20741
SWAY_PERF_OUTPUT,33,62,20742
SWAY_PERF_OUTPUT,34,62,20743
SWAY_PERF_OUTPUT,35,63,20744
SWAY_PERF_OUTPUT,36,60,20745
SWAY_PERF_OUTPUT,37,63,20746
SWAY_PERF_OUTPUT,38,-7,20747
SWAY_PERF_OUTPUT,39,2,20748
SWAY_PERF_OUTPUT,40,13,20749
SWAY_PERF_OUTPUT,41,17,20750
SWAY_PERF_OUTPUT,42,9,20751
SWAY_PERF_OUTPUT,43,5,20752
SWAY_PERF_OUTPUT,44,2,20753
SWAY_PERF_OUTPUT,45,9,20754
SWAY_PERF_OUTPUT,46,2,20755
SWAY_PERF_OUTPUT,47,-4,20756
SWAY_PERF_OUTPUT,48,-7,20757
SWAY_PERF_OUTPUT,49,-17,20758
SWAY_PERF_OUTPUT,50,-28,20759
SWAY_PERF_OUTPUT,51,-29,20760
SWAY_PERF_OUTPUT,52,-7,20761
SWAY_PERF_OUTPUT,53,-16,20762
SWAY_PERF_OUTPUT,54,-27,20763
SWAY_PERF_OUTPUT,55,-29,20764
SWAY_PERF_OUTPUT,56,10,20765
SWAY_PERF_FRAME,0,20709,20765
SWAY_PERF_INPUT_FRAME,4,14891,22490
SWAY_PERF_OUTPUT,57,7,28309
SWAY_PERF_OUTPUT,58,8,28310
SWAY_PERF_OUTPUT,59,8,28311
SWAY_PERF_OUTPUT,60,8,28312
SWAY_PERF_OUTPUT,61,13,28313
SWAY_PERF_OUTPUT,62,17,28314
SWAY_PERF_OUTPUT,63,20,28315
SWAY_PERF_OUTPUT,64,2,28316
SWAY_PERF_OUTPUT,65,-2,28317
SWAY_PERF_OUTPUT,66,-5,28318
SWAY_PERF_OUTPUT,67,10,28319
SWAY_PERF_OUTPUT,68,11,28320
SWAY_PERF_OUTPUT,69,10,28321
SWAY_PERF_OUTPUT,70,11,28322
SWAY_PERF_OUTPUT,71,5,28323
SWAY_PERF_OUTPUT,72,3,28324
SWAY_PERF_OUTPUT,73,0,28325
SWAY_PERF_OUTPUT,74,0,28326
SWAY_PERF_OUTPUT,75,8,28327
SWAY_PERF_OUTPUT,76,62,28328
SWAY_PERF_OUTPUT,77,62,28329
SWAY_PERF_OUTPUT,78,62,28330
SWAY_PERF_OUTPUT,79,62,28331
SWAY_PERF_OUTPUT,80,62,28332
SWAY_PERF_OUTPUT,81,62,28333
SWAY_PERF_OUTPUT,82,60,28334
SWAY_PERF_OUTPUT,83,61,28335
SWAY_PERF_OUTPUT,84,61,28336
SWAY_PERF_OUTPUT,85,60,28337
SWAY_PERF_OUTPUT,86,61,28338
SWAY_PERF_OUTPUT,87,60,28339
SWAY_PERF_OUTPUT,88,62,28340
SWAY_PERF_OUTPUT,89,59,28341
SWAY_PERF_OUTPUT,90,61,28342
SWAY_PERF_OUTPUT,91,61,28343
SWAY_PERF_OUTPUT,92,64,28344
SWAY_PERF_OUTPUT,93,60,28345
SWAY_PERF_OUTPUT,94,62,28346
SWAY_PERF_OUTPUT,95,-6,28347
SWAY_PERF_OUTPUT,96,4,28348
SWAY_PERF_OUTPUT,97,14,28349
SWAY_PERF_OUTPUT,98,18,28350
SWAY_PERF_OUTPUT,99,10,28351
SWAY_PERF_OUTPUT,100,6,28352
SWAY_PERF_OUTPUT,101,-1,28353
SWAY_PERF_OUTPUT,102,10,28354
SWAY_PERF_OUTPUT,103,4,28355
SWAY_PERF_OUTPUT,104,-1,28356
SWAY_PERF_OUTPUT,105,-5,28357
SWAY_PERF_OUTPUT,106,-16,28358
SWAY_PERF_OUTPUT,107,-26,28359
SWAY_PERF_OUTPUT,108,-29,28360
SWAY_PERF_OUTPUT,109,-6,28361
SWAY_PERF_OUTPUT,110,-15,28362
SWAY_PERF_OUTPUT,111,-26,28363
SWAY_PERF_OUTPUT,112,-28,28364
SWAY_PERF_OUTPUT,113,11,28365
SWAY_PERF_FRAME,1,28309,28365
SWAY_PERF_INPUT_FRAME,5,22491,30090
SWAY_PERF_OUTPUT,114,8,35909
SWAY_PERF_OUTPUT,115,9,35910
SWAY_PERF_OUTPUT,116,8,35911
SWAY_PERF_OUTPUT,117,9,35912
SWAY_PERF_OUTPUT,118,13,35913
SWAY_PERF_OUTPUT,119,16,35914
SWAY_PERF_OUTPUT,120,15,35915
SWAY_PERF_OUTPUT,121,4,35916
SWAY_PERF_OUTPUT,122,1,35917
SWAY_PERF_OUTPUT,123,0,35918
SWAY_PERF_OUTPUT,124,10,35919
SWAY_PERF_OUTPUT,125,10,35920
SWAY_PERF_OUTPUT,126,8,35921
SWAY_PERF_OUTPUT,127,8,35922
SWAY_PERF_OUTPUT,128,6,35923
SWAY_PERF_OUTPUT,129,4,35924
SWAY_PERF_OUTPUT,130,2,35925
SWAY_PERF_OUTPUT,131,1,35926
SWAY_PERF_OUTPUT,132,9,35927
SWAY_PERF_OUTPUT,133,63,35928
SWAY_PERF_OUTPUT,134,63,35929
SWAY_PERF_OUTPUT,135,63,35930
SWAY_PERF_OUTPUT,136,63,35931
SWAY_PERF_OUTPUT,137,62,35932
SWAY_PERF_OUTPUT,138,62,35933
SWAY_PERF_OUTPUT,139,60,35934
SWAY_PERF_OUTPUT,140,62,35935
SWAY_PERF_OUTPUT,141,64,35936
SWAY_PERF_OUTPUT,142,62,35937
SWAY_PERF_OUTPUT,143,62,35938
SWAY_PERF_OUTPUT,144,62,35939
SWAY_PERF_OUTPUT,145,63,35940
SWAY_PERF_OUTPUT,146,62,35941
SWAY_PERF_OUTPUT,147,62,35942
SWAY_PERF_OUTPUT,148,62,35943
SWAY_PERF_OUTPUT,149,63,35944
SWAY_PERF_OUTPUT,150,59,35945
SWAY_PERF_OUTPUT,151,63,35946
SWAY_PERF_OUTPUT,152,-8,35947
SWAY_PERF_OUTPUT,153,2,35948
SWAY_PERF_OUTPUT,154,13,35949
SWAY_PERF_OUTPUT,155,17,35950
SWAY_PERF_OUTPUT,156,9,35951
SWAY_PERF_OUTPUT,157,2,35952
SWAY_PERF_OUTPUT,158,-4,35953
SWAY_PERF_OUTPUT,159,8,35954
SWAY_PERF_OUTPUT,160,2,35955
SWAY_PERF_OUTPUT,161,-4,35956
SWAY_PERF_OUTPUT,162,-7,35957
SWAY_PERF_OUTPUT,163,-17,35958
SWAY_PERF_OUTPUT,164,-28,35959
SWAY_PERF_OUTPUT,165,-30,35960
SWAY_PERF_OUTPUT,166,-7,35961
SWAY_PERF_OUTPUT,167,-16,35962
SWAY_PERF_OUTPUT,168,-26,35963
SWAY_PERF_OUTPUT,169,-29,35964
SWAY_PERF_OUTPUT,170,10,35965
SWAY_PERF_FRAME,2,35909,35965
SWAY_PERF_INPUT_FRAME,6,30091,37690
SWAY_PERF_OUTPUT,171,7,43509
SWAY_PERF_OUTPUT,172,7,43510
SWAY_PERF_OUTPUT,173,6,43511
SWAY_PERF_OUTPUT,174,7,43512
SWAY_PERF_OUTPUT,175,13,43513
SWAY_PERF_OUTPUT,176,17,43514
SWAY_PERF_OUTPUT,177,20,43515
SWAY_PERF_OUTPUT,178,1,43516
SWAY_PERF_OUTPUT,179,-3,43517
SWAY_PERF_OUTPUT,180,-4,43518
SWAY_PERF_OUTPUT,181,10,43519
SWAY_PERF_OUTPUT,182,11,43520
SWAY_PERF_OUTPUT,183,13,43521
SWAY_PERF_OUTPUT,184,13,43522
SWAY_PERF_OUTPUT,185,5,43523
SWAY_PERF_OUTPUT,186,4,43524
SWAY_PERF_OUTPUT,187,2,43525
SWAY_PERF_OUTPUT,188,2,43526
SWAY_PERF_OUTPUT,189,7,43527
SWAY_PERF_OUTPUT,190,62,43528
SWAY_PERF_OUTPUT,191,62,43529
SWAY_PERF_OUTPUT,192,62,43530
SWAY_PERF_OUTPUT,193,61,43531
SWAY_PERF_OUTPUT,194,63,43532
SWAY_PERF_OUTPUT,195,65,43533
SWAY_PERF_OUTPUT,196,62,43534
SWAY_PERF_OUTPUT,197,60,43535
SWAY_PERF_OUTPUT,198,59,43536
SWAY_PERF_OUTPUT,199,57,43537
SWAY_PERF_OUTPUT,200,60,43538
SWAY_PERF_OUTPUT,201,60,43539
SWAY_PERF_OUTPUT,202,59,43540
SWAY_PERF_OUTPUT,203,56,43541
SWAY_PERF_OUTPUT,204,60,43542
SWAY_PERF_OUTPUT,205,63,43543
SWAY_PERF_OUTPUT,206,65,43544
SWAY_PERF_OUTPUT,207,62,43545
SWAY_PERF_OUTPUT,208,62,43546
SWAY_PERF_OUTPUT,209,-3,43547
SWAY_PERF_OUTPUT,210,7,43548
SWAY_PERF_OUTPUT,211,17,43549
SWAY_PERF_OUTPUT,212,22,43550
SWAY_PERF_OUTPUT,213,14,43551
SWAY_PERF_OUTPUT,214,10,43552
SWAY_PERF_OUTPUT,215,8,43553
SWAY_PERF_OUTPUT,216,14,43554
SWAY_PERF_OUTPUT,217,8,43555
SWAY_PERF_OUTPUT,218,4,43556
SWAY_PERF_OUTPUT,219,-2,43557
SWAY_PERF_OUTPUT,220,-15,43558
SWAY_PERF_OUTPUT,221,-26,43559
SWAY_PERF_OUTPUT,222,-28,43560
SWAY_PERF_OUTPUT,223,-3,43561
SWAY_PERF_OUTPUT,224,-15,43562
SWAY_PERF_OUTPUT,225,-26,43563
SWAY_PERF_OUTPUT,226,-28,43564
SWAY_PERF_OUTPUT,227,15,43565
SWAY_PERF_FRAME,3,43509,43565
SWAY_PERF_INPUT_FRAME,7,37691,45290
SWAY_PERF_OUTPUT,228,8,51109
SWAY_PERF_OUTPUT,229,9,51110
SWAY_PERF_OUTPUT,230,9,51111
SWAY_PERF_OUTPUT,231,9,51112
SWAY_PERF_OUTPUT,232,14,51113
SWAY_PERF_OUTPUT,233,20,51114
SWAY_PERF_OUTPUT,234,23,51115
SWAY_PERF_OUTPUT,235,3,51116
SWAY_PERF_OUTPUT,236,-4,51117
SWAY_PERF_OUTPUT,237,-9,51118
SWAY_PERF_OUTPUT,238,11,51119
SWAY_PERF_OUTPUT,239,13,51120
SWAY_PERF_OUTPUT,240,13,51121
SWAY_PERF_OUTPUT,241,14,51122
SWAY_PERF_OUTPUT,242,6,51123
SWAY_PERF_OUTPUT,243,0,51124
SWAY_PERF_OUTPUT,244,-5,51125
SWAY_PERF_OUTPUT,245,-5,51126
SWAY_PERF_OUTPUT,246,9,51127
SWAY_PERF_OUTPUT,247,62,51128
SWAY_PERF_OUTPUT,248,61,51129
SWAY_PERF_OUTPUT,249,60,51130
SWAY_PERF_OUTPUT,250,59,51131
SWAY_PERF_OUTPUT,251,59,51132
SWAY_PERF_OUTPUT,252,59,51133
SWAY_PERF_OUTPUT,253,58,51134
SWAY_PERF_OUTPUT,254,60,51135
SWAY_PERF_OUTPUT,255,60,51136
SWAY_PERF_OUTPUT,256,59,51137
SWAY_PERF_OUTPUT,257,60,51138
SWAY_PERF_OUTPUT,258,58,51139
SWAY_PERF_OUTPUT,259,61,51140
SWAY_PERF_OUTPUT,260,59,51141
SWAY_PERF_OUTPUT,261,61,51142
SWAY_PERF_OUTPUT,262,59,51143
SWAY_PERF_OUTPUT,263,61,51144
SWAY_PERF_OUTPUT,264,58,51145
SWAY_PERF_OUTPUT,265,60,51146
SWAY_PERF_OUTPUT,266,-8,51147
SWAY_PERF_OUTPUT,267,2,51148
SWAY_PERF_OUTPUT,268,11,51149
SWAY_PERF_OUTPUT,269,15,51150
SWAY_PERF_OUTPUT,270,8,51151
SWAY_PERF_OUTPUT,271,6,51152
SWAY_PERF_OUTPUT,272,5,51153
SWAY_PERF_OUTPUT,273,8,51154
SWAY_PERF_OUTPUT,274,6,51155
SWAY_PERF_OUTPUT,275,8,51156
SWAY_PERF_OUTPUT,276,-7,51157
SWAY_PERF_OUTPUT,277,-16,51158
SWAY_PERF_OUTPUT,278,-27,51159
SWAY_PERF_OUTPUT,279,-29,51160
SWAY_PERF_OUTPUT,280,-7,51161
SWAY_PERF_OUTPUT,281,-14,51162
SWAY_PERF_OUTPUT,282,-25,51163
SWAY_PERF_OUTPUT,283,-27,51164
SWAY_PERF_OUTPUT,284,9,51165
SWAY_PERF_FRAME,4,51109,51165
SWAY_PERF_INPUT_FRAME,8,45291,52890
SWAY_PERF_OUTPUT,285,4,58709
SWAY_PERF_OUTPUT,286,4,58710
SWAY_PERF_OUTPUT,287,3,58711
SWAY_PERF_OUTPUT,288,3,58712
SWAY_PERF_OUTPUT,289,9,58713
SWAY_PERF_OUTPUT,290,16,58714
SWAY_PERF_OUTPUT,291,19,58715
SWAY_PERF_OUTPUT,292,-2,58716
SWAY_PERF_OUTPUT,293,-7,58717
SWAY_PERF_OUTPUT,294,-8,58718
SWAY_PERF_OUTPUT,295,7,58719
SWAY_PERF_OUTPUT,296,11,58720
SWAY_PERF_OUTPUT,297,13,58721
SWAY_PERF_OUTPUT,298,14,58722
SWAY_PERF_OUTPUT,299,2,58723
SWAY_PERF_OUTPUT,300,-1,58724
SWAY_PERF_OUTPUT,301,-2,58725
SWAY_PERF_OUTPUT,302,-2,58726
SWAY_PERF_OUTPUT,303,3,58727
SWAY_PERF_OUTPUT,304,61,58728
SWAY_PERF_OUTPUT,305,61,58729
SWAY_PERF_OUTPUT,306,60,58730
SWAY_PERF_OUTPUT,307,60,58731
SWAY_PERF_OUTPUT,308,60,58732
SWAY_PERF_OUTPUT,309,61,58733
SWAY_PERF_OUTPUT,310,59,58734
SWAY_PERF_OUTPUT,311,59,58735
SWAY_PERF_OUTPUT,312,59,58736
SWAY_PERF_OUTPUT,313,58,58737
SWAY_PERF_OUTPUT,314,60,58738
SWAY_PERF_OUTPUT,315,59,58739
SWAY_PERF_OUTPUT,316,60,58740
SWAY_PERF_OUTPUT,317,57,58741
SWAY_PERF_OUTPUT,318,60,58742
SWAY_PERF_OUTPUT,319,59,58743
SWAY_PERF_OUTPUT,320,62,58744
SWAY_PERF_OUTPUT,321,59,58745
SWAY_PERF_OUTPUT,322,60,58746
SWAY_PERF_OUTPUT,323,-6,58747
SWAY_PERF_OUTPUT,324,4,58748
SWAY_PERF_OUTPUT,325,14,58749
SWAY_PERF_OUTPUT,326,18,58750
SWAY_PERF_OUTPUT,327,11,58751
SWAY_PERF_OUTPUT,328,10,58752
SWAY_PERF_OUTPUT,329,11,58753
SWAY_PERF_OUTPUT,330,10,58754
SWAY_PERF_OUTPUT,331,6,58755
SWAY_PERF_OUTPUT,332,5,58756
SWAY_PERF_OUTPUT,333,-5,58757
SWAY_PERF_OUTPUT,334,-15,58758
SWAY_PERF_OUTPUT,335,-25,58759
SWAY_PERF_OUTPUT,336,-28,58760
SWAY_PERF_OUTPUT,337,-6,58761
SWAY_PERF_OUTPUT,338,-15,58762
SWAY_PERF_OUTPUT,339,-27,58763
SWAY_PERF_OUTPUT,340,-29,58764
SWAY_PERF_OUTPUT,341,12,58765
SWAY_PERF_FRAME,5,58709,58765
SWAY_PERF_INPUT_FRAME,9,52891,60490
SWAY_PERF_OUTPUT,342,4,66309
SWAY_PERF_OUTPUT,343,4,66310
SWAY_PERF_OUTPUT,344,3,66311
SWAY_PERF_OUTPUT,345,3,66312
SWAY_PERF_OUTPUT,346,10,66313
SWAY_PERF_OUTPUT,347,16,66314
SWAY_PERF_OUTPUT,348,21,66315
SWAY_PERF_OUTPUT,349,-3,66316
SWAY_PERF_OUTPUT,350,-10,66317
SWAY_PERF_OUTPUT,351,-15,66318
SWAY_PERF_OUTPUT,352,7,66319
SWAY_PERF_OUTPUT,353,11,66320
SWAY_PERF_OUTPUT,354,15,66321
SWAY_PERF_OUTPUT,355,15,66322
SWAY_PERF_OUTPUT,356,2,66323
SWAY_PERF_OUTPUT,357,-2,66324
SWAY_PERF_OUTPUT,358,-5,66325
SWAY_PERF_OUTPUT,359,-5,66326
SWAY_PERF_OUTPUT,360,3,66327
SWAY_PERF_OUTPUT,361,63,66328
SWAY_PERF_OUTPUT,362,62,66329
SWAY_PERF_OUTPUT,363,61,66330
SWAY_PERF_OUTPUT,364,61,66331
SWAY_PERF_OUTPUT,365,62,66332
SWAY_PERF_OUTPUT,366,62,66333
SWAY_PERF_OUTPUT,367,60,66334
SWAY_PERF_OUTPUT,368,61,66335
SWAY_PERF_OUTPUT,369,61,66336
SWAY_PERF_OUTPUT,370,60,66337
SWAY_PERF_OUTPUT,371,61,66338
SWAY_PERF_OUTPUT,372,60,66339
SWAY_PERF_OUTPUT,373,61,66340
SWAY_PERF_OUTPUT,374,59,66341
SWAY_PERF_OUTPUT,375,61,66342
SWAY_PERF_OUTPUT,376,61,66343
SWAY_PERF_OUTPUT,377,63,66344
SWAY_PERF_OUTPUT,378,60,66345
SWAY_PERF_OUTPUT,379,61,66346
SWAY_PERF_OUTPUT,380,-4,66347
SWAY_PERF_OUTPUT,381,6,66348
SWAY_PERF_OUTPUT,382,17,66349
SWAY_PERF_OUTPUT,383,21,66350
SWAY_PERF_OUTPUT,384,13,66351
SWAY_PERF_OUTPUT,385,13,66352
SWAY_PERF_OUTPUT,386,14,66353
SWAY_PERF_OUTPUT,387,13,66354
SWAY_PERF_OUTPUT,388,12,66355
SWAY_PERF_OUTPUT,389,15,66356
SWAY_PERF_OUTPUT,390,-3,66357
SWAY_PERF_OUTPUT,391,-14,66358
SWAY_PERF_OUTPUT,392,-26,66359
SWAY_PERF_OUTPUT,393,-28,66360
SWAY_PERF_OUTPUT,394,-3,66361
SWAY_PERF_OUTPUT,395,-14,66362
SWAY_PERF_OUTPUT,396,-26,66363
SWAY_PERF_OUTPUT,397,-28,66364
SWAY_PERF_OUTPUT,398,14,66365
SWAY_PERF_FRAME,6,66309,66365
SWAY_PERF_INPUT_FRAME,10,60491,68090
SWAY_PERF_OUTPUT,399,8,73909
SWAY_PERF_OUTPUT,400,9,73910
SWAY_PERF_OUTPUT,401,8,73911
SWAY_PERF_OUTPUT,402,8,73912
SWAY_PERF_OUTPUT,403,14,73913
SWAY_PERF_OUTPUT,404,19,73914
SWAY_PERF_OUTPUT,405,21,73915
SWAY_PERF_OUTPUT,406,3,73916
SWAY_PERF_OUTPUT,407,0,73917
SWAY_PERF_OUTPUT,408,-3,73918
SWAY_PERF_OUTPUT,409,10,73919
SWAY_PERF_OUTPUT,410,12,73920
SWAY_PERF_OUTPUT,411,12,73921
SWAY_PERF_OUTPUT,412,12,73922
SWAY_PERF_OUTPUT,413,6,73923
SWAY_PERF_OUTPUT,414,3,73924
SWAY_PERF_OUTPUT,415,0,73925
SWAY_PERF_OUTPUT,416,-1,73926
SWAY_PERF_OUTPUT,417,9,73927
SWAY_PERF_OUTPUT,418,61,73928
SWAY_PERF_OUTPUT,419,62,73929
SWAY_PERF_OUTPUT,420,61,73930
SWAY_PERF_OUTPUT,421,61,73931
SWAY_PERF_OUTPUT,422,61,73932
SWAY_PERF_OUTPUT,423,61,73933
SWAY_PERF_OUTPUT,424,59,73934
SWAY_PERF_OUTPUT,425,60,73935
SWAY_PERF_OUTPUT,426,61,73936
SWAY_PERF_OUTPUT,427,60,73937
SWAY_PERF_OUTPUT,428,60,73938
SWAY_PERF_OUTPUT,429,60,73939
SWAY_PERF_OUTPUT,430,62,73940
SWAY_PERF_OUTPUT,431,60,73941
SWAY_PERF_OUTPUT,432,61,73942
SWAY_PERF_OUTPUT,433,61,73943
SWAY_PERF_OUTPUT,434,62,73944
SWAY_PERF_OUTPUT,435,58,73945
SWAY_PERF_OUTPUT,436,61,73946
SWAY_PERF_OUTPUT,437,-6,73947
SWAY_PERF_OUTPUT,438,3,73948
SWAY_PERF_OUTPUT,439,14,73949
SWAY_PERF_OUTPUT,440,17,73950
SWAY_PERF_OUTPUT,441,10,73951
SWAY_PERF_OUTPUT,442,7,73952
SWAY_PERF_OUTPUT,443,6,73953
SWAY_PERF_OUTPUT,444,9,73954
SWAY_PERF_OUTPUT,445,4,73955
SWAY_PERF_OUTPUT,446,1,73956
SWAY_PERF_OUTPUT,447,-6,73957
SWAY_PERF_OUTPUT,448,-16,73958
SWAY_PERF_OUTPUT,449,-27,73959
SWAY_PERF_OUTPUT,450,-29,73960
SWAY_PERF_OUTPUT,451,-6,73961
SWAY_PERF_OUTPUT,452,-15,73962
SWAY_PERF_OUTPUT,453,-26,73963
SWAY_PERF_OUTPUT,454,-28,73964
SWAY_PERF_OUTPUT,455,11,73965
SWAY_PERF_FRAME,7,73909,73965
SWAY_PERF_INPUT_FRAME,11,68091,75690
SWAY_PERF_OUTPUT,456,9,81509
SWAY_PERF_OUTPUT,457,9,81510
SWAY_PERF_OUTPUT,458,8,81511
SWAY_PERF_OUTPUT,459,9,81512
SWAY_PERF_OUTPUT,460,15,81513
SWAY_PERF_OUTPUT,461,18,81514
SWAY_PERF_OUTPUT,462,19,81515
SWAY_PERF_OUTPUT,463,4,81516
SWAY_PERF_OUTPUT,464,-2,81517
SWAY_PERF_OUTPUT,465,-5,81518
SWAY_PERF_OUTPUT,466,10,81519
SWAY_PERF_OUTPUT,467,11,81520
SWAY_PERF_OUTPUT,468,11,81521
SWAY_PERF_OUTPUT,469,11,81522
SWAY_PERF_OUTPUT,470,6,81523
SWAY_PERF_OUTPUT,471,4,81524
SWAY_PERF_OUTPUT,472,2,81525
SWAY_PERF_OUTPUT,473,2,81526
SWAY_PERF_OUTPUT,474,9,81527
SWAY_PERF_OUTPUT,475,64,81528
SWAY_PERF_OUTPUT,476,65,81529
SWAY_PERF_OUTPUT,477,65,81530
SWAY_PERF_OUTPUT,478,65,81531
SWAY_PERF_OUTPUT,479,65,81532
SWAY_PERF_OUTPUT,480,66,81533
SWAY_PERF_OUTPUT,481,64,81534
SWAY_PERF_OUTPUT,482,64,81535
SWAY_PERF_OUTPUT,483,65,81536
SWAY_PERF_OUTPUT,484,63,81537
SWAY_PERF_OUTPUT,485,63,81538
SWAY_PERF_OUTPUT,486,65,81539
SWAY_PERF_OUTPUT,487,63,81540
SWAY_PERF_OUTPUT,488,61,81541
SWAY_PERF_OUTPUT,489,63,81542
SWAY_PERF_OUTPUT,490,67,81543
SWAY_PERF_OUTPUT,491,66,81544
SWAY_PERF_OUTPUT,492,63,81545
SWAY_PERF_OUTPUT,493,65,81546
SWAY_PERF_OUTPUT,494,-2,81547
SWAY_PERF_OUTPUT,495,9,81548
SWAY_PERF_OUTPUT,496,20,81549
SWAY_PERF_OUTPUT,497,25,81550
SWAY_PERF_OUTPUT,498,16,81551
SWAY_PERF_OUTPUT,499,9,81552
SWAY_PERF_OUTPUT,500,5,81553
SWAY_PERF_OUTPUT,501,15,81554
SWAY_PERF_OUTPUT,502,12,81555
SWAY_PERF_OUTPUT,503,8,81556
SWAY_PERF_OUTPUT,504,-1,81557
SWAY_PERF_OUTPUT,505,-15,81558
SWAY_PERF_OUTPUT,506,-28,81559
SWAY_PERF_OUTPUT,507,-30,81560
SWAY_PERF_OUTPUT,508,-1,81561
SWAY_PERF_OUTPUT,509,-15,81562
SWAY_PERF_OUTPUT,510,-25,81563
SWAY_PERF_OUTPUT,511,-29,81564
SWAY_PERF_OUTPUT,512,17,81565
SWAY_PERF_FRAME,8,81509,81565
SWAY_PERF_INPUT_FRAME,12,75691,83290
SWAY_PERF_OUTPUT,513,45,89109
SWAY_PERF_OUTPUT,514,127,89110
SWAY_PERF_OUTPUT,515,-30,89111
SWAY_PERF_OUTPUT,516,40,89112
SWAY_PERF_OUTPUT,517,34,89113
SWAY_PERF_OUTPUT,518,87,89114
SWAY_PERF_OUTPUT,519,0,89115
SWAY_PERF_OUTPUT,520,38,89116
SWAY_PERF_OUTPUT,521,77,89117
SWAY_PERF_OUTPUT,522,-2,89118
SWAY_PERF_OUTPUT,523,28,89119
SWAY_PERF_OUTPUT,524,70,89120
SWAY_PERF_OUTPUT,525,-24,89121
SWAY_PERF_OUTPUT,526,31,89122
SWAY_PERF_OUTPUT,527,50,89123
SWAY_PERF_OUTPUT,528,123,89124
SWAY_PERF_OUTPUT,529,38,89125
SWAY_PERF_OUTPUT,530,95,89126
SWAY_PERF_OUTPUT,531,56,89127
SWAY_PERF_OUTPUT,532,-18,89128
SWAY_PERF_OUTPUT,533,-5,89129
SWAY_PERF_OUTPUT,534,-13,89130
SWAY_PERF_OUTPUT,535,72,89131
SWAY_PERF_OUTPUT,536,46,89132
SWAY_PERF_OUTPUT,537,35,89133
SWAY_PERF_OUTPUT,538,17,89134
SWAY_PERF_OUTPUT,539,-75,89135
SWAY_PERF_OUTPUT,540,-6,89136
SWAY_PERF_OUTPUT,541,-39,89137
SWAY_PERF_OUTPUT,542,-28,89138
SWAY_PERF_OUTPUT,543,-27,89139
SWAY_PERF_OUTPUT,544,-60,89140
SWAY_PERF_OUTPUT,545,-2,89141
SWAY_PERF_OUTPUT,546,27,89142
SWAY_PERF_OUTPUT,547,71,89143
SWAY_PERF_OUTPUT,548,117,89144
SWAY_PERF_OUTPUT,549,-2,89145
SWAY_PERF_OUTPUT,550,-19,89146
SWAY_PERF_OUTPUT,551,25,89147
SWAY_PERF_OUTPUT,552,34,89148
SWAY_PERF_OUTPUT,553,-36,89149
SWAY_PERF_OUTPUT,554,21,89150
SWAY_PERF_OUTPUT,555,-36,89151
SWAY_PERF_OUTPUT,556,96,89152
SWAY_PERF_OUTPUT,557,-49,89153
SWAY_PERF_OUTPUT,558,50,89154
SWAY_PERF_OUTPUT,559,-42,89155
SWAY_PERF_OUTPUT,560,-96,89156
SWAY_PERF_OUTPUT,561,0,89157
SWAY_PERF_OUTPUT,562,27,89158
SWAY_PERF_OUTPUT,563,-37,89159
SWAY_PERF_OUTPUT,564,77,89160
SWAY_PERF_OUTPUT,565,44,89161
SWAY_PERF_OUTPUT,566,0,89162
SWAY_PERF_OUTPUT,567,-56,89163
SWAY_PERF_OUTPUT,568,-77,89164
SWAY_PERF_OUTPUT,569,42,89165
SWAY_PERF_FRAME,9,89109,89165
SWAY_PERF_INPUT_FRAME,13,83291,90890
SWAY_PERF_OUTPUT,570,21,96709
SWAY_PERF_OUTPUT,571,1,96710
SWAY_PERF_OUTPUT,572,5,96711
SWAY_PERF_OUTPUT,573,-3,96712
SWAY_PERF_OUTPUT,574,23,96713
SWAY_PERF_OUTPUT,575,34,96714
SWAY_PERF_OUTPUT,576,42,96715
SWAY_PERF_OUTPUT,577,-2,96716
SWAY_PERF_OUTPUT,578,-9,96717
SWAY_PERF_OUTPUT,579,0,96718
SWAY_PERF_OUTPUT,580,8,96719
SWAY_PERF_OUTPUT,581,16,96720
SWAY_PERF_OUTPUT,582,59,96721
SWAY_PERF_OUTPUT,583,41,96722
SWAY_PERF_OUTPUT,584,9,96723
SWAY_PERF_OUTPUT,585,9,96724
SWAY_PERF_OUTPUT,586,12,96725
SWAY_PERF_OUTPUT,587,20,96726
SWAY_PERF_OUTPUT,588,14,96727
SWAY_PERF_OUTPUT,589,101,96728
SWAY_PERF_OUTPUT,590,109,96729
SWAY_PERF_OUTPUT,591,111,96730
SWAY_PERF_OUTPUT,592,108,96731
SWAY_PERF_OUTPUT,593,118,96732
SWAY_PERF_OUTPUT,594,113,96733
SWAY_PERF_OUTPUT,595,96,96734
SWAY_PERF_OUTPUT,596,121,96735
SWAY_PERF_OUTPUT,597,111,96736
SWAY_PERF_OUTPUT,598,120,96737
SWAY_PERF_OUTPUT,599,99,96738
SWAY_PERF_OUTPUT,600,127,96739
SWAY_PERF_OUTPUT,601,126,96740
SWAY_PERF_OUTPUT,602,112,96741
SWAY_PERF_OUTPUT,603,115,96742
SWAY_PERF_OUTPUT,604,127,96743
SWAY_PERF_OUTPUT,605,98,96744
SWAY_PERF_OUTPUT,606,103,96745
SWAY_PERF_OUTPUT,607,127,96746
SWAY_PERF_OUTPUT,608,35,96747
SWAY_PERF_OUTPUT,609,57,96748
SWAY_PERF_OUTPUT,610,75,96749
SWAY_PERF_OUTPUT,611,88,96750
SWAY_PERF_OUTPUT,612,62,96751
SWAY_PERF_OUTPUT,613,70,96752
SWAY_PERF_OUTPUT,614,104,96753
SWAY_PERF_OUTPUT,615,60,96754
SWAY_PERF_OUTPUT,616,31,96755
SWAY_PERF_OUTPUT,617,8,96756
SWAY_PERF_OUTPUT,618,19,96757
SWAY_PERF_OUTPUT,619,-29,96758
SWAY_PERF_OUTPUT,620,-52,96759
SWAY_PERF_OUTPUT,621,-46,96760
SWAY_PERF_OUTPUT,622,31,96761
SWAY_PERF_OUTPUT,623,-32,96762
SWAY_PERF_OUTPUT,624,-54,96763
SWAY_PERF_OUTPUT,625,-38,96764
SWAY_PERF_OUTPUT,626,68,96765
SWAY_PERF_FRAME,10,96709,96765
SWAY_PERF_INPUT_FRAME,14,90891,98490
SWAY_PERF_OUTPUT,627,61,104309
SWAY_PERF_OUTPUT,628,72,104310
SWAY_PERF_OUTPUT,629,58,104311
SWAY_PERF_OUTPUT,630,63,104312
SWAY_PERF_OUTPUT,631,71,104313
SWAY_PERF_OUTPUT,632,59,104314
SWAY_PERF_OUTPUT,633,17,104315
SWAY_PERF_OUTPUT,634,69,104316
SWAY_PERF_OUTPUT,635,80,104317
SWAY_PERF_OUTPUT,636,102,104318
SWAY_PERF_OUTPUT,637,53,104319
SWAY_PERF_OUTPUT,638,68,104320
SWAY_PERF_OUTPUT,639,58,104321
SWAY_PERF_OUTPUT,640,56,104322
SWAY_PERF_OUTPUT,641,48,104323
SWAY_PERF_OUTPUT,642,37,104324
SWAY_PERF_OUTPUT,643,13,104325
SWAY_PERF_OUTPUT,644,20,104326
SWAY_PERF_OUTPUT,645,73,104327
SWAY_PERF_OUTPUT,646,118,104328
SWAY_PERF_OUTPUT,647,127,104329
SWAY_PERF_OUTPUT,648,127,104330
SWAY_PERF_OUTPUT,649,127,104331
SWAY_PERF_OUTPUT,650,127,104332
SWAY_PERF_OUTPUT,651,116,104333
SWAY_PERF_OUTPUT,652,88,104334
SWAY_PERF_OUTPUT,653,127,104335
SWAY_PERF_OUTPUT,654,120,104336
SWAY_PERF_OUTPUT,655,119,104337
SWAY_PERF_OUTPUT,656,127,104338
SWAY_PERF_OUTPUT,657,110,104339
SWAY_PERF_OUTPUT,658,121,104340
SWAY_PERF_OUTPUT,659,118,104341
SWAY_PERF_OUTPUT,660,127,104342
SWAY_PERF_OUTPUT,661,127,104343
SWAY_PERF_OUTPUT,662,127,104344
SWAY_PERF_OUTPUT,663,127,104345
SWAY_PERF_OUTPUT,664,127,104346
SWAY_PERF_OUTPUT,665,-21,104347
SWAY_PERF_OUTPUT,666,-2,104348
SWAY_PERF_OUTPUT,667,32,104349
SWAY_PERF_OUTPUT,668,32,104350
SWAY_PERF_OUTPUT,669,17,104351
SWAY_PERF_OUTPUT,670,-14,104352
SWAY_PERF_OUTPUT,671,-22,104353
SWAY_PERF_OUTPUT,672,-12,104354
SWAY_PERF_OUTPUT,673,-47,104355
SWAY_PERF_OUTPUT,674,-38,104356
SWAY_PERF_OUTPUT,675,-36,104357
SWAY_PERF_OUTPUT,676,-46,104358
SWAY_PERF_OUTPUT,677,-81,104359
SWAY_PERF_OUTPUT,678,-67,104360
SWAY_PERF_OUTPUT,679,-17,104361
SWAY_PERF_OUTPUT,680,-41,104362
SWAY_PERF_OUTPUT,681,-65,104363
SWAY_PERF_OUTPUT,682,-78,104364
SWAY_PERF_OUTPUT,683,21,104365
SWAY_PERF_FRAME,11,104309,104365
SWAY_PERF_INPUT_FRAME,15,98491,106090
SWAY_PERF_OUTPUT,684,7,111909
SWAY_PERF_OUTPUT,685,7,111910
SWAY_PERF_OUTPUT,686,6,111911
SWAY_PERF_OUTPUT,687,6,111912
SWAY_PERF_OUTPUT,688,12,111913
SWAY_PERF_OUTPUT,689,16,111914
SWAY_PERF_OUTPUT,690,19,111915
SWAY_PERF_OUTPUT,691,1,111916
SWAY_PERF_OUTPUT,692,-2,111917
SWAY_PERF_OUTPUT,693,-3,111918
SWAY_PERF_OUTPUT,694,9,111919
SWAY_PERF_OUTPUT,695,10,111920
SWAY_PERF_OUTPUT,696,11,111921
SWAY_PERF_OUTPUT,697,11,111922
SWAY_PERF_OUTPUT,698,4,111923
SWAY_PERF_OUTPUT,699,2,111924
SWAY_PERF_OUTPUT,700,0,111925
SWAY_PERF_OUTPUT,701,0,111926
SWAY_PERF_OUTPUT,702,7,111927
SWAY_PERF_OUTPUT,703,63,111928
SWAY_PERF_OUTPUT,704,63,111929
SWAY_PERF_OUTPUT,705,63,111930
SWAY_PERF_OUTPUT,706,62,111931
SWAY_PERF_OUTPUT,707,62,111932
SWAY_PERF_OUTPUT,708,63,111933
SWAY_PERF_OUTPUT,709,61,111934
SWAY_PERF_OUTPUT,710,62,111935
SWAY_PERF_OUTPUT,711,63,111936
SWAY_PERF_OUTPUT,712,61,111937
SWAY_PERF_OUTPUT,713,62,111938
SWAY_PERF_OUTPUT,714,62,111939
SWAY_PERF_OUTPUT,715,63,111940
SWAY_PERF_OUTPUT,716,61,111941
SWAY_PERF_OUTPUT,717,62,111942
SWAY_PERF_OUTPUT,718,62,111943
SWAY_PERF_OUTPUT,719,63,111944
SWAY_PERF_OUTPUT,720,60,111945
SWAY_PERF_OUTPUT,721,63,111946
SWAY_PERF_OUTPUT,722,-7,111947
SWAY_PERF_OUTPUT,723,2,111948
SWAY_PERF_OUTPUT,724,13,111949
SWAY_PERF_OUTPUT,725,17,111950
SWAY_PERF_OUTPUT,726,9,111951
SWAY_PERF_OUTPUT,727,5,111952
SWAY_PERF_OUTPUT,728,2,111953
SWAY_PERF_OUTPUT,729,9,111954
SWAY_PERF_OUTPUT,730,2,111955
SWAY_PERF_OUTPUT,731,-4,111956
SWAY_PERF_OUTPUT,732,-7,111957
SWAY_PERF_OUTPUT,733,-17,111958
SWAY_PERF_OUTPUT,734,-28,111959
SWAY_PERF_OUTPUT,735,-29,111960
SWAY_PERF_OUTPUT,736,-7,111961
SWAY_PERF_OUTPUT,737,-16,111962
SWAY_PERF_OUTPUT,738,-27,111963
SWAY_PERF_OUTPUT,739,-29,111964
SWAY_PERF_OUTPUT,740,10,111965
SWAY_PERF_FRAME,12,111909,111965
SWAY_PERF_INPUT_FRAME,16,106091,113690
SWAY_PERF_OUTPUT,741,7,119509
SWAY_PERF_OUTPUT,742,7,119510
SWAY_PERF_OUTPUT,743,6,119511
SWAY_PERF_OUTPUT,744,6,119512
SWAY_PERF_OUTPUT,745,12,119513
SWAY_PERF_OUTPUT,746,16,119514
SWAY_PERF_OUTPUT,747,19,119515
SWAY_PERF_OUTPUT,748,1,119516
SWAY_PERF_OUTPUT,749,-2,119517
SWAY_PERF_OUTPUT,750,-3,119518
SWAY_PERF_OUTPUT,751,9,119519
SWAY_PERF_OUTPUT,752,10,119520
SWAY_PERF_OUTPUT,753,11,119521
SWAY_PERF_OUTPUT,754,11,119522
SWAY_PERF_OUTPUT,755,4,119523
SWAY_PERF_OUTPUT,756,2,119524
SWAY_PERF_OUTPUT,757,0,119525
SWAY_PERF_OUTPUT,758,0,119526
SWAY_PERF_OUTPUT,759,7,119527
SWAY_PERF_OUTPUT,760,63,119528
SWAY_PERF_OUTPUT,761,63,119529
SWAY_PERF_OUTPUT,762,63,119530
SWAY_PERF_OUTPUT,763,62,119531
SWAY_PERF_OUTPUT,764,62,119532
SWAY_PERF_OUTPUT,765,63,119533
SWAY_PERF_OUTPUT,766,61,119534
SWAY_PERF_OUTPUT,767,62,119535
SWAY_PERF_OUTPUT,768,63,119536
SWAY_PERF_OUTPUT,769,61,119537
SWAY_PERF_OUTPUT,770,62,119538
SWAY_PERF_OUTPUT,771,62,119539
SWAY_PERF_OUTPUT,772,63,119540
SWAY_PERF_OUTPUT,773,61,119541
SWAY_PERF_OUTPUT,774,62,119542
SWAY_PERF_OUTPUT,775,62,119543
SWAY_PERF_OUTPUT,776,63,119544
SWAY_PERF_OUTPUT,777,60,119545
SWAY_PERF_OUTPUT,778,63,119546
SWAY_PERF_OUTPUT,779,-7,119547
SWAY_PERF_OUTPUT,780,2,119548
SWAY_PERF_OUTPUT,781,13,119549
SWAY_PERF_OUTPUT,782,17,119550
SWAY_PERF_OUTPUT,783,9,119551
SWAY_PERF_OUTPUT,784,5,119552
SWAY_PERF_OUTPUT,785,2,119553
SWAY_PERF_OUTPUT,786,9,119554
SWAY_PERF_OUTPUT,787,2,119555
SWAY_PERF_OUTPUT,788,-4,119556
SWAY_PERF_OUTPUT,789,-7,119557
SWAY_PERF_OUTPUT,790,-17,119558
SWAY_PERF_OUTPUT,791,-28,119559
SWAY_PERF_OUTPUT,792,-29,119560
SWAY_PERF_OUTPUT,793,-7,119561
SWAY_PERF_OUTPUT,794,-16,119562
SWAY_PERF_OUTPUT,795,-27,119563
SWAY_PERF_OUTPUT,796,-29,119564
SWAY_PERF_OUTPUT,797,10,119565
SWAY_PERF_FRAME,13,119509,119565
SWAY_PERF_INPUT_FRAME,17,113691,121290
SWAY_PERF_OUTPUT,798,7,127109
SWAY_PERF_OUTPUT,799,7,127110
SWAY_PERF_OUTPUT,800,6,127111
SWAY_PERF_OUTPUT,801,6,127112
SWAY_PERF_OUTPUT,802,12,127113
SWAY_PERF_OUTPUT,803,16,127114
SWAY_PERF_OUTPUT,804,19,127115
SWAY_PERF_OUTPUT,805,1,127116
SWAY_PERF_OUTPUT,806,-2,127117
SWAY_PERF_OUTPUT,807,-3,127118
SWAY_PERF_OUTPUT,808,9,127119
SWAY_PERF_OUTPUT,809,10,127120
SWAY_PERF_OUTPUT,810,11,127121
SWAY_PERF_OUTPUT,811,11,127122
SWAY_PERF_OUTPUT,812,4,127123
SWAY_PERF_OUTPUT,813,2,127124
SWAY_PERF_OUTPUT,814,0,127125
SWAY_PERF_OUTPUT,815,0,127126
SWAY_PERF_OUTPUT,816,7,127127
SWAY_PERF_OUTPUT,817,63,127128
SWAY_PERF_OUTPUT,818,63,127129
SWAY_PERF_OUTPUT,819,63,127130
SWAY_PERF_OUTPUT,820,62,127131
SWAY_PERF_OUTPUT,821,62,127132
SWAY_PERF_OUTPUT,822,63,127133
SWAY_PERF_OUTPUT,823,61,127134
SWAY_PERF_OUTPUT,824,62,127135
SWAY_PERF_OUTPUT,825,63,127136
SWAY_PERF_OUTPUT,826,61,127137
SWAY_PERF_OUTPUT,827,62,127138
SWAY_PERF_OUTPUT,828,62,127139
SWAY_PERF_OUTPUT,829,63,127140
SWAY_PERF_OUTPUT,830,61,127141
SWAY_PERF_OUTPUT,831,62,127142
SWAY_PERF_OUTPUT,832,62,127143
SWAY_PERF_OUTPUT,833,63,127144
SWAY_PERF_OUTPUT,834,60,127145
SWAY_PERF_OUTPUT,835,63,127146
SWAY_PERF_OUTPUT,836,-7,127147
SWAY_PERF_OUTPUT,837,2,127148
SWAY_PERF_OUTPUT,838,13,127149
SWAY_PERF_OUTPUT,839,17,127150
SWAY_PERF_OUTPUT,840,9,127151
SWAY_PERF_OUTPUT,841,5,127152
SWAY_PERF_OUTPUT,842,2,127153
SWAY_PERF_OUTPUT,843,9,127154
SWAY_PERF_OUTPUT,844,2,127155
SWAY_PERF_OUTPUT,845,-4,127156
SWAY_PERF_OUTPUT,846,-7,127157
SWAY_PERF_OUTPUT,847,-17,127158
SWAY_PERF_OUTPUT,848,-28,127159
SWAY_PERF_OUTPUT,849,-29,127160
SWAY_PERF_OUTPUT,850,-7,127161
SWAY_PERF_OUTPUT,851,-16,127162
SWAY_PERF_OUTPUT,852,-27,127163
SWAY_PERF_OUTPUT,853,-29,127164
SWAY_PERF_OUTPUT,854,10,127165
SWAY_PERF_FRAME,14,127109,127165
SWAY_PERF_INPUT_FRAME,18,121291,128890
SWAY_PERF_OUTPUT,855,7,134709
SWAY_PERF_OUTPUT,856,8,134710
SWAY_PERF_OUTPUT,857,8,134711
SWAY_PERF_OUTPUT,858,8,134712
SWAY_PERF_OUTPUT,859,13,134713
SWAY_PERF_OUTPUT,860,17,134714
SWAY_PERF_OUTPUT,861,20,134715
SWAY_PERF_OUTPUT,862,2,134716
SWAY_PERF_OUTPUT,863,-2,134717
SWAY_PERF_OUTPUT,864,-5,134718
SWAY_PERF_OUTPUT,865,10,134719
SWAY_PERF_OUTPUT,866,11,134720
SWAY_PERF_OUTPUT,867,10,134721
SWAY_PERF_OUTPUT,868,11,134722
SWAY_PERF_OUTPUT,869,5,134723
SWAY_PERF_OUTPUT,870,3,134724
SWAY_PERF_OUTPUT,871,0,134725
SWAY_PERF_OUTPUT,872,0,134726
SWAY_PERF_OUTPUT,873,8,134727
SWAY_PERF_OUTPUT,874,62,134728
SWAY_PERF_OUTPUT,875,62,134729
SWAY_PERF_OUTPUT,876,62,134730
SWAY_PERF_OUTPUT,877,62,134731
SWAY_PERF_OUTPUT,878,62,134732
SWAY_PERF_OUTPUT,879,62,134733
SWAY_PERF_OUTPUT,880,60,134734
SWAY_PERF_OUTPUT,881,61,134735
SWAY_PERF_OUTPUT,882,61,134736
SWAY_PERF_OUTPUT,883,60,134737
SWAY_PERF_OUTPUT,884,61,134738
SWAY_PERF_OUTPUT,885,60,134739
SWAY_PERF_OUTPUT,886,62,134740
SWAY_PERF_OUTPUT,887,59,134741
SWAY_PERF_OUTPUT,888,61,134742
SWAY_PERF_OUTPUT,889,61,134743
SWAY_PERF_OUTPUT,890,64,134744
SWAY_PERF_OUTPUT,891,60,134745
SWAY_PERF_OUTPUT,892,62,134746
SWAY_PERF_OUTPUT,893,-6,134747
SWAY_PERF_OUTPUT,894,4,134748
SWAY_PERF_OUTPUT,895,14,134749
SWAY_PERF_OUTPUT,896,18,134750
SWAY_PERF_OUTPUT,897,10,134751
SWAY_PERF_OUTPUT,898,6,134752
SWAY_PERF_OUTPUT,899,-1,134753
SWAY_PERF_OUTPUT,900,10,134754
SWAY_PERF_OUTPUT,901,4,134755
SWAY_PERF_OUTPUT,902,-1,134756
SWAY_PERF_OUTPUT,903,-5,134757
SWAY_PERF_OUTPUT,904,-16,134758
SWAY_PERF_OUTPUT,905,-26,134759
SWAY_PERF_OUTPUT,906,-29,134760
SWAY_PERF_OUTPUT,907,-6,134761
SWAY_PERF_OUTPUT,908,-15,134762
SWAY_PERF_OUTPUT,909,-26,134763
SWAY_PERF_OUTPUT,910,-28,134764
SWAY_PERF_OUTPUT,911,11,134765
SWAY_PERF_FRAME,15,134709,134765
SWAY_PERF_INPUT_FRAME,19,128891,136490
SWAY_PERF_OUTPUT,912,8,142309
SWAY_PERF_OUTPUT,913,9,142310
SWAY_PERF_OUTPUT,914,8,142311
SWAY_PERF_OUTPUT,915,9,142312
SWAY_PERF_OUTPUT,916,13,142313
SWAY_PERF_OUTPUT,917,16,142314
SWAY_PERF_OUTPUT,918,15,142315
SWAY_PERF_OUTPUT,919,4,142316
SWAY_PERF_OUTPUT,920,1,142317
SWAY_PERF_OUTPUT,921,0,142318
SWAY_PERF_OUTPUT,922,10,142319
SWAY_PERF_OUTPUT,923,10,142320
SWAY_PERF_OUTPUT,924,8,142321
SWAY_PERF_OUTPUT,925,8,142322
SWAY_PERF_OUTPUT,926,6,142323
SWAY_PERF_OUTPUT,927,4,142324
SWAY_PERF_OUTPUT,928,2,142325
SWAY_PERF_OUTPUT,929,1,142326
SWAY_PERF_OUTPUT,930,9,142327
SWAY_PERF_OUTPUT,931,63,142328
SWAY_PERF_OUTPUT,932,63,142329
SWAY_PERF_OUTPUT,933,63,142330
SWAY_PERF_OUTPUT,934,63,142331
SWAY_PERF_OUTPUT,935,62,142332
SWAY_PERF_OUTPUT,936,62,142333
SWAY_PERF_OUTPUT,937,60,142334
SWAY_PERF_OUTPUT,938,62,142335
SWAY_PERF_OUTPUT,939,64,142336
SWAY_PERF_OUTPUT,940,62,142337
SWAY_PERF_OUTPUT,941,62,142338
SWAY_PERF_OUTPUT,942,62,142339
SWAY_PERF_OUTPUT,943,63,142340
SWAY_PERF_OUTPUT,944,62,142341
SWAY_PERF_OUTPUT,945,62,142342
SWAY_PERF_OUTPUT,946,62,142343
SWAY_PERF_OUTPUT,947,63,142344
SWAY_PERF_OUTPUT,948,59,142345
SWAY_PERF_OUTPUT,949,63,142346
SWAY_PERF_OUTPUT,950,-8,142347
SWAY_PERF_OUTPUT,951,2,142348
SWAY_PERF_OUTPUT,952,13,142349
SWAY_PERF_OUTPUT,953,17,142350
SWAY_PERF_OUTPUT,954,9,142351
SWAY_PERF_OUTPUT,955,2,142352
SWAY_PERF_OUTPUT,956,-4,142353
SWAY_PERF_OUTPUT,957,8,142354
SWAY_PERF_OUTPUT,958,2,142355
SWAY_PERF_OUTPUT,959,-4,142356
SWAY_PERF_OUTPUT,960,-7,142357
SWAY_PERF_OUTPUT,961,-17,142358
SWAY_PERF_OUTPUT,962,-28,142359
SWAY_PERF_OUTPUT,963,-30,142360
SWAY_PERF_OUTPUT,964,-7,142361
SWAY_PERF_OUTPUT,965,-16,142362
SWAY_PERF_OUTPUT,966,-26,142363
SWAY_PERF_OUTPUT,967,-29,142364
SWAY_PERF_OUTPUT,968,10,142365
SWAY_PERF_FRAME,16,142309,142365
SWAY_PERF_INPUT_FRAME,20,136491,144090
SWAY_PERF_OUTPUT,969,7,149909
SWAY_PERF_OUTPUT,970,7,149910
SWAY_PERF_OUTPUT,971,6,149911
SWAY_PERF_OUTPUT,972,7,149912
SWAY_PERF_OUTPUT,973,13,149913
SWAY_PERF_OUTPUT,974,17,149914
SWAY_PERF_OUTPUT,975,20,149915
SWAY_PERF_OUTPUT,976,1,149916
SWAY_PERF_OUTPUT,977,-3,149917
SWAY_PERF_OUTPUT,978,-4,149918
SWAY_PERF_OUTPUT,979,10,149919
SWAY_PERF_OUTPUT,980,11,149920
SWAY_PERF_OUTPUT,981,13,149921
SWAY_PERF_OUTPUT,982,13,149922
SWAY_PERF_OUTPUT,983,5,149923
SWAY_PERF_OUTPUT,984,4,149924
SWAY_PERF_OUTPUT,985,2,149925
SWAY_PERF_OUTPUT,986,2,149926
SWAY_PERF_OUTPUT,987,7,149927
SWAY_PERF_OUTPUT,988,62,149928
SWAY_PERF_OUTPUT,989,62,149929
SWAY_PERF_OUTPUT,990,62,149930
SWAY_PERF_OUTPUT,991,61,149931
SWAY_PERF_OUTPUT,992,63,149932
SWAY_PERF_OUTPUT,993,65,149933
SWAY_PERF_OUTPUT,994,62,149934
SWAY_PERF_OUTPUT,995,60,149935
SWAY_PERF_OUTPUT,996,59,149936
SWAY_PERF_OUTPUT,997,57,149937
SWAY_PERF_OUTPUT,998,60,149938
SWAY_PERF_OUTPUT,999,60,149939
SWAY_PERF_OUTPUT,1000,59,149940
SWAY_PERF_OUTPUT,1001,56,149941
SWAY_PERF_OUTPUT,1002,60,149942
SWAY_PERF_OUTPUT,1003,63,149943
SWAY_PERF_OUTPUT,1004,65,149944
SWAY_PERF_OUTPUT,1005,62,149945
SWAY_PERF_OUTPUT,1006,62,149946
SWAY_PERF_OUTPUT,1007,-3,149947
SWAY_PERF_OUTPUT,1008,7,149948
SWAY_PERF_OUTPUT,1009,17,149949
SWAY_PERF_OUTPUT,1010,22,149950
SWAY_PERF_OUTPUT,1011,14,149951
SWAY_PERF_OUTPUT,1012,10,149952
SWAY_PERF_OUTPUT,1013,8,149953
SWAY_PERF_OUTPUT,1014,14,149954
SWAY_PERF_OUTPUT,1015,8,149955
SWAY_PERF_OUTPUT,1016,4,149956
SWAY_PERF_OUTPUT,1017,-2,149957
SWAY_PERF_OUTPUT,1018,-15,149958
SWAY_PERF_OUTPUT,1019,-26,149959
SWAY_PERF_OUTPUT,1020,-28,149960
SWAY_PERF_OUTPUT,1021,-3,149961
SWAY_PERF_OUTPUT,1022,-15,149962
SWAY_PERF_OUTPUT,1023,-26,149963
SWAY_PERF_OUTPUT,1024,-28,149964
SWAY_PERF_OUTPUT,1025,15,149965
SWAY_PERF_FRAME,17,149909,149965
SWAY_PERF_INPUT_FRAME,21,144091,151690
SWAY_PERF_OUTPUT,1026,8,157509
SWAY_PERF_OUTPUT,1027,9,157510
SWAY_PERF_OUTPUT,1028,9,157511
SWAY_PERF_OUTPUT,1029,9,157512
SWAY_PERF_OUTPUT,1030,14,157513
SWAY_PERF_OUTPUT,1031,20,157514
SWAY_PERF_OUTPUT,1032,23,157515
SWAY_PERF_OUTPUT,1033,3,157516
SWAY_PERF_OUTPUT,1034,-4,157517
SWAY_PERF_OUTPUT,1035,-9,157518
SWAY_PERF_OUTPUT,1036,11,157519
SWAY_PERF_OUTPUT,1037,13,157520
SWAY_PERF_OUTPUT,1038,13,157521
SWAY_PERF_OUTPUT,1039,14,157522
SWAY_PERF_OUTPUT,1040,6,157523
SWAY_PERF_OUTPUT,1041,0,157524
SWAY_PERF_OUTPUT,1042,-5,157525
SWAY_PERF_OUTPUT,1043,-5,157526
SWAY_PERF_OUTPUT,1044,9,157527
SWAY_PERF_OUTPUT,1045,62,157528
SWAY_PERF_OUTPUT,1046,61,157529
SWAY_PERF_OUTPUT,1047,60,157530
SWAY_PERF_OUTPUT,1048,59,157531
SWAY_PERF_OUTPUT,1049,59,157532
SWAY_PERF_OUTPUT,1050,59,157533
SWAY_PERF_OUTPUT,1051,58,157534
SWAY_PERF_OUTPUT,1052,60,157535
SWAY_PERF_OUTPUT,1053,60,157536
SWAY_PERF_OUTPUT,1054,59,157537
SWAY_PERF_OUTPUT,1055,60,157538
SWAY_PERF_OUTPUT,1056,58,157539
SWAY_PERF_OUTPUT,1057,61,157540
SWAY_PERF_OUTPUT,1058,59,157541
SWAY_PERF_OUTPUT,1059,61,157542
SWAY_PERF_OUTPUT,1060,59,157543
SWAY_PERF_OUTPUT,1061,61,157544
SWAY_PERF_OUTPUT,1062,58,157545
SWAY_PERF_OUTPUT,1063,60,157546
SWAY_PERF_OUTPUT,1064,-8,157547
SWAY_PERF_OUTPUT,1065,2,157548
SWAY_PERF_OUTPUT,1066,11,157549
SWAY_PERF_OUTPUT,1067,15,157550
SWAY_PERF_OUTPUT,1068,8,157551
SWAY_PERF_OUTPUT,1069,6,157552
SWAY_PERF_OUTPUT,1070,5,157553
SWAY_PERF_OUTPUT,1071,8,157554
SWAY_PERF_OUTPUT,1072,6,157555
SWAY_PERF_OUTPUT,1073,8,157556
SWAY_PERF_OUTPUT,1074,-7,157557
SWAY_PERF_OUTPUT,1075,-16,157558
SWAY_PERF_OUTPUT,1076,-27,157559
SWAY_PERF_OUTPUT,1077,-29,157560
SWAY_PERF_OUTPUT,1078,-7,157561
SWAY_PERF_OUTPUT,1079,-14,157562
SWAY_PERF_OUTPUT,1080,-25,157563
SWAY_PERF_OUTPUT,1081,-27,157564
SWAY_PERF_OUTPUT,1082,9,157565
SWAY_PERF_FRAME,18,157509,157565
SWAY_PERF_INPUT_FRAME,22,151691,159290
SWAY_PERF_OUTPUT,1083,4,165109
SWAY_PERF_OUTPUT,1084,4,165110
SWAY_PERF_OUTPUT,1085,3,165111
SWAY_PERF_OUTPUT,1086,3,165112
SWAY_PERF_OUTPUT,1087,9,165113
SWAY_PERF_OUTPUT,1088,16,165114
SWAY_PERF_OUTPUT,1089,19,165115
SWAY_PERF_OUTPUT,1090,-2,165116
SWAY_PERF_OUTPUT,1091,-7,165117
SWAY_PERF_OUTPUT,1092,-8,165118
SWAY_PERF_OUTPUT,1093,7,165119
SWAY_PERF_OUTPUT,1094,11,165120
SWAY_PERF_OUTPUT,1095,13,165121
SWAY_PERF_OUTPUT,1096,14,165122
SWAY_PERF_OUTPUT,1097,2,165123
SWAY_PERF_OUTPUT,1098,-1,165124
SWAY_PERF_OUTPUT,1099,-2,165125
SWAY_PERF_OUTPUT,1100,-2,165126
SWAY_PERF_OUTPUT,1101,3,165127
SWAY_PERF_OUTPUT,1102,61,165128
SWAY_PERF_OUTPUT,1103,61,165129
SWAY_PERF_OUTPUT,1104,60,165130
SWAY_PERF_OUTPUT,1105,60,165131
SWAY_PERF_OUTPUT,1106,60,165132
SWAY_PERF_OUTPUT,1107,61,165133
SWAY_PERF_OUTPUT,1108,59,165134
SWAY_PERF_OUTPUT,1109,59,165135
SWAY_PERF_OUTPUT,1110,59,165136
SWAY_PERF_OUTPUT,1111,58,165137
SWAY_PERF_OUTPUT,1112,60,165138
SWAY_PERF_OUTPUT,1113,59,165139
SWAY_PERF_OUTPUT,1114,60,165140
SWAY_PERF_OUTPUT,1115,57,165141
SWAY_PERF_OUTPUT,1116,60,165142
SWAY_PERF_OUTPUT,1117,59,165143
SWAY_PERF_OUTPUT,1118,62,165144
SWAY_PERF_OUTPUT,1119,59,165145
SWAY_PERF_OUTPUT,1120,60,165146
SWAY_PERF_OUTPUT,1121,-6,165147
SWAY_PERF_OUTPUT,1122,4,165148
SWAY_PERF_OUTPUT,1123,14,165149
SWAY_PERF_OUTPUT,1124,18,165150
SWAY_PERF_OUTPUT,1125,11,165151
SWAY_PERF_OUTPUT,1126,10,165152
SWAY_PERF_OUTPUT,1127,11,165153
SWAY_PERF_OUTPUT,1128,10,165154
SWAY_PERF_OUTPUT,1129,6,165155
SWAY_PERF_OUTPUT,1130,5,165156
SWAY_PERF_OUTPUT,1131,-5,165157
SWAY_PERF_OUTPUT,1132,-15,165158
SWAY_PERF_OUTPUT,1133,-25,165159
SWAY_PERF_OUTPUT,1134,-28,165160
SWAY_PERF_OUTPUT,1135,-6,165161
SWAY_PERF_OUTPUT,1136,-15,165162
SWAY_PERF_OUTPUT,1137,-27,165163
SWAY_PERF_OUTPUT,1138,-29,165164
SWAY_PERF_OUTPUT,1139,12,165165
SWAY_PERF_FRAME,19,165109,165165
SWAY_PERF_INPUT_FRAME,23,159291,166890
SWAY_PERF_OUTPUT,1140,4,172709
SWAY_PERF_OUTPUT,1141,4,172710
SWAY_PERF_OUTPUT,1142,3,172711
SWAY_PERF_OUTPUT,1143,3,172712
SWAY_PERF_OUTPUT,1144,10,172713
SWAY_PERF_OUTPUT,1145,16,172714
SWAY_PERF_OUTPUT,1146,21,172715
SWAY_PERF_OUTPUT,1147,-3,172716
SWAY_PERF_OUTPUT,1148,-10,172717
SWAY_PERF_OUTPUT,1149,-15,172718
SWAY_PERF_OUTPUT,1150,7,172719
SWAY_PERF_OUTPUT,1151,11,172720
SWAY_PERF_OUTPUT,1152,15,172721
SWAY_PERF_OUTPUT,1153,15,172722
SWAY_PERF_OUTPUT,1154,2,172723
SWAY_PERF_OUTPUT,1155,-2,172724
SWAY_PERF_OUTPUT,1156,-5,172725
SWAY_PERF_OUTPUT,1157,-5,172726
SWAY_PERF_OUTPUT,1158,3,172727
SWAY_PERF_OUTPUT,1159,63,172728
SWAY_PERF_OUTPUT,1160,62,172729
SWAY_PERF_OUTPUT,1161,61,172730
SWAY_PERF_OUTPUT,1162,61,172731
SWAY_PERF_OUTPUT,1163,62,172732
SWAY_PERF_OUTPUT,1164,62,172733
SWAY_PERF_OUTPUT,1165,60,172734
SWAY_PERF_OUTPUT,1166,61,172735
SWAY_PERF_OUTPUT,1167,61,172736
SWAY_PERF_OUTPUT,1168,60,172737
SWAY_PERF_OUTPUT,1169,61,172738
SWAY_PERF_OUTPUT,1170,60,172739
SWAY_PERF_OUTPUT,1171,61,172740
SWAY_PERF_OUTPUT,1172,59,172741
SWAY_PERF_OUTPUT,1173,61,172742
SWAY_PERF_OUTPUT,1174,61,172743
SWAY_PERF_OUTPUT,1175,63,172744
SWAY_PERF_OUTPUT,1176,60,172745
SWAY_PERF_OUTPUT,1177,61,172746
SWAY_PERF_OUTPUT,1178,-4,172747
SWAY_PERF_OUTPUT,1179,6,172748
SWAY_PERF_OUTPUT,1180,17,172749
SWAY_PERF_OUTPUT,1181,21,172750
SWAY_PERF_OUTPUT,1182,13,172751
SWAY_PERF_OUTPUT,1183,13,172752
SWAY_PERF_OUTPUT,1184,14,172753
SWAY_PERF_OUTPUT,1185,13,172754
SWAY_PERF_OUTPUT,1186,12,172755
SWAY_PERF_OUTPUT,1187,15,172756
SWAY_PERF_OUTPUT,1188,-3,172757
SWAY_PERF_OUTPUT,1189,-14,172758
SWAY_PERF_OUTPUT,1190,-26,172759
SWAY_PERF_OUTPUT,1191,-28,172760
SWAY_PERF_OUTPUT,1192,-3,172761
SWAY_PERF_OUTPUT,1193,-14,172762
SWAY_PERF_OUTPUT,1194,-26,172763
SWAY_PERF_OUTPUT,1195,-28,172764
SWAY_PERF_OUTPUT,1196,14,172765
SWAY_PERF_FRAME,20,172709,172765
SWAY_PERF_INPUT_FRAME,24,166891,174490
SWAY_PERF_OUTPUT,1197,8,180309
SWAY_PERF_OUTPUT,1198,9,180310
SWAY_PERF_OUTPUT,1199,8,180311
SWAY_PERF_OUTPUT,1200,8,180312
SWAY_PERF_OUTPUT,1201,14,180313
SWAY_PERF_OUTPUT,1202,19,180314
SWAY_PERF_OUTPUT,1203,21,180315
SWAY_PERF_OUTPUT,1204,3,180316
SWAY_PERF_OUTPUT,1205,0,180317
SWAY_PERF_OUTPUT,1206,-3,180318
SWAY_PERF_OUTPUT,1207,10,180319
SWAY_PERF_OUTPUT,1208,12,180320
SWAY_PERF_OUTPUT,1209,12,180321
SWAY_PERF_OUTPUT,1210,12,180322
SWAY_PERF_OUTPUT,1211,6,180323
SWAY_PERF_OUTPUT,1212,3,180324
SWAY_PERF_OUTPUT,1213,0,180325
SWAY_PERF_OUTPUT,1214,-1,180326
SWAY_PERF_OUTPUT,1215,9,180327
SWAY_PERF_OUTPUT,1216,61,180328
SWAY_PERF_OUTPUT,1217,62,180329
SWAY_PERF_OUTPUT,1218,61,180330
SWAY_PERF_OUTPUT,1219,61,180331
SWAY_PERF_OUTPUT,1220,61,180332
SWAY_PERF_OUTPUT,1221,61,180333
SWAY_PERF_OUTPUT,1222,59,180334
SWAY_PERF_OUTPUT,1223,60,180335
SWAY_PERF_OUTPUT,1224,61,180336
SWAY_PERF_OUTPUT,1225,60,180337
SWAY_PERF_OUTPUT,1226,60,180338
SWAY_PERF_OUTPUT,1227,60,180339
SWAY_PERF_OUTPUT,1228,62,180340
SWAY_PERF_OUTPUT,1229,60,180341
SWAY_PERF_OUTPUT,1230,61,180342
SWAY_PERF_OUTPUT,1231,61,180343
SWAY_PERF_OUTPUT,1232,62,180344
SWAY_PERF_OUTPUT,1233,58,180345
SWAY_PERF_OUTPUT,1234,61,180346
SWAY_PERF_OUTPUT,1235,-6,180347
SWAY_PERF_OUTPUT,1236,3,180348
SWAY_PERF_OUTPUT,1237,14,180349
SWAY_PERF_OUTPUT,1238,17,180350
SWAY_PERF_OUTPUT,1239,10,180351
SWAY_PERF_OUTPUT,1240,7,180352
SWAY_PERF_OUTPUT,1241,6,180353
SWAY_PERF_OUTPUT,1242,9,180354
SWAY_PERF_OUTPUT,1243,4,180355
SWAY_PERF_OUTPUT,1244,1,180356
SWAY_PERF_OUTPUT,1245,-6,180357
SWAY_PERF_OUTPUT,1246,-16,180358
SWAY_PERF_OUTPUT,1247,-27,180359
SWAY_PERF_OUTPUT,1248,-29,180360
SWAY_PERF_OUTPUT,1249,-6,180361
SWAY_PERF_OUTPUT,1250,-15,180362
SWAY_PERF_OUTPUT,1251,-26,180363
SWAY_PERF_OUTPUT,1252,-28,180364
SWAY_PERF_OUTPUT,1253,11,180365
SWAY_PERF_FRAME,21,180309,180365
SWAY_PERF_INPUT_FRAME,25,174491,182090
SWAY_PERF_OUTPUT,1254,9,187909
SWAY_PERF_OUTPUT,1255,9,187910
SWAY_PERF_OUTPUT,1256,8,187911
SWAY_PERF_OUTPUT,1257,9,187912
SWAY_PERF_OUTPUT,1258,15,187913
SWAY_PERF_OUTPUT,1259,18,187914
SWAY_PERF_OUTPUT,1260,19,187915
SWAY_PERF_OUTPUT,1261,4,187916
SWAY_PERF_OUTPUT,1262,-2,187917
SWAY_PERF_OUTPUT,1263,-5,187918
SWAY_PERF_OUTPUT,1264,10,187919
SWAY_PERF_OUTPUT,1265,11,187920
SWAY_PERF_OUTPUT,1266,11,187921
SWAY_PERF_OUTPUT,1267,11,187922
SWAY_PERF_OUTPUT,1268,6,187923
SWAY_PERF_OUTPUT,1269,4,187924
SWAY_PERF_OUTPUT,1270,2,187925
SWAY_PERF_OUTPUT,1271,2,187926
SWAY_PERF_OUTPUT,1272,9,187927
SWAY_PERF_OUTPUT,1273,64,187928
SWAY_PERF_OUTPUT,1274,65,187929
SWAY_PERF_OUTPUT,1275,65,187930
SWAY_PERF_OUTPUT,1276,65,187931
SWAY_PERF_OUTPUT,1277,65,187932
SWAY_PERF_OUTPUT,1278,66,187933
SWAY_PERF_OUTPUT,1279,64,187934
SWAY_PERF_OUTPUT,1280,64,187935
SWAY_PERF_OUTPUT,1281,65,187936
SWAY_PERF_OUTPUT,1282,63,187937
SWAY_PERF_OUTPUT,1283,63,187938
SWAY_PERF_OUTPUT,1284,65,187939
SWAY_PERF_OUTPUT,1285,63,187940
SWAY_PERF_OUTPUT,1286,61,187941
SWAY_PERF_OUTPUT,1287,63,187942
SWAY_PERF_OUTPUT,1288,67,187943
SWAY_PERF_OUTPUT,1289,66,187944
SWAY_PERF_OUTPUT,1290,63,187945
SWAY_PERF_OUTPUT,1291,65,187946
SWAY_PERF_OUTPUT,1292,-2,187947
SWAY_PERF_OUTPUT,1293,9,187948
SWAY_PERF_OUTPUT,1294,20,187949
SWAY_PERF_OUTPUT,1295,25,187950
SWAY_PERF_OUTPUT,1296,16,187951
SWAY_PERF_OUTPUT,1297,9,187952
SWAY_PERF_OUTPUT,1298,5,187953
SWAY_PERF_OUTPUT,1299,15,187954
SWAY_PERF_OUTPUT,1300,12,187955
SWAY_PERF_OUTPUT,1301,8,187956
SWAY_PERF_OUTPUT,1302,-1,187957
SWAY_PERF_OUTPUT,1303,-15,187958
SWAY_PERF_OUTPUT,1304,-28,187959
SWAY_PERF_OUTPUT,1305,-30,187960
SWAY_PERF_OUTPUT,1306,-1,187961
SWAY_PERF_OUTPUT,1307,-15,187962
SWAY_PERF_OUTPUT,1308,-25,187963
SWAY_PERF_OUTPUT,1309,-29,187964
SWAY_PERF_OUTPUT,1310,17,187965
SWAY_PERF_FRAME,22,187909,187965
SWAY_PERF_INPUT_FRAME,26,182091,189690
SWAY_PERF_OUTPUT,1311,45,195509
SWAY_PERF_OUTPUT,1312,127,195510
SWAY_PERF_OUTPUT,1313,-30,195511
SWAY_PERF_OUTPUT,1314,40,195512
SWAY_PERF_OUTPUT,1315,34,195513
SWAY_PERF_OUTPUT,1316,87,195514
SWAY_PERF_OUTPUT,1317,0,195515
SWAY_PERF_OUTPUT,1318,38,195516
SWAY_PERF_OUTPUT,1319,77,195517
SWAY_PERF_OUTPUT,1320,-2,195518
SWAY_PERF_OUTPUT,1321,28,195519
SWAY_PERF_OUTPUT,1322,70,195520
SWAY_PERF_OUTPUT,1323,-24,195521
SWAY_PERF_OUTPUT,1324,31,195522
SWAY_PERF_OUTPUT,1325,50,195523
SWAY_PERF_OUTPUT,1326,123,195524
SWAY_PERF_OUTPUT,1327,38,195525
SWAY_PERF_OUTPUT,1328,95,195526
SWAY_PERF_OUTPUT,1329,56,195527
SWAY_PERF_OUTPUT,1330,-18,195528
SWAY_PERF_OUTPUT,1331,-5,195529
SWAY_PERF_OUTPUT,1332,-13,195530
SWAY_PERF_OUTPUT,1333,72,195531
SWAY_PERF_OUTPUT,1334,46,195532
SWAY_PERF_OUTPUT,1335,35,195533
SWAY_PERF_OUTPUT,1336,17,195534
SWAY_PERF_OUTPUT,1337,-75,195535
SWAY_PERF_OUTPUT,1338,-6,195536
SWAY_PERF_OUTPUT,1339,-39,195537
SWAY_PERF_OUTPUT,1340,-28,195538
SWAY_PERF_OUTPUT,1341,-27,195539
SWAY_PERF_OUTPUT,1342,-60,195540
SWAY_PERF_OUTPUT,1343,-2,195541
SWAY_PERF_OUTPUT,1344,27,195542
SWAY_PERF_OUTPUT,1345,71,195543
SWAY_PERF_OUTPUT,1346,117,195544
SWAY_PERF_OUTPUT,1347,-2,195545
SWAY_PERF_OUTPUT,1348,-19,195546
SWAY_PERF_OUTPUT,1349,25,195547
SWAY_PERF_OUTPUT,1350,34,195548
SWAY_PERF_OUTPUT,1351,-36,195549
SWAY_PERF_OUTPUT,1352,21,195550
SWAY_PERF_OUTPUT,1353,-36,195551
SWAY_PERF_OUTPUT,1354,96,195552
SWAY_PERF_OUTPUT,1355,-49,195553
SWAY_PERF_OUTPUT,1356,50,195554
SWAY_PERF_OUTPUT,1357,-42,195555
SWAY_PERF_OUTPUT,1358,-96,195556
SWAY_PERF_OUTPUT,1359,0,195557
SWAY_PERF_OUTPUT,1360,27,195558
SWAY_PERF_OUTPUT,1361,-37,195559
SWAY_PERF_OUTPUT,1362,77,195560
SWAY_PERF_OUTPUT,1363,44,195561
SWAY_PERF_OUTPUT,1364,0,195562
SWAY_PERF_OUTPUT,1365,-56,195563
SWAY_PERF_OUTPUT,1366,-77,195564
SWAY_PERF_OUTPUT,1367,42,195565
SWAY_PERF_FRAME,23,195509,195565
SWAY_PERF_INPUT_FRAME,27,189691,197290
SWAY_PERF_OUTPUT,1368,21,203109
SWAY_PERF_OUTPUT,1369,1,203110
SWAY_PERF_OUTPUT,1370,5,203111
SWAY_PERF_OUTPUT,1371,-3,203112
SWAY_PERF_OUTPUT,1372,23,203113
SWAY_PERF_OUTPUT,1373,34,203114
SWAY_PERF_OUTPUT,1374,42,203115
SWAY_PERF_OUTPUT,1375,-2,203116
SWAY_PERF_OUTPUT,1376,-9,203117
SWAY_PERF_OUTPUT,1377,0,203118
SWAY_PERF_OUTPUT,1378,8,203119
SWAY_PERF_OUTPUT,1379,16,203120
SWAY_PERF_OUTPUT,1380,59,203121
SWAY_PERF_OUTPUT,1381,41,203122
SWAY_PERF_OUTPUT,1382,9,203123
SWAY_PERF_OUTPUT,1383,9,203124
SWAY_PERF_OUTPUT,1384,12,203125
SWAY_PERF_OUTPUT,1385,20,203126
SWAY_PERF_OUTPUT,1386,14,203127
SWAY_PERF_OUTPUT,1387,101,203128
SWAY_PERF_OUTPUT,1388,109,203129
SWAY_PERF_OUTPUT,1389,111,203130
SWAY_PERF_OUTPUT,1390,108,203131
SWAY_PERF_OUTPUT,1391,118,203132
SWAY_PERF_OUTPUT,1392,113,203133
SWAY_PERF_OUTPUT,1393,96,203134
SWAY_PERF_OUTPUT,1394,121,203135
SWAY_PERF_OUTPUT,1395,111,203136
SWAY_PERF_OUTPUT,1396,120,203137
SWAY_PERF_OUTPUT,1397,99,203138
SWAY_PERF_OUTPUT,1398,127,203139
SWAY_PERF_OUTPUT,1399,126,203140
SWAY_PERF_OUTPUT,1400,112,203141
SWAY_PERF_OUTPUT,1401,115,203142
SWAY_PERF_OUTPUT,1402,127,203143
SWAY_PERF_OUTPUT,1403,98,203144
SWAY_PERF_OUTPUT,1404,103,203145
SWAY_PERF_OUTPUT,1405,127,203146
SWAY_PERF_OUTPUT,1406,35,203147
SWAY_PERF_OUTPUT,1407,57,203148
SWAY_PERF_OUTPUT,1408,75,203149
SWAY_PERF_OUTPUT,1409,88,203150
SWAY_PERF_OUTPUT,1410,62,203151
SWAY_PERF_OUTPUT,1411,70,203152
SWAY_PERF_OUTPUT,1412,104,203153
SWAY_PERF_OUTPUT,1413,60,203154
SWAY_PERF_OUTPUT,1414,31,203155
SWAY_PERF_OUTPUT,1415,8,203156
SWAY_PERF_OUTPUT,1416,19,203157
SWAY_PERF_OUTPUT,1417,-29,203158
SWAY_PERF_OUTPUT,1418,-52,203159
SWAY_PERF_OUTPUT,1419,-46,203160
SWAY_PERF_OUTPUT,1420,31,203161
SWAY_PERF_OUTPUT,1421,-32,203162
SWAY_PERF_OUTPUT,1422,-54,203163
SWAY_PERF_OUTPUT,1423,-38,203164
SWAY_PERF_OUTPUT,1424,68,203165
SWAY_PERF_FRAME,24,203109,203165
SWAY_PERF_INPUT_FRAME,28,197291,204890
SWAY_PERF_OUTPUT,1425,61,210709
SWAY_PERF_OUTPUT,1426,72,210710
SWAY_PERF_OUTPUT,1427,58,210711
SWAY_PERF_OUTPUT,1428,63,210712
SWAY_PERF_OUTPUT,1429,71,210713
SWAY_PERF_OUTPUT,1430,59,210714
SWAY_PERF_OUTPUT,1431,17,210715
SWAY_PERF_OUTPUT,1432,69,210716
SWAY_PERF_OUTPUT,1433,80,210717
SWAY_PERF_OUTPUT,1434,102,210718
SWAY_PERF_OUTPUT,1435,53,210719
SWAY_PERF_OUTPUT,1436,68,210720
SWAY_PERF_OUTPUT,1437,58,210721
SWAY_PERF_OUTPUT,1438,56,210722
SWAY_PERF_OUTPUT,1439,48,210723
SWAY_PERF_OUTPUT,1440,37,210724
SWAY_PERF_OUTPUT,1441,13,210725
SWAY_PERF_OUTPUT,1442,20,210726
SWAY_PERF_OUTPUT,1443,73,210727
SWAY_PERF_OUTPUT,1444,118,210728
SWAY_PERF_OUTPUT,1445,127,210729
SWAY_PERF_OUTPUT,1446,127,210730
SWAY_PERF_OUTPUT,1447,127,210731
SWAY_PERF_OUTPUT,1448,127,210732
SWAY_PERF_OUTPUT,1449,116,210733
SWAY_PERF_OUTPUT,1450,88,210734
SWAY_PERF_OUTPUT,1451,127,210735
SWAY_PERF_OUTPUT,1452,120,210736
SWAY_PERF_OUTPUT,1453,119,210737
SWAY_PERF_OUTPUT,1454,127,210738
SWAY_PERF_OUTPUT,1455,110,210739
SWAY_PERF_OUTPUT,1456,121,210740
SWAY_PERF_OUTPUT,1457,118,210741
SWAY_PERF_OUTPUT,1458,127,210742
SWAY_PERF_OUTPUT,1459,127,210743
SWAY_PERF_OUTPUT,1460,127,210744
SWAY_PERF_OUTPUT,1461,127,210745
SWAY_PERF_OUTPUT,1462,127,210746
SWAY_PERF_OUTPUT,1463,-21,210747
SWAY_PERF_OUTPUT,1464,-2,210748
SWAY_PERF_OUTPUT,1465,32,210749
SWAY_PERF_OUTPUT,1466,32,210750
SWAY_PERF_OUTPUT,1467,17,210751
SWAY_PERF_OUTPUT,1468,-14,210752
SWAY_PERF_OUTPUT,1469,-22,210753
SWAY_PERF_OUTPUT,1470,-12,210754
SWAY_PERF_OUTPUT,1471,-47,210755
SWAY_PERF_OUTPUT,1472,-38,210756
SWAY_PERF_OUTPUT,1473,-36,210757
SWAY_PERF_OUTPUT,1474,-46,210758
SWAY_PERF_OUTPUT,1475,-81,210759
SWAY_PERF_OUTPUT,1476,-67,210760
SWAY_PERF_OUTPUT,1477,-17,210761
SWAY_PERF_OUTPUT,1478,-41,210762
SWAY_PERF_OUTPUT,1479,-65,210763
SWAY_PERF_OUTPUT,1480,-78,210764
SWAY_PERF_OUTPUT,1481,21,210765
SWAY_PERF_FRAME,25,210709,210765
SWAY_PERF_INPUT_FRAME,29,204891,212490
SWAY_PERF_OUTPUT,1482,7,218309
SWAY_PERF_OUTPUT,1483,7,218310
SWAY_PERF_OUTPUT,1484,6,218311
SWAY_PERF_OUTPUT,1485,6,218312
SWAY_PERF_OUTPUT,1486,12,218313
SWAY_PERF_OUTPUT,1487,16,218314
SWAY_PERF_OUTPUT,1488,19,218315
SWAY_PERF_OUTPUT,1489,1,218316
SWAY_PERF_OUTPUT,1490,-2,218317
SWAY_PERF_OUTPUT,1491,-3,218318
SWAY_PERF_OUTPUT,1492,9,218319
SWAY_PERF_OUTPUT,1493,10,218320
SWAY_PERF_OUTPUT,1494,11,218321
SWAY_PERF_OUTPUT,1495,11,218322
SWAY_PERF_OUTPUT,1496,4,218323
SWAY_PERF_OUTPUT,1497,2,218324
SWAY_PERF_OUTPUT,1498,0,218325
SWAY_PERF_OUTPUT,1499,0,218326
SWAY_PERF_OUTPUT,1500,7,218327
SWAY_PERF_OUTPUT,1501,63,218328
SWAY_PERF_OUTPUT,1502,63,218329
SWAY_PERF_OUTPUT,1503,63,218330
SWAY_PERF_OUTPUT,1504,62,218331
SWAY_PERF_OUTPUT,1505,62,218332
SWAY_PERF_OUTPUT,1506,63,218333
SWAY_PERF_OUTPUT,1507,61,218334
SWAY_PERF_OUTPUT,1508,62,218335
SWAY_PERF_OUTPUT,1509,63,218336
SWAY_PERF_OUTPUT,1510,61,218337
SWAY_PERF_OUTPUT,1511,62,218338
SWAY_PERF_OUTPUT,1512,62,218339
SWAY_PERF_OUTPUT,1513,63,218340
SWAY_PERF_OUTPUT,1514,61,218341
SWAY_PERF_OUTPUT,1515,62,218342
SWAY_PERF_OUTPUT,1516,62,218343
SWAY_PERF_OUTPUT,1517,63,218344
SWAY_PERF_OUTPUT,1518,60,218345
SWAY_PERF_OUTPUT,1519,63,218346
SWAY_PERF_OUTPUT,1520,-7,218347
SWAY_PERF_OUTPUT,1521,2,218348
SWAY_PERF_OUTPUT,1522,13,218349
SWAY_PERF_OUTPUT,1523,17,218350
SWAY_PERF_OUTPUT,1524,9,218351
SWAY_PERF_OUTPUT,1525,5,218352
SWAY_PERF_OUTPUT,1526,2,218353
SWAY_PERF_OUTPUT,1527,9,218354
SWAY_PERF_OUTPUT,1528,2,218355
SWAY_PERF_OUTPUT,1529,-4,218356
SWAY_PERF_OUTPUT,1530,-7,218357
SWAY_PERF_OUTPUT,1531,-17,218358
SWAY_PERF_OUTPUT,1532,-28,218359
SWAY_PERF_OUTPUT,1533,-29,218360
SWAY_PERF_OUTPUT,1534,-7,218361
SWAY_PERF_OUTPUT,1535,-16,218362
SWAY_PERF_OUTPUT,1536,-27,218363
SWAY_PERF_OUTPUT,1537,-29,218364
SWAY_PERF_OUTPUT,1538,10,218365
SWAY_PERF_FRAME,26,218309,218365
SWAY_PERF_INPUT_FRAME,30,212491,220090
SWAY_PERF_OUTPUT,1539,7,225909
SWAY_PERF_OUTPUT,1540,7,225910
SWAY_PERF_OUTPUT,1541,6,225911
SWAY_PERF_OUTPUT,1542,6,225912
SWAY_PERF_OUTPUT,1543,12,225913
SWAY_PERF_OUTPUT,1544,16,225914
SWAY_PERF_OUTPUT,1545,19,225915
SWAY_PERF_OUTPUT,1546,1,225916
SWAY_PERF_OUTPUT,1547,-2,225917
SWAY_PERF_OUTPUT,1548,-3,225918
SWAY_PERF_OUTPUT,1549,9,225919
SWAY_PERF_OUTPUT,1550,10,225920
SWAY_PERF_OUTPUT,1551,11,225921
SWAY_PERF_OUTPUT,1552,11,225922
SWAY_PERF_OUTPUT,1553,4,225923
SWAY_PERF_OUTPUT,1554,2,225924
SWAY_PERF_OUTPUT,1555,0,225925
SWAY_PERF_OUTPUT,1556,0,225926
SWAY_PERF_OUTPUT,1557,7,225927
SWAY_PERF_OUTPUT,1558,63,225928
SWAY_PERF_OUTPUT,1559,63,225929
SWAY_PERF_OUTPUT,1560,63,225930
SWAY_PERF_OUTPUT,1561,62,225931
SWAY_PERF_OUTPUT,1562,62,225932
SWAY_PERF_OUTPUT,1563,63,225933
SWAY_PERF_OUTPUT,1564,61,225934
SWAY_PERF_OUTPUT,1565,62,225935
SWAY_PERF_OUTPUT,1566,63,225936
SWAY_PERF_OUTPUT,1567,61,225937
SWAY_PERF_OUTPUT,1568,62,225938
SWAY_PERF_OUTPUT,1569,62,225939
SWAY_PERF_OUTPUT,1570,63,225940
SWAY_PERF_OUTPUT,1571,61,225941
SWAY_PERF_OUTPUT,1572,62,225942
SWAY_PERF_OUTPUT,1573,62,225943
SWAY_PERF_OUTPUT,1574,63,225944
SWAY_PERF_OUTPUT,1575,60,225945
SWAY_PERF_OUTPUT,1576,63,225946
SWAY_PERF_OUTPUT,1577,-7,225947
SWAY_PERF_OUTPUT,1578,2,225948
SWAY_PERF_OUTPUT,1579,13,225949
SWAY_PERF_OUTPUT,1580,17,225950
SWAY_PERF_OUTPUT,1581,9,225951
SWAY_PERF_OUTPUT,1582,5,225952
SWAY_PERF_OUTPUT,1583,2,225953
SWAY_PERF_OUTPUT,1584,9,225954
SWAY_PERF_OUTPUT,1585,2,225955
SWAY_PERF_OUTPUT,1586,-4,225956
SWAY_PERF_OUTPUT,1587,-7,225957
SWAY_PERF_OUTPUT,1588,-17,225958
SWAY_PERF_OUTPUT,1589,-28,225959
SWAY_PERF_OUTPUT,1590,-29,225960
SWAY_PERF_OUTPUT,1591,-7,225961
SWAY_PERF_OUTPUT,1592,-16,225962
SWAY_PERF_OUTPUT,1593,-27,225963
SWAY_PERF_OUTPUT,1594,-29,225964
SWAY_PERF_OUTPUT,1595,10,225965
SWAY_PERF_FRAME,27,225909,225965
SWAY_PERF_INPUT_FRAME,31,220091,227690
SWAY_PERF_OUTPUT,1596,7,233509
SWAY_PERF_OUTPUT,1597,7,233510
SWAY_PERF_OUTPUT,1598,6,233511
SWAY_PERF_OUTPUT,1599,6,233512
SWAY_PERF_OUTPUT,1600,12,233513
SWAY_PERF_OUTPUT,1601,16,233514
SWAY_PERF_OUTPUT,1602,19,233515
SWAY_PERF_OUTPUT,1603,1,233516
SWAY_PERF_OUTPUT,1604,-2,233517
SWAY_PERF_OUTPUT,1605,-3,233518
SWAY_PERF_OUTPUT,1606,9,233519
SWAY_PERF_OUTPUT,1607,10,233520
SWAY_PERF_OUTPUT,1608,11,233521
SWAY_PERF_OUTPUT,1609,11,233522
SWAY_PERF_OUTPUT,1610,4,233523
SWAY_PERF_OUTPUT,1611,2,233524
SWAY_PERF_OUTPUT,1612,0,233525
SWAY_PERF_OUTPUT,1613,0,233526
SWAY_PERF_OUTPUT,1614,7,233527
SWAY_PERF_OUTPUT,1615,63,233528
SWAY_PERF_OUTPUT,1616,63,233529
SWAY_PERF_OUTPUT,1617,63,233530
SWAY_PERF_OUTPUT,1618,62,233531
SWAY_PERF_OUTPUT,1619,62,233532
SWAY_PERF_OUTPUT,1620,63,233533
SWAY_PERF_OUTPUT,1621,61,233534
SWAY_PERF_OUTPUT,1622,62,233535
SWAY_PERF_OUTPUT,1623,63,233536
SWAY_PERF_OUTPUT,1624,61,233537
SWAY_PERF_OUTPUT,1625,62,233538
SWAY_PERF_OUTPUT,1626,62,233539
SWAY_PERF_OUTPUT,1627,63,233540
SWAY_PERF_OUTPUT,1628,61,233541
SWAY_PERF_OUTPUT,1629,62,233542
SWAY_PERF_OUTPUT,1630,62,233543
SWAY_PERF_OUTPUT,1631,63,233544
SWAY_PERF_OUTPUT,1632,60,233545
SWAY_PERF_OUTPUT,1633,63,233546
SWAY_PERF_OUTPUT,1634,-7,233547
SWAY_PERF_OUTPUT,1635,2,233548
SWAY_PERF_OUTPUT,1636,13,233549
SWAY_PERF_OUTPUT,1637,17,233550
SWAY_PERF_OUTPUT,1638,9,233551
SWAY_PERF_OUTPUT,1639,5,233552
SWAY_PERF_OUTPUT,1640,2,233553
SWAY_PERF_OUTPUT,1641,9,233554
SWAY_PERF_OUTPUT,1642,2,233555
SWAY_PERF_OUTPUT,1643,-4,233556
SWAY_PERF_OUTPUT,1644,-7,233557
SWAY_PERF_OUTPUT,1645,-17,233558
SWAY_PERF_OUTPUT,1646,-28,233559
SWAY_PERF_OUTPUT,1647,-29,233560
SWAY_PERF_OUTPUT,1648,-7,233561
SWAY_PERF_OUTPUT,1649,-16,233562
SWAY_PERF_OUTPUT,1650,-27,233563
SWAY_PERF_OUTPUT,1651,-29,233564
SWAY_PERF_OUTPUT,1652,10,233565
SWAY_PERF_FRAME,28,233509,233565
SWAY_PERF_INPUT_FRAME,32,227691,235290
SWAY_PERF_OUTPUT,1653,7,241109
SWAY_PERF_OUTPUT,1654,8,241110
SWAY_PERF_OUTPUT,1655,8,241111
SWAY_PERF_OUTPUT,1656,8,241112
SWAY_PERF_OUTPUT,1657,13,241113
SWAY_PERF_OUTPUT,1658,17,241114
SWAY_PERF_OUTPUT,1659,20,241115
SWAY_PERF_OUTPUT,1660,2,241116
SWAY_PERF_OUTPUT,1661,-2,241117
SWAY_PERF_OUTPUT,1662,-5,241118
SWAY_PERF_OUTPUT,1663,10,241119
SWAY_PERF_OUTPUT,1664,11,241120
SWAY_PERF_OUTPUT,1665,10,241121
SWAY_PERF_OUTPUT,1666,11,241122
SWAY_PERF_OUTPUT,1667,5,241123
SWAY_PERF_OUTPUT,1668,3,241124
SWAY_PERF_OUTPUT,1669,0,241125
SWAY_PERF_OUTPUT,1670,0,241126
SWAY_PERF_OUTPUT,1671,8,241127
SWAY_PERF_OUTPUT,1672,62,241128
SWAY_PERF_OUTPUT,1673,62,241129
SWAY_PERF_OUTPUT,1674,62,241130
SWAY_PERF_OUTPUT,1675,62,241131
SWAY_PERF_OUTPUT,1676,62,241132
SWAY_PERF_OUTPUT,1677,62,241133
SWAY_PERF_OUTPUT,1678,60,241134
SWAY_PERF_OUTPUT,1679,61,241135
SWAY_PERF_OUTPUT,1680,61,241136
SWAY_PERF_OUTPUT,1681,60,241137
SWAY_PERF_OUTPUT,1682,61,241138
SWAY_PERF_OUTPUT,1683,60,241139
SWAY_PERF_OUTPUT,1684,62,241140
SWAY_PERF_OUTPUT,1685,59,241141
SWAY_PERF_OUTPUT,1686,61,241142
SWAY_PERF_OUTPUT,1687,61,241143
SWAY_PERF_OUTPUT,1688,64,241144
SWAY_PERF_OUTPUT,1689,60,241145
SWAY_PERF_OUTPUT,1690,62,241146
SWAY_PERF_OUTPUT,1691,-6,241147
SWAY_PERF_OUTPUT,1692,4,241148
SWAY_PERF_OUTPUT,1693,14,241149
SWAY_PERF_OUTPUT,1694,18,241150
SWAY_PERF_OUTPUT,1695,10,241151
SWAY_PERF_OUTPUT,1696,6,241152
SWAY_PERF_OUTPUT,1697,-1,241153
SWAY_PERF_OUTPUT,1698,10,241154
SWAY_PERF_OUTPUT,1699,4,241155
SWAY_PERF_OUTPUT,1700,-1,241156
SWAY_PERF_OUTPUT,1701,-5,241157
SWAY_PERF_OUTPUT,1702,-16,241158
SWAY_PERF_OUTPUT,1703,-26,241159
SWAY_PERF_OUTPUT,1704,-29,241160
SWAY_PERF_OUTPUT,1705,-6,241161
SWAY_PERF_OUTPUT,1706,-15,241162
SWAY_PERF_OUTPUT,1707,-26,241163
SWAY_PERF_OUTPUT,1708,-28,241164
SWAY_PERF_OUTPUT,1709,11,241165
SWAY_PERF_FRAME,29,241109,241165
SWAY_PERF_INPUT_FRAME,33,235291,242890
SWAY_PERF_OUTPUT,1710,8,248709
SWAY_PERF_OUTPUT,1711,9,248710
SWAY_PERF_OUTPUT,1712,8,248711
SWAY_PERF_OUTPUT,1713,9,248712
SWAY_PERF_OUTPUT,1714,13,248713
SWAY_PERF_OUTPUT,1715,16,248714
SWAY_PERF_OUTPUT,1716,15,248715
SWAY_PERF_OUTPUT,1717,4,248716
SWAY_PERF_OUTPUT,1718,1,248717
SWAY_PERF_OUTPUT,1719,0,248718
SWAY_PERF_OUTPUT,1720,10,248719
SWAY_PERF_OUTPUT,1721,10,248720
SWAY_PERF_OUTPUT,1722,8,248721
SWAY_PERF_OUTPUT,1723,8,248722
SWAY_PERF_OUTPUT,1724,6,248723
SWAY_PERF_OUTPUT,1725,4,248724
SWAY_PERF_OUTPUT,1726,2,248725
SWAY_PERF_OUTPUT,1727,1,248726
SWAY_PERF_OUTPUT,1728,9,248727
SWAY_PERF_OUTPUT,1729,63,248728
SWAY_PERF_OUTPUT,1730,63,248729
SWAY_PERF_OUTPUT,1731,63,248730
SWAY_PERF_OUTPUT,1732,63,248731
SWAY_PERF_OUTPUT,1733,62,248732
SWAY_PERF_OUTPUT,1734,62,248733
SWAY_PERF_OUTPUT,1735,60,248734
SWAY_PERF_OUTPUT,1736,62,248735
SWAY_PERF_OUTPUT,1737,64,248736
SWAY_PERF_OUTPUT,1738,62,248737
SWAY_PERF_OUTPUT,1739,62,248738
SWAY_PERF_OUTPUT,1740,62,248739
SWAY_PERF_OUTPUT,1741,63,248740
SWAY_PERF_OUTPUT,1742,62,248741
SWAY_PERF_OUTPUT,1743,62,248742
SWAY_PERF_OUTPUT,1744,62,248743
SWAY_PERF_OUTPUT,1745,63,248744
SWAY_PERF_OUTPUT,1746,59,248745
SWAY_PERF_OUTPUT,1747,63,248746
SWAY_PERF_OUTPUT,1748,-8,248747
SWAY_PERF_OUTPUT,1749,2,248748
SWAY_PERF_OUTPUT,1750,13,248749
SWAY_PERF_OUTPUT,1751,17,248750
SWAY_PERF_OUTPUT,1752,9,248751
SWAY_PERF_OUTPUT,1753,2,248752
SWAY_PERF_OUTPUT,1754,-4,248753
SWAY_PERF_OUTPUT,1755,8,248754
SWAY_PERF_OUTPUT,1756,2,248755
SWAY_PERF_OUTPUT,1757,-4,248756
SWAY_PERF_OUTPUT,1758,-7,248757
SWAY_PERF_OUTPUT,1759,-17,248758
SWAY_PERF_OUTPUT,1760,-28,248759
SWAY_PERF_OUTPUT,1761,-30,248760
SWAY_PERF_OUTPUT,1762,-7,248761
SWAY_PERF_OUTPUT,1763,-16,248762
SWAY_PERF_OUTPUT,1764,-26,248763
SWAY_PERF_OUTPUT,1765,-29,248764
SWAY_PERF_OUTPUT,1766,10,248765
SWAY_PERF_FRAME,30,248709,248765
SWAY_PERF_INPUT_FRAME,34,242891,250490
SWAY_PERF_OUTPUT,1767,7,256309
SWAY_PERF_OUTPUT,1768,7,256310
SWAY_PERF_OUTPUT,1769,6,256311
SWAY_PERF_OUTPUT,1770,7,256312
SWAY_PERF_OUTPUT,1771,13,256313
SWAY_PERF_OUTPUT,1772,17,256314
SWAY_PERF_OUTPUT,1773,20,256315
SWAY_PERF_OUTPUT,1774,1,256316
SWAY_PERF_OUTPUT,1775,-3,256317
SWAY_PERF_OUTPUT,1776,-4,256318
SWAY_PERF_OUTPUT,1777,10,256319
SWAY_PERF_OUTPUT,1778,11,256320
SWAY_PERF_OUTPUT,1779,13,256321
SWAY_PERF_OUTPUT,1780,13,256322
SWAY_PERF_OUTPUT,1781,5,256323
SWAY_PERF_OUTPUT,1782,4,256324
SWAY_PERF_OUTPUT,1783,2,256325
SWAY_PERF_OUTPUT,1784,2,256326
SWAY_PERF_OUTPUT,1785,7,256327
SWAY_PERF_OUTPUT,1786,62,256328
SWAY_PERF_OUTPUT,1787,62,256329
SWAY_PERF_OUTPUT,1788,62,256330
SWAY_PERF_OUTPUT,1789,61,256331
SWAY_PERF_OUTPUT,1790,63,256332
SWAY_PERF_OUTPUT,1791,65,256333
SWAY_PERF_OUTPUT,1792,62,256334
SWAY_PERF_OUTPUT,1793,60,256335
SWAY_PERF_OUTPUT,1794,59,256336
SWAY_PERF_OUTPUT,1795,57,256337
SWAY_PERF_OUTPUT,1796,60,256338
SWAY_PERF_OUTPUT,1797,60,256339
SWAY_PERF_OUTPUT,1798,59,256340
SWAY_PERF_OUTPUT,1799,56,256341
SWAY_PERF_OUTPUT,1800,60,256342
SWAY_PERF_OUTPUT,1801,63,256343
SWAY_PERF_OUTPUT,1802,65,256344
SWAY_PERF_OUTPUT,1803,62,256345
SWAY_PERF_OUTPUT,1804,62,256346
SWAY_PERF_OUTPUT,1805,-3,256347
SWAY_PERF_OUTPUT,1806,7,256348
SWAY_PERF_OUTPUT,1807,17,256349
SWAY_PERF_OUTPUT,1808,22,256350
SWAY_PERF_OUTPUT,1809,14,256351
SWAY_PERF_OUTPUT,1810,10,256352
SWAY_PERF_OUTPUT,1811,8,256353
SWAY_PERF_OUTPUT,1812,14,256354
SWAY_PERF_OUTPUT,1813,8,256355
SWAY_PERF_OUTPUT,1814,4,256356
SWAY_PERF_OUTPUT,1815,-2,256357
SWAY_PERF_OUTPUT,1816,-15,256358
SWAY_PERF_OUTPUT,1817,-26,256359
SWAY_PERF_OUTPUT,1818,-28,256360
SWAY_PERF_OUTPUT,1819,-3,256361
SWAY_PERF_OUTPUT,1820,-15,256362
SWAY_PERF_OUTPUT,1821,-26,256363
SWAY_PERF_OUTPUT,1822,-28,256364
SWAY_PERF_OUTPUT,1823,15,256365
SWAY_PERF_FRAME,31,256309,256365
SWAY_PERF_INPUT_FRAME,35,250491,258090
SWAY_PERF_OUTPUT,1824,8,263909
SWAY_PERF_OUTPUT,1825,9,263910
SWAY_PERF_OUTPUT,1826,9,263911
SWAY_PERF_OUTPUT,1827,9,263912
SWAY_PERF_OUTPUT,1828,14,263913
SWAY_PERF_OUTPUT,1829,20,263914
SWAY_PERF_OUTPUT,1830,23,263915
SWAY_PERF_OUTPUT,1831,3,263916
SWAY_PERF_OUTPUT,1832,-4,263917
SWAY_PERF_OUTPUT,1833,-9,263918
SWAY_PERF_OUTPUT,1834,11,263919
SWAY_PERF_OUTPUT,1835,13,263920
SWAY_PERF_OUTPUT,1836,13,263921
SWAY_PERF_OUTPUT,1837,14,263922
SWAY_PERF_OUTPUT,1838,6,263923
SWAY_PERF_OUTPUT,1839,0,263924
SWAY_PERF_OUTPUT,1840,-5,263925
SWAY_PERF_OUTPUT,1841,-5,263926
SWAY_PERF_OUTPUT,1842,9,263927
SWAY_PERF_OUTPUT,1843,62,263928
SWAY_PERF_OUTPUT,1844,61,263929
SWAY_PERF_OUTPUT,1845,60,263930
SWAY_PERF_OUTPUT,1846,59,263931
SWAY_PERF_OUTPUT,1847,59,263932
SWAY_PERF_OUTPUT,1848,59,263933
SWAY_PERF_OUTPUT,1849,58,263934
SWAY_PERF_OUTPUT,1850,60,263935
SWAY_PERF_OUTPUT,1851,60,263936
SWAY_PERF_OUTPUT,1852,59,263937
SWAY_PERF_OUTPUT,1853,60,263938
SWAY_PERF_OUTPUT,1854,58,263939
SWAY_PERF_OUTPUT,1855,61,263940
SWAY_PERF_OUTPUT,1856,59,263941
SWAY_PERF_OUTPUT,1857,61,263942
SWAY_PERF_OUTPUT,1858,59,263943
SWAY_PERF_OUTPUT,1859,61,263944
SWAY_PERF_OUTPUT,1860,58,263945
SWAY_PERF_OUTPUT,1861,60,263946
SWAY_PERF_OUTPUT,1862,-8,263947
SWAY_PERF_OUTPUT,1863,2,263948
SWAY_PERF_OUTPUT,1864,11,263949
SWAY_PERF_OUTPUT,1865,15,263950
SWAY_PERF_OUTPUT,1866,8,263951
SWAY_PERF_OUTPUT,1867,6,263952
SWAY_PERF_OUTPUT,1868,5,263953
SWAY_PERF_OUTPUT,1869,8,263954
SWAY_PERF_OUTPUT,1870,6,263955
SWAY_PERF_OUTPUT,1871,8,263956
SWAY_PERF_OUTPUT,1872,-7,263957
SWAY_PERF_OUTPUT,1873,-16,263958
SWAY_PERF_OUTPUT,1874,-27,263959
SWAY_PERF_OUTPUT,1875,-29,263960
SWAY_PERF_OUTPUT,1876,-7,263961
SWAY_PERF_OUTPUT,1877,-14,263962
SWAY_PERF_OUTPUT,1878,-25,263963
SWAY_PERF_OUTPUT,1879,-27,263964
SWAY_PERF_OUTPUT,1880,9,263965
SWAY_PERF_FRAME,32,263909,263965
SWAY_PERF_INPUT_FRAME,36,258091,265690
SWAY_PERF_OUTPUT,1881,4,271509
SWAY_PERF_OUTPUT,1882,4,271510
SWAY_PERF_OUTPUT,1883,3,271511
SWAY_PERF_OUTPUT,1884,3,271512
SWAY_PERF_OUTPUT,1885,9,271513
SWAY_PERF_OUTPUT,1886,16,271514
SWAY_PERF_OUTPUT,1887,19,271515
SWAY_PERF_OUTPUT,1888,-2,271516
SWAY_PERF_OUTPUT,1889,-7,271517
SWAY_PERF_OUTPUT,1890,-8,271518
SWAY_PERF_OUTPUT,1891,7,271519
SWAY_PERF_OUTPUT,1892,11,271520
SWAY_PERF_OUTPUT,1893,13,271521
SWAY_PERF_OUTPUT,1894,14,271522
SWAY_PERF_OUTPUT,1895,2,271523
SWAY_PERF_OUTPUT,1896,-1,271524
SWAY_PERF_OUTPUT,1897,-2,271525
SWAY_PERF_OUTPUT,1898,-2,271526
SWAY_PERF_OUTPUT,1899,3,271527
SWAY_PERF_OUTPUT,1900,61,271528
SWAY_PERF_OUTPUT,1901,61,271529
SWAY_PERF_OUTPUT,1902,60,271530
SWAY_PERF_OUTPUT,1903,60,271531
SWAY_PERF_OUTPUT,1904,60,271532
SWAY_PERF_OUTPUT,1905,61,271533
SWAY_PERF_OUTPUT,1906,59,271534
SWAY_PERF_OUTPUT,1907,59,271535
SWAY_PERF_OUTPUT,1908,59,271536
SWAY_PERF_OUTPUT,1909,58,271537
SWAY_PERF_OUTPUT,1910,60,271538
SWAY_PERF_OUTPUT,1911,59,271539
SWAY_PERF_OUTPUT,1912,60,271540
SWAY_PERF_OUTPUT,1913,57,271541
SWAY_PERF_OUTPUT,1914,60,271542
SWAY_PERF_OUTPUT,1915,59,271543
SWAY_PERF_OUTPUT,1916,62,271544
SWAY_PERF_OUTPUT,1917,59,271545
SWAY_PERF_OUTPUT,1918,60,271546
SWAY_PERF_OUTPUT,1919,-6,271547
SWAY_PERF_OUTPUT,1920,4,271548
SWAY_PERF_OUTPUT,1921,14,271549
SWAY_PERF_OUTPUT,1922,18,271550
SWAY_PERF_OUTPUT,1923,11,271551
SWAY_PERF_OUTPUT,1924,10,271552
SWAY_PERF_OUTPUT,1925,11,271553
SWAY_PERF_OUTPUT,1926,10,271554
SWAY_PERF_OUTPUT,1927,6,271555
SWAY_PERF_OUTPUT,1928,5,271556
SWAY_PERF_OUTPUT,1929,-5,271557
SWAY_PERF_OUTPUT,1930,-15,271558
SWAY_PERF_OUTPUT,1931,-25,271559
SWAY_PERF_OUTPUT,1932,-28,271560
SWAY_PERF_OUTPUT,1933,-6,271561
SWAY_PERF_OUTPUT,1934,-15,271562
SWAY_PERF_OUTPUT,1935,-27,271563
SWAY_PERF_OUTPUT,1936,-29,271564
SWAY_PERF_OUTPUT,1937,12,271565
SWAY_PERF_FRAME,33,271509,271565
SWAY_PERF_INPUT_FRAME,37,265691,273290
SWAY_PERF_OUTPUT,1938,4,279109
SWAY_PERF_OUTPUT,1939,4,279110
SWAY_PERF_OUTPUT,1940,3,279111
SWAY_PERF_OUTPUT,1941,3,279112
SWAY_PERF_OUTPUT,1942,10,279113
SWAY_PERF_OUTPUT,1943,16,279114
SWAY_PERF_OUTPUT,1944,21,279115
SWAY_PERF_OUTPUT,1945,-3,279116
SWAY_PERF_OUTPUT,1946,-10,279117
SWAY_PERF_OUTPUT,1947,-15,279118
SWAY_PERF_OUTPUT,1948,7,279119
SWAY_PERF_OUTPUT,1949,11,279120
SWAY_PERF_OUTPUT,1950,15,279121
SWAY_PERF_OUTPUT,1951,15,279122
SWAY_PERF_OUTPUT,1952,2,279123
SWAY_PERF_OUTPUT,1953,-2,279124
SWAY_PERF_OUTPUT,1954,-5,279125
SWAY_PERF_OUTPUT,1955,-5,279126
SWAY_PERF_OUTPUT,1956,3,279127
SWAY_PERF_OUTPUT,1957,63,279128
SWAY_PERF_OUTPUT,1958,62,279129
SWAY_PERF_OUTPUT,1959,61,279130
SWAY_PERF_OUTPUT,1960,61,279131
SWAY_PERF_OUTPUT,1961,62,279132
SWAY_PERF_OUTPUT,1962,62,279133
SWAY_PERF_OUTPUT,1963,60,279134
SWAY_PERF_OUTPUT,1964,61,279135
SWAY_PERF_OUTPUT,1965,61,279136
SWAY_PERF_OUTPUT,1966,60,279137
SWAY_PERF_OUTPUT,1967,61,279138
SWAY_PERF_OUTPUT,1968,60,279139
SWAY_PERF_OUTPUT,1969,61,279140
SWAY_PERF_OUTPUT,1970,59,279141
SWAY_PERF_OUTPUT,1971,61,279142
SWAY_PERF_OUTPUT,1972,61,279143
SWAY_PERF_OUTPUT,1973,63,279144
SWAY_PERF_OUTPUT,1974,60,279145
SWAY_PERF_OUTPUT,1975,61,279146
SWAY_PERF_OUTPUT,1976,-4,279147
SWAY_PERF_OUTPUT,1977,6,279148
SWAY_PERF_OUTPUT,1978,17,279149
SWAY_PERF_OUTPUT,1979,21,279150
SWAY_PERF_OUTPUT,1980,13,279151
SWAY_PERF_OUTPUT,1981,13,279152
SWAY_PERF_OUTPUT,1982,14,279153
SWAY_PERF_OUTPUT,1983,13,279154
SWAY_PERF_OUTPUT,1984,12,279155
SWAY_PERF_OUTPUT,1985,15,279156
SWAY_PERF_OUTPUT,1986,-3,279157
SWAY_PERF_OUTPUT,1987,-14,279158
SWAY_PERF_OUTPUT,1988,-26,279159
SWAY_PERF_OUTPUT,1989,-28,279160
SWAY_PERF_OUTPUT,1990,-3,279161
SWAY_PERF_OUTPUT,1991,-14,279162
SWAY_PERF_OUTPUT,1992,-26,279163
SWAY_PERF_OUTPUT,1993,-28,279164
SWAY_PERF_OUTPUT,1994,14,279165
SWAY_PERF_FRAME,34,279109,279165
SWAY_PERF_INPUT_FRAME,38,273291,280890
SWAY_PERF_OUTPUT,1995,8,286709
SWAY_PERF_OUTPUT,1996,9,286710
SWAY_PERF_OUTPUT,1997,8,286711
SWAY_PERF_OUTPUT,1998,8,286712
SWAY_PERF_OUTPUT,1999,14,286713
SWAY_PERF_OUTPUT,2000,19,286714
SWAY_PERF_OUTPUT,2001,21,286715
SWAY_PERF_OUTPUT,2002,3,286716
SWAY_PERF_OUTPUT,2003,0,286717
SWAY_PERF_OUTPUT,2004,-3,286718
SWAY_PERF_OUTPUT,2005,10,286719
SWAY_PERF_OUTPUT,2006,12,286720
SWAY_PERF_OUTPUT,2007,12,286721
SWAY_PERF_OUTPUT,2008,12,286722
SWAY_PERF_OUTPUT,2009,6,286723
SWAY_PERF_OUTPUT,2010,3,286724
SWAY_PERF_OUTPUT,2011,0,286725
SWAY_PERF_OUTPUT,2012,-1,286726
SWAY_PERF_OUTPUT,2013,9,286727
SWAY_PERF_OUTPUT,2014,61,286728
SWAY_PERF_OUTPUT,2015,62,286729
SWAY_PERF_OUTPUT,2016,61,286730
SWAY_PERF_OUTPUT,2017,61,286731
SWAY_PERF_OUTPUT,2018,61,286732
SWAY_PERF_OUTPUT,2019,61,286733
SWAY_PERF_OUTPUT,2020,59,286734
SWAY_PERF_OUTPUT,2021,60,286735
SWAY_PERF_OUTPUT,2022,61,286736
SWAY_PERF_OUTPUT,2023,60,286737
SWAY_PERF_OUTPUT,2024,60,286738
SWAY_PERF_OUTPUT,2025,60,286739
SWAY_PERF_OUTPUT,2026,62,286740
SWAY_PERF_OUTPUT,2027,60,286741
SWAY_PERF_OUTPUT,2028,61,286742
SWAY_PERF_OUTPUT,2029,61,286743
SWAY_PERF_OUTPUT,2030,62,286744
SWAY_PERF_OUTPUT,2031,58,286745
SWAY_PERF_OUTPUT,2032,61,286746
SWAY_PERF_OUTPUT,2033,-6,286747
SWAY_PERF_OUTPUT,2034,3,286748
SWAY_PERF_OUTPUT,2035,14,286749
SWAY_PERF_OUTPUT,2036,17,286750
SWAY_PERF_OUTPUT,2037,10,286751
SWAY_PERF_OUTPUT,2038,7,286752
SWAY_PERF_OUTPUT,2039,6,286753
SWAY_PERF_OUTPUT,2040,9,286754
SWAY_PERF_OUTPUT,2041,4,286755
SWAY_PERF_OUTPUT,2042,1,286756
SWAY_PERF_OUTPUT,2043,-6,286757
SWAY_PERF_OUTPUT,2044,-16,286758
SWAY_PERF_OUTPUT,2045,-27,286759
SWAY_PERF_OUTPUT,2046,-29,286760
SWAY_PERF_OUTPUT,2047,-6,286761
SWAY_PERF_OUTPUT,2048,-15,286762
SWAY_PERF_OUTPUT,2049,-26,286763
SWAY_PERF_OUTPUT,2050,-28,286764
SWAY_PERF_OUTPUT,2051,11,286765
SWAY_PERF_FRAME,35,286709,286765
SWAY_PERF_INPUT_FRAME,39,280891,288490
SWAY_PERF_OUTPUT,2052,9,294309
SWAY_PERF_OUTPUT,2053,9,294310
SWAY_PERF_OUTPUT,2054,8,294311
SWAY_PERF_OUTPUT,2055,9,294312
SWAY_PERF_OUTPUT,2056,15,294313
SWAY_PERF_OUTPUT,2057,18,294314
SWAY_PERF_OUTPUT,2058,19,294315
SWAY_PERF_OUTPUT,2059,4,294316
SWAY_PERF_OUTPUT,2060,-2,294317
SWAY_PERF_OUTPUT,2061,-5,294318
SWAY_PERF_OUTPUT,2062,10,294319
SWAY_PERF_OUTPUT,2063,11,294320
SWAY_PERF_OUTPUT,2064,11,294321
SWAY_PERF_OUTPUT,2065,11,294322
SWAY_PERF_OUTPUT,2066,6,294323
SWAY_PERF_OUTPUT,2067,4,294324
SWAY_PERF_OUTPUT,2068,2,294325
SWAY_PERF_OUTPUT,2069,2,294326
SWAY_PERF_OUTPUT,2070,9,294327
SWAY_PERF_OUTPUT,2071,64,294328
SWAY_PERF_OUTPUT,2072,65,294329
SWAY_PERF_OUTPUT,2073,65,294330
SWAY_PERF_OUTPUT,2074,65,294331
SWAY_PERF_OUTPUT,2075,65,294332
SWAY_PERF_OUTPUT,2076,66,294333
SWAY_PERF_OUTPUT,2077,64,294334
SWAY_PERF_OUTPUT,2078,64,294335
SWAY_PERF_OUTPUT,2079,65,294336
SWAY_PERF_OUTPUT,2080,63,294337
SWAY_PERF_OUTPUT,2081,63,294338
SWAY_PERF_OUTPUT,2082,65,294339
SWAY_PERF_OUTPUT,2083,63,294340
SWAY_PERF_OUTPUT,2084,61,294341
SWAY_PERF_OUTPUT,2085,63,294342
SWAY_PERF_OUTPUT,2086,67,294343
SWAY_PERF_OUTPUT,2087,66,294344
SWAY_PERF_OUTPUT,2088,63,294345
SWAY_PERF_OUTPUT,2089,65,294346
SWAY_PERF_OUTPUT,2090,-2,294347
SWAY_PERF_OUTPUT,2091,9,294348
SWAY_PERF_OUTPUT,2092,20,294349
SWAY_PERF_OUTPUT,2093,25,294350
SWAY_PERF_OUTPUT,2094,16,294351
SWAY_PERF_OUTPUT,2095,9,294352
SWAY_PERF_OUTPUT,2096,5,294353
SWAY_PERF_OUTPUT,2097,15,294354
SWAY_PERF_OUTPUT,2098,12,294355
SWAY_PERF_OUTPUT,2099,8,294356
SWAY_PERF_OUTPUT,2100,-1,294357
SWAY_PERF_OUTPUT,2101,-15,294358
SWAY_PERF_OUTPUT,2102,-28,294359
SWAY_PERF_OUTPUT,2103,-30,294360
SWAY_PERF_OUTPUT,2104,-1,294361
SWAY_PERF_OUTPUT,2105,-15,294362
SWAY_PERF_OUTPUT,2106,-25,294363
SWAY_PERF_OUTPUT,2107,-29,294364
SWAY_PERF_OUTPUT,2108,17,294365
SWAY_PERF_FRAME,36,294309,294365
SWAY_PERF_INPUT_FRAME,40,288491,296090
SWAY_PERF_OUTPUT,2109,45,301909
SWAY_PERF_OUTPUT,2110,127,301910
SWAY_PERF_OUTPUT,2111,-30,301911
SWAY_PERF_OUTPUT,2112,40,301912
SWAY_PERF_OUTPUT,2113,34,301913
SWAY_PERF_OUTPUT,2114,87,301914
SWAY_PERF_OUTPUT,2115,0,301915
SWAY_PERF_OUTPUT,2116,38,301916
SWAY_PERF_OUTPUT,2117,77,301917
SWAY_PERF_OUTPUT,2118,-2,301918
SWAY_PERF_OUTPUT,2119,28,301919
SWAY_PERF_OUTPUT,2120,70,301920
SWAY_PERF_OUTPUT,2121,-24,301921
SWAY_PERF_OUTPUT,2122,31,301922
SWAY_PERF_OUTPUT,2123,50,301923
SWAY_PERF_OUTPUT,2124,123,301924
SWAY_PERF_OUTPUT,2125,38,301925
SWAY_PERF_OUTPUT,2126,95,301926
SWAY_PERF_OUTPUT,2127,56,301927
SWAY_PERF_OUTPUT,2128,-18,301928
SWAY_PERF_OUTPUT,2129,-5,301929
SWAY_PERF_OUTPUT,2130,-13,301930
SWAY_PERF_OUTPUT,2131,72,301931
SWAY_PERF_OUTPUT,2132,46,301932
SWAY_PERF_OUTPUT,2133,35,301933
SWAY_PERF_OUTPUT,2134,17,301934
SWAY_PERF_OUTPUT,2135,-75,301935
SWAY_PERF_OUTPUT,2136,-6,301936
SWAY_PERF_OUTPUT,2137,-39,301937
SWAY_PERF_OUTPUT,2138,-28,301938
SWAY_PERF_OUTPUT,2139,-27,301939
SWAY_PERF_OUTPUT,2140,-60,301940
SWAY_PERF_OUTPUT,2141,-2,301941
SWAY_PERF_OUTPUT,2142,27,301942
SWAY_PERF_OUTPUT,2143,71,301943
SWAY_PERF_OUTPUT,2144,117,301944
SWAY_PERF_OUTPUT,2145,-2,301945
SWAY_PERF_OUTPUT,2146,-19,301946
SWAY_PERF_OUTPUT,2147,25,301947
SWAY_PERF_OUTPUT,2148,34,301948
SWAY_PERF_OUTPUT,2149,-36,301949
SWAY_PERF_OUTPUT,2150,21,301950
SWAY_PERF_OUTPUT,2151,-36,301951
SWAY_PERF_OUTPUT,2152,96,301952
SWAY_PERF_OUTPUT,2153,-49,301953
SWAY_PERF_OUTPUT,2154,50,301954
SWAY_PERF_OUTPUT,2155,-42,301955
SWAY_PERF_OUTPUT,2156,-96,301956
SWAY_PERF_OUTPUT,2157,0,301957
SWAY_PERF_OUTPUT,2158,27,301958
SWAY_PERF_OUTPUT,2159,-37,301959
SWAY_PERF_OUTPUT,2160,77,301960
SWAY_PERF_OUTPUT,2161,44,301961
SWAY_PERF_OUTPUT,2162,0,301962
SWAY_PERF_OUTPUT,2163,-56,301963
SWAY_PERF_OUTPUT,2164,-77,301964
SWAY_PERF_OUTPUT,2165,42,301965
SWAY_PERF_FRAME,37,301909,301965
SWAY_PERF_INPUT_FRAME,41,296091,303690
SWAY_PERF_OUTPUT,2166,21,309509
SWAY_PERF_OUTPUT,2167,1,309510
SWAY_PERF_OUTPUT,2168,5,309511
SWAY_PERF_OUTPUT,2169,-3,309512
SWAY_PERF_OUTPUT,2170,23,309513
SWAY_PERF_OUTPUT,2171,34,309514
SWAY_PERF_OUTPUT,2172,42,309515
SWAY_PERF_OUTPUT,2173,-2,309516
SWAY_PERF_OUTPUT,2174,-9,309517
SWAY_PERF_OUTPUT,2175,0,309518
SWAY_PERF_OUTPUT,2176,8,309519
SWAY_PERF_OUTPUT,2177,16,309520
SWAY_PERF_OUTPUT,2178,59,309521
SWAY_PERF_OUTPUT,2179,41,309522
SWAY_PERF_OUTPUT,2180,9,309523
SWAY_PERF_OUTPUT,2181,9,309524
SWAY_PERF_OUTPUT,2182,12,309525
SWAY_PERF_OUTPUT,2183,20,309526
SWAY_PERF_OUTPUT,2184,14,309527
SWAY_PERF_OUTPUT,2185,101,309528
SWAY_PERF_OUTPUT,2186,109,309529
SWAY_PERF_OUTPUT,2187,111,309530
SWAY_PERF_OUTPUT,2188,108,309531
SWAY_PERF_OUTPUT,2189,118,309532
SWAY_PERF_OUTPUT,2190,113,309533
SWAY_PERF_OUTPUT,2191,96,309534
SWAY_PERF_OUTPUT,2192,121,309535
SWAY_PERF_OUTPUT,2193,111,309536
SWAY_PERF_OUTPUT,2194,120,309537
SWAY_PERF_OUTPUT,2195,99,309538
SWAY_PERF_OUTPUT,2196,127,309539
SWAY_PERF_OUTPUT,2197,126,309540
SWAY_PERF_OUTPUT,2198,112,309541
SWAY_PERF_OUTPUT,2199,115,309542
SWAY_PERF_OUTPUT,2200,127,309543
SWAY_PERF_OUTPUT,2201,98,309544
SWAY_PERF_OUTPUT,2202,103,309545
SWAY_PERF_OUTPUT,2203,127,309546
SWAY_PERF_OUTPUT,2204,35,309547
SWAY_PERF_OUTPUT,2205,57,309548
SWAY_PERF_OUTPUT,2206,75,309549
SWAY_PERF_OUTPUT,2207,88,309550
SWAY_PERF_OUTPUT,2208,62,309551
SWAY_PERF_OUTPUT,2209,70,309552
SWAY_PERF_OUTPUT,2210,104,309553
SWAY_PERF_OUTPUT,2211,60,309554
SWAY_PERF_OUTPUT,2212,31,309555
SWAY_PERF_OUTPUT,2213,8,309556
SWAY_PERF_OUTPUT,2214,19,309557
SWAY_PERF_OUTPUT,2215,-29,309558
SWAY_PERF_OUTPUT,2216,-52,309559
SWAY_PERF_OUTPUT,2217,-46,309560
SWAY_PERF_OUTPUT,2218,31,309561
SWAY_PERF_OUTPUT,2219,-32,309562
SWAY_PERF_OUTPUT,2220,-54,309563
SWAY_PERF_OUTPUT,2221,-38,309564
SWAY_PERF_OUTPUT,2222,68,309565
SWAY_PERF_FRAME,38,309509,309565
SWAY_PERF_INPUT_FRAME,42,303691,311290
SWAY_PERF_OUTPUT,2223,61,317109
SWAY_PERF_OUTPUT,2224,72,317110
SWAY_PERF_OUTPUT,2225,58,317111
SWAY_PERF_OUTPUT,2226,63,317112
SWAY_PERF_OUTPUT,2227,71,317113
SWAY_PERF_OUTPUT,2228,59,317114
SWAY_PERF_OUTPUT,2229,17,317115
SWAY_PERF_OUTPUT,2230,69,317116
SWAY_PERF_OUTPUT,2231,80,317117
SWAY_PERF_OUTPUT,2232,102,317118
SWAY_PERF_OUTPUT,2233,53,317119
SWAY_PERF_OUTPUT,2234,68,317120
SWAY_PERF_OUTPUT,2235,58,317121
SWAY_PERF_OUTPUT,2236,56,317122
SWAY_PERF_OUTPUT,2237,48,317123
SWAY_PERF_OUTPUT,2238,37,317124
SWAY_PERF_OUTPUT,2239,13,317125
SWAY_PERF_OUTPUT,2240,20,317126
SWAY_PERF_OUTPUT,2241,73,317127
SWAY_PERF_OUTPUT,2242,118,317128
SWAY_PERF_OUTPUT,2243,127,317129
SWAY_PERF_OUTPUT,2244,127,317130
SWAY_PERF_OUTPUT,2245,127,317131
SWAY_PERF_OUTPUT,2246,127,317132
SWAY_PERF_OUTPUT,2247,116,317133
SWAY_PERF_OUTPUT,2248,88,317134
SWAY_PERF_OUTPUT,2249,127,317135
SWAY_PERF_OUTPUT,2250,120,317136
SWAY_PERF_OUTPUT,2251,119,317137
SWAY_PERF_OUTPUT,2252,127,317138
SWAY_PERF_OUTPUT,2253,110,317139
SWAY_PERF_OUTPUT,2254,121,317140
SWAY_PERF_OUTPUT,2255,118,317141
SWAY_PERF_OUTPUT,2256,127,317142
SWAY_PERF_OUTPUT,2257,127,317143
SWAY_PERF_OUTPUT,2258,127,317144
SWAY_PERF_OUTPUT,2259,127,317145
SWAY_PERF_OUTPUT,2260,127,317146
SWAY_PERF_OUTPUT,2261,-21,317147
SWAY_PERF_OUTPUT,2262,-2,317148
SWAY_PERF_OUTPUT,2263,32,317149
SWAY_PERF_OUTPUT,2264,32,317150
SWAY_PERF_OUTPUT,2265,17,317151
SWAY_PERF_OUTPUT,2266,-14,317152
SWAY_PERF_OUTPUT,2267,-22,317153
SWAY_PERF_OUTPUT,2268,-12,317154
SWAY_PERF_OUTPUT,2269,-47,317155
SWAY_PERF_OUTPUT,2270,-38,317156
SWAY_PERF_OUTPUT,2271,-36,317157
SWAY_PERF_OUTPUT,2272,-46,317158
SWAY_PERF_OUTPUT,2273,-81,317159
SWAY_PERF_OUTPUT,2274,-67,317160
SWAY_PERF_OUTPUT,2275,-17,317161
SWAY_PERF_OUTPUT,2276,-41,317162
SWAY_PERF_OUTPUT,2277,-65,317163
SWAY_PERF_OUTPUT,2278,-78,317164
SWAY_PERF_OUTPUT,2279,21,317165
SWAY_PERF_FRAME,39,317109,317165
SWAY_PERF_INPUT_FRAME,43,311291,318890
SWAY_PERF_OUTPUT,2280,7,324709
SWAY_PERF_OUTPUT,2281,7,324710
SWAY_PERF_OUTPUT,2282,6,324711
SWAY_PERF_OUTPUT,2283,6,324712
SWAY_PERF_OUTPUT,2284,12,324713
SWAY_PERF_OUTPUT,2285,16,324714
SWAY_PERF_OUTPUT,2286,19,324715
SWAY_PERF_OUTPUT,2287,1,324716
SWAY_PERF_OUTPUT,2288,-2,324717
SWAY_PERF_OUTPUT,2289,-3,324718
SWAY_PERF_OUTPUT,2290,9,324719
SWAY_PERF_OUTPUT,2291,10,324720
SWAY_PERF_OUTPUT,2292,11,324721
SWAY_PERF_OUTPUT,2293,11,324722
SWAY_PERF_OUTPUT,2294,4,324723
SWAY_PERF_OUTPUT,2295,2,324724
SWAY_PERF_OUTPUT,2296,0,324725
SWAY_PERF_OUTPUT,2297,0,324726
SWAY_PERF_OUTPUT,2298,7,324727
SWAY_PERF_OUTPUT,2299,63,324728
SWAY_PERF_OUTPUT,2300,63,324729
SWAY_PERF_OUTPUT,2301,63,324730
SWAY_PERF_OUTPUT,2302,62,324731
SWAY_PERF_OUTPUT,2303,62,324732
SWAY_PERF_OUTPUT,2304,63,324733
SWAY_PERF_OUTPUT,2305,61,324734
SWAY_PERF_OUTPUT,2306,62,324735
SWAY_PERF_OUTPUT,2307,63,324736
SWAY_PERF_OUTPUT,2308,61,324737
SWAY_PERF_OUTPUT,2309,62,324738
SWAY_PERF_OUTPUT,2310,62,324739
SWAY_PERF_OUTPUT,2311,63,324740
SWAY_PERF_OUTPUT,2312,61,324741
SWAY_PERF_OUTPUT,2313,62,324742
SWAY_PERF_OUTPUT,2314,62,324743
SWAY_PERF_OUTPUT,2315,63,324744
SWAY_PERF_OUTPUT,2316,60,324745
SWAY_PERF_OUTPUT,2317,63,324746
SWAY_PERF_OUTPUT,2318,-7,324747
SWAY_PERF_OUTPUT,2319,2,324748
SWAY_PERF_OUTPUT,2320,13,324749
SWAY_PERF_OUTPUT,2321,17,324750
SWAY_PERF_OUTPUT,2322,9,324751
SWAY_PERF_OUTPUT,2323,5,324752
SWAY_PERF_OUTPUT,2324,2,324753
SWAY_PERF_OUTPUT,2325,9,324754
SWAY_PERF_OUTPUT,2326,2,324755
SWAY_PERF_OUTPUT,2327,-4,324756
SWAY_PERF_OUTPUT,2328,-7,324757
SWAY_PERF_OUTPUT,2329,-17,324758
SWAY_PERF_OUTPUT,2330,-28,324759
SWAY_PERF_OUTPUT,2331,-29,324760
SWAY_PERF_OUTPUT,2332,-7,324761
SWAY_PERF_OUTPUT,2333,-16,324762
SWAY_PERF_OUTPUT,2334,-27,324763
SWAY_PERF_OUTPUT,2335,-29,324764
SWAY_PERF_OUTPUT,2336,10,324765
SWAY_PERF_FRAME,40,324709,324765
SWAY_PERF_INPUT_FRAME,44,318891,326490
SWAY_PERF_OUTPUT,2337,7,332309
SWAY_PERF_OUTPUT,2338,7,332310
SWAY_PERF_OUTPUT,2339,6,332311
SWAY_PERF_OUTPUT,2340,6,332312
SWAY_PERF_OUTPUT,2341,12,332313
SWAY_PERF_OUTPUT,2342,16,332314
SWAY_PERF_OUTPUT,2343,19,332315
SWAY_PERF_OUTPUT,2344,1,332316
SWAY_PERF_OUTPUT,2345,-2,332317
SWAY_PERF_OUTPUT,2346,-3,332318
SWAY_PERF_OUTPUT,2347,9,332319
SWAY_PERF_OUTPUT,2348,10,332320
SWAY_PERF_OUTPUT,2349,11,332321
SWAY_PERF_OUTPUT,2350,11,332322
SWAY_PERF_OUTPUT,2351,4,332323
SWAY_PERF_OUTPUT,2352,2,332324
SWAY_PERF_OUTPUT,2353,0,332325
SWAY_PERF_OUTPUT,2354,0,332326
SWAY_PERF_OUTPUT,2355,7,332327
SWAY_PERF_OUTPUT,2356,63,332328
SWAY_PERF_OUTPUT,2357,63,332329
SWAY_PERF_OUTPUT,2358,63,332330
SWAY_PERF_OUTPUT,2359,62,332331
SWAY_PERF_OUTPUT,2360,62,332332
SWAY_PERF_OUTPUT,2361,63,332333
SWAY_PERF_OUTPUT,2362,61,332334
SWAY_PERF_OUTPUT,2363,62,332335
SWAY_PERF_OUTPUT,2364,63,332336
SWAY_PERF_OUTPUT,2365,61,332337
SWAY_PERF_OUTPUT,2366,62,332338
SWAY_PERF_OUTPUT,2367,62,332339
SWAY_PERF_OUTPUT,2368,63,332340
SWAY_PERF_OUTPUT,2369,61,332341
SWAY_PERF_OUTPUT,2370,62,332342
SWAY_PERF_OUTPUT,2371,62,332343
SWAY_PERF_OUTPUT,2372,63,332344
SWAY_PERF_OUTPUT,2373,60,332345
SWAY_PERF_OUTPUT,2374,63,332346
SWAY_PERF_OUTPUT,2375,-7,332347
SWAY_PERF_OUTPUT,2376,2,332348
SWAY_PERF_OUTPUT,2377,13,332349
SWAY_PERF_OUTPUT,2378,17,332350
SWAY_PERF_OUTPUT,2379,9,332351
SWAY_PERF_OUTPUT,2380,5,332352
SWAY_PERF_OUTPUT,2381,2,332353
SWAY_PERF_OUTPUT,2382,9,332354
SWAY_PERF_OUTPUT,2383,2,332355
SWAY_PERF_OUTPUT,2384,-4,332356
SWAY_PERF_OUTPUT,2385,-7,332357
SWAY_PERF_OUTPUT,2386,-17,332358
SWAY_PERF_OUTPUT,2387,-28,332359
SWAY_PERF_OUTPUT,2388,-29,332360
SWAY_PERF_OUTPUT,2389,-7,332361
SWAY_PERF_OUTPUT,2390,-16,332362
SWAY_PERF_OUTPUT,2391,-27,332363
SWAY_PERF_OUTPUT,2392,-29,332364
SWAY_PERF_OUTPUT,2393,10,332365
SWAY_PERF_FRAME,41,332309,332365
SWAY_PERF_INPUT_FRAME,45,326491,334090
SWAY_PERF_OUTPUT,2394,7,339909
SWAY_PERF_OUTPUT,2395,7,339910
SWAY_PERF_OUTPUT,2396,6,339911
SWAY_PERF_OUTPUT,2397,6,339912
SWAY_PERF_OUTPUT,2398,12,339913
SWAY_PERF_OUTPUT,2399,16,339914
SWAY_PERF_OUTPUT,2400,19,339915
SWAY_PERF_OUTPUT,2401,1,339916
SWAY_PERF_OUTPUT,2402,-2,339917
SWAY_PERF_OUTPUT,2403,-3,339918
SWAY_PERF_OUTPUT,2404,9,339919
SWAY_PERF_OUTPUT,2405,10,339920
SWAY_PERF_OUTPUT,2406,11,339921
SWAY_PERF_OUTPUT,2407,11,339922
SWAY_PERF_OUTPUT,2408,4,339923
SWAY_PERF_OUTPUT,2409,2,339924
SWAY_PERF_OUTPUT,2410,0,339925
SWAY_PERF_OUTPUT,2411,0,339926
SWAY_PERF_OUTPUT,2412,7,339927
SWAY_PERF_OUTPUT,2413,63,339928
SWAY_PERF_OUTPUT,2414,63,339929
SWAY_PERF_OUTPUT,2415,63,339930
SWAY_PERF_OUTPUT,2416,62,339931
SWAY_PERF_OUTPUT,2417,62,339932
SWAY_PERF_OUTPUT,2418,63,339933
SWAY_PERF_OUTPUT,2419,61,339934
SWAY_PERF_OUTPUT,2420,62,339935
SWAY_PERF_OUTPUT,2421,63,339936
SWAY_PERF_OUTPUT,2422,61,339937
SWAY_PERF_OUTPUT,2423,62,339938
SWAY_PERF_OUTPUT,2424,62,339939
SWAY_PERF_OUTPUT,2425,63,339940
SWAY_PERF_OUTPUT,2426,61,339941
SWAY_PERF_OUTPUT,2427,62,339942
SWAY_PERF_OUTPUT,2428,62,339943
SWAY_PERF_OUTPUT,2429,63,339944
SWAY_PERF_OUTPUT,2430,60,339945
SWAY_PERF_OUTPUT,2431,63,339946
SWAY_PERF_OUTPUT,2432,-7,339947
SWAY_PERF_OUTPUT,2433,2,339948
SWAY_PERF_OUTPUT,2434,13,339949
SWAY_PERF_OUTPUT,2435,17,339950
SWAY_PERF_OUTPUT,2436,9,339951
SWAY_PERF_OUTPUT,2437,5,339952
SWAY_PERF_OUTPUT,2438,2,339953
SWAY_PERF_OUTPUT,2439,9,339954
SWAY_PERF_OUTPUT,2440,2,339955
SWAY_PERF_OUTPUT,2441,-4,339956
SWAY_PERF_OUTPUT,2442,-7,339957
SWAY_PERF_OUTPUT,2443,-17,339958
SWAY_PERF_OUTPUT,2444,-28,339959
SWAY_PERF_OUTPUT,2445,-29,339960
SWAY_PERF_OUTPUT,2446,-7,339961
SWAY_PERF_OUTPUT,2447,-16,339962
SWAY_PERF_OUTPUT,2448,-27,339963
SWAY_PERF_OUTPUT,2449,-29,339964
SWAY_PERF_OUTPUT,2450,10,339965
SWAY_PERF_FRAME,42,339909,339965
SWAY_PERF_INPUT_FRAME,46,334091,341690
SWAY_PERF_OUTPUT,2451,7,347509
SWAY_PERF_OUTPUT,2452,8,347510
SWAY_PERF_OUTPUT,2453,8,347511
SWAY_PERF_OUTPUT,2454,8,347512
SWAY_PERF_OUTPUT,2455,13,347513
SWAY_PERF_OUTPUT,2456,17,347514
SWAY_PERF_OUTPUT,2457,20,347515
SWAY_PERF_OUTPUT,2458,2,347516
SWAY_PERF_OUTPUT,2459,-2,347517
SWAY_PERF_OUTPUT,2460,-5,347518
SWAY_PERF_OUTPUT,2461,10,347519
SWAY_PERF_OUTPUT,2462,11,347520
SWAY_PERF_OUTPUT,2463,10,347521
SWAY_PERF_OUTPUT,2464,11,347522
SWAY_PERF_OUTPUT,2465,5,347523
SWAY_PERF_OUTPUT,2466,3,347524
SWAY_PERF_OUTPUT,2467,0,347525
SWAY_PERF_OUTPUT,2468,0,347526
SWAY_PERF_OUTPUT,2469,8,347527
SWAY_PERF_OUTPUT,2470,62,347528
SWAY_PERF_OUTPUT,2471,62,347529
SWAY_PERF_OUTPUT,2472,62,347530
SWAY_PERF_OUTPUT,2473,62,347531
SWAY_PERF_OUTPUT,2474,62,347532
SWAY_PERF_OUTPUT,2475,62,347533
SWAY_PERF_OUTPUT,2476,60,347534
SWAY_PERF_OUTPUT,2477,61,347535
SWAY_PERF_OUTPUT,2478,61,347536
SWAY_PERF_OUTPUT,2479,60,347537
SWAY_PERF_OUTPUT,2480,61,347538
SWAY_PERF_OUTPUT,2481,60,347539
SWAY_PERF_OUTPUT,2482,62,347540
SWAY_PERF_OUTPUT,2483,59,347541
SWAY_PERF_OUTPUT,2484,61,347542
SWAY_PERF_OUTPUT,2485,61,347543
SWAY_PERF_OUTPUT,2486,64,347544
SWAY_PERF_OUTPUT,2487,60,347545
SWAY_PERF_OUTPUT,2488,62,347546
SWAY_PERF_OUTPUT,2489,-6,347547
SWAY_PERF_OUTPUT,2490,4,347548
SWAY_PERF_OUTPUT,2491,14,347549
SWAY_PERF_OUTPUT,2492,18,347550
SWAY_PERF_OUTPUT,2493,10,347551
SWAY_PERF_OUTPUT,2494,6,347552
SWAY_PERF_OUTPUT,2495,-1,347553
SWAY_PERF_OUTPUT,2496,10,347554
SWAY_PERF_OUTPUT,2497,4,347555
SWAY_PERF_OUTPUT,2498,-1,347556
SWAY_PERF_OUTPUT,2499,-5,347557
SWAY_PERF_OUTPUT,2500,-16,347558
SWAY_PERF_OUTPUT,2501,-26,347559
SWAY_PERF_OUTPUT,2502,-29,347560
SWAY_PERF_OUTPUT,2503,-6,347561
SWAY_PERF_OUTPUT,2504,-15,347562
SWAY_PERF_OUTPUT,2505,-26,347563
SWAY_PERF_OUTPUT,2506,-28,347564
SWAY_PERF_OUTPUT,2507,11,347565
SWAY_PERF_FRAME,43,347509,347565
SWAY_PERF_INPUT_FRAME,47,341691,349290
SWAY_PERF_OUTPUT,2508,8,355109
SWAY_PERF_OUTPUT,2509,9,355110
SWAY_PERF_OUTPUT,2510,8,355111
SWAY_PERF_OUTPUT,2511,9,355112
SWAY_PERF_OUTPUT,2512,13,355113
SWAY_PERF_OUTPUT,2513,16,355114
SWAY_PERF_OUTPUT,2514,15,355115
SWAY_PERF_OUTPUT,2515,4,355116
SWAY_PERF_OUTPUT,2516,1,355117
SWAY_PERF_OUTPUT,2517,0,355118
SWAY_PERF_OUTPUT,2518,10,355119
SWAY_PERF_OUTPUT,2519,10,355120
SWAY_PERF_OUTPUT,2520,8,355121
SWAY_PERF_OUTPUT,2521,8,355122
SWAY_PERF_OUTPUT,2522,6,355123
SWAY_PERF_OUTPUT,2523,4,355124
SWAY_PERF_OUTPUT,2524,2,355125
SWAY_PERF_OUTPUT,2525,1,355126
SWAY_PERF_OUTPUT,2526,9,355127
SWAY_PERF_OUTPUT,2527,63,355128
SWAY_PERF_OUTPUT,2528,63,355129
SWAY_PERF_OUTPUT,2529,63,355130
SWAY_PERF_OUTPUT,2530,63,355131
SWAY_PERF_OUTPUT,2531,62,355132
SWAY_PERF_OUTPUT,2532,62,355133
SWAY_PERF_OUTPUT,2533,60,355134
SWAY_PERF_OUTPUT,2534,62,355135
SWAY_PERF_OUTPUT,2535,64,355136
SWAY_PERF_OUTPUT,2536,62,355137
SWAY_PERF_OUTPUT,2537,62,355138
SWAY_PERF_OUTPUT,2538,62,355139
SWAY_PERF_OUTPUT,2539,63,355140
SWAY_PERF_OUTPUT,2540,62,355141
SWAY_PERF_OUTPUT,2541,62,355142
SWAY_PERF_OUTPUT,2542,62,355143
SWAY_PERF_OUTPUT,2543,63,355144
SWAY_PERF_OUTPUT,2544,59,355145
SWAY_PERF_OUTPUT,2545,63,355146
SWAY_PERF_OUTPUT,2546,-8,355147
SWAY_PERF_OUTPUT,2547,2,355148
SWAY_PERF_OUTPUT,2548,13,355149
SWAY_PERF_OUTPUT,2549,17,355150
SWAY_PERF_OUTPUT,2550,9,355151
SWAY_PERF_OUTPUT,2551,2,355152
SWAY_PERF_OUTPUT,2552,-4,355153
SWAY_PERF_OUTPUT,2553,8,355154
SWAY_PERF_OUTPUT,2554,2,355155
SWAY_PERF_OUTPUT,2555,-4,355156
SWAY_PERF_OUTPUT,2556,-7,355157
SWAY_PERF_OUTPUT,2557,-17,355158
SWAY_PERF_OUTPUT,2558,-28,355159
SWAY_PERF_OUTPUT,2559,-30,355160
SWAY_PERF_OUTPUT,2560,-7,355161
SWAY_PERF_OUTPUT,2561,-16,355162
SWAY_PERF_OUTPUT,2562,-26,355163
SWAY_PERF_OUTPUT,2563,-29,355164
SWAY_PERF_OUTPUT,2564,10,355165
SWAY_PERF_FRAME,44,355109,355165
SWAY_PERF_INPUT_FRAME,48,349291,356890
SWAY_PERF_OUTPUT,2565,7,362709
SWAY_PERF_OUTPUT,2566,7,362710
SWAY_PERF_OUTPUT,2567,6,362711
SWAY_PERF_OUTPUT,2568,7,362712
SWAY_PERF_OUTPUT,2569,13,362713
SWAY_PERF_OUTPUT,2570,17,362714
SWAY_PERF_OUTPUT,2571,20,362715
SWAY_PERF_OUTPUT,2572,1,362716
SWAY_PERF_OUTPUT,2573,-3,362717
SWAY_PERF_OUTPUT,2574,-4,362718
SWAY_PERF_OUTPUT,2575,10,362719
SWAY_PERF_OUTPUT,2576,11,362720
SWAY_PERF_OUTPUT,2577,13,362721
SWAY_PERF_OUTPUT,2578,13,362722
SWAY_PERF_OUTPUT,2579,5,362723
SWAY_PERF_OUTPUT,2580,4,362724
SWAY_PERF_OUTPUT,2581,2,362725
SWAY_PERF_OUTPUT,2582,2,362726
SWAY_PERF_OUTPUT,2583,7,362727
SWAY_PERF_OUTPUT,2584,62,362728
SWAY_PERF_OUTPUT,2585,62,362729
SWAY_PERF_OUTPUT,2586,62,362730
SWAY_PERF_OUTPUT,2587,61,362731
SWAY_PERF_OUTPUT,2588,63,362732
SWAY_PERF_OUTPUT,2589,65,362733
SWAY_PERF_OUTPUT,2590,62,362734
SWAY_PERF_OUTPUT,2591,60,362735
SWAY_PERF_OUTPUT,2592,59,362736
SWAY_PERF_OUTPUT,2593,57,362737
SWAY_PERF_OUTPUT,2594,60,362738
SWAY_PERF_OUTPUT,2595,60,362739
SWAY_PERF_OUTPUT,2596,59,362740
SWAY_PERF_OUTPUT,2597,56,362741
SWAY_PERF_OUTPUT,2598,60,362742
SWAY_PERF_OUTPUT,2599,63,362743
SWAY_PERF_OUTPUT,2600,65,362744
SWAY_PERF_OUTPUT,2601,62,362745
SWAY_PERF_OUTPUT,2602,62,362746
SWAY_PERF_OUTPUT,2603,-3,362747
SWAY_PERF_OUTPUT,2604,7,362748
SWAY_PERF_OUTPUT,2605,17,362749
SWAY_PERF_OUTPUT,2606,22,362750
SWAY_PERF_OUTPUT,2607,14,362751
SWAY_PERF_OUTPUT,2608,10,362752
SWAY_PERF_OUTPUT,2609,8,362753
SWAY_PERF_OUTPUT,2610,14,362754
SWAY_PERF_OUTPUT,2611,8,362755
SWAY_PERF_OUTPUT,2612,4,362756
SWAY_PERF_OUTPUT,2613,-2,362757
SWAY_PERF_OUTPUT,2614,-15,362758
SWAY_PERF_OUTPUT,2615,-26,362759
SWAY_PERF_OUTPUT,2616,-28,362760
SWAY_PERF_OUTPUT,2617,-3,362761
SWAY_PERF_OUTPUT,2618,-15,362762
SWAY_PERF_OUTPUT,2619,-26,362763
SWAY_PERF_OUTPUT,2620,-28,362764
SWAY_PERF_OUTPUT,2621,15,362765
SWAY_PERF_FRAME,45,362709,362765
SWAY_PERF_INPUT_FRAME,49,356891,364490
SWAY_PERF_OUTPUT,2622,8,370309
SWAY_PERF_OUTPUT,2623,9,370310
SWAY_PERF_OUTPUT,2624,9,370311
SWAY_PERF_OUTPUT,2625,9,370312
SWAY_PERF_OUTPUT,2626,14,370313
SWAY_PERF_OUTPUT,2627,20,370314
SWAY_PERF_OUTPUT,2628,23,370315
SWAY_PERF_OUTPUT,2629,3,370316
SWAY_PERF_OUTPUT,2630,-4,370317
SWAY_PERF_OUTPUT,2631,-9,370318
SWAY_PERF_OUTPUT,2632,11,370319
SWAY_PERF_OUTPUT,2633,13,370320
SWAY_PERF_OUTPUT,2634,13,370321
SWAY_PERF_OUTPUT,2635,14,370322
SWAY_PERF_OUTPUT,2636,6,370323
SWAY_PERF_OUTPUT,2637,0,370324
SWAY_PERF_OUTPUT,2638,-5,370325
SWAY_PERF_OUTPUT,2639,-5,370326
SWAY_PERF_OUTPUT,2640,9,370327
SWAY_PERF_OUTPUT,2641,62,370328
SWAY_PERF_OUTPUT,2642,61,370329
SWAY_PERF_OUTPUT,2643,60,370330
SWAY_PERF_OUTPUT,2644,59,370331
SWAY_PERF_OUTPUT,2645,59,370332
SWAY_PERF_OUTPUT,2646,59,370333
SWAY_PERF_OUTPUT,2647,58,370334
SWAY_PERF_OUTPUT,2648,60,370335
SWAY_PERF_OUTPUT,2649,60,370336
SWAY_PERF_OUTPUT,2650,59,370337
SWAY_PERF_OUTPUT,2651,60,370338
SWAY_PERF_OUTPUT,2652,58,370339
SWAY_PERF_OUTPUT,2653,61,370340
SWAY_PERF_OUTPUT,2654,59,370341
SWAY_PERF_OUTPUT,2655,61,370342
SWAY_PERF_OUTPUT,2656,59,370343
SWAY_PERF_OUTPUT,2657,61,370344
SWAY_PERF_OUTPUT,2658,58,370345
SWAY_PERF_OUTPUT,2659,60,370346
SWAY_PERF_OUTPUT,2660,-8,370347
SWAY_PERF_OUTPUT,2661,2,370348
SWAY_PERF_OUTPUT,2662,11,370349
SWAY_PERF_OUTPUT,2663,15,370350
SWAY_PERF_OUTPUT,2664,8,370351
SWAY_PERF_OUTPUT,2665,6,370352
SWAY_PERF_OUTPUT,2666,5,370353
SWAY_PERF_OUTPUT,2667,8,370354
SWAY_PERF_OUTPUT,2668,6,370355
SWAY_PERF_OUTPUT,2669,8,370356
SWAY_PERF_OUTPUT,2670,-7,370357
SWAY_PERF_OUTPUT,2671,-16,370358
SWAY_PERF_OUTPUT,2672,-27,370359
SWAY_PERF_OUTPUT,2673,-29,370360
SWAY_PERF_OUTPUT,2674,-7,370361
SWAY_PERF_OUTPUT,2675,-14,370362
SWAY_PERF_OUTPUT,2676,-25,370363
SWAY_PERF_OUTPUT,2677,-27,370364
SWAY_PERF_OUTPUT,2678,9,370365
SWAY_PERF_FRAME,46,370309,370365
SWAY_PERF_INPUT_FRAME,50,364491,372090
SWAY_PERF_OUTPUT,2679,4,377909
SWAY_PERF_OUTPUT,2680,4,377910
SWAY_PERF_OUTPUT,2681,3,377911
SWAY_PERF_OUTPUT,2682,3,377912
SWAY_PERF_OUTPUT,2683,9,377913
SWAY_PERF_OUTPUT,2684,16,377914
SWAY_PERF_OUTPUT,2685,19,377915
SWAY_PERF_OUTPUT,2686,-2,377916
SWAY_PERF_OUTPUT,2687,-7,377917
SWAY_PERF_OUTPUT,2688,-8,377918
SWAY_PERF_OUTPUT,2689,7,377919
SWAY_PERF_OUTPUT,2690,11,377920
SWAY_PERF_OUTPUT,2691,13,377921
SWAY_PERF_OUTPUT,2692,14,377922
SWAY_PERF_OUTPUT,2693,2,377923
SWAY_PERF_OUTPUT,2694,-1,377924
SWAY_PERF_OUTPUT,2695,-2,377925
SWAY_PERF_OUTPUT,2696,-2,377926
SWAY_PERF_OUTPUT,2697,3,377927
SWAY_PERF_OUTPUT,2698,61,377928
SWAY_PERF_OUTPUT,2699,61,377929
SWAY_PERF_OUTPUT,2700,60,377930
SWAY_PERF_OUTPUT,2701,60,377931
SWAY_PERF_OUTPUT,2702,60,377932
SWAY_PERF_OUTPUT,2703,61,377933
SWAY_PERF_OUTPUT,2704,59,377934
SWAY_PERF_OUTPUT,2705,59,377935
SWAY_PERF_OUTPUT,2706,59,377936
SWAY_PERF_OUTPUT,2707,58,377937
SWAY_PERF_OUTPUT,2708,60,377938
SWAY_PERF_OUTPUT,2709,59,377939
SWAY_PERF_OUTPUT,2710,60,377940
SWAY_PERF_OUTPUT,2711,57,377941
SWAY_PERF_OUTPUT,2712,60,377942
SWAY_PERF_OUTPUT,2713,59,377943
SWAY_PERF_OUTPUT,2714,62,377944
SWAY_PERF_OUTPUT,2715,59,377945
SWAY_PERF_OUTPUT,2716,60,377946
SWAY_PERF_OUTPUT,2717,-6,377947
SWAY_PERF_OUTPUT,2718,4,377948
SWAY_PERF_OUTPUT,2719,14,377949
SWAY_PERF_OUTPUT,2720,18,377950
SWAY_PERF_OUTPUT,2721,11,377951
SWAY_PERF_OUTPUT,2722,10,377952
SWAY_PERF_OUTPUT,2723,11,377953
SWAY_PERF_OUTPUT,2724,10,377954
SWAY_PERF_OUTPUT,2725,6,377955
SWAY_PERF_OUTPUT,2726,5,377956
SWAY_PERF_OUTPUT,2727,-5,377957
SWAY_PERF_OUTPUT,2728,-15,377958
SWAY_PERF_OUTPUT,2729,-25,377959
SWAY_PERF_OUTPUT,2730,-28,377960
SWAY_PERF_OUTPUT,2731,-6,377961
SWAY_PERF_OUTPUT,2732,-15,377962
SWAY_PERF_OUTPUT,2733,-27,377963
SWAY_PERF_OUTPUT,2734,-29,377964
SWAY_PERF_OUTPUT,2735,12,377965
SWAY_PERF_FRAME,47,377909,377965
SWAY_PERF_INPUT_FRAME,51,372091,379690
SWAY_PERF_OUTPUT,2736,4,385509
SWAY_PERF_OUTPUT,2737,4,385510
SWAY_PERF_OUTPUT,2738,3,385511
SWAY_PERF_OUTPUT,2739,3,385512
SWAY_PERF_OUTPUT,2740,10,385513
SWAY_PERF_OUTPUT,2741,16,385514
SWAY_PERF_OUTPUT,2742,21,385515
SWAY_PERF_OUTPUT,2743,-3,385516
SWAY_PERF_OUTPUT,2744,-10,385517
SWAY_PERF_OUTPUT,2745,-15,385518
SWAY_PERF_OUTPUT,2746,7,385519
SWAY_PERF_OUTPUT,2747,11,385520
SWAY_PERF_OUTPUT,2748,15,385521
SWAY_PERF_OUTPUT,2749,15,385522
SWAY_PERF_OUTPUT,2750,2,385523
SWAY_PERF_OUTPUT,2751,-2,385524
SWAY_PERF_OUTPUT,2752,-5,385525
SWAY_PERF_OUTPUT,2753,-5,385526
SWAY_PERF_OUTPUT,2754,3,385527
SWAY_PERF_OUTPUT,2755,63,385528
SWAY_PERF_OUTPUT,2756,62,385529
SWAY_PERF_OUTPUT,2757,61,385530
SWAY_PERF_OUTPUT,2758,61,385531
SWAY_PERF_OUTPUT,2759,62,385532
SWAY_PERF_OUTPUT,2760,62,385533
SWAY_PERF_OUTPUT,2761,60,385534
SWAY_PERF_OUTPUT,2762,61,385535
SWAY_PERF_OUTPUT,2763,61,385536
SWAY_PERF_OUTPUT,2764,60,385537
SWAY_PERF_OUTPUT,2765,61,385538
SWAY_PERF_OUTPUT,2766,60,385539
SWAY_PERF_OUTPUT,2767,61,385540
SWAY_PERF_OUTPUT,2768,59,385541
SWAY_PERF_OUTPUT,2769,61,385542
SWAY_PERF_OUTPUT,2770,61,385543
SWAY_PERF_OUTPUT,2771,63,385544
SWAY_PERF_OUTPUT,2772,60,385545
SWAY_PERF_OUTPUT,2773,61,385546
SWAY_PERF_OUTPUT,2774,-4,385547
SWAY_PERF_OUTPUT,2775,6,385548
SWAY_PERF_OUTPUT,2776,17,385549
SWAY_PERF_OUTPUT,2777,21,385550
SWAY_PERF_OUTPUT,2778,13,385551
SWAY_PERF_OUTPUT,2779,13,385552
SWAY_PERF_OUTPUT,2780,14,385553
SWAY_PERF_OUTPUT,2781,13,385554
SWAY_PERF_OUTPUT,2782,12,385555
SWAY_PERF_OUTPUT,2783,15,385556
SWAY_PERF_OUTPUT,2784,-3,385557
SWAY_PERF_OUTPUT,2785,-14,385558
SWAY_PERF_OUTPUT,2786,-26,385559
SWAY_PERF_OUTPUT,2787,-28,385560
SWAY_PERF_OUTPUT,2788,-3,385561
SWAY_PERF_OUTPUT,2789,-14,385562
SWAY_PERF_OUTPUT,2790,-26,385563
SWAY_PERF_OUTPUT,2791,-28,385564
SWAY_PERF_OUTPUT,2792,14,385565
SWAY_PERF_FRAME,48,385509,385565
SWAY_PERF_INPUT_FRAME,52,379691,387290
SWAY_PERF_OUTPUT,2793,8,393109
SWAY_PERF_OUTPUT,2794,9,393110
SWAY_PERF_OUTPUT,2795,8,393111
SWAY_PERF_OUTPUT,2796,8,393112
SWAY_PERF_OUTPUT,2797,14,393113
SWAY_PERF_OUTPUT,2798,19,393114
SWAY_PERF_OUTPUT,2799,21,393115
SWAY_PERF_OUTPUT,2800,3,393116
SWAY_PERF_OUTPUT,2801,0,393117
SWAY_PERF_OUTPUT,2802,-3,393118
SWAY_PERF_OUTPUT,2803,10,393119
SWAY_PERF_OUTPUT,2804,12,393120
SWAY_PERF_OUTPUT,2805,12,393121
SWAY_PERF_OUTPUT,2806,12,393122
SWAY_PERF_OUTPUT,2807,6,393123
SWAY_PERF_OUTPUT,2808,3,393124
SWAY_PERF_OUTPUT,2809,0,393125
SWAY_PERF_OUTPUT,2810,-1,393126
SWAY_PERF_OUTPUT,2811,9,393127
SWAY_PERF_OUTPUT,2812,61,393128
SWAY_PERF_OUTPUT,2813,62,393129
SWAY_PERF_OUTPUT,2814,61,393130
SWAY_PERF_OUTPUT,2815,61,393131
SWAY_PERF_OUTPUT,2816,61,393132
SWAY_PERF_OUTPUT,2817,61,393133
SWAY_PERF_OUTPUT,2818,59,393134
SWAY_PERF_OUTPUT,2819,60,393135
SWAY_PERF_OUTPUT,2820,61,393136
SWAY_PERF_OUTPUT,2821,60,393137
SWAY_PERF_OUTPUT,2822,60,393138
SWAY_PERF_OUTPUT,2823,60,393139
SWAY_PERF_OUTPUT,2824,62,393140
SWAY_PERF_OUTPUT,2825,60,393141
SWAY_PERF_OUTPUT,2826,61,393142
SWAY_PERF_OUTPUT,2827,61,393143
SWAY_PERF_OUTPUT,2828,62,393144
SWAY_PERF_OUTPUT,2829,58,393145
SWAY_PERF_OUTPUT,2830,61,393146
SWAY_PERF_OUTPUT,2831,-6,393147
SWAY_PERF_OUTPUT,2832,3,393148
SWAY_PERF_OUTPUT,2833,14,393149
SWAY_PERF_OUTPUT,2834,17,393150
SWAY_PERF_OUTPUT,2835,10,393151
SWAY_PERF_OUTPUT,2836,7,393152
SWAY_PERF_OUTPUT,2837,6,393153
SWAY_PERF_OUTPUT,2838,9,393154
SWAY_PERF_OUTPUT,2839,4,393155
SWAY_PERF_OUTPUT,2840,1,393156
SWAY_PERF_OUTPUT,2841,-6,393157
SWAY_PERF_OUTPUT,2842,-16,393158
SWAY_PERF_OUTPUT,2843,-27,393159
SWAY_PERF_OUTPUT,2844,-29,393160
SWAY_PERF_OUTPUT,2845,-6,393161
SWAY_PERF_OUTPUT,2846,-15,393162
SWAY_PERF_OUTPUT,2847,-26,393163
SWAY_PERF_OUTPUT,2848,-28,393164
SWAY_PERF_OUTPUT,2849,11,393165
SWAY_PERF_FRAME,49,393109,393165
SWAY_PERF_INPUT_FRAME,53,387291,394890
SWAY_PERF_OUTPUT,2850,9,400709
SWAY_PERF_OUTPUT,2851,9,400710
SWAY_PERF_OUTPUT,2852,8,400711
SWAY_PERF_OUTPUT,2853,9,400712
SWAY_PERF_OUTPUT,2854,15,400713
SWAY_PERF_OUTPUT,2855,18,400714
SWAY_PERF_OUTPUT,2856,19,400715
SWAY_PERF_OUTPUT,2857,4,400716
SWAY_PERF_OUTPUT,2858,-2,400717
SWAY_PERF_OUTPUT,2859,-5,400718
SWAY_PERF_OUTPUT,2860,10,400719
SWAY_PERF_OUTPUT,2861,11,400720
SWAY_PERF_OUTPUT,2862,11,400721
SWAY_PERF_OUTPUT,2863,11,400722
SWAY_PERF_OUTPUT,2864,6,400723
SWAY_PERF_OUTPUT,2865,4,400724
SWAY_PERF_OUTPUT,2866,2,400725
SWAY_PERF_OUTPUT,2867,2,400726
SWAY_PERF_OUTPUT,2868,9,400727
SWAY_PERF_OUTPUT,2869,64,400728
SWAY_PERF_OUTPUT,2870,65,400729
SWAY_PERF_OUTPUT,2871,65,400730
SWAY_PERF_OUTPUT,2872,65,400731
SWAY_PERF_OUTPUT,2873,65,400732
SWAY_PERF_OUTPUT,2874,66,400733
SWAY_PERF_OUTPUT,2875,64,400734
SWAY_PERF_OUTPUT,2876,64,400735
SWAY_PERF_OUTPUT,2877,65,400736
SWAY_PERF_OUTPUT,2878,63,400737
SWAY_PERF_OUTPUT,2879,63,400738
SWAY_PERF_OUTPUT,2880,65,400739
SWAY_PERF_OUTPUT,2881,63,400740
SWAY_PERF_OUTPUT,2882,61,400741
SWAY_PERF_OUTPUT,2883,63,400742
SWAY_PERF_OUTPUT,2884,67,400743
SWAY_PERF_OUTPUT,2885,66,400744
SWAY_PERF_OUTPUT,2886,63,400745
SWAY_PERF_OUTPUT,2887,65,400746
SWAY_PERF_OUTPUT,2888,-2,400747
SWAY_PERF_OUTPUT,2889,9,400748
SWAY_PERF_OUTPUT,2890,20,400749
SWAY_PERF_OUTPUT,2891,25,400750
SWAY_PERF_OUTPUT,2892,16,400751
SWAY_PERF_OUTPUT,2893,9,400752
SWAY_PERF_OUTPUT,2894,5,400753
SWAY_PERF_OUTPUT,2895,15,400754
SWAY_PERF_OUTPUT,2896,12,400755
SWAY_PERF_OUTPUT,2897,8,400756
SWAY_PERF_OUTPUT,2898,-1,400757
SWAY_PERF_OUTPUT,2899,-15,400758
SWAY_PERF_OUTPUT,2900,-28,400759
SWAY_PERF_OUTPUT,2901,-30,400760
SWAY_PERF_OUTPUT,2902,-1,400761
SWAY_PERF_OUTPUT,2903,-15,400762
SWAY_PERF_OUTPUT,2904,-25,400763
SWAY_PERF_OUTPUT,2905,-29,400764
SWAY_PERF_OUTPUT,2906,17,400765
SWAY_PERF_FRAME,50,400709,400765
SWAY_PERF_INPUT_FRAME,54,394891,402490
SWAY_PERF_OUTPUT,2907,45,408309
SWAY_PERF_OUTPUT,2908,127,408310
SWAY_PERF_OUTPUT,2909,-30,408311
SWAY_PERF_OUTPUT,2910,40,408312
SWAY_PERF_OUTPUT,2911,34,408313
SWAY_PERF_OUTPUT,2912,87,408314
SWAY_PERF_OUTPUT,2913,0,408315
SWAY_PERF_OUTPUT,2914,38,408316
SWAY_PERF_OUTPUT,2915,77,408317
SWAY_PERF_OUTPUT,2916,-2,408318
SWAY_PERF_OUTPUT,2917,28,408319
SWAY_PERF_OUTPUT,2918,70,408320
SWAY_PERF_OUTPUT,2919,-24,408321
SWAY_PERF_OUTPUT,2920,31,408322
SWAY_PERF_OUTPUT,2921,50,408323
SWAY_PERF_OUTPUT,2922,123,408324
SWAY_PERF_OUTPUT,2923,38,408325
SWAY_PERF_OUTPUT,2924,95,408326
SWAY_PERF_OUTPUT,2925,56,408327
SWAY_PERF_OUTPUT,2926,-18,408328
SWAY_PERF_OUTPUT,2927,-5,408329
SWAY_PERF_OUTPUT,2928,-13,408330
SWAY_PERF_OUTPUT,2929,72,408331
SWAY_PERF_OUTPUT,2930,46,408332
SWAY_PERF_OUTPUT,2931,35,408333
SWAY_PERF_OUTPUT,2932,17,408334
SWAY_PERF_OUTPUT,2933,-75,408335
SWAY_PERF_OUTPUT,2934,-6,408336
SWAY_PERF_OUTPUT,2935,-39,408337
SWAY_PERF_OUTPUT,2936,-28,408338
SWAY_PERF_OUTPUT,2937,-27,408339
SWAY_PERF_OUTPUT,2938,-60,408340
SWAY_PERF_OUTPUT,2939,-2,408341
SWAY_PERF_OUTPUT,2940,27,408342
SWAY_PERF_OUTPUT,2941,71,408343
SWAY_PERF_OUTPUT,2942,117,408344
SWAY_PERF_OUTPUT,2943,-2,408345
SWAY_PERF_OUTPUT,2944,-19,408346
SWAY_PERF_OUTPUT,2945,25,408347
SWAY_PERF_OUTPUT,2946,34,408348
SWAY_PERF_OUTPUT,2947,-36,408349
SWAY_PERF_OUTPUT,2948,21,408350
SWAY_PERF_OUTPUT,2949,-36,408351
SWAY_PERF_OUTPUT,2950,96,408352
SWAY_PERF_OUTPUT,2951,-49,408353
SWAY_PERF_OUTPUT,2952,50,408354
SWAY_PERF_OUTPUT,2953,-42,408355
SWAY_PERF_OUTPUT,2954,-96,408356
SWAY_PERF_OUTPUT,2955,0,408357
SWAY_PERF_OUTPUT,2956,27,408358
SWAY_PERF_OUTPUT,2957,-37,408359
SWAY_PERF_OUTPUT,2958,77,408360
SWAY_PERF_OUTPUT,2959,44,408361
SWAY_PERF_OUTPUT,2960,0,408362
SWAY_PERF_OUTPUT,2961,-56,408363
SWAY_PERF_OUTPUT,2962,-77,408364
SWAY_PERF_OUTPUT,2963,42,408365
SWAY_PERF_FRAME,51,408309,408365
SWAY_PERF_INPUT_FRAME,55,402491,410090
SWAY_PERF_OUTPUT,2964,21,415909
SWAY_PERF_OUTPUT,2965,1,415910
SWAY_PERF_OUTPUT,2966,5,415911
SWAY_PERF_OUTPUT,2967,-3,415912
SWAY_PERF_OUTPUT,2968,23,415913
SWAY_PERF_OUTPUT,2969,34,415914
SWAY_PERF_OUTPUT,2970,42,415915
SWAY_PERF_OUTPUT,2971,-2,415916
SWAY_PERF_OUTPUT,2972,-9,415917
SWAY_PERF_OUTPUT,2973,0,415918
SWAY_PERF_OUTPUT,2974,8,415919
SWAY_PERF_OUTPUT,2975,16,415920
SWAY_PERF_OUTPUT,2976,59,415921
SWAY_PERF_OUTPUT,2977,41,415922
SWAY_PERF_OUTPUT,2978,9,415923
SWAY_PERF_OUTPUT,2979,9,415924
SWAY_PERF_OUTPUT,2980,12,415925
SWAY_PERF_OUTPUT,2981,20,415926
SWAY_PERF_OUTPUT,2982,14,415927
SWAY_PERF_OUTPUT,2983,101,415928
SWAY_PERF_OUTPUT,2984,109,415929
SWAY_PERF_OUTPUT,2985,111,415930
SWAY_PERF_OUTPUT,2986,108,415931
SWAY_PERF_OUTPUT,2987,118,415932
SWAY_PERF_OUTPUT,2988,113,415933
SWAY_PERF_OUTPUT,2989,96,415934
SWAY_PERF_OUTPUT,2990,121,415935
SWAY_PERF_OUTPUT,2991,111,415936
SWAY_PERF_OUTPUT,2992,120,415937
SWAY_PERF_OUTPUT,2993,99,415938
SWAY_PERF_OUTPUT,2994,127,415939
SWAY_PERF_OUTPUT,2995,126,415940
SWAY_PERF_OUTPUT,2996,112,415941
SWAY_PERF_OUTPUT,2997,115,415942
SWAY_PERF_OUTPUT,2998,127,415943
SWAY_PERF_OUTPUT,2999,98,415944
SWAY_PERF_OUTPUT,3000,103,415945
SWAY_PERF_OUTPUT,3001,127,415946
SWAY_PERF_OUTPUT,3002,35,415947
SWAY_PERF_OUTPUT,3003,57,415948
SWAY_PERF_OUTPUT,3004,75,415949
SWAY_PERF_OUTPUT,3005,88,415950
SWAY_PERF_OUTPUT,3006,62,415951
SWAY_PERF_OUTPUT,3007,70,415952
SWAY_PERF_OUTPUT,3008,104,415953
SWAY_PERF_OUTPUT,3009,60,415954
SWAY_PERF_OUTPUT,3010,31,415955
SWAY_PERF_OUTPUT,3011,8,415956
SWAY_PERF_OUTPUT,3012,19,415957
SWAY_PERF_OUTPUT,3013,-29,415958
SWAY_PERF_OUTPUT,3014,-52,415959
SWAY_PERF_OUTPUT,3015,-46,415960
SWAY_PERF_OUTPUT,3016,31,415961
SWAY_PERF_OUTPUT,3017,-32,415962
SWAY_PERF_OUTPUT,3018,-54,415963
SWAY_PERF_OUTPUT,3019,-38,415964
SWAY_PERF_OUTPUT,3020,68,415965
SWAY_PERF_FRAME,52,415909,415965
SWAY_PERF_INPUT_FRAME,56,410091,417690
SWAY_PERF_OUTPUT,3021,61,423509
SWAY_PERF_OUTPUT,3022,72,423510
SWAY_PERF_OUTPUT,3023,58,423511
SWAY_PERF_OUTPUT,3024,63,423512
SWAY_PERF_OUTPUT,3025,71,423513
SWAY_PERF_OUTPUT,3026,59,423514
SWAY_PERF_OUTPUT,3027,17,423515
SWAY_PERF_OUTPUT,3028,69,423516
SWAY_PERF_OUTPUT,3029,80,423517
SWAY_PERF_OUTPUT,3030,102,423518
SWAY_PERF_OUTPUT,3031,53,423519
SWAY_PERF_OUTPUT,3032,68,423520
SWAY_PERF_OUTPUT,3033,58,423521
SWAY_PERF_OUTPUT,3034,56,423522
SWAY_PERF_OUTPUT,3035,48,423523
SWAY_PERF_OUTPUT,3036,37,423524
SWAY_PERF_OUTPUT,3037,13,423525
SWAY_PERF_OUTPUT,3038,20,423526
SWAY_PERF_OUTPUT,3039,73,423527
SWAY_PERF_OUTPUT,3040,118,423528
SWAY_PERF_OUTPUT,3041,127,423529
SWAY_PERF_OUTPUT,3042,127,423530
SWAY_PERF_OUTPUT,3043,127,423531
SWAY_PERF_OUTPUT,3044,127,423532
SWAY_PERF_OUTPUT,3045,116,423533
SWAY_PERF_OUTPUT,3046,88,423534
SWAY_PERF_OUTPUT,3047,127,423535
SWAY_PERF_OUTPUT,3048,120,423536
SWAY_PERF_OUTPUT,3049,119,423537
SWAY_PERF_OUTPUT,3050,127,423538
SWAY_PERF_OUTPUT,3051,110,423539
SWAY_PERF_OUTPUT,3052,121,423540
SWAY_PERF_OUTPUT,3053,118,423541
SWAY_PERF_OUTPUT,3054,127,423542
SWAY_PERF_OUTPUT,3055,127,423543
SWAY_PERF_OUTPUT,3056,127,423544
SWAY_PERF_OUTPUT,3057,127,423545
SWAY_PERF_OUTPUT,3058,127,423546
SWAY_PERF_OUTPUT,3059,-21,423547
SWAY_PERF_OUTPUT,3060,-2,423548
SWAY_PERF_OUTPUT,3061,32,423549
SWAY_PERF_OUTPUT,3062,32,423550
SWAY_PERF_OUTPUT,3063,17,423551
SWAY_PERF_OUTPUT,3064,-14,423552
SWAY_PERF_OUTPUT,3065,-22,423553
SWAY_PERF_OUTPUT,3066,-12,423554
SWAY_PERF_OUTPUT,3067,-47,423555
SWAY_PERF_OUTPUT,3068,-38,423556
SWAY_PERF_OUTPUT,3069,-36,423557
SWAY_PERF_OUTPUT,3070,-46,423558
SWAY_PERF_OUTPUT,3071,-81,423559
SWAY_PERF_OUTPUT,3072,-67,423560
SWAY_PERF_OUTPUT,3073,-17,423561
SWAY_PERF_OUTPUT,3074,-41,423562
SWAY_PERF_OUTPUT,3075,-65,423563
SWAY_PERF_OUTPUT,3076,-78,423564
SWAY_PERF_OUTPUT,3077,21,423565
SWAY_PERF_FRAME,53,423509,423565
SWAY_PERF_INPUT_FRAME,57,417691,425290
SWAY_PERF_OUTPUT,3078,7,431109
SWAY_PERF_OUTPUT,3079,7,431110
SWAY_PERF_OUTPUT,3080,6,431111
SWAY_PERF_OUTPUT,3081,6,431112
SWAY_PERF_OUTPUT,3082,12,431113
SWAY_PERF_OUTPUT,3083,16,431114
SWAY_PERF_OUTPUT,3084,19,431115
SWAY_PERF_OUTPUT,3085,1,431116
SWAY_PERF_OUTPUT,3086,-2,431117
SWAY_PERF_OUTPUT,3087,-3,431118
SWAY_PERF_OUTPUT,3088,9,431119
SWAY_PERF_OUTPUT,3089,10,431120
SWAY_PERF_OUTPUT,3090,11,431121
SWAY_PERF_OUTPUT,3091,11,431122
SWAY_PERF_OUTPUT,3092,4,431123
SWAY_PERF_OUTPUT,3093,2,431124
SWAY_PERF_OUTPUT,3094,0,431125
SWAY_PERF_OUTPUT,3095,0,431126
SWAY_PERF_OUTPUT,3096,7,431127
SWAY_PERF_OUTPUT,3097,63,431128
SWAY_PERF_OUTPUT,3098,63,431129
SWAY_PERF_OUTPUT,3099,63,431130
SWAY_PERF_OUTPUT,3100,62,431131
SWAY_PERF_OUTPUT,3101,62,431132
SWAY_PERF_OUTPUT,3102,63,431133
SWAY_PERF_OUTPUT,3103,61,431134
SWAY_PERF_OUTPUT,3104,62,431135
SWAY_PERF_OUTPUT,3105,63,431136
SWAY_PERF_OUTPUT,3106,61,431137
SWAY_PERF_OUTPUT,3107,62,431138
SWAY_PERF_OUTPUT,3108,62,431139
SWAY_PERF_OUTPUT,3109,63,431140
SWAY_PERF_OUTPUT,3110,61,431141
SWAY_PERF_OUTPUT,3111,62,431142
SWAY_PERF_OUTPUT,3112,62,431143
SWAY_PERF_OUTPUT,3113,63,431144
SWAY_PERF_OUTPUT,3114,60,431145
SWAY_PERF_OUTPUT,3115,63,431146
SWAY_PERF_OUTPUT,3116,-7,431147
SWAY_PERF_OUTPUT,3117,2,431148
SWAY_PERF_OUTPUT,3118,13,431149
SWAY_PERF_OUTPUT,3119,17,431150
SWAY_PERF_OUTPUT,3120,9,431151
SWAY_PERF_OUTPUT,3121,5,431152
SWAY_PERF_OUTPUT,3122,2,431153
SWAY_PERF_OUTPUT,3123,9,431154
SWAY_PERF_OUTPUT,3124,2,431155
SWAY_PERF_OUTPUT,3125,-4,431156
SWAY_PERF_OUTPUT,3126,-7,431157
SWAY_PERF_OUTPUT,3127,-17,431158
SWAY_PERF_OUTPUT,3128,-28,431159
SWAY_PERF_OUTPUT,3129,-29,431160
SWAY_PERF_OUTPUT,3130,-7,431161
SWAY_PERF_OUTPUT,3131,-16,431162
SWAY_PERF_OUTPUT,3132,-27,431163
SWAY_PERF_OUTPUT,3133,-29,431164
SWAY_PERF_OUTPUT,3134,10,431165
SWAY_PERF_FRAME,54,431109,431165
SWAY_PERF_INPUT_FRAME,58,425291,432890
SWAY_PERF_OUTPUT,3135,7,438709
SWAY_PERF_OUTPUT,3136,7,438710
SWAY_PERF_OUTPUT,3137,6,438711
SWAY_PERF_OUTPUT,3138,6,438712
SWAY_PERF_OUTPUT,3139,12,438713
SWAY_PERF_OUTPUT,3140,16,438714
SWAY_PERF_OUTPUT,3141,19,438715
SWAY_PERF_OUTPUT,3142,1,438716
SWAY_PERF_OUTPUT,3143,-2,438717
SWAY_PERF_OUTPUT,3144,-3,438718
SWAY_PERF_OUTPUT,3145,9,438719
SWAY_PERF_OUTPUT,3146,10,438720
SWAY_PERF_OUTPUT,3147,11,438721
SWAY_PERF_OUTPUT,3148,11,438722
SWAY_PERF_OUTPUT,3149,4,438723
SWAY_PERF_OUTPUT,3150,2,438724
SWAY_PERF_OUTPUT,3151,0,438725
SWAY_PERF_OUTPUT,3152,0,438726
SWAY_PERF_OUTPUT,3153,7,438727
SWAY_PERF_OUTPUT,3154,63,438728
SWAY_PERF_OUTPUT,3155,63,438729
SWAY_PERF_OUTPUT,3156,63,438730
SWAY_PERF_OUTPUT,3157,62,438731
SWAY_PERF_OUTPUT,3158,62,438732
SWAY_PERF_OUTPUT,3159,63,438733
SWAY_PERF_OUTPUT,3160,61,438734
SWAY_PERF_OUTPUT,3161,62,438735
SWAY_PERF_OUTPUT,3162,63,438736
SWAY_PERF_OUTPUT,3163,61,438737
SWAY_PERF_OUTPUT,3164,62,438738
SWAY_PERF_OUTPUT,3165,62,438739
SWAY_PERF_OUTPUT,3166,63,438740
SWAY_PERF_OUTPUT,3167,61,438741
SWAY_PERF_OUTPUT,3168,62,438742
SWAY_PERF_OUTPUT,3169,62,438743
SWAY_PERF_OUTPUT,3170,63,438744
SWAY_PERF_OUTPUT,3171,60,438745
SWAY_PERF_OUTPUT,3172,63,438746
SWAY_PERF_OUTPUT,3173,-7,438747
SWAY_PERF_OUTPUT,3174,2,438748
SWAY_PERF_OUTPUT,3175,13,438749
SWAY_PERF_OUTPUT,3176,17,438750
SWAY_PERF_OUTPUT,3177,9,438751
SWAY_PERF_OUTPUT,3178,5,438752
SWAY_PERF_OUTPUT,3179,2,438753
SWAY_PERF_OUTPUT,3180,9,438754
SWAY_PERF_OUTPUT,3181,2,438755
SWAY_PERF_OUTPUT,3182,-4,438756
SWAY_PERF_OUTPUT,3183,-7,438757
SWAY_PERF_OUTPUT,3184,-17,438758
SWAY_PERF_OUTPUT,3185,-28,438759
SWAY_PERF_OUTPUT,3186,-29,438760
SWAY_PERF_OUTPUT,3187,-7,438761
SWAY_PERF_OUTPUT,3188,-16,438762
SWAY_PERF_OUTPUT,3189,-27,438763
SWAY_PERF_OUTPUT,3190,-29,438764
SWAY_PERF_OUTPUT,3191,10,438765
SWAY_PERF_FRAME,55,438709,438765
SWAY_PERF_INPUT_FRAME,59,432891,440490
SWAY_PERF_OUTPUT,3192,7,446309
SWAY_PERF_OUTPUT,3193,7,446310
SWAY_PERF_OUTPUT,3194,6,446311
SWAY_PERF_OUTPUT,3195,6,446312
SWAY_PERF_OUTPUT,3196,12,446313
SWAY_PERF_OUTPUT,3197,16,446314
SWAY_PERF_OUTPUT,3198,19,446315
SWAY_PERF_OUTPUT,3199,1,446316
SWAY_PERF_OUTPUT,3200,-2,446317
SWAY_PERF_OUTPUT,3201,-3,446318
SWAY_PERF_OUTPUT,3202,9,446319
SWAY_PERF_OUTPUT,3203,10,446320
SWAY_PERF_OUTPUT,3204,11,446321
SWAY_PERF_OUTPUT,3205,11,446322
SWAY_PERF_OUTPUT,3206,4,446323
SWAY_PERF_OUTPUT,3207,2,446324
SWAY_PERF_OUTPUT,3208,0,446325
SWAY_PERF_OUTPUT,3209,0,446326
SWAY_PERF_OUTPUT,3210,7,446327
SWAY_PERF_OUTPUT,3211,63,446328
SWAY_PERF_OUTPUT,3212,63,446329
SWAY_PERF_OUTPUT,3213,63,446330
SWAY_PERF_OUTPUT,3214,62,446331
SWAY_PERF_OUTPUT,3215,62,446332
SWAY_PERF_OUTPUT,3216,63,446333
SWAY_PERF_OUTPUT,3217,61,446334
SWAY_PERF_OUTPUT,3218,62,446335
SWAY_PERF_OUTPUT,3219,63,446336
SWAY_PERF_OUTPUT,3220,61,446337
SWAY_PERF_OUTPUT,3221,62,446338
SWAY_PERF_OUTPUT,3222,62,446339
SWAY_PERF_OUTPUT,3223,63,446340
SWAY_PERF_OUTPUT,3224,61,446341
SWAY_PERF_OUTPUT,3225,62,446342
SWAY_PERF_OUTPUT,3226,62,446343
SWAY_PERF_OUTPUT,3227,63,446344
SWAY_PERF_OUTPUT,3228,60,446345
SWAY_PERF_OUTPUT,3229,63,446346
SWAY_PERF_OUTPUT,3230,-7,446347
SWAY_PERF_OUTPUT,3231,2,446348
SWAY_PERF_OUTPUT,3232,13,446349
SWAY_PERF_OUTPUT,3233,17,446350
SWAY_PERF_OUTPUT,3234,9,446351
SWAY_PERF_OUTPUT,3235,5,446352
SWAY_PERF_OUTPUT,3236,2,446353
SWAY_PERF_OUTPUT,3237,9,446354
SWAY_PERF_OUTPUT,3238,2,446355
SWAY_PERF_OUTPUT,3239,-4,446356
SWAY_PERF_OUTPUT,3240,-7,446357
SWAY_PERF_OUTPUT,3241,-17,446358
SWAY_PERF_OUTPUT,3242,-28,446359
SWAY_PERF_OUTPUT,3243,-29,446360
SWAY_PERF_OUTPUT,3244,-7,446361
SWAY_PERF_OUTPUT,3245,-16,446362
SWAY_PERF_OUTPUT,3246,-27,446363
SWAY_PERF_OUTPUT,3247,-29,446364
SWAY_PERF_OUTPUT,3248,10,446365
SWAY_PERF_FRAME,56,446309,446365
SWAY_PERF_INPUT_FRAME,60,440491,448090
SWAY_PERF_OUTPUT,3249,7,453909
SWAY_PERF_OUTPUT,3250,8,453910
SWAY_PERF_OUTPUT,3251,8,453911
SWAY_PERF_OUTPUT,3252,8,453912
SWAY_PERF_OUTPUT,3253,13,453913
SWAY_PERF_OUTPUT,3254,17,453914
SWAY_PERF_OUTPUT,3255,20,453915
SWAY_PERF_OUTPUT,3256,2,453916
SWAY_PERF_OUTPUT,3257,-2,453917
SWAY_PERF_OUTPUT,3258,-5,453918
SWAY_PERF_OUTPUT,3259,10,453919
SWAY_PERF_OUTPUT,3260,11,453920
SWAY_PERF_OUTPUT,3261,10,453921
SWAY_PERF_OUTPUT,3262,11,453922
SWAY_PERF_OUTPUT,3263,5,453923
SWAY_PERF_OUTPUT,3264,3,453924
SWAY_PERF_OUTPUT,3265,0,453925
SWAY_PERF_OUTPUT,3266,0,453926
SWAY_PERF_OUTPUT,3267,8,453927
SWAY_PERF_OUTPUT,3268,62,453928
SWAY_PERF_OUTPUT,3269,62,453929
SWAY_PERF_OUTPUT,3270,62,453930
SWAY_PERF_OUTPUT,3271,62,453931
SWAY_PERF_OUTPUT,3272,62,453932
SWAY_PERF_OUTPUT,3273,62,453933
SWAY_PERF_OUTPUT,3274,60,453934
SWAY_PERF_OUTPUT,3275,61,453935
SWAY_PERF_OUTPUT,3276,61,453936
SWAY_PERF_OUTPUT,3277,60,453937
SWAY_PERF_OUTPUT,3278,61,453938
SWAY_PERF_OUTPUT,3279,60,453939
SWAY_PERF_OUTPUT,3280,62,453940
SWAY_PERF_OUTPUT,3281,59,453941
SWAY_PERF_OUTPUT,3282,61,453942
SWAY_PERF_OUTPUT,3283,61,453943
SWAY_PERF_OUTPUT,3284,64,453944
SWAY_PERF_OUTPUT,3285,60,453945
SWAY_PERF_OUTPUT,3286,62,453946
SWAY_PERF_OUTPUT,3287,-6,453947
SWAY_PERF_OUTPUT,3288,4,453948
SWAY_PERF_OUTPUT,3289,14,453949
SWAY_PERF_OUTPUT,3290,18,453950
SWAY_PERF_OUTPUT,3291,10,453951
SWAY_PERF_OUTPUT,3292,6,453952
SWAY_PERF_OUTPUT,3293,-1,453953
SWAY_PERF_OUTPUT,3294,10,453954
SWAY_PERF_OUTPUT,3295,4,453955
SWAY_PERF_OUTPUT,3296,-1,453956
SWAY_PERF_OUTPUT,3297,-5,453957
SWAY_PERF_OUTPUT,3298,-16,453958
SWAY_PERF_OUTPUT,3299,-26,453959
SWAY_PERF_OUTPUT,3300,-29,453960
SWAY_PERF_OUTPUT,3301,-6,453961
SWAY_PERF_OUTPUT,3302,-15,453962
SWAY_PERF_OUTPUT,3303,-26,453963
SWAY_PERF_OUTPUT,3304,-28,453964
SWAY_PERF_OUTPUT,3305,11,453965
SWAY_PERF_FRAME,57,453909,453965
SWAY_PERF_INPUT_FRAME,61,448091,455690
SWAY_PERF_OUTPUT,3306,8,461509
SWAY_PERF_OUTPUT,3307,9,461510
SWAY_PERF_OUTPUT,3308,8,461511
SWAY_PERF_OUTPUT,3309,9,461512
SWAY_PERF_OUTPUT,3310,13,461513
SWAY_PERF_OUTPUT,3311,16,461514
SWAY_PERF_OUTPUT,3312,15,461515
SWAY_PERF_OUTPUT,3313,4,461516
SWAY_PERF_OUTPUT,3314,1,461517
SWAY_PERF_OUTPUT,3315,0,461518
SWAY_PERF_OUTPUT,3316,10,461519
SWAY_PERF_OUTPUT,3317,10,461520
SWAY_PERF_OUTPUT,3318,8,461521
SWAY_PERF_OUTPUT,3319,8,461522
SWAY_PERF_OUTPUT,3320,6,461523
SWAY_PERF_OUTPUT,3321,4,461524
SWAY_PERF_OUTPUT,3322,2,461525
SWAY_PERF_OUTPUT,3323,1,461526
SWAY_PERF_OUTPUT,3324,9,461527
SWAY_PERF_OUTPUT,3325,63,461528
SWAY_PERF_OUTPUT,3326,63,461529
SWAY_PERF_OUTPUT,3327,63,461530
SWAY_PERF_OUTPUT,3328,63,461531
SWAY_PERF_OUTPUT,3329,62,461532
SWAY_PERF_OUTPUT,3330,62,461533
SWAY_PERF_OUTPUT,3331,60,461534
SWAY_PERF_OUTPUT,3332,62,461535
SWAY_PERF_OUTPUT,3333,64,461536
SWAY_PERF_OUTPUT,3334,62,461537
SWAY_PERF_OUTPUT,3335,62,461538
SWAY_PERF_OUTPUT,3336,62,461539
SWAY_PERF_OUTPUT,3337,63,461540
SWAY_PERF_OUTPUT,3338,62,461541
SWAY_PERF_OUTPUT,3339,62,461542
SWAY_PERF_OUTPUT,3340,62,461543
SWAY_PERF_OUTPUT,3341,63,461544
SWAY_PERF_OUTPUT,3342,59,461545
SWAY_PERF_OUTPUT,3343,63,461546
SWAY_PERF_OUTPUT,3344,-8,461547
SWAY_PERF_OUTPUT,3345,2,461548
SWAY_PERF_OUTPUT,3346,13,461549
SWAY_PERF_OUTPUT,3347,17,461550
SWAY_PERF_OUTPUT,3348,9,461551
SWAY_PERF_OUTPUT,3349,2,461552
SWAY_PERF_OUTPUT,3350,-4,461553
SWAY_PERF_OUTPUT,3351,8,461554
SWAY_PERF_OUTPUT,3352,2,461555
SWAY_PERF_OUTPUT,3353,-4,461556
SWAY_PERF_OUTPUT,3354,-7,461557
SWAY_PERF_OUTPUT,3355,-17,461558
SWAY_PERF_OUTPUT,3356,-28,461559
SWAY_PERF_OUTPUT,3357,-30,461560
SWAY_PERF_OUTPUT,3358,-7,461561
SWAY_PERF_OUTPUT,3359,-16,461562
SWAY_PERF_OUTPUT,3360,-26,461563
SWAY_PERF_OUTPUT,3361,-29,461564
SWAY_PERF_OUTPUT,3362,10,461565
SWAY_PERF_FRAME,58,461509,461565
SWAY_PERF_INPUT_FRAME,62,455691,463290
SWAY_PERF_OUTPUT,3363,7,469109
SWAY_PERF_OUTPUT,3364,7,469110
SWAY_PERF_OUTPUT,3365,6,469111
SWAY_PERF_OUTPUT,3366,7,469112
SWAY_PERF_OUTPUT,3367,13,469113
SWAY_PERF_OUTPUT,3368,17,469114
SWAY_PERF_OUTPUT,3369,20,469115
SWAY_PERF_OUTPUT,3370,1,469116
SWAY_PERF_OUTPUT,3371,-3,469117
SWAY_PERF_OUTPUT,3372,-4,469118
SWAY_PERF_OUTPUT,3373,10,469119
SWAY_PERF_OUTPUT,3374,11,469120
SWAY_PERF_OUTPUT,3375,13,469121
SWAY_PERF_OUTPUT,3376,13,469122
SWAY_PERF_OUTPUT,3377,5,469123
SWAY_PERF_OUTPUT,3378,4,469124
SWAY_PERF_OUTPUT,3379,2,469125
SWAY_PERF_OUTPUT,3380,2,469126
SWAY_PERF_OUTPUT,3381,7,469127
SWAY_PERF_OUTPUT,3382,62,469128
SWAY_PERF_OUTPUT,3383,62,469129
SWAY_PERF_OUTPUT,3384,62,469130
SWAY_PERF_OUTPUT,3385,61,469131
SWAY_PERF_OUTPUT,3386,63,469132
SWAY_PERF_OUTPUT,3387,65,469133
SWAY_PERF_OUTPUT,3388,62,469134
SWAY_PERF_OUTPUT,3389,60,469135
SWAY_PERF_OUTPUT,3390,59,469136
SWAY_PERF_OUTPUT,3391,57,469137
SWAY_PERF_OUTPUT,3392,60,469138
SWAY_PERF_OUTPUT,3393,60,469139
SWAY_PERF_OUTPUT,3394,59,469140
SWAY_PERF_OUTPUT,3395,56,469141
SWAY_PERF_OUTPUT,3396,60,469142
SWAY_PERF_OUTPUT,3397,63,469143
SWAY_PERF_OUTPUT,3398,65,469144
SWAY_PERF_OUTPUT,3399,62,469145
SWAY_PERF_OUTPUT,3400,62,469146
SWAY_PERF_OUTPUT,3401,-3,469147
SWAY_PERF_OUTPUT,3402,7,469148
SWAY_PERF_OUTPUT,3403,17,469149
SWAY_PERF_OUTPUT,3404,22,469150
SWAY_PERF_OUTPUT,3405,14,469151
SWAY_PERF_OUTPUT,3406,10,469152
SWAY_PERF_OUTPUT,3407,8,469153
SWAY_PERF_OUTPUT,3408,14,469154
SWAY_PERF_OUTPUT,3409,8,469155
SWAY_PERF_OUTPUT,3410,4,469156
SWAY_PERF_OUTPUT,3411,-2,469157
SWAY_PERF_OUTPUT,3412,-15,469158
SWAY_PERF_OUTPUT,3413,-26,469159
SWAY_PERF_OUTPUT,3414,-28,469160
SWAY_PERF_OUTPUT,3415,-3,469161
SWAY_PERF_OUTPUT,3416,-15,469162
SWAY_PERF_OUTPUT,3417,-26,469163
SWAY_PERF_OUTPUT,3418,-28,469164
SWAY_PERF_OUTPUT,3419,15,469165
SWAY_PERF_FRAME,59,469109,469165
SWAY_PERF_INPUT_FRAME,63,463291,470890
SWAY_PERF_OUTPUT,3420,8,476709
SWAY_PERF_OUTPUT,3421,9,476710
SWAY_PERF_OUTPUT,3422,9,476711
SWAY_PERF_OUTPUT,3423,9,476712
SWAY_PERF_OUTPUT,3424,14,476713
SWAY_PERF_OUTPUT,3425,20,476714
SWAY_PERF_OUTPUT,3426,23,476715
SWAY_PERF_OUTPUT,3427,3,476716
SWAY_PERF_OUTPUT,3428,-4,476717
SWAY_PERF_OUTPUT,3429,-9,476718
SWAY_PERF_OUTPUT,3430,11,476719
SWAY_PERF_OUTPUT,3431,13,476720
SWAY_PERF_OUTPUT,3432,13,476721
SWAY_PERF_OUTPUT,3433,14,476722
SWAY_PERF_OUTPUT,3434,6,476723
SWAY_PERF_OUTPUT,3435,0,476724
SWAY_PERF_OUTPUT,3436,-5,476725
SWAY_PERF_OUTPUT,3437,-5,476726
SWAY_PERF_OUTPUT,3438,9,476727
SWAY_PERF_OUTPUT,3439,62,476728
SWAY_PERF_OUTPUT,3440,61,476729
SWAY_PERF_OUTPUT,3441,60,476730
SWAY_PERF_OUTPUT,3442,59,476731
SWAY_PERF_OUTPUT,3443,59,476732
SWAY_PERF_OUTPUT,3444,59,476733
SWAY_PERF_OUTPUT,3445,58,476734
SWAY_PERF_OUTPUT,3446,60,476735
SWAY_PERF_OUTPUT,3447,60,476736
SWAY_PERF_OUTPUT,3448,59,476737
SWAY_PERF_OUTPUT,3449,60,476738
SWAY_PERF_OUTPUT,3450,58,476739
SWAY_PERF_OUTPUT,3451,61,476740
SWAY_PERF_OUTPUT,3452,59,476741
SWAY_PERF_OUTPUT,3453,61,476742
SWAY_PERF_OUTPUT,3454,59,476743
SWAY_PERF_OUTPUT,3455,61,476744
SWAY_PERF_OUTPUT,3456,58,476745
SWAY_PERF_OUTPUT,3457,60,476746
SWAY_PERF_OUTPUT,3458,-8,476747
SWAY_PERF_OUTPUT,3459,2,476748
SWAY_PERF_OUTPUT,3460,11,476749
SWAY_PERF_OUTPUT,3461,15,476750
SWAY_PERF_OUTPUT,3462,8,476751
SWAY_PERF_OUTPUT,3463,6,476752
SWAY_PERF_OUTPUT,3464,5,476753
SWAY_PERF_OUTPUT,3465,8,476754
SWAY_PERF_OUTPUT,3466,6,476755
SWAY_PERF_OUTPUT,3467,8,476756
SWAY_PERF_OUTPUT,3468,-7,476757
SWAY_PERF_OUTPUT,3469,-16,476758
SWAY_PERF_OUTPUT,3470,-27,476759
SWAY_PERF_OUTPUT,3471,-29,476760
SWAY_PERF_OUTPUT,3472,-7,476761
SWAY_PERF_OUTPUT,3473,-14,476762
SWAY_PERF_OUTPUT,3474,-25,476763
SWAY_PERF_OUTPUT,3475,-27,476764
SWAY_PERF_OUTPUT,3476,9,476765
SWAY_PERF_FRAME,60,476709,476765
SWAY_PERF_OUTPUT,3477,4,484309
SWAY_PERF_OUTPUT,3478,4,484310
SWAY_PERF_OUTPUT,3479,3,484311
SWAY_PERF_OUTPUT,3480,3,484312
SWAY_PERF_OUTPUT,3481,9,484313
SWAY_PERF_OUTPUT,3482,16,484314
SWAY_PERF_OUTPUT,3483,19,484315
SWAY_PERF_OUTPUT,3484,-2,484316
SWAY_PERF_OUTPUT,3485,-7,484317
SWAY_PERF_OUTPUT,3486,-8,484318
SWAY_PERF_OUTPUT,3487,7,484319
SWAY_PERF_OUTPUT,3488,11,484320
SWAY_PERF_OUTPUT,3489,13,484321
SWAY_PERF_OUTPUT,3490,14,484322
SWAY_PERF_OUTPUT,3491,2,484323
SWAY_PERF_OUTPUT,3492,-1,484324
SWAY_PERF_OUTPUT,3493,-2,484325
SWAY_PERF_OUTPUT,3494,-2,484326
SWAY_PERF_OUTPUT,3495,3,484327
SWAY_PERF_OUTPUT,3496,61,484328
SWAY_PERF_OUTPUT,3497,61,484329
SWAY_PERF_OUTPUT,3498,60,484330
SWAY_PERF_OUTPUT,3499,60,484331
SWAY_PERF_OUTPUT,3500,60,484332
SWAY_PERF_OUTPUT,3501,61,484333
SWAY_PERF_OUTPUT,3502,59,484334
SWAY_PERF_OUTPUT,3503,59,484335
SWAY_PERF_OUTPUT,3504,59,484336
SWAY_PERF_OUTPUT,3505,58,484337
SWAY_PERF_OUTPUT,3506,60,484338
SWAY_PERF_OUTPUT,3507,59,484339
SWAY_PERF_OUTPUT,3508,60,484340
SWAY_PERF_OUTPUT,3509,57,484341
SWAY_PERF_OUTPUT,3510,60,484342
SWAY_PERF_OUTPUT,3511,59,484343
SWAY_PERF_OUTPUT,3512,62,484344
SWAY_PERF_OUTPUT,3513,59,484345
SWAY_PERF_OUTPUT,3514,60,484346
SWAY_PERF_OUTPUT,3515,-6,484347
SWAY_PERF_OUTPUT,3516,4,484348
SWAY_PERF_OUTPUT,3517,14,484349
SWAY_PERF_OUTPUT,3518,18,484350
SWAY_PERF_OUTPUT,3519,11,484351
SWAY_PERF_OUTPUT,3520,10,484352
SWAY_PERF_OUTPUT,3521,11,484353
SWAY_PERF_OUTPUT,3522,10,484354
SWAY_PERF_OUTPUT,3523,6,484355
SWAY_PERF_OUTPUT,3524,5,484356
SWAY_PERF_OUTPUT,3525,-5,484357
SWAY_PERF_OUTPUT,3526,-15,484358
SWAY_PERF_OUTPUT,3527,-25,484359
SWAY_PERF_OUTPUT,3528,-28,484360
SWAY_PERF_OUTPUT,3529,-6,484361
SWAY_PERF_OUTPUT,3530,-15,484362
SWAY_PERF_OUTPUT,3531,-27,484363
SWAY_PERF_OUTPUT,3532,-29,484364
SWAY_PERF_OUTPUT,3533,12,484365
SWAY_PERF_FRAME,61,484309,484365
SWAY_PERF_OUTPUT,3534,4,491909
SWAY_PERF_OUTPUT,3535,4,491910
SWAY_PERF_OUTPUT,3536,3,491911
SWAY_PERF_OUTPUT,3537,3,491912
SWAY_PERF_OUTPUT,3538,10,491913
SWAY_PERF_OUTPUT,3539,16,491914
SWAY_PERF_OUTPUT,3540,21,491915
SWAY_PERF_OUTPUT,3541,-3,491916
SWAY_PERF_OUTPUT,3542,-10,491917
SWAY_PERF_OUTPUT,3543,-15,491918
SWAY_PERF_OUTPUT,3544,7,491919
SWAY_PERF_OUTPUT,3545,11,491920
SWAY_PERF_OUTPUT,3546,15,491921
SWAY_PERF_OUTPUT,3547,15,491922
SWAY_PERF_OUTPUT,3548,2,491923
SWAY_PERF_OUTPUT,3549,-2,491924
SWAY_PERF_OUTPUT,3550,-5,491925
SWAY_PERF_OUTPUT,3551,-5,491926
SWAY_PERF_OUTPUT,3552,3,491927
SWAY_PERF_OUTPUT,3553,63,491928
SWAY_PERF_OUTPUT,3554,62,491929
SWAY_PERF_OUTPUT,3555,61,491930
SWAY_PERF_OUTPUT,3556,61,491931
SWAY_PERF_OUTPUT,3557,62,491932
SWAY_PERF_OUTPUT,3558,62,491933
SWAY_PERF_OUTPUT,3559,60,491934
SWAY_PERF_OUTPUT,3560,61,491935
SWAY_PERF_OUTPUT,3561,61,491936
SWAY_PERF_OUTPUT,3562,60,491937
SWAY_PERF_OUTPUT,3563,61,491938
SWAY_PERF_OUTPUT,3564,60,491939
SWAY_PERF_OUTPUT,3565,61,491940
SWAY_PERF_OUTPUT,3566,59,491941
SWAY_PERF_OUTPUT,3567,61,491942
SWAY_PERF_OUTPUT,3568,61,491943
SWAY_PERF_OUTPUT,3569,63,491944
SWAY_PERF_OUTPUT,3570,60,491945
SWAY_PERF_OUTPUT,3571,61,491946
SWAY_PERF_OUTPUT,3572,-4,491947
SWAY_PERF_OUTPUT,3573,6,491948
SWAY_PERF_OUTPUT,3574,17,491949
SWAY_PERF_OUTPUT,3575,21,491950
SWAY_PERF_OUTPUT,3576,13,491951
SWAY_PERF_OUTPUT,3577,13,491952
SWAY_PERF_OUTPUT,3578,14,491953
SWAY_PERF_OUTPUT,3579,13,491954
SWAY_PERF_OUTPUT,3580,12,491955
SWAY_PERF_OUTPUT,3581,15,491956
SWAY_PERF_OUTPUT,3582,-3,491957
SWAY_PERF_OUTPUT,3583,-14,491958
SWAY_PERF_OUTPUT,3584,-26,491959
SWAY_PERF_OUTPUT,3585,-28,491960
SWAY_PERF_OUTPUT,3586,-3,491961
SWAY_PERF_OUTPUT,3587,-14,491962
SWAY_PERF_OUTPUT,3588,-26,491963
SWAY_PERF_OUTPUT,3589,-28,491964
SWAY_PERF_OUTPUT,3590,14,491965
SWAY_PERF_FRAME,62,491909,491965
SWAY_PERF_OUTPUT,3591,8,499509
SWAY_PERF_OUTPUT,3592,9,499510
SWAY_PERF_OUTPUT,3593,8,499511
SWAY_PERF_OUTPUT,3594,8,499512
SWAY_PERF_OUTPUT,3595,14,499513
SWAY_PERF_OUTPUT,3596,19,499514
SWAY_PERF_OUTPUT,3597,21,499515
SWAY_PERF_OUTPUT,3598,3,499516
SWAY_PERF_OUTPUT,3599,0,499517
SWAY_PERF_OUTPUT,3600,-3,499518
SWAY_PERF_OUTPUT,3601,10,499519
SWAY_PERF_OUTPUT,3602,12,499520
SWAY_PERF_OUTPUT,3603,12,499521
SWAY_PERF_OUTPUT,3604,12,499522
SWAY_PERF_OUTPUT,3605,6,499523
SWAY_PERF_OUTPUT,3606,3,499524
SWAY_PERF_OUTPUT,3607,0,499525
SWAY_PERF_OUTPUT,3608,-1,499526
SWAY_PERF_OUTPUT,3609,9,499527
SWAY_PERF_OUTPUT,3610,61,499528
SWAY_PERF_OUTPUT,3611,62,499529
SWAY_PERF_OUTPUT,3612,61,499530
SWAY_PERF_OUTPUT,3613,61,499531
SWAY_PERF_OUTPUT,3614,61,499532
SWAY_PERF_OUTPUT,3615,61,499533
SWAY_PERF_OUTPUT,3616,59,499534
SWAY_PERF_OUTPUT,3617,60,499535
SWAY_PERF_OUTPUT,3618,61,499536
SWAY_PERF_OUTPUT,3619,60,499537
SWAY_PERF_OUTPUT,3620,60,499538
SWAY_PERF_OUTPUT,3621,60,499539
SWAY_PERF_OUTPUT,3622,62,499540
SWAY_PERF_OUTPUT,3623,60,499541
SWAY_PERF_OUTPUT,3624,61,499542
SWAY_PERF_OUTPUT,3625,61,499543
SWAY_PERF_OUTPUT,3626,62,499544
SWAY_PERF_OUTPUT,3627,58,499545
SWAY_PERF_OUTPUT,3628,61,499546
SWAY_PERF_OUTPUT,3629,-6,499547
SWAY_PERF_OUTPUT,3630,3,499548
SWAY_PERF_OUTPUT,3631,14,499549
SWAY_PERF_OUTPUT,3632,17,499550
SWAY_PERF_OUTPUT,3633,10,499551
SWAY_PERF_OUTPUT,3634,7,499552
SWAY_PERF_OUTPUT,3635,6,499553
SWAY_PERF_OUTPUT,3636,9,499554
SWAY_PERF_OUTPUT,3637,4,499555
SWAY_PERF_OUTPUT,3638,1,499556
SWAY_PERF_OUTPUT,3639,-6,499557
SWAY_PERF_OUTPUT,3640,-16,499558
SWAY_PERF_OUTPUT,3641,-27,499559
SWAY_PERF_OUTPUT,3642,-29,499560
SWAY_PERF_OUTPUT,3643,-6,499561
SWAY_PERF_OUTPUT,3644,-15,499562
SWAY_PERF_OUTPUT,3645,-26,499563
SWAY_PERF_OUTPUT,3646,-28,499564
SWAY_PERF_OUTPUT,3647,11,499565
SWAY_PERF_FRAME,63,499509,499565
SWAY_PERF_PASS,64,3648,501614,2048
cd "/workspace/scratch/e6420b0fda2a/dedicated-source/hw" && /opt/codex/runtimes/codex-primary-runtime/dependencies/python/bin/python3 reference/check_perf.py \
	--single-log "/workspace/scratch/e6420b0fda2a/sway/hw/results/resource_comparison/dedicated/perf/single.log" --single-stderr "/workspace/scratch/e6420b0fda2a/sway/hw/results/resource_comparison/dedicated/perf/single.stderr.log" \
	--stream-log "/workspace/scratch/e6420b0fda2a/sway/hw/results/resource_comparison/dedicated/perf/stream.log" --stream-stderr "/workspace/scratch/e6420b0fda2a/sway/hw/results/resource_comparison/dedicated/perf/stream.stderr.log" \
	--backend "bluesim" --linear-source "/workspace/scratch/e6420b0fda2a/dedicated-source/hw/bsv/SwayLinear.bsv" --output "/workspace/scratch/e6420b0fda2a/sway/hw/results/resource_comparison/dedicated/perf/summary.json" --cycles-only
SWAY_PERF_CHECK_PASS single_outputs=57 stream_outputs=3648
Single-frame latency: 20763 cycles
Frame interval: mean=7600.000, min=7600, max=7600 cycles
make: Leaving directory '/workspace/scratch/e6420b0fda2a/dedicated-source/hw'
