2026-09-28T19:29:11.3656586Z Current runner version: '2.337.0'
2026-09-28T19:29:11.3683876Z ##[group]Runner Image Provisioner
2026-09-28T19:29:11.3684799Z Hosted Compute Agent
2026-09-28T19:29:11.3685456Z Version: 20260828.587
2026-09-28T19:29:11.3686067Z Commit: abac92662cab4cc7352de4f9f9d2e2419aad9c29
2026-09-28T19:29:11.3686748Z Build Date: 2026-08-28T16:44:25Z
2026-09-28T19:29:11.3687461Z Worker ID: {d3645926-931e-40b9-9f89-69e36d4486e0}
2026-09-28T19:29:11.3688135Z Azure Region: westcentralus
2026-09-28T19:29:11.3689282Z ##[endgroup]
2026-09-28T19:29:11.3690844Z ##[group]Operating System
2026-09-28T19:29:11.3691418Z Ubuntu
2026-09-28T19:29:11.3691948Z 24.04.5
2026-09-28T19:29:11.3692428Z LTS
2026-09-28T19:29:11.3693027Z ##[endgroup]
2026-09-28T19:29:11.3693559Z ##[group]Runner Image
2026-09-28T19:29:11.3694118Z Image: ubuntu-24.04
2026-09-28T19:29:11.3694726Z Version: 20260920.314.1
2026-09-28T19:29:11.3695979Z Included Software: https://github.com/actions/runner-images/blob/ubuntu24/20260920.314/images/ubuntu/Ubuntu2404-Readme.md
2026-09-28T19:29:11.3697941Z Image Release: https://github.com/actions/runner-images/releases/tag/ubuntu24%2F20260920.314
2026-09-28T19:29:11.3699161Z ##[endgroup]
2026-09-28T19:29:11.3700266Z ##[group]GITHUB_TOKEN Permissions
2026-09-28T19:29:11.3702743Z Contents: read
2026-09-28T19:29:11.3703357Z Metadata: read
2026-09-28T19:29:11.3703899Z ##[endgroup]
2026-09-28T19:29:11.3706181Z Secret source: Actions
2026-09-28T19:29:11.3707150Z Cache mode: write
2026-09-28T19:29:11.3707847Z Prepare workflow directory
2026-09-28T19:29:11.4174404Z Prepare all required actions
2026-09-28T19:29:11.4228149Z Getting action download info
2026-09-28T19:29:11.7280640Z Download action repository 'actions/checkout@11d5960a326750d5838078e36cf38b85af677262' (SHA:11d5960a326750d5838078e36cf38b85af677262)
2026-09-28T19:29:11.8563064Z Download action repository 'actions/upload-artifact@ea165f8d65b6e75b540449e92b4886f43607fa02' (SHA:ea165f8d65b6e75b540449e92b4886f43607fa02)
2026-09-28T19:29:12.1122905Z Complete job name: Native multiplier boundary, stall and reset
2026-09-28T19:29:12.1896452Z ##[group]Run actions/checkout@11d5960a326750d5838078e36cf38b85af677262
2026-09-28T19:29:12.1897583Z with:
2026-09-28T19:29:12.1898166Z   persist-credentials: false
2026-09-28T19:29:12.1899105Z   repository: SeMinLim/sway
2026-09-28T19:29:12.1903585Z   token: ***
2026-09-28T19:29:12.1904166Z   ssh-strict: true
2026-09-28T19:29:12.1904743Z   ssh-user: git
2026-09-28T19:29:12.1905289Z   clean: true
2026-09-28T19:29:12.1905881Z   sparse-checkout-cone-mode: true
2026-09-28T19:29:12.1906585Z   fetch-depth: 1
2026-09-28T19:29:12.1907142Z   fetch-tags: false
2026-09-28T19:29:12.1907710Z   show-progress: true
2026-09-28T19:29:12.1908548Z   lfs: false
2026-09-28T19:29:12.1909254Z   submodules: false
2026-09-28T19:29:12.1909854Z   set-safe-directory: true
2026-09-28T19:29:12.1910471Z   allow-unsafe-pr-checkout: false
2026-09-28T19:29:12.1911453Z ##[endgroup]
2026-09-28T19:29:12.3110479Z Syncing repository: SeMinLim/sway
2026-09-28T19:29:12.3113851Z ##[group]Getting Git version info
2026-09-28T19:29:12.3115405Z Working directory is '/home/runner/work/sway/sway'
2026-09-28T19:29:12.3117254Z [command]/usr/bin/git version
2026-09-28T19:29:12.3245327Z git version 2.55.0
2026-09-28T19:29:12.3256781Z ##[endgroup]
2026-09-28T19:29:12.3270802Z Temporarily overriding HOME='/home/runner/work/_temp/f7aeb3a0-b50c-4b86-88ba-36432de77802' before making global git config changes
2026-09-28T19:29:12.3275122Z Adding repository directory to the temporary git global config as a safe directory
2026-09-28T19:29:12.3282377Z [command]/usr/bin/git config --global --add safe.directory /home/runner/work/sway/sway
2026-09-28T19:29:12.3371121Z Deleting the contents of '/home/runner/work/sway/sway'
2026-09-28T19:29:12.3378003Z ##[group]Initializing the repository
2026-09-28T19:29:12.3383298Z [command]/usr/bin/git init /home/runner/work/sway/sway
2026-09-28T19:29:12.3585088Z hint: Using 'master' as the name for the initial branch. This default branch name
2026-09-28T19:29:12.3587308Z hint: will change to "main" in Git 3.0. To configure the initial branch name
2026-09-28T19:29:12.3589550Z hint: to use in all of your new repositories, which will suppress this warning,
2026-09-28T19:29:12.3590963Z hint: call:
2026-09-28T19:29:12.3592556Z hint:
2026-09-28T19:29:12.3593380Z hint: 	git config --global init.defaultBranch <name>
2026-09-28T19:29:12.3594282Z hint:
2026-09-28T19:29:12.3595102Z hint: Names commonly chosen instead of 'master' are 'main', 'trunk' and
2026-09-28T19:29:12.3596273Z hint: 'development'. The just-created branch can be renamed via this command:
2026-09-28T19:29:12.3597326Z hint:
2026-09-28T19:29:12.3597963Z hint: 	git branch -m <name>
2026-09-28T19:29:12.3599065Z hint:
2026-09-28T19:29:12.3599996Z hint: Disable this message with "git config set advice.defaultBranchName false"
2026-09-28T19:29:12.3601605Z Initialized empty Git repository in /home/runner/work/sway/sway/.git/
2026-09-28T19:29:12.3605236Z [command]/usr/bin/git remote add origin https://github.com/SeMinLim/sway
2026-09-28T19:29:12.3685980Z ##[endgroup]
2026-09-28T19:29:12.3687263Z ##[group]Disabling automatic garbage collection
2026-09-28T19:29:12.3688112Z [command]/usr/bin/git config --local gc.auto 0
2026-09-28T19:29:12.3729875Z ##[endgroup]
2026-09-28T19:29:12.3730970Z ##[group]Setting up auth
2026-09-28T19:29:12.3739977Z [command]/usr/bin/git config --local --name-only --get-regexp core\.sshCommand
2026-09-28T19:29:12.3781177Z [command]/usr/bin/git submodule foreach --recursive sh -c "git config --local --name-only --get-regexp 'core\.sshCommand' && git config --local --unset-all 'core.sshCommand' || :"
2026-09-28T19:29:12.4371032Z [command]/usr/bin/git config --local --name-only --get-regexp http\.https\:\/\/github\.com\/\.extraheader
2026-09-28T19:29:12.4410441Z [command]/usr/bin/git submodule foreach --recursive sh -c "git config --local --name-only --get-regexp 'http\.https\:\/\/github\.com\/\.extraheader' && git config --local --unset-all 'http.https://github.com/.extraheader' || :"
2026-09-28T19:29:12.4647687Z [command]/usr/bin/git config --local --name-only --get-regexp ^includeIf\.gitdir:
2026-09-28T19:29:12.4697198Z [command]/usr/bin/git submodule foreach --recursive git config --local --show-origin --name-only --get-regexp remote.origin.url
2026-09-28T19:29:12.4908383Z [command]/usr/bin/git config --local http.https://github.com/.extraheader AUTHORIZATION: basic ***
2026-09-28T19:29:12.4954181Z ##[endgroup]
2026-09-28T19:29:12.4955454Z ##[group]Fetching the repository
2026-09-28T19:29:12.4964843Z [command]/usr/bin/git -c protocol.version=2 fetch --no-tags --prune --no-recurse-submodules --depth=1 origin +439af73b51b9e3f7c01b820caf3d25de575eca1d:refs/remotes/origin/codex/baseline-pnr-validation
2026-09-28T19:29:14.0834770Z From https://github.com/SeMinLim/sway
2026-09-28T19:29:14.0836964Z  * [new ref]         439af73b51b9e3f7c01b820caf3d25de575eca1d -> origin/codex/baseline-pnr-validation
2026-09-28T19:29:14.0841932Z ##[endgroup]
2026-09-28T19:29:14.0843788Z ##[group]Determining the checkout info
2026-09-28T19:29:14.0845788Z ##[endgroup]
2026-09-28T19:29:14.0857944Z [command]/usr/bin/git sparse-checkout disable
2026-09-28T19:29:14.0919202Z [command]/usr/bin/git config --local --unset-all extensions.worktreeConfig
2026-09-28T19:29:14.0956735Z ##[group]Checking out the ref
2026-09-28T19:29:14.0960932Z [command]/usr/bin/git checkout --progress --force -B codex/baseline-pnr-validation refs/remotes/origin/codex/baseline-pnr-validation
2026-09-28T19:29:14.1952720Z Switched to a new branch 'codex/baseline-pnr-validation'
2026-09-28T19:29:14.1960324Z branch 'codex/baseline-pnr-validation' set up to track 'origin/codex/baseline-pnr-validation'.
2026-09-28T19:29:14.1967661Z ##[endgroup]
2026-09-28T19:29:14.2014811Z [command]/usr/bin/git log -1 --format=%H
2026-09-28T19:29:14.2041164Z 439af73b51b9e3f7c01b820caf3d25de575eca1d
2026-09-28T19:29:14.2051716Z ##[group]Removing auth
2026-09-28T19:29:14.2055818Z [command]/usr/bin/git config --local --name-only --get-regexp core\.sshCommand
2026-09-28T19:29:14.2090940Z [command]/usr/bin/git submodule foreach --recursive sh -c "git config --local --name-only --get-regexp 'core\.sshCommand' && git config --local --unset-all 'core.sshCommand' || :"
2026-09-28T19:29:14.2292571Z [command]/usr/bin/git config --local --name-only --get-regexp http\.https\:\/\/github\.com\/\.extraheader
2026-09-28T19:29:14.2322460Z http.https://github.com/.extraheader
2026-09-28T19:29:14.2329542Z [command]/usr/bin/git config --local --unset-all http.https://github.com/.extraheader
2026-09-28T19:29:14.2370164Z [command]/usr/bin/git submodule foreach --recursive sh -c "git config --local --name-only --get-regexp 'http\.https\:\/\/github\.com\/\.extraheader' && git config --local --unset-all 'http.https://github.com/.extraheader' || :"
2026-09-28T19:29:14.2577635Z [command]/usr/bin/git config --local --name-only --get-regexp ^includeIf\.gitdir:
2026-09-28T19:29:14.2612533Z [command]/usr/bin/git submodule foreach --recursive git config --local --show-origin --name-only --get-regexp remote.origin.url
2026-09-28T19:29:14.2822838Z ##[endgroup]
2026-09-28T19:29:14.3085855Z ##[group]Run set -euo pipefail
2026-09-28T19:29:14.3087558Z [36;1mset -euo pipefail[0m
2026-09-28T19:29:14.3090081Z [36;1mmkdir -p "$RUNNER_TEMP/sway-tools/bsc" "$RUNNER_TEMP/sway-verification"[0m
2026-09-28T19:29:14.3092212Z [36;1msudo apt-get update[0m
2026-09-28T19:29:14.3095041Z [36;1msudo apt-get install --no-install-recommends -y ca-certificates curl git make g++ python3 iverilog libgmp10 libtcl8.6 libstdc++6[0m
2026-09-28T19:29:14.3100072Z [36;1mcurl --fail --location --retry 3 --output "$RUNNER_TEMP/bsc.tar.gz" "https://github.com/B-Lang-org/bsc/releases/download/2026.01/bsc-2026.01-ubuntu-24.04.tar.gz"[0m
2026-09-28T19:29:14.3104950Z [36;1mprintf '%s  %s\n' '6d13db288cf268dc1331f05b277c414b4ff1c1ab9618a6526ba16ad29e484e43' "$RUNNER_TEMP/bsc.tar.gz" | sha256sum --check -[0m
2026-09-28T19:29:14.3109345Z [36;1mtar -xzf "$RUNNER_TEMP/bsc.tar.gz" --strip-components=1 -C "$RUNNER_TEMP/sway-tools/bsc"[0m
2026-09-28T19:29:14.3112006Z [36;1mecho "$RUNNER_TEMP/sway-tools/bsc/bin" >> "$GITHUB_PATH"[0m
2026-09-28T19:29:14.3114636Z [36;1m"$RUNNER_TEMP/sway-tools/bsc/bin/bsc" -v > "$RUNNER_TEMP/sway-verification/bsc-version.txt" 2>&1[0m
2026-09-28T19:29:14.3117573Z [36;1m/usr/bin/iverilog -V > "$RUNNER_TEMP/sway-verification/iverilog-version.txt" 2>&1[0m
2026-09-28T19:29:14.3120473Z [36;1mgit rev-parse HEAD > "$RUNNER_TEMP/sway-verification/sway-commit.txt"[0m
2026-09-28T19:29:14.3122735Z [36;1mcat "$RUNNER_TEMP/sway-verification/bsc-version.txt"[0m
2026-09-28T19:29:14.3341809Z shell: /usr/bin/bash --noprofile --norc -e -o pipefail {0}
2026-09-28T19:29:14.3343692Z ##[endgroup]
2026-09-28T19:29:14.4246397Z Get:1 file:/etc/apt/apt-mirrors.txt Mirrorlist [144 B]
2026-09-28T19:29:14.4652756Z Hit:2 http://azure.archive.ubuntu.com/ubuntu noble InRelease
2026-09-28T19:29:14.4658700Z Get:6 https://packages.microsoft.com/ubuntu/24.04/prod noble InRelease [3600 B]
2026-09-28T19:29:14.4674008Z Get:3 http://azure.archive.ubuntu.com/ubuntu noble-updates InRelease [126 kB]
2026-09-28T19:29:14.4730445Z Get:4 http://azure.archive.ubuntu.com/ubuntu noble-backports InRelease [126 kB]
2026-09-28T19:29:14.4746470Z Get:5 http://azure.archive.ubuntu.com/ubuntu noble-security InRelease [126 kB]
2026-09-28T19:29:14.6061067Z Get:7 https://packages.microsoft.com/ubuntu/24.04/prod noble/main arm64 Packages [446 kB]
2026-09-28T19:29:14.6229709Z Get:8 https://packages.microsoft.com/ubuntu/24.04/prod noble/main amd64 Packages [498 kB]
2026-09-28T19:29:14.6571961Z Get:9 http://azure.archive.ubuntu.com/ubuntu noble-updates/main amd64 Packages [1319 kB]
2026-09-28T19:29:14.6646026Z Get:10 http://azure.archive.ubuntu.com/ubuntu noble-updates/main Translation-en [299 kB]
2026-09-28T19:29:14.6670367Z Get:11 http://azure.archive.ubuntu.com/ubuntu noble-updates/main amd64 Components [180 kB]
2026-09-28T19:29:14.6687406Z Get:12 http://azure.archive.ubuntu.com/ubuntu noble-updates/universe amd64 Packages [1697 kB]
2026-09-28T19:29:14.6788168Z Get:13 http://azure.archive.ubuntu.com/ubuntu noble-updates/universe Translation-en [340 kB]
2026-09-28T19:29:14.6813677Z Get:14 http://azure.archive.ubuntu.com/ubuntu noble-updates/universe amd64 Components [388 kB]
2026-09-28T19:29:14.6850373Z Get:15 http://azure.archive.ubuntu.com/ubuntu noble-updates/restricted amd64 Packages [1654 kB]
2026-09-28T19:29:14.6927003Z Get:16 http://azure.archive.ubuntu.com/ubuntu noble-updates/restricted Translation-en [377 kB]
2026-09-28T19:29:14.6952988Z Get:17 http://azure.archive.ubuntu.com/ubuntu noble-updates/multiverse amd64 Components [940 B]
2026-09-28T19:29:14.7174118Z Get:18 http://azure.archive.ubuntu.com/ubuntu noble-backports/main amd64 Packages [40.6 kB]
2026-09-28T19:29:14.7646533Z Get:19 http://azure.archive.ubuntu.com/ubuntu noble-backports/main amd64 Components [5756 B]
2026-09-28T19:29:14.7647841Z Get:20 http://azure.archive.ubuntu.com/ubuntu noble-backports/universe amd64 Packages [31.0 kB]
2026-09-28T19:29:14.7649182Z Get:21 http://azure.archive.ubuntu.com/ubuntu noble-backports/universe Translation-en [18.6 kB]
2026-09-28T19:29:14.7650866Z Get:22 http://azure.archive.ubuntu.com/ubuntu noble-backports/universe amd64 Components [12.6 kB]
2026-09-28T19:29:14.7661252Z Get:23 http://azure.archive.ubuntu.com/ubuntu noble-security/main amd64 Packages [1063 kB]
2026-09-28T19:29:14.7723268Z Get:24 http://azure.archive.ubuntu.com/ubuntu noble-security/main Translation-en [220 kB]
2026-09-28T19:29:14.7740023Z Get:25 http://azure.archive.ubuntu.com/ubuntu noble-security/main amd64 Components [46.4 kB]
2026-09-28T19:29:14.7749505Z Get:26 http://azure.archive.ubuntu.com/ubuntu noble-security/universe amd64 Packages [1216 kB]
2026-09-28T19:29:14.7816243Z Get:27 http://azure.archive.ubuntu.com/ubuntu noble-security/universe Translation-en [244 kB]
2026-09-28T19:29:14.7833402Z Get:28 http://azure.archive.ubuntu.com/ubuntu noble-security/universe amd64 Components [76.3 kB]
2026-09-28T19:29:14.7843712Z Get:29 http://azure.archive.ubuntu.com/ubuntu noble-security/restricted amd64 Packages [1559 kB]
2026-09-28T19:29:14.7923170Z Get:30 http://azure.archive.ubuntu.com/ubuntu noble-security/restricted Translation-en [359 kB]
2026-09-28T19:29:20.0514218Z Fetched 12.5 MB in 2s (8258 kB/s)
2026-09-28T19:29:21.0405593Z Reading package lists...
2026-09-28T19:29:21.0789216Z Reading package lists...
2026-09-28T19:29:21.3109828Z Building dependency tree...
2026-09-28T19:29:21.3117239Z Reading state information...
2026-09-28T19:29:21.5215014Z ca-certificates is already the newest version (20260601~24.04.1).
2026-09-28T19:29:21.5224587Z git is already the newest version (1:2.55.0-0ppa1~ubuntu24.04.2).
2026-09-28T19:29:21.5225677Z git set to manually installed.
2026-09-28T19:29:21.5226350Z make is already the newest version (4.3-4.1build2).
2026-09-28T19:29:21.5227188Z g++ is already the newest version (4:13.2.0-7ubuntu1).
2026-09-28T19:29:21.5227916Z python3 is already the newest version (3.12.3-0ubuntu2.1).
2026-09-28T19:29:21.5229001Z libgmp10 is already the newest version (2:6.3.0+dfsg-2ubuntu6.1).
2026-09-28T19:29:21.5229975Z libgmp10 set to manually installed.
2026-09-28T19:29:21.5230816Z libtcl8.6 is already the newest version (8.6.14+dfsg-1build1).
2026-09-28T19:29:21.5231650Z libtcl8.6 set to manually installed.
2026-09-28T19:29:21.5232455Z libstdc++6 is already the newest version (14.2.0-4ubuntu2~24.04.1).
2026-09-28T19:29:21.5233336Z The following additional packages will be installed:
2026-09-28T19:29:21.5234195Z   libcurl3t64-gnutls libcurl4t64
2026-09-28T19:29:21.5235381Z Suggested packages:
2026-09-28T19:29:21.5235962Z   gtkwave
2026-09-28T19:29:21.5456536Z The following NEW packages will be installed:
2026-09-28T19:29:21.5471573Z   iverilog
2026-09-28T19:29:21.5478911Z The following packages will be upgraded:
2026-09-28T19:29:21.5492503Z   curl libcurl3t64-gnutls libcurl4t64
2026-09-28T19:29:21.5718101Z 3 upgraded, 1 newly installed, 0 to remove and 32 not upgraded.
2026-09-28T19:29:21.5719036Z Need to get 3031 kB of archives.
2026-09-28T19:29:21.5719758Z After this operation, 6828 kB of additional disk space will be used.
2026-09-28T19:29:21.5721110Z Get:1 file:/etc/apt/apt-mirrors.txt Mirrorlist [144 B]
2026-09-28T19:29:21.6481105Z Get:2 http://azure.archive.ubuntu.com/ubuntu noble-updates/main amd64 curl amd64 8.5.0-2ubuntu10.15 [227 kB]
2026-09-28T19:29:21.6990151Z Get:3 http://azure.archive.ubuntu.com/ubuntu noble-updates/main amd64 libcurl4t64 amd64 8.5.0-2ubuntu10.15 [343 kB]
2026-09-28T19:29:21.7535596Z Get:4 http://azure.archive.ubuntu.com/ubuntu noble/universe amd64 iverilog amd64 12.0-2build2 [2126 kB]
2026-09-28T19:29:21.8258798Z Get:5 http://azure.archive.ubuntu.com/ubuntu noble-updates/main amd64 libcurl3t64-gnutls amd64 8.5.0-2ubuntu10.15 [336 kB]
2026-09-28T19:29:22.1212962Z Fetched 3031 kB in 0s (11.3 MB/s)
2026-09-28T19:29:22.1781058Z (Reading database ... 
2026-09-28T19:29:22.1781594Z (Reading database ... 5%
2026-09-28T19:29:22.1782160Z (Reading database ... 10%
2026-09-28T19:29:22.1782547Z (Reading database ... 15%
2026-09-28T19:29:22.1782926Z (Reading database ... 20%
2026-09-28T19:29:22.1783247Z (Reading database ... 25%
2026-09-28T19:29:22.1783842Z (Reading database ... 30%
2026-09-28T19:29:22.1784205Z (Reading database ... 35%
2026-09-28T19:29:22.1784586Z (Reading database ... 40%
2026-09-28T19:29:22.1784925Z (Reading database ... 45%
2026-09-28T19:29:22.1785256Z (Reading database ... 50%
2026-09-28T19:29:22.1828795Z (Reading database ... 55%
2026-09-28T19:29:22.2811523Z (Reading database ... 60%
2026-09-28T19:29:22.4854751Z (Reading database ... 65%
2026-09-28T19:29:22.7003227Z (Reading database ... 70%
2026-09-28T19:29:22.8879895Z (Reading database ... 75%
2026-09-28T19:29:23.0421713Z (Reading database ... 80%
2026-09-28T19:29:23.2913866Z (Reading database ... 85%
2026-09-28T19:29:23.4893602Z (Reading database ... 90%
2026-09-28T19:29:23.7009899Z (Reading database ... 95%
2026-09-28T19:29:23.7010797Z (Reading database ... 100%
2026-09-28T19:29:23.7011465Z (Reading database ... 202190 files and directories currently installed.)
2026-09-28T19:29:23.7059149Z Preparing to unpack .../curl_8.5.0-2ubuntu10.15_amd64.deb ...
2026-09-28T19:29:23.7196527Z Unpacking curl (8.5.0-2ubuntu10.15) over (8.5.0-2ubuntu10.13) ...
2026-09-28T19:29:23.7693228Z Preparing to unpack .../libcurl4t64_8.5.0-2ubuntu10.15_amd64.deb ...
2026-09-28T19:29:23.7736102Z Unpacking libcurl4t64:amd64 (8.5.0-2ubuntu10.15) over (8.5.0-2ubuntu10.13) ...
2026-09-28T19:29:23.8224474Z Selecting previously unselected package iverilog.
2026-09-28T19:29:23.8374740Z Preparing to unpack .../iverilog_12.0-2build2_amd64.deb ...
2026-09-28T19:29:23.8391341Z Unpacking iverilog (12.0-2build2) ...
2026-09-28T19:29:24.7132606Z Preparing to unpack .../libcurl3t64-gnutls_8.5.0-2ubuntu10.15_amd64.deb ...
2026-09-28T19:29:24.8175776Z Unpacking libcurl3t64-gnutls:amd64 (8.5.0-2ubuntu10.15) over (8.5.0-2ubuntu10.13) ...
2026-09-28T19:29:25.1301914Z Setting up libcurl4t64:amd64 (8.5.0-2ubuntu10.15) ...
2026-09-28T19:29:25.1481031Z Setting up libcurl3t64-gnutls:amd64 (8.5.0-2ubuntu10.15) ...
2026-09-28T19:29:25.1650472Z Setting up iverilog (12.0-2build2) ...
2026-09-28T19:29:25.1780160Z Setting up curl (8.5.0-2ubuntu10.15) ...
2026-09-28T19:29:25.2022201Z Processing triggers for man-db (2.12.0-4build2) ...
2026-09-28T19:29:25.2096245Z Not building database; man-db/auto-update is not 'true'.
2026-09-28T19:29:25.2218974Z Processing triggers for libc-bin (2.39-0ubuntu8.9) ...
2026-09-28T19:29:26.7794742Z 
2026-09-28T19:29:26.7795765Z Running kernel seems to be up-to-date.
2026-09-28T19:29:26.7796121Z 
2026-09-28T19:29:26.7796282Z Restarting services...
2026-09-28T19:29:26.9420072Z  systemctl restart packagekit.service php8.3-fpm.service
2026-09-28T19:29:27.2095380Z 
2026-09-28T19:29:27.2096878Z No containers need to be restarted.
2026-09-28T19:29:27.2097393Z 
2026-09-28T19:29:27.2097799Z No user sessions are running outdated binaries.
2026-09-28T19:29:27.2098498Z 
2026-09-28T19:29:27.2098951Z No VM guests are running outdated hypervisor (qemu) binaries on this host.
2026-09-28T19:29:28.8402224Z   % Total    % Received % Xferd  Average Speed   Time    Time     Time  Current
2026-09-28T19:29:28.8403620Z                                  Dload  Upload   Total   Spent    Left  Speed
2026-09-28T19:29:28.8404075Z 
2026-09-28T19:29:28.9299206Z   0     0    0     0    0     0      0      0 --:--:-- --:--:-- --:--:--     0
2026-09-28T19:29:29.1025693Z   0     0    0     0    0     0      0      0 --:--:-- --:--:-- --:--:--     0
2026-09-28T19:29:29.1026366Z   0     0    0     0    0     0      0      0 --:--:-- --:--:-- --:--:--     0
2026-09-28T19:29:29.4997706Z 
2026-09-28T19:29:29.4998950Z 100 24.6M  100 24.6M    0     0  37.3M      0 --:--:-- --:--:-- --:--:-- 37.3M
2026-09-28T19:29:29.5271100Z /home/runner/work/_temp/bsc.tar.gz: OK
2026-09-28T19:29:30.1854430Z Bluespec Compiler, version 2026.01 (build 9bd39e6f)
2026-09-28T19:29:30.1855230Z This is free software; for source code and copying conditions, see
2026-09-28T19:29:30.1856012Z https://github.com/B-Lang-org/bsc
2026-09-28T19:29:30.1856252Z 
2026-09-28T19:29:30.1856405Z Invoking command line:
2026-09-28T19:29:30.1856721Z bsc -v
2026-09-28T19:29:30.1856948Z 
2026-09-28T19:29:30.1948908Z ##[group]Run set -euo pipefail
2026-09-28T19:29:30.1949413Z [36;1mset -euo pipefail[0m
2026-09-28T19:29:30.1949841Z [36;1mpython3 hw/reference/native_multiply/check_native_multiply.py \[0m
2026-09-28T19:29:30.1950368Z [36;1m  --hw-root "$GITHUB_WORKSPACE/hw" \[0m
2026-09-28T19:29:30.1950805Z [36;1m  --bsc "$RUNNER_TEMP/sway-tools/bsc/bin/bsc" \[0m
2026-09-28T19:29:30.1951250Z [36;1m  --iverilog /usr/bin/iverilog --vvp /usr/bin/vvp \[0m
2026-09-28T19:29:30.1951718Z [36;1m  --output "$RUNNER_TEMP/sway-verification/native"[0m
2026-09-28T19:29:30.1952159Z [36;1mpython3 - <<'PY'[0m
2026-09-28T19:29:30.1952518Z [36;1mimport hashlib,json,os,re[0m
2026-09-28T19:29:30.1952884Z [36;1mfrom pathlib import Path[0m
2026-09-28T19:29:30.1953310Z [36;1mroot=Path(os.environ["RUNNER_TEMP"])/"sway-verification/native"[0m
2026-09-28T19:29:30.1953829Z [36;1mpath=root/"snapshot/iverilog/mkTbNativeMultiply.v"[0m
2026-09-28T19:29:30.1954255Z [36;1mrtl=path.read_text()[0m
2026-09-28T19:29:30.1954825Z [36;1mnames=sorted(set(re.findall(r"\b\w*[ab]Wire_whas\b",rtl)))[0m
2026-09-28T19:29:30.1955400Z [36;1massert not names, "DSP operands still depend on optional-write presence: "+str(names)[0m
2026-09-28T19:29:30.1955991Z [36;1massignments=re.findall(r"assign\s+\w*dsp_dataa[xy]\s*=.*?;",rtl,re.S)[0m
2026-09-28T19:29:30.1956552Z [36;1mports=re.findall(r"\.dataa[xy]\s*\([^)]*\)",rtl)[0m
2026-09-28T19:29:30.1956967Z [36;1massert len(ports)==2[0m
2026-09-28T19:29:30.1958560Z [36;1mreport={"status":"pass","generated_rtl_sha256":hashlib.sha256(path.read_bytes()).hexdigest(),"operand_whas_signals":names,"operand_assignments":assignments,"operand_ports":ports,"scope":"Generated focused Verilog contains no operand DWire write-presence mux; validity and functional behavior are checked separately by the three-backend regression."}[0m
2026-09-28T19:29:30.1960017Z [36;1m(root/"operand-control-isolation.json").write_text(json.dumps(report,indent=2)+"\n")[0m
2026-09-28T19:29:30.1960704Z [36;1mprint("SWAY_OPERAND_CONTROL_ISOLATION "+json.dumps(report,sort_keys=True))[0m
2026-09-28T19:29:30.1961225Z [36;1mPY[0m
2026-09-28T19:29:30.2015782Z shell: /usr/bin/bash --noprofile --norc -e -o pipefail {0}
2026-09-28T19:29:30.2016233Z ##[endgroup]
2026-09-28T19:29:37.7455443Z {"status": "pass", "report": "/home/runner/work/_temp/sway-verification/native/report.json"}
2026-09-28T19:29:37.7785219Z SWAY_OPERAND_CONTROL_ISOLATION {"generated_rtl_sha256": "2fa88a0477d6ed371e4341fe29a26a9ebfbee9526be37ba8f71c7a0f610583a6", "operand_assignments": [], "operand_ports": [".dataax(test_multiplier_dsp$dataax)", ".dataay(test_multiplier_dsp$dataay)"], "operand_whas_signals": [], "scope": "Generated focused Verilog contains no operand DWire write-presence mux; validity and functional behavior are checked separately by the three-backend regression.", "status": "pass"}
2026-09-28T19:29:37.7867731Z ##[group]Run python3 - <<'PY'
2026-09-28T19:29:37.7868176Z [36;1mpython3 - <<'PY'[0m
2026-09-28T19:29:37.7869021Z [36;1mimport os[0m
2026-09-28T19:29:37.7869382Z [36;1mfrom pathlib import Path[0m
2026-09-28T19:29:37.7869859Z [36;1mpath=Path(os.environ["RUNNER_TEMP"])/"sway-verification/native/report.json"[0m
2026-09-28T19:29:37.7870373Z [36;1mif path.is_file():[0m
2026-09-28T19:29:37.7870744Z [36;1m    print("SWAY_REPORT native/report.json")[0m
2026-09-28T19:29:37.7871123Z [36;1m    print(path.read_text())[0m
2026-09-28T19:29:37.7871484Z [36;1mPY[0m
2026-09-28T19:29:37.7914757Z shell: /usr/bin/bash --noprofile --norc -e -o pipefail {0}
2026-09-28T19:29:37.7915243Z ##[endgroup]
2026-09-28T19:29:37.8198150Z SWAY_REPORT native/report.json
2026-09-28T19:29:37.8199017Z {
2026-09-28T19:29:37.8199584Z   "status": "pass",
2026-09-28T19:29:37.8199889Z   "seed": 20260928,
2026-09-28T19:29:37.8200807Z   "scope": "Functional fixed-configuration signed18x18 wrapper test; no physical timing claim",
2026-09-28T19:29:37.8201575Z   "source_sha256": {
2026-09-28T19:29:37.8202216Z     "main.v": "ad3d688c3f11770dc9bf41ce33026e284a5dd38d80b3f1c2caf9d00024074a79",
2026-09-28T19:29:37.8203123Z     "bsv/SwayMultiply.bsv": "4372d3eae264cb12817051eb6f1795c8e0b7f3eea1b267b7ba4c8174e4b14992",
2026-09-28T19:29:37.8204105Z     "bsv/TbNativeMultiply.bsv": "f8b02398e2ed5f7dac7e437a2e067bd873c62deb35ad80d025b101a15719bf17",
2026-09-28T19:29:37.8205160Z     "rtl/sway_mult18x18d.v": "5e7a8be0f9cfce25f7b9546140fae909a09b2c7f0cb90fb6d27f5800a146ad30"
2026-09-28T19:29:37.8206260Z   },
2026-09-28T19:29:37.8207077Z   "vectors_sha256": "92144e0031368fe8c02cc63d0fcf3612fb57ed6fbbcfbf28dab49404480aac10",
2026-09-28T19:29:37.8207779Z   "commands": [
2026-09-28T19:29:37.8208166Z     [
2026-09-28T19:29:37.8208800Z       "/home/runner/work/_temp/sway-tools/bsc/bin/bsc",
2026-09-28T19:29:37.8209349Z       "-v"
2026-09-28T19:29:37.8209792Z     ],
2026-09-28T19:29:37.8210152Z     [
2026-09-28T19:29:37.8210524Z       "/usr/bin/iverilog",
2026-09-28T19:29:37.8210964Z       "-V"
2026-09-28T19:29:37.8211398Z     ],
2026-09-28T19:29:37.8211787Z     [
2026-09-28T19:29:37.8212240Z       "/home/runner/work/_temp/sway-tools/bsc/bin/bsc",
2026-09-28T19:29:37.8212773Z       "-sim",
2026-09-28T19:29:37.8213195Z       "-D",
2026-09-28T19:29:37.8213598Z       "BSIM",
2026-09-28T19:29:37.8214015Z       "-p",
2026-09-28T19:29:37.8214563Z       "+:/home/runner/work/_temp/sway-verification/native/snapshot/bsv",
2026-09-28T19:29:37.8215372Z       "-bdir",
2026-09-28T19:29:37.8216025Z       "/home/runner/work/_temp/sway-verification/native/snapshot/bluesim",
2026-09-28T19:29:37.8216856Z       "-vdir",
2026-09-28T19:29:37.8217389Z       "/home/runner/work/_temp/sway-verification/native/snapshot/bluesim",
2026-09-28T19:29:37.8218143Z       "-simdir",
2026-09-28T19:29:37.8218880Z       "/home/runner/work/_temp/sway-verification/native/snapshot/bluesim",
2026-09-28T19:29:37.8219560Z       "-info-dir",
2026-09-28T19:29:37.8220175Z       "/home/runner/work/_temp/sway-verification/native/snapshot/bluesim",
2026-09-28T19:29:37.8220777Z       "-u",
2026-09-28T19:29:37.8221234Z       "-show-schedule",
2026-09-28T19:29:37.8221800Z       "-g",
2026-09-28T19:29:37.8222292Z       "mkTbNativeMultiply",
2026-09-28T19:29:37.8223046Z       "/home/runner/work/_temp/sway-verification/native/snapshot/bsv/TbNativeMultiply.bsv"
2026-09-28T19:29:37.8223838Z     ],
2026-09-28T19:29:37.8224305Z     [
2026-09-28T19:29:37.8224815Z       "/home/runner/work/_temp/sway-tools/bsc/bin/bsc",
2026-09-28T19:29:37.8225386Z       "-sim",
2026-09-28T19:29:37.8225840Z       "-D",
2026-09-28T19:29:37.8226211Z       "BSIM",
2026-09-28T19:29:37.8226621Z       "-p",
2026-09-28T19:29:37.8227187Z       "+:/home/runner/work/_temp/sway-verification/native/snapshot/bsv",
2026-09-28T19:29:37.8227897Z       "-bdir",
2026-09-28T19:29:37.8228714Z       "/home/runner/work/_temp/sway-verification/native/snapshot/bluesim",
2026-09-28T19:29:37.8229457Z       "-vdir",
2026-09-28T19:29:37.8230722Z       "/home/runner/work/_temp/sway-verification/native/snapshot/bluesim",
2026-09-28T19:29:37.8231512Z       "-simdir",
2026-09-28T19:29:37.8232326Z       "/home/runner/work/_temp/sway-verification/native/snapshot/bluesim",
2026-09-28T19:29:37.8233047Z       "-info-dir",
2026-09-28T19:29:37.8233622Z       "/home/runner/work/_temp/sway-verification/native/snapshot/bluesim",
2026-09-28T19:29:37.8234325Z       "-e",
2026-09-28T19:29:37.8235470Z       "mkTbNativeMultiply",
2026-09-28T19:29:37.8236009Z       "-o",
2026-09-28T19:29:37.8236572Z       "/home/runner/work/_temp/sway-verification/native/snapshot/bluesim/test"
2026-09-28T19:29:37.8237441Z     ],
2026-09-28T19:29:37.8237877Z     [
2026-09-28T19:29:37.8239887Z       "/home/runner/work/_temp/sway-verification/native/snapshot/bluesim/test"
2026-09-28T19:29:37.8240582Z     ],
2026-09-28T19:29:37.8240947Z     [
2026-09-28T19:29:37.8241433Z       "/home/runner/work/_temp/sway-tools/bsc/bin/bsc",
2026-09-28T19:29:37.8242062Z       "-verilog",
2026-09-28T19:29:37.8242591Z       "-p",
2026-09-28T19:29:37.8243143Z       "+:/home/runner/work/_temp/sway-verification/native/snapshot/bsv",
2026-09-28T19:29:37.8243869Z       "-bdir",
2026-09-28T19:29:37.8244490Z       "/home/runner/work/_temp/sway-verification/native/snapshot/iverilog",
2026-09-28T19:29:37.8245157Z       "-vdir",
2026-09-28T19:29:37.8245710Z       "/home/runner/work/_temp/sway-verification/native/snapshot/iverilog",
2026-09-28T19:29:37.8246391Z       "-simdir",
2026-09-28T19:29:37.8246955Z       "/home/runner/work/_temp/sway-verification/native/snapshot/iverilog",
2026-09-28T19:29:37.8247706Z       "-info-dir",
2026-09-28T19:29:37.8248435Z       "/home/runner/work/_temp/sway-verification/native/snapshot/iverilog",
2026-09-28T19:29:37.8249114Z       "-u",
2026-09-28T19:29:37.8249555Z       "-show-schedule",
2026-09-28T19:29:37.8249971Z       "-g",
2026-09-28T19:29:37.8250380Z       "mkTbNativeMultiply",
2026-09-28T19:29:37.8251098Z       "/home/runner/work/_temp/sway-verification/native/snapshot/bsv/TbNativeMultiply.bsv"
2026-09-28T19:29:37.8251824Z     ],
2026-09-28T19:29:37.8252241Z     [
2026-09-28T19:29:37.8252614Z       "/usr/bin/iverilog",
2026-09-28T19:29:37.8253149Z       "-g2012",
2026-09-28T19:29:37.8253504Z       "-s",
2026-09-28T19:29:37.8253854Z       "main",
2026-09-28T19:29:37.8254215Z       "-y",
2026-09-28T19:29:37.8254680Z       "/home/runner/work/_temp/sway-verification/native/snapshot/rtl",
2026-09-28T19:29:37.8255220Z       "-y",
2026-09-28T19:29:37.8255697Z       "/home/runner/work/_temp/sway-tools/bsc/lib/Verilog",
2026-09-28T19:29:37.8256228Z       "-I",
2026-09-28T19:29:37.8256678Z       "/home/runner/work/_temp/sway-tools/bsc/lib/Verilog",
2026-09-28T19:29:37.8257232Z       "-o",
2026-09-28T19:29:37.8257836Z       "/home/runner/work/_temp/sway-verification/native/snapshot/iverilog/test.vvp",
2026-09-28T19:29:37.8258763Z       "/home/runner/work/_temp/sway-verification/native/snapshot/main.v",
2026-09-28T19:29:37.8259435Z       "/home/runner/work/_temp/sway-verification/native/snapshot/iverilog/mkTbNativeMultiply.v"
2026-09-28T19:29:37.8259940Z     ],
2026-09-28T19:29:37.8260213Z     [
2026-09-28T19:29:37.8260487Z       "/usr/bin/vvp",
2026-09-28T19:29:37.8261105Z       "/home/runner/work/_temp/sway-verification/native/snapshot/iverilog/test.vvp"
2026-09-28T19:29:37.8261653Z     ],
2026-09-28T19:29:37.8262018Z     [
2026-09-28T19:29:37.8262425Z       "/home/runner/work/_temp/sway-tools/bsc/bin/bsc",
2026-09-28T19:29:37.8262781Z       "-verilog",
2026-09-28T19:29:37.8263391Z       "-D",
2026-09-28T19:29:37.8263777Z       "BSIM",
2026-09-28T19:29:37.8264161Z       "-p",
2026-09-28T19:29:37.8264680Z       "+:/home/runner/work/_temp/sway-verification/native/snapshot/bsv",
2026-09-28T19:29:37.8265258Z       "-bdir",
2026-09-28T19:29:37.8265803Z       "/home/runner/work/_temp/sway-verification/native/snapshot/iverilog_bsim",
2026-09-28T19:29:37.8266495Z       "-vdir",
2026-09-28T19:29:37.8267051Z       "/home/runner/work/_temp/sway-verification/native/snapshot/iverilog_bsim",
2026-09-28T19:29:37.8267959Z       "-simdir",
2026-09-28T19:29:37.8268628Z       "/home/runner/work/_temp/sway-verification/native/snapshot/iverilog_bsim",
2026-09-28T19:29:37.8269469Z       "-info-dir",
2026-09-28T19:29:37.8269942Z       "/home/runner/work/_temp/sway-verification/native/snapshot/iverilog_bsim",
2026-09-28T19:29:37.8270373Z       "-u",
2026-09-28T19:29:37.8270661Z       "-show-schedule",
2026-09-28T19:29:37.8270972Z       "-g",
2026-09-28T19:29:37.8271260Z       "mkTbNativeMultiply",
2026-09-28T19:29:37.8271795Z       "/home/runner/work/_temp/sway-verification/native/snapshot/bsv/TbNativeMultiply.bsv"
2026-09-28T19:29:37.8273761Z     ],
2026-09-28T19:29:37.8274033Z     [
2026-09-28T19:29:37.8274323Z       "/usr/bin/iverilog",
2026-09-28T19:29:37.8274655Z       "-g2012",
2026-09-28T19:29:37.8274955Z       "-s",
2026-09-28T19:29:37.8275225Z       "main",
2026-09-28T19:29:37.8275480Z       "-y",
2026-09-28T19:29:37.8275872Z       "/home/runner/work/_temp/sway-verification/native/snapshot/rtl",
2026-09-28T19:29:37.8276311Z       "-y",
2026-09-28T19:29:37.8276702Z       "/home/runner/work/_temp/sway-tools/bsc/lib/Verilog",
2026-09-28T19:29:37.8277078Z       "-I",
2026-09-28T19:29:37.8277389Z       "/home/runner/work/_temp/sway-tools/bsc/lib/Verilog",
2026-09-28T19:29:37.8277788Z       "-o",
2026-09-28T19:29:37.8278394Z       "/home/runner/work/_temp/sway-verification/native/snapshot/iverilog_bsim/test.vvp",
2026-09-28T19:29:37.8279012Z       "/home/runner/work/_temp/sway-verification/native/snapshot/main.v",
2026-09-28T19:29:37.8279632Z       "/home/runner/work/_temp/sway-verification/native/snapshot/iverilog_bsim/mkTbNativeMultiply.v"
2026-09-28T19:29:37.8280139Z     ],
2026-09-28T19:29:37.8280721Z     [
2026-09-28T19:29:37.8281017Z       "/usr/bin/vvp",
2026-09-28T19:29:37.8281456Z       "/home/runner/work/_temp/sway-verification/native/snapshot/iverilog_bsim/test.vvp"
2026-09-28T19:29:37.8281925Z     ]
2026-09-28T19:29:37.8282185Z   ],
2026-09-28T19:29:37.8282465Z   "tools": {
2026-09-28T19:29:37.8283295Z     "bsc": "Bluespec Compiler, version 2026.01 (build 9bd39e6f)\nThis is free software; for source code and copying conditions, see\nhttps://github.com/B-Lang-org/bsc\n\nInvoking command line:\nbsc -v\n\n",
2026-09-28T19:29:37.8293985Z     "iverilog": "Icarus Verilog version 12.0 (stable) ()\n\nCopyright (c) 2000-2021 Stephen Williams (steve@icarus.com)\n\n  This program is free software; you can redistribute it and/or modify\n  it under the terms of the GNU General Public License as published by\n  the Free Software Foundation; either version 2 of the License, or\n  (at your option) any later version.\n\n  This program is distributed in the hope that it will be useful,\n  but WITHOUT ANY WARRANTY; without even the implied warranty of\n  MERCHANTABILITY or FITNESS FOR A PARTICULAR PURPOSE.  See the\n  GNU General Public License for more details.\n\n  You should have received a copy of the GNU General Public License along\n  with this program; if not, write to the Free Software Foundation, Inc.,\n  51 Franklin Street, Fifth Floor, Boston, MA 02110-1301, USA.\n\nIcarus Verilog Preprocessor version 12.0 (stable) ()\n\nCopyright (c) 1999-2021 Stephen Williams (steve@icarus.com)\n\n  This program is free software; you can redistribute it and/or modify\n  it under the terms of the GNU General Public License as published by\n  the Free Software Foundation; either version 2 of the License, or\n  (at your option) any later version.\n\n  This program is distributed in the hope that it will be useful,\n  but WITHOUT ANY WARRANTY; without even the implied warranty of\n  MERCHANTABILITY or FITNESS FOR A PARTICULAR PURPOSE.  See the\n  GNU General Public License for more details.\n\n  You should have received a copy of the GNU General Public License along\n  with this program; if not, write to the Free Software Foundation, Inc.,\n  51 Franklin Street, Fifth Floor, Boston, MA 02110-1301, USA.\n\nIcarus Verilog Parser/Elaborator version 12.0 (stable) ()\n\nCopyright (c) 1998-2021 Stephen Williams (steve@icarus.com)\n\n  This program is free software; you can redistribute it and/or modify\n  it under the terms of the GNU General Public License as published by\n  the Free Software Foundation; either version 2 of the License, or\n  (at your option) any later version.\n\n  This program is distributed in the hope that it will be useful,\n  but WITHOUT ANY WARRANTY; without even the implied warranty of\n  MERCHANTABILITY or FITNESS FOR A PARTICULAR PURPOSE.  See the\n  GNU General Public License for more details.\n\n  You should have received a copy of the GNU General Public License along\n  with this program; if not, write to the Free Software Foundation, Inc.,\n  51 Franklin Street, Fifth Floor, Boston, MA 02110-1301, USA.\n\n FLAGS DLL vvp.tgt\nvvp.tgt: Icarus Verilog VVP Code Generator 12.0 (stable) ()\n\nCopyright (c) 2001-2021 Stephen Williams (steve@icarus.com)\n\n  This program is free software; you can redistribute it and/or modify\n  it under the terms of the GNU General Public License as published by\n  the Free Software Foundation; either version 2 of the License, or\n  (at your option) any later version.\n\n  This program is distributed in the hope that it will be useful,\n  but WITHOUT ANY WARRANTY; without even the implied warranty of\n  MERCHANTABILITY or FITNESS FOR A PARTICULAR PURPOSE.  See the\n  GNU General Public License for more details.\n\n  You should have received a copy of the GNU General Public License along\n  with this program; if not, write to the Free Software Foundation, Inc.,\n  51 Franklin Street, Fifth Floor, Boston, MA 02110-1301, USA.\n\n"
2026-09-28T19:29:37.8304406Z   },
2026-09-28T19:29:37.8304845Z   "backends": {
2026-09-28T19:29:37.8305200Z     "bluesim": {
2026-09-28T19:29:37.8305574Z       "products": 256,
2026-09-28T19:29:37.8305979Z       "resets": [
2026-09-28T19:29:37.8306357Z         [
2026-09-28T19:29:37.8306774Z           "pipeline",
2026-09-28T19:29:37.8307127Z           "7",
2026-09-28T19:29:37.8307460Z           "6",
2026-09-28T19:29:37.8307812Z           "0"
2026-09-28T19:29:37.8308164Z         ],
2026-09-28T19:29:37.8308895Z         [
2026-09-28T19:29:37.8309226Z           "full",
2026-09-28T19:29:37.8309559Z           "36",
2026-09-28T19:29:37.8310004Z           "8",
2026-09-28T19:29:37.8310353Z           "0"
2026-09-28T19:29:37.8310733Z         ]
2026-09-28T19:29:37.8311079Z       ],
2026-09-28T19:29:37.8311445Z       "credit_checks": [
2026-09-28T19:29:37.8311854Z         [
2026-09-28T19:29:37.8312175Z           "32",
2026-09-28T19:29:37.8312553Z           "8",
2026-09-28T19:29:37.8312927Z           "0"
2026-09-28T19:29:37.8313264Z         ],
2026-09-28T19:29:37.8313582Z         [
2026-09-28T19:29:37.8313898Z           "32",
2026-09-28T19:29:37.8314245Z           "11",
2026-09-28T19:29:37.8314691Z           "3"
2026-09-28T19:29:37.8314990Z         ]
2026-09-28T19:29:37.8315332Z       ],
2026-09-28T19:29:37.8315655Z       "first_product_latency_cycles": 4,
2026-09-28T19:29:37.8316094Z       "final_cycle": 403,
2026-09-28T19:29:37.8316486Z       "rows": [
2026-09-28T19:29:37.8316778Z         [
2026-09-28T19:29:37.8317133Z           0,
2026-09-28T19:29:37.8317441Z           17179869184,
2026-09-28T19:29:37.8317772Z           4,
2026-09-28T19:29:37.8318130Z           0
2026-09-28T19:29:37.8318527Z         ],
2026-09-28T19:29:37.8318824Z         [
2026-09-28T19:29:37.8319113Z           1,
2026-09-28T19:29:37.8319442Z           17179738112,
2026-09-28T19:29:37.8319785Z           5,
2026-09-28T19:29:37.8320102Z           1
2026-09-28T19:29:37.8320446Z         ],
2026-09-28T19:29:37.8320748Z         [
2026-09-28T19:29:37.8321059Z           2,
2026-09-28T19:29:37.8321377Z           8589934592,
2026-09-28T19:29:37.8321710Z           6,
2026-09-28T19:29:37.8321989Z           2
2026-09-28T19:29:37.8322330Z         ],
2026-09-28T19:29:37.8322631Z         [
2026-09-28T19:29:37.8322915Z           3,
2026-09-28T19:29:37.8323220Z           131072,
2026-09-28T19:29:37.8323533Z           72,
2026-09-28T19:29:37.8323872Z           4
2026-09-28T19:29:37.8324180Z         ],
2026-09-28T19:29:37.8324460Z         [
2026-09-28T19:29:37.8324889Z           4,
2026-09-28T19:29:37.8325184Z           0,
2026-09-28T19:29:37.8325499Z           73,
2026-09-28T19:29:37.8325826Z           5
2026-09-28T19:29:37.8326174Z         ],
2026-09-28T19:29:37.8326485Z         [
2026-09-28T19:29:37.8326769Z           5,
2026-09-28T19:29:37.8327193Z           -131072,
2026-09-28T19:29:37.8327538Z           74,
2026-09-28T19:29:37.8327849Z           6
2026-09-28T19:29:37.8328170Z         ],
2026-09-28T19:29:37.8328717Z         [
2026-09-28T19:29:37.8329019Z           6,
2026-09-28T19:29:37.8329834Z           -8589803520,
2026-09-28T19:29:37.8330141Z           75,
2026-09-28T19:29:37.8330458Z           8
2026-09-28T19:29:37.8330733Z         ],
2026-09-28T19:29:37.8331012Z         [
2026-09-28T19:29:37.8331367Z           7,
2026-09-28T19:29:37.8331656Z           -17179738112,
2026-09-28T19:29:37.8332021Z           76,
2026-09-28T19:29:37.8332307Z           9
2026-09-28T19:29:37.8332589Z         ],
2026-09-28T19:29:37.8332929Z         [
2026-09-28T19:29:37.8333223Z           8,
2026-09-28T19:29:37.8333531Z           17179738112,
2026-09-28T19:29:37.8333843Z           77,
2026-09-28T19:29:37.8334154Z           10
2026-09-28T19:29:37.8334505Z         ],
2026-09-28T19:29:37.8334790Z         [
2026-09-28T19:29:37.8335103Z           9,
2026-09-28T19:29:37.8335397Z           17179607041,
2026-09-28T19:29:37.8335720Z           78,
2026-09-28T19:29:37.8336042Z           12
2026-09-28T19:29:37.8336324Z         ],
2026-09-28T19:29:37.8336594Z         [
2026-09-28T19:29:37.8336921Z           10,
2026-09-28T19:29:37.8337211Z           8589869056,
2026-09-28T19:29:37.8337536Z           80,
2026-09-28T19:29:37.8337830Z           13
2026-09-28T19:29:37.8338107Z         ],
2026-09-28T19:29:37.8338525Z         [
2026-09-28T19:29:37.8338869Z           11,
2026-09-28T19:29:37.8339154Z           131071,
2026-09-28T19:29:37.8339460Z           81,
2026-09-28T19:29:37.8339740Z           73
2026-09-28T19:29:37.8340034Z         ],
2026-09-28T19:29:37.8340302Z         [
2026-09-28T19:29:37.8340603Z           12,
2026-09-28T19:29:37.8340916Z           0,
2026-09-28T19:29:37.8341203Z           82,
2026-09-28T19:29:37.8341485Z           74
2026-09-28T19:29:37.8341774Z         ],
2026-09-28T19:29:37.8342098Z         [
2026-09-28T19:29:37.8342405Z           13,
2026-09-28T19:29:37.8342687Z           -131071,
2026-09-28T19:29:37.8342986Z           83,
2026-09-28T19:29:37.8343275Z           76
2026-09-28T19:29:37.8343575Z         ],
2026-09-28T19:29:37.8343866Z         [
2026-09-28T19:29:37.8344144Z           14,
2026-09-28T19:29:37.8344410Z           -8589737985,
2026-09-28T19:29:37.8344757Z           84,
2026-09-28T19:29:37.8345048Z           77
2026-09-28T19:29:37.8345368Z         ],
2026-09-28T19:29:37.8345636Z         [
2026-09-28T19:29:37.8345881Z           15,
2026-09-28T19:29:37.8346194Z           -17179607041,
2026-09-28T19:29:37.8346513Z           85,
2026-09-28T19:29:37.8346787Z           78
2026-09-28T19:29:37.8347064Z         ],
2026-09-28T19:29:37.8347333Z         [
2026-09-28T19:29:37.8347613Z           16,
2026-09-28T19:29:37.8347904Z           8589934592,
2026-09-28T19:29:37.8348507Z           86,
2026-09-28T19:29:37.8348834Z           80
2026-09-28T19:29:37.8349111Z         ],
2026-09-28T19:29:37.8349395Z         [
2026-09-28T19:29:37.8349686Z           17,
2026-09-28T19:29:37.8349948Z           8589869056,
2026-09-28T19:29:37.8350261Z           88,
2026-09-28T19:29:37.8350530Z           81
2026-09-28T19:29:37.8350803Z         ],
2026-09-28T19:29:37.8351105Z         [
2026-09-28T19:29:37.8351368Z           18,
2026-09-28T19:29:37.8351652Z           4294967296,
2026-09-28T19:29:37.8351972Z           89,
2026-09-28T19:29:37.8352250Z           82
2026-09-28T19:29:37.8352553Z         ],
2026-09-28T19:29:37.8352817Z         [
2026-09-28T19:29:37.8353107Z           19,
2026-09-28T19:29:37.8353378Z           65536,
2026-09-28T19:29:37.8353643Z           90,
2026-09-28T19:29:37.8353968Z           84
2026-09-28T19:29:37.8354232Z         ],
2026-09-28T19:29:37.8354497Z         [
2026-09-28T19:29:37.8354893Z           20,
2026-09-28T19:29:37.8355222Z           0,
2026-09-28T19:29:37.8355522Z           91,
2026-09-28T19:29:37.8355793Z           85
2026-09-28T19:29:37.8356152Z         ],
2026-09-28T19:29:37.8356443Z         [
2026-09-28T19:29:37.8356737Z           21,
2026-09-28T19:29:37.8357037Z           -65536,
2026-09-28T19:29:37.8357313Z           92,
2026-09-28T19:29:37.8357561Z           86
2026-09-28T19:29:37.8357857Z         ],
2026-09-28T19:29:37.8358163Z         [
2026-09-28T19:29:37.8358579Z           22,
2026-09-28T19:29:37.8358861Z           -4294901760,
2026-09-28T19:29:37.8359132Z           93,
2026-09-28T19:29:37.8359431Z           88
2026-09-28T19:29:37.8359726Z         ],
2026-09-28T19:29:37.8359989Z         [
2026-09-28T19:29:37.8360279Z           23,
2026-09-28T19:29:37.8360553Z           -8589869056,
2026-09-28T19:29:37.8360862Z           94,
2026-09-28T19:29:37.8361156Z           89
2026-09-28T19:29:37.8361408Z         ],
2026-09-28T19:29:37.8361749Z         [
2026-09-28T19:29:37.8362035Z           24,
2026-09-28T19:29:37.8362322Z           131072,
2026-09-28T19:29:37.8362618Z           96,
2026-09-28T19:29:37.8362871Z           90
2026-09-28T19:29:37.8363180Z         ],
2026-09-28T19:29:37.8363456Z         [
2026-09-28T19:29:37.8363727Z           25,
2026-09-28T19:29:37.8364029Z           131071,
2026-09-28T19:29:37.8364307Z           97,
2026-09-28T19:29:37.8364584Z           92
2026-09-28T19:29:37.8364882Z         ],
2026-09-28T19:29:37.8365163Z         [
2026-09-28T19:29:37.8365477Z           26,
2026-09-28T19:29:37.8365752Z           65536,
2026-09-28T19:29:37.8366062Z           98,
2026-09-28T19:29:37.8366341Z           93
2026-09-28T19:29:37.8366590Z         ],
2026-09-28T19:29:37.8366922Z         [
2026-09-28T19:29:37.8367181Z           27,
2026-09-28T19:29:37.8367450Z           1,
2026-09-28T19:29:37.8367729Z           99,
2026-09-28T19:29:37.8368014Z           94
2026-09-28T19:29:37.8368562Z         ],
2026-09-28T19:29:37.8368844Z         [
2026-09-28T19:29:37.8369125Z           28,
2026-09-28T19:29:37.8369414Z           0,
2026-09-28T19:29:37.8369689Z           100,
2026-09-28T19:29:37.8370002Z           96
2026-09-28T19:29:37.8370275Z         ],
2026-09-28T19:29:37.8370521Z         [
2026-09-28T19:29:37.8370822Z           29,
2026-09-28T19:29:37.8371092Z           -1,
2026-09-28T19:29:37.8371434Z           101,
2026-09-28T19:29:37.8371707Z           97
2026-09-28T19:29:37.8371959Z         ],
2026-09-28T19:29:37.8372252Z         [
2026-09-28T19:29:37.8372517Z           30,
2026-09-28T19:29:37.8372814Z           -65535,
2026-09-28T19:29:37.8373103Z           102,
2026-09-28T19:29:37.8373377Z           98
2026-09-28T19:29:37.8373653Z         ],
2026-09-28T19:29:37.8373913Z         [
2026-09-28T19:29:37.8374160Z           31,
2026-09-28T19:29:37.8374518Z           -131071,
2026-09-28T19:29:37.8374804Z           104,
2026-09-28T19:29:37.8375094Z           100
2026-09-28T19:29:37.8375356Z         ],
2026-09-28T19:29:37.8375629Z         [
2026-09-28T19:29:37.8375926Z           32,
2026-09-28T19:29:37.8376198Z           0,
2026-09-28T19:29:37.8376465Z           105,
2026-09-28T19:29:37.8376760Z           101
2026-09-28T19:29:37.8377078Z         ],
2026-09-28T19:29:37.8377465Z         [
2026-09-28T19:29:37.8377771Z           33,
2026-09-28T19:29:37.8378934Z           0,
2026-09-28T19:29:37.8379241Z           106,
2026-09-28T19:29:37.8379551Z           102
2026-09-28T19:29:37.8379849Z         ],
2026-09-28T19:29:37.8380122Z         [
2026-09-28T19:29:37.8380379Z           34,
2026-09-28T19:29:37.8380679Z           0,
2026-09-28T19:29:37.8380978Z           108,
2026-09-28T19:29:37.8381252Z           104
2026-09-28T19:29:37.8381530Z         ],
2026-09-28T19:29:37.8381826Z         [
2026-09-28T19:29:37.8382124Z           35,
2026-09-28T19:29:37.8382428Z           0,
2026-09-28T19:29:37.8382711Z           109,
2026-09-28T19:29:37.8382996Z           105
2026-09-28T19:29:37.8383268Z         ],
2026-09-28T19:29:37.8383557Z         [
2026-09-28T19:29:37.8383850Z           36,
2026-09-28T19:29:37.8384215Z           0,
2026-09-28T19:29:37.8384526Z           110,
2026-09-28T19:29:37.8384808Z           106
2026-09-28T19:29:37.8385134Z         ],
2026-09-28T19:29:37.8385517Z         [
2026-09-28T19:29:37.8385767Z           37,
2026-09-28T19:29:37.8386056Z           0,
2026-09-28T19:29:37.8386318Z           112,
2026-09-28T19:29:37.8386584Z           108
2026-09-28T19:29:37.8386878Z         ],
2026-09-28T19:29:37.8387136Z         [
2026-09-28T19:29:37.8387415Z           38,
2026-09-28T19:29:37.8387674Z           0,
2026-09-28T19:29:37.8387919Z           113,
2026-09-28T19:29:37.8388412Z           109
2026-09-28T19:29:37.8388832Z         ],
2026-09-28T19:29:37.8389106Z         [
2026-09-28T19:29:37.8389361Z           39,
2026-09-28T19:29:37.8389615Z           0,
2026-09-28T19:29:37.8389930Z           114,
2026-09-28T19:29:37.8390193Z           110
2026-09-28T19:29:37.8390455Z         ],
2026-09-28T19:29:37.8390720Z         [
2026-09-28T19:29:37.8390974Z           40,
2026-09-28T19:29:37.8391291Z           -131072,
2026-09-28T19:29:37.8391564Z           116,
2026-09-28T19:29:37.8391870Z           112
2026-09-28T19:29:37.8392135Z         ],
2026-09-28T19:29:37.8392394Z         [
2026-09-28T19:29:37.8392685Z           41,
2026-09-28T19:29:37.8392953Z           -131071,
2026-09-28T19:29:37.8393205Z           117,
2026-09-28T19:29:37.8393491Z           113
2026-09-28T19:29:37.8393751Z         ],
2026-09-28T19:29:37.8394028Z         [
2026-09-28T19:29:37.8394293Z           42,
2026-09-28T19:29:37.8394649Z           -65536,
2026-09-28T19:29:37.8394933Z           118,
2026-09-28T19:29:37.8395216Z           114
2026-09-28T19:29:37.8395494Z         ],
2026-09-28T19:29:37.8395750Z         [
2026-09-28T19:29:37.8395988Z           43,
2026-09-28T19:29:37.8396280Z           -1,
2026-09-28T19:29:37.8396568Z           120,
2026-09-28T19:29:37.8396828Z           116
2026-09-28T19:29:37.8397095Z         ],
2026-09-28T19:29:37.8397350Z         [
2026-09-28T19:29:37.8397649Z           44,
2026-09-28T19:29:37.8397930Z           0,
2026-09-28T19:29:37.8398196Z           121,
2026-09-28T19:29:37.8398563Z           117
2026-09-28T19:29:37.8398822Z         ],
2026-09-28T19:29:37.8399104Z         [
2026-09-28T19:29:37.8399378Z           45,
2026-09-28T19:29:37.8399621Z           1,
2026-09-28T19:29:37.8399907Z           122,
2026-09-28T19:29:37.8400174Z           118
2026-09-28T19:29:37.8400441Z         ],
2026-09-28T19:29:37.8400764Z         [
2026-09-28T19:29:37.8401003Z           46,
2026-09-28T19:29:37.8401294Z           65535,
2026-09-28T19:29:37.8401563Z           124,
2026-09-28T19:29:37.8401836Z           120
2026-09-28T19:29:37.8402132Z         ],
2026-09-28T19:29:37.8402385Z         [
2026-09-28T19:29:37.8402654Z           47,
2026-09-28T19:29:37.8402919Z           131071,
2026-09-28T19:29:37.8403174Z           125,
2026-09-28T19:29:37.8403472Z           121
2026-09-28T19:29:37.8403789Z         ],
2026-09-28T19:29:37.8404057Z         [
2026-09-28T19:29:37.8404306Z           48,
2026-09-28T19:29:37.8404555Z           -8589803520,
2026-09-28T19:29:37.8404893Z           126,
2026-09-28T19:29:37.8405153Z           122
2026-09-28T19:29:37.8405419Z         ],
2026-09-28T19:29:37.8405687Z         [
2026-09-28T19:29:37.8405943Z           49,
2026-09-28T19:29:37.8406225Z           -8589737985,
2026-09-28T19:29:37.8406529Z           128,
2026-09-28T19:29:37.8406821Z           124
2026-09-28T19:29:37.8407092Z         ],
2026-09-28T19:29:37.8407345Z         [
2026-09-28T19:29:37.8407629Z           50,
2026-09-28T19:29:37.8407894Z           -4294901760,
2026-09-28T19:29:37.8408156Z           129,
2026-09-28T19:29:37.8408635Z           125
2026-09-28T19:29:37.8408897Z         ],
2026-09-28T19:29:37.8409156Z         [
2026-09-28T19:29:37.8409456Z           51,
2026-09-28T19:29:37.8409728Z           -65535,
2026-09-28T19:29:37.8410097Z           130,
2026-09-28T19:29:37.8410358Z           126
2026-09-28T19:29:37.8410630Z         ],
2026-09-28T19:29:37.8410923Z         [
2026-09-28T19:29:37.8411182Z           52,
2026-09-28T19:29:37.8411464Z           0,
2026-09-28T19:29:37.8411830Z           132,
2026-09-28T19:29:37.8412108Z           128
2026-09-28T19:29:37.8412408Z         ],
2026-09-28T19:29:37.8412744Z         [
2026-09-28T19:29:37.8413006Z           53,
2026-09-28T19:29:37.8413315Z           65535,
2026-09-28T19:29:37.8413595Z           133,
2026-09-28T19:29:37.8413882Z           129
2026-09-28T19:29:37.8414136Z         ],
2026-09-28T19:29:37.8414390Z         [
2026-09-28T19:29:37.8414652Z           54,
2026-09-28T19:29:37.8414938Z           4294836225,
2026-09-28T19:29:37.8415233Z           134,
2026-09-28T19:29:37.8415499Z           130
2026-09-28T19:29:37.8415743Z         ],
2026-09-28T19:29:37.8416029Z         [
2026-09-28T19:29:37.8416342Z           55,
2026-09-28T19:29:37.8416618Z           8589737985,
2026-09-28T19:29:37.8416895Z           136,
2026-09-28T19:29:37.8417146Z           132
2026-09-28T19:29:37.8417435Z         ],
2026-09-28T19:29:37.8417716Z         [
2026-09-28T19:29:37.8417977Z           56,
2026-09-28T19:29:37.8418387Z           -17179738112,
2026-09-28T19:29:37.8418685Z           137,
2026-09-28T19:29:37.8418966Z           133
2026-09-28T19:29:37.8419258Z         ],
2026-09-28T19:29:37.8419556Z         [
2026-09-28T19:29:37.8419829Z           57,
2026-09-28T19:29:37.8420104Z           -17179607041,
2026-09-28T19:29:37.8420397Z           138,
2026-09-28T19:29:37.8420680Z           134
2026-09-28T19:29:37.8420927Z         ],
2026-09-28T19:29:37.8421214Z         [
2026-09-28T19:29:37.8421464Z           58,
2026-09-28T19:29:37.8421729Z           -8589869056,
2026-09-28T19:29:37.8422050Z           140,
2026-09-28T19:29:37.8422313Z           136
2026-09-28T19:29:37.8422622Z         ],
2026-09-28T19:29:37.8422877Z         [
2026-09-28T19:29:37.8423130Z           59,
2026-09-28T19:29:37.8423429Z           -131071,
2026-09-28T19:29:37.8423700Z           141,
2026-09-28T19:29:37.8423977Z           137
2026-09-28T19:29:37.8424239Z         ],
2026-09-28T19:29:37.8424476Z         [
2026-09-28T19:29:37.8424777Z           60,
2026-09-28T19:29:37.8425038Z           0,
2026-09-28T19:29:37.8425361Z           142,
2026-09-28T19:29:37.8425672Z           138
2026-09-28T19:29:37.8425915Z         ],
2026-09-28T19:29:37.8426234Z         [
2026-09-28T19:29:37.8426482Z           61,
2026-09-28T19:29:37.8426741Z           131071,
2026-09-28T19:29:37.8427031Z           144,
2026-09-28T19:29:37.8427297Z           140
2026-09-28T19:29:37.8427607Z         ],
2026-09-28T19:29:37.8427863Z         [
2026-09-28T19:29:37.8428102Z           62,
2026-09-28T19:29:37.8428581Z           8589737985,
2026-09-28T19:29:37.8428914Z           145,
2026-09-28T19:29:37.8429223Z           141
2026-09-28T19:29:37.8429490Z         ],
2026-09-28T19:29:37.8429738Z         [
2026-09-28T19:29:37.8430028Z           63,
2026-09-28T19:29:37.8430298Z           17179607041,
2026-09-28T19:29:37.8430615Z           146,
2026-09-28T19:29:37.8430895Z           142
2026-09-28T19:29:37.8431157Z         ],
2026-09-28T19:29:37.8431427Z         [
2026-09-28T19:29:37.8431677Z           64,
2026-09-28T19:29:37.8432012Z           -1812934134,
2026-09-28T19:29:37.8432306Z           148,
2026-09-28T19:29:37.8432567Z           144
2026-09-28T19:29:37.8432844Z         ],
2026-09-28T19:29:37.8433101Z         [
2026-09-28T19:29:37.8433361Z           65,
2026-09-28T19:29:37.8433663Z           1536096423,
2026-09-28T19:29:37.8433942Z           149,
2026-09-28T19:29:37.8434202Z           145
2026-09-28T19:29:37.8434474Z         ],
2026-09-28T19:29:37.8434755Z         [
2026-09-28T19:29:37.8435054Z           66,
2026-09-28T19:29:37.8435316Z           5440644901,
2026-09-28T19:29:37.8435596Z           150,
2026-09-28T19:29:37.8435871Z           146
2026-09-28T19:29:37.8436158Z         ],
2026-09-28T19:29:37.8436425Z         [
2026-09-28T19:29:37.8436679Z           67,
2026-09-28T19:29:37.8436929Z           -1273939616,
2026-09-28T19:29:37.8437242Z           152,
2026-09-28T19:29:37.8437518Z           148
2026-09-28T19:29:37.8437766Z         ],
2026-09-28T19:29:37.8438062Z         [
2026-09-28T19:29:37.8438376Z           68,
2026-09-28T19:29:37.8438780Z           -12752632370,
2026-09-28T19:29:37.8439087Z           153,
2026-09-28T19:29:37.8439352Z           149
2026-09-28T19:29:37.8439696Z         ],
2026-09-28T19:29:37.8439955Z         [
2026-09-28T19:29:37.8440221Z           69,
2026-09-28T19:29:37.8440504Z           -607328616,
2026-09-28T19:29:37.8440759Z           154,
2026-09-28T19:29:37.8441047Z           150
2026-09-28T19:29:37.8441332Z         ],
2026-09-28T19:29:37.8441615Z         [
2026-09-28T19:29:37.8441861Z           70,
2026-09-28T19:29:37.8442102Z           -6377379840,
2026-09-28T19:29:37.8442401Z           156,
2026-09-28T19:29:37.8442659Z           152
2026-09-28T19:29:37.8442923Z         ],
2026-09-28T19:29:37.8443204Z         [
2026-09-28T19:29:37.8443457Z           71,
2026-09-28T19:29:37.8443737Z           3259767414,
2026-09-28T19:29:37.8444013Z           157,
2026-09-28T19:29:37.8444311Z           153
2026-09-28T19:29:37.8444605Z         ],
2026-09-28T19:29:37.8444863Z         [
2026-09-28T19:29:37.8445134Z           72,
2026-09-28T19:29:37.8445403Z           -1258525909,
2026-09-28T19:29:37.8445662Z           158,
2026-09-28T19:29:37.8445994Z           154
2026-09-28T19:29:37.8446243Z         ],
2026-09-28T19:29:37.8446494Z         [
2026-09-28T19:29:37.8446753Z           73,
2026-09-28T19:29:37.8447024Z           -791561888,
2026-09-28T19:29:37.8447374Z           160,
2026-09-28T19:29:37.8447631Z           156
2026-09-28T19:29:37.8447885Z         ],
2026-09-28T19:29:37.8448145Z         [
2026-09-28T19:29:37.8448539Z           74,
2026-09-28T19:29:37.8448858Z           902971662,
2026-09-28T19:29:37.8449140Z           161,
2026-09-28T19:29:37.8449388Z           157
2026-09-28T19:29:37.8449678Z         ],
2026-09-28T19:29:37.8449933Z         [
2026-09-28T19:29:37.8450264Z           75,
2026-09-28T19:29:37.8450525Z           888344330,
2026-09-28T19:29:37.8450778Z           162,
2026-09-28T19:29:37.8451066Z           158
2026-09-28T19:29:37.8451315Z         ],
2026-09-28T19:29:37.8451588Z         [
2026-09-28T19:29:37.8451854Z           76,
2026-09-28T19:29:37.8452109Z           584066688,
2026-09-28T19:29:37.8452390Z           164,
2026-09-28T19:29:37.8452644Z           160
2026-09-28T19:29:37.8452908Z         ],
2026-09-28T19:29:37.8453218Z         [
2026-09-28T19:29:37.8453465Z           77,
2026-09-28T19:29:37.8453732Z           372219408,
2026-09-28T19:29:37.8453996Z           165,
2026-09-28T19:29:37.8454261Z           161
2026-09-28T19:29:37.8454554Z         ],
2026-09-28T19:29:37.8454805Z         [
2026-09-28T19:29:37.8455060Z           78,
2026-09-28T19:29:37.8455336Z           -2405879000,
2026-09-28T19:29:37.8455632Z           166,
2026-09-28T19:29:37.8455904Z           162
2026-09-28T19:29:37.8456188Z         ],
2026-09-28T19:29:37.8456437Z         [
2026-09-28T19:29:37.8456691Z           79,
2026-09-28T19:29:37.8456969Z           71768433,
2026-09-28T19:29:37.8457271Z           168,
2026-09-28T19:29:37.8457532Z           164
2026-09-28T19:29:37.8457765Z         ],
2026-09-28T19:29:37.8458043Z         [
2026-09-28T19:29:37.8458399Z           80,
2026-09-28T19:29:37.8458665Z           16411239500,
2026-09-28T19:29:37.8458945Z           169,
2026-09-28T19:29:37.8459227Z           165
2026-09-28T19:29:37.8459504Z         ],
2026-09-28T19:29:37.8459779Z         [
2026-09-28T19:29:37.8460030Z           81,
2026-09-28T19:29:37.8460309Z           -5474329920,
2026-09-28T19:29:37.8460580Z           170,
2026-09-28T19:29:37.8460847Z           166
2026-09-28T19:29:37.8461120Z         ],
2026-09-28T19:29:37.8461350Z         [
2026-09-28T19:29:37.8461630Z           82,
2026-09-28T19:29:37.8461886Z           31939503,
2026-09-28T19:29:37.8462199Z           172,
2026-09-28T19:29:37.8462479Z           168
2026-09-28T19:29:37.8462713Z         ],
2026-09-28T19:29:37.8462989Z         [
2026-09-28T19:29:37.8463238Z           83,
2026-09-28T19:29:37.8463503Z           -15618524922,
2026-09-28T19:29:37.8463816Z           173,
2026-09-28T19:29:37.8464071Z           169
2026-09-28T19:29:37.8464341Z         ],
2026-09-28T19:29:37.8464686Z         [
2026-09-28T19:29:37.8464917Z           84,
2026-09-28T19:29:37.8465268Z           8478108672,
2026-09-28T19:29:37.8465617Z           174,
2026-09-28T19:29:37.8465880Z           170
2026-09-28T19:29:37.8466131Z         ],
2026-09-28T19:29:37.8466386Z         [
2026-09-28T19:29:37.8466659Z           85,
2026-09-28T19:29:37.8466912Z           10250611884,
2026-09-28T19:29:37.8467177Z           176,
2026-09-28T19:29:37.8467437Z           172
2026-09-28T19:29:37.8467710Z         ],
2026-09-28T19:29:37.8467968Z         [
2026-09-28T19:29:37.8468378Z           86,
2026-09-28T19:29:37.8468690Z           2264339706,
2026-09-28T19:29:37.8468975Z           177,
2026-09-28T19:29:37.8469257Z           173
2026-09-28T19:29:37.8469535Z         ],
2026-09-28T19:29:37.8469795Z         [
2026-09-28T19:29:37.8470042Z           87,
2026-09-28T19:29:37.8470987Z           2695134585,
2026-09-28T19:29:37.8471295Z           178,
2026-09-28T19:29:37.8471567Z           174
2026-09-28T19:29:37.8471849Z         ],
2026-09-28T19:29:37.8472126Z         [
2026-09-28T19:29:37.8472507Z           88,
2026-09-28T19:29:37.8472802Z           8201213685,
2026-09-28T19:29:37.8473121Z           180,
2026-09-28T19:29:37.8473404Z           176
2026-09-28T19:29:37.8473679Z         ],
2026-09-28T19:29:37.8473945Z         [
2026-09-28T19:29:37.8474213Z           89,
2026-09-28T19:29:37.8474452Z           3471693654,
2026-09-28T19:29:37.8474747Z           181,
2026-09-28T19:29:37.8475008Z           177
2026-09-28T19:29:37.8475309Z         ],
2026-09-28T19:29:37.8475579Z         [
2026-09-28T19:29:37.8475813Z           90,
2026-09-28T19:29:37.8476096Z           6307213752,
2026-09-28T19:29:37.8476368Z           182,
2026-09-28T19:29:37.8476640Z           178
2026-09-28T19:29:37.8476935Z         ],
2026-09-28T19:29:37.8477189Z         [
2026-09-28T19:29:37.8477468Z           91,
2026-09-28T19:29:37.8477720Z           2718206208,
2026-09-28T19:29:37.8477975Z           184,
2026-09-28T19:29:37.8478394Z           180
2026-09-28T19:29:37.8478671Z         ],
2026-09-28T19:29:37.8478933Z         [
2026-09-28T19:29:37.8479178Z           92,
2026-09-28T19:29:37.8479431Z           -901614816,
2026-09-28T19:29:37.8479757Z           185,
2026-09-28T19:29:37.8480012Z           181
2026-09-28T19:29:37.8480266Z         ],
2026-09-28T19:29:37.8480530Z         [
2026-09-28T19:29:37.8480781Z           93,
2026-09-28T19:29:37.8481082Z           -8597096948,
2026-09-28T19:29:37.8481391Z           186,
2026-09-28T19:29:37.8481642Z           182
2026-09-28T19:29:37.8481908Z         ],
2026-09-28T19:29:37.8482155Z         [
2026-09-28T19:29:37.8482442Z           94,
2026-09-28T19:29:37.8482697Z           5107604787,
2026-09-28T19:29:37.8482950Z           188,
2026-09-28T19:29:37.8483229Z           184
2026-09-28T19:29:37.8483475Z         ],
2026-09-28T19:29:37.8483744Z         [
2026-09-28T19:29:37.8484429Z           95,
2026-09-28T19:29:37.8484710Z           -3720163642,
2026-09-28T19:29:37.8485007Z           189,
2026-09-28T19:29:37.8485264Z           185
2026-09-28T19:29:37.8485544Z         ],
2026-09-28T19:29:37.8485807Z         [
2026-09-28T19:29:37.8486065Z           96,
2026-09-28T19:29:37.8486333Z           3863090606,
2026-09-28T19:29:37.8486597Z           190,
2026-09-28T19:29:37.8486858Z           186
2026-09-28T19:29:37.8487145Z         ],
2026-09-28T19:29:37.8487393Z         [
2026-09-28T19:29:37.8487687Z           97,
2026-09-28T19:29:37.8487945Z           -2133102250,
2026-09-28T19:29:37.8488357Z           192,
2026-09-28T19:29:37.8488657Z           188
2026-09-28T19:29:37.8488912Z         ],
2026-09-28T19:29:37.8489177Z         [
2026-09-28T19:29:37.8489443Z           98,
2026-09-28T19:29:37.8489727Z           2834704125,
2026-09-28T19:29:37.8490008Z           193,
2026-09-28T19:29:37.8490273Z           189
2026-09-28T19:29:37.8490572Z         ],
2026-09-28T19:29:37.8490829Z         [
2026-09-28T19:29:37.8491096Z           99,
2026-09-28T19:29:37.8491366Z           3368971552,
2026-09-28T19:29:37.8491635Z           194,
2026-09-28T19:29:37.8491990Z           190
2026-09-28T19:29:37.8492280Z         ],
2026-09-28T19:29:37.8492559Z         [
2026-09-28T19:29:37.8492820Z           100,
2026-09-28T19:29:37.8493168Z           20311090,
2026-09-28T19:29:37.8493443Z           196,
2026-09-28T19:29:37.8493784Z           192
2026-09-28T19:29:37.8494053Z         ],
2026-09-28T19:29:37.8494312Z         [
2026-09-28T19:29:37.8494585Z           101,
2026-09-28T19:29:37.8494855Z           245637696,
2026-09-28T19:29:37.8495150Z           197,
2026-09-28T19:29:37.8495435Z           193
2026-09-28T19:29:37.8495687Z         ],
2026-09-28T19:29:37.8495970Z         [
2026-09-28T19:29:37.8496225Z           102,
2026-09-28T19:29:37.8496492Z           3323859808,
2026-09-28T19:29:37.8496835Z           198,
2026-09-28T19:29:37.8497085Z           194
2026-09-28T19:29:37.8497371Z         ],
2026-09-28T19:29:37.8497623Z         [
2026-09-28T19:29:37.8497881Z           103,
2026-09-28T19:29:37.8498181Z           442939536,
2026-09-28T19:29:37.8498996Z           200,
2026-09-28T19:29:37.8499304Z           196
2026-09-28T19:29:37.8499572Z         ],
2026-09-28T19:29:37.8499822Z         [
2026-09-28T19:29:37.8500148Z           104,
2026-09-28T19:29:37.8500468Z           -9379895688,
2026-09-28T19:29:37.8500769Z           201,
2026-09-28T19:29:37.8501038Z           197
2026-09-28T19:29:37.8501288Z         ],
2026-09-28T19:29:37.8501604Z         [
2026-09-28T19:29:37.8501867Z           105,
2026-09-28T19:29:37.8502136Z           1685694500,
2026-09-28T19:29:37.8502430Z           202,
2026-09-28T19:29:37.8502698Z           198
2026-09-28T19:29:37.8503005Z         ],
2026-09-28T19:29:37.8503267Z         [
2026-09-28T19:29:37.8503570Z           106,
2026-09-28T19:29:37.8503858Z           -1898208402,
2026-09-28T19:29:37.8504141Z           204,
2026-09-28T19:29:37.8504447Z           200
2026-09-28T19:29:37.8504714Z         ],
2026-09-28T19:29:37.8504961Z         [
2026-09-28T19:29:37.8505253Z           107,
2026-09-28T19:29:37.8505527Z           -8775538785,
2026-09-28T19:29:37.8505841Z           205,
2026-09-28T19:29:37.8506130Z           201
2026-09-28T19:29:37.8506505Z         ],
2026-09-28T19:29:37.8506894Z         [
2026-09-28T19:29:37.8507172Z           108,
2026-09-28T19:29:37.8507481Z           6080184628,
2026-09-28T19:29:37.8507779Z           206,
2026-09-28T19:29:37.8508050Z           202
2026-09-28T19:29:37.8508502Z         ],
2026-09-28T19:29:37.8508784Z         [
2026-09-28T19:29:37.8509054Z           109,
2026-09-28T19:29:37.8509373Z           -3037794124,
2026-09-28T19:29:37.8509662Z           208,
2026-09-28T19:29:37.8509978Z           204
2026-09-28T19:29:37.8510304Z         ],
2026-09-28T19:29:37.8510586Z         [
2026-09-28T19:29:37.8510874Z           110,
2026-09-28T19:29:37.8511144Z           -3014854747,
2026-09-28T19:29:37.8511425Z           209,
2026-09-28T19:29:37.8511702Z           205
2026-09-28T19:29:37.8511989Z         ],
2026-09-28T19:29:37.8512263Z         [
2026-09-28T19:29:37.8512518Z           111,
2026-09-28T19:29:37.8512770Z           -6843361042,
2026-09-28T19:29:37.8513096Z           210,
2026-09-28T19:29:37.8513415Z           206
2026-09-28T19:29:37.8513692Z         ],
2026-09-28T19:29:37.8513949Z         [
2026-09-28T19:29:37.8514188Z           112,
2026-09-28T19:29:37.8514483Z           6961238886,
2026-09-28T19:29:37.8514786Z           212,
2026-09-28T19:29:37.8515047Z           208
2026-09-28T19:29:37.8515322Z         ],
2026-09-28T19:29:37.8515576Z         [
2026-09-28T19:29:37.8515843Z           113,
2026-09-28T19:29:37.8516126Z           6932043736,
2026-09-28T19:29:37.8516432Z           213,
2026-09-28T19:29:37.8516701Z           209
2026-09-28T19:29:37.8516958Z         ],
2026-09-28T19:29:37.8517229Z         [
2026-09-28T19:29:37.8517508Z           114,
2026-09-28T19:29:37.8517759Z           -4783551209,
2026-09-28T19:29:37.8518070Z           214,
2026-09-28T19:29:37.8518417Z           210
2026-09-28T19:29:37.8518687Z         ],
2026-09-28T19:29:37.8518980Z         [
2026-09-28T19:29:37.8519238Z           115,
2026-09-28T19:29:37.8519660Z           -8703268750,
2026-09-28T19:29:37.8519945Z           216,
2026-09-28T19:29:37.8520272Z           212
2026-09-28T19:29:37.8520580Z         ],
2026-09-28T19:29:37.8520915Z         [
2026-09-28T19:29:37.8521191Z           116,
2026-09-28T19:29:37.8521457Z           -4253889639,
2026-09-28T19:29:37.8521749Z           217,
2026-09-28T19:29:37.8522047Z           213
2026-09-28T19:29:37.8522310Z         ],
2026-09-28T19:29:37.8522621Z         [
2026-09-28T19:29:37.8522877Z           117,
2026-09-28T19:29:37.8523153Z           -2822596000,
2026-09-28T19:29:37.8523465Z           218,
2026-09-28T19:29:37.8523729Z           214
2026-09-28T19:29:37.8523989Z         ],
2026-09-28T19:29:37.8524255Z         [
2026-09-28T19:29:37.8524533Z           118,
2026-09-28T19:29:37.8524810Z           1027954368,
2026-09-28T19:29:37.8525085Z           220,
2026-09-28T19:29:37.8525333Z           216
2026-09-28T19:29:37.8525657Z         ],
2026-09-28T19:29:37.8525934Z         [
2026-09-28T19:29:37.8526200Z           119,
2026-09-28T19:29:37.8526473Z           -125350478,
2026-09-28T19:29:37.8526736Z           221,
2026-09-28T19:29:37.8527027Z           217
2026-09-28T19:29:37.8527314Z         ],
2026-09-28T19:29:37.8527569Z         [
2026-09-28T19:29:37.8527834Z           120,
2026-09-28T19:29:37.8528098Z           6958267602,
2026-09-28T19:29:37.8528541Z           222,
2026-09-28T19:29:37.8528872Z           218
2026-09-28T19:29:37.8529151Z         ],
2026-09-28T19:29:37.8529419Z         [
2026-09-28T19:29:37.8529678Z           121,
2026-09-28T19:29:37.8529963Z           1683174220,
2026-09-28T19:29:37.8530267Z           224,
2026-09-28T19:29:37.8530516Z           220
2026-09-28T19:29:37.8530806Z         ],
2026-09-28T19:29:37.8531060Z         [
2026-09-28T19:29:37.8531311Z           122,
2026-09-28T19:29:37.8531614Z           15433981629,
2026-09-28T19:29:37.8531913Z           225,
2026-09-28T19:29:37.8532203Z           221
2026-09-28T19:29:37.8532465Z         ],
2026-09-28T19:29:37.8532725Z         [
2026-09-28T19:29:37.8533015Z           123,
2026-09-28T19:29:37.8533291Z           -5913129690,
2026-09-28T19:29:37.8533582Z           226,
2026-09-28T19:29:37.8533839Z           222
2026-09-28T19:29:37.8534086Z         ],
2026-09-28T19:29:37.8534407Z         [
2026-09-28T19:29:37.8534662Z           124,
2026-09-28T19:29:37.8534974Z           6040687733,
2026-09-28T19:29:37.8535246Z           228,
2026-09-28T19:29:37.8535492Z           224
2026-09-28T19:29:37.8535808Z         ],
2026-09-28T19:29:37.8536065Z         [
2026-09-28T19:29:37.8536319Z           125,
2026-09-28T19:29:37.8536597Z           -1214188704,
2026-09-28T19:29:37.8536872Z           229,
2026-09-28T19:29:37.8537174Z           225
2026-09-28T19:29:37.8537434Z         ],
2026-09-28T19:29:37.8537676Z         [
2026-09-28T19:29:37.8537992Z           126,
2026-09-28T19:29:37.8538336Z           -104817150,
2026-09-28T19:29:37.8538657Z           230,
2026-09-28T19:29:37.8538921Z           226
2026-09-28T19:29:37.8539177Z         ],
2026-09-28T19:29:37.8539466Z         [
2026-09-28T19:29:37.8539726Z           127,
2026-09-28T19:29:37.8539998Z           -14626756386,
2026-09-28T19:29:37.8540319Z           232,
2026-09-28T19:29:37.8540715Z           228
2026-09-28T19:29:37.8540978Z         ],
2026-09-28T19:29:37.8541256Z         [
2026-09-28T19:29:37.8541562Z           128,
2026-09-28T19:29:37.8541829Z           -9368163930,
2026-09-28T19:29:37.8542114Z           233,
2026-09-28T19:29:37.8542387Z           229
2026-09-28T19:29:37.8542652Z         ],
2026-09-28T19:29:37.8542952Z         [
2026-09-28T19:29:37.8543207Z           129,
2026-09-28T19:29:37.8543467Z           -1785403548,
2026-09-28T19:29:37.8543774Z           234,
2026-09-28T19:29:37.8544037Z           230
2026-09-28T19:29:37.8544367Z         ],
2026-09-28T19:29:37.8544621Z         [
2026-09-28T19:29:37.8544863Z           130,
2026-09-28T19:29:37.8545156Z           4263241647,
2026-09-28T19:29:37.8545434Z           236,
2026-09-28T19:29:37.8545735Z           232
2026-09-28T19:29:37.8546009Z         ],
2026-09-28T19:29:37.8546357Z         [
2026-09-28T19:29:37.8546632Z           131,
2026-09-28T19:29:37.8546899Z           -3149559560,
2026-09-28T19:29:37.8547244Z           237,
2026-09-28T19:29:37.8547625Z           233
2026-09-28T19:29:37.8547884Z         ],
2026-09-28T19:29:37.8548154Z         [
2026-09-28T19:29:37.8548617Z           132,
2026-09-28T19:29:37.8548884Z           -5378322620,
2026-09-28T19:29:37.8549202Z           238,
2026-09-28T19:29:37.8549468Z           234
2026-09-28T19:29:37.8549729Z         ],
2026-09-28T19:29:37.8550021Z         [
2026-09-28T19:29:37.8550276Z           133,
2026-09-28T19:29:37.8550606Z           4273065207,
2026-09-28T19:29:37.8550881Z           240,
2026-09-28T19:29:37.8551144Z           236
2026-09-28T19:29:37.8551443Z         ],
2026-09-28T19:29:37.8551702Z         [
2026-09-28T19:29:37.8551972Z           134,
2026-09-28T19:29:37.8552239Z           -1981257901,
2026-09-28T19:29:37.8552504Z           241,
2026-09-28T19:29:37.8552819Z           237
2026-09-28T19:29:37.8553082Z         ],
2026-09-28T19:29:37.8553344Z         [
2026-09-28T19:29:37.8553646Z           135,
2026-09-28T19:29:37.8553899Z           -4995255596,
2026-09-28T19:29:37.8554244Z           242,
2026-09-28T19:29:37.8554509Z           238
2026-09-28T19:29:37.8554772Z         ],
2026-09-28T19:29:37.8555043Z         [
2026-09-28T19:29:37.8555301Z           136,
2026-09-28T19:29:37.8555603Z           4258152747,
2026-09-28T19:29:37.8555881Z           244,
2026-09-28T19:29:37.8556130Z           240
2026-09-28T19:29:37.8556423Z         ],
2026-09-28T19:29:37.8556712Z         [
2026-09-28T19:29:37.8557011Z           137,
2026-09-28T19:29:37.8557278Z           2567812148,
2026-09-28T19:29:37.8557536Z           245,
2026-09-28T19:29:37.8557830Z           241
2026-09-28T19:29:37.8558091Z         ],
2026-09-28T19:29:37.8558454Z         [
2026-09-28T19:29:37.8558727Z           138,
2026-09-28T19:29:37.8558870Z           -1775925963,
2026-09-28T19:29:37.8558973Z           246,
2026-09-28T19:29:37.8559106Z           242
2026-09-28T19:29:37.8559230Z         ],
2026-09-28T19:29:37.8559363Z         [
2026-09-28T19:29:37.8559496Z           139,
2026-09-28T19:29:37.8559599Z           6271443255,
2026-09-28T19:29:37.8559758Z           248,
2026-09-28T19:29:37.8559872Z           244
2026-09-28T19:29:37.8560006Z         ],
2026-09-28T19:29:37.8560108Z         [
2026-09-28T19:29:37.8560246Z           140,
2026-09-28T19:29:37.8560335Z           1291624300,
2026-09-28T19:29:37.8560502Z           249,
2026-09-28T19:29:37.8560634Z           245
2026-09-28T19:29:37.8560736Z         ],
2026-09-28T19:29:37.8560870Z         [
2026-09-28T19:29:37.8560979Z           141,
2026-09-28T19:29:37.8561144Z           662851149,
2026-09-28T19:29:37.8561244Z           250,
2026-09-28T19:29:37.8561377Z           246
2026-09-28T19:29:37.8561477Z         ],
2026-09-28T19:29:37.8561599Z         [
2026-09-28T19:29:37.8561758Z           142,
2026-09-28T19:29:37.8561859Z           11508632604,
2026-09-28T19:29:37.8561990Z           252,
2026-09-28T19:29:37.8562089Z           248
2026-09-28T19:29:37.8562235Z         ],
2026-09-28T19:29:37.8562350Z         [
2026-09-28T19:29:37.8562498Z           143,
2026-09-28T19:29:37.8562603Z           -5173389205,
2026-09-28T19:29:37.8562741Z           253,
2026-09-28T19:29:37.8562857Z           249
2026-09-28T19:29:37.8562970Z         ],
2026-09-28T19:29:37.8563692Z         [
2026-09-28T19:29:37.8563792Z           144,
2026-09-28T19:29:37.8563933Z           3228326928,
2026-09-28T19:29:37.8564055Z           254,
2026-09-28T19:29:37.8564188Z           250
2026-09-28T19:29:37.8564336Z         ],
2026-09-28T19:29:37.8564438Z         [
2026-09-28T19:29:37.8564568Z           145,
2026-09-28T19:29:37.8564669Z           3290653194,
2026-09-28T19:29:37.8564807Z           256,
2026-09-28T19:29:37.8564922Z           252
2026-09-28T19:29:37.8565057Z         ],
2026-09-28T19:29:37.8565156Z         [
2026-09-28T19:29:37.8565314Z           146,
2026-09-28T19:29:37.8565452Z           -162633807,
2026-09-28T19:29:37.8565569Z           257,
2026-09-28T19:29:37.8565790Z           253
2026-09-28T19:29:37.8565892Z         ],
2026-09-28T19:29:37.8566024Z         [
2026-09-28T19:29:37.8566107Z           147,
2026-09-28T19:29:37.8566336Z           3022827996,
2026-09-28T19:29:37.8566436Z           258,
2026-09-28T19:29:37.8566595Z           254
2026-09-28T19:29:37.8566730Z         ],
2026-09-28T19:29:37.8566880Z         [
2026-09-28T19:29:37.8567058Z           148,
2026-09-28T19:29:37.8567161Z           -5782032760,
2026-09-28T19:29:37.8567294Z           260,
2026-09-28T19:29:37.8567395Z           256
2026-09-28T19:29:37.8567513Z         ],
2026-09-28T19:29:37.8567630Z         [
2026-09-28T19:29:37.8567798Z           149,
2026-09-28T19:29:37.8567933Z           2520136830,
2026-09-28T19:29:37.8568033Z           261,
2026-09-28T19:29:37.8568149Z           257
2026-09-28T19:29:37.8568497Z         ],
2026-09-28T19:29:37.8568681Z         [
2026-09-28T19:29:37.8568795Z           150,
2026-09-28T19:29:37.8569011Z           254029988,
2026-09-28T19:29:37.8569113Z           262,
2026-09-28T19:29:37.8569261Z           258
2026-09-28T19:29:37.8569431Z         ],
2026-09-28T19:29:37.8569531Z         [
2026-09-28T19:29:37.8569667Z           151,
2026-09-28T19:29:37.8569775Z           -6900593469,
2026-09-28T19:29:37.8569911Z           264,
2026-09-28T19:29:37.8570023Z           260
2026-09-28T19:29:37.8570158Z         ],
2026-09-28T19:29:37.8570295Z         [
2026-09-28T19:29:37.8570395Z           152,
2026-09-28T19:29:37.8570538Z           8837287936,
2026-09-28T19:29:37.8570675Z           265,
2026-09-28T19:29:37.8570805Z           261
2026-09-28T19:29:37.8570905Z         ],
2026-09-28T19:29:37.8571040Z         [
2026-09-28T19:29:37.8571126Z           153,
2026-09-28T19:29:37.8571302Z           -1897436898,
2026-09-28T19:29:37.8571437Z           266,
2026-09-28T19:29:37.8571540Z           262
2026-09-28T19:29:37.8571673Z         ],
2026-09-28T19:29:37.8571757Z         [
2026-09-28T19:29:37.8571944Z           154,
2026-09-28T19:29:37.8572046Z           4468673380,
2026-09-28T19:29:37.8572186Z           268,
2026-09-28T19:29:37.8572286Z           264
2026-09-28T19:29:37.8572405Z         ],
2026-09-28T19:29:37.8572572Z         [
2026-09-28T19:29:37.8572679Z           155,
2026-09-28T19:29:37.8572813Z           9791978616,
2026-09-28T19:29:37.8572912Z           269,
2026-09-28T19:29:37.8573031Z           265
2026-09-28T19:29:37.8573171Z         ],
2026-09-28T19:29:37.8573320Z         [
2026-09-28T19:29:37.8573418Z           156,
2026-09-28T19:29:37.8573558Z           -12080363082,
2026-09-28T19:29:37.8573676Z           270,
2026-09-28T19:29:37.8573792Z           266
2026-09-28T19:29:37.8573940Z         ],
2026-09-28T19:29:37.8574038Z         [
2026-09-28T19:29:37.8574171Z           157,
2026-09-28T19:29:37.8574274Z           -9706585965,
2026-09-28T19:29:37.8574433Z           272,
2026-09-28T19:29:37.8574579Z           268
2026-09-28T19:29:37.8574679Z         ],
2026-09-28T19:29:37.8574812Z         [
2026-09-28T19:29:37.8574912Z           158,
2026-09-28T19:29:37.8575054Z           398526858,
2026-09-28T19:29:37.8575176Z           273,
2026-09-28T19:29:37.8575310Z           269
2026-09-28T19:29:37.8575408Z         ],
2026-09-28T19:29:37.8575549Z         [
2026-09-28T19:29:37.8575705Z           159,
2026-09-28T19:29:37.8575822Z           621395320,
2026-09-28T19:29:37.8575960Z           274,
2026-09-28T19:29:37.8576059Z           270
2026-09-28T19:29:37.8576189Z         ],
2026-09-28T19:29:37.8576273Z         [
2026-09-28T19:29:37.8576441Z           160,
2026-09-28T19:29:37.8576543Z           4535560034,
2026-09-28T19:29:37.8576677Z           276,
2026-09-28T19:29:37.8576838Z           272
2026-09-28T19:29:37.8576925Z         ],
2026-09-28T19:29:37.8577090Z         [
2026-09-28T19:29:37.8577192Z           161,
2026-09-28T19:29:37.8577327Z           3714726708,
2026-09-28T19:29:37.8577426Z           277,
2026-09-28T19:29:37.8577545Z           273
2026-09-28T19:29:37.8577659Z         ],
2026-09-28T19:29:37.8577809Z         [
2026-09-28T19:29:37.8577940Z           162,
2026-09-28T19:29:37.8578142Z           11030475521,
2026-09-28T19:29:37.8578849Z           278,
2026-09-28T19:29:37.8578976Z           274
2026-09-28T19:29:37.8579129Z         ],
2026-09-28T19:29:37.8579292Z         [
2026-09-28T19:29:37.8579428Z           163,
2026-09-28T19:29:37.8579533Z           -4951812525,
2026-09-28T19:29:37.8579677Z           280,
2026-09-28T19:29:37.8579824Z           276
2026-09-28T19:29:37.8579947Z         ],
2026-09-28T19:29:37.8580078Z         [
2026-09-28T19:29:37.8580178Z           164,
2026-09-28T19:29:37.8580317Z           -2597372140,
2026-09-28T19:29:37.8580428Z           281,
2026-09-28T19:29:37.8580561Z           277
2026-09-28T19:29:37.8580698Z         ],
2026-09-28T19:29:37.8580797Z         [
2026-09-28T19:29:37.8580933Z           165,
2026-09-28T19:29:37.8581050Z           -8104827519,
2026-09-28T19:29:37.8581205Z           282,
2026-09-28T19:29:37.8581304Z           278
2026-09-28T19:29:37.8581439Z         ],
2026-09-28T19:29:37.8581522Z         [
2026-09-28T19:29:37.8581681Z           166,
2026-09-28T19:29:37.8581817Z           979618200,
2026-09-28T19:29:37.8581919Z           284,
2026-09-28T19:29:37.8582051Z           280
2026-09-28T19:29:37.8582141Z         ],
2026-09-28T19:29:37.8582299Z         [
2026-09-28T19:29:37.8582421Z           167,
2026-09-28T19:29:37.8582554Z           7526052927,
2026-09-28T19:29:37.8582652Z           285,
2026-09-28T19:29:37.8582771Z           281
2026-09-28T19:29:37.8582932Z         ],
2026-09-28T19:29:37.8583031Z         [
2026-09-28T19:29:37.8583166Z           168,
2026-09-28T19:29:37.8583266Z           122726373,
2026-09-28T19:29:37.8583380Z           286,
2026-09-28T19:29:37.8583492Z           282
2026-09-28T19:29:37.8583661Z         ],
2026-09-28T19:29:37.8583759Z         [
2026-09-28T19:29:37.8583895Z           169,
2026-09-28T19:29:37.8584014Z           158013894,
2026-09-28T19:29:37.8584128Z           288,
2026-09-28T19:29:37.8584272Z           284
2026-09-28T19:29:37.8584371Z         ],
2026-09-28T19:29:37.8584504Z         [
2026-09-28T19:29:37.8584603Z           170,
2026-09-28T19:29:37.8584745Z           13165065280,
2026-09-28T19:29:37.8584881Z           289,
2026-09-28T19:29:37.8585017Z           285
2026-09-28T19:29:37.8585152Z         ],
2026-09-28T19:29:37.8585251Z         [
2026-09-28T19:29:37.8585386Z           171,
2026-09-28T19:29:37.8585499Z           5770766610,
2026-09-28T19:29:37.8585631Z           290,
2026-09-28T19:29:37.8585729Z           286
2026-09-28T19:29:37.8585862Z         ],
2026-09-28T19:29:37.8585996Z         [
2026-09-28T19:29:37.8586132Z           172,
2026-09-28T19:29:37.8586264Z           -81860526,
2026-09-28T19:29:37.8586362Z           292,
2026-09-28T19:29:37.8586494Z           288
2026-09-28T19:29:37.8586580Z         ],
2026-09-28T19:29:37.8586742Z         [
2026-09-28T19:29:37.8586841Z           173,
2026-09-28T19:29:37.8586977Z           -3313680430,
2026-09-28T19:29:37.8587110Z           293,
2026-09-28T19:29:37.8587194Z           289
2026-09-28T19:29:37.8587384Z         ],
2026-09-28T19:29:37.8587484Z         [
2026-09-28T19:29:37.8587623Z           174,
2026-09-28T19:29:37.8587729Z           -3253599336,
2026-09-28T19:29:37.8587849Z           294,
2026-09-28T19:29:37.8587967Z           290
2026-09-28T19:29:37.8588121Z         ],
2026-09-28T19:29:37.8588393Z         [
2026-09-28T19:29:37.8588530Z           175,
2026-09-28T19:29:37.8588669Z           -2844330939,
2026-09-28T19:29:37.8588815Z           296,
2026-09-28T19:29:37.8588969Z           292
2026-09-28T19:29:37.8589068Z         ],
2026-09-28T19:29:37.8589202Z         [
2026-09-28T19:29:37.8589302Z           176,
2026-09-28T19:29:37.8589462Z           446973380,
2026-09-28T19:29:37.8589612Z           297,
2026-09-28T19:29:37.8589712Z           293
2026-09-28T19:29:37.8589848Z         ],
2026-09-28T19:29:37.8589948Z         [
2026-09-28T19:29:37.8590105Z           177,
2026-09-28T19:29:37.8590220Z           48302056,
2026-09-28T19:29:37.8590353Z           298,
2026-09-28T19:29:37.8590451Z           294
2026-09-28T19:29:37.8590585Z         ],
2026-09-28T19:29:37.8590718Z         [
2026-09-28T19:29:37.8590904Z           178,
2026-09-28T19:29:37.8591040Z           3149087945,
2026-09-28T19:29:37.8591139Z           300,
2026-09-28T19:29:37.8591349Z           296
2026-09-28T19:29:37.8591436Z         ],
2026-09-28T19:29:37.8591598Z         [
2026-09-28T19:29:37.8591733Z           179,
2026-09-28T19:29:37.8591837Z           4020548880,
2026-09-28T19:29:37.8591975Z           301,
2026-09-28T19:29:37.8592059Z           297
2026-09-28T19:29:37.8592221Z         ],
2026-09-28T19:29:37.8592321Z         [
2026-09-28T19:29:37.8592477Z           180,
2026-09-28T19:29:37.8592579Z           1987873228,
2026-09-28T19:29:37.8592698Z           302,
2026-09-28T19:29:37.8592856Z           298
2026-09-28T19:29:37.8592959Z         ],
2026-09-28T19:29:37.8593092Z         [
2026-09-28T19:29:37.8593192Z           181,
2026-09-28T19:29:37.8593311Z           1094376022,
2026-09-28T19:29:37.8593425Z           304,
2026-09-28T19:29:37.8593572Z           300
2026-09-28T19:29:37.8593669Z         ],
2026-09-28T19:29:37.8593828Z         [
2026-09-28T19:29:37.8593946Z           182,
2026-09-28T19:29:37.8594064Z           -388077024,
2026-09-28T19:29:37.8594208Z           305,
2026-09-28T19:29:37.8594313Z           301
2026-09-28T19:29:37.8594448Z         ],
2026-09-28T19:29:37.8594548Z         [
2026-09-28T19:29:37.8594683Z           183,
2026-09-28T19:29:37.8594801Z           -4114037970,
2026-09-28T19:29:37.8594955Z           306,
2026-09-28T19:29:37.8595089Z           302
2026-09-28T19:29:37.8595189Z         ],
2026-09-28T19:29:37.8595322Z         [
2026-09-28T19:29:37.8595437Z           184,
2026-09-28T19:29:37.8595570Z           348965460,
2026-09-28T19:29:37.8595671Z           308,
2026-09-28T19:29:37.8595805Z           304
2026-09-28T19:29:37.8595941Z         ],
2026-09-28T19:29:37.8596052Z         [
2026-09-28T19:29:37.8596205Z           185,
2026-09-28T19:29:37.8596308Z           6478525420,
2026-09-28T19:29:37.8596441Z           309,
2026-09-28T19:29:37.8596526Z           305
2026-09-28T19:29:37.8596688Z         ],
2026-09-28T19:29:37.8596791Z         [
2026-09-28T19:29:37.8596924Z           186,
2026-09-28T19:29:37.8597061Z           -9512599368,
2026-09-28T19:29:37.8597152Z           310,
2026-09-28T19:29:37.8597311Z           306
2026-09-28T19:29:37.8597434Z         ],
2026-09-28T19:29:37.8597567Z         [
2026-09-28T19:29:37.8597666Z           187,
2026-09-28T19:29:37.8597786Z           16080985161,
2026-09-28T19:29:37.8597902Z           312,
2026-09-28T19:29:37.8598047Z           308
2026-09-28T19:29:37.8598181Z         ],
2026-09-28T19:29:37.8598358Z         [
2026-09-28T19:29:37.8598486Z           188,
2026-09-28T19:29:37.8598604Z           13520990938,
2026-09-28T19:29:37.8598772Z           313,
2026-09-28T19:29:37.8598871Z           309
2026-09-28T19:29:37.8599005Z         ],
2026-09-28T19:29:37.8599104Z         [
2026-09-28T19:29:37.8599244Z           189,
2026-09-28T19:29:37.8599391Z           7298471232,
2026-09-28T19:29:37.8599491Z           314,
2026-09-28T19:29:37.8599628Z           310
2026-09-28T19:29:37.8599737Z         ],
2026-09-28T19:29:37.8599878Z         [
2026-09-28T19:29:37.8600019Z           190,
2026-09-28T19:29:37.8600159Z           -263207835,
2026-09-28T19:29:37.8600264Z           316,
2026-09-28T19:29:37.8600407Z           312
2026-09-28T19:29:37.8600546Z         ],
2026-09-28T19:29:37.8600659Z         [
2026-09-28T19:29:37.8600789Z           191,
2026-09-28T19:29:37.8600896Z           -13876775900,
2026-09-28T19:29:37.8601028Z           317,
2026-09-28T19:29:37.8601114Z           313
2026-09-28T19:29:37.8601308Z         ],
2026-09-28T19:29:37.8601408Z         [
2026-09-28T19:29:37.8601545Z           192,
2026-09-28T19:29:37.8601686Z           -8988532119,
2026-09-28T19:29:37.8601770Z           318,
2026-09-28T19:29:37.8601942Z           314
2026-09-28T19:29:37.8602043Z         ],
2026-09-28T19:29:37.8602174Z         [
2026-09-28T19:29:37.8602275Z           193,
2026-09-28T19:29:37.8602395Z           704619864,
2026-09-28T19:29:37.8602579Z           320,
2026-09-28T19:29:37.8602678Z           316
2026-09-28T19:29:37.8602874Z         ],
2026-09-28T19:29:37.8602974Z         [
2026-09-28T19:29:37.8603093Z           194,
2026-09-28T19:29:37.8603277Z           4214022749,
2026-09-28T19:29:37.8603422Z           321,
2026-09-28T19:29:37.8603521Z           317
2026-09-28T19:29:37.8603655Z         ],
2026-09-28T19:29:37.8603796Z         [
2026-09-28T19:29:37.8603909Z           195,
2026-09-28T19:29:37.8604056Z           -7664349090,
2026-09-28T19:29:37.8604154Z           322,
2026-09-28T19:29:37.8604286Z           318
2026-09-28T19:29:37.8604385Z         ],
2026-09-28T19:29:37.8604517Z         [
2026-09-28T19:29:37.8604630Z           196,
2026-09-28T19:29:37.8604767Z           -3334937646,
2026-09-28T19:29:37.8604920Z           324,
2026-09-28T19:29:37.8605019Z           320
2026-09-28T19:29:37.8605153Z         ],
2026-09-28T19:29:37.8605265Z         [
2026-09-28T19:29:37.8605397Z           197,
2026-09-28T19:29:37.8605499Z           568388499,
2026-09-28T19:29:37.8605634Z           325,
2026-09-28T19:29:37.8605718Z           321
2026-09-28T19:29:37.8605883Z         ],
2026-09-28T19:29:37.8606063Z         [
2026-09-28T19:29:37.8606188Z           198,
2026-09-28T19:29:37.8606818Z           3440311482,
2026-09-28T19:29:37.8606913Z           326,
2026-09-28T19:29:37.8607082Z           322
2026-09-28T19:29:37.8607180Z         ],
2026-09-28T19:29:37.8607318Z         [
2026-09-28T19:29:37.8607419Z           199,
2026-09-28T19:29:37.8607543Z           -746561222,
2026-09-28T19:29:37.8607710Z           328,
2026-09-28T19:29:37.8607810Z           324
2026-09-28T19:29:37.8607968Z         ],
2026-09-28T19:29:37.8608070Z         [
2026-09-28T19:29:37.8608189Z           200,
2026-09-28T19:29:37.8608474Z           3495879918,
2026-09-28T19:29:37.8608654Z           329,
2026-09-28T19:29:37.8608793Z           325
2026-09-28T19:29:37.8608893Z         ],
2026-09-28T19:29:37.8609012Z         [
2026-09-28T19:29:37.8609129Z           201,
2026-09-28T19:29:37.8609283Z           -1809123426,
2026-09-28T19:29:37.8609385Z           330,
2026-09-28T19:29:37.8609552Z           326
2026-09-28T19:29:37.8609651Z         ],
2026-09-28T19:29:37.8609788Z         [
2026-09-28T19:29:37.8609977Z           202,
2026-09-28T19:29:37.8610080Z           2451865508,
2026-09-28T19:29:37.8610217Z           332,
2026-09-28T19:29:37.8610318Z           328
2026-09-28T19:29:37.8610516Z         ],
2026-09-28T19:29:37.8610630Z         [
2026-09-28T19:29:37.8610798Z           203,
2026-09-28T19:29:37.8610897Z           2368605104,
2026-09-28T19:29:37.8611031Z           333,
2026-09-28T19:29:37.8611179Z           329
2026-09-28T19:29:37.8611287Z         ],
2026-09-28T19:29:37.8611418Z         [
2026-09-28T19:29:37.8611519Z           204,
2026-09-28T19:29:37.8611659Z           -2961345618,
2026-09-28T19:29:37.8611742Z           334,
2026-09-28T19:29:37.8611906Z           330
2026-09-28T19:29:37.8612006Z         ],
2026-09-28T19:29:37.8612164Z         [
2026-09-28T19:29:37.8612299Z           205,
2026-09-28T19:29:37.8612386Z           6843232831,
2026-09-28T19:29:37.8612550Z           336,
2026-09-28T19:29:37.8612650Z           332
2026-09-28T19:29:37.8612784Z         ],
2026-09-28T19:29:37.8612884Z         [
2026-09-28T19:29:37.8613008Z           206,
2026-09-28T19:29:37.8613177Z           -4350574890,
2026-09-28T19:29:37.8613300Z           337,
2026-09-28T19:29:37.8613436Z           333
2026-09-28T19:29:37.8613534Z         ],
2026-09-28T19:29:37.8613657Z         [
2026-09-28T19:29:37.8613773Z           207,
2026-09-28T19:29:37.8613924Z           -903010032,
2026-09-28T19:29:37.8614023Z           338,
2026-09-28T19:29:37.8614156Z           334
2026-09-28T19:29:37.8614274Z         ],
2026-09-28T19:29:37.8614398Z         [
2026-09-28T19:29:37.8614568Z           208,
2026-09-28T19:29:37.8614674Z           1654709056,
2026-09-28T19:29:37.8614809Z           340,
2026-09-28T19:29:37.8614907Z           336
2026-09-28T19:29:37.8615045Z         ],
2026-09-28T19:29:37.8615155Z         [
2026-09-28T19:29:37.8615288Z           209,
2026-09-28T19:29:37.8615429Z           -16262238100,
2026-09-28T19:29:37.8615611Z           341,
2026-09-28T19:29:37.8615748Z           337
2026-09-28T19:29:37.8615888Z         ],
2026-09-28T19:29:37.8616080Z         [
2026-09-28T19:29:37.8616182Z           210,
2026-09-28T19:29:37.8616317Z           1447164336,
2026-09-28T19:29:37.8616402Z           342,
2026-09-28T19:29:37.8616575Z           338
2026-09-28T19:29:37.8616706Z         ],
2026-09-28T19:29:37.8616805Z         [
2026-09-28T19:29:37.8616940Z           211,
2026-09-28T19:29:37.8617050Z           6419031003,
2026-09-28T19:29:37.8617212Z           344,
2026-09-28T19:29:37.8617312Z           340
2026-09-28T19:29:37.8617446Z         ],
2026-09-28T19:29:37.8617546Z         [
2026-09-28T19:29:37.8617668Z           212,
2026-09-28T19:29:37.8617835Z           15787865709,
2026-09-28T19:29:37.8617933Z           345,
2026-09-28T19:29:37.8618065Z           341
2026-09-28T19:29:37.8618164Z         ],
2026-09-28T19:29:37.8618395Z         [
2026-09-28T19:29:37.8618523Z           213,
2026-09-28T19:29:37.8618681Z           8293303018,
2026-09-28T19:29:37.8618820Z           346,
2026-09-28T19:29:37.8618922Z           342
2026-09-28T19:29:37.8619043Z         ],
2026-09-28T19:29:37.8619163Z         [
2026-09-28T19:29:37.8619312Z           214,
2026-09-28T19:29:37.8619413Z           1875272231,
2026-09-28T19:29:37.8619546Z           348,
2026-09-28T19:29:37.8619672Z           344
2026-09-28T19:29:37.8619812Z         ],
2026-09-28T19:29:37.8619962Z         [
2026-09-28T19:29:37.8620061Z           215,
2026-09-28T19:29:37.8620203Z           -362515230,
2026-09-28T19:29:37.8620302Z           349,
2026-09-28T19:29:37.8620438Z           345
2026-09-28T19:29:37.8620554Z         ],
2026-09-28T19:29:37.8620688Z         [
2026-09-28T19:29:37.8620790Z           216,
2026-09-28T19:29:37.8620950Z           3770375364,
2026-09-28T19:29:37.8621083Z           350,
2026-09-28T19:29:37.8621199Z           346
2026-09-28T19:29:37.8621330Z         ],
2026-09-28T19:29:37.8621430Z         [
2026-09-28T19:29:37.8621567Z           217,
2026-09-28T19:29:37.8621657Z           54587864,
2026-09-28T19:29:37.8621822Z           352,
2026-09-28T19:29:37.8621921Z           348
2026-09-28T19:29:37.8622059Z         ],
2026-09-28T19:29:37.8622216Z         [
2026-09-28T19:29:37.8622301Z           218,
2026-09-28T19:29:37.8622469Z           -1409211960,
2026-09-28T19:29:37.8622572Z           353,
2026-09-28T19:29:37.8622708Z           349
2026-09-28T19:29:37.8622807Z         ],
2026-09-28T19:29:37.8622927Z         [
2026-09-28T19:29:37.8623091Z           219,
2026-09-28T19:29:37.8623195Z           -7344916731,
2026-09-28T19:29:37.8623351Z           354,
2026-09-28T19:29:37.8623454Z           350
2026-09-28T19:29:37.8623578Z         ],
2026-09-28T19:29:37.8623694Z         [
2026-09-28T19:29:37.8623842Z           220,
2026-09-28T19:29:37.8623942Z           1408804444,
2026-09-28T19:29:37.8624076Z           356,
2026-09-28T19:29:37.8624193Z           352
2026-09-28T19:29:37.8624327Z         ],
2026-09-28T19:29:37.8624479Z         [
2026-09-28T19:29:37.8624581Z           221,
2026-09-28T19:29:37.8624742Z           7193736519,
2026-09-28T19:29:37.8624843Z           357,
2026-09-28T19:29:37.8624978Z           353
2026-09-28T19:29:37.8625096Z         ],
2026-09-28T19:29:37.8625227Z         [
2026-09-28T19:29:37.8625364Z           222,
2026-09-28T19:29:37.8625466Z           -3323801365,
2026-09-28T19:29:37.8625600Z           358,
2026-09-28T19:29:37.8625717Z           354
2026-09-28T19:29:37.8625871Z         ],
2026-09-28T19:29:37.8625971Z         [
2026-09-28T19:29:37.8626107Z           223,
2026-09-28T19:29:37.8626194Z           -5086688784,
2026-09-28T19:29:37.8626364Z           360,
2026-09-28T19:29:37.8626497Z           356
2026-09-28T19:29:37.8626601Z         ],
2026-09-28T19:29:37.8626738Z         [
2026-09-28T19:29:37.8626823Z           224,
2026-09-28T19:29:37.8626996Z           -3966726150,
2026-09-28T19:29:37.8627095Z           361,
2026-09-28T19:29:37.8627259Z           357
2026-09-28T19:29:37.8627359Z         ],
2026-09-28T19:29:37.8627478Z         [
2026-09-28T19:29:37.8627713Z           225,
2026-09-28T19:29:37.8627821Z           -9478877895,
2026-09-28T19:29:37.8627956Z           362,
2026-09-28T19:29:37.8628111Z           358
2026-09-28T19:29:37.8628367Z         ],
2026-09-28T19:29:37.8628530Z         [
2026-09-28T19:29:37.8628723Z           226,
2026-09-28T19:29:37.8628867Z           -3390722964,
2026-09-28T19:29:37.8628971Z           364,
2026-09-28T19:29:37.8629091Z           360
2026-09-28T19:29:37.8629214Z         ],
2026-09-28T19:29:37.8629363Z         [
2026-09-28T19:29:37.8629462Z           227,
2026-09-28T19:29:37.8629603Z           -2420072060,
2026-09-28T19:29:37.8629709Z           365,
2026-09-28T19:29:37.8629874Z           361
2026-09-28T19:29:37.8630021Z         ],
2026-09-28T19:29:37.8630123Z         [
2026-09-28T19:29:37.8630257Z           228,
2026-09-28T19:29:37.8630364Z           -8159529392,
2026-09-28T19:29:37.8630510Z           366,
2026-09-28T19:29:37.8630624Z           362
2026-09-28T19:29:37.8630757Z         ],
2026-09-28T19:29:37.8630861Z         [
2026-09-28T19:29:37.8630999Z           229,
2026-09-28T19:29:37.8631167Z           13408942344,
2026-09-28T19:29:37.8631283Z           368,
2026-09-28T19:29:37.8631417Z           364
2026-09-28T19:29:37.8631520Z         ],
2026-09-28T19:29:37.8631655Z         [
2026-09-28T19:29:37.8631751Z           230,
2026-09-28T19:29:37.8631916Z           1448984220,
2026-09-28T19:29:37.8632018Z           369,
2026-09-28T19:29:37.8632153Z           365
2026-09-28T19:29:37.8632287Z         ],
2026-09-28T19:29:37.8632394Z         [
2026-09-28T19:29:37.8632554Z           231,
2026-09-28T19:29:37.8632660Z           -14709827346,
2026-09-28T19:29:37.8632797Z           370,
2026-09-28T19:29:37.8632898Z           366
2026-09-28T19:29:37.8633016Z         ],
2026-09-28T19:29:37.8633129Z         [
2026-09-28T19:29:37.8633278Z           232,
2026-09-28T19:29:37.8633418Z           -400552887,
2026-09-28T19:29:37.8633518Z           372,
2026-09-28T19:29:37.8633663Z           368
2026-09-28T19:29:37.8633786Z         ],
2026-09-28T19:29:37.8633938Z         [
2026-09-28T19:29:37.8634040Z           233,
2026-09-28T19:29:37.8634177Z           -3780346185,
2026-09-28T19:29:37.8634300Z           373,
2026-09-28T19:29:37.8634419Z           369
2026-09-28T19:29:37.8634565Z         ],
2026-09-28T19:29:37.8634664Z         [
2026-09-28T19:29:37.8634797Z           234,
2026-09-28T19:29:37.8634923Z           238508160,
2026-09-28T19:29:37.8635059Z           374,
2026-09-28T19:29:37.8635174Z           370
2026-09-28T19:29:37.8635307Z         ],
2026-09-28T19:29:37.8635440Z         [
2026-09-28T19:29:37.8635540Z           235,
2026-09-28T19:29:37.8635687Z           -34675992,
2026-09-28T19:29:37.8635799Z           376,
2026-09-28T19:29:37.8635933Z           372
2026-09-28T19:29:37.8636034Z         ],
2026-09-28T19:29:37.8636198Z         [
2026-09-28T19:29:37.8636283Z           236,
2026-09-28T19:29:37.8636461Z           -4515806376,
2026-09-28T19:29:37.8636593Z           377,
2026-09-28T19:29:37.8636694Z           373
2026-09-28T19:29:37.8636837Z         ],
2026-09-28T19:29:37.8636921Z         [
2026-09-28T19:29:37.8637100Z           237,
2026-09-28T19:29:37.8637205Z           -6795631830,
2026-09-28T19:29:37.8637347Z           378,
2026-09-28T19:29:37.8637471Z           374
2026-09-28T19:29:37.8637592Z         ],
2026-09-28T19:29:37.8637756Z         [
2026-09-28T19:29:37.8637854Z           238,
2026-09-28T19:29:37.8637990Z           -2027165747,
2026-09-28T19:29:37.8638091Z           380,
2026-09-28T19:29:37.8638208Z           376
2026-09-28T19:29:37.8638426Z         ],
2026-09-28T19:29:37.8638584Z         [
2026-09-28T19:29:37.8638685Z           239,
2026-09-28T19:29:37.8638843Z           5574577792,
2026-09-28T19:29:37.8638963Z           381,
2026-09-28T19:29:37.8639080Z           377
2026-09-28T19:29:37.8639226Z         ],
2026-09-28T19:29:37.8639326Z         [
2026-09-28T19:29:37.8639467Z           240,
2026-09-28T19:29:37.8639570Z           5144382000,
2026-09-28T19:29:37.8639716Z           382,
2026-09-28T19:29:37.8639869Z           378
2026-09-28T19:29:37.8640072Z         ],
2026-09-28T19:29:37.8640204Z         [
2026-09-28T19:29:37.8640301Z           241,
2026-09-28T19:29:37.8640504Z           -6107724173,
2026-09-28T19:29:37.8640616Z           384,
2026-09-28T19:29:37.8640748Z           380
2026-09-28T19:29:37.8640845Z         ],
2026-09-28T19:29:37.8640985Z         [
2026-09-28T19:29:37.8641123Z           242,
2026-09-28T19:29:37.8641256Z           2026225740,
2026-09-28T19:29:37.8641385Z           385,
2026-09-28T19:29:37.8641486Z           381
2026-09-28T19:29:37.8641616Z         ],
2026-09-28T19:29:37.8641699Z         [
2026-09-28T19:29:37.8641858Z           243,
2026-09-28T19:29:37.8641961Z           4933550830,
2026-09-28T19:29:37.8642093Z           386,
2026-09-28T19:29:37.8642226Z           382
2026-09-28T19:29:37.8642309Z         ],
2026-09-28T19:29:37.8642492Z         [
2026-09-28T19:29:37.8642592Z           244,
2026-09-28T19:29:37.8642724Z           -5056887726,
2026-09-28T19:29:37.8642822Z           388,
2026-09-28T19:29:37.8642944Z           384
2026-09-28T19:29:37.8643063Z         ],
2026-09-28T19:29:37.8643204Z         [
2026-09-28T19:29:37.8643334Z           245,
2026-09-28T19:29:37.8643438Z           4541461813,
2026-09-28T19:29:37.8643552Z           389,
2026-09-28T19:29:37.8643665Z           385
2026-09-28T19:29:37.8643833Z         ],
2026-09-28T19:29:37.8643928Z         [
2026-09-28T19:29:37.8644063Z           246,
2026-09-28T19:29:37.8644162Z           2440670544,
2026-09-28T19:29:37.8644294Z           390,
2026-09-28T19:29:37.8644436Z           386
2026-09-28T19:29:37.8644534Z         ],
2026-09-28T19:29:37.8644664Z         [
2026-09-28T19:29:37.8644764Z           247,
2026-09-28T19:29:37.8644919Z           1568309932,
2026-09-28T19:29:37.8645029Z           392,
2026-09-28T19:29:37.8645159Z           388
2026-09-28T19:29:37.8645289Z         ],
2026-09-28T19:29:37.8645384Z         [
2026-09-28T19:29:37.8645516Z           248,
2026-09-28T19:29:37.8645629Z           8948809944,
2026-09-28T19:29:37.8645762Z           393,
2026-09-28T19:29:37.8645864Z           389
2026-09-28T19:29:37.8645999Z         ],
2026-09-28T19:29:37.8646082Z         [
2026-09-28T19:29:37.8646276Z           249,
2026-09-28T19:29:37.8646406Z           78387322,
2026-09-28T19:29:37.8646504Z           394,
2026-09-28T19:29:37.8646632Z           390
2026-09-28T19:29:37.8646714Z         ],
2026-09-28T19:29:37.8646884Z         [
2026-09-28T19:29:37.8646981Z           250,
2026-09-28T19:29:37.8647630Z           13620688556,
2026-09-28T19:29:37.8647728Z           396,
2026-09-28T19:29:37.8647869Z           392
2026-09-28T19:29:37.8648029Z         ],
2026-09-28T19:29:37.8648125Z         [
2026-09-28T19:29:37.8648416Z           251,
2026-09-28T19:29:37.8648557Z           -2448689430,
2026-09-28T19:29:37.8648785Z           397,
2026-09-28T19:29:37.8648905Z           393
2026-09-28T19:29:37.8649047Z         ],
2026-09-28T19:29:37.8649145Z         [
2026-09-28T19:29:37.8649275Z           252,
2026-09-28T19:29:37.8649417Z           2020448604,
2026-09-28T19:29:37.8649535Z           398,
2026-09-28T19:29:37.8649680Z           394
2026-09-28T19:29:37.8649776Z         ],
2026-09-28T19:29:37.8649907Z         [
2026-09-28T19:29:37.8650010Z           253,
2026-09-28T19:29:37.8650145Z           3319057352,
2026-09-28T19:29:37.8650290Z           400,
2026-09-28T19:29:37.8650388Z           396
2026-09-28T19:29:37.8650517Z         ],
2026-09-28T19:29:37.8650636Z         [
2026-09-28T19:29:37.8650768Z           254,
2026-09-28T19:29:37.8650881Z           11334846292,
2026-09-28T19:29:37.8651013Z           401,
2026-09-28T19:29:37.8651111Z           397
2026-09-28T19:29:37.8651243Z         ],
2026-09-28T19:29:37.8651377Z         [
2026-09-28T19:29:37.8651485Z           255,
2026-09-28T19:29:37.8651617Z           -2655466030,
2026-09-28T19:29:37.8651715Z           402,
2026-09-28T19:29:37.8651867Z           398
2026-09-28T19:29:37.8651949Z         ]
2026-09-28T19:29:37.8652113Z       ]
2026-09-28T19:29:37.8652211Z     },
2026-09-28T19:29:37.8652354Z     "iverilog": {
2026-09-28T19:29:37.8652571Z       "products": 256,
2026-09-28T19:29:37.8652659Z       "resets": [
2026-09-28T19:29:37.8652822Z         [
2026-09-28T19:29:37.8652985Z           "pipeline",
2026-09-28T19:29:37.8653142Z           "7",
2026-09-28T19:29:37.8653241Z           "6",
2026-09-28T19:29:37.8653341Z           "0"
2026-09-28T19:29:37.8653550Z         ],
2026-09-28T19:29:37.8653699Z         [
2026-09-28T19:29:37.8653835Z           "full",
2026-09-28T19:29:37.8653936Z           "36",
2026-09-28T19:29:37.8654052Z           "8",
2026-09-28T19:29:37.8654165Z           "0"
2026-09-28T19:29:37.8654330Z         ]
2026-09-28T19:29:37.8654428Z       ],
2026-09-28T19:29:37.8654578Z       "credit_checks": [
2026-09-28T19:29:37.8654676Z         [
2026-09-28T19:29:37.8654810Z           "32",
2026-09-28T19:29:37.8654953Z           "8",
2026-09-28T19:29:37.8655052Z           "0"
2026-09-28T19:29:37.8655185Z         ],
2026-09-28T19:29:37.8655286Z         [
2026-09-28T19:29:37.8655428Z           "32",
2026-09-28T19:29:37.8655578Z           "11",
2026-09-28T19:29:37.8655711Z           "3"
2026-09-28T19:29:37.8655843Z         ]
2026-09-28T19:29:37.8655942Z       ],
2026-09-28T19:29:37.8656132Z       "first_product_latency_cycles": 4,
2026-09-28T19:29:37.8656259Z       "final_cycle": 403,
2026-09-28T19:29:37.8656397Z       "rows": [
2026-09-28T19:29:37.8656493Z         [
2026-09-28T19:29:37.8656631Z           0,
2026-09-28T19:29:37.8656718Z           17179869184,
2026-09-28T19:29:37.8656907Z           4,
2026-09-28T19:29:37.8657035Z           0
2026-09-28T19:29:37.8657132Z         ],
2026-09-28T19:29:37.8657262Z         [
2026-09-28T19:29:37.8657345Z           1,
2026-09-28T19:29:37.8657504Z           17179738112,
2026-09-28T19:29:37.8657606Z           5,
2026-09-28T19:29:37.8657737Z           1
2026-09-28T19:29:37.8657836Z         ],
2026-09-28T19:29:37.8657956Z         [
2026-09-28T19:29:37.8658145Z           2,
2026-09-28T19:29:37.8658868Z           8589934592,
2026-09-28T19:29:37.8659014Z           6,
2026-09-28T19:29:37.8659117Z           2
2026-09-28T19:29:37.8659242Z         ],
2026-09-28T19:29:37.8659364Z         [
2026-09-28T19:29:37.8659512Z           3,
2026-09-28T19:29:37.8659618Z           131072,
2026-09-28T19:29:37.8659757Z           72,
2026-09-28T19:29:37.8659877Z           4
2026-09-28T19:29:37.8660014Z         ],
2026-09-28T19:29:37.8660168Z         [
2026-09-28T19:29:37.8660267Z           4,
2026-09-28T19:29:37.8660402Z           0,
2026-09-28T19:29:37.8660502Z           73,
2026-09-28T19:29:37.8660643Z           5
2026-09-28T19:29:37.8660758Z         ],
2026-09-28T19:29:37.8660896Z         [
2026-09-28T19:29:37.8661033Z           5,
2026-09-28T19:29:37.8661140Z           -131072,
2026-09-28T19:29:37.8661298Z           74,
2026-09-28T19:29:37.8661414Z           6
2026-09-28T19:29:37.8661543Z         ],
2026-09-28T19:29:37.8661642Z         [
2026-09-28T19:29:37.8661775Z           6,
2026-09-28T19:29:37.8661916Z           -8589803520,
2026-09-28T19:29:37.8662030Z           75,
2026-09-28T19:29:37.8662165Z           8
2026-09-28T19:29:37.8662268Z         ],
2026-09-28T19:29:37.8662402Z         [
2026-09-28T19:29:37.8662509Z           7,
2026-09-28T19:29:37.8662678Z           -17179738112,
2026-09-28T19:29:37.8662782Z           76,
2026-09-28T19:29:37.8662916Z           9
2026-09-28T19:29:37.8663049Z         ],
2026-09-28T19:29:37.8663133Z         [
2026-09-28T19:29:37.8663296Z           8,
2026-09-28T19:29:37.8663399Z           17179738112,
2026-09-28T19:29:37.8663533Z           77,
2026-09-28T19:29:37.8663631Z           10
2026-09-28T19:29:37.8663773Z         ],
2026-09-28T19:29:37.8663889Z         [
2026-09-28T19:29:37.8664036Z           9,
2026-09-28T19:29:37.8664170Z           17179607041,
2026-09-28T19:29:37.8664270Z           78,
2026-09-28T19:29:37.8664387Z           12
2026-09-28T19:29:37.8664501Z         ],
2026-09-28T19:29:37.8664646Z         [
2026-09-28T19:29:37.8664745Z           10,
2026-09-28T19:29:37.8664884Z           8589869056,
2026-09-28T19:29:37.8665008Z           80,
2026-09-28T19:29:37.8665145Z           13
2026-09-28T19:29:37.8665362Z         ],
2026-09-28T19:29:37.8665465Z         [
2026-09-28T19:29:37.8665602Z           11,
2026-09-28T19:29:37.8665706Z           131071,
2026-09-28T19:29:37.8665905Z           81,
2026-09-28T19:29:37.8666017Z           73
2026-09-28T19:29:37.8666180Z         ],
2026-09-28T19:29:37.8666280Z         [
2026-09-28T19:29:37.8666418Z           12,
2026-09-28T19:29:37.8666550Z           0,
2026-09-28T19:29:37.8666664Z           82,
2026-09-28T19:29:37.8666797Z           74
2026-09-28T19:29:37.8666897Z         ],
2026-09-28T19:29:37.8667030Z         [
2026-09-28T19:29:37.8667113Z           13,
2026-09-28T19:29:37.8667288Z           -131071,
2026-09-28T19:29:37.8667387Z           83,
2026-09-28T19:29:37.8667548Z           76
2026-09-28T19:29:37.8667681Z         ],
2026-09-28T19:29:37.8667765Z         [
2026-09-28T19:29:37.8667930Z           14,
2026-09-28T19:29:37.8668035Z           -8589737985,
2026-09-28T19:29:37.8668169Z           84,
2026-09-28T19:29:37.8668416Z           77
2026-09-28T19:29:37.8668702Z         ],
2026-09-28T19:29:37.8668824Z         [
2026-09-28T19:29:37.8669000Z           15,
2026-09-28T19:29:37.8669138Z           -17179607041,
2026-09-28T19:29:37.8669241Z           85,
2026-09-28T19:29:37.8669360Z           78
2026-09-28T19:29:37.8669484Z         ],
2026-09-28T19:29:37.8669632Z         [
2026-09-28T19:29:37.8669728Z           16,
2026-09-28T19:29:37.8669870Z           8589934592,
2026-09-28T19:29:37.8669968Z           86,
2026-09-28T19:29:37.8670105Z           80
2026-09-28T19:29:37.8670277Z         ],
2026-09-28T19:29:37.8670376Z         [
2026-09-28T19:29:37.8670512Z           17,
2026-09-28T19:29:37.8670613Z           8589869056,
2026-09-28T19:29:37.8670756Z           88,
2026-09-28T19:29:37.8670871Z           81
2026-09-28T19:29:37.8671002Z         ],
2026-09-28T19:29:37.8671137Z         [
2026-09-28T19:29:37.8671237Z           18,
2026-09-28T19:29:37.8671377Z           4294967296,
2026-09-28T19:29:37.8671518Z           89,
2026-09-28T19:29:37.8671651Z           82
2026-09-28T19:29:37.8671752Z         ],
2026-09-28T19:29:37.8671887Z         [
2026-09-28T19:29:37.8671972Z           19,
2026-09-28T19:29:37.8672148Z           65536,
2026-09-28T19:29:37.8672279Z           90,
2026-09-28T19:29:37.8672379Z           84
2026-09-28T19:29:37.8672510Z         ],
2026-09-28T19:29:37.8672595Z         [
2026-09-28T19:29:37.8672781Z           20,
2026-09-28T19:29:37.8672881Z           0,
2026-09-28T19:29:37.8673016Z           91,
2026-09-28T19:29:37.8673116Z           85
2026-09-28T19:29:37.8673236Z         ],
2026-09-28T19:29:37.8673402Z         [
2026-09-28T19:29:37.8673501Z           21,
2026-09-28T19:29:37.8673638Z           -65536,
2026-09-28T19:29:37.8673737Z           92,
2026-09-28T19:29:37.8673853Z           86
2026-09-28T19:29:37.8673970Z         ],
2026-09-28T19:29:37.8674138Z         [
2026-09-28T19:29:37.8674238Z           22,
2026-09-28T19:29:37.8674378Z           -4294901760,
2026-09-28T19:29:37.8674493Z           93,
2026-09-28T19:29:37.8674607Z           88
2026-09-28T19:29:37.8674754Z         ],
2026-09-28T19:29:37.8674853Z         [
2026-09-28T19:29:37.8674987Z           23,
2026-09-28T19:29:37.8675091Z           -8589869056,
2026-09-28T19:29:37.8675264Z           94,
2026-09-28T19:29:37.8675377Z           89
2026-09-28T19:29:37.8675509Z         ],
2026-09-28T19:29:37.8675646Z         [
2026-09-28T19:29:37.8675747Z           24,
2026-09-28T19:29:37.8675892Z           131072,
2026-09-28T19:29:37.8676003Z           96,
2026-09-28T19:29:37.8676135Z           90
2026-09-28T19:29:37.8676236Z         ],
2026-09-28T19:29:37.8676370Z         [
2026-09-28T19:29:37.8676529Z           25,
2026-09-28T19:29:37.8676644Z           131071,
2026-09-28T19:29:37.8676774Z           97,
2026-09-28T19:29:37.8676874Z           92
2026-09-28T19:29:37.8677016Z         ],
2026-09-28T19:29:37.8677099Z         [
2026-09-28T19:29:37.8677260Z           26,
2026-09-28T19:29:37.8677357Z           65536,
2026-09-28T19:29:37.8677490Z           98,
2026-09-28T19:29:37.8677619Z           93
2026-09-28T19:29:37.8677823Z         ],
2026-09-28T19:29:37.8677988Z         [
2026-09-28T19:29:37.8678088Z           27,
2026-09-28T19:29:37.8678307Z           1,
2026-09-28T19:29:37.8678483Z           99,
2026-09-28T19:29:37.8678601Z           94
2026-09-28T19:29:37.8678718Z         ],
2026-09-28T19:29:37.8678865Z         [
2026-09-28T19:29:37.8679024Z           28,
2026-09-28T19:29:37.8679126Z           0,
2026-09-28T19:29:37.8679248Z           100,
2026-09-28T19:29:37.8679375Z           96
2026-09-28T19:29:37.8679524Z         ],
2026-09-28T19:29:37.8679622Z         [
2026-09-28T19:29:37.8679761Z           29,
2026-09-28T19:29:37.8679865Z           -1,
2026-09-28T19:29:37.8680001Z           101,
2026-09-28T19:29:37.8680148Z           97
2026-09-28T19:29:37.8680250Z         ],
2026-09-28T19:29:37.8680411Z         [
2026-09-28T19:29:37.8680514Z           30,
2026-09-28T19:29:37.8680651Z           -65535,
2026-09-28T19:29:37.8680764Z           102,
2026-09-28T19:29:37.8680897Z           98
2026-09-28T19:29:37.8680996Z         ],
2026-09-28T19:29:37.8681135Z         [
2026-09-28T19:29:37.8681274Z           31,
2026-09-28T19:29:37.8681394Z           -131071,
2026-09-28T19:29:37.8681555Z           104,
2026-09-28T19:29:37.8681657Z           100
2026-09-28T19:29:37.8681793Z         ],
2026-09-28T19:29:37.8681878Z         [
2026-09-28T19:29:37.8682042Z           32,
2026-09-28T19:29:37.8682142Z           0,
2026-09-28T19:29:37.8682275Z           105,
2026-09-28T19:29:37.8682405Z           101
2026-09-28T19:29:37.8682490Z         ],
2026-09-28T19:29:37.8682653Z         [
2026-09-28T19:29:37.8682752Z           33,
2026-09-28T19:29:37.8682910Z           0,
2026-09-28T19:29:37.8683010Z           106,
2026-09-28T19:29:37.8683129Z           102
2026-09-28T19:29:37.8683306Z         ],
2026-09-28T19:29:37.8683403Z         [
2026-09-28T19:29:37.8683534Z           34,
2026-09-28T19:29:37.8683633Z           0,
2026-09-28T19:29:37.8683756Z           108,
2026-09-28T19:29:37.8683872Z           104
2026-09-28T19:29:37.8684036Z         ],
2026-09-28T19:29:37.8684138Z         [
2026-09-28T19:29:37.8684276Z           35,
2026-09-28T19:29:37.8684375Z           0,
2026-09-28T19:29:37.8684508Z           109,
2026-09-28T19:29:37.8684661Z           105
2026-09-28T19:29:37.8684761Z         ],
2026-09-28T19:29:37.8684900Z         [
2026-09-28T19:29:37.8685002Z           36,
2026-09-28T19:29:37.8685138Z           0,
2026-09-28T19:29:37.8685253Z           110,
2026-09-28T19:29:37.8685411Z           106
2026-09-28T19:29:37.8685545Z         ],
2026-09-28T19:29:37.8685646Z         [
2026-09-28T19:29:37.8685783Z           37,
2026-09-28T19:29:37.8685899Z           0,
2026-09-28T19:29:37.8686032Z           112,
2026-09-28T19:29:37.8686133Z           108
2026-09-28T19:29:37.8686267Z         ],
2026-09-28T19:29:37.8686351Z         [
2026-09-28T19:29:37.8686538Z           38,
2026-09-28T19:29:37.8686672Z           0,
2026-09-28T19:29:37.8686771Z           113,
2026-09-28T19:29:37.8686906Z           109
2026-09-28T19:29:37.8686990Z         ],
2026-09-28T19:29:37.8687157Z         [
2026-09-28T19:29:37.8687258Z           39,
2026-09-28T19:29:37.8687396Z           0,
2026-09-28T19:29:37.8687498Z           114,
2026-09-28T19:29:37.8687620Z           110
2026-09-28T19:29:37.8687805Z         ],
2026-09-28T19:29:37.8687901Z         [
2026-09-28T19:29:37.8688037Z           40,
2026-09-28T19:29:37.8688143Z           -131072,
2026-09-28T19:29:37.8688427Z           116,
2026-09-28T19:29:37.8688586Z           112
2026-09-28T19:29:37.8688842Z         ],
2026-09-28T19:29:37.8688947Z         [
2026-09-28T19:29:37.8689085Z           41,
2026-09-28T19:29:37.8689210Z           -131071,
2026-09-28T19:29:37.8689328Z           117,
2026-09-28T19:29:37.8689507Z           113
2026-09-28T19:29:37.8689610Z         ],
2026-09-28T19:29:37.8689744Z         [
2026-09-28T19:29:37.8689850Z           42,
2026-09-28T19:29:37.8689998Z           -65536,
2026-09-28T19:29:37.8690115Z           118,
2026-09-28T19:29:37.8690254Z           114
2026-09-28T19:29:37.8690391Z         ],
2026-09-28T19:29:37.8690493Z         [
2026-09-28T19:29:37.8690747Z           43,
2026-09-28T19:29:37.8690868Z           -1,
2026-09-28T19:29:37.8691003Z           120,
2026-09-28T19:29:37.8691167Z           116
2026-09-28T19:29:37.8691309Z         ],
2026-09-28T19:29:37.8691450Z         [
2026-09-28T19:29:37.8691564Z           44,
2026-09-28T19:29:37.8691695Z           0,
2026-09-28T19:29:37.8691796Z           121,
2026-09-28T19:29:37.8691956Z           117
2026-09-28T19:29:37.8692041Z         ],
2026-09-28T19:29:37.8692201Z         [
2026-09-28T19:29:37.8692300Z           45,
2026-09-28T19:29:37.8692435Z           1,
2026-09-28T19:29:37.8692569Z           122,
2026-09-28T19:29:37.8692653Z           118
2026-09-28T19:29:37.8692812Z         ],
2026-09-28T19:29:37.8692910Z         [
2026-09-28T19:29:37.8693043Z           46,
2026-09-28T19:29:37.8693168Z           65535,
2026-09-28T19:29:37.8693287Z           124,
2026-09-28T19:29:37.8693414Z           120
2026-09-28T19:29:37.8693560Z         ],
2026-09-28T19:29:37.8693691Z         [
2026-09-28T19:29:37.8693796Z           47,
2026-09-28T19:29:37.8693916Z           131071,
2026-09-28T19:29:37.8694032Z           125,
2026-09-28T19:29:37.8694182Z           121
2026-09-28T19:29:37.8694280Z         ],
2026-09-28T19:29:37.8694437Z         [
2026-09-28T19:29:37.8694537Z           48,
2026-09-28T19:29:37.8694675Z           -8589803520,
2026-09-28T19:29:37.8694819Z           126,
2026-09-28T19:29:37.8694920Z           122
2026-09-28T19:29:37.8695053Z         ],
2026-09-28T19:29:37.8695154Z         [
2026-09-28T19:29:37.8695287Z           49,
2026-09-28T19:29:37.8695404Z           -8589737985,
2026-09-28T19:29:37.8695542Z           128,
2026-09-28T19:29:37.8695665Z           124
2026-09-28T19:29:37.8695809Z         ],
2026-09-28T19:29:37.8695958Z         [
2026-09-28T19:29:37.8696072Z           50,
2026-09-28T19:29:37.8696209Z           -4294901760,
2026-09-28T19:29:37.8696310Z           129,
2026-09-28T19:29:37.8696458Z           125
2026-09-28T19:29:37.8696594Z         ],
2026-09-28T19:29:37.8696757Z         [
2026-09-28T19:29:37.8696917Z           51,
2026-09-28T19:29:37.8697021Z           -65535,
2026-09-28T19:29:37.8697156Z           130,
2026-09-28T19:29:37.8697244Z           126
2026-09-28T19:29:37.8697408Z         ],
2026-09-28T19:29:37.8697506Z         [
2026-09-28T19:29:37.8697640Z           52,
2026-09-28T19:29:37.8697739Z           0,
2026-09-28T19:29:37.8697858Z           132,
2026-09-28T19:29:37.8698030Z           128
2026-09-28T19:29:37.8698128Z         ],
2026-09-28T19:29:37.8698382Z         [
2026-09-28T19:29:37.8698492Z           53,
2026-09-28T19:29:37.8698612Z           65535,
2026-09-28T19:29:37.8698745Z           133,
2026-09-28T19:29:37.8698895Z           129
2026-09-28T19:29:37.8698995Z         ],
2026-09-28T19:29:37.8699134Z         [
2026-09-28T19:29:37.8699256Z           54,
2026-09-28T19:29:37.8699379Z           4294836225,
2026-09-28T19:29:37.8699552Z           134,
2026-09-28T19:29:37.8699652Z           130
2026-09-28T19:29:37.8699787Z         ],
2026-09-28T19:29:37.8699886Z         [
2026-09-28T19:29:37.8700032Z           55,
2026-09-28T19:29:37.8700151Z           8589737985,
2026-09-28T19:29:37.8700286Z           136,
2026-09-28T19:29:37.8700429Z           132
2026-09-28T19:29:37.8700530Z         ],
2026-09-28T19:29:37.8700666Z         [
2026-09-28T19:29:37.8700780Z           56,
2026-09-28T19:29:37.8700942Z           -17179738112,
2026-09-28T19:29:37.8701042Z           137,
2026-09-28T19:29:37.8701179Z           133
2026-09-28T19:29:37.8701263Z         ],
2026-09-28T19:29:37.8701429Z         [
2026-09-28T19:29:37.8701561Z           57,
2026-09-28T19:29:37.8701670Z           -17179607041,
2026-09-28T19:29:37.8701806Z           138,
2026-09-28T19:29:37.8701890Z           134
2026-09-28T19:29:37.8702074Z         ],
2026-09-28T19:29:37.8702175Z         [
2026-09-28T19:29:37.8702311Z           58,
2026-09-28T19:29:37.8702417Z           -8589869056,
2026-09-28T19:29:37.8702537Z           140,
2026-09-28T19:29:37.8702699Z           136
2026-09-28T19:29:37.8702799Z         ],
2026-09-28T19:29:37.8703022Z         [
2026-09-28T19:29:37.8703121Z           59,
2026-09-28T19:29:37.8703243Z           -131071,
2026-09-28T19:29:37.8703390Z           141,
2026-09-28T19:29:37.8703598Z           137
2026-09-28T19:29:37.8703735Z         ],
2026-09-28T19:29:37.8703839Z         [
2026-09-28T19:29:37.8703958Z           60,
2026-09-28T19:29:37.8704077Z           0,
2026-09-28T19:29:37.8704228Z           142,
2026-09-28T19:29:37.8704325Z           138
2026-09-28T19:29:37.8704457Z         ],
2026-09-28T19:29:37.8704580Z         [
2026-09-28T19:29:37.8704717Z           61,
2026-09-28T19:29:37.8704866Z           131071,
2026-09-28T19:29:37.8704966Z           144,
2026-09-28T19:29:37.8705098Z           140
2026-09-28T19:29:37.8705197Z         ],
2026-09-28T19:29:37.8705328Z         [
2026-09-28T19:29:37.8705443Z           62,
2026-09-28T19:29:37.8705583Z           8589737985,
2026-09-28T19:29:37.8705684Z           145,
2026-09-28T19:29:37.8705845Z           141
2026-09-28T19:29:37.8706355Z         ],
2026-09-28T19:29:37.8706505Z         [
2026-09-28T19:29:37.8706640Z           63,
2026-09-28T19:29:37.8706746Z           17179607041,
2026-09-28T19:29:37.8706885Z           146,
2026-09-28T19:29:37.8706969Z           142
2026-09-28T19:29:37.8707149Z         ],
2026-09-28T19:29:37.8707252Z         [
2026-09-28T19:29:37.8707387Z           64,
2026-09-28T19:29:37.8707550Z           -1812934134,
2026-09-28T19:29:37.8707637Z           148,
2026-09-28T19:29:37.8707798Z           144
2026-09-28T19:29:37.8707901Z         ],
2026-09-28T19:29:37.8708036Z         [
2026-09-28T19:29:37.8708136Z           65,
2026-09-28T19:29:37.8708356Z           1536096423,
2026-09-28T19:29:37.8708527Z           149,
2026-09-28T19:29:37.8708630Z           145
2026-09-28T19:29:37.8708764Z         ],
2026-09-28T19:29:37.8708886Z         [
2026-09-28T19:29:37.8709002Z           66,
2026-09-28T19:29:37.8709125Z           5440644901,
2026-09-28T19:29:37.8709272Z           150,
2026-09-28T19:29:37.8709370Z           146
2026-09-28T19:29:37.8709503Z         ],
2026-09-28T19:29:37.8709627Z         [
2026-09-28T19:29:37.8709741Z           67,
2026-09-28T19:29:37.8709920Z           -1273939616,
2026-09-28T19:29:37.8710033Z           152,
2026-09-28T19:29:37.8710194Z           148
2026-09-28T19:29:37.8710295Z         ],
2026-09-28T19:29:37.8710430Z         [
2026-09-28T19:29:37.8710544Z           68,
2026-09-28T19:29:37.8710686Z           -12752632370,
2026-09-28T19:29:37.8710818Z           153,
2026-09-28T19:29:37.8710918Z           149
2026-09-28T19:29:37.8711052Z         ],
2026-09-28T19:29:37.8711163Z         [
2026-09-28T19:29:37.8711292Z           69,
2026-09-28T19:29:37.8711419Z           -607328616,
2026-09-28T19:29:37.8711554Z           154,
2026-09-28T19:29:37.8711638Z           150
2026-09-28T19:29:37.8711798Z         ],
2026-09-28T19:29:37.8711929Z         [
2026-09-28T19:29:37.8712027Z           70,
2026-09-28T19:29:37.8712166Z           -6377379840,
2026-09-28T19:29:37.8712250Z           156,
2026-09-28T19:29:37.8712411Z           152
2026-09-28T19:29:37.8712516Z         ],
2026-09-28T19:29:37.8712673Z         [
2026-09-28T19:29:37.8712772Z           71,
2026-09-28T19:29:37.8712897Z           3259767414,
2026-09-28T19:29:37.8713079Z           157,
2026-09-28T19:29:37.8713183Z           153
2026-09-28T19:29:37.8713316Z         ],
2026-09-28T19:29:37.8713414Z         [
2026-09-28T19:29:37.8713529Z           72,
2026-09-28T19:29:37.8713647Z           -1258525909,
2026-09-28T19:29:37.8713793Z           158,
2026-09-28T19:29:37.8713917Z           154
2026-09-28T19:29:37.8714050Z         ],
2026-09-28T19:29:37.8714166Z         [
2026-09-28T19:29:37.8714281Z           73,
2026-09-28T19:29:37.8714430Z           -791561888,
2026-09-28T19:29:37.8714530Z           160,
2026-09-28T19:29:37.8714663Z           156
2026-09-28T19:29:37.8714761Z         ],
2026-09-28T19:29:37.8714893Z         [
2026-09-28T19:29:37.8715060Z           74,
2026-09-28T19:29:37.8715161Z           902971662,
2026-09-28T19:29:37.8715298Z           161,
2026-09-28T19:29:37.8715394Z           157
2026-09-28T19:29:37.8715623Z         ],
2026-09-28T19:29:37.8715737Z         [
2026-09-28T19:29:37.8715869Z           75,
2026-09-28T19:29:37.8716028Z           888344330,
2026-09-28T19:29:37.8716166Z           162,
2026-09-28T19:29:37.8716326Z           158
2026-09-28T19:29:37.8716442Z         ],
2026-09-28T19:29:37.8716572Z         [
2026-09-28T19:29:37.8716672Z           76,
2026-09-28T19:29:37.8716808Z           584066688,
2026-09-28T19:29:37.8716892Z           164,
2026-09-28T19:29:37.8717052Z           160
2026-09-28T19:29:37.8717153Z         ],
2026-09-28T19:29:37.8717287Z         [
2026-09-28T19:29:37.8717420Z           77,
2026-09-28T19:29:37.8717506Z           372219408,
2026-09-28T19:29:37.8717705Z           165,
2026-09-28T19:29:37.8717805Z           161
2026-09-28T19:29:37.8717937Z         ],
2026-09-28T19:29:37.8718037Z         [
2026-09-28T19:29:37.8718166Z           78,
2026-09-28T19:29:37.8718370Z           -2405879000,
2026-09-28T19:29:37.8718528Z           166,
2026-09-28T19:29:37.8718670Z           162
2026-09-28T19:29:37.8718773Z         ],
2026-09-28T19:29:37.8718915Z         [
2026-09-28T19:29:37.8719034Z           79,
2026-09-28T19:29:37.8719185Z           71768433,
2026-09-28T19:29:37.8719287Z           168,
2026-09-28T19:29:37.8719422Z           164
2026-09-28T19:29:37.8719521Z         ],
2026-09-28T19:29:37.8719654Z         [
2026-09-28T19:29:37.8719801Z           80,
2026-09-28T19:29:37.8719904Z           16411239500,
2026-09-28T19:29:37.8720039Z           169,
2026-09-28T19:29:37.8720163Z           165
2026-09-28T19:29:37.8720293Z         ],
2026-09-28T19:29:37.8720410Z         [
2026-09-28T19:29:37.8720547Z           81,
2026-09-28T19:29:37.8720692Z           -5474329920,
2026-09-28T19:29:37.8720792Z           170,
2026-09-28T19:29:37.8720929Z           166
2026-09-28T19:29:37.8721043Z         ],
2026-09-28T19:29:37.8721175Z         [
2026-09-28T19:29:37.8721276Z           82,
2026-09-28T19:29:37.8721437Z           31939503,
2026-09-28T19:29:37.8721521Z           172,
2026-09-28T19:29:37.8721692Z           168
2026-09-28T19:29:37.8721826Z         ],
2026-09-28T19:29:37.8721928Z         [
2026-09-28T19:29:37.8722072Z           83,
2026-09-28T19:29:37.8722166Z           -15618524922,
2026-09-28T19:29:37.8722337Z           173,
2026-09-28T19:29:37.8722437Z           169
2026-09-28T19:29:37.8722572Z         ],
2026-09-28T19:29:37.8722697Z         [
2026-09-28T19:29:37.8722818Z           84,
2026-09-28T19:29:37.8722986Z           8478108672,
2026-09-28T19:29:37.8723087Z           174,
2026-09-28T19:29:37.8723223Z           170
2026-09-28T19:29:37.8723323Z         ],
2026-09-28T19:29:37.8723444Z         [
2026-09-28T19:29:37.8723559Z           85,
2026-09-28T19:29:37.8723716Z           10250611884,
2026-09-28T19:29:37.8723814Z           176,
2026-09-28T19:29:37.8723972Z           172
2026-09-28T19:29:37.8724093Z         ],
2026-09-28T19:29:37.8724207Z         [
2026-09-28T19:29:37.8724352Z           86,
2026-09-28T19:29:37.8724455Z           2264339706,
2026-09-28T19:29:37.8724590Z           177,
2026-09-28T19:29:37.8724691Z           173
2026-09-28T19:29:37.8724829Z         ],
2026-09-28T19:29:37.8724975Z         [
2026-09-28T19:29:37.8725078Z           87,
2026-09-28T19:29:37.8725239Z           2695134585,
2026-09-28T19:29:37.8725340Z           178,
2026-09-28T19:29:37.8725470Z           174
2026-09-28T19:29:37.8725587Z         ],
2026-09-28T19:29:37.8725723Z         [
2026-09-28T19:29:37.8725823Z           88,
2026-09-28T19:29:37.8725964Z           8201213685,
2026-09-28T19:29:37.8726104Z           180,
2026-09-28T19:29:37.8726217Z           176
2026-09-28T19:29:37.8726350Z         ],
2026-09-28T19:29:37.8726473Z         [
2026-09-28T19:29:37.8726605Z           89,
2026-09-28T19:29:37.8726691Z           3471693654,
2026-09-28T19:29:37.8726859Z           181,
2026-09-28T19:29:37.8726956Z           177
2026-09-28T19:29:37.8727092Z         ],
2026-09-28T19:29:37.8727225Z         [
2026-09-28T19:29:37.8727309Z           90,
2026-09-28T19:29:37.8727476Z           6307213752,
2026-09-28T19:29:37.8727685Z           182,
2026-09-28T19:29:37.8727820Z           178
2026-09-28T19:29:37.8727921Z         ],
2026-09-28T19:29:37.8728043Z         [
2026-09-28T19:29:37.8728216Z           91,
2026-09-28T19:29:37.8728600Z           2718206208,
2026-09-28T19:29:37.8728809Z           184,
2026-09-28T19:29:37.8728916Z           180
2026-09-28T19:29:37.8729035Z         ],
2026-09-28T19:29:37.8729155Z         [
2026-09-28T19:29:37.8729328Z           92,
2026-09-28T19:29:37.8729433Z           -901614816,
2026-09-28T19:29:37.8729569Z           185,
2026-09-28T19:29:37.8729669Z           181
2026-09-28T19:29:37.8729814Z         ],
2026-09-28T19:29:37.8729965Z         [
2026-09-28T19:29:37.8730064Z           93,
2026-09-28T19:29:37.8730202Z           -8597096948,
2026-09-28T19:29:37.8730301Z           186,
2026-09-28T19:29:37.8730435Z           182
2026-09-28T19:29:37.8730573Z         ],
2026-09-28T19:29:37.8730706Z         [
2026-09-28T19:29:37.8730804Z           94,
2026-09-28T19:29:37.8730942Z           5107604787,
2026-09-28T19:29:37.8731087Z           188,
2026-09-28T19:29:37.8731205Z           184
2026-09-28T19:29:37.8731336Z         ],
2026-09-28T19:29:37.8731981Z         [
2026-09-28T19:29:37.8732117Z           95,
2026-09-28T19:29:37.8732207Z           -3720163642,
2026-09-28T19:29:37.8732398Z           189,
2026-09-28T19:29:37.8732532Z           185
2026-09-28T19:29:37.8732635Z         ],
2026-09-28T19:29:37.8732771Z         [
2026-09-28T19:29:37.8732856Z           96,
2026-09-28T19:29:37.8733033Z           3863090606,
2026-09-28T19:29:37.8733130Z           190,
2026-09-28T19:29:37.8733262Z           186
2026-09-28T19:29:37.8733363Z         ],
2026-09-28T19:29:37.8733481Z         [
2026-09-28T19:29:37.8733669Z           97,
2026-09-28T19:29:37.8733774Z           -2133102250,
2026-09-28T19:29:37.8733910Z           192,
2026-09-28T19:29:37.8734010Z           188
2026-09-28T19:29:37.8734131Z         ],
2026-09-28T19:29:37.8734243Z         [
2026-09-28T19:29:37.8734394Z           98,
2026-09-28T19:29:37.8734499Z           2834704125,
2026-09-28T19:29:37.8734638Z           193,
2026-09-28T19:29:37.8734781Z           189
2026-09-28T19:29:37.8734897Z         ],
2026-09-28T19:29:37.8735052Z         [
2026-09-28T19:29:37.8735153Z           99,
2026-09-28T19:29:37.8735290Z           3368971552,
2026-09-28T19:29:37.8735389Z           194,
2026-09-28T19:29:37.8735529Z           190
2026-09-28T19:29:37.8735642Z         ],
2026-09-28T19:29:37.8735776Z         [
2026-09-28T19:29:37.8735911Z           100,
2026-09-28T19:29:37.8736036Z           20311090,
2026-09-28T19:29:37.8737002Z           196,
2026-09-28T19:29:37.8737148Z           192
2026-09-28T19:29:37.8737346Z         ],
2026-09-28T19:29:37.8737480Z         [
2026-09-28T19:29:37.8737652Z           101,
2026-09-28T19:29:37.8737815Z           245637696,
2026-09-28T19:29:37.8737949Z           197,
2026-09-28T19:29:37.8738114Z           193
2026-09-28T19:29:37.8739040Z         ],
2026-09-28T19:29:37.8739222Z         [
2026-09-28T19:29:37.8739326Z           102,
2026-09-28T19:29:37.8739479Z           3323859808,
2026-09-28T19:29:37.8739569Z           198,
2026-09-28T19:29:37.8739741Z           194
2026-09-28T19:29:37.8739884Z         ],
2026-09-28T19:29:37.8739998Z         [
2026-09-28T19:29:37.8740212Z           103,
2026-09-28T19:29:37.8740347Z           442939536,
2026-09-28T19:29:37.8740524Z           200,
2026-09-28T19:29:37.8740649Z           196
2026-09-28T19:29:37.8740790Z         ],
2026-09-28T19:29:37.8740895Z         [
2026-09-28T19:29:37.8741017Z           104,
2026-09-28T19:29:37.8741199Z           -9379895688,
2026-09-28T19:29:37.8741303Z           201,
2026-09-28T19:29:37.8741445Z           197
2026-09-28T19:29:37.8741551Z         ],
2026-09-28T19:29:37.8741654Z         [
2026-09-28T19:29:37.8888453Z           105,
2026-09-28T19:29:37.8888748Z           1685694500,
2026-09-28T19:29:37.8888848Z           202,
2026-09-28T19:29:37.8888935Z           198
2026-09-28T19:29:37.8889012Z         ],
2026-09-28T19:29:37.8889095Z         [
2026-09-28T19:29:37.8889171Z           106,
2026-09-28T19:29:37.8889691Z           -1898208402,
2026-09-28T19:29:37.8889857Z           204,
2026-09-28T19:29:37.8889983Z           200
2026-09-28T19:29:37.8890206Z         ],
2026-09-28T19:29:37.8890317Z         [
2026-09-28T19:29:37.8890430Z           107,
2026-09-28T19:29:37.8890515Z           -8775538785,
2026-09-28T19:29:37.8890600Z           205,
2026-09-28T19:29:37.8890682Z           201
2026-09-28T19:29:37.8890756Z         ],
2026-09-28T19:29:37.8890840Z         [
2026-09-28T19:29:37.8890913Z           108,
2026-09-28T19:29:37.8891020Z           6080184628,
2026-09-28T19:29:37.8891113Z           206,
2026-09-28T19:29:37.8891198Z           202
2026-09-28T19:29:37.8891295Z         ],
2026-09-28T19:29:37.8891384Z         [
2026-09-28T19:29:37.8891466Z           109,
2026-09-28T19:29:37.8891545Z           -3037794124,
2026-09-28T19:29:37.8891630Z           208,
2026-09-28T19:29:37.8891704Z           204
2026-09-28T19:29:37.8891785Z         ],
2026-09-28T19:29:37.8891859Z         [
2026-09-28T19:29:37.8891957Z           110,
2026-09-28T19:29:37.8892035Z           -3014854747,
2026-09-28T19:29:37.8892125Z           209,
2026-09-28T19:29:37.8892209Z           205
2026-09-28T19:29:37.8892287Z         ],
2026-09-28T19:29:37.8892370Z         [
2026-09-28T19:29:37.8892443Z           111,
2026-09-28T19:29:37.8892527Z           -6843361042,
2026-09-28T19:29:37.8892601Z           210,
2026-09-28T19:29:37.8892685Z           206
2026-09-28T19:29:37.8892757Z         ],
2026-09-28T19:29:37.8892841Z         [
2026-09-28T19:29:37.8892943Z           112,
2026-09-28T19:29:37.8893076Z           6961238886,
2026-09-28T19:29:37.8893187Z           212,
2026-09-28T19:29:37.8893269Z           208
2026-09-28T19:29:37.8893454Z         ],
2026-09-28T19:29:37.8893779Z         [
2026-09-28T19:29:37.8894004Z           113,
2026-09-28T19:29:37.8894095Z           6932043736,
2026-09-28T19:29:37.8894185Z           213,
2026-09-28T19:29:37.8894259Z           209
2026-09-28T19:29:37.8894345Z         ],
2026-09-28T19:29:37.8894428Z         [
2026-09-28T19:29:37.8894514Z           114,
2026-09-28T19:29:37.8894604Z           -4783551209,
2026-09-28T19:29:37.8894680Z           214,
2026-09-28T19:29:37.8894770Z           210
2026-09-28T19:29:37.8894845Z         ],
2026-09-28T19:29:37.8894928Z         [
2026-09-28T19:29:37.8895000Z           115,
2026-09-28T19:29:37.8895088Z           -8703268750,
2026-09-28T19:29:37.8895172Z           216,
2026-09-28T19:29:37.8895247Z           212
2026-09-28T19:29:37.8895332Z         ],
2026-09-28T19:29:37.8895405Z         [
2026-09-28T19:29:37.8895487Z           116,
2026-09-28T19:29:37.8895564Z           -4253889639,
2026-09-28T19:29:37.8895647Z           217,
2026-09-28T19:29:37.8895722Z           213
2026-09-28T19:29:37.8895806Z         ],
2026-09-28T19:29:37.8895884Z         [
2026-09-28T19:29:37.8895956Z           117,
2026-09-28T19:29:37.8896038Z           -2822596000,
2026-09-28T19:29:37.8896111Z           218,
2026-09-28T19:29:37.8896192Z           214
2026-09-28T19:29:37.8896263Z         ],
2026-09-28T19:29:37.8896350Z         [
2026-09-28T19:29:37.8896422Z           118,
2026-09-28T19:29:37.8896510Z           1027954368,
2026-09-28T19:29:37.8896590Z           220,
2026-09-28T19:29:37.8896668Z           216
2026-09-28T19:29:37.8896749Z         ],
2026-09-28T19:29:37.8896823Z         [
2026-09-28T19:29:37.8896908Z           119,
2026-09-28T19:29:37.8896987Z           -125350478,
2026-09-28T19:29:37.8897071Z           221,
2026-09-28T19:29:37.8897147Z           217
2026-09-28T19:29:37.8897264Z         ],
2026-09-28T19:29:37.8897369Z         [
2026-09-28T19:29:37.8897466Z           120,
2026-09-28T19:29:37.8897566Z           6958267602,
2026-09-28T19:29:37.8897660Z           222,
2026-09-28T19:29:37.8897856Z           218
2026-09-28T19:29:37.8897933Z         ],
2026-09-28T19:29:37.8898019Z         [
2026-09-28T19:29:37.8898092Z           121,
2026-09-28T19:29:37.8898177Z           1683174220,
2026-09-28T19:29:37.8898395Z           224,
2026-09-28T19:29:37.8898507Z           220
2026-09-28T19:29:37.8898593Z         ],
2026-09-28T19:29:37.8898775Z         [
2026-09-28T19:29:37.8898866Z           122,
2026-09-28T19:29:37.8898943Z           15433981629,
2026-09-28T19:29:37.8899093Z           225,
2026-09-28T19:29:37.8899167Z           221
2026-09-28T19:29:37.8899254Z         ],
2026-09-28T19:29:37.8899327Z         [
2026-09-28T19:29:37.8899414Z           123,
2026-09-28T19:29:37.8899504Z           -5913129690,
2026-09-28T19:29:37.8899576Z           226,
2026-09-28T19:29:37.8899660Z           222
2026-09-28T19:29:37.8899734Z         ],
2026-09-28T19:29:37.8899818Z         [
2026-09-28T19:29:37.8899892Z           124,
2026-09-28T19:29:37.8899974Z           6040687733,
2026-09-28T19:29:37.8900047Z           228,
2026-09-28T19:29:37.8900131Z           224
2026-09-28T19:29:37.8900203Z         ],
2026-09-28T19:29:37.8900285Z         [
2026-09-28T19:29:37.8900364Z           125,
2026-09-28T19:29:37.8900442Z           -1214188704,
2026-09-28T19:29:37.8900524Z           229,
2026-09-28T19:29:37.8900596Z           225
2026-09-28T19:29:37.8900683Z         ],
2026-09-28T19:29:37.8900754Z         [
2026-09-28T19:29:37.8900836Z           126,
2026-09-28T19:29:37.8900913Z           -104817150,
2026-09-28T19:29:37.8901047Z           230,
2026-09-28T19:29:37.8901147Z           226
2026-09-28T19:29:37.8901222Z         ],
2026-09-28T19:29:37.8901307Z         [
2026-09-28T19:29:37.8901379Z           127,
2026-09-28T19:29:37.8901467Z           -14626756386,
2026-09-28T19:29:37.8901542Z           232,
2026-09-28T19:29:37.8901622Z           228
2026-09-28T19:29:37.8901693Z         ],
2026-09-28T19:29:37.8901772Z         [
2026-09-28T19:29:37.8901857Z           128,
2026-09-28T19:29:37.8901934Z           -9368163930,
2026-09-28T19:29:37.8902017Z           233,
2026-09-28T19:29:37.8902090Z           229
2026-09-28T19:29:37.8902173Z         ],
2026-09-28T19:29:37.8902251Z         [
2026-09-28T19:29:37.8902333Z           129,
2026-09-28T19:29:37.8902411Z           -1785403548,
2026-09-28T19:29:37.8902494Z           234,
2026-09-28T19:29:37.8902579Z           230
2026-09-28T19:29:37.8902664Z         ],
2026-09-28T19:29:37.8902739Z         [
2026-09-28T19:29:37.8902824Z           130,
2026-09-28T19:29:37.8902914Z           4263241647,
2026-09-28T19:29:37.8902988Z           236,
2026-09-28T19:29:37.8903073Z           232
2026-09-28T19:29:37.8903149Z         ],
2026-09-28T19:29:37.8903233Z         [
2026-09-28T19:29:37.8903308Z           131,
2026-09-28T19:29:37.8903398Z           -3149559560,
2026-09-28T19:29:37.8903471Z           237,
2026-09-28T19:29:37.8903556Z           233
2026-09-28T19:29:37.8903629Z         ],
2026-09-28T19:29:37.8903711Z         [
2026-09-28T19:29:37.8903792Z           132,
2026-09-28T19:29:37.8903869Z           -5378322620,
2026-09-28T19:29:37.8903952Z           238,
2026-09-28T19:29:37.8904027Z           234
2026-09-28T19:29:37.8904108Z         ],
2026-09-28T19:29:37.8904184Z         [
2026-09-28T19:29:37.8904267Z           133,
2026-09-28T19:29:37.8904341Z           4273065207,
2026-09-28T19:29:37.8904426Z           240,
2026-09-28T19:29:37.8904514Z           236
2026-09-28T19:29:37.8904590Z         ],
2026-09-28T19:29:37.8904672Z         [
2026-09-28T19:29:37.8904745Z           134,
2026-09-28T19:29:37.8904832Z           -1981257901,
2026-09-28T19:29:37.8904909Z           241,
2026-09-28T19:29:37.8905021Z           237
2026-09-28T19:29:37.8905102Z         ],
2026-09-28T19:29:37.8905190Z         [
2026-09-28T19:29:37.8905272Z           135,
2026-09-28T19:29:37.8905373Z           -4995255596,
2026-09-28T19:29:37.8905461Z           242,
2026-09-28T19:29:37.8905537Z           238
2026-09-28T19:29:37.8905617Z         ],
2026-09-28T19:29:37.8905690Z         [
2026-09-28T19:29:37.8905770Z           136,
2026-09-28T19:29:37.8905843Z           4258152747,
2026-09-28T19:29:37.8905925Z           244,
2026-09-28T19:29:37.8906011Z           240
2026-09-28T19:29:37.8906090Z         ],
2026-09-28T19:29:37.8906173Z         [
2026-09-28T19:29:37.8906245Z           137,
2026-09-28T19:29:37.8906327Z           2567812148,
2026-09-28T19:29:37.8906492Z           245,
2026-09-28T19:29:37.8906579Z           241
2026-09-28T19:29:37.8906653Z         ],
2026-09-28T19:29:37.8906736Z         [
2026-09-28T19:29:37.8906866Z           138,
2026-09-28T19:29:37.8906955Z           -1775925963,
2026-09-28T19:29:37.8907042Z           246,
2026-09-28T19:29:37.8907116Z           242
2026-09-28T19:29:37.8907199Z         ],
2026-09-28T19:29:37.8907272Z         [
2026-09-28T19:29:37.8907359Z           139,
2026-09-28T19:29:37.8907435Z           6271443255,
2026-09-28T19:29:37.8907523Z           248,
2026-09-28T19:29:37.8907597Z           244
2026-09-28T19:29:37.8907685Z         ],
2026-09-28T19:29:37.8907766Z         [
2026-09-28T19:29:37.8907837Z           140,
2026-09-28T19:29:37.8907920Z           1291624300,
2026-09-28T19:29:37.8907992Z           249,
2026-09-28T19:29:37.8908072Z           245
2026-09-28T19:29:37.8908182Z         ],
2026-09-28T19:29:37.8908396Z         [
2026-09-28T19:29:37.8908498Z           141,
2026-09-28T19:29:37.8908607Z           662851149,
2026-09-28T19:29:37.8908724Z           250,
2026-09-28T19:29:37.8908859Z           246
2026-09-28T19:29:37.8908988Z         ],
2026-09-28T19:29:37.8909062Z         [
2026-09-28T19:29:37.8909150Z           142,
2026-09-28T19:29:37.8909227Z           11508632604,
2026-09-28T19:29:37.8909306Z           252,
2026-09-28T19:29:37.8909379Z           248
2026-09-28T19:29:37.8909463Z         ],
2026-09-28T19:29:37.8909538Z         [
2026-09-28T19:29:37.8909623Z           143,
2026-09-28T19:29:37.8909712Z           -5173389205,
2026-09-28T19:29:37.8909786Z           253,
2026-09-28T19:29:37.8909901Z           249
2026-09-28T19:29:37.8909983Z         ],
2026-09-28T19:29:37.8910069Z         [
2026-09-28T19:29:37.8910143Z           144,
2026-09-28T19:29:37.8910234Z           3228326928,
2026-09-28T19:29:37.8910309Z           254,
2026-09-28T19:29:37.8910394Z           250
2026-09-28T19:29:37.8910476Z         ],
2026-09-28T19:29:37.8910552Z         [
2026-09-28T19:29:37.8910635Z           145,
2026-09-28T19:29:37.8910716Z           3290653194,
2026-09-28T19:29:37.8910804Z           256,
2026-09-28T19:29:37.8910878Z           252
2026-09-28T19:29:37.8910962Z         ],
2026-09-28T19:29:37.8911040Z         [
2026-09-28T19:29:37.8911125Z           146,
2026-09-28T19:29:37.8911213Z           -162633807,
2026-09-28T19:29:37.8911286Z           257,
2026-09-28T19:29:37.8911367Z           253
2026-09-28T19:29:37.8911441Z         ],
2026-09-28T19:29:37.8911525Z         [
2026-09-28T19:29:37.8911599Z           147,
2026-09-28T19:29:37.8911682Z           3022827996,
2026-09-28T19:29:37.8911753Z           258,
2026-09-28T19:29:37.8911835Z           254
2026-09-28T19:29:37.8911920Z         ],
2026-09-28T19:29:37.8911993Z         [
2026-09-28T19:29:37.8912077Z           148,
2026-09-28T19:29:37.8912158Z           -5782032760,
2026-09-28T19:29:37.8912239Z           260,
2026-09-28T19:29:37.8912312Z           256
2026-09-28T19:29:37.8912396Z         ],
2026-09-28T19:29:37.8912469Z         [
2026-09-28T19:29:37.8912551Z           149,
2026-09-28T19:29:37.8912630Z           2520136830,
2026-09-28T19:29:37.8912711Z           261,
2026-09-28T19:29:37.8912793Z           257
2026-09-28T19:29:37.8912867Z         ],
2026-09-28T19:29:37.8912953Z         [
2026-09-28T19:29:37.8913027Z           150,
2026-09-28T19:29:37.8913113Z           254029988,
2026-09-28T19:29:37.8913185Z           262,
2026-09-28T19:29:37.8913271Z           258
2026-09-28T19:29:37.8913346Z         ],
2026-09-28T19:29:37.8913431Z         [
2026-09-28T19:29:37.8913516Z           151,
2026-09-28T19:29:37.8913597Z           -6900593469,
2026-09-28T19:29:37.8913678Z           264,
2026-09-28T19:29:37.8913752Z           260
2026-09-28T19:29:37.8913836Z         ],
2026-09-28T19:29:37.8913909Z         [
2026-09-28T19:29:37.8913993Z           152,
2026-09-28T19:29:37.8914066Z           8837287936,
2026-09-28T19:29:37.8914155Z           265,
2026-09-28T19:29:37.8914246Z           261
2026-09-28T19:29:37.8914324Z         ],
2026-09-28T19:29:37.8914408Z         [
2026-09-28T19:29:37.8914483Z           153,
2026-09-28T19:29:37.8914686Z           -1897436898,
2026-09-28T19:29:37.8914770Z           266,
2026-09-28T19:29:37.8914857Z           262
2026-09-28T19:29:37.8914996Z         ],
2026-09-28T19:29:37.8915079Z         [
2026-09-28T19:29:37.8915153Z           154,
2026-09-28T19:29:37.8915239Z           4468673380,
2026-09-28T19:29:37.8915321Z           268,
2026-09-28T19:29:37.8915395Z           264
2026-09-28T19:29:37.8915479Z         ],
2026-09-28T19:29:37.8915553Z         [
2026-09-28T19:29:37.8915633Z           155,
2026-09-28T19:29:37.8915707Z           9791978616,
2026-09-28T19:29:37.8915787Z           269,
2026-09-28T19:29:37.8915861Z           265
2026-09-28T19:29:37.8915941Z         ],
2026-09-28T19:29:37.8916022Z         [
2026-09-28T19:29:37.8916094Z           156,
2026-09-28T19:29:37.8916182Z           -12080363082,
2026-09-28T19:29:37.8916252Z           270,
2026-09-28T19:29:37.8916334Z           266
2026-09-28T19:29:37.8916408Z         ],
2026-09-28T19:29:37.8916490Z         [
2026-09-28T19:29:37.8916564Z           157,
2026-09-28T19:29:37.8916651Z           -9706585965,
2026-09-28T19:29:37.8916736Z           272,
2026-09-28T19:29:37.8916810Z           268
2026-09-28T19:29:37.8916896Z         ],
2026-09-28T19:29:37.8916969Z         [
2026-09-28T19:29:37.8917050Z           158,
2026-09-28T19:29:37.8917125Z           398526858,
2026-09-28T19:29:37.8917210Z           273,
2026-09-28T19:29:37.8917281Z           269
2026-09-28T19:29:37.8917370Z         ],
2026-09-28T19:29:37.8917446Z         [
2026-09-28T19:29:37.8917530Z           159,
2026-09-28T19:29:37.8917620Z           621395320,
2026-09-28T19:29:37.8917692Z           274,
2026-09-28T19:29:37.8917772Z           270
2026-09-28T19:29:37.8917844Z         ],
2026-09-28T19:29:37.8917926Z         [
2026-09-28T19:29:37.8918003Z           160,
2026-09-28T19:29:37.8918086Z           4535560034,
2026-09-28T19:29:37.8918158Z           276,
2026-09-28T19:29:37.8918342Z           272
2026-09-28T19:29:37.8918442Z         ],
2026-09-28T19:29:37.8918518Z         [
2026-09-28T19:29:37.8918606Z           161,
2026-09-28T19:29:37.8918684Z           3714726708,
2026-09-28T19:29:37.8918772Z           277,
2026-09-28T19:29:37.8918850Z           273
2026-09-28T19:29:37.8918936Z         ],
2026-09-28T19:29:37.8919012Z         [
2026-09-28T19:29:37.8919099Z           162,
2026-09-28T19:29:37.8919186Z           11030475521,
2026-09-28T19:29:37.8919261Z           278,
2026-09-28T19:29:37.8919348Z           274
2026-09-28T19:29:37.8919423Z         ],
2026-09-28T19:29:37.8919507Z         [
2026-09-28T19:29:37.8919581Z           163,
2026-09-28T19:29:37.8919670Z           -4951812525,
2026-09-28T19:29:37.8919744Z           280,
2026-09-28T19:29:37.8919826Z           276
2026-09-28T19:29:37.8919906Z         ],
2026-09-28T19:29:37.8919979Z         [
2026-09-28T19:29:37.8920061Z           164,
2026-09-28T19:29:37.8920137Z           -2597372140,
2026-09-28T19:29:37.8920216Z           281,
2026-09-28T19:29:37.8920291Z           277
2026-09-28T19:29:37.8920374Z         ],
2026-09-28T19:29:37.8920451Z         [
2026-09-28T19:29:37.8920536Z           165,
2026-09-28T19:29:37.8920614Z           -8104827519,
2026-09-28T19:29:37.8920696Z           282,
2026-09-28T19:29:37.8920785Z           278
2026-09-28T19:29:37.8920863Z         ],
2026-09-28T19:29:37.8920949Z         [
2026-09-28T19:29:37.8921024Z           166,
2026-09-28T19:29:37.8921107Z           979618200,
2026-09-28T19:29:37.8921180Z           284,
2026-09-28T19:29:37.8921264Z           280
2026-09-28T19:29:37.8921337Z         ],
2026-09-28T19:29:37.8921421Z         [
2026-09-28T19:29:37.8921501Z           167,
2026-09-28T19:29:37.8921578Z           7526052927,
2026-09-28T19:29:37.8921664Z           285,
2026-09-28T19:29:37.8921738Z           281
2026-09-28T19:29:37.8921821Z         ],
2026-09-28T19:29:37.8921895Z         [
2026-09-28T19:29:37.8921979Z           168,
2026-09-28T19:29:37.8922052Z           122726373,
2026-09-28T19:29:37.8922137Z           286,
2026-09-28T19:29:37.8922221Z           282
2026-09-28T19:29:37.8922295Z         ],
2026-09-28T19:29:37.8922448Z         [
2026-09-28T19:29:37.8922524Z           169,
2026-09-28T19:29:37.8922606Z           158013894,
2026-09-28T19:29:37.8922740Z           288,
2026-09-28T19:29:37.8922822Z           284
2026-09-28T19:29:37.8922897Z         ],
2026-09-28T19:29:37.8922982Z         [
2026-09-28T19:29:37.8923056Z           170,
2026-09-28T19:29:37.8923148Z           13165065280,
2026-09-28T19:29:37.8923235Z           289,
2026-09-28T19:29:37.8923309Z           285
2026-09-28T19:29:37.8923390Z         ],
2026-09-28T19:29:37.8923464Z         [
2026-09-28T19:29:37.8923553Z           171,
2026-09-28T19:29:37.8923628Z           5770766610,
2026-09-28T19:29:37.8923711Z           290,
2026-09-28T19:29:37.8923786Z           286
2026-09-28T19:29:37.8923877Z         ],
2026-09-28T19:29:37.8923959Z         [
2026-09-28T19:29:37.8924031Z           172,
2026-09-28T19:29:37.8924118Z           -81860526,
2026-09-28T19:29:37.8924192Z           292,
2026-09-28T19:29:37.8924276Z           288
2026-09-28T19:29:37.8924349Z         ],
2026-09-28T19:29:37.8924431Z         [
2026-09-28T19:29:37.8924504Z           173,
2026-09-28T19:29:37.8924595Z           -3313680430,
2026-09-28T19:29:37.8924681Z           293,
2026-09-28T19:29:37.8924758Z           289
2026-09-28T19:29:37.8924844Z         ],
2026-09-28T19:29:37.8924921Z         [
2026-09-28T19:29:37.8925007Z           174,
2026-09-28T19:29:37.8925083Z           -3253599336,
2026-09-28T19:29:37.8925165Z           294,
2026-09-28T19:29:37.8925243Z           290
2026-09-28T19:29:37.8925331Z         ],
2026-09-28T19:29:37.8925405Z         [
2026-09-28T19:29:37.8925491Z           175,
2026-09-28T19:29:37.8925576Z           -2844330939,
2026-09-28T19:29:37.8925648Z           296,
2026-09-28T19:29:37.8925730Z           292
2026-09-28T19:29:37.8925803Z         ],
2026-09-28T19:29:37.8925889Z         [
2026-09-28T19:29:37.8925965Z           176,
2026-09-28T19:29:37.8926051Z           446973380,
2026-09-28T19:29:37.8926122Z           297,
2026-09-28T19:29:37.8926203Z           293
2026-09-28T19:29:37.8926287Z         ],
2026-09-28T19:29:37.8926360Z         [
2026-09-28T19:29:37.8926441Z           177,
2026-09-28T19:29:37.8926523Z           48302056,
2026-09-28T19:29:37.8926605Z           298,
2026-09-28T19:29:37.8926677Z           294
2026-09-28T19:29:37.8926759Z         ],
2026-09-28T19:29:37.8926831Z         [
2026-09-28T19:29:37.8926913Z           178,
2026-09-28T19:29:37.8926995Z           3149087945,
2026-09-28T19:29:37.8927067Z           300,
2026-09-28T19:29:37.8927148Z           296
2026-09-28T19:29:37.8927220Z         ],
2026-09-28T19:29:37.8927301Z         [
2026-09-28T19:29:37.8927373Z           179,
2026-09-28T19:29:37.8927457Z           4020548880,
2026-09-28T19:29:37.8927530Z           301,
2026-09-28T19:29:37.8927610Z           297
2026-09-28T19:29:37.8928036Z         ],
2026-09-28T19:29:37.8928461Z         [
2026-09-28T19:29:37.8928884Z           180,
2026-09-28T19:29:37.8928998Z           1987873228,
2026-09-28T19:29:37.8929099Z           302,
2026-09-28T19:29:37.8929189Z           298
2026-09-28T19:29:37.8929262Z         ],
2026-09-28T19:29:37.8929341Z         [
2026-09-28T19:29:37.8929412Z           181,
2026-09-28T19:29:37.8929494Z           1094376022,
2026-09-28T19:29:37.8929563Z           304,
2026-09-28T19:29:37.8929637Z           300
2026-09-28T19:29:37.8929707Z         ],
2026-09-28T19:29:37.8929808Z         [
2026-09-28T19:29:37.8929890Z           182,
2026-09-28T19:29:37.8929975Z           -388077024,
2026-09-28T19:29:37.8930055Z           305,
2026-09-28T19:29:37.8930126Z           301
2026-09-28T19:29:37.8930204Z         ],
2026-09-28T19:29:37.8930274Z         [
2026-09-28T19:29:37.8930351Z           183,
2026-09-28T19:29:37.8930426Z           -4114037970,
2026-09-28T19:29:37.8930504Z           306,
2026-09-28T19:29:37.8930574Z           302
2026-09-28T19:29:37.8930653Z         ],
2026-09-28T19:29:37.8930731Z         [
2026-09-28T19:29:37.8930802Z           184,
2026-09-28T19:29:37.8930882Z           348965460,
2026-09-28T19:29:37.8930953Z           308,
2026-09-28T19:29:37.8931177Z           304
2026-09-28T19:29:37.8931255Z         ],
2026-09-28T19:29:37.8931339Z         [
2026-09-28T19:29:37.8931414Z           185,
2026-09-28T19:29:37.8931560Z           6478525420,
2026-09-28T19:29:37.8931636Z           309,
2026-09-28T19:29:37.8931706Z           305
2026-09-28T19:29:37.8931781Z         ],
2026-09-28T19:29:37.8931853Z         [
2026-09-28T19:29:37.8931926Z           186,
2026-09-28T19:29:37.8932002Z           -9512599368,
2026-09-28T19:29:37.8932082Z           310,
2026-09-28T19:29:37.8932152Z           306
2026-09-28T19:29:37.8932231Z         ],
2026-09-28T19:29:37.8932302Z         [
2026-09-28T19:29:37.8932397Z           187,
2026-09-28T19:29:37.8932478Z           16080985161,
2026-09-28T19:29:37.8932550Z           312,
2026-09-28T19:29:37.8932626Z           308
2026-09-28T19:29:37.8932698Z         ],
2026-09-28T19:29:37.8932775Z         [
2026-09-28T19:29:37.8932846Z           188,
2026-09-28T19:29:37.8932930Z           13520990938,
2026-09-28T19:29:37.8933006Z           313,
2026-09-28T19:29:37.8933085Z           309
2026-09-28T19:29:37.8933163Z         ],
2026-09-28T19:29:37.8933235Z         [
2026-09-28T19:29:37.8933317Z           189,
2026-09-28T19:29:37.8933391Z           7298471232,
2026-09-28T19:29:37.8933471Z           314,
2026-09-28T19:29:37.8933543Z           310
2026-09-28T19:29:37.8933623Z         ],
2026-09-28T19:29:37.8933694Z         [
2026-09-28T19:29:37.8933774Z           190,
2026-09-28T19:29:37.8933852Z           -263207835,
2026-09-28T19:29:37.8933922Z           316,
2026-09-28T19:29:37.8934000Z           312
2026-09-28T19:29:37.8934069Z         ],
2026-09-28T19:29:37.8934142Z         [
2026-09-28T19:29:37.8934212Z           191,
2026-09-28T19:29:37.8934292Z           -13876775900,
2026-09-28T19:29:37.8934362Z           317,
2026-09-28T19:29:37.8934439Z           313
2026-09-28T19:29:37.8934508Z         ],
2026-09-28T19:29:37.8934586Z         [
2026-09-28T19:29:37.8934666Z           192,
2026-09-28T19:29:37.8934741Z           -8988532119,
2026-09-28T19:29:37.8934821Z           318,
2026-09-28T19:29:37.8934892Z           314
2026-09-28T19:29:37.8934970Z         ],
2026-09-28T19:29:37.8935044Z         [
2026-09-28T19:29:37.8935122Z           193,
2026-09-28T19:29:37.8935195Z           704619864,
2026-09-28T19:29:37.8935273Z           320,
2026-09-28T19:29:37.8935351Z           316
2026-09-28T19:29:37.8935424Z         ],
2026-09-28T19:29:37.8935502Z         [
2026-09-28T19:29:37.8935574Z           194,
2026-09-28T19:29:37.8935655Z           4214022749,
2026-09-28T19:29:37.8935725Z           321,
2026-09-28T19:29:37.8935802Z           317
2026-09-28T19:29:37.8935875Z         ],
2026-09-28T19:29:37.8935953Z         [
2026-09-28T19:29:37.8936030Z           195,
2026-09-28T19:29:37.8936105Z           -7664349090,
2026-09-28T19:29:37.8936181Z           322,
2026-09-28T19:29:37.8936252Z           318
2026-09-28T19:29:37.8936331Z         ],
2026-09-28T19:29:37.8936401Z         [
2026-09-28T19:29:37.8936480Z           196,
2026-09-28T19:29:37.8936559Z           -3334937646,
2026-09-28T19:29:37.8936636Z           324,
2026-09-28T19:29:37.8936713Z           320
2026-09-28T19:29:37.8936783Z         ],
2026-09-28T19:29:37.8936864Z         [
2026-09-28T19:29:37.8936937Z           197,
2026-09-28T19:29:37.8937015Z           568388499,
2026-09-28T19:29:37.8937086Z           325,
2026-09-28T19:29:37.8937163Z           321
2026-09-28T19:29:37.8937234Z         ],
2026-09-28T19:29:37.8937312Z         [
2026-09-28T19:29:37.8937381Z           198,
2026-09-28T19:29:37.8937459Z           3440311482,
2026-09-28T19:29:37.8937533Z           326,
2026-09-28T19:29:37.8937601Z           322
2026-09-28T19:29:37.8937675Z         ],
2026-09-28T19:29:37.8937745Z         [
2026-09-28T19:29:37.8937822Z           199,
2026-09-28T19:29:37.8937895Z           -746561222,
2026-09-28T19:29:37.8937972Z           328,
2026-09-28T19:29:37.8938042Z           324
2026-09-28T19:29:37.8938117Z         ],
2026-09-28T19:29:37.8938192Z         [
2026-09-28T19:29:37.8938502Z           200,
2026-09-28T19:29:37.8938690Z           3495879918,
2026-09-28T19:29:37.8938765Z           329,
2026-09-28T19:29:37.8938839Z           325
2026-09-28T19:29:37.8938969Z         ],
2026-09-28T19:29:37.8939047Z         [
2026-09-28T19:29:37.8939119Z           201,
2026-09-28T19:29:37.8939208Z           -1809123426,
2026-09-28T19:29:37.8939289Z           330,
2026-09-28T19:29:37.8939363Z           326
2026-09-28T19:29:37.8939442Z         ],
2026-09-28T19:29:37.8939513Z         [
2026-09-28T19:29:37.8939591Z           202,
2026-09-28T19:29:37.8939663Z           2451865508,
2026-09-28T19:29:37.8939743Z           332,
2026-09-28T19:29:37.8939819Z           328
2026-09-28T19:29:37.8939900Z         ],
2026-09-28T19:29:37.8939970Z         [
2026-09-28T19:29:37.8940052Z           203,
2026-09-28T19:29:37.8940137Z           2368605104,
2026-09-28T19:29:37.8940207Z           333,
2026-09-28T19:29:37.8940284Z           329
2026-09-28T19:29:37.8940353Z         ],
2026-09-28T19:29:37.8940429Z         [
2026-09-28T19:29:37.8940505Z           204,
2026-09-28T19:29:37.8940590Z           -2961345618,
2026-09-28T19:29:37.8940661Z           334,
2026-09-28T19:29:37.8940740Z           330
2026-09-28T19:29:37.8940826Z         ],
2026-09-28T19:29:37.8940895Z         [
2026-09-28T19:29:37.8940973Z           205,
2026-09-28T19:29:37.8941046Z           6843232831,
2026-09-28T19:29:37.8941126Z           336,
2026-09-28T19:29:37.8941197Z           332
2026-09-28T19:29:37.8941278Z         ],
2026-09-28T19:29:37.8941351Z         [
2026-09-28T19:29:37.8941432Z           206,
2026-09-28T19:29:37.8941516Z           -4350574890,
2026-09-28T19:29:37.8941587Z           337,
2026-09-28T19:29:37.8941663Z           333
2026-09-28T19:29:37.8941734Z         ],
2026-09-28T19:29:37.8941810Z         [
2026-09-28T19:29:37.8941883Z           207,
2026-09-28T19:29:37.8941964Z           -903010032,
2026-09-28T19:29:37.8942036Z           338,
2026-09-28T19:29:37.8942115Z           334
2026-09-28T19:29:37.8942190Z         ],
2026-09-28T19:29:37.8942265Z         [
2026-09-28T19:29:37.8942350Z           208,
2026-09-28T19:29:37.8942425Z           1654709056,
2026-09-28T19:29:37.8942506Z           340,
2026-09-28T19:29:37.8942583Z           336
2026-09-28T19:29:37.8942659Z         ],
2026-09-28T19:29:37.8942730Z         [
2026-09-28T19:29:37.8942811Z           209,
2026-09-28T19:29:37.8942888Z           -16262238100,
2026-09-28T19:29:37.8942969Z           341,
2026-09-28T19:29:37.8943046Z           337
2026-09-28T19:29:37.8943115Z         ],
2026-09-28T19:29:37.8943195Z         [
2026-09-28T19:29:37.8943267Z           210,
2026-09-28T19:29:37.8943344Z           1447164336,
2026-09-28T19:29:37.8943417Z           342,
2026-09-28T19:29:37.8943494Z           338
2026-09-28T19:29:37.8943564Z         ],
2026-09-28T19:29:37.8943644Z         [
2026-09-28T19:29:37.8943723Z           211,
2026-09-28T19:29:37.8943798Z           6419031003,
2026-09-28T19:29:37.8943876Z           344,
2026-09-28T19:29:37.8943949Z           340
2026-09-28T19:29:37.8944028Z         ],
2026-09-28T19:29:37.8944102Z         [
2026-09-28T19:29:37.8944184Z           212,
2026-09-28T19:29:37.8944259Z           15787865709,
2026-09-28T19:29:37.8944338Z           345,
2026-09-28T19:29:37.8944420Z           341
2026-09-28T19:29:37.8944491Z         ],
2026-09-28T19:29:37.8944570Z         [
2026-09-28T19:29:37.8944640Z           213,
2026-09-28T19:29:37.8944723Z           8293303018,
2026-09-28T19:29:37.8944794Z           346,
2026-09-28T19:29:37.8944872Z           342
2026-09-28T19:29:37.8944944Z         ],
2026-09-28T19:29:37.8945023Z         [
2026-09-28T19:29:37.8945097Z           214,
2026-09-28T19:29:37.8945179Z           1875272231,
2026-09-28T19:29:37.8945264Z           348,
2026-09-28T19:29:37.8945341Z           344
2026-09-28T19:29:37.8945424Z         ],
2026-09-28T19:29:37.8945499Z         [
2026-09-28T19:29:37.8945577Z           215,
2026-09-28T19:29:37.8945657Z           -362515230,
2026-09-28T19:29:37.8945739Z           349,
2026-09-28T19:29:37.8945810Z           345
2026-09-28T19:29:37.8945892Z         ],
2026-09-28T19:29:37.8946036Z         [
2026-09-28T19:29:37.8946111Z           216,
2026-09-28T19:29:37.8946195Z           3770375364,
2026-09-28T19:29:37.8946322Z           350,
2026-09-28T19:29:37.8946402Z           346
2026-09-28T19:29:37.8946476Z         ],
2026-09-28T19:29:37.8946556Z         [
2026-09-28T19:29:37.8946625Z           217,
2026-09-28T19:29:37.8946708Z           54587864,
2026-09-28T19:29:37.8946790Z           352,
2026-09-28T19:29:37.8946859Z           348
2026-09-28T19:29:37.8946935Z         ],
2026-09-28T19:29:37.8947007Z         [
2026-09-28T19:29:37.8947083Z           218,
2026-09-28T19:29:37.8947162Z           -1409211960,
2026-09-28T19:29:37.8947239Z           353,
2026-09-28T19:29:37.8947316Z           349
2026-09-28T19:29:37.8947396Z         ],
2026-09-28T19:29:37.8947465Z         [
2026-09-28T19:29:37.8947546Z           219,
2026-09-28T19:29:37.8947627Z           -7344916731,
2026-09-28T19:29:37.8947699Z           354,
2026-09-28T19:29:37.8947776Z           350
2026-09-28T19:29:37.8947854Z         ],
2026-09-28T19:29:37.8947932Z         [
2026-09-28T19:29:37.8948001Z           220,
2026-09-28T19:29:37.8948080Z           1408804444,
2026-09-28T19:29:37.8948155Z           356,
2026-09-28T19:29:37.8948343Z           352
2026-09-28T19:29:37.8948436Z         ],
2026-09-28T19:29:37.8948512Z         [
2026-09-28T19:29:37.8948599Z           221,
2026-09-28T19:29:37.8948678Z           7193736519,
2026-09-28T19:29:37.8948763Z           357,
2026-09-28T19:29:37.8948836Z           353
2026-09-28T19:29:37.8948917Z         ],
2026-09-28T19:29:37.8948990Z         [
2026-09-28T19:29:37.8949071Z           222,
2026-09-28T19:29:37.8949154Z           -3323801365,
2026-09-28T19:29:37.8949226Z           358,
2026-09-28T19:29:37.8949306Z           354
2026-09-28T19:29:37.8949379Z         ],
2026-09-28T19:29:37.8949460Z         [
2026-09-28T19:29:37.8949533Z           223,
2026-09-28T19:29:37.8949615Z           -5086688784,
2026-09-28T19:29:37.8949688Z           360,
2026-09-28T19:29:37.8949770Z           356
2026-09-28T19:29:37.8949859Z         ],
2026-09-28T19:29:37.8949931Z         [
2026-09-28T19:29:37.8950013Z           224,
2026-09-28T19:29:37.8950089Z           -3966726150,
2026-09-28T19:29:37.8950172Z           361,
2026-09-28T19:29:37.8950246Z           357
2026-09-28T19:29:37.8950327Z         ],
2026-09-28T19:29:37.8950401Z         [
2026-09-28T19:29:37.8950481Z           225,
2026-09-28T19:29:37.8950559Z           -9478877895,
2026-09-28T19:29:37.8950644Z           362,
2026-09-28T19:29:37.8950722Z           358
2026-09-28T19:29:37.8950796Z         ],
2026-09-28T19:29:37.8950879Z         [
2026-09-28T19:29:37.8950951Z           226,
2026-09-28T19:29:37.8951033Z           -3390722964,
2026-09-28T19:29:37.8951108Z           364,
2026-09-28T19:29:37.8951188Z           360
2026-09-28T19:29:37.8951263Z         ],
2026-09-28T19:29:37.8951345Z         [
2026-09-28T19:29:37.8951423Z           227,
2026-09-28T19:29:37.8951500Z           -2420072060,
2026-09-28T19:29:37.8951580Z           365,
2026-09-28T19:29:37.8951656Z           361
2026-09-28T19:29:37.8951742Z         ],
2026-09-28T19:29:37.8951816Z         [
2026-09-28T19:29:37.8951900Z           228,
2026-09-28T19:29:37.8951983Z           -8159529392,
2026-09-28T19:29:37.8952065Z           366,
2026-09-28T19:29:37.8952144Z           362
2026-09-28T19:29:37.8952216Z         ],
2026-09-28T19:29:37.8952296Z         [
2026-09-28T19:29:37.8952369Z           229,
2026-09-28T19:29:37.8952450Z           13408942344,
2026-09-28T19:29:37.8952523Z           368,
2026-09-28T19:29:37.8952603Z           364
2026-09-28T19:29:37.8952676Z         ],
2026-09-28T19:29:37.8952759Z         [
2026-09-28T19:29:37.8952831Z           230,
2026-09-28T19:29:37.8952914Z           1448984220,
2026-09-28T19:29:37.8952995Z           369,
2026-09-28T19:29:37.8953071Z           365
2026-09-28T19:29:37.8953151Z         ],
2026-09-28T19:29:37.8953224Z         [
2026-09-28T19:29:37.8953303Z           231,
2026-09-28T19:29:37.8953381Z           -14709827346,
2026-09-28T19:29:37.8953461Z           370,
2026-09-28T19:29:37.8953624Z           366
2026-09-28T19:29:37.8953706Z         ],
2026-09-28T19:29:37.8953790Z         [
2026-09-28T19:29:37.8953923Z           232,
2026-09-28T19:29:37.8954011Z           -400552887,
2026-09-28T19:29:37.8954084Z           372,
2026-09-28T19:29:37.8954164Z           368
2026-09-28T19:29:37.8954235Z         ],
2026-09-28T19:29:37.8954314Z         [
2026-09-28T19:29:37.8954387Z           233,
2026-09-28T19:29:37.8954469Z           -3780346185,
2026-09-28T19:29:37.8954545Z           373,
2026-09-28T19:29:37.8954616Z           369
2026-09-28T19:29:37.8954692Z         ],
2026-09-28T19:29:37.8954763Z         [
2026-09-28T19:29:37.8954840Z           234,
2026-09-28T19:29:37.8954914Z           238508160,
2026-09-28T19:29:37.8954992Z           374,
2026-09-28T19:29:37.8955065Z           370
2026-09-28T19:29:37.8955145Z         ],
2026-09-28T19:29:37.8955225Z         [
2026-09-28T19:29:37.8955297Z           235,
2026-09-28T19:29:37.8955387Z           -34675992,
2026-09-28T19:29:37.8955461Z           376,
2026-09-28T19:29:37.8955539Z           372
2026-09-28T19:29:37.8955612Z         ],
2026-09-28T19:29:37.8955691Z         [
2026-09-28T19:29:37.8955764Z           236,
2026-09-28T19:29:37.8955848Z           -4515806376,
2026-09-28T19:29:37.8955922Z           377,
2026-09-28T19:29:37.8955993Z           373
2026-09-28T19:29:37.8956069Z         ],
2026-09-28T19:29:37.8956138Z         [
2026-09-28T19:29:37.8956214Z           237,
2026-09-28T19:29:37.8956288Z           -6795631830,
2026-09-28T19:29:37.8956367Z           378,
2026-09-28T19:29:37.8956437Z           374
2026-09-28T19:29:37.8956515Z         ],
2026-09-28T19:29:37.8956592Z         [
2026-09-28T19:29:37.8956664Z           238,
2026-09-28T19:29:37.8956746Z           -2027165747,
2026-09-28T19:29:37.8956818Z           380,
2026-09-28T19:29:37.8956896Z           376
2026-09-28T19:29:37.8956967Z         ],
2026-09-28T19:29:37.8957043Z         [
2026-09-28T19:29:37.8957115Z           239,
2026-09-28T19:29:37.8957196Z           5574577792,
2026-09-28T19:29:37.8957269Z           381,
2026-09-28T19:29:37.8957347Z           377
2026-09-28T19:29:37.8957425Z         ],
2026-09-28T19:29:37.8957499Z         [
2026-09-28T19:29:37.8957576Z           240,
2026-09-28T19:29:37.8957650Z           5144382000,
2026-09-28T19:29:37.8957727Z           382,
2026-09-28T19:29:37.8957799Z           378
2026-09-28T19:29:37.8957878Z         ],
2026-09-28T19:29:37.8957950Z         [
2026-09-28T19:29:37.8958030Z           241,
2026-09-28T19:29:37.8958117Z           -6107724173,
2026-09-28T19:29:37.8958189Z           384,
2026-09-28T19:29:37.8958371Z           380
2026-09-28T19:29:37.8958454Z         ],
2026-09-28T19:29:37.8958536Z         [
2026-09-28T19:29:37.8958608Z           242,
2026-09-28T19:29:37.8958693Z           2026225740,
2026-09-28T19:29:37.8958766Z           385,
2026-09-28T19:29:37.8958847Z           381
2026-09-28T19:29:37.8958929Z         ],
2026-09-28T19:29:37.8959001Z         [
2026-09-28T19:29:37.8959082Z           243,
2026-09-28T19:29:37.8959163Z           4933550830,
2026-09-28T19:29:37.8959244Z           386,
2026-09-28T19:29:37.8959315Z           382
2026-09-28T19:29:37.8959399Z         ],
2026-09-28T19:29:37.8959474Z         [
2026-09-28T19:29:37.8959554Z           244,
2026-09-28T19:29:37.8959639Z           -5056887726,
2026-09-28T19:29:37.8959713Z           388,
2026-09-28T19:29:37.8959792Z           384
2026-09-28T19:29:37.8959865Z         ],
2026-09-28T19:29:37.8959943Z         [
2026-09-28T19:29:37.8960015Z           245,
2026-09-28T19:29:37.8960096Z           4541461813,
2026-09-28T19:29:37.8960167Z           389,
2026-09-28T19:29:37.8960246Z           385
2026-09-28T19:29:37.8960316Z         ],
2026-09-28T19:29:37.8960396Z         [
2026-09-28T19:29:37.8960475Z           246,
2026-09-28T19:29:37.8960547Z           2440670544,
2026-09-28T19:29:37.8960626Z           390,
2026-09-28T19:29:37.8960698Z           386
2026-09-28T19:29:37.8960777Z         ],
2026-09-28T19:29:37.8960847Z         [
2026-09-28T19:29:37.8960924Z           247,
2026-09-28T19:29:37.8961059Z           1568309932,
2026-09-28T19:29:37.8961141Z           392,
2026-09-28T19:29:37.8961221Z           388
2026-09-28T19:29:37.8961349Z         ],
2026-09-28T19:29:37.8961428Z         [
2026-09-28T19:29:37.8961500Z           248,
2026-09-28T19:29:37.8961580Z           8948809944,
2026-09-28T19:29:37.8961654Z           393,
2026-09-28T19:29:37.8961732Z           389
2026-09-28T19:29:37.8961804Z         ],
2026-09-28T19:29:37.8961883Z         [
2026-09-28T19:29:37.8961961Z           249,
2026-09-28T19:29:37.8962036Z           78387322,
2026-09-28T19:29:37.8962113Z           394,
2026-09-28T19:29:37.8962181Z           390
2026-09-28T19:29:37.8962260Z         ],
2026-09-28T19:29:37.8962334Z         [
2026-09-28T19:29:37.8962409Z           250,
2026-09-28T19:29:37.8962482Z           13620688556,
2026-09-28T19:29:37.8962561Z           396,
2026-09-28T19:29:37.8962632Z           392
2026-09-28T19:29:37.8962709Z         ],
2026-09-28T19:29:37.8962783Z         [
2026-09-28T19:29:37.8962856Z           251,
2026-09-28T19:29:37.8962944Z           -2448689430,
2026-09-28T19:29:37.8963018Z           397,
2026-09-28T19:29:37.8963096Z           393
2026-09-28T19:29:37.8963173Z         ],
2026-09-28T19:29:37.8963250Z         [
2026-09-28T19:29:37.8963320Z           252,
2026-09-28T19:29:37.8963402Z           2020448604,
2026-09-28T19:29:37.8963481Z           398,
2026-09-28T19:29:37.8963550Z           394
2026-09-28T19:29:37.8963626Z         ],
2026-09-28T19:29:37.8963697Z         [
2026-09-28T19:29:37.8963773Z           253,
2026-09-28T19:29:37.8963844Z           3319057352,
2026-09-28T19:29:37.8963920Z           400,
2026-09-28T19:29:37.8963991Z           396
2026-09-28T19:29:37.8964071Z         ],
2026-09-28T19:29:37.8964150Z         [
2026-09-28T19:29:37.8964221Z           254,
2026-09-28T19:29:37.8964304Z           11334846292,
2026-09-28T19:29:37.8964375Z           401,
2026-09-28T19:29:37.8964454Z           397
2026-09-28T19:29:37.8964527Z         ],
2026-09-28T19:29:37.8964604Z         [
2026-09-28T19:29:37.8964680Z           255,
2026-09-28T19:29:37.8964761Z           -2655466030,
2026-09-28T19:29:37.8964841Z           402,
2026-09-28T19:29:37.8964917Z           398
2026-09-28T19:29:37.8964996Z         ]
2026-09-28T19:29:37.8965071Z       ]
2026-09-28T19:29:37.8965151Z     },
2026-09-28T19:29:37.8965243Z     "iverilog_bsim": {
2026-09-28T19:29:37.8965338Z       "products": 256,
2026-09-28T19:29:37.8965415Z       "resets": [
2026-09-28T19:29:37.8965495Z         [
2026-09-28T19:29:37.8965576Z           "pipeline",
2026-09-28T19:29:37.8965657Z           "7",
2026-09-28T19:29:37.8965735Z           "6",
2026-09-28T19:29:37.8965807Z           "0"
2026-09-28T19:29:37.8965884Z         ],
2026-09-28T19:29:37.8965956Z         [
2026-09-28T19:29:37.8966038Z           "full",
2026-09-28T19:29:37.8966113Z           "36",
2026-09-28T19:29:37.8966190Z           "8",
2026-09-28T19:29:37.8966261Z           "0"
2026-09-28T19:29:37.8966338Z         ]
2026-09-28T19:29:37.8966416Z       ],
2026-09-28T19:29:37.8966511Z       "credit_checks": [
2026-09-28T19:29:37.8966588Z         [
2026-09-28T19:29:37.8966660Z           "32",
2026-09-28T19:29:37.8966739Z           "8",
2026-09-28T19:29:37.8966813Z           "0"
2026-09-28T19:29:37.8966892Z         ],
2026-09-28T19:29:37.8966962Z         [
2026-09-28T19:29:37.8967040Z           "32",
2026-09-28T19:29:37.8967119Z           "11",
2026-09-28T19:29:37.8967190Z           "3"
2026-09-28T19:29:37.8967271Z         ]
2026-09-28T19:29:37.8967344Z       ],
2026-09-28T19:29:37.8967483Z       "first_product_latency_cycles": 4,
2026-09-28T19:29:37.8967570Z       "final_cycle": 403,
2026-09-28T19:29:37.8967653Z       "rows": [
2026-09-28T19:29:37.8967723Z         [
2026-09-28T19:29:37.8967804Z           0,
2026-09-28T19:29:37.8967878Z           17179869184,
2026-09-28T19:29:37.8967960Z           4,
2026-09-28T19:29:37.8968039Z           0
2026-09-28T19:29:37.8968111Z         ],
2026-09-28T19:29:37.8968189Z         [
2026-09-28T19:29:37.8968449Z           1,
2026-09-28T19:29:37.8968775Z           17179738112,
2026-09-28T19:29:37.8968859Z           5,
2026-09-28T19:29:37.8968947Z           1
2026-09-28T19:29:37.8969021Z         ],
2026-09-28T19:29:37.8969171Z         [
2026-09-28T19:29:37.8969251Z           2,
2026-09-28T19:29:37.8969327Z           8589934592,
2026-09-28T19:29:37.8969405Z           6,
2026-09-28T19:29:37.8969477Z           2
2026-09-28T19:29:37.8969554Z         ],
2026-09-28T19:29:37.8969626Z         [
2026-09-28T19:29:37.8969706Z           3,
2026-09-28T19:29:37.8969780Z           131072,
2026-09-28T19:29:37.8969862Z           72,
2026-09-28T19:29:37.8969940Z           4
2026-09-28T19:29:37.8970013Z         ],
2026-09-28T19:29:37.8970091Z         [
2026-09-28T19:29:37.8970160Z           4,
2026-09-28T19:29:37.8970248Z           0,
2026-09-28T19:29:37.8970330Z           73,
2026-09-28T19:29:37.8970404Z           5
2026-09-28T19:29:37.8970483Z         ],
2026-09-28T19:29:37.8970554Z         [
2026-09-28T19:29:37.8970630Z           5,
2026-09-28T19:29:37.8970713Z           -131072,
2026-09-28T19:29:37.8970797Z           74,
2026-09-28T19:29:37.8970869Z           6
2026-09-28T19:29:37.8970948Z         ],
2026-09-28T19:29:37.8971018Z         [
2026-09-28T19:29:37.8971104Z           6,
2026-09-28T19:29:37.8971186Z           -8589803520,
2026-09-28T19:29:37.8971258Z           75,
2026-09-28T19:29:37.8971337Z           8
2026-09-28T19:29:37.8971409Z         ],
2026-09-28T19:29:37.8971488Z         [
2026-09-28T19:29:37.8971559Z           7,
2026-09-28T19:29:37.8971643Z           -17179738112,
2026-09-28T19:29:37.8971739Z           76,
2026-09-28T19:29:37.8971819Z           9
2026-09-28T19:29:37.8971891Z         ],
2026-09-28T19:29:37.8971972Z         [
2026-09-28T19:29:37.8972044Z           8,
2026-09-28T19:29:37.8972126Z           17179738112,
2026-09-28T19:29:37.8972207Z           77,
2026-09-28T19:29:37.8972279Z           10
2026-09-28T19:29:37.8972360Z         ],
2026-09-28T19:29:37.8972432Z         [
2026-09-28T19:29:37.8972513Z           9,
2026-09-28T19:29:37.8972587Z           17179607041,
2026-09-28T19:29:37.8972672Z           78,
2026-09-28T19:29:37.8972744Z           12
2026-09-28T19:29:37.8972824Z         ],
2026-09-28T19:29:37.8972898Z         [
2026-09-28T19:29:37.8972978Z           10,
2026-09-28T19:29:37.8973058Z           8589869056,
2026-09-28T19:29:37.8973129Z           80,
2026-09-28T19:29:37.8973206Z           13
2026-09-28T19:29:37.8973278Z         ],
2026-09-28T19:29:37.8973357Z         [
2026-09-28T19:29:37.8973428Z           11,
2026-09-28T19:29:37.8973509Z           131071,
2026-09-28T19:29:37.8973581Z           81,
2026-09-28T19:29:37.8973663Z           73
2026-09-28T19:29:37.8973739Z         ],
2026-09-28T19:29:37.8973810Z         [
2026-09-28T19:29:37.8973886Z           12,
2026-09-28T19:29:37.8973959Z           0,
2026-09-28T19:29:37.8974035Z           82,
2026-09-28T19:29:37.8974106Z           74
2026-09-28T19:29:37.8974185Z         ],
2026-09-28T19:29:37.8974255Z         [
2026-09-28T19:29:37.8974336Z           13,
2026-09-28T19:29:37.8974418Z           -131071,
2026-09-28T19:29:37.8974493Z           83,
2026-09-28T19:29:37.8974571Z           76
2026-09-28T19:29:37.8974640Z         ],
2026-09-28T19:29:37.8974717Z         [
2026-09-28T19:29:37.8974793Z           14,
2026-09-28T19:29:37.8974874Z           -8589737985,
2026-09-28T19:29:37.8974946Z           84,
2026-09-28T19:29:37.8975024Z           77
2026-09-28T19:29:37.8975095Z         ],
2026-09-28T19:29:37.8975175Z         [
2026-09-28T19:29:37.8975251Z           15,
2026-09-28T19:29:37.8975329Z           -17179607041,
2026-09-28T19:29:37.8975407Z           85,
2026-09-28T19:29:37.8975478Z           78
2026-09-28T19:29:37.8975557Z         ],
2026-09-28T19:29:37.8975629Z         [
2026-09-28T19:29:37.8975708Z           16,
2026-09-28T19:29:37.8975781Z           8589934592,
2026-09-28T19:29:37.8975860Z           86,
2026-09-28T19:29:37.8975939Z           80
2026-09-28T19:29:37.8976012Z         ],
2026-09-28T19:29:37.8976092Z         [
2026-09-28T19:29:37.8976164Z           17,
2026-09-28T19:29:37.8976248Z           8589869056,
2026-09-28T19:29:37.8976415Z           88,
2026-09-28T19:29:37.8976499Z           81
2026-09-28T19:29:37.8976572Z         ],
2026-09-28T19:29:37.8976703Z         [
2026-09-28T19:29:37.8976784Z           18,
2026-09-28T19:29:37.8976860Z           4294967296,
2026-09-28T19:29:37.8976943Z           89,
2026-09-28T19:29:37.8977017Z           82
2026-09-28T19:29:37.8977098Z         ],
2026-09-28T19:29:37.8977170Z         [
2026-09-28T19:29:37.8977248Z           19,
2026-09-28T19:29:37.8977322Z           65536,
2026-09-28T19:29:37.8977404Z           90,
2026-09-28T19:29:37.8977477Z           84
2026-09-28T19:29:37.8977558Z         ],
2026-09-28T19:29:37.8977636Z         [
2026-09-28T19:29:37.8977707Z           20,
2026-09-28T19:29:37.8977784Z           0,
2026-09-28T19:29:37.8977857Z           91,
2026-09-28T19:29:37.8977936Z           85
2026-09-28T19:29:37.8978006Z         ],
2026-09-28T19:29:37.8978089Z         [
2026-09-28T19:29:37.8978162Z           21,
2026-09-28T19:29:37.8978392Z           -65536,
2026-09-28T19:29:37.8978513Z           92,
2026-09-28T19:29:37.8978719Z           86
2026-09-28T19:29:37.8978806Z         ],
2026-09-28T19:29:37.8978882Z         [
2026-09-28T19:29:37.8978975Z           22,
2026-09-28T19:29:37.8979060Z           -4294901760,
2026-09-28T19:29:37.8979152Z           93,
2026-09-28T19:29:37.8979227Z           88
2026-09-28T19:29:37.8979311Z         ],
2026-09-28T19:29:37.8979400Z         [
2026-09-28T19:29:37.8979473Z           23,
2026-09-28T19:29:37.8979561Z           -8589869056,
2026-09-28T19:29:37.8979635Z           94,
2026-09-28T19:29:37.8979715Z           89
2026-09-28T19:29:37.8979788Z         ],
2026-09-28T19:29:37.8979867Z         [
2026-09-28T19:29:37.8979942Z           24,
2026-09-28T19:29:37.8980023Z           131072,
2026-09-28T19:29:37.8980095Z           96,
2026-09-28T19:29:37.8980176Z           90
2026-09-28T19:29:37.8980258Z         ],
2026-09-28T19:29:37.8980332Z         [
2026-09-28T19:29:37.8980411Z           25,
2026-09-28T19:29:37.8980483Z           131071,
2026-09-28T19:29:37.8980569Z           97,
2026-09-28T19:29:37.8980641Z           92
2026-09-28T19:29:37.8980723Z         ],
2026-09-28T19:29:37.8980796Z         [
2026-09-28T19:29:37.8980882Z           26,
2026-09-28T19:29:37.8980965Z           65536,
2026-09-28T19:29:37.8981037Z           98,
2026-09-28T19:29:37.8981118Z           93
2026-09-28T19:29:37.8981190Z         ],
2026-09-28T19:29:37.8981271Z         [
2026-09-28T19:29:37.8981343Z           27,
2026-09-28T19:29:37.8981424Z           1,
2026-09-28T19:29:37.8981497Z           99,
2026-09-28T19:29:37.8981579Z           94
2026-09-28T19:29:37.8981659Z         ],
2026-09-28T19:29:37.8981732Z         [
2026-09-28T19:29:37.8981813Z           28,
2026-09-28T19:29:37.8981885Z           0,
2026-09-28T19:29:37.8981969Z           100,
2026-09-28T19:29:37.8982046Z           96
2026-09-28T19:29:37.8982127Z         ],
2026-09-28T19:29:37.8982200Z         [
2026-09-28T19:29:37.8982282Z           29,
2026-09-28T19:29:37.8982360Z           -1,
2026-09-28T19:29:37.8982445Z           101,
2026-09-28T19:29:37.8982529Z           97
2026-09-28T19:29:37.8982602Z         ],
2026-09-28T19:29:37.8982681Z         [
2026-09-28T19:29:37.8982758Z           30,
2026-09-28T19:29:37.8982840Z           -65535,
2026-09-28T19:29:37.8982914Z           102,
2026-09-28T19:29:37.8982995Z           98
2026-09-28T19:29:37.8983068Z         ],
2026-09-28T19:29:37.8983148Z         [
2026-09-28T19:29:37.8983232Z           31,
2026-09-28T19:29:37.8983310Z           -131071,
2026-09-28T19:29:37.8983393Z           104,
2026-09-28T19:29:37.8983467Z           100
2026-09-28T19:29:37.8983549Z         ],
2026-09-28T19:29:37.8983622Z         [
2026-09-28T19:29:37.8983703Z           32,
2026-09-28T19:29:37.8983776Z           0,
2026-09-28T19:29:37.8983858Z           105,
2026-09-28T19:29:37.8983939Z           101
2026-09-28T19:29:37.8984011Z         ],
2026-09-28T19:29:37.8984092Z         [
2026-09-28T19:29:37.8984163Z           33,
2026-09-28T19:29:37.8984243Z           0,
2026-09-28T19:29:37.8984315Z           106,
2026-09-28T19:29:37.8984478Z           102
2026-09-28T19:29:37.8984551Z         ],
2026-09-28T19:29:37.8984633Z         [
2026-09-28T19:29:37.8984768Z           34,
2026-09-28T19:29:37.8984847Z           0,
2026-09-28T19:29:37.8984926Z           108,
2026-09-28T19:29:37.8984997Z           104
2026-09-28T19:29:37.8985082Z         ],
2026-09-28T19:29:37.8985155Z         [
2026-09-28T19:29:37.8985237Z           35,
2026-09-28T19:29:37.8985309Z           0,
2026-09-28T19:29:37.8985393Z           109,
2026-09-28T19:29:37.8985464Z           105
2026-09-28T19:29:37.8985549Z         ],
2026-09-28T19:29:37.8985632Z         [
2026-09-28T19:29:37.8985705Z           36,
2026-09-28T19:29:37.8985788Z           0,
2026-09-28T19:29:37.8985861Z           110,
2026-09-28T19:29:37.8985941Z           106
2026-09-28T19:29:37.8986013Z         ],
2026-09-28T19:29:37.8986092Z         [
2026-09-28T19:29:37.8986163Z           37,
2026-09-28T19:29:37.8986242Z           0,
2026-09-28T19:29:37.8986312Z           112,
2026-09-28T19:29:37.8986395Z           108
2026-09-28T19:29:37.8986475Z         ],
2026-09-28T19:29:37.8986547Z         [
2026-09-28T19:29:37.8986623Z           38,
2026-09-28T19:29:37.8986697Z           0,
2026-09-28T19:29:37.8986775Z           113,
2026-09-28T19:29:37.8986844Z           109
2026-09-28T19:29:37.8986922Z         ],
2026-09-28T19:29:37.8986992Z         [
2026-09-28T19:29:37.8987069Z           39,
2026-09-28T19:29:37.8987144Z           0,
2026-09-28T19:29:37.8987216Z           114,
2026-09-28T19:29:37.8987293Z           110
2026-09-28T19:29:37.8987363Z         ],
2026-09-28T19:29:37.8987439Z         [
2026-09-28T19:29:37.8987509Z           40,
2026-09-28T19:29:37.8987591Z           -131072,
2026-09-28T19:29:37.8987661Z           116,
2026-09-28T19:29:37.8987738Z           112
2026-09-28T19:29:37.8987813Z         ],
2026-09-28T19:29:37.8987882Z         [
2026-09-28T19:29:37.8987957Z           41,
2026-09-28T19:29:37.8988033Z           -131071,
2026-09-28T19:29:37.8988111Z           117,
2026-09-28T19:29:37.8988187Z           113
2026-09-28T19:29:37.8988362Z         ],
2026-09-28T19:29:37.8988444Z         [
2026-09-28T19:29:37.8988524Z           42,
2026-09-28T19:29:37.8988604Z           -65536,
2026-09-28T19:29:37.8988685Z           118,
2026-09-28T19:29:37.8988766Z           114
2026-09-28T19:29:37.8988837Z         ],
2026-09-28T19:29:37.8988916Z         [
2026-09-28T19:29:37.8988989Z           43,
2026-09-28T19:29:37.8989071Z           -1,
2026-09-28T19:29:37.8989142Z           120,
2026-09-28T19:29:37.8989223Z           116
2026-09-28T19:29:37.8989294Z         ],
2026-09-28T19:29:37.8989377Z         [
2026-09-28T19:29:37.8989456Z           44,
2026-09-28T19:29:37.8989527Z           0,
2026-09-28T19:29:37.8989607Z           121,
2026-09-28T19:29:37.8989679Z           117
2026-09-28T19:29:37.8989759Z         ],
2026-09-28T19:29:37.8989832Z         [
2026-09-28T19:29:37.8989912Z           45,
2026-09-28T19:29:37.8989984Z           1,
2026-09-28T19:29:37.8990063Z           122,
2026-09-28T19:29:37.8990142Z           118
2026-09-28T19:29:37.8990220Z         ],
2026-09-28T19:29:37.8990300Z         [
2026-09-28T19:29:37.8990372Z           46,
2026-09-28T19:29:37.8990453Z           65535,
2026-09-28T19:29:37.8990526Z           124,
2026-09-28T19:29:37.8990601Z           120
2026-09-28T19:29:37.8990674Z         ],
2026-09-28T19:29:37.8990754Z         [
2026-09-28T19:29:37.8990824Z           47,
2026-09-28T19:29:37.8990904Z           131071,
2026-09-28T19:29:37.8990981Z           125,
2026-09-28T19:29:37.8991052Z           121
2026-09-28T19:29:37.8991128Z         ],
2026-09-28T19:29:37.8991198Z         [
2026-09-28T19:29:37.8991275Z           48,
2026-09-28T19:29:37.8991350Z           -8589803520,
2026-09-28T19:29:37.8991426Z           126,
2026-09-28T19:29:37.8991496Z           122
2026-09-28T19:29:37.8991576Z         ],
2026-09-28T19:29:37.8991656Z         [
2026-09-28T19:29:37.8991728Z           49,
2026-09-28T19:29:37.8991813Z           -8589737985,
2026-09-28T19:29:37.8991885Z           128,
2026-09-28T19:29:37.8992029Z           124
2026-09-28T19:29:37.8992102Z         ],
2026-09-28T19:29:37.8992182Z         [
2026-09-28T19:29:37.8992254Z           50,
2026-09-28T19:29:37.8992397Z           -4294901760,
2026-09-28T19:29:37.8992482Z           129,
2026-09-28T19:29:37.8992553Z           125
2026-09-28T19:29:37.8992632Z         ],
2026-09-28T19:29:37.8992706Z         [
2026-09-28T19:29:37.8992787Z           51,
2026-09-28T19:29:37.8992862Z           -65535,
2026-09-28T19:29:37.8992942Z           130,
2026-09-28T19:29:37.8993017Z           126
2026-09-28T19:29:37.8993099Z         ],
2026-09-28T19:29:37.8993171Z         [
2026-09-28T19:29:37.8993255Z           52,
2026-09-28T19:29:37.8993336Z           0,
2026-09-28T19:29:37.8993409Z           132,
2026-09-28T19:29:37.8993487Z           128
2026-09-28T19:29:37.8993558Z         ],
2026-09-28T19:29:37.8993638Z         [
2026-09-28T19:29:37.8993707Z           53,
2026-09-28T19:29:37.8993788Z           65535,
2026-09-28T19:29:37.8993858Z           133,
2026-09-28T19:29:37.8993940Z           129
2026-09-28T19:29:37.8994017Z         ],
2026-09-28T19:29:37.8994087Z         [
2026-09-28T19:29:37.8994162Z           54,
2026-09-28T19:29:37.8994239Z           4294836225,
2026-09-28T19:29:37.8994319Z           134,
2026-09-28T19:29:37.8994389Z           130
2026-09-28T19:29:37.8994467Z         ],
2026-09-28T19:29:37.8994537Z         [
2026-09-28T19:29:37.8994613Z           55,
2026-09-28T19:29:37.8994694Z           8589737985,
2026-09-28T19:29:37.8994765Z           136,
2026-09-28T19:29:37.8994842Z           132
2026-09-28T19:29:37.8994913Z         ],
2026-09-28T19:29:37.8994988Z         [
2026-09-28T19:29:37.8995059Z           56,
2026-09-28T19:29:37.8995145Z           -17179738112,
2026-09-28T19:29:37.8995217Z           137,
2026-09-28T19:29:37.8995295Z           133
2026-09-28T19:29:37.8995367Z         ],
2026-09-28T19:29:37.8995448Z         [
2026-09-28T19:29:37.8995531Z           57,
2026-09-28T19:29:37.8995608Z           -17179607041,
2026-09-28T19:29:37.8995687Z           138,
2026-09-28T19:29:37.8995762Z           134
2026-09-28T19:29:37.8995841Z         ],
2026-09-28T19:29:37.8995913Z         [
2026-09-28T19:29:37.8995995Z           58,
2026-09-28T19:29:37.8996075Z           -8589869056,
2026-09-28T19:29:37.8996162Z           140,
2026-09-28T19:29:37.8996241Z           136
2026-09-28T19:29:37.8996312Z         ],
2026-09-28T19:29:37.8996389Z         [
2026-09-28T19:29:37.8996461Z           59,
2026-09-28T19:29:37.8996544Z           -131071,
2026-09-28T19:29:37.8996615Z           141,
2026-09-28T19:29:37.8996697Z           137
2026-09-28T19:29:37.8996767Z         ],
2026-09-28T19:29:37.8996847Z         [
2026-09-28T19:29:37.8996925Z           60,
2026-09-28T19:29:37.8996998Z           0,
2026-09-28T19:29:37.8997076Z           142,
2026-09-28T19:29:37.8997146Z           138
2026-09-28T19:29:37.8997225Z         ],
2026-09-28T19:29:37.8997296Z         [
2026-09-28T19:29:37.8997374Z           61,
2026-09-28T19:29:37.8997446Z           131071,
2026-09-28T19:29:37.8997524Z           144,
2026-09-28T19:29:37.8997596Z           140
2026-09-28T19:29:37.8997677Z         ],
2026-09-28T19:29:37.8997757Z         [
2026-09-28T19:29:37.8997827Z           62,
2026-09-28T19:29:37.8997927Z           8589737985,
2026-09-28T19:29:37.8997998Z           145,
2026-09-28T19:29:37.8998075Z           141
2026-09-28T19:29:37.8998147Z         ],
2026-09-28T19:29:37.8998318Z         [
2026-09-28T19:29:37.8998402Z           63,
2026-09-28T19:29:37.8998486Z           17179607041,
2026-09-28T19:29:37.8998571Z           146,
2026-09-28T19:29:37.8998646Z           142
2026-09-28T19:29:37.8998731Z         ],
2026-09-28T19:29:37.8998806Z         [
2026-09-28T19:29:37.8998890Z           64,
2026-09-28T19:29:37.8998967Z           -1812934134,
2026-09-28T19:29:37.8999050Z           148,
2026-09-28T19:29:37.8999123Z           144
2026-09-28T19:29:37.8999203Z         ],
2026-09-28T19:29:37.8999285Z         [
2026-09-28T19:29:37.8999357Z           65,
2026-09-28T19:29:37.8999437Z           1536096423,
2026-09-28T19:29:37.8999580Z           149,
2026-09-28T19:29:37.8999659Z           145
2026-09-28T19:29:37.8999731Z         ],
2026-09-28T19:29:37.8999814Z         [
2026-09-28T19:29:37.8999979Z           66,
2026-09-28T19:29:37.9000063Z           5440644901,
2026-09-28T19:29:37.9000142Z           150,
2026-09-28T19:29:37.9000215Z           146
2026-09-28T19:29:37.9000295Z         ],
2026-09-28T19:29:37.9000368Z         [
2026-09-28T19:29:37.9000445Z           67,
2026-09-28T19:29:37.9000520Z           -1273939616,
2026-09-28T19:29:37.9000602Z           152,
2026-09-28T19:29:37.9000676Z           148
2026-09-28T19:29:37.9000761Z         ],
2026-09-28T19:29:37.9000832Z         [
2026-09-28T19:29:37.9000908Z           68,
2026-09-28T19:29:37.9000993Z           -12752632370,
2026-09-28T19:29:37.9001065Z           153,
2026-09-28T19:29:37.9001143Z           149
2026-09-28T19:29:37.9001216Z         ],
2026-09-28T19:29:37.9001293Z         [
2026-09-28T19:29:37.9001365Z           69,
2026-09-28T19:29:37.9001448Z           -607328616,
2026-09-28T19:29:37.9001523Z           154,
2026-09-28T19:29:37.9001606Z           150
2026-09-28T19:29:37.9001684Z         ],
2026-09-28T19:29:37.9001754Z         [
2026-09-28T19:29:37.9001838Z           70,
2026-09-28T19:29:37.9001912Z           -6377379840,
2026-09-28T19:29:37.9001992Z           156,
2026-09-28T19:29:37.9002063Z           152
2026-09-28T19:29:37.9002147Z         ],
2026-09-28T19:29:37.9002218Z         [
2026-09-28T19:29:37.9002299Z           71,
2026-09-28T19:29:37.9002381Z           3259767414,
2026-09-28T19:29:37.9002463Z           157,
2026-09-28T19:29:37.9002542Z           153
2026-09-28T19:29:37.9002614Z         ],
2026-09-28T19:29:37.9002693Z         [
2026-09-28T19:29:37.9002764Z           72,
2026-09-28T19:29:37.9002847Z           -1258525909,
2026-09-28T19:29:37.9002921Z           158,
2026-09-28T19:29:37.9003001Z           154
2026-09-28T19:29:37.9003072Z         ],
2026-09-28T19:29:37.9003152Z         [
2026-09-28T19:29:37.9003231Z           73,
2026-09-28T19:29:37.9003308Z           -791561888,
2026-09-28T19:29:37.9003389Z           160,
2026-09-28T19:29:37.9003461Z           156
2026-09-28T19:29:37.9003539Z         ],
2026-09-28T19:29:37.9003613Z         [
2026-09-28T19:29:37.9003692Z           74,
2026-09-28T19:29:37.9003764Z           902971662,
2026-09-28T19:29:37.9003846Z           161,
2026-09-28T19:29:37.9003923Z           157
2026-09-28T19:29:37.9003994Z         ],
2026-09-28T19:29:37.9004070Z         [
2026-09-28T19:29:37.9004141Z           75,
2026-09-28T19:29:37.9004219Z           888344330,
2026-09-28T19:29:37.9004291Z           162,
2026-09-28T19:29:37.9004370Z           158
2026-09-28T19:29:37.9004440Z         ],
2026-09-28T19:29:37.9004521Z         [
2026-09-28T19:29:37.9004599Z           76,
2026-09-28T19:29:37.9004672Z           584066688,
2026-09-28T19:29:37.9004752Z           164,
2026-09-28T19:29:37.9004822Z           160
2026-09-28T19:29:37.9004904Z         ],
2026-09-28T19:29:37.9004975Z         [
2026-09-28T19:29:37.9005056Z           77,
2026-09-28T19:29:37.9005134Z           372219408,
2026-09-28T19:29:37.9005216Z           165,
2026-09-28T19:29:37.9005287Z           161
2026-09-28T19:29:37.9005368Z         ],
2026-09-28T19:29:37.9005451Z         [
2026-09-28T19:29:37.9005521Z           78,
2026-09-28T19:29:37.9005604Z           -2405879000,
2026-09-28T19:29:37.9005677Z           166,
2026-09-28T19:29:37.9005756Z           162
2026-09-28T19:29:37.9005826Z         ],
2026-09-28T19:29:37.9005905Z         [
2026-09-28T19:29:37.9005976Z           79,
2026-09-28T19:29:37.9006058Z           71768433,
2026-09-28T19:29:37.9006135Z           168,
2026-09-28T19:29:37.9006206Z           164
2026-09-28T19:29:37.9006286Z         ],
2026-09-28T19:29:37.9006356Z         [
2026-09-28T19:29:37.9006432Z           80,
2026-09-28T19:29:37.9006505Z           16411239500,
2026-09-28T19:29:37.9006581Z           169,
2026-09-28T19:29:37.9006652Z           165
2026-09-28T19:29:37.9006730Z         ],
2026-09-28T19:29:37.9006806Z         [
2026-09-28T19:29:37.9006876Z           81,
2026-09-28T19:29:37.9007011Z           -5474329920,
2026-09-28T19:29:37.9007085Z           170,
2026-09-28T19:29:37.9007162Z           166
2026-09-28T19:29:37.9007234Z         ],
2026-09-28T19:29:37.9007359Z         [
2026-09-28T19:29:37.9007431Z           82,
2026-09-28T19:29:37.9007512Z           31939503,
2026-09-28T19:29:37.9007590Z           172,
2026-09-28T19:29:37.9007662Z           168
2026-09-28T19:29:37.9007740Z         ],
2026-09-28T19:29:37.9007811Z         [
2026-09-28T19:29:37.9007888Z           83,
2026-09-28T19:29:37.9007965Z           -15618524922,
2026-09-28T19:29:37.9008045Z           173,
2026-09-28T19:29:37.9008116Z           169
2026-09-28T19:29:37.9008193Z         ],
2026-09-28T19:29:37.9008456Z         [
2026-09-28T19:29:37.9008566Z           84,
2026-09-28T19:29:37.9008676Z           8478108672,
2026-09-28T19:29:37.9008757Z           174,
2026-09-28T19:29:37.9008839Z           170
2026-09-28T19:29:37.9008912Z         ],
2026-09-28T19:29:37.9008992Z         [
2026-09-28T19:29:37.9009066Z           85,
2026-09-28T19:29:37.9009158Z           10250611884,
2026-09-28T19:29:37.9009231Z           176,
2026-09-28T19:29:37.9009311Z           172
2026-09-28T19:29:37.9009396Z         ],
2026-09-28T19:29:37.9009470Z         [
2026-09-28T19:29:37.9009555Z           86,
2026-09-28T19:29:37.9009631Z           2264339706,
2026-09-28T19:29:37.9009712Z           177,
2026-09-28T19:29:37.9009785Z           173
2026-09-28T19:29:37.9009895Z         ],
2026-09-28T19:29:37.9009978Z         [
2026-09-28T19:29:37.9010059Z           87,
2026-09-28T19:29:37.9010141Z           2695134585,
2026-09-28T19:29:37.9010217Z           178,
2026-09-28T19:29:37.9010296Z           174
2026-09-28T19:29:37.9010367Z         ],
2026-09-28T19:29:37.9010442Z         [
2026-09-28T19:29:37.9010512Z           88,
2026-09-28T19:29:37.9010589Z           8201213685,
2026-09-28T19:29:37.9010659Z           180,
2026-09-28T19:29:37.9010739Z           176
2026-09-28T19:29:37.9010808Z         ],
2026-09-28T19:29:37.9010887Z         [
2026-09-28T19:29:37.9010971Z           89,
2026-09-28T19:29:37.9011042Z           3471693654,
2026-09-28T19:29:37.9011118Z           181,
2026-09-28T19:29:37.9011191Z           177
2026-09-28T19:29:37.9011271Z         ],
2026-09-28T19:29:37.9011342Z         [
2026-09-28T19:29:37.9011420Z           90,
2026-09-28T19:29:37.9011492Z           6307213752,
2026-09-28T19:29:37.9011571Z           182,
2026-09-28T19:29:37.9011651Z           178
2026-09-28T19:29:37.9011722Z         ],
2026-09-28T19:29:37.9011799Z         [
2026-09-28T19:29:37.9011870Z           91,
2026-09-28T19:29:37.9011950Z           2718206208,
2026-09-28T19:29:37.9012020Z           184,
2026-09-28T19:29:37.9012099Z           180
2026-09-28T19:29:37.9012170Z         ],
2026-09-28T19:29:37.9012250Z         [
2026-09-28T19:29:37.9012328Z           92,
2026-09-28T19:29:37.9012402Z           -901614816,
2026-09-28T19:29:37.9012480Z           185,
2026-09-28T19:29:37.9012550Z           181
2026-09-28T19:29:37.9012628Z         ],
2026-09-28T19:29:37.9012699Z         [
2026-09-28T19:29:37.9012779Z           93,
2026-09-28T19:29:37.9012853Z           -8597096948,
2026-09-28T19:29:37.9012932Z           186,
2026-09-28T19:29:37.9013011Z           182
2026-09-28T19:29:37.9013084Z         ],
2026-09-28T19:29:37.9013161Z         [
2026-09-28T19:29:37.9013231Z           94,
2026-09-28T19:29:37.9013308Z           5107604787,
2026-09-28T19:29:37.9013377Z           188,
2026-09-28T19:29:37.9013453Z           184
2026-09-28T19:29:37.9013523Z         ],
2026-09-28T19:29:37.9013601Z         [
2026-09-28T19:29:37.9013669Z           95,
2026-09-28T19:29:37.9013754Z           -3720163642,
2026-09-28T19:29:37.9013829Z           189,
2026-09-28T19:29:37.9013900Z           185
2026-09-28T19:29:37.9013977Z         ],
2026-09-28T19:29:37.9014047Z         [
2026-09-28T19:29:37.9014122Z           96,
2026-09-28T19:29:37.9014194Z           3863090606,
2026-09-28T19:29:37.9014272Z           190,
2026-09-28T19:29:37.9014345Z           186
2026-09-28T19:29:37.9014423Z         ],
2026-09-28T19:29:37.9014500Z         [
2026-09-28T19:29:37.9014662Z           97,
2026-09-28T19:29:37.9014749Z           -2133102250,
2026-09-28T19:29:37.9014819Z           192,
2026-09-28T19:29:37.9014957Z           188
2026-09-28T19:29:37.9015028Z         ],
2026-09-28T19:29:37.9015109Z         [
2026-09-28T19:29:37.9015179Z           98,
2026-09-28T19:29:37.9015260Z           2834704125,
2026-09-28T19:29:37.9015340Z           193,
2026-09-28T19:29:37.9015414Z           189
2026-09-28T19:29:37.9015500Z         ],
2026-09-28T19:29:37.9015571Z         [
2026-09-28T19:29:37.9015650Z           99,
2026-09-28T19:29:37.9015736Z           3368971552,
2026-09-28T19:29:37.9015816Z           194,
2026-09-28T19:29:37.9015889Z           190
2026-09-28T19:29:37.9015971Z         ],
2026-09-28T19:29:37.9016042Z         [
2026-09-28T19:29:37.9016122Z           100,
2026-09-28T19:29:37.9016203Z           20311090,
2026-09-28T19:29:37.9016278Z           196,
2026-09-28T19:29:37.9016357Z           192
2026-09-28T19:29:37.9016427Z         ],
2026-09-28T19:29:37.9016506Z         [
2026-09-28T19:29:37.9016578Z           101,
2026-09-28T19:29:37.9016660Z           245637696,
2026-09-28T19:29:37.9016730Z           197,
2026-09-28T19:29:37.9016815Z           193
2026-09-28T19:29:37.9016892Z         ],
2026-09-28T19:29:37.9016963Z         [
2026-09-28T19:29:37.9017043Z           102,
2026-09-28T19:29:37.9017115Z           3323859808,
2026-09-28T19:29:37.9017191Z           198,
2026-09-28T19:29:37.9017261Z           194
2026-09-28T19:29:37.9017338Z         ],
2026-09-28T19:29:37.9017408Z         [
2026-09-28T19:29:37.9017485Z           103,
2026-09-28T19:29:37.9017564Z           442939536,
2026-09-28T19:29:37.9017634Z           200,
2026-09-28T19:29:37.9017711Z           196
2026-09-28T19:29:37.9017783Z         ],
2026-09-28T19:29:37.9017860Z         [
2026-09-28T19:29:37.9017931Z           104,
2026-09-28T19:29:37.9018012Z           -9379895688,
2026-09-28T19:29:37.9018083Z           201,
2026-09-28T19:29:37.9018163Z           197
2026-09-28T19:29:37.9018834Z         ],
2026-09-28T19:29:37.9018966Z         [
2026-09-28T19:29:37.9019051Z           105,
2026-09-28T19:29:37.9019125Z           1685694500,
2026-09-28T19:29:37.9019209Z           202,
2026-09-28T19:29:37.9019280Z           198
2026-09-28T19:29:37.9019366Z         ],
2026-09-28T19:29:37.9019437Z         [
2026-09-28T19:29:37.9019518Z           106,
2026-09-28T19:29:37.9019596Z           -1898208402,
2026-09-28T19:29:37.9019679Z           204,
2026-09-28T19:29:37.9019758Z           200
2026-09-28T19:29:37.9019830Z         ],
2026-09-28T19:29:37.9019911Z         [
2026-09-28T19:29:37.9019981Z           107,
2026-09-28T19:29:37.9020063Z           -8775538785,
2026-09-28T19:29:37.9020133Z           205,
2026-09-28T19:29:37.9020213Z           201
2026-09-28T19:29:37.9020283Z         ],
2026-09-28T19:29:37.9020361Z         [
2026-09-28T19:29:37.9020438Z           108,
2026-09-28T19:29:37.9020512Z           6080184628,
2026-09-28T19:29:37.9020590Z           206,
2026-09-28T19:29:37.9020662Z           202
2026-09-28T19:29:37.9020741Z         ],
2026-09-28T19:29:37.9020812Z         [
2026-09-28T19:29:37.9020890Z           109,
2026-09-28T19:29:37.9020964Z           -3037794124,
2026-09-28T19:29:37.9021045Z           208,
2026-09-28T19:29:37.9021123Z           204
2026-09-28T19:29:37.9021195Z         ],
2026-09-28T19:29:37.9021271Z         [
2026-09-28T19:29:37.9021342Z           110,
2026-09-28T19:29:37.9021423Z           -3014854747,
2026-09-28T19:29:37.9021494Z           209,
2026-09-28T19:29:37.9021570Z           205
2026-09-28T19:29:37.9021641Z         ],
2026-09-28T19:29:37.9021719Z         [
2026-09-28T19:29:37.9021790Z           111,
2026-09-28T19:29:37.9021873Z           -6843361042,
2026-09-28T19:29:37.9021950Z           210,
2026-09-28T19:29:37.9022022Z           206
2026-09-28T19:29:37.9022101Z         ],
2026-09-28T19:29:37.9022173Z         [
2026-09-28T19:29:37.9022250Z           112,
2026-09-28T19:29:37.9022324Z           6961238886,
2026-09-28T19:29:37.9022403Z           212,
2026-09-28T19:29:37.9022474Z           208
2026-09-28T19:29:37.9022642Z         ],
2026-09-28T19:29:37.9022723Z         [
2026-09-28T19:29:37.9022794Z           113,
2026-09-28T19:29:37.9022934Z           6932043736,
2026-09-28T19:29:37.9023006Z           213,
2026-09-28T19:29:37.9023085Z           209
2026-09-28T19:29:37.9023158Z         ],
2026-09-28T19:29:37.9023239Z         [
2026-09-28T19:29:37.9023312Z           114,
2026-09-28T19:29:37.9023398Z           -4783551209,
2026-09-28T19:29:37.9023478Z           214,
2026-09-28T19:29:37.9023552Z           210
2026-09-28T19:29:37.9023633Z         ],
2026-09-28T19:29:37.9023705Z         [
2026-09-28T19:29:37.9023788Z           115,
2026-09-28T19:29:37.9023863Z           -8703268750,
2026-09-28T19:29:37.9023946Z           216,
2026-09-28T19:29:37.9024019Z           212
2026-09-28T19:29:37.9024100Z         ],
2026-09-28T19:29:37.9024170Z         [
2026-09-28T19:29:37.9024249Z           116,
2026-09-28T19:29:37.9024329Z           -4253889639,
2026-09-28T19:29:37.9024399Z           217,
2026-09-28T19:29:37.9024482Z           213
2026-09-28T19:29:37.9024554Z         ],
2026-09-28T19:29:37.9024647Z         [
2026-09-28T19:29:37.9024717Z           117,
2026-09-28T19:29:37.9024804Z           -2822596000,
2026-09-28T19:29:37.9024874Z           218,
2026-09-28T19:29:37.9024953Z           214
2026-09-28T19:29:37.9025031Z         ],
2026-09-28T19:29:37.9025103Z         [
2026-09-28T19:29:37.9025181Z           118,
2026-09-28T19:29:37.9025254Z           1027954368,
2026-09-28T19:29:37.9025333Z           220,
2026-09-28T19:29:37.9025404Z           216
2026-09-28T19:29:37.9025484Z         ],
2026-09-28T19:29:37.9025556Z         [
2026-09-28T19:29:37.9025635Z           119,
2026-09-28T19:29:37.9025717Z           -125350478,
2026-09-28T19:29:37.9025834Z           221,
2026-09-28T19:29:37.9025915Z           217
2026-09-28T19:29:37.9025985Z         ],
2026-09-28T19:29:37.9026064Z         [
2026-09-28T19:29:37.9026134Z           120,
2026-09-28T19:29:37.9026218Z           6958267602,
2026-09-28T19:29:37.9026290Z           222,
2026-09-28T19:29:37.9026375Z           218
2026-09-28T19:29:37.9026454Z         ],
2026-09-28T19:29:37.9026525Z         [
2026-09-28T19:29:37.9026609Z           121,
2026-09-28T19:29:37.9026682Z           1683174220,
2026-09-28T19:29:37.9026759Z           224,
2026-09-28T19:29:37.9026830Z           220
2026-09-28T19:29:37.9026907Z         ],
2026-09-28T19:29:37.9026978Z         [
2026-09-28T19:29:37.9027058Z           122,
2026-09-28T19:29:37.9027132Z           15433981629,
2026-09-28T19:29:37.9027209Z           225,
2026-09-28T19:29:37.9027287Z           221
2026-09-28T19:29:37.9027357Z         ],
2026-09-28T19:29:37.9027434Z         [
2026-09-28T19:29:37.9027506Z           123,
2026-09-28T19:29:37.9027590Z           -5913129690,
2026-09-28T19:29:37.9027660Z           226,
2026-09-28T19:29:37.9027738Z           222
2026-09-28T19:29:37.9027808Z         ],
2026-09-28T19:29:37.9027888Z         [
2026-09-28T19:29:37.9027967Z           124,
2026-09-28T19:29:37.9028039Z           6040687733,
2026-09-28T19:29:37.9028121Z           228,
2026-09-28T19:29:37.9028194Z           224
2026-09-28T19:29:37.9028360Z         ],
2026-09-28T19:29:37.9028443Z         [
2026-09-28T19:29:37.9028530Z           125,
2026-09-28T19:29:37.9028606Z           -1214188704,
2026-09-28T19:29:37.9028688Z           229,
2026-09-28T19:29:37.9028770Z           225
2026-09-28T19:29:37.9028843Z         ],
2026-09-28T19:29:37.9028923Z         [
2026-09-28T19:29:37.9028997Z           126,
2026-09-28T19:29:37.9029083Z           -104817150,
2026-09-28T19:29:37.9029157Z           230,
2026-09-28T19:29:37.9029240Z           226
2026-09-28T19:29:37.9029315Z         ],
2026-09-28T19:29:37.9029399Z         [
2026-09-28T19:29:37.9029476Z           127,
2026-09-28T19:29:37.9029564Z           -14626756386,
2026-09-28T19:29:37.9029647Z           232,
2026-09-28T19:29:37.9029721Z           228
2026-09-28T19:29:37.9029803Z         ],
2026-09-28T19:29:37.9029875Z         [
2026-09-28T19:29:37.9029956Z           128,
2026-09-28T19:29:37.9030098Z           -9368163930,
2026-09-28T19:29:37.9030179Z           233,
2026-09-28T19:29:37.9030251Z           229
2026-09-28T19:29:37.9030331Z         ],
2026-09-28T19:29:37.9030497Z         [
2026-09-28T19:29:37.9030569Z           129,
2026-09-28T19:29:37.9030653Z           -1785403548,
2026-09-28T19:29:37.9030729Z           234,
2026-09-28T19:29:37.9030812Z           230
2026-09-28T19:29:37.9030883Z         ],
2026-09-28T19:29:37.9030962Z         [
2026-09-28T19:29:37.9031032Z           130,
2026-09-28T19:29:37.9031115Z           4263241647,
2026-09-28T19:29:37.9031191Z           236,
2026-09-28T19:29:37.9031264Z           232
2026-09-28T19:29:37.9031345Z         ],
2026-09-28T19:29:37.9031417Z         [
2026-09-28T19:29:37.9031496Z           131,
2026-09-28T19:29:37.9031570Z           -3149559560,
2026-09-28T19:29:37.9031652Z           237,
2026-09-28T19:29:37.9031724Z           233
2026-09-28T19:29:37.9031803Z         ],
2026-09-28T19:29:37.9031884Z         [
2026-09-28T19:29:37.9031957Z           132,
2026-09-28T19:29:37.9032044Z           -5378322620,
2026-09-28T19:29:37.9032116Z           238,
2026-09-28T19:29:37.9032193Z           234
2026-09-28T19:29:37.9032264Z         ],
2026-09-28T19:29:37.9032348Z         [
2026-09-28T19:29:37.9032419Z           133,
2026-09-28T19:29:37.9032501Z           4273065207,
2026-09-28T19:29:37.9032573Z           240,
2026-09-28T19:29:37.9032651Z           236
2026-09-28T19:29:37.9032727Z         ],
2026-09-28T19:29:37.9032798Z         [
2026-09-28T19:29:37.9032876Z           134,
2026-09-28T19:29:37.9032950Z           -1981257901,
2026-09-28T19:29:37.9033027Z           241,
2026-09-28T19:29:37.9033099Z           237
2026-09-28T19:29:37.9033179Z         ],
2026-09-28T19:29:37.9033249Z         [
2026-09-28T19:29:37.9033327Z           135,
2026-09-28T19:29:37.9033404Z           -4995255596,
2026-09-28T19:29:37.9033474Z           242,
2026-09-28T19:29:37.9033550Z           238
2026-09-28T19:29:37.9033622Z         ],
2026-09-28T19:29:37.9033698Z         [
2026-09-28T19:29:37.9033770Z           136,
2026-09-28T19:29:37.9033853Z           4258152747,
2026-09-28T19:29:37.9033924Z           244,
2026-09-28T19:29:37.9034003Z           240
2026-09-28T19:29:37.9034083Z         ],
2026-09-28T19:29:37.9034154Z         [
2026-09-28T19:29:37.9034231Z           137,
2026-09-28T19:29:37.9034304Z           2567812148,
2026-09-28T19:29:37.9034382Z           245,
2026-09-28T19:29:37.9034453Z           241
2026-09-28T19:29:37.9034532Z         ],
2026-09-28T19:29:37.9034601Z         [
2026-09-28T19:29:37.9034678Z           138,
2026-09-28T19:29:37.9034752Z           -1775925963,
2026-09-28T19:29:37.9034833Z           246,
2026-09-28T19:29:37.9034909Z           242
2026-09-28T19:29:37.9034980Z         ],
2026-09-28T19:29:37.9035064Z         [
2026-09-28T19:29:37.9035182Z           139,
2026-09-28T19:29:37.9035285Z           6271443255,
2026-09-28T19:29:37.9035370Z           248,
2026-09-28T19:29:37.9035470Z           244
2026-09-28T19:29:37.9035658Z         ],
2026-09-28T19:29:37.9035747Z         [
2026-09-28T19:29:37.9035832Z           140,
2026-09-28T19:29:37.9035906Z           1291624300,
2026-09-28T19:29:37.9035986Z           249,
2026-09-28T19:29:37.9036058Z           245
2026-09-28T19:29:37.9036141Z         ],
2026-09-28T19:29:37.9036214Z         [
2026-09-28T19:29:37.9036293Z           141,
2026-09-28T19:29:37.9036366Z           662851149,
2026-09-28T19:29:37.9036448Z           250,
2026-09-28T19:29:37.9036529Z           246
2026-09-28T19:29:37.9036601Z         ],
2026-09-28T19:29:37.9036681Z         [
2026-09-28T19:29:37.9036754Z           142,
2026-09-28T19:29:37.9036839Z           11508632604,
2026-09-28T19:29:37.9036941Z           252,
2026-09-28T19:29:37.9037051Z           248
2026-09-28T19:29:37.9037139Z         ],
2026-09-28T19:29:37.9037355Z         [
2026-09-28T19:29:37.9037436Z           143,
2026-09-28T19:29:37.9037514Z           -5173389205,
2026-09-28T19:29:37.9037624Z           253,
2026-09-28T19:29:37.9037728Z           249
2026-09-28T19:29:37.9037919Z         ],
2026-09-28T19:29:37.9038019Z         [
2026-09-28T19:29:37.9038452Z           144,
2026-09-28T19:29:37.9038570Z           3228326928,
2026-09-28T19:29:37.9038701Z           254,
2026-09-28T19:29:37.9038870Z           250
2026-09-28T19:29:37.9038949Z         ],
2026-09-28T19:29:37.9039028Z         [
2026-09-28T19:29:37.9039099Z           145,
2026-09-28T19:29:37.9039181Z           3290653194,
2026-09-28T19:29:37.9039252Z           256,
2026-09-28T19:29:37.9039332Z           252
2026-09-28T19:29:37.9039403Z         ],
2026-09-28T19:29:37.9039485Z         [
2026-09-28T19:29:37.9039555Z           146,
2026-09-28T19:29:37.9039640Z           -162633807,
2026-09-28T19:29:37.9039720Z           257,
2026-09-28T19:29:37.9039793Z           253
2026-09-28T19:29:37.9039870Z         ],
2026-09-28T19:29:37.9039941Z         [
2026-09-28T19:29:37.9040022Z           147,
2026-09-28T19:29:37.9040093Z           3022827996,
2026-09-28T19:29:37.9040172Z           258,
2026-09-28T19:29:37.9040243Z           254
2026-09-28T19:29:37.9040323Z         ],
2026-09-28T19:29:37.9040405Z         [
2026-09-28T19:29:37.9040479Z           148,
2026-09-28T19:29:37.9040558Z           -5782032760,
2026-09-28T19:29:37.9040629Z           260,
2026-09-28T19:29:37.9040713Z           256
2026-09-28T19:29:37.9040784Z         ],
2026-09-28T19:29:37.9040861Z         [
2026-09-28T19:29:37.9040933Z           149,
2026-09-28T19:29:37.9041013Z           2520136830,
2026-09-28T19:29:37.9041083Z           261,
2026-09-28T19:29:37.9041161Z           257
2026-09-28T19:29:37.9041238Z         ],
2026-09-28T19:29:37.9041308Z         [
2026-09-28T19:29:37.9041385Z           150,
2026-09-28T19:29:37.9041458Z           254029988,
2026-09-28T19:29:37.9041535Z           262,
2026-09-28T19:29:37.9041606Z           258
2026-09-28T19:29:37.9041684Z         ],
2026-09-28T19:29:37.9041754Z         [
2026-09-28T19:29:37.9041830Z           151,
2026-09-28T19:29:37.9041911Z           -6900593469,
2026-09-28T19:29:37.9041980Z           264,
2026-09-28T19:29:37.9042056Z           260
2026-09-28T19:29:37.9042128Z         ],
2026-09-28T19:29:37.9042210Z         [
2026-09-28T19:29:37.9042281Z           152,
2026-09-28T19:29:37.9042363Z           8837287936,
2026-09-28T19:29:37.9042439Z           265,
2026-09-28T19:29:37.9042518Z           261
2026-09-28T19:29:37.9042595Z         ],
2026-09-28T19:29:37.9042665Z         [
2026-09-28T19:29:37.9042743Z           153,
2026-09-28T19:29:37.9042821Z           -1897436898,
2026-09-28T19:29:37.9042900Z           266,
2026-09-28T19:29:37.9042971Z           262
2026-09-28T19:29:37.9043051Z         ],
2026-09-28T19:29:37.9043122Z         [
2026-09-28T19:29:37.9043199Z           154,
2026-09-28T19:29:37.9043272Z           4468673380,
2026-09-28T19:29:37.9043353Z           268,
2026-09-28T19:29:37.9043432Z           264
2026-09-28T19:29:37.9043504Z         ],
2026-09-28T19:29:37.9043582Z         [
2026-09-28T19:29:37.9043655Z           155,
2026-09-28T19:29:37.9043735Z           9791978616,
2026-09-28T19:29:37.9043808Z           269,
2026-09-28T19:29:37.9043887Z           265
2026-09-28T19:29:37.9043961Z         ],
2026-09-28T19:29:37.9044041Z         [
2026-09-28T19:29:37.9044120Z           156,
2026-09-28T19:29:37.9044198Z           -12080363082,
2026-09-28T19:29:37.9044280Z           270,
2026-09-28T19:29:37.9044350Z           266
2026-09-28T19:29:37.9044426Z         ],
2026-09-28T19:29:37.9044500Z         [
2026-09-28T19:29:37.9044578Z           157,
2026-09-28T19:29:37.9044652Z           -9706585965,
2026-09-28T19:29:37.9044731Z           272,
2026-09-28T19:29:37.9044809Z           268
2026-09-28T19:29:37.9044881Z         ],
2026-09-28T19:29:37.9044957Z         [
2026-09-28T19:29:37.9045032Z           158,
2026-09-28T19:29:37.9045113Z           398526858,
2026-09-28T19:29:37.9045184Z           273,
2026-09-28T19:29:37.9045263Z           269
2026-09-28T19:29:37.9045336Z         ],
2026-09-28T19:29:37.9045415Z         [
2026-09-28T19:29:37.9045497Z           159,
2026-09-28T19:29:37.9045572Z           621395320,
2026-09-28T19:29:37.9045651Z           274,
2026-09-28T19:29:37.9045725Z           270
2026-09-28T19:29:37.9045864Z         ],
2026-09-28T19:29:37.9045936Z         [
2026-09-28T19:29:37.9046015Z           160,
2026-09-28T19:29:37.9046136Z           4535560034,
2026-09-28T19:29:37.9046216Z           276,
2026-09-28T19:29:37.9046288Z           272
2026-09-28T19:29:37.9046367Z         ],
2026-09-28T19:29:37.9046444Z         [
2026-09-28T19:29:37.9046516Z           161,
2026-09-28T19:29:37.9046595Z           3714726708,
2026-09-28T19:29:37.9046666Z           277,
2026-09-28T19:29:37.9046743Z           273
2026-09-28T19:29:37.9046813Z         ],
2026-09-28T19:29:37.9046891Z         [
2026-09-28T19:29:37.9046961Z           162,
2026-09-28T19:29:37.9047040Z           11030475521,
2026-09-28T19:29:37.9047116Z           278,
2026-09-28T19:29:37.9047186Z           274
2026-09-28T19:29:37.9047264Z         ],
2026-09-28T19:29:37.9047332Z         [
2026-09-28T19:29:37.9047409Z           163,
2026-09-28T19:29:37.9047483Z           -4951812525,
2026-09-28T19:29:37.9047561Z           280,
2026-09-28T19:29:37.9047635Z           276
2026-09-28T19:29:37.9047713Z         ],
2026-09-28T19:29:37.9047789Z         [
2026-09-28T19:29:37.9047859Z           164,
2026-09-28T19:29:37.9047943Z           -2597372140,
2026-09-28T19:29:37.9048014Z           281,
2026-09-28T19:29:37.9048093Z           277
2026-09-28T19:29:37.9048162Z         ],
2026-09-28T19:29:37.9048393Z         [
2026-09-28T19:29:37.9048494Z           165,
2026-09-28T19:29:37.9048597Z           -8104827519,
2026-09-28T19:29:37.9048671Z           282,
2026-09-28T19:29:37.9048756Z           278
2026-09-28T19:29:37.9048838Z         ],
2026-09-28T19:29:37.9048909Z         [
2026-09-28T19:29:37.9048992Z           166,
2026-09-28T19:29:37.9049068Z           979618200,
2026-09-28T19:29:37.9049193Z           284,
2026-09-28T19:29:37.9049267Z           280
2026-09-28T19:29:37.9049350Z         ],
2026-09-28T19:29:37.9049423Z         [
2026-09-28T19:29:37.9049507Z           167,
2026-09-28T19:29:37.9049588Z           7526052927,
2026-09-28T19:29:37.9049659Z           285,
2026-09-28T19:29:37.9049749Z           281
2026-09-28T19:29:37.9049824Z         ],
2026-09-28T19:29:37.9049905Z         [
2026-09-28T19:29:37.9049981Z           168,
2026-09-28T19:29:37.9050065Z           122726373,
2026-09-28T19:29:37.9050136Z           286,
2026-09-28T19:29:37.9050219Z           282
2026-09-28T19:29:37.9050299Z         ],
2026-09-28T19:29:37.9050372Z         [
2026-09-28T19:29:37.9050451Z           169,
2026-09-28T19:29:37.9050526Z           158013894,
2026-09-28T19:29:37.9050608Z           288,
2026-09-28T19:29:37.9050680Z           284
2026-09-28T19:29:37.9050760Z         ],
2026-09-28T19:29:37.9050833Z         [
2026-09-28T19:29:37.9050914Z           170,
2026-09-28T19:29:37.9050999Z           13165065280,
2026-09-28T19:29:37.9051072Z           289,
2026-09-28T19:29:37.9051151Z           285
2026-09-28T19:29:37.9051221Z         ],
2026-09-28T19:29:37.9051301Z         [
2026-09-28T19:29:37.9051371Z           171,
2026-09-28T19:29:37.9051453Z           5770766610,
2026-09-28T19:29:37.9051527Z           290,
2026-09-28T19:29:37.9051609Z           286
2026-09-28T19:29:37.9051693Z         ],
2026-09-28T19:29:37.9051776Z         [
2026-09-28T19:29:37.9051860Z           172,
2026-09-28T19:29:37.9051936Z           -81860526,
2026-09-28T19:29:37.9052015Z           292,
2026-09-28T19:29:37.9052086Z           288
2026-09-28T19:29:37.9052166Z         ],
2026-09-28T19:29:37.9052239Z         [
2026-09-28T19:29:37.9052320Z           173,
2026-09-28T19:29:37.9052397Z           -3313680430,
2026-09-28T19:29:37.9052479Z           293,
2026-09-28T19:29:37.9052561Z           289
2026-09-28T19:29:37.9052632Z         ],
2026-09-28T19:29:37.9052712Z         [
2026-09-28T19:29:37.9052784Z           174,
2026-09-28T19:29:37.9052870Z           -3253599336,
2026-09-28T19:29:37.9052942Z           294,
2026-09-28T19:29:37.9053022Z           290
2026-09-28T19:29:37.9053092Z         ],
2026-09-28T19:29:37.9053172Z         [
2026-09-28T19:29:37.9053253Z           175,
2026-09-28T19:29:37.9053329Z           -2844330939,
2026-09-28T19:29:37.9053511Z           296,
2026-09-28T19:29:37.9053588Z           292
2026-09-28T19:29:37.9053668Z         ],
2026-09-28T19:29:37.9053804Z         [
2026-09-28T19:29:37.9053886Z           176,
2026-09-28T19:29:37.9053961Z           446973380,
2026-09-28T19:29:37.9054045Z           297,
2026-09-28T19:29:37.9054117Z           293
2026-09-28T19:29:37.9054200Z         ],
2026-09-28T19:29:37.9054280Z         [
2026-09-28T19:29:37.9054353Z           177,
2026-09-28T19:29:37.9054434Z           48302056,
2026-09-28T19:29:37.9054506Z           298,
2026-09-28T19:29:37.9054586Z           294
2026-09-28T19:29:37.9054657Z         ],
2026-09-28T19:29:37.9054738Z         [
2026-09-28T19:29:37.9054810Z           178,
2026-09-28T19:29:37.9054893Z           3149087945,
2026-09-28T19:29:37.9054972Z           300,
2026-09-28T19:29:37.9055042Z           296
2026-09-28T19:29:37.9055122Z         ],
2026-09-28T19:29:37.9055193Z         [
2026-09-28T19:29:37.9055274Z           179,
2026-09-28T19:29:37.9055350Z           4020548880,
2026-09-28T19:29:37.9055434Z           301,
2026-09-28T19:29:37.9055504Z           297
2026-09-28T19:29:37.9055586Z         ],
2026-09-28T19:29:37.9055666Z         [
2026-09-28T19:29:37.9055736Z           180,
2026-09-28T19:29:37.9055818Z           1987873228,
2026-09-28T19:29:37.9055888Z           302,
2026-09-28T19:29:37.9055971Z           298
2026-09-28T19:29:37.9056042Z         ],
2026-09-28T19:29:37.9056122Z         [
2026-09-28T19:29:37.9056194Z           181,
2026-09-28T19:29:37.9056275Z           1094376022,
2026-09-28T19:29:37.9056346Z           304,
2026-09-28T19:29:37.9056427Z           300
2026-09-28T19:29:37.9056507Z         ],
2026-09-28T19:29:37.9056581Z         [
2026-09-28T19:29:37.9056661Z           182,
2026-09-28T19:29:37.9056737Z           -388077024,
2026-09-28T19:29:37.9056816Z           305,
2026-09-28T19:29:37.9056887Z           301
2026-09-28T19:29:37.9056969Z         ],
2026-09-28T19:29:37.9057040Z         [
2026-09-28T19:29:37.9057121Z           183,
2026-09-28T19:29:37.9057206Z           -4114037970,
2026-09-28T19:29:37.9057278Z           306,
2026-09-28T19:29:37.9057357Z           302
2026-09-28T19:29:37.9057432Z         ],
2026-09-28T19:29:37.9057510Z         [
2026-09-28T19:29:37.9057580Z           184,
2026-09-28T19:29:37.9057659Z           348965460,
2026-09-28T19:29:37.9057729Z           308,
2026-09-28T19:29:37.9057809Z           304
2026-09-28T19:29:37.9057886Z         ],
2026-09-28T19:29:37.9057956Z         [
2026-09-28T19:29:37.9058032Z           185,
2026-09-28T19:29:37.9058105Z           6478525420,
2026-09-28T19:29:37.9058184Z           309,
2026-09-28T19:29:37.9058424Z           305
2026-09-28T19:29:37.9058541Z         ],
2026-09-28T19:29:37.9058645Z         [
2026-09-28T19:29:37.9058736Z           186,
2026-09-28T19:29:37.9058825Z           -9512599368,
2026-09-28T19:29:37.9058899Z           310,
2026-09-28T19:29:37.9058985Z           306
2026-09-28T19:29:37.9059058Z         ],
2026-09-28T19:29:37.9059140Z         [
2026-09-28T19:29:37.9059221Z           187,
2026-09-28T19:29:37.9059306Z           16080985161,
2026-09-28T19:29:37.9059379Z           312,
2026-09-28T19:29:37.9059462Z           308
2026-09-28T19:29:37.9059536Z         ],
2026-09-28T19:29:37.9059616Z         [
2026-09-28T19:29:37.9059692Z           188,
2026-09-28T19:29:37.9059765Z           13520990938,
2026-09-28T19:29:37.9059843Z           313,
2026-09-28T19:29:37.9059914Z           309
2026-09-28T19:29:37.9059991Z         ],
2026-09-28T19:29:37.9060061Z         [
2026-09-28T19:29:37.9060139Z           189,
2026-09-28T19:29:37.9060210Z           7298471232,
2026-09-28T19:29:37.9060288Z           314,
2026-09-28T19:29:37.9060363Z           310
2026-09-28T19:29:37.9060434Z         ],
2026-09-28T19:29:37.9060511Z         [
2026-09-28T19:29:37.9060582Z           190,
2026-09-28T19:29:37.9060663Z           -263207835,
2026-09-28T19:29:37.9060733Z           316,
2026-09-28T19:29:37.9060810Z           312
2026-09-28T19:29:37.9060880Z         ],
2026-09-28T19:29:37.9060958Z         [
2026-09-28T19:29:37.9061107Z           191,
2026-09-28T19:29:37.9061185Z           -13876775900,
2026-09-28T19:29:37.9061260Z           317,
2026-09-28T19:29:37.9061384Z           313
2026-09-28T19:29:37.9061460Z         ],
2026-09-28T19:29:37.9061530Z         [
2026-09-28T19:29:37.9061607Z           192,
2026-09-28T19:29:37.9061681Z           -8988532119,
2026-09-28T19:29:37.9061761Z           318,
2026-09-28T19:29:37.9061830Z           314
2026-09-28T19:29:37.9061912Z         ],
2026-09-28T19:29:37.9061991Z         [
2026-09-28T19:29:37.9062063Z           193,
2026-09-28T19:29:37.9062143Z           704619864,
2026-09-28T19:29:37.9062213Z           320,
2026-09-28T19:29:37.9062292Z           316
2026-09-28T19:29:37.9062363Z         ],
2026-09-28T19:29:37.9062444Z         [
2026-09-28T19:29:37.9062517Z           194,
2026-09-28T19:29:37.9062598Z           4214022749,
2026-09-28T19:29:37.9062677Z           321,
2026-09-28T19:29:37.9062751Z           317
2026-09-28T19:29:37.9062832Z         ],
2026-09-28T19:29:37.9062906Z         [
2026-09-28T19:29:37.9062985Z           195,
2026-09-28T19:29:37.9063060Z           -7664349090,
2026-09-28T19:29:37.9063141Z           322,
2026-09-28T19:29:37.9063217Z           318
2026-09-28T19:29:37.9063298Z         ],
2026-09-28T19:29:37.9063377Z         [
2026-09-28T19:29:37.9063450Z           196,
2026-09-28T19:29:37.9063536Z           -3334937646,
2026-09-28T19:29:37.9063609Z           324,
2026-09-28T19:29:37.9063687Z           320
2026-09-28T19:29:37.9063760Z         ],
2026-09-28T19:29:37.9063839Z         [
2026-09-28T19:29:37.9063911Z           197,
2026-09-28T19:29:37.9063994Z           568388499,
2026-09-28T19:29:37.9064073Z           325,
2026-09-28T19:29:37.9064145Z           321
2026-09-28T19:29:37.9064223Z         ],
2026-09-28T19:29:37.9064294Z         [
2026-09-28T19:29:37.9064372Z           198,
2026-09-28T19:29:37.9064447Z           3440311482,
2026-09-28T19:29:37.9064527Z           326,
2026-09-28T19:29:37.9064598Z           322
2026-09-28T19:29:37.9064676Z         ],
2026-09-28T19:29:37.9064750Z         [
2026-09-28T19:29:37.9064833Z           199,
2026-09-28T19:29:37.9064914Z           -746561222,
2026-09-28T19:29:37.9064990Z           328,
2026-09-28T19:29:37.9065068Z           324
2026-09-28T19:29:37.9065138Z         ],
2026-09-28T19:29:37.9065216Z         [
2026-09-28T19:29:37.9065290Z           200,
2026-09-28T19:29:37.9065371Z           3495879918,
2026-09-28T19:29:37.9065442Z           329,
2026-09-28T19:29:37.9065523Z           325
2026-09-28T19:29:37.9065601Z         ],
2026-09-28T19:29:37.9065672Z         [
2026-09-28T19:29:37.9065751Z           201,
2026-09-28T19:29:37.9065826Z           -1809123426,
2026-09-28T19:29:37.9065905Z           330,
2026-09-28T19:29:37.9065978Z           326
2026-09-28T19:29:37.9066058Z         ],
2026-09-28T19:29:37.9066131Z         [
2026-09-28T19:29:37.9066211Z           202,
2026-09-28T19:29:37.9066292Z           2451865508,
2026-09-28T19:29:37.9066364Z           332,
2026-09-28T19:29:37.9066441Z           328
2026-09-28T19:29:37.9066518Z         ],
2026-09-28T19:29:37.9066596Z         [
2026-09-28T19:29:37.9066669Z           203,
2026-09-28T19:29:37.9066746Z           2368605104,
2026-09-28T19:29:37.9066823Z           333,
2026-09-28T19:29:37.9066902Z           329
2026-09-28T19:29:37.9066974Z         ],
2026-09-28T19:29:37.9067054Z         [
2026-09-28T19:29:37.9067130Z           204,
2026-09-28T19:29:37.9067206Z           -2961345618,
2026-09-28T19:29:37.9067284Z           334,
2026-09-28T19:29:37.9067355Z           330
2026-09-28T19:29:37.9067431Z         ],
2026-09-28T19:29:37.9067502Z         [
2026-09-28T19:29:37.9067580Z           205,
2026-09-28T19:29:37.9067652Z           6843232831,
2026-09-28T19:29:37.9067731Z           336,
2026-09-28T19:29:37.9067809Z           332
2026-09-28T19:29:37.9067879Z         ],
2026-09-28T19:29:37.9067958Z         [
2026-09-28T19:29:37.9068027Z           206,
2026-09-28T19:29:37.9068108Z           -4350574890,
2026-09-28T19:29:37.9068181Z           337,
2026-09-28T19:29:37.9068405Z           333
2026-09-28T19:29:37.9068585Z         ],
2026-09-28T19:29:37.9068669Z         [
2026-09-28T19:29:37.9068749Z           207,
2026-09-28T19:29:37.9068826Z           -903010032,
2026-09-28T19:29:37.9068964Z           338,
2026-09-28T19:29:37.9069037Z           334
2026-09-28T19:29:37.9069117Z         ],
2026-09-28T19:29:37.9069189Z         [
2026-09-28T19:29:37.9069269Z           208,
2026-09-28T19:29:37.9069343Z           1654709056,
2026-09-28T19:29:37.9069426Z           340,
2026-09-28T19:29:37.9069499Z           336
2026-09-28T19:29:37.9069583Z         ],
2026-09-28T19:29:37.9069665Z         [
2026-09-28T19:29:37.9069737Z           209,
2026-09-28T19:29:37.9069825Z           -16262238100,
2026-09-28T19:29:37.9069896Z           341,
2026-09-28T19:29:37.9069977Z           337
2026-09-28T19:29:37.9070050Z         ],
2026-09-28T19:29:37.9070133Z         [
2026-09-28T19:29:37.9070204Z           210,
2026-09-28T19:29:37.9070286Z           1447164336,
2026-09-28T19:29:37.9070368Z           342,
2026-09-28T19:29:37.9070442Z           338
2026-09-28T19:29:37.9070524Z         ],
2026-09-28T19:29:37.9070596Z         [
2026-09-28T19:29:37.9070677Z           211,
2026-09-28T19:29:37.9070755Z           6419031003,
2026-09-28T19:29:37.9070836Z           344,
2026-09-28T19:29:37.9070907Z           340
2026-09-28T19:29:37.9070987Z         ],
2026-09-28T19:29:37.9071064Z         [
2026-09-28T19:29:37.9071135Z           212,
2026-09-28T19:29:37.9071214Z           15787865709,
2026-09-28T19:29:37.9071285Z           345,
2026-09-28T19:29:37.9071363Z           341
2026-09-28T19:29:37.9071433Z         ],
2026-09-28T19:29:37.9071513Z         [
2026-09-28T19:29:37.9071584Z           213,
2026-09-28T19:29:37.9071666Z           8293303018,
2026-09-28T19:29:37.9071743Z           346,
2026-09-28T19:29:37.9071815Z           342
2026-09-28T19:29:37.9071894Z         ],
2026-09-28T19:29:37.9071967Z         [
2026-09-28T19:29:37.9072045Z           214,
2026-09-28T19:29:37.9072117Z           1875272231,
2026-09-28T19:29:37.9072195Z           348,
2026-09-28T19:29:37.9072271Z           344
2026-09-28T19:29:37.9072352Z         ],
2026-09-28T19:29:37.9072423Z         [
2026-09-28T19:29:37.9072501Z           215,
2026-09-28T19:29:37.9072594Z           -362515230,
2026-09-28T19:29:37.9072666Z           349,
2026-09-28T19:29:37.9072744Z           345
2026-09-28T19:29:37.9072815Z         ],
2026-09-28T19:29:37.9072895Z         [
2026-09-28T19:29:37.9072966Z           216,
2026-09-28T19:29:37.9073046Z           3770375364,
2026-09-28T19:29:37.9073117Z           350,
2026-09-28T19:29:37.9073198Z           346
2026-09-28T19:29:37.9073275Z         ],
2026-09-28T19:29:37.9073344Z         [
2026-09-28T19:29:37.9073421Z           217,
2026-09-28T19:29:37.9073495Z           54587864,
2026-09-28T19:29:37.9073572Z           352,
2026-09-28T19:29:37.9073642Z           348
2026-09-28T19:29:37.9073718Z         ],
2026-09-28T19:29:37.9073788Z         [
2026-09-28T19:29:37.9073866Z           218,
2026-09-28T19:29:37.9073946Z           -1409211960,
2026-09-28T19:29:37.9074020Z           353,
2026-09-28T19:29:37.9074096Z           349
2026-09-28T19:29:37.9074165Z         ],
2026-09-28T19:29:37.9074242Z         [
2026-09-28T19:29:37.9074316Z           219,
2026-09-28T19:29:37.9074398Z           -7344916731,
2026-09-28T19:29:37.9074467Z           354,
2026-09-28T19:29:37.9074546Z           350
2026-09-28T19:29:37.9074616Z         ],
2026-09-28T19:29:37.9074695Z         [
2026-09-28T19:29:37.9074772Z           220,
2026-09-28T19:29:37.9074845Z           1408804444,
2026-09-28T19:29:37.9074924Z           356,
2026-09-28T19:29:37.9074996Z           352
2026-09-28T19:29:37.9075075Z         ],
2026-09-28T19:29:37.9075146Z         [
2026-09-28T19:29:37.9075225Z           221,
2026-09-28T19:29:37.9075297Z           7193736519,
2026-09-28T19:29:37.9075378Z           357,
2026-09-28T19:29:37.9075455Z           353
2026-09-28T19:29:37.9075527Z         ],
2026-09-28T19:29:37.9075603Z         [
2026-09-28T19:29:37.9075676Z           222,
2026-09-28T19:29:37.9075758Z           -3323801365,
2026-09-28T19:29:37.9075882Z           358,
2026-09-28T19:29:37.9075967Z           354
2026-09-28T19:29:37.9076040Z         ],
2026-09-28T19:29:37.9076120Z         [
2026-09-28T19:29:37.9076274Z           223,
2026-09-28T19:29:37.9076349Z           -5086688784,
2026-09-28T19:29:37.9076428Z           360,
2026-09-28T19:29:37.9076498Z           356
2026-09-28T19:29:37.9076575Z         ],
2026-09-28T19:29:37.9076645Z         [
2026-09-28T19:29:37.9076724Z           224,
2026-09-28T19:29:37.9076798Z           -3966726150,
2026-09-28T19:29:37.9076877Z           361,
2026-09-28T19:29:37.9076954Z           357
2026-09-28T19:29:37.9077025Z         ],
2026-09-28T19:29:37.9077105Z         [
2026-09-28T19:29:37.9077178Z           225,
2026-09-28T19:29:37.9077264Z           -9478877895,
2026-09-28T19:29:37.9077334Z           362,
2026-09-28T19:29:37.9077417Z           358
2026-09-28T19:29:37.9077487Z         ],
2026-09-28T19:29:37.9077568Z         [
2026-09-28T19:29:37.9077639Z           226,
2026-09-28T19:29:37.9077725Z           -3390722964,
2026-09-28T19:29:37.9077813Z           364,
2026-09-28T19:29:37.9077883Z           360
2026-09-28T19:29:37.9077961Z         ],
2026-09-28T19:29:37.9078034Z         [
2026-09-28T19:29:37.9078111Z           227,
2026-09-28T19:29:37.9078186Z           -2420072060,
2026-09-28T19:29:37.9078355Z           365,
2026-09-28T19:29:37.9078436Z           361
2026-09-28T19:29:37.9078519Z         ],
2026-09-28T19:29:37.9078601Z         [
2026-09-28T19:29:37.9078674Z           228,
2026-09-28T19:29:37.9078758Z           -8159529392,
2026-09-28T19:29:37.9078830Z           366,
2026-09-28T19:29:37.9078909Z           362
2026-09-28T19:29:37.9078979Z         ],
2026-09-28T19:29:37.9079062Z         [
2026-09-28T19:29:37.9079134Z           229,
2026-09-28T19:29:37.9079216Z           13408942344,
2026-09-28T19:29:37.9079294Z           368,
2026-09-28T19:29:37.9079367Z           364
2026-09-28T19:29:37.9079447Z         ],
2026-09-28T19:29:37.9079518Z         [
2026-09-28T19:29:37.9079596Z           230,
2026-09-28T19:29:37.9079673Z           1448984220,
2026-09-28T19:29:37.9079754Z           369,
2026-09-28T19:29:37.9079824Z           365
2026-09-28T19:29:37.9079906Z         ],
2026-09-28T19:29:37.9079976Z         [
2026-09-28T19:29:37.9080053Z           231,
2026-09-28T19:29:37.9080137Z           -14709827346,
2026-09-28T19:29:37.9080207Z           370,
2026-09-28T19:29:37.9080286Z           366
2026-09-28T19:29:37.9080358Z         ],
2026-09-28T19:29:37.9080436Z         [
2026-09-28T19:29:37.9080507Z           232,
2026-09-28T19:29:37.9080592Z           -400552887,
2026-09-28T19:29:37.9080664Z           372,
2026-09-28T19:29:37.9080742Z           368
2026-09-28T19:29:37.9080822Z         ],
2026-09-28T19:29:37.9080894Z         [
2026-09-28T19:29:37.9080972Z           233,
2026-09-28T19:29:37.9081047Z           -3780346185,
2026-09-28T19:29:37.9081126Z           373,
2026-09-28T19:29:37.9081196Z           369
2026-09-28T19:29:37.9081277Z         ],
2026-09-28T19:29:37.9081348Z         [
2026-09-28T19:29:37.9081430Z           234,
2026-09-28T19:29:37.9081510Z           238508160,
2026-09-28T19:29:37.9081581Z           374,
2026-09-28T19:29:37.9081658Z           370
2026-09-28T19:29:37.9081733Z         ],
2026-09-28T19:29:37.9081811Z         [
2026-09-28T19:29:37.9081881Z           235,
2026-09-28T19:29:37.9081963Z           -34675992,
2026-09-28T19:29:37.9082034Z           376,
2026-09-28T19:29:37.9082113Z           372
2026-09-28T19:29:37.9082192Z         ],
2026-09-28T19:29:37.9082263Z         [
2026-09-28T19:29:37.9082340Z           236,
2026-09-28T19:29:37.9082414Z           -4515806376,
2026-09-28T19:29:37.9082493Z           377,
2026-09-28T19:29:37.9082566Z           373
2026-09-28T19:29:37.9082643Z         ],
2026-09-28T19:29:37.9082713Z         [
2026-09-28T19:29:37.9082792Z           237,
2026-09-28T19:29:37.9082867Z           -6795631830,
2026-09-28T19:29:37.9082949Z           378,
2026-09-28T19:29:37.9083026Z           374
2026-09-28T19:29:37.9083099Z         ],
2026-09-28T19:29:37.9083176Z         [
2026-09-28T19:29:37.9083321Z           238,
2026-09-28T19:29:37.9083406Z           -2027165747,
2026-09-28T19:29:37.9083479Z           380,
2026-09-28T19:29:37.9083617Z           376
2026-09-28T19:29:37.9083689Z         ],
2026-09-28T19:29:37.9083772Z         [
2026-09-28T19:29:37.9083851Z           239,
2026-09-28T19:29:37.9083925Z           5574577792,
2026-09-28T19:29:37.9084001Z           381,
2026-09-28T19:29:37.9084072Z           377
2026-09-28T19:29:37.9084151Z         ],
2026-09-28T19:29:37.9084223Z         [
2026-09-28T19:29:37.9084306Z           240,
2026-09-28T19:29:37.9084379Z           5144382000,
2026-09-28T19:29:37.9084465Z           382,
2026-09-28T19:29:37.9084546Z           378
2026-09-28T19:29:37.9084618Z         ],
2026-09-28T19:29:37.9084696Z         [
2026-09-28T19:29:37.9084768Z           241,
2026-09-28T19:29:37.9084852Z           -6107724173,
2026-09-28T19:29:37.9084923Z           384,
2026-09-28T19:29:37.9085002Z           380
2026-09-28T19:29:37.9085077Z         ],
2026-09-28T19:29:37.9085156Z         [
2026-09-28T19:29:37.9085230Z           242,
2026-09-28T19:29:37.9085312Z           2026225740,
2026-09-28T19:29:37.9085391Z           385,
2026-09-28T19:29:37.9085465Z           381
2026-09-28T19:29:37.9085543Z         ],
2026-09-28T19:29:37.9085615Z         [
2026-09-28T19:29:37.9085695Z           243,
2026-09-28T19:29:37.9085767Z           4933550830,
2026-09-28T19:29:37.9085848Z           386,
2026-09-28T19:29:37.9085919Z           382
2026-09-28T19:29:37.9085998Z         ],
2026-09-28T19:29:37.9086075Z         [
2026-09-28T19:29:37.9086146Z           244,
2026-09-28T19:29:37.9086225Z           -5056887726,
2026-09-28T19:29:37.9086294Z           388,
2026-09-28T19:29:37.9086372Z           384
2026-09-28T19:29:37.9086442Z         ],
2026-09-28T19:29:37.9086521Z         [
2026-09-28T19:29:37.9086593Z           245,
2026-09-28T19:29:37.9086673Z           4541461813,
2026-09-28T19:29:37.9086749Z           389,
2026-09-28T19:29:37.9086818Z           385
2026-09-28T19:29:37.9086893Z         ],
2026-09-28T19:29:37.9086967Z         [
2026-09-28T19:29:37.9087046Z           246,
2026-09-28T19:29:37.9087116Z           2440670544,
2026-09-28T19:29:37.9087199Z           390,
2026-09-28T19:29:37.9087269Z           386
2026-09-28T19:29:37.9087348Z         ],
2026-09-28T19:29:37.9087418Z         [
2026-09-28T19:29:37.9087496Z           247,
2026-09-28T19:29:37.9087577Z           1568309932,
2026-09-28T19:29:37.9087650Z           392,
2026-09-28T19:29:37.9087730Z           388
2026-09-28T19:29:37.9087801Z         ],
2026-09-28T19:29:37.9087879Z         [
2026-09-28T19:29:37.9087949Z           248,
2026-09-28T19:29:37.9088031Z           8948809944,
2026-09-28T19:29:37.9088101Z           393,
2026-09-28T19:29:37.9088180Z           389
2026-09-28T19:29:37.9088349Z         ],
2026-09-28T19:29:37.9088431Z         [
2026-09-28T19:29:37.9088512Z           249,
2026-09-28T19:29:37.9088586Z           78387322,
2026-09-28T19:29:37.9088667Z           394,
2026-09-28T19:29:37.9088740Z           390
2026-09-28T19:29:37.9088821Z         ],
2026-09-28T19:29:37.9088898Z         [
2026-09-28T19:29:37.9088978Z           250,
2026-09-28T19:29:37.9089062Z           13620688556,
2026-09-28T19:29:37.9089139Z           396,
2026-09-28T19:29:37.9089220Z           392
2026-09-28T19:29:37.9089297Z         ],
2026-09-28T19:29:37.9089378Z         [
2026-09-28T19:29:37.9089451Z           251,
2026-09-28T19:29:37.9089536Z           -2448689430,
2026-09-28T19:29:37.9089609Z           397,
2026-09-28T19:29:37.9089692Z           393
2026-09-28T19:29:37.9089774Z         ],
2026-09-28T19:29:37.9089850Z         [
2026-09-28T19:29:37.9089935Z           252,
2026-09-28T19:29:37.9090009Z           2020448604,
2026-09-28T19:29:37.9090088Z           398,
2026-09-28T19:29:37.9090161Z           394
2026-09-28T19:29:37.9090238Z         ],
2026-09-28T19:29:37.9090309Z         [
2026-09-28T19:29:37.9090390Z           253,
2026-09-28T19:29:37.9090462Z           3319057352,
2026-09-28T19:29:37.9090541Z           400,
2026-09-28T19:29:37.9090619Z           396
2026-09-28T19:29:37.9090763Z         ],
2026-09-28T19:29:37.9090846Z         [
2026-09-28T19:29:37.9090916Z           254,
2026-09-28T19:29:37.9091000Z           11334846292,
2026-09-28T19:29:37.9091165Z           401,
2026-09-28T19:29:37.9091245Z           397
2026-09-28T19:29:37.9091319Z         ],
2026-09-28T19:29:37.9091400Z         [
2026-09-28T19:29:37.9091483Z           255,
2026-09-28T19:29:37.9091561Z           -2655466030,
2026-09-28T19:29:37.9091643Z           402,
2026-09-28T19:29:37.9091716Z           398
2026-09-28T19:29:37.9091796Z         ]
2026-09-28T19:29:37.9091871Z       ]
2026-09-28T19:29:37.9091952Z     }
2026-09-28T19:29:37.9092023Z   },
2026-09-28T19:29:37.9092559Z   "model_scope": "Bluesim and Icarus model only the fixed signed18x18, CE-always-one, three-register configuration. Native FPGA primitive remains unexecuted here."
2026-09-28T19:29:37.9092650Z }
2026-09-28T19:29:37.9092666Z 
2026-09-28T19:29:37.9176674Z ##[group]Run actions/upload-artifact@ea165f8d65b6e75b540449e92b4886f43607fa02
2026-09-28T19:29:37.9176779Z with:
2026-09-28T19:29:37.9176982Z   name: baseline-native-439af73b51b9e3f7c01b820caf3d25de575eca1d
2026-09-28T19:29:37.9177125Z   path: /home/runner/work/_temp/sway-verification/
2026-09-28T19:29:37.9177229Z   if-no-files-found: warn
2026-09-28T19:29:37.9177328Z   compression-level: 6
2026-09-28T19:29:37.9177411Z   overwrite: false
2026-09-28T19:29:37.9177517Z   include-hidden-files: false
2026-09-28T19:29:37.9177600Z ##[endgroup]
2026-09-28T19:29:38.0810307Z (node:2904) [DEP0040] DeprecationWarning: The `punycode` module is deprecated. Please use a userland alternative instead.
2026-09-28T19:29:38.0811048Z (Use `node --trace-deprecation ...` to show where the warning was created)
2026-09-28T19:29:38.0948710Z With the provided path, there will be 44 files uploaded
2026-09-28T19:29:38.0954601Z Artifact name is valid!
2026-09-28T19:29:38.0955134Z Root directory input is valid!
2026-09-28T19:29:38.4608643Z Beginning upload of artifact content to blob storage
2026-09-28T19:29:38.5474053Z (node:2904) [DEP0169] DeprecationWarning: `url.parse()` behavior is not standardized and prone to errors that have security implications. Use the WHATWG URL API instead. CVEs are not issued for `url.parse()` vulnerabilities.
2026-09-28T19:29:38.9446708Z Uploaded bytes 292255
2026-09-28T19:29:39.0053248Z Finished uploading artifact content to blob storage!
2026-09-28T19:29:39.0055918Z SHA256 digest of uploaded artifact zip is 6832a21cb59bea35165f37b0232fecf89def0982b0689cc38421c3b0af0e3e84
2026-09-28T19:29:39.0056462Z Finalizing artifact upload
2026-09-28T19:29:39.2657850Z Artifact baseline-native-439af73b51b9e3f7c01b820caf3d25de575eca1d.zip successfully finalized. Artifact ID 10991863026
2026-09-28T19:29:39.2659182Z Artifact baseline-native-439af73b51b9e3f7c01b820caf3d25de575eca1d has been successfully uploaded! Final size is 292255 bytes. Artifact ID is 10991863026
2026-09-28T19:29:39.2664285Z Artifact download URL: https://github.com/SeMinLim/sway/actions/runs/36472552335/artifacts/10991863026
2026-09-28T19:29:39.2856357Z Post job cleanup.
2026-09-28T19:29:39.3730016Z [command]/usr/bin/git version
2026-09-28T19:29:39.3769722Z git version 2.55.0
2026-09-28T19:29:39.3805839Z Temporarily overriding HOME='/home/runner/work/_temp/fbf39b6f-9571-4818-b355-eea9073e871d' before making global git config changes
2026-09-28T19:29:39.3807726Z Adding repository directory to the temporary git global config as a safe directory
2026-09-28T19:29:39.3811374Z [command]/usr/bin/git config --global --add safe.directory /home/runner/work/sway/sway
2026-09-28T19:29:39.3852426Z [command]/usr/bin/git config --local --name-only --get-regexp core\.sshCommand
2026-09-28T19:29:39.3888082Z [command]/usr/bin/git submodule foreach --recursive sh -c "git config --local --name-only --get-regexp 'core\.sshCommand' && git config --local --unset-all 'core.sshCommand' || :"
2026-09-28T19:29:39.4119635Z [command]/usr/bin/git config --local --name-only --get-regexp http\.https\:\/\/github\.com\/\.extraheader
2026-09-28T19:29:39.4162820Z [command]/usr/bin/git submodule foreach --recursive sh -c "git config --local --name-only --get-regexp 'http\.https\:\/\/github\.com\/\.extraheader' && git config --local --unset-all 'http.https://github.com/.extraheader' || :"
2026-09-28T19:29:39.4384676Z [command]/usr/bin/git config --local --name-only --get-regexp ^includeIf\.gitdir:
2026-09-28T19:29:39.4441970Z [command]/usr/bin/git submodule foreach --recursive git config --local --show-origin --name-only --get-regexp remote.origin.url
2026-09-28T19:29:39.4823022Z Cleaning up orphan processes
2026-09-28T19:29:39.5115817Z ##[warning]Node.js 20 is deprecated. The following actions target Node.js 20 but are being forced to run on Node.js 24: actions/checkout@11d5960a326750d5838078e36cf38b85af677262, actions/upload-artifact@ea165f8d65b6e75b540449e92b4886f43607fa02. For more information see: https://github.blog/changelog/2025-09-19-deprecation-of-node-20-on-github-actions-runners/
