stage,frame,token,input_cycle,output_cycle,elapsed_cycles
block_input_queue,0,0,601,602,1
block_input_queue,0,1,853,1007,154
block_input_queue,0,2,1105,1412,307
block_input_queue,0,3,1413,1996,583
block_input_queue,0,4,1997,3476,1479
block_input_queue,0,5,3477,4463,986
block_input_queue,0,6,4464,5450,986
block_input_queue,0,7,5451,6437,986
block_input_queue,0,8,6438,7424,986
block_input_queue,0,9,7425,8411,986
block_input_queue,0,10,8412,9398,986
block_input_queue,0,11,9399,10385,986
block_input_queue,0,12,10386,11372,986
block_input_queue,0,13,11373,12359,986
block_input_queue,0,14,12360,13346,986
block_input_queue,0,15,13347,14333,986
block_input_queue,1,0,14334,15320,986
block_input_queue,1,1,15321,16307,986
block_input_queue,1,2,16308,17294,986
block_input_queue,1,3,17295,18281,986
block_input_queue,1,4,18282,19268,986
block_input_queue,1,5,19269,20255,986
block_input_queue,1,6,20256,21242,986
block_input_queue,1,7,21243,22229,986
block_input_queue,1,8,22230,23216,986
block_input_queue,1,9,23217,24203,986
block_input_queue,1,10,24204,25190,986
block_input_queue,1,11,25191,26177,986
block_input_queue,1,12,26178,27164,986
block_input_queue,1,13,27165,28151,986
block_input_queue,1,14,28152,29138,986
block_input_queue,1,15,29139,30125,986
block_input_queue,2,0,30126,31112,986
block_input_queue,2,1,31113,32099,986
block_input_queue,2,2,32100,33086,986
block_input_queue,2,3,33087,34073,986
block_input_queue,2,4,34074,35060,986
block_input_queue,2,5,35061,36047,986
block_input_queue,2,6,36048,37034,986
block_input_queue,2,7,37035,38021,986
block_input_queue,2,8,38022,39008,986
block_input_queue,2,9,39009,39995,986
block_input_queue,2,10,39996,40982,986
block_input_queue,2,11,40983,41969,986
block_input_queue,2,12,41970,42956,986
block_input_queue,2,13,42957,43943,986
block_input_queue,2,14,43944,44930,986
block_input_queue,2,15,44931,45917,986
block_input_queue,3,0,45918,46904,986
block_input_queue,3,1,46905,47891,986
block_input_queue,3,2,47892,48878,986
block_input_queue,3,3,48879,49865,986
block_input_queue,3,4,49866,50852,986
block_input_queue,3,5,50853,51839,986
block_input_queue,3,6,51840,52826,986
block_input_queue,3,7,52827,53813,986
block_input_queue,3,8,53814,54800,986
block_input_queue,3,9,54801,55787,986
block_input_queue,3,10,55788,56774,986
block_input_queue,3,11,56775,57761,986
block_input_queue,3,12,57762,58748,986
block_input_queue,3,13,58749,59735,986
block_input_queue,3,14,59736,60722,986
block_input_queue,3,15,60723,61709,986
block_input_queue,4,0,61710,62696,986
block_input_queue,4,1,62697,63683,986
block_input_queue,4,2,63684,64670,986
block_input_queue,4,3,64671,65657,986
block_input_queue,4,4,65658,66644,986
block_input_queue,4,5,66645,67631,986
block_input_queue,4,6,67632,68618,986
block_input_queue,4,7,68619,69605,986
block_input_queue,4,8,69606,70592,986
block_input_queue,4,9,70593,71579,986
block_input_queue,4,10,71580,72566,986
block_input_queue,4,11,72567,73553,986
block_input_queue,4,12,73554,74540,986
block_input_queue,4,13,74541,75527,986
block_input_queue,4,14,75528,76514,986
block_input_queue,4,15,76515,77501,986
block_input_queue,5,0,77502,78488,986
block_input_queue,5,1,78489,79475,986
block_input_queue,5,2,79476,80462,986
block_input_queue,5,3,80463,81449,986
block_input_queue,5,4,81450,82436,986
block_input_queue,5,5,82437,83423,986
block_input_queue,5,6,83424,84410,986
block_input_queue,5,7,84411,85397,986
block_input_queue,5,8,85398,86384,986
block_input_queue,5,9,86385,87371,986
block_input_queue,5,10,87372,88358,986
block_input_queue,5,11,88359,89345,986
block_input_queue,5,12,89346,90332,986
block_input_queue,5,13,90333,91319,986
block_input_queue,5,14,91320,92306,986
block_input_queue,5,15,92307,93293,986
block_input_queue,6,0,93294,94280,986
block_input_queue,6,1,94281,95267,986
block_input_queue,6,2,95268,96254,986
block_input_queue,6,3,96255,97241,986
block_input_queue,6,4,97242,98228,986
block_input_queue,6,5,98229,99215,986
block_input_queue,6,6,99216,100202,986
block_input_queue,6,7,100203,101189,986
block_input_queue,6,8,101190,102176,986
block_input_queue,6,9,102177,103163,986
block_input_queue,6,10,103164,104150,986
block_input_queue,6,11,104151,105137,986
block_input_queue,6,12,105138,106124,986
block_input_queue,6,13,106125,107111,986
block_input_queue,6,14,107112,108098,986
block_input_queue,6,15,108099,109085,986
block_input_queue,7,0,109086,110072,986
block_input_queue,7,1,110073,111059,986
block_input_queue,7,2,111060,112046,986
block_input_queue,7,3,112047,113033,986
block_input_queue,7,4,113034,114020,986
block_input_queue,7,5,114021,115007,986
block_input_queue,7,6,115008,115994,986
block_input_queue,7,7,115995,116981,986
block_input_queue,7,8,116982,117968,986
block_input_queue,7,9,117969,118955,986
block_input_queue,7,10,118956,119942,986
block_input_queue,7,11,119943,120929,986
block_input_queue,7,12,120930,121916,986
block_input_queue,7,13,121917,122903,986
block_input_queue,7,14,122904,123890,986
block_input_queue,7,15,123891,124877,986
block_input_queue,8,0,124878,125864,986
block_input_queue,8,1,125865,126851,986
block_input_queue,8,2,126852,127838,986
block_input_queue,8,3,127839,128825,986
block_input_queue,8,4,128826,129812,986
block_input_queue,8,5,129813,130799,986
block_input_queue,8,6,130800,131786,986
block_input_queue,8,7,131787,132773,986
block_input_queue,8,8,132774,133760,986
block_input_queue,8,9,133761,134747,986
block_input_queue,8,10,134748,135734,986
block_input_queue,8,11,135735,136721,986
block_input_queue,8,12,136722,137708,986
block_input_queue,8,13,137709,138695,986
block_input_queue,8,14,138696,139682,986
block_input_queue,8,15,139683,140669,986
block_input_queue,9,0,140670,141656,986
block_input_queue,9,1,141657,142643,986
block_input_queue,9,2,142644,143630,986
block_input_queue,9,3,143631,144617,986
block_input_queue,9,4,144618,145604,986
block_input_queue,9,5,145605,146591,986
block_input_queue,9,6,146592,147578,986
block_input_queue,9,7,147579,148565,986
block_input_queue,9,8,148566,149552,986
block_input_queue,9,9,149553,150539,986
block_input_queue,9,10,150540,151526,986
block_input_queue,9,11,151527,152513,986
block_input_queue,9,12,152514,153500,986
block_input_queue,9,13,153501,154487,986
block_input_queue,9,14,154488,155474,986
block_input_queue,9,15,155475,156461,986
block_input_queue,10,0,156462,157448,986
block_input_queue,10,1,157449,158435,986
block_input_queue,10,2,158436,159422,986
block_input_queue,10,3,159423,160409,986
block_input_queue,10,4,160410,161396,986
block_input_queue,10,5,161397,162383,986
block_input_queue,10,6,162384,163370,986
block_input_queue,10,7,163371,164357,986
block_input_queue,10,8,164358,165344,986
block_input_queue,10,9,165345,166331,986
block_input_queue,10,10,166332,167318,986
block_input_queue,10,11,167319,168305,986
block_input_queue,10,12,168306,169292,986
block_input_queue,10,13,169293,170279,986
block_input_queue,10,14,170280,171266,986
block_input_queue,10,15,171267,172253,986
block_input_queue,11,0,172254,173240,986
block_input_queue,11,1,173241,174227,986
block_input_queue,11,2,174228,175214,986
block_input_queue,11,3,175215,176201,986
block_input_queue,11,4,176202,177188,986
block_input_queue,11,5,177189,178175,986
block_input_queue,11,6,178176,179162,986
block_input_queue,11,7,179163,180149,986
block_input_queue,11,8,180150,181136,986
block_input_queue,11,9,181137,182123,986
block_input_queue,11,10,182124,183110,986
block_input_queue,11,11,183111,184097,986
block_input_queue,11,12,184098,185084,986
block_input_queue,11,13,185085,186071,986
block_input_queue,11,14,186072,187058,986
block_input_queue,11,15,187059,188045,986
block_input_queue,12,0,188046,189032,986
block_input_queue,12,1,189033,190019,986
block_input_queue,12,2,190020,191006,986
block_input_queue,12,3,191007,191993,986
block_input_queue,12,4,191994,192980,986
block_input_queue,12,5,192981,193967,986
block_input_queue,12,6,193968,194954,986
block_input_queue,12,7,194955,195941,986
block_input_queue,12,8,195942,196928,986
block_input_queue,12,9,196929,197915,986
block_input_queue,12,10,197916,198902,986
block_input_queue,12,11,198903,199889,986
block_input_queue,12,12,199890,200876,986
block_input_queue,12,13,200877,201863,986
block_input_queue,12,14,201864,202850,986
block_input_queue,12,15,202851,203837,986
block_input_queue,13,0,203838,204824,986
block_input_queue,13,1,204825,205811,986
block_input_queue,13,2,205812,206798,986
block_input_queue,13,3,206799,207785,986
block_input_queue,13,4,207786,208772,986
block_input_queue,13,5,208773,209759,986
block_input_queue,13,6,209760,210746,986
block_input_queue,13,7,210747,211733,986
block_input_queue,13,8,211734,212720,986
block_input_queue,13,9,212721,213707,986
block_input_queue,13,10,213708,214694,986
block_input_queue,13,11,214695,215681,986
block_input_queue,13,12,215682,216668,986
block_input_queue,13,13,216669,217655,986
block_input_queue,13,14,217656,218642,986
block_input_queue,13,15,218643,219629,986
block_input_queue,14,0,219630,220616,986
block_input_queue,14,1,220617,221603,986
block_input_queue,14,2,221604,222590,986
block_input_queue,14,3,222591,223577,986
block_input_queue,14,4,223578,224564,986
block_input_queue,14,5,224565,225551,986
block_input_queue,14,6,225552,226538,986
block_input_queue,14,7,226539,227525,986
block_input_queue,14,8,227526,228512,986
block_input_queue,14,9,228513,229499,986
block_input_queue,14,10,229500,230486,986
block_input_queue,14,11,230487,231473,986
block_input_queue,14,12,231474,232460,986
block_input_queue,14,13,232461,233447,986
block_input_queue,14,14,233448,234434,986
block_input_queue,14,15,234435,235421,986
block_input_queue,15,0,235422,236408,986
block_input_queue,15,1,236409,237395,986
block_input_queue,15,2,237396,238382,986
block_input_queue,15,3,238383,239369,986
block_input_queue,15,4,239370,240356,986
block_input_queue,15,5,240357,241343,986
block_input_queue,15,6,241344,242330,986
block_input_queue,15,7,242331,243317,986
block_input_queue,15,8,243318,244304,986
block_input_queue,15,9,244305,245291,986
block_input_queue,15,10,245292,246278,986
block_input_queue,15,11,246279,247265,986
block_input_queue,15,12,247266,248252,986
block_input_queue,15,13,248253,249239,986
block_input_queue,15,14,249240,250226,986
block_input_queue,15,15,250227,251213,986
block_input_queue,16,0,251214,252200,986
block_input_queue,16,1,252201,253187,986
block_input_queue,16,2,253188,254174,986
block_input_queue,16,3,254175,255161,986
block_input_queue,16,4,255162,256148,986
block_input_queue,16,5,256149,257135,986
block_input_queue,16,6,257136,258122,986
block_input_queue,16,7,258123,259109,986
block_input_queue,16,8,259110,260096,986
block_input_queue,16,9,260097,261083,986
block_input_queue,16,10,261084,262070,986
block_input_queue,16,11,262071,263057,986
block_input_queue,16,12,263058,264044,986
block_input_queue,16,13,264045,265031,986
block_input_queue,16,14,265032,266018,986
block_input_queue,16,15,266019,267005,986
block_input_queue,17,0,267006,267992,986
block_input_queue,17,1,267993,268979,986
block_input_queue,17,2,268980,269966,986
block_input_queue,17,3,269967,270953,986
block_input_queue,17,4,270954,271940,986
block_input_queue,17,5,271941,272927,986
block_input_queue,17,6,272928,273914,986
block_input_queue,17,7,273915,274901,986
block_input_queue,17,8,274902,275888,986
block_input_queue,17,9,275889,276875,986
block_input_queue,17,10,276876,277862,986
block_input_queue,17,11,277863,278849,986
block_input_queue,17,12,278850,279836,986
block_input_queue,17,13,279837,280823,986
block_input_queue,17,14,280824,281810,986
block_input_queue,17,15,281811,282797,986
block_input_queue,18,0,282798,283784,986
block_input_queue,18,1,283785,284771,986
block_input_queue,18,2,284772,285758,986
block_input_queue,18,3,285759,286745,986
block_input_queue,18,4,286746,287732,986
block_input_queue,18,5,287733,288719,986
block_input_queue,18,6,288720,289706,986
block_input_queue,18,7,289707,290693,986
block_input_queue,18,8,290694,291680,986
block_input_queue,18,9,291681,292667,986
block_input_queue,18,10,292668,293654,986
block_input_queue,18,11,293655,294641,986
block_input_queue,18,12,294642,295628,986
block_input_queue,18,13,295629,296615,986
block_input_queue,18,14,296616,297602,986
block_input_queue,18,15,297603,298589,986
block_input_queue,19,0,298590,299576,986
block_input_queue,19,1,299577,300563,986
block_input_queue,19,2,300564,301550,986
block_input_queue,19,3,301551,302537,986
block_input_queue,19,4,302538,303524,986
block_input_queue,19,5,303525,304511,986
block_input_queue,19,6,304512,305498,986
block_input_queue,19,7,305499,306485,986
block_input_queue,19,8,306486,307472,986
block_input_queue,19,9,307473,308459,986
block_input_queue,19,10,308460,309446,986
block_input_queue,19,11,309447,310433,986
block_input_queue,19,12,310434,311420,986
block_input_queue,19,13,311421,312407,986
block_input_queue,19,14,312408,313394,986
block_input_queue,19,15,313395,314381,986
block_input_queue,20,0,314382,315368,986
block_input_queue,20,1,315369,316355,986
block_input_queue,20,2,316356,317342,986
block_input_queue,20,3,317343,318329,986
block_input_queue,20,4,318330,319316,986
block_input_queue,20,5,319317,320303,986
block_input_queue,20,6,320304,321290,986
block_input_queue,20,7,321291,322277,986
block_input_queue,20,8,322278,323264,986
block_input_queue,20,9,323265,324251,986
block_input_queue,20,10,324252,325238,986
block_input_queue,20,11,325239,326225,986
block_input_queue,20,12,326226,327212,986
block_input_queue,20,13,327213,328199,986
block_input_queue,20,14,328200,329186,986
block_input_queue,20,15,329187,330173,986
block_input_queue,21,0,330174,331160,986
block_input_queue,21,1,331161,332147,986
block_input_queue,21,2,332148,333134,986
block_input_queue,21,3,333135,334121,986
block_input_queue,21,4,334122,335108,986
block_input_queue,21,5,335109,336095,986
block_input_queue,21,6,336096,337082,986
block_input_queue,21,7,337083,338069,986
block_input_queue,21,8,338070,339056,986
block_input_queue,21,9,339057,340043,986
block_input_queue,21,10,340044,341030,986
block_input_queue,21,11,341031,342017,986
block_input_queue,21,12,342018,343004,986
block_input_queue,21,13,343005,343991,986
block_input_queue,21,14,343992,344978,986
block_input_queue,21,15,344979,345965,986
block_input_queue,22,0,345966,346952,986
block_input_queue,22,1,346953,347939,986
block_input_queue,22,2,347940,348926,986
block_input_queue,22,3,348927,349913,986
block_input_queue,22,4,349914,350900,986
block_input_queue,22,5,350901,351887,986
block_input_queue,22,6,351888,352874,986
block_input_queue,22,7,352875,353861,986
block_input_queue,22,8,353862,354848,986
block_input_queue,22,9,354849,355835,986
block_input_queue,22,10,355836,356822,986
block_input_queue,22,11,356823,357809,986
block_input_queue,22,12,357810,358796,986
block_input_queue,22,13,358797,359783,986
block_input_queue,22,14,359784,360770,986
block_input_queue,22,15,360771,361757,986
block_input_queue,23,0,361758,362744,986
block_input_queue,23,1,362745,363731,986
block_input_queue,23,2,363732,364718,986
block_input_queue,23,3,364719,365705,986
block_input_queue,23,4,365706,366692,986
block_input_queue,23,5,366693,367679,986
block_input_queue,23,6,367680,368666,986
block_input_queue,23,7,368667,369653,986
block_input_queue,23,8,369654,370640,986
block_input_queue,23,9,370641,371627,986
block_input_queue,23,10,371628,372614,986
block_input_queue,23,11,372615,373601,986
block_input_queue,23,12,373602,374588,986
block_input_queue,23,13,374589,375575,986
block_input_queue,23,14,375576,376562,986
block_input_queue,23,15,376563,377549,986
block_input_queue,24,0,377550,378536,986
block_input_queue,24,1,378537,379523,986
block_input_queue,24,2,379524,380510,986
block_input_queue,24,3,380511,381497,986
block_input_queue,24,4,381498,382484,986
block_input_queue,24,5,382485,383471,986
block_input_queue,24,6,383472,384458,986
block_input_queue,24,7,384459,385445,986
block_input_queue,24,8,385446,386432,986
block_input_queue,24,9,386433,387419,986
block_input_queue,24,10,387420,388406,986
block_input_queue,24,11,388407,389393,986
block_input_queue,24,12,389394,390380,986
block_input_queue,24,13,390381,391367,986
block_input_queue,24,14,391368,392354,986
block_input_queue,24,15,392355,393341,986
block_input_queue,25,0,393342,394328,986
block_input_queue,25,1,394329,395315,986
block_input_queue,25,2,395316,396302,986
block_input_queue,25,3,396303,397289,986
block_input_queue,25,4,397290,398276,986
block_input_queue,25,5,398277,399263,986
block_input_queue,25,6,399264,400250,986
block_input_queue,25,7,400251,401237,986
block_input_queue,25,8,401238,402224,986
block_input_queue,25,9,402225,403211,986
block_input_queue,25,10,403212,404198,986
block_input_queue,25,11,404199,405185,986
block_input_queue,25,12,405186,406172,986
block_input_queue,25,13,406173,407159,986
block_input_queue,25,14,407160,408146,986
block_input_queue,25,15,408147,409133,986
block_input_queue,26,0,409134,410120,986
block_input_queue,26,1,410121,411107,986
block_input_queue,26,2,411108,412094,986
block_input_queue,26,3,412095,413081,986
block_input_queue,26,4,413082,414068,986
block_input_queue,26,5,414069,415055,986
block_input_queue,26,6,415056,416042,986
block_input_queue,26,7,416043,417029,986
block_input_queue,26,8,417030,418016,986
block_input_queue,26,9,418017,419003,986
block_input_queue,26,10,419004,419990,986
block_input_queue,26,11,419991,420977,986
block_input_queue,26,12,420978,421964,986
block_input_queue,26,13,421965,422951,986
block_input_queue,26,14,422952,423938,986
block_input_queue,26,15,423939,424925,986
block_input_queue,27,0,424926,425912,986
block_input_queue,27,1,425913,426899,986
block_input_queue,27,2,426900,427886,986
block_input_queue,27,3,427887,428873,986
block_input_queue,27,4,428874,429860,986
block_input_queue,27,5,429861,430847,986
block_input_queue,27,6,430848,431834,986
block_input_queue,27,7,431835,432821,986
block_input_queue,27,8,432822,433808,986
block_input_queue,27,9,433809,434795,986
block_input_queue,27,10,434796,435782,986
block_input_queue,27,11,435783,436769,986
block_input_queue,27,12,436770,437756,986
block_input_queue,27,13,437757,438743,986
block_input_queue,27,14,438744,439730,986
block_input_queue,27,15,439731,440717,986
block_input_queue,28,0,440718,441704,986
block_input_queue,28,1,441705,442691,986
block_input_queue,28,2,442692,443678,986
block_input_queue,28,3,443679,444665,986
block_input_queue,28,4,444666,445652,986
block_input_queue,28,5,445653,446639,986
block_input_queue,28,6,446640,447626,986
block_input_queue,28,7,447627,448613,986
block_input_queue,28,8,448614,449600,986
block_input_queue,28,9,449601,450587,986
block_input_queue,28,10,450588,451574,986
block_input_queue,28,11,451575,452561,986
block_input_queue,28,12,452562,453548,986
block_input_queue,28,13,453549,454535,986
block_input_queue,28,14,454536,455522,986
block_input_queue,28,15,455523,456509,986
block_input_queue,29,0,456510,457496,986
block_input_queue,29,1,457497,458483,986
block_input_queue,29,2,458484,459470,986
block_input_queue,29,3,459471,460457,986
block_input_queue,29,4,460458,461444,986
block_input_queue,29,5,461445,462431,986
block_input_queue,29,6,462432,463418,986
block_input_queue,29,7,463419,464405,986
block_input_queue,29,8,464406,465392,986
block_input_queue,29,9,465393,466379,986
block_input_queue,29,10,466380,467366,986
block_input_queue,29,11,467367,468353,986
block_input_queue,29,12,468354,469340,986
block_input_queue,29,13,469341,470327,986
block_input_queue,29,14,470328,471314,986
block_input_queue,29,15,471315,472301,986
block_input_queue,30,0,472302,473288,986
block_input_queue,30,1,473289,474275,986
block_input_queue,30,2,474276,475262,986
block_input_queue,30,3,475263,476249,986
block_input_queue,30,4,476250,477236,986
block_input_queue,30,5,477237,478223,986
block_input_queue,30,6,478224,479210,986
block_input_queue,30,7,479211,480197,986
block_input_queue,30,8,480198,481184,986
block_input_queue,30,9,481185,482171,986
block_input_queue,30,10,482172,483158,986
block_input_queue,30,11,483159,484145,986
block_input_queue,30,12,484146,485132,986
block_input_queue,30,13,485133,486119,986
block_input_queue,30,14,486120,487106,986
block_input_queue,30,15,487107,488093,986
block_input_queue,31,0,488094,489080,986
block_input_queue,31,1,489081,490067,986
block_input_queue,31,2,490068,491054,986
block_input_queue,31,3,491055,492041,986
block_input_queue,31,4,492042,493028,986
block_input_queue,31,5,493029,494015,986
block_input_queue,31,6,494016,495002,986
block_input_queue,31,7,495003,495989,986
block_input_queue,31,8,495990,496976,986
block_input_queue,31,9,496977,497963,986
block_input_queue,31,10,497964,498950,986
block_input_queue,31,11,498951,499937,986
block_input_queue,31,12,499938,500924,986
block_input_queue,31,13,500925,501911,986
block_input_queue,31,14,501912,502898,986
block_input_queue,31,15,502899,503885,986
block_input_queue,32,0,503886,504872,986
block_input_queue,32,1,504873,505859,986
block_input_queue,32,2,505860,506846,986
block_input_queue,32,3,506847,507833,986
block_input_queue,32,4,507834,508820,986
block_input_queue,32,5,508821,509807,986
block_input_queue,32,6,509808,510794,986
block_input_queue,32,7,510795,511781,986
block_input_queue,32,8,511782,512768,986
block_input_queue,32,9,512769,513755,986
block_input_queue,32,10,513756,514742,986
block_input_queue,32,11,514743,515729,986
block_input_queue,32,12,515730,516716,986
block_input_queue,32,13,516717,517703,986
block_input_queue,32,14,517704,518690,986
block_input_queue,32,15,518691,519677,986
block_input_queue,33,0,519678,520664,986
block_input_queue,33,1,520665,521651,986
block_input_queue,33,2,521652,522638,986
block_input_queue,33,3,522639,523625,986
block_input_queue,33,4,523626,524612,986
block_input_queue,33,5,524613,525599,986
block_input_queue,33,6,525600,526586,986
block_input_queue,33,7,526587,527573,986
block_input_queue,33,8,527574,528560,986
block_input_queue,33,9,528561,529547,986
block_input_queue,33,10,529548,530534,986
block_input_queue,33,11,530535,531521,986
block_input_queue,33,12,531522,532508,986
block_input_queue,33,13,532509,533495,986
block_input_queue,33,14,533496,534482,986
block_input_queue,33,15,534483,535469,986
block_input_queue,34,0,535470,536456,986
block_input_queue,34,1,536457,537443,986
block_input_queue,34,2,537444,538430,986
block_input_queue,34,3,538431,539417,986
block_input_queue,34,4,539418,540404,986
block_input_queue,34,5,540405,541391,986
block_input_queue,34,6,541392,542378,986
block_input_queue,34,7,542379,543365,986
block_input_queue,34,8,543366,544352,986
block_input_queue,34,9,544353,545339,986
block_input_queue,34,10,545340,546326,986
block_input_queue,34,11,546327,547313,986
block_input_queue,34,12,547314,548300,986
block_input_queue,34,13,548301,549287,986
block_input_queue,34,14,549288,550274,986
block_input_queue,34,15,550275,551261,986
block_input_queue,35,0,551262,552248,986
block_input_queue,35,1,552249,553235,986
block_input_queue,35,2,553236,554222,986
block_input_queue,35,3,554223,555209,986
block_input_queue,35,4,555210,556196,986
block_input_queue,35,5,556197,557183,986
block_input_queue,35,6,557184,558170,986
block_input_queue,35,7,558171,559157,986
block_input_queue,35,8,559158,560144,986
block_input_queue,35,9,560145,561131,986
block_input_queue,35,10,561132,562118,986
block_input_queue,35,11,562119,563105,986
block_input_queue,35,12,563106,564092,986
block_input_queue,35,13,564093,565079,986
block_input_queue,35,14,565080,566066,986
block_input_queue,35,15,566067,567053,986
block_input_queue,36,0,567054,568040,986
block_input_queue,36,1,568041,569027,986
block_input_queue,36,2,569028,570014,986
block_input_queue,36,3,570015,571001,986
block_input_queue,36,4,571002,571988,986
block_input_queue,36,5,571989,572975,986
block_input_queue,36,6,572976,573962,986
block_input_queue,36,7,573963,574949,986
block_input_queue,36,8,574950,575936,986
block_input_queue,36,9,575937,576923,986
block_input_queue,36,10,576924,577910,986
block_input_queue,36,11,577911,578897,986
block_input_queue,36,12,578898,579884,986
block_input_queue,36,13,579885,580871,986
block_input_queue,36,14,580872,581858,986
block_input_queue,36,15,581859,582845,986
block_input_queue,37,0,582846,583832,986
block_input_queue,37,1,583833,584819,986
block_input_queue,37,2,584820,585806,986
block_input_queue,37,3,585807,586793,986
block_input_queue,37,4,586794,587780,986
block_input_queue,37,5,587781,588767,986
block_input_queue,37,6,588768,589754,986
block_input_queue,37,7,589755,590741,986
block_input_queue,37,8,590742,591728,986
block_input_queue,37,9,591729,592715,986
block_input_queue,37,10,592716,593702,986
block_input_queue,37,11,593703,594689,986
block_input_queue,37,12,594690,595676,986
block_input_queue,37,13,595677,596663,986
block_input_queue,37,14,596664,597650,986
block_input_queue,37,15,597651,598637,986
block_input_queue,38,0,598638,599624,986
block_input_queue,38,1,599625,600611,986
block_input_queue,38,2,600612,601598,986
block_input_queue,38,3,601599,602585,986
block_input_queue,38,4,602586,603572,986
block_input_queue,38,5,603573,604559,986
block_input_queue,38,6,604560,605546,986
block_input_queue,38,7,605547,606533,986
block_input_queue,38,8,606534,607520,986
block_input_queue,38,9,607521,608507,986
block_input_queue,38,10,608508,609494,986
block_input_queue,38,11,609495,610481,986
block_input_queue,38,12,610482,611468,986
block_input_queue,38,13,611469,612455,986
block_input_queue,38,14,612456,613442,986
block_input_queue,38,15,613443,614429,986
block_input_queue,39,0,614430,615416,986
block_input_queue,39,1,615417,616403,986
block_input_queue,39,2,616404,617390,986
block_input_queue,39,3,617391,618377,986
block_input_queue,39,4,618378,619364,986
block_input_queue,39,5,619365,620351,986
block_input_queue,39,6,620352,621338,986
block_input_queue,39,7,621339,622325,986
block_input_queue,39,8,622326,623312,986
block_input_queue,39,9,623313,624299,986
block_input_queue,39,10,624300,625286,986
block_input_queue,39,11,625287,626273,986
block_input_queue,39,12,626274,627260,986
block_input_queue,39,13,627261,628247,986
block_input_queue,39,14,628248,629234,986
block_input_queue,39,15,629235,630221,986
block_input_queue,40,0,630222,631208,986
block_input_queue,40,1,631209,632195,986
block_input_queue,40,2,632196,633182,986
block_input_queue,40,3,633183,634169,986
block_input_queue,40,4,634170,635156,986
block_input_queue,40,5,635157,636143,986
block_input_queue,40,6,636144,637130,986
block_input_queue,40,7,637131,638117,986
block_input_queue,40,8,638118,639104,986
block_input_queue,40,9,639105,640091,986
block_input_queue,40,10,640092,641078,986
block_input_queue,40,11,641079,642065,986
block_input_queue,40,12,642066,643052,986
block_input_queue,40,13,643053,644039,986
block_input_queue,40,14,644040,645026,986
block_input_queue,40,15,645027,646013,986
block_input_queue,41,0,646014,647000,986
block_input_queue,41,1,647001,647987,986
block_input_queue,41,2,647988,648974,986
block_input_queue,41,3,648975,649961,986
block_input_queue,41,4,649962,650948,986
block_input_queue,41,5,650949,651935,986
block_input_queue,41,6,651936,652922,986
block_input_queue,41,7,652923,653909,986
block_input_queue,41,8,653910,654896,986
block_input_queue,41,9,654897,655883,986
block_input_queue,41,10,655884,656870,986
block_input_queue,41,11,656871,657857,986
block_input_queue,41,12,657858,658844,986
block_input_queue,41,13,658845,659831,986
block_input_queue,41,14,659832,660818,986
block_input_queue,41,15,660819,661805,986
block_input_queue,42,0,661806,662792,986
block_input_queue,42,1,662793,663779,986
block_input_queue,42,2,663780,664766,986
block_input_queue,42,3,664767,665753,986
block_input_queue,42,4,665754,666740,986
block_input_queue,42,5,666741,667727,986
block_input_queue,42,6,667728,668714,986
block_input_queue,42,7,668715,669701,986
block_input_queue,42,8,669702,670688,986
block_input_queue,42,9,670689,671675,986
block_input_queue,42,10,671676,672662,986
block_input_queue,42,11,672663,673649,986
block_input_queue,42,12,673650,674636,986
block_input_queue,42,13,674637,675623,986
block_input_queue,42,14,675624,676610,986
block_input_queue,42,15,676611,677597,986
block_input_queue,43,0,677598,678584,986
block_input_queue,43,1,678585,679571,986
block_input_queue,43,2,679572,680558,986
block_input_queue,43,3,680559,681545,986
block_input_queue,43,4,681546,682532,986
block_input_queue,43,5,682533,683519,986
block_input_queue,43,6,683520,684506,986
block_input_queue,43,7,684507,685493,986
block_input_queue,43,8,685494,686480,986
block_input_queue,43,9,686481,687467,986
block_input_queue,43,10,687468,688454,986
block_input_queue,43,11,688455,689441,986
block_input_queue,43,12,689442,690428,986
block_input_queue,43,13,690429,691415,986
block_input_queue,43,14,691416,692402,986
block_input_queue,43,15,692403,693389,986
block_input_queue,44,0,693390,694376,986
block_input_queue,44,1,694377,695363,986
block_input_queue,44,2,695364,696350,986
block_input_queue,44,3,696351,697337,986
block_input_queue,44,4,697338,698324,986
block_input_queue,44,5,698325,699311,986
block_input_queue,44,6,699312,700298,986
block_input_queue,44,7,700299,701285,986
block_input_queue,44,8,701286,702272,986
block_input_queue,44,9,702273,703259,986
block_input_queue,44,10,703260,704246,986
block_input_queue,44,11,704247,705233,986
block_input_queue,44,12,705234,706220,986
block_input_queue,44,13,706221,707207,986
block_input_queue,44,14,707208,708194,986
block_input_queue,44,15,708195,709181,986
block_input_queue,45,0,709182,710168,986
block_input_queue,45,1,710169,711155,986
block_input_queue,45,2,711156,712142,986
block_input_queue,45,3,712143,713129,986
block_input_queue,45,4,713130,714116,986
block_input_queue,45,5,714117,715103,986
block_input_queue,45,6,715104,716090,986
block_input_queue,45,7,716091,717077,986
block_input_queue,45,8,717078,718064,986
block_input_queue,45,9,718065,719051,986
block_input_queue,45,10,719052,720038,986
block_input_queue,45,11,720039,721025,986
block_input_queue,45,12,721026,722012,986
block_input_queue,45,13,722013,722999,986
block_input_queue,45,14,723000,723986,986
block_input_queue,45,15,723987,724973,986
block_input_queue,46,0,724974,725960,986
block_input_queue,46,1,725961,726947,986
block_input_queue,46,2,726948,727934,986
block_input_queue,46,3,727935,728921,986
block_input_queue,46,4,728922,729908,986
block_input_queue,46,5,729909,730895,986
block_input_queue,46,6,730896,731882,986
block_input_queue,46,7,731883,732869,986
block_input_queue,46,8,732870,733856,986
block_input_queue,46,9,733857,734843,986
block_input_queue,46,10,734844,735830,986
block_input_queue,46,11,735831,736817,986
block_input_queue,46,12,736818,737804,986
block_input_queue,46,13,737805,738791,986
block_input_queue,46,14,738792,739778,986
block_input_queue,46,15,739779,740765,986
block_input_queue,47,0,740766,741752,986
block_input_queue,47,1,741753,742739,986
block_input_queue,47,2,742740,743726,986
block_input_queue,47,3,743727,744713,986
block_input_queue,47,4,744714,745700,986
block_input_queue,47,5,745701,746687,986
block_input_queue,47,6,746688,747674,986
block_input_queue,47,7,747675,748661,986
block_input_queue,47,8,748662,749648,986
block_input_queue,47,9,749649,750635,986
block_input_queue,47,10,750636,751622,986
block_input_queue,47,11,751623,752609,986
block_input_queue,47,12,752610,753596,986
block_input_queue,47,13,753597,754583,986
block_input_queue,47,14,754584,755570,986
block_input_queue,47,15,755571,756557,986
block_input_queue,48,0,756558,757544,986
block_input_queue,48,1,757545,758531,986
block_input_queue,48,2,758532,759518,986
block_input_queue,48,3,759519,760505,986
block_input_queue,48,4,760506,761492,986
block_input_queue,48,5,761493,762479,986
block_input_queue,48,6,762480,763466,986
block_input_queue,48,7,763467,764453,986
block_input_queue,48,8,764454,765440,986
block_input_queue,48,9,765441,766427,986
block_input_queue,48,10,766428,767414,986
block_input_queue,48,11,767415,768401,986
block_input_queue,48,12,768402,769388,986
block_input_queue,48,13,769389,770375,986
block_input_queue,48,14,770376,771362,986
block_input_queue,48,15,771363,772349,986
block_input_queue,49,0,772350,773336,986
block_input_queue,49,1,773337,774323,986
block_input_queue,49,2,774324,775310,986
block_input_queue,49,3,775311,776297,986
block_input_queue,49,4,776298,777284,986
block_input_queue,49,5,777285,778271,986
block_input_queue,49,6,778272,779258,986
block_input_queue,49,7,779259,780245,986
block_input_queue,49,8,780246,781232,986
block_input_queue,49,9,781233,782219,986
block_input_queue,49,10,782220,783206,986
block_input_queue,49,11,783207,784193,986
block_input_queue,49,12,784194,785180,986
block_input_queue,49,13,785181,786167,986
block_input_queue,49,14,786168,787154,986
block_input_queue,49,15,787155,788141,986
block_input_queue,50,0,788142,789128,986
block_input_queue,50,1,789129,790115,986
block_input_queue,50,2,790116,791102,986
block_input_queue,50,3,791103,792089,986
block_input_queue,50,4,792090,793076,986
block_input_queue,50,5,793077,794063,986
block_input_queue,50,6,794064,795050,986
block_input_queue,50,7,795051,796037,986
block_input_queue,50,8,796038,797024,986
block_input_queue,50,9,797025,798011,986
block_input_queue,50,10,798012,798998,986
block_input_queue,50,11,798999,799985,986
block_input_queue,50,12,799986,800972,986
block_input_queue,50,13,800973,801959,986
block_input_queue,50,14,801960,802946,986
block_input_queue,50,15,802947,803933,986
block_input_queue,51,0,803934,804920,986
block_input_queue,51,1,804921,805907,986
block_input_queue,51,2,805908,806894,986
block_input_queue,51,3,806895,807881,986
block_input_queue,51,4,807882,808868,986
block_input_queue,51,5,808869,809855,986
block_input_queue,51,6,809856,810842,986
block_input_queue,51,7,810843,811829,986
block_input_queue,51,8,811830,812816,986
block_input_queue,51,9,812817,813803,986
block_input_queue,51,10,813804,814790,986
block_input_queue,51,11,814791,815777,986
block_input_queue,51,12,815778,816764,986
block_input_queue,51,13,816765,817751,986
block_input_queue,51,14,817752,818738,986
block_input_queue,51,15,818739,819725,986
block_input_queue,52,0,819726,820712,986
block_input_queue,52,1,820713,821699,986
block_input_queue,52,2,821700,822686,986
block_input_queue,52,3,822687,823673,986
block_input_queue,52,4,823674,824660,986
block_input_queue,52,5,824661,825647,986
block_input_queue,52,6,825648,826634,986
block_input_queue,52,7,826635,827621,986
block_input_queue,52,8,827622,828608,986
block_input_queue,52,9,828609,829595,986
block_input_queue,52,10,829596,830582,986
block_input_queue,52,11,830583,831569,986
block_input_queue,52,12,831570,832556,986
block_input_queue,52,13,832557,833543,986
block_input_queue,52,14,833544,834530,986
block_input_queue,52,15,834531,835517,986
block_input_queue,53,0,835518,836504,986
block_input_queue,53,1,836505,837491,986
block_input_queue,53,2,837492,838478,986
block_input_queue,53,3,838479,839465,986
block_input_queue,53,4,839466,840452,986
block_input_queue,53,5,840453,841439,986
block_input_queue,53,6,841440,842426,986
block_input_queue,53,7,842427,843413,986
block_input_queue,53,8,843414,844400,986
block_input_queue,53,9,844401,845387,986
block_input_queue,53,10,845388,846374,986
block_input_queue,53,11,846375,847361,986
block_input_queue,53,12,847362,848348,986
block_input_queue,53,13,848349,849335,986
block_input_queue,53,14,849336,850322,986
block_input_queue,53,15,850323,851309,986
block_input_queue,54,0,851310,852296,986
block_input_queue,54,1,852297,853283,986
block_input_queue,54,2,853284,854270,986
block_input_queue,54,3,854271,855257,986
block_input_queue,54,4,855258,856244,986
block_input_queue,54,5,856245,857231,986
block_input_queue,54,6,857232,858218,986
block_input_queue,54,7,858219,859205,986
block_input_queue,54,8,859206,860192,986
block_input_queue,54,9,860193,861179,986
block_input_queue,54,10,861180,862166,986
block_input_queue,54,11,862167,863153,986
block_input_queue,54,12,863154,864140,986
block_input_queue,54,13,864141,865127,986
block_input_queue,54,14,865128,866114,986
block_input_queue,54,15,866115,867101,986
block_input_queue,55,0,867102,868088,986
block_input_queue,55,1,868089,869075,986
block_input_queue,55,2,869076,870062,986
block_input_queue,55,3,870063,871049,986
block_input_queue,55,4,871050,872036,986
block_input_queue,55,5,872037,873023,986
block_input_queue,55,6,873024,874010,986
block_input_queue,55,7,874011,874997,986
block_input_queue,55,8,874998,875984,986
block_input_queue,55,9,875985,876971,986
block_input_queue,55,10,876972,877958,986
block_input_queue,55,11,877959,878945,986
block_input_queue,55,12,878946,879932,986
block_input_queue,55,13,879933,880919,986
block_input_queue,55,14,880920,881906,986
block_input_queue,55,15,881907,882893,986
block_input_queue,56,0,882894,883880,986
block_input_queue,56,1,883881,884867,986
block_input_queue,56,2,884868,885854,986
block_input_queue,56,3,885855,886841,986
block_input_queue,56,4,886842,887828,986
block_input_queue,56,5,887829,888815,986
block_input_queue,56,6,888816,889802,986
block_input_queue,56,7,889803,890789,986
block_input_queue,56,8,890790,891776,986
block_input_queue,56,9,891777,892763,986
block_input_queue,56,10,892764,893750,986
block_input_queue,56,11,893751,894737,986
block_input_queue,56,12,894738,895724,986
block_input_queue,56,13,895725,896711,986
block_input_queue,56,14,896712,897698,986
block_input_queue,56,15,897699,898685,986
block_input_queue,57,0,898686,899672,986
block_input_queue,57,1,899673,900659,986
block_input_queue,57,2,900660,901646,986
block_input_queue,57,3,901647,902633,986
block_input_queue,57,4,902634,903620,986
block_input_queue,57,5,903621,904607,986
block_input_queue,57,6,904608,905594,986
block_input_queue,57,7,905595,906581,986
block_input_queue,57,8,906582,907568,986
block_input_queue,57,9,907569,908555,986
block_input_queue,57,10,908556,909542,986
block_input_queue,57,11,909543,910529,986
block_input_queue,57,12,910530,911516,986
block_input_queue,57,13,911517,912503,986
block_input_queue,57,14,912504,913490,986
block_input_queue,57,15,913491,914477,986
block_input_queue,58,0,914478,915464,986
block_input_queue,58,1,915465,916451,986
block_input_queue,58,2,916452,917438,986
block_input_queue,58,3,917439,918425,986
block_input_queue,58,4,918426,919412,986
block_input_queue,58,5,919413,920399,986
block_input_queue,58,6,920400,921386,986
block_input_queue,58,7,921387,922373,986
block_input_queue,58,8,922374,923360,986
block_input_queue,58,9,923361,924347,986
block_input_queue,58,10,924348,925334,986
block_input_queue,58,11,925335,926321,986
block_input_queue,58,12,926322,927308,986
block_input_queue,58,13,927309,928295,986
block_input_queue,58,14,928296,929282,986
block_input_queue,58,15,929283,930269,986
block_input_queue,59,0,930270,931256,986
block_input_queue,59,1,931257,932243,986
block_input_queue,59,2,932244,933230,986
block_input_queue,59,3,933231,934217,986
block_input_queue,59,4,934218,935204,986
block_input_queue,59,5,935205,936191,986
block_input_queue,59,6,936192,937178,986
block_input_queue,59,7,937179,938165,986
block_input_queue,59,8,938166,939152,986
block_input_queue,59,9,939153,940139,986
block_input_queue,59,10,940140,941126,986
block_input_queue,59,11,941127,942113,986
block_input_queue,59,12,942114,943100,986
block_input_queue,59,13,943101,944087,986
block_input_queue,59,14,944088,945074,986
block_input_queue,59,15,945075,946061,986
block_input_queue,60,0,946062,947048,986
block_input_queue,60,1,947049,948035,986
block_input_queue,60,2,948036,949022,986
block_input_queue,60,3,949023,950009,986
block_input_queue,60,4,950010,950996,986
block_input_queue,60,5,950997,951983,986
block_input_queue,60,6,951984,952970,986
block_input_queue,60,7,952971,953957,986
block_input_queue,60,8,953958,954944,986
block_input_queue,60,9,954945,955931,986
block_input_queue,60,10,955932,956918,986
block_input_queue,60,11,956919,957905,986
block_input_queue,60,12,957906,958892,986
block_input_queue,60,13,958893,959879,986
block_input_queue,60,14,959880,960866,986
block_input_queue,60,15,960867,961853,986
block_input_queue,61,0,961854,962840,986
block_input_queue,61,1,962841,963827,986
block_input_queue,61,2,963828,964814,986
block_input_queue,61,3,964815,965801,986
block_input_queue,61,4,965802,966788,986
block_input_queue,61,5,966789,967775,986
block_input_queue,61,6,967776,968762,986
block_input_queue,61,7,968763,969749,986
block_input_queue,61,8,969750,970736,986
block_input_queue,61,9,970737,971723,986
block_input_queue,61,10,971724,972710,986
block_input_queue,61,11,972711,973697,986
block_input_queue,61,12,973698,974684,986
block_input_queue,61,13,974685,975671,986
block_input_queue,61,14,975672,976658,986
block_input_queue,61,15,976659,977645,986
block_input_queue,62,0,977646,978632,986
block_input_queue,62,1,978633,979619,986
block_input_queue,62,2,979620,980606,986
block_input_queue,62,3,980607,981593,986
block_input_queue,62,4,981594,982580,986
block_input_queue,62,5,982581,983567,986
block_input_queue,62,6,983568,984554,986
block_input_queue,62,7,984555,985541,986
block_input_queue,62,8,985542,986528,986
block_input_queue,62,9,986529,987515,986
block_input_queue,62,10,987516,988502,986
block_input_queue,62,11,988503,989489,986
block_input_queue,62,12,989490,990476,986
block_input_queue,62,13,990477,991463,986
block_input_queue,62,14,991464,992450,986
block_input_queue,62,15,992451,993437,986
block_input_queue,63,0,993438,994424,986
block_input_queue,63,1,994425,995411,986
block_input_queue,63,2,995412,996398,986
block_input_queue,63,3,996399,997385,986
block_input_queue,63,4,997386,998372,986
block_input_queue,63,5,998373,999359,986
block_input_queue,63,6,999360,1000346,986
block_input_queue,63,7,1000347,1001333,986
block_input_queue,63,8,1001334,1002320,986
block_input_queue,63,9,1002321,1003307,986
block_input_queue,63,10,1003308,1004294,986
block_input_queue,63,11,1004295,1005281,986
block_input_queue,63,12,1005282,1006268,986
block_input_queue,63,13,1006269,1007255,986
block_input_queue,63,14,1007256,1008242,986
block_input_queue,63,15,1008243,1009229,986
normalization_to_ready,0,0,602,1006,404
normalization_to_ready,0,1,1007,1411,404
normalization_to_ready,0,2,1412,1995,583
normalization_to_ready,0,3,1996,2982,986
normalization_to_ready,0,4,3476,3969,493
normalization_to_ready,0,5,4463,4956,493
normalization_to_ready,0,6,5450,5943,493
normalization_to_ready,0,7,6437,6930,493
normalization_to_ready,0,8,7424,7917,493
normalization_to_ready,0,9,8411,8904,493
normalization_to_ready,0,10,9398,9891,493
normalization_to_ready,0,11,10385,10878,493
normalization_to_ready,0,12,11372,11865,493
normalization_to_ready,0,13,12359,12852,493
normalization_to_ready,0,14,13346,13839,493
normalization_to_ready,0,15,14333,14826,493
normalization_to_ready,1,0,15320,15813,493
normalization_to_ready,1,1,16307,16800,493
normalization_to_ready,1,2,17294,17787,493
normalization_to_ready,1,3,18281,18774,493
normalization_to_ready,1,4,19268,19761,493
normalization_to_ready,1,5,20255,20748,493
normalization_to_ready,1,6,21242,21735,493
normalization_to_ready,1,7,22229,22722,493
normalization_to_ready,1,8,23216,23709,493
normalization_to_ready,1,9,24203,24696,493
normalization_to_ready,1,10,25190,25683,493
normalization_to_ready,1,11,26177,26670,493
normalization_to_ready,1,12,27164,27657,493
normalization_to_ready,1,13,28151,28644,493
normalization_to_ready,1,14,29138,29631,493
normalization_to_ready,1,15,30125,30618,493
normalization_to_ready,2,0,31112,31605,493
normalization_to_ready,2,1,32099,32592,493
normalization_to_ready,2,2,33086,33579,493
normalization_to_ready,2,3,34073,34566,493
normalization_to_ready,2,4,35060,35553,493
normalization_to_ready,2,5,36047,36540,493
normalization_to_ready,2,6,37034,37527,493
normalization_to_ready,2,7,38021,38514,493
normalization_to_ready,2,8,39008,39501,493
normalization_to_ready,2,9,39995,40488,493
normalization_to_ready,2,10,40982,41475,493
normalization_to_ready,2,11,41969,42462,493
normalization_to_ready,2,12,42956,43449,493
normalization_to_ready,2,13,43943,44436,493
normalization_to_ready,2,14,44930,45423,493
normalization_to_ready,2,15,45917,46410,493
normalization_to_ready,3,0,46904,47397,493
normalization_to_ready,3,1,47891,48384,493
normalization_to_ready,3,2,48878,49371,493
normalization_to_ready,3,3,49865,50358,493
normalization_to_ready,3,4,50852,51345,493
normalization_to_ready,3,5,51839,52332,493
normalization_to_ready,3,6,52826,53319,493
normalization_to_ready,3,7,53813,54306,493
normalization_to_ready,3,8,54800,55293,493
normalization_to_ready,3,9,55787,56280,493
normalization_to_ready,3,10,56774,57267,493
normalization_to_ready,3,11,57761,58254,493
normalization_to_ready,3,12,58748,59241,493
normalization_to_ready,3,13,59735,60228,493
normalization_to_ready,3,14,60722,61215,493
normalization_to_ready,3,15,61709,62202,493
normalization_to_ready,4,0,62696,63189,493
normalization_to_ready,4,1,63683,64176,493
normalization_to_ready,4,2,64670,65163,493
normalization_to_ready,4,3,65657,66150,493
normalization_to_ready,4,4,66644,67137,493
normalization_to_ready,4,5,67631,68124,493
normalization_to_ready,4,6,68618,69111,493
normalization_to_ready,4,7,69605,70098,493
normalization_to_ready,4,8,70592,71085,493
normalization_to_ready,4,9,71579,72072,493
normalization_to_ready,4,10,72566,73059,493
normalization_to_ready,4,11,73553,74046,493
normalization_to_ready,4,12,74540,75033,493
normalization_to_ready,4,13,75527,76020,493
normalization_to_ready,4,14,76514,77007,493
normalization_to_ready,4,15,77501,77994,493
normalization_to_ready,5,0,78488,78981,493
normalization_to_ready,5,1,79475,79968,493
normalization_to_ready,5,2,80462,80955,493
normalization_to_ready,5,3,81449,81942,493
normalization_to_ready,5,4,82436,82929,493
normalization_to_ready,5,5,83423,83916,493
normalization_to_ready,5,6,84410,84903,493
normalization_to_ready,5,7,85397,85890,493
normalization_to_ready,5,8,86384,86877,493
normalization_to_ready,5,9,87371,87864,493
normalization_to_ready,5,10,88358,88851,493
normalization_to_ready,5,11,89345,89838,493
normalization_to_ready,5,12,90332,90825,493
normalization_to_ready,5,13,91319,91812,493
normalization_to_ready,5,14,92306,92799,493
normalization_to_ready,5,15,93293,93786,493
normalization_to_ready,6,0,94280,94773,493
normalization_to_ready,6,1,95267,95760,493
normalization_to_ready,6,2,96254,96747,493
normalization_to_ready,6,3,97241,97734,493
normalization_to_ready,6,4,98228,98721,493
normalization_to_ready,6,5,99215,99708,493
normalization_to_ready,6,6,100202,100695,493
normalization_to_ready,6,7,101189,101682,493
normalization_to_ready,6,8,102176,102669,493
normalization_to_ready,6,9,103163,103656,493
normalization_to_ready,6,10,104150,104643,493
normalization_to_ready,6,11,105137,105630,493
normalization_to_ready,6,12,106124,106617,493
normalization_to_ready,6,13,107111,107604,493
normalization_to_ready,6,14,108098,108591,493
normalization_to_ready,6,15,109085,109578,493
normalization_to_ready,7,0,110072,110565,493
normalization_to_ready,7,1,111059,111552,493
normalization_to_ready,7,2,112046,112539,493
normalization_to_ready,7,3,113033,113526,493
normalization_to_ready,7,4,114020,114513,493
normalization_to_ready,7,5,115007,115500,493
normalization_to_ready,7,6,115994,116487,493
normalization_to_ready,7,7,116981,117474,493
normalization_to_ready,7,8,117968,118461,493
normalization_to_ready,7,9,118955,119448,493
normalization_to_ready,7,10,119942,120435,493
normalization_to_ready,7,11,120929,121422,493
normalization_to_ready,7,12,121916,122409,493
normalization_to_ready,7,13,122903,123396,493
normalization_to_ready,7,14,123890,124383,493
normalization_to_ready,7,15,124877,125370,493
normalization_to_ready,8,0,125864,126357,493
normalization_to_ready,8,1,126851,127344,493
normalization_to_ready,8,2,127838,128331,493
normalization_to_ready,8,3,128825,129318,493
normalization_to_ready,8,4,129812,130305,493
normalization_to_ready,8,5,130799,131292,493
normalization_to_ready,8,6,131786,132279,493
normalization_to_ready,8,7,132773,133266,493
normalization_to_ready,8,8,133760,134253,493
normalization_to_ready,8,9,134747,135240,493
normalization_to_ready,8,10,135734,136227,493
normalization_to_ready,8,11,136721,137214,493
normalization_to_ready,8,12,137708,138201,493
normalization_to_ready,8,13,138695,139188,493
normalization_to_ready,8,14,139682,140175,493
normalization_to_ready,8,15,140669,141162,493
normalization_to_ready,9,0,141656,142149,493
normalization_to_ready,9,1,142643,143136,493
normalization_to_ready,9,2,143630,144123,493
normalization_to_ready,9,3,144617,145110,493
normalization_to_ready,9,4,145604,146097,493
normalization_to_ready,9,5,146591,147084,493
normalization_to_ready,9,6,147578,148071,493
normalization_to_ready,9,7,148565,149058,493
normalization_to_ready,9,8,149552,150045,493
normalization_to_ready,9,9,150539,151032,493
normalization_to_ready,9,10,151526,152019,493
normalization_to_ready,9,11,152513,153006,493
normalization_to_ready,9,12,153500,153993,493
normalization_to_ready,9,13,154487,154980,493
normalization_to_ready,9,14,155474,155967,493
normalization_to_ready,9,15,156461,156954,493
normalization_to_ready,10,0,157448,157941,493
normalization_to_ready,10,1,158435,158928,493
normalization_to_ready,10,2,159422,159915,493
normalization_to_ready,10,3,160409,160902,493
normalization_to_ready,10,4,161396,161889,493
normalization_to_ready,10,5,162383,162876,493
normalization_to_ready,10,6,163370,163863,493
normalization_to_ready,10,7,164357,164850,493
normalization_to_ready,10,8,165344,165837,493
normalization_to_ready,10,9,166331,166824,493
normalization_to_ready,10,10,167318,167811,493
normalization_to_ready,10,11,168305,168798,493
normalization_to_ready,10,12,169292,169785,493
normalization_to_ready,10,13,170279,170772,493
normalization_to_ready,10,14,171266,171759,493
normalization_to_ready,10,15,172253,172746,493
normalization_to_ready,11,0,173240,173733,493
normalization_to_ready,11,1,174227,174720,493
normalization_to_ready,11,2,175214,175707,493
normalization_to_ready,11,3,176201,176694,493
normalization_to_ready,11,4,177188,177681,493
normalization_to_ready,11,5,178175,178668,493
normalization_to_ready,11,6,179162,179655,493
normalization_to_ready,11,7,180149,180642,493
normalization_to_ready,11,8,181136,181629,493
normalization_to_ready,11,9,182123,182616,493
normalization_to_ready,11,10,183110,183603,493
normalization_to_ready,11,11,184097,184590,493
normalization_to_ready,11,12,185084,185577,493
normalization_to_ready,11,13,186071,186564,493
normalization_to_ready,11,14,187058,187551,493
normalization_to_ready,11,15,188045,188538,493
normalization_to_ready,12,0,189032,189525,493
normalization_to_ready,12,1,190019,190512,493
normalization_to_ready,12,2,191006,191499,493
normalization_to_ready,12,3,191993,192486,493
normalization_to_ready,12,4,192980,193473,493
normalization_to_ready,12,5,193967,194460,493
normalization_to_ready,12,6,194954,195447,493
normalization_to_ready,12,7,195941,196434,493
normalization_to_ready,12,8,196928,197421,493
normalization_to_ready,12,9,197915,198408,493
normalization_to_ready,12,10,198902,199395,493
normalization_to_ready,12,11,199889,200382,493
normalization_to_ready,12,12,200876,201369,493
normalization_to_ready,12,13,201863,202356,493
normalization_to_ready,12,14,202850,203343,493
normalization_to_ready,12,15,203837,204330,493
normalization_to_ready,13,0,204824,205317,493
normalization_to_ready,13,1,205811,206304,493
normalization_to_ready,13,2,206798,207291,493
normalization_to_ready,13,3,207785,208278,493
normalization_to_ready,13,4,208772,209265,493
normalization_to_ready,13,5,209759,210252,493
normalization_to_ready,13,6,210746,211239,493
normalization_to_ready,13,7,211733,212226,493
normalization_to_ready,13,8,212720,213213,493
normalization_to_ready,13,9,213707,214200,493
normalization_to_ready,13,10,214694,215187,493
normalization_to_ready,13,11,215681,216174,493
normalization_to_ready,13,12,216668,217161,493
normalization_to_ready,13,13,217655,218148,493
normalization_to_ready,13,14,218642,219135,493
normalization_to_ready,13,15,219629,220122,493
normalization_to_ready,14,0,220616,221109,493
normalization_to_ready,14,1,221603,222096,493
normalization_to_ready,14,2,222590,223083,493
normalization_to_ready,14,3,223577,224070,493
normalization_to_ready,14,4,224564,225057,493
normalization_to_ready,14,5,225551,226044,493
normalization_to_ready,14,6,226538,227031,493
normalization_to_ready,14,7,227525,228018,493
normalization_to_ready,14,8,228512,229005,493
normalization_to_ready,14,9,229499,229992,493
normalization_to_ready,14,10,230486,230979,493
normalization_to_ready,14,11,231473,231966,493
normalization_to_ready,14,12,232460,232953,493
normalization_to_ready,14,13,233447,233940,493
normalization_to_ready,14,14,234434,234927,493
normalization_to_ready,14,15,235421,235914,493
normalization_to_ready,15,0,236408,236901,493
normalization_to_ready,15,1,237395,237888,493
normalization_to_ready,15,2,238382,238875,493
normalization_to_ready,15,3,239369,239862,493
normalization_to_ready,15,4,240356,240849,493
normalization_to_ready,15,5,241343,241836,493
normalization_to_ready,15,6,242330,242823,493
normalization_to_ready,15,7,243317,243810,493
normalization_to_ready,15,8,244304,244797,493
normalization_to_ready,15,9,245291,245784,493
normalization_to_ready,15,10,246278,246771,493
normalization_to_ready,15,11,247265,247758,493
normalization_to_ready,15,12,248252,248745,493
normalization_to_ready,15,13,249239,249732,493
normalization_to_ready,15,14,250226,250719,493
normalization_to_ready,15,15,251213,251706,493
normalization_to_ready,16,0,252200,252693,493
normalization_to_ready,16,1,253187,253680,493
normalization_to_ready,16,2,254174,254667,493
normalization_to_ready,16,3,255161,255654,493
normalization_to_ready,16,4,256148,256641,493
normalization_to_ready,16,5,257135,257628,493
normalization_to_ready,16,6,258122,258615,493
normalization_to_ready,16,7,259109,259602,493
normalization_to_ready,16,8,260096,260589,493
normalization_to_ready,16,9,261083,261576,493
normalization_to_ready,16,10,262070,262563,493
normalization_to_ready,16,11,263057,263550,493
normalization_to_ready,16,12,264044,264537,493
normalization_to_ready,16,13,265031,265524,493
normalization_to_ready,16,14,266018,266511,493
normalization_to_ready,16,15,267005,267498,493
normalization_to_ready,17,0,267992,268485,493
normalization_to_ready,17,1,268979,269472,493
normalization_to_ready,17,2,269966,270459,493
normalization_to_ready,17,3,270953,271446,493
normalization_to_ready,17,4,271940,272433,493
normalization_to_ready,17,5,272927,273420,493
normalization_to_ready,17,6,273914,274407,493
normalization_to_ready,17,7,274901,275394,493
normalization_to_ready,17,8,275888,276381,493
normalization_to_ready,17,9,276875,277368,493
normalization_to_ready,17,10,277862,278355,493
normalization_to_ready,17,11,278849,279342,493
normalization_to_ready,17,12,279836,280329,493
normalization_to_ready,17,13,280823,281316,493
normalization_to_ready,17,14,281810,282303,493
normalization_to_ready,17,15,282797,283290,493
normalization_to_ready,18,0,283784,284277,493
normalization_to_ready,18,1,284771,285264,493
normalization_to_ready,18,2,285758,286251,493
normalization_to_ready,18,3,286745,287238,493
normalization_to_ready,18,4,287732,288225,493
normalization_to_ready,18,5,288719,289212,493
normalization_to_ready,18,6,289706,290199,493
normalization_to_ready,18,7,290693,291186,493
normalization_to_ready,18,8,291680,292173,493
normalization_to_ready,18,9,292667,293160,493
normalization_to_ready,18,10,293654,294147,493
normalization_to_ready,18,11,294641,295134,493
normalization_to_ready,18,12,295628,296121,493
normalization_to_ready,18,13,296615,297108,493
normalization_to_ready,18,14,297602,298095,493
normalization_to_ready,18,15,298589,299082,493
normalization_to_ready,19,0,299576,300069,493
normalization_to_ready,19,1,300563,301056,493
normalization_to_ready,19,2,301550,302043,493
normalization_to_ready,19,3,302537,303030,493
normalization_to_ready,19,4,303524,304017,493
normalization_to_ready,19,5,304511,305004,493
normalization_to_ready,19,6,305498,305991,493
normalization_to_ready,19,7,306485,306978,493
normalization_to_ready,19,8,307472,307965,493
normalization_to_ready,19,9,308459,308952,493
normalization_to_ready,19,10,309446,309939,493
normalization_to_ready,19,11,310433,310926,493
normalization_to_ready,19,12,311420,311913,493
normalization_to_ready,19,13,312407,312900,493
normalization_to_ready,19,14,313394,313887,493
normalization_to_ready,19,15,314381,314874,493
normalization_to_ready,20,0,315368,315861,493
normalization_to_ready,20,1,316355,316848,493
normalization_to_ready,20,2,317342,317835,493
normalization_to_ready,20,3,318329,318822,493
normalization_to_ready,20,4,319316,319809,493
normalization_to_ready,20,5,320303,320796,493
normalization_to_ready,20,6,321290,321783,493
normalization_to_ready,20,7,322277,322770,493
normalization_to_ready,20,8,323264,323757,493
normalization_to_ready,20,9,324251,324744,493
normalization_to_ready,20,10,325238,325731,493
normalization_to_ready,20,11,326225,326718,493
normalization_to_ready,20,12,327212,327705,493
normalization_to_ready,20,13,328199,328692,493
normalization_to_ready,20,14,329186,329679,493
normalization_to_ready,20,15,330173,330666,493
normalization_to_ready,21,0,331160,331653,493
normalization_to_ready,21,1,332147,332640,493
normalization_to_ready,21,2,333134,333627,493
normalization_to_ready,21,3,334121,334614,493
normalization_to_ready,21,4,335108,335601,493
normalization_to_ready,21,5,336095,336588,493
normalization_to_ready,21,6,337082,337575,493
normalization_to_ready,21,7,338069,338562,493
normalization_to_ready,21,8,339056,339549,493
normalization_to_ready,21,9,340043,340536,493
normalization_to_ready,21,10,341030,341523,493
normalization_to_ready,21,11,342017,342510,493
normalization_to_ready,21,12,343004,343497,493
normalization_to_ready,21,13,343991,344484,493
normalization_to_ready,21,14,344978,345471,493
normalization_to_ready,21,15,345965,346458,493
normalization_to_ready,22,0,346952,347445,493
normalization_to_ready,22,1,347939,348432,493
normalization_to_ready,22,2,348926,349419,493
normalization_to_ready,22,3,349913,350406,493
normalization_to_ready,22,4,350900,351393,493
normalization_to_ready,22,5,351887,352380,493
normalization_to_ready,22,6,352874,353367,493
normalization_to_ready,22,7,353861,354354,493
normalization_to_ready,22,8,354848,355341,493
normalization_to_ready,22,9,355835,356328,493
normalization_to_ready,22,10,356822,357315,493
normalization_to_ready,22,11,357809,358302,493
normalization_to_ready,22,12,358796,359289,493
normalization_to_ready,22,13,359783,360276,493
normalization_to_ready,22,14,360770,361263,493
normalization_to_ready,22,15,361757,362250,493
normalization_to_ready,23,0,362744,363237,493
normalization_to_ready,23,1,363731,364224,493
normalization_to_ready,23,2,364718,365211,493
normalization_to_ready,23,3,365705,366198,493
normalization_to_ready,23,4,366692,367185,493
normalization_to_ready,23,5,367679,368172,493
normalization_to_ready,23,6,368666,369159,493
normalization_to_ready,23,7,369653,370146,493
normalization_to_ready,23,8,370640,371133,493
normalization_to_ready,23,9,371627,372120,493
normalization_to_ready,23,10,372614,373107,493
normalization_to_ready,23,11,373601,374094,493
normalization_to_ready,23,12,374588,375081,493
normalization_to_ready,23,13,375575,376068,493
normalization_to_ready,23,14,376562,377055,493
normalization_to_ready,23,15,377549,378042,493
normalization_to_ready,24,0,378536,379029,493
normalization_to_ready,24,1,379523,380016,493
normalization_to_ready,24,2,380510,381003,493
normalization_to_ready,24,3,381497,381990,493
normalization_to_ready,24,4,382484,382977,493
normalization_to_ready,24,5,383471,383964,493
normalization_to_ready,24,6,384458,384951,493
normalization_to_ready,24,7,385445,385938,493
normalization_to_ready,24,8,386432,386925,493
normalization_to_ready,24,9,387419,387912,493
normalization_to_ready,24,10,388406,388899,493
normalization_to_ready,24,11,389393,389886,493
normalization_to_ready,24,12,390380,390873,493
normalization_to_ready,24,13,391367,391860,493
normalization_to_ready,24,14,392354,392847,493
normalization_to_ready,24,15,393341,393834,493
normalization_to_ready,25,0,394328,394821,493
normalization_to_ready,25,1,395315,395808,493
normalization_to_ready,25,2,396302,396795,493
normalization_to_ready,25,3,397289,397782,493
normalization_to_ready,25,4,398276,398769,493
normalization_to_ready,25,5,399263,399756,493
normalization_to_ready,25,6,400250,400743,493
normalization_to_ready,25,7,401237,401730,493
normalization_to_ready,25,8,402224,402717,493
normalization_to_ready,25,9,403211,403704,493
normalization_to_ready,25,10,404198,404691,493
normalization_to_ready,25,11,405185,405678,493
normalization_to_ready,25,12,406172,406665,493
normalization_to_ready,25,13,407159,407652,493
normalization_to_ready,25,14,408146,408639,493
normalization_to_ready,25,15,409133,409626,493
normalization_to_ready,26,0,410120,410613,493
normalization_to_ready,26,1,411107,411600,493
normalization_to_ready,26,2,412094,412587,493
normalization_to_ready,26,3,413081,413574,493
normalization_to_ready,26,4,414068,414561,493
normalization_to_ready,26,5,415055,415548,493
normalization_to_ready,26,6,416042,416535,493
normalization_to_ready,26,7,417029,417522,493
normalization_to_ready,26,8,418016,418509,493
normalization_to_ready,26,9,419003,419496,493
normalization_to_ready,26,10,419990,420483,493
normalization_to_ready,26,11,420977,421470,493
normalization_to_ready,26,12,421964,422457,493
normalization_to_ready,26,13,422951,423444,493
normalization_to_ready,26,14,423938,424431,493
normalization_to_ready,26,15,424925,425418,493
normalization_to_ready,27,0,425912,426405,493
normalization_to_ready,27,1,426899,427392,493
normalization_to_ready,27,2,427886,428379,493
normalization_to_ready,27,3,428873,429366,493
normalization_to_ready,27,4,429860,430353,493
normalization_to_ready,27,5,430847,431340,493
normalization_to_ready,27,6,431834,432327,493
normalization_to_ready,27,7,432821,433314,493
normalization_to_ready,27,8,433808,434301,493
normalization_to_ready,27,9,434795,435288,493
normalization_to_ready,27,10,435782,436275,493
normalization_to_ready,27,11,436769,437262,493
normalization_to_ready,27,12,437756,438249,493
normalization_to_ready,27,13,438743,439236,493
normalization_to_ready,27,14,439730,440223,493
normalization_to_ready,27,15,440717,441210,493
normalization_to_ready,28,0,441704,442197,493
normalization_to_ready,28,1,442691,443184,493
normalization_to_ready,28,2,443678,444171,493
normalization_to_ready,28,3,444665,445158,493
normalization_to_ready,28,4,445652,446145,493
normalization_to_ready,28,5,446639,447132,493
normalization_to_ready,28,6,447626,448119,493
normalization_to_ready,28,7,448613,449106,493
normalization_to_ready,28,8,449600,450093,493
normalization_to_ready,28,9,450587,451080,493
normalization_to_ready,28,10,451574,452067,493
normalization_to_ready,28,11,452561,453054,493
normalization_to_ready,28,12,453548,454041,493
normalization_to_ready,28,13,454535,455028,493
normalization_to_ready,28,14,455522,456015,493
normalization_to_ready,28,15,456509,457002,493
normalization_to_ready,29,0,457496,457989,493
normalization_to_ready,29,1,458483,458976,493
normalization_to_ready,29,2,459470,459963,493
normalization_to_ready,29,3,460457,460950,493
normalization_to_ready,29,4,461444,461937,493
normalization_to_ready,29,5,462431,462924,493
normalization_to_ready,29,6,463418,463911,493
normalization_to_ready,29,7,464405,464898,493
normalization_to_ready,29,8,465392,465885,493
normalization_to_ready,29,9,466379,466872,493
normalization_to_ready,29,10,467366,467859,493
normalization_to_ready,29,11,468353,468846,493
normalization_to_ready,29,12,469340,469833,493
normalization_to_ready,29,13,470327,470820,493
normalization_to_ready,29,14,471314,471807,493
normalization_to_ready,29,15,472301,472794,493
normalization_to_ready,30,0,473288,473781,493
normalization_to_ready,30,1,474275,474768,493
normalization_to_ready,30,2,475262,475755,493
normalization_to_ready,30,3,476249,476742,493
normalization_to_ready,30,4,477236,477729,493
normalization_to_ready,30,5,478223,478716,493
normalization_to_ready,30,6,479210,479703,493
normalization_to_ready,30,7,480197,480690,493
normalization_to_ready,30,8,481184,481677,493
normalization_to_ready,30,9,482171,482664,493
normalization_to_ready,30,10,483158,483651,493
normalization_to_ready,30,11,484145,484638,493
normalization_to_ready,30,12,485132,485625,493
normalization_to_ready,30,13,486119,486612,493
normalization_to_ready,30,14,487106,487599,493
normalization_to_ready,30,15,488093,488586,493
normalization_to_ready,31,0,489080,489573,493
normalization_to_ready,31,1,490067,490560,493
normalization_to_ready,31,2,491054,491547,493
normalization_to_ready,31,3,492041,492534,493
normalization_to_ready,31,4,493028,493521,493
normalization_to_ready,31,5,494015,494508,493
normalization_to_ready,31,6,495002,495495,493
normalization_to_ready,31,7,495989,496482,493
normalization_to_ready,31,8,496976,497469,493
normalization_to_ready,31,9,497963,498456,493
normalization_to_ready,31,10,498950,499443,493
normalization_to_ready,31,11,499937,500430,493
normalization_to_ready,31,12,500924,501417,493
normalization_to_ready,31,13,501911,502404,493
normalization_to_ready,31,14,502898,503391,493
normalization_to_ready,31,15,503885,504378,493
normalization_to_ready,32,0,504872,505365,493
normalization_to_ready,32,1,505859,506352,493
normalization_to_ready,32,2,506846,507339,493
normalization_to_ready,32,3,507833,508326,493
normalization_to_ready,32,4,508820,509313,493
normalization_to_ready,32,5,509807,510300,493
normalization_to_ready,32,6,510794,511287,493
normalization_to_ready,32,7,511781,512274,493
normalization_to_ready,32,8,512768,513261,493
normalization_to_ready,32,9,513755,514248,493
normalization_to_ready,32,10,514742,515235,493
normalization_to_ready,32,11,515729,516222,493
normalization_to_ready,32,12,516716,517209,493
normalization_to_ready,32,13,517703,518196,493
normalization_to_ready,32,14,518690,519183,493
normalization_to_ready,32,15,519677,520170,493
normalization_to_ready,33,0,520664,521157,493
normalization_to_ready,33,1,521651,522144,493
normalization_to_ready,33,2,522638,523131,493
normalization_to_ready,33,3,523625,524118,493
normalization_to_ready,33,4,524612,525105,493
normalization_to_ready,33,5,525599,526092,493
normalization_to_ready,33,6,526586,527079,493
normalization_to_ready,33,7,527573,528066,493
normalization_to_ready,33,8,528560,529053,493
normalization_to_ready,33,9,529547,530040,493
normalization_to_ready,33,10,530534,531027,493
normalization_to_ready,33,11,531521,532014,493
normalization_to_ready,33,12,532508,533001,493
normalization_to_ready,33,13,533495,533988,493
normalization_to_ready,33,14,534482,534975,493
normalization_to_ready,33,15,535469,535962,493
normalization_to_ready,34,0,536456,536949,493
normalization_to_ready,34,1,537443,537936,493
normalization_to_ready,34,2,538430,538923,493
normalization_to_ready,34,3,539417,539910,493
normalization_to_ready,34,4,540404,540897,493
normalization_to_ready,34,5,541391,541884,493
normalization_to_ready,34,6,542378,542871,493
normalization_to_ready,34,7,543365,543858,493
normalization_to_ready,34,8,544352,544845,493
normalization_to_ready,34,9,545339,545832,493
normalization_to_ready,34,10,546326,546819,493
normalization_to_ready,34,11,547313,547806,493
normalization_to_ready,34,12,548300,548793,493
normalization_to_ready,34,13,549287,549780,493
normalization_to_ready,34,14,550274,550767,493
normalization_to_ready,34,15,551261,551754,493
normalization_to_ready,35,0,552248,552741,493
normalization_to_ready,35,1,553235,553728,493
normalization_to_ready,35,2,554222,554715,493
normalization_to_ready,35,3,555209,555702,493
normalization_to_ready,35,4,556196,556689,493
normalization_to_ready,35,5,557183,557676,493
normalization_to_ready,35,6,558170,558663,493
normalization_to_ready,35,7,559157,559650,493
normalization_to_ready,35,8,560144,560637,493
normalization_to_ready,35,9,561131,561624,493
normalization_to_ready,35,10,562118,562611,493
normalization_to_ready,35,11,563105,563598,493
normalization_to_ready,35,12,564092,564585,493
normalization_to_ready,35,13,565079,565572,493
normalization_to_ready,35,14,566066,566559,493
normalization_to_ready,35,15,567053,567546,493
normalization_to_ready,36,0,568040,568533,493
normalization_to_ready,36,1,569027,569520,493
normalization_to_ready,36,2,570014,570507,493
normalization_to_ready,36,3,571001,571494,493
normalization_to_ready,36,4,571988,572481,493
normalization_to_ready,36,5,572975,573468,493
normalization_to_ready,36,6,573962,574455,493
normalization_to_ready,36,7,574949,575442,493
normalization_to_ready,36,8,575936,576429,493
normalization_to_ready,36,9,576923,577416,493
normalization_to_ready,36,10,577910,578403,493
normalization_to_ready,36,11,578897,579390,493
normalization_to_ready,36,12,579884,580377,493
normalization_to_ready,36,13,580871,581364,493
normalization_to_ready,36,14,581858,582351,493
normalization_to_ready,36,15,582845,583338,493
normalization_to_ready,37,0,583832,584325,493
normalization_to_ready,37,1,584819,585312,493
normalization_to_ready,37,2,585806,586299,493
normalization_to_ready,37,3,586793,587286,493
normalization_to_ready,37,4,587780,588273,493
normalization_to_ready,37,5,588767,589260,493
normalization_to_ready,37,6,589754,590247,493
normalization_to_ready,37,7,590741,591234,493
normalization_to_ready,37,8,591728,592221,493
normalization_to_ready,37,9,592715,593208,493
normalization_to_ready,37,10,593702,594195,493
normalization_to_ready,37,11,594689,595182,493
normalization_to_ready,37,12,595676,596169,493
normalization_to_ready,37,13,596663,597156,493
normalization_to_ready,37,14,597650,598143,493
normalization_to_ready,37,15,598637,599130,493
normalization_to_ready,38,0,599624,600117,493
normalization_to_ready,38,1,600611,601104,493
normalization_to_ready,38,2,601598,602091,493
normalization_to_ready,38,3,602585,603078,493
normalization_to_ready,38,4,603572,604065,493
normalization_to_ready,38,5,604559,605052,493
normalization_to_ready,38,6,605546,606039,493
normalization_to_ready,38,7,606533,607026,493
normalization_to_ready,38,8,607520,608013,493
normalization_to_ready,38,9,608507,609000,493
normalization_to_ready,38,10,609494,609987,493
normalization_to_ready,38,11,610481,610974,493
normalization_to_ready,38,12,611468,611961,493
normalization_to_ready,38,13,612455,612948,493
normalization_to_ready,38,14,613442,613935,493
normalization_to_ready,38,15,614429,614922,493
normalization_to_ready,39,0,615416,615909,493
normalization_to_ready,39,1,616403,616896,493
normalization_to_ready,39,2,617390,617883,493
normalization_to_ready,39,3,618377,618870,493
normalization_to_ready,39,4,619364,619857,493
normalization_to_ready,39,5,620351,620844,493
normalization_to_ready,39,6,621338,621831,493
normalization_to_ready,39,7,622325,622818,493
normalization_to_ready,39,8,623312,623805,493
normalization_to_ready,39,9,624299,624792,493
normalization_to_ready,39,10,625286,625779,493
normalization_to_ready,39,11,626273,626766,493
normalization_to_ready,39,12,627260,627753,493
normalization_to_ready,39,13,628247,628740,493
normalization_to_ready,39,14,629234,629727,493
normalization_to_ready,39,15,630221,630714,493
normalization_to_ready,40,0,631208,631701,493
normalization_to_ready,40,1,632195,632688,493
normalization_to_ready,40,2,633182,633675,493
normalization_to_ready,40,3,634169,634662,493
normalization_to_ready,40,4,635156,635649,493
normalization_to_ready,40,5,636143,636636,493
normalization_to_ready,40,6,637130,637623,493
normalization_to_ready,40,7,638117,638610,493
normalization_to_ready,40,8,639104,639597,493
normalization_to_ready,40,9,640091,640584,493
normalization_to_ready,40,10,641078,641571,493
normalization_to_ready,40,11,642065,642558,493
normalization_to_ready,40,12,643052,643545,493
normalization_to_ready,40,13,644039,644532,493
normalization_to_ready,40,14,645026,645519,493
normalization_to_ready,40,15,646013,646506,493
normalization_to_ready,41,0,647000,647493,493
normalization_to_ready,41,1,647987,648480,493
normalization_to_ready,41,2,648974,649467,493
normalization_to_ready,41,3,649961,650454,493
normalization_to_ready,41,4,650948,651441,493
normalization_to_ready,41,5,651935,652428,493
normalization_to_ready,41,6,652922,653415,493
normalization_to_ready,41,7,653909,654402,493
normalization_to_ready,41,8,654896,655389,493
normalization_to_ready,41,9,655883,656376,493
normalization_to_ready,41,10,656870,657363,493
normalization_to_ready,41,11,657857,658350,493
normalization_to_ready,41,12,658844,659337,493
normalization_to_ready,41,13,659831,660324,493
normalization_to_ready,41,14,660818,661311,493
normalization_to_ready,41,15,661805,662298,493
normalization_to_ready,42,0,662792,663285,493
normalization_to_ready,42,1,663779,664272,493
normalization_to_ready,42,2,664766,665259,493
normalization_to_ready,42,3,665753,666246,493
normalization_to_ready,42,4,666740,667233,493
normalization_to_ready,42,5,667727,668220,493
normalization_to_ready,42,6,668714,669207,493
normalization_to_ready,42,7,669701,670194,493
normalization_to_ready,42,8,670688,671181,493
normalization_to_ready,42,9,671675,672168,493
normalization_to_ready,42,10,672662,673155,493
normalization_to_ready,42,11,673649,674142,493
normalization_to_ready,42,12,674636,675129,493
normalization_to_ready,42,13,675623,676116,493
normalization_to_ready,42,14,676610,677103,493
normalization_to_ready,42,15,677597,678090,493
normalization_to_ready,43,0,678584,679077,493
normalization_to_ready,43,1,679571,680064,493
normalization_to_ready,43,2,680558,681051,493
normalization_to_ready,43,3,681545,682038,493
normalization_to_ready,43,4,682532,683025,493
normalization_to_ready,43,5,683519,684012,493
normalization_to_ready,43,6,684506,684999,493
normalization_to_ready,43,7,685493,685986,493
normalization_to_ready,43,8,686480,686973,493
normalization_to_ready,43,9,687467,687960,493
normalization_to_ready,43,10,688454,688947,493
normalization_to_ready,43,11,689441,689934,493
normalization_to_ready,43,12,690428,690921,493
normalization_to_ready,43,13,691415,691908,493
normalization_to_ready,43,14,692402,692895,493
normalization_to_ready,43,15,693389,693882,493
normalization_to_ready,44,0,694376,694869,493
normalization_to_ready,44,1,695363,695856,493
normalization_to_ready,44,2,696350,696843,493
normalization_to_ready,44,3,697337,697830,493
normalization_to_ready,44,4,698324,698817,493
normalization_to_ready,44,5,699311,699804,493
normalization_to_ready,44,6,700298,700791,493
normalization_to_ready,44,7,701285,701778,493
normalization_to_ready,44,8,702272,702765,493
normalization_to_ready,44,9,703259,703752,493
normalization_to_ready,44,10,704246,704739,493
normalization_to_ready,44,11,705233,705726,493
normalization_to_ready,44,12,706220,706713,493
normalization_to_ready,44,13,707207,707700,493
normalization_to_ready,44,14,708194,708687,493
normalization_to_ready,44,15,709181,709674,493
normalization_to_ready,45,0,710168,710661,493
normalization_to_ready,45,1,711155,711648,493
normalization_to_ready,45,2,712142,712635,493
normalization_to_ready,45,3,713129,713622,493
normalization_to_ready,45,4,714116,714609,493
normalization_to_ready,45,5,715103,715596,493
normalization_to_ready,45,6,716090,716583,493
normalization_to_ready,45,7,717077,717570,493
normalization_to_ready,45,8,718064,718557,493
normalization_to_ready,45,9,719051,719544,493
normalization_to_ready,45,10,720038,720531,493
normalization_to_ready,45,11,721025,721518,493
normalization_to_ready,45,12,722012,722505,493
normalization_to_ready,45,13,722999,723492,493
normalization_to_ready,45,14,723986,724479,493
normalization_to_ready,45,15,724973,725466,493
normalization_to_ready,46,0,725960,726453,493
normalization_to_ready,46,1,726947,727440,493
normalization_to_ready,46,2,727934,728427,493
normalization_to_ready,46,3,728921,729414,493
normalization_to_ready,46,4,729908,730401,493
normalization_to_ready,46,5,730895,731388,493
normalization_to_ready,46,6,731882,732375,493
normalization_to_ready,46,7,732869,733362,493
normalization_to_ready,46,8,733856,734349,493
normalization_to_ready,46,9,734843,735336,493
normalization_to_ready,46,10,735830,736323,493
normalization_to_ready,46,11,736817,737310,493
normalization_to_ready,46,12,737804,738297,493
normalization_to_ready,46,13,738791,739284,493
normalization_to_ready,46,14,739778,740271,493
normalization_to_ready,46,15,740765,741258,493
normalization_to_ready,47,0,741752,742245,493
normalization_to_ready,47,1,742739,743232,493
normalization_to_ready,47,2,743726,744219,493
normalization_to_ready,47,3,744713,745206,493
normalization_to_ready,47,4,745700,746193,493
normalization_to_ready,47,5,746687,747180,493
normalization_to_ready,47,6,747674,748167,493
normalization_to_ready,47,7,748661,749154,493
normalization_to_ready,47,8,749648,750141,493
normalization_to_ready,47,9,750635,751128,493
normalization_to_ready,47,10,751622,752115,493
normalization_to_ready,47,11,752609,753102,493
normalization_to_ready,47,12,753596,754089,493
normalization_to_ready,47,13,754583,755076,493
normalization_to_ready,47,14,755570,756063,493
normalization_to_ready,47,15,756557,757050,493
normalization_to_ready,48,0,757544,758037,493
normalization_to_ready,48,1,758531,759024,493
normalization_to_ready,48,2,759518,760011,493
normalization_to_ready,48,3,760505,760998,493
normalization_to_ready,48,4,761492,761985,493
normalization_to_ready,48,5,762479,762972,493
normalization_to_ready,48,6,763466,763959,493
normalization_to_ready,48,7,764453,764946,493
normalization_to_ready,48,8,765440,765933,493
normalization_to_ready,48,9,766427,766920,493
normalization_to_ready,48,10,767414,767907,493
normalization_to_ready,48,11,768401,768894,493
normalization_to_ready,48,12,769388,769881,493
normalization_to_ready,48,13,770375,770868,493
normalization_to_ready,48,14,771362,771855,493
normalization_to_ready,48,15,772349,772842,493
normalization_to_ready,49,0,773336,773829,493
normalization_to_ready,49,1,774323,774816,493
normalization_to_ready,49,2,775310,775803,493
normalization_to_ready,49,3,776297,776790,493
normalization_to_ready,49,4,777284,777777,493
normalization_to_ready,49,5,778271,778764,493
normalization_to_ready,49,6,779258,779751,493
normalization_to_ready,49,7,780245,780738,493
normalization_to_ready,49,8,781232,781725,493
normalization_to_ready,49,9,782219,782712,493
normalization_to_ready,49,10,783206,783699,493
normalization_to_ready,49,11,784193,784686,493
normalization_to_ready,49,12,785180,785673,493
normalization_to_ready,49,13,786167,786660,493
normalization_to_ready,49,14,787154,787647,493
normalization_to_ready,49,15,788141,788634,493
normalization_to_ready,50,0,789128,789621,493
normalization_to_ready,50,1,790115,790608,493
normalization_to_ready,50,2,791102,791595,493
normalization_to_ready,50,3,792089,792582,493
normalization_to_ready,50,4,793076,793569,493
normalization_to_ready,50,5,794063,794556,493
normalization_to_ready,50,6,795050,795543,493
normalization_to_ready,50,7,796037,796530,493
normalization_to_ready,50,8,797024,797517,493
normalization_to_ready,50,9,798011,798504,493
normalization_to_ready,50,10,798998,799491,493
normalization_to_ready,50,11,799985,800478,493
normalization_to_ready,50,12,800972,801465,493
normalization_to_ready,50,13,801959,802452,493
normalization_to_ready,50,14,802946,803439,493
normalization_to_ready,50,15,803933,804426,493
normalization_to_ready,51,0,804920,805413,493
normalization_to_ready,51,1,805907,806400,493
normalization_to_ready,51,2,806894,807387,493
normalization_to_ready,51,3,807881,808374,493
normalization_to_ready,51,4,808868,809361,493
normalization_to_ready,51,5,809855,810348,493
normalization_to_ready,51,6,810842,811335,493
normalization_to_ready,51,7,811829,812322,493
normalization_to_ready,51,8,812816,813309,493
normalization_to_ready,51,9,813803,814296,493
normalization_to_ready,51,10,814790,815283,493
normalization_to_ready,51,11,815777,816270,493
normalization_to_ready,51,12,816764,817257,493
normalization_to_ready,51,13,817751,818244,493
normalization_to_ready,51,14,818738,819231,493
normalization_to_ready,51,15,819725,820218,493
normalization_to_ready,52,0,820712,821205,493
normalization_to_ready,52,1,821699,822192,493
normalization_to_ready,52,2,822686,823179,493
normalization_to_ready,52,3,823673,824166,493
normalization_to_ready,52,4,824660,825153,493
normalization_to_ready,52,5,825647,826140,493
normalization_to_ready,52,6,826634,827127,493
normalization_to_ready,52,7,827621,828114,493
normalization_to_ready,52,8,828608,829101,493
normalization_to_ready,52,9,829595,830088,493
normalization_to_ready,52,10,830582,831075,493
normalization_to_ready,52,11,831569,832062,493
normalization_to_ready,52,12,832556,833049,493
normalization_to_ready,52,13,833543,834036,493
normalization_to_ready,52,14,834530,835023,493
normalization_to_ready,52,15,835517,836010,493
normalization_to_ready,53,0,836504,836997,493
normalization_to_ready,53,1,837491,837984,493
normalization_to_ready,53,2,838478,838971,493
normalization_to_ready,53,3,839465,839958,493
normalization_to_ready,53,4,840452,840945,493
normalization_to_ready,53,5,841439,841932,493
normalization_to_ready,53,6,842426,842919,493
normalization_to_ready,53,7,843413,843906,493
normalization_to_ready,53,8,844400,844893,493
normalization_to_ready,53,9,845387,845880,493
normalization_to_ready,53,10,846374,846867,493
normalization_to_ready,53,11,847361,847854,493
normalization_to_ready,53,12,848348,848841,493
normalization_to_ready,53,13,849335,849828,493
normalization_to_ready,53,14,850322,850815,493
normalization_to_ready,53,15,851309,851802,493
normalization_to_ready,54,0,852296,852789,493
normalization_to_ready,54,1,853283,853776,493
normalization_to_ready,54,2,854270,854763,493
normalization_to_ready,54,3,855257,855750,493
normalization_to_ready,54,4,856244,856737,493
normalization_to_ready,54,5,857231,857724,493
normalization_to_ready,54,6,858218,858711,493
normalization_to_ready,54,7,859205,859698,493
normalization_to_ready,54,8,860192,860685,493
normalization_to_ready,54,9,861179,861672,493
normalization_to_ready,54,10,862166,862659,493
normalization_to_ready,54,11,863153,863646,493
normalization_to_ready,54,12,864140,864633,493
normalization_to_ready,54,13,865127,865620,493
normalization_to_ready,54,14,866114,866607,493
normalization_to_ready,54,15,867101,867594,493
normalization_to_ready,55,0,868088,868581,493
normalization_to_ready,55,1,869075,869568,493
normalization_to_ready,55,2,870062,870555,493
normalization_to_ready,55,3,871049,871542,493
normalization_to_ready,55,4,872036,872529,493
normalization_to_ready,55,5,873023,873516,493
normalization_to_ready,55,6,874010,874503,493
normalization_to_ready,55,7,874997,875490,493
normalization_to_ready,55,8,875984,876477,493
normalization_to_ready,55,9,876971,877464,493
normalization_to_ready,55,10,877958,878451,493
normalization_to_ready,55,11,878945,879438,493
normalization_to_ready,55,12,879932,880425,493
normalization_to_ready,55,13,880919,881412,493
normalization_to_ready,55,14,881906,882399,493
normalization_to_ready,55,15,882893,883386,493
normalization_to_ready,56,0,883880,884373,493
normalization_to_ready,56,1,884867,885360,493
normalization_to_ready,56,2,885854,886347,493
normalization_to_ready,56,3,886841,887334,493
normalization_to_ready,56,4,887828,888321,493
normalization_to_ready,56,5,888815,889308,493
normalization_to_ready,56,6,889802,890295,493
normalization_to_ready,56,7,890789,891282,493
normalization_to_ready,56,8,891776,892269,493
normalization_to_ready,56,9,892763,893256,493
normalization_to_ready,56,10,893750,894243,493
normalization_to_ready,56,11,894737,895230,493
normalization_to_ready,56,12,895724,896217,493
normalization_to_ready,56,13,896711,897204,493
normalization_to_ready,56,14,897698,898191,493
normalization_to_ready,56,15,898685,899178,493
normalization_to_ready,57,0,899672,900165,493
normalization_to_ready,57,1,900659,901152,493
normalization_to_ready,57,2,901646,902139,493
normalization_to_ready,57,3,902633,903126,493
normalization_to_ready,57,4,903620,904113,493
normalization_to_ready,57,5,904607,905100,493
normalization_to_ready,57,6,905594,906087,493
normalization_to_ready,57,7,906581,907074,493
normalization_to_ready,57,8,907568,908061,493
normalization_to_ready,57,9,908555,909048,493
normalization_to_ready,57,10,909542,910035,493
normalization_to_ready,57,11,910529,911022,493
normalization_to_ready,57,12,911516,912009,493
normalization_to_ready,57,13,912503,912996,493
normalization_to_ready,57,14,913490,913983,493
normalization_to_ready,57,15,914477,914970,493
normalization_to_ready,58,0,915464,915957,493
normalization_to_ready,58,1,916451,916944,493
normalization_to_ready,58,2,917438,917931,493
normalization_to_ready,58,3,918425,918918,493
normalization_to_ready,58,4,919412,919905,493
normalization_to_ready,58,5,920399,920892,493
normalization_to_ready,58,6,921386,921879,493
normalization_to_ready,58,7,922373,922866,493
normalization_to_ready,58,8,923360,923853,493
normalization_to_ready,58,9,924347,924840,493
normalization_to_ready,58,10,925334,925827,493
normalization_to_ready,58,11,926321,926814,493
normalization_to_ready,58,12,927308,927801,493
normalization_to_ready,58,13,928295,928788,493
normalization_to_ready,58,14,929282,929775,493
normalization_to_ready,58,15,930269,930762,493
normalization_to_ready,59,0,931256,931749,493
normalization_to_ready,59,1,932243,932736,493
normalization_to_ready,59,2,933230,933723,493
normalization_to_ready,59,3,934217,934710,493
normalization_to_ready,59,4,935204,935697,493
normalization_to_ready,59,5,936191,936684,493
normalization_to_ready,59,6,937178,937671,493
normalization_to_ready,59,7,938165,938658,493
normalization_to_ready,59,8,939152,939645,493
normalization_to_ready,59,9,940139,940632,493
normalization_to_ready,59,10,941126,941619,493
normalization_to_ready,59,11,942113,942606,493
normalization_to_ready,59,12,943100,943593,493
normalization_to_ready,59,13,944087,944580,493
normalization_to_ready,59,14,945074,945567,493
normalization_to_ready,59,15,946061,946554,493
normalization_to_ready,60,0,947048,947541,493
normalization_to_ready,60,1,948035,948528,493
normalization_to_ready,60,2,949022,949515,493
normalization_to_ready,60,3,950009,950502,493
normalization_to_ready,60,4,950996,951489,493
normalization_to_ready,60,5,951983,952476,493
normalization_to_ready,60,6,952970,953463,493
normalization_to_ready,60,7,953957,954450,493
normalization_to_ready,60,8,954944,955437,493
normalization_to_ready,60,9,955931,956424,493
normalization_to_ready,60,10,956918,957411,493
normalization_to_ready,60,11,957905,958398,493
normalization_to_ready,60,12,958892,959385,493
normalization_to_ready,60,13,959879,960372,493
normalization_to_ready,60,14,960866,961359,493
normalization_to_ready,60,15,961853,962346,493
normalization_to_ready,61,0,962840,963333,493
normalization_to_ready,61,1,963827,964320,493
normalization_to_ready,61,2,964814,965307,493
normalization_to_ready,61,3,965801,966294,493
normalization_to_ready,61,4,966788,967281,493
normalization_to_ready,61,5,967775,968268,493
normalization_to_ready,61,6,968762,969255,493
normalization_to_ready,61,7,969749,970242,493
normalization_to_ready,61,8,970736,971229,493
normalization_to_ready,61,9,971723,972216,493
normalization_to_ready,61,10,972710,973203,493
normalization_to_ready,61,11,973697,974190,493
normalization_to_ready,61,12,974684,975177,493
normalization_to_ready,61,13,975671,976164,493
normalization_to_ready,61,14,976658,977151,493
normalization_to_ready,61,15,977645,978138,493
normalization_to_ready,62,0,978632,979125,493
normalization_to_ready,62,1,979619,980112,493
normalization_to_ready,62,2,980606,981099,493
normalization_to_ready,62,3,981593,982086,493
normalization_to_ready,62,4,982580,983073,493
normalization_to_ready,62,5,983567,984060,493
normalization_to_ready,62,6,984554,985047,493
normalization_to_ready,62,7,985541,986034,493
normalization_to_ready,62,8,986528,987021,493
normalization_to_ready,62,9,987515,988008,493
normalization_to_ready,62,10,988502,988995,493
normalization_to_ready,62,11,989489,989982,493
normalization_to_ready,62,12,990476,990969,493
normalization_to_ready,62,13,991463,991956,493
normalization_to_ready,62,14,992450,992943,493
normalization_to_ready,62,15,993437,993930,493
normalization_to_ready,63,0,994424,994917,493
normalization_to_ready,63,1,995411,995904,493
normalization_to_ready,63,2,996398,996891,493
normalization_to_ready,63,3,997385,997878,493
normalization_to_ready,63,4,998372,998865,493
normalization_to_ready,63,5,999359,999852,493
normalization_to_ready,63,6,1000346,1000839,493
normalization_to_ready,63,7,1001333,1001826,493
normalization_to_ready,63,8,1002320,1002813,493
normalization_to_ready,63,9,1003307,1003800,493
normalization_to_ready,63,10,1004294,1004787,493
normalization_to_ready,63,11,1005281,1005774,493
normalization_to_ready,63,12,1006268,1006761,493
normalization_to_ready,63,13,1007255,1007748,493
normalization_to_ready,63,14,1008242,1008735,493
normalization_to_ready,63,15,1009229,1009722,493
normalization_output_wait,0,0,1006,1007,1
normalization_output_wait,0,1,1411,1994,583
normalization_output_wait,0,2,1995,2981,986
normalization_output_wait,0,3,2982,3968,986
normalization_output_wait,0,4,3969,4955,986
normalization_output_wait,0,5,4956,5942,986
normalization_output_wait,0,6,5943,6929,986
normalization_output_wait,0,7,6930,7916,986
normalization_output_wait,0,8,7917,8903,986
normalization_output_wait,0,9,8904,9890,986
normalization_output_wait,0,10,9891,10877,986
normalization_output_wait,0,11,10878,11864,986
normalization_output_wait,0,12,11865,12851,986
normalization_output_wait,0,13,12852,13838,986
normalization_output_wait,0,14,13839,14825,986
normalization_output_wait,0,15,14826,15812,986
normalization_output_wait,1,0,15813,16799,986
normalization_output_wait,1,1,16800,17786,986
normalization_output_wait,1,2,17787,18773,986
normalization_output_wait,1,3,18774,19760,986
normalization_output_wait,1,4,19761,20747,986
normalization_output_wait,1,5,20748,21734,986
normalization_output_wait,1,6,21735,22721,986
normalization_output_wait,1,7,22722,23708,986
normalization_output_wait,1,8,23709,24695,986
normalization_output_wait,1,9,24696,25682,986
normalization_output_wait,1,10,25683,26669,986
normalization_output_wait,1,11,26670,27656,986
normalization_output_wait,1,12,27657,28643,986
normalization_output_wait,1,13,28644,29630,986
normalization_output_wait,1,14,29631,30617,986
normalization_output_wait,1,15,30618,31604,986
normalization_output_wait,2,0,31605,32591,986
normalization_output_wait,2,1,32592,33578,986
normalization_output_wait,2,2,33579,34565,986
normalization_output_wait,2,3,34566,35552,986
normalization_output_wait,2,4,35553,36539,986
normalization_output_wait,2,5,36540,37526,986
normalization_output_wait,2,6,37527,38513,986
normalization_output_wait,2,7,38514,39500,986
normalization_output_wait,2,8,39501,40487,986
normalization_output_wait,2,9,40488,41474,986
normalization_output_wait,2,10,41475,42461,986
normalization_output_wait,2,11,42462,43448,986
normalization_output_wait,2,12,43449,44435,986
normalization_output_wait,2,13,44436,45422,986
normalization_output_wait,2,14,45423,46409,986
normalization_output_wait,2,15,46410,47396,986
normalization_output_wait,3,0,47397,48383,986
normalization_output_wait,3,1,48384,49370,986
normalization_output_wait,3,2,49371,50357,986
normalization_output_wait,3,3,50358,51344,986
normalization_output_wait,3,4,51345,52331,986
normalization_output_wait,3,5,52332,53318,986
normalization_output_wait,3,6,53319,54305,986
normalization_output_wait,3,7,54306,55292,986
normalization_output_wait,3,8,55293,56279,986
normalization_output_wait,3,9,56280,57266,986
normalization_output_wait,3,10,57267,58253,986
normalization_output_wait,3,11,58254,59240,986
normalization_output_wait,3,12,59241,60227,986
normalization_output_wait,3,13,60228,61214,986
normalization_output_wait,3,14,61215,62201,986
normalization_output_wait,3,15,62202,63188,986
normalization_output_wait,4,0,63189,64175,986
normalization_output_wait,4,1,64176,65162,986
normalization_output_wait,4,2,65163,66149,986
normalization_output_wait,4,3,66150,67136,986
normalization_output_wait,4,4,67137,68123,986
normalization_output_wait,4,5,68124,69110,986
normalization_output_wait,4,6,69111,70097,986
normalization_output_wait,4,7,70098,71084,986
normalization_output_wait,4,8,71085,72071,986
normalization_output_wait,4,9,72072,73058,986
normalization_output_wait,4,10,73059,74045,986
normalization_output_wait,4,11,74046,75032,986
normalization_output_wait,4,12,75033,76019,986
normalization_output_wait,4,13,76020,77006,986
normalization_output_wait,4,14,77007,77993,986
normalization_output_wait,4,15,77994,78980,986
normalization_output_wait,5,0,78981,79967,986
normalization_output_wait,5,1,79968,80954,986
normalization_output_wait,5,2,80955,81941,986
normalization_output_wait,5,3,81942,82928,986
normalization_output_wait,5,4,82929,83915,986
normalization_output_wait,5,5,83916,84902,986
normalization_output_wait,5,6,84903,85889,986
normalization_output_wait,5,7,85890,86876,986
normalization_output_wait,5,8,86877,87863,986
normalization_output_wait,5,9,87864,88850,986
normalization_output_wait,5,10,88851,89837,986
normalization_output_wait,5,11,89838,90824,986
normalization_output_wait,5,12,90825,91811,986
normalization_output_wait,5,13,91812,92798,986
normalization_output_wait,5,14,92799,93785,986
normalization_output_wait,5,15,93786,94772,986
normalization_output_wait,6,0,94773,95759,986
normalization_output_wait,6,1,95760,96746,986
normalization_output_wait,6,2,96747,97733,986
normalization_output_wait,6,3,97734,98720,986
normalization_output_wait,6,4,98721,99707,986
normalization_output_wait,6,5,99708,100694,986
normalization_output_wait,6,6,100695,101681,986
normalization_output_wait,6,7,101682,102668,986
normalization_output_wait,6,8,102669,103655,986
normalization_output_wait,6,9,103656,104642,986
normalization_output_wait,6,10,104643,105629,986
normalization_output_wait,6,11,105630,106616,986
normalization_output_wait,6,12,106617,107603,986
normalization_output_wait,6,13,107604,108590,986
normalization_output_wait,6,14,108591,109577,986
normalization_output_wait,6,15,109578,110564,986
normalization_output_wait,7,0,110565,111551,986
normalization_output_wait,7,1,111552,112538,986
normalization_output_wait,7,2,112539,113525,986
normalization_output_wait,7,3,113526,114512,986
normalization_output_wait,7,4,114513,115499,986
normalization_output_wait,7,5,115500,116486,986
normalization_output_wait,7,6,116487,117473,986
normalization_output_wait,7,7,117474,118460,986
normalization_output_wait,7,8,118461,119447,986
normalization_output_wait,7,9,119448,120434,986
normalization_output_wait,7,10,120435,121421,986
normalization_output_wait,7,11,121422,122408,986
normalization_output_wait,7,12,122409,123395,986
normalization_output_wait,7,13,123396,124382,986
normalization_output_wait,7,14,124383,125369,986
normalization_output_wait,7,15,125370,126356,986
normalization_output_wait,8,0,126357,127343,986
normalization_output_wait,8,1,127344,128330,986
normalization_output_wait,8,2,128331,129317,986
normalization_output_wait,8,3,129318,130304,986
normalization_output_wait,8,4,130305,131291,986
normalization_output_wait,8,5,131292,132278,986
normalization_output_wait,8,6,132279,133265,986
normalization_output_wait,8,7,133266,134252,986
normalization_output_wait,8,8,134253,135239,986
normalization_output_wait,8,9,135240,136226,986
normalization_output_wait,8,10,136227,137213,986
normalization_output_wait,8,11,137214,138200,986
normalization_output_wait,8,12,138201,139187,986
normalization_output_wait,8,13,139188,140174,986
normalization_output_wait,8,14,140175,141161,986
normalization_output_wait,8,15,141162,142148,986
normalization_output_wait,9,0,142149,143135,986
normalization_output_wait,9,1,143136,144122,986
normalization_output_wait,9,2,144123,145109,986
normalization_output_wait,9,3,145110,146096,986
normalization_output_wait,9,4,146097,147083,986
normalization_output_wait,9,5,147084,148070,986
normalization_output_wait,9,6,148071,149057,986
normalization_output_wait,9,7,149058,150044,986
normalization_output_wait,9,8,150045,151031,986
normalization_output_wait,9,9,151032,152018,986
normalization_output_wait,9,10,152019,153005,986
normalization_output_wait,9,11,153006,153992,986
normalization_output_wait,9,12,153993,154979,986
normalization_output_wait,9,13,154980,155966,986
normalization_output_wait,9,14,155967,156953,986
normalization_output_wait,9,15,156954,157940,986
normalization_output_wait,10,0,157941,158927,986
normalization_output_wait,10,1,158928,159914,986
normalization_output_wait,10,2,159915,160901,986
normalization_output_wait,10,3,160902,161888,986
normalization_output_wait,10,4,161889,162875,986
normalization_output_wait,10,5,162876,163862,986
normalization_output_wait,10,6,163863,164849,986
normalization_output_wait,10,7,164850,165836,986
normalization_output_wait,10,8,165837,166823,986
normalization_output_wait,10,9,166824,167810,986
normalization_output_wait,10,10,167811,168797,986
normalization_output_wait,10,11,168798,169784,986
normalization_output_wait,10,12,169785,170771,986
normalization_output_wait,10,13,170772,171758,986
normalization_output_wait,10,14,171759,172745,986
normalization_output_wait,10,15,172746,173732,986
normalization_output_wait,11,0,173733,174719,986
normalization_output_wait,11,1,174720,175706,986
normalization_output_wait,11,2,175707,176693,986
normalization_output_wait,11,3,176694,177680,986
normalization_output_wait,11,4,177681,178667,986
normalization_output_wait,11,5,178668,179654,986
normalization_output_wait,11,6,179655,180641,986
normalization_output_wait,11,7,180642,181628,986
normalization_output_wait,11,8,181629,182615,986
normalization_output_wait,11,9,182616,183602,986
normalization_output_wait,11,10,183603,184589,986
normalization_output_wait,11,11,184590,185576,986
normalization_output_wait,11,12,185577,186563,986
normalization_output_wait,11,13,186564,187550,986
normalization_output_wait,11,14,187551,188537,986
normalization_output_wait,11,15,188538,189524,986
normalization_output_wait,12,0,189525,190511,986
normalization_output_wait,12,1,190512,191498,986
normalization_output_wait,12,2,191499,192485,986
normalization_output_wait,12,3,192486,193472,986
normalization_output_wait,12,4,193473,194459,986
normalization_output_wait,12,5,194460,195446,986
normalization_output_wait,12,6,195447,196433,986
normalization_output_wait,12,7,196434,197420,986
normalization_output_wait,12,8,197421,198407,986
normalization_output_wait,12,9,198408,199394,986
normalization_output_wait,12,10,199395,200381,986
normalization_output_wait,12,11,200382,201368,986
normalization_output_wait,12,12,201369,202355,986
normalization_output_wait,12,13,202356,203342,986
normalization_output_wait,12,14,203343,204329,986
normalization_output_wait,12,15,204330,205316,986
normalization_output_wait,13,0,205317,206303,986
normalization_output_wait,13,1,206304,207290,986
normalization_output_wait,13,2,207291,208277,986
normalization_output_wait,13,3,208278,209264,986
normalization_output_wait,13,4,209265,210251,986
normalization_output_wait,13,5,210252,211238,986
normalization_output_wait,13,6,211239,212225,986
normalization_output_wait,13,7,212226,213212,986
normalization_output_wait,13,8,213213,214199,986
normalization_output_wait,13,9,214200,215186,986
normalization_output_wait,13,10,215187,216173,986
normalization_output_wait,13,11,216174,217160,986
normalization_output_wait,13,12,217161,218147,986
normalization_output_wait,13,13,218148,219134,986
normalization_output_wait,13,14,219135,220121,986
normalization_output_wait,13,15,220122,221108,986
normalization_output_wait,14,0,221109,222095,986
normalization_output_wait,14,1,222096,223082,986
normalization_output_wait,14,2,223083,224069,986
normalization_output_wait,14,3,224070,225056,986
normalization_output_wait,14,4,225057,226043,986
normalization_output_wait,14,5,226044,227030,986
normalization_output_wait,14,6,227031,228017,986
normalization_output_wait,14,7,228018,229004,986
normalization_output_wait,14,8,229005,229991,986
normalization_output_wait,14,9,229992,230978,986
normalization_output_wait,14,10,230979,231965,986
normalization_output_wait,14,11,231966,232952,986
normalization_output_wait,14,12,232953,233939,986
normalization_output_wait,14,13,233940,234926,986
normalization_output_wait,14,14,234927,235913,986
normalization_output_wait,14,15,235914,236900,986
normalization_output_wait,15,0,236901,237887,986
normalization_output_wait,15,1,237888,238874,986
normalization_output_wait,15,2,238875,239861,986
normalization_output_wait,15,3,239862,240848,986
normalization_output_wait,15,4,240849,241835,986
normalization_output_wait,15,5,241836,242822,986
normalization_output_wait,15,6,242823,243809,986
normalization_output_wait,15,7,243810,244796,986
normalization_output_wait,15,8,244797,245783,986
normalization_output_wait,15,9,245784,246770,986
normalization_output_wait,15,10,246771,247757,986
normalization_output_wait,15,11,247758,248744,986
normalization_output_wait,15,12,248745,249731,986
normalization_output_wait,15,13,249732,250718,986
normalization_output_wait,15,14,250719,251705,986
normalization_output_wait,15,15,251706,252692,986
normalization_output_wait,16,0,252693,253679,986
normalization_output_wait,16,1,253680,254666,986
normalization_output_wait,16,2,254667,255653,986
normalization_output_wait,16,3,255654,256640,986
normalization_output_wait,16,4,256641,257627,986
normalization_output_wait,16,5,257628,258614,986
normalization_output_wait,16,6,258615,259601,986
normalization_output_wait,16,7,259602,260588,986
normalization_output_wait,16,8,260589,261575,986
normalization_output_wait,16,9,261576,262562,986
normalization_output_wait,16,10,262563,263549,986
normalization_output_wait,16,11,263550,264536,986
normalization_output_wait,16,12,264537,265523,986
normalization_output_wait,16,13,265524,266510,986
normalization_output_wait,16,14,266511,267497,986
normalization_output_wait,16,15,267498,268484,986
normalization_output_wait,17,0,268485,269471,986
normalization_output_wait,17,1,269472,270458,986
normalization_output_wait,17,2,270459,271445,986
normalization_output_wait,17,3,271446,272432,986
normalization_output_wait,17,4,272433,273419,986
normalization_output_wait,17,5,273420,274406,986
normalization_output_wait,17,6,274407,275393,986
normalization_output_wait,17,7,275394,276380,986
normalization_output_wait,17,8,276381,277367,986
normalization_output_wait,17,9,277368,278354,986
normalization_output_wait,17,10,278355,279341,986
normalization_output_wait,17,11,279342,280328,986
normalization_output_wait,17,12,280329,281315,986
normalization_output_wait,17,13,281316,282302,986
normalization_output_wait,17,14,282303,283289,986
normalization_output_wait,17,15,283290,284276,986
normalization_output_wait,18,0,284277,285263,986
normalization_output_wait,18,1,285264,286250,986
normalization_output_wait,18,2,286251,287237,986
normalization_output_wait,18,3,287238,288224,986
normalization_output_wait,18,4,288225,289211,986
normalization_output_wait,18,5,289212,290198,986
normalization_output_wait,18,6,290199,291185,986
normalization_output_wait,18,7,291186,292172,986
normalization_output_wait,18,8,292173,293159,986
normalization_output_wait,18,9,293160,294146,986
normalization_output_wait,18,10,294147,295133,986
normalization_output_wait,18,11,295134,296120,986
normalization_output_wait,18,12,296121,297107,986
normalization_output_wait,18,13,297108,298094,986
normalization_output_wait,18,14,298095,299081,986
normalization_output_wait,18,15,299082,300068,986
normalization_output_wait,19,0,300069,301055,986
normalization_output_wait,19,1,301056,302042,986
normalization_output_wait,19,2,302043,303029,986
normalization_output_wait,19,3,303030,304016,986
normalization_output_wait,19,4,304017,305003,986
normalization_output_wait,19,5,305004,305990,986
normalization_output_wait,19,6,305991,306977,986
normalization_output_wait,19,7,306978,307964,986
normalization_output_wait,19,8,307965,308951,986
normalization_output_wait,19,9,308952,309938,986
normalization_output_wait,19,10,309939,310925,986
normalization_output_wait,19,11,310926,311912,986
normalization_output_wait,19,12,311913,312899,986
normalization_output_wait,19,13,312900,313886,986
normalization_output_wait,19,14,313887,314873,986
normalization_output_wait,19,15,314874,315860,986
normalization_output_wait,20,0,315861,316847,986
normalization_output_wait,20,1,316848,317834,986
normalization_output_wait,20,2,317835,318821,986
normalization_output_wait,20,3,318822,319808,986
normalization_output_wait,20,4,319809,320795,986
normalization_output_wait,20,5,320796,321782,986
normalization_output_wait,20,6,321783,322769,986
normalization_output_wait,20,7,322770,323756,986
normalization_output_wait,20,8,323757,324743,986
normalization_output_wait,20,9,324744,325730,986
normalization_output_wait,20,10,325731,326717,986
normalization_output_wait,20,11,326718,327704,986
normalization_output_wait,20,12,327705,328691,986
normalization_output_wait,20,13,328692,329678,986
normalization_output_wait,20,14,329679,330665,986
normalization_output_wait,20,15,330666,331652,986
normalization_output_wait,21,0,331653,332639,986
normalization_output_wait,21,1,332640,333626,986
normalization_output_wait,21,2,333627,334613,986
normalization_output_wait,21,3,334614,335600,986
normalization_output_wait,21,4,335601,336587,986
normalization_output_wait,21,5,336588,337574,986
normalization_output_wait,21,6,337575,338561,986
normalization_output_wait,21,7,338562,339548,986
normalization_output_wait,21,8,339549,340535,986
normalization_output_wait,21,9,340536,341522,986
normalization_output_wait,21,10,341523,342509,986
normalization_output_wait,21,11,342510,343496,986
normalization_output_wait,21,12,343497,344483,986
normalization_output_wait,21,13,344484,345470,986
normalization_output_wait,21,14,345471,346457,986
normalization_output_wait,21,15,346458,347444,986
normalization_output_wait,22,0,347445,348431,986
normalization_output_wait,22,1,348432,349418,986
normalization_output_wait,22,2,349419,350405,986
normalization_output_wait,22,3,350406,351392,986
normalization_output_wait,22,4,351393,352379,986
normalization_output_wait,22,5,352380,353366,986
normalization_output_wait,22,6,353367,354353,986
normalization_output_wait,22,7,354354,355340,986
normalization_output_wait,22,8,355341,356327,986
normalization_output_wait,22,9,356328,357314,986
normalization_output_wait,22,10,357315,358301,986
normalization_output_wait,22,11,358302,359288,986
normalization_output_wait,22,12,359289,360275,986
normalization_output_wait,22,13,360276,361262,986
normalization_output_wait,22,14,361263,362249,986
normalization_output_wait,22,15,362250,363236,986
normalization_output_wait,23,0,363237,364223,986
normalization_output_wait,23,1,364224,365210,986
normalization_output_wait,23,2,365211,366197,986
normalization_output_wait,23,3,366198,367184,986
normalization_output_wait,23,4,367185,368171,986
normalization_output_wait,23,5,368172,369158,986
normalization_output_wait,23,6,369159,370145,986
normalization_output_wait,23,7,370146,371132,986
normalization_output_wait,23,8,371133,372119,986
normalization_output_wait,23,9,372120,373106,986
normalization_output_wait,23,10,373107,374093,986
normalization_output_wait,23,11,374094,375080,986
normalization_output_wait,23,12,375081,376067,986
normalization_output_wait,23,13,376068,377054,986
normalization_output_wait,23,14,377055,378041,986
normalization_output_wait,23,15,378042,379028,986
normalization_output_wait,24,0,379029,380015,986
normalization_output_wait,24,1,380016,381002,986
normalization_output_wait,24,2,381003,381989,986
normalization_output_wait,24,3,381990,382976,986
normalization_output_wait,24,4,382977,383963,986
normalization_output_wait,24,5,383964,384950,986
normalization_output_wait,24,6,384951,385937,986
normalization_output_wait,24,7,385938,386924,986
normalization_output_wait,24,8,386925,387911,986
normalization_output_wait,24,9,387912,388898,986
normalization_output_wait,24,10,388899,389885,986
normalization_output_wait,24,11,389886,390872,986
normalization_output_wait,24,12,390873,391859,986
normalization_output_wait,24,13,391860,392846,986
normalization_output_wait,24,14,392847,393833,986
normalization_output_wait,24,15,393834,394820,986
normalization_output_wait,25,0,394821,395807,986
normalization_output_wait,25,1,395808,396794,986
normalization_output_wait,25,2,396795,397781,986
normalization_output_wait,25,3,397782,398768,986
normalization_output_wait,25,4,398769,399755,986
normalization_output_wait,25,5,399756,400742,986
normalization_output_wait,25,6,400743,401729,986
normalization_output_wait,25,7,401730,402716,986
normalization_output_wait,25,8,402717,403703,986
normalization_output_wait,25,9,403704,404690,986
normalization_output_wait,25,10,404691,405677,986
normalization_output_wait,25,11,405678,406664,986
normalization_output_wait,25,12,406665,407651,986
normalization_output_wait,25,13,407652,408638,986
normalization_output_wait,25,14,408639,409625,986
normalization_output_wait,25,15,409626,410612,986
normalization_output_wait,26,0,410613,411599,986
normalization_output_wait,26,1,411600,412586,986
normalization_output_wait,26,2,412587,413573,986
normalization_output_wait,26,3,413574,414560,986
normalization_output_wait,26,4,414561,415547,986
normalization_output_wait,26,5,415548,416534,986
normalization_output_wait,26,6,416535,417521,986
normalization_output_wait,26,7,417522,418508,986
normalization_output_wait,26,8,418509,419495,986
normalization_output_wait,26,9,419496,420482,986
normalization_output_wait,26,10,420483,421469,986
normalization_output_wait,26,11,421470,422456,986
normalization_output_wait,26,12,422457,423443,986
normalization_output_wait,26,13,423444,424430,986
normalization_output_wait,26,14,424431,425417,986
normalization_output_wait,26,15,425418,426404,986
normalization_output_wait,27,0,426405,427391,986
normalization_output_wait,27,1,427392,428378,986
normalization_output_wait,27,2,428379,429365,986
normalization_output_wait,27,3,429366,430352,986
normalization_output_wait,27,4,430353,431339,986
normalization_output_wait,27,5,431340,432326,986
normalization_output_wait,27,6,432327,433313,986
normalization_output_wait,27,7,433314,434300,986
normalization_output_wait,27,8,434301,435287,986
normalization_output_wait,27,9,435288,436274,986
normalization_output_wait,27,10,436275,437261,986
normalization_output_wait,27,11,437262,438248,986
normalization_output_wait,27,12,438249,439235,986
normalization_output_wait,27,13,439236,440222,986
normalization_output_wait,27,14,440223,441209,986
normalization_output_wait,27,15,441210,442196,986
normalization_output_wait,28,0,442197,443183,986
normalization_output_wait,28,1,443184,444170,986
normalization_output_wait,28,2,444171,445157,986
normalization_output_wait,28,3,445158,446144,986
normalization_output_wait,28,4,446145,447131,986
normalization_output_wait,28,5,447132,448118,986
normalization_output_wait,28,6,448119,449105,986
normalization_output_wait,28,7,449106,450092,986
normalization_output_wait,28,8,450093,451079,986
normalization_output_wait,28,9,451080,452066,986
normalization_output_wait,28,10,452067,453053,986
normalization_output_wait,28,11,453054,454040,986
normalization_output_wait,28,12,454041,455027,986
normalization_output_wait,28,13,455028,456014,986
normalization_output_wait,28,14,456015,457001,986
normalization_output_wait,28,15,457002,457988,986
normalization_output_wait,29,0,457989,458975,986
normalization_output_wait,29,1,458976,459962,986
normalization_output_wait,29,2,459963,460949,986
normalization_output_wait,29,3,460950,461936,986
normalization_output_wait,29,4,461937,462923,986
normalization_output_wait,29,5,462924,463910,986
normalization_output_wait,29,6,463911,464897,986
normalization_output_wait,29,7,464898,465884,986
normalization_output_wait,29,8,465885,466871,986
normalization_output_wait,29,9,466872,467858,986
normalization_output_wait,29,10,467859,468845,986
normalization_output_wait,29,11,468846,469832,986
normalization_output_wait,29,12,469833,470819,986
normalization_output_wait,29,13,470820,471806,986
normalization_output_wait,29,14,471807,472793,986
normalization_output_wait,29,15,472794,473780,986
normalization_output_wait,30,0,473781,474767,986
normalization_output_wait,30,1,474768,475754,986
normalization_output_wait,30,2,475755,476741,986
normalization_output_wait,30,3,476742,477728,986
normalization_output_wait,30,4,477729,478715,986
normalization_output_wait,30,5,478716,479702,986
normalization_output_wait,30,6,479703,480689,986
normalization_output_wait,30,7,480690,481676,986
normalization_output_wait,30,8,481677,482663,986
normalization_output_wait,30,9,482664,483650,986
normalization_output_wait,30,10,483651,484637,986
normalization_output_wait,30,11,484638,485624,986
normalization_output_wait,30,12,485625,486611,986
normalization_output_wait,30,13,486612,487598,986
normalization_output_wait,30,14,487599,488585,986
normalization_output_wait,30,15,488586,489572,986
normalization_output_wait,31,0,489573,490559,986
normalization_output_wait,31,1,490560,491546,986
normalization_output_wait,31,2,491547,492533,986
normalization_output_wait,31,3,492534,493520,986
normalization_output_wait,31,4,493521,494507,986
normalization_output_wait,31,5,494508,495494,986
normalization_output_wait,31,6,495495,496481,986
normalization_output_wait,31,7,496482,497468,986
normalization_output_wait,31,8,497469,498455,986
normalization_output_wait,31,9,498456,499442,986
normalization_output_wait,31,10,499443,500429,986
normalization_output_wait,31,11,500430,501416,986
normalization_output_wait,31,12,501417,502403,986
normalization_output_wait,31,13,502404,503390,986
normalization_output_wait,31,14,503391,504377,986
normalization_output_wait,31,15,504378,505364,986
normalization_output_wait,32,0,505365,506351,986
normalization_output_wait,32,1,506352,507338,986
normalization_output_wait,32,2,507339,508325,986
normalization_output_wait,32,3,508326,509312,986
normalization_output_wait,32,4,509313,510299,986
normalization_output_wait,32,5,510300,511286,986
normalization_output_wait,32,6,511287,512273,986
normalization_output_wait,32,7,512274,513260,986
normalization_output_wait,32,8,513261,514247,986
normalization_output_wait,32,9,514248,515234,986
normalization_output_wait,32,10,515235,516221,986
normalization_output_wait,32,11,516222,517208,986
normalization_output_wait,32,12,517209,518195,986
normalization_output_wait,32,13,518196,519182,986
normalization_output_wait,32,14,519183,520169,986
normalization_output_wait,32,15,520170,521156,986
normalization_output_wait,33,0,521157,522143,986
normalization_output_wait,33,1,522144,523130,986
normalization_output_wait,33,2,523131,524117,986
normalization_output_wait,33,3,524118,525104,986
normalization_output_wait,33,4,525105,526091,986
normalization_output_wait,33,5,526092,527078,986
normalization_output_wait,33,6,527079,528065,986
normalization_output_wait,33,7,528066,529052,986
normalization_output_wait,33,8,529053,530039,986
normalization_output_wait,33,9,530040,531026,986
normalization_output_wait,33,10,531027,532013,986
normalization_output_wait,33,11,532014,533000,986
normalization_output_wait,33,12,533001,533987,986
normalization_output_wait,33,13,533988,534974,986
normalization_output_wait,33,14,534975,535961,986
normalization_output_wait,33,15,535962,536948,986
normalization_output_wait,34,0,536949,537935,986
normalization_output_wait,34,1,537936,538922,986
normalization_output_wait,34,2,538923,539909,986
normalization_output_wait,34,3,539910,540896,986
normalization_output_wait,34,4,540897,541883,986
normalization_output_wait,34,5,541884,542870,986
normalization_output_wait,34,6,542871,543857,986
normalization_output_wait,34,7,543858,544844,986
normalization_output_wait,34,8,544845,545831,986
normalization_output_wait,34,9,545832,546818,986
normalization_output_wait,34,10,546819,547805,986
normalization_output_wait,34,11,547806,548792,986
normalization_output_wait,34,12,548793,549779,986
normalization_output_wait,34,13,549780,550766,986
normalization_output_wait,34,14,550767,551753,986
normalization_output_wait,34,15,551754,552740,986
normalization_output_wait,35,0,552741,553727,986
normalization_output_wait,35,1,553728,554714,986
normalization_output_wait,35,2,554715,555701,986
normalization_output_wait,35,3,555702,556688,986
normalization_output_wait,35,4,556689,557675,986
normalization_output_wait,35,5,557676,558662,986
normalization_output_wait,35,6,558663,559649,986
normalization_output_wait,35,7,559650,560636,986
normalization_output_wait,35,8,560637,561623,986
normalization_output_wait,35,9,561624,562610,986
normalization_output_wait,35,10,562611,563597,986
normalization_output_wait,35,11,563598,564584,986
normalization_output_wait,35,12,564585,565571,986
normalization_output_wait,35,13,565572,566558,986
normalization_output_wait,35,14,566559,567545,986
normalization_output_wait,35,15,567546,568532,986
normalization_output_wait,36,0,568533,569519,986
normalization_output_wait,36,1,569520,570506,986
normalization_output_wait,36,2,570507,571493,986
normalization_output_wait,36,3,571494,572480,986
normalization_output_wait,36,4,572481,573467,986
normalization_output_wait,36,5,573468,574454,986
normalization_output_wait,36,6,574455,575441,986
normalization_output_wait,36,7,575442,576428,986
normalization_output_wait,36,8,576429,577415,986
normalization_output_wait,36,9,577416,578402,986
normalization_output_wait,36,10,578403,579389,986
normalization_output_wait,36,11,579390,580376,986
normalization_output_wait,36,12,580377,581363,986
normalization_output_wait,36,13,581364,582350,986
normalization_output_wait,36,14,582351,583337,986
normalization_output_wait,36,15,583338,584324,986
normalization_output_wait,37,0,584325,585311,986
normalization_output_wait,37,1,585312,586298,986
normalization_output_wait,37,2,586299,587285,986
normalization_output_wait,37,3,587286,588272,986
normalization_output_wait,37,4,588273,589259,986
normalization_output_wait,37,5,589260,590246,986
normalization_output_wait,37,6,590247,591233,986
normalization_output_wait,37,7,591234,592220,986
normalization_output_wait,37,8,592221,593207,986
normalization_output_wait,37,9,593208,594194,986
normalization_output_wait,37,10,594195,595181,986
normalization_output_wait,37,11,595182,596168,986
normalization_output_wait,37,12,596169,597155,986
normalization_output_wait,37,13,597156,598142,986
normalization_output_wait,37,14,598143,599129,986
normalization_output_wait,37,15,599130,600116,986
normalization_output_wait,38,0,600117,601103,986
normalization_output_wait,38,1,601104,602090,986
normalization_output_wait,38,2,602091,603077,986
normalization_output_wait,38,3,603078,604064,986
normalization_output_wait,38,4,604065,605051,986
normalization_output_wait,38,5,605052,606038,986
normalization_output_wait,38,6,606039,607025,986
normalization_output_wait,38,7,607026,608012,986
normalization_output_wait,38,8,608013,608999,986
normalization_output_wait,38,9,609000,609986,986
normalization_output_wait,38,10,609987,610973,986
normalization_output_wait,38,11,610974,611960,986
normalization_output_wait,38,12,611961,612947,986
normalization_output_wait,38,13,612948,613934,986
normalization_output_wait,38,14,613935,614921,986
normalization_output_wait,38,15,614922,615908,986
normalization_output_wait,39,0,615909,616895,986
normalization_output_wait,39,1,616896,617882,986
normalization_output_wait,39,2,617883,618869,986
normalization_output_wait,39,3,618870,619856,986
normalization_output_wait,39,4,619857,620843,986
normalization_output_wait,39,5,620844,621830,986
normalization_output_wait,39,6,621831,622817,986
normalization_output_wait,39,7,622818,623804,986
normalization_output_wait,39,8,623805,624791,986
normalization_output_wait,39,9,624792,625778,986
normalization_output_wait,39,10,625779,626765,986
normalization_output_wait,39,11,626766,627752,986
normalization_output_wait,39,12,627753,628739,986
normalization_output_wait,39,13,628740,629726,986
normalization_output_wait,39,14,629727,630713,986
normalization_output_wait,39,15,630714,631700,986
normalization_output_wait,40,0,631701,632687,986
normalization_output_wait,40,1,632688,633674,986
normalization_output_wait,40,2,633675,634661,986
normalization_output_wait,40,3,634662,635648,986
normalization_output_wait,40,4,635649,636635,986
normalization_output_wait,40,5,636636,637622,986
normalization_output_wait,40,6,637623,638609,986
normalization_output_wait,40,7,638610,639596,986
normalization_output_wait,40,8,639597,640583,986
normalization_output_wait,40,9,640584,641570,986
normalization_output_wait,40,10,641571,642557,986
normalization_output_wait,40,11,642558,643544,986
normalization_output_wait,40,12,643545,644531,986
normalization_output_wait,40,13,644532,645518,986
normalization_output_wait,40,14,645519,646505,986
normalization_output_wait,40,15,646506,647492,986
normalization_output_wait,41,0,647493,648479,986
normalization_output_wait,41,1,648480,649466,986
normalization_output_wait,41,2,649467,650453,986
normalization_output_wait,41,3,650454,651440,986
normalization_output_wait,41,4,651441,652427,986
normalization_output_wait,41,5,652428,653414,986
normalization_output_wait,41,6,653415,654401,986
normalization_output_wait,41,7,654402,655388,986
normalization_output_wait,41,8,655389,656375,986
normalization_output_wait,41,9,656376,657362,986
normalization_output_wait,41,10,657363,658349,986
normalization_output_wait,41,11,658350,659336,986
normalization_output_wait,41,12,659337,660323,986
normalization_output_wait,41,13,660324,661310,986
normalization_output_wait,41,14,661311,662297,986
normalization_output_wait,41,15,662298,663284,986
normalization_output_wait,42,0,663285,664271,986
normalization_output_wait,42,1,664272,665258,986
normalization_output_wait,42,2,665259,666245,986
normalization_output_wait,42,3,666246,667232,986
normalization_output_wait,42,4,667233,668219,986
normalization_output_wait,42,5,668220,669206,986
normalization_output_wait,42,6,669207,670193,986
normalization_output_wait,42,7,670194,671180,986
normalization_output_wait,42,8,671181,672167,986
normalization_output_wait,42,9,672168,673154,986
normalization_output_wait,42,10,673155,674141,986
normalization_output_wait,42,11,674142,675128,986
normalization_output_wait,42,12,675129,676115,986
normalization_output_wait,42,13,676116,677102,986
normalization_output_wait,42,14,677103,678089,986
normalization_output_wait,42,15,678090,679076,986
normalization_output_wait,43,0,679077,680063,986
normalization_output_wait,43,1,680064,681050,986
normalization_output_wait,43,2,681051,682037,986
normalization_output_wait,43,3,682038,683024,986
normalization_output_wait,43,4,683025,684011,986
normalization_output_wait,43,5,684012,684998,986
normalization_output_wait,43,6,684999,685985,986
normalization_output_wait,43,7,685986,686972,986
normalization_output_wait,43,8,686973,687959,986
normalization_output_wait,43,9,687960,688946,986
normalization_output_wait,43,10,688947,689933,986
normalization_output_wait,43,11,689934,690920,986
normalization_output_wait,43,12,690921,691907,986
normalization_output_wait,43,13,691908,692894,986
normalization_output_wait,43,14,692895,693881,986
normalization_output_wait,43,15,693882,694868,986
normalization_output_wait,44,0,694869,695855,986
normalization_output_wait,44,1,695856,696842,986
normalization_output_wait,44,2,696843,697829,986
normalization_output_wait,44,3,697830,698816,986
normalization_output_wait,44,4,698817,699803,986
normalization_output_wait,44,5,699804,700790,986
normalization_output_wait,44,6,700791,701777,986
normalization_output_wait,44,7,701778,702764,986
normalization_output_wait,44,8,702765,703751,986
normalization_output_wait,44,9,703752,704738,986
normalization_output_wait,44,10,704739,705725,986
normalization_output_wait,44,11,705726,706712,986
normalization_output_wait,44,12,706713,707699,986
normalization_output_wait,44,13,707700,708686,986
normalization_output_wait,44,14,708687,709673,986
normalization_output_wait,44,15,709674,710660,986
normalization_output_wait,45,0,710661,711647,986
normalization_output_wait,45,1,711648,712634,986
normalization_output_wait,45,2,712635,713621,986
normalization_output_wait,45,3,713622,714608,986
normalization_output_wait,45,4,714609,715595,986
normalization_output_wait,45,5,715596,716582,986
normalization_output_wait,45,6,716583,717569,986
normalization_output_wait,45,7,717570,718556,986
normalization_output_wait,45,8,718557,719543,986
normalization_output_wait,45,9,719544,720530,986
normalization_output_wait,45,10,720531,721517,986
normalization_output_wait,45,11,721518,722504,986
normalization_output_wait,45,12,722505,723491,986
normalization_output_wait,45,13,723492,724478,986
normalization_output_wait,45,14,724479,725465,986
normalization_output_wait,45,15,725466,726452,986
normalization_output_wait,46,0,726453,727439,986
normalization_output_wait,46,1,727440,728426,986
normalization_output_wait,46,2,728427,729413,986
normalization_output_wait,46,3,729414,730400,986
normalization_output_wait,46,4,730401,731387,986
normalization_output_wait,46,5,731388,732374,986
normalization_output_wait,46,6,732375,733361,986
normalization_output_wait,46,7,733362,734348,986
normalization_output_wait,46,8,734349,735335,986
normalization_output_wait,46,9,735336,736322,986
normalization_output_wait,46,10,736323,737309,986
normalization_output_wait,46,11,737310,738296,986
normalization_output_wait,46,12,738297,739283,986
normalization_output_wait,46,13,739284,740270,986
normalization_output_wait,46,14,740271,741257,986
normalization_output_wait,46,15,741258,742244,986
normalization_output_wait,47,0,742245,743231,986
normalization_output_wait,47,1,743232,744218,986
normalization_output_wait,47,2,744219,745205,986
normalization_output_wait,47,3,745206,746192,986
normalization_output_wait,47,4,746193,747179,986
normalization_output_wait,47,5,747180,748166,986
normalization_output_wait,47,6,748167,749153,986
normalization_output_wait,47,7,749154,750140,986
normalization_output_wait,47,8,750141,751127,986
normalization_output_wait,47,9,751128,752114,986
normalization_output_wait,47,10,752115,753101,986
normalization_output_wait,47,11,753102,754088,986
normalization_output_wait,47,12,754089,755075,986
normalization_output_wait,47,13,755076,756062,986
normalization_output_wait,47,14,756063,757049,986
normalization_output_wait,47,15,757050,758036,986
normalization_output_wait,48,0,758037,759023,986
normalization_output_wait,48,1,759024,760010,986
normalization_output_wait,48,2,760011,760997,986
normalization_output_wait,48,3,760998,761984,986
normalization_output_wait,48,4,761985,762971,986
normalization_output_wait,48,5,762972,763958,986
normalization_output_wait,48,6,763959,764945,986
normalization_output_wait,48,7,764946,765932,986
normalization_output_wait,48,8,765933,766919,986
normalization_output_wait,48,9,766920,767906,986
normalization_output_wait,48,10,767907,768893,986
normalization_output_wait,48,11,768894,769880,986
normalization_output_wait,48,12,769881,770867,986
normalization_output_wait,48,13,770868,771854,986
normalization_output_wait,48,14,771855,772841,986
normalization_output_wait,48,15,772842,773828,986
normalization_output_wait,49,0,773829,774815,986
normalization_output_wait,49,1,774816,775802,986
normalization_output_wait,49,2,775803,776789,986
normalization_output_wait,49,3,776790,777776,986
normalization_output_wait,49,4,777777,778763,986
normalization_output_wait,49,5,778764,779750,986
normalization_output_wait,49,6,779751,780737,986
normalization_output_wait,49,7,780738,781724,986
normalization_output_wait,49,8,781725,782711,986
normalization_output_wait,49,9,782712,783698,986
normalization_output_wait,49,10,783699,784685,986
normalization_output_wait,49,11,784686,785672,986
normalization_output_wait,49,12,785673,786659,986
normalization_output_wait,49,13,786660,787646,986
normalization_output_wait,49,14,787647,788633,986
normalization_output_wait,49,15,788634,789620,986
normalization_output_wait,50,0,789621,790607,986
normalization_output_wait,50,1,790608,791594,986
normalization_output_wait,50,2,791595,792581,986
normalization_output_wait,50,3,792582,793568,986
normalization_output_wait,50,4,793569,794555,986
normalization_output_wait,50,5,794556,795542,986
normalization_output_wait,50,6,795543,796529,986
normalization_output_wait,50,7,796530,797516,986
normalization_output_wait,50,8,797517,798503,986
normalization_output_wait,50,9,798504,799490,986
normalization_output_wait,50,10,799491,800477,986
normalization_output_wait,50,11,800478,801464,986
normalization_output_wait,50,12,801465,802451,986
normalization_output_wait,50,13,802452,803438,986
normalization_output_wait,50,14,803439,804425,986
normalization_output_wait,50,15,804426,805412,986
normalization_output_wait,51,0,805413,806399,986
normalization_output_wait,51,1,806400,807386,986
normalization_output_wait,51,2,807387,808373,986
normalization_output_wait,51,3,808374,809360,986
normalization_output_wait,51,4,809361,810347,986
normalization_output_wait,51,5,810348,811334,986
normalization_output_wait,51,6,811335,812321,986
normalization_output_wait,51,7,812322,813308,986
normalization_output_wait,51,8,813309,814295,986
normalization_output_wait,51,9,814296,815282,986
normalization_output_wait,51,10,815283,816269,986
normalization_output_wait,51,11,816270,817256,986
normalization_output_wait,51,12,817257,818243,986
normalization_output_wait,51,13,818244,819230,986
normalization_output_wait,51,14,819231,820217,986
normalization_output_wait,51,15,820218,821204,986
normalization_output_wait,52,0,821205,822191,986
normalization_output_wait,52,1,822192,823178,986
normalization_output_wait,52,2,823179,824165,986
normalization_output_wait,52,3,824166,825152,986
normalization_output_wait,52,4,825153,826139,986
normalization_output_wait,52,5,826140,827126,986
normalization_output_wait,52,6,827127,828113,986
normalization_output_wait,52,7,828114,829100,986
normalization_output_wait,52,8,829101,830087,986
normalization_output_wait,52,9,830088,831074,986
normalization_output_wait,52,10,831075,832061,986
normalization_output_wait,52,11,832062,833048,986
normalization_output_wait,52,12,833049,834035,986
normalization_output_wait,52,13,834036,835022,986
normalization_output_wait,52,14,835023,836009,986
normalization_output_wait,52,15,836010,836996,986
normalization_output_wait,53,0,836997,837983,986
normalization_output_wait,53,1,837984,838970,986
normalization_output_wait,53,2,838971,839957,986
normalization_output_wait,53,3,839958,840944,986
normalization_output_wait,53,4,840945,841931,986
normalization_output_wait,53,5,841932,842918,986
normalization_output_wait,53,6,842919,843905,986
normalization_output_wait,53,7,843906,844892,986
normalization_output_wait,53,8,844893,845879,986
normalization_output_wait,53,9,845880,846866,986
normalization_output_wait,53,10,846867,847853,986
normalization_output_wait,53,11,847854,848840,986
normalization_output_wait,53,12,848841,849827,986
normalization_output_wait,53,13,849828,850814,986
normalization_output_wait,53,14,850815,851801,986
normalization_output_wait,53,15,851802,852788,986
normalization_output_wait,54,0,852789,853775,986
normalization_output_wait,54,1,853776,854762,986
normalization_output_wait,54,2,854763,855749,986
normalization_output_wait,54,3,855750,856736,986
normalization_output_wait,54,4,856737,857723,986
normalization_output_wait,54,5,857724,858710,986
normalization_output_wait,54,6,858711,859697,986
normalization_output_wait,54,7,859698,860684,986
normalization_output_wait,54,8,860685,861671,986
normalization_output_wait,54,9,861672,862658,986
normalization_output_wait,54,10,862659,863645,986
normalization_output_wait,54,11,863646,864632,986
normalization_output_wait,54,12,864633,865619,986
normalization_output_wait,54,13,865620,866606,986
normalization_output_wait,54,14,866607,867593,986
normalization_output_wait,54,15,867594,868580,986
normalization_output_wait,55,0,868581,869567,986
normalization_output_wait,55,1,869568,870554,986
normalization_output_wait,55,2,870555,871541,986
normalization_output_wait,55,3,871542,872528,986
normalization_output_wait,55,4,872529,873515,986
normalization_output_wait,55,5,873516,874502,986
normalization_output_wait,55,6,874503,875489,986
normalization_output_wait,55,7,875490,876476,986
normalization_output_wait,55,8,876477,877463,986
normalization_output_wait,55,9,877464,878450,986
normalization_output_wait,55,10,878451,879437,986
normalization_output_wait,55,11,879438,880424,986
normalization_output_wait,55,12,880425,881411,986
normalization_output_wait,55,13,881412,882398,986
normalization_output_wait,55,14,882399,883385,986
normalization_output_wait,55,15,883386,884372,986
normalization_output_wait,56,0,884373,885359,986
normalization_output_wait,56,1,885360,886346,986
normalization_output_wait,56,2,886347,887333,986
normalization_output_wait,56,3,887334,888320,986
normalization_output_wait,56,4,888321,889307,986
normalization_output_wait,56,5,889308,890294,986
normalization_output_wait,56,6,890295,891281,986
normalization_output_wait,56,7,891282,892268,986
normalization_output_wait,56,8,892269,893255,986
normalization_output_wait,56,9,893256,894242,986
normalization_output_wait,56,10,894243,895229,986
normalization_output_wait,56,11,895230,896216,986
normalization_output_wait,56,12,896217,897203,986
normalization_output_wait,56,13,897204,898190,986
normalization_output_wait,56,14,898191,899177,986
normalization_output_wait,56,15,899178,900164,986
normalization_output_wait,57,0,900165,901151,986
normalization_output_wait,57,1,901152,902138,986
normalization_output_wait,57,2,902139,903125,986
normalization_output_wait,57,3,903126,904112,986
normalization_output_wait,57,4,904113,905099,986
normalization_output_wait,57,5,905100,906086,986
normalization_output_wait,57,6,906087,907073,986
normalization_output_wait,57,7,907074,908060,986
normalization_output_wait,57,8,908061,909047,986
normalization_output_wait,57,9,909048,910034,986
normalization_output_wait,57,10,910035,911021,986
normalization_output_wait,57,11,911022,912008,986
normalization_output_wait,57,12,912009,912995,986
normalization_output_wait,57,13,912996,913982,986
normalization_output_wait,57,14,913983,914969,986
normalization_output_wait,57,15,914970,915956,986
normalization_output_wait,58,0,915957,916943,986
normalization_output_wait,58,1,916944,917930,986
normalization_output_wait,58,2,917931,918917,986
normalization_output_wait,58,3,918918,919904,986
normalization_output_wait,58,4,919905,920891,986
normalization_output_wait,58,5,920892,921878,986
normalization_output_wait,58,6,921879,922865,986
normalization_output_wait,58,7,922866,923852,986
normalization_output_wait,58,8,923853,924839,986
normalization_output_wait,58,9,924840,925826,986
normalization_output_wait,58,10,925827,926813,986
normalization_output_wait,58,11,926814,927800,986
normalization_output_wait,58,12,927801,928787,986
normalization_output_wait,58,13,928788,929774,986
normalization_output_wait,58,14,929775,930761,986
normalization_output_wait,58,15,930762,931748,986
normalization_output_wait,59,0,931749,932735,986
normalization_output_wait,59,1,932736,933722,986
normalization_output_wait,59,2,933723,934709,986
normalization_output_wait,59,3,934710,935696,986
normalization_output_wait,59,4,935697,936683,986
normalization_output_wait,59,5,936684,937670,986
normalization_output_wait,59,6,937671,938657,986
normalization_output_wait,59,7,938658,939644,986
normalization_output_wait,59,8,939645,940631,986
normalization_output_wait,59,9,940632,941618,986
normalization_output_wait,59,10,941619,942605,986
normalization_output_wait,59,11,942606,943592,986
normalization_output_wait,59,12,943593,944579,986
normalization_output_wait,59,13,944580,945566,986
normalization_output_wait,59,14,945567,946553,986
normalization_output_wait,59,15,946554,947540,986
normalization_output_wait,60,0,947541,948527,986
normalization_output_wait,60,1,948528,949514,986
normalization_output_wait,60,2,949515,950501,986
normalization_output_wait,60,3,950502,951488,986
normalization_output_wait,60,4,951489,952475,986
normalization_output_wait,60,5,952476,953462,986
normalization_output_wait,60,6,953463,954449,986
normalization_output_wait,60,7,954450,955436,986
normalization_output_wait,60,8,955437,956423,986
normalization_output_wait,60,9,956424,957410,986
normalization_output_wait,60,10,957411,958397,986
normalization_output_wait,60,11,958398,959384,986
normalization_output_wait,60,12,959385,960371,986
normalization_output_wait,60,13,960372,961358,986
normalization_output_wait,60,14,961359,962345,986
normalization_output_wait,60,15,962346,963332,986
normalization_output_wait,61,0,963333,964319,986
normalization_output_wait,61,1,964320,965306,986
normalization_output_wait,61,2,965307,966293,986
normalization_output_wait,61,3,966294,967280,986
normalization_output_wait,61,4,967281,968267,986
normalization_output_wait,61,5,968268,969254,986
normalization_output_wait,61,6,969255,970241,986
normalization_output_wait,61,7,970242,971228,986
normalization_output_wait,61,8,971229,972215,986
normalization_output_wait,61,9,972216,973202,986
normalization_output_wait,61,10,973203,974189,986
normalization_output_wait,61,11,974190,975176,986
normalization_output_wait,61,12,975177,976163,986
normalization_output_wait,61,13,976164,977150,986
normalization_output_wait,61,14,977151,978137,986
normalization_output_wait,61,15,978138,979124,986
normalization_output_wait,62,0,979125,980111,986
normalization_output_wait,62,1,980112,981098,986
normalization_output_wait,62,2,981099,982085,986
normalization_output_wait,62,3,982086,983072,986
normalization_output_wait,62,4,983073,984059,986
normalization_output_wait,62,5,984060,985046,986
normalization_output_wait,62,6,985047,986033,986
normalization_output_wait,62,7,986034,987020,986
normalization_output_wait,62,8,987021,988007,986
normalization_output_wait,62,9,988008,988994,986
normalization_output_wait,62,10,988995,989981,986
normalization_output_wait,62,11,989982,990968,986
normalization_output_wait,62,12,990969,991955,986
normalization_output_wait,62,13,991956,992942,986
normalization_output_wait,62,14,992943,993929,986
normalization_output_wait,62,15,993930,994916,986
normalization_output_wait,63,0,994917,995903,986
normalization_output_wait,63,1,995904,996890,986
normalization_output_wait,63,2,996891,997877,986
normalization_output_wait,63,3,997878,998864,986
normalization_output_wait,63,4,998865,999851,986
normalization_output_wait,63,5,999852,1000838,986
normalization_output_wait,63,6,1000839,1001825,986
normalization_output_wait,63,7,1001826,1002812,986
normalization_output_wait,63,8,1002813,1003799,986
normalization_output_wait,63,9,1003800,1004786,986
normalization_output_wait,63,10,1004787,1005773,986
normalization_output_wait,63,11,1005774,1006760,986
normalization_output_wait,63,12,1006761,1007747,986
normalization_output_wait,63,13,1007748,1008734,986
normalization_output_wait,63,14,1008735,1009721,986
normalization_output_wait,63,15,1009722,1010708,986
input_projection,0,0,1007,1994,987
input_projection,0,1,1994,2981,987
input_projection,0,2,2981,3968,987
input_projection,0,3,3968,4955,987
input_projection,0,4,4955,5942,987
input_projection,0,5,5942,6929,987
input_projection,0,6,6929,7916,987
input_projection,0,7,7916,8903,987
input_projection,0,8,8903,9890,987
input_projection,0,9,9890,10877,987
input_projection,0,10,10877,11864,987
input_projection,0,11,11864,12851,987
input_projection,0,12,12851,13838,987
input_projection,0,13,13838,14825,987
input_projection,0,14,14825,15812,987
input_projection,0,15,15812,16799,987
input_projection,1,0,16799,17786,987
input_projection,1,1,17786,18773,987
input_projection,1,2,18773,19760,987
input_projection,1,3,19760,20747,987
input_projection,1,4,20747,21734,987
input_projection,1,5,21734,22721,987
input_projection,1,6,22721,23708,987
input_projection,1,7,23708,24695,987
input_projection,1,8,24695,25682,987
input_projection,1,9,25682,26669,987
input_projection,1,10,26669,27656,987
input_projection,1,11,27656,28643,987
input_projection,1,12,28643,29630,987
input_projection,1,13,29630,30617,987
input_projection,1,14,30617,31604,987
input_projection,1,15,31604,32591,987
input_projection,2,0,32591,33578,987
input_projection,2,1,33578,34565,987
input_projection,2,2,34565,35552,987
input_projection,2,3,35552,36539,987
input_projection,2,4,36539,37526,987
input_projection,2,5,37526,38513,987
input_projection,2,6,38513,39500,987
input_projection,2,7,39500,40487,987
input_projection,2,8,40487,41474,987
input_projection,2,9,41474,42461,987
input_projection,2,10,42461,43448,987
input_projection,2,11,43448,44435,987
input_projection,2,12,44435,45422,987
input_projection,2,13,45422,46409,987
input_projection,2,14,46409,47396,987
input_projection,2,15,47396,48383,987
input_projection,3,0,48383,49370,987
input_projection,3,1,49370,50357,987
input_projection,3,2,50357,51344,987
input_projection,3,3,51344,52331,987
input_projection,3,4,52331,53318,987
input_projection,3,5,53318,54305,987
input_projection,3,6,54305,55292,987
input_projection,3,7,55292,56279,987
input_projection,3,8,56279,57266,987
input_projection,3,9,57266,58253,987
input_projection,3,10,58253,59240,987
input_projection,3,11,59240,60227,987
input_projection,3,12,60227,61214,987
input_projection,3,13,61214,62201,987
input_projection,3,14,62201,63188,987
input_projection,3,15,63188,64175,987
input_projection,4,0,64175,65162,987
input_projection,4,1,65162,66149,987
input_projection,4,2,66149,67136,987
input_projection,4,3,67136,68123,987
input_projection,4,4,68123,69110,987
input_projection,4,5,69110,70097,987
input_projection,4,6,70097,71084,987
input_projection,4,7,71084,72071,987
input_projection,4,8,72071,73058,987
input_projection,4,9,73058,74045,987
input_projection,4,10,74045,75032,987
input_projection,4,11,75032,76019,987
input_projection,4,12,76019,77006,987
input_projection,4,13,77006,77993,987
input_projection,4,14,77993,78980,987
input_projection,4,15,78980,79967,987
input_projection,5,0,79967,80954,987
input_projection,5,1,80954,81941,987
input_projection,5,2,81941,82928,987
input_projection,5,3,82928,83915,987
input_projection,5,4,83915,84902,987
input_projection,5,5,84902,85889,987
input_projection,5,6,85889,86876,987
input_projection,5,7,86876,87863,987
input_projection,5,8,87863,88850,987
input_projection,5,9,88850,89837,987
input_projection,5,10,89837,90824,987
input_projection,5,11,90824,91811,987
input_projection,5,12,91811,92798,987
input_projection,5,13,92798,93785,987
input_projection,5,14,93785,94772,987
input_projection,5,15,94772,95759,987
input_projection,6,0,95759,96746,987
input_projection,6,1,96746,97733,987
input_projection,6,2,97733,98720,987
input_projection,6,3,98720,99707,987
input_projection,6,4,99707,100694,987
input_projection,6,5,100694,101681,987
input_projection,6,6,101681,102668,987
input_projection,6,7,102668,103655,987
input_projection,6,8,103655,104642,987
input_projection,6,9,104642,105629,987
input_projection,6,10,105629,106616,987
input_projection,6,11,106616,107603,987
input_projection,6,12,107603,108590,987
input_projection,6,13,108590,109577,987
input_projection,6,14,109577,110564,987
input_projection,6,15,110564,111551,987
input_projection,7,0,111551,112538,987
input_projection,7,1,112538,113525,987
input_projection,7,2,113525,114512,987
input_projection,7,3,114512,115499,987
input_projection,7,4,115499,116486,987
input_projection,7,5,116486,117473,987
input_projection,7,6,117473,118460,987
input_projection,7,7,118460,119447,987
input_projection,7,8,119447,120434,987
input_projection,7,9,120434,121421,987
input_projection,7,10,121421,122408,987
input_projection,7,11,122408,123395,987
input_projection,7,12,123395,124382,987
input_projection,7,13,124382,125369,987
input_projection,7,14,125369,126356,987
input_projection,7,15,126356,127343,987
input_projection,8,0,127343,128330,987
input_projection,8,1,128330,129317,987
input_projection,8,2,129317,130304,987
input_projection,8,3,130304,131291,987
input_projection,8,4,131291,132278,987
input_projection,8,5,132278,133265,987
input_projection,8,6,133265,134252,987
input_projection,8,7,134252,135239,987
input_projection,8,8,135239,136226,987
input_projection,8,9,136226,137213,987
input_projection,8,10,137213,138200,987
input_projection,8,11,138200,139187,987
input_projection,8,12,139187,140174,987
input_projection,8,13,140174,141161,987
input_projection,8,14,141161,142148,987
input_projection,8,15,142148,143135,987
input_projection,9,0,143135,144122,987
input_projection,9,1,144122,145109,987
input_projection,9,2,145109,146096,987
input_projection,9,3,146096,147083,987
input_projection,9,4,147083,148070,987
input_projection,9,5,148070,149057,987
input_projection,9,6,149057,150044,987
input_projection,9,7,150044,151031,987
input_projection,9,8,151031,152018,987
input_projection,9,9,152018,153005,987
input_projection,9,10,153005,153992,987
input_projection,9,11,153992,154979,987
input_projection,9,12,154979,155966,987
input_projection,9,13,155966,156953,987
input_projection,9,14,156953,157940,987
input_projection,9,15,157940,158927,987
input_projection,10,0,158927,159914,987
input_projection,10,1,159914,160901,987
input_projection,10,2,160901,161888,987
input_projection,10,3,161888,162875,987
input_projection,10,4,162875,163862,987
input_projection,10,5,163862,164849,987
input_projection,10,6,164849,165836,987
input_projection,10,7,165836,166823,987
input_projection,10,8,166823,167810,987
input_projection,10,9,167810,168797,987
input_projection,10,10,168797,169784,987
input_projection,10,11,169784,170771,987
input_projection,10,12,170771,171758,987
input_projection,10,13,171758,172745,987
input_projection,10,14,172745,173732,987
input_projection,10,15,173732,174719,987
input_projection,11,0,174719,175706,987
input_projection,11,1,175706,176693,987
input_projection,11,2,176693,177680,987
input_projection,11,3,177680,178667,987
input_projection,11,4,178667,179654,987
input_projection,11,5,179654,180641,987
input_projection,11,6,180641,181628,987
input_projection,11,7,181628,182615,987
input_projection,11,8,182615,183602,987
input_projection,11,9,183602,184589,987
input_projection,11,10,184589,185576,987
input_projection,11,11,185576,186563,987
input_projection,11,12,186563,187550,987
input_projection,11,13,187550,188537,987
input_projection,11,14,188537,189524,987
input_projection,11,15,189524,190511,987
input_projection,12,0,190511,191498,987
input_projection,12,1,191498,192485,987
input_projection,12,2,192485,193472,987
input_projection,12,3,193472,194459,987
input_projection,12,4,194459,195446,987
input_projection,12,5,195446,196433,987
input_projection,12,6,196433,197420,987
input_projection,12,7,197420,198407,987
input_projection,12,8,198407,199394,987
input_projection,12,9,199394,200381,987
input_projection,12,10,200381,201368,987
input_projection,12,11,201368,202355,987
input_projection,12,12,202355,203342,987
input_projection,12,13,203342,204329,987
input_projection,12,14,204329,205316,987
input_projection,12,15,205316,206303,987
input_projection,13,0,206303,207290,987
input_projection,13,1,207290,208277,987
input_projection,13,2,208277,209264,987
input_projection,13,3,209264,210251,987
input_projection,13,4,210251,211238,987
input_projection,13,5,211238,212225,987
input_projection,13,6,212225,213212,987
input_projection,13,7,213212,214199,987
input_projection,13,8,214199,215186,987
input_projection,13,9,215186,216173,987
input_projection,13,10,216173,217160,987
input_projection,13,11,217160,218147,987
input_projection,13,12,218147,219134,987
input_projection,13,13,219134,220121,987
input_projection,13,14,220121,221108,987
input_projection,13,15,221108,222095,987
input_projection,14,0,222095,223082,987
input_projection,14,1,223082,224069,987
input_projection,14,2,224069,225056,987
input_projection,14,3,225056,226043,987
input_projection,14,4,226043,227030,987
input_projection,14,5,227030,228017,987
input_projection,14,6,228017,229004,987
input_projection,14,7,229004,229991,987
input_projection,14,8,229991,230978,987
input_projection,14,9,230978,231965,987
input_projection,14,10,231965,232952,987
input_projection,14,11,232952,233939,987
input_projection,14,12,233939,234926,987
input_projection,14,13,234926,235913,987
input_projection,14,14,235913,236900,987
input_projection,14,15,236900,237887,987
input_projection,15,0,237887,238874,987
input_projection,15,1,238874,239861,987
input_projection,15,2,239861,240848,987
input_projection,15,3,240848,241835,987
input_projection,15,4,241835,242822,987
input_projection,15,5,242822,243809,987
input_projection,15,6,243809,244796,987
input_projection,15,7,244796,245783,987
input_projection,15,8,245783,246770,987
input_projection,15,9,246770,247757,987
input_projection,15,10,247757,248744,987
input_projection,15,11,248744,249731,987
input_projection,15,12,249731,250718,987
input_projection,15,13,250718,251705,987
input_projection,15,14,251705,252692,987
input_projection,15,15,252692,253679,987
input_projection,16,0,253679,254666,987
input_projection,16,1,254666,255653,987
input_projection,16,2,255653,256640,987
input_projection,16,3,256640,257627,987
input_projection,16,4,257627,258614,987
input_projection,16,5,258614,259601,987
input_projection,16,6,259601,260588,987
input_projection,16,7,260588,261575,987
input_projection,16,8,261575,262562,987
input_projection,16,9,262562,263549,987
input_projection,16,10,263549,264536,987
input_projection,16,11,264536,265523,987
input_projection,16,12,265523,266510,987
input_projection,16,13,266510,267497,987
input_projection,16,14,267497,268484,987
input_projection,16,15,268484,269471,987
input_projection,17,0,269471,270458,987
input_projection,17,1,270458,271445,987
input_projection,17,2,271445,272432,987
input_projection,17,3,272432,273419,987
input_projection,17,4,273419,274406,987
input_projection,17,5,274406,275393,987
input_projection,17,6,275393,276380,987
input_projection,17,7,276380,277367,987
input_projection,17,8,277367,278354,987
input_projection,17,9,278354,279341,987
input_projection,17,10,279341,280328,987
input_projection,17,11,280328,281315,987
input_projection,17,12,281315,282302,987
input_projection,17,13,282302,283289,987
input_projection,17,14,283289,284276,987
input_projection,17,15,284276,285263,987
input_projection,18,0,285263,286250,987
input_projection,18,1,286250,287237,987
input_projection,18,2,287237,288224,987
input_projection,18,3,288224,289211,987
input_projection,18,4,289211,290198,987
input_projection,18,5,290198,291185,987
input_projection,18,6,291185,292172,987
input_projection,18,7,292172,293159,987
input_projection,18,8,293159,294146,987
input_projection,18,9,294146,295133,987
input_projection,18,10,295133,296120,987
input_projection,18,11,296120,297107,987
input_projection,18,12,297107,298094,987
input_projection,18,13,298094,299081,987
input_projection,18,14,299081,300068,987
input_projection,18,15,300068,301055,987
input_projection,19,0,301055,302042,987
input_projection,19,1,302042,303029,987
input_projection,19,2,303029,304016,987
input_projection,19,3,304016,305003,987
input_projection,19,4,305003,305990,987
input_projection,19,5,305990,306977,987
input_projection,19,6,306977,307964,987
input_projection,19,7,307964,308951,987
input_projection,19,8,308951,309938,987
input_projection,19,9,309938,310925,987
input_projection,19,10,310925,311912,987
input_projection,19,11,311912,312899,987
input_projection,19,12,312899,313886,987
input_projection,19,13,313886,314873,987
input_projection,19,14,314873,315860,987
input_projection,19,15,315860,316847,987
input_projection,20,0,316847,317834,987
input_projection,20,1,317834,318821,987
input_projection,20,2,318821,319808,987
input_projection,20,3,319808,320795,987
input_projection,20,4,320795,321782,987
input_projection,20,5,321782,322769,987
input_projection,20,6,322769,323756,987
input_projection,20,7,323756,324743,987
input_projection,20,8,324743,325730,987
input_projection,20,9,325730,326717,987
input_projection,20,10,326717,327704,987
input_projection,20,11,327704,328691,987
input_projection,20,12,328691,329678,987
input_projection,20,13,329678,330665,987
input_projection,20,14,330665,331652,987
input_projection,20,15,331652,332639,987
input_projection,21,0,332639,333626,987
input_projection,21,1,333626,334613,987
input_projection,21,2,334613,335600,987
input_projection,21,3,335600,336587,987
input_projection,21,4,336587,337574,987
input_projection,21,5,337574,338561,987
input_projection,21,6,338561,339548,987
input_projection,21,7,339548,340535,987
input_projection,21,8,340535,341522,987
input_projection,21,9,341522,342509,987
input_projection,21,10,342509,343496,987
input_projection,21,11,343496,344483,987
input_projection,21,12,344483,345470,987
input_projection,21,13,345470,346457,987
input_projection,21,14,346457,347444,987
input_projection,21,15,347444,348431,987
input_projection,22,0,348431,349418,987
input_projection,22,1,349418,350405,987
input_projection,22,2,350405,351392,987
input_projection,22,3,351392,352379,987
input_projection,22,4,352379,353366,987
input_projection,22,5,353366,354353,987
input_projection,22,6,354353,355340,987
input_projection,22,7,355340,356327,987
input_projection,22,8,356327,357314,987
input_projection,22,9,357314,358301,987
input_projection,22,10,358301,359288,987
input_projection,22,11,359288,360275,987
input_projection,22,12,360275,361262,987
input_projection,22,13,361262,362249,987
input_projection,22,14,362249,363236,987
input_projection,22,15,363236,364223,987
input_projection,23,0,364223,365210,987
input_projection,23,1,365210,366197,987
input_projection,23,2,366197,367184,987
input_projection,23,3,367184,368171,987
input_projection,23,4,368171,369158,987
input_projection,23,5,369158,370145,987
input_projection,23,6,370145,371132,987
input_projection,23,7,371132,372119,987
input_projection,23,8,372119,373106,987
input_projection,23,9,373106,374093,987
input_projection,23,10,374093,375080,987
input_projection,23,11,375080,376067,987
input_projection,23,12,376067,377054,987
input_projection,23,13,377054,378041,987
input_projection,23,14,378041,379028,987
input_projection,23,15,379028,380015,987
input_projection,24,0,380015,381002,987
input_projection,24,1,381002,381989,987
input_projection,24,2,381989,382976,987
input_projection,24,3,382976,383963,987
input_projection,24,4,383963,384950,987
input_projection,24,5,384950,385937,987
input_projection,24,6,385937,386924,987
input_projection,24,7,386924,387911,987
input_projection,24,8,387911,388898,987
input_projection,24,9,388898,389885,987
input_projection,24,10,389885,390872,987
input_projection,24,11,390872,391859,987
input_projection,24,12,391859,392846,987
input_projection,24,13,392846,393833,987
input_projection,24,14,393833,394820,987
input_projection,24,15,394820,395807,987
input_projection,25,0,395807,396794,987
input_projection,25,1,396794,397781,987
input_projection,25,2,397781,398768,987
input_projection,25,3,398768,399755,987
input_projection,25,4,399755,400742,987
input_projection,25,5,400742,401729,987
input_projection,25,6,401729,402716,987
input_projection,25,7,402716,403703,987
input_projection,25,8,403703,404690,987
input_projection,25,9,404690,405677,987
input_projection,25,10,405677,406664,987
input_projection,25,11,406664,407651,987
input_projection,25,12,407651,408638,987
input_projection,25,13,408638,409625,987
input_projection,25,14,409625,410612,987
input_projection,25,15,410612,411599,987
input_projection,26,0,411599,412586,987
input_projection,26,1,412586,413573,987
input_projection,26,2,413573,414560,987
input_projection,26,3,414560,415547,987
input_projection,26,4,415547,416534,987
input_projection,26,5,416534,417521,987
input_projection,26,6,417521,418508,987
input_projection,26,7,418508,419495,987
input_projection,26,8,419495,420482,987
input_projection,26,9,420482,421469,987
input_projection,26,10,421469,422456,987
input_projection,26,11,422456,423443,987
input_projection,26,12,423443,424430,987
input_projection,26,13,424430,425417,987
input_projection,26,14,425417,426404,987
input_projection,26,15,426404,427391,987
input_projection,27,0,427391,428378,987
input_projection,27,1,428378,429365,987
input_projection,27,2,429365,430352,987
input_projection,27,3,430352,431339,987
input_projection,27,4,431339,432326,987
input_projection,27,5,432326,433313,987
input_projection,27,6,433313,434300,987
input_projection,27,7,434300,435287,987
input_projection,27,8,435287,436274,987
input_projection,27,9,436274,437261,987
input_projection,27,10,437261,438248,987
input_projection,27,11,438248,439235,987
input_projection,27,12,439235,440222,987
input_projection,27,13,440222,441209,987
input_projection,27,14,441209,442196,987
input_projection,27,15,442196,443183,987
input_projection,28,0,443183,444170,987
input_projection,28,1,444170,445157,987
input_projection,28,2,445157,446144,987
input_projection,28,3,446144,447131,987
input_projection,28,4,447131,448118,987
input_projection,28,5,448118,449105,987
input_projection,28,6,449105,450092,987
input_projection,28,7,450092,451079,987
input_projection,28,8,451079,452066,987
input_projection,28,9,452066,453053,987
input_projection,28,10,453053,454040,987
input_projection,28,11,454040,455027,987
input_projection,28,12,455027,456014,987
input_projection,28,13,456014,457001,987
input_projection,28,14,457001,457988,987
input_projection,28,15,457988,458975,987
input_projection,29,0,458975,459962,987
input_projection,29,1,459962,460949,987
input_projection,29,2,460949,461936,987
input_projection,29,3,461936,462923,987
input_projection,29,4,462923,463910,987
input_projection,29,5,463910,464897,987
input_projection,29,6,464897,465884,987
input_projection,29,7,465884,466871,987
input_projection,29,8,466871,467858,987
input_projection,29,9,467858,468845,987
input_projection,29,10,468845,469832,987
input_projection,29,11,469832,470819,987
input_projection,29,12,470819,471806,987
input_projection,29,13,471806,472793,987
input_projection,29,14,472793,473780,987
input_projection,29,15,473780,474767,987
input_projection,30,0,474767,475754,987
input_projection,30,1,475754,476741,987
input_projection,30,2,476741,477728,987
input_projection,30,3,477728,478715,987
input_projection,30,4,478715,479702,987
input_projection,30,5,479702,480689,987
input_projection,30,6,480689,481676,987
input_projection,30,7,481676,482663,987
input_projection,30,8,482663,483650,987
input_projection,30,9,483650,484637,987
input_projection,30,10,484637,485624,987
input_projection,30,11,485624,486611,987
input_projection,30,12,486611,487598,987
input_projection,30,13,487598,488585,987
input_projection,30,14,488585,489572,987
input_projection,30,15,489572,490559,987
input_projection,31,0,490559,491546,987
input_projection,31,1,491546,492533,987
input_projection,31,2,492533,493520,987
input_projection,31,3,493520,494507,987
input_projection,31,4,494507,495494,987
input_projection,31,5,495494,496481,987
input_projection,31,6,496481,497468,987
input_projection,31,7,497468,498455,987
input_projection,31,8,498455,499442,987
input_projection,31,9,499442,500429,987
input_projection,31,10,500429,501416,987
input_projection,31,11,501416,502403,987
input_projection,31,12,502403,503390,987
input_projection,31,13,503390,504377,987
input_projection,31,14,504377,505364,987
input_projection,31,15,505364,506351,987
input_projection,32,0,506351,507338,987
input_projection,32,1,507338,508325,987
input_projection,32,2,508325,509312,987
input_projection,32,3,509312,510299,987
input_projection,32,4,510299,511286,987
input_projection,32,5,511286,512273,987
input_projection,32,6,512273,513260,987
input_projection,32,7,513260,514247,987
input_projection,32,8,514247,515234,987
input_projection,32,9,515234,516221,987
input_projection,32,10,516221,517208,987
input_projection,32,11,517208,518195,987
input_projection,32,12,518195,519182,987
input_projection,32,13,519182,520169,987
input_projection,32,14,520169,521156,987
input_projection,32,15,521156,522143,987
input_projection,33,0,522143,523130,987
input_projection,33,1,523130,524117,987
input_projection,33,2,524117,525104,987
input_projection,33,3,525104,526091,987
input_projection,33,4,526091,527078,987
input_projection,33,5,527078,528065,987
input_projection,33,6,528065,529052,987
input_projection,33,7,529052,530039,987
input_projection,33,8,530039,531026,987
input_projection,33,9,531026,532013,987
input_projection,33,10,532013,533000,987
input_projection,33,11,533000,533987,987
input_projection,33,12,533987,534974,987
input_projection,33,13,534974,535961,987
input_projection,33,14,535961,536948,987
input_projection,33,15,536948,537935,987
input_projection,34,0,537935,538922,987
input_projection,34,1,538922,539909,987
input_projection,34,2,539909,540896,987
input_projection,34,3,540896,541883,987
input_projection,34,4,541883,542870,987
input_projection,34,5,542870,543857,987
input_projection,34,6,543857,544844,987
input_projection,34,7,544844,545831,987
input_projection,34,8,545831,546818,987
input_projection,34,9,546818,547805,987
input_projection,34,10,547805,548792,987
input_projection,34,11,548792,549779,987
input_projection,34,12,549779,550766,987
input_projection,34,13,550766,551753,987
input_projection,34,14,551753,552740,987
input_projection,34,15,552740,553727,987
input_projection,35,0,553727,554714,987
input_projection,35,1,554714,555701,987
input_projection,35,2,555701,556688,987
input_projection,35,3,556688,557675,987
input_projection,35,4,557675,558662,987
input_projection,35,5,558662,559649,987
input_projection,35,6,559649,560636,987
input_projection,35,7,560636,561623,987
input_projection,35,8,561623,562610,987
input_projection,35,9,562610,563597,987
input_projection,35,10,563597,564584,987
input_projection,35,11,564584,565571,987
input_projection,35,12,565571,566558,987
input_projection,35,13,566558,567545,987
input_projection,35,14,567545,568532,987
input_projection,35,15,568532,569519,987
input_projection,36,0,569519,570506,987
input_projection,36,1,570506,571493,987
input_projection,36,2,571493,572480,987
input_projection,36,3,572480,573467,987
input_projection,36,4,573467,574454,987
input_projection,36,5,574454,575441,987
input_projection,36,6,575441,576428,987
input_projection,36,7,576428,577415,987
input_projection,36,8,577415,578402,987
input_projection,36,9,578402,579389,987
input_projection,36,10,579389,580376,987
input_projection,36,11,580376,581363,987
input_projection,36,12,581363,582350,987
input_projection,36,13,582350,583337,987
input_projection,36,14,583337,584324,987
input_projection,36,15,584324,585311,987
input_projection,37,0,585311,586298,987
input_projection,37,1,586298,587285,987
input_projection,37,2,587285,588272,987
input_projection,37,3,588272,589259,987
input_projection,37,4,589259,590246,987
input_projection,37,5,590246,591233,987
input_projection,37,6,591233,592220,987
input_projection,37,7,592220,593207,987
input_projection,37,8,593207,594194,987
input_projection,37,9,594194,595181,987
input_projection,37,10,595181,596168,987
input_projection,37,11,596168,597155,987
input_projection,37,12,597155,598142,987
input_projection,37,13,598142,599129,987
input_projection,37,14,599129,600116,987
input_projection,37,15,600116,601103,987
input_projection,38,0,601103,602090,987
input_projection,38,1,602090,603077,987
input_projection,38,2,603077,604064,987
input_projection,38,3,604064,605051,987
input_projection,38,4,605051,606038,987
input_projection,38,5,606038,607025,987
input_projection,38,6,607025,608012,987
input_projection,38,7,608012,608999,987
input_projection,38,8,608999,609986,987
input_projection,38,9,609986,610973,987
input_projection,38,10,610973,611960,987
input_projection,38,11,611960,612947,987
input_projection,38,12,612947,613934,987
input_projection,38,13,613934,614921,987
input_projection,38,14,614921,615908,987
input_projection,38,15,615908,616895,987
input_projection,39,0,616895,617882,987
input_projection,39,1,617882,618869,987
input_projection,39,2,618869,619856,987
input_projection,39,3,619856,620843,987
input_projection,39,4,620843,621830,987
input_projection,39,5,621830,622817,987
input_projection,39,6,622817,623804,987
input_projection,39,7,623804,624791,987
input_projection,39,8,624791,625778,987
input_projection,39,9,625778,626765,987
input_projection,39,10,626765,627752,987
input_projection,39,11,627752,628739,987
input_projection,39,12,628739,629726,987
input_projection,39,13,629726,630713,987
input_projection,39,14,630713,631700,987
input_projection,39,15,631700,632687,987
input_projection,40,0,632687,633674,987
input_projection,40,1,633674,634661,987
input_projection,40,2,634661,635648,987
input_projection,40,3,635648,636635,987
input_projection,40,4,636635,637622,987
input_projection,40,5,637622,638609,987
input_projection,40,6,638609,639596,987
input_projection,40,7,639596,640583,987
input_projection,40,8,640583,641570,987
input_projection,40,9,641570,642557,987
input_projection,40,10,642557,643544,987
input_projection,40,11,643544,644531,987
input_projection,40,12,644531,645518,987
input_projection,40,13,645518,646505,987
input_projection,40,14,646505,647492,987
input_projection,40,15,647492,648479,987
input_projection,41,0,648479,649466,987
input_projection,41,1,649466,650453,987
input_projection,41,2,650453,651440,987
input_projection,41,3,651440,652427,987
input_projection,41,4,652427,653414,987
input_projection,41,5,653414,654401,987
input_projection,41,6,654401,655388,987
input_projection,41,7,655388,656375,987
input_projection,41,8,656375,657362,987
input_projection,41,9,657362,658349,987
input_projection,41,10,658349,659336,987
input_projection,41,11,659336,660323,987
input_projection,41,12,660323,661310,987
input_projection,41,13,661310,662297,987
input_projection,41,14,662297,663284,987
input_projection,41,15,663284,664271,987
input_projection,42,0,664271,665258,987
input_projection,42,1,665258,666245,987
input_projection,42,2,666245,667232,987
input_projection,42,3,667232,668219,987
input_projection,42,4,668219,669206,987
input_projection,42,5,669206,670193,987
input_projection,42,6,670193,671180,987
input_projection,42,7,671180,672167,987
input_projection,42,8,672167,673154,987
input_projection,42,9,673154,674141,987
input_projection,42,10,674141,675128,987
input_projection,42,11,675128,676115,987
input_projection,42,12,676115,677102,987
input_projection,42,13,677102,678089,987
input_projection,42,14,678089,679076,987
input_projection,42,15,679076,680063,987
input_projection,43,0,680063,681050,987
input_projection,43,1,681050,682037,987
input_projection,43,2,682037,683024,987
input_projection,43,3,683024,684011,987
input_projection,43,4,684011,684998,987
input_projection,43,5,684998,685985,987
input_projection,43,6,685985,686972,987
input_projection,43,7,686972,687959,987
input_projection,43,8,687959,688946,987
input_projection,43,9,688946,689933,987
input_projection,43,10,689933,690920,987
input_projection,43,11,690920,691907,987
input_projection,43,12,691907,692894,987
input_projection,43,13,692894,693881,987
input_projection,43,14,693881,694868,987
input_projection,43,15,694868,695855,987
input_projection,44,0,695855,696842,987
input_projection,44,1,696842,697829,987
input_projection,44,2,697829,698816,987
input_projection,44,3,698816,699803,987
input_projection,44,4,699803,700790,987
input_projection,44,5,700790,701777,987
input_projection,44,6,701777,702764,987
input_projection,44,7,702764,703751,987
input_projection,44,8,703751,704738,987
input_projection,44,9,704738,705725,987
input_projection,44,10,705725,706712,987
input_projection,44,11,706712,707699,987
input_projection,44,12,707699,708686,987
input_projection,44,13,708686,709673,987
input_projection,44,14,709673,710660,987
input_projection,44,15,710660,711647,987
input_projection,45,0,711647,712634,987
input_projection,45,1,712634,713621,987
input_projection,45,2,713621,714608,987
input_projection,45,3,714608,715595,987
input_projection,45,4,715595,716582,987
input_projection,45,5,716582,717569,987
input_projection,45,6,717569,718556,987
input_projection,45,7,718556,719543,987
input_projection,45,8,719543,720530,987
input_projection,45,9,720530,721517,987
input_projection,45,10,721517,722504,987
input_projection,45,11,722504,723491,987
input_projection,45,12,723491,724478,987
input_projection,45,13,724478,725465,987
input_projection,45,14,725465,726452,987
input_projection,45,15,726452,727439,987
input_projection,46,0,727439,728426,987
input_projection,46,1,728426,729413,987
input_projection,46,2,729413,730400,987
input_projection,46,3,730400,731387,987
input_projection,46,4,731387,732374,987
input_projection,46,5,732374,733361,987
input_projection,46,6,733361,734348,987
input_projection,46,7,734348,735335,987
input_projection,46,8,735335,736322,987
input_projection,46,9,736322,737309,987
input_projection,46,10,737309,738296,987
input_projection,46,11,738296,739283,987
input_projection,46,12,739283,740270,987
input_projection,46,13,740270,741257,987
input_projection,46,14,741257,742244,987
input_projection,46,15,742244,743231,987
input_projection,47,0,743231,744218,987
input_projection,47,1,744218,745205,987
input_projection,47,2,745205,746192,987
input_projection,47,3,746192,747179,987
input_projection,47,4,747179,748166,987
input_projection,47,5,748166,749153,987
input_projection,47,6,749153,750140,987
input_projection,47,7,750140,751127,987
input_projection,47,8,751127,752114,987
input_projection,47,9,752114,753101,987
input_projection,47,10,753101,754088,987
input_projection,47,11,754088,755075,987
input_projection,47,12,755075,756062,987
input_projection,47,13,756062,757049,987
input_projection,47,14,757049,758036,987
input_projection,47,15,758036,759023,987
input_projection,48,0,759023,760010,987
input_projection,48,1,760010,760997,987
input_projection,48,2,760997,761984,987
input_projection,48,3,761984,762971,987
input_projection,48,4,762971,763958,987
input_projection,48,5,763958,764945,987
input_projection,48,6,764945,765932,987
input_projection,48,7,765932,766919,987
input_projection,48,8,766919,767906,987
input_projection,48,9,767906,768893,987
input_projection,48,10,768893,769880,987
input_projection,48,11,769880,770867,987
input_projection,48,12,770867,771854,987
input_projection,48,13,771854,772841,987
input_projection,48,14,772841,773828,987
input_projection,48,15,773828,774815,987
input_projection,49,0,774815,775802,987
input_projection,49,1,775802,776789,987
input_projection,49,2,776789,777776,987
input_projection,49,3,777776,778763,987
input_projection,49,4,778763,779750,987
input_projection,49,5,779750,780737,987
input_projection,49,6,780737,781724,987
input_projection,49,7,781724,782711,987
input_projection,49,8,782711,783698,987
input_projection,49,9,783698,784685,987
input_projection,49,10,784685,785672,987
input_projection,49,11,785672,786659,987
input_projection,49,12,786659,787646,987
input_projection,49,13,787646,788633,987
input_projection,49,14,788633,789620,987
input_projection,49,15,789620,790607,987
input_projection,50,0,790607,791594,987
input_projection,50,1,791594,792581,987
input_projection,50,2,792581,793568,987
input_projection,50,3,793568,794555,987
input_projection,50,4,794555,795542,987
input_projection,50,5,795542,796529,987
input_projection,50,6,796529,797516,987
input_projection,50,7,797516,798503,987
input_projection,50,8,798503,799490,987
input_projection,50,9,799490,800477,987
input_projection,50,10,800477,801464,987
input_projection,50,11,801464,802451,987
input_projection,50,12,802451,803438,987
input_projection,50,13,803438,804425,987
input_projection,50,14,804425,805412,987
input_projection,50,15,805412,806399,987
input_projection,51,0,806399,807386,987
input_projection,51,1,807386,808373,987
input_projection,51,2,808373,809360,987
input_projection,51,3,809360,810347,987
input_projection,51,4,810347,811334,987
input_projection,51,5,811334,812321,987
input_projection,51,6,812321,813308,987
input_projection,51,7,813308,814295,987
input_projection,51,8,814295,815282,987
input_projection,51,9,815282,816269,987
input_projection,51,10,816269,817256,987
input_projection,51,11,817256,818243,987
input_projection,51,12,818243,819230,987
input_projection,51,13,819230,820217,987
input_projection,51,14,820217,821204,987
input_projection,51,15,821204,822191,987
input_projection,52,0,822191,823178,987
input_projection,52,1,823178,824165,987
input_projection,52,2,824165,825152,987
input_projection,52,3,825152,826139,987
input_projection,52,4,826139,827126,987
input_projection,52,5,827126,828113,987
input_projection,52,6,828113,829100,987
input_projection,52,7,829100,830087,987
input_projection,52,8,830087,831074,987
input_projection,52,9,831074,832061,987
input_projection,52,10,832061,833048,987
input_projection,52,11,833048,834035,987
input_projection,52,12,834035,835022,987
input_projection,52,13,835022,836009,987
input_projection,52,14,836009,836996,987
input_projection,52,15,836996,837983,987
input_projection,53,0,837983,838970,987
input_projection,53,1,838970,839957,987
input_projection,53,2,839957,840944,987
input_projection,53,3,840944,841931,987
input_projection,53,4,841931,842918,987
input_projection,53,5,842918,843905,987
input_projection,53,6,843905,844892,987
input_projection,53,7,844892,845879,987
input_projection,53,8,845879,846866,987
input_projection,53,9,846866,847853,987
input_projection,53,10,847853,848840,987
input_projection,53,11,848840,849827,987
input_projection,53,12,849827,850814,987
input_projection,53,13,850814,851801,987
input_projection,53,14,851801,852788,987
input_projection,53,15,852788,853775,987
input_projection,54,0,853775,854762,987
input_projection,54,1,854762,855749,987
input_projection,54,2,855749,856736,987
input_projection,54,3,856736,857723,987
input_projection,54,4,857723,858710,987
input_projection,54,5,858710,859697,987
input_projection,54,6,859697,860684,987
input_projection,54,7,860684,861671,987
input_projection,54,8,861671,862658,987
input_projection,54,9,862658,863645,987
input_projection,54,10,863645,864632,987
input_projection,54,11,864632,865619,987
input_projection,54,12,865619,866606,987
input_projection,54,13,866606,867593,987
input_projection,54,14,867593,868580,987
input_projection,54,15,868580,869567,987
input_projection,55,0,869567,870554,987
input_projection,55,1,870554,871541,987
input_projection,55,2,871541,872528,987
input_projection,55,3,872528,873515,987
input_projection,55,4,873515,874502,987
input_projection,55,5,874502,875489,987
input_projection,55,6,875489,876476,987
input_projection,55,7,876476,877463,987
input_projection,55,8,877463,878450,987
input_projection,55,9,878450,879437,987
input_projection,55,10,879437,880424,987
input_projection,55,11,880424,881411,987
input_projection,55,12,881411,882398,987
input_projection,55,13,882398,883385,987
input_projection,55,14,883385,884372,987
input_projection,55,15,884372,885359,987
input_projection,56,0,885359,886346,987
input_projection,56,1,886346,887333,987
input_projection,56,2,887333,888320,987
input_projection,56,3,888320,889307,987
input_projection,56,4,889307,890294,987
input_projection,56,5,890294,891281,987
input_projection,56,6,891281,892268,987
input_projection,56,7,892268,893255,987
input_projection,56,8,893255,894242,987
input_projection,56,9,894242,895229,987
input_projection,56,10,895229,896216,987
input_projection,56,11,896216,897203,987
input_projection,56,12,897203,898190,987
input_projection,56,13,898190,899177,987
input_projection,56,14,899177,900164,987
input_projection,56,15,900164,901151,987
input_projection,57,0,901151,902138,987
input_projection,57,1,902138,903125,987
input_projection,57,2,903125,904112,987
input_projection,57,3,904112,905099,987
input_projection,57,4,905099,906086,987
input_projection,57,5,906086,907073,987
input_projection,57,6,907073,908060,987
input_projection,57,7,908060,909047,987
input_projection,57,8,909047,910034,987
input_projection,57,9,910034,911021,987
input_projection,57,10,911021,912008,987
input_projection,57,11,912008,912995,987
input_projection,57,12,912995,913982,987
input_projection,57,13,913982,914969,987
input_projection,57,14,914969,915956,987
input_projection,57,15,915956,916943,987
input_projection,58,0,916943,917930,987
input_projection,58,1,917930,918917,987
input_projection,58,2,918917,919904,987
input_projection,58,3,919904,920891,987
input_projection,58,4,920891,921878,987
input_projection,58,5,921878,922865,987
input_projection,58,6,922865,923852,987
input_projection,58,7,923852,924839,987
input_projection,58,8,924839,925826,987
input_projection,58,9,925826,926813,987
input_projection,58,10,926813,927800,987
input_projection,58,11,927800,928787,987
input_projection,58,12,928787,929774,987
input_projection,58,13,929774,930761,987
input_projection,58,14,930761,931748,987
input_projection,58,15,931748,932735,987
input_projection,59,0,932735,933722,987
input_projection,59,1,933722,934709,987
input_projection,59,2,934709,935696,987
input_projection,59,3,935696,936683,987
input_projection,59,4,936683,937670,987
input_projection,59,5,937670,938657,987
input_projection,59,6,938657,939644,987
input_projection,59,7,939644,940631,987
input_projection,59,8,940631,941618,987
input_projection,59,9,941618,942605,987
input_projection,59,10,942605,943592,987
input_projection,59,11,943592,944579,987
input_projection,59,12,944579,945566,987
input_projection,59,13,945566,946553,987
input_projection,59,14,946553,947540,987
input_projection,59,15,947540,948527,987
input_projection,60,0,948527,949514,987
input_projection,60,1,949514,950501,987
input_projection,60,2,950501,951488,987
input_projection,60,3,951488,952475,987
input_projection,60,4,952475,953462,987
input_projection,60,5,953462,954449,987
input_projection,60,6,954449,955436,987
input_projection,60,7,955436,956423,987
input_projection,60,8,956423,957410,987
input_projection,60,9,957410,958397,987
input_projection,60,10,958397,959384,987
input_projection,60,11,959384,960371,987
input_projection,60,12,960371,961358,987
input_projection,60,13,961358,962345,987
input_projection,60,14,962345,963332,987
input_projection,60,15,963332,964319,987
input_projection,61,0,964319,965306,987
input_projection,61,1,965306,966293,987
input_projection,61,2,966293,967280,987
input_projection,61,3,967280,968267,987
input_projection,61,4,968267,969254,987
input_projection,61,5,969254,970241,987
input_projection,61,6,970241,971228,987
input_projection,61,7,971228,972215,987
input_projection,61,8,972215,973202,987
input_projection,61,9,973202,974189,987
input_projection,61,10,974189,975176,987
input_projection,61,11,975176,976163,987
input_projection,61,12,976163,977150,987
input_projection,61,13,977150,978137,987
input_projection,61,14,978137,979124,987
input_projection,61,15,979124,980111,987
input_projection,62,0,980111,981098,987
input_projection,62,1,981098,982085,987
input_projection,62,2,982085,983072,987
input_projection,62,3,983072,984059,987
input_projection,62,4,984059,985046,987
input_projection,62,5,985046,986033,987
input_projection,62,6,986033,987020,987
input_projection,62,7,987020,988007,987
input_projection,62,8,988007,988994,987
input_projection,62,9,988994,989981,987
input_projection,62,10,989981,990968,987
input_projection,62,11,990968,991955,987
input_projection,62,12,991955,992942,987
input_projection,62,13,992942,993929,987
input_projection,62,14,993929,994916,987
input_projection,62,15,994916,995903,987
input_projection,63,0,995903,996890,987
input_projection,63,1,996890,997877,987
input_projection,63,2,997877,998864,987
input_projection,63,3,998864,999851,987
input_projection,63,4,999851,1000838,987
input_projection,63,5,1000838,1001825,987
input_projection,63,6,1001825,1002812,987
input_projection,63,7,1002812,1003799,987
input_projection,63,8,1003799,1004786,987
input_projection,63,9,1004786,1005773,987
input_projection,63,10,1005773,1006760,987
input_projection,63,11,1006760,1007747,987
input_projection,63,12,1007747,1008734,987
input_projection,63,13,1008734,1009721,987
input_projection,63,14,1009721,1010708,987
input_projection,63,15,1010708,1011695,987
conv_input_queue,0,0,1994,1995,1
conv_input_queue,0,1,2981,2982,1
conv_input_queue,0,2,3968,3969,1
conv_input_queue,0,3,4955,4956,1
conv_input_queue,0,4,5942,5943,1
conv_input_queue,0,5,6929,6930,1
conv_input_queue,0,6,7916,7917,1
conv_input_queue,0,7,8903,8904,1
conv_input_queue,0,8,9890,9891,1
conv_input_queue,0,9,10877,10878,1
conv_input_queue,0,10,11864,11865,1
conv_input_queue,0,11,12851,12852,1
conv_input_queue,0,12,13838,13839,1
conv_input_queue,0,13,14825,14826,1
conv_input_queue,0,14,15812,15813,1
conv_input_queue,0,15,16799,16800,1
conv_input_queue,1,0,17786,17787,1
conv_input_queue,1,1,18773,18774,1
conv_input_queue,1,2,19760,19761,1
conv_input_queue,1,3,20747,20748,1
conv_input_queue,1,4,21734,21735,1
conv_input_queue,1,5,22721,22722,1
conv_input_queue,1,6,23708,23709,1
conv_input_queue,1,7,24695,24696,1
conv_input_queue,1,8,25682,25683,1
conv_input_queue,1,9,26669,26670,1
conv_input_queue,1,10,27656,27657,1
conv_input_queue,1,11,28643,28644,1
conv_input_queue,1,12,29630,29631,1
conv_input_queue,1,13,30617,30618,1
conv_input_queue,1,14,31604,31605,1
conv_input_queue,1,15,32591,32592,1
conv_input_queue,2,0,33578,33579,1
conv_input_queue,2,1,34565,34566,1
conv_input_queue,2,2,35552,35553,1
conv_input_queue,2,3,36539,36540,1
conv_input_queue,2,4,37526,37527,1
conv_input_queue,2,5,38513,38514,1
conv_input_queue,2,6,39500,39501,1
conv_input_queue,2,7,40487,40488,1
conv_input_queue,2,8,41474,41475,1
conv_input_queue,2,9,42461,42462,1
conv_input_queue,2,10,43448,43449,1
conv_input_queue,2,11,44435,44436,1
conv_input_queue,2,12,45422,45423,1
conv_input_queue,2,13,46409,46410,1
conv_input_queue,2,14,47396,47397,1
conv_input_queue,2,15,48383,48384,1
conv_input_queue,3,0,49370,49371,1
conv_input_queue,3,1,50357,50358,1
conv_input_queue,3,2,51344,51345,1
conv_input_queue,3,3,52331,52332,1
conv_input_queue,3,4,53318,53319,1
conv_input_queue,3,5,54305,54306,1
conv_input_queue,3,6,55292,55293,1
conv_input_queue,3,7,56279,56280,1
conv_input_queue,3,8,57266,57267,1
conv_input_queue,3,9,58253,58254,1
conv_input_queue,3,10,59240,59241,1
conv_input_queue,3,11,60227,60228,1
conv_input_queue,3,12,61214,61215,1
conv_input_queue,3,13,62201,62202,1
conv_input_queue,3,14,63188,63189,1
conv_input_queue,3,15,64175,64176,1
conv_input_queue,4,0,65162,65163,1
conv_input_queue,4,1,66149,66150,1
conv_input_queue,4,2,67136,67137,1
conv_input_queue,4,3,68123,68124,1
conv_input_queue,4,4,69110,69111,1
conv_input_queue,4,5,70097,70098,1
conv_input_queue,4,6,71084,71085,1
conv_input_queue,4,7,72071,72072,1
conv_input_queue,4,8,73058,73059,1
conv_input_queue,4,9,74045,74046,1
conv_input_queue,4,10,75032,75033,1
conv_input_queue,4,11,76019,76020,1
conv_input_queue,4,12,77006,77007,1
conv_input_queue,4,13,77993,77994,1
conv_input_queue,4,14,78980,78981,1
conv_input_queue,4,15,79967,79968,1
conv_input_queue,5,0,80954,80955,1
conv_input_queue,5,1,81941,81942,1
conv_input_queue,5,2,82928,82929,1
conv_input_queue,5,3,83915,83916,1
conv_input_queue,5,4,84902,84903,1
conv_input_queue,5,5,85889,85890,1
conv_input_queue,5,6,86876,86877,1
conv_input_queue,5,7,87863,87864,1
conv_input_queue,5,8,88850,88851,1
conv_input_queue,5,9,89837,89838,1
conv_input_queue,5,10,90824,90825,1
conv_input_queue,5,11,91811,91812,1
conv_input_queue,5,12,92798,92799,1
conv_input_queue,5,13,93785,93786,1
conv_input_queue,5,14,94772,94773,1
conv_input_queue,5,15,95759,95760,1
conv_input_queue,6,0,96746,96747,1
conv_input_queue,6,1,97733,97734,1
conv_input_queue,6,2,98720,98721,1
conv_input_queue,6,3,99707,99708,1
conv_input_queue,6,4,100694,100695,1
conv_input_queue,6,5,101681,101682,1
conv_input_queue,6,6,102668,102669,1
conv_input_queue,6,7,103655,103656,1
conv_input_queue,6,8,104642,104643,1
conv_input_queue,6,9,105629,105630,1
conv_input_queue,6,10,106616,106617,1
conv_input_queue,6,11,107603,107604,1
conv_input_queue,6,12,108590,108591,1
conv_input_queue,6,13,109577,109578,1
conv_input_queue,6,14,110564,110565,1
conv_input_queue,6,15,111551,111552,1
conv_input_queue,7,0,112538,112539,1
conv_input_queue,7,1,113525,113526,1
conv_input_queue,7,2,114512,114513,1
conv_input_queue,7,3,115499,115500,1
conv_input_queue,7,4,116486,116487,1
conv_input_queue,7,5,117473,117474,1
conv_input_queue,7,6,118460,118461,1
conv_input_queue,7,7,119447,119448,1
conv_input_queue,7,8,120434,120435,1
conv_input_queue,7,9,121421,121422,1
conv_input_queue,7,10,122408,122409,1
conv_input_queue,7,11,123395,123396,1
conv_input_queue,7,12,124382,124383,1
conv_input_queue,7,13,125369,125370,1
conv_input_queue,7,14,126356,126357,1
conv_input_queue,7,15,127343,127344,1
conv_input_queue,8,0,128330,128331,1
conv_input_queue,8,1,129317,129318,1
conv_input_queue,8,2,130304,130305,1
conv_input_queue,8,3,131291,131292,1
conv_input_queue,8,4,132278,132279,1
conv_input_queue,8,5,133265,133266,1
conv_input_queue,8,6,134252,134253,1
conv_input_queue,8,7,135239,135240,1
conv_input_queue,8,8,136226,136227,1
conv_input_queue,8,9,137213,137214,1
conv_input_queue,8,10,138200,138201,1
conv_input_queue,8,11,139187,139188,1
conv_input_queue,8,12,140174,140175,1
conv_input_queue,8,13,141161,141162,1
conv_input_queue,8,14,142148,142149,1
conv_input_queue,8,15,143135,143136,1
conv_input_queue,9,0,144122,144123,1
conv_input_queue,9,1,145109,145110,1
conv_input_queue,9,2,146096,146097,1
conv_input_queue,9,3,147083,147084,1
conv_input_queue,9,4,148070,148071,1
conv_input_queue,9,5,149057,149058,1
conv_input_queue,9,6,150044,150045,1
conv_input_queue,9,7,151031,151032,1
conv_input_queue,9,8,152018,152019,1
conv_input_queue,9,9,153005,153006,1
conv_input_queue,9,10,153992,153993,1
conv_input_queue,9,11,154979,154980,1
conv_input_queue,9,12,155966,155967,1
conv_input_queue,9,13,156953,156954,1
conv_input_queue,9,14,157940,157941,1
conv_input_queue,9,15,158927,158928,1
conv_input_queue,10,0,159914,159915,1
conv_input_queue,10,1,160901,160902,1
conv_input_queue,10,2,161888,161889,1
conv_input_queue,10,3,162875,162876,1
conv_input_queue,10,4,163862,163863,1
conv_input_queue,10,5,164849,164850,1
conv_input_queue,10,6,165836,165837,1
conv_input_queue,10,7,166823,166824,1
conv_input_queue,10,8,167810,167811,1
conv_input_queue,10,9,168797,168798,1
conv_input_queue,10,10,169784,169785,1
conv_input_queue,10,11,170771,170772,1
conv_input_queue,10,12,171758,171759,1
conv_input_queue,10,13,172745,172746,1
conv_input_queue,10,14,173732,173733,1
conv_input_queue,10,15,174719,174720,1
conv_input_queue,11,0,175706,175707,1
conv_input_queue,11,1,176693,176694,1
conv_input_queue,11,2,177680,177681,1
conv_input_queue,11,3,178667,178668,1
conv_input_queue,11,4,179654,179655,1
conv_input_queue,11,5,180641,180642,1
conv_input_queue,11,6,181628,181629,1
conv_input_queue,11,7,182615,182616,1
conv_input_queue,11,8,183602,183603,1
conv_input_queue,11,9,184589,184590,1
conv_input_queue,11,10,185576,185577,1
conv_input_queue,11,11,186563,186564,1
conv_input_queue,11,12,187550,187551,1
conv_input_queue,11,13,188537,188538,1
conv_input_queue,11,14,189524,189525,1
conv_input_queue,11,15,190511,190512,1
conv_input_queue,12,0,191498,191499,1
conv_input_queue,12,1,192485,192486,1
conv_input_queue,12,2,193472,193473,1
conv_input_queue,12,3,194459,194460,1
conv_input_queue,12,4,195446,195447,1
conv_input_queue,12,5,196433,196434,1
conv_input_queue,12,6,197420,197421,1
conv_input_queue,12,7,198407,198408,1
conv_input_queue,12,8,199394,199395,1
conv_input_queue,12,9,200381,200382,1
conv_input_queue,12,10,201368,201369,1
conv_input_queue,12,11,202355,202356,1
conv_input_queue,12,12,203342,203343,1
conv_input_queue,12,13,204329,204330,1
conv_input_queue,12,14,205316,205317,1
conv_input_queue,12,15,206303,206304,1
conv_input_queue,13,0,207290,207291,1
conv_input_queue,13,1,208277,208278,1
conv_input_queue,13,2,209264,209265,1
conv_input_queue,13,3,210251,210252,1
conv_input_queue,13,4,211238,211239,1
conv_input_queue,13,5,212225,212226,1
conv_input_queue,13,6,213212,213213,1
conv_input_queue,13,7,214199,214200,1
conv_input_queue,13,8,215186,215187,1
conv_input_queue,13,9,216173,216174,1
conv_input_queue,13,10,217160,217161,1
conv_input_queue,13,11,218147,218148,1
conv_input_queue,13,12,219134,219135,1
conv_input_queue,13,13,220121,220122,1
conv_input_queue,13,14,221108,221109,1
conv_input_queue,13,15,222095,222096,1
conv_input_queue,14,0,223082,223083,1
conv_input_queue,14,1,224069,224070,1
conv_input_queue,14,2,225056,225057,1
conv_input_queue,14,3,226043,226044,1
conv_input_queue,14,4,227030,227031,1
conv_input_queue,14,5,228017,228018,1
conv_input_queue,14,6,229004,229005,1
conv_input_queue,14,7,229991,229992,1
conv_input_queue,14,8,230978,230979,1
conv_input_queue,14,9,231965,231966,1
conv_input_queue,14,10,232952,232953,1
conv_input_queue,14,11,233939,233940,1
conv_input_queue,14,12,234926,234927,1
conv_input_queue,14,13,235913,235914,1
conv_input_queue,14,14,236900,236901,1
conv_input_queue,14,15,237887,237888,1
conv_input_queue,15,0,238874,238875,1
conv_input_queue,15,1,239861,239862,1
conv_input_queue,15,2,240848,240849,1
conv_input_queue,15,3,241835,241836,1
conv_input_queue,15,4,242822,242823,1
conv_input_queue,15,5,243809,243810,1
conv_input_queue,15,6,244796,244797,1
conv_input_queue,15,7,245783,245784,1
conv_input_queue,15,8,246770,246771,1
conv_input_queue,15,9,247757,247758,1
conv_input_queue,15,10,248744,248745,1
conv_input_queue,15,11,249731,249732,1
conv_input_queue,15,12,250718,250719,1
conv_input_queue,15,13,251705,251706,1
conv_input_queue,15,14,252692,252693,1
conv_input_queue,15,15,253679,253680,1
conv_input_queue,16,0,254666,254667,1
conv_input_queue,16,1,255653,255654,1
conv_input_queue,16,2,256640,256641,1
conv_input_queue,16,3,257627,257628,1
conv_input_queue,16,4,258614,258615,1
conv_input_queue,16,5,259601,259602,1
conv_input_queue,16,6,260588,260589,1
conv_input_queue,16,7,261575,261576,1
conv_input_queue,16,8,262562,262563,1
conv_input_queue,16,9,263549,263550,1
conv_input_queue,16,10,264536,264537,1
conv_input_queue,16,11,265523,265524,1
conv_input_queue,16,12,266510,266511,1
conv_input_queue,16,13,267497,267498,1
conv_input_queue,16,14,268484,268485,1
conv_input_queue,16,15,269471,269472,1
conv_input_queue,17,0,270458,270459,1
conv_input_queue,17,1,271445,271446,1
conv_input_queue,17,2,272432,272433,1
conv_input_queue,17,3,273419,273420,1
conv_input_queue,17,4,274406,274407,1
conv_input_queue,17,5,275393,275394,1
conv_input_queue,17,6,276380,276381,1
conv_input_queue,17,7,277367,277368,1
conv_input_queue,17,8,278354,278355,1
conv_input_queue,17,9,279341,279342,1
conv_input_queue,17,10,280328,280329,1
conv_input_queue,17,11,281315,281316,1
conv_input_queue,17,12,282302,282303,1
conv_input_queue,17,13,283289,283290,1
conv_input_queue,17,14,284276,284277,1
conv_input_queue,17,15,285263,285264,1
conv_input_queue,18,0,286250,286251,1
conv_input_queue,18,1,287237,287238,1
conv_input_queue,18,2,288224,288225,1
conv_input_queue,18,3,289211,289212,1
conv_input_queue,18,4,290198,290199,1
conv_input_queue,18,5,291185,291186,1
conv_input_queue,18,6,292172,292173,1
conv_input_queue,18,7,293159,293160,1
conv_input_queue,18,8,294146,294147,1
conv_input_queue,18,9,295133,295134,1
conv_input_queue,18,10,296120,296121,1
conv_input_queue,18,11,297107,297108,1
conv_input_queue,18,12,298094,298095,1
conv_input_queue,18,13,299081,299082,1
conv_input_queue,18,14,300068,300069,1
conv_input_queue,18,15,301055,301056,1
conv_input_queue,19,0,302042,302043,1
conv_input_queue,19,1,303029,303030,1
conv_input_queue,19,2,304016,304017,1
conv_input_queue,19,3,305003,305004,1
conv_input_queue,19,4,305990,305991,1
conv_input_queue,19,5,306977,306978,1
conv_input_queue,19,6,307964,307965,1
conv_input_queue,19,7,308951,308952,1
conv_input_queue,19,8,309938,309939,1
conv_input_queue,19,9,310925,310926,1
conv_input_queue,19,10,311912,311913,1
conv_input_queue,19,11,312899,312900,1
conv_input_queue,19,12,313886,313887,1
conv_input_queue,19,13,314873,314874,1
conv_input_queue,19,14,315860,315861,1
conv_input_queue,19,15,316847,316848,1
conv_input_queue,20,0,317834,317835,1
conv_input_queue,20,1,318821,318822,1
conv_input_queue,20,2,319808,319809,1
conv_input_queue,20,3,320795,320796,1
conv_input_queue,20,4,321782,321783,1
conv_input_queue,20,5,322769,322770,1
conv_input_queue,20,6,323756,323757,1
conv_input_queue,20,7,324743,324744,1
conv_input_queue,20,8,325730,325731,1
conv_input_queue,20,9,326717,326718,1
conv_input_queue,20,10,327704,327705,1
conv_input_queue,20,11,328691,328692,1
conv_input_queue,20,12,329678,329679,1
conv_input_queue,20,13,330665,330666,1
conv_input_queue,20,14,331652,331653,1
conv_input_queue,20,15,332639,332640,1
conv_input_queue,21,0,333626,333627,1
conv_input_queue,21,1,334613,334614,1
conv_input_queue,21,2,335600,335601,1
conv_input_queue,21,3,336587,336588,1
conv_input_queue,21,4,337574,337575,1
conv_input_queue,21,5,338561,338562,1
conv_input_queue,21,6,339548,339549,1
conv_input_queue,21,7,340535,340536,1
conv_input_queue,21,8,341522,341523,1
conv_input_queue,21,9,342509,342510,1
conv_input_queue,21,10,343496,343497,1
conv_input_queue,21,11,344483,344484,1
conv_input_queue,21,12,345470,345471,1
conv_input_queue,21,13,346457,346458,1
conv_input_queue,21,14,347444,347445,1
conv_input_queue,21,15,348431,348432,1
conv_input_queue,22,0,349418,349419,1
conv_input_queue,22,1,350405,350406,1
conv_input_queue,22,2,351392,351393,1
conv_input_queue,22,3,352379,352380,1
conv_input_queue,22,4,353366,353367,1
conv_input_queue,22,5,354353,354354,1
conv_input_queue,22,6,355340,355341,1
conv_input_queue,22,7,356327,356328,1
conv_input_queue,22,8,357314,357315,1
conv_input_queue,22,9,358301,358302,1
conv_input_queue,22,10,359288,359289,1
conv_input_queue,22,11,360275,360276,1
conv_input_queue,22,12,361262,361263,1
conv_input_queue,22,13,362249,362250,1
conv_input_queue,22,14,363236,363237,1
conv_input_queue,22,15,364223,364224,1
conv_input_queue,23,0,365210,365211,1
conv_input_queue,23,1,366197,366198,1
conv_input_queue,23,2,367184,367185,1
conv_input_queue,23,3,368171,368172,1
conv_input_queue,23,4,369158,369159,1
conv_input_queue,23,5,370145,370146,1
conv_input_queue,23,6,371132,371133,1
conv_input_queue,23,7,372119,372120,1
conv_input_queue,23,8,373106,373107,1
conv_input_queue,23,9,374093,374094,1
conv_input_queue,23,10,375080,375081,1
conv_input_queue,23,11,376067,376068,1
conv_input_queue,23,12,377054,377055,1
conv_input_queue,23,13,378041,378042,1
conv_input_queue,23,14,379028,379029,1
conv_input_queue,23,15,380015,380016,1
conv_input_queue,24,0,381002,381003,1
conv_input_queue,24,1,381989,381990,1
conv_input_queue,24,2,382976,382977,1
conv_input_queue,24,3,383963,383964,1
conv_input_queue,24,4,384950,384951,1
conv_input_queue,24,5,385937,385938,1
conv_input_queue,24,6,386924,386925,1
conv_input_queue,24,7,387911,387912,1
conv_input_queue,24,8,388898,388899,1
conv_input_queue,24,9,389885,389886,1
conv_input_queue,24,10,390872,390873,1
conv_input_queue,24,11,391859,391860,1
conv_input_queue,24,12,392846,392847,1
conv_input_queue,24,13,393833,393834,1
conv_input_queue,24,14,394820,394821,1
conv_input_queue,24,15,395807,395808,1
conv_input_queue,25,0,396794,396795,1
conv_input_queue,25,1,397781,397782,1
conv_input_queue,25,2,398768,398769,1
conv_input_queue,25,3,399755,399756,1
conv_input_queue,25,4,400742,400743,1
conv_input_queue,25,5,401729,401730,1
conv_input_queue,25,6,402716,402717,1
conv_input_queue,25,7,403703,403704,1
conv_input_queue,25,8,404690,404691,1
conv_input_queue,25,9,405677,405678,1
conv_input_queue,25,10,406664,406665,1
conv_input_queue,25,11,407651,407652,1
conv_input_queue,25,12,408638,408639,1
conv_input_queue,25,13,409625,409626,1
conv_input_queue,25,14,410612,410613,1
conv_input_queue,25,15,411599,411600,1
conv_input_queue,26,0,412586,412587,1
conv_input_queue,26,1,413573,413574,1
conv_input_queue,26,2,414560,414561,1
conv_input_queue,26,3,415547,415548,1
conv_input_queue,26,4,416534,416535,1
conv_input_queue,26,5,417521,417522,1
conv_input_queue,26,6,418508,418509,1
conv_input_queue,26,7,419495,419496,1
conv_input_queue,26,8,420482,420483,1
conv_input_queue,26,9,421469,421470,1
conv_input_queue,26,10,422456,422457,1
conv_input_queue,26,11,423443,423444,1
conv_input_queue,26,12,424430,424431,1
conv_input_queue,26,13,425417,425418,1
conv_input_queue,26,14,426404,426405,1
conv_input_queue,26,15,427391,427392,1
conv_input_queue,27,0,428378,428379,1
conv_input_queue,27,1,429365,429366,1
conv_input_queue,27,2,430352,430353,1
conv_input_queue,27,3,431339,431340,1
conv_input_queue,27,4,432326,432327,1
conv_input_queue,27,5,433313,433314,1
conv_input_queue,27,6,434300,434301,1
conv_input_queue,27,7,435287,435288,1
conv_input_queue,27,8,436274,436275,1
conv_input_queue,27,9,437261,437262,1
conv_input_queue,27,10,438248,438249,1
conv_input_queue,27,11,439235,439236,1
conv_input_queue,27,12,440222,440223,1
conv_input_queue,27,13,441209,441210,1
conv_input_queue,27,14,442196,442197,1
conv_input_queue,27,15,443183,443184,1
conv_input_queue,28,0,444170,444171,1
conv_input_queue,28,1,445157,445158,1
conv_input_queue,28,2,446144,446145,1
conv_input_queue,28,3,447131,447132,1
conv_input_queue,28,4,448118,448119,1
conv_input_queue,28,5,449105,449106,1
conv_input_queue,28,6,450092,450093,1
conv_input_queue,28,7,451079,451080,1
conv_input_queue,28,8,452066,452067,1
conv_input_queue,28,9,453053,453054,1
conv_input_queue,28,10,454040,454041,1
conv_input_queue,28,11,455027,455028,1
conv_input_queue,28,12,456014,456015,1
conv_input_queue,28,13,457001,457002,1
conv_input_queue,28,14,457988,457989,1
conv_input_queue,28,15,458975,458976,1
conv_input_queue,29,0,459962,459963,1
conv_input_queue,29,1,460949,460950,1
conv_input_queue,29,2,461936,461937,1
conv_input_queue,29,3,462923,462924,1
conv_input_queue,29,4,463910,463911,1
conv_input_queue,29,5,464897,464898,1
conv_input_queue,29,6,465884,465885,1
conv_input_queue,29,7,466871,466872,1
conv_input_queue,29,8,467858,467859,1
conv_input_queue,29,9,468845,468846,1
conv_input_queue,29,10,469832,469833,1
conv_input_queue,29,11,470819,470820,1
conv_input_queue,29,12,471806,471807,1
conv_input_queue,29,13,472793,472794,1
conv_input_queue,29,14,473780,473781,1
conv_input_queue,29,15,474767,474768,1
conv_input_queue,30,0,475754,475755,1
conv_input_queue,30,1,476741,476742,1
conv_input_queue,30,2,477728,477729,1
conv_input_queue,30,3,478715,478716,1
conv_input_queue,30,4,479702,479703,1
conv_input_queue,30,5,480689,480690,1
conv_input_queue,30,6,481676,481677,1
conv_input_queue,30,7,482663,482664,1
conv_input_queue,30,8,483650,483651,1
conv_input_queue,30,9,484637,484638,1
conv_input_queue,30,10,485624,485625,1
conv_input_queue,30,11,486611,486612,1
conv_input_queue,30,12,487598,487599,1
conv_input_queue,30,13,488585,488586,1
conv_input_queue,30,14,489572,489573,1
conv_input_queue,30,15,490559,490560,1
conv_input_queue,31,0,491546,491547,1
conv_input_queue,31,1,492533,492534,1
conv_input_queue,31,2,493520,493521,1
conv_input_queue,31,3,494507,494508,1
conv_input_queue,31,4,495494,495495,1
conv_input_queue,31,5,496481,496482,1
conv_input_queue,31,6,497468,497469,1
conv_input_queue,31,7,498455,498456,1
conv_input_queue,31,8,499442,499443,1
conv_input_queue,31,9,500429,500430,1
conv_input_queue,31,10,501416,501417,1
conv_input_queue,31,11,502403,502404,1
conv_input_queue,31,12,503390,503391,1
conv_input_queue,31,13,504377,504378,1
conv_input_queue,31,14,505364,505365,1
conv_input_queue,31,15,506351,506352,1
conv_input_queue,32,0,507338,507339,1
conv_input_queue,32,1,508325,508326,1
conv_input_queue,32,2,509312,509313,1
conv_input_queue,32,3,510299,510300,1
conv_input_queue,32,4,511286,511287,1
conv_input_queue,32,5,512273,512274,1
conv_input_queue,32,6,513260,513261,1
conv_input_queue,32,7,514247,514248,1
conv_input_queue,32,8,515234,515235,1
conv_input_queue,32,9,516221,516222,1
conv_input_queue,32,10,517208,517209,1
conv_input_queue,32,11,518195,518196,1
conv_input_queue,32,12,519182,519183,1
conv_input_queue,32,13,520169,520170,1
conv_input_queue,32,14,521156,521157,1
conv_input_queue,32,15,522143,522144,1
conv_input_queue,33,0,523130,523131,1
conv_input_queue,33,1,524117,524118,1
conv_input_queue,33,2,525104,525105,1
conv_input_queue,33,3,526091,526092,1
conv_input_queue,33,4,527078,527079,1
conv_input_queue,33,5,528065,528066,1
conv_input_queue,33,6,529052,529053,1
conv_input_queue,33,7,530039,530040,1
conv_input_queue,33,8,531026,531027,1
conv_input_queue,33,9,532013,532014,1
conv_input_queue,33,10,533000,533001,1
conv_input_queue,33,11,533987,533988,1
conv_input_queue,33,12,534974,534975,1
conv_input_queue,33,13,535961,535962,1
conv_input_queue,33,14,536948,536949,1
conv_input_queue,33,15,537935,537936,1
conv_input_queue,34,0,538922,538923,1
conv_input_queue,34,1,539909,539910,1
conv_input_queue,34,2,540896,540897,1
conv_input_queue,34,3,541883,541884,1
conv_input_queue,34,4,542870,542871,1
conv_input_queue,34,5,543857,543858,1
conv_input_queue,34,6,544844,544845,1
conv_input_queue,34,7,545831,545832,1
conv_input_queue,34,8,546818,546819,1
conv_input_queue,34,9,547805,547806,1
conv_input_queue,34,10,548792,548793,1
conv_input_queue,34,11,549779,549780,1
conv_input_queue,34,12,550766,550767,1
conv_input_queue,34,13,551753,551754,1
conv_input_queue,34,14,552740,552741,1
conv_input_queue,34,15,553727,553728,1
conv_input_queue,35,0,554714,554715,1
conv_input_queue,35,1,555701,555702,1
conv_input_queue,35,2,556688,556689,1
conv_input_queue,35,3,557675,557676,1
conv_input_queue,35,4,558662,558663,1
conv_input_queue,35,5,559649,559650,1
conv_input_queue,35,6,560636,560637,1
conv_input_queue,35,7,561623,561624,1
conv_input_queue,35,8,562610,562611,1
conv_input_queue,35,9,563597,563598,1
conv_input_queue,35,10,564584,564585,1
conv_input_queue,35,11,565571,565572,1
conv_input_queue,35,12,566558,566559,1
conv_input_queue,35,13,567545,567546,1
conv_input_queue,35,14,568532,568533,1
conv_input_queue,35,15,569519,569520,1
conv_input_queue,36,0,570506,570507,1
conv_input_queue,36,1,571493,571494,1
conv_input_queue,36,2,572480,572481,1
conv_input_queue,36,3,573467,573468,1
conv_input_queue,36,4,574454,574455,1
conv_input_queue,36,5,575441,575442,1
conv_input_queue,36,6,576428,576429,1
conv_input_queue,36,7,577415,577416,1
conv_input_queue,36,8,578402,578403,1
conv_input_queue,36,9,579389,579390,1
conv_input_queue,36,10,580376,580377,1
conv_input_queue,36,11,581363,581364,1
conv_input_queue,36,12,582350,582351,1
conv_input_queue,36,13,583337,583338,1
conv_input_queue,36,14,584324,584325,1
conv_input_queue,36,15,585311,585312,1
conv_input_queue,37,0,586298,586299,1
conv_input_queue,37,1,587285,587286,1
conv_input_queue,37,2,588272,588273,1
conv_input_queue,37,3,589259,589260,1
conv_input_queue,37,4,590246,590247,1
conv_input_queue,37,5,591233,591234,1
conv_input_queue,37,6,592220,592221,1
conv_input_queue,37,7,593207,593208,1
conv_input_queue,37,8,594194,594195,1
conv_input_queue,37,9,595181,595182,1
conv_input_queue,37,10,596168,596169,1
conv_input_queue,37,11,597155,597156,1
conv_input_queue,37,12,598142,598143,1
conv_input_queue,37,13,599129,599130,1
conv_input_queue,37,14,600116,600117,1
conv_input_queue,37,15,601103,601104,1
conv_input_queue,38,0,602090,602091,1
conv_input_queue,38,1,603077,603078,1
conv_input_queue,38,2,604064,604065,1
conv_input_queue,38,3,605051,605052,1
conv_input_queue,38,4,606038,606039,1
conv_input_queue,38,5,607025,607026,1
conv_input_queue,38,6,608012,608013,1
conv_input_queue,38,7,608999,609000,1
conv_input_queue,38,8,609986,609987,1
conv_input_queue,38,9,610973,610974,1
conv_input_queue,38,10,611960,611961,1
conv_input_queue,38,11,612947,612948,1
conv_input_queue,38,12,613934,613935,1
conv_input_queue,38,13,614921,614922,1
conv_input_queue,38,14,615908,615909,1
conv_input_queue,38,15,616895,616896,1
conv_input_queue,39,0,617882,617883,1
conv_input_queue,39,1,618869,618870,1
conv_input_queue,39,2,619856,619857,1
conv_input_queue,39,3,620843,620844,1
conv_input_queue,39,4,621830,621831,1
conv_input_queue,39,5,622817,622818,1
conv_input_queue,39,6,623804,623805,1
conv_input_queue,39,7,624791,624792,1
conv_input_queue,39,8,625778,625779,1
conv_input_queue,39,9,626765,626766,1
conv_input_queue,39,10,627752,627753,1
conv_input_queue,39,11,628739,628740,1
conv_input_queue,39,12,629726,629727,1
conv_input_queue,39,13,630713,630714,1
conv_input_queue,39,14,631700,631701,1
conv_input_queue,39,15,632687,632688,1
conv_input_queue,40,0,633674,633675,1
conv_input_queue,40,1,634661,634662,1
conv_input_queue,40,2,635648,635649,1
conv_input_queue,40,3,636635,636636,1
conv_input_queue,40,4,637622,637623,1
conv_input_queue,40,5,638609,638610,1
conv_input_queue,40,6,639596,639597,1
conv_input_queue,40,7,640583,640584,1
conv_input_queue,40,8,641570,641571,1
conv_input_queue,40,9,642557,642558,1
conv_input_queue,40,10,643544,643545,1
conv_input_queue,40,11,644531,644532,1
conv_input_queue,40,12,645518,645519,1
conv_input_queue,40,13,646505,646506,1
conv_input_queue,40,14,647492,647493,1
conv_input_queue,40,15,648479,648480,1
conv_input_queue,41,0,649466,649467,1
conv_input_queue,41,1,650453,650454,1
conv_input_queue,41,2,651440,651441,1
conv_input_queue,41,3,652427,652428,1
conv_input_queue,41,4,653414,653415,1
conv_input_queue,41,5,654401,654402,1
conv_input_queue,41,6,655388,655389,1
conv_input_queue,41,7,656375,656376,1
conv_input_queue,41,8,657362,657363,1
conv_input_queue,41,9,658349,658350,1
conv_input_queue,41,10,659336,659337,1
conv_input_queue,41,11,660323,660324,1
conv_input_queue,41,12,661310,661311,1
conv_input_queue,41,13,662297,662298,1
conv_input_queue,41,14,663284,663285,1
conv_input_queue,41,15,664271,664272,1
conv_input_queue,42,0,665258,665259,1
conv_input_queue,42,1,666245,666246,1
conv_input_queue,42,2,667232,667233,1
conv_input_queue,42,3,668219,668220,1
conv_input_queue,42,4,669206,669207,1
conv_input_queue,42,5,670193,670194,1
conv_input_queue,42,6,671180,671181,1
conv_input_queue,42,7,672167,672168,1
conv_input_queue,42,8,673154,673155,1
conv_input_queue,42,9,674141,674142,1
conv_input_queue,42,10,675128,675129,1
conv_input_queue,42,11,676115,676116,1
conv_input_queue,42,12,677102,677103,1
conv_input_queue,42,13,678089,678090,1
conv_input_queue,42,14,679076,679077,1
conv_input_queue,42,15,680063,680064,1
conv_input_queue,43,0,681050,681051,1
conv_input_queue,43,1,682037,682038,1
conv_input_queue,43,2,683024,683025,1
conv_input_queue,43,3,684011,684012,1
conv_input_queue,43,4,684998,684999,1
conv_input_queue,43,5,685985,685986,1
conv_input_queue,43,6,686972,686973,1
conv_input_queue,43,7,687959,687960,1
conv_input_queue,43,8,688946,688947,1
conv_input_queue,43,9,689933,689934,1
conv_input_queue,43,10,690920,690921,1
conv_input_queue,43,11,691907,691908,1
conv_input_queue,43,12,692894,692895,1
conv_input_queue,43,13,693881,693882,1
conv_input_queue,43,14,694868,694869,1
conv_input_queue,43,15,695855,695856,1
conv_input_queue,44,0,696842,696843,1
conv_input_queue,44,1,697829,697830,1
conv_input_queue,44,2,698816,698817,1
conv_input_queue,44,3,699803,699804,1
conv_input_queue,44,4,700790,700791,1
conv_input_queue,44,5,701777,701778,1
conv_input_queue,44,6,702764,702765,1
conv_input_queue,44,7,703751,703752,1
conv_input_queue,44,8,704738,704739,1
conv_input_queue,44,9,705725,705726,1
conv_input_queue,44,10,706712,706713,1
conv_input_queue,44,11,707699,707700,1
conv_input_queue,44,12,708686,708687,1
conv_input_queue,44,13,709673,709674,1
conv_input_queue,44,14,710660,710661,1
conv_input_queue,44,15,711647,711648,1
conv_input_queue,45,0,712634,712635,1
conv_input_queue,45,1,713621,713622,1
conv_input_queue,45,2,714608,714609,1
conv_input_queue,45,3,715595,715596,1
conv_input_queue,45,4,716582,716583,1
conv_input_queue,45,5,717569,717570,1
conv_input_queue,45,6,718556,718557,1
conv_input_queue,45,7,719543,719544,1
conv_input_queue,45,8,720530,720531,1
conv_input_queue,45,9,721517,721518,1
conv_input_queue,45,10,722504,722505,1
conv_input_queue,45,11,723491,723492,1
conv_input_queue,45,12,724478,724479,1
conv_input_queue,45,13,725465,725466,1
conv_input_queue,45,14,726452,726453,1
conv_input_queue,45,15,727439,727440,1
conv_input_queue,46,0,728426,728427,1
conv_input_queue,46,1,729413,729414,1
conv_input_queue,46,2,730400,730401,1
conv_input_queue,46,3,731387,731388,1
conv_input_queue,46,4,732374,732375,1
conv_input_queue,46,5,733361,733362,1
conv_input_queue,46,6,734348,734349,1
conv_input_queue,46,7,735335,735336,1
conv_input_queue,46,8,736322,736323,1
conv_input_queue,46,9,737309,737310,1
conv_input_queue,46,10,738296,738297,1
conv_input_queue,46,11,739283,739284,1
conv_input_queue,46,12,740270,740271,1
conv_input_queue,46,13,741257,741258,1
conv_input_queue,46,14,742244,742245,1
conv_input_queue,46,15,743231,743232,1
conv_input_queue,47,0,744218,744219,1
conv_input_queue,47,1,745205,745206,1
conv_input_queue,47,2,746192,746193,1
conv_input_queue,47,3,747179,747180,1
conv_input_queue,47,4,748166,748167,1
conv_input_queue,47,5,749153,749154,1
conv_input_queue,47,6,750140,750141,1
conv_input_queue,47,7,751127,751128,1
conv_input_queue,47,8,752114,752115,1
conv_input_queue,47,9,753101,753102,1
conv_input_queue,47,10,754088,754089,1
conv_input_queue,47,11,755075,755076,1
conv_input_queue,47,12,756062,756063,1
conv_input_queue,47,13,757049,757050,1
conv_input_queue,47,14,758036,758037,1
conv_input_queue,47,15,759023,759024,1
conv_input_queue,48,0,760010,760011,1
conv_input_queue,48,1,760997,760998,1
conv_input_queue,48,2,761984,761985,1
conv_input_queue,48,3,762971,762972,1
conv_input_queue,48,4,763958,763959,1
conv_input_queue,48,5,764945,764946,1
conv_input_queue,48,6,765932,765933,1
conv_input_queue,48,7,766919,766920,1
conv_input_queue,48,8,767906,767907,1
conv_input_queue,48,9,768893,768894,1
conv_input_queue,48,10,769880,769881,1
conv_input_queue,48,11,770867,770868,1
conv_input_queue,48,12,771854,771855,1
conv_input_queue,48,13,772841,772842,1
conv_input_queue,48,14,773828,773829,1
conv_input_queue,48,15,774815,774816,1
conv_input_queue,49,0,775802,775803,1
conv_input_queue,49,1,776789,776790,1
conv_input_queue,49,2,777776,777777,1
conv_input_queue,49,3,778763,778764,1
conv_input_queue,49,4,779750,779751,1
conv_input_queue,49,5,780737,780738,1
conv_input_queue,49,6,781724,781725,1
conv_input_queue,49,7,782711,782712,1
conv_input_queue,49,8,783698,783699,1
conv_input_queue,49,9,784685,784686,1
conv_input_queue,49,10,785672,785673,1
conv_input_queue,49,11,786659,786660,1
conv_input_queue,49,12,787646,787647,1
conv_input_queue,49,13,788633,788634,1
conv_input_queue,49,14,789620,789621,1
conv_input_queue,49,15,790607,790608,1
conv_input_queue,50,0,791594,791595,1
conv_input_queue,50,1,792581,792582,1
conv_input_queue,50,2,793568,793569,1
conv_input_queue,50,3,794555,794556,1
conv_input_queue,50,4,795542,795543,1
conv_input_queue,50,5,796529,796530,1
conv_input_queue,50,6,797516,797517,1
conv_input_queue,50,7,798503,798504,1
conv_input_queue,50,8,799490,799491,1
conv_input_queue,50,9,800477,800478,1
conv_input_queue,50,10,801464,801465,1
conv_input_queue,50,11,802451,802452,1
conv_input_queue,50,12,803438,803439,1
conv_input_queue,50,13,804425,804426,1
conv_input_queue,50,14,805412,805413,1
conv_input_queue,50,15,806399,806400,1
conv_input_queue,51,0,807386,807387,1
conv_input_queue,51,1,808373,808374,1
conv_input_queue,51,2,809360,809361,1
conv_input_queue,51,3,810347,810348,1
conv_input_queue,51,4,811334,811335,1
conv_input_queue,51,5,812321,812322,1
conv_input_queue,51,6,813308,813309,1
conv_input_queue,51,7,814295,814296,1
conv_input_queue,51,8,815282,815283,1
conv_input_queue,51,9,816269,816270,1
conv_input_queue,51,10,817256,817257,1
conv_input_queue,51,11,818243,818244,1
conv_input_queue,51,12,819230,819231,1
conv_input_queue,51,13,820217,820218,1
conv_input_queue,51,14,821204,821205,1
conv_input_queue,51,15,822191,822192,1
conv_input_queue,52,0,823178,823179,1
conv_input_queue,52,1,824165,824166,1
conv_input_queue,52,2,825152,825153,1
conv_input_queue,52,3,826139,826140,1
conv_input_queue,52,4,827126,827127,1
conv_input_queue,52,5,828113,828114,1
conv_input_queue,52,6,829100,829101,1
conv_input_queue,52,7,830087,830088,1
conv_input_queue,52,8,831074,831075,1
conv_input_queue,52,9,832061,832062,1
conv_input_queue,52,10,833048,833049,1
conv_input_queue,52,11,834035,834036,1
conv_input_queue,52,12,835022,835023,1
conv_input_queue,52,13,836009,836010,1
conv_input_queue,52,14,836996,836997,1
conv_input_queue,52,15,837983,837984,1
conv_input_queue,53,0,838970,838971,1
conv_input_queue,53,1,839957,839958,1
conv_input_queue,53,2,840944,840945,1
conv_input_queue,53,3,841931,841932,1
conv_input_queue,53,4,842918,842919,1
conv_input_queue,53,5,843905,843906,1
conv_input_queue,53,6,844892,844893,1
conv_input_queue,53,7,845879,845880,1
conv_input_queue,53,8,846866,846867,1
conv_input_queue,53,9,847853,847854,1
conv_input_queue,53,10,848840,848841,1
conv_input_queue,53,11,849827,849828,1
conv_input_queue,53,12,850814,850815,1
conv_input_queue,53,13,851801,851802,1
conv_input_queue,53,14,852788,852789,1
conv_input_queue,53,15,853775,853776,1
conv_input_queue,54,0,854762,854763,1
conv_input_queue,54,1,855749,855750,1
conv_input_queue,54,2,856736,856737,1
conv_input_queue,54,3,857723,857724,1
conv_input_queue,54,4,858710,858711,1
conv_input_queue,54,5,859697,859698,1
conv_input_queue,54,6,860684,860685,1
conv_input_queue,54,7,861671,861672,1
conv_input_queue,54,8,862658,862659,1
conv_input_queue,54,9,863645,863646,1
conv_input_queue,54,10,864632,864633,1
conv_input_queue,54,11,865619,865620,1
conv_input_queue,54,12,866606,866607,1
conv_input_queue,54,13,867593,867594,1
conv_input_queue,54,14,868580,868581,1
conv_input_queue,54,15,869567,869568,1
conv_input_queue,55,0,870554,870555,1
conv_input_queue,55,1,871541,871542,1
conv_input_queue,55,2,872528,872529,1
conv_input_queue,55,3,873515,873516,1
conv_input_queue,55,4,874502,874503,1
conv_input_queue,55,5,875489,875490,1
conv_input_queue,55,6,876476,876477,1
conv_input_queue,55,7,877463,877464,1
conv_input_queue,55,8,878450,878451,1
conv_input_queue,55,9,879437,879438,1
conv_input_queue,55,10,880424,880425,1
conv_input_queue,55,11,881411,881412,1
conv_input_queue,55,12,882398,882399,1
conv_input_queue,55,13,883385,883386,1
conv_input_queue,55,14,884372,884373,1
conv_input_queue,55,15,885359,885360,1
conv_input_queue,56,0,886346,886347,1
conv_input_queue,56,1,887333,887334,1
conv_input_queue,56,2,888320,888321,1
conv_input_queue,56,3,889307,889308,1
conv_input_queue,56,4,890294,890295,1
conv_input_queue,56,5,891281,891282,1
conv_input_queue,56,6,892268,892269,1
conv_input_queue,56,7,893255,893256,1
conv_input_queue,56,8,894242,894243,1
conv_input_queue,56,9,895229,895230,1
conv_input_queue,56,10,896216,896217,1
conv_input_queue,56,11,897203,897204,1
conv_input_queue,56,12,898190,898191,1
conv_input_queue,56,13,899177,899178,1
conv_input_queue,56,14,900164,900165,1
conv_input_queue,56,15,901151,901152,1
conv_input_queue,57,0,902138,902139,1
conv_input_queue,57,1,903125,903126,1
conv_input_queue,57,2,904112,904113,1
conv_input_queue,57,3,905099,905100,1
conv_input_queue,57,4,906086,906087,1
conv_input_queue,57,5,907073,907074,1
conv_input_queue,57,6,908060,908061,1
conv_input_queue,57,7,909047,909048,1
conv_input_queue,57,8,910034,910035,1
conv_input_queue,57,9,911021,911022,1
conv_input_queue,57,10,912008,912009,1
conv_input_queue,57,11,912995,912996,1
conv_input_queue,57,12,913982,913983,1
conv_input_queue,57,13,914969,914970,1
conv_input_queue,57,14,915956,915957,1
conv_input_queue,57,15,916943,916944,1
conv_input_queue,58,0,917930,917931,1
conv_input_queue,58,1,918917,918918,1
conv_input_queue,58,2,919904,919905,1
conv_input_queue,58,3,920891,920892,1
conv_input_queue,58,4,921878,921879,1
conv_input_queue,58,5,922865,922866,1
conv_input_queue,58,6,923852,923853,1
conv_input_queue,58,7,924839,924840,1
conv_input_queue,58,8,925826,925827,1
conv_input_queue,58,9,926813,926814,1
conv_input_queue,58,10,927800,927801,1
conv_input_queue,58,11,928787,928788,1
conv_input_queue,58,12,929774,929775,1
conv_input_queue,58,13,930761,930762,1
conv_input_queue,58,14,931748,931749,1
conv_input_queue,58,15,932735,932736,1
conv_input_queue,59,0,933722,933723,1
conv_input_queue,59,1,934709,934710,1
conv_input_queue,59,2,935696,935697,1
conv_input_queue,59,3,936683,936684,1
conv_input_queue,59,4,937670,937671,1
conv_input_queue,59,5,938657,938658,1
conv_input_queue,59,6,939644,939645,1
conv_input_queue,59,7,940631,940632,1
conv_input_queue,59,8,941618,941619,1
conv_input_queue,59,9,942605,942606,1
conv_input_queue,59,10,943592,943593,1
conv_input_queue,59,11,944579,944580,1
conv_input_queue,59,12,945566,945567,1
conv_input_queue,59,13,946553,946554,1
conv_input_queue,59,14,947540,947541,1
conv_input_queue,59,15,948527,948528,1
conv_input_queue,60,0,949514,949515,1
conv_input_queue,60,1,950501,950502,1
conv_input_queue,60,2,951488,951489,1
conv_input_queue,60,3,952475,952476,1
conv_input_queue,60,4,953462,953463,1
conv_input_queue,60,5,954449,954450,1
conv_input_queue,60,6,955436,955437,1
conv_input_queue,60,7,956423,956424,1
conv_input_queue,60,8,957410,957411,1
conv_input_queue,60,9,958397,958398,1
conv_input_queue,60,10,959384,959385,1
conv_input_queue,60,11,960371,960372,1
conv_input_queue,60,12,961358,961359,1
conv_input_queue,60,13,962345,962346,1
conv_input_queue,60,14,963332,963333,1
conv_input_queue,60,15,964319,964320,1
conv_input_queue,61,0,965306,965307,1
conv_input_queue,61,1,966293,966294,1
conv_input_queue,61,2,967280,967281,1
conv_input_queue,61,3,968267,968268,1
conv_input_queue,61,4,969254,969255,1
conv_input_queue,61,5,970241,970242,1
conv_input_queue,61,6,971228,971229,1
conv_input_queue,61,7,972215,972216,1
conv_input_queue,61,8,973202,973203,1
conv_input_queue,61,9,974189,974190,1
conv_input_queue,61,10,975176,975177,1
conv_input_queue,61,11,976163,976164,1
conv_input_queue,61,12,977150,977151,1
conv_input_queue,61,13,978137,978138,1
conv_input_queue,61,14,979124,979125,1
conv_input_queue,61,15,980111,980112,1
conv_input_queue,62,0,981098,981099,1
conv_input_queue,62,1,982085,982086,1
conv_input_queue,62,2,983072,983073,1
conv_input_queue,62,3,984059,984060,1
conv_input_queue,62,4,985046,985047,1
conv_input_queue,62,5,986033,986034,1
conv_input_queue,62,6,987020,987021,1
conv_input_queue,62,7,988007,988008,1
conv_input_queue,62,8,988994,988995,1
conv_input_queue,62,9,989981,989982,1
conv_input_queue,62,10,990968,990969,1
conv_input_queue,62,11,991955,991956,1
conv_input_queue,62,12,992942,992943,1
conv_input_queue,62,13,993929,993930,1
conv_input_queue,62,14,994916,994917,1
conv_input_queue,62,15,995903,995904,1
conv_input_queue,63,0,996890,996891,1
conv_input_queue,63,1,997877,997878,1
conv_input_queue,63,2,998864,998865,1
conv_input_queue,63,3,999851,999852,1
conv_input_queue,63,4,1000838,1000839,1
conv_input_queue,63,5,1001825,1001826,1
conv_input_queue,63,6,1002812,1002813,1
conv_input_queue,63,7,1003799,1003800,1
conv_input_queue,63,8,1004786,1004787,1
conv_input_queue,63,9,1005773,1005774,1
conv_input_queue,63,10,1006760,1006761,1
conv_input_queue,63,11,1007747,1007748,1
conv_input_queue,63,12,1008734,1008735,1
conv_input_queue,63,13,1009721,1009722,1
conv_input_queue,63,14,1010708,1010709,1
conv_input_queue,63,15,1011695,1011696,1
convolution,0,0,1995,2046,51
convolution,0,1,2982,3033,51
convolution,0,2,3969,4020,51
convolution,0,3,4956,5007,51
convolution,0,4,5943,5994,51
convolution,0,5,6930,6981,51
convolution,0,6,7917,7968,51
convolution,0,7,8904,8955,51
convolution,0,8,9891,9942,51
convolution,0,9,10878,10929,51
convolution,0,10,11865,11916,51
convolution,0,11,12852,12903,51
convolution,0,12,13839,13890,51
convolution,0,13,14826,14877,51
convolution,0,14,15813,15864,51
convolution,0,15,16800,16851,51
convolution,1,0,17787,17838,51
convolution,1,1,18774,18825,51
convolution,1,2,19761,19812,51
convolution,1,3,20748,20799,51
convolution,1,4,21735,21786,51
convolution,1,5,22722,22773,51
convolution,1,6,23709,23760,51
convolution,1,7,24696,24747,51
convolution,1,8,25683,25734,51
convolution,1,9,26670,26721,51
convolution,1,10,27657,27708,51
convolution,1,11,28644,28695,51
convolution,1,12,29631,29682,51
convolution,1,13,30618,30669,51
convolution,1,14,31605,31656,51
convolution,1,15,32592,32643,51
convolution,2,0,33579,33630,51
convolution,2,1,34566,34617,51
convolution,2,2,35553,35604,51
convolution,2,3,36540,36591,51
convolution,2,4,37527,37578,51
convolution,2,5,38514,38565,51
convolution,2,6,39501,39552,51
convolution,2,7,40488,40539,51
convolution,2,8,41475,41526,51
convolution,2,9,42462,42513,51
convolution,2,10,43449,43500,51
convolution,2,11,44436,44487,51
convolution,2,12,45423,45474,51
convolution,2,13,46410,46461,51
convolution,2,14,47397,47448,51
convolution,2,15,48384,48435,51
convolution,3,0,49371,49422,51
convolution,3,1,50358,50409,51
convolution,3,2,51345,51396,51
convolution,3,3,52332,52383,51
convolution,3,4,53319,53370,51
convolution,3,5,54306,54357,51
convolution,3,6,55293,55344,51
convolution,3,7,56280,56331,51
convolution,3,8,57267,57318,51
convolution,3,9,58254,58305,51
convolution,3,10,59241,59292,51
convolution,3,11,60228,60279,51
convolution,3,12,61215,61266,51
convolution,3,13,62202,62253,51
convolution,3,14,63189,63240,51
convolution,3,15,64176,64227,51
convolution,4,0,65163,65214,51
convolution,4,1,66150,66201,51
convolution,4,2,67137,67188,51
convolution,4,3,68124,68175,51
convolution,4,4,69111,69162,51
convolution,4,5,70098,70149,51
convolution,4,6,71085,71136,51
convolution,4,7,72072,72123,51
convolution,4,8,73059,73110,51
convolution,4,9,74046,74097,51
convolution,4,10,75033,75084,51
convolution,4,11,76020,76071,51
convolution,4,12,77007,77058,51
convolution,4,13,77994,78045,51
convolution,4,14,78981,79032,51
convolution,4,15,79968,80019,51
convolution,5,0,80955,81006,51
convolution,5,1,81942,81993,51
convolution,5,2,82929,82980,51
convolution,5,3,83916,83967,51
convolution,5,4,84903,84954,51
convolution,5,5,85890,85941,51
convolution,5,6,86877,86928,51
convolution,5,7,87864,87915,51
convolution,5,8,88851,88902,51
convolution,5,9,89838,89889,51
convolution,5,10,90825,90876,51
convolution,5,11,91812,91863,51
convolution,5,12,92799,92850,51
convolution,5,13,93786,93837,51
convolution,5,14,94773,94824,51
convolution,5,15,95760,95811,51
convolution,6,0,96747,96798,51
convolution,6,1,97734,97785,51
convolution,6,2,98721,98772,51
convolution,6,3,99708,99759,51
convolution,6,4,100695,100746,51
convolution,6,5,101682,101733,51
convolution,6,6,102669,102720,51
convolution,6,7,103656,103707,51
convolution,6,8,104643,104694,51
convolution,6,9,105630,105681,51
convolution,6,10,106617,106668,51
convolution,6,11,107604,107655,51
convolution,6,12,108591,108642,51
convolution,6,13,109578,109629,51
convolution,6,14,110565,110616,51
convolution,6,15,111552,111603,51
convolution,7,0,112539,112590,51
convolution,7,1,113526,113577,51
convolution,7,2,114513,114564,51
convolution,7,3,115500,115551,51
convolution,7,4,116487,116538,51
convolution,7,5,117474,117525,51
convolution,7,6,118461,118512,51
convolution,7,7,119448,119499,51
convolution,7,8,120435,120486,51
convolution,7,9,121422,121473,51
convolution,7,10,122409,122460,51
convolution,7,11,123396,123447,51
convolution,7,12,124383,124434,51
convolution,7,13,125370,125421,51
convolution,7,14,126357,126408,51
convolution,7,15,127344,127395,51
convolution,8,0,128331,128382,51
convolution,8,1,129318,129369,51
convolution,8,2,130305,130356,51
convolution,8,3,131292,131343,51
convolution,8,4,132279,132330,51
convolution,8,5,133266,133317,51
convolution,8,6,134253,134304,51
convolution,8,7,135240,135291,51
convolution,8,8,136227,136278,51
convolution,8,9,137214,137265,51
convolution,8,10,138201,138252,51
convolution,8,11,139188,139239,51
convolution,8,12,140175,140226,51
convolution,8,13,141162,141213,51
convolution,8,14,142149,142200,51
convolution,8,15,143136,143187,51
convolution,9,0,144123,144174,51
convolution,9,1,145110,145161,51
convolution,9,2,146097,146148,51
convolution,9,3,147084,147135,51
convolution,9,4,148071,148122,51
convolution,9,5,149058,149109,51
convolution,9,6,150045,150096,51
convolution,9,7,151032,151083,51
convolution,9,8,152019,152070,51
convolution,9,9,153006,153057,51
convolution,9,10,153993,154044,51
convolution,9,11,154980,155031,51
convolution,9,12,155967,156018,51
convolution,9,13,156954,157005,51
convolution,9,14,157941,157992,51
convolution,9,15,158928,158979,51
convolution,10,0,159915,159966,51
convolution,10,1,160902,160953,51
convolution,10,2,161889,161940,51
convolution,10,3,162876,162927,51
convolution,10,4,163863,163914,51
convolution,10,5,164850,164901,51
convolution,10,6,165837,165888,51
convolution,10,7,166824,166875,51
convolution,10,8,167811,167862,51
convolution,10,9,168798,168849,51
convolution,10,10,169785,169836,51
convolution,10,11,170772,170823,51
convolution,10,12,171759,171810,51
convolution,10,13,172746,172797,51
convolution,10,14,173733,173784,51
convolution,10,15,174720,174771,51
convolution,11,0,175707,175758,51
convolution,11,1,176694,176745,51
convolution,11,2,177681,177732,51
convolution,11,3,178668,178719,51
convolution,11,4,179655,179706,51
convolution,11,5,180642,180693,51
convolution,11,6,181629,181680,51
convolution,11,7,182616,182667,51
convolution,11,8,183603,183654,51
convolution,11,9,184590,184641,51
convolution,11,10,185577,185628,51
convolution,11,11,186564,186615,51
convolution,11,12,187551,187602,51
convolution,11,13,188538,188589,51
convolution,11,14,189525,189576,51
convolution,11,15,190512,190563,51
convolution,12,0,191499,191550,51
convolution,12,1,192486,192537,51
convolution,12,2,193473,193524,51
convolution,12,3,194460,194511,51
convolution,12,4,195447,195498,51
convolution,12,5,196434,196485,51
convolution,12,6,197421,197472,51
convolution,12,7,198408,198459,51
convolution,12,8,199395,199446,51
convolution,12,9,200382,200433,51
convolution,12,10,201369,201420,51
convolution,12,11,202356,202407,51
convolution,12,12,203343,203394,51
convolution,12,13,204330,204381,51
convolution,12,14,205317,205368,51
convolution,12,15,206304,206355,51
convolution,13,0,207291,207342,51
convolution,13,1,208278,208329,51
convolution,13,2,209265,209316,51
convolution,13,3,210252,210303,51
convolution,13,4,211239,211290,51
convolution,13,5,212226,212277,51
convolution,13,6,213213,213264,51
convolution,13,7,214200,214251,51
convolution,13,8,215187,215238,51
convolution,13,9,216174,216225,51
convolution,13,10,217161,217212,51
convolution,13,11,218148,218199,51
convolution,13,12,219135,219186,51
convolution,13,13,220122,220173,51
convolution,13,14,221109,221160,51
convolution,13,15,222096,222147,51
convolution,14,0,223083,223134,51
convolution,14,1,224070,224121,51
convolution,14,2,225057,225108,51
convolution,14,3,226044,226095,51
convolution,14,4,227031,227082,51
convolution,14,5,228018,228069,51
convolution,14,6,229005,229056,51
convolution,14,7,229992,230043,51
convolution,14,8,230979,231030,51
convolution,14,9,231966,232017,51
convolution,14,10,232953,233004,51
convolution,14,11,233940,233991,51
convolution,14,12,234927,234978,51
convolution,14,13,235914,235965,51
convolution,14,14,236901,236952,51
convolution,14,15,237888,237939,51
convolution,15,0,238875,238926,51
convolution,15,1,239862,239913,51
convolution,15,2,240849,240900,51
convolution,15,3,241836,241887,51
convolution,15,4,242823,242874,51
convolution,15,5,243810,243861,51
convolution,15,6,244797,244848,51
convolution,15,7,245784,245835,51
convolution,15,8,246771,246822,51
convolution,15,9,247758,247809,51
convolution,15,10,248745,248796,51
convolution,15,11,249732,249783,51
convolution,15,12,250719,250770,51
convolution,15,13,251706,251757,51
convolution,15,14,252693,252744,51
convolution,15,15,253680,253731,51
convolution,16,0,254667,254718,51
convolution,16,1,255654,255705,51
convolution,16,2,256641,256692,51
convolution,16,3,257628,257679,51
convolution,16,4,258615,258666,51
convolution,16,5,259602,259653,51
convolution,16,6,260589,260640,51
convolution,16,7,261576,261627,51
convolution,16,8,262563,262614,51
convolution,16,9,263550,263601,51
convolution,16,10,264537,264588,51
convolution,16,11,265524,265575,51
convolution,16,12,266511,266562,51
convolution,16,13,267498,267549,51
convolution,16,14,268485,268536,51
convolution,16,15,269472,269523,51
convolution,17,0,270459,270510,51
convolution,17,1,271446,271497,51
convolution,17,2,272433,272484,51
convolution,17,3,273420,273471,51
convolution,17,4,274407,274458,51
convolution,17,5,275394,275445,51
convolution,17,6,276381,276432,51
convolution,17,7,277368,277419,51
convolution,17,8,278355,278406,51
convolution,17,9,279342,279393,51
convolution,17,10,280329,280380,51
convolution,17,11,281316,281367,51
convolution,17,12,282303,282354,51
convolution,17,13,283290,283341,51
convolution,17,14,284277,284328,51
convolution,17,15,285264,285315,51
convolution,18,0,286251,286302,51
convolution,18,1,287238,287289,51
convolution,18,2,288225,288276,51
convolution,18,3,289212,289263,51
convolution,18,4,290199,290250,51
convolution,18,5,291186,291237,51
convolution,18,6,292173,292224,51
convolution,18,7,293160,293211,51
convolution,18,8,294147,294198,51
convolution,18,9,295134,295185,51
convolution,18,10,296121,296172,51
convolution,18,11,297108,297159,51
convolution,18,12,298095,298146,51
convolution,18,13,299082,299133,51
convolution,18,14,300069,300120,51
convolution,18,15,301056,301107,51
convolution,19,0,302043,302094,51
convolution,19,1,303030,303081,51
convolution,19,2,304017,304068,51
convolution,19,3,305004,305055,51
convolution,19,4,305991,306042,51
convolution,19,5,306978,307029,51
convolution,19,6,307965,308016,51
convolution,19,7,308952,309003,51
convolution,19,8,309939,309990,51
convolution,19,9,310926,310977,51
convolution,19,10,311913,311964,51
convolution,19,11,312900,312951,51
convolution,19,12,313887,313938,51
convolution,19,13,314874,314925,51
convolution,19,14,315861,315912,51
convolution,19,15,316848,316899,51
convolution,20,0,317835,317886,51
convolution,20,1,318822,318873,51
convolution,20,2,319809,319860,51
convolution,20,3,320796,320847,51
convolution,20,4,321783,321834,51
convolution,20,5,322770,322821,51
convolution,20,6,323757,323808,51
convolution,20,7,324744,324795,51
convolution,20,8,325731,325782,51
convolution,20,9,326718,326769,51
convolution,20,10,327705,327756,51
convolution,20,11,328692,328743,51
convolution,20,12,329679,329730,51
convolution,20,13,330666,330717,51
convolution,20,14,331653,331704,51
convolution,20,15,332640,332691,51
convolution,21,0,333627,333678,51
convolution,21,1,334614,334665,51
convolution,21,2,335601,335652,51
convolution,21,3,336588,336639,51
convolution,21,4,337575,337626,51
convolution,21,5,338562,338613,51
convolution,21,6,339549,339600,51
convolution,21,7,340536,340587,51
convolution,21,8,341523,341574,51
convolution,21,9,342510,342561,51
convolution,21,10,343497,343548,51
convolution,21,11,344484,344535,51
convolution,21,12,345471,345522,51
convolution,21,13,346458,346509,51
convolution,21,14,347445,347496,51
convolution,21,15,348432,348483,51
convolution,22,0,349419,349470,51
convolution,22,1,350406,350457,51
convolution,22,2,351393,351444,51
convolution,22,3,352380,352431,51
convolution,22,4,353367,353418,51
convolution,22,5,354354,354405,51
convolution,22,6,355341,355392,51
convolution,22,7,356328,356379,51
convolution,22,8,357315,357366,51
convolution,22,9,358302,358353,51
convolution,22,10,359289,359340,51
convolution,22,11,360276,360327,51
convolution,22,12,361263,361314,51
convolution,22,13,362250,362301,51
convolution,22,14,363237,363288,51
convolution,22,15,364224,364275,51
convolution,23,0,365211,365262,51
convolution,23,1,366198,366249,51
convolution,23,2,367185,367236,51
convolution,23,3,368172,368223,51
convolution,23,4,369159,369210,51
convolution,23,5,370146,370197,51
convolution,23,6,371133,371184,51
convolution,23,7,372120,372171,51
convolution,23,8,373107,373158,51
convolution,23,9,374094,374145,51
convolution,23,10,375081,375132,51
convolution,23,11,376068,376119,51
convolution,23,12,377055,377106,51
convolution,23,13,378042,378093,51
convolution,23,14,379029,379080,51
convolution,23,15,380016,380067,51
convolution,24,0,381003,381054,51
convolution,24,1,381990,382041,51
convolution,24,2,382977,383028,51
convolution,24,3,383964,384015,51
convolution,24,4,384951,385002,51
convolution,24,5,385938,385989,51
convolution,24,6,386925,386976,51
convolution,24,7,387912,387963,51
convolution,24,8,388899,388950,51
convolution,24,9,389886,389937,51
convolution,24,10,390873,390924,51
convolution,24,11,391860,391911,51
convolution,24,12,392847,392898,51
convolution,24,13,393834,393885,51
convolution,24,14,394821,394872,51
convolution,24,15,395808,395859,51
convolution,25,0,396795,396846,51
convolution,25,1,397782,397833,51
convolution,25,2,398769,398820,51
convolution,25,3,399756,399807,51
convolution,25,4,400743,400794,51
convolution,25,5,401730,401781,51
convolution,25,6,402717,402768,51
convolution,25,7,403704,403755,51
convolution,25,8,404691,404742,51
convolution,25,9,405678,405729,51
convolution,25,10,406665,406716,51
convolution,25,11,407652,407703,51
convolution,25,12,408639,408690,51
convolution,25,13,409626,409677,51
convolution,25,14,410613,410664,51
convolution,25,15,411600,411651,51
convolution,26,0,412587,412638,51
convolution,26,1,413574,413625,51
convolution,26,2,414561,414612,51
convolution,26,3,415548,415599,51
convolution,26,4,416535,416586,51
convolution,26,5,417522,417573,51
convolution,26,6,418509,418560,51
convolution,26,7,419496,419547,51
convolution,26,8,420483,420534,51
convolution,26,9,421470,421521,51
convolution,26,10,422457,422508,51
convolution,26,11,423444,423495,51
convolution,26,12,424431,424482,51
convolution,26,13,425418,425469,51
convolution,26,14,426405,426456,51
convolution,26,15,427392,427443,51
convolution,27,0,428379,428430,51
convolution,27,1,429366,429417,51
convolution,27,2,430353,430404,51
convolution,27,3,431340,431391,51
convolution,27,4,432327,432378,51
convolution,27,5,433314,433365,51
convolution,27,6,434301,434352,51
convolution,27,7,435288,435339,51
convolution,27,8,436275,436326,51
convolution,27,9,437262,437313,51
convolution,27,10,438249,438300,51
convolution,27,11,439236,439287,51
convolution,27,12,440223,440274,51
convolution,27,13,441210,441261,51
convolution,27,14,442197,442248,51
convolution,27,15,443184,443235,51
convolution,28,0,444171,444222,51
convolution,28,1,445158,445209,51
convolution,28,2,446145,446196,51
convolution,28,3,447132,447183,51
convolution,28,4,448119,448170,51
convolution,28,5,449106,449157,51
convolution,28,6,450093,450144,51
convolution,28,7,451080,451131,51
convolution,28,8,452067,452118,51
convolution,28,9,453054,453105,51
convolution,28,10,454041,454092,51
convolution,28,11,455028,455079,51
convolution,28,12,456015,456066,51
convolution,28,13,457002,457053,51
convolution,28,14,457989,458040,51
convolution,28,15,458976,459027,51
convolution,29,0,459963,460014,51
convolution,29,1,460950,461001,51
convolution,29,2,461937,461988,51
convolution,29,3,462924,462975,51
convolution,29,4,463911,463962,51
convolution,29,5,464898,464949,51
convolution,29,6,465885,465936,51
convolution,29,7,466872,466923,51
convolution,29,8,467859,467910,51
convolution,29,9,468846,468897,51
convolution,29,10,469833,469884,51
convolution,29,11,470820,470871,51
convolution,29,12,471807,471858,51
convolution,29,13,472794,472845,51
convolution,29,14,473781,473832,51
convolution,29,15,474768,474819,51
convolution,30,0,475755,475806,51
convolution,30,1,476742,476793,51
convolution,30,2,477729,477780,51
convolution,30,3,478716,478767,51
convolution,30,4,479703,479754,51
convolution,30,5,480690,480741,51
convolution,30,6,481677,481728,51
convolution,30,7,482664,482715,51
convolution,30,8,483651,483702,51
convolution,30,9,484638,484689,51
convolution,30,10,485625,485676,51
convolution,30,11,486612,486663,51
convolution,30,12,487599,487650,51
convolution,30,13,488586,488637,51
convolution,30,14,489573,489624,51
convolution,30,15,490560,490611,51
convolution,31,0,491547,491598,51
convolution,31,1,492534,492585,51
convolution,31,2,493521,493572,51
convolution,31,3,494508,494559,51
convolution,31,4,495495,495546,51
convolution,31,5,496482,496533,51
convolution,31,6,497469,497520,51
convolution,31,7,498456,498507,51
convolution,31,8,499443,499494,51
convolution,31,9,500430,500481,51
convolution,31,10,501417,501468,51
convolution,31,11,502404,502455,51
convolution,31,12,503391,503442,51
convolution,31,13,504378,504429,51
convolution,31,14,505365,505416,51
convolution,31,15,506352,506403,51
convolution,32,0,507339,507390,51
convolution,32,1,508326,508377,51
convolution,32,2,509313,509364,51
convolution,32,3,510300,510351,51
convolution,32,4,511287,511338,51
convolution,32,5,512274,512325,51
convolution,32,6,513261,513312,51
convolution,32,7,514248,514299,51
convolution,32,8,515235,515286,51
convolution,32,9,516222,516273,51
convolution,32,10,517209,517260,51
convolution,32,11,518196,518247,51
convolution,32,12,519183,519234,51
convolution,32,13,520170,520221,51
convolution,32,14,521157,521208,51
convolution,32,15,522144,522195,51
convolution,33,0,523131,523182,51
convolution,33,1,524118,524169,51
convolution,33,2,525105,525156,51
convolution,33,3,526092,526143,51
convolution,33,4,527079,527130,51
convolution,33,5,528066,528117,51
convolution,33,6,529053,529104,51
convolution,33,7,530040,530091,51
convolution,33,8,531027,531078,51
convolution,33,9,532014,532065,51
convolution,33,10,533001,533052,51
convolution,33,11,533988,534039,51
convolution,33,12,534975,535026,51
convolution,33,13,535962,536013,51
convolution,33,14,536949,537000,51
convolution,33,15,537936,537987,51
convolution,34,0,538923,538974,51
convolution,34,1,539910,539961,51
convolution,34,2,540897,540948,51
convolution,34,3,541884,541935,51
convolution,34,4,542871,542922,51
convolution,34,5,543858,543909,51
convolution,34,6,544845,544896,51
convolution,34,7,545832,545883,51
convolution,34,8,546819,546870,51
convolution,34,9,547806,547857,51
convolution,34,10,548793,548844,51
convolution,34,11,549780,549831,51
convolution,34,12,550767,550818,51
convolution,34,13,551754,551805,51
convolution,34,14,552741,552792,51
convolution,34,15,553728,553779,51
convolution,35,0,554715,554766,51
convolution,35,1,555702,555753,51
convolution,35,2,556689,556740,51
convolution,35,3,557676,557727,51
convolution,35,4,558663,558714,51
convolution,35,5,559650,559701,51
convolution,35,6,560637,560688,51
convolution,35,7,561624,561675,51
convolution,35,8,562611,562662,51
convolution,35,9,563598,563649,51
convolution,35,10,564585,564636,51
convolution,35,11,565572,565623,51
convolution,35,12,566559,566610,51
convolution,35,13,567546,567597,51
convolution,35,14,568533,568584,51
convolution,35,15,569520,569571,51
convolution,36,0,570507,570558,51
convolution,36,1,571494,571545,51
convolution,36,2,572481,572532,51
convolution,36,3,573468,573519,51
convolution,36,4,574455,574506,51
convolution,36,5,575442,575493,51
convolution,36,6,576429,576480,51
convolution,36,7,577416,577467,51
convolution,36,8,578403,578454,51
convolution,36,9,579390,579441,51
convolution,36,10,580377,580428,51
convolution,36,11,581364,581415,51
convolution,36,12,582351,582402,51
convolution,36,13,583338,583389,51
convolution,36,14,584325,584376,51
convolution,36,15,585312,585363,51
convolution,37,0,586299,586350,51
convolution,37,1,587286,587337,51
convolution,37,2,588273,588324,51
convolution,37,3,589260,589311,51
convolution,37,4,590247,590298,51
convolution,37,5,591234,591285,51
convolution,37,6,592221,592272,51
convolution,37,7,593208,593259,51
convolution,37,8,594195,594246,51
convolution,37,9,595182,595233,51
convolution,37,10,596169,596220,51
convolution,37,11,597156,597207,51
convolution,37,12,598143,598194,51
convolution,37,13,599130,599181,51
convolution,37,14,600117,600168,51
convolution,37,15,601104,601155,51
convolution,38,0,602091,602142,51
convolution,38,1,603078,603129,51
convolution,38,2,604065,604116,51
convolution,38,3,605052,605103,51
convolution,38,4,606039,606090,51
convolution,38,5,607026,607077,51
convolution,38,6,608013,608064,51
convolution,38,7,609000,609051,51
convolution,38,8,609987,610038,51
convolution,38,9,610974,611025,51
convolution,38,10,611961,612012,51
convolution,38,11,612948,612999,51
convolution,38,12,613935,613986,51
convolution,38,13,614922,614973,51
convolution,38,14,615909,615960,51
convolution,38,15,616896,616947,51
convolution,39,0,617883,617934,51
convolution,39,1,618870,618921,51
convolution,39,2,619857,619908,51
convolution,39,3,620844,620895,51
convolution,39,4,621831,621882,51
convolution,39,5,622818,622869,51
convolution,39,6,623805,623856,51
convolution,39,7,624792,624843,51
convolution,39,8,625779,625830,51
convolution,39,9,626766,626817,51
convolution,39,10,627753,627804,51
convolution,39,11,628740,628791,51
convolution,39,12,629727,629778,51
convolution,39,13,630714,630765,51
convolution,39,14,631701,631752,51
convolution,39,15,632688,632739,51
convolution,40,0,633675,633726,51
convolution,40,1,634662,634713,51
convolution,40,2,635649,635700,51
convolution,40,3,636636,636687,51
convolution,40,4,637623,637674,51
convolution,40,5,638610,638661,51
convolution,40,6,639597,639648,51
convolution,40,7,640584,640635,51
convolution,40,8,641571,641622,51
convolution,40,9,642558,642609,51
convolution,40,10,643545,643596,51
convolution,40,11,644532,644583,51
convolution,40,12,645519,645570,51
convolution,40,13,646506,646557,51
convolution,40,14,647493,647544,51
convolution,40,15,648480,648531,51
convolution,41,0,649467,649518,51
convolution,41,1,650454,650505,51
convolution,41,2,651441,651492,51
convolution,41,3,652428,652479,51
convolution,41,4,653415,653466,51
convolution,41,5,654402,654453,51
convolution,41,6,655389,655440,51
convolution,41,7,656376,656427,51
convolution,41,8,657363,657414,51
convolution,41,9,658350,658401,51
convolution,41,10,659337,659388,51
convolution,41,11,660324,660375,51
convolution,41,12,661311,661362,51
convolution,41,13,662298,662349,51
convolution,41,14,663285,663336,51
convolution,41,15,664272,664323,51
convolution,42,0,665259,665310,51
convolution,42,1,666246,666297,51
convolution,42,2,667233,667284,51
convolution,42,3,668220,668271,51
convolution,42,4,669207,669258,51
convolution,42,5,670194,670245,51
convolution,42,6,671181,671232,51
convolution,42,7,672168,672219,51
convolution,42,8,673155,673206,51
convolution,42,9,674142,674193,51
convolution,42,10,675129,675180,51
convolution,42,11,676116,676167,51
convolution,42,12,677103,677154,51
convolution,42,13,678090,678141,51
convolution,42,14,679077,679128,51
convolution,42,15,680064,680115,51
convolution,43,0,681051,681102,51
convolution,43,1,682038,682089,51
convolution,43,2,683025,683076,51
convolution,43,3,684012,684063,51
convolution,43,4,684999,685050,51
convolution,43,5,685986,686037,51
convolution,43,6,686973,687024,51
convolution,43,7,687960,688011,51
convolution,43,8,688947,688998,51
convolution,43,9,689934,689985,51
convolution,43,10,690921,690972,51
convolution,43,11,691908,691959,51
convolution,43,12,692895,692946,51
convolution,43,13,693882,693933,51
convolution,43,14,694869,694920,51
convolution,43,15,695856,695907,51
convolution,44,0,696843,696894,51
convolution,44,1,697830,697881,51
convolution,44,2,698817,698868,51
convolution,44,3,699804,699855,51
convolution,44,4,700791,700842,51
convolution,44,5,701778,701829,51
convolution,44,6,702765,702816,51
convolution,44,7,703752,703803,51
convolution,44,8,704739,704790,51
convolution,44,9,705726,705777,51
convolution,44,10,706713,706764,51
convolution,44,11,707700,707751,51
convolution,44,12,708687,708738,51
convolution,44,13,709674,709725,51
convolution,44,14,710661,710712,51
convolution,44,15,711648,711699,51
convolution,45,0,712635,712686,51
convolution,45,1,713622,713673,51
convolution,45,2,714609,714660,51
convolution,45,3,715596,715647,51
convolution,45,4,716583,716634,51
convolution,45,5,717570,717621,51
convolution,45,6,718557,718608,51
convolution,45,7,719544,719595,51
convolution,45,8,720531,720582,51
convolution,45,9,721518,721569,51
convolution,45,10,722505,722556,51
convolution,45,11,723492,723543,51
convolution,45,12,724479,724530,51
convolution,45,13,725466,725517,51
convolution,45,14,726453,726504,51
convolution,45,15,727440,727491,51
convolution,46,0,728427,728478,51
convolution,46,1,729414,729465,51
convolution,46,2,730401,730452,51
convolution,46,3,731388,731439,51
convolution,46,4,732375,732426,51
convolution,46,5,733362,733413,51
convolution,46,6,734349,734400,51
convolution,46,7,735336,735387,51
convolution,46,8,736323,736374,51
convolution,46,9,737310,737361,51
convolution,46,10,738297,738348,51
convolution,46,11,739284,739335,51
convolution,46,12,740271,740322,51
convolution,46,13,741258,741309,51
convolution,46,14,742245,742296,51
convolution,46,15,743232,743283,51
convolution,47,0,744219,744270,51
convolution,47,1,745206,745257,51
convolution,47,2,746193,746244,51
convolution,47,3,747180,747231,51
convolution,47,4,748167,748218,51
convolution,47,5,749154,749205,51
convolution,47,6,750141,750192,51
convolution,47,7,751128,751179,51
convolution,47,8,752115,752166,51
convolution,47,9,753102,753153,51
convolution,47,10,754089,754140,51
convolution,47,11,755076,755127,51
convolution,47,12,756063,756114,51
convolution,47,13,757050,757101,51
convolution,47,14,758037,758088,51
convolution,47,15,759024,759075,51
convolution,48,0,760011,760062,51
convolution,48,1,760998,761049,51
convolution,48,2,761985,762036,51
convolution,48,3,762972,763023,51
convolution,48,4,763959,764010,51
convolution,48,5,764946,764997,51
convolution,48,6,765933,765984,51
convolution,48,7,766920,766971,51
convolution,48,8,767907,767958,51
convolution,48,9,768894,768945,51
convolution,48,10,769881,769932,51
convolution,48,11,770868,770919,51
convolution,48,12,771855,771906,51
convolution,48,13,772842,772893,51
convolution,48,14,773829,773880,51
convolution,48,15,774816,774867,51
convolution,49,0,775803,775854,51
convolution,49,1,776790,776841,51
convolution,49,2,777777,777828,51
convolution,49,3,778764,778815,51
convolution,49,4,779751,779802,51
convolution,49,5,780738,780789,51
convolution,49,6,781725,781776,51
convolution,49,7,782712,782763,51
convolution,49,8,783699,783750,51
convolution,49,9,784686,784737,51
convolution,49,10,785673,785724,51
convolution,49,11,786660,786711,51
convolution,49,12,787647,787698,51
convolution,49,13,788634,788685,51
convolution,49,14,789621,789672,51
convolution,49,15,790608,790659,51
convolution,50,0,791595,791646,51
convolution,50,1,792582,792633,51
convolution,50,2,793569,793620,51
convolution,50,3,794556,794607,51
convolution,50,4,795543,795594,51
convolution,50,5,796530,796581,51
convolution,50,6,797517,797568,51
convolution,50,7,798504,798555,51
convolution,50,8,799491,799542,51
convolution,50,9,800478,800529,51
convolution,50,10,801465,801516,51
convolution,50,11,802452,802503,51
convolution,50,12,803439,803490,51
convolution,50,13,804426,804477,51
convolution,50,14,805413,805464,51
convolution,50,15,806400,806451,51
convolution,51,0,807387,807438,51
convolution,51,1,808374,808425,51
convolution,51,2,809361,809412,51
convolution,51,3,810348,810399,51
convolution,51,4,811335,811386,51
convolution,51,5,812322,812373,51
convolution,51,6,813309,813360,51
convolution,51,7,814296,814347,51
convolution,51,8,815283,815334,51
convolution,51,9,816270,816321,51
convolution,51,10,817257,817308,51
convolution,51,11,818244,818295,51
convolution,51,12,819231,819282,51
convolution,51,13,820218,820269,51
convolution,51,14,821205,821256,51
convolution,51,15,822192,822243,51
convolution,52,0,823179,823230,51
convolution,52,1,824166,824217,51
convolution,52,2,825153,825204,51
convolution,52,3,826140,826191,51
convolution,52,4,827127,827178,51
convolution,52,5,828114,828165,51
convolution,52,6,829101,829152,51
convolution,52,7,830088,830139,51
convolution,52,8,831075,831126,51
convolution,52,9,832062,832113,51
convolution,52,10,833049,833100,51
convolution,52,11,834036,834087,51
convolution,52,12,835023,835074,51
convolution,52,13,836010,836061,51
convolution,52,14,836997,837048,51
convolution,52,15,837984,838035,51
convolution,53,0,838971,839022,51
convolution,53,1,839958,840009,51
convolution,53,2,840945,840996,51
convolution,53,3,841932,841983,51
convolution,53,4,842919,842970,51
convolution,53,5,843906,843957,51
convolution,53,6,844893,844944,51
convolution,53,7,845880,845931,51
convolution,53,8,846867,846918,51
convolution,53,9,847854,847905,51
convolution,53,10,848841,848892,51
convolution,53,11,849828,849879,51
convolution,53,12,850815,850866,51
convolution,53,13,851802,851853,51
convolution,53,14,852789,852840,51
convolution,53,15,853776,853827,51
convolution,54,0,854763,854814,51
convolution,54,1,855750,855801,51
convolution,54,2,856737,856788,51
convolution,54,3,857724,857775,51
convolution,54,4,858711,858762,51
convolution,54,5,859698,859749,51
convolution,54,6,860685,860736,51
convolution,54,7,861672,861723,51
convolution,54,8,862659,862710,51
convolution,54,9,863646,863697,51
convolution,54,10,864633,864684,51
convolution,54,11,865620,865671,51
convolution,54,12,866607,866658,51
convolution,54,13,867594,867645,51
convolution,54,14,868581,868632,51
convolution,54,15,869568,869619,51
convolution,55,0,870555,870606,51
convolution,55,1,871542,871593,51
convolution,55,2,872529,872580,51
convolution,55,3,873516,873567,51
convolution,55,4,874503,874554,51
convolution,55,5,875490,875541,51
convolution,55,6,876477,876528,51
convolution,55,7,877464,877515,51
convolution,55,8,878451,878502,51
convolution,55,9,879438,879489,51
convolution,55,10,880425,880476,51
convolution,55,11,881412,881463,51
convolution,55,12,882399,882450,51
convolution,55,13,883386,883437,51
convolution,55,14,884373,884424,51
convolution,55,15,885360,885411,51
convolution,56,0,886347,886398,51
convolution,56,1,887334,887385,51
convolution,56,2,888321,888372,51
convolution,56,3,889308,889359,51
convolution,56,4,890295,890346,51
convolution,56,5,891282,891333,51
convolution,56,6,892269,892320,51
convolution,56,7,893256,893307,51
convolution,56,8,894243,894294,51
convolution,56,9,895230,895281,51
convolution,56,10,896217,896268,51
convolution,56,11,897204,897255,51
convolution,56,12,898191,898242,51
convolution,56,13,899178,899229,51
convolution,56,14,900165,900216,51
convolution,56,15,901152,901203,51
convolution,57,0,902139,902190,51
convolution,57,1,903126,903177,51
convolution,57,2,904113,904164,51
convolution,57,3,905100,905151,51
convolution,57,4,906087,906138,51
convolution,57,5,907074,907125,51
convolution,57,6,908061,908112,51
convolution,57,7,909048,909099,51
convolution,57,8,910035,910086,51
convolution,57,9,911022,911073,51
convolution,57,10,912009,912060,51
convolution,57,11,912996,913047,51
convolution,57,12,913983,914034,51
convolution,57,13,914970,915021,51
convolution,57,14,915957,916008,51
convolution,57,15,916944,916995,51
convolution,58,0,917931,917982,51
convolution,58,1,918918,918969,51
convolution,58,2,919905,919956,51
convolution,58,3,920892,920943,51
convolution,58,4,921879,921930,51
convolution,58,5,922866,922917,51
convolution,58,6,923853,923904,51
convolution,58,7,924840,924891,51
convolution,58,8,925827,925878,51
convolution,58,9,926814,926865,51
convolution,58,10,927801,927852,51
convolution,58,11,928788,928839,51
convolution,58,12,929775,929826,51
convolution,58,13,930762,930813,51
convolution,58,14,931749,931800,51
convolution,58,15,932736,932787,51
convolution,59,0,933723,933774,51
convolution,59,1,934710,934761,51
convolution,59,2,935697,935748,51
convolution,59,3,936684,936735,51
convolution,59,4,937671,937722,51
convolution,59,5,938658,938709,51
convolution,59,6,939645,939696,51
convolution,59,7,940632,940683,51
convolution,59,8,941619,941670,51
convolution,59,9,942606,942657,51
convolution,59,10,943593,943644,51
convolution,59,11,944580,944631,51
convolution,59,12,945567,945618,51
convolution,59,13,946554,946605,51
convolution,59,14,947541,947592,51
convolution,59,15,948528,948579,51
convolution,60,0,949515,949566,51
convolution,60,1,950502,950553,51
convolution,60,2,951489,951540,51
convolution,60,3,952476,952527,51
convolution,60,4,953463,953514,51
convolution,60,5,954450,954501,51
convolution,60,6,955437,955488,51
convolution,60,7,956424,956475,51
convolution,60,8,957411,957462,51
convolution,60,9,958398,958449,51
convolution,60,10,959385,959436,51
convolution,60,11,960372,960423,51
convolution,60,12,961359,961410,51
convolution,60,13,962346,962397,51
convolution,60,14,963333,963384,51
convolution,60,15,964320,964371,51
convolution,61,0,965307,965358,51
convolution,61,1,966294,966345,51
convolution,61,2,967281,967332,51
convolution,61,3,968268,968319,51
convolution,61,4,969255,969306,51
convolution,61,5,970242,970293,51
convolution,61,6,971229,971280,51
convolution,61,7,972216,972267,51
convolution,61,8,973203,973254,51
convolution,61,9,974190,974241,51
convolution,61,10,975177,975228,51
convolution,61,11,976164,976215,51
convolution,61,12,977151,977202,51
convolution,61,13,978138,978189,51
convolution,61,14,979125,979176,51
convolution,61,15,980112,980163,51
convolution,62,0,981099,981150,51
convolution,62,1,982086,982137,51
convolution,62,2,983073,983124,51
convolution,62,3,984060,984111,51
convolution,62,4,985047,985098,51
convolution,62,5,986034,986085,51
convolution,62,6,987021,987072,51
convolution,62,7,988008,988059,51
convolution,62,8,988995,989046,51
convolution,62,9,989982,990033,51
convolution,62,10,990969,991020,51
convolution,62,11,991956,992007,51
convolution,62,12,992943,992994,51
convolution,62,13,993930,993981,51
convolution,62,14,994917,994968,51
convolution,62,15,995904,995955,51
convolution,63,0,996891,996942,51
convolution,63,1,997878,997929,51
convolution,63,2,998865,998916,51
convolution,63,3,999852,999903,51
convolution,63,4,1000839,1000890,51
convolution,63,5,1001826,1001877,51
convolution,63,6,1002813,1002864,51
convolution,63,7,1003800,1003851,51
convolution,63,8,1004787,1004838,51
convolution,63,9,1005774,1005825,51
convolution,63,10,1006761,1006812,51
convolution,63,11,1007748,1007799,51
convolution,63,12,1008735,1008786,51
convolution,63,13,1009722,1009773,51
convolution,63,14,1010709,1010760,51
convolution,63,15,1011696,1011747,51
conv_output_queue,0,0,2046,2047,1
conv_output_queue,0,1,3033,3034,1
conv_output_queue,0,2,4020,4021,1
conv_output_queue,0,3,5007,5008,1
conv_output_queue,0,4,5994,5995,1
conv_output_queue,0,5,6981,6982,1
conv_output_queue,0,6,7968,7969,1
conv_output_queue,0,7,8955,8956,1
conv_output_queue,0,8,9942,9943,1
conv_output_queue,0,9,10929,10930,1
conv_output_queue,0,10,11916,11917,1
conv_output_queue,0,11,12903,12904,1
conv_output_queue,0,12,13890,13891,1
conv_output_queue,0,13,14877,14878,1
conv_output_queue,0,14,15864,15865,1
conv_output_queue,0,15,16851,16852,1
conv_output_queue,1,0,17838,17839,1
conv_output_queue,1,1,18825,18826,1
conv_output_queue,1,2,19812,19813,1
conv_output_queue,1,3,20799,20800,1
conv_output_queue,1,4,21786,21787,1
conv_output_queue,1,5,22773,22774,1
conv_output_queue,1,6,23760,23761,1
conv_output_queue,1,7,24747,24748,1
conv_output_queue,1,8,25734,25735,1
conv_output_queue,1,9,26721,26722,1
conv_output_queue,1,10,27708,27709,1
conv_output_queue,1,11,28695,28696,1
conv_output_queue,1,12,29682,29683,1
conv_output_queue,1,13,30669,30670,1
conv_output_queue,1,14,31656,31657,1
conv_output_queue,1,15,32643,32644,1
conv_output_queue,2,0,33630,33631,1
conv_output_queue,2,1,34617,34618,1
conv_output_queue,2,2,35604,35605,1
conv_output_queue,2,3,36591,36592,1
conv_output_queue,2,4,37578,37579,1
conv_output_queue,2,5,38565,38566,1
conv_output_queue,2,6,39552,39553,1
conv_output_queue,2,7,40539,40540,1
conv_output_queue,2,8,41526,41527,1
conv_output_queue,2,9,42513,42514,1
conv_output_queue,2,10,43500,43501,1
conv_output_queue,2,11,44487,44488,1
conv_output_queue,2,12,45474,45475,1
conv_output_queue,2,13,46461,46462,1
conv_output_queue,2,14,47448,47449,1
conv_output_queue,2,15,48435,48436,1
conv_output_queue,3,0,49422,49423,1
conv_output_queue,3,1,50409,50410,1
conv_output_queue,3,2,51396,51397,1
conv_output_queue,3,3,52383,52384,1
conv_output_queue,3,4,53370,53371,1
conv_output_queue,3,5,54357,54358,1
conv_output_queue,3,6,55344,55345,1
conv_output_queue,3,7,56331,56332,1
conv_output_queue,3,8,57318,57319,1
conv_output_queue,3,9,58305,58306,1
conv_output_queue,3,10,59292,59293,1
conv_output_queue,3,11,60279,60280,1
conv_output_queue,3,12,61266,61267,1
conv_output_queue,3,13,62253,62254,1
conv_output_queue,3,14,63240,63241,1
conv_output_queue,3,15,64227,64228,1
conv_output_queue,4,0,65214,65215,1
conv_output_queue,4,1,66201,66202,1
conv_output_queue,4,2,67188,67189,1
conv_output_queue,4,3,68175,68176,1
conv_output_queue,4,4,69162,69163,1
conv_output_queue,4,5,70149,70150,1
conv_output_queue,4,6,71136,71137,1
conv_output_queue,4,7,72123,72124,1
conv_output_queue,4,8,73110,73111,1
conv_output_queue,4,9,74097,74098,1
conv_output_queue,4,10,75084,75085,1
conv_output_queue,4,11,76071,76072,1
conv_output_queue,4,12,77058,77059,1
conv_output_queue,4,13,78045,78046,1
conv_output_queue,4,14,79032,79033,1
conv_output_queue,4,15,80019,80020,1
conv_output_queue,5,0,81006,81007,1
conv_output_queue,5,1,81993,81994,1
conv_output_queue,5,2,82980,82981,1
conv_output_queue,5,3,83967,83968,1
conv_output_queue,5,4,84954,84955,1
conv_output_queue,5,5,85941,85942,1
conv_output_queue,5,6,86928,86929,1
conv_output_queue,5,7,87915,87916,1
conv_output_queue,5,8,88902,88903,1
conv_output_queue,5,9,89889,89890,1
conv_output_queue,5,10,90876,90877,1
conv_output_queue,5,11,91863,91864,1
conv_output_queue,5,12,92850,92851,1
conv_output_queue,5,13,93837,93838,1
conv_output_queue,5,14,94824,94825,1
conv_output_queue,5,15,95811,95812,1
conv_output_queue,6,0,96798,96799,1
conv_output_queue,6,1,97785,97786,1
conv_output_queue,6,2,98772,98773,1
conv_output_queue,6,3,99759,99760,1
conv_output_queue,6,4,100746,100747,1
conv_output_queue,6,5,101733,101734,1
conv_output_queue,6,6,102720,102721,1
conv_output_queue,6,7,103707,103708,1
conv_output_queue,6,8,104694,104695,1
conv_output_queue,6,9,105681,105682,1
conv_output_queue,6,10,106668,106669,1
conv_output_queue,6,11,107655,107656,1
conv_output_queue,6,12,108642,108643,1
conv_output_queue,6,13,109629,109630,1
conv_output_queue,6,14,110616,110617,1
conv_output_queue,6,15,111603,111604,1
conv_output_queue,7,0,112590,112591,1
conv_output_queue,7,1,113577,113578,1
conv_output_queue,7,2,114564,114565,1
conv_output_queue,7,3,115551,115552,1
conv_output_queue,7,4,116538,116539,1
conv_output_queue,7,5,117525,117526,1
conv_output_queue,7,6,118512,118513,1
conv_output_queue,7,7,119499,119500,1
conv_output_queue,7,8,120486,120487,1
conv_output_queue,7,9,121473,121474,1
conv_output_queue,7,10,122460,122461,1
conv_output_queue,7,11,123447,123448,1
conv_output_queue,7,12,124434,124435,1
conv_output_queue,7,13,125421,125422,1
conv_output_queue,7,14,126408,126409,1
conv_output_queue,7,15,127395,127396,1
conv_output_queue,8,0,128382,128383,1
conv_output_queue,8,1,129369,129370,1
conv_output_queue,8,2,130356,130357,1
conv_output_queue,8,3,131343,131344,1
conv_output_queue,8,4,132330,132331,1
conv_output_queue,8,5,133317,133318,1
conv_output_queue,8,6,134304,134305,1
conv_output_queue,8,7,135291,135292,1
conv_output_queue,8,8,136278,136279,1
conv_output_queue,8,9,137265,137266,1
conv_output_queue,8,10,138252,138253,1
conv_output_queue,8,11,139239,139240,1
conv_output_queue,8,12,140226,140227,1
conv_output_queue,8,13,141213,141214,1
conv_output_queue,8,14,142200,142201,1
conv_output_queue,8,15,143187,143188,1
conv_output_queue,9,0,144174,144175,1
conv_output_queue,9,1,145161,145162,1
conv_output_queue,9,2,146148,146149,1
conv_output_queue,9,3,147135,147136,1
conv_output_queue,9,4,148122,148123,1
conv_output_queue,9,5,149109,149110,1
conv_output_queue,9,6,150096,150097,1
conv_output_queue,9,7,151083,151084,1
conv_output_queue,9,8,152070,152071,1
conv_output_queue,9,9,153057,153058,1
conv_output_queue,9,10,154044,154045,1
conv_output_queue,9,11,155031,155032,1
conv_output_queue,9,12,156018,156019,1
conv_output_queue,9,13,157005,157006,1
conv_output_queue,9,14,157992,157993,1
conv_output_queue,9,15,158979,158980,1
conv_output_queue,10,0,159966,159967,1
conv_output_queue,10,1,160953,160954,1
conv_output_queue,10,2,161940,161941,1
conv_output_queue,10,3,162927,162928,1
conv_output_queue,10,4,163914,163915,1
conv_output_queue,10,5,164901,164902,1
conv_output_queue,10,6,165888,165889,1
conv_output_queue,10,7,166875,166876,1
conv_output_queue,10,8,167862,167863,1
conv_output_queue,10,9,168849,168850,1
conv_output_queue,10,10,169836,169837,1
conv_output_queue,10,11,170823,170824,1
conv_output_queue,10,12,171810,171811,1
conv_output_queue,10,13,172797,172798,1
conv_output_queue,10,14,173784,173785,1
conv_output_queue,10,15,174771,174772,1
conv_output_queue,11,0,175758,175759,1
conv_output_queue,11,1,176745,176746,1
conv_output_queue,11,2,177732,177733,1
conv_output_queue,11,3,178719,178720,1
conv_output_queue,11,4,179706,179707,1
conv_output_queue,11,5,180693,180694,1
conv_output_queue,11,6,181680,181681,1
conv_output_queue,11,7,182667,182668,1
conv_output_queue,11,8,183654,183655,1
conv_output_queue,11,9,184641,184642,1
conv_output_queue,11,10,185628,185629,1
conv_output_queue,11,11,186615,186616,1
conv_output_queue,11,12,187602,187603,1
conv_output_queue,11,13,188589,188590,1
conv_output_queue,11,14,189576,189577,1
conv_output_queue,11,15,190563,190564,1
conv_output_queue,12,0,191550,191551,1
conv_output_queue,12,1,192537,192538,1
conv_output_queue,12,2,193524,193525,1
conv_output_queue,12,3,194511,194512,1
conv_output_queue,12,4,195498,195499,1
conv_output_queue,12,5,196485,196486,1
conv_output_queue,12,6,197472,197473,1
conv_output_queue,12,7,198459,198460,1
conv_output_queue,12,8,199446,199447,1
conv_output_queue,12,9,200433,200434,1
conv_output_queue,12,10,201420,201421,1
conv_output_queue,12,11,202407,202408,1
conv_output_queue,12,12,203394,203395,1
conv_output_queue,12,13,204381,204382,1
conv_output_queue,12,14,205368,205369,1
conv_output_queue,12,15,206355,206356,1
conv_output_queue,13,0,207342,207343,1
conv_output_queue,13,1,208329,208330,1
conv_output_queue,13,2,209316,209317,1
conv_output_queue,13,3,210303,210304,1
conv_output_queue,13,4,211290,211291,1
conv_output_queue,13,5,212277,212278,1
conv_output_queue,13,6,213264,213265,1
conv_output_queue,13,7,214251,214252,1
conv_output_queue,13,8,215238,215239,1
conv_output_queue,13,9,216225,216226,1
conv_output_queue,13,10,217212,217213,1
conv_output_queue,13,11,218199,218200,1
conv_output_queue,13,12,219186,219187,1
conv_output_queue,13,13,220173,220174,1
conv_output_queue,13,14,221160,221161,1
conv_output_queue,13,15,222147,222148,1
conv_output_queue,14,0,223134,223135,1
conv_output_queue,14,1,224121,224122,1
conv_output_queue,14,2,225108,225109,1
conv_output_queue,14,3,226095,226096,1
conv_output_queue,14,4,227082,227083,1
conv_output_queue,14,5,228069,228070,1
conv_output_queue,14,6,229056,229057,1
conv_output_queue,14,7,230043,230044,1
conv_output_queue,14,8,231030,231031,1
conv_output_queue,14,9,232017,232018,1
conv_output_queue,14,10,233004,233005,1
conv_output_queue,14,11,233991,233992,1
conv_output_queue,14,12,234978,234979,1
conv_output_queue,14,13,235965,235966,1
conv_output_queue,14,14,236952,236953,1
conv_output_queue,14,15,237939,237940,1
conv_output_queue,15,0,238926,238927,1
conv_output_queue,15,1,239913,239914,1
conv_output_queue,15,2,240900,240901,1
conv_output_queue,15,3,241887,241888,1
conv_output_queue,15,4,242874,242875,1
conv_output_queue,15,5,243861,243862,1
conv_output_queue,15,6,244848,244849,1
conv_output_queue,15,7,245835,245836,1
conv_output_queue,15,8,246822,246823,1
conv_output_queue,15,9,247809,247810,1
conv_output_queue,15,10,248796,248797,1
conv_output_queue,15,11,249783,249784,1
conv_output_queue,15,12,250770,250771,1
conv_output_queue,15,13,251757,251758,1
conv_output_queue,15,14,252744,252745,1
conv_output_queue,15,15,253731,253732,1
conv_output_queue,16,0,254718,254719,1
conv_output_queue,16,1,255705,255706,1
conv_output_queue,16,2,256692,256693,1
conv_output_queue,16,3,257679,257680,1
conv_output_queue,16,4,258666,258667,1
conv_output_queue,16,5,259653,259654,1
conv_output_queue,16,6,260640,260641,1
conv_output_queue,16,7,261627,261628,1
conv_output_queue,16,8,262614,262615,1
conv_output_queue,16,9,263601,263602,1
conv_output_queue,16,10,264588,264589,1
conv_output_queue,16,11,265575,265576,1
conv_output_queue,16,12,266562,266563,1
conv_output_queue,16,13,267549,267550,1
conv_output_queue,16,14,268536,268537,1
conv_output_queue,16,15,269523,269524,1
conv_output_queue,17,0,270510,270511,1
conv_output_queue,17,1,271497,271498,1
conv_output_queue,17,2,272484,272485,1
conv_output_queue,17,3,273471,273472,1
conv_output_queue,17,4,274458,274459,1
conv_output_queue,17,5,275445,275446,1
conv_output_queue,17,6,276432,276433,1
conv_output_queue,17,7,277419,277420,1
conv_output_queue,17,8,278406,278407,1
conv_output_queue,17,9,279393,279394,1
conv_output_queue,17,10,280380,280381,1
conv_output_queue,17,11,281367,281368,1
conv_output_queue,17,12,282354,282355,1
conv_output_queue,17,13,283341,283342,1
conv_output_queue,17,14,284328,284329,1
conv_output_queue,17,15,285315,285316,1
conv_output_queue,18,0,286302,286303,1
conv_output_queue,18,1,287289,287290,1
conv_output_queue,18,2,288276,288277,1
conv_output_queue,18,3,289263,289264,1
conv_output_queue,18,4,290250,290251,1
conv_output_queue,18,5,291237,291238,1
conv_output_queue,18,6,292224,292225,1
conv_output_queue,18,7,293211,293212,1
conv_output_queue,18,8,294198,294199,1
conv_output_queue,18,9,295185,295186,1
conv_output_queue,18,10,296172,296173,1
conv_output_queue,18,11,297159,297160,1
conv_output_queue,18,12,298146,298147,1
conv_output_queue,18,13,299133,299134,1
conv_output_queue,18,14,300120,300121,1
conv_output_queue,18,15,301107,301108,1
conv_output_queue,19,0,302094,302095,1
conv_output_queue,19,1,303081,303082,1
conv_output_queue,19,2,304068,304069,1
conv_output_queue,19,3,305055,305056,1
conv_output_queue,19,4,306042,306043,1
conv_output_queue,19,5,307029,307030,1
conv_output_queue,19,6,308016,308017,1
conv_output_queue,19,7,309003,309004,1
conv_output_queue,19,8,309990,309991,1
conv_output_queue,19,9,310977,310978,1
conv_output_queue,19,10,311964,311965,1
conv_output_queue,19,11,312951,312952,1
conv_output_queue,19,12,313938,313939,1
conv_output_queue,19,13,314925,314926,1
conv_output_queue,19,14,315912,315913,1
conv_output_queue,19,15,316899,316900,1
conv_output_queue,20,0,317886,317887,1
conv_output_queue,20,1,318873,318874,1
conv_output_queue,20,2,319860,319861,1
conv_output_queue,20,3,320847,320848,1
conv_output_queue,20,4,321834,321835,1
conv_output_queue,20,5,322821,322822,1
conv_output_queue,20,6,323808,323809,1
conv_output_queue,20,7,324795,324796,1
conv_output_queue,20,8,325782,325783,1
conv_output_queue,20,9,326769,326770,1
conv_output_queue,20,10,327756,327757,1
conv_output_queue,20,11,328743,328744,1
conv_output_queue,20,12,329730,329731,1
conv_output_queue,20,13,330717,330718,1
conv_output_queue,20,14,331704,331705,1
conv_output_queue,20,15,332691,332692,1
conv_output_queue,21,0,333678,333679,1
conv_output_queue,21,1,334665,334666,1
conv_output_queue,21,2,335652,335653,1
conv_output_queue,21,3,336639,336640,1
conv_output_queue,21,4,337626,337627,1
conv_output_queue,21,5,338613,338614,1
conv_output_queue,21,6,339600,339601,1
conv_output_queue,21,7,340587,340588,1
conv_output_queue,21,8,341574,341575,1
conv_output_queue,21,9,342561,342562,1
conv_output_queue,21,10,343548,343549,1
conv_output_queue,21,11,344535,344536,1
conv_output_queue,21,12,345522,345523,1
conv_output_queue,21,13,346509,346510,1
conv_output_queue,21,14,347496,347497,1
conv_output_queue,21,15,348483,348484,1
conv_output_queue,22,0,349470,349471,1
conv_output_queue,22,1,350457,350458,1
conv_output_queue,22,2,351444,351445,1
conv_output_queue,22,3,352431,352432,1
conv_output_queue,22,4,353418,353419,1
conv_output_queue,22,5,354405,354406,1
conv_output_queue,22,6,355392,355393,1
conv_output_queue,22,7,356379,356380,1
conv_output_queue,22,8,357366,357367,1
conv_output_queue,22,9,358353,358354,1
conv_output_queue,22,10,359340,359341,1
conv_output_queue,22,11,360327,360328,1
conv_output_queue,22,12,361314,361315,1
conv_output_queue,22,13,362301,362302,1
conv_output_queue,22,14,363288,363289,1
conv_output_queue,22,15,364275,364276,1
conv_output_queue,23,0,365262,365263,1
conv_output_queue,23,1,366249,366250,1
conv_output_queue,23,2,367236,367237,1
conv_output_queue,23,3,368223,368224,1
conv_output_queue,23,4,369210,369211,1
conv_output_queue,23,5,370197,370198,1
conv_output_queue,23,6,371184,371185,1
conv_output_queue,23,7,372171,372172,1
conv_output_queue,23,8,373158,373159,1
conv_output_queue,23,9,374145,374146,1
conv_output_queue,23,10,375132,375133,1
conv_output_queue,23,11,376119,376120,1
conv_output_queue,23,12,377106,377107,1
conv_output_queue,23,13,378093,378094,1
conv_output_queue,23,14,379080,379081,1
conv_output_queue,23,15,380067,380068,1
conv_output_queue,24,0,381054,381055,1
conv_output_queue,24,1,382041,382042,1
conv_output_queue,24,2,383028,383029,1
conv_output_queue,24,3,384015,384016,1
conv_output_queue,24,4,385002,385003,1
conv_output_queue,24,5,385989,385990,1
conv_output_queue,24,6,386976,386977,1
conv_output_queue,24,7,387963,387964,1
conv_output_queue,24,8,388950,388951,1
conv_output_queue,24,9,389937,389938,1
conv_output_queue,24,10,390924,390925,1
conv_output_queue,24,11,391911,391912,1
conv_output_queue,24,12,392898,392899,1
conv_output_queue,24,13,393885,393886,1
conv_output_queue,24,14,394872,394873,1
conv_output_queue,24,15,395859,395860,1
conv_output_queue,25,0,396846,396847,1
conv_output_queue,25,1,397833,397834,1
conv_output_queue,25,2,398820,398821,1
conv_output_queue,25,3,399807,399808,1
conv_output_queue,25,4,400794,400795,1
conv_output_queue,25,5,401781,401782,1
conv_output_queue,25,6,402768,402769,1
conv_output_queue,25,7,403755,403756,1
conv_output_queue,25,8,404742,404743,1
conv_output_queue,25,9,405729,405730,1
conv_output_queue,25,10,406716,406717,1
conv_output_queue,25,11,407703,407704,1
conv_output_queue,25,12,408690,408691,1
conv_output_queue,25,13,409677,409678,1
conv_output_queue,25,14,410664,410665,1
conv_output_queue,25,15,411651,411652,1
conv_output_queue,26,0,412638,412639,1
conv_output_queue,26,1,413625,413626,1
conv_output_queue,26,2,414612,414613,1
conv_output_queue,26,3,415599,415600,1
conv_output_queue,26,4,416586,416587,1
conv_output_queue,26,5,417573,417574,1
conv_output_queue,26,6,418560,418561,1
conv_output_queue,26,7,419547,419548,1
conv_output_queue,26,8,420534,420535,1
conv_output_queue,26,9,421521,421522,1
conv_output_queue,26,10,422508,422509,1
conv_output_queue,26,11,423495,423496,1
conv_output_queue,26,12,424482,424483,1
conv_output_queue,26,13,425469,425470,1
conv_output_queue,26,14,426456,426457,1
conv_output_queue,26,15,427443,427444,1
conv_output_queue,27,0,428430,428431,1
conv_output_queue,27,1,429417,429418,1
conv_output_queue,27,2,430404,430405,1
conv_output_queue,27,3,431391,431392,1
conv_output_queue,27,4,432378,432379,1
conv_output_queue,27,5,433365,433366,1
conv_output_queue,27,6,434352,434353,1
conv_output_queue,27,7,435339,435340,1
conv_output_queue,27,8,436326,436327,1
conv_output_queue,27,9,437313,437314,1
conv_output_queue,27,10,438300,438301,1
conv_output_queue,27,11,439287,439288,1
conv_output_queue,27,12,440274,440275,1
conv_output_queue,27,13,441261,441262,1
conv_output_queue,27,14,442248,442249,1
conv_output_queue,27,15,443235,443236,1
conv_output_queue,28,0,444222,444223,1
conv_output_queue,28,1,445209,445210,1
conv_output_queue,28,2,446196,446197,1
conv_output_queue,28,3,447183,447184,1
conv_output_queue,28,4,448170,448171,1
conv_output_queue,28,5,449157,449158,1
conv_output_queue,28,6,450144,450145,1
conv_output_queue,28,7,451131,451132,1
conv_output_queue,28,8,452118,452119,1
conv_output_queue,28,9,453105,453106,1
conv_output_queue,28,10,454092,454093,1
conv_output_queue,28,11,455079,455080,1
conv_output_queue,28,12,456066,456067,1
conv_output_queue,28,13,457053,457054,1
conv_output_queue,28,14,458040,458041,1
conv_output_queue,28,15,459027,459028,1
conv_output_queue,29,0,460014,460015,1
conv_output_queue,29,1,461001,461002,1
conv_output_queue,29,2,461988,461989,1
conv_output_queue,29,3,462975,462976,1
conv_output_queue,29,4,463962,463963,1
conv_output_queue,29,5,464949,464950,1
conv_output_queue,29,6,465936,465937,1
conv_output_queue,29,7,466923,466924,1
conv_output_queue,29,8,467910,467911,1
conv_output_queue,29,9,468897,468898,1
conv_output_queue,29,10,469884,469885,1
conv_output_queue,29,11,470871,470872,1
conv_output_queue,29,12,471858,471859,1
conv_output_queue,29,13,472845,472846,1
conv_output_queue,29,14,473832,473833,1
conv_output_queue,29,15,474819,474820,1
conv_output_queue,30,0,475806,475807,1
conv_output_queue,30,1,476793,476794,1
conv_output_queue,30,2,477780,477781,1
conv_output_queue,30,3,478767,478768,1
conv_output_queue,30,4,479754,479755,1
conv_output_queue,30,5,480741,480742,1
conv_output_queue,30,6,481728,481729,1
conv_output_queue,30,7,482715,482716,1
conv_output_queue,30,8,483702,483703,1
conv_output_queue,30,9,484689,484690,1
conv_output_queue,30,10,485676,485677,1
conv_output_queue,30,11,486663,486664,1
conv_output_queue,30,12,487650,487651,1
conv_output_queue,30,13,488637,488638,1
conv_output_queue,30,14,489624,489625,1
conv_output_queue,30,15,490611,490612,1
conv_output_queue,31,0,491598,491599,1
conv_output_queue,31,1,492585,492586,1
conv_output_queue,31,2,493572,493573,1
conv_output_queue,31,3,494559,494560,1
conv_output_queue,31,4,495546,495547,1
conv_output_queue,31,5,496533,496534,1
conv_output_queue,31,6,497520,497521,1
conv_output_queue,31,7,498507,498508,1
conv_output_queue,31,8,499494,499495,1
conv_output_queue,31,9,500481,500482,1
conv_output_queue,31,10,501468,501469,1
conv_output_queue,31,11,502455,502456,1
conv_output_queue,31,12,503442,503443,1
conv_output_queue,31,13,504429,504430,1
conv_output_queue,31,14,505416,505417,1
conv_output_queue,31,15,506403,506404,1
conv_output_queue,32,0,507390,507391,1
conv_output_queue,32,1,508377,508378,1
conv_output_queue,32,2,509364,509365,1
conv_output_queue,32,3,510351,510352,1
conv_output_queue,32,4,511338,511339,1
conv_output_queue,32,5,512325,512326,1
conv_output_queue,32,6,513312,513313,1
conv_output_queue,32,7,514299,514300,1
conv_output_queue,32,8,515286,515287,1
conv_output_queue,32,9,516273,516274,1
conv_output_queue,32,10,517260,517261,1
conv_output_queue,32,11,518247,518248,1
conv_output_queue,32,12,519234,519235,1
conv_output_queue,32,13,520221,520222,1
conv_output_queue,32,14,521208,521209,1
conv_output_queue,32,15,522195,522196,1
conv_output_queue,33,0,523182,523183,1
conv_output_queue,33,1,524169,524170,1
conv_output_queue,33,2,525156,525157,1
conv_output_queue,33,3,526143,526144,1
conv_output_queue,33,4,527130,527131,1
conv_output_queue,33,5,528117,528118,1
conv_output_queue,33,6,529104,529105,1
conv_output_queue,33,7,530091,530092,1
conv_output_queue,33,8,531078,531079,1
conv_output_queue,33,9,532065,532066,1
conv_output_queue,33,10,533052,533053,1
conv_output_queue,33,11,534039,534040,1
conv_output_queue,33,12,535026,535027,1
conv_output_queue,33,13,536013,536014,1
conv_output_queue,33,14,537000,537001,1
conv_output_queue,33,15,537987,537988,1
conv_output_queue,34,0,538974,538975,1
conv_output_queue,34,1,539961,539962,1
conv_output_queue,34,2,540948,540949,1
conv_output_queue,34,3,541935,541936,1
conv_output_queue,34,4,542922,542923,1
conv_output_queue,34,5,543909,543910,1
conv_output_queue,34,6,544896,544897,1
conv_output_queue,34,7,545883,545884,1
conv_output_queue,34,8,546870,546871,1
conv_output_queue,34,9,547857,547858,1
conv_output_queue,34,10,548844,548845,1
conv_output_queue,34,11,549831,549832,1
conv_output_queue,34,12,550818,550819,1
conv_output_queue,34,13,551805,551806,1
conv_output_queue,34,14,552792,552793,1
conv_output_queue,34,15,553779,553780,1
conv_output_queue,35,0,554766,554767,1
conv_output_queue,35,1,555753,555754,1
conv_output_queue,35,2,556740,556741,1
conv_output_queue,35,3,557727,557728,1
conv_output_queue,35,4,558714,558715,1
conv_output_queue,35,5,559701,559702,1
conv_output_queue,35,6,560688,560689,1
conv_output_queue,35,7,561675,561676,1
conv_output_queue,35,8,562662,562663,1
conv_output_queue,35,9,563649,563650,1
conv_output_queue,35,10,564636,564637,1
conv_output_queue,35,11,565623,565624,1
conv_output_queue,35,12,566610,566611,1
conv_output_queue,35,13,567597,567598,1
conv_output_queue,35,14,568584,568585,1
conv_output_queue,35,15,569571,569572,1
conv_output_queue,36,0,570558,570559,1
conv_output_queue,36,1,571545,571546,1
conv_output_queue,36,2,572532,572533,1
conv_output_queue,36,3,573519,573520,1
conv_output_queue,36,4,574506,574507,1
conv_output_queue,36,5,575493,575494,1
conv_output_queue,36,6,576480,576481,1
conv_output_queue,36,7,577467,577468,1
conv_output_queue,36,8,578454,578455,1
conv_output_queue,36,9,579441,579442,1
conv_output_queue,36,10,580428,580429,1
conv_output_queue,36,11,581415,581416,1
conv_output_queue,36,12,582402,582403,1
conv_output_queue,36,13,583389,583390,1
conv_output_queue,36,14,584376,584377,1
conv_output_queue,36,15,585363,585364,1
conv_output_queue,37,0,586350,586351,1
conv_output_queue,37,1,587337,587338,1
conv_output_queue,37,2,588324,588325,1
conv_output_queue,37,3,589311,589312,1
conv_output_queue,37,4,590298,590299,1
conv_output_queue,37,5,591285,591286,1
conv_output_queue,37,6,592272,592273,1
conv_output_queue,37,7,593259,593260,1
conv_output_queue,37,8,594246,594247,1
conv_output_queue,37,9,595233,595234,1
conv_output_queue,37,10,596220,596221,1
conv_output_queue,37,11,597207,597208,1
conv_output_queue,37,12,598194,598195,1
conv_output_queue,37,13,599181,599182,1
conv_output_queue,37,14,600168,600169,1
conv_output_queue,37,15,601155,601156,1
conv_output_queue,38,0,602142,602143,1
conv_output_queue,38,1,603129,603130,1
conv_output_queue,38,2,604116,604117,1
conv_output_queue,38,3,605103,605104,1
conv_output_queue,38,4,606090,606091,1
conv_output_queue,38,5,607077,607078,1
conv_output_queue,38,6,608064,608065,1
conv_output_queue,38,7,609051,609052,1
conv_output_queue,38,8,610038,610039,1
conv_output_queue,38,9,611025,611026,1
conv_output_queue,38,10,612012,612013,1
conv_output_queue,38,11,612999,613000,1
conv_output_queue,38,12,613986,613987,1
conv_output_queue,38,13,614973,614974,1
conv_output_queue,38,14,615960,615961,1
conv_output_queue,38,15,616947,616948,1
conv_output_queue,39,0,617934,617935,1
conv_output_queue,39,1,618921,618922,1
conv_output_queue,39,2,619908,619909,1
conv_output_queue,39,3,620895,620896,1
conv_output_queue,39,4,621882,621883,1
conv_output_queue,39,5,622869,622870,1
conv_output_queue,39,6,623856,623857,1
conv_output_queue,39,7,624843,624844,1
conv_output_queue,39,8,625830,625831,1
conv_output_queue,39,9,626817,626818,1
conv_output_queue,39,10,627804,627805,1
conv_output_queue,39,11,628791,628792,1
conv_output_queue,39,12,629778,629779,1
conv_output_queue,39,13,630765,630766,1
conv_output_queue,39,14,631752,631753,1
conv_output_queue,39,15,632739,632740,1
conv_output_queue,40,0,633726,633727,1
conv_output_queue,40,1,634713,634714,1
conv_output_queue,40,2,635700,635701,1
conv_output_queue,40,3,636687,636688,1
conv_output_queue,40,4,637674,637675,1
conv_output_queue,40,5,638661,638662,1
conv_output_queue,40,6,639648,639649,1
conv_output_queue,40,7,640635,640636,1
conv_output_queue,40,8,641622,641623,1
conv_output_queue,40,9,642609,642610,1
conv_output_queue,40,10,643596,643597,1
conv_output_queue,40,11,644583,644584,1
conv_output_queue,40,12,645570,645571,1
conv_output_queue,40,13,646557,646558,1
conv_output_queue,40,14,647544,647545,1
conv_output_queue,40,15,648531,648532,1
conv_output_queue,41,0,649518,649519,1
conv_output_queue,41,1,650505,650506,1
conv_output_queue,41,2,651492,651493,1
conv_output_queue,41,3,652479,652480,1
conv_output_queue,41,4,653466,653467,1
conv_output_queue,41,5,654453,654454,1
conv_output_queue,41,6,655440,655441,1
conv_output_queue,41,7,656427,656428,1
conv_output_queue,41,8,657414,657415,1
conv_output_queue,41,9,658401,658402,1
conv_output_queue,41,10,659388,659389,1
conv_output_queue,41,11,660375,660376,1
conv_output_queue,41,12,661362,661363,1
conv_output_queue,41,13,662349,662350,1
conv_output_queue,41,14,663336,663337,1
conv_output_queue,41,15,664323,664324,1
conv_output_queue,42,0,665310,665311,1
conv_output_queue,42,1,666297,666298,1
conv_output_queue,42,2,667284,667285,1
conv_output_queue,42,3,668271,668272,1
conv_output_queue,42,4,669258,669259,1
conv_output_queue,42,5,670245,670246,1
conv_output_queue,42,6,671232,671233,1
conv_output_queue,42,7,672219,672220,1
conv_output_queue,42,8,673206,673207,1
conv_output_queue,42,9,674193,674194,1
conv_output_queue,42,10,675180,675181,1
conv_output_queue,42,11,676167,676168,1
conv_output_queue,42,12,677154,677155,1
conv_output_queue,42,13,678141,678142,1
conv_output_queue,42,14,679128,679129,1
conv_output_queue,42,15,680115,680116,1
conv_output_queue,43,0,681102,681103,1
conv_output_queue,43,1,682089,682090,1
conv_output_queue,43,2,683076,683077,1
conv_output_queue,43,3,684063,684064,1
conv_output_queue,43,4,685050,685051,1
conv_output_queue,43,5,686037,686038,1
conv_output_queue,43,6,687024,687025,1
conv_output_queue,43,7,688011,688012,1
conv_output_queue,43,8,688998,688999,1
conv_output_queue,43,9,689985,689986,1
conv_output_queue,43,10,690972,690973,1
conv_output_queue,43,11,691959,691960,1
conv_output_queue,43,12,692946,692947,1
conv_output_queue,43,13,693933,693934,1
conv_output_queue,43,14,694920,694921,1
conv_output_queue,43,15,695907,695908,1
conv_output_queue,44,0,696894,696895,1
conv_output_queue,44,1,697881,697882,1
conv_output_queue,44,2,698868,698869,1
conv_output_queue,44,3,699855,699856,1
conv_output_queue,44,4,700842,700843,1
conv_output_queue,44,5,701829,701830,1
conv_output_queue,44,6,702816,702817,1
conv_output_queue,44,7,703803,703804,1
conv_output_queue,44,8,704790,704791,1
conv_output_queue,44,9,705777,705778,1
conv_output_queue,44,10,706764,706765,1
conv_output_queue,44,11,707751,707752,1
conv_output_queue,44,12,708738,708739,1
conv_output_queue,44,13,709725,709726,1
conv_output_queue,44,14,710712,710713,1
conv_output_queue,44,15,711699,711700,1
conv_output_queue,45,0,712686,712687,1
conv_output_queue,45,1,713673,713674,1
conv_output_queue,45,2,714660,714661,1
conv_output_queue,45,3,715647,715648,1
conv_output_queue,45,4,716634,716635,1
conv_output_queue,45,5,717621,717622,1
conv_output_queue,45,6,718608,718609,1
conv_output_queue,45,7,719595,719596,1
conv_output_queue,45,8,720582,720583,1
conv_output_queue,45,9,721569,721570,1
conv_output_queue,45,10,722556,722557,1
conv_output_queue,45,11,723543,723544,1
conv_output_queue,45,12,724530,724531,1
conv_output_queue,45,13,725517,725518,1
conv_output_queue,45,14,726504,726505,1
conv_output_queue,45,15,727491,727492,1
conv_output_queue,46,0,728478,728479,1
conv_output_queue,46,1,729465,729466,1
conv_output_queue,46,2,730452,730453,1
conv_output_queue,46,3,731439,731440,1
conv_output_queue,46,4,732426,732427,1
conv_output_queue,46,5,733413,733414,1
conv_output_queue,46,6,734400,734401,1
conv_output_queue,46,7,735387,735388,1
conv_output_queue,46,8,736374,736375,1
conv_output_queue,46,9,737361,737362,1
conv_output_queue,46,10,738348,738349,1
conv_output_queue,46,11,739335,739336,1
conv_output_queue,46,12,740322,740323,1
conv_output_queue,46,13,741309,741310,1
conv_output_queue,46,14,742296,742297,1
conv_output_queue,46,15,743283,743284,1
conv_output_queue,47,0,744270,744271,1
conv_output_queue,47,1,745257,745258,1
conv_output_queue,47,2,746244,746245,1
conv_output_queue,47,3,747231,747232,1
conv_output_queue,47,4,748218,748219,1
conv_output_queue,47,5,749205,749206,1
conv_output_queue,47,6,750192,750193,1
conv_output_queue,47,7,751179,751180,1
conv_output_queue,47,8,752166,752167,1
conv_output_queue,47,9,753153,753154,1
conv_output_queue,47,10,754140,754141,1
conv_output_queue,47,11,755127,755128,1
conv_output_queue,47,12,756114,756115,1
conv_output_queue,47,13,757101,757102,1
conv_output_queue,47,14,758088,758089,1
conv_output_queue,47,15,759075,759076,1
conv_output_queue,48,0,760062,760063,1
conv_output_queue,48,1,761049,761050,1
conv_output_queue,48,2,762036,762037,1
conv_output_queue,48,3,763023,763024,1
conv_output_queue,48,4,764010,764011,1
conv_output_queue,48,5,764997,764998,1
conv_output_queue,48,6,765984,765985,1
conv_output_queue,48,7,766971,766972,1
conv_output_queue,48,8,767958,767959,1
conv_output_queue,48,9,768945,768946,1
conv_output_queue,48,10,769932,769933,1
conv_output_queue,48,11,770919,770920,1
conv_output_queue,48,12,771906,771907,1
conv_output_queue,48,13,772893,772894,1
conv_output_queue,48,14,773880,773881,1
conv_output_queue,48,15,774867,774868,1
conv_output_queue,49,0,775854,775855,1
conv_output_queue,49,1,776841,776842,1
conv_output_queue,49,2,777828,777829,1
conv_output_queue,49,3,778815,778816,1
conv_output_queue,49,4,779802,779803,1
conv_output_queue,49,5,780789,780790,1
conv_output_queue,49,6,781776,781777,1
conv_output_queue,49,7,782763,782764,1
conv_output_queue,49,8,783750,783751,1
conv_output_queue,49,9,784737,784738,1
conv_output_queue,49,10,785724,785725,1
conv_output_queue,49,11,786711,786712,1
conv_output_queue,49,12,787698,787699,1
conv_output_queue,49,13,788685,788686,1
conv_output_queue,49,14,789672,789673,1
conv_output_queue,49,15,790659,790660,1
conv_output_queue,50,0,791646,791647,1
conv_output_queue,50,1,792633,792634,1
conv_output_queue,50,2,793620,793621,1
conv_output_queue,50,3,794607,794608,1
conv_output_queue,50,4,795594,795595,1
conv_output_queue,50,5,796581,796582,1
conv_output_queue,50,6,797568,797569,1
conv_output_queue,50,7,798555,798556,1
conv_output_queue,50,8,799542,799543,1
conv_output_queue,50,9,800529,800530,1
conv_output_queue,50,10,801516,801517,1
conv_output_queue,50,11,802503,802504,1
conv_output_queue,50,12,803490,803491,1
conv_output_queue,50,13,804477,804478,1
conv_output_queue,50,14,805464,805465,1
conv_output_queue,50,15,806451,806452,1
conv_output_queue,51,0,807438,807439,1
conv_output_queue,51,1,808425,808426,1
conv_output_queue,51,2,809412,809413,1
conv_output_queue,51,3,810399,810400,1
conv_output_queue,51,4,811386,811387,1
conv_output_queue,51,5,812373,812374,1
conv_output_queue,51,6,813360,813361,1
conv_output_queue,51,7,814347,814348,1
conv_output_queue,51,8,815334,815335,1
conv_output_queue,51,9,816321,816322,1
conv_output_queue,51,10,817308,817309,1
conv_output_queue,51,11,818295,818296,1
conv_output_queue,51,12,819282,819283,1
conv_output_queue,51,13,820269,820270,1
conv_output_queue,51,14,821256,821257,1
conv_output_queue,51,15,822243,822244,1
conv_output_queue,52,0,823230,823231,1
conv_output_queue,52,1,824217,824218,1
conv_output_queue,52,2,825204,825205,1
conv_output_queue,52,3,826191,826192,1
conv_output_queue,52,4,827178,827179,1
conv_output_queue,52,5,828165,828166,1
conv_output_queue,52,6,829152,829153,1
conv_output_queue,52,7,830139,830140,1
conv_output_queue,52,8,831126,831127,1
conv_output_queue,52,9,832113,832114,1
conv_output_queue,52,10,833100,833101,1
conv_output_queue,52,11,834087,834088,1
conv_output_queue,52,12,835074,835075,1
conv_output_queue,52,13,836061,836062,1
conv_output_queue,52,14,837048,837049,1
conv_output_queue,52,15,838035,838036,1
conv_output_queue,53,0,839022,839023,1
conv_output_queue,53,1,840009,840010,1
conv_output_queue,53,2,840996,840997,1
conv_output_queue,53,3,841983,841984,1
conv_output_queue,53,4,842970,842971,1
conv_output_queue,53,5,843957,843958,1
conv_output_queue,53,6,844944,844945,1
conv_output_queue,53,7,845931,845932,1
conv_output_queue,53,8,846918,846919,1
conv_output_queue,53,9,847905,847906,1
conv_output_queue,53,10,848892,848893,1
conv_output_queue,53,11,849879,849880,1
conv_output_queue,53,12,850866,850867,1
conv_output_queue,53,13,851853,851854,1
conv_output_queue,53,14,852840,852841,1
conv_output_queue,53,15,853827,853828,1
conv_output_queue,54,0,854814,854815,1
conv_output_queue,54,1,855801,855802,1
conv_output_queue,54,2,856788,856789,1
conv_output_queue,54,3,857775,857776,1
conv_output_queue,54,4,858762,858763,1
conv_output_queue,54,5,859749,859750,1
conv_output_queue,54,6,860736,860737,1
conv_output_queue,54,7,861723,861724,1
conv_output_queue,54,8,862710,862711,1
conv_output_queue,54,9,863697,863698,1
conv_output_queue,54,10,864684,864685,1
conv_output_queue,54,11,865671,865672,1
conv_output_queue,54,12,866658,866659,1
conv_output_queue,54,13,867645,867646,1
conv_output_queue,54,14,868632,868633,1
conv_output_queue,54,15,869619,869620,1
conv_output_queue,55,0,870606,870607,1
conv_output_queue,55,1,871593,871594,1
conv_output_queue,55,2,872580,872581,1
conv_output_queue,55,3,873567,873568,1
conv_output_queue,55,4,874554,874555,1
conv_output_queue,55,5,875541,875542,1
conv_output_queue,55,6,876528,876529,1
conv_output_queue,55,7,877515,877516,1
conv_output_queue,55,8,878502,878503,1
conv_output_queue,55,9,879489,879490,1
conv_output_queue,55,10,880476,880477,1
conv_output_queue,55,11,881463,881464,1
conv_output_queue,55,12,882450,882451,1
conv_output_queue,55,13,883437,883438,1
conv_output_queue,55,14,884424,884425,1
conv_output_queue,55,15,885411,885412,1
conv_output_queue,56,0,886398,886399,1
conv_output_queue,56,1,887385,887386,1
conv_output_queue,56,2,888372,888373,1
conv_output_queue,56,3,889359,889360,1
conv_output_queue,56,4,890346,890347,1
conv_output_queue,56,5,891333,891334,1
conv_output_queue,56,6,892320,892321,1
conv_output_queue,56,7,893307,893308,1
conv_output_queue,56,8,894294,894295,1
conv_output_queue,56,9,895281,895282,1
conv_output_queue,56,10,896268,896269,1
conv_output_queue,56,11,897255,897256,1
conv_output_queue,56,12,898242,898243,1
conv_output_queue,56,13,899229,899230,1
conv_output_queue,56,14,900216,900217,1
conv_output_queue,56,15,901203,901204,1
conv_output_queue,57,0,902190,902191,1
conv_output_queue,57,1,903177,903178,1
conv_output_queue,57,2,904164,904165,1
conv_output_queue,57,3,905151,905152,1
conv_output_queue,57,4,906138,906139,1
conv_output_queue,57,5,907125,907126,1
conv_output_queue,57,6,908112,908113,1
conv_output_queue,57,7,909099,909100,1
conv_output_queue,57,8,910086,910087,1
conv_output_queue,57,9,911073,911074,1
conv_output_queue,57,10,912060,912061,1
conv_output_queue,57,11,913047,913048,1
conv_output_queue,57,12,914034,914035,1
conv_output_queue,57,13,915021,915022,1
conv_output_queue,57,14,916008,916009,1
conv_output_queue,57,15,916995,916996,1
conv_output_queue,58,0,917982,917983,1
conv_output_queue,58,1,918969,918970,1
conv_output_queue,58,2,919956,919957,1
conv_output_queue,58,3,920943,920944,1
conv_output_queue,58,4,921930,921931,1
conv_output_queue,58,5,922917,922918,1
conv_output_queue,58,6,923904,923905,1
conv_output_queue,58,7,924891,924892,1
conv_output_queue,58,8,925878,925879,1
conv_output_queue,58,9,926865,926866,1
conv_output_queue,58,10,927852,927853,1
conv_output_queue,58,11,928839,928840,1
conv_output_queue,58,12,929826,929827,1
conv_output_queue,58,13,930813,930814,1
conv_output_queue,58,14,931800,931801,1
conv_output_queue,58,15,932787,932788,1
conv_output_queue,59,0,933774,933775,1
conv_output_queue,59,1,934761,934762,1
conv_output_queue,59,2,935748,935749,1
conv_output_queue,59,3,936735,936736,1
conv_output_queue,59,4,937722,937723,1
conv_output_queue,59,5,938709,938710,1
conv_output_queue,59,6,939696,939697,1
conv_output_queue,59,7,940683,940684,1
conv_output_queue,59,8,941670,941671,1
conv_output_queue,59,9,942657,942658,1
conv_output_queue,59,10,943644,943645,1
conv_output_queue,59,11,944631,944632,1
conv_output_queue,59,12,945618,945619,1
conv_output_queue,59,13,946605,946606,1
conv_output_queue,59,14,947592,947593,1
conv_output_queue,59,15,948579,948580,1
conv_output_queue,60,0,949566,949567,1
conv_output_queue,60,1,950553,950554,1
conv_output_queue,60,2,951540,951541,1
conv_output_queue,60,3,952527,952528,1
conv_output_queue,60,4,953514,953515,1
conv_output_queue,60,5,954501,954502,1
conv_output_queue,60,6,955488,955489,1
conv_output_queue,60,7,956475,956476,1
conv_output_queue,60,8,957462,957463,1
conv_output_queue,60,9,958449,958450,1
conv_output_queue,60,10,959436,959437,1
conv_output_queue,60,11,960423,960424,1
conv_output_queue,60,12,961410,961411,1
conv_output_queue,60,13,962397,962398,1
conv_output_queue,60,14,963384,963385,1
conv_output_queue,60,15,964371,964372,1
conv_output_queue,61,0,965358,965359,1
conv_output_queue,61,1,966345,966346,1
conv_output_queue,61,2,967332,967333,1
conv_output_queue,61,3,968319,968320,1
conv_output_queue,61,4,969306,969307,1
conv_output_queue,61,5,970293,970294,1
conv_output_queue,61,6,971280,971281,1
conv_output_queue,61,7,972267,972268,1
conv_output_queue,61,8,973254,973255,1
conv_output_queue,61,9,974241,974242,1
conv_output_queue,61,10,975228,975229,1
conv_output_queue,61,11,976215,976216,1
conv_output_queue,61,12,977202,977203,1
conv_output_queue,61,13,978189,978190,1
conv_output_queue,61,14,979176,979177,1
conv_output_queue,61,15,980163,980164,1
conv_output_queue,62,0,981150,981151,1
conv_output_queue,62,1,982137,982138,1
conv_output_queue,62,2,983124,983125,1
conv_output_queue,62,3,984111,984112,1
conv_output_queue,62,4,985098,985099,1
conv_output_queue,62,5,986085,986086,1
conv_output_queue,62,6,987072,987073,1
conv_output_queue,62,7,988059,988060,1
conv_output_queue,62,8,989046,989047,1
conv_output_queue,62,9,990033,990034,1
conv_output_queue,62,10,991020,991021,1
conv_output_queue,62,11,992007,992008,1
conv_output_queue,62,12,992994,992995,1
conv_output_queue,62,13,993981,993982,1
conv_output_queue,62,14,994968,994969,1
conv_output_queue,62,15,995955,995956,1
conv_output_queue,63,0,996942,996943,1
conv_output_queue,63,1,997929,997930,1
conv_output_queue,63,2,998916,998917,1
conv_output_queue,63,3,999903,999904,1
conv_output_queue,63,4,1000890,1000891,1
conv_output_queue,63,5,1001877,1001878,1
conv_output_queue,63,6,1002864,1002865,1
conv_output_queue,63,7,1003851,1003852,1
conv_output_queue,63,8,1004838,1004839,1
conv_output_queue,63,9,1005825,1005826,1
conv_output_queue,63,10,1006812,1006813,1
conv_output_queue,63,11,1007799,1007800,1
conv_output_queue,63,12,1008786,1008787,1
conv_output_queue,63,13,1009773,1009774,1
conv_output_queue,63,14,1010760,1010761,1
conv_output_queue,63,15,1011747,1011748,1
state_projection,0,0,2047,2499,452
state_projection,0,1,3034,3486,452
state_projection,0,2,4021,4473,452
state_projection,0,3,5008,5460,452
state_projection,0,4,5995,6447,452
state_projection,0,5,6982,7434,452
state_projection,0,6,7969,8421,452
state_projection,0,7,8956,9408,452
state_projection,0,8,9943,10395,452
state_projection,0,9,10930,11382,452
state_projection,0,10,11917,12369,452
state_projection,0,11,12904,13356,452
state_projection,0,12,13891,14343,452
state_projection,0,13,14878,15330,452
state_projection,0,14,15865,16317,452
state_projection,0,15,16852,17304,452
state_projection,1,0,17839,18291,452
state_projection,1,1,18826,19278,452
state_projection,1,2,19813,20265,452
state_projection,1,3,20800,21252,452
state_projection,1,4,21787,22239,452
state_projection,1,5,22774,23226,452
state_projection,1,6,23761,24213,452
state_projection,1,7,24748,25200,452
state_projection,1,8,25735,26187,452
state_projection,1,9,26722,27174,452
state_projection,1,10,27709,28161,452
state_projection,1,11,28696,29148,452
state_projection,1,12,29683,30135,452
state_projection,1,13,30670,31122,452
state_projection,1,14,31657,32109,452
state_projection,1,15,32644,33096,452
state_projection,2,0,33631,34083,452
state_projection,2,1,34618,35070,452
state_projection,2,2,35605,36057,452
state_projection,2,3,36592,37044,452
state_projection,2,4,37579,38031,452
state_projection,2,5,38566,39018,452
state_projection,2,6,39553,40005,452
state_projection,2,7,40540,40992,452
state_projection,2,8,41527,41979,452
state_projection,2,9,42514,42966,452
state_projection,2,10,43501,43953,452
state_projection,2,11,44488,44940,452
state_projection,2,12,45475,45927,452
state_projection,2,13,46462,46914,452
state_projection,2,14,47449,47901,452
state_projection,2,15,48436,48888,452
state_projection,3,0,49423,49875,452
state_projection,3,1,50410,50862,452
state_projection,3,2,51397,51849,452
state_projection,3,3,52384,52836,452
state_projection,3,4,53371,53823,452
state_projection,3,5,54358,54810,452
state_projection,3,6,55345,55797,452
state_projection,3,7,56332,56784,452
state_projection,3,8,57319,57771,452
state_projection,3,9,58306,58758,452
state_projection,3,10,59293,59745,452
state_projection,3,11,60280,60732,452
state_projection,3,12,61267,61719,452
state_projection,3,13,62254,62706,452
state_projection,3,14,63241,63693,452
state_projection,3,15,64228,64680,452
state_projection,4,0,65215,65667,452
state_projection,4,1,66202,66654,452
state_projection,4,2,67189,67641,452
state_projection,4,3,68176,68628,452
state_projection,4,4,69163,69615,452
state_projection,4,5,70150,70602,452
state_projection,4,6,71137,71589,452
state_projection,4,7,72124,72576,452
state_projection,4,8,73111,73563,452
state_projection,4,9,74098,74550,452
state_projection,4,10,75085,75537,452
state_projection,4,11,76072,76524,452
state_projection,4,12,77059,77511,452
state_projection,4,13,78046,78498,452
state_projection,4,14,79033,79485,452
state_projection,4,15,80020,80472,452
state_projection,5,0,81007,81459,452
state_projection,5,1,81994,82446,452
state_projection,5,2,82981,83433,452
state_projection,5,3,83968,84420,452
state_projection,5,4,84955,85407,452
state_projection,5,5,85942,86394,452
state_projection,5,6,86929,87381,452
state_projection,5,7,87916,88368,452
state_projection,5,8,88903,89355,452
state_projection,5,9,89890,90342,452
state_projection,5,10,90877,91329,452
state_projection,5,11,91864,92316,452
state_projection,5,12,92851,93303,452
state_projection,5,13,93838,94290,452
state_projection,5,14,94825,95277,452
state_projection,5,15,95812,96264,452
state_projection,6,0,96799,97251,452
state_projection,6,1,97786,98238,452
state_projection,6,2,98773,99225,452
state_projection,6,3,99760,100212,452
state_projection,6,4,100747,101199,452
state_projection,6,5,101734,102186,452
state_projection,6,6,102721,103173,452
state_projection,6,7,103708,104160,452
state_projection,6,8,104695,105147,452
state_projection,6,9,105682,106134,452
state_projection,6,10,106669,107121,452
state_projection,6,11,107656,108108,452
state_projection,6,12,108643,109095,452
state_projection,6,13,109630,110082,452
state_projection,6,14,110617,111069,452
state_projection,6,15,111604,112056,452
state_projection,7,0,112591,113043,452
state_projection,7,1,113578,114030,452
state_projection,7,2,114565,115017,452
state_projection,7,3,115552,116004,452
state_projection,7,4,116539,116991,452
state_projection,7,5,117526,117978,452
state_projection,7,6,118513,118965,452
state_projection,7,7,119500,119952,452
state_projection,7,8,120487,120939,452
state_projection,7,9,121474,121926,452
state_projection,7,10,122461,122913,452
state_projection,7,11,123448,123900,452
state_projection,7,12,124435,124887,452
state_projection,7,13,125422,125874,452
state_projection,7,14,126409,126861,452
state_projection,7,15,127396,127848,452
state_projection,8,0,128383,128835,452
state_projection,8,1,129370,129822,452
state_projection,8,2,130357,130809,452
state_projection,8,3,131344,131796,452
state_projection,8,4,132331,132783,452
state_projection,8,5,133318,133770,452
state_projection,8,6,134305,134757,452
state_projection,8,7,135292,135744,452
state_projection,8,8,136279,136731,452
state_projection,8,9,137266,137718,452
state_projection,8,10,138253,138705,452
state_projection,8,11,139240,139692,452
state_projection,8,12,140227,140679,452
state_projection,8,13,141214,141666,452
state_projection,8,14,142201,142653,452
state_projection,8,15,143188,143640,452
state_projection,9,0,144175,144627,452
state_projection,9,1,145162,145614,452
state_projection,9,2,146149,146601,452
state_projection,9,3,147136,147588,452
state_projection,9,4,148123,148575,452
state_projection,9,5,149110,149562,452
state_projection,9,6,150097,150549,452
state_projection,9,7,151084,151536,452
state_projection,9,8,152071,152523,452
state_projection,9,9,153058,153510,452
state_projection,9,10,154045,154497,452
state_projection,9,11,155032,155484,452
state_projection,9,12,156019,156471,452
state_projection,9,13,157006,157458,452
state_projection,9,14,157993,158445,452
state_projection,9,15,158980,159432,452
state_projection,10,0,159967,160419,452
state_projection,10,1,160954,161406,452
state_projection,10,2,161941,162393,452
state_projection,10,3,162928,163380,452
state_projection,10,4,163915,164367,452
state_projection,10,5,164902,165354,452
state_projection,10,6,165889,166341,452
state_projection,10,7,166876,167328,452
state_projection,10,8,167863,168315,452
state_projection,10,9,168850,169302,452
state_projection,10,10,169837,170289,452
state_projection,10,11,170824,171276,452
state_projection,10,12,171811,172263,452
state_projection,10,13,172798,173250,452
state_projection,10,14,173785,174237,452
state_projection,10,15,174772,175224,452
state_projection,11,0,175759,176211,452
state_projection,11,1,176746,177198,452
state_projection,11,2,177733,178185,452
state_projection,11,3,178720,179172,452
state_projection,11,4,179707,180159,452
state_projection,11,5,180694,181146,452
state_projection,11,6,181681,182133,452
state_projection,11,7,182668,183120,452
state_projection,11,8,183655,184107,452
state_projection,11,9,184642,185094,452
state_projection,11,10,185629,186081,452
state_projection,11,11,186616,187068,452
state_projection,11,12,187603,188055,452
state_projection,11,13,188590,189042,452
state_projection,11,14,189577,190029,452
state_projection,11,15,190564,191016,452
state_projection,12,0,191551,192003,452
state_projection,12,1,192538,192990,452
state_projection,12,2,193525,193977,452
state_projection,12,3,194512,194964,452
state_projection,12,4,195499,195951,452
state_projection,12,5,196486,196938,452
state_projection,12,6,197473,197925,452
state_projection,12,7,198460,198912,452
state_projection,12,8,199447,199899,452
state_projection,12,9,200434,200886,452
state_projection,12,10,201421,201873,452
state_projection,12,11,202408,202860,452
state_projection,12,12,203395,203847,452
state_projection,12,13,204382,204834,452
state_projection,12,14,205369,205821,452
state_projection,12,15,206356,206808,452
state_projection,13,0,207343,207795,452
state_projection,13,1,208330,208782,452
state_projection,13,2,209317,209769,452
state_projection,13,3,210304,210756,452
state_projection,13,4,211291,211743,452
state_projection,13,5,212278,212730,452
state_projection,13,6,213265,213717,452
state_projection,13,7,214252,214704,452
state_projection,13,8,215239,215691,452
state_projection,13,9,216226,216678,452
state_projection,13,10,217213,217665,452
state_projection,13,11,218200,218652,452
state_projection,13,12,219187,219639,452
state_projection,13,13,220174,220626,452
state_projection,13,14,221161,221613,452
state_projection,13,15,222148,222600,452
state_projection,14,0,223135,223587,452
state_projection,14,1,224122,224574,452
state_projection,14,2,225109,225561,452
state_projection,14,3,226096,226548,452
state_projection,14,4,227083,227535,452
state_projection,14,5,228070,228522,452
state_projection,14,6,229057,229509,452
state_projection,14,7,230044,230496,452
state_projection,14,8,231031,231483,452
state_projection,14,9,232018,232470,452
state_projection,14,10,233005,233457,452
state_projection,14,11,233992,234444,452
state_projection,14,12,234979,235431,452
state_projection,14,13,235966,236418,452
state_projection,14,14,236953,237405,452
state_projection,14,15,237940,238392,452
state_projection,15,0,238927,239379,452
state_projection,15,1,239914,240366,452
state_projection,15,2,240901,241353,452
state_projection,15,3,241888,242340,452
state_projection,15,4,242875,243327,452
state_projection,15,5,243862,244314,452
state_projection,15,6,244849,245301,452
state_projection,15,7,245836,246288,452
state_projection,15,8,246823,247275,452
state_projection,15,9,247810,248262,452
state_projection,15,10,248797,249249,452
state_projection,15,11,249784,250236,452
state_projection,15,12,250771,251223,452
state_projection,15,13,251758,252210,452
state_projection,15,14,252745,253197,452
state_projection,15,15,253732,254184,452
state_projection,16,0,254719,255171,452
state_projection,16,1,255706,256158,452
state_projection,16,2,256693,257145,452
state_projection,16,3,257680,258132,452
state_projection,16,4,258667,259119,452
state_projection,16,5,259654,260106,452
state_projection,16,6,260641,261093,452
state_projection,16,7,261628,262080,452
state_projection,16,8,262615,263067,452
state_projection,16,9,263602,264054,452
state_projection,16,10,264589,265041,452
state_projection,16,11,265576,266028,452
state_projection,16,12,266563,267015,452
state_projection,16,13,267550,268002,452
state_projection,16,14,268537,268989,452
state_projection,16,15,269524,269976,452
state_projection,17,0,270511,270963,452
state_projection,17,1,271498,271950,452
state_projection,17,2,272485,272937,452
state_projection,17,3,273472,273924,452
state_projection,17,4,274459,274911,452
state_projection,17,5,275446,275898,452
state_projection,17,6,276433,276885,452
state_projection,17,7,277420,277872,452
state_projection,17,8,278407,278859,452
state_projection,17,9,279394,279846,452
state_projection,17,10,280381,280833,452
state_projection,17,11,281368,281820,452
state_projection,17,12,282355,282807,452
state_projection,17,13,283342,283794,452
state_projection,17,14,284329,284781,452
state_projection,17,15,285316,285768,452
state_projection,18,0,286303,286755,452
state_projection,18,1,287290,287742,452
state_projection,18,2,288277,288729,452
state_projection,18,3,289264,289716,452
state_projection,18,4,290251,290703,452
state_projection,18,5,291238,291690,452
state_projection,18,6,292225,292677,452
state_projection,18,7,293212,293664,452
state_projection,18,8,294199,294651,452
state_projection,18,9,295186,295638,452
state_projection,18,10,296173,296625,452
state_projection,18,11,297160,297612,452
state_projection,18,12,298147,298599,452
state_projection,18,13,299134,299586,452
state_projection,18,14,300121,300573,452
state_projection,18,15,301108,301560,452
state_projection,19,0,302095,302547,452
state_projection,19,1,303082,303534,452
state_projection,19,2,304069,304521,452
state_projection,19,3,305056,305508,452
state_projection,19,4,306043,306495,452
state_projection,19,5,307030,307482,452
state_projection,19,6,308017,308469,452
state_projection,19,7,309004,309456,452
state_projection,19,8,309991,310443,452
state_projection,19,9,310978,311430,452
state_projection,19,10,311965,312417,452
state_projection,19,11,312952,313404,452
state_projection,19,12,313939,314391,452
state_projection,19,13,314926,315378,452
state_projection,19,14,315913,316365,452
state_projection,19,15,316900,317352,452
state_projection,20,0,317887,318339,452
state_projection,20,1,318874,319326,452
state_projection,20,2,319861,320313,452
state_projection,20,3,320848,321300,452
state_projection,20,4,321835,322287,452
state_projection,20,5,322822,323274,452
state_projection,20,6,323809,324261,452
state_projection,20,7,324796,325248,452
state_projection,20,8,325783,326235,452
state_projection,20,9,326770,327222,452
state_projection,20,10,327757,328209,452
state_projection,20,11,328744,329196,452
state_projection,20,12,329731,330183,452
state_projection,20,13,330718,331170,452
state_projection,20,14,331705,332157,452
state_projection,20,15,332692,333144,452
state_projection,21,0,333679,334131,452
state_projection,21,1,334666,335118,452
state_projection,21,2,335653,336105,452
state_projection,21,3,336640,337092,452
state_projection,21,4,337627,338079,452
state_projection,21,5,338614,339066,452
state_projection,21,6,339601,340053,452
state_projection,21,7,340588,341040,452
state_projection,21,8,341575,342027,452
state_projection,21,9,342562,343014,452
state_projection,21,10,343549,344001,452
state_projection,21,11,344536,344988,452
state_projection,21,12,345523,345975,452
state_projection,21,13,346510,346962,452
state_projection,21,14,347497,347949,452
state_projection,21,15,348484,348936,452
state_projection,22,0,349471,349923,452
state_projection,22,1,350458,350910,452
state_projection,22,2,351445,351897,452
state_projection,22,3,352432,352884,452
state_projection,22,4,353419,353871,452
state_projection,22,5,354406,354858,452
state_projection,22,6,355393,355845,452
state_projection,22,7,356380,356832,452
state_projection,22,8,357367,357819,452
state_projection,22,9,358354,358806,452
state_projection,22,10,359341,359793,452
state_projection,22,11,360328,360780,452
state_projection,22,12,361315,361767,452
state_projection,22,13,362302,362754,452
state_projection,22,14,363289,363741,452
state_projection,22,15,364276,364728,452
state_projection,23,0,365263,365715,452
state_projection,23,1,366250,366702,452
state_projection,23,2,367237,367689,452
state_projection,23,3,368224,368676,452
state_projection,23,4,369211,369663,452
state_projection,23,5,370198,370650,452
state_projection,23,6,371185,371637,452
state_projection,23,7,372172,372624,452
state_projection,23,8,373159,373611,452
state_projection,23,9,374146,374598,452
state_projection,23,10,375133,375585,452
state_projection,23,11,376120,376572,452
state_projection,23,12,377107,377559,452
state_projection,23,13,378094,378546,452
state_projection,23,14,379081,379533,452
state_projection,23,15,380068,380520,452
state_projection,24,0,381055,381507,452
state_projection,24,1,382042,382494,452
state_projection,24,2,383029,383481,452
state_projection,24,3,384016,384468,452
state_projection,24,4,385003,385455,452
state_projection,24,5,385990,386442,452
state_projection,24,6,386977,387429,452
state_projection,24,7,387964,388416,452
state_projection,24,8,388951,389403,452
state_projection,24,9,389938,390390,452
state_projection,24,10,390925,391377,452
state_projection,24,11,391912,392364,452
state_projection,24,12,392899,393351,452
state_projection,24,13,393886,394338,452
state_projection,24,14,394873,395325,452
state_projection,24,15,395860,396312,452
state_projection,25,0,396847,397299,452
state_projection,25,1,397834,398286,452
state_projection,25,2,398821,399273,452
state_projection,25,3,399808,400260,452
state_projection,25,4,400795,401247,452
state_projection,25,5,401782,402234,452
state_projection,25,6,402769,403221,452
state_projection,25,7,403756,404208,452
state_projection,25,8,404743,405195,452
state_projection,25,9,405730,406182,452
state_projection,25,10,406717,407169,452
state_projection,25,11,407704,408156,452
state_projection,25,12,408691,409143,452
state_projection,25,13,409678,410130,452
state_projection,25,14,410665,411117,452
state_projection,25,15,411652,412104,452
state_projection,26,0,412639,413091,452
state_projection,26,1,413626,414078,452
state_projection,26,2,414613,415065,452
state_projection,26,3,415600,416052,452
state_projection,26,4,416587,417039,452
state_projection,26,5,417574,418026,452
state_projection,26,6,418561,419013,452
state_projection,26,7,419548,420000,452
state_projection,26,8,420535,420987,452
state_projection,26,9,421522,421974,452
state_projection,26,10,422509,422961,452
state_projection,26,11,423496,423948,452
state_projection,26,12,424483,424935,452
state_projection,26,13,425470,425922,452
state_projection,26,14,426457,426909,452
state_projection,26,15,427444,427896,452
state_projection,27,0,428431,428883,452
state_projection,27,1,429418,429870,452
state_projection,27,2,430405,430857,452
state_projection,27,3,431392,431844,452
state_projection,27,4,432379,432831,452
state_projection,27,5,433366,433818,452
state_projection,27,6,434353,434805,452
state_projection,27,7,435340,435792,452
state_projection,27,8,436327,436779,452
state_projection,27,9,437314,437766,452
state_projection,27,10,438301,438753,452
state_projection,27,11,439288,439740,452
state_projection,27,12,440275,440727,452
state_projection,27,13,441262,441714,452
state_projection,27,14,442249,442701,452
state_projection,27,15,443236,443688,452
state_projection,28,0,444223,444675,452
state_projection,28,1,445210,445662,452
state_projection,28,2,446197,446649,452
state_projection,28,3,447184,447636,452
state_projection,28,4,448171,448623,452
state_projection,28,5,449158,449610,452
state_projection,28,6,450145,450597,452
state_projection,28,7,451132,451584,452
state_projection,28,8,452119,452571,452
state_projection,28,9,453106,453558,452
state_projection,28,10,454093,454545,452
state_projection,28,11,455080,455532,452
state_projection,28,12,456067,456519,452
state_projection,28,13,457054,457506,452
state_projection,28,14,458041,458493,452
state_projection,28,15,459028,459480,452
state_projection,29,0,460015,460467,452
state_projection,29,1,461002,461454,452
state_projection,29,2,461989,462441,452
state_projection,29,3,462976,463428,452
state_projection,29,4,463963,464415,452
state_projection,29,5,464950,465402,452
state_projection,29,6,465937,466389,452
state_projection,29,7,466924,467376,452
state_projection,29,8,467911,468363,452
state_projection,29,9,468898,469350,452
state_projection,29,10,469885,470337,452
state_projection,29,11,470872,471324,452
state_projection,29,12,471859,472311,452
state_projection,29,13,472846,473298,452
state_projection,29,14,473833,474285,452
state_projection,29,15,474820,475272,452
state_projection,30,0,475807,476259,452
state_projection,30,1,476794,477246,452
state_projection,30,2,477781,478233,452
state_projection,30,3,478768,479220,452
state_projection,30,4,479755,480207,452
state_projection,30,5,480742,481194,452
state_projection,30,6,481729,482181,452
state_projection,30,7,482716,483168,452
state_projection,30,8,483703,484155,452
state_projection,30,9,484690,485142,452
state_projection,30,10,485677,486129,452
state_projection,30,11,486664,487116,452
state_projection,30,12,487651,488103,452
state_projection,30,13,488638,489090,452
state_projection,30,14,489625,490077,452
state_projection,30,15,490612,491064,452
state_projection,31,0,491599,492051,452
state_projection,31,1,492586,493038,452
state_projection,31,2,493573,494025,452
state_projection,31,3,494560,495012,452
state_projection,31,4,495547,495999,452
state_projection,31,5,496534,496986,452
state_projection,31,6,497521,497973,452
state_projection,31,7,498508,498960,452
state_projection,31,8,499495,499947,452
state_projection,31,9,500482,500934,452
state_projection,31,10,501469,501921,452
state_projection,31,11,502456,502908,452
state_projection,31,12,503443,503895,452
state_projection,31,13,504430,504882,452
state_projection,31,14,505417,505869,452
state_projection,31,15,506404,506856,452
state_projection,32,0,507391,507843,452
state_projection,32,1,508378,508830,452
state_projection,32,2,509365,509817,452
state_projection,32,3,510352,510804,452
state_projection,32,4,511339,511791,452
state_projection,32,5,512326,512778,452
state_projection,32,6,513313,513765,452
state_projection,32,7,514300,514752,452
state_projection,32,8,515287,515739,452
state_projection,32,9,516274,516726,452
state_projection,32,10,517261,517713,452
state_projection,32,11,518248,518700,452
state_projection,32,12,519235,519687,452
state_projection,32,13,520222,520674,452
state_projection,32,14,521209,521661,452
state_projection,32,15,522196,522648,452
state_projection,33,0,523183,523635,452
state_projection,33,1,524170,524622,452
state_projection,33,2,525157,525609,452
state_projection,33,3,526144,526596,452
state_projection,33,4,527131,527583,452
state_projection,33,5,528118,528570,452
state_projection,33,6,529105,529557,452
state_projection,33,7,530092,530544,452
state_projection,33,8,531079,531531,452
state_projection,33,9,532066,532518,452
state_projection,33,10,533053,533505,452
state_projection,33,11,534040,534492,452
state_projection,33,12,535027,535479,452
state_projection,33,13,536014,536466,452
state_projection,33,14,537001,537453,452
state_projection,33,15,537988,538440,452
state_projection,34,0,538975,539427,452
state_projection,34,1,539962,540414,452
state_projection,34,2,540949,541401,452
state_projection,34,3,541936,542388,452
state_projection,34,4,542923,543375,452
state_projection,34,5,543910,544362,452
state_projection,34,6,544897,545349,452
state_projection,34,7,545884,546336,452
state_projection,34,8,546871,547323,452
state_projection,34,9,547858,548310,452
state_projection,34,10,548845,549297,452
state_projection,34,11,549832,550284,452
state_projection,34,12,550819,551271,452
state_projection,34,13,551806,552258,452
state_projection,34,14,552793,553245,452
state_projection,34,15,553780,554232,452
state_projection,35,0,554767,555219,452
state_projection,35,1,555754,556206,452
state_projection,35,2,556741,557193,452
state_projection,35,3,557728,558180,452
state_projection,35,4,558715,559167,452
state_projection,35,5,559702,560154,452
state_projection,35,6,560689,561141,452
state_projection,35,7,561676,562128,452
state_projection,35,8,562663,563115,452
state_projection,35,9,563650,564102,452
state_projection,35,10,564637,565089,452
state_projection,35,11,565624,566076,452
state_projection,35,12,566611,567063,452
state_projection,35,13,567598,568050,452
state_projection,35,14,568585,569037,452
state_projection,35,15,569572,570024,452
state_projection,36,0,570559,571011,452
state_projection,36,1,571546,571998,452
state_projection,36,2,572533,572985,452
state_projection,36,3,573520,573972,452
state_projection,36,4,574507,574959,452
state_projection,36,5,575494,575946,452
state_projection,36,6,576481,576933,452
state_projection,36,7,577468,577920,452
state_projection,36,8,578455,578907,452
state_projection,36,9,579442,579894,452
state_projection,36,10,580429,580881,452
state_projection,36,11,581416,581868,452
state_projection,36,12,582403,582855,452
state_projection,36,13,583390,583842,452
state_projection,36,14,584377,584829,452
state_projection,36,15,585364,585816,452
state_projection,37,0,586351,586803,452
state_projection,37,1,587338,587790,452
state_projection,37,2,588325,588777,452
state_projection,37,3,589312,589764,452
state_projection,37,4,590299,590751,452
state_projection,37,5,591286,591738,452
state_projection,37,6,592273,592725,452
state_projection,37,7,593260,593712,452
state_projection,37,8,594247,594699,452
state_projection,37,9,595234,595686,452
state_projection,37,10,596221,596673,452
state_projection,37,11,597208,597660,452
state_projection,37,12,598195,598647,452
state_projection,37,13,599182,599634,452
state_projection,37,14,600169,600621,452
state_projection,37,15,601156,601608,452
state_projection,38,0,602143,602595,452
state_projection,38,1,603130,603582,452
state_projection,38,2,604117,604569,452
state_projection,38,3,605104,605556,452
state_projection,38,4,606091,606543,452
state_projection,38,5,607078,607530,452
state_projection,38,6,608065,608517,452
state_projection,38,7,609052,609504,452
state_projection,38,8,610039,610491,452
state_projection,38,9,611026,611478,452
state_projection,38,10,612013,612465,452
state_projection,38,11,613000,613452,452
state_projection,38,12,613987,614439,452
state_projection,38,13,614974,615426,452
state_projection,38,14,615961,616413,452
state_projection,38,15,616948,617400,452
state_projection,39,0,617935,618387,452
state_projection,39,1,618922,619374,452
state_projection,39,2,619909,620361,452
state_projection,39,3,620896,621348,452
state_projection,39,4,621883,622335,452
state_projection,39,5,622870,623322,452
state_projection,39,6,623857,624309,452
state_projection,39,7,624844,625296,452
state_projection,39,8,625831,626283,452
state_projection,39,9,626818,627270,452
state_projection,39,10,627805,628257,452
state_projection,39,11,628792,629244,452
state_projection,39,12,629779,630231,452
state_projection,39,13,630766,631218,452
state_projection,39,14,631753,632205,452
state_projection,39,15,632740,633192,452
state_projection,40,0,633727,634179,452
state_projection,40,1,634714,635166,452
state_projection,40,2,635701,636153,452
state_projection,40,3,636688,637140,452
state_projection,40,4,637675,638127,452
state_projection,40,5,638662,639114,452
state_projection,40,6,639649,640101,452
state_projection,40,7,640636,641088,452
state_projection,40,8,641623,642075,452
state_projection,40,9,642610,643062,452
state_projection,40,10,643597,644049,452
state_projection,40,11,644584,645036,452
state_projection,40,12,645571,646023,452
state_projection,40,13,646558,647010,452
state_projection,40,14,647545,647997,452
state_projection,40,15,648532,648984,452
state_projection,41,0,649519,649971,452
state_projection,41,1,650506,650958,452
state_projection,41,2,651493,651945,452
state_projection,41,3,652480,652932,452
state_projection,41,4,653467,653919,452
state_projection,41,5,654454,654906,452
state_projection,41,6,655441,655893,452
state_projection,41,7,656428,656880,452
state_projection,41,8,657415,657867,452
state_projection,41,9,658402,658854,452
state_projection,41,10,659389,659841,452
state_projection,41,11,660376,660828,452
state_projection,41,12,661363,661815,452
state_projection,41,13,662350,662802,452
state_projection,41,14,663337,663789,452
state_projection,41,15,664324,664776,452
state_projection,42,0,665311,665763,452
state_projection,42,1,666298,666750,452
state_projection,42,2,667285,667737,452
state_projection,42,3,668272,668724,452
state_projection,42,4,669259,669711,452
state_projection,42,5,670246,670698,452
state_projection,42,6,671233,671685,452
state_projection,42,7,672220,672672,452
state_projection,42,8,673207,673659,452
state_projection,42,9,674194,674646,452
state_projection,42,10,675181,675633,452
state_projection,42,11,676168,676620,452
state_projection,42,12,677155,677607,452
state_projection,42,13,678142,678594,452
state_projection,42,14,679129,679581,452
state_projection,42,15,680116,680568,452
state_projection,43,0,681103,681555,452
state_projection,43,1,682090,682542,452
state_projection,43,2,683077,683529,452
state_projection,43,3,684064,684516,452
state_projection,43,4,685051,685503,452
state_projection,43,5,686038,686490,452
state_projection,43,6,687025,687477,452
state_projection,43,7,688012,688464,452
state_projection,43,8,688999,689451,452
state_projection,43,9,689986,690438,452
state_projection,43,10,690973,691425,452
state_projection,43,11,691960,692412,452
state_projection,43,12,692947,693399,452
state_projection,43,13,693934,694386,452
state_projection,43,14,694921,695373,452
state_projection,43,15,695908,696360,452
state_projection,44,0,696895,697347,452
state_projection,44,1,697882,698334,452
state_projection,44,2,698869,699321,452
state_projection,44,3,699856,700308,452
state_projection,44,4,700843,701295,452
state_projection,44,5,701830,702282,452
state_projection,44,6,702817,703269,452
state_projection,44,7,703804,704256,452
state_projection,44,8,704791,705243,452
state_projection,44,9,705778,706230,452
state_projection,44,10,706765,707217,452
state_projection,44,11,707752,708204,452
state_projection,44,12,708739,709191,452
state_projection,44,13,709726,710178,452
state_projection,44,14,710713,711165,452
state_projection,44,15,711700,712152,452
state_projection,45,0,712687,713139,452
state_projection,45,1,713674,714126,452
state_projection,45,2,714661,715113,452
state_projection,45,3,715648,716100,452
state_projection,45,4,716635,717087,452
state_projection,45,5,717622,718074,452
state_projection,45,6,718609,719061,452
state_projection,45,7,719596,720048,452
state_projection,45,8,720583,721035,452
state_projection,45,9,721570,722022,452
state_projection,45,10,722557,723009,452
state_projection,45,11,723544,723996,452
state_projection,45,12,724531,724983,452
state_projection,45,13,725518,725970,452
state_projection,45,14,726505,726957,452
state_projection,45,15,727492,727944,452
state_projection,46,0,728479,728931,452
state_projection,46,1,729466,729918,452
state_projection,46,2,730453,730905,452
state_projection,46,3,731440,731892,452
state_projection,46,4,732427,732879,452
state_projection,46,5,733414,733866,452
state_projection,46,6,734401,734853,452
state_projection,46,7,735388,735840,452
state_projection,46,8,736375,736827,452
state_projection,46,9,737362,737814,452
state_projection,46,10,738349,738801,452
state_projection,46,11,739336,739788,452
state_projection,46,12,740323,740775,452
state_projection,46,13,741310,741762,452
state_projection,46,14,742297,742749,452
state_projection,46,15,743284,743736,452
state_projection,47,0,744271,744723,452
state_projection,47,1,745258,745710,452
state_projection,47,2,746245,746697,452
state_projection,47,3,747232,747684,452
state_projection,47,4,748219,748671,452
state_projection,47,5,749206,749658,452
state_projection,47,6,750193,750645,452
state_projection,47,7,751180,751632,452
state_projection,47,8,752167,752619,452
state_projection,47,9,753154,753606,452
state_projection,47,10,754141,754593,452
state_projection,47,11,755128,755580,452
state_projection,47,12,756115,756567,452
state_projection,47,13,757102,757554,452
state_projection,47,14,758089,758541,452
state_projection,47,15,759076,759528,452
state_projection,48,0,760063,760515,452
state_projection,48,1,761050,761502,452
state_projection,48,2,762037,762489,452
state_projection,48,3,763024,763476,452
state_projection,48,4,764011,764463,452
state_projection,48,5,764998,765450,452
state_projection,48,6,765985,766437,452
state_projection,48,7,766972,767424,452
state_projection,48,8,767959,768411,452
state_projection,48,9,768946,769398,452
state_projection,48,10,769933,770385,452
state_projection,48,11,770920,771372,452
state_projection,48,12,771907,772359,452
state_projection,48,13,772894,773346,452
state_projection,48,14,773881,774333,452
state_projection,48,15,774868,775320,452
state_projection,49,0,775855,776307,452
state_projection,49,1,776842,777294,452
state_projection,49,2,777829,778281,452
state_projection,49,3,778816,779268,452
state_projection,49,4,779803,780255,452
state_projection,49,5,780790,781242,452
state_projection,49,6,781777,782229,452
state_projection,49,7,782764,783216,452
state_projection,49,8,783751,784203,452
state_projection,49,9,784738,785190,452
state_projection,49,10,785725,786177,452
state_projection,49,11,786712,787164,452
state_projection,49,12,787699,788151,452
state_projection,49,13,788686,789138,452
state_projection,49,14,789673,790125,452
state_projection,49,15,790660,791112,452
state_projection,50,0,791647,792099,452
state_projection,50,1,792634,793086,452
state_projection,50,2,793621,794073,452
state_projection,50,3,794608,795060,452
state_projection,50,4,795595,796047,452
state_projection,50,5,796582,797034,452
state_projection,50,6,797569,798021,452
state_projection,50,7,798556,799008,452
state_projection,50,8,799543,799995,452
state_projection,50,9,800530,800982,452
state_projection,50,10,801517,801969,452
state_projection,50,11,802504,802956,452
state_projection,50,12,803491,803943,452
state_projection,50,13,804478,804930,452
state_projection,50,14,805465,805917,452
state_projection,50,15,806452,806904,452
state_projection,51,0,807439,807891,452
state_projection,51,1,808426,808878,452
state_projection,51,2,809413,809865,452
state_projection,51,3,810400,810852,452
state_projection,51,4,811387,811839,452
state_projection,51,5,812374,812826,452
state_projection,51,6,813361,813813,452
state_projection,51,7,814348,814800,452
state_projection,51,8,815335,815787,452
state_projection,51,9,816322,816774,452
state_projection,51,10,817309,817761,452
state_projection,51,11,818296,818748,452
state_projection,51,12,819283,819735,452
state_projection,51,13,820270,820722,452
state_projection,51,14,821257,821709,452
state_projection,51,15,822244,822696,452
state_projection,52,0,823231,823683,452
state_projection,52,1,824218,824670,452
state_projection,52,2,825205,825657,452
state_projection,52,3,826192,826644,452
state_projection,52,4,827179,827631,452
state_projection,52,5,828166,828618,452
state_projection,52,6,829153,829605,452
state_projection,52,7,830140,830592,452
state_projection,52,8,831127,831579,452
state_projection,52,9,832114,832566,452
state_projection,52,10,833101,833553,452
state_projection,52,11,834088,834540,452
state_projection,52,12,835075,835527,452
state_projection,52,13,836062,836514,452
state_projection,52,14,837049,837501,452
state_projection,52,15,838036,838488,452
state_projection,53,0,839023,839475,452
state_projection,53,1,840010,840462,452
state_projection,53,2,840997,841449,452
state_projection,53,3,841984,842436,452
state_projection,53,4,842971,843423,452
state_projection,53,5,843958,844410,452
state_projection,53,6,844945,845397,452
state_projection,53,7,845932,846384,452
state_projection,53,8,846919,847371,452
state_projection,53,9,847906,848358,452
state_projection,53,10,848893,849345,452
state_projection,53,11,849880,850332,452
state_projection,53,12,850867,851319,452
state_projection,53,13,851854,852306,452
state_projection,53,14,852841,853293,452
state_projection,53,15,853828,854280,452
state_projection,54,0,854815,855267,452
state_projection,54,1,855802,856254,452
state_projection,54,2,856789,857241,452
state_projection,54,3,857776,858228,452
state_projection,54,4,858763,859215,452
state_projection,54,5,859750,860202,452
state_projection,54,6,860737,861189,452
state_projection,54,7,861724,862176,452
state_projection,54,8,862711,863163,452
state_projection,54,9,863698,864150,452
state_projection,54,10,864685,865137,452
state_projection,54,11,865672,866124,452
state_projection,54,12,866659,867111,452
state_projection,54,13,867646,868098,452
state_projection,54,14,868633,869085,452
state_projection,54,15,869620,870072,452
state_projection,55,0,870607,871059,452
state_projection,55,1,871594,872046,452
state_projection,55,2,872581,873033,452
state_projection,55,3,873568,874020,452
state_projection,55,4,874555,875007,452
state_projection,55,5,875542,875994,452
state_projection,55,6,876529,876981,452
state_projection,55,7,877516,877968,452
state_projection,55,8,878503,878955,452
state_projection,55,9,879490,879942,452
state_projection,55,10,880477,880929,452
state_projection,55,11,881464,881916,452
state_projection,55,12,882451,882903,452
state_projection,55,13,883438,883890,452
state_projection,55,14,884425,884877,452
state_projection,55,15,885412,885864,452
state_projection,56,0,886399,886851,452
state_projection,56,1,887386,887838,452
state_projection,56,2,888373,888825,452
state_projection,56,3,889360,889812,452
state_projection,56,4,890347,890799,452
state_projection,56,5,891334,891786,452
state_projection,56,6,892321,892773,452
state_projection,56,7,893308,893760,452
state_projection,56,8,894295,894747,452
state_projection,56,9,895282,895734,452
state_projection,56,10,896269,896721,452
state_projection,56,11,897256,897708,452
state_projection,56,12,898243,898695,452
state_projection,56,13,899230,899682,452
state_projection,56,14,900217,900669,452
state_projection,56,15,901204,901656,452
state_projection,57,0,902191,902643,452
state_projection,57,1,903178,903630,452
state_projection,57,2,904165,904617,452
state_projection,57,3,905152,905604,452
state_projection,57,4,906139,906591,452
state_projection,57,5,907126,907578,452
state_projection,57,6,908113,908565,452
state_projection,57,7,909100,909552,452
state_projection,57,8,910087,910539,452
state_projection,57,9,911074,911526,452
state_projection,57,10,912061,912513,452
state_projection,57,11,913048,913500,452
state_projection,57,12,914035,914487,452
state_projection,57,13,915022,915474,452
state_projection,57,14,916009,916461,452
state_projection,57,15,916996,917448,452
state_projection,58,0,917983,918435,452
state_projection,58,1,918970,919422,452
state_projection,58,2,919957,920409,452
state_projection,58,3,920944,921396,452
state_projection,58,4,921931,922383,452
state_projection,58,5,922918,923370,452
state_projection,58,6,923905,924357,452
state_projection,58,7,924892,925344,452
state_projection,58,8,925879,926331,452
state_projection,58,9,926866,927318,452
state_projection,58,10,927853,928305,452
state_projection,58,11,928840,929292,452
state_projection,58,12,929827,930279,452
state_projection,58,13,930814,931266,452
state_projection,58,14,931801,932253,452
state_projection,58,15,932788,933240,452
state_projection,59,0,933775,934227,452
state_projection,59,1,934762,935214,452
state_projection,59,2,935749,936201,452
state_projection,59,3,936736,937188,452
state_projection,59,4,937723,938175,452
state_projection,59,5,938710,939162,452
state_projection,59,6,939697,940149,452
state_projection,59,7,940684,941136,452
state_projection,59,8,941671,942123,452
state_projection,59,9,942658,943110,452
state_projection,59,10,943645,944097,452
state_projection,59,11,944632,945084,452
state_projection,59,12,945619,946071,452
state_projection,59,13,946606,947058,452
state_projection,59,14,947593,948045,452
state_projection,59,15,948580,949032,452
state_projection,60,0,949567,950019,452
state_projection,60,1,950554,951006,452
state_projection,60,2,951541,951993,452
state_projection,60,3,952528,952980,452
state_projection,60,4,953515,953967,452
state_projection,60,5,954502,954954,452
state_projection,60,6,955489,955941,452
state_projection,60,7,956476,956928,452
state_projection,60,8,957463,957915,452
state_projection,60,9,958450,958902,452
state_projection,60,10,959437,959889,452
state_projection,60,11,960424,960876,452
state_projection,60,12,961411,961863,452
state_projection,60,13,962398,962850,452
state_projection,60,14,963385,963837,452
state_projection,60,15,964372,964824,452
state_projection,61,0,965359,965811,452
state_projection,61,1,966346,966798,452
state_projection,61,2,967333,967785,452
state_projection,61,3,968320,968772,452
state_projection,61,4,969307,969759,452
state_projection,61,5,970294,970746,452
state_projection,61,6,971281,971733,452
state_projection,61,7,972268,972720,452
state_projection,61,8,973255,973707,452
state_projection,61,9,974242,974694,452
state_projection,61,10,975229,975681,452
state_projection,61,11,976216,976668,452
state_projection,61,12,977203,977655,452
state_projection,61,13,978190,978642,452
state_projection,61,14,979177,979629,452
state_projection,61,15,980164,980616,452
state_projection,62,0,981151,981603,452
state_projection,62,1,982138,982590,452
state_projection,62,2,983125,983577,452
state_projection,62,3,984112,984564,452
state_projection,62,4,985099,985551,452
state_projection,62,5,986086,986538,452
state_projection,62,6,987073,987525,452
state_projection,62,7,988060,988512,452
state_projection,62,8,989047,989499,452
state_projection,62,9,990034,990486,452
state_projection,62,10,991021,991473,452
state_projection,62,11,992008,992460,452
state_projection,62,12,992995,993447,452
state_projection,62,13,993982,994434,452
state_projection,62,14,994969,995421,452
state_projection,62,15,995956,996408,452
state_projection,63,0,996943,997395,452
state_projection,63,1,997930,998382,452
state_projection,63,2,998917,999369,452
state_projection,63,3,999904,1000356,452
state_projection,63,4,1000891,1001343,452
state_projection,63,5,1001878,1002330,452
state_projection,63,6,1002865,1003317,452
state_projection,63,7,1003852,1004304,452
state_projection,63,8,1004839,1005291,452
state_projection,63,9,1005826,1006278,452
state_projection,63,10,1006813,1007265,452
state_projection,63,11,1007800,1008252,452
state_projection,63,12,1008787,1009239,452
state_projection,63,13,1009774,1010226,452
state_projection,63,14,1010761,1011213,452
state_projection,63,15,1011748,1012200,452
delta_projection,0,0,2499,2636,137
delta_projection,0,1,3486,3623,137
delta_projection,0,2,4473,4610,137
delta_projection,0,3,5460,5597,137
delta_projection,0,4,6447,6584,137
delta_projection,0,5,7434,7571,137
delta_projection,0,6,8421,8558,137
delta_projection,0,7,9408,9545,137
delta_projection,0,8,10395,10532,137
delta_projection,0,9,11382,11519,137
delta_projection,0,10,12369,12506,137
delta_projection,0,11,13356,13493,137
delta_projection,0,12,14343,14480,137
delta_projection,0,13,15330,15467,137
delta_projection,0,14,16317,16454,137
delta_projection,0,15,17304,17441,137
delta_projection,1,0,18291,18428,137
delta_projection,1,1,19278,19415,137
delta_projection,1,2,20265,20402,137
delta_projection,1,3,21252,21389,137
delta_projection,1,4,22239,22376,137
delta_projection,1,5,23226,23363,137
delta_projection,1,6,24213,24350,137
delta_projection,1,7,25200,25337,137
delta_projection,1,8,26187,26324,137
delta_projection,1,9,27174,27311,137
delta_projection,1,10,28161,28298,137
delta_projection,1,11,29148,29285,137
delta_projection,1,12,30135,30272,137
delta_projection,1,13,31122,31259,137
delta_projection,1,14,32109,32246,137
delta_projection,1,15,33096,33233,137
delta_projection,2,0,34083,34220,137
delta_projection,2,1,35070,35207,137
delta_projection,2,2,36057,36194,137
delta_projection,2,3,37044,37181,137
delta_projection,2,4,38031,38168,137
delta_projection,2,5,39018,39155,137
delta_projection,2,6,40005,40142,137
delta_projection,2,7,40992,41129,137
delta_projection,2,8,41979,42116,137
delta_projection,2,9,42966,43103,137
delta_projection,2,10,43953,44090,137
delta_projection,2,11,44940,45077,137
delta_projection,2,12,45927,46064,137
delta_projection,2,13,46914,47051,137
delta_projection,2,14,47901,48038,137
delta_projection,2,15,48888,49025,137
delta_projection,3,0,49875,50012,137
delta_projection,3,1,50862,50999,137
delta_projection,3,2,51849,51986,137
delta_projection,3,3,52836,52973,137
delta_projection,3,4,53823,53960,137
delta_projection,3,5,54810,54947,137
delta_projection,3,6,55797,55934,137
delta_projection,3,7,56784,56921,137
delta_projection,3,8,57771,57908,137
delta_projection,3,9,58758,58895,137
delta_projection,3,10,59745,59882,137
delta_projection,3,11,60732,60869,137
delta_projection,3,12,61719,61856,137
delta_projection,3,13,62706,62843,137
delta_projection,3,14,63693,63830,137
delta_projection,3,15,64680,64817,137
delta_projection,4,0,65667,65804,137
delta_projection,4,1,66654,66791,137
delta_projection,4,2,67641,67778,137
delta_projection,4,3,68628,68765,137
delta_projection,4,4,69615,69752,137
delta_projection,4,5,70602,70739,137
delta_projection,4,6,71589,71726,137
delta_projection,4,7,72576,72713,137
delta_projection,4,8,73563,73700,137
delta_projection,4,9,74550,74687,137
delta_projection,4,10,75537,75674,137
delta_projection,4,11,76524,76661,137
delta_projection,4,12,77511,77648,137
delta_projection,4,13,78498,78635,137
delta_projection,4,14,79485,79622,137
delta_projection,4,15,80472,80609,137
delta_projection,5,0,81459,81596,137
delta_projection,5,1,82446,82583,137
delta_projection,5,2,83433,83570,137
delta_projection,5,3,84420,84557,137
delta_projection,5,4,85407,85544,137
delta_projection,5,5,86394,86531,137
delta_projection,5,6,87381,87518,137
delta_projection,5,7,88368,88505,137
delta_projection,5,8,89355,89492,137
delta_projection,5,9,90342,90479,137
delta_projection,5,10,91329,91466,137
delta_projection,5,11,92316,92453,137
delta_projection,5,12,93303,93440,137
delta_projection,5,13,94290,94427,137
delta_projection,5,14,95277,95414,137
delta_projection,5,15,96264,96401,137
delta_projection,6,0,97251,97388,137
delta_projection,6,1,98238,98375,137
delta_projection,6,2,99225,99362,137
delta_projection,6,3,100212,100349,137
delta_projection,6,4,101199,101336,137
delta_projection,6,5,102186,102323,137
delta_projection,6,6,103173,103310,137
delta_projection,6,7,104160,104297,137
delta_projection,6,8,105147,105284,137
delta_projection,6,9,106134,106271,137
delta_projection,6,10,107121,107258,137
delta_projection,6,11,108108,108245,137
delta_projection,6,12,109095,109232,137
delta_projection,6,13,110082,110219,137
delta_projection,6,14,111069,111206,137
delta_projection,6,15,112056,112193,137
delta_projection,7,0,113043,113180,137
delta_projection,7,1,114030,114167,137
delta_projection,7,2,115017,115154,137
delta_projection,7,3,116004,116141,137
delta_projection,7,4,116991,117128,137
delta_projection,7,5,117978,118115,137
delta_projection,7,6,118965,119102,137
delta_projection,7,7,119952,120089,137
delta_projection,7,8,120939,121076,137
delta_projection,7,9,121926,122063,137
delta_projection,7,10,122913,123050,137
delta_projection,7,11,123900,124037,137
delta_projection,7,12,124887,125024,137
delta_projection,7,13,125874,126011,137
delta_projection,7,14,126861,126998,137
delta_projection,7,15,127848,127985,137
delta_projection,8,0,128835,128972,137
delta_projection,8,1,129822,129959,137
delta_projection,8,2,130809,130946,137
delta_projection,8,3,131796,131933,137
delta_projection,8,4,132783,132920,137
delta_projection,8,5,133770,133907,137
delta_projection,8,6,134757,134894,137
delta_projection,8,7,135744,135881,137
delta_projection,8,8,136731,136868,137
delta_projection,8,9,137718,137855,137
delta_projection,8,10,138705,138842,137
delta_projection,8,11,139692,139829,137
delta_projection,8,12,140679,140816,137
delta_projection,8,13,141666,141803,137
delta_projection,8,14,142653,142790,137
delta_projection,8,15,143640,143777,137
delta_projection,9,0,144627,144764,137
delta_projection,9,1,145614,145751,137
delta_projection,9,2,146601,146738,137
delta_projection,9,3,147588,147725,137
delta_projection,9,4,148575,148712,137
delta_projection,9,5,149562,149699,137
delta_projection,9,6,150549,150686,137
delta_projection,9,7,151536,151673,137
delta_projection,9,8,152523,152660,137
delta_projection,9,9,153510,153647,137
delta_projection,9,10,154497,154634,137
delta_projection,9,11,155484,155621,137
delta_projection,9,12,156471,156608,137
delta_projection,9,13,157458,157595,137
delta_projection,9,14,158445,158582,137
delta_projection,9,15,159432,159569,137
delta_projection,10,0,160419,160556,137
delta_projection,10,1,161406,161543,137
delta_projection,10,2,162393,162530,137
delta_projection,10,3,163380,163517,137
delta_projection,10,4,164367,164504,137
delta_projection,10,5,165354,165491,137
delta_projection,10,6,166341,166478,137
delta_projection,10,7,167328,167465,137
delta_projection,10,8,168315,168452,137
delta_projection,10,9,169302,169439,137
delta_projection,10,10,170289,170426,137
delta_projection,10,11,171276,171413,137
delta_projection,10,12,172263,172400,137
delta_projection,10,13,173250,173387,137
delta_projection,10,14,174237,174374,137
delta_projection,10,15,175224,175361,137
delta_projection,11,0,176211,176348,137
delta_projection,11,1,177198,177335,137
delta_projection,11,2,178185,178322,137
delta_projection,11,3,179172,179309,137
delta_projection,11,4,180159,180296,137
delta_projection,11,5,181146,181283,137
delta_projection,11,6,182133,182270,137
delta_projection,11,7,183120,183257,137
delta_projection,11,8,184107,184244,137
delta_projection,11,9,185094,185231,137
delta_projection,11,10,186081,186218,137
delta_projection,11,11,187068,187205,137
delta_projection,11,12,188055,188192,137
delta_projection,11,13,189042,189179,137
delta_projection,11,14,190029,190166,137
delta_projection,11,15,191016,191153,137
delta_projection,12,0,192003,192140,137
delta_projection,12,1,192990,193127,137
delta_projection,12,2,193977,194114,137
delta_projection,12,3,194964,195101,137
delta_projection,12,4,195951,196088,137
delta_projection,12,5,196938,197075,137
delta_projection,12,6,197925,198062,137
delta_projection,12,7,198912,199049,137
delta_projection,12,8,199899,200036,137
delta_projection,12,9,200886,201023,137
delta_projection,12,10,201873,202010,137
delta_projection,12,11,202860,202997,137
delta_projection,12,12,203847,203984,137
delta_projection,12,13,204834,204971,137
delta_projection,12,14,205821,205958,137
delta_projection,12,15,206808,206945,137
delta_projection,13,0,207795,207932,137
delta_projection,13,1,208782,208919,137
delta_projection,13,2,209769,209906,137
delta_projection,13,3,210756,210893,137
delta_projection,13,4,211743,211880,137
delta_projection,13,5,212730,212867,137
delta_projection,13,6,213717,213854,137
delta_projection,13,7,214704,214841,137
delta_projection,13,8,215691,215828,137
delta_projection,13,9,216678,216815,137
delta_projection,13,10,217665,217802,137
delta_projection,13,11,218652,218789,137
delta_projection,13,12,219639,219776,137
delta_projection,13,13,220626,220763,137
delta_projection,13,14,221613,221750,137
delta_projection,13,15,222600,222737,137
delta_projection,14,0,223587,223724,137
delta_projection,14,1,224574,224711,137
delta_projection,14,2,225561,225698,137
delta_projection,14,3,226548,226685,137
delta_projection,14,4,227535,227672,137
delta_projection,14,5,228522,228659,137
delta_projection,14,6,229509,229646,137
delta_projection,14,7,230496,230633,137
delta_projection,14,8,231483,231620,137
delta_projection,14,9,232470,232607,137
delta_projection,14,10,233457,233594,137
delta_projection,14,11,234444,234581,137
delta_projection,14,12,235431,235568,137
delta_projection,14,13,236418,236555,137
delta_projection,14,14,237405,237542,137
delta_projection,14,15,238392,238529,137
delta_projection,15,0,239379,239516,137
delta_projection,15,1,240366,240503,137
delta_projection,15,2,241353,241490,137
delta_projection,15,3,242340,242477,137
delta_projection,15,4,243327,243464,137
delta_projection,15,5,244314,244451,137
delta_projection,15,6,245301,245438,137
delta_projection,15,7,246288,246425,137
delta_projection,15,8,247275,247412,137
delta_projection,15,9,248262,248399,137
delta_projection,15,10,249249,249386,137
delta_projection,15,11,250236,250373,137
delta_projection,15,12,251223,251360,137
delta_projection,15,13,252210,252347,137
delta_projection,15,14,253197,253334,137
delta_projection,15,15,254184,254321,137
delta_projection,16,0,255171,255308,137
delta_projection,16,1,256158,256295,137
delta_projection,16,2,257145,257282,137
delta_projection,16,3,258132,258269,137
delta_projection,16,4,259119,259256,137
delta_projection,16,5,260106,260243,137
delta_projection,16,6,261093,261230,137
delta_projection,16,7,262080,262217,137
delta_projection,16,8,263067,263204,137
delta_projection,16,9,264054,264191,137
delta_projection,16,10,265041,265178,137
delta_projection,16,11,266028,266165,137
delta_projection,16,12,267015,267152,137
delta_projection,16,13,268002,268139,137
delta_projection,16,14,268989,269126,137
delta_projection,16,15,269976,270113,137
delta_projection,17,0,270963,271100,137
delta_projection,17,1,271950,272087,137
delta_projection,17,2,272937,273074,137
delta_projection,17,3,273924,274061,137
delta_projection,17,4,274911,275048,137
delta_projection,17,5,275898,276035,137
delta_projection,17,6,276885,277022,137
delta_projection,17,7,277872,278009,137
delta_projection,17,8,278859,278996,137
delta_projection,17,9,279846,279983,137
delta_projection,17,10,280833,280970,137
delta_projection,17,11,281820,281957,137
delta_projection,17,12,282807,282944,137
delta_projection,17,13,283794,283931,137
delta_projection,17,14,284781,284918,137
delta_projection,17,15,285768,285905,137
delta_projection,18,0,286755,286892,137
delta_projection,18,1,287742,287879,137
delta_projection,18,2,288729,288866,137
delta_projection,18,3,289716,289853,137
delta_projection,18,4,290703,290840,137
delta_projection,18,5,291690,291827,137
delta_projection,18,6,292677,292814,137
delta_projection,18,7,293664,293801,137
delta_projection,18,8,294651,294788,137
delta_projection,18,9,295638,295775,137
delta_projection,18,10,296625,296762,137
delta_projection,18,11,297612,297749,137
delta_projection,18,12,298599,298736,137
delta_projection,18,13,299586,299723,137
delta_projection,18,14,300573,300710,137
delta_projection,18,15,301560,301697,137
delta_projection,19,0,302547,302684,137
delta_projection,19,1,303534,303671,137
delta_projection,19,2,304521,304658,137
delta_projection,19,3,305508,305645,137
delta_projection,19,4,306495,306632,137
delta_projection,19,5,307482,307619,137
delta_projection,19,6,308469,308606,137
delta_projection,19,7,309456,309593,137
delta_projection,19,8,310443,310580,137
delta_projection,19,9,311430,311567,137
delta_projection,19,10,312417,312554,137
delta_projection,19,11,313404,313541,137
delta_projection,19,12,314391,314528,137
delta_projection,19,13,315378,315515,137
delta_projection,19,14,316365,316502,137
delta_projection,19,15,317352,317489,137
delta_projection,20,0,318339,318476,137
delta_projection,20,1,319326,319463,137
delta_projection,20,2,320313,320450,137
delta_projection,20,3,321300,321437,137
delta_projection,20,4,322287,322424,137
delta_projection,20,5,323274,323411,137
delta_projection,20,6,324261,324398,137
delta_projection,20,7,325248,325385,137
delta_projection,20,8,326235,326372,137
delta_projection,20,9,327222,327359,137
delta_projection,20,10,328209,328346,137
delta_projection,20,11,329196,329333,137
delta_projection,20,12,330183,330320,137
delta_projection,20,13,331170,331307,137
delta_projection,20,14,332157,332294,137
delta_projection,20,15,333144,333281,137
delta_projection,21,0,334131,334268,137
delta_projection,21,1,335118,335255,137
delta_projection,21,2,336105,336242,137
delta_projection,21,3,337092,337229,137
delta_projection,21,4,338079,338216,137
delta_projection,21,5,339066,339203,137
delta_projection,21,6,340053,340190,137
delta_projection,21,7,341040,341177,137
delta_projection,21,8,342027,342164,137
delta_projection,21,9,343014,343151,137
delta_projection,21,10,344001,344138,137
delta_projection,21,11,344988,345125,137
delta_projection,21,12,345975,346112,137
delta_projection,21,13,346962,347099,137
delta_projection,21,14,347949,348086,137
delta_projection,21,15,348936,349073,137
delta_projection,22,0,349923,350060,137
delta_projection,22,1,350910,351047,137
delta_projection,22,2,351897,352034,137
delta_projection,22,3,352884,353021,137
delta_projection,22,4,353871,354008,137
delta_projection,22,5,354858,354995,137
delta_projection,22,6,355845,355982,137
delta_projection,22,7,356832,356969,137
delta_projection,22,8,357819,357956,137
delta_projection,22,9,358806,358943,137
delta_projection,22,10,359793,359930,137
delta_projection,22,11,360780,360917,137
delta_projection,22,12,361767,361904,137
delta_projection,22,13,362754,362891,137
delta_projection,22,14,363741,363878,137
delta_projection,22,15,364728,364865,137
delta_projection,23,0,365715,365852,137
delta_projection,23,1,366702,366839,137
delta_projection,23,2,367689,367826,137
delta_projection,23,3,368676,368813,137
delta_projection,23,4,369663,369800,137
delta_projection,23,5,370650,370787,137
delta_projection,23,6,371637,371774,137
delta_projection,23,7,372624,372761,137
delta_projection,23,8,373611,373748,137
delta_projection,23,9,374598,374735,137
delta_projection,23,10,375585,375722,137
delta_projection,23,11,376572,376709,137
delta_projection,23,12,377559,377696,137
delta_projection,23,13,378546,378683,137
delta_projection,23,14,379533,379670,137
delta_projection,23,15,380520,380657,137
delta_projection,24,0,381507,381644,137
delta_projection,24,1,382494,382631,137
delta_projection,24,2,383481,383618,137
delta_projection,24,3,384468,384605,137
delta_projection,24,4,385455,385592,137
delta_projection,24,5,386442,386579,137
delta_projection,24,6,387429,387566,137
delta_projection,24,7,388416,388553,137
delta_projection,24,8,389403,389540,137
delta_projection,24,9,390390,390527,137
delta_projection,24,10,391377,391514,137
delta_projection,24,11,392364,392501,137
delta_projection,24,12,393351,393488,137
delta_projection,24,13,394338,394475,137
delta_projection,24,14,395325,395462,137
delta_projection,24,15,396312,396449,137
delta_projection,25,0,397299,397436,137
delta_projection,25,1,398286,398423,137
delta_projection,25,2,399273,399410,137
delta_projection,25,3,400260,400397,137
delta_projection,25,4,401247,401384,137
delta_projection,25,5,402234,402371,137
delta_projection,25,6,403221,403358,137
delta_projection,25,7,404208,404345,137
delta_projection,25,8,405195,405332,137
delta_projection,25,9,406182,406319,137
delta_projection,25,10,407169,407306,137
delta_projection,25,11,408156,408293,137
delta_projection,25,12,409143,409280,137
delta_projection,25,13,410130,410267,137
delta_projection,25,14,411117,411254,137
delta_projection,25,15,412104,412241,137
delta_projection,26,0,413091,413228,137
delta_projection,26,1,414078,414215,137
delta_projection,26,2,415065,415202,137
delta_projection,26,3,416052,416189,137
delta_projection,26,4,417039,417176,137
delta_projection,26,5,418026,418163,137
delta_projection,26,6,419013,419150,137
delta_projection,26,7,420000,420137,137
delta_projection,26,8,420987,421124,137
delta_projection,26,9,421974,422111,137
delta_projection,26,10,422961,423098,137
delta_projection,26,11,423948,424085,137
delta_projection,26,12,424935,425072,137
delta_projection,26,13,425922,426059,137
delta_projection,26,14,426909,427046,137
delta_projection,26,15,427896,428033,137
delta_projection,27,0,428883,429020,137
delta_projection,27,1,429870,430007,137
delta_projection,27,2,430857,430994,137
delta_projection,27,3,431844,431981,137
delta_projection,27,4,432831,432968,137
delta_projection,27,5,433818,433955,137
delta_projection,27,6,434805,434942,137
delta_projection,27,7,435792,435929,137
delta_projection,27,8,436779,436916,137
delta_projection,27,9,437766,437903,137
delta_projection,27,10,438753,438890,137
delta_projection,27,11,439740,439877,137
delta_projection,27,12,440727,440864,137
delta_projection,27,13,441714,441851,137
delta_projection,27,14,442701,442838,137
delta_projection,27,15,443688,443825,137
delta_projection,28,0,444675,444812,137
delta_projection,28,1,445662,445799,137
delta_projection,28,2,446649,446786,137
delta_projection,28,3,447636,447773,137
delta_projection,28,4,448623,448760,137
delta_projection,28,5,449610,449747,137
delta_projection,28,6,450597,450734,137
delta_projection,28,7,451584,451721,137
delta_projection,28,8,452571,452708,137
delta_projection,28,9,453558,453695,137
delta_projection,28,10,454545,454682,137
delta_projection,28,11,455532,455669,137
delta_projection,28,12,456519,456656,137
delta_projection,28,13,457506,457643,137
delta_projection,28,14,458493,458630,137
delta_projection,28,15,459480,459617,137
delta_projection,29,0,460467,460604,137
delta_projection,29,1,461454,461591,137
delta_projection,29,2,462441,462578,137
delta_projection,29,3,463428,463565,137
delta_projection,29,4,464415,464552,137
delta_projection,29,5,465402,465539,137
delta_projection,29,6,466389,466526,137
delta_projection,29,7,467376,467513,137
delta_projection,29,8,468363,468500,137
delta_projection,29,9,469350,469487,137
delta_projection,29,10,470337,470474,137
delta_projection,29,11,471324,471461,137
delta_projection,29,12,472311,472448,137
delta_projection,29,13,473298,473435,137
delta_projection,29,14,474285,474422,137
delta_projection,29,15,475272,475409,137
delta_projection,30,0,476259,476396,137
delta_projection,30,1,477246,477383,137
delta_projection,30,2,478233,478370,137
delta_projection,30,3,479220,479357,137
delta_projection,30,4,480207,480344,137
delta_projection,30,5,481194,481331,137
delta_projection,30,6,482181,482318,137
delta_projection,30,7,483168,483305,137
delta_projection,30,8,484155,484292,137
delta_projection,30,9,485142,485279,137
delta_projection,30,10,486129,486266,137
delta_projection,30,11,487116,487253,137
delta_projection,30,12,488103,488240,137
delta_projection,30,13,489090,489227,137
delta_projection,30,14,490077,490214,137
delta_projection,30,15,491064,491201,137
delta_projection,31,0,492051,492188,137
delta_projection,31,1,493038,493175,137
delta_projection,31,2,494025,494162,137
delta_projection,31,3,495012,495149,137
delta_projection,31,4,495999,496136,137
delta_projection,31,5,496986,497123,137
delta_projection,31,6,497973,498110,137
delta_projection,31,7,498960,499097,137
delta_projection,31,8,499947,500084,137
delta_projection,31,9,500934,501071,137
delta_projection,31,10,501921,502058,137
delta_projection,31,11,502908,503045,137
delta_projection,31,12,503895,504032,137
delta_projection,31,13,504882,505019,137
delta_projection,31,14,505869,506006,137
delta_projection,31,15,506856,506993,137
delta_projection,32,0,507843,507980,137
delta_projection,32,1,508830,508967,137
delta_projection,32,2,509817,509954,137
delta_projection,32,3,510804,510941,137
delta_projection,32,4,511791,511928,137
delta_projection,32,5,512778,512915,137
delta_projection,32,6,513765,513902,137
delta_projection,32,7,514752,514889,137
delta_projection,32,8,515739,515876,137
delta_projection,32,9,516726,516863,137
delta_projection,32,10,517713,517850,137
delta_projection,32,11,518700,518837,137
delta_projection,32,12,519687,519824,137
delta_projection,32,13,520674,520811,137
delta_projection,32,14,521661,521798,137
delta_projection,32,15,522648,522785,137
delta_projection,33,0,523635,523772,137
delta_projection,33,1,524622,524759,137
delta_projection,33,2,525609,525746,137
delta_projection,33,3,526596,526733,137
delta_projection,33,4,527583,527720,137
delta_projection,33,5,528570,528707,137
delta_projection,33,6,529557,529694,137
delta_projection,33,7,530544,530681,137
delta_projection,33,8,531531,531668,137
delta_projection,33,9,532518,532655,137
delta_projection,33,10,533505,533642,137
delta_projection,33,11,534492,534629,137
delta_projection,33,12,535479,535616,137
delta_projection,33,13,536466,536603,137
delta_projection,33,14,537453,537590,137
delta_projection,33,15,538440,538577,137
delta_projection,34,0,539427,539564,137
delta_projection,34,1,540414,540551,137
delta_projection,34,2,541401,541538,137
delta_projection,34,3,542388,542525,137
delta_projection,34,4,543375,543512,137
delta_projection,34,5,544362,544499,137
delta_projection,34,6,545349,545486,137
delta_projection,34,7,546336,546473,137
delta_projection,34,8,547323,547460,137
delta_projection,34,9,548310,548447,137
delta_projection,34,10,549297,549434,137
delta_projection,34,11,550284,550421,137
delta_projection,34,12,551271,551408,137
delta_projection,34,13,552258,552395,137
delta_projection,34,14,553245,553382,137
delta_projection,34,15,554232,554369,137
delta_projection,35,0,555219,555356,137
delta_projection,35,1,556206,556343,137
delta_projection,35,2,557193,557330,137
delta_projection,35,3,558180,558317,137
delta_projection,35,4,559167,559304,137
delta_projection,35,5,560154,560291,137
delta_projection,35,6,561141,561278,137
delta_projection,35,7,562128,562265,137
delta_projection,35,8,563115,563252,137
delta_projection,35,9,564102,564239,137
delta_projection,35,10,565089,565226,137
delta_projection,35,11,566076,566213,137
delta_projection,35,12,567063,567200,137
delta_projection,35,13,568050,568187,137
delta_projection,35,14,569037,569174,137
delta_projection,35,15,570024,570161,137
delta_projection,36,0,571011,571148,137
delta_projection,36,1,571998,572135,137
delta_projection,36,2,572985,573122,137
delta_projection,36,3,573972,574109,137
delta_projection,36,4,574959,575096,137
delta_projection,36,5,575946,576083,137
delta_projection,36,6,576933,577070,137
delta_projection,36,7,577920,578057,137
delta_projection,36,8,578907,579044,137
delta_projection,36,9,579894,580031,137
delta_projection,36,10,580881,581018,137
delta_projection,36,11,581868,582005,137
delta_projection,36,12,582855,582992,137
delta_projection,36,13,583842,583979,137
delta_projection,36,14,584829,584966,137
delta_projection,36,15,585816,585953,137
delta_projection,37,0,586803,586940,137
delta_projection,37,1,587790,587927,137
delta_projection,37,2,588777,588914,137
delta_projection,37,3,589764,589901,137
delta_projection,37,4,590751,590888,137
delta_projection,37,5,591738,591875,137
delta_projection,37,6,592725,592862,137
delta_projection,37,7,593712,593849,137
delta_projection,37,8,594699,594836,137
delta_projection,37,9,595686,595823,137
delta_projection,37,10,596673,596810,137
delta_projection,37,11,597660,597797,137
delta_projection,37,12,598647,598784,137
delta_projection,37,13,599634,599771,137
delta_projection,37,14,600621,600758,137
delta_projection,37,15,601608,601745,137
delta_projection,38,0,602595,602732,137
delta_projection,38,1,603582,603719,137
delta_projection,38,2,604569,604706,137
delta_projection,38,3,605556,605693,137
delta_projection,38,4,606543,606680,137
delta_projection,38,5,607530,607667,137
delta_projection,38,6,608517,608654,137
delta_projection,38,7,609504,609641,137
delta_projection,38,8,610491,610628,137
delta_projection,38,9,611478,611615,137
delta_projection,38,10,612465,612602,137
delta_projection,38,11,613452,613589,137
delta_projection,38,12,614439,614576,137
delta_projection,38,13,615426,615563,137
delta_projection,38,14,616413,616550,137
delta_projection,38,15,617400,617537,137
delta_projection,39,0,618387,618524,137
delta_projection,39,1,619374,619511,137
delta_projection,39,2,620361,620498,137
delta_projection,39,3,621348,621485,137
delta_projection,39,4,622335,622472,137
delta_projection,39,5,623322,623459,137
delta_projection,39,6,624309,624446,137
delta_projection,39,7,625296,625433,137
delta_projection,39,8,626283,626420,137
delta_projection,39,9,627270,627407,137
delta_projection,39,10,628257,628394,137
delta_projection,39,11,629244,629381,137
delta_projection,39,12,630231,630368,137
delta_projection,39,13,631218,631355,137
delta_projection,39,14,632205,632342,137
delta_projection,39,15,633192,633329,137
delta_projection,40,0,634179,634316,137
delta_projection,40,1,635166,635303,137
delta_projection,40,2,636153,636290,137
delta_projection,40,3,637140,637277,137
delta_projection,40,4,638127,638264,137
delta_projection,40,5,639114,639251,137
delta_projection,40,6,640101,640238,137
delta_projection,40,7,641088,641225,137
delta_projection,40,8,642075,642212,137
delta_projection,40,9,643062,643199,137
delta_projection,40,10,644049,644186,137
delta_projection,40,11,645036,645173,137
delta_projection,40,12,646023,646160,137
delta_projection,40,13,647010,647147,137
delta_projection,40,14,647997,648134,137
delta_projection,40,15,648984,649121,137
delta_projection,41,0,649971,650108,137
delta_projection,41,1,650958,651095,137
delta_projection,41,2,651945,652082,137
delta_projection,41,3,652932,653069,137
delta_projection,41,4,653919,654056,137
delta_projection,41,5,654906,655043,137
delta_projection,41,6,655893,656030,137
delta_projection,41,7,656880,657017,137
delta_projection,41,8,657867,658004,137
delta_projection,41,9,658854,658991,137
delta_projection,41,10,659841,659978,137
delta_projection,41,11,660828,660965,137
delta_projection,41,12,661815,661952,137
delta_projection,41,13,662802,662939,137
delta_projection,41,14,663789,663926,137
delta_projection,41,15,664776,664913,137
delta_projection,42,0,665763,665900,137
delta_projection,42,1,666750,666887,137
delta_projection,42,2,667737,667874,137
delta_projection,42,3,668724,668861,137
delta_projection,42,4,669711,669848,137
delta_projection,42,5,670698,670835,137
delta_projection,42,6,671685,671822,137
delta_projection,42,7,672672,672809,137
delta_projection,42,8,673659,673796,137
delta_projection,42,9,674646,674783,137
delta_projection,42,10,675633,675770,137
delta_projection,42,11,676620,676757,137
delta_projection,42,12,677607,677744,137
delta_projection,42,13,678594,678731,137
delta_projection,42,14,679581,679718,137
delta_projection,42,15,680568,680705,137
delta_projection,43,0,681555,681692,137
delta_projection,43,1,682542,682679,137
delta_projection,43,2,683529,683666,137
delta_projection,43,3,684516,684653,137
delta_projection,43,4,685503,685640,137
delta_projection,43,5,686490,686627,137
delta_projection,43,6,687477,687614,137
delta_projection,43,7,688464,688601,137
delta_projection,43,8,689451,689588,137
delta_projection,43,9,690438,690575,137
delta_projection,43,10,691425,691562,137
delta_projection,43,11,692412,692549,137
delta_projection,43,12,693399,693536,137
delta_projection,43,13,694386,694523,137
delta_projection,43,14,695373,695510,137
delta_projection,43,15,696360,696497,137
delta_projection,44,0,697347,697484,137
delta_projection,44,1,698334,698471,137
delta_projection,44,2,699321,699458,137
delta_projection,44,3,700308,700445,137
delta_projection,44,4,701295,701432,137
delta_projection,44,5,702282,702419,137
delta_projection,44,6,703269,703406,137
delta_projection,44,7,704256,704393,137
delta_projection,44,8,705243,705380,137
delta_projection,44,9,706230,706367,137
delta_projection,44,10,707217,707354,137
delta_projection,44,11,708204,708341,137
delta_projection,44,12,709191,709328,137
delta_projection,44,13,710178,710315,137
delta_projection,44,14,711165,711302,137
delta_projection,44,15,712152,712289,137
delta_projection,45,0,713139,713276,137
delta_projection,45,1,714126,714263,137
delta_projection,45,2,715113,715250,137
delta_projection,45,3,716100,716237,137
delta_projection,45,4,717087,717224,137
delta_projection,45,5,718074,718211,137
delta_projection,45,6,719061,719198,137
delta_projection,45,7,720048,720185,137
delta_projection,45,8,721035,721172,137
delta_projection,45,9,722022,722159,137
delta_projection,45,10,723009,723146,137
delta_projection,45,11,723996,724133,137
delta_projection,45,12,724983,725120,137
delta_projection,45,13,725970,726107,137
delta_projection,45,14,726957,727094,137
delta_projection,45,15,727944,728081,137
delta_projection,46,0,728931,729068,137
delta_projection,46,1,729918,730055,137
delta_projection,46,2,730905,731042,137
delta_projection,46,3,731892,732029,137
delta_projection,46,4,732879,733016,137
delta_projection,46,5,733866,734003,137
delta_projection,46,6,734853,734990,137
delta_projection,46,7,735840,735977,137
delta_projection,46,8,736827,736964,137
delta_projection,46,9,737814,737951,137
delta_projection,46,10,738801,738938,137
delta_projection,46,11,739788,739925,137
delta_projection,46,12,740775,740912,137
delta_projection,46,13,741762,741899,137
delta_projection,46,14,742749,742886,137
delta_projection,46,15,743736,743873,137
delta_projection,47,0,744723,744860,137
delta_projection,47,1,745710,745847,137
delta_projection,47,2,746697,746834,137
delta_projection,47,3,747684,747821,137
delta_projection,47,4,748671,748808,137
delta_projection,47,5,749658,749795,137
delta_projection,47,6,750645,750782,137
delta_projection,47,7,751632,751769,137
delta_projection,47,8,752619,752756,137
delta_projection,47,9,753606,753743,137
delta_projection,47,10,754593,754730,137
delta_projection,47,11,755580,755717,137
delta_projection,47,12,756567,756704,137
delta_projection,47,13,757554,757691,137
delta_projection,47,14,758541,758678,137
delta_projection,47,15,759528,759665,137
delta_projection,48,0,760515,760652,137
delta_projection,48,1,761502,761639,137
delta_projection,48,2,762489,762626,137
delta_projection,48,3,763476,763613,137
delta_projection,48,4,764463,764600,137
delta_projection,48,5,765450,765587,137
delta_projection,48,6,766437,766574,137
delta_projection,48,7,767424,767561,137
delta_projection,48,8,768411,768548,137
delta_projection,48,9,769398,769535,137
delta_projection,48,10,770385,770522,137
delta_projection,48,11,771372,771509,137
delta_projection,48,12,772359,772496,137
delta_projection,48,13,773346,773483,137
delta_projection,48,14,774333,774470,137
delta_projection,48,15,775320,775457,137
delta_projection,49,0,776307,776444,137
delta_projection,49,1,777294,777431,137
delta_projection,49,2,778281,778418,137
delta_projection,49,3,779268,779405,137
delta_projection,49,4,780255,780392,137
delta_projection,49,5,781242,781379,137
delta_projection,49,6,782229,782366,137
delta_projection,49,7,783216,783353,137
delta_projection,49,8,784203,784340,137
delta_projection,49,9,785190,785327,137
delta_projection,49,10,786177,786314,137
delta_projection,49,11,787164,787301,137
delta_projection,49,12,788151,788288,137
delta_projection,49,13,789138,789275,137
delta_projection,49,14,790125,790262,137
delta_projection,49,15,791112,791249,137
delta_projection,50,0,792099,792236,137
delta_projection,50,1,793086,793223,137
delta_projection,50,2,794073,794210,137
delta_projection,50,3,795060,795197,137
delta_projection,50,4,796047,796184,137
delta_projection,50,5,797034,797171,137
delta_projection,50,6,798021,798158,137
delta_projection,50,7,799008,799145,137
delta_projection,50,8,799995,800132,137
delta_projection,50,9,800982,801119,137
delta_projection,50,10,801969,802106,137
delta_projection,50,11,802956,803093,137
delta_projection,50,12,803943,804080,137
delta_projection,50,13,804930,805067,137
delta_projection,50,14,805917,806054,137
delta_projection,50,15,806904,807041,137
delta_projection,51,0,807891,808028,137
delta_projection,51,1,808878,809015,137
delta_projection,51,2,809865,810002,137
delta_projection,51,3,810852,810989,137
delta_projection,51,4,811839,811976,137
delta_projection,51,5,812826,812963,137
delta_projection,51,6,813813,813950,137
delta_projection,51,7,814800,814937,137
delta_projection,51,8,815787,815924,137
delta_projection,51,9,816774,816911,137
delta_projection,51,10,817761,817898,137
delta_projection,51,11,818748,818885,137
delta_projection,51,12,819735,819872,137
delta_projection,51,13,820722,820859,137
delta_projection,51,14,821709,821846,137
delta_projection,51,15,822696,822833,137
delta_projection,52,0,823683,823820,137
delta_projection,52,1,824670,824807,137
delta_projection,52,2,825657,825794,137
delta_projection,52,3,826644,826781,137
delta_projection,52,4,827631,827768,137
delta_projection,52,5,828618,828755,137
delta_projection,52,6,829605,829742,137
delta_projection,52,7,830592,830729,137
delta_projection,52,8,831579,831716,137
delta_projection,52,9,832566,832703,137
delta_projection,52,10,833553,833690,137
delta_projection,52,11,834540,834677,137
delta_projection,52,12,835527,835664,137
delta_projection,52,13,836514,836651,137
delta_projection,52,14,837501,837638,137
delta_projection,52,15,838488,838625,137
delta_projection,53,0,839475,839612,137
delta_projection,53,1,840462,840599,137
delta_projection,53,2,841449,841586,137
delta_projection,53,3,842436,842573,137
delta_projection,53,4,843423,843560,137
delta_projection,53,5,844410,844547,137
delta_projection,53,6,845397,845534,137
delta_projection,53,7,846384,846521,137
delta_projection,53,8,847371,847508,137
delta_projection,53,9,848358,848495,137
delta_projection,53,10,849345,849482,137
delta_projection,53,11,850332,850469,137
delta_projection,53,12,851319,851456,137
delta_projection,53,13,852306,852443,137
delta_projection,53,14,853293,853430,137
delta_projection,53,15,854280,854417,137
delta_projection,54,0,855267,855404,137
delta_projection,54,1,856254,856391,137
delta_projection,54,2,857241,857378,137
delta_projection,54,3,858228,858365,137
delta_projection,54,4,859215,859352,137
delta_projection,54,5,860202,860339,137
delta_projection,54,6,861189,861326,137
delta_projection,54,7,862176,862313,137
delta_projection,54,8,863163,863300,137
delta_projection,54,9,864150,864287,137
delta_projection,54,10,865137,865274,137
delta_projection,54,11,866124,866261,137
delta_projection,54,12,867111,867248,137
delta_projection,54,13,868098,868235,137
delta_projection,54,14,869085,869222,137
delta_projection,54,15,870072,870209,137
delta_projection,55,0,871059,871196,137
delta_projection,55,1,872046,872183,137
delta_projection,55,2,873033,873170,137
delta_projection,55,3,874020,874157,137
delta_projection,55,4,875007,875144,137
delta_projection,55,5,875994,876131,137
delta_projection,55,6,876981,877118,137
delta_projection,55,7,877968,878105,137
delta_projection,55,8,878955,879092,137
delta_projection,55,9,879942,880079,137
delta_projection,55,10,880929,881066,137
delta_projection,55,11,881916,882053,137
delta_projection,55,12,882903,883040,137
delta_projection,55,13,883890,884027,137
delta_projection,55,14,884877,885014,137
delta_projection,55,15,885864,886001,137
delta_projection,56,0,886851,886988,137
delta_projection,56,1,887838,887975,137
delta_projection,56,2,888825,888962,137
delta_projection,56,3,889812,889949,137
delta_projection,56,4,890799,890936,137
delta_projection,56,5,891786,891923,137
delta_projection,56,6,892773,892910,137
delta_projection,56,7,893760,893897,137
delta_projection,56,8,894747,894884,137
delta_projection,56,9,895734,895871,137
delta_projection,56,10,896721,896858,137
delta_projection,56,11,897708,897845,137
delta_projection,56,12,898695,898832,137
delta_projection,56,13,899682,899819,137
delta_projection,56,14,900669,900806,137
delta_projection,56,15,901656,901793,137
delta_projection,57,0,902643,902780,137
delta_projection,57,1,903630,903767,137
delta_projection,57,2,904617,904754,137
delta_projection,57,3,905604,905741,137
delta_projection,57,4,906591,906728,137
delta_projection,57,5,907578,907715,137
delta_projection,57,6,908565,908702,137
delta_projection,57,7,909552,909689,137
delta_projection,57,8,910539,910676,137
delta_projection,57,9,911526,911663,137
delta_projection,57,10,912513,912650,137
delta_projection,57,11,913500,913637,137
delta_projection,57,12,914487,914624,137
delta_projection,57,13,915474,915611,137
delta_projection,57,14,916461,916598,137
delta_projection,57,15,917448,917585,137
delta_projection,58,0,918435,918572,137
delta_projection,58,1,919422,919559,137
delta_projection,58,2,920409,920546,137
delta_projection,58,3,921396,921533,137
delta_projection,58,4,922383,922520,137
delta_projection,58,5,923370,923507,137
delta_projection,58,6,924357,924494,137
delta_projection,58,7,925344,925481,137
delta_projection,58,8,926331,926468,137
delta_projection,58,9,927318,927455,137
delta_projection,58,10,928305,928442,137
delta_projection,58,11,929292,929429,137
delta_projection,58,12,930279,930416,137
delta_projection,58,13,931266,931403,137
delta_projection,58,14,932253,932390,137
delta_projection,58,15,933240,933377,137
delta_projection,59,0,934227,934364,137
delta_projection,59,1,935214,935351,137
delta_projection,59,2,936201,936338,137
delta_projection,59,3,937188,937325,137
delta_projection,59,4,938175,938312,137
delta_projection,59,5,939162,939299,137
delta_projection,59,6,940149,940286,137
delta_projection,59,7,941136,941273,137
delta_projection,59,8,942123,942260,137
delta_projection,59,9,943110,943247,137
delta_projection,59,10,944097,944234,137
delta_projection,59,11,945084,945221,137
delta_projection,59,12,946071,946208,137
delta_projection,59,13,947058,947195,137
delta_projection,59,14,948045,948182,137
delta_projection,59,15,949032,949169,137
delta_projection,60,0,950019,950156,137
delta_projection,60,1,951006,951143,137
delta_projection,60,2,951993,952130,137
delta_projection,60,3,952980,953117,137
delta_projection,60,4,953967,954104,137
delta_projection,60,5,954954,955091,137
delta_projection,60,6,955941,956078,137
delta_projection,60,7,956928,957065,137
delta_projection,60,8,957915,958052,137
delta_projection,60,9,958902,959039,137
delta_projection,60,10,959889,960026,137
delta_projection,60,11,960876,961013,137
delta_projection,60,12,961863,962000,137
delta_projection,60,13,962850,962987,137
delta_projection,60,14,963837,963974,137
delta_projection,60,15,964824,964961,137
delta_projection,61,0,965811,965948,137
delta_projection,61,1,966798,966935,137
delta_projection,61,2,967785,967922,137
delta_projection,61,3,968772,968909,137
delta_projection,61,4,969759,969896,137
delta_projection,61,5,970746,970883,137
delta_projection,61,6,971733,971870,137
delta_projection,61,7,972720,972857,137
delta_projection,61,8,973707,973844,137
delta_projection,61,9,974694,974831,137
delta_projection,61,10,975681,975818,137
delta_projection,61,11,976668,976805,137
delta_projection,61,12,977655,977792,137
delta_projection,61,13,978642,978779,137
delta_projection,61,14,979629,979766,137
delta_projection,61,15,980616,980753,137
delta_projection,62,0,981603,981740,137
delta_projection,62,1,982590,982727,137
delta_projection,62,2,983577,983714,137
delta_projection,62,3,984564,984701,137
delta_projection,62,4,985551,985688,137
delta_projection,62,5,986538,986675,137
delta_projection,62,6,987525,987662,137
delta_projection,62,7,988512,988649,137
delta_projection,62,8,989499,989636,137
delta_projection,62,9,990486,990623,137
delta_projection,62,10,991473,991610,137
delta_projection,62,11,992460,992597,137
delta_projection,62,12,993447,993584,137
delta_projection,62,13,994434,994571,137
delta_projection,62,14,995421,995558,137
delta_projection,62,15,996408,996545,137
delta_projection,63,0,997395,997532,137
delta_projection,63,1,998382,998519,137
delta_projection,63,2,999369,999506,137
delta_projection,63,3,1000356,1000493,137
delta_projection,63,4,1001343,1001480,137
delta_projection,63,5,1002330,1002467,137
delta_projection,63,6,1003317,1003454,137
delta_projection,63,7,1004304,1004441,137
delta_projection,63,8,1005291,1005428,137
delta_projection,63,9,1006278,1006415,137
delta_projection,63,10,1007265,1007402,137
delta_projection,63,11,1008252,1008389,137
delta_projection,63,12,1009239,1009376,137
delta_projection,63,13,1010226,1010363,137
delta_projection,63,14,1011213,1011350,137
delta_projection,63,15,1012200,1012337,137
selective_scan,0,0,2636,2979,343
selective_scan,0,1,3623,3966,343
selective_scan,0,2,4610,4953,343
selective_scan,0,3,5597,5940,343
selective_scan,0,4,6584,6927,343
selective_scan,0,5,7571,7914,343
selective_scan,0,6,8558,8901,343
selective_scan,0,7,9545,9888,343
selective_scan,0,8,10532,10875,343
selective_scan,0,9,11519,11862,343
selective_scan,0,10,12506,12849,343
selective_scan,0,11,13493,13836,343
selective_scan,0,12,14480,14823,343
selective_scan,0,13,15467,15810,343
selective_scan,0,14,16454,16797,343
selective_scan,0,15,17441,17784,343
selective_scan,1,0,18428,18771,343
selective_scan,1,1,19415,19758,343
selective_scan,1,2,20402,20745,343
selective_scan,1,3,21389,21732,343
selective_scan,1,4,22376,22719,343
selective_scan,1,5,23363,23706,343
selective_scan,1,6,24350,24693,343
selective_scan,1,7,25337,25680,343
selective_scan,1,8,26324,26667,343
selective_scan,1,9,27311,27654,343
selective_scan,1,10,28298,28641,343
selective_scan,1,11,29285,29628,343
selective_scan,1,12,30272,30615,343
selective_scan,1,13,31259,31602,343
selective_scan,1,14,32246,32589,343
selective_scan,1,15,33233,33576,343
selective_scan,2,0,34220,34563,343
selective_scan,2,1,35207,35550,343
selective_scan,2,2,36194,36537,343
selective_scan,2,3,37181,37524,343
selective_scan,2,4,38168,38511,343
selective_scan,2,5,39155,39498,343
selective_scan,2,6,40142,40485,343
selective_scan,2,7,41129,41472,343
selective_scan,2,8,42116,42459,343
selective_scan,2,9,43103,43446,343
selective_scan,2,10,44090,44433,343
selective_scan,2,11,45077,45420,343
selective_scan,2,12,46064,46407,343
selective_scan,2,13,47051,47394,343
selective_scan,2,14,48038,48381,343
selective_scan,2,15,49025,49368,343
selective_scan,3,0,50012,50355,343
selective_scan,3,1,50999,51342,343
selective_scan,3,2,51986,52329,343
selective_scan,3,3,52973,53316,343
selective_scan,3,4,53960,54303,343
selective_scan,3,5,54947,55290,343
selective_scan,3,6,55934,56277,343
selective_scan,3,7,56921,57264,343
selective_scan,3,8,57908,58251,343
selective_scan,3,9,58895,59238,343
selective_scan,3,10,59882,60225,343
selective_scan,3,11,60869,61212,343
selective_scan,3,12,61856,62199,343
selective_scan,3,13,62843,63186,343
selective_scan,3,14,63830,64173,343
selective_scan,3,15,64817,65160,343
selective_scan,4,0,65804,66147,343
selective_scan,4,1,66791,67134,343
selective_scan,4,2,67778,68121,343
selective_scan,4,3,68765,69108,343
selective_scan,4,4,69752,70095,343
selective_scan,4,5,70739,71082,343
selective_scan,4,6,71726,72069,343
selective_scan,4,7,72713,73056,343
selective_scan,4,8,73700,74043,343
selective_scan,4,9,74687,75030,343
selective_scan,4,10,75674,76017,343
selective_scan,4,11,76661,77004,343
selective_scan,4,12,77648,77991,343
selective_scan,4,13,78635,78978,343
selective_scan,4,14,79622,79965,343
selective_scan,4,15,80609,80952,343
selective_scan,5,0,81596,81939,343
selective_scan,5,1,82583,82926,343
selective_scan,5,2,83570,83913,343
selective_scan,5,3,84557,84900,343
selective_scan,5,4,85544,85887,343
selective_scan,5,5,86531,86874,343
selective_scan,5,6,87518,87861,343
selective_scan,5,7,88505,88848,343
selective_scan,5,8,89492,89835,343
selective_scan,5,9,90479,90822,343
selective_scan,5,10,91466,91809,343
selective_scan,5,11,92453,92796,343
selective_scan,5,12,93440,93783,343
selective_scan,5,13,94427,94770,343
selective_scan,5,14,95414,95757,343
selective_scan,5,15,96401,96744,343
selective_scan,6,0,97388,97731,343
selective_scan,6,1,98375,98718,343
selective_scan,6,2,99362,99705,343
selective_scan,6,3,100349,100692,343
selective_scan,6,4,101336,101679,343
selective_scan,6,5,102323,102666,343
selective_scan,6,6,103310,103653,343
selective_scan,6,7,104297,104640,343
selective_scan,6,8,105284,105627,343
selective_scan,6,9,106271,106614,343
selective_scan,6,10,107258,107601,343
selective_scan,6,11,108245,108588,343
selective_scan,6,12,109232,109575,343
selective_scan,6,13,110219,110562,343
selective_scan,6,14,111206,111549,343
selective_scan,6,15,112193,112536,343
selective_scan,7,0,113180,113523,343
selective_scan,7,1,114167,114510,343
selective_scan,7,2,115154,115497,343
selective_scan,7,3,116141,116484,343
selective_scan,7,4,117128,117471,343
selective_scan,7,5,118115,118458,343
selective_scan,7,6,119102,119445,343
selective_scan,7,7,120089,120432,343
selective_scan,7,8,121076,121419,343
selective_scan,7,9,122063,122406,343
selective_scan,7,10,123050,123393,343
selective_scan,7,11,124037,124380,343
selective_scan,7,12,125024,125367,343
selective_scan,7,13,126011,126354,343
selective_scan,7,14,126998,127341,343
selective_scan,7,15,127985,128328,343
selective_scan,8,0,128972,129315,343
selective_scan,8,1,129959,130302,343
selective_scan,8,2,130946,131289,343
selective_scan,8,3,131933,132276,343
selective_scan,8,4,132920,133263,343
selective_scan,8,5,133907,134250,343
selective_scan,8,6,134894,135237,343
selective_scan,8,7,135881,136224,343
selective_scan,8,8,136868,137211,343
selective_scan,8,9,137855,138198,343
selective_scan,8,10,138842,139185,343
selective_scan,8,11,139829,140172,343
selective_scan,8,12,140816,141159,343
selective_scan,8,13,141803,142146,343
selective_scan,8,14,142790,143133,343
selective_scan,8,15,143777,144120,343
selective_scan,9,0,144764,145107,343
selective_scan,9,1,145751,146094,343
selective_scan,9,2,146738,147081,343
selective_scan,9,3,147725,148068,343
selective_scan,9,4,148712,149055,343
selective_scan,9,5,149699,150042,343
selective_scan,9,6,150686,151029,343
selective_scan,9,7,151673,152016,343
selective_scan,9,8,152660,153003,343
selective_scan,9,9,153647,153990,343
selective_scan,9,10,154634,154977,343
selective_scan,9,11,155621,155964,343
selective_scan,9,12,156608,156951,343
selective_scan,9,13,157595,157938,343
selective_scan,9,14,158582,158925,343
selective_scan,9,15,159569,159912,343
selective_scan,10,0,160556,160899,343
selective_scan,10,1,161543,161886,343
selective_scan,10,2,162530,162873,343
selective_scan,10,3,163517,163860,343
selective_scan,10,4,164504,164847,343
selective_scan,10,5,165491,165834,343
selective_scan,10,6,166478,166821,343
selective_scan,10,7,167465,167808,343
selective_scan,10,8,168452,168795,343
selective_scan,10,9,169439,169782,343
selective_scan,10,10,170426,170769,343
selective_scan,10,11,171413,171756,343
selective_scan,10,12,172400,172743,343
selective_scan,10,13,173387,173730,343
selective_scan,10,14,174374,174717,343
selective_scan,10,15,175361,175704,343
selective_scan,11,0,176348,176691,343
selective_scan,11,1,177335,177678,343
selective_scan,11,2,178322,178665,343
selective_scan,11,3,179309,179652,343
selective_scan,11,4,180296,180639,343
selective_scan,11,5,181283,181626,343
selective_scan,11,6,182270,182613,343
selective_scan,11,7,183257,183600,343
selective_scan,11,8,184244,184587,343
selective_scan,11,9,185231,185574,343
selective_scan,11,10,186218,186561,343
selective_scan,11,11,187205,187548,343
selective_scan,11,12,188192,188535,343
selective_scan,11,13,189179,189522,343
selective_scan,11,14,190166,190509,343
selective_scan,11,15,191153,191496,343
selective_scan,12,0,192140,192483,343
selective_scan,12,1,193127,193470,343
selective_scan,12,2,194114,194457,343
selective_scan,12,3,195101,195444,343
selective_scan,12,4,196088,196431,343
selective_scan,12,5,197075,197418,343
selective_scan,12,6,198062,198405,343
selective_scan,12,7,199049,199392,343
selective_scan,12,8,200036,200379,343
selective_scan,12,9,201023,201366,343
selective_scan,12,10,202010,202353,343
selective_scan,12,11,202997,203340,343
selective_scan,12,12,203984,204327,343
selective_scan,12,13,204971,205314,343
selective_scan,12,14,205958,206301,343
selective_scan,12,15,206945,207288,343
selective_scan,13,0,207932,208275,343
selective_scan,13,1,208919,209262,343
selective_scan,13,2,209906,210249,343
selective_scan,13,3,210893,211236,343
selective_scan,13,4,211880,212223,343
selective_scan,13,5,212867,213210,343
selective_scan,13,6,213854,214197,343
selective_scan,13,7,214841,215184,343
selective_scan,13,8,215828,216171,343
selective_scan,13,9,216815,217158,343
selective_scan,13,10,217802,218145,343
selective_scan,13,11,218789,219132,343
selective_scan,13,12,219776,220119,343
selective_scan,13,13,220763,221106,343
selective_scan,13,14,221750,222093,343
selective_scan,13,15,222737,223080,343
selective_scan,14,0,223724,224067,343
selective_scan,14,1,224711,225054,343
selective_scan,14,2,225698,226041,343
selective_scan,14,3,226685,227028,343
selective_scan,14,4,227672,228015,343
selective_scan,14,5,228659,229002,343
selective_scan,14,6,229646,229989,343
selective_scan,14,7,230633,230976,343
selective_scan,14,8,231620,231963,343
selective_scan,14,9,232607,232950,343
selective_scan,14,10,233594,233937,343
selective_scan,14,11,234581,234924,343
selective_scan,14,12,235568,235911,343
selective_scan,14,13,236555,236898,343
selective_scan,14,14,237542,237885,343
selective_scan,14,15,238529,238872,343
selective_scan,15,0,239516,239859,343
selective_scan,15,1,240503,240846,343
selective_scan,15,2,241490,241833,343
selective_scan,15,3,242477,242820,343
selective_scan,15,4,243464,243807,343
selective_scan,15,5,244451,244794,343
selective_scan,15,6,245438,245781,343
selective_scan,15,7,246425,246768,343
selective_scan,15,8,247412,247755,343
selective_scan,15,9,248399,248742,343
selective_scan,15,10,249386,249729,343
selective_scan,15,11,250373,250716,343
selective_scan,15,12,251360,251703,343
selective_scan,15,13,252347,252690,343
selective_scan,15,14,253334,253677,343
selective_scan,15,15,254321,254664,343
selective_scan,16,0,255308,255651,343
selective_scan,16,1,256295,256638,343
selective_scan,16,2,257282,257625,343
selective_scan,16,3,258269,258612,343
selective_scan,16,4,259256,259599,343
selective_scan,16,5,260243,260586,343
selective_scan,16,6,261230,261573,343
selective_scan,16,7,262217,262560,343
selective_scan,16,8,263204,263547,343
selective_scan,16,9,264191,264534,343
selective_scan,16,10,265178,265521,343
selective_scan,16,11,266165,266508,343
selective_scan,16,12,267152,267495,343
selective_scan,16,13,268139,268482,343
selective_scan,16,14,269126,269469,343
selective_scan,16,15,270113,270456,343
selective_scan,17,0,271100,271443,343
selective_scan,17,1,272087,272430,343
selective_scan,17,2,273074,273417,343
selective_scan,17,3,274061,274404,343
selective_scan,17,4,275048,275391,343
selective_scan,17,5,276035,276378,343
selective_scan,17,6,277022,277365,343
selective_scan,17,7,278009,278352,343
selective_scan,17,8,278996,279339,343
selective_scan,17,9,279983,280326,343
selective_scan,17,10,280970,281313,343
selective_scan,17,11,281957,282300,343
selective_scan,17,12,282944,283287,343
selective_scan,17,13,283931,284274,343
selective_scan,17,14,284918,285261,343
selective_scan,17,15,285905,286248,343
selective_scan,18,0,286892,287235,343
selective_scan,18,1,287879,288222,343
selective_scan,18,2,288866,289209,343
selective_scan,18,3,289853,290196,343
selective_scan,18,4,290840,291183,343
selective_scan,18,5,291827,292170,343
selective_scan,18,6,292814,293157,343
selective_scan,18,7,293801,294144,343
selective_scan,18,8,294788,295131,343
selective_scan,18,9,295775,296118,343
selective_scan,18,10,296762,297105,343
selective_scan,18,11,297749,298092,343
selective_scan,18,12,298736,299079,343
selective_scan,18,13,299723,300066,343
selective_scan,18,14,300710,301053,343
selective_scan,18,15,301697,302040,343
selective_scan,19,0,302684,303027,343
selective_scan,19,1,303671,304014,343
selective_scan,19,2,304658,305001,343
selective_scan,19,3,305645,305988,343
selective_scan,19,4,306632,306975,343
selective_scan,19,5,307619,307962,343
selective_scan,19,6,308606,308949,343
selective_scan,19,7,309593,309936,343
selective_scan,19,8,310580,310923,343
selective_scan,19,9,311567,311910,343
selective_scan,19,10,312554,312897,343
selective_scan,19,11,313541,313884,343
selective_scan,19,12,314528,314871,343
selective_scan,19,13,315515,315858,343
selective_scan,19,14,316502,316845,343
selective_scan,19,15,317489,317832,343
selective_scan,20,0,318476,318819,343
selective_scan,20,1,319463,319806,343
selective_scan,20,2,320450,320793,343
selective_scan,20,3,321437,321780,343
selective_scan,20,4,322424,322767,343
selective_scan,20,5,323411,323754,343
selective_scan,20,6,324398,324741,343
selective_scan,20,7,325385,325728,343
selective_scan,20,8,326372,326715,343
selective_scan,20,9,327359,327702,343
selective_scan,20,10,328346,328689,343
selective_scan,20,11,329333,329676,343
selective_scan,20,12,330320,330663,343
selective_scan,20,13,331307,331650,343
selective_scan,20,14,332294,332637,343
selective_scan,20,15,333281,333624,343
selective_scan,21,0,334268,334611,343
selective_scan,21,1,335255,335598,343
selective_scan,21,2,336242,336585,343
selective_scan,21,3,337229,337572,343
selective_scan,21,4,338216,338559,343
selective_scan,21,5,339203,339546,343
selective_scan,21,6,340190,340533,343
selective_scan,21,7,341177,341520,343
selective_scan,21,8,342164,342507,343
selective_scan,21,9,343151,343494,343
selective_scan,21,10,344138,344481,343
selective_scan,21,11,345125,345468,343
selective_scan,21,12,346112,346455,343
selective_scan,21,13,347099,347442,343
selective_scan,21,14,348086,348429,343
selective_scan,21,15,349073,349416,343
selective_scan,22,0,350060,350403,343
selective_scan,22,1,351047,351390,343
selective_scan,22,2,352034,352377,343
selective_scan,22,3,353021,353364,343
selective_scan,22,4,354008,354351,343
selective_scan,22,5,354995,355338,343
selective_scan,22,6,355982,356325,343
selective_scan,22,7,356969,357312,343
selective_scan,22,8,357956,358299,343
selective_scan,22,9,358943,359286,343
selective_scan,22,10,359930,360273,343
selective_scan,22,11,360917,361260,343
selective_scan,22,12,361904,362247,343
selective_scan,22,13,362891,363234,343
selective_scan,22,14,363878,364221,343
selective_scan,22,15,364865,365208,343
selective_scan,23,0,365852,366195,343
selective_scan,23,1,366839,367182,343
selective_scan,23,2,367826,368169,343
selective_scan,23,3,368813,369156,343
selective_scan,23,4,369800,370143,343
selective_scan,23,5,370787,371130,343
selective_scan,23,6,371774,372117,343
selective_scan,23,7,372761,373104,343
selective_scan,23,8,373748,374091,343
selective_scan,23,9,374735,375078,343
selective_scan,23,10,375722,376065,343
selective_scan,23,11,376709,377052,343
selective_scan,23,12,377696,378039,343
selective_scan,23,13,378683,379026,343
selective_scan,23,14,379670,380013,343
selective_scan,23,15,380657,381000,343
selective_scan,24,0,381644,381987,343
selective_scan,24,1,382631,382974,343
selective_scan,24,2,383618,383961,343
selective_scan,24,3,384605,384948,343
selective_scan,24,4,385592,385935,343
selective_scan,24,5,386579,386922,343
selective_scan,24,6,387566,387909,343
selective_scan,24,7,388553,388896,343
selective_scan,24,8,389540,389883,343
selective_scan,24,9,390527,390870,343
selective_scan,24,10,391514,391857,343
selective_scan,24,11,392501,392844,343
selective_scan,24,12,393488,393831,343
selective_scan,24,13,394475,394818,343
selective_scan,24,14,395462,395805,343
selective_scan,24,15,396449,396792,343
selective_scan,25,0,397436,397779,343
selective_scan,25,1,398423,398766,343
selective_scan,25,2,399410,399753,343
selective_scan,25,3,400397,400740,343
selective_scan,25,4,401384,401727,343
selective_scan,25,5,402371,402714,343
selective_scan,25,6,403358,403701,343
selective_scan,25,7,404345,404688,343
selective_scan,25,8,405332,405675,343
selective_scan,25,9,406319,406662,343
selective_scan,25,10,407306,407649,343
selective_scan,25,11,408293,408636,343
selective_scan,25,12,409280,409623,343
selective_scan,25,13,410267,410610,343
selective_scan,25,14,411254,411597,343
selective_scan,25,15,412241,412584,343
selective_scan,26,0,413228,413571,343
selective_scan,26,1,414215,414558,343
selective_scan,26,2,415202,415545,343
selective_scan,26,3,416189,416532,343
selective_scan,26,4,417176,417519,343
selective_scan,26,5,418163,418506,343
selective_scan,26,6,419150,419493,343
selective_scan,26,7,420137,420480,343
selective_scan,26,8,421124,421467,343
selective_scan,26,9,422111,422454,343
selective_scan,26,10,423098,423441,343
selective_scan,26,11,424085,424428,343
selective_scan,26,12,425072,425415,343
selective_scan,26,13,426059,426402,343
selective_scan,26,14,427046,427389,343
selective_scan,26,15,428033,428376,343
selective_scan,27,0,429020,429363,343
selective_scan,27,1,430007,430350,343
selective_scan,27,2,430994,431337,343
selective_scan,27,3,431981,432324,343
selective_scan,27,4,432968,433311,343
selective_scan,27,5,433955,434298,343
selective_scan,27,6,434942,435285,343
selective_scan,27,7,435929,436272,343
selective_scan,27,8,436916,437259,343
selective_scan,27,9,437903,438246,343
selective_scan,27,10,438890,439233,343
selective_scan,27,11,439877,440220,343
selective_scan,27,12,440864,441207,343
selective_scan,27,13,441851,442194,343
selective_scan,27,14,442838,443181,343
selective_scan,27,15,443825,444168,343
selective_scan,28,0,444812,445155,343
selective_scan,28,1,445799,446142,343
selective_scan,28,2,446786,447129,343
selective_scan,28,3,447773,448116,343
selective_scan,28,4,448760,449103,343
selective_scan,28,5,449747,450090,343
selective_scan,28,6,450734,451077,343
selective_scan,28,7,451721,452064,343
selective_scan,28,8,452708,453051,343
selective_scan,28,9,453695,454038,343
selective_scan,28,10,454682,455025,343
selective_scan,28,11,455669,456012,343
selective_scan,28,12,456656,456999,343
selective_scan,28,13,457643,457986,343
selective_scan,28,14,458630,458973,343
selective_scan,28,15,459617,459960,343
selective_scan,29,0,460604,460947,343
selective_scan,29,1,461591,461934,343
selective_scan,29,2,462578,462921,343
selective_scan,29,3,463565,463908,343
selective_scan,29,4,464552,464895,343
selective_scan,29,5,465539,465882,343
selective_scan,29,6,466526,466869,343
selective_scan,29,7,467513,467856,343
selective_scan,29,8,468500,468843,343
selective_scan,29,9,469487,469830,343
selective_scan,29,10,470474,470817,343
selective_scan,29,11,471461,471804,343
selective_scan,29,12,472448,472791,343
selective_scan,29,13,473435,473778,343
selective_scan,29,14,474422,474765,343
selective_scan,29,15,475409,475752,343
selective_scan,30,0,476396,476739,343
selective_scan,30,1,477383,477726,343
selective_scan,30,2,478370,478713,343
selective_scan,30,3,479357,479700,343
selective_scan,30,4,480344,480687,343
selective_scan,30,5,481331,481674,343
selective_scan,30,6,482318,482661,343
selective_scan,30,7,483305,483648,343
selective_scan,30,8,484292,484635,343
selective_scan,30,9,485279,485622,343
selective_scan,30,10,486266,486609,343
selective_scan,30,11,487253,487596,343
selective_scan,30,12,488240,488583,343
selective_scan,30,13,489227,489570,343
selective_scan,30,14,490214,490557,343
selective_scan,30,15,491201,491544,343
selective_scan,31,0,492188,492531,343
selective_scan,31,1,493175,493518,343
selective_scan,31,2,494162,494505,343
selective_scan,31,3,495149,495492,343
selective_scan,31,4,496136,496479,343
selective_scan,31,5,497123,497466,343
selective_scan,31,6,498110,498453,343
selective_scan,31,7,499097,499440,343
selective_scan,31,8,500084,500427,343
selective_scan,31,9,501071,501414,343
selective_scan,31,10,502058,502401,343
selective_scan,31,11,503045,503388,343
selective_scan,31,12,504032,504375,343
selective_scan,31,13,505019,505362,343
selective_scan,31,14,506006,506349,343
selective_scan,31,15,506993,507336,343
selective_scan,32,0,507980,508323,343
selective_scan,32,1,508967,509310,343
selective_scan,32,2,509954,510297,343
selective_scan,32,3,510941,511284,343
selective_scan,32,4,511928,512271,343
selective_scan,32,5,512915,513258,343
selective_scan,32,6,513902,514245,343
selective_scan,32,7,514889,515232,343
selective_scan,32,8,515876,516219,343
selective_scan,32,9,516863,517206,343
selective_scan,32,10,517850,518193,343
selective_scan,32,11,518837,519180,343
selective_scan,32,12,519824,520167,343
selective_scan,32,13,520811,521154,343
selective_scan,32,14,521798,522141,343
selective_scan,32,15,522785,523128,343
selective_scan,33,0,523772,524115,343
selective_scan,33,1,524759,525102,343
selective_scan,33,2,525746,526089,343
selective_scan,33,3,526733,527076,343
selective_scan,33,4,527720,528063,343
selective_scan,33,5,528707,529050,343
selective_scan,33,6,529694,530037,343
selective_scan,33,7,530681,531024,343
selective_scan,33,8,531668,532011,343
selective_scan,33,9,532655,532998,343
selective_scan,33,10,533642,533985,343
selective_scan,33,11,534629,534972,343
selective_scan,33,12,535616,535959,343
selective_scan,33,13,536603,536946,343
selective_scan,33,14,537590,537933,343
selective_scan,33,15,538577,538920,343
selective_scan,34,0,539564,539907,343
selective_scan,34,1,540551,540894,343
selective_scan,34,2,541538,541881,343
selective_scan,34,3,542525,542868,343
selective_scan,34,4,543512,543855,343
selective_scan,34,5,544499,544842,343
selective_scan,34,6,545486,545829,343
selective_scan,34,7,546473,546816,343
selective_scan,34,8,547460,547803,343
selective_scan,34,9,548447,548790,343
selective_scan,34,10,549434,549777,343
selective_scan,34,11,550421,550764,343
selective_scan,34,12,551408,551751,343
selective_scan,34,13,552395,552738,343
selective_scan,34,14,553382,553725,343
selective_scan,34,15,554369,554712,343
selective_scan,35,0,555356,555699,343
selective_scan,35,1,556343,556686,343
selective_scan,35,2,557330,557673,343
selective_scan,35,3,558317,558660,343
selective_scan,35,4,559304,559647,343
selective_scan,35,5,560291,560634,343
selective_scan,35,6,561278,561621,343
selective_scan,35,7,562265,562608,343
selective_scan,35,8,563252,563595,343
selective_scan,35,9,564239,564582,343
selective_scan,35,10,565226,565569,343
selective_scan,35,11,566213,566556,343
selective_scan,35,12,567200,567543,343
selective_scan,35,13,568187,568530,343
selective_scan,35,14,569174,569517,343
selective_scan,35,15,570161,570504,343
selective_scan,36,0,571148,571491,343
selective_scan,36,1,572135,572478,343
selective_scan,36,2,573122,573465,343
selective_scan,36,3,574109,574452,343
selective_scan,36,4,575096,575439,343
selective_scan,36,5,576083,576426,343
selective_scan,36,6,577070,577413,343
selective_scan,36,7,578057,578400,343
selective_scan,36,8,579044,579387,343
selective_scan,36,9,580031,580374,343
selective_scan,36,10,581018,581361,343
selective_scan,36,11,582005,582348,343
selective_scan,36,12,582992,583335,343
selective_scan,36,13,583979,584322,343
selective_scan,36,14,584966,585309,343
selective_scan,36,15,585953,586296,343
selective_scan,37,0,586940,587283,343
selective_scan,37,1,587927,588270,343
selective_scan,37,2,588914,589257,343
selective_scan,37,3,589901,590244,343
selective_scan,37,4,590888,591231,343
selective_scan,37,5,591875,592218,343
selective_scan,37,6,592862,593205,343
selective_scan,37,7,593849,594192,343
selective_scan,37,8,594836,595179,343
selective_scan,37,9,595823,596166,343
selective_scan,37,10,596810,597153,343
selective_scan,37,11,597797,598140,343
selective_scan,37,12,598784,599127,343
selective_scan,37,13,599771,600114,343
selective_scan,37,14,600758,601101,343
selective_scan,37,15,601745,602088,343
selective_scan,38,0,602732,603075,343
selective_scan,38,1,603719,604062,343
selective_scan,38,2,604706,605049,343
selective_scan,38,3,605693,606036,343
selective_scan,38,4,606680,607023,343
selective_scan,38,5,607667,608010,343
selective_scan,38,6,608654,608997,343
selective_scan,38,7,609641,609984,343
selective_scan,38,8,610628,610971,343
selective_scan,38,9,611615,611958,343
selective_scan,38,10,612602,612945,343
selective_scan,38,11,613589,613932,343
selective_scan,38,12,614576,614919,343
selective_scan,38,13,615563,615906,343
selective_scan,38,14,616550,616893,343
selective_scan,38,15,617537,617880,343
selective_scan,39,0,618524,618867,343
selective_scan,39,1,619511,619854,343
selective_scan,39,2,620498,620841,343
selective_scan,39,3,621485,621828,343
selective_scan,39,4,622472,622815,343
selective_scan,39,5,623459,623802,343
selective_scan,39,6,624446,624789,343
selective_scan,39,7,625433,625776,343
selective_scan,39,8,626420,626763,343
selective_scan,39,9,627407,627750,343
selective_scan,39,10,628394,628737,343
selective_scan,39,11,629381,629724,343
selective_scan,39,12,630368,630711,343
selective_scan,39,13,631355,631698,343
selective_scan,39,14,632342,632685,343
selective_scan,39,15,633329,633672,343
selective_scan,40,0,634316,634659,343
selective_scan,40,1,635303,635646,343
selective_scan,40,2,636290,636633,343
selective_scan,40,3,637277,637620,343
selective_scan,40,4,638264,638607,343
selective_scan,40,5,639251,639594,343
selective_scan,40,6,640238,640581,343
selective_scan,40,7,641225,641568,343
selective_scan,40,8,642212,642555,343
selective_scan,40,9,643199,643542,343
selective_scan,40,10,644186,644529,343
selective_scan,40,11,645173,645516,343
selective_scan,40,12,646160,646503,343
selective_scan,40,13,647147,647490,343
selective_scan,40,14,648134,648477,343
selective_scan,40,15,649121,649464,343
selective_scan,41,0,650108,650451,343
selective_scan,41,1,651095,651438,343
selective_scan,41,2,652082,652425,343
selective_scan,41,3,653069,653412,343
selective_scan,41,4,654056,654399,343
selective_scan,41,5,655043,655386,343
selective_scan,41,6,656030,656373,343
selective_scan,41,7,657017,657360,343
selective_scan,41,8,658004,658347,343
selective_scan,41,9,658991,659334,343
selective_scan,41,10,659978,660321,343
selective_scan,41,11,660965,661308,343
selective_scan,41,12,661952,662295,343
selective_scan,41,13,662939,663282,343
selective_scan,41,14,663926,664269,343
selective_scan,41,15,664913,665256,343
selective_scan,42,0,665900,666243,343
selective_scan,42,1,666887,667230,343
selective_scan,42,2,667874,668217,343
selective_scan,42,3,668861,669204,343
selective_scan,42,4,669848,670191,343
selective_scan,42,5,670835,671178,343
selective_scan,42,6,671822,672165,343
selective_scan,42,7,672809,673152,343
selective_scan,42,8,673796,674139,343
selective_scan,42,9,674783,675126,343
selective_scan,42,10,675770,676113,343
selective_scan,42,11,676757,677100,343
selective_scan,42,12,677744,678087,343
selective_scan,42,13,678731,679074,343
selective_scan,42,14,679718,680061,343
selective_scan,42,15,680705,681048,343
selective_scan,43,0,681692,682035,343
selective_scan,43,1,682679,683022,343
selective_scan,43,2,683666,684009,343
selective_scan,43,3,684653,684996,343
selective_scan,43,4,685640,685983,343
selective_scan,43,5,686627,686970,343
selective_scan,43,6,687614,687957,343
selective_scan,43,7,688601,688944,343
selective_scan,43,8,689588,689931,343
selective_scan,43,9,690575,690918,343
selective_scan,43,10,691562,691905,343
selective_scan,43,11,692549,692892,343
selective_scan,43,12,693536,693879,343
selective_scan,43,13,694523,694866,343
selective_scan,43,14,695510,695853,343
selective_scan,43,15,696497,696840,343
selective_scan,44,0,697484,697827,343
selective_scan,44,1,698471,698814,343
selective_scan,44,2,699458,699801,343
selective_scan,44,3,700445,700788,343
selective_scan,44,4,701432,701775,343
selective_scan,44,5,702419,702762,343
selective_scan,44,6,703406,703749,343
selective_scan,44,7,704393,704736,343
selective_scan,44,8,705380,705723,343
selective_scan,44,9,706367,706710,343
selective_scan,44,10,707354,707697,343
selective_scan,44,11,708341,708684,343
selective_scan,44,12,709328,709671,343
selective_scan,44,13,710315,710658,343
selective_scan,44,14,711302,711645,343
selective_scan,44,15,712289,712632,343
selective_scan,45,0,713276,713619,343
selective_scan,45,1,714263,714606,343
selective_scan,45,2,715250,715593,343
selective_scan,45,3,716237,716580,343
selective_scan,45,4,717224,717567,343
selective_scan,45,5,718211,718554,343
selective_scan,45,6,719198,719541,343
selective_scan,45,7,720185,720528,343
selective_scan,45,8,721172,721515,343
selective_scan,45,9,722159,722502,343
selective_scan,45,10,723146,723489,343
selective_scan,45,11,724133,724476,343
selective_scan,45,12,725120,725463,343
selective_scan,45,13,726107,726450,343
selective_scan,45,14,727094,727437,343
selective_scan,45,15,728081,728424,343
selective_scan,46,0,729068,729411,343
selective_scan,46,1,730055,730398,343
selective_scan,46,2,731042,731385,343
selective_scan,46,3,732029,732372,343
selective_scan,46,4,733016,733359,343
selective_scan,46,5,734003,734346,343
selective_scan,46,6,734990,735333,343
selective_scan,46,7,735977,736320,343
selective_scan,46,8,736964,737307,343
selective_scan,46,9,737951,738294,343
selective_scan,46,10,738938,739281,343
selective_scan,46,11,739925,740268,343
selective_scan,46,12,740912,741255,343
selective_scan,46,13,741899,742242,343
selective_scan,46,14,742886,743229,343
selective_scan,46,15,743873,744216,343
selective_scan,47,0,744860,745203,343
selective_scan,47,1,745847,746190,343
selective_scan,47,2,746834,747177,343
selective_scan,47,3,747821,748164,343
selective_scan,47,4,748808,749151,343
selective_scan,47,5,749795,750138,343
selective_scan,47,6,750782,751125,343
selective_scan,47,7,751769,752112,343
selective_scan,47,8,752756,753099,343
selective_scan,47,9,753743,754086,343
selective_scan,47,10,754730,755073,343
selective_scan,47,11,755717,756060,343
selective_scan,47,12,756704,757047,343
selective_scan,47,13,757691,758034,343
selective_scan,47,14,758678,759021,343
selective_scan,47,15,759665,760008,343
selective_scan,48,0,760652,760995,343
selective_scan,48,1,761639,761982,343
selective_scan,48,2,762626,762969,343
selective_scan,48,3,763613,763956,343
selective_scan,48,4,764600,764943,343
selective_scan,48,5,765587,765930,343
selective_scan,48,6,766574,766917,343
selective_scan,48,7,767561,767904,343
selective_scan,48,8,768548,768891,343
selective_scan,48,9,769535,769878,343
selective_scan,48,10,770522,770865,343
selective_scan,48,11,771509,771852,343
selective_scan,48,12,772496,772839,343
selective_scan,48,13,773483,773826,343
selective_scan,48,14,774470,774813,343
selective_scan,48,15,775457,775800,343
selective_scan,49,0,776444,776787,343
selective_scan,49,1,777431,777774,343
selective_scan,49,2,778418,778761,343
selective_scan,49,3,779405,779748,343
selective_scan,49,4,780392,780735,343
selective_scan,49,5,781379,781722,343
selective_scan,49,6,782366,782709,343
selective_scan,49,7,783353,783696,343
selective_scan,49,8,784340,784683,343
selective_scan,49,9,785327,785670,343
selective_scan,49,10,786314,786657,343
selective_scan,49,11,787301,787644,343
selective_scan,49,12,788288,788631,343
selective_scan,49,13,789275,789618,343
selective_scan,49,14,790262,790605,343
selective_scan,49,15,791249,791592,343
selective_scan,50,0,792236,792579,343
selective_scan,50,1,793223,793566,343
selective_scan,50,2,794210,794553,343
selective_scan,50,3,795197,795540,343
selective_scan,50,4,796184,796527,343
selective_scan,50,5,797171,797514,343
selective_scan,50,6,798158,798501,343
selective_scan,50,7,799145,799488,343
selective_scan,50,8,800132,800475,343
selective_scan,50,9,801119,801462,343
selective_scan,50,10,802106,802449,343
selective_scan,50,11,803093,803436,343
selective_scan,50,12,804080,804423,343
selective_scan,50,13,805067,805410,343
selective_scan,50,14,806054,806397,343
selective_scan,50,15,807041,807384,343
selective_scan,51,0,808028,808371,343
selective_scan,51,1,809015,809358,343
selective_scan,51,2,810002,810345,343
selective_scan,51,3,810989,811332,343
selective_scan,51,4,811976,812319,343
selective_scan,51,5,812963,813306,343
selective_scan,51,6,813950,814293,343
selective_scan,51,7,814937,815280,343
selective_scan,51,8,815924,816267,343
selective_scan,51,9,816911,817254,343
selective_scan,51,10,817898,818241,343
selective_scan,51,11,818885,819228,343
selective_scan,51,12,819872,820215,343
selective_scan,51,13,820859,821202,343
selective_scan,51,14,821846,822189,343
selective_scan,51,15,822833,823176,343
selective_scan,52,0,823820,824163,343
selective_scan,52,1,824807,825150,343
selective_scan,52,2,825794,826137,343
selective_scan,52,3,826781,827124,343
selective_scan,52,4,827768,828111,343
selective_scan,52,5,828755,829098,343
selective_scan,52,6,829742,830085,343
selective_scan,52,7,830729,831072,343
selective_scan,52,8,831716,832059,343
selective_scan,52,9,832703,833046,343
selective_scan,52,10,833690,834033,343
selective_scan,52,11,834677,835020,343
selective_scan,52,12,835664,836007,343
selective_scan,52,13,836651,836994,343
selective_scan,52,14,837638,837981,343
selective_scan,52,15,838625,838968,343
selective_scan,53,0,839612,839955,343
selective_scan,53,1,840599,840942,343
selective_scan,53,2,841586,841929,343
selective_scan,53,3,842573,842916,343
selective_scan,53,4,843560,843903,343
selective_scan,53,5,844547,844890,343
selective_scan,53,6,845534,845877,343
selective_scan,53,7,846521,846864,343
selective_scan,53,8,847508,847851,343
selective_scan,53,9,848495,848838,343
selective_scan,53,10,849482,849825,343
selective_scan,53,11,850469,850812,343
selective_scan,53,12,851456,851799,343
selective_scan,53,13,852443,852786,343
selective_scan,53,14,853430,853773,343
selective_scan,53,15,854417,854760,343
selective_scan,54,0,855404,855747,343
selective_scan,54,1,856391,856734,343
selective_scan,54,2,857378,857721,343
selective_scan,54,3,858365,858708,343
selective_scan,54,4,859352,859695,343
selective_scan,54,5,860339,860682,343
selective_scan,54,6,861326,861669,343
selective_scan,54,7,862313,862656,343
selective_scan,54,8,863300,863643,343
selective_scan,54,9,864287,864630,343
selective_scan,54,10,865274,865617,343
selective_scan,54,11,866261,866604,343
selective_scan,54,12,867248,867591,343
selective_scan,54,13,868235,868578,343
selective_scan,54,14,869222,869565,343
selective_scan,54,15,870209,870552,343
selective_scan,55,0,871196,871539,343
selective_scan,55,1,872183,872526,343
selective_scan,55,2,873170,873513,343
selective_scan,55,3,874157,874500,343
selective_scan,55,4,875144,875487,343
selective_scan,55,5,876131,876474,343
selective_scan,55,6,877118,877461,343
selective_scan,55,7,878105,878448,343
selective_scan,55,8,879092,879435,343
selective_scan,55,9,880079,880422,343
selective_scan,55,10,881066,881409,343
selective_scan,55,11,882053,882396,343
selective_scan,55,12,883040,883383,343
selective_scan,55,13,884027,884370,343
selective_scan,55,14,885014,885357,343
selective_scan,55,15,886001,886344,343
selective_scan,56,0,886988,887331,343
selective_scan,56,1,887975,888318,343
selective_scan,56,2,888962,889305,343
selective_scan,56,3,889949,890292,343
selective_scan,56,4,890936,891279,343
selective_scan,56,5,891923,892266,343
selective_scan,56,6,892910,893253,343
selective_scan,56,7,893897,894240,343
selective_scan,56,8,894884,895227,343
selective_scan,56,9,895871,896214,343
selective_scan,56,10,896858,897201,343
selective_scan,56,11,897845,898188,343
selective_scan,56,12,898832,899175,343
selective_scan,56,13,899819,900162,343
selective_scan,56,14,900806,901149,343
selective_scan,56,15,901793,902136,343
selective_scan,57,0,902780,903123,343
selective_scan,57,1,903767,904110,343
selective_scan,57,2,904754,905097,343
selective_scan,57,3,905741,906084,343
selective_scan,57,4,906728,907071,343
selective_scan,57,5,907715,908058,343
selective_scan,57,6,908702,909045,343
selective_scan,57,7,909689,910032,343
selective_scan,57,8,910676,911019,343
selective_scan,57,9,911663,912006,343
selective_scan,57,10,912650,912993,343
selective_scan,57,11,913637,913980,343
selective_scan,57,12,914624,914967,343
selective_scan,57,13,915611,915954,343
selective_scan,57,14,916598,916941,343
selective_scan,57,15,917585,917928,343
selective_scan,58,0,918572,918915,343
selective_scan,58,1,919559,919902,343
selective_scan,58,2,920546,920889,343
selective_scan,58,3,921533,921876,343
selective_scan,58,4,922520,922863,343
selective_scan,58,5,923507,923850,343
selective_scan,58,6,924494,924837,343
selective_scan,58,7,925481,925824,343
selective_scan,58,8,926468,926811,343
selective_scan,58,9,927455,927798,343
selective_scan,58,10,928442,928785,343
selective_scan,58,11,929429,929772,343
selective_scan,58,12,930416,930759,343
selective_scan,58,13,931403,931746,343
selective_scan,58,14,932390,932733,343
selective_scan,58,15,933377,933720,343
selective_scan,59,0,934364,934707,343
selective_scan,59,1,935351,935694,343
selective_scan,59,2,936338,936681,343
selective_scan,59,3,937325,937668,343
selective_scan,59,4,938312,938655,343
selective_scan,59,5,939299,939642,343
selective_scan,59,6,940286,940629,343
selective_scan,59,7,941273,941616,343
selective_scan,59,8,942260,942603,343
selective_scan,59,9,943247,943590,343
selective_scan,59,10,944234,944577,343
selective_scan,59,11,945221,945564,343
selective_scan,59,12,946208,946551,343
selective_scan,59,13,947195,947538,343
selective_scan,59,14,948182,948525,343
selective_scan,59,15,949169,949512,343
selective_scan,60,0,950156,950499,343
selective_scan,60,1,951143,951486,343
selective_scan,60,2,952130,952473,343
selective_scan,60,3,953117,953460,343
selective_scan,60,4,954104,954447,343
selective_scan,60,5,955091,955434,343
selective_scan,60,6,956078,956421,343
selective_scan,60,7,957065,957408,343
selective_scan,60,8,958052,958395,343
selective_scan,60,9,959039,959382,343
selective_scan,60,10,960026,960369,343
selective_scan,60,11,961013,961356,343
selective_scan,60,12,962000,962343,343
selective_scan,60,13,962987,963330,343
selective_scan,60,14,963974,964317,343
selective_scan,60,15,964961,965304,343
selective_scan,61,0,965948,966291,343
selective_scan,61,1,966935,967278,343
selective_scan,61,2,967922,968265,343
selective_scan,61,3,968909,969252,343
selective_scan,61,4,969896,970239,343
selective_scan,61,5,970883,971226,343
selective_scan,61,6,971870,972213,343
selective_scan,61,7,972857,973200,343
selective_scan,61,8,973844,974187,343
selective_scan,61,9,974831,975174,343
selective_scan,61,10,975818,976161,343
selective_scan,61,11,976805,977148,343
selective_scan,61,12,977792,978135,343
selective_scan,61,13,978779,979122,343
selective_scan,61,14,979766,980109,343
selective_scan,61,15,980753,981096,343
selective_scan,62,0,981740,982083,343
selective_scan,62,1,982727,983070,343
selective_scan,62,2,983714,984057,343
selective_scan,62,3,984701,985044,343
selective_scan,62,4,985688,986031,343
selective_scan,62,5,986675,987018,343
selective_scan,62,6,987662,988005,343
selective_scan,62,7,988649,988992,343
selective_scan,62,8,989636,989979,343
selective_scan,62,9,990623,990966,343
selective_scan,62,10,991610,991953,343
selective_scan,62,11,992597,992940,343
selective_scan,62,12,993584,993927,343
selective_scan,62,13,994571,994914,343
selective_scan,62,14,995558,995901,343
selective_scan,62,15,996545,996888,343
selective_scan,63,0,997532,997875,343
selective_scan,63,1,998519,998862,343
selective_scan,63,2,999506,999849,343
selective_scan,63,3,1000493,1000836,343
selective_scan,63,4,1001480,1001823,343
selective_scan,63,5,1002467,1002810,343
selective_scan,63,6,1003454,1003797,343
selective_scan,63,7,1004441,1004784,343
selective_scan,63,8,1005428,1005771,343
selective_scan,63,9,1006415,1006758,343
selective_scan,63,10,1007402,1007745,343
selective_scan,63,11,1008389,1008732,343
selective_scan,63,12,1009376,1009719,343
selective_scan,63,13,1010363,1010706,343
selective_scan,63,14,1011350,1011693,343
selective_scan,63,15,1012337,1012680,343
gating,0,0,2979,3023,44
gating,0,1,3966,4010,44
gating,0,2,4953,4997,44
gating,0,3,5940,5984,44
gating,0,4,6927,6971,44
gating,0,5,7914,7958,44
gating,0,6,8901,8945,44
gating,0,7,9888,9932,44
gating,0,8,10875,10919,44
gating,0,9,11862,11906,44
gating,0,10,12849,12893,44
gating,0,11,13836,13880,44
gating,0,12,14823,14867,44
gating,0,13,15810,15854,44
gating,0,14,16797,16841,44
gating,0,15,17784,17828,44
gating,1,0,18771,18815,44
gating,1,1,19758,19802,44
gating,1,2,20745,20789,44
gating,1,3,21732,21776,44
gating,1,4,22719,22763,44
gating,1,5,23706,23750,44
gating,1,6,24693,24737,44
gating,1,7,25680,25724,44
gating,1,8,26667,26711,44
gating,1,9,27654,27698,44
gating,1,10,28641,28685,44
gating,1,11,29628,29672,44
gating,1,12,30615,30659,44
gating,1,13,31602,31646,44
gating,1,14,32589,32633,44
gating,1,15,33576,33620,44
gating,2,0,34563,34607,44
gating,2,1,35550,35594,44
gating,2,2,36537,36581,44
gating,2,3,37524,37568,44
gating,2,4,38511,38555,44
gating,2,5,39498,39542,44
gating,2,6,40485,40529,44
gating,2,7,41472,41516,44
gating,2,8,42459,42503,44
gating,2,9,43446,43490,44
gating,2,10,44433,44477,44
gating,2,11,45420,45464,44
gating,2,12,46407,46451,44
gating,2,13,47394,47438,44
gating,2,14,48381,48425,44
gating,2,15,49368,49412,44
gating,3,0,50355,50399,44
gating,3,1,51342,51386,44
gating,3,2,52329,52373,44
gating,3,3,53316,53360,44
gating,3,4,54303,54347,44
gating,3,5,55290,55334,44
gating,3,6,56277,56321,44
gating,3,7,57264,57308,44
gating,3,8,58251,58295,44
gating,3,9,59238,59282,44
gating,3,10,60225,60269,44
gating,3,11,61212,61256,44
gating,3,12,62199,62243,44
gating,3,13,63186,63230,44
gating,3,14,64173,64217,44
gating,3,15,65160,65204,44
gating,4,0,66147,66191,44
gating,4,1,67134,67178,44
gating,4,2,68121,68165,44
gating,4,3,69108,69152,44
gating,4,4,70095,70139,44
gating,4,5,71082,71126,44
gating,4,6,72069,72113,44
gating,4,7,73056,73100,44
gating,4,8,74043,74087,44
gating,4,9,75030,75074,44
gating,4,10,76017,76061,44
gating,4,11,77004,77048,44
gating,4,12,77991,78035,44
gating,4,13,78978,79022,44
gating,4,14,79965,80009,44
gating,4,15,80952,80996,44
gating,5,0,81939,81983,44
gating,5,1,82926,82970,44
gating,5,2,83913,83957,44
gating,5,3,84900,84944,44
gating,5,4,85887,85931,44
gating,5,5,86874,86918,44
gating,5,6,87861,87905,44
gating,5,7,88848,88892,44
gating,5,8,89835,89879,44
gating,5,9,90822,90866,44
gating,5,10,91809,91853,44
gating,5,11,92796,92840,44
gating,5,12,93783,93827,44
gating,5,13,94770,94814,44
gating,5,14,95757,95801,44
gating,5,15,96744,96788,44
gating,6,0,97731,97775,44
gating,6,1,98718,98762,44
gating,6,2,99705,99749,44
gating,6,3,100692,100736,44
gating,6,4,101679,101723,44
gating,6,5,102666,102710,44
gating,6,6,103653,103697,44
gating,6,7,104640,104684,44
gating,6,8,105627,105671,44
gating,6,9,106614,106658,44
gating,6,10,107601,107645,44
gating,6,11,108588,108632,44
gating,6,12,109575,109619,44
gating,6,13,110562,110606,44
gating,6,14,111549,111593,44
gating,6,15,112536,112580,44
gating,7,0,113523,113567,44
gating,7,1,114510,114554,44
gating,7,2,115497,115541,44
gating,7,3,116484,116528,44
gating,7,4,117471,117515,44
gating,7,5,118458,118502,44
gating,7,6,119445,119489,44
gating,7,7,120432,120476,44
gating,7,8,121419,121463,44
gating,7,9,122406,122450,44
gating,7,10,123393,123437,44
gating,7,11,124380,124424,44
gating,7,12,125367,125411,44
gating,7,13,126354,126398,44
gating,7,14,127341,127385,44
gating,7,15,128328,128372,44
gating,8,0,129315,129359,44
gating,8,1,130302,130346,44
gating,8,2,131289,131333,44
gating,8,3,132276,132320,44
gating,8,4,133263,133307,44
gating,8,5,134250,134294,44
gating,8,6,135237,135281,44
gating,8,7,136224,136268,44
gating,8,8,137211,137255,44
gating,8,9,138198,138242,44
gating,8,10,139185,139229,44
gating,8,11,140172,140216,44
gating,8,12,141159,141203,44
gating,8,13,142146,142190,44
gating,8,14,143133,143177,44
gating,8,15,144120,144164,44
gating,9,0,145107,145151,44
gating,9,1,146094,146138,44
gating,9,2,147081,147125,44
gating,9,3,148068,148112,44
gating,9,4,149055,149099,44
gating,9,5,150042,150086,44
gating,9,6,151029,151073,44
gating,9,7,152016,152060,44
gating,9,8,153003,153047,44
gating,9,9,153990,154034,44
gating,9,10,154977,155021,44
gating,9,11,155964,156008,44
gating,9,12,156951,156995,44
gating,9,13,157938,157982,44
gating,9,14,158925,158969,44
gating,9,15,159912,159956,44
gating,10,0,160899,160943,44
gating,10,1,161886,161930,44
gating,10,2,162873,162917,44
gating,10,3,163860,163904,44
gating,10,4,164847,164891,44
gating,10,5,165834,165878,44
gating,10,6,166821,166865,44
gating,10,7,167808,167852,44
gating,10,8,168795,168839,44
gating,10,9,169782,169826,44
gating,10,10,170769,170813,44
gating,10,11,171756,171800,44
gating,10,12,172743,172787,44
gating,10,13,173730,173774,44
gating,10,14,174717,174761,44
gating,10,15,175704,175748,44
gating,11,0,176691,176735,44
gating,11,1,177678,177722,44
gating,11,2,178665,178709,44
gating,11,3,179652,179696,44
gating,11,4,180639,180683,44
gating,11,5,181626,181670,44
gating,11,6,182613,182657,44
gating,11,7,183600,183644,44
gating,11,8,184587,184631,44
gating,11,9,185574,185618,44
gating,11,10,186561,186605,44
gating,11,11,187548,187592,44
gating,11,12,188535,188579,44
gating,11,13,189522,189566,44
gating,11,14,190509,190553,44
gating,11,15,191496,191540,44
gating,12,0,192483,192527,44
gating,12,1,193470,193514,44
gating,12,2,194457,194501,44
gating,12,3,195444,195488,44
gating,12,4,196431,196475,44
gating,12,5,197418,197462,44
gating,12,6,198405,198449,44
gating,12,7,199392,199436,44
gating,12,8,200379,200423,44
gating,12,9,201366,201410,44
gating,12,10,202353,202397,44
gating,12,11,203340,203384,44
gating,12,12,204327,204371,44
gating,12,13,205314,205358,44
gating,12,14,206301,206345,44
gating,12,15,207288,207332,44
gating,13,0,208275,208319,44
gating,13,1,209262,209306,44
gating,13,2,210249,210293,44
gating,13,3,211236,211280,44
gating,13,4,212223,212267,44
gating,13,5,213210,213254,44
gating,13,6,214197,214241,44
gating,13,7,215184,215228,44
gating,13,8,216171,216215,44
gating,13,9,217158,217202,44
gating,13,10,218145,218189,44
gating,13,11,219132,219176,44
gating,13,12,220119,220163,44
gating,13,13,221106,221150,44
gating,13,14,222093,222137,44
gating,13,15,223080,223124,44
gating,14,0,224067,224111,44
gating,14,1,225054,225098,44
gating,14,2,226041,226085,44
gating,14,3,227028,227072,44
gating,14,4,228015,228059,44
gating,14,5,229002,229046,44
gating,14,6,229989,230033,44
gating,14,7,230976,231020,44
gating,14,8,231963,232007,44
gating,14,9,232950,232994,44
gating,14,10,233937,233981,44
gating,14,11,234924,234968,44
gating,14,12,235911,235955,44
gating,14,13,236898,236942,44
gating,14,14,237885,237929,44
gating,14,15,238872,238916,44
gating,15,0,239859,239903,44
gating,15,1,240846,240890,44
gating,15,2,241833,241877,44
gating,15,3,242820,242864,44
gating,15,4,243807,243851,44
gating,15,5,244794,244838,44
gating,15,6,245781,245825,44
gating,15,7,246768,246812,44
gating,15,8,247755,247799,44
gating,15,9,248742,248786,44
gating,15,10,249729,249773,44
gating,15,11,250716,250760,44
gating,15,12,251703,251747,44
gating,15,13,252690,252734,44
gating,15,14,253677,253721,44
gating,15,15,254664,254708,44
gating,16,0,255651,255695,44
gating,16,1,256638,256682,44
gating,16,2,257625,257669,44
gating,16,3,258612,258656,44
gating,16,4,259599,259643,44
gating,16,5,260586,260630,44
gating,16,6,261573,261617,44
gating,16,7,262560,262604,44
gating,16,8,263547,263591,44
gating,16,9,264534,264578,44
gating,16,10,265521,265565,44
gating,16,11,266508,266552,44
gating,16,12,267495,267539,44
gating,16,13,268482,268526,44
gating,16,14,269469,269513,44
gating,16,15,270456,270500,44
gating,17,0,271443,271487,44
gating,17,1,272430,272474,44
gating,17,2,273417,273461,44
gating,17,3,274404,274448,44
gating,17,4,275391,275435,44
gating,17,5,276378,276422,44
gating,17,6,277365,277409,44
gating,17,7,278352,278396,44
gating,17,8,279339,279383,44
gating,17,9,280326,280370,44
gating,17,10,281313,281357,44
gating,17,11,282300,282344,44
gating,17,12,283287,283331,44
gating,17,13,284274,284318,44
gating,17,14,285261,285305,44
gating,17,15,286248,286292,44
gating,18,0,287235,287279,44
gating,18,1,288222,288266,44
gating,18,2,289209,289253,44
gating,18,3,290196,290240,44
gating,18,4,291183,291227,44
gating,18,5,292170,292214,44
gating,18,6,293157,293201,44
gating,18,7,294144,294188,44
gating,18,8,295131,295175,44
gating,18,9,296118,296162,44
gating,18,10,297105,297149,44
gating,18,11,298092,298136,44
gating,18,12,299079,299123,44
gating,18,13,300066,300110,44
gating,18,14,301053,301097,44
gating,18,15,302040,302084,44
gating,19,0,303027,303071,44
gating,19,1,304014,304058,44
gating,19,2,305001,305045,44
gating,19,3,305988,306032,44
gating,19,4,306975,307019,44
gating,19,5,307962,308006,44
gating,19,6,308949,308993,44
gating,19,7,309936,309980,44
gating,19,8,310923,310967,44
gating,19,9,311910,311954,44
gating,19,10,312897,312941,44
gating,19,11,313884,313928,44
gating,19,12,314871,314915,44
gating,19,13,315858,315902,44
gating,19,14,316845,316889,44
gating,19,15,317832,317876,44
gating,20,0,318819,318863,44
gating,20,1,319806,319850,44
gating,20,2,320793,320837,44
gating,20,3,321780,321824,44
gating,20,4,322767,322811,44
gating,20,5,323754,323798,44
gating,20,6,324741,324785,44
gating,20,7,325728,325772,44
gating,20,8,326715,326759,44
gating,20,9,327702,327746,44
gating,20,10,328689,328733,44
gating,20,11,329676,329720,44
gating,20,12,330663,330707,44
gating,20,13,331650,331694,44
gating,20,14,332637,332681,44
gating,20,15,333624,333668,44
gating,21,0,334611,334655,44
gating,21,1,335598,335642,44
gating,21,2,336585,336629,44
gating,21,3,337572,337616,44
gating,21,4,338559,338603,44
gating,21,5,339546,339590,44
gating,21,6,340533,340577,44
gating,21,7,341520,341564,44
gating,21,8,342507,342551,44
gating,21,9,343494,343538,44
gating,21,10,344481,344525,44
gating,21,11,345468,345512,44
gating,21,12,346455,346499,44
gating,21,13,347442,347486,44
gating,21,14,348429,348473,44
gating,21,15,349416,349460,44
gating,22,0,350403,350447,44
gating,22,1,351390,351434,44
gating,22,2,352377,352421,44
gating,22,3,353364,353408,44
gating,22,4,354351,354395,44
gating,22,5,355338,355382,44
gating,22,6,356325,356369,44
gating,22,7,357312,357356,44
gating,22,8,358299,358343,44
gating,22,9,359286,359330,44
gating,22,10,360273,360317,44
gating,22,11,361260,361304,44
gating,22,12,362247,362291,44
gating,22,13,363234,363278,44
gating,22,14,364221,364265,44
gating,22,15,365208,365252,44
gating,23,0,366195,366239,44
gating,23,1,367182,367226,44
gating,23,2,368169,368213,44
gating,23,3,369156,369200,44
gating,23,4,370143,370187,44
gating,23,5,371130,371174,44
gating,23,6,372117,372161,44
gating,23,7,373104,373148,44
gating,23,8,374091,374135,44
gating,23,9,375078,375122,44
gating,23,10,376065,376109,44
gating,23,11,377052,377096,44
gating,23,12,378039,378083,44
gating,23,13,379026,379070,44
gating,23,14,380013,380057,44
gating,23,15,381000,381044,44
gating,24,0,381987,382031,44
gating,24,1,382974,383018,44
gating,24,2,383961,384005,44
gating,24,3,384948,384992,44
gating,24,4,385935,385979,44
gating,24,5,386922,386966,44
gating,24,6,387909,387953,44
gating,24,7,388896,388940,44
gating,24,8,389883,389927,44
gating,24,9,390870,390914,44
gating,24,10,391857,391901,44
gating,24,11,392844,392888,44
gating,24,12,393831,393875,44
gating,24,13,394818,394862,44
gating,24,14,395805,395849,44
gating,24,15,396792,396836,44
gating,25,0,397779,397823,44
gating,25,1,398766,398810,44
gating,25,2,399753,399797,44
gating,25,3,400740,400784,44
gating,25,4,401727,401771,44
gating,25,5,402714,402758,44
gating,25,6,403701,403745,44
gating,25,7,404688,404732,44
gating,25,8,405675,405719,44
gating,25,9,406662,406706,44
gating,25,10,407649,407693,44
gating,25,11,408636,408680,44
gating,25,12,409623,409667,44
gating,25,13,410610,410654,44
gating,25,14,411597,411641,44
gating,25,15,412584,412628,44
gating,26,0,413571,413615,44
gating,26,1,414558,414602,44
gating,26,2,415545,415589,44
gating,26,3,416532,416576,44
gating,26,4,417519,417563,44
gating,26,5,418506,418550,44
gating,26,6,419493,419537,44
gating,26,7,420480,420524,44
gating,26,8,421467,421511,44
gating,26,9,422454,422498,44
gating,26,10,423441,423485,44
gating,26,11,424428,424472,44
gating,26,12,425415,425459,44
gating,26,13,426402,426446,44
gating,26,14,427389,427433,44
gating,26,15,428376,428420,44
gating,27,0,429363,429407,44
gating,27,1,430350,430394,44
gating,27,2,431337,431381,44
gating,27,3,432324,432368,44
gating,27,4,433311,433355,44
gating,27,5,434298,434342,44
gating,27,6,435285,435329,44
gating,27,7,436272,436316,44
gating,27,8,437259,437303,44
gating,27,9,438246,438290,44
gating,27,10,439233,439277,44
gating,27,11,440220,440264,44
gating,27,12,441207,441251,44
gating,27,13,442194,442238,44
gating,27,14,443181,443225,44
gating,27,15,444168,444212,44
gating,28,0,445155,445199,44
gating,28,1,446142,446186,44
gating,28,2,447129,447173,44
gating,28,3,448116,448160,44
gating,28,4,449103,449147,44
gating,28,5,450090,450134,44
gating,28,6,451077,451121,44
gating,28,7,452064,452108,44
gating,28,8,453051,453095,44
gating,28,9,454038,454082,44
gating,28,10,455025,455069,44
gating,28,11,456012,456056,44
gating,28,12,456999,457043,44
gating,28,13,457986,458030,44
gating,28,14,458973,459017,44
gating,28,15,459960,460004,44
gating,29,0,460947,460991,44
gating,29,1,461934,461978,44
gating,29,2,462921,462965,44
gating,29,3,463908,463952,44
gating,29,4,464895,464939,44
gating,29,5,465882,465926,44
gating,29,6,466869,466913,44
gating,29,7,467856,467900,44
gating,29,8,468843,468887,44
gating,29,9,469830,469874,44
gating,29,10,470817,470861,44
gating,29,11,471804,471848,44
gating,29,12,472791,472835,44
gating,29,13,473778,473822,44
gating,29,14,474765,474809,44
gating,29,15,475752,475796,44
gating,30,0,476739,476783,44
gating,30,1,477726,477770,44
gating,30,2,478713,478757,44
gating,30,3,479700,479744,44
gating,30,4,480687,480731,44
gating,30,5,481674,481718,44
gating,30,6,482661,482705,44
gating,30,7,483648,483692,44
gating,30,8,484635,484679,44
gating,30,9,485622,485666,44
gating,30,10,486609,486653,44
gating,30,11,487596,487640,44
gating,30,12,488583,488627,44
gating,30,13,489570,489614,44
gating,30,14,490557,490601,44
gating,30,15,491544,491588,44
gating,31,0,492531,492575,44
gating,31,1,493518,493562,44
gating,31,2,494505,494549,44
gating,31,3,495492,495536,44
gating,31,4,496479,496523,44
gating,31,5,497466,497510,44
gating,31,6,498453,498497,44
gating,31,7,499440,499484,44
gating,31,8,500427,500471,44
gating,31,9,501414,501458,44
gating,31,10,502401,502445,44
gating,31,11,503388,503432,44
gating,31,12,504375,504419,44
gating,31,13,505362,505406,44
gating,31,14,506349,506393,44
gating,31,15,507336,507380,44
gating,32,0,508323,508367,44
gating,32,1,509310,509354,44
gating,32,2,510297,510341,44
gating,32,3,511284,511328,44
gating,32,4,512271,512315,44
gating,32,5,513258,513302,44
gating,32,6,514245,514289,44
gating,32,7,515232,515276,44
gating,32,8,516219,516263,44
gating,32,9,517206,517250,44
gating,32,10,518193,518237,44
gating,32,11,519180,519224,44
gating,32,12,520167,520211,44
gating,32,13,521154,521198,44
gating,32,14,522141,522185,44
gating,32,15,523128,523172,44
gating,33,0,524115,524159,44
gating,33,1,525102,525146,44
gating,33,2,526089,526133,44
gating,33,3,527076,527120,44
gating,33,4,528063,528107,44
gating,33,5,529050,529094,44
gating,33,6,530037,530081,44
gating,33,7,531024,531068,44
gating,33,8,532011,532055,44
gating,33,9,532998,533042,44
gating,33,10,533985,534029,44
gating,33,11,534972,535016,44
gating,33,12,535959,536003,44
gating,33,13,536946,536990,44
gating,33,14,537933,537977,44
gating,33,15,538920,538964,44
gating,34,0,539907,539951,44
gating,34,1,540894,540938,44
gating,34,2,541881,541925,44
gating,34,3,542868,542912,44
gating,34,4,543855,543899,44
gating,34,5,544842,544886,44
gating,34,6,545829,545873,44
gating,34,7,546816,546860,44
gating,34,8,547803,547847,44
gating,34,9,548790,548834,44
gating,34,10,549777,549821,44
gating,34,11,550764,550808,44
gating,34,12,551751,551795,44
gating,34,13,552738,552782,44
gating,34,14,553725,553769,44
gating,34,15,554712,554756,44
gating,35,0,555699,555743,44
gating,35,1,556686,556730,44
gating,35,2,557673,557717,44
gating,35,3,558660,558704,44
gating,35,4,559647,559691,44
gating,35,5,560634,560678,44
gating,35,6,561621,561665,44
gating,35,7,562608,562652,44
gating,35,8,563595,563639,44
gating,35,9,564582,564626,44
gating,35,10,565569,565613,44
gating,35,11,566556,566600,44
gating,35,12,567543,567587,44
gating,35,13,568530,568574,44
gating,35,14,569517,569561,44
gating,35,15,570504,570548,44
gating,36,0,571491,571535,44
gating,36,1,572478,572522,44
gating,36,2,573465,573509,44
gating,36,3,574452,574496,44
gating,36,4,575439,575483,44
gating,36,5,576426,576470,44
gating,36,6,577413,577457,44
gating,36,7,578400,578444,44
gating,36,8,579387,579431,44
gating,36,9,580374,580418,44
gating,36,10,581361,581405,44
gating,36,11,582348,582392,44
gating,36,12,583335,583379,44
gating,36,13,584322,584366,44
gating,36,14,585309,585353,44
gating,36,15,586296,586340,44
gating,37,0,587283,587327,44
gating,37,1,588270,588314,44
gating,37,2,589257,589301,44
gating,37,3,590244,590288,44
gating,37,4,591231,591275,44
gating,37,5,592218,592262,44
gating,37,6,593205,593249,44
gating,37,7,594192,594236,44
gating,37,8,595179,595223,44
gating,37,9,596166,596210,44
gating,37,10,597153,597197,44
gating,37,11,598140,598184,44
gating,37,12,599127,599171,44
gating,37,13,600114,600158,44
gating,37,14,601101,601145,44
gating,37,15,602088,602132,44
gating,38,0,603075,603119,44
gating,38,1,604062,604106,44
gating,38,2,605049,605093,44
gating,38,3,606036,606080,44
gating,38,4,607023,607067,44
gating,38,5,608010,608054,44
gating,38,6,608997,609041,44
gating,38,7,609984,610028,44
gating,38,8,610971,611015,44
gating,38,9,611958,612002,44
gating,38,10,612945,612989,44
gating,38,11,613932,613976,44
gating,38,12,614919,614963,44
gating,38,13,615906,615950,44
gating,38,14,616893,616937,44
gating,38,15,617880,617924,44
gating,39,0,618867,618911,44
gating,39,1,619854,619898,44
gating,39,2,620841,620885,44
gating,39,3,621828,621872,44
gating,39,4,622815,622859,44
gating,39,5,623802,623846,44
gating,39,6,624789,624833,44
gating,39,7,625776,625820,44
gating,39,8,626763,626807,44
gating,39,9,627750,627794,44
gating,39,10,628737,628781,44
gating,39,11,629724,629768,44
gating,39,12,630711,630755,44
gating,39,13,631698,631742,44
gating,39,14,632685,632729,44
gating,39,15,633672,633716,44
gating,40,0,634659,634703,44
gating,40,1,635646,635690,44
gating,40,2,636633,636677,44
gating,40,3,637620,637664,44
gating,40,4,638607,638651,44
gating,40,5,639594,639638,44
gating,40,6,640581,640625,44
gating,40,7,641568,641612,44
gating,40,8,642555,642599,44
gating,40,9,643542,643586,44
gating,40,10,644529,644573,44
gating,40,11,645516,645560,44
gating,40,12,646503,646547,44
gating,40,13,647490,647534,44
gating,40,14,648477,648521,44
gating,40,15,649464,649508,44
gating,41,0,650451,650495,44
gating,41,1,651438,651482,44
gating,41,2,652425,652469,44
gating,41,3,653412,653456,44
gating,41,4,654399,654443,44
gating,41,5,655386,655430,44
gating,41,6,656373,656417,44
gating,41,7,657360,657404,44
gating,41,8,658347,658391,44
gating,41,9,659334,659378,44
gating,41,10,660321,660365,44
gating,41,11,661308,661352,44
gating,41,12,662295,662339,44
gating,41,13,663282,663326,44
gating,41,14,664269,664313,44
gating,41,15,665256,665300,44
gating,42,0,666243,666287,44
gating,42,1,667230,667274,44
gating,42,2,668217,668261,44
gating,42,3,669204,669248,44
gating,42,4,670191,670235,44
gating,42,5,671178,671222,44
gating,42,6,672165,672209,44
gating,42,7,673152,673196,44
gating,42,8,674139,674183,44
gating,42,9,675126,675170,44
gating,42,10,676113,676157,44
gating,42,11,677100,677144,44
gating,42,12,678087,678131,44
gating,42,13,679074,679118,44
gating,42,14,680061,680105,44
gating,42,15,681048,681092,44
gating,43,0,682035,682079,44
gating,43,1,683022,683066,44
gating,43,2,684009,684053,44
gating,43,3,684996,685040,44
gating,43,4,685983,686027,44
gating,43,5,686970,687014,44
gating,43,6,687957,688001,44
gating,43,7,688944,688988,44
gating,43,8,689931,689975,44
gating,43,9,690918,690962,44
gating,43,10,691905,691949,44
gating,43,11,692892,692936,44
gating,43,12,693879,693923,44
gating,43,13,694866,694910,44
gating,43,14,695853,695897,44
gating,43,15,696840,696884,44
gating,44,0,697827,697871,44
gating,44,1,698814,698858,44
gating,44,2,699801,699845,44
gating,44,3,700788,700832,44
gating,44,4,701775,701819,44
gating,44,5,702762,702806,44
gating,44,6,703749,703793,44
gating,44,7,704736,704780,44
gating,44,8,705723,705767,44
gating,44,9,706710,706754,44
gating,44,10,707697,707741,44
gating,44,11,708684,708728,44
gating,44,12,709671,709715,44
gating,44,13,710658,710702,44
gating,44,14,711645,711689,44
gating,44,15,712632,712676,44
gating,45,0,713619,713663,44
gating,45,1,714606,714650,44
gating,45,2,715593,715637,44
gating,45,3,716580,716624,44
gating,45,4,717567,717611,44
gating,45,5,718554,718598,44
gating,45,6,719541,719585,44
gating,45,7,720528,720572,44
gating,45,8,721515,721559,44
gating,45,9,722502,722546,44
gating,45,10,723489,723533,44
gating,45,11,724476,724520,44
gating,45,12,725463,725507,44
gating,45,13,726450,726494,44
gating,45,14,727437,727481,44
gating,45,15,728424,728468,44
gating,46,0,729411,729455,44
gating,46,1,730398,730442,44
gating,46,2,731385,731429,44
gating,46,3,732372,732416,44
gating,46,4,733359,733403,44
gating,46,5,734346,734390,44
gating,46,6,735333,735377,44
gating,46,7,736320,736364,44
gating,46,8,737307,737351,44
gating,46,9,738294,738338,44
gating,46,10,739281,739325,44
gating,46,11,740268,740312,44
gating,46,12,741255,741299,44
gating,46,13,742242,742286,44
gating,46,14,743229,743273,44
gating,46,15,744216,744260,44
gating,47,0,745203,745247,44
gating,47,1,746190,746234,44
gating,47,2,747177,747221,44
gating,47,3,748164,748208,44
gating,47,4,749151,749195,44
gating,47,5,750138,750182,44
gating,47,6,751125,751169,44
gating,47,7,752112,752156,44
gating,47,8,753099,753143,44
gating,47,9,754086,754130,44
gating,47,10,755073,755117,44
gating,47,11,756060,756104,44
gating,47,12,757047,757091,44
gating,47,13,758034,758078,44
gating,47,14,759021,759065,44
gating,47,15,760008,760052,44
gating,48,0,760995,761039,44
gating,48,1,761982,762026,44
gating,48,2,762969,763013,44
gating,48,3,763956,764000,44
gating,48,4,764943,764987,44
gating,48,5,765930,765974,44
gating,48,6,766917,766961,44
gating,48,7,767904,767948,44
gating,48,8,768891,768935,44
gating,48,9,769878,769922,44
gating,48,10,770865,770909,44
gating,48,11,771852,771896,44
gating,48,12,772839,772883,44
gating,48,13,773826,773870,44
gating,48,14,774813,774857,44
gating,48,15,775800,775844,44
gating,49,0,776787,776831,44
gating,49,1,777774,777818,44
gating,49,2,778761,778805,44
gating,49,3,779748,779792,44
gating,49,4,780735,780779,44
gating,49,5,781722,781766,44
gating,49,6,782709,782753,44
gating,49,7,783696,783740,44
gating,49,8,784683,784727,44
gating,49,9,785670,785714,44
gating,49,10,786657,786701,44
gating,49,11,787644,787688,44
gating,49,12,788631,788675,44
gating,49,13,789618,789662,44
gating,49,14,790605,790649,44
gating,49,15,791592,791636,44
gating,50,0,792579,792623,44
gating,50,1,793566,793610,44
gating,50,2,794553,794597,44
gating,50,3,795540,795584,44
gating,50,4,796527,796571,44
gating,50,5,797514,797558,44
gating,50,6,798501,798545,44
gating,50,7,799488,799532,44
gating,50,8,800475,800519,44
gating,50,9,801462,801506,44
gating,50,10,802449,802493,44
gating,50,11,803436,803480,44
gating,50,12,804423,804467,44
gating,50,13,805410,805454,44
gating,50,14,806397,806441,44
gating,50,15,807384,807428,44
gating,51,0,808371,808415,44
gating,51,1,809358,809402,44
gating,51,2,810345,810389,44
gating,51,3,811332,811376,44
gating,51,4,812319,812363,44
gating,51,5,813306,813350,44
gating,51,6,814293,814337,44
gating,51,7,815280,815324,44
gating,51,8,816267,816311,44
gating,51,9,817254,817298,44
gating,51,10,818241,818285,44
gating,51,11,819228,819272,44
gating,51,12,820215,820259,44
gating,51,13,821202,821246,44
gating,51,14,822189,822233,44
gating,51,15,823176,823220,44
gating,52,0,824163,824207,44
gating,52,1,825150,825194,44
gating,52,2,826137,826181,44
gating,52,3,827124,827168,44
gating,52,4,828111,828155,44
gating,52,5,829098,829142,44
gating,52,6,830085,830129,44
gating,52,7,831072,831116,44
gating,52,8,832059,832103,44
gating,52,9,833046,833090,44
gating,52,10,834033,834077,44
gating,52,11,835020,835064,44
gating,52,12,836007,836051,44
gating,52,13,836994,837038,44
gating,52,14,837981,838025,44
gating,52,15,838968,839012,44
gating,53,0,839955,839999,44
gating,53,1,840942,840986,44
gating,53,2,841929,841973,44
gating,53,3,842916,842960,44
gating,53,4,843903,843947,44
gating,53,5,844890,844934,44
gating,53,6,845877,845921,44
gating,53,7,846864,846908,44
gating,53,8,847851,847895,44
gating,53,9,848838,848882,44
gating,53,10,849825,849869,44
gating,53,11,850812,850856,44
gating,53,12,851799,851843,44
gating,53,13,852786,852830,44
gating,53,14,853773,853817,44
gating,53,15,854760,854804,44
gating,54,0,855747,855791,44
gating,54,1,856734,856778,44
gating,54,2,857721,857765,44
gating,54,3,858708,858752,44
gating,54,4,859695,859739,44
gating,54,5,860682,860726,44
gating,54,6,861669,861713,44
gating,54,7,862656,862700,44
gating,54,8,863643,863687,44
gating,54,9,864630,864674,44
gating,54,10,865617,865661,44
gating,54,11,866604,866648,44
gating,54,12,867591,867635,44
gating,54,13,868578,868622,44
gating,54,14,869565,869609,44
gating,54,15,870552,870596,44
gating,55,0,871539,871583,44
gating,55,1,872526,872570,44
gating,55,2,873513,873557,44
gating,55,3,874500,874544,44
gating,55,4,875487,875531,44
gating,55,5,876474,876518,44
gating,55,6,877461,877505,44
gating,55,7,878448,878492,44
gating,55,8,879435,879479,44
gating,55,9,880422,880466,44
gating,55,10,881409,881453,44
gating,55,11,882396,882440,44
gating,55,12,883383,883427,44
gating,55,13,884370,884414,44
gating,55,14,885357,885401,44
gating,55,15,886344,886388,44
gating,56,0,887331,887375,44
gating,56,1,888318,888362,44
gating,56,2,889305,889349,44
gating,56,3,890292,890336,44
gating,56,4,891279,891323,44
gating,56,5,892266,892310,44
gating,56,6,893253,893297,44
gating,56,7,894240,894284,44
gating,56,8,895227,895271,44
gating,56,9,896214,896258,44
gating,56,10,897201,897245,44
gating,56,11,898188,898232,44
gating,56,12,899175,899219,44
gating,56,13,900162,900206,44
gating,56,14,901149,901193,44
gating,56,15,902136,902180,44
gating,57,0,903123,903167,44
gating,57,1,904110,904154,44
gating,57,2,905097,905141,44
gating,57,3,906084,906128,44
gating,57,4,907071,907115,44
gating,57,5,908058,908102,44
gating,57,6,909045,909089,44
gating,57,7,910032,910076,44
gating,57,8,911019,911063,44
gating,57,9,912006,912050,44
gating,57,10,912993,913037,44
gating,57,11,913980,914024,44
gating,57,12,914967,915011,44
gating,57,13,915954,915998,44
gating,57,14,916941,916985,44
gating,57,15,917928,917972,44
gating,58,0,918915,918959,44
gating,58,1,919902,919946,44
gating,58,2,920889,920933,44
gating,58,3,921876,921920,44
gating,58,4,922863,922907,44
gating,58,5,923850,923894,44
gating,58,6,924837,924881,44
gating,58,7,925824,925868,44
gating,58,8,926811,926855,44
gating,58,9,927798,927842,44
gating,58,10,928785,928829,44
gating,58,11,929772,929816,44
gating,58,12,930759,930803,44
gating,58,13,931746,931790,44
gating,58,14,932733,932777,44
gating,58,15,933720,933764,44
gating,59,0,934707,934751,44
gating,59,1,935694,935738,44
gating,59,2,936681,936725,44
gating,59,3,937668,937712,44
gating,59,4,938655,938699,44
gating,59,5,939642,939686,44
gating,59,6,940629,940673,44
gating,59,7,941616,941660,44
gating,59,8,942603,942647,44
gating,59,9,943590,943634,44
gating,59,10,944577,944621,44
gating,59,11,945564,945608,44
gating,59,12,946551,946595,44
gating,59,13,947538,947582,44
gating,59,14,948525,948569,44
gating,59,15,949512,949556,44
gating,60,0,950499,950543,44
gating,60,1,951486,951530,44
gating,60,2,952473,952517,44
gating,60,3,953460,953504,44
gating,60,4,954447,954491,44
gating,60,5,955434,955478,44
gating,60,6,956421,956465,44
gating,60,7,957408,957452,44
gating,60,8,958395,958439,44
gating,60,9,959382,959426,44
gating,60,10,960369,960413,44
gating,60,11,961356,961400,44
gating,60,12,962343,962387,44
gating,60,13,963330,963374,44
gating,60,14,964317,964361,44
gating,60,15,965304,965348,44
gating,61,0,966291,966335,44
gating,61,1,967278,967322,44
gating,61,2,968265,968309,44
gating,61,3,969252,969296,44
gating,61,4,970239,970283,44
gating,61,5,971226,971270,44
gating,61,6,972213,972257,44
gating,61,7,973200,973244,44
gating,61,8,974187,974231,44
gating,61,9,975174,975218,44
gating,61,10,976161,976205,44
gating,61,11,977148,977192,44
gating,61,12,978135,978179,44
gating,61,13,979122,979166,44
gating,61,14,980109,980153,44
gating,61,15,981096,981140,44
gating,62,0,982083,982127,44
gating,62,1,983070,983114,44
gating,62,2,984057,984101,44
gating,62,3,985044,985088,44
gating,62,4,986031,986075,44
gating,62,5,987018,987062,44
gating,62,6,988005,988049,44
gating,62,7,988992,989036,44
gating,62,8,989979,990023,44
gating,62,9,990966,991010,44
gating,62,10,991953,991997,44
gating,62,11,992940,992984,44
gating,62,12,993927,993971,44
gating,62,13,994914,994958,44
gating,62,14,995901,995945,44
gating,62,15,996888,996932,44
gating,63,0,997875,997919,44
gating,63,1,998862,998906,44
gating,63,2,999849,999893,44
gating,63,3,1000836,1000880,44
gating,63,4,1001823,1001867,44
gating,63,5,1002810,1002854,44
gating,63,6,1003797,1003841,44
gating,63,7,1004784,1004828,44
gating,63,8,1005771,1005815,44
gating,63,9,1006758,1006802,44
gating,63,10,1007745,1007789,44
gating,63,11,1008732,1008776,44
gating,63,12,1009719,1009763,44
gating,63,13,1010706,1010750,44
gating,63,14,1011693,1011737,44
gating,63,15,1012680,1012724,44
output_projection,0,0,3023,3475,452
output_projection,0,1,4010,4462,452
output_projection,0,2,4997,5449,452
output_projection,0,3,5984,6436,452
output_projection,0,4,6971,7423,452
output_projection,0,5,7958,8410,452
output_projection,0,6,8945,9397,452
output_projection,0,7,9932,10384,452
output_projection,0,8,10919,11371,452
output_projection,0,9,11906,12358,452
output_projection,0,10,12893,13345,452
output_projection,0,11,13880,14332,452
output_projection,0,12,14867,15319,452
output_projection,0,13,15854,16306,452
output_projection,0,14,16841,17293,452
output_projection,0,15,17828,18280,452
output_projection,1,0,18815,19267,452
output_projection,1,1,19802,20254,452
output_projection,1,2,20789,21241,452
output_projection,1,3,21776,22228,452
output_projection,1,4,22763,23215,452
output_projection,1,5,23750,24202,452
output_projection,1,6,24737,25189,452
output_projection,1,7,25724,26176,452
output_projection,1,8,26711,27163,452
output_projection,1,9,27698,28150,452
output_projection,1,10,28685,29137,452
output_projection,1,11,29672,30124,452
output_projection,1,12,30659,31111,452
output_projection,1,13,31646,32098,452
output_projection,1,14,32633,33085,452
output_projection,1,15,33620,34072,452
output_projection,2,0,34607,35059,452
output_projection,2,1,35594,36046,452
output_projection,2,2,36581,37033,452
output_projection,2,3,37568,38020,452
output_projection,2,4,38555,39007,452
output_projection,2,5,39542,39994,452
output_projection,2,6,40529,40981,452
output_projection,2,7,41516,41968,452
output_projection,2,8,42503,42955,452
output_projection,2,9,43490,43942,452
output_projection,2,10,44477,44929,452
output_projection,2,11,45464,45916,452
output_projection,2,12,46451,46903,452
output_projection,2,13,47438,47890,452
output_projection,2,14,48425,48877,452
output_projection,2,15,49412,49864,452
output_projection,3,0,50399,50851,452
output_projection,3,1,51386,51838,452
output_projection,3,2,52373,52825,452
output_projection,3,3,53360,53812,452
output_projection,3,4,54347,54799,452
output_projection,3,5,55334,55786,452
output_projection,3,6,56321,56773,452
output_projection,3,7,57308,57760,452
output_projection,3,8,58295,58747,452
output_projection,3,9,59282,59734,452
output_projection,3,10,60269,60721,452
output_projection,3,11,61256,61708,452
output_projection,3,12,62243,62695,452
output_projection,3,13,63230,63682,452
output_projection,3,14,64217,64669,452
output_projection,3,15,65204,65656,452
output_projection,4,0,66191,66643,452
output_projection,4,1,67178,67630,452
output_projection,4,2,68165,68617,452
output_projection,4,3,69152,69604,452
output_projection,4,4,70139,70591,452
output_projection,4,5,71126,71578,452
output_projection,4,6,72113,72565,452
output_projection,4,7,73100,73552,452
output_projection,4,8,74087,74539,452
output_projection,4,9,75074,75526,452
output_projection,4,10,76061,76513,452
output_projection,4,11,77048,77500,452
output_projection,4,12,78035,78487,452
output_projection,4,13,79022,79474,452
output_projection,4,14,80009,80461,452
output_projection,4,15,80996,81448,452
output_projection,5,0,81983,82435,452
output_projection,5,1,82970,83422,452
output_projection,5,2,83957,84409,452
output_projection,5,3,84944,85396,452
output_projection,5,4,85931,86383,452
output_projection,5,5,86918,87370,452
output_projection,5,6,87905,88357,452
output_projection,5,7,88892,89344,452
output_projection,5,8,89879,90331,452
output_projection,5,9,90866,91318,452
output_projection,5,10,91853,92305,452
output_projection,5,11,92840,93292,452
output_projection,5,12,93827,94279,452
output_projection,5,13,94814,95266,452
output_projection,5,14,95801,96253,452
output_projection,5,15,96788,97240,452
output_projection,6,0,97775,98227,452
output_projection,6,1,98762,99214,452
output_projection,6,2,99749,100201,452
output_projection,6,3,100736,101188,452
output_projection,6,4,101723,102175,452
output_projection,6,5,102710,103162,452
output_projection,6,6,103697,104149,452
output_projection,6,7,104684,105136,452
output_projection,6,8,105671,106123,452
output_projection,6,9,106658,107110,452
output_projection,6,10,107645,108097,452
output_projection,6,11,108632,109084,452
output_projection,6,12,109619,110071,452
output_projection,6,13,110606,111058,452
output_projection,6,14,111593,112045,452
output_projection,6,15,112580,113032,452
output_projection,7,0,113567,114019,452
output_projection,7,1,114554,115006,452
output_projection,7,2,115541,115993,452
output_projection,7,3,116528,116980,452
output_projection,7,4,117515,117967,452
output_projection,7,5,118502,118954,452
output_projection,7,6,119489,119941,452
output_projection,7,7,120476,120928,452
output_projection,7,8,121463,121915,452
output_projection,7,9,122450,122902,452
output_projection,7,10,123437,123889,452
output_projection,7,11,124424,124876,452
output_projection,7,12,125411,125863,452
output_projection,7,13,126398,126850,452
output_projection,7,14,127385,127837,452
output_projection,7,15,128372,128824,452
output_projection,8,0,129359,129811,452
output_projection,8,1,130346,130798,452
output_projection,8,2,131333,131785,452
output_projection,8,3,132320,132772,452
output_projection,8,4,133307,133759,452
output_projection,8,5,134294,134746,452
output_projection,8,6,135281,135733,452
output_projection,8,7,136268,136720,452
output_projection,8,8,137255,137707,452
output_projection,8,9,138242,138694,452
output_projection,8,10,139229,139681,452
output_projection,8,11,140216,140668,452
output_projection,8,12,141203,141655,452
output_projection,8,13,142190,142642,452
output_projection,8,14,143177,143629,452
output_projection,8,15,144164,144616,452
output_projection,9,0,145151,145603,452
output_projection,9,1,146138,146590,452
output_projection,9,2,147125,147577,452
output_projection,9,3,148112,148564,452
output_projection,9,4,149099,149551,452
output_projection,9,5,150086,150538,452
output_projection,9,6,151073,151525,452
output_projection,9,7,152060,152512,452
output_projection,9,8,153047,153499,452
output_projection,9,9,154034,154486,452
output_projection,9,10,155021,155473,452
output_projection,9,11,156008,156460,452
output_projection,9,12,156995,157447,452
output_projection,9,13,157982,158434,452
output_projection,9,14,158969,159421,452
output_projection,9,15,159956,160408,452
output_projection,10,0,160943,161395,452
output_projection,10,1,161930,162382,452
output_projection,10,2,162917,163369,452
output_projection,10,3,163904,164356,452
output_projection,10,4,164891,165343,452
output_projection,10,5,165878,166330,452
output_projection,10,6,166865,167317,452
output_projection,10,7,167852,168304,452
output_projection,10,8,168839,169291,452
output_projection,10,9,169826,170278,452
output_projection,10,10,170813,171265,452
output_projection,10,11,171800,172252,452
output_projection,10,12,172787,173239,452
output_projection,10,13,173774,174226,452
output_projection,10,14,174761,175213,452
output_projection,10,15,175748,176200,452
output_projection,11,0,176735,177187,452
output_projection,11,1,177722,178174,452
output_projection,11,2,178709,179161,452
output_projection,11,3,179696,180148,452
output_projection,11,4,180683,181135,452
output_projection,11,5,181670,182122,452
output_projection,11,6,182657,183109,452
output_projection,11,7,183644,184096,452
output_projection,11,8,184631,185083,452
output_projection,11,9,185618,186070,452
output_projection,11,10,186605,187057,452
output_projection,11,11,187592,188044,452
output_projection,11,12,188579,189031,452
output_projection,11,13,189566,190018,452
output_projection,11,14,190553,191005,452
output_projection,11,15,191540,191992,452
output_projection,12,0,192527,192979,452
output_projection,12,1,193514,193966,452
output_projection,12,2,194501,194953,452
output_projection,12,3,195488,195940,452
output_projection,12,4,196475,196927,452
output_projection,12,5,197462,197914,452
output_projection,12,6,198449,198901,452
output_projection,12,7,199436,199888,452
output_projection,12,8,200423,200875,452
output_projection,12,9,201410,201862,452
output_projection,12,10,202397,202849,452
output_projection,12,11,203384,203836,452
output_projection,12,12,204371,204823,452
output_projection,12,13,205358,205810,452
output_projection,12,14,206345,206797,452
output_projection,12,15,207332,207784,452
output_projection,13,0,208319,208771,452
output_projection,13,1,209306,209758,452
output_projection,13,2,210293,210745,452
output_projection,13,3,211280,211732,452
output_projection,13,4,212267,212719,452
output_projection,13,5,213254,213706,452
output_projection,13,6,214241,214693,452
output_projection,13,7,215228,215680,452
output_projection,13,8,216215,216667,452
output_projection,13,9,217202,217654,452
output_projection,13,10,218189,218641,452
output_projection,13,11,219176,219628,452
output_projection,13,12,220163,220615,452
output_projection,13,13,221150,221602,452
output_projection,13,14,222137,222589,452
output_projection,13,15,223124,223576,452
output_projection,14,0,224111,224563,452
output_projection,14,1,225098,225550,452
output_projection,14,2,226085,226537,452
output_projection,14,3,227072,227524,452
output_projection,14,4,228059,228511,452
output_projection,14,5,229046,229498,452
output_projection,14,6,230033,230485,452
output_projection,14,7,231020,231472,452
output_projection,14,8,232007,232459,452
output_projection,14,9,232994,233446,452
output_projection,14,10,233981,234433,452
output_projection,14,11,234968,235420,452
output_projection,14,12,235955,236407,452
output_projection,14,13,236942,237394,452
output_projection,14,14,237929,238381,452
output_projection,14,15,238916,239368,452
output_projection,15,0,239903,240355,452
output_projection,15,1,240890,241342,452
output_projection,15,2,241877,242329,452
output_projection,15,3,242864,243316,452
output_projection,15,4,243851,244303,452
output_projection,15,5,244838,245290,452
output_projection,15,6,245825,246277,452
output_projection,15,7,246812,247264,452
output_projection,15,8,247799,248251,452
output_projection,15,9,248786,249238,452
output_projection,15,10,249773,250225,452
output_projection,15,11,250760,251212,452
output_projection,15,12,251747,252199,452
output_projection,15,13,252734,253186,452
output_projection,15,14,253721,254173,452
output_projection,15,15,254708,255160,452
output_projection,16,0,255695,256147,452
output_projection,16,1,256682,257134,452
output_projection,16,2,257669,258121,452
output_projection,16,3,258656,259108,452
output_projection,16,4,259643,260095,452
output_projection,16,5,260630,261082,452
output_projection,16,6,261617,262069,452
output_projection,16,7,262604,263056,452
output_projection,16,8,263591,264043,452
output_projection,16,9,264578,265030,452
output_projection,16,10,265565,266017,452
output_projection,16,11,266552,267004,452
output_projection,16,12,267539,267991,452
output_projection,16,13,268526,268978,452
output_projection,16,14,269513,269965,452
output_projection,16,15,270500,270952,452
output_projection,17,0,271487,271939,452
output_projection,17,1,272474,272926,452
output_projection,17,2,273461,273913,452
output_projection,17,3,274448,274900,452
output_projection,17,4,275435,275887,452
output_projection,17,5,276422,276874,452
output_projection,17,6,277409,277861,452
output_projection,17,7,278396,278848,452
output_projection,17,8,279383,279835,452
output_projection,17,9,280370,280822,452
output_projection,17,10,281357,281809,452
output_projection,17,11,282344,282796,452
output_projection,17,12,283331,283783,452
output_projection,17,13,284318,284770,452
output_projection,17,14,285305,285757,452
output_projection,17,15,286292,286744,452
output_projection,18,0,287279,287731,452
output_projection,18,1,288266,288718,452
output_projection,18,2,289253,289705,452
output_projection,18,3,290240,290692,452
output_projection,18,4,291227,291679,452
output_projection,18,5,292214,292666,452
output_projection,18,6,293201,293653,452
output_projection,18,7,294188,294640,452
output_projection,18,8,295175,295627,452
output_projection,18,9,296162,296614,452
output_projection,18,10,297149,297601,452
output_projection,18,11,298136,298588,452
output_projection,18,12,299123,299575,452
output_projection,18,13,300110,300562,452
output_projection,18,14,301097,301549,452
output_projection,18,15,302084,302536,452
output_projection,19,0,303071,303523,452
output_projection,19,1,304058,304510,452
output_projection,19,2,305045,305497,452
output_projection,19,3,306032,306484,452
output_projection,19,4,307019,307471,452
output_projection,19,5,308006,308458,452
output_projection,19,6,308993,309445,452
output_projection,19,7,309980,310432,452
output_projection,19,8,310967,311419,452
output_projection,19,9,311954,312406,452
output_projection,19,10,312941,313393,452
output_projection,19,11,313928,314380,452
output_projection,19,12,314915,315367,452
output_projection,19,13,315902,316354,452
output_projection,19,14,316889,317341,452
output_projection,19,15,317876,318328,452
output_projection,20,0,318863,319315,452
output_projection,20,1,319850,320302,452
output_projection,20,2,320837,321289,452
output_projection,20,3,321824,322276,452
output_projection,20,4,322811,323263,452
output_projection,20,5,323798,324250,452
output_projection,20,6,324785,325237,452
output_projection,20,7,325772,326224,452
output_projection,20,8,326759,327211,452
output_projection,20,9,327746,328198,452
output_projection,20,10,328733,329185,452
output_projection,20,11,329720,330172,452
output_projection,20,12,330707,331159,452
output_projection,20,13,331694,332146,452
output_projection,20,14,332681,333133,452
output_projection,20,15,333668,334120,452
output_projection,21,0,334655,335107,452
output_projection,21,1,335642,336094,452
output_projection,21,2,336629,337081,452
output_projection,21,3,337616,338068,452
output_projection,21,4,338603,339055,452
output_projection,21,5,339590,340042,452
output_projection,21,6,340577,341029,452
output_projection,21,7,341564,342016,452
output_projection,21,8,342551,343003,452
output_projection,21,9,343538,343990,452
output_projection,21,10,344525,344977,452
output_projection,21,11,345512,345964,452
output_projection,21,12,346499,346951,452
output_projection,21,13,347486,347938,452
output_projection,21,14,348473,348925,452
output_projection,21,15,349460,349912,452
output_projection,22,0,350447,350899,452
output_projection,22,1,351434,351886,452
output_projection,22,2,352421,352873,452
output_projection,22,3,353408,353860,452
output_projection,22,4,354395,354847,452
output_projection,22,5,355382,355834,452
output_projection,22,6,356369,356821,452
output_projection,22,7,357356,357808,452
output_projection,22,8,358343,358795,452
output_projection,22,9,359330,359782,452
output_projection,22,10,360317,360769,452
output_projection,22,11,361304,361756,452
output_projection,22,12,362291,362743,452
output_projection,22,13,363278,363730,452
output_projection,22,14,364265,364717,452
output_projection,22,15,365252,365704,452
output_projection,23,0,366239,366691,452
output_projection,23,1,367226,367678,452
output_projection,23,2,368213,368665,452
output_projection,23,3,369200,369652,452
output_projection,23,4,370187,370639,452
output_projection,23,5,371174,371626,452
output_projection,23,6,372161,372613,452
output_projection,23,7,373148,373600,452
output_projection,23,8,374135,374587,452
output_projection,23,9,375122,375574,452
output_projection,23,10,376109,376561,452
output_projection,23,11,377096,377548,452
output_projection,23,12,378083,378535,452
output_projection,23,13,379070,379522,452
output_projection,23,14,380057,380509,452
output_projection,23,15,381044,381496,452
output_projection,24,0,382031,382483,452
output_projection,24,1,383018,383470,452
output_projection,24,2,384005,384457,452
output_projection,24,3,384992,385444,452
output_projection,24,4,385979,386431,452
output_projection,24,5,386966,387418,452
output_projection,24,6,387953,388405,452
output_projection,24,7,388940,389392,452
output_projection,24,8,389927,390379,452
output_projection,24,9,390914,391366,452
output_projection,24,10,391901,392353,452
output_projection,24,11,392888,393340,452
output_projection,24,12,393875,394327,452
output_projection,24,13,394862,395314,452
output_projection,24,14,395849,396301,452
output_projection,24,15,396836,397288,452
output_projection,25,0,397823,398275,452
output_projection,25,1,398810,399262,452
output_projection,25,2,399797,400249,452
output_projection,25,3,400784,401236,452
output_projection,25,4,401771,402223,452
output_projection,25,5,402758,403210,452
output_projection,25,6,403745,404197,452
output_projection,25,7,404732,405184,452
output_projection,25,8,405719,406171,452
output_projection,25,9,406706,407158,452
output_projection,25,10,407693,408145,452
output_projection,25,11,408680,409132,452
output_projection,25,12,409667,410119,452
output_projection,25,13,410654,411106,452
output_projection,25,14,411641,412093,452
output_projection,25,15,412628,413080,452
output_projection,26,0,413615,414067,452
output_projection,26,1,414602,415054,452
output_projection,26,2,415589,416041,452
output_projection,26,3,416576,417028,452
output_projection,26,4,417563,418015,452
output_projection,26,5,418550,419002,452
output_projection,26,6,419537,419989,452
output_projection,26,7,420524,420976,452
output_projection,26,8,421511,421963,452
output_projection,26,9,422498,422950,452
output_projection,26,10,423485,423937,452
output_projection,26,11,424472,424924,452
output_projection,26,12,425459,425911,452
output_projection,26,13,426446,426898,452
output_projection,26,14,427433,427885,452
output_projection,26,15,428420,428872,452
output_projection,27,0,429407,429859,452
output_projection,27,1,430394,430846,452
output_projection,27,2,431381,431833,452
output_projection,27,3,432368,432820,452
output_projection,27,4,433355,433807,452
output_projection,27,5,434342,434794,452
output_projection,27,6,435329,435781,452
output_projection,27,7,436316,436768,452
output_projection,27,8,437303,437755,452
output_projection,27,9,438290,438742,452
output_projection,27,10,439277,439729,452
output_projection,27,11,440264,440716,452
output_projection,27,12,441251,441703,452
output_projection,27,13,442238,442690,452
output_projection,27,14,443225,443677,452
output_projection,27,15,444212,444664,452
output_projection,28,0,445199,445651,452
output_projection,28,1,446186,446638,452
output_projection,28,2,447173,447625,452
output_projection,28,3,448160,448612,452
output_projection,28,4,449147,449599,452
output_projection,28,5,450134,450586,452
output_projection,28,6,451121,451573,452
output_projection,28,7,452108,452560,452
output_projection,28,8,453095,453547,452
output_projection,28,9,454082,454534,452
output_projection,28,10,455069,455521,452
output_projection,28,11,456056,456508,452
output_projection,28,12,457043,457495,452
output_projection,28,13,458030,458482,452
output_projection,28,14,459017,459469,452
output_projection,28,15,460004,460456,452
output_projection,29,0,460991,461443,452
output_projection,29,1,461978,462430,452
output_projection,29,2,462965,463417,452
output_projection,29,3,463952,464404,452
output_projection,29,4,464939,465391,452
output_projection,29,5,465926,466378,452
output_projection,29,6,466913,467365,452
output_projection,29,7,467900,468352,452
output_projection,29,8,468887,469339,452
output_projection,29,9,469874,470326,452
output_projection,29,10,470861,471313,452
output_projection,29,11,471848,472300,452
output_projection,29,12,472835,473287,452
output_projection,29,13,473822,474274,452
output_projection,29,14,474809,475261,452
output_projection,29,15,475796,476248,452
output_projection,30,0,476783,477235,452
output_projection,30,1,477770,478222,452
output_projection,30,2,478757,479209,452
output_projection,30,3,479744,480196,452
output_projection,30,4,480731,481183,452
output_projection,30,5,481718,482170,452
output_projection,30,6,482705,483157,452
output_projection,30,7,483692,484144,452
output_projection,30,8,484679,485131,452
output_projection,30,9,485666,486118,452
output_projection,30,10,486653,487105,452
output_projection,30,11,487640,488092,452
output_projection,30,12,488627,489079,452
output_projection,30,13,489614,490066,452
output_projection,30,14,490601,491053,452
output_projection,30,15,491588,492040,452
output_projection,31,0,492575,493027,452
output_projection,31,1,493562,494014,452
output_projection,31,2,494549,495001,452
output_projection,31,3,495536,495988,452
output_projection,31,4,496523,496975,452
output_projection,31,5,497510,497962,452
output_projection,31,6,498497,498949,452
output_projection,31,7,499484,499936,452
output_projection,31,8,500471,500923,452
output_projection,31,9,501458,501910,452
output_projection,31,10,502445,502897,452
output_projection,31,11,503432,503884,452
output_projection,31,12,504419,504871,452
output_projection,31,13,505406,505858,452
output_projection,31,14,506393,506845,452
output_projection,31,15,507380,507832,452
output_projection,32,0,508367,508819,452
output_projection,32,1,509354,509806,452
output_projection,32,2,510341,510793,452
output_projection,32,3,511328,511780,452
output_projection,32,4,512315,512767,452
output_projection,32,5,513302,513754,452
output_projection,32,6,514289,514741,452
output_projection,32,7,515276,515728,452
output_projection,32,8,516263,516715,452
output_projection,32,9,517250,517702,452
output_projection,32,10,518237,518689,452
output_projection,32,11,519224,519676,452
output_projection,32,12,520211,520663,452
output_projection,32,13,521198,521650,452
output_projection,32,14,522185,522637,452
output_projection,32,15,523172,523624,452
output_projection,33,0,524159,524611,452
output_projection,33,1,525146,525598,452
output_projection,33,2,526133,526585,452
output_projection,33,3,527120,527572,452
output_projection,33,4,528107,528559,452
output_projection,33,5,529094,529546,452
output_projection,33,6,530081,530533,452
output_projection,33,7,531068,531520,452
output_projection,33,8,532055,532507,452
output_projection,33,9,533042,533494,452
output_projection,33,10,534029,534481,452
output_projection,33,11,535016,535468,452
output_projection,33,12,536003,536455,452
output_projection,33,13,536990,537442,452
output_projection,33,14,537977,538429,452
output_projection,33,15,538964,539416,452
output_projection,34,0,539951,540403,452
output_projection,34,1,540938,541390,452
output_projection,34,2,541925,542377,452
output_projection,34,3,542912,543364,452
output_projection,34,4,543899,544351,452
output_projection,34,5,544886,545338,452
output_projection,34,6,545873,546325,452
output_projection,34,7,546860,547312,452
output_projection,34,8,547847,548299,452
output_projection,34,9,548834,549286,452
output_projection,34,10,549821,550273,452
output_projection,34,11,550808,551260,452
output_projection,34,12,551795,552247,452
output_projection,34,13,552782,553234,452
output_projection,34,14,553769,554221,452
output_projection,34,15,554756,555208,452
output_projection,35,0,555743,556195,452
output_projection,35,1,556730,557182,452
output_projection,35,2,557717,558169,452
output_projection,35,3,558704,559156,452
output_projection,35,4,559691,560143,452
output_projection,35,5,560678,561130,452
output_projection,35,6,561665,562117,452
output_projection,35,7,562652,563104,452
output_projection,35,8,563639,564091,452
output_projection,35,9,564626,565078,452
output_projection,35,10,565613,566065,452
output_projection,35,11,566600,567052,452
output_projection,35,12,567587,568039,452
output_projection,35,13,568574,569026,452
output_projection,35,14,569561,570013,452
output_projection,35,15,570548,571000,452
output_projection,36,0,571535,571987,452
output_projection,36,1,572522,572974,452
output_projection,36,2,573509,573961,452
output_projection,36,3,574496,574948,452
output_projection,36,4,575483,575935,452
output_projection,36,5,576470,576922,452
output_projection,36,6,577457,577909,452
output_projection,36,7,578444,578896,452
output_projection,36,8,579431,579883,452
output_projection,36,9,580418,580870,452
output_projection,36,10,581405,581857,452
output_projection,36,11,582392,582844,452
output_projection,36,12,583379,583831,452
output_projection,36,13,584366,584818,452
output_projection,36,14,585353,585805,452
output_projection,36,15,586340,586792,452
output_projection,37,0,587327,587779,452
output_projection,37,1,588314,588766,452
output_projection,37,2,589301,589753,452
output_projection,37,3,590288,590740,452
output_projection,37,4,591275,591727,452
output_projection,37,5,592262,592714,452
output_projection,37,6,593249,593701,452
output_projection,37,7,594236,594688,452
output_projection,37,8,595223,595675,452
output_projection,37,9,596210,596662,452
output_projection,37,10,597197,597649,452
output_projection,37,11,598184,598636,452
output_projection,37,12,599171,599623,452
output_projection,37,13,600158,600610,452
output_projection,37,14,601145,601597,452
output_projection,37,15,602132,602584,452
output_projection,38,0,603119,603571,452
output_projection,38,1,604106,604558,452
output_projection,38,2,605093,605545,452
output_projection,38,3,606080,606532,452
output_projection,38,4,607067,607519,452
output_projection,38,5,608054,608506,452
output_projection,38,6,609041,609493,452
output_projection,38,7,610028,610480,452
output_projection,38,8,611015,611467,452
output_projection,38,9,612002,612454,452
output_projection,38,10,612989,613441,452
output_projection,38,11,613976,614428,452
output_projection,38,12,614963,615415,452
output_projection,38,13,615950,616402,452
output_projection,38,14,616937,617389,452
output_projection,38,15,617924,618376,452
output_projection,39,0,618911,619363,452
output_projection,39,1,619898,620350,452
output_projection,39,2,620885,621337,452
output_projection,39,3,621872,622324,452
output_projection,39,4,622859,623311,452
output_projection,39,5,623846,624298,452
output_projection,39,6,624833,625285,452
output_projection,39,7,625820,626272,452
output_projection,39,8,626807,627259,452
output_projection,39,9,627794,628246,452
output_projection,39,10,628781,629233,452
output_projection,39,11,629768,630220,452
output_projection,39,12,630755,631207,452
output_projection,39,13,631742,632194,452
output_projection,39,14,632729,633181,452
output_projection,39,15,633716,634168,452
output_projection,40,0,634703,635155,452
output_projection,40,1,635690,636142,452
output_projection,40,2,636677,637129,452
output_projection,40,3,637664,638116,452
output_projection,40,4,638651,639103,452
output_projection,40,5,639638,640090,452
output_projection,40,6,640625,641077,452
output_projection,40,7,641612,642064,452
output_projection,40,8,642599,643051,452
output_projection,40,9,643586,644038,452
output_projection,40,10,644573,645025,452
output_projection,40,11,645560,646012,452
output_projection,40,12,646547,646999,452
output_projection,40,13,647534,647986,452
output_projection,40,14,648521,648973,452
output_projection,40,15,649508,649960,452
output_projection,41,0,650495,650947,452
output_projection,41,1,651482,651934,452
output_projection,41,2,652469,652921,452
output_projection,41,3,653456,653908,452
output_projection,41,4,654443,654895,452
output_projection,41,5,655430,655882,452
output_projection,41,6,656417,656869,452
output_projection,41,7,657404,657856,452
output_projection,41,8,658391,658843,452
output_projection,41,9,659378,659830,452
output_projection,41,10,660365,660817,452
output_projection,41,11,661352,661804,452
output_projection,41,12,662339,662791,452
output_projection,41,13,663326,663778,452
output_projection,41,14,664313,664765,452
output_projection,41,15,665300,665752,452
output_projection,42,0,666287,666739,452
output_projection,42,1,667274,667726,452
output_projection,42,2,668261,668713,452
output_projection,42,3,669248,669700,452
output_projection,42,4,670235,670687,452
output_projection,42,5,671222,671674,452
output_projection,42,6,672209,672661,452
output_projection,42,7,673196,673648,452
output_projection,42,8,674183,674635,452
output_projection,42,9,675170,675622,452
output_projection,42,10,676157,676609,452
output_projection,42,11,677144,677596,452
output_projection,42,12,678131,678583,452
output_projection,42,13,679118,679570,452
output_projection,42,14,680105,680557,452
output_projection,42,15,681092,681544,452
output_projection,43,0,682079,682531,452
output_projection,43,1,683066,683518,452
output_projection,43,2,684053,684505,452
output_projection,43,3,685040,685492,452
output_projection,43,4,686027,686479,452
output_projection,43,5,687014,687466,452
output_projection,43,6,688001,688453,452
output_projection,43,7,688988,689440,452
output_projection,43,8,689975,690427,452
output_projection,43,9,690962,691414,452
output_projection,43,10,691949,692401,452
output_projection,43,11,692936,693388,452
output_projection,43,12,693923,694375,452
output_projection,43,13,694910,695362,452
output_projection,43,14,695897,696349,452
output_projection,43,15,696884,697336,452
output_projection,44,0,697871,698323,452
output_projection,44,1,698858,699310,452
output_projection,44,2,699845,700297,452
output_projection,44,3,700832,701284,452
output_projection,44,4,701819,702271,452
output_projection,44,5,702806,703258,452
output_projection,44,6,703793,704245,452
output_projection,44,7,704780,705232,452
output_projection,44,8,705767,706219,452
output_projection,44,9,706754,707206,452
output_projection,44,10,707741,708193,452
output_projection,44,11,708728,709180,452
output_projection,44,12,709715,710167,452
output_projection,44,13,710702,711154,452
output_projection,44,14,711689,712141,452
output_projection,44,15,712676,713128,452
output_projection,45,0,713663,714115,452
output_projection,45,1,714650,715102,452
output_projection,45,2,715637,716089,452
output_projection,45,3,716624,717076,452
output_projection,45,4,717611,718063,452
output_projection,45,5,718598,719050,452
output_projection,45,6,719585,720037,452
output_projection,45,7,720572,721024,452
output_projection,45,8,721559,722011,452
output_projection,45,9,722546,722998,452
output_projection,45,10,723533,723985,452
output_projection,45,11,724520,724972,452
output_projection,45,12,725507,725959,452
output_projection,45,13,726494,726946,452
output_projection,45,14,727481,727933,452
output_projection,45,15,728468,728920,452
output_projection,46,0,729455,729907,452
output_projection,46,1,730442,730894,452
output_projection,46,2,731429,731881,452
output_projection,46,3,732416,732868,452
output_projection,46,4,733403,733855,452
output_projection,46,5,734390,734842,452
output_projection,46,6,735377,735829,452
output_projection,46,7,736364,736816,452
output_projection,46,8,737351,737803,452
output_projection,46,9,738338,738790,452
output_projection,46,10,739325,739777,452
output_projection,46,11,740312,740764,452
output_projection,46,12,741299,741751,452
output_projection,46,13,742286,742738,452
output_projection,46,14,743273,743725,452
output_projection,46,15,744260,744712,452
output_projection,47,0,745247,745699,452
output_projection,47,1,746234,746686,452
output_projection,47,2,747221,747673,452
output_projection,47,3,748208,748660,452
output_projection,47,4,749195,749647,452
output_projection,47,5,750182,750634,452
output_projection,47,6,751169,751621,452
output_projection,47,7,752156,752608,452
output_projection,47,8,753143,753595,452
output_projection,47,9,754130,754582,452
output_projection,47,10,755117,755569,452
output_projection,47,11,756104,756556,452
output_projection,47,12,757091,757543,452
output_projection,47,13,758078,758530,452
output_projection,47,14,759065,759517,452
output_projection,47,15,760052,760504,452
output_projection,48,0,761039,761491,452
output_projection,48,1,762026,762478,452
output_projection,48,2,763013,763465,452
output_projection,48,3,764000,764452,452
output_projection,48,4,764987,765439,452
output_projection,48,5,765974,766426,452
output_projection,48,6,766961,767413,452
output_projection,48,7,767948,768400,452
output_projection,48,8,768935,769387,452
output_projection,48,9,769922,770374,452
output_projection,48,10,770909,771361,452
output_projection,48,11,771896,772348,452
output_projection,48,12,772883,773335,452
output_projection,48,13,773870,774322,452
output_projection,48,14,774857,775309,452
output_projection,48,15,775844,776296,452
output_projection,49,0,776831,777283,452
output_projection,49,1,777818,778270,452
output_projection,49,2,778805,779257,452
output_projection,49,3,779792,780244,452
output_projection,49,4,780779,781231,452
output_projection,49,5,781766,782218,452
output_projection,49,6,782753,783205,452
output_projection,49,7,783740,784192,452
output_projection,49,8,784727,785179,452
output_projection,49,9,785714,786166,452
output_projection,49,10,786701,787153,452
output_projection,49,11,787688,788140,452
output_projection,49,12,788675,789127,452
output_projection,49,13,789662,790114,452
output_projection,49,14,790649,791101,452
output_projection,49,15,791636,792088,452
output_projection,50,0,792623,793075,452
output_projection,50,1,793610,794062,452
output_projection,50,2,794597,795049,452
output_projection,50,3,795584,796036,452
output_projection,50,4,796571,797023,452
output_projection,50,5,797558,798010,452
output_projection,50,6,798545,798997,452
output_projection,50,7,799532,799984,452
output_projection,50,8,800519,800971,452
output_projection,50,9,801506,801958,452
output_projection,50,10,802493,802945,452
output_projection,50,11,803480,803932,452
output_projection,50,12,804467,804919,452
output_projection,50,13,805454,805906,452
output_projection,50,14,806441,806893,452
output_projection,50,15,807428,807880,452
output_projection,51,0,808415,808867,452
output_projection,51,1,809402,809854,452
output_projection,51,2,810389,810841,452
output_projection,51,3,811376,811828,452
output_projection,51,4,812363,812815,452
output_projection,51,5,813350,813802,452
output_projection,51,6,814337,814789,452
output_projection,51,7,815324,815776,452
output_projection,51,8,816311,816763,452
output_projection,51,9,817298,817750,452
output_projection,51,10,818285,818737,452
output_projection,51,11,819272,819724,452
output_projection,51,12,820259,820711,452
output_projection,51,13,821246,821698,452
output_projection,51,14,822233,822685,452
output_projection,51,15,823220,823672,452
output_projection,52,0,824207,824659,452
output_projection,52,1,825194,825646,452
output_projection,52,2,826181,826633,452
output_projection,52,3,827168,827620,452
output_projection,52,4,828155,828607,452
output_projection,52,5,829142,829594,452
output_projection,52,6,830129,830581,452
output_projection,52,7,831116,831568,452
output_projection,52,8,832103,832555,452
output_projection,52,9,833090,833542,452
output_projection,52,10,834077,834529,452
output_projection,52,11,835064,835516,452
output_projection,52,12,836051,836503,452
output_projection,52,13,837038,837490,452
output_projection,52,14,838025,838477,452
output_projection,52,15,839012,839464,452
output_projection,53,0,839999,840451,452
output_projection,53,1,840986,841438,452
output_projection,53,2,841973,842425,452
output_projection,53,3,842960,843412,452
output_projection,53,4,843947,844399,452
output_projection,53,5,844934,845386,452
output_projection,53,6,845921,846373,452
output_projection,53,7,846908,847360,452
output_projection,53,8,847895,848347,452
output_projection,53,9,848882,849334,452
output_projection,53,10,849869,850321,452
output_projection,53,11,850856,851308,452
output_projection,53,12,851843,852295,452
output_projection,53,13,852830,853282,452
output_projection,53,14,853817,854269,452
output_projection,53,15,854804,855256,452
output_projection,54,0,855791,856243,452
output_projection,54,1,856778,857230,452
output_projection,54,2,857765,858217,452
output_projection,54,3,858752,859204,452
output_projection,54,4,859739,860191,452
output_projection,54,5,860726,861178,452
output_projection,54,6,861713,862165,452
output_projection,54,7,862700,863152,452
output_projection,54,8,863687,864139,452
output_projection,54,9,864674,865126,452
output_projection,54,10,865661,866113,452
output_projection,54,11,866648,867100,452
output_projection,54,12,867635,868087,452
output_projection,54,13,868622,869074,452
output_projection,54,14,869609,870061,452
output_projection,54,15,870596,871048,452
output_projection,55,0,871583,872035,452
output_projection,55,1,872570,873022,452
output_projection,55,2,873557,874009,452
output_projection,55,3,874544,874996,452
output_projection,55,4,875531,875983,452
output_projection,55,5,876518,876970,452
output_projection,55,6,877505,877957,452
output_projection,55,7,878492,878944,452
output_projection,55,8,879479,879931,452
output_projection,55,9,880466,880918,452
output_projection,55,10,881453,881905,452
output_projection,55,11,882440,882892,452
output_projection,55,12,883427,883879,452
output_projection,55,13,884414,884866,452
output_projection,55,14,885401,885853,452
output_projection,55,15,886388,886840,452
output_projection,56,0,887375,887827,452
output_projection,56,1,888362,888814,452
output_projection,56,2,889349,889801,452
output_projection,56,3,890336,890788,452
output_projection,56,4,891323,891775,452
output_projection,56,5,892310,892762,452
output_projection,56,6,893297,893749,452
output_projection,56,7,894284,894736,452
output_projection,56,8,895271,895723,452
output_projection,56,9,896258,896710,452
output_projection,56,10,897245,897697,452
output_projection,56,11,898232,898684,452
output_projection,56,12,899219,899671,452
output_projection,56,13,900206,900658,452
output_projection,56,14,901193,901645,452
output_projection,56,15,902180,902632,452
output_projection,57,0,903167,903619,452
output_projection,57,1,904154,904606,452
output_projection,57,2,905141,905593,452
output_projection,57,3,906128,906580,452
output_projection,57,4,907115,907567,452
output_projection,57,5,908102,908554,452
output_projection,57,6,909089,909541,452
output_projection,57,7,910076,910528,452
output_projection,57,8,911063,911515,452
output_projection,57,9,912050,912502,452
output_projection,57,10,913037,913489,452
output_projection,57,11,914024,914476,452
output_projection,57,12,915011,915463,452
output_projection,57,13,915998,916450,452
output_projection,57,14,916985,917437,452
output_projection,57,15,917972,918424,452
output_projection,58,0,918959,919411,452
output_projection,58,1,919946,920398,452
output_projection,58,2,920933,921385,452
output_projection,58,3,921920,922372,452
output_projection,58,4,922907,923359,452
output_projection,58,5,923894,924346,452
output_projection,58,6,924881,925333,452
output_projection,58,7,925868,926320,452
output_projection,58,8,926855,927307,452
output_projection,58,9,927842,928294,452
output_projection,58,10,928829,929281,452
output_projection,58,11,929816,930268,452
output_projection,58,12,930803,931255,452
output_projection,58,13,931790,932242,452
output_projection,58,14,932777,933229,452
output_projection,58,15,933764,934216,452
output_projection,59,0,934751,935203,452
output_projection,59,1,935738,936190,452
output_projection,59,2,936725,937177,452
output_projection,59,3,937712,938164,452
output_projection,59,4,938699,939151,452
output_projection,59,5,939686,940138,452
output_projection,59,6,940673,941125,452
output_projection,59,7,941660,942112,452
output_projection,59,8,942647,943099,452
output_projection,59,9,943634,944086,452
output_projection,59,10,944621,945073,452
output_projection,59,11,945608,946060,452
output_projection,59,12,946595,947047,452
output_projection,59,13,947582,948034,452
output_projection,59,14,948569,949021,452
output_projection,59,15,949556,950008,452
output_projection,60,0,950543,950995,452
output_projection,60,1,951530,951982,452
output_projection,60,2,952517,952969,452
output_projection,60,3,953504,953956,452
output_projection,60,4,954491,954943,452
output_projection,60,5,955478,955930,452
output_projection,60,6,956465,956917,452
output_projection,60,7,957452,957904,452
output_projection,60,8,958439,958891,452
output_projection,60,9,959426,959878,452
output_projection,60,10,960413,960865,452
output_projection,60,11,961400,961852,452
output_projection,60,12,962387,962839,452
output_projection,60,13,963374,963826,452
output_projection,60,14,964361,964813,452
output_projection,60,15,965348,965800,452
output_projection,61,0,966335,966787,452
output_projection,61,1,967322,967774,452
output_projection,61,2,968309,968761,452
output_projection,61,3,969296,969748,452
output_projection,61,4,970283,970735,452
output_projection,61,5,971270,971722,452
output_projection,61,6,972257,972709,452
output_projection,61,7,973244,973696,452
output_projection,61,8,974231,974683,452
output_projection,61,9,975218,975670,452
output_projection,61,10,976205,976657,452
output_projection,61,11,977192,977644,452
output_projection,61,12,978179,978631,452
output_projection,61,13,979166,979618,452
output_projection,61,14,980153,980605,452
output_projection,61,15,981140,981592,452
output_projection,62,0,982127,982579,452
output_projection,62,1,983114,983566,452
output_projection,62,2,984101,984553,452
output_projection,62,3,985088,985540,452
output_projection,62,4,986075,986527,452
output_projection,62,5,987062,987514,452
output_projection,62,6,988049,988501,452
output_projection,62,7,989036,989488,452
output_projection,62,8,990023,990475,452
output_projection,62,9,991010,991462,452
output_projection,62,10,991997,992449,452
output_projection,62,11,992984,993436,452
output_projection,62,12,993971,994423,452
output_projection,62,13,994958,995410,452
output_projection,62,14,995945,996397,452
output_projection,62,15,996932,997384,452
output_projection,63,0,997919,998371,452
output_projection,63,1,998906,999358,452
output_projection,63,2,999893,1000345,452
output_projection,63,3,1000880,1001332,452
output_projection,63,4,1001867,1002319,452
output_projection,63,5,1002854,1003306,452
output_projection,63,6,1003841,1004293,452
output_projection,63,7,1004828,1005280,452
output_projection,63,8,1005815,1006267,452
output_projection,63,9,1006802,1007254,452
output_projection,63,10,1007789,1008241,452
output_projection,63,11,1008776,1009228,452
output_projection,63,12,1009763,1010215,452
output_projection,63,13,1010750,1011202,452
output_projection,63,14,1011737,1012189,452
output_projection,63,15,1012724,1013176,452
residual,0,0,3475,3476,1
residual,0,1,4462,4463,1
residual,0,2,5449,5450,1
residual,0,3,6436,6437,1
residual,0,4,7423,7424,1
residual,0,5,8410,8411,1
residual,0,6,9397,9398,1
residual,0,7,10384,10385,1
residual,0,8,11371,11372,1
residual,0,9,12358,12359,1
residual,0,10,13345,13346,1
residual,0,11,14332,14333,1
residual,0,12,15319,15320,1
residual,0,13,16306,16307,1
residual,0,14,17293,17294,1
residual,0,15,18280,18281,1
residual,1,0,19267,19268,1
residual,1,1,20254,20255,1
residual,1,2,21241,21242,1
residual,1,3,22228,22229,1
residual,1,4,23215,23216,1
residual,1,5,24202,24203,1
residual,1,6,25189,25190,1
residual,1,7,26176,26177,1
residual,1,8,27163,27164,1
residual,1,9,28150,28151,1
residual,1,10,29137,29138,1
residual,1,11,30124,30125,1
residual,1,12,31111,31112,1
residual,1,13,32098,32099,1
residual,1,14,33085,33086,1
residual,1,15,34072,34073,1
residual,2,0,35059,35060,1
residual,2,1,36046,36047,1
residual,2,2,37033,37034,1
residual,2,3,38020,38021,1
residual,2,4,39007,39008,1
residual,2,5,39994,39995,1
residual,2,6,40981,40982,1
residual,2,7,41968,41969,1
residual,2,8,42955,42956,1
residual,2,9,43942,43943,1
residual,2,10,44929,44930,1
residual,2,11,45916,45917,1
residual,2,12,46903,46904,1
residual,2,13,47890,47891,1
residual,2,14,48877,48878,1
residual,2,15,49864,49865,1
residual,3,0,50851,50852,1
residual,3,1,51838,51839,1
residual,3,2,52825,52826,1
residual,3,3,53812,53813,1
residual,3,4,54799,54800,1
residual,3,5,55786,55787,1
residual,3,6,56773,56774,1
residual,3,7,57760,57761,1
residual,3,8,58747,58748,1
residual,3,9,59734,59735,1
residual,3,10,60721,60722,1
residual,3,11,61708,61709,1
residual,3,12,62695,62696,1
residual,3,13,63682,63683,1
residual,3,14,64669,64670,1
residual,3,15,65656,65657,1
residual,4,0,66643,66644,1
residual,4,1,67630,67631,1
residual,4,2,68617,68618,1
residual,4,3,69604,69605,1
residual,4,4,70591,70592,1
residual,4,5,71578,71579,1
residual,4,6,72565,72566,1
residual,4,7,73552,73553,1
residual,4,8,74539,74540,1
residual,4,9,75526,75527,1
residual,4,10,76513,76514,1
residual,4,11,77500,77501,1
residual,4,12,78487,78488,1
residual,4,13,79474,79475,1
residual,4,14,80461,80462,1
residual,4,15,81448,81449,1
residual,5,0,82435,82436,1
residual,5,1,83422,83423,1
residual,5,2,84409,84410,1
residual,5,3,85396,85397,1
residual,5,4,86383,86384,1
residual,5,5,87370,87371,1
residual,5,6,88357,88358,1
residual,5,7,89344,89345,1
residual,5,8,90331,90332,1
residual,5,9,91318,91319,1
residual,5,10,92305,92306,1
residual,5,11,93292,93293,1
residual,5,12,94279,94280,1
residual,5,13,95266,95267,1
residual,5,14,96253,96254,1
residual,5,15,97240,97241,1
residual,6,0,98227,98228,1
residual,6,1,99214,99215,1
residual,6,2,100201,100202,1
residual,6,3,101188,101189,1
residual,6,4,102175,102176,1
residual,6,5,103162,103163,1
residual,6,6,104149,104150,1
residual,6,7,105136,105137,1
residual,6,8,106123,106124,1
residual,6,9,107110,107111,1
residual,6,10,108097,108098,1
residual,6,11,109084,109085,1
residual,6,12,110071,110072,1
residual,6,13,111058,111059,1
residual,6,14,112045,112046,1
residual,6,15,113032,113033,1
residual,7,0,114019,114020,1
residual,7,1,115006,115007,1
residual,7,2,115993,115994,1
residual,7,3,116980,116981,1
residual,7,4,117967,117968,1
residual,7,5,118954,118955,1
residual,7,6,119941,119942,1
residual,7,7,120928,120929,1
residual,7,8,121915,121916,1
residual,7,9,122902,122903,1
residual,7,10,123889,123890,1
residual,7,11,124876,124877,1
residual,7,12,125863,125864,1
residual,7,13,126850,126851,1
residual,7,14,127837,127838,1
residual,7,15,128824,128825,1
residual,8,0,129811,129812,1
residual,8,1,130798,130799,1
residual,8,2,131785,131786,1
residual,8,3,132772,132773,1
residual,8,4,133759,133760,1
residual,8,5,134746,134747,1
residual,8,6,135733,135734,1
residual,8,7,136720,136721,1
residual,8,8,137707,137708,1
residual,8,9,138694,138695,1
residual,8,10,139681,139682,1
residual,8,11,140668,140669,1
residual,8,12,141655,141656,1
residual,8,13,142642,142643,1
residual,8,14,143629,143630,1
residual,8,15,144616,144617,1
residual,9,0,145603,145604,1
residual,9,1,146590,146591,1
residual,9,2,147577,147578,1
residual,9,3,148564,148565,1
residual,9,4,149551,149552,1
residual,9,5,150538,150539,1
residual,9,6,151525,151526,1
residual,9,7,152512,152513,1
residual,9,8,153499,153500,1
residual,9,9,154486,154487,1
residual,9,10,155473,155474,1
residual,9,11,156460,156461,1
residual,9,12,157447,157448,1
residual,9,13,158434,158435,1
residual,9,14,159421,159422,1
residual,9,15,160408,160409,1
residual,10,0,161395,161396,1
residual,10,1,162382,162383,1
residual,10,2,163369,163370,1
residual,10,3,164356,164357,1
residual,10,4,165343,165344,1
residual,10,5,166330,166331,1
residual,10,6,167317,167318,1
residual,10,7,168304,168305,1
residual,10,8,169291,169292,1
residual,10,9,170278,170279,1
residual,10,10,171265,171266,1
residual,10,11,172252,172253,1
residual,10,12,173239,173240,1
residual,10,13,174226,174227,1
residual,10,14,175213,175214,1
residual,10,15,176200,176201,1
residual,11,0,177187,177188,1
residual,11,1,178174,178175,1
residual,11,2,179161,179162,1
residual,11,3,180148,180149,1
residual,11,4,181135,181136,1
residual,11,5,182122,182123,1
residual,11,6,183109,183110,1
residual,11,7,184096,184097,1
residual,11,8,185083,185084,1
residual,11,9,186070,186071,1
residual,11,10,187057,187058,1
residual,11,11,188044,188045,1
residual,11,12,189031,189032,1
residual,11,13,190018,190019,1
residual,11,14,191005,191006,1
residual,11,15,191992,191993,1
residual,12,0,192979,192980,1
residual,12,1,193966,193967,1
residual,12,2,194953,194954,1
residual,12,3,195940,195941,1
residual,12,4,196927,196928,1
residual,12,5,197914,197915,1
residual,12,6,198901,198902,1
residual,12,7,199888,199889,1
residual,12,8,200875,200876,1
residual,12,9,201862,201863,1
residual,12,10,202849,202850,1
residual,12,11,203836,203837,1
residual,12,12,204823,204824,1
residual,12,13,205810,205811,1
residual,12,14,206797,206798,1
residual,12,15,207784,207785,1
residual,13,0,208771,208772,1
residual,13,1,209758,209759,1
residual,13,2,210745,210746,1
residual,13,3,211732,211733,1
residual,13,4,212719,212720,1
residual,13,5,213706,213707,1
residual,13,6,214693,214694,1
residual,13,7,215680,215681,1
residual,13,8,216667,216668,1
residual,13,9,217654,217655,1
residual,13,10,218641,218642,1
residual,13,11,219628,219629,1
residual,13,12,220615,220616,1
residual,13,13,221602,221603,1
residual,13,14,222589,222590,1
residual,13,15,223576,223577,1
residual,14,0,224563,224564,1
residual,14,1,225550,225551,1
residual,14,2,226537,226538,1
residual,14,3,227524,227525,1
residual,14,4,228511,228512,1
residual,14,5,229498,229499,1
residual,14,6,230485,230486,1
residual,14,7,231472,231473,1
residual,14,8,232459,232460,1
residual,14,9,233446,233447,1
residual,14,10,234433,234434,1
residual,14,11,235420,235421,1
residual,14,12,236407,236408,1
residual,14,13,237394,237395,1
residual,14,14,238381,238382,1
residual,14,15,239368,239369,1
residual,15,0,240355,240356,1
residual,15,1,241342,241343,1
residual,15,2,242329,242330,1
residual,15,3,243316,243317,1
residual,15,4,244303,244304,1
residual,15,5,245290,245291,1
residual,15,6,246277,246278,1
residual,15,7,247264,247265,1
residual,15,8,248251,248252,1
residual,15,9,249238,249239,1
residual,15,10,250225,250226,1
residual,15,11,251212,251213,1
residual,15,12,252199,252200,1
residual,15,13,253186,253187,1
residual,15,14,254173,254174,1
residual,15,15,255160,255161,1
residual,16,0,256147,256148,1
residual,16,1,257134,257135,1
residual,16,2,258121,258122,1
residual,16,3,259108,259109,1
residual,16,4,260095,260096,1
residual,16,5,261082,261083,1
residual,16,6,262069,262070,1
residual,16,7,263056,263057,1
residual,16,8,264043,264044,1
residual,16,9,265030,265031,1
residual,16,10,266017,266018,1
residual,16,11,267004,267005,1
residual,16,12,267991,267992,1
residual,16,13,268978,268979,1
residual,16,14,269965,269966,1
residual,16,15,270952,270953,1
residual,17,0,271939,271940,1
residual,17,1,272926,272927,1
residual,17,2,273913,273914,1
residual,17,3,274900,274901,1
residual,17,4,275887,275888,1
residual,17,5,276874,276875,1
residual,17,6,277861,277862,1
residual,17,7,278848,278849,1
residual,17,8,279835,279836,1
residual,17,9,280822,280823,1
residual,17,10,281809,281810,1
residual,17,11,282796,282797,1
residual,17,12,283783,283784,1
residual,17,13,284770,284771,1
residual,17,14,285757,285758,1
residual,17,15,286744,286745,1
residual,18,0,287731,287732,1
residual,18,1,288718,288719,1
residual,18,2,289705,289706,1
residual,18,3,290692,290693,1
residual,18,4,291679,291680,1
residual,18,5,292666,292667,1
residual,18,6,293653,293654,1
residual,18,7,294640,294641,1
residual,18,8,295627,295628,1
residual,18,9,296614,296615,1
residual,18,10,297601,297602,1
residual,18,11,298588,298589,1
residual,18,12,299575,299576,1
residual,18,13,300562,300563,1
residual,18,14,301549,301550,1
residual,18,15,302536,302537,1
residual,19,0,303523,303524,1
residual,19,1,304510,304511,1
residual,19,2,305497,305498,1
residual,19,3,306484,306485,1
residual,19,4,307471,307472,1
residual,19,5,308458,308459,1
residual,19,6,309445,309446,1
residual,19,7,310432,310433,1
residual,19,8,311419,311420,1
residual,19,9,312406,312407,1
residual,19,10,313393,313394,1
residual,19,11,314380,314381,1
residual,19,12,315367,315368,1
residual,19,13,316354,316355,1
residual,19,14,317341,317342,1
residual,19,15,318328,318329,1
residual,20,0,319315,319316,1
residual,20,1,320302,320303,1
residual,20,2,321289,321290,1
residual,20,3,322276,322277,1
residual,20,4,323263,323264,1
residual,20,5,324250,324251,1
residual,20,6,325237,325238,1
residual,20,7,326224,326225,1
residual,20,8,327211,327212,1
residual,20,9,328198,328199,1
residual,20,10,329185,329186,1
residual,20,11,330172,330173,1
residual,20,12,331159,331160,1
residual,20,13,332146,332147,1
residual,20,14,333133,333134,1
residual,20,15,334120,334121,1
residual,21,0,335107,335108,1
residual,21,1,336094,336095,1
residual,21,2,337081,337082,1
residual,21,3,338068,338069,1
residual,21,4,339055,339056,1
residual,21,5,340042,340043,1
residual,21,6,341029,341030,1
residual,21,7,342016,342017,1
residual,21,8,343003,343004,1
residual,21,9,343990,343991,1
residual,21,10,344977,344978,1
residual,21,11,345964,345965,1
residual,21,12,346951,346952,1
residual,21,13,347938,347939,1
residual,21,14,348925,348926,1
residual,21,15,349912,349913,1
residual,22,0,350899,350900,1
residual,22,1,351886,351887,1
residual,22,2,352873,352874,1
residual,22,3,353860,353861,1
residual,22,4,354847,354848,1
residual,22,5,355834,355835,1
residual,22,6,356821,356822,1
residual,22,7,357808,357809,1
residual,22,8,358795,358796,1
residual,22,9,359782,359783,1
residual,22,10,360769,360770,1
residual,22,11,361756,361757,1
residual,22,12,362743,362744,1
residual,22,13,363730,363731,1
residual,22,14,364717,364718,1
residual,22,15,365704,365705,1
residual,23,0,366691,366692,1
residual,23,1,367678,367679,1
residual,23,2,368665,368666,1
residual,23,3,369652,369653,1
residual,23,4,370639,370640,1
residual,23,5,371626,371627,1
residual,23,6,372613,372614,1
residual,23,7,373600,373601,1
residual,23,8,374587,374588,1
residual,23,9,375574,375575,1
residual,23,10,376561,376562,1
residual,23,11,377548,377549,1
residual,23,12,378535,378536,1
residual,23,13,379522,379523,1
residual,23,14,380509,380510,1
residual,23,15,381496,381497,1
residual,24,0,382483,382484,1
residual,24,1,383470,383471,1
residual,24,2,384457,384458,1
residual,24,3,385444,385445,1
residual,24,4,386431,386432,1
residual,24,5,387418,387419,1
residual,24,6,388405,388406,1
residual,24,7,389392,389393,1
residual,24,8,390379,390380,1
residual,24,9,391366,391367,1
residual,24,10,392353,392354,1
residual,24,11,393340,393341,1
residual,24,12,394327,394328,1
residual,24,13,395314,395315,1
residual,24,14,396301,396302,1
residual,24,15,397288,397289,1
residual,25,0,398275,398276,1
residual,25,1,399262,399263,1
residual,25,2,400249,400250,1
residual,25,3,401236,401237,1
residual,25,4,402223,402224,1
residual,25,5,403210,403211,1
residual,25,6,404197,404198,1
residual,25,7,405184,405185,1
residual,25,8,406171,406172,1
residual,25,9,407158,407159,1
residual,25,10,408145,408146,1
residual,25,11,409132,409133,1
residual,25,12,410119,410120,1
residual,25,13,411106,411107,1
residual,25,14,412093,412094,1
residual,25,15,413080,413081,1
residual,26,0,414067,414068,1
residual,26,1,415054,415055,1
residual,26,2,416041,416042,1
residual,26,3,417028,417029,1
residual,26,4,418015,418016,1
residual,26,5,419002,419003,1
residual,26,6,419989,419990,1
residual,26,7,420976,420977,1
residual,26,8,421963,421964,1
residual,26,9,422950,422951,1
residual,26,10,423937,423938,1
residual,26,11,424924,424925,1
residual,26,12,425911,425912,1
residual,26,13,426898,426899,1
residual,26,14,427885,427886,1
residual,26,15,428872,428873,1
residual,27,0,429859,429860,1
residual,27,1,430846,430847,1
residual,27,2,431833,431834,1
residual,27,3,432820,432821,1
residual,27,4,433807,433808,1
residual,27,5,434794,434795,1
residual,27,6,435781,435782,1
residual,27,7,436768,436769,1
residual,27,8,437755,437756,1
residual,27,9,438742,438743,1
residual,27,10,439729,439730,1
residual,27,11,440716,440717,1
residual,27,12,441703,441704,1
residual,27,13,442690,442691,1
residual,27,14,443677,443678,1
residual,27,15,444664,444665,1
residual,28,0,445651,445652,1
residual,28,1,446638,446639,1
residual,28,2,447625,447626,1
residual,28,3,448612,448613,1
residual,28,4,449599,449600,1
residual,28,5,450586,450587,1
residual,28,6,451573,451574,1
residual,28,7,452560,452561,1
residual,28,8,453547,453548,1
residual,28,9,454534,454535,1
residual,28,10,455521,455522,1
residual,28,11,456508,456509,1
residual,28,12,457495,457496,1
residual,28,13,458482,458483,1
residual,28,14,459469,459470,1
residual,28,15,460456,460457,1
residual,29,0,461443,461444,1
residual,29,1,462430,462431,1
residual,29,2,463417,463418,1
residual,29,3,464404,464405,1
residual,29,4,465391,465392,1
residual,29,5,466378,466379,1
residual,29,6,467365,467366,1
residual,29,7,468352,468353,1
residual,29,8,469339,469340,1
residual,29,9,470326,470327,1
residual,29,10,471313,471314,1
residual,29,11,472300,472301,1
residual,29,12,473287,473288,1
residual,29,13,474274,474275,1
residual,29,14,475261,475262,1
residual,29,15,476248,476249,1
residual,30,0,477235,477236,1
residual,30,1,478222,478223,1
residual,30,2,479209,479210,1
residual,30,3,480196,480197,1
residual,30,4,481183,481184,1
residual,30,5,482170,482171,1
residual,30,6,483157,483158,1
residual,30,7,484144,484145,1
residual,30,8,485131,485132,1
residual,30,9,486118,486119,1
residual,30,10,487105,487106,1
residual,30,11,488092,488093,1
residual,30,12,489079,489080,1
residual,30,13,490066,490067,1
residual,30,14,491053,491054,1
residual,30,15,492040,492041,1
residual,31,0,493027,493028,1
residual,31,1,494014,494015,1
residual,31,2,495001,495002,1
residual,31,3,495988,495989,1
residual,31,4,496975,496976,1
residual,31,5,497962,497963,1
residual,31,6,498949,498950,1
residual,31,7,499936,499937,1
residual,31,8,500923,500924,1
residual,31,9,501910,501911,1
residual,31,10,502897,502898,1
residual,31,11,503884,503885,1
residual,31,12,504871,504872,1
residual,31,13,505858,505859,1
residual,31,14,506845,506846,1
residual,31,15,507832,507833,1
residual,32,0,508819,508820,1
residual,32,1,509806,509807,1
residual,32,2,510793,510794,1
residual,32,3,511780,511781,1
residual,32,4,512767,512768,1
residual,32,5,513754,513755,1
residual,32,6,514741,514742,1
residual,32,7,515728,515729,1
residual,32,8,516715,516716,1
residual,32,9,517702,517703,1
residual,32,10,518689,518690,1
residual,32,11,519676,519677,1
residual,32,12,520663,520664,1
residual,32,13,521650,521651,1
residual,32,14,522637,522638,1
residual,32,15,523624,523625,1
residual,33,0,524611,524612,1
residual,33,1,525598,525599,1
residual,33,2,526585,526586,1
residual,33,3,527572,527573,1
residual,33,4,528559,528560,1
residual,33,5,529546,529547,1
residual,33,6,530533,530534,1
residual,33,7,531520,531521,1
residual,33,8,532507,532508,1
residual,33,9,533494,533495,1
residual,33,10,534481,534482,1
residual,33,11,535468,535469,1
residual,33,12,536455,536456,1
residual,33,13,537442,537443,1
residual,33,14,538429,538430,1
residual,33,15,539416,539417,1
residual,34,0,540403,540404,1
residual,34,1,541390,541391,1
residual,34,2,542377,542378,1
residual,34,3,543364,543365,1
residual,34,4,544351,544352,1
residual,34,5,545338,545339,1
residual,34,6,546325,546326,1
residual,34,7,547312,547313,1
residual,34,8,548299,548300,1
residual,34,9,549286,549287,1
residual,34,10,550273,550274,1
residual,34,11,551260,551261,1
residual,34,12,552247,552248,1
residual,34,13,553234,553235,1
residual,34,14,554221,554222,1
residual,34,15,555208,555209,1
residual,35,0,556195,556196,1
residual,35,1,557182,557183,1
residual,35,2,558169,558170,1
residual,35,3,559156,559157,1
residual,35,4,560143,560144,1
residual,35,5,561130,561131,1
residual,35,6,562117,562118,1
residual,35,7,563104,563105,1
residual,35,8,564091,564092,1
residual,35,9,565078,565079,1
residual,35,10,566065,566066,1
residual,35,11,567052,567053,1
residual,35,12,568039,568040,1
residual,35,13,569026,569027,1
residual,35,14,570013,570014,1
residual,35,15,571000,571001,1
residual,36,0,571987,571988,1
residual,36,1,572974,572975,1
residual,36,2,573961,573962,1
residual,36,3,574948,574949,1
residual,36,4,575935,575936,1
residual,36,5,576922,576923,1
residual,36,6,577909,577910,1
residual,36,7,578896,578897,1
residual,36,8,579883,579884,1
residual,36,9,580870,580871,1
residual,36,10,581857,581858,1
residual,36,11,582844,582845,1
residual,36,12,583831,583832,1
residual,36,13,584818,584819,1
residual,36,14,585805,585806,1
residual,36,15,586792,586793,1
residual,37,0,587779,587780,1
residual,37,1,588766,588767,1
residual,37,2,589753,589754,1
residual,37,3,590740,590741,1
residual,37,4,591727,591728,1
residual,37,5,592714,592715,1
residual,37,6,593701,593702,1
residual,37,7,594688,594689,1
residual,37,8,595675,595676,1
residual,37,9,596662,596663,1
residual,37,10,597649,597650,1
residual,37,11,598636,598637,1
residual,37,12,599623,599624,1
residual,37,13,600610,600611,1
residual,37,14,601597,601598,1
residual,37,15,602584,602585,1
residual,38,0,603571,603572,1
residual,38,1,604558,604559,1
residual,38,2,605545,605546,1
residual,38,3,606532,606533,1
residual,38,4,607519,607520,1
residual,38,5,608506,608507,1
residual,38,6,609493,609494,1
residual,38,7,610480,610481,1
residual,38,8,611467,611468,1
residual,38,9,612454,612455,1
residual,38,10,613441,613442,1
residual,38,11,614428,614429,1
residual,38,12,615415,615416,1
residual,38,13,616402,616403,1
residual,38,14,617389,617390,1
residual,38,15,618376,618377,1
residual,39,0,619363,619364,1
residual,39,1,620350,620351,1
residual,39,2,621337,621338,1
residual,39,3,622324,622325,1
residual,39,4,623311,623312,1
residual,39,5,624298,624299,1
residual,39,6,625285,625286,1
residual,39,7,626272,626273,1
residual,39,8,627259,627260,1
residual,39,9,628246,628247,1
residual,39,10,629233,629234,1
residual,39,11,630220,630221,1
residual,39,12,631207,631208,1
residual,39,13,632194,632195,1
residual,39,14,633181,633182,1
residual,39,15,634168,634169,1
residual,40,0,635155,635156,1
residual,40,1,636142,636143,1
residual,40,2,637129,637130,1
residual,40,3,638116,638117,1
residual,40,4,639103,639104,1
residual,40,5,640090,640091,1
residual,40,6,641077,641078,1
residual,40,7,642064,642065,1
residual,40,8,643051,643052,1
residual,40,9,644038,644039,1
residual,40,10,645025,645026,1
residual,40,11,646012,646013,1
residual,40,12,646999,647000,1
residual,40,13,647986,647987,1
residual,40,14,648973,648974,1
residual,40,15,649960,649961,1
residual,41,0,650947,650948,1
residual,41,1,651934,651935,1
residual,41,2,652921,652922,1
residual,41,3,653908,653909,1
residual,41,4,654895,654896,1
residual,41,5,655882,655883,1
residual,41,6,656869,656870,1
residual,41,7,657856,657857,1
residual,41,8,658843,658844,1
residual,41,9,659830,659831,1
residual,41,10,660817,660818,1
residual,41,11,661804,661805,1
residual,41,12,662791,662792,1
residual,41,13,663778,663779,1
residual,41,14,664765,664766,1
residual,41,15,665752,665753,1
residual,42,0,666739,666740,1
residual,42,1,667726,667727,1
residual,42,2,668713,668714,1
residual,42,3,669700,669701,1
residual,42,4,670687,670688,1
residual,42,5,671674,671675,1
residual,42,6,672661,672662,1
residual,42,7,673648,673649,1
residual,42,8,674635,674636,1
residual,42,9,675622,675623,1
residual,42,10,676609,676610,1
residual,42,11,677596,677597,1
residual,42,12,678583,678584,1
residual,42,13,679570,679571,1
residual,42,14,680557,680558,1
residual,42,15,681544,681545,1
residual,43,0,682531,682532,1
residual,43,1,683518,683519,1
residual,43,2,684505,684506,1
residual,43,3,685492,685493,1
residual,43,4,686479,686480,1
residual,43,5,687466,687467,1
residual,43,6,688453,688454,1
residual,43,7,689440,689441,1
residual,43,8,690427,690428,1
residual,43,9,691414,691415,1
residual,43,10,692401,692402,1
residual,43,11,693388,693389,1
residual,43,12,694375,694376,1
residual,43,13,695362,695363,1
residual,43,14,696349,696350,1
residual,43,15,697336,697337,1
residual,44,0,698323,698324,1
residual,44,1,699310,699311,1
residual,44,2,700297,700298,1
residual,44,3,701284,701285,1
residual,44,4,702271,702272,1
residual,44,5,703258,703259,1
residual,44,6,704245,704246,1
residual,44,7,705232,705233,1
residual,44,8,706219,706220,1
residual,44,9,707206,707207,1
residual,44,10,708193,708194,1
residual,44,11,709180,709181,1
residual,44,12,710167,710168,1
residual,44,13,711154,711155,1
residual,44,14,712141,712142,1
residual,44,15,713128,713129,1
residual,45,0,714115,714116,1
residual,45,1,715102,715103,1
residual,45,2,716089,716090,1
residual,45,3,717076,717077,1
residual,45,4,718063,718064,1
residual,45,5,719050,719051,1
residual,45,6,720037,720038,1
residual,45,7,721024,721025,1
residual,45,8,722011,722012,1
residual,45,9,722998,722999,1
residual,45,10,723985,723986,1
residual,45,11,724972,724973,1
residual,45,12,725959,725960,1
residual,45,13,726946,726947,1
residual,45,14,727933,727934,1
residual,45,15,728920,728921,1
residual,46,0,729907,729908,1
residual,46,1,730894,730895,1
residual,46,2,731881,731882,1
residual,46,3,732868,732869,1
residual,46,4,733855,733856,1
residual,46,5,734842,734843,1
residual,46,6,735829,735830,1
residual,46,7,736816,736817,1
residual,46,8,737803,737804,1
residual,46,9,738790,738791,1
residual,46,10,739777,739778,1
residual,46,11,740764,740765,1
residual,46,12,741751,741752,1
residual,46,13,742738,742739,1
residual,46,14,743725,743726,1
residual,46,15,744712,744713,1
residual,47,0,745699,745700,1
residual,47,1,746686,746687,1
residual,47,2,747673,747674,1
residual,47,3,748660,748661,1
residual,47,4,749647,749648,1
residual,47,5,750634,750635,1
residual,47,6,751621,751622,1
residual,47,7,752608,752609,1
residual,47,8,753595,753596,1
residual,47,9,754582,754583,1
residual,47,10,755569,755570,1
residual,47,11,756556,756557,1
residual,47,12,757543,757544,1
residual,47,13,758530,758531,1
residual,47,14,759517,759518,1
residual,47,15,760504,760505,1
residual,48,0,761491,761492,1
residual,48,1,762478,762479,1
residual,48,2,763465,763466,1
residual,48,3,764452,764453,1
residual,48,4,765439,765440,1
residual,48,5,766426,766427,1
residual,48,6,767413,767414,1
residual,48,7,768400,768401,1
residual,48,8,769387,769388,1
residual,48,9,770374,770375,1
residual,48,10,771361,771362,1
residual,48,11,772348,772349,1
residual,48,12,773335,773336,1
residual,48,13,774322,774323,1
residual,48,14,775309,775310,1
residual,48,15,776296,776297,1
residual,49,0,777283,777284,1
residual,49,1,778270,778271,1
residual,49,2,779257,779258,1
residual,49,3,780244,780245,1
residual,49,4,781231,781232,1
residual,49,5,782218,782219,1
residual,49,6,783205,783206,1
residual,49,7,784192,784193,1
residual,49,8,785179,785180,1
residual,49,9,786166,786167,1
residual,49,10,787153,787154,1
residual,49,11,788140,788141,1
residual,49,12,789127,789128,1
residual,49,13,790114,790115,1
residual,49,14,791101,791102,1
residual,49,15,792088,792089,1
residual,50,0,793075,793076,1
residual,50,1,794062,794063,1
residual,50,2,795049,795050,1
residual,50,3,796036,796037,1
residual,50,4,797023,797024,1
residual,50,5,798010,798011,1
residual,50,6,798997,798998,1
residual,50,7,799984,799985,1
residual,50,8,800971,800972,1
residual,50,9,801958,801959,1
residual,50,10,802945,802946,1
residual,50,11,803932,803933,1
residual,50,12,804919,804920,1
residual,50,13,805906,805907,1
residual,50,14,806893,806894,1
residual,50,15,807880,807881,1
residual,51,0,808867,808868,1
residual,51,1,809854,809855,1
residual,51,2,810841,810842,1
residual,51,3,811828,811829,1
residual,51,4,812815,812816,1
residual,51,5,813802,813803,1
residual,51,6,814789,814790,1
residual,51,7,815776,815777,1
residual,51,8,816763,816764,1
residual,51,9,817750,817751,1
residual,51,10,818737,818738,1
residual,51,11,819724,819725,1
residual,51,12,820711,820712,1
residual,51,13,821698,821699,1
residual,51,14,822685,822686,1
residual,51,15,823672,823673,1
residual,52,0,824659,824660,1
residual,52,1,825646,825647,1
residual,52,2,826633,826634,1
residual,52,3,827620,827621,1
residual,52,4,828607,828608,1
residual,52,5,829594,829595,1
residual,52,6,830581,830582,1
residual,52,7,831568,831569,1
residual,52,8,832555,832556,1
residual,52,9,833542,833543,1
residual,52,10,834529,834530,1
residual,52,11,835516,835517,1
residual,52,12,836503,836504,1
residual,52,13,837490,837491,1
residual,52,14,838477,838478,1
residual,52,15,839464,839465,1
residual,53,0,840451,840452,1
residual,53,1,841438,841439,1
residual,53,2,842425,842426,1
residual,53,3,843412,843413,1
residual,53,4,844399,844400,1
residual,53,5,845386,845387,1
residual,53,6,846373,846374,1
residual,53,7,847360,847361,1
residual,53,8,848347,848348,1
residual,53,9,849334,849335,1
residual,53,10,850321,850322,1
residual,53,11,851308,851309,1
residual,53,12,852295,852296,1
residual,53,13,853282,853283,1
residual,53,14,854269,854270,1
residual,53,15,855256,855257,1
residual,54,0,856243,856244,1
residual,54,1,857230,857231,1
residual,54,2,858217,858218,1
residual,54,3,859204,859205,1
residual,54,4,860191,860192,1
residual,54,5,861178,861179,1
residual,54,6,862165,862166,1
residual,54,7,863152,863153,1
residual,54,8,864139,864140,1
residual,54,9,865126,865127,1
residual,54,10,866113,866114,1
residual,54,11,867100,867101,1
residual,54,12,868087,868088,1
residual,54,13,869074,869075,1
residual,54,14,870061,870062,1
residual,54,15,871048,871049,1
residual,55,0,872035,872036,1
residual,55,1,873022,873023,1
residual,55,2,874009,874010,1
residual,55,3,874996,874997,1
residual,55,4,875983,875984,1
residual,55,5,876970,876971,1
residual,55,6,877957,877958,1
residual,55,7,878944,878945,1
residual,55,8,879931,879932,1
residual,55,9,880918,880919,1
residual,55,10,881905,881906,1
residual,55,11,882892,882893,1
residual,55,12,883879,883880,1
residual,55,13,884866,884867,1
residual,55,14,885853,885854,1
residual,55,15,886840,886841,1
residual,56,0,887827,887828,1
residual,56,1,888814,888815,1
residual,56,2,889801,889802,1
residual,56,3,890788,890789,1
residual,56,4,891775,891776,1
residual,56,5,892762,892763,1
residual,56,6,893749,893750,1
residual,56,7,894736,894737,1
residual,56,8,895723,895724,1
residual,56,9,896710,896711,1
residual,56,10,897697,897698,1
residual,56,11,898684,898685,1
residual,56,12,899671,899672,1
residual,56,13,900658,900659,1
residual,56,14,901645,901646,1
residual,56,15,902632,902633,1
residual,57,0,903619,903620,1
residual,57,1,904606,904607,1
residual,57,2,905593,905594,1
residual,57,3,906580,906581,1
residual,57,4,907567,907568,1
residual,57,5,908554,908555,1
residual,57,6,909541,909542,1
residual,57,7,910528,910529,1
residual,57,8,911515,911516,1
residual,57,9,912502,912503,1
residual,57,10,913489,913490,1
residual,57,11,914476,914477,1
residual,57,12,915463,915464,1
residual,57,13,916450,916451,1
residual,57,14,917437,917438,1
residual,57,15,918424,918425,1
residual,58,0,919411,919412,1
residual,58,1,920398,920399,1
residual,58,2,921385,921386,1
residual,58,3,922372,922373,1
residual,58,4,923359,923360,1
residual,58,5,924346,924347,1
residual,58,6,925333,925334,1
residual,58,7,926320,926321,1
residual,58,8,927307,927308,1
residual,58,9,928294,928295,1
residual,58,10,929281,929282,1
residual,58,11,930268,930269,1
residual,58,12,931255,931256,1
residual,58,13,932242,932243,1
residual,58,14,933229,933230,1
residual,58,15,934216,934217,1
residual,59,0,935203,935204,1
residual,59,1,936190,936191,1
residual,59,2,937177,937178,1
residual,59,3,938164,938165,1
residual,59,4,939151,939152,1
residual,59,5,940138,940139,1
residual,59,6,941125,941126,1
residual,59,7,942112,942113,1
residual,59,8,943099,943100,1
residual,59,9,944086,944087,1
residual,59,10,945073,945074,1
residual,59,11,946060,946061,1
residual,59,12,947047,947048,1
residual,59,13,948034,948035,1
residual,59,14,949021,949022,1
residual,59,15,950008,950009,1
residual,60,0,950995,950996,1
residual,60,1,951982,951983,1
residual,60,2,952969,952970,1
residual,60,3,953956,953957,1
residual,60,4,954943,954944,1
residual,60,5,955930,955931,1
residual,60,6,956917,956918,1
residual,60,7,957904,957905,1
residual,60,8,958891,958892,1
residual,60,9,959878,959879,1
residual,60,10,960865,960866,1
residual,60,11,961852,961853,1
residual,60,12,962839,962840,1
residual,60,13,963826,963827,1
residual,60,14,964813,964814,1
residual,60,15,965800,965801,1
residual,61,0,966787,966788,1
residual,61,1,967774,967775,1
residual,61,2,968761,968762,1
residual,61,3,969748,969749,1
residual,61,4,970735,970736,1
residual,61,5,971722,971723,1
residual,61,6,972709,972710,1
residual,61,7,973696,973697,1
residual,61,8,974683,974684,1
residual,61,9,975670,975671,1
residual,61,10,976657,976658,1
residual,61,11,977644,977645,1
residual,61,12,978631,978632,1
residual,61,13,979618,979619,1
residual,61,14,980605,980606,1
residual,61,15,981592,981593,1
residual,62,0,982579,982580,1
residual,62,1,983566,983567,1
residual,62,2,984553,984554,1
residual,62,3,985540,985541,1
residual,62,4,986527,986528,1
residual,62,5,987514,987515,1
residual,62,6,988501,988502,1
residual,62,7,989488,989489,1
residual,62,8,990475,990476,1
residual,62,9,991462,991463,1
residual,62,10,992449,992450,1
residual,62,11,993436,993437,1
residual,62,12,994423,994424,1
residual,62,13,995410,995411,1
residual,62,14,996397,996398,1
residual,62,15,997384,997385,1
residual,63,0,998371,998372,1
residual,63,1,999358,999359,1
residual,63,2,1000345,1000346,1
residual,63,3,1001332,1001333,1
residual,63,4,1002319,1002320,1
residual,63,5,1003306,1003307,1
residual,63,6,1004293,1004294,1
residual,63,7,1005280,1005281,1
residual,63,8,1006267,1006268,1
residual,63,9,1007254,1007255,1
residual,63,10,1008241,1008242,1
residual,63,11,1009228,1009229,1
residual,63,12,1010215,1010216,1
residual,63,13,1011202,1011203,1
residual,63,14,1012189,1012190,1
residual,63,15,1013176,1013177,1
block_output_wait,0,0,3476,3477,1
block_output_wait,0,1,4463,4464,1
block_output_wait,0,2,5450,5451,1
block_output_wait,0,3,6437,6438,1
block_output_wait,0,4,7424,7425,1
block_output_wait,0,5,8411,8412,1
block_output_wait,0,6,9398,9399,1
block_output_wait,0,7,10385,10386,1
block_output_wait,0,8,11372,11373,1
block_output_wait,0,9,12359,12360,1
block_output_wait,0,10,13346,13347,1
block_output_wait,0,11,14333,14334,1
block_output_wait,0,12,15320,15321,1
block_output_wait,0,13,16307,16308,1
block_output_wait,0,14,17294,17295,1
block_output_wait,0,15,18281,18282,1
block_output_wait,1,0,19268,19269,1
block_output_wait,1,1,20255,20256,1
block_output_wait,1,2,21242,21243,1
block_output_wait,1,3,22229,22230,1
block_output_wait,1,4,23216,23217,1
block_output_wait,1,5,24203,24204,1
block_output_wait,1,6,25190,25191,1
block_output_wait,1,7,26177,26178,1
block_output_wait,1,8,27164,27165,1
block_output_wait,1,9,28151,28152,1
block_output_wait,1,10,29138,29139,1
block_output_wait,1,11,30125,30126,1
block_output_wait,1,12,31112,31113,1
block_output_wait,1,13,32099,32100,1
block_output_wait,1,14,33086,33087,1
block_output_wait,1,15,34073,34074,1
block_output_wait,2,0,35060,35061,1
block_output_wait,2,1,36047,36048,1
block_output_wait,2,2,37034,37035,1
block_output_wait,2,3,38021,38022,1
block_output_wait,2,4,39008,39009,1
block_output_wait,2,5,39995,39996,1
block_output_wait,2,6,40982,40983,1
block_output_wait,2,7,41969,41970,1
block_output_wait,2,8,42956,42957,1
block_output_wait,2,9,43943,43944,1
block_output_wait,2,10,44930,44931,1
block_output_wait,2,11,45917,45918,1
block_output_wait,2,12,46904,46905,1
block_output_wait,2,13,47891,47892,1
block_output_wait,2,14,48878,48879,1
block_output_wait,2,15,49865,49866,1
block_output_wait,3,0,50852,50853,1
block_output_wait,3,1,51839,51840,1
block_output_wait,3,2,52826,52827,1
block_output_wait,3,3,53813,53814,1
block_output_wait,3,4,54800,54801,1
block_output_wait,3,5,55787,55788,1
block_output_wait,3,6,56774,56775,1
block_output_wait,3,7,57761,57762,1
block_output_wait,3,8,58748,58749,1
block_output_wait,3,9,59735,59736,1
block_output_wait,3,10,60722,60723,1
block_output_wait,3,11,61709,61710,1
block_output_wait,3,12,62696,62697,1
block_output_wait,3,13,63683,63684,1
block_output_wait,3,14,64670,64671,1
block_output_wait,3,15,65657,65658,1
block_output_wait,4,0,66644,66645,1
block_output_wait,4,1,67631,67632,1
block_output_wait,4,2,68618,68619,1
block_output_wait,4,3,69605,69606,1
block_output_wait,4,4,70592,70593,1
block_output_wait,4,5,71579,71580,1
block_output_wait,4,6,72566,72567,1
block_output_wait,4,7,73553,73554,1
block_output_wait,4,8,74540,74541,1
block_output_wait,4,9,75527,75528,1
block_output_wait,4,10,76514,76515,1
block_output_wait,4,11,77501,77502,1
block_output_wait,4,12,78488,78489,1
block_output_wait,4,13,79475,79476,1
block_output_wait,4,14,80462,80463,1
block_output_wait,4,15,81449,81450,1
block_output_wait,5,0,82436,82437,1
block_output_wait,5,1,83423,83424,1
block_output_wait,5,2,84410,84411,1
block_output_wait,5,3,85397,85398,1
block_output_wait,5,4,86384,86385,1
block_output_wait,5,5,87371,87372,1
block_output_wait,5,6,88358,88359,1
block_output_wait,5,7,89345,89346,1
block_output_wait,5,8,90332,90333,1
block_output_wait,5,9,91319,91320,1
block_output_wait,5,10,92306,92307,1
block_output_wait,5,11,93293,93294,1
block_output_wait,5,12,94280,94281,1
block_output_wait,5,13,95267,95268,1
block_output_wait,5,14,96254,96255,1
block_output_wait,5,15,97241,97242,1
block_output_wait,6,0,98228,98229,1
block_output_wait,6,1,99215,99216,1
block_output_wait,6,2,100202,100203,1
block_output_wait,6,3,101189,101190,1
block_output_wait,6,4,102176,102177,1
block_output_wait,6,5,103163,103164,1
block_output_wait,6,6,104150,104151,1
block_output_wait,6,7,105137,105138,1
block_output_wait,6,8,106124,106125,1
block_output_wait,6,9,107111,107112,1
block_output_wait,6,10,108098,108099,1
block_output_wait,6,11,109085,109086,1
block_output_wait,6,12,110072,110073,1
block_output_wait,6,13,111059,111060,1
block_output_wait,6,14,112046,112047,1
block_output_wait,6,15,113033,113034,1
block_output_wait,7,0,114020,114021,1
block_output_wait,7,1,115007,115008,1
block_output_wait,7,2,115994,115995,1
block_output_wait,7,3,116981,116982,1
block_output_wait,7,4,117968,117969,1
block_output_wait,7,5,118955,118956,1
block_output_wait,7,6,119942,119943,1
block_output_wait,7,7,120929,120930,1
block_output_wait,7,8,121916,121917,1
block_output_wait,7,9,122903,122904,1
block_output_wait,7,10,123890,123891,1
block_output_wait,7,11,124877,124878,1
block_output_wait,7,12,125864,125865,1
block_output_wait,7,13,126851,126852,1
block_output_wait,7,14,127838,127839,1
block_output_wait,7,15,128825,128826,1
block_output_wait,8,0,129812,129813,1
block_output_wait,8,1,130799,130800,1
block_output_wait,8,2,131786,131787,1
block_output_wait,8,3,132773,132774,1
block_output_wait,8,4,133760,133761,1
block_output_wait,8,5,134747,134748,1
block_output_wait,8,6,135734,135735,1
block_output_wait,8,7,136721,136722,1
block_output_wait,8,8,137708,137709,1
block_output_wait,8,9,138695,138696,1
block_output_wait,8,10,139682,139683,1
block_output_wait,8,11,140669,140670,1
block_output_wait,8,12,141656,141657,1
block_output_wait,8,13,142643,142644,1
block_output_wait,8,14,143630,143631,1
block_output_wait,8,15,144617,144618,1
block_output_wait,9,0,145604,145605,1
block_output_wait,9,1,146591,146592,1
block_output_wait,9,2,147578,147579,1
block_output_wait,9,3,148565,148566,1
block_output_wait,9,4,149552,149553,1
block_output_wait,9,5,150539,150540,1
block_output_wait,9,6,151526,151527,1
block_output_wait,9,7,152513,152514,1
block_output_wait,9,8,153500,153501,1
block_output_wait,9,9,154487,154488,1
block_output_wait,9,10,155474,155475,1
block_output_wait,9,11,156461,156462,1
block_output_wait,9,12,157448,157449,1
block_output_wait,9,13,158435,158436,1
block_output_wait,9,14,159422,159423,1
block_output_wait,9,15,160409,160410,1
block_output_wait,10,0,161396,161397,1
block_output_wait,10,1,162383,162384,1
block_output_wait,10,2,163370,163371,1
block_output_wait,10,3,164357,164358,1
block_output_wait,10,4,165344,165345,1
block_output_wait,10,5,166331,166332,1
block_output_wait,10,6,167318,167319,1
block_output_wait,10,7,168305,168306,1
block_output_wait,10,8,169292,169293,1
block_output_wait,10,9,170279,170280,1
block_output_wait,10,10,171266,171267,1
block_output_wait,10,11,172253,172254,1
block_output_wait,10,12,173240,173241,1
block_output_wait,10,13,174227,174228,1
block_output_wait,10,14,175214,175215,1
block_output_wait,10,15,176201,176202,1
block_output_wait,11,0,177188,177189,1
block_output_wait,11,1,178175,178176,1
block_output_wait,11,2,179162,179163,1
block_output_wait,11,3,180149,180150,1
block_output_wait,11,4,181136,181137,1
block_output_wait,11,5,182123,182124,1
block_output_wait,11,6,183110,183111,1
block_output_wait,11,7,184097,184098,1
block_output_wait,11,8,185084,185085,1
block_output_wait,11,9,186071,186072,1
block_output_wait,11,10,187058,187059,1
block_output_wait,11,11,188045,188046,1
block_output_wait,11,12,189032,189033,1
block_output_wait,11,13,190019,190020,1
block_output_wait,11,14,191006,191007,1
block_output_wait,11,15,191993,191994,1
block_output_wait,12,0,192980,192981,1
block_output_wait,12,1,193967,193968,1
block_output_wait,12,2,194954,194955,1
block_output_wait,12,3,195941,195942,1
block_output_wait,12,4,196928,196929,1
block_output_wait,12,5,197915,197916,1
block_output_wait,12,6,198902,198903,1
block_output_wait,12,7,199889,199890,1
block_output_wait,12,8,200876,200877,1
block_output_wait,12,9,201863,201864,1
block_output_wait,12,10,202850,202851,1
block_output_wait,12,11,203837,203838,1
block_output_wait,12,12,204824,204825,1
block_output_wait,12,13,205811,205812,1
block_output_wait,12,14,206798,206799,1
block_output_wait,12,15,207785,207786,1
block_output_wait,13,0,208772,208773,1
block_output_wait,13,1,209759,209760,1
block_output_wait,13,2,210746,210747,1
block_output_wait,13,3,211733,211734,1
block_output_wait,13,4,212720,212721,1
block_output_wait,13,5,213707,213708,1
block_output_wait,13,6,214694,214695,1
block_output_wait,13,7,215681,215682,1
block_output_wait,13,8,216668,216669,1
block_output_wait,13,9,217655,217656,1
block_output_wait,13,10,218642,218643,1
block_output_wait,13,11,219629,219630,1
block_output_wait,13,12,220616,220617,1
block_output_wait,13,13,221603,221604,1
block_output_wait,13,14,222590,222591,1
block_output_wait,13,15,223577,223578,1
block_output_wait,14,0,224564,224565,1
block_output_wait,14,1,225551,225552,1
block_output_wait,14,2,226538,226539,1
block_output_wait,14,3,227525,227526,1
block_output_wait,14,4,228512,228513,1
block_output_wait,14,5,229499,229500,1
block_output_wait,14,6,230486,230487,1
block_output_wait,14,7,231473,231474,1
block_output_wait,14,8,232460,232461,1
block_output_wait,14,9,233447,233448,1
block_output_wait,14,10,234434,234435,1
block_output_wait,14,11,235421,235422,1
block_output_wait,14,12,236408,236409,1
block_output_wait,14,13,237395,237396,1
block_output_wait,14,14,238382,238383,1
block_output_wait,14,15,239369,239370,1
block_output_wait,15,0,240356,240357,1
block_output_wait,15,1,241343,241344,1
block_output_wait,15,2,242330,242331,1
block_output_wait,15,3,243317,243318,1
block_output_wait,15,4,244304,244305,1
block_output_wait,15,5,245291,245292,1
block_output_wait,15,6,246278,246279,1
block_output_wait,15,7,247265,247266,1
block_output_wait,15,8,248252,248253,1
block_output_wait,15,9,249239,249240,1
block_output_wait,15,10,250226,250227,1
block_output_wait,15,11,251213,251214,1
block_output_wait,15,12,252200,252201,1
block_output_wait,15,13,253187,253188,1
block_output_wait,15,14,254174,254175,1
block_output_wait,15,15,255161,255162,1
block_output_wait,16,0,256148,256149,1
block_output_wait,16,1,257135,257136,1
block_output_wait,16,2,258122,258123,1
block_output_wait,16,3,259109,259110,1
block_output_wait,16,4,260096,260097,1
block_output_wait,16,5,261083,261084,1
block_output_wait,16,6,262070,262071,1
block_output_wait,16,7,263057,263058,1
block_output_wait,16,8,264044,264045,1
block_output_wait,16,9,265031,265032,1
block_output_wait,16,10,266018,266019,1
block_output_wait,16,11,267005,267006,1
block_output_wait,16,12,267992,267993,1
block_output_wait,16,13,268979,268980,1
block_output_wait,16,14,269966,269967,1
block_output_wait,16,15,270953,270954,1
block_output_wait,17,0,271940,271941,1
block_output_wait,17,1,272927,272928,1
block_output_wait,17,2,273914,273915,1
block_output_wait,17,3,274901,274902,1
block_output_wait,17,4,275888,275889,1
block_output_wait,17,5,276875,276876,1
block_output_wait,17,6,277862,277863,1
block_output_wait,17,7,278849,278850,1
block_output_wait,17,8,279836,279837,1
block_output_wait,17,9,280823,280824,1
block_output_wait,17,10,281810,281811,1
block_output_wait,17,11,282797,282798,1
block_output_wait,17,12,283784,283785,1
block_output_wait,17,13,284771,284772,1
block_output_wait,17,14,285758,285759,1
block_output_wait,17,15,286745,286746,1
block_output_wait,18,0,287732,287733,1
block_output_wait,18,1,288719,288720,1
block_output_wait,18,2,289706,289707,1
block_output_wait,18,3,290693,290694,1
block_output_wait,18,4,291680,291681,1
block_output_wait,18,5,292667,292668,1
block_output_wait,18,6,293654,293655,1
block_output_wait,18,7,294641,294642,1
block_output_wait,18,8,295628,295629,1
block_output_wait,18,9,296615,296616,1
block_output_wait,18,10,297602,297603,1
block_output_wait,18,11,298589,298590,1
block_output_wait,18,12,299576,299577,1
block_output_wait,18,13,300563,300564,1
block_output_wait,18,14,301550,301551,1
block_output_wait,18,15,302537,302538,1
block_output_wait,19,0,303524,303525,1
block_output_wait,19,1,304511,304512,1
block_output_wait,19,2,305498,305499,1
block_output_wait,19,3,306485,306486,1
block_output_wait,19,4,307472,307473,1
block_output_wait,19,5,308459,308460,1
block_output_wait,19,6,309446,309447,1
block_output_wait,19,7,310433,310434,1
block_output_wait,19,8,311420,311421,1
block_output_wait,19,9,312407,312408,1
block_output_wait,19,10,313394,313395,1
block_output_wait,19,11,314381,314382,1
block_output_wait,19,12,315368,315369,1
block_output_wait,19,13,316355,316356,1
block_output_wait,19,14,317342,317343,1
block_output_wait,19,15,318329,318330,1
block_output_wait,20,0,319316,319317,1
block_output_wait,20,1,320303,320304,1
block_output_wait,20,2,321290,321291,1
block_output_wait,20,3,322277,322278,1
block_output_wait,20,4,323264,323265,1
block_output_wait,20,5,324251,324252,1
block_output_wait,20,6,325238,325239,1
block_output_wait,20,7,326225,326226,1
block_output_wait,20,8,327212,327213,1
block_output_wait,20,9,328199,328200,1
block_output_wait,20,10,329186,329187,1
block_output_wait,20,11,330173,330174,1
block_output_wait,20,12,331160,331161,1
block_output_wait,20,13,332147,332148,1
block_output_wait,20,14,333134,333135,1
block_output_wait,20,15,334121,334122,1
block_output_wait,21,0,335108,335109,1
block_output_wait,21,1,336095,336096,1
block_output_wait,21,2,337082,337083,1
block_output_wait,21,3,338069,338070,1
block_output_wait,21,4,339056,339057,1
block_output_wait,21,5,340043,340044,1
block_output_wait,21,6,341030,341031,1
block_output_wait,21,7,342017,342018,1
block_output_wait,21,8,343004,343005,1
block_output_wait,21,9,343991,343992,1
block_output_wait,21,10,344978,344979,1
block_output_wait,21,11,345965,345966,1
block_output_wait,21,12,346952,346953,1
block_output_wait,21,13,347939,347940,1
block_output_wait,21,14,348926,348927,1
block_output_wait,21,15,349913,349914,1
block_output_wait,22,0,350900,350901,1
block_output_wait,22,1,351887,351888,1
block_output_wait,22,2,352874,352875,1
block_output_wait,22,3,353861,353862,1
block_output_wait,22,4,354848,354849,1
block_output_wait,22,5,355835,355836,1
block_output_wait,22,6,356822,356823,1
block_output_wait,22,7,357809,357810,1
block_output_wait,22,8,358796,358797,1
block_output_wait,22,9,359783,359784,1
block_output_wait,22,10,360770,360771,1
block_output_wait,22,11,361757,361758,1
block_output_wait,22,12,362744,362745,1
block_output_wait,22,13,363731,363732,1
block_output_wait,22,14,364718,364719,1
block_output_wait,22,15,365705,365706,1
block_output_wait,23,0,366692,366693,1
block_output_wait,23,1,367679,367680,1
block_output_wait,23,2,368666,368667,1
block_output_wait,23,3,369653,369654,1
block_output_wait,23,4,370640,370641,1
block_output_wait,23,5,371627,371628,1
block_output_wait,23,6,372614,372615,1
block_output_wait,23,7,373601,373602,1
block_output_wait,23,8,374588,374589,1
block_output_wait,23,9,375575,375576,1
block_output_wait,23,10,376562,376563,1
block_output_wait,23,11,377549,377550,1
block_output_wait,23,12,378536,378537,1
block_output_wait,23,13,379523,379524,1
block_output_wait,23,14,380510,380511,1
block_output_wait,23,15,381497,381498,1
block_output_wait,24,0,382484,382485,1
block_output_wait,24,1,383471,383472,1
block_output_wait,24,2,384458,384459,1
block_output_wait,24,3,385445,385446,1
block_output_wait,24,4,386432,386433,1
block_output_wait,24,5,387419,387420,1
block_output_wait,24,6,388406,388407,1
block_output_wait,24,7,389393,389394,1
block_output_wait,24,8,390380,390381,1
block_output_wait,24,9,391367,391368,1
block_output_wait,24,10,392354,392355,1
block_output_wait,24,11,393341,393342,1
block_output_wait,24,12,394328,394329,1
block_output_wait,24,13,395315,395316,1
block_output_wait,24,14,396302,396303,1
block_output_wait,24,15,397289,397290,1
block_output_wait,25,0,398276,398277,1
block_output_wait,25,1,399263,399264,1
block_output_wait,25,2,400250,400251,1
block_output_wait,25,3,401237,401238,1
block_output_wait,25,4,402224,402225,1
block_output_wait,25,5,403211,403212,1
block_output_wait,25,6,404198,404199,1
block_output_wait,25,7,405185,405186,1
block_output_wait,25,8,406172,406173,1
block_output_wait,25,9,407159,407160,1
block_output_wait,25,10,408146,408147,1
block_output_wait,25,11,409133,409134,1
block_output_wait,25,12,410120,410121,1
block_output_wait,25,13,411107,411108,1
block_output_wait,25,14,412094,412095,1
block_output_wait,25,15,413081,413082,1
block_output_wait,26,0,414068,414069,1
block_output_wait,26,1,415055,415056,1
block_output_wait,26,2,416042,416043,1
block_output_wait,26,3,417029,417030,1
block_output_wait,26,4,418016,418017,1
block_output_wait,26,5,419003,419004,1
block_output_wait,26,6,419990,419991,1
block_output_wait,26,7,420977,420978,1
block_output_wait,26,8,421964,421965,1
block_output_wait,26,9,422951,422952,1
block_output_wait,26,10,423938,423939,1
block_output_wait,26,11,424925,424926,1
block_output_wait,26,12,425912,425913,1
block_output_wait,26,13,426899,426900,1
block_output_wait,26,14,427886,427887,1
block_output_wait,26,15,428873,428874,1
block_output_wait,27,0,429860,429861,1
block_output_wait,27,1,430847,430848,1
block_output_wait,27,2,431834,431835,1
block_output_wait,27,3,432821,432822,1
block_output_wait,27,4,433808,433809,1
block_output_wait,27,5,434795,434796,1
block_output_wait,27,6,435782,435783,1
block_output_wait,27,7,436769,436770,1
block_output_wait,27,8,437756,437757,1
block_output_wait,27,9,438743,438744,1
block_output_wait,27,10,439730,439731,1
block_output_wait,27,11,440717,440718,1
block_output_wait,27,12,441704,441705,1
block_output_wait,27,13,442691,442692,1
block_output_wait,27,14,443678,443679,1
block_output_wait,27,15,444665,444666,1
block_output_wait,28,0,445652,445653,1
block_output_wait,28,1,446639,446640,1
block_output_wait,28,2,447626,447627,1
block_output_wait,28,3,448613,448614,1
block_output_wait,28,4,449600,449601,1
block_output_wait,28,5,450587,450588,1
block_output_wait,28,6,451574,451575,1
block_output_wait,28,7,452561,452562,1
block_output_wait,28,8,453548,453549,1
block_output_wait,28,9,454535,454536,1
block_output_wait,28,10,455522,455523,1
block_output_wait,28,11,456509,456510,1
block_output_wait,28,12,457496,457497,1
block_output_wait,28,13,458483,458484,1
block_output_wait,28,14,459470,459471,1
block_output_wait,28,15,460457,460458,1
block_output_wait,29,0,461444,461445,1
block_output_wait,29,1,462431,462432,1
block_output_wait,29,2,463418,463419,1
block_output_wait,29,3,464405,464406,1
block_output_wait,29,4,465392,465393,1
block_output_wait,29,5,466379,466380,1
block_output_wait,29,6,467366,467367,1
block_output_wait,29,7,468353,468354,1
block_output_wait,29,8,469340,469341,1
block_output_wait,29,9,470327,470328,1
block_output_wait,29,10,471314,471315,1
block_output_wait,29,11,472301,472302,1
block_output_wait,29,12,473288,473289,1
block_output_wait,29,13,474275,474276,1
block_output_wait,29,14,475262,475263,1
block_output_wait,29,15,476249,476250,1
block_output_wait,30,0,477236,477237,1
block_output_wait,30,1,478223,478224,1
block_output_wait,30,2,479210,479211,1
block_output_wait,30,3,480197,480198,1
block_output_wait,30,4,481184,481185,1
block_output_wait,30,5,482171,482172,1
block_output_wait,30,6,483158,483159,1
block_output_wait,30,7,484145,484146,1
block_output_wait,30,8,485132,485133,1
block_output_wait,30,9,486119,486120,1
block_output_wait,30,10,487106,487107,1
block_output_wait,30,11,488093,488094,1
block_output_wait,30,12,489080,489081,1
block_output_wait,30,13,490067,490068,1
block_output_wait,30,14,491054,491055,1
block_output_wait,30,15,492041,492042,1
block_output_wait,31,0,493028,493029,1
block_output_wait,31,1,494015,494016,1
block_output_wait,31,2,495002,495003,1
block_output_wait,31,3,495989,495990,1
block_output_wait,31,4,496976,496977,1
block_output_wait,31,5,497963,497964,1
block_output_wait,31,6,498950,498951,1
block_output_wait,31,7,499937,499938,1
block_output_wait,31,8,500924,500925,1
block_output_wait,31,9,501911,501912,1
block_output_wait,31,10,502898,502899,1
block_output_wait,31,11,503885,503886,1
block_output_wait,31,12,504872,504873,1
block_output_wait,31,13,505859,505860,1
block_output_wait,31,14,506846,506847,1
block_output_wait,31,15,507833,507834,1
block_output_wait,32,0,508820,508821,1
block_output_wait,32,1,509807,509808,1
block_output_wait,32,2,510794,510795,1
block_output_wait,32,3,511781,511782,1
block_output_wait,32,4,512768,512769,1
block_output_wait,32,5,513755,513756,1
block_output_wait,32,6,514742,514743,1
block_output_wait,32,7,515729,515730,1
block_output_wait,32,8,516716,516717,1
block_output_wait,32,9,517703,517704,1
block_output_wait,32,10,518690,518691,1
block_output_wait,32,11,519677,519678,1
block_output_wait,32,12,520664,520665,1
block_output_wait,32,13,521651,521652,1
block_output_wait,32,14,522638,522639,1
block_output_wait,32,15,523625,523626,1
block_output_wait,33,0,524612,524613,1
block_output_wait,33,1,525599,525600,1
block_output_wait,33,2,526586,526587,1
block_output_wait,33,3,527573,527574,1
block_output_wait,33,4,528560,528561,1
block_output_wait,33,5,529547,529548,1
block_output_wait,33,6,530534,530535,1
block_output_wait,33,7,531521,531522,1
block_output_wait,33,8,532508,532509,1
block_output_wait,33,9,533495,533496,1
block_output_wait,33,10,534482,534483,1
block_output_wait,33,11,535469,535470,1
block_output_wait,33,12,536456,536457,1
block_output_wait,33,13,537443,537444,1
block_output_wait,33,14,538430,538431,1
block_output_wait,33,15,539417,539418,1
block_output_wait,34,0,540404,540405,1
block_output_wait,34,1,541391,541392,1
block_output_wait,34,2,542378,542379,1
block_output_wait,34,3,543365,543366,1
block_output_wait,34,4,544352,544353,1
block_output_wait,34,5,545339,545340,1
block_output_wait,34,6,546326,546327,1
block_output_wait,34,7,547313,547314,1
block_output_wait,34,8,548300,548301,1
block_output_wait,34,9,549287,549288,1
block_output_wait,34,10,550274,550275,1
block_output_wait,34,11,551261,551262,1
block_output_wait,34,12,552248,552249,1
block_output_wait,34,13,553235,553236,1
block_output_wait,34,14,554222,554223,1
block_output_wait,34,15,555209,555210,1
block_output_wait,35,0,556196,556197,1
block_output_wait,35,1,557183,557184,1
block_output_wait,35,2,558170,558171,1
block_output_wait,35,3,559157,559158,1
block_output_wait,35,4,560144,560145,1
block_output_wait,35,5,561131,561132,1
block_output_wait,35,6,562118,562119,1
block_output_wait,35,7,563105,563106,1
block_output_wait,35,8,564092,564093,1
block_output_wait,35,9,565079,565080,1
block_output_wait,35,10,566066,566067,1
block_output_wait,35,11,567053,567054,1
block_output_wait,35,12,568040,568041,1
block_output_wait,35,13,569027,569028,1
block_output_wait,35,14,570014,570015,1
block_output_wait,35,15,571001,571002,1
block_output_wait,36,0,571988,571989,1
block_output_wait,36,1,572975,572976,1
block_output_wait,36,2,573962,573963,1
block_output_wait,36,3,574949,574950,1
block_output_wait,36,4,575936,575937,1
block_output_wait,36,5,576923,576924,1
block_output_wait,36,6,577910,577911,1
block_output_wait,36,7,578897,578898,1
block_output_wait,36,8,579884,579885,1
block_output_wait,36,9,580871,580872,1
block_output_wait,36,10,581858,581859,1
block_output_wait,36,11,582845,582846,1
block_output_wait,36,12,583832,583833,1
block_output_wait,36,13,584819,584820,1
block_output_wait,36,14,585806,585807,1
block_output_wait,36,15,586793,586794,1
block_output_wait,37,0,587780,587781,1
block_output_wait,37,1,588767,588768,1
block_output_wait,37,2,589754,589755,1
block_output_wait,37,3,590741,590742,1
block_output_wait,37,4,591728,591729,1
block_output_wait,37,5,592715,592716,1
block_output_wait,37,6,593702,593703,1
block_output_wait,37,7,594689,594690,1
block_output_wait,37,8,595676,595677,1
block_output_wait,37,9,596663,596664,1
block_output_wait,37,10,597650,597651,1
block_output_wait,37,11,598637,598638,1
block_output_wait,37,12,599624,599625,1
block_output_wait,37,13,600611,600612,1
block_output_wait,37,14,601598,601599,1
block_output_wait,37,15,602585,602586,1
block_output_wait,38,0,603572,603573,1
block_output_wait,38,1,604559,604560,1
block_output_wait,38,2,605546,605547,1
block_output_wait,38,3,606533,606534,1
block_output_wait,38,4,607520,607521,1
block_output_wait,38,5,608507,608508,1
block_output_wait,38,6,609494,609495,1
block_output_wait,38,7,610481,610482,1
block_output_wait,38,8,611468,611469,1
block_output_wait,38,9,612455,612456,1
block_output_wait,38,10,613442,613443,1
block_output_wait,38,11,614429,614430,1
block_output_wait,38,12,615416,615417,1
block_output_wait,38,13,616403,616404,1
block_output_wait,38,14,617390,617391,1
block_output_wait,38,15,618377,618378,1
block_output_wait,39,0,619364,619365,1
block_output_wait,39,1,620351,620352,1
block_output_wait,39,2,621338,621339,1
block_output_wait,39,3,622325,622326,1
block_output_wait,39,4,623312,623313,1
block_output_wait,39,5,624299,624300,1
block_output_wait,39,6,625286,625287,1
block_output_wait,39,7,626273,626274,1
block_output_wait,39,8,627260,627261,1
block_output_wait,39,9,628247,628248,1
block_output_wait,39,10,629234,629235,1
block_output_wait,39,11,630221,630222,1
block_output_wait,39,12,631208,631209,1
block_output_wait,39,13,632195,632196,1
block_output_wait,39,14,633182,633183,1
block_output_wait,39,15,634169,634170,1
block_output_wait,40,0,635156,635157,1
block_output_wait,40,1,636143,636144,1
block_output_wait,40,2,637130,637131,1
block_output_wait,40,3,638117,638118,1
block_output_wait,40,4,639104,639105,1
block_output_wait,40,5,640091,640092,1
block_output_wait,40,6,641078,641079,1
block_output_wait,40,7,642065,642066,1
block_output_wait,40,8,643052,643053,1
block_output_wait,40,9,644039,644040,1
block_output_wait,40,10,645026,645027,1
block_output_wait,40,11,646013,646014,1
block_output_wait,40,12,647000,647001,1
block_output_wait,40,13,647987,647988,1
block_output_wait,40,14,648974,648975,1
block_output_wait,40,15,649961,649962,1
block_output_wait,41,0,650948,650949,1
block_output_wait,41,1,651935,651936,1
block_output_wait,41,2,652922,652923,1
block_output_wait,41,3,653909,653910,1
block_output_wait,41,4,654896,654897,1
block_output_wait,41,5,655883,655884,1
block_output_wait,41,6,656870,656871,1
block_output_wait,41,7,657857,657858,1
block_output_wait,41,8,658844,658845,1
block_output_wait,41,9,659831,659832,1
block_output_wait,41,10,660818,660819,1
block_output_wait,41,11,661805,661806,1
block_output_wait,41,12,662792,662793,1
block_output_wait,41,13,663779,663780,1
block_output_wait,41,14,664766,664767,1
block_output_wait,41,15,665753,665754,1
block_output_wait,42,0,666740,666741,1
block_output_wait,42,1,667727,667728,1
block_output_wait,42,2,668714,668715,1
block_output_wait,42,3,669701,669702,1
block_output_wait,42,4,670688,670689,1
block_output_wait,42,5,671675,671676,1
block_output_wait,42,6,672662,672663,1
block_output_wait,42,7,673649,673650,1
block_output_wait,42,8,674636,674637,1
block_output_wait,42,9,675623,675624,1
block_output_wait,42,10,676610,676611,1
block_output_wait,42,11,677597,677598,1
block_output_wait,42,12,678584,678585,1
block_output_wait,42,13,679571,679572,1
block_output_wait,42,14,680558,680559,1
block_output_wait,42,15,681545,681546,1
block_output_wait,43,0,682532,682533,1
block_output_wait,43,1,683519,683520,1
block_output_wait,43,2,684506,684507,1
block_output_wait,43,3,685493,685494,1
block_output_wait,43,4,686480,686481,1
block_output_wait,43,5,687467,687468,1
block_output_wait,43,6,688454,688455,1
block_output_wait,43,7,689441,689442,1
block_output_wait,43,8,690428,690429,1
block_output_wait,43,9,691415,691416,1
block_output_wait,43,10,692402,692403,1
block_output_wait,43,11,693389,693390,1
block_output_wait,43,12,694376,694377,1
block_output_wait,43,13,695363,695364,1
block_output_wait,43,14,696350,696351,1
block_output_wait,43,15,697337,697338,1
block_output_wait,44,0,698324,698325,1
block_output_wait,44,1,699311,699312,1
block_output_wait,44,2,700298,700299,1
block_output_wait,44,3,701285,701286,1
block_output_wait,44,4,702272,702273,1
block_output_wait,44,5,703259,703260,1
block_output_wait,44,6,704246,704247,1
block_output_wait,44,7,705233,705234,1
block_output_wait,44,8,706220,706221,1
block_output_wait,44,9,707207,707208,1
block_output_wait,44,10,708194,708195,1
block_output_wait,44,11,709181,709182,1
block_output_wait,44,12,710168,710169,1
block_output_wait,44,13,711155,711156,1
block_output_wait,44,14,712142,712143,1
block_output_wait,44,15,713129,713130,1
block_output_wait,45,0,714116,714117,1
block_output_wait,45,1,715103,715104,1
block_output_wait,45,2,716090,716091,1
block_output_wait,45,3,717077,717078,1
block_output_wait,45,4,718064,718065,1
block_output_wait,45,5,719051,719052,1
block_output_wait,45,6,720038,720039,1
block_output_wait,45,7,721025,721026,1
block_output_wait,45,8,722012,722013,1
block_output_wait,45,9,722999,723000,1
block_output_wait,45,10,723986,723987,1
block_output_wait,45,11,724973,724974,1
block_output_wait,45,12,725960,725961,1
block_output_wait,45,13,726947,726948,1
block_output_wait,45,14,727934,727935,1
block_output_wait,45,15,728921,728922,1
block_output_wait,46,0,729908,729909,1
block_output_wait,46,1,730895,730896,1
block_output_wait,46,2,731882,731883,1
block_output_wait,46,3,732869,732870,1
block_output_wait,46,4,733856,733857,1
block_output_wait,46,5,734843,734844,1
block_output_wait,46,6,735830,735831,1
block_output_wait,46,7,736817,736818,1
block_output_wait,46,8,737804,737805,1
block_output_wait,46,9,738791,738792,1
block_output_wait,46,10,739778,739779,1
block_output_wait,46,11,740765,740766,1
block_output_wait,46,12,741752,741753,1
block_output_wait,46,13,742739,742740,1
block_output_wait,46,14,743726,743727,1
block_output_wait,46,15,744713,744714,1
block_output_wait,47,0,745700,745701,1
block_output_wait,47,1,746687,746688,1
block_output_wait,47,2,747674,747675,1
block_output_wait,47,3,748661,748662,1
block_output_wait,47,4,749648,749649,1
block_output_wait,47,5,750635,750636,1
block_output_wait,47,6,751622,751623,1
block_output_wait,47,7,752609,752610,1
block_output_wait,47,8,753596,753597,1
block_output_wait,47,9,754583,754584,1
block_output_wait,47,10,755570,755571,1
block_output_wait,47,11,756557,756558,1
block_output_wait,47,12,757544,757545,1
block_output_wait,47,13,758531,758532,1
block_output_wait,47,14,759518,759519,1
block_output_wait,47,15,760505,760506,1
block_output_wait,48,0,761492,761493,1
block_output_wait,48,1,762479,762480,1
block_output_wait,48,2,763466,763467,1
block_output_wait,48,3,764453,764454,1
block_output_wait,48,4,765440,765441,1
block_output_wait,48,5,766427,766428,1
block_output_wait,48,6,767414,767415,1
block_output_wait,48,7,768401,768402,1
block_output_wait,48,8,769388,769389,1
block_output_wait,48,9,770375,770376,1
block_output_wait,48,10,771362,771363,1
block_output_wait,48,11,772349,772350,1
block_output_wait,48,12,773336,773337,1
block_output_wait,48,13,774323,774324,1
block_output_wait,48,14,775310,775311,1
block_output_wait,48,15,776297,776298,1
block_output_wait,49,0,777284,777285,1
block_output_wait,49,1,778271,778272,1
block_output_wait,49,2,779258,779259,1
block_output_wait,49,3,780245,780246,1
block_output_wait,49,4,781232,781233,1
block_output_wait,49,5,782219,782220,1
block_output_wait,49,6,783206,783207,1
block_output_wait,49,7,784193,784194,1
block_output_wait,49,8,785180,785181,1
block_output_wait,49,9,786167,786168,1
block_output_wait,49,10,787154,787155,1
block_output_wait,49,11,788141,788142,1
block_output_wait,49,12,789128,789129,1
block_output_wait,49,13,790115,790116,1
block_output_wait,49,14,791102,791103,1
block_output_wait,49,15,792089,792090,1
block_output_wait,50,0,793076,793077,1
block_output_wait,50,1,794063,794064,1
block_output_wait,50,2,795050,795051,1
block_output_wait,50,3,796037,796038,1
block_output_wait,50,4,797024,797025,1
block_output_wait,50,5,798011,798012,1
block_output_wait,50,6,798998,798999,1
block_output_wait,50,7,799985,799986,1
block_output_wait,50,8,800972,800973,1
block_output_wait,50,9,801959,801960,1
block_output_wait,50,10,802946,802947,1
block_output_wait,50,11,803933,803934,1
block_output_wait,50,12,804920,804921,1
block_output_wait,50,13,805907,805908,1
block_output_wait,50,14,806894,806895,1
block_output_wait,50,15,807881,807882,1
block_output_wait,51,0,808868,808869,1
block_output_wait,51,1,809855,809856,1
block_output_wait,51,2,810842,810843,1
block_output_wait,51,3,811829,811830,1
block_output_wait,51,4,812816,812817,1
block_output_wait,51,5,813803,813804,1
block_output_wait,51,6,814790,814791,1
block_output_wait,51,7,815777,815778,1
block_output_wait,51,8,816764,816765,1
block_output_wait,51,9,817751,817752,1
block_output_wait,51,10,818738,818739,1
block_output_wait,51,11,819725,819726,1
block_output_wait,51,12,820712,820713,1
block_output_wait,51,13,821699,821700,1
block_output_wait,51,14,822686,822687,1
block_output_wait,51,15,823673,823674,1
block_output_wait,52,0,824660,824661,1
block_output_wait,52,1,825647,825648,1
block_output_wait,52,2,826634,826635,1
block_output_wait,52,3,827621,827622,1
block_output_wait,52,4,828608,828609,1
block_output_wait,52,5,829595,829596,1
block_output_wait,52,6,830582,830583,1
block_output_wait,52,7,831569,831570,1
block_output_wait,52,8,832556,832557,1
block_output_wait,52,9,833543,833544,1
block_output_wait,52,10,834530,834531,1
block_output_wait,52,11,835517,835518,1
block_output_wait,52,12,836504,836505,1
block_output_wait,52,13,837491,837492,1
block_output_wait,52,14,838478,838479,1
block_output_wait,52,15,839465,839466,1
block_output_wait,53,0,840452,840453,1
block_output_wait,53,1,841439,841440,1
block_output_wait,53,2,842426,842427,1
block_output_wait,53,3,843413,843414,1
block_output_wait,53,4,844400,844401,1
block_output_wait,53,5,845387,845388,1
block_output_wait,53,6,846374,846375,1
block_output_wait,53,7,847361,847362,1
block_output_wait,53,8,848348,848349,1
block_output_wait,53,9,849335,849336,1
block_output_wait,53,10,850322,850323,1
block_output_wait,53,11,851309,851310,1
block_output_wait,53,12,852296,852297,1
block_output_wait,53,13,853283,853284,1
block_output_wait,53,14,854270,854271,1
block_output_wait,53,15,855257,855258,1
block_output_wait,54,0,856244,856245,1
block_output_wait,54,1,857231,857232,1
block_output_wait,54,2,858218,858219,1
block_output_wait,54,3,859205,859206,1
block_output_wait,54,4,860192,860193,1
block_output_wait,54,5,861179,861180,1
block_output_wait,54,6,862166,862167,1
block_output_wait,54,7,863153,863154,1
block_output_wait,54,8,864140,864141,1
block_output_wait,54,9,865127,865128,1
block_output_wait,54,10,866114,866115,1
block_output_wait,54,11,867101,867102,1
block_output_wait,54,12,868088,868089,1
block_output_wait,54,13,869075,869076,1
block_output_wait,54,14,870062,870063,1
block_output_wait,54,15,871049,871050,1
block_output_wait,55,0,872036,872037,1
block_output_wait,55,1,873023,873024,1
block_output_wait,55,2,874010,874011,1
block_output_wait,55,3,874997,874998,1
block_output_wait,55,4,875984,875985,1
block_output_wait,55,5,876971,876972,1
block_output_wait,55,6,877958,877959,1
block_output_wait,55,7,878945,878946,1
block_output_wait,55,8,879932,879933,1
block_output_wait,55,9,880919,880920,1
block_output_wait,55,10,881906,881907,1
block_output_wait,55,11,882893,882894,1
block_output_wait,55,12,883880,883881,1
block_output_wait,55,13,884867,884868,1
block_output_wait,55,14,885854,885855,1
block_output_wait,55,15,886841,886842,1
block_output_wait,56,0,887828,887829,1
block_output_wait,56,1,888815,888816,1
block_output_wait,56,2,889802,889803,1
block_output_wait,56,3,890789,890790,1
block_output_wait,56,4,891776,891777,1
block_output_wait,56,5,892763,892764,1
block_output_wait,56,6,893750,893751,1
block_output_wait,56,7,894737,894738,1
block_output_wait,56,8,895724,895725,1
block_output_wait,56,9,896711,896712,1
block_output_wait,56,10,897698,897699,1
block_output_wait,56,11,898685,898686,1
block_output_wait,56,12,899672,899673,1
block_output_wait,56,13,900659,900660,1
block_output_wait,56,14,901646,901647,1
block_output_wait,56,15,902633,902634,1
block_output_wait,57,0,903620,903621,1
block_output_wait,57,1,904607,904608,1
block_output_wait,57,2,905594,905595,1
block_output_wait,57,3,906581,906582,1
block_output_wait,57,4,907568,907569,1
block_output_wait,57,5,908555,908556,1
block_output_wait,57,6,909542,909543,1
block_output_wait,57,7,910529,910530,1
block_output_wait,57,8,911516,911517,1
block_output_wait,57,9,912503,912504,1
block_output_wait,57,10,913490,913491,1
block_output_wait,57,11,914477,914478,1
block_output_wait,57,12,915464,915465,1
block_output_wait,57,13,916451,916452,1
block_output_wait,57,14,917438,917439,1
block_output_wait,57,15,918425,918426,1
block_output_wait,58,0,919412,919413,1
block_output_wait,58,1,920399,920400,1
block_output_wait,58,2,921386,921387,1
block_output_wait,58,3,922373,922374,1
block_output_wait,58,4,923360,923361,1
block_output_wait,58,5,924347,924348,1
block_output_wait,58,6,925334,925335,1
block_output_wait,58,7,926321,926322,1
block_output_wait,58,8,927308,927309,1
block_output_wait,58,9,928295,928296,1
block_output_wait,58,10,929282,929283,1
block_output_wait,58,11,930269,930270,1
block_output_wait,58,12,931256,931257,1
block_output_wait,58,13,932243,932244,1
block_output_wait,58,14,933230,933231,1
block_output_wait,58,15,934217,934218,1
block_output_wait,59,0,935204,935205,1
block_output_wait,59,1,936191,936192,1
block_output_wait,59,2,937178,937179,1
block_output_wait,59,3,938165,938166,1
block_output_wait,59,4,939152,939153,1
block_output_wait,59,5,940139,940140,1
block_output_wait,59,6,941126,941127,1
block_output_wait,59,7,942113,942114,1
block_output_wait,59,8,943100,943101,1
block_output_wait,59,9,944087,944088,1
block_output_wait,59,10,945074,945075,1
block_output_wait,59,11,946061,946062,1
block_output_wait,59,12,947048,947049,1
block_output_wait,59,13,948035,948036,1
block_output_wait,59,14,949022,949023,1
block_output_wait,59,15,950009,950010,1
block_output_wait,60,0,950996,950997,1
block_output_wait,60,1,951983,951984,1
block_output_wait,60,2,952970,952971,1
block_output_wait,60,3,953957,953958,1
block_output_wait,60,4,954944,954945,1
block_output_wait,60,5,955931,955932,1
block_output_wait,60,6,956918,956919,1
block_output_wait,60,7,957905,957906,1
block_output_wait,60,8,958892,958893,1
block_output_wait,60,9,959879,959880,1
block_output_wait,60,10,960866,960867,1
block_output_wait,60,11,961853,961854,1
block_output_wait,60,12,962840,962841,1
block_output_wait,60,13,963827,963828,1
block_output_wait,60,14,964814,964815,1
block_output_wait,60,15,965801,965802,1
block_output_wait,61,0,966788,966789,1
block_output_wait,61,1,967775,967776,1
block_output_wait,61,2,968762,968763,1
block_output_wait,61,3,969749,969750,1
block_output_wait,61,4,970736,970737,1
block_output_wait,61,5,971723,971724,1
block_output_wait,61,6,972710,972711,1
block_output_wait,61,7,973697,973698,1
block_output_wait,61,8,974684,974685,1
block_output_wait,61,9,975671,975672,1
block_output_wait,61,10,976658,976659,1
block_output_wait,61,11,977645,977646,1
block_output_wait,61,12,978632,978633,1
block_output_wait,61,13,979619,979620,1
block_output_wait,61,14,980606,980607,1
block_output_wait,61,15,981593,981594,1
block_output_wait,62,0,982580,982581,1
block_output_wait,62,1,983567,983568,1
block_output_wait,62,2,984554,984555,1
block_output_wait,62,3,985541,985542,1
block_output_wait,62,4,986528,986529,1
block_output_wait,62,5,987515,987516,1
block_output_wait,62,6,988502,988503,1
block_output_wait,62,7,989489,989490,1
block_output_wait,62,8,990476,990477,1
block_output_wait,62,9,991463,991464,1
block_output_wait,62,10,992450,992451,1
block_output_wait,62,11,993437,993438,1
block_output_wait,62,12,994424,994425,1
block_output_wait,62,13,995411,995412,1
block_output_wait,62,14,996398,996399,1
block_output_wait,62,15,997385,997386,1
block_output_wait,63,0,998372,998373,1
block_output_wait,63,1,999359,999360,1
block_output_wait,63,2,1000346,1000347,1
block_output_wait,63,3,1001333,1001334,1
block_output_wait,63,4,1002320,1002321,1
block_output_wait,63,5,1003307,1003308,1
block_output_wait,63,6,1004294,1004295,1
block_output_wait,63,7,1005281,1005282,1
block_output_wait,63,8,1006268,1006269,1
block_output_wait,63,9,1007255,1007256,1
block_output_wait,63,10,1008242,1008243,1
block_output_wait,63,11,1009229,1009230,1
block_output_wait,63,12,1010216,1010217,1
block_output_wait,63,13,1011203,1011204,1
block_output_wait,63,14,1012190,1012191,1
block_output_wait,63,15,1013177,1013178,1
