2026-09-28T18:12:51.5384597Z Current runner version: '2.337.0'
2026-09-28T18:12:51.5403824Z ##[group]Runner Image Provisioner
2026-09-28T18:12:51.5404971Z Hosted Compute Agent
2026-09-28T18:12:51.5405517Z Version: 20260828.587
2026-09-28T18:12:51.5406050Z Commit: abac92662cab4cc7352de4f9f9d2e2419aad9c29
2026-09-28T18:12:51.5406640Z Build Date: 2026-08-28T16:44:25Z
2026-09-28T18:12:51.5407278Z Worker ID: {6a7d307d-31d3-42bb-9c9c-cb1c6b3c1521}
2026-09-28T18:12:51.5407891Z Azure Region: westus3
2026-09-28T18:12:51.5408372Z ##[endgroup]
2026-09-28T18:12:51.5409543Z ##[group]Operating System
2026-09-28T18:12:51.5410031Z Ubuntu
2026-09-28T18:12:51.5410496Z 24.04.5
2026-09-28T18:12:51.5410943Z LTS
2026-09-28T18:12:51.5411376Z ##[endgroup]
2026-09-28T18:12:51.5411843Z ##[group]Runner Image
2026-09-28T18:12:51.5412336Z Image: ubuntu-24.04
2026-09-28T18:12:51.5413212Z Version: 20260920.314.1
2026-09-28T18:12:51.5414350Z Included Software: https://github.com/actions/runner-images/blob/ubuntu24/20260920.314/images/ubuntu/Ubuntu2404-Readme.md
2026-09-28T18:12:51.5415698Z Image Release: https://github.com/actions/runner-images/releases/tag/ubuntu24%2F20260920.314
2026-09-28T18:12:51.5416505Z ##[endgroup]
2026-09-28T18:12:51.5417450Z ##[group]GITHUB_TOKEN Permissions
2026-09-28T18:12:51.5419368Z Contents: read
2026-09-28T18:12:51.5419891Z Metadata: read
2026-09-28T18:12:51.5420351Z ##[endgroup]
2026-09-28T18:12:51.5422042Z Secret source: Actions
2026-09-28T18:12:51.5422869Z Cache mode: write
2026-09-28T18:12:51.5423458Z Prepare workflow directory
2026-09-28T18:12:51.6307904Z Prepare all required actions
2026-09-28T18:12:51.6349789Z Getting action download info
2026-09-28T18:12:51.9455613Z Download action repository 'actions/checkout@11d5960a326750d5838078e36cf38b85af677262' (SHA:11d5960a326750d5838078e36cf38b85af677262)
2026-09-28T18:12:52.1826782Z Download action repository 'actions/upload-artifact@ea165f8d65b6e75b540449e92b4886f43607fa02' (SHA:ea165f8d65b6e75b540449e92b4886f43607fa02)
2026-09-28T18:12:52.4281730Z Complete job name: Functional divisor 4
2026-09-28T18:12:52.4857123Z ##[group]Run actions/checkout@11d5960a326750d5838078e36cf38b85af677262
2026-09-28T18:12:52.4857993Z with:
2026-09-28T18:12:52.4858435Z   persist-credentials: false
2026-09-28T18:12:52.4858964Z   repository: SeMinLim/sway
2026-09-28T18:12:52.4862459Z   token: ***
2026-09-28T18:12:52.4862890Z   ssh-strict: true
2026-09-28T18:12:52.4863332Z   ssh-user: git
2026-09-28T18:12:52.4863750Z   clean: true
2026-09-28T18:12:52.4864352Z   sparse-checkout-cone-mode: true
2026-09-28T18:12:52.4864905Z   fetch-depth: 1
2026-09-28T18:12:52.4865322Z   fetch-tags: false
2026-09-28T18:12:52.4865820Z   show-progress: true
2026-09-28T18:12:52.4866465Z   lfs: false
2026-09-28T18:12:52.4866894Z   submodules: false
2026-09-28T18:12:52.4867353Z   set-safe-directory: true
2026-09-28T18:12:52.4867825Z   allow-unsafe-pr-checkout: false
2026-09-28T18:12:52.4868489Z ##[endgroup]
2026-09-28T18:12:52.5754429Z Syncing repository: SeMinLim/sway
2026-09-28T18:12:52.5756992Z ##[group]Getting Git version info
2026-09-28T18:12:52.5758063Z Working directory is '/home/runner/work/sway/sway'
2026-09-28T18:12:52.5759474Z [command]/usr/bin/git version
2026-09-28T18:12:52.5794887Z git version 2.55.0
2026-09-28T18:12:52.5827263Z ##[endgroup]
2026-09-28T18:12:52.5833814Z Temporarily overriding HOME='/home/runner/work/_temp/5132236d-481e-4e25-98eb-c3584ed9bb01' before making global git config changes
2026-09-28T18:12:52.5836112Z Adding repository directory to the temporary git global config as a safe directory
2026-09-28T18:12:52.5837469Z [command]/usr/bin/git config --global --add safe.directory /home/runner/work/sway/sway
2026-09-28T18:12:52.5868201Z Deleting the contents of '/home/runner/work/sway/sway'
2026-09-28T18:12:52.5872943Z ##[group]Initializing the repository
2026-09-28T18:12:52.5876761Z [command]/usr/bin/git init /home/runner/work/sway/sway
2026-09-28T18:12:52.5974948Z hint: Using 'master' as the name for the initial branch. This default branch name
2026-09-28T18:12:52.5976466Z hint: will change to "main" in Git 3.0. To configure the initial branch name
2026-09-28T18:12:52.5977979Z hint: to use in all of your new repositories, which will suppress this warning,
2026-09-28T18:12:52.5979169Z hint: call:
2026-09-28T18:12:52.5979838Z hint:
2026-09-28T18:12:52.5980738Z hint: 	git config --global init.defaultBranch <name>
2026-09-28T18:12:52.5981830Z hint:
2026-09-28T18:12:52.5982701Z hint: Names commonly chosen instead of 'master' are 'main', 'trunk' and
2026-09-28T18:12:52.5984031Z hint: 'development'. The just-created branch can be renamed via this command:
2026-09-28T18:12:52.5985309Z hint:
2026-09-28T18:12:52.5985964Z hint: 	git branch -m <name>
2026-09-28T18:12:52.5986919Z hint:
2026-09-28T18:12:52.5987939Z hint: Disable this message with "git config set advice.defaultBranchName false"
2026-09-28T18:12:52.5989392Z Initialized empty Git repository in /home/runner/work/sway/sway/.git/
2026-09-28T18:12:52.5992187Z [command]/usr/bin/git remote add origin https://github.com/SeMinLim/sway
2026-09-28T18:12:52.6033218Z ##[endgroup]
2026-09-28T18:12:52.6034788Z ##[group]Disabling automatic garbage collection
2026-09-28T18:12:52.6036821Z [command]/usr/bin/git config --local gc.auto 0
2026-09-28T18:12:52.6061868Z ##[endgroup]
2026-09-28T18:12:52.6062868Z ##[group]Setting up auth
2026-09-28T18:12:52.6068569Z [command]/usr/bin/git config --local --name-only --get-regexp core\.sshCommand
2026-09-28T18:12:52.6092682Z [command]/usr/bin/git submodule foreach --recursive sh -c "git config --local --name-only --get-regexp 'core\.sshCommand' && git config --local --unset-all 'core.sshCommand' || :"
2026-09-28T18:12:52.6430897Z [command]/usr/bin/git config --local --name-only --get-regexp http\.https\:\/\/github\.com\/\.extraheader
2026-09-28T18:12:52.6457217Z [command]/usr/bin/git submodule foreach --recursive sh -c "git config --local --name-only --get-regexp 'http\.https\:\/\/github\.com\/\.extraheader' && git config --local --unset-all 'http.https://github.com/.extraheader' || :"
2026-09-28T18:12:52.6636164Z [command]/usr/bin/git config --local --name-only --get-regexp ^includeIf\.gitdir:
2026-09-28T18:12:52.6664342Z [command]/usr/bin/git submodule foreach --recursive git config --local --show-origin --name-only --get-regexp remote.origin.url
2026-09-28T18:12:52.6832024Z [command]/usr/bin/git config --local http.https://github.com/.extraheader AUTHORIZATION: basic ***
2026-09-28T18:12:52.6861334Z ##[endgroup]
2026-09-28T18:12:52.6862337Z ##[group]Fetching the repository
2026-09-28T18:12:52.6869491Z [command]/usr/bin/git -c protocol.version=2 fetch --no-tags --prune --no-recurse-submodules --depth=1 origin +69e5106c7c8256ba7d54bc9deceb06db4ded6a6f:refs/remotes/origin/codex/baseline-pnr-validation
2026-09-28T18:12:53.8636390Z From https://github.com/SeMinLim/sway
2026-09-28T18:12:53.8639225Z  * [new ref]         69e5106c7c8256ba7d54bc9deceb06db4ded6a6f -> origin/codex/baseline-pnr-validation
2026-09-28T18:12:53.8645492Z ##[endgroup]
2026-09-28T18:12:53.8647581Z ##[group]Determining the checkout info
2026-09-28T18:12:53.8649960Z ##[endgroup]
2026-09-28T18:12:53.8651129Z [command]/usr/bin/git sparse-checkout disable
2026-09-28T18:12:53.8693528Z [command]/usr/bin/git config --local --unset-all extensions.worktreeConfig
2026-09-28T18:12:53.8718465Z ##[group]Checking out the ref
2026-09-28T18:12:53.8721762Z [command]/usr/bin/git checkout --progress --force -B codex/baseline-pnr-validation refs/remotes/origin/codex/baseline-pnr-validation
2026-09-28T18:12:53.9443944Z Switched to a new branch 'codex/baseline-pnr-validation'
2026-09-28T18:12:53.9449923Z branch 'codex/baseline-pnr-validation' set up to track 'origin/codex/baseline-pnr-validation'.
2026-09-28T18:12:53.9454346Z ##[endgroup]
2026-09-28T18:12:53.9483531Z [command]/usr/bin/git log -1 --format=%H
2026-09-28T18:12:53.9501604Z 69e5106c7c8256ba7d54bc9deceb06db4ded6a6f
2026-09-28T18:12:53.9508659Z ##[group]Removing auth
2026-09-28T18:12:53.9511316Z [command]/usr/bin/git config --local --name-only --get-regexp core\.sshCommand
2026-09-28T18:12:53.9535106Z [command]/usr/bin/git submodule foreach --recursive sh -c "git config --local --name-only --get-regexp 'core\.sshCommand' && git config --local --unset-all 'core.sshCommand' || :"
2026-09-28T18:12:53.9690580Z [command]/usr/bin/git config --local --name-only --get-regexp http\.https\:\/\/github\.com\/\.extraheader
2026-09-28T18:12:53.9708165Z http.https://github.com/.extraheader
2026-09-28T18:12:53.9715693Z [command]/usr/bin/git config --local --unset-all http.https://github.com/.extraheader
2026-09-28T18:12:53.9742470Z [command]/usr/bin/git submodule foreach --recursive sh -c "git config --local --name-only --get-regexp 'http\.https\:\/\/github\.com\/\.extraheader' && git config --local --unset-all 'http.https://github.com/.extraheader' || :"
2026-09-28T18:12:53.9894411Z [command]/usr/bin/git config --local --name-only --get-regexp ^includeIf\.gitdir:
2026-09-28T18:12:53.9915536Z [command]/usr/bin/git submodule foreach --recursive git config --local --show-origin --name-only --get-regexp remote.origin.url
2026-09-28T18:12:54.0067276Z ##[endgroup]
2026-09-28T18:12:54.0291638Z ##[group]Run set -euo pipefail
2026-09-28T18:12:54.0293375Z [36;1mset -euo pipefail[0m
2026-09-28T18:12:54.0295657Z [36;1mmkdir -p "$RUNNER_TEMP/sway-tools/bsc" "$RUNNER_TEMP/sway-verification"[0m
2026-09-28T18:12:54.0297854Z [36;1msudo apt-get update[0m
2026-09-28T18:12:54.0300179Z [36;1msudo apt-get install --no-install-recommends -y ca-certificates curl git make g++ python3 iverilog libgmp10 libtcl8.6 libstdc++6[0m
2026-09-28T18:12:54.0304333Z [36;1mcurl --fail --location --retry 3 --output "$RUNNER_TEMP/bsc.tar.gz" "https://github.com/B-Lang-org/bsc/releases/download/2026.01/bsc-2026.01-ubuntu-24.04.tar.gz"[0m
2026-09-28T18:12:54.0308411Z [36;1mprintf '%s  %s\n' '6d13db288cf268dc1331f05b277c414b4ff1c1ab9618a6526ba16ad29e484e43' "$RUNNER_TEMP/bsc.tar.gz" | sha256sum --check -[0m
2026-09-28T18:12:54.0311601Z [36;1mtar -xzf "$RUNNER_TEMP/bsc.tar.gz" --strip-components=1 -C "$RUNNER_TEMP/sway-tools/bsc"[0m
2026-09-28T18:12:54.0313874Z [36;1mecho "$RUNNER_TEMP/sway-tools/bsc/bin" >> "$GITHUB_PATH"[0m
2026-09-28T18:12:54.0316301Z [36;1m"$RUNNER_TEMP/sway-tools/bsc/bin/bsc" -v > "$RUNNER_TEMP/sway-verification/bsc-version.txt" 2>&1[0m
2026-09-28T18:12:54.0318800Z [36;1m/usr/bin/iverilog -V > "$RUNNER_TEMP/sway-verification/iverilog-version.txt" 2>&1[0m
2026-09-28T18:12:54.0321078Z [36;1mgit rev-parse HEAD > "$RUNNER_TEMP/sway-verification/sway-commit.txt"[0m
2026-09-28T18:12:54.0322904Z [36;1mcat "$RUNNER_TEMP/sway-verification/bsc-version.txt"[0m
2026-09-28T18:12:54.0508849Z shell: /usr/bin/bash --noprofile --norc -e -o pipefail {0}
2026-09-28T18:12:54.0510374Z ##[endgroup]
2026-09-28T18:12:54.1690285Z Get:1 file:/etc/apt/apt-mirrors.txt Mirrorlist [144 B]
2026-09-28T18:12:54.2088732Z Get:6 https://packages.microsoft.com/ubuntu/24.04/prod noble InRelease [3600 B]
2026-09-28T18:12:54.2285213Z Hit:2 http://azure.archive.ubuntu.com/ubuntu noble InRelease
2026-09-28T18:12:54.2359101Z Get:3 http://azure.archive.ubuntu.com/ubuntu noble-updates InRelease [126 kB]
2026-09-28T18:12:54.2392657Z Get:4 http://azure.archive.ubuntu.com/ubuntu noble-backports InRelease [126 kB]
2026-09-28T18:12:54.2448300Z Get:5 http://azure.archive.ubuntu.com/ubuntu noble-security InRelease [126 kB]
2026-09-28T18:12:54.3103377Z Get:7 https://packages.microsoft.com/ubuntu/24.04/prod noble/main arm64 Packages [446 kB]
2026-09-28T18:12:54.3306933Z Get:8 https://packages.microsoft.com/ubuntu/24.04/prod noble/main amd64 Packages [498 kB]
2026-09-28T18:12:54.4077493Z Get:9 http://azure.archive.ubuntu.com/ubuntu noble-updates/main amd64 Packages [1319 kB]
2026-09-28T18:12:54.4143574Z Get:10 http://azure.archive.ubuntu.com/ubuntu noble-updates/main Translation-en [299 kB]
2026-09-28T18:12:54.4163204Z Get:11 http://azure.archive.ubuntu.com/ubuntu noble-updates/main amd64 Components [180 kB]
2026-09-28T18:12:54.4178219Z Get:12 http://azure.archive.ubuntu.com/ubuntu noble-updates/universe amd64 Packages [1697 kB]
2026-09-28T18:12:54.4252120Z Get:13 http://azure.archive.ubuntu.com/ubuntu noble-updates/universe Translation-en [340 kB]
2026-09-28T18:12:54.4275929Z Get:14 http://azure.archive.ubuntu.com/ubuntu noble-updates/universe amd64 Components [388 kB]
2026-09-28T18:12:54.4315294Z Get:15 http://azure.archive.ubuntu.com/ubuntu noble-updates/restricted amd64 Packages [1654 kB]
2026-09-28T18:12:54.4368317Z Get:16 http://azure.archive.ubuntu.com/ubuntu noble-updates/restricted Translation-en [377 kB]
2026-09-28T18:12:54.4391656Z Get:17 http://azure.archive.ubuntu.com/ubuntu noble-updates/multiverse amd64 Components [940 B]
2026-09-28T18:12:54.4534381Z Get:18 http://azure.archive.ubuntu.com/ubuntu noble-backports/main amd64 Packages [40.6 kB]
2026-09-28T18:12:54.4996719Z Get:19 http://azure.archive.ubuntu.com/ubuntu noble-backports/main amd64 Components [5756 B]
2026-09-28T18:12:54.5005015Z Get:20 http://azure.archive.ubuntu.com/ubuntu noble-backports/universe amd64 Packages [31.0 kB]
2026-09-28T18:12:54.5014686Z Get:21 http://azure.archive.ubuntu.com/ubuntu noble-backports/universe Translation-en [18.6 kB]
2026-09-28T18:12:54.5023224Z Get:22 http://azure.archive.ubuntu.com/ubuntu noble-backports/universe amd64 Components [12.6 kB]
2026-09-28T18:12:54.5032012Z Get:23 http://azure.archive.ubuntu.com/ubuntu noble-security/main amd64 Packages [1063 kB]
2026-09-28T18:12:54.5090749Z Get:24 http://azure.archive.ubuntu.com/ubuntu noble-security/main Translation-en [220 kB]
2026-09-28T18:12:54.5106715Z Get:25 http://azure.archive.ubuntu.com/ubuntu noble-security/main amd64 Components [46.4 kB]
2026-09-28T18:12:54.5117400Z Get:26 http://azure.archive.ubuntu.com/ubuntu noble-security/universe amd64 Packages [1216 kB]
2026-09-28T18:12:54.5170289Z Get:27 http://azure.archive.ubuntu.com/ubuntu noble-security/universe Translation-en [244 kB]
2026-09-28T18:12:54.5187052Z Get:28 http://azure.archive.ubuntu.com/ubuntu noble-security/universe amd64 Components [76.3 kB]
2026-09-28T18:12:54.5197390Z Get:29 http://azure.archive.ubuntu.com/ubuntu noble-security/restricted amd64 Packages [1559 kB]
2026-09-28T18:12:54.5264433Z Get:30 http://azure.archive.ubuntu.com/ubuntu noble-security/restricted Translation-en [359 kB]
2026-09-28T18:13:03.7359895Z Fetched 12.5 MB in 1s (9541 kB/s)
2026-09-28T18:13:04.4969421Z Reading package lists...
2026-09-28T18:13:04.5267969Z Reading package lists...
2026-09-28T18:13:04.6773484Z Building dependency tree...
2026-09-28T18:13:04.6778797Z Reading state information...
2026-09-28T18:13:04.8269565Z ca-certificates is already the newest version (20260601~24.04.1).
2026-09-28T18:13:04.8270677Z git is already the newest version (1:2.55.0-0ppa1~ubuntu24.04.2).
2026-09-28T18:13:04.8271263Z git set to manually installed.
2026-09-28T18:13:04.8271706Z make is already the newest version (4.3-4.1build2).
2026-09-28T18:13:04.8272349Z g++ is already the newest version (4:13.2.0-7ubuntu1).
2026-09-28T18:13:04.8272848Z python3 is already the newest version (3.12.3-0ubuntu2.1).
2026-09-28T18:13:04.8273376Z libgmp10 is already the newest version (2:6.3.0+dfsg-2ubuntu6.1).
2026-09-28T18:13:04.8273939Z libgmp10 set to manually installed.
2026-09-28T18:13:04.8274737Z libtcl8.6 is already the newest version (8.6.14+dfsg-1build1).
2026-09-28T18:13:04.8275256Z libtcl8.6 set to manually installed.
2026-09-28T18:13:04.8275848Z libstdc++6 is already the newest version (14.2.0-4ubuntu2~24.04.1).
2026-09-28T18:13:04.8276490Z The following additional packages will be installed:
2026-09-28T18:13:04.8276943Z   libcurl3t64-gnutls libcurl4t64
2026-09-28T18:13:04.8295311Z Suggested packages:
2026-09-28T18:13:04.8295972Z   gtkwave
2026-09-28T18:13:04.8466494Z The following NEW packages will be installed:
2026-09-28T18:13:04.8471551Z   iverilog
2026-09-28T18:13:04.8475058Z The following packages will be upgraded:
2026-09-28T18:13:04.8481830Z   curl libcurl3t64-gnutls libcurl4t64
2026-09-28T18:13:04.8620174Z 3 upgraded, 1 newly installed, 0 to remove and 32 not upgraded.
2026-09-28T18:13:04.8620976Z Need to get 3031 kB of archives.
2026-09-28T18:13:04.8621536Z After this operation, 6828 kB of additional disk space will be used.
2026-09-28T18:13:04.8622269Z Get:1 file:/etc/apt/apt-mirrors.txt Mirrorlist [144 B]
2026-09-28T18:13:04.9387349Z Get:2 http://azure.archive.ubuntu.com/ubuntu noble-updates/main amd64 curl amd64 8.5.0-2ubuntu10.15 [227 kB]
2026-09-28T18:13:04.9858515Z Get:3 http://azure.archive.ubuntu.com/ubuntu noble-updates/main amd64 libcurl4t64 amd64 8.5.0-2ubuntu10.15 [343 kB]
2026-09-28T18:13:05.0369908Z Get:4 http://azure.archive.ubuntu.com/ubuntu noble/universe amd64 iverilog amd64 12.0-2build2 [2126 kB]
2026-09-28T18:13:05.1239739Z Get:5 http://azure.archive.ubuntu.com/ubuntu noble-updates/main amd64 libcurl3t64-gnutls amd64 8.5.0-2ubuntu10.15 [336 kB]
2026-09-28T18:13:05.3558429Z Fetched 3031 kB in 0s (10.9 MB/s)
2026-09-28T18:13:05.4634881Z (Reading database ... 
2026-09-28T18:13:05.4635578Z (Reading database ... 5%
2026-09-28T18:13:05.4636071Z (Reading database ... 10%
2026-09-28T18:13:05.4636582Z (Reading database ... 15%
2026-09-28T18:13:05.4637020Z (Reading database ... 20%
2026-09-28T18:13:05.4637502Z (Reading database ... 25%
2026-09-28T18:13:05.4638426Z (Reading database ... 30%
2026-09-28T18:13:05.4638863Z (Reading database ... 35%
2026-09-28T18:13:05.4639358Z (Reading database ... 40%
2026-09-28T18:13:05.4639824Z (Reading database ... 45%
2026-09-28T18:13:05.4640235Z (Reading database ... 50%
2026-09-28T18:13:05.4732420Z (Reading database ... 55%
2026-09-28T18:13:05.8107719Z (Reading database ... 60%
2026-09-28T18:13:06.0670927Z (Reading database ... 65%
2026-09-28T18:13:06.3278887Z (Reading database ... 70%
2026-09-28T18:13:06.5800791Z (Reading database ... 75%
2026-09-28T18:13:06.8927427Z (Reading database ... 80%
2026-09-28T18:13:07.3861194Z (Reading database ... 85%
2026-09-28T18:13:08.0260769Z (Reading database ... 90%
2026-09-28T18:13:08.8050523Z (Reading database ... 95%
2026-09-28T18:13:08.8050997Z (Reading database ... 100%
2026-09-28T18:13:08.8051618Z (Reading database ... 202190 files and directories currently installed.)
2026-09-28T18:13:08.8091002Z Preparing to unpack .../curl_8.5.0-2ubuntu10.15_amd64.deb ...
2026-09-28T18:13:08.8261177Z Unpacking curl (8.5.0-2ubuntu10.15) over (8.5.0-2ubuntu10.13) ...
2026-09-28T18:13:08.8658935Z Preparing to unpack .../libcurl4t64_8.5.0-2ubuntu10.15_amd64.deb ...
2026-09-28T18:13:08.8700131Z Unpacking libcurl4t64:amd64 (8.5.0-2ubuntu10.15) over (8.5.0-2ubuntu10.13) ...
2026-09-28T18:13:08.9005181Z Selecting previously unselected package iverilog.
2026-09-28T18:13:08.9117635Z Preparing to unpack .../iverilog_12.0-2build2_amd64.deb ...
2026-09-28T18:13:08.9127478Z Unpacking iverilog (12.0-2build2) ...
2026-09-28T18:13:08.9778320Z Preparing to unpack .../libcurl3t64-gnutls_8.5.0-2ubuntu10.15_amd64.deb ...
2026-09-28T18:13:08.9836543Z Unpacking libcurl3t64-gnutls:amd64 (8.5.0-2ubuntu10.15) over (8.5.0-2ubuntu10.13) ...
2026-09-28T18:13:09.0395628Z Setting up libcurl4t64:amd64 (8.5.0-2ubuntu10.15) ...
2026-09-28T18:13:09.0420366Z Setting up libcurl3t64-gnutls:amd64 (8.5.0-2ubuntu10.15) ...
2026-09-28T18:13:09.0441552Z Setting up iverilog (12.0-2build2) ...
2026-09-28T18:13:09.0462587Z Setting up curl (8.5.0-2ubuntu10.15) ...
2026-09-28T18:13:09.0485467Z Processing triggers for man-db (2.12.0-4build2) ...
2026-09-28T18:13:09.0506000Z Not building database; man-db/auto-update is not 'true'.
2026-09-28T18:13:09.0518017Z Processing triggers for libc-bin (2.39-0ubuntu8.9) ...
2026-09-28T18:13:11.4695795Z 
2026-09-28T18:13:11.4696605Z Running kernel seems to be up-to-date.
2026-09-28T18:13:11.4697207Z 
2026-09-28T18:13:11.4697388Z Restarting services...
2026-09-28T18:13:11.4828093Z  systemctl restart packagekit.service php8.3-fpm.service
2026-09-28T18:13:11.5562945Z 
2026-09-28T18:13:11.5564808Z No containers need to be restarted.
2026-09-28T18:13:11.5565191Z 
2026-09-28T18:13:11.5565548Z No user sessions are running outdated binaries.
2026-09-28T18:13:11.5565964Z 
2026-09-28T18:13:11.5566363Z No VM guests are running outdated hypervisor (qemu) binaries on this host.
2026-09-28T18:13:12.2631848Z   % Total    % Received % Xferd  Average Speed   Time    Time     Time  Current
2026-09-28T18:13:12.2632642Z                                  Dload  Upload   Total   Spent    Left  Speed
2026-09-28T18:13:12.2633209Z 
2026-09-28T18:13:12.5301571Z   0     0    0     0    0     0      0      0 --:--:-- --:--:-- --:--:--     0
2026-09-28T18:13:12.5302126Z   0     0    0     0    0     0      0      0 --:--:-- --:--:-- --:--:--     0
2026-09-28T18:13:12.7106258Z 
2026-09-28T18:13:12.7107022Z 100 24.6M  100 24.6M    0     0  54.9M      0 --:--:-- --:--:-- --:--:-- 54.9M
2026-09-28T18:13:12.7332712Z /home/runner/work/_temp/bsc.tar.gz: OK
2026-09-28T18:13:13.2855016Z Bluespec Compiler, version 2026.01 (build 9bd39e6f)
2026-09-28T18:13:13.2855700Z This is free software; for source code and copying conditions, see
2026-09-28T18:13:13.2856150Z https://github.com/B-Lang-org/bsc
2026-09-28T18:13:13.2856348Z 
2026-09-28T18:13:13.2856448Z Invoking command line:
2026-09-28T18:13:13.2856711Z bsc -v
2026-09-28T18:13:13.2856904Z 
2026-09-28T18:13:13.2929625Z ##[group]Run set -euo pipefail
2026-09-28T18:13:13.2930006Z [36;1mset -euo pipefail[0m
2026-09-28T18:13:13.2930293Z [36;1mulimit -v 6291456[0m
2026-09-28T18:13:13.2930628Z [36;1mpython3 hw/reference/check_refactor.py \[0m
2026-09-28T18:13:13.2931008Z [36;1m  --bsc "$RUNNER_TEMP/sway-tools/bsc/bin/bsc" \[0m
2026-09-28T18:13:13.2931440Z [36;1m  --backend iverilog --iverilog /usr/bin/iverilog --vvp /usr/bin/vvp \[0m
2026-09-28T18:13:13.2931954Z [36;1m  --divisors 4 --modes stress kernel --skip-arithmetic \[0m
2026-09-28T18:13:13.2932347Z [36;1m  --output "$RUNNER_TEMP/sway-verification/functional" \[0m
2026-09-28T18:13:13.2932790Z [36;1m  2>&1 | tee "$RUNNER_TEMP/sway-verification/functional-run.log"[0m
2026-09-28T18:13:13.2973663Z shell: /usr/bin/bash --noprofile --norc -e -o pipefail {0}
2026-09-28T18:13:13.2974048Z ##[endgroup]
2026-09-28T18:19:09.8367206Z SWAY_REFACTOR_PASS divisor=4 mode=stress outputs=798
2026-09-28T18:24:41.4270326Z SWAY_REFACTOR_PASS divisor=4 mode=kernel outputs=798
2026-09-28T18:24:41.4730776Z ##[group]Run set -euo pipefail
2026-09-28T18:24:41.4731165Z [36;1mset -euo pipefail[0m
2026-09-28T18:24:41.4731492Z [36;1mulimit -v 6291456[0m
2026-09-28T18:24:41.4732173Z [36;1mpython3 -c 'import pathlib,re; s=pathlib.Path("hw/bsv/SwayTypes.bsv").read_text(); assert re.search(r"typedef\s+4\s+ParallelismDivisor;", s), "Warm-reset source must be divisor 4"'[0m
2026-09-28T18:24:41.4732883Z [36;1mpython3 hw/reference/check_warm_reset.py \[0m
2026-09-28T18:24:41.4733220Z [36;1m  --hw-root "$GITHUB_WORKSPACE/hw" \[0m
2026-09-28T18:24:41.4733595Z [36;1m  --bsc "$RUNNER_TEMP/sway-tools/bsc/bin/bsc" \[0m
2026-09-28T18:24:41.4733970Z [36;1m  --iverilog /usr/bin/iverilog --vvp /usr/bin/vvp \[0m
2026-09-28T18:24:41.4734630Z [36;1m  --output "$RUNNER_TEMP/sway-verification/warm-reset" \[0m
2026-09-28T18:24:41.4735057Z [36;1m  2>&1 | tee "$RUNNER_TEMP/sway-verification/warm-reset-run.log"[0m
2026-09-28T18:24:41.4770310Z shell: /usr/bin/bash --noprofile --norc -e -o pipefail {0}
2026-09-28T18:24:41.4770742Z ##[endgroup]
2026-09-28T18:31:03.8636118Z ##[group]Run python3 - <<'PY'
2026-09-28T18:31:03.8636547Z [36;1mpython3 - <<'PY'[0m
2026-09-28T18:31:03.8636854Z [36;1mimport hashlib, json, os[0m
2026-09-28T18:31:03.8637167Z [36;1mfrom pathlib import Path[0m
2026-09-28T18:31:03.8637927Z [36;1mbase = Path(os.environ["RUNNER_TEMP"]) / "sway-verification"[0m
2026-09-28T18:31:03.8638298Z [36;1msummaries = [][0m
2026-09-28T18:31:03.8638713Z [36;1mcandidates = [base / "functional/validation.json", base / "warm-reset/result.json",[0m
2026-09-28T18:31:03.8639172Z [36;1m              base / "physical/report.json"][0m
2026-09-28T18:31:03.8639505Z [36;1mfor path in candidates:[0m
2026-09-28T18:31:03.8639793Z [36;1m    if not path.is_file():[0m
2026-09-28T18:31:03.8640071Z [36;1m        continue[0m
2026-09-28T18:31:03.8640358Z [36;1m    result = json.loads(path.read_text())[0m
2026-09-28T18:31:03.8640724Z [36;1m    print(f"SWAY_REPORT {path.relative_to(base)}")[0m
2026-09-28T18:31:03.8641246Z [36;1m    print(json.dumps(result, indent=2))[0m
2026-09-28T18:31:03.8641736Z [36;1m    hashes = result.get("source_sha256", {})[0m
2026-09-28T18:31:03.8642261Z [36;1m    digest = hashlib.sha256(json.dumps(hashes, sort_keys=True, separators=(",", ":")).encode()).hexdigest()[0m
2026-09-28T18:31:03.8642843Z [36;1m    summary = {"report": str(path.relative_to(base)), "status": result.get("status"),[0m
2026-09-28T18:31:03.8643355Z [36;1m               "error": result.get("error"), "source_files": len(hashes),[0m
2026-09-28T18:31:03.8643747Z [36;1m               "source_manifest_sha256": digest,[0m
2026-09-28T18:31:03.8644362Z [36;1m               "source_hashes_unchanged": result.get("source_hashes_unchanged", result.get("source_unchanged")),[0m
2026-09-28T18:31:03.8644885Z [36;1m               "reported_clocks": result.get("reported_clocks"),[0m
2026-09-28T18:31:03.8645399Z [36;1m               "configurations": [{"divisor": x.get("parallelism_divisor"), "mode": x.get("mode"),[0m
2026-09-28T18:31:03.8645967Z [36;1m                                   "status": x.get("status"), "outputs": x.get("scalar_outputs_checked")}[0m
2026-09-28T18:31:03.8646435Z [36;1m                                  for x in result.get("configurations", [])]}[0m
2026-09-28T18:31:03.8646815Z [36;1m    summaries.append(summary)[0m
2026-09-28T18:31:03.8647141Z [36;1mdetail = base / "physical/nextpnr.json"[0m
2026-09-28T18:31:03.8647442Z [36;1mif detail.is_file():[0m
2026-09-28T18:31:03.8647780Z [36;1m    result = json.loads(detail.read_text())[0m
2026-09-28T18:31:03.8648220Z [36;1m    compact = {key: result[key] for key in ("fmax", "critical_paths") if key in result}[0m
2026-09-28T18:31:03.8648757Z [36;1m    compact["detailed_report_sha256"] = hashlib.sha256(detail.read_bytes()).hexdigest()[0m
2026-09-28T18:31:03.8649300Z [36;1m    (base / "physical/timing_summary.json").write_text(json.dumps(compact, indent=2) + "\n")[0m
2026-09-28T18:31:03.8649814Z [36;1m    print("SWAY_ROUTED_FMAX " + json.dumps(result.get("fmax", {}), sort_keys=True))[0m
2026-09-28T18:31:03.8650399Z [36;1m    print("SWAY_ROUTED_CRITICAL_PATHS " + json.dumps(result.get("critical_paths", []), sort_keys=True))[0m
2026-09-28T18:31:03.8650839Z [36;1m    slow = [][0m
2026-09-28T18:31:03.8651175Z [36;1m    for net in result.get("detailed_net_timings", []):[0m
2026-09-28T18:31:03.8651526Z [36;1m        if "100mhz" not in net.get("event", ""):[0m
2026-09-28T18:31:03.8651819Z [36;1m            continue[0m
2026-09-28T18:31:03.8652158Z [36;1m        for endpoint in net.get("endpoints", []):[0m
2026-09-28T18:31:03.8652571Z [36;1m            if "100mhz" in endpoint.get("event", "") and max(endpoint["delay"]) > 9.5:[0m
2026-09-28T18:31:03.8653086Z [36;1m                slow.append({"delay": max(endpoint["delay"]), "driver": net["driver"], "net": net["net"],[0m
2026-09-28T18:31:03.8653595Z [36;1m                             "cell": endpoint["cell"], "port": endpoint["port"]})[0m
2026-09-28T18:31:03.8654225Z [36;1m    slow.sort(key=lambda item: item["delay"], reverse=True)[0m
2026-09-28T18:31:03.8654833Z [36;1m    print("SWAY_SLOW_ENDPOINTS " + json.dumps(slow[:200], sort_keys=True))[0m
2026-09-28T18:31:03.8655297Z [36;1mbase.mkdir(parents=True, exist_ok=True)[0m
2026-09-28T18:31:03.8655702Z [36;1m(base / "ci-summary.json").write_text(json.dumps(summaries, indent=2) + "\n")[0m
2026-09-28T18:31:03.8656164Z [36;1mwith open(os.environ["GITHUB_STEP_SUMMARY"], "a") as output:[0m
2026-09-28T18:31:03.8656604Z [36;1m    output.write("Commit: " + os.environ["GITHUB_SHA"] + "\n\n")[0m
2026-09-28T18:31:03.8656987Z [36;1m    fence = chr(96) * 3[0m
2026-09-28T18:31:03.8657370Z [36;1m    output.write(fence + "json\n" + json.dumps(summaries, indent=2) + "\n" + fence + "\n")[0m
2026-09-28T18:31:03.8657770Z [36;1m    if not summaries:[0m
2026-09-28T18:31:03.8658149Z [36;1m        output.write("No checker report was produced; inspect setup/build logs.\n")[0m
2026-09-28T18:31:03.8658555Z [36;1mPY[0m
2026-09-28T18:31:03.8692799Z shell: /usr/bin/bash --noprofile --norc -e -o pipefail {0}
2026-09-28T18:31:03.8693209Z ##[endgroup]
2026-09-28T18:31:03.8962142Z SWAY_REPORT functional/validation.json
2026-09-28T18:31:03.8963110Z {
2026-09-28T18:31:03.8963649Z   "status": "pass",
2026-09-28T18:31:03.8964456Z   "compiler": "/home/runner/work/_temp/sway-tools/bsc/bin/bsc",
2026-09-28T18:31:03.8965201Z   "source_sha256": {
2026-09-28T18:31:03.8965984Z     "bsv/SwayBaseline.bsv": "166b828b5c3d498dd5fdcd88127ffdc5c2d13c371c6449ea8131bd86fe0a0f1b",
2026-09-28T18:31:03.8967128Z     "bsv/SwayBlock.bsv": "eea28575bb9ef9220d0415e5661a4f5276c198b4251ea5d00dbf19c7c5bb69ce",
2026-09-28T18:31:03.8968145Z     "bsv/SwayClock.bsv": "0837c9f0c98e67e2b933a3d411342a05e4f15fd36f03ac44f297e871cc652c81",
2026-09-28T18:31:03.8969173Z     "bsv/SwayLinear.bsv": "c1d478b6879712a99e96657ebbe042e84b988acca632d619dee286b96e35c98c",
2026-09-28T18:31:03.8970316Z     "bsv/SwayMultiply.bsv": "47b3d0a36d4e50c7b75b2c8d8e484eff13d513f83a8373d50f4a34cf89a29be9",
2026-09-28T18:31:03.8971372Z     "bsv/SwayNorm.bsv": "e6d745634fea68b52e4a3e4cba195d83be1bcc57d57b05a11fd88b2bb440eb5f",
2026-09-28T18:31:03.8972527Z     "bsv/SwayScan.bsv": "2b9d1c22030869a1abffc3ad4fdbff8a468111fa17e136f21bae4c17ee0d275e",
2026-09-28T18:31:03.8973604Z     "bsv/SwayTypes.bsv": "5921edce99813d9c590c61496721d659a1a4b424bef837024518f2721ec67607",
2026-09-28T18:31:03.8975134Z     "generated/GeneratedTestConfig.bsv": "74aee8f80bda41ec1aef155a909cc21a1810e581b330e0dcd43f251e2c06ffa6",
2026-09-28T18:31:03.8976377Z     "generated/SwayParameters.bsv": "cfa5f1526f37ae09740986e4cccd92a7facd0686cd27eca784c88f4d721dac45",
2026-09-28T18:31:03.8977540Z     "generated/linear_rom/bank000.hex": "d0468693dd6c57928d8d518f789e14f49a97d5420a3b4b677fb7b986dc4eaa0d",
2026-09-28T18:31:03.8978728Z     "generated/linear_rom/bank001.hex": "95fbc5708f61f410cc83d3e9e1a0509dd2392989f91449260a753758e01b578b",
2026-09-28T18:31:03.8979878Z     "generated/linear_rom/bank002.hex": "d4e7fdedee24697aa5408b744d9b4db370f598a5ac1a81662fde5dd50db18782",
2026-09-28T18:31:03.8981011Z     "generated/linear_rom/bank003.hex": "bf62c7c73bdbb1e02ece9065521cdd5a327ec77498dcf60f7ffd377328309e28",
2026-09-28T18:31:03.8982415Z     "generated/linear_rom/bank004.hex": "069ac39fe120f7eccfb89e4ed1dc6a94fb3565fdfda765c512e8a8ae2770925f",
2026-09-28T18:31:03.8983699Z     "generated/linear_rom/bank005.hex": "f1bfc10824a0d55a1630f130f3d72b37f49ebde45f3d49c915e053ed46e72d23",
2026-09-28T18:31:03.8985211Z     "generated/linear_rom/bank006.hex": "3e98511cb6308d24a382f64f3c8458ccf797dffeb6a804373069e8e2f11f238e",
2026-09-28T18:31:03.8986314Z     "generated/linear_rom/bank007.hex": "add5c27e4bcf36bbf8892e56267d0600afb24d3273db0d0d28653e27b4f6f05f",
2026-09-28T18:31:03.8987383Z     "generated/linear_rom/bank008.hex": "b462510414b4609964f9c942ee38a04c6a2cbc1def0e6e6538550a8acc429c94",
2026-09-28T18:31:03.8988566Z     "generated/linear_rom/bank009.hex": "76d05ef8823d18d0d1a2ba22ca799433a323f44f676e4b020b6acd6f44073530",
2026-09-28T18:31:03.8990089Z     "generated/linear_rom/bank010.hex": "da9bb7105854b941ca6609092c4fda6d62bf157ac8bebb1ac42a98ad2be6aac9",
2026-09-28T18:31:03.8991482Z     "generated/linear_rom/bank011.hex": "41995f3b57b5c37aae4399199708e2f0634e384cdf0f07d6ded6092125507bc1",
2026-09-28T18:31:03.8992630Z     "generated/linear_rom/bank012.hex": "7c08f4aba52d147ff435cba8bc517ebf3a717ff45aacfe9a46966e8f636f61b6",
2026-09-28T18:31:03.8994042Z     "generated/linear_rom/bank013.hex": "81311c0f2c0bcf41ebbf0e8d7b81f93b5d64cf50510ef68e9106dc2f56907391",
2026-09-28T18:31:03.8995390Z     "generated/linear_rom/bank014.hex": "07e139ec3b82817d5afd7feb831e6330aec05ddca4e738430f144bd049abb3fb",
2026-09-28T18:31:03.8996572Z     "generated/linear_rom/bank015.hex": "006c728e22ee72d431a6ac295de5c99321094441e157a36a29c01e944427bdcf",
2026-09-28T18:31:03.8997770Z     "generated/linear_rom/bank016.hex": "e3b2ae310d1e4eca98d50ace38e21a7f2b780db91fc28749bf4da7c557777f05",
2026-09-28T18:31:03.8999058Z     "generated/linear_rom/bank017.hex": "d864d15566a61660d8e29a2c2d0fc603f32e91e0f9240a4af955b2ec964371ac",
2026-09-28T18:31:03.9000198Z     "generated/linear_rom/bank018.hex": "f48d19c250bc3e17c7ecd099b446c7f71e0e4d11997e9320690e5dc7d537b574",
2026-09-28T18:31:03.9001693Z     "generated/linear_rom/bank019.hex": "d1f8b740b2ad284e4dad061f9371c071358251231ee9bc01e4d22cf478d1b151",
2026-09-28T18:31:03.9002844Z     "generated/linear_rom/bank020.hex": "4900124fc8380c182689f14691e0be3384ab06bb13955141ccc1b6e0c5fdf05f",
2026-09-28T18:31:03.9004228Z     "generated/linear_rom/bank021.hex": "aad20d0ab187328d33b1e9ac4eee4fced8dbb8acfe969815d772e8aba86ac05d",
2026-09-28T18:31:03.9005432Z     "generated/linear_rom/bank022.hex": "db3f8a6b17292c486e05859e2b842fd06a4922f8b7f609672a9009a1bb152b33",
2026-09-28T18:31:03.9006687Z     "generated/linear_rom/bank023.hex": "f0cc206aef0ca6fecaa3ec76850515fc7d8450a8f92a78f46571f057c9d63199",
2026-09-28T18:31:03.9007862Z     "generated/linear_rom/bank024.hex": "db3f8a6b17292c486e05859e2b842fd06a4922f8b7f609672a9009a1bb152b33",
2026-09-28T18:31:03.9009028Z     "generated/linear_rom/bank025.hex": "f0cc206aef0ca6fecaa3ec76850515fc7d8450a8f92a78f46571f057c9d63199",
2026-09-28T18:31:03.9010251Z     "generated/linear_rom/bank026.hex": "2a00bed487b115d8cd7a16217487ae3d4e3def97ad18f15d9e42bbd891051286",
2026-09-28T18:31:03.9011434Z     "generated/linear_rom/bank027.hex": "2a00bed487b115d8cd7a16217487ae3d4e3def97ad18f15d9e42bbd891051286",
2026-09-28T18:31:03.9012594Z     "generated/linear_rom/bank028.hex": "a6212d63336db9814fee540f80392f401cc530e2eb0753b06bea834d034c92e7",
2026-09-28T18:31:03.9013714Z     "generated/linear_rom/bank029.hex": "4271c6c7bf974ed0a1fdcebc800edb9942d5c91c9394a64cc7b4a6b499c7ef08",
2026-09-28T18:31:03.9014868Z     "generated/linear_rom/bank030.hex": "3981dc6e301b047659146f63fb3637e848dfaef8fec77d393fb22515badb0067",
2026-09-28T18:31:03.9015994Z     "generated/linear_rom/bank031.hex": "ef589cb0566b42409c4457cc85dc296a9d6c5606b029bce8ff1e9caeff4e98e0",
2026-09-28T18:31:03.9017033Z     "generated/linear_rom/bank032.hex": "b310c95bd9b5b9285a1861b7e2c6ca563f38c708c87cd4885e524d802a88d99b",
2026-09-28T18:31:03.9018203Z     "generated/linear_rom/bank033.hex": "5fa4dbd1dcd83a369a3f5a8d5742ee00b9be9db605e2249cd57fcc51cf7a47cb",
2026-09-28T18:31:03.9019369Z     "generated/linear_rom/bank034.hex": "cc342ac8af4bca5726a7b7d765972277c330c01361acc3d9cae9e1482cbf7ebb",
2026-09-28T18:31:03.9020103Z     "generated/linear_rom/bank035.hex": "802f867b445ef1b094378db552b8e0051cad88ccf46836df97b32d8bb5c39b5a",
2026-09-28T18:31:03.9020922Z     "generated/linear_rom/bank036.hex": "60c2a75728ca7ed010eae01feb789a30fc4d4b0bcd9f1c4b82cec8bc7b9d0df9",
2026-09-28T18:31:03.9021951Z     "generated/linear_rom/bank037.hex": "5312f584d6be3d8a990a5c7506cc9e81a60aa177c7a4e30ff4ab94c9f06f0149",
2026-09-28T18:31:03.9022807Z     "generated/linear_rom/bank038.hex": "94835dbc65c0ac11aaa40554c460c9172c89f635f22b3c6a892955290cd116a7",
2026-09-28T18:31:03.9023671Z     "generated/linear_rom/bank039.hex": "89585f3ec295ab84f42c57884dd3418021e5a53eb7869efeea674b464cb13c7b",
2026-09-28T18:31:03.9024896Z     "generated/linear_rom/bank040.hex": "6e8244da7d59ce92073bf73416533be949b0238dadde9f6ce594444011d11ed7",
2026-09-28T18:31:03.9025800Z     "generated/linear_rom/bank041.hex": "72c40f1d02235c173a4b390c813958286c1da2e0adaec1b40d352326cebc4104",
2026-09-28T18:31:03.9026708Z     "generated/linear_rom/bank042.hex": "836dc993c79051b1318589a7f2e3b2b3adc196723efbbf8acaba039e6b70534a",
2026-09-28T18:31:03.9027638Z     "generated/linear_rom/bank043.hex": "52563fa44dc400399aa913a949eb52e5194995b636d537903201844ff4948738",
2026-09-28T18:31:03.9028380Z     "generated/linear_rom/bank044.hex": "222468fff6c4d02781f99539b313c9fabb52f0c809efceac9a664dd6c6983a42",
2026-09-28T18:31:03.9028989Z     "generated/linear_rom/bank045.hex": "daa7af4c5284c5bb9dba1ff786946696bb86c29806e4a98490a3a6bc3bb17895",
2026-09-28T18:31:03.9029608Z     "generated/linear_rom/bank046.hex": "4f8d6cf2c22c49cae3484a05b2017885458211e2e36f8100f17d6d9ac98368eb",
2026-09-28T18:31:03.9030366Z     "generated/linear_rom/bank047.hex": "b97a677d260699d7eef4309bb8b80a4b8d32e6d98b2280ba68e97859af7aaeea",
2026-09-28T18:31:03.9030970Z     "generated/linear_rom/bank048.hex": "11f582eda0f73cc3413a5b806a0e490800b6fa32d72739b1d664c0a1ea72d173",
2026-09-28T18:31:03.9031617Z     "generated/linear_rom/bank049.hex": "d03ebcbcc54e4ded9130fa5c179ec351a3db8948c547ea0ba568b8254b96f13f",
2026-09-28T18:31:03.9032199Z     "generated/linear_rom/bank050.hex": "1feb4a18ccaa792377f5a8b123372b055745c156461b4557d14a634bee462a38",
2026-09-28T18:31:03.9032785Z     "generated/linear_rom/bank051.hex": "e732ac7ffacfc6568427658c38c2163ea45224de47b2bbdac50523595c51b080",
2026-09-28T18:31:03.9033411Z     "generated/linear_rom/bank052.hex": "389d8678f7063da1b45e914817c016ff6794c48096b21c2402bee4efb80599c8",
2026-09-28T18:31:03.9033982Z     "generated/linear_rom/bank053.hex": "406782c8eedf5fa66b20289bbed13f1bec1d15a8d6870fa84e22861f895f2d86",
2026-09-28T18:31:03.9034762Z     "generated/linear_rom/bank054.hex": "2e46474cb378a7d3d0375c729bc3e4af24657cbe7c039104885a9a688b353637",
2026-09-28T18:31:03.9035354Z     "generated/linear_rom/bank055.hex": "dcde238005c34ba812e113093649ab745dcb54061f53e4e672eb3c1cc8b26a8f",
2026-09-28T18:31:03.9035936Z     "generated/linear_rom/bank056.hex": "fd4d9520d3059cbccc6a9e50bdf20f710ef859955b7df2e5be82b98547d3cdc9",
2026-09-28T18:31:03.9036549Z     "generated/linear_rom/bank057.hex": "485aa0bbf3eb8eb59096d8c47f8bf296d90fb3727703292741a54f9b5c69aeaf",
2026-09-28T18:31:03.9037124Z     "generated/linear_rom/bank058.hex": "2144fe9fe0fa5b0d88c37d2d6a18a6275adae7dacbd7791c1c4ed7e63f5b0e63",
2026-09-28T18:31:03.9037739Z     "generated/linear_rom/bank059.hex": "a75f2dee2a9af8196422aa0cc6aeb26d1632bcfc7ed0403bb7a0e463b1f1a82b",
2026-09-28T18:31:03.9038335Z     "generated/linear_rom/bank060.hex": "94c944f9ccbfb1943df1adbc42b812cfb21e171603b2171f40a791f881a5d0ba",
2026-09-28T18:31:03.9038913Z     "generated/linear_rom/bank061.hex": "09ebf484e3cc3aab912a063fc2216f349c3bacf85cf76fcb31fd729e330aa5f0",
2026-09-28T18:31:03.9039524Z     "generated/linear_rom/bank062.hex": "885b073a3a786046a78b5ed6a955dac71957d5d3e844ba003804fd1839c05850",
2026-09-28T18:31:03.9040090Z     "generated/linear_rom/bank063.hex": "b384259fefad0b04a678932d2586c5f08ecde992c737be568b682c608d14fe87",
2026-09-28T18:31:03.9040659Z     "generated/linear_rom/bank064.hex": "25c41e14e75e823b482eefb0c07d5d77b2fd7bce5667f48e740140cb982ddcf6",
2026-09-28T18:31:03.9041279Z     "generated/linear_rom/bank065.hex": "56a18311ef21b0ea0aca91a7bf1303b948dab4843a21dbb9075d051e5b77147c",
2026-09-28T18:31:03.9041859Z     "generated/linear_rom/bank066.hex": "cb71c82ba15604199d75aaf63cf32ae0f70d0513f59a72ac2ee6cfd7449b4885",
2026-09-28T18:31:03.9042554Z     "generated/linear_rom/bank067.hex": "2a77094317672c57cf81946eee5239f1f7d1f0c30cc942aced87f982ccc1de18",
2026-09-28T18:31:03.9043123Z     "generated/linear_rom/bank068.hex": "4c9b34a45f161910703e8c6722ce3eb17047f644833d47eb39edb04fb7c93618",
2026-09-28T18:31:03.9043688Z     "generated/linear_rom/bank069.hex": "155e3baa3fb552bf29e6b7f3d1f1c02f9678ca5f410fcf85f749d9e791a01b01",
2026-09-28T18:31:03.9044477Z     "generated/linear_rom/bank070.hex": "72f808b43b75c6c5dcb5098fe2a650ae3f3575358c3a330f7876baebd36402af",
2026-09-28T18:31:03.9045103Z     "generated/linear_rom/bank071.hex": "e7316ca56d611a5d2ae964946f8ea561900f996b35339766460850076ec09b1c",
2026-09-28T18:31:03.9045689Z     "generated/linear_rom/bank072.hex": "1b17834571dea90f0412ce7a80a67fac670712bb7261fbbcbf32728b7154a08a",
2026-09-28T18:31:03.9046262Z     "generated/linear_rom/bank073.hex": "e7316ca56d611a5d2ae964946f8ea561900f996b35339766460850076ec09b1c",
2026-09-28T18:31:03.9046828Z     "generated/linear_rom/bank074.hex": "1b17834571dea90f0412ce7a80a67fac670712bb7261fbbcbf32728b7154a08a",
2026-09-28T18:31:03.9047430Z     "generated/linear_rom/bank075.hex": "2a00bed487b115d8cd7a16217487ae3d4e3def97ad18f15d9e42bbd891051286",
2026-09-28T18:31:03.9048004Z     "generated/linear_rom/bank076.hex": "2a00bed487b115d8cd7a16217487ae3d4e3def97ad18f15d9e42bbd891051286",
2026-09-28T18:31:03.9048634Z     "generated/linear_rom/bank077.hex": "a1fddda3605e9632a3b5819bd783285f78b54d706d52cf2d3290812aa0035e65",
2026-09-28T18:31:03.9049215Z     "generated/linear_rom/bank078.hex": "9aeaab13eb0b5dc3d7898c58f89b2df5fa7ebc01d70e65d7ea90dd5b54edcddd",
2026-09-28T18:31:03.9049826Z     "generated/linear_rom/bank079.hex": "153ab8bf480c05e529f5b07335e2b90661c8ab9aef93402b4dd64ed9fd0d6848",
2026-09-28T18:31:03.9050434Z     "generated/linear_rom/bank080.hex": "c72aaec677aaec60c159872cc85357cda7756dc1d5d832f567cb684fd4e0e18e",
2026-09-28T18:31:03.9051039Z     "generated/linear_rom/bank081.hex": "1b135178c807c25e28e24d5a0db9e2e58a2e7987174e06e88bfbfb1764ab1f72",
2026-09-28T18:31:03.9051614Z     "generated/linear_rom/bank082.hex": "734ea2b4ac187f31c27f368a656ad8a2ba8b98d940988ac8cd644075c759400f",
2026-09-28T18:31:03.9052221Z     "generated/linear_rom/bank083.hex": "8e078a6d810b55b2a189f2667489ae2e09f319a57d1c0a6a05b1a9c9d1675971",
2026-09-28T18:31:03.9052787Z     "generated/linear_rom/bank084.hex": "412c345de5b17f0e8e98de099df94329ca43ac757c4b877b5df8c8e39885874d",
2026-09-28T18:31:03.9053393Z     "generated/linear_rom/bank085.hex": "e11b96a1b844d94b812b624d0eefed4f7b596a326911f8e291f03101bc0804d1",
2026-09-28T18:31:03.9054014Z     "generated/linear_rom/bank086.hex": "9dcaed41f52b5e691f42905ab15d69436e419159509792c1b7b5c48b49275c2f",
2026-09-28T18:31:03.9054792Z     "generated/linear_rom/bank087.hex": "d99a1aae53b9e0784086570640755fbada5d394b470da99c200ddc81f0663cf2",
2026-09-28T18:31:03.9055379Z     "generated/linear_rom/bank088.hex": "706cdf92f006eb769c424c8905813dca18d550ea294c7a48d4187b8a975ddcef",
2026-09-28T18:31:03.9055951Z     "generated/linear_rom/bank089.hex": "7d3e691de3e854567b602d9654c3c42574ca229b8a5acf6fdf25e2ae2232c061",
2026-09-28T18:31:03.9056578Z     "generated/linear_rom/bank090.hex": "64a2d56afbdc8bdf5ae1e7bd3dcff0c4a01a66b6acd796e28fb9f1640e07092c",
2026-09-28T18:31:03.9057194Z     "generated/linear_rom/bank091.hex": "9080ed6e4f557248c16f7d95ea606b77fee2e96b4f4115ecfc2c5fe226e12759",
2026-09-28T18:31:03.9057763Z     "generated/linear_rom/bank092.hex": "138805f24b37b0d8d13675215751f4bf78d9fdfa1fea639103f5f86d9d0f147d",
2026-09-28T18:31:03.9058339Z     "generated/linear_rom/bank093.hex": "020e4417021a6923c130c2aaed726c34792dae97f5f3ca27242eb5fd7dcf139b",
2026-09-28T18:31:03.9058914Z     "generated/linear_rom/bank094.hex": "31b2af35cd85fe9513d688721774b27a278ce37378d8f1990b5a4ec4291e0a7d",
2026-09-28T18:31:03.9059505Z     "generated/linear_rom/bank095.hex": "3dd0b582ffb50235e1a4ae86a23c6083785d8596df3921cf5699e7d38b6f0fb5",
2026-09-28T18:31:03.9060121Z     "generated/linear_rom/bank096.hex": "a5226dfedd470d78a90e5ed6516df08ff9a73d0acde75a2446a777a994e9dd02",
2026-09-28T18:31:03.9060703Z     "generated/linear_rom/bank097.hex": "acde26890a168beabc7eb5b427d49c15cb374e95ce3b1ad4f3a53e4611f4a38e",
2026-09-28T18:31:03.9061290Z     "generated/linear_rom/bank098.hex": "09400e6a9dd6a04159dbeda5092568a30cd42dac7e26174fca7721b2159ce3da",
2026-09-28T18:31:03.9061863Z     "generated/linear_rom/bank099.hex": "4360d9483903ebc165ebc2603555b6dd2274bfb86f8b8d4850730ff97eef209a",
2026-09-28T18:31:03.9062513Z     "generated/linear_rom/bank100.hex": "6a91f844ab33ee190ba2c9d26f4ed6ebc5e673a88aa84b3ae8e71ff9dbe4d5b7",
2026-09-28T18:31:03.9063091Z     "generated/linear_rom/bank101.hex": "ce8369a6606382ed3fb5b1426fa6b300a021a20cda43fee474a00b001f346dc0",
2026-09-28T18:31:03.9063705Z     "generated/linear_rom/bank102.hex": "85cb40943bb722a126a682d08e6b4637569dce59bc1a94df4cda6c1d2cc6e5c5",
2026-09-28T18:31:03.9064476Z     "generated/linear_rom/bank103.hex": "fa4f89692dde83c092b1cab1754c0851961fce7b604dd4250bb49b6b734c89d2",
2026-09-28T18:31:03.9065065Z     "generated/linear_rom/bank104.hex": "66a5d317a5c23c5cd28a90e9d54c5becb68c24e851c79c541c6d9b8366d148fd",
2026-09-28T18:31:03.9065688Z     "generated/linear_rom/bank105.hex": "a7c84972ec443d3e210abc209e7103c028f0006cd729f60e82a3daf7b12757bd",
2026-09-28T18:31:03.9066254Z     "generated/linear_rom/bank106.hex": "162ba567595371122db221d54512f499dcd18655a5f361b6a15b2e821361381b",
2026-09-28T18:31:03.9066826Z     "generated/linear_rom/bank107.hex": "863d7e0310f3e5d2b2069b8c5a5e3449551cf1a4c8d9b4ef695af808163058ce",
2026-09-28T18:31:03.9067432Z     "generated/linear_rom/bank108.hex": "ee0fca6144ea4a9a954dc0e277ee44676636505d5a1da58d244ab7ec719ef08a",
2026-09-28T18:31:03.9068087Z     "generated/linear_rom/bank109.hex": "9505fbcdb27370172651cf0c0e7c0f06b6de4efd22f486044c18a9c0b3f17daa",
2026-09-28T18:31:03.9068693Z     "generated/linear_rom/bank110.hex": "91c09f964f214ce950d7803686a155a2e136fdb5c3d2d487ba6a906d3a80e974",
2026-09-28T18:31:03.9069276Z     "generated/linear_rom/bank111.hex": "4fbcb1f2cddc67e2990ae244b4db542db2611c099e3cda83d49c7201e1259196",
2026-09-28T18:31:03.9069859Z     "generated/linear_rom/bank112.hex": "ea5ec338c84612fb5b0d1a6a4c0ff4f17acf5c58542f5587ecf6e1849e616045",
2026-09-28T18:31:03.9070470Z     "generated/linear_rom/bank113.hex": "aacb32ffcea1c804e3b30045df8b88feeda6128240d5b1de21f91dee2bda93a7",
2026-09-28T18:31:03.9071050Z     "generated/linear_rom/bank114.hex": "b713eb4614368b28e117ec5c8bdc1ffd1cb990255be497fe2f924526816b89d3",
2026-09-28T18:31:03.9071687Z     "generated/linear_rom/bank115.hex": "2a772fd8596a6df82a8ed107ed63d60b1476f1bb5cb0ae51c30557827ee440cf",
2026-09-28T18:31:03.9072268Z     "generated/linear_rom/bank116.hex": "9a302701679ada8437d61639b89c664bf2bfeb5e19c4f057550e4e5d61966b0b",
2026-09-28T18:31:03.9072830Z     "generated/linear_rom/bank117.hex": "728c5c6983475fef32379a1663fd0ab4a4ac9176dc4fe3aaf4863185f269876f",
2026-09-28T18:31:03.9073435Z     "generated/linear_rom/bank118.hex": "b500a68eb55a37dca42b811ef8388d1e8dcd1c85cc166047d7521ecf80513926",
2026-09-28T18:31:03.9074011Z     "generated/test_expected.hex": "f47029ab9b036f15f2eda3ee53451d524d54b4c35df49d6737513d8362e15158",
2026-09-28T18:31:03.9074867Z     "generated/test_input.hex": "0d4c15face2920f62ebfd43363ed027e36943abd3377d2fd234eacbebc7fe59a",
2026-09-28T18:31:03.9075471Z     "reference/check_refactor.py": "95632df2fcabbac0f9459096e4f69b7453198f49cb6d770fa79ce4f6a0199169",
2026-09-28T18:31:03.9076019Z     "reference/check_sim.py": "bc4afcf865ade4878f69a0d27f3a1da347ea31d226983370ca1a76152638df36",
2026-09-28T18:31:03.9076576Z     "rtl/BRAM1Load.v": "9f0ea8d784d9865b4c6c5a97ff20f1689c5b963072a98b9c975870d903091fa4",
2026-09-28T18:31:03.9077171Z     "rtl/sway_mult18x18d.v": "5e7a8be0f9cfce25f7b9546140fae909a09b2c7f0cb90fb6d27f5800a146ad30",
2026-09-28T18:31:03.9077726Z     "sim/TbSway.bsv": "8bc228c8fcb5933c40c19bdd70e7ae2dd8411d80c6ba1c2d0fd3d75f3a98c1d5",
2026-09-28T18:31:03.9078253Z     "sim/TbSwayKernel.bsv": "d2876467c1191ff993170eec4a9e2ffa3b46fab900728c097fcfb063bfe3603e"
2026-09-28T18:31:03.9078651Z   },
2026-09-28T18:31:03.9078895Z   "configurations": [
2026-09-28T18:31:03.9079149Z     {
2026-09-28T18:31:03.9079371Z       "status": "pass",
2026-09-28T18:31:03.9079654Z       "evidence": "generated-Verilog simulation",
2026-09-28T18:31:03.9079956Z       "frames_checked": 14,
2026-09-28T18:31:03.9080256Z       "scalar_outputs_checked": 798,
2026-09-28T18:31:03.9080545Z       "input_words": 4480,
2026-09-28T18:31:03.9080799Z       "finish_cycle": 296647,
2026-09-28T18:31:03.9081123Z       "post_completion_drain_cycles": 2048,
2026-09-28T18:31:03.9081448Z       "source_bubbles": "cycles modulo 17 equal to 0 or 1",
2026-09-28T18:31:03.9081882Z       "sink_stalls": "8192 cycles after each first output, plus cycles modulo 11 equal to 0",
2026-09-28T18:31:03.9082301Z       "repeated_frame_pairs_checked": [
2026-09-28T18:31:03.9082557Z         [
2026-09-28T18:31:03.9082786Z           0,
2026-09-28T18:31:03.9083022Z           12
2026-09-28T18:31:03.9083239Z         ],
2026-09-28T18:31:03.9083461Z         [
2026-09-28T18:31:03.9083654Z           0,
2026-09-28T18:31:03.9083877Z           13
2026-09-28T18:31:03.9084195Z         ]
2026-09-28T18:31:03.9084533Z       ],
2026-09-28T18:31:03.9084968Z       "timing_scope": "testbench cycles include deliberate source and sink stalls; not unstalled kernel performance",
2026-09-28T18:31:03.9085557Z       "input_sha256": "0d4c15face2920f62ebfd43363ed027e36943abd3377d2fd234eacbebc7fe59a",
2026-09-28T18:31:03.9086127Z       "expected_sha256": "f47029ab9b036f15f2eda3ee53451d524d54b4c35df49d6737513d8362e15158",
2026-09-28T18:31:03.9086691Z       "log_sha256": "5985cf85d75435df2591c69c11a94f49a8d24e7018fa79bfd04fb3ec2db80c40",
2026-09-28T18:31:03.9087207Z       "sway_records_sha256": "5985cf85d75435df2591c69c11a94f49a8d24e7018fa79bfd04fb3ec2db80c40",
2026-09-28T18:31:03.9087642Z       "frames": [
2026-09-28T18:31:03.9087879Z         {
2026-09-28T18:31:03.9088111Z           "frame": 0,
2026-09-28T18:31:03.9088364Z           "input_first_cycle": 2,
2026-09-28T18:31:03.9088630Z           "input_last_cycle": 363,
2026-09-28T18:31:03.9088951Z           "output_first_cycle": 36329,
2026-09-28T18:31:03.9089268Z           "output_last_cycle": 44582,
2026-09-28T18:31:03.9089585Z           "first_input_to_last_output_cycles": 44580,
2026-09-28T18:31:03.9089898Z           "sink_pause_cycles": 8192
2026-09-28T18:31:03.9090155Z         },
2026-09-28T18:31:03.9090413Z         {
2026-09-28T18:31:03.9090618Z           "frame": 1,
2026-09-28T18:31:03.9090857Z           "input_first_cycle": 364,
2026-09-28T18:31:03.9091129Z           "input_last_cycle": 725,
2026-09-28T18:31:03.9091394Z           "output_first_cycle": 55562,
2026-09-28T18:31:03.9091697Z           "output_last_cycle": 63816,
2026-09-28T18:31:03.9092013Z           "first_input_to_last_output_cycles": 63452,
2026-09-28T18:31:03.9092323Z           "sink_pause_cycles": 8192
2026-09-28T18:31:03.9092582Z         },
2026-09-28T18:31:03.9092795Z         {
2026-09-28T18:31:03.9093039Z           "frame": 2,
2026-09-28T18:31:03.9093276Z           "input_first_cycle": 726,
2026-09-28T18:31:03.9093532Z           "input_last_cycle": 13504,
2026-09-28T18:31:03.9093819Z           "output_first_cycle": 74793,
2026-09-28T18:31:03.9094087Z           "output_last_cycle": 83046,
2026-09-28T18:31:03.9094570Z           "first_input_to_last_output_cycles": 82320,
2026-09-28T18:31:03.9094871Z           "sink_pause_cycles": 8192
2026-09-28T18:31:03.9095110Z         },
2026-09-28T18:31:03.9095338Z         {
2026-09-28T18:31:03.9095548Z           "frame": 3,
2026-09-28T18:31:03.9095819Z           "input_first_cycle": 13505,
2026-09-28T18:31:03.9096107Z           "input_last_cycle": 32736,
2026-09-28T18:31:03.9096392Z           "output_first_cycle": 94025,
2026-09-28T18:31:03.9096677Z           "output_last_cycle": 102279,
2026-09-28T18:31:03.9096971Z           "first_input_to_last_output_cycles": 88774,
2026-09-28T18:31:03.9097318Z           "sink_pause_cycles": 8192
2026-09-28T18:31:03.9097583Z         },
2026-09-28T18:31:03.9097804Z         {
2026-09-28T18:31:03.9098053Z           "frame": 4,
2026-09-28T18:31:03.9098298Z           "input_first_cycle": 32737,
2026-09-28T18:31:03.9098569Z           "input_last_cycle": 51968,
2026-09-28T18:31:03.9098897Z           "output_first_cycle": 113257,
2026-09-28T18:31:03.9099175Z           "output_last_cycle": 121511,
2026-09-28T18:31:03.9099465Z           "first_input_to_last_output_cycles": 88774,
2026-09-28T18:31:03.9099764Z           "sink_pause_cycles": 8192
2026-09-28T18:31:03.9100048Z         },
2026-09-28T18:31:03.9100330Z         {
2026-09-28T18:31:03.9100539Z           "frame": 5,
2026-09-28T18:31:03.9100782Z           "input_first_cycle": 51971,
2026-09-28T18:31:03.9101073Z           "input_last_cycle": 71200,
2026-09-28T18:31:03.9101342Z           "output_first_cycle": 132489,
2026-09-28T18:31:03.9101622Z           "output_last_cycle": 140742,
2026-09-28T18:31:03.9101912Z           "first_input_to_last_output_cycles": 88771,
2026-09-28T18:31:03.9102189Z           "sink_pause_cycles": 8192
2026-09-28T18:31:03.9102499Z         },
2026-09-28T18:31:03.9102704Z         {
2026-09-28T18:31:03.9102924Z           "frame": 6,
2026-09-28T18:31:03.9103158Z           "input_first_cycle": 71201,
2026-09-28T18:31:03.9103412Z           "input_last_cycle": 90432,
2026-09-28T18:31:03.9103714Z           "output_first_cycle": 151721,
2026-09-28T18:31:03.9103982Z           "output_last_cycle": 159975,
2026-09-28T18:31:03.9104548Z           "first_input_to_last_output_cycles": 88774,
2026-09-28T18:31:03.9104856Z           "sink_pause_cycles": 8192
2026-09-28T18:31:03.9105112Z         },
2026-09-28T18:31:03.9105451Z         {
2026-09-28T18:31:03.9105658Z           "frame": 7,
2026-09-28T18:31:03.9105898Z           "input_first_cycle": 90433,
2026-09-28T18:31:03.9106168Z           "input_last_cycle": 109664,
2026-09-28T18:31:03.9106431Z           "output_first_cycle": 170953,
2026-09-28T18:31:03.9106727Z           "output_last_cycle": 179207,
2026-09-28T18:31:03.9107004Z           "first_input_to_last_output_cycles": 88774,
2026-09-28T18:31:03.9107282Z           "sink_pause_cycles": 8192
2026-09-28T18:31:03.9107560Z         },
2026-09-28T18:31:03.9107765Z         {
2026-09-28T18:31:03.9108028Z           "frame": 8,
2026-09-28T18:31:03.9108258Z           "input_first_cycle": 109665,
2026-09-28T18:31:03.9108498Z           "input_last_cycle": 128898,
2026-09-28T18:31:03.9108866Z           "output_first_cycle": 190185,
2026-09-28T18:31:03.9109138Z           "output_last_cycle": 198438,
2026-09-28T18:31:03.9109459Z           "first_input_to_last_output_cycles": 88773,
2026-09-28T18:31:03.9109753Z           "sink_pause_cycles": 8192
2026-09-28T18:31:03.9110006Z         },
2026-09-28T18:31:03.9110224Z         {
2026-09-28T18:31:03.9110457Z           "frame": 9,
2026-09-28T18:31:03.9110715Z           "input_first_cycle": 128899,
2026-09-28T18:31:03.9110996Z           "input_last_cycle": 148128,
2026-09-28T18:31:03.9111259Z           "output_first_cycle": 209417,
2026-09-28T18:31:03.9111544Z           "output_last_cycle": 217671,
2026-09-28T18:31:03.9111824Z           "first_input_to_last_output_cycles": 88772,
2026-09-28T18:31:03.9112122Z           "sink_pause_cycles": 8192
2026-09-28T18:31:03.9112398Z         },
2026-09-28T18:31:03.9112605Z         {
2026-09-28T18:31:03.9112829Z           "frame": 10,
2026-09-28T18:31:03.9113107Z           "input_first_cycle": 148129,
2026-09-28T18:31:03.9113378Z           "input_last_cycle": 167360,
2026-09-28T18:31:03.9113673Z           "output_first_cycle": 228649,
2026-09-28T18:31:03.9113947Z           "output_last_cycle": 236902,
2026-09-28T18:31:03.9114466Z           "first_input_to_last_output_cycles": 88773,
2026-09-28T18:31:03.9114771Z           "sink_pause_cycles": 8192
2026-09-28T18:31:03.9115048Z         },
2026-09-28T18:31:03.9115267Z         {
2026-09-28T18:31:03.9115484Z           "frame": 11,
2026-09-28T18:31:03.9115759Z           "input_first_cycle": 167361,
2026-09-28T18:31:03.9116042Z           "input_last_cycle": 186594,
2026-09-28T18:31:03.9116330Z           "output_first_cycle": 247881,
2026-09-28T18:31:03.9116605Z           "output_last_cycle": 256134,
2026-09-28T18:31:03.9116892Z           "first_input_to_last_output_cycles": 88773,
2026-09-28T18:31:03.9117176Z           "sink_pause_cycles": 8192
2026-09-28T18:31:03.9117447Z         },
2026-09-28T18:31:03.9117678Z         {
2026-09-28T18:31:03.9117892Z           "frame": 12,
2026-09-28T18:31:03.9118141Z           "input_first_cycle": 186595,
2026-09-28T18:31:03.9118427Z           "input_last_cycle": 205824,
2026-09-28T18:31:03.9118799Z           "output_first_cycle": 267114,
2026-09-28T18:31:03.9119072Z           "output_last_cycle": 275368,
2026-09-28T18:31:03.9119369Z           "first_input_to_last_output_cycles": 88773,
2026-09-28T18:31:03.9119664Z           "sink_pause_cycles": 8192
2026-09-28T18:31:03.9119917Z         },
2026-09-28T18:31:03.9120168Z         {
2026-09-28T18:31:03.9120381Z           "frame": 13,
2026-09-28T18:31:03.9120609Z           "input_first_cycle": 205825,
2026-09-28T18:31:03.9120922Z           "input_last_cycle": 225056,
2026-09-28T18:31:03.9121204Z           "output_first_cycle": 286345,
2026-09-28T18:31:03.9121529Z           "output_last_cycle": 294598,
2026-09-28T18:31:03.9121834Z           "first_input_to_last_output_cycles": 88773,
2026-09-28T18:31:03.9122127Z           "sink_pause_cycles": 8192
2026-09-28T18:31:03.9122421Z         }
2026-09-28T18:31:03.9122644Z       ],
2026-09-28T18:31:03.9122886Z       "parallelism_divisor": 4,
2026-09-28T18:31:03.9123202Z       "mode": "stress",
2026-09-28T18:31:03.9123476Z       "compiler_warnings": [
2026-09-28T18:31:03.9123845Z         "Warning: \"Prelude.bs\", line 1335, column 9: (G0024)",
2026-09-28T18:31:03.9124393Z         "Warning: \"Prelude.bs\", line 2862, column 0: (G0024)",
2026-09-28T18:31:03.9124798Z         "Warning: \"Prelude.bs\", line 2862, column 0: (G0024)",
2026-09-28T18:31:03.9125179Z         "Warning: \"Prelude.bs\", line 1335, column 9: (G0024)"
2026-09-28T18:31:03.9125501Z       ],
2026-09-28T18:31:03.9125904Z       "configured_types_sha256": "5921edce99813d9c590c61496721d659a1a4b424bef837024518f2721ec67607"
2026-09-28T18:31:03.9126341Z     },
2026-09-28T18:31:03.9126576Z     {
2026-09-28T18:31:03.9126843Z       "status": "pass",
2026-09-28T18:31:03.9127190Z       "evidence": "generated-Verilog simulation (Icarus)",
2026-09-28T18:31:03.9127541Z       "frames_checked": 14,
2026-09-28T18:31:03.9127822Z       "scalar_outputs_checked": 798,
2026-09-28T18:31:03.9128118Z       "input_words": 4480,
2026-09-28T18:31:03.9128416Z       "finish_cycle": 288406,
2026-09-28T18:31:03.9128706Z       "post_completion_drain_cycles": 2048,
2026-09-28T18:31:03.9129021Z       "source_bubbles": "none inserted",
2026-09-28T18:31:03.9129339Z       "sink_stalls": "none inserted",
2026-09-28T18:31:03.9129804Z       "timing_scope": "kernel interface cycles; excludes UART, physical timing and post-completion drain",
2026-09-28T18:31:03.9130325Z       "output_frame_start_intervals_cycles": [
2026-09-28T18:31:03.9130625Z         19232,
2026-09-28T18:31:03.9130861Z         19232,
2026-09-28T18:31:03.9131109Z         19232,
2026-09-28T18:31:03.9131364Z         19232,
2026-09-28T18:31:03.9131606Z         19232,
2026-09-28T18:31:03.9131834Z         19232,
2026-09-28T18:31:03.9132051Z         19232,
2026-09-28T18:31:03.9132304Z         19232,
2026-09-28T18:31:03.9132549Z         19232,
2026-09-28T18:31:03.9132831Z         19232,
2026-09-28T18:31:03.9133061Z         19232,
2026-09-28T18:31:03.9133278Z         19232,
2026-09-28T18:31:03.9133538Z         19232
2026-09-28T18:31:03.9133787Z       ],
2026-09-28T18:31:03.9134039Z       "repeated_frame_pairs_checked": [
2026-09-28T18:31:03.9134431Z         [
2026-09-28T18:31:03.9134660Z           0,
2026-09-28T18:31:03.9134905Z           12
2026-09-28T18:31:03.9135157Z         ],
2026-09-28T18:31:03.9135373Z         [
2026-09-28T18:31:03.9135661Z           0,
2026-09-28T18:31:03.9135897Z           13
2026-09-28T18:31:03.9136141Z         ]
2026-09-28T18:31:03.9136383Z       ],
2026-09-28T18:31:03.9136726Z       "input_sha256": "0d4c15face2920f62ebfd43363ed027e36943abd3377d2fd234eacbebc7fe59a",
2026-09-28T18:31:03.9137283Z       "expected_sha256": "f47029ab9b036f15f2eda3ee53451d524d54b4c35df49d6737513d8362e15158",
2026-09-28T18:31:03.9137803Z       "log_sha256": "8c05878b41140f18b7f3da8ee549c069db536b57459e765650397ecde45fce41",
2026-09-28T18:31:03.9138212Z       "frames": [
2026-09-28T18:31:03.9138481Z         {
2026-09-28T18:31:03.9138713Z           "frame": 0,
2026-09-28T18:31:03.9139027Z           "input_first_cycle": 0,
2026-09-28T18:31:03.9139376Z           "input_last_cycle": 319,
2026-09-28T18:31:03.9139674Z           "output_first_cycle": 36285,
2026-09-28T18:31:03.9140000Z           "output_last_cycle": 36341,
2026-09-28T18:31:03.9140311Z           "first_input_to_last_output_cycles": 36341
2026-09-28T18:31:03.9140627Z         },
2026-09-28T18:31:03.9140857Z         {
2026-09-28T18:31:03.9141073Z           "frame": 1,
2026-09-28T18:31:03.9141375Z           "input_first_cycle": 320,
2026-09-28T18:31:03.9141692Z           "input_last_cycle": 639,
2026-09-28T18:31:03.9141990Z           "output_first_cycle": 55517,
2026-09-28T18:31:03.9142279Z           "output_last_cycle": 55573,
2026-09-28T18:31:03.9142576Z           "first_input_to_last_output_cycles": 55253
2026-09-28T18:31:03.9142922Z         },
2026-09-28T18:31:03.9143144Z         {
2026-09-28T18:31:03.9143375Z           "frame": 2,
2026-09-28T18:31:03.9143637Z           "input_first_cycle": 640,
2026-09-28T18:31:03.9143921Z           "input_last_cycle": 13422,
2026-09-28T18:31:03.9144360Z           "output_first_cycle": 74749,
2026-09-28T18:31:03.9144686Z           "output_last_cycle": 74805,
2026-09-28T18:31:03.9145053Z           "first_input_to_last_output_cycles": 74165
2026-09-28T18:31:03.9145359Z         },
2026-09-28T18:31:03.9145606Z         {
2026-09-28T18:31:03.9145853Z           "frame": 3,
2026-09-28T18:31:03.9146111Z           "input_first_cycle": 13423,
2026-09-28T18:31:03.9146383Z           "input_last_cycle": 32654,
2026-09-28T18:31:03.9146693Z           "output_first_cycle": 93981,
2026-09-28T18:31:03.9146998Z           "output_last_cycle": 94037,
2026-09-28T18:31:03.9147340Z           "first_input_to_last_output_cycles": 80614
2026-09-28T18:31:03.9147629Z         },
2026-09-28T18:31:03.9147839Z         {
2026-09-28T18:31:03.9148084Z           "frame": 4,
2026-09-28T18:31:03.9148357Z           "input_first_cycle": 32655,
2026-09-28T18:31:03.9148637Z           "input_last_cycle": 51886,
2026-09-28T18:31:03.9148935Z           "output_first_cycle": 113213,
2026-09-28T18:31:03.9149230Z           "output_last_cycle": 113269,
2026-09-28T18:31:03.9149557Z           "first_input_to_last_output_cycles": 80614
2026-09-28T18:31:03.9149884Z         },
2026-09-28T18:31:03.9150140Z         {
2026-09-28T18:31:03.9150376Z           "frame": 5,
2026-09-28T18:31:03.9150632Z           "input_first_cycle": 51887,
2026-09-28T18:31:03.9150924Z           "input_last_cycle": 71118,
2026-09-28T18:31:03.9151230Z           "output_first_cycle": 132445,
2026-09-28T18:31:03.9151505Z           "output_last_cycle": 132501,
2026-09-28T18:31:03.9151827Z           "first_input_to_last_output_cycles": 80614
2026-09-28T18:31:03.9152117Z         },
2026-09-28T18:31:03.9152396Z         {
2026-09-28T18:31:03.9152639Z           "frame": 6,
2026-09-28T18:31:03.9152923Z           "input_first_cycle": 71119,
2026-09-28T18:31:03.9153221Z           "input_last_cycle": 90350,
2026-09-28T18:31:03.9153505Z           "output_first_cycle": 151677,
2026-09-28T18:31:03.9153809Z           "output_last_cycle": 151733,
2026-09-28T18:31:03.9154292Z           "first_input_to_last_output_cycles": 80614
2026-09-28T18:31:03.9154583Z         },
2026-09-28T18:31:03.9154838Z         {
2026-09-28T18:31:03.9155068Z           "frame": 7,
2026-09-28T18:31:03.9155324Z           "input_first_cycle": 90351,
2026-09-28T18:31:03.9155672Z           "input_last_cycle": 109582,
2026-09-28T18:31:03.9155945Z           "output_first_cycle": 170909,
2026-09-28T18:31:03.9156260Z           "output_last_cycle": 170965,
2026-09-28T18:31:03.9156561Z           "first_input_to_last_output_cycles": 80614
2026-09-28T18:31:03.9156898Z         },
2026-09-28T18:31:03.9157157Z         {
2026-09-28T18:31:03.9157388Z           "frame": 8,
2026-09-28T18:31:03.9157654Z           "input_first_cycle": 109583,
2026-09-28T18:31:03.9157938Z           "input_last_cycle": 128814,
2026-09-28T18:31:03.9158255Z           "output_first_cycle": 190141,
2026-09-28T18:31:03.9158578Z           "output_last_cycle": 190197,
2026-09-28T18:31:03.9158889Z           "first_input_to_last_output_cycles": 80614
2026-09-28T18:31:03.9159253Z         },
2026-09-28T18:31:03.9159479Z         {
2026-09-28T18:31:03.9159695Z           "frame": 9,
2026-09-28T18:31:03.9159999Z           "input_first_cycle": 128815,
2026-09-28T18:31:03.9160289Z           "input_last_cycle": 148046,
2026-09-28T18:31:03.9160571Z           "output_first_cycle": 209373,
2026-09-28T18:31:03.9160873Z           "output_last_cycle": 209429,
2026-09-28T18:31:03.9161198Z           "first_input_to_last_output_cycles": 80614
2026-09-28T18:31:03.9161533Z         },
2026-09-28T18:31:03.9161755Z         {
2026-09-28T18:31:03.9161980Z           "frame": 10,
2026-09-28T18:31:03.9162248Z           "input_first_cycle": 148047,
2026-09-28T18:31:03.9162533Z           "input_last_cycle": 167278,
2026-09-28T18:31:03.9162844Z           "output_first_cycle": 228605,
2026-09-28T18:31:03.9163126Z           "output_last_cycle": 228661,
2026-09-28T18:31:03.9163414Z           "first_input_to_last_output_cycles": 80614
2026-09-28T18:31:03.9163739Z         },
2026-09-28T18:31:03.9164023Z         {
2026-09-28T18:31:03.9164335Z           "frame": 11,
2026-09-28T18:31:03.9164654Z           "input_first_cycle": 167279,
2026-09-28T18:31:03.9164931Z           "input_last_cycle": 186510,
2026-09-28T18:31:03.9165244Z           "output_first_cycle": 247837,
2026-09-28T18:31:03.9165551Z           "output_last_cycle": 247893,
2026-09-28T18:31:03.9165858Z           "first_input_to_last_output_cycles": 80614
2026-09-28T18:31:03.9166161Z         },
2026-09-28T18:31:03.9166389Z         {
2026-09-28T18:31:03.9166624Z           "frame": 12,
2026-09-28T18:31:03.9166930Z           "input_first_cycle": 186511,
2026-09-28T18:31:03.9167209Z           "input_last_cycle": 205742,
2026-09-28T18:31:03.9167505Z           "output_first_cycle": 267069,
2026-09-28T18:31:03.9167791Z           "output_last_cycle": 267125,
2026-09-28T18:31:03.9168104Z           "first_input_to_last_output_cycles": 80614
2026-09-28T18:31:03.9168414Z         },
2026-09-28T18:31:03.9168628Z         {
2026-09-28T18:31:03.9168890Z           "frame": 13,
2026-09-28T18:31:03.9169152Z           "input_first_cycle": 205743,
2026-09-28T18:31:03.9169490Z           "input_last_cycle": 224974,
2026-09-28T18:31:03.9169791Z           "output_first_cycle": 286301,
2026-09-28T18:31:03.9170061Z           "output_last_cycle": 286357,
2026-09-28T18:31:03.9170382Z           "first_input_to_last_output_cycles": 80614
2026-09-28T18:31:03.9170677Z         }
2026-09-28T18:31:03.9170908Z       ],
2026-09-28T18:31:03.9171183Z       "parallelism_divisor": 4,
2026-09-28T18:31:03.9171466Z       "mode": "kernel",
2026-09-28T18:31:03.9171754Z       "compiler_warnings": [
2026-09-28T18:31:03.9172076Z         "Warning: \"Prelude.bs\", line 1335, column 9: (G0024)",
2026-09-28T18:31:03.9172495Z         "Warning: \"Prelude.bs\", line 2862, column 0: (G0024)",
2026-09-28T18:31:03.9172897Z         "Warning: \"Prelude.bs\", line 2862, column 0: (G0024)",
2026-09-28T18:31:03.9173264Z         "Warning: \"Prelude.bs\", line 1335, column 9: (G0024)"
2026-09-28T18:31:03.9173586Z       ],
2026-09-28T18:31:03.9173967Z       "configured_types_sha256": "5921edce99813d9c590c61496721d659a1a4b424bef837024518f2721ec67607"
2026-09-28T18:31:03.9174469Z     }
2026-09-28T18:31:03.9174738Z   ]
2026-09-28T18:31:03.9174969Z }
2026-09-28T18:31:03.9175213Z SWAY_REPORT warm-reset/result.json
2026-09-28T18:31:03.9175538Z {
2026-09-28T18:31:03.9175760Z   "status": "pass",
2026-09-28T18:31:03.9176059Z   "commands": [
2026-09-28T18:31:03.9176298Z     {
2026-09-28T18:31:03.9176523Z       "argv": [
2026-09-28T18:31:03.9176815Z         "/home/runner/work/_temp/sway-tools/bsc/bin/bsc",
2026-09-28T18:31:03.9177142Z         "-verilog",
2026-09-28T18:31:03.9177422Z         "-bdir",
2026-09-28T18:31:03.9177761Z         "/home/runner/work/_temp/sway-verification/warm-reset/snapshot/build",
2026-09-28T18:31:03.9178128Z         "-simdir",
2026-09-28T18:31:03.9178592Z         "/home/runner/work/_temp/sway-verification/warm-reset/snapshot/build",
2026-09-28T18:31:03.9178957Z         "-vdir",
2026-09-28T18:31:03.9179370Z         "/home/runner/work/_temp/sway-verification/warm-reset/snapshot/build",
2026-09-28T18:31:03.9179739Z         "-info-dir",
2026-09-28T18:31:03.9180057Z         "/home/runner/work/_temp/sway-verification/warm-reset/snapshot/build",
2026-09-28T18:31:03.9180453Z         "-p",
2026-09-28T18:31:03.9180704Z         "+:bsv:generated:sim",
2026-09-28T18:31:03.9180989Z         "-u",
2026-09-28T18:31:03.9181248Z         "-show-schedule",
2026-09-28T18:31:03.9181529Z         "-g",
2026-09-28T18:31:03.9181919Z         "mkTbSwayKernel",
2026-09-28T18:31:03.9182189Z         "sim/TbSwayKernel.bsv"
2026-09-28T18:31:03.9182479Z       ],
2026-09-28T18:31:03.9182804Z       "cwd": "/home/runner/work/_temp/sway-verification/warm-reset/snapshot",
2026-09-28T18:31:03.9183258Z       "log": "/home/runner/work/_temp/sway-verification/warm-reset/compile.log",
2026-09-28T18:31:03.9183640Z       "returncode": 0,
2026-09-28T18:31:03.9184004Z       "log_sha256": "3091ab075aed8e2857a93d0543428093d9e8158e29a7de39b1517b3c39ae3fd1"
2026-09-28T18:31:03.9184500Z     },
2026-09-28T18:31:03.9184800Z     {
2026-09-28T18:31:03.9185079Z       "argv": [
2026-09-28T18:31:03.9185340Z         "/usr/bin/iverilog",
2026-09-28T18:31:03.9185623Z         "-g2012",
2026-09-28T18:31:03.9185850Z         "-s",
2026-09-28T18:31:03.9186110Z         "main",
2026-09-28T18:31:03.9186341Z         "-y",
2026-09-28T18:31:03.9186660Z         "/home/runner/work/_temp/sway-verification/warm-reset/snapshot/rtl",
2026-09-28T18:31:03.9187023Z         "-y",
2026-09-28T18:31:03.9187318Z         "/home/runner/work/_temp/sway-tools/bsc/lib/Verilog",
2026-09-28T18:31:03.9187672Z         "-I",
2026-09-28T18:31:03.9187945Z         "/home/runner/work/_temp/sway-tools/bsc/lib/Verilog",
2026-09-28T18:31:03.9188542Z         "-o",
2026-09-28T18:31:03.9188930Z         "/home/runner/work/_temp/sway-verification/warm-reset/snapshot/build/warm_reset.vvp",
2026-09-28T18:31:03.9189434Z         "/home/runner/work/_temp/sway-verification/warm-reset/warm_reset_main.v",
2026-09-28T18:31:03.9189942Z         "/home/runner/work/_temp/sway-verification/warm-reset/snapshot/build/mkTbSwayKernel.v"
2026-09-28T18:31:03.9190345Z       ],
2026-09-28T18:31:03.9190643Z       "cwd": "/home/runner/work/_temp/sway-verification/warm-reset/snapshot",
2026-09-28T18:31:03.9191160Z       "log": "/home/runner/work/_temp/sway-verification/warm-reset/link.log",
2026-09-28T18:31:03.9191520Z       "returncode": 0,
2026-09-28T18:31:03.9191903Z       "log_sha256": "e3b0c44298fc1c149afbf4c8996fb92427ae41e4649b934ca495991b7852b855"
2026-09-28T18:31:03.9192297Z     },
2026-09-28T18:31:03.9192506Z     {
2026-09-28T18:31:03.9192774Z       "argv": [
2026-09-28T18:31:03.9193018Z         "/usr/bin/vvp",
2026-09-28T18:31:03.9193389Z         "/home/runner/work/_temp/sway-verification/warm-reset/snapshot/build/warm_reset.vvp"
2026-09-28T18:31:03.9193804Z       ],
2026-09-28T18:31:03.9194452Z       "cwd": "/home/runner/work/_temp/sway-verification/warm-reset/snapshot",
2026-09-28T18:31:03.9194984Z       "log": "/home/runner/work/_temp/sway-verification/warm-reset/simulation.log",
2026-09-28T18:31:03.9195369Z       "returncode": 0,
2026-09-28T18:31:03.9195740Z       "log_sha256": "d7d1aea77e9d0bc4c9eea1243b3c8778e3ea0295a6e766eeba60e8c10ba7db3f"
2026-09-28T18:31:03.9196153Z     }
2026-09-28T18:31:03.9196379Z   ],
2026-09-28T18:31:03.9196647Z   "reset_after_cycles": 40000,
2026-09-28T18:31:03.9196924Z   "reset_hold_cycles": 5,
2026-09-28T18:31:03.9197179Z   "clock_period_ns": 10,
2026-09-28T18:31:03.9197604Z   "evidence": "generated-Verilog simulation (Icarus), active-low reset during in-flight work",
2026-09-28T18:31:03.9198062Z   "source_sha256": {
2026-09-28T18:31:03.9198495Z     "bsv/SwayBaseline.bsv": "166b828b5c3d498dd5fdcd88127ffdc5c2d13c371c6449ea8131bd86fe0a0f1b",
2026-09-28T18:31:03.9199090Z     "bsv/SwayBlock.bsv": "eea28575bb9ef9220d0415e5661a4f5276c198b4251ea5d00dbf19c7c5bb69ce",
2026-09-28T18:31:03.9199628Z     "bsv/SwayClock.bsv": "0837c9f0c98e67e2b933a3d411342a05e4f15fd36f03ac44f297e871cc652c81",
2026-09-28T18:31:03.9200263Z     "bsv/SwayLinear.bsv": "c1d478b6879712a99e96657ebbe042e84b988acca632d619dee286b96e35c98c",
2026-09-28T18:31:03.9200821Z     "bsv/SwayMultiply.bsv": "47b3d0a36d4e50c7b75b2c8d8e484eff13d513f83a8373d50f4a34cf89a29be9",
2026-09-28T18:31:03.9201397Z     "bsv/SwayNorm.bsv": "e6d745634fea68b52e4a3e4cba195d83be1bcc57d57b05a11fd88b2bb440eb5f",
2026-09-28T18:31:03.9201981Z     "bsv/SwayScan.bsv": "2b9d1c22030869a1abffc3ad4fdbff8a468111fa17e136f21bae4c17ee0d275e",
2026-09-28T18:31:03.9202513Z     "bsv/SwayTypes.bsv": "5921edce99813d9c590c61496721d659a1a4b424bef837024518f2721ec67607",
2026-09-28T18:31:03.9203131Z     "generated/GeneratedTestConfig.bsv": "74aee8f80bda41ec1aef155a909cc21a1810e581b330e0dcd43f251e2c06ffa6",
2026-09-28T18:31:03.9203771Z     "generated/SwayParameters.bsv": "cfa5f1526f37ae09740986e4cccd92a7facd0686cd27eca784c88f4d721dac45",
2026-09-28T18:31:03.9204482Z     "generated/linear_rom/bank000.hex": "d0468693dd6c57928d8d518f789e14f49a97d5420a3b4b677fb7b986dc4eaa0d",
2026-09-28T18:31:03.9205098Z     "generated/linear_rom/bank001.hex": "95fbc5708f61f410cc83d3e9e1a0509dd2392989f91449260a753758e01b578b",
2026-09-28T18:31:03.9205780Z     "generated/linear_rom/bank002.hex": "d4e7fdedee24697aa5408b744d9b4db370f598a5ac1a81662fde5dd50db18782",
2026-09-28T18:31:03.9206421Z     "generated/linear_rom/bank003.hex": "bf62c7c73bdbb1e02ece9065521cdd5a327ec77498dcf60f7ffd377328309e28",
2026-09-28T18:31:03.9207622Z     "generated/linear_rom/bank004.hex": "069ac39fe120f7eccfb89e4ed1dc6a94fb3565fdfda765c512e8a8ae2770925f",
2026-09-28T18:31:03.9208235Z     "generated/linear_rom/bank005.hex": "f1bfc10824a0d55a1630f130f3d72b37f49ebde45f3d49c915e053ed46e72d23",
2026-09-28T18:31:03.9208852Z     "generated/linear_rom/bank006.hex": "3e98511cb6308d24a382f64f3c8458ccf797dffeb6a804373069e8e2f11f238e",
2026-09-28T18:31:03.9209465Z     "generated/linear_rom/bank007.hex": "add5c27e4bcf36bbf8892e56267d0600afb24d3273db0d0d28653e27b4f6f05f",
2026-09-28T18:31:03.9210120Z     "generated/linear_rom/bank008.hex": "b462510414b4609964f9c942ee38a04c6a2cbc1def0e6e6538550a8acc429c94",
2026-09-28T18:31:03.9210752Z     "generated/linear_rom/bank009.hex": "76d05ef8823d18d0d1a2ba22ca799433a323f44f676e4b020b6acd6f44073530",
2026-09-28T18:31:03.9211361Z     "generated/linear_rom/bank010.hex": "da9bb7105854b941ca6609092c4fda6d62bf157ac8bebb1ac42a98ad2be6aac9",
2026-09-28T18:31:03.9211970Z     "generated/linear_rom/bank011.hex": "41995f3b57b5c37aae4399199708e2f0634e384cdf0f07d6ded6092125507bc1",
2026-09-28T18:31:03.9212581Z     "generated/linear_rom/bank012.hex": "7c08f4aba52d147ff435cba8bc517ebf3a717ff45aacfe9a46966e8f636f61b6",
2026-09-28T18:31:03.9213195Z     "generated/linear_rom/bank013.hex": "81311c0f2c0bcf41ebbf0e8d7b81f93b5d64cf50510ef68e9106dc2f56907391",
2026-09-28T18:31:03.9213811Z     "generated/linear_rom/bank014.hex": "07e139ec3b82817d5afd7feb831e6330aec05ddca4e738430f144bd049abb3fb",
2026-09-28T18:31:03.9214531Z     "generated/linear_rom/bank015.hex": "006c728e22ee72d431a6ac295de5c99321094441e157a36a29c01e944427bdcf",
2026-09-28T18:31:03.9215163Z     "generated/linear_rom/bank016.hex": "e3b2ae310d1e4eca98d50ace38e21a7f2b780db91fc28749bf4da7c557777f05",
2026-09-28T18:31:03.9215772Z     "generated/linear_rom/bank017.hex": "d864d15566a61660d8e29a2c2d0fc603f32e91e0f9240a4af955b2ec964371ac",
2026-09-28T18:31:03.9216382Z     "generated/linear_rom/bank018.hex": "f48d19c250bc3e17c7ecd099b446c7f71e0e4d11997e9320690e5dc7d537b574",
2026-09-28T18:31:03.9216997Z     "generated/linear_rom/bank019.hex": "d1f8b740b2ad284e4dad061f9371c071358251231ee9bc01e4d22cf478d1b151",
2026-09-28T18:31:03.9217578Z     "generated/linear_rom/bank020.hex": "4900124fc8380c182689f14691e0be3384ab06bb13955141ccc1b6e0c5fdf05f",
2026-09-28T18:31:03.9218242Z     "generated/linear_rom/bank021.hex": "aad20d0ab187328d33b1e9ac4eee4fced8dbb8acfe969815d772e8aba86ac05d",
2026-09-28T18:31:03.9218855Z     "generated/linear_rom/bank022.hex": "db3f8a6b17292c486e05859e2b842fd06a4922f8b7f609672a9009a1bb152b33",
2026-09-28T18:31:03.9219508Z     "generated/linear_rom/bank023.hex": "f0cc206aef0ca6fecaa3ec76850515fc7d8450a8f92a78f46571f057c9d63199",
2026-09-28T18:31:03.9220129Z     "generated/linear_rom/bank024.hex": "db3f8a6b17292c486e05859e2b842fd06a4922f8b7f609672a9009a1bb152b33",
2026-09-28T18:31:03.9220769Z     "generated/linear_rom/bank025.hex": "f0cc206aef0ca6fecaa3ec76850515fc7d8450a8f92a78f46571f057c9d63199",
2026-09-28T18:31:03.9221404Z     "generated/linear_rom/bank026.hex": "2a00bed487b115d8cd7a16217487ae3d4e3def97ad18f15d9e42bbd891051286",
2026-09-28T18:31:03.9222037Z     "generated/linear_rom/bank027.hex": "2a00bed487b115d8cd7a16217487ae3d4e3def97ad18f15d9e42bbd891051286",
2026-09-28T18:31:03.9222681Z     "generated/linear_rom/bank028.hex": "a6212d63336db9814fee540f80392f401cc530e2eb0753b06bea834d034c92e7",
2026-09-28T18:31:03.9223283Z     "generated/linear_rom/bank029.hex": "4271c6c7bf974ed0a1fdcebc800edb9942d5c91c9394a64cc7b4a6b499c7ef08",
2026-09-28T18:31:03.9223868Z     "generated/linear_rom/bank030.hex": "3981dc6e301b047659146f63fb3637e848dfaef8fec77d393fb22515badb0067",
2026-09-28T18:31:03.9224589Z     "generated/linear_rom/bank031.hex": "ef589cb0566b42409c4457cc85dc296a9d6c5606b029bce8ff1e9caeff4e98e0",
2026-09-28T18:31:03.9225241Z     "generated/linear_rom/bank032.hex": "b310c95bd9b5b9285a1861b7e2c6ca563f38c708c87cd4885e524d802a88d99b",
2026-09-28T18:31:03.9225912Z     "generated/linear_rom/bank033.hex": "5fa4dbd1dcd83a369a3f5a8d5742ee00b9be9db605e2249cd57fcc51cf7a47cb",
2026-09-28T18:31:03.9226532Z     "generated/linear_rom/bank034.hex": "cc342ac8af4bca5726a7b7d765972277c330c01361acc3d9cae9e1482cbf7ebb",
2026-09-28T18:31:03.9227120Z     "generated/linear_rom/bank035.hex": "802f867b445ef1b094378db552b8e0051cad88ccf46836df97b32d8bb5c39b5a",
2026-09-28T18:31:03.9227753Z     "generated/linear_rom/bank036.hex": "60c2a75728ca7ed010eae01feb789a30fc4d4b0bcd9f1c4b82cec8bc7b9d0df9",
2026-09-28T18:31:03.9228366Z     "generated/linear_rom/bank037.hex": "5312f584d6be3d8a990a5c7506cc9e81a60aa177c7a4e30ff4ab94c9f06f0149",
2026-09-28T18:31:03.9228994Z     "generated/linear_rom/bank038.hex": "94835dbc65c0ac11aaa40554c460c9172c89f635f22b3c6a892955290cd116a7",
2026-09-28T18:31:03.9229605Z     "generated/linear_rom/bank039.hex": "89585f3ec295ab84f42c57884dd3418021e5a53eb7869efeea674b464cb13c7b",
2026-09-28T18:31:03.9230225Z     "generated/linear_rom/bank040.hex": "6e8244da7d59ce92073bf73416533be949b0238dadde9f6ce594444011d11ed7",
2026-09-28T18:31:03.9230844Z     "generated/linear_rom/bank041.hex": "72c40f1d02235c173a4b390c813958286c1da2e0adaec1b40d352326cebc4104",
2026-09-28T18:31:03.9231454Z     "generated/linear_rom/bank042.hex": "836dc993c79051b1318589a7f2e3b2b3adc196723efbbf8acaba039e6b70534a",
2026-09-28T18:31:03.9232072Z     "generated/linear_rom/bank043.hex": "52563fa44dc400399aa913a949eb52e5194995b636d537903201844ff4948738",
2026-09-28T18:31:03.9232683Z     "generated/linear_rom/bank044.hex": "222468fff6c4d02781f99539b313c9fabb52f0c809efceac9a664dd6c6983a42",
2026-09-28T18:31:03.9233294Z     "generated/linear_rom/bank045.hex": "daa7af4c5284c5bb9dba1ff786946696bb86c29806e4a98490a3a6bc3bb17895",
2026-09-28T18:31:03.9233934Z     "generated/linear_rom/bank046.hex": "4f8d6cf2c22c49cae3484a05b2017885458211e2e36f8100f17d6d9ac98368eb",
2026-09-28T18:31:03.9234897Z     "generated/linear_rom/bank047.hex": "b97a677d260699d7eef4309bb8b80a4b8d32e6d98b2280ba68e97859af7aaeea",
2026-09-28T18:31:03.9235526Z     "generated/linear_rom/bank048.hex": "11f582eda0f73cc3413a5b806a0e490800b6fa32d72739b1d664c0a1ea72d173",
2026-09-28T18:31:03.9236152Z     "generated/linear_rom/bank049.hex": "d03ebcbcc54e4ded9130fa5c179ec351a3db8948c547ea0ba568b8254b96f13f",
2026-09-28T18:31:03.9236763Z     "generated/linear_rom/bank050.hex": "1feb4a18ccaa792377f5a8b123372b055745c156461b4557d14a634bee462a38",
2026-09-28T18:31:03.9237386Z     "generated/linear_rom/bank051.hex": "e732ac7ffacfc6568427658c38c2163ea45224de47b2bbdac50523595c51b080",
2026-09-28T18:31:03.9238023Z     "generated/linear_rom/bank052.hex": "389d8678f7063da1b45e914817c016ff6794c48096b21c2402bee4efb80599c8",
2026-09-28T18:31:03.9238686Z     "generated/linear_rom/bank053.hex": "406782c8eedf5fa66b20289bbed13f1bec1d15a8d6870fa84e22861f895f2d86",
2026-09-28T18:31:03.9239296Z     "generated/linear_rom/bank054.hex": "2e46474cb378a7d3d0375c729bc3e4af24657cbe7c039104885a9a688b353637",
2026-09-28T18:31:03.9239893Z     "generated/linear_rom/bank055.hex": "dcde238005c34ba812e113093649ab745dcb54061f53e4e672eb3c1cc8b26a8f",
2026-09-28T18:31:03.9240510Z     "generated/linear_rom/bank056.hex": "fd4d9520d3059cbccc6a9e50bdf20f710ef859955b7df2e5be82b98547d3cdc9",
2026-09-28T18:31:03.9241136Z     "generated/linear_rom/bank057.hex": "485aa0bbf3eb8eb59096d8c47f8bf296d90fb3727703292741a54f9b5c69aeaf",
2026-09-28T18:31:03.9241771Z     "generated/linear_rom/bank058.hex": "2144fe9fe0fa5b0d88c37d2d6a18a6275adae7dacbd7791c1c4ed7e63f5b0e63",
2026-09-28T18:31:03.9242384Z     "generated/linear_rom/bank059.hex": "a75f2dee2a9af8196422aa0cc6aeb26d1632bcfc7ed0403bb7a0e463b1f1a82b",
2026-09-28T18:31:03.9242996Z     "generated/linear_rom/bank060.hex": "94c944f9ccbfb1943df1adbc42b812cfb21e171603b2171f40a791f881a5d0ba",
2026-09-28T18:31:03.9243609Z     "generated/linear_rom/bank061.hex": "09ebf484e3cc3aab912a063fc2216f349c3bacf85cf76fcb31fd729e330aa5f0",
2026-09-28T18:31:03.9244361Z     "generated/linear_rom/bank062.hex": "885b073a3a786046a78b5ed6a955dac71957d5d3e844ba003804fd1839c05850",
2026-09-28T18:31:03.9244961Z     "generated/linear_rom/bank063.hex": "b384259fefad0b04a678932d2586c5f08ecde992c737be568b682c608d14fe87",
2026-09-28T18:31:03.9245576Z     "generated/linear_rom/bank064.hex": "25c41e14e75e823b482eefb0c07d5d77b2fd7bce5667f48e740140cb982ddcf6",
2026-09-28T18:31:03.9246208Z     "generated/linear_rom/bank065.hex": "56a18311ef21b0ea0aca91a7bf1303b948dab4843a21dbb9075d051e5b77147c",
2026-09-28T18:31:03.9246820Z     "generated/linear_rom/bank066.hex": "cb71c82ba15604199d75aaf63cf32ae0f70d0513f59a72ac2ee6cfd7449b4885",
2026-09-28T18:31:03.9247439Z     "generated/linear_rom/bank067.hex": "2a77094317672c57cf81946eee5239f1f7d1f0c30cc942aced87f982ccc1de18",
2026-09-28T18:31:03.9248028Z     "generated/linear_rom/bank068.hex": "4c9b34a45f161910703e8c6722ce3eb17047f644833d47eb39edb04fb7c93618",
2026-09-28T18:31:03.9248657Z     "generated/linear_rom/bank069.hex": "155e3baa3fb552bf29e6b7f3d1f1c02f9678ca5f410fcf85f749d9e791a01b01",
2026-09-28T18:31:03.9249260Z     "generated/linear_rom/bank070.hex": "72f808b43b75c6c5dcb5098fe2a650ae3f3575358c3a330f7876baebd36402af",
2026-09-28T18:31:03.9249917Z     "generated/linear_rom/bank071.hex": "e7316ca56d611a5d2ae964946f8ea561900f996b35339766460850076ec09b1c",
2026-09-28T18:31:03.9250527Z     "generated/linear_rom/bank072.hex": "1b17834571dea90f0412ce7a80a67fac670712bb7261fbbcbf32728b7154a08a",
2026-09-28T18:31:03.9251113Z     "generated/linear_rom/bank073.hex": "e7316ca56d611a5d2ae964946f8ea561900f996b35339766460850076ec09b1c",
2026-09-28T18:31:03.9251722Z     "generated/linear_rom/bank074.hex": "1b17834571dea90f0412ce7a80a67fac670712bb7261fbbcbf32728b7154a08a",
2026-09-28T18:31:03.9252314Z     "generated/linear_rom/bank075.hex": "2a00bed487b115d8cd7a16217487ae3d4e3def97ad18f15d9e42bbd891051286",
2026-09-28T18:31:03.9252911Z     "generated/linear_rom/bank076.hex": "2a00bed487b115d8cd7a16217487ae3d4e3def97ad18f15d9e42bbd891051286",
2026-09-28T18:31:03.9253586Z     "generated/linear_rom/bank077.hex": "a1fddda3605e9632a3b5819bd783285f78b54d706d52cf2d3290812aa0035e65",
2026-09-28T18:31:03.9254248Z     "generated/linear_rom/bank078.hex": "9aeaab13eb0b5dc3d7898c58f89b2df5fa7ebc01d70e65d7ea90dd5b54edcddd",
2026-09-28T18:31:03.9254883Z     "generated/linear_rom/bank079.hex": "153ab8bf480c05e529f5b07335e2b90661c8ab9aef93402b4dd64ed9fd0d6848",
2026-09-28T18:31:03.9255485Z     "generated/linear_rom/bank080.hex": "c72aaec677aaec60c159872cc85357cda7756dc1d5d832f567cb684fd4e0e18e",
2026-09-28T18:31:03.9256093Z     "generated/linear_rom/bank081.hex": "1b135178c807c25e28e24d5a0db9e2e58a2e7987174e06e88bfbfb1764ab1f72",
2026-09-28T18:31:03.9257810Z     "generated/linear_rom/bank082.hex": "734ea2b4ac187f31c27f368a656ad8a2ba8b98d940988ac8cd644075c759400f",
2026-09-28T18:31:03.9258455Z     "generated/linear_rom/bank083.hex": "8e078a6d810b55b2a189f2667489ae2e09f319a57d1c0a6a05b1a9c9d1675971",
2026-09-28T18:31:03.9259088Z     "generated/linear_rom/bank084.hex": "412c345de5b17f0e8e98de099df94329ca43ac757c4b877b5df8c8e39885874d",
2026-09-28T18:31:03.9259697Z     "generated/linear_rom/bank085.hex": "e11b96a1b844d94b812b624d0eefed4f7b596a326911f8e291f03101bc0804d1",
2026-09-28T18:31:03.9260314Z     "generated/linear_rom/bank086.hex": "9dcaed41f52b5e691f42905ab15d69436e419159509792c1b7b5c48b49275c2f",
2026-09-28T18:31:03.9260915Z     "generated/linear_rom/bank087.hex": "d99a1aae53b9e0784086570640755fbada5d394b470da99c200ddc81f0663cf2",
2026-09-28T18:31:03.9261507Z     "generated/linear_rom/bank088.hex": "706cdf92f006eb769c424c8905813dca18d550ea294c7a48d4187b8a975ddcef",
2026-09-28T18:31:03.9262129Z     "generated/linear_rom/bank089.hex": "7d3e691de3e854567b602d9654c3c42574ca229b8a5acf6fdf25e2ae2232c061",
2026-09-28T18:31:03.9262770Z     "generated/linear_rom/bank090.hex": "64a2d56afbdc8bdf5ae1e7bd3dcff0c4a01a66b6acd796e28fb9f1640e07092c",
2026-09-28T18:31:03.9263406Z     "generated/linear_rom/bank091.hex": "9080ed6e4f557248c16f7d95ea606b77fee2e96b4f4115ecfc2c5fe226e12759",
2026-09-28T18:31:03.9264051Z     "generated/linear_rom/bank092.hex": "138805f24b37b0d8d13675215751f4bf78d9fdfa1fea639103f5f86d9d0f147d",
2026-09-28T18:31:03.9264763Z     "generated/linear_rom/bank093.hex": "020e4417021a6923c130c2aaed726c34792dae97f5f3ca27242eb5fd7dcf139b",
2026-09-28T18:31:03.9265379Z     "generated/linear_rom/bank094.hex": "31b2af35cd85fe9513d688721774b27a278ce37378d8f1990b5a4ec4291e0a7d",
2026-09-28T18:31:03.9265966Z     "generated/linear_rom/bank095.hex": "3dd0b582ffb50235e1a4ae86a23c6083785d8596df3921cf5699e7d38b6f0fb5",
2026-09-28T18:31:03.9266622Z     "generated/linear_rom/bank096.hex": "a5226dfedd470d78a90e5ed6516df08ff9a73d0acde75a2446a777a994e9dd02",
2026-09-28T18:31:03.9267243Z     "generated/linear_rom/bank097.hex": "acde26890a168beabc7eb5b427d49c15cb374e95ce3b1ad4f3a53e4611f4a38e",
2026-09-28T18:31:03.9267858Z     "generated/linear_rom/bank098.hex": "09400e6a9dd6a04159dbeda5092568a30cd42dac7e26174fca7721b2159ce3da",
2026-09-28T18:31:03.9268474Z     "generated/linear_rom/bank099.hex": "4360d9483903ebc165ebc2603555b6dd2274bfb86f8b8d4850730ff97eef209a",
2026-09-28T18:31:03.9269071Z     "generated/linear_rom/bank100.hex": "6a91f844ab33ee190ba2c9d26f4ed6ebc5e673a88aa84b3ae8e71ff9dbe4d5b7",
2026-09-28T18:31:03.9269676Z     "generated/linear_rom/bank101.hex": "ce8369a6606382ed3fb5b1426fa6b300a021a20cda43fee474a00b001f346dc0",
2026-09-28T18:31:03.9270338Z     "generated/linear_rom/bank102.hex": "85cb40943bb722a126a682d08e6b4637569dce59bc1a94df4cda6c1d2cc6e5c5",
2026-09-28T18:31:03.9270940Z     "generated/linear_rom/bank103.hex": "fa4f89692dde83c092b1cab1754c0851961fce7b604dd4250bb49b6b734c89d2",
2026-09-28T18:31:03.9271536Z     "generated/linear_rom/bank104.hex": "66a5d317a5c23c5cd28a90e9d54c5becb68c24e851c79c541c6d9b8366d148fd",
2026-09-28T18:31:03.9272159Z     "generated/linear_rom/bank105.hex": "a7c84972ec443d3e210abc209e7103c028f0006cd729f60e82a3daf7b12757bd",
2026-09-28T18:31:03.9272753Z     "generated/linear_rom/bank106.hex": "162ba567595371122db221d54512f499dcd18655a5f361b6a15b2e821361381b",
2026-09-28T18:31:03.9273380Z     "generated/linear_rom/bank107.hex": "863d7e0310f3e5d2b2069b8c5a5e3449551cf1a4c8d9b4ef695af808163058ce",
2026-09-28T18:31:03.9273981Z     "generated/linear_rom/bank108.hex": "ee0fca6144ea4a9a954dc0e277ee44676636505d5a1da58d244ab7ec719ef08a",
2026-09-28T18:31:03.9274684Z     "generated/linear_rom/bank109.hex": "9505fbcdb27370172651cf0c0e7c0f06b6de4efd22f486044c18a9c0b3f17daa",
2026-09-28T18:31:03.9275306Z     "generated/linear_rom/bank110.hex": "91c09f964f214ce950d7803686a155a2e136fdb5c3d2d487ba6a906d3a80e974",
2026-09-28T18:31:03.9275899Z     "generated/linear_rom/bank111.hex": "4fbcb1f2cddc67e2990ae244b4db542db2611c099e3cda83d49c7201e1259196",
2026-09-28T18:31:03.9276523Z     "generated/linear_rom/bank112.hex": "ea5ec338c84612fb5b0d1a6a4c0ff4f17acf5c58542f5587ecf6e1849e616045",
2026-09-28T18:31:03.9277176Z     "generated/linear_rom/bank113.hex": "aacb32ffcea1c804e3b30045df8b88feeda6128240d5b1de21f91dee2bda93a7",
2026-09-28T18:31:03.9277787Z     "generated/linear_rom/bank114.hex": "b713eb4614368b28e117ec5c8bdc1ffd1cb990255be497fe2f924526816b89d3",
2026-09-28T18:31:03.9278444Z     "generated/linear_rom/bank115.hex": "2a772fd8596a6df82a8ed107ed63d60b1476f1bb5cb0ae51c30557827ee440cf",
2026-09-28T18:31:03.9279025Z     "generated/linear_rom/bank116.hex": "9a302701679ada8437d61639b89c664bf2bfeb5e19c4f057550e4e5d61966b0b",
2026-09-28T18:31:03.9279644Z     "generated/linear_rom/bank117.hex": "728c5c6983475fef32379a1663fd0ab4a4ac9176dc4fe3aaf4863185f269876f",
2026-09-28T18:31:03.9280239Z     "generated/linear_rom/bank118.hex": "b500a68eb55a37dca42b811ef8388d1e8dcd1c85cc166047d7521ecf80513926",
2026-09-28T18:31:03.9280830Z     "generated/test_expected.hex": "f47029ab9b036f15f2eda3ee53451d524d54b4c35df49d6737513d8362e15158",
2026-09-28T18:31:03.9281449Z     "generated/test_input.hex": "0d4c15face2920f62ebfd43363ed027e36943abd3377d2fd234eacbebc7fe59a",
2026-09-28T18:31:03.9282052Z     "reference/check_refactor.py": "95632df2fcabbac0f9459096e4f69b7453198f49cb6d770fa79ce4f6a0199169",
2026-09-28T18:31:03.9282703Z     "reference/check_sim.py": "bc4afcf865ade4878f69a0d27f3a1da347ea31d226983370ca1a76152638df36",
2026-09-28T18:31:03.9283287Z     "reference/check_warm_reset.py": "acf756f361a5bbe6b9ee74f6f05fc275a135a20b2086c19f1af0e8a52073471c",
2026-09-28T18:31:03.9283861Z     "rtl/BRAM1Load.v": "9f0ea8d784d9865b4c6c5a97ff20f1689c5b963072a98b9c975870d903091fa4",
2026-09-28T18:31:03.9284503Z     "rtl/sway_mult18x18d.v": "5e7a8be0f9cfce25f7b9546140fae909a09b2c7f0cb90fb6d27f5800a146ad30",
2026-09-28T18:31:03.9285057Z     "sim/TbSway.bsv": "8bc228c8fcb5933c40c19bdd70e7ae2dd8411d80c6ba1c2d0fd3d75f3a98c1d5",
2026-09-28T18:31:03.9285613Z     "sim/TbSwayKernel.bsv": "d2876467c1191ff993170eec4a9e2ffa3b46fab900728c097fcfb063bfe3603e"
2026-09-28T18:31:03.9286058Z   },
2026-09-28T18:31:03.9286308Z   "tools": {
2026-09-28T18:31:03.9286616Z     "bsc": "/home/runner/work/_temp/sway-tools/bsc/bin/bsc",
2026-09-28T18:31:03.9286957Z     "iverilog": "/usr/bin/iverilog",
2026-09-28T18:31:03.9287262Z     "vvp": "/usr/bin/vvp",
2026-09-28T18:31:03.9287525Z     "ivl_dir": null,
2026-09-28T18:31:03.9288195Z     "bsc_version": "Bluespec Compiler, version 2026.01 (build 9bd39e6f)\nThis is free software; for source code and copying conditions, see\nhttps://github.com/B-Lang-org/bsc\n\nInvoking command line:\nbsc -v",
2026-09-28T18:31:03.9288927Z     "bsc_version_returncode": 0,
2026-09-28T18:31:03.9297103Z     "iverilog_version": "Icarus Verilog version 12.0 (stable) ()\n\nCopyright (c) 2000-2021 Stephen Williams (steve@icarus.com)\n\n  This program is free software; you can redistribute it and/or modify\n  it under the terms of the GNU General Public License as published by\n  the Free Software Foundation; either version 2 of the License, or\n  (at your option) any later version.\n\n  This program is distributed in the hope that it will be useful,\n  but WITHOUT ANY WARRANTY; without even the implied warranty of\n  MERCHANTABILITY or FITNESS FOR A PARTICULAR PURPOSE.  See the\n  GNU General Public License for more details.\n\n  You should have received a copy of the GNU General Public License along\n  with this program; if not, write to the Free Software Foundation, Inc.,\n  51 Franklin Street, Fifth Floor, Boston, MA 02110-1301, USA.\n\nIcarus Verilog Preprocessor version 12.0 (stable) ()\n\nCopyright (c) 1999-2021 Stephen Williams (steve@icarus.com)\n\n  This program is free software; you can redistribute it and/or modify\n  it under the terms of the GNU General Public License as published by\n  the Free Software Foundation; either version 2 of the License, or\n  (at your option) any later version.\n\n  This program is distributed in the hope that it will be useful,\n  but WITHOUT ANY WARRANTY; without even the implied warranty of\n  MERCHANTABILITY or FITNESS FOR A PARTICULAR PURPOSE.  See the\n  GNU General Public License for more details.\n\n  You should have received a copy of the GNU General Public License along\n  with this program; if not, write to the Free Software Foundation, Inc.,\n  51 Franklin Street, Fifth Floor, Boston, MA 02110-1301, USA.\n\nIcarus Verilog Parser/Elaborator version 12.0 (stable) ()\n\nCopyright (c) 1998-2021 Stephen Williams (steve@icarus.com)\n\n  This program is free software; you can redistribute it and/or modify\n  it under the terms of the GNU General Public License as published by\n  the Free Software Foundation; either version 2 of the License, or\n  (at your option) any later version.\n\n  This program is distributed in the hope that it will be useful,\n  but WITHOUT ANY WARRANTY; without even the implied warranty of\n  MERCHANTABILITY or FITNESS FOR A PARTICULAR PURPOSE.  See the\n  GNU General Public License for more details.\n\n  You should have received a copy of the GNU General Public License along\n  with this program; if not, write to the Free Software Foundation, Inc.,\n  51 Franklin Street, Fifth Floor, Boston, MA 02110-1301, USA.\n\n FLAGS DLL vvp.tgt\nvvp.tgt: Icarus Verilog VVP Code Generator 12.0 (stable) ()\n\nCopyright (c) 2001-2021 Stephen Williams (steve@icarus.com)\n\n  This program is free software; you can redistribute it and/or modify\n  it under the terms of the GNU General Public License as published by\n  the Free Software Foundation; either version 2 of the License, or\n  (at your option) any later version.\n\n  This program is distributed in the hope that it will be useful,\n  but WITHOUT ANY WARRANTY; without even the implied warranty of\n  MERCHANTABILITY or FITNESS FOR A PARTICULAR PURPOSE.  See the\n  GNU General Public License for more details.\n\n  You should have received a copy of the GNU General Public License along\n  with this program; if not, write to the Free Software Foundation, Inc.,\n  51 Franklin Street, Fifth Floor, Boston, MA 02110-1301, USA.",
2026-09-28T18:31:03.9305465Z     "iverilog_version_returncode": 0,
2026-09-28T18:31:03.9307665Z     "vvp_version": "Icarus Verilog runtime version 12.0 (stable) ()\n\nCopyright (c) 2001-2021 Stephen Williams (steve@icarus.com)\n\n  This program is free software; you can redistribute it and/or modify\n  it under the terms of the GNU General Public License as published by\n  the Free Software Foundation; either version 2 of the License, or\n  (at your option) any later version.\n\n  This program is distributed in the hope that it will be useful,\n  but WITHOUT ANY WARRANTY; without even the implied warranty of\n  MERCHANTABILITY or FITNESS FOR A PARTICULAR PURPOSE.  See the\n  GNU General Public License for more details.\n\n  You should have received a copy of the GNU General Public License along\n  with this program; if not, write to the Free Software Foundation, Inc.,\n  51 Franklin Street, Fifth Floor, Boston, MA 02110-1301, USA.",
2026-09-28T18:31:03.9309875Z     "vvp_version_returncode": 0
2026-09-28T18:31:03.9310142Z   },
2026-09-28T18:31:03.9310502Z   "wrapper_sha256": "5d023783d531f8c7f071b564d4e081912171b75d5fd870ed9b19d421f704c03f",
2026-09-28T18:31:03.9310961Z   "compiler_warnings": [
2026-09-28T18:31:03.9311297Z     "Warning: \"Prelude.bs\", line 1335, column 9: (G0024)",
2026-09-28T18:31:03.9311672Z     "Warning: \"Prelude.bs\", line 2862, column 0: (G0024)",
2026-09-28T18:31:03.9312049Z     "Warning: \"Prelude.bs\", line 2862, column 0: (G0024)",
2026-09-28T18:31:03.9312422Z     "Warning: \"Prelude.bs\", line 1335, column 9: (G0024)"
2026-09-28T18:31:03.9312765Z   ],
2026-09-28T18:31:03.9313005Z   "before_reset": {
2026-09-28T18:31:03.9313268Z     "input_words_accepted": 1312,
2026-09-28T18:31:03.9313543Z     "outputs_received": 57,
2026-09-28T18:31:03.9313883Z     "cycle": 40000,
2026-09-28T18:31:03.9314301Z     "in_flight_work_confirmed": true
2026-09-28T18:31:03.9314602Z   },
2026-09-28T18:31:03.9314829Z   "post_reset": {
2026-09-28T18:31:03.9315071Z     "status": "pass",
2026-09-28T18:31:03.9315394Z     "evidence": "generated-Verilog simulation (Icarus)",
2026-09-28T18:31:03.9315747Z     "frames_checked": 14,
2026-09-28T18:31:03.9316026Z     "scalar_outputs_checked": 798,
2026-09-28T18:31:03.9316380Z     "input_words": 4480,
2026-09-28T18:31:03.9316653Z     "finish_cycle": 288406,
2026-09-28T18:31:03.9317000Z     "post_completion_drain_cycles": 2048,
2026-09-28T18:31:03.9317310Z     "source_bubbles": "none inserted",
2026-09-28T18:31:03.9317609Z     "sink_stalls": "none inserted",
2026-09-28T18:31:03.9318065Z     "timing_scope": "kernel interface cycles; excludes UART, physical timing and post-completion drain",
2026-09-28T18:31:03.9318535Z     "output_frame_start_intervals_cycles": [
2026-09-28T18:31:03.9318862Z       19232,
2026-09-28T18:31:03.9319096Z       19232,
2026-09-28T18:31:03.9319311Z       19232,
2026-09-28T18:31:03.9319558Z       19232,
2026-09-28T18:31:03.9319786Z       19232,
2026-09-28T18:31:03.9320070Z       19232,
2026-09-28T18:31:03.9320293Z       19232,
2026-09-28T18:31:03.9320502Z       19232,
2026-09-28T18:31:03.9320748Z       19232,
2026-09-28T18:31:03.9320972Z       19232,
2026-09-28T18:31:03.9321218Z       19232,
2026-09-28T18:31:03.9321456Z       19232,
2026-09-28T18:31:03.9321683Z       19232
2026-09-28T18:31:03.9321965Z     ],
2026-09-28T18:31:03.9322210Z     "repeated_frame_pairs_checked": [
2026-09-28T18:31:03.9322497Z       [
2026-09-28T18:31:03.9322768Z         0,
2026-09-28T18:31:03.9322994Z         12
2026-09-28T18:31:03.9323232Z       ],
2026-09-28T18:31:03.9323456Z       [
2026-09-28T18:31:03.9323667Z         0,
2026-09-28T18:31:03.9323983Z         13
2026-09-28T18:31:03.9324278Z       ]
2026-09-28T18:31:03.9324502Z     ],
2026-09-28T18:31:03.9324867Z     "input_sha256": "0d4c15face2920f62ebfd43363ed027e36943abd3377d2fd234eacbebc7fe59a",
2026-09-28T18:31:03.9325429Z     "expected_sha256": "f47029ab9b036f15f2eda3ee53451d524d54b4c35df49d6737513d8362e15158",
2026-09-28T18:31:03.9325995Z     "log_sha256": "8c05878b41140f18b7f3da8ee549c069db536b57459e765650397ecde45fce41",
2026-09-28T18:31:03.9326384Z     "frames": [
2026-09-28T18:31:03.9326620Z       {
2026-09-28T18:31:03.9326857Z         "frame": 0,
2026-09-28T18:31:03.9327135Z         "input_first_cycle": 0,
2026-09-28T18:31:03.9327429Z         "input_last_cycle": 319,
2026-09-28T18:31:03.9327710Z         "output_first_cycle": 36285,
2026-09-28T18:31:03.9327990Z         "output_last_cycle": 36341,
2026-09-28T18:31:03.9328318Z         "first_input_to_last_output_cycles": 36341
2026-09-28T18:31:03.9328678Z       },
2026-09-28T18:31:03.9328916Z       {
2026-09-28T18:31:03.9329140Z         "frame": 1,
2026-09-28T18:31:03.9329381Z         "input_first_cycle": 320,
2026-09-28T18:31:03.9329691Z         "input_last_cycle": 639,
2026-09-28T18:31:03.9329990Z         "output_first_cycle": 55517,
2026-09-28T18:31:03.9330271Z         "output_last_cycle": 55573,
2026-09-28T18:31:03.9330589Z         "first_input_to_last_output_cycles": 55253
2026-09-28T18:31:03.9330887Z       },
2026-09-28T18:31:03.9331124Z       {
2026-09-28T18:31:03.9331396Z         "frame": 2,
2026-09-28T18:31:03.9331641Z         "input_first_cycle": 640,
2026-09-28T18:31:03.9331930Z         "input_last_cycle": 13422,
2026-09-28T18:31:03.9332213Z         "output_first_cycle": 74749,
2026-09-28T18:31:03.9332512Z         "output_last_cycle": 74805,
2026-09-28T18:31:03.9332825Z         "first_input_to_last_output_cycles": 74165
2026-09-28T18:31:03.9333105Z       },
2026-09-28T18:31:03.9333353Z       {
2026-09-28T18:31:03.9333573Z         "frame": 3,
2026-09-28T18:31:03.9333824Z         "input_first_cycle": 13423,
2026-09-28T18:31:03.9334237Z         "input_last_cycle": 32654,
2026-09-28T18:31:03.9334510Z         "output_first_cycle": 93981,
2026-09-28T18:31:03.9334814Z         "output_last_cycle": 94037,
2026-09-28T18:31:03.9335114Z         "first_input_to_last_output_cycles": 80614
2026-09-28T18:31:03.9335415Z       },
2026-09-28T18:31:03.9335667Z       {
2026-09-28T18:31:03.9335892Z         "frame": 4,
2026-09-28T18:31:03.9336153Z         "input_first_cycle": 32655,
2026-09-28T18:31:03.9336430Z         "input_last_cycle": 51886,
2026-09-28T18:31:03.9336698Z         "output_first_cycle": 113213,
2026-09-28T18:31:03.9337124Z         "output_last_cycle": 113269,
2026-09-28T18:31:03.9337424Z         "first_input_to_last_output_cycles": 80614
2026-09-28T18:31:03.9337728Z       },
2026-09-28T18:31:03.9337953Z       {
2026-09-28T18:31:03.9338160Z         "frame": 5,
2026-09-28T18:31:03.9338454Z         "input_first_cycle": 51887,
2026-09-28T18:31:03.9338731Z         "input_last_cycle": 71118,
2026-09-28T18:31:03.9339013Z         "output_first_cycle": 132445,
2026-09-28T18:31:03.9341527Z         "output_last_cycle": 132501,
2026-09-28T18:31:03.9341827Z         "first_input_to_last_output_cycles": 80614
2026-09-28T18:31:03.9342179Z       },
2026-09-28T18:31:03.9342399Z       {
2026-09-28T18:31:03.9342623Z         "frame": 6,
2026-09-28T18:31:03.9342884Z         "input_first_cycle": 71119,
2026-09-28T18:31:03.9343163Z         "input_last_cycle": 90350,
2026-09-28T18:31:03.9343476Z         "output_first_cycle": 151677,
2026-09-28T18:31:03.9343763Z         "output_last_cycle": 151733,
2026-09-28T18:31:03.9344045Z         "first_input_to_last_output_cycles": 80614
2026-09-28T18:31:03.9344476Z       },
2026-09-28T18:31:03.9344777Z       {
2026-09-28T18:31:03.9345046Z         "frame": 7,
2026-09-28T18:31:03.9345293Z         "input_first_cycle": 90351,
2026-09-28T18:31:03.9345557Z         "input_last_cycle": 109582,
2026-09-28T18:31:03.9345862Z         "output_first_cycle": 170909,
2026-09-28T18:31:03.9346163Z         "output_last_cycle": 170965,
2026-09-28T18:31:03.9346469Z         "first_input_to_last_output_cycles": 80614
2026-09-28T18:31:03.9346776Z       },
2026-09-28T18:31:03.9346993Z       {
2026-09-28T18:31:03.9347234Z         "frame": 8,
2026-09-28T18:31:03.9347501Z         "input_first_cycle": 109583,
2026-09-28T18:31:03.9347812Z         "input_last_cycle": 128814,
2026-09-28T18:31:03.9348105Z         "output_first_cycle": 190141,
2026-09-28T18:31:03.9348383Z         "output_last_cycle": 190197,
2026-09-28T18:31:03.9348693Z         "first_input_to_last_output_cycles": 80614
2026-09-28T18:31:03.9349002Z       },
2026-09-28T18:31:03.9349210Z       {
2026-09-28T18:31:03.9349462Z         "frame": 9,
2026-09-28T18:31:03.9349710Z         "input_first_cycle": 128815,
2026-09-28T18:31:03.9349999Z         "input_last_cycle": 148046,
2026-09-28T18:31:03.9350337Z         "output_first_cycle": 209373,
2026-09-28T18:31:03.9350605Z         "output_last_cycle": 209429,
2026-09-28T18:31:03.9350928Z         "first_input_to_last_output_cycles": 80614
2026-09-28T18:31:03.9351221Z       },
2026-09-28T18:31:03.9351456Z       {
2026-09-28T18:31:03.9351710Z         "frame": 10,
2026-09-28T18:31:03.9351963Z         "input_first_cycle": 148047,
2026-09-28T18:31:03.9352252Z         "input_last_cycle": 167278,
2026-09-28T18:31:03.9352526Z         "output_first_cycle": 228605,
2026-09-28T18:31:03.9352794Z         "output_last_cycle": 228661,
2026-09-28T18:31:03.9353163Z         "first_input_to_last_output_cycles": 80614
2026-09-28T18:31:03.9353456Z       },
2026-09-28T18:31:03.9353688Z       {
2026-09-28T18:31:03.9353911Z         "frame": 11,
2026-09-28T18:31:03.9354338Z         "input_first_cycle": 167279,
2026-09-28T18:31:03.9354774Z         "input_last_cycle": 186510,
2026-09-28T18:31:03.9355060Z         "output_first_cycle": 247837,
2026-09-28T18:31:03.9355342Z         "output_last_cycle": 247893,
2026-09-28T18:31:03.9355650Z         "first_input_to_last_output_cycles": 80614
2026-09-28T18:31:03.9355948Z       },
2026-09-28T18:31:03.9356238Z       {
2026-09-28T18:31:03.9356459Z         "frame": 12,
2026-09-28T18:31:03.9356714Z         "input_first_cycle": 186511,
2026-09-28T18:31:03.9356999Z         "input_last_cycle": 205742,
2026-09-28T18:31:03.9357278Z         "output_first_cycle": 267069,
2026-09-28T18:31:03.9357588Z         "output_last_cycle": 267125,
2026-09-28T18:31:03.9357885Z         "first_input_to_last_output_cycles": 80614
2026-09-28T18:31:03.9358165Z       },
2026-09-28T18:31:03.9358413Z       {
2026-09-28T18:31:03.9358637Z         "frame": 13,
2026-09-28T18:31:03.9358947Z         "input_first_cycle": 205743,
2026-09-28T18:31:03.9359223Z         "input_last_cycle": 224974,
2026-09-28T18:31:03.9359558Z         "output_first_cycle": 286301,
2026-09-28T18:31:03.9359870Z         "output_last_cycle": 286357,
2026-09-28T18:31:03.9360170Z         "first_input_to_last_output_cycles": 80614
2026-09-28T18:31:03.9360483Z       }
2026-09-28T18:31:03.9360715Z     ]
2026-09-28T18:31:03.9360937Z   },
2026-09-28T18:31:03.9361182Z   "source_unchanged": true
2026-09-28T18:31:03.9361437Z }
2026-09-28T18:31:03.9425766Z ##[group]Run actions/upload-artifact@ea165f8d65b6e75b540449e92b4886f43607fa02
2026-09-28T18:31:03.9426210Z with:
2026-09-28T18:31:03.9426586Z   name: baseline-functional-divisor-4-69e5106c7c8256ba7d54bc9deceb06db4ded6a6f
2026-09-28T18:31:03.9427021Z   path: /home/runner/work/_temp/sway-verification/
2026-09-28T18:31:03.9427380Z   if-no-files-found: warn
2026-09-28T18:31:03.9427652Z   compression-level: 6
2026-09-28T18:31:03.9427931Z   overwrite: false
2026-09-28T18:31:03.9428242Z   include-hidden-files: false
2026-09-28T18:31:03.9428510Z ##[endgroup]
2026-09-28T18:31:04.0929767Z (node:2923) [DEP0040] DeprecationWarning: The `punycode` module is deprecated. Please use a userland alternative instead.
2026-09-28T18:31:04.0930716Z (Use `node --trace-deprecation ...` to show where the warning was created)
2026-09-28T18:31:04.1328967Z With the provided path, there will be 191 files uploaded
2026-09-28T18:31:04.1329911Z Artifact name is valid!
2026-09-28T18:31:04.1330591Z Root directory input is valid!
2026-09-28T18:31:04.4940189Z Beginning upload of artifact content to blob storage
2026-09-28T18:31:04.8655894Z (node:2923) [DEP0169] DeprecationWarning: `url.parse()` behavior is not standardized and prone to errors that have security implications. Use the WHATWG URL API instead. CVEs are not issued for `url.parse()` vulnerabilities.
2026-09-28T18:31:05.5299857Z Uploaded bytes 2941588
2026-09-28T18:31:05.5914800Z Finished uploading artifact content to blob storage!
2026-09-28T18:31:05.5915723Z SHA256 digest of uploaded artifact zip is e7a6d3bfdbc735fe4b6cbf189950f2e48a25b9cbfced4902dd6f7fe92afa3387
2026-09-28T18:31:05.5917157Z Finalizing artifact upload
2026-09-28T18:31:05.8700337Z Artifact baseline-functional-divisor-4-69e5106c7c8256ba7d54bc9deceb06db4ded6a6f.zip successfully finalized. Artifact ID 10989732031
2026-09-28T18:31:05.8702082Z Artifact baseline-functional-divisor-4-69e5106c7c8256ba7d54bc9deceb06db4ded6a6f has been successfully uploaded! Final size is 2941588 bytes. Artifact ID is 10989732031
2026-09-28T18:31:05.8705527Z Artifact download URL: https://github.com/SeMinLim/sway/actions/runs/36463589773/artifacts/10989732031
2026-09-28T18:31:05.8895628Z Post job cleanup.
2026-09-28T18:31:05.9613136Z [command]/usr/bin/git version
2026-09-28T18:31:05.9645111Z git version 2.55.0
2026-09-28T18:31:05.9671592Z Temporarily overriding HOME='/home/runner/work/_temp/223e3916-fbf7-4055-9bc3-616ad67a2784' before making global git config changes
2026-09-28T18:31:05.9672644Z Adding repository directory to the temporary git global config as a safe directory
2026-09-28T18:31:05.9676388Z [command]/usr/bin/git config --global --add safe.directory /home/runner/work/sway/sway
2026-09-28T18:31:05.9706926Z [command]/usr/bin/git config --local --name-only --get-regexp core\.sshCommand
2026-09-28T18:31:05.9733917Z [command]/usr/bin/git submodule foreach --recursive sh -c "git config --local --name-only --get-regexp 'core\.sshCommand' && git config --local --unset-all 'core.sshCommand' || :"
2026-09-28T18:31:05.9912644Z [command]/usr/bin/git config --local --name-only --get-regexp http\.https\:\/\/github\.com\/\.extraheader
2026-09-28T18:31:05.9945358Z [command]/usr/bin/git submodule foreach --recursive sh -c "git config --local --name-only --get-regexp 'http\.https\:\/\/github\.com\/\.extraheader' && git config --local --unset-all 'http.https://github.com/.extraheader' || :"
2026-09-28T18:31:06.0114301Z [command]/usr/bin/git config --local --name-only --get-regexp ^includeIf\.gitdir:
2026-09-28T18:31:06.0140220Z [command]/usr/bin/git submodule foreach --recursive git config --local --show-origin --name-only --get-regexp remote.origin.url
2026-09-28T18:31:06.0441041Z Cleaning up orphan processes
2026-09-28T18:31:06.0679630Z ##[warning]Node.js 20 is deprecated. The following actions target Node.js 20 but are being forced to run on Node.js 24: actions/checkout@11d5960a326750d5838078e36cf38b85af677262, actions/upload-artifact@ea165f8d65b6e75b540449e92b4886f43607fa02. For more information see: https://github.blog/changelog/2025-09-19-deprecation-of-node-20-on-github-actions-runners/
