
 /----------------------------------------------------------------------------\
 |                                                                            |
 |  yosys -- Yosys Open SYnthesis Suite                                       |
 |                                                                            |
 |  Copyright (C) 2012 - 2020  Claire Xenia Wolf <claire@yosyshq.com>         |
 |                                                                            |
 |  Permission to use, copy, modify, and/or distribute this software for any  |
 |  purpose with or without fee is hereby granted, provided that the above    |
 |  copyright notice and this permission notice appear in all copies.         |
 |                                                                            |
 |  THE SOFTWARE IS PROVIDED "AS IS" AND THE AUTHOR DISCLAIMS ALL WARRANTIES  |
 |  WITH REGARD TO THIS SOFTWARE INCLUDING ALL IMPLIED WARRANTIES OF          |
 |  MERCHANTABILITY AND FITNESS. IN NO EVENT SHALL THE AUTHOR BE LIABLE FOR   |
 |  ANY SPECIAL, DIRECT, INDIRECT, OR CONSEQUENTIAL DAMAGES OR ANY DAMAGES    |
 |  WHATSOEVER RESULTING FROM LOSS OF USE, DATA OR PROFITS, WHETHER IN AN     |
 |  ACTION OF CONTRACT, NEGLIGENCE OR OTHER TORTIOUS ACTION, ARISING OUT OF   |
 |  OR IN CONNECTION WITH THE USE OR PERFORMANCE OF THIS SOFTWARE.            |
 |                                                                            |
 \----------------------------------------------------------------------------/

 Yosys 0.33 (git sha1 2584903a060)


-- Executing script file `/workspace/scratch/839f8f1063a0/work/sway_requant_trial/hw/results/requant_trial/equivalence/prove.ys' --

1. Executing Verilog-2005 frontend: /workspace/scratch/839f8f1063a0/requant_equivalence/mkRequantEquivalence.v
Parsing Verilog input from `/workspace/scratch/839f8f1063a0/requant_equivalence/mkRequantEquivalence.v' to AST representation.
Generating RTLIL representation for module `\mkRequantEquivalence'.
Successfully finished Verilog frontend.

2. Executing PREP pass.

2.1. Executing HIERARCHY pass (managing design hierarchy).

2.1.1. Analyzing design hierarchy..
Top module:  \mkRequantEquivalence

2.1.2. Analyzing design hierarchy..
Top module:  \mkRequantEquivalence
Removed 0 unused modules.

2.2. Executing PROC pass (convert processes to netlists).

2.2.1. Executing PROC_CLEAN pass (remove empty switches from decision trees).
Cleaned up 0 empty switches.

2.2.2. Executing PROC_RMDEAD pass (remove dead branches from decision trees).
Removed a total of 0 dead cases.

2.2.3. Executing PROC_PRUNE pass (remove redundant assignments in processes).
Removed 0 redundant assignments.
Promoted 0 assignments to connections.

2.2.4. Executing PROC_INIT pass (extract init attributes).

2.2.5. Executing PROC_ARST pass (detect async resets in processes).

2.2.6. Executing PROC_ROM pass (convert switches to ROMs).
Converted 0 switches.

2.2.7. Executing PROC_MUX pass (convert decision trees to multiplexers).

2.2.8. Executing PROC_DLATCH pass (convert process syncs to latches).

2.2.9. Executing PROC_DFF pass (convert process syncs to FFs).

2.2.10. Executing PROC_MEMWR pass (convert process memory writes to cells).

2.2.11. Executing PROC_CLEAN pass (remove empty switches from decision trees).
Cleaned up 0 empty switches.

2.2.12. Executing OPT_EXPR pass (perform const folding).
Optimizing module mkRequantEquivalence.
<suppressed ~1238 debug messages>

2.3. Executing OPT_EXPR pass (perform const folding).
Optimizing module mkRequantEquivalence.

2.4. Executing OPT_CLEAN pass (remove unused cells and wires).
Finding unused cells or wires in module \mkRequantEquivalence..
Removed 0 unused cells and 2466 unused wires.
<suppressed ~1 debug messages>

2.5. Executing CHECK pass (checking for obvious problems).
Checking module mkRequantEquivalence...
Found and reported 0 problems.

2.6. Executing OPT pass (performing simple optimizations).

2.6.1. Executing OPT_EXPR pass (perform const folding).
Optimizing module mkRequantEquivalence.

2.6.2. Executing OPT_MERGE pass (detect identical cells).
Finding identical cells in module `\mkRequantEquivalence'.
<suppressed ~6399 debug messages>
Removed a total of 2133 cells.

2.6.3. Executing OPT_MUXTREE pass (detect dead branches in mux trees).
Running muxtree optimizer on module \mkRequantEquivalence..
  Creating internal representation of mux trees.
  Evaluating internal representation of mux trees.
  Analyzing evaluation results.
Removed 0 multiplexer ports.
<suppressed ~745 debug messages>

2.6.4. Executing OPT_REDUCE pass (consolidate $*mux and $reduce_* inputs).
  Optimizing cells in module \mkRequantEquivalence.
Performed a total of 0 changes.

2.6.5. Executing OPT_MERGE pass (detect identical cells).
Finding identical cells in module `\mkRequantEquivalence'.
<suppressed ~876 debug messages>
Removed a total of 292 cells.

2.6.6. Executing OPT_CLEAN pass (remove unused cells and wires).
Finding unused cells or wires in module \mkRequantEquivalence..
Removed 0 unused cells and 2133 unused wires.
<suppressed ~1 debug messages>

2.6.7. Executing OPT_EXPR pass (perform const folding).
Optimizing module mkRequantEquivalence.

2.6.8. Rerunning OPT passes. (Maybe there is more to do..)

2.6.9. Executing OPT_MUXTREE pass (detect dead branches in mux trees).
Running muxtree optimizer on module \mkRequantEquivalence..
  Creating internal representation of mux trees.
  Evaluating internal representation of mux trees.
  Analyzing evaluation results.
Removed 0 multiplexer ports.
<suppressed ~785 debug messages>

2.6.10. Executing OPT_REDUCE pass (consolidate $*mux and $reduce_* inputs).
  Optimizing cells in module \mkRequantEquivalence.
Performed a total of 0 changes.

2.6.11. Executing OPT_MERGE pass (detect identical cells).
Finding identical cells in module `\mkRequantEquivalence'.
Removed a total of 0 cells.

2.6.12. Executing OPT_CLEAN pass (remove unused cells and wires).
Finding unused cells or wires in module \mkRequantEquivalence..

2.6.13. Executing OPT_EXPR pass (perform const folding).
Optimizing module mkRequantEquivalence.

2.6.14. Finished OPT passes. (There is nothing left to do.)

2.7. Executing WREDUCE pass (reducing word size of cells).
Removed top 401 bits (of 402) from mux cell mkRequantEquivalence.$ternary$/workspace/scratch/839f8f1063a0/requant_equivalence/mkRequantEquivalence.v:2660$349 ($mux).
Removed top 53 bits (of 64) from port A of cell mkRequantEquivalence.$gt$/workspace/scratch/839f8f1063a0/requant_equivalence/mkRequantEquivalence.v:2664$350 ($gt).
Removed top 53 bits (of 64) from port B of cell mkRequantEquivalence.$gt$/workspace/scratch/839f8f1063a0/requant_equivalence/mkRequantEquivalence.v:2664$350 ($gt).
Removed top 8 bits (of 9) from port B of cell mkRequantEquivalence.$add$/workspace/scratch/839f8f1063a0/requant_equivalence/mkRequantEquivalence.v:2667$354 ($add).
Removed top 1 bits (of 9) from mux cell mkRequantEquivalence.$ternary$/workspace/scratch/839f8f1063a0/requant_equivalence/mkRequantEquivalence.v:2664$355 ($mux).
Removed top 37 bits (of 48) from port A of cell mkRequantEquivalence.$gt$/workspace/scratch/839f8f1063a0/requant_equivalence/mkRequantEquivalence.v:2670$356 ($gt).
Removed top 37 bits (of 48) from port B of cell mkRequantEquivalence.$gt$/workspace/scratch/839f8f1063a0/requant_equivalence/mkRequantEquivalence.v:2670$356 ($gt).
Removed top 1 bits (of 9) from mux cell mkRequantEquivalence.$ternary$/workspace/scratch/839f8f1063a0/requant_equivalence/mkRequantEquivalence.v:2670$361 ($mux).
Removed top 24 bits (of 35) from port A of cell mkRequantEquivalence.$gt$/workspace/scratch/839f8f1063a0/requant_equivalence/mkRequantEquivalence.v:2675$362 ($gt).
Removed top 24 bits (of 35) from port B of cell mkRequantEquivalence.$gt$/workspace/scratch/839f8f1063a0/requant_equivalence/mkRequantEquivalence.v:2675$362 ($gt).
Removed top 1 bits (of 9) from mux cell mkRequantEquivalence.$ternary$/workspace/scratch/839f8f1063a0/requant_equivalence/mkRequantEquivalence.v:2675$367 ($mux).
Removed top 21 bits (of 32) from port A of cell mkRequantEquivalence.$gt$/workspace/scratch/839f8f1063a0/requant_equivalence/mkRequantEquivalence.v:2680$368 ($gt).
Removed top 21 bits (of 32) from port B of cell mkRequantEquivalence.$gt$/workspace/scratch/839f8f1063a0/requant_equivalence/mkRequantEquivalence.v:2680$368 ($gt).
Removed top 1 bits (of 9) from mux cell mkRequantEquivalence.$ternary$/workspace/scratch/839f8f1063a0/requant_equivalence/mkRequantEquivalence.v:2680$373 ($mux).
Removed top 15 bits (of 26) from port A of cell mkRequantEquivalence.$gt$/workspace/scratch/839f8f1063a0/requant_equivalence/mkRequantEquivalence.v:2685$374 ($gt).
Removed top 15 bits (of 26) from port B of cell mkRequantEquivalence.$gt$/workspace/scratch/839f8f1063a0/requant_equivalence/mkRequantEquivalence.v:2685$374 ($gt).
Removed top 1 bits (of 9) from mux cell mkRequantEquivalence.$ternary$/workspace/scratch/839f8f1063a0/requant_equivalence/mkRequantEquivalence.v:2685$379 ($mux).
Removed top 13 bits (of 24) from port A of cell mkRequantEquivalence.$gt$/workspace/scratch/839f8f1063a0/requant_equivalence/mkRequantEquivalence.v:2690$380 ($gt).
Removed top 13 bits (of 24) from port B of cell mkRequantEquivalence.$gt$/workspace/scratch/839f8f1063a0/requant_equivalence/mkRequantEquivalence.v:2690$380 ($gt).
Removed top 1 bits (of 9) from mux cell mkRequantEquivalence.$ternary$/workspace/scratch/839f8f1063a0/requant_equivalence/mkRequantEquivalence.v:2690$385 ($mux).
Removed top 7 bits (of 18) from port A of cell mkRequantEquivalence.$gt$/workspace/scratch/839f8f1063a0/requant_equivalence/mkRequantEquivalence.v:2695$386 ($gt).
Removed top 7 bits (of 18) from port B of cell mkRequantEquivalence.$gt$/workspace/scratch/839f8f1063a0/requant_equivalence/mkRequantEquivalence.v:2695$386 ($gt).
Removed top 8 bits (of 9) from port B of cell mkRequantEquivalence.$add$/workspace/scratch/839f8f1063a0/requant_equivalence/mkRequantEquivalence.v:2697$390 ($add).
Removed top 1 bits (of 9) from mux cell mkRequantEquivalence.$ternary$/workspace/scratch/839f8f1063a0/requant_equivalence/mkRequantEquivalence.v:2695$391 ($mux).
Removed top 5 bits (of 16) from port A of cell mkRequantEquivalence.$gt$/workspace/scratch/839f8f1063a0/requant_equivalence/mkRequantEquivalence.v:2700$392 ($gt).
Removed top 5 bits (of 16) from port B of cell mkRequantEquivalence.$gt$/workspace/scratch/839f8f1063a0/requant_equivalence/mkRequantEquivalence.v:2700$392 ($gt).
Removed top 8 bits (of 9) from port B of cell mkRequantEquivalence.$add$/workspace/scratch/839f8f1063a0/requant_equivalence/mkRequantEquivalence.v:2702$396 ($add).
Removed top 1 bits (of 9) from mux cell mkRequantEquivalence.$ternary$/workspace/scratch/839f8f1063a0/requant_equivalence/mkRequantEquivalence.v:2700$397 ($mux).
Removed top 52 bits (of 64) from port A of cell mkRequantEquivalence.$gt$/workspace/scratch/839f8f1063a0/requant_equivalence/mkRequantEquivalence.v:2705$398 ($gt).
Removed top 52 bits (of 64) from port B of cell mkRequantEquivalence.$gt$/workspace/scratch/839f8f1063a0/requant_equivalence/mkRequantEquivalence.v:2705$398 ($gt).
Removed top 8 bits (of 9) from port B of cell mkRequantEquivalence.$add$/workspace/scratch/839f8f1063a0/requant_equivalence/mkRequantEquivalence.v:2708$402 ($add).
Removed top 1 bits (of 9) from mux cell mkRequantEquivalence.$ternary$/workspace/scratch/839f8f1063a0/requant_equivalence/mkRequantEquivalence.v:2705$403 ($mux).
Removed top 36 bits (of 48) from port A of cell mkRequantEquivalence.$gt$/workspace/scratch/839f8f1063a0/requant_equivalence/mkRequantEquivalence.v:2711$404 ($gt).
Removed top 36 bits (of 48) from port B of cell mkRequantEquivalence.$gt$/workspace/scratch/839f8f1063a0/requant_equivalence/mkRequantEquivalence.v:2711$404 ($gt).
Removed top 1 bits (of 9) from mux cell mkRequantEquivalence.$ternary$/workspace/scratch/839f8f1063a0/requant_equivalence/mkRequantEquivalence.v:2711$409 ($mux).
Removed top 23 bits (of 35) from port A of cell mkRequantEquivalence.$gt$/workspace/scratch/839f8f1063a0/requant_equivalence/mkRequantEquivalence.v:2716$410 ($gt).
Removed top 23 bits (of 35) from port B of cell mkRequantEquivalence.$gt$/workspace/scratch/839f8f1063a0/requant_equivalence/mkRequantEquivalence.v:2716$410 ($gt).
Removed top 1 bits (of 9) from mux cell mkRequantEquivalence.$ternary$/workspace/scratch/839f8f1063a0/requant_equivalence/mkRequantEquivalence.v:2716$415 ($mux).
Removed top 20 bits (of 32) from port A of cell mkRequantEquivalence.$gt$/workspace/scratch/839f8f1063a0/requant_equivalence/mkRequantEquivalence.v:2721$416 ($gt).
Removed top 20 bits (of 32) from port B of cell mkRequantEquivalence.$gt$/workspace/scratch/839f8f1063a0/requant_equivalence/mkRequantEquivalence.v:2721$416 ($gt).
Removed top 1 bits (of 9) from mux cell mkRequantEquivalence.$ternary$/workspace/scratch/839f8f1063a0/requant_equivalence/mkRequantEquivalence.v:2721$421 ($mux).
Removed top 14 bits (of 26) from port A of cell mkRequantEquivalence.$gt$/workspace/scratch/839f8f1063a0/requant_equivalence/mkRequantEquivalence.v:2726$422 ($gt).
Removed top 14 bits (of 26) from port B of cell mkRequantEquivalence.$gt$/workspace/scratch/839f8f1063a0/requant_equivalence/mkRequantEquivalence.v:2726$422 ($gt).
Removed top 1 bits (of 9) from mux cell mkRequantEquivalence.$ternary$/workspace/scratch/839f8f1063a0/requant_equivalence/mkRequantEquivalence.v:2726$427 ($mux).
Removed top 12 bits (of 24) from port A of cell mkRequantEquivalence.$gt$/workspace/scratch/839f8f1063a0/requant_equivalence/mkRequantEquivalence.v:2731$428 ($gt).
Removed top 12 bits (of 24) from port B of cell mkRequantEquivalence.$gt$/workspace/scratch/839f8f1063a0/requant_equivalence/mkRequantEquivalence.v:2731$428 ($gt).
Removed top 1 bits (of 9) from mux cell mkRequantEquivalence.$ternary$/workspace/scratch/839f8f1063a0/requant_equivalence/mkRequantEquivalence.v:2731$433 ($mux).
Removed top 6 bits (of 18) from port A of cell mkRequantEquivalence.$gt$/workspace/scratch/839f8f1063a0/requant_equivalence/mkRequantEquivalence.v:2736$434 ($gt).
Removed top 6 bits (of 18) from port B of cell mkRequantEquivalence.$gt$/workspace/scratch/839f8f1063a0/requant_equivalence/mkRequantEquivalence.v:2736$434 ($gt).
Removed top 8 bits (of 9) from port B of cell mkRequantEquivalence.$add$/workspace/scratch/839f8f1063a0/requant_equivalence/mkRequantEquivalence.v:2738$438 ($add).
Removed top 1 bits (of 9) from mux cell mkRequantEquivalence.$ternary$/workspace/scratch/839f8f1063a0/requant_equivalence/mkRequantEquivalence.v:2736$439 ($mux).
Removed top 4 bits (of 16) from port A of cell mkRequantEquivalence.$gt$/workspace/scratch/839f8f1063a0/requant_equivalence/mkRequantEquivalence.v:2741$440 ($gt).
Removed top 4 bits (of 16) from port B of cell mkRequantEquivalence.$gt$/workspace/scratch/839f8f1063a0/requant_equivalence/mkRequantEquivalence.v:2741$440 ($gt).
Removed top 8 bits (of 9) from port B of cell mkRequantEquivalence.$add$/workspace/scratch/839f8f1063a0/requant_equivalence/mkRequantEquivalence.v:2743$444 ($add).
Removed top 1 bits (of 9) from mux cell mkRequantEquivalence.$ternary$/workspace/scratch/839f8f1063a0/requant_equivalence/mkRequantEquivalence.v:2741$445 ($mux).
Removed top 51 bits (of 64) from port A of cell mkRequantEquivalence.$gt$/workspace/scratch/839f8f1063a0/requant_equivalence/mkRequantEquivalence.v:2746$446 ($gt).
Removed top 51 bits (of 64) from port B of cell mkRequantEquivalence.$gt$/workspace/scratch/839f8f1063a0/requant_equivalence/mkRequantEquivalence.v:2746$446 ($gt).
Removed top 8 bits (of 9) from port B of cell mkRequantEquivalence.$add$/workspace/scratch/839f8f1063a0/requant_equivalence/mkRequantEquivalence.v:2749$450 ($add).
Removed top 1 bits (of 9) from mux cell mkRequantEquivalence.$ternary$/workspace/scratch/839f8f1063a0/requant_equivalence/mkRequantEquivalence.v:2746$451 ($mux).
Removed top 35 bits (of 48) from port A of cell mkRequantEquivalence.$gt$/workspace/scratch/839f8f1063a0/requant_equivalence/mkRequantEquivalence.v:2752$452 ($gt).
Removed top 35 bits (of 48) from port B of cell mkRequantEquivalence.$gt$/workspace/scratch/839f8f1063a0/requant_equivalence/mkRequantEquivalence.v:2752$452 ($gt).
Removed top 1 bits (of 9) from mux cell mkRequantEquivalence.$ternary$/workspace/scratch/839f8f1063a0/requant_equivalence/mkRequantEquivalence.v:2752$457 ($mux).
Removed top 22 bits (of 35) from port A of cell mkRequantEquivalence.$gt$/workspace/scratch/839f8f1063a0/requant_equivalence/mkRequantEquivalence.v:2757$458 ($gt).
Removed top 22 bits (of 35) from port B of cell mkRequantEquivalence.$gt$/workspace/scratch/839f8f1063a0/requant_equivalence/mkRequantEquivalence.v:2757$458 ($gt).
Removed top 1 bits (of 9) from mux cell mkRequantEquivalence.$ternary$/workspace/scratch/839f8f1063a0/requant_equivalence/mkRequantEquivalence.v:2757$463 ($mux).
Removed top 19 bits (of 32) from port A of cell mkRequantEquivalence.$gt$/workspace/scratch/839f8f1063a0/requant_equivalence/mkRequantEquivalence.v:2762$464 ($gt).
Removed top 19 bits (of 32) from port B of cell mkRequantEquivalence.$gt$/workspace/scratch/839f8f1063a0/requant_equivalence/mkRequantEquivalence.v:2762$464 ($gt).
Removed top 1 bits (of 9) from mux cell mkRequantEquivalence.$ternary$/workspace/scratch/839f8f1063a0/requant_equivalence/mkRequantEquivalence.v:2762$469 ($mux).
Removed top 13 bits (of 26) from port A of cell mkRequantEquivalence.$gt$/workspace/scratch/839f8f1063a0/requant_equivalence/mkRequantEquivalence.v:2767$470 ($gt).
Removed top 13 bits (of 26) from port B of cell mkRequantEquivalence.$gt$/workspace/scratch/839f8f1063a0/requant_equivalence/mkRequantEquivalence.v:2767$470 ($gt).
Removed top 1 bits (of 9) from mux cell mkRequantEquivalence.$ternary$/workspace/scratch/839f8f1063a0/requant_equivalence/mkRequantEquivalence.v:2767$475 ($mux).
Removed top 11 bits (of 24) from port A of cell mkRequantEquivalence.$gt$/workspace/scratch/839f8f1063a0/requant_equivalence/mkRequantEquivalence.v:2772$476 ($gt).
Removed top 11 bits (of 24) from port B of cell mkRequantEquivalence.$gt$/workspace/scratch/839f8f1063a0/requant_equivalence/mkRequantEquivalence.v:2772$476 ($gt).
Removed top 1 bits (of 9) from mux cell mkRequantEquivalence.$ternary$/workspace/scratch/839f8f1063a0/requant_equivalence/mkRequantEquivalence.v:2772$481 ($mux).
Removed top 5 bits (of 18) from port A of cell mkRequantEquivalence.$gt$/workspace/scratch/839f8f1063a0/requant_equivalence/mkRequantEquivalence.v:2777$482 ($gt).
Removed top 5 bits (of 18) from port B of cell mkRequantEquivalence.$gt$/workspace/scratch/839f8f1063a0/requant_equivalence/mkRequantEquivalence.v:2777$482 ($gt).
Removed top 8 bits (of 9) from port B of cell mkRequantEquivalence.$add$/workspace/scratch/839f8f1063a0/requant_equivalence/mkRequantEquivalence.v:2779$486 ($add).
Removed top 1 bits (of 9) from mux cell mkRequantEquivalence.$ternary$/workspace/scratch/839f8f1063a0/requant_equivalence/mkRequantEquivalence.v:2777$487 ($mux).
Removed top 3 bits (of 16) from port A of cell mkRequantEquivalence.$gt$/workspace/scratch/839f8f1063a0/requant_equivalence/mkRequantEquivalence.v:2782$488 ($gt).
Removed top 3 bits (of 16) from port B of cell mkRequantEquivalence.$gt$/workspace/scratch/839f8f1063a0/requant_equivalence/mkRequantEquivalence.v:2782$488 ($gt).
Removed top 8 bits (of 9) from port B of cell mkRequantEquivalence.$add$/workspace/scratch/839f8f1063a0/requant_equivalence/mkRequantEquivalence.v:2784$492 ($add).
Removed top 1 bits (of 9) from mux cell mkRequantEquivalence.$ternary$/workspace/scratch/839f8f1063a0/requant_equivalence/mkRequantEquivalence.v:2782$493 ($mux).
Removed top 50 bits (of 64) from port A of cell mkRequantEquivalence.$gt$/workspace/scratch/839f8f1063a0/requant_equivalence/mkRequantEquivalence.v:2787$494 ($gt).
Removed top 50 bits (of 64) from port B of cell mkRequantEquivalence.$gt$/workspace/scratch/839f8f1063a0/requant_equivalence/mkRequantEquivalence.v:2787$494 ($gt).
Removed top 8 bits (of 9) from port B of cell mkRequantEquivalence.$add$/workspace/scratch/839f8f1063a0/requant_equivalence/mkRequantEquivalence.v:2790$498 ($add).
Removed top 1 bits (of 9) from mux cell mkRequantEquivalence.$ternary$/workspace/scratch/839f8f1063a0/requant_equivalence/mkRequantEquivalence.v:2787$499 ($mux).
Removed top 34 bits (of 48) from port A of cell mkRequantEquivalence.$gt$/workspace/scratch/839f8f1063a0/requant_equivalence/mkRequantEquivalence.v:2793$500 ($gt).
Removed top 34 bits (of 48) from port B of cell mkRequantEquivalence.$gt$/workspace/scratch/839f8f1063a0/requant_equivalence/mkRequantEquivalence.v:2793$500 ($gt).
Removed top 1 bits (of 9) from mux cell mkRequantEquivalence.$ternary$/workspace/scratch/839f8f1063a0/requant_equivalence/mkRequantEquivalence.v:2793$505 ($mux).
Removed top 21 bits (of 35) from port A of cell mkRequantEquivalence.$gt$/workspace/scratch/839f8f1063a0/requant_equivalence/mkRequantEquivalence.v:2798$506 ($gt).
Removed top 21 bits (of 35) from port B of cell mkRequantEquivalence.$gt$/workspace/scratch/839f8f1063a0/requant_equivalence/mkRequantEquivalence.v:2798$506 ($gt).
Removed top 1 bits (of 9) from mux cell mkRequantEquivalence.$ternary$/workspace/scratch/839f8f1063a0/requant_equivalence/mkRequantEquivalence.v:2798$511 ($mux).
Removed top 18 bits (of 32) from port A of cell mkRequantEquivalence.$gt$/workspace/scratch/839f8f1063a0/requant_equivalence/mkRequantEquivalence.v:2803$512 ($gt).
Removed top 18 bits (of 32) from port B of cell mkRequantEquivalence.$gt$/workspace/scratch/839f8f1063a0/requant_equivalence/mkRequantEquivalence.v:2803$512 ($gt).
Removed top 1 bits (of 9) from mux cell mkRequantEquivalence.$ternary$/workspace/scratch/839f8f1063a0/requant_equivalence/mkRequantEquivalence.v:2803$517 ($mux).
Removed top 12 bits (of 26) from port A of cell mkRequantEquivalence.$gt$/workspace/scratch/839f8f1063a0/requant_equivalence/mkRequantEquivalence.v:2808$518 ($gt).
Removed top 12 bits (of 26) from port B of cell mkRequantEquivalence.$gt$/workspace/scratch/839f8f1063a0/requant_equivalence/mkRequantEquivalence.v:2808$518 ($gt).
Removed top 1 bits (of 9) from mux cell mkRequantEquivalence.$ternary$/workspace/scratch/839f8f1063a0/requant_equivalence/mkRequantEquivalence.v:2808$523 ($mux).
Removed top 10 bits (of 24) from port A of cell mkRequantEquivalence.$gt$/workspace/scratch/839f8f1063a0/requant_equivalence/mkRequantEquivalence.v:2813$524 ($gt).
Removed top 10 bits (of 24) from port B of cell mkRequantEquivalence.$gt$/workspace/scratch/839f8f1063a0/requant_equivalence/mkRequantEquivalence.v:2813$524 ($gt).
Removed top 1 bits (of 9) from mux cell mkRequantEquivalence.$ternary$/workspace/scratch/839f8f1063a0/requant_equivalence/mkRequantEquivalence.v:2813$529 ($mux).
Removed top 4 bits (of 18) from port A of cell mkRequantEquivalence.$gt$/workspace/scratch/839f8f1063a0/requant_equivalence/mkRequantEquivalence.v:2818$530 ($gt).
Removed top 4 bits (of 18) from port B of cell mkRequantEquivalence.$gt$/workspace/scratch/839f8f1063a0/requant_equivalence/mkRequantEquivalence.v:2818$530 ($gt).
Removed top 8 bits (of 9) from port B of cell mkRequantEquivalence.$add$/workspace/scratch/839f8f1063a0/requant_equivalence/mkRequantEquivalence.v:2820$534 ($add).
Removed top 1 bits (of 9) from mux cell mkRequantEquivalence.$ternary$/workspace/scratch/839f8f1063a0/requant_equivalence/mkRequantEquivalence.v:2818$535 ($mux).
Removed top 2 bits (of 16) from port A of cell mkRequantEquivalence.$gt$/workspace/scratch/839f8f1063a0/requant_equivalence/mkRequantEquivalence.v:2823$536 ($gt).
Removed top 2 bits (of 16) from port B of cell mkRequantEquivalence.$gt$/workspace/scratch/839f8f1063a0/requant_equivalence/mkRequantEquivalence.v:2823$536 ($gt).
Removed top 8 bits (of 9) from port B of cell mkRequantEquivalence.$add$/workspace/scratch/839f8f1063a0/requant_equivalence/mkRequantEquivalence.v:2825$540 ($add).
Removed top 1 bits (of 9) from mux cell mkRequantEquivalence.$ternary$/workspace/scratch/839f8f1063a0/requant_equivalence/mkRequantEquivalence.v:2823$541 ($mux).
Removed top 49 bits (of 64) from port A of cell mkRequantEquivalence.$gt$/workspace/scratch/839f8f1063a0/requant_equivalence/mkRequantEquivalence.v:2828$542 ($gt).
Removed top 49 bits (of 64) from port B of cell mkRequantEquivalence.$gt$/workspace/scratch/839f8f1063a0/requant_equivalence/mkRequantEquivalence.v:2828$542 ($gt).
Removed top 8 bits (of 9) from port B of cell mkRequantEquivalence.$add$/workspace/scratch/839f8f1063a0/requant_equivalence/mkRequantEquivalence.v:2831$546 ($add).
Removed top 1 bits (of 9) from mux cell mkRequantEquivalence.$ternary$/workspace/scratch/839f8f1063a0/requant_equivalence/mkRequantEquivalence.v:2828$547 ($mux).
Removed top 33 bits (of 48) from port A of cell mkRequantEquivalence.$gt$/workspace/scratch/839f8f1063a0/requant_equivalence/mkRequantEquivalence.v:2834$548 ($gt).
Removed top 33 bits (of 48) from port B of cell mkRequantEquivalence.$gt$/workspace/scratch/839f8f1063a0/requant_equivalence/mkRequantEquivalence.v:2834$548 ($gt).
Removed top 1 bits (of 9) from mux cell mkRequantEquivalence.$ternary$/workspace/scratch/839f8f1063a0/requant_equivalence/mkRequantEquivalence.v:2834$553 ($mux).
Removed top 20 bits (of 35) from port A of cell mkRequantEquivalence.$gt$/workspace/scratch/839f8f1063a0/requant_equivalence/mkRequantEquivalence.v:2839$554 ($gt).
Removed top 20 bits (of 35) from port B of cell mkRequantEquivalence.$gt$/workspace/scratch/839f8f1063a0/requant_equivalence/mkRequantEquivalence.v:2839$554 ($gt).
Removed top 1 bits (of 9) from mux cell mkRequantEquivalence.$ternary$/workspace/scratch/839f8f1063a0/requant_equivalence/mkRequantEquivalence.v:2839$559 ($mux).
Removed top 17 bits (of 32) from port A of cell mkRequantEquivalence.$gt$/workspace/scratch/839f8f1063a0/requant_equivalence/mkRequantEquivalence.v:2844$560 ($gt).
Removed top 17 bits (of 32) from port B of cell mkRequantEquivalence.$gt$/workspace/scratch/839f8f1063a0/requant_equivalence/mkRequantEquivalence.v:2844$560 ($gt).
Removed top 1 bits (of 9) from mux cell mkRequantEquivalence.$ternary$/workspace/scratch/839f8f1063a0/requant_equivalence/mkRequantEquivalence.v:2844$565 ($mux).
Removed top 11 bits (of 26) from port A of cell mkRequantEquivalence.$gt$/workspace/scratch/839f8f1063a0/requant_equivalence/mkRequantEquivalence.v:2849$566 ($gt).
Removed top 11 bits (of 26) from port B of cell mkRequantEquivalence.$gt$/workspace/scratch/839f8f1063a0/requant_equivalence/mkRequantEquivalence.v:2849$566 ($gt).
Removed top 1 bits (of 9) from mux cell mkRequantEquivalence.$ternary$/workspace/scratch/839f8f1063a0/requant_equivalence/mkRequantEquivalence.v:2849$571 ($mux).
Removed top 9 bits (of 24) from port A of cell mkRequantEquivalence.$gt$/workspace/scratch/839f8f1063a0/requant_equivalence/mkRequantEquivalence.v:2854$572 ($gt).
Removed top 9 bits (of 24) from port B of cell mkRequantEquivalence.$gt$/workspace/scratch/839f8f1063a0/requant_equivalence/mkRequantEquivalence.v:2854$572 ($gt).
Removed top 1 bits (of 9) from mux cell mkRequantEquivalence.$ternary$/workspace/scratch/839f8f1063a0/requant_equivalence/mkRequantEquivalence.v:2854$577 ($mux).
Removed top 3 bits (of 18) from port A of cell mkRequantEquivalence.$gt$/workspace/scratch/839f8f1063a0/requant_equivalence/mkRequantEquivalence.v:2859$578 ($gt).
Removed top 3 bits (of 18) from port B of cell mkRequantEquivalence.$gt$/workspace/scratch/839f8f1063a0/requant_equivalence/mkRequantEquivalence.v:2859$578 ($gt).
Removed top 8 bits (of 9) from port B of cell mkRequantEquivalence.$add$/workspace/scratch/839f8f1063a0/requant_equivalence/mkRequantEquivalence.v:2861$582 ($add).
Removed top 1 bits (of 9) from mux cell mkRequantEquivalence.$ternary$/workspace/scratch/839f8f1063a0/requant_equivalence/mkRequantEquivalence.v:2859$583 ($mux).
Removed top 1 bits (of 16) from port A of cell mkRequantEquivalence.$gt$/workspace/scratch/839f8f1063a0/requant_equivalence/mkRequantEquivalence.v:2864$584 ($gt).
Removed top 1 bits (of 16) from port B of cell mkRequantEquivalence.$gt$/workspace/scratch/839f8f1063a0/requant_equivalence/mkRequantEquivalence.v:2864$584 ($gt).
Removed top 8 bits (of 9) from port B of cell mkRequantEquivalence.$add$/workspace/scratch/839f8f1063a0/requant_equivalence/mkRequantEquivalence.v:2866$588 ($add).
Removed top 1 bits (of 9) from mux cell mkRequantEquivalence.$ternary$/workspace/scratch/839f8f1063a0/requant_equivalence/mkRequantEquivalence.v:2864$589 ($mux).
Removed top 48 bits (of 64) from port A of cell mkRequantEquivalence.$gt$/workspace/scratch/839f8f1063a0/requant_equivalence/mkRequantEquivalence.v:2869$590 ($gt).
Removed top 48 bits (of 64) from port B of cell mkRequantEquivalence.$gt$/workspace/scratch/839f8f1063a0/requant_equivalence/mkRequantEquivalence.v:2869$590 ($gt).
Removed top 8 bits (of 9) from port B of cell mkRequantEquivalence.$add$/workspace/scratch/839f8f1063a0/requant_equivalence/mkRequantEquivalence.v:2872$594 ($add).
Removed top 1 bits (of 9) from mux cell mkRequantEquivalence.$ternary$/workspace/scratch/839f8f1063a0/requant_equivalence/mkRequantEquivalence.v:2869$595 ($mux).
Removed top 32 bits (of 48) from port A of cell mkRequantEquivalence.$gt$/workspace/scratch/839f8f1063a0/requant_equivalence/mkRequantEquivalence.v:2875$596 ($gt).
Removed top 32 bits (of 48) from port B of cell mkRequantEquivalence.$gt$/workspace/scratch/839f8f1063a0/requant_equivalence/mkRequantEquivalence.v:2875$596 ($gt).
Removed top 1 bits (of 9) from mux cell mkRequantEquivalence.$ternary$/workspace/scratch/839f8f1063a0/requant_equivalence/mkRequantEquivalence.v:2875$601 ($mux).
Removed top 19 bits (of 35) from port A of cell mkRequantEquivalence.$gt$/workspace/scratch/839f8f1063a0/requant_equivalence/mkRequantEquivalence.v:2880$602 ($gt).
Removed top 19 bits (of 35) from port B of cell mkRequantEquivalence.$gt$/workspace/scratch/839f8f1063a0/requant_equivalence/mkRequantEquivalence.v:2880$602 ($gt).
Removed top 1 bits (of 9) from mux cell mkRequantEquivalence.$ternary$/workspace/scratch/839f8f1063a0/requant_equivalence/mkRequantEquivalence.v:2880$607 ($mux).
Removed top 16 bits (of 32) from port A of cell mkRequantEquivalence.$gt$/workspace/scratch/839f8f1063a0/requant_equivalence/mkRequantEquivalence.v:2885$608 ($gt).
Removed top 16 bits (of 32) from port B of cell mkRequantEquivalence.$gt$/workspace/scratch/839f8f1063a0/requant_equivalence/mkRequantEquivalence.v:2885$608 ($gt).
Removed top 1 bits (of 9) from mux cell mkRequantEquivalence.$ternary$/workspace/scratch/839f8f1063a0/requant_equivalence/mkRequantEquivalence.v:2885$613 ($mux).
Removed top 10 bits (of 26) from port A of cell mkRequantEquivalence.$gt$/workspace/scratch/839f8f1063a0/requant_equivalence/mkRequantEquivalence.v:2890$614 ($gt).
Removed top 10 bits (of 26) from port B of cell mkRequantEquivalence.$gt$/workspace/scratch/839f8f1063a0/requant_equivalence/mkRequantEquivalence.v:2890$614 ($gt).
Removed top 1 bits (of 9) from mux cell mkRequantEquivalence.$ternary$/workspace/scratch/839f8f1063a0/requant_equivalence/mkRequantEquivalence.v:2890$619 ($mux).
Removed top 8 bits (of 24) from port A of cell mkRequantEquivalence.$gt$/workspace/scratch/839f8f1063a0/requant_equivalence/mkRequantEquivalence.v:2895$620 ($gt).
Removed top 8 bits (of 24) from port B of cell mkRequantEquivalence.$gt$/workspace/scratch/839f8f1063a0/requant_equivalence/mkRequantEquivalence.v:2895$620 ($gt).
Removed top 8 bits (of 9) from port B of cell mkRequantEquivalence.$add$/workspace/scratch/839f8f1063a0/requant_equivalence/mkRequantEquivalence.v:2897$624 ($add).
Removed top 1 bits (of 9) from mux cell mkRequantEquivalence.$ternary$/workspace/scratch/839f8f1063a0/requant_equivalence/mkRequantEquivalence.v:2895$625 ($mux).
Removed top 2 bits (of 18) from port A of cell mkRequantEquivalence.$gt$/workspace/scratch/839f8f1063a0/requant_equivalence/mkRequantEquivalence.v:2900$626 ($gt).
Removed top 2 bits (of 18) from port B of cell mkRequantEquivalence.$gt$/workspace/scratch/839f8f1063a0/requant_equivalence/mkRequantEquivalence.v:2900$626 ($gt).
Removed top 8 bits (of 9) from port B of cell mkRequantEquivalence.$add$/workspace/scratch/839f8f1063a0/requant_equivalence/mkRequantEquivalence.v:2902$630 ($add).
Removed top 1 bits (of 9) from mux cell mkRequantEquivalence.$ternary$/workspace/scratch/839f8f1063a0/requant_equivalence/mkRequantEquivalence.v:2900$631 ($mux).
Removed top 47 bits (of 64) from port A of cell mkRequantEquivalence.$gt$/workspace/scratch/839f8f1063a0/requant_equivalence/mkRequantEquivalence.v:2905$632 ($gt).
Removed top 47 bits (of 64) from port B of cell mkRequantEquivalence.$gt$/workspace/scratch/839f8f1063a0/requant_equivalence/mkRequantEquivalence.v:2905$632 ($gt).
Removed top 8 bits (of 9) from port B of cell mkRequantEquivalence.$add$/workspace/scratch/839f8f1063a0/requant_equivalence/mkRequantEquivalence.v:2908$636 ($add).
Removed top 1 bits (of 9) from mux cell mkRequantEquivalence.$ternary$/workspace/scratch/839f8f1063a0/requant_equivalence/mkRequantEquivalence.v:2905$637 ($mux).
Removed top 31 bits (of 48) from port A of cell mkRequantEquivalence.$gt$/workspace/scratch/839f8f1063a0/requant_equivalence/mkRequantEquivalence.v:2911$638 ($gt).
Removed top 31 bits (of 48) from port B of cell mkRequantEquivalence.$gt$/workspace/scratch/839f8f1063a0/requant_equivalence/mkRequantEquivalence.v:2911$638 ($gt).
Removed top 1 bits (of 9) from mux cell mkRequantEquivalence.$ternary$/workspace/scratch/839f8f1063a0/requant_equivalence/mkRequantEquivalence.v:2911$643 ($mux).
Removed top 18 bits (of 35) from port A of cell mkRequantEquivalence.$gt$/workspace/scratch/839f8f1063a0/requant_equivalence/mkRequantEquivalence.v:2916$644 ($gt).
Removed top 18 bits (of 35) from port B of cell mkRequantEquivalence.$gt$/workspace/scratch/839f8f1063a0/requant_equivalence/mkRequantEquivalence.v:2916$644 ($gt).
Removed top 1 bits (of 9) from mux cell mkRequantEquivalence.$ternary$/workspace/scratch/839f8f1063a0/requant_equivalence/mkRequantEquivalence.v:2916$649 ($mux).
Removed top 15 bits (of 32) from port A of cell mkRequantEquivalence.$gt$/workspace/scratch/839f8f1063a0/requant_equivalence/mkRequantEquivalence.v:2921$650 ($gt).
Removed top 15 bits (of 32) from port B of cell mkRequantEquivalence.$gt$/workspace/scratch/839f8f1063a0/requant_equivalence/mkRequantEquivalence.v:2921$650 ($gt).
Removed top 1 bits (of 9) from mux cell mkRequantEquivalence.$ternary$/workspace/scratch/839f8f1063a0/requant_equivalence/mkRequantEquivalence.v:2921$655 ($mux).
Removed top 9 bits (of 26) from port A of cell mkRequantEquivalence.$gt$/workspace/scratch/839f8f1063a0/requant_equivalence/mkRequantEquivalence.v:2926$656 ($gt).
Removed top 9 bits (of 26) from port B of cell mkRequantEquivalence.$gt$/workspace/scratch/839f8f1063a0/requant_equivalence/mkRequantEquivalence.v:2926$656 ($gt).
Removed top 1 bits (of 9) from mux cell mkRequantEquivalence.$ternary$/workspace/scratch/839f8f1063a0/requant_equivalence/mkRequantEquivalence.v:2926$661 ($mux).
Removed top 7 bits (of 24) from port A of cell mkRequantEquivalence.$gt$/workspace/scratch/839f8f1063a0/requant_equivalence/mkRequantEquivalence.v:2931$662 ($gt).
Removed top 7 bits (of 24) from port B of cell mkRequantEquivalence.$gt$/workspace/scratch/839f8f1063a0/requant_equivalence/mkRequantEquivalence.v:2931$662 ($gt).
Removed top 8 bits (of 9) from port B of cell mkRequantEquivalence.$add$/workspace/scratch/839f8f1063a0/requant_equivalence/mkRequantEquivalence.v:2933$666 ($add).
Removed top 1 bits (of 9) from mux cell mkRequantEquivalence.$ternary$/workspace/scratch/839f8f1063a0/requant_equivalence/mkRequantEquivalence.v:2931$667 ($mux).
Removed top 1 bits (of 18) from port A of cell mkRequantEquivalence.$gt$/workspace/scratch/839f8f1063a0/requant_equivalence/mkRequantEquivalence.v:2936$668 ($gt).
Removed top 1 bits (of 18) from port B of cell mkRequantEquivalence.$gt$/workspace/scratch/839f8f1063a0/requant_equivalence/mkRequantEquivalence.v:2936$668 ($gt).
Removed top 8 bits (of 9) from port B of cell mkRequantEquivalence.$add$/workspace/scratch/839f8f1063a0/requant_equivalence/mkRequantEquivalence.v:2938$672 ($add).
Removed top 1 bits (of 9) from mux cell mkRequantEquivalence.$ternary$/workspace/scratch/839f8f1063a0/requant_equivalence/mkRequantEquivalence.v:2936$673 ($mux).
Removed top 46 bits (of 64) from port A of cell mkRequantEquivalence.$gt$/workspace/scratch/839f8f1063a0/requant_equivalence/mkRequantEquivalence.v:2941$674 ($gt).
Removed top 46 bits (of 64) from port B of cell mkRequantEquivalence.$gt$/workspace/scratch/839f8f1063a0/requant_equivalence/mkRequantEquivalence.v:2941$674 ($gt).
Removed top 8 bits (of 9) from port B of cell mkRequantEquivalence.$add$/workspace/scratch/839f8f1063a0/requant_equivalence/mkRequantEquivalence.v:2944$678 ($add).
Removed top 1 bits (of 9) from mux cell mkRequantEquivalence.$ternary$/workspace/scratch/839f8f1063a0/requant_equivalence/mkRequantEquivalence.v:2941$679 ($mux).
Removed top 30 bits (of 48) from port A of cell mkRequantEquivalence.$gt$/workspace/scratch/839f8f1063a0/requant_equivalence/mkRequantEquivalence.v:2947$680 ($gt).
Removed top 30 bits (of 48) from port B of cell mkRequantEquivalence.$gt$/workspace/scratch/839f8f1063a0/requant_equivalence/mkRequantEquivalence.v:2947$680 ($gt).
Removed top 1 bits (of 9) from mux cell mkRequantEquivalence.$ternary$/workspace/scratch/839f8f1063a0/requant_equivalence/mkRequantEquivalence.v:2947$685 ($mux).
Removed top 17 bits (of 35) from port A of cell mkRequantEquivalence.$gt$/workspace/scratch/839f8f1063a0/requant_equivalence/mkRequantEquivalence.v:2952$686 ($gt).
Removed top 17 bits (of 35) from port B of cell mkRequantEquivalence.$gt$/workspace/scratch/839f8f1063a0/requant_equivalence/mkRequantEquivalence.v:2952$686 ($gt).
Removed top 1 bits (of 9) from mux cell mkRequantEquivalence.$ternary$/workspace/scratch/839f8f1063a0/requant_equivalence/mkRequantEquivalence.v:2952$691 ($mux).
Removed top 14 bits (of 32) from port A of cell mkRequantEquivalence.$gt$/workspace/scratch/839f8f1063a0/requant_equivalence/mkRequantEquivalence.v:2957$692 ($gt).
Removed top 14 bits (of 32) from port B of cell mkRequantEquivalence.$gt$/workspace/scratch/839f8f1063a0/requant_equivalence/mkRequantEquivalence.v:2957$692 ($gt).
Removed top 1 bits (of 9) from mux cell mkRequantEquivalence.$ternary$/workspace/scratch/839f8f1063a0/requant_equivalence/mkRequantEquivalence.v:2957$697 ($mux).
Removed top 8 bits (of 26) from port A of cell mkRequantEquivalence.$gt$/workspace/scratch/839f8f1063a0/requant_equivalence/mkRequantEquivalence.v:2962$698 ($gt).
Removed top 8 bits (of 26) from port B of cell mkRequantEquivalence.$gt$/workspace/scratch/839f8f1063a0/requant_equivalence/mkRequantEquivalence.v:2962$698 ($gt).
Removed top 8 bits (of 9) from port B of cell mkRequantEquivalence.$add$/workspace/scratch/839f8f1063a0/requant_equivalence/mkRequantEquivalence.v:2964$702 ($add).
Removed top 1 bits (of 9) from mux cell mkRequantEquivalence.$ternary$/workspace/scratch/839f8f1063a0/requant_equivalence/mkRequantEquivalence.v:2962$703 ($mux).
Removed top 6 bits (of 24) from port A of cell mkRequantEquivalence.$gt$/workspace/scratch/839f8f1063a0/requant_equivalence/mkRequantEquivalence.v:2967$704 ($gt).
Removed top 6 bits (of 24) from port B of cell mkRequantEquivalence.$gt$/workspace/scratch/839f8f1063a0/requant_equivalence/mkRequantEquivalence.v:2967$704 ($gt).
Removed top 8 bits (of 9) from port B of cell mkRequantEquivalence.$add$/workspace/scratch/839f8f1063a0/requant_equivalence/mkRequantEquivalence.v:2969$708 ($add).
Removed top 1 bits (of 9) from mux cell mkRequantEquivalence.$ternary$/workspace/scratch/839f8f1063a0/requant_equivalence/mkRequantEquivalence.v:2967$709 ($mux).
Removed top 45 bits (of 64) from port A of cell mkRequantEquivalence.$gt$/workspace/scratch/839f8f1063a0/requant_equivalence/mkRequantEquivalence.v:2972$710 ($gt).
Removed top 45 bits (of 64) from port B of cell mkRequantEquivalence.$gt$/workspace/scratch/839f8f1063a0/requant_equivalence/mkRequantEquivalence.v:2972$710 ($gt).
Removed top 8 bits (of 9) from port B of cell mkRequantEquivalence.$add$/workspace/scratch/839f8f1063a0/requant_equivalence/mkRequantEquivalence.v:2975$714 ($add).
Removed top 1 bits (of 9) from mux cell mkRequantEquivalence.$ternary$/workspace/scratch/839f8f1063a0/requant_equivalence/mkRequantEquivalence.v:2972$715 ($mux).
Removed top 29 bits (of 48) from port A of cell mkRequantEquivalence.$gt$/workspace/scratch/839f8f1063a0/requant_equivalence/mkRequantEquivalence.v:2978$716 ($gt).
Removed top 29 bits (of 48) from port B of cell mkRequantEquivalence.$gt$/workspace/scratch/839f8f1063a0/requant_equivalence/mkRequantEquivalence.v:2978$716 ($gt).
Removed top 1 bits (of 9) from mux cell mkRequantEquivalence.$ternary$/workspace/scratch/839f8f1063a0/requant_equivalence/mkRequantEquivalence.v:2978$721 ($mux).
Removed top 16 bits (of 35) from port A of cell mkRequantEquivalence.$gt$/workspace/scratch/839f8f1063a0/requant_equivalence/mkRequantEquivalence.v:2983$722 ($gt).
Removed top 16 bits (of 35) from port B of cell mkRequantEquivalence.$gt$/workspace/scratch/839f8f1063a0/requant_equivalence/mkRequantEquivalence.v:2983$722 ($gt).
Removed top 1 bits (of 9) from mux cell mkRequantEquivalence.$ternary$/workspace/scratch/839f8f1063a0/requant_equivalence/mkRequantEquivalence.v:2983$727 ($mux).
Removed top 13 bits (of 32) from port A of cell mkRequantEquivalence.$gt$/workspace/scratch/839f8f1063a0/requant_equivalence/mkRequantEquivalence.v:2988$728 ($gt).
Removed top 13 bits (of 32) from port B of cell mkRequantEquivalence.$gt$/workspace/scratch/839f8f1063a0/requant_equivalence/mkRequantEquivalence.v:2988$728 ($gt).
Removed top 1 bits (of 9) from mux cell mkRequantEquivalence.$ternary$/workspace/scratch/839f8f1063a0/requant_equivalence/mkRequantEquivalence.v:2988$733 ($mux).
Removed top 7 bits (of 26) from port A of cell mkRequantEquivalence.$gt$/workspace/scratch/839f8f1063a0/requant_equivalence/mkRequantEquivalence.v:2993$734 ($gt).
Removed top 7 bits (of 26) from port B of cell mkRequantEquivalence.$gt$/workspace/scratch/839f8f1063a0/requant_equivalence/mkRequantEquivalence.v:2993$734 ($gt).
Removed top 8 bits (of 9) from port B of cell mkRequantEquivalence.$add$/workspace/scratch/839f8f1063a0/requant_equivalence/mkRequantEquivalence.v:2995$738 ($add).
Removed top 1 bits (of 9) from mux cell mkRequantEquivalence.$ternary$/workspace/scratch/839f8f1063a0/requant_equivalence/mkRequantEquivalence.v:2993$739 ($mux).
Removed top 5 bits (of 24) from port A of cell mkRequantEquivalence.$gt$/workspace/scratch/839f8f1063a0/requant_equivalence/mkRequantEquivalence.v:2998$740 ($gt).
Removed top 5 bits (of 24) from port B of cell mkRequantEquivalence.$gt$/workspace/scratch/839f8f1063a0/requant_equivalence/mkRequantEquivalence.v:2998$740 ($gt).
Removed top 8 bits (of 9) from port B of cell mkRequantEquivalence.$add$/workspace/scratch/839f8f1063a0/requant_equivalence/mkRequantEquivalence.v:3000$744 ($add).
Removed top 1 bits (of 9) from mux cell mkRequantEquivalence.$ternary$/workspace/scratch/839f8f1063a0/requant_equivalence/mkRequantEquivalence.v:2998$745 ($mux).
Removed top 44 bits (of 64) from port A of cell mkRequantEquivalence.$gt$/workspace/scratch/839f8f1063a0/requant_equivalence/mkRequantEquivalence.v:3003$746 ($gt).
Removed top 44 bits (of 64) from port B of cell mkRequantEquivalence.$gt$/workspace/scratch/839f8f1063a0/requant_equivalence/mkRequantEquivalence.v:3003$746 ($gt).
Removed top 8 bits (of 9) from port B of cell mkRequantEquivalence.$add$/workspace/scratch/839f8f1063a0/requant_equivalence/mkRequantEquivalence.v:3006$750 ($add).
Removed top 1 bits (of 9) from mux cell mkRequantEquivalence.$ternary$/workspace/scratch/839f8f1063a0/requant_equivalence/mkRequantEquivalence.v:3003$751 ($mux).
Removed top 28 bits (of 48) from port A of cell mkRequantEquivalence.$gt$/workspace/scratch/839f8f1063a0/requant_equivalence/mkRequantEquivalence.v:3009$752 ($gt).
Removed top 28 bits (of 48) from port B of cell mkRequantEquivalence.$gt$/workspace/scratch/839f8f1063a0/requant_equivalence/mkRequantEquivalence.v:3009$752 ($gt).
Removed top 1 bits (of 9) from mux cell mkRequantEquivalence.$ternary$/workspace/scratch/839f8f1063a0/requant_equivalence/mkRequantEquivalence.v:3009$757 ($mux).
Removed top 15 bits (of 35) from port A of cell mkRequantEquivalence.$gt$/workspace/scratch/839f8f1063a0/requant_equivalence/mkRequantEquivalence.v:3014$758 ($gt).
Removed top 15 bits (of 35) from port B of cell mkRequantEquivalence.$gt$/workspace/scratch/839f8f1063a0/requant_equivalence/mkRequantEquivalence.v:3014$758 ($gt).
Removed top 1 bits (of 9) from mux cell mkRequantEquivalence.$ternary$/workspace/scratch/839f8f1063a0/requant_equivalence/mkRequantEquivalence.v:3014$763 ($mux).
Removed top 12 bits (of 32) from port A of cell mkRequantEquivalence.$gt$/workspace/scratch/839f8f1063a0/requant_equivalence/mkRequantEquivalence.v:3019$764 ($gt).
Removed top 12 bits (of 32) from port B of cell mkRequantEquivalence.$gt$/workspace/scratch/839f8f1063a0/requant_equivalence/mkRequantEquivalence.v:3019$764 ($gt).
Removed top 1 bits (of 9) from mux cell mkRequantEquivalence.$ternary$/workspace/scratch/839f8f1063a0/requant_equivalence/mkRequantEquivalence.v:3019$769 ($mux).
Removed top 6 bits (of 26) from port A of cell mkRequantEquivalence.$gt$/workspace/scratch/839f8f1063a0/requant_equivalence/mkRequantEquivalence.v:3024$770 ($gt).
Removed top 6 bits (of 26) from port B of cell mkRequantEquivalence.$gt$/workspace/scratch/839f8f1063a0/requant_equivalence/mkRequantEquivalence.v:3024$770 ($gt).
Removed top 8 bits (of 9) from port B of cell mkRequantEquivalence.$add$/workspace/scratch/839f8f1063a0/requant_equivalence/mkRequantEquivalence.v:3026$774 ($add).
Removed top 1 bits (of 9) from mux cell mkRequantEquivalence.$ternary$/workspace/scratch/839f8f1063a0/requant_equivalence/mkRequantEquivalence.v:3024$775 ($mux).
Removed top 4 bits (of 24) from port A of cell mkRequantEquivalence.$gt$/workspace/scratch/839f8f1063a0/requant_equivalence/mkRequantEquivalence.v:3029$776 ($gt).
Removed top 4 bits (of 24) from port B of cell mkRequantEquivalence.$gt$/workspace/scratch/839f8f1063a0/requant_equivalence/mkRequantEquivalence.v:3029$776 ($gt).
Removed top 8 bits (of 9) from port B of cell mkRequantEquivalence.$add$/workspace/scratch/839f8f1063a0/requant_equivalence/mkRequantEquivalence.v:3031$780 ($add).
Removed top 1 bits (of 9) from mux cell mkRequantEquivalence.$ternary$/workspace/scratch/839f8f1063a0/requant_equivalence/mkRequantEquivalence.v:3029$781 ($mux).
Removed top 62 bits (of 64) from port A of cell mkRequantEquivalence.$gt$/workspace/scratch/839f8f1063a0/requant_equivalence/mkRequantEquivalence.v:3034$782 ($gt).
Removed top 62 bits (of 64) from port B of cell mkRequantEquivalence.$gt$/workspace/scratch/839f8f1063a0/requant_equivalence/mkRequantEquivalence.v:3034$782 ($gt).
Removed top 8 bits (of 9) from port B of cell mkRequantEquivalence.$add$/workspace/scratch/839f8f1063a0/requant_equivalence/mkRequantEquivalence.v:3037$786 ($add).
Removed top 1 bits (of 9) from mux cell mkRequantEquivalence.$ternary$/workspace/scratch/839f8f1063a0/requant_equivalence/mkRequantEquivalence.v:3034$787 ($mux).
Removed top 46 bits (of 48) from port A of cell mkRequantEquivalence.$gt$/workspace/scratch/839f8f1063a0/requant_equivalence/mkRequantEquivalence.v:3040$788 ($gt).
Removed top 46 bits (of 48) from port B of cell mkRequantEquivalence.$gt$/workspace/scratch/839f8f1063a0/requant_equivalence/mkRequantEquivalence.v:3040$788 ($gt).
Removed top 1 bits (of 9) from mux cell mkRequantEquivalence.$ternary$/workspace/scratch/839f8f1063a0/requant_equivalence/mkRequantEquivalence.v:3040$793 ($mux).
Removed top 33 bits (of 35) from port A of cell mkRequantEquivalence.$gt$/workspace/scratch/839f8f1063a0/requant_equivalence/mkRequantEquivalence.v:3045$794 ($gt).
Removed top 33 bits (of 35) from port B of cell mkRequantEquivalence.$gt$/workspace/scratch/839f8f1063a0/requant_equivalence/mkRequantEquivalence.v:3045$794 ($gt).
Removed top 1 bits (of 9) from mux cell mkRequantEquivalence.$ternary$/workspace/scratch/839f8f1063a0/requant_equivalence/mkRequantEquivalence.v:3045$799 ($mux).
Removed top 30 bits (of 32) from port A of cell mkRequantEquivalence.$gt$/workspace/scratch/839f8f1063a0/requant_equivalence/mkRequantEquivalence.v:3050$800 ($gt).
Removed top 30 bits (of 32) from port B of cell mkRequantEquivalence.$gt$/workspace/scratch/839f8f1063a0/requant_equivalence/mkRequantEquivalence.v:3050$800 ($gt).
Removed top 1 bits (of 9) from mux cell mkRequantEquivalence.$ternary$/workspace/scratch/839f8f1063a0/requant_equivalence/mkRequantEquivalence.v:3050$805 ($mux).
Removed top 24 bits (of 26) from port A of cell mkRequantEquivalence.$gt$/workspace/scratch/839f8f1063a0/requant_equivalence/mkRequantEquivalence.v:3055$806 ($gt).
Removed top 24 bits (of 26) from port B of cell mkRequantEquivalence.$gt$/workspace/scratch/839f8f1063a0/requant_equivalence/mkRequantEquivalence.v:3055$806 ($gt).
Removed top 1 bits (of 9) from mux cell mkRequantEquivalence.$ternary$/workspace/scratch/839f8f1063a0/requant_equivalence/mkRequantEquivalence.v:3055$811 ($mux).
Removed top 22 bits (of 24) from port A of cell mkRequantEquivalence.$gt$/workspace/scratch/839f8f1063a0/requant_equivalence/mkRequantEquivalence.v:3060$812 ($gt).
Removed top 22 bits (of 24) from port B of cell mkRequantEquivalence.$gt$/workspace/scratch/839f8f1063a0/requant_equivalence/mkRequantEquivalence.v:3060$812 ($gt).
Removed top 1 bits (of 9) from mux cell mkRequantEquivalence.$ternary$/workspace/scratch/839f8f1063a0/requant_equivalence/mkRequantEquivalence.v:3060$817 ($mux).
Removed top 16 bits (of 18) from port A of cell mkRequantEquivalence.$gt$/workspace/scratch/839f8f1063a0/requant_equivalence/mkRequantEquivalence.v:3065$818 ($gt).
Removed top 16 bits (of 18) from port B of cell mkRequantEquivalence.$gt$/workspace/scratch/839f8f1063a0/requant_equivalence/mkRequantEquivalence.v:3065$818 ($gt).
Removed top 1 bits (of 9) from mux cell mkRequantEquivalence.$ternary$/workspace/scratch/839f8f1063a0/requant_equivalence/mkRequantEquivalence.v:3065$823 ($mux).
Removed top 14 bits (of 16) from port A of cell mkRequantEquivalence.$gt$/workspace/scratch/839f8f1063a0/requant_equivalence/mkRequantEquivalence.v:3070$824 ($gt).
Removed top 14 bits (of 16) from port B of cell mkRequantEquivalence.$gt$/workspace/scratch/839f8f1063a0/requant_equivalence/mkRequantEquivalence.v:3070$824 ($gt).
Removed top 1 bits (of 9) from mux cell mkRequantEquivalence.$ternary$/workspace/scratch/839f8f1063a0/requant_equivalence/mkRequantEquivalence.v:3070$829 ($mux).
Removed top 8 bits (of 10) from port A of cell mkRequantEquivalence.$gt$/workspace/scratch/839f8f1063a0/requant_equivalence/mkRequantEquivalence.v:3075$830 ($gt).
Removed top 8 bits (of 10) from port B of cell mkRequantEquivalence.$gt$/workspace/scratch/839f8f1063a0/requant_equivalence/mkRequantEquivalence.v:3075$830 ($gt).
Removed top 8 bits (of 9) from port B of cell mkRequantEquivalence.$add$/workspace/scratch/839f8f1063a0/requant_equivalence/mkRequantEquivalence.v:3077$834 ($add).
Removed top 1 bits (of 9) from mux cell mkRequantEquivalence.$ternary$/workspace/scratch/839f8f1063a0/requant_equivalence/mkRequantEquivalence.v:3075$835 ($mux).
Removed top 7 bits (of 9) from port A of cell mkRequantEquivalence.$gt$/workspace/scratch/839f8f1063a0/requant_equivalence/mkRequantEquivalence.v:3080$836 ($gt).
Removed top 7 bits (of 9) from port B of cell mkRequantEquivalence.$gt$/workspace/scratch/839f8f1063a0/requant_equivalence/mkRequantEquivalence.v:3080$836 ($gt).
Removed top 8 bits (of 9) from port B of cell mkRequantEquivalence.$add$/workspace/scratch/839f8f1063a0/requant_equivalence/mkRequantEquivalence.v:3082$840 ($add).
Removed top 1 bits (of 9) from mux cell mkRequantEquivalence.$ternary$/workspace/scratch/839f8f1063a0/requant_equivalence/mkRequantEquivalence.v:3080$841 ($mux).
Removed top 43 bits (of 64) from port A of cell mkRequantEquivalence.$gt$/workspace/scratch/839f8f1063a0/requant_equivalence/mkRequantEquivalence.v:3085$842 ($gt).
Removed top 43 bits (of 64) from port B of cell mkRequantEquivalence.$gt$/workspace/scratch/839f8f1063a0/requant_equivalence/mkRequantEquivalence.v:3085$842 ($gt).
Removed top 8 bits (of 9) from port B of cell mkRequantEquivalence.$add$/workspace/scratch/839f8f1063a0/requant_equivalence/mkRequantEquivalence.v:3088$846 ($add).
Removed top 1 bits (of 9) from mux cell mkRequantEquivalence.$ternary$/workspace/scratch/839f8f1063a0/requant_equivalence/mkRequantEquivalence.v:3085$847 ($mux).
Removed top 27 bits (of 48) from port A of cell mkRequantEquivalence.$gt$/workspace/scratch/839f8f1063a0/requant_equivalence/mkRequantEquivalence.v:3091$848 ($gt).
Removed top 27 bits (of 48) from port B of cell mkRequantEquivalence.$gt$/workspace/scratch/839f8f1063a0/requant_equivalence/mkRequantEquivalence.v:3091$848 ($gt).
Removed top 1 bits (of 9) from mux cell mkRequantEquivalence.$ternary$/workspace/scratch/839f8f1063a0/requant_equivalence/mkRequantEquivalence.v:3091$853 ($mux).
Removed top 14 bits (of 35) from port A of cell mkRequantEquivalence.$gt$/workspace/scratch/839f8f1063a0/requant_equivalence/mkRequantEquivalence.v:3096$854 ($gt).
Removed top 14 bits (of 35) from port B of cell mkRequantEquivalence.$gt$/workspace/scratch/839f8f1063a0/requant_equivalence/mkRequantEquivalence.v:3096$854 ($gt).
Removed top 1 bits (of 9) from mux cell mkRequantEquivalence.$ternary$/workspace/scratch/839f8f1063a0/requant_equivalence/mkRequantEquivalence.v:3096$859 ($mux).
Removed top 11 bits (of 32) from port A of cell mkRequantEquivalence.$gt$/workspace/scratch/839f8f1063a0/requant_equivalence/mkRequantEquivalence.v:3101$860 ($gt).
Removed top 11 bits (of 32) from port B of cell mkRequantEquivalence.$gt$/workspace/scratch/839f8f1063a0/requant_equivalence/mkRequantEquivalence.v:3101$860 ($gt).
Removed top 1 bits (of 9) from mux cell mkRequantEquivalence.$ternary$/workspace/scratch/839f8f1063a0/requant_equivalence/mkRequantEquivalence.v:3101$865 ($mux).
Removed top 5 bits (of 26) from port A of cell mkRequantEquivalence.$gt$/workspace/scratch/839f8f1063a0/requant_equivalence/mkRequantEquivalence.v:3106$866 ($gt).
Removed top 5 bits (of 26) from port B of cell mkRequantEquivalence.$gt$/workspace/scratch/839f8f1063a0/requant_equivalence/mkRequantEquivalence.v:3106$866 ($gt).
Removed top 8 bits (of 9) from port B of cell mkRequantEquivalence.$add$/workspace/scratch/839f8f1063a0/requant_equivalence/mkRequantEquivalence.v:3108$870 ($add).
Removed top 1 bits (of 9) from mux cell mkRequantEquivalence.$ternary$/workspace/scratch/839f8f1063a0/requant_equivalence/mkRequantEquivalence.v:3106$871 ($mux).
Removed top 3 bits (of 24) from port A of cell mkRequantEquivalence.$gt$/workspace/scratch/839f8f1063a0/requant_equivalence/mkRequantEquivalence.v:3111$872 ($gt).
Removed top 3 bits (of 24) from port B of cell mkRequantEquivalence.$gt$/workspace/scratch/839f8f1063a0/requant_equivalence/mkRequantEquivalence.v:3111$872 ($gt).
Removed top 8 bits (of 9) from port B of cell mkRequantEquivalence.$add$/workspace/scratch/839f8f1063a0/requant_equivalence/mkRequantEquivalence.v:3113$876 ($add).
Removed top 1 bits (of 9) from mux cell mkRequantEquivalence.$ternary$/workspace/scratch/839f8f1063a0/requant_equivalence/mkRequantEquivalence.v:3111$877 ($mux).
Removed top 42 bits (of 64) from port A of cell mkRequantEquivalence.$gt$/workspace/scratch/839f8f1063a0/requant_equivalence/mkRequantEquivalence.v:3116$878 ($gt).
Removed top 42 bits (of 64) from port B of cell mkRequantEquivalence.$gt$/workspace/scratch/839f8f1063a0/requant_equivalence/mkRequantEquivalence.v:3116$878 ($gt).
Removed top 8 bits (of 9) from port B of cell mkRequantEquivalence.$add$/workspace/scratch/839f8f1063a0/requant_equivalence/mkRequantEquivalence.v:3119$882 ($add).
Removed top 1 bits (of 9) from mux cell mkRequantEquivalence.$ternary$/workspace/scratch/839f8f1063a0/requant_equivalence/mkRequantEquivalence.v:3116$883 ($mux).
Removed top 26 bits (of 48) from port A of cell mkRequantEquivalence.$gt$/workspace/scratch/839f8f1063a0/requant_equivalence/mkRequantEquivalence.v:3122$884 ($gt).
Removed top 26 bits (of 48) from port B of cell mkRequantEquivalence.$gt$/workspace/scratch/839f8f1063a0/requant_equivalence/mkRequantEquivalence.v:3122$884 ($gt).
Removed top 1 bits (of 9) from mux cell mkRequantEquivalence.$ternary$/workspace/scratch/839f8f1063a0/requant_equivalence/mkRequantEquivalence.v:3122$889 ($mux).
Removed top 13 bits (of 35) from port A of cell mkRequantEquivalence.$gt$/workspace/scratch/839f8f1063a0/requant_equivalence/mkRequantEquivalence.v:3127$890 ($gt).
Removed top 13 bits (of 35) from port B of cell mkRequantEquivalence.$gt$/workspace/scratch/839f8f1063a0/requant_equivalence/mkRequantEquivalence.v:3127$890 ($gt).
Removed top 1 bits (of 9) from mux cell mkRequantEquivalence.$ternary$/workspace/scratch/839f8f1063a0/requant_equivalence/mkRequantEquivalence.v:3127$895 ($mux).
Removed top 10 bits (of 32) from port A of cell mkRequantEquivalence.$gt$/workspace/scratch/839f8f1063a0/requant_equivalence/mkRequantEquivalence.v:3132$896 ($gt).
Removed top 10 bits (of 32) from port B of cell mkRequantEquivalence.$gt$/workspace/scratch/839f8f1063a0/requant_equivalence/mkRequantEquivalence.v:3132$896 ($gt).
Removed top 1 bits (of 9) from mux cell mkRequantEquivalence.$ternary$/workspace/scratch/839f8f1063a0/requant_equivalence/mkRequantEquivalence.v:3132$901 ($mux).
Removed top 4 bits (of 26) from port A of cell mkRequantEquivalence.$gt$/workspace/scratch/839f8f1063a0/requant_equivalence/mkRequantEquivalence.v:3137$902 ($gt).
Removed top 4 bits (of 26) from port B of cell mkRequantEquivalence.$gt$/workspace/scratch/839f8f1063a0/requant_equivalence/mkRequantEquivalence.v:3137$902 ($gt).
Removed top 8 bits (of 9) from port B of cell mkRequantEquivalence.$add$/workspace/scratch/839f8f1063a0/requant_equivalence/mkRequantEquivalence.v:3139$906 ($add).
Removed top 1 bits (of 9) from mux cell mkRequantEquivalence.$ternary$/workspace/scratch/839f8f1063a0/requant_equivalence/mkRequantEquivalence.v:3137$907 ($mux).
Removed top 2 bits (of 24) from port A of cell mkRequantEquivalence.$gt$/workspace/scratch/839f8f1063a0/requant_equivalence/mkRequantEquivalence.v:3142$908 ($gt).
Removed top 2 bits (of 24) from port B of cell mkRequantEquivalence.$gt$/workspace/scratch/839f8f1063a0/requant_equivalence/mkRequantEquivalence.v:3142$908 ($gt).
Removed top 8 bits (of 9) from port B of cell mkRequantEquivalence.$add$/workspace/scratch/839f8f1063a0/requant_equivalence/mkRequantEquivalence.v:3144$912 ($add).
Removed top 1 bits (of 9) from mux cell mkRequantEquivalence.$ternary$/workspace/scratch/839f8f1063a0/requant_equivalence/mkRequantEquivalence.v:3142$913 ($mux).
Removed top 41 bits (of 64) from port A of cell mkRequantEquivalence.$gt$/workspace/scratch/839f8f1063a0/requant_equivalence/mkRequantEquivalence.v:3147$914 ($gt).
Removed top 41 bits (of 64) from port B of cell mkRequantEquivalence.$gt$/workspace/scratch/839f8f1063a0/requant_equivalence/mkRequantEquivalence.v:3147$914 ($gt).
Removed top 8 bits (of 9) from port B of cell mkRequantEquivalence.$add$/workspace/scratch/839f8f1063a0/requant_equivalence/mkRequantEquivalence.v:3150$918 ($add).
Removed top 1 bits (of 9) from mux cell mkRequantEquivalence.$ternary$/workspace/scratch/839f8f1063a0/requant_equivalence/mkRequantEquivalence.v:3147$919 ($mux).
Removed top 25 bits (of 48) from port A of cell mkRequantEquivalence.$gt$/workspace/scratch/839f8f1063a0/requant_equivalence/mkRequantEquivalence.v:3153$920 ($gt).
Removed top 25 bits (of 48) from port B of cell mkRequantEquivalence.$gt$/workspace/scratch/839f8f1063a0/requant_equivalence/mkRequantEquivalence.v:3153$920 ($gt).
Removed top 1 bits (of 9) from mux cell mkRequantEquivalence.$ternary$/workspace/scratch/839f8f1063a0/requant_equivalence/mkRequantEquivalence.v:3153$925 ($mux).
Removed top 12 bits (of 35) from port A of cell mkRequantEquivalence.$gt$/workspace/scratch/839f8f1063a0/requant_equivalence/mkRequantEquivalence.v:3158$926 ($gt).
Removed top 12 bits (of 35) from port B of cell mkRequantEquivalence.$gt$/workspace/scratch/839f8f1063a0/requant_equivalence/mkRequantEquivalence.v:3158$926 ($gt).
Removed top 1 bits (of 9) from mux cell mkRequantEquivalence.$ternary$/workspace/scratch/839f8f1063a0/requant_equivalence/mkRequantEquivalence.v:3158$931 ($mux).
Removed top 9 bits (of 32) from port A of cell mkRequantEquivalence.$gt$/workspace/scratch/839f8f1063a0/requant_equivalence/mkRequantEquivalence.v:3163$932 ($gt).
Removed top 9 bits (of 32) from port B of cell mkRequantEquivalence.$gt$/workspace/scratch/839f8f1063a0/requant_equivalence/mkRequantEquivalence.v:3163$932 ($gt).
Removed top 1 bits (of 9) from mux cell mkRequantEquivalence.$ternary$/workspace/scratch/839f8f1063a0/requant_equivalence/mkRequantEquivalence.v:3163$937 ($mux).
Removed top 3 bits (of 26) from port A of cell mkRequantEquivalence.$gt$/workspace/scratch/839f8f1063a0/requant_equivalence/mkRequantEquivalence.v:3168$938 ($gt).
Removed top 3 bits (of 26) from port B of cell mkRequantEquivalence.$gt$/workspace/scratch/839f8f1063a0/requant_equivalence/mkRequantEquivalence.v:3168$938 ($gt).
Removed top 8 bits (of 9) from port B of cell mkRequantEquivalence.$add$/workspace/scratch/839f8f1063a0/requant_equivalence/mkRequantEquivalence.v:3170$942 ($add).
Removed top 1 bits (of 9) from mux cell mkRequantEquivalence.$ternary$/workspace/scratch/839f8f1063a0/requant_equivalence/mkRequantEquivalence.v:3168$943 ($mux).
Removed top 1 bits (of 24) from port A of cell mkRequantEquivalence.$gt$/workspace/scratch/839f8f1063a0/requant_equivalence/mkRequantEquivalence.v:3173$944 ($gt).
Removed top 1 bits (of 24) from port B of cell mkRequantEquivalence.$gt$/workspace/scratch/839f8f1063a0/requant_equivalence/mkRequantEquivalence.v:3173$944 ($gt).
Removed top 8 bits (of 9) from port B of cell mkRequantEquivalence.$add$/workspace/scratch/839f8f1063a0/requant_equivalence/mkRequantEquivalence.v:3175$948 ($add).
Removed top 1 bits (of 9) from mux cell mkRequantEquivalence.$ternary$/workspace/scratch/839f8f1063a0/requant_equivalence/mkRequantEquivalence.v:3173$949 ($mux).
Removed top 40 bits (of 64) from port A of cell mkRequantEquivalence.$gt$/workspace/scratch/839f8f1063a0/requant_equivalence/mkRequantEquivalence.v:3178$950 ($gt).
Removed top 40 bits (of 64) from port B of cell mkRequantEquivalence.$gt$/workspace/scratch/839f8f1063a0/requant_equivalence/mkRequantEquivalence.v:3178$950 ($gt).
Removed top 8 bits (of 9) from port B of cell mkRequantEquivalence.$add$/workspace/scratch/839f8f1063a0/requant_equivalence/mkRequantEquivalence.v:3181$954 ($add).
Removed top 1 bits (of 9) from mux cell mkRequantEquivalence.$ternary$/workspace/scratch/839f8f1063a0/requant_equivalence/mkRequantEquivalence.v:3178$955 ($mux).
Removed top 24 bits (of 48) from port A of cell mkRequantEquivalence.$gt$/workspace/scratch/839f8f1063a0/requant_equivalence/mkRequantEquivalence.v:3184$956 ($gt).
Removed top 24 bits (of 48) from port B of cell mkRequantEquivalence.$gt$/workspace/scratch/839f8f1063a0/requant_equivalence/mkRequantEquivalence.v:3184$956 ($gt).
Removed top 1 bits (of 9) from mux cell mkRequantEquivalence.$ternary$/workspace/scratch/839f8f1063a0/requant_equivalence/mkRequantEquivalence.v:3184$961 ($mux).
Removed top 11 bits (of 35) from port A of cell mkRequantEquivalence.$gt$/workspace/scratch/839f8f1063a0/requant_equivalence/mkRequantEquivalence.v:3189$962 ($gt).
Removed top 11 bits (of 35) from port B of cell mkRequantEquivalence.$gt$/workspace/scratch/839f8f1063a0/requant_equivalence/mkRequantEquivalence.v:3189$962 ($gt).
Removed top 1 bits (of 9) from mux cell mkRequantEquivalence.$ternary$/workspace/scratch/839f8f1063a0/requant_equivalence/mkRequantEquivalence.v:3189$967 ($mux).
Removed top 8 bits (of 32) from port A of cell mkRequantEquivalence.$gt$/workspace/scratch/839f8f1063a0/requant_equivalence/mkRequantEquivalence.v:3194$968 ($gt).
Removed top 8 bits (of 32) from port B of cell mkRequantEquivalence.$gt$/workspace/scratch/839f8f1063a0/requant_equivalence/mkRequantEquivalence.v:3194$968 ($gt).
Removed top 8 bits (of 9) from port B of cell mkRequantEquivalence.$add$/workspace/scratch/839f8f1063a0/requant_equivalence/mkRequantEquivalence.v:3196$972 ($add).
Removed top 1 bits (of 9) from mux cell mkRequantEquivalence.$ternary$/workspace/scratch/839f8f1063a0/requant_equivalence/mkRequantEquivalence.v:3194$973 ($mux).
Removed top 2 bits (of 26) from port A of cell mkRequantEquivalence.$gt$/workspace/scratch/839f8f1063a0/requant_equivalence/mkRequantEquivalence.v:3199$974 ($gt).
Removed top 2 bits (of 26) from port B of cell mkRequantEquivalence.$gt$/workspace/scratch/839f8f1063a0/requant_equivalence/mkRequantEquivalence.v:3199$974 ($gt).
Removed top 8 bits (of 9) from port B of cell mkRequantEquivalence.$add$/workspace/scratch/839f8f1063a0/requant_equivalence/mkRequantEquivalence.v:3201$978 ($add).
Removed top 1 bits (of 9) from mux cell mkRequantEquivalence.$ternary$/workspace/scratch/839f8f1063a0/requant_equivalence/mkRequantEquivalence.v:3199$979 ($mux).
Removed top 39 bits (of 64) from port A of cell mkRequantEquivalence.$gt$/workspace/scratch/839f8f1063a0/requant_equivalence/mkRequantEquivalence.v:3204$980 ($gt).
Removed top 39 bits (of 64) from port B of cell mkRequantEquivalence.$gt$/workspace/scratch/839f8f1063a0/requant_equivalence/mkRequantEquivalence.v:3204$980 ($gt).
Removed top 8 bits (of 9) from port B of cell mkRequantEquivalence.$add$/workspace/scratch/839f8f1063a0/requant_equivalence/mkRequantEquivalence.v:3207$984 ($add).
Removed top 1 bits (of 9) from mux cell mkRequantEquivalence.$ternary$/workspace/scratch/839f8f1063a0/requant_equivalence/mkRequantEquivalence.v:3204$985 ($mux).
Removed top 23 bits (of 48) from port A of cell mkRequantEquivalence.$gt$/workspace/scratch/839f8f1063a0/requant_equivalence/mkRequantEquivalence.v:3210$986 ($gt).
Removed top 23 bits (of 48) from port B of cell mkRequantEquivalence.$gt$/workspace/scratch/839f8f1063a0/requant_equivalence/mkRequantEquivalence.v:3210$986 ($gt).
Removed top 1 bits (of 9) from mux cell mkRequantEquivalence.$ternary$/workspace/scratch/839f8f1063a0/requant_equivalence/mkRequantEquivalence.v:3210$991 ($mux).
Removed top 10 bits (of 35) from port A of cell mkRequantEquivalence.$gt$/workspace/scratch/839f8f1063a0/requant_equivalence/mkRequantEquivalence.v:3215$992 ($gt).
Removed top 10 bits (of 35) from port B of cell mkRequantEquivalence.$gt$/workspace/scratch/839f8f1063a0/requant_equivalence/mkRequantEquivalence.v:3215$992 ($gt).
Removed top 1 bits (of 9) from mux cell mkRequantEquivalence.$ternary$/workspace/scratch/839f8f1063a0/requant_equivalence/mkRequantEquivalence.v:3215$997 ($mux).
Removed top 7 bits (of 32) from port A of cell mkRequantEquivalence.$gt$/workspace/scratch/839f8f1063a0/requant_equivalence/mkRequantEquivalence.v:3220$998 ($gt).
Removed top 7 bits (of 32) from port B of cell mkRequantEquivalence.$gt$/workspace/scratch/839f8f1063a0/requant_equivalence/mkRequantEquivalence.v:3220$998 ($gt).
Removed top 8 bits (of 9) from port B of cell mkRequantEquivalence.$add$/workspace/scratch/839f8f1063a0/requant_equivalence/mkRequantEquivalence.v:3222$1002 ($add).
Removed top 1 bits (of 9) from mux cell mkRequantEquivalence.$ternary$/workspace/scratch/839f8f1063a0/requant_equivalence/mkRequantEquivalence.v:3220$1003 ($mux).
Removed top 1 bits (of 26) from port A of cell mkRequantEquivalence.$gt$/workspace/scratch/839f8f1063a0/requant_equivalence/mkRequantEquivalence.v:3225$1004 ($gt).
Removed top 1 bits (of 26) from port B of cell mkRequantEquivalence.$gt$/workspace/scratch/839f8f1063a0/requant_equivalence/mkRequantEquivalence.v:3225$1004 ($gt).
Removed top 8 bits (of 9) from port B of cell mkRequantEquivalence.$add$/workspace/scratch/839f8f1063a0/requant_equivalence/mkRequantEquivalence.v:3227$1008 ($add).
Removed top 1 bits (of 9) from mux cell mkRequantEquivalence.$ternary$/workspace/scratch/839f8f1063a0/requant_equivalence/mkRequantEquivalence.v:3225$1009 ($mux).
Removed top 38 bits (of 64) from port A of cell mkRequantEquivalence.$gt$/workspace/scratch/839f8f1063a0/requant_equivalence/mkRequantEquivalence.v:3230$1010 ($gt).
Removed top 38 bits (of 64) from port B of cell mkRequantEquivalence.$gt$/workspace/scratch/839f8f1063a0/requant_equivalence/mkRequantEquivalence.v:3230$1010 ($gt).
Removed top 8 bits (of 9) from port B of cell mkRequantEquivalence.$add$/workspace/scratch/839f8f1063a0/requant_equivalence/mkRequantEquivalence.v:3233$1014 ($add).
Removed top 1 bits (of 9) from mux cell mkRequantEquivalence.$ternary$/workspace/scratch/839f8f1063a0/requant_equivalence/mkRequantEquivalence.v:3230$1015 ($mux).
Removed top 22 bits (of 48) from port A of cell mkRequantEquivalence.$gt$/workspace/scratch/839f8f1063a0/requant_equivalence/mkRequantEquivalence.v:3236$1016 ($gt).
Removed top 22 bits (of 48) from port B of cell mkRequantEquivalence.$gt$/workspace/scratch/839f8f1063a0/requant_equivalence/mkRequantEquivalence.v:3236$1016 ($gt).
Removed top 1 bits (of 9) from mux cell mkRequantEquivalence.$ternary$/workspace/scratch/839f8f1063a0/requant_equivalence/mkRequantEquivalence.v:3236$1021 ($mux).
Removed top 9 bits (of 35) from port A of cell mkRequantEquivalence.$gt$/workspace/scratch/839f8f1063a0/requant_equivalence/mkRequantEquivalence.v:3241$1022 ($gt).
Removed top 9 bits (of 35) from port B of cell mkRequantEquivalence.$gt$/workspace/scratch/839f8f1063a0/requant_equivalence/mkRequantEquivalence.v:3241$1022 ($gt).
Removed top 1 bits (of 9) from mux cell mkRequantEquivalence.$ternary$/workspace/scratch/839f8f1063a0/requant_equivalence/mkRequantEquivalence.v:3241$1027 ($mux).
Removed top 6 bits (of 32) from port A of cell mkRequantEquivalence.$gt$/workspace/scratch/839f8f1063a0/requant_equivalence/mkRequantEquivalence.v:3246$1028 ($gt).
Removed top 6 bits (of 32) from port B of cell mkRequantEquivalence.$gt$/workspace/scratch/839f8f1063a0/requant_equivalence/mkRequantEquivalence.v:3246$1028 ($gt).
Removed top 8 bits (of 9) from port B of cell mkRequantEquivalence.$add$/workspace/scratch/839f8f1063a0/requant_equivalence/mkRequantEquivalence.v:3248$1032 ($add).
Removed top 1 bits (of 9) from mux cell mkRequantEquivalence.$ternary$/workspace/scratch/839f8f1063a0/requant_equivalence/mkRequantEquivalence.v:3246$1033 ($mux).
Removed top 37 bits (of 64) from port A of cell mkRequantEquivalence.$gt$/workspace/scratch/839f8f1063a0/requant_equivalence/mkRequantEquivalence.v:3251$1034 ($gt).
Removed top 37 bits (of 64) from port B of cell mkRequantEquivalence.$gt$/workspace/scratch/839f8f1063a0/requant_equivalence/mkRequantEquivalence.v:3251$1034 ($gt).
Removed top 8 bits (of 9) from port B of cell mkRequantEquivalence.$add$/workspace/scratch/839f8f1063a0/requant_equivalence/mkRequantEquivalence.v:3254$1038 ($add).
Removed top 1 bits (of 9) from mux cell mkRequantEquivalence.$ternary$/workspace/scratch/839f8f1063a0/requant_equivalence/mkRequantEquivalence.v:3251$1039 ($mux).
Removed top 21 bits (of 48) from port A of cell mkRequantEquivalence.$gt$/workspace/scratch/839f8f1063a0/requant_equivalence/mkRequantEquivalence.v:3257$1040 ($gt).
Removed top 21 bits (of 48) from port B of cell mkRequantEquivalence.$gt$/workspace/scratch/839f8f1063a0/requant_equivalence/mkRequantEquivalence.v:3257$1040 ($gt).
Removed top 1 bits (of 9) from mux cell mkRequantEquivalence.$ternary$/workspace/scratch/839f8f1063a0/requant_equivalence/mkRequantEquivalence.v:3257$1045 ($mux).
Removed top 8 bits (of 35) from port A of cell mkRequantEquivalence.$gt$/workspace/scratch/839f8f1063a0/requant_equivalence/mkRequantEquivalence.v:3262$1046 ($gt).
Removed top 8 bits (of 35) from port B of cell mkRequantEquivalence.$gt$/workspace/scratch/839f8f1063a0/requant_equivalence/mkRequantEquivalence.v:3262$1046 ($gt).
Removed top 8 bits (of 9) from port B of cell mkRequantEquivalence.$add$/workspace/scratch/839f8f1063a0/requant_equivalence/mkRequantEquivalence.v:3264$1050 ($add).
Removed top 1 bits (of 9) from mux cell mkRequantEquivalence.$ternary$/workspace/scratch/839f8f1063a0/requant_equivalence/mkRequantEquivalence.v:3262$1051 ($mux).
Removed top 5 bits (of 32) from port A of cell mkRequantEquivalence.$gt$/workspace/scratch/839f8f1063a0/requant_equivalence/mkRequantEquivalence.v:3267$1052 ($gt).
Removed top 5 bits (of 32) from port B of cell mkRequantEquivalence.$gt$/workspace/scratch/839f8f1063a0/requant_equivalence/mkRequantEquivalence.v:3267$1052 ($gt).
Removed top 8 bits (of 9) from port B of cell mkRequantEquivalence.$add$/workspace/scratch/839f8f1063a0/requant_equivalence/mkRequantEquivalence.v:3269$1056 ($add).
Removed top 1 bits (of 9) from mux cell mkRequantEquivalence.$ternary$/workspace/scratch/839f8f1063a0/requant_equivalence/mkRequantEquivalence.v:3267$1057 ($mux).
Removed top 36 bits (of 64) from port A of cell mkRequantEquivalence.$gt$/workspace/scratch/839f8f1063a0/requant_equivalence/mkRequantEquivalence.v:3272$1058 ($gt).
Removed top 36 bits (of 64) from port B of cell mkRequantEquivalence.$gt$/workspace/scratch/839f8f1063a0/requant_equivalence/mkRequantEquivalence.v:3272$1058 ($gt).
Removed top 8 bits (of 9) from port B of cell mkRequantEquivalence.$add$/workspace/scratch/839f8f1063a0/requant_equivalence/mkRequantEquivalence.v:3275$1062 ($add).
Removed top 1 bits (of 9) from mux cell mkRequantEquivalence.$ternary$/workspace/scratch/839f8f1063a0/requant_equivalence/mkRequantEquivalence.v:3272$1063 ($mux).
Removed top 20 bits (of 48) from port A of cell mkRequantEquivalence.$gt$/workspace/scratch/839f8f1063a0/requant_equivalence/mkRequantEquivalence.v:3278$1064 ($gt).
Removed top 20 bits (of 48) from port B of cell mkRequantEquivalence.$gt$/workspace/scratch/839f8f1063a0/requant_equivalence/mkRequantEquivalence.v:3278$1064 ($gt).
Removed top 1 bits (of 9) from mux cell mkRequantEquivalence.$ternary$/workspace/scratch/839f8f1063a0/requant_equivalence/mkRequantEquivalence.v:3278$1069 ($mux).
Removed top 7 bits (of 35) from port A of cell mkRequantEquivalence.$gt$/workspace/scratch/839f8f1063a0/requant_equivalence/mkRequantEquivalence.v:3283$1070 ($gt).
Removed top 7 bits (of 35) from port B of cell mkRequantEquivalence.$gt$/workspace/scratch/839f8f1063a0/requant_equivalence/mkRequantEquivalence.v:3283$1070 ($gt).
Removed top 8 bits (of 9) from port B of cell mkRequantEquivalence.$add$/workspace/scratch/839f8f1063a0/requant_equivalence/mkRequantEquivalence.v:3285$1074 ($add).
Removed top 1 bits (of 9) from mux cell mkRequantEquivalence.$ternary$/workspace/scratch/839f8f1063a0/requant_equivalence/mkRequantEquivalence.v:3283$1075 ($mux).
Removed top 4 bits (of 32) from port A of cell mkRequantEquivalence.$gt$/workspace/scratch/839f8f1063a0/requant_equivalence/mkRequantEquivalence.v:3288$1076 ($gt).
Removed top 4 bits (of 32) from port B of cell mkRequantEquivalence.$gt$/workspace/scratch/839f8f1063a0/requant_equivalence/mkRequantEquivalence.v:3288$1076 ($gt).
Removed top 8 bits (of 9) from port B of cell mkRequantEquivalence.$add$/workspace/scratch/839f8f1063a0/requant_equivalence/mkRequantEquivalence.v:3290$1080 ($add).
Removed top 1 bits (of 9) from mux cell mkRequantEquivalence.$ternary$/workspace/scratch/839f8f1063a0/requant_equivalence/mkRequantEquivalence.v:3288$1081 ($mux).
Removed top 35 bits (of 64) from port A of cell mkRequantEquivalence.$gt$/workspace/scratch/839f8f1063a0/requant_equivalence/mkRequantEquivalence.v:3293$1082 ($gt).
Removed top 35 bits (of 64) from port B of cell mkRequantEquivalence.$gt$/workspace/scratch/839f8f1063a0/requant_equivalence/mkRequantEquivalence.v:3293$1082 ($gt).
Removed top 8 bits (of 9) from port B of cell mkRequantEquivalence.$add$/workspace/scratch/839f8f1063a0/requant_equivalence/mkRequantEquivalence.v:3296$1086 ($add).
Removed top 1 bits (of 9) from mux cell mkRequantEquivalence.$ternary$/workspace/scratch/839f8f1063a0/requant_equivalence/mkRequantEquivalence.v:3293$1087 ($mux).
Removed top 19 bits (of 48) from port A of cell mkRequantEquivalence.$gt$/workspace/scratch/839f8f1063a0/requant_equivalence/mkRequantEquivalence.v:3299$1088 ($gt).
Removed top 19 bits (of 48) from port B of cell mkRequantEquivalence.$gt$/workspace/scratch/839f8f1063a0/requant_equivalence/mkRequantEquivalence.v:3299$1088 ($gt).
Removed top 1 bits (of 9) from mux cell mkRequantEquivalence.$ternary$/workspace/scratch/839f8f1063a0/requant_equivalence/mkRequantEquivalence.v:3299$1093 ($mux).
Removed top 6 bits (of 35) from port A of cell mkRequantEquivalence.$gt$/workspace/scratch/839f8f1063a0/requant_equivalence/mkRequantEquivalence.v:3304$1094 ($gt).
Removed top 6 bits (of 35) from port B of cell mkRequantEquivalence.$gt$/workspace/scratch/839f8f1063a0/requant_equivalence/mkRequantEquivalence.v:3304$1094 ($gt).
Removed top 8 bits (of 9) from port B of cell mkRequantEquivalence.$add$/workspace/scratch/839f8f1063a0/requant_equivalence/mkRequantEquivalence.v:3306$1098 ($add).
Removed top 1 bits (of 9) from mux cell mkRequantEquivalence.$ternary$/workspace/scratch/839f8f1063a0/requant_equivalence/mkRequantEquivalence.v:3304$1099 ($mux).
Removed top 3 bits (of 32) from port A of cell mkRequantEquivalence.$gt$/workspace/scratch/839f8f1063a0/requant_equivalence/mkRequantEquivalence.v:3309$1100 ($gt).
Removed top 3 bits (of 32) from port B of cell mkRequantEquivalence.$gt$/workspace/scratch/839f8f1063a0/requant_equivalence/mkRequantEquivalence.v:3309$1100 ($gt).
Removed top 8 bits (of 9) from port B of cell mkRequantEquivalence.$add$/workspace/scratch/839f8f1063a0/requant_equivalence/mkRequantEquivalence.v:3311$1104 ($add).
Removed top 1 bits (of 9) from mux cell mkRequantEquivalence.$ternary$/workspace/scratch/839f8f1063a0/requant_equivalence/mkRequantEquivalence.v:3309$1105 ($mux).
Removed top 34 bits (of 64) from port A of cell mkRequantEquivalence.$gt$/workspace/scratch/839f8f1063a0/requant_equivalence/mkRequantEquivalence.v:3314$1106 ($gt).
Removed top 34 bits (of 64) from port B of cell mkRequantEquivalence.$gt$/workspace/scratch/839f8f1063a0/requant_equivalence/mkRequantEquivalence.v:3314$1106 ($gt).
Removed top 8 bits (of 9) from port B of cell mkRequantEquivalence.$add$/workspace/scratch/839f8f1063a0/requant_equivalence/mkRequantEquivalence.v:3317$1110 ($add).
Removed top 1 bits (of 9) from mux cell mkRequantEquivalence.$ternary$/workspace/scratch/839f8f1063a0/requant_equivalence/mkRequantEquivalence.v:3314$1111 ($mux).
Removed top 18 bits (of 48) from port A of cell mkRequantEquivalence.$gt$/workspace/scratch/839f8f1063a0/requant_equivalence/mkRequantEquivalence.v:3320$1112 ($gt).
Removed top 18 bits (of 48) from port B of cell mkRequantEquivalence.$gt$/workspace/scratch/839f8f1063a0/requant_equivalence/mkRequantEquivalence.v:3320$1112 ($gt).
Removed top 1 bits (of 9) from mux cell mkRequantEquivalence.$ternary$/workspace/scratch/839f8f1063a0/requant_equivalence/mkRequantEquivalence.v:3320$1117 ($mux).
Removed top 5 bits (of 35) from port A of cell mkRequantEquivalence.$gt$/workspace/scratch/839f8f1063a0/requant_equivalence/mkRequantEquivalence.v:3325$1118 ($gt).
Removed top 5 bits (of 35) from port B of cell mkRequantEquivalence.$gt$/workspace/scratch/839f8f1063a0/requant_equivalence/mkRequantEquivalence.v:3325$1118 ($gt).
Removed top 8 bits (of 9) from port B of cell mkRequantEquivalence.$add$/workspace/scratch/839f8f1063a0/requant_equivalence/mkRequantEquivalence.v:3327$1122 ($add).
Removed top 1 bits (of 9) from mux cell mkRequantEquivalence.$ternary$/workspace/scratch/839f8f1063a0/requant_equivalence/mkRequantEquivalence.v:3325$1123 ($mux).
Removed top 2 bits (of 32) from port A of cell mkRequantEquivalence.$gt$/workspace/scratch/839f8f1063a0/requant_equivalence/mkRequantEquivalence.v:3330$1124 ($gt).
Removed top 2 bits (of 32) from port B of cell mkRequantEquivalence.$gt$/workspace/scratch/839f8f1063a0/requant_equivalence/mkRequantEquivalence.v:3330$1124 ($gt).
Removed top 8 bits (of 9) from port B of cell mkRequantEquivalence.$add$/workspace/scratch/839f8f1063a0/requant_equivalence/mkRequantEquivalence.v:3332$1128 ($add).
Removed top 1 bits (of 9) from mux cell mkRequantEquivalence.$ternary$/workspace/scratch/839f8f1063a0/requant_equivalence/mkRequantEquivalence.v:3330$1129 ($mux).
Removed top 61 bits (of 64) from port A of cell mkRequantEquivalence.$gt$/workspace/scratch/839f8f1063a0/requant_equivalence/mkRequantEquivalence.v:3335$1130 ($gt).
Removed top 61 bits (of 64) from port B of cell mkRequantEquivalence.$gt$/workspace/scratch/839f8f1063a0/requant_equivalence/mkRequantEquivalence.v:3335$1130 ($gt).
Removed top 8 bits (of 9) from port B of cell mkRequantEquivalence.$add$/workspace/scratch/839f8f1063a0/requant_equivalence/mkRequantEquivalence.v:3338$1134 ($add).
Removed top 1 bits (of 9) from mux cell mkRequantEquivalence.$ternary$/workspace/scratch/839f8f1063a0/requant_equivalence/mkRequantEquivalence.v:3335$1135 ($mux).
Removed top 45 bits (of 48) from port A of cell mkRequantEquivalence.$gt$/workspace/scratch/839f8f1063a0/requant_equivalence/mkRequantEquivalence.v:3341$1136 ($gt).
Removed top 45 bits (of 48) from port B of cell mkRequantEquivalence.$gt$/workspace/scratch/839f8f1063a0/requant_equivalence/mkRequantEquivalence.v:3341$1136 ($gt).
Removed top 1 bits (of 9) from mux cell mkRequantEquivalence.$ternary$/workspace/scratch/839f8f1063a0/requant_equivalence/mkRequantEquivalence.v:3341$1141 ($mux).
Removed top 32 bits (of 35) from port A of cell mkRequantEquivalence.$gt$/workspace/scratch/839f8f1063a0/requant_equivalence/mkRequantEquivalence.v:3346$1142 ($gt).
Removed top 32 bits (of 35) from port B of cell mkRequantEquivalence.$gt$/workspace/scratch/839f8f1063a0/requant_equivalence/mkRequantEquivalence.v:3346$1142 ($gt).
Removed top 1 bits (of 9) from mux cell mkRequantEquivalence.$ternary$/workspace/scratch/839f8f1063a0/requant_equivalence/mkRequantEquivalence.v:3346$1147 ($mux).
Removed top 29 bits (of 32) from port A of cell mkRequantEquivalence.$gt$/workspace/scratch/839f8f1063a0/requant_equivalence/mkRequantEquivalence.v:3351$1148 ($gt).
Removed top 29 bits (of 32) from port B of cell mkRequantEquivalence.$gt$/workspace/scratch/839f8f1063a0/requant_equivalence/mkRequantEquivalence.v:3351$1148 ($gt).
Removed top 1 bits (of 9) from mux cell mkRequantEquivalence.$ternary$/workspace/scratch/839f8f1063a0/requant_equivalence/mkRequantEquivalence.v:3351$1153 ($mux).
Removed top 23 bits (of 26) from port A of cell mkRequantEquivalence.$gt$/workspace/scratch/839f8f1063a0/requant_equivalence/mkRequantEquivalence.v:3356$1154 ($gt).
Removed top 23 bits (of 26) from port B of cell mkRequantEquivalence.$gt$/workspace/scratch/839f8f1063a0/requant_equivalence/mkRequantEquivalence.v:3356$1154 ($gt).
Removed top 1 bits (of 9) from mux cell mkRequantEquivalence.$ternary$/workspace/scratch/839f8f1063a0/requant_equivalence/mkRequantEquivalence.v:3356$1159 ($mux).
Removed top 21 bits (of 24) from port A of cell mkRequantEquivalence.$gt$/workspace/scratch/839f8f1063a0/requant_equivalence/mkRequantEquivalence.v:3361$1160 ($gt).
Removed top 21 bits (of 24) from port B of cell mkRequantEquivalence.$gt$/workspace/scratch/839f8f1063a0/requant_equivalence/mkRequantEquivalence.v:3361$1160 ($gt).
Removed top 1 bits (of 9) from mux cell mkRequantEquivalence.$ternary$/workspace/scratch/839f8f1063a0/requant_equivalence/mkRequantEquivalence.v:3361$1165 ($mux).
Removed top 15 bits (of 18) from port A of cell mkRequantEquivalence.$gt$/workspace/scratch/839f8f1063a0/requant_equivalence/mkRequantEquivalence.v:3366$1166 ($gt).
Removed top 15 bits (of 18) from port B of cell mkRequantEquivalence.$gt$/workspace/scratch/839f8f1063a0/requant_equivalence/mkRequantEquivalence.v:3366$1166 ($gt).
Removed top 1 bits (of 9) from mux cell mkRequantEquivalence.$ternary$/workspace/scratch/839f8f1063a0/requant_equivalence/mkRequantEquivalence.v:3366$1171 ($mux).
Removed top 13 bits (of 16) from port A of cell mkRequantEquivalence.$gt$/workspace/scratch/839f8f1063a0/requant_equivalence/mkRequantEquivalence.v:3371$1172 ($gt).
Removed top 13 bits (of 16) from port B of cell mkRequantEquivalence.$gt$/workspace/scratch/839f8f1063a0/requant_equivalence/mkRequantEquivalence.v:3371$1172 ($gt).
Removed top 1 bits (of 9) from mux cell mkRequantEquivalence.$ternary$/workspace/scratch/839f8f1063a0/requant_equivalence/mkRequantEquivalence.v:3371$1177 ($mux).
Removed top 7 bits (of 10) from port A of cell mkRequantEquivalence.$gt$/workspace/scratch/839f8f1063a0/requant_equivalence/mkRequantEquivalence.v:3376$1178 ($gt).
Removed top 7 bits (of 10) from port B of cell mkRequantEquivalence.$gt$/workspace/scratch/839f8f1063a0/requant_equivalence/mkRequantEquivalence.v:3376$1178 ($gt).
Removed top 8 bits (of 9) from port B of cell mkRequantEquivalence.$add$/workspace/scratch/839f8f1063a0/requant_equivalence/mkRequantEquivalence.v:3378$1182 ($add).
Removed top 1 bits (of 9) from mux cell mkRequantEquivalence.$ternary$/workspace/scratch/839f8f1063a0/requant_equivalence/mkRequantEquivalence.v:3376$1183 ($mux).
Removed top 6 bits (of 9) from port A of cell mkRequantEquivalence.$gt$/workspace/scratch/839f8f1063a0/requant_equivalence/mkRequantEquivalence.v:3381$1184 ($gt).
Removed top 6 bits (of 9) from port B of cell mkRequantEquivalence.$gt$/workspace/scratch/839f8f1063a0/requant_equivalence/mkRequantEquivalence.v:3381$1184 ($gt).
Removed top 8 bits (of 9) from port B of cell mkRequantEquivalence.$add$/workspace/scratch/839f8f1063a0/requant_equivalence/mkRequantEquivalence.v:3383$1188 ($add).
Removed top 1 bits (of 9) from mux cell mkRequantEquivalence.$ternary$/workspace/scratch/839f8f1063a0/requant_equivalence/mkRequantEquivalence.v:3381$1189 ($mux).
Removed top 33 bits (of 64) from port A of cell mkRequantEquivalence.$gt$/workspace/scratch/839f8f1063a0/requant_equivalence/mkRequantEquivalence.v:3386$1190 ($gt).
Removed top 33 bits (of 64) from port B of cell mkRequantEquivalence.$gt$/workspace/scratch/839f8f1063a0/requant_equivalence/mkRequantEquivalence.v:3386$1190 ($gt).
Removed top 8 bits (of 9) from port B of cell mkRequantEquivalence.$add$/workspace/scratch/839f8f1063a0/requant_equivalence/mkRequantEquivalence.v:3389$1194 ($add).
Removed top 1 bits (of 9) from mux cell mkRequantEquivalence.$ternary$/workspace/scratch/839f8f1063a0/requant_equivalence/mkRequantEquivalence.v:3386$1195 ($mux).
Removed top 17 bits (of 48) from port A of cell mkRequantEquivalence.$gt$/workspace/scratch/839f8f1063a0/requant_equivalence/mkRequantEquivalence.v:3392$1196 ($gt).
Removed top 17 bits (of 48) from port B of cell mkRequantEquivalence.$gt$/workspace/scratch/839f8f1063a0/requant_equivalence/mkRequantEquivalence.v:3392$1196 ($gt).
Removed top 1 bits (of 9) from mux cell mkRequantEquivalence.$ternary$/workspace/scratch/839f8f1063a0/requant_equivalence/mkRequantEquivalence.v:3392$1201 ($mux).
Removed top 4 bits (of 35) from port A of cell mkRequantEquivalence.$gt$/workspace/scratch/839f8f1063a0/requant_equivalence/mkRequantEquivalence.v:3397$1202 ($gt).
Removed top 4 bits (of 35) from port B of cell mkRequantEquivalence.$gt$/workspace/scratch/839f8f1063a0/requant_equivalence/mkRequantEquivalence.v:3397$1202 ($gt).
Removed top 8 bits (of 9) from port B of cell mkRequantEquivalence.$add$/workspace/scratch/839f8f1063a0/requant_equivalence/mkRequantEquivalence.v:3399$1206 ($add).
Removed top 1 bits (of 9) from mux cell mkRequantEquivalence.$ternary$/workspace/scratch/839f8f1063a0/requant_equivalence/mkRequantEquivalence.v:3397$1207 ($mux).
Removed top 1 bits (of 32) from port A of cell mkRequantEquivalence.$gt$/workspace/scratch/839f8f1063a0/requant_equivalence/mkRequantEquivalence.v:3402$1208 ($gt).
Removed top 1 bits (of 32) from port B of cell mkRequantEquivalence.$gt$/workspace/scratch/839f8f1063a0/requant_equivalence/mkRequantEquivalence.v:3402$1208 ($gt).
Removed top 8 bits (of 9) from port B of cell mkRequantEquivalence.$add$/workspace/scratch/839f8f1063a0/requant_equivalence/mkRequantEquivalence.v:3404$1212 ($add).
Removed top 1 bits (of 9) from mux cell mkRequantEquivalence.$ternary$/workspace/scratch/839f8f1063a0/requant_equivalence/mkRequantEquivalence.v:3402$1213 ($mux).
Removed top 32 bits (of 64) from port A of cell mkRequantEquivalence.$gt$/workspace/scratch/839f8f1063a0/requant_equivalence/mkRequantEquivalence.v:3407$1214 ($gt).
Removed top 32 bits (of 64) from port B of cell mkRequantEquivalence.$gt$/workspace/scratch/839f8f1063a0/requant_equivalence/mkRequantEquivalence.v:3407$1214 ($gt).
Removed top 8 bits (of 9) from port B of cell mkRequantEquivalence.$add$/workspace/scratch/839f8f1063a0/requant_equivalence/mkRequantEquivalence.v:3410$1218 ($add).
Removed top 1 bits (of 9) from mux cell mkRequantEquivalence.$ternary$/workspace/scratch/839f8f1063a0/requant_equivalence/mkRequantEquivalence.v:3407$1219 ($mux).
Removed top 16 bits (of 48) from port A of cell mkRequantEquivalence.$gt$/workspace/scratch/839f8f1063a0/requant_equivalence/mkRequantEquivalence.v:3413$1220 ($gt).
Removed top 16 bits (of 48) from port B of cell mkRequantEquivalence.$gt$/workspace/scratch/839f8f1063a0/requant_equivalence/mkRequantEquivalence.v:3413$1220 ($gt).
Removed top 1 bits (of 9) from mux cell mkRequantEquivalence.$ternary$/workspace/scratch/839f8f1063a0/requant_equivalence/mkRequantEquivalence.v:3413$1225 ($mux).
Removed top 3 bits (of 35) from port A of cell mkRequantEquivalence.$gt$/workspace/scratch/839f8f1063a0/requant_equivalence/mkRequantEquivalence.v:3418$1226 ($gt).
Removed top 3 bits (of 35) from port B of cell mkRequantEquivalence.$gt$/workspace/scratch/839f8f1063a0/requant_equivalence/mkRequantEquivalence.v:3418$1226 ($gt).
Removed top 8 bits (of 9) from port B of cell mkRequantEquivalence.$add$/workspace/scratch/839f8f1063a0/requant_equivalence/mkRequantEquivalence.v:3420$1230 ($add).
Removed top 1 bits (of 9) from mux cell mkRequantEquivalence.$ternary$/workspace/scratch/839f8f1063a0/requant_equivalence/mkRequantEquivalence.v:3418$1231 ($mux).
Removed top 15 bits (of 48) from port A of cell mkRequantEquivalence.$gt$/workspace/scratch/839f8f1063a0/requant_equivalence/mkRequantEquivalence.v:3423$1232 ($gt).
Removed top 15 bits (of 48) from port B of cell mkRequantEquivalence.$gt$/workspace/scratch/839f8f1063a0/requant_equivalence/mkRequantEquivalence.v:3423$1232 ($gt).
Removed top 8 bits (of 9) from port B of cell mkRequantEquivalence.$add$/workspace/scratch/839f8f1063a0/requant_equivalence/mkRequantEquivalence.v:3425$1236 ($add).
Removed top 1 bits (of 9) from mux cell mkRequantEquivalence.$ternary$/workspace/scratch/839f8f1063a0/requant_equivalence/mkRequantEquivalence.v:3423$1237 ($mux).
Removed top 2 bits (of 35) from port A of cell mkRequantEquivalence.$gt$/workspace/scratch/839f8f1063a0/requant_equivalence/mkRequantEquivalence.v:3428$1238 ($gt).
Removed top 2 bits (of 35) from port B of cell mkRequantEquivalence.$gt$/workspace/scratch/839f8f1063a0/requant_equivalence/mkRequantEquivalence.v:3428$1238 ($gt).
Removed top 8 bits (of 9) from port B of cell mkRequantEquivalence.$add$/workspace/scratch/839f8f1063a0/requant_equivalence/mkRequantEquivalence.v:3430$1242 ($add).
Removed top 1 bits (of 9) from mux cell mkRequantEquivalence.$ternary$/workspace/scratch/839f8f1063a0/requant_equivalence/mkRequantEquivalence.v:3428$1243 ($mux).
Removed top 31 bits (of 64) from port A of cell mkRequantEquivalence.$gt$/workspace/scratch/839f8f1063a0/requant_equivalence/mkRequantEquivalence.v:3433$1244 ($gt).
Removed top 31 bits (of 64) from port B of cell mkRequantEquivalence.$gt$/workspace/scratch/839f8f1063a0/requant_equivalence/mkRequantEquivalence.v:3433$1244 ($gt).
Removed top 1 bits (of 9) from mux cell mkRequantEquivalence.$ternary$/workspace/scratch/839f8f1063a0/requant_equivalence/mkRequantEquivalence.v:3433$1249 ($mux).
Removed top 14 bits (of 48) from port A of cell mkRequantEquivalence.$gt$/workspace/scratch/839f8f1063a0/requant_equivalence/mkRequantEquivalence.v:3439$1250 ($gt).
Removed top 14 bits (of 48) from port B of cell mkRequantEquivalence.$gt$/workspace/scratch/839f8f1063a0/requant_equivalence/mkRequantEquivalence.v:3439$1250 ($gt).
Removed top 8 bits (of 9) from port B of cell mkRequantEquivalence.$add$/workspace/scratch/839f8f1063a0/requant_equivalence/mkRequantEquivalence.v:3441$1254 ($add).
Removed top 1 bits (of 9) from mux cell mkRequantEquivalence.$ternary$/workspace/scratch/839f8f1063a0/requant_equivalence/mkRequantEquivalence.v:3439$1255 ($mux).
Removed top 1 bits (of 35) from port A of cell mkRequantEquivalence.$gt$/workspace/scratch/839f8f1063a0/requant_equivalence/mkRequantEquivalence.v:3444$1256 ($gt).
Removed top 1 bits (of 35) from port B of cell mkRequantEquivalence.$gt$/workspace/scratch/839f8f1063a0/requant_equivalence/mkRequantEquivalence.v:3444$1256 ($gt).
Removed top 8 bits (of 9) from port B of cell mkRequantEquivalence.$add$/workspace/scratch/839f8f1063a0/requant_equivalence/mkRequantEquivalence.v:3446$1260 ($add).
Removed top 1 bits (of 9) from mux cell mkRequantEquivalence.$ternary$/workspace/scratch/839f8f1063a0/requant_equivalence/mkRequantEquivalence.v:3444$1261 ($mux).
Removed top 30 bits (of 64) from port A of cell mkRequantEquivalence.$gt$/workspace/scratch/839f8f1063a0/requant_equivalence/mkRequantEquivalence.v:3449$1262 ($gt).
Removed top 30 bits (of 64) from port B of cell mkRequantEquivalence.$gt$/workspace/scratch/839f8f1063a0/requant_equivalence/mkRequantEquivalence.v:3449$1262 ($gt).
Removed top 1 bits (of 9) from mux cell mkRequantEquivalence.$ternary$/workspace/scratch/839f8f1063a0/requant_equivalence/mkRequantEquivalence.v:3449$1267 ($mux).
Removed top 13 bits (of 48) from port A of cell mkRequantEquivalence.$gt$/workspace/scratch/839f8f1063a0/requant_equivalence/mkRequantEquivalence.v:3455$1268 ($gt).
Removed top 13 bits (of 48) from port B of cell mkRequantEquivalence.$gt$/workspace/scratch/839f8f1063a0/requant_equivalence/mkRequantEquivalence.v:3455$1268 ($gt).
Removed top 8 bits (of 9) from port B of cell mkRequantEquivalence.$add$/workspace/scratch/839f8f1063a0/requant_equivalence/mkRequantEquivalence.v:3457$1272 ($add).
Removed top 1 bits (of 9) from mux cell mkRequantEquivalence.$ternary$/workspace/scratch/839f8f1063a0/requant_equivalence/mkRequantEquivalence.v:3455$1273 ($mux).
Removed top 29 bits (of 64) from port A of cell mkRequantEquivalence.$gt$/workspace/scratch/839f8f1063a0/requant_equivalence/mkRequantEquivalence.v:3460$1274 ($gt).
Removed top 29 bits (of 64) from port B of cell mkRequantEquivalence.$gt$/workspace/scratch/839f8f1063a0/requant_equivalence/mkRequantEquivalence.v:3460$1274 ($gt).
Removed top 1 bits (of 9) from mux cell mkRequantEquivalence.$ternary$/workspace/scratch/839f8f1063a0/requant_equivalence/mkRequantEquivalence.v:3460$1279 ($mux).
Removed top 12 bits (of 48) from port A of cell mkRequantEquivalence.$gt$/workspace/scratch/839f8f1063a0/requant_equivalence/mkRequantEquivalence.v:3466$1280 ($gt).
Removed top 12 bits (of 48) from port B of cell mkRequantEquivalence.$gt$/workspace/scratch/839f8f1063a0/requant_equivalence/mkRequantEquivalence.v:3466$1280 ($gt).
Removed top 8 bits (of 9) from port B of cell mkRequantEquivalence.$add$/workspace/scratch/839f8f1063a0/requant_equivalence/mkRequantEquivalence.v:3468$1284 ($add).
Removed top 1 bits (of 9) from mux cell mkRequantEquivalence.$ternary$/workspace/scratch/839f8f1063a0/requant_equivalence/mkRequantEquivalence.v:3466$1285 ($mux).
Removed top 28 bits (of 64) from port A of cell mkRequantEquivalence.$gt$/workspace/scratch/839f8f1063a0/requant_equivalence/mkRequantEquivalence.v:3471$1286 ($gt).
Removed top 28 bits (of 64) from port B of cell mkRequantEquivalence.$gt$/workspace/scratch/839f8f1063a0/requant_equivalence/mkRequantEquivalence.v:3471$1286 ($gt).
Removed top 1 bits (of 9) from mux cell mkRequantEquivalence.$ternary$/workspace/scratch/839f8f1063a0/requant_equivalence/mkRequantEquivalence.v:3471$1291 ($mux).
Removed top 11 bits (of 48) from port A of cell mkRequantEquivalence.$gt$/workspace/scratch/839f8f1063a0/requant_equivalence/mkRequantEquivalence.v:3477$1292 ($gt).
Removed top 11 bits (of 48) from port B of cell mkRequantEquivalence.$gt$/workspace/scratch/839f8f1063a0/requant_equivalence/mkRequantEquivalence.v:3477$1292 ($gt).
Removed top 8 bits (of 9) from port B of cell mkRequantEquivalence.$add$/workspace/scratch/839f8f1063a0/requant_equivalence/mkRequantEquivalence.v:3479$1296 ($add).
Removed top 1 bits (of 9) from mux cell mkRequantEquivalence.$ternary$/workspace/scratch/839f8f1063a0/requant_equivalence/mkRequantEquivalence.v:3477$1297 ($mux).
Removed top 27 bits (of 64) from port A of cell mkRequantEquivalence.$gt$/workspace/scratch/839f8f1063a0/requant_equivalence/mkRequantEquivalence.v:3482$1298 ($gt).
Removed top 27 bits (of 64) from port B of cell mkRequantEquivalence.$gt$/workspace/scratch/839f8f1063a0/requant_equivalence/mkRequantEquivalence.v:3482$1298 ($gt).
Removed top 1 bits (of 9) from mux cell mkRequantEquivalence.$ternary$/workspace/scratch/839f8f1063a0/requant_equivalence/mkRequantEquivalence.v:3482$1303 ($mux).
Removed top 10 bits (of 48) from port A of cell mkRequantEquivalence.$gt$/workspace/scratch/839f8f1063a0/requant_equivalence/mkRequantEquivalence.v:3488$1304 ($gt).
Removed top 10 bits (of 48) from port B of cell mkRequantEquivalence.$gt$/workspace/scratch/839f8f1063a0/requant_equivalence/mkRequantEquivalence.v:3488$1304 ($gt).
Removed top 8 bits (of 9) from port B of cell mkRequantEquivalence.$add$/workspace/scratch/839f8f1063a0/requant_equivalence/mkRequantEquivalence.v:3490$1308 ($add).
Removed top 1 bits (of 9) from mux cell mkRequantEquivalence.$ternary$/workspace/scratch/839f8f1063a0/requant_equivalence/mkRequantEquivalence.v:3488$1309 ($mux).
Removed top 26 bits (of 64) from port A of cell mkRequantEquivalence.$gt$/workspace/scratch/839f8f1063a0/requant_equivalence/mkRequantEquivalence.v:3493$1310 ($gt).
Removed top 26 bits (of 64) from port B of cell mkRequantEquivalence.$gt$/workspace/scratch/839f8f1063a0/requant_equivalence/mkRequantEquivalence.v:3493$1310 ($gt).
Removed top 1 bits (of 9) from mux cell mkRequantEquivalence.$ternary$/workspace/scratch/839f8f1063a0/requant_equivalence/mkRequantEquivalence.v:3493$1315 ($mux).
Removed top 9 bits (of 48) from port A of cell mkRequantEquivalence.$gt$/workspace/scratch/839f8f1063a0/requant_equivalence/mkRequantEquivalence.v:3499$1316 ($gt).
Removed top 9 bits (of 48) from port B of cell mkRequantEquivalence.$gt$/workspace/scratch/839f8f1063a0/requant_equivalence/mkRequantEquivalence.v:3499$1316 ($gt).
Removed top 8 bits (of 9) from port B of cell mkRequantEquivalence.$add$/workspace/scratch/839f8f1063a0/requant_equivalence/mkRequantEquivalence.v:3501$1320 ($add).
Removed top 1 bits (of 9) from mux cell mkRequantEquivalence.$ternary$/workspace/scratch/839f8f1063a0/requant_equivalence/mkRequantEquivalence.v:3499$1321 ($mux).
Removed top 25 bits (of 64) from port A of cell mkRequantEquivalence.$gt$/workspace/scratch/839f8f1063a0/requant_equivalence/mkRequantEquivalence.v:3504$1322 ($gt).
Removed top 25 bits (of 64) from port B of cell mkRequantEquivalence.$gt$/workspace/scratch/839f8f1063a0/requant_equivalence/mkRequantEquivalence.v:3504$1322 ($gt).
Removed top 1 bits (of 9) from mux cell mkRequantEquivalence.$ternary$/workspace/scratch/839f8f1063a0/requant_equivalence/mkRequantEquivalence.v:3504$1327 ($mux).
Removed top 8 bits (of 48) from port A of cell mkRequantEquivalence.$gt$/workspace/scratch/839f8f1063a0/requant_equivalence/mkRequantEquivalence.v:3510$1328 ($gt).
Removed top 8 bits (of 48) from port B of cell mkRequantEquivalence.$gt$/workspace/scratch/839f8f1063a0/requant_equivalence/mkRequantEquivalence.v:3510$1328 ($gt).
Removed top 8 bits (of 9) from port B of cell mkRequantEquivalence.$add$/workspace/scratch/839f8f1063a0/requant_equivalence/mkRequantEquivalence.v:3512$1332 ($add).
Removed top 1 bits (of 9) from mux cell mkRequantEquivalence.$ternary$/workspace/scratch/839f8f1063a0/requant_equivalence/mkRequantEquivalence.v:3510$1333 ($mux).
Removed top 24 bits (of 64) from port A of cell mkRequantEquivalence.$gt$/workspace/scratch/839f8f1063a0/requant_equivalence/mkRequantEquivalence.v:3515$1334 ($gt).
Removed top 24 bits (of 64) from port B of cell mkRequantEquivalence.$gt$/workspace/scratch/839f8f1063a0/requant_equivalence/mkRequantEquivalence.v:3515$1334 ($gt).
Removed top 8 bits (of 9) from port B of cell mkRequantEquivalence.$add$/workspace/scratch/839f8f1063a0/requant_equivalence/mkRequantEquivalence.v:3518$1338 ($add).
Removed top 1 bits (of 9) from mux cell mkRequantEquivalence.$ternary$/workspace/scratch/839f8f1063a0/requant_equivalence/mkRequantEquivalence.v:3515$1339 ($mux).
Removed top 60 bits (of 64) from port A of cell mkRequantEquivalence.$gt$/workspace/scratch/839f8f1063a0/requant_equivalence/mkRequantEquivalence.v:3521$1340 ($gt).
Removed top 60 bits (of 64) from port B of cell mkRequantEquivalence.$gt$/workspace/scratch/839f8f1063a0/requant_equivalence/mkRequantEquivalence.v:3521$1340 ($gt).
Removed top 8 bits (of 9) from port B of cell mkRequantEquivalence.$add$/workspace/scratch/839f8f1063a0/requant_equivalence/mkRequantEquivalence.v:3524$1344 ($add).
Removed top 1 bits (of 9) from mux cell mkRequantEquivalence.$ternary$/workspace/scratch/839f8f1063a0/requant_equivalence/mkRequantEquivalence.v:3521$1345 ($mux).
Removed top 44 bits (of 48) from port A of cell mkRequantEquivalence.$gt$/workspace/scratch/839f8f1063a0/requant_equivalence/mkRequantEquivalence.v:3527$1346 ($gt).
Removed top 44 bits (of 48) from port B of cell mkRequantEquivalence.$gt$/workspace/scratch/839f8f1063a0/requant_equivalence/mkRequantEquivalence.v:3527$1346 ($gt).
Removed top 1 bits (of 9) from mux cell mkRequantEquivalence.$ternary$/workspace/scratch/839f8f1063a0/requant_equivalence/mkRequantEquivalence.v:3527$1351 ($mux).
Removed top 31 bits (of 35) from port A of cell mkRequantEquivalence.$gt$/workspace/scratch/839f8f1063a0/requant_equivalence/mkRequantEquivalence.v:3532$1352 ($gt).
Removed top 31 bits (of 35) from port B of cell mkRequantEquivalence.$gt$/workspace/scratch/839f8f1063a0/requant_equivalence/mkRequantEquivalence.v:3532$1352 ($gt).
Removed top 1 bits (of 9) from mux cell mkRequantEquivalence.$ternary$/workspace/scratch/839f8f1063a0/requant_equivalence/mkRequantEquivalence.v:3532$1357 ($mux).
Removed top 28 bits (of 32) from port A of cell mkRequantEquivalence.$gt$/workspace/scratch/839f8f1063a0/requant_equivalence/mkRequantEquivalence.v:3537$1358 ($gt).
Removed top 28 bits (of 32) from port B of cell mkRequantEquivalence.$gt$/workspace/scratch/839f8f1063a0/requant_equivalence/mkRequantEquivalence.v:3537$1358 ($gt).
Removed top 1 bits (of 9) from mux cell mkRequantEquivalence.$ternary$/workspace/scratch/839f8f1063a0/requant_equivalence/mkRequantEquivalence.v:3537$1363 ($mux).
Removed top 22 bits (of 26) from port A of cell mkRequantEquivalence.$gt$/workspace/scratch/839f8f1063a0/requant_equivalence/mkRequantEquivalence.v:3542$1364 ($gt).
Removed top 22 bits (of 26) from port B of cell mkRequantEquivalence.$gt$/workspace/scratch/839f8f1063a0/requant_equivalence/mkRequantEquivalence.v:3542$1364 ($gt).
Removed top 1 bits (of 9) from mux cell mkRequantEquivalence.$ternary$/workspace/scratch/839f8f1063a0/requant_equivalence/mkRequantEquivalence.v:3542$1369 ($mux).
Removed top 20 bits (of 24) from port A of cell mkRequantEquivalence.$gt$/workspace/scratch/839f8f1063a0/requant_equivalence/mkRequantEquivalence.v:3547$1370 ($gt).
Removed top 20 bits (of 24) from port B of cell mkRequantEquivalence.$gt$/workspace/scratch/839f8f1063a0/requant_equivalence/mkRequantEquivalence.v:3547$1370 ($gt).
Removed top 1 bits (of 9) from mux cell mkRequantEquivalence.$ternary$/workspace/scratch/839f8f1063a0/requant_equivalence/mkRequantEquivalence.v:3547$1375 ($mux).
Removed top 14 bits (of 18) from port A of cell mkRequantEquivalence.$gt$/workspace/scratch/839f8f1063a0/requant_equivalence/mkRequantEquivalence.v:3552$1376 ($gt).
Removed top 14 bits (of 18) from port B of cell mkRequantEquivalence.$gt$/workspace/scratch/839f8f1063a0/requant_equivalence/mkRequantEquivalence.v:3552$1376 ($gt).
Removed top 1 bits (of 9) from mux cell mkRequantEquivalence.$ternary$/workspace/scratch/839f8f1063a0/requant_equivalence/mkRequantEquivalence.v:3552$1381 ($mux).
Removed top 12 bits (of 16) from port A of cell mkRequantEquivalence.$gt$/workspace/scratch/839f8f1063a0/requant_equivalence/mkRequantEquivalence.v:3557$1382 ($gt).
Removed top 12 bits (of 16) from port B of cell mkRequantEquivalence.$gt$/workspace/scratch/839f8f1063a0/requant_equivalence/mkRequantEquivalence.v:3557$1382 ($gt).
Removed top 1 bits (of 9) from mux cell mkRequantEquivalence.$ternary$/workspace/scratch/839f8f1063a0/requant_equivalence/mkRequantEquivalence.v:3557$1387 ($mux).
Removed top 6 bits (of 10) from port A of cell mkRequantEquivalence.$gt$/workspace/scratch/839f8f1063a0/requant_equivalence/mkRequantEquivalence.v:3562$1388 ($gt).
Removed top 6 bits (of 10) from port B of cell mkRequantEquivalence.$gt$/workspace/scratch/839f8f1063a0/requant_equivalence/mkRequantEquivalence.v:3562$1388 ($gt).
Removed top 8 bits (of 9) from port B of cell mkRequantEquivalence.$add$/workspace/scratch/839f8f1063a0/requant_equivalence/mkRequantEquivalence.v:3564$1392 ($add).
Removed top 1 bits (of 9) from mux cell mkRequantEquivalence.$ternary$/workspace/scratch/839f8f1063a0/requant_equivalence/mkRequantEquivalence.v:3562$1393 ($mux).
Removed top 5 bits (of 9) from port A of cell mkRequantEquivalence.$gt$/workspace/scratch/839f8f1063a0/requant_equivalence/mkRequantEquivalence.v:3567$1394 ($gt).
Removed top 5 bits (of 9) from port B of cell mkRequantEquivalence.$gt$/workspace/scratch/839f8f1063a0/requant_equivalence/mkRequantEquivalence.v:3567$1394 ($gt).
Removed top 8 bits (of 9) from port B of cell mkRequantEquivalence.$add$/workspace/scratch/839f8f1063a0/requant_equivalence/mkRequantEquivalence.v:3569$1398 ($add).
Removed top 1 bits (of 9) from mux cell mkRequantEquivalence.$ternary$/workspace/scratch/839f8f1063a0/requant_equivalence/mkRequantEquivalence.v:3567$1399 ($mux).
Removed top 7 bits (of 48) from port A of cell mkRequantEquivalence.$gt$/workspace/scratch/839f8f1063a0/requant_equivalence/mkRequantEquivalence.v:3572$1400 ($gt).
Removed top 7 bits (of 48) from port B of cell mkRequantEquivalence.$gt$/workspace/scratch/839f8f1063a0/requant_equivalence/mkRequantEquivalence.v:3572$1400 ($gt).
Removed top 8 bits (of 9) from port B of cell mkRequantEquivalence.$add$/workspace/scratch/839f8f1063a0/requant_equivalence/mkRequantEquivalence.v:3574$1404 ($add).
Removed top 1 bits (of 9) from mux cell mkRequantEquivalence.$ternary$/workspace/scratch/839f8f1063a0/requant_equivalence/mkRequantEquivalence.v:3572$1405 ($mux).
Removed top 23 bits (of 64) from port A of cell mkRequantEquivalence.$gt$/workspace/scratch/839f8f1063a0/requant_equivalence/mkRequantEquivalence.v:3577$1406 ($gt).
Removed top 23 bits (of 64) from port B of cell mkRequantEquivalence.$gt$/workspace/scratch/839f8f1063a0/requant_equivalence/mkRequantEquivalence.v:3577$1406 ($gt).
Removed top 8 bits (of 9) from port B of cell mkRequantEquivalence.$add$/workspace/scratch/839f8f1063a0/requant_equivalence/mkRequantEquivalence.v:3580$1410 ($add).
Removed top 1 bits (of 9) from mux cell mkRequantEquivalence.$ternary$/workspace/scratch/839f8f1063a0/requant_equivalence/mkRequantEquivalence.v:3577$1411 ($mux).
Removed top 6 bits (of 48) from port A of cell mkRequantEquivalence.$gt$/workspace/scratch/839f8f1063a0/requant_equivalence/mkRequantEquivalence.v:3583$1412 ($gt).
Removed top 6 bits (of 48) from port B of cell mkRequantEquivalence.$gt$/workspace/scratch/839f8f1063a0/requant_equivalence/mkRequantEquivalence.v:3583$1412 ($gt).
Removed top 8 bits (of 9) from port B of cell mkRequantEquivalence.$add$/workspace/scratch/839f8f1063a0/requant_equivalence/mkRequantEquivalence.v:3585$1416 ($add).
Removed top 1 bits (of 9) from mux cell mkRequantEquivalence.$ternary$/workspace/scratch/839f8f1063a0/requant_equivalence/mkRequantEquivalence.v:3583$1417 ($mux).
Removed top 22 bits (of 64) from port A of cell mkRequantEquivalence.$gt$/workspace/scratch/839f8f1063a0/requant_equivalence/mkRequantEquivalence.v:3588$1418 ($gt).
Removed top 22 bits (of 64) from port B of cell mkRequantEquivalence.$gt$/workspace/scratch/839f8f1063a0/requant_equivalence/mkRequantEquivalence.v:3588$1418 ($gt).
Removed top 8 bits (of 9) from port B of cell mkRequantEquivalence.$add$/workspace/scratch/839f8f1063a0/requant_equivalence/mkRequantEquivalence.v:3591$1422 ($add).
Removed top 1 bits (of 9) from mux cell mkRequantEquivalence.$ternary$/workspace/scratch/839f8f1063a0/requant_equivalence/mkRequantEquivalence.v:3588$1423 ($mux).
Removed top 5 bits (of 48) from port A of cell mkRequantEquivalence.$gt$/workspace/scratch/839f8f1063a0/requant_equivalence/mkRequantEquivalence.v:3594$1424 ($gt).
Removed top 5 bits (of 48) from port B of cell mkRequantEquivalence.$gt$/workspace/scratch/839f8f1063a0/requant_equivalence/mkRequantEquivalence.v:3594$1424 ($gt).
Removed top 8 bits (of 9) from port B of cell mkRequantEquivalence.$add$/workspace/scratch/839f8f1063a0/requant_equivalence/mkRequantEquivalence.v:3596$1428 ($add).
Removed top 1 bits (of 9) from mux cell mkRequantEquivalence.$ternary$/workspace/scratch/839f8f1063a0/requant_equivalence/mkRequantEquivalence.v:3594$1429 ($mux).
Removed top 21 bits (of 64) from port A of cell mkRequantEquivalence.$gt$/workspace/scratch/839f8f1063a0/requant_equivalence/mkRequantEquivalence.v:3599$1430 ($gt).
Removed top 21 bits (of 64) from port B of cell mkRequantEquivalence.$gt$/workspace/scratch/839f8f1063a0/requant_equivalence/mkRequantEquivalence.v:3599$1430 ($gt).
Removed top 8 bits (of 9) from port B of cell mkRequantEquivalence.$add$/workspace/scratch/839f8f1063a0/requant_equivalence/mkRequantEquivalence.v:3602$1434 ($add).
Removed top 1 bits (of 9) from mux cell mkRequantEquivalence.$ternary$/workspace/scratch/839f8f1063a0/requant_equivalence/mkRequantEquivalence.v:3599$1435 ($mux).
Removed top 4 bits (of 48) from port A of cell mkRequantEquivalence.$gt$/workspace/scratch/839f8f1063a0/requant_equivalence/mkRequantEquivalence.v:3605$1436 ($gt).
Removed top 4 bits (of 48) from port B of cell mkRequantEquivalence.$gt$/workspace/scratch/839f8f1063a0/requant_equivalence/mkRequantEquivalence.v:3605$1436 ($gt).
Removed top 8 bits (of 9) from port B of cell mkRequantEquivalence.$add$/workspace/scratch/839f8f1063a0/requant_equivalence/mkRequantEquivalence.v:3607$1440 ($add).
Removed top 1 bits (of 9) from mux cell mkRequantEquivalence.$ternary$/workspace/scratch/839f8f1063a0/requant_equivalence/mkRequantEquivalence.v:3605$1441 ($mux).
Removed top 20 bits (of 64) from port A of cell mkRequantEquivalence.$gt$/workspace/scratch/839f8f1063a0/requant_equivalence/mkRequantEquivalence.v:3610$1442 ($gt).
Removed top 20 bits (of 64) from port B of cell mkRequantEquivalence.$gt$/workspace/scratch/839f8f1063a0/requant_equivalence/mkRequantEquivalence.v:3610$1442 ($gt).
Removed top 8 bits (of 9) from port B of cell mkRequantEquivalence.$add$/workspace/scratch/839f8f1063a0/requant_equivalence/mkRequantEquivalence.v:3613$1446 ($add).
Removed top 1 bits (of 9) from mux cell mkRequantEquivalence.$ternary$/workspace/scratch/839f8f1063a0/requant_equivalence/mkRequantEquivalence.v:3610$1447 ($mux).
Removed top 3 bits (of 48) from port A of cell mkRequantEquivalence.$gt$/workspace/scratch/839f8f1063a0/requant_equivalence/mkRequantEquivalence.v:3616$1448 ($gt).
Removed top 3 bits (of 48) from port B of cell mkRequantEquivalence.$gt$/workspace/scratch/839f8f1063a0/requant_equivalence/mkRequantEquivalence.v:3616$1448 ($gt).
Removed top 8 bits (of 9) from port B of cell mkRequantEquivalence.$add$/workspace/scratch/839f8f1063a0/requant_equivalence/mkRequantEquivalence.v:3618$1452 ($add).
Removed top 1 bits (of 9) from mux cell mkRequantEquivalence.$ternary$/workspace/scratch/839f8f1063a0/requant_equivalence/mkRequantEquivalence.v:3616$1453 ($mux).
Removed top 19 bits (of 64) from port A of cell mkRequantEquivalence.$gt$/workspace/scratch/839f8f1063a0/requant_equivalence/mkRequantEquivalence.v:3621$1454 ($gt).
Removed top 19 bits (of 64) from port B of cell mkRequantEquivalence.$gt$/workspace/scratch/839f8f1063a0/requant_equivalence/mkRequantEquivalence.v:3621$1454 ($gt).
Removed top 8 bits (of 9) from port B of cell mkRequantEquivalence.$add$/workspace/scratch/839f8f1063a0/requant_equivalence/mkRequantEquivalence.v:3624$1458 ($add).
Removed top 1 bits (of 9) from mux cell mkRequantEquivalence.$ternary$/workspace/scratch/839f8f1063a0/requant_equivalence/mkRequantEquivalence.v:3621$1459 ($mux).
Removed top 2 bits (of 48) from port A of cell mkRequantEquivalence.$gt$/workspace/scratch/839f8f1063a0/requant_equivalence/mkRequantEquivalence.v:3627$1460 ($gt).
Removed top 2 bits (of 48) from port B of cell mkRequantEquivalence.$gt$/workspace/scratch/839f8f1063a0/requant_equivalence/mkRequantEquivalence.v:3627$1460 ($gt).
Removed top 8 bits (of 9) from port B of cell mkRequantEquivalence.$add$/workspace/scratch/839f8f1063a0/requant_equivalence/mkRequantEquivalence.v:3629$1464 ($add).
Removed top 1 bits (of 9) from mux cell mkRequantEquivalence.$ternary$/workspace/scratch/839f8f1063a0/requant_equivalence/mkRequantEquivalence.v:3627$1465 ($mux).
Removed top 18 bits (of 64) from port A of cell mkRequantEquivalence.$gt$/workspace/scratch/839f8f1063a0/requant_equivalence/mkRequantEquivalence.v:3632$1466 ($gt).
Removed top 18 bits (of 64) from port B of cell mkRequantEquivalence.$gt$/workspace/scratch/839f8f1063a0/requant_equivalence/mkRequantEquivalence.v:3632$1466 ($gt).
Removed top 8 bits (of 9) from port B of cell mkRequantEquivalence.$add$/workspace/scratch/839f8f1063a0/requant_equivalence/mkRequantEquivalence.v:3635$1470 ($add).
Removed top 1 bits (of 9) from mux cell mkRequantEquivalence.$ternary$/workspace/scratch/839f8f1063a0/requant_equivalence/mkRequantEquivalence.v:3632$1471 ($mux).
Removed top 1 bits (of 48) from port A of cell mkRequantEquivalence.$gt$/workspace/scratch/839f8f1063a0/requant_equivalence/mkRequantEquivalence.v:3638$1472 ($gt).
Removed top 1 bits (of 48) from port B of cell mkRequantEquivalence.$gt$/workspace/scratch/839f8f1063a0/requant_equivalence/mkRequantEquivalence.v:3638$1472 ($gt).
Removed top 8 bits (of 9) from port B of cell mkRequantEquivalence.$add$/workspace/scratch/839f8f1063a0/requant_equivalence/mkRequantEquivalence.v:3640$1476 ($add).
Removed top 1 bits (of 9) from mux cell mkRequantEquivalence.$ternary$/workspace/scratch/839f8f1063a0/requant_equivalence/mkRequantEquivalence.v:3638$1477 ($mux).
Removed top 17 bits (of 64) from port A of cell mkRequantEquivalence.$gt$/workspace/scratch/839f8f1063a0/requant_equivalence/mkRequantEquivalence.v:3643$1478 ($gt).
Removed top 17 bits (of 64) from port B of cell mkRequantEquivalence.$gt$/workspace/scratch/839f8f1063a0/requant_equivalence/mkRequantEquivalence.v:3643$1478 ($gt).
Removed top 8 bits (of 9) from port B of cell mkRequantEquivalence.$add$/workspace/scratch/839f8f1063a0/requant_equivalence/mkRequantEquivalence.v:3646$1482 ($add).
Removed top 1 bits (of 9) from mux cell mkRequantEquivalence.$ternary$/workspace/scratch/839f8f1063a0/requant_equivalence/mkRequantEquivalence.v:3643$1483 ($mux).
Removed top 16 bits (of 64) from port A of cell mkRequantEquivalence.$gt$/workspace/scratch/839f8f1063a0/requant_equivalence/mkRequantEquivalence.v:3649$1484 ($gt).
Removed top 16 bits (of 64) from port B of cell mkRequantEquivalence.$gt$/workspace/scratch/839f8f1063a0/requant_equivalence/mkRequantEquivalence.v:3649$1484 ($gt).
Removed top 8 bits (of 9) from port B of cell mkRequantEquivalence.$add$/workspace/scratch/839f8f1063a0/requant_equivalence/mkRequantEquivalence.v:3652$1488 ($add).
Removed top 1 bits (of 9) from mux cell mkRequantEquivalence.$ternary$/workspace/scratch/839f8f1063a0/requant_equivalence/mkRequantEquivalence.v:3649$1489 ($mux).
Removed top 15 bits (of 64) from port A of cell mkRequantEquivalence.$gt$/workspace/scratch/839f8f1063a0/requant_equivalence/mkRequantEquivalence.v:3655$1490 ($gt).
Removed top 15 bits (of 64) from port B of cell mkRequantEquivalence.$gt$/workspace/scratch/839f8f1063a0/requant_equivalence/mkRequantEquivalence.v:3655$1490 ($gt).
Removed top 8 bits (of 9) from port B of cell mkRequantEquivalence.$add$/workspace/scratch/839f8f1063a0/requant_equivalence/mkRequantEquivalence.v:3658$1494 ($add).
Removed top 1 bits (of 9) from mux cell mkRequantEquivalence.$ternary$/workspace/scratch/839f8f1063a0/requant_equivalence/mkRequantEquivalence.v:3655$1495 ($mux).
Removed top 14 bits (of 64) from port A of cell mkRequantEquivalence.$gt$/workspace/scratch/839f8f1063a0/requant_equivalence/mkRequantEquivalence.v:3661$1496 ($gt).
Removed top 14 bits (of 64) from port B of cell mkRequantEquivalence.$gt$/workspace/scratch/839f8f1063a0/requant_equivalence/mkRequantEquivalence.v:3661$1496 ($gt).
Removed top 8 bits (of 9) from port B of cell mkRequantEquivalence.$add$/workspace/scratch/839f8f1063a0/requant_equivalence/mkRequantEquivalence.v:3664$1500 ($add).
Removed top 1 bits (of 9) from mux cell mkRequantEquivalence.$ternary$/workspace/scratch/839f8f1063a0/requant_equivalence/mkRequantEquivalence.v:3661$1501 ($mux).
Removed top 59 bits (of 64) from port A of cell mkRequantEquivalence.$gt$/workspace/scratch/839f8f1063a0/requant_equivalence/mkRequantEquivalence.v:3667$1502 ($gt).
Removed top 59 bits (of 64) from port B of cell mkRequantEquivalence.$gt$/workspace/scratch/839f8f1063a0/requant_equivalence/mkRequantEquivalence.v:3667$1502 ($gt).
Removed top 8 bits (of 9) from port B of cell mkRequantEquivalence.$add$/workspace/scratch/839f8f1063a0/requant_equivalence/mkRequantEquivalence.v:3670$1506 ($add).
Removed top 1 bits (of 9) from mux cell mkRequantEquivalence.$ternary$/workspace/scratch/839f8f1063a0/requant_equivalence/mkRequantEquivalence.v:3667$1507 ($mux).
Removed top 43 bits (of 48) from port A of cell mkRequantEquivalence.$gt$/workspace/scratch/839f8f1063a0/requant_equivalence/mkRequantEquivalence.v:3673$1508 ($gt).
Removed top 43 bits (of 48) from port B of cell mkRequantEquivalence.$gt$/workspace/scratch/839f8f1063a0/requant_equivalence/mkRequantEquivalence.v:3673$1508 ($gt).
Removed top 1 bits (of 9) from mux cell mkRequantEquivalence.$ternary$/workspace/scratch/839f8f1063a0/requant_equivalence/mkRequantEquivalence.v:3673$1513 ($mux).
Removed top 30 bits (of 35) from port A of cell mkRequantEquivalence.$gt$/workspace/scratch/839f8f1063a0/requant_equivalence/mkRequantEquivalence.v:3678$1514 ($gt).
Removed top 30 bits (of 35) from port B of cell mkRequantEquivalence.$gt$/workspace/scratch/839f8f1063a0/requant_equivalence/mkRequantEquivalence.v:3678$1514 ($gt).
Removed top 1 bits (of 9) from mux cell mkRequantEquivalence.$ternary$/workspace/scratch/839f8f1063a0/requant_equivalence/mkRequantEquivalence.v:3678$1519 ($mux).
Removed top 27 bits (of 32) from port A of cell mkRequantEquivalence.$gt$/workspace/scratch/839f8f1063a0/requant_equivalence/mkRequantEquivalence.v:3683$1520 ($gt).
Removed top 27 bits (of 32) from port B of cell mkRequantEquivalence.$gt$/workspace/scratch/839f8f1063a0/requant_equivalence/mkRequantEquivalence.v:3683$1520 ($gt).
Removed top 1 bits (of 9) from mux cell mkRequantEquivalence.$ternary$/workspace/scratch/839f8f1063a0/requant_equivalence/mkRequantEquivalence.v:3683$1525 ($mux).
Removed top 21 bits (of 26) from port A of cell mkRequantEquivalence.$gt$/workspace/scratch/839f8f1063a0/requant_equivalence/mkRequantEquivalence.v:3688$1526 ($gt).
Removed top 21 bits (of 26) from port B of cell mkRequantEquivalence.$gt$/workspace/scratch/839f8f1063a0/requant_equivalence/mkRequantEquivalence.v:3688$1526 ($gt).
Removed top 1 bits (of 9) from mux cell mkRequantEquivalence.$ternary$/workspace/scratch/839f8f1063a0/requant_equivalence/mkRequantEquivalence.v:3688$1531 ($mux).
Removed top 19 bits (of 24) from port A of cell mkRequantEquivalence.$gt$/workspace/scratch/839f8f1063a0/requant_equivalence/mkRequantEquivalence.v:3693$1532 ($gt).
Removed top 19 bits (of 24) from port B of cell mkRequantEquivalence.$gt$/workspace/scratch/839f8f1063a0/requant_equivalence/mkRequantEquivalence.v:3693$1532 ($gt).
Removed top 1 bits (of 9) from mux cell mkRequantEquivalence.$ternary$/workspace/scratch/839f8f1063a0/requant_equivalence/mkRequantEquivalence.v:3693$1537 ($mux).
Removed top 13 bits (of 18) from port A of cell mkRequantEquivalence.$gt$/workspace/scratch/839f8f1063a0/requant_equivalence/mkRequantEquivalence.v:3698$1538 ($gt).
Removed top 13 bits (of 18) from port B of cell mkRequantEquivalence.$gt$/workspace/scratch/839f8f1063a0/requant_equivalence/mkRequantEquivalence.v:3698$1538 ($gt).
Removed top 1 bits (of 9) from mux cell mkRequantEquivalence.$ternary$/workspace/scratch/839f8f1063a0/requant_equivalence/mkRequantEquivalence.v:3698$1543 ($mux).
Removed top 11 bits (of 16) from port A of cell mkRequantEquivalence.$gt$/workspace/scratch/839f8f1063a0/requant_equivalence/mkRequantEquivalence.v:3703$1544 ($gt).
Removed top 11 bits (of 16) from port B of cell mkRequantEquivalence.$gt$/workspace/scratch/839f8f1063a0/requant_equivalence/mkRequantEquivalence.v:3703$1544 ($gt).
Removed top 1 bits (of 9) from mux cell mkRequantEquivalence.$ternary$/workspace/scratch/839f8f1063a0/requant_equivalence/mkRequantEquivalence.v:3703$1549 ($mux).
Removed top 5 bits (of 10) from port A of cell mkRequantEquivalence.$gt$/workspace/scratch/839f8f1063a0/requant_equivalence/mkRequantEquivalence.v:3708$1550 ($gt).
Removed top 5 bits (of 10) from port B of cell mkRequantEquivalence.$gt$/workspace/scratch/839f8f1063a0/requant_equivalence/mkRequantEquivalence.v:3708$1550 ($gt).
Removed top 8 bits (of 9) from port B of cell mkRequantEquivalence.$add$/workspace/scratch/839f8f1063a0/requant_equivalence/mkRequantEquivalence.v:3710$1554 ($add).
Removed top 1 bits (of 9) from mux cell mkRequantEquivalence.$ternary$/workspace/scratch/839f8f1063a0/requant_equivalence/mkRequantEquivalence.v:3708$1555 ($mux).
Removed top 4 bits (of 9) from port A of cell mkRequantEquivalence.$gt$/workspace/scratch/839f8f1063a0/requant_equivalence/mkRequantEquivalence.v:3713$1556 ($gt).
Removed top 4 bits (of 9) from port B of cell mkRequantEquivalence.$gt$/workspace/scratch/839f8f1063a0/requant_equivalence/mkRequantEquivalence.v:3713$1556 ($gt).
Removed top 8 bits (of 9) from port B of cell mkRequantEquivalence.$add$/workspace/scratch/839f8f1063a0/requant_equivalence/mkRequantEquivalence.v:3715$1560 ($add).
Removed top 1 bits (of 9) from mux cell mkRequantEquivalence.$ternary$/workspace/scratch/839f8f1063a0/requant_equivalence/mkRequantEquivalence.v:3713$1561 ($mux).
Removed top 13 bits (of 64) from port A of cell mkRequantEquivalence.$gt$/workspace/scratch/839f8f1063a0/requant_equivalence/mkRequantEquivalence.v:3718$1562 ($gt).
Removed top 13 bits (of 64) from port B of cell mkRequantEquivalence.$gt$/workspace/scratch/839f8f1063a0/requant_equivalence/mkRequantEquivalence.v:3718$1562 ($gt).
Removed top 8 bits (of 9) from port B of cell mkRequantEquivalence.$add$/workspace/scratch/839f8f1063a0/requant_equivalence/mkRequantEquivalence.v:3721$1566 ($add).
Removed top 1 bits (of 9) from mux cell mkRequantEquivalence.$ternary$/workspace/scratch/839f8f1063a0/requant_equivalence/mkRequantEquivalence.v:3718$1567 ($mux).
Removed top 12 bits (of 64) from port A of cell mkRequantEquivalence.$gt$/workspace/scratch/839f8f1063a0/requant_equivalence/mkRequantEquivalence.v:3724$1568 ($gt).
Removed top 12 bits (of 64) from port B of cell mkRequantEquivalence.$gt$/workspace/scratch/839f8f1063a0/requant_equivalence/mkRequantEquivalence.v:3724$1568 ($gt).
Removed top 8 bits (of 9) from port B of cell mkRequantEquivalence.$add$/workspace/scratch/839f8f1063a0/requant_equivalence/mkRequantEquivalence.v:3727$1572 ($add).
Removed top 1 bits (of 9) from mux cell mkRequantEquivalence.$ternary$/workspace/scratch/839f8f1063a0/requant_equivalence/mkRequantEquivalence.v:3724$1573 ($mux).
Removed top 11 bits (of 64) from port A of cell mkRequantEquivalence.$gt$/workspace/scratch/839f8f1063a0/requant_equivalence/mkRequantEquivalence.v:3730$1574 ($gt).
Removed top 11 bits (of 64) from port B of cell mkRequantEquivalence.$gt$/workspace/scratch/839f8f1063a0/requant_equivalence/mkRequantEquivalence.v:3730$1574 ($gt).
Removed top 8 bits (of 9) from port B of cell mkRequantEquivalence.$add$/workspace/scratch/839f8f1063a0/requant_equivalence/mkRequantEquivalence.v:3733$1578 ($add).
Removed top 1 bits (of 9) from mux cell mkRequantEquivalence.$ternary$/workspace/scratch/839f8f1063a0/requant_equivalence/mkRequantEquivalence.v:3730$1579 ($mux).
Removed top 10 bits (of 64) from port A of cell mkRequantEquivalence.$gt$/workspace/scratch/839f8f1063a0/requant_equivalence/mkRequantEquivalence.v:3736$1580 ($gt).
Removed top 10 bits (of 64) from port B of cell mkRequantEquivalence.$gt$/workspace/scratch/839f8f1063a0/requant_equivalence/mkRequantEquivalence.v:3736$1580 ($gt).
Removed top 8 bits (of 9) from port B of cell mkRequantEquivalence.$add$/workspace/scratch/839f8f1063a0/requant_equivalence/mkRequantEquivalence.v:3739$1584 ($add).
Removed top 1 bits (of 9) from mux cell mkRequantEquivalence.$ternary$/workspace/scratch/839f8f1063a0/requant_equivalence/mkRequantEquivalence.v:3736$1585 ($mux).
Removed top 9 bits (of 64) from port A of cell mkRequantEquivalence.$gt$/workspace/scratch/839f8f1063a0/requant_equivalence/mkRequantEquivalence.v:3742$1586 ($gt).
Removed top 9 bits (of 64) from port B of cell mkRequantEquivalence.$gt$/workspace/scratch/839f8f1063a0/requant_equivalence/mkRequantEquivalence.v:3742$1586 ($gt).
Removed top 8 bits (of 9) from port B of cell mkRequantEquivalence.$add$/workspace/scratch/839f8f1063a0/requant_equivalence/mkRequantEquivalence.v:3745$1590 ($add).
Removed top 1 bits (of 9) from mux cell mkRequantEquivalence.$ternary$/workspace/scratch/839f8f1063a0/requant_equivalence/mkRequantEquivalence.v:3742$1591 ($mux).
Removed top 8 bits (of 64) from port A of cell mkRequantEquivalence.$gt$/workspace/scratch/839f8f1063a0/requant_equivalence/mkRequantEquivalence.v:3748$1592 ($gt).
Removed top 8 bits (of 64) from port B of cell mkRequantEquivalence.$gt$/workspace/scratch/839f8f1063a0/requant_equivalence/mkRequantEquivalence.v:3748$1592 ($gt).
Removed top 8 bits (of 9) from port B of cell mkRequantEquivalence.$add$/workspace/scratch/839f8f1063a0/requant_equivalence/mkRequantEquivalence.v:3751$1596 ($add).
Removed top 1 bits (of 9) from mux cell mkRequantEquivalence.$ternary$/workspace/scratch/839f8f1063a0/requant_equivalence/mkRequantEquivalence.v:3748$1597 ($mux).
Removed top 7 bits (of 64) from port A of cell mkRequantEquivalence.$gt$/workspace/scratch/839f8f1063a0/requant_equivalence/mkRequantEquivalence.v:3754$1598 ($gt).
Removed top 7 bits (of 64) from port B of cell mkRequantEquivalence.$gt$/workspace/scratch/839f8f1063a0/requant_equivalence/mkRequantEquivalence.v:3754$1598 ($gt).
Removed top 8 bits (of 9) from port B of cell mkRequantEquivalence.$add$/workspace/scratch/839f8f1063a0/requant_equivalence/mkRequantEquivalence.v:3757$1602 ($add).
Removed top 1 bits (of 9) from mux cell mkRequantEquivalence.$ternary$/workspace/scratch/839f8f1063a0/requant_equivalence/mkRequantEquivalence.v:3754$1603 ($mux).
Removed top 6 bits (of 64) from port A of cell mkRequantEquivalence.$gt$/workspace/scratch/839f8f1063a0/requant_equivalence/mkRequantEquivalence.v:3760$1604 ($gt).
Removed top 6 bits (of 64) from port B of cell mkRequantEquivalence.$gt$/workspace/scratch/839f8f1063a0/requant_equivalence/mkRequantEquivalence.v:3760$1604 ($gt).
Removed top 8 bits (of 9) from port B of cell mkRequantEquivalence.$add$/workspace/scratch/839f8f1063a0/requant_equivalence/mkRequantEquivalence.v:3763$1608 ($add).
Removed top 1 bits (of 9) from mux cell mkRequantEquivalence.$ternary$/workspace/scratch/839f8f1063a0/requant_equivalence/mkRequantEquivalence.v:3760$1609 ($mux).
Removed top 5 bits (of 64) from port A of cell mkRequantEquivalence.$gt$/workspace/scratch/839f8f1063a0/requant_equivalence/mkRequantEquivalence.v:3766$1610 ($gt).
Removed top 5 bits (of 64) from port B of cell mkRequantEquivalence.$gt$/workspace/scratch/839f8f1063a0/requant_equivalence/mkRequantEquivalence.v:3766$1610 ($gt).
Removed top 8 bits (of 9) from port B of cell mkRequantEquivalence.$add$/workspace/scratch/839f8f1063a0/requant_equivalence/mkRequantEquivalence.v:3769$1614 ($add).
Removed top 1 bits (of 9) from mux cell mkRequantEquivalence.$ternary$/workspace/scratch/839f8f1063a0/requant_equivalence/mkRequantEquivalence.v:3766$1615 ($mux).
Removed top 4 bits (of 64) from port A of cell mkRequantEquivalence.$gt$/workspace/scratch/839f8f1063a0/requant_equivalence/mkRequantEquivalence.v:3772$1616 ($gt).
Removed top 4 bits (of 64) from port B of cell mkRequantEquivalence.$gt$/workspace/scratch/839f8f1063a0/requant_equivalence/mkRequantEquivalence.v:3772$1616 ($gt).
Removed top 8 bits (of 9) from port B of cell mkRequantEquivalence.$add$/workspace/scratch/839f8f1063a0/requant_equivalence/mkRequantEquivalence.v:3775$1620 ($add).
Removed top 1 bits (of 9) from mux cell mkRequantEquivalence.$ternary$/workspace/scratch/839f8f1063a0/requant_equivalence/mkRequantEquivalence.v:3772$1621 ($mux).
Removed top 58 bits (of 64) from port A of cell mkRequantEquivalence.$gt$/workspace/scratch/839f8f1063a0/requant_equivalence/mkRequantEquivalence.v:3778$1622 ($gt).
Removed top 58 bits (of 64) from port B of cell mkRequantEquivalence.$gt$/workspace/scratch/839f8f1063a0/requant_equivalence/mkRequantEquivalence.v:3778$1622 ($gt).
Removed top 8 bits (of 9) from port B of cell mkRequantEquivalence.$add$/workspace/scratch/839f8f1063a0/requant_equivalence/mkRequantEquivalence.v:3781$1626 ($add).
Removed top 1 bits (of 9) from mux cell mkRequantEquivalence.$ternary$/workspace/scratch/839f8f1063a0/requant_equivalence/mkRequantEquivalence.v:3778$1627 ($mux).
Removed top 42 bits (of 48) from port A of cell mkRequantEquivalence.$gt$/workspace/scratch/839f8f1063a0/requant_equivalence/mkRequantEquivalence.v:3784$1628 ($gt).
Removed top 42 bits (of 48) from port B of cell mkRequantEquivalence.$gt$/workspace/scratch/839f8f1063a0/requant_equivalence/mkRequantEquivalence.v:3784$1628 ($gt).
Removed top 1 bits (of 9) from mux cell mkRequantEquivalence.$ternary$/workspace/scratch/839f8f1063a0/requant_equivalence/mkRequantEquivalence.v:3784$1633 ($mux).
Removed top 29 bits (of 35) from port A of cell mkRequantEquivalence.$gt$/workspace/scratch/839f8f1063a0/requant_equivalence/mkRequantEquivalence.v:3789$1634 ($gt).
Removed top 29 bits (of 35) from port B of cell mkRequantEquivalence.$gt$/workspace/scratch/839f8f1063a0/requant_equivalence/mkRequantEquivalence.v:3789$1634 ($gt).
Removed top 1 bits (of 9) from mux cell mkRequantEquivalence.$ternary$/workspace/scratch/839f8f1063a0/requant_equivalence/mkRequantEquivalence.v:3789$1639 ($mux).
Removed top 26 bits (of 32) from port A of cell mkRequantEquivalence.$gt$/workspace/scratch/839f8f1063a0/requant_equivalence/mkRequantEquivalence.v:3794$1640 ($gt).
Removed top 26 bits (of 32) from port B of cell mkRequantEquivalence.$gt$/workspace/scratch/839f8f1063a0/requant_equivalence/mkRequantEquivalence.v:3794$1640 ($gt).
Removed top 1 bits (of 9) from mux cell mkRequantEquivalence.$ternary$/workspace/scratch/839f8f1063a0/requant_equivalence/mkRequantEquivalence.v:3794$1645 ($mux).
Removed top 20 bits (of 26) from port A of cell mkRequantEquivalence.$gt$/workspace/scratch/839f8f1063a0/requant_equivalence/mkRequantEquivalence.v:3799$1646 ($gt).
Removed top 20 bits (of 26) from port B of cell mkRequantEquivalence.$gt$/workspace/scratch/839f8f1063a0/requant_equivalence/mkRequantEquivalence.v:3799$1646 ($gt).
Removed top 1 bits (of 9) from mux cell mkRequantEquivalence.$ternary$/workspace/scratch/839f8f1063a0/requant_equivalence/mkRequantEquivalence.v:3799$1651 ($mux).
Removed top 18 bits (of 24) from port A of cell mkRequantEquivalence.$gt$/workspace/scratch/839f8f1063a0/requant_equivalence/mkRequantEquivalence.v:3804$1652 ($gt).
Removed top 18 bits (of 24) from port B of cell mkRequantEquivalence.$gt$/workspace/scratch/839f8f1063a0/requant_equivalence/mkRequantEquivalence.v:3804$1652 ($gt).
Removed top 1 bits (of 9) from mux cell mkRequantEquivalence.$ternary$/workspace/scratch/839f8f1063a0/requant_equivalence/mkRequantEquivalence.v:3804$1657 ($mux).
Removed top 12 bits (of 18) from port A of cell mkRequantEquivalence.$gt$/workspace/scratch/839f8f1063a0/requant_equivalence/mkRequantEquivalence.v:3809$1658 ($gt).
Removed top 12 bits (of 18) from port B of cell mkRequantEquivalence.$gt$/workspace/scratch/839f8f1063a0/requant_equivalence/mkRequantEquivalence.v:3809$1658 ($gt).
Removed top 1 bits (of 9) from mux cell mkRequantEquivalence.$ternary$/workspace/scratch/839f8f1063a0/requant_equivalence/mkRequantEquivalence.v:3809$1663 ($mux).
Removed top 10 bits (of 16) from port A of cell mkRequantEquivalence.$gt$/workspace/scratch/839f8f1063a0/requant_equivalence/mkRequantEquivalence.v:3814$1664 ($gt).
Removed top 10 bits (of 16) from port B of cell mkRequantEquivalence.$gt$/workspace/scratch/839f8f1063a0/requant_equivalence/mkRequantEquivalence.v:3814$1664 ($gt).
Removed top 1 bits (of 9) from mux cell mkRequantEquivalence.$ternary$/workspace/scratch/839f8f1063a0/requant_equivalence/mkRequantEquivalence.v:3814$1669 ($mux).
Removed top 4 bits (of 10) from port A of cell mkRequantEquivalence.$gt$/workspace/scratch/839f8f1063a0/requant_equivalence/mkRequantEquivalence.v:3819$1670 ($gt).
Removed top 4 bits (of 10) from port B of cell mkRequantEquivalence.$gt$/workspace/scratch/839f8f1063a0/requant_equivalence/mkRequantEquivalence.v:3819$1670 ($gt).
Removed top 8 bits (of 9) from port B of cell mkRequantEquivalence.$add$/workspace/scratch/839f8f1063a0/requant_equivalence/mkRequantEquivalence.v:3821$1674 ($add).
Removed top 1 bits (of 9) from mux cell mkRequantEquivalence.$ternary$/workspace/scratch/839f8f1063a0/requant_equivalence/mkRequantEquivalence.v:3819$1675 ($mux).
Removed top 3 bits (of 9) from port A of cell mkRequantEquivalence.$gt$/workspace/scratch/839f8f1063a0/requant_equivalence/mkRequantEquivalence.v:3824$1676 ($gt).
Removed top 3 bits (of 9) from port B of cell mkRequantEquivalence.$gt$/workspace/scratch/839f8f1063a0/requant_equivalence/mkRequantEquivalence.v:3824$1676 ($gt).
Removed top 8 bits (of 9) from port B of cell mkRequantEquivalence.$add$/workspace/scratch/839f8f1063a0/requant_equivalence/mkRequantEquivalence.v:3826$1680 ($add).
Removed top 1 bits (of 9) from mux cell mkRequantEquivalence.$ternary$/workspace/scratch/839f8f1063a0/requant_equivalence/mkRequantEquivalence.v:3824$1681 ($mux).
Removed top 3 bits (of 64) from port A of cell mkRequantEquivalence.$gt$/workspace/scratch/839f8f1063a0/requant_equivalence/mkRequantEquivalence.v:3829$1682 ($gt).
Removed top 3 bits (of 64) from port B of cell mkRequantEquivalence.$gt$/workspace/scratch/839f8f1063a0/requant_equivalence/mkRequantEquivalence.v:3829$1682 ($gt).
Removed top 8 bits (of 9) from port B of cell mkRequantEquivalence.$add$/workspace/scratch/839f8f1063a0/requant_equivalence/mkRequantEquivalence.v:3832$1686 ($add).
Removed top 1 bits (of 9) from mux cell mkRequantEquivalence.$ternary$/workspace/scratch/839f8f1063a0/requant_equivalence/mkRequantEquivalence.v:3829$1687 ($mux).
Removed top 2 bits (of 64) from port A of cell mkRequantEquivalence.$gt$/workspace/scratch/839f8f1063a0/requant_equivalence/mkRequantEquivalence.v:3835$1688 ($gt).
Removed top 2 bits (of 64) from port B of cell mkRequantEquivalence.$gt$/workspace/scratch/839f8f1063a0/requant_equivalence/mkRequantEquivalence.v:3835$1688 ($gt).
Removed top 8 bits (of 9) from port B of cell mkRequantEquivalence.$add$/workspace/scratch/839f8f1063a0/requant_equivalence/mkRequantEquivalence.v:3838$1692 ($add).
Removed top 1 bits (of 9) from mux cell mkRequantEquivalence.$ternary$/workspace/scratch/839f8f1063a0/requant_equivalence/mkRequantEquivalence.v:3835$1693 ($mux).
Removed top 1 bits (of 64) from port A of cell mkRequantEquivalence.$gt$/workspace/scratch/839f8f1063a0/requant_equivalence/mkRequantEquivalence.v:3841$1694 ($gt).
Removed top 1 bits (of 64) from port B of cell mkRequantEquivalence.$gt$/workspace/scratch/839f8f1063a0/requant_equivalence/mkRequantEquivalence.v:3841$1694 ($gt).
Removed top 8 bits (of 9) from port B of cell mkRequantEquivalence.$add$/workspace/scratch/839f8f1063a0/requant_equivalence/mkRequantEquivalence.v:3844$1698 ($add).
Removed top 1 bits (of 9) from mux cell mkRequantEquivalence.$ternary$/workspace/scratch/839f8f1063a0/requant_equivalence/mkRequantEquivalence.v:3841$1699 ($mux).
Removed top 57 bits (of 64) from port A of cell mkRequantEquivalence.$gt$/workspace/scratch/839f8f1063a0/requant_equivalence/mkRequantEquivalence.v:3847$1700 ($gt).
Removed top 57 bits (of 64) from port B of cell mkRequantEquivalence.$gt$/workspace/scratch/839f8f1063a0/requant_equivalence/mkRequantEquivalence.v:3847$1700 ($gt).
Removed top 8 bits (of 9) from port B of cell mkRequantEquivalence.$add$/workspace/scratch/839f8f1063a0/requant_equivalence/mkRequantEquivalence.v:3850$1704 ($add).
Removed top 1 bits (of 9) from mux cell mkRequantEquivalence.$ternary$/workspace/scratch/839f8f1063a0/requant_equivalence/mkRequantEquivalence.v:3847$1705 ($mux).
Removed top 41 bits (of 48) from port A of cell mkRequantEquivalence.$gt$/workspace/scratch/839f8f1063a0/requant_equivalence/mkRequantEquivalence.v:3853$1706 ($gt).
Removed top 41 bits (of 48) from port B of cell mkRequantEquivalence.$gt$/workspace/scratch/839f8f1063a0/requant_equivalence/mkRequantEquivalence.v:3853$1706 ($gt).
Removed top 1 bits (of 9) from mux cell mkRequantEquivalence.$ternary$/workspace/scratch/839f8f1063a0/requant_equivalence/mkRequantEquivalence.v:3853$1711 ($mux).
Removed top 28 bits (of 35) from port A of cell mkRequantEquivalence.$gt$/workspace/scratch/839f8f1063a0/requant_equivalence/mkRequantEquivalence.v:3858$1712 ($gt).
Removed top 28 bits (of 35) from port B of cell mkRequantEquivalence.$gt$/workspace/scratch/839f8f1063a0/requant_equivalence/mkRequantEquivalence.v:3858$1712 ($gt).
Removed top 1 bits (of 9) from mux cell mkRequantEquivalence.$ternary$/workspace/scratch/839f8f1063a0/requant_equivalence/mkRequantEquivalence.v:3858$1717 ($mux).
Removed top 25 bits (of 32) from port A of cell mkRequantEquivalence.$gt$/workspace/scratch/839f8f1063a0/requant_equivalence/mkRequantEquivalence.v:3863$1718 ($gt).
Removed top 25 bits (of 32) from port B of cell mkRequantEquivalence.$gt$/workspace/scratch/839f8f1063a0/requant_equivalence/mkRequantEquivalence.v:3863$1718 ($gt).
Removed top 1 bits (of 9) from mux cell mkRequantEquivalence.$ternary$/workspace/scratch/839f8f1063a0/requant_equivalence/mkRequantEquivalence.v:3863$1723 ($mux).
Removed top 19 bits (of 26) from port A of cell mkRequantEquivalence.$gt$/workspace/scratch/839f8f1063a0/requant_equivalence/mkRequantEquivalence.v:3868$1724 ($gt).
Removed top 19 bits (of 26) from port B of cell mkRequantEquivalence.$gt$/workspace/scratch/839f8f1063a0/requant_equivalence/mkRequantEquivalence.v:3868$1724 ($gt).
Removed top 1 bits (of 9) from mux cell mkRequantEquivalence.$ternary$/workspace/scratch/839f8f1063a0/requant_equivalence/mkRequantEquivalence.v:3868$1729 ($mux).
Removed top 17 bits (of 24) from port A of cell mkRequantEquivalence.$gt$/workspace/scratch/839f8f1063a0/requant_equivalence/mkRequantEquivalence.v:3873$1730 ($gt).
Removed top 17 bits (of 24) from port B of cell mkRequantEquivalence.$gt$/workspace/scratch/839f8f1063a0/requant_equivalence/mkRequantEquivalence.v:3873$1730 ($gt).
Removed top 1 bits (of 9) from mux cell mkRequantEquivalence.$ternary$/workspace/scratch/839f8f1063a0/requant_equivalence/mkRequantEquivalence.v:3873$1735 ($mux).
Removed top 11 bits (of 18) from port A of cell mkRequantEquivalence.$gt$/workspace/scratch/839f8f1063a0/requant_equivalence/mkRequantEquivalence.v:3878$1736 ($gt).
Removed top 11 bits (of 18) from port B of cell mkRequantEquivalence.$gt$/workspace/scratch/839f8f1063a0/requant_equivalence/mkRequantEquivalence.v:3878$1736 ($gt).
Removed top 1 bits (of 9) from mux cell mkRequantEquivalence.$ternary$/workspace/scratch/839f8f1063a0/requant_equivalence/mkRequantEquivalence.v:3878$1741 ($mux).
Removed top 9 bits (of 16) from port A of cell mkRequantEquivalence.$gt$/workspace/scratch/839f8f1063a0/requant_equivalence/mkRequantEquivalence.v:3883$1742 ($gt).
Removed top 9 bits (of 16) from port B of cell mkRequantEquivalence.$gt$/workspace/scratch/839f8f1063a0/requant_equivalence/mkRequantEquivalence.v:3883$1742 ($gt).
Removed top 1 bits (of 9) from mux cell mkRequantEquivalence.$ternary$/workspace/scratch/839f8f1063a0/requant_equivalence/mkRequantEquivalence.v:3883$1747 ($mux).
Removed top 3 bits (of 10) from port A of cell mkRequantEquivalence.$gt$/workspace/scratch/839f8f1063a0/requant_equivalence/mkRequantEquivalence.v:3888$1748 ($gt).
Removed top 3 bits (of 10) from port B of cell mkRequantEquivalence.$gt$/workspace/scratch/839f8f1063a0/requant_equivalence/mkRequantEquivalence.v:3888$1748 ($gt).
Removed top 8 bits (of 9) from port B of cell mkRequantEquivalence.$add$/workspace/scratch/839f8f1063a0/requant_equivalence/mkRequantEquivalence.v:3890$1752 ($add).
Removed top 1 bits (of 9) from mux cell mkRequantEquivalence.$ternary$/workspace/scratch/839f8f1063a0/requant_equivalence/mkRequantEquivalence.v:3888$1753 ($mux).
Removed top 2 bits (of 9) from port A of cell mkRequantEquivalence.$gt$/workspace/scratch/839f8f1063a0/requant_equivalence/mkRequantEquivalence.v:3893$1754 ($gt).
Removed top 2 bits (of 9) from port B of cell mkRequantEquivalence.$gt$/workspace/scratch/839f8f1063a0/requant_equivalence/mkRequantEquivalence.v:3893$1754 ($gt).
Removed top 8 bits (of 9) from port B of cell mkRequantEquivalence.$add$/workspace/scratch/839f8f1063a0/requant_equivalence/mkRequantEquivalence.v:3895$1758 ($add).
Removed top 1 bits (of 9) from mux cell mkRequantEquivalence.$ternary$/workspace/scratch/839f8f1063a0/requant_equivalence/mkRequantEquivalence.v:3893$1759 ($mux).
Removed top 56 bits (of 64) from port A of cell mkRequantEquivalence.$gt$/workspace/scratch/839f8f1063a0/requant_equivalence/mkRequantEquivalence.v:3898$1760 ($gt).
Removed top 56 bits (of 64) from port B of cell mkRequantEquivalence.$gt$/workspace/scratch/839f8f1063a0/requant_equivalence/mkRequantEquivalence.v:3898$1760 ($gt).
Removed top 8 bits (of 9) from port B of cell mkRequantEquivalence.$add$/workspace/scratch/839f8f1063a0/requant_equivalence/mkRequantEquivalence.v:3901$1764 ($add).
Removed top 1 bits (of 9) from mux cell mkRequantEquivalence.$ternary$/workspace/scratch/839f8f1063a0/requant_equivalence/mkRequantEquivalence.v:3898$1765 ($mux).
Removed top 40 bits (of 48) from port A of cell mkRequantEquivalence.$gt$/workspace/scratch/839f8f1063a0/requant_equivalence/mkRequantEquivalence.v:3904$1766 ($gt).
Removed top 40 bits (of 48) from port B of cell mkRequantEquivalence.$gt$/workspace/scratch/839f8f1063a0/requant_equivalence/mkRequantEquivalence.v:3904$1766 ($gt).
Removed top 1 bits (of 9) from mux cell mkRequantEquivalence.$ternary$/workspace/scratch/839f8f1063a0/requant_equivalence/mkRequantEquivalence.v:3904$1771 ($mux).
Removed top 27 bits (of 35) from port A of cell mkRequantEquivalence.$gt$/workspace/scratch/839f8f1063a0/requant_equivalence/mkRequantEquivalence.v:3909$1772 ($gt).
Removed top 27 bits (of 35) from port B of cell mkRequantEquivalence.$gt$/workspace/scratch/839f8f1063a0/requant_equivalence/mkRequantEquivalence.v:3909$1772 ($gt).
Removed top 1 bits (of 9) from mux cell mkRequantEquivalence.$ternary$/workspace/scratch/839f8f1063a0/requant_equivalence/mkRequantEquivalence.v:3909$1777 ($mux).
Removed top 24 bits (of 32) from port A of cell mkRequantEquivalence.$gt$/workspace/scratch/839f8f1063a0/requant_equivalence/mkRequantEquivalence.v:3914$1778 ($gt).
Removed top 24 bits (of 32) from port B of cell mkRequantEquivalence.$gt$/workspace/scratch/839f8f1063a0/requant_equivalence/mkRequantEquivalence.v:3914$1778 ($gt).
Removed top 1 bits (of 9) from mux cell mkRequantEquivalence.$ternary$/workspace/scratch/839f8f1063a0/requant_equivalence/mkRequantEquivalence.v:3914$1783 ($mux).
Removed top 18 bits (of 26) from port A of cell mkRequantEquivalence.$gt$/workspace/scratch/839f8f1063a0/requant_equivalence/mkRequantEquivalence.v:3919$1784 ($gt).
Removed top 18 bits (of 26) from port B of cell mkRequantEquivalence.$gt$/workspace/scratch/839f8f1063a0/requant_equivalence/mkRequantEquivalence.v:3919$1784 ($gt).
Removed top 1 bits (of 9) from mux cell mkRequantEquivalence.$ternary$/workspace/scratch/839f8f1063a0/requant_equivalence/mkRequantEquivalence.v:3919$1789 ($mux).
Removed top 16 bits (of 24) from port A of cell mkRequantEquivalence.$gt$/workspace/scratch/839f8f1063a0/requant_equivalence/mkRequantEquivalence.v:3924$1790 ($gt).
Removed top 16 bits (of 24) from port B of cell mkRequantEquivalence.$gt$/workspace/scratch/839f8f1063a0/requant_equivalence/mkRequantEquivalence.v:3924$1790 ($gt).
Removed top 1 bits (of 9) from mux cell mkRequantEquivalence.$ternary$/workspace/scratch/839f8f1063a0/requant_equivalence/mkRequantEquivalence.v:3924$1795 ($mux).
Removed top 10 bits (of 18) from port A of cell mkRequantEquivalence.$gt$/workspace/scratch/839f8f1063a0/requant_equivalence/mkRequantEquivalence.v:3929$1796 ($gt).
Removed top 10 bits (of 18) from port B of cell mkRequantEquivalence.$gt$/workspace/scratch/839f8f1063a0/requant_equivalence/mkRequantEquivalence.v:3929$1796 ($gt).
Removed top 1 bits (of 9) from mux cell mkRequantEquivalence.$ternary$/workspace/scratch/839f8f1063a0/requant_equivalence/mkRequantEquivalence.v:3929$1801 ($mux).
Removed top 8 bits (of 16) from port A of cell mkRequantEquivalence.$gt$/workspace/scratch/839f8f1063a0/requant_equivalence/mkRequantEquivalence.v:3934$1802 ($gt).
Removed top 8 bits (of 16) from port B of cell mkRequantEquivalence.$gt$/workspace/scratch/839f8f1063a0/requant_equivalence/mkRequantEquivalence.v:3934$1802 ($gt).
Removed top 8 bits (of 9) from port B of cell mkRequantEquivalence.$add$/workspace/scratch/839f8f1063a0/requant_equivalence/mkRequantEquivalence.v:3936$1806 ($add).
Removed top 1 bits (of 9) from mux cell mkRequantEquivalence.$ternary$/workspace/scratch/839f8f1063a0/requant_equivalence/mkRequantEquivalence.v:3934$1807 ($mux).
Removed top 2 bits (of 10) from port A of cell mkRequantEquivalence.$gt$/workspace/scratch/839f8f1063a0/requant_equivalence/mkRequantEquivalence.v:3939$1808 ($gt).
Removed top 2 bits (of 10) from port B of cell mkRequantEquivalence.$gt$/workspace/scratch/839f8f1063a0/requant_equivalence/mkRequantEquivalence.v:3939$1808 ($gt).
Removed top 8 bits (of 9) from port B of cell mkRequantEquivalence.$add$/workspace/scratch/839f8f1063a0/requant_equivalence/mkRequantEquivalence.v:3941$1812 ($add).
Removed top 1 bits (of 9) from mux cell mkRequantEquivalence.$ternary$/workspace/scratch/839f8f1063a0/requant_equivalence/mkRequantEquivalence.v:3939$1813 ($mux).
Removed top 1 bits (of 9) from port A of cell mkRequantEquivalence.$gt$/workspace/scratch/839f8f1063a0/requant_equivalence/mkRequantEquivalence.v:3944$1814 ($gt).
Removed top 1 bits (of 9) from port B of cell mkRequantEquivalence.$gt$/workspace/scratch/839f8f1063a0/requant_equivalence/mkRequantEquivalence.v:3944$1814 ($gt).
Removed top 8 bits (of 9) from port B of cell mkRequantEquivalence.$add$/workspace/scratch/839f8f1063a0/requant_equivalence/mkRequantEquivalence.v:3946$1818 ($add).
Removed top 1 bits (of 9) from mux cell mkRequantEquivalence.$ternary$/workspace/scratch/839f8f1063a0/requant_equivalence/mkRequantEquivalence.v:3944$1819 ($mux).
Removed top 55 bits (of 64) from port A of cell mkRequantEquivalence.$gt$/workspace/scratch/839f8f1063a0/requant_equivalence/mkRequantEquivalence.v:3949$1820 ($gt).
Removed top 55 bits (of 64) from port B of cell mkRequantEquivalence.$gt$/workspace/scratch/839f8f1063a0/requant_equivalence/mkRequantEquivalence.v:3949$1820 ($gt).
Removed top 8 bits (of 9) from port B of cell mkRequantEquivalence.$add$/workspace/scratch/839f8f1063a0/requant_equivalence/mkRequantEquivalence.v:3952$1824 ($add).
Removed top 1 bits (of 9) from mux cell mkRequantEquivalence.$ternary$/workspace/scratch/839f8f1063a0/requant_equivalence/mkRequantEquivalence.v:3949$1825 ($mux).
Removed top 39 bits (of 48) from port A of cell mkRequantEquivalence.$gt$/workspace/scratch/839f8f1063a0/requant_equivalence/mkRequantEquivalence.v:3955$1826 ($gt).
Removed top 39 bits (of 48) from port B of cell mkRequantEquivalence.$gt$/workspace/scratch/839f8f1063a0/requant_equivalence/mkRequantEquivalence.v:3955$1826 ($gt).
Removed top 1 bits (of 9) from mux cell mkRequantEquivalence.$ternary$/workspace/scratch/839f8f1063a0/requant_equivalence/mkRequantEquivalence.v:3955$1831 ($mux).
Removed top 26 bits (of 35) from port A of cell mkRequantEquivalence.$gt$/workspace/scratch/839f8f1063a0/requant_equivalence/mkRequantEquivalence.v:3960$1832 ($gt).
Removed top 26 bits (of 35) from port B of cell mkRequantEquivalence.$gt$/workspace/scratch/839f8f1063a0/requant_equivalence/mkRequantEquivalence.v:3960$1832 ($gt).
Removed top 1 bits (of 9) from mux cell mkRequantEquivalence.$ternary$/workspace/scratch/839f8f1063a0/requant_equivalence/mkRequantEquivalence.v:3960$1837 ($mux).
Removed top 23 bits (of 32) from port A of cell mkRequantEquivalence.$gt$/workspace/scratch/839f8f1063a0/requant_equivalence/mkRequantEquivalence.v:3965$1838 ($gt).
Removed top 23 bits (of 32) from port B of cell mkRequantEquivalence.$gt$/workspace/scratch/839f8f1063a0/requant_equivalence/mkRequantEquivalence.v:3965$1838 ($gt).
Removed top 1 bits (of 9) from mux cell mkRequantEquivalence.$ternary$/workspace/scratch/839f8f1063a0/requant_equivalence/mkRequantEquivalence.v:3965$1843 ($mux).
Removed top 17 bits (of 26) from port A of cell mkRequantEquivalence.$gt$/workspace/scratch/839f8f1063a0/requant_equivalence/mkRequantEquivalence.v:3970$1844 ($gt).
Removed top 17 bits (of 26) from port B of cell mkRequantEquivalence.$gt$/workspace/scratch/839f8f1063a0/requant_equivalence/mkRequantEquivalence.v:3970$1844 ($gt).
Removed top 1 bits (of 9) from mux cell mkRequantEquivalence.$ternary$/workspace/scratch/839f8f1063a0/requant_equivalence/mkRequantEquivalence.v:3970$1849 ($mux).
Removed top 15 bits (of 24) from port A of cell mkRequantEquivalence.$gt$/workspace/scratch/839f8f1063a0/requant_equivalence/mkRequantEquivalence.v:3975$1850 ($gt).
Removed top 15 bits (of 24) from port B of cell mkRequantEquivalence.$gt$/workspace/scratch/839f8f1063a0/requant_equivalence/mkRequantEquivalence.v:3975$1850 ($gt).
Removed top 1 bits (of 9) from mux cell mkRequantEquivalence.$ternary$/workspace/scratch/839f8f1063a0/requant_equivalence/mkRequantEquivalence.v:3975$1855 ($mux).
Removed top 9 bits (of 18) from port A of cell mkRequantEquivalence.$gt$/workspace/scratch/839f8f1063a0/requant_equivalence/mkRequantEquivalence.v:3980$1856 ($gt).
Removed top 9 bits (of 18) from port B of cell mkRequantEquivalence.$gt$/workspace/scratch/839f8f1063a0/requant_equivalence/mkRequantEquivalence.v:3980$1856 ($gt).
Removed top 1 bits (of 9) from mux cell mkRequantEquivalence.$ternary$/workspace/scratch/839f8f1063a0/requant_equivalence/mkRequantEquivalence.v:3980$1861 ($mux).
Removed top 7 bits (of 16) from port A of cell mkRequantEquivalence.$gt$/workspace/scratch/839f8f1063a0/requant_equivalence/mkRequantEquivalence.v:3985$1862 ($gt).
Removed top 7 bits (of 16) from port B of cell mkRequantEquivalence.$gt$/workspace/scratch/839f8f1063a0/requant_equivalence/mkRequantEquivalence.v:3985$1862 ($gt).
Removed top 8 bits (of 9) from port B of cell mkRequantEquivalence.$add$/workspace/scratch/839f8f1063a0/requant_equivalence/mkRequantEquivalence.v:3987$1866 ($add).
Removed top 1 bits (of 9) from mux cell mkRequantEquivalence.$ternary$/workspace/scratch/839f8f1063a0/requant_equivalence/mkRequantEquivalence.v:3985$1867 ($mux).
Removed top 1 bits (of 10) from port A of cell mkRequantEquivalence.$gt$/workspace/scratch/839f8f1063a0/requant_equivalence/mkRequantEquivalence.v:3990$1868 ($gt).
Removed top 1 bits (of 10) from port B of cell mkRequantEquivalence.$gt$/workspace/scratch/839f8f1063a0/requant_equivalence/mkRequantEquivalence.v:3990$1868 ($gt).
Removed top 8 bits (of 9) from port B of cell mkRequantEquivalence.$add$/workspace/scratch/839f8f1063a0/requant_equivalence/mkRequantEquivalence.v:3992$1872 ($add).
Removed top 1 bits (of 9) from mux cell mkRequantEquivalence.$ternary$/workspace/scratch/839f8f1063a0/requant_equivalence/mkRequantEquivalence.v:3990$1873 ($mux).
Removed top 54 bits (of 64) from port A of cell mkRequantEquivalence.$gt$/workspace/scratch/839f8f1063a0/requant_equivalence/mkRequantEquivalence.v:3995$1874 ($gt).
Removed top 54 bits (of 64) from port B of cell mkRequantEquivalence.$gt$/workspace/scratch/839f8f1063a0/requant_equivalence/mkRequantEquivalence.v:3995$1874 ($gt).
Removed top 8 bits (of 9) from port B of cell mkRequantEquivalence.$add$/workspace/scratch/839f8f1063a0/requant_equivalence/mkRequantEquivalence.v:3998$1878 ($add).
Removed top 1 bits (of 9) from mux cell mkRequantEquivalence.$ternary$/workspace/scratch/839f8f1063a0/requant_equivalence/mkRequantEquivalence.v:3995$1879 ($mux).
Removed top 38 bits (of 48) from port A of cell mkRequantEquivalence.$gt$/workspace/scratch/839f8f1063a0/requant_equivalence/mkRequantEquivalence.v:4001$1880 ($gt).
Removed top 38 bits (of 48) from port B of cell mkRequantEquivalence.$gt$/workspace/scratch/839f8f1063a0/requant_equivalence/mkRequantEquivalence.v:4001$1880 ($gt).
Removed top 1 bits (of 9) from mux cell mkRequantEquivalence.$ternary$/workspace/scratch/839f8f1063a0/requant_equivalence/mkRequantEquivalence.v:4001$1885 ($mux).
Removed top 25 bits (of 35) from port A of cell mkRequantEquivalence.$gt$/workspace/scratch/839f8f1063a0/requant_equivalence/mkRequantEquivalence.v:4006$1886 ($gt).
Removed top 25 bits (of 35) from port B of cell mkRequantEquivalence.$gt$/workspace/scratch/839f8f1063a0/requant_equivalence/mkRequantEquivalence.v:4006$1886 ($gt).
Removed top 1 bits (of 9) from mux cell mkRequantEquivalence.$ternary$/workspace/scratch/839f8f1063a0/requant_equivalence/mkRequantEquivalence.v:4006$1891 ($mux).
Removed top 22 bits (of 32) from port A of cell mkRequantEquivalence.$gt$/workspace/scratch/839f8f1063a0/requant_equivalence/mkRequantEquivalence.v:4011$1892 ($gt).
Removed top 22 bits (of 32) from port B of cell mkRequantEquivalence.$gt$/workspace/scratch/839f8f1063a0/requant_equivalence/mkRequantEquivalence.v:4011$1892 ($gt).
Removed top 1 bits (of 9) from mux cell mkRequantEquivalence.$ternary$/workspace/scratch/839f8f1063a0/requant_equivalence/mkRequantEquivalence.v:4011$1897 ($mux).
Removed top 16 bits (of 26) from port A of cell mkRequantEquivalence.$gt$/workspace/scratch/839f8f1063a0/requant_equivalence/mkRequantEquivalence.v:4016$1898 ($gt).
Removed top 16 bits (of 26) from port B of cell mkRequantEquivalence.$gt$/workspace/scratch/839f8f1063a0/requant_equivalence/mkRequantEquivalence.v:4016$1898 ($gt).
Removed top 1 bits (of 9) from mux cell mkRequantEquivalence.$ternary$/workspace/scratch/839f8f1063a0/requant_equivalence/mkRequantEquivalence.v:4016$1903 ($mux).
Removed top 14 bits (of 24) from port A of cell mkRequantEquivalence.$gt$/workspace/scratch/839f8f1063a0/requant_equivalence/mkRequantEquivalence.v:4021$1904 ($gt).
Removed top 14 bits (of 24) from port B of cell mkRequantEquivalence.$gt$/workspace/scratch/839f8f1063a0/requant_equivalence/mkRequantEquivalence.v:4021$1904 ($gt).
Removed top 1 bits (of 9) from mux cell mkRequantEquivalence.$ternary$/workspace/scratch/839f8f1063a0/requant_equivalence/mkRequantEquivalence.v:4021$1909 ($mux).
Removed top 8 bits (of 18) from port A of cell mkRequantEquivalence.$gt$/workspace/scratch/839f8f1063a0/requant_equivalence/mkRequantEquivalence.v:4026$1910 ($gt).
Removed top 8 bits (of 18) from port B of cell mkRequantEquivalence.$gt$/workspace/scratch/839f8f1063a0/requant_equivalence/mkRequantEquivalence.v:4026$1910 ($gt).
Removed top 8 bits (of 9) from port B of cell mkRequantEquivalence.$add$/workspace/scratch/839f8f1063a0/requant_equivalence/mkRequantEquivalence.v:4028$1914 ($add).
Removed top 1 bits (of 9) from mux cell mkRequantEquivalence.$ternary$/workspace/scratch/839f8f1063a0/requant_equivalence/mkRequantEquivalence.v:4026$1915 ($mux).
Removed top 6 bits (of 16) from port A of cell mkRequantEquivalence.$gt$/workspace/scratch/839f8f1063a0/requant_equivalence/mkRequantEquivalence.v:4031$1916 ($gt).
Removed top 6 bits (of 16) from port B of cell mkRequantEquivalence.$gt$/workspace/scratch/839f8f1063a0/requant_equivalence/mkRequantEquivalence.v:4031$1916 ($gt).
Removed top 8 bits (of 9) from port B of cell mkRequantEquivalence.$add$/workspace/scratch/839f8f1063a0/requant_equivalence/mkRequantEquivalence.v:4033$1920 ($add).
Removed top 1 bits (of 9) from mux cell mkRequantEquivalence.$ternary$/workspace/scratch/839f8f1063a0/requant_equivalence/mkRequantEquivalence.v:4031$1921 ($mux).
Removed top 34 bits (of 35) from port A of cell mkRequantEquivalence.$gt$/workspace/scratch/839f8f1063a0/requant_equivalence/mkRequantEquivalence.v:4036$1922 ($gt).
Removed top 34 bits (of 35) from port B of cell mkRequantEquivalence.$gt$/workspace/scratch/839f8f1063a0/requant_equivalence/mkRequantEquivalence.v:4036$1922 ($gt).
Removed top 8 bits (of 9) from port B of cell mkRequantEquivalence.$add$/workspace/scratch/839f8f1063a0/requant_equivalence/mkRequantEquivalence.v:4038$1925 ($add).
Removed top 1 bits (of 9) from mux cell mkRequantEquivalence.$ternary$/workspace/scratch/839f8f1063a0/requant_equivalence/mkRequantEquivalence.v:4036$1926 ($mux).
Removed top 15 bits (of 16) from port A of cell mkRequantEquivalence.$gt$/workspace/scratch/839f8f1063a0/requant_equivalence/mkRequantEquivalence.v:4041$1927 ($gt).
Removed top 15 bits (of 16) from port B of cell mkRequantEquivalence.$gt$/workspace/scratch/839f8f1063a0/requant_equivalence/mkRequantEquivalence.v:4041$1927 ($gt).
Removed top 1 bits (of 9) from mux cell mkRequantEquivalence.$ternary$/workspace/scratch/839f8f1063a0/requant_equivalence/mkRequantEquivalence.v:4041$1931 ($mux).
Removed top 47 bits (of 48) from port A of cell mkRequantEquivalence.$gt$/workspace/scratch/839f8f1063a0/requant_equivalence/mkRequantEquivalence.v:4046$1932 ($gt).
Removed top 47 bits (of 48) from port B of cell mkRequantEquivalence.$gt$/workspace/scratch/839f8f1063a0/requant_equivalence/mkRequantEquivalence.v:4046$1932 ($gt).
Removed top 1 bits (of 9) from mux cell mkRequantEquivalence.$ternary$/workspace/scratch/839f8f1063a0/requant_equivalence/mkRequantEquivalence.v:4046$1936 ($mux).
Removed top 23 bits (of 24) from port A of cell mkRequantEquivalence.$gt$/workspace/scratch/839f8f1063a0/requant_equivalence/mkRequantEquivalence.v:4051$1937 ($gt).
Removed top 23 bits (of 24) from port B of cell mkRequantEquivalence.$gt$/workspace/scratch/839f8f1063a0/requant_equivalence/mkRequantEquivalence.v:4051$1937 ($gt).
Removed top 1 bits (of 9) from mux cell mkRequantEquivalence.$ternary$/workspace/scratch/839f8f1063a0/requant_equivalence/mkRequantEquivalence.v:4051$1941 ($mux).
Removed top 9 bits (of 10) from port A of cell mkRequantEquivalence.$gt$/workspace/scratch/839f8f1063a0/requant_equivalence/mkRequantEquivalence.v:4056$1942 ($gt).
Removed top 9 bits (of 10) from port B of cell mkRequantEquivalence.$gt$/workspace/scratch/839f8f1063a0/requant_equivalence/mkRequantEquivalence.v:4056$1942 ($gt).
Removed top 1 bits (of 9) from mux cell mkRequantEquivalence.$ternary$/workspace/scratch/839f8f1063a0/requant_equivalence/mkRequantEquivalence.v:4056$1946 ($mux).
Removed top 25 bits (of 26) from port A of cell mkRequantEquivalence.$gt$/workspace/scratch/839f8f1063a0/requant_equivalence/mkRequantEquivalence.v:4061$1947 ($gt).
Removed top 25 bits (of 26) from port B of cell mkRequantEquivalence.$gt$/workspace/scratch/839f8f1063a0/requant_equivalence/mkRequantEquivalence.v:4061$1947 ($gt).
Removed top 1 bits (of 9) from mux cell mkRequantEquivalence.$ternary$/workspace/scratch/839f8f1063a0/requant_equivalence/mkRequantEquivalence.v:4061$1951 ($mux).
Removed top 8 bits (of 9) from port A of cell mkRequantEquivalence.$gt$/workspace/scratch/839f8f1063a0/requant_equivalence/mkRequantEquivalence.v:4066$1952 ($gt).
Removed top 8 bits (of 9) from port B of cell mkRequantEquivalence.$gt$/workspace/scratch/839f8f1063a0/requant_equivalence/mkRequantEquivalence.v:4066$1952 ($gt).
Removed top 8 bits (of 9) from port B of cell mkRequantEquivalence.$add$/workspace/scratch/839f8f1063a0/requant_equivalence/mkRequantEquivalence.v:4068$1955 ($add).
Removed top 1 bits (of 9) from mux cell mkRequantEquivalence.$ternary$/workspace/scratch/839f8f1063a0/requant_equivalence/mkRequantEquivalence.v:4066$1956 ($mux).
Removed top 17 bits (of 18) from port A of cell mkRequantEquivalence.$gt$/workspace/scratch/839f8f1063a0/requant_equivalence/mkRequantEquivalence.v:4071$1957 ($gt).
Removed top 17 bits (of 18) from port B of cell mkRequantEquivalence.$gt$/workspace/scratch/839f8f1063a0/requant_equivalence/mkRequantEquivalence.v:4071$1957 ($gt).
Removed top 1 bits (of 9) from mux cell mkRequantEquivalence.$ternary$/workspace/scratch/839f8f1063a0/requant_equivalence/mkRequantEquivalence.v:4071$1961 ($mux).
Removed top 31 bits (of 32) from port A of cell mkRequantEquivalence.$gt$/workspace/scratch/839f8f1063a0/requant_equivalence/mkRequantEquivalence.v:4076$1962 ($gt).
Removed top 31 bits (of 32) from port B of cell mkRequantEquivalence.$gt$/workspace/scratch/839f8f1063a0/requant_equivalence/mkRequantEquivalence.v:4076$1962 ($gt).
Removed top 1 bits (of 9) from mux cell mkRequantEquivalence.$ternary$/workspace/scratch/839f8f1063a0/requant_equivalence/mkRequantEquivalence.v:4076$1966 ($mux).
Removed top 63 bits (of 64) from port A of cell mkRequantEquivalence.$gt$/workspace/scratch/839f8f1063a0/requant_equivalence/mkRequantEquivalence.v:4081$1967 ($gt).
Removed top 63 bits (of 64) from port B of cell mkRequantEquivalence.$gt$/workspace/scratch/839f8f1063a0/requant_equivalence/mkRequantEquivalence.v:4081$1967 ($gt).
Removed top 1 bits (of 9) from mux cell mkRequantEquivalence.$ternary$/workspace/scratch/839f8f1063a0/requant_equivalence/mkRequantEquivalence.v:4081$1971 ($mux).
Removed top 1 bits (of 8) from port B of cell mkRequantEquivalence.$eq$/workspace/scratch/839f8f1063a0/requant_equivalence/mkRequantEquivalence.v:4086$1972 ($eq).
Removed top 1 bits (of 16) from port B of cell mkRequantEquivalence.$le$/workspace/scratch/839f8f1063a0/requant_equivalence/mkRequantEquivalence.v:4090$1977 ($le).
Removed top 1 bits (of 8) from port B of cell mkRequantEquivalence.$eq$/workspace/scratch/839f8f1063a0/requant_equivalence/mkRequantEquivalence.v:4095$1981 ($eq).
Removed top 1 bits (of 16) from port B of cell mkRequantEquivalence.$le$/workspace/scratch/839f8f1063a0/requant_equivalence/mkRequantEquivalence.v:4099$1986 ($le).
Removed top 1 bits (of 8) from port B of cell mkRequantEquivalence.$eq$/workspace/scratch/839f8f1063a0/requant_equivalence/mkRequantEquivalence.v:4104$1990 ($eq).
Removed top 1 bits (of 16) from port B of cell mkRequantEquivalence.$le$/workspace/scratch/839f8f1063a0/requant_equivalence/mkRequantEquivalence.v:4108$1995 ($le).
Removed top 1 bits (of 8) from port B of cell mkRequantEquivalence.$eq$/workspace/scratch/839f8f1063a0/requant_equivalence/mkRequantEquivalence.v:4113$1999 ($eq).
Removed top 1 bits (of 16) from port B of cell mkRequantEquivalence.$le$/workspace/scratch/839f8f1063a0/requant_equivalence/mkRequantEquivalence.v:4117$2004 ($le).
Removed top 1 bits (of 8) from port B of cell mkRequantEquivalence.$eq$/workspace/scratch/839f8f1063a0/requant_equivalence/mkRequantEquivalence.v:4122$2008 ($eq).
Removed top 1 bits (of 16) from port B of cell mkRequantEquivalence.$le$/workspace/scratch/839f8f1063a0/requant_equivalence/mkRequantEquivalence.v:4126$2013 ($le).
Removed top 1 bits (of 8) from port B of cell mkRequantEquivalence.$eq$/workspace/scratch/839f8f1063a0/requant_equivalence/mkRequantEquivalence.v:4131$2017 ($eq).
Removed top 1 bits (of 16) from port B of cell mkRequantEquivalence.$le$/workspace/scratch/839f8f1063a0/requant_equivalence/mkRequantEquivalence.v:4135$2022 ($le).
Removed top 1 bits (of 8) from port B of cell mkRequantEquivalence.$eq$/workspace/scratch/839f8f1063a0/requant_equivalence/mkRequantEquivalence.v:4140$2026 ($eq).
Removed top 1 bits (of 8) from port B of cell mkRequantEquivalence.$eq$/workspace/scratch/839f8f1063a0/requant_equivalence/mkRequantEquivalence.v:4146$2030 ($eq).
Removed top 1 bits (of 16) from port B of cell mkRequantEquivalence.$le$/workspace/scratch/839f8f1063a0/requant_equivalence/mkRequantEquivalence.v:4150$2035 ($le).
Removed top 1 bits (of 8) from port B of cell mkRequantEquivalence.$eq$/workspace/scratch/839f8f1063a0/requant_equivalence/mkRequantEquivalence.v:4157$2039 ($eq).
Removed top 1 bits (of 16) from port B of cell mkRequantEquivalence.$le$/workspace/scratch/839f8f1063a0/requant_equivalence/mkRequantEquivalence.v:4163$2045 ($le).
Removed top 1 bits (of 8) from port B of cell mkRequantEquivalence.$eq$/workspace/scratch/839f8f1063a0/requant_equivalence/mkRequantEquivalence.v:4170$2050 ($eq).
Removed top 1 bits (of 16) from port B of cell mkRequantEquivalence.$le$/workspace/scratch/839f8f1063a0/requant_equivalence/mkRequantEquivalence.v:4177$2056 ($le).
Removed top 1 bits (of 8) from port B of cell mkRequantEquivalence.$eq$/workspace/scratch/839f8f1063a0/requant_equivalence/mkRequantEquivalence.v:4184$2061 ($eq).
Removed top 1 bits (of 16) from port B of cell mkRequantEquivalence.$le$/workspace/scratch/839f8f1063a0/requant_equivalence/mkRequantEquivalence.v:4191$2067 ($le).
Removed top 1 bits (of 8) from port B of cell mkRequantEquivalence.$eq$/workspace/scratch/839f8f1063a0/requant_equivalence/mkRequantEquivalence.v:4198$2072 ($eq).
Removed top 1 bits (of 16) from port B of cell mkRequantEquivalence.$le$/workspace/scratch/839f8f1063a0/requant_equivalence/mkRequantEquivalence.v:4205$2078 ($le).
Removed top 1 bits (of 8) from port B of cell mkRequantEquivalence.$eq$/workspace/scratch/839f8f1063a0/requant_equivalence/mkRequantEquivalence.v:4212$2083 ($eq).
Removed top 1 bits (of 16) from port B of cell mkRequantEquivalence.$le$/workspace/scratch/839f8f1063a0/requant_equivalence/mkRequantEquivalence.v:4219$2089 ($le).
Removed top 1 bits (of 8) from port B of cell mkRequantEquivalence.$eq$/workspace/scratch/839f8f1063a0/requant_equivalence/mkRequantEquivalence.v:4226$2094 ($eq).
Removed top 1 bits (of 16) from port B of cell mkRequantEquivalence.$le$/workspace/scratch/839f8f1063a0/requant_equivalence/mkRequantEquivalence.v:4233$2100 ($le).
Removed top 1 bits (of 8) from port B of cell mkRequantEquivalence.$eq$/workspace/scratch/839f8f1063a0/requant_equivalence/mkRequantEquivalence.v:4240$2105 ($eq).
Removed top 1 bits (of 16) from port B of cell mkRequantEquivalence.$le$/workspace/scratch/839f8f1063a0/requant_equivalence/mkRequantEquivalence.v:4247$2111 ($le).
Removed top 1 bits (of 16) from port B of cell mkRequantEquivalence.$le$/workspace/scratch/839f8f1063a0/requant_equivalence/mkRequantEquivalence.v:4257$2120 ($le).
Removed top 1 bits (of 16) from port B of cell mkRequantEquivalence.$lt$/workspace/scratch/839f8f1063a0/requant_equivalence/mkRequantEquivalence.v:4267$2127 ($lt).
Removed top 1 bits (of 16) from port B of cell mkRequantEquivalence.$lt$/workspace/scratch/839f8f1063a0/requant_equivalence/mkRequantEquivalence.v:4277$2136 ($lt).
Removed top 1 bits (of 16) from port B of cell mkRequantEquivalence.$lt$/workspace/scratch/839f8f1063a0/requant_equivalence/mkRequantEquivalence.v:4287$2145 ($lt).
Removed top 1 bits (of 16) from port B of cell mkRequantEquivalence.$lt$/workspace/scratch/839f8f1063a0/requant_equivalence/mkRequantEquivalence.v:4297$2154 ($lt).
Removed top 1 bits (of 16) from port B of cell mkRequantEquivalence.$lt$/workspace/scratch/839f8f1063a0/requant_equivalence/mkRequantEquivalence.v:4307$2163 ($lt).
Removed top 1 bits (of 16) from port B of cell mkRequantEquivalence.$lt$/workspace/scratch/839f8f1063a0/requant_equivalence/mkRequantEquivalence.v:4317$2172 ($lt).
Removed top 1 bits (of 16) from port B of cell mkRequantEquivalence.$lt$/workspace/scratch/839f8f1063a0/requant_equivalence/mkRequantEquivalence.v:4327$2181 ($lt).
Removed top 1 bits (of 16) from port B of cell mkRequantEquivalence.$lt$/workspace/scratch/839f8f1063a0/requant_equivalence/mkRequantEquivalence.v:4337$2190 ($lt).
Removed top 1 bits (of 8) from port B of cell mkRequantEquivalence.$eq$/workspace/scratch/839f8f1063a0/requant_equivalence/mkRequantEquivalence.v:4342$2194 ($eq).
Removed top 1 bits (of 18) from port B of cell mkRequantEquivalence.$le$/workspace/scratch/839f8f1063a0/requant_equivalence/mkRequantEquivalence.v:4346$2199 ($le).
Removed top 1 bits (of 8) from port B of cell mkRequantEquivalence.$eq$/workspace/scratch/839f8f1063a0/requant_equivalence/mkRequantEquivalence.v:4351$2203 ($eq).
Removed top 1 bits (of 18) from port B of cell mkRequantEquivalence.$le$/workspace/scratch/839f8f1063a0/requant_equivalence/mkRequantEquivalence.v:4355$2208 ($le).
Removed top 1 bits (of 8) from port B of cell mkRequantEquivalence.$eq$/workspace/scratch/839f8f1063a0/requant_equivalence/mkRequantEquivalence.v:4360$2212 ($eq).
Removed top 1 bits (of 18) from port B of cell mkRequantEquivalence.$le$/workspace/scratch/839f8f1063a0/requant_equivalence/mkRequantEquivalence.v:4364$2217 ($le).
Removed top 1 bits (of 8) from port B of cell mkRequantEquivalence.$eq$/workspace/scratch/839f8f1063a0/requant_equivalence/mkRequantEquivalence.v:4369$2221 ($eq).
Removed top 1 bits (of 18) from port B of cell mkRequantEquivalence.$le$/workspace/scratch/839f8f1063a0/requant_equivalence/mkRequantEquivalence.v:4373$2226 ($le).
Removed top 1 bits (of 8) from port B of cell mkRequantEquivalence.$eq$/workspace/scratch/839f8f1063a0/requant_equivalence/mkRequantEquivalence.v:4378$2230 ($eq).
Removed top 1 bits (of 18) from port B of cell mkRequantEquivalence.$le$/workspace/scratch/839f8f1063a0/requant_equivalence/mkRequantEquivalence.v:4382$2235 ($le).
Removed top 1 bits (of 8) from port B of cell mkRequantEquivalence.$eq$/workspace/scratch/839f8f1063a0/requant_equivalence/mkRequantEquivalence.v:4387$2239 ($eq).
Removed top 1 bits (of 18) from port B of cell mkRequantEquivalence.$le$/workspace/scratch/839f8f1063a0/requant_equivalence/mkRequantEquivalence.v:4391$2244 ($le).
Removed top 1 bits (of 8) from port B of cell mkRequantEquivalence.$eq$/workspace/scratch/839f8f1063a0/requant_equivalence/mkRequantEquivalence.v:4396$2248 ($eq).
Removed top 1 bits (of 18) from port B of cell mkRequantEquivalence.$le$/workspace/scratch/839f8f1063a0/requant_equivalence/mkRequantEquivalence.v:4400$2253 ($le).
Removed top 1 bits (of 8) from port B of cell mkRequantEquivalence.$eq$/workspace/scratch/839f8f1063a0/requant_equivalence/mkRequantEquivalence.v:4413$2261 ($eq).
Removed top 1 bits (of 18) from port B of cell mkRequantEquivalence.$le$/workspace/scratch/839f8f1063a0/requant_equivalence/mkRequantEquivalence.v:4419$2267 ($le).
Removed top 1 bits (of 8) from port B of cell mkRequantEquivalence.$eq$/workspace/scratch/839f8f1063a0/requant_equivalence/mkRequantEquivalence.v:4426$2272 ($eq).
Removed top 1 bits (of 18) from port B of cell mkRequantEquivalence.$le$/workspace/scratch/839f8f1063a0/requant_equivalence/mkRequantEquivalence.v:4433$2278 ($le).
Removed top 1 bits (of 18) from port B of cell mkRequantEquivalence.$le$/workspace/scratch/839f8f1063a0/requant_equivalence/mkRequantEquivalence.v:4447$2289 ($le).
Removed top 1 bits (of 18) from port B of cell mkRequantEquivalence.$le$/workspace/scratch/839f8f1063a0/requant_equivalence/mkRequantEquivalence.v:4461$2300 ($le).
Removed top 1 bits (of 18) from port B of cell mkRequantEquivalence.$le$/workspace/scratch/839f8f1063a0/requant_equivalence/mkRequantEquivalence.v:4475$2311 ($le).
Removed top 1 bits (of 18) from port B of cell mkRequantEquivalence.$le$/workspace/scratch/839f8f1063a0/requant_equivalence/mkRequantEquivalence.v:4489$2322 ($le).
Removed top 1 bits (of 18) from port B of cell mkRequantEquivalence.$le$/workspace/scratch/839f8f1063a0/requant_equivalence/mkRequantEquivalence.v:4503$2333 ($le).
Removed top 1 bits (of 18) from port B of cell mkRequantEquivalence.$le$/workspace/scratch/839f8f1063a0/requant_equivalence/mkRequantEquivalence.v:4517$2344 ($le).
Removed top 1 bits (of 18) from port B of cell mkRequantEquivalence.$le$/workspace/scratch/839f8f1063a0/requant_equivalence/mkRequantEquivalence.v:4531$2355 ($le).
Removed top 1 bits (of 18) from port B of cell mkRequantEquivalence.$le$/workspace/scratch/839f8f1063a0/requant_equivalence/mkRequantEquivalence.v:4541$2364 ($le).
Removed top 1 bits (of 18) from port B of cell mkRequantEquivalence.$lt$/workspace/scratch/839f8f1063a0/requant_equivalence/mkRequantEquivalence.v:4551$2371 ($lt).
Removed top 1 bits (of 18) from port B of cell mkRequantEquivalence.$lt$/workspace/scratch/839f8f1063a0/requant_equivalence/mkRequantEquivalence.v:4561$2380 ($lt).
Removed top 1 bits (of 18) from port B of cell mkRequantEquivalence.$lt$/workspace/scratch/839f8f1063a0/requant_equivalence/mkRequantEquivalence.v:4571$2389 ($lt).
Removed top 1 bits (of 18) from port B of cell mkRequantEquivalence.$lt$/workspace/scratch/839f8f1063a0/requant_equivalence/mkRequantEquivalence.v:4581$2398 ($lt).
Removed top 1 bits (of 18) from port B of cell mkRequantEquivalence.$lt$/workspace/scratch/839f8f1063a0/requant_equivalence/mkRequantEquivalence.v:4591$2407 ($lt).
Removed top 1 bits (of 18) from port B of cell mkRequantEquivalence.$lt$/workspace/scratch/839f8f1063a0/requant_equivalence/mkRequantEquivalence.v:4601$2416 ($lt).
Removed top 1 bits (of 18) from port B of cell mkRequantEquivalence.$lt$/workspace/scratch/839f8f1063a0/requant_equivalence/mkRequantEquivalence.v:4611$2425 ($lt).
Removed top 1 bits (of 18) from port B of cell mkRequantEquivalence.$lt$/workspace/scratch/839f8f1063a0/requant_equivalence/mkRequantEquivalence.v:4621$2434 ($lt).
Removed top 1 bits (of 8) from port B of cell mkRequantEquivalence.$eq$/workspace/scratch/839f8f1063a0/requant_equivalence/mkRequantEquivalence.v:4626$2438 ($eq).
Removed top 1 bits (of 24) from port B of cell mkRequantEquivalence.$le$/workspace/scratch/839f8f1063a0/requant_equivalence/mkRequantEquivalence.v:4630$2443 ($le).
Removed top 1 bits (of 8) from port B of cell mkRequantEquivalence.$eq$/workspace/scratch/839f8f1063a0/requant_equivalence/mkRequantEquivalence.v:4635$2447 ($eq).
Removed top 1 bits (of 24) from port B of cell mkRequantEquivalence.$le$/workspace/scratch/839f8f1063a0/requant_equivalence/mkRequantEquivalence.v:4639$2452 ($le).
Removed top 1 bits (of 8) from port B of cell mkRequantEquivalence.$eq$/workspace/scratch/839f8f1063a0/requant_equivalence/mkRequantEquivalence.v:4644$2456 ($eq).
Removed top 1 bits (of 24) from port B of cell mkRequantEquivalence.$le$/workspace/scratch/839f8f1063a0/requant_equivalence/mkRequantEquivalence.v:4648$2461 ($le).
Removed top 1 bits (of 8) from port B of cell mkRequantEquivalence.$eq$/workspace/scratch/839f8f1063a0/requant_equivalence/mkRequantEquivalence.v:4659$2469 ($eq).
Removed top 1 bits (of 24) from port B of cell mkRequantEquivalence.$le$/workspace/scratch/839f8f1063a0/requant_equivalence/mkRequantEquivalence.v:4663$2474 ($le).
Removed top 1 bits (of 8) from port B of cell mkRequantEquivalence.$eq$/workspace/scratch/839f8f1063a0/requant_equivalence/mkRequantEquivalence.v:4668$2478 ($eq).
Removed top 1 bits (of 24) from port B of cell mkRequantEquivalence.$le$/workspace/scratch/839f8f1063a0/requant_equivalence/mkRequantEquivalence.v:4672$2483 ($le).
Removed top 1 bits (of 8) from port B of cell mkRequantEquivalence.$eq$/workspace/scratch/839f8f1063a0/requant_equivalence/mkRequantEquivalence.v:4677$2487 ($eq).
Removed top 1 bits (of 24) from port B of cell mkRequantEquivalence.$le$/workspace/scratch/839f8f1063a0/requant_equivalence/mkRequantEquivalence.v:4681$2492 ($le).
Removed top 1 bits (of 8) from port B of cell mkRequantEquivalence.$eq$/workspace/scratch/839f8f1063a0/requant_equivalence/mkRequantEquivalence.v:4686$2496 ($eq).
Removed top 1 bits (of 24) from port B of cell mkRequantEquivalence.$le$/workspace/scratch/839f8f1063a0/requant_equivalence/mkRequantEquivalence.v:4690$2501 ($le).
Removed top 1 bits (of 8) from port B of cell mkRequantEquivalence.$eq$/workspace/scratch/839f8f1063a0/requant_equivalence/mkRequantEquivalence.v:4697$2505 ($eq).
Removed top 1 bits (of 24) from port B of cell mkRequantEquivalence.$le$/workspace/scratch/839f8f1063a0/requant_equivalence/mkRequantEquivalence.v:4703$2511 ($le).
Removed top 1 bits (of 8) from port B of cell mkRequantEquivalence.$eq$/workspace/scratch/839f8f1063a0/requant_equivalence/mkRequantEquivalence.v:4710$2516 ($eq).
Removed top 1 bits (of 24) from port B of cell mkRequantEquivalence.$le$/workspace/scratch/839f8f1063a0/requant_equivalence/mkRequantEquivalence.v:4717$2522 ($le).
Removed top 1 bits (of 8) from port B of cell mkRequantEquivalence.$eq$/workspace/scratch/839f8f1063a0/requant_equivalence/mkRequantEquivalence.v:4724$2527 ($eq).
Removed top 1 bits (of 24) from port B of cell mkRequantEquivalence.$le$/workspace/scratch/839f8f1063a0/requant_equivalence/mkRequantEquivalence.v:4731$2533 ($le).
Removed top 1 bits (of 8) from port B of cell mkRequantEquivalence.$eq$/workspace/scratch/839f8f1063a0/requant_equivalence/mkRequantEquivalence.v:4738$2538 ($eq).
Removed top 1 bits (of 24) from port B of cell mkRequantEquivalence.$le$/workspace/scratch/839f8f1063a0/requant_equivalence/mkRequantEquivalence.v:4745$2544 ($le).
Removed top 1 bits (of 8) from port B of cell mkRequantEquivalence.$eq$/workspace/scratch/839f8f1063a0/requant_equivalence/mkRequantEquivalence.v:4752$2549 ($eq).
Removed top 1 bits (of 24) from port B of cell mkRequantEquivalence.$le$/workspace/scratch/839f8f1063a0/requant_equivalence/mkRequantEquivalence.v:4759$2555 ($le).
Removed top 1 bits (of 8) from port B of cell mkRequantEquivalence.$eq$/workspace/scratch/839f8f1063a0/requant_equivalence/mkRequantEquivalence.v:4766$2560 ($eq).
Removed top 1 bits (of 24) from port B of cell mkRequantEquivalence.$le$/workspace/scratch/839f8f1063a0/requant_equivalence/mkRequantEquivalence.v:4773$2566 ($le).
Removed top 1 bits (of 24) from port B of cell mkRequantEquivalence.$le$/workspace/scratch/839f8f1063a0/requant_equivalence/mkRequantEquivalence.v:4787$2577 ($le).
Removed top 1 bits (of 24) from port B of cell mkRequantEquivalence.$le$/workspace/scratch/839f8f1063a0/requant_equivalence/mkRequantEquivalence.v:4801$2588 ($le).
Removed top 1 bits (of 24) from port B of cell mkRequantEquivalence.$le$/workspace/scratch/839f8f1063a0/requant_equivalence/mkRequantEquivalence.v:4815$2599 ($le).
Removed top 1 bits (of 24) from port B of cell mkRequantEquivalence.$le$/workspace/scratch/839f8f1063a0/requant_equivalence/mkRequantEquivalence.v:4829$2610 ($le).
Removed top 1 bits (of 24) from port B of cell mkRequantEquivalence.$le$/workspace/scratch/839f8f1063a0/requant_equivalence/mkRequantEquivalence.v:4843$2621 ($le).
Removed top 1 bits (of 24) from port B of cell mkRequantEquivalence.$le$/workspace/scratch/839f8f1063a0/requant_equivalence/mkRequantEquivalence.v:4857$2632 ($le).
Removed top 1 bits (of 24) from port B of cell mkRequantEquivalence.$le$/workspace/scratch/839f8f1063a0/requant_equivalence/mkRequantEquivalence.v:4871$2643 ($le).
Removed top 1 bits (of 24) from port B of cell mkRequantEquivalence.$le$/workspace/scratch/839f8f1063a0/requant_equivalence/mkRequantEquivalence.v:4885$2654 ($le).
Removed top 1 bits (of 24) from port B of cell mkRequantEquivalence.$le$/workspace/scratch/839f8f1063a0/requant_equivalence/mkRequantEquivalence.v:4899$2665 ($le).
Removed top 1 bits (of 24) from port B of cell mkRequantEquivalence.$le$/workspace/scratch/839f8f1063a0/requant_equivalence/mkRequantEquivalence.v:4909$2674 ($le).
Removed top 1 bits (of 24) from port B of cell mkRequantEquivalence.$lt$/workspace/scratch/839f8f1063a0/requant_equivalence/mkRequantEquivalence.v:4919$2681 ($lt).
Removed top 1 bits (of 24) from port B of cell mkRequantEquivalence.$lt$/workspace/scratch/839f8f1063a0/requant_equivalence/mkRequantEquivalence.v:4929$2690 ($lt).
Removed top 1 bits (of 24) from port B of cell mkRequantEquivalence.$lt$/workspace/scratch/839f8f1063a0/requant_equivalence/mkRequantEquivalence.v:4939$2699 ($lt).
Removed top 1 bits (of 24) from port B of cell mkRequantEquivalence.$lt$/workspace/scratch/839f8f1063a0/requant_equivalence/mkRequantEquivalence.v:4949$2708 ($lt).
Removed top 1 bits (of 24) from port B of cell mkRequantEquivalence.$lt$/workspace/scratch/839f8f1063a0/requant_equivalence/mkRequantEquivalence.v:4959$2717 ($lt).
Removed top 1 bits (of 24) from port B of cell mkRequantEquivalence.$lt$/workspace/scratch/839f8f1063a0/requant_equivalence/mkRequantEquivalence.v:4969$2726 ($lt).
Removed top 1 bits (of 24) from port B of cell mkRequantEquivalence.$lt$/workspace/scratch/839f8f1063a0/requant_equivalence/mkRequantEquivalence.v:4979$2735 ($lt).
Removed top 1 bits (of 24) from port B of cell mkRequantEquivalence.$lt$/workspace/scratch/839f8f1063a0/requant_equivalence/mkRequantEquivalence.v:4989$2744 ($lt).
Removed top 1 bits (of 8) from port B of cell mkRequantEquivalence.$eq$/workspace/scratch/839f8f1063a0/requant_equivalence/mkRequantEquivalence.v:4994$2748 ($eq).
Removed top 1 bits (of 26) from port B of cell mkRequantEquivalence.$le$/workspace/scratch/839f8f1063a0/requant_equivalence/mkRequantEquivalence.v:4998$2753 ($le).
Removed top 1 bits (of 8) from port B of cell mkRequantEquivalence.$eq$/workspace/scratch/839f8f1063a0/requant_equivalence/mkRequantEquivalence.v:5009$2761 ($eq).
Removed top 1 bits (of 26) from port B of cell mkRequantEquivalence.$le$/workspace/scratch/839f8f1063a0/requant_equivalence/mkRequantEquivalence.v:5013$2766 ($le).
Removed top 1 bits (of 8) from port B of cell mkRequantEquivalence.$eq$/workspace/scratch/839f8f1063a0/requant_equivalence/mkRequantEquivalence.v:5018$2770 ($eq).
Removed top 1 bits (of 26) from port B of cell mkRequantEquivalence.$le$/workspace/scratch/839f8f1063a0/requant_equivalence/mkRequantEquivalence.v:5022$2775 ($le).
Removed top 1 bits (of 8) from port B of cell mkRequantEquivalence.$eq$/workspace/scratch/839f8f1063a0/requant_equivalence/mkRequantEquivalence.v:5027$2779 ($eq).
Removed top 1 bits (of 26) from port B of cell mkRequantEquivalence.$le$/workspace/scratch/839f8f1063a0/requant_equivalence/mkRequantEquivalence.v:5031$2784 ($le).
Removed top 1 bits (of 8) from port B of cell mkRequantEquivalence.$eq$/workspace/scratch/839f8f1063a0/requant_equivalence/mkRequantEquivalence.v:5036$2788 ($eq).
Removed top 1 bits (of 26) from port B of cell mkRequantEquivalence.$le$/workspace/scratch/839f8f1063a0/requant_equivalence/mkRequantEquivalence.v:5040$2793 ($le).
Removed top 1 bits (of 8) from port B of cell mkRequantEquivalence.$eq$/workspace/scratch/839f8f1063a0/requant_equivalence/mkRequantEquivalence.v:5045$2797 ($eq).
Removed top 1 bits (of 26) from port B of cell mkRequantEquivalence.$le$/workspace/scratch/839f8f1063a0/requant_equivalence/mkRequantEquivalence.v:5049$2802 ($le).
Removed top 1 bits (of 8) from port B of cell mkRequantEquivalence.$eq$/workspace/scratch/839f8f1063a0/requant_equivalence/mkRequantEquivalence.v:5054$2806 ($eq).
Removed top 1 bits (of 26) from port B of cell mkRequantEquivalence.$le$/workspace/scratch/839f8f1063a0/requant_equivalence/mkRequantEquivalence.v:5058$2811 ($le).
Removed top 1 bits (of 8) from port B of cell mkRequantEquivalence.$eq$/workspace/scratch/839f8f1063a0/requant_equivalence/mkRequantEquivalence.v:5065$2815 ($eq).
Removed top 1 bits (of 26) from port B of cell mkRequantEquivalence.$le$/workspace/scratch/839f8f1063a0/requant_equivalence/mkRequantEquivalence.v:5071$2821 ($le).
Removed top 1 bits (of 8) from port B of cell mkRequantEquivalence.$eq$/workspace/scratch/839f8f1063a0/requant_equivalence/mkRequantEquivalence.v:5078$2826 ($eq).
Removed top 1 bits (of 26) from port B of cell mkRequantEquivalence.$le$/workspace/scratch/839f8f1063a0/requant_equivalence/mkRequantEquivalence.v:5085$2832 ($le).
Removed top 1 bits (of 26) from port B of cell mkRequantEquivalence.$le$/workspace/scratch/839f8f1063a0/requant_equivalence/mkRequantEquivalence.v:5099$2843 ($le).
Removed top 1 bits (of 26) from port B of cell mkRequantEquivalence.$le$/workspace/scratch/839f8f1063a0/requant_equivalence/mkRequantEquivalence.v:5113$2854 ($le).
Removed top 1 bits (of 26) from port B of cell mkRequantEquivalence.$le$/workspace/scratch/839f8f1063a0/requant_equivalence/mkRequantEquivalence.v:5127$2865 ($le).
Removed top 1 bits (of 26) from port B of cell mkRequantEquivalence.$le$/workspace/scratch/839f8f1063a0/requant_equivalence/mkRequantEquivalence.v:5141$2876 ($le).
Removed top 1 bits (of 26) from port B of cell mkRequantEquivalence.$le$/workspace/scratch/839f8f1063a0/requant_equivalence/mkRequantEquivalence.v:5155$2887 ($le).
Removed top 1 bits (of 26) from port B of cell mkRequantEquivalence.$le$/workspace/scratch/839f8f1063a0/requant_equivalence/mkRequantEquivalence.v:5169$2898 ($le).
Removed top 1 bits (of 26) from port B of cell mkRequantEquivalence.$le$/workspace/scratch/839f8f1063a0/requant_equivalence/mkRequantEquivalence.v:5183$2909 ($le).
Removed top 1 bits (of 26) from port B of cell mkRequantEquivalence.$le$/workspace/scratch/839f8f1063a0/requant_equivalence/mkRequantEquivalence.v:5197$2920 ($le).
Removed top 1 bits (of 26) from port B of cell mkRequantEquivalence.$le$/workspace/scratch/839f8f1063a0/requant_equivalence/mkRequantEquivalence.v:5211$2931 ($le).
Removed top 1 bits (of 26) from port B of cell mkRequantEquivalence.$le$/workspace/scratch/839f8f1063a0/requant_equivalence/mkRequantEquivalence.v:5225$2942 ($le).
Removed top 1 bits (of 26) from port B of cell mkRequantEquivalence.$le$/workspace/scratch/839f8f1063a0/requant_equivalence/mkRequantEquivalence.v:5239$2953 ($le).
Removed top 1 bits (of 26) from port B of cell mkRequantEquivalence.$le$/workspace/scratch/839f8f1063a0/requant_equivalence/mkRequantEquivalence.v:5253$2964 ($le).
Removed top 1 bits (of 26) from port B of cell mkRequantEquivalence.$le$/workspace/scratch/839f8f1063a0/requant_equivalence/mkRequantEquivalence.v:5267$2975 ($le).
Removed top 1 bits (of 26) from port B of cell mkRequantEquivalence.$le$/workspace/scratch/839f8f1063a0/requant_equivalence/mkRequantEquivalence.v:5281$2986 ($le).
Removed top 1 bits (of 26) from port B of cell mkRequantEquivalence.$le$/workspace/scratch/839f8f1063a0/requant_equivalence/mkRequantEquivalence.v:5295$2997 ($le).
Removed top 1 bits (of 26) from port B of cell mkRequantEquivalence.$le$/workspace/scratch/839f8f1063a0/requant_equivalence/mkRequantEquivalence.v:5305$3006 ($le).
Removed top 1 bits (of 26) from port B of cell mkRequantEquivalence.$lt$/workspace/scratch/839f8f1063a0/requant_equivalence/mkRequantEquivalence.v:5315$3013 ($lt).
Removed top 1 bits (of 26) from port B of cell mkRequantEquivalence.$lt$/workspace/scratch/839f8f1063a0/requant_equivalence/mkRequantEquivalence.v:5325$3022 ($lt).
Removed top 1 bits (of 26) from port B of cell mkRequantEquivalence.$lt$/workspace/scratch/839f8f1063a0/requant_equivalence/mkRequantEquivalence.v:5335$3031 ($lt).
Removed top 1 bits (of 26) from port B of cell mkRequantEquivalence.$lt$/workspace/scratch/839f8f1063a0/requant_equivalence/mkRequantEquivalence.v:5345$3040 ($lt).
Removed top 1 bits (of 26) from port B of cell mkRequantEquivalence.$lt$/workspace/scratch/839f8f1063a0/requant_equivalence/mkRequantEquivalence.v:5355$3049 ($lt).
Removed top 1 bits (of 26) from port B of cell mkRequantEquivalence.$lt$/workspace/scratch/839f8f1063a0/requant_equivalence/mkRequantEquivalence.v:5365$3058 ($lt).
Removed top 1 bits (of 26) from port B of cell mkRequantEquivalence.$lt$/workspace/scratch/839f8f1063a0/requant_equivalence/mkRequantEquivalence.v:5375$3067 ($lt).
Removed top 1 bits (of 26) from port B of cell mkRequantEquivalence.$lt$/workspace/scratch/839f8f1063a0/requant_equivalence/mkRequantEquivalence.v:5385$3076 ($lt).
Removed top 1 bits (of 8) from port B of cell mkRequantEquivalence.$eq$/workspace/scratch/839f8f1063a0/requant_equivalence/mkRequantEquivalence.v:5396$3084 ($eq).
Removed top 1 bits (of 32) from port B of cell mkRequantEquivalence.$le$/workspace/scratch/839f8f1063a0/requant_equivalence/mkRequantEquivalence.v:5400$3089 ($le).
Removed top 1 bits (of 8) from port B of cell mkRequantEquivalence.$eq$/workspace/scratch/839f8f1063a0/requant_equivalence/mkRequantEquivalence.v:5405$3093 ($eq).
Removed top 1 bits (of 32) from port B of cell mkRequantEquivalence.$le$/workspace/scratch/839f8f1063a0/requant_equivalence/mkRequantEquivalence.v:5409$3098 ($le).
Removed top 1 bits (of 8) from port B of cell mkRequantEquivalence.$eq$/workspace/scratch/839f8f1063a0/requant_equivalence/mkRequantEquivalence.v:5414$3102 ($eq).
Removed top 1 bits (of 32) from port B of cell mkRequantEquivalence.$le$/workspace/scratch/839f8f1063a0/requant_equivalence/mkRequantEquivalence.v:5418$3107 ($le).
Removed top 1 bits (of 8) from port B of cell mkRequantEquivalence.$eq$/workspace/scratch/839f8f1063a0/requant_equivalence/mkRequantEquivalence.v:5423$3111 ($eq).
Removed top 1 bits (of 32) from port B of cell mkRequantEquivalence.$le$/workspace/scratch/839f8f1063a0/requant_equivalence/mkRequantEquivalence.v:5427$3116 ($le).
Removed top 1 bits (of 8) from port B of cell mkRequantEquivalence.$eq$/workspace/scratch/839f8f1063a0/requant_equivalence/mkRequantEquivalence.v:5432$3120 ($eq).
Removed top 1 bits (of 32) from port B of cell mkRequantEquivalence.$le$/workspace/scratch/839f8f1063a0/requant_equivalence/mkRequantEquivalence.v:5436$3125 ($le).
Removed top 1 bits (of 8) from port B of cell mkRequantEquivalence.$eq$/workspace/scratch/839f8f1063a0/requant_equivalence/mkRequantEquivalence.v:5441$3129 ($eq).
Removed top 1 bits (of 32) from port B of cell mkRequantEquivalence.$le$/workspace/scratch/839f8f1063a0/requant_equivalence/mkRequantEquivalence.v:5445$3134 ($le).
Removed top 1 bits (of 8) from port B of cell mkRequantEquivalence.$eq$/workspace/scratch/839f8f1063a0/requant_equivalence/mkRequantEquivalence.v:5450$3138 ($eq).
Removed top 1 bits (of 32) from port B of cell mkRequantEquivalence.$le$/workspace/scratch/839f8f1063a0/requant_equivalence/mkRequantEquivalence.v:5454$3143 ($le).
Removed top 1 bits (of 8) from port B of cell mkRequantEquivalence.$eq$/workspace/scratch/839f8f1063a0/requant_equivalence/mkRequantEquivalence.v:5461$3147 ($eq).
Removed top 1 bits (of 32) from port B of cell mkRequantEquivalence.$le$/workspace/scratch/839f8f1063a0/requant_equivalence/mkRequantEquivalence.v:5467$3153 ($le).
Removed top 1 bits (of 8) from port B of cell mkRequantEquivalence.$eq$/workspace/scratch/839f8f1063a0/requant_equivalence/mkRequantEquivalence.v:5474$3158 ($eq).
Removed top 1 bits (of 32) from port B of cell mkRequantEquivalence.$le$/workspace/scratch/839f8f1063a0/requant_equivalence/mkRequantEquivalence.v:5481$3164 ($le).
Removed top 1 bits (of 8) from port B of cell mkRequantEquivalence.$eq$/workspace/scratch/839f8f1063a0/requant_equivalence/mkRequantEquivalence.v:5488$3169 ($eq).
Removed top 1 bits (of 32) from port B of cell mkRequantEquivalence.$le$/workspace/scratch/839f8f1063a0/requant_equivalence/mkRequantEquivalence.v:5495$3175 ($le).
Removed top 1 bits (of 8) from port B of cell mkRequantEquivalence.$eq$/workspace/scratch/839f8f1063a0/requant_equivalence/mkRequantEquivalence.v:5502$3180 ($eq).
Removed top 1 bits (of 32) from port B of cell mkRequantEquivalence.$le$/workspace/scratch/839f8f1063a0/requant_equivalence/mkRequantEquivalence.v:5509$3186 ($le).
Removed top 1 bits (of 8) from port B of cell mkRequantEquivalence.$eq$/workspace/scratch/839f8f1063a0/requant_equivalence/mkRequantEquivalence.v:5516$3191 ($eq).
Removed top 1 bits (of 32) from port B of cell mkRequantEquivalence.$le$/workspace/scratch/839f8f1063a0/requant_equivalence/mkRequantEquivalence.v:5523$3197 ($le).
Removed top 1 bits (of 8) from port B of cell mkRequantEquivalence.$eq$/workspace/scratch/839f8f1063a0/requant_equivalence/mkRequantEquivalence.v:5530$3202 ($eq).
Removed top 1 bits (of 32) from port B of cell mkRequantEquivalence.$le$/workspace/scratch/839f8f1063a0/requant_equivalence/mkRequantEquivalence.v:5537$3208 ($le).
Removed top 1 bits (of 32) from port B of cell mkRequantEquivalence.$le$/workspace/scratch/839f8f1063a0/requant_equivalence/mkRequantEquivalence.v:5551$3219 ($le).
Removed top 1 bits (of 32) from port B of cell mkRequantEquivalence.$le$/workspace/scratch/839f8f1063a0/requant_equivalence/mkRequantEquivalence.v:5565$3230 ($le).
Removed top 1 bits (of 32) from port B of cell mkRequantEquivalence.$le$/workspace/scratch/839f8f1063a0/requant_equivalence/mkRequantEquivalence.v:5579$3241 ($le).
Removed top 1 bits (of 32) from port B of cell mkRequantEquivalence.$le$/workspace/scratch/839f8f1063a0/requant_equivalence/mkRequantEquivalence.v:5593$3252 ($le).
Removed top 1 bits (of 32) from port B of cell mkRequantEquivalence.$le$/workspace/scratch/839f8f1063a0/requant_equivalence/mkRequantEquivalence.v:5607$3263 ($le).
Removed top 1 bits (of 32) from port B of cell mkRequantEquivalence.$le$/workspace/scratch/839f8f1063a0/requant_equivalence/mkRequantEquivalence.v:5621$3274 ($le).
Removed top 1 bits (of 32) from port B of cell mkRequantEquivalence.$le$/workspace/scratch/839f8f1063a0/requant_equivalence/mkRequantEquivalence.v:5635$3285 ($le).
Removed top 1 bits (of 32) from port B of cell mkRequantEquivalence.$le$/workspace/scratch/839f8f1063a0/requant_equivalence/mkRequantEquivalence.v:5649$3296 ($le).
Removed top 1 bits (of 32) from port B of cell mkRequantEquivalence.$le$/workspace/scratch/839f8f1063a0/requant_equivalence/mkRequantEquivalence.v:5663$3307 ($le).
Removed top 1 bits (of 32) from port B of cell mkRequantEquivalence.$le$/workspace/scratch/839f8f1063a0/requant_equivalence/mkRequantEquivalence.v:5677$3318 ($le).
Removed top 1 bits (of 32) from port B of cell mkRequantEquivalence.$le$/workspace/scratch/839f8f1063a0/requant_equivalence/mkRequantEquivalence.v:5691$3329 ($le).
Removed top 1 bits (of 32) from port B of cell mkRequantEquivalence.$le$/workspace/scratch/839f8f1063a0/requant_equivalence/mkRequantEquivalence.v:5705$3340 ($le).
Removed top 1 bits (of 32) from port B of cell mkRequantEquivalence.$le$/workspace/scratch/839f8f1063a0/requant_equivalence/mkRequantEquivalence.v:5719$3351 ($le).
Removed top 1 bits (of 32) from port B of cell mkRequantEquivalence.$le$/workspace/scratch/839f8f1063a0/requant_equivalence/mkRequantEquivalence.v:5733$3362 ($le).
Removed top 1 bits (of 32) from port B of cell mkRequantEquivalence.$le$/workspace/scratch/839f8f1063a0/requant_equivalence/mkRequantEquivalence.v:5747$3373 ($le).
Removed top 1 bits (of 32) from port B of cell mkRequantEquivalence.$le$/workspace/scratch/839f8f1063a0/requant_equivalence/mkRequantEquivalence.v:5761$3384 ($le).
Removed top 1 bits (of 32) from port B of cell mkRequantEquivalence.$le$/workspace/scratch/839f8f1063a0/requant_equivalence/mkRequantEquivalence.v:5775$3395 ($le).
Removed top 1 bits (of 32) from port B of cell mkRequantEquivalence.$le$/workspace/scratch/839f8f1063a0/requant_equivalence/mkRequantEquivalence.v:5785$3404 ($le).
Removed top 1 bits (of 32) from port B of cell mkRequantEquivalence.$lt$/workspace/scratch/839f8f1063a0/requant_equivalence/mkRequantEquivalence.v:5795$3411 ($lt).
Removed top 1 bits (of 32) from port B of cell mkRequantEquivalence.$lt$/workspace/scratch/839f8f1063a0/requant_equivalence/mkRequantEquivalence.v:5805$3420 ($lt).
Removed top 1 bits (of 32) from port B of cell mkRequantEquivalence.$lt$/workspace/scratch/839f8f1063a0/requant_equivalence/mkRequantEquivalence.v:5815$3429 ($lt).
Removed top 1 bits (of 32) from port B of cell mkRequantEquivalence.$lt$/workspace/scratch/839f8f1063a0/requant_equivalence/mkRequantEquivalence.v:5825$3438 ($lt).
Removed top 1 bits (of 32) from port B of cell mkRequantEquivalence.$lt$/workspace/scratch/839f8f1063a0/requant_equivalence/mkRequantEquivalence.v:5835$3447 ($lt).
Removed top 1 bits (of 32) from port B of cell mkRequantEquivalence.$lt$/workspace/scratch/839f8f1063a0/requant_equivalence/mkRequantEquivalence.v:5845$3456 ($lt).
Removed top 1 bits (of 32) from port B of cell mkRequantEquivalence.$lt$/workspace/scratch/839f8f1063a0/requant_equivalence/mkRequantEquivalence.v:5855$3465 ($lt).
Removed top 1 bits (of 32) from port B of cell mkRequantEquivalence.$lt$/workspace/scratch/839f8f1063a0/requant_equivalence/mkRequantEquivalence.v:5865$3474 ($lt).
Removed top 1 bits (of 8) from port B of cell mkRequantEquivalence.$eq$/workspace/scratch/839f8f1063a0/requant_equivalence/mkRequantEquivalence.v:5876$3482 ($eq).
Removed top 1 bits (of 35) from port B of cell mkRequantEquivalence.$le$/workspace/scratch/839f8f1063a0/requant_equivalence/mkRequantEquivalence.v:5880$3487 ($le).
Removed top 1 bits (of 8) from port B of cell mkRequantEquivalence.$eq$/workspace/scratch/839f8f1063a0/requant_equivalence/mkRequantEquivalence.v:5885$3491 ($eq).
Removed top 1 bits (of 35) from port B of cell mkRequantEquivalence.$le$/workspace/scratch/839f8f1063a0/requant_equivalence/mkRequantEquivalence.v:5889$3496 ($le).
Removed top 1 bits (of 8) from port B of cell mkRequantEquivalence.$eq$/workspace/scratch/839f8f1063a0/requant_equivalence/mkRequantEquivalence.v:5894$3500 ($eq).
Removed top 1 bits (of 35) from port B of cell mkRequantEquivalence.$le$/workspace/scratch/839f8f1063a0/requant_equivalence/mkRequantEquivalence.v:5898$3505 ($le).
Removed top 1 bits (of 8) from port B of cell mkRequantEquivalence.$eq$/workspace/scratch/839f8f1063a0/requant_equivalence/mkRequantEquivalence.v:5903$3509 ($eq).
Removed top 1 bits (of 35) from port B of cell mkRequantEquivalence.$le$/workspace/scratch/839f8f1063a0/requant_equivalence/mkRequantEquivalence.v:5907$3514 ($le).
Removed top 1 bits (of 8) from port B of cell mkRequantEquivalence.$eq$/workspace/scratch/839f8f1063a0/requant_equivalence/mkRequantEquivalence.v:5912$3518 ($eq).
Removed top 1 bits (of 35) from port B of cell mkRequantEquivalence.$le$/workspace/scratch/839f8f1063a0/requant_equivalence/mkRequantEquivalence.v:5916$3523 ($le).
Removed top 1 bits (of 8) from port B of cell mkRequantEquivalence.$eq$/workspace/scratch/839f8f1063a0/requant_equivalence/mkRequantEquivalence.v:5921$3527 ($eq).
Removed top 1 bits (of 35) from port B of cell mkRequantEquivalence.$le$/workspace/scratch/839f8f1063a0/requant_equivalence/mkRequantEquivalence.v:5925$3532 ($le).
Removed top 1 bits (of 8) from port B of cell mkRequantEquivalence.$eq$/workspace/scratch/839f8f1063a0/requant_equivalence/mkRequantEquivalence.v:5930$3536 ($eq).
Removed top 1 bits (of 35) from port B of cell mkRequantEquivalence.$le$/workspace/scratch/839f8f1063a0/requant_equivalence/mkRequantEquivalence.v:5934$3541 ($le).
Removed top 1 bits (of 8) from port B of cell mkRequantEquivalence.$eq$/workspace/scratch/839f8f1063a0/requant_equivalence/mkRequantEquivalence.v:5941$3545 ($eq).
Removed top 1 bits (of 35) from port B of cell mkRequantEquivalence.$le$/workspace/scratch/839f8f1063a0/requant_equivalence/mkRequantEquivalence.v:5947$3551 ($le).
Removed top 1 bits (of 8) from port B of cell mkRequantEquivalence.$eq$/workspace/scratch/839f8f1063a0/requant_equivalence/mkRequantEquivalence.v:5954$3556 ($eq).
Removed top 1 bits (of 35) from port B of cell mkRequantEquivalence.$le$/workspace/scratch/839f8f1063a0/requant_equivalence/mkRequantEquivalence.v:5961$3562 ($le).
Removed top 1 bits (of 8) from port B of cell mkRequantEquivalence.$eq$/workspace/scratch/839f8f1063a0/requant_equivalence/mkRequantEquivalence.v:5968$3567 ($eq).
Removed top 1 bits (of 35) from port B of cell mkRequantEquivalence.$le$/workspace/scratch/839f8f1063a0/requant_equivalence/mkRequantEquivalence.v:5975$3573 ($le).
Removed top 1 bits (of 35) from port B of cell mkRequantEquivalence.$le$/workspace/scratch/839f8f1063a0/requant_equivalence/mkRequantEquivalence.v:5989$3584 ($le).
Removed top 1 bits (of 35) from port B of cell mkRequantEquivalence.$le$/workspace/scratch/839f8f1063a0/requant_equivalence/mkRequantEquivalence.v:6003$3595 ($le).
Removed top 1 bits (of 35) from port B of cell mkRequantEquivalence.$le$/workspace/scratch/839f8f1063a0/requant_equivalence/mkRequantEquivalence.v:6017$3606 ($le).
Removed top 1 bits (of 35) from port B of cell mkRequantEquivalence.$le$/workspace/scratch/839f8f1063a0/requant_equivalence/mkRequantEquivalence.v:6031$3617 ($le).
Removed top 1 bits (of 35) from port B of cell mkRequantEquivalence.$le$/workspace/scratch/839f8f1063a0/requant_equivalence/mkRequantEquivalence.v:6045$3628 ($le).
Removed top 1 bits (of 35) from port B of cell mkRequantEquivalence.$le$/workspace/scratch/839f8f1063a0/requant_equivalence/mkRequantEquivalence.v:6059$3639 ($le).
Removed top 1 bits (of 35) from port B of cell mkRequantEquivalence.$le$/workspace/scratch/839f8f1063a0/requant_equivalence/mkRequantEquivalence.v:6073$3650 ($le).
Removed top 1 bits (of 35) from port B of cell mkRequantEquivalence.$le$/workspace/scratch/839f8f1063a0/requant_equivalence/mkRequantEquivalence.v:6087$3661 ($le).
Removed top 1 bits (of 35) from port B of cell mkRequantEquivalence.$le$/workspace/scratch/839f8f1063a0/requant_equivalence/mkRequantEquivalence.v:6101$3672 ($le).
Removed top 1 bits (of 35) from port B of cell mkRequantEquivalence.$le$/workspace/scratch/839f8f1063a0/requant_equivalence/mkRequantEquivalence.v:6115$3683 ($le).
Removed top 1 bits (of 35) from port B of cell mkRequantEquivalence.$le$/workspace/scratch/839f8f1063a0/requant_equivalence/mkRequantEquivalence.v:6129$3694 ($le).
Removed top 1 bits (of 35) from port B of cell mkRequantEquivalence.$le$/workspace/scratch/839f8f1063a0/requant_equivalence/mkRequantEquivalence.v:6143$3705 ($le).
Removed top 1 bits (of 35) from port B of cell mkRequantEquivalence.$le$/workspace/scratch/839f8f1063a0/requant_equivalence/mkRequantEquivalence.v:6157$3716 ($le).
Removed top 1 bits (of 35) from port B of cell mkRequantEquivalence.$le$/workspace/scratch/839f8f1063a0/requant_equivalence/mkRequantEquivalence.v:6171$3727 ($le).
Removed top 1 bits (of 35) from port B of cell mkRequantEquivalence.$le$/workspace/scratch/839f8f1063a0/requant_equivalence/mkRequantEquivalence.v:6185$3738 ($le).
Removed top 1 bits (of 35) from port B of cell mkRequantEquivalence.$le$/workspace/scratch/839f8f1063a0/requant_equivalence/mkRequantEquivalence.v:6199$3749 ($le).
Removed top 1 bits (of 35) from port B of cell mkRequantEquivalence.$le$/workspace/scratch/839f8f1063a0/requant_equivalence/mkRequantEquivalence.v:6213$3760 ($le).
Removed top 1 bits (of 35) from port B of cell mkRequantEquivalence.$le$/workspace/scratch/839f8f1063a0/requant_equivalence/mkRequantEquivalence.v:6227$3771 ($le).
Removed top 1 bits (of 35) from port B of cell mkRequantEquivalence.$le$/workspace/scratch/839f8f1063a0/requant_equivalence/mkRequantEquivalence.v:6241$3782 ($le).
Removed top 1 bits (of 35) from port B of cell mkRequantEquivalence.$le$/workspace/scratch/839f8f1063a0/requant_equivalence/mkRequantEquivalence.v:6255$3793 ($le).
Removed top 1 bits (of 35) from port B of cell mkRequantEquivalence.$le$/workspace/scratch/839f8f1063a0/requant_equivalence/mkRequantEquivalence.v:6269$3804 ($le).
Removed top 1 bits (of 35) from port B of cell mkRequantEquivalence.$le$/workspace/scratch/839f8f1063a0/requant_equivalence/mkRequantEquivalence.v:6283$3815 ($le).
Removed top 1 bits (of 35) from port B of cell mkRequantEquivalence.$le$/workspace/scratch/839f8f1063a0/requant_equivalence/mkRequantEquivalence.v:6297$3826 ($le).
Removed top 1 bits (of 35) from port B of cell mkRequantEquivalence.$le$/workspace/scratch/839f8f1063a0/requant_equivalence/mkRequantEquivalence.v:6307$3835 ($le).
Removed top 1 bits (of 35) from port B of cell mkRequantEquivalence.$lt$/workspace/scratch/839f8f1063a0/requant_equivalence/mkRequantEquivalence.v:6317$3842 ($lt).
Removed top 1 bits (of 35) from port B of cell mkRequantEquivalence.$lt$/workspace/scratch/839f8f1063a0/requant_equivalence/mkRequantEquivalence.v:6327$3851 ($lt).
Removed top 1 bits (of 35) from port B of cell mkRequantEquivalence.$lt$/workspace/scratch/839f8f1063a0/requant_equivalence/mkRequantEquivalence.v:6337$3860 ($lt).
Removed top 1 bits (of 35) from port B of cell mkRequantEquivalence.$lt$/workspace/scratch/839f8f1063a0/requant_equivalence/mkRequantEquivalence.v:6347$3869 ($lt).
Removed top 1 bits (of 35) from port B of cell mkRequantEquivalence.$lt$/workspace/scratch/839f8f1063a0/requant_equivalence/mkRequantEquivalence.v:6357$3878 ($lt).
Removed top 1 bits (of 35) from port B of cell mkRequantEquivalence.$lt$/workspace/scratch/839f8f1063a0/requant_equivalence/mkRequantEquivalence.v:6367$3887 ($lt).
Removed top 1 bits (of 35) from port B of cell mkRequantEquivalence.$lt$/workspace/scratch/839f8f1063a0/requant_equivalence/mkRequantEquivalence.v:6377$3896 ($lt).
Removed top 1 bits (of 35) from port B of cell mkRequantEquivalence.$lt$/workspace/scratch/839f8f1063a0/requant_equivalence/mkRequantEquivalence.v:6387$3905 ($lt).
Removed top 1 bits (of 8) from port B of cell mkRequantEquivalence.$eq$/workspace/scratch/839f8f1063a0/requant_equivalence/mkRequantEquivalence.v:6398$3913 ($eq).
Removed top 1 bits (of 48) from port B of cell mkRequantEquivalence.$le$/workspace/scratch/839f8f1063a0/requant_equivalence/mkRequantEquivalence.v:6402$3918 ($le).
Removed top 1 bits (of 8) from port B of cell mkRequantEquivalence.$eq$/workspace/scratch/839f8f1063a0/requant_equivalence/mkRequantEquivalence.v:6407$3922 ($eq).
Removed top 1 bits (of 48) from port B of cell mkRequantEquivalence.$le$/workspace/scratch/839f8f1063a0/requant_equivalence/mkRequantEquivalence.v:6411$3927 ($le).
Removed top 1 bits (of 8) from port B of cell mkRequantEquivalence.$eq$/workspace/scratch/839f8f1063a0/requant_equivalence/mkRequantEquivalence.v:6416$3931 ($eq).
Removed top 1 bits (of 48) from port B of cell mkRequantEquivalence.$le$/workspace/scratch/839f8f1063a0/requant_equivalence/mkRequantEquivalence.v:6420$3936 ($le).
Removed top 1 bits (of 8) from port B of cell mkRequantEquivalence.$eq$/workspace/scratch/839f8f1063a0/requant_equivalence/mkRequantEquivalence.v:6425$3940 ($eq).
Removed top 1 bits (of 48) from port B of cell mkRequantEquivalence.$le$/workspace/scratch/839f8f1063a0/requant_equivalence/mkRequantEquivalence.v:6429$3945 ($le).
Removed top 1 bits (of 8) from port B of cell mkRequantEquivalence.$eq$/workspace/scratch/839f8f1063a0/requant_equivalence/mkRequantEquivalence.v:6434$3949 ($eq).
Removed top 1 bits (of 48) from port B of cell mkRequantEquivalence.$le$/workspace/scratch/839f8f1063a0/requant_equivalence/mkRequantEquivalence.v:6438$3954 ($le).
Removed top 1 bits (of 8) from port B of cell mkRequantEquivalence.$eq$/workspace/scratch/839f8f1063a0/requant_equivalence/mkRequantEquivalence.v:6443$3958 ($eq).
Removed top 1 bits (of 48) from port B of cell mkRequantEquivalence.$le$/workspace/scratch/839f8f1063a0/requant_equivalence/mkRequantEquivalence.v:6447$3963 ($le).
Removed top 1 bits (of 8) from port B of cell mkRequantEquivalence.$eq$/workspace/scratch/839f8f1063a0/requant_equivalence/mkRequantEquivalence.v:6452$3967 ($eq).
Removed top 1 bits (of 48) from port B of cell mkRequantEquivalence.$le$/workspace/scratch/839f8f1063a0/requant_equivalence/mkRequantEquivalence.v:6456$3972 ($le).
Removed top 1 bits (of 8) from port B of cell mkRequantEquivalence.$eq$/workspace/scratch/839f8f1063a0/requant_equivalence/mkRequantEquivalence.v:6463$3976 ($eq).
Removed top 1 bits (of 48) from port B of cell mkRequantEquivalence.$le$/workspace/scratch/839f8f1063a0/requant_equivalence/mkRequantEquivalence.v:6469$3982 ($le).
Removed top 1 bits (of 8) from port B of cell mkRequantEquivalence.$eq$/workspace/scratch/839f8f1063a0/requant_equivalence/mkRequantEquivalence.v:6476$3987 ($eq).
Removed top 1 bits (of 48) from port B of cell mkRequantEquivalence.$le$/workspace/scratch/839f8f1063a0/requant_equivalence/mkRequantEquivalence.v:6483$3993 ($le).
Removed top 1 bits (of 8) from port B of cell mkRequantEquivalence.$eq$/workspace/scratch/839f8f1063a0/requant_equivalence/mkRequantEquivalence.v:6490$3998 ($eq).
Removed top 1 bits (of 48) from port B of cell mkRequantEquivalence.$le$/workspace/scratch/839f8f1063a0/requant_equivalence/mkRequantEquivalence.v:6497$4004 ($le).
Removed top 1 bits (of 8) from port B of cell mkRequantEquivalence.$eq$/workspace/scratch/839f8f1063a0/requant_equivalence/mkRequantEquivalence.v:6504$4009 ($eq).
Removed top 1 bits (of 48) from port B of cell mkRequantEquivalence.$le$/workspace/scratch/839f8f1063a0/requant_equivalence/mkRequantEquivalence.v:6511$4015 ($le).
Removed top 1 bits (of 8) from port B of cell mkRequantEquivalence.$eq$/workspace/scratch/839f8f1063a0/requant_equivalence/mkRequantEquivalence.v:6518$4020 ($eq).
Removed top 1 bits (of 48) from port B of cell mkRequantEquivalence.$le$/workspace/scratch/839f8f1063a0/requant_equivalence/mkRequantEquivalence.v:6525$4026 ($le).
Removed top 1 bits (of 8) from port B of cell mkRequantEquivalence.$eq$/workspace/scratch/839f8f1063a0/requant_equivalence/mkRequantEquivalence.v:6532$4031 ($eq).
Removed top 1 bits (of 48) from port B of cell mkRequantEquivalence.$le$/workspace/scratch/839f8f1063a0/requant_equivalence/mkRequantEquivalence.v:6539$4037 ($le).
Removed top 1 bits (of 8) from port B of cell mkRequantEquivalence.$eq$/workspace/scratch/839f8f1063a0/requant_equivalence/mkRequantEquivalence.v:6546$4042 ($eq).
Removed top 1 bits (of 48) from port B of cell mkRequantEquivalence.$le$/workspace/scratch/839f8f1063a0/requant_equivalence/mkRequantEquivalence.v:6553$4048 ($le).
Removed top 1 bits (of 8) from port B of cell mkRequantEquivalence.$eq$/workspace/scratch/839f8f1063a0/requant_equivalence/mkRequantEquivalence.v:6560$4053 ($eq).
Removed top 1 bits (of 48) from port B of cell mkRequantEquivalence.$le$/workspace/scratch/839f8f1063a0/requant_equivalence/mkRequantEquivalence.v:6567$4059 ($le).
Removed top 1 bits (of 8) from port B of cell mkRequantEquivalence.$eq$/workspace/scratch/839f8f1063a0/requant_equivalence/mkRequantEquivalence.v:6574$4064 ($eq).
Removed top 1 bits (of 48) from port B of cell mkRequantEquivalence.$le$/workspace/scratch/839f8f1063a0/requant_equivalence/mkRequantEquivalence.v:6581$4070 ($le).
Removed top 1 bits (of 8) from port B of cell mkRequantEquivalence.$eq$/workspace/scratch/839f8f1063a0/requant_equivalence/mkRequantEquivalence.v:6588$4075 ($eq).
Removed top 1 bits (of 48) from port B of cell mkRequantEquivalence.$le$/workspace/scratch/839f8f1063a0/requant_equivalence/mkRequantEquivalence.v:6595$4081 ($le).
Removed top 1 bits (of 8) from port B of cell mkRequantEquivalence.$eq$/workspace/scratch/839f8f1063a0/requant_equivalence/mkRequantEquivalence.v:6602$4086 ($eq).
Removed top 1 bits (of 48) from port B of cell mkRequantEquivalence.$le$/workspace/scratch/839f8f1063a0/requant_equivalence/mkRequantEquivalence.v:6609$4092 ($le).
Removed top 1 bits (of 8) from port B of cell mkRequantEquivalence.$eq$/workspace/scratch/839f8f1063a0/requant_equivalence/mkRequantEquivalence.v:6616$4097 ($eq).
Removed top 1 bits (of 48) from port B of cell mkRequantEquivalence.$le$/workspace/scratch/839f8f1063a0/requant_equivalence/mkRequantEquivalence.v:6623$4103 ($le).
Removed top 1 bits (of 8) from port B of cell mkRequantEquivalence.$eq$/workspace/scratch/839f8f1063a0/requant_equivalence/mkRequantEquivalence.v:6630$4108 ($eq).
Removed top 1 bits (of 48) from port B of cell mkRequantEquivalence.$le$/workspace/scratch/839f8f1063a0/requant_equivalence/mkRequantEquivalence.v:6637$4114 ($le).
Removed top 1 bits (of 48) from port B of cell mkRequantEquivalence.$le$/workspace/scratch/839f8f1063a0/requant_equivalence/mkRequantEquivalence.v:6651$4125 ($le).
Removed top 1 bits (of 48) from port B of cell mkRequantEquivalence.$le$/workspace/scratch/839f8f1063a0/requant_equivalence/mkRequantEquivalence.v:6665$4136 ($le).
Removed top 1 bits (of 48) from port B of cell mkRequantEquivalence.$le$/workspace/scratch/839f8f1063a0/requant_equivalence/mkRequantEquivalence.v:6679$4147 ($le).
Removed top 1 bits (of 48) from port B of cell mkRequantEquivalence.$le$/workspace/scratch/839f8f1063a0/requant_equivalence/mkRequantEquivalence.v:6693$4158 ($le).
Removed top 1 bits (of 48) from port B of cell mkRequantEquivalence.$le$/workspace/scratch/839f8f1063a0/requant_equivalence/mkRequantEquivalence.v:6707$4169 ($le).
Removed top 1 bits (of 48) from port B of cell mkRequantEquivalence.$le$/workspace/scratch/839f8f1063a0/requant_equivalence/mkRequantEquivalence.v:6721$4180 ($le).
Removed top 1 bits (of 48) from port B of cell mkRequantEquivalence.$le$/workspace/scratch/839f8f1063a0/requant_equivalence/mkRequantEquivalence.v:6735$4191 ($le).
Removed top 1 bits (of 48) from port B of cell mkRequantEquivalence.$le$/workspace/scratch/839f8f1063a0/requant_equivalence/mkRequantEquivalence.v:6749$4202 ($le).
Removed top 1 bits (of 48) from port B of cell mkRequantEquivalence.$le$/workspace/scratch/839f8f1063a0/requant_equivalence/mkRequantEquivalence.v:6763$4213 ($le).
Removed top 1 bits (of 48) from port B of cell mkRequantEquivalence.$le$/workspace/scratch/839f8f1063a0/requant_equivalence/mkRequantEquivalence.v:6777$4224 ($le).
Removed top 1 bits (of 48) from port B of cell mkRequantEquivalence.$le$/workspace/scratch/839f8f1063a0/requant_equivalence/mkRequantEquivalence.v:6791$4235 ($le).
Removed top 1 bits (of 48) from port B of cell mkRequantEquivalence.$le$/workspace/scratch/839f8f1063a0/requant_equivalence/mkRequantEquivalence.v:6805$4246 ($le).
Removed top 1 bits (of 48) from port B of cell mkRequantEquivalence.$le$/workspace/scratch/839f8f1063a0/requant_equivalence/mkRequantEquivalence.v:6819$4257 ($le).
Removed top 1 bits (of 48) from port B of cell mkRequantEquivalence.$le$/workspace/scratch/839f8f1063a0/requant_equivalence/mkRequantEquivalence.v:6833$4268 ($le).
Removed top 1 bits (of 48) from port B of cell mkRequantEquivalence.$le$/workspace/scratch/839f8f1063a0/requant_equivalence/mkRequantEquivalence.v:6847$4279 ($le).
Removed top 1 bits (of 48) from port B of cell mkRequantEquivalence.$le$/workspace/scratch/839f8f1063a0/requant_equivalence/mkRequantEquivalence.v:6861$4290 ($le).
Removed top 1 bits (of 48) from port B of cell mkRequantEquivalence.$le$/workspace/scratch/839f8f1063a0/requant_equivalence/mkRequantEquivalence.v:6875$4301 ($le).
Removed top 1 bits (of 48) from port B of cell mkRequantEquivalence.$le$/workspace/scratch/839f8f1063a0/requant_equivalence/mkRequantEquivalence.v:6889$4312 ($le).
Removed top 1 bits (of 48) from port B of cell mkRequantEquivalence.$le$/workspace/scratch/839f8f1063a0/requant_equivalence/mkRequantEquivalence.v:6903$4323 ($le).
Removed top 1 bits (of 48) from port B of cell mkRequantEquivalence.$le$/workspace/scratch/839f8f1063a0/requant_equivalence/mkRequantEquivalence.v:6917$4334 ($le).
Removed top 1 bits (of 48) from port B of cell mkRequantEquivalence.$le$/workspace/scratch/839f8f1063a0/requant_equivalence/mkRequantEquivalence.v:6931$4345 ($le).
Removed top 1 bits (of 48) from port B of cell mkRequantEquivalence.$le$/workspace/scratch/839f8f1063a0/requant_equivalence/mkRequantEquivalence.v:6945$4356 ($le).
Removed top 1 bits (of 48) from port B of cell mkRequantEquivalence.$le$/workspace/scratch/839f8f1063a0/requant_equivalence/mkRequantEquivalence.v:6959$4367 ($le).
Removed top 1 bits (of 48) from port B of cell mkRequantEquivalence.$le$/workspace/scratch/839f8f1063a0/requant_equivalence/mkRequantEquivalence.v:6973$4378 ($le).
Removed top 1 bits (of 48) from port B of cell mkRequantEquivalence.$le$/workspace/scratch/839f8f1063a0/requant_equivalence/mkRequantEquivalence.v:6987$4389 ($le).
Removed top 1 bits (of 48) from port B of cell mkRequantEquivalence.$le$/workspace/scratch/839f8f1063a0/requant_equivalence/mkRequantEquivalence.v:7001$4400 ($le).
Removed top 1 bits (of 48) from port B of cell mkRequantEquivalence.$le$/workspace/scratch/839f8f1063a0/requant_equivalence/mkRequantEquivalence.v:7011$4409 ($le).
Removed top 1 bits (of 48) from port B of cell mkRequantEquivalence.$lt$/workspace/scratch/839f8f1063a0/requant_equivalence/mkRequantEquivalence.v:7021$4416 ($lt).
Removed top 1 bits (of 48) from port B of cell mkRequantEquivalence.$lt$/workspace/scratch/839f8f1063a0/requant_equivalence/mkRequantEquivalence.v:7033$4425 ($lt).
Removed top 1 bits (of 48) from port B of cell mkRequantEquivalence.$lt$/workspace/scratch/839f8f1063a0/requant_equivalence/mkRequantEquivalence.v:7045$4434 ($lt).
Removed top 1 bits (of 48) from port B of cell mkRequantEquivalence.$lt$/workspace/scratch/839f8f1063a0/requant_equivalence/mkRequantEquivalence.v:7057$4443 ($lt).
Removed top 1 bits (of 48) from port B of cell mkRequantEquivalence.$lt$/workspace/scratch/839f8f1063a0/requant_equivalence/mkRequantEquivalence.v:7069$4452 ($lt).
Removed top 1 bits (of 48) from port B of cell mkRequantEquivalence.$lt$/workspace/scratch/839f8f1063a0/requant_equivalence/mkRequantEquivalence.v:7081$4461 ($lt).
Removed top 1 bits (of 48) from port B of cell mkRequantEquivalence.$lt$/workspace/scratch/839f8f1063a0/requant_equivalence/mkRequantEquivalence.v:7093$4470 ($lt).
Removed top 1 bits (of 48) from port B of cell mkRequantEquivalence.$lt$/workspace/scratch/839f8f1063a0/requant_equivalence/mkRequantEquivalence.v:7105$4479 ($lt).
Removed top 1 bits (of 8) from port B of cell mkRequantEquivalence.$eq$/workspace/scratch/839f8f1063a0/requant_equivalence/mkRequantEquivalence.v:7117$4487 ($eq).
Removed top 2 bits (of 9) from port B of cell mkRequantEquivalence.$le$/workspace/scratch/839f8f1063a0/requant_equivalence/mkRequantEquivalence.v:7121$4492 ($le).
Removed top 1 bits (of 8) from port B of cell mkRequantEquivalence.$eq$/workspace/scratch/839f8f1063a0/requant_equivalence/mkRequantEquivalence.v:7126$4496 ($eq).
Removed top 2 bits (of 9) from port B of cell mkRequantEquivalence.$le$/workspace/scratch/839f8f1063a0/requant_equivalence/mkRequantEquivalence.v:7130$4501 ($le).
Removed top 1 bits (of 8) from port B of cell mkRequantEquivalence.$eq$/workspace/scratch/839f8f1063a0/requant_equivalence/mkRequantEquivalence.v:7135$4505 ($eq).
Removed top 2 bits (of 9) from port B of cell mkRequantEquivalence.$le$/workspace/scratch/839f8f1063a0/requant_equivalence/mkRequantEquivalence.v:7139$4510 ($le).
Removed top 1 bits (of 8) from port B of cell mkRequantEquivalence.$eq$/workspace/scratch/839f8f1063a0/requant_equivalence/mkRequantEquivalence.v:7144$4514 ($eq).
Removed top 2 bits (of 9) from port B of cell mkRequantEquivalence.$le$/workspace/scratch/839f8f1063a0/requant_equivalence/mkRequantEquivalence.v:7148$4519 ($le).
Removed top 1 bits (of 8) from port B of cell mkRequantEquivalence.$eq$/workspace/scratch/839f8f1063a0/requant_equivalence/mkRequantEquivalence.v:7153$4523 ($eq).
Removed top 2 bits (of 9) from port B of cell mkRequantEquivalence.$le$/workspace/scratch/839f8f1063a0/requant_equivalence/mkRequantEquivalence.v:7157$4528 ($le).
Removed top 1 bits (of 8) from port B of cell mkRequantEquivalence.$eq$/workspace/scratch/839f8f1063a0/requant_equivalence/mkRequantEquivalence.v:7162$4532 ($eq).
Removed top 2 bits (of 9) from port B of cell mkRequantEquivalence.$le$/workspace/scratch/839f8f1063a0/requant_equivalence/mkRequantEquivalence.v:7166$4537 ($le).
Removed top 1 bits (of 8) from port B of cell mkRequantEquivalence.$eq$/workspace/scratch/839f8f1063a0/requant_equivalence/mkRequantEquivalence.v:7171$4541 ($eq).
Removed top 2 bits (of 9) from port B of cell mkRequantEquivalence.$le$/workspace/scratch/839f8f1063a0/requant_equivalence/mkRequantEquivalence.v:7175$4546 ($le).
Removed top 2 bits (of 9) from port B of cell mkRequantEquivalence.$le$/workspace/scratch/839f8f1063a0/requant_equivalence/mkRequantEquivalence.v:7184$4554 ($le).
Removed top 1 bits (of 9) from port B of cell mkRequantEquivalence.$lt$/workspace/scratch/839f8f1063a0/requant_equivalence/mkRequantEquivalence.v:7194$4561 ($lt).
Removed top 1 bits (of 9) from port B of cell mkRequantEquivalence.$lt$/workspace/scratch/839f8f1063a0/requant_equivalence/mkRequantEquivalence.v:7204$4570 ($lt).
Removed top 1 bits (of 9) from port B of cell mkRequantEquivalence.$lt$/workspace/scratch/839f8f1063a0/requant_equivalence/mkRequantEquivalence.v:7214$4579 ($lt).
Removed top 1 bits (of 9) from port B of cell mkRequantEquivalence.$lt$/workspace/scratch/839f8f1063a0/requant_equivalence/mkRequantEquivalence.v:7224$4588 ($lt).
Removed top 1 bits (of 9) from port B of cell mkRequantEquivalence.$lt$/workspace/scratch/839f8f1063a0/requant_equivalence/mkRequantEquivalence.v:7234$4597 ($lt).
Removed top 1 bits (of 9) from port B of cell mkRequantEquivalence.$lt$/workspace/scratch/839f8f1063a0/requant_equivalence/mkRequantEquivalence.v:7244$4606 ($lt).
Removed top 1 bits (of 9) from port B of cell mkRequantEquivalence.$lt$/workspace/scratch/839f8f1063a0/requant_equivalence/mkRequantEquivalence.v:7254$4615 ($lt).
Removed top 1 bits (of 9) from port B of cell mkRequantEquivalence.$lt$/workspace/scratch/839f8f1063a0/requant_equivalence/mkRequantEquivalence.v:7264$4624 ($lt).
Removed top 1 bits (of 8) from port B of cell mkRequantEquivalence.$eq$/workspace/scratch/839f8f1063a0/requant_equivalence/mkRequantEquivalence.v:7275$4632 ($eq).
Removed top 1 bits (of 10) from port B of cell mkRequantEquivalence.$le$/workspace/scratch/839f8f1063a0/requant_equivalence/mkRequantEquivalence.v:7279$4637 ($le).
Removed top 1 bits (of 8) from port B of cell mkRequantEquivalence.$eq$/workspace/scratch/839f8f1063a0/requant_equivalence/mkRequantEquivalence.v:7284$4641 ($eq).
Removed top 1 bits (of 10) from port B of cell mkRequantEquivalence.$le$/workspace/scratch/839f8f1063a0/requant_equivalence/mkRequantEquivalence.v:7288$4646 ($le).
Removed top 1 bits (of 8) from port B of cell mkRequantEquivalence.$eq$/workspace/scratch/839f8f1063a0/requant_equivalence/mkRequantEquivalence.v:7293$4650 ($eq).
Removed top 1 bits (of 10) from port B of cell mkRequantEquivalence.$le$/workspace/scratch/839f8f1063a0/requant_equivalence/mkRequantEquivalence.v:7297$4655 ($le).
Removed top 1 bits (of 8) from port B of cell mkRequantEquivalence.$eq$/workspace/scratch/839f8f1063a0/requant_equivalence/mkRequantEquivalence.v:7302$4659 ($eq).
Removed top 1 bits (of 10) from port B of cell mkRequantEquivalence.$le$/workspace/scratch/839f8f1063a0/requant_equivalence/mkRequantEquivalence.v:7306$4664 ($le).
Removed top 1 bits (of 8) from port B of cell mkRequantEquivalence.$eq$/workspace/scratch/839f8f1063a0/requant_equivalence/mkRequantEquivalence.v:7311$4668 ($eq).
Removed top 1 bits (of 10) from port B of cell mkRequantEquivalence.$le$/workspace/scratch/839f8f1063a0/requant_equivalence/mkRequantEquivalence.v:7315$4673 ($le).
Removed top 1 bits (of 8) from port B of cell mkRequantEquivalence.$eq$/workspace/scratch/839f8f1063a0/requant_equivalence/mkRequantEquivalence.v:7320$4677 ($eq).
Removed top 1 bits (of 10) from port B of cell mkRequantEquivalence.$le$/workspace/scratch/839f8f1063a0/requant_equivalence/mkRequantEquivalence.v:7324$4682 ($le).
Removed top 1 bits (of 8) from port B of cell mkRequantEquivalence.$eq$/workspace/scratch/839f8f1063a0/requant_equivalence/mkRequantEquivalence.v:7329$4686 ($eq).
Removed top 1 bits (of 10) from port B of cell mkRequantEquivalence.$le$/workspace/scratch/839f8f1063a0/requant_equivalence/mkRequantEquivalence.v:7333$4691 ($le).
Removed top 1 bits (of 10) from port B of cell mkRequantEquivalence.$le$/workspace/scratch/839f8f1063a0/requant_equivalence/mkRequantEquivalence.v:7346$4701 ($le).
Removed top 1 bits (of 10) from port B of cell mkRequantEquivalence.$le$/workspace/scratch/839f8f1063a0/requant_equivalence/mkRequantEquivalence.v:7356$4710 ($le).
Removed top 1 bits (of 10) from port B of cell mkRequantEquivalence.$lt$/workspace/scratch/839f8f1063a0/requant_equivalence/mkRequantEquivalence.v:7366$4717 ($lt).
Removed top 1 bits (of 10) from port B of cell mkRequantEquivalence.$lt$/workspace/scratch/839f8f1063a0/requant_equivalence/mkRequantEquivalence.v:7376$4726 ($lt).
Removed top 1 bits (of 10) from port B of cell mkRequantEquivalence.$lt$/workspace/scratch/839f8f1063a0/requant_equivalence/mkRequantEquivalence.v:7386$4735 ($lt).
Removed top 1 bits (of 10) from port B of cell mkRequantEquivalence.$lt$/workspace/scratch/839f8f1063a0/requant_equivalence/mkRequantEquivalence.v:7396$4744 ($lt).
Removed top 1 bits (of 10) from port B of cell mkRequantEquivalence.$lt$/workspace/scratch/839f8f1063a0/requant_equivalence/mkRequantEquivalence.v:7406$4753 ($lt).
Removed top 1 bits (of 10) from port B of cell mkRequantEquivalence.$lt$/workspace/scratch/839f8f1063a0/requant_equivalence/mkRequantEquivalence.v:7416$4762 ($lt).
Removed top 1 bits (of 10) from port B of cell mkRequantEquivalence.$lt$/workspace/scratch/839f8f1063a0/requant_equivalence/mkRequantEquivalence.v:7426$4771 ($lt).
Removed top 1 bits (of 10) from port B of cell mkRequantEquivalence.$lt$/workspace/scratch/839f8f1063a0/requant_equivalence/mkRequantEquivalence.v:7436$4780 ($lt).
Removed top 1 bits (of 8) from port B of cell mkRequantEquivalence.$eq$/workspace/scratch/839f8f1063a0/requant_equivalence/mkRequantEquivalence.v:8777$5836 ($eq).
Removed top 1 bits (of 64) from port B of cell mkRequantEquivalence.$le$/workspace/scratch/839f8f1063a0/requant_equivalence/mkRequantEquivalence.v:8782$5841 ($le).
Removed top 1 bits (of 8) from port B of cell mkRequantEquivalence.$eq$/workspace/scratch/839f8f1063a0/requant_equivalence/mkRequantEquivalence.v:8788$5845 ($eq).
Removed top 1 bits (of 64) from port B of cell mkRequantEquivalence.$le$/workspace/scratch/839f8f1063a0/requant_equivalence/mkRequantEquivalence.v:8793$5850 ($le).
Removed top 1 bits (of 8) from port B of cell mkRequantEquivalence.$eq$/workspace/scratch/839f8f1063a0/requant_equivalence/mkRequantEquivalence.v:8799$5854 ($eq).
Removed top 1 bits (of 64) from port B of cell mkRequantEquivalence.$le$/workspace/scratch/839f8f1063a0/requant_equivalence/mkRequantEquivalence.v:8804$5859 ($le).
Removed top 1 bits (of 8) from port B of cell mkRequantEquivalence.$eq$/workspace/scratch/839f8f1063a0/requant_equivalence/mkRequantEquivalence.v:8810$5863 ($eq).
Removed top 1 bits (of 64) from port B of cell mkRequantEquivalence.$le$/workspace/scratch/839f8f1063a0/requant_equivalence/mkRequantEquivalence.v:8815$5868 ($le).
Removed top 1 bits (of 8) from port B of cell mkRequantEquivalence.$eq$/workspace/scratch/839f8f1063a0/requant_equivalence/mkRequantEquivalence.v:8821$5872 ($eq).
Removed top 1 bits (of 64) from port B of cell mkRequantEquivalence.$le$/workspace/scratch/839f8f1063a0/requant_equivalence/mkRequantEquivalence.v:8826$5877 ($le).
Removed top 1 bits (of 8) from port B of cell mkRequantEquivalence.$eq$/workspace/scratch/839f8f1063a0/requant_equivalence/mkRequantEquivalence.v:8832$5881 ($eq).
Removed top 1 bits (of 64) from port B of cell mkRequantEquivalence.$le$/workspace/scratch/839f8f1063a0/requant_equivalence/mkRequantEquivalence.v:8837$5886 ($le).
Removed top 1 bits (of 8) from port B of cell mkRequantEquivalence.$eq$/workspace/scratch/839f8f1063a0/requant_equivalence/mkRequantEquivalence.v:8843$5890 ($eq).
Removed top 1 bits (of 64) from port B of cell mkRequantEquivalence.$le$/workspace/scratch/839f8f1063a0/requant_equivalence/mkRequantEquivalence.v:8848$5895 ($le).
Removed top 1 bits (of 64) from port B of cell mkRequantEquivalence.$le$/workspace/scratch/839f8f1063a0/requant_equivalence/mkRequantEquivalence.v:8857$5902 ($le).
Removed top 1 bits (of 64) from port B of cell mkRequantEquivalence.$le$/workspace/scratch/839f8f1063a0/requant_equivalence/mkRequantEquivalence.v:8873$5913 ($le).
Removed top 1 bits (of 64) from port B of cell mkRequantEquivalence.$le$/workspace/scratch/839f8f1063a0/requant_equivalence/mkRequantEquivalence.v:8889$5924 ($le).
Removed top 1 bits (of 64) from port B of cell mkRequantEquivalence.$le$/workspace/scratch/839f8f1063a0/requant_equivalence/mkRequantEquivalence.v:8905$5935 ($le).
Removed top 1 bits (of 64) from port B of cell mkRequantEquivalence.$le$/workspace/scratch/839f8f1063a0/requant_equivalence/mkRequantEquivalence.v:8921$5946 ($le).
Removed top 1 bits (of 64) from port B of cell mkRequantEquivalence.$le$/workspace/scratch/839f8f1063a0/requant_equivalence/mkRequantEquivalence.v:8937$5957 ($le).
Removed top 1 bits (of 64) from port B of cell mkRequantEquivalence.$le$/workspace/scratch/839f8f1063a0/requant_equivalence/mkRequantEquivalence.v:8953$5968 ($le).
Removed top 1 bits (of 64) from port B of cell mkRequantEquivalence.$le$/workspace/scratch/839f8f1063a0/requant_equivalence/mkRequantEquivalence.v:8969$5979 ($le).
Removed top 1 bits (of 64) from port B of cell mkRequantEquivalence.$le$/workspace/scratch/839f8f1063a0/requant_equivalence/mkRequantEquivalence.v:8985$5990 ($le).
Removed top 1 bits (of 64) from port B of cell mkRequantEquivalence.$le$/workspace/scratch/839f8f1063a0/requant_equivalence/mkRequantEquivalence.v:9001$6001 ($le).
Removed top 1 bits (of 64) from port B of cell mkRequantEquivalence.$le$/workspace/scratch/839f8f1063a0/requant_equivalence/mkRequantEquivalence.v:9017$6012 ($le).
Removed top 1 bits (of 64) from port B of cell mkRequantEquivalence.$le$/workspace/scratch/839f8f1063a0/requant_equivalence/mkRequantEquivalence.v:9033$6023 ($le).
Removed top 1 bits (of 64) from port B of cell mkRequantEquivalence.$le$/workspace/scratch/839f8f1063a0/requant_equivalence/mkRequantEquivalence.v:9049$6034 ($le).
Removed top 1 bits (of 64) from port B of cell mkRequantEquivalence.$le$/workspace/scratch/839f8f1063a0/requant_equivalence/mkRequantEquivalence.v:9065$6045 ($le).
Removed top 1 bits (of 64) from port B of cell mkRequantEquivalence.$le$/workspace/scratch/839f8f1063a0/requant_equivalence/mkRequantEquivalence.v:9081$6056 ($le).
Removed top 1 bits (of 64) from port B of cell mkRequantEquivalence.$le$/workspace/scratch/839f8f1063a0/requant_equivalence/mkRequantEquivalence.v:9097$6067 ($le).
Removed top 1 bits (of 64) from port B of cell mkRequantEquivalence.$le$/workspace/scratch/839f8f1063a0/requant_equivalence/mkRequantEquivalence.v:9113$6078 ($le).
Removed top 1 bits (of 64) from port B of cell mkRequantEquivalence.$le$/workspace/scratch/839f8f1063a0/requant_equivalence/mkRequantEquivalence.v:9129$6089 ($le).
Removed top 1 bits (of 64) from port B of cell mkRequantEquivalence.$le$/workspace/scratch/839f8f1063a0/requant_equivalence/mkRequantEquivalence.v:9145$6100 ($le).
Removed top 1 bits (of 64) from port B of cell mkRequantEquivalence.$le$/workspace/scratch/839f8f1063a0/requant_equivalence/mkRequantEquivalence.v:9161$6111 ($le).
Removed top 1 bits (of 64) from port B of cell mkRequantEquivalence.$le$/workspace/scratch/839f8f1063a0/requant_equivalence/mkRequantEquivalence.v:9177$6122 ($le).
Removed top 1 bits (of 64) from port B of cell mkRequantEquivalence.$le$/workspace/scratch/839f8f1063a0/requant_equivalence/mkRequantEquivalence.v:9193$6133 ($le).
Removed top 1 bits (of 64) from port B of cell mkRequantEquivalence.$le$/workspace/scratch/839f8f1063a0/requant_equivalence/mkRequantEquivalence.v:9209$6144 ($le).
Removed top 1 bits (of 64) from port B of cell mkRequantEquivalence.$le$/workspace/scratch/839f8f1063a0/requant_equivalence/mkRequantEquivalence.v:9225$6155 ($le).
Removed top 1 bits (of 64) from port B of cell mkRequantEquivalence.$le$/workspace/scratch/839f8f1063a0/requant_equivalence/mkRequantEquivalence.v:9241$6166 ($le).
Removed top 1 bits (of 64) from port B of cell mkRequantEquivalence.$le$/workspace/scratch/839f8f1063a0/requant_equivalence/mkRequantEquivalence.v:9257$6177 ($le).
Removed top 1 bits (of 64) from port B of cell mkRequantEquivalence.$le$/workspace/scratch/839f8f1063a0/requant_equivalence/mkRequantEquivalence.v:9273$6188 ($le).
Removed top 1 bits (of 64) from port B of cell mkRequantEquivalence.$le$/workspace/scratch/839f8f1063a0/requant_equivalence/mkRequantEquivalence.v:9289$6199 ($le).
Removed top 1 bits (of 64) from port B of cell mkRequantEquivalence.$le$/workspace/scratch/839f8f1063a0/requant_equivalence/mkRequantEquivalence.v:9305$6210 ($le).
Removed top 1 bits (of 64) from port B of cell mkRequantEquivalence.$le$/workspace/scratch/839f8f1063a0/requant_equivalence/mkRequantEquivalence.v:9321$6221 ($le).
Removed top 1 bits (of 64) from port B of cell mkRequantEquivalence.$le$/workspace/scratch/839f8f1063a0/requant_equivalence/mkRequantEquivalence.v:9337$6232 ($le).
Removed top 1 bits (of 64) from port B of cell mkRequantEquivalence.$le$/workspace/scratch/839f8f1063a0/requant_equivalence/mkRequantEquivalence.v:9349$6241 ($le).
Removed top 1 bits (of 64) from port B of cell mkRequantEquivalence.$lt$/workspace/scratch/839f8f1063a0/requant_equivalence/mkRequantEquivalence.v:9360$6248 ($lt).
Removed top 1 bits (of 64) from port B of cell mkRequantEquivalence.$lt$/workspace/scratch/839f8f1063a0/requant_equivalence/mkRequantEquivalence.v:9372$6257 ($lt).
Removed top 1 bits (of 64) from port B of cell mkRequantEquivalence.$lt$/workspace/scratch/839f8f1063a0/requant_equivalence/mkRequantEquivalence.v:9384$6266 ($lt).
Removed top 1 bits (of 64) from port B of cell mkRequantEquivalence.$lt$/workspace/scratch/839f8f1063a0/requant_equivalence/mkRequantEquivalence.v:9396$6275 ($lt).
Removed top 1 bits (of 64) from port B of cell mkRequantEquivalence.$lt$/workspace/scratch/839f8f1063a0/requant_equivalence/mkRequantEquivalence.v:9408$6284 ($lt).
Removed top 1 bits (of 64) from port B of cell mkRequantEquivalence.$lt$/workspace/scratch/839f8f1063a0/requant_equivalence/mkRequantEquivalence.v:9420$6293 ($lt).
Removed top 1 bits (of 64) from port B of cell mkRequantEquivalence.$lt$/workspace/scratch/839f8f1063a0/requant_equivalence/mkRequantEquivalence.v:9432$6302 ($lt).
Removed top 1 bits (of 64) from port B of cell mkRequantEquivalence.$lt$/workspace/scratch/839f8f1063a0/requant_equivalence/mkRequantEquivalence.v:9444$6311 ($lt).
Removed top 1 bits (of 8) from port B of cell mkRequantEquivalence.$eq$/workspace/scratch/839f8f1063a0/requant_equivalence/mkRequantEquivalence.v:9452$6315 ($eq).
Removed top 1 bits (of 64) from port B of cell mkRequantEquivalence.$le$/workspace/scratch/839f8f1063a0/requant_equivalence/mkRequantEquivalence.v:9459$6321 ($le).
Removed top 1 bits (of 8) from port B of cell mkRequantEquivalence.$eq$/workspace/scratch/839f8f1063a0/requant_equivalence/mkRequantEquivalence.v:9467$6326 ($eq).
Removed top 1 bits (of 64) from port B of cell mkRequantEquivalence.$le$/workspace/scratch/839f8f1063a0/requant_equivalence/mkRequantEquivalence.v:9475$6332 ($le).
Removed top 1 bits (of 8) from port B of cell mkRequantEquivalence.$eq$/workspace/scratch/839f8f1063a0/requant_equivalence/mkRequantEquivalence.v:9483$6337 ($eq).
Removed top 1 bits (of 64) from port B of cell mkRequantEquivalence.$le$/workspace/scratch/839f8f1063a0/requant_equivalence/mkRequantEquivalence.v:9491$6343 ($le).
Removed top 1 bits (of 8) from port B of cell mkRequantEquivalence.$eq$/workspace/scratch/839f8f1063a0/requant_equivalence/mkRequantEquivalence.v:9499$6348 ($eq).
Removed top 1 bits (of 64) from port B of cell mkRequantEquivalence.$le$/workspace/scratch/839f8f1063a0/requant_equivalence/mkRequantEquivalence.v:9507$6354 ($le).
Removed top 1 bits (of 8) from port B of cell mkRequantEquivalence.$eq$/workspace/scratch/839f8f1063a0/requant_equivalence/mkRequantEquivalence.v:9515$6359 ($eq).
Removed top 1 bits (of 64) from port B of cell mkRequantEquivalence.$le$/workspace/scratch/839f8f1063a0/requant_equivalence/mkRequantEquivalence.v:9523$6365 ($le).
Removed top 1 bits (of 8) from port B of cell mkRequantEquivalence.$eq$/workspace/scratch/839f8f1063a0/requant_equivalence/mkRequantEquivalence.v:9531$6370 ($eq).
Removed top 1 bits (of 64) from port B of cell mkRequantEquivalence.$le$/workspace/scratch/839f8f1063a0/requant_equivalence/mkRequantEquivalence.v:9539$6376 ($le).
Removed top 1 bits (of 8) from port B of cell mkRequantEquivalence.$eq$/workspace/scratch/839f8f1063a0/requant_equivalence/mkRequantEquivalence.v:9547$6381 ($eq).
Removed top 1 bits (of 64) from port B of cell mkRequantEquivalence.$le$/workspace/scratch/839f8f1063a0/requant_equivalence/mkRequantEquivalence.v:9555$6387 ($le).
Removed top 1 bits (of 8) from port B of cell mkRequantEquivalence.$eq$/workspace/scratch/839f8f1063a0/requant_equivalence/mkRequantEquivalence.v:9563$6392 ($eq).
Removed top 1 bits (of 64) from port B of cell mkRequantEquivalence.$le$/workspace/scratch/839f8f1063a0/requant_equivalence/mkRequantEquivalence.v:9571$6398 ($le).
Removed top 1 bits (of 8) from port B of cell mkRequantEquivalence.$eq$/workspace/scratch/839f8f1063a0/requant_equivalence/mkRequantEquivalence.v:9579$6403 ($eq).
Removed top 1 bits (of 64) from port B of cell mkRequantEquivalence.$le$/workspace/scratch/839f8f1063a0/requant_equivalence/mkRequantEquivalence.v:9587$6409 ($le).
Removed top 1 bits (of 8) from port B of cell mkRequantEquivalence.$eq$/workspace/scratch/839f8f1063a0/requant_equivalence/mkRequantEquivalence.v:9595$6414 ($eq).
Removed top 1 bits (of 64) from port B of cell mkRequantEquivalence.$le$/workspace/scratch/839f8f1063a0/requant_equivalence/mkRequantEquivalence.v:9603$6420 ($le).
Removed top 1 bits (of 8) from port B of cell mkRequantEquivalence.$eq$/workspace/scratch/839f8f1063a0/requant_equivalence/mkRequantEquivalence.v:9611$6425 ($eq).
Removed top 1 bits (of 64) from port B of cell mkRequantEquivalence.$le$/workspace/scratch/839f8f1063a0/requant_equivalence/mkRequantEquivalence.v:9619$6431 ($le).
Removed top 1 bits (of 8) from port B of cell mkRequantEquivalence.$eq$/workspace/scratch/839f8f1063a0/requant_equivalence/mkRequantEquivalence.v:9627$6436 ($eq).
Removed top 1 bits (of 64) from port B of cell mkRequantEquivalence.$le$/workspace/scratch/839f8f1063a0/requant_equivalence/mkRequantEquivalence.v:9635$6442 ($le).
Removed top 1 bits (of 8) from port B of cell mkRequantEquivalence.$eq$/workspace/scratch/839f8f1063a0/requant_equivalence/mkRequantEquivalence.v:9643$6447 ($eq).
Removed top 1 bits (of 64) from port B of cell mkRequantEquivalence.$le$/workspace/scratch/839f8f1063a0/requant_equivalence/mkRequantEquivalence.v:9651$6453 ($le).
Removed top 1 bits (of 8) from port B of cell mkRequantEquivalence.$eq$/workspace/scratch/839f8f1063a0/requant_equivalence/mkRequantEquivalence.v:9659$6458 ($eq).
Removed top 1 bits (of 64) from port B of cell mkRequantEquivalence.$le$/workspace/scratch/839f8f1063a0/requant_equivalence/mkRequantEquivalence.v:9667$6464 ($le).
Removed top 1 bits (of 8) from port B of cell mkRequantEquivalence.$eq$/workspace/scratch/839f8f1063a0/requant_equivalence/mkRequantEquivalence.v:9675$6469 ($eq).
Removed top 1 bits (of 64) from port B of cell mkRequantEquivalence.$le$/workspace/scratch/839f8f1063a0/requant_equivalence/mkRequantEquivalence.v:9683$6475 ($le).
Removed top 1 bits (of 8) from port B of cell mkRequantEquivalence.$eq$/workspace/scratch/839f8f1063a0/requant_equivalence/mkRequantEquivalence.v:9691$6480 ($eq).
Removed top 1 bits (of 64) from port B of cell mkRequantEquivalence.$le$/workspace/scratch/839f8f1063a0/requant_equivalence/mkRequantEquivalence.v:9699$6486 ($le).
Removed top 1 bits (of 64) from port B of cell mkRequantEquivalence.$le$/workspace/scratch/839f8f1063a0/requant_equivalence/mkRequantEquivalence.v:9715$6497 ($le).
Removed top 1 bits (of 64) from port B of cell mkRequantEquivalence.$le$/workspace/scratch/839f8f1063a0/requant_equivalence/mkRequantEquivalence.v:9731$6508 ($le).
Removed top 1 bits (of 64) from port B of cell mkRequantEquivalence.$le$/workspace/scratch/839f8f1063a0/requant_equivalence/mkRequantEquivalence.v:9747$6519 ($le).
Removed top 1 bits (of 64) from port B of cell mkRequantEquivalence.$le$/workspace/scratch/839f8f1063a0/requant_equivalence/mkRequantEquivalence.v:9763$6530 ($le).
Removed top 1 bits (of 64) from port B of cell mkRequantEquivalence.$le$/workspace/scratch/839f8f1063a0/requant_equivalence/mkRequantEquivalence.v:9779$6541 ($le).
Removed top 1 bits (of 64) from port B of cell mkRequantEquivalence.$le$/workspace/scratch/839f8f1063a0/requant_equivalence/mkRequantEquivalence.v:9795$6552 ($le).
Removed top 1 bits (of 64) from port B of cell mkRequantEquivalence.$le$/workspace/scratch/839f8f1063a0/requant_equivalence/mkRequantEquivalence.v:9811$6563 ($le).
Removed top 1 bits (of 64) from port B of cell mkRequantEquivalence.$le$/workspace/scratch/839f8f1063a0/requant_equivalence/mkRequantEquivalence.v:9827$6574 ($le).
Removed top 1 bits (of 8) from mux cell mkRequantEquivalence.$ternary$/workspace/scratch/839f8f1063a0/requant_equivalence/mkRequantEquivalence.v:9847$6586 ($mux).
Removed top 1 bits (of 8) from mux cell mkRequantEquivalence.$ternary$/workspace/scratch/839f8f1063a0/requant_equivalence/mkRequantEquivalence.v:9854$6592 ($mux).
Removed top 1 bits (of 8) from mux cell mkRequantEquivalence.$ternary$/workspace/scratch/839f8f1063a0/requant_equivalence/mkRequantEquivalence.v:9861$6598 ($mux).
Removed top 1 bits (of 8) from mux cell mkRequantEquivalence.$ternary$/workspace/scratch/839f8f1063a0/requant_equivalence/mkRequantEquivalence.v:9868$6604 ($mux).
Removed top 1 bits (of 8) from mux cell mkRequantEquivalence.$ternary$/workspace/scratch/839f8f1063a0/requant_equivalence/mkRequantEquivalence.v:9875$6610 ($mux).
Removed top 1 bits (of 8) from mux cell mkRequantEquivalence.$ternary$/workspace/scratch/839f8f1063a0/requant_equivalence/mkRequantEquivalence.v:9882$6616 ($mux).
Removed top 1 bits (of 8) from mux cell mkRequantEquivalence.$ternary$/workspace/scratch/839f8f1063a0/requant_equivalence/mkRequantEquivalence.v:9889$6622 ($mux).
Removed top 1 bits (of 8) from mux cell mkRequantEquivalence.$ternary$/workspace/scratch/839f8f1063a0/requant_equivalence/mkRequantEquivalence.v:9896$6628 ($mux).
Removed top 1 bits (of 8) from mux cell mkRequantEquivalence.$ternary$/workspace/scratch/839f8f1063a0/requant_equivalence/mkRequantEquivalence.v:9903$6634 ($mux).
Removed top 1 bits (of 8) from mux cell mkRequantEquivalence.$ternary$/workspace/scratch/839f8f1063a0/requant_equivalence/mkRequantEquivalence.v:9910$6640 ($mux).
Removed top 7 bits (of 8) from port B of cell mkRequantEquivalence.$add$/workspace/scratch/839f8f1063a0/requant_equivalence/mkRequantEquivalence.v:10886$6675 ($add).
Removed top 7 bits (of 8) from port B of cell mkRequantEquivalence.$add$/workspace/scratch/839f8f1063a0/requant_equivalence/mkRequantEquivalence.v:10887$6676 ($add).
Removed top 7 bits (of 8) from port B of cell mkRequantEquivalence.$add$/workspace/scratch/839f8f1063a0/requant_equivalence/mkRequantEquivalence.v:10888$6677 ($add).
Removed top 7 bits (of 8) from port B of cell mkRequantEquivalence.$add$/workspace/scratch/839f8f1063a0/requant_equivalence/mkRequantEquivalence.v:10889$6678 ($add).
Removed top 7 bits (of 8) from port B of cell mkRequantEquivalence.$add$/workspace/scratch/839f8f1063a0/requant_equivalence/mkRequantEquivalence.v:10890$6679 ($add).
Removed top 7 bits (of 8) from port B of cell mkRequantEquivalence.$add$/workspace/scratch/839f8f1063a0/requant_equivalence/mkRequantEquivalence.v:10891$6680 ($add).
Removed top 7 bits (of 8) from port B of cell mkRequantEquivalence.$add$/workspace/scratch/839f8f1063a0/requant_equivalence/mkRequantEquivalence.v:10892$6681 ($add).
Removed top 7 bits (of 8) from port B of cell mkRequantEquivalence.$add$/workspace/scratch/839f8f1063a0/requant_equivalence/mkRequantEquivalence.v:10893$6682 ($add).
Removed top 7 bits (of 8) from port B of cell mkRequantEquivalence.$add$/workspace/scratch/839f8f1063a0/requant_equivalence/mkRequantEquivalence.v:10894$6683 ($add).
Removed top 7 bits (of 8) from port B of cell mkRequantEquivalence.$add$/workspace/scratch/839f8f1063a0/requant_equivalence/mkRequantEquivalence.v:10895$6684 ($add).
Removed top 7 bits (of 8) from port B of cell mkRequantEquivalence.$add$/workspace/scratch/839f8f1063a0/requant_equivalence/mkRequantEquivalence.v:10896$6685 ($add).
Removed top 7 bits (of 8) from port B of cell mkRequantEquivalence.$add$/workspace/scratch/839f8f1063a0/requant_equivalence/mkRequantEquivalence.v:10897$6686 ($add).
Removed top 7 bits (of 8) from port B of cell mkRequantEquivalence.$add$/workspace/scratch/839f8f1063a0/requant_equivalence/mkRequantEquivalence.v:10898$6687 ($add).
Removed top 7 bits (of 8) from port B of cell mkRequantEquivalence.$add$/workspace/scratch/839f8f1063a0/requant_equivalence/mkRequantEquivalence.v:10899$6688 ($add).
Removed top 7 bits (of 8) from port B of cell mkRequantEquivalence.$add$/workspace/scratch/839f8f1063a0/requant_equivalence/mkRequantEquivalence.v:10900$6689 ($add).
Removed top 7 bits (of 8) from port B of cell mkRequantEquivalence.$add$/workspace/scratch/839f8f1063a0/requant_equivalence/mkRequantEquivalence.v:10901$6690 ($add).
Removed top 7 bits (of 8) from port B of cell mkRequantEquivalence.$add$/workspace/scratch/839f8f1063a0/requant_equivalence/mkRequantEquivalence.v:10902$6691 ($add).
Removed top 7 bits (of 8) from port B of cell mkRequantEquivalence.$add$/workspace/scratch/839f8f1063a0/requant_equivalence/mkRequantEquivalence.v:10903$6692 ($add).
Removed top 7 bits (of 8) from port B of cell mkRequantEquivalence.$add$/workspace/scratch/839f8f1063a0/requant_equivalence/mkRequantEquivalence.v:10912$6701 ($add).
Removed top 7 bits (of 8) from port B of cell mkRequantEquivalence.$add$/workspace/scratch/839f8f1063a0/requant_equivalence/mkRequantEquivalence.v:10913$6702 ($add).
Removed top 7 bits (of 8) from port B of cell mkRequantEquivalence.$add$/workspace/scratch/839f8f1063a0/requant_equivalence/mkRequantEquivalence.v:10914$6703 ($add).
Removed top 7 bits (of 8) from port B of cell mkRequantEquivalence.$add$/workspace/scratch/839f8f1063a0/requant_equivalence/mkRequantEquivalence.v:10915$6704 ($add).
Removed top 7 bits (of 8) from port B of cell mkRequantEquivalence.$add$/workspace/scratch/839f8f1063a0/requant_equivalence/mkRequantEquivalence.v:10916$6705 ($add).
Removed top 7 bits (of 8) from port B of cell mkRequantEquivalence.$add$/workspace/scratch/839f8f1063a0/requant_equivalence/mkRequantEquivalence.v:10917$6706 ($add).
Removed top 7 bits (of 8) from port B of cell mkRequantEquivalence.$add$/workspace/scratch/839f8f1063a0/requant_equivalence/mkRequantEquivalence.v:10918$6707 ($add).
Removed top 7 bits (of 8) from port B of cell mkRequantEquivalence.$add$/workspace/scratch/839f8f1063a0/requant_equivalence/mkRequantEquivalence.v:10919$6708 ($add).
Removed top 7 bits (of 8) from port B of cell mkRequantEquivalence.$add$/workspace/scratch/839f8f1063a0/requant_equivalence/mkRequantEquivalence.v:10920$6709 ($add).
Removed top 7 bits (of 8) from port B of cell mkRequantEquivalence.$add$/workspace/scratch/839f8f1063a0/requant_equivalence/mkRequantEquivalence.v:10931$6720 ($add).
Removed top 7 bits (of 8) from port B of cell mkRequantEquivalence.$add$/workspace/scratch/839f8f1063a0/requant_equivalence/mkRequantEquivalence.v:10932$6721 ($add).
Removed top 7 bits (of 8) from port B of cell mkRequantEquivalence.$add$/workspace/scratch/839f8f1063a0/requant_equivalence/mkRequantEquivalence.v:10933$6722 ($add).
Removed top 7 bits (of 8) from port B of cell mkRequantEquivalence.$add$/workspace/scratch/839f8f1063a0/requant_equivalence/mkRequantEquivalence.v:10934$6723 ($add).
Removed top 7 bits (of 8) from port B of cell mkRequantEquivalence.$add$/workspace/scratch/839f8f1063a0/requant_equivalence/mkRequantEquivalence.v:10935$6724 ($add).
Removed top 7 bits (of 8) from port B of cell mkRequantEquivalence.$add$/workspace/scratch/839f8f1063a0/requant_equivalence/mkRequantEquivalence.v:10936$6725 ($add).
Removed top 7 bits (of 8) from port B of cell mkRequantEquivalence.$add$/workspace/scratch/839f8f1063a0/requant_equivalence/mkRequantEquivalence.v:10937$6726 ($add).
Removed top 7 bits (of 8) from port B of cell mkRequantEquivalence.$add$/workspace/scratch/839f8f1063a0/requant_equivalence/mkRequantEquivalence.v:10938$6727 ($add).
Removed top 7 bits (of 8) from port B of cell mkRequantEquivalence.$add$/workspace/scratch/839f8f1063a0/requant_equivalence/mkRequantEquivalence.v:10939$6728 ($add).
Removed top 7 bits (of 8) from port B of cell mkRequantEquivalence.$add$/workspace/scratch/839f8f1063a0/requant_equivalence/mkRequantEquivalence.v:10940$6729 ($add).
Removed top 7 bits (of 8) from port B of cell mkRequantEquivalence.$add$/workspace/scratch/839f8f1063a0/requant_equivalence/mkRequantEquivalence.v:10941$6730 ($add).
Removed top 7 bits (of 8) from port B of cell mkRequantEquivalence.$add$/workspace/scratch/839f8f1063a0/requant_equivalence/mkRequantEquivalence.v:10942$6731 ($add).
Removed top 7 bits (of 8) from port B of cell mkRequantEquivalence.$add$/workspace/scratch/839f8f1063a0/requant_equivalence/mkRequantEquivalence.v:10943$6732 ($add).
Removed top 7 bits (of 8) from port B of cell mkRequantEquivalence.$add$/workspace/scratch/839f8f1063a0/requant_equivalence/mkRequantEquivalence.v:10960$6749 ($add).
Removed top 7 bits (of 8) from port B of cell mkRequantEquivalence.$add$/workspace/scratch/839f8f1063a0/requant_equivalence/mkRequantEquivalence.v:10961$6750 ($add).
Removed top 7 bits (of 8) from port B of cell mkRequantEquivalence.$add$/workspace/scratch/839f8f1063a0/requant_equivalence/mkRequantEquivalence.v:10962$6751 ($add).
Removed top 7 bits (of 8) from port B of cell mkRequantEquivalence.$add$/workspace/scratch/839f8f1063a0/requant_equivalence/mkRequantEquivalence.v:10963$6752 ($add).
Removed top 7 bits (of 8) from port B of cell mkRequantEquivalence.$add$/workspace/scratch/839f8f1063a0/requant_equivalence/mkRequantEquivalence.v:10964$6753 ($add).
Removed top 7 bits (of 8) from port B of cell mkRequantEquivalence.$add$/workspace/scratch/839f8f1063a0/requant_equivalence/mkRequantEquivalence.v:10965$6754 ($add).
Removed top 7 bits (of 8) from port B of cell mkRequantEquivalence.$add$/workspace/scratch/839f8f1063a0/requant_equivalence/mkRequantEquivalence.v:10966$6755 ($add).
Removed top 7 bits (of 8) from port B of cell mkRequantEquivalence.$add$/workspace/scratch/839f8f1063a0/requant_equivalence/mkRequantEquivalence.v:10967$6756 ($add).
Removed top 7 bits (of 8) from port B of cell mkRequantEquivalence.$add$/workspace/scratch/839f8f1063a0/requant_equivalence/mkRequantEquivalence.v:10968$6757 ($add).
Removed top 7 bits (of 8) from port B of cell mkRequantEquivalence.$add$/workspace/scratch/839f8f1063a0/requant_equivalence/mkRequantEquivalence.v:10987$6776 ($add).
Removed top 7 bits (of 8) from port B of cell mkRequantEquivalence.$add$/workspace/scratch/839f8f1063a0/requant_equivalence/mkRequantEquivalence.v:10988$6777 ($add).
Removed top 7 bits (of 8) from port B of cell mkRequantEquivalence.$add$/workspace/scratch/839f8f1063a0/requant_equivalence/mkRequantEquivalence.v:10989$6778 ($add).
Removed top 7 bits (of 8) from port B of cell mkRequantEquivalence.$add$/workspace/scratch/839f8f1063a0/requant_equivalence/mkRequantEquivalence.v:10990$6779 ($add).
Removed top 7 bits (of 8) from port B of cell mkRequantEquivalence.$add$/workspace/scratch/839f8f1063a0/requant_equivalence/mkRequantEquivalence.v:10991$6780 ($add).
Removed top 7 bits (of 8) from port B of cell mkRequantEquivalence.$add$/workspace/scratch/839f8f1063a0/requant_equivalence/mkRequantEquivalence.v:10992$6781 ($add).
Removed top 7 bits (of 8) from port B of cell mkRequantEquivalence.$add$/workspace/scratch/839f8f1063a0/requant_equivalence/mkRequantEquivalence.v:10993$6782 ($add).
Removed top 7 bits (of 8) from port B of cell mkRequantEquivalence.$add$/workspace/scratch/839f8f1063a0/requant_equivalence/mkRequantEquivalence.v:10994$6783 ($add).
Removed top 7 bits (of 8) from port B of cell mkRequantEquivalence.$add$/workspace/scratch/839f8f1063a0/requant_equivalence/mkRequantEquivalence.v:10995$6784 ($add).
Removed top 7 bits (of 8) from port B of cell mkRequantEquivalence.$add$/workspace/scratch/839f8f1063a0/requant_equivalence/mkRequantEquivalence.v:10996$6785 ($add).
Removed top 7 bits (of 8) from port B of cell mkRequantEquivalence.$add$/workspace/scratch/839f8f1063a0/requant_equivalence/mkRequantEquivalence.v:10997$6786 ($add).
Removed top 7 bits (of 8) from port B of cell mkRequantEquivalence.$add$/workspace/scratch/839f8f1063a0/requant_equivalence/mkRequantEquivalence.v:10998$6787 ($add).
Removed top 7 bits (of 8) from port B of cell mkRequantEquivalence.$add$/workspace/scratch/839f8f1063a0/requant_equivalence/mkRequantEquivalence.v:10999$6788 ($add).
Removed top 7 bits (of 8) from port B of cell mkRequantEquivalence.$add$/workspace/scratch/839f8f1063a0/requant_equivalence/mkRequantEquivalence.v:11024$6813 ($add).
Removed top 7 bits (of 8) from port B of cell mkRequantEquivalence.$add$/workspace/scratch/839f8f1063a0/requant_equivalence/mkRequantEquivalence.v:11025$6814 ($add).
Removed top 7 bits (of 8) from port B of cell mkRequantEquivalence.$add$/workspace/scratch/839f8f1063a0/requant_equivalence/mkRequantEquivalence.v:11026$6815 ($add).
Removed top 7 bits (of 8) from port B of cell mkRequantEquivalence.$add$/workspace/scratch/839f8f1063a0/requant_equivalence/mkRequantEquivalence.v:11027$6816 ($add).
Removed top 7 bits (of 8) from port B of cell mkRequantEquivalence.$add$/workspace/scratch/839f8f1063a0/requant_equivalence/mkRequantEquivalence.v:11028$6817 ($add).
Removed top 7 bits (of 8) from port B of cell mkRequantEquivalence.$add$/workspace/scratch/839f8f1063a0/requant_equivalence/mkRequantEquivalence.v:11029$6818 ($add).
Removed top 7 bits (of 8) from port B of cell mkRequantEquivalence.$add$/workspace/scratch/839f8f1063a0/requant_equivalence/mkRequantEquivalence.v:11030$6819 ($add).
Removed top 7 bits (of 8) from port B of cell mkRequantEquivalence.$add$/workspace/scratch/839f8f1063a0/requant_equivalence/mkRequantEquivalence.v:11031$6820 ($add).
Removed top 7 bits (of 8) from port B of cell mkRequantEquivalence.$add$/workspace/scratch/839f8f1063a0/requant_equivalence/mkRequantEquivalence.v:11032$6821 ($add).
Removed top 7 bits (of 8) from port B of cell mkRequantEquivalence.$add$/workspace/scratch/839f8f1063a0/requant_equivalence/mkRequantEquivalence.v:11033$6822 ($add).
Removed top 7 bits (of 8) from port B of cell mkRequantEquivalence.$add$/workspace/scratch/839f8f1063a0/requant_equivalence/mkRequantEquivalence.v:11062$6851 ($add).
Removed top 7 bits (of 8) from port B of cell mkRequantEquivalence.$add$/workspace/scratch/839f8f1063a0/requant_equivalence/mkRequantEquivalence.v:11063$6852 ($add).
Removed top 7 bits (of 8) from port B of cell mkRequantEquivalence.$add$/workspace/scratch/839f8f1063a0/requant_equivalence/mkRequantEquivalence.v:11064$6853 ($add).
Removed top 7 bits (of 8) from port B of cell mkRequantEquivalence.$add$/workspace/scratch/839f8f1063a0/requant_equivalence/mkRequantEquivalence.v:11065$6854 ($add).
Removed top 7 bits (of 8) from port B of cell mkRequantEquivalence.$add$/workspace/scratch/839f8f1063a0/requant_equivalence/mkRequantEquivalence.v:11066$6855 ($add).
Removed top 7 bits (of 8) from port B of cell mkRequantEquivalence.$add$/workspace/scratch/839f8f1063a0/requant_equivalence/mkRequantEquivalence.v:11067$6856 ($add).
Removed top 7 bits (of 8) from port B of cell mkRequantEquivalence.$add$/workspace/scratch/839f8f1063a0/requant_equivalence/mkRequantEquivalence.v:11068$6857 ($add).
Removed top 7 bits (of 8) from port B of cell mkRequantEquivalence.$add$/workspace/scratch/839f8f1063a0/requant_equivalence/mkRequantEquivalence.v:11069$6858 ($add).
Removed top 7 bits (of 8) from port B of cell mkRequantEquivalence.$add$/workspace/scratch/839f8f1063a0/requant_equivalence/mkRequantEquivalence.v:11070$6859 ($add).
Removed top 7 bits (of 8) from port B of cell mkRequantEquivalence.$add$/workspace/scratch/839f8f1063a0/requant_equivalence/mkRequantEquivalence.v:11071$6860 ($add).
Removed top 7 bits (of 8) from port B of cell mkRequantEquivalence.$add$/workspace/scratch/839f8f1063a0/requant_equivalence/mkRequantEquivalence.v:11072$6861 ($add).
Removed top 7 bits (of 8) from port B of cell mkRequantEquivalence.$add$/workspace/scratch/839f8f1063a0/requant_equivalence/mkRequantEquivalence.v:11073$6862 ($add).
Removed top 7 bits (of 8) from port B of cell mkRequantEquivalence.$add$/workspace/scratch/839f8f1063a0/requant_equivalence/mkRequantEquivalence.v:11074$6863 ($add).
Removed top 7 bits (of 8) from port B of cell mkRequantEquivalence.$add$/workspace/scratch/839f8f1063a0/requant_equivalence/mkRequantEquivalence.v:11075$6864 ($add).
Removed top 7 bits (of 8) from port B of cell mkRequantEquivalence.$add$/workspace/scratch/839f8f1063a0/requant_equivalence/mkRequantEquivalence.v:11076$6865 ($add).
Removed top 7 bits (of 8) from port B of cell mkRequantEquivalence.$add$/workspace/scratch/839f8f1063a0/requant_equivalence/mkRequantEquivalence.v:11077$6866 ($add).
Removed top 7 bits (of 8) from port B of cell mkRequantEquivalence.$add$/workspace/scratch/839f8f1063a0/requant_equivalence/mkRequantEquivalence.v:11078$6867 ($add).
Removed top 7 bits (of 8) from port B of cell mkRequantEquivalence.$add$/workspace/scratch/839f8f1063a0/requant_equivalence/mkRequantEquivalence.v:11079$6868 ($add).
Removed top 7 bits (of 8) from port B of cell mkRequantEquivalence.$add$/workspace/scratch/839f8f1063a0/requant_equivalence/mkRequantEquivalence.v:11080$6869 ($add).
Removed top 7 bits (of 8) from port B of cell mkRequantEquivalence.$add$/workspace/scratch/839f8f1063a0/requant_equivalence/mkRequantEquivalence.v:11081$6870 ($add).
Removed top 7 bits (of 8) from port B of cell mkRequantEquivalence.$add$/workspace/scratch/839f8f1063a0/requant_equivalence/mkRequantEquivalence.v:11082$6871 ($add).
Removed top 7 bits (of 8) from port B of cell mkRequantEquivalence.$add$/workspace/scratch/839f8f1063a0/requant_equivalence/mkRequantEquivalence.v:11083$6872 ($add).
Removed top 7 bits (of 8) from port B of cell mkRequantEquivalence.$add$/workspace/scratch/839f8f1063a0/requant_equivalence/mkRequantEquivalence.v:11084$6873 ($add).
Removed top 7 bits (of 8) from port B of cell mkRequantEquivalence.$add$/workspace/scratch/839f8f1063a0/requant_equivalence/mkRequantEquivalence.v:11092$6881 ($add).
Removed top 7 bits (of 8) from port B of cell mkRequantEquivalence.$add$/workspace/scratch/839f8f1063a0/requant_equivalence/mkRequantEquivalence.v:11102$6891 ($add).
Removed top 7 bits (of 8) from port B of cell mkRequantEquivalence.$add$/workspace/scratch/839f8f1063a0/requant_equivalence/mkRequantEquivalence.v:11113$6902 ($add).
Removed top 7 bits (of 8) from port B of cell mkRequantEquivalence.$add$/workspace/scratch/839f8f1063a0/requant_equivalence/mkRequantEquivalence.v:11123$6912 ($add).
Removed top 7 bits (of 8) from port B of cell mkRequantEquivalence.$add$/workspace/scratch/839f8f1063a0/requant_equivalence/mkRequantEquivalence.v:11129$6918 ($add).
Removed top 7 bits (of 8) from port B of cell mkRequantEquivalence.$add$/workspace/scratch/839f8f1063a0/requant_equivalence/mkRequantEquivalence.v:11130$6919 ($add).
Removed top 7 bits (of 8) from port B of cell mkRequantEquivalence.$add$/workspace/scratch/839f8f1063a0/requant_equivalence/mkRequantEquivalence.v:11131$6920 ($add).
Removed top 7 bits (of 8) from port B of cell mkRequantEquivalence.$add$/workspace/scratch/839f8f1063a0/requant_equivalence/mkRequantEquivalence.v:11132$6921 ($add).
Removed top 7 bits (of 8) from port B of cell mkRequantEquivalence.$add$/workspace/scratch/839f8f1063a0/requant_equivalence/mkRequantEquivalence.v:11133$6922 ($add).
Removed top 7 bits (of 8) from port B of cell mkRequantEquivalence.$add$/workspace/scratch/839f8f1063a0/requant_equivalence/mkRequantEquivalence.v:11134$6923 ($add).
Removed top 7 bits (of 8) from port B of cell mkRequantEquivalence.$add$/workspace/scratch/839f8f1063a0/requant_equivalence/mkRequantEquivalence.v:11135$6924 ($add).
Removed top 7 bits (of 8) from port B of cell mkRequantEquivalence.$add$/workspace/scratch/839f8f1063a0/requant_equivalence/mkRequantEquivalence.v:11136$6925 ($add).
Removed top 7 bits (of 8) from port B of cell mkRequantEquivalence.$add$/workspace/scratch/839f8f1063a0/requant_equivalence/mkRequantEquivalence.v:11137$6926 ($add).
Removed top 7 bits (of 8) from port B of cell mkRequantEquivalence.$add$/workspace/scratch/839f8f1063a0/requant_equivalence/mkRequantEquivalence.v:11138$6927 ($add).
Removed top 7 bits (of 8) from port B of cell mkRequantEquivalence.$add$/workspace/scratch/839f8f1063a0/requant_equivalence/mkRequantEquivalence.v:11139$6928 ($add).
Removed top 7 bits (of 8) from port B of cell mkRequantEquivalence.$add$/workspace/scratch/839f8f1063a0/requant_equivalence/mkRequantEquivalence.v:11140$6929 ($add).
Removed top 7 bits (of 8) from port B of cell mkRequantEquivalence.$add$/workspace/scratch/839f8f1063a0/requant_equivalence/mkRequantEquivalence.v:11141$6930 ($add).
Removed top 7 bits (of 8) from port B of cell mkRequantEquivalence.$add$/workspace/scratch/839f8f1063a0/requant_equivalence/mkRequantEquivalence.v:11142$6931 ($add).
Removed top 7 bits (of 8) from port B of cell mkRequantEquivalence.$add$/workspace/scratch/839f8f1063a0/requant_equivalence/mkRequantEquivalence.v:11143$6932 ($add).
Removed top 7 bits (of 8) from port B of cell mkRequantEquivalence.$add$/workspace/scratch/839f8f1063a0/requant_equivalence/mkRequantEquivalence.v:11144$6933 ($add).
Removed top 7 bits (of 8) from port B of cell mkRequantEquivalence.$add$/workspace/scratch/839f8f1063a0/requant_equivalence/mkRequantEquivalence.v:11145$6934 ($add).
Removed top 7 bits (of 8) from port B of cell mkRequantEquivalence.$add$/workspace/scratch/839f8f1063a0/requant_equivalence/mkRequantEquivalence.v:11146$6935 ($add).
Removed top 7 bits (of 8) from port B of cell mkRequantEquivalence.$add$/workspace/scratch/839f8f1063a0/requant_equivalence/mkRequantEquivalence.v:11147$6936 ($add).
Removed top 7 bits (of 8) from port B of cell mkRequantEquivalence.$add$/workspace/scratch/839f8f1063a0/requant_equivalence/mkRequantEquivalence.v:11148$6937 ($add).
Removed top 7 bits (of 8) from port B of cell mkRequantEquivalence.$add$/workspace/scratch/839f8f1063a0/requant_equivalence/mkRequantEquivalence.v:11149$6938 ($add).
Removed top 7 bits (of 8) from port B of cell mkRequantEquivalence.$add$/workspace/scratch/839f8f1063a0/requant_equivalence/mkRequantEquivalence.v:11150$6939 ($add).
Removed top 7 bits (of 8) from port B of cell mkRequantEquivalence.$add$/workspace/scratch/839f8f1063a0/requant_equivalence/mkRequantEquivalence.v:11151$6940 ($add).
Removed top 7 bits (of 8) from port B of cell mkRequantEquivalence.$add$/workspace/scratch/839f8f1063a0/requant_equivalence/mkRequantEquivalence.v:11154$6943 ($add).
Removed top 7 bits (of 8) from port B of cell mkRequantEquivalence.$add$/workspace/scratch/839f8f1063a0/requant_equivalence/mkRequantEquivalence.v:11155$6944 ($add).
Removed top 7 bits (of 8) from port B of cell mkRequantEquivalence.$add$/workspace/scratch/839f8f1063a0/requant_equivalence/mkRequantEquivalence.v:11156$6945 ($add).
Removed top 7 bits (of 8) from port B of cell mkRequantEquivalence.$add$/workspace/scratch/839f8f1063a0/requant_equivalence/mkRequantEquivalence.v:11157$6946 ($add).
Removed top 1 bits (of 9) from port Y of cell mkRequantEquivalence.$add$/workspace/scratch/839f8f1063a0/requant_equivalence/mkRequantEquivalence.v:2667$354 ($add).
Removed top 1 bits (of 9) from port A of cell mkRequantEquivalence.$add$/workspace/scratch/839f8f1063a0/requant_equivalence/mkRequantEquivalence.v:2667$354 ($add).
Removed top 1 bits (of 9) from port Y of cell mkRequantEquivalence.$add$/workspace/scratch/839f8f1063a0/requant_equivalence/mkRequantEquivalence.v:2697$390 ($add).
Removed top 1 bits (of 9) from port A of cell mkRequantEquivalence.$add$/workspace/scratch/839f8f1063a0/requant_equivalence/mkRequantEquivalence.v:2697$390 ($add).
Removed top 1 bits (of 9) from port Y of cell mkRequantEquivalence.$add$/workspace/scratch/839f8f1063a0/requant_equivalence/mkRequantEquivalence.v:2702$396 ($add).
Removed top 1 bits (of 9) from port A of cell mkRequantEquivalence.$add$/workspace/scratch/839f8f1063a0/requant_equivalence/mkRequantEquivalence.v:2702$396 ($add).
Removed top 1 bits (of 9) from port Y of cell mkRequantEquivalence.$add$/workspace/scratch/839f8f1063a0/requant_equivalence/mkRequantEquivalence.v:2708$402 ($add).
Removed top 1 bits (of 9) from port A of cell mkRequantEquivalence.$add$/workspace/scratch/839f8f1063a0/requant_equivalence/mkRequantEquivalence.v:2708$402 ($add).
Removed top 1 bits (of 9) from port Y of cell mkRequantEquivalence.$add$/workspace/scratch/839f8f1063a0/requant_equivalence/mkRequantEquivalence.v:2738$438 ($add).
Removed top 1 bits (of 9) from port A of cell mkRequantEquivalence.$add$/workspace/scratch/839f8f1063a0/requant_equivalence/mkRequantEquivalence.v:2738$438 ($add).
Removed top 1 bits (of 9) from port Y of cell mkRequantEquivalence.$add$/workspace/scratch/839f8f1063a0/requant_equivalence/mkRequantEquivalence.v:2743$444 ($add).
Removed top 1 bits (of 9) from port A of cell mkRequantEquivalence.$add$/workspace/scratch/839f8f1063a0/requant_equivalence/mkRequantEquivalence.v:2743$444 ($add).
Removed top 1 bits (of 9) from port Y of cell mkRequantEquivalence.$add$/workspace/scratch/839f8f1063a0/requant_equivalence/mkRequantEquivalence.v:2749$450 ($add).
Removed top 1 bits (of 9) from port A of cell mkRequantEquivalence.$add$/workspace/scratch/839f8f1063a0/requant_equivalence/mkRequantEquivalence.v:2749$450 ($add).
Removed top 1 bits (of 9) from port Y of cell mkRequantEquivalence.$add$/workspace/scratch/839f8f1063a0/requant_equivalence/mkRequantEquivalence.v:2779$486 ($add).
Removed top 1 bits (of 9) from port A of cell mkRequantEquivalence.$add$/workspace/scratch/839f8f1063a0/requant_equivalence/mkRequantEquivalence.v:2779$486 ($add).
Removed top 1 bits (of 9) from port Y of cell mkRequantEquivalence.$add$/workspace/scratch/839f8f1063a0/requant_equivalence/mkRequantEquivalence.v:2784$492 ($add).
Removed top 1 bits (of 9) from port A of cell mkRequantEquivalence.$add$/workspace/scratch/839f8f1063a0/requant_equivalence/mkRequantEquivalence.v:2784$492 ($add).
Removed top 1 bits (of 9) from port Y of cell mkRequantEquivalence.$add$/workspace/scratch/839f8f1063a0/requant_equivalence/mkRequantEquivalence.v:2790$498 ($add).
Removed top 1 bits (of 9) from port A of cell mkRequantEquivalence.$add$/workspace/scratch/839f8f1063a0/requant_equivalence/mkRequantEquivalence.v:2790$498 ($add).
Removed top 1 bits (of 9) from port Y of cell mkRequantEquivalence.$add$/workspace/scratch/839f8f1063a0/requant_equivalence/mkRequantEquivalence.v:2820$534 ($add).
Removed top 1 bits (of 9) from port A of cell mkRequantEquivalence.$add$/workspace/scratch/839f8f1063a0/requant_equivalence/mkRequantEquivalence.v:2820$534 ($add).
Removed top 1 bits (of 9) from port Y of cell mkRequantEquivalence.$add$/workspace/scratch/839f8f1063a0/requant_equivalence/mkRequantEquivalence.v:2825$540 ($add).
Removed top 1 bits (of 9) from port A of cell mkRequantEquivalence.$add$/workspace/scratch/839f8f1063a0/requant_equivalence/mkRequantEquivalence.v:2825$540 ($add).
Removed top 1 bits (of 9) from port Y of cell mkRequantEquivalence.$add$/workspace/scratch/839f8f1063a0/requant_equivalence/mkRequantEquivalence.v:2831$546 ($add).
Removed top 1 bits (of 9) from port A of cell mkRequantEquivalence.$add$/workspace/scratch/839f8f1063a0/requant_equivalence/mkRequantEquivalence.v:2831$546 ($add).
Removed top 1 bits (of 9) from port Y of cell mkRequantEquivalence.$add$/workspace/scratch/839f8f1063a0/requant_equivalence/mkRequantEquivalence.v:2861$582 ($add).
Removed top 1 bits (of 9) from port A of cell mkRequantEquivalence.$add$/workspace/scratch/839f8f1063a0/requant_equivalence/mkRequantEquivalence.v:2861$582 ($add).
Removed top 1 bits (of 9) from port Y of cell mkRequantEquivalence.$add$/workspace/scratch/839f8f1063a0/requant_equivalence/mkRequantEquivalence.v:2866$588 ($add).
Removed top 1 bits (of 9) from port A of cell mkRequantEquivalence.$add$/workspace/scratch/839f8f1063a0/requant_equivalence/mkRequantEquivalence.v:2866$588 ($add).
Removed top 1 bits (of 9) from port Y of cell mkRequantEquivalence.$add$/workspace/scratch/839f8f1063a0/requant_equivalence/mkRequantEquivalence.v:2872$594 ($add).
Removed top 1 bits (of 9) from port A of cell mkRequantEquivalence.$add$/workspace/scratch/839f8f1063a0/requant_equivalence/mkRequantEquivalence.v:2872$594 ($add).
Removed top 1 bits (of 9) from port Y of cell mkRequantEquivalence.$add$/workspace/scratch/839f8f1063a0/requant_equivalence/mkRequantEquivalence.v:2897$624 ($add).
Removed top 1 bits (of 9) from port A of cell mkRequantEquivalence.$add$/workspace/scratch/839f8f1063a0/requant_equivalence/mkRequantEquivalence.v:2897$624 ($add).
Removed top 1 bits (of 9) from port Y of cell mkRequantEquivalence.$add$/workspace/scratch/839f8f1063a0/requant_equivalence/mkRequantEquivalence.v:2902$630 ($add).
Removed top 1 bits (of 9) from port A of cell mkRequantEquivalence.$add$/workspace/scratch/839f8f1063a0/requant_equivalence/mkRequantEquivalence.v:2902$630 ($add).
Removed top 1 bits (of 9) from port Y of cell mkRequantEquivalence.$add$/workspace/scratch/839f8f1063a0/requant_equivalence/mkRequantEquivalence.v:2908$636 ($add).
Removed top 1 bits (of 9) from port A of cell mkRequantEquivalence.$add$/workspace/scratch/839f8f1063a0/requant_equivalence/mkRequantEquivalence.v:2908$636 ($add).
Removed top 1 bits (of 9) from port Y of cell mkRequantEquivalence.$add$/workspace/scratch/839f8f1063a0/requant_equivalence/mkRequantEquivalence.v:2933$666 ($add).
Removed top 1 bits (of 9) from port A of cell mkRequantEquivalence.$add$/workspace/scratch/839f8f1063a0/requant_equivalence/mkRequantEquivalence.v:2933$666 ($add).
Removed top 1 bits (of 9) from port Y of cell mkRequantEquivalence.$add$/workspace/scratch/839f8f1063a0/requant_equivalence/mkRequantEquivalence.v:2938$672 ($add).
Removed top 1 bits (of 9) from port A of cell mkRequantEquivalence.$add$/workspace/scratch/839f8f1063a0/requant_equivalence/mkRequantEquivalence.v:2938$672 ($add).
Removed top 1 bits (of 9) from port Y of cell mkRequantEquivalence.$add$/workspace/scratch/839f8f1063a0/requant_equivalence/mkRequantEquivalence.v:2944$678 ($add).
Removed top 1 bits (of 9) from port A of cell mkRequantEquivalence.$add$/workspace/scratch/839f8f1063a0/requant_equivalence/mkRequantEquivalence.v:2944$678 ($add).
Removed top 1 bits (of 9) from port Y of cell mkRequantEquivalence.$add$/workspace/scratch/839f8f1063a0/requant_equivalence/mkRequantEquivalence.v:2964$702 ($add).
Removed top 1 bits (of 9) from port A of cell mkRequantEquivalence.$add$/workspace/scratch/839f8f1063a0/requant_equivalence/mkRequantEquivalence.v:2964$702 ($add).
Removed top 1 bits (of 9) from port Y of cell mkRequantEquivalence.$add$/workspace/scratch/839f8f1063a0/requant_equivalence/mkRequantEquivalence.v:2969$708 ($add).
Removed top 1 bits (of 9) from port A of cell mkRequantEquivalence.$add$/workspace/scratch/839f8f1063a0/requant_equivalence/mkRequantEquivalence.v:2969$708 ($add).
Removed top 1 bits (of 9) from port Y of cell mkRequantEquivalence.$add$/workspace/scratch/839f8f1063a0/requant_equivalence/mkRequantEquivalence.v:2975$714 ($add).
Removed top 1 bits (of 9) from port A of cell mkRequantEquivalence.$add$/workspace/scratch/839f8f1063a0/requant_equivalence/mkRequantEquivalence.v:2975$714 ($add).
Removed top 1 bits (of 9) from port Y of cell mkRequantEquivalence.$add$/workspace/scratch/839f8f1063a0/requant_equivalence/mkRequantEquivalence.v:2995$738 ($add).
Removed top 1 bits (of 9) from port A of cell mkRequantEquivalence.$add$/workspace/scratch/839f8f1063a0/requant_equivalence/mkRequantEquivalence.v:2995$738 ($add).
Removed top 1 bits (of 9) from port Y of cell mkRequantEquivalence.$add$/workspace/scratch/839f8f1063a0/requant_equivalence/mkRequantEquivalence.v:3000$744 ($add).
Removed top 1 bits (of 9) from port A of cell mkRequantEquivalence.$add$/workspace/scratch/839f8f1063a0/requant_equivalence/mkRequantEquivalence.v:3000$744 ($add).
Removed top 1 bits (of 9) from port Y of cell mkRequantEquivalence.$add$/workspace/scratch/839f8f1063a0/requant_equivalence/mkRequantEquivalence.v:3006$750 ($add).
Removed top 1 bits (of 9) from port A of cell mkRequantEquivalence.$add$/workspace/scratch/839f8f1063a0/requant_equivalence/mkRequantEquivalence.v:3006$750 ($add).
Removed top 1 bits (of 9) from port Y of cell mkRequantEquivalence.$add$/workspace/scratch/839f8f1063a0/requant_equivalence/mkRequantEquivalence.v:3026$774 ($add).
Removed top 1 bits (of 9) from port A of cell mkRequantEquivalence.$add$/workspace/scratch/839f8f1063a0/requant_equivalence/mkRequantEquivalence.v:3026$774 ($add).
Removed top 1 bits (of 9) from port Y of cell mkRequantEquivalence.$add$/workspace/scratch/839f8f1063a0/requant_equivalence/mkRequantEquivalence.v:3031$780 ($add).
Removed top 1 bits (of 9) from port A of cell mkRequantEquivalence.$add$/workspace/scratch/839f8f1063a0/requant_equivalence/mkRequantEquivalence.v:3031$780 ($add).
Removed top 1 bits (of 9) from port Y of cell mkRequantEquivalence.$add$/workspace/scratch/839f8f1063a0/requant_equivalence/mkRequantEquivalence.v:3037$786 ($add).
Removed top 1 bits (of 9) from port A of cell mkRequantEquivalence.$add$/workspace/scratch/839f8f1063a0/requant_equivalence/mkRequantEquivalence.v:3037$786 ($add).
Removed top 1 bits (of 9) from port Y of cell mkRequantEquivalence.$add$/workspace/scratch/839f8f1063a0/requant_equivalence/mkRequantEquivalence.v:3077$834 ($add).
Removed top 1 bits (of 9) from port A of cell mkRequantEquivalence.$add$/workspace/scratch/839f8f1063a0/requant_equivalence/mkRequantEquivalence.v:3077$834 ($add).
Removed top 1 bits (of 9) from port Y of cell mkRequantEquivalence.$add$/workspace/scratch/839f8f1063a0/requant_equivalence/mkRequantEquivalence.v:3082$840 ($add).
Removed top 1 bits (of 9) from port A of cell mkRequantEquivalence.$add$/workspace/scratch/839f8f1063a0/requant_equivalence/mkRequantEquivalence.v:3082$840 ($add).
Removed top 1 bits (of 9) from port Y of cell mkRequantEquivalence.$add$/workspace/scratch/839f8f1063a0/requant_equivalence/mkRequantEquivalence.v:3088$846 ($add).
Removed top 1 bits (of 9) from port A of cell mkRequantEquivalence.$add$/workspace/scratch/839f8f1063a0/requant_equivalence/mkRequantEquivalence.v:3088$846 ($add).
Removed top 1 bits (of 9) from port Y of cell mkRequantEquivalence.$add$/workspace/scratch/839f8f1063a0/requant_equivalence/mkRequantEquivalence.v:3108$870 ($add).
Removed top 1 bits (of 9) from port A of cell mkRequantEquivalence.$add$/workspace/scratch/839f8f1063a0/requant_equivalence/mkRequantEquivalence.v:3108$870 ($add).
Removed top 1 bits (of 9) from port Y of cell mkRequantEquivalence.$add$/workspace/scratch/839f8f1063a0/requant_equivalence/mkRequantEquivalence.v:3113$876 ($add).
Removed top 1 bits (of 9) from port A of cell mkRequantEquivalence.$add$/workspace/scratch/839f8f1063a0/requant_equivalence/mkRequantEquivalence.v:3113$876 ($add).
Removed top 1 bits (of 9) from port Y of cell mkRequantEquivalence.$add$/workspace/scratch/839f8f1063a0/requant_equivalence/mkRequantEquivalence.v:3119$882 ($add).
Removed top 1 bits (of 9) from port A of cell mkRequantEquivalence.$add$/workspace/scratch/839f8f1063a0/requant_equivalence/mkRequantEquivalence.v:3119$882 ($add).
Removed top 1 bits (of 9) from port Y of cell mkRequantEquivalence.$add$/workspace/scratch/839f8f1063a0/requant_equivalence/mkRequantEquivalence.v:3139$906 ($add).
Removed top 1 bits (of 9) from port A of cell mkRequantEquivalence.$add$/workspace/scratch/839f8f1063a0/requant_equivalence/mkRequantEquivalence.v:3139$906 ($add).
Removed top 1 bits (of 9) from port Y of cell mkRequantEquivalence.$add$/workspace/scratch/839f8f1063a0/requant_equivalence/mkRequantEquivalence.v:3144$912 ($add).
Removed top 1 bits (of 9) from port A of cell mkRequantEquivalence.$add$/workspace/scratch/839f8f1063a0/requant_equivalence/mkRequantEquivalence.v:3144$912 ($add).
Removed top 1 bits (of 9) from port Y of cell mkRequantEquivalence.$add$/workspace/scratch/839f8f1063a0/requant_equivalence/mkRequantEquivalence.v:3150$918 ($add).
Removed top 1 bits (of 9) from port A of cell mkRequantEquivalence.$add$/workspace/scratch/839f8f1063a0/requant_equivalence/mkRequantEquivalence.v:3150$918 ($add).
Removed top 1 bits (of 9) from port Y of cell mkRequantEquivalence.$add$/workspace/scratch/839f8f1063a0/requant_equivalence/mkRequantEquivalence.v:3170$942 ($add).
Removed top 1 bits (of 9) from port A of cell mkRequantEquivalence.$add$/workspace/scratch/839f8f1063a0/requant_equivalence/mkRequantEquivalence.v:3170$942 ($add).
Removed top 1 bits (of 9) from port Y of cell mkRequantEquivalence.$add$/workspace/scratch/839f8f1063a0/requant_equivalence/mkRequantEquivalence.v:3175$948 ($add).
Removed top 1 bits (of 9) from port A of cell mkRequantEquivalence.$add$/workspace/scratch/839f8f1063a0/requant_equivalence/mkRequantEquivalence.v:3175$948 ($add).
Removed top 1 bits (of 9) from port Y of cell mkRequantEquivalence.$add$/workspace/scratch/839f8f1063a0/requant_equivalence/mkRequantEquivalence.v:3181$954 ($add).
Removed top 1 bits (of 9) from port A of cell mkRequantEquivalence.$add$/workspace/scratch/839f8f1063a0/requant_equivalence/mkRequantEquivalence.v:3181$954 ($add).
Removed top 1 bits (of 9) from port Y of cell mkRequantEquivalence.$add$/workspace/scratch/839f8f1063a0/requant_equivalence/mkRequantEquivalence.v:3196$972 ($add).
Removed top 1 bits (of 9) from port A of cell mkRequantEquivalence.$add$/workspace/scratch/839f8f1063a0/requant_equivalence/mkRequantEquivalence.v:3196$972 ($add).
Removed top 1 bits (of 9) from port Y of cell mkRequantEquivalence.$add$/workspace/scratch/839f8f1063a0/requant_equivalence/mkRequantEquivalence.v:3201$978 ($add).
Removed top 1 bits (of 9) from port A of cell mkRequantEquivalence.$add$/workspace/scratch/839f8f1063a0/requant_equivalence/mkRequantEquivalence.v:3201$978 ($add).
Removed top 1 bits (of 9) from port Y of cell mkRequantEquivalence.$add$/workspace/scratch/839f8f1063a0/requant_equivalence/mkRequantEquivalence.v:3207$984 ($add).
Removed top 1 bits (of 9) from port A of cell mkRequantEquivalence.$add$/workspace/scratch/839f8f1063a0/requant_equivalence/mkRequantEquivalence.v:3207$984 ($add).
Removed top 1 bits (of 9) from port Y of cell mkRequantEquivalence.$add$/workspace/scratch/839f8f1063a0/requant_equivalence/mkRequantEquivalence.v:3222$1002 ($add).
Removed top 1 bits (of 9) from port A of cell mkRequantEquivalence.$add$/workspace/scratch/839f8f1063a0/requant_equivalence/mkRequantEquivalence.v:3222$1002 ($add).
Removed top 1 bits (of 9) from port Y of cell mkRequantEquivalence.$add$/workspace/scratch/839f8f1063a0/requant_equivalence/mkRequantEquivalence.v:3227$1008 ($add).
Removed top 1 bits (of 9) from port A of cell mkRequantEquivalence.$add$/workspace/scratch/839f8f1063a0/requant_equivalence/mkRequantEquivalence.v:3227$1008 ($add).
Removed top 1 bits (of 9) from port Y of cell mkRequantEquivalence.$add$/workspace/scratch/839f8f1063a0/requant_equivalence/mkRequantEquivalence.v:3233$1014 ($add).
Removed top 1 bits (of 9) from port A of cell mkRequantEquivalence.$add$/workspace/scratch/839f8f1063a0/requant_equivalence/mkRequantEquivalence.v:3233$1014 ($add).
Removed top 1 bits (of 9) from port Y of cell mkRequantEquivalence.$add$/workspace/scratch/839f8f1063a0/requant_equivalence/mkRequantEquivalence.v:3248$1032 ($add).
Removed top 1 bits (of 9) from port A of cell mkRequantEquivalence.$add$/workspace/scratch/839f8f1063a0/requant_equivalence/mkRequantEquivalence.v:3248$1032 ($add).
Removed top 1 bits (of 9) from port Y of cell mkRequantEquivalence.$add$/workspace/scratch/839f8f1063a0/requant_equivalence/mkRequantEquivalence.v:3254$1038 ($add).
Removed top 1 bits (of 9) from port A of cell mkRequantEquivalence.$add$/workspace/scratch/839f8f1063a0/requant_equivalence/mkRequantEquivalence.v:3254$1038 ($add).
Removed top 1 bits (of 9) from port Y of cell mkRequantEquivalence.$add$/workspace/scratch/839f8f1063a0/requant_equivalence/mkRequantEquivalence.v:3264$1050 ($add).
Removed top 1 bits (of 9) from port A of cell mkRequantEquivalence.$add$/workspace/scratch/839f8f1063a0/requant_equivalence/mkRequantEquivalence.v:3264$1050 ($add).
Removed top 1 bits (of 9) from port Y of cell mkRequantEquivalence.$add$/workspace/scratch/839f8f1063a0/requant_equivalence/mkRequantEquivalence.v:3269$1056 ($add).
Removed top 1 bits (of 9) from port A of cell mkRequantEquivalence.$add$/workspace/scratch/839f8f1063a0/requant_equivalence/mkRequantEquivalence.v:3269$1056 ($add).
Removed top 1 bits (of 9) from port Y of cell mkRequantEquivalence.$add$/workspace/scratch/839f8f1063a0/requant_equivalence/mkRequantEquivalence.v:3275$1062 ($add).
Removed top 1 bits (of 9) from port A of cell mkRequantEquivalence.$add$/workspace/scratch/839f8f1063a0/requant_equivalence/mkRequantEquivalence.v:3275$1062 ($add).
Removed top 1 bits (of 9) from port Y of cell mkRequantEquivalence.$add$/workspace/scratch/839f8f1063a0/requant_equivalence/mkRequantEquivalence.v:3285$1074 ($add).
Removed top 1 bits (of 9) from port A of cell mkRequantEquivalence.$add$/workspace/scratch/839f8f1063a0/requant_equivalence/mkRequantEquivalence.v:3285$1074 ($add).
Removed top 1 bits (of 9) from port Y of cell mkRequantEquivalence.$add$/workspace/scratch/839f8f1063a0/requant_equivalence/mkRequantEquivalence.v:3290$1080 ($add).
Removed top 1 bits (of 9) from port A of cell mkRequantEquivalence.$add$/workspace/scratch/839f8f1063a0/requant_equivalence/mkRequantEquivalence.v:3290$1080 ($add).
Removed top 1 bits (of 9) from port Y of cell mkRequantEquivalence.$add$/workspace/scratch/839f8f1063a0/requant_equivalence/mkRequantEquivalence.v:3296$1086 ($add).
Removed top 1 bits (of 9) from port A of cell mkRequantEquivalence.$add$/workspace/scratch/839f8f1063a0/requant_equivalence/mkRequantEquivalence.v:3296$1086 ($add).
Removed top 1 bits (of 9) from port Y of cell mkRequantEquivalence.$add$/workspace/scratch/839f8f1063a0/requant_equivalence/mkRequantEquivalence.v:3306$1098 ($add).
Removed top 1 bits (of 9) from port A of cell mkRequantEquivalence.$add$/workspace/scratch/839f8f1063a0/requant_equivalence/mkRequantEquivalence.v:3306$1098 ($add).
Removed top 1 bits (of 9) from port Y of cell mkRequantEquivalence.$add$/workspace/scratch/839f8f1063a0/requant_equivalence/mkRequantEquivalence.v:3311$1104 ($add).
Removed top 1 bits (of 9) from port A of cell mkRequantEquivalence.$add$/workspace/scratch/839f8f1063a0/requant_equivalence/mkRequantEquivalence.v:3311$1104 ($add).
Removed top 1 bits (of 9) from port Y of cell mkRequantEquivalence.$add$/workspace/scratch/839f8f1063a0/requant_equivalence/mkRequantEquivalence.v:3317$1110 ($add).
Removed top 1 bits (of 9) from port A of cell mkRequantEquivalence.$add$/workspace/scratch/839f8f1063a0/requant_equivalence/mkRequantEquivalence.v:3317$1110 ($add).
Removed top 1 bits (of 9) from port Y of cell mkRequantEquivalence.$add$/workspace/scratch/839f8f1063a0/requant_equivalence/mkRequantEquivalence.v:3327$1122 ($add).
Removed top 1 bits (of 9) from port A of cell mkRequantEquivalence.$add$/workspace/scratch/839f8f1063a0/requant_equivalence/mkRequantEquivalence.v:3327$1122 ($add).
Removed top 1 bits (of 9) from port Y of cell mkRequantEquivalence.$add$/workspace/scratch/839f8f1063a0/requant_equivalence/mkRequantEquivalence.v:3332$1128 ($add).
Removed top 1 bits (of 9) from port A of cell mkRequantEquivalence.$add$/workspace/scratch/839f8f1063a0/requant_equivalence/mkRequantEquivalence.v:3332$1128 ($add).
Removed top 1 bits (of 9) from port Y of cell mkRequantEquivalence.$add$/workspace/scratch/839f8f1063a0/requant_equivalence/mkRequantEquivalence.v:3338$1134 ($add).
Removed top 1 bits (of 9) from port A of cell mkRequantEquivalence.$add$/workspace/scratch/839f8f1063a0/requant_equivalence/mkRequantEquivalence.v:3338$1134 ($add).
Removed top 1 bits (of 9) from port Y of cell mkRequantEquivalence.$add$/workspace/scratch/839f8f1063a0/requant_equivalence/mkRequantEquivalence.v:3378$1182 ($add).
Removed top 1 bits (of 9) from port A of cell mkRequantEquivalence.$add$/workspace/scratch/839f8f1063a0/requant_equivalence/mkRequantEquivalence.v:3378$1182 ($add).
Removed top 1 bits (of 9) from port Y of cell mkRequantEquivalence.$add$/workspace/scratch/839f8f1063a0/requant_equivalence/mkRequantEquivalence.v:3383$1188 ($add).
Removed top 1 bits (of 9) from port A of cell mkRequantEquivalence.$add$/workspace/scratch/839f8f1063a0/requant_equivalence/mkRequantEquivalence.v:3383$1188 ($add).
Removed top 1 bits (of 9) from port Y of cell mkRequantEquivalence.$add$/workspace/scratch/839f8f1063a0/requant_equivalence/mkRequantEquivalence.v:3389$1194 ($add).
Removed top 1 bits (of 9) from port A of cell mkRequantEquivalence.$add$/workspace/scratch/839f8f1063a0/requant_equivalence/mkRequantEquivalence.v:3389$1194 ($add).
Removed top 1 bits (of 9) from port Y of cell mkRequantEquivalence.$add$/workspace/scratch/839f8f1063a0/requant_equivalence/mkRequantEquivalence.v:3399$1206 ($add).
Removed top 1 bits (of 9) from port A of cell mkRequantEquivalence.$add$/workspace/scratch/839f8f1063a0/requant_equivalence/mkRequantEquivalence.v:3399$1206 ($add).
Removed top 1 bits (of 9) from port Y of cell mkRequantEquivalence.$add$/workspace/scratch/839f8f1063a0/requant_equivalence/mkRequantEquivalence.v:3404$1212 ($add).
Removed top 1 bits (of 9) from port A of cell mkRequantEquivalence.$add$/workspace/scratch/839f8f1063a0/requant_equivalence/mkRequantEquivalence.v:3404$1212 ($add).
Removed top 1 bits (of 9) from port Y of cell mkRequantEquivalence.$add$/workspace/scratch/839f8f1063a0/requant_equivalence/mkRequantEquivalence.v:3410$1218 ($add).
Removed top 1 bits (of 9) from port A of cell mkRequantEquivalence.$add$/workspace/scratch/839f8f1063a0/requant_equivalence/mkRequantEquivalence.v:3410$1218 ($add).
Removed top 1 bits (of 9) from port Y of cell mkRequantEquivalence.$add$/workspace/scratch/839f8f1063a0/requant_equivalence/mkRequantEquivalence.v:3420$1230 ($add).
Removed top 1 bits (of 9) from port A of cell mkRequantEquivalence.$add$/workspace/scratch/839f8f1063a0/requant_equivalence/mkRequantEquivalence.v:3420$1230 ($add).
Removed top 1 bits (of 9) from port Y of cell mkRequantEquivalence.$add$/workspace/scratch/839f8f1063a0/requant_equivalence/mkRequantEquivalence.v:3425$1236 ($add).
Removed top 1 bits (of 9) from port A of cell mkRequantEquivalence.$add$/workspace/scratch/839f8f1063a0/requant_equivalence/mkRequantEquivalence.v:3425$1236 ($add).
Removed top 1 bits (of 9) from port Y of cell mkRequantEquivalence.$add$/workspace/scratch/839f8f1063a0/requant_equivalence/mkRequantEquivalence.v:3430$1242 ($add).
Removed top 1 bits (of 9) from port A of cell mkRequantEquivalence.$add$/workspace/scratch/839f8f1063a0/requant_equivalence/mkRequantEquivalence.v:3430$1242 ($add).
Removed top 1 bits (of 9) from port Y of cell mkRequantEquivalence.$add$/workspace/scratch/839f8f1063a0/requant_equivalence/mkRequantEquivalence.v:3441$1254 ($add).
Removed top 1 bits (of 9) from port A of cell mkRequantEquivalence.$add$/workspace/scratch/839f8f1063a0/requant_equivalence/mkRequantEquivalence.v:3441$1254 ($add).
Removed top 1 bits (of 9) from port Y of cell mkRequantEquivalence.$add$/workspace/scratch/839f8f1063a0/requant_equivalence/mkRequantEquivalence.v:3446$1260 ($add).
Removed top 1 bits (of 9) from port A of cell mkRequantEquivalence.$add$/workspace/scratch/839f8f1063a0/requant_equivalence/mkRequantEquivalence.v:3446$1260 ($add).
Removed top 1 bits (of 9) from port Y of cell mkRequantEquivalence.$add$/workspace/scratch/839f8f1063a0/requant_equivalence/mkRequantEquivalence.v:3457$1272 ($add).
Removed top 1 bits (of 9) from port A of cell mkRequantEquivalence.$add$/workspace/scratch/839f8f1063a0/requant_equivalence/mkRequantEquivalence.v:3457$1272 ($add).
Removed top 1 bits (of 9) from port Y of cell mkRequantEquivalence.$add$/workspace/scratch/839f8f1063a0/requant_equivalence/mkRequantEquivalence.v:3468$1284 ($add).
Removed top 1 bits (of 9) from port A of cell mkRequantEquivalence.$add$/workspace/scratch/839f8f1063a0/requant_equivalence/mkRequantEquivalence.v:3468$1284 ($add).
Removed top 1 bits (of 9) from port Y of cell mkRequantEquivalence.$add$/workspace/scratch/839f8f1063a0/requant_equivalence/mkRequantEquivalence.v:3479$1296 ($add).
Removed top 1 bits (of 9) from port A of cell mkRequantEquivalence.$add$/workspace/scratch/839f8f1063a0/requant_equivalence/mkRequantEquivalence.v:3479$1296 ($add).
Removed top 1 bits (of 9) from port Y of cell mkRequantEquivalence.$add$/workspace/scratch/839f8f1063a0/requant_equivalence/mkRequantEquivalence.v:3490$1308 ($add).
Removed top 1 bits (of 9) from port A of cell mkRequantEquivalence.$add$/workspace/scratch/839f8f1063a0/requant_equivalence/mkRequantEquivalence.v:3490$1308 ($add).
Removed top 1 bits (of 9) from port Y of cell mkRequantEquivalence.$add$/workspace/scratch/839f8f1063a0/requant_equivalence/mkRequantEquivalence.v:3501$1320 ($add).
Removed top 1 bits (of 9) from port A of cell mkRequantEquivalence.$add$/workspace/scratch/839f8f1063a0/requant_equivalence/mkRequantEquivalence.v:3501$1320 ($add).
Removed top 1 bits (of 9) from port Y of cell mkRequantEquivalence.$add$/workspace/scratch/839f8f1063a0/requant_equivalence/mkRequantEquivalence.v:3512$1332 ($add).
Removed top 1 bits (of 9) from port A of cell mkRequantEquivalence.$add$/workspace/scratch/839f8f1063a0/requant_equivalence/mkRequantEquivalence.v:3512$1332 ($add).
Removed top 1 bits (of 9) from port Y of cell mkRequantEquivalence.$add$/workspace/scratch/839f8f1063a0/requant_equivalence/mkRequantEquivalence.v:3518$1338 ($add).
Removed top 1 bits (of 9) from port A of cell mkRequantEquivalence.$add$/workspace/scratch/839f8f1063a0/requant_equivalence/mkRequantEquivalence.v:3518$1338 ($add).
Removed top 1 bits (of 9) from port Y of cell mkRequantEquivalence.$add$/workspace/scratch/839f8f1063a0/requant_equivalence/mkRequantEquivalence.v:3524$1344 ($add).
Removed top 1 bits (of 9) from port A of cell mkRequantEquivalence.$add$/workspace/scratch/839f8f1063a0/requant_equivalence/mkRequantEquivalence.v:3524$1344 ($add).
Removed top 1 bits (of 9) from port Y of cell mkRequantEquivalence.$add$/workspace/scratch/839f8f1063a0/requant_equivalence/mkRequantEquivalence.v:3564$1392 ($add).
Removed top 1 bits (of 9) from port A of cell mkRequantEquivalence.$add$/workspace/scratch/839f8f1063a0/requant_equivalence/mkRequantEquivalence.v:3564$1392 ($add).
Removed top 1 bits (of 9) from port Y of cell mkRequantEquivalence.$add$/workspace/scratch/839f8f1063a0/requant_equivalence/mkRequantEquivalence.v:3569$1398 ($add).
Removed top 1 bits (of 9) from port A of cell mkRequantEquivalence.$add$/workspace/scratch/839f8f1063a0/requant_equivalence/mkRequantEquivalence.v:3569$1398 ($add).
Removed top 1 bits (of 9) from port Y of cell mkRequantEquivalence.$add$/workspace/scratch/839f8f1063a0/requant_equivalence/mkRequantEquivalence.v:3574$1404 ($add).
Removed top 1 bits (of 9) from port A of cell mkRequantEquivalence.$add$/workspace/scratch/839f8f1063a0/requant_equivalence/mkRequantEquivalence.v:3574$1404 ($add).
Removed top 1 bits (of 9) from port Y of cell mkRequantEquivalence.$add$/workspace/scratch/839f8f1063a0/requant_equivalence/mkRequantEquivalence.v:3580$1410 ($add).
Removed top 1 bits (of 9) from port A of cell mkRequantEquivalence.$add$/workspace/scratch/839f8f1063a0/requant_equivalence/mkRequantEquivalence.v:3580$1410 ($add).
Removed top 1 bits (of 9) from port Y of cell mkRequantEquivalence.$add$/workspace/scratch/839f8f1063a0/requant_equivalence/mkRequantEquivalence.v:3585$1416 ($add).
Removed top 1 bits (of 9) from port A of cell mkRequantEquivalence.$add$/workspace/scratch/839f8f1063a0/requant_equivalence/mkRequantEquivalence.v:3585$1416 ($add).
Removed top 1 bits (of 9) from port Y of cell mkRequantEquivalence.$add$/workspace/scratch/839f8f1063a0/requant_equivalence/mkRequantEquivalence.v:3591$1422 ($add).
Removed top 1 bits (of 9) from port A of cell mkRequantEquivalence.$add$/workspace/scratch/839f8f1063a0/requant_equivalence/mkRequantEquivalence.v:3591$1422 ($add).
Removed top 1 bits (of 9) from port Y of cell mkRequantEquivalence.$add$/workspace/scratch/839f8f1063a0/requant_equivalence/mkRequantEquivalence.v:3596$1428 ($add).
Removed top 1 bits (of 9) from port A of cell mkRequantEquivalence.$add$/workspace/scratch/839f8f1063a0/requant_equivalence/mkRequantEquivalence.v:3596$1428 ($add).
Removed top 1 bits (of 9) from port Y of cell mkRequantEquivalence.$add$/workspace/scratch/839f8f1063a0/requant_equivalence/mkRequantEquivalence.v:3602$1434 ($add).
Removed top 1 bits (of 9) from port A of cell mkRequantEquivalence.$add$/workspace/scratch/839f8f1063a0/requant_equivalence/mkRequantEquivalence.v:3602$1434 ($add).
Removed top 1 bits (of 9) from port Y of cell mkRequantEquivalence.$add$/workspace/scratch/839f8f1063a0/requant_equivalence/mkRequantEquivalence.v:3607$1440 ($add).
Removed top 1 bits (of 9) from port A of cell mkRequantEquivalence.$add$/workspace/scratch/839f8f1063a0/requant_equivalence/mkRequantEquivalence.v:3607$1440 ($add).
Removed top 1 bits (of 9) from port Y of cell mkRequantEquivalence.$add$/workspace/scratch/839f8f1063a0/requant_equivalence/mkRequantEquivalence.v:3613$1446 ($add).
Removed top 1 bits (of 9) from port A of cell mkRequantEquivalence.$add$/workspace/scratch/839f8f1063a0/requant_equivalence/mkRequantEquivalence.v:3613$1446 ($add).
Removed top 1 bits (of 9) from port Y of cell mkRequantEquivalence.$add$/workspace/scratch/839f8f1063a0/requant_equivalence/mkRequantEquivalence.v:3618$1452 ($add).
Removed top 1 bits (of 9) from port A of cell mkRequantEquivalence.$add$/workspace/scratch/839f8f1063a0/requant_equivalence/mkRequantEquivalence.v:3618$1452 ($add).
Removed top 1 bits (of 9) from port Y of cell mkRequantEquivalence.$add$/workspace/scratch/839f8f1063a0/requant_equivalence/mkRequantEquivalence.v:3624$1458 ($add).
Removed top 1 bits (of 9) from port A of cell mkRequantEquivalence.$add$/workspace/scratch/839f8f1063a0/requant_equivalence/mkRequantEquivalence.v:3624$1458 ($add).
Removed top 1 bits (of 9) from port Y of cell mkRequantEquivalence.$add$/workspace/scratch/839f8f1063a0/requant_equivalence/mkRequantEquivalence.v:3629$1464 ($add).
Removed top 1 bits (of 9) from port A of cell mkRequantEquivalence.$add$/workspace/scratch/839f8f1063a0/requant_equivalence/mkRequantEquivalence.v:3629$1464 ($add).
Removed top 1 bits (of 9) from port Y of cell mkRequantEquivalence.$add$/workspace/scratch/839f8f1063a0/requant_equivalence/mkRequantEquivalence.v:3635$1470 ($add).
Removed top 1 bits (of 9) from port A of cell mkRequantEquivalence.$add$/workspace/scratch/839f8f1063a0/requant_equivalence/mkRequantEquivalence.v:3635$1470 ($add).
Removed top 1 bits (of 9) from port Y of cell mkRequantEquivalence.$add$/workspace/scratch/839f8f1063a0/requant_equivalence/mkRequantEquivalence.v:3640$1476 ($add).
Removed top 1 bits (of 9) from port A of cell mkRequantEquivalence.$add$/workspace/scratch/839f8f1063a0/requant_equivalence/mkRequantEquivalence.v:3640$1476 ($add).
Removed top 1 bits (of 9) from port Y of cell mkRequantEquivalence.$add$/workspace/scratch/839f8f1063a0/requant_equivalence/mkRequantEquivalence.v:3646$1482 ($add).
Removed top 1 bits (of 9) from port A of cell mkRequantEquivalence.$add$/workspace/scratch/839f8f1063a0/requant_equivalence/mkRequantEquivalence.v:3646$1482 ($add).
Removed top 1 bits (of 9) from port Y of cell mkRequantEquivalence.$add$/workspace/scratch/839f8f1063a0/requant_equivalence/mkRequantEquivalence.v:3652$1488 ($add).
Removed top 1 bits (of 9) from port A of cell mkRequantEquivalence.$add$/workspace/scratch/839f8f1063a0/requant_equivalence/mkRequantEquivalence.v:3652$1488 ($add).
Removed top 1 bits (of 9) from port Y of cell mkRequantEquivalence.$add$/workspace/scratch/839f8f1063a0/requant_equivalence/mkRequantEquivalence.v:3658$1494 ($add).
Removed top 1 bits (of 9) from port A of cell mkRequantEquivalence.$add$/workspace/scratch/839f8f1063a0/requant_equivalence/mkRequantEquivalence.v:3658$1494 ($add).
Removed top 1 bits (of 9) from port Y of cell mkRequantEquivalence.$add$/workspace/scratch/839f8f1063a0/requant_equivalence/mkRequantEquivalence.v:3664$1500 ($add).
Removed top 1 bits (of 9) from port A of cell mkRequantEquivalence.$add$/workspace/scratch/839f8f1063a0/requant_equivalence/mkRequantEquivalence.v:3664$1500 ($add).
Removed top 1 bits (of 9) from port Y of cell mkRequantEquivalence.$add$/workspace/scratch/839f8f1063a0/requant_equivalence/mkRequantEquivalence.v:3670$1506 ($add).
Removed top 1 bits (of 9) from port A of cell mkRequantEquivalence.$add$/workspace/scratch/839f8f1063a0/requant_equivalence/mkRequantEquivalence.v:3670$1506 ($add).
Removed top 1 bits (of 9) from port Y of cell mkRequantEquivalence.$add$/workspace/scratch/839f8f1063a0/requant_equivalence/mkRequantEquivalence.v:3710$1554 ($add).
Removed top 1 bits (of 9) from port A of cell mkRequantEquivalence.$add$/workspace/scratch/839f8f1063a0/requant_equivalence/mkRequantEquivalence.v:3710$1554 ($add).
Removed top 1 bits (of 9) from port Y of cell mkRequantEquivalence.$add$/workspace/scratch/839f8f1063a0/requant_equivalence/mkRequantEquivalence.v:3715$1560 ($add).
Removed top 1 bits (of 9) from port A of cell mkRequantEquivalence.$add$/workspace/scratch/839f8f1063a0/requant_equivalence/mkRequantEquivalence.v:3715$1560 ($add).
Removed top 1 bits (of 9) from port Y of cell mkRequantEquivalence.$add$/workspace/scratch/839f8f1063a0/requant_equivalence/mkRequantEquivalence.v:3721$1566 ($add).
Removed top 1 bits (of 9) from port A of cell mkRequantEquivalence.$add$/workspace/scratch/839f8f1063a0/requant_equivalence/mkRequantEquivalence.v:3721$1566 ($add).
Removed top 1 bits (of 9) from port Y of cell mkRequantEquivalence.$add$/workspace/scratch/839f8f1063a0/requant_equivalence/mkRequantEquivalence.v:3727$1572 ($add).
Removed top 1 bits (of 9) from port A of cell mkRequantEquivalence.$add$/workspace/scratch/839f8f1063a0/requant_equivalence/mkRequantEquivalence.v:3727$1572 ($add).
Removed top 1 bits (of 9) from port Y of cell mkRequantEquivalence.$add$/workspace/scratch/839f8f1063a0/requant_equivalence/mkRequantEquivalence.v:3733$1578 ($add).
Removed top 1 bits (of 9) from port A of cell mkRequantEquivalence.$add$/workspace/scratch/839f8f1063a0/requant_equivalence/mkRequantEquivalence.v:3733$1578 ($add).
Removed top 1 bits (of 9) from port Y of cell mkRequantEquivalence.$add$/workspace/scratch/839f8f1063a0/requant_equivalence/mkRequantEquivalence.v:3739$1584 ($add).
Removed top 1 bits (of 9) from port A of cell mkRequantEquivalence.$add$/workspace/scratch/839f8f1063a0/requant_equivalence/mkRequantEquivalence.v:3739$1584 ($add).
Removed top 1 bits (of 9) from port Y of cell mkRequantEquivalence.$add$/workspace/scratch/839f8f1063a0/requant_equivalence/mkRequantEquivalence.v:3745$1590 ($add).
Removed top 1 bits (of 9) from port A of cell mkRequantEquivalence.$add$/workspace/scratch/839f8f1063a0/requant_equivalence/mkRequantEquivalence.v:3745$1590 ($add).
Removed top 1 bits (of 9) from port Y of cell mkRequantEquivalence.$add$/workspace/scratch/839f8f1063a0/requant_equivalence/mkRequantEquivalence.v:3751$1596 ($add).
Removed top 1 bits (of 9) from port A of cell mkRequantEquivalence.$add$/workspace/scratch/839f8f1063a0/requant_equivalence/mkRequantEquivalence.v:3751$1596 ($add).
Removed top 1 bits (of 9) from port Y of cell mkRequantEquivalence.$add$/workspace/scratch/839f8f1063a0/requant_equivalence/mkRequantEquivalence.v:3757$1602 ($add).
Removed top 1 bits (of 9) from port A of cell mkRequantEquivalence.$add$/workspace/scratch/839f8f1063a0/requant_equivalence/mkRequantEquivalence.v:3757$1602 ($add).
Removed top 1 bits (of 9) from port Y of cell mkRequantEquivalence.$add$/workspace/scratch/839f8f1063a0/requant_equivalence/mkRequantEquivalence.v:3763$1608 ($add).
Removed top 1 bits (of 9) from port A of cell mkRequantEquivalence.$add$/workspace/scratch/839f8f1063a0/requant_equivalence/mkRequantEquivalence.v:3763$1608 ($add).
Removed top 1 bits (of 9) from port Y of cell mkRequantEquivalence.$add$/workspace/scratch/839f8f1063a0/requant_equivalence/mkRequantEquivalence.v:3769$1614 ($add).
Removed top 1 bits (of 9) from port A of cell mkRequantEquivalence.$add$/workspace/scratch/839f8f1063a0/requant_equivalence/mkRequantEquivalence.v:3769$1614 ($add).
Removed top 1 bits (of 9) from port Y of cell mkRequantEquivalence.$add$/workspace/scratch/839f8f1063a0/requant_equivalence/mkRequantEquivalence.v:3775$1620 ($add).
Removed top 1 bits (of 9) from port A of cell mkRequantEquivalence.$add$/workspace/scratch/839f8f1063a0/requant_equivalence/mkRequantEquivalence.v:3775$1620 ($add).
Removed top 1 bits (of 9) from port Y of cell mkRequantEquivalence.$add$/workspace/scratch/839f8f1063a0/requant_equivalence/mkRequantEquivalence.v:3781$1626 ($add).
Removed top 1 bits (of 9) from port A of cell mkRequantEquivalence.$add$/workspace/scratch/839f8f1063a0/requant_equivalence/mkRequantEquivalence.v:3781$1626 ($add).
Removed top 1 bits (of 9) from port Y of cell mkRequantEquivalence.$add$/workspace/scratch/839f8f1063a0/requant_equivalence/mkRequantEquivalence.v:3821$1674 ($add).
Removed top 1 bits (of 9) from port A of cell mkRequantEquivalence.$add$/workspace/scratch/839f8f1063a0/requant_equivalence/mkRequantEquivalence.v:3821$1674 ($add).
Removed top 1 bits (of 9) from port Y of cell mkRequantEquivalence.$add$/workspace/scratch/839f8f1063a0/requant_equivalence/mkRequantEquivalence.v:3826$1680 ($add).
Removed top 1 bits (of 9) from port A of cell mkRequantEquivalence.$add$/workspace/scratch/839f8f1063a0/requant_equivalence/mkRequantEquivalence.v:3826$1680 ($add).
Removed top 1 bits (of 9) from port Y of cell mkRequantEquivalence.$add$/workspace/scratch/839f8f1063a0/requant_equivalence/mkRequantEquivalence.v:3832$1686 ($add).
Removed top 1 bits (of 9) from port A of cell mkRequantEquivalence.$add$/workspace/scratch/839f8f1063a0/requant_equivalence/mkRequantEquivalence.v:3832$1686 ($add).
Removed top 1 bits (of 9) from port Y of cell mkRequantEquivalence.$add$/workspace/scratch/839f8f1063a0/requant_equivalence/mkRequantEquivalence.v:3838$1692 ($add).
Removed top 1 bits (of 9) from port A of cell mkRequantEquivalence.$add$/workspace/scratch/839f8f1063a0/requant_equivalence/mkRequantEquivalence.v:3838$1692 ($add).
Removed top 1 bits (of 9) from port Y of cell mkRequantEquivalence.$add$/workspace/scratch/839f8f1063a0/requant_equivalence/mkRequantEquivalence.v:3844$1698 ($add).
Removed top 1 bits (of 9) from port A of cell mkRequantEquivalence.$add$/workspace/scratch/839f8f1063a0/requant_equivalence/mkRequantEquivalence.v:3844$1698 ($add).
Removed top 1 bits (of 9) from port Y of cell mkRequantEquivalence.$add$/workspace/scratch/839f8f1063a0/requant_equivalence/mkRequantEquivalence.v:3850$1704 ($add).
Removed top 1 bits (of 9) from port A of cell mkRequantEquivalence.$add$/workspace/scratch/839f8f1063a0/requant_equivalence/mkRequantEquivalence.v:3850$1704 ($add).
Removed top 1 bits (of 9) from port Y of cell mkRequantEquivalence.$add$/workspace/scratch/839f8f1063a0/requant_equivalence/mkRequantEquivalence.v:3890$1752 ($add).
Removed top 1 bits (of 9) from port A of cell mkRequantEquivalence.$add$/workspace/scratch/839f8f1063a0/requant_equivalence/mkRequantEquivalence.v:3890$1752 ($add).
Removed top 1 bits (of 9) from port Y of cell mkRequantEquivalence.$add$/workspace/scratch/839f8f1063a0/requant_equivalence/mkRequantEquivalence.v:3895$1758 ($add).
Removed top 1 bits (of 9) from port A of cell mkRequantEquivalence.$add$/workspace/scratch/839f8f1063a0/requant_equivalence/mkRequantEquivalence.v:3895$1758 ($add).
Removed top 1 bits (of 9) from port Y of cell mkRequantEquivalence.$add$/workspace/scratch/839f8f1063a0/requant_equivalence/mkRequantEquivalence.v:3901$1764 ($add).
Removed top 1 bits (of 9) from port A of cell mkRequantEquivalence.$add$/workspace/scratch/839f8f1063a0/requant_equivalence/mkRequantEquivalence.v:3901$1764 ($add).
Removed top 1 bits (of 9) from port Y of cell mkRequantEquivalence.$add$/workspace/scratch/839f8f1063a0/requant_equivalence/mkRequantEquivalence.v:3936$1806 ($add).
Removed top 1 bits (of 9) from port A of cell mkRequantEquivalence.$add$/workspace/scratch/839f8f1063a0/requant_equivalence/mkRequantEquivalence.v:3936$1806 ($add).
Removed top 1 bits (of 9) from port Y of cell mkRequantEquivalence.$add$/workspace/scratch/839f8f1063a0/requant_equivalence/mkRequantEquivalence.v:3941$1812 ($add).
Removed top 1 bits (of 9) from port A of cell mkRequantEquivalence.$add$/workspace/scratch/839f8f1063a0/requant_equivalence/mkRequantEquivalence.v:3941$1812 ($add).
Removed top 1 bits (of 9) from port Y of cell mkRequantEquivalence.$add$/workspace/scratch/839f8f1063a0/requant_equivalence/mkRequantEquivalence.v:3946$1818 ($add).
Removed top 1 bits (of 9) from port A of cell mkRequantEquivalence.$add$/workspace/scratch/839f8f1063a0/requant_equivalence/mkRequantEquivalence.v:3946$1818 ($add).
Removed top 1 bits (of 9) from port Y of cell mkRequantEquivalence.$add$/workspace/scratch/839f8f1063a0/requant_equivalence/mkRequantEquivalence.v:3952$1824 ($add).
Removed top 1 bits (of 9) from port A of cell mkRequantEquivalence.$add$/workspace/scratch/839f8f1063a0/requant_equivalence/mkRequantEquivalence.v:3952$1824 ($add).
Removed top 1 bits (of 9) from port Y of cell mkRequantEquivalence.$add$/workspace/scratch/839f8f1063a0/requant_equivalence/mkRequantEquivalence.v:3987$1866 ($add).
Removed top 1 bits (of 9) from port A of cell mkRequantEquivalence.$add$/workspace/scratch/839f8f1063a0/requant_equivalence/mkRequantEquivalence.v:3987$1866 ($add).
Removed top 1 bits (of 9) from port Y of cell mkRequantEquivalence.$add$/workspace/scratch/839f8f1063a0/requant_equivalence/mkRequantEquivalence.v:3992$1872 ($add).
Removed top 1 bits (of 9) from port A of cell mkRequantEquivalence.$add$/workspace/scratch/839f8f1063a0/requant_equivalence/mkRequantEquivalence.v:3992$1872 ($add).
Removed top 1 bits (of 9) from port Y of cell mkRequantEquivalence.$add$/workspace/scratch/839f8f1063a0/requant_equivalence/mkRequantEquivalence.v:3998$1878 ($add).
Removed top 1 bits (of 9) from port A of cell mkRequantEquivalence.$add$/workspace/scratch/839f8f1063a0/requant_equivalence/mkRequantEquivalence.v:3998$1878 ($add).
Removed top 1 bits (of 9) from port Y of cell mkRequantEquivalence.$add$/workspace/scratch/839f8f1063a0/requant_equivalence/mkRequantEquivalence.v:4028$1914 ($add).
Removed top 1 bits (of 9) from port A of cell mkRequantEquivalence.$add$/workspace/scratch/839f8f1063a0/requant_equivalence/mkRequantEquivalence.v:4028$1914 ($add).
Removed top 1 bits (of 9) from port Y of cell mkRequantEquivalence.$add$/workspace/scratch/839f8f1063a0/requant_equivalence/mkRequantEquivalence.v:4033$1920 ($add).
Removed top 1 bits (of 9) from port A of cell mkRequantEquivalence.$add$/workspace/scratch/839f8f1063a0/requant_equivalence/mkRequantEquivalence.v:4033$1920 ($add).
Removed top 1 bits (of 9) from port Y of cell mkRequantEquivalence.$add$/workspace/scratch/839f8f1063a0/requant_equivalence/mkRequantEquivalence.v:4038$1925 ($add).
Removed top 1 bits (of 9) from port A of cell mkRequantEquivalence.$add$/workspace/scratch/839f8f1063a0/requant_equivalence/mkRequantEquivalence.v:4038$1925 ($add).
Removed top 1 bits (of 9) from port Y of cell mkRequantEquivalence.$add$/workspace/scratch/839f8f1063a0/requant_equivalence/mkRequantEquivalence.v:4068$1955 ($add).
Removed top 1 bits (of 9) from port A of cell mkRequantEquivalence.$add$/workspace/scratch/839f8f1063a0/requant_equivalence/mkRequantEquivalence.v:4068$1955 ($add).
Removed top 1 bits (of 9) from wire mkRequantEquivalence.$add$/workspace/scratch/839f8f1063a0/requant_equivalence/mkRequantEquivalence.v:2667$354_Y.
Removed top 1 bits (of 9) from wire mkRequantEquivalence.$add$/workspace/scratch/839f8f1063a0/requant_equivalence/mkRequantEquivalence.v:2697$390_Y.
Removed top 1 bits (of 9) from wire mkRequantEquivalence.$add$/workspace/scratch/839f8f1063a0/requant_equivalence/mkRequantEquivalence.v:2702$396_Y.
Removed top 1 bits (of 9) from wire mkRequantEquivalence.$add$/workspace/scratch/839f8f1063a0/requant_equivalence/mkRequantEquivalence.v:2708$402_Y.
Removed top 1 bits (of 9) from wire mkRequantEquivalence.$add$/workspace/scratch/839f8f1063a0/requant_equivalence/mkRequantEquivalence.v:2738$438_Y.
Removed top 1 bits (of 9) from wire mkRequantEquivalence.$add$/workspace/scratch/839f8f1063a0/requant_equivalence/mkRequantEquivalence.v:2743$444_Y.
Removed top 1 bits (of 9) from wire mkRequantEquivalence.$add$/workspace/scratch/839f8f1063a0/requant_equivalence/mkRequantEquivalence.v:2749$450_Y.
Removed top 1 bits (of 9) from wire mkRequantEquivalence.$add$/workspace/scratch/839f8f1063a0/requant_equivalence/mkRequantEquivalence.v:2779$486_Y.
Removed top 1 bits (of 9) from wire mkRequantEquivalence.$add$/workspace/scratch/839f8f1063a0/requant_equivalence/mkRequantEquivalence.v:2784$492_Y.
Removed top 1 bits (of 9) from wire mkRequantEquivalence.$add$/workspace/scratch/839f8f1063a0/requant_equivalence/mkRequantEquivalence.v:2790$498_Y.
Removed top 1 bits (of 9) from wire mkRequantEquivalence.$add$/workspace/scratch/839f8f1063a0/requant_equivalence/mkRequantEquivalence.v:2820$534_Y.
Removed top 1 bits (of 9) from wire mkRequantEquivalence.$add$/workspace/scratch/839f8f1063a0/requant_equivalence/mkRequantEquivalence.v:2825$540_Y.
Removed top 1 bits (of 9) from wire mkRequantEquivalence.$add$/workspace/scratch/839f8f1063a0/requant_equivalence/mkRequantEquivalence.v:2831$546_Y.
Removed top 1 bits (of 9) from wire mkRequantEquivalence.$add$/workspace/scratch/839f8f1063a0/requant_equivalence/mkRequantEquivalence.v:2861$582_Y.
Removed top 1 bits (of 9) from wire mkRequantEquivalence.$add$/workspace/scratch/839f8f1063a0/requant_equivalence/mkRequantEquivalence.v:2866$588_Y.
Removed top 1 bits (of 9) from wire mkRequantEquivalence.$add$/workspace/scratch/839f8f1063a0/requant_equivalence/mkRequantEquivalence.v:2872$594_Y.
Removed top 1 bits (of 9) from wire mkRequantEquivalence.$add$/workspace/scratch/839f8f1063a0/requant_equivalence/mkRequantEquivalence.v:2897$624_Y.
Removed top 1 bits (of 9) from wire mkRequantEquivalence.$add$/workspace/scratch/839f8f1063a0/requant_equivalence/mkRequantEquivalence.v:2902$630_Y.
Removed top 1 bits (of 9) from wire mkRequantEquivalence.$add$/workspace/scratch/839f8f1063a0/requant_equivalence/mkRequantEquivalence.v:2908$636_Y.
Removed top 1 bits (of 9) from wire mkRequantEquivalence.$add$/workspace/scratch/839f8f1063a0/requant_equivalence/mkRequantEquivalence.v:2933$666_Y.
Removed top 1 bits (of 9) from wire mkRequantEquivalence.$add$/workspace/scratch/839f8f1063a0/requant_equivalence/mkRequantEquivalence.v:2938$672_Y.
Removed top 1 bits (of 9) from wire mkRequantEquivalence.$add$/workspace/scratch/839f8f1063a0/requant_equivalence/mkRequantEquivalence.v:2944$678_Y.
Removed top 1 bits (of 9) from wire mkRequantEquivalence.$add$/workspace/scratch/839f8f1063a0/requant_equivalence/mkRequantEquivalence.v:2964$702_Y.
Removed top 1 bits (of 9) from wire mkRequantEquivalence.$add$/workspace/scratch/839f8f1063a0/requant_equivalence/mkRequantEquivalence.v:2969$708_Y.
Removed top 1 bits (of 9) from wire mkRequantEquivalence.$add$/workspace/scratch/839f8f1063a0/requant_equivalence/mkRequantEquivalence.v:2975$714_Y.
Removed top 1 bits (of 9) from wire mkRequantEquivalence.$add$/workspace/scratch/839f8f1063a0/requant_equivalence/mkRequantEquivalence.v:2995$738_Y.
Removed top 1 bits (of 9) from wire mkRequantEquivalence.$add$/workspace/scratch/839f8f1063a0/requant_equivalence/mkRequantEquivalence.v:3000$744_Y.
Removed top 1 bits (of 9) from wire mkRequantEquivalence.$add$/workspace/scratch/839f8f1063a0/requant_equivalence/mkRequantEquivalence.v:3006$750_Y.
Removed top 1 bits (of 9) from wire mkRequantEquivalence.$add$/workspace/scratch/839f8f1063a0/requant_equivalence/mkRequantEquivalence.v:3026$774_Y.
Removed top 1 bits (of 9) from wire mkRequantEquivalence.$add$/workspace/scratch/839f8f1063a0/requant_equivalence/mkRequantEquivalence.v:3031$780_Y.
Removed top 1 bits (of 9) from wire mkRequantEquivalence.$add$/workspace/scratch/839f8f1063a0/requant_equivalence/mkRequantEquivalence.v:3037$786_Y.
Removed top 1 bits (of 9) from wire mkRequantEquivalence.$add$/workspace/scratch/839f8f1063a0/requant_equivalence/mkRequantEquivalence.v:3077$834_Y.
Removed top 1 bits (of 9) from wire mkRequantEquivalence.$add$/workspace/scratch/839f8f1063a0/requant_equivalence/mkRequantEquivalence.v:3082$840_Y.
Removed top 1 bits (of 9) from wire mkRequantEquivalence.$add$/workspace/scratch/839f8f1063a0/requant_equivalence/mkRequantEquivalence.v:3088$846_Y.
Removed top 1 bits (of 9) from wire mkRequantEquivalence.$add$/workspace/scratch/839f8f1063a0/requant_equivalence/mkRequantEquivalence.v:3108$870_Y.
Removed top 1 bits (of 9) from wire mkRequantEquivalence.$add$/workspace/scratch/839f8f1063a0/requant_equivalence/mkRequantEquivalence.v:3113$876_Y.
Removed top 1 bits (of 9) from wire mkRequantEquivalence.$add$/workspace/scratch/839f8f1063a0/requant_equivalence/mkRequantEquivalence.v:3119$882_Y.
Removed top 1 bits (of 9) from wire mkRequantEquivalence.$add$/workspace/scratch/839f8f1063a0/requant_equivalence/mkRequantEquivalence.v:3139$906_Y.
Removed top 1 bits (of 9) from wire mkRequantEquivalence.$add$/workspace/scratch/839f8f1063a0/requant_equivalence/mkRequantEquivalence.v:3144$912_Y.
Removed top 1 bits (of 9) from wire mkRequantEquivalence.$add$/workspace/scratch/839f8f1063a0/requant_equivalence/mkRequantEquivalence.v:3150$918_Y.
Removed top 1 bits (of 9) from wire mkRequantEquivalence.$add$/workspace/scratch/839f8f1063a0/requant_equivalence/mkRequantEquivalence.v:3170$942_Y.
Removed top 1 bits (of 9) from wire mkRequantEquivalence.$add$/workspace/scratch/839f8f1063a0/requant_equivalence/mkRequantEquivalence.v:3175$948_Y.
Removed top 1 bits (of 9) from wire mkRequantEquivalence.$add$/workspace/scratch/839f8f1063a0/requant_equivalence/mkRequantEquivalence.v:3181$954_Y.
Removed top 1 bits (of 9) from wire mkRequantEquivalence.$add$/workspace/scratch/839f8f1063a0/requant_equivalence/mkRequantEquivalence.v:3196$972_Y.
Removed top 1 bits (of 9) from wire mkRequantEquivalence.$add$/workspace/scratch/839f8f1063a0/requant_equivalence/mkRequantEquivalence.v:3201$978_Y.
Removed top 1 bits (of 9) from wire mkRequantEquivalence.$add$/workspace/scratch/839f8f1063a0/requant_equivalence/mkRequantEquivalence.v:3207$984_Y.
Removed top 1 bits (of 9) from wire mkRequantEquivalence.$add$/workspace/scratch/839f8f1063a0/requant_equivalence/mkRequantEquivalence.v:3222$1002_Y.
Removed top 1 bits (of 9) from wire mkRequantEquivalence.$add$/workspace/scratch/839f8f1063a0/requant_equivalence/mkRequantEquivalence.v:3227$1008_Y.
Removed top 1 bits (of 9) from wire mkRequantEquivalence.$add$/workspace/scratch/839f8f1063a0/requant_equivalence/mkRequantEquivalence.v:3233$1014_Y.
Removed top 1 bits (of 9) from wire mkRequantEquivalence.$add$/workspace/scratch/839f8f1063a0/requant_equivalence/mkRequantEquivalence.v:3248$1032_Y.
Removed top 1 bits (of 9) from wire mkRequantEquivalence.$add$/workspace/scratch/839f8f1063a0/requant_equivalence/mkRequantEquivalence.v:3254$1038_Y.
Removed top 1 bits (of 9) from wire mkRequantEquivalence.$add$/workspace/scratch/839f8f1063a0/requant_equivalence/mkRequantEquivalence.v:3264$1050_Y.
Removed top 1 bits (of 9) from wire mkRequantEquivalence.$add$/workspace/scratch/839f8f1063a0/requant_equivalence/mkRequantEquivalence.v:3269$1056_Y.
Removed top 1 bits (of 9) from wire mkRequantEquivalence.$add$/workspace/scratch/839f8f1063a0/requant_equivalence/mkRequantEquivalence.v:3275$1062_Y.
Removed top 1 bits (of 9) from wire mkRequantEquivalence.$add$/workspace/scratch/839f8f1063a0/requant_equivalence/mkRequantEquivalence.v:3285$1074_Y.
Removed top 1 bits (of 9) from wire mkRequantEquivalence.$add$/workspace/scratch/839f8f1063a0/requant_equivalence/mkRequantEquivalence.v:3290$1080_Y.
Removed top 1 bits (of 9) from wire mkRequantEquivalence.$add$/workspace/scratch/839f8f1063a0/requant_equivalence/mkRequantEquivalence.v:3296$1086_Y.
Removed top 1 bits (of 9) from wire mkRequantEquivalence.$add$/workspace/scratch/839f8f1063a0/requant_equivalence/mkRequantEquivalence.v:3306$1098_Y.
Removed top 1 bits (of 9) from wire mkRequantEquivalence.$add$/workspace/scratch/839f8f1063a0/requant_equivalence/mkRequantEquivalence.v:3311$1104_Y.
Removed top 1 bits (of 9) from wire mkRequantEquivalence.$add$/workspace/scratch/839f8f1063a0/requant_equivalence/mkRequantEquivalence.v:3317$1110_Y.
Removed top 1 bits (of 9) from wire mkRequantEquivalence.$add$/workspace/scratch/839f8f1063a0/requant_equivalence/mkRequantEquivalence.v:3327$1122_Y.
Removed top 1 bits (of 9) from wire mkRequantEquivalence.$add$/workspace/scratch/839f8f1063a0/requant_equivalence/mkRequantEquivalence.v:3332$1128_Y.
Removed top 1 bits (of 9) from wire mkRequantEquivalence.$add$/workspace/scratch/839f8f1063a0/requant_equivalence/mkRequantEquivalence.v:3338$1134_Y.
Removed top 1 bits (of 9) from wire mkRequantEquivalence.$add$/workspace/scratch/839f8f1063a0/requant_equivalence/mkRequantEquivalence.v:3378$1182_Y.
Removed top 1 bits (of 9) from wire mkRequantEquivalence.$add$/workspace/scratch/839f8f1063a0/requant_equivalence/mkRequantEquivalence.v:3383$1188_Y.
Removed top 1 bits (of 9) from wire mkRequantEquivalence.$add$/workspace/scratch/839f8f1063a0/requant_equivalence/mkRequantEquivalence.v:3389$1194_Y.
Removed top 1 bits (of 9) from wire mkRequantEquivalence.$add$/workspace/scratch/839f8f1063a0/requant_equivalence/mkRequantEquivalence.v:3399$1206_Y.
Removed top 1 bits (of 9) from wire mkRequantEquivalence.$add$/workspace/scratch/839f8f1063a0/requant_equivalence/mkRequantEquivalence.v:3404$1212_Y.
Removed top 1 bits (of 9) from wire mkRequantEquivalence.$add$/workspace/scratch/839f8f1063a0/requant_equivalence/mkRequantEquivalence.v:3410$1218_Y.
Removed top 1 bits (of 9) from wire mkRequantEquivalence.$add$/workspace/scratch/839f8f1063a0/requant_equivalence/mkRequantEquivalence.v:3420$1230_Y.
Removed top 1 bits (of 9) from wire mkRequantEquivalence.$add$/workspace/scratch/839f8f1063a0/requant_equivalence/mkRequantEquivalence.v:3425$1236_Y.
Removed top 1 bits (of 9) from wire mkRequantEquivalence.$add$/workspace/scratch/839f8f1063a0/requant_equivalence/mkRequantEquivalence.v:3430$1242_Y.
Removed top 1 bits (of 9) from wire mkRequantEquivalence.$add$/workspace/scratch/839f8f1063a0/requant_equivalence/mkRequantEquivalence.v:3441$1254_Y.
Removed top 1 bits (of 9) from wire mkRequantEquivalence.$add$/workspace/scratch/839f8f1063a0/requant_equivalence/mkRequantEquivalence.v:3446$1260_Y.
Removed top 1 bits (of 9) from wire mkRequantEquivalence.$add$/workspace/scratch/839f8f1063a0/requant_equivalence/mkRequantEquivalence.v:3457$1272_Y.
Removed top 1 bits (of 9) from wire mkRequantEquivalence.$add$/workspace/scratch/839f8f1063a0/requant_equivalence/mkRequantEquivalence.v:3468$1284_Y.
Removed top 1 bits (of 9) from wire mkRequantEquivalence.$add$/workspace/scratch/839f8f1063a0/requant_equivalence/mkRequantEquivalence.v:3479$1296_Y.
Removed top 1 bits (of 9) from wire mkRequantEquivalence.$add$/workspace/scratch/839f8f1063a0/requant_equivalence/mkRequantEquivalence.v:3490$1308_Y.
Removed top 1 bits (of 9) from wire mkRequantEquivalence.$add$/workspace/scratch/839f8f1063a0/requant_equivalence/mkRequantEquivalence.v:3501$1320_Y.
Removed top 1 bits (of 9) from wire mkRequantEquivalence.$add$/workspace/scratch/839f8f1063a0/requant_equivalence/mkRequantEquivalence.v:3512$1332_Y.
Removed top 1 bits (of 9) from wire mkRequantEquivalence.$add$/workspace/scratch/839f8f1063a0/requant_equivalence/mkRequantEquivalence.v:3518$1338_Y.
Removed top 1 bits (of 9) from wire mkRequantEquivalence.$add$/workspace/scratch/839f8f1063a0/requant_equivalence/mkRequantEquivalence.v:3524$1344_Y.
Removed top 1 bits (of 9) from wire mkRequantEquivalence.$add$/workspace/scratch/839f8f1063a0/requant_equivalence/mkRequantEquivalence.v:3564$1392_Y.
Removed top 1 bits (of 9) from wire mkRequantEquivalence.$add$/workspace/scratch/839f8f1063a0/requant_equivalence/mkRequantEquivalence.v:3569$1398_Y.
Removed top 1 bits (of 9) from wire mkRequantEquivalence.$add$/workspace/scratch/839f8f1063a0/requant_equivalence/mkRequantEquivalence.v:3574$1404_Y.
Removed top 1 bits (of 9) from wire mkRequantEquivalence.$add$/workspace/scratch/839f8f1063a0/requant_equivalence/mkRequantEquivalence.v:3580$1410_Y.
Removed top 1 bits (of 9) from wire mkRequantEquivalence.$add$/workspace/scratch/839f8f1063a0/requant_equivalence/mkRequantEquivalence.v:3585$1416_Y.
Removed top 1 bits (of 9) from wire mkRequantEquivalence.$add$/workspace/scratch/839f8f1063a0/requant_equivalence/mkRequantEquivalence.v:3591$1422_Y.
Removed top 1 bits (of 9) from wire mkRequantEquivalence.$add$/workspace/scratch/839f8f1063a0/requant_equivalence/mkRequantEquivalence.v:3596$1428_Y.
Removed top 1 bits (of 9) from wire mkRequantEquivalence.$add$/workspace/scratch/839f8f1063a0/requant_equivalence/mkRequantEquivalence.v:3602$1434_Y.
Removed top 1 bits (of 9) from wire mkRequantEquivalence.$add$/workspace/scratch/839f8f1063a0/requant_equivalence/mkRequantEquivalence.v:3607$1440_Y.
Removed top 1 bits (of 9) from wire mkRequantEquivalence.$add$/workspace/scratch/839f8f1063a0/requant_equivalence/mkRequantEquivalence.v:3613$1446_Y.
Removed top 1 bits (of 9) from wire mkRequantEquivalence.$add$/workspace/scratch/839f8f1063a0/requant_equivalence/mkRequantEquivalence.v:3618$1452_Y.
Removed top 1 bits (of 9) from wire mkRequantEquivalence.$add$/workspace/scratch/839f8f1063a0/requant_equivalence/mkRequantEquivalence.v:3629$1464_Y.
Removed top 1 bits (of 9) from wire mkRequantEquivalence.$add$/workspace/scratch/839f8f1063a0/requant_equivalence/mkRequantEquivalence.v:3652$1488_Y.
Removed top 1 bits (of 9) from wire mkRequantEquivalence.$add$/workspace/scratch/839f8f1063a0/requant_equivalence/mkRequantEquivalence.v:3710$1554_Y.
Removed top 1 bits (of 9) from wire mkRequantEquivalence.$add$/workspace/scratch/839f8f1063a0/requant_equivalence/mkRequantEquivalence.v:3715$1560_Y.
Removed top 1 bits (of 9) from wire mkRequantEquivalence.$add$/workspace/scratch/839f8f1063a0/requant_equivalence/mkRequantEquivalence.v:3721$1566_Y.
Removed top 1 bits (of 9) from wire mkRequantEquivalence.$add$/workspace/scratch/839f8f1063a0/requant_equivalence/mkRequantEquivalence.v:3727$1572_Y.
Removed top 1 bits (of 9) from wire mkRequantEquivalence.$add$/workspace/scratch/839f8f1063a0/requant_equivalence/mkRequantEquivalence.v:3821$1674_Y.
Removed top 1 bits (of 9) from wire mkRequantEquivalence.$add$/workspace/scratch/839f8f1063a0/requant_equivalence/mkRequantEquivalence.v:3826$1680_Y.
Removed top 1 bits (of 9) from wire mkRequantEquivalence.$add$/workspace/scratch/839f8f1063a0/requant_equivalence/mkRequantEquivalence.v:3832$1686_Y.
Removed top 1 bits (of 9) from wire mkRequantEquivalence.$add$/workspace/scratch/839f8f1063a0/requant_equivalence/mkRequantEquivalence.v:3838$1692_Y.
Removed top 1 bits (of 9) from wire mkRequantEquivalence.$add$/workspace/scratch/839f8f1063a0/requant_equivalence/mkRequantEquivalence.v:3844$1698_Y.
Removed top 1 bits (of 9) from wire mkRequantEquivalence.$add$/workspace/scratch/839f8f1063a0/requant_equivalence/mkRequantEquivalence.v:3850$1704_Y.
Removed top 1 bits (of 9) from wire mkRequantEquivalence.$add$/workspace/scratch/839f8f1063a0/requant_equivalence/mkRequantEquivalence.v:3890$1752_Y.
Removed top 1 bits (of 9) from wire mkRequantEquivalence.$add$/workspace/scratch/839f8f1063a0/requant_equivalence/mkRequantEquivalence.v:3895$1758_Y.
Removed top 1 bits (of 9) from wire mkRequantEquivalence.$add$/workspace/scratch/839f8f1063a0/requant_equivalence/mkRequantEquivalence.v:3901$1764_Y.
Removed top 1 bits (of 9) from wire mkRequantEquivalence.$add$/workspace/scratch/839f8f1063a0/requant_equivalence/mkRequantEquivalence.v:3936$1806_Y.
Removed top 1 bits (of 9) from wire mkRequantEquivalence.$add$/workspace/scratch/839f8f1063a0/requant_equivalence/mkRequantEquivalence.v:3941$1812_Y.
Removed top 1 bits (of 9) from wire mkRequantEquivalence.$add$/workspace/scratch/839f8f1063a0/requant_equivalence/mkRequantEquivalence.v:3946$1818_Y.
Removed top 1 bits (of 9) from wire mkRequantEquivalence.$add$/workspace/scratch/839f8f1063a0/requant_equivalence/mkRequantEquivalence.v:3952$1824_Y.
Removed top 1 bits (of 9) from wire mkRequantEquivalence.$add$/workspace/scratch/839f8f1063a0/requant_equivalence/mkRequantEquivalence.v:3987$1866_Y.
Removed top 1 bits (of 9) from wire mkRequantEquivalence.$add$/workspace/scratch/839f8f1063a0/requant_equivalence/mkRequantEquivalence.v:3992$1872_Y.
Removed top 1 bits (of 9) from wire mkRequantEquivalence.$add$/workspace/scratch/839f8f1063a0/requant_equivalence/mkRequantEquivalence.v:3998$1878_Y.
Removed top 1 bits (of 9) from wire mkRequantEquivalence.$add$/workspace/scratch/839f8f1063a0/requant_equivalence/mkRequantEquivalence.v:4028$1914_Y.
Removed top 1 bits (of 9) from wire mkRequantEquivalence.$add$/workspace/scratch/839f8f1063a0/requant_equivalence/mkRequantEquivalence.v:4033$1920_Y.
Removed top 1 bits (of 9) from wire mkRequantEquivalence.$add$/workspace/scratch/839f8f1063a0/requant_equivalence/mkRequantEquivalence.v:4038$1925_Y.
Removed top 1 bits (of 9) from wire mkRequantEquivalence.$add$/workspace/scratch/839f8f1063a0/requant_equivalence/mkRequantEquivalence.v:4068$1955_Y.
Removed top 1 bits (of 8) from wire mkRequantEquivalence.$ternary$/workspace/scratch/839f8f1063a0/requant_equivalence/mkRequantEquivalence.v:9847$6586_Y.
Removed top 1 bits (of 8) from wire mkRequantEquivalence.$ternary$/workspace/scratch/839f8f1063a0/requant_equivalence/mkRequantEquivalence.v:9854$6592_Y.
Removed top 1 bits (of 8) from wire mkRequantEquivalence.$ternary$/workspace/scratch/839f8f1063a0/requant_equivalence/mkRequantEquivalence.v:9861$6598_Y.
Removed top 1 bits (of 8) from wire mkRequantEquivalence.$ternary$/workspace/scratch/839f8f1063a0/requant_equivalence/mkRequantEquivalence.v:9868$6604_Y.
Removed top 1 bits (of 8) from wire mkRequantEquivalence.$ternary$/workspace/scratch/839f8f1063a0/requant_equivalence/mkRequantEquivalence.v:9875$6610_Y.
Removed top 1 bits (of 8) from wire mkRequantEquivalence.$ternary$/workspace/scratch/839f8f1063a0/requant_equivalence/mkRequantEquivalence.v:9882$6616_Y.
Removed top 1 bits (of 8) from wire mkRequantEquivalence.$ternary$/workspace/scratch/839f8f1063a0/requant_equivalence/mkRequantEquivalence.v:9889$6622_Y.
Removed top 1 bits (of 8) from wire mkRequantEquivalence.$ternary$/workspace/scratch/839f8f1063a0/requant_equivalence/mkRequantEquivalence.v:9896$6628_Y.
Removed top 1 bits (of 8) from wire mkRequantEquivalence.$ternary$/workspace/scratch/839f8f1063a0/requant_equivalence/mkRequantEquivalence.v:9903$6634_Y.
Removed top 1 bits (of 8) from wire mkRequantEquivalence.$ternary$/workspace/scratch/839f8f1063a0/requant_equivalence/mkRequantEquivalence.v:9910$6640_Y.
Removed top 401 bits (of 402) from wire mkRequantEquivalence.IF_IF_mismatches_source_BITS_8_TO_0_686_XOR_IF_ETC__q272.
Removed top 1 bits (of 9) from wire mkRequantEquivalence.IF_NOT_0_CONCAT_mismatches_source_BITS_10_TO_0_ETC___d1674.
Removed top 1 bits (of 9) from wire mkRequantEquivalence.IF_NOT_0_CONCAT_mismatches_source_BITS_10_TO_0_ETC___d2977.
Removed top 1 bits (of 9) from wire mkRequantEquivalence.IF_NOT_0_CONCAT_mismatches_source_BITS_10_TO_0_ETC___d3885.
Removed top 1 bits (of 9) from wire mkRequantEquivalence.IF_NOT_0_CONCAT_mismatches_source_BITS_12_TO_0_ETC___d1610.
Removed top 1 bits (of 9) from wire mkRequantEquivalence.IF_NOT_0_CONCAT_mismatches_source_BITS_15_TO_0_ETC___d5276.
Removed top 1 bits (of 9) from wire mkRequantEquivalence.IF_NOT_0_CONCAT_mismatches_source_BITS_23_TO_0_ETC___d2652.
Removed top 3 bits (of 10) from wire mkRequantEquivalence.remainder__h10083.
Removed top 2 bits (of 10) from wire mkRequantEquivalence.remainder__h10299.
Removed top 15 bits (of 16) from wire mkRequantEquivalence.remainder__h12033.
Removed top 14 bits (of 16) from wire mkRequantEquivalence.remainder__h12262.
Removed top 13 bits (of 16) from wire mkRequantEquivalence.remainder__h12492.
Removed top 12 bits (of 16) from wire mkRequantEquivalence.remainder__h12722.
Removed top 11 bits (of 16) from wire mkRequantEquivalence.remainder__h12952.
Removed top 10 bits (of 16) from wire mkRequantEquivalence.remainder__h13182.
Removed top 9 bits (of 16) from wire mkRequantEquivalence.remainder__h13412.
Removed top 8 bits (of 16) from wire mkRequantEquivalence.remainder__h13642.
Removed top 5 bits (of 16) from wire mkRequantEquivalence.remainder__h14290.
Removed top 4 bits (of 16) from wire mkRequantEquivalence.remainder__h14506.
Removed top 3 bits (of 16) from wire mkRequantEquivalence.remainder__h14722.
Removed top 2 bits (of 16) from wire mkRequantEquivalence.remainder__h14938.
Removed top 1 bits (of 16) from wire mkRequantEquivalence.remainder__h15154.
Removed top 17 bits (of 18) from wire mkRequantEquivalence.remainder__h16672.
Removed top 16 bits (of 18) from wire mkRequantEquivalence.remainder__h16901.
Removed top 15 bits (of 18) from wire mkRequantEquivalence.remainder__h17131.
Removed top 14 bits (of 18) from wire mkRequantEquivalence.remainder__h17361.
Removed top 13 bits (of 18) from wire mkRequantEquivalence.remainder__h17591.
Removed top 12 bits (of 18) from wire mkRequantEquivalence.remainder__h17821.
Removed top 11 bits (of 18) from wire mkRequantEquivalence.remainder__h18051.
Removed top 10 bits (of 18) from wire mkRequantEquivalence.remainder__h18281.
Removed top 7 bits (of 18) from wire mkRequantEquivalence.remainder__h18957.
Removed top 6 bits (of 18) from wire mkRequantEquivalence.remainder__h19173.
Removed top 5 bits (of 18) from wire mkRequantEquivalence.remainder__h19389.
Removed top 4 bits (of 18) from wire mkRequantEquivalence.remainder__h19605.
Removed top 3 bits (of 18) from wire mkRequantEquivalence.remainder__h19821.
Removed top 1 bits (of 18) from wire mkRequantEquivalence.remainder__h20253.
Removed top 23 bits (of 24) from wire mkRequantEquivalence.remainder__h21771.
Removed top 22 bits (of 24) from wire mkRequantEquivalence.remainder__h22000.
Removed top 21 bits (of 24) from wire mkRequantEquivalence.remainder__h22230.
Removed top 20 bits (of 24) from wire mkRequantEquivalence.remainder__h22460.
Removed top 19 bits (of 24) from wire mkRequantEquivalence.remainder__h22690.
Removed top 18 bits (of 24) from wire mkRequantEquivalence.remainder__h22920.
Removed top 17 bits (of 24) from wire mkRequantEquivalence.remainder__h23150.
Removed top 16 bits (of 24) from wire mkRequantEquivalence.remainder__h23380.
Removed top 13 bits (of 24) from wire mkRequantEquivalence.remainder__h24070.
Removed top 12 bits (of 24) from wire mkRequantEquivalence.remainder__h24300.
Removed top 11 bits (of 24) from wire mkRequantEquivalence.remainder__h24530.
Removed top 10 bits (of 24) from wire mkRequantEquivalence.remainder__h24760.
Removed top 9 bits (of 24) from wire mkRequantEquivalence.remainder__h24990.
Removed top 7 bits (of 24) from wire mkRequantEquivalence.remainder__h25436.
Removed top 5 bits (of 24) from wire mkRequantEquivalence.remainder__h25868.
Removed top 4 bits (of 24) from wire mkRequantEquivalence.remainder__h26084.
Removed top 3 bits (of 24) from wire mkRequantEquivalence.remainder__h26300.
Removed top 2 bits (of 24) from wire mkRequantEquivalence.remainder__h26516.
Removed top 1 bits (of 24) from wire mkRequantEquivalence.remainder__h26732.
Removed top 25 bits (of 26) from wire mkRequantEquivalence.remainder__h28250.
Removed top 24 bits (of 26) from wire mkRequantEquivalence.remainder__h28479.
Removed top 23 bits (of 26) from wire mkRequantEquivalence.remainder__h28709.
Removed top 22 bits (of 26) from wire mkRequantEquivalence.remainder__h28939.
Removed top 21 bits (of 26) from wire mkRequantEquivalence.remainder__h29169.
Removed top 20 bits (of 26) from wire mkRequantEquivalence.remainder__h29399.
Removed top 19 bits (of 26) from wire mkRequantEquivalence.remainder__h29629.
Removed top 18 bits (of 26) from wire mkRequantEquivalence.remainder__h29859.
Removed top 15 bits (of 26) from wire mkRequantEquivalence.remainder__h30549.
Removed top 14 bits (of 26) from wire mkRequantEquivalence.remainder__h30779.
Removed top 13 bits (of 26) from wire mkRequantEquivalence.remainder__h31009.
Removed top 12 bits (of 26) from wire mkRequantEquivalence.remainder__h31239.
Removed top 11 bits (of 26) from wire mkRequantEquivalence.remainder__h31469.
Removed top 9 bits (of 26) from wire mkRequantEquivalence.remainder__h31929.
Removed top 7 bits (of 26) from wire mkRequantEquivalence.remainder__h32375.
Removed top 6 bits (of 26) from wire mkRequantEquivalence.remainder__h32591.
Removed top 5 bits (of 26) from wire mkRequantEquivalence.remainder__h32807.
Removed top 4 bits (of 26) from wire mkRequantEquivalence.remainder__h33023.
Removed top 3 bits (of 26) from wire mkRequantEquivalence.remainder__h33239.
Removed top 1 bits (of 26) from wire mkRequantEquivalence.remainder__h33671.
Removed top 31 bits (of 32) from wire mkRequantEquivalence.remainder__h35189.
Removed top 30 bits (of 32) from wire mkRequantEquivalence.remainder__h35418.
Removed top 29 bits (of 32) from wire mkRequantEquivalence.remainder__h35648.
Removed top 28 bits (of 32) from wire mkRequantEquivalence.remainder__h35878.
Removed top 27 bits (of 32) from wire mkRequantEquivalence.remainder__h36108.
Removed top 26 bits (of 32) from wire mkRequantEquivalence.remainder__h36338.
Removed top 25 bits (of 32) from wire mkRequantEquivalence.remainder__h36568.
Removed top 24 bits (of 32) from wire mkRequantEquivalence.remainder__h36798.
Removed top 21 bits (of 32) from wire mkRequantEquivalence.remainder__h37488.
Removed top 20 bits (of 32) from wire mkRequantEquivalence.remainder__h37718.
Removed top 19 bits (of 32) from wire mkRequantEquivalence.remainder__h37948.
Removed top 18 bits (of 32) from wire mkRequantEquivalence.remainder__h38178.
Removed top 17 bits (of 32) from wire mkRequantEquivalence.remainder__h38408.
Removed top 15 bits (of 32) from wire mkRequantEquivalence.remainder__h38868.
Removed top 13 bits (of 32) from wire mkRequantEquivalence.remainder__h39328.
Removed top 12 bits (of 32) from wire mkRequantEquivalence.remainder__h39558.
Removed top 11 bits (of 32) from wire mkRequantEquivalence.remainder__h39788.
Removed top 10 bits (of 32) from wire mkRequantEquivalence.remainder__h40018.
Removed top 9 bits (of 32) from wire mkRequantEquivalence.remainder__h40248.
Removed top 7 bits (of 32) from wire mkRequantEquivalence.remainder__h40694.
Removed top 5 bits (of 32) from wire mkRequantEquivalence.remainder__h41126.
Removed top 4 bits (of 32) from wire mkRequantEquivalence.remainder__h41342.
Removed top 3 bits (of 32) from wire mkRequantEquivalence.remainder__h41558.
Removed top 2 bits (of 32) from wire mkRequantEquivalence.remainder__h41774.
Removed top 1 bits (of 32) from wire mkRequantEquivalence.remainder__h41990.
Removed top 34 bits (of 35) from wire mkRequantEquivalence.remainder__h43508.
Removed top 33 bits (of 35) from wire mkRequantEquivalence.remainder__h43737.
Removed top 32 bits (of 35) from wire mkRequantEquivalence.remainder__h43967.
Removed top 31 bits (of 35) from wire mkRequantEquivalence.remainder__h44197.
Removed top 30 bits (of 35) from wire mkRequantEquivalence.remainder__h44427.
Removed top 29 bits (of 35) from wire mkRequantEquivalence.remainder__h44657.
Removed top 28 bits (of 35) from wire mkRequantEquivalence.remainder__h44887.
Removed top 27 bits (of 35) from wire mkRequantEquivalence.remainder__h45117.
Removed top 24 bits (of 35) from wire mkRequantEquivalence.remainder__h45807.
Removed top 23 bits (of 35) from wire mkRequantEquivalence.remainder__h46037.
Removed top 22 bits (of 35) from wire mkRequantEquivalence.remainder__h46267.
Removed top 21 bits (of 35) from wire mkRequantEquivalence.remainder__h46497.
Removed top 20 bits (of 35) from wire mkRequantEquivalence.remainder__h46727.
Removed top 18 bits (of 35) from wire mkRequantEquivalence.remainder__h47187.
Removed top 16 bits (of 35) from wire mkRequantEquivalence.remainder__h47647.
Removed top 15 bits (of 35) from wire mkRequantEquivalence.remainder__h47877.
Removed top 14 bits (of 35) from wire mkRequantEquivalence.remainder__h48107.
Removed top 13 bits (of 35) from wire mkRequantEquivalence.remainder__h48337.
Removed top 12 bits (of 35) from wire mkRequantEquivalence.remainder__h48567.
Removed top 10 bits (of 35) from wire mkRequantEquivalence.remainder__h49027.
Removed top 8 bits (of 35) from wire mkRequantEquivalence.remainder__h49487.
Removed top 7 bits (of 35) from wire mkRequantEquivalence.remainder__h49703.
Removed top 6 bits (of 35) from wire mkRequantEquivalence.remainder__h49919.
Removed top 5 bits (of 35) from wire mkRequantEquivalence.remainder__h50135.
Removed top 4 bits (of 35) from wire mkRequantEquivalence.remainder__h50351.
Removed top 2 bits (of 35) from wire mkRequantEquivalence.remainder__h50783.
Removed top 1 bits (of 35) from wire mkRequantEquivalence.remainder__h50999.
Removed top 47 bits (of 48) from wire mkRequantEquivalence.remainder__h52517.
Removed top 46 bits (of 48) from wire mkRequantEquivalence.remainder__h52746.
Removed top 45 bits (of 48) from wire mkRequantEquivalence.remainder__h52976.
Removed top 44 bits (of 48) from wire mkRequantEquivalence.remainder__h53206.
Removed top 43 bits (of 48) from wire mkRequantEquivalence.remainder__h53436.
Removed top 42 bits (of 48) from wire mkRequantEquivalence.remainder__h53666.
Removed top 41 bits (of 48) from wire mkRequantEquivalence.remainder__h53896.
Removed top 40 bits (of 48) from wire mkRequantEquivalence.remainder__h54126.
Removed top 37 bits (of 48) from wire mkRequantEquivalence.remainder__h54816.
Removed top 36 bits (of 48) from wire mkRequantEquivalence.remainder__h55046.
Removed top 35 bits (of 48) from wire mkRequantEquivalence.remainder__h55276.
Removed top 34 bits (of 48) from wire mkRequantEquivalence.remainder__h55506.
Removed top 33 bits (of 48) from wire mkRequantEquivalence.remainder__h55736.
Removed top 31 bits (of 48) from wire mkRequantEquivalence.remainder__h56196.
Removed top 29 bits (of 48) from wire mkRequantEquivalence.remainder__h56656.
Removed top 28 bits (of 48) from wire mkRequantEquivalence.remainder__h56886.
Removed top 27 bits (of 48) from wire mkRequantEquivalence.remainder__h57116.
Removed top 26 bits (of 48) from wire mkRequantEquivalence.remainder__h57346.
Removed top 8 bits (of 9) from wire mkRequantEquivalence.remainder__h5745.
Removed top 25 bits (of 48) from wire mkRequantEquivalence.remainder__h57576.
Removed top 23 bits (of 48) from wire mkRequantEquivalence.remainder__h58036.
Removed top 21 bits (of 48) from wire mkRequantEquivalence.remainder__h58496.
Removed top 20 bits (of 48) from wire mkRequantEquivalence.remainder__h58726.
Removed top 19 bits (of 48) from wire mkRequantEquivalence.remainder__h58956.
Removed top 18 bits (of 48) from wire mkRequantEquivalence.remainder__h59186.
Removed top 17 bits (of 48) from wire mkRequantEquivalence.remainder__h59416.
Removed top 7 bits (of 9) from wire mkRequantEquivalence.remainder__h5960.
Removed top 15 bits (of 48) from wire mkRequantEquivalence.remainder__h59876.
Removed top 14 bits (of 48) from wire mkRequantEquivalence.remainder__h60106.
Removed top 12 bits (of 48) from wire mkRequantEquivalence.remainder__h60566.
Removed top 11 bits (of 48) from wire mkRequantEquivalence.remainder__h60796.
Removed top 10 bits (of 48) from wire mkRequantEquivalence.remainder__h61026.
Removed top 9 bits (of 48) from wire mkRequantEquivalence.remainder__h61256.
Removed top 8 bits (of 48) from wire mkRequantEquivalence.remainder__h61486.
Removed top 7 bits (of 48) from wire mkRequantEquivalence.remainder__h61702.
Removed top 6 bits (of 9) from wire mkRequantEquivalence.remainder__h6176.
Removed top 6 bits (of 48) from wire mkRequantEquivalence.remainder__h61918.
Removed top 5 bits (of 48) from wire mkRequantEquivalence.remainder__h62134.
Removed top 4 bits (of 48) from wire mkRequantEquivalence.remainder__h62350.
Removed top 3 bits (of 48) from wire mkRequantEquivalence.remainder__h62566.
Removed top 2 bits (of 48) from wire mkRequantEquivalence.remainder__h62782.
Removed top 1 bits (of 48) from wire mkRequantEquivalence.remainder__h62998.
Removed top 5 bits (of 9) from wire mkRequantEquivalence.remainder__h6392.
Removed top 63 bits (of 64) from wire mkRequantEquivalence.remainder__h64516.
Removed top 62 bits (of 64) from wire mkRequantEquivalence.remainder__h64745.
Removed top 61 bits (of 64) from wire mkRequantEquivalence.remainder__h64975.
Removed top 60 bits (of 64) from wire mkRequantEquivalence.remainder__h65205.
Removed top 59 bits (of 64) from wire mkRequantEquivalence.remainder__h65435.
Removed top 58 bits (of 64) from wire mkRequantEquivalence.remainder__h65665.
Removed top 57 bits (of 64) from wire mkRequantEquivalence.remainder__h65895.
Removed top 4 bits (of 9) from wire mkRequantEquivalence.remainder__h6608.
Removed top 56 bits (of 64) from wire mkRequantEquivalence.remainder__h66125.
Removed top 53 bits (of 64) from wire mkRequantEquivalence.remainder__h66815.
Removed top 52 bits (of 64) from wire mkRequantEquivalence.remainder__h67045.
Removed top 51 bits (of 64) from wire mkRequantEquivalence.remainder__h67275.
Removed top 50 bits (of 64) from wire mkRequantEquivalence.remainder__h67505.
Removed top 49 bits (of 64) from wire mkRequantEquivalence.remainder__h67735.
Removed top 47 bits (of 64) from wire mkRequantEquivalence.remainder__h68195.
Removed top 3 bits (of 9) from wire mkRequantEquivalence.remainder__h6824.
Removed top 45 bits (of 64) from wire mkRequantEquivalence.remainder__h68655.
Removed top 44 bits (of 64) from wire mkRequantEquivalence.remainder__h68885.
Removed top 43 bits (of 64) from wire mkRequantEquivalence.remainder__h69115.
Removed top 42 bits (of 64) from wire mkRequantEquivalence.remainder__h69345.
Removed top 41 bits (of 64) from wire mkRequantEquivalence.remainder__h69575.
Removed top 39 bits (of 64) from wire mkRequantEquivalence.remainder__h70035.
Removed top 2 bits (of 9) from wire mkRequantEquivalence.remainder__h7040.
Removed top 37 bits (of 64) from wire mkRequantEquivalence.remainder__h70495.
Removed top 36 bits (of 64) from wire mkRequantEquivalence.remainder__h70725.
Removed top 35 bits (of 64) from wire mkRequantEquivalence.remainder__h70955.
Removed top 34 bits (of 64) from wire mkRequantEquivalence.remainder__h71185.
Removed top 33 bits (of 64) from wire mkRequantEquivalence.remainder__h71415.
Removed top 31 bits (of 64) from wire mkRequantEquivalence.remainder__h71875.
Removed top 30 bits (of 64) from wire mkRequantEquivalence.remainder__h72105.
Removed top 1 bits (of 9) from wire mkRequantEquivalence.remainder__h7256.
Removed top 28 bits (of 64) from wire mkRequantEquivalence.remainder__h72565.
Removed top 27 bits (of 64) from wire mkRequantEquivalence.remainder__h72795.
Removed top 26 bits (of 64) from wire mkRequantEquivalence.remainder__h73025.
Removed top 25 bits (of 64) from wire mkRequantEquivalence.remainder__h73255.
Removed top 24 bits (of 64) from wire mkRequantEquivalence.remainder__h73485.
Removed top 23 bits (of 64) from wire mkRequantEquivalence.remainder__h73715.
Removed top 22 bits (of 64) from wire mkRequantEquivalence.remainder__h73945.
Removed top 21 bits (of 64) from wire mkRequantEquivalence.remainder__h74175.
Removed top 20 bits (of 64) from wire mkRequantEquivalence.remainder__h74405.
Removed top 19 bits (of 64) from wire mkRequantEquivalence.remainder__h74635.
Removed top 18 bits (of 64) from wire mkRequantEquivalence.remainder__h74865.
Removed top 17 bits (of 64) from wire mkRequantEquivalence.remainder__h75095.
Removed top 15 bits (of 64) from wire mkRequantEquivalence.remainder__h75555.
Removed top 14 bits (of 64) from wire mkRequantEquivalence.remainder__h75785.
Removed top 13 bits (of 64) from wire mkRequantEquivalence.remainder__h76015.
Removed top 12 bits (of 64) from wire mkRequantEquivalence.remainder__h76245.
Removed top 11 bits (of 64) from wire mkRequantEquivalence.remainder__h76475.
Removed top 10 bits (of 64) from wire mkRequantEquivalence.remainder__h76705.
Removed top 9 bits (of 64) from wire mkRequantEquivalence.remainder__h76935.
Removed top 8 bits (of 64) from wire mkRequantEquivalence.remainder__h77165.
Removed top 7 bits (of 64) from wire mkRequantEquivalence.remainder__h77381.
Removed top 6 bits (of 64) from wire mkRequantEquivalence.remainder__h77597.
Removed top 5 bits (of 64) from wire mkRequantEquivalence.remainder__h77813.
Removed top 4 bits (of 64) from wire mkRequantEquivalence.remainder__h78029.
Removed top 3 bits (of 64) from wire mkRequantEquivalence.remainder__h78245.
Removed top 2 bits (of 64) from wire mkRequantEquivalence.remainder__h78461.
Removed top 1 bits (of 64) from wire mkRequantEquivalence.remainder__h78677.
Removed top 9 bits (of 10) from wire mkRequantEquivalence.remainder__h8774.
Removed top 8 bits (of 10) from wire mkRequantEquivalence.remainder__h9003.
Removed top 7 bits (of 10) from wire mkRequantEquivalence.remainder__h9219.
Removed top 6 bits (of 10) from wire mkRequantEquivalence.remainder__h9435.
Removed top 5 bits (of 10) from wire mkRequantEquivalence.remainder__h9651.
Removed top 4 bits (of 10) from wire mkRequantEquivalence.remainder__h9867.

2.8. Executing OPT_CLEAN pass (remove unused cells and wires).
Finding unused cells or wires in module \mkRequantEquivalence..
Removed 0 unused cells and 363 unused wires.
<suppressed ~1 debug messages>

2.9. Executing MEMORY_COLLECT pass (generating $mem cells).

2.10. Executing OPT pass (performing simple optimizations).

2.10.1. Executing OPT_EXPR pass (perform const folding).
Optimizing module mkRequantEquivalence.

2.10.2. Executing OPT_MERGE pass (detect identical cells).
Finding identical cells in module `\mkRequantEquivalence'.
<suppressed ~2097 debug messages>
Removed a total of 699 cells.

2.10.3. Executing OPT_CLEAN pass (remove unused cells and wires).
Finding unused cells or wires in module \mkRequantEquivalence..
Removed 0 unused cells and 553 unused wires.
<suppressed ~1 debug messages>

2.10.4. Finished fast OPT passes.

2.11. Printing statistics.

=== mkRequantEquivalence ===

   Number of wires:               4739
   Number of wire bits:          40915
   Number of public wires:        2231
   Number of public wire bits:   31687
   Number of memories:               0
   Number of memory bits:            0
   Number of processes:              0
   Number of cells:               3832
     $add                          126
     $eq                           540
     $gt                            63
     $le                           352
     $logic_and                    125
     $logic_not                    633
     $logic_or                     125
     $lt                           352
     $mux                         1425
     $ne                            10
     $not                           10
     $reduce_bool                   61
     $xor                           10

2.12. Executing CHECK pass (checking for obvious problems).
Checking module mkRequantEquivalence...
Found and reported 0 problems.

3. Executing CHECK pass (checking for obvious problems).
Checking module mkRequantEquivalence...
Found and reported 0 problems.

4. Executing SAT pass (solving SAT problems in the circuit).

Setting up SAT problem:
Final constraint equation: { } = { }
Imported 3832 cells to SAT database.
Import proof-constraint: \mismatches = 402'000000000000000000000000000000000000000000000000000000000000000000000000000000000000000000000000000000000000000000000000000000000000000000000000000000000000000000000000000000000000000000000000000000000000000000000000000000000000000000000000000000000000000000000000000000000000000000000000000000000000000000000000000000000000000000000000000000000000000000000000000000000000000000000000000000000000000000
Final proof equation: \mismatches = 402'000000000000000000000000000000000000000000000000000000000000000000000000000000000000000000000000000000000000000000000000000000000000000000000000000000000000000000000000000000000000000000000000000000000000000000000000000000000000000000000000000000000000000000000000000000000000000000000000000000000000000000000000000000000000000000000000000000000000000000000000000000000000000000000000000000000000000000
Import show expression: \mismatches_source
Import show expression: \mismatches

Solving problem with 162551 variables and 468946 clauses..
SAT proof finished - no model found: SUCCESS!

                  /$$$$$$      /$$$$$$$$     /$$$$$$$    
                 /$$__  $$    | $$_____/    | $$__  $$   
                | $$  \ $$    | $$          | $$  \ $$   
                | $$  | $$    | $$$$$       | $$  | $$   
                | $$  | $$    | $$__/       | $$  | $$   
                | $$/$$ $$    | $$          | $$  | $$   
                |  $$$$$$/ /$$| $$$$$$$$ /$$| $$$$$$$//$$
                 \____ $$$|__/|________/|__/|_______/|__/
                       \__/                              

End of script. Logfile hash: bb08cd2dbb, CPU: user 54.35s system 0.19s, MEM: 289.92 MB peak
Yosys 0.33 (git sha1 2584903a060)
Time spent: 91% 1x sat (49 sec), 2% 3x check (1 sec), ...
