2026-09-28T19:02:18.1601293Z Current runner version: '2.337.0'
2026-09-28T19:02:18.1624067Z ##[group]Runner Image Provisioner
2026-09-28T19:02:18.1624787Z Hosted Compute Agent
2026-09-28T19:02:18.1625333Z Version: 20260828.587
2026-09-28T19:02:18.1625876Z Commit: abac92662cab4cc7352de4f9f9d2e2419aad9c29
2026-09-28T19:02:18.1626594Z Build Date: 2026-08-28T16:44:25Z
2026-09-28T19:02:18.1627253Z Worker ID: {8db524b7-5139-447a-892a-d73d382e0416}
2026-09-28T19:02:18.1627832Z Azure Region: westus3
2026-09-28T19:02:18.1628369Z ##[endgroup]
2026-09-28T19:02:18.1629591Z ##[group]Operating System
2026-09-28T19:02:18.1630108Z Ubuntu
2026-09-28T19:02:18.1630720Z 24.04.5
2026-09-28T19:02:18.1631142Z LTS
2026-09-28T19:02:18.1631592Z ##[endgroup]
2026-09-28T19:02:18.1632083Z ##[group]Runner Image
2026-09-28T19:02:18.1632569Z Image: ubuntu-24.04
2026-09-28T19:02:18.1633467Z Version: 20260920.314.1
2026-09-28T19:02:18.1634554Z Included Software: https://github.com/actions/runner-images/blob/ubuntu24/20260920.314/images/ubuntu/Ubuntu2404-Readme.md
2026-09-28T19:02:18.1635894Z Image Release: https://github.com/actions/runner-images/releases/tag/ubuntu24%2F20260920.314
2026-09-28T19:02:18.1636988Z ##[endgroup]
2026-09-28T19:02:18.1637963Z ##[group]GITHUB_TOKEN Permissions
2026-09-28T19:02:18.1639858Z Contents: read
2026-09-28T19:02:18.1640420Z Metadata: read
2026-09-28T19:02:18.1640879Z ##[endgroup]
2026-09-28T19:02:18.1642692Z Secret source: Actions
2026-09-28T19:02:18.1643489Z Cache mode: write
2026-09-28T19:02:18.1644122Z Prepare workflow directory
2026-09-28T19:02:18.1974391Z Prepare all required actions
2026-09-28T19:02:18.2031602Z Getting action download info
2026-09-28T19:02:18.5057644Z Download action repository 'actions/checkout@11d5960a326750d5838078e36cf38b85af677262' (SHA:11d5960a326750d5838078e36cf38b85af677262)
2026-09-28T19:02:18.5789709Z Download action repository 'actions/upload-artifact@ea165f8d65b6e75b540449e92b4886f43607fa02' (SHA:ea165f8d65b6e75b540449e92b4886f43607fa02)
2026-09-28T19:02:19.1804790Z Complete job name: Functional divisor 4
2026-09-28T19:02:19.2456877Z ##[group]Run actions/checkout@11d5960a326750d5838078e36cf38b85af677262
2026-09-28T19:02:19.2457816Z with:
2026-09-28T19:02:19.2458208Z   persist-credentials: false
2026-09-28T19:02:19.2458667Z   repository: SeMinLim/sway
2026-09-28T19:02:19.2462001Z   token: ***
2026-09-28T19:02:19.2462394Z   ssh-strict: true
2026-09-28T19:02:19.2462780Z   ssh-user: git
2026-09-28T19:02:19.2463151Z   clean: true
2026-09-28T19:02:19.2463538Z   sparse-checkout-cone-mode: true
2026-09-28T19:02:19.2463994Z   fetch-depth: 1
2026-09-28T19:02:19.2464368Z   fetch-tags: false
2026-09-28T19:02:19.2464761Z   show-progress: true
2026-09-28T19:02:19.2465152Z   lfs: false
2026-09-28T19:02:19.2465582Z   submodules: false
2026-09-28T19:02:19.2465986Z   set-safe-directory: true
2026-09-28T19:02:19.2466599Z   allow-unsafe-pr-checkout: false
2026-09-28T19:02:19.2467319Z ##[endgroup]
2026-09-28T19:02:19.3400188Z Syncing repository: SeMinLim/sway
2026-09-28T19:02:19.3402438Z ##[group]Getting Git version info
2026-09-28T19:02:19.3403461Z Working directory is '/home/runner/work/sway/sway'
2026-09-28T19:02:19.3404840Z [command]/usr/bin/git version
2026-09-28T19:02:19.3498041Z git version 2.55.0
2026-09-28T19:02:19.3515672Z ##[endgroup]
2026-09-28T19:02:19.3528659Z Temporarily overriding HOME='/home/runner/work/_temp/857deb5f-3bd0-45e2-9784-86488488553d' before making global git config changes
2026-09-28T19:02:19.3530623Z Adding repository directory to the temporary git global config as a safe directory
2026-09-28T19:02:19.3532636Z [command]/usr/bin/git config --global --add safe.directory /home/runner/work/sway/sway
2026-09-28T19:02:19.3584046Z Deleting the contents of '/home/runner/work/sway/sway'
2026-09-28T19:02:19.3587957Z ##[group]Initializing the repository
2026-09-28T19:02:19.3591362Z [command]/usr/bin/git init /home/runner/work/sway/sway
2026-09-28T19:02:19.3702889Z hint: Using 'master' as the name for the initial branch. This default branch name
2026-09-28T19:02:19.3704512Z hint: will change to "main" in Git 3.0. To configure the initial branch name
2026-09-28T19:02:19.3706325Z hint: to use in all of your new repositories, which will suppress this warning,
2026-09-28T19:02:19.3707358Z hint: call:
2026-09-28T19:02:19.3708306Z hint:
2026-09-28T19:02:19.3709056Z hint: 	git config --global init.defaultBranch <name>
2026-09-28T19:02:19.3709931Z hint:
2026-09-28T19:02:19.3710724Z hint: Names commonly chosen instead of 'master' are 'main', 'trunk' and
2026-09-28T19:02:19.3712000Z hint: 'development'. The just-created branch can be renamed via this command:
2026-09-28T19:02:19.3713050Z hint:
2026-09-28T19:02:19.3713654Z hint: 	git branch -m <name>
2026-09-28T19:02:19.3714317Z hint:
2026-09-28T19:02:19.3715168Z hint: Disable this message with "git config set advice.defaultBranchName false"
2026-09-28T19:02:19.3720956Z Initialized empty Git repository in /home/runner/work/sway/sway/.git/
2026-09-28T19:02:19.3731298Z [command]/usr/bin/git remote add origin https://github.com/SeMinLim/sway
2026-09-28T19:02:19.3796675Z ##[endgroup]
2026-09-28T19:02:19.3797947Z ##[group]Disabling automatic garbage collection
2026-09-28T19:02:19.3799088Z [command]/usr/bin/git config --local gc.auto 0
2026-09-28T19:02:19.3833516Z ##[endgroup]
2026-09-28T19:02:19.3834581Z ##[group]Setting up auth
2026-09-28T19:02:19.3840102Z [command]/usr/bin/git config --local --name-only --get-regexp core\.sshCommand
2026-09-28T19:02:19.3876124Z [command]/usr/bin/git submodule foreach --recursive sh -c "git config --local --name-only --get-regexp 'core\.sshCommand' && git config --local --unset-all 'core.sshCommand' || :"
2026-09-28T19:02:19.5015180Z [command]/usr/bin/git config --local --name-only --get-regexp http\.https\:\/\/github\.com\/\.extraheader
2026-09-28T19:02:19.5051178Z [command]/usr/bin/git submodule foreach --recursive sh -c "git config --local --name-only --get-regexp 'http\.https\:\/\/github\.com\/\.extraheader' && git config --local --unset-all 'http.https://github.com/.extraheader' || :"
2026-09-28T19:02:19.5267293Z [command]/usr/bin/git config --local --name-only --get-regexp ^includeIf\.gitdir:
2026-09-28T19:02:19.5306044Z [command]/usr/bin/git submodule foreach --recursive git config --local --show-origin --name-only --get-regexp remote.origin.url
2026-09-28T19:02:19.5524752Z [command]/usr/bin/git config --local http.https://github.com/.extraheader AUTHORIZATION: basic ***
2026-09-28T19:02:19.5567115Z ##[endgroup]
2026-09-28T19:02:19.5567904Z ##[group]Fetching the repository
2026-09-28T19:02:19.5574931Z [command]/usr/bin/git -c protocol.version=2 fetch --no-tags --prune --no-recurse-submodules --depth=1 origin +7b0a3df41e864138489a43a97fb92233844b4c19:refs/remotes/origin/codex/baseline-pnr-validation
2026-09-28T19:02:21.2096006Z From https://github.com/SeMinLim/sway
2026-09-28T19:02:21.2097093Z  * [new ref]         7b0a3df41e864138489a43a97fb92233844b4c19 -> origin/codex/baseline-pnr-validation
2026-09-28T19:02:21.2099760Z ##[endgroup]
2026-09-28T19:02:21.2100415Z ##[group]Determining the checkout info
2026-09-28T19:02:21.2102630Z ##[endgroup]
2026-09-28T19:02:21.2108275Z [command]/usr/bin/git sparse-checkout disable
2026-09-28T19:02:21.2161743Z [command]/usr/bin/git config --local --unset-all extensions.worktreeConfig
2026-09-28T19:02:21.2195481Z ##[group]Checking out the ref
2026-09-28T19:02:21.2200250Z [command]/usr/bin/git checkout --progress --force -B codex/baseline-pnr-validation refs/remotes/origin/codex/baseline-pnr-validation
2026-09-28T19:02:21.2929695Z Switched to a new branch 'codex/baseline-pnr-validation'
2026-09-28T19:02:21.2932957Z branch 'codex/baseline-pnr-validation' set up to track 'origin/codex/baseline-pnr-validation'.
2026-09-28T19:02:21.2941885Z ##[endgroup]
2026-09-28T19:02:21.2985605Z [command]/usr/bin/git log -1 --format=%H
2026-09-28T19:02:21.3011344Z 7b0a3df41e864138489a43a97fb92233844b4c19
2026-09-28T19:02:21.3019521Z ##[group]Removing auth
2026-09-28T19:02:21.3022446Z [command]/usr/bin/git config --local --name-only --get-regexp core\.sshCommand
2026-09-28T19:02:21.3053922Z [command]/usr/bin/git submodule foreach --recursive sh -c "git config --local --name-only --get-regexp 'core\.sshCommand' && git config --local --unset-all 'core.sshCommand' || :"
2026-09-28T19:02:21.3257739Z [command]/usr/bin/git config --local --name-only --get-regexp http\.https\:\/\/github\.com\/\.extraheader
2026-09-28T19:02:21.3285877Z http.https://github.com/.extraheader
2026-09-28T19:02:21.3293046Z [command]/usr/bin/git config --local --unset-all http.https://github.com/.extraheader
2026-09-28T19:02:21.3327301Z [command]/usr/bin/git submodule foreach --recursive sh -c "git config --local --name-only --get-regexp 'http\.https\:\/\/github\.com\/\.extraheader' && git config --local --unset-all 'http.https://github.com/.extraheader' || :"
2026-09-28T19:02:21.3529372Z [command]/usr/bin/git config --local --name-only --get-regexp ^includeIf\.gitdir:
2026-09-28T19:02:21.3561675Z [command]/usr/bin/git submodule foreach --recursive git config --local --show-origin --name-only --get-regexp remote.origin.url
2026-09-28T19:02:21.3764565Z ##[endgroup]
2026-09-28T19:02:21.3948307Z ##[group]Run set -euo pipefail
2026-09-28T19:02:21.3948721Z [36;1mset -euo pipefail[0m
2026-09-28T19:02:21.3949128Z [36;1mmkdir -p "$RUNNER_TEMP/sway-tools/bsc" "$RUNNER_TEMP/sway-verification"[0m
2026-09-28T19:02:21.3949523Z [36;1msudo apt-get update[0m
2026-09-28T19:02:21.3950056Z [36;1msudo apt-get install --no-install-recommends -y ca-certificates curl git make g++ python3 iverilog libgmp10 libtcl8.6 libstdc++6[0m
2026-09-28T19:02:21.3950969Z [36;1mcurl --fail --location --retry 3 --output "$RUNNER_TEMP/bsc.tar.gz" "https://github.com/B-Lang-org/bsc/releases/download/2026.01/bsc-2026.01-ubuntu-24.04.tar.gz"[0m
2026-09-28T19:02:21.3951871Z [36;1mprintf '%s  %s\n' '6d13db288cf268dc1331f05b277c414b4ff1c1ab9618a6526ba16ad29e484e43' "$RUNNER_TEMP/bsc.tar.gz" | sha256sum --check -[0m
2026-09-28T19:02:21.3952558Z [36;1mtar -xzf "$RUNNER_TEMP/bsc.tar.gz" --strip-components=1 -C "$RUNNER_TEMP/sway-tools/bsc"[0m
2026-09-28T19:02:21.3953084Z [36;1mecho "$RUNNER_TEMP/sway-tools/bsc/bin" >> "$GITHUB_PATH"[0m
2026-09-28T19:02:21.3953630Z [36;1m"$RUNNER_TEMP/sway-tools/bsc/bin/bsc" -v > "$RUNNER_TEMP/sway-verification/bsc-version.txt" 2>&1[0m
2026-09-28T19:02:21.3954187Z [36;1m/usr/bin/iverilog -V > "$RUNNER_TEMP/sway-verification/iverilog-version.txt" 2>&1[0m
2026-09-28T19:02:21.3954664Z [36;1mgit rev-parse HEAD > "$RUNNER_TEMP/sway-verification/sway-commit.txt"[0m
2026-09-28T19:02:21.3955067Z [36;1mcat "$RUNNER_TEMP/sway-verification/bsc-version.txt"[0m
2026-09-28T19:02:21.4190011Z shell: /usr/bin/bash --noprofile --norc -e -o pipefail {0}
2026-09-28T19:02:21.4190404Z ##[endgroup]
2026-09-28T19:02:21.4992069Z Get:1 file:/etc/apt/apt-mirrors.txt Mirrorlist [144 B]
2026-09-28T19:02:21.5318753Z Hit:2 http://azure.archive.ubuntu.com/ubuntu noble InRelease
2026-09-28T19:02:21.5357263Z Get:3 http://azure.archive.ubuntu.com/ubuntu noble-updates InRelease [126 kB]
2026-09-28T19:02:21.5379483Z Get:4 http://azure.archive.ubuntu.com/ubuntu noble-backports InRelease [126 kB]
2026-09-28T19:02:21.5414942Z Get:5 http://azure.archive.ubuntu.com/ubuntu noble-security InRelease [126 kB]
2026-09-28T19:02:21.5416700Z Get:6 https://packages.microsoft.com/ubuntu/24.04/prod noble InRelease [3600 B]
2026-09-28T19:02:21.6633111Z Get:7 http://azure.archive.ubuntu.com/ubuntu noble-updates/main amd64 Packages [1319 kB]
2026-09-28T19:02:21.6760569Z Get:8 http://azure.archive.ubuntu.com/ubuntu noble-updates/main Translation-en [299 kB]
2026-09-28T19:02:21.6778539Z Get:9 http://azure.archive.ubuntu.com/ubuntu noble-updates/main amd64 Components [180 kB]
2026-09-28T19:02:21.6791221Z Get:10 http://azure.archive.ubuntu.com/ubuntu noble-updates/universe amd64 Packages [1697 kB]
2026-09-28T19:02:21.6859939Z Get:11 http://azure.archive.ubuntu.com/ubuntu noble-updates/universe Translation-en [340 kB]
2026-09-28T19:02:21.6881038Z Get:12 http://azure.archive.ubuntu.com/ubuntu noble-updates/universe amd64 Components [388 kB]
2026-09-28T19:02:21.6905222Z Get:13 http://azure.archive.ubuntu.com/ubuntu noble-updates/restricted amd64 Packages [1654 kB]
2026-09-28T19:02:21.6998590Z Get:14 http://azure.archive.ubuntu.com/ubuntu noble-updates/restricted Translation-en [377 kB]
2026-09-28T19:02:21.7019097Z Get:15 http://azure.archive.ubuntu.com/ubuntu noble-updates/multiverse amd64 Components [940 B]
2026-09-28T19:02:21.7160823Z Get:16 http://azure.archive.ubuntu.com/ubuntu noble-backports/main amd64 Packages [40.6 kB]
2026-09-28T19:02:21.7655135Z Get:17 http://azure.archive.ubuntu.com/ubuntu noble-backports/main amd64 Components [5756 B]
2026-09-28T19:02:21.7662661Z Get:18 http://azure.archive.ubuntu.com/ubuntu noble-backports/universe amd64 Packages [31.0 kB]
2026-09-28T19:02:21.7680485Z Get:19 http://azure.archive.ubuntu.com/ubuntu noble-backports/universe Translation-en [18.6 kB]
2026-09-28T19:02:21.7686846Z Get:20 http://azure.archive.ubuntu.com/ubuntu noble-backports/universe amd64 Components [12.6 kB]
2026-09-28T19:02:21.7694147Z Get:21 http://azure.archive.ubuntu.com/ubuntu noble-security/main amd64 Packages [1063 kB]
2026-09-28T19:02:21.7741413Z Get:22 http://azure.archive.ubuntu.com/ubuntu noble-security/main Translation-en [220 kB]
2026-09-28T19:02:21.7755007Z Get:23 http://azure.archive.ubuntu.com/ubuntu noble-security/main amd64 Components [46.4 kB]
2026-09-28T19:02:21.7767112Z Get:24 http://azure.archive.ubuntu.com/ubuntu noble-security/universe amd64 Packages [1216 kB]
2026-09-28T19:02:21.7825762Z Get:25 http://azure.archive.ubuntu.com/ubuntu noble-security/universe Translation-en [244 kB]
2026-09-28T19:02:21.7843712Z Get:26 http://azure.archive.ubuntu.com/ubuntu noble-security/universe amd64 Components [76.3 kB]
2026-09-28T19:02:21.7858860Z Get:27 http://azure.archive.ubuntu.com/ubuntu noble-security/restricted amd64 Packages [1559 kB]
2026-09-28T19:02:21.7920004Z Get:28 http://azure.archive.ubuntu.com/ubuntu noble-security/restricted Translation-en [359 kB]
2026-09-28T19:02:21.8153139Z Get:29 https://packages.microsoft.com/ubuntu/24.04/prod noble/main arm64 Packages [446 kB]
2026-09-28T19:02:21.8250018Z Get:30 https://packages.microsoft.com/ubuntu/24.04/prod noble/main amd64 Packages [498 kB]
2026-09-28T19:02:29.8944492Z Fetched 12.5 MB in 1s (10.7 MB/s)
2026-09-28T19:02:30.6677840Z Reading package lists...
2026-09-28T19:02:30.6944450Z Reading package lists...
2026-09-28T19:02:30.9217726Z Building dependency tree...
2026-09-28T19:02:30.9224047Z Reading state information...
2026-09-28T19:02:31.1076033Z ca-certificates is already the newest version (20260601~24.04.1).
2026-09-28T19:02:31.1077041Z git is already the newest version (1:2.55.0-0ppa1~ubuntu24.04.2).
2026-09-28T19:02:31.1077347Z git set to manually installed.
2026-09-28T19:02:31.1077583Z make is already the newest version (4.3-4.1build2).
2026-09-28T19:02:31.1077859Z g++ is already the newest version (4:13.2.0-7ubuntu1).
2026-09-28T19:02:31.1078145Z python3 is already the newest version (3.12.3-0ubuntu2.1).
2026-09-28T19:02:31.1078457Z libgmp10 is already the newest version (2:6.3.0+dfsg-2ubuntu6.1).
2026-09-28T19:02:31.1078782Z libgmp10 set to manually installed.
2026-09-28T19:02:31.1079059Z libtcl8.6 is already the newest version (8.6.14+dfsg-1build1).
2026-09-28T19:02:31.1079332Z libtcl8.6 set to manually installed.
2026-09-28T19:02:31.1079594Z libstdc++6 is already the newest version (14.2.0-4ubuntu2~24.04.1).
2026-09-28T19:02:31.1079910Z The following additional packages will be installed:
2026-09-28T19:02:31.1081290Z   libcurl3t64-gnutls libcurl4t64
2026-09-28T19:02:31.1088565Z Suggested packages:
2026-09-28T19:02:31.1088841Z   gtkwave
2026-09-28T19:02:31.1282387Z The following NEW packages will be installed:
2026-09-28T19:02:31.1292059Z   iverilog
2026-09-28T19:02:31.1296869Z The following packages will be upgraded:
2026-09-28T19:02:31.1304277Z   curl libcurl3t64-gnutls libcurl4t64
2026-09-28T19:02:31.1463032Z 3 upgraded, 1 newly installed, 0 to remove and 32 not upgraded.
2026-09-28T19:02:31.1463559Z Need to get 3031 kB of archives.
2026-09-28T19:02:31.1463971Z After this operation, 6828 kB of additional disk space will be used.
2026-09-28T19:02:31.1464547Z Get:1 file:/etc/apt/apt-mirrors.txt Mirrorlist [144 B]
2026-09-28T19:02:31.2508650Z Get:2 http://azure.archive.ubuntu.com/ubuntu noble-updates/main amd64 curl amd64 8.5.0-2ubuntu10.15 [227 kB]
2026-09-28T19:02:31.5321870Z Get:3 http://azure.archive.ubuntu.com/ubuntu noble-updates/main amd64 libcurl4t64 amd64 8.5.0-2ubuntu10.15 [343 kB]
2026-09-28T19:02:31.8008101Z Get:4 http://azure.archive.ubuntu.com/ubuntu noble/universe amd64 iverilog amd64 12.0-2build2 [2126 kB]
2026-09-28T19:02:31.9865443Z Get:5 http://azure.archive.ubuntu.com/ubuntu noble-updates/main amd64 libcurl3t64-gnutls amd64 8.5.0-2ubuntu10.15 [336 kB]
2026-09-28T19:02:32.2462884Z Fetched 3031 kB in 1s (3551 kB/s)
2026-09-28T19:02:32.2892553Z (Reading database ... 
2026-09-28T19:02:32.2892828Z (Reading database ... 5%
2026-09-28T19:02:32.2893043Z (Reading database ... 10%
2026-09-28T19:02:32.2893242Z (Reading database ... 15%
2026-09-28T19:02:32.2893424Z (Reading database ... 20%
2026-09-28T19:02:32.2893990Z (Reading database ... 25%
2026-09-28T19:02:32.2894669Z (Reading database ... 30%
2026-09-28T19:02:32.2894966Z (Reading database ... 35%
2026-09-28T19:02:32.2895262Z (Reading database ... 40%
2026-09-28T19:02:32.2895455Z (Reading database ... 45%
2026-09-28T19:02:32.2895630Z (Reading database ... 50%
2026-09-28T19:02:32.2953413Z (Reading database ... 55%
2026-09-28T19:02:32.3724756Z (Reading database ... 60%
2026-09-28T19:02:32.5610848Z (Reading database ... 65%
2026-09-28T19:02:32.7660070Z (Reading database ... 70%
2026-09-28T19:02:32.9294582Z (Reading database ... 75%
2026-09-28T19:02:33.0973554Z (Reading database ... 80%
2026-09-28T19:02:33.2328543Z (Reading database ... 85%
2026-09-28T19:02:33.3726786Z (Reading database ... 90%
2026-09-28T19:02:33.4777601Z (Reading database ... 95%
2026-09-28T19:02:33.4777984Z (Reading database ... 100%
2026-09-28T19:02:33.4778273Z (Reading database ... 202190 files and directories currently installed.)
2026-09-28T19:02:33.4833215Z Preparing to unpack .../curl_8.5.0-2ubuntu10.15_amd64.deb ...
2026-09-28T19:02:33.4864148Z Unpacking curl (8.5.0-2ubuntu10.15) over (8.5.0-2ubuntu10.13) ...
2026-09-28T19:02:33.5236766Z Preparing to unpack .../libcurl4t64_8.5.0-2ubuntu10.15_amd64.deb ...
2026-09-28T19:02:33.5266015Z Unpacking libcurl4t64:amd64 (8.5.0-2ubuntu10.15) over (8.5.0-2ubuntu10.13) ...
2026-09-28T19:02:33.5507610Z Selecting previously unselected package iverilog.
2026-09-28T19:02:33.5626042Z Preparing to unpack .../iverilog_12.0-2build2_amd64.deb ...
2026-09-28T19:02:33.5633296Z Unpacking iverilog (12.0-2build2) ...
2026-09-28T19:02:33.6392466Z Preparing to unpack .../libcurl3t64-gnutls_8.5.0-2ubuntu10.15_amd64.deb ...
2026-09-28T19:02:33.6414316Z Unpacking libcurl3t64-gnutls:amd64 (8.5.0-2ubuntu10.15) over (8.5.0-2ubuntu10.13) ...
2026-09-28T19:02:33.6830709Z Setting up libcurl4t64:amd64 (8.5.0-2ubuntu10.15) ...
2026-09-28T19:02:33.6918424Z Setting up libcurl3t64-gnutls:amd64 (8.5.0-2ubuntu10.15) ...
2026-09-28T19:02:33.6933941Z Setting up iverilog (12.0-2build2) ...
2026-09-28T19:02:33.6950700Z Setting up curl (8.5.0-2ubuntu10.15) ...
2026-09-28T19:02:33.6971956Z Processing triggers for man-db (2.12.0-4build2) ...
2026-09-28T19:02:33.6992701Z Not building database; man-db/auto-update is not 'true'.
2026-09-28T19:02:33.7005298Z Processing triggers for libc-bin (2.39-0ubuntu8.9) ...
2026-09-28T19:02:34.4405493Z 
2026-09-28T19:02:34.4405984Z Running kernel seems to be up-to-date.
2026-09-28T19:02:34.4406453Z 
2026-09-28T19:02:34.4406578Z Restarting services...
2026-09-28T19:02:34.4555865Z  systemctl restart packagekit.service php8.3-fpm.service
2026-09-28T19:02:34.5550737Z 
2026-09-28T19:02:34.5551979Z No containers need to be restarted.
2026-09-28T19:02:34.5552347Z 
2026-09-28T19:02:34.5553223Z No user sessions are running outdated binaries.
2026-09-28T19:02:34.5553516Z 
2026-09-28T19:02:34.5553746Z No VM guests are running outdated hypervisor (qemu) binaries on this host.
2026-09-28T19:02:35.6886092Z   % Total    % Received % Xferd  Average Speed   Time    Time     Time  Current
2026-09-28T19:02:35.6886965Z                                  Dload  Upload   Total   Spent    Left  Speed
2026-09-28T19:02:35.6887652Z 
2026-09-28T19:02:35.9467996Z   0     0    0     0    0     0      0      0 --:--:-- --:--:-- --:--:--     0
2026-09-28T19:02:35.9468476Z   0     0    0     0    0     0      0      0 --:--:-- --:--:-- --:--:--     0
2026-09-28T19:02:36.2886115Z 
2026-09-28T19:02:36.2886846Z 100 24.6M  100 24.6M    0     0  41.0M      0 --:--:-- --:--:-- --:--:-- 41.0M
2026-09-28T19:02:36.3112962Z /home/runner/work/_temp/bsc.tar.gz: OK
2026-09-28T19:02:36.8222565Z Bluespec Compiler, version 2026.01 (build 9bd39e6f)
2026-09-28T19:02:36.8222966Z This is free software; for source code and copying conditions, see
2026-09-28T19:02:36.8223298Z https://github.com/B-Lang-org/bsc
2026-09-28T19:02:36.8223450Z 
2026-09-28T19:02:36.8223528Z Invoking command line:
2026-09-28T19:02:36.8223702Z bsc -v
2026-09-28T19:02:36.8223791Z 
2026-09-28T19:02:36.8285317Z ##[group]Run set -euo pipefail
2026-09-28T19:02:36.8285600Z [36;1mset -euo pipefail[0m
2026-09-28T19:02:36.8285810Z [36;1mulimit -v 6291456[0m
2026-09-28T19:02:36.8286026Z [36;1mpython3 hw/reference/check_refactor.py \[0m
2026-09-28T19:02:36.8286715Z [36;1m  --bsc "$RUNNER_TEMP/sway-tools/bsc/bin/bsc" \[0m
2026-09-28T19:02:36.8287064Z [36;1m  --backend iverilog --iverilog /usr/bin/iverilog --vvp /usr/bin/vvp \[0m
2026-09-28T19:02:36.8287424Z [36;1m  --divisors 4 --modes stress kernel --skip-arithmetic \[0m
2026-09-28T19:02:36.8287747Z [36;1m  --output "$RUNNER_TEMP/sway-verification/functional" \[0m
2026-09-28T19:02:36.8288077Z [36;1m  2>&1 | tee "$RUNNER_TEMP/sway-verification/functional-run.log"[0m
2026-09-28T19:02:36.8346710Z shell: /usr/bin/bash --noprofile --norc -e -o pipefail {0}
2026-09-28T19:02:36.8347014Z ##[endgroup]
2026-09-28T19:07:44.6307471Z SWAY_REFACTOR_PASS divisor=4 mode=stress outputs=798
2026-09-28T19:12:34.2143529Z SWAY_REFACTOR_PASS divisor=4 mode=kernel outputs=798
2026-09-28T19:12:34.2537855Z ##[group]Run set -euo pipefail
2026-09-28T19:12:34.2538124Z [36;1mset -euo pipefail[0m
2026-09-28T19:12:34.2538327Z [36;1mulimit -v 6291456[0m
2026-09-28T19:12:34.2538887Z [36;1mpython3 -c 'import pathlib,re; s=pathlib.Path("hw/bsv/SwayTypes.bsv").read_text(); assert re.search(r"typedef\s+4\s+ParallelismDivisor;", s), "Warm-reset source must be divisor 4"'[0m
2026-09-28T19:12:34.2539472Z [36;1mpython3 hw/reference/check_warm_reset.py \[0m
2026-09-28T19:12:34.2539731Z [36;1m  --hw-root "$GITHUB_WORKSPACE/hw" \[0m
2026-09-28T19:12:34.2540004Z [36;1m  --bsc "$RUNNER_TEMP/sway-tools/bsc/bin/bsc" \[0m
2026-09-28T19:12:34.2540296Z [36;1m  --iverilog /usr/bin/iverilog --vvp /usr/bin/vvp \[0m
2026-09-28T19:12:34.2540601Z [36;1m  --output "$RUNNER_TEMP/sway-verification/warm-reset" \[0m
2026-09-28T19:12:34.2540928Z [36;1m  2>&1 | tee "$RUNNER_TEMP/sway-verification/warm-reset-run.log"[0m
2026-09-28T19:12:34.2596670Z shell: /usr/bin/bash --noprofile --norc -e -o pipefail {0}
2026-09-28T19:12:34.2596957Z ##[endgroup]
2026-09-28T19:18:15.7190749Z ##[group]Run python3 - <<'PY'
2026-09-28T19:18:15.7191054Z [36;1mpython3 - <<'PY'[0m
2026-09-28T19:18:15.7191252Z [36;1mimport hashlib, json, os[0m
2026-09-28T19:18:15.7191474Z [36;1mfrom pathlib import Path[0m
2026-09-28T19:18:15.7191739Z [36;1mbase = Path(os.environ["RUNNER_TEMP"]) / "sway-verification"[0m
2026-09-28T19:18:15.7192016Z [36;1msummaries = [][0m
2026-09-28T19:18:15.7192333Z [36;1mcandidates = [base / "functional/validation.json", base / "warm-reset/result.json",[0m
2026-09-28T19:18:15.7192701Z [36;1m              base / "physical/report.json"][0m
2026-09-28T19:18:15.7192935Z [36;1mfor path in candidates:[0m
2026-09-28T19:18:15.7193137Z [36;1m    if not path.is_file():[0m
2026-09-28T19:18:15.7193338Z [36;1m        continue[0m
2026-09-28T19:18:15.7193540Z [36;1m    result = json.loads(path.read_text())[0m
2026-09-28T19:18:15.7193807Z [36;1m    print(f"SWAY_REPORT {path.relative_to(base)}")[0m
2026-09-28T19:18:15.7194102Z [36;1m    print(json.dumps(result, indent=2))[0m
2026-09-28T19:18:15.7194521Z [36;1m    hashes = result.get("source_sha256", {})[0m
2026-09-28T19:18:15.7194920Z [36;1m    digest = hashlib.sha256(json.dumps(hashes, sort_keys=True, separators=(",", ":")).encode()).hexdigest()[0m
2026-09-28T19:18:15.7195400Z [36;1m    summary = {"report": str(path.relative_to(base)), "status": result.get("status"),[0m
2026-09-28T19:18:15.7195787Z [36;1m               "error": result.get("error"), "source_files": len(hashes),[0m
2026-09-28T19:18:15.7196092Z [36;1m               "source_manifest_sha256": digest,[0m
2026-09-28T19:18:15.7196711Z [36;1m               "source_hashes_unchanged": result.get("source_hashes_unchanged", result.get("source_unchanged")),[0m
2026-09-28T19:18:15.7197167Z [36;1m               "reported_clocks": result.get("reported_clocks"),[0m
2026-09-28T19:18:15.7197580Z [36;1m               "configurations": [{"divisor": x.get("parallelism_divisor"), "mode": x.get("mode"),[0m
2026-09-28T19:18:15.7198032Z [36;1m                                   "status": x.get("status"), "outputs": x.get("scalar_outputs_checked")}[0m
2026-09-28T19:18:15.7198405Z [36;1m                                  for x in result.get("configurations", [])]}[0m
2026-09-28T19:18:15.7198679Z [36;1m    summaries.append(summary)[0m
2026-09-28T19:18:15.7198920Z [36;1mdetail = base / "physical/nextpnr.json"[0m
2026-09-28T19:18:15.7199158Z [36;1mif detail.is_file():[0m
2026-09-28T19:18:15.7199377Z [36;1m    result = json.loads(detail.read_text())[0m
2026-09-28T19:18:15.7199712Z [36;1m    compact = {key: result[key] for key in ("fmax", "critical_paths") if key in result}[0m
2026-09-28T19:18:15.7200141Z [36;1m    compact["detailed_report_sha256"] = hashlib.sha256(detail.read_bytes()).hexdigest()[0m
2026-09-28T19:18:15.7218366Z [36;1m    (base / "physical/timing_summary.json").write_text(json.dumps(compact, indent=2) + "\n")[0m
2026-09-28T19:18:15.7219093Z [36;1m    print("SWAY_ROUTED_FMAX " + json.dumps(result.get("fmax", {}), sort_keys=True))[0m
2026-09-28T19:18:15.7219784Z [36;1m    print("SWAY_ROUTED_CRITICAL_PATHS " + json.dumps(result.get("critical_paths", []), sort_keys=True))[0m
2026-09-28T19:18:15.7220313Z [36;1m    slow = [][0m
2026-09-28T19:18:15.7220621Z [36;1m    for net in result.get("detailed_net_timings", []):[0m
2026-09-28T19:18:15.7221024Z [36;1m        if "100mhz" not in net.get("event", ""):[0m
2026-09-28T19:18:15.7221344Z [36;1m            continue[0m
2026-09-28T19:18:15.7221665Z [36;1m        for endpoint in net.get("endpoints", []):[0m
2026-09-28T19:18:15.7222005Z [36;1m            if "100mhz" in endpoint.get("event", "") and max(endpoint["delay"]) > 9.5:[0m
2026-09-28T19:18:15.7222448Z [36;1m                slow.append({"delay": max(endpoint["delay"]), "driver": net["driver"], "net": net["net"],[0m
2026-09-28T19:18:15.7222863Z [36;1m                             "cell": endpoint["cell"], "port": endpoint["port"]})[0m
2026-09-28T19:18:15.7223450Z [36;1m    slow.sort(key=lambda item: item["delay"], reverse=True)[0m
2026-09-28T19:18:15.7223807Z [36;1m    print("SWAY_SLOW_ENDPOINTS " + json.dumps(slow[:200], sort_keys=True))[0m
2026-09-28T19:18:15.7224132Z [36;1mbase.mkdir(parents=True, exist_ok=True)[0m
2026-09-28T19:18:15.7224460Z [36;1m(base / "ci-summary.json").write_text(json.dumps(summaries, indent=2) + "\n")[0m
2026-09-28T19:18:15.7224832Z [36;1mwith open(os.environ["GITHUB_STEP_SUMMARY"], "a") as output:[0m
2026-09-28T19:18:15.7225167Z [36;1m    output.write("Commit: " + os.environ["GITHUB_SHA"] + "\n\n")[0m
2026-09-28T19:18:15.7225438Z [36;1m    fence = chr(96) * 3[0m
2026-09-28T19:18:15.7225753Z [36;1m    output.write(fence + "json\n" + json.dumps(summaries, indent=2) + "\n" + fence + "\n")[0m
2026-09-28T19:18:15.7226081Z [36;1m    if not summaries:[0m
2026-09-28T19:18:15.7226584Z [36;1m        output.write("No checker report was produced; inspect setup/build logs.\n")[0m
2026-09-28T19:18:15.7226891Z [36;1mPY[0m
2026-09-28T19:18:15.7283445Z shell: /usr/bin/bash --noprofile --norc -e -o pipefail {0}
2026-09-28T19:18:15.7283741Z ##[endgroup]
2026-09-28T19:18:15.7620236Z SWAY_REPORT functional/validation.json
2026-09-28T19:18:15.7620626Z {
2026-09-28T19:18:15.7620862Z   "status": "pass",
2026-09-28T19:18:15.7621201Z   "compiler": "/home/runner/work/_temp/sway-tools/bsc/bin/bsc",
2026-09-28T19:18:15.7621604Z   "source_sha256": {
2026-09-28T19:18:15.7622056Z     "bsv/SwayBaseline.bsv": "a5be30c1bbd2382383edd8dd56c9e193f91d4b04ec7b1915e75f3800e8cce60b",
2026-09-28T19:18:15.7622779Z     "bsv/SwayBlock.bsv": "eea28575bb9ef9220d0415e5661a4f5276c198b4251ea5d00dbf19c7c5bb69ce",
2026-09-28T19:18:15.7623515Z     "bsv/SwayClock.bsv": "0837c9f0c98e67e2b933a3d411342a05e4f15fd36f03ac44f297e871cc652c81",
2026-09-28T19:18:15.7623993Z     "bsv/SwayLinear.bsv": "9cde354738f486df6d34a25dc242780a459cd1fa8cfd961c9a17ab4002b8e200",
2026-09-28T19:18:15.7624465Z     "bsv/SwayMultiply.bsv": "47b3d0a36d4e50c7b75b2c8d8e484eff13d513f83a8373d50f4a34cf89a29be9",
2026-09-28T19:18:15.7624973Z     "bsv/SwayNorm.bsv": "e6d745634fea68b52e4a3e4cba195d83be1bcc57d57b05a11fd88b2bb440eb5f",
2026-09-28T19:18:15.7625488Z     "bsv/SwayScan.bsv": "2b9d1c22030869a1abffc3ad4fdbff8a468111fa17e136f21bae4c17ee0d275e",
2026-09-28T19:18:15.7626070Z     "bsv/SwayTypes.bsv": "5921edce99813d9c590c61496721d659a1a4b424bef837024518f2721ec67607",
2026-09-28T19:18:15.7627078Z     "generated/GeneratedTestConfig.bsv": "74aee8f80bda41ec1aef155a909cc21a1810e581b330e0dcd43f251e2c06ffa6",
2026-09-28T19:18:15.7628010Z     "generated/SwayParameters.bsv": "a57d31c5bcf3fd406bb099103995a6d6c276c981c2aad92c2d7099ec6f00328d",
2026-09-28T19:18:15.7628893Z     "generated/linear_rom/bank000.hex": "d0468693dd6c57928d8d518f789e14f49a97d5420a3b4b677fb7b986dc4eaa0d",
2026-09-28T19:18:15.7629748Z     "generated/linear_rom/bank001.hex": "95fbc5708f61f410cc83d3e9e1a0509dd2392989f91449260a753758e01b578b",
2026-09-28T19:18:15.7630549Z     "generated/linear_rom/bank002.hex": "d4e7fdedee24697aa5408b744d9b4db370f598a5ac1a81662fde5dd50db18782",
2026-09-28T19:18:15.7631485Z     "generated/linear_rom/bank003.hex": "bf62c7c73bdbb1e02ece9065521cdd5a327ec77498dcf60f7ffd377328309e28",
2026-09-28T19:18:15.7632088Z     "generated/linear_rom/bank004.hex": "069ac39fe120f7eccfb89e4ed1dc6a94fb3565fdfda765c512e8a8ae2770925f",
2026-09-28T19:18:15.7632609Z     "generated/linear_rom/bank005.hex": "f1bfc10824a0d55a1630f130f3d72b37f49ebde45f3d49c915e053ed46e72d23",
2026-09-28T19:18:15.7633114Z     "generated/linear_rom/bank006.hex": "3e98511cb6308d24a382f64f3c8458ccf797dffeb6a804373069e8e2f11f238e",
2026-09-28T19:18:15.7633644Z     "generated/linear_rom/bank007.hex": "add5c27e4bcf36bbf8892e56267d0600afb24d3273db0d0d28653e27b4f6f05f",
2026-09-28T19:18:15.7634151Z     "generated/linear_rom/bank008.hex": "b462510414b4609964f9c942ee38a04c6a2cbc1def0e6e6538550a8acc429c94",
2026-09-28T19:18:15.7634667Z     "generated/linear_rom/bank009.hex": "76d05ef8823d18d0d1a2ba22ca799433a323f44f676e4b020b6acd6f44073530",
2026-09-28T19:18:15.7635429Z     "generated/linear_rom/bank010.hex": "da9bb7105854b941ca6609092c4fda6d62bf157ac8bebb1ac42a98ad2be6aac9",
2026-09-28T19:18:15.7635990Z     "generated/linear_rom/bank011.hex": "41995f3b57b5c37aae4399199708e2f0634e384cdf0f07d6ded6092125507bc1",
2026-09-28T19:18:15.7636684Z     "generated/linear_rom/bank012.hex": "7c08f4aba52d147ff435cba8bc517ebf3a717ff45aacfe9a46966e8f636f61b6",
2026-09-28T19:18:15.7637309Z     "generated/linear_rom/bank013.hex": "81311c0f2c0bcf41ebbf0e8d7b81f93b5d64cf50510ef68e9106dc2f56907391",
2026-09-28T19:18:15.7637828Z     "generated/linear_rom/bank014.hex": "07e139ec3b82817d5afd7feb831e6330aec05ddca4e738430f144bd049abb3fb",
2026-09-28T19:18:15.7638332Z     "generated/linear_rom/bank015.hex": "006c728e22ee72d431a6ac295de5c99321094441e157a36a29c01e944427bdcf",
2026-09-28T19:18:15.7638837Z     "generated/linear_rom/bank016.hex": "e3b2ae310d1e4eca98d50ace38e21a7f2b780db91fc28749bf4da7c557777f05",
2026-09-28T19:18:15.7639354Z     "generated/linear_rom/bank017.hex": "d864d15566a61660d8e29a2c2d0fc603f32e91e0f9240a4af955b2ec964371ac",
2026-09-28T19:18:15.7639867Z     "generated/linear_rom/bank018.hex": "f48d19c250bc3e17c7ecd099b446c7f71e0e4d11997e9320690e5dc7d537b574",
2026-09-28T19:18:15.7640540Z     "generated/linear_rom/bank019.hex": "d1f8b740b2ad284e4dad061f9371c071358251231ee9bc01e4d22cf478d1b151",
2026-09-28T19:18:15.7641046Z     "generated/linear_rom/bank020.hex": "4900124fc8380c182689f14691e0be3384ab06bb13955141ccc1b6e0c5fdf05f",
2026-09-28T19:18:15.7641559Z     "generated/linear_rom/bank021.hex": "aad20d0ab187328d33b1e9ac4eee4fced8dbb8acfe969815d772e8aba86ac05d",
2026-09-28T19:18:15.7642075Z     "generated/linear_rom/bank022.hex": "db3f8a6b17292c486e05859e2b842fd06a4922f8b7f609672a9009a1bb152b33",
2026-09-28T19:18:15.7642591Z     "generated/linear_rom/bank023.hex": "f0cc206aef0ca6fecaa3ec76850515fc7d8450a8f92a78f46571f057c9d63199",
2026-09-28T19:18:15.7643099Z     "generated/linear_rom/bank024.hex": "db3f8a6b17292c486e05859e2b842fd06a4922f8b7f609672a9009a1bb152b33",
2026-09-28T19:18:15.7643607Z     "generated/linear_rom/bank025.hex": "f0cc206aef0ca6fecaa3ec76850515fc7d8450a8f92a78f46571f057c9d63199",
2026-09-28T19:18:15.7644117Z     "generated/linear_rom/bank026.hex": "2a00bed487b115d8cd7a16217487ae3d4e3def97ad18f15d9e42bbd891051286",
2026-09-28T19:18:15.7644636Z     "generated/linear_rom/bank027.hex": "2a00bed487b115d8cd7a16217487ae3d4e3def97ad18f15d9e42bbd891051286",
2026-09-28T19:18:15.7645146Z     "generated/linear_rom/bank028.hex": "a6212d63336db9814fee540f80392f401cc530e2eb0753b06bea834d034c92e7",
2026-09-28T19:18:15.7645655Z     "generated/linear_rom/bank029.hex": "4271c6c7bf974ed0a1fdcebc800edb9942d5c91c9394a64cc7b4a6b499c7ef08",
2026-09-28T19:18:15.7646357Z     "generated/linear_rom/bank030.hex": "3981dc6e301b047659146f63fb3637e848dfaef8fec77d393fb22515badb0067",
2026-09-28T19:18:15.7646875Z     "generated/linear_rom/bank031.hex": "ef589cb0566b42409c4457cc85dc296a9d6c5606b029bce8ff1e9caeff4e98e0",
2026-09-28T19:18:15.7647380Z     "generated/linear_rom/bank032.hex": "b310c95bd9b5b9285a1861b7e2c6ca563f38c708c87cd4885e524d802a88d99b",
2026-09-28T19:18:15.7647909Z     "generated/linear_rom/bank033.hex": "5fa4dbd1dcd83a369a3f5a8d5742ee00b9be9db605e2249cd57fcc51cf7a47cb",
2026-09-28T19:18:15.7648434Z     "generated/linear_rom/bank034.hex": "cc342ac8af4bca5726a7b7d765972277c330c01361acc3d9cae9e1482cbf7ebb",
2026-09-28T19:18:15.7648938Z     "generated/linear_rom/bank035.hex": "802f867b445ef1b094378db552b8e0051cad88ccf46836df97b32d8bb5c39b5a",
2026-09-28T19:18:15.7649447Z     "generated/linear_rom/bank036.hex": "60c2a75728ca7ed010eae01feb789a30fc4d4b0bcd9f1c4b82cec8bc7b9d0df9",
2026-09-28T19:18:15.7649957Z     "generated/linear_rom/bank037.hex": "5312f584d6be3d8a990a5c7506cc9e81a60aa177c7a4e30ff4ab94c9f06f0149",
2026-09-28T19:18:15.7650459Z     "generated/linear_rom/bank038.hex": "94835dbc65c0ac11aaa40554c460c9172c89f635f22b3c6a892955290cd116a7",
2026-09-28T19:18:15.7650960Z     "generated/linear_rom/bank039.hex": "89585f3ec295ab84f42c57884dd3418021e5a53eb7869efeea674b464cb13c7b",
2026-09-28T19:18:15.7651605Z     "generated/linear_rom/bank040.hex": "6e8244da7d59ce92073bf73416533be949b0238dadde9f6ce594444011d11ed7",
2026-09-28T19:18:15.7652144Z     "generated/linear_rom/bank041.hex": "72c40f1d02235c173a4b390c813958286c1da2e0adaec1b40d352326cebc4104",
2026-09-28T19:18:15.7652664Z     "generated/linear_rom/bank042.hex": "836dc993c79051b1318589a7f2e3b2b3adc196723efbbf8acaba039e6b70534a",
2026-09-28T19:18:15.7653164Z     "generated/linear_rom/bank043.hex": "52563fa44dc400399aa913a949eb52e5194995b636d537903201844ff4948738",
2026-09-28T19:18:15.7653660Z     "generated/linear_rom/bank044.hex": "222468fff6c4d02781f99539b313c9fabb52f0c809efceac9a664dd6c6983a42",
2026-09-28T19:18:15.7654181Z     "generated/linear_rom/bank045.hex": "daa7af4c5284c5bb9dba1ff786946696bb86c29806e4a98490a3a6bc3bb17895",
2026-09-28T19:18:15.7654712Z     "generated/linear_rom/bank046.hex": "4f8d6cf2c22c49cae3484a05b2017885458211e2e36f8100f17d6d9ac98368eb",
2026-09-28T19:18:15.7655214Z     "generated/linear_rom/bank047.hex": "b97a677d260699d7eef4309bb8b80a4b8d32e6d98b2280ba68e97859af7aaeea",
2026-09-28T19:18:15.7655724Z     "generated/linear_rom/bank048.hex": "11f582eda0f73cc3413a5b806a0e490800b6fa32d72739b1d664c0a1ea72d173",
2026-09-28T19:18:15.7656524Z     "generated/linear_rom/bank049.hex": "d03ebcbcc54e4ded9130fa5c179ec351a3db8948c547ea0ba568b8254b96f13f",
2026-09-28T19:18:15.7657052Z     "generated/linear_rom/bank050.hex": "1feb4a18ccaa792377f5a8b123372b055745c156461b4557d14a634bee462a38",
2026-09-28T19:18:15.7657556Z     "generated/linear_rom/bank051.hex": "e732ac7ffacfc6568427658c38c2163ea45224de47b2bbdac50523595c51b080",
2026-09-28T19:18:15.7658056Z     "generated/linear_rom/bank052.hex": "389d8678f7063da1b45e914817c016ff6794c48096b21c2402bee4efb80599c8",
2026-09-28T19:18:15.7658559Z     "generated/linear_rom/bank053.hex": "406782c8eedf5fa66b20289bbed13f1bec1d15a8d6870fa84e22861f895f2d86",
2026-09-28T19:18:15.7659069Z     "generated/linear_rom/bank054.hex": "2e46474cb378a7d3d0375c729bc3e4af24657cbe7c039104885a9a688b353637",
2026-09-28T19:18:15.7659580Z     "generated/linear_rom/bank055.hex": "dcde238005c34ba812e113093649ab745dcb54061f53e4e672eb3c1cc8b26a8f",
2026-09-28T19:18:15.7660093Z     "generated/linear_rom/bank056.hex": "fd4d9520d3059cbccc6a9e50bdf20f710ef859955b7df2e5be82b98547d3cdc9",
2026-09-28T19:18:15.7660600Z     "generated/linear_rom/bank057.hex": "485aa0bbf3eb8eb59096d8c47f8bf296d90fb3727703292741a54f9b5c69aeaf",
2026-09-28T19:18:15.7661110Z     "generated/linear_rom/bank058.hex": "2144fe9fe0fa5b0d88c37d2d6a18a6275adae7dacbd7791c1c4ed7e63f5b0e63",
2026-09-28T19:18:15.7661631Z     "generated/linear_rom/bank059.hex": "a75f2dee2a9af8196422aa0cc6aeb26d1632bcfc7ed0403bb7a0e463b1f1a82b",
2026-09-28T19:18:15.7662141Z     "generated/linear_rom/bank060.hex": "94c944f9ccbfb1943df1adbc42b812cfb21e171603b2171f40a791f881a5d0ba",
2026-09-28T19:18:15.7662653Z     "generated/linear_rom/bank061.hex": "09ebf484e3cc3aab912a063fc2216f349c3bacf85cf76fcb31fd729e330aa5f0",
2026-09-28T19:18:15.7663161Z     "generated/linear_rom/bank062.hex": "885b073a3a786046a78b5ed6a955dac71957d5d3e844ba003804fd1839c05850",
2026-09-28T19:18:15.7663665Z     "generated/linear_rom/bank063.hex": "b384259fefad0b04a678932d2586c5f08ecde992c737be568b682c608d14fe87",
2026-09-28T19:18:15.7664179Z     "generated/linear_rom/bank064.hex": "25c41e14e75e823b482eefb0c07d5d77b2fd7bce5667f48e740140cb982ddcf6",
2026-09-28T19:18:15.7664687Z     "generated/linear_rom/bank065.hex": "56a18311ef21b0ea0aca91a7bf1303b948dab4843a21dbb9075d051e5b77147c",
2026-09-28T19:18:15.7665192Z     "generated/linear_rom/bank066.hex": "cb71c82ba15604199d75aaf63cf32ae0f70d0513f59a72ac2ee6cfd7449b4885",
2026-09-28T19:18:15.7665696Z     "generated/linear_rom/bank067.hex": "2a77094317672c57cf81946eee5239f1f7d1f0c30cc942aced87f982ccc1de18",
2026-09-28T19:18:15.7666356Z     "generated/linear_rom/bank068.hex": "4c9b34a45f161910703e8c6722ce3eb17047f644833d47eb39edb04fb7c93618",
2026-09-28T19:18:15.7666897Z     "generated/linear_rom/bank069.hex": "155e3baa3fb552bf29e6b7f3d1f1c02f9678ca5f410fcf85f749d9e791a01b01",
2026-09-28T19:18:15.7667544Z     "generated/linear_rom/bank070.hex": "72f808b43b75c6c5dcb5098fe2a650ae3f3575358c3a330f7876baebd36402af",
2026-09-28T19:18:15.7668060Z     "generated/linear_rom/bank071.hex": "e7316ca56d611a5d2ae964946f8ea561900f996b35339766460850076ec09b1c",
2026-09-28T19:18:15.7668561Z     "generated/linear_rom/bank072.hex": "1b17834571dea90f0412ce7a80a67fac670712bb7261fbbcbf32728b7154a08a",
2026-09-28T19:18:15.7669055Z     "generated/linear_rom/bank073.hex": "e7316ca56d611a5d2ae964946f8ea561900f996b35339766460850076ec09b1c",
2026-09-28T19:18:15.7669553Z     "generated/linear_rom/bank074.hex": "1b17834571dea90f0412ce7a80a67fac670712bb7261fbbcbf32728b7154a08a",
2026-09-28T19:18:15.7670064Z     "generated/linear_rom/bank075.hex": "2a00bed487b115d8cd7a16217487ae3d4e3def97ad18f15d9e42bbd891051286",
2026-09-28T19:18:15.7670574Z     "generated/linear_rom/bank076.hex": "2a00bed487b115d8cd7a16217487ae3d4e3def97ad18f15d9e42bbd891051286",
2026-09-28T19:18:15.7671083Z     "generated/linear_rom/bank077.hex": "a1fddda3605e9632a3b5819bd783285f78b54d706d52cf2d3290812aa0035e65",
2026-09-28T19:18:15.7671598Z     "generated/linear_rom/bank078.hex": "9aeaab13eb0b5dc3d7898c58f89b2df5fa7ebc01d70e65d7ea90dd5b54edcddd",
2026-09-28T19:18:15.7672234Z     "generated/linear_rom/bank079.hex": "153ab8bf480c05e529f5b07335e2b90661c8ab9aef93402b4dd64ed9fd0d6848",
2026-09-28T19:18:15.7672745Z     "generated/linear_rom/bank080.hex": "c72aaec677aaec60c159872cc85357cda7756dc1d5d832f567cb684fd4e0e18e",
2026-09-28T19:18:15.7673249Z     "generated/linear_rom/bank081.hex": "1b135178c807c25e28e24d5a0db9e2e58a2e7987174e06e88bfbfb1764ab1f72",
2026-09-28T19:18:15.7673754Z     "generated/linear_rom/bank082.hex": "734ea2b4ac187f31c27f368a656ad8a2ba8b98d940988ac8cd644075c759400f",
2026-09-28T19:18:15.7674254Z     "generated/linear_rom/bank083.hex": "8e078a6d810b55b2a189f2667489ae2e09f319a57d1c0a6a05b1a9c9d1675971",
2026-09-28T19:18:15.7674900Z     "generated/linear_rom/bank084.hex": "412c345de5b17f0e8e98de099df94329ca43ac757c4b877b5df8c8e39885874d",
2026-09-28T19:18:15.7675711Z     "generated/linear_rom/bank085.hex": "e11b96a1b844d94b812b624d0eefed4f7b596a326911f8e291f03101bc0804d1",
2026-09-28T19:18:15.7676695Z     "generated/linear_rom/bank086.hex": "9dcaed41f52b5e691f42905ab15d69436e419159509792c1b7b5c48b49275c2f",
2026-09-28T19:18:15.7677597Z     "generated/linear_rom/bank087.hex": "d99a1aae53b9e0784086570640755fbada5d394b470da99c200ddc81f0663cf2",
2026-09-28T19:18:15.7678575Z     "generated/linear_rom/bank088.hex": "706cdf92f006eb769c424c8905813dca18d550ea294c7a48d4187b8a975ddcef",
2026-09-28T19:18:15.7679204Z     "generated/linear_rom/bank089.hex": "7d3e691de3e854567b602d9654c3c42574ca229b8a5acf6fdf25e2ae2232c061",
2026-09-28T19:18:15.7679726Z     "generated/linear_rom/bank090.hex": "64a2d56afbdc8bdf5ae1e7bd3dcff0c4a01a66b6acd796e28fb9f1640e07092c",
2026-09-28T19:18:15.7680245Z     "generated/linear_rom/bank091.hex": "9080ed6e4f557248c16f7d95ea606b77fee2e96b4f4115ecfc2c5fe226e12759",
2026-09-28T19:18:15.7680755Z     "generated/linear_rom/bank092.hex": "138805f24b37b0d8d13675215751f4bf78d9fdfa1fea639103f5f86d9d0f147d",
2026-09-28T19:18:15.7681256Z     "generated/linear_rom/bank093.hex": "020e4417021a6923c130c2aaed726c34792dae97f5f3ca27242eb5fd7dcf139b",
2026-09-28T19:18:15.7681766Z     "generated/linear_rom/bank094.hex": "31b2af35cd85fe9513d688721774b27a278ce37378d8f1990b5a4ec4291e0a7d",
2026-09-28T19:18:15.7682264Z     "generated/linear_rom/bank095.hex": "3dd0b582ffb50235e1a4ae86a23c6083785d8596df3921cf5699e7d38b6f0fb5",
2026-09-28T19:18:15.7682772Z     "generated/linear_rom/bank096.hex": "a5226dfedd470d78a90e5ed6516df08ff9a73d0acde75a2446a777a994e9dd02",
2026-09-28T19:18:15.7683288Z     "generated/linear_rom/bank097.hex": "acde26890a168beabc7eb5b427d49c15cb374e95ce3b1ad4f3a53e4611f4a38e",
2026-09-28T19:18:15.7683795Z     "generated/linear_rom/bank098.hex": "09400e6a9dd6a04159dbeda5092568a30cd42dac7e26174fca7721b2159ce3da",
2026-09-28T19:18:15.7684295Z     "generated/linear_rom/bank099.hex": "4360d9483903ebc165ebc2603555b6dd2274bfb86f8b8d4850730ff97eef209a",
2026-09-28T19:18:15.7684985Z     "generated/linear_rom/bank100.hex": "6a91f844ab33ee190ba2c9d26f4ed6ebc5e673a88aa84b3ae8e71ff9dbe4d5b7",
2026-09-28T19:18:15.7685522Z     "generated/linear_rom/bank101.hex": "ce8369a6606382ed3fb5b1426fa6b300a021a20cda43fee474a00b001f346dc0",
2026-09-28T19:18:15.7686031Z     "generated/linear_rom/bank102.hex": "85cb40943bb722a126a682d08e6b4637569dce59bc1a94df4cda6c1d2cc6e5c5",
2026-09-28T19:18:15.7686695Z     "generated/linear_rom/bank103.hex": "fa4f89692dde83c092b1cab1754c0851961fce7b604dd4250bb49b6b734c89d2",
2026-09-28T19:18:15.7687208Z     "generated/linear_rom/bank104.hex": "66a5d317a5c23c5cd28a90e9d54c5becb68c24e851c79c541c6d9b8366d148fd",
2026-09-28T19:18:15.7687714Z     "generated/linear_rom/bank105.hex": "a7c84972ec443d3e210abc209e7103c028f0006cd729f60e82a3daf7b12757bd",
2026-09-28T19:18:15.7688208Z     "generated/linear_rom/bank106.hex": "162ba567595371122db221d54512f499dcd18655a5f361b6a15b2e821361381b",
2026-09-28T19:18:15.7688715Z     "generated/linear_rom/bank107.hex": "863d7e0310f3e5d2b2069b8c5a5e3449551cf1a4c8d9b4ef695af808163058ce",
2026-09-28T19:18:15.7689220Z     "generated/linear_rom/bank108.hex": "ee0fca6144ea4a9a954dc0e277ee44676636505d5a1da58d244ab7ec719ef08a",
2026-09-28T19:18:15.7689893Z     "generated/linear_rom/bank109.hex": "9505fbcdb27370172651cf0c0e7c0f06b6de4efd22f486044c18a9c0b3f17daa",
2026-09-28T19:18:15.7690399Z     "generated/linear_rom/bank110.hex": "91c09f964f214ce950d7803686a155a2e136fdb5c3d2d487ba6a906d3a80e974",
2026-09-28T19:18:15.7690904Z     "generated/linear_rom/bank111.hex": "4fbcb1f2cddc67e2990ae244b4db542db2611c099e3cda83d49c7201e1259196",
2026-09-28T19:18:15.7691419Z     "generated/linear_rom/bank112.hex": "ea5ec338c84612fb5b0d1a6a4c0ff4f17acf5c58542f5587ecf6e1849e616045",
2026-09-28T19:18:15.7691935Z     "generated/linear_rom/bank113.hex": "aacb32ffcea1c804e3b30045df8b88feeda6128240d5b1de21f91dee2bda93a7",
2026-09-28T19:18:15.7692451Z     "generated/linear_rom/bank114.hex": "b713eb4614368b28e117ec5c8bdc1ffd1cb990255be497fe2f924526816b89d3",
2026-09-28T19:18:15.7692969Z     "generated/linear_rom/bank115.hex": "2a772fd8596a6df82a8ed107ed63d60b1476f1bb5cb0ae51c30557827ee440cf",
2026-09-28T19:18:15.7693480Z     "generated/linear_rom/bank116.hex": "9a302701679ada8437d61639b89c664bf2bfeb5e19c4f057550e4e5d61966b0b",
2026-09-28T19:18:15.7693978Z     "generated/linear_rom/bank117.hex": "728c5c6983475fef32379a1663fd0ab4a4ac9176dc4fe3aaf4863185f269876f",
2026-09-28T19:18:15.7694485Z     "generated/linear_rom/bank118.hex": "b500a68eb55a37dca42b811ef8388d1e8dcd1c85cc166047d7521ecf80513926",
2026-09-28T19:18:15.7694995Z     "generated/test_expected.hex": "f47029ab9b036f15f2eda3ee53451d524d54b4c35df49d6737513d8362e15158",
2026-09-28T19:18:15.7695492Z     "generated/test_input.hex": "0d4c15face2920f62ebfd43363ed027e36943abd3377d2fd234eacbebc7fe59a",
2026-09-28T19:18:15.7696000Z     "reference/check_refactor.py": "95632df2fcabbac0f9459096e4f69b7453198f49cb6d770fa79ce4f6a0199169",
2026-09-28T19:18:15.7696644Z     "reference/check_sim.py": "bc4afcf865ade4878f69a0d27f3a1da347ea31d226983370ca1a76152638df36",
2026-09-28T19:18:15.7697116Z     "rtl/BRAM1Load.v": "9f0ea8d784d9865b4c6c5a97ff20f1689c5b963072a98b9c975870d903091fa4",
2026-09-28T19:18:15.7697620Z     "rtl/sway_mult18x18d.v": "5e7a8be0f9cfce25f7b9546140fae909a09b2c7f0cb90fb6d27f5800a146ad30",
2026-09-28T19:18:15.7698080Z     "sim/TbSway.bsv": "8bc228c8fcb5933c40c19bdd70e7ae2dd8411d80c6ba1c2d0fd3d75f3a98c1d5",
2026-09-28T19:18:15.7698538Z     "sim/TbSwayKernel.bsv": "d2876467c1191ff993170eec4a9e2ffa3b46fab900728c097fcfb063bfe3603e"
2026-09-28T19:18:15.7698864Z   },
2026-09-28T19:18:15.7699018Z   "configurations": [
2026-09-28T19:18:15.7699190Z     {
2026-09-28T19:18:15.7699340Z       "status": "pass",
2026-09-28T19:18:15.7699542Z       "evidence": "generated-Verilog simulation",
2026-09-28T19:18:15.7699775Z       "frames_checked": 14,
2026-09-28T19:18:15.7699968Z       "scalar_outputs_checked": 798,
2026-09-28T19:18:15.7700179Z       "input_words": 4480,
2026-09-28T19:18:15.7700366Z       "finish_cycle": 296647,
2026-09-28T19:18:15.7700691Z       "post_completion_drain_cycles": 2048,
2026-09-28T19:18:15.7700951Z       "source_bubbles": "cycles modulo 17 equal to 0 or 1",
2026-09-28T19:18:15.7701312Z       "sink_stalls": "8192 cycles after each first output, plus cycles modulo 11 equal to 0",
2026-09-28T19:18:15.7701635Z       "repeated_frame_pairs_checked": [
2026-09-28T19:18:15.7701835Z         [
2026-09-28T19:18:15.7701979Z           0,
2026-09-28T19:18:15.7702122Z           12
2026-09-28T19:18:15.7702264Z         ],
2026-09-28T19:18:15.7702403Z         [
2026-09-28T19:18:15.7702546Z           0,
2026-09-28T19:18:15.7702686Z           13
2026-09-28T19:18:15.7702822Z         ]
2026-09-28T19:18:15.7702957Z       ],
2026-09-28T19:18:15.7703327Z       "timing_scope": "testbench cycles include deliberate source and sink stalls; not unstalled kernel performance",
2026-09-28T19:18:15.7703837Z       "input_sha256": "0d4c15face2920f62ebfd43363ed027e36943abd3377d2fd234eacbebc7fe59a",
2026-09-28T19:18:15.7704281Z       "expected_sha256": "f47029ab9b036f15f2eda3ee53451d524d54b4c35df49d6737513d8362e15158",
2026-09-28T19:18:15.7704903Z       "log_sha256": "5985cf85d75435df2591c69c11a94f49a8d24e7018fa79bfd04fb3ec2db80c40",
2026-09-28T19:18:15.7705341Z       "sway_records_sha256": "5985cf85d75435df2591c69c11a94f49a8d24e7018fa79bfd04fb3ec2db80c40",
2026-09-28T19:18:15.7705665Z       "frames": [
2026-09-28T19:18:15.7705821Z         {
2026-09-28T19:18:15.7705964Z           "frame": 0,
2026-09-28T19:18:15.7706138Z           "input_first_cycle": 2,
2026-09-28T19:18:15.7706506Z           "input_last_cycle": 363,
2026-09-28T19:18:15.7706709Z           "output_first_cycle": 36329,
2026-09-28T19:18:15.7706914Z           "output_last_cycle": 44582,
2026-09-28T19:18:15.7707136Z           "first_input_to_last_output_cycles": 44580,
2026-09-28T19:18:15.7707363Z           "sink_pause_cycles": 8192
2026-09-28T19:18:15.7707551Z         },
2026-09-28T19:18:15.7707690Z         {
2026-09-28T19:18:15.7707841Z           "frame": 1,
2026-09-28T19:18:15.7708013Z           "input_first_cycle": 364,
2026-09-28T19:18:15.7708215Z           "input_last_cycle": 725,
2026-09-28T19:18:15.7708417Z           "output_first_cycle": 55562,
2026-09-28T19:18:15.7708616Z           "output_last_cycle": 63816,
2026-09-28T19:18:15.7708827Z           "first_input_to_last_output_cycles": 63452,
2026-09-28T19:18:15.7709045Z           "sink_pause_cycles": 8192
2026-09-28T19:18:15.7709228Z         },
2026-09-28T19:18:15.7709369Z         {
2026-09-28T19:18:15.7709509Z           "frame": 2,
2026-09-28T19:18:15.7709678Z           "input_first_cycle": 726,
2026-09-28T19:18:15.7709878Z           "input_last_cycle": 13504,
2026-09-28T19:18:15.7710078Z           "output_first_cycle": 74793,
2026-09-28T19:18:15.7710277Z           "output_last_cycle": 83046,
2026-09-28T19:18:15.7710487Z           "first_input_to_last_output_cycles": 82320,
2026-09-28T19:18:15.7710709Z           "sink_pause_cycles": 8192
2026-09-28T19:18:15.7710894Z         },
2026-09-28T19:18:15.7711029Z         {
2026-09-28T19:18:15.7711169Z           "frame": 3,
2026-09-28T19:18:15.7711333Z           "input_first_cycle": 13505,
2026-09-28T19:18:15.7711532Z           "input_last_cycle": 32736,
2026-09-28T19:18:15.7711724Z           "output_first_cycle": 94025,
2026-09-28T19:18:15.7711926Z           "output_last_cycle": 102279,
2026-09-28T19:18:15.7712139Z           "first_input_to_last_output_cycles": 88774,
2026-09-28T19:18:15.7712356Z           "sink_pause_cycles": 8192
2026-09-28T19:18:15.7712534Z         },
2026-09-28T19:18:15.7712674Z         {
2026-09-28T19:18:15.7712813Z           "frame": 4,
2026-09-28T19:18:15.7712974Z           "input_first_cycle": 32737,
2026-09-28T19:18:15.7713166Z           "input_last_cycle": 51968,
2026-09-28T19:18:15.7713362Z           "output_first_cycle": 113257,
2026-09-28T19:18:15.7713564Z           "output_last_cycle": 121511,
2026-09-28T19:18:15.7713774Z           "first_input_to_last_output_cycles": 88774,
2026-09-28T19:18:15.7713996Z           "sink_pause_cycles": 8192
2026-09-28T19:18:15.7714177Z         },
2026-09-28T19:18:15.7714437Z         {
2026-09-28T19:18:15.7714580Z           "frame": 5,
2026-09-28T19:18:15.7714751Z           "input_first_cycle": 51971,
2026-09-28T19:18:15.7714942Z           "input_last_cycle": 71200,
2026-09-28T19:18:15.7715133Z           "output_first_cycle": 132489,
2026-09-28T19:18:15.7715330Z           "output_last_cycle": 140742,
2026-09-28T19:18:15.7715537Z           "first_input_to_last_output_cycles": 88771,
2026-09-28T19:18:15.7715752Z           "sink_pause_cycles": 8192
2026-09-28T19:18:15.7715931Z         },
2026-09-28T19:18:15.7716072Z         {
2026-09-28T19:18:15.7716377Z           "frame": 6,
2026-09-28T19:18:15.7716542Z           "input_first_cycle": 71201,
2026-09-28T19:18:15.7716732Z           "input_last_cycle": 90432,
2026-09-28T19:18:15.7716926Z           "output_first_cycle": 151721,
2026-09-28T19:18:15.7717122Z           "output_last_cycle": 159975,
2026-09-28T19:18:15.7717331Z           "first_input_to_last_output_cycles": 88774,
2026-09-28T19:18:15.7717551Z           "sink_pause_cycles": 8192
2026-09-28T19:18:15.7717732Z         },
2026-09-28T19:18:15.7717986Z         {
2026-09-28T19:18:15.7718125Z           "frame": 7,
2026-09-28T19:18:15.7718294Z           "input_first_cycle": 90433,
2026-09-28T19:18:15.7718488Z           "input_last_cycle": 109664,
2026-09-28T19:18:15.7718680Z           "output_first_cycle": 170953,
2026-09-28T19:18:15.7718876Z           "output_last_cycle": 179207,
2026-09-28T19:18:15.7719084Z           "first_input_to_last_output_cycles": 88774,
2026-09-28T19:18:15.7719297Z           "sink_pause_cycles": 8192
2026-09-28T19:18:15.7719474Z         },
2026-09-28T19:18:15.7719609Z         {
2026-09-28T19:18:15.7719756Z           "frame": 8,
2026-09-28T19:18:15.7719925Z           "input_first_cycle": 109665,
2026-09-28T19:18:15.7720125Z           "input_last_cycle": 128898,
2026-09-28T19:18:15.7720325Z           "output_first_cycle": 190185,
2026-09-28T19:18:15.7720523Z           "output_last_cycle": 198438,
2026-09-28T19:18:15.7720745Z           "first_input_to_last_output_cycles": 88773,
2026-09-28T19:18:15.7720966Z           "sink_pause_cycles": 8192
2026-09-28T19:18:15.7721153Z         },
2026-09-28T19:18:15.7721291Z         {
2026-09-28T19:18:15.7721428Z           "frame": 9,
2026-09-28T19:18:15.7721592Z           "input_first_cycle": 128899,
2026-09-28T19:18:15.7721789Z           "input_last_cycle": 148128,
2026-09-28T19:18:15.7721984Z           "output_first_cycle": 209417,
2026-09-28T19:18:15.7722186Z           "output_last_cycle": 217671,
2026-09-28T19:18:15.7722397Z           "first_input_to_last_output_cycles": 88772,
2026-09-28T19:18:15.7722612Z           "sink_pause_cycles": 8192
2026-09-28T19:18:15.7722793Z         },
2026-09-28T19:18:15.7722928Z         {
2026-09-28T19:18:15.7723068Z           "frame": 10,
2026-09-28T19:18:15.7723238Z           "input_first_cycle": 148129,
2026-09-28T19:18:15.7723442Z           "input_last_cycle": 167360,
2026-09-28T19:18:15.7723636Z           "output_first_cycle": 228649,
2026-09-28T19:18:15.7723837Z           "output_last_cycle": 236902,
2026-09-28T19:18:15.7724046Z           "first_input_to_last_output_cycles": 88773,
2026-09-28T19:18:15.7724270Z           "sink_pause_cycles": 8192
2026-09-28T19:18:15.7724449Z         },
2026-09-28T19:18:15.7724584Z         {
2026-09-28T19:18:15.7724720Z           "frame": 11,
2026-09-28T19:18:15.7724890Z           "input_first_cycle": 167361,
2026-09-28T19:18:15.7725085Z           "input_last_cycle": 186594,
2026-09-28T19:18:15.7725278Z           "output_first_cycle": 247881,
2026-09-28T19:18:15.7725471Z           "output_last_cycle": 256134,
2026-09-28T19:18:15.7725679Z           "first_input_to_last_output_cycles": 88773,
2026-09-28T19:18:15.7725894Z           "sink_pause_cycles": 8192
2026-09-28T19:18:15.7726074Z         },
2026-09-28T19:18:15.7726350Z         {
2026-09-28T19:18:15.7726490Z           "frame": 12,
2026-09-28T19:18:15.7726655Z           "input_first_cycle": 186595,
2026-09-28T19:18:15.7726848Z           "input_last_cycle": 205824,
2026-09-28T19:18:15.7727154Z           "output_first_cycle": 267114,
2026-09-28T19:18:15.7727354Z           "output_last_cycle": 275368,
2026-09-28T19:18:15.7727573Z           "first_input_to_last_output_cycles": 88773,
2026-09-28T19:18:15.7727788Z           "sink_pause_cycles": 8192
2026-09-28T19:18:15.7727967Z         },
2026-09-28T19:18:15.7728103Z         {
2026-09-28T19:18:15.7728243Z           "frame": 13,
2026-09-28T19:18:15.7728413Z           "input_first_cycle": 205825,
2026-09-28T19:18:15.7728607Z           "input_last_cycle": 225056,
2026-09-28T19:18:15.7728803Z           "output_first_cycle": 286345,
2026-09-28T19:18:15.7729123Z           "output_last_cycle": 294598,
2026-09-28T19:18:15.7729450Z           "first_input_to_last_output_cycles": 88773,
2026-09-28T19:18:15.7729766Z           "sink_pause_cycles": 8192
2026-09-28T19:18:15.7730016Z         }
2026-09-28T19:18:15.7730229Z       ],
2026-09-28T19:18:15.7730493Z       "parallelism_divisor": 4,
2026-09-28T19:18:15.7730796Z       "mode": "stress",
2026-09-28T19:18:15.7731092Z       "compiler_warnings": [
2026-09-28T19:18:15.7731403Z         "Warning: \"Prelude.bs\", line 1335, column 9: (G0024)",
2026-09-28T19:18:15.7731945Z         "Warning: \"Prelude.bs\", line 1335, column 9: (G0024)",
2026-09-28T19:18:15.7732330Z         "Warning: \"Prelude.bs\", line 586, column 27: (G0024)",
2026-09-28T19:18:15.7732717Z         "Warning: \"Prelude.bs\", line 2862, column 0: (G0024)"
2026-09-28T19:18:15.7733075Z       ],
2026-09-28T19:18:15.7733599Z       "configured_types_sha256": "5921edce99813d9c590c61496721d659a1a4b424bef837024518f2721ec67607"
2026-09-28T19:18:15.7734082Z     },
2026-09-28T19:18:15.7734278Z     {
2026-09-28T19:18:15.7734468Z       "status": "pass",
2026-09-28T19:18:15.7734757Z       "evidence": "generated-Verilog simulation (Icarus)",
2026-09-28T19:18:15.7735095Z       "frames_checked": 14,
2026-09-28T19:18:15.7735360Z       "scalar_outputs_checked": 798,
2026-09-28T19:18:15.7735629Z       "input_words": 4480,
2026-09-28T19:18:15.7735869Z       "finish_cycle": 288406,
2026-09-28T19:18:15.7736148Z       "post_completion_drain_cycles": 2048,
2026-09-28T19:18:15.7736628Z       "source_bubbles": "none inserted",
2026-09-28T19:18:15.7736927Z       "sink_stalls": "none inserted",
2026-09-28T19:18:15.7737483Z       "timing_scope": "kernel interface cycles; excludes UART, physical timing and post-completion drain",
2026-09-28T19:18:15.7738058Z       "output_frame_start_intervals_cycles": [
2026-09-28T19:18:15.7738360Z         19232,
2026-09-28T19:18:15.7738567Z         19232,
2026-09-28T19:18:15.7738762Z         19232,
2026-09-28T19:18:15.7738958Z         19232,
2026-09-28T19:18:15.7739158Z         19232,
2026-09-28T19:18:15.7739352Z         19232,
2026-09-28T19:18:15.7739539Z         19232,
2026-09-28T19:18:15.7739763Z         19232,
2026-09-28T19:18:15.7739963Z         19232,
2026-09-28T19:18:15.7740162Z         19232,
2026-09-28T19:18:15.7740358Z         19232,
2026-09-28T19:18:15.7740558Z         19232,
2026-09-28T19:18:15.7740769Z         19232
2026-09-28T19:18:15.7740983Z       ],
2026-09-28T19:18:15.7741210Z       "repeated_frame_pairs_checked": [
2026-09-28T19:18:15.7741516Z         [
2026-09-28T19:18:15.7741722Z           0,
2026-09-28T19:18:15.7741933Z           12
2026-09-28T19:18:15.7742132Z         ],
2026-09-28T19:18:15.7742342Z         [
2026-09-28T19:18:15.7742533Z           0,
2026-09-28T19:18:15.7742744Z           13
2026-09-28T19:18:15.7742958Z         ]
2026-09-28T19:18:15.7743165Z       ],
2026-09-28T19:18:15.7743599Z       "input_sha256": "0d4c15face2920f62ebfd43363ed027e36943abd3377d2fd234eacbebc7fe59a",
2026-09-28T19:18:15.7744266Z       "expected_sha256": "f47029ab9b036f15f2eda3ee53451d524d54b4c35df49d6737513d8362e15158",
2026-09-28T19:18:15.7744695Z       "log_sha256": "8c05878b41140f18b7f3da8ee549c069db536b57459e765650397ecde45fce41",
2026-09-28T19:18:15.7744997Z       "frames": [
2026-09-28T19:18:15.7745154Z         {
2026-09-28T19:18:15.7745297Z           "frame": 0,
2026-09-28T19:18:15.7745474Z           "input_first_cycle": 0,
2026-09-28T19:18:15.7745850Z           "input_last_cycle": 319,
2026-09-28T19:18:15.7746057Z           "output_first_cycle": 36285,
2026-09-28T19:18:15.7746453Z           "output_last_cycle": 36341,
2026-09-28T19:18:15.7746681Z           "first_input_to_last_output_cycles": 36341
2026-09-28T19:18:15.7746898Z         },
2026-09-28T19:18:15.7747041Z         {
2026-09-28T19:18:15.7747182Z           "frame": 1,
2026-09-28T19:18:15.7747354Z           "input_first_cycle": 320,
2026-09-28T19:18:15.7747552Z           "input_last_cycle": 639,
2026-09-28T19:18:15.7747748Z           "output_first_cycle": 55517,
2026-09-28T19:18:15.7747947Z           "output_last_cycle": 55573,
2026-09-28T19:18:15.7748162Z           "first_input_to_last_output_cycles": 55253
2026-09-28T19:18:15.7748370Z         },
2026-09-28T19:18:15.7748512Z         {
2026-09-28T19:18:15.7748654Z           "frame": 2,
2026-09-28T19:18:15.7748826Z           "input_first_cycle": 640,
2026-09-28T19:18:15.7749024Z           "input_last_cycle": 13422,
2026-09-28T19:18:15.7749231Z           "output_first_cycle": 74749,
2026-09-28T19:18:15.7749435Z           "output_last_cycle": 74805,
2026-09-28T19:18:15.7749771Z           "first_input_to_last_output_cycles": 74165
2026-09-28T19:18:15.7749980Z         },
2026-09-28T19:18:15.7750118Z         {
2026-09-28T19:18:15.7750262Z           "frame": 3,
2026-09-28T19:18:15.7750430Z           "input_first_cycle": 13423,
2026-09-28T19:18:15.7750626Z           "input_last_cycle": 32654,
2026-09-28T19:18:15.7750822Z           "output_first_cycle": 93981,
2026-09-28T19:18:15.7751024Z           "output_last_cycle": 94037,
2026-09-28T19:18:15.7751235Z           "first_input_to_last_output_cycles": 80614
2026-09-28T19:18:15.7751442Z         },
2026-09-28T19:18:15.7751584Z         {
2026-09-28T19:18:15.7751725Z           "frame": 4,
2026-09-28T19:18:15.7751890Z           "input_first_cycle": 32655,
2026-09-28T19:18:15.7752082Z           "input_last_cycle": 51886,
2026-09-28T19:18:15.7752278Z           "output_first_cycle": 113213,
2026-09-28T19:18:15.7752490Z           "output_last_cycle": 113269,
2026-09-28T19:18:15.7752703Z           "first_input_to_last_output_cycles": 80614
2026-09-28T19:18:15.7752918Z         },
2026-09-28T19:18:15.7753056Z         {
2026-09-28T19:18:15.7753195Z           "frame": 5,
2026-09-28T19:18:15.7753360Z           "input_first_cycle": 51887,
2026-09-28T19:18:15.7753561Z           "input_last_cycle": 71118,
2026-09-28T19:18:15.7753758Z           "output_first_cycle": 132445,
2026-09-28T19:18:15.7753956Z           "output_last_cycle": 132501,
2026-09-28T19:18:15.7754165Z           "first_input_to_last_output_cycles": 80614
2026-09-28T19:18:15.7754372Z         },
2026-09-28T19:18:15.7754542Z         {
2026-09-28T19:18:15.7754683Z           "frame": 6,
2026-09-28T19:18:15.7754853Z           "input_first_cycle": 71119,
2026-09-28T19:18:15.7755048Z           "input_last_cycle": 90350,
2026-09-28T19:18:15.7755240Z           "output_first_cycle": 151677,
2026-09-28T19:18:15.7755435Z           "output_last_cycle": 151733,
2026-09-28T19:18:15.7755650Z           "first_input_to_last_output_cycles": 80614
2026-09-28T19:18:15.7755860Z         },
2026-09-28T19:18:15.7756000Z         {
2026-09-28T19:18:15.7756140Z           "frame": 7,
2026-09-28T19:18:15.7756476Z           "input_first_cycle": 90351,
2026-09-28T19:18:15.7756685Z           "input_last_cycle": 109582,
2026-09-28T19:18:15.7756887Z           "output_first_cycle": 170909,
2026-09-28T19:18:15.7757100Z           "output_last_cycle": 170965,
2026-09-28T19:18:15.7757324Z           "first_input_to_last_output_cycles": 80614
2026-09-28T19:18:15.7757540Z         },
2026-09-28T19:18:15.7757681Z         {
2026-09-28T19:18:15.7757827Z           "frame": 8,
2026-09-28T19:18:15.7758002Z           "input_first_cycle": 109583,
2026-09-28T19:18:15.7758204Z           "input_last_cycle": 128814,
2026-09-28T19:18:15.7758402Z           "output_first_cycle": 190141,
2026-09-28T19:18:15.7758603Z           "output_last_cycle": 190197,
2026-09-28T19:18:15.7758818Z           "first_input_to_last_output_cycles": 80614
2026-09-28T19:18:15.7759156Z         },
2026-09-28T19:18:15.7759308Z         {
2026-09-28T19:18:15.7759458Z           "frame": 9,
2026-09-28T19:18:15.7759625Z           "input_first_cycle": 128815,
2026-09-28T19:18:15.7759827Z           "input_last_cycle": 148046,
2026-09-28T19:18:15.7760025Z           "output_first_cycle": 209373,
2026-09-28T19:18:15.7760235Z           "output_last_cycle": 209429,
2026-09-28T19:18:15.7760446Z           "first_input_to_last_output_cycles": 80614
2026-09-28T19:18:15.7760655Z         },
2026-09-28T19:18:15.7760795Z         {
2026-09-28T19:18:15.7760940Z           "frame": 10,
2026-09-28T19:18:15.7761115Z           "input_first_cycle": 148047,
2026-09-28T19:18:15.7761316Z           "input_last_cycle": 167278,
2026-09-28T19:18:15.7761513Z           "output_first_cycle": 228605,
2026-09-28T19:18:15.7761711Z           "output_last_cycle": 228661,
2026-09-28T19:18:15.7761923Z           "first_input_to_last_output_cycles": 80614
2026-09-28T19:18:15.7762129Z         },
2026-09-28T19:18:15.7762273Z         {
2026-09-28T19:18:15.7762415Z           "frame": 11,
2026-09-28T19:18:15.7762701Z           "input_first_cycle": 167279,
2026-09-28T19:18:15.7762899Z           "input_last_cycle": 186510,
2026-09-28T19:18:15.7763098Z           "output_first_cycle": 247837,
2026-09-28T19:18:15.7763299Z           "output_last_cycle": 247893,
2026-09-28T19:18:15.7763518Z           "first_input_to_last_output_cycles": 80614
2026-09-28T19:18:15.7763722Z         },
2026-09-28T19:18:15.7763858Z         {
2026-09-28T19:18:15.7764000Z           "frame": 12,
2026-09-28T19:18:15.7764170Z           "input_first_cycle": 186511,
2026-09-28T19:18:15.7764367Z           "input_last_cycle": 205742,
2026-09-28T19:18:15.7764624Z           "output_first_cycle": 267069,
2026-09-28T19:18:15.7764951Z           "output_last_cycle": 267125,
2026-09-28T19:18:15.7765270Z           "first_input_to_last_output_cycles": 80614
2026-09-28T19:18:15.7765585Z         },
2026-09-28T19:18:15.7765789Z         {
2026-09-28T19:18:15.7766037Z           "frame": 13,
2026-09-28T19:18:15.7766414Z           "input_first_cycle": 205743,
2026-09-28T19:18:15.7766621Z           "input_last_cycle": 224974,
2026-09-28T19:18:15.7766819Z           "output_first_cycle": 286301,
2026-09-28T19:18:15.7767019Z           "output_last_cycle": 286357,
2026-09-28T19:18:15.7767233Z           "first_input_to_last_output_cycles": 80614
2026-09-28T19:18:15.7767443Z         }
2026-09-28T19:18:15.7767583Z       ],
2026-09-28T19:18:15.7767741Z       "parallelism_divisor": 4,
2026-09-28T19:18:15.7767934Z       "mode": "kernel",
2026-09-28T19:18:15.7768112Z       "compiler_warnings": [
2026-09-28T19:18:15.7768349Z         "Warning: \"Prelude.bs\", line 1335, column 9: (G0024)",
2026-09-28T19:18:15.7768632Z         "Warning: \"Prelude.bs\", line 1335, column 9: (G0024)",
2026-09-28T19:18:15.7768902Z         "Warning: \"Prelude.bs\", line 586, column 27: (G0024)",
2026-09-28T19:18:15.7769169Z         "Warning: \"Prelude.bs\", line 2862, column 0: (G0024)"
2026-09-28T19:18:15.7769399Z       ],
2026-09-28T19:18:15.7769692Z       "configured_types_sha256": "5921edce99813d9c590c61496721d659a1a4b424bef837024518f2721ec67607"
2026-09-28T19:18:15.7770032Z     }
2026-09-28T19:18:15.7770174Z   ]
2026-09-28T19:18:15.7770317Z }
2026-09-28T19:18:15.7770478Z SWAY_REPORT warm-reset/result.json
2026-09-28T19:18:15.7770676Z {
2026-09-28T19:18:15.7770821Z   "status": "pass",
2026-09-28T19:18:15.7770987Z   "commands": [
2026-09-28T19:18:15.7771141Z     {
2026-09-28T19:18:15.7771285Z       "argv": [
2026-09-28T19:18:15.7771479Z         "/home/runner/work/_temp/sway-tools/bsc/bin/bsc",
2026-09-28T19:18:15.7771713Z         "-verilog",
2026-09-28T19:18:15.7771872Z         "-bdir",
2026-09-28T19:18:15.7772121Z         "/home/runner/work/_temp/sway-verification/warm-reset/snapshot/build",
2026-09-28T19:18:15.7772410Z         "-simdir",
2026-09-28T19:18:15.7772643Z         "/home/runner/work/_temp/sway-verification/warm-reset/snapshot/build",
2026-09-28T19:18:15.7772917Z         "-vdir",
2026-09-28T19:18:15.7773289Z         "/home/runner/work/_temp/sway-verification/warm-reset/snapshot/build",
2026-09-28T19:18:15.7773626Z         "-info-dir",
2026-09-28T19:18:15.7774036Z         "/home/runner/work/_temp/sway-verification/warm-reset/snapshot/build",
2026-09-28T19:18:15.7774495Z         "-p",
2026-09-28T19:18:15.7774733Z         "+:bsv:generated:sim",
2026-09-28T19:18:15.7775009Z         "-u",
2026-09-28T19:18:15.7775244Z         "-show-schedule",
2026-09-28T19:18:15.7775518Z         "-g",
2026-09-28T19:18:15.7775757Z         "mkTbSwayKernel",
2026-09-28T19:18:15.7775938Z         "sim/TbSwayKernel.bsv"
2026-09-28T19:18:15.7776122Z       ],
2026-09-28T19:18:15.7776585Z       "cwd": "/home/runner/work/_temp/sway-verification/warm-reset/snapshot",
2026-09-28T19:18:15.7776953Z       "log": "/home/runner/work/_temp/sway-verification/warm-reset/compile.log",
2026-09-28T19:18:15.7777242Z       "returncode": 0,
2026-09-28T19:18:15.7777524Z       "log_sha256": "27d13d36fdd7432c578d9a83744c31ddfe49823cf01aedf5e36a3f0e6d2a4eba"
2026-09-28T19:18:15.7777839Z     },
2026-09-28T19:18:15.7777980Z     {
2026-09-28T19:18:15.7778285Z       "argv": [
2026-09-28T19:18:15.7778450Z         "/usr/bin/iverilog",
2026-09-28T19:18:15.7778631Z         "-g2012",
2026-09-28T19:18:15.7778788Z         "-s",
2026-09-28T19:18:15.7778939Z         "main",
2026-09-28T19:18:15.7779094Z         "-y",
2026-09-28T19:18:15.7779325Z         "/home/runner/work/_temp/sway-verification/warm-reset/snapshot/rtl",
2026-09-28T19:18:15.7779599Z         "-y",
2026-09-28T19:18:15.7779794Z         "/home/runner/work/_temp/sway-tools/bsc/lib/Verilog",
2026-09-28T19:18:15.7780028Z         "-I",
2026-09-28T19:18:15.7780212Z         "/home/runner/work/_temp/sway-tools/bsc/lib/Verilog",
2026-09-28T19:18:15.7780435Z         "-o",
2026-09-28T19:18:15.7780700Z         "/home/runner/work/_temp/sway-verification/warm-reset/snapshot/build/warm_reset.vvp",
2026-09-28T19:18:15.7781112Z         "/home/runner/work/_temp/sway-verification/warm-reset/warm_reset_main.v",
2026-09-28T19:18:15.7781528Z         "/home/runner/work/_temp/sway-verification/warm-reset/snapshot/build/mkTbSwayKernel.v"
2026-09-28T19:18:15.7781848Z       ],
2026-09-28T19:18:15.7782069Z       "cwd": "/home/runner/work/_temp/sway-verification/warm-reset/snapshot",
2026-09-28T19:18:15.7782412Z       "log": "/home/runner/work/_temp/sway-verification/warm-reset/link.log",
2026-09-28T19:18:15.7782679Z       "returncode": 0,
2026-09-28T19:18:15.7782955Z       "log_sha256": "e3b0c44298fc1c149afbf4c8996fb92427ae41e4649b934ca495991b7852b855"
2026-09-28T19:18:15.7783252Z     },
2026-09-28T19:18:15.7783390Z     {
2026-09-28T19:18:15.7783532Z       "argv": [
2026-09-28T19:18:15.7783692Z         "/usr/bin/vvp",
2026-09-28T19:18:15.7783973Z         "/home/runner/work/_temp/sway-verification/warm-reset/snapshot/build/warm_reset.vvp"
2026-09-28T19:18:15.7784278Z       ],
2026-09-28T19:18:15.7784491Z       "cwd": "/home/runner/work/_temp/sway-verification/warm-reset/snapshot",
2026-09-28T19:18:15.7784852Z       "log": "/home/runner/work/_temp/sway-verification/warm-reset/simulation.log",
2026-09-28T19:18:15.7785146Z       "returncode": 0,
2026-09-28T19:18:15.7785417Z       "log_sha256": "d7d1aea77e9d0bc4c9eea1243b3c8778e3ea0295a6e766eeba60e8c10ba7db3f"
2026-09-28T19:18:15.7785716Z     }
2026-09-28T19:18:15.7785852Z   ],
2026-09-28T19:18:15.7786005Z   "reset_after_cycles": 40000,
2026-09-28T19:18:15.7786380Z   "reset_hold_cycles": 5,
2026-09-28T19:18:15.7786567Z   "clock_period_ns": 10,
2026-09-28T19:18:15.7786880Z   "evidence": "generated-Verilog simulation (Icarus), active-low reset during in-flight work",
2026-09-28T19:18:15.7787217Z   "source_sha256": {
2026-09-28T19:18:15.7787529Z     "bsv/SwayBaseline.bsv": "a5be30c1bbd2382383edd8dd56c9e193f91d4b04ec7b1915e75f3800e8cce60b",
2026-09-28T19:18:15.7788000Z     "bsv/SwayBlock.bsv": "eea28575bb9ef9220d0415e5661a4f5276c198b4251ea5d00dbf19c7c5bb69ce",
2026-09-28T19:18:15.7788446Z     "bsv/SwayClock.bsv": "0837c9f0c98e67e2b933a3d411342a05e4f15fd36f03ac44f297e871cc652c81",
2026-09-28T19:18:15.7789008Z     "bsv/SwayLinear.bsv": "9cde354738f486df6d34a25dc242780a459cd1fa8cfd961c9a17ab4002b8e200",
2026-09-28T19:18:15.7789510Z     "bsv/SwayMultiply.bsv": "47b3d0a36d4e50c7b75b2c8d8e484eff13d513f83a8373d50f4a34cf89a29be9",
2026-09-28T19:18:15.7790000Z     "bsv/SwayNorm.bsv": "e6d745634fea68b52e4a3e4cba195d83be1bcc57d57b05a11fd88b2bb440eb5f",
2026-09-28T19:18:15.7790459Z     "bsv/SwayScan.bsv": "2b9d1c22030869a1abffc3ad4fdbff8a468111fa17e136f21bae4c17ee0d275e",
2026-09-28T19:18:15.7790905Z     "bsv/SwayTypes.bsv": "5921edce99813d9c590c61496721d659a1a4b424bef837024518f2721ec67607",
2026-09-28T19:18:15.7791412Z     "generated/GeneratedTestConfig.bsv": "74aee8f80bda41ec1aef155a909cc21a1810e581b330e0dcd43f251e2c06ffa6",
2026-09-28T19:18:15.7791960Z     "generated/SwayParameters.bsv": "a57d31c5bcf3fd406bb099103995a6d6c276c981c2aad92c2d7099ec6f00328d",
2026-09-28T19:18:15.7792483Z     "generated/linear_rom/bank000.hex": "d0468693dd6c57928d8d518f789e14f49a97d5420a3b4b677fb7b986dc4eaa0d",
2026-09-28T19:18:15.7792996Z     "generated/linear_rom/bank001.hex": "95fbc5708f61f410cc83d3e9e1a0509dd2392989f91449260a753758e01b578b",
2026-09-28T19:18:15.7793650Z     "generated/linear_rom/bank002.hex": "d4e7fdedee24697aa5408b744d9b4db370f598a5ac1a81662fde5dd50db18782",
2026-09-28T19:18:15.7794174Z     "generated/linear_rom/bank003.hex": "bf62c7c73bdbb1e02ece9065521cdd5a327ec77498dcf60f7ffd377328309e28",
2026-09-28T19:18:15.7794695Z     "generated/linear_rom/bank004.hex": "069ac39fe120f7eccfb89e4ed1dc6a94fb3565fdfda765c512e8a8ae2770925f",
2026-09-28T19:18:15.7795213Z     "generated/linear_rom/bank005.hex": "f1bfc10824a0d55a1630f130f3d72b37f49ebde45f3d49c915e053ed46e72d23",
2026-09-28T19:18:15.7795724Z     "generated/linear_rom/bank006.hex": "3e98511cb6308d24a382f64f3c8458ccf797dffeb6a804373069e8e2f11f238e",
2026-09-28T19:18:15.7796396Z     "generated/linear_rom/bank007.hex": "add5c27e4bcf36bbf8892e56267d0600afb24d3273db0d0d28653e27b4f6f05f",
2026-09-28T19:18:15.7796926Z     "generated/linear_rom/bank008.hex": "b462510414b4609964f9c942ee38a04c6a2cbc1def0e6e6538550a8acc429c94",
2026-09-28T19:18:15.7797446Z     "generated/linear_rom/bank009.hex": "76d05ef8823d18d0d1a2ba22ca799433a323f44f676e4b020b6acd6f44073530",
2026-09-28T19:18:15.7797961Z     "generated/linear_rom/bank010.hex": "da9bb7105854b941ca6609092c4fda6d62bf157ac8bebb1ac42a98ad2be6aac9",
2026-09-28T19:18:15.7798471Z     "generated/linear_rom/bank011.hex": "41995f3b57b5c37aae4399199708e2f0634e384cdf0f07d6ded6092125507bc1",
2026-09-28T19:18:15.7799396Z     "generated/linear_rom/bank012.hex": "7c08f4aba52d147ff435cba8bc517ebf3a717ff45aacfe9a46966e8f636f61b6",
2026-09-28T19:18:15.7800157Z     "generated/linear_rom/bank013.hex": "81311c0f2c0bcf41ebbf0e8d7b81f93b5d64cf50510ef68e9106dc2f56907391",
2026-09-28T19:18:15.7800686Z     "generated/linear_rom/bank014.hex": "07e139ec3b82817d5afd7feb831e6330aec05ddca4e738430f144bd049abb3fb",
2026-09-28T19:18:15.7801203Z     "generated/linear_rom/bank015.hex": "006c728e22ee72d431a6ac295de5c99321094441e157a36a29c01e944427bdcf",
2026-09-28T19:18:15.7801730Z     "generated/linear_rom/bank016.hex": "e3b2ae310d1e4eca98d50ace38e21a7f2b780db91fc28749bf4da7c557777f05",
2026-09-28T19:18:15.7802253Z     "generated/linear_rom/bank017.hex": "d864d15566a61660d8e29a2c2d0fc603f32e91e0f9240a4af955b2ec964371ac",
2026-09-28T19:18:15.7802759Z     "generated/linear_rom/bank018.hex": "f48d19c250bc3e17c7ecd099b446c7f71e0e4d11997e9320690e5dc7d537b574",
2026-09-28T19:18:15.7803303Z     "generated/linear_rom/bank019.hex": "d1f8b740b2ad284e4dad061f9371c071358251231ee9bc01e4d22cf478d1b151",
2026-09-28T19:18:15.7803809Z     "generated/linear_rom/bank020.hex": "4900124fc8380c182689f14691e0be3384ab06bb13955141ccc1b6e0c5fdf05f",
2026-09-28T19:18:15.7804317Z     "generated/linear_rom/bank021.hex": "aad20d0ab187328d33b1e9ac4eee4fced8dbb8acfe969815d772e8aba86ac05d",
2026-09-28T19:18:15.7804834Z     "generated/linear_rom/bank022.hex": "db3f8a6b17292c486e05859e2b842fd06a4922f8b7f609672a9009a1bb152b33",
2026-09-28T19:18:15.7805495Z     "generated/linear_rom/bank023.hex": "f0cc206aef0ca6fecaa3ec76850515fc7d8450a8f92a78f46571f057c9d63199",
2026-09-28T19:18:15.7806034Z     "generated/linear_rom/bank024.hex": "db3f8a6b17292c486e05859e2b842fd06a4922f8b7f609672a9009a1bb152b33",
2026-09-28T19:18:15.7806703Z     "generated/linear_rom/bank025.hex": "f0cc206aef0ca6fecaa3ec76850515fc7d8450a8f92a78f46571f057c9d63199",
2026-09-28T19:18:15.7807224Z     "generated/linear_rom/bank026.hex": "2a00bed487b115d8cd7a16217487ae3d4e3def97ad18f15d9e42bbd891051286",
2026-09-28T19:18:15.7807742Z     "generated/linear_rom/bank027.hex": "2a00bed487b115d8cd7a16217487ae3d4e3def97ad18f15d9e42bbd891051286",
2026-09-28T19:18:15.7808252Z     "generated/linear_rom/bank028.hex": "a6212d63336db9814fee540f80392f401cc530e2eb0753b06bea834d034c92e7",
2026-09-28T19:18:15.7808770Z     "generated/linear_rom/bank029.hex": "4271c6c7bf974ed0a1fdcebc800edb9942d5c91c9394a64cc7b4a6b499c7ef08",
2026-09-28T19:18:15.7809289Z     "generated/linear_rom/bank030.hex": "3981dc6e301b047659146f63fb3637e848dfaef8fec77d393fb22515badb0067",
2026-09-28T19:18:15.7809800Z     "generated/linear_rom/bank031.hex": "ef589cb0566b42409c4457cc85dc296a9d6c5606b029bce8ff1e9caeff4e98e0",
2026-09-28T19:18:15.7810424Z     "generated/linear_rom/bank032.hex": "b310c95bd9b5b9285a1861b7e2c6ca563f38c708c87cd4885e524d802a88d99b",
2026-09-28T19:18:15.7810942Z     "generated/linear_rom/bank033.hex": "5fa4dbd1dcd83a369a3f5a8d5742ee00b9be9db605e2249cd57fcc51cf7a47cb",
2026-09-28T19:18:15.7811461Z     "generated/linear_rom/bank034.hex": "cc342ac8af4bca5726a7b7d765972277c330c01361acc3d9cae9e1482cbf7ebb",
2026-09-28T19:18:15.7811970Z     "generated/linear_rom/bank035.hex": "802f867b445ef1b094378db552b8e0051cad88ccf46836df97b32d8bb5c39b5a",
2026-09-28T19:18:15.7812492Z     "generated/linear_rom/bank036.hex": "60c2a75728ca7ed010eae01feb789a30fc4d4b0bcd9f1c4b82cec8bc7b9d0df9",
2026-09-28T19:18:15.7813005Z     "generated/linear_rom/bank037.hex": "5312f584d6be3d8a990a5c7506cc9e81a60aa177c7a4e30ff4ab94c9f06f0149",
2026-09-28T19:18:15.7813515Z     "generated/linear_rom/bank038.hex": "94835dbc65c0ac11aaa40554c460c9172c89f635f22b3c6a892955290cd116a7",
2026-09-28T19:18:15.7814159Z     "generated/linear_rom/bank039.hex": "89585f3ec295ab84f42c57884dd3418021e5a53eb7869efeea674b464cb13c7b",
2026-09-28T19:18:15.7814773Z     "generated/linear_rom/bank040.hex": "6e8244da7d59ce92073bf73416533be949b0238dadde9f6ce594444011d11ed7",
2026-09-28T19:18:15.7815471Z     "generated/linear_rom/bank041.hex": "72c40f1d02235c173a4b390c813958286c1da2e0adaec1b40d352326cebc4104",
2026-09-28T19:18:15.7816367Z     "generated/linear_rom/bank042.hex": "836dc993c79051b1318589a7f2e3b2b3adc196723efbbf8acaba039e6b70534a",
2026-09-28T19:18:15.7816996Z     "generated/linear_rom/bank043.hex": "52563fa44dc400399aa913a949eb52e5194995b636d537903201844ff4948738",
2026-09-28T19:18:15.7817640Z     "generated/linear_rom/bank044.hex": "222468fff6c4d02781f99539b313c9fabb52f0c809efceac9a664dd6c6983a42",
2026-09-28T19:18:15.7818372Z     "generated/linear_rom/bank045.hex": "daa7af4c5284c5bb9dba1ff786946696bb86c29806e4a98490a3a6bc3bb17895",
2026-09-28T19:18:15.7818989Z     "generated/linear_rom/bank046.hex": "4f8d6cf2c22c49cae3484a05b2017885458211e2e36f8100f17d6d9ac98368eb",
2026-09-28T19:18:15.7829741Z     "generated/linear_rom/bank047.hex": "b97a677d260699d7eef4309bb8b80a4b8d32e6d98b2280ba68e97859af7aaeea",
2026-09-28T19:18:15.7830318Z     "generated/linear_rom/bank048.hex": "11f582eda0f73cc3413a5b806a0e490800b6fa32d72739b1d664c0a1ea72d173",
2026-09-28T19:18:15.7830834Z     "generated/linear_rom/bank049.hex": "d03ebcbcc54e4ded9130fa5c179ec351a3db8948c547ea0ba568b8254b96f13f",
2026-09-28T19:18:15.7831344Z     "generated/linear_rom/bank050.hex": "1feb4a18ccaa792377f5a8b123372b055745c156461b4557d14a634bee462a38",
2026-09-28T19:18:15.7831847Z     "generated/linear_rom/bank051.hex": "e732ac7ffacfc6568427658c38c2163ea45224de47b2bbdac50523595c51b080",
2026-09-28T19:18:15.7832351Z     "generated/linear_rom/bank052.hex": "389d8678f7063da1b45e914817c016ff6794c48096b21c2402bee4efb80599c8",
2026-09-28T19:18:15.7833053Z     "generated/linear_rom/bank053.hex": "406782c8eedf5fa66b20289bbed13f1bec1d15a8d6870fa84e22861f895f2d86",
2026-09-28T19:18:15.7833572Z     "generated/linear_rom/bank054.hex": "2e46474cb378a7d3d0375c729bc3e4af24657cbe7c039104885a9a688b353637",
2026-09-28T19:18:15.7834073Z     "generated/linear_rom/bank055.hex": "dcde238005c34ba812e113093649ab745dcb54061f53e4e672eb3c1cc8b26a8f",
2026-09-28T19:18:15.7834584Z     "generated/linear_rom/bank056.hex": "fd4d9520d3059cbccc6a9e50bdf20f710ef859955b7df2e5be82b98547d3cdc9",
2026-09-28T19:18:15.7835098Z     "generated/linear_rom/bank057.hex": "485aa0bbf3eb8eb59096d8c47f8bf296d90fb3727703292741a54f9b5c69aeaf",
2026-09-28T19:18:15.7835609Z     "generated/linear_rom/bank058.hex": "2144fe9fe0fa5b0d88c37d2d6a18a6275adae7dacbd7791c1c4ed7e63f5b0e63",
2026-09-28T19:18:15.7836155Z     "generated/linear_rom/bank059.hex": "a75f2dee2a9af8196422aa0cc6aeb26d1632bcfc7ed0403bb7a0e463b1f1a82b",
2026-09-28T19:18:15.7836871Z     "generated/linear_rom/bank060.hex": "94c944f9ccbfb1943df1adbc42b812cfb21e171603b2171f40a791f881a5d0ba",
2026-09-28T19:18:15.7837396Z     "generated/linear_rom/bank061.hex": "09ebf484e3cc3aab912a063fc2216f349c3bacf85cf76fcb31fd729e330aa5f0",
2026-09-28T19:18:15.7838031Z     "generated/linear_rom/bank062.hex": "885b073a3a786046a78b5ed6a955dac71957d5d3e844ba003804fd1839c05850",
2026-09-28T19:18:15.7838537Z     "generated/linear_rom/bank063.hex": "b384259fefad0b04a678932d2586c5f08ecde992c737be568b682c608d14fe87",
2026-09-28T19:18:15.7839038Z     "generated/linear_rom/bank064.hex": "25c41e14e75e823b482eefb0c07d5d77b2fd7bce5667f48e740140cb982ddcf6",
2026-09-28T19:18:15.7839543Z     "generated/linear_rom/bank065.hex": "56a18311ef21b0ea0aca91a7bf1303b948dab4843a21dbb9075d051e5b77147c",
2026-09-28T19:18:15.7840047Z     "generated/linear_rom/bank066.hex": "cb71c82ba15604199d75aaf63cf32ae0f70d0513f59a72ac2ee6cfd7449b4885",
2026-09-28T19:18:15.7840553Z     "generated/linear_rom/bank067.hex": "2a77094317672c57cf81946eee5239f1f7d1f0c30cc942aced87f982ccc1de18",
2026-09-28T19:18:15.7841060Z     "generated/linear_rom/bank068.hex": "4c9b34a45f161910703e8c6722ce3eb17047f644833d47eb39edb04fb7c93618",
2026-09-28T19:18:15.7841595Z     "generated/linear_rom/bank069.hex": "155e3baa3fb552bf29e6b7f3d1f1c02f9678ca5f410fcf85f749d9e791a01b01",
2026-09-28T19:18:15.7842122Z     "generated/linear_rom/bank070.hex": "72f808b43b75c6c5dcb5098fe2a650ae3f3575358c3a330f7876baebd36402af",
2026-09-28T19:18:15.7842625Z     "generated/linear_rom/bank071.hex": "e7316ca56d611a5d2ae964946f8ea561900f996b35339766460850076ec09b1c",
2026-09-28T19:18:15.7843124Z     "generated/linear_rom/bank072.hex": "1b17834571dea90f0412ce7a80a67fac670712bb7261fbbcbf32728b7154a08a",
2026-09-28T19:18:15.7843621Z     "generated/linear_rom/bank073.hex": "e7316ca56d611a5d2ae964946f8ea561900f996b35339766460850076ec09b1c",
2026-09-28T19:18:15.7844114Z     "generated/linear_rom/bank074.hex": "1b17834571dea90f0412ce7a80a67fac670712bb7261fbbcbf32728b7154a08a",
2026-09-28T19:18:15.7844621Z     "generated/linear_rom/bank075.hex": "2a00bed487b115d8cd7a16217487ae3d4e3def97ad18f15d9e42bbd891051286",
2026-09-28T19:18:15.7845131Z     "generated/linear_rom/bank076.hex": "2a00bed487b115d8cd7a16217487ae3d4e3def97ad18f15d9e42bbd891051286",
2026-09-28T19:18:15.7845636Z     "generated/linear_rom/bank077.hex": "a1fddda3605e9632a3b5819bd783285f78b54d706d52cf2d3290812aa0035e65",
2026-09-28T19:18:15.7846151Z     "generated/linear_rom/bank078.hex": "9aeaab13eb0b5dc3d7898c58f89b2df5fa7ebc01d70e65d7ea90dd5b54edcddd",
2026-09-28T19:18:15.7846862Z     "generated/linear_rom/bank079.hex": "153ab8bf480c05e529f5b07335e2b90661c8ab9aef93402b4dd64ed9fd0d6848",
2026-09-28T19:18:15.7847396Z     "generated/linear_rom/bank080.hex": "c72aaec677aaec60c159872cc85357cda7756dc1d5d832f567cb684fd4e0e18e",
2026-09-28T19:18:15.7847911Z     "generated/linear_rom/bank081.hex": "1b135178c807c25e28e24d5a0db9e2e58a2e7987174e06e88bfbfb1764ab1f72",
2026-09-28T19:18:15.7848421Z     "generated/linear_rom/bank082.hex": "734ea2b4ac187f31c27f368a656ad8a2ba8b98d940988ac8cd644075c759400f",
2026-09-28T19:18:15.7849042Z     "generated/linear_rom/bank083.hex": "8e078a6d810b55b2a189f2667489ae2e09f319a57d1c0a6a05b1a9c9d1675971",
2026-09-28T19:18:15.7849567Z     "generated/linear_rom/bank084.hex": "412c345de5b17f0e8e98de099df94329ca43ac757c4b877b5df8c8e39885874d",
2026-09-28T19:18:15.7850072Z     "generated/linear_rom/bank085.hex": "e11b96a1b844d94b812b624d0eefed4f7b596a326911f8e291f03101bc0804d1",
2026-09-28T19:18:15.7850574Z     "generated/linear_rom/bank086.hex": "9dcaed41f52b5e691f42905ab15d69436e419159509792c1b7b5c48b49275c2f",
2026-09-28T19:18:15.7851077Z     "generated/linear_rom/bank087.hex": "d99a1aae53b9e0784086570640755fbada5d394b470da99c200ddc81f0663cf2",
2026-09-28T19:18:15.7851576Z     "generated/linear_rom/bank088.hex": "706cdf92f006eb769c424c8905813dca18d550ea294c7a48d4187b8a975ddcef",
2026-09-28T19:18:15.7852077Z     "generated/linear_rom/bank089.hex": "7d3e691de3e854567b602d9654c3c42574ca229b8a5acf6fdf25e2ae2232c061",
2026-09-28T19:18:15.7852593Z     "generated/linear_rom/bank090.hex": "64a2d56afbdc8bdf5ae1e7bd3dcff0c4a01a66b6acd796e28fb9f1640e07092c",
2026-09-28T19:18:15.7853111Z     "generated/linear_rom/bank091.hex": "9080ed6e4f557248c16f7d95ea606b77fee2e96b4f4115ecfc2c5fe226e12759",
2026-09-28T19:18:15.7853723Z     "generated/linear_rom/bank092.hex": "138805f24b37b0d8d13675215751f4bf78d9fdfa1fea639103f5f86d9d0f147d",
2026-09-28T19:18:15.7854223Z     "generated/linear_rom/bank093.hex": "020e4417021a6923c130c2aaed726c34792dae97f5f3ca27242eb5fd7dcf139b",
2026-09-28T19:18:15.7854727Z     "generated/linear_rom/bank094.hex": "31b2af35cd85fe9513d688721774b27a278ce37378d8f1990b5a4ec4291e0a7d",
2026-09-28T19:18:15.7855228Z     "generated/linear_rom/bank095.hex": "3dd0b582ffb50235e1a4ae86a23c6083785d8596df3921cf5699e7d38b6f0fb5",
2026-09-28T19:18:15.7855739Z     "generated/linear_rom/bank096.hex": "a5226dfedd470d78a90e5ed6516df08ff9a73d0acde75a2446a777a994e9dd02",
2026-09-28T19:18:15.7856404Z     "generated/linear_rom/bank097.hex": "acde26890a168beabc7eb5b427d49c15cb374e95ce3b1ad4f3a53e4611f4a38e",
2026-09-28T19:18:15.7856929Z     "generated/linear_rom/bank098.hex": "09400e6a9dd6a04159dbeda5092568a30cd42dac7e26174fca7721b2159ce3da",
2026-09-28T19:18:15.7857435Z     "generated/linear_rom/bank099.hex": "4360d9483903ebc165ebc2603555b6dd2274bfb86f8b8d4850730ff97eef209a",
2026-09-28T19:18:15.7857943Z     "generated/linear_rom/bank100.hex": "6a91f844ab33ee190ba2c9d26f4ed6ebc5e673a88aa84b3ae8e71ff9dbe4d5b7",
2026-09-28T19:18:15.7858458Z     "generated/linear_rom/bank101.hex": "ce8369a6606382ed3fb5b1426fa6b300a021a20cda43fee474a00b001f346dc0",
2026-09-28T19:18:15.7858961Z     "generated/linear_rom/bank102.hex": "85cb40943bb722a126a682d08e6b4637569dce59bc1a94df4cda6c1d2cc6e5c5",
2026-09-28T19:18:15.7859464Z     "generated/linear_rom/bank103.hex": "fa4f89692dde83c092b1cab1754c0851961fce7b604dd4250bb49b6b734c89d2",
2026-09-28T19:18:15.7859968Z     "generated/linear_rom/bank104.hex": "66a5d317a5c23c5cd28a90e9d54c5becb68c24e851c79c541c6d9b8366d148fd",
2026-09-28T19:18:15.7860477Z     "generated/linear_rom/bank105.hex": "a7c84972ec443d3e210abc209e7103c028f0006cd729f60e82a3daf7b12757bd",
2026-09-28T19:18:15.7860976Z     "generated/linear_rom/bank106.hex": "162ba567595371122db221d54512f499dcd18655a5f361b6a15b2e821361381b",
2026-09-28T19:18:15.7861477Z     "generated/linear_rom/bank107.hex": "863d7e0310f3e5d2b2069b8c5a5e3449551cf1a4c8d9b4ef695af808163058ce",
2026-09-28T19:18:15.7861984Z     "generated/linear_rom/bank108.hex": "ee0fca6144ea4a9a954dc0e277ee44676636505d5a1da58d244ab7ec719ef08a",
2026-09-28T19:18:15.7862493Z     "generated/linear_rom/bank109.hex": "9505fbcdb27370172651cf0c0e7c0f06b6de4efd22f486044c18a9c0b3f17daa",
2026-09-28T19:18:15.7863002Z     "generated/linear_rom/bank110.hex": "91c09f964f214ce950d7803686a155a2e136fdb5c3d2d487ba6a906d3a80e974",
2026-09-28T19:18:15.7863509Z     "generated/linear_rom/bank111.hex": "4fbcb1f2cddc67e2990ae244b4db542db2611c099e3cda83d49c7201e1259196",
2026-09-28T19:18:15.7864024Z     "generated/linear_rom/bank112.hex": "ea5ec338c84612fb5b0d1a6a4c0ff4f17acf5c58542f5587ecf6e1849e616045",
2026-09-28T19:18:15.7864659Z     "generated/linear_rom/bank113.hex": "aacb32ffcea1c804e3b30045df8b88feeda6128240d5b1de21f91dee2bda93a7",
2026-09-28T19:18:15.7865194Z     "generated/linear_rom/bank114.hex": "b713eb4614368b28e117ec5c8bdc1ffd1cb990255be497fe2f924526816b89d3",
2026-09-28T19:18:15.7865705Z     "generated/linear_rom/bank115.hex": "2a772fd8596a6df82a8ed107ed63d60b1476f1bb5cb0ae51c30557827ee440cf",
2026-09-28T19:18:15.7866345Z     "generated/linear_rom/bank116.hex": "9a302701679ada8437d61639b89c664bf2bfeb5e19c4f057550e4e5d61966b0b",
2026-09-28T19:18:15.7866850Z     "generated/linear_rom/bank117.hex": "728c5c6983475fef32379a1663fd0ab4a4ac9176dc4fe3aaf4863185f269876f",
2026-09-28T19:18:15.7867356Z     "generated/linear_rom/bank118.hex": "b500a68eb55a37dca42b811ef8388d1e8dcd1c85cc166047d7521ecf80513926",
2026-09-28T19:18:15.7867862Z     "generated/test_expected.hex": "f47029ab9b036f15f2eda3ee53451d524d54b4c35df49d6737513d8362e15158",
2026-09-28T19:18:15.7868360Z     "generated/test_input.hex": "0d4c15face2920f62ebfd43363ed027e36943abd3377d2fd234eacbebc7fe59a",
2026-09-28T19:18:15.7868874Z     "reference/check_refactor.py": "95632df2fcabbac0f9459096e4f69b7453198f49cb6d770fa79ce4f6a0199169",
2026-09-28T19:18:15.7869480Z     "reference/check_sim.py": "bc4afcf865ade4878f69a0d27f3a1da347ea31d226983370ca1a76152638df36",
2026-09-28T19:18:15.7869984Z     "reference/check_warm_reset.py": "acf756f361a5bbe6b9ee74f6f05fc275a135a20b2086c19f1af0e8a52073471c",
2026-09-28T19:18:15.7870467Z     "rtl/BRAM1Load.v": "9f0ea8d784d9865b4c6c5a97ff20f1689c5b963072a98b9c975870d903091fa4",
2026-09-28T19:18:15.7870930Z     "rtl/sway_mult18x18d.v": "5e7a8be0f9cfce25f7b9546140fae909a09b2c7f0cb90fb6d27f5800a146ad30",
2026-09-28T19:18:15.7871394Z     "sim/TbSway.bsv": "8bc228c8fcb5933c40c19bdd70e7ae2dd8411d80c6ba1c2d0fd3d75f3a98c1d5",
2026-09-28T19:18:15.7871852Z     "sim/TbSwayKernel.bsv": "d2876467c1191ff993170eec4a9e2ffa3b46fab900728c097fcfb063bfe3603e"
2026-09-28T19:18:15.7872187Z   },
2026-09-28T19:18:15.7872333Z   "tools": {
2026-09-28T19:18:15.7872544Z     "bsc": "/home/runner/work/_temp/sway-tools/bsc/bin/bsc",
2026-09-28T19:18:15.7872796Z     "iverilog": "/usr/bin/iverilog",
2026-09-28T19:18:15.7873004Z     "vvp": "/usr/bin/vvp",
2026-09-28T19:18:15.7873183Z     "ivl_dir": null,
2026-09-28T19:18:15.7873780Z     "bsc_version": "Bluespec Compiler, version 2026.01 (build 9bd39e6f)\nThis is free software; for source code and copying conditions, see\nhttps://github.com/B-Lang-org/bsc\n\nInvoking command line:\nbsc -v",
2026-09-28T19:18:15.7874388Z     "bsc_version_returncode": 0,
2026-09-28T19:18:15.7882501Z     "iverilog_version": "Icarus Verilog version 12.0 (stable) ()\n\nCopyright (c) 2000-2021 Stephen Williams (steve@icarus.com)\n\n  This program is free software; you can redistribute it and/or modify\n  it under the terms of the GNU General Public License as published by\n  the Free Software Foundation; either version 2 of the License, or\n  (at your option) any later version.\n\n  This program is distributed in the hope that it will be useful,\n  but WITHOUT ANY WARRANTY; without even the implied warranty of\n  MERCHANTABILITY or FITNESS FOR A PARTICULAR PURPOSE.  See the\n  GNU General Public License for more details.\n\n  You should have received a copy of the GNU General Public License along\n  with this program; if not, write to the Free Software Foundation, Inc.,\n  51 Franklin Street, Fifth Floor, Boston, MA 02110-1301, USA.\n\nIcarus Verilog Preprocessor version 12.0 (stable) ()\n\nCopyright (c) 1999-2021 Stephen Williams (steve@icarus.com)\n\n  This program is free software; you can redistribute it and/or modify\n  it under the terms of the GNU General Public License as published by\n  the Free Software Foundation; either version 2 of the License, or\n  (at your option) any later version.\n\n  This program is distributed in the hope that it will be useful,\n  but WITHOUT ANY WARRANTY; without even the implied warranty of\n  MERCHANTABILITY or FITNESS FOR A PARTICULAR PURPOSE.  See the\n  GNU General Public License for more details.\n\n  You should have received a copy of the GNU General Public License along\n  with this program; if not, write to the Free Software Foundation, Inc.,\n  51 Franklin Street, Fifth Floor, Boston, MA 02110-1301, USA.\n\nIcarus Verilog Parser/Elaborator version 12.0 (stable) ()\n\nCopyright (c) 1998-2021 Stephen Williams (steve@icarus.com)\n\n  This program is free software; you can redistribute it and/or modify\n  it under the terms of the GNU General Public License as published by\n  the Free Software Foundation; either version 2 of the License, or\n  (at your option) any later version.\n\n  This program is distributed in the hope that it will be useful,\n  but WITHOUT ANY WARRANTY; without even the implied warranty of\n  MERCHANTABILITY or FITNESS FOR A PARTICULAR PURPOSE.  See the\n  GNU General Public License for more details.\n\n  You should have received a copy of the GNU General Public License along\n  with this program; if not, write to the Free Software Foundation, Inc.,\n  51 Franklin Street, Fifth Floor, Boston, MA 02110-1301, USA.\n\n FLAGS DLL vvp.tgt\nvvp.tgt: Icarus Verilog VVP Code Generator 12.0 (stable) ()\n\nCopyright (c) 2001-2021 Stephen Williams (steve@icarus.com)\n\n  This program is free software; you can redistribute it and/or modify\n  it under the terms of the GNU General Public License as published by\n  the Free Software Foundation; either version 2 of the License, or\n  (at your option) any later version.\n\n  This program is distributed in the hope that it will be useful,\n  but WITHOUT ANY WARRANTY; without even the implied warranty of\n  MERCHANTABILITY or FITNESS FOR A PARTICULAR PURPOSE.  See the\n  GNU General Public License for more details.\n\n  You should have received a copy of the GNU General Public License along\n  with this program; if not, write to the Free Software Foundation, Inc.,\n  51 Franklin Street, Fifth Floor, Boston, MA 02110-1301, USA.",
2026-09-28T19:18:15.7890733Z     "iverilog_version_returncode": 0,
2026-09-28T19:18:15.7892826Z     "vvp_version": "Icarus Verilog runtime version 12.0 (stable) ()\n\nCopyright (c) 2001-2021 Stephen Williams (steve@icarus.com)\n\n  This program is free software; you can redistribute it and/or modify\n  it under the terms of the GNU General Public License as published by\n  the Free Software Foundation; either version 2 of the License, or\n  (at your option) any later version.\n\n  This program is distributed in the hope that it will be useful,\n  but WITHOUT ANY WARRANTY; without even the implied warranty of\n  MERCHANTABILITY or FITNESS FOR A PARTICULAR PURPOSE.  See the\n  GNU General Public License for more details.\n\n  You should have received a copy of the GNU General Public License along\n  with this program; if not, write to the Free Software Foundation, Inc.,\n  51 Franklin Street, Fifth Floor, Boston, MA 02110-1301, USA.",
2026-09-28T19:18:15.7894856Z     "vvp_version_returncode": 0
2026-09-28T19:18:15.7895042Z   },
2026-09-28T19:18:15.7895304Z   "wrapper_sha256": "5d023783d531f8c7f071b564d4e081912171b75d5fd870ed9b19d421f704c03f",
2026-09-28T19:18:15.7895632Z   "compiler_warnings": [
2026-09-28T19:18:15.7895856Z     "Warning: \"Prelude.bs\", line 1335, column 9: (G0024)",
2026-09-28T19:18:15.7896143Z     "Warning: \"Prelude.bs\", line 1335, column 9: (G0024)",
2026-09-28T19:18:15.7896603Z     "Warning: \"Prelude.bs\", line 586, column 27: (G0024)",
2026-09-28T19:18:15.7896879Z     "Warning: \"Prelude.bs\", line 2862, column 0: (G0024)"
2026-09-28T19:18:15.7897108Z   ],
2026-09-28T19:18:15.7897252Z   "before_reset": {
2026-09-28T19:18:15.7897426Z     "input_words_accepted": 1312,
2026-09-28T19:18:15.7897626Z     "outputs_received": 57,
2026-09-28T19:18:15.7897801Z     "cycle": 40000,
2026-09-28T19:18:15.7897966Z     "in_flight_work_confirmed": true
2026-09-28T19:18:15.7898156Z   },
2026-09-28T19:18:15.7898295Z   "post_reset": {
2026-09-28T19:18:15.7898451Z     "status": "pass",
2026-09-28T19:18:15.7898658Z     "evidence": "generated-Verilog simulation (Icarus)",
2026-09-28T19:18:15.7898894Z     "frames_checked": 14,
2026-09-28T19:18:15.7899084Z     "scalar_outputs_checked": 798,
2026-09-28T19:18:15.7899471Z     "input_words": 4480,
2026-09-28T19:18:15.7899655Z     "finish_cycle": 288406,
2026-09-28T19:18:15.7899849Z     "post_completion_drain_cycles": 2048,
2026-09-28T19:18:15.7900071Z     "source_bubbles": "none inserted",
2026-09-28T19:18:15.7900278Z     "sink_stalls": "none inserted",
2026-09-28T19:18:15.7900628Z     "timing_scope": "kernel interface cycles; excludes UART, physical timing and post-completion drain",
2026-09-28T19:18:15.7900999Z     "output_frame_start_intervals_cycles": [
2026-09-28T19:18:15.7901205Z       19232,
2026-09-28T19:18:15.7901344Z       19232,
2026-09-28T19:18:15.7901482Z       19232,
2026-09-28T19:18:15.7901624Z       19232,
2026-09-28T19:18:15.7901760Z       19232,
2026-09-28T19:18:15.7901895Z       19232,
2026-09-28T19:18:15.7902033Z       19232,
2026-09-28T19:18:15.7902169Z       19232,
2026-09-28T19:18:15.7902304Z       19232,
2026-09-28T19:18:15.7902441Z       19232,
2026-09-28T19:18:15.7902576Z       19232,
2026-09-28T19:18:15.7902717Z       19232,
2026-09-28T19:18:15.7902854Z       19232
2026-09-28T19:18:15.7903100Z     ],
2026-09-28T19:18:15.7903287Z     "repeated_frame_pairs_checked": [
2026-09-28T19:18:15.7903486Z       [
2026-09-28T19:18:15.7903624Z         0,
2026-09-28T19:18:15.7903761Z         12
2026-09-28T19:18:15.7903894Z       ],
2026-09-28T19:18:15.7904031Z       [
2026-09-28T19:18:15.7904163Z         0,
2026-09-28T19:18:15.7904297Z         13
2026-09-28T19:18:15.7904437Z       ]
2026-09-28T19:18:15.7904572Z     ],
2026-09-28T19:18:15.7904838Z     "input_sha256": "0d4c15face2920f62ebfd43363ed027e36943abd3377d2fd234eacbebc7fe59a",
2026-09-28T19:18:15.7905297Z     "expected_sha256": "f47029ab9b036f15f2eda3ee53451d524d54b4c35df49d6737513d8362e15158",
2026-09-28T19:18:15.7905718Z     "log_sha256": "8c05878b41140f18b7f3da8ee549c069db536b57459e765650397ecde45fce41",
2026-09-28T19:18:15.7906014Z     "frames": [
2026-09-28T19:18:15.7906296Z       {
2026-09-28T19:18:15.7906465Z         "frame": 0,
2026-09-28T19:18:15.7906638Z         "input_first_cycle": 0,
2026-09-28T19:18:15.7906833Z         "input_last_cycle": 319,
2026-09-28T19:18:15.7907038Z         "output_first_cycle": 36285,
2026-09-28T19:18:15.7907239Z         "output_last_cycle": 36341,
2026-09-28T19:18:15.7907455Z         "first_input_to_last_output_cycles": 36341
2026-09-28T19:18:15.7907668Z       },
2026-09-28T19:18:15.7907805Z       {
2026-09-28T19:18:15.7907944Z         "frame": 1,
2026-09-28T19:18:15.7908104Z         "input_first_cycle": 320,
2026-09-28T19:18:15.7908293Z         "input_last_cycle": 639,
2026-09-28T19:18:15.7908480Z         "output_first_cycle": 55517,
2026-09-28T19:18:15.7908675Z         "output_last_cycle": 55573,
2026-09-28T19:18:15.7908880Z         "first_input_to_last_output_cycles": 55253
2026-09-28T19:18:15.7909090Z       },
2026-09-28T19:18:15.7909224Z       {
2026-09-28T19:18:15.7909359Z         "frame": 2,
2026-09-28T19:18:15.7909516Z         "input_first_cycle": 640,
2026-09-28T19:18:15.7909708Z         "input_last_cycle": 13422,
2026-09-28T19:18:15.7909907Z         "output_first_cycle": 74749,
2026-09-28T19:18:15.7910103Z         "output_last_cycle": 74805,
2026-09-28T19:18:15.7910303Z         "first_input_to_last_output_cycles": 74165
2026-09-28T19:18:15.7910509Z       },
2026-09-28T19:18:15.7910651Z       {
2026-09-28T19:18:15.7910794Z         "frame": 3,
2026-09-28T19:18:15.7910968Z         "input_first_cycle": 13423,
2026-09-28T19:18:15.7911169Z         "input_last_cycle": 32654,
2026-09-28T19:18:15.7911367Z         "output_first_cycle": 93981,
2026-09-28T19:18:15.7911561Z         "output_last_cycle": 94037,
2026-09-28T19:18:15.7911778Z         "first_input_to_last_output_cycles": 80614
2026-09-28T19:18:15.7911993Z       },
2026-09-28T19:18:15.7912131Z       {
2026-09-28T19:18:15.7912268Z         "frame": 4,
2026-09-28T19:18:15.7912429Z         "input_first_cycle": 32655,
2026-09-28T19:18:15.7912618Z         "input_last_cycle": 51886,
2026-09-28T19:18:15.7912812Z         "output_first_cycle": 113213,
2026-09-28T19:18:15.7913141Z         "output_last_cycle": 113269,
2026-09-28T19:18:15.7913356Z         "first_input_to_last_output_cycles": 80614
2026-09-28T19:18:15.7913565Z       },
2026-09-28T19:18:15.7913699Z       {
2026-09-28T19:18:15.7913834Z         "frame": 5,
2026-09-28T19:18:15.7913992Z         "input_first_cycle": 51887,
2026-09-28T19:18:15.7914181Z         "input_last_cycle": 71118,
2026-09-28T19:18:15.7914368Z         "output_first_cycle": 132445,
2026-09-28T19:18:15.7914561Z         "output_last_cycle": 132501,
2026-09-28T19:18:15.7914764Z         "first_input_to_last_output_cycles": 80614
2026-09-28T19:18:15.7914965Z       },
2026-09-28T19:18:15.7915102Z       {
2026-09-28T19:18:15.7915235Z         "frame": 6,
2026-09-28T19:18:15.7915391Z         "input_first_cycle": 71119,
2026-09-28T19:18:15.7915576Z         "input_last_cycle": 90350,
2026-09-28T19:18:15.7915762Z         "output_first_cycle": 151677,
2026-09-28T19:18:15.7915956Z         "output_last_cycle": 151733,
2026-09-28T19:18:15.7916331Z         "first_input_to_last_output_cycles": 80614
2026-09-28T19:18:15.7916543Z       },
2026-09-28T19:18:15.7916788Z       {
2026-09-28T19:18:15.7916924Z         "frame": 7,
2026-09-28T19:18:15.7917084Z         "input_first_cycle": 90351,
2026-09-28T19:18:15.7917269Z         "input_last_cycle": 109582,
2026-09-28T19:18:15.7917463Z         "output_first_cycle": 170909,
2026-09-28T19:18:15.7917655Z         "output_last_cycle": 170965,
2026-09-28T19:18:15.7917856Z         "first_input_to_last_output_cycles": 80614
2026-09-28T19:18:15.7918054Z       },
2026-09-28T19:18:15.7918186Z       {
2026-09-28T19:18:15.7918321Z         "frame": 8,
2026-09-28T19:18:15.7918477Z         "input_first_cycle": 109583,
2026-09-28T19:18:15.7918665Z         "input_last_cycle": 128814,
2026-09-28T19:18:15.7918851Z         "output_first_cycle": 190141,
2026-09-28T19:18:15.7919040Z         "output_last_cycle": 190197,
2026-09-28T19:18:15.7919243Z         "first_input_to_last_output_cycles": 80614
2026-09-28T19:18:15.7919449Z       },
2026-09-28T19:18:15.7919581Z       {
2026-09-28T19:18:15.7919722Z         "frame": 9,
2026-09-28T19:18:15.7919885Z         "input_first_cycle": 128815,
2026-09-28T19:18:15.7920074Z         "input_last_cycle": 148046,
2026-09-28T19:18:15.7920261Z         "output_first_cycle": 209373,
2026-09-28T19:18:15.7920456Z         "output_last_cycle": 209429,
2026-09-28T19:18:15.7920659Z         "first_input_to_last_output_cycles": 80614
2026-09-28T19:18:15.7920873Z       },
2026-09-28T19:18:15.7921005Z       {
2026-09-28T19:18:15.7921143Z         "frame": 10,
2026-09-28T19:18:15.7921313Z         "input_first_cycle": 148047,
2026-09-28T19:18:15.7921503Z         "input_last_cycle": 167278,
2026-09-28T19:18:15.7921691Z         "output_first_cycle": 228605,
2026-09-28T19:18:15.7921903Z         "output_last_cycle": 228661,
2026-09-28T19:18:15.7922124Z         "first_input_to_last_output_cycles": 80614
2026-09-28T19:18:15.7922339Z       },
2026-09-28T19:18:15.7922479Z       {
2026-09-28T19:18:15.7922626Z         "frame": 11,
2026-09-28T19:18:15.7922799Z         "input_first_cycle": 167279,
2026-09-28T19:18:15.7922996Z         "input_last_cycle": 186510,
2026-09-28T19:18:15.7923204Z         "output_first_cycle": 247837,
2026-09-28T19:18:15.7923425Z         "output_last_cycle": 247893,
2026-09-28T19:18:15.7923634Z         "first_input_to_last_output_cycles": 80614
2026-09-28T19:18:15.7923838Z       },
2026-09-28T19:18:15.7923973Z       {
2026-09-28T19:18:15.7924112Z         "frame": 12,
2026-09-28T19:18:15.7924273Z         "input_first_cycle": 186511,
2026-09-28T19:18:15.7924461Z         "input_last_cycle": 205742,
2026-09-28T19:18:15.7924654Z         "output_first_cycle": 267069,
2026-09-28T19:18:15.7924846Z         "output_last_cycle": 267125,
2026-09-28T19:18:15.7925050Z         "first_input_to_last_output_cycles": 80614
2026-09-28T19:18:15.7925280Z       },
2026-09-28T19:18:15.7925424Z       {
2026-09-28T19:18:15.7925560Z         "frame": 13,
2026-09-28T19:18:15.7925724Z         "input_first_cycle": 205743,
2026-09-28T19:18:15.7925915Z         "input_last_cycle": 224974,
2026-09-28T19:18:15.7926376Z         "output_first_cycle": 286301,
2026-09-28T19:18:15.7926592Z         "output_last_cycle": 286357,
2026-09-28T19:18:15.7926800Z         "first_input_to_last_output_cycles": 80614
2026-09-28T19:18:15.7927000Z       }
2026-09-28T19:18:15.7927139Z     ]
2026-09-28T19:18:15.7927293Z   },
2026-09-28T19:18:15.7927446Z   "source_unchanged": true
2026-09-28T19:18:15.7927623Z }
2026-09-28T19:18:15.7989989Z ##[group]Run actions/upload-artifact@ea165f8d65b6e75b540449e92b4886f43607fa02
2026-09-28T19:18:15.7990318Z with:
2026-09-28T19:18:15.7990615Z   name: baseline-functional-divisor-4-7b0a3df41e864138489a43a97fb92233844b4c19
2026-09-28T19:18:15.7990992Z   path: /home/runner/work/_temp/sway-verification/
2026-09-28T19:18:15.7991248Z   if-no-files-found: warn
2026-09-28T19:18:15.7991436Z   compression-level: 6
2026-09-28T19:18:15.7991612Z   overwrite: false
2026-09-28T19:18:15.7991791Z   include-hidden-files: false
2026-09-28T19:18:15.7991983Z ##[endgroup]
2026-09-28T19:18:15.9506301Z (node:2965) [DEP0040] DeprecationWarning: The `punycode` module is deprecated. Please use a userland alternative instead.
2026-09-28T19:18:15.9507777Z (Use `node --trace-deprecation ...` to show where the warning was created)
2026-09-28T19:18:15.9905558Z With the provided path, there will be 191 files uploaded
2026-09-28T19:18:15.9906418Z Artifact name is valid!
2026-09-28T19:18:15.9906809Z Root directory input is valid!
2026-09-28T19:18:16.3279210Z Beginning upload of artifact content to blob storage
2026-09-28T19:18:16.6784100Z (node:2965) [DEP0169] DeprecationWarning: `url.parse()` behavior is not standardized and prone to errors that have security implications. Use the WHATWG URL API instead. CVEs are not issued for `url.parse()` vulnerabilities.
2026-09-28T19:18:17.3554514Z Uploaded bytes 2952122
2026-09-28T19:18:17.4182320Z Finished uploading artifact content to blob storage!
2026-09-28T19:18:17.4183376Z SHA256 digest of uploaded artifact zip is cff10c5d152b088efafce36f64d2da5a0d4e4e70a7ba01a23f7f60466eabc968
2026-09-28T19:18:17.4184187Z Finalizing artifact upload
2026-09-28T19:18:17.7156401Z Artifact baseline-functional-divisor-4-7b0a3df41e864138489a43a97fb92233844b4c19.zip successfully finalized. Artifact ID 10992235348
2026-09-28T19:18:17.7157927Z Artifact baseline-functional-divisor-4-7b0a3df41e864138489a43a97fb92233844b4c19 has been successfully uploaded! Final size is 2952122 bytes. Artifact ID is 10992235348
2026-09-28T19:18:17.7162383Z Artifact download URL: https://github.com/SeMinLim/sway/actions/runs/36469410630/artifacts/10992235348
2026-09-28T19:18:17.7344318Z Post job cleanup.
2026-09-28T19:18:17.8072232Z [command]/usr/bin/git version
2026-09-28T19:18:17.8110286Z git version 2.55.0
2026-09-28T19:18:17.8140666Z Temporarily overriding HOME='/home/runner/work/_temp/5609ff2c-ab24-49d1-8f92-b39af509a8f4' before making global git config changes
2026-09-28T19:18:17.8141930Z Adding repository directory to the temporary git global config as a safe directory
2026-09-28T19:18:17.8145662Z [command]/usr/bin/git config --global --add safe.directory /home/runner/work/sway/sway
2026-09-28T19:18:17.8182411Z [command]/usr/bin/git config --local --name-only --get-regexp core\.sshCommand
2026-09-28T19:18:17.8215375Z [command]/usr/bin/git submodule foreach --recursive sh -c "git config --local --name-only --get-regexp 'core\.sshCommand' && git config --local --unset-all 'core.sshCommand' || :"
2026-09-28T19:18:17.8441765Z [command]/usr/bin/git config --local --name-only --get-regexp http\.https\:\/\/github\.com\/\.extraheader
2026-09-28T19:18:17.8473290Z [command]/usr/bin/git submodule foreach --recursive sh -c "git config --local --name-only --get-regexp 'http\.https\:\/\/github\.com\/\.extraheader' && git config --local --unset-all 'http.https://github.com/.extraheader' || :"
2026-09-28T19:18:17.8705331Z [command]/usr/bin/git config --local --name-only --get-regexp ^includeIf\.gitdir:
2026-09-28T19:18:17.8742222Z [command]/usr/bin/git submodule foreach --recursive git config --local --show-origin --name-only --get-regexp remote.origin.url
2026-09-28T19:18:17.9079970Z Cleaning up orphan processes
2026-09-28T19:18:17.9347253Z ##[warning]Node.js 20 is deprecated. The following actions target Node.js 20 but are being forced to run on Node.js 24: actions/checkout@11d5960a326750d5838078e36cf38b85af677262, actions/upload-artifact@ea165f8d65b6e75b540449e92b4886f43607fa02. For more information see: https://github.blog/changelog/2025-09-19-deprecation-of-node-20-on-github-actions-runners/
