stage,frame,token,input_cycle,output_cycle,elapsed_cycles
block_input_queue,0,0,601,602,1
block_input_queue,0,1,853,1007,154
block_input_queue,0,2,1105,1412,307
block_input_queue,0,3,1413,1817,404
block_input_queue,0,4,1818,2964,1146
block_input_queue,0,5,2965,3554,589
block_input_queue,0,6,3555,4144,589
block_input_queue,0,7,4145,4734,589
block_input_queue,0,8,4735,5326,591
block_input_queue,0,9,5327,5916,589
block_input_queue,0,10,5917,6506,589
block_input_queue,0,11,6507,7096,589
block_input_queue,0,12,7097,7688,591
block_input_queue,0,13,7689,8278,589
block_input_queue,0,14,8279,8868,589
block_input_queue,0,15,8869,9458,589
block_input_queue,1,0,9459,10050,591
block_input_queue,1,1,10051,10640,589
block_input_queue,1,2,10641,11230,589
block_input_queue,1,3,11231,11820,589
block_input_queue,1,4,11821,12412,591
block_input_queue,1,5,12413,13002,589
block_input_queue,1,6,13003,13592,589
block_input_queue,1,7,13593,14182,589
block_input_queue,1,8,14183,14774,591
block_input_queue,1,9,14775,15364,589
block_input_queue,1,10,15365,15954,589
block_input_queue,1,11,15955,16544,589
block_input_queue,1,12,16545,17136,591
block_input_queue,1,13,17137,17726,589
block_input_queue,1,14,17727,18316,589
block_input_queue,1,15,18317,18906,589
block_input_queue,2,0,18907,19498,591
block_input_queue,2,1,19499,20088,589
block_input_queue,2,2,20089,20678,589
block_input_queue,2,3,20679,21268,589
block_input_queue,2,4,21269,21860,591
block_input_queue,2,5,21861,22450,589
block_input_queue,2,6,22451,23040,589
block_input_queue,2,7,23041,23630,589
block_input_queue,2,8,23631,24222,591
block_input_queue,2,9,24223,24812,589
block_input_queue,2,10,24813,25402,589
block_input_queue,2,11,25403,25992,589
block_input_queue,2,12,25993,26584,591
block_input_queue,2,13,26585,27174,589
block_input_queue,2,14,27175,27764,589
block_input_queue,2,15,27765,28354,589
block_input_queue,3,0,28355,28946,591
block_input_queue,3,1,28947,29536,589
block_input_queue,3,2,29537,30126,589
block_input_queue,3,3,30127,30716,589
block_input_queue,3,4,30717,31308,591
block_input_queue,3,5,31309,31898,589
block_input_queue,3,6,31899,32488,589
block_input_queue,3,7,32489,33078,589
block_input_queue,3,8,33079,33670,591
block_input_queue,3,9,33671,34260,589
block_input_queue,3,10,34261,34850,589
block_input_queue,3,11,34851,35440,589
block_input_queue,3,12,35441,36032,591
block_input_queue,3,13,36033,36622,589
block_input_queue,3,14,36623,37212,589
block_input_queue,3,15,37213,37802,589
block_input_queue,4,0,37803,38394,591
block_input_queue,4,1,38395,38984,589
block_input_queue,4,2,38985,39574,589
block_input_queue,4,3,39575,40164,589
block_input_queue,4,4,40165,40756,591
block_input_queue,4,5,40757,41346,589
block_input_queue,4,6,41347,41936,589
block_input_queue,4,7,41937,42526,589
block_input_queue,4,8,42527,43118,591
block_input_queue,4,9,43119,43708,589
block_input_queue,4,10,43709,44298,589
block_input_queue,4,11,44299,44888,589
block_input_queue,4,12,44889,45480,591
block_input_queue,4,13,45481,46070,589
block_input_queue,4,14,46071,46660,589
block_input_queue,4,15,46661,47250,589
block_input_queue,5,0,47251,47842,591
block_input_queue,5,1,47843,48432,589
block_input_queue,5,2,48433,49022,589
block_input_queue,5,3,49023,49612,589
block_input_queue,5,4,49613,50204,591
block_input_queue,5,5,50205,50794,589
block_input_queue,5,6,50795,51384,589
block_input_queue,5,7,51385,51974,589
block_input_queue,5,8,51975,52566,591
block_input_queue,5,9,52567,53156,589
block_input_queue,5,10,53157,53746,589
block_input_queue,5,11,53747,54336,589
block_input_queue,5,12,54337,54928,591
block_input_queue,5,13,54929,55518,589
block_input_queue,5,14,55519,56108,589
block_input_queue,5,15,56109,56698,589
block_input_queue,6,0,56699,57290,591
block_input_queue,6,1,57291,57880,589
block_input_queue,6,2,57881,58470,589
block_input_queue,6,3,58471,59060,589
block_input_queue,6,4,59061,59652,591
block_input_queue,6,5,59653,60242,589
block_input_queue,6,6,60243,60832,589
block_input_queue,6,7,60833,61422,589
block_input_queue,6,8,61423,62014,591
block_input_queue,6,9,62015,62604,589
block_input_queue,6,10,62605,63194,589
block_input_queue,6,11,63195,63784,589
block_input_queue,6,12,63785,64376,591
block_input_queue,6,13,64377,64966,589
block_input_queue,6,14,64967,65556,589
block_input_queue,6,15,65557,66146,589
block_input_queue,7,0,66147,66738,591
block_input_queue,7,1,66739,67328,589
block_input_queue,7,2,67329,67918,589
block_input_queue,7,3,67919,68508,589
block_input_queue,7,4,68509,69100,591
block_input_queue,7,5,69101,69690,589
block_input_queue,7,6,69691,70280,589
block_input_queue,7,7,70281,70870,589
block_input_queue,7,8,70871,71462,591
block_input_queue,7,9,71463,72052,589
block_input_queue,7,10,72053,72642,589
block_input_queue,7,11,72643,73232,589
block_input_queue,7,12,73233,73824,591
block_input_queue,7,13,73825,74414,589
block_input_queue,7,14,74415,75004,589
block_input_queue,7,15,75005,75594,589
block_input_queue,8,0,75595,76186,591
block_input_queue,8,1,76187,76776,589
block_input_queue,8,2,76777,77366,589
block_input_queue,8,3,77367,77956,589
block_input_queue,8,4,77957,78548,591
block_input_queue,8,5,78549,79138,589
block_input_queue,8,6,79139,79728,589
block_input_queue,8,7,79729,80318,589
block_input_queue,8,8,80319,80910,591
block_input_queue,8,9,80911,81500,589
block_input_queue,8,10,81501,82090,589
block_input_queue,8,11,82091,82680,589
block_input_queue,8,12,82681,83272,591
block_input_queue,8,13,83273,83862,589
block_input_queue,8,14,83863,84452,589
block_input_queue,8,15,84453,85042,589
block_input_queue,9,0,85043,85634,591
block_input_queue,9,1,85635,86224,589
block_input_queue,9,2,86225,86814,589
block_input_queue,9,3,86815,87404,589
block_input_queue,9,4,87405,87996,591
block_input_queue,9,5,87997,88586,589
block_input_queue,9,6,88587,89176,589
block_input_queue,9,7,89177,89766,589
block_input_queue,9,8,89767,90358,591
block_input_queue,9,9,90359,90948,589
block_input_queue,9,10,90949,91538,589
block_input_queue,9,11,91539,92128,589
block_input_queue,9,12,92129,92720,591
block_input_queue,9,13,92721,93310,589
block_input_queue,9,14,93311,93900,589
block_input_queue,9,15,93901,94490,589
block_input_queue,10,0,94491,95082,591
block_input_queue,10,1,95083,95672,589
block_input_queue,10,2,95673,96262,589
block_input_queue,10,3,96263,96852,589
block_input_queue,10,4,96853,97444,591
block_input_queue,10,5,97445,98034,589
block_input_queue,10,6,98035,98624,589
block_input_queue,10,7,98625,99214,589
block_input_queue,10,8,99215,99806,591
block_input_queue,10,9,99807,100396,589
block_input_queue,10,10,100397,100986,589
block_input_queue,10,11,100987,101576,589
block_input_queue,10,12,101577,102168,591
block_input_queue,10,13,102169,102758,589
block_input_queue,10,14,102759,103348,589
block_input_queue,10,15,103349,103938,589
block_input_queue,11,0,103939,104530,591
block_input_queue,11,1,104531,105120,589
block_input_queue,11,2,105121,105710,589
block_input_queue,11,3,105711,106300,589
block_input_queue,11,4,106301,106892,591
block_input_queue,11,5,106893,107482,589
block_input_queue,11,6,107483,108072,589
block_input_queue,11,7,108073,108662,589
block_input_queue,11,8,108663,109254,591
block_input_queue,11,9,109255,109844,589
block_input_queue,11,10,109845,110434,589
block_input_queue,11,11,110435,111024,589
block_input_queue,11,12,111025,111616,591
block_input_queue,11,13,111617,112206,589
block_input_queue,11,14,112207,112796,589
block_input_queue,11,15,112797,113386,589
block_input_queue,12,0,113387,113978,591
block_input_queue,12,1,113979,114568,589
block_input_queue,12,2,114569,115158,589
block_input_queue,12,3,115159,115748,589
block_input_queue,12,4,115749,116340,591
block_input_queue,12,5,116341,116930,589
block_input_queue,12,6,116931,117520,589
block_input_queue,12,7,117521,118110,589
block_input_queue,12,8,118111,118702,591
block_input_queue,12,9,118703,119292,589
block_input_queue,12,10,119293,119882,589
block_input_queue,12,11,119883,120472,589
block_input_queue,12,12,120473,121064,591
block_input_queue,12,13,121065,121654,589
block_input_queue,12,14,121655,122244,589
block_input_queue,12,15,122245,122834,589
block_input_queue,13,0,122835,123426,591
block_input_queue,13,1,123427,124016,589
block_input_queue,13,2,124017,124606,589
block_input_queue,13,3,124607,125196,589
block_input_queue,13,4,125197,125788,591
block_input_queue,13,5,125789,126378,589
block_input_queue,13,6,126379,126968,589
block_input_queue,13,7,126969,127558,589
block_input_queue,13,8,127559,128150,591
block_input_queue,13,9,128151,128740,589
block_input_queue,13,10,128741,129330,589
block_input_queue,13,11,129331,129920,589
block_input_queue,13,12,129921,130512,591
block_input_queue,13,13,130513,131102,589
block_input_queue,13,14,131103,131692,589
block_input_queue,13,15,131693,132282,589
block_input_queue,14,0,132283,132874,591
block_input_queue,14,1,132875,133464,589
block_input_queue,14,2,133465,134054,589
block_input_queue,14,3,134055,134644,589
block_input_queue,14,4,134645,135236,591
block_input_queue,14,5,135237,135826,589
block_input_queue,14,6,135827,136416,589
block_input_queue,14,7,136417,137006,589
block_input_queue,14,8,137007,137598,591
block_input_queue,14,9,137599,138188,589
block_input_queue,14,10,138189,138778,589
block_input_queue,14,11,138779,139368,589
block_input_queue,14,12,139369,139960,591
block_input_queue,14,13,139961,140550,589
block_input_queue,14,14,140551,141140,589
block_input_queue,14,15,141141,141730,589
block_input_queue,15,0,141731,142322,591
block_input_queue,15,1,142323,142912,589
block_input_queue,15,2,142913,143502,589
block_input_queue,15,3,143503,144092,589
block_input_queue,15,4,144093,144684,591
block_input_queue,15,5,144685,145274,589
block_input_queue,15,6,145275,145864,589
block_input_queue,15,7,145865,146454,589
block_input_queue,15,8,146455,147046,591
block_input_queue,15,9,147047,147636,589
block_input_queue,15,10,147637,148226,589
block_input_queue,15,11,148227,148816,589
block_input_queue,15,12,148817,149408,591
block_input_queue,15,13,149409,149998,589
block_input_queue,15,14,149999,150588,589
block_input_queue,15,15,150589,151178,589
block_input_queue,16,0,151179,151770,591
block_input_queue,16,1,151771,152360,589
block_input_queue,16,2,152361,152950,589
block_input_queue,16,3,152951,153540,589
block_input_queue,16,4,153541,154132,591
block_input_queue,16,5,154133,154722,589
block_input_queue,16,6,154723,155312,589
block_input_queue,16,7,155313,155902,589
block_input_queue,16,8,155903,156494,591
block_input_queue,16,9,156495,157084,589
block_input_queue,16,10,157085,157674,589
block_input_queue,16,11,157675,158264,589
block_input_queue,16,12,158265,158856,591
block_input_queue,16,13,158857,159446,589
block_input_queue,16,14,159447,160036,589
block_input_queue,16,15,160037,160626,589
block_input_queue,17,0,160627,161218,591
block_input_queue,17,1,161219,161808,589
block_input_queue,17,2,161809,162398,589
block_input_queue,17,3,162399,162988,589
block_input_queue,17,4,162989,163580,591
block_input_queue,17,5,163581,164170,589
block_input_queue,17,6,164171,164760,589
block_input_queue,17,7,164761,165350,589
block_input_queue,17,8,165351,165942,591
block_input_queue,17,9,165943,166532,589
block_input_queue,17,10,166533,167122,589
block_input_queue,17,11,167123,167712,589
block_input_queue,17,12,167713,168304,591
block_input_queue,17,13,168305,168894,589
block_input_queue,17,14,168895,169484,589
block_input_queue,17,15,169485,170074,589
block_input_queue,18,0,170075,170666,591
block_input_queue,18,1,170667,171256,589
block_input_queue,18,2,171257,171846,589
block_input_queue,18,3,171847,172436,589
block_input_queue,18,4,172437,173028,591
block_input_queue,18,5,173029,173618,589
block_input_queue,18,6,173619,174208,589
block_input_queue,18,7,174209,174798,589
block_input_queue,18,8,174799,175390,591
block_input_queue,18,9,175391,175980,589
block_input_queue,18,10,175981,176570,589
block_input_queue,18,11,176571,177160,589
block_input_queue,18,12,177161,177752,591
block_input_queue,18,13,177753,178342,589
block_input_queue,18,14,178343,178932,589
block_input_queue,18,15,178933,179522,589
block_input_queue,19,0,179523,180114,591
block_input_queue,19,1,180115,180704,589
block_input_queue,19,2,180705,181294,589
block_input_queue,19,3,181295,181884,589
block_input_queue,19,4,181885,182476,591
block_input_queue,19,5,182477,183066,589
block_input_queue,19,6,183067,183656,589
block_input_queue,19,7,183657,184246,589
block_input_queue,19,8,184247,184838,591
block_input_queue,19,9,184839,185428,589
block_input_queue,19,10,185429,186018,589
block_input_queue,19,11,186019,186608,589
block_input_queue,19,12,186609,187200,591
block_input_queue,19,13,187201,187790,589
block_input_queue,19,14,187791,188380,589
block_input_queue,19,15,188381,188970,589
block_input_queue,20,0,188971,189562,591
block_input_queue,20,1,189563,190152,589
block_input_queue,20,2,190153,190742,589
block_input_queue,20,3,190743,191332,589
block_input_queue,20,4,191333,191924,591
block_input_queue,20,5,191925,192514,589
block_input_queue,20,6,192515,193104,589
block_input_queue,20,7,193105,193694,589
block_input_queue,20,8,193695,194286,591
block_input_queue,20,9,194287,194876,589
block_input_queue,20,10,194877,195466,589
block_input_queue,20,11,195467,196056,589
block_input_queue,20,12,196057,196648,591
block_input_queue,20,13,196649,197238,589
block_input_queue,20,14,197239,197828,589
block_input_queue,20,15,197829,198418,589
block_input_queue,21,0,198419,199010,591
block_input_queue,21,1,199011,199600,589
block_input_queue,21,2,199601,200190,589
block_input_queue,21,3,200191,200780,589
block_input_queue,21,4,200781,201372,591
block_input_queue,21,5,201373,201962,589
block_input_queue,21,6,201963,202552,589
block_input_queue,21,7,202553,203142,589
block_input_queue,21,8,203143,203734,591
block_input_queue,21,9,203735,204324,589
block_input_queue,21,10,204325,204914,589
block_input_queue,21,11,204915,205504,589
block_input_queue,21,12,205505,206096,591
block_input_queue,21,13,206097,206686,589
block_input_queue,21,14,206687,207276,589
block_input_queue,21,15,207277,207866,589
block_input_queue,22,0,207867,208458,591
block_input_queue,22,1,208459,209048,589
block_input_queue,22,2,209049,209638,589
block_input_queue,22,3,209639,210228,589
block_input_queue,22,4,210229,210820,591
block_input_queue,22,5,210821,211410,589
block_input_queue,22,6,211411,212000,589
block_input_queue,22,7,212001,212590,589
block_input_queue,22,8,212591,213182,591
block_input_queue,22,9,213183,213772,589
block_input_queue,22,10,213773,214362,589
block_input_queue,22,11,214363,214952,589
block_input_queue,22,12,214953,215544,591
block_input_queue,22,13,215545,216134,589
block_input_queue,22,14,216135,216724,589
block_input_queue,22,15,216725,217314,589
block_input_queue,23,0,217315,217906,591
block_input_queue,23,1,217907,218496,589
block_input_queue,23,2,218497,219086,589
block_input_queue,23,3,219087,219676,589
block_input_queue,23,4,219677,220268,591
block_input_queue,23,5,220269,220858,589
block_input_queue,23,6,220859,221448,589
block_input_queue,23,7,221449,222038,589
block_input_queue,23,8,222039,222630,591
block_input_queue,23,9,222631,223220,589
block_input_queue,23,10,223221,223810,589
block_input_queue,23,11,223811,224400,589
block_input_queue,23,12,224401,224992,591
block_input_queue,23,13,224993,225582,589
block_input_queue,23,14,225583,226172,589
block_input_queue,23,15,226173,226762,589
block_input_queue,24,0,226763,227354,591
block_input_queue,24,1,227355,227944,589
block_input_queue,24,2,227945,228534,589
block_input_queue,24,3,228535,229124,589
block_input_queue,24,4,229125,229716,591
block_input_queue,24,5,229717,230306,589
block_input_queue,24,6,230307,230896,589
block_input_queue,24,7,230897,231486,589
block_input_queue,24,8,231487,232078,591
block_input_queue,24,9,232079,232668,589
block_input_queue,24,10,232669,233258,589
block_input_queue,24,11,233259,233848,589
block_input_queue,24,12,233849,234440,591
block_input_queue,24,13,234441,235030,589
block_input_queue,24,14,235031,235620,589
block_input_queue,24,15,235621,236210,589
block_input_queue,25,0,236211,236802,591
block_input_queue,25,1,236803,237392,589
block_input_queue,25,2,237393,237982,589
block_input_queue,25,3,237983,238572,589
block_input_queue,25,4,238573,239164,591
block_input_queue,25,5,239165,239754,589
block_input_queue,25,6,239755,240344,589
block_input_queue,25,7,240345,240934,589
block_input_queue,25,8,240935,241526,591
block_input_queue,25,9,241527,242116,589
block_input_queue,25,10,242117,242706,589
block_input_queue,25,11,242707,243296,589
block_input_queue,25,12,243297,243888,591
block_input_queue,25,13,243889,244478,589
block_input_queue,25,14,244479,245068,589
block_input_queue,25,15,245069,245658,589
block_input_queue,26,0,245659,246250,591
block_input_queue,26,1,246251,246840,589
block_input_queue,26,2,246841,247430,589
block_input_queue,26,3,247431,248020,589
block_input_queue,26,4,248021,248612,591
block_input_queue,26,5,248613,249202,589
block_input_queue,26,6,249203,249792,589
block_input_queue,26,7,249793,250382,589
block_input_queue,26,8,250383,250974,591
block_input_queue,26,9,250975,251564,589
block_input_queue,26,10,251565,252154,589
block_input_queue,26,11,252155,252744,589
block_input_queue,26,12,252745,253336,591
block_input_queue,26,13,253337,253926,589
block_input_queue,26,14,253927,254516,589
block_input_queue,26,15,254517,255106,589
block_input_queue,27,0,255107,255698,591
block_input_queue,27,1,255699,256288,589
block_input_queue,27,2,256289,256878,589
block_input_queue,27,3,256879,257468,589
block_input_queue,27,4,257469,258060,591
block_input_queue,27,5,258061,258650,589
block_input_queue,27,6,258651,259240,589
block_input_queue,27,7,259241,259830,589
block_input_queue,27,8,259831,260422,591
block_input_queue,27,9,260423,261012,589
block_input_queue,27,10,261013,261602,589
block_input_queue,27,11,261603,262192,589
block_input_queue,27,12,262193,262784,591
block_input_queue,27,13,262785,263374,589
block_input_queue,27,14,263375,263964,589
block_input_queue,27,15,263965,264554,589
block_input_queue,28,0,264555,265146,591
block_input_queue,28,1,265147,265736,589
block_input_queue,28,2,265737,266326,589
block_input_queue,28,3,266327,266916,589
block_input_queue,28,4,266917,267508,591
block_input_queue,28,5,267509,268098,589
block_input_queue,28,6,268099,268688,589
block_input_queue,28,7,268689,269278,589
block_input_queue,28,8,269279,269870,591
block_input_queue,28,9,269871,270460,589
block_input_queue,28,10,270461,271050,589
block_input_queue,28,11,271051,271640,589
block_input_queue,28,12,271641,272232,591
block_input_queue,28,13,272233,272822,589
block_input_queue,28,14,272823,273412,589
block_input_queue,28,15,273413,274002,589
block_input_queue,29,0,274003,274594,591
block_input_queue,29,1,274595,275184,589
block_input_queue,29,2,275185,275774,589
block_input_queue,29,3,275775,276364,589
block_input_queue,29,4,276365,276956,591
block_input_queue,29,5,276957,277546,589
block_input_queue,29,6,277547,278136,589
block_input_queue,29,7,278137,278726,589
block_input_queue,29,8,278727,279318,591
block_input_queue,29,9,279319,279908,589
block_input_queue,29,10,279909,280498,589
block_input_queue,29,11,280499,281088,589
block_input_queue,29,12,281089,281680,591
block_input_queue,29,13,281681,282270,589
block_input_queue,29,14,282271,282860,589
block_input_queue,29,15,282861,283450,589
block_input_queue,30,0,283451,284042,591
block_input_queue,30,1,284043,284632,589
block_input_queue,30,2,284633,285222,589
block_input_queue,30,3,285223,285812,589
block_input_queue,30,4,285813,286404,591
block_input_queue,30,5,286405,286994,589
block_input_queue,30,6,286995,287584,589
block_input_queue,30,7,287585,288174,589
block_input_queue,30,8,288175,288766,591
block_input_queue,30,9,288767,289356,589
block_input_queue,30,10,289357,289946,589
block_input_queue,30,11,289947,290536,589
block_input_queue,30,12,290537,291128,591
block_input_queue,30,13,291129,291718,589
block_input_queue,30,14,291719,292308,589
block_input_queue,30,15,292309,292898,589
block_input_queue,31,0,292899,293490,591
block_input_queue,31,1,293491,294080,589
block_input_queue,31,2,294081,294670,589
block_input_queue,31,3,294671,295260,589
block_input_queue,31,4,295261,295852,591
block_input_queue,31,5,295853,296442,589
block_input_queue,31,6,296443,297032,589
block_input_queue,31,7,297033,297622,589
block_input_queue,31,8,297623,298214,591
block_input_queue,31,9,298215,298804,589
block_input_queue,31,10,298805,299394,589
block_input_queue,31,11,299395,299984,589
block_input_queue,31,12,299985,300576,591
block_input_queue,31,13,300577,301166,589
block_input_queue,31,14,301167,301756,589
block_input_queue,31,15,301757,302346,589
block_input_queue,32,0,302347,302938,591
block_input_queue,32,1,302939,303528,589
block_input_queue,32,2,303529,304118,589
block_input_queue,32,3,304119,304708,589
block_input_queue,32,4,304709,305300,591
block_input_queue,32,5,305301,305890,589
block_input_queue,32,6,305891,306480,589
block_input_queue,32,7,306481,307070,589
block_input_queue,32,8,307071,307662,591
block_input_queue,32,9,307663,308252,589
block_input_queue,32,10,308253,308842,589
block_input_queue,32,11,308843,309432,589
block_input_queue,32,12,309433,310024,591
block_input_queue,32,13,310025,310614,589
block_input_queue,32,14,310615,311204,589
block_input_queue,32,15,311205,311794,589
block_input_queue,33,0,311795,312386,591
block_input_queue,33,1,312387,312976,589
block_input_queue,33,2,312977,313566,589
block_input_queue,33,3,313567,314156,589
block_input_queue,33,4,314157,314748,591
block_input_queue,33,5,314749,315338,589
block_input_queue,33,6,315339,315928,589
block_input_queue,33,7,315929,316518,589
block_input_queue,33,8,316519,317110,591
block_input_queue,33,9,317111,317700,589
block_input_queue,33,10,317701,318290,589
block_input_queue,33,11,318291,318880,589
block_input_queue,33,12,318881,319472,591
block_input_queue,33,13,319473,320062,589
block_input_queue,33,14,320063,320652,589
block_input_queue,33,15,320653,321242,589
block_input_queue,34,0,321243,321834,591
block_input_queue,34,1,321835,322424,589
block_input_queue,34,2,322425,323014,589
block_input_queue,34,3,323015,323604,589
block_input_queue,34,4,323605,324196,591
block_input_queue,34,5,324197,324786,589
block_input_queue,34,6,324787,325376,589
block_input_queue,34,7,325377,325966,589
block_input_queue,34,8,325967,326558,591
block_input_queue,34,9,326559,327148,589
block_input_queue,34,10,327149,327738,589
block_input_queue,34,11,327739,328328,589
block_input_queue,34,12,328329,328920,591
block_input_queue,34,13,328921,329510,589
block_input_queue,34,14,329511,330100,589
block_input_queue,34,15,330101,330690,589
block_input_queue,35,0,330691,331282,591
block_input_queue,35,1,331283,331872,589
block_input_queue,35,2,331873,332462,589
block_input_queue,35,3,332463,333052,589
block_input_queue,35,4,333053,333644,591
block_input_queue,35,5,333645,334234,589
block_input_queue,35,6,334235,334824,589
block_input_queue,35,7,334825,335414,589
block_input_queue,35,8,335415,336006,591
block_input_queue,35,9,336007,336596,589
block_input_queue,35,10,336597,337186,589
block_input_queue,35,11,337187,337776,589
block_input_queue,35,12,337777,338368,591
block_input_queue,35,13,338369,338958,589
block_input_queue,35,14,338959,339548,589
block_input_queue,35,15,339549,340138,589
block_input_queue,36,0,340139,340730,591
block_input_queue,36,1,340731,341320,589
block_input_queue,36,2,341321,341910,589
block_input_queue,36,3,341911,342500,589
block_input_queue,36,4,342501,343092,591
block_input_queue,36,5,343093,343682,589
block_input_queue,36,6,343683,344272,589
block_input_queue,36,7,344273,344862,589
block_input_queue,36,8,344863,345454,591
block_input_queue,36,9,345455,346044,589
block_input_queue,36,10,346045,346634,589
block_input_queue,36,11,346635,347224,589
block_input_queue,36,12,347225,347816,591
block_input_queue,36,13,347817,348406,589
block_input_queue,36,14,348407,348996,589
block_input_queue,36,15,348997,349586,589
block_input_queue,37,0,349587,350178,591
block_input_queue,37,1,350179,350768,589
block_input_queue,37,2,350769,351358,589
block_input_queue,37,3,351359,351948,589
block_input_queue,37,4,351949,352540,591
block_input_queue,37,5,352541,353130,589
block_input_queue,37,6,353131,353720,589
block_input_queue,37,7,353721,354310,589
block_input_queue,37,8,354311,354902,591
block_input_queue,37,9,354903,355492,589
block_input_queue,37,10,355493,356082,589
block_input_queue,37,11,356083,356672,589
block_input_queue,37,12,356673,357264,591
block_input_queue,37,13,357265,357854,589
block_input_queue,37,14,357855,358444,589
block_input_queue,37,15,358445,359034,589
block_input_queue,38,0,359035,359626,591
block_input_queue,38,1,359627,360216,589
block_input_queue,38,2,360217,360806,589
block_input_queue,38,3,360807,361396,589
block_input_queue,38,4,361397,361988,591
block_input_queue,38,5,361989,362578,589
block_input_queue,38,6,362579,363168,589
block_input_queue,38,7,363169,363758,589
block_input_queue,38,8,363759,364350,591
block_input_queue,38,9,364351,364940,589
block_input_queue,38,10,364941,365530,589
block_input_queue,38,11,365531,366120,589
block_input_queue,38,12,366121,366712,591
block_input_queue,38,13,366713,367302,589
block_input_queue,38,14,367303,367892,589
block_input_queue,38,15,367893,368482,589
block_input_queue,39,0,368483,369074,591
block_input_queue,39,1,369075,369664,589
block_input_queue,39,2,369665,370254,589
block_input_queue,39,3,370255,370844,589
block_input_queue,39,4,370845,371436,591
block_input_queue,39,5,371437,372026,589
block_input_queue,39,6,372027,372616,589
block_input_queue,39,7,372617,373206,589
block_input_queue,39,8,373207,373798,591
block_input_queue,39,9,373799,374388,589
block_input_queue,39,10,374389,374978,589
block_input_queue,39,11,374979,375568,589
block_input_queue,39,12,375569,376160,591
block_input_queue,39,13,376161,376750,589
block_input_queue,39,14,376751,377340,589
block_input_queue,39,15,377341,377930,589
block_input_queue,40,0,377931,378522,591
block_input_queue,40,1,378523,379112,589
block_input_queue,40,2,379113,379702,589
block_input_queue,40,3,379703,380292,589
block_input_queue,40,4,380293,380884,591
block_input_queue,40,5,380885,381474,589
block_input_queue,40,6,381475,382064,589
block_input_queue,40,7,382065,382654,589
block_input_queue,40,8,382655,383246,591
block_input_queue,40,9,383247,383836,589
block_input_queue,40,10,383837,384426,589
block_input_queue,40,11,384427,385016,589
block_input_queue,40,12,385017,385608,591
block_input_queue,40,13,385609,386198,589
block_input_queue,40,14,386199,386788,589
block_input_queue,40,15,386789,387378,589
block_input_queue,41,0,387379,387970,591
block_input_queue,41,1,387971,388560,589
block_input_queue,41,2,388561,389150,589
block_input_queue,41,3,389151,389740,589
block_input_queue,41,4,389741,390332,591
block_input_queue,41,5,390333,390922,589
block_input_queue,41,6,390923,391512,589
block_input_queue,41,7,391513,392102,589
block_input_queue,41,8,392103,392694,591
block_input_queue,41,9,392695,393284,589
block_input_queue,41,10,393285,393874,589
block_input_queue,41,11,393875,394464,589
block_input_queue,41,12,394465,395056,591
block_input_queue,41,13,395057,395646,589
block_input_queue,41,14,395647,396236,589
block_input_queue,41,15,396237,396826,589
block_input_queue,42,0,396827,397418,591
block_input_queue,42,1,397419,398008,589
block_input_queue,42,2,398009,398598,589
block_input_queue,42,3,398599,399188,589
block_input_queue,42,4,399189,399780,591
block_input_queue,42,5,399781,400370,589
block_input_queue,42,6,400371,400960,589
block_input_queue,42,7,400961,401550,589
block_input_queue,42,8,401551,402142,591
block_input_queue,42,9,402143,402732,589
block_input_queue,42,10,402733,403322,589
block_input_queue,42,11,403323,403912,589
block_input_queue,42,12,403913,404504,591
block_input_queue,42,13,404505,405094,589
block_input_queue,42,14,405095,405684,589
block_input_queue,42,15,405685,406274,589
block_input_queue,43,0,406275,406866,591
block_input_queue,43,1,406867,407456,589
block_input_queue,43,2,407457,408046,589
block_input_queue,43,3,408047,408636,589
block_input_queue,43,4,408637,409228,591
block_input_queue,43,5,409229,409818,589
block_input_queue,43,6,409819,410408,589
block_input_queue,43,7,410409,410998,589
block_input_queue,43,8,410999,411590,591
block_input_queue,43,9,411591,412180,589
block_input_queue,43,10,412181,412770,589
block_input_queue,43,11,412771,413360,589
block_input_queue,43,12,413361,413952,591
block_input_queue,43,13,413953,414542,589
block_input_queue,43,14,414543,415132,589
block_input_queue,43,15,415133,415722,589
block_input_queue,44,0,415723,416314,591
block_input_queue,44,1,416315,416904,589
block_input_queue,44,2,416905,417494,589
block_input_queue,44,3,417495,418084,589
block_input_queue,44,4,418085,418676,591
block_input_queue,44,5,418677,419266,589
block_input_queue,44,6,419267,419856,589
block_input_queue,44,7,419857,420446,589
block_input_queue,44,8,420447,421038,591
block_input_queue,44,9,421039,421628,589
block_input_queue,44,10,421629,422218,589
block_input_queue,44,11,422219,422808,589
block_input_queue,44,12,422809,423400,591
block_input_queue,44,13,423401,423990,589
block_input_queue,44,14,423991,424580,589
block_input_queue,44,15,424581,425170,589
block_input_queue,45,0,425171,425762,591
block_input_queue,45,1,425763,426352,589
block_input_queue,45,2,426353,426942,589
block_input_queue,45,3,426943,427532,589
block_input_queue,45,4,427533,428124,591
block_input_queue,45,5,428125,428714,589
block_input_queue,45,6,428715,429304,589
block_input_queue,45,7,429305,429894,589
block_input_queue,45,8,429895,430486,591
block_input_queue,45,9,430487,431076,589
block_input_queue,45,10,431077,431666,589
block_input_queue,45,11,431667,432256,589
block_input_queue,45,12,432257,432848,591
block_input_queue,45,13,432849,433438,589
block_input_queue,45,14,433439,434028,589
block_input_queue,45,15,434029,434618,589
block_input_queue,46,0,434619,435210,591
block_input_queue,46,1,435211,435800,589
block_input_queue,46,2,435801,436390,589
block_input_queue,46,3,436391,436980,589
block_input_queue,46,4,436981,437572,591
block_input_queue,46,5,437573,438162,589
block_input_queue,46,6,438163,438752,589
block_input_queue,46,7,438753,439342,589
block_input_queue,46,8,439343,439934,591
block_input_queue,46,9,439935,440524,589
block_input_queue,46,10,440525,441114,589
block_input_queue,46,11,441115,441704,589
block_input_queue,46,12,441705,442296,591
block_input_queue,46,13,442297,442886,589
block_input_queue,46,14,442887,443476,589
block_input_queue,46,15,443477,444066,589
block_input_queue,47,0,444067,444658,591
block_input_queue,47,1,444659,445248,589
block_input_queue,47,2,445249,445838,589
block_input_queue,47,3,445839,446428,589
block_input_queue,47,4,446429,447020,591
block_input_queue,47,5,447021,447610,589
block_input_queue,47,6,447611,448200,589
block_input_queue,47,7,448201,448790,589
block_input_queue,47,8,448791,449382,591
block_input_queue,47,9,449383,449972,589
block_input_queue,47,10,449973,450562,589
block_input_queue,47,11,450563,451152,589
block_input_queue,47,12,451153,451744,591
block_input_queue,47,13,451745,452334,589
block_input_queue,47,14,452335,452924,589
block_input_queue,47,15,452925,453514,589
block_input_queue,48,0,453515,454106,591
block_input_queue,48,1,454107,454696,589
block_input_queue,48,2,454697,455286,589
block_input_queue,48,3,455287,455876,589
block_input_queue,48,4,455877,456468,591
block_input_queue,48,5,456469,457058,589
block_input_queue,48,6,457059,457648,589
block_input_queue,48,7,457649,458238,589
block_input_queue,48,8,458239,458830,591
block_input_queue,48,9,458831,459420,589
block_input_queue,48,10,459421,460010,589
block_input_queue,48,11,460011,460600,589
block_input_queue,48,12,460601,461192,591
block_input_queue,48,13,461193,461782,589
block_input_queue,48,14,461783,462372,589
block_input_queue,48,15,462373,462962,589
block_input_queue,49,0,462963,463554,591
block_input_queue,49,1,463555,464144,589
block_input_queue,49,2,464145,464734,589
block_input_queue,49,3,464735,465324,589
block_input_queue,49,4,465325,465916,591
block_input_queue,49,5,465917,466506,589
block_input_queue,49,6,466507,467096,589
block_input_queue,49,7,467097,467686,589
block_input_queue,49,8,467687,468278,591
block_input_queue,49,9,468279,468868,589
block_input_queue,49,10,468869,469458,589
block_input_queue,49,11,469459,470048,589
block_input_queue,49,12,470049,470640,591
block_input_queue,49,13,470641,471230,589
block_input_queue,49,14,471231,471820,589
block_input_queue,49,15,471821,472410,589
block_input_queue,50,0,472411,473002,591
block_input_queue,50,1,473003,473592,589
block_input_queue,50,2,473593,474182,589
block_input_queue,50,3,474183,474772,589
block_input_queue,50,4,474773,475364,591
block_input_queue,50,5,475365,475954,589
block_input_queue,50,6,475955,476544,589
block_input_queue,50,7,476545,477134,589
block_input_queue,50,8,477135,477726,591
block_input_queue,50,9,477727,478316,589
block_input_queue,50,10,478317,478906,589
block_input_queue,50,11,478907,479496,589
block_input_queue,50,12,479497,480088,591
block_input_queue,50,13,480089,480678,589
block_input_queue,50,14,480679,481268,589
block_input_queue,50,15,481269,481858,589
block_input_queue,51,0,481859,482450,591
block_input_queue,51,1,482451,483040,589
block_input_queue,51,2,483041,483630,589
block_input_queue,51,3,483631,484220,589
block_input_queue,51,4,484221,484812,591
block_input_queue,51,5,484813,485402,589
block_input_queue,51,6,485403,485992,589
block_input_queue,51,7,485993,486582,589
block_input_queue,51,8,486583,487174,591
block_input_queue,51,9,487175,487764,589
block_input_queue,51,10,487765,488354,589
block_input_queue,51,11,488355,488944,589
block_input_queue,51,12,488945,489536,591
block_input_queue,51,13,489537,490126,589
block_input_queue,51,14,490127,490716,589
block_input_queue,51,15,490717,491306,589
block_input_queue,52,0,491307,491898,591
block_input_queue,52,1,491899,492488,589
block_input_queue,52,2,492489,493078,589
block_input_queue,52,3,493079,493668,589
block_input_queue,52,4,493669,494260,591
block_input_queue,52,5,494261,494850,589
block_input_queue,52,6,494851,495440,589
block_input_queue,52,7,495441,496030,589
block_input_queue,52,8,496031,496622,591
block_input_queue,52,9,496623,497212,589
block_input_queue,52,10,497213,497802,589
block_input_queue,52,11,497803,498392,589
block_input_queue,52,12,498393,498984,591
block_input_queue,52,13,498985,499574,589
block_input_queue,52,14,499575,500164,589
block_input_queue,52,15,500165,500754,589
block_input_queue,53,0,500755,501346,591
block_input_queue,53,1,501347,501936,589
block_input_queue,53,2,501937,502526,589
block_input_queue,53,3,502527,503116,589
block_input_queue,53,4,503117,503708,591
block_input_queue,53,5,503709,504298,589
block_input_queue,53,6,504299,504888,589
block_input_queue,53,7,504889,505478,589
block_input_queue,53,8,505479,506070,591
block_input_queue,53,9,506071,506660,589
block_input_queue,53,10,506661,507250,589
block_input_queue,53,11,507251,507840,589
block_input_queue,53,12,507841,508432,591
block_input_queue,53,13,508433,509022,589
block_input_queue,53,14,509023,509612,589
block_input_queue,53,15,509613,510202,589
block_input_queue,54,0,510203,510794,591
block_input_queue,54,1,510795,511384,589
block_input_queue,54,2,511385,511974,589
block_input_queue,54,3,511975,512564,589
block_input_queue,54,4,512565,513156,591
block_input_queue,54,5,513157,513746,589
block_input_queue,54,6,513747,514336,589
block_input_queue,54,7,514337,514926,589
block_input_queue,54,8,514927,515518,591
block_input_queue,54,9,515519,516108,589
block_input_queue,54,10,516109,516698,589
block_input_queue,54,11,516699,517288,589
block_input_queue,54,12,517289,517880,591
block_input_queue,54,13,517881,518470,589
block_input_queue,54,14,518471,519060,589
block_input_queue,54,15,519061,519650,589
block_input_queue,55,0,519651,520242,591
block_input_queue,55,1,520243,520832,589
block_input_queue,55,2,520833,521422,589
block_input_queue,55,3,521423,522012,589
block_input_queue,55,4,522013,522604,591
block_input_queue,55,5,522605,523194,589
block_input_queue,55,6,523195,523784,589
block_input_queue,55,7,523785,524374,589
block_input_queue,55,8,524375,524966,591
block_input_queue,55,9,524967,525556,589
block_input_queue,55,10,525557,526146,589
block_input_queue,55,11,526147,526736,589
block_input_queue,55,12,526737,527328,591
block_input_queue,55,13,527329,527918,589
block_input_queue,55,14,527919,528508,589
block_input_queue,55,15,528509,529098,589
block_input_queue,56,0,529099,529690,591
block_input_queue,56,1,529691,530280,589
block_input_queue,56,2,530281,530870,589
block_input_queue,56,3,530871,531460,589
block_input_queue,56,4,531461,532052,591
block_input_queue,56,5,532053,532642,589
block_input_queue,56,6,532643,533232,589
block_input_queue,56,7,533233,533822,589
block_input_queue,56,8,533823,534414,591
block_input_queue,56,9,534415,535004,589
block_input_queue,56,10,535005,535594,589
block_input_queue,56,11,535595,536184,589
block_input_queue,56,12,536185,536776,591
block_input_queue,56,13,536777,537366,589
block_input_queue,56,14,537367,537956,589
block_input_queue,56,15,537957,538546,589
block_input_queue,57,0,538547,539138,591
block_input_queue,57,1,539139,539728,589
block_input_queue,57,2,539729,540318,589
block_input_queue,57,3,540319,540908,589
block_input_queue,57,4,540909,541500,591
block_input_queue,57,5,541501,542090,589
block_input_queue,57,6,542091,542680,589
block_input_queue,57,7,542681,543270,589
block_input_queue,57,8,543271,543862,591
block_input_queue,57,9,543863,544452,589
block_input_queue,57,10,544453,545042,589
block_input_queue,57,11,545043,545632,589
block_input_queue,57,12,545633,546224,591
block_input_queue,57,13,546225,546814,589
block_input_queue,57,14,546815,547404,589
block_input_queue,57,15,547405,547994,589
block_input_queue,58,0,547995,548586,591
block_input_queue,58,1,548587,549176,589
block_input_queue,58,2,549177,549766,589
block_input_queue,58,3,549767,550356,589
block_input_queue,58,4,550357,550948,591
block_input_queue,58,5,550949,551538,589
block_input_queue,58,6,551539,552128,589
block_input_queue,58,7,552129,552718,589
block_input_queue,58,8,552719,553310,591
block_input_queue,58,9,553311,553900,589
block_input_queue,58,10,553901,554490,589
block_input_queue,58,11,554491,555080,589
block_input_queue,58,12,555081,555672,591
block_input_queue,58,13,555673,556262,589
block_input_queue,58,14,556263,556852,589
block_input_queue,58,15,556853,557442,589
block_input_queue,59,0,557443,558034,591
block_input_queue,59,1,558035,558624,589
block_input_queue,59,2,558625,559214,589
block_input_queue,59,3,559215,559804,589
block_input_queue,59,4,559805,560396,591
block_input_queue,59,5,560397,560986,589
block_input_queue,59,6,560987,561576,589
block_input_queue,59,7,561577,562166,589
block_input_queue,59,8,562167,562758,591
block_input_queue,59,9,562759,563348,589
block_input_queue,59,10,563349,563938,589
block_input_queue,59,11,563939,564528,589
block_input_queue,59,12,564529,565120,591
block_input_queue,59,13,565121,565710,589
block_input_queue,59,14,565711,566300,589
block_input_queue,59,15,566301,566890,589
block_input_queue,60,0,566891,567482,591
block_input_queue,60,1,567483,568072,589
block_input_queue,60,2,568073,568662,589
block_input_queue,60,3,568663,569252,589
block_input_queue,60,4,569253,569844,591
block_input_queue,60,5,569845,570434,589
block_input_queue,60,6,570435,571024,589
block_input_queue,60,7,571025,571614,589
block_input_queue,60,8,571615,572206,591
block_input_queue,60,9,572207,572796,589
block_input_queue,60,10,572797,573386,589
block_input_queue,60,11,573387,573976,589
block_input_queue,60,12,573977,574568,591
block_input_queue,60,13,574569,575158,589
block_input_queue,60,14,575159,575748,589
block_input_queue,60,15,575749,576338,589
block_input_queue,61,0,576339,576930,591
block_input_queue,61,1,576931,577520,589
block_input_queue,61,2,577521,578110,589
block_input_queue,61,3,578111,578700,589
block_input_queue,61,4,578701,579292,591
block_input_queue,61,5,579293,579882,589
block_input_queue,61,6,579883,580472,589
block_input_queue,61,7,580473,581062,589
block_input_queue,61,8,581063,581654,591
block_input_queue,61,9,581655,582244,589
block_input_queue,61,10,582245,582834,589
block_input_queue,61,11,582835,583424,589
block_input_queue,61,12,583425,584016,591
block_input_queue,61,13,584017,584606,589
block_input_queue,61,14,584607,585196,589
block_input_queue,61,15,585197,585786,589
block_input_queue,62,0,585787,586378,591
block_input_queue,62,1,586379,586968,589
block_input_queue,62,2,586969,587558,589
block_input_queue,62,3,587559,588148,589
block_input_queue,62,4,588149,588740,591
block_input_queue,62,5,588741,589330,589
block_input_queue,62,6,589331,589920,589
block_input_queue,62,7,589921,590510,589
block_input_queue,62,8,590511,591102,591
block_input_queue,62,9,591103,591692,589
block_input_queue,62,10,591693,592282,589
block_input_queue,62,11,592283,592872,589
block_input_queue,62,12,592873,593464,591
block_input_queue,62,13,593465,594054,589
block_input_queue,62,14,594055,594644,589
block_input_queue,62,15,594645,595234,589
block_input_queue,63,0,595235,595826,591
block_input_queue,63,1,595827,596416,589
block_input_queue,63,2,596417,597006,589
block_input_queue,63,3,597007,597596,589
block_input_queue,63,4,597597,598188,591
block_input_queue,63,5,598189,598778,589
block_input_queue,63,6,598779,599368,589
block_input_queue,63,7,599369,599958,589
block_input_queue,63,8,599959,600550,591
block_input_queue,63,9,600551,601140,589
block_input_queue,63,10,601141,601730,589
block_input_queue,63,11,601731,602320,589
block_input_queue,63,12,602321,602912,591
block_input_queue,63,13,602913,603502,589
block_input_queue,63,14,603503,604092,589
block_input_queue,63,15,604093,604682,589
normalization_to_ready,0,0,602,1006,404
normalization_to_ready,0,1,1007,1411,404
normalization_to_ready,0,2,1412,1816,404
normalization_to_ready,0,3,1817,2221,404
normalization_to_ready,0,4,2964,3368,404
normalization_to_ready,0,5,3554,3958,404
normalization_to_ready,0,6,4144,4548,404
normalization_to_ready,0,7,4734,5138,404
normalization_to_ready,0,8,5326,5730,404
normalization_to_ready,0,9,5916,6320,404
normalization_to_ready,0,10,6506,6910,404
normalization_to_ready,0,11,7096,7500,404
normalization_to_ready,0,12,7688,8092,404
normalization_to_ready,0,13,8278,8682,404
normalization_to_ready,0,14,8868,9272,404
normalization_to_ready,0,15,9458,9862,404
normalization_to_ready,1,0,10050,10454,404
normalization_to_ready,1,1,10640,11044,404
normalization_to_ready,1,2,11230,11634,404
normalization_to_ready,1,3,11820,12224,404
normalization_to_ready,1,4,12412,12816,404
normalization_to_ready,1,5,13002,13406,404
normalization_to_ready,1,6,13592,13996,404
normalization_to_ready,1,7,14182,14586,404
normalization_to_ready,1,8,14774,15178,404
normalization_to_ready,1,9,15364,15768,404
normalization_to_ready,1,10,15954,16358,404
normalization_to_ready,1,11,16544,16948,404
normalization_to_ready,1,12,17136,17540,404
normalization_to_ready,1,13,17726,18130,404
normalization_to_ready,1,14,18316,18720,404
normalization_to_ready,1,15,18906,19310,404
normalization_to_ready,2,0,19498,19902,404
normalization_to_ready,2,1,20088,20492,404
normalization_to_ready,2,2,20678,21082,404
normalization_to_ready,2,3,21268,21672,404
normalization_to_ready,2,4,21860,22264,404
normalization_to_ready,2,5,22450,22854,404
normalization_to_ready,2,6,23040,23444,404
normalization_to_ready,2,7,23630,24034,404
normalization_to_ready,2,8,24222,24626,404
normalization_to_ready,2,9,24812,25216,404
normalization_to_ready,2,10,25402,25806,404
normalization_to_ready,2,11,25992,26396,404
normalization_to_ready,2,12,26584,26988,404
normalization_to_ready,2,13,27174,27578,404
normalization_to_ready,2,14,27764,28168,404
normalization_to_ready,2,15,28354,28758,404
normalization_to_ready,3,0,28946,29350,404
normalization_to_ready,3,1,29536,29940,404
normalization_to_ready,3,2,30126,30530,404
normalization_to_ready,3,3,30716,31120,404
normalization_to_ready,3,4,31308,31712,404
normalization_to_ready,3,5,31898,32302,404
normalization_to_ready,3,6,32488,32892,404
normalization_to_ready,3,7,33078,33482,404
normalization_to_ready,3,8,33670,34074,404
normalization_to_ready,3,9,34260,34664,404
normalization_to_ready,3,10,34850,35254,404
normalization_to_ready,3,11,35440,35844,404
normalization_to_ready,3,12,36032,36436,404
normalization_to_ready,3,13,36622,37026,404
normalization_to_ready,3,14,37212,37616,404
normalization_to_ready,3,15,37802,38206,404
normalization_to_ready,4,0,38394,38798,404
normalization_to_ready,4,1,38984,39388,404
normalization_to_ready,4,2,39574,39978,404
normalization_to_ready,4,3,40164,40568,404
normalization_to_ready,4,4,40756,41160,404
normalization_to_ready,4,5,41346,41750,404
normalization_to_ready,4,6,41936,42340,404
normalization_to_ready,4,7,42526,42930,404
normalization_to_ready,4,8,43118,43522,404
normalization_to_ready,4,9,43708,44112,404
normalization_to_ready,4,10,44298,44702,404
normalization_to_ready,4,11,44888,45292,404
normalization_to_ready,4,12,45480,45884,404
normalization_to_ready,4,13,46070,46474,404
normalization_to_ready,4,14,46660,47064,404
normalization_to_ready,4,15,47250,47654,404
normalization_to_ready,5,0,47842,48246,404
normalization_to_ready,5,1,48432,48836,404
normalization_to_ready,5,2,49022,49426,404
normalization_to_ready,5,3,49612,50016,404
normalization_to_ready,5,4,50204,50608,404
normalization_to_ready,5,5,50794,51198,404
normalization_to_ready,5,6,51384,51788,404
normalization_to_ready,5,7,51974,52378,404
normalization_to_ready,5,8,52566,52970,404
normalization_to_ready,5,9,53156,53560,404
normalization_to_ready,5,10,53746,54150,404
normalization_to_ready,5,11,54336,54740,404
normalization_to_ready,5,12,54928,55332,404
normalization_to_ready,5,13,55518,55922,404
normalization_to_ready,5,14,56108,56512,404
normalization_to_ready,5,15,56698,57102,404
normalization_to_ready,6,0,57290,57694,404
normalization_to_ready,6,1,57880,58284,404
normalization_to_ready,6,2,58470,58874,404
normalization_to_ready,6,3,59060,59464,404
normalization_to_ready,6,4,59652,60056,404
normalization_to_ready,6,5,60242,60646,404
normalization_to_ready,6,6,60832,61236,404
normalization_to_ready,6,7,61422,61826,404
normalization_to_ready,6,8,62014,62418,404
normalization_to_ready,6,9,62604,63008,404
normalization_to_ready,6,10,63194,63598,404
normalization_to_ready,6,11,63784,64188,404
normalization_to_ready,6,12,64376,64780,404
normalization_to_ready,6,13,64966,65370,404
normalization_to_ready,6,14,65556,65960,404
normalization_to_ready,6,15,66146,66550,404
normalization_to_ready,7,0,66738,67142,404
normalization_to_ready,7,1,67328,67732,404
normalization_to_ready,7,2,67918,68322,404
normalization_to_ready,7,3,68508,68912,404
normalization_to_ready,7,4,69100,69504,404
normalization_to_ready,7,5,69690,70094,404
normalization_to_ready,7,6,70280,70684,404
normalization_to_ready,7,7,70870,71274,404
normalization_to_ready,7,8,71462,71866,404
normalization_to_ready,7,9,72052,72456,404
normalization_to_ready,7,10,72642,73046,404
normalization_to_ready,7,11,73232,73636,404
normalization_to_ready,7,12,73824,74228,404
normalization_to_ready,7,13,74414,74818,404
normalization_to_ready,7,14,75004,75408,404
normalization_to_ready,7,15,75594,75998,404
normalization_to_ready,8,0,76186,76590,404
normalization_to_ready,8,1,76776,77180,404
normalization_to_ready,8,2,77366,77770,404
normalization_to_ready,8,3,77956,78360,404
normalization_to_ready,8,4,78548,78952,404
normalization_to_ready,8,5,79138,79542,404
normalization_to_ready,8,6,79728,80132,404
normalization_to_ready,8,7,80318,80722,404
normalization_to_ready,8,8,80910,81314,404
normalization_to_ready,8,9,81500,81904,404
normalization_to_ready,8,10,82090,82494,404
normalization_to_ready,8,11,82680,83084,404
normalization_to_ready,8,12,83272,83676,404
normalization_to_ready,8,13,83862,84266,404
normalization_to_ready,8,14,84452,84856,404
normalization_to_ready,8,15,85042,85446,404
normalization_to_ready,9,0,85634,86038,404
normalization_to_ready,9,1,86224,86628,404
normalization_to_ready,9,2,86814,87218,404
normalization_to_ready,9,3,87404,87808,404
normalization_to_ready,9,4,87996,88400,404
normalization_to_ready,9,5,88586,88990,404
normalization_to_ready,9,6,89176,89580,404
normalization_to_ready,9,7,89766,90170,404
normalization_to_ready,9,8,90358,90762,404
normalization_to_ready,9,9,90948,91352,404
normalization_to_ready,9,10,91538,91942,404
normalization_to_ready,9,11,92128,92532,404
normalization_to_ready,9,12,92720,93124,404
normalization_to_ready,9,13,93310,93714,404
normalization_to_ready,9,14,93900,94304,404
normalization_to_ready,9,15,94490,94894,404
normalization_to_ready,10,0,95082,95486,404
normalization_to_ready,10,1,95672,96076,404
normalization_to_ready,10,2,96262,96666,404
normalization_to_ready,10,3,96852,97256,404
normalization_to_ready,10,4,97444,97848,404
normalization_to_ready,10,5,98034,98438,404
normalization_to_ready,10,6,98624,99028,404
normalization_to_ready,10,7,99214,99618,404
normalization_to_ready,10,8,99806,100210,404
normalization_to_ready,10,9,100396,100800,404
normalization_to_ready,10,10,100986,101390,404
normalization_to_ready,10,11,101576,101980,404
normalization_to_ready,10,12,102168,102572,404
normalization_to_ready,10,13,102758,103162,404
normalization_to_ready,10,14,103348,103752,404
normalization_to_ready,10,15,103938,104342,404
normalization_to_ready,11,0,104530,104934,404
normalization_to_ready,11,1,105120,105524,404
normalization_to_ready,11,2,105710,106114,404
normalization_to_ready,11,3,106300,106704,404
normalization_to_ready,11,4,106892,107296,404
normalization_to_ready,11,5,107482,107886,404
normalization_to_ready,11,6,108072,108476,404
normalization_to_ready,11,7,108662,109066,404
normalization_to_ready,11,8,109254,109658,404
normalization_to_ready,11,9,109844,110248,404
normalization_to_ready,11,10,110434,110838,404
normalization_to_ready,11,11,111024,111428,404
normalization_to_ready,11,12,111616,112020,404
normalization_to_ready,11,13,112206,112610,404
normalization_to_ready,11,14,112796,113200,404
normalization_to_ready,11,15,113386,113790,404
normalization_to_ready,12,0,113978,114382,404
normalization_to_ready,12,1,114568,114972,404
normalization_to_ready,12,2,115158,115562,404
normalization_to_ready,12,3,115748,116152,404
normalization_to_ready,12,4,116340,116744,404
normalization_to_ready,12,5,116930,117334,404
normalization_to_ready,12,6,117520,117924,404
normalization_to_ready,12,7,118110,118514,404
normalization_to_ready,12,8,118702,119106,404
normalization_to_ready,12,9,119292,119696,404
normalization_to_ready,12,10,119882,120286,404
normalization_to_ready,12,11,120472,120876,404
normalization_to_ready,12,12,121064,121468,404
normalization_to_ready,12,13,121654,122058,404
normalization_to_ready,12,14,122244,122648,404
normalization_to_ready,12,15,122834,123238,404
normalization_to_ready,13,0,123426,123830,404
normalization_to_ready,13,1,124016,124420,404
normalization_to_ready,13,2,124606,125010,404
normalization_to_ready,13,3,125196,125600,404
normalization_to_ready,13,4,125788,126192,404
normalization_to_ready,13,5,126378,126782,404
normalization_to_ready,13,6,126968,127372,404
normalization_to_ready,13,7,127558,127962,404
normalization_to_ready,13,8,128150,128554,404
normalization_to_ready,13,9,128740,129144,404
normalization_to_ready,13,10,129330,129734,404
normalization_to_ready,13,11,129920,130324,404
normalization_to_ready,13,12,130512,130916,404
normalization_to_ready,13,13,131102,131506,404
normalization_to_ready,13,14,131692,132096,404
normalization_to_ready,13,15,132282,132686,404
normalization_to_ready,14,0,132874,133278,404
normalization_to_ready,14,1,133464,133868,404
normalization_to_ready,14,2,134054,134458,404
normalization_to_ready,14,3,134644,135048,404
normalization_to_ready,14,4,135236,135640,404
normalization_to_ready,14,5,135826,136230,404
normalization_to_ready,14,6,136416,136820,404
normalization_to_ready,14,7,137006,137410,404
normalization_to_ready,14,8,137598,138002,404
normalization_to_ready,14,9,138188,138592,404
normalization_to_ready,14,10,138778,139182,404
normalization_to_ready,14,11,139368,139772,404
normalization_to_ready,14,12,139960,140364,404
normalization_to_ready,14,13,140550,140954,404
normalization_to_ready,14,14,141140,141544,404
normalization_to_ready,14,15,141730,142134,404
normalization_to_ready,15,0,142322,142726,404
normalization_to_ready,15,1,142912,143316,404
normalization_to_ready,15,2,143502,143906,404
normalization_to_ready,15,3,144092,144496,404
normalization_to_ready,15,4,144684,145088,404
normalization_to_ready,15,5,145274,145678,404
normalization_to_ready,15,6,145864,146268,404
normalization_to_ready,15,7,146454,146858,404
normalization_to_ready,15,8,147046,147450,404
normalization_to_ready,15,9,147636,148040,404
normalization_to_ready,15,10,148226,148630,404
normalization_to_ready,15,11,148816,149220,404
normalization_to_ready,15,12,149408,149812,404
normalization_to_ready,15,13,149998,150402,404
normalization_to_ready,15,14,150588,150992,404
normalization_to_ready,15,15,151178,151582,404
normalization_to_ready,16,0,151770,152174,404
normalization_to_ready,16,1,152360,152764,404
normalization_to_ready,16,2,152950,153354,404
normalization_to_ready,16,3,153540,153944,404
normalization_to_ready,16,4,154132,154536,404
normalization_to_ready,16,5,154722,155126,404
normalization_to_ready,16,6,155312,155716,404
normalization_to_ready,16,7,155902,156306,404
normalization_to_ready,16,8,156494,156898,404
normalization_to_ready,16,9,157084,157488,404
normalization_to_ready,16,10,157674,158078,404
normalization_to_ready,16,11,158264,158668,404
normalization_to_ready,16,12,158856,159260,404
normalization_to_ready,16,13,159446,159850,404
normalization_to_ready,16,14,160036,160440,404
normalization_to_ready,16,15,160626,161030,404
normalization_to_ready,17,0,161218,161622,404
normalization_to_ready,17,1,161808,162212,404
normalization_to_ready,17,2,162398,162802,404
normalization_to_ready,17,3,162988,163392,404
normalization_to_ready,17,4,163580,163984,404
normalization_to_ready,17,5,164170,164574,404
normalization_to_ready,17,6,164760,165164,404
normalization_to_ready,17,7,165350,165754,404
normalization_to_ready,17,8,165942,166346,404
normalization_to_ready,17,9,166532,166936,404
normalization_to_ready,17,10,167122,167526,404
normalization_to_ready,17,11,167712,168116,404
normalization_to_ready,17,12,168304,168708,404
normalization_to_ready,17,13,168894,169298,404
normalization_to_ready,17,14,169484,169888,404
normalization_to_ready,17,15,170074,170478,404
normalization_to_ready,18,0,170666,171070,404
normalization_to_ready,18,1,171256,171660,404
normalization_to_ready,18,2,171846,172250,404
normalization_to_ready,18,3,172436,172840,404
normalization_to_ready,18,4,173028,173432,404
normalization_to_ready,18,5,173618,174022,404
normalization_to_ready,18,6,174208,174612,404
normalization_to_ready,18,7,174798,175202,404
normalization_to_ready,18,8,175390,175794,404
normalization_to_ready,18,9,175980,176384,404
normalization_to_ready,18,10,176570,176974,404
normalization_to_ready,18,11,177160,177564,404
normalization_to_ready,18,12,177752,178156,404
normalization_to_ready,18,13,178342,178746,404
normalization_to_ready,18,14,178932,179336,404
normalization_to_ready,18,15,179522,179926,404
normalization_to_ready,19,0,180114,180518,404
normalization_to_ready,19,1,180704,181108,404
normalization_to_ready,19,2,181294,181698,404
normalization_to_ready,19,3,181884,182288,404
normalization_to_ready,19,4,182476,182880,404
normalization_to_ready,19,5,183066,183470,404
normalization_to_ready,19,6,183656,184060,404
normalization_to_ready,19,7,184246,184650,404
normalization_to_ready,19,8,184838,185242,404
normalization_to_ready,19,9,185428,185832,404
normalization_to_ready,19,10,186018,186422,404
normalization_to_ready,19,11,186608,187012,404
normalization_to_ready,19,12,187200,187604,404
normalization_to_ready,19,13,187790,188194,404
normalization_to_ready,19,14,188380,188784,404
normalization_to_ready,19,15,188970,189374,404
normalization_to_ready,20,0,189562,189966,404
normalization_to_ready,20,1,190152,190556,404
normalization_to_ready,20,2,190742,191146,404
normalization_to_ready,20,3,191332,191736,404
normalization_to_ready,20,4,191924,192328,404
normalization_to_ready,20,5,192514,192918,404
normalization_to_ready,20,6,193104,193508,404
normalization_to_ready,20,7,193694,194098,404
normalization_to_ready,20,8,194286,194690,404
normalization_to_ready,20,9,194876,195280,404
normalization_to_ready,20,10,195466,195870,404
normalization_to_ready,20,11,196056,196460,404
normalization_to_ready,20,12,196648,197052,404
normalization_to_ready,20,13,197238,197642,404
normalization_to_ready,20,14,197828,198232,404
normalization_to_ready,20,15,198418,198822,404
normalization_to_ready,21,0,199010,199414,404
normalization_to_ready,21,1,199600,200004,404
normalization_to_ready,21,2,200190,200594,404
normalization_to_ready,21,3,200780,201184,404
normalization_to_ready,21,4,201372,201776,404
normalization_to_ready,21,5,201962,202366,404
normalization_to_ready,21,6,202552,202956,404
normalization_to_ready,21,7,203142,203546,404
normalization_to_ready,21,8,203734,204138,404
normalization_to_ready,21,9,204324,204728,404
normalization_to_ready,21,10,204914,205318,404
normalization_to_ready,21,11,205504,205908,404
normalization_to_ready,21,12,206096,206500,404
normalization_to_ready,21,13,206686,207090,404
normalization_to_ready,21,14,207276,207680,404
normalization_to_ready,21,15,207866,208270,404
normalization_to_ready,22,0,208458,208862,404
normalization_to_ready,22,1,209048,209452,404
normalization_to_ready,22,2,209638,210042,404
normalization_to_ready,22,3,210228,210632,404
normalization_to_ready,22,4,210820,211224,404
normalization_to_ready,22,5,211410,211814,404
normalization_to_ready,22,6,212000,212404,404
normalization_to_ready,22,7,212590,212994,404
normalization_to_ready,22,8,213182,213586,404
normalization_to_ready,22,9,213772,214176,404
normalization_to_ready,22,10,214362,214766,404
normalization_to_ready,22,11,214952,215356,404
normalization_to_ready,22,12,215544,215948,404
normalization_to_ready,22,13,216134,216538,404
normalization_to_ready,22,14,216724,217128,404
normalization_to_ready,22,15,217314,217718,404
normalization_to_ready,23,0,217906,218310,404
normalization_to_ready,23,1,218496,218900,404
normalization_to_ready,23,2,219086,219490,404
normalization_to_ready,23,3,219676,220080,404
normalization_to_ready,23,4,220268,220672,404
normalization_to_ready,23,5,220858,221262,404
normalization_to_ready,23,6,221448,221852,404
normalization_to_ready,23,7,222038,222442,404
normalization_to_ready,23,8,222630,223034,404
normalization_to_ready,23,9,223220,223624,404
normalization_to_ready,23,10,223810,224214,404
normalization_to_ready,23,11,224400,224804,404
normalization_to_ready,23,12,224992,225396,404
normalization_to_ready,23,13,225582,225986,404
normalization_to_ready,23,14,226172,226576,404
normalization_to_ready,23,15,226762,227166,404
normalization_to_ready,24,0,227354,227758,404
normalization_to_ready,24,1,227944,228348,404
normalization_to_ready,24,2,228534,228938,404
normalization_to_ready,24,3,229124,229528,404
normalization_to_ready,24,4,229716,230120,404
normalization_to_ready,24,5,230306,230710,404
normalization_to_ready,24,6,230896,231300,404
normalization_to_ready,24,7,231486,231890,404
normalization_to_ready,24,8,232078,232482,404
normalization_to_ready,24,9,232668,233072,404
normalization_to_ready,24,10,233258,233662,404
normalization_to_ready,24,11,233848,234252,404
normalization_to_ready,24,12,234440,234844,404
normalization_to_ready,24,13,235030,235434,404
normalization_to_ready,24,14,235620,236024,404
normalization_to_ready,24,15,236210,236614,404
normalization_to_ready,25,0,236802,237206,404
normalization_to_ready,25,1,237392,237796,404
normalization_to_ready,25,2,237982,238386,404
normalization_to_ready,25,3,238572,238976,404
normalization_to_ready,25,4,239164,239568,404
normalization_to_ready,25,5,239754,240158,404
normalization_to_ready,25,6,240344,240748,404
normalization_to_ready,25,7,240934,241338,404
normalization_to_ready,25,8,241526,241930,404
normalization_to_ready,25,9,242116,242520,404
normalization_to_ready,25,10,242706,243110,404
normalization_to_ready,25,11,243296,243700,404
normalization_to_ready,25,12,243888,244292,404
normalization_to_ready,25,13,244478,244882,404
normalization_to_ready,25,14,245068,245472,404
normalization_to_ready,25,15,245658,246062,404
normalization_to_ready,26,0,246250,246654,404
normalization_to_ready,26,1,246840,247244,404
normalization_to_ready,26,2,247430,247834,404
normalization_to_ready,26,3,248020,248424,404
normalization_to_ready,26,4,248612,249016,404
normalization_to_ready,26,5,249202,249606,404
normalization_to_ready,26,6,249792,250196,404
normalization_to_ready,26,7,250382,250786,404
normalization_to_ready,26,8,250974,251378,404
normalization_to_ready,26,9,251564,251968,404
normalization_to_ready,26,10,252154,252558,404
normalization_to_ready,26,11,252744,253148,404
normalization_to_ready,26,12,253336,253740,404
normalization_to_ready,26,13,253926,254330,404
normalization_to_ready,26,14,254516,254920,404
normalization_to_ready,26,15,255106,255510,404
normalization_to_ready,27,0,255698,256102,404
normalization_to_ready,27,1,256288,256692,404
normalization_to_ready,27,2,256878,257282,404
normalization_to_ready,27,3,257468,257872,404
normalization_to_ready,27,4,258060,258464,404
normalization_to_ready,27,5,258650,259054,404
normalization_to_ready,27,6,259240,259644,404
normalization_to_ready,27,7,259830,260234,404
normalization_to_ready,27,8,260422,260826,404
normalization_to_ready,27,9,261012,261416,404
normalization_to_ready,27,10,261602,262006,404
normalization_to_ready,27,11,262192,262596,404
normalization_to_ready,27,12,262784,263188,404
normalization_to_ready,27,13,263374,263778,404
normalization_to_ready,27,14,263964,264368,404
normalization_to_ready,27,15,264554,264958,404
normalization_to_ready,28,0,265146,265550,404
normalization_to_ready,28,1,265736,266140,404
normalization_to_ready,28,2,266326,266730,404
normalization_to_ready,28,3,266916,267320,404
normalization_to_ready,28,4,267508,267912,404
normalization_to_ready,28,5,268098,268502,404
normalization_to_ready,28,6,268688,269092,404
normalization_to_ready,28,7,269278,269682,404
normalization_to_ready,28,8,269870,270274,404
normalization_to_ready,28,9,270460,270864,404
normalization_to_ready,28,10,271050,271454,404
normalization_to_ready,28,11,271640,272044,404
normalization_to_ready,28,12,272232,272636,404
normalization_to_ready,28,13,272822,273226,404
normalization_to_ready,28,14,273412,273816,404
normalization_to_ready,28,15,274002,274406,404
normalization_to_ready,29,0,274594,274998,404
normalization_to_ready,29,1,275184,275588,404
normalization_to_ready,29,2,275774,276178,404
normalization_to_ready,29,3,276364,276768,404
normalization_to_ready,29,4,276956,277360,404
normalization_to_ready,29,5,277546,277950,404
normalization_to_ready,29,6,278136,278540,404
normalization_to_ready,29,7,278726,279130,404
normalization_to_ready,29,8,279318,279722,404
normalization_to_ready,29,9,279908,280312,404
normalization_to_ready,29,10,280498,280902,404
normalization_to_ready,29,11,281088,281492,404
normalization_to_ready,29,12,281680,282084,404
normalization_to_ready,29,13,282270,282674,404
normalization_to_ready,29,14,282860,283264,404
normalization_to_ready,29,15,283450,283854,404
normalization_to_ready,30,0,284042,284446,404
normalization_to_ready,30,1,284632,285036,404
normalization_to_ready,30,2,285222,285626,404
normalization_to_ready,30,3,285812,286216,404
normalization_to_ready,30,4,286404,286808,404
normalization_to_ready,30,5,286994,287398,404
normalization_to_ready,30,6,287584,287988,404
normalization_to_ready,30,7,288174,288578,404
normalization_to_ready,30,8,288766,289170,404
normalization_to_ready,30,9,289356,289760,404
normalization_to_ready,30,10,289946,290350,404
normalization_to_ready,30,11,290536,290940,404
normalization_to_ready,30,12,291128,291532,404
normalization_to_ready,30,13,291718,292122,404
normalization_to_ready,30,14,292308,292712,404
normalization_to_ready,30,15,292898,293302,404
normalization_to_ready,31,0,293490,293894,404
normalization_to_ready,31,1,294080,294484,404
normalization_to_ready,31,2,294670,295074,404
normalization_to_ready,31,3,295260,295664,404
normalization_to_ready,31,4,295852,296256,404
normalization_to_ready,31,5,296442,296846,404
normalization_to_ready,31,6,297032,297436,404
normalization_to_ready,31,7,297622,298026,404
normalization_to_ready,31,8,298214,298618,404
normalization_to_ready,31,9,298804,299208,404
normalization_to_ready,31,10,299394,299798,404
normalization_to_ready,31,11,299984,300388,404
normalization_to_ready,31,12,300576,300980,404
normalization_to_ready,31,13,301166,301570,404
normalization_to_ready,31,14,301756,302160,404
normalization_to_ready,31,15,302346,302750,404
normalization_to_ready,32,0,302938,303342,404
normalization_to_ready,32,1,303528,303932,404
normalization_to_ready,32,2,304118,304522,404
normalization_to_ready,32,3,304708,305112,404
normalization_to_ready,32,4,305300,305704,404
normalization_to_ready,32,5,305890,306294,404
normalization_to_ready,32,6,306480,306884,404
normalization_to_ready,32,7,307070,307474,404
normalization_to_ready,32,8,307662,308066,404
normalization_to_ready,32,9,308252,308656,404
normalization_to_ready,32,10,308842,309246,404
normalization_to_ready,32,11,309432,309836,404
normalization_to_ready,32,12,310024,310428,404
normalization_to_ready,32,13,310614,311018,404
normalization_to_ready,32,14,311204,311608,404
normalization_to_ready,32,15,311794,312198,404
normalization_to_ready,33,0,312386,312790,404
normalization_to_ready,33,1,312976,313380,404
normalization_to_ready,33,2,313566,313970,404
normalization_to_ready,33,3,314156,314560,404
normalization_to_ready,33,4,314748,315152,404
normalization_to_ready,33,5,315338,315742,404
normalization_to_ready,33,6,315928,316332,404
normalization_to_ready,33,7,316518,316922,404
normalization_to_ready,33,8,317110,317514,404
normalization_to_ready,33,9,317700,318104,404
normalization_to_ready,33,10,318290,318694,404
normalization_to_ready,33,11,318880,319284,404
normalization_to_ready,33,12,319472,319876,404
normalization_to_ready,33,13,320062,320466,404
normalization_to_ready,33,14,320652,321056,404
normalization_to_ready,33,15,321242,321646,404
normalization_to_ready,34,0,321834,322238,404
normalization_to_ready,34,1,322424,322828,404
normalization_to_ready,34,2,323014,323418,404
normalization_to_ready,34,3,323604,324008,404
normalization_to_ready,34,4,324196,324600,404
normalization_to_ready,34,5,324786,325190,404
normalization_to_ready,34,6,325376,325780,404
normalization_to_ready,34,7,325966,326370,404
normalization_to_ready,34,8,326558,326962,404
normalization_to_ready,34,9,327148,327552,404
normalization_to_ready,34,10,327738,328142,404
normalization_to_ready,34,11,328328,328732,404
normalization_to_ready,34,12,328920,329324,404
normalization_to_ready,34,13,329510,329914,404
normalization_to_ready,34,14,330100,330504,404
normalization_to_ready,34,15,330690,331094,404
normalization_to_ready,35,0,331282,331686,404
normalization_to_ready,35,1,331872,332276,404
normalization_to_ready,35,2,332462,332866,404
normalization_to_ready,35,3,333052,333456,404
normalization_to_ready,35,4,333644,334048,404
normalization_to_ready,35,5,334234,334638,404
normalization_to_ready,35,6,334824,335228,404
normalization_to_ready,35,7,335414,335818,404
normalization_to_ready,35,8,336006,336410,404
normalization_to_ready,35,9,336596,337000,404
normalization_to_ready,35,10,337186,337590,404
normalization_to_ready,35,11,337776,338180,404
normalization_to_ready,35,12,338368,338772,404
normalization_to_ready,35,13,338958,339362,404
normalization_to_ready,35,14,339548,339952,404
normalization_to_ready,35,15,340138,340542,404
normalization_to_ready,36,0,340730,341134,404
normalization_to_ready,36,1,341320,341724,404
normalization_to_ready,36,2,341910,342314,404
normalization_to_ready,36,3,342500,342904,404
normalization_to_ready,36,4,343092,343496,404
normalization_to_ready,36,5,343682,344086,404
normalization_to_ready,36,6,344272,344676,404
normalization_to_ready,36,7,344862,345266,404
normalization_to_ready,36,8,345454,345858,404
normalization_to_ready,36,9,346044,346448,404
normalization_to_ready,36,10,346634,347038,404
normalization_to_ready,36,11,347224,347628,404
normalization_to_ready,36,12,347816,348220,404
normalization_to_ready,36,13,348406,348810,404
normalization_to_ready,36,14,348996,349400,404
normalization_to_ready,36,15,349586,349990,404
normalization_to_ready,37,0,350178,350582,404
normalization_to_ready,37,1,350768,351172,404
normalization_to_ready,37,2,351358,351762,404
normalization_to_ready,37,3,351948,352352,404
normalization_to_ready,37,4,352540,352944,404
normalization_to_ready,37,5,353130,353534,404
normalization_to_ready,37,6,353720,354124,404
normalization_to_ready,37,7,354310,354714,404
normalization_to_ready,37,8,354902,355306,404
normalization_to_ready,37,9,355492,355896,404
normalization_to_ready,37,10,356082,356486,404
normalization_to_ready,37,11,356672,357076,404
normalization_to_ready,37,12,357264,357668,404
normalization_to_ready,37,13,357854,358258,404
normalization_to_ready,37,14,358444,358848,404
normalization_to_ready,37,15,359034,359438,404
normalization_to_ready,38,0,359626,360030,404
normalization_to_ready,38,1,360216,360620,404
normalization_to_ready,38,2,360806,361210,404
normalization_to_ready,38,3,361396,361800,404
normalization_to_ready,38,4,361988,362392,404
normalization_to_ready,38,5,362578,362982,404
normalization_to_ready,38,6,363168,363572,404
normalization_to_ready,38,7,363758,364162,404
normalization_to_ready,38,8,364350,364754,404
normalization_to_ready,38,9,364940,365344,404
normalization_to_ready,38,10,365530,365934,404
normalization_to_ready,38,11,366120,366524,404
normalization_to_ready,38,12,366712,367116,404
normalization_to_ready,38,13,367302,367706,404
normalization_to_ready,38,14,367892,368296,404
normalization_to_ready,38,15,368482,368886,404
normalization_to_ready,39,0,369074,369478,404
normalization_to_ready,39,1,369664,370068,404
normalization_to_ready,39,2,370254,370658,404
normalization_to_ready,39,3,370844,371248,404
normalization_to_ready,39,4,371436,371840,404
normalization_to_ready,39,5,372026,372430,404
normalization_to_ready,39,6,372616,373020,404
normalization_to_ready,39,7,373206,373610,404
normalization_to_ready,39,8,373798,374202,404
normalization_to_ready,39,9,374388,374792,404
normalization_to_ready,39,10,374978,375382,404
normalization_to_ready,39,11,375568,375972,404
normalization_to_ready,39,12,376160,376564,404
normalization_to_ready,39,13,376750,377154,404
normalization_to_ready,39,14,377340,377744,404
normalization_to_ready,39,15,377930,378334,404
normalization_to_ready,40,0,378522,378926,404
normalization_to_ready,40,1,379112,379516,404
normalization_to_ready,40,2,379702,380106,404
normalization_to_ready,40,3,380292,380696,404
normalization_to_ready,40,4,380884,381288,404
normalization_to_ready,40,5,381474,381878,404
normalization_to_ready,40,6,382064,382468,404
normalization_to_ready,40,7,382654,383058,404
normalization_to_ready,40,8,383246,383650,404
normalization_to_ready,40,9,383836,384240,404
normalization_to_ready,40,10,384426,384830,404
normalization_to_ready,40,11,385016,385420,404
normalization_to_ready,40,12,385608,386012,404
normalization_to_ready,40,13,386198,386602,404
normalization_to_ready,40,14,386788,387192,404
normalization_to_ready,40,15,387378,387782,404
normalization_to_ready,41,0,387970,388374,404
normalization_to_ready,41,1,388560,388964,404
normalization_to_ready,41,2,389150,389554,404
normalization_to_ready,41,3,389740,390144,404
normalization_to_ready,41,4,390332,390736,404
normalization_to_ready,41,5,390922,391326,404
normalization_to_ready,41,6,391512,391916,404
normalization_to_ready,41,7,392102,392506,404
normalization_to_ready,41,8,392694,393098,404
normalization_to_ready,41,9,393284,393688,404
normalization_to_ready,41,10,393874,394278,404
normalization_to_ready,41,11,394464,394868,404
normalization_to_ready,41,12,395056,395460,404
normalization_to_ready,41,13,395646,396050,404
normalization_to_ready,41,14,396236,396640,404
normalization_to_ready,41,15,396826,397230,404
normalization_to_ready,42,0,397418,397822,404
normalization_to_ready,42,1,398008,398412,404
normalization_to_ready,42,2,398598,399002,404
normalization_to_ready,42,3,399188,399592,404
normalization_to_ready,42,4,399780,400184,404
normalization_to_ready,42,5,400370,400774,404
normalization_to_ready,42,6,400960,401364,404
normalization_to_ready,42,7,401550,401954,404
normalization_to_ready,42,8,402142,402546,404
normalization_to_ready,42,9,402732,403136,404
normalization_to_ready,42,10,403322,403726,404
normalization_to_ready,42,11,403912,404316,404
normalization_to_ready,42,12,404504,404908,404
normalization_to_ready,42,13,405094,405498,404
normalization_to_ready,42,14,405684,406088,404
normalization_to_ready,42,15,406274,406678,404
normalization_to_ready,43,0,406866,407270,404
normalization_to_ready,43,1,407456,407860,404
normalization_to_ready,43,2,408046,408450,404
normalization_to_ready,43,3,408636,409040,404
normalization_to_ready,43,4,409228,409632,404
normalization_to_ready,43,5,409818,410222,404
normalization_to_ready,43,6,410408,410812,404
normalization_to_ready,43,7,410998,411402,404
normalization_to_ready,43,8,411590,411994,404
normalization_to_ready,43,9,412180,412584,404
normalization_to_ready,43,10,412770,413174,404
normalization_to_ready,43,11,413360,413764,404
normalization_to_ready,43,12,413952,414356,404
normalization_to_ready,43,13,414542,414946,404
normalization_to_ready,43,14,415132,415536,404
normalization_to_ready,43,15,415722,416126,404
normalization_to_ready,44,0,416314,416718,404
normalization_to_ready,44,1,416904,417308,404
normalization_to_ready,44,2,417494,417898,404
normalization_to_ready,44,3,418084,418488,404
normalization_to_ready,44,4,418676,419080,404
normalization_to_ready,44,5,419266,419670,404
normalization_to_ready,44,6,419856,420260,404
normalization_to_ready,44,7,420446,420850,404
normalization_to_ready,44,8,421038,421442,404
normalization_to_ready,44,9,421628,422032,404
normalization_to_ready,44,10,422218,422622,404
normalization_to_ready,44,11,422808,423212,404
normalization_to_ready,44,12,423400,423804,404
normalization_to_ready,44,13,423990,424394,404
normalization_to_ready,44,14,424580,424984,404
normalization_to_ready,44,15,425170,425574,404
normalization_to_ready,45,0,425762,426166,404
normalization_to_ready,45,1,426352,426756,404
normalization_to_ready,45,2,426942,427346,404
normalization_to_ready,45,3,427532,427936,404
normalization_to_ready,45,4,428124,428528,404
normalization_to_ready,45,5,428714,429118,404
normalization_to_ready,45,6,429304,429708,404
normalization_to_ready,45,7,429894,430298,404
normalization_to_ready,45,8,430486,430890,404
normalization_to_ready,45,9,431076,431480,404
normalization_to_ready,45,10,431666,432070,404
normalization_to_ready,45,11,432256,432660,404
normalization_to_ready,45,12,432848,433252,404
normalization_to_ready,45,13,433438,433842,404
normalization_to_ready,45,14,434028,434432,404
normalization_to_ready,45,15,434618,435022,404
normalization_to_ready,46,0,435210,435614,404
normalization_to_ready,46,1,435800,436204,404
normalization_to_ready,46,2,436390,436794,404
normalization_to_ready,46,3,436980,437384,404
normalization_to_ready,46,4,437572,437976,404
normalization_to_ready,46,5,438162,438566,404
normalization_to_ready,46,6,438752,439156,404
normalization_to_ready,46,7,439342,439746,404
normalization_to_ready,46,8,439934,440338,404
normalization_to_ready,46,9,440524,440928,404
normalization_to_ready,46,10,441114,441518,404
normalization_to_ready,46,11,441704,442108,404
normalization_to_ready,46,12,442296,442700,404
normalization_to_ready,46,13,442886,443290,404
normalization_to_ready,46,14,443476,443880,404
normalization_to_ready,46,15,444066,444470,404
normalization_to_ready,47,0,444658,445062,404
normalization_to_ready,47,1,445248,445652,404
normalization_to_ready,47,2,445838,446242,404
normalization_to_ready,47,3,446428,446832,404
normalization_to_ready,47,4,447020,447424,404
normalization_to_ready,47,5,447610,448014,404
normalization_to_ready,47,6,448200,448604,404
normalization_to_ready,47,7,448790,449194,404
normalization_to_ready,47,8,449382,449786,404
normalization_to_ready,47,9,449972,450376,404
normalization_to_ready,47,10,450562,450966,404
normalization_to_ready,47,11,451152,451556,404
normalization_to_ready,47,12,451744,452148,404
normalization_to_ready,47,13,452334,452738,404
normalization_to_ready,47,14,452924,453328,404
normalization_to_ready,47,15,453514,453918,404
normalization_to_ready,48,0,454106,454510,404
normalization_to_ready,48,1,454696,455100,404
normalization_to_ready,48,2,455286,455690,404
normalization_to_ready,48,3,455876,456280,404
normalization_to_ready,48,4,456468,456872,404
normalization_to_ready,48,5,457058,457462,404
normalization_to_ready,48,6,457648,458052,404
normalization_to_ready,48,7,458238,458642,404
normalization_to_ready,48,8,458830,459234,404
normalization_to_ready,48,9,459420,459824,404
normalization_to_ready,48,10,460010,460414,404
normalization_to_ready,48,11,460600,461004,404
normalization_to_ready,48,12,461192,461596,404
normalization_to_ready,48,13,461782,462186,404
normalization_to_ready,48,14,462372,462776,404
normalization_to_ready,48,15,462962,463366,404
normalization_to_ready,49,0,463554,463958,404
normalization_to_ready,49,1,464144,464548,404
normalization_to_ready,49,2,464734,465138,404
normalization_to_ready,49,3,465324,465728,404
normalization_to_ready,49,4,465916,466320,404
normalization_to_ready,49,5,466506,466910,404
normalization_to_ready,49,6,467096,467500,404
normalization_to_ready,49,7,467686,468090,404
normalization_to_ready,49,8,468278,468682,404
normalization_to_ready,49,9,468868,469272,404
normalization_to_ready,49,10,469458,469862,404
normalization_to_ready,49,11,470048,470452,404
normalization_to_ready,49,12,470640,471044,404
normalization_to_ready,49,13,471230,471634,404
normalization_to_ready,49,14,471820,472224,404
normalization_to_ready,49,15,472410,472814,404
normalization_to_ready,50,0,473002,473406,404
normalization_to_ready,50,1,473592,473996,404
normalization_to_ready,50,2,474182,474586,404
normalization_to_ready,50,3,474772,475176,404
normalization_to_ready,50,4,475364,475768,404
normalization_to_ready,50,5,475954,476358,404
normalization_to_ready,50,6,476544,476948,404
normalization_to_ready,50,7,477134,477538,404
normalization_to_ready,50,8,477726,478130,404
normalization_to_ready,50,9,478316,478720,404
normalization_to_ready,50,10,478906,479310,404
normalization_to_ready,50,11,479496,479900,404
normalization_to_ready,50,12,480088,480492,404
normalization_to_ready,50,13,480678,481082,404
normalization_to_ready,50,14,481268,481672,404
normalization_to_ready,50,15,481858,482262,404
normalization_to_ready,51,0,482450,482854,404
normalization_to_ready,51,1,483040,483444,404
normalization_to_ready,51,2,483630,484034,404
normalization_to_ready,51,3,484220,484624,404
normalization_to_ready,51,4,484812,485216,404
normalization_to_ready,51,5,485402,485806,404
normalization_to_ready,51,6,485992,486396,404
normalization_to_ready,51,7,486582,486986,404
normalization_to_ready,51,8,487174,487578,404
normalization_to_ready,51,9,487764,488168,404
normalization_to_ready,51,10,488354,488758,404
normalization_to_ready,51,11,488944,489348,404
normalization_to_ready,51,12,489536,489940,404
normalization_to_ready,51,13,490126,490530,404
normalization_to_ready,51,14,490716,491120,404
normalization_to_ready,51,15,491306,491710,404
normalization_to_ready,52,0,491898,492302,404
normalization_to_ready,52,1,492488,492892,404
normalization_to_ready,52,2,493078,493482,404
normalization_to_ready,52,3,493668,494072,404
normalization_to_ready,52,4,494260,494664,404
normalization_to_ready,52,5,494850,495254,404
normalization_to_ready,52,6,495440,495844,404
normalization_to_ready,52,7,496030,496434,404
normalization_to_ready,52,8,496622,497026,404
normalization_to_ready,52,9,497212,497616,404
normalization_to_ready,52,10,497802,498206,404
normalization_to_ready,52,11,498392,498796,404
normalization_to_ready,52,12,498984,499388,404
normalization_to_ready,52,13,499574,499978,404
normalization_to_ready,52,14,500164,500568,404
normalization_to_ready,52,15,500754,501158,404
normalization_to_ready,53,0,501346,501750,404
normalization_to_ready,53,1,501936,502340,404
normalization_to_ready,53,2,502526,502930,404
normalization_to_ready,53,3,503116,503520,404
normalization_to_ready,53,4,503708,504112,404
normalization_to_ready,53,5,504298,504702,404
normalization_to_ready,53,6,504888,505292,404
normalization_to_ready,53,7,505478,505882,404
normalization_to_ready,53,8,506070,506474,404
normalization_to_ready,53,9,506660,507064,404
normalization_to_ready,53,10,507250,507654,404
normalization_to_ready,53,11,507840,508244,404
normalization_to_ready,53,12,508432,508836,404
normalization_to_ready,53,13,509022,509426,404
normalization_to_ready,53,14,509612,510016,404
normalization_to_ready,53,15,510202,510606,404
normalization_to_ready,54,0,510794,511198,404
normalization_to_ready,54,1,511384,511788,404
normalization_to_ready,54,2,511974,512378,404
normalization_to_ready,54,3,512564,512968,404
normalization_to_ready,54,4,513156,513560,404
normalization_to_ready,54,5,513746,514150,404
normalization_to_ready,54,6,514336,514740,404
normalization_to_ready,54,7,514926,515330,404
normalization_to_ready,54,8,515518,515922,404
normalization_to_ready,54,9,516108,516512,404
normalization_to_ready,54,10,516698,517102,404
normalization_to_ready,54,11,517288,517692,404
normalization_to_ready,54,12,517880,518284,404
normalization_to_ready,54,13,518470,518874,404
normalization_to_ready,54,14,519060,519464,404
normalization_to_ready,54,15,519650,520054,404
normalization_to_ready,55,0,520242,520646,404
normalization_to_ready,55,1,520832,521236,404
normalization_to_ready,55,2,521422,521826,404
normalization_to_ready,55,3,522012,522416,404
normalization_to_ready,55,4,522604,523008,404
normalization_to_ready,55,5,523194,523598,404
normalization_to_ready,55,6,523784,524188,404
normalization_to_ready,55,7,524374,524778,404
normalization_to_ready,55,8,524966,525370,404
normalization_to_ready,55,9,525556,525960,404
normalization_to_ready,55,10,526146,526550,404
normalization_to_ready,55,11,526736,527140,404
normalization_to_ready,55,12,527328,527732,404
normalization_to_ready,55,13,527918,528322,404
normalization_to_ready,55,14,528508,528912,404
normalization_to_ready,55,15,529098,529502,404
normalization_to_ready,56,0,529690,530094,404
normalization_to_ready,56,1,530280,530684,404
normalization_to_ready,56,2,530870,531274,404
normalization_to_ready,56,3,531460,531864,404
normalization_to_ready,56,4,532052,532456,404
normalization_to_ready,56,5,532642,533046,404
normalization_to_ready,56,6,533232,533636,404
normalization_to_ready,56,7,533822,534226,404
normalization_to_ready,56,8,534414,534818,404
normalization_to_ready,56,9,535004,535408,404
normalization_to_ready,56,10,535594,535998,404
normalization_to_ready,56,11,536184,536588,404
normalization_to_ready,56,12,536776,537180,404
normalization_to_ready,56,13,537366,537770,404
normalization_to_ready,56,14,537956,538360,404
normalization_to_ready,56,15,538546,538950,404
normalization_to_ready,57,0,539138,539542,404
normalization_to_ready,57,1,539728,540132,404
normalization_to_ready,57,2,540318,540722,404
normalization_to_ready,57,3,540908,541312,404
normalization_to_ready,57,4,541500,541904,404
normalization_to_ready,57,5,542090,542494,404
normalization_to_ready,57,6,542680,543084,404
normalization_to_ready,57,7,543270,543674,404
normalization_to_ready,57,8,543862,544266,404
normalization_to_ready,57,9,544452,544856,404
normalization_to_ready,57,10,545042,545446,404
normalization_to_ready,57,11,545632,546036,404
normalization_to_ready,57,12,546224,546628,404
normalization_to_ready,57,13,546814,547218,404
normalization_to_ready,57,14,547404,547808,404
normalization_to_ready,57,15,547994,548398,404
normalization_to_ready,58,0,548586,548990,404
normalization_to_ready,58,1,549176,549580,404
normalization_to_ready,58,2,549766,550170,404
normalization_to_ready,58,3,550356,550760,404
normalization_to_ready,58,4,550948,551352,404
normalization_to_ready,58,5,551538,551942,404
normalization_to_ready,58,6,552128,552532,404
normalization_to_ready,58,7,552718,553122,404
normalization_to_ready,58,8,553310,553714,404
normalization_to_ready,58,9,553900,554304,404
normalization_to_ready,58,10,554490,554894,404
normalization_to_ready,58,11,555080,555484,404
normalization_to_ready,58,12,555672,556076,404
normalization_to_ready,58,13,556262,556666,404
normalization_to_ready,58,14,556852,557256,404
normalization_to_ready,58,15,557442,557846,404
normalization_to_ready,59,0,558034,558438,404
normalization_to_ready,59,1,558624,559028,404
normalization_to_ready,59,2,559214,559618,404
normalization_to_ready,59,3,559804,560208,404
normalization_to_ready,59,4,560396,560800,404
normalization_to_ready,59,5,560986,561390,404
normalization_to_ready,59,6,561576,561980,404
normalization_to_ready,59,7,562166,562570,404
normalization_to_ready,59,8,562758,563162,404
normalization_to_ready,59,9,563348,563752,404
normalization_to_ready,59,10,563938,564342,404
normalization_to_ready,59,11,564528,564932,404
normalization_to_ready,59,12,565120,565524,404
normalization_to_ready,59,13,565710,566114,404
normalization_to_ready,59,14,566300,566704,404
normalization_to_ready,59,15,566890,567294,404
normalization_to_ready,60,0,567482,567886,404
normalization_to_ready,60,1,568072,568476,404
normalization_to_ready,60,2,568662,569066,404
normalization_to_ready,60,3,569252,569656,404
normalization_to_ready,60,4,569844,570248,404
normalization_to_ready,60,5,570434,570838,404
normalization_to_ready,60,6,571024,571428,404
normalization_to_ready,60,7,571614,572018,404
normalization_to_ready,60,8,572206,572610,404
normalization_to_ready,60,9,572796,573200,404
normalization_to_ready,60,10,573386,573790,404
normalization_to_ready,60,11,573976,574380,404
normalization_to_ready,60,12,574568,574972,404
normalization_to_ready,60,13,575158,575562,404
normalization_to_ready,60,14,575748,576152,404
normalization_to_ready,60,15,576338,576742,404
normalization_to_ready,61,0,576930,577334,404
normalization_to_ready,61,1,577520,577924,404
normalization_to_ready,61,2,578110,578514,404
normalization_to_ready,61,3,578700,579104,404
normalization_to_ready,61,4,579292,579696,404
normalization_to_ready,61,5,579882,580286,404
normalization_to_ready,61,6,580472,580876,404
normalization_to_ready,61,7,581062,581466,404
normalization_to_ready,61,8,581654,582058,404
normalization_to_ready,61,9,582244,582648,404
normalization_to_ready,61,10,582834,583238,404
normalization_to_ready,61,11,583424,583828,404
normalization_to_ready,61,12,584016,584420,404
normalization_to_ready,61,13,584606,585010,404
normalization_to_ready,61,14,585196,585600,404
normalization_to_ready,61,15,585786,586190,404
normalization_to_ready,62,0,586378,586782,404
normalization_to_ready,62,1,586968,587372,404
normalization_to_ready,62,2,587558,587962,404
normalization_to_ready,62,3,588148,588552,404
normalization_to_ready,62,4,588740,589144,404
normalization_to_ready,62,5,589330,589734,404
normalization_to_ready,62,6,589920,590324,404
normalization_to_ready,62,7,590510,590914,404
normalization_to_ready,62,8,591102,591506,404
normalization_to_ready,62,9,591692,592096,404
normalization_to_ready,62,10,592282,592686,404
normalization_to_ready,62,11,592872,593276,404
normalization_to_ready,62,12,593464,593868,404
normalization_to_ready,62,13,594054,594458,404
normalization_to_ready,62,14,594644,595048,404
normalization_to_ready,62,15,595234,595638,404
normalization_to_ready,63,0,595826,596230,404
normalization_to_ready,63,1,596416,596820,404
normalization_to_ready,63,2,597006,597410,404
normalization_to_ready,63,3,597596,598000,404
normalization_to_ready,63,4,598188,598592,404
normalization_to_ready,63,5,598778,599182,404
normalization_to_ready,63,6,599368,599772,404
normalization_to_ready,63,7,599958,600362,404
normalization_to_ready,63,8,600550,600954,404
normalization_to_ready,63,9,601140,601544,404
normalization_to_ready,63,10,601730,602134,404
normalization_to_ready,63,11,602320,602724,404
normalization_to_ready,63,12,602912,603316,404
normalization_to_ready,63,13,603502,603906,404
normalization_to_ready,63,14,604092,604496,404
normalization_to_ready,63,15,604682,605086,404
normalization_output_wait,0,0,1006,1007,1
normalization_output_wait,0,1,1411,1482,71
normalization_output_wait,0,2,1816,1957,141
normalization_output_wait,0,3,2221,2432,211
normalization_output_wait,0,4,3368,3369,1
normalization_output_wait,0,5,3958,3959,1
normalization_output_wait,0,6,4548,4549,1
normalization_output_wait,0,7,5138,5139,1
normalization_output_wait,0,8,5730,5731,1
normalization_output_wait,0,9,6320,6321,1
normalization_output_wait,0,10,6910,6911,1
normalization_output_wait,0,11,7500,7501,1
normalization_output_wait,0,12,8092,8093,1
normalization_output_wait,0,13,8682,8683,1
normalization_output_wait,0,14,9272,9273,1
normalization_output_wait,0,15,9862,9863,1
normalization_output_wait,1,0,10454,10455,1
normalization_output_wait,1,1,11044,11045,1
normalization_output_wait,1,2,11634,11635,1
normalization_output_wait,1,3,12224,12225,1
normalization_output_wait,1,4,12816,12817,1
normalization_output_wait,1,5,13406,13407,1
normalization_output_wait,1,6,13996,13997,1
normalization_output_wait,1,7,14586,14587,1
normalization_output_wait,1,8,15178,15179,1
normalization_output_wait,1,9,15768,15769,1
normalization_output_wait,1,10,16358,16359,1
normalization_output_wait,1,11,16948,16949,1
normalization_output_wait,1,12,17540,17541,1
normalization_output_wait,1,13,18130,18131,1
normalization_output_wait,1,14,18720,18721,1
normalization_output_wait,1,15,19310,19311,1
normalization_output_wait,2,0,19902,19903,1
normalization_output_wait,2,1,20492,20493,1
normalization_output_wait,2,2,21082,21083,1
normalization_output_wait,2,3,21672,21673,1
normalization_output_wait,2,4,22264,22265,1
normalization_output_wait,2,5,22854,22855,1
normalization_output_wait,2,6,23444,23445,1
normalization_output_wait,2,7,24034,24035,1
normalization_output_wait,2,8,24626,24627,1
normalization_output_wait,2,9,25216,25217,1
normalization_output_wait,2,10,25806,25807,1
normalization_output_wait,2,11,26396,26397,1
normalization_output_wait,2,12,26988,26989,1
normalization_output_wait,2,13,27578,27579,1
normalization_output_wait,2,14,28168,28169,1
normalization_output_wait,2,15,28758,28759,1
normalization_output_wait,3,0,29350,29351,1
normalization_output_wait,3,1,29940,29941,1
normalization_output_wait,3,2,30530,30531,1
normalization_output_wait,3,3,31120,31121,1
normalization_output_wait,3,4,31712,31713,1
normalization_output_wait,3,5,32302,32303,1
normalization_output_wait,3,6,32892,32893,1
normalization_output_wait,3,7,33482,33483,1
normalization_output_wait,3,8,34074,34075,1
normalization_output_wait,3,9,34664,34665,1
normalization_output_wait,3,10,35254,35255,1
normalization_output_wait,3,11,35844,35845,1
normalization_output_wait,3,12,36436,36437,1
normalization_output_wait,3,13,37026,37027,1
normalization_output_wait,3,14,37616,37617,1
normalization_output_wait,3,15,38206,38207,1
normalization_output_wait,4,0,38798,38799,1
normalization_output_wait,4,1,39388,39389,1
normalization_output_wait,4,2,39978,39979,1
normalization_output_wait,4,3,40568,40569,1
normalization_output_wait,4,4,41160,41161,1
normalization_output_wait,4,5,41750,41751,1
normalization_output_wait,4,6,42340,42341,1
normalization_output_wait,4,7,42930,42931,1
normalization_output_wait,4,8,43522,43523,1
normalization_output_wait,4,9,44112,44113,1
normalization_output_wait,4,10,44702,44703,1
normalization_output_wait,4,11,45292,45293,1
normalization_output_wait,4,12,45884,45885,1
normalization_output_wait,4,13,46474,46475,1
normalization_output_wait,4,14,47064,47065,1
normalization_output_wait,4,15,47654,47655,1
normalization_output_wait,5,0,48246,48247,1
normalization_output_wait,5,1,48836,48837,1
normalization_output_wait,5,2,49426,49427,1
normalization_output_wait,5,3,50016,50017,1
normalization_output_wait,5,4,50608,50609,1
normalization_output_wait,5,5,51198,51199,1
normalization_output_wait,5,6,51788,51789,1
normalization_output_wait,5,7,52378,52379,1
normalization_output_wait,5,8,52970,52971,1
normalization_output_wait,5,9,53560,53561,1
normalization_output_wait,5,10,54150,54151,1
normalization_output_wait,5,11,54740,54741,1
normalization_output_wait,5,12,55332,55333,1
normalization_output_wait,5,13,55922,55923,1
normalization_output_wait,5,14,56512,56513,1
normalization_output_wait,5,15,57102,57103,1
normalization_output_wait,6,0,57694,57695,1
normalization_output_wait,6,1,58284,58285,1
normalization_output_wait,6,2,58874,58875,1
normalization_output_wait,6,3,59464,59465,1
normalization_output_wait,6,4,60056,60057,1
normalization_output_wait,6,5,60646,60647,1
normalization_output_wait,6,6,61236,61237,1
normalization_output_wait,6,7,61826,61827,1
normalization_output_wait,6,8,62418,62419,1
normalization_output_wait,6,9,63008,63009,1
normalization_output_wait,6,10,63598,63599,1
normalization_output_wait,6,11,64188,64189,1
normalization_output_wait,6,12,64780,64781,1
normalization_output_wait,6,13,65370,65371,1
normalization_output_wait,6,14,65960,65961,1
normalization_output_wait,6,15,66550,66551,1
normalization_output_wait,7,0,67142,67143,1
normalization_output_wait,7,1,67732,67733,1
normalization_output_wait,7,2,68322,68323,1
normalization_output_wait,7,3,68912,68913,1
normalization_output_wait,7,4,69504,69505,1
normalization_output_wait,7,5,70094,70095,1
normalization_output_wait,7,6,70684,70685,1
normalization_output_wait,7,7,71274,71275,1
normalization_output_wait,7,8,71866,71867,1
normalization_output_wait,7,9,72456,72457,1
normalization_output_wait,7,10,73046,73047,1
normalization_output_wait,7,11,73636,73637,1
normalization_output_wait,7,12,74228,74229,1
normalization_output_wait,7,13,74818,74819,1
normalization_output_wait,7,14,75408,75409,1
normalization_output_wait,7,15,75998,75999,1
normalization_output_wait,8,0,76590,76591,1
normalization_output_wait,8,1,77180,77181,1
normalization_output_wait,8,2,77770,77771,1
normalization_output_wait,8,3,78360,78361,1
normalization_output_wait,8,4,78952,78953,1
normalization_output_wait,8,5,79542,79543,1
normalization_output_wait,8,6,80132,80133,1
normalization_output_wait,8,7,80722,80723,1
normalization_output_wait,8,8,81314,81315,1
normalization_output_wait,8,9,81904,81905,1
normalization_output_wait,8,10,82494,82495,1
normalization_output_wait,8,11,83084,83085,1
normalization_output_wait,8,12,83676,83677,1
normalization_output_wait,8,13,84266,84267,1
normalization_output_wait,8,14,84856,84857,1
normalization_output_wait,8,15,85446,85447,1
normalization_output_wait,9,0,86038,86039,1
normalization_output_wait,9,1,86628,86629,1
normalization_output_wait,9,2,87218,87219,1
normalization_output_wait,9,3,87808,87809,1
normalization_output_wait,9,4,88400,88401,1
normalization_output_wait,9,5,88990,88991,1
normalization_output_wait,9,6,89580,89581,1
normalization_output_wait,9,7,90170,90171,1
normalization_output_wait,9,8,90762,90763,1
normalization_output_wait,9,9,91352,91353,1
normalization_output_wait,9,10,91942,91943,1
normalization_output_wait,9,11,92532,92533,1
normalization_output_wait,9,12,93124,93125,1
normalization_output_wait,9,13,93714,93715,1
normalization_output_wait,9,14,94304,94305,1
normalization_output_wait,9,15,94894,94895,1
normalization_output_wait,10,0,95486,95487,1
normalization_output_wait,10,1,96076,96077,1
normalization_output_wait,10,2,96666,96667,1
normalization_output_wait,10,3,97256,97257,1
normalization_output_wait,10,4,97848,97849,1
normalization_output_wait,10,5,98438,98439,1
normalization_output_wait,10,6,99028,99029,1
normalization_output_wait,10,7,99618,99619,1
normalization_output_wait,10,8,100210,100211,1
normalization_output_wait,10,9,100800,100801,1
normalization_output_wait,10,10,101390,101391,1
normalization_output_wait,10,11,101980,101981,1
normalization_output_wait,10,12,102572,102573,1
normalization_output_wait,10,13,103162,103163,1
normalization_output_wait,10,14,103752,103753,1
normalization_output_wait,10,15,104342,104343,1
normalization_output_wait,11,0,104934,104935,1
normalization_output_wait,11,1,105524,105525,1
normalization_output_wait,11,2,106114,106115,1
normalization_output_wait,11,3,106704,106705,1
normalization_output_wait,11,4,107296,107297,1
normalization_output_wait,11,5,107886,107887,1
normalization_output_wait,11,6,108476,108477,1
normalization_output_wait,11,7,109066,109067,1
normalization_output_wait,11,8,109658,109659,1
normalization_output_wait,11,9,110248,110249,1
normalization_output_wait,11,10,110838,110839,1
normalization_output_wait,11,11,111428,111429,1
normalization_output_wait,11,12,112020,112021,1
normalization_output_wait,11,13,112610,112611,1
normalization_output_wait,11,14,113200,113201,1
normalization_output_wait,11,15,113790,113791,1
normalization_output_wait,12,0,114382,114383,1
normalization_output_wait,12,1,114972,114973,1
normalization_output_wait,12,2,115562,115563,1
normalization_output_wait,12,3,116152,116153,1
normalization_output_wait,12,4,116744,116745,1
normalization_output_wait,12,5,117334,117335,1
normalization_output_wait,12,6,117924,117925,1
normalization_output_wait,12,7,118514,118515,1
normalization_output_wait,12,8,119106,119107,1
normalization_output_wait,12,9,119696,119697,1
normalization_output_wait,12,10,120286,120287,1
normalization_output_wait,12,11,120876,120877,1
normalization_output_wait,12,12,121468,121469,1
normalization_output_wait,12,13,122058,122059,1
normalization_output_wait,12,14,122648,122649,1
normalization_output_wait,12,15,123238,123239,1
normalization_output_wait,13,0,123830,123831,1
normalization_output_wait,13,1,124420,124421,1
normalization_output_wait,13,2,125010,125011,1
normalization_output_wait,13,3,125600,125601,1
normalization_output_wait,13,4,126192,126193,1
normalization_output_wait,13,5,126782,126783,1
normalization_output_wait,13,6,127372,127373,1
normalization_output_wait,13,7,127962,127963,1
normalization_output_wait,13,8,128554,128555,1
normalization_output_wait,13,9,129144,129145,1
normalization_output_wait,13,10,129734,129735,1
normalization_output_wait,13,11,130324,130325,1
normalization_output_wait,13,12,130916,130917,1
normalization_output_wait,13,13,131506,131507,1
normalization_output_wait,13,14,132096,132097,1
normalization_output_wait,13,15,132686,132687,1
normalization_output_wait,14,0,133278,133279,1
normalization_output_wait,14,1,133868,133869,1
normalization_output_wait,14,2,134458,134459,1
normalization_output_wait,14,3,135048,135049,1
normalization_output_wait,14,4,135640,135641,1
normalization_output_wait,14,5,136230,136231,1
normalization_output_wait,14,6,136820,136821,1
normalization_output_wait,14,7,137410,137411,1
normalization_output_wait,14,8,138002,138003,1
normalization_output_wait,14,9,138592,138593,1
normalization_output_wait,14,10,139182,139183,1
normalization_output_wait,14,11,139772,139773,1
normalization_output_wait,14,12,140364,140365,1
normalization_output_wait,14,13,140954,140955,1
normalization_output_wait,14,14,141544,141545,1
normalization_output_wait,14,15,142134,142135,1
normalization_output_wait,15,0,142726,142727,1
normalization_output_wait,15,1,143316,143317,1
normalization_output_wait,15,2,143906,143907,1
normalization_output_wait,15,3,144496,144497,1
normalization_output_wait,15,4,145088,145089,1
normalization_output_wait,15,5,145678,145679,1
normalization_output_wait,15,6,146268,146269,1
normalization_output_wait,15,7,146858,146859,1
normalization_output_wait,15,8,147450,147451,1
normalization_output_wait,15,9,148040,148041,1
normalization_output_wait,15,10,148630,148631,1
normalization_output_wait,15,11,149220,149221,1
normalization_output_wait,15,12,149812,149813,1
normalization_output_wait,15,13,150402,150403,1
normalization_output_wait,15,14,150992,150993,1
normalization_output_wait,15,15,151582,151583,1
normalization_output_wait,16,0,152174,152175,1
normalization_output_wait,16,1,152764,152765,1
normalization_output_wait,16,2,153354,153355,1
normalization_output_wait,16,3,153944,153945,1
normalization_output_wait,16,4,154536,154537,1
normalization_output_wait,16,5,155126,155127,1
normalization_output_wait,16,6,155716,155717,1
normalization_output_wait,16,7,156306,156307,1
normalization_output_wait,16,8,156898,156899,1
normalization_output_wait,16,9,157488,157489,1
normalization_output_wait,16,10,158078,158079,1
normalization_output_wait,16,11,158668,158669,1
normalization_output_wait,16,12,159260,159261,1
normalization_output_wait,16,13,159850,159851,1
normalization_output_wait,16,14,160440,160441,1
normalization_output_wait,16,15,161030,161031,1
normalization_output_wait,17,0,161622,161623,1
normalization_output_wait,17,1,162212,162213,1
normalization_output_wait,17,2,162802,162803,1
normalization_output_wait,17,3,163392,163393,1
normalization_output_wait,17,4,163984,163985,1
normalization_output_wait,17,5,164574,164575,1
normalization_output_wait,17,6,165164,165165,1
normalization_output_wait,17,7,165754,165755,1
normalization_output_wait,17,8,166346,166347,1
normalization_output_wait,17,9,166936,166937,1
normalization_output_wait,17,10,167526,167527,1
normalization_output_wait,17,11,168116,168117,1
normalization_output_wait,17,12,168708,168709,1
normalization_output_wait,17,13,169298,169299,1
normalization_output_wait,17,14,169888,169889,1
normalization_output_wait,17,15,170478,170479,1
normalization_output_wait,18,0,171070,171071,1
normalization_output_wait,18,1,171660,171661,1
normalization_output_wait,18,2,172250,172251,1
normalization_output_wait,18,3,172840,172841,1
normalization_output_wait,18,4,173432,173433,1
normalization_output_wait,18,5,174022,174023,1
normalization_output_wait,18,6,174612,174613,1
normalization_output_wait,18,7,175202,175203,1
normalization_output_wait,18,8,175794,175795,1
normalization_output_wait,18,9,176384,176385,1
normalization_output_wait,18,10,176974,176975,1
normalization_output_wait,18,11,177564,177565,1
normalization_output_wait,18,12,178156,178157,1
normalization_output_wait,18,13,178746,178747,1
normalization_output_wait,18,14,179336,179337,1
normalization_output_wait,18,15,179926,179927,1
normalization_output_wait,19,0,180518,180519,1
normalization_output_wait,19,1,181108,181109,1
normalization_output_wait,19,2,181698,181699,1
normalization_output_wait,19,3,182288,182289,1
normalization_output_wait,19,4,182880,182881,1
normalization_output_wait,19,5,183470,183471,1
normalization_output_wait,19,6,184060,184061,1
normalization_output_wait,19,7,184650,184651,1
normalization_output_wait,19,8,185242,185243,1
normalization_output_wait,19,9,185832,185833,1
normalization_output_wait,19,10,186422,186423,1
normalization_output_wait,19,11,187012,187013,1
normalization_output_wait,19,12,187604,187605,1
normalization_output_wait,19,13,188194,188195,1
normalization_output_wait,19,14,188784,188785,1
normalization_output_wait,19,15,189374,189375,1
normalization_output_wait,20,0,189966,189967,1
normalization_output_wait,20,1,190556,190557,1
normalization_output_wait,20,2,191146,191147,1
normalization_output_wait,20,3,191736,191737,1
normalization_output_wait,20,4,192328,192329,1
normalization_output_wait,20,5,192918,192919,1
normalization_output_wait,20,6,193508,193509,1
normalization_output_wait,20,7,194098,194099,1
normalization_output_wait,20,8,194690,194691,1
normalization_output_wait,20,9,195280,195281,1
normalization_output_wait,20,10,195870,195871,1
normalization_output_wait,20,11,196460,196461,1
normalization_output_wait,20,12,197052,197053,1
normalization_output_wait,20,13,197642,197643,1
normalization_output_wait,20,14,198232,198233,1
normalization_output_wait,20,15,198822,198823,1
normalization_output_wait,21,0,199414,199415,1
normalization_output_wait,21,1,200004,200005,1
normalization_output_wait,21,2,200594,200595,1
normalization_output_wait,21,3,201184,201185,1
normalization_output_wait,21,4,201776,201777,1
normalization_output_wait,21,5,202366,202367,1
normalization_output_wait,21,6,202956,202957,1
normalization_output_wait,21,7,203546,203547,1
normalization_output_wait,21,8,204138,204139,1
normalization_output_wait,21,9,204728,204729,1
normalization_output_wait,21,10,205318,205319,1
normalization_output_wait,21,11,205908,205909,1
normalization_output_wait,21,12,206500,206501,1
normalization_output_wait,21,13,207090,207091,1
normalization_output_wait,21,14,207680,207681,1
normalization_output_wait,21,15,208270,208271,1
normalization_output_wait,22,0,208862,208863,1
normalization_output_wait,22,1,209452,209453,1
normalization_output_wait,22,2,210042,210043,1
normalization_output_wait,22,3,210632,210633,1
normalization_output_wait,22,4,211224,211225,1
normalization_output_wait,22,5,211814,211815,1
normalization_output_wait,22,6,212404,212405,1
normalization_output_wait,22,7,212994,212995,1
normalization_output_wait,22,8,213586,213587,1
normalization_output_wait,22,9,214176,214177,1
normalization_output_wait,22,10,214766,214767,1
normalization_output_wait,22,11,215356,215357,1
normalization_output_wait,22,12,215948,215949,1
normalization_output_wait,22,13,216538,216539,1
normalization_output_wait,22,14,217128,217129,1
normalization_output_wait,22,15,217718,217719,1
normalization_output_wait,23,0,218310,218311,1
normalization_output_wait,23,1,218900,218901,1
normalization_output_wait,23,2,219490,219491,1
normalization_output_wait,23,3,220080,220081,1
normalization_output_wait,23,4,220672,220673,1
normalization_output_wait,23,5,221262,221263,1
normalization_output_wait,23,6,221852,221853,1
normalization_output_wait,23,7,222442,222443,1
normalization_output_wait,23,8,223034,223035,1
normalization_output_wait,23,9,223624,223625,1
normalization_output_wait,23,10,224214,224215,1
normalization_output_wait,23,11,224804,224805,1
normalization_output_wait,23,12,225396,225397,1
normalization_output_wait,23,13,225986,225987,1
normalization_output_wait,23,14,226576,226577,1
normalization_output_wait,23,15,227166,227167,1
normalization_output_wait,24,0,227758,227759,1
normalization_output_wait,24,1,228348,228349,1
normalization_output_wait,24,2,228938,228939,1
normalization_output_wait,24,3,229528,229529,1
normalization_output_wait,24,4,230120,230121,1
normalization_output_wait,24,5,230710,230711,1
normalization_output_wait,24,6,231300,231301,1
normalization_output_wait,24,7,231890,231891,1
normalization_output_wait,24,8,232482,232483,1
normalization_output_wait,24,9,233072,233073,1
normalization_output_wait,24,10,233662,233663,1
normalization_output_wait,24,11,234252,234253,1
normalization_output_wait,24,12,234844,234845,1
normalization_output_wait,24,13,235434,235435,1
normalization_output_wait,24,14,236024,236025,1
normalization_output_wait,24,15,236614,236615,1
normalization_output_wait,25,0,237206,237207,1
normalization_output_wait,25,1,237796,237797,1
normalization_output_wait,25,2,238386,238387,1
normalization_output_wait,25,3,238976,238977,1
normalization_output_wait,25,4,239568,239569,1
normalization_output_wait,25,5,240158,240159,1
normalization_output_wait,25,6,240748,240749,1
normalization_output_wait,25,7,241338,241339,1
normalization_output_wait,25,8,241930,241931,1
normalization_output_wait,25,9,242520,242521,1
normalization_output_wait,25,10,243110,243111,1
normalization_output_wait,25,11,243700,243701,1
normalization_output_wait,25,12,244292,244293,1
normalization_output_wait,25,13,244882,244883,1
normalization_output_wait,25,14,245472,245473,1
normalization_output_wait,25,15,246062,246063,1
normalization_output_wait,26,0,246654,246655,1
normalization_output_wait,26,1,247244,247245,1
normalization_output_wait,26,2,247834,247835,1
normalization_output_wait,26,3,248424,248425,1
normalization_output_wait,26,4,249016,249017,1
normalization_output_wait,26,5,249606,249607,1
normalization_output_wait,26,6,250196,250197,1
normalization_output_wait,26,7,250786,250787,1
normalization_output_wait,26,8,251378,251379,1
normalization_output_wait,26,9,251968,251969,1
normalization_output_wait,26,10,252558,252559,1
normalization_output_wait,26,11,253148,253149,1
normalization_output_wait,26,12,253740,253741,1
normalization_output_wait,26,13,254330,254331,1
normalization_output_wait,26,14,254920,254921,1
normalization_output_wait,26,15,255510,255511,1
normalization_output_wait,27,0,256102,256103,1
normalization_output_wait,27,1,256692,256693,1
normalization_output_wait,27,2,257282,257283,1
normalization_output_wait,27,3,257872,257873,1
normalization_output_wait,27,4,258464,258465,1
normalization_output_wait,27,5,259054,259055,1
normalization_output_wait,27,6,259644,259645,1
normalization_output_wait,27,7,260234,260235,1
normalization_output_wait,27,8,260826,260827,1
normalization_output_wait,27,9,261416,261417,1
normalization_output_wait,27,10,262006,262007,1
normalization_output_wait,27,11,262596,262597,1
normalization_output_wait,27,12,263188,263189,1
normalization_output_wait,27,13,263778,263779,1
normalization_output_wait,27,14,264368,264369,1
normalization_output_wait,27,15,264958,264959,1
normalization_output_wait,28,0,265550,265551,1
normalization_output_wait,28,1,266140,266141,1
normalization_output_wait,28,2,266730,266731,1
normalization_output_wait,28,3,267320,267321,1
normalization_output_wait,28,4,267912,267913,1
normalization_output_wait,28,5,268502,268503,1
normalization_output_wait,28,6,269092,269093,1
normalization_output_wait,28,7,269682,269683,1
normalization_output_wait,28,8,270274,270275,1
normalization_output_wait,28,9,270864,270865,1
normalization_output_wait,28,10,271454,271455,1
normalization_output_wait,28,11,272044,272045,1
normalization_output_wait,28,12,272636,272637,1
normalization_output_wait,28,13,273226,273227,1
normalization_output_wait,28,14,273816,273817,1
normalization_output_wait,28,15,274406,274407,1
normalization_output_wait,29,0,274998,274999,1
normalization_output_wait,29,1,275588,275589,1
normalization_output_wait,29,2,276178,276179,1
normalization_output_wait,29,3,276768,276769,1
normalization_output_wait,29,4,277360,277361,1
normalization_output_wait,29,5,277950,277951,1
normalization_output_wait,29,6,278540,278541,1
normalization_output_wait,29,7,279130,279131,1
normalization_output_wait,29,8,279722,279723,1
normalization_output_wait,29,9,280312,280313,1
normalization_output_wait,29,10,280902,280903,1
normalization_output_wait,29,11,281492,281493,1
normalization_output_wait,29,12,282084,282085,1
normalization_output_wait,29,13,282674,282675,1
normalization_output_wait,29,14,283264,283265,1
normalization_output_wait,29,15,283854,283855,1
normalization_output_wait,30,0,284446,284447,1
normalization_output_wait,30,1,285036,285037,1
normalization_output_wait,30,2,285626,285627,1
normalization_output_wait,30,3,286216,286217,1
normalization_output_wait,30,4,286808,286809,1
normalization_output_wait,30,5,287398,287399,1
normalization_output_wait,30,6,287988,287989,1
normalization_output_wait,30,7,288578,288579,1
normalization_output_wait,30,8,289170,289171,1
normalization_output_wait,30,9,289760,289761,1
normalization_output_wait,30,10,290350,290351,1
normalization_output_wait,30,11,290940,290941,1
normalization_output_wait,30,12,291532,291533,1
normalization_output_wait,30,13,292122,292123,1
normalization_output_wait,30,14,292712,292713,1
normalization_output_wait,30,15,293302,293303,1
normalization_output_wait,31,0,293894,293895,1
normalization_output_wait,31,1,294484,294485,1
normalization_output_wait,31,2,295074,295075,1
normalization_output_wait,31,3,295664,295665,1
normalization_output_wait,31,4,296256,296257,1
normalization_output_wait,31,5,296846,296847,1
normalization_output_wait,31,6,297436,297437,1
normalization_output_wait,31,7,298026,298027,1
normalization_output_wait,31,8,298618,298619,1
normalization_output_wait,31,9,299208,299209,1
normalization_output_wait,31,10,299798,299799,1
normalization_output_wait,31,11,300388,300389,1
normalization_output_wait,31,12,300980,300981,1
normalization_output_wait,31,13,301570,301571,1
normalization_output_wait,31,14,302160,302161,1
normalization_output_wait,31,15,302750,302751,1
normalization_output_wait,32,0,303342,303343,1
normalization_output_wait,32,1,303932,303933,1
normalization_output_wait,32,2,304522,304523,1
normalization_output_wait,32,3,305112,305113,1
normalization_output_wait,32,4,305704,305705,1
normalization_output_wait,32,5,306294,306295,1
normalization_output_wait,32,6,306884,306885,1
normalization_output_wait,32,7,307474,307475,1
normalization_output_wait,32,8,308066,308067,1
normalization_output_wait,32,9,308656,308657,1
normalization_output_wait,32,10,309246,309247,1
normalization_output_wait,32,11,309836,309837,1
normalization_output_wait,32,12,310428,310429,1
normalization_output_wait,32,13,311018,311019,1
normalization_output_wait,32,14,311608,311609,1
normalization_output_wait,32,15,312198,312199,1
normalization_output_wait,33,0,312790,312791,1
normalization_output_wait,33,1,313380,313381,1
normalization_output_wait,33,2,313970,313971,1
normalization_output_wait,33,3,314560,314561,1
normalization_output_wait,33,4,315152,315153,1
normalization_output_wait,33,5,315742,315743,1
normalization_output_wait,33,6,316332,316333,1
normalization_output_wait,33,7,316922,316923,1
normalization_output_wait,33,8,317514,317515,1
normalization_output_wait,33,9,318104,318105,1
normalization_output_wait,33,10,318694,318695,1
normalization_output_wait,33,11,319284,319285,1
normalization_output_wait,33,12,319876,319877,1
normalization_output_wait,33,13,320466,320467,1
normalization_output_wait,33,14,321056,321057,1
normalization_output_wait,33,15,321646,321647,1
normalization_output_wait,34,0,322238,322239,1
normalization_output_wait,34,1,322828,322829,1
normalization_output_wait,34,2,323418,323419,1
normalization_output_wait,34,3,324008,324009,1
normalization_output_wait,34,4,324600,324601,1
normalization_output_wait,34,5,325190,325191,1
normalization_output_wait,34,6,325780,325781,1
normalization_output_wait,34,7,326370,326371,1
normalization_output_wait,34,8,326962,326963,1
normalization_output_wait,34,9,327552,327553,1
normalization_output_wait,34,10,328142,328143,1
normalization_output_wait,34,11,328732,328733,1
normalization_output_wait,34,12,329324,329325,1
normalization_output_wait,34,13,329914,329915,1
normalization_output_wait,34,14,330504,330505,1
normalization_output_wait,34,15,331094,331095,1
normalization_output_wait,35,0,331686,331687,1
normalization_output_wait,35,1,332276,332277,1
normalization_output_wait,35,2,332866,332867,1
normalization_output_wait,35,3,333456,333457,1
normalization_output_wait,35,4,334048,334049,1
normalization_output_wait,35,5,334638,334639,1
normalization_output_wait,35,6,335228,335229,1
normalization_output_wait,35,7,335818,335819,1
normalization_output_wait,35,8,336410,336411,1
normalization_output_wait,35,9,337000,337001,1
normalization_output_wait,35,10,337590,337591,1
normalization_output_wait,35,11,338180,338181,1
normalization_output_wait,35,12,338772,338773,1
normalization_output_wait,35,13,339362,339363,1
normalization_output_wait,35,14,339952,339953,1
normalization_output_wait,35,15,340542,340543,1
normalization_output_wait,36,0,341134,341135,1
normalization_output_wait,36,1,341724,341725,1
normalization_output_wait,36,2,342314,342315,1
normalization_output_wait,36,3,342904,342905,1
normalization_output_wait,36,4,343496,343497,1
normalization_output_wait,36,5,344086,344087,1
normalization_output_wait,36,6,344676,344677,1
normalization_output_wait,36,7,345266,345267,1
normalization_output_wait,36,8,345858,345859,1
normalization_output_wait,36,9,346448,346449,1
normalization_output_wait,36,10,347038,347039,1
normalization_output_wait,36,11,347628,347629,1
normalization_output_wait,36,12,348220,348221,1
normalization_output_wait,36,13,348810,348811,1
normalization_output_wait,36,14,349400,349401,1
normalization_output_wait,36,15,349990,349991,1
normalization_output_wait,37,0,350582,350583,1
normalization_output_wait,37,1,351172,351173,1
normalization_output_wait,37,2,351762,351763,1
normalization_output_wait,37,3,352352,352353,1
normalization_output_wait,37,4,352944,352945,1
normalization_output_wait,37,5,353534,353535,1
normalization_output_wait,37,6,354124,354125,1
normalization_output_wait,37,7,354714,354715,1
normalization_output_wait,37,8,355306,355307,1
normalization_output_wait,37,9,355896,355897,1
normalization_output_wait,37,10,356486,356487,1
normalization_output_wait,37,11,357076,357077,1
normalization_output_wait,37,12,357668,357669,1
normalization_output_wait,37,13,358258,358259,1
normalization_output_wait,37,14,358848,358849,1
normalization_output_wait,37,15,359438,359439,1
normalization_output_wait,38,0,360030,360031,1
normalization_output_wait,38,1,360620,360621,1
normalization_output_wait,38,2,361210,361211,1
normalization_output_wait,38,3,361800,361801,1
normalization_output_wait,38,4,362392,362393,1
normalization_output_wait,38,5,362982,362983,1
normalization_output_wait,38,6,363572,363573,1
normalization_output_wait,38,7,364162,364163,1
normalization_output_wait,38,8,364754,364755,1
normalization_output_wait,38,9,365344,365345,1
normalization_output_wait,38,10,365934,365935,1
normalization_output_wait,38,11,366524,366525,1
normalization_output_wait,38,12,367116,367117,1
normalization_output_wait,38,13,367706,367707,1
normalization_output_wait,38,14,368296,368297,1
normalization_output_wait,38,15,368886,368887,1
normalization_output_wait,39,0,369478,369479,1
normalization_output_wait,39,1,370068,370069,1
normalization_output_wait,39,2,370658,370659,1
normalization_output_wait,39,3,371248,371249,1
normalization_output_wait,39,4,371840,371841,1
normalization_output_wait,39,5,372430,372431,1
normalization_output_wait,39,6,373020,373021,1
normalization_output_wait,39,7,373610,373611,1
normalization_output_wait,39,8,374202,374203,1
normalization_output_wait,39,9,374792,374793,1
normalization_output_wait,39,10,375382,375383,1
normalization_output_wait,39,11,375972,375973,1
normalization_output_wait,39,12,376564,376565,1
normalization_output_wait,39,13,377154,377155,1
normalization_output_wait,39,14,377744,377745,1
normalization_output_wait,39,15,378334,378335,1
normalization_output_wait,40,0,378926,378927,1
normalization_output_wait,40,1,379516,379517,1
normalization_output_wait,40,2,380106,380107,1
normalization_output_wait,40,3,380696,380697,1
normalization_output_wait,40,4,381288,381289,1
normalization_output_wait,40,5,381878,381879,1
normalization_output_wait,40,6,382468,382469,1
normalization_output_wait,40,7,383058,383059,1
normalization_output_wait,40,8,383650,383651,1
normalization_output_wait,40,9,384240,384241,1
normalization_output_wait,40,10,384830,384831,1
normalization_output_wait,40,11,385420,385421,1
normalization_output_wait,40,12,386012,386013,1
normalization_output_wait,40,13,386602,386603,1
normalization_output_wait,40,14,387192,387193,1
normalization_output_wait,40,15,387782,387783,1
normalization_output_wait,41,0,388374,388375,1
normalization_output_wait,41,1,388964,388965,1
normalization_output_wait,41,2,389554,389555,1
normalization_output_wait,41,3,390144,390145,1
normalization_output_wait,41,4,390736,390737,1
normalization_output_wait,41,5,391326,391327,1
normalization_output_wait,41,6,391916,391917,1
normalization_output_wait,41,7,392506,392507,1
normalization_output_wait,41,8,393098,393099,1
normalization_output_wait,41,9,393688,393689,1
normalization_output_wait,41,10,394278,394279,1
normalization_output_wait,41,11,394868,394869,1
normalization_output_wait,41,12,395460,395461,1
normalization_output_wait,41,13,396050,396051,1
normalization_output_wait,41,14,396640,396641,1
normalization_output_wait,41,15,397230,397231,1
normalization_output_wait,42,0,397822,397823,1
normalization_output_wait,42,1,398412,398413,1
normalization_output_wait,42,2,399002,399003,1
normalization_output_wait,42,3,399592,399593,1
normalization_output_wait,42,4,400184,400185,1
normalization_output_wait,42,5,400774,400775,1
normalization_output_wait,42,6,401364,401365,1
normalization_output_wait,42,7,401954,401955,1
normalization_output_wait,42,8,402546,402547,1
normalization_output_wait,42,9,403136,403137,1
normalization_output_wait,42,10,403726,403727,1
normalization_output_wait,42,11,404316,404317,1
normalization_output_wait,42,12,404908,404909,1
normalization_output_wait,42,13,405498,405499,1
normalization_output_wait,42,14,406088,406089,1
normalization_output_wait,42,15,406678,406679,1
normalization_output_wait,43,0,407270,407271,1
normalization_output_wait,43,1,407860,407861,1
normalization_output_wait,43,2,408450,408451,1
normalization_output_wait,43,3,409040,409041,1
normalization_output_wait,43,4,409632,409633,1
normalization_output_wait,43,5,410222,410223,1
normalization_output_wait,43,6,410812,410813,1
normalization_output_wait,43,7,411402,411403,1
normalization_output_wait,43,8,411994,411995,1
normalization_output_wait,43,9,412584,412585,1
normalization_output_wait,43,10,413174,413175,1
normalization_output_wait,43,11,413764,413765,1
normalization_output_wait,43,12,414356,414357,1
normalization_output_wait,43,13,414946,414947,1
normalization_output_wait,43,14,415536,415537,1
normalization_output_wait,43,15,416126,416127,1
normalization_output_wait,44,0,416718,416719,1
normalization_output_wait,44,1,417308,417309,1
normalization_output_wait,44,2,417898,417899,1
normalization_output_wait,44,3,418488,418489,1
normalization_output_wait,44,4,419080,419081,1
normalization_output_wait,44,5,419670,419671,1
normalization_output_wait,44,6,420260,420261,1
normalization_output_wait,44,7,420850,420851,1
normalization_output_wait,44,8,421442,421443,1
normalization_output_wait,44,9,422032,422033,1
normalization_output_wait,44,10,422622,422623,1
normalization_output_wait,44,11,423212,423213,1
normalization_output_wait,44,12,423804,423805,1
normalization_output_wait,44,13,424394,424395,1
normalization_output_wait,44,14,424984,424985,1
normalization_output_wait,44,15,425574,425575,1
normalization_output_wait,45,0,426166,426167,1
normalization_output_wait,45,1,426756,426757,1
normalization_output_wait,45,2,427346,427347,1
normalization_output_wait,45,3,427936,427937,1
normalization_output_wait,45,4,428528,428529,1
normalization_output_wait,45,5,429118,429119,1
normalization_output_wait,45,6,429708,429709,1
normalization_output_wait,45,7,430298,430299,1
normalization_output_wait,45,8,430890,430891,1
normalization_output_wait,45,9,431480,431481,1
normalization_output_wait,45,10,432070,432071,1
normalization_output_wait,45,11,432660,432661,1
normalization_output_wait,45,12,433252,433253,1
normalization_output_wait,45,13,433842,433843,1
normalization_output_wait,45,14,434432,434433,1
normalization_output_wait,45,15,435022,435023,1
normalization_output_wait,46,0,435614,435615,1
normalization_output_wait,46,1,436204,436205,1
normalization_output_wait,46,2,436794,436795,1
normalization_output_wait,46,3,437384,437385,1
normalization_output_wait,46,4,437976,437977,1
normalization_output_wait,46,5,438566,438567,1
normalization_output_wait,46,6,439156,439157,1
normalization_output_wait,46,7,439746,439747,1
normalization_output_wait,46,8,440338,440339,1
normalization_output_wait,46,9,440928,440929,1
normalization_output_wait,46,10,441518,441519,1
normalization_output_wait,46,11,442108,442109,1
normalization_output_wait,46,12,442700,442701,1
normalization_output_wait,46,13,443290,443291,1
normalization_output_wait,46,14,443880,443881,1
normalization_output_wait,46,15,444470,444471,1
normalization_output_wait,47,0,445062,445063,1
normalization_output_wait,47,1,445652,445653,1
normalization_output_wait,47,2,446242,446243,1
normalization_output_wait,47,3,446832,446833,1
normalization_output_wait,47,4,447424,447425,1
normalization_output_wait,47,5,448014,448015,1
normalization_output_wait,47,6,448604,448605,1
normalization_output_wait,47,7,449194,449195,1
normalization_output_wait,47,8,449786,449787,1
normalization_output_wait,47,9,450376,450377,1
normalization_output_wait,47,10,450966,450967,1
normalization_output_wait,47,11,451556,451557,1
normalization_output_wait,47,12,452148,452149,1
normalization_output_wait,47,13,452738,452739,1
normalization_output_wait,47,14,453328,453329,1
normalization_output_wait,47,15,453918,453919,1
normalization_output_wait,48,0,454510,454511,1
normalization_output_wait,48,1,455100,455101,1
normalization_output_wait,48,2,455690,455691,1
normalization_output_wait,48,3,456280,456281,1
normalization_output_wait,48,4,456872,456873,1
normalization_output_wait,48,5,457462,457463,1
normalization_output_wait,48,6,458052,458053,1
normalization_output_wait,48,7,458642,458643,1
normalization_output_wait,48,8,459234,459235,1
normalization_output_wait,48,9,459824,459825,1
normalization_output_wait,48,10,460414,460415,1
normalization_output_wait,48,11,461004,461005,1
normalization_output_wait,48,12,461596,461597,1
normalization_output_wait,48,13,462186,462187,1
normalization_output_wait,48,14,462776,462777,1
normalization_output_wait,48,15,463366,463367,1
normalization_output_wait,49,0,463958,463959,1
normalization_output_wait,49,1,464548,464549,1
normalization_output_wait,49,2,465138,465139,1
normalization_output_wait,49,3,465728,465729,1
normalization_output_wait,49,4,466320,466321,1
normalization_output_wait,49,5,466910,466911,1
normalization_output_wait,49,6,467500,467501,1
normalization_output_wait,49,7,468090,468091,1
normalization_output_wait,49,8,468682,468683,1
normalization_output_wait,49,9,469272,469273,1
normalization_output_wait,49,10,469862,469863,1
normalization_output_wait,49,11,470452,470453,1
normalization_output_wait,49,12,471044,471045,1
normalization_output_wait,49,13,471634,471635,1
normalization_output_wait,49,14,472224,472225,1
normalization_output_wait,49,15,472814,472815,1
normalization_output_wait,50,0,473406,473407,1
normalization_output_wait,50,1,473996,473997,1
normalization_output_wait,50,2,474586,474587,1
normalization_output_wait,50,3,475176,475177,1
normalization_output_wait,50,4,475768,475769,1
normalization_output_wait,50,5,476358,476359,1
normalization_output_wait,50,6,476948,476949,1
normalization_output_wait,50,7,477538,477539,1
normalization_output_wait,50,8,478130,478131,1
normalization_output_wait,50,9,478720,478721,1
normalization_output_wait,50,10,479310,479311,1
normalization_output_wait,50,11,479900,479901,1
normalization_output_wait,50,12,480492,480493,1
normalization_output_wait,50,13,481082,481083,1
normalization_output_wait,50,14,481672,481673,1
normalization_output_wait,50,15,482262,482263,1
normalization_output_wait,51,0,482854,482855,1
normalization_output_wait,51,1,483444,483445,1
normalization_output_wait,51,2,484034,484035,1
normalization_output_wait,51,3,484624,484625,1
normalization_output_wait,51,4,485216,485217,1
normalization_output_wait,51,5,485806,485807,1
normalization_output_wait,51,6,486396,486397,1
normalization_output_wait,51,7,486986,486987,1
normalization_output_wait,51,8,487578,487579,1
normalization_output_wait,51,9,488168,488169,1
normalization_output_wait,51,10,488758,488759,1
normalization_output_wait,51,11,489348,489349,1
normalization_output_wait,51,12,489940,489941,1
normalization_output_wait,51,13,490530,490531,1
normalization_output_wait,51,14,491120,491121,1
normalization_output_wait,51,15,491710,491711,1
normalization_output_wait,52,0,492302,492303,1
normalization_output_wait,52,1,492892,492893,1
normalization_output_wait,52,2,493482,493483,1
normalization_output_wait,52,3,494072,494073,1
normalization_output_wait,52,4,494664,494665,1
normalization_output_wait,52,5,495254,495255,1
normalization_output_wait,52,6,495844,495845,1
normalization_output_wait,52,7,496434,496435,1
normalization_output_wait,52,8,497026,497027,1
normalization_output_wait,52,9,497616,497617,1
normalization_output_wait,52,10,498206,498207,1
normalization_output_wait,52,11,498796,498797,1
normalization_output_wait,52,12,499388,499389,1
normalization_output_wait,52,13,499978,499979,1
normalization_output_wait,52,14,500568,500569,1
normalization_output_wait,52,15,501158,501159,1
normalization_output_wait,53,0,501750,501751,1
normalization_output_wait,53,1,502340,502341,1
normalization_output_wait,53,2,502930,502931,1
normalization_output_wait,53,3,503520,503521,1
normalization_output_wait,53,4,504112,504113,1
normalization_output_wait,53,5,504702,504703,1
normalization_output_wait,53,6,505292,505293,1
normalization_output_wait,53,7,505882,505883,1
normalization_output_wait,53,8,506474,506475,1
normalization_output_wait,53,9,507064,507065,1
normalization_output_wait,53,10,507654,507655,1
normalization_output_wait,53,11,508244,508245,1
normalization_output_wait,53,12,508836,508837,1
normalization_output_wait,53,13,509426,509427,1
normalization_output_wait,53,14,510016,510017,1
normalization_output_wait,53,15,510606,510607,1
normalization_output_wait,54,0,511198,511199,1
normalization_output_wait,54,1,511788,511789,1
normalization_output_wait,54,2,512378,512379,1
normalization_output_wait,54,3,512968,512969,1
normalization_output_wait,54,4,513560,513561,1
normalization_output_wait,54,5,514150,514151,1
normalization_output_wait,54,6,514740,514741,1
normalization_output_wait,54,7,515330,515331,1
normalization_output_wait,54,8,515922,515923,1
normalization_output_wait,54,9,516512,516513,1
normalization_output_wait,54,10,517102,517103,1
normalization_output_wait,54,11,517692,517693,1
normalization_output_wait,54,12,518284,518285,1
normalization_output_wait,54,13,518874,518875,1
normalization_output_wait,54,14,519464,519465,1
normalization_output_wait,54,15,520054,520055,1
normalization_output_wait,55,0,520646,520647,1
normalization_output_wait,55,1,521236,521237,1
normalization_output_wait,55,2,521826,521827,1
normalization_output_wait,55,3,522416,522417,1
normalization_output_wait,55,4,523008,523009,1
normalization_output_wait,55,5,523598,523599,1
normalization_output_wait,55,6,524188,524189,1
normalization_output_wait,55,7,524778,524779,1
normalization_output_wait,55,8,525370,525371,1
normalization_output_wait,55,9,525960,525961,1
normalization_output_wait,55,10,526550,526551,1
normalization_output_wait,55,11,527140,527141,1
normalization_output_wait,55,12,527732,527733,1
normalization_output_wait,55,13,528322,528323,1
normalization_output_wait,55,14,528912,528913,1
normalization_output_wait,55,15,529502,529503,1
normalization_output_wait,56,0,530094,530095,1
normalization_output_wait,56,1,530684,530685,1
normalization_output_wait,56,2,531274,531275,1
normalization_output_wait,56,3,531864,531865,1
normalization_output_wait,56,4,532456,532457,1
normalization_output_wait,56,5,533046,533047,1
normalization_output_wait,56,6,533636,533637,1
normalization_output_wait,56,7,534226,534227,1
normalization_output_wait,56,8,534818,534819,1
normalization_output_wait,56,9,535408,535409,1
normalization_output_wait,56,10,535998,535999,1
normalization_output_wait,56,11,536588,536589,1
normalization_output_wait,56,12,537180,537181,1
normalization_output_wait,56,13,537770,537771,1
normalization_output_wait,56,14,538360,538361,1
normalization_output_wait,56,15,538950,538951,1
normalization_output_wait,57,0,539542,539543,1
normalization_output_wait,57,1,540132,540133,1
normalization_output_wait,57,2,540722,540723,1
normalization_output_wait,57,3,541312,541313,1
normalization_output_wait,57,4,541904,541905,1
normalization_output_wait,57,5,542494,542495,1
normalization_output_wait,57,6,543084,543085,1
normalization_output_wait,57,7,543674,543675,1
normalization_output_wait,57,8,544266,544267,1
normalization_output_wait,57,9,544856,544857,1
normalization_output_wait,57,10,545446,545447,1
normalization_output_wait,57,11,546036,546037,1
normalization_output_wait,57,12,546628,546629,1
normalization_output_wait,57,13,547218,547219,1
normalization_output_wait,57,14,547808,547809,1
normalization_output_wait,57,15,548398,548399,1
normalization_output_wait,58,0,548990,548991,1
normalization_output_wait,58,1,549580,549581,1
normalization_output_wait,58,2,550170,550171,1
normalization_output_wait,58,3,550760,550761,1
normalization_output_wait,58,4,551352,551353,1
normalization_output_wait,58,5,551942,551943,1
normalization_output_wait,58,6,552532,552533,1
normalization_output_wait,58,7,553122,553123,1
normalization_output_wait,58,8,553714,553715,1
normalization_output_wait,58,9,554304,554305,1
normalization_output_wait,58,10,554894,554895,1
normalization_output_wait,58,11,555484,555485,1
normalization_output_wait,58,12,556076,556077,1
normalization_output_wait,58,13,556666,556667,1
normalization_output_wait,58,14,557256,557257,1
normalization_output_wait,58,15,557846,557847,1
normalization_output_wait,59,0,558438,558439,1
normalization_output_wait,59,1,559028,559029,1
normalization_output_wait,59,2,559618,559619,1
normalization_output_wait,59,3,560208,560209,1
normalization_output_wait,59,4,560800,560801,1
normalization_output_wait,59,5,561390,561391,1
normalization_output_wait,59,6,561980,561981,1
normalization_output_wait,59,7,562570,562571,1
normalization_output_wait,59,8,563162,563163,1
normalization_output_wait,59,9,563752,563753,1
normalization_output_wait,59,10,564342,564343,1
normalization_output_wait,59,11,564932,564933,1
normalization_output_wait,59,12,565524,565525,1
normalization_output_wait,59,13,566114,566115,1
normalization_output_wait,59,14,566704,566705,1
normalization_output_wait,59,15,567294,567295,1
normalization_output_wait,60,0,567886,567887,1
normalization_output_wait,60,1,568476,568477,1
normalization_output_wait,60,2,569066,569067,1
normalization_output_wait,60,3,569656,569657,1
normalization_output_wait,60,4,570248,570249,1
normalization_output_wait,60,5,570838,570839,1
normalization_output_wait,60,6,571428,571429,1
normalization_output_wait,60,7,572018,572019,1
normalization_output_wait,60,8,572610,572611,1
normalization_output_wait,60,9,573200,573201,1
normalization_output_wait,60,10,573790,573791,1
normalization_output_wait,60,11,574380,574381,1
normalization_output_wait,60,12,574972,574973,1
normalization_output_wait,60,13,575562,575563,1
normalization_output_wait,60,14,576152,576153,1
normalization_output_wait,60,15,576742,576743,1
normalization_output_wait,61,0,577334,577335,1
normalization_output_wait,61,1,577924,577925,1
normalization_output_wait,61,2,578514,578515,1
normalization_output_wait,61,3,579104,579105,1
normalization_output_wait,61,4,579696,579697,1
normalization_output_wait,61,5,580286,580287,1
normalization_output_wait,61,6,580876,580877,1
normalization_output_wait,61,7,581466,581467,1
normalization_output_wait,61,8,582058,582059,1
normalization_output_wait,61,9,582648,582649,1
normalization_output_wait,61,10,583238,583239,1
normalization_output_wait,61,11,583828,583829,1
normalization_output_wait,61,12,584420,584421,1
normalization_output_wait,61,13,585010,585011,1
normalization_output_wait,61,14,585600,585601,1
normalization_output_wait,61,15,586190,586191,1
normalization_output_wait,62,0,586782,586783,1
normalization_output_wait,62,1,587372,587373,1
normalization_output_wait,62,2,587962,587963,1
normalization_output_wait,62,3,588552,588553,1
normalization_output_wait,62,4,589144,589145,1
normalization_output_wait,62,5,589734,589735,1
normalization_output_wait,62,6,590324,590325,1
normalization_output_wait,62,7,590914,590915,1
normalization_output_wait,62,8,591506,591507,1
normalization_output_wait,62,9,592096,592097,1
normalization_output_wait,62,10,592686,592687,1
normalization_output_wait,62,11,593276,593277,1
normalization_output_wait,62,12,593868,593869,1
normalization_output_wait,62,13,594458,594459,1
normalization_output_wait,62,14,595048,595049,1
normalization_output_wait,62,15,595638,595639,1
normalization_output_wait,63,0,596230,596231,1
normalization_output_wait,63,1,596820,596821,1
normalization_output_wait,63,2,597410,597411,1
normalization_output_wait,63,3,598000,598001,1
normalization_output_wait,63,4,598592,598593,1
normalization_output_wait,63,5,599182,599183,1
normalization_output_wait,63,6,599772,599773,1
normalization_output_wait,63,7,600362,600363,1
normalization_output_wait,63,8,600954,600955,1
normalization_output_wait,63,9,601544,601545,1
normalization_output_wait,63,10,602134,602135,1
normalization_output_wait,63,11,602724,602725,1
normalization_output_wait,63,12,603316,603317,1
normalization_output_wait,63,13,603906,603907,1
normalization_output_wait,63,14,604496,604497,1
normalization_output_wait,63,15,605086,605087,1
input_projection,0,0,1007,1482,475
input_projection,0,1,1482,1957,475
input_projection,0,2,1957,2432,475
input_projection,0,3,2432,2907,475
input_projection,0,4,3369,3844,475
input_projection,0,5,3959,4434,475
input_projection,0,6,4549,5024,475
input_projection,0,7,5139,5614,475
input_projection,0,8,5731,6206,475
input_projection,0,9,6321,6796,475
input_projection,0,10,6911,7386,475
input_projection,0,11,7501,7976,475
input_projection,0,12,8093,8568,475
input_projection,0,13,8683,9158,475
input_projection,0,14,9273,9748,475
input_projection,0,15,9863,10338,475
input_projection,1,0,10455,10930,475
input_projection,1,1,11045,11520,475
input_projection,1,2,11635,12110,475
input_projection,1,3,12225,12700,475
input_projection,1,4,12817,13292,475
input_projection,1,5,13407,13882,475
input_projection,1,6,13997,14472,475
input_projection,1,7,14587,15062,475
input_projection,1,8,15179,15654,475
input_projection,1,9,15769,16244,475
input_projection,1,10,16359,16834,475
input_projection,1,11,16949,17424,475
input_projection,1,12,17541,18016,475
input_projection,1,13,18131,18606,475
input_projection,1,14,18721,19196,475
input_projection,1,15,19311,19786,475
input_projection,2,0,19903,20378,475
input_projection,2,1,20493,20968,475
input_projection,2,2,21083,21558,475
input_projection,2,3,21673,22148,475
input_projection,2,4,22265,22740,475
input_projection,2,5,22855,23330,475
input_projection,2,6,23445,23920,475
input_projection,2,7,24035,24510,475
input_projection,2,8,24627,25102,475
input_projection,2,9,25217,25692,475
input_projection,2,10,25807,26282,475
input_projection,2,11,26397,26872,475
input_projection,2,12,26989,27464,475
input_projection,2,13,27579,28054,475
input_projection,2,14,28169,28644,475
input_projection,2,15,28759,29234,475
input_projection,3,0,29351,29826,475
input_projection,3,1,29941,30416,475
input_projection,3,2,30531,31006,475
input_projection,3,3,31121,31596,475
input_projection,3,4,31713,32188,475
input_projection,3,5,32303,32778,475
input_projection,3,6,32893,33368,475
input_projection,3,7,33483,33958,475
input_projection,3,8,34075,34550,475
input_projection,3,9,34665,35140,475
input_projection,3,10,35255,35730,475
input_projection,3,11,35845,36320,475
input_projection,3,12,36437,36912,475
input_projection,3,13,37027,37502,475
input_projection,3,14,37617,38092,475
input_projection,3,15,38207,38682,475
input_projection,4,0,38799,39274,475
input_projection,4,1,39389,39864,475
input_projection,4,2,39979,40454,475
input_projection,4,3,40569,41044,475
input_projection,4,4,41161,41636,475
input_projection,4,5,41751,42226,475
input_projection,4,6,42341,42816,475
input_projection,4,7,42931,43406,475
input_projection,4,8,43523,43998,475
input_projection,4,9,44113,44588,475
input_projection,4,10,44703,45178,475
input_projection,4,11,45293,45768,475
input_projection,4,12,45885,46360,475
input_projection,4,13,46475,46950,475
input_projection,4,14,47065,47540,475
input_projection,4,15,47655,48130,475
input_projection,5,0,48247,48722,475
input_projection,5,1,48837,49312,475
input_projection,5,2,49427,49902,475
input_projection,5,3,50017,50492,475
input_projection,5,4,50609,51084,475
input_projection,5,5,51199,51674,475
input_projection,5,6,51789,52264,475
input_projection,5,7,52379,52854,475
input_projection,5,8,52971,53446,475
input_projection,5,9,53561,54036,475
input_projection,5,10,54151,54626,475
input_projection,5,11,54741,55216,475
input_projection,5,12,55333,55808,475
input_projection,5,13,55923,56398,475
input_projection,5,14,56513,56988,475
input_projection,5,15,57103,57578,475
input_projection,6,0,57695,58170,475
input_projection,6,1,58285,58760,475
input_projection,6,2,58875,59350,475
input_projection,6,3,59465,59940,475
input_projection,6,4,60057,60532,475
input_projection,6,5,60647,61122,475
input_projection,6,6,61237,61712,475
input_projection,6,7,61827,62302,475
input_projection,6,8,62419,62894,475
input_projection,6,9,63009,63484,475
input_projection,6,10,63599,64074,475
input_projection,6,11,64189,64664,475
input_projection,6,12,64781,65256,475
input_projection,6,13,65371,65846,475
input_projection,6,14,65961,66436,475
input_projection,6,15,66551,67026,475
input_projection,7,0,67143,67618,475
input_projection,7,1,67733,68208,475
input_projection,7,2,68323,68798,475
input_projection,7,3,68913,69388,475
input_projection,7,4,69505,69980,475
input_projection,7,5,70095,70570,475
input_projection,7,6,70685,71160,475
input_projection,7,7,71275,71750,475
input_projection,7,8,71867,72342,475
input_projection,7,9,72457,72932,475
input_projection,7,10,73047,73522,475
input_projection,7,11,73637,74112,475
input_projection,7,12,74229,74704,475
input_projection,7,13,74819,75294,475
input_projection,7,14,75409,75884,475
input_projection,7,15,75999,76474,475
input_projection,8,0,76591,77066,475
input_projection,8,1,77181,77656,475
input_projection,8,2,77771,78246,475
input_projection,8,3,78361,78836,475
input_projection,8,4,78953,79428,475
input_projection,8,5,79543,80018,475
input_projection,8,6,80133,80608,475
input_projection,8,7,80723,81198,475
input_projection,8,8,81315,81790,475
input_projection,8,9,81905,82380,475
input_projection,8,10,82495,82970,475
input_projection,8,11,83085,83560,475
input_projection,8,12,83677,84152,475
input_projection,8,13,84267,84742,475
input_projection,8,14,84857,85332,475
input_projection,8,15,85447,85922,475
input_projection,9,0,86039,86514,475
input_projection,9,1,86629,87104,475
input_projection,9,2,87219,87694,475
input_projection,9,3,87809,88284,475
input_projection,9,4,88401,88876,475
input_projection,9,5,88991,89466,475
input_projection,9,6,89581,90056,475
input_projection,9,7,90171,90646,475
input_projection,9,8,90763,91238,475
input_projection,9,9,91353,91828,475
input_projection,9,10,91943,92418,475
input_projection,9,11,92533,93008,475
input_projection,9,12,93125,93600,475
input_projection,9,13,93715,94190,475
input_projection,9,14,94305,94780,475
input_projection,9,15,94895,95370,475
input_projection,10,0,95487,95962,475
input_projection,10,1,96077,96552,475
input_projection,10,2,96667,97142,475
input_projection,10,3,97257,97732,475
input_projection,10,4,97849,98324,475
input_projection,10,5,98439,98914,475
input_projection,10,6,99029,99504,475
input_projection,10,7,99619,100094,475
input_projection,10,8,100211,100686,475
input_projection,10,9,100801,101276,475
input_projection,10,10,101391,101866,475
input_projection,10,11,101981,102456,475
input_projection,10,12,102573,103048,475
input_projection,10,13,103163,103638,475
input_projection,10,14,103753,104228,475
input_projection,10,15,104343,104818,475
input_projection,11,0,104935,105410,475
input_projection,11,1,105525,106000,475
input_projection,11,2,106115,106590,475
input_projection,11,3,106705,107180,475
input_projection,11,4,107297,107772,475
input_projection,11,5,107887,108362,475
input_projection,11,6,108477,108952,475
input_projection,11,7,109067,109542,475
input_projection,11,8,109659,110134,475
input_projection,11,9,110249,110724,475
input_projection,11,10,110839,111314,475
input_projection,11,11,111429,111904,475
input_projection,11,12,112021,112496,475
input_projection,11,13,112611,113086,475
input_projection,11,14,113201,113676,475
input_projection,11,15,113791,114266,475
input_projection,12,0,114383,114858,475
input_projection,12,1,114973,115448,475
input_projection,12,2,115563,116038,475
input_projection,12,3,116153,116628,475
input_projection,12,4,116745,117220,475
input_projection,12,5,117335,117810,475
input_projection,12,6,117925,118400,475
input_projection,12,7,118515,118990,475
input_projection,12,8,119107,119582,475
input_projection,12,9,119697,120172,475
input_projection,12,10,120287,120762,475
input_projection,12,11,120877,121352,475
input_projection,12,12,121469,121944,475
input_projection,12,13,122059,122534,475
input_projection,12,14,122649,123124,475
input_projection,12,15,123239,123714,475
input_projection,13,0,123831,124306,475
input_projection,13,1,124421,124896,475
input_projection,13,2,125011,125486,475
input_projection,13,3,125601,126076,475
input_projection,13,4,126193,126668,475
input_projection,13,5,126783,127258,475
input_projection,13,6,127373,127848,475
input_projection,13,7,127963,128438,475
input_projection,13,8,128555,129030,475
input_projection,13,9,129145,129620,475
input_projection,13,10,129735,130210,475
input_projection,13,11,130325,130800,475
input_projection,13,12,130917,131392,475
input_projection,13,13,131507,131982,475
input_projection,13,14,132097,132572,475
input_projection,13,15,132687,133162,475
input_projection,14,0,133279,133754,475
input_projection,14,1,133869,134344,475
input_projection,14,2,134459,134934,475
input_projection,14,3,135049,135524,475
input_projection,14,4,135641,136116,475
input_projection,14,5,136231,136706,475
input_projection,14,6,136821,137296,475
input_projection,14,7,137411,137886,475
input_projection,14,8,138003,138478,475
input_projection,14,9,138593,139068,475
input_projection,14,10,139183,139658,475
input_projection,14,11,139773,140248,475
input_projection,14,12,140365,140840,475
input_projection,14,13,140955,141430,475
input_projection,14,14,141545,142020,475
input_projection,14,15,142135,142610,475
input_projection,15,0,142727,143202,475
input_projection,15,1,143317,143792,475
input_projection,15,2,143907,144382,475
input_projection,15,3,144497,144972,475
input_projection,15,4,145089,145564,475
input_projection,15,5,145679,146154,475
input_projection,15,6,146269,146744,475
input_projection,15,7,146859,147334,475
input_projection,15,8,147451,147926,475
input_projection,15,9,148041,148516,475
input_projection,15,10,148631,149106,475
input_projection,15,11,149221,149696,475
input_projection,15,12,149813,150288,475
input_projection,15,13,150403,150878,475
input_projection,15,14,150993,151468,475
input_projection,15,15,151583,152058,475
input_projection,16,0,152175,152650,475
input_projection,16,1,152765,153240,475
input_projection,16,2,153355,153830,475
input_projection,16,3,153945,154420,475
input_projection,16,4,154537,155012,475
input_projection,16,5,155127,155602,475
input_projection,16,6,155717,156192,475
input_projection,16,7,156307,156782,475
input_projection,16,8,156899,157374,475
input_projection,16,9,157489,157964,475
input_projection,16,10,158079,158554,475
input_projection,16,11,158669,159144,475
input_projection,16,12,159261,159736,475
input_projection,16,13,159851,160326,475
input_projection,16,14,160441,160916,475
input_projection,16,15,161031,161506,475
input_projection,17,0,161623,162098,475
input_projection,17,1,162213,162688,475
input_projection,17,2,162803,163278,475
input_projection,17,3,163393,163868,475
input_projection,17,4,163985,164460,475
input_projection,17,5,164575,165050,475
input_projection,17,6,165165,165640,475
input_projection,17,7,165755,166230,475
input_projection,17,8,166347,166822,475
input_projection,17,9,166937,167412,475
input_projection,17,10,167527,168002,475
input_projection,17,11,168117,168592,475
input_projection,17,12,168709,169184,475
input_projection,17,13,169299,169774,475
input_projection,17,14,169889,170364,475
input_projection,17,15,170479,170954,475
input_projection,18,0,171071,171546,475
input_projection,18,1,171661,172136,475
input_projection,18,2,172251,172726,475
input_projection,18,3,172841,173316,475
input_projection,18,4,173433,173908,475
input_projection,18,5,174023,174498,475
input_projection,18,6,174613,175088,475
input_projection,18,7,175203,175678,475
input_projection,18,8,175795,176270,475
input_projection,18,9,176385,176860,475
input_projection,18,10,176975,177450,475
input_projection,18,11,177565,178040,475
input_projection,18,12,178157,178632,475
input_projection,18,13,178747,179222,475
input_projection,18,14,179337,179812,475
input_projection,18,15,179927,180402,475
input_projection,19,0,180519,180994,475
input_projection,19,1,181109,181584,475
input_projection,19,2,181699,182174,475
input_projection,19,3,182289,182764,475
input_projection,19,4,182881,183356,475
input_projection,19,5,183471,183946,475
input_projection,19,6,184061,184536,475
input_projection,19,7,184651,185126,475
input_projection,19,8,185243,185718,475
input_projection,19,9,185833,186308,475
input_projection,19,10,186423,186898,475
input_projection,19,11,187013,187488,475
input_projection,19,12,187605,188080,475
input_projection,19,13,188195,188670,475
input_projection,19,14,188785,189260,475
input_projection,19,15,189375,189850,475
input_projection,20,0,189967,190442,475
input_projection,20,1,190557,191032,475
input_projection,20,2,191147,191622,475
input_projection,20,3,191737,192212,475
input_projection,20,4,192329,192804,475
input_projection,20,5,192919,193394,475
input_projection,20,6,193509,193984,475
input_projection,20,7,194099,194574,475
input_projection,20,8,194691,195166,475
input_projection,20,9,195281,195756,475
input_projection,20,10,195871,196346,475
input_projection,20,11,196461,196936,475
input_projection,20,12,197053,197528,475
input_projection,20,13,197643,198118,475
input_projection,20,14,198233,198708,475
input_projection,20,15,198823,199298,475
input_projection,21,0,199415,199890,475
input_projection,21,1,200005,200480,475
input_projection,21,2,200595,201070,475
input_projection,21,3,201185,201660,475
input_projection,21,4,201777,202252,475
input_projection,21,5,202367,202842,475
input_projection,21,6,202957,203432,475
input_projection,21,7,203547,204022,475
input_projection,21,8,204139,204614,475
input_projection,21,9,204729,205204,475
input_projection,21,10,205319,205794,475
input_projection,21,11,205909,206384,475
input_projection,21,12,206501,206976,475
input_projection,21,13,207091,207566,475
input_projection,21,14,207681,208156,475
input_projection,21,15,208271,208746,475
input_projection,22,0,208863,209338,475
input_projection,22,1,209453,209928,475
input_projection,22,2,210043,210518,475
input_projection,22,3,210633,211108,475
input_projection,22,4,211225,211700,475
input_projection,22,5,211815,212290,475
input_projection,22,6,212405,212880,475
input_projection,22,7,212995,213470,475
input_projection,22,8,213587,214062,475
input_projection,22,9,214177,214652,475
input_projection,22,10,214767,215242,475
input_projection,22,11,215357,215832,475
input_projection,22,12,215949,216424,475
input_projection,22,13,216539,217014,475
input_projection,22,14,217129,217604,475
input_projection,22,15,217719,218194,475
input_projection,23,0,218311,218786,475
input_projection,23,1,218901,219376,475
input_projection,23,2,219491,219966,475
input_projection,23,3,220081,220556,475
input_projection,23,4,220673,221148,475
input_projection,23,5,221263,221738,475
input_projection,23,6,221853,222328,475
input_projection,23,7,222443,222918,475
input_projection,23,8,223035,223510,475
input_projection,23,9,223625,224100,475
input_projection,23,10,224215,224690,475
input_projection,23,11,224805,225280,475
input_projection,23,12,225397,225872,475
input_projection,23,13,225987,226462,475
input_projection,23,14,226577,227052,475
input_projection,23,15,227167,227642,475
input_projection,24,0,227759,228234,475
input_projection,24,1,228349,228824,475
input_projection,24,2,228939,229414,475
input_projection,24,3,229529,230004,475
input_projection,24,4,230121,230596,475
input_projection,24,5,230711,231186,475
input_projection,24,6,231301,231776,475
input_projection,24,7,231891,232366,475
input_projection,24,8,232483,232958,475
input_projection,24,9,233073,233548,475
input_projection,24,10,233663,234138,475
input_projection,24,11,234253,234728,475
input_projection,24,12,234845,235320,475
input_projection,24,13,235435,235910,475
input_projection,24,14,236025,236500,475
input_projection,24,15,236615,237090,475
input_projection,25,0,237207,237682,475
input_projection,25,1,237797,238272,475
input_projection,25,2,238387,238862,475
input_projection,25,3,238977,239452,475
input_projection,25,4,239569,240044,475
input_projection,25,5,240159,240634,475
input_projection,25,6,240749,241224,475
input_projection,25,7,241339,241814,475
input_projection,25,8,241931,242406,475
input_projection,25,9,242521,242996,475
input_projection,25,10,243111,243586,475
input_projection,25,11,243701,244176,475
input_projection,25,12,244293,244768,475
input_projection,25,13,244883,245358,475
input_projection,25,14,245473,245948,475
input_projection,25,15,246063,246538,475
input_projection,26,0,246655,247130,475
input_projection,26,1,247245,247720,475
input_projection,26,2,247835,248310,475
input_projection,26,3,248425,248900,475
input_projection,26,4,249017,249492,475
input_projection,26,5,249607,250082,475
input_projection,26,6,250197,250672,475
input_projection,26,7,250787,251262,475
input_projection,26,8,251379,251854,475
input_projection,26,9,251969,252444,475
input_projection,26,10,252559,253034,475
input_projection,26,11,253149,253624,475
input_projection,26,12,253741,254216,475
input_projection,26,13,254331,254806,475
input_projection,26,14,254921,255396,475
input_projection,26,15,255511,255986,475
input_projection,27,0,256103,256578,475
input_projection,27,1,256693,257168,475
input_projection,27,2,257283,257758,475
input_projection,27,3,257873,258348,475
input_projection,27,4,258465,258940,475
input_projection,27,5,259055,259530,475
input_projection,27,6,259645,260120,475
input_projection,27,7,260235,260710,475
input_projection,27,8,260827,261302,475
input_projection,27,9,261417,261892,475
input_projection,27,10,262007,262482,475
input_projection,27,11,262597,263072,475
input_projection,27,12,263189,263664,475
input_projection,27,13,263779,264254,475
input_projection,27,14,264369,264844,475
input_projection,27,15,264959,265434,475
input_projection,28,0,265551,266026,475
input_projection,28,1,266141,266616,475
input_projection,28,2,266731,267206,475
input_projection,28,3,267321,267796,475
input_projection,28,4,267913,268388,475
input_projection,28,5,268503,268978,475
input_projection,28,6,269093,269568,475
input_projection,28,7,269683,270158,475
input_projection,28,8,270275,270750,475
input_projection,28,9,270865,271340,475
input_projection,28,10,271455,271930,475
input_projection,28,11,272045,272520,475
input_projection,28,12,272637,273112,475
input_projection,28,13,273227,273702,475
input_projection,28,14,273817,274292,475
input_projection,28,15,274407,274882,475
input_projection,29,0,274999,275474,475
input_projection,29,1,275589,276064,475
input_projection,29,2,276179,276654,475
input_projection,29,3,276769,277244,475
input_projection,29,4,277361,277836,475
input_projection,29,5,277951,278426,475
input_projection,29,6,278541,279016,475
input_projection,29,7,279131,279606,475
input_projection,29,8,279723,280198,475
input_projection,29,9,280313,280788,475
input_projection,29,10,280903,281378,475
input_projection,29,11,281493,281968,475
input_projection,29,12,282085,282560,475
input_projection,29,13,282675,283150,475
input_projection,29,14,283265,283740,475
input_projection,29,15,283855,284330,475
input_projection,30,0,284447,284922,475
input_projection,30,1,285037,285512,475
input_projection,30,2,285627,286102,475
input_projection,30,3,286217,286692,475
input_projection,30,4,286809,287284,475
input_projection,30,5,287399,287874,475
input_projection,30,6,287989,288464,475
input_projection,30,7,288579,289054,475
input_projection,30,8,289171,289646,475
input_projection,30,9,289761,290236,475
input_projection,30,10,290351,290826,475
input_projection,30,11,290941,291416,475
input_projection,30,12,291533,292008,475
input_projection,30,13,292123,292598,475
input_projection,30,14,292713,293188,475
input_projection,30,15,293303,293778,475
input_projection,31,0,293895,294370,475
input_projection,31,1,294485,294960,475
input_projection,31,2,295075,295550,475
input_projection,31,3,295665,296140,475
input_projection,31,4,296257,296732,475
input_projection,31,5,296847,297322,475
input_projection,31,6,297437,297912,475
input_projection,31,7,298027,298502,475
input_projection,31,8,298619,299094,475
input_projection,31,9,299209,299684,475
input_projection,31,10,299799,300274,475
input_projection,31,11,300389,300864,475
input_projection,31,12,300981,301456,475
input_projection,31,13,301571,302046,475
input_projection,31,14,302161,302636,475
input_projection,31,15,302751,303226,475
input_projection,32,0,303343,303818,475
input_projection,32,1,303933,304408,475
input_projection,32,2,304523,304998,475
input_projection,32,3,305113,305588,475
input_projection,32,4,305705,306180,475
input_projection,32,5,306295,306770,475
input_projection,32,6,306885,307360,475
input_projection,32,7,307475,307950,475
input_projection,32,8,308067,308542,475
input_projection,32,9,308657,309132,475
input_projection,32,10,309247,309722,475
input_projection,32,11,309837,310312,475
input_projection,32,12,310429,310904,475
input_projection,32,13,311019,311494,475
input_projection,32,14,311609,312084,475
input_projection,32,15,312199,312674,475
input_projection,33,0,312791,313266,475
input_projection,33,1,313381,313856,475
input_projection,33,2,313971,314446,475
input_projection,33,3,314561,315036,475
input_projection,33,4,315153,315628,475
input_projection,33,5,315743,316218,475
input_projection,33,6,316333,316808,475
input_projection,33,7,316923,317398,475
input_projection,33,8,317515,317990,475
input_projection,33,9,318105,318580,475
input_projection,33,10,318695,319170,475
input_projection,33,11,319285,319760,475
input_projection,33,12,319877,320352,475
input_projection,33,13,320467,320942,475
input_projection,33,14,321057,321532,475
input_projection,33,15,321647,322122,475
input_projection,34,0,322239,322714,475
input_projection,34,1,322829,323304,475
input_projection,34,2,323419,323894,475
input_projection,34,3,324009,324484,475
input_projection,34,4,324601,325076,475
input_projection,34,5,325191,325666,475
input_projection,34,6,325781,326256,475
input_projection,34,7,326371,326846,475
input_projection,34,8,326963,327438,475
input_projection,34,9,327553,328028,475
input_projection,34,10,328143,328618,475
input_projection,34,11,328733,329208,475
input_projection,34,12,329325,329800,475
input_projection,34,13,329915,330390,475
input_projection,34,14,330505,330980,475
input_projection,34,15,331095,331570,475
input_projection,35,0,331687,332162,475
input_projection,35,1,332277,332752,475
input_projection,35,2,332867,333342,475
input_projection,35,3,333457,333932,475
input_projection,35,4,334049,334524,475
input_projection,35,5,334639,335114,475
input_projection,35,6,335229,335704,475
input_projection,35,7,335819,336294,475
input_projection,35,8,336411,336886,475
input_projection,35,9,337001,337476,475
input_projection,35,10,337591,338066,475
input_projection,35,11,338181,338656,475
input_projection,35,12,338773,339248,475
input_projection,35,13,339363,339838,475
input_projection,35,14,339953,340428,475
input_projection,35,15,340543,341018,475
input_projection,36,0,341135,341610,475
input_projection,36,1,341725,342200,475
input_projection,36,2,342315,342790,475
input_projection,36,3,342905,343380,475
input_projection,36,4,343497,343972,475
input_projection,36,5,344087,344562,475
input_projection,36,6,344677,345152,475
input_projection,36,7,345267,345742,475
input_projection,36,8,345859,346334,475
input_projection,36,9,346449,346924,475
input_projection,36,10,347039,347514,475
input_projection,36,11,347629,348104,475
input_projection,36,12,348221,348696,475
input_projection,36,13,348811,349286,475
input_projection,36,14,349401,349876,475
input_projection,36,15,349991,350466,475
input_projection,37,0,350583,351058,475
input_projection,37,1,351173,351648,475
input_projection,37,2,351763,352238,475
input_projection,37,3,352353,352828,475
input_projection,37,4,352945,353420,475
input_projection,37,5,353535,354010,475
input_projection,37,6,354125,354600,475
input_projection,37,7,354715,355190,475
input_projection,37,8,355307,355782,475
input_projection,37,9,355897,356372,475
input_projection,37,10,356487,356962,475
input_projection,37,11,357077,357552,475
input_projection,37,12,357669,358144,475
input_projection,37,13,358259,358734,475
input_projection,37,14,358849,359324,475
input_projection,37,15,359439,359914,475
input_projection,38,0,360031,360506,475
input_projection,38,1,360621,361096,475
input_projection,38,2,361211,361686,475
input_projection,38,3,361801,362276,475
input_projection,38,4,362393,362868,475
input_projection,38,5,362983,363458,475
input_projection,38,6,363573,364048,475
input_projection,38,7,364163,364638,475
input_projection,38,8,364755,365230,475
input_projection,38,9,365345,365820,475
input_projection,38,10,365935,366410,475
input_projection,38,11,366525,367000,475
input_projection,38,12,367117,367592,475
input_projection,38,13,367707,368182,475
input_projection,38,14,368297,368772,475
input_projection,38,15,368887,369362,475
input_projection,39,0,369479,369954,475
input_projection,39,1,370069,370544,475
input_projection,39,2,370659,371134,475
input_projection,39,3,371249,371724,475
input_projection,39,4,371841,372316,475
input_projection,39,5,372431,372906,475
input_projection,39,6,373021,373496,475
input_projection,39,7,373611,374086,475
input_projection,39,8,374203,374678,475
input_projection,39,9,374793,375268,475
input_projection,39,10,375383,375858,475
input_projection,39,11,375973,376448,475
input_projection,39,12,376565,377040,475
input_projection,39,13,377155,377630,475
input_projection,39,14,377745,378220,475
input_projection,39,15,378335,378810,475
input_projection,40,0,378927,379402,475
input_projection,40,1,379517,379992,475
input_projection,40,2,380107,380582,475
input_projection,40,3,380697,381172,475
input_projection,40,4,381289,381764,475
input_projection,40,5,381879,382354,475
input_projection,40,6,382469,382944,475
input_projection,40,7,383059,383534,475
input_projection,40,8,383651,384126,475
input_projection,40,9,384241,384716,475
input_projection,40,10,384831,385306,475
input_projection,40,11,385421,385896,475
input_projection,40,12,386013,386488,475
input_projection,40,13,386603,387078,475
input_projection,40,14,387193,387668,475
input_projection,40,15,387783,388258,475
input_projection,41,0,388375,388850,475
input_projection,41,1,388965,389440,475
input_projection,41,2,389555,390030,475
input_projection,41,3,390145,390620,475
input_projection,41,4,390737,391212,475
input_projection,41,5,391327,391802,475
input_projection,41,6,391917,392392,475
input_projection,41,7,392507,392982,475
input_projection,41,8,393099,393574,475
input_projection,41,9,393689,394164,475
input_projection,41,10,394279,394754,475
input_projection,41,11,394869,395344,475
input_projection,41,12,395461,395936,475
input_projection,41,13,396051,396526,475
input_projection,41,14,396641,397116,475
input_projection,41,15,397231,397706,475
input_projection,42,0,397823,398298,475
input_projection,42,1,398413,398888,475
input_projection,42,2,399003,399478,475
input_projection,42,3,399593,400068,475
input_projection,42,4,400185,400660,475
input_projection,42,5,400775,401250,475
input_projection,42,6,401365,401840,475
input_projection,42,7,401955,402430,475
input_projection,42,8,402547,403022,475
input_projection,42,9,403137,403612,475
input_projection,42,10,403727,404202,475
input_projection,42,11,404317,404792,475
input_projection,42,12,404909,405384,475
input_projection,42,13,405499,405974,475
input_projection,42,14,406089,406564,475
input_projection,42,15,406679,407154,475
input_projection,43,0,407271,407746,475
input_projection,43,1,407861,408336,475
input_projection,43,2,408451,408926,475
input_projection,43,3,409041,409516,475
input_projection,43,4,409633,410108,475
input_projection,43,5,410223,410698,475
input_projection,43,6,410813,411288,475
input_projection,43,7,411403,411878,475
input_projection,43,8,411995,412470,475
input_projection,43,9,412585,413060,475
input_projection,43,10,413175,413650,475
input_projection,43,11,413765,414240,475
input_projection,43,12,414357,414832,475
input_projection,43,13,414947,415422,475
input_projection,43,14,415537,416012,475
input_projection,43,15,416127,416602,475
input_projection,44,0,416719,417194,475
input_projection,44,1,417309,417784,475
input_projection,44,2,417899,418374,475
input_projection,44,3,418489,418964,475
input_projection,44,4,419081,419556,475
input_projection,44,5,419671,420146,475
input_projection,44,6,420261,420736,475
input_projection,44,7,420851,421326,475
input_projection,44,8,421443,421918,475
input_projection,44,9,422033,422508,475
input_projection,44,10,422623,423098,475
input_projection,44,11,423213,423688,475
input_projection,44,12,423805,424280,475
input_projection,44,13,424395,424870,475
input_projection,44,14,424985,425460,475
input_projection,44,15,425575,426050,475
input_projection,45,0,426167,426642,475
input_projection,45,1,426757,427232,475
input_projection,45,2,427347,427822,475
input_projection,45,3,427937,428412,475
input_projection,45,4,428529,429004,475
input_projection,45,5,429119,429594,475
input_projection,45,6,429709,430184,475
input_projection,45,7,430299,430774,475
input_projection,45,8,430891,431366,475
input_projection,45,9,431481,431956,475
input_projection,45,10,432071,432546,475
input_projection,45,11,432661,433136,475
input_projection,45,12,433253,433728,475
input_projection,45,13,433843,434318,475
input_projection,45,14,434433,434908,475
input_projection,45,15,435023,435498,475
input_projection,46,0,435615,436090,475
input_projection,46,1,436205,436680,475
input_projection,46,2,436795,437270,475
input_projection,46,3,437385,437860,475
input_projection,46,4,437977,438452,475
input_projection,46,5,438567,439042,475
input_projection,46,6,439157,439632,475
input_projection,46,7,439747,440222,475
input_projection,46,8,440339,440814,475
input_projection,46,9,440929,441404,475
input_projection,46,10,441519,441994,475
input_projection,46,11,442109,442584,475
input_projection,46,12,442701,443176,475
input_projection,46,13,443291,443766,475
input_projection,46,14,443881,444356,475
input_projection,46,15,444471,444946,475
input_projection,47,0,445063,445538,475
input_projection,47,1,445653,446128,475
input_projection,47,2,446243,446718,475
input_projection,47,3,446833,447308,475
input_projection,47,4,447425,447900,475
input_projection,47,5,448015,448490,475
input_projection,47,6,448605,449080,475
input_projection,47,7,449195,449670,475
input_projection,47,8,449787,450262,475
input_projection,47,9,450377,450852,475
input_projection,47,10,450967,451442,475
input_projection,47,11,451557,452032,475
input_projection,47,12,452149,452624,475
input_projection,47,13,452739,453214,475
input_projection,47,14,453329,453804,475
input_projection,47,15,453919,454394,475
input_projection,48,0,454511,454986,475
input_projection,48,1,455101,455576,475
input_projection,48,2,455691,456166,475
input_projection,48,3,456281,456756,475
input_projection,48,4,456873,457348,475
input_projection,48,5,457463,457938,475
input_projection,48,6,458053,458528,475
input_projection,48,7,458643,459118,475
input_projection,48,8,459235,459710,475
input_projection,48,9,459825,460300,475
input_projection,48,10,460415,460890,475
input_projection,48,11,461005,461480,475
input_projection,48,12,461597,462072,475
input_projection,48,13,462187,462662,475
input_projection,48,14,462777,463252,475
input_projection,48,15,463367,463842,475
input_projection,49,0,463959,464434,475
input_projection,49,1,464549,465024,475
input_projection,49,2,465139,465614,475
input_projection,49,3,465729,466204,475
input_projection,49,4,466321,466796,475
input_projection,49,5,466911,467386,475
input_projection,49,6,467501,467976,475
input_projection,49,7,468091,468566,475
input_projection,49,8,468683,469158,475
input_projection,49,9,469273,469748,475
input_projection,49,10,469863,470338,475
input_projection,49,11,470453,470928,475
input_projection,49,12,471045,471520,475
input_projection,49,13,471635,472110,475
input_projection,49,14,472225,472700,475
input_projection,49,15,472815,473290,475
input_projection,50,0,473407,473882,475
input_projection,50,1,473997,474472,475
input_projection,50,2,474587,475062,475
input_projection,50,3,475177,475652,475
input_projection,50,4,475769,476244,475
input_projection,50,5,476359,476834,475
input_projection,50,6,476949,477424,475
input_projection,50,7,477539,478014,475
input_projection,50,8,478131,478606,475
input_projection,50,9,478721,479196,475
input_projection,50,10,479311,479786,475
input_projection,50,11,479901,480376,475
input_projection,50,12,480493,480968,475
input_projection,50,13,481083,481558,475
input_projection,50,14,481673,482148,475
input_projection,50,15,482263,482738,475
input_projection,51,0,482855,483330,475
input_projection,51,1,483445,483920,475
input_projection,51,2,484035,484510,475
input_projection,51,3,484625,485100,475
input_projection,51,4,485217,485692,475
input_projection,51,5,485807,486282,475
input_projection,51,6,486397,486872,475
input_projection,51,7,486987,487462,475
input_projection,51,8,487579,488054,475
input_projection,51,9,488169,488644,475
input_projection,51,10,488759,489234,475
input_projection,51,11,489349,489824,475
input_projection,51,12,489941,490416,475
input_projection,51,13,490531,491006,475
input_projection,51,14,491121,491596,475
input_projection,51,15,491711,492186,475
input_projection,52,0,492303,492778,475
input_projection,52,1,492893,493368,475
input_projection,52,2,493483,493958,475
input_projection,52,3,494073,494548,475
input_projection,52,4,494665,495140,475
input_projection,52,5,495255,495730,475
input_projection,52,6,495845,496320,475
input_projection,52,7,496435,496910,475
input_projection,52,8,497027,497502,475
input_projection,52,9,497617,498092,475
input_projection,52,10,498207,498682,475
input_projection,52,11,498797,499272,475
input_projection,52,12,499389,499864,475
input_projection,52,13,499979,500454,475
input_projection,52,14,500569,501044,475
input_projection,52,15,501159,501634,475
input_projection,53,0,501751,502226,475
input_projection,53,1,502341,502816,475
input_projection,53,2,502931,503406,475
input_projection,53,3,503521,503996,475
input_projection,53,4,504113,504588,475
input_projection,53,5,504703,505178,475
input_projection,53,6,505293,505768,475
input_projection,53,7,505883,506358,475
input_projection,53,8,506475,506950,475
input_projection,53,9,507065,507540,475
input_projection,53,10,507655,508130,475
input_projection,53,11,508245,508720,475
input_projection,53,12,508837,509312,475
input_projection,53,13,509427,509902,475
input_projection,53,14,510017,510492,475
input_projection,53,15,510607,511082,475
input_projection,54,0,511199,511674,475
input_projection,54,1,511789,512264,475
input_projection,54,2,512379,512854,475
input_projection,54,3,512969,513444,475
input_projection,54,4,513561,514036,475
input_projection,54,5,514151,514626,475
input_projection,54,6,514741,515216,475
input_projection,54,7,515331,515806,475
input_projection,54,8,515923,516398,475
input_projection,54,9,516513,516988,475
input_projection,54,10,517103,517578,475
input_projection,54,11,517693,518168,475
input_projection,54,12,518285,518760,475
input_projection,54,13,518875,519350,475
input_projection,54,14,519465,519940,475
input_projection,54,15,520055,520530,475
input_projection,55,0,520647,521122,475
input_projection,55,1,521237,521712,475
input_projection,55,2,521827,522302,475
input_projection,55,3,522417,522892,475
input_projection,55,4,523009,523484,475
input_projection,55,5,523599,524074,475
input_projection,55,6,524189,524664,475
input_projection,55,7,524779,525254,475
input_projection,55,8,525371,525846,475
input_projection,55,9,525961,526436,475
input_projection,55,10,526551,527026,475
input_projection,55,11,527141,527616,475
input_projection,55,12,527733,528208,475
input_projection,55,13,528323,528798,475
input_projection,55,14,528913,529388,475
input_projection,55,15,529503,529978,475
input_projection,56,0,530095,530570,475
input_projection,56,1,530685,531160,475
input_projection,56,2,531275,531750,475
input_projection,56,3,531865,532340,475
input_projection,56,4,532457,532932,475
input_projection,56,5,533047,533522,475
input_projection,56,6,533637,534112,475
input_projection,56,7,534227,534702,475
input_projection,56,8,534819,535294,475
input_projection,56,9,535409,535884,475
input_projection,56,10,535999,536474,475
input_projection,56,11,536589,537064,475
input_projection,56,12,537181,537656,475
input_projection,56,13,537771,538246,475
input_projection,56,14,538361,538836,475
input_projection,56,15,538951,539426,475
input_projection,57,0,539543,540018,475
input_projection,57,1,540133,540608,475
input_projection,57,2,540723,541198,475
input_projection,57,3,541313,541788,475
input_projection,57,4,541905,542380,475
input_projection,57,5,542495,542970,475
input_projection,57,6,543085,543560,475
input_projection,57,7,543675,544150,475
input_projection,57,8,544267,544742,475
input_projection,57,9,544857,545332,475
input_projection,57,10,545447,545922,475
input_projection,57,11,546037,546512,475
input_projection,57,12,546629,547104,475
input_projection,57,13,547219,547694,475
input_projection,57,14,547809,548284,475
input_projection,57,15,548399,548874,475
input_projection,58,0,548991,549466,475
input_projection,58,1,549581,550056,475
input_projection,58,2,550171,550646,475
input_projection,58,3,550761,551236,475
input_projection,58,4,551353,551828,475
input_projection,58,5,551943,552418,475
input_projection,58,6,552533,553008,475
input_projection,58,7,553123,553598,475
input_projection,58,8,553715,554190,475
input_projection,58,9,554305,554780,475
input_projection,58,10,554895,555370,475
input_projection,58,11,555485,555960,475
input_projection,58,12,556077,556552,475
input_projection,58,13,556667,557142,475
input_projection,58,14,557257,557732,475
input_projection,58,15,557847,558322,475
input_projection,59,0,558439,558914,475
input_projection,59,1,559029,559504,475
input_projection,59,2,559619,560094,475
input_projection,59,3,560209,560684,475
input_projection,59,4,560801,561276,475
input_projection,59,5,561391,561866,475
input_projection,59,6,561981,562456,475
input_projection,59,7,562571,563046,475
input_projection,59,8,563163,563638,475
input_projection,59,9,563753,564228,475
input_projection,59,10,564343,564818,475
input_projection,59,11,564933,565408,475
input_projection,59,12,565525,566000,475
input_projection,59,13,566115,566590,475
input_projection,59,14,566705,567180,475
input_projection,59,15,567295,567770,475
input_projection,60,0,567887,568362,475
input_projection,60,1,568477,568952,475
input_projection,60,2,569067,569542,475
input_projection,60,3,569657,570132,475
input_projection,60,4,570249,570724,475
input_projection,60,5,570839,571314,475
input_projection,60,6,571429,571904,475
input_projection,60,7,572019,572494,475
input_projection,60,8,572611,573086,475
input_projection,60,9,573201,573676,475
input_projection,60,10,573791,574266,475
input_projection,60,11,574381,574856,475
input_projection,60,12,574973,575448,475
input_projection,60,13,575563,576038,475
input_projection,60,14,576153,576628,475
input_projection,60,15,576743,577218,475
input_projection,61,0,577335,577810,475
input_projection,61,1,577925,578400,475
input_projection,61,2,578515,578990,475
input_projection,61,3,579105,579580,475
input_projection,61,4,579697,580172,475
input_projection,61,5,580287,580762,475
input_projection,61,6,580877,581352,475
input_projection,61,7,581467,581942,475
input_projection,61,8,582059,582534,475
input_projection,61,9,582649,583124,475
input_projection,61,10,583239,583714,475
input_projection,61,11,583829,584304,475
input_projection,61,12,584421,584896,475
input_projection,61,13,585011,585486,475
input_projection,61,14,585601,586076,475
input_projection,61,15,586191,586666,475
input_projection,62,0,586783,587258,475
input_projection,62,1,587373,587848,475
input_projection,62,2,587963,588438,475
input_projection,62,3,588553,589028,475
input_projection,62,4,589145,589620,475
input_projection,62,5,589735,590210,475
input_projection,62,6,590325,590800,475
input_projection,62,7,590915,591390,475
input_projection,62,8,591507,591982,475
input_projection,62,9,592097,592572,475
input_projection,62,10,592687,593162,475
input_projection,62,11,593277,593752,475
input_projection,62,12,593869,594344,475
input_projection,62,13,594459,594934,475
input_projection,62,14,595049,595524,475
input_projection,62,15,595639,596114,475
input_projection,63,0,596231,596706,475
input_projection,63,1,596821,597296,475
input_projection,63,2,597411,597886,475
input_projection,63,3,598001,598476,475
input_projection,63,4,598593,599068,475
input_projection,63,5,599183,599658,475
input_projection,63,6,599773,600248,475
input_projection,63,7,600363,600838,475
input_projection,63,8,600955,601430,475
input_projection,63,9,601545,602020,475
input_projection,63,10,602135,602610,475
input_projection,63,11,602725,603200,475
input_projection,63,12,603317,603792,475
input_projection,63,13,603907,604382,475
input_projection,63,14,604497,604972,475
input_projection,63,15,605087,605562,475
conv_input_queue,0,0,1482,1483,1
conv_input_queue,0,1,1957,1958,1
conv_input_queue,0,2,2432,2433,1
conv_input_queue,0,3,2907,2908,1
conv_input_queue,0,4,3844,3845,1
conv_input_queue,0,5,4434,4435,1
conv_input_queue,0,6,5024,5025,1
conv_input_queue,0,7,5614,5615,1
conv_input_queue,0,8,6206,6207,1
conv_input_queue,0,9,6796,6797,1
conv_input_queue,0,10,7386,7387,1
conv_input_queue,0,11,7976,7977,1
conv_input_queue,0,12,8568,8569,1
conv_input_queue,0,13,9158,9159,1
conv_input_queue,0,14,9748,9749,1
conv_input_queue,0,15,10338,10339,1
conv_input_queue,1,0,10930,10931,1
conv_input_queue,1,1,11520,11521,1
conv_input_queue,1,2,12110,12111,1
conv_input_queue,1,3,12700,12701,1
conv_input_queue,1,4,13292,13293,1
conv_input_queue,1,5,13882,13883,1
conv_input_queue,1,6,14472,14473,1
conv_input_queue,1,7,15062,15063,1
conv_input_queue,1,8,15654,15655,1
conv_input_queue,1,9,16244,16245,1
conv_input_queue,1,10,16834,16835,1
conv_input_queue,1,11,17424,17425,1
conv_input_queue,1,12,18016,18017,1
conv_input_queue,1,13,18606,18607,1
conv_input_queue,1,14,19196,19197,1
conv_input_queue,1,15,19786,19787,1
conv_input_queue,2,0,20378,20379,1
conv_input_queue,2,1,20968,20969,1
conv_input_queue,2,2,21558,21559,1
conv_input_queue,2,3,22148,22149,1
conv_input_queue,2,4,22740,22741,1
conv_input_queue,2,5,23330,23331,1
conv_input_queue,2,6,23920,23921,1
conv_input_queue,2,7,24510,24511,1
conv_input_queue,2,8,25102,25103,1
conv_input_queue,2,9,25692,25693,1
conv_input_queue,2,10,26282,26283,1
conv_input_queue,2,11,26872,26873,1
conv_input_queue,2,12,27464,27465,1
conv_input_queue,2,13,28054,28055,1
conv_input_queue,2,14,28644,28645,1
conv_input_queue,2,15,29234,29235,1
conv_input_queue,3,0,29826,29827,1
conv_input_queue,3,1,30416,30417,1
conv_input_queue,3,2,31006,31007,1
conv_input_queue,3,3,31596,31597,1
conv_input_queue,3,4,32188,32189,1
conv_input_queue,3,5,32778,32779,1
conv_input_queue,3,6,33368,33369,1
conv_input_queue,3,7,33958,33959,1
conv_input_queue,3,8,34550,34551,1
conv_input_queue,3,9,35140,35141,1
conv_input_queue,3,10,35730,35731,1
conv_input_queue,3,11,36320,36321,1
conv_input_queue,3,12,36912,36913,1
conv_input_queue,3,13,37502,37503,1
conv_input_queue,3,14,38092,38093,1
conv_input_queue,3,15,38682,38683,1
conv_input_queue,4,0,39274,39275,1
conv_input_queue,4,1,39864,39865,1
conv_input_queue,4,2,40454,40455,1
conv_input_queue,4,3,41044,41045,1
conv_input_queue,4,4,41636,41637,1
conv_input_queue,4,5,42226,42227,1
conv_input_queue,4,6,42816,42817,1
conv_input_queue,4,7,43406,43407,1
conv_input_queue,4,8,43998,43999,1
conv_input_queue,4,9,44588,44589,1
conv_input_queue,4,10,45178,45179,1
conv_input_queue,4,11,45768,45769,1
conv_input_queue,4,12,46360,46361,1
conv_input_queue,4,13,46950,46951,1
conv_input_queue,4,14,47540,47541,1
conv_input_queue,4,15,48130,48131,1
conv_input_queue,5,0,48722,48723,1
conv_input_queue,5,1,49312,49313,1
conv_input_queue,5,2,49902,49903,1
conv_input_queue,5,3,50492,50493,1
conv_input_queue,5,4,51084,51085,1
conv_input_queue,5,5,51674,51675,1
conv_input_queue,5,6,52264,52265,1
conv_input_queue,5,7,52854,52855,1
conv_input_queue,5,8,53446,53447,1
conv_input_queue,5,9,54036,54037,1
conv_input_queue,5,10,54626,54627,1
conv_input_queue,5,11,55216,55217,1
conv_input_queue,5,12,55808,55809,1
conv_input_queue,5,13,56398,56399,1
conv_input_queue,5,14,56988,56989,1
conv_input_queue,5,15,57578,57579,1
conv_input_queue,6,0,58170,58171,1
conv_input_queue,6,1,58760,58761,1
conv_input_queue,6,2,59350,59351,1
conv_input_queue,6,3,59940,59941,1
conv_input_queue,6,4,60532,60533,1
conv_input_queue,6,5,61122,61123,1
conv_input_queue,6,6,61712,61713,1
conv_input_queue,6,7,62302,62303,1
conv_input_queue,6,8,62894,62895,1
conv_input_queue,6,9,63484,63485,1
conv_input_queue,6,10,64074,64075,1
conv_input_queue,6,11,64664,64665,1
conv_input_queue,6,12,65256,65257,1
conv_input_queue,6,13,65846,65847,1
conv_input_queue,6,14,66436,66437,1
conv_input_queue,6,15,67026,67027,1
conv_input_queue,7,0,67618,67619,1
conv_input_queue,7,1,68208,68209,1
conv_input_queue,7,2,68798,68799,1
conv_input_queue,7,3,69388,69389,1
conv_input_queue,7,4,69980,69981,1
conv_input_queue,7,5,70570,70571,1
conv_input_queue,7,6,71160,71161,1
conv_input_queue,7,7,71750,71751,1
conv_input_queue,7,8,72342,72343,1
conv_input_queue,7,9,72932,72933,1
conv_input_queue,7,10,73522,73523,1
conv_input_queue,7,11,74112,74113,1
conv_input_queue,7,12,74704,74705,1
conv_input_queue,7,13,75294,75295,1
conv_input_queue,7,14,75884,75885,1
conv_input_queue,7,15,76474,76475,1
conv_input_queue,8,0,77066,77067,1
conv_input_queue,8,1,77656,77657,1
conv_input_queue,8,2,78246,78247,1
conv_input_queue,8,3,78836,78837,1
conv_input_queue,8,4,79428,79429,1
conv_input_queue,8,5,80018,80019,1
conv_input_queue,8,6,80608,80609,1
conv_input_queue,8,7,81198,81199,1
conv_input_queue,8,8,81790,81791,1
conv_input_queue,8,9,82380,82381,1
conv_input_queue,8,10,82970,82971,1
conv_input_queue,8,11,83560,83561,1
conv_input_queue,8,12,84152,84153,1
conv_input_queue,8,13,84742,84743,1
conv_input_queue,8,14,85332,85333,1
conv_input_queue,8,15,85922,85923,1
conv_input_queue,9,0,86514,86515,1
conv_input_queue,9,1,87104,87105,1
conv_input_queue,9,2,87694,87695,1
conv_input_queue,9,3,88284,88285,1
conv_input_queue,9,4,88876,88877,1
conv_input_queue,9,5,89466,89467,1
conv_input_queue,9,6,90056,90057,1
conv_input_queue,9,7,90646,90647,1
conv_input_queue,9,8,91238,91239,1
conv_input_queue,9,9,91828,91829,1
conv_input_queue,9,10,92418,92419,1
conv_input_queue,9,11,93008,93009,1
conv_input_queue,9,12,93600,93601,1
conv_input_queue,9,13,94190,94191,1
conv_input_queue,9,14,94780,94781,1
conv_input_queue,9,15,95370,95371,1
conv_input_queue,10,0,95962,95963,1
conv_input_queue,10,1,96552,96553,1
conv_input_queue,10,2,97142,97143,1
conv_input_queue,10,3,97732,97733,1
conv_input_queue,10,4,98324,98325,1
conv_input_queue,10,5,98914,98915,1
conv_input_queue,10,6,99504,99505,1
conv_input_queue,10,7,100094,100095,1
conv_input_queue,10,8,100686,100687,1
conv_input_queue,10,9,101276,101277,1
conv_input_queue,10,10,101866,101867,1
conv_input_queue,10,11,102456,102457,1
conv_input_queue,10,12,103048,103049,1
conv_input_queue,10,13,103638,103639,1
conv_input_queue,10,14,104228,104229,1
conv_input_queue,10,15,104818,104819,1
conv_input_queue,11,0,105410,105411,1
conv_input_queue,11,1,106000,106001,1
conv_input_queue,11,2,106590,106591,1
conv_input_queue,11,3,107180,107181,1
conv_input_queue,11,4,107772,107773,1
conv_input_queue,11,5,108362,108363,1
conv_input_queue,11,6,108952,108953,1
conv_input_queue,11,7,109542,109543,1
conv_input_queue,11,8,110134,110135,1
conv_input_queue,11,9,110724,110725,1
conv_input_queue,11,10,111314,111315,1
conv_input_queue,11,11,111904,111905,1
conv_input_queue,11,12,112496,112497,1
conv_input_queue,11,13,113086,113087,1
conv_input_queue,11,14,113676,113677,1
conv_input_queue,11,15,114266,114267,1
conv_input_queue,12,0,114858,114859,1
conv_input_queue,12,1,115448,115449,1
conv_input_queue,12,2,116038,116039,1
conv_input_queue,12,3,116628,116629,1
conv_input_queue,12,4,117220,117221,1
conv_input_queue,12,5,117810,117811,1
conv_input_queue,12,6,118400,118401,1
conv_input_queue,12,7,118990,118991,1
conv_input_queue,12,8,119582,119583,1
conv_input_queue,12,9,120172,120173,1
conv_input_queue,12,10,120762,120763,1
conv_input_queue,12,11,121352,121353,1
conv_input_queue,12,12,121944,121945,1
conv_input_queue,12,13,122534,122535,1
conv_input_queue,12,14,123124,123125,1
conv_input_queue,12,15,123714,123715,1
conv_input_queue,13,0,124306,124307,1
conv_input_queue,13,1,124896,124897,1
conv_input_queue,13,2,125486,125487,1
conv_input_queue,13,3,126076,126077,1
conv_input_queue,13,4,126668,126669,1
conv_input_queue,13,5,127258,127259,1
conv_input_queue,13,6,127848,127849,1
conv_input_queue,13,7,128438,128439,1
conv_input_queue,13,8,129030,129031,1
conv_input_queue,13,9,129620,129621,1
conv_input_queue,13,10,130210,130211,1
conv_input_queue,13,11,130800,130801,1
conv_input_queue,13,12,131392,131393,1
conv_input_queue,13,13,131982,131983,1
conv_input_queue,13,14,132572,132573,1
conv_input_queue,13,15,133162,133163,1
conv_input_queue,14,0,133754,133755,1
conv_input_queue,14,1,134344,134345,1
conv_input_queue,14,2,134934,134935,1
conv_input_queue,14,3,135524,135525,1
conv_input_queue,14,4,136116,136117,1
conv_input_queue,14,5,136706,136707,1
conv_input_queue,14,6,137296,137297,1
conv_input_queue,14,7,137886,137887,1
conv_input_queue,14,8,138478,138479,1
conv_input_queue,14,9,139068,139069,1
conv_input_queue,14,10,139658,139659,1
conv_input_queue,14,11,140248,140249,1
conv_input_queue,14,12,140840,140841,1
conv_input_queue,14,13,141430,141431,1
conv_input_queue,14,14,142020,142021,1
conv_input_queue,14,15,142610,142611,1
conv_input_queue,15,0,143202,143203,1
conv_input_queue,15,1,143792,143793,1
conv_input_queue,15,2,144382,144383,1
conv_input_queue,15,3,144972,144973,1
conv_input_queue,15,4,145564,145565,1
conv_input_queue,15,5,146154,146155,1
conv_input_queue,15,6,146744,146745,1
conv_input_queue,15,7,147334,147335,1
conv_input_queue,15,8,147926,147927,1
conv_input_queue,15,9,148516,148517,1
conv_input_queue,15,10,149106,149107,1
conv_input_queue,15,11,149696,149697,1
conv_input_queue,15,12,150288,150289,1
conv_input_queue,15,13,150878,150879,1
conv_input_queue,15,14,151468,151469,1
conv_input_queue,15,15,152058,152059,1
conv_input_queue,16,0,152650,152651,1
conv_input_queue,16,1,153240,153241,1
conv_input_queue,16,2,153830,153831,1
conv_input_queue,16,3,154420,154421,1
conv_input_queue,16,4,155012,155013,1
conv_input_queue,16,5,155602,155603,1
conv_input_queue,16,6,156192,156193,1
conv_input_queue,16,7,156782,156783,1
conv_input_queue,16,8,157374,157375,1
conv_input_queue,16,9,157964,157965,1
conv_input_queue,16,10,158554,158555,1
conv_input_queue,16,11,159144,159145,1
conv_input_queue,16,12,159736,159737,1
conv_input_queue,16,13,160326,160327,1
conv_input_queue,16,14,160916,160917,1
conv_input_queue,16,15,161506,161507,1
conv_input_queue,17,0,162098,162099,1
conv_input_queue,17,1,162688,162689,1
conv_input_queue,17,2,163278,163279,1
conv_input_queue,17,3,163868,163869,1
conv_input_queue,17,4,164460,164461,1
conv_input_queue,17,5,165050,165051,1
conv_input_queue,17,6,165640,165641,1
conv_input_queue,17,7,166230,166231,1
conv_input_queue,17,8,166822,166823,1
conv_input_queue,17,9,167412,167413,1
conv_input_queue,17,10,168002,168003,1
conv_input_queue,17,11,168592,168593,1
conv_input_queue,17,12,169184,169185,1
conv_input_queue,17,13,169774,169775,1
conv_input_queue,17,14,170364,170365,1
conv_input_queue,17,15,170954,170955,1
conv_input_queue,18,0,171546,171547,1
conv_input_queue,18,1,172136,172137,1
conv_input_queue,18,2,172726,172727,1
conv_input_queue,18,3,173316,173317,1
conv_input_queue,18,4,173908,173909,1
conv_input_queue,18,5,174498,174499,1
conv_input_queue,18,6,175088,175089,1
conv_input_queue,18,7,175678,175679,1
conv_input_queue,18,8,176270,176271,1
conv_input_queue,18,9,176860,176861,1
conv_input_queue,18,10,177450,177451,1
conv_input_queue,18,11,178040,178041,1
conv_input_queue,18,12,178632,178633,1
conv_input_queue,18,13,179222,179223,1
conv_input_queue,18,14,179812,179813,1
conv_input_queue,18,15,180402,180403,1
conv_input_queue,19,0,180994,180995,1
conv_input_queue,19,1,181584,181585,1
conv_input_queue,19,2,182174,182175,1
conv_input_queue,19,3,182764,182765,1
conv_input_queue,19,4,183356,183357,1
conv_input_queue,19,5,183946,183947,1
conv_input_queue,19,6,184536,184537,1
conv_input_queue,19,7,185126,185127,1
conv_input_queue,19,8,185718,185719,1
conv_input_queue,19,9,186308,186309,1
conv_input_queue,19,10,186898,186899,1
conv_input_queue,19,11,187488,187489,1
conv_input_queue,19,12,188080,188081,1
conv_input_queue,19,13,188670,188671,1
conv_input_queue,19,14,189260,189261,1
conv_input_queue,19,15,189850,189851,1
conv_input_queue,20,0,190442,190443,1
conv_input_queue,20,1,191032,191033,1
conv_input_queue,20,2,191622,191623,1
conv_input_queue,20,3,192212,192213,1
conv_input_queue,20,4,192804,192805,1
conv_input_queue,20,5,193394,193395,1
conv_input_queue,20,6,193984,193985,1
conv_input_queue,20,7,194574,194575,1
conv_input_queue,20,8,195166,195167,1
conv_input_queue,20,9,195756,195757,1
conv_input_queue,20,10,196346,196347,1
conv_input_queue,20,11,196936,196937,1
conv_input_queue,20,12,197528,197529,1
conv_input_queue,20,13,198118,198119,1
conv_input_queue,20,14,198708,198709,1
conv_input_queue,20,15,199298,199299,1
conv_input_queue,21,0,199890,199891,1
conv_input_queue,21,1,200480,200481,1
conv_input_queue,21,2,201070,201071,1
conv_input_queue,21,3,201660,201661,1
conv_input_queue,21,4,202252,202253,1
conv_input_queue,21,5,202842,202843,1
conv_input_queue,21,6,203432,203433,1
conv_input_queue,21,7,204022,204023,1
conv_input_queue,21,8,204614,204615,1
conv_input_queue,21,9,205204,205205,1
conv_input_queue,21,10,205794,205795,1
conv_input_queue,21,11,206384,206385,1
conv_input_queue,21,12,206976,206977,1
conv_input_queue,21,13,207566,207567,1
conv_input_queue,21,14,208156,208157,1
conv_input_queue,21,15,208746,208747,1
conv_input_queue,22,0,209338,209339,1
conv_input_queue,22,1,209928,209929,1
conv_input_queue,22,2,210518,210519,1
conv_input_queue,22,3,211108,211109,1
conv_input_queue,22,4,211700,211701,1
conv_input_queue,22,5,212290,212291,1
conv_input_queue,22,6,212880,212881,1
conv_input_queue,22,7,213470,213471,1
conv_input_queue,22,8,214062,214063,1
conv_input_queue,22,9,214652,214653,1
conv_input_queue,22,10,215242,215243,1
conv_input_queue,22,11,215832,215833,1
conv_input_queue,22,12,216424,216425,1
conv_input_queue,22,13,217014,217015,1
conv_input_queue,22,14,217604,217605,1
conv_input_queue,22,15,218194,218195,1
conv_input_queue,23,0,218786,218787,1
conv_input_queue,23,1,219376,219377,1
conv_input_queue,23,2,219966,219967,1
conv_input_queue,23,3,220556,220557,1
conv_input_queue,23,4,221148,221149,1
conv_input_queue,23,5,221738,221739,1
conv_input_queue,23,6,222328,222329,1
conv_input_queue,23,7,222918,222919,1
conv_input_queue,23,8,223510,223511,1
conv_input_queue,23,9,224100,224101,1
conv_input_queue,23,10,224690,224691,1
conv_input_queue,23,11,225280,225281,1
conv_input_queue,23,12,225872,225873,1
conv_input_queue,23,13,226462,226463,1
conv_input_queue,23,14,227052,227053,1
conv_input_queue,23,15,227642,227643,1
conv_input_queue,24,0,228234,228235,1
conv_input_queue,24,1,228824,228825,1
conv_input_queue,24,2,229414,229415,1
conv_input_queue,24,3,230004,230005,1
conv_input_queue,24,4,230596,230597,1
conv_input_queue,24,5,231186,231187,1
conv_input_queue,24,6,231776,231777,1
conv_input_queue,24,7,232366,232367,1
conv_input_queue,24,8,232958,232959,1
conv_input_queue,24,9,233548,233549,1
conv_input_queue,24,10,234138,234139,1
conv_input_queue,24,11,234728,234729,1
conv_input_queue,24,12,235320,235321,1
conv_input_queue,24,13,235910,235911,1
conv_input_queue,24,14,236500,236501,1
conv_input_queue,24,15,237090,237091,1
conv_input_queue,25,0,237682,237683,1
conv_input_queue,25,1,238272,238273,1
conv_input_queue,25,2,238862,238863,1
conv_input_queue,25,3,239452,239453,1
conv_input_queue,25,4,240044,240045,1
conv_input_queue,25,5,240634,240635,1
conv_input_queue,25,6,241224,241225,1
conv_input_queue,25,7,241814,241815,1
conv_input_queue,25,8,242406,242407,1
conv_input_queue,25,9,242996,242997,1
conv_input_queue,25,10,243586,243587,1
conv_input_queue,25,11,244176,244177,1
conv_input_queue,25,12,244768,244769,1
conv_input_queue,25,13,245358,245359,1
conv_input_queue,25,14,245948,245949,1
conv_input_queue,25,15,246538,246539,1
conv_input_queue,26,0,247130,247131,1
conv_input_queue,26,1,247720,247721,1
conv_input_queue,26,2,248310,248311,1
conv_input_queue,26,3,248900,248901,1
conv_input_queue,26,4,249492,249493,1
conv_input_queue,26,5,250082,250083,1
conv_input_queue,26,6,250672,250673,1
conv_input_queue,26,7,251262,251263,1
conv_input_queue,26,8,251854,251855,1
conv_input_queue,26,9,252444,252445,1
conv_input_queue,26,10,253034,253035,1
conv_input_queue,26,11,253624,253625,1
conv_input_queue,26,12,254216,254217,1
conv_input_queue,26,13,254806,254807,1
conv_input_queue,26,14,255396,255397,1
conv_input_queue,26,15,255986,255987,1
conv_input_queue,27,0,256578,256579,1
conv_input_queue,27,1,257168,257169,1
conv_input_queue,27,2,257758,257759,1
conv_input_queue,27,3,258348,258349,1
conv_input_queue,27,4,258940,258941,1
conv_input_queue,27,5,259530,259531,1
conv_input_queue,27,6,260120,260121,1
conv_input_queue,27,7,260710,260711,1
conv_input_queue,27,8,261302,261303,1
conv_input_queue,27,9,261892,261893,1
conv_input_queue,27,10,262482,262483,1
conv_input_queue,27,11,263072,263073,1
conv_input_queue,27,12,263664,263665,1
conv_input_queue,27,13,264254,264255,1
conv_input_queue,27,14,264844,264845,1
conv_input_queue,27,15,265434,265435,1
conv_input_queue,28,0,266026,266027,1
conv_input_queue,28,1,266616,266617,1
conv_input_queue,28,2,267206,267207,1
conv_input_queue,28,3,267796,267797,1
conv_input_queue,28,4,268388,268389,1
conv_input_queue,28,5,268978,268979,1
conv_input_queue,28,6,269568,269569,1
conv_input_queue,28,7,270158,270159,1
conv_input_queue,28,8,270750,270751,1
conv_input_queue,28,9,271340,271341,1
conv_input_queue,28,10,271930,271931,1
conv_input_queue,28,11,272520,272521,1
conv_input_queue,28,12,273112,273113,1
conv_input_queue,28,13,273702,273703,1
conv_input_queue,28,14,274292,274293,1
conv_input_queue,28,15,274882,274883,1
conv_input_queue,29,0,275474,275475,1
conv_input_queue,29,1,276064,276065,1
conv_input_queue,29,2,276654,276655,1
conv_input_queue,29,3,277244,277245,1
conv_input_queue,29,4,277836,277837,1
conv_input_queue,29,5,278426,278427,1
conv_input_queue,29,6,279016,279017,1
conv_input_queue,29,7,279606,279607,1
conv_input_queue,29,8,280198,280199,1
conv_input_queue,29,9,280788,280789,1
conv_input_queue,29,10,281378,281379,1
conv_input_queue,29,11,281968,281969,1
conv_input_queue,29,12,282560,282561,1
conv_input_queue,29,13,283150,283151,1
conv_input_queue,29,14,283740,283741,1
conv_input_queue,29,15,284330,284331,1
conv_input_queue,30,0,284922,284923,1
conv_input_queue,30,1,285512,285513,1
conv_input_queue,30,2,286102,286103,1
conv_input_queue,30,3,286692,286693,1
conv_input_queue,30,4,287284,287285,1
conv_input_queue,30,5,287874,287875,1
conv_input_queue,30,6,288464,288465,1
conv_input_queue,30,7,289054,289055,1
conv_input_queue,30,8,289646,289647,1
conv_input_queue,30,9,290236,290237,1
conv_input_queue,30,10,290826,290827,1
conv_input_queue,30,11,291416,291417,1
conv_input_queue,30,12,292008,292009,1
conv_input_queue,30,13,292598,292599,1
conv_input_queue,30,14,293188,293189,1
conv_input_queue,30,15,293778,293779,1
conv_input_queue,31,0,294370,294371,1
conv_input_queue,31,1,294960,294961,1
conv_input_queue,31,2,295550,295551,1
conv_input_queue,31,3,296140,296141,1
conv_input_queue,31,4,296732,296733,1
conv_input_queue,31,5,297322,297323,1
conv_input_queue,31,6,297912,297913,1
conv_input_queue,31,7,298502,298503,1
conv_input_queue,31,8,299094,299095,1
conv_input_queue,31,9,299684,299685,1
conv_input_queue,31,10,300274,300275,1
conv_input_queue,31,11,300864,300865,1
conv_input_queue,31,12,301456,301457,1
conv_input_queue,31,13,302046,302047,1
conv_input_queue,31,14,302636,302637,1
conv_input_queue,31,15,303226,303227,1
conv_input_queue,32,0,303818,303819,1
conv_input_queue,32,1,304408,304409,1
conv_input_queue,32,2,304998,304999,1
conv_input_queue,32,3,305588,305589,1
conv_input_queue,32,4,306180,306181,1
conv_input_queue,32,5,306770,306771,1
conv_input_queue,32,6,307360,307361,1
conv_input_queue,32,7,307950,307951,1
conv_input_queue,32,8,308542,308543,1
conv_input_queue,32,9,309132,309133,1
conv_input_queue,32,10,309722,309723,1
conv_input_queue,32,11,310312,310313,1
conv_input_queue,32,12,310904,310905,1
conv_input_queue,32,13,311494,311495,1
conv_input_queue,32,14,312084,312085,1
conv_input_queue,32,15,312674,312675,1
conv_input_queue,33,0,313266,313267,1
conv_input_queue,33,1,313856,313857,1
conv_input_queue,33,2,314446,314447,1
conv_input_queue,33,3,315036,315037,1
conv_input_queue,33,4,315628,315629,1
conv_input_queue,33,5,316218,316219,1
conv_input_queue,33,6,316808,316809,1
conv_input_queue,33,7,317398,317399,1
conv_input_queue,33,8,317990,317991,1
conv_input_queue,33,9,318580,318581,1
conv_input_queue,33,10,319170,319171,1
conv_input_queue,33,11,319760,319761,1
conv_input_queue,33,12,320352,320353,1
conv_input_queue,33,13,320942,320943,1
conv_input_queue,33,14,321532,321533,1
conv_input_queue,33,15,322122,322123,1
conv_input_queue,34,0,322714,322715,1
conv_input_queue,34,1,323304,323305,1
conv_input_queue,34,2,323894,323895,1
conv_input_queue,34,3,324484,324485,1
conv_input_queue,34,4,325076,325077,1
conv_input_queue,34,5,325666,325667,1
conv_input_queue,34,6,326256,326257,1
conv_input_queue,34,7,326846,326847,1
conv_input_queue,34,8,327438,327439,1
conv_input_queue,34,9,328028,328029,1
conv_input_queue,34,10,328618,328619,1
conv_input_queue,34,11,329208,329209,1
conv_input_queue,34,12,329800,329801,1
conv_input_queue,34,13,330390,330391,1
conv_input_queue,34,14,330980,330981,1
conv_input_queue,34,15,331570,331571,1
conv_input_queue,35,0,332162,332163,1
conv_input_queue,35,1,332752,332753,1
conv_input_queue,35,2,333342,333343,1
conv_input_queue,35,3,333932,333933,1
conv_input_queue,35,4,334524,334525,1
conv_input_queue,35,5,335114,335115,1
conv_input_queue,35,6,335704,335705,1
conv_input_queue,35,7,336294,336295,1
conv_input_queue,35,8,336886,336887,1
conv_input_queue,35,9,337476,337477,1
conv_input_queue,35,10,338066,338067,1
conv_input_queue,35,11,338656,338657,1
conv_input_queue,35,12,339248,339249,1
conv_input_queue,35,13,339838,339839,1
conv_input_queue,35,14,340428,340429,1
conv_input_queue,35,15,341018,341019,1
conv_input_queue,36,0,341610,341611,1
conv_input_queue,36,1,342200,342201,1
conv_input_queue,36,2,342790,342791,1
conv_input_queue,36,3,343380,343381,1
conv_input_queue,36,4,343972,343973,1
conv_input_queue,36,5,344562,344563,1
conv_input_queue,36,6,345152,345153,1
conv_input_queue,36,7,345742,345743,1
conv_input_queue,36,8,346334,346335,1
conv_input_queue,36,9,346924,346925,1
conv_input_queue,36,10,347514,347515,1
conv_input_queue,36,11,348104,348105,1
conv_input_queue,36,12,348696,348697,1
conv_input_queue,36,13,349286,349287,1
conv_input_queue,36,14,349876,349877,1
conv_input_queue,36,15,350466,350467,1
conv_input_queue,37,0,351058,351059,1
conv_input_queue,37,1,351648,351649,1
conv_input_queue,37,2,352238,352239,1
conv_input_queue,37,3,352828,352829,1
conv_input_queue,37,4,353420,353421,1
conv_input_queue,37,5,354010,354011,1
conv_input_queue,37,6,354600,354601,1
conv_input_queue,37,7,355190,355191,1
conv_input_queue,37,8,355782,355783,1
conv_input_queue,37,9,356372,356373,1
conv_input_queue,37,10,356962,356963,1
conv_input_queue,37,11,357552,357553,1
conv_input_queue,37,12,358144,358145,1
conv_input_queue,37,13,358734,358735,1
conv_input_queue,37,14,359324,359325,1
conv_input_queue,37,15,359914,359915,1
conv_input_queue,38,0,360506,360507,1
conv_input_queue,38,1,361096,361097,1
conv_input_queue,38,2,361686,361687,1
conv_input_queue,38,3,362276,362277,1
conv_input_queue,38,4,362868,362869,1
conv_input_queue,38,5,363458,363459,1
conv_input_queue,38,6,364048,364049,1
conv_input_queue,38,7,364638,364639,1
conv_input_queue,38,8,365230,365231,1
conv_input_queue,38,9,365820,365821,1
conv_input_queue,38,10,366410,366411,1
conv_input_queue,38,11,367000,367001,1
conv_input_queue,38,12,367592,367593,1
conv_input_queue,38,13,368182,368183,1
conv_input_queue,38,14,368772,368773,1
conv_input_queue,38,15,369362,369363,1
conv_input_queue,39,0,369954,369955,1
conv_input_queue,39,1,370544,370545,1
conv_input_queue,39,2,371134,371135,1
conv_input_queue,39,3,371724,371725,1
conv_input_queue,39,4,372316,372317,1
conv_input_queue,39,5,372906,372907,1
conv_input_queue,39,6,373496,373497,1
conv_input_queue,39,7,374086,374087,1
conv_input_queue,39,8,374678,374679,1
conv_input_queue,39,9,375268,375269,1
conv_input_queue,39,10,375858,375859,1
conv_input_queue,39,11,376448,376449,1
conv_input_queue,39,12,377040,377041,1
conv_input_queue,39,13,377630,377631,1
conv_input_queue,39,14,378220,378221,1
conv_input_queue,39,15,378810,378811,1
conv_input_queue,40,0,379402,379403,1
conv_input_queue,40,1,379992,379993,1
conv_input_queue,40,2,380582,380583,1
conv_input_queue,40,3,381172,381173,1
conv_input_queue,40,4,381764,381765,1
conv_input_queue,40,5,382354,382355,1
conv_input_queue,40,6,382944,382945,1
conv_input_queue,40,7,383534,383535,1
conv_input_queue,40,8,384126,384127,1
conv_input_queue,40,9,384716,384717,1
conv_input_queue,40,10,385306,385307,1
conv_input_queue,40,11,385896,385897,1
conv_input_queue,40,12,386488,386489,1
conv_input_queue,40,13,387078,387079,1
conv_input_queue,40,14,387668,387669,1
conv_input_queue,40,15,388258,388259,1
conv_input_queue,41,0,388850,388851,1
conv_input_queue,41,1,389440,389441,1
conv_input_queue,41,2,390030,390031,1
conv_input_queue,41,3,390620,390621,1
conv_input_queue,41,4,391212,391213,1
conv_input_queue,41,5,391802,391803,1
conv_input_queue,41,6,392392,392393,1
conv_input_queue,41,7,392982,392983,1
conv_input_queue,41,8,393574,393575,1
conv_input_queue,41,9,394164,394165,1
conv_input_queue,41,10,394754,394755,1
conv_input_queue,41,11,395344,395345,1
conv_input_queue,41,12,395936,395937,1
conv_input_queue,41,13,396526,396527,1
conv_input_queue,41,14,397116,397117,1
conv_input_queue,41,15,397706,397707,1
conv_input_queue,42,0,398298,398299,1
conv_input_queue,42,1,398888,398889,1
conv_input_queue,42,2,399478,399479,1
conv_input_queue,42,3,400068,400069,1
conv_input_queue,42,4,400660,400661,1
conv_input_queue,42,5,401250,401251,1
conv_input_queue,42,6,401840,401841,1
conv_input_queue,42,7,402430,402431,1
conv_input_queue,42,8,403022,403023,1
conv_input_queue,42,9,403612,403613,1
conv_input_queue,42,10,404202,404203,1
conv_input_queue,42,11,404792,404793,1
conv_input_queue,42,12,405384,405385,1
conv_input_queue,42,13,405974,405975,1
conv_input_queue,42,14,406564,406565,1
conv_input_queue,42,15,407154,407155,1
conv_input_queue,43,0,407746,407747,1
conv_input_queue,43,1,408336,408337,1
conv_input_queue,43,2,408926,408927,1
conv_input_queue,43,3,409516,409517,1
conv_input_queue,43,4,410108,410109,1
conv_input_queue,43,5,410698,410699,1
conv_input_queue,43,6,411288,411289,1
conv_input_queue,43,7,411878,411879,1
conv_input_queue,43,8,412470,412471,1
conv_input_queue,43,9,413060,413061,1
conv_input_queue,43,10,413650,413651,1
conv_input_queue,43,11,414240,414241,1
conv_input_queue,43,12,414832,414833,1
conv_input_queue,43,13,415422,415423,1
conv_input_queue,43,14,416012,416013,1
conv_input_queue,43,15,416602,416603,1
conv_input_queue,44,0,417194,417195,1
conv_input_queue,44,1,417784,417785,1
conv_input_queue,44,2,418374,418375,1
conv_input_queue,44,3,418964,418965,1
conv_input_queue,44,4,419556,419557,1
conv_input_queue,44,5,420146,420147,1
conv_input_queue,44,6,420736,420737,1
conv_input_queue,44,7,421326,421327,1
conv_input_queue,44,8,421918,421919,1
conv_input_queue,44,9,422508,422509,1
conv_input_queue,44,10,423098,423099,1
conv_input_queue,44,11,423688,423689,1
conv_input_queue,44,12,424280,424281,1
conv_input_queue,44,13,424870,424871,1
conv_input_queue,44,14,425460,425461,1
conv_input_queue,44,15,426050,426051,1
conv_input_queue,45,0,426642,426643,1
conv_input_queue,45,1,427232,427233,1
conv_input_queue,45,2,427822,427823,1
conv_input_queue,45,3,428412,428413,1
conv_input_queue,45,4,429004,429005,1
conv_input_queue,45,5,429594,429595,1
conv_input_queue,45,6,430184,430185,1
conv_input_queue,45,7,430774,430775,1
conv_input_queue,45,8,431366,431367,1
conv_input_queue,45,9,431956,431957,1
conv_input_queue,45,10,432546,432547,1
conv_input_queue,45,11,433136,433137,1
conv_input_queue,45,12,433728,433729,1
conv_input_queue,45,13,434318,434319,1
conv_input_queue,45,14,434908,434909,1
conv_input_queue,45,15,435498,435499,1
conv_input_queue,46,0,436090,436091,1
conv_input_queue,46,1,436680,436681,1
conv_input_queue,46,2,437270,437271,1
conv_input_queue,46,3,437860,437861,1
conv_input_queue,46,4,438452,438453,1
conv_input_queue,46,5,439042,439043,1
conv_input_queue,46,6,439632,439633,1
conv_input_queue,46,7,440222,440223,1
conv_input_queue,46,8,440814,440815,1
conv_input_queue,46,9,441404,441405,1
conv_input_queue,46,10,441994,441995,1
conv_input_queue,46,11,442584,442585,1
conv_input_queue,46,12,443176,443177,1
conv_input_queue,46,13,443766,443767,1
conv_input_queue,46,14,444356,444357,1
conv_input_queue,46,15,444946,444947,1
conv_input_queue,47,0,445538,445539,1
conv_input_queue,47,1,446128,446129,1
conv_input_queue,47,2,446718,446719,1
conv_input_queue,47,3,447308,447309,1
conv_input_queue,47,4,447900,447901,1
conv_input_queue,47,5,448490,448491,1
conv_input_queue,47,6,449080,449081,1
conv_input_queue,47,7,449670,449671,1
conv_input_queue,47,8,450262,450263,1
conv_input_queue,47,9,450852,450853,1
conv_input_queue,47,10,451442,451443,1
conv_input_queue,47,11,452032,452033,1
conv_input_queue,47,12,452624,452625,1
conv_input_queue,47,13,453214,453215,1
conv_input_queue,47,14,453804,453805,1
conv_input_queue,47,15,454394,454395,1
conv_input_queue,48,0,454986,454987,1
conv_input_queue,48,1,455576,455577,1
conv_input_queue,48,2,456166,456167,1
conv_input_queue,48,3,456756,456757,1
conv_input_queue,48,4,457348,457349,1
conv_input_queue,48,5,457938,457939,1
conv_input_queue,48,6,458528,458529,1
conv_input_queue,48,7,459118,459119,1
conv_input_queue,48,8,459710,459711,1
conv_input_queue,48,9,460300,460301,1
conv_input_queue,48,10,460890,460891,1
conv_input_queue,48,11,461480,461481,1
conv_input_queue,48,12,462072,462073,1
conv_input_queue,48,13,462662,462663,1
conv_input_queue,48,14,463252,463253,1
conv_input_queue,48,15,463842,463843,1
conv_input_queue,49,0,464434,464435,1
conv_input_queue,49,1,465024,465025,1
conv_input_queue,49,2,465614,465615,1
conv_input_queue,49,3,466204,466205,1
conv_input_queue,49,4,466796,466797,1
conv_input_queue,49,5,467386,467387,1
conv_input_queue,49,6,467976,467977,1
conv_input_queue,49,7,468566,468567,1
conv_input_queue,49,8,469158,469159,1
conv_input_queue,49,9,469748,469749,1
conv_input_queue,49,10,470338,470339,1
conv_input_queue,49,11,470928,470929,1
conv_input_queue,49,12,471520,471521,1
conv_input_queue,49,13,472110,472111,1
conv_input_queue,49,14,472700,472701,1
conv_input_queue,49,15,473290,473291,1
conv_input_queue,50,0,473882,473883,1
conv_input_queue,50,1,474472,474473,1
conv_input_queue,50,2,475062,475063,1
conv_input_queue,50,3,475652,475653,1
conv_input_queue,50,4,476244,476245,1
conv_input_queue,50,5,476834,476835,1
conv_input_queue,50,6,477424,477425,1
conv_input_queue,50,7,478014,478015,1
conv_input_queue,50,8,478606,478607,1
conv_input_queue,50,9,479196,479197,1
conv_input_queue,50,10,479786,479787,1
conv_input_queue,50,11,480376,480377,1
conv_input_queue,50,12,480968,480969,1
conv_input_queue,50,13,481558,481559,1
conv_input_queue,50,14,482148,482149,1
conv_input_queue,50,15,482738,482739,1
conv_input_queue,51,0,483330,483331,1
conv_input_queue,51,1,483920,483921,1
conv_input_queue,51,2,484510,484511,1
conv_input_queue,51,3,485100,485101,1
conv_input_queue,51,4,485692,485693,1
conv_input_queue,51,5,486282,486283,1
conv_input_queue,51,6,486872,486873,1
conv_input_queue,51,7,487462,487463,1
conv_input_queue,51,8,488054,488055,1
conv_input_queue,51,9,488644,488645,1
conv_input_queue,51,10,489234,489235,1
conv_input_queue,51,11,489824,489825,1
conv_input_queue,51,12,490416,490417,1
conv_input_queue,51,13,491006,491007,1
conv_input_queue,51,14,491596,491597,1
conv_input_queue,51,15,492186,492187,1
conv_input_queue,52,0,492778,492779,1
conv_input_queue,52,1,493368,493369,1
conv_input_queue,52,2,493958,493959,1
conv_input_queue,52,3,494548,494549,1
conv_input_queue,52,4,495140,495141,1
conv_input_queue,52,5,495730,495731,1
conv_input_queue,52,6,496320,496321,1
conv_input_queue,52,7,496910,496911,1
conv_input_queue,52,8,497502,497503,1
conv_input_queue,52,9,498092,498093,1
conv_input_queue,52,10,498682,498683,1
conv_input_queue,52,11,499272,499273,1
conv_input_queue,52,12,499864,499865,1
conv_input_queue,52,13,500454,500455,1
conv_input_queue,52,14,501044,501045,1
conv_input_queue,52,15,501634,501635,1
conv_input_queue,53,0,502226,502227,1
conv_input_queue,53,1,502816,502817,1
conv_input_queue,53,2,503406,503407,1
conv_input_queue,53,3,503996,503997,1
conv_input_queue,53,4,504588,504589,1
conv_input_queue,53,5,505178,505179,1
conv_input_queue,53,6,505768,505769,1
conv_input_queue,53,7,506358,506359,1
conv_input_queue,53,8,506950,506951,1
conv_input_queue,53,9,507540,507541,1
conv_input_queue,53,10,508130,508131,1
conv_input_queue,53,11,508720,508721,1
conv_input_queue,53,12,509312,509313,1
conv_input_queue,53,13,509902,509903,1
conv_input_queue,53,14,510492,510493,1
conv_input_queue,53,15,511082,511083,1
conv_input_queue,54,0,511674,511675,1
conv_input_queue,54,1,512264,512265,1
conv_input_queue,54,2,512854,512855,1
conv_input_queue,54,3,513444,513445,1
conv_input_queue,54,4,514036,514037,1
conv_input_queue,54,5,514626,514627,1
conv_input_queue,54,6,515216,515217,1
conv_input_queue,54,7,515806,515807,1
conv_input_queue,54,8,516398,516399,1
conv_input_queue,54,9,516988,516989,1
conv_input_queue,54,10,517578,517579,1
conv_input_queue,54,11,518168,518169,1
conv_input_queue,54,12,518760,518761,1
conv_input_queue,54,13,519350,519351,1
conv_input_queue,54,14,519940,519941,1
conv_input_queue,54,15,520530,520531,1
conv_input_queue,55,0,521122,521123,1
conv_input_queue,55,1,521712,521713,1
conv_input_queue,55,2,522302,522303,1
conv_input_queue,55,3,522892,522893,1
conv_input_queue,55,4,523484,523485,1
conv_input_queue,55,5,524074,524075,1
conv_input_queue,55,6,524664,524665,1
conv_input_queue,55,7,525254,525255,1
conv_input_queue,55,8,525846,525847,1
conv_input_queue,55,9,526436,526437,1
conv_input_queue,55,10,527026,527027,1
conv_input_queue,55,11,527616,527617,1
conv_input_queue,55,12,528208,528209,1
conv_input_queue,55,13,528798,528799,1
conv_input_queue,55,14,529388,529389,1
conv_input_queue,55,15,529978,529979,1
conv_input_queue,56,0,530570,530571,1
conv_input_queue,56,1,531160,531161,1
conv_input_queue,56,2,531750,531751,1
conv_input_queue,56,3,532340,532341,1
conv_input_queue,56,4,532932,532933,1
conv_input_queue,56,5,533522,533523,1
conv_input_queue,56,6,534112,534113,1
conv_input_queue,56,7,534702,534703,1
conv_input_queue,56,8,535294,535295,1
conv_input_queue,56,9,535884,535885,1
conv_input_queue,56,10,536474,536475,1
conv_input_queue,56,11,537064,537065,1
conv_input_queue,56,12,537656,537657,1
conv_input_queue,56,13,538246,538247,1
conv_input_queue,56,14,538836,538837,1
conv_input_queue,56,15,539426,539427,1
conv_input_queue,57,0,540018,540019,1
conv_input_queue,57,1,540608,540609,1
conv_input_queue,57,2,541198,541199,1
conv_input_queue,57,3,541788,541789,1
conv_input_queue,57,4,542380,542381,1
conv_input_queue,57,5,542970,542971,1
conv_input_queue,57,6,543560,543561,1
conv_input_queue,57,7,544150,544151,1
conv_input_queue,57,8,544742,544743,1
conv_input_queue,57,9,545332,545333,1
conv_input_queue,57,10,545922,545923,1
conv_input_queue,57,11,546512,546513,1
conv_input_queue,57,12,547104,547105,1
conv_input_queue,57,13,547694,547695,1
conv_input_queue,57,14,548284,548285,1
conv_input_queue,57,15,548874,548875,1
conv_input_queue,58,0,549466,549467,1
conv_input_queue,58,1,550056,550057,1
conv_input_queue,58,2,550646,550647,1
conv_input_queue,58,3,551236,551237,1
conv_input_queue,58,4,551828,551829,1
conv_input_queue,58,5,552418,552419,1
conv_input_queue,58,6,553008,553009,1
conv_input_queue,58,7,553598,553599,1
conv_input_queue,58,8,554190,554191,1
conv_input_queue,58,9,554780,554781,1
conv_input_queue,58,10,555370,555371,1
conv_input_queue,58,11,555960,555961,1
conv_input_queue,58,12,556552,556553,1
conv_input_queue,58,13,557142,557143,1
conv_input_queue,58,14,557732,557733,1
conv_input_queue,58,15,558322,558323,1
conv_input_queue,59,0,558914,558915,1
conv_input_queue,59,1,559504,559505,1
conv_input_queue,59,2,560094,560095,1
conv_input_queue,59,3,560684,560685,1
conv_input_queue,59,4,561276,561277,1
conv_input_queue,59,5,561866,561867,1
conv_input_queue,59,6,562456,562457,1
conv_input_queue,59,7,563046,563047,1
conv_input_queue,59,8,563638,563639,1
conv_input_queue,59,9,564228,564229,1
conv_input_queue,59,10,564818,564819,1
conv_input_queue,59,11,565408,565409,1
conv_input_queue,59,12,566000,566001,1
conv_input_queue,59,13,566590,566591,1
conv_input_queue,59,14,567180,567181,1
conv_input_queue,59,15,567770,567771,1
conv_input_queue,60,0,568362,568363,1
conv_input_queue,60,1,568952,568953,1
conv_input_queue,60,2,569542,569543,1
conv_input_queue,60,3,570132,570133,1
conv_input_queue,60,4,570724,570725,1
conv_input_queue,60,5,571314,571315,1
conv_input_queue,60,6,571904,571905,1
conv_input_queue,60,7,572494,572495,1
conv_input_queue,60,8,573086,573087,1
conv_input_queue,60,9,573676,573677,1
conv_input_queue,60,10,574266,574267,1
conv_input_queue,60,11,574856,574857,1
conv_input_queue,60,12,575448,575449,1
conv_input_queue,60,13,576038,576039,1
conv_input_queue,60,14,576628,576629,1
conv_input_queue,60,15,577218,577219,1
conv_input_queue,61,0,577810,577811,1
conv_input_queue,61,1,578400,578401,1
conv_input_queue,61,2,578990,578991,1
conv_input_queue,61,3,579580,579581,1
conv_input_queue,61,4,580172,580173,1
conv_input_queue,61,5,580762,580763,1
conv_input_queue,61,6,581352,581353,1
conv_input_queue,61,7,581942,581943,1
conv_input_queue,61,8,582534,582535,1
conv_input_queue,61,9,583124,583125,1
conv_input_queue,61,10,583714,583715,1
conv_input_queue,61,11,584304,584305,1
conv_input_queue,61,12,584896,584897,1
conv_input_queue,61,13,585486,585487,1
conv_input_queue,61,14,586076,586077,1
conv_input_queue,61,15,586666,586667,1
conv_input_queue,62,0,587258,587259,1
conv_input_queue,62,1,587848,587849,1
conv_input_queue,62,2,588438,588439,1
conv_input_queue,62,3,589028,589029,1
conv_input_queue,62,4,589620,589621,1
conv_input_queue,62,5,590210,590211,1
conv_input_queue,62,6,590800,590801,1
conv_input_queue,62,7,591390,591391,1
conv_input_queue,62,8,591982,591983,1
conv_input_queue,62,9,592572,592573,1
conv_input_queue,62,10,593162,593163,1
conv_input_queue,62,11,593752,593753,1
conv_input_queue,62,12,594344,594345,1
conv_input_queue,62,13,594934,594935,1
conv_input_queue,62,14,595524,595525,1
conv_input_queue,62,15,596114,596115,1
conv_input_queue,63,0,596706,596707,1
conv_input_queue,63,1,597296,597297,1
conv_input_queue,63,2,597886,597887,1
conv_input_queue,63,3,598476,598477,1
conv_input_queue,63,4,599068,599069,1
conv_input_queue,63,5,599658,599659,1
conv_input_queue,63,6,600248,600249,1
conv_input_queue,63,7,600838,600839,1
conv_input_queue,63,8,601430,601431,1
conv_input_queue,63,9,602020,602021,1
conv_input_queue,63,10,602610,602611,1
conv_input_queue,63,11,603200,603201,1
conv_input_queue,63,12,603792,603793,1
conv_input_queue,63,13,604382,604383,1
conv_input_queue,63,14,604972,604973,1
conv_input_queue,63,15,605562,605563,1
convolution,0,0,1483,1534,51
convolution,0,1,1958,2009,51
convolution,0,2,2433,2484,51
convolution,0,3,2908,2959,51
convolution,0,4,3845,3896,51
convolution,0,5,4435,4486,51
convolution,0,6,5025,5076,51
convolution,0,7,5615,5666,51
convolution,0,8,6207,6258,51
convolution,0,9,6797,6848,51
convolution,0,10,7387,7438,51
convolution,0,11,7977,8028,51
convolution,0,12,8569,8620,51
convolution,0,13,9159,9210,51
convolution,0,14,9749,9800,51
convolution,0,15,10339,10390,51
convolution,1,0,10931,10982,51
convolution,1,1,11521,11572,51
convolution,1,2,12111,12162,51
convolution,1,3,12701,12752,51
convolution,1,4,13293,13344,51
convolution,1,5,13883,13934,51
convolution,1,6,14473,14524,51
convolution,1,7,15063,15114,51
convolution,1,8,15655,15706,51
convolution,1,9,16245,16296,51
convolution,1,10,16835,16886,51
convolution,1,11,17425,17476,51
convolution,1,12,18017,18068,51
convolution,1,13,18607,18658,51
convolution,1,14,19197,19248,51
convolution,1,15,19787,19838,51
convolution,2,0,20379,20430,51
convolution,2,1,20969,21020,51
convolution,2,2,21559,21610,51
convolution,2,3,22149,22200,51
convolution,2,4,22741,22792,51
convolution,2,5,23331,23382,51
convolution,2,6,23921,23972,51
convolution,2,7,24511,24562,51
convolution,2,8,25103,25154,51
convolution,2,9,25693,25744,51
convolution,2,10,26283,26334,51
convolution,2,11,26873,26924,51
convolution,2,12,27465,27516,51
convolution,2,13,28055,28106,51
convolution,2,14,28645,28696,51
convolution,2,15,29235,29286,51
convolution,3,0,29827,29878,51
convolution,3,1,30417,30468,51
convolution,3,2,31007,31058,51
convolution,3,3,31597,31648,51
convolution,3,4,32189,32240,51
convolution,3,5,32779,32830,51
convolution,3,6,33369,33420,51
convolution,3,7,33959,34010,51
convolution,3,8,34551,34602,51
convolution,3,9,35141,35192,51
convolution,3,10,35731,35782,51
convolution,3,11,36321,36372,51
convolution,3,12,36913,36964,51
convolution,3,13,37503,37554,51
convolution,3,14,38093,38144,51
convolution,3,15,38683,38734,51
convolution,4,0,39275,39326,51
convolution,4,1,39865,39916,51
convolution,4,2,40455,40506,51
convolution,4,3,41045,41096,51
convolution,4,4,41637,41688,51
convolution,4,5,42227,42278,51
convolution,4,6,42817,42868,51
convolution,4,7,43407,43458,51
convolution,4,8,43999,44050,51
convolution,4,9,44589,44640,51
convolution,4,10,45179,45230,51
convolution,4,11,45769,45820,51
convolution,4,12,46361,46412,51
convolution,4,13,46951,47002,51
convolution,4,14,47541,47592,51
convolution,4,15,48131,48182,51
convolution,5,0,48723,48774,51
convolution,5,1,49313,49364,51
convolution,5,2,49903,49954,51
convolution,5,3,50493,50544,51
convolution,5,4,51085,51136,51
convolution,5,5,51675,51726,51
convolution,5,6,52265,52316,51
convolution,5,7,52855,52906,51
convolution,5,8,53447,53498,51
convolution,5,9,54037,54088,51
convolution,5,10,54627,54678,51
convolution,5,11,55217,55268,51
convolution,5,12,55809,55860,51
convolution,5,13,56399,56450,51
convolution,5,14,56989,57040,51
convolution,5,15,57579,57630,51
convolution,6,0,58171,58222,51
convolution,6,1,58761,58812,51
convolution,6,2,59351,59402,51
convolution,6,3,59941,59992,51
convolution,6,4,60533,60584,51
convolution,6,5,61123,61174,51
convolution,6,6,61713,61764,51
convolution,6,7,62303,62354,51
convolution,6,8,62895,62946,51
convolution,6,9,63485,63536,51
convolution,6,10,64075,64126,51
convolution,6,11,64665,64716,51
convolution,6,12,65257,65308,51
convolution,6,13,65847,65898,51
convolution,6,14,66437,66488,51
convolution,6,15,67027,67078,51
convolution,7,0,67619,67670,51
convolution,7,1,68209,68260,51
convolution,7,2,68799,68850,51
convolution,7,3,69389,69440,51
convolution,7,4,69981,70032,51
convolution,7,5,70571,70622,51
convolution,7,6,71161,71212,51
convolution,7,7,71751,71802,51
convolution,7,8,72343,72394,51
convolution,7,9,72933,72984,51
convolution,7,10,73523,73574,51
convolution,7,11,74113,74164,51
convolution,7,12,74705,74756,51
convolution,7,13,75295,75346,51
convolution,7,14,75885,75936,51
convolution,7,15,76475,76526,51
convolution,8,0,77067,77118,51
convolution,8,1,77657,77708,51
convolution,8,2,78247,78298,51
convolution,8,3,78837,78888,51
convolution,8,4,79429,79480,51
convolution,8,5,80019,80070,51
convolution,8,6,80609,80660,51
convolution,8,7,81199,81250,51
convolution,8,8,81791,81842,51
convolution,8,9,82381,82432,51
convolution,8,10,82971,83022,51
convolution,8,11,83561,83612,51
convolution,8,12,84153,84204,51
convolution,8,13,84743,84794,51
convolution,8,14,85333,85384,51
convolution,8,15,85923,85974,51
convolution,9,0,86515,86566,51
convolution,9,1,87105,87156,51
convolution,9,2,87695,87746,51
convolution,9,3,88285,88336,51
convolution,9,4,88877,88928,51
convolution,9,5,89467,89518,51
convolution,9,6,90057,90108,51
convolution,9,7,90647,90698,51
convolution,9,8,91239,91290,51
convolution,9,9,91829,91880,51
convolution,9,10,92419,92470,51
convolution,9,11,93009,93060,51
convolution,9,12,93601,93652,51
convolution,9,13,94191,94242,51
convolution,9,14,94781,94832,51
convolution,9,15,95371,95422,51
convolution,10,0,95963,96014,51
convolution,10,1,96553,96604,51
convolution,10,2,97143,97194,51
convolution,10,3,97733,97784,51
convolution,10,4,98325,98376,51
convolution,10,5,98915,98966,51
convolution,10,6,99505,99556,51
convolution,10,7,100095,100146,51
convolution,10,8,100687,100738,51
convolution,10,9,101277,101328,51
convolution,10,10,101867,101918,51
convolution,10,11,102457,102508,51
convolution,10,12,103049,103100,51
convolution,10,13,103639,103690,51
convolution,10,14,104229,104280,51
convolution,10,15,104819,104870,51
convolution,11,0,105411,105462,51
convolution,11,1,106001,106052,51
convolution,11,2,106591,106642,51
convolution,11,3,107181,107232,51
convolution,11,4,107773,107824,51
convolution,11,5,108363,108414,51
convolution,11,6,108953,109004,51
convolution,11,7,109543,109594,51
convolution,11,8,110135,110186,51
convolution,11,9,110725,110776,51
convolution,11,10,111315,111366,51
convolution,11,11,111905,111956,51
convolution,11,12,112497,112548,51
convolution,11,13,113087,113138,51
convolution,11,14,113677,113728,51
convolution,11,15,114267,114318,51
convolution,12,0,114859,114910,51
convolution,12,1,115449,115500,51
convolution,12,2,116039,116090,51
convolution,12,3,116629,116680,51
convolution,12,4,117221,117272,51
convolution,12,5,117811,117862,51
convolution,12,6,118401,118452,51
convolution,12,7,118991,119042,51
convolution,12,8,119583,119634,51
convolution,12,9,120173,120224,51
convolution,12,10,120763,120814,51
convolution,12,11,121353,121404,51
convolution,12,12,121945,121996,51
convolution,12,13,122535,122586,51
convolution,12,14,123125,123176,51
convolution,12,15,123715,123766,51
convolution,13,0,124307,124358,51
convolution,13,1,124897,124948,51
convolution,13,2,125487,125538,51
convolution,13,3,126077,126128,51
convolution,13,4,126669,126720,51
convolution,13,5,127259,127310,51
convolution,13,6,127849,127900,51
convolution,13,7,128439,128490,51
convolution,13,8,129031,129082,51
convolution,13,9,129621,129672,51
convolution,13,10,130211,130262,51
convolution,13,11,130801,130852,51
convolution,13,12,131393,131444,51
convolution,13,13,131983,132034,51
convolution,13,14,132573,132624,51
convolution,13,15,133163,133214,51
convolution,14,0,133755,133806,51
convolution,14,1,134345,134396,51
convolution,14,2,134935,134986,51
convolution,14,3,135525,135576,51
convolution,14,4,136117,136168,51
convolution,14,5,136707,136758,51
convolution,14,6,137297,137348,51
convolution,14,7,137887,137938,51
convolution,14,8,138479,138530,51
convolution,14,9,139069,139120,51
convolution,14,10,139659,139710,51
convolution,14,11,140249,140300,51
convolution,14,12,140841,140892,51
convolution,14,13,141431,141482,51
convolution,14,14,142021,142072,51
convolution,14,15,142611,142662,51
convolution,15,0,143203,143254,51
convolution,15,1,143793,143844,51
convolution,15,2,144383,144434,51
convolution,15,3,144973,145024,51
convolution,15,4,145565,145616,51
convolution,15,5,146155,146206,51
convolution,15,6,146745,146796,51
convolution,15,7,147335,147386,51
convolution,15,8,147927,147978,51
convolution,15,9,148517,148568,51
convolution,15,10,149107,149158,51
convolution,15,11,149697,149748,51
convolution,15,12,150289,150340,51
convolution,15,13,150879,150930,51
convolution,15,14,151469,151520,51
convolution,15,15,152059,152110,51
convolution,16,0,152651,152702,51
convolution,16,1,153241,153292,51
convolution,16,2,153831,153882,51
convolution,16,3,154421,154472,51
convolution,16,4,155013,155064,51
convolution,16,5,155603,155654,51
convolution,16,6,156193,156244,51
convolution,16,7,156783,156834,51
convolution,16,8,157375,157426,51
convolution,16,9,157965,158016,51
convolution,16,10,158555,158606,51
convolution,16,11,159145,159196,51
convolution,16,12,159737,159788,51
convolution,16,13,160327,160378,51
convolution,16,14,160917,160968,51
convolution,16,15,161507,161558,51
convolution,17,0,162099,162150,51
convolution,17,1,162689,162740,51
convolution,17,2,163279,163330,51
convolution,17,3,163869,163920,51
convolution,17,4,164461,164512,51
convolution,17,5,165051,165102,51
convolution,17,6,165641,165692,51
convolution,17,7,166231,166282,51
convolution,17,8,166823,166874,51
convolution,17,9,167413,167464,51
convolution,17,10,168003,168054,51
convolution,17,11,168593,168644,51
convolution,17,12,169185,169236,51
convolution,17,13,169775,169826,51
convolution,17,14,170365,170416,51
convolution,17,15,170955,171006,51
convolution,18,0,171547,171598,51
convolution,18,1,172137,172188,51
convolution,18,2,172727,172778,51
convolution,18,3,173317,173368,51
convolution,18,4,173909,173960,51
convolution,18,5,174499,174550,51
convolution,18,6,175089,175140,51
convolution,18,7,175679,175730,51
convolution,18,8,176271,176322,51
convolution,18,9,176861,176912,51
convolution,18,10,177451,177502,51
convolution,18,11,178041,178092,51
convolution,18,12,178633,178684,51
convolution,18,13,179223,179274,51
convolution,18,14,179813,179864,51
convolution,18,15,180403,180454,51
convolution,19,0,180995,181046,51
convolution,19,1,181585,181636,51
convolution,19,2,182175,182226,51
convolution,19,3,182765,182816,51
convolution,19,4,183357,183408,51
convolution,19,5,183947,183998,51
convolution,19,6,184537,184588,51
convolution,19,7,185127,185178,51
convolution,19,8,185719,185770,51
convolution,19,9,186309,186360,51
convolution,19,10,186899,186950,51
convolution,19,11,187489,187540,51
convolution,19,12,188081,188132,51
convolution,19,13,188671,188722,51
convolution,19,14,189261,189312,51
convolution,19,15,189851,189902,51
convolution,20,0,190443,190494,51
convolution,20,1,191033,191084,51
convolution,20,2,191623,191674,51
convolution,20,3,192213,192264,51
convolution,20,4,192805,192856,51
convolution,20,5,193395,193446,51
convolution,20,6,193985,194036,51
convolution,20,7,194575,194626,51
convolution,20,8,195167,195218,51
convolution,20,9,195757,195808,51
convolution,20,10,196347,196398,51
convolution,20,11,196937,196988,51
convolution,20,12,197529,197580,51
convolution,20,13,198119,198170,51
convolution,20,14,198709,198760,51
convolution,20,15,199299,199350,51
convolution,21,0,199891,199942,51
convolution,21,1,200481,200532,51
convolution,21,2,201071,201122,51
convolution,21,3,201661,201712,51
convolution,21,4,202253,202304,51
convolution,21,5,202843,202894,51
convolution,21,6,203433,203484,51
convolution,21,7,204023,204074,51
convolution,21,8,204615,204666,51
convolution,21,9,205205,205256,51
convolution,21,10,205795,205846,51
convolution,21,11,206385,206436,51
convolution,21,12,206977,207028,51
convolution,21,13,207567,207618,51
convolution,21,14,208157,208208,51
convolution,21,15,208747,208798,51
convolution,22,0,209339,209390,51
convolution,22,1,209929,209980,51
convolution,22,2,210519,210570,51
convolution,22,3,211109,211160,51
convolution,22,4,211701,211752,51
convolution,22,5,212291,212342,51
convolution,22,6,212881,212932,51
convolution,22,7,213471,213522,51
convolution,22,8,214063,214114,51
convolution,22,9,214653,214704,51
convolution,22,10,215243,215294,51
convolution,22,11,215833,215884,51
convolution,22,12,216425,216476,51
convolution,22,13,217015,217066,51
convolution,22,14,217605,217656,51
convolution,22,15,218195,218246,51
convolution,23,0,218787,218838,51
convolution,23,1,219377,219428,51
convolution,23,2,219967,220018,51
convolution,23,3,220557,220608,51
convolution,23,4,221149,221200,51
convolution,23,5,221739,221790,51
convolution,23,6,222329,222380,51
convolution,23,7,222919,222970,51
convolution,23,8,223511,223562,51
convolution,23,9,224101,224152,51
convolution,23,10,224691,224742,51
convolution,23,11,225281,225332,51
convolution,23,12,225873,225924,51
convolution,23,13,226463,226514,51
convolution,23,14,227053,227104,51
convolution,23,15,227643,227694,51
convolution,24,0,228235,228286,51
convolution,24,1,228825,228876,51
convolution,24,2,229415,229466,51
convolution,24,3,230005,230056,51
convolution,24,4,230597,230648,51
convolution,24,5,231187,231238,51
convolution,24,6,231777,231828,51
convolution,24,7,232367,232418,51
convolution,24,8,232959,233010,51
convolution,24,9,233549,233600,51
convolution,24,10,234139,234190,51
convolution,24,11,234729,234780,51
convolution,24,12,235321,235372,51
convolution,24,13,235911,235962,51
convolution,24,14,236501,236552,51
convolution,24,15,237091,237142,51
convolution,25,0,237683,237734,51
convolution,25,1,238273,238324,51
convolution,25,2,238863,238914,51
convolution,25,3,239453,239504,51
convolution,25,4,240045,240096,51
convolution,25,5,240635,240686,51
convolution,25,6,241225,241276,51
convolution,25,7,241815,241866,51
convolution,25,8,242407,242458,51
convolution,25,9,242997,243048,51
convolution,25,10,243587,243638,51
convolution,25,11,244177,244228,51
convolution,25,12,244769,244820,51
convolution,25,13,245359,245410,51
convolution,25,14,245949,246000,51
convolution,25,15,246539,246590,51
convolution,26,0,247131,247182,51
convolution,26,1,247721,247772,51
convolution,26,2,248311,248362,51
convolution,26,3,248901,248952,51
convolution,26,4,249493,249544,51
convolution,26,5,250083,250134,51
convolution,26,6,250673,250724,51
convolution,26,7,251263,251314,51
convolution,26,8,251855,251906,51
convolution,26,9,252445,252496,51
convolution,26,10,253035,253086,51
convolution,26,11,253625,253676,51
convolution,26,12,254217,254268,51
convolution,26,13,254807,254858,51
convolution,26,14,255397,255448,51
convolution,26,15,255987,256038,51
convolution,27,0,256579,256630,51
convolution,27,1,257169,257220,51
convolution,27,2,257759,257810,51
convolution,27,3,258349,258400,51
convolution,27,4,258941,258992,51
convolution,27,5,259531,259582,51
convolution,27,6,260121,260172,51
convolution,27,7,260711,260762,51
convolution,27,8,261303,261354,51
convolution,27,9,261893,261944,51
convolution,27,10,262483,262534,51
convolution,27,11,263073,263124,51
convolution,27,12,263665,263716,51
convolution,27,13,264255,264306,51
convolution,27,14,264845,264896,51
convolution,27,15,265435,265486,51
convolution,28,0,266027,266078,51
convolution,28,1,266617,266668,51
convolution,28,2,267207,267258,51
convolution,28,3,267797,267848,51
convolution,28,4,268389,268440,51
convolution,28,5,268979,269030,51
convolution,28,6,269569,269620,51
convolution,28,7,270159,270210,51
convolution,28,8,270751,270802,51
convolution,28,9,271341,271392,51
convolution,28,10,271931,271982,51
convolution,28,11,272521,272572,51
convolution,28,12,273113,273164,51
convolution,28,13,273703,273754,51
convolution,28,14,274293,274344,51
convolution,28,15,274883,274934,51
convolution,29,0,275475,275526,51
convolution,29,1,276065,276116,51
convolution,29,2,276655,276706,51
convolution,29,3,277245,277296,51
convolution,29,4,277837,277888,51
convolution,29,5,278427,278478,51
convolution,29,6,279017,279068,51
convolution,29,7,279607,279658,51
convolution,29,8,280199,280250,51
convolution,29,9,280789,280840,51
convolution,29,10,281379,281430,51
convolution,29,11,281969,282020,51
convolution,29,12,282561,282612,51
convolution,29,13,283151,283202,51
convolution,29,14,283741,283792,51
convolution,29,15,284331,284382,51
convolution,30,0,284923,284974,51
convolution,30,1,285513,285564,51
convolution,30,2,286103,286154,51
convolution,30,3,286693,286744,51
convolution,30,4,287285,287336,51
convolution,30,5,287875,287926,51
convolution,30,6,288465,288516,51
convolution,30,7,289055,289106,51
convolution,30,8,289647,289698,51
convolution,30,9,290237,290288,51
convolution,30,10,290827,290878,51
convolution,30,11,291417,291468,51
convolution,30,12,292009,292060,51
convolution,30,13,292599,292650,51
convolution,30,14,293189,293240,51
convolution,30,15,293779,293830,51
convolution,31,0,294371,294422,51
convolution,31,1,294961,295012,51
convolution,31,2,295551,295602,51
convolution,31,3,296141,296192,51
convolution,31,4,296733,296784,51
convolution,31,5,297323,297374,51
convolution,31,6,297913,297964,51
convolution,31,7,298503,298554,51
convolution,31,8,299095,299146,51
convolution,31,9,299685,299736,51
convolution,31,10,300275,300326,51
convolution,31,11,300865,300916,51
convolution,31,12,301457,301508,51
convolution,31,13,302047,302098,51
convolution,31,14,302637,302688,51
convolution,31,15,303227,303278,51
convolution,32,0,303819,303870,51
convolution,32,1,304409,304460,51
convolution,32,2,304999,305050,51
convolution,32,3,305589,305640,51
convolution,32,4,306181,306232,51
convolution,32,5,306771,306822,51
convolution,32,6,307361,307412,51
convolution,32,7,307951,308002,51
convolution,32,8,308543,308594,51
convolution,32,9,309133,309184,51
convolution,32,10,309723,309774,51
convolution,32,11,310313,310364,51
convolution,32,12,310905,310956,51
convolution,32,13,311495,311546,51
convolution,32,14,312085,312136,51
convolution,32,15,312675,312726,51
convolution,33,0,313267,313318,51
convolution,33,1,313857,313908,51
convolution,33,2,314447,314498,51
convolution,33,3,315037,315088,51
convolution,33,4,315629,315680,51
convolution,33,5,316219,316270,51
convolution,33,6,316809,316860,51
convolution,33,7,317399,317450,51
convolution,33,8,317991,318042,51
convolution,33,9,318581,318632,51
convolution,33,10,319171,319222,51
convolution,33,11,319761,319812,51
convolution,33,12,320353,320404,51
convolution,33,13,320943,320994,51
convolution,33,14,321533,321584,51
convolution,33,15,322123,322174,51
convolution,34,0,322715,322766,51
convolution,34,1,323305,323356,51
convolution,34,2,323895,323946,51
convolution,34,3,324485,324536,51
convolution,34,4,325077,325128,51
convolution,34,5,325667,325718,51
convolution,34,6,326257,326308,51
convolution,34,7,326847,326898,51
convolution,34,8,327439,327490,51
convolution,34,9,328029,328080,51
convolution,34,10,328619,328670,51
convolution,34,11,329209,329260,51
convolution,34,12,329801,329852,51
convolution,34,13,330391,330442,51
convolution,34,14,330981,331032,51
convolution,34,15,331571,331622,51
convolution,35,0,332163,332214,51
convolution,35,1,332753,332804,51
convolution,35,2,333343,333394,51
convolution,35,3,333933,333984,51
convolution,35,4,334525,334576,51
convolution,35,5,335115,335166,51
convolution,35,6,335705,335756,51
convolution,35,7,336295,336346,51
convolution,35,8,336887,336938,51
convolution,35,9,337477,337528,51
convolution,35,10,338067,338118,51
convolution,35,11,338657,338708,51
convolution,35,12,339249,339300,51
convolution,35,13,339839,339890,51
convolution,35,14,340429,340480,51
convolution,35,15,341019,341070,51
convolution,36,0,341611,341662,51
convolution,36,1,342201,342252,51
convolution,36,2,342791,342842,51
convolution,36,3,343381,343432,51
convolution,36,4,343973,344024,51
convolution,36,5,344563,344614,51
convolution,36,6,345153,345204,51
convolution,36,7,345743,345794,51
convolution,36,8,346335,346386,51
convolution,36,9,346925,346976,51
convolution,36,10,347515,347566,51
convolution,36,11,348105,348156,51
convolution,36,12,348697,348748,51
convolution,36,13,349287,349338,51
convolution,36,14,349877,349928,51
convolution,36,15,350467,350518,51
convolution,37,0,351059,351110,51
convolution,37,1,351649,351700,51
convolution,37,2,352239,352290,51
convolution,37,3,352829,352880,51
convolution,37,4,353421,353472,51
convolution,37,5,354011,354062,51
convolution,37,6,354601,354652,51
convolution,37,7,355191,355242,51
convolution,37,8,355783,355834,51
convolution,37,9,356373,356424,51
convolution,37,10,356963,357014,51
convolution,37,11,357553,357604,51
convolution,37,12,358145,358196,51
convolution,37,13,358735,358786,51
convolution,37,14,359325,359376,51
convolution,37,15,359915,359966,51
convolution,38,0,360507,360558,51
convolution,38,1,361097,361148,51
convolution,38,2,361687,361738,51
convolution,38,3,362277,362328,51
convolution,38,4,362869,362920,51
convolution,38,5,363459,363510,51
convolution,38,6,364049,364100,51
convolution,38,7,364639,364690,51
convolution,38,8,365231,365282,51
convolution,38,9,365821,365872,51
convolution,38,10,366411,366462,51
convolution,38,11,367001,367052,51
convolution,38,12,367593,367644,51
convolution,38,13,368183,368234,51
convolution,38,14,368773,368824,51
convolution,38,15,369363,369414,51
convolution,39,0,369955,370006,51
convolution,39,1,370545,370596,51
convolution,39,2,371135,371186,51
convolution,39,3,371725,371776,51
convolution,39,4,372317,372368,51
convolution,39,5,372907,372958,51
convolution,39,6,373497,373548,51
convolution,39,7,374087,374138,51
convolution,39,8,374679,374730,51
convolution,39,9,375269,375320,51
convolution,39,10,375859,375910,51
convolution,39,11,376449,376500,51
convolution,39,12,377041,377092,51
convolution,39,13,377631,377682,51
convolution,39,14,378221,378272,51
convolution,39,15,378811,378862,51
convolution,40,0,379403,379454,51
convolution,40,1,379993,380044,51
convolution,40,2,380583,380634,51
convolution,40,3,381173,381224,51
convolution,40,4,381765,381816,51
convolution,40,5,382355,382406,51
convolution,40,6,382945,382996,51
convolution,40,7,383535,383586,51
convolution,40,8,384127,384178,51
convolution,40,9,384717,384768,51
convolution,40,10,385307,385358,51
convolution,40,11,385897,385948,51
convolution,40,12,386489,386540,51
convolution,40,13,387079,387130,51
convolution,40,14,387669,387720,51
convolution,40,15,388259,388310,51
convolution,41,0,388851,388902,51
convolution,41,1,389441,389492,51
convolution,41,2,390031,390082,51
convolution,41,3,390621,390672,51
convolution,41,4,391213,391264,51
convolution,41,5,391803,391854,51
convolution,41,6,392393,392444,51
convolution,41,7,392983,393034,51
convolution,41,8,393575,393626,51
convolution,41,9,394165,394216,51
convolution,41,10,394755,394806,51
convolution,41,11,395345,395396,51
convolution,41,12,395937,395988,51
convolution,41,13,396527,396578,51
convolution,41,14,397117,397168,51
convolution,41,15,397707,397758,51
convolution,42,0,398299,398350,51
convolution,42,1,398889,398940,51
convolution,42,2,399479,399530,51
convolution,42,3,400069,400120,51
convolution,42,4,400661,400712,51
convolution,42,5,401251,401302,51
convolution,42,6,401841,401892,51
convolution,42,7,402431,402482,51
convolution,42,8,403023,403074,51
convolution,42,9,403613,403664,51
convolution,42,10,404203,404254,51
convolution,42,11,404793,404844,51
convolution,42,12,405385,405436,51
convolution,42,13,405975,406026,51
convolution,42,14,406565,406616,51
convolution,42,15,407155,407206,51
convolution,43,0,407747,407798,51
convolution,43,1,408337,408388,51
convolution,43,2,408927,408978,51
convolution,43,3,409517,409568,51
convolution,43,4,410109,410160,51
convolution,43,5,410699,410750,51
convolution,43,6,411289,411340,51
convolution,43,7,411879,411930,51
convolution,43,8,412471,412522,51
convolution,43,9,413061,413112,51
convolution,43,10,413651,413702,51
convolution,43,11,414241,414292,51
convolution,43,12,414833,414884,51
convolution,43,13,415423,415474,51
convolution,43,14,416013,416064,51
convolution,43,15,416603,416654,51
convolution,44,0,417195,417246,51
convolution,44,1,417785,417836,51
convolution,44,2,418375,418426,51
convolution,44,3,418965,419016,51
convolution,44,4,419557,419608,51
convolution,44,5,420147,420198,51
convolution,44,6,420737,420788,51
convolution,44,7,421327,421378,51
convolution,44,8,421919,421970,51
convolution,44,9,422509,422560,51
convolution,44,10,423099,423150,51
convolution,44,11,423689,423740,51
convolution,44,12,424281,424332,51
convolution,44,13,424871,424922,51
convolution,44,14,425461,425512,51
convolution,44,15,426051,426102,51
convolution,45,0,426643,426694,51
convolution,45,1,427233,427284,51
convolution,45,2,427823,427874,51
convolution,45,3,428413,428464,51
convolution,45,4,429005,429056,51
convolution,45,5,429595,429646,51
convolution,45,6,430185,430236,51
convolution,45,7,430775,430826,51
convolution,45,8,431367,431418,51
convolution,45,9,431957,432008,51
convolution,45,10,432547,432598,51
convolution,45,11,433137,433188,51
convolution,45,12,433729,433780,51
convolution,45,13,434319,434370,51
convolution,45,14,434909,434960,51
convolution,45,15,435499,435550,51
convolution,46,0,436091,436142,51
convolution,46,1,436681,436732,51
convolution,46,2,437271,437322,51
convolution,46,3,437861,437912,51
convolution,46,4,438453,438504,51
convolution,46,5,439043,439094,51
convolution,46,6,439633,439684,51
convolution,46,7,440223,440274,51
convolution,46,8,440815,440866,51
convolution,46,9,441405,441456,51
convolution,46,10,441995,442046,51
convolution,46,11,442585,442636,51
convolution,46,12,443177,443228,51
convolution,46,13,443767,443818,51
convolution,46,14,444357,444408,51
convolution,46,15,444947,444998,51
convolution,47,0,445539,445590,51
convolution,47,1,446129,446180,51
convolution,47,2,446719,446770,51
convolution,47,3,447309,447360,51
convolution,47,4,447901,447952,51
convolution,47,5,448491,448542,51
convolution,47,6,449081,449132,51
convolution,47,7,449671,449722,51
convolution,47,8,450263,450314,51
convolution,47,9,450853,450904,51
convolution,47,10,451443,451494,51
convolution,47,11,452033,452084,51
convolution,47,12,452625,452676,51
convolution,47,13,453215,453266,51
convolution,47,14,453805,453856,51
convolution,47,15,454395,454446,51
convolution,48,0,454987,455038,51
convolution,48,1,455577,455628,51
convolution,48,2,456167,456218,51
convolution,48,3,456757,456808,51
convolution,48,4,457349,457400,51
convolution,48,5,457939,457990,51
convolution,48,6,458529,458580,51
convolution,48,7,459119,459170,51
convolution,48,8,459711,459762,51
convolution,48,9,460301,460352,51
convolution,48,10,460891,460942,51
convolution,48,11,461481,461532,51
convolution,48,12,462073,462124,51
convolution,48,13,462663,462714,51
convolution,48,14,463253,463304,51
convolution,48,15,463843,463894,51
convolution,49,0,464435,464486,51
convolution,49,1,465025,465076,51
convolution,49,2,465615,465666,51
convolution,49,3,466205,466256,51
convolution,49,4,466797,466848,51
convolution,49,5,467387,467438,51
convolution,49,6,467977,468028,51
convolution,49,7,468567,468618,51
convolution,49,8,469159,469210,51
convolution,49,9,469749,469800,51
convolution,49,10,470339,470390,51
convolution,49,11,470929,470980,51
convolution,49,12,471521,471572,51
convolution,49,13,472111,472162,51
convolution,49,14,472701,472752,51
convolution,49,15,473291,473342,51
convolution,50,0,473883,473934,51
convolution,50,1,474473,474524,51
convolution,50,2,475063,475114,51
convolution,50,3,475653,475704,51
convolution,50,4,476245,476296,51
convolution,50,5,476835,476886,51
convolution,50,6,477425,477476,51
convolution,50,7,478015,478066,51
convolution,50,8,478607,478658,51
convolution,50,9,479197,479248,51
convolution,50,10,479787,479838,51
convolution,50,11,480377,480428,51
convolution,50,12,480969,481020,51
convolution,50,13,481559,481610,51
convolution,50,14,482149,482200,51
convolution,50,15,482739,482790,51
convolution,51,0,483331,483382,51
convolution,51,1,483921,483972,51
convolution,51,2,484511,484562,51
convolution,51,3,485101,485152,51
convolution,51,4,485693,485744,51
convolution,51,5,486283,486334,51
convolution,51,6,486873,486924,51
convolution,51,7,487463,487514,51
convolution,51,8,488055,488106,51
convolution,51,9,488645,488696,51
convolution,51,10,489235,489286,51
convolution,51,11,489825,489876,51
convolution,51,12,490417,490468,51
convolution,51,13,491007,491058,51
convolution,51,14,491597,491648,51
convolution,51,15,492187,492238,51
convolution,52,0,492779,492830,51
convolution,52,1,493369,493420,51
convolution,52,2,493959,494010,51
convolution,52,3,494549,494600,51
convolution,52,4,495141,495192,51
convolution,52,5,495731,495782,51
convolution,52,6,496321,496372,51
convolution,52,7,496911,496962,51
convolution,52,8,497503,497554,51
convolution,52,9,498093,498144,51
convolution,52,10,498683,498734,51
convolution,52,11,499273,499324,51
convolution,52,12,499865,499916,51
convolution,52,13,500455,500506,51
convolution,52,14,501045,501096,51
convolution,52,15,501635,501686,51
convolution,53,0,502227,502278,51
convolution,53,1,502817,502868,51
convolution,53,2,503407,503458,51
convolution,53,3,503997,504048,51
convolution,53,4,504589,504640,51
convolution,53,5,505179,505230,51
convolution,53,6,505769,505820,51
convolution,53,7,506359,506410,51
convolution,53,8,506951,507002,51
convolution,53,9,507541,507592,51
convolution,53,10,508131,508182,51
convolution,53,11,508721,508772,51
convolution,53,12,509313,509364,51
convolution,53,13,509903,509954,51
convolution,53,14,510493,510544,51
convolution,53,15,511083,511134,51
convolution,54,0,511675,511726,51
convolution,54,1,512265,512316,51
convolution,54,2,512855,512906,51
convolution,54,3,513445,513496,51
convolution,54,4,514037,514088,51
convolution,54,5,514627,514678,51
convolution,54,6,515217,515268,51
convolution,54,7,515807,515858,51
convolution,54,8,516399,516450,51
convolution,54,9,516989,517040,51
convolution,54,10,517579,517630,51
convolution,54,11,518169,518220,51
convolution,54,12,518761,518812,51
convolution,54,13,519351,519402,51
convolution,54,14,519941,519992,51
convolution,54,15,520531,520582,51
convolution,55,0,521123,521174,51
convolution,55,1,521713,521764,51
convolution,55,2,522303,522354,51
convolution,55,3,522893,522944,51
convolution,55,4,523485,523536,51
convolution,55,5,524075,524126,51
convolution,55,6,524665,524716,51
convolution,55,7,525255,525306,51
convolution,55,8,525847,525898,51
convolution,55,9,526437,526488,51
convolution,55,10,527027,527078,51
convolution,55,11,527617,527668,51
convolution,55,12,528209,528260,51
convolution,55,13,528799,528850,51
convolution,55,14,529389,529440,51
convolution,55,15,529979,530030,51
convolution,56,0,530571,530622,51
convolution,56,1,531161,531212,51
convolution,56,2,531751,531802,51
convolution,56,3,532341,532392,51
convolution,56,4,532933,532984,51
convolution,56,5,533523,533574,51
convolution,56,6,534113,534164,51
convolution,56,7,534703,534754,51
convolution,56,8,535295,535346,51
convolution,56,9,535885,535936,51
convolution,56,10,536475,536526,51
convolution,56,11,537065,537116,51
convolution,56,12,537657,537708,51
convolution,56,13,538247,538298,51
convolution,56,14,538837,538888,51
convolution,56,15,539427,539478,51
convolution,57,0,540019,540070,51
convolution,57,1,540609,540660,51
convolution,57,2,541199,541250,51
convolution,57,3,541789,541840,51
convolution,57,4,542381,542432,51
convolution,57,5,542971,543022,51
convolution,57,6,543561,543612,51
convolution,57,7,544151,544202,51
convolution,57,8,544743,544794,51
convolution,57,9,545333,545384,51
convolution,57,10,545923,545974,51
convolution,57,11,546513,546564,51
convolution,57,12,547105,547156,51
convolution,57,13,547695,547746,51
convolution,57,14,548285,548336,51
convolution,57,15,548875,548926,51
convolution,58,0,549467,549518,51
convolution,58,1,550057,550108,51
convolution,58,2,550647,550698,51
convolution,58,3,551237,551288,51
convolution,58,4,551829,551880,51
convolution,58,5,552419,552470,51
convolution,58,6,553009,553060,51
convolution,58,7,553599,553650,51
convolution,58,8,554191,554242,51
convolution,58,9,554781,554832,51
convolution,58,10,555371,555422,51
convolution,58,11,555961,556012,51
convolution,58,12,556553,556604,51
convolution,58,13,557143,557194,51
convolution,58,14,557733,557784,51
convolution,58,15,558323,558374,51
convolution,59,0,558915,558966,51
convolution,59,1,559505,559556,51
convolution,59,2,560095,560146,51
convolution,59,3,560685,560736,51
convolution,59,4,561277,561328,51
convolution,59,5,561867,561918,51
convolution,59,6,562457,562508,51
convolution,59,7,563047,563098,51
convolution,59,8,563639,563690,51
convolution,59,9,564229,564280,51
convolution,59,10,564819,564870,51
convolution,59,11,565409,565460,51
convolution,59,12,566001,566052,51
convolution,59,13,566591,566642,51
convolution,59,14,567181,567232,51
convolution,59,15,567771,567822,51
convolution,60,0,568363,568414,51
convolution,60,1,568953,569004,51
convolution,60,2,569543,569594,51
convolution,60,3,570133,570184,51
convolution,60,4,570725,570776,51
convolution,60,5,571315,571366,51
convolution,60,6,571905,571956,51
convolution,60,7,572495,572546,51
convolution,60,8,573087,573138,51
convolution,60,9,573677,573728,51
convolution,60,10,574267,574318,51
convolution,60,11,574857,574908,51
convolution,60,12,575449,575500,51
convolution,60,13,576039,576090,51
convolution,60,14,576629,576680,51
convolution,60,15,577219,577270,51
convolution,61,0,577811,577862,51
convolution,61,1,578401,578452,51
convolution,61,2,578991,579042,51
convolution,61,3,579581,579632,51
convolution,61,4,580173,580224,51
convolution,61,5,580763,580814,51
convolution,61,6,581353,581404,51
convolution,61,7,581943,581994,51
convolution,61,8,582535,582586,51
convolution,61,9,583125,583176,51
convolution,61,10,583715,583766,51
convolution,61,11,584305,584356,51
convolution,61,12,584897,584948,51
convolution,61,13,585487,585538,51
convolution,61,14,586077,586128,51
convolution,61,15,586667,586718,51
convolution,62,0,587259,587310,51
convolution,62,1,587849,587900,51
convolution,62,2,588439,588490,51
convolution,62,3,589029,589080,51
convolution,62,4,589621,589672,51
convolution,62,5,590211,590262,51
convolution,62,6,590801,590852,51
convolution,62,7,591391,591442,51
convolution,62,8,591983,592034,51
convolution,62,9,592573,592624,51
convolution,62,10,593163,593214,51
convolution,62,11,593753,593804,51
convolution,62,12,594345,594396,51
convolution,62,13,594935,594986,51
convolution,62,14,595525,595576,51
convolution,62,15,596115,596166,51
convolution,63,0,596707,596758,51
convolution,63,1,597297,597348,51
convolution,63,2,597887,597938,51
convolution,63,3,598477,598528,51
convolution,63,4,599069,599120,51
convolution,63,5,599659,599710,51
convolution,63,6,600249,600300,51
convolution,63,7,600839,600890,51
convolution,63,8,601431,601482,51
convolution,63,9,602021,602072,51
convolution,63,10,602611,602662,51
convolution,63,11,603201,603252,51
convolution,63,12,603793,603844,51
convolution,63,13,604383,604434,51
convolution,63,14,604973,605024,51
convolution,63,15,605563,605614,51
conv_output_queue,0,0,1534,1535,1
conv_output_queue,0,1,2009,2125,116
conv_output_queue,0,2,2484,2715,231
conv_output_queue,0,3,2959,3305,346
conv_output_queue,0,4,3896,3897,1
conv_output_queue,0,5,4486,4487,1
conv_output_queue,0,6,5076,5077,1
conv_output_queue,0,7,5666,5667,1
conv_output_queue,0,8,6258,6259,1
conv_output_queue,0,9,6848,6849,1
conv_output_queue,0,10,7438,7439,1
conv_output_queue,0,11,8028,8029,1
conv_output_queue,0,12,8620,8621,1
conv_output_queue,0,13,9210,9211,1
conv_output_queue,0,14,9800,9801,1
conv_output_queue,0,15,10390,10391,1
conv_output_queue,1,0,10982,10983,1
conv_output_queue,1,1,11572,11573,1
conv_output_queue,1,2,12162,12163,1
conv_output_queue,1,3,12752,12753,1
conv_output_queue,1,4,13344,13345,1
conv_output_queue,1,5,13934,13935,1
conv_output_queue,1,6,14524,14525,1
conv_output_queue,1,7,15114,15115,1
conv_output_queue,1,8,15706,15707,1
conv_output_queue,1,9,16296,16297,1
conv_output_queue,1,10,16886,16887,1
conv_output_queue,1,11,17476,17477,1
conv_output_queue,1,12,18068,18069,1
conv_output_queue,1,13,18658,18659,1
conv_output_queue,1,14,19248,19249,1
conv_output_queue,1,15,19838,19839,1
conv_output_queue,2,0,20430,20431,1
conv_output_queue,2,1,21020,21021,1
conv_output_queue,2,2,21610,21611,1
conv_output_queue,2,3,22200,22201,1
conv_output_queue,2,4,22792,22793,1
conv_output_queue,2,5,23382,23383,1
conv_output_queue,2,6,23972,23973,1
conv_output_queue,2,7,24562,24563,1
conv_output_queue,2,8,25154,25155,1
conv_output_queue,2,9,25744,25745,1
conv_output_queue,2,10,26334,26335,1
conv_output_queue,2,11,26924,26925,1
conv_output_queue,2,12,27516,27517,1
conv_output_queue,2,13,28106,28107,1
conv_output_queue,2,14,28696,28697,1
conv_output_queue,2,15,29286,29287,1
conv_output_queue,3,0,29878,29879,1
conv_output_queue,3,1,30468,30469,1
conv_output_queue,3,2,31058,31059,1
conv_output_queue,3,3,31648,31649,1
conv_output_queue,3,4,32240,32241,1
conv_output_queue,3,5,32830,32831,1
conv_output_queue,3,6,33420,33421,1
conv_output_queue,3,7,34010,34011,1
conv_output_queue,3,8,34602,34603,1
conv_output_queue,3,9,35192,35193,1
conv_output_queue,3,10,35782,35783,1
conv_output_queue,3,11,36372,36373,1
conv_output_queue,3,12,36964,36965,1
conv_output_queue,3,13,37554,37555,1
conv_output_queue,3,14,38144,38145,1
conv_output_queue,3,15,38734,38735,1
conv_output_queue,4,0,39326,39327,1
conv_output_queue,4,1,39916,39917,1
conv_output_queue,4,2,40506,40507,1
conv_output_queue,4,3,41096,41097,1
conv_output_queue,4,4,41688,41689,1
conv_output_queue,4,5,42278,42279,1
conv_output_queue,4,6,42868,42869,1
conv_output_queue,4,7,43458,43459,1
conv_output_queue,4,8,44050,44051,1
conv_output_queue,4,9,44640,44641,1
conv_output_queue,4,10,45230,45231,1
conv_output_queue,4,11,45820,45821,1
conv_output_queue,4,12,46412,46413,1
conv_output_queue,4,13,47002,47003,1
conv_output_queue,4,14,47592,47593,1
conv_output_queue,4,15,48182,48183,1
conv_output_queue,5,0,48774,48775,1
conv_output_queue,5,1,49364,49365,1
conv_output_queue,5,2,49954,49955,1
conv_output_queue,5,3,50544,50545,1
conv_output_queue,5,4,51136,51137,1
conv_output_queue,5,5,51726,51727,1
conv_output_queue,5,6,52316,52317,1
conv_output_queue,5,7,52906,52907,1
conv_output_queue,5,8,53498,53499,1
conv_output_queue,5,9,54088,54089,1
conv_output_queue,5,10,54678,54679,1
conv_output_queue,5,11,55268,55269,1
conv_output_queue,5,12,55860,55861,1
conv_output_queue,5,13,56450,56451,1
conv_output_queue,5,14,57040,57041,1
conv_output_queue,5,15,57630,57631,1
conv_output_queue,6,0,58222,58223,1
conv_output_queue,6,1,58812,58813,1
conv_output_queue,6,2,59402,59403,1
conv_output_queue,6,3,59992,59993,1
conv_output_queue,6,4,60584,60585,1
conv_output_queue,6,5,61174,61175,1
conv_output_queue,6,6,61764,61765,1
conv_output_queue,6,7,62354,62355,1
conv_output_queue,6,8,62946,62947,1
conv_output_queue,6,9,63536,63537,1
conv_output_queue,6,10,64126,64127,1
conv_output_queue,6,11,64716,64717,1
conv_output_queue,6,12,65308,65309,1
conv_output_queue,6,13,65898,65899,1
conv_output_queue,6,14,66488,66489,1
conv_output_queue,6,15,67078,67079,1
conv_output_queue,7,0,67670,67671,1
conv_output_queue,7,1,68260,68261,1
conv_output_queue,7,2,68850,68851,1
conv_output_queue,7,3,69440,69441,1
conv_output_queue,7,4,70032,70033,1
conv_output_queue,7,5,70622,70623,1
conv_output_queue,7,6,71212,71213,1
conv_output_queue,7,7,71802,71803,1
conv_output_queue,7,8,72394,72395,1
conv_output_queue,7,9,72984,72985,1
conv_output_queue,7,10,73574,73575,1
conv_output_queue,7,11,74164,74165,1
conv_output_queue,7,12,74756,74757,1
conv_output_queue,7,13,75346,75347,1
conv_output_queue,7,14,75936,75937,1
conv_output_queue,7,15,76526,76527,1
conv_output_queue,8,0,77118,77119,1
conv_output_queue,8,1,77708,77709,1
conv_output_queue,8,2,78298,78299,1
conv_output_queue,8,3,78888,78889,1
conv_output_queue,8,4,79480,79481,1
conv_output_queue,8,5,80070,80071,1
conv_output_queue,8,6,80660,80661,1
conv_output_queue,8,7,81250,81251,1
conv_output_queue,8,8,81842,81843,1
conv_output_queue,8,9,82432,82433,1
conv_output_queue,8,10,83022,83023,1
conv_output_queue,8,11,83612,83613,1
conv_output_queue,8,12,84204,84205,1
conv_output_queue,8,13,84794,84795,1
conv_output_queue,8,14,85384,85385,1
conv_output_queue,8,15,85974,85975,1
conv_output_queue,9,0,86566,86567,1
conv_output_queue,9,1,87156,87157,1
conv_output_queue,9,2,87746,87747,1
conv_output_queue,9,3,88336,88337,1
conv_output_queue,9,4,88928,88929,1
conv_output_queue,9,5,89518,89519,1
conv_output_queue,9,6,90108,90109,1
conv_output_queue,9,7,90698,90699,1
conv_output_queue,9,8,91290,91291,1
conv_output_queue,9,9,91880,91881,1
conv_output_queue,9,10,92470,92471,1
conv_output_queue,9,11,93060,93061,1
conv_output_queue,9,12,93652,93653,1
conv_output_queue,9,13,94242,94243,1
conv_output_queue,9,14,94832,94833,1
conv_output_queue,9,15,95422,95423,1
conv_output_queue,10,0,96014,96015,1
conv_output_queue,10,1,96604,96605,1
conv_output_queue,10,2,97194,97195,1
conv_output_queue,10,3,97784,97785,1
conv_output_queue,10,4,98376,98377,1
conv_output_queue,10,5,98966,98967,1
conv_output_queue,10,6,99556,99557,1
conv_output_queue,10,7,100146,100147,1
conv_output_queue,10,8,100738,100739,1
conv_output_queue,10,9,101328,101329,1
conv_output_queue,10,10,101918,101919,1
conv_output_queue,10,11,102508,102509,1
conv_output_queue,10,12,103100,103101,1
conv_output_queue,10,13,103690,103691,1
conv_output_queue,10,14,104280,104281,1
conv_output_queue,10,15,104870,104871,1
conv_output_queue,11,0,105462,105463,1
conv_output_queue,11,1,106052,106053,1
conv_output_queue,11,2,106642,106643,1
conv_output_queue,11,3,107232,107233,1
conv_output_queue,11,4,107824,107825,1
conv_output_queue,11,5,108414,108415,1
conv_output_queue,11,6,109004,109005,1
conv_output_queue,11,7,109594,109595,1
conv_output_queue,11,8,110186,110187,1
conv_output_queue,11,9,110776,110777,1
conv_output_queue,11,10,111366,111367,1
conv_output_queue,11,11,111956,111957,1
conv_output_queue,11,12,112548,112549,1
conv_output_queue,11,13,113138,113139,1
conv_output_queue,11,14,113728,113729,1
conv_output_queue,11,15,114318,114319,1
conv_output_queue,12,0,114910,114911,1
conv_output_queue,12,1,115500,115501,1
conv_output_queue,12,2,116090,116091,1
conv_output_queue,12,3,116680,116681,1
conv_output_queue,12,4,117272,117273,1
conv_output_queue,12,5,117862,117863,1
conv_output_queue,12,6,118452,118453,1
conv_output_queue,12,7,119042,119043,1
conv_output_queue,12,8,119634,119635,1
conv_output_queue,12,9,120224,120225,1
conv_output_queue,12,10,120814,120815,1
conv_output_queue,12,11,121404,121405,1
conv_output_queue,12,12,121996,121997,1
conv_output_queue,12,13,122586,122587,1
conv_output_queue,12,14,123176,123177,1
conv_output_queue,12,15,123766,123767,1
conv_output_queue,13,0,124358,124359,1
conv_output_queue,13,1,124948,124949,1
conv_output_queue,13,2,125538,125539,1
conv_output_queue,13,3,126128,126129,1
conv_output_queue,13,4,126720,126721,1
conv_output_queue,13,5,127310,127311,1
conv_output_queue,13,6,127900,127901,1
conv_output_queue,13,7,128490,128491,1
conv_output_queue,13,8,129082,129083,1
conv_output_queue,13,9,129672,129673,1
conv_output_queue,13,10,130262,130263,1
conv_output_queue,13,11,130852,130853,1
conv_output_queue,13,12,131444,131445,1
conv_output_queue,13,13,132034,132035,1
conv_output_queue,13,14,132624,132625,1
conv_output_queue,13,15,133214,133215,1
conv_output_queue,14,0,133806,133807,1
conv_output_queue,14,1,134396,134397,1
conv_output_queue,14,2,134986,134987,1
conv_output_queue,14,3,135576,135577,1
conv_output_queue,14,4,136168,136169,1
conv_output_queue,14,5,136758,136759,1
conv_output_queue,14,6,137348,137349,1
conv_output_queue,14,7,137938,137939,1
conv_output_queue,14,8,138530,138531,1
conv_output_queue,14,9,139120,139121,1
conv_output_queue,14,10,139710,139711,1
conv_output_queue,14,11,140300,140301,1
conv_output_queue,14,12,140892,140893,1
conv_output_queue,14,13,141482,141483,1
conv_output_queue,14,14,142072,142073,1
conv_output_queue,14,15,142662,142663,1
conv_output_queue,15,0,143254,143255,1
conv_output_queue,15,1,143844,143845,1
conv_output_queue,15,2,144434,144435,1
conv_output_queue,15,3,145024,145025,1
conv_output_queue,15,4,145616,145617,1
conv_output_queue,15,5,146206,146207,1
conv_output_queue,15,6,146796,146797,1
conv_output_queue,15,7,147386,147387,1
conv_output_queue,15,8,147978,147979,1
conv_output_queue,15,9,148568,148569,1
conv_output_queue,15,10,149158,149159,1
conv_output_queue,15,11,149748,149749,1
conv_output_queue,15,12,150340,150341,1
conv_output_queue,15,13,150930,150931,1
conv_output_queue,15,14,151520,151521,1
conv_output_queue,15,15,152110,152111,1
conv_output_queue,16,0,152702,152703,1
conv_output_queue,16,1,153292,153293,1
conv_output_queue,16,2,153882,153883,1
conv_output_queue,16,3,154472,154473,1
conv_output_queue,16,4,155064,155065,1
conv_output_queue,16,5,155654,155655,1
conv_output_queue,16,6,156244,156245,1
conv_output_queue,16,7,156834,156835,1
conv_output_queue,16,8,157426,157427,1
conv_output_queue,16,9,158016,158017,1
conv_output_queue,16,10,158606,158607,1
conv_output_queue,16,11,159196,159197,1
conv_output_queue,16,12,159788,159789,1
conv_output_queue,16,13,160378,160379,1
conv_output_queue,16,14,160968,160969,1
conv_output_queue,16,15,161558,161559,1
conv_output_queue,17,0,162150,162151,1
conv_output_queue,17,1,162740,162741,1
conv_output_queue,17,2,163330,163331,1
conv_output_queue,17,3,163920,163921,1
conv_output_queue,17,4,164512,164513,1
conv_output_queue,17,5,165102,165103,1
conv_output_queue,17,6,165692,165693,1
conv_output_queue,17,7,166282,166283,1
conv_output_queue,17,8,166874,166875,1
conv_output_queue,17,9,167464,167465,1
conv_output_queue,17,10,168054,168055,1
conv_output_queue,17,11,168644,168645,1
conv_output_queue,17,12,169236,169237,1
conv_output_queue,17,13,169826,169827,1
conv_output_queue,17,14,170416,170417,1
conv_output_queue,17,15,171006,171007,1
conv_output_queue,18,0,171598,171599,1
conv_output_queue,18,1,172188,172189,1
conv_output_queue,18,2,172778,172779,1
conv_output_queue,18,3,173368,173369,1
conv_output_queue,18,4,173960,173961,1
conv_output_queue,18,5,174550,174551,1
conv_output_queue,18,6,175140,175141,1
conv_output_queue,18,7,175730,175731,1
conv_output_queue,18,8,176322,176323,1
conv_output_queue,18,9,176912,176913,1
conv_output_queue,18,10,177502,177503,1
conv_output_queue,18,11,178092,178093,1
conv_output_queue,18,12,178684,178685,1
conv_output_queue,18,13,179274,179275,1
conv_output_queue,18,14,179864,179865,1
conv_output_queue,18,15,180454,180455,1
conv_output_queue,19,0,181046,181047,1
conv_output_queue,19,1,181636,181637,1
conv_output_queue,19,2,182226,182227,1
conv_output_queue,19,3,182816,182817,1
conv_output_queue,19,4,183408,183409,1
conv_output_queue,19,5,183998,183999,1
conv_output_queue,19,6,184588,184589,1
conv_output_queue,19,7,185178,185179,1
conv_output_queue,19,8,185770,185771,1
conv_output_queue,19,9,186360,186361,1
conv_output_queue,19,10,186950,186951,1
conv_output_queue,19,11,187540,187541,1
conv_output_queue,19,12,188132,188133,1
conv_output_queue,19,13,188722,188723,1
conv_output_queue,19,14,189312,189313,1
conv_output_queue,19,15,189902,189903,1
conv_output_queue,20,0,190494,190495,1
conv_output_queue,20,1,191084,191085,1
conv_output_queue,20,2,191674,191675,1
conv_output_queue,20,3,192264,192265,1
conv_output_queue,20,4,192856,192857,1
conv_output_queue,20,5,193446,193447,1
conv_output_queue,20,6,194036,194037,1
conv_output_queue,20,7,194626,194627,1
conv_output_queue,20,8,195218,195219,1
conv_output_queue,20,9,195808,195809,1
conv_output_queue,20,10,196398,196399,1
conv_output_queue,20,11,196988,196989,1
conv_output_queue,20,12,197580,197581,1
conv_output_queue,20,13,198170,198171,1
conv_output_queue,20,14,198760,198761,1
conv_output_queue,20,15,199350,199351,1
conv_output_queue,21,0,199942,199943,1
conv_output_queue,21,1,200532,200533,1
conv_output_queue,21,2,201122,201123,1
conv_output_queue,21,3,201712,201713,1
conv_output_queue,21,4,202304,202305,1
conv_output_queue,21,5,202894,202895,1
conv_output_queue,21,6,203484,203485,1
conv_output_queue,21,7,204074,204075,1
conv_output_queue,21,8,204666,204667,1
conv_output_queue,21,9,205256,205257,1
conv_output_queue,21,10,205846,205847,1
conv_output_queue,21,11,206436,206437,1
conv_output_queue,21,12,207028,207029,1
conv_output_queue,21,13,207618,207619,1
conv_output_queue,21,14,208208,208209,1
conv_output_queue,21,15,208798,208799,1
conv_output_queue,22,0,209390,209391,1
conv_output_queue,22,1,209980,209981,1
conv_output_queue,22,2,210570,210571,1
conv_output_queue,22,3,211160,211161,1
conv_output_queue,22,4,211752,211753,1
conv_output_queue,22,5,212342,212343,1
conv_output_queue,22,6,212932,212933,1
conv_output_queue,22,7,213522,213523,1
conv_output_queue,22,8,214114,214115,1
conv_output_queue,22,9,214704,214705,1
conv_output_queue,22,10,215294,215295,1
conv_output_queue,22,11,215884,215885,1
conv_output_queue,22,12,216476,216477,1
conv_output_queue,22,13,217066,217067,1
conv_output_queue,22,14,217656,217657,1
conv_output_queue,22,15,218246,218247,1
conv_output_queue,23,0,218838,218839,1
conv_output_queue,23,1,219428,219429,1
conv_output_queue,23,2,220018,220019,1
conv_output_queue,23,3,220608,220609,1
conv_output_queue,23,4,221200,221201,1
conv_output_queue,23,5,221790,221791,1
conv_output_queue,23,6,222380,222381,1
conv_output_queue,23,7,222970,222971,1
conv_output_queue,23,8,223562,223563,1
conv_output_queue,23,9,224152,224153,1
conv_output_queue,23,10,224742,224743,1
conv_output_queue,23,11,225332,225333,1
conv_output_queue,23,12,225924,225925,1
conv_output_queue,23,13,226514,226515,1
conv_output_queue,23,14,227104,227105,1
conv_output_queue,23,15,227694,227695,1
conv_output_queue,24,0,228286,228287,1
conv_output_queue,24,1,228876,228877,1
conv_output_queue,24,2,229466,229467,1
conv_output_queue,24,3,230056,230057,1
conv_output_queue,24,4,230648,230649,1
conv_output_queue,24,5,231238,231239,1
conv_output_queue,24,6,231828,231829,1
conv_output_queue,24,7,232418,232419,1
conv_output_queue,24,8,233010,233011,1
conv_output_queue,24,9,233600,233601,1
conv_output_queue,24,10,234190,234191,1
conv_output_queue,24,11,234780,234781,1
conv_output_queue,24,12,235372,235373,1
conv_output_queue,24,13,235962,235963,1
conv_output_queue,24,14,236552,236553,1
conv_output_queue,24,15,237142,237143,1
conv_output_queue,25,0,237734,237735,1
conv_output_queue,25,1,238324,238325,1
conv_output_queue,25,2,238914,238915,1
conv_output_queue,25,3,239504,239505,1
conv_output_queue,25,4,240096,240097,1
conv_output_queue,25,5,240686,240687,1
conv_output_queue,25,6,241276,241277,1
conv_output_queue,25,7,241866,241867,1
conv_output_queue,25,8,242458,242459,1
conv_output_queue,25,9,243048,243049,1
conv_output_queue,25,10,243638,243639,1
conv_output_queue,25,11,244228,244229,1
conv_output_queue,25,12,244820,244821,1
conv_output_queue,25,13,245410,245411,1
conv_output_queue,25,14,246000,246001,1
conv_output_queue,25,15,246590,246591,1
conv_output_queue,26,0,247182,247183,1
conv_output_queue,26,1,247772,247773,1
conv_output_queue,26,2,248362,248363,1
conv_output_queue,26,3,248952,248953,1
conv_output_queue,26,4,249544,249545,1
conv_output_queue,26,5,250134,250135,1
conv_output_queue,26,6,250724,250725,1
conv_output_queue,26,7,251314,251315,1
conv_output_queue,26,8,251906,251907,1
conv_output_queue,26,9,252496,252497,1
conv_output_queue,26,10,253086,253087,1
conv_output_queue,26,11,253676,253677,1
conv_output_queue,26,12,254268,254269,1
conv_output_queue,26,13,254858,254859,1
conv_output_queue,26,14,255448,255449,1
conv_output_queue,26,15,256038,256039,1
conv_output_queue,27,0,256630,256631,1
conv_output_queue,27,1,257220,257221,1
conv_output_queue,27,2,257810,257811,1
conv_output_queue,27,3,258400,258401,1
conv_output_queue,27,4,258992,258993,1
conv_output_queue,27,5,259582,259583,1
conv_output_queue,27,6,260172,260173,1
conv_output_queue,27,7,260762,260763,1
conv_output_queue,27,8,261354,261355,1
conv_output_queue,27,9,261944,261945,1
conv_output_queue,27,10,262534,262535,1
conv_output_queue,27,11,263124,263125,1
conv_output_queue,27,12,263716,263717,1
conv_output_queue,27,13,264306,264307,1
conv_output_queue,27,14,264896,264897,1
conv_output_queue,27,15,265486,265487,1
conv_output_queue,28,0,266078,266079,1
conv_output_queue,28,1,266668,266669,1
conv_output_queue,28,2,267258,267259,1
conv_output_queue,28,3,267848,267849,1
conv_output_queue,28,4,268440,268441,1
conv_output_queue,28,5,269030,269031,1
conv_output_queue,28,6,269620,269621,1
conv_output_queue,28,7,270210,270211,1
conv_output_queue,28,8,270802,270803,1
conv_output_queue,28,9,271392,271393,1
conv_output_queue,28,10,271982,271983,1
conv_output_queue,28,11,272572,272573,1
conv_output_queue,28,12,273164,273165,1
conv_output_queue,28,13,273754,273755,1
conv_output_queue,28,14,274344,274345,1
conv_output_queue,28,15,274934,274935,1
conv_output_queue,29,0,275526,275527,1
conv_output_queue,29,1,276116,276117,1
conv_output_queue,29,2,276706,276707,1
conv_output_queue,29,3,277296,277297,1
conv_output_queue,29,4,277888,277889,1
conv_output_queue,29,5,278478,278479,1
conv_output_queue,29,6,279068,279069,1
conv_output_queue,29,7,279658,279659,1
conv_output_queue,29,8,280250,280251,1
conv_output_queue,29,9,280840,280841,1
conv_output_queue,29,10,281430,281431,1
conv_output_queue,29,11,282020,282021,1
conv_output_queue,29,12,282612,282613,1
conv_output_queue,29,13,283202,283203,1
conv_output_queue,29,14,283792,283793,1
conv_output_queue,29,15,284382,284383,1
conv_output_queue,30,0,284974,284975,1
conv_output_queue,30,1,285564,285565,1
conv_output_queue,30,2,286154,286155,1
conv_output_queue,30,3,286744,286745,1
conv_output_queue,30,4,287336,287337,1
conv_output_queue,30,5,287926,287927,1
conv_output_queue,30,6,288516,288517,1
conv_output_queue,30,7,289106,289107,1
conv_output_queue,30,8,289698,289699,1
conv_output_queue,30,9,290288,290289,1
conv_output_queue,30,10,290878,290879,1
conv_output_queue,30,11,291468,291469,1
conv_output_queue,30,12,292060,292061,1
conv_output_queue,30,13,292650,292651,1
conv_output_queue,30,14,293240,293241,1
conv_output_queue,30,15,293830,293831,1
conv_output_queue,31,0,294422,294423,1
conv_output_queue,31,1,295012,295013,1
conv_output_queue,31,2,295602,295603,1
conv_output_queue,31,3,296192,296193,1
conv_output_queue,31,4,296784,296785,1
conv_output_queue,31,5,297374,297375,1
conv_output_queue,31,6,297964,297965,1
conv_output_queue,31,7,298554,298555,1
conv_output_queue,31,8,299146,299147,1
conv_output_queue,31,9,299736,299737,1
conv_output_queue,31,10,300326,300327,1
conv_output_queue,31,11,300916,300917,1
conv_output_queue,31,12,301508,301509,1
conv_output_queue,31,13,302098,302099,1
conv_output_queue,31,14,302688,302689,1
conv_output_queue,31,15,303278,303279,1
conv_output_queue,32,0,303870,303871,1
conv_output_queue,32,1,304460,304461,1
conv_output_queue,32,2,305050,305051,1
conv_output_queue,32,3,305640,305641,1
conv_output_queue,32,4,306232,306233,1
conv_output_queue,32,5,306822,306823,1
conv_output_queue,32,6,307412,307413,1
conv_output_queue,32,7,308002,308003,1
conv_output_queue,32,8,308594,308595,1
conv_output_queue,32,9,309184,309185,1
conv_output_queue,32,10,309774,309775,1
conv_output_queue,32,11,310364,310365,1
conv_output_queue,32,12,310956,310957,1
conv_output_queue,32,13,311546,311547,1
conv_output_queue,32,14,312136,312137,1
conv_output_queue,32,15,312726,312727,1
conv_output_queue,33,0,313318,313319,1
conv_output_queue,33,1,313908,313909,1
conv_output_queue,33,2,314498,314499,1
conv_output_queue,33,3,315088,315089,1
conv_output_queue,33,4,315680,315681,1
conv_output_queue,33,5,316270,316271,1
conv_output_queue,33,6,316860,316861,1
conv_output_queue,33,7,317450,317451,1
conv_output_queue,33,8,318042,318043,1
conv_output_queue,33,9,318632,318633,1
conv_output_queue,33,10,319222,319223,1
conv_output_queue,33,11,319812,319813,1
conv_output_queue,33,12,320404,320405,1
conv_output_queue,33,13,320994,320995,1
conv_output_queue,33,14,321584,321585,1
conv_output_queue,33,15,322174,322175,1
conv_output_queue,34,0,322766,322767,1
conv_output_queue,34,1,323356,323357,1
conv_output_queue,34,2,323946,323947,1
conv_output_queue,34,3,324536,324537,1
conv_output_queue,34,4,325128,325129,1
conv_output_queue,34,5,325718,325719,1
conv_output_queue,34,6,326308,326309,1
conv_output_queue,34,7,326898,326899,1
conv_output_queue,34,8,327490,327491,1
conv_output_queue,34,9,328080,328081,1
conv_output_queue,34,10,328670,328671,1
conv_output_queue,34,11,329260,329261,1
conv_output_queue,34,12,329852,329853,1
conv_output_queue,34,13,330442,330443,1
conv_output_queue,34,14,331032,331033,1
conv_output_queue,34,15,331622,331623,1
conv_output_queue,35,0,332214,332215,1
conv_output_queue,35,1,332804,332805,1
conv_output_queue,35,2,333394,333395,1
conv_output_queue,35,3,333984,333985,1
conv_output_queue,35,4,334576,334577,1
conv_output_queue,35,5,335166,335167,1
conv_output_queue,35,6,335756,335757,1
conv_output_queue,35,7,336346,336347,1
conv_output_queue,35,8,336938,336939,1
conv_output_queue,35,9,337528,337529,1
conv_output_queue,35,10,338118,338119,1
conv_output_queue,35,11,338708,338709,1
conv_output_queue,35,12,339300,339301,1
conv_output_queue,35,13,339890,339891,1
conv_output_queue,35,14,340480,340481,1
conv_output_queue,35,15,341070,341071,1
conv_output_queue,36,0,341662,341663,1
conv_output_queue,36,1,342252,342253,1
conv_output_queue,36,2,342842,342843,1
conv_output_queue,36,3,343432,343433,1
conv_output_queue,36,4,344024,344025,1
conv_output_queue,36,5,344614,344615,1
conv_output_queue,36,6,345204,345205,1
conv_output_queue,36,7,345794,345795,1
conv_output_queue,36,8,346386,346387,1
conv_output_queue,36,9,346976,346977,1
conv_output_queue,36,10,347566,347567,1
conv_output_queue,36,11,348156,348157,1
conv_output_queue,36,12,348748,348749,1
conv_output_queue,36,13,349338,349339,1
conv_output_queue,36,14,349928,349929,1
conv_output_queue,36,15,350518,350519,1
conv_output_queue,37,0,351110,351111,1
conv_output_queue,37,1,351700,351701,1
conv_output_queue,37,2,352290,352291,1
conv_output_queue,37,3,352880,352881,1
conv_output_queue,37,4,353472,353473,1
conv_output_queue,37,5,354062,354063,1
conv_output_queue,37,6,354652,354653,1
conv_output_queue,37,7,355242,355243,1
conv_output_queue,37,8,355834,355835,1
conv_output_queue,37,9,356424,356425,1
conv_output_queue,37,10,357014,357015,1
conv_output_queue,37,11,357604,357605,1
conv_output_queue,37,12,358196,358197,1
conv_output_queue,37,13,358786,358787,1
conv_output_queue,37,14,359376,359377,1
conv_output_queue,37,15,359966,359967,1
conv_output_queue,38,0,360558,360559,1
conv_output_queue,38,1,361148,361149,1
conv_output_queue,38,2,361738,361739,1
conv_output_queue,38,3,362328,362329,1
conv_output_queue,38,4,362920,362921,1
conv_output_queue,38,5,363510,363511,1
conv_output_queue,38,6,364100,364101,1
conv_output_queue,38,7,364690,364691,1
conv_output_queue,38,8,365282,365283,1
conv_output_queue,38,9,365872,365873,1
conv_output_queue,38,10,366462,366463,1
conv_output_queue,38,11,367052,367053,1
conv_output_queue,38,12,367644,367645,1
conv_output_queue,38,13,368234,368235,1
conv_output_queue,38,14,368824,368825,1
conv_output_queue,38,15,369414,369415,1
conv_output_queue,39,0,370006,370007,1
conv_output_queue,39,1,370596,370597,1
conv_output_queue,39,2,371186,371187,1
conv_output_queue,39,3,371776,371777,1
conv_output_queue,39,4,372368,372369,1
conv_output_queue,39,5,372958,372959,1
conv_output_queue,39,6,373548,373549,1
conv_output_queue,39,7,374138,374139,1
conv_output_queue,39,8,374730,374731,1
conv_output_queue,39,9,375320,375321,1
conv_output_queue,39,10,375910,375911,1
conv_output_queue,39,11,376500,376501,1
conv_output_queue,39,12,377092,377093,1
conv_output_queue,39,13,377682,377683,1
conv_output_queue,39,14,378272,378273,1
conv_output_queue,39,15,378862,378863,1
conv_output_queue,40,0,379454,379455,1
conv_output_queue,40,1,380044,380045,1
conv_output_queue,40,2,380634,380635,1
conv_output_queue,40,3,381224,381225,1
conv_output_queue,40,4,381816,381817,1
conv_output_queue,40,5,382406,382407,1
conv_output_queue,40,6,382996,382997,1
conv_output_queue,40,7,383586,383587,1
conv_output_queue,40,8,384178,384179,1
conv_output_queue,40,9,384768,384769,1
conv_output_queue,40,10,385358,385359,1
conv_output_queue,40,11,385948,385949,1
conv_output_queue,40,12,386540,386541,1
conv_output_queue,40,13,387130,387131,1
conv_output_queue,40,14,387720,387721,1
conv_output_queue,40,15,388310,388311,1
conv_output_queue,41,0,388902,388903,1
conv_output_queue,41,1,389492,389493,1
conv_output_queue,41,2,390082,390083,1
conv_output_queue,41,3,390672,390673,1
conv_output_queue,41,4,391264,391265,1
conv_output_queue,41,5,391854,391855,1
conv_output_queue,41,6,392444,392445,1
conv_output_queue,41,7,393034,393035,1
conv_output_queue,41,8,393626,393627,1
conv_output_queue,41,9,394216,394217,1
conv_output_queue,41,10,394806,394807,1
conv_output_queue,41,11,395396,395397,1
conv_output_queue,41,12,395988,395989,1
conv_output_queue,41,13,396578,396579,1
conv_output_queue,41,14,397168,397169,1
conv_output_queue,41,15,397758,397759,1
conv_output_queue,42,0,398350,398351,1
conv_output_queue,42,1,398940,398941,1
conv_output_queue,42,2,399530,399531,1
conv_output_queue,42,3,400120,400121,1
conv_output_queue,42,4,400712,400713,1
conv_output_queue,42,5,401302,401303,1
conv_output_queue,42,6,401892,401893,1
conv_output_queue,42,7,402482,402483,1
conv_output_queue,42,8,403074,403075,1
conv_output_queue,42,9,403664,403665,1
conv_output_queue,42,10,404254,404255,1
conv_output_queue,42,11,404844,404845,1
conv_output_queue,42,12,405436,405437,1
conv_output_queue,42,13,406026,406027,1
conv_output_queue,42,14,406616,406617,1
conv_output_queue,42,15,407206,407207,1
conv_output_queue,43,0,407798,407799,1
conv_output_queue,43,1,408388,408389,1
conv_output_queue,43,2,408978,408979,1
conv_output_queue,43,3,409568,409569,1
conv_output_queue,43,4,410160,410161,1
conv_output_queue,43,5,410750,410751,1
conv_output_queue,43,6,411340,411341,1
conv_output_queue,43,7,411930,411931,1
conv_output_queue,43,8,412522,412523,1
conv_output_queue,43,9,413112,413113,1
conv_output_queue,43,10,413702,413703,1
conv_output_queue,43,11,414292,414293,1
conv_output_queue,43,12,414884,414885,1
conv_output_queue,43,13,415474,415475,1
conv_output_queue,43,14,416064,416065,1
conv_output_queue,43,15,416654,416655,1
conv_output_queue,44,0,417246,417247,1
conv_output_queue,44,1,417836,417837,1
conv_output_queue,44,2,418426,418427,1
conv_output_queue,44,3,419016,419017,1
conv_output_queue,44,4,419608,419609,1
conv_output_queue,44,5,420198,420199,1
conv_output_queue,44,6,420788,420789,1
conv_output_queue,44,7,421378,421379,1
conv_output_queue,44,8,421970,421971,1
conv_output_queue,44,9,422560,422561,1
conv_output_queue,44,10,423150,423151,1
conv_output_queue,44,11,423740,423741,1
conv_output_queue,44,12,424332,424333,1
conv_output_queue,44,13,424922,424923,1
conv_output_queue,44,14,425512,425513,1
conv_output_queue,44,15,426102,426103,1
conv_output_queue,45,0,426694,426695,1
conv_output_queue,45,1,427284,427285,1
conv_output_queue,45,2,427874,427875,1
conv_output_queue,45,3,428464,428465,1
conv_output_queue,45,4,429056,429057,1
conv_output_queue,45,5,429646,429647,1
conv_output_queue,45,6,430236,430237,1
conv_output_queue,45,7,430826,430827,1
conv_output_queue,45,8,431418,431419,1
conv_output_queue,45,9,432008,432009,1
conv_output_queue,45,10,432598,432599,1
conv_output_queue,45,11,433188,433189,1
conv_output_queue,45,12,433780,433781,1
conv_output_queue,45,13,434370,434371,1
conv_output_queue,45,14,434960,434961,1
conv_output_queue,45,15,435550,435551,1
conv_output_queue,46,0,436142,436143,1
conv_output_queue,46,1,436732,436733,1
conv_output_queue,46,2,437322,437323,1
conv_output_queue,46,3,437912,437913,1
conv_output_queue,46,4,438504,438505,1
conv_output_queue,46,5,439094,439095,1
conv_output_queue,46,6,439684,439685,1
conv_output_queue,46,7,440274,440275,1
conv_output_queue,46,8,440866,440867,1
conv_output_queue,46,9,441456,441457,1
conv_output_queue,46,10,442046,442047,1
conv_output_queue,46,11,442636,442637,1
conv_output_queue,46,12,443228,443229,1
conv_output_queue,46,13,443818,443819,1
conv_output_queue,46,14,444408,444409,1
conv_output_queue,46,15,444998,444999,1
conv_output_queue,47,0,445590,445591,1
conv_output_queue,47,1,446180,446181,1
conv_output_queue,47,2,446770,446771,1
conv_output_queue,47,3,447360,447361,1
conv_output_queue,47,4,447952,447953,1
conv_output_queue,47,5,448542,448543,1
conv_output_queue,47,6,449132,449133,1
conv_output_queue,47,7,449722,449723,1
conv_output_queue,47,8,450314,450315,1
conv_output_queue,47,9,450904,450905,1
conv_output_queue,47,10,451494,451495,1
conv_output_queue,47,11,452084,452085,1
conv_output_queue,47,12,452676,452677,1
conv_output_queue,47,13,453266,453267,1
conv_output_queue,47,14,453856,453857,1
conv_output_queue,47,15,454446,454447,1
conv_output_queue,48,0,455038,455039,1
conv_output_queue,48,1,455628,455629,1
conv_output_queue,48,2,456218,456219,1
conv_output_queue,48,3,456808,456809,1
conv_output_queue,48,4,457400,457401,1
conv_output_queue,48,5,457990,457991,1
conv_output_queue,48,6,458580,458581,1
conv_output_queue,48,7,459170,459171,1
conv_output_queue,48,8,459762,459763,1
conv_output_queue,48,9,460352,460353,1
conv_output_queue,48,10,460942,460943,1
conv_output_queue,48,11,461532,461533,1
conv_output_queue,48,12,462124,462125,1
conv_output_queue,48,13,462714,462715,1
conv_output_queue,48,14,463304,463305,1
conv_output_queue,48,15,463894,463895,1
conv_output_queue,49,0,464486,464487,1
conv_output_queue,49,1,465076,465077,1
conv_output_queue,49,2,465666,465667,1
conv_output_queue,49,3,466256,466257,1
conv_output_queue,49,4,466848,466849,1
conv_output_queue,49,5,467438,467439,1
conv_output_queue,49,6,468028,468029,1
conv_output_queue,49,7,468618,468619,1
conv_output_queue,49,8,469210,469211,1
conv_output_queue,49,9,469800,469801,1
conv_output_queue,49,10,470390,470391,1
conv_output_queue,49,11,470980,470981,1
conv_output_queue,49,12,471572,471573,1
conv_output_queue,49,13,472162,472163,1
conv_output_queue,49,14,472752,472753,1
conv_output_queue,49,15,473342,473343,1
conv_output_queue,50,0,473934,473935,1
conv_output_queue,50,1,474524,474525,1
conv_output_queue,50,2,475114,475115,1
conv_output_queue,50,3,475704,475705,1
conv_output_queue,50,4,476296,476297,1
conv_output_queue,50,5,476886,476887,1
conv_output_queue,50,6,477476,477477,1
conv_output_queue,50,7,478066,478067,1
conv_output_queue,50,8,478658,478659,1
conv_output_queue,50,9,479248,479249,1
conv_output_queue,50,10,479838,479839,1
conv_output_queue,50,11,480428,480429,1
conv_output_queue,50,12,481020,481021,1
conv_output_queue,50,13,481610,481611,1
conv_output_queue,50,14,482200,482201,1
conv_output_queue,50,15,482790,482791,1
conv_output_queue,51,0,483382,483383,1
conv_output_queue,51,1,483972,483973,1
conv_output_queue,51,2,484562,484563,1
conv_output_queue,51,3,485152,485153,1
conv_output_queue,51,4,485744,485745,1
conv_output_queue,51,5,486334,486335,1
conv_output_queue,51,6,486924,486925,1
conv_output_queue,51,7,487514,487515,1
conv_output_queue,51,8,488106,488107,1
conv_output_queue,51,9,488696,488697,1
conv_output_queue,51,10,489286,489287,1
conv_output_queue,51,11,489876,489877,1
conv_output_queue,51,12,490468,490469,1
conv_output_queue,51,13,491058,491059,1
conv_output_queue,51,14,491648,491649,1
conv_output_queue,51,15,492238,492239,1
conv_output_queue,52,0,492830,492831,1
conv_output_queue,52,1,493420,493421,1
conv_output_queue,52,2,494010,494011,1
conv_output_queue,52,3,494600,494601,1
conv_output_queue,52,4,495192,495193,1
conv_output_queue,52,5,495782,495783,1
conv_output_queue,52,6,496372,496373,1
conv_output_queue,52,7,496962,496963,1
conv_output_queue,52,8,497554,497555,1
conv_output_queue,52,9,498144,498145,1
conv_output_queue,52,10,498734,498735,1
conv_output_queue,52,11,499324,499325,1
conv_output_queue,52,12,499916,499917,1
conv_output_queue,52,13,500506,500507,1
conv_output_queue,52,14,501096,501097,1
conv_output_queue,52,15,501686,501687,1
conv_output_queue,53,0,502278,502279,1
conv_output_queue,53,1,502868,502869,1
conv_output_queue,53,2,503458,503459,1
conv_output_queue,53,3,504048,504049,1
conv_output_queue,53,4,504640,504641,1
conv_output_queue,53,5,505230,505231,1
conv_output_queue,53,6,505820,505821,1
conv_output_queue,53,7,506410,506411,1
conv_output_queue,53,8,507002,507003,1
conv_output_queue,53,9,507592,507593,1
conv_output_queue,53,10,508182,508183,1
conv_output_queue,53,11,508772,508773,1
conv_output_queue,53,12,509364,509365,1
conv_output_queue,53,13,509954,509955,1
conv_output_queue,53,14,510544,510545,1
conv_output_queue,53,15,511134,511135,1
conv_output_queue,54,0,511726,511727,1
conv_output_queue,54,1,512316,512317,1
conv_output_queue,54,2,512906,512907,1
conv_output_queue,54,3,513496,513497,1
conv_output_queue,54,4,514088,514089,1
conv_output_queue,54,5,514678,514679,1
conv_output_queue,54,6,515268,515269,1
conv_output_queue,54,7,515858,515859,1
conv_output_queue,54,8,516450,516451,1
conv_output_queue,54,9,517040,517041,1
conv_output_queue,54,10,517630,517631,1
conv_output_queue,54,11,518220,518221,1
conv_output_queue,54,12,518812,518813,1
conv_output_queue,54,13,519402,519403,1
conv_output_queue,54,14,519992,519993,1
conv_output_queue,54,15,520582,520583,1
conv_output_queue,55,0,521174,521175,1
conv_output_queue,55,1,521764,521765,1
conv_output_queue,55,2,522354,522355,1
conv_output_queue,55,3,522944,522945,1
conv_output_queue,55,4,523536,523537,1
conv_output_queue,55,5,524126,524127,1
conv_output_queue,55,6,524716,524717,1
conv_output_queue,55,7,525306,525307,1
conv_output_queue,55,8,525898,525899,1
conv_output_queue,55,9,526488,526489,1
conv_output_queue,55,10,527078,527079,1
conv_output_queue,55,11,527668,527669,1
conv_output_queue,55,12,528260,528261,1
conv_output_queue,55,13,528850,528851,1
conv_output_queue,55,14,529440,529441,1
conv_output_queue,55,15,530030,530031,1
conv_output_queue,56,0,530622,530623,1
conv_output_queue,56,1,531212,531213,1
conv_output_queue,56,2,531802,531803,1
conv_output_queue,56,3,532392,532393,1
conv_output_queue,56,4,532984,532985,1
conv_output_queue,56,5,533574,533575,1
conv_output_queue,56,6,534164,534165,1
conv_output_queue,56,7,534754,534755,1
conv_output_queue,56,8,535346,535347,1
conv_output_queue,56,9,535936,535937,1
conv_output_queue,56,10,536526,536527,1
conv_output_queue,56,11,537116,537117,1
conv_output_queue,56,12,537708,537709,1
conv_output_queue,56,13,538298,538299,1
conv_output_queue,56,14,538888,538889,1
conv_output_queue,56,15,539478,539479,1
conv_output_queue,57,0,540070,540071,1
conv_output_queue,57,1,540660,540661,1
conv_output_queue,57,2,541250,541251,1
conv_output_queue,57,3,541840,541841,1
conv_output_queue,57,4,542432,542433,1
conv_output_queue,57,5,543022,543023,1
conv_output_queue,57,6,543612,543613,1
conv_output_queue,57,7,544202,544203,1
conv_output_queue,57,8,544794,544795,1
conv_output_queue,57,9,545384,545385,1
conv_output_queue,57,10,545974,545975,1
conv_output_queue,57,11,546564,546565,1
conv_output_queue,57,12,547156,547157,1
conv_output_queue,57,13,547746,547747,1
conv_output_queue,57,14,548336,548337,1
conv_output_queue,57,15,548926,548927,1
conv_output_queue,58,0,549518,549519,1
conv_output_queue,58,1,550108,550109,1
conv_output_queue,58,2,550698,550699,1
conv_output_queue,58,3,551288,551289,1
conv_output_queue,58,4,551880,551881,1
conv_output_queue,58,5,552470,552471,1
conv_output_queue,58,6,553060,553061,1
conv_output_queue,58,7,553650,553651,1
conv_output_queue,58,8,554242,554243,1
conv_output_queue,58,9,554832,554833,1
conv_output_queue,58,10,555422,555423,1
conv_output_queue,58,11,556012,556013,1
conv_output_queue,58,12,556604,556605,1
conv_output_queue,58,13,557194,557195,1
conv_output_queue,58,14,557784,557785,1
conv_output_queue,58,15,558374,558375,1
conv_output_queue,59,0,558966,558967,1
conv_output_queue,59,1,559556,559557,1
conv_output_queue,59,2,560146,560147,1
conv_output_queue,59,3,560736,560737,1
conv_output_queue,59,4,561328,561329,1
conv_output_queue,59,5,561918,561919,1
conv_output_queue,59,6,562508,562509,1
conv_output_queue,59,7,563098,563099,1
conv_output_queue,59,8,563690,563691,1
conv_output_queue,59,9,564280,564281,1
conv_output_queue,59,10,564870,564871,1
conv_output_queue,59,11,565460,565461,1
conv_output_queue,59,12,566052,566053,1
conv_output_queue,59,13,566642,566643,1
conv_output_queue,59,14,567232,567233,1
conv_output_queue,59,15,567822,567823,1
conv_output_queue,60,0,568414,568415,1
conv_output_queue,60,1,569004,569005,1
conv_output_queue,60,2,569594,569595,1
conv_output_queue,60,3,570184,570185,1
conv_output_queue,60,4,570776,570777,1
conv_output_queue,60,5,571366,571367,1
conv_output_queue,60,6,571956,571957,1
conv_output_queue,60,7,572546,572547,1
conv_output_queue,60,8,573138,573139,1
conv_output_queue,60,9,573728,573729,1
conv_output_queue,60,10,574318,574319,1
conv_output_queue,60,11,574908,574909,1
conv_output_queue,60,12,575500,575501,1
conv_output_queue,60,13,576090,576091,1
conv_output_queue,60,14,576680,576681,1
conv_output_queue,60,15,577270,577271,1
conv_output_queue,61,0,577862,577863,1
conv_output_queue,61,1,578452,578453,1
conv_output_queue,61,2,579042,579043,1
conv_output_queue,61,3,579632,579633,1
conv_output_queue,61,4,580224,580225,1
conv_output_queue,61,5,580814,580815,1
conv_output_queue,61,6,581404,581405,1
conv_output_queue,61,7,581994,581995,1
conv_output_queue,61,8,582586,582587,1
conv_output_queue,61,9,583176,583177,1
conv_output_queue,61,10,583766,583767,1
conv_output_queue,61,11,584356,584357,1
conv_output_queue,61,12,584948,584949,1
conv_output_queue,61,13,585538,585539,1
conv_output_queue,61,14,586128,586129,1
conv_output_queue,61,15,586718,586719,1
conv_output_queue,62,0,587310,587311,1
conv_output_queue,62,1,587900,587901,1
conv_output_queue,62,2,588490,588491,1
conv_output_queue,62,3,589080,589081,1
conv_output_queue,62,4,589672,589673,1
conv_output_queue,62,5,590262,590263,1
conv_output_queue,62,6,590852,590853,1
conv_output_queue,62,7,591442,591443,1
conv_output_queue,62,8,592034,592035,1
conv_output_queue,62,9,592624,592625,1
conv_output_queue,62,10,593214,593215,1
conv_output_queue,62,11,593804,593805,1
conv_output_queue,62,12,594396,594397,1
conv_output_queue,62,13,594986,594987,1
conv_output_queue,62,14,595576,595577,1
conv_output_queue,62,15,596166,596167,1
conv_output_queue,63,0,596758,596759,1
conv_output_queue,63,1,597348,597349,1
conv_output_queue,63,2,597938,597939,1
conv_output_queue,63,3,598528,598529,1
conv_output_queue,63,4,599120,599121,1
conv_output_queue,63,5,599710,599711,1
conv_output_queue,63,6,600300,600301,1
conv_output_queue,63,7,600890,600891,1
conv_output_queue,63,8,601482,601483,1
conv_output_queue,63,9,602072,602073,1
conv_output_queue,63,10,602662,602663,1
conv_output_queue,63,11,603252,603253,1
conv_output_queue,63,12,603844,603845,1
conv_output_queue,63,13,604434,604435,1
conv_output_queue,63,14,605024,605025,1
conv_output_queue,63,15,605614,605615,1
state_projection,0,0,1535,1987,452
state_projection,0,1,2125,2577,452
state_projection,0,2,2715,3167,452
state_projection,0,3,3305,3757,452
state_projection,0,4,3897,4349,452
state_projection,0,5,4487,4939,452
state_projection,0,6,5077,5529,452
state_projection,0,7,5667,6119,452
state_projection,0,8,6259,6711,452
state_projection,0,9,6849,7301,452
state_projection,0,10,7439,7891,452
state_projection,0,11,8029,8481,452
state_projection,0,12,8621,9073,452
state_projection,0,13,9211,9663,452
state_projection,0,14,9801,10253,452
state_projection,0,15,10391,10843,452
state_projection,1,0,10983,11435,452
state_projection,1,1,11573,12025,452
state_projection,1,2,12163,12615,452
state_projection,1,3,12753,13205,452
state_projection,1,4,13345,13797,452
state_projection,1,5,13935,14387,452
state_projection,1,6,14525,14977,452
state_projection,1,7,15115,15567,452
state_projection,1,8,15707,16159,452
state_projection,1,9,16297,16749,452
state_projection,1,10,16887,17339,452
state_projection,1,11,17477,17929,452
state_projection,1,12,18069,18521,452
state_projection,1,13,18659,19111,452
state_projection,1,14,19249,19701,452
state_projection,1,15,19839,20291,452
state_projection,2,0,20431,20883,452
state_projection,2,1,21021,21473,452
state_projection,2,2,21611,22063,452
state_projection,2,3,22201,22653,452
state_projection,2,4,22793,23245,452
state_projection,2,5,23383,23835,452
state_projection,2,6,23973,24425,452
state_projection,2,7,24563,25015,452
state_projection,2,8,25155,25607,452
state_projection,2,9,25745,26197,452
state_projection,2,10,26335,26787,452
state_projection,2,11,26925,27377,452
state_projection,2,12,27517,27969,452
state_projection,2,13,28107,28559,452
state_projection,2,14,28697,29149,452
state_projection,2,15,29287,29739,452
state_projection,3,0,29879,30331,452
state_projection,3,1,30469,30921,452
state_projection,3,2,31059,31511,452
state_projection,3,3,31649,32101,452
state_projection,3,4,32241,32693,452
state_projection,3,5,32831,33283,452
state_projection,3,6,33421,33873,452
state_projection,3,7,34011,34463,452
state_projection,3,8,34603,35055,452
state_projection,3,9,35193,35645,452
state_projection,3,10,35783,36235,452
state_projection,3,11,36373,36825,452
state_projection,3,12,36965,37417,452
state_projection,3,13,37555,38007,452
state_projection,3,14,38145,38597,452
state_projection,3,15,38735,39187,452
state_projection,4,0,39327,39779,452
state_projection,4,1,39917,40369,452
state_projection,4,2,40507,40959,452
state_projection,4,3,41097,41549,452
state_projection,4,4,41689,42141,452
state_projection,4,5,42279,42731,452
state_projection,4,6,42869,43321,452
state_projection,4,7,43459,43911,452
state_projection,4,8,44051,44503,452
state_projection,4,9,44641,45093,452
state_projection,4,10,45231,45683,452
state_projection,4,11,45821,46273,452
state_projection,4,12,46413,46865,452
state_projection,4,13,47003,47455,452
state_projection,4,14,47593,48045,452
state_projection,4,15,48183,48635,452
state_projection,5,0,48775,49227,452
state_projection,5,1,49365,49817,452
state_projection,5,2,49955,50407,452
state_projection,5,3,50545,50997,452
state_projection,5,4,51137,51589,452
state_projection,5,5,51727,52179,452
state_projection,5,6,52317,52769,452
state_projection,5,7,52907,53359,452
state_projection,5,8,53499,53951,452
state_projection,5,9,54089,54541,452
state_projection,5,10,54679,55131,452
state_projection,5,11,55269,55721,452
state_projection,5,12,55861,56313,452
state_projection,5,13,56451,56903,452
state_projection,5,14,57041,57493,452
state_projection,5,15,57631,58083,452
state_projection,6,0,58223,58675,452
state_projection,6,1,58813,59265,452
state_projection,6,2,59403,59855,452
state_projection,6,3,59993,60445,452
state_projection,6,4,60585,61037,452
state_projection,6,5,61175,61627,452
state_projection,6,6,61765,62217,452
state_projection,6,7,62355,62807,452
state_projection,6,8,62947,63399,452
state_projection,6,9,63537,63989,452
state_projection,6,10,64127,64579,452
state_projection,6,11,64717,65169,452
state_projection,6,12,65309,65761,452
state_projection,6,13,65899,66351,452
state_projection,6,14,66489,66941,452
state_projection,6,15,67079,67531,452
state_projection,7,0,67671,68123,452
state_projection,7,1,68261,68713,452
state_projection,7,2,68851,69303,452
state_projection,7,3,69441,69893,452
state_projection,7,4,70033,70485,452
state_projection,7,5,70623,71075,452
state_projection,7,6,71213,71665,452
state_projection,7,7,71803,72255,452
state_projection,7,8,72395,72847,452
state_projection,7,9,72985,73437,452
state_projection,7,10,73575,74027,452
state_projection,7,11,74165,74617,452
state_projection,7,12,74757,75209,452
state_projection,7,13,75347,75799,452
state_projection,7,14,75937,76389,452
state_projection,7,15,76527,76979,452
state_projection,8,0,77119,77571,452
state_projection,8,1,77709,78161,452
state_projection,8,2,78299,78751,452
state_projection,8,3,78889,79341,452
state_projection,8,4,79481,79933,452
state_projection,8,5,80071,80523,452
state_projection,8,6,80661,81113,452
state_projection,8,7,81251,81703,452
state_projection,8,8,81843,82295,452
state_projection,8,9,82433,82885,452
state_projection,8,10,83023,83475,452
state_projection,8,11,83613,84065,452
state_projection,8,12,84205,84657,452
state_projection,8,13,84795,85247,452
state_projection,8,14,85385,85837,452
state_projection,8,15,85975,86427,452
state_projection,9,0,86567,87019,452
state_projection,9,1,87157,87609,452
state_projection,9,2,87747,88199,452
state_projection,9,3,88337,88789,452
state_projection,9,4,88929,89381,452
state_projection,9,5,89519,89971,452
state_projection,9,6,90109,90561,452
state_projection,9,7,90699,91151,452
state_projection,9,8,91291,91743,452
state_projection,9,9,91881,92333,452
state_projection,9,10,92471,92923,452
state_projection,9,11,93061,93513,452
state_projection,9,12,93653,94105,452
state_projection,9,13,94243,94695,452
state_projection,9,14,94833,95285,452
state_projection,9,15,95423,95875,452
state_projection,10,0,96015,96467,452
state_projection,10,1,96605,97057,452
state_projection,10,2,97195,97647,452
state_projection,10,3,97785,98237,452
state_projection,10,4,98377,98829,452
state_projection,10,5,98967,99419,452
state_projection,10,6,99557,100009,452
state_projection,10,7,100147,100599,452
state_projection,10,8,100739,101191,452
state_projection,10,9,101329,101781,452
state_projection,10,10,101919,102371,452
state_projection,10,11,102509,102961,452
state_projection,10,12,103101,103553,452
state_projection,10,13,103691,104143,452
state_projection,10,14,104281,104733,452
state_projection,10,15,104871,105323,452
state_projection,11,0,105463,105915,452
state_projection,11,1,106053,106505,452
state_projection,11,2,106643,107095,452
state_projection,11,3,107233,107685,452
state_projection,11,4,107825,108277,452
state_projection,11,5,108415,108867,452
state_projection,11,6,109005,109457,452
state_projection,11,7,109595,110047,452
state_projection,11,8,110187,110639,452
state_projection,11,9,110777,111229,452
state_projection,11,10,111367,111819,452
state_projection,11,11,111957,112409,452
state_projection,11,12,112549,113001,452
state_projection,11,13,113139,113591,452
state_projection,11,14,113729,114181,452
state_projection,11,15,114319,114771,452
state_projection,12,0,114911,115363,452
state_projection,12,1,115501,115953,452
state_projection,12,2,116091,116543,452
state_projection,12,3,116681,117133,452
state_projection,12,4,117273,117725,452
state_projection,12,5,117863,118315,452
state_projection,12,6,118453,118905,452
state_projection,12,7,119043,119495,452
state_projection,12,8,119635,120087,452
state_projection,12,9,120225,120677,452
state_projection,12,10,120815,121267,452
state_projection,12,11,121405,121857,452
state_projection,12,12,121997,122449,452
state_projection,12,13,122587,123039,452
state_projection,12,14,123177,123629,452
state_projection,12,15,123767,124219,452
state_projection,13,0,124359,124811,452
state_projection,13,1,124949,125401,452
state_projection,13,2,125539,125991,452
state_projection,13,3,126129,126581,452
state_projection,13,4,126721,127173,452
state_projection,13,5,127311,127763,452
state_projection,13,6,127901,128353,452
state_projection,13,7,128491,128943,452
state_projection,13,8,129083,129535,452
state_projection,13,9,129673,130125,452
state_projection,13,10,130263,130715,452
state_projection,13,11,130853,131305,452
state_projection,13,12,131445,131897,452
state_projection,13,13,132035,132487,452
state_projection,13,14,132625,133077,452
state_projection,13,15,133215,133667,452
state_projection,14,0,133807,134259,452
state_projection,14,1,134397,134849,452
state_projection,14,2,134987,135439,452
state_projection,14,3,135577,136029,452
state_projection,14,4,136169,136621,452
state_projection,14,5,136759,137211,452
state_projection,14,6,137349,137801,452
state_projection,14,7,137939,138391,452
state_projection,14,8,138531,138983,452
state_projection,14,9,139121,139573,452
state_projection,14,10,139711,140163,452
state_projection,14,11,140301,140753,452
state_projection,14,12,140893,141345,452
state_projection,14,13,141483,141935,452
state_projection,14,14,142073,142525,452
state_projection,14,15,142663,143115,452
state_projection,15,0,143255,143707,452
state_projection,15,1,143845,144297,452
state_projection,15,2,144435,144887,452
state_projection,15,3,145025,145477,452
state_projection,15,4,145617,146069,452
state_projection,15,5,146207,146659,452
state_projection,15,6,146797,147249,452
state_projection,15,7,147387,147839,452
state_projection,15,8,147979,148431,452
state_projection,15,9,148569,149021,452
state_projection,15,10,149159,149611,452
state_projection,15,11,149749,150201,452
state_projection,15,12,150341,150793,452
state_projection,15,13,150931,151383,452
state_projection,15,14,151521,151973,452
state_projection,15,15,152111,152563,452
state_projection,16,0,152703,153155,452
state_projection,16,1,153293,153745,452
state_projection,16,2,153883,154335,452
state_projection,16,3,154473,154925,452
state_projection,16,4,155065,155517,452
state_projection,16,5,155655,156107,452
state_projection,16,6,156245,156697,452
state_projection,16,7,156835,157287,452
state_projection,16,8,157427,157879,452
state_projection,16,9,158017,158469,452
state_projection,16,10,158607,159059,452
state_projection,16,11,159197,159649,452
state_projection,16,12,159789,160241,452
state_projection,16,13,160379,160831,452
state_projection,16,14,160969,161421,452
state_projection,16,15,161559,162011,452
state_projection,17,0,162151,162603,452
state_projection,17,1,162741,163193,452
state_projection,17,2,163331,163783,452
state_projection,17,3,163921,164373,452
state_projection,17,4,164513,164965,452
state_projection,17,5,165103,165555,452
state_projection,17,6,165693,166145,452
state_projection,17,7,166283,166735,452
state_projection,17,8,166875,167327,452
state_projection,17,9,167465,167917,452
state_projection,17,10,168055,168507,452
state_projection,17,11,168645,169097,452
state_projection,17,12,169237,169689,452
state_projection,17,13,169827,170279,452
state_projection,17,14,170417,170869,452
state_projection,17,15,171007,171459,452
state_projection,18,0,171599,172051,452
state_projection,18,1,172189,172641,452
state_projection,18,2,172779,173231,452
state_projection,18,3,173369,173821,452
state_projection,18,4,173961,174413,452
state_projection,18,5,174551,175003,452
state_projection,18,6,175141,175593,452
state_projection,18,7,175731,176183,452
state_projection,18,8,176323,176775,452
state_projection,18,9,176913,177365,452
state_projection,18,10,177503,177955,452
state_projection,18,11,178093,178545,452
state_projection,18,12,178685,179137,452
state_projection,18,13,179275,179727,452
state_projection,18,14,179865,180317,452
state_projection,18,15,180455,180907,452
state_projection,19,0,181047,181499,452
state_projection,19,1,181637,182089,452
state_projection,19,2,182227,182679,452
state_projection,19,3,182817,183269,452
state_projection,19,4,183409,183861,452
state_projection,19,5,183999,184451,452
state_projection,19,6,184589,185041,452
state_projection,19,7,185179,185631,452
state_projection,19,8,185771,186223,452
state_projection,19,9,186361,186813,452
state_projection,19,10,186951,187403,452
state_projection,19,11,187541,187993,452
state_projection,19,12,188133,188585,452
state_projection,19,13,188723,189175,452
state_projection,19,14,189313,189765,452
state_projection,19,15,189903,190355,452
state_projection,20,0,190495,190947,452
state_projection,20,1,191085,191537,452
state_projection,20,2,191675,192127,452
state_projection,20,3,192265,192717,452
state_projection,20,4,192857,193309,452
state_projection,20,5,193447,193899,452
state_projection,20,6,194037,194489,452
state_projection,20,7,194627,195079,452
state_projection,20,8,195219,195671,452
state_projection,20,9,195809,196261,452
state_projection,20,10,196399,196851,452
state_projection,20,11,196989,197441,452
state_projection,20,12,197581,198033,452
state_projection,20,13,198171,198623,452
state_projection,20,14,198761,199213,452
state_projection,20,15,199351,199803,452
state_projection,21,0,199943,200395,452
state_projection,21,1,200533,200985,452
state_projection,21,2,201123,201575,452
state_projection,21,3,201713,202165,452
state_projection,21,4,202305,202757,452
state_projection,21,5,202895,203347,452
state_projection,21,6,203485,203937,452
state_projection,21,7,204075,204527,452
state_projection,21,8,204667,205119,452
state_projection,21,9,205257,205709,452
state_projection,21,10,205847,206299,452
state_projection,21,11,206437,206889,452
state_projection,21,12,207029,207481,452
state_projection,21,13,207619,208071,452
state_projection,21,14,208209,208661,452
state_projection,21,15,208799,209251,452
state_projection,22,0,209391,209843,452
state_projection,22,1,209981,210433,452
state_projection,22,2,210571,211023,452
state_projection,22,3,211161,211613,452
state_projection,22,4,211753,212205,452
state_projection,22,5,212343,212795,452
state_projection,22,6,212933,213385,452
state_projection,22,7,213523,213975,452
state_projection,22,8,214115,214567,452
state_projection,22,9,214705,215157,452
state_projection,22,10,215295,215747,452
state_projection,22,11,215885,216337,452
state_projection,22,12,216477,216929,452
state_projection,22,13,217067,217519,452
state_projection,22,14,217657,218109,452
state_projection,22,15,218247,218699,452
state_projection,23,0,218839,219291,452
state_projection,23,1,219429,219881,452
state_projection,23,2,220019,220471,452
state_projection,23,3,220609,221061,452
state_projection,23,4,221201,221653,452
state_projection,23,5,221791,222243,452
state_projection,23,6,222381,222833,452
state_projection,23,7,222971,223423,452
state_projection,23,8,223563,224015,452
state_projection,23,9,224153,224605,452
state_projection,23,10,224743,225195,452
state_projection,23,11,225333,225785,452
state_projection,23,12,225925,226377,452
state_projection,23,13,226515,226967,452
state_projection,23,14,227105,227557,452
state_projection,23,15,227695,228147,452
state_projection,24,0,228287,228739,452
state_projection,24,1,228877,229329,452
state_projection,24,2,229467,229919,452
state_projection,24,3,230057,230509,452
state_projection,24,4,230649,231101,452
state_projection,24,5,231239,231691,452
state_projection,24,6,231829,232281,452
state_projection,24,7,232419,232871,452
state_projection,24,8,233011,233463,452
state_projection,24,9,233601,234053,452
state_projection,24,10,234191,234643,452
state_projection,24,11,234781,235233,452
state_projection,24,12,235373,235825,452
state_projection,24,13,235963,236415,452
state_projection,24,14,236553,237005,452
state_projection,24,15,237143,237595,452
state_projection,25,0,237735,238187,452
state_projection,25,1,238325,238777,452
state_projection,25,2,238915,239367,452
state_projection,25,3,239505,239957,452
state_projection,25,4,240097,240549,452
state_projection,25,5,240687,241139,452
state_projection,25,6,241277,241729,452
state_projection,25,7,241867,242319,452
state_projection,25,8,242459,242911,452
state_projection,25,9,243049,243501,452
state_projection,25,10,243639,244091,452
state_projection,25,11,244229,244681,452
state_projection,25,12,244821,245273,452
state_projection,25,13,245411,245863,452
state_projection,25,14,246001,246453,452
state_projection,25,15,246591,247043,452
state_projection,26,0,247183,247635,452
state_projection,26,1,247773,248225,452
state_projection,26,2,248363,248815,452
state_projection,26,3,248953,249405,452
state_projection,26,4,249545,249997,452
state_projection,26,5,250135,250587,452
state_projection,26,6,250725,251177,452
state_projection,26,7,251315,251767,452
state_projection,26,8,251907,252359,452
state_projection,26,9,252497,252949,452
state_projection,26,10,253087,253539,452
state_projection,26,11,253677,254129,452
state_projection,26,12,254269,254721,452
state_projection,26,13,254859,255311,452
state_projection,26,14,255449,255901,452
state_projection,26,15,256039,256491,452
state_projection,27,0,256631,257083,452
state_projection,27,1,257221,257673,452
state_projection,27,2,257811,258263,452
state_projection,27,3,258401,258853,452
state_projection,27,4,258993,259445,452
state_projection,27,5,259583,260035,452
state_projection,27,6,260173,260625,452
state_projection,27,7,260763,261215,452
state_projection,27,8,261355,261807,452
state_projection,27,9,261945,262397,452
state_projection,27,10,262535,262987,452
state_projection,27,11,263125,263577,452
state_projection,27,12,263717,264169,452
state_projection,27,13,264307,264759,452
state_projection,27,14,264897,265349,452
state_projection,27,15,265487,265939,452
state_projection,28,0,266079,266531,452
state_projection,28,1,266669,267121,452
state_projection,28,2,267259,267711,452
state_projection,28,3,267849,268301,452
state_projection,28,4,268441,268893,452
state_projection,28,5,269031,269483,452
state_projection,28,6,269621,270073,452
state_projection,28,7,270211,270663,452
state_projection,28,8,270803,271255,452
state_projection,28,9,271393,271845,452
state_projection,28,10,271983,272435,452
state_projection,28,11,272573,273025,452
state_projection,28,12,273165,273617,452
state_projection,28,13,273755,274207,452
state_projection,28,14,274345,274797,452
state_projection,28,15,274935,275387,452
state_projection,29,0,275527,275979,452
state_projection,29,1,276117,276569,452
state_projection,29,2,276707,277159,452
state_projection,29,3,277297,277749,452
state_projection,29,4,277889,278341,452
state_projection,29,5,278479,278931,452
state_projection,29,6,279069,279521,452
state_projection,29,7,279659,280111,452
state_projection,29,8,280251,280703,452
state_projection,29,9,280841,281293,452
state_projection,29,10,281431,281883,452
state_projection,29,11,282021,282473,452
state_projection,29,12,282613,283065,452
state_projection,29,13,283203,283655,452
state_projection,29,14,283793,284245,452
state_projection,29,15,284383,284835,452
state_projection,30,0,284975,285427,452
state_projection,30,1,285565,286017,452
state_projection,30,2,286155,286607,452
state_projection,30,3,286745,287197,452
state_projection,30,4,287337,287789,452
state_projection,30,5,287927,288379,452
state_projection,30,6,288517,288969,452
state_projection,30,7,289107,289559,452
state_projection,30,8,289699,290151,452
state_projection,30,9,290289,290741,452
state_projection,30,10,290879,291331,452
state_projection,30,11,291469,291921,452
state_projection,30,12,292061,292513,452
state_projection,30,13,292651,293103,452
state_projection,30,14,293241,293693,452
state_projection,30,15,293831,294283,452
state_projection,31,0,294423,294875,452
state_projection,31,1,295013,295465,452
state_projection,31,2,295603,296055,452
state_projection,31,3,296193,296645,452
state_projection,31,4,296785,297237,452
state_projection,31,5,297375,297827,452
state_projection,31,6,297965,298417,452
state_projection,31,7,298555,299007,452
state_projection,31,8,299147,299599,452
state_projection,31,9,299737,300189,452
state_projection,31,10,300327,300779,452
state_projection,31,11,300917,301369,452
state_projection,31,12,301509,301961,452
state_projection,31,13,302099,302551,452
state_projection,31,14,302689,303141,452
state_projection,31,15,303279,303731,452
state_projection,32,0,303871,304323,452
state_projection,32,1,304461,304913,452
state_projection,32,2,305051,305503,452
state_projection,32,3,305641,306093,452
state_projection,32,4,306233,306685,452
state_projection,32,5,306823,307275,452
state_projection,32,6,307413,307865,452
state_projection,32,7,308003,308455,452
state_projection,32,8,308595,309047,452
state_projection,32,9,309185,309637,452
state_projection,32,10,309775,310227,452
state_projection,32,11,310365,310817,452
state_projection,32,12,310957,311409,452
state_projection,32,13,311547,311999,452
state_projection,32,14,312137,312589,452
state_projection,32,15,312727,313179,452
state_projection,33,0,313319,313771,452
state_projection,33,1,313909,314361,452
state_projection,33,2,314499,314951,452
state_projection,33,3,315089,315541,452
state_projection,33,4,315681,316133,452
state_projection,33,5,316271,316723,452
state_projection,33,6,316861,317313,452
state_projection,33,7,317451,317903,452
state_projection,33,8,318043,318495,452
state_projection,33,9,318633,319085,452
state_projection,33,10,319223,319675,452
state_projection,33,11,319813,320265,452
state_projection,33,12,320405,320857,452
state_projection,33,13,320995,321447,452
state_projection,33,14,321585,322037,452
state_projection,33,15,322175,322627,452
state_projection,34,0,322767,323219,452
state_projection,34,1,323357,323809,452
state_projection,34,2,323947,324399,452
state_projection,34,3,324537,324989,452
state_projection,34,4,325129,325581,452
state_projection,34,5,325719,326171,452
state_projection,34,6,326309,326761,452
state_projection,34,7,326899,327351,452
state_projection,34,8,327491,327943,452
state_projection,34,9,328081,328533,452
state_projection,34,10,328671,329123,452
state_projection,34,11,329261,329713,452
state_projection,34,12,329853,330305,452
state_projection,34,13,330443,330895,452
state_projection,34,14,331033,331485,452
state_projection,34,15,331623,332075,452
state_projection,35,0,332215,332667,452
state_projection,35,1,332805,333257,452
state_projection,35,2,333395,333847,452
state_projection,35,3,333985,334437,452
state_projection,35,4,334577,335029,452
state_projection,35,5,335167,335619,452
state_projection,35,6,335757,336209,452
state_projection,35,7,336347,336799,452
state_projection,35,8,336939,337391,452
state_projection,35,9,337529,337981,452
state_projection,35,10,338119,338571,452
state_projection,35,11,338709,339161,452
state_projection,35,12,339301,339753,452
state_projection,35,13,339891,340343,452
state_projection,35,14,340481,340933,452
state_projection,35,15,341071,341523,452
state_projection,36,0,341663,342115,452
state_projection,36,1,342253,342705,452
state_projection,36,2,342843,343295,452
state_projection,36,3,343433,343885,452
state_projection,36,4,344025,344477,452
state_projection,36,5,344615,345067,452
state_projection,36,6,345205,345657,452
state_projection,36,7,345795,346247,452
state_projection,36,8,346387,346839,452
state_projection,36,9,346977,347429,452
state_projection,36,10,347567,348019,452
state_projection,36,11,348157,348609,452
state_projection,36,12,348749,349201,452
state_projection,36,13,349339,349791,452
state_projection,36,14,349929,350381,452
state_projection,36,15,350519,350971,452
state_projection,37,0,351111,351563,452
state_projection,37,1,351701,352153,452
state_projection,37,2,352291,352743,452
state_projection,37,3,352881,353333,452
state_projection,37,4,353473,353925,452
state_projection,37,5,354063,354515,452
state_projection,37,6,354653,355105,452
state_projection,37,7,355243,355695,452
state_projection,37,8,355835,356287,452
state_projection,37,9,356425,356877,452
state_projection,37,10,357015,357467,452
state_projection,37,11,357605,358057,452
state_projection,37,12,358197,358649,452
state_projection,37,13,358787,359239,452
state_projection,37,14,359377,359829,452
state_projection,37,15,359967,360419,452
state_projection,38,0,360559,361011,452
state_projection,38,1,361149,361601,452
state_projection,38,2,361739,362191,452
state_projection,38,3,362329,362781,452
state_projection,38,4,362921,363373,452
state_projection,38,5,363511,363963,452
state_projection,38,6,364101,364553,452
state_projection,38,7,364691,365143,452
state_projection,38,8,365283,365735,452
state_projection,38,9,365873,366325,452
state_projection,38,10,366463,366915,452
state_projection,38,11,367053,367505,452
state_projection,38,12,367645,368097,452
state_projection,38,13,368235,368687,452
state_projection,38,14,368825,369277,452
state_projection,38,15,369415,369867,452
state_projection,39,0,370007,370459,452
state_projection,39,1,370597,371049,452
state_projection,39,2,371187,371639,452
state_projection,39,3,371777,372229,452
state_projection,39,4,372369,372821,452
state_projection,39,5,372959,373411,452
state_projection,39,6,373549,374001,452
state_projection,39,7,374139,374591,452
state_projection,39,8,374731,375183,452
state_projection,39,9,375321,375773,452
state_projection,39,10,375911,376363,452
state_projection,39,11,376501,376953,452
state_projection,39,12,377093,377545,452
state_projection,39,13,377683,378135,452
state_projection,39,14,378273,378725,452
state_projection,39,15,378863,379315,452
state_projection,40,0,379455,379907,452
state_projection,40,1,380045,380497,452
state_projection,40,2,380635,381087,452
state_projection,40,3,381225,381677,452
state_projection,40,4,381817,382269,452
state_projection,40,5,382407,382859,452
state_projection,40,6,382997,383449,452
state_projection,40,7,383587,384039,452
state_projection,40,8,384179,384631,452
state_projection,40,9,384769,385221,452
state_projection,40,10,385359,385811,452
state_projection,40,11,385949,386401,452
state_projection,40,12,386541,386993,452
state_projection,40,13,387131,387583,452
state_projection,40,14,387721,388173,452
state_projection,40,15,388311,388763,452
state_projection,41,0,388903,389355,452
state_projection,41,1,389493,389945,452
state_projection,41,2,390083,390535,452
state_projection,41,3,390673,391125,452
state_projection,41,4,391265,391717,452
state_projection,41,5,391855,392307,452
state_projection,41,6,392445,392897,452
state_projection,41,7,393035,393487,452
state_projection,41,8,393627,394079,452
state_projection,41,9,394217,394669,452
state_projection,41,10,394807,395259,452
state_projection,41,11,395397,395849,452
state_projection,41,12,395989,396441,452
state_projection,41,13,396579,397031,452
state_projection,41,14,397169,397621,452
state_projection,41,15,397759,398211,452
state_projection,42,0,398351,398803,452
state_projection,42,1,398941,399393,452
state_projection,42,2,399531,399983,452
state_projection,42,3,400121,400573,452
state_projection,42,4,400713,401165,452
state_projection,42,5,401303,401755,452
state_projection,42,6,401893,402345,452
state_projection,42,7,402483,402935,452
state_projection,42,8,403075,403527,452
state_projection,42,9,403665,404117,452
state_projection,42,10,404255,404707,452
state_projection,42,11,404845,405297,452
state_projection,42,12,405437,405889,452
state_projection,42,13,406027,406479,452
state_projection,42,14,406617,407069,452
state_projection,42,15,407207,407659,452
state_projection,43,0,407799,408251,452
state_projection,43,1,408389,408841,452
state_projection,43,2,408979,409431,452
state_projection,43,3,409569,410021,452
state_projection,43,4,410161,410613,452
state_projection,43,5,410751,411203,452
state_projection,43,6,411341,411793,452
state_projection,43,7,411931,412383,452
state_projection,43,8,412523,412975,452
state_projection,43,9,413113,413565,452
state_projection,43,10,413703,414155,452
state_projection,43,11,414293,414745,452
state_projection,43,12,414885,415337,452
state_projection,43,13,415475,415927,452
state_projection,43,14,416065,416517,452
state_projection,43,15,416655,417107,452
state_projection,44,0,417247,417699,452
state_projection,44,1,417837,418289,452
state_projection,44,2,418427,418879,452
state_projection,44,3,419017,419469,452
state_projection,44,4,419609,420061,452
state_projection,44,5,420199,420651,452
state_projection,44,6,420789,421241,452
state_projection,44,7,421379,421831,452
state_projection,44,8,421971,422423,452
state_projection,44,9,422561,423013,452
state_projection,44,10,423151,423603,452
state_projection,44,11,423741,424193,452
state_projection,44,12,424333,424785,452
state_projection,44,13,424923,425375,452
state_projection,44,14,425513,425965,452
state_projection,44,15,426103,426555,452
state_projection,45,0,426695,427147,452
state_projection,45,1,427285,427737,452
state_projection,45,2,427875,428327,452
state_projection,45,3,428465,428917,452
state_projection,45,4,429057,429509,452
state_projection,45,5,429647,430099,452
state_projection,45,6,430237,430689,452
state_projection,45,7,430827,431279,452
state_projection,45,8,431419,431871,452
state_projection,45,9,432009,432461,452
state_projection,45,10,432599,433051,452
state_projection,45,11,433189,433641,452
state_projection,45,12,433781,434233,452
state_projection,45,13,434371,434823,452
state_projection,45,14,434961,435413,452
state_projection,45,15,435551,436003,452
state_projection,46,0,436143,436595,452
state_projection,46,1,436733,437185,452
state_projection,46,2,437323,437775,452
state_projection,46,3,437913,438365,452
state_projection,46,4,438505,438957,452
state_projection,46,5,439095,439547,452
state_projection,46,6,439685,440137,452
state_projection,46,7,440275,440727,452
state_projection,46,8,440867,441319,452
state_projection,46,9,441457,441909,452
state_projection,46,10,442047,442499,452
state_projection,46,11,442637,443089,452
state_projection,46,12,443229,443681,452
state_projection,46,13,443819,444271,452
state_projection,46,14,444409,444861,452
state_projection,46,15,444999,445451,452
state_projection,47,0,445591,446043,452
state_projection,47,1,446181,446633,452
state_projection,47,2,446771,447223,452
state_projection,47,3,447361,447813,452
state_projection,47,4,447953,448405,452
state_projection,47,5,448543,448995,452
state_projection,47,6,449133,449585,452
state_projection,47,7,449723,450175,452
state_projection,47,8,450315,450767,452
state_projection,47,9,450905,451357,452
state_projection,47,10,451495,451947,452
state_projection,47,11,452085,452537,452
state_projection,47,12,452677,453129,452
state_projection,47,13,453267,453719,452
state_projection,47,14,453857,454309,452
state_projection,47,15,454447,454899,452
state_projection,48,0,455039,455491,452
state_projection,48,1,455629,456081,452
state_projection,48,2,456219,456671,452
state_projection,48,3,456809,457261,452
state_projection,48,4,457401,457853,452
state_projection,48,5,457991,458443,452
state_projection,48,6,458581,459033,452
state_projection,48,7,459171,459623,452
state_projection,48,8,459763,460215,452
state_projection,48,9,460353,460805,452
state_projection,48,10,460943,461395,452
state_projection,48,11,461533,461985,452
state_projection,48,12,462125,462577,452
state_projection,48,13,462715,463167,452
state_projection,48,14,463305,463757,452
state_projection,48,15,463895,464347,452
state_projection,49,0,464487,464939,452
state_projection,49,1,465077,465529,452
state_projection,49,2,465667,466119,452
state_projection,49,3,466257,466709,452
state_projection,49,4,466849,467301,452
state_projection,49,5,467439,467891,452
state_projection,49,6,468029,468481,452
state_projection,49,7,468619,469071,452
state_projection,49,8,469211,469663,452
state_projection,49,9,469801,470253,452
state_projection,49,10,470391,470843,452
state_projection,49,11,470981,471433,452
state_projection,49,12,471573,472025,452
state_projection,49,13,472163,472615,452
state_projection,49,14,472753,473205,452
state_projection,49,15,473343,473795,452
state_projection,50,0,473935,474387,452
state_projection,50,1,474525,474977,452
state_projection,50,2,475115,475567,452
state_projection,50,3,475705,476157,452
state_projection,50,4,476297,476749,452
state_projection,50,5,476887,477339,452
state_projection,50,6,477477,477929,452
state_projection,50,7,478067,478519,452
state_projection,50,8,478659,479111,452
state_projection,50,9,479249,479701,452
state_projection,50,10,479839,480291,452
state_projection,50,11,480429,480881,452
state_projection,50,12,481021,481473,452
state_projection,50,13,481611,482063,452
state_projection,50,14,482201,482653,452
state_projection,50,15,482791,483243,452
state_projection,51,0,483383,483835,452
state_projection,51,1,483973,484425,452
state_projection,51,2,484563,485015,452
state_projection,51,3,485153,485605,452
state_projection,51,4,485745,486197,452
state_projection,51,5,486335,486787,452
state_projection,51,6,486925,487377,452
state_projection,51,7,487515,487967,452
state_projection,51,8,488107,488559,452
state_projection,51,9,488697,489149,452
state_projection,51,10,489287,489739,452
state_projection,51,11,489877,490329,452
state_projection,51,12,490469,490921,452
state_projection,51,13,491059,491511,452
state_projection,51,14,491649,492101,452
state_projection,51,15,492239,492691,452
state_projection,52,0,492831,493283,452
state_projection,52,1,493421,493873,452
state_projection,52,2,494011,494463,452
state_projection,52,3,494601,495053,452
state_projection,52,4,495193,495645,452
state_projection,52,5,495783,496235,452
state_projection,52,6,496373,496825,452
state_projection,52,7,496963,497415,452
state_projection,52,8,497555,498007,452
state_projection,52,9,498145,498597,452
state_projection,52,10,498735,499187,452
state_projection,52,11,499325,499777,452
state_projection,52,12,499917,500369,452
state_projection,52,13,500507,500959,452
state_projection,52,14,501097,501549,452
state_projection,52,15,501687,502139,452
state_projection,53,0,502279,502731,452
state_projection,53,1,502869,503321,452
state_projection,53,2,503459,503911,452
state_projection,53,3,504049,504501,452
state_projection,53,4,504641,505093,452
state_projection,53,5,505231,505683,452
state_projection,53,6,505821,506273,452
state_projection,53,7,506411,506863,452
state_projection,53,8,507003,507455,452
state_projection,53,9,507593,508045,452
state_projection,53,10,508183,508635,452
state_projection,53,11,508773,509225,452
state_projection,53,12,509365,509817,452
state_projection,53,13,509955,510407,452
state_projection,53,14,510545,510997,452
state_projection,53,15,511135,511587,452
state_projection,54,0,511727,512179,452
state_projection,54,1,512317,512769,452
state_projection,54,2,512907,513359,452
state_projection,54,3,513497,513949,452
state_projection,54,4,514089,514541,452
state_projection,54,5,514679,515131,452
state_projection,54,6,515269,515721,452
state_projection,54,7,515859,516311,452
state_projection,54,8,516451,516903,452
state_projection,54,9,517041,517493,452
state_projection,54,10,517631,518083,452
state_projection,54,11,518221,518673,452
state_projection,54,12,518813,519265,452
state_projection,54,13,519403,519855,452
state_projection,54,14,519993,520445,452
state_projection,54,15,520583,521035,452
state_projection,55,0,521175,521627,452
state_projection,55,1,521765,522217,452
state_projection,55,2,522355,522807,452
state_projection,55,3,522945,523397,452
state_projection,55,4,523537,523989,452
state_projection,55,5,524127,524579,452
state_projection,55,6,524717,525169,452
state_projection,55,7,525307,525759,452
state_projection,55,8,525899,526351,452
state_projection,55,9,526489,526941,452
state_projection,55,10,527079,527531,452
state_projection,55,11,527669,528121,452
state_projection,55,12,528261,528713,452
state_projection,55,13,528851,529303,452
state_projection,55,14,529441,529893,452
state_projection,55,15,530031,530483,452
state_projection,56,0,530623,531075,452
state_projection,56,1,531213,531665,452
state_projection,56,2,531803,532255,452
state_projection,56,3,532393,532845,452
state_projection,56,4,532985,533437,452
state_projection,56,5,533575,534027,452
state_projection,56,6,534165,534617,452
state_projection,56,7,534755,535207,452
state_projection,56,8,535347,535799,452
state_projection,56,9,535937,536389,452
state_projection,56,10,536527,536979,452
state_projection,56,11,537117,537569,452
state_projection,56,12,537709,538161,452
state_projection,56,13,538299,538751,452
state_projection,56,14,538889,539341,452
state_projection,56,15,539479,539931,452
state_projection,57,0,540071,540523,452
state_projection,57,1,540661,541113,452
state_projection,57,2,541251,541703,452
state_projection,57,3,541841,542293,452
state_projection,57,4,542433,542885,452
state_projection,57,5,543023,543475,452
state_projection,57,6,543613,544065,452
state_projection,57,7,544203,544655,452
state_projection,57,8,544795,545247,452
state_projection,57,9,545385,545837,452
state_projection,57,10,545975,546427,452
state_projection,57,11,546565,547017,452
state_projection,57,12,547157,547609,452
state_projection,57,13,547747,548199,452
state_projection,57,14,548337,548789,452
state_projection,57,15,548927,549379,452
state_projection,58,0,549519,549971,452
state_projection,58,1,550109,550561,452
state_projection,58,2,550699,551151,452
state_projection,58,3,551289,551741,452
state_projection,58,4,551881,552333,452
state_projection,58,5,552471,552923,452
state_projection,58,6,553061,553513,452
state_projection,58,7,553651,554103,452
state_projection,58,8,554243,554695,452
state_projection,58,9,554833,555285,452
state_projection,58,10,555423,555875,452
state_projection,58,11,556013,556465,452
state_projection,58,12,556605,557057,452
state_projection,58,13,557195,557647,452
state_projection,58,14,557785,558237,452
state_projection,58,15,558375,558827,452
state_projection,59,0,558967,559419,452
state_projection,59,1,559557,560009,452
state_projection,59,2,560147,560599,452
state_projection,59,3,560737,561189,452
state_projection,59,4,561329,561781,452
state_projection,59,5,561919,562371,452
state_projection,59,6,562509,562961,452
state_projection,59,7,563099,563551,452
state_projection,59,8,563691,564143,452
state_projection,59,9,564281,564733,452
state_projection,59,10,564871,565323,452
state_projection,59,11,565461,565913,452
state_projection,59,12,566053,566505,452
state_projection,59,13,566643,567095,452
state_projection,59,14,567233,567685,452
state_projection,59,15,567823,568275,452
state_projection,60,0,568415,568867,452
state_projection,60,1,569005,569457,452
state_projection,60,2,569595,570047,452
state_projection,60,3,570185,570637,452
state_projection,60,4,570777,571229,452
state_projection,60,5,571367,571819,452
state_projection,60,6,571957,572409,452
state_projection,60,7,572547,572999,452
state_projection,60,8,573139,573591,452
state_projection,60,9,573729,574181,452
state_projection,60,10,574319,574771,452
state_projection,60,11,574909,575361,452
state_projection,60,12,575501,575953,452
state_projection,60,13,576091,576543,452
state_projection,60,14,576681,577133,452
state_projection,60,15,577271,577723,452
state_projection,61,0,577863,578315,452
state_projection,61,1,578453,578905,452
state_projection,61,2,579043,579495,452
state_projection,61,3,579633,580085,452
state_projection,61,4,580225,580677,452
state_projection,61,5,580815,581267,452
state_projection,61,6,581405,581857,452
state_projection,61,7,581995,582447,452
state_projection,61,8,582587,583039,452
state_projection,61,9,583177,583629,452
state_projection,61,10,583767,584219,452
state_projection,61,11,584357,584809,452
state_projection,61,12,584949,585401,452
state_projection,61,13,585539,585991,452
state_projection,61,14,586129,586581,452
state_projection,61,15,586719,587171,452
state_projection,62,0,587311,587763,452
state_projection,62,1,587901,588353,452
state_projection,62,2,588491,588943,452
state_projection,62,3,589081,589533,452
state_projection,62,4,589673,590125,452
state_projection,62,5,590263,590715,452
state_projection,62,6,590853,591305,452
state_projection,62,7,591443,591895,452
state_projection,62,8,592035,592487,452
state_projection,62,9,592625,593077,452
state_projection,62,10,593215,593667,452
state_projection,62,11,593805,594257,452
state_projection,62,12,594397,594849,452
state_projection,62,13,594987,595439,452
state_projection,62,14,595577,596029,452
state_projection,62,15,596167,596619,452
state_projection,63,0,596759,597211,452
state_projection,63,1,597349,597801,452
state_projection,63,2,597939,598391,452
state_projection,63,3,598529,598981,452
state_projection,63,4,599121,599573,452
state_projection,63,5,599711,600163,452
state_projection,63,6,600301,600753,452
state_projection,63,7,600891,601343,452
state_projection,63,8,601483,601935,452
state_projection,63,9,602073,602525,452
state_projection,63,10,602663,603115,452
state_projection,63,11,603253,603705,452
state_projection,63,12,603845,604297,452
state_projection,63,13,604435,604887,452
state_projection,63,14,605025,605477,452
state_projection,63,15,605615,606067,452
delta_projection,0,0,1987,2124,137
delta_projection,0,1,2577,2714,137
delta_projection,0,2,3167,3304,137
delta_projection,0,3,3757,3894,137
delta_projection,0,4,4349,4486,137
delta_projection,0,5,4939,5076,137
delta_projection,0,6,5529,5666,137
delta_projection,0,7,6119,6256,137
delta_projection,0,8,6711,6848,137
delta_projection,0,9,7301,7438,137
delta_projection,0,10,7891,8028,137
delta_projection,0,11,8481,8618,137
delta_projection,0,12,9073,9210,137
delta_projection,0,13,9663,9800,137
delta_projection,0,14,10253,10390,137
delta_projection,0,15,10843,10980,137
delta_projection,1,0,11435,11572,137
delta_projection,1,1,12025,12162,137
delta_projection,1,2,12615,12752,137
delta_projection,1,3,13205,13342,137
delta_projection,1,4,13797,13934,137
delta_projection,1,5,14387,14524,137
delta_projection,1,6,14977,15114,137
delta_projection,1,7,15567,15704,137
delta_projection,1,8,16159,16296,137
delta_projection,1,9,16749,16886,137
delta_projection,1,10,17339,17476,137
delta_projection,1,11,17929,18066,137
delta_projection,1,12,18521,18658,137
delta_projection,1,13,19111,19248,137
delta_projection,1,14,19701,19838,137
delta_projection,1,15,20291,20428,137
delta_projection,2,0,20883,21020,137
delta_projection,2,1,21473,21610,137
delta_projection,2,2,22063,22200,137
delta_projection,2,3,22653,22790,137
delta_projection,2,4,23245,23382,137
delta_projection,2,5,23835,23972,137
delta_projection,2,6,24425,24562,137
delta_projection,2,7,25015,25152,137
delta_projection,2,8,25607,25744,137
delta_projection,2,9,26197,26334,137
delta_projection,2,10,26787,26924,137
delta_projection,2,11,27377,27514,137
delta_projection,2,12,27969,28106,137
delta_projection,2,13,28559,28696,137
delta_projection,2,14,29149,29286,137
delta_projection,2,15,29739,29876,137
delta_projection,3,0,30331,30468,137
delta_projection,3,1,30921,31058,137
delta_projection,3,2,31511,31648,137
delta_projection,3,3,32101,32238,137
delta_projection,3,4,32693,32830,137
delta_projection,3,5,33283,33420,137
delta_projection,3,6,33873,34010,137
delta_projection,3,7,34463,34600,137
delta_projection,3,8,35055,35192,137
delta_projection,3,9,35645,35782,137
delta_projection,3,10,36235,36372,137
delta_projection,3,11,36825,36962,137
delta_projection,3,12,37417,37554,137
delta_projection,3,13,38007,38144,137
delta_projection,3,14,38597,38734,137
delta_projection,3,15,39187,39324,137
delta_projection,4,0,39779,39916,137
delta_projection,4,1,40369,40506,137
delta_projection,4,2,40959,41096,137
delta_projection,4,3,41549,41686,137
delta_projection,4,4,42141,42278,137
delta_projection,4,5,42731,42868,137
delta_projection,4,6,43321,43458,137
delta_projection,4,7,43911,44048,137
delta_projection,4,8,44503,44640,137
delta_projection,4,9,45093,45230,137
delta_projection,4,10,45683,45820,137
delta_projection,4,11,46273,46410,137
delta_projection,4,12,46865,47002,137
delta_projection,4,13,47455,47592,137
delta_projection,4,14,48045,48182,137
delta_projection,4,15,48635,48772,137
delta_projection,5,0,49227,49364,137
delta_projection,5,1,49817,49954,137
delta_projection,5,2,50407,50544,137
delta_projection,5,3,50997,51134,137
delta_projection,5,4,51589,51726,137
delta_projection,5,5,52179,52316,137
delta_projection,5,6,52769,52906,137
delta_projection,5,7,53359,53496,137
delta_projection,5,8,53951,54088,137
delta_projection,5,9,54541,54678,137
delta_projection,5,10,55131,55268,137
delta_projection,5,11,55721,55858,137
delta_projection,5,12,56313,56450,137
delta_projection,5,13,56903,57040,137
delta_projection,5,14,57493,57630,137
delta_projection,5,15,58083,58220,137
delta_projection,6,0,58675,58812,137
delta_projection,6,1,59265,59402,137
delta_projection,6,2,59855,59992,137
delta_projection,6,3,60445,60582,137
delta_projection,6,4,61037,61174,137
delta_projection,6,5,61627,61764,137
delta_projection,6,6,62217,62354,137
delta_projection,6,7,62807,62944,137
delta_projection,6,8,63399,63536,137
delta_projection,6,9,63989,64126,137
delta_projection,6,10,64579,64716,137
delta_projection,6,11,65169,65306,137
delta_projection,6,12,65761,65898,137
delta_projection,6,13,66351,66488,137
delta_projection,6,14,66941,67078,137
delta_projection,6,15,67531,67668,137
delta_projection,7,0,68123,68260,137
delta_projection,7,1,68713,68850,137
delta_projection,7,2,69303,69440,137
delta_projection,7,3,69893,70030,137
delta_projection,7,4,70485,70622,137
delta_projection,7,5,71075,71212,137
delta_projection,7,6,71665,71802,137
delta_projection,7,7,72255,72392,137
delta_projection,7,8,72847,72984,137
delta_projection,7,9,73437,73574,137
delta_projection,7,10,74027,74164,137
delta_projection,7,11,74617,74754,137
delta_projection,7,12,75209,75346,137
delta_projection,7,13,75799,75936,137
delta_projection,7,14,76389,76526,137
delta_projection,7,15,76979,77116,137
delta_projection,8,0,77571,77708,137
delta_projection,8,1,78161,78298,137
delta_projection,8,2,78751,78888,137
delta_projection,8,3,79341,79478,137
delta_projection,8,4,79933,80070,137
delta_projection,8,5,80523,80660,137
delta_projection,8,6,81113,81250,137
delta_projection,8,7,81703,81840,137
delta_projection,8,8,82295,82432,137
delta_projection,8,9,82885,83022,137
delta_projection,8,10,83475,83612,137
delta_projection,8,11,84065,84202,137
delta_projection,8,12,84657,84794,137
delta_projection,8,13,85247,85384,137
delta_projection,8,14,85837,85974,137
delta_projection,8,15,86427,86564,137
delta_projection,9,0,87019,87156,137
delta_projection,9,1,87609,87746,137
delta_projection,9,2,88199,88336,137
delta_projection,9,3,88789,88926,137
delta_projection,9,4,89381,89518,137
delta_projection,9,5,89971,90108,137
delta_projection,9,6,90561,90698,137
delta_projection,9,7,91151,91288,137
delta_projection,9,8,91743,91880,137
delta_projection,9,9,92333,92470,137
delta_projection,9,10,92923,93060,137
delta_projection,9,11,93513,93650,137
delta_projection,9,12,94105,94242,137
delta_projection,9,13,94695,94832,137
delta_projection,9,14,95285,95422,137
delta_projection,9,15,95875,96012,137
delta_projection,10,0,96467,96604,137
delta_projection,10,1,97057,97194,137
delta_projection,10,2,97647,97784,137
delta_projection,10,3,98237,98374,137
delta_projection,10,4,98829,98966,137
delta_projection,10,5,99419,99556,137
delta_projection,10,6,100009,100146,137
delta_projection,10,7,100599,100736,137
delta_projection,10,8,101191,101328,137
delta_projection,10,9,101781,101918,137
delta_projection,10,10,102371,102508,137
delta_projection,10,11,102961,103098,137
delta_projection,10,12,103553,103690,137
delta_projection,10,13,104143,104280,137
delta_projection,10,14,104733,104870,137
delta_projection,10,15,105323,105460,137
delta_projection,11,0,105915,106052,137
delta_projection,11,1,106505,106642,137
delta_projection,11,2,107095,107232,137
delta_projection,11,3,107685,107822,137
delta_projection,11,4,108277,108414,137
delta_projection,11,5,108867,109004,137
delta_projection,11,6,109457,109594,137
delta_projection,11,7,110047,110184,137
delta_projection,11,8,110639,110776,137
delta_projection,11,9,111229,111366,137
delta_projection,11,10,111819,111956,137
delta_projection,11,11,112409,112546,137
delta_projection,11,12,113001,113138,137
delta_projection,11,13,113591,113728,137
delta_projection,11,14,114181,114318,137
delta_projection,11,15,114771,114908,137
delta_projection,12,0,115363,115500,137
delta_projection,12,1,115953,116090,137
delta_projection,12,2,116543,116680,137
delta_projection,12,3,117133,117270,137
delta_projection,12,4,117725,117862,137
delta_projection,12,5,118315,118452,137
delta_projection,12,6,118905,119042,137
delta_projection,12,7,119495,119632,137
delta_projection,12,8,120087,120224,137
delta_projection,12,9,120677,120814,137
delta_projection,12,10,121267,121404,137
delta_projection,12,11,121857,121994,137
delta_projection,12,12,122449,122586,137
delta_projection,12,13,123039,123176,137
delta_projection,12,14,123629,123766,137
delta_projection,12,15,124219,124356,137
delta_projection,13,0,124811,124948,137
delta_projection,13,1,125401,125538,137
delta_projection,13,2,125991,126128,137
delta_projection,13,3,126581,126718,137
delta_projection,13,4,127173,127310,137
delta_projection,13,5,127763,127900,137
delta_projection,13,6,128353,128490,137
delta_projection,13,7,128943,129080,137
delta_projection,13,8,129535,129672,137
delta_projection,13,9,130125,130262,137
delta_projection,13,10,130715,130852,137
delta_projection,13,11,131305,131442,137
delta_projection,13,12,131897,132034,137
delta_projection,13,13,132487,132624,137
delta_projection,13,14,133077,133214,137
delta_projection,13,15,133667,133804,137
delta_projection,14,0,134259,134396,137
delta_projection,14,1,134849,134986,137
delta_projection,14,2,135439,135576,137
delta_projection,14,3,136029,136166,137
delta_projection,14,4,136621,136758,137
delta_projection,14,5,137211,137348,137
delta_projection,14,6,137801,137938,137
delta_projection,14,7,138391,138528,137
delta_projection,14,8,138983,139120,137
delta_projection,14,9,139573,139710,137
delta_projection,14,10,140163,140300,137
delta_projection,14,11,140753,140890,137
delta_projection,14,12,141345,141482,137
delta_projection,14,13,141935,142072,137
delta_projection,14,14,142525,142662,137
delta_projection,14,15,143115,143252,137
delta_projection,15,0,143707,143844,137
delta_projection,15,1,144297,144434,137
delta_projection,15,2,144887,145024,137
delta_projection,15,3,145477,145614,137
delta_projection,15,4,146069,146206,137
delta_projection,15,5,146659,146796,137
delta_projection,15,6,147249,147386,137
delta_projection,15,7,147839,147976,137
delta_projection,15,8,148431,148568,137
delta_projection,15,9,149021,149158,137
delta_projection,15,10,149611,149748,137
delta_projection,15,11,150201,150338,137
delta_projection,15,12,150793,150930,137
delta_projection,15,13,151383,151520,137
delta_projection,15,14,151973,152110,137
delta_projection,15,15,152563,152700,137
delta_projection,16,0,153155,153292,137
delta_projection,16,1,153745,153882,137
delta_projection,16,2,154335,154472,137
delta_projection,16,3,154925,155062,137
delta_projection,16,4,155517,155654,137
delta_projection,16,5,156107,156244,137
delta_projection,16,6,156697,156834,137
delta_projection,16,7,157287,157424,137
delta_projection,16,8,157879,158016,137
delta_projection,16,9,158469,158606,137
delta_projection,16,10,159059,159196,137
delta_projection,16,11,159649,159786,137
delta_projection,16,12,160241,160378,137
delta_projection,16,13,160831,160968,137
delta_projection,16,14,161421,161558,137
delta_projection,16,15,162011,162148,137
delta_projection,17,0,162603,162740,137
delta_projection,17,1,163193,163330,137
delta_projection,17,2,163783,163920,137
delta_projection,17,3,164373,164510,137
delta_projection,17,4,164965,165102,137
delta_projection,17,5,165555,165692,137
delta_projection,17,6,166145,166282,137
delta_projection,17,7,166735,166872,137
delta_projection,17,8,167327,167464,137
delta_projection,17,9,167917,168054,137
delta_projection,17,10,168507,168644,137
delta_projection,17,11,169097,169234,137
delta_projection,17,12,169689,169826,137
delta_projection,17,13,170279,170416,137
delta_projection,17,14,170869,171006,137
delta_projection,17,15,171459,171596,137
delta_projection,18,0,172051,172188,137
delta_projection,18,1,172641,172778,137
delta_projection,18,2,173231,173368,137
delta_projection,18,3,173821,173958,137
delta_projection,18,4,174413,174550,137
delta_projection,18,5,175003,175140,137
delta_projection,18,6,175593,175730,137
delta_projection,18,7,176183,176320,137
delta_projection,18,8,176775,176912,137
delta_projection,18,9,177365,177502,137
delta_projection,18,10,177955,178092,137
delta_projection,18,11,178545,178682,137
delta_projection,18,12,179137,179274,137
delta_projection,18,13,179727,179864,137
delta_projection,18,14,180317,180454,137
delta_projection,18,15,180907,181044,137
delta_projection,19,0,181499,181636,137
delta_projection,19,1,182089,182226,137
delta_projection,19,2,182679,182816,137
delta_projection,19,3,183269,183406,137
delta_projection,19,4,183861,183998,137
delta_projection,19,5,184451,184588,137
delta_projection,19,6,185041,185178,137
delta_projection,19,7,185631,185768,137
delta_projection,19,8,186223,186360,137
delta_projection,19,9,186813,186950,137
delta_projection,19,10,187403,187540,137
delta_projection,19,11,187993,188130,137
delta_projection,19,12,188585,188722,137
delta_projection,19,13,189175,189312,137
delta_projection,19,14,189765,189902,137
delta_projection,19,15,190355,190492,137
delta_projection,20,0,190947,191084,137
delta_projection,20,1,191537,191674,137
delta_projection,20,2,192127,192264,137
delta_projection,20,3,192717,192854,137
delta_projection,20,4,193309,193446,137
delta_projection,20,5,193899,194036,137
delta_projection,20,6,194489,194626,137
delta_projection,20,7,195079,195216,137
delta_projection,20,8,195671,195808,137
delta_projection,20,9,196261,196398,137
delta_projection,20,10,196851,196988,137
delta_projection,20,11,197441,197578,137
delta_projection,20,12,198033,198170,137
delta_projection,20,13,198623,198760,137
delta_projection,20,14,199213,199350,137
delta_projection,20,15,199803,199940,137
delta_projection,21,0,200395,200532,137
delta_projection,21,1,200985,201122,137
delta_projection,21,2,201575,201712,137
delta_projection,21,3,202165,202302,137
delta_projection,21,4,202757,202894,137
delta_projection,21,5,203347,203484,137
delta_projection,21,6,203937,204074,137
delta_projection,21,7,204527,204664,137
delta_projection,21,8,205119,205256,137
delta_projection,21,9,205709,205846,137
delta_projection,21,10,206299,206436,137
delta_projection,21,11,206889,207026,137
delta_projection,21,12,207481,207618,137
delta_projection,21,13,208071,208208,137
delta_projection,21,14,208661,208798,137
delta_projection,21,15,209251,209388,137
delta_projection,22,0,209843,209980,137
delta_projection,22,1,210433,210570,137
delta_projection,22,2,211023,211160,137
delta_projection,22,3,211613,211750,137
delta_projection,22,4,212205,212342,137
delta_projection,22,5,212795,212932,137
delta_projection,22,6,213385,213522,137
delta_projection,22,7,213975,214112,137
delta_projection,22,8,214567,214704,137
delta_projection,22,9,215157,215294,137
delta_projection,22,10,215747,215884,137
delta_projection,22,11,216337,216474,137
delta_projection,22,12,216929,217066,137
delta_projection,22,13,217519,217656,137
delta_projection,22,14,218109,218246,137
delta_projection,22,15,218699,218836,137
delta_projection,23,0,219291,219428,137
delta_projection,23,1,219881,220018,137
delta_projection,23,2,220471,220608,137
delta_projection,23,3,221061,221198,137
delta_projection,23,4,221653,221790,137
delta_projection,23,5,222243,222380,137
delta_projection,23,6,222833,222970,137
delta_projection,23,7,223423,223560,137
delta_projection,23,8,224015,224152,137
delta_projection,23,9,224605,224742,137
delta_projection,23,10,225195,225332,137
delta_projection,23,11,225785,225922,137
delta_projection,23,12,226377,226514,137
delta_projection,23,13,226967,227104,137
delta_projection,23,14,227557,227694,137
delta_projection,23,15,228147,228284,137
delta_projection,24,0,228739,228876,137
delta_projection,24,1,229329,229466,137
delta_projection,24,2,229919,230056,137
delta_projection,24,3,230509,230646,137
delta_projection,24,4,231101,231238,137
delta_projection,24,5,231691,231828,137
delta_projection,24,6,232281,232418,137
delta_projection,24,7,232871,233008,137
delta_projection,24,8,233463,233600,137
delta_projection,24,9,234053,234190,137
delta_projection,24,10,234643,234780,137
delta_projection,24,11,235233,235370,137
delta_projection,24,12,235825,235962,137
delta_projection,24,13,236415,236552,137
delta_projection,24,14,237005,237142,137
delta_projection,24,15,237595,237732,137
delta_projection,25,0,238187,238324,137
delta_projection,25,1,238777,238914,137
delta_projection,25,2,239367,239504,137
delta_projection,25,3,239957,240094,137
delta_projection,25,4,240549,240686,137
delta_projection,25,5,241139,241276,137
delta_projection,25,6,241729,241866,137
delta_projection,25,7,242319,242456,137
delta_projection,25,8,242911,243048,137
delta_projection,25,9,243501,243638,137
delta_projection,25,10,244091,244228,137
delta_projection,25,11,244681,244818,137
delta_projection,25,12,245273,245410,137
delta_projection,25,13,245863,246000,137
delta_projection,25,14,246453,246590,137
delta_projection,25,15,247043,247180,137
delta_projection,26,0,247635,247772,137
delta_projection,26,1,248225,248362,137
delta_projection,26,2,248815,248952,137
delta_projection,26,3,249405,249542,137
delta_projection,26,4,249997,250134,137
delta_projection,26,5,250587,250724,137
delta_projection,26,6,251177,251314,137
delta_projection,26,7,251767,251904,137
delta_projection,26,8,252359,252496,137
delta_projection,26,9,252949,253086,137
delta_projection,26,10,253539,253676,137
delta_projection,26,11,254129,254266,137
delta_projection,26,12,254721,254858,137
delta_projection,26,13,255311,255448,137
delta_projection,26,14,255901,256038,137
delta_projection,26,15,256491,256628,137
delta_projection,27,0,257083,257220,137
delta_projection,27,1,257673,257810,137
delta_projection,27,2,258263,258400,137
delta_projection,27,3,258853,258990,137
delta_projection,27,4,259445,259582,137
delta_projection,27,5,260035,260172,137
delta_projection,27,6,260625,260762,137
delta_projection,27,7,261215,261352,137
delta_projection,27,8,261807,261944,137
delta_projection,27,9,262397,262534,137
delta_projection,27,10,262987,263124,137
delta_projection,27,11,263577,263714,137
delta_projection,27,12,264169,264306,137
delta_projection,27,13,264759,264896,137
delta_projection,27,14,265349,265486,137
delta_projection,27,15,265939,266076,137
delta_projection,28,0,266531,266668,137
delta_projection,28,1,267121,267258,137
delta_projection,28,2,267711,267848,137
delta_projection,28,3,268301,268438,137
delta_projection,28,4,268893,269030,137
delta_projection,28,5,269483,269620,137
delta_projection,28,6,270073,270210,137
delta_projection,28,7,270663,270800,137
delta_projection,28,8,271255,271392,137
delta_projection,28,9,271845,271982,137
delta_projection,28,10,272435,272572,137
delta_projection,28,11,273025,273162,137
delta_projection,28,12,273617,273754,137
delta_projection,28,13,274207,274344,137
delta_projection,28,14,274797,274934,137
delta_projection,28,15,275387,275524,137
delta_projection,29,0,275979,276116,137
delta_projection,29,1,276569,276706,137
delta_projection,29,2,277159,277296,137
delta_projection,29,3,277749,277886,137
delta_projection,29,4,278341,278478,137
delta_projection,29,5,278931,279068,137
delta_projection,29,6,279521,279658,137
delta_projection,29,7,280111,280248,137
delta_projection,29,8,280703,280840,137
delta_projection,29,9,281293,281430,137
delta_projection,29,10,281883,282020,137
delta_projection,29,11,282473,282610,137
delta_projection,29,12,283065,283202,137
delta_projection,29,13,283655,283792,137
delta_projection,29,14,284245,284382,137
delta_projection,29,15,284835,284972,137
delta_projection,30,0,285427,285564,137
delta_projection,30,1,286017,286154,137
delta_projection,30,2,286607,286744,137
delta_projection,30,3,287197,287334,137
delta_projection,30,4,287789,287926,137
delta_projection,30,5,288379,288516,137
delta_projection,30,6,288969,289106,137
delta_projection,30,7,289559,289696,137
delta_projection,30,8,290151,290288,137
delta_projection,30,9,290741,290878,137
delta_projection,30,10,291331,291468,137
delta_projection,30,11,291921,292058,137
delta_projection,30,12,292513,292650,137
delta_projection,30,13,293103,293240,137
delta_projection,30,14,293693,293830,137
delta_projection,30,15,294283,294420,137
delta_projection,31,0,294875,295012,137
delta_projection,31,1,295465,295602,137
delta_projection,31,2,296055,296192,137
delta_projection,31,3,296645,296782,137
delta_projection,31,4,297237,297374,137
delta_projection,31,5,297827,297964,137
delta_projection,31,6,298417,298554,137
delta_projection,31,7,299007,299144,137
delta_projection,31,8,299599,299736,137
delta_projection,31,9,300189,300326,137
delta_projection,31,10,300779,300916,137
delta_projection,31,11,301369,301506,137
delta_projection,31,12,301961,302098,137
delta_projection,31,13,302551,302688,137
delta_projection,31,14,303141,303278,137
delta_projection,31,15,303731,303868,137
delta_projection,32,0,304323,304460,137
delta_projection,32,1,304913,305050,137
delta_projection,32,2,305503,305640,137
delta_projection,32,3,306093,306230,137
delta_projection,32,4,306685,306822,137
delta_projection,32,5,307275,307412,137
delta_projection,32,6,307865,308002,137
delta_projection,32,7,308455,308592,137
delta_projection,32,8,309047,309184,137
delta_projection,32,9,309637,309774,137
delta_projection,32,10,310227,310364,137
delta_projection,32,11,310817,310954,137
delta_projection,32,12,311409,311546,137
delta_projection,32,13,311999,312136,137
delta_projection,32,14,312589,312726,137
delta_projection,32,15,313179,313316,137
delta_projection,33,0,313771,313908,137
delta_projection,33,1,314361,314498,137
delta_projection,33,2,314951,315088,137
delta_projection,33,3,315541,315678,137
delta_projection,33,4,316133,316270,137
delta_projection,33,5,316723,316860,137
delta_projection,33,6,317313,317450,137
delta_projection,33,7,317903,318040,137
delta_projection,33,8,318495,318632,137
delta_projection,33,9,319085,319222,137
delta_projection,33,10,319675,319812,137
delta_projection,33,11,320265,320402,137
delta_projection,33,12,320857,320994,137
delta_projection,33,13,321447,321584,137
delta_projection,33,14,322037,322174,137
delta_projection,33,15,322627,322764,137
delta_projection,34,0,323219,323356,137
delta_projection,34,1,323809,323946,137
delta_projection,34,2,324399,324536,137
delta_projection,34,3,324989,325126,137
delta_projection,34,4,325581,325718,137
delta_projection,34,5,326171,326308,137
delta_projection,34,6,326761,326898,137
delta_projection,34,7,327351,327488,137
delta_projection,34,8,327943,328080,137
delta_projection,34,9,328533,328670,137
delta_projection,34,10,329123,329260,137
delta_projection,34,11,329713,329850,137
delta_projection,34,12,330305,330442,137
delta_projection,34,13,330895,331032,137
delta_projection,34,14,331485,331622,137
delta_projection,34,15,332075,332212,137
delta_projection,35,0,332667,332804,137
delta_projection,35,1,333257,333394,137
delta_projection,35,2,333847,333984,137
delta_projection,35,3,334437,334574,137
delta_projection,35,4,335029,335166,137
delta_projection,35,5,335619,335756,137
delta_projection,35,6,336209,336346,137
delta_projection,35,7,336799,336936,137
delta_projection,35,8,337391,337528,137
delta_projection,35,9,337981,338118,137
delta_projection,35,10,338571,338708,137
delta_projection,35,11,339161,339298,137
delta_projection,35,12,339753,339890,137
delta_projection,35,13,340343,340480,137
delta_projection,35,14,340933,341070,137
delta_projection,35,15,341523,341660,137
delta_projection,36,0,342115,342252,137
delta_projection,36,1,342705,342842,137
delta_projection,36,2,343295,343432,137
delta_projection,36,3,343885,344022,137
delta_projection,36,4,344477,344614,137
delta_projection,36,5,345067,345204,137
delta_projection,36,6,345657,345794,137
delta_projection,36,7,346247,346384,137
delta_projection,36,8,346839,346976,137
delta_projection,36,9,347429,347566,137
delta_projection,36,10,348019,348156,137
delta_projection,36,11,348609,348746,137
delta_projection,36,12,349201,349338,137
delta_projection,36,13,349791,349928,137
delta_projection,36,14,350381,350518,137
delta_projection,36,15,350971,351108,137
delta_projection,37,0,351563,351700,137
delta_projection,37,1,352153,352290,137
delta_projection,37,2,352743,352880,137
delta_projection,37,3,353333,353470,137
delta_projection,37,4,353925,354062,137
delta_projection,37,5,354515,354652,137
delta_projection,37,6,355105,355242,137
delta_projection,37,7,355695,355832,137
delta_projection,37,8,356287,356424,137
delta_projection,37,9,356877,357014,137
delta_projection,37,10,357467,357604,137
delta_projection,37,11,358057,358194,137
delta_projection,37,12,358649,358786,137
delta_projection,37,13,359239,359376,137
delta_projection,37,14,359829,359966,137
delta_projection,37,15,360419,360556,137
delta_projection,38,0,361011,361148,137
delta_projection,38,1,361601,361738,137
delta_projection,38,2,362191,362328,137
delta_projection,38,3,362781,362918,137
delta_projection,38,4,363373,363510,137
delta_projection,38,5,363963,364100,137
delta_projection,38,6,364553,364690,137
delta_projection,38,7,365143,365280,137
delta_projection,38,8,365735,365872,137
delta_projection,38,9,366325,366462,137
delta_projection,38,10,366915,367052,137
delta_projection,38,11,367505,367642,137
delta_projection,38,12,368097,368234,137
delta_projection,38,13,368687,368824,137
delta_projection,38,14,369277,369414,137
delta_projection,38,15,369867,370004,137
delta_projection,39,0,370459,370596,137
delta_projection,39,1,371049,371186,137
delta_projection,39,2,371639,371776,137
delta_projection,39,3,372229,372366,137
delta_projection,39,4,372821,372958,137
delta_projection,39,5,373411,373548,137
delta_projection,39,6,374001,374138,137
delta_projection,39,7,374591,374728,137
delta_projection,39,8,375183,375320,137
delta_projection,39,9,375773,375910,137
delta_projection,39,10,376363,376500,137
delta_projection,39,11,376953,377090,137
delta_projection,39,12,377545,377682,137
delta_projection,39,13,378135,378272,137
delta_projection,39,14,378725,378862,137
delta_projection,39,15,379315,379452,137
delta_projection,40,0,379907,380044,137
delta_projection,40,1,380497,380634,137
delta_projection,40,2,381087,381224,137
delta_projection,40,3,381677,381814,137
delta_projection,40,4,382269,382406,137
delta_projection,40,5,382859,382996,137
delta_projection,40,6,383449,383586,137
delta_projection,40,7,384039,384176,137
delta_projection,40,8,384631,384768,137
delta_projection,40,9,385221,385358,137
delta_projection,40,10,385811,385948,137
delta_projection,40,11,386401,386538,137
delta_projection,40,12,386993,387130,137
delta_projection,40,13,387583,387720,137
delta_projection,40,14,388173,388310,137
delta_projection,40,15,388763,388900,137
delta_projection,41,0,389355,389492,137
delta_projection,41,1,389945,390082,137
delta_projection,41,2,390535,390672,137
delta_projection,41,3,391125,391262,137
delta_projection,41,4,391717,391854,137
delta_projection,41,5,392307,392444,137
delta_projection,41,6,392897,393034,137
delta_projection,41,7,393487,393624,137
delta_projection,41,8,394079,394216,137
delta_projection,41,9,394669,394806,137
delta_projection,41,10,395259,395396,137
delta_projection,41,11,395849,395986,137
delta_projection,41,12,396441,396578,137
delta_projection,41,13,397031,397168,137
delta_projection,41,14,397621,397758,137
delta_projection,41,15,398211,398348,137
delta_projection,42,0,398803,398940,137
delta_projection,42,1,399393,399530,137
delta_projection,42,2,399983,400120,137
delta_projection,42,3,400573,400710,137
delta_projection,42,4,401165,401302,137
delta_projection,42,5,401755,401892,137
delta_projection,42,6,402345,402482,137
delta_projection,42,7,402935,403072,137
delta_projection,42,8,403527,403664,137
delta_projection,42,9,404117,404254,137
delta_projection,42,10,404707,404844,137
delta_projection,42,11,405297,405434,137
delta_projection,42,12,405889,406026,137
delta_projection,42,13,406479,406616,137
delta_projection,42,14,407069,407206,137
delta_projection,42,15,407659,407796,137
delta_projection,43,0,408251,408388,137
delta_projection,43,1,408841,408978,137
delta_projection,43,2,409431,409568,137
delta_projection,43,3,410021,410158,137
delta_projection,43,4,410613,410750,137
delta_projection,43,5,411203,411340,137
delta_projection,43,6,411793,411930,137
delta_projection,43,7,412383,412520,137
delta_projection,43,8,412975,413112,137
delta_projection,43,9,413565,413702,137
delta_projection,43,10,414155,414292,137
delta_projection,43,11,414745,414882,137
delta_projection,43,12,415337,415474,137
delta_projection,43,13,415927,416064,137
delta_projection,43,14,416517,416654,137
delta_projection,43,15,417107,417244,137
delta_projection,44,0,417699,417836,137
delta_projection,44,1,418289,418426,137
delta_projection,44,2,418879,419016,137
delta_projection,44,3,419469,419606,137
delta_projection,44,4,420061,420198,137
delta_projection,44,5,420651,420788,137
delta_projection,44,6,421241,421378,137
delta_projection,44,7,421831,421968,137
delta_projection,44,8,422423,422560,137
delta_projection,44,9,423013,423150,137
delta_projection,44,10,423603,423740,137
delta_projection,44,11,424193,424330,137
delta_projection,44,12,424785,424922,137
delta_projection,44,13,425375,425512,137
delta_projection,44,14,425965,426102,137
delta_projection,44,15,426555,426692,137
delta_projection,45,0,427147,427284,137
delta_projection,45,1,427737,427874,137
delta_projection,45,2,428327,428464,137
delta_projection,45,3,428917,429054,137
delta_projection,45,4,429509,429646,137
delta_projection,45,5,430099,430236,137
delta_projection,45,6,430689,430826,137
delta_projection,45,7,431279,431416,137
delta_projection,45,8,431871,432008,137
delta_projection,45,9,432461,432598,137
delta_projection,45,10,433051,433188,137
delta_projection,45,11,433641,433778,137
delta_projection,45,12,434233,434370,137
delta_projection,45,13,434823,434960,137
delta_projection,45,14,435413,435550,137
delta_projection,45,15,436003,436140,137
delta_projection,46,0,436595,436732,137
delta_projection,46,1,437185,437322,137
delta_projection,46,2,437775,437912,137
delta_projection,46,3,438365,438502,137
delta_projection,46,4,438957,439094,137
delta_projection,46,5,439547,439684,137
delta_projection,46,6,440137,440274,137
delta_projection,46,7,440727,440864,137
delta_projection,46,8,441319,441456,137
delta_projection,46,9,441909,442046,137
delta_projection,46,10,442499,442636,137
delta_projection,46,11,443089,443226,137
delta_projection,46,12,443681,443818,137
delta_projection,46,13,444271,444408,137
delta_projection,46,14,444861,444998,137
delta_projection,46,15,445451,445588,137
delta_projection,47,0,446043,446180,137
delta_projection,47,1,446633,446770,137
delta_projection,47,2,447223,447360,137
delta_projection,47,3,447813,447950,137
delta_projection,47,4,448405,448542,137
delta_projection,47,5,448995,449132,137
delta_projection,47,6,449585,449722,137
delta_projection,47,7,450175,450312,137
delta_projection,47,8,450767,450904,137
delta_projection,47,9,451357,451494,137
delta_projection,47,10,451947,452084,137
delta_projection,47,11,452537,452674,137
delta_projection,47,12,453129,453266,137
delta_projection,47,13,453719,453856,137
delta_projection,47,14,454309,454446,137
delta_projection,47,15,454899,455036,137
delta_projection,48,0,455491,455628,137
delta_projection,48,1,456081,456218,137
delta_projection,48,2,456671,456808,137
delta_projection,48,3,457261,457398,137
delta_projection,48,4,457853,457990,137
delta_projection,48,5,458443,458580,137
delta_projection,48,6,459033,459170,137
delta_projection,48,7,459623,459760,137
delta_projection,48,8,460215,460352,137
delta_projection,48,9,460805,460942,137
delta_projection,48,10,461395,461532,137
delta_projection,48,11,461985,462122,137
delta_projection,48,12,462577,462714,137
delta_projection,48,13,463167,463304,137
delta_projection,48,14,463757,463894,137
delta_projection,48,15,464347,464484,137
delta_projection,49,0,464939,465076,137
delta_projection,49,1,465529,465666,137
delta_projection,49,2,466119,466256,137
delta_projection,49,3,466709,466846,137
delta_projection,49,4,467301,467438,137
delta_projection,49,5,467891,468028,137
delta_projection,49,6,468481,468618,137
delta_projection,49,7,469071,469208,137
delta_projection,49,8,469663,469800,137
delta_projection,49,9,470253,470390,137
delta_projection,49,10,470843,470980,137
delta_projection,49,11,471433,471570,137
delta_projection,49,12,472025,472162,137
delta_projection,49,13,472615,472752,137
delta_projection,49,14,473205,473342,137
delta_projection,49,15,473795,473932,137
delta_projection,50,0,474387,474524,137
delta_projection,50,1,474977,475114,137
delta_projection,50,2,475567,475704,137
delta_projection,50,3,476157,476294,137
delta_projection,50,4,476749,476886,137
delta_projection,50,5,477339,477476,137
delta_projection,50,6,477929,478066,137
delta_projection,50,7,478519,478656,137
delta_projection,50,8,479111,479248,137
delta_projection,50,9,479701,479838,137
delta_projection,50,10,480291,480428,137
delta_projection,50,11,480881,481018,137
delta_projection,50,12,481473,481610,137
delta_projection,50,13,482063,482200,137
delta_projection,50,14,482653,482790,137
delta_projection,50,15,483243,483380,137
delta_projection,51,0,483835,483972,137
delta_projection,51,1,484425,484562,137
delta_projection,51,2,485015,485152,137
delta_projection,51,3,485605,485742,137
delta_projection,51,4,486197,486334,137
delta_projection,51,5,486787,486924,137
delta_projection,51,6,487377,487514,137
delta_projection,51,7,487967,488104,137
delta_projection,51,8,488559,488696,137
delta_projection,51,9,489149,489286,137
delta_projection,51,10,489739,489876,137
delta_projection,51,11,490329,490466,137
delta_projection,51,12,490921,491058,137
delta_projection,51,13,491511,491648,137
delta_projection,51,14,492101,492238,137
delta_projection,51,15,492691,492828,137
delta_projection,52,0,493283,493420,137
delta_projection,52,1,493873,494010,137
delta_projection,52,2,494463,494600,137
delta_projection,52,3,495053,495190,137
delta_projection,52,4,495645,495782,137
delta_projection,52,5,496235,496372,137
delta_projection,52,6,496825,496962,137
delta_projection,52,7,497415,497552,137
delta_projection,52,8,498007,498144,137
delta_projection,52,9,498597,498734,137
delta_projection,52,10,499187,499324,137
delta_projection,52,11,499777,499914,137
delta_projection,52,12,500369,500506,137
delta_projection,52,13,500959,501096,137
delta_projection,52,14,501549,501686,137
delta_projection,52,15,502139,502276,137
delta_projection,53,0,502731,502868,137
delta_projection,53,1,503321,503458,137
delta_projection,53,2,503911,504048,137
delta_projection,53,3,504501,504638,137
delta_projection,53,4,505093,505230,137
delta_projection,53,5,505683,505820,137
delta_projection,53,6,506273,506410,137
delta_projection,53,7,506863,507000,137
delta_projection,53,8,507455,507592,137
delta_projection,53,9,508045,508182,137
delta_projection,53,10,508635,508772,137
delta_projection,53,11,509225,509362,137
delta_projection,53,12,509817,509954,137
delta_projection,53,13,510407,510544,137
delta_projection,53,14,510997,511134,137
delta_projection,53,15,511587,511724,137
delta_projection,54,0,512179,512316,137
delta_projection,54,1,512769,512906,137
delta_projection,54,2,513359,513496,137
delta_projection,54,3,513949,514086,137
delta_projection,54,4,514541,514678,137
delta_projection,54,5,515131,515268,137
delta_projection,54,6,515721,515858,137
delta_projection,54,7,516311,516448,137
delta_projection,54,8,516903,517040,137
delta_projection,54,9,517493,517630,137
delta_projection,54,10,518083,518220,137
delta_projection,54,11,518673,518810,137
delta_projection,54,12,519265,519402,137
delta_projection,54,13,519855,519992,137
delta_projection,54,14,520445,520582,137
delta_projection,54,15,521035,521172,137
delta_projection,55,0,521627,521764,137
delta_projection,55,1,522217,522354,137
delta_projection,55,2,522807,522944,137
delta_projection,55,3,523397,523534,137
delta_projection,55,4,523989,524126,137
delta_projection,55,5,524579,524716,137
delta_projection,55,6,525169,525306,137
delta_projection,55,7,525759,525896,137
delta_projection,55,8,526351,526488,137
delta_projection,55,9,526941,527078,137
delta_projection,55,10,527531,527668,137
delta_projection,55,11,528121,528258,137
delta_projection,55,12,528713,528850,137
delta_projection,55,13,529303,529440,137
delta_projection,55,14,529893,530030,137
delta_projection,55,15,530483,530620,137
delta_projection,56,0,531075,531212,137
delta_projection,56,1,531665,531802,137
delta_projection,56,2,532255,532392,137
delta_projection,56,3,532845,532982,137
delta_projection,56,4,533437,533574,137
delta_projection,56,5,534027,534164,137
delta_projection,56,6,534617,534754,137
delta_projection,56,7,535207,535344,137
delta_projection,56,8,535799,535936,137
delta_projection,56,9,536389,536526,137
delta_projection,56,10,536979,537116,137
delta_projection,56,11,537569,537706,137
delta_projection,56,12,538161,538298,137
delta_projection,56,13,538751,538888,137
delta_projection,56,14,539341,539478,137
delta_projection,56,15,539931,540068,137
delta_projection,57,0,540523,540660,137
delta_projection,57,1,541113,541250,137
delta_projection,57,2,541703,541840,137
delta_projection,57,3,542293,542430,137
delta_projection,57,4,542885,543022,137
delta_projection,57,5,543475,543612,137
delta_projection,57,6,544065,544202,137
delta_projection,57,7,544655,544792,137
delta_projection,57,8,545247,545384,137
delta_projection,57,9,545837,545974,137
delta_projection,57,10,546427,546564,137
delta_projection,57,11,547017,547154,137
delta_projection,57,12,547609,547746,137
delta_projection,57,13,548199,548336,137
delta_projection,57,14,548789,548926,137
delta_projection,57,15,549379,549516,137
delta_projection,58,0,549971,550108,137
delta_projection,58,1,550561,550698,137
delta_projection,58,2,551151,551288,137
delta_projection,58,3,551741,551878,137
delta_projection,58,4,552333,552470,137
delta_projection,58,5,552923,553060,137
delta_projection,58,6,553513,553650,137
delta_projection,58,7,554103,554240,137
delta_projection,58,8,554695,554832,137
delta_projection,58,9,555285,555422,137
delta_projection,58,10,555875,556012,137
delta_projection,58,11,556465,556602,137
delta_projection,58,12,557057,557194,137
delta_projection,58,13,557647,557784,137
delta_projection,58,14,558237,558374,137
delta_projection,58,15,558827,558964,137
delta_projection,59,0,559419,559556,137
delta_projection,59,1,560009,560146,137
delta_projection,59,2,560599,560736,137
delta_projection,59,3,561189,561326,137
delta_projection,59,4,561781,561918,137
delta_projection,59,5,562371,562508,137
delta_projection,59,6,562961,563098,137
delta_projection,59,7,563551,563688,137
delta_projection,59,8,564143,564280,137
delta_projection,59,9,564733,564870,137
delta_projection,59,10,565323,565460,137
delta_projection,59,11,565913,566050,137
delta_projection,59,12,566505,566642,137
delta_projection,59,13,567095,567232,137
delta_projection,59,14,567685,567822,137
delta_projection,59,15,568275,568412,137
delta_projection,60,0,568867,569004,137
delta_projection,60,1,569457,569594,137
delta_projection,60,2,570047,570184,137
delta_projection,60,3,570637,570774,137
delta_projection,60,4,571229,571366,137
delta_projection,60,5,571819,571956,137
delta_projection,60,6,572409,572546,137
delta_projection,60,7,572999,573136,137
delta_projection,60,8,573591,573728,137
delta_projection,60,9,574181,574318,137
delta_projection,60,10,574771,574908,137
delta_projection,60,11,575361,575498,137
delta_projection,60,12,575953,576090,137
delta_projection,60,13,576543,576680,137
delta_projection,60,14,577133,577270,137
delta_projection,60,15,577723,577860,137
delta_projection,61,0,578315,578452,137
delta_projection,61,1,578905,579042,137
delta_projection,61,2,579495,579632,137
delta_projection,61,3,580085,580222,137
delta_projection,61,4,580677,580814,137
delta_projection,61,5,581267,581404,137
delta_projection,61,6,581857,581994,137
delta_projection,61,7,582447,582584,137
delta_projection,61,8,583039,583176,137
delta_projection,61,9,583629,583766,137
delta_projection,61,10,584219,584356,137
delta_projection,61,11,584809,584946,137
delta_projection,61,12,585401,585538,137
delta_projection,61,13,585991,586128,137
delta_projection,61,14,586581,586718,137
delta_projection,61,15,587171,587308,137
delta_projection,62,0,587763,587900,137
delta_projection,62,1,588353,588490,137
delta_projection,62,2,588943,589080,137
delta_projection,62,3,589533,589670,137
delta_projection,62,4,590125,590262,137
delta_projection,62,5,590715,590852,137
delta_projection,62,6,591305,591442,137
delta_projection,62,7,591895,592032,137
delta_projection,62,8,592487,592624,137
delta_projection,62,9,593077,593214,137
delta_projection,62,10,593667,593804,137
delta_projection,62,11,594257,594394,137
delta_projection,62,12,594849,594986,137
delta_projection,62,13,595439,595576,137
delta_projection,62,14,596029,596166,137
delta_projection,62,15,596619,596756,137
delta_projection,63,0,597211,597348,137
delta_projection,63,1,597801,597938,137
delta_projection,63,2,598391,598528,137
delta_projection,63,3,598981,599118,137
delta_projection,63,4,599573,599710,137
delta_projection,63,5,600163,600300,137
delta_projection,63,6,600753,600890,137
delta_projection,63,7,601343,601480,137
delta_projection,63,8,601935,602072,137
delta_projection,63,9,602525,602662,137
delta_projection,63,10,603115,603252,137
delta_projection,63,11,603705,603842,137
delta_projection,63,12,604297,604434,137
delta_projection,63,13,604887,605024,137
delta_projection,63,14,605477,605614,137
delta_projection,63,15,606067,606204,137
selective_scan,0,0,2124,2467,343
selective_scan,0,1,2714,3057,343
selective_scan,0,2,3304,3647,343
selective_scan,0,3,3894,4237,343
selective_scan,0,4,4486,4829,343
selective_scan,0,5,5076,5419,343
selective_scan,0,6,5666,6009,343
selective_scan,0,7,6256,6599,343
selective_scan,0,8,6848,7191,343
selective_scan,0,9,7438,7781,343
selective_scan,0,10,8028,8371,343
selective_scan,0,11,8618,8961,343
selective_scan,0,12,9210,9553,343
selective_scan,0,13,9800,10143,343
selective_scan,0,14,10390,10733,343
selective_scan,0,15,10980,11323,343
selective_scan,1,0,11572,11915,343
selective_scan,1,1,12162,12505,343
selective_scan,1,2,12752,13095,343
selective_scan,1,3,13342,13685,343
selective_scan,1,4,13934,14277,343
selective_scan,1,5,14524,14867,343
selective_scan,1,6,15114,15457,343
selective_scan,1,7,15704,16047,343
selective_scan,1,8,16296,16639,343
selective_scan,1,9,16886,17229,343
selective_scan,1,10,17476,17819,343
selective_scan,1,11,18066,18409,343
selective_scan,1,12,18658,19001,343
selective_scan,1,13,19248,19591,343
selective_scan,1,14,19838,20181,343
selective_scan,1,15,20428,20771,343
selective_scan,2,0,21020,21363,343
selective_scan,2,1,21610,21953,343
selective_scan,2,2,22200,22543,343
selective_scan,2,3,22790,23133,343
selective_scan,2,4,23382,23725,343
selective_scan,2,5,23972,24315,343
selective_scan,2,6,24562,24905,343
selective_scan,2,7,25152,25495,343
selective_scan,2,8,25744,26087,343
selective_scan,2,9,26334,26677,343
selective_scan,2,10,26924,27267,343
selective_scan,2,11,27514,27857,343
selective_scan,2,12,28106,28449,343
selective_scan,2,13,28696,29039,343
selective_scan,2,14,29286,29629,343
selective_scan,2,15,29876,30219,343
selective_scan,3,0,30468,30811,343
selective_scan,3,1,31058,31401,343
selective_scan,3,2,31648,31991,343
selective_scan,3,3,32238,32581,343
selective_scan,3,4,32830,33173,343
selective_scan,3,5,33420,33763,343
selective_scan,3,6,34010,34353,343
selective_scan,3,7,34600,34943,343
selective_scan,3,8,35192,35535,343
selective_scan,3,9,35782,36125,343
selective_scan,3,10,36372,36715,343
selective_scan,3,11,36962,37305,343
selective_scan,3,12,37554,37897,343
selective_scan,3,13,38144,38487,343
selective_scan,3,14,38734,39077,343
selective_scan,3,15,39324,39667,343
selective_scan,4,0,39916,40259,343
selective_scan,4,1,40506,40849,343
selective_scan,4,2,41096,41439,343
selective_scan,4,3,41686,42029,343
selective_scan,4,4,42278,42621,343
selective_scan,4,5,42868,43211,343
selective_scan,4,6,43458,43801,343
selective_scan,4,7,44048,44391,343
selective_scan,4,8,44640,44983,343
selective_scan,4,9,45230,45573,343
selective_scan,4,10,45820,46163,343
selective_scan,4,11,46410,46753,343
selective_scan,4,12,47002,47345,343
selective_scan,4,13,47592,47935,343
selective_scan,4,14,48182,48525,343
selective_scan,4,15,48772,49115,343
selective_scan,5,0,49364,49707,343
selective_scan,5,1,49954,50297,343
selective_scan,5,2,50544,50887,343
selective_scan,5,3,51134,51477,343
selective_scan,5,4,51726,52069,343
selective_scan,5,5,52316,52659,343
selective_scan,5,6,52906,53249,343
selective_scan,5,7,53496,53839,343
selective_scan,5,8,54088,54431,343
selective_scan,5,9,54678,55021,343
selective_scan,5,10,55268,55611,343
selective_scan,5,11,55858,56201,343
selective_scan,5,12,56450,56793,343
selective_scan,5,13,57040,57383,343
selective_scan,5,14,57630,57973,343
selective_scan,5,15,58220,58563,343
selective_scan,6,0,58812,59155,343
selective_scan,6,1,59402,59745,343
selective_scan,6,2,59992,60335,343
selective_scan,6,3,60582,60925,343
selective_scan,6,4,61174,61517,343
selective_scan,6,5,61764,62107,343
selective_scan,6,6,62354,62697,343
selective_scan,6,7,62944,63287,343
selective_scan,6,8,63536,63879,343
selective_scan,6,9,64126,64469,343
selective_scan,6,10,64716,65059,343
selective_scan,6,11,65306,65649,343
selective_scan,6,12,65898,66241,343
selective_scan,6,13,66488,66831,343
selective_scan,6,14,67078,67421,343
selective_scan,6,15,67668,68011,343
selective_scan,7,0,68260,68603,343
selective_scan,7,1,68850,69193,343
selective_scan,7,2,69440,69783,343
selective_scan,7,3,70030,70373,343
selective_scan,7,4,70622,70965,343
selective_scan,7,5,71212,71555,343
selective_scan,7,6,71802,72145,343
selective_scan,7,7,72392,72735,343
selective_scan,7,8,72984,73327,343
selective_scan,7,9,73574,73917,343
selective_scan,7,10,74164,74507,343
selective_scan,7,11,74754,75097,343
selective_scan,7,12,75346,75689,343
selective_scan,7,13,75936,76279,343
selective_scan,7,14,76526,76869,343
selective_scan,7,15,77116,77459,343
selective_scan,8,0,77708,78051,343
selective_scan,8,1,78298,78641,343
selective_scan,8,2,78888,79231,343
selective_scan,8,3,79478,79821,343
selective_scan,8,4,80070,80413,343
selective_scan,8,5,80660,81003,343
selective_scan,8,6,81250,81593,343
selective_scan,8,7,81840,82183,343
selective_scan,8,8,82432,82775,343
selective_scan,8,9,83022,83365,343
selective_scan,8,10,83612,83955,343
selective_scan,8,11,84202,84545,343
selective_scan,8,12,84794,85137,343
selective_scan,8,13,85384,85727,343
selective_scan,8,14,85974,86317,343
selective_scan,8,15,86564,86907,343
selective_scan,9,0,87156,87499,343
selective_scan,9,1,87746,88089,343
selective_scan,9,2,88336,88679,343
selective_scan,9,3,88926,89269,343
selective_scan,9,4,89518,89861,343
selective_scan,9,5,90108,90451,343
selective_scan,9,6,90698,91041,343
selective_scan,9,7,91288,91631,343
selective_scan,9,8,91880,92223,343
selective_scan,9,9,92470,92813,343
selective_scan,9,10,93060,93403,343
selective_scan,9,11,93650,93993,343
selective_scan,9,12,94242,94585,343
selective_scan,9,13,94832,95175,343
selective_scan,9,14,95422,95765,343
selective_scan,9,15,96012,96355,343
selective_scan,10,0,96604,96947,343
selective_scan,10,1,97194,97537,343
selective_scan,10,2,97784,98127,343
selective_scan,10,3,98374,98717,343
selective_scan,10,4,98966,99309,343
selective_scan,10,5,99556,99899,343
selective_scan,10,6,100146,100489,343
selective_scan,10,7,100736,101079,343
selective_scan,10,8,101328,101671,343
selective_scan,10,9,101918,102261,343
selective_scan,10,10,102508,102851,343
selective_scan,10,11,103098,103441,343
selective_scan,10,12,103690,104033,343
selective_scan,10,13,104280,104623,343
selective_scan,10,14,104870,105213,343
selective_scan,10,15,105460,105803,343
selective_scan,11,0,106052,106395,343
selective_scan,11,1,106642,106985,343
selective_scan,11,2,107232,107575,343
selective_scan,11,3,107822,108165,343
selective_scan,11,4,108414,108757,343
selective_scan,11,5,109004,109347,343
selective_scan,11,6,109594,109937,343
selective_scan,11,7,110184,110527,343
selective_scan,11,8,110776,111119,343
selective_scan,11,9,111366,111709,343
selective_scan,11,10,111956,112299,343
selective_scan,11,11,112546,112889,343
selective_scan,11,12,113138,113481,343
selective_scan,11,13,113728,114071,343
selective_scan,11,14,114318,114661,343
selective_scan,11,15,114908,115251,343
selective_scan,12,0,115500,115843,343
selective_scan,12,1,116090,116433,343
selective_scan,12,2,116680,117023,343
selective_scan,12,3,117270,117613,343
selective_scan,12,4,117862,118205,343
selective_scan,12,5,118452,118795,343
selective_scan,12,6,119042,119385,343
selective_scan,12,7,119632,119975,343
selective_scan,12,8,120224,120567,343
selective_scan,12,9,120814,121157,343
selective_scan,12,10,121404,121747,343
selective_scan,12,11,121994,122337,343
selective_scan,12,12,122586,122929,343
selective_scan,12,13,123176,123519,343
selective_scan,12,14,123766,124109,343
selective_scan,12,15,124356,124699,343
selective_scan,13,0,124948,125291,343
selective_scan,13,1,125538,125881,343
selective_scan,13,2,126128,126471,343
selective_scan,13,3,126718,127061,343
selective_scan,13,4,127310,127653,343
selective_scan,13,5,127900,128243,343
selective_scan,13,6,128490,128833,343
selective_scan,13,7,129080,129423,343
selective_scan,13,8,129672,130015,343
selective_scan,13,9,130262,130605,343
selective_scan,13,10,130852,131195,343
selective_scan,13,11,131442,131785,343
selective_scan,13,12,132034,132377,343
selective_scan,13,13,132624,132967,343
selective_scan,13,14,133214,133557,343
selective_scan,13,15,133804,134147,343
selective_scan,14,0,134396,134739,343
selective_scan,14,1,134986,135329,343
selective_scan,14,2,135576,135919,343
selective_scan,14,3,136166,136509,343
selective_scan,14,4,136758,137101,343
selective_scan,14,5,137348,137691,343
selective_scan,14,6,137938,138281,343
selective_scan,14,7,138528,138871,343
selective_scan,14,8,139120,139463,343
selective_scan,14,9,139710,140053,343
selective_scan,14,10,140300,140643,343
selective_scan,14,11,140890,141233,343
selective_scan,14,12,141482,141825,343
selective_scan,14,13,142072,142415,343
selective_scan,14,14,142662,143005,343
selective_scan,14,15,143252,143595,343
selective_scan,15,0,143844,144187,343
selective_scan,15,1,144434,144777,343
selective_scan,15,2,145024,145367,343
selective_scan,15,3,145614,145957,343
selective_scan,15,4,146206,146549,343
selective_scan,15,5,146796,147139,343
selective_scan,15,6,147386,147729,343
selective_scan,15,7,147976,148319,343
selective_scan,15,8,148568,148911,343
selective_scan,15,9,149158,149501,343
selective_scan,15,10,149748,150091,343
selective_scan,15,11,150338,150681,343
selective_scan,15,12,150930,151273,343
selective_scan,15,13,151520,151863,343
selective_scan,15,14,152110,152453,343
selective_scan,15,15,152700,153043,343
selective_scan,16,0,153292,153635,343
selective_scan,16,1,153882,154225,343
selective_scan,16,2,154472,154815,343
selective_scan,16,3,155062,155405,343
selective_scan,16,4,155654,155997,343
selective_scan,16,5,156244,156587,343
selective_scan,16,6,156834,157177,343
selective_scan,16,7,157424,157767,343
selective_scan,16,8,158016,158359,343
selective_scan,16,9,158606,158949,343
selective_scan,16,10,159196,159539,343
selective_scan,16,11,159786,160129,343
selective_scan,16,12,160378,160721,343
selective_scan,16,13,160968,161311,343
selective_scan,16,14,161558,161901,343
selective_scan,16,15,162148,162491,343
selective_scan,17,0,162740,163083,343
selective_scan,17,1,163330,163673,343
selective_scan,17,2,163920,164263,343
selective_scan,17,3,164510,164853,343
selective_scan,17,4,165102,165445,343
selective_scan,17,5,165692,166035,343
selective_scan,17,6,166282,166625,343
selective_scan,17,7,166872,167215,343
selective_scan,17,8,167464,167807,343
selective_scan,17,9,168054,168397,343
selective_scan,17,10,168644,168987,343
selective_scan,17,11,169234,169577,343
selective_scan,17,12,169826,170169,343
selective_scan,17,13,170416,170759,343
selective_scan,17,14,171006,171349,343
selective_scan,17,15,171596,171939,343
selective_scan,18,0,172188,172531,343
selective_scan,18,1,172778,173121,343
selective_scan,18,2,173368,173711,343
selective_scan,18,3,173958,174301,343
selective_scan,18,4,174550,174893,343
selective_scan,18,5,175140,175483,343
selective_scan,18,6,175730,176073,343
selective_scan,18,7,176320,176663,343
selective_scan,18,8,176912,177255,343
selective_scan,18,9,177502,177845,343
selective_scan,18,10,178092,178435,343
selective_scan,18,11,178682,179025,343
selective_scan,18,12,179274,179617,343
selective_scan,18,13,179864,180207,343
selective_scan,18,14,180454,180797,343
selective_scan,18,15,181044,181387,343
selective_scan,19,0,181636,181979,343
selective_scan,19,1,182226,182569,343
selective_scan,19,2,182816,183159,343
selective_scan,19,3,183406,183749,343
selective_scan,19,4,183998,184341,343
selective_scan,19,5,184588,184931,343
selective_scan,19,6,185178,185521,343
selective_scan,19,7,185768,186111,343
selective_scan,19,8,186360,186703,343
selective_scan,19,9,186950,187293,343
selective_scan,19,10,187540,187883,343
selective_scan,19,11,188130,188473,343
selective_scan,19,12,188722,189065,343
selective_scan,19,13,189312,189655,343
selective_scan,19,14,189902,190245,343
selective_scan,19,15,190492,190835,343
selective_scan,20,0,191084,191427,343
selective_scan,20,1,191674,192017,343
selective_scan,20,2,192264,192607,343
selective_scan,20,3,192854,193197,343
selective_scan,20,4,193446,193789,343
selective_scan,20,5,194036,194379,343
selective_scan,20,6,194626,194969,343
selective_scan,20,7,195216,195559,343
selective_scan,20,8,195808,196151,343
selective_scan,20,9,196398,196741,343
selective_scan,20,10,196988,197331,343
selective_scan,20,11,197578,197921,343
selective_scan,20,12,198170,198513,343
selective_scan,20,13,198760,199103,343
selective_scan,20,14,199350,199693,343
selective_scan,20,15,199940,200283,343
selective_scan,21,0,200532,200875,343
selective_scan,21,1,201122,201465,343
selective_scan,21,2,201712,202055,343
selective_scan,21,3,202302,202645,343
selective_scan,21,4,202894,203237,343
selective_scan,21,5,203484,203827,343
selective_scan,21,6,204074,204417,343
selective_scan,21,7,204664,205007,343
selective_scan,21,8,205256,205599,343
selective_scan,21,9,205846,206189,343
selective_scan,21,10,206436,206779,343
selective_scan,21,11,207026,207369,343
selective_scan,21,12,207618,207961,343
selective_scan,21,13,208208,208551,343
selective_scan,21,14,208798,209141,343
selective_scan,21,15,209388,209731,343
selective_scan,22,0,209980,210323,343
selective_scan,22,1,210570,210913,343
selective_scan,22,2,211160,211503,343
selective_scan,22,3,211750,212093,343
selective_scan,22,4,212342,212685,343
selective_scan,22,5,212932,213275,343
selective_scan,22,6,213522,213865,343
selective_scan,22,7,214112,214455,343
selective_scan,22,8,214704,215047,343
selective_scan,22,9,215294,215637,343
selective_scan,22,10,215884,216227,343
selective_scan,22,11,216474,216817,343
selective_scan,22,12,217066,217409,343
selective_scan,22,13,217656,217999,343
selective_scan,22,14,218246,218589,343
selective_scan,22,15,218836,219179,343
selective_scan,23,0,219428,219771,343
selective_scan,23,1,220018,220361,343
selective_scan,23,2,220608,220951,343
selective_scan,23,3,221198,221541,343
selective_scan,23,4,221790,222133,343
selective_scan,23,5,222380,222723,343
selective_scan,23,6,222970,223313,343
selective_scan,23,7,223560,223903,343
selective_scan,23,8,224152,224495,343
selective_scan,23,9,224742,225085,343
selective_scan,23,10,225332,225675,343
selective_scan,23,11,225922,226265,343
selective_scan,23,12,226514,226857,343
selective_scan,23,13,227104,227447,343
selective_scan,23,14,227694,228037,343
selective_scan,23,15,228284,228627,343
selective_scan,24,0,228876,229219,343
selective_scan,24,1,229466,229809,343
selective_scan,24,2,230056,230399,343
selective_scan,24,3,230646,230989,343
selective_scan,24,4,231238,231581,343
selective_scan,24,5,231828,232171,343
selective_scan,24,6,232418,232761,343
selective_scan,24,7,233008,233351,343
selective_scan,24,8,233600,233943,343
selective_scan,24,9,234190,234533,343
selective_scan,24,10,234780,235123,343
selective_scan,24,11,235370,235713,343
selective_scan,24,12,235962,236305,343
selective_scan,24,13,236552,236895,343
selective_scan,24,14,237142,237485,343
selective_scan,24,15,237732,238075,343
selective_scan,25,0,238324,238667,343
selective_scan,25,1,238914,239257,343
selective_scan,25,2,239504,239847,343
selective_scan,25,3,240094,240437,343
selective_scan,25,4,240686,241029,343
selective_scan,25,5,241276,241619,343
selective_scan,25,6,241866,242209,343
selective_scan,25,7,242456,242799,343
selective_scan,25,8,243048,243391,343
selective_scan,25,9,243638,243981,343
selective_scan,25,10,244228,244571,343
selective_scan,25,11,244818,245161,343
selective_scan,25,12,245410,245753,343
selective_scan,25,13,246000,246343,343
selective_scan,25,14,246590,246933,343
selective_scan,25,15,247180,247523,343
selective_scan,26,0,247772,248115,343
selective_scan,26,1,248362,248705,343
selective_scan,26,2,248952,249295,343
selective_scan,26,3,249542,249885,343
selective_scan,26,4,250134,250477,343
selective_scan,26,5,250724,251067,343
selective_scan,26,6,251314,251657,343
selective_scan,26,7,251904,252247,343
selective_scan,26,8,252496,252839,343
selective_scan,26,9,253086,253429,343
selective_scan,26,10,253676,254019,343
selective_scan,26,11,254266,254609,343
selective_scan,26,12,254858,255201,343
selective_scan,26,13,255448,255791,343
selective_scan,26,14,256038,256381,343
selective_scan,26,15,256628,256971,343
selective_scan,27,0,257220,257563,343
selective_scan,27,1,257810,258153,343
selective_scan,27,2,258400,258743,343
selective_scan,27,3,258990,259333,343
selective_scan,27,4,259582,259925,343
selective_scan,27,5,260172,260515,343
selective_scan,27,6,260762,261105,343
selective_scan,27,7,261352,261695,343
selective_scan,27,8,261944,262287,343
selective_scan,27,9,262534,262877,343
selective_scan,27,10,263124,263467,343
selective_scan,27,11,263714,264057,343
selective_scan,27,12,264306,264649,343
selective_scan,27,13,264896,265239,343
selective_scan,27,14,265486,265829,343
selective_scan,27,15,266076,266419,343
selective_scan,28,0,266668,267011,343
selective_scan,28,1,267258,267601,343
selective_scan,28,2,267848,268191,343
selective_scan,28,3,268438,268781,343
selective_scan,28,4,269030,269373,343
selective_scan,28,5,269620,269963,343
selective_scan,28,6,270210,270553,343
selective_scan,28,7,270800,271143,343
selective_scan,28,8,271392,271735,343
selective_scan,28,9,271982,272325,343
selective_scan,28,10,272572,272915,343
selective_scan,28,11,273162,273505,343
selective_scan,28,12,273754,274097,343
selective_scan,28,13,274344,274687,343
selective_scan,28,14,274934,275277,343
selective_scan,28,15,275524,275867,343
selective_scan,29,0,276116,276459,343
selective_scan,29,1,276706,277049,343
selective_scan,29,2,277296,277639,343
selective_scan,29,3,277886,278229,343
selective_scan,29,4,278478,278821,343
selective_scan,29,5,279068,279411,343
selective_scan,29,6,279658,280001,343
selective_scan,29,7,280248,280591,343
selective_scan,29,8,280840,281183,343
selective_scan,29,9,281430,281773,343
selective_scan,29,10,282020,282363,343
selective_scan,29,11,282610,282953,343
selective_scan,29,12,283202,283545,343
selective_scan,29,13,283792,284135,343
selective_scan,29,14,284382,284725,343
selective_scan,29,15,284972,285315,343
selective_scan,30,0,285564,285907,343
selective_scan,30,1,286154,286497,343
selective_scan,30,2,286744,287087,343
selective_scan,30,3,287334,287677,343
selective_scan,30,4,287926,288269,343
selective_scan,30,5,288516,288859,343
selective_scan,30,6,289106,289449,343
selective_scan,30,7,289696,290039,343
selective_scan,30,8,290288,290631,343
selective_scan,30,9,290878,291221,343
selective_scan,30,10,291468,291811,343
selective_scan,30,11,292058,292401,343
selective_scan,30,12,292650,292993,343
selective_scan,30,13,293240,293583,343
selective_scan,30,14,293830,294173,343
selective_scan,30,15,294420,294763,343
selective_scan,31,0,295012,295355,343
selective_scan,31,1,295602,295945,343
selective_scan,31,2,296192,296535,343
selective_scan,31,3,296782,297125,343
selective_scan,31,4,297374,297717,343
selective_scan,31,5,297964,298307,343
selective_scan,31,6,298554,298897,343
selective_scan,31,7,299144,299487,343
selective_scan,31,8,299736,300079,343
selective_scan,31,9,300326,300669,343
selective_scan,31,10,300916,301259,343
selective_scan,31,11,301506,301849,343
selective_scan,31,12,302098,302441,343
selective_scan,31,13,302688,303031,343
selective_scan,31,14,303278,303621,343
selective_scan,31,15,303868,304211,343
selective_scan,32,0,304460,304803,343
selective_scan,32,1,305050,305393,343
selective_scan,32,2,305640,305983,343
selective_scan,32,3,306230,306573,343
selective_scan,32,4,306822,307165,343
selective_scan,32,5,307412,307755,343
selective_scan,32,6,308002,308345,343
selective_scan,32,7,308592,308935,343
selective_scan,32,8,309184,309527,343
selective_scan,32,9,309774,310117,343
selective_scan,32,10,310364,310707,343
selective_scan,32,11,310954,311297,343
selective_scan,32,12,311546,311889,343
selective_scan,32,13,312136,312479,343
selective_scan,32,14,312726,313069,343
selective_scan,32,15,313316,313659,343
selective_scan,33,0,313908,314251,343
selective_scan,33,1,314498,314841,343
selective_scan,33,2,315088,315431,343
selective_scan,33,3,315678,316021,343
selective_scan,33,4,316270,316613,343
selective_scan,33,5,316860,317203,343
selective_scan,33,6,317450,317793,343
selective_scan,33,7,318040,318383,343
selective_scan,33,8,318632,318975,343
selective_scan,33,9,319222,319565,343
selective_scan,33,10,319812,320155,343
selective_scan,33,11,320402,320745,343
selective_scan,33,12,320994,321337,343
selective_scan,33,13,321584,321927,343
selective_scan,33,14,322174,322517,343
selective_scan,33,15,322764,323107,343
selective_scan,34,0,323356,323699,343
selective_scan,34,1,323946,324289,343
selective_scan,34,2,324536,324879,343
selective_scan,34,3,325126,325469,343
selective_scan,34,4,325718,326061,343
selective_scan,34,5,326308,326651,343
selective_scan,34,6,326898,327241,343
selective_scan,34,7,327488,327831,343
selective_scan,34,8,328080,328423,343
selective_scan,34,9,328670,329013,343
selective_scan,34,10,329260,329603,343
selective_scan,34,11,329850,330193,343
selective_scan,34,12,330442,330785,343
selective_scan,34,13,331032,331375,343
selective_scan,34,14,331622,331965,343
selective_scan,34,15,332212,332555,343
selective_scan,35,0,332804,333147,343
selective_scan,35,1,333394,333737,343
selective_scan,35,2,333984,334327,343
selective_scan,35,3,334574,334917,343
selective_scan,35,4,335166,335509,343
selective_scan,35,5,335756,336099,343
selective_scan,35,6,336346,336689,343
selective_scan,35,7,336936,337279,343
selective_scan,35,8,337528,337871,343
selective_scan,35,9,338118,338461,343
selective_scan,35,10,338708,339051,343
selective_scan,35,11,339298,339641,343
selective_scan,35,12,339890,340233,343
selective_scan,35,13,340480,340823,343
selective_scan,35,14,341070,341413,343
selective_scan,35,15,341660,342003,343
selective_scan,36,0,342252,342595,343
selective_scan,36,1,342842,343185,343
selective_scan,36,2,343432,343775,343
selective_scan,36,3,344022,344365,343
selective_scan,36,4,344614,344957,343
selective_scan,36,5,345204,345547,343
selective_scan,36,6,345794,346137,343
selective_scan,36,7,346384,346727,343
selective_scan,36,8,346976,347319,343
selective_scan,36,9,347566,347909,343
selective_scan,36,10,348156,348499,343
selective_scan,36,11,348746,349089,343
selective_scan,36,12,349338,349681,343
selective_scan,36,13,349928,350271,343
selective_scan,36,14,350518,350861,343
selective_scan,36,15,351108,351451,343
selective_scan,37,0,351700,352043,343
selective_scan,37,1,352290,352633,343
selective_scan,37,2,352880,353223,343
selective_scan,37,3,353470,353813,343
selective_scan,37,4,354062,354405,343
selective_scan,37,5,354652,354995,343
selective_scan,37,6,355242,355585,343
selective_scan,37,7,355832,356175,343
selective_scan,37,8,356424,356767,343
selective_scan,37,9,357014,357357,343
selective_scan,37,10,357604,357947,343
selective_scan,37,11,358194,358537,343
selective_scan,37,12,358786,359129,343
selective_scan,37,13,359376,359719,343
selective_scan,37,14,359966,360309,343
selective_scan,37,15,360556,360899,343
selective_scan,38,0,361148,361491,343
selective_scan,38,1,361738,362081,343
selective_scan,38,2,362328,362671,343
selective_scan,38,3,362918,363261,343
selective_scan,38,4,363510,363853,343
selective_scan,38,5,364100,364443,343
selective_scan,38,6,364690,365033,343
selective_scan,38,7,365280,365623,343
selective_scan,38,8,365872,366215,343
selective_scan,38,9,366462,366805,343
selective_scan,38,10,367052,367395,343
selective_scan,38,11,367642,367985,343
selective_scan,38,12,368234,368577,343
selective_scan,38,13,368824,369167,343
selective_scan,38,14,369414,369757,343
selective_scan,38,15,370004,370347,343
selective_scan,39,0,370596,370939,343
selective_scan,39,1,371186,371529,343
selective_scan,39,2,371776,372119,343
selective_scan,39,3,372366,372709,343
selective_scan,39,4,372958,373301,343
selective_scan,39,5,373548,373891,343
selective_scan,39,6,374138,374481,343
selective_scan,39,7,374728,375071,343
selective_scan,39,8,375320,375663,343
selective_scan,39,9,375910,376253,343
selective_scan,39,10,376500,376843,343
selective_scan,39,11,377090,377433,343
selective_scan,39,12,377682,378025,343
selective_scan,39,13,378272,378615,343
selective_scan,39,14,378862,379205,343
selective_scan,39,15,379452,379795,343
selective_scan,40,0,380044,380387,343
selective_scan,40,1,380634,380977,343
selective_scan,40,2,381224,381567,343
selective_scan,40,3,381814,382157,343
selective_scan,40,4,382406,382749,343
selective_scan,40,5,382996,383339,343
selective_scan,40,6,383586,383929,343
selective_scan,40,7,384176,384519,343
selective_scan,40,8,384768,385111,343
selective_scan,40,9,385358,385701,343
selective_scan,40,10,385948,386291,343
selective_scan,40,11,386538,386881,343
selective_scan,40,12,387130,387473,343
selective_scan,40,13,387720,388063,343
selective_scan,40,14,388310,388653,343
selective_scan,40,15,388900,389243,343
selective_scan,41,0,389492,389835,343
selective_scan,41,1,390082,390425,343
selective_scan,41,2,390672,391015,343
selective_scan,41,3,391262,391605,343
selective_scan,41,4,391854,392197,343
selective_scan,41,5,392444,392787,343
selective_scan,41,6,393034,393377,343
selective_scan,41,7,393624,393967,343
selective_scan,41,8,394216,394559,343
selective_scan,41,9,394806,395149,343
selective_scan,41,10,395396,395739,343
selective_scan,41,11,395986,396329,343
selective_scan,41,12,396578,396921,343
selective_scan,41,13,397168,397511,343
selective_scan,41,14,397758,398101,343
selective_scan,41,15,398348,398691,343
selective_scan,42,0,398940,399283,343
selective_scan,42,1,399530,399873,343
selective_scan,42,2,400120,400463,343
selective_scan,42,3,400710,401053,343
selective_scan,42,4,401302,401645,343
selective_scan,42,5,401892,402235,343
selective_scan,42,6,402482,402825,343
selective_scan,42,7,403072,403415,343
selective_scan,42,8,403664,404007,343
selective_scan,42,9,404254,404597,343
selective_scan,42,10,404844,405187,343
selective_scan,42,11,405434,405777,343
selective_scan,42,12,406026,406369,343
selective_scan,42,13,406616,406959,343
selective_scan,42,14,407206,407549,343
selective_scan,42,15,407796,408139,343
selective_scan,43,0,408388,408731,343
selective_scan,43,1,408978,409321,343
selective_scan,43,2,409568,409911,343
selective_scan,43,3,410158,410501,343
selective_scan,43,4,410750,411093,343
selective_scan,43,5,411340,411683,343
selective_scan,43,6,411930,412273,343
selective_scan,43,7,412520,412863,343
selective_scan,43,8,413112,413455,343
selective_scan,43,9,413702,414045,343
selective_scan,43,10,414292,414635,343
selective_scan,43,11,414882,415225,343
selective_scan,43,12,415474,415817,343
selective_scan,43,13,416064,416407,343
selective_scan,43,14,416654,416997,343
selective_scan,43,15,417244,417587,343
selective_scan,44,0,417836,418179,343
selective_scan,44,1,418426,418769,343
selective_scan,44,2,419016,419359,343
selective_scan,44,3,419606,419949,343
selective_scan,44,4,420198,420541,343
selective_scan,44,5,420788,421131,343
selective_scan,44,6,421378,421721,343
selective_scan,44,7,421968,422311,343
selective_scan,44,8,422560,422903,343
selective_scan,44,9,423150,423493,343
selective_scan,44,10,423740,424083,343
selective_scan,44,11,424330,424673,343
selective_scan,44,12,424922,425265,343
selective_scan,44,13,425512,425855,343
selective_scan,44,14,426102,426445,343
selective_scan,44,15,426692,427035,343
selective_scan,45,0,427284,427627,343
selective_scan,45,1,427874,428217,343
selective_scan,45,2,428464,428807,343
selective_scan,45,3,429054,429397,343
selective_scan,45,4,429646,429989,343
selective_scan,45,5,430236,430579,343
selective_scan,45,6,430826,431169,343
selective_scan,45,7,431416,431759,343
selective_scan,45,8,432008,432351,343
selective_scan,45,9,432598,432941,343
selective_scan,45,10,433188,433531,343
selective_scan,45,11,433778,434121,343
selective_scan,45,12,434370,434713,343
selective_scan,45,13,434960,435303,343
selective_scan,45,14,435550,435893,343
selective_scan,45,15,436140,436483,343
selective_scan,46,0,436732,437075,343
selective_scan,46,1,437322,437665,343
selective_scan,46,2,437912,438255,343
selective_scan,46,3,438502,438845,343
selective_scan,46,4,439094,439437,343
selective_scan,46,5,439684,440027,343
selective_scan,46,6,440274,440617,343
selective_scan,46,7,440864,441207,343
selective_scan,46,8,441456,441799,343
selective_scan,46,9,442046,442389,343
selective_scan,46,10,442636,442979,343
selective_scan,46,11,443226,443569,343
selective_scan,46,12,443818,444161,343
selective_scan,46,13,444408,444751,343
selective_scan,46,14,444998,445341,343
selective_scan,46,15,445588,445931,343
selective_scan,47,0,446180,446523,343
selective_scan,47,1,446770,447113,343
selective_scan,47,2,447360,447703,343
selective_scan,47,3,447950,448293,343
selective_scan,47,4,448542,448885,343
selective_scan,47,5,449132,449475,343
selective_scan,47,6,449722,450065,343
selective_scan,47,7,450312,450655,343
selective_scan,47,8,450904,451247,343
selective_scan,47,9,451494,451837,343
selective_scan,47,10,452084,452427,343
selective_scan,47,11,452674,453017,343
selective_scan,47,12,453266,453609,343
selective_scan,47,13,453856,454199,343
selective_scan,47,14,454446,454789,343
selective_scan,47,15,455036,455379,343
selective_scan,48,0,455628,455971,343
selective_scan,48,1,456218,456561,343
selective_scan,48,2,456808,457151,343
selective_scan,48,3,457398,457741,343
selective_scan,48,4,457990,458333,343
selective_scan,48,5,458580,458923,343
selective_scan,48,6,459170,459513,343
selective_scan,48,7,459760,460103,343
selective_scan,48,8,460352,460695,343
selective_scan,48,9,460942,461285,343
selective_scan,48,10,461532,461875,343
selective_scan,48,11,462122,462465,343
selective_scan,48,12,462714,463057,343
selective_scan,48,13,463304,463647,343
selective_scan,48,14,463894,464237,343
selective_scan,48,15,464484,464827,343
selective_scan,49,0,465076,465419,343
selective_scan,49,1,465666,466009,343
selective_scan,49,2,466256,466599,343
selective_scan,49,3,466846,467189,343
selective_scan,49,4,467438,467781,343
selective_scan,49,5,468028,468371,343
selective_scan,49,6,468618,468961,343
selective_scan,49,7,469208,469551,343
selective_scan,49,8,469800,470143,343
selective_scan,49,9,470390,470733,343
selective_scan,49,10,470980,471323,343
selective_scan,49,11,471570,471913,343
selective_scan,49,12,472162,472505,343
selective_scan,49,13,472752,473095,343
selective_scan,49,14,473342,473685,343
selective_scan,49,15,473932,474275,343
selective_scan,50,0,474524,474867,343
selective_scan,50,1,475114,475457,343
selective_scan,50,2,475704,476047,343
selective_scan,50,3,476294,476637,343
selective_scan,50,4,476886,477229,343
selective_scan,50,5,477476,477819,343
selective_scan,50,6,478066,478409,343
selective_scan,50,7,478656,478999,343
selective_scan,50,8,479248,479591,343
selective_scan,50,9,479838,480181,343
selective_scan,50,10,480428,480771,343
selective_scan,50,11,481018,481361,343
selective_scan,50,12,481610,481953,343
selective_scan,50,13,482200,482543,343
selective_scan,50,14,482790,483133,343
selective_scan,50,15,483380,483723,343
selective_scan,51,0,483972,484315,343
selective_scan,51,1,484562,484905,343
selective_scan,51,2,485152,485495,343
selective_scan,51,3,485742,486085,343
selective_scan,51,4,486334,486677,343
selective_scan,51,5,486924,487267,343
selective_scan,51,6,487514,487857,343
selective_scan,51,7,488104,488447,343
selective_scan,51,8,488696,489039,343
selective_scan,51,9,489286,489629,343
selective_scan,51,10,489876,490219,343
selective_scan,51,11,490466,490809,343
selective_scan,51,12,491058,491401,343
selective_scan,51,13,491648,491991,343
selective_scan,51,14,492238,492581,343
selective_scan,51,15,492828,493171,343
selective_scan,52,0,493420,493763,343
selective_scan,52,1,494010,494353,343
selective_scan,52,2,494600,494943,343
selective_scan,52,3,495190,495533,343
selective_scan,52,4,495782,496125,343
selective_scan,52,5,496372,496715,343
selective_scan,52,6,496962,497305,343
selective_scan,52,7,497552,497895,343
selective_scan,52,8,498144,498487,343
selective_scan,52,9,498734,499077,343
selective_scan,52,10,499324,499667,343
selective_scan,52,11,499914,500257,343
selective_scan,52,12,500506,500849,343
selective_scan,52,13,501096,501439,343
selective_scan,52,14,501686,502029,343
selective_scan,52,15,502276,502619,343
selective_scan,53,0,502868,503211,343
selective_scan,53,1,503458,503801,343
selective_scan,53,2,504048,504391,343
selective_scan,53,3,504638,504981,343
selective_scan,53,4,505230,505573,343
selective_scan,53,5,505820,506163,343
selective_scan,53,6,506410,506753,343
selective_scan,53,7,507000,507343,343
selective_scan,53,8,507592,507935,343
selective_scan,53,9,508182,508525,343
selective_scan,53,10,508772,509115,343
selective_scan,53,11,509362,509705,343
selective_scan,53,12,509954,510297,343
selective_scan,53,13,510544,510887,343
selective_scan,53,14,511134,511477,343
selective_scan,53,15,511724,512067,343
selective_scan,54,0,512316,512659,343
selective_scan,54,1,512906,513249,343
selective_scan,54,2,513496,513839,343
selective_scan,54,3,514086,514429,343
selective_scan,54,4,514678,515021,343
selective_scan,54,5,515268,515611,343
selective_scan,54,6,515858,516201,343
selective_scan,54,7,516448,516791,343
selective_scan,54,8,517040,517383,343
selective_scan,54,9,517630,517973,343
selective_scan,54,10,518220,518563,343
selective_scan,54,11,518810,519153,343
selective_scan,54,12,519402,519745,343
selective_scan,54,13,519992,520335,343
selective_scan,54,14,520582,520925,343
selective_scan,54,15,521172,521515,343
selective_scan,55,0,521764,522107,343
selective_scan,55,1,522354,522697,343
selective_scan,55,2,522944,523287,343
selective_scan,55,3,523534,523877,343
selective_scan,55,4,524126,524469,343
selective_scan,55,5,524716,525059,343
selective_scan,55,6,525306,525649,343
selective_scan,55,7,525896,526239,343
selective_scan,55,8,526488,526831,343
selective_scan,55,9,527078,527421,343
selective_scan,55,10,527668,528011,343
selective_scan,55,11,528258,528601,343
selective_scan,55,12,528850,529193,343
selective_scan,55,13,529440,529783,343
selective_scan,55,14,530030,530373,343
selective_scan,55,15,530620,530963,343
selective_scan,56,0,531212,531555,343
selective_scan,56,1,531802,532145,343
selective_scan,56,2,532392,532735,343
selective_scan,56,3,532982,533325,343
selective_scan,56,4,533574,533917,343
selective_scan,56,5,534164,534507,343
selective_scan,56,6,534754,535097,343
selective_scan,56,7,535344,535687,343
selective_scan,56,8,535936,536279,343
selective_scan,56,9,536526,536869,343
selective_scan,56,10,537116,537459,343
selective_scan,56,11,537706,538049,343
selective_scan,56,12,538298,538641,343
selective_scan,56,13,538888,539231,343
selective_scan,56,14,539478,539821,343
selective_scan,56,15,540068,540411,343
selective_scan,57,0,540660,541003,343
selective_scan,57,1,541250,541593,343
selective_scan,57,2,541840,542183,343
selective_scan,57,3,542430,542773,343
selective_scan,57,4,543022,543365,343
selective_scan,57,5,543612,543955,343
selective_scan,57,6,544202,544545,343
selective_scan,57,7,544792,545135,343
selective_scan,57,8,545384,545727,343
selective_scan,57,9,545974,546317,343
selective_scan,57,10,546564,546907,343
selective_scan,57,11,547154,547497,343
selective_scan,57,12,547746,548089,343
selective_scan,57,13,548336,548679,343
selective_scan,57,14,548926,549269,343
selective_scan,57,15,549516,549859,343
selective_scan,58,0,550108,550451,343
selective_scan,58,1,550698,551041,343
selective_scan,58,2,551288,551631,343
selective_scan,58,3,551878,552221,343
selective_scan,58,4,552470,552813,343
selective_scan,58,5,553060,553403,343
selective_scan,58,6,553650,553993,343
selective_scan,58,7,554240,554583,343
selective_scan,58,8,554832,555175,343
selective_scan,58,9,555422,555765,343
selective_scan,58,10,556012,556355,343
selective_scan,58,11,556602,556945,343
selective_scan,58,12,557194,557537,343
selective_scan,58,13,557784,558127,343
selective_scan,58,14,558374,558717,343
selective_scan,58,15,558964,559307,343
selective_scan,59,0,559556,559899,343
selective_scan,59,1,560146,560489,343
selective_scan,59,2,560736,561079,343
selective_scan,59,3,561326,561669,343
selective_scan,59,4,561918,562261,343
selective_scan,59,5,562508,562851,343
selective_scan,59,6,563098,563441,343
selective_scan,59,7,563688,564031,343
selective_scan,59,8,564280,564623,343
selective_scan,59,9,564870,565213,343
selective_scan,59,10,565460,565803,343
selective_scan,59,11,566050,566393,343
selective_scan,59,12,566642,566985,343
selective_scan,59,13,567232,567575,343
selective_scan,59,14,567822,568165,343
selective_scan,59,15,568412,568755,343
selective_scan,60,0,569004,569347,343
selective_scan,60,1,569594,569937,343
selective_scan,60,2,570184,570527,343
selective_scan,60,3,570774,571117,343
selective_scan,60,4,571366,571709,343
selective_scan,60,5,571956,572299,343
selective_scan,60,6,572546,572889,343
selective_scan,60,7,573136,573479,343
selective_scan,60,8,573728,574071,343
selective_scan,60,9,574318,574661,343
selective_scan,60,10,574908,575251,343
selective_scan,60,11,575498,575841,343
selective_scan,60,12,576090,576433,343
selective_scan,60,13,576680,577023,343
selective_scan,60,14,577270,577613,343
selective_scan,60,15,577860,578203,343
selective_scan,61,0,578452,578795,343
selective_scan,61,1,579042,579385,343
selective_scan,61,2,579632,579975,343
selective_scan,61,3,580222,580565,343
selective_scan,61,4,580814,581157,343
selective_scan,61,5,581404,581747,343
selective_scan,61,6,581994,582337,343
selective_scan,61,7,582584,582927,343
selective_scan,61,8,583176,583519,343
selective_scan,61,9,583766,584109,343
selective_scan,61,10,584356,584699,343
selective_scan,61,11,584946,585289,343
selective_scan,61,12,585538,585881,343
selective_scan,61,13,586128,586471,343
selective_scan,61,14,586718,587061,343
selective_scan,61,15,587308,587651,343
selective_scan,62,0,587900,588243,343
selective_scan,62,1,588490,588833,343
selective_scan,62,2,589080,589423,343
selective_scan,62,3,589670,590013,343
selective_scan,62,4,590262,590605,343
selective_scan,62,5,590852,591195,343
selective_scan,62,6,591442,591785,343
selective_scan,62,7,592032,592375,343
selective_scan,62,8,592624,592967,343
selective_scan,62,9,593214,593557,343
selective_scan,62,10,593804,594147,343
selective_scan,62,11,594394,594737,343
selective_scan,62,12,594986,595329,343
selective_scan,62,13,595576,595919,343
selective_scan,62,14,596166,596509,343
selective_scan,62,15,596756,597099,343
selective_scan,63,0,597348,597691,343
selective_scan,63,1,597938,598281,343
selective_scan,63,2,598528,598871,343
selective_scan,63,3,599118,599461,343
selective_scan,63,4,599710,600053,343
selective_scan,63,5,600300,600643,343
selective_scan,63,6,600890,601233,343
selective_scan,63,7,601480,601823,343
selective_scan,63,8,602072,602415,343
selective_scan,63,9,602662,603005,343
selective_scan,63,10,603252,603595,343
selective_scan,63,11,603842,604185,343
selective_scan,63,12,604434,604777,343
selective_scan,63,13,605024,605367,343
selective_scan,63,14,605614,605957,343
selective_scan,63,15,606204,606547,343
gating,0,0,2467,2511,44
gating,0,1,3057,3101,44
gating,0,2,3647,3691,44
gating,0,3,4237,4281,44
gating,0,4,4829,4873,44
gating,0,5,5419,5463,44
gating,0,6,6009,6053,44
gating,0,7,6599,6643,44
gating,0,8,7191,7235,44
gating,0,9,7781,7825,44
gating,0,10,8371,8415,44
gating,0,11,8961,9005,44
gating,0,12,9553,9597,44
gating,0,13,10143,10187,44
gating,0,14,10733,10777,44
gating,0,15,11323,11367,44
gating,1,0,11915,11959,44
gating,1,1,12505,12549,44
gating,1,2,13095,13139,44
gating,1,3,13685,13729,44
gating,1,4,14277,14321,44
gating,1,5,14867,14911,44
gating,1,6,15457,15501,44
gating,1,7,16047,16091,44
gating,1,8,16639,16683,44
gating,1,9,17229,17273,44
gating,1,10,17819,17863,44
gating,1,11,18409,18453,44
gating,1,12,19001,19045,44
gating,1,13,19591,19635,44
gating,1,14,20181,20225,44
gating,1,15,20771,20815,44
gating,2,0,21363,21407,44
gating,2,1,21953,21997,44
gating,2,2,22543,22587,44
gating,2,3,23133,23177,44
gating,2,4,23725,23769,44
gating,2,5,24315,24359,44
gating,2,6,24905,24949,44
gating,2,7,25495,25539,44
gating,2,8,26087,26131,44
gating,2,9,26677,26721,44
gating,2,10,27267,27311,44
gating,2,11,27857,27901,44
gating,2,12,28449,28493,44
gating,2,13,29039,29083,44
gating,2,14,29629,29673,44
gating,2,15,30219,30263,44
gating,3,0,30811,30855,44
gating,3,1,31401,31445,44
gating,3,2,31991,32035,44
gating,3,3,32581,32625,44
gating,3,4,33173,33217,44
gating,3,5,33763,33807,44
gating,3,6,34353,34397,44
gating,3,7,34943,34987,44
gating,3,8,35535,35579,44
gating,3,9,36125,36169,44
gating,3,10,36715,36759,44
gating,3,11,37305,37349,44
gating,3,12,37897,37941,44
gating,3,13,38487,38531,44
gating,3,14,39077,39121,44
gating,3,15,39667,39711,44
gating,4,0,40259,40303,44
gating,4,1,40849,40893,44
gating,4,2,41439,41483,44
gating,4,3,42029,42073,44
gating,4,4,42621,42665,44
gating,4,5,43211,43255,44
gating,4,6,43801,43845,44
gating,4,7,44391,44435,44
gating,4,8,44983,45027,44
gating,4,9,45573,45617,44
gating,4,10,46163,46207,44
gating,4,11,46753,46797,44
gating,4,12,47345,47389,44
gating,4,13,47935,47979,44
gating,4,14,48525,48569,44
gating,4,15,49115,49159,44
gating,5,0,49707,49751,44
gating,5,1,50297,50341,44
gating,5,2,50887,50931,44
gating,5,3,51477,51521,44
gating,5,4,52069,52113,44
gating,5,5,52659,52703,44
gating,5,6,53249,53293,44
gating,5,7,53839,53883,44
gating,5,8,54431,54475,44
gating,5,9,55021,55065,44
gating,5,10,55611,55655,44
gating,5,11,56201,56245,44
gating,5,12,56793,56837,44
gating,5,13,57383,57427,44
gating,5,14,57973,58017,44
gating,5,15,58563,58607,44
gating,6,0,59155,59199,44
gating,6,1,59745,59789,44
gating,6,2,60335,60379,44
gating,6,3,60925,60969,44
gating,6,4,61517,61561,44
gating,6,5,62107,62151,44
gating,6,6,62697,62741,44
gating,6,7,63287,63331,44
gating,6,8,63879,63923,44
gating,6,9,64469,64513,44
gating,6,10,65059,65103,44
gating,6,11,65649,65693,44
gating,6,12,66241,66285,44
gating,6,13,66831,66875,44
gating,6,14,67421,67465,44
gating,6,15,68011,68055,44
gating,7,0,68603,68647,44
gating,7,1,69193,69237,44
gating,7,2,69783,69827,44
gating,7,3,70373,70417,44
gating,7,4,70965,71009,44
gating,7,5,71555,71599,44
gating,7,6,72145,72189,44
gating,7,7,72735,72779,44
gating,7,8,73327,73371,44
gating,7,9,73917,73961,44
gating,7,10,74507,74551,44
gating,7,11,75097,75141,44
gating,7,12,75689,75733,44
gating,7,13,76279,76323,44
gating,7,14,76869,76913,44
gating,7,15,77459,77503,44
gating,8,0,78051,78095,44
gating,8,1,78641,78685,44
gating,8,2,79231,79275,44
gating,8,3,79821,79865,44
gating,8,4,80413,80457,44
gating,8,5,81003,81047,44
gating,8,6,81593,81637,44
gating,8,7,82183,82227,44
gating,8,8,82775,82819,44
gating,8,9,83365,83409,44
gating,8,10,83955,83999,44
gating,8,11,84545,84589,44
gating,8,12,85137,85181,44
gating,8,13,85727,85771,44
gating,8,14,86317,86361,44
gating,8,15,86907,86951,44
gating,9,0,87499,87543,44
gating,9,1,88089,88133,44
gating,9,2,88679,88723,44
gating,9,3,89269,89313,44
gating,9,4,89861,89905,44
gating,9,5,90451,90495,44
gating,9,6,91041,91085,44
gating,9,7,91631,91675,44
gating,9,8,92223,92267,44
gating,9,9,92813,92857,44
gating,9,10,93403,93447,44
gating,9,11,93993,94037,44
gating,9,12,94585,94629,44
gating,9,13,95175,95219,44
gating,9,14,95765,95809,44
gating,9,15,96355,96399,44
gating,10,0,96947,96991,44
gating,10,1,97537,97581,44
gating,10,2,98127,98171,44
gating,10,3,98717,98761,44
gating,10,4,99309,99353,44
gating,10,5,99899,99943,44
gating,10,6,100489,100533,44
gating,10,7,101079,101123,44
gating,10,8,101671,101715,44
gating,10,9,102261,102305,44
gating,10,10,102851,102895,44
gating,10,11,103441,103485,44
gating,10,12,104033,104077,44
gating,10,13,104623,104667,44
gating,10,14,105213,105257,44
gating,10,15,105803,105847,44
gating,11,0,106395,106439,44
gating,11,1,106985,107029,44
gating,11,2,107575,107619,44
gating,11,3,108165,108209,44
gating,11,4,108757,108801,44
gating,11,5,109347,109391,44
gating,11,6,109937,109981,44
gating,11,7,110527,110571,44
gating,11,8,111119,111163,44
gating,11,9,111709,111753,44
gating,11,10,112299,112343,44
gating,11,11,112889,112933,44
gating,11,12,113481,113525,44
gating,11,13,114071,114115,44
gating,11,14,114661,114705,44
gating,11,15,115251,115295,44
gating,12,0,115843,115887,44
gating,12,1,116433,116477,44
gating,12,2,117023,117067,44
gating,12,3,117613,117657,44
gating,12,4,118205,118249,44
gating,12,5,118795,118839,44
gating,12,6,119385,119429,44
gating,12,7,119975,120019,44
gating,12,8,120567,120611,44
gating,12,9,121157,121201,44
gating,12,10,121747,121791,44
gating,12,11,122337,122381,44
gating,12,12,122929,122973,44
gating,12,13,123519,123563,44
gating,12,14,124109,124153,44
gating,12,15,124699,124743,44
gating,13,0,125291,125335,44
gating,13,1,125881,125925,44
gating,13,2,126471,126515,44
gating,13,3,127061,127105,44
gating,13,4,127653,127697,44
gating,13,5,128243,128287,44
gating,13,6,128833,128877,44
gating,13,7,129423,129467,44
gating,13,8,130015,130059,44
gating,13,9,130605,130649,44
gating,13,10,131195,131239,44
gating,13,11,131785,131829,44
gating,13,12,132377,132421,44
gating,13,13,132967,133011,44
gating,13,14,133557,133601,44
gating,13,15,134147,134191,44
gating,14,0,134739,134783,44
gating,14,1,135329,135373,44
gating,14,2,135919,135963,44
gating,14,3,136509,136553,44
gating,14,4,137101,137145,44
gating,14,5,137691,137735,44
gating,14,6,138281,138325,44
gating,14,7,138871,138915,44
gating,14,8,139463,139507,44
gating,14,9,140053,140097,44
gating,14,10,140643,140687,44
gating,14,11,141233,141277,44
gating,14,12,141825,141869,44
gating,14,13,142415,142459,44
gating,14,14,143005,143049,44
gating,14,15,143595,143639,44
gating,15,0,144187,144231,44
gating,15,1,144777,144821,44
gating,15,2,145367,145411,44
gating,15,3,145957,146001,44
gating,15,4,146549,146593,44
gating,15,5,147139,147183,44
gating,15,6,147729,147773,44
gating,15,7,148319,148363,44
gating,15,8,148911,148955,44
gating,15,9,149501,149545,44
gating,15,10,150091,150135,44
gating,15,11,150681,150725,44
gating,15,12,151273,151317,44
gating,15,13,151863,151907,44
gating,15,14,152453,152497,44
gating,15,15,153043,153087,44
gating,16,0,153635,153679,44
gating,16,1,154225,154269,44
gating,16,2,154815,154859,44
gating,16,3,155405,155449,44
gating,16,4,155997,156041,44
gating,16,5,156587,156631,44
gating,16,6,157177,157221,44
gating,16,7,157767,157811,44
gating,16,8,158359,158403,44
gating,16,9,158949,158993,44
gating,16,10,159539,159583,44
gating,16,11,160129,160173,44
gating,16,12,160721,160765,44
gating,16,13,161311,161355,44
gating,16,14,161901,161945,44
gating,16,15,162491,162535,44
gating,17,0,163083,163127,44
gating,17,1,163673,163717,44
gating,17,2,164263,164307,44
gating,17,3,164853,164897,44
gating,17,4,165445,165489,44
gating,17,5,166035,166079,44
gating,17,6,166625,166669,44
gating,17,7,167215,167259,44
gating,17,8,167807,167851,44
gating,17,9,168397,168441,44
gating,17,10,168987,169031,44
gating,17,11,169577,169621,44
gating,17,12,170169,170213,44
gating,17,13,170759,170803,44
gating,17,14,171349,171393,44
gating,17,15,171939,171983,44
gating,18,0,172531,172575,44
gating,18,1,173121,173165,44
gating,18,2,173711,173755,44
gating,18,3,174301,174345,44
gating,18,4,174893,174937,44
gating,18,5,175483,175527,44
gating,18,6,176073,176117,44
gating,18,7,176663,176707,44
gating,18,8,177255,177299,44
gating,18,9,177845,177889,44
gating,18,10,178435,178479,44
gating,18,11,179025,179069,44
gating,18,12,179617,179661,44
gating,18,13,180207,180251,44
gating,18,14,180797,180841,44
gating,18,15,181387,181431,44
gating,19,0,181979,182023,44
gating,19,1,182569,182613,44
gating,19,2,183159,183203,44
gating,19,3,183749,183793,44
gating,19,4,184341,184385,44
gating,19,5,184931,184975,44
gating,19,6,185521,185565,44
gating,19,7,186111,186155,44
gating,19,8,186703,186747,44
gating,19,9,187293,187337,44
gating,19,10,187883,187927,44
gating,19,11,188473,188517,44
gating,19,12,189065,189109,44
gating,19,13,189655,189699,44
gating,19,14,190245,190289,44
gating,19,15,190835,190879,44
gating,20,0,191427,191471,44
gating,20,1,192017,192061,44
gating,20,2,192607,192651,44
gating,20,3,193197,193241,44
gating,20,4,193789,193833,44
gating,20,5,194379,194423,44
gating,20,6,194969,195013,44
gating,20,7,195559,195603,44
gating,20,8,196151,196195,44
gating,20,9,196741,196785,44
gating,20,10,197331,197375,44
gating,20,11,197921,197965,44
gating,20,12,198513,198557,44
gating,20,13,199103,199147,44
gating,20,14,199693,199737,44
gating,20,15,200283,200327,44
gating,21,0,200875,200919,44
gating,21,1,201465,201509,44
gating,21,2,202055,202099,44
gating,21,3,202645,202689,44
gating,21,4,203237,203281,44
gating,21,5,203827,203871,44
gating,21,6,204417,204461,44
gating,21,7,205007,205051,44
gating,21,8,205599,205643,44
gating,21,9,206189,206233,44
gating,21,10,206779,206823,44
gating,21,11,207369,207413,44
gating,21,12,207961,208005,44
gating,21,13,208551,208595,44
gating,21,14,209141,209185,44
gating,21,15,209731,209775,44
gating,22,0,210323,210367,44
gating,22,1,210913,210957,44
gating,22,2,211503,211547,44
gating,22,3,212093,212137,44
gating,22,4,212685,212729,44
gating,22,5,213275,213319,44
gating,22,6,213865,213909,44
gating,22,7,214455,214499,44
gating,22,8,215047,215091,44
gating,22,9,215637,215681,44
gating,22,10,216227,216271,44
gating,22,11,216817,216861,44
gating,22,12,217409,217453,44
gating,22,13,217999,218043,44
gating,22,14,218589,218633,44
gating,22,15,219179,219223,44
gating,23,0,219771,219815,44
gating,23,1,220361,220405,44
gating,23,2,220951,220995,44
gating,23,3,221541,221585,44
gating,23,4,222133,222177,44
gating,23,5,222723,222767,44
gating,23,6,223313,223357,44
gating,23,7,223903,223947,44
gating,23,8,224495,224539,44
gating,23,9,225085,225129,44
gating,23,10,225675,225719,44
gating,23,11,226265,226309,44
gating,23,12,226857,226901,44
gating,23,13,227447,227491,44
gating,23,14,228037,228081,44
gating,23,15,228627,228671,44
gating,24,0,229219,229263,44
gating,24,1,229809,229853,44
gating,24,2,230399,230443,44
gating,24,3,230989,231033,44
gating,24,4,231581,231625,44
gating,24,5,232171,232215,44
gating,24,6,232761,232805,44
gating,24,7,233351,233395,44
gating,24,8,233943,233987,44
gating,24,9,234533,234577,44
gating,24,10,235123,235167,44
gating,24,11,235713,235757,44
gating,24,12,236305,236349,44
gating,24,13,236895,236939,44
gating,24,14,237485,237529,44
gating,24,15,238075,238119,44
gating,25,0,238667,238711,44
gating,25,1,239257,239301,44
gating,25,2,239847,239891,44
gating,25,3,240437,240481,44
gating,25,4,241029,241073,44
gating,25,5,241619,241663,44
gating,25,6,242209,242253,44
gating,25,7,242799,242843,44
gating,25,8,243391,243435,44
gating,25,9,243981,244025,44
gating,25,10,244571,244615,44
gating,25,11,245161,245205,44
gating,25,12,245753,245797,44
gating,25,13,246343,246387,44
gating,25,14,246933,246977,44
gating,25,15,247523,247567,44
gating,26,0,248115,248159,44
gating,26,1,248705,248749,44
gating,26,2,249295,249339,44
gating,26,3,249885,249929,44
gating,26,4,250477,250521,44
gating,26,5,251067,251111,44
gating,26,6,251657,251701,44
gating,26,7,252247,252291,44
gating,26,8,252839,252883,44
gating,26,9,253429,253473,44
gating,26,10,254019,254063,44
gating,26,11,254609,254653,44
gating,26,12,255201,255245,44
gating,26,13,255791,255835,44
gating,26,14,256381,256425,44
gating,26,15,256971,257015,44
gating,27,0,257563,257607,44
gating,27,1,258153,258197,44
gating,27,2,258743,258787,44
gating,27,3,259333,259377,44
gating,27,4,259925,259969,44
gating,27,5,260515,260559,44
gating,27,6,261105,261149,44
gating,27,7,261695,261739,44
gating,27,8,262287,262331,44
gating,27,9,262877,262921,44
gating,27,10,263467,263511,44
gating,27,11,264057,264101,44
gating,27,12,264649,264693,44
gating,27,13,265239,265283,44
gating,27,14,265829,265873,44
gating,27,15,266419,266463,44
gating,28,0,267011,267055,44
gating,28,1,267601,267645,44
gating,28,2,268191,268235,44
gating,28,3,268781,268825,44
gating,28,4,269373,269417,44
gating,28,5,269963,270007,44
gating,28,6,270553,270597,44
gating,28,7,271143,271187,44
gating,28,8,271735,271779,44
gating,28,9,272325,272369,44
gating,28,10,272915,272959,44
gating,28,11,273505,273549,44
gating,28,12,274097,274141,44
gating,28,13,274687,274731,44
gating,28,14,275277,275321,44
gating,28,15,275867,275911,44
gating,29,0,276459,276503,44
gating,29,1,277049,277093,44
gating,29,2,277639,277683,44
gating,29,3,278229,278273,44
gating,29,4,278821,278865,44
gating,29,5,279411,279455,44
gating,29,6,280001,280045,44
gating,29,7,280591,280635,44
gating,29,8,281183,281227,44
gating,29,9,281773,281817,44
gating,29,10,282363,282407,44
gating,29,11,282953,282997,44
gating,29,12,283545,283589,44
gating,29,13,284135,284179,44
gating,29,14,284725,284769,44
gating,29,15,285315,285359,44
gating,30,0,285907,285951,44
gating,30,1,286497,286541,44
gating,30,2,287087,287131,44
gating,30,3,287677,287721,44
gating,30,4,288269,288313,44
gating,30,5,288859,288903,44
gating,30,6,289449,289493,44
gating,30,7,290039,290083,44
gating,30,8,290631,290675,44
gating,30,9,291221,291265,44
gating,30,10,291811,291855,44
gating,30,11,292401,292445,44
gating,30,12,292993,293037,44
gating,30,13,293583,293627,44
gating,30,14,294173,294217,44
gating,30,15,294763,294807,44
gating,31,0,295355,295399,44
gating,31,1,295945,295989,44
gating,31,2,296535,296579,44
gating,31,3,297125,297169,44
gating,31,4,297717,297761,44
gating,31,5,298307,298351,44
gating,31,6,298897,298941,44
gating,31,7,299487,299531,44
gating,31,8,300079,300123,44
gating,31,9,300669,300713,44
gating,31,10,301259,301303,44
gating,31,11,301849,301893,44
gating,31,12,302441,302485,44
gating,31,13,303031,303075,44
gating,31,14,303621,303665,44
gating,31,15,304211,304255,44
gating,32,0,304803,304847,44
gating,32,1,305393,305437,44
gating,32,2,305983,306027,44
gating,32,3,306573,306617,44
gating,32,4,307165,307209,44
gating,32,5,307755,307799,44
gating,32,6,308345,308389,44
gating,32,7,308935,308979,44
gating,32,8,309527,309571,44
gating,32,9,310117,310161,44
gating,32,10,310707,310751,44
gating,32,11,311297,311341,44
gating,32,12,311889,311933,44
gating,32,13,312479,312523,44
gating,32,14,313069,313113,44
gating,32,15,313659,313703,44
gating,33,0,314251,314295,44
gating,33,1,314841,314885,44
gating,33,2,315431,315475,44
gating,33,3,316021,316065,44
gating,33,4,316613,316657,44
gating,33,5,317203,317247,44
gating,33,6,317793,317837,44
gating,33,7,318383,318427,44
gating,33,8,318975,319019,44
gating,33,9,319565,319609,44
gating,33,10,320155,320199,44
gating,33,11,320745,320789,44
gating,33,12,321337,321381,44
gating,33,13,321927,321971,44
gating,33,14,322517,322561,44
gating,33,15,323107,323151,44
gating,34,0,323699,323743,44
gating,34,1,324289,324333,44
gating,34,2,324879,324923,44
gating,34,3,325469,325513,44
gating,34,4,326061,326105,44
gating,34,5,326651,326695,44
gating,34,6,327241,327285,44
gating,34,7,327831,327875,44
gating,34,8,328423,328467,44
gating,34,9,329013,329057,44
gating,34,10,329603,329647,44
gating,34,11,330193,330237,44
gating,34,12,330785,330829,44
gating,34,13,331375,331419,44
gating,34,14,331965,332009,44
gating,34,15,332555,332599,44
gating,35,0,333147,333191,44
gating,35,1,333737,333781,44
gating,35,2,334327,334371,44
gating,35,3,334917,334961,44
gating,35,4,335509,335553,44
gating,35,5,336099,336143,44
gating,35,6,336689,336733,44
gating,35,7,337279,337323,44
gating,35,8,337871,337915,44
gating,35,9,338461,338505,44
gating,35,10,339051,339095,44
gating,35,11,339641,339685,44
gating,35,12,340233,340277,44
gating,35,13,340823,340867,44
gating,35,14,341413,341457,44
gating,35,15,342003,342047,44
gating,36,0,342595,342639,44
gating,36,1,343185,343229,44
gating,36,2,343775,343819,44
gating,36,3,344365,344409,44
gating,36,4,344957,345001,44
gating,36,5,345547,345591,44
gating,36,6,346137,346181,44
gating,36,7,346727,346771,44
gating,36,8,347319,347363,44
gating,36,9,347909,347953,44
gating,36,10,348499,348543,44
gating,36,11,349089,349133,44
gating,36,12,349681,349725,44
gating,36,13,350271,350315,44
gating,36,14,350861,350905,44
gating,36,15,351451,351495,44
gating,37,0,352043,352087,44
gating,37,1,352633,352677,44
gating,37,2,353223,353267,44
gating,37,3,353813,353857,44
gating,37,4,354405,354449,44
gating,37,5,354995,355039,44
gating,37,6,355585,355629,44
gating,37,7,356175,356219,44
gating,37,8,356767,356811,44
gating,37,9,357357,357401,44
gating,37,10,357947,357991,44
gating,37,11,358537,358581,44
gating,37,12,359129,359173,44
gating,37,13,359719,359763,44
gating,37,14,360309,360353,44
gating,37,15,360899,360943,44
gating,38,0,361491,361535,44
gating,38,1,362081,362125,44
gating,38,2,362671,362715,44
gating,38,3,363261,363305,44
gating,38,4,363853,363897,44
gating,38,5,364443,364487,44
gating,38,6,365033,365077,44
gating,38,7,365623,365667,44
gating,38,8,366215,366259,44
gating,38,9,366805,366849,44
gating,38,10,367395,367439,44
gating,38,11,367985,368029,44
gating,38,12,368577,368621,44
gating,38,13,369167,369211,44
gating,38,14,369757,369801,44
gating,38,15,370347,370391,44
gating,39,0,370939,370983,44
gating,39,1,371529,371573,44
gating,39,2,372119,372163,44
gating,39,3,372709,372753,44
gating,39,4,373301,373345,44
gating,39,5,373891,373935,44
gating,39,6,374481,374525,44
gating,39,7,375071,375115,44
gating,39,8,375663,375707,44
gating,39,9,376253,376297,44
gating,39,10,376843,376887,44
gating,39,11,377433,377477,44
gating,39,12,378025,378069,44
gating,39,13,378615,378659,44
gating,39,14,379205,379249,44
gating,39,15,379795,379839,44
gating,40,0,380387,380431,44
gating,40,1,380977,381021,44
gating,40,2,381567,381611,44
gating,40,3,382157,382201,44
gating,40,4,382749,382793,44
gating,40,5,383339,383383,44
gating,40,6,383929,383973,44
gating,40,7,384519,384563,44
gating,40,8,385111,385155,44
gating,40,9,385701,385745,44
gating,40,10,386291,386335,44
gating,40,11,386881,386925,44
gating,40,12,387473,387517,44
gating,40,13,388063,388107,44
gating,40,14,388653,388697,44
gating,40,15,389243,389287,44
gating,41,0,389835,389879,44
gating,41,1,390425,390469,44
gating,41,2,391015,391059,44
gating,41,3,391605,391649,44
gating,41,4,392197,392241,44
gating,41,5,392787,392831,44
gating,41,6,393377,393421,44
gating,41,7,393967,394011,44
gating,41,8,394559,394603,44
gating,41,9,395149,395193,44
gating,41,10,395739,395783,44
gating,41,11,396329,396373,44
gating,41,12,396921,396965,44
gating,41,13,397511,397555,44
gating,41,14,398101,398145,44
gating,41,15,398691,398735,44
gating,42,0,399283,399327,44
gating,42,1,399873,399917,44
gating,42,2,400463,400507,44
gating,42,3,401053,401097,44
gating,42,4,401645,401689,44
gating,42,5,402235,402279,44
gating,42,6,402825,402869,44
gating,42,7,403415,403459,44
gating,42,8,404007,404051,44
gating,42,9,404597,404641,44
gating,42,10,405187,405231,44
gating,42,11,405777,405821,44
gating,42,12,406369,406413,44
gating,42,13,406959,407003,44
gating,42,14,407549,407593,44
gating,42,15,408139,408183,44
gating,43,0,408731,408775,44
gating,43,1,409321,409365,44
gating,43,2,409911,409955,44
gating,43,3,410501,410545,44
gating,43,4,411093,411137,44
gating,43,5,411683,411727,44
gating,43,6,412273,412317,44
gating,43,7,412863,412907,44
gating,43,8,413455,413499,44
gating,43,9,414045,414089,44
gating,43,10,414635,414679,44
gating,43,11,415225,415269,44
gating,43,12,415817,415861,44
gating,43,13,416407,416451,44
gating,43,14,416997,417041,44
gating,43,15,417587,417631,44
gating,44,0,418179,418223,44
gating,44,1,418769,418813,44
gating,44,2,419359,419403,44
gating,44,3,419949,419993,44
gating,44,4,420541,420585,44
gating,44,5,421131,421175,44
gating,44,6,421721,421765,44
gating,44,7,422311,422355,44
gating,44,8,422903,422947,44
gating,44,9,423493,423537,44
gating,44,10,424083,424127,44
gating,44,11,424673,424717,44
gating,44,12,425265,425309,44
gating,44,13,425855,425899,44
gating,44,14,426445,426489,44
gating,44,15,427035,427079,44
gating,45,0,427627,427671,44
gating,45,1,428217,428261,44
gating,45,2,428807,428851,44
gating,45,3,429397,429441,44
gating,45,4,429989,430033,44
gating,45,5,430579,430623,44
gating,45,6,431169,431213,44
gating,45,7,431759,431803,44
gating,45,8,432351,432395,44
gating,45,9,432941,432985,44
gating,45,10,433531,433575,44
gating,45,11,434121,434165,44
gating,45,12,434713,434757,44
gating,45,13,435303,435347,44
gating,45,14,435893,435937,44
gating,45,15,436483,436527,44
gating,46,0,437075,437119,44
gating,46,1,437665,437709,44
gating,46,2,438255,438299,44
gating,46,3,438845,438889,44
gating,46,4,439437,439481,44
gating,46,5,440027,440071,44
gating,46,6,440617,440661,44
gating,46,7,441207,441251,44
gating,46,8,441799,441843,44
gating,46,9,442389,442433,44
gating,46,10,442979,443023,44
gating,46,11,443569,443613,44
gating,46,12,444161,444205,44
gating,46,13,444751,444795,44
gating,46,14,445341,445385,44
gating,46,15,445931,445975,44
gating,47,0,446523,446567,44
gating,47,1,447113,447157,44
gating,47,2,447703,447747,44
gating,47,3,448293,448337,44
gating,47,4,448885,448929,44
gating,47,5,449475,449519,44
gating,47,6,450065,450109,44
gating,47,7,450655,450699,44
gating,47,8,451247,451291,44
gating,47,9,451837,451881,44
gating,47,10,452427,452471,44
gating,47,11,453017,453061,44
gating,47,12,453609,453653,44
gating,47,13,454199,454243,44
gating,47,14,454789,454833,44
gating,47,15,455379,455423,44
gating,48,0,455971,456015,44
gating,48,1,456561,456605,44
gating,48,2,457151,457195,44
gating,48,3,457741,457785,44
gating,48,4,458333,458377,44
gating,48,5,458923,458967,44
gating,48,6,459513,459557,44
gating,48,7,460103,460147,44
gating,48,8,460695,460739,44
gating,48,9,461285,461329,44
gating,48,10,461875,461919,44
gating,48,11,462465,462509,44
gating,48,12,463057,463101,44
gating,48,13,463647,463691,44
gating,48,14,464237,464281,44
gating,48,15,464827,464871,44
gating,49,0,465419,465463,44
gating,49,1,466009,466053,44
gating,49,2,466599,466643,44
gating,49,3,467189,467233,44
gating,49,4,467781,467825,44
gating,49,5,468371,468415,44
gating,49,6,468961,469005,44
gating,49,7,469551,469595,44
gating,49,8,470143,470187,44
gating,49,9,470733,470777,44
gating,49,10,471323,471367,44
gating,49,11,471913,471957,44
gating,49,12,472505,472549,44
gating,49,13,473095,473139,44
gating,49,14,473685,473729,44
gating,49,15,474275,474319,44
gating,50,0,474867,474911,44
gating,50,1,475457,475501,44
gating,50,2,476047,476091,44
gating,50,3,476637,476681,44
gating,50,4,477229,477273,44
gating,50,5,477819,477863,44
gating,50,6,478409,478453,44
gating,50,7,478999,479043,44
gating,50,8,479591,479635,44
gating,50,9,480181,480225,44
gating,50,10,480771,480815,44
gating,50,11,481361,481405,44
gating,50,12,481953,481997,44
gating,50,13,482543,482587,44
gating,50,14,483133,483177,44
gating,50,15,483723,483767,44
gating,51,0,484315,484359,44
gating,51,1,484905,484949,44
gating,51,2,485495,485539,44
gating,51,3,486085,486129,44
gating,51,4,486677,486721,44
gating,51,5,487267,487311,44
gating,51,6,487857,487901,44
gating,51,7,488447,488491,44
gating,51,8,489039,489083,44
gating,51,9,489629,489673,44
gating,51,10,490219,490263,44
gating,51,11,490809,490853,44
gating,51,12,491401,491445,44
gating,51,13,491991,492035,44
gating,51,14,492581,492625,44
gating,51,15,493171,493215,44
gating,52,0,493763,493807,44
gating,52,1,494353,494397,44
gating,52,2,494943,494987,44
gating,52,3,495533,495577,44
gating,52,4,496125,496169,44
gating,52,5,496715,496759,44
gating,52,6,497305,497349,44
gating,52,7,497895,497939,44
gating,52,8,498487,498531,44
gating,52,9,499077,499121,44
gating,52,10,499667,499711,44
gating,52,11,500257,500301,44
gating,52,12,500849,500893,44
gating,52,13,501439,501483,44
gating,52,14,502029,502073,44
gating,52,15,502619,502663,44
gating,53,0,503211,503255,44
gating,53,1,503801,503845,44
gating,53,2,504391,504435,44
gating,53,3,504981,505025,44
gating,53,4,505573,505617,44
gating,53,5,506163,506207,44
gating,53,6,506753,506797,44
gating,53,7,507343,507387,44
gating,53,8,507935,507979,44
gating,53,9,508525,508569,44
gating,53,10,509115,509159,44
gating,53,11,509705,509749,44
gating,53,12,510297,510341,44
gating,53,13,510887,510931,44
gating,53,14,511477,511521,44
gating,53,15,512067,512111,44
gating,54,0,512659,512703,44
gating,54,1,513249,513293,44
gating,54,2,513839,513883,44
gating,54,3,514429,514473,44
gating,54,4,515021,515065,44
gating,54,5,515611,515655,44
gating,54,6,516201,516245,44
gating,54,7,516791,516835,44
gating,54,8,517383,517427,44
gating,54,9,517973,518017,44
gating,54,10,518563,518607,44
gating,54,11,519153,519197,44
gating,54,12,519745,519789,44
gating,54,13,520335,520379,44
gating,54,14,520925,520969,44
gating,54,15,521515,521559,44
gating,55,0,522107,522151,44
gating,55,1,522697,522741,44
gating,55,2,523287,523331,44
gating,55,3,523877,523921,44
gating,55,4,524469,524513,44
gating,55,5,525059,525103,44
gating,55,6,525649,525693,44
gating,55,7,526239,526283,44
gating,55,8,526831,526875,44
gating,55,9,527421,527465,44
gating,55,10,528011,528055,44
gating,55,11,528601,528645,44
gating,55,12,529193,529237,44
gating,55,13,529783,529827,44
gating,55,14,530373,530417,44
gating,55,15,530963,531007,44
gating,56,0,531555,531599,44
gating,56,1,532145,532189,44
gating,56,2,532735,532779,44
gating,56,3,533325,533369,44
gating,56,4,533917,533961,44
gating,56,5,534507,534551,44
gating,56,6,535097,535141,44
gating,56,7,535687,535731,44
gating,56,8,536279,536323,44
gating,56,9,536869,536913,44
gating,56,10,537459,537503,44
gating,56,11,538049,538093,44
gating,56,12,538641,538685,44
gating,56,13,539231,539275,44
gating,56,14,539821,539865,44
gating,56,15,540411,540455,44
gating,57,0,541003,541047,44
gating,57,1,541593,541637,44
gating,57,2,542183,542227,44
gating,57,3,542773,542817,44
gating,57,4,543365,543409,44
gating,57,5,543955,543999,44
gating,57,6,544545,544589,44
gating,57,7,545135,545179,44
gating,57,8,545727,545771,44
gating,57,9,546317,546361,44
gating,57,10,546907,546951,44
gating,57,11,547497,547541,44
gating,57,12,548089,548133,44
gating,57,13,548679,548723,44
gating,57,14,549269,549313,44
gating,57,15,549859,549903,44
gating,58,0,550451,550495,44
gating,58,1,551041,551085,44
gating,58,2,551631,551675,44
gating,58,3,552221,552265,44
gating,58,4,552813,552857,44
gating,58,5,553403,553447,44
gating,58,6,553993,554037,44
gating,58,7,554583,554627,44
gating,58,8,555175,555219,44
gating,58,9,555765,555809,44
gating,58,10,556355,556399,44
gating,58,11,556945,556989,44
gating,58,12,557537,557581,44
gating,58,13,558127,558171,44
gating,58,14,558717,558761,44
gating,58,15,559307,559351,44
gating,59,0,559899,559943,44
gating,59,1,560489,560533,44
gating,59,2,561079,561123,44
gating,59,3,561669,561713,44
gating,59,4,562261,562305,44
gating,59,5,562851,562895,44
gating,59,6,563441,563485,44
gating,59,7,564031,564075,44
gating,59,8,564623,564667,44
gating,59,9,565213,565257,44
gating,59,10,565803,565847,44
gating,59,11,566393,566437,44
gating,59,12,566985,567029,44
gating,59,13,567575,567619,44
gating,59,14,568165,568209,44
gating,59,15,568755,568799,44
gating,60,0,569347,569391,44
gating,60,1,569937,569981,44
gating,60,2,570527,570571,44
gating,60,3,571117,571161,44
gating,60,4,571709,571753,44
gating,60,5,572299,572343,44
gating,60,6,572889,572933,44
gating,60,7,573479,573523,44
gating,60,8,574071,574115,44
gating,60,9,574661,574705,44
gating,60,10,575251,575295,44
gating,60,11,575841,575885,44
gating,60,12,576433,576477,44
gating,60,13,577023,577067,44
gating,60,14,577613,577657,44
gating,60,15,578203,578247,44
gating,61,0,578795,578839,44
gating,61,1,579385,579429,44
gating,61,2,579975,580019,44
gating,61,3,580565,580609,44
gating,61,4,581157,581201,44
gating,61,5,581747,581791,44
gating,61,6,582337,582381,44
gating,61,7,582927,582971,44
gating,61,8,583519,583563,44
gating,61,9,584109,584153,44
gating,61,10,584699,584743,44
gating,61,11,585289,585333,44
gating,61,12,585881,585925,44
gating,61,13,586471,586515,44
gating,61,14,587061,587105,44
gating,61,15,587651,587695,44
gating,62,0,588243,588287,44
gating,62,1,588833,588877,44
gating,62,2,589423,589467,44
gating,62,3,590013,590057,44
gating,62,4,590605,590649,44
gating,62,5,591195,591239,44
gating,62,6,591785,591829,44
gating,62,7,592375,592419,44
gating,62,8,592967,593011,44
gating,62,9,593557,593601,44
gating,62,10,594147,594191,44
gating,62,11,594737,594781,44
gating,62,12,595329,595373,44
gating,62,13,595919,595963,44
gating,62,14,596509,596553,44
gating,62,15,597099,597143,44
gating,63,0,597691,597735,44
gating,63,1,598281,598325,44
gating,63,2,598871,598915,44
gating,63,3,599461,599505,44
gating,63,4,600053,600097,44
gating,63,5,600643,600687,44
gating,63,6,601233,601277,44
gating,63,7,601823,601867,44
gating,63,8,602415,602459,44
gating,63,9,603005,603049,44
gating,63,10,603595,603639,44
gating,63,11,604185,604229,44
gating,63,12,604777,604821,44
gating,63,13,605367,605411,44
gating,63,14,605957,606001,44
gating,63,15,606547,606591,44
output_projection,0,0,2511,2963,452
output_projection,0,1,3101,3553,452
output_projection,0,2,3691,4143,452
output_projection,0,3,4281,4733,452
output_projection,0,4,4873,5325,452
output_projection,0,5,5463,5915,452
output_projection,0,6,6053,6505,452
output_projection,0,7,6643,7095,452
output_projection,0,8,7235,7687,452
output_projection,0,9,7825,8277,452
output_projection,0,10,8415,8867,452
output_projection,0,11,9005,9457,452
output_projection,0,12,9597,10049,452
output_projection,0,13,10187,10639,452
output_projection,0,14,10777,11229,452
output_projection,0,15,11367,11819,452
output_projection,1,0,11959,12411,452
output_projection,1,1,12549,13001,452
output_projection,1,2,13139,13591,452
output_projection,1,3,13729,14181,452
output_projection,1,4,14321,14773,452
output_projection,1,5,14911,15363,452
output_projection,1,6,15501,15953,452
output_projection,1,7,16091,16543,452
output_projection,1,8,16683,17135,452
output_projection,1,9,17273,17725,452
output_projection,1,10,17863,18315,452
output_projection,1,11,18453,18905,452
output_projection,1,12,19045,19497,452
output_projection,1,13,19635,20087,452
output_projection,1,14,20225,20677,452
output_projection,1,15,20815,21267,452
output_projection,2,0,21407,21859,452
output_projection,2,1,21997,22449,452
output_projection,2,2,22587,23039,452
output_projection,2,3,23177,23629,452
output_projection,2,4,23769,24221,452
output_projection,2,5,24359,24811,452
output_projection,2,6,24949,25401,452
output_projection,2,7,25539,25991,452
output_projection,2,8,26131,26583,452
output_projection,2,9,26721,27173,452
output_projection,2,10,27311,27763,452
output_projection,2,11,27901,28353,452
output_projection,2,12,28493,28945,452
output_projection,2,13,29083,29535,452
output_projection,2,14,29673,30125,452
output_projection,2,15,30263,30715,452
output_projection,3,0,30855,31307,452
output_projection,3,1,31445,31897,452
output_projection,3,2,32035,32487,452
output_projection,3,3,32625,33077,452
output_projection,3,4,33217,33669,452
output_projection,3,5,33807,34259,452
output_projection,3,6,34397,34849,452
output_projection,3,7,34987,35439,452
output_projection,3,8,35579,36031,452
output_projection,3,9,36169,36621,452
output_projection,3,10,36759,37211,452
output_projection,3,11,37349,37801,452
output_projection,3,12,37941,38393,452
output_projection,3,13,38531,38983,452
output_projection,3,14,39121,39573,452
output_projection,3,15,39711,40163,452
output_projection,4,0,40303,40755,452
output_projection,4,1,40893,41345,452
output_projection,4,2,41483,41935,452
output_projection,4,3,42073,42525,452
output_projection,4,4,42665,43117,452
output_projection,4,5,43255,43707,452
output_projection,4,6,43845,44297,452
output_projection,4,7,44435,44887,452
output_projection,4,8,45027,45479,452
output_projection,4,9,45617,46069,452
output_projection,4,10,46207,46659,452
output_projection,4,11,46797,47249,452
output_projection,4,12,47389,47841,452
output_projection,4,13,47979,48431,452
output_projection,4,14,48569,49021,452
output_projection,4,15,49159,49611,452
output_projection,5,0,49751,50203,452
output_projection,5,1,50341,50793,452
output_projection,5,2,50931,51383,452
output_projection,5,3,51521,51973,452
output_projection,5,4,52113,52565,452
output_projection,5,5,52703,53155,452
output_projection,5,6,53293,53745,452
output_projection,5,7,53883,54335,452
output_projection,5,8,54475,54927,452
output_projection,5,9,55065,55517,452
output_projection,5,10,55655,56107,452
output_projection,5,11,56245,56697,452
output_projection,5,12,56837,57289,452
output_projection,5,13,57427,57879,452
output_projection,5,14,58017,58469,452
output_projection,5,15,58607,59059,452
output_projection,6,0,59199,59651,452
output_projection,6,1,59789,60241,452
output_projection,6,2,60379,60831,452
output_projection,6,3,60969,61421,452
output_projection,6,4,61561,62013,452
output_projection,6,5,62151,62603,452
output_projection,6,6,62741,63193,452
output_projection,6,7,63331,63783,452
output_projection,6,8,63923,64375,452
output_projection,6,9,64513,64965,452
output_projection,6,10,65103,65555,452
output_projection,6,11,65693,66145,452
output_projection,6,12,66285,66737,452
output_projection,6,13,66875,67327,452
output_projection,6,14,67465,67917,452
output_projection,6,15,68055,68507,452
output_projection,7,0,68647,69099,452
output_projection,7,1,69237,69689,452
output_projection,7,2,69827,70279,452
output_projection,7,3,70417,70869,452
output_projection,7,4,71009,71461,452
output_projection,7,5,71599,72051,452
output_projection,7,6,72189,72641,452
output_projection,7,7,72779,73231,452
output_projection,7,8,73371,73823,452
output_projection,7,9,73961,74413,452
output_projection,7,10,74551,75003,452
output_projection,7,11,75141,75593,452
output_projection,7,12,75733,76185,452
output_projection,7,13,76323,76775,452
output_projection,7,14,76913,77365,452
output_projection,7,15,77503,77955,452
output_projection,8,0,78095,78547,452
output_projection,8,1,78685,79137,452
output_projection,8,2,79275,79727,452
output_projection,8,3,79865,80317,452
output_projection,8,4,80457,80909,452
output_projection,8,5,81047,81499,452
output_projection,8,6,81637,82089,452
output_projection,8,7,82227,82679,452
output_projection,8,8,82819,83271,452
output_projection,8,9,83409,83861,452
output_projection,8,10,83999,84451,452
output_projection,8,11,84589,85041,452
output_projection,8,12,85181,85633,452
output_projection,8,13,85771,86223,452
output_projection,8,14,86361,86813,452
output_projection,8,15,86951,87403,452
output_projection,9,0,87543,87995,452
output_projection,9,1,88133,88585,452
output_projection,9,2,88723,89175,452
output_projection,9,3,89313,89765,452
output_projection,9,4,89905,90357,452
output_projection,9,5,90495,90947,452
output_projection,9,6,91085,91537,452
output_projection,9,7,91675,92127,452
output_projection,9,8,92267,92719,452
output_projection,9,9,92857,93309,452
output_projection,9,10,93447,93899,452
output_projection,9,11,94037,94489,452
output_projection,9,12,94629,95081,452
output_projection,9,13,95219,95671,452
output_projection,9,14,95809,96261,452
output_projection,9,15,96399,96851,452
output_projection,10,0,96991,97443,452
output_projection,10,1,97581,98033,452
output_projection,10,2,98171,98623,452
output_projection,10,3,98761,99213,452
output_projection,10,4,99353,99805,452
output_projection,10,5,99943,100395,452
output_projection,10,6,100533,100985,452
output_projection,10,7,101123,101575,452
output_projection,10,8,101715,102167,452
output_projection,10,9,102305,102757,452
output_projection,10,10,102895,103347,452
output_projection,10,11,103485,103937,452
output_projection,10,12,104077,104529,452
output_projection,10,13,104667,105119,452
output_projection,10,14,105257,105709,452
output_projection,10,15,105847,106299,452
output_projection,11,0,106439,106891,452
output_projection,11,1,107029,107481,452
output_projection,11,2,107619,108071,452
output_projection,11,3,108209,108661,452
output_projection,11,4,108801,109253,452
output_projection,11,5,109391,109843,452
output_projection,11,6,109981,110433,452
output_projection,11,7,110571,111023,452
output_projection,11,8,111163,111615,452
output_projection,11,9,111753,112205,452
output_projection,11,10,112343,112795,452
output_projection,11,11,112933,113385,452
output_projection,11,12,113525,113977,452
output_projection,11,13,114115,114567,452
output_projection,11,14,114705,115157,452
output_projection,11,15,115295,115747,452
output_projection,12,0,115887,116339,452
output_projection,12,1,116477,116929,452
output_projection,12,2,117067,117519,452
output_projection,12,3,117657,118109,452
output_projection,12,4,118249,118701,452
output_projection,12,5,118839,119291,452
output_projection,12,6,119429,119881,452
output_projection,12,7,120019,120471,452
output_projection,12,8,120611,121063,452
output_projection,12,9,121201,121653,452
output_projection,12,10,121791,122243,452
output_projection,12,11,122381,122833,452
output_projection,12,12,122973,123425,452
output_projection,12,13,123563,124015,452
output_projection,12,14,124153,124605,452
output_projection,12,15,124743,125195,452
output_projection,13,0,125335,125787,452
output_projection,13,1,125925,126377,452
output_projection,13,2,126515,126967,452
output_projection,13,3,127105,127557,452
output_projection,13,4,127697,128149,452
output_projection,13,5,128287,128739,452
output_projection,13,6,128877,129329,452
output_projection,13,7,129467,129919,452
output_projection,13,8,130059,130511,452
output_projection,13,9,130649,131101,452
output_projection,13,10,131239,131691,452
output_projection,13,11,131829,132281,452
output_projection,13,12,132421,132873,452
output_projection,13,13,133011,133463,452
output_projection,13,14,133601,134053,452
output_projection,13,15,134191,134643,452
output_projection,14,0,134783,135235,452
output_projection,14,1,135373,135825,452
output_projection,14,2,135963,136415,452
output_projection,14,3,136553,137005,452
output_projection,14,4,137145,137597,452
output_projection,14,5,137735,138187,452
output_projection,14,6,138325,138777,452
output_projection,14,7,138915,139367,452
output_projection,14,8,139507,139959,452
output_projection,14,9,140097,140549,452
output_projection,14,10,140687,141139,452
output_projection,14,11,141277,141729,452
output_projection,14,12,141869,142321,452
output_projection,14,13,142459,142911,452
output_projection,14,14,143049,143501,452
output_projection,14,15,143639,144091,452
output_projection,15,0,144231,144683,452
output_projection,15,1,144821,145273,452
output_projection,15,2,145411,145863,452
output_projection,15,3,146001,146453,452
output_projection,15,4,146593,147045,452
output_projection,15,5,147183,147635,452
output_projection,15,6,147773,148225,452
output_projection,15,7,148363,148815,452
output_projection,15,8,148955,149407,452
output_projection,15,9,149545,149997,452
output_projection,15,10,150135,150587,452
output_projection,15,11,150725,151177,452
output_projection,15,12,151317,151769,452
output_projection,15,13,151907,152359,452
output_projection,15,14,152497,152949,452
output_projection,15,15,153087,153539,452
output_projection,16,0,153679,154131,452
output_projection,16,1,154269,154721,452
output_projection,16,2,154859,155311,452
output_projection,16,3,155449,155901,452
output_projection,16,4,156041,156493,452
output_projection,16,5,156631,157083,452
output_projection,16,6,157221,157673,452
output_projection,16,7,157811,158263,452
output_projection,16,8,158403,158855,452
output_projection,16,9,158993,159445,452
output_projection,16,10,159583,160035,452
output_projection,16,11,160173,160625,452
output_projection,16,12,160765,161217,452
output_projection,16,13,161355,161807,452
output_projection,16,14,161945,162397,452
output_projection,16,15,162535,162987,452
output_projection,17,0,163127,163579,452
output_projection,17,1,163717,164169,452
output_projection,17,2,164307,164759,452
output_projection,17,3,164897,165349,452
output_projection,17,4,165489,165941,452
output_projection,17,5,166079,166531,452
output_projection,17,6,166669,167121,452
output_projection,17,7,167259,167711,452
output_projection,17,8,167851,168303,452
output_projection,17,9,168441,168893,452
output_projection,17,10,169031,169483,452
output_projection,17,11,169621,170073,452
output_projection,17,12,170213,170665,452
output_projection,17,13,170803,171255,452
output_projection,17,14,171393,171845,452
output_projection,17,15,171983,172435,452
output_projection,18,0,172575,173027,452
output_projection,18,1,173165,173617,452
output_projection,18,2,173755,174207,452
output_projection,18,3,174345,174797,452
output_projection,18,4,174937,175389,452
output_projection,18,5,175527,175979,452
output_projection,18,6,176117,176569,452
output_projection,18,7,176707,177159,452
output_projection,18,8,177299,177751,452
output_projection,18,9,177889,178341,452
output_projection,18,10,178479,178931,452
output_projection,18,11,179069,179521,452
output_projection,18,12,179661,180113,452
output_projection,18,13,180251,180703,452
output_projection,18,14,180841,181293,452
output_projection,18,15,181431,181883,452
output_projection,19,0,182023,182475,452
output_projection,19,1,182613,183065,452
output_projection,19,2,183203,183655,452
output_projection,19,3,183793,184245,452
output_projection,19,4,184385,184837,452
output_projection,19,5,184975,185427,452
output_projection,19,6,185565,186017,452
output_projection,19,7,186155,186607,452
output_projection,19,8,186747,187199,452
output_projection,19,9,187337,187789,452
output_projection,19,10,187927,188379,452
output_projection,19,11,188517,188969,452
output_projection,19,12,189109,189561,452
output_projection,19,13,189699,190151,452
output_projection,19,14,190289,190741,452
output_projection,19,15,190879,191331,452
output_projection,20,0,191471,191923,452
output_projection,20,1,192061,192513,452
output_projection,20,2,192651,193103,452
output_projection,20,3,193241,193693,452
output_projection,20,4,193833,194285,452
output_projection,20,5,194423,194875,452
output_projection,20,6,195013,195465,452
output_projection,20,7,195603,196055,452
output_projection,20,8,196195,196647,452
output_projection,20,9,196785,197237,452
output_projection,20,10,197375,197827,452
output_projection,20,11,197965,198417,452
output_projection,20,12,198557,199009,452
output_projection,20,13,199147,199599,452
output_projection,20,14,199737,200189,452
output_projection,20,15,200327,200779,452
output_projection,21,0,200919,201371,452
output_projection,21,1,201509,201961,452
output_projection,21,2,202099,202551,452
output_projection,21,3,202689,203141,452
output_projection,21,4,203281,203733,452
output_projection,21,5,203871,204323,452
output_projection,21,6,204461,204913,452
output_projection,21,7,205051,205503,452
output_projection,21,8,205643,206095,452
output_projection,21,9,206233,206685,452
output_projection,21,10,206823,207275,452
output_projection,21,11,207413,207865,452
output_projection,21,12,208005,208457,452
output_projection,21,13,208595,209047,452
output_projection,21,14,209185,209637,452
output_projection,21,15,209775,210227,452
output_projection,22,0,210367,210819,452
output_projection,22,1,210957,211409,452
output_projection,22,2,211547,211999,452
output_projection,22,3,212137,212589,452
output_projection,22,4,212729,213181,452
output_projection,22,5,213319,213771,452
output_projection,22,6,213909,214361,452
output_projection,22,7,214499,214951,452
output_projection,22,8,215091,215543,452
output_projection,22,9,215681,216133,452
output_projection,22,10,216271,216723,452
output_projection,22,11,216861,217313,452
output_projection,22,12,217453,217905,452
output_projection,22,13,218043,218495,452
output_projection,22,14,218633,219085,452
output_projection,22,15,219223,219675,452
output_projection,23,0,219815,220267,452
output_projection,23,1,220405,220857,452
output_projection,23,2,220995,221447,452
output_projection,23,3,221585,222037,452
output_projection,23,4,222177,222629,452
output_projection,23,5,222767,223219,452
output_projection,23,6,223357,223809,452
output_projection,23,7,223947,224399,452
output_projection,23,8,224539,224991,452
output_projection,23,9,225129,225581,452
output_projection,23,10,225719,226171,452
output_projection,23,11,226309,226761,452
output_projection,23,12,226901,227353,452
output_projection,23,13,227491,227943,452
output_projection,23,14,228081,228533,452
output_projection,23,15,228671,229123,452
output_projection,24,0,229263,229715,452
output_projection,24,1,229853,230305,452
output_projection,24,2,230443,230895,452
output_projection,24,3,231033,231485,452
output_projection,24,4,231625,232077,452
output_projection,24,5,232215,232667,452
output_projection,24,6,232805,233257,452
output_projection,24,7,233395,233847,452
output_projection,24,8,233987,234439,452
output_projection,24,9,234577,235029,452
output_projection,24,10,235167,235619,452
output_projection,24,11,235757,236209,452
output_projection,24,12,236349,236801,452
output_projection,24,13,236939,237391,452
output_projection,24,14,237529,237981,452
output_projection,24,15,238119,238571,452
output_projection,25,0,238711,239163,452
output_projection,25,1,239301,239753,452
output_projection,25,2,239891,240343,452
output_projection,25,3,240481,240933,452
output_projection,25,4,241073,241525,452
output_projection,25,5,241663,242115,452
output_projection,25,6,242253,242705,452
output_projection,25,7,242843,243295,452
output_projection,25,8,243435,243887,452
output_projection,25,9,244025,244477,452
output_projection,25,10,244615,245067,452
output_projection,25,11,245205,245657,452
output_projection,25,12,245797,246249,452
output_projection,25,13,246387,246839,452
output_projection,25,14,246977,247429,452
output_projection,25,15,247567,248019,452
output_projection,26,0,248159,248611,452
output_projection,26,1,248749,249201,452
output_projection,26,2,249339,249791,452
output_projection,26,3,249929,250381,452
output_projection,26,4,250521,250973,452
output_projection,26,5,251111,251563,452
output_projection,26,6,251701,252153,452
output_projection,26,7,252291,252743,452
output_projection,26,8,252883,253335,452
output_projection,26,9,253473,253925,452
output_projection,26,10,254063,254515,452
output_projection,26,11,254653,255105,452
output_projection,26,12,255245,255697,452
output_projection,26,13,255835,256287,452
output_projection,26,14,256425,256877,452
output_projection,26,15,257015,257467,452
output_projection,27,0,257607,258059,452
output_projection,27,1,258197,258649,452
output_projection,27,2,258787,259239,452
output_projection,27,3,259377,259829,452
output_projection,27,4,259969,260421,452
output_projection,27,5,260559,261011,452
output_projection,27,6,261149,261601,452
output_projection,27,7,261739,262191,452
output_projection,27,8,262331,262783,452
output_projection,27,9,262921,263373,452
output_projection,27,10,263511,263963,452
output_projection,27,11,264101,264553,452
output_projection,27,12,264693,265145,452
output_projection,27,13,265283,265735,452
output_projection,27,14,265873,266325,452
output_projection,27,15,266463,266915,452
output_projection,28,0,267055,267507,452
output_projection,28,1,267645,268097,452
output_projection,28,2,268235,268687,452
output_projection,28,3,268825,269277,452
output_projection,28,4,269417,269869,452
output_projection,28,5,270007,270459,452
output_projection,28,6,270597,271049,452
output_projection,28,7,271187,271639,452
output_projection,28,8,271779,272231,452
output_projection,28,9,272369,272821,452
output_projection,28,10,272959,273411,452
output_projection,28,11,273549,274001,452
output_projection,28,12,274141,274593,452
output_projection,28,13,274731,275183,452
output_projection,28,14,275321,275773,452
output_projection,28,15,275911,276363,452
output_projection,29,0,276503,276955,452
output_projection,29,1,277093,277545,452
output_projection,29,2,277683,278135,452
output_projection,29,3,278273,278725,452
output_projection,29,4,278865,279317,452
output_projection,29,5,279455,279907,452
output_projection,29,6,280045,280497,452
output_projection,29,7,280635,281087,452
output_projection,29,8,281227,281679,452
output_projection,29,9,281817,282269,452
output_projection,29,10,282407,282859,452
output_projection,29,11,282997,283449,452
output_projection,29,12,283589,284041,452
output_projection,29,13,284179,284631,452
output_projection,29,14,284769,285221,452
output_projection,29,15,285359,285811,452
output_projection,30,0,285951,286403,452
output_projection,30,1,286541,286993,452
output_projection,30,2,287131,287583,452
output_projection,30,3,287721,288173,452
output_projection,30,4,288313,288765,452
output_projection,30,5,288903,289355,452
output_projection,30,6,289493,289945,452
output_projection,30,7,290083,290535,452
output_projection,30,8,290675,291127,452
output_projection,30,9,291265,291717,452
output_projection,30,10,291855,292307,452
output_projection,30,11,292445,292897,452
output_projection,30,12,293037,293489,452
output_projection,30,13,293627,294079,452
output_projection,30,14,294217,294669,452
output_projection,30,15,294807,295259,452
output_projection,31,0,295399,295851,452
output_projection,31,1,295989,296441,452
output_projection,31,2,296579,297031,452
output_projection,31,3,297169,297621,452
output_projection,31,4,297761,298213,452
output_projection,31,5,298351,298803,452
output_projection,31,6,298941,299393,452
output_projection,31,7,299531,299983,452
output_projection,31,8,300123,300575,452
output_projection,31,9,300713,301165,452
output_projection,31,10,301303,301755,452
output_projection,31,11,301893,302345,452
output_projection,31,12,302485,302937,452
output_projection,31,13,303075,303527,452
output_projection,31,14,303665,304117,452
output_projection,31,15,304255,304707,452
output_projection,32,0,304847,305299,452
output_projection,32,1,305437,305889,452
output_projection,32,2,306027,306479,452
output_projection,32,3,306617,307069,452
output_projection,32,4,307209,307661,452
output_projection,32,5,307799,308251,452
output_projection,32,6,308389,308841,452
output_projection,32,7,308979,309431,452
output_projection,32,8,309571,310023,452
output_projection,32,9,310161,310613,452
output_projection,32,10,310751,311203,452
output_projection,32,11,311341,311793,452
output_projection,32,12,311933,312385,452
output_projection,32,13,312523,312975,452
output_projection,32,14,313113,313565,452
output_projection,32,15,313703,314155,452
output_projection,33,0,314295,314747,452
output_projection,33,1,314885,315337,452
output_projection,33,2,315475,315927,452
output_projection,33,3,316065,316517,452
output_projection,33,4,316657,317109,452
output_projection,33,5,317247,317699,452
output_projection,33,6,317837,318289,452
output_projection,33,7,318427,318879,452
output_projection,33,8,319019,319471,452
output_projection,33,9,319609,320061,452
output_projection,33,10,320199,320651,452
output_projection,33,11,320789,321241,452
output_projection,33,12,321381,321833,452
output_projection,33,13,321971,322423,452
output_projection,33,14,322561,323013,452
output_projection,33,15,323151,323603,452
output_projection,34,0,323743,324195,452
output_projection,34,1,324333,324785,452
output_projection,34,2,324923,325375,452
output_projection,34,3,325513,325965,452
output_projection,34,4,326105,326557,452
output_projection,34,5,326695,327147,452
output_projection,34,6,327285,327737,452
output_projection,34,7,327875,328327,452
output_projection,34,8,328467,328919,452
output_projection,34,9,329057,329509,452
output_projection,34,10,329647,330099,452
output_projection,34,11,330237,330689,452
output_projection,34,12,330829,331281,452
output_projection,34,13,331419,331871,452
output_projection,34,14,332009,332461,452
output_projection,34,15,332599,333051,452
output_projection,35,0,333191,333643,452
output_projection,35,1,333781,334233,452
output_projection,35,2,334371,334823,452
output_projection,35,3,334961,335413,452
output_projection,35,4,335553,336005,452
output_projection,35,5,336143,336595,452
output_projection,35,6,336733,337185,452
output_projection,35,7,337323,337775,452
output_projection,35,8,337915,338367,452
output_projection,35,9,338505,338957,452
output_projection,35,10,339095,339547,452
output_projection,35,11,339685,340137,452
output_projection,35,12,340277,340729,452
output_projection,35,13,340867,341319,452
output_projection,35,14,341457,341909,452
output_projection,35,15,342047,342499,452
output_projection,36,0,342639,343091,452
output_projection,36,1,343229,343681,452
output_projection,36,2,343819,344271,452
output_projection,36,3,344409,344861,452
output_projection,36,4,345001,345453,452
output_projection,36,5,345591,346043,452
output_projection,36,6,346181,346633,452
output_projection,36,7,346771,347223,452
output_projection,36,8,347363,347815,452
output_projection,36,9,347953,348405,452
output_projection,36,10,348543,348995,452
output_projection,36,11,349133,349585,452
output_projection,36,12,349725,350177,452
output_projection,36,13,350315,350767,452
output_projection,36,14,350905,351357,452
output_projection,36,15,351495,351947,452
output_projection,37,0,352087,352539,452
output_projection,37,1,352677,353129,452
output_projection,37,2,353267,353719,452
output_projection,37,3,353857,354309,452
output_projection,37,4,354449,354901,452
output_projection,37,5,355039,355491,452
output_projection,37,6,355629,356081,452
output_projection,37,7,356219,356671,452
output_projection,37,8,356811,357263,452
output_projection,37,9,357401,357853,452
output_projection,37,10,357991,358443,452
output_projection,37,11,358581,359033,452
output_projection,37,12,359173,359625,452
output_projection,37,13,359763,360215,452
output_projection,37,14,360353,360805,452
output_projection,37,15,360943,361395,452
output_projection,38,0,361535,361987,452
output_projection,38,1,362125,362577,452
output_projection,38,2,362715,363167,452
output_projection,38,3,363305,363757,452
output_projection,38,4,363897,364349,452
output_projection,38,5,364487,364939,452
output_projection,38,6,365077,365529,452
output_projection,38,7,365667,366119,452
output_projection,38,8,366259,366711,452
output_projection,38,9,366849,367301,452
output_projection,38,10,367439,367891,452
output_projection,38,11,368029,368481,452
output_projection,38,12,368621,369073,452
output_projection,38,13,369211,369663,452
output_projection,38,14,369801,370253,452
output_projection,38,15,370391,370843,452
output_projection,39,0,370983,371435,452
output_projection,39,1,371573,372025,452
output_projection,39,2,372163,372615,452
output_projection,39,3,372753,373205,452
output_projection,39,4,373345,373797,452
output_projection,39,5,373935,374387,452
output_projection,39,6,374525,374977,452
output_projection,39,7,375115,375567,452
output_projection,39,8,375707,376159,452
output_projection,39,9,376297,376749,452
output_projection,39,10,376887,377339,452
output_projection,39,11,377477,377929,452
output_projection,39,12,378069,378521,452
output_projection,39,13,378659,379111,452
output_projection,39,14,379249,379701,452
output_projection,39,15,379839,380291,452
output_projection,40,0,380431,380883,452
output_projection,40,1,381021,381473,452
output_projection,40,2,381611,382063,452
output_projection,40,3,382201,382653,452
output_projection,40,4,382793,383245,452
output_projection,40,5,383383,383835,452
output_projection,40,6,383973,384425,452
output_projection,40,7,384563,385015,452
output_projection,40,8,385155,385607,452
output_projection,40,9,385745,386197,452
output_projection,40,10,386335,386787,452
output_projection,40,11,386925,387377,452
output_projection,40,12,387517,387969,452
output_projection,40,13,388107,388559,452
output_projection,40,14,388697,389149,452
output_projection,40,15,389287,389739,452
output_projection,41,0,389879,390331,452
output_projection,41,1,390469,390921,452
output_projection,41,2,391059,391511,452
output_projection,41,3,391649,392101,452
output_projection,41,4,392241,392693,452
output_projection,41,5,392831,393283,452
output_projection,41,6,393421,393873,452
output_projection,41,7,394011,394463,452
output_projection,41,8,394603,395055,452
output_projection,41,9,395193,395645,452
output_projection,41,10,395783,396235,452
output_projection,41,11,396373,396825,452
output_projection,41,12,396965,397417,452
output_projection,41,13,397555,398007,452
output_projection,41,14,398145,398597,452
output_projection,41,15,398735,399187,452
output_projection,42,0,399327,399779,452
output_projection,42,1,399917,400369,452
output_projection,42,2,400507,400959,452
output_projection,42,3,401097,401549,452
output_projection,42,4,401689,402141,452
output_projection,42,5,402279,402731,452
output_projection,42,6,402869,403321,452
output_projection,42,7,403459,403911,452
output_projection,42,8,404051,404503,452
output_projection,42,9,404641,405093,452
output_projection,42,10,405231,405683,452
output_projection,42,11,405821,406273,452
output_projection,42,12,406413,406865,452
output_projection,42,13,407003,407455,452
output_projection,42,14,407593,408045,452
output_projection,42,15,408183,408635,452
output_projection,43,0,408775,409227,452
output_projection,43,1,409365,409817,452
output_projection,43,2,409955,410407,452
output_projection,43,3,410545,410997,452
output_projection,43,4,411137,411589,452
output_projection,43,5,411727,412179,452
output_projection,43,6,412317,412769,452
output_projection,43,7,412907,413359,452
output_projection,43,8,413499,413951,452
output_projection,43,9,414089,414541,452
output_projection,43,10,414679,415131,452
output_projection,43,11,415269,415721,452
output_projection,43,12,415861,416313,452
output_projection,43,13,416451,416903,452
output_projection,43,14,417041,417493,452
output_projection,43,15,417631,418083,452
output_projection,44,0,418223,418675,452
output_projection,44,1,418813,419265,452
output_projection,44,2,419403,419855,452
output_projection,44,3,419993,420445,452
output_projection,44,4,420585,421037,452
output_projection,44,5,421175,421627,452
output_projection,44,6,421765,422217,452
output_projection,44,7,422355,422807,452
output_projection,44,8,422947,423399,452
output_projection,44,9,423537,423989,452
output_projection,44,10,424127,424579,452
output_projection,44,11,424717,425169,452
output_projection,44,12,425309,425761,452
output_projection,44,13,425899,426351,452
output_projection,44,14,426489,426941,452
output_projection,44,15,427079,427531,452
output_projection,45,0,427671,428123,452
output_projection,45,1,428261,428713,452
output_projection,45,2,428851,429303,452
output_projection,45,3,429441,429893,452
output_projection,45,4,430033,430485,452
output_projection,45,5,430623,431075,452
output_projection,45,6,431213,431665,452
output_projection,45,7,431803,432255,452
output_projection,45,8,432395,432847,452
output_projection,45,9,432985,433437,452
output_projection,45,10,433575,434027,452
output_projection,45,11,434165,434617,452
output_projection,45,12,434757,435209,452
output_projection,45,13,435347,435799,452
output_projection,45,14,435937,436389,452
output_projection,45,15,436527,436979,452
output_projection,46,0,437119,437571,452
output_projection,46,1,437709,438161,452
output_projection,46,2,438299,438751,452
output_projection,46,3,438889,439341,452
output_projection,46,4,439481,439933,452
output_projection,46,5,440071,440523,452
output_projection,46,6,440661,441113,452
output_projection,46,7,441251,441703,452
output_projection,46,8,441843,442295,452
output_projection,46,9,442433,442885,452
output_projection,46,10,443023,443475,452
output_projection,46,11,443613,444065,452
output_projection,46,12,444205,444657,452
output_projection,46,13,444795,445247,452
output_projection,46,14,445385,445837,452
output_projection,46,15,445975,446427,452
output_projection,47,0,446567,447019,452
output_projection,47,1,447157,447609,452
output_projection,47,2,447747,448199,452
output_projection,47,3,448337,448789,452
output_projection,47,4,448929,449381,452
output_projection,47,5,449519,449971,452
output_projection,47,6,450109,450561,452
output_projection,47,7,450699,451151,452
output_projection,47,8,451291,451743,452
output_projection,47,9,451881,452333,452
output_projection,47,10,452471,452923,452
output_projection,47,11,453061,453513,452
output_projection,47,12,453653,454105,452
output_projection,47,13,454243,454695,452
output_projection,47,14,454833,455285,452
output_projection,47,15,455423,455875,452
output_projection,48,0,456015,456467,452
output_projection,48,1,456605,457057,452
output_projection,48,2,457195,457647,452
output_projection,48,3,457785,458237,452
output_projection,48,4,458377,458829,452
output_projection,48,5,458967,459419,452
output_projection,48,6,459557,460009,452
output_projection,48,7,460147,460599,452
output_projection,48,8,460739,461191,452
output_projection,48,9,461329,461781,452
output_projection,48,10,461919,462371,452
output_projection,48,11,462509,462961,452
output_projection,48,12,463101,463553,452
output_projection,48,13,463691,464143,452
output_projection,48,14,464281,464733,452
output_projection,48,15,464871,465323,452
output_projection,49,0,465463,465915,452
output_projection,49,1,466053,466505,452
output_projection,49,2,466643,467095,452
output_projection,49,3,467233,467685,452
output_projection,49,4,467825,468277,452
output_projection,49,5,468415,468867,452
output_projection,49,6,469005,469457,452
output_projection,49,7,469595,470047,452
output_projection,49,8,470187,470639,452
output_projection,49,9,470777,471229,452
output_projection,49,10,471367,471819,452
output_projection,49,11,471957,472409,452
output_projection,49,12,472549,473001,452
output_projection,49,13,473139,473591,452
output_projection,49,14,473729,474181,452
output_projection,49,15,474319,474771,452
output_projection,50,0,474911,475363,452
output_projection,50,1,475501,475953,452
output_projection,50,2,476091,476543,452
output_projection,50,3,476681,477133,452
output_projection,50,4,477273,477725,452
output_projection,50,5,477863,478315,452
output_projection,50,6,478453,478905,452
output_projection,50,7,479043,479495,452
output_projection,50,8,479635,480087,452
output_projection,50,9,480225,480677,452
output_projection,50,10,480815,481267,452
output_projection,50,11,481405,481857,452
output_projection,50,12,481997,482449,452
output_projection,50,13,482587,483039,452
output_projection,50,14,483177,483629,452
output_projection,50,15,483767,484219,452
output_projection,51,0,484359,484811,452
output_projection,51,1,484949,485401,452
output_projection,51,2,485539,485991,452
output_projection,51,3,486129,486581,452
output_projection,51,4,486721,487173,452
output_projection,51,5,487311,487763,452
output_projection,51,6,487901,488353,452
output_projection,51,7,488491,488943,452
output_projection,51,8,489083,489535,452
output_projection,51,9,489673,490125,452
output_projection,51,10,490263,490715,452
output_projection,51,11,490853,491305,452
output_projection,51,12,491445,491897,452
output_projection,51,13,492035,492487,452
output_projection,51,14,492625,493077,452
output_projection,51,15,493215,493667,452
output_projection,52,0,493807,494259,452
output_projection,52,1,494397,494849,452
output_projection,52,2,494987,495439,452
output_projection,52,3,495577,496029,452
output_projection,52,4,496169,496621,452
output_projection,52,5,496759,497211,452
output_projection,52,6,497349,497801,452
output_projection,52,7,497939,498391,452
output_projection,52,8,498531,498983,452
output_projection,52,9,499121,499573,452
output_projection,52,10,499711,500163,452
output_projection,52,11,500301,500753,452
output_projection,52,12,500893,501345,452
output_projection,52,13,501483,501935,452
output_projection,52,14,502073,502525,452
output_projection,52,15,502663,503115,452
output_projection,53,0,503255,503707,452
output_projection,53,1,503845,504297,452
output_projection,53,2,504435,504887,452
output_projection,53,3,505025,505477,452
output_projection,53,4,505617,506069,452
output_projection,53,5,506207,506659,452
output_projection,53,6,506797,507249,452
output_projection,53,7,507387,507839,452
output_projection,53,8,507979,508431,452
output_projection,53,9,508569,509021,452
output_projection,53,10,509159,509611,452
output_projection,53,11,509749,510201,452
output_projection,53,12,510341,510793,452
output_projection,53,13,510931,511383,452
output_projection,53,14,511521,511973,452
output_projection,53,15,512111,512563,452
output_projection,54,0,512703,513155,452
output_projection,54,1,513293,513745,452
output_projection,54,2,513883,514335,452
output_projection,54,3,514473,514925,452
output_projection,54,4,515065,515517,452
output_projection,54,5,515655,516107,452
output_projection,54,6,516245,516697,452
output_projection,54,7,516835,517287,452
output_projection,54,8,517427,517879,452
output_projection,54,9,518017,518469,452
output_projection,54,10,518607,519059,452
output_projection,54,11,519197,519649,452
output_projection,54,12,519789,520241,452
output_projection,54,13,520379,520831,452
output_projection,54,14,520969,521421,452
output_projection,54,15,521559,522011,452
output_projection,55,0,522151,522603,452
output_projection,55,1,522741,523193,452
output_projection,55,2,523331,523783,452
output_projection,55,3,523921,524373,452
output_projection,55,4,524513,524965,452
output_projection,55,5,525103,525555,452
output_projection,55,6,525693,526145,452
output_projection,55,7,526283,526735,452
output_projection,55,8,526875,527327,452
output_projection,55,9,527465,527917,452
output_projection,55,10,528055,528507,452
output_projection,55,11,528645,529097,452
output_projection,55,12,529237,529689,452
output_projection,55,13,529827,530279,452
output_projection,55,14,530417,530869,452
output_projection,55,15,531007,531459,452
output_projection,56,0,531599,532051,452
output_projection,56,1,532189,532641,452
output_projection,56,2,532779,533231,452
output_projection,56,3,533369,533821,452
output_projection,56,4,533961,534413,452
output_projection,56,5,534551,535003,452
output_projection,56,6,535141,535593,452
output_projection,56,7,535731,536183,452
output_projection,56,8,536323,536775,452
output_projection,56,9,536913,537365,452
output_projection,56,10,537503,537955,452
output_projection,56,11,538093,538545,452
output_projection,56,12,538685,539137,452
output_projection,56,13,539275,539727,452
output_projection,56,14,539865,540317,452
output_projection,56,15,540455,540907,452
output_projection,57,0,541047,541499,452
output_projection,57,1,541637,542089,452
output_projection,57,2,542227,542679,452
output_projection,57,3,542817,543269,452
output_projection,57,4,543409,543861,452
output_projection,57,5,543999,544451,452
output_projection,57,6,544589,545041,452
output_projection,57,7,545179,545631,452
output_projection,57,8,545771,546223,452
output_projection,57,9,546361,546813,452
output_projection,57,10,546951,547403,452
output_projection,57,11,547541,547993,452
output_projection,57,12,548133,548585,452
output_projection,57,13,548723,549175,452
output_projection,57,14,549313,549765,452
output_projection,57,15,549903,550355,452
output_projection,58,0,550495,550947,452
output_projection,58,1,551085,551537,452
output_projection,58,2,551675,552127,452
output_projection,58,3,552265,552717,452
output_projection,58,4,552857,553309,452
output_projection,58,5,553447,553899,452
output_projection,58,6,554037,554489,452
output_projection,58,7,554627,555079,452
output_projection,58,8,555219,555671,452
output_projection,58,9,555809,556261,452
output_projection,58,10,556399,556851,452
output_projection,58,11,556989,557441,452
output_projection,58,12,557581,558033,452
output_projection,58,13,558171,558623,452
output_projection,58,14,558761,559213,452
output_projection,58,15,559351,559803,452
output_projection,59,0,559943,560395,452
output_projection,59,1,560533,560985,452
output_projection,59,2,561123,561575,452
output_projection,59,3,561713,562165,452
output_projection,59,4,562305,562757,452
output_projection,59,5,562895,563347,452
output_projection,59,6,563485,563937,452
output_projection,59,7,564075,564527,452
output_projection,59,8,564667,565119,452
output_projection,59,9,565257,565709,452
output_projection,59,10,565847,566299,452
output_projection,59,11,566437,566889,452
output_projection,59,12,567029,567481,452
output_projection,59,13,567619,568071,452
output_projection,59,14,568209,568661,452
output_projection,59,15,568799,569251,452
output_projection,60,0,569391,569843,452
output_projection,60,1,569981,570433,452
output_projection,60,2,570571,571023,452
output_projection,60,3,571161,571613,452
output_projection,60,4,571753,572205,452
output_projection,60,5,572343,572795,452
output_projection,60,6,572933,573385,452
output_projection,60,7,573523,573975,452
output_projection,60,8,574115,574567,452
output_projection,60,9,574705,575157,452
output_projection,60,10,575295,575747,452
output_projection,60,11,575885,576337,452
output_projection,60,12,576477,576929,452
output_projection,60,13,577067,577519,452
output_projection,60,14,577657,578109,452
output_projection,60,15,578247,578699,452
output_projection,61,0,578839,579291,452
output_projection,61,1,579429,579881,452
output_projection,61,2,580019,580471,452
output_projection,61,3,580609,581061,452
output_projection,61,4,581201,581653,452
output_projection,61,5,581791,582243,452
output_projection,61,6,582381,582833,452
output_projection,61,7,582971,583423,452
output_projection,61,8,583563,584015,452
output_projection,61,9,584153,584605,452
output_projection,61,10,584743,585195,452
output_projection,61,11,585333,585785,452
output_projection,61,12,585925,586377,452
output_projection,61,13,586515,586967,452
output_projection,61,14,587105,587557,452
output_projection,61,15,587695,588147,452
output_projection,62,0,588287,588739,452
output_projection,62,1,588877,589329,452
output_projection,62,2,589467,589919,452
output_projection,62,3,590057,590509,452
output_projection,62,4,590649,591101,452
output_projection,62,5,591239,591691,452
output_projection,62,6,591829,592281,452
output_projection,62,7,592419,592871,452
output_projection,62,8,593011,593463,452
output_projection,62,9,593601,594053,452
output_projection,62,10,594191,594643,452
output_projection,62,11,594781,595233,452
output_projection,62,12,595373,595825,452
output_projection,62,13,595963,596415,452
output_projection,62,14,596553,597005,452
output_projection,62,15,597143,597595,452
output_projection,63,0,597735,598187,452
output_projection,63,1,598325,598777,452
output_projection,63,2,598915,599367,452
output_projection,63,3,599505,599957,452
output_projection,63,4,600097,600549,452
output_projection,63,5,600687,601139,452
output_projection,63,6,601277,601729,452
output_projection,63,7,601867,602319,452
output_projection,63,8,602459,602911,452
output_projection,63,9,603049,603501,452
output_projection,63,10,603639,604091,452
output_projection,63,11,604229,604681,452
output_projection,63,12,604821,605273,452
output_projection,63,13,605411,605863,452
output_projection,63,14,606001,606453,452
output_projection,63,15,606591,607043,452
residual,0,0,2963,2964,1
residual,0,1,3553,3554,1
residual,0,2,4143,4144,1
residual,0,3,4733,4734,1
residual,0,4,5325,5326,1
residual,0,5,5915,5916,1
residual,0,6,6505,6506,1
residual,0,7,7095,7096,1
residual,0,8,7687,7688,1
residual,0,9,8277,8278,1
residual,0,10,8867,8868,1
residual,0,11,9457,9458,1
residual,0,12,10049,10050,1
residual,0,13,10639,10640,1
residual,0,14,11229,11230,1
residual,0,15,11819,11820,1
residual,1,0,12411,12412,1
residual,1,1,13001,13002,1
residual,1,2,13591,13592,1
residual,1,3,14181,14182,1
residual,1,4,14773,14774,1
residual,1,5,15363,15364,1
residual,1,6,15953,15954,1
residual,1,7,16543,16544,1
residual,1,8,17135,17136,1
residual,1,9,17725,17726,1
residual,1,10,18315,18316,1
residual,1,11,18905,18906,1
residual,1,12,19497,19498,1
residual,1,13,20087,20088,1
residual,1,14,20677,20678,1
residual,1,15,21267,21268,1
residual,2,0,21859,21860,1
residual,2,1,22449,22450,1
residual,2,2,23039,23040,1
residual,2,3,23629,23630,1
residual,2,4,24221,24222,1
residual,2,5,24811,24812,1
residual,2,6,25401,25402,1
residual,2,7,25991,25992,1
residual,2,8,26583,26584,1
residual,2,9,27173,27174,1
residual,2,10,27763,27764,1
residual,2,11,28353,28354,1
residual,2,12,28945,28946,1
residual,2,13,29535,29536,1
residual,2,14,30125,30126,1
residual,2,15,30715,30716,1
residual,3,0,31307,31308,1
residual,3,1,31897,31898,1
residual,3,2,32487,32488,1
residual,3,3,33077,33078,1
residual,3,4,33669,33670,1
residual,3,5,34259,34260,1
residual,3,6,34849,34850,1
residual,3,7,35439,35440,1
residual,3,8,36031,36032,1
residual,3,9,36621,36622,1
residual,3,10,37211,37212,1
residual,3,11,37801,37802,1
residual,3,12,38393,38394,1
residual,3,13,38983,38984,1
residual,3,14,39573,39574,1
residual,3,15,40163,40164,1
residual,4,0,40755,40756,1
residual,4,1,41345,41346,1
residual,4,2,41935,41936,1
residual,4,3,42525,42526,1
residual,4,4,43117,43118,1
residual,4,5,43707,43708,1
residual,4,6,44297,44298,1
residual,4,7,44887,44888,1
residual,4,8,45479,45480,1
residual,4,9,46069,46070,1
residual,4,10,46659,46660,1
residual,4,11,47249,47250,1
residual,4,12,47841,47842,1
residual,4,13,48431,48432,1
residual,4,14,49021,49022,1
residual,4,15,49611,49612,1
residual,5,0,50203,50204,1
residual,5,1,50793,50794,1
residual,5,2,51383,51384,1
residual,5,3,51973,51974,1
residual,5,4,52565,52566,1
residual,5,5,53155,53156,1
residual,5,6,53745,53746,1
residual,5,7,54335,54336,1
residual,5,8,54927,54928,1
residual,5,9,55517,55518,1
residual,5,10,56107,56108,1
residual,5,11,56697,56698,1
residual,5,12,57289,57290,1
residual,5,13,57879,57880,1
residual,5,14,58469,58470,1
residual,5,15,59059,59060,1
residual,6,0,59651,59652,1
residual,6,1,60241,60242,1
residual,6,2,60831,60832,1
residual,6,3,61421,61422,1
residual,6,4,62013,62014,1
residual,6,5,62603,62604,1
residual,6,6,63193,63194,1
residual,6,7,63783,63784,1
residual,6,8,64375,64376,1
residual,6,9,64965,64966,1
residual,6,10,65555,65556,1
residual,6,11,66145,66146,1
residual,6,12,66737,66738,1
residual,6,13,67327,67328,1
residual,6,14,67917,67918,1
residual,6,15,68507,68508,1
residual,7,0,69099,69100,1
residual,7,1,69689,69690,1
residual,7,2,70279,70280,1
residual,7,3,70869,70870,1
residual,7,4,71461,71462,1
residual,7,5,72051,72052,1
residual,7,6,72641,72642,1
residual,7,7,73231,73232,1
residual,7,8,73823,73824,1
residual,7,9,74413,74414,1
residual,7,10,75003,75004,1
residual,7,11,75593,75594,1
residual,7,12,76185,76186,1
residual,7,13,76775,76776,1
residual,7,14,77365,77366,1
residual,7,15,77955,77956,1
residual,8,0,78547,78548,1
residual,8,1,79137,79138,1
residual,8,2,79727,79728,1
residual,8,3,80317,80318,1
residual,8,4,80909,80910,1
residual,8,5,81499,81500,1
residual,8,6,82089,82090,1
residual,8,7,82679,82680,1
residual,8,8,83271,83272,1
residual,8,9,83861,83862,1
residual,8,10,84451,84452,1
residual,8,11,85041,85042,1
residual,8,12,85633,85634,1
residual,8,13,86223,86224,1
residual,8,14,86813,86814,1
residual,8,15,87403,87404,1
residual,9,0,87995,87996,1
residual,9,1,88585,88586,1
residual,9,2,89175,89176,1
residual,9,3,89765,89766,1
residual,9,4,90357,90358,1
residual,9,5,90947,90948,1
residual,9,6,91537,91538,1
residual,9,7,92127,92128,1
residual,9,8,92719,92720,1
residual,9,9,93309,93310,1
residual,9,10,93899,93900,1
residual,9,11,94489,94490,1
residual,9,12,95081,95082,1
residual,9,13,95671,95672,1
residual,9,14,96261,96262,1
residual,9,15,96851,96852,1
residual,10,0,97443,97444,1
residual,10,1,98033,98034,1
residual,10,2,98623,98624,1
residual,10,3,99213,99214,1
residual,10,4,99805,99806,1
residual,10,5,100395,100396,1
residual,10,6,100985,100986,1
residual,10,7,101575,101576,1
residual,10,8,102167,102168,1
residual,10,9,102757,102758,1
residual,10,10,103347,103348,1
residual,10,11,103937,103938,1
residual,10,12,104529,104530,1
residual,10,13,105119,105120,1
residual,10,14,105709,105710,1
residual,10,15,106299,106300,1
residual,11,0,106891,106892,1
residual,11,1,107481,107482,1
residual,11,2,108071,108072,1
residual,11,3,108661,108662,1
residual,11,4,109253,109254,1
residual,11,5,109843,109844,1
residual,11,6,110433,110434,1
residual,11,7,111023,111024,1
residual,11,8,111615,111616,1
residual,11,9,112205,112206,1
residual,11,10,112795,112796,1
residual,11,11,113385,113386,1
residual,11,12,113977,113978,1
residual,11,13,114567,114568,1
residual,11,14,115157,115158,1
residual,11,15,115747,115748,1
residual,12,0,116339,116340,1
residual,12,1,116929,116930,1
residual,12,2,117519,117520,1
residual,12,3,118109,118110,1
residual,12,4,118701,118702,1
residual,12,5,119291,119292,1
residual,12,6,119881,119882,1
residual,12,7,120471,120472,1
residual,12,8,121063,121064,1
residual,12,9,121653,121654,1
residual,12,10,122243,122244,1
residual,12,11,122833,122834,1
residual,12,12,123425,123426,1
residual,12,13,124015,124016,1
residual,12,14,124605,124606,1
residual,12,15,125195,125196,1
residual,13,0,125787,125788,1
residual,13,1,126377,126378,1
residual,13,2,126967,126968,1
residual,13,3,127557,127558,1
residual,13,4,128149,128150,1
residual,13,5,128739,128740,1
residual,13,6,129329,129330,1
residual,13,7,129919,129920,1
residual,13,8,130511,130512,1
residual,13,9,131101,131102,1
residual,13,10,131691,131692,1
residual,13,11,132281,132282,1
residual,13,12,132873,132874,1
residual,13,13,133463,133464,1
residual,13,14,134053,134054,1
residual,13,15,134643,134644,1
residual,14,0,135235,135236,1
residual,14,1,135825,135826,1
residual,14,2,136415,136416,1
residual,14,3,137005,137006,1
residual,14,4,137597,137598,1
residual,14,5,138187,138188,1
residual,14,6,138777,138778,1
residual,14,7,139367,139368,1
residual,14,8,139959,139960,1
residual,14,9,140549,140550,1
residual,14,10,141139,141140,1
residual,14,11,141729,141730,1
residual,14,12,142321,142322,1
residual,14,13,142911,142912,1
residual,14,14,143501,143502,1
residual,14,15,144091,144092,1
residual,15,0,144683,144684,1
residual,15,1,145273,145274,1
residual,15,2,145863,145864,1
residual,15,3,146453,146454,1
residual,15,4,147045,147046,1
residual,15,5,147635,147636,1
residual,15,6,148225,148226,1
residual,15,7,148815,148816,1
residual,15,8,149407,149408,1
residual,15,9,149997,149998,1
residual,15,10,150587,150588,1
residual,15,11,151177,151178,1
residual,15,12,151769,151770,1
residual,15,13,152359,152360,1
residual,15,14,152949,152950,1
residual,15,15,153539,153540,1
residual,16,0,154131,154132,1
residual,16,1,154721,154722,1
residual,16,2,155311,155312,1
residual,16,3,155901,155902,1
residual,16,4,156493,156494,1
residual,16,5,157083,157084,1
residual,16,6,157673,157674,1
residual,16,7,158263,158264,1
residual,16,8,158855,158856,1
residual,16,9,159445,159446,1
residual,16,10,160035,160036,1
residual,16,11,160625,160626,1
residual,16,12,161217,161218,1
residual,16,13,161807,161808,1
residual,16,14,162397,162398,1
residual,16,15,162987,162988,1
residual,17,0,163579,163580,1
residual,17,1,164169,164170,1
residual,17,2,164759,164760,1
residual,17,3,165349,165350,1
residual,17,4,165941,165942,1
residual,17,5,166531,166532,1
residual,17,6,167121,167122,1
residual,17,7,167711,167712,1
residual,17,8,168303,168304,1
residual,17,9,168893,168894,1
residual,17,10,169483,169484,1
residual,17,11,170073,170074,1
residual,17,12,170665,170666,1
residual,17,13,171255,171256,1
residual,17,14,171845,171846,1
residual,17,15,172435,172436,1
residual,18,0,173027,173028,1
residual,18,1,173617,173618,1
residual,18,2,174207,174208,1
residual,18,3,174797,174798,1
residual,18,4,175389,175390,1
residual,18,5,175979,175980,1
residual,18,6,176569,176570,1
residual,18,7,177159,177160,1
residual,18,8,177751,177752,1
residual,18,9,178341,178342,1
residual,18,10,178931,178932,1
residual,18,11,179521,179522,1
residual,18,12,180113,180114,1
residual,18,13,180703,180704,1
residual,18,14,181293,181294,1
residual,18,15,181883,181884,1
residual,19,0,182475,182476,1
residual,19,1,183065,183066,1
residual,19,2,183655,183656,1
residual,19,3,184245,184246,1
residual,19,4,184837,184838,1
residual,19,5,185427,185428,1
residual,19,6,186017,186018,1
residual,19,7,186607,186608,1
residual,19,8,187199,187200,1
residual,19,9,187789,187790,1
residual,19,10,188379,188380,1
residual,19,11,188969,188970,1
residual,19,12,189561,189562,1
residual,19,13,190151,190152,1
residual,19,14,190741,190742,1
residual,19,15,191331,191332,1
residual,20,0,191923,191924,1
residual,20,1,192513,192514,1
residual,20,2,193103,193104,1
residual,20,3,193693,193694,1
residual,20,4,194285,194286,1
residual,20,5,194875,194876,1
residual,20,6,195465,195466,1
residual,20,7,196055,196056,1
residual,20,8,196647,196648,1
residual,20,9,197237,197238,1
residual,20,10,197827,197828,1
residual,20,11,198417,198418,1
residual,20,12,199009,199010,1
residual,20,13,199599,199600,1
residual,20,14,200189,200190,1
residual,20,15,200779,200780,1
residual,21,0,201371,201372,1
residual,21,1,201961,201962,1
residual,21,2,202551,202552,1
residual,21,3,203141,203142,1
residual,21,4,203733,203734,1
residual,21,5,204323,204324,1
residual,21,6,204913,204914,1
residual,21,7,205503,205504,1
residual,21,8,206095,206096,1
residual,21,9,206685,206686,1
residual,21,10,207275,207276,1
residual,21,11,207865,207866,1
residual,21,12,208457,208458,1
residual,21,13,209047,209048,1
residual,21,14,209637,209638,1
residual,21,15,210227,210228,1
residual,22,0,210819,210820,1
residual,22,1,211409,211410,1
residual,22,2,211999,212000,1
residual,22,3,212589,212590,1
residual,22,4,213181,213182,1
residual,22,5,213771,213772,1
residual,22,6,214361,214362,1
residual,22,7,214951,214952,1
residual,22,8,215543,215544,1
residual,22,9,216133,216134,1
residual,22,10,216723,216724,1
residual,22,11,217313,217314,1
residual,22,12,217905,217906,1
residual,22,13,218495,218496,1
residual,22,14,219085,219086,1
residual,22,15,219675,219676,1
residual,23,0,220267,220268,1
residual,23,1,220857,220858,1
residual,23,2,221447,221448,1
residual,23,3,222037,222038,1
residual,23,4,222629,222630,1
residual,23,5,223219,223220,1
residual,23,6,223809,223810,1
residual,23,7,224399,224400,1
residual,23,8,224991,224992,1
residual,23,9,225581,225582,1
residual,23,10,226171,226172,1
residual,23,11,226761,226762,1
residual,23,12,227353,227354,1
residual,23,13,227943,227944,1
residual,23,14,228533,228534,1
residual,23,15,229123,229124,1
residual,24,0,229715,229716,1
residual,24,1,230305,230306,1
residual,24,2,230895,230896,1
residual,24,3,231485,231486,1
residual,24,4,232077,232078,1
residual,24,5,232667,232668,1
residual,24,6,233257,233258,1
residual,24,7,233847,233848,1
residual,24,8,234439,234440,1
residual,24,9,235029,235030,1
residual,24,10,235619,235620,1
residual,24,11,236209,236210,1
residual,24,12,236801,236802,1
residual,24,13,237391,237392,1
residual,24,14,237981,237982,1
residual,24,15,238571,238572,1
residual,25,0,239163,239164,1
residual,25,1,239753,239754,1
residual,25,2,240343,240344,1
residual,25,3,240933,240934,1
residual,25,4,241525,241526,1
residual,25,5,242115,242116,1
residual,25,6,242705,242706,1
residual,25,7,243295,243296,1
residual,25,8,243887,243888,1
residual,25,9,244477,244478,1
residual,25,10,245067,245068,1
residual,25,11,245657,245658,1
residual,25,12,246249,246250,1
residual,25,13,246839,246840,1
residual,25,14,247429,247430,1
residual,25,15,248019,248020,1
residual,26,0,248611,248612,1
residual,26,1,249201,249202,1
residual,26,2,249791,249792,1
residual,26,3,250381,250382,1
residual,26,4,250973,250974,1
residual,26,5,251563,251564,1
residual,26,6,252153,252154,1
residual,26,7,252743,252744,1
residual,26,8,253335,253336,1
residual,26,9,253925,253926,1
residual,26,10,254515,254516,1
residual,26,11,255105,255106,1
residual,26,12,255697,255698,1
residual,26,13,256287,256288,1
residual,26,14,256877,256878,1
residual,26,15,257467,257468,1
residual,27,0,258059,258060,1
residual,27,1,258649,258650,1
residual,27,2,259239,259240,1
residual,27,3,259829,259830,1
residual,27,4,260421,260422,1
residual,27,5,261011,261012,1
residual,27,6,261601,261602,1
residual,27,7,262191,262192,1
residual,27,8,262783,262784,1
residual,27,9,263373,263374,1
residual,27,10,263963,263964,1
residual,27,11,264553,264554,1
residual,27,12,265145,265146,1
residual,27,13,265735,265736,1
residual,27,14,266325,266326,1
residual,27,15,266915,266916,1
residual,28,0,267507,267508,1
residual,28,1,268097,268098,1
residual,28,2,268687,268688,1
residual,28,3,269277,269278,1
residual,28,4,269869,269870,1
residual,28,5,270459,270460,1
residual,28,6,271049,271050,1
residual,28,7,271639,271640,1
residual,28,8,272231,272232,1
residual,28,9,272821,272822,1
residual,28,10,273411,273412,1
residual,28,11,274001,274002,1
residual,28,12,274593,274594,1
residual,28,13,275183,275184,1
residual,28,14,275773,275774,1
residual,28,15,276363,276364,1
residual,29,0,276955,276956,1
residual,29,1,277545,277546,1
residual,29,2,278135,278136,1
residual,29,3,278725,278726,1
residual,29,4,279317,279318,1
residual,29,5,279907,279908,1
residual,29,6,280497,280498,1
residual,29,7,281087,281088,1
residual,29,8,281679,281680,1
residual,29,9,282269,282270,1
residual,29,10,282859,282860,1
residual,29,11,283449,283450,1
residual,29,12,284041,284042,1
residual,29,13,284631,284632,1
residual,29,14,285221,285222,1
residual,29,15,285811,285812,1
residual,30,0,286403,286404,1
residual,30,1,286993,286994,1
residual,30,2,287583,287584,1
residual,30,3,288173,288174,1
residual,30,4,288765,288766,1
residual,30,5,289355,289356,1
residual,30,6,289945,289946,1
residual,30,7,290535,290536,1
residual,30,8,291127,291128,1
residual,30,9,291717,291718,1
residual,30,10,292307,292308,1
residual,30,11,292897,292898,1
residual,30,12,293489,293490,1
residual,30,13,294079,294080,1
residual,30,14,294669,294670,1
residual,30,15,295259,295260,1
residual,31,0,295851,295852,1
residual,31,1,296441,296442,1
residual,31,2,297031,297032,1
residual,31,3,297621,297622,1
residual,31,4,298213,298214,1
residual,31,5,298803,298804,1
residual,31,6,299393,299394,1
residual,31,7,299983,299984,1
residual,31,8,300575,300576,1
residual,31,9,301165,301166,1
residual,31,10,301755,301756,1
residual,31,11,302345,302346,1
residual,31,12,302937,302938,1
residual,31,13,303527,303528,1
residual,31,14,304117,304118,1
residual,31,15,304707,304708,1
residual,32,0,305299,305300,1
residual,32,1,305889,305890,1
residual,32,2,306479,306480,1
residual,32,3,307069,307070,1
residual,32,4,307661,307662,1
residual,32,5,308251,308252,1
residual,32,6,308841,308842,1
residual,32,7,309431,309432,1
residual,32,8,310023,310024,1
residual,32,9,310613,310614,1
residual,32,10,311203,311204,1
residual,32,11,311793,311794,1
residual,32,12,312385,312386,1
residual,32,13,312975,312976,1
residual,32,14,313565,313566,1
residual,32,15,314155,314156,1
residual,33,0,314747,314748,1
residual,33,1,315337,315338,1
residual,33,2,315927,315928,1
residual,33,3,316517,316518,1
residual,33,4,317109,317110,1
residual,33,5,317699,317700,1
residual,33,6,318289,318290,1
residual,33,7,318879,318880,1
residual,33,8,319471,319472,1
residual,33,9,320061,320062,1
residual,33,10,320651,320652,1
residual,33,11,321241,321242,1
residual,33,12,321833,321834,1
residual,33,13,322423,322424,1
residual,33,14,323013,323014,1
residual,33,15,323603,323604,1
residual,34,0,324195,324196,1
residual,34,1,324785,324786,1
residual,34,2,325375,325376,1
residual,34,3,325965,325966,1
residual,34,4,326557,326558,1
residual,34,5,327147,327148,1
residual,34,6,327737,327738,1
residual,34,7,328327,328328,1
residual,34,8,328919,328920,1
residual,34,9,329509,329510,1
residual,34,10,330099,330100,1
residual,34,11,330689,330690,1
residual,34,12,331281,331282,1
residual,34,13,331871,331872,1
residual,34,14,332461,332462,1
residual,34,15,333051,333052,1
residual,35,0,333643,333644,1
residual,35,1,334233,334234,1
residual,35,2,334823,334824,1
residual,35,3,335413,335414,1
residual,35,4,336005,336006,1
residual,35,5,336595,336596,1
residual,35,6,337185,337186,1
residual,35,7,337775,337776,1
residual,35,8,338367,338368,1
residual,35,9,338957,338958,1
residual,35,10,339547,339548,1
residual,35,11,340137,340138,1
residual,35,12,340729,340730,1
residual,35,13,341319,341320,1
residual,35,14,341909,341910,1
residual,35,15,342499,342500,1
residual,36,0,343091,343092,1
residual,36,1,343681,343682,1
residual,36,2,344271,344272,1
residual,36,3,344861,344862,1
residual,36,4,345453,345454,1
residual,36,5,346043,346044,1
residual,36,6,346633,346634,1
residual,36,7,347223,347224,1
residual,36,8,347815,347816,1
residual,36,9,348405,348406,1
residual,36,10,348995,348996,1
residual,36,11,349585,349586,1
residual,36,12,350177,350178,1
residual,36,13,350767,350768,1
residual,36,14,351357,351358,1
residual,36,15,351947,351948,1
residual,37,0,352539,352540,1
residual,37,1,353129,353130,1
residual,37,2,353719,353720,1
residual,37,3,354309,354310,1
residual,37,4,354901,354902,1
residual,37,5,355491,355492,1
residual,37,6,356081,356082,1
residual,37,7,356671,356672,1
residual,37,8,357263,357264,1
residual,37,9,357853,357854,1
residual,37,10,358443,358444,1
residual,37,11,359033,359034,1
residual,37,12,359625,359626,1
residual,37,13,360215,360216,1
residual,37,14,360805,360806,1
residual,37,15,361395,361396,1
residual,38,0,361987,361988,1
residual,38,1,362577,362578,1
residual,38,2,363167,363168,1
residual,38,3,363757,363758,1
residual,38,4,364349,364350,1
residual,38,5,364939,364940,1
residual,38,6,365529,365530,1
residual,38,7,366119,366120,1
residual,38,8,366711,366712,1
residual,38,9,367301,367302,1
residual,38,10,367891,367892,1
residual,38,11,368481,368482,1
residual,38,12,369073,369074,1
residual,38,13,369663,369664,1
residual,38,14,370253,370254,1
residual,38,15,370843,370844,1
residual,39,0,371435,371436,1
residual,39,1,372025,372026,1
residual,39,2,372615,372616,1
residual,39,3,373205,373206,1
residual,39,4,373797,373798,1
residual,39,5,374387,374388,1
residual,39,6,374977,374978,1
residual,39,7,375567,375568,1
residual,39,8,376159,376160,1
residual,39,9,376749,376750,1
residual,39,10,377339,377340,1
residual,39,11,377929,377930,1
residual,39,12,378521,378522,1
residual,39,13,379111,379112,1
residual,39,14,379701,379702,1
residual,39,15,380291,380292,1
residual,40,0,380883,380884,1
residual,40,1,381473,381474,1
residual,40,2,382063,382064,1
residual,40,3,382653,382654,1
residual,40,4,383245,383246,1
residual,40,5,383835,383836,1
residual,40,6,384425,384426,1
residual,40,7,385015,385016,1
residual,40,8,385607,385608,1
residual,40,9,386197,386198,1
residual,40,10,386787,386788,1
residual,40,11,387377,387378,1
residual,40,12,387969,387970,1
residual,40,13,388559,388560,1
residual,40,14,389149,389150,1
residual,40,15,389739,389740,1
residual,41,0,390331,390332,1
residual,41,1,390921,390922,1
residual,41,2,391511,391512,1
residual,41,3,392101,392102,1
residual,41,4,392693,392694,1
residual,41,5,393283,393284,1
residual,41,6,393873,393874,1
residual,41,7,394463,394464,1
residual,41,8,395055,395056,1
residual,41,9,395645,395646,1
residual,41,10,396235,396236,1
residual,41,11,396825,396826,1
residual,41,12,397417,397418,1
residual,41,13,398007,398008,1
residual,41,14,398597,398598,1
residual,41,15,399187,399188,1
residual,42,0,399779,399780,1
residual,42,1,400369,400370,1
residual,42,2,400959,400960,1
residual,42,3,401549,401550,1
residual,42,4,402141,402142,1
residual,42,5,402731,402732,1
residual,42,6,403321,403322,1
residual,42,7,403911,403912,1
residual,42,8,404503,404504,1
residual,42,9,405093,405094,1
residual,42,10,405683,405684,1
residual,42,11,406273,406274,1
residual,42,12,406865,406866,1
residual,42,13,407455,407456,1
residual,42,14,408045,408046,1
residual,42,15,408635,408636,1
residual,43,0,409227,409228,1
residual,43,1,409817,409818,1
residual,43,2,410407,410408,1
residual,43,3,410997,410998,1
residual,43,4,411589,411590,1
residual,43,5,412179,412180,1
residual,43,6,412769,412770,1
residual,43,7,413359,413360,1
residual,43,8,413951,413952,1
residual,43,9,414541,414542,1
residual,43,10,415131,415132,1
residual,43,11,415721,415722,1
residual,43,12,416313,416314,1
residual,43,13,416903,416904,1
residual,43,14,417493,417494,1
residual,43,15,418083,418084,1
residual,44,0,418675,418676,1
residual,44,1,419265,419266,1
residual,44,2,419855,419856,1
residual,44,3,420445,420446,1
residual,44,4,421037,421038,1
residual,44,5,421627,421628,1
residual,44,6,422217,422218,1
residual,44,7,422807,422808,1
residual,44,8,423399,423400,1
residual,44,9,423989,423990,1
residual,44,10,424579,424580,1
residual,44,11,425169,425170,1
residual,44,12,425761,425762,1
residual,44,13,426351,426352,1
residual,44,14,426941,426942,1
residual,44,15,427531,427532,1
residual,45,0,428123,428124,1
residual,45,1,428713,428714,1
residual,45,2,429303,429304,1
residual,45,3,429893,429894,1
residual,45,4,430485,430486,1
residual,45,5,431075,431076,1
residual,45,6,431665,431666,1
residual,45,7,432255,432256,1
residual,45,8,432847,432848,1
residual,45,9,433437,433438,1
residual,45,10,434027,434028,1
residual,45,11,434617,434618,1
residual,45,12,435209,435210,1
residual,45,13,435799,435800,1
residual,45,14,436389,436390,1
residual,45,15,436979,436980,1
residual,46,0,437571,437572,1
residual,46,1,438161,438162,1
residual,46,2,438751,438752,1
residual,46,3,439341,439342,1
residual,46,4,439933,439934,1
residual,46,5,440523,440524,1
residual,46,6,441113,441114,1
residual,46,7,441703,441704,1
residual,46,8,442295,442296,1
residual,46,9,442885,442886,1
residual,46,10,443475,443476,1
residual,46,11,444065,444066,1
residual,46,12,444657,444658,1
residual,46,13,445247,445248,1
residual,46,14,445837,445838,1
residual,46,15,446427,446428,1
residual,47,0,447019,447020,1
residual,47,1,447609,447610,1
residual,47,2,448199,448200,1
residual,47,3,448789,448790,1
residual,47,4,449381,449382,1
residual,47,5,449971,449972,1
residual,47,6,450561,450562,1
residual,47,7,451151,451152,1
residual,47,8,451743,451744,1
residual,47,9,452333,452334,1
residual,47,10,452923,452924,1
residual,47,11,453513,453514,1
residual,47,12,454105,454106,1
residual,47,13,454695,454696,1
residual,47,14,455285,455286,1
residual,47,15,455875,455876,1
residual,48,0,456467,456468,1
residual,48,1,457057,457058,1
residual,48,2,457647,457648,1
residual,48,3,458237,458238,1
residual,48,4,458829,458830,1
residual,48,5,459419,459420,1
residual,48,6,460009,460010,1
residual,48,7,460599,460600,1
residual,48,8,461191,461192,1
residual,48,9,461781,461782,1
residual,48,10,462371,462372,1
residual,48,11,462961,462962,1
residual,48,12,463553,463554,1
residual,48,13,464143,464144,1
residual,48,14,464733,464734,1
residual,48,15,465323,465324,1
residual,49,0,465915,465916,1
residual,49,1,466505,466506,1
residual,49,2,467095,467096,1
residual,49,3,467685,467686,1
residual,49,4,468277,468278,1
residual,49,5,468867,468868,1
residual,49,6,469457,469458,1
residual,49,7,470047,470048,1
residual,49,8,470639,470640,1
residual,49,9,471229,471230,1
residual,49,10,471819,471820,1
residual,49,11,472409,472410,1
residual,49,12,473001,473002,1
residual,49,13,473591,473592,1
residual,49,14,474181,474182,1
residual,49,15,474771,474772,1
residual,50,0,475363,475364,1
residual,50,1,475953,475954,1
residual,50,2,476543,476544,1
residual,50,3,477133,477134,1
residual,50,4,477725,477726,1
residual,50,5,478315,478316,1
residual,50,6,478905,478906,1
residual,50,7,479495,479496,1
residual,50,8,480087,480088,1
residual,50,9,480677,480678,1
residual,50,10,481267,481268,1
residual,50,11,481857,481858,1
residual,50,12,482449,482450,1
residual,50,13,483039,483040,1
residual,50,14,483629,483630,1
residual,50,15,484219,484220,1
residual,51,0,484811,484812,1
residual,51,1,485401,485402,1
residual,51,2,485991,485992,1
residual,51,3,486581,486582,1
residual,51,4,487173,487174,1
residual,51,5,487763,487764,1
residual,51,6,488353,488354,1
residual,51,7,488943,488944,1
residual,51,8,489535,489536,1
residual,51,9,490125,490126,1
residual,51,10,490715,490716,1
residual,51,11,491305,491306,1
residual,51,12,491897,491898,1
residual,51,13,492487,492488,1
residual,51,14,493077,493078,1
residual,51,15,493667,493668,1
residual,52,0,494259,494260,1
residual,52,1,494849,494850,1
residual,52,2,495439,495440,1
residual,52,3,496029,496030,1
residual,52,4,496621,496622,1
residual,52,5,497211,497212,1
residual,52,6,497801,497802,1
residual,52,7,498391,498392,1
residual,52,8,498983,498984,1
residual,52,9,499573,499574,1
residual,52,10,500163,500164,1
residual,52,11,500753,500754,1
residual,52,12,501345,501346,1
residual,52,13,501935,501936,1
residual,52,14,502525,502526,1
residual,52,15,503115,503116,1
residual,53,0,503707,503708,1
residual,53,1,504297,504298,1
residual,53,2,504887,504888,1
residual,53,3,505477,505478,1
residual,53,4,506069,506070,1
residual,53,5,506659,506660,1
residual,53,6,507249,507250,1
residual,53,7,507839,507840,1
residual,53,8,508431,508432,1
residual,53,9,509021,509022,1
residual,53,10,509611,509612,1
residual,53,11,510201,510202,1
residual,53,12,510793,510794,1
residual,53,13,511383,511384,1
residual,53,14,511973,511974,1
residual,53,15,512563,512564,1
residual,54,0,513155,513156,1
residual,54,1,513745,513746,1
residual,54,2,514335,514336,1
residual,54,3,514925,514926,1
residual,54,4,515517,515518,1
residual,54,5,516107,516108,1
residual,54,6,516697,516698,1
residual,54,7,517287,517288,1
residual,54,8,517879,517880,1
residual,54,9,518469,518470,1
residual,54,10,519059,519060,1
residual,54,11,519649,519650,1
residual,54,12,520241,520242,1
residual,54,13,520831,520832,1
residual,54,14,521421,521422,1
residual,54,15,522011,522012,1
residual,55,0,522603,522604,1
residual,55,1,523193,523194,1
residual,55,2,523783,523784,1
residual,55,3,524373,524374,1
residual,55,4,524965,524966,1
residual,55,5,525555,525556,1
residual,55,6,526145,526146,1
residual,55,7,526735,526736,1
residual,55,8,527327,527328,1
residual,55,9,527917,527918,1
residual,55,10,528507,528508,1
residual,55,11,529097,529098,1
residual,55,12,529689,529690,1
residual,55,13,530279,530280,1
residual,55,14,530869,530870,1
residual,55,15,531459,531460,1
residual,56,0,532051,532052,1
residual,56,1,532641,532642,1
residual,56,2,533231,533232,1
residual,56,3,533821,533822,1
residual,56,4,534413,534414,1
residual,56,5,535003,535004,1
residual,56,6,535593,535594,1
residual,56,7,536183,536184,1
residual,56,8,536775,536776,1
residual,56,9,537365,537366,1
residual,56,10,537955,537956,1
residual,56,11,538545,538546,1
residual,56,12,539137,539138,1
residual,56,13,539727,539728,1
residual,56,14,540317,540318,1
residual,56,15,540907,540908,1
residual,57,0,541499,541500,1
residual,57,1,542089,542090,1
residual,57,2,542679,542680,1
residual,57,3,543269,543270,1
residual,57,4,543861,543862,1
residual,57,5,544451,544452,1
residual,57,6,545041,545042,1
residual,57,7,545631,545632,1
residual,57,8,546223,546224,1
residual,57,9,546813,546814,1
residual,57,10,547403,547404,1
residual,57,11,547993,547994,1
residual,57,12,548585,548586,1
residual,57,13,549175,549176,1
residual,57,14,549765,549766,1
residual,57,15,550355,550356,1
residual,58,0,550947,550948,1
residual,58,1,551537,551538,1
residual,58,2,552127,552128,1
residual,58,3,552717,552718,1
residual,58,4,553309,553310,1
residual,58,5,553899,553900,1
residual,58,6,554489,554490,1
residual,58,7,555079,555080,1
residual,58,8,555671,555672,1
residual,58,9,556261,556262,1
residual,58,10,556851,556852,1
residual,58,11,557441,557442,1
residual,58,12,558033,558034,1
residual,58,13,558623,558624,1
residual,58,14,559213,559214,1
residual,58,15,559803,559804,1
residual,59,0,560395,560396,1
residual,59,1,560985,560986,1
residual,59,2,561575,561576,1
residual,59,3,562165,562166,1
residual,59,4,562757,562758,1
residual,59,5,563347,563348,1
residual,59,6,563937,563938,1
residual,59,7,564527,564528,1
residual,59,8,565119,565120,1
residual,59,9,565709,565710,1
residual,59,10,566299,566300,1
residual,59,11,566889,566890,1
residual,59,12,567481,567482,1
residual,59,13,568071,568072,1
residual,59,14,568661,568662,1
residual,59,15,569251,569252,1
residual,60,0,569843,569844,1
residual,60,1,570433,570434,1
residual,60,2,571023,571024,1
residual,60,3,571613,571614,1
residual,60,4,572205,572206,1
residual,60,5,572795,572796,1
residual,60,6,573385,573386,1
residual,60,7,573975,573976,1
residual,60,8,574567,574568,1
residual,60,9,575157,575158,1
residual,60,10,575747,575748,1
residual,60,11,576337,576338,1
residual,60,12,576929,576930,1
residual,60,13,577519,577520,1
residual,60,14,578109,578110,1
residual,60,15,578699,578700,1
residual,61,0,579291,579292,1
residual,61,1,579881,579882,1
residual,61,2,580471,580472,1
residual,61,3,581061,581062,1
residual,61,4,581653,581654,1
residual,61,5,582243,582244,1
residual,61,6,582833,582834,1
residual,61,7,583423,583424,1
residual,61,8,584015,584016,1
residual,61,9,584605,584606,1
residual,61,10,585195,585196,1
residual,61,11,585785,585786,1
residual,61,12,586377,586378,1
residual,61,13,586967,586968,1
residual,61,14,587557,587558,1
residual,61,15,588147,588148,1
residual,62,0,588739,588740,1
residual,62,1,589329,589330,1
residual,62,2,589919,589920,1
residual,62,3,590509,590510,1
residual,62,4,591101,591102,1
residual,62,5,591691,591692,1
residual,62,6,592281,592282,1
residual,62,7,592871,592872,1
residual,62,8,593463,593464,1
residual,62,9,594053,594054,1
residual,62,10,594643,594644,1
residual,62,11,595233,595234,1
residual,62,12,595825,595826,1
residual,62,13,596415,596416,1
residual,62,14,597005,597006,1
residual,62,15,597595,597596,1
residual,63,0,598187,598188,1
residual,63,1,598777,598778,1
residual,63,2,599367,599368,1
residual,63,3,599957,599958,1
residual,63,4,600549,600550,1
residual,63,5,601139,601140,1
residual,63,6,601729,601730,1
residual,63,7,602319,602320,1
residual,63,8,602911,602912,1
residual,63,9,603501,603502,1
residual,63,10,604091,604092,1
residual,63,11,604681,604682,1
residual,63,12,605273,605274,1
residual,63,13,605863,605864,1
residual,63,14,606453,606454,1
residual,63,15,607043,607044,1
block_output_wait,0,0,2964,2965,1
block_output_wait,0,1,3554,3555,1
block_output_wait,0,2,4144,4145,1
block_output_wait,0,3,4734,4735,1
block_output_wait,0,4,5326,5327,1
block_output_wait,0,5,5916,5917,1
block_output_wait,0,6,6506,6507,1
block_output_wait,0,7,7096,7097,1
block_output_wait,0,8,7688,7689,1
block_output_wait,0,9,8278,8279,1
block_output_wait,0,10,8868,8869,1
block_output_wait,0,11,9458,9459,1
block_output_wait,0,12,10050,10051,1
block_output_wait,0,13,10640,10641,1
block_output_wait,0,14,11230,11231,1
block_output_wait,0,15,11820,11821,1
block_output_wait,1,0,12412,12413,1
block_output_wait,1,1,13002,13003,1
block_output_wait,1,2,13592,13593,1
block_output_wait,1,3,14182,14183,1
block_output_wait,1,4,14774,14775,1
block_output_wait,1,5,15364,15365,1
block_output_wait,1,6,15954,15955,1
block_output_wait,1,7,16544,16545,1
block_output_wait,1,8,17136,17137,1
block_output_wait,1,9,17726,17727,1
block_output_wait,1,10,18316,18317,1
block_output_wait,1,11,18906,18907,1
block_output_wait,1,12,19498,19499,1
block_output_wait,1,13,20088,20089,1
block_output_wait,1,14,20678,20679,1
block_output_wait,1,15,21268,21269,1
block_output_wait,2,0,21860,21861,1
block_output_wait,2,1,22450,22451,1
block_output_wait,2,2,23040,23041,1
block_output_wait,2,3,23630,23631,1
block_output_wait,2,4,24222,24223,1
block_output_wait,2,5,24812,24813,1
block_output_wait,2,6,25402,25403,1
block_output_wait,2,7,25992,25993,1
block_output_wait,2,8,26584,26585,1
block_output_wait,2,9,27174,27175,1
block_output_wait,2,10,27764,27765,1
block_output_wait,2,11,28354,28355,1
block_output_wait,2,12,28946,28947,1
block_output_wait,2,13,29536,29537,1
block_output_wait,2,14,30126,30127,1
block_output_wait,2,15,30716,30717,1
block_output_wait,3,0,31308,31309,1
block_output_wait,3,1,31898,31899,1
block_output_wait,3,2,32488,32489,1
block_output_wait,3,3,33078,33079,1
block_output_wait,3,4,33670,33671,1
block_output_wait,3,5,34260,34261,1
block_output_wait,3,6,34850,34851,1
block_output_wait,3,7,35440,35441,1
block_output_wait,3,8,36032,36033,1
block_output_wait,3,9,36622,36623,1
block_output_wait,3,10,37212,37213,1
block_output_wait,3,11,37802,37803,1
block_output_wait,3,12,38394,38395,1
block_output_wait,3,13,38984,38985,1
block_output_wait,3,14,39574,39575,1
block_output_wait,3,15,40164,40165,1
block_output_wait,4,0,40756,40757,1
block_output_wait,4,1,41346,41347,1
block_output_wait,4,2,41936,41937,1
block_output_wait,4,3,42526,42527,1
block_output_wait,4,4,43118,43119,1
block_output_wait,4,5,43708,43709,1
block_output_wait,4,6,44298,44299,1
block_output_wait,4,7,44888,44889,1
block_output_wait,4,8,45480,45481,1
block_output_wait,4,9,46070,46071,1
block_output_wait,4,10,46660,46661,1
block_output_wait,4,11,47250,47251,1
block_output_wait,4,12,47842,47843,1
block_output_wait,4,13,48432,48433,1
block_output_wait,4,14,49022,49023,1
block_output_wait,4,15,49612,49613,1
block_output_wait,5,0,50204,50205,1
block_output_wait,5,1,50794,50795,1
block_output_wait,5,2,51384,51385,1
block_output_wait,5,3,51974,51975,1
block_output_wait,5,4,52566,52567,1
block_output_wait,5,5,53156,53157,1
block_output_wait,5,6,53746,53747,1
block_output_wait,5,7,54336,54337,1
block_output_wait,5,8,54928,54929,1
block_output_wait,5,9,55518,55519,1
block_output_wait,5,10,56108,56109,1
block_output_wait,5,11,56698,56699,1
block_output_wait,5,12,57290,57291,1
block_output_wait,5,13,57880,57881,1
block_output_wait,5,14,58470,58471,1
block_output_wait,5,15,59060,59061,1
block_output_wait,6,0,59652,59653,1
block_output_wait,6,1,60242,60243,1
block_output_wait,6,2,60832,60833,1
block_output_wait,6,3,61422,61423,1
block_output_wait,6,4,62014,62015,1
block_output_wait,6,5,62604,62605,1
block_output_wait,6,6,63194,63195,1
block_output_wait,6,7,63784,63785,1
block_output_wait,6,8,64376,64377,1
block_output_wait,6,9,64966,64967,1
block_output_wait,6,10,65556,65557,1
block_output_wait,6,11,66146,66147,1
block_output_wait,6,12,66738,66739,1
block_output_wait,6,13,67328,67329,1
block_output_wait,6,14,67918,67919,1
block_output_wait,6,15,68508,68509,1
block_output_wait,7,0,69100,69101,1
block_output_wait,7,1,69690,69691,1
block_output_wait,7,2,70280,70281,1
block_output_wait,7,3,70870,70871,1
block_output_wait,7,4,71462,71463,1
block_output_wait,7,5,72052,72053,1
block_output_wait,7,6,72642,72643,1
block_output_wait,7,7,73232,73233,1
block_output_wait,7,8,73824,73825,1
block_output_wait,7,9,74414,74415,1
block_output_wait,7,10,75004,75005,1
block_output_wait,7,11,75594,75595,1
block_output_wait,7,12,76186,76187,1
block_output_wait,7,13,76776,76777,1
block_output_wait,7,14,77366,77367,1
block_output_wait,7,15,77956,77957,1
block_output_wait,8,0,78548,78549,1
block_output_wait,8,1,79138,79139,1
block_output_wait,8,2,79728,79729,1
block_output_wait,8,3,80318,80319,1
block_output_wait,8,4,80910,80911,1
block_output_wait,8,5,81500,81501,1
block_output_wait,8,6,82090,82091,1
block_output_wait,8,7,82680,82681,1
block_output_wait,8,8,83272,83273,1
block_output_wait,8,9,83862,83863,1
block_output_wait,8,10,84452,84453,1
block_output_wait,8,11,85042,85043,1
block_output_wait,8,12,85634,85635,1
block_output_wait,8,13,86224,86225,1
block_output_wait,8,14,86814,86815,1
block_output_wait,8,15,87404,87405,1
block_output_wait,9,0,87996,87997,1
block_output_wait,9,1,88586,88587,1
block_output_wait,9,2,89176,89177,1
block_output_wait,9,3,89766,89767,1
block_output_wait,9,4,90358,90359,1
block_output_wait,9,5,90948,90949,1
block_output_wait,9,6,91538,91539,1
block_output_wait,9,7,92128,92129,1
block_output_wait,9,8,92720,92721,1
block_output_wait,9,9,93310,93311,1
block_output_wait,9,10,93900,93901,1
block_output_wait,9,11,94490,94491,1
block_output_wait,9,12,95082,95083,1
block_output_wait,9,13,95672,95673,1
block_output_wait,9,14,96262,96263,1
block_output_wait,9,15,96852,96853,1
block_output_wait,10,0,97444,97445,1
block_output_wait,10,1,98034,98035,1
block_output_wait,10,2,98624,98625,1
block_output_wait,10,3,99214,99215,1
block_output_wait,10,4,99806,99807,1
block_output_wait,10,5,100396,100397,1
block_output_wait,10,6,100986,100987,1
block_output_wait,10,7,101576,101577,1
block_output_wait,10,8,102168,102169,1
block_output_wait,10,9,102758,102759,1
block_output_wait,10,10,103348,103349,1
block_output_wait,10,11,103938,103939,1
block_output_wait,10,12,104530,104531,1
block_output_wait,10,13,105120,105121,1
block_output_wait,10,14,105710,105711,1
block_output_wait,10,15,106300,106301,1
block_output_wait,11,0,106892,106893,1
block_output_wait,11,1,107482,107483,1
block_output_wait,11,2,108072,108073,1
block_output_wait,11,3,108662,108663,1
block_output_wait,11,4,109254,109255,1
block_output_wait,11,5,109844,109845,1
block_output_wait,11,6,110434,110435,1
block_output_wait,11,7,111024,111025,1
block_output_wait,11,8,111616,111617,1
block_output_wait,11,9,112206,112207,1
block_output_wait,11,10,112796,112797,1
block_output_wait,11,11,113386,113387,1
block_output_wait,11,12,113978,113979,1
block_output_wait,11,13,114568,114569,1
block_output_wait,11,14,115158,115159,1
block_output_wait,11,15,115748,115749,1
block_output_wait,12,0,116340,116341,1
block_output_wait,12,1,116930,116931,1
block_output_wait,12,2,117520,117521,1
block_output_wait,12,3,118110,118111,1
block_output_wait,12,4,118702,118703,1
block_output_wait,12,5,119292,119293,1
block_output_wait,12,6,119882,119883,1
block_output_wait,12,7,120472,120473,1
block_output_wait,12,8,121064,121065,1
block_output_wait,12,9,121654,121655,1
block_output_wait,12,10,122244,122245,1
block_output_wait,12,11,122834,122835,1
block_output_wait,12,12,123426,123427,1
block_output_wait,12,13,124016,124017,1
block_output_wait,12,14,124606,124607,1
block_output_wait,12,15,125196,125197,1
block_output_wait,13,0,125788,125789,1
block_output_wait,13,1,126378,126379,1
block_output_wait,13,2,126968,126969,1
block_output_wait,13,3,127558,127559,1
block_output_wait,13,4,128150,128151,1
block_output_wait,13,5,128740,128741,1
block_output_wait,13,6,129330,129331,1
block_output_wait,13,7,129920,129921,1
block_output_wait,13,8,130512,130513,1
block_output_wait,13,9,131102,131103,1
block_output_wait,13,10,131692,131693,1
block_output_wait,13,11,132282,132283,1
block_output_wait,13,12,132874,132875,1
block_output_wait,13,13,133464,133465,1
block_output_wait,13,14,134054,134055,1
block_output_wait,13,15,134644,134645,1
block_output_wait,14,0,135236,135237,1
block_output_wait,14,1,135826,135827,1
block_output_wait,14,2,136416,136417,1
block_output_wait,14,3,137006,137007,1
block_output_wait,14,4,137598,137599,1
block_output_wait,14,5,138188,138189,1
block_output_wait,14,6,138778,138779,1
block_output_wait,14,7,139368,139369,1
block_output_wait,14,8,139960,139961,1
block_output_wait,14,9,140550,140551,1
block_output_wait,14,10,141140,141141,1
block_output_wait,14,11,141730,141731,1
block_output_wait,14,12,142322,142323,1
block_output_wait,14,13,142912,142913,1
block_output_wait,14,14,143502,143503,1
block_output_wait,14,15,144092,144093,1
block_output_wait,15,0,144684,144685,1
block_output_wait,15,1,145274,145275,1
block_output_wait,15,2,145864,145865,1
block_output_wait,15,3,146454,146455,1
block_output_wait,15,4,147046,147047,1
block_output_wait,15,5,147636,147637,1
block_output_wait,15,6,148226,148227,1
block_output_wait,15,7,148816,148817,1
block_output_wait,15,8,149408,149409,1
block_output_wait,15,9,149998,149999,1
block_output_wait,15,10,150588,150589,1
block_output_wait,15,11,151178,151179,1
block_output_wait,15,12,151770,151771,1
block_output_wait,15,13,152360,152361,1
block_output_wait,15,14,152950,152951,1
block_output_wait,15,15,153540,153541,1
block_output_wait,16,0,154132,154133,1
block_output_wait,16,1,154722,154723,1
block_output_wait,16,2,155312,155313,1
block_output_wait,16,3,155902,155903,1
block_output_wait,16,4,156494,156495,1
block_output_wait,16,5,157084,157085,1
block_output_wait,16,6,157674,157675,1
block_output_wait,16,7,158264,158265,1
block_output_wait,16,8,158856,158857,1
block_output_wait,16,9,159446,159447,1
block_output_wait,16,10,160036,160037,1
block_output_wait,16,11,160626,160627,1
block_output_wait,16,12,161218,161219,1
block_output_wait,16,13,161808,161809,1
block_output_wait,16,14,162398,162399,1
block_output_wait,16,15,162988,162989,1
block_output_wait,17,0,163580,163581,1
block_output_wait,17,1,164170,164171,1
block_output_wait,17,2,164760,164761,1
block_output_wait,17,3,165350,165351,1
block_output_wait,17,4,165942,165943,1
block_output_wait,17,5,166532,166533,1
block_output_wait,17,6,167122,167123,1
block_output_wait,17,7,167712,167713,1
block_output_wait,17,8,168304,168305,1
block_output_wait,17,9,168894,168895,1
block_output_wait,17,10,169484,169485,1
block_output_wait,17,11,170074,170075,1
block_output_wait,17,12,170666,170667,1
block_output_wait,17,13,171256,171257,1
block_output_wait,17,14,171846,171847,1
block_output_wait,17,15,172436,172437,1
block_output_wait,18,0,173028,173029,1
block_output_wait,18,1,173618,173619,1
block_output_wait,18,2,174208,174209,1
block_output_wait,18,3,174798,174799,1
block_output_wait,18,4,175390,175391,1
block_output_wait,18,5,175980,175981,1
block_output_wait,18,6,176570,176571,1
block_output_wait,18,7,177160,177161,1
block_output_wait,18,8,177752,177753,1
block_output_wait,18,9,178342,178343,1
block_output_wait,18,10,178932,178933,1
block_output_wait,18,11,179522,179523,1
block_output_wait,18,12,180114,180115,1
block_output_wait,18,13,180704,180705,1
block_output_wait,18,14,181294,181295,1
block_output_wait,18,15,181884,181885,1
block_output_wait,19,0,182476,182477,1
block_output_wait,19,1,183066,183067,1
block_output_wait,19,2,183656,183657,1
block_output_wait,19,3,184246,184247,1
block_output_wait,19,4,184838,184839,1
block_output_wait,19,5,185428,185429,1
block_output_wait,19,6,186018,186019,1
block_output_wait,19,7,186608,186609,1
block_output_wait,19,8,187200,187201,1
block_output_wait,19,9,187790,187791,1
block_output_wait,19,10,188380,188381,1
block_output_wait,19,11,188970,188971,1
block_output_wait,19,12,189562,189563,1
block_output_wait,19,13,190152,190153,1
block_output_wait,19,14,190742,190743,1
block_output_wait,19,15,191332,191333,1
block_output_wait,20,0,191924,191925,1
block_output_wait,20,1,192514,192515,1
block_output_wait,20,2,193104,193105,1
block_output_wait,20,3,193694,193695,1
block_output_wait,20,4,194286,194287,1
block_output_wait,20,5,194876,194877,1
block_output_wait,20,6,195466,195467,1
block_output_wait,20,7,196056,196057,1
block_output_wait,20,8,196648,196649,1
block_output_wait,20,9,197238,197239,1
block_output_wait,20,10,197828,197829,1
block_output_wait,20,11,198418,198419,1
block_output_wait,20,12,199010,199011,1
block_output_wait,20,13,199600,199601,1
block_output_wait,20,14,200190,200191,1
block_output_wait,20,15,200780,200781,1
block_output_wait,21,0,201372,201373,1
block_output_wait,21,1,201962,201963,1
block_output_wait,21,2,202552,202553,1
block_output_wait,21,3,203142,203143,1
block_output_wait,21,4,203734,203735,1
block_output_wait,21,5,204324,204325,1
block_output_wait,21,6,204914,204915,1
block_output_wait,21,7,205504,205505,1
block_output_wait,21,8,206096,206097,1
block_output_wait,21,9,206686,206687,1
block_output_wait,21,10,207276,207277,1
block_output_wait,21,11,207866,207867,1
block_output_wait,21,12,208458,208459,1
block_output_wait,21,13,209048,209049,1
block_output_wait,21,14,209638,209639,1
block_output_wait,21,15,210228,210229,1
block_output_wait,22,0,210820,210821,1
block_output_wait,22,1,211410,211411,1
block_output_wait,22,2,212000,212001,1
block_output_wait,22,3,212590,212591,1
block_output_wait,22,4,213182,213183,1
block_output_wait,22,5,213772,213773,1
block_output_wait,22,6,214362,214363,1
block_output_wait,22,7,214952,214953,1
block_output_wait,22,8,215544,215545,1
block_output_wait,22,9,216134,216135,1
block_output_wait,22,10,216724,216725,1
block_output_wait,22,11,217314,217315,1
block_output_wait,22,12,217906,217907,1
block_output_wait,22,13,218496,218497,1
block_output_wait,22,14,219086,219087,1
block_output_wait,22,15,219676,219677,1
block_output_wait,23,0,220268,220269,1
block_output_wait,23,1,220858,220859,1
block_output_wait,23,2,221448,221449,1
block_output_wait,23,3,222038,222039,1
block_output_wait,23,4,222630,222631,1
block_output_wait,23,5,223220,223221,1
block_output_wait,23,6,223810,223811,1
block_output_wait,23,7,224400,224401,1
block_output_wait,23,8,224992,224993,1
block_output_wait,23,9,225582,225583,1
block_output_wait,23,10,226172,226173,1
block_output_wait,23,11,226762,226763,1
block_output_wait,23,12,227354,227355,1
block_output_wait,23,13,227944,227945,1
block_output_wait,23,14,228534,228535,1
block_output_wait,23,15,229124,229125,1
block_output_wait,24,0,229716,229717,1
block_output_wait,24,1,230306,230307,1
block_output_wait,24,2,230896,230897,1
block_output_wait,24,3,231486,231487,1
block_output_wait,24,4,232078,232079,1
block_output_wait,24,5,232668,232669,1
block_output_wait,24,6,233258,233259,1
block_output_wait,24,7,233848,233849,1
block_output_wait,24,8,234440,234441,1
block_output_wait,24,9,235030,235031,1
block_output_wait,24,10,235620,235621,1
block_output_wait,24,11,236210,236211,1
block_output_wait,24,12,236802,236803,1
block_output_wait,24,13,237392,237393,1
block_output_wait,24,14,237982,237983,1
block_output_wait,24,15,238572,238573,1
block_output_wait,25,0,239164,239165,1
block_output_wait,25,1,239754,239755,1
block_output_wait,25,2,240344,240345,1
block_output_wait,25,3,240934,240935,1
block_output_wait,25,4,241526,241527,1
block_output_wait,25,5,242116,242117,1
block_output_wait,25,6,242706,242707,1
block_output_wait,25,7,243296,243297,1
block_output_wait,25,8,243888,243889,1
block_output_wait,25,9,244478,244479,1
block_output_wait,25,10,245068,245069,1
block_output_wait,25,11,245658,245659,1
block_output_wait,25,12,246250,246251,1
block_output_wait,25,13,246840,246841,1
block_output_wait,25,14,247430,247431,1
block_output_wait,25,15,248020,248021,1
block_output_wait,26,0,248612,248613,1
block_output_wait,26,1,249202,249203,1
block_output_wait,26,2,249792,249793,1
block_output_wait,26,3,250382,250383,1
block_output_wait,26,4,250974,250975,1
block_output_wait,26,5,251564,251565,1
block_output_wait,26,6,252154,252155,1
block_output_wait,26,7,252744,252745,1
block_output_wait,26,8,253336,253337,1
block_output_wait,26,9,253926,253927,1
block_output_wait,26,10,254516,254517,1
block_output_wait,26,11,255106,255107,1
block_output_wait,26,12,255698,255699,1
block_output_wait,26,13,256288,256289,1
block_output_wait,26,14,256878,256879,1
block_output_wait,26,15,257468,257469,1
block_output_wait,27,0,258060,258061,1
block_output_wait,27,1,258650,258651,1
block_output_wait,27,2,259240,259241,1
block_output_wait,27,3,259830,259831,1
block_output_wait,27,4,260422,260423,1
block_output_wait,27,5,261012,261013,1
block_output_wait,27,6,261602,261603,1
block_output_wait,27,7,262192,262193,1
block_output_wait,27,8,262784,262785,1
block_output_wait,27,9,263374,263375,1
block_output_wait,27,10,263964,263965,1
block_output_wait,27,11,264554,264555,1
block_output_wait,27,12,265146,265147,1
block_output_wait,27,13,265736,265737,1
block_output_wait,27,14,266326,266327,1
block_output_wait,27,15,266916,266917,1
block_output_wait,28,0,267508,267509,1
block_output_wait,28,1,268098,268099,1
block_output_wait,28,2,268688,268689,1
block_output_wait,28,3,269278,269279,1
block_output_wait,28,4,269870,269871,1
block_output_wait,28,5,270460,270461,1
block_output_wait,28,6,271050,271051,1
block_output_wait,28,7,271640,271641,1
block_output_wait,28,8,272232,272233,1
block_output_wait,28,9,272822,272823,1
block_output_wait,28,10,273412,273413,1
block_output_wait,28,11,274002,274003,1
block_output_wait,28,12,274594,274595,1
block_output_wait,28,13,275184,275185,1
block_output_wait,28,14,275774,275775,1
block_output_wait,28,15,276364,276365,1
block_output_wait,29,0,276956,276957,1
block_output_wait,29,1,277546,277547,1
block_output_wait,29,2,278136,278137,1
block_output_wait,29,3,278726,278727,1
block_output_wait,29,4,279318,279319,1
block_output_wait,29,5,279908,279909,1
block_output_wait,29,6,280498,280499,1
block_output_wait,29,7,281088,281089,1
block_output_wait,29,8,281680,281681,1
block_output_wait,29,9,282270,282271,1
block_output_wait,29,10,282860,282861,1
block_output_wait,29,11,283450,283451,1
block_output_wait,29,12,284042,284043,1
block_output_wait,29,13,284632,284633,1
block_output_wait,29,14,285222,285223,1
block_output_wait,29,15,285812,285813,1
block_output_wait,30,0,286404,286405,1
block_output_wait,30,1,286994,286995,1
block_output_wait,30,2,287584,287585,1
block_output_wait,30,3,288174,288175,1
block_output_wait,30,4,288766,288767,1
block_output_wait,30,5,289356,289357,1
block_output_wait,30,6,289946,289947,1
block_output_wait,30,7,290536,290537,1
block_output_wait,30,8,291128,291129,1
block_output_wait,30,9,291718,291719,1
block_output_wait,30,10,292308,292309,1
block_output_wait,30,11,292898,292899,1
block_output_wait,30,12,293490,293491,1
block_output_wait,30,13,294080,294081,1
block_output_wait,30,14,294670,294671,1
block_output_wait,30,15,295260,295261,1
block_output_wait,31,0,295852,295853,1
block_output_wait,31,1,296442,296443,1
block_output_wait,31,2,297032,297033,1
block_output_wait,31,3,297622,297623,1
block_output_wait,31,4,298214,298215,1
block_output_wait,31,5,298804,298805,1
block_output_wait,31,6,299394,299395,1
block_output_wait,31,7,299984,299985,1
block_output_wait,31,8,300576,300577,1
block_output_wait,31,9,301166,301167,1
block_output_wait,31,10,301756,301757,1
block_output_wait,31,11,302346,302347,1
block_output_wait,31,12,302938,302939,1
block_output_wait,31,13,303528,303529,1
block_output_wait,31,14,304118,304119,1
block_output_wait,31,15,304708,304709,1
block_output_wait,32,0,305300,305301,1
block_output_wait,32,1,305890,305891,1
block_output_wait,32,2,306480,306481,1
block_output_wait,32,3,307070,307071,1
block_output_wait,32,4,307662,307663,1
block_output_wait,32,5,308252,308253,1
block_output_wait,32,6,308842,308843,1
block_output_wait,32,7,309432,309433,1
block_output_wait,32,8,310024,310025,1
block_output_wait,32,9,310614,310615,1
block_output_wait,32,10,311204,311205,1
block_output_wait,32,11,311794,311795,1
block_output_wait,32,12,312386,312387,1
block_output_wait,32,13,312976,312977,1
block_output_wait,32,14,313566,313567,1
block_output_wait,32,15,314156,314157,1
block_output_wait,33,0,314748,314749,1
block_output_wait,33,1,315338,315339,1
block_output_wait,33,2,315928,315929,1
block_output_wait,33,3,316518,316519,1
block_output_wait,33,4,317110,317111,1
block_output_wait,33,5,317700,317701,1
block_output_wait,33,6,318290,318291,1
block_output_wait,33,7,318880,318881,1
block_output_wait,33,8,319472,319473,1
block_output_wait,33,9,320062,320063,1
block_output_wait,33,10,320652,320653,1
block_output_wait,33,11,321242,321243,1
block_output_wait,33,12,321834,321835,1
block_output_wait,33,13,322424,322425,1
block_output_wait,33,14,323014,323015,1
block_output_wait,33,15,323604,323605,1
block_output_wait,34,0,324196,324197,1
block_output_wait,34,1,324786,324787,1
block_output_wait,34,2,325376,325377,1
block_output_wait,34,3,325966,325967,1
block_output_wait,34,4,326558,326559,1
block_output_wait,34,5,327148,327149,1
block_output_wait,34,6,327738,327739,1
block_output_wait,34,7,328328,328329,1
block_output_wait,34,8,328920,328921,1
block_output_wait,34,9,329510,329511,1
block_output_wait,34,10,330100,330101,1
block_output_wait,34,11,330690,330691,1
block_output_wait,34,12,331282,331283,1
block_output_wait,34,13,331872,331873,1
block_output_wait,34,14,332462,332463,1
block_output_wait,34,15,333052,333053,1
block_output_wait,35,0,333644,333645,1
block_output_wait,35,1,334234,334235,1
block_output_wait,35,2,334824,334825,1
block_output_wait,35,3,335414,335415,1
block_output_wait,35,4,336006,336007,1
block_output_wait,35,5,336596,336597,1
block_output_wait,35,6,337186,337187,1
block_output_wait,35,7,337776,337777,1
block_output_wait,35,8,338368,338369,1
block_output_wait,35,9,338958,338959,1
block_output_wait,35,10,339548,339549,1
block_output_wait,35,11,340138,340139,1
block_output_wait,35,12,340730,340731,1
block_output_wait,35,13,341320,341321,1
block_output_wait,35,14,341910,341911,1
block_output_wait,35,15,342500,342501,1
block_output_wait,36,0,343092,343093,1
block_output_wait,36,1,343682,343683,1
block_output_wait,36,2,344272,344273,1
block_output_wait,36,3,344862,344863,1
block_output_wait,36,4,345454,345455,1
block_output_wait,36,5,346044,346045,1
block_output_wait,36,6,346634,346635,1
block_output_wait,36,7,347224,347225,1
block_output_wait,36,8,347816,347817,1
block_output_wait,36,9,348406,348407,1
block_output_wait,36,10,348996,348997,1
block_output_wait,36,11,349586,349587,1
block_output_wait,36,12,350178,350179,1
block_output_wait,36,13,350768,350769,1
block_output_wait,36,14,351358,351359,1
block_output_wait,36,15,351948,351949,1
block_output_wait,37,0,352540,352541,1
block_output_wait,37,1,353130,353131,1
block_output_wait,37,2,353720,353721,1
block_output_wait,37,3,354310,354311,1
block_output_wait,37,4,354902,354903,1
block_output_wait,37,5,355492,355493,1
block_output_wait,37,6,356082,356083,1
block_output_wait,37,7,356672,356673,1
block_output_wait,37,8,357264,357265,1
block_output_wait,37,9,357854,357855,1
block_output_wait,37,10,358444,358445,1
block_output_wait,37,11,359034,359035,1
block_output_wait,37,12,359626,359627,1
block_output_wait,37,13,360216,360217,1
block_output_wait,37,14,360806,360807,1
block_output_wait,37,15,361396,361397,1
block_output_wait,38,0,361988,361989,1
block_output_wait,38,1,362578,362579,1
block_output_wait,38,2,363168,363169,1
block_output_wait,38,3,363758,363759,1
block_output_wait,38,4,364350,364351,1
block_output_wait,38,5,364940,364941,1
block_output_wait,38,6,365530,365531,1
block_output_wait,38,7,366120,366121,1
block_output_wait,38,8,366712,366713,1
block_output_wait,38,9,367302,367303,1
block_output_wait,38,10,367892,367893,1
block_output_wait,38,11,368482,368483,1
block_output_wait,38,12,369074,369075,1
block_output_wait,38,13,369664,369665,1
block_output_wait,38,14,370254,370255,1
block_output_wait,38,15,370844,370845,1
block_output_wait,39,0,371436,371437,1
block_output_wait,39,1,372026,372027,1
block_output_wait,39,2,372616,372617,1
block_output_wait,39,3,373206,373207,1
block_output_wait,39,4,373798,373799,1
block_output_wait,39,5,374388,374389,1
block_output_wait,39,6,374978,374979,1
block_output_wait,39,7,375568,375569,1
block_output_wait,39,8,376160,376161,1
block_output_wait,39,9,376750,376751,1
block_output_wait,39,10,377340,377341,1
block_output_wait,39,11,377930,377931,1
block_output_wait,39,12,378522,378523,1
block_output_wait,39,13,379112,379113,1
block_output_wait,39,14,379702,379703,1
block_output_wait,39,15,380292,380293,1
block_output_wait,40,0,380884,380885,1
block_output_wait,40,1,381474,381475,1
block_output_wait,40,2,382064,382065,1
block_output_wait,40,3,382654,382655,1
block_output_wait,40,4,383246,383247,1
block_output_wait,40,5,383836,383837,1
block_output_wait,40,6,384426,384427,1
block_output_wait,40,7,385016,385017,1
block_output_wait,40,8,385608,385609,1
block_output_wait,40,9,386198,386199,1
block_output_wait,40,10,386788,386789,1
block_output_wait,40,11,387378,387379,1
block_output_wait,40,12,387970,387971,1
block_output_wait,40,13,388560,388561,1
block_output_wait,40,14,389150,389151,1
block_output_wait,40,15,389740,389741,1
block_output_wait,41,0,390332,390333,1
block_output_wait,41,1,390922,390923,1
block_output_wait,41,2,391512,391513,1
block_output_wait,41,3,392102,392103,1
block_output_wait,41,4,392694,392695,1
block_output_wait,41,5,393284,393285,1
block_output_wait,41,6,393874,393875,1
block_output_wait,41,7,394464,394465,1
block_output_wait,41,8,395056,395057,1
block_output_wait,41,9,395646,395647,1
block_output_wait,41,10,396236,396237,1
block_output_wait,41,11,396826,396827,1
block_output_wait,41,12,397418,397419,1
block_output_wait,41,13,398008,398009,1
block_output_wait,41,14,398598,398599,1
block_output_wait,41,15,399188,399189,1
block_output_wait,42,0,399780,399781,1
block_output_wait,42,1,400370,400371,1
block_output_wait,42,2,400960,400961,1
block_output_wait,42,3,401550,401551,1
block_output_wait,42,4,402142,402143,1
block_output_wait,42,5,402732,402733,1
block_output_wait,42,6,403322,403323,1
block_output_wait,42,7,403912,403913,1
block_output_wait,42,8,404504,404505,1
block_output_wait,42,9,405094,405095,1
block_output_wait,42,10,405684,405685,1
block_output_wait,42,11,406274,406275,1
block_output_wait,42,12,406866,406867,1
block_output_wait,42,13,407456,407457,1
block_output_wait,42,14,408046,408047,1
block_output_wait,42,15,408636,408637,1
block_output_wait,43,0,409228,409229,1
block_output_wait,43,1,409818,409819,1
block_output_wait,43,2,410408,410409,1
block_output_wait,43,3,410998,410999,1
block_output_wait,43,4,411590,411591,1
block_output_wait,43,5,412180,412181,1
block_output_wait,43,6,412770,412771,1
block_output_wait,43,7,413360,413361,1
block_output_wait,43,8,413952,413953,1
block_output_wait,43,9,414542,414543,1
block_output_wait,43,10,415132,415133,1
block_output_wait,43,11,415722,415723,1
block_output_wait,43,12,416314,416315,1
block_output_wait,43,13,416904,416905,1
block_output_wait,43,14,417494,417495,1
block_output_wait,43,15,418084,418085,1
block_output_wait,44,0,418676,418677,1
block_output_wait,44,1,419266,419267,1
block_output_wait,44,2,419856,419857,1
block_output_wait,44,3,420446,420447,1
block_output_wait,44,4,421038,421039,1
block_output_wait,44,5,421628,421629,1
block_output_wait,44,6,422218,422219,1
block_output_wait,44,7,422808,422809,1
block_output_wait,44,8,423400,423401,1
block_output_wait,44,9,423990,423991,1
block_output_wait,44,10,424580,424581,1
block_output_wait,44,11,425170,425171,1
block_output_wait,44,12,425762,425763,1
block_output_wait,44,13,426352,426353,1
block_output_wait,44,14,426942,426943,1
block_output_wait,44,15,427532,427533,1
block_output_wait,45,0,428124,428125,1
block_output_wait,45,1,428714,428715,1
block_output_wait,45,2,429304,429305,1
block_output_wait,45,3,429894,429895,1
block_output_wait,45,4,430486,430487,1
block_output_wait,45,5,431076,431077,1
block_output_wait,45,6,431666,431667,1
block_output_wait,45,7,432256,432257,1
block_output_wait,45,8,432848,432849,1
block_output_wait,45,9,433438,433439,1
block_output_wait,45,10,434028,434029,1
block_output_wait,45,11,434618,434619,1
block_output_wait,45,12,435210,435211,1
block_output_wait,45,13,435800,435801,1
block_output_wait,45,14,436390,436391,1
block_output_wait,45,15,436980,436981,1
block_output_wait,46,0,437572,437573,1
block_output_wait,46,1,438162,438163,1
block_output_wait,46,2,438752,438753,1
block_output_wait,46,3,439342,439343,1
block_output_wait,46,4,439934,439935,1
block_output_wait,46,5,440524,440525,1
block_output_wait,46,6,441114,441115,1
block_output_wait,46,7,441704,441705,1
block_output_wait,46,8,442296,442297,1
block_output_wait,46,9,442886,442887,1
block_output_wait,46,10,443476,443477,1
block_output_wait,46,11,444066,444067,1
block_output_wait,46,12,444658,444659,1
block_output_wait,46,13,445248,445249,1
block_output_wait,46,14,445838,445839,1
block_output_wait,46,15,446428,446429,1
block_output_wait,47,0,447020,447021,1
block_output_wait,47,1,447610,447611,1
block_output_wait,47,2,448200,448201,1
block_output_wait,47,3,448790,448791,1
block_output_wait,47,4,449382,449383,1
block_output_wait,47,5,449972,449973,1
block_output_wait,47,6,450562,450563,1
block_output_wait,47,7,451152,451153,1
block_output_wait,47,8,451744,451745,1
block_output_wait,47,9,452334,452335,1
block_output_wait,47,10,452924,452925,1
block_output_wait,47,11,453514,453515,1
block_output_wait,47,12,454106,454107,1
block_output_wait,47,13,454696,454697,1
block_output_wait,47,14,455286,455287,1
block_output_wait,47,15,455876,455877,1
block_output_wait,48,0,456468,456469,1
block_output_wait,48,1,457058,457059,1
block_output_wait,48,2,457648,457649,1
block_output_wait,48,3,458238,458239,1
block_output_wait,48,4,458830,458831,1
block_output_wait,48,5,459420,459421,1
block_output_wait,48,6,460010,460011,1
block_output_wait,48,7,460600,460601,1
block_output_wait,48,8,461192,461193,1
block_output_wait,48,9,461782,461783,1
block_output_wait,48,10,462372,462373,1
block_output_wait,48,11,462962,462963,1
block_output_wait,48,12,463554,463555,1
block_output_wait,48,13,464144,464145,1
block_output_wait,48,14,464734,464735,1
block_output_wait,48,15,465324,465325,1
block_output_wait,49,0,465916,465917,1
block_output_wait,49,1,466506,466507,1
block_output_wait,49,2,467096,467097,1
block_output_wait,49,3,467686,467687,1
block_output_wait,49,4,468278,468279,1
block_output_wait,49,5,468868,468869,1
block_output_wait,49,6,469458,469459,1
block_output_wait,49,7,470048,470049,1
block_output_wait,49,8,470640,470641,1
block_output_wait,49,9,471230,471231,1
block_output_wait,49,10,471820,471821,1
block_output_wait,49,11,472410,472411,1
block_output_wait,49,12,473002,473003,1
block_output_wait,49,13,473592,473593,1
block_output_wait,49,14,474182,474183,1
block_output_wait,49,15,474772,474773,1
block_output_wait,50,0,475364,475365,1
block_output_wait,50,1,475954,475955,1
block_output_wait,50,2,476544,476545,1
block_output_wait,50,3,477134,477135,1
block_output_wait,50,4,477726,477727,1
block_output_wait,50,5,478316,478317,1
block_output_wait,50,6,478906,478907,1
block_output_wait,50,7,479496,479497,1
block_output_wait,50,8,480088,480089,1
block_output_wait,50,9,480678,480679,1
block_output_wait,50,10,481268,481269,1
block_output_wait,50,11,481858,481859,1
block_output_wait,50,12,482450,482451,1
block_output_wait,50,13,483040,483041,1
block_output_wait,50,14,483630,483631,1
block_output_wait,50,15,484220,484221,1
block_output_wait,51,0,484812,484813,1
block_output_wait,51,1,485402,485403,1
block_output_wait,51,2,485992,485993,1
block_output_wait,51,3,486582,486583,1
block_output_wait,51,4,487174,487175,1
block_output_wait,51,5,487764,487765,1
block_output_wait,51,6,488354,488355,1
block_output_wait,51,7,488944,488945,1
block_output_wait,51,8,489536,489537,1
block_output_wait,51,9,490126,490127,1
block_output_wait,51,10,490716,490717,1
block_output_wait,51,11,491306,491307,1
block_output_wait,51,12,491898,491899,1
block_output_wait,51,13,492488,492489,1
block_output_wait,51,14,493078,493079,1
block_output_wait,51,15,493668,493669,1
block_output_wait,52,0,494260,494261,1
block_output_wait,52,1,494850,494851,1
block_output_wait,52,2,495440,495441,1
block_output_wait,52,3,496030,496031,1
block_output_wait,52,4,496622,496623,1
block_output_wait,52,5,497212,497213,1
block_output_wait,52,6,497802,497803,1
block_output_wait,52,7,498392,498393,1
block_output_wait,52,8,498984,498985,1
block_output_wait,52,9,499574,499575,1
block_output_wait,52,10,500164,500165,1
block_output_wait,52,11,500754,500755,1
block_output_wait,52,12,501346,501347,1
block_output_wait,52,13,501936,501937,1
block_output_wait,52,14,502526,502527,1
block_output_wait,52,15,503116,503117,1
block_output_wait,53,0,503708,503709,1
block_output_wait,53,1,504298,504299,1
block_output_wait,53,2,504888,504889,1
block_output_wait,53,3,505478,505479,1
block_output_wait,53,4,506070,506071,1
block_output_wait,53,5,506660,506661,1
block_output_wait,53,6,507250,507251,1
block_output_wait,53,7,507840,507841,1
block_output_wait,53,8,508432,508433,1
block_output_wait,53,9,509022,509023,1
block_output_wait,53,10,509612,509613,1
block_output_wait,53,11,510202,510203,1
block_output_wait,53,12,510794,510795,1
block_output_wait,53,13,511384,511385,1
block_output_wait,53,14,511974,511975,1
block_output_wait,53,15,512564,512565,1
block_output_wait,54,0,513156,513157,1
block_output_wait,54,1,513746,513747,1
block_output_wait,54,2,514336,514337,1
block_output_wait,54,3,514926,514927,1
block_output_wait,54,4,515518,515519,1
block_output_wait,54,5,516108,516109,1
block_output_wait,54,6,516698,516699,1
block_output_wait,54,7,517288,517289,1
block_output_wait,54,8,517880,517881,1
block_output_wait,54,9,518470,518471,1
block_output_wait,54,10,519060,519061,1
block_output_wait,54,11,519650,519651,1
block_output_wait,54,12,520242,520243,1
block_output_wait,54,13,520832,520833,1
block_output_wait,54,14,521422,521423,1
block_output_wait,54,15,522012,522013,1
block_output_wait,55,0,522604,522605,1
block_output_wait,55,1,523194,523195,1
block_output_wait,55,2,523784,523785,1
block_output_wait,55,3,524374,524375,1
block_output_wait,55,4,524966,524967,1
block_output_wait,55,5,525556,525557,1
block_output_wait,55,6,526146,526147,1
block_output_wait,55,7,526736,526737,1
block_output_wait,55,8,527328,527329,1
block_output_wait,55,9,527918,527919,1
block_output_wait,55,10,528508,528509,1
block_output_wait,55,11,529098,529099,1
block_output_wait,55,12,529690,529691,1
block_output_wait,55,13,530280,530281,1
block_output_wait,55,14,530870,530871,1
block_output_wait,55,15,531460,531461,1
block_output_wait,56,0,532052,532053,1
block_output_wait,56,1,532642,532643,1
block_output_wait,56,2,533232,533233,1
block_output_wait,56,3,533822,533823,1
block_output_wait,56,4,534414,534415,1
block_output_wait,56,5,535004,535005,1
block_output_wait,56,6,535594,535595,1
block_output_wait,56,7,536184,536185,1
block_output_wait,56,8,536776,536777,1
block_output_wait,56,9,537366,537367,1
block_output_wait,56,10,537956,537957,1
block_output_wait,56,11,538546,538547,1
block_output_wait,56,12,539138,539139,1
block_output_wait,56,13,539728,539729,1
block_output_wait,56,14,540318,540319,1
block_output_wait,56,15,540908,540909,1
block_output_wait,57,0,541500,541501,1
block_output_wait,57,1,542090,542091,1
block_output_wait,57,2,542680,542681,1
block_output_wait,57,3,543270,543271,1
block_output_wait,57,4,543862,543863,1
block_output_wait,57,5,544452,544453,1
block_output_wait,57,6,545042,545043,1
block_output_wait,57,7,545632,545633,1
block_output_wait,57,8,546224,546225,1
block_output_wait,57,9,546814,546815,1
block_output_wait,57,10,547404,547405,1
block_output_wait,57,11,547994,547995,1
block_output_wait,57,12,548586,548587,1
block_output_wait,57,13,549176,549177,1
block_output_wait,57,14,549766,549767,1
block_output_wait,57,15,550356,550357,1
block_output_wait,58,0,550948,550949,1
block_output_wait,58,1,551538,551539,1
block_output_wait,58,2,552128,552129,1
block_output_wait,58,3,552718,552719,1
block_output_wait,58,4,553310,553311,1
block_output_wait,58,5,553900,553901,1
block_output_wait,58,6,554490,554491,1
block_output_wait,58,7,555080,555081,1
block_output_wait,58,8,555672,555673,1
block_output_wait,58,9,556262,556263,1
block_output_wait,58,10,556852,556853,1
block_output_wait,58,11,557442,557443,1
block_output_wait,58,12,558034,558035,1
block_output_wait,58,13,558624,558625,1
block_output_wait,58,14,559214,559215,1
block_output_wait,58,15,559804,559805,1
block_output_wait,59,0,560396,560397,1
block_output_wait,59,1,560986,560987,1
block_output_wait,59,2,561576,561577,1
block_output_wait,59,3,562166,562167,1
block_output_wait,59,4,562758,562759,1
block_output_wait,59,5,563348,563349,1
block_output_wait,59,6,563938,563939,1
block_output_wait,59,7,564528,564529,1
block_output_wait,59,8,565120,565121,1
block_output_wait,59,9,565710,565711,1
block_output_wait,59,10,566300,566301,1
block_output_wait,59,11,566890,566891,1
block_output_wait,59,12,567482,567483,1
block_output_wait,59,13,568072,568073,1
block_output_wait,59,14,568662,568663,1
block_output_wait,59,15,569252,569253,1
block_output_wait,60,0,569844,569845,1
block_output_wait,60,1,570434,570435,1
block_output_wait,60,2,571024,571025,1
block_output_wait,60,3,571614,571615,1
block_output_wait,60,4,572206,572207,1
block_output_wait,60,5,572796,572797,1
block_output_wait,60,6,573386,573387,1
block_output_wait,60,7,573976,573977,1
block_output_wait,60,8,574568,574569,1
block_output_wait,60,9,575158,575159,1
block_output_wait,60,10,575748,575749,1
block_output_wait,60,11,576338,576339,1
block_output_wait,60,12,576930,576931,1
block_output_wait,60,13,577520,577521,1
block_output_wait,60,14,578110,578111,1
block_output_wait,60,15,578700,578701,1
block_output_wait,61,0,579292,579293,1
block_output_wait,61,1,579882,579883,1
block_output_wait,61,2,580472,580473,1
block_output_wait,61,3,581062,581063,1
block_output_wait,61,4,581654,581655,1
block_output_wait,61,5,582244,582245,1
block_output_wait,61,6,582834,582835,1
block_output_wait,61,7,583424,583425,1
block_output_wait,61,8,584016,584017,1
block_output_wait,61,9,584606,584607,1
block_output_wait,61,10,585196,585197,1
block_output_wait,61,11,585786,585787,1
block_output_wait,61,12,586378,586379,1
block_output_wait,61,13,586968,586969,1
block_output_wait,61,14,587558,587559,1
block_output_wait,61,15,588148,588149,1
block_output_wait,62,0,588740,588741,1
block_output_wait,62,1,589330,589331,1
block_output_wait,62,2,589920,589921,1
block_output_wait,62,3,590510,590511,1
block_output_wait,62,4,591102,591103,1
block_output_wait,62,5,591692,591693,1
block_output_wait,62,6,592282,592283,1
block_output_wait,62,7,592872,592873,1
block_output_wait,62,8,593464,593465,1
block_output_wait,62,9,594054,594055,1
block_output_wait,62,10,594644,594645,1
block_output_wait,62,11,595234,595235,1
block_output_wait,62,12,595826,595827,1
block_output_wait,62,13,596416,596417,1
block_output_wait,62,14,597006,597007,1
block_output_wait,62,15,597596,597597,1
block_output_wait,63,0,598188,598189,1
block_output_wait,63,1,598778,598779,1
block_output_wait,63,2,599368,599369,1
block_output_wait,63,3,599958,599959,1
block_output_wait,63,4,600550,600551,1
block_output_wait,63,5,601140,601141,1
block_output_wait,63,6,601730,601731,1
block_output_wait,63,7,602320,602321,1
block_output_wait,63,8,602912,602913,1
block_output_wait,63,9,603502,603503,1
block_output_wait,63,10,604092,604093,1
block_output_wait,63,11,604682,604683,1
block_output_wait,63,12,605274,605275,1
block_output_wait,63,13,605864,605865,1
block_output_wait,63,14,606454,606455,1
block_output_wait,63,15,607044,607045,1
