SWAY_PERF_BEGIN,64,14
SWAY_PERF_INPUT_FRAME,0,2,321
SWAY_PERF_INPUT_FRAME,1,322,641
SWAY_PERF_INPUT_FRAME,2,642,6108
SWAY_PERF_INPUT_FRAME,3,6109,13708
SWAY_PERF_OUTPUT,0,7,16491
SWAY_PERF_OUTPUT,1,7,16492
SWAY_PERF_OUTPUT,2,6,16493
SWAY_PERF_OUTPUT,3,6,16494
SWAY_PERF_OUTPUT,4,12,16495
SWAY_PERF_OUTPUT,5,16,16496
SWAY_PERF_OUTPUT,6,19,16497
SWAY_PERF_OUTPUT,7,1,16498
SWAY_PERF_OUTPUT,8,-2,16499
SWAY_PERF_OUTPUT,9,-3,16500
SWAY_PERF_OUTPUT,10,9,16501
SWAY_PERF_OUTPUT,11,10,16502
SWAY_PERF_OUTPUT,12,11,16503
SWAY_PERF_OUTPUT,13,11,16504
SWAY_PERF_OUTPUT,14,4,16505
SWAY_PERF_OUTPUT,15,2,16506
SWAY_PERF_OUTPUT,16,0,16507
SWAY_PERF_OUTPUT,17,0,16508
SWAY_PERF_OUTPUT,18,7,16509
SWAY_PERF_OUTPUT,19,63,16510
SWAY_PERF_OUTPUT,20,63,16511
SWAY_PERF_OUTPUT,21,63,16512
SWAY_PERF_OUTPUT,22,62,16513
SWAY_PERF_OUTPUT,23,62,16514
SWAY_PERF_OUTPUT,24,63,16515
SWAY_PERF_OUTPUT,25,61,16516
SWAY_PERF_OUTPUT,26,62,16517
SWAY_PERF_OUTPUT,27,63,16518
SWAY_PERF_OUTPUT,28,61,16519
SWAY_PERF_OUTPUT,29,62,16520
SWAY_PERF_OUTPUT,30,62,16521
SWAY_PERF_OUTPUT,31,63,16522
SWAY_PERF_OUTPUT,32,61,16523
SWAY_PERF_OUTPUT,33,62,16524
SWAY_PERF_OUTPUT,34,62,16525
SWAY_PERF_OUTPUT,35,63,16526
SWAY_PERF_OUTPUT,36,60,16527
SWAY_PERF_OUTPUT,37,63,16528
SWAY_PERF_OUTPUT,38,-7,16529
SWAY_PERF_OUTPUT,39,2,16530
SWAY_PERF_OUTPUT,40,13,16531
SWAY_PERF_OUTPUT,41,17,16532
SWAY_PERF_OUTPUT,42,9,16533
SWAY_PERF_OUTPUT,43,5,16534
SWAY_PERF_OUTPUT,44,2,16535
SWAY_PERF_OUTPUT,45,9,16536
SWAY_PERF_OUTPUT,46,2,16537
SWAY_PERF_OUTPUT,47,-4,16538
SWAY_PERF_OUTPUT,48,-7,16539
SWAY_PERF_OUTPUT,49,-17,16540
SWAY_PERF_OUTPUT,50,-28,16541
SWAY_PERF_OUTPUT,51,-29,16542
SWAY_PERF_OUTPUT,52,-7,16543
SWAY_PERF_OUTPUT,53,-16,16544
SWAY_PERF_OUTPUT,54,-27,16545
SWAY_PERF_OUTPUT,55,-29,16546
SWAY_PERF_OUTPUT,56,10,16547
SWAY_PERF_FRAME,0,16491,16547
SWAY_PERF_INPUT_FRAME,4,13709,21308
SWAY_PERF_OUTPUT,57,7,24091
SWAY_PERF_OUTPUT,58,8,24092
SWAY_PERF_OUTPUT,59,8,24093
SWAY_PERF_OUTPUT,60,8,24094
SWAY_PERF_OUTPUT,61,13,24095
SWAY_PERF_OUTPUT,62,17,24096
SWAY_PERF_OUTPUT,63,20,24097
SWAY_PERF_OUTPUT,64,2,24098
SWAY_PERF_OUTPUT,65,-2,24099
SWAY_PERF_OUTPUT,66,-5,24100
SWAY_PERF_OUTPUT,67,10,24101
SWAY_PERF_OUTPUT,68,11,24102
SWAY_PERF_OUTPUT,69,10,24103
SWAY_PERF_OUTPUT,70,11,24104
SWAY_PERF_OUTPUT,71,5,24105
SWAY_PERF_OUTPUT,72,3,24106
SWAY_PERF_OUTPUT,73,0,24107
SWAY_PERF_OUTPUT,74,0,24108
SWAY_PERF_OUTPUT,75,8,24109
SWAY_PERF_OUTPUT,76,62,24110
SWAY_PERF_OUTPUT,77,62,24111
SWAY_PERF_OUTPUT,78,62,24112
SWAY_PERF_OUTPUT,79,62,24113
SWAY_PERF_OUTPUT,80,62,24114
SWAY_PERF_OUTPUT,81,62,24115
SWAY_PERF_OUTPUT,82,60,24116
SWAY_PERF_OUTPUT,83,61,24117
SWAY_PERF_OUTPUT,84,61,24118
SWAY_PERF_OUTPUT,85,60,24119
SWAY_PERF_OUTPUT,86,61,24120
SWAY_PERF_OUTPUT,87,60,24121
SWAY_PERF_OUTPUT,88,62,24122
SWAY_PERF_OUTPUT,89,59,24123
SWAY_PERF_OUTPUT,90,61,24124
SWAY_PERF_OUTPUT,91,61,24125
SWAY_PERF_OUTPUT,92,64,24126
SWAY_PERF_OUTPUT,93,60,24127
SWAY_PERF_OUTPUT,94,62,24128
SWAY_PERF_OUTPUT,95,-6,24129
SWAY_PERF_OUTPUT,96,4,24130
SWAY_PERF_OUTPUT,97,14,24131
SWAY_PERF_OUTPUT,98,18,24132
SWAY_PERF_OUTPUT,99,10,24133
SWAY_PERF_OUTPUT,100,6,24134
SWAY_PERF_OUTPUT,101,-1,24135
SWAY_PERF_OUTPUT,102,10,24136
SWAY_PERF_OUTPUT,103,4,24137
SWAY_PERF_OUTPUT,104,-1,24138
SWAY_PERF_OUTPUT,105,-5,24139
SWAY_PERF_OUTPUT,106,-16,24140
SWAY_PERF_OUTPUT,107,-26,24141
SWAY_PERF_OUTPUT,108,-29,24142
SWAY_PERF_OUTPUT,109,-6,24143
SWAY_PERF_OUTPUT,110,-15,24144
SWAY_PERF_OUTPUT,111,-26,24145
SWAY_PERF_OUTPUT,112,-28,24146
SWAY_PERF_OUTPUT,113,11,24147
SWAY_PERF_FRAME,1,24091,24147
SWAY_PERF_INPUT_FRAME,5,21309,28908
SWAY_PERF_OUTPUT,114,8,31691
SWAY_PERF_OUTPUT,115,9,31692
SWAY_PERF_OUTPUT,116,8,31693
SWAY_PERF_OUTPUT,117,9,31694
SWAY_PERF_OUTPUT,118,13,31695
SWAY_PERF_OUTPUT,119,16,31696
SWAY_PERF_OUTPUT,120,15,31697
SWAY_PERF_OUTPUT,121,4,31698
SWAY_PERF_OUTPUT,122,1,31699
SWAY_PERF_OUTPUT,123,0,31700
SWAY_PERF_OUTPUT,124,10,31701
SWAY_PERF_OUTPUT,125,10,31702
SWAY_PERF_OUTPUT,126,8,31703
SWAY_PERF_OUTPUT,127,8,31704
SWAY_PERF_OUTPUT,128,6,31705
SWAY_PERF_OUTPUT,129,4,31706
SWAY_PERF_OUTPUT,130,2,31707
SWAY_PERF_OUTPUT,131,1,31708
SWAY_PERF_OUTPUT,132,9,31709
SWAY_PERF_OUTPUT,133,63,31710
SWAY_PERF_OUTPUT,134,63,31711
SWAY_PERF_OUTPUT,135,63,31712
SWAY_PERF_OUTPUT,136,63,31713
SWAY_PERF_OUTPUT,137,62,31714
SWAY_PERF_OUTPUT,138,62,31715
SWAY_PERF_OUTPUT,139,60,31716
SWAY_PERF_OUTPUT,140,62,31717
SWAY_PERF_OUTPUT,141,64,31718
SWAY_PERF_OUTPUT,142,62,31719
SWAY_PERF_OUTPUT,143,62,31720
SWAY_PERF_OUTPUT,144,62,31721
SWAY_PERF_OUTPUT,145,63,31722
SWAY_PERF_OUTPUT,146,62,31723
SWAY_PERF_OUTPUT,147,62,31724
SWAY_PERF_OUTPUT,148,62,31725
SWAY_PERF_OUTPUT,149,63,31726
SWAY_PERF_OUTPUT,150,59,31727
SWAY_PERF_OUTPUT,151,63,31728
SWAY_PERF_OUTPUT,152,-8,31729
SWAY_PERF_OUTPUT,153,2,31730
SWAY_PERF_OUTPUT,154,13,31731
SWAY_PERF_OUTPUT,155,17,31732
SWAY_PERF_OUTPUT,156,9,31733
SWAY_PERF_OUTPUT,157,2,31734
SWAY_PERF_OUTPUT,158,-4,31735
SWAY_PERF_OUTPUT,159,8,31736
SWAY_PERF_OUTPUT,160,2,31737
SWAY_PERF_OUTPUT,161,-4,31738
SWAY_PERF_OUTPUT,162,-7,31739
SWAY_PERF_OUTPUT,163,-17,31740
SWAY_PERF_OUTPUT,164,-28,31741
SWAY_PERF_OUTPUT,165,-30,31742
SWAY_PERF_OUTPUT,166,-7,31743
SWAY_PERF_OUTPUT,167,-16,31744
SWAY_PERF_OUTPUT,168,-26,31745
SWAY_PERF_OUTPUT,169,-29,31746
SWAY_PERF_OUTPUT,170,10,31747
SWAY_PERF_FRAME,2,31691,31747
SWAY_PERF_INPUT_FRAME,6,28909,36508
SWAY_PERF_OUTPUT,171,7,39291
SWAY_PERF_OUTPUT,172,7,39292
SWAY_PERF_OUTPUT,173,6,39293
SWAY_PERF_OUTPUT,174,7,39294
SWAY_PERF_OUTPUT,175,13,39295
SWAY_PERF_OUTPUT,176,17,39296
SWAY_PERF_OUTPUT,177,20,39297
SWAY_PERF_OUTPUT,178,1,39298
SWAY_PERF_OUTPUT,179,-3,39299
SWAY_PERF_OUTPUT,180,-4,39300
SWAY_PERF_OUTPUT,181,10,39301
SWAY_PERF_OUTPUT,182,11,39302
SWAY_PERF_OUTPUT,183,13,39303
SWAY_PERF_OUTPUT,184,13,39304
SWAY_PERF_OUTPUT,185,5,39305
SWAY_PERF_OUTPUT,186,4,39306
SWAY_PERF_OUTPUT,187,2,39307
SWAY_PERF_OUTPUT,188,2,39308
SWAY_PERF_OUTPUT,189,7,39309
SWAY_PERF_OUTPUT,190,62,39310
SWAY_PERF_OUTPUT,191,62,39311
SWAY_PERF_OUTPUT,192,62,39312
SWAY_PERF_OUTPUT,193,61,39313
SWAY_PERF_OUTPUT,194,63,39314
SWAY_PERF_OUTPUT,195,65,39315
SWAY_PERF_OUTPUT,196,62,39316
SWAY_PERF_OUTPUT,197,60,39317
SWAY_PERF_OUTPUT,198,59,39318
SWAY_PERF_OUTPUT,199,57,39319
SWAY_PERF_OUTPUT,200,60,39320
SWAY_PERF_OUTPUT,201,60,39321
SWAY_PERF_OUTPUT,202,59,39322
SWAY_PERF_OUTPUT,203,56,39323
SWAY_PERF_OUTPUT,204,60,39324
SWAY_PERF_OUTPUT,205,63,39325
SWAY_PERF_OUTPUT,206,65,39326
SWAY_PERF_OUTPUT,207,62,39327
SWAY_PERF_OUTPUT,208,62,39328
SWAY_PERF_OUTPUT,209,-3,39329
SWAY_PERF_OUTPUT,210,7,39330
SWAY_PERF_OUTPUT,211,17,39331
SWAY_PERF_OUTPUT,212,22,39332
SWAY_PERF_OUTPUT,213,14,39333
SWAY_PERF_OUTPUT,214,10,39334
SWAY_PERF_OUTPUT,215,8,39335
SWAY_PERF_OUTPUT,216,14,39336
SWAY_PERF_OUTPUT,217,8,39337
SWAY_PERF_OUTPUT,218,4,39338
SWAY_PERF_OUTPUT,219,-2,39339
SWAY_PERF_OUTPUT,220,-15,39340
SWAY_PERF_OUTPUT,221,-26,39341
SWAY_PERF_OUTPUT,222,-28,39342
SWAY_PERF_OUTPUT,223,-3,39343
SWAY_PERF_OUTPUT,224,-15,39344
SWAY_PERF_OUTPUT,225,-26,39345
SWAY_PERF_OUTPUT,226,-28,39346
SWAY_PERF_OUTPUT,227,15,39347
SWAY_PERF_FRAME,3,39291,39347
SWAY_PERF_INPUT_FRAME,7,36509,44108
SWAY_PERF_OUTPUT,228,8,46891
SWAY_PERF_OUTPUT,229,9,46892
SWAY_PERF_OUTPUT,230,9,46893
SWAY_PERF_OUTPUT,231,9,46894
SWAY_PERF_OUTPUT,232,14,46895
SWAY_PERF_OUTPUT,233,20,46896
SWAY_PERF_OUTPUT,234,23,46897
SWAY_PERF_OUTPUT,235,3,46898
SWAY_PERF_OUTPUT,236,-4,46899
SWAY_PERF_OUTPUT,237,-9,46900
SWAY_PERF_OUTPUT,238,11,46901
SWAY_PERF_OUTPUT,239,13,46902
SWAY_PERF_OUTPUT,240,13,46903
SWAY_PERF_OUTPUT,241,14,46904
SWAY_PERF_OUTPUT,242,6,46905
SWAY_PERF_OUTPUT,243,0,46906
SWAY_PERF_OUTPUT,244,-5,46907
SWAY_PERF_OUTPUT,245,-5,46908
SWAY_PERF_OUTPUT,246,9,46909
SWAY_PERF_OUTPUT,247,62,46910
SWAY_PERF_OUTPUT,248,61,46911
SWAY_PERF_OUTPUT,249,60,46912
SWAY_PERF_OUTPUT,250,59,46913
SWAY_PERF_OUTPUT,251,59,46914
SWAY_PERF_OUTPUT,252,59,46915
SWAY_PERF_OUTPUT,253,58,46916
SWAY_PERF_OUTPUT,254,60,46917
SWAY_PERF_OUTPUT,255,60,46918
SWAY_PERF_OUTPUT,256,59,46919
SWAY_PERF_OUTPUT,257,60,46920
SWAY_PERF_OUTPUT,258,58,46921
SWAY_PERF_OUTPUT,259,61,46922
SWAY_PERF_OUTPUT,260,59,46923
SWAY_PERF_OUTPUT,261,61,46924
SWAY_PERF_OUTPUT,262,59,46925
SWAY_PERF_OUTPUT,263,61,46926
SWAY_PERF_OUTPUT,264,58,46927
SWAY_PERF_OUTPUT,265,60,46928
SWAY_PERF_OUTPUT,266,-8,46929
SWAY_PERF_OUTPUT,267,2,46930
SWAY_PERF_OUTPUT,268,11,46931
SWAY_PERF_OUTPUT,269,15,46932
SWAY_PERF_OUTPUT,270,8,46933
SWAY_PERF_OUTPUT,271,6,46934
SWAY_PERF_OUTPUT,272,5,46935
SWAY_PERF_OUTPUT,273,8,46936
SWAY_PERF_OUTPUT,274,6,46937
SWAY_PERF_OUTPUT,275,8,46938
SWAY_PERF_OUTPUT,276,-7,46939
SWAY_PERF_OUTPUT,277,-16,46940
SWAY_PERF_OUTPUT,278,-27,46941
SWAY_PERF_OUTPUT,279,-29,46942
SWAY_PERF_OUTPUT,280,-7,46943
SWAY_PERF_OUTPUT,281,-14,46944
SWAY_PERF_OUTPUT,282,-25,46945
SWAY_PERF_OUTPUT,283,-27,46946
SWAY_PERF_OUTPUT,284,9,46947
SWAY_PERF_FRAME,4,46891,46947
SWAY_PERF_INPUT_FRAME,8,44109,51708
SWAY_PERF_OUTPUT,285,4,54491
SWAY_PERF_OUTPUT,286,4,54492
SWAY_PERF_OUTPUT,287,3,54493
SWAY_PERF_OUTPUT,288,3,54494
SWAY_PERF_OUTPUT,289,9,54495
SWAY_PERF_OUTPUT,290,16,54496
SWAY_PERF_OUTPUT,291,19,54497
SWAY_PERF_OUTPUT,292,-2,54498
SWAY_PERF_OUTPUT,293,-7,54499
SWAY_PERF_OUTPUT,294,-8,54500
SWAY_PERF_OUTPUT,295,7,54501
SWAY_PERF_OUTPUT,296,11,54502
SWAY_PERF_OUTPUT,297,13,54503
SWAY_PERF_OUTPUT,298,14,54504
SWAY_PERF_OUTPUT,299,2,54505
SWAY_PERF_OUTPUT,300,-1,54506
SWAY_PERF_OUTPUT,301,-2,54507
SWAY_PERF_OUTPUT,302,-2,54508
SWAY_PERF_OUTPUT,303,3,54509
SWAY_PERF_OUTPUT,304,61,54510
SWAY_PERF_OUTPUT,305,61,54511
SWAY_PERF_OUTPUT,306,60,54512
SWAY_PERF_OUTPUT,307,60,54513
SWAY_PERF_OUTPUT,308,60,54514
SWAY_PERF_OUTPUT,309,61,54515
SWAY_PERF_OUTPUT,310,59,54516
SWAY_PERF_OUTPUT,311,59,54517
SWAY_PERF_OUTPUT,312,59,54518
SWAY_PERF_OUTPUT,313,58,54519
SWAY_PERF_OUTPUT,314,60,54520
SWAY_PERF_OUTPUT,315,59,54521
SWAY_PERF_OUTPUT,316,60,54522
SWAY_PERF_OUTPUT,317,57,54523
SWAY_PERF_OUTPUT,318,60,54524
SWAY_PERF_OUTPUT,319,59,54525
SWAY_PERF_OUTPUT,320,62,54526
SWAY_PERF_OUTPUT,321,59,54527
SWAY_PERF_OUTPUT,322,60,54528
SWAY_PERF_OUTPUT,323,-6,54529
SWAY_PERF_OUTPUT,324,4,54530
SWAY_PERF_OUTPUT,325,14,54531
SWAY_PERF_OUTPUT,326,18,54532
SWAY_PERF_OUTPUT,327,11,54533
SWAY_PERF_OUTPUT,328,10,54534
SWAY_PERF_OUTPUT,329,11,54535
SWAY_PERF_OUTPUT,330,10,54536
SWAY_PERF_OUTPUT,331,6,54537
SWAY_PERF_OUTPUT,332,5,54538
SWAY_PERF_OUTPUT,333,-5,54539
SWAY_PERF_OUTPUT,334,-15,54540
SWAY_PERF_OUTPUT,335,-25,54541
SWAY_PERF_OUTPUT,336,-28,54542
SWAY_PERF_OUTPUT,337,-6,54543
SWAY_PERF_OUTPUT,338,-15,54544
SWAY_PERF_OUTPUT,339,-27,54545
SWAY_PERF_OUTPUT,340,-29,54546
SWAY_PERF_OUTPUT,341,12,54547
SWAY_PERF_FRAME,5,54491,54547
SWAY_PERF_INPUT_FRAME,9,51709,59308
SWAY_PERF_OUTPUT,342,4,62091
SWAY_PERF_OUTPUT,343,4,62092
SWAY_PERF_OUTPUT,344,3,62093
SWAY_PERF_OUTPUT,345,3,62094
SWAY_PERF_OUTPUT,346,10,62095
SWAY_PERF_OUTPUT,347,16,62096
SWAY_PERF_OUTPUT,348,21,62097
SWAY_PERF_OUTPUT,349,-3,62098
SWAY_PERF_OUTPUT,350,-10,62099
SWAY_PERF_OUTPUT,351,-15,62100
SWAY_PERF_OUTPUT,352,7,62101
SWAY_PERF_OUTPUT,353,11,62102
SWAY_PERF_OUTPUT,354,15,62103
SWAY_PERF_OUTPUT,355,15,62104
SWAY_PERF_OUTPUT,356,2,62105
SWAY_PERF_OUTPUT,357,-2,62106
SWAY_PERF_OUTPUT,358,-5,62107
SWAY_PERF_OUTPUT,359,-5,62108
SWAY_PERF_OUTPUT,360,3,62109
SWAY_PERF_OUTPUT,361,63,62110
SWAY_PERF_OUTPUT,362,62,62111
SWAY_PERF_OUTPUT,363,61,62112
SWAY_PERF_OUTPUT,364,61,62113
SWAY_PERF_OUTPUT,365,62,62114
SWAY_PERF_OUTPUT,366,62,62115
SWAY_PERF_OUTPUT,367,60,62116
SWAY_PERF_OUTPUT,368,61,62117
SWAY_PERF_OUTPUT,369,61,62118
SWAY_PERF_OUTPUT,370,60,62119
SWAY_PERF_OUTPUT,371,61,62120
SWAY_PERF_OUTPUT,372,60,62121
SWAY_PERF_OUTPUT,373,61,62122
SWAY_PERF_OUTPUT,374,59,62123
SWAY_PERF_OUTPUT,375,61,62124
SWAY_PERF_OUTPUT,376,61,62125
SWAY_PERF_OUTPUT,377,63,62126
SWAY_PERF_OUTPUT,378,60,62127
SWAY_PERF_OUTPUT,379,61,62128
SWAY_PERF_OUTPUT,380,-4,62129
SWAY_PERF_OUTPUT,381,6,62130
SWAY_PERF_OUTPUT,382,17,62131
SWAY_PERF_OUTPUT,383,21,62132
SWAY_PERF_OUTPUT,384,13,62133
SWAY_PERF_OUTPUT,385,13,62134
SWAY_PERF_OUTPUT,386,14,62135
SWAY_PERF_OUTPUT,387,13,62136
SWAY_PERF_OUTPUT,388,12,62137
SWAY_PERF_OUTPUT,389,15,62138
SWAY_PERF_OUTPUT,390,-3,62139
SWAY_PERF_OUTPUT,391,-14,62140
SWAY_PERF_OUTPUT,392,-26,62141
SWAY_PERF_OUTPUT,393,-28,62142
SWAY_PERF_OUTPUT,394,-3,62143
SWAY_PERF_OUTPUT,395,-14,62144
SWAY_PERF_OUTPUT,396,-26,62145
SWAY_PERF_OUTPUT,397,-28,62146
SWAY_PERF_OUTPUT,398,14,62147
SWAY_PERF_FRAME,6,62091,62147
SWAY_PERF_INPUT_FRAME,10,59309,66908
SWAY_PERF_OUTPUT,399,8,69691
SWAY_PERF_OUTPUT,400,9,69692
SWAY_PERF_OUTPUT,401,8,69693
SWAY_PERF_OUTPUT,402,8,69694
SWAY_PERF_OUTPUT,403,14,69695
SWAY_PERF_OUTPUT,404,19,69696
SWAY_PERF_OUTPUT,405,21,69697
SWAY_PERF_OUTPUT,406,3,69698
SWAY_PERF_OUTPUT,407,0,69699
SWAY_PERF_OUTPUT,408,-3,69700
SWAY_PERF_OUTPUT,409,10,69701
SWAY_PERF_OUTPUT,410,12,69702
SWAY_PERF_OUTPUT,411,12,69703
SWAY_PERF_OUTPUT,412,12,69704
SWAY_PERF_OUTPUT,413,6,69705
SWAY_PERF_OUTPUT,414,3,69706
SWAY_PERF_OUTPUT,415,0,69707
SWAY_PERF_OUTPUT,416,-1,69708
SWAY_PERF_OUTPUT,417,9,69709
SWAY_PERF_OUTPUT,418,61,69710
SWAY_PERF_OUTPUT,419,62,69711
SWAY_PERF_OUTPUT,420,61,69712
SWAY_PERF_OUTPUT,421,61,69713
SWAY_PERF_OUTPUT,422,61,69714
SWAY_PERF_OUTPUT,423,61,69715
SWAY_PERF_OUTPUT,424,59,69716
SWAY_PERF_OUTPUT,425,60,69717
SWAY_PERF_OUTPUT,426,61,69718
SWAY_PERF_OUTPUT,427,60,69719
SWAY_PERF_OUTPUT,428,60,69720
SWAY_PERF_OUTPUT,429,60,69721
SWAY_PERF_OUTPUT,430,62,69722
SWAY_PERF_OUTPUT,431,60,69723
SWAY_PERF_OUTPUT,432,61,69724
SWAY_PERF_OUTPUT,433,61,69725
SWAY_PERF_OUTPUT,434,62,69726
SWAY_PERF_OUTPUT,435,58,69727
SWAY_PERF_OUTPUT,436,61,69728
SWAY_PERF_OUTPUT,437,-6,69729
SWAY_PERF_OUTPUT,438,3,69730
SWAY_PERF_OUTPUT,439,14,69731
SWAY_PERF_OUTPUT,440,17,69732
SWAY_PERF_OUTPUT,441,10,69733
SWAY_PERF_OUTPUT,442,7,69734
SWAY_PERF_OUTPUT,443,6,69735
SWAY_PERF_OUTPUT,444,9,69736
SWAY_PERF_OUTPUT,445,4,69737
SWAY_PERF_OUTPUT,446,1,69738
SWAY_PERF_OUTPUT,447,-6,69739
SWAY_PERF_OUTPUT,448,-16,69740
SWAY_PERF_OUTPUT,449,-27,69741
SWAY_PERF_OUTPUT,450,-29,69742
SWAY_PERF_OUTPUT,451,-6,69743
SWAY_PERF_OUTPUT,452,-15,69744
SWAY_PERF_OUTPUT,453,-26,69745
SWAY_PERF_OUTPUT,454,-28,69746
SWAY_PERF_OUTPUT,455,11,69747
SWAY_PERF_FRAME,7,69691,69747
SWAY_PERF_INPUT_FRAME,11,66909,74508
SWAY_PERF_OUTPUT,456,9,77291
SWAY_PERF_OUTPUT,457,9,77292
SWAY_PERF_OUTPUT,458,8,77293
SWAY_PERF_OUTPUT,459,9,77294
SWAY_PERF_OUTPUT,460,15,77295
SWAY_PERF_OUTPUT,461,18,77296
SWAY_PERF_OUTPUT,462,19,77297
SWAY_PERF_OUTPUT,463,4,77298
SWAY_PERF_OUTPUT,464,-2,77299
SWAY_PERF_OUTPUT,465,-5,77300
SWAY_PERF_OUTPUT,466,10,77301
SWAY_PERF_OUTPUT,467,11,77302
SWAY_PERF_OUTPUT,468,11,77303
SWAY_PERF_OUTPUT,469,11,77304
SWAY_PERF_OUTPUT,470,6,77305
SWAY_PERF_OUTPUT,471,4,77306
SWAY_PERF_OUTPUT,472,2,77307
SWAY_PERF_OUTPUT,473,2,77308
SWAY_PERF_OUTPUT,474,9,77309
SWAY_PERF_OUTPUT,475,64,77310
SWAY_PERF_OUTPUT,476,65,77311
SWAY_PERF_OUTPUT,477,65,77312
SWAY_PERF_OUTPUT,478,65,77313
SWAY_PERF_OUTPUT,479,65,77314
SWAY_PERF_OUTPUT,480,66,77315
SWAY_PERF_OUTPUT,481,64,77316
SWAY_PERF_OUTPUT,482,64,77317
SWAY_PERF_OUTPUT,483,65,77318
SWAY_PERF_OUTPUT,484,63,77319
SWAY_PERF_OUTPUT,485,63,77320
SWAY_PERF_OUTPUT,486,65,77321
SWAY_PERF_OUTPUT,487,63,77322
SWAY_PERF_OUTPUT,488,61,77323
SWAY_PERF_OUTPUT,489,63,77324
SWAY_PERF_OUTPUT,490,67,77325
SWAY_PERF_OUTPUT,491,66,77326
SWAY_PERF_OUTPUT,492,63,77327
SWAY_PERF_OUTPUT,493,65,77328
SWAY_PERF_OUTPUT,494,-2,77329
SWAY_PERF_OUTPUT,495,9,77330
SWAY_PERF_OUTPUT,496,20,77331
SWAY_PERF_OUTPUT,497,25,77332
SWAY_PERF_OUTPUT,498,16,77333
SWAY_PERF_OUTPUT,499,9,77334
SWAY_PERF_OUTPUT,500,5,77335
SWAY_PERF_OUTPUT,501,15,77336
SWAY_PERF_OUTPUT,502,12,77337
SWAY_PERF_OUTPUT,503,8,77338
SWAY_PERF_OUTPUT,504,-1,77339
SWAY_PERF_OUTPUT,505,-15,77340
SWAY_PERF_OUTPUT,506,-28,77341
SWAY_PERF_OUTPUT,507,-30,77342
SWAY_PERF_OUTPUT,508,-1,77343
SWAY_PERF_OUTPUT,509,-15,77344
SWAY_PERF_OUTPUT,510,-25,77345
SWAY_PERF_OUTPUT,511,-29,77346
SWAY_PERF_OUTPUT,512,17,77347
SWAY_PERF_FRAME,8,77291,77347
SWAY_PERF_INPUT_FRAME,12,74509,82108
SWAY_PERF_OUTPUT,513,45,84891
SWAY_PERF_OUTPUT,514,127,84892
SWAY_PERF_OUTPUT,515,-30,84893
SWAY_PERF_OUTPUT,516,40,84894
SWAY_PERF_OUTPUT,517,34,84895
SWAY_PERF_OUTPUT,518,87,84896
SWAY_PERF_OUTPUT,519,0,84897
SWAY_PERF_OUTPUT,520,38,84898
SWAY_PERF_OUTPUT,521,77,84899
SWAY_PERF_OUTPUT,522,-2,84900
SWAY_PERF_OUTPUT,523,28,84901
SWAY_PERF_OUTPUT,524,70,84902
SWAY_PERF_OUTPUT,525,-24,84903
SWAY_PERF_OUTPUT,526,31,84904
SWAY_PERF_OUTPUT,527,50,84905
SWAY_PERF_OUTPUT,528,123,84906
SWAY_PERF_OUTPUT,529,38,84907
SWAY_PERF_OUTPUT,530,95,84908
SWAY_PERF_OUTPUT,531,56,84909
SWAY_PERF_OUTPUT,532,-18,84910
SWAY_PERF_OUTPUT,533,-5,84911
SWAY_PERF_OUTPUT,534,-13,84912
SWAY_PERF_OUTPUT,535,72,84913
SWAY_PERF_OUTPUT,536,46,84914
SWAY_PERF_OUTPUT,537,35,84915
SWAY_PERF_OUTPUT,538,17,84916
SWAY_PERF_OUTPUT,539,-75,84917
SWAY_PERF_OUTPUT,540,-6,84918
SWAY_PERF_OUTPUT,541,-39,84919
SWAY_PERF_OUTPUT,542,-28,84920
SWAY_PERF_OUTPUT,543,-27,84921
SWAY_PERF_OUTPUT,544,-60,84922
SWAY_PERF_OUTPUT,545,-2,84923
SWAY_PERF_OUTPUT,546,27,84924
SWAY_PERF_OUTPUT,547,71,84925
SWAY_PERF_OUTPUT,548,117,84926
SWAY_PERF_OUTPUT,549,-2,84927
SWAY_PERF_OUTPUT,550,-19,84928
SWAY_PERF_OUTPUT,551,25,84929
SWAY_PERF_OUTPUT,552,34,84930
SWAY_PERF_OUTPUT,553,-36,84931
SWAY_PERF_OUTPUT,554,21,84932
SWAY_PERF_OUTPUT,555,-36,84933
SWAY_PERF_OUTPUT,556,96,84934
SWAY_PERF_OUTPUT,557,-49,84935
SWAY_PERF_OUTPUT,558,50,84936
SWAY_PERF_OUTPUT,559,-42,84937
SWAY_PERF_OUTPUT,560,-96,84938
SWAY_PERF_OUTPUT,561,0,84939
SWAY_PERF_OUTPUT,562,27,84940
SWAY_PERF_OUTPUT,563,-37,84941
SWAY_PERF_OUTPUT,564,77,84942
SWAY_PERF_OUTPUT,565,44,84943
SWAY_PERF_OUTPUT,566,0,84944
SWAY_PERF_OUTPUT,567,-56,84945
SWAY_PERF_OUTPUT,568,-77,84946
SWAY_PERF_OUTPUT,569,42,84947
SWAY_PERF_FRAME,9,84891,84947
SWAY_PERF_INPUT_FRAME,13,82109,89708
SWAY_PERF_OUTPUT,570,21,92491
SWAY_PERF_OUTPUT,571,1,92492
SWAY_PERF_OUTPUT,572,5,92493
SWAY_PERF_OUTPUT,573,-3,92494
SWAY_PERF_OUTPUT,574,23,92495
SWAY_PERF_OUTPUT,575,34,92496
SWAY_PERF_OUTPUT,576,42,92497
SWAY_PERF_OUTPUT,577,-2,92498
SWAY_PERF_OUTPUT,578,-9,92499
SWAY_PERF_OUTPUT,579,0,92500
SWAY_PERF_OUTPUT,580,8,92501
SWAY_PERF_OUTPUT,581,16,92502
SWAY_PERF_OUTPUT,582,59,92503
SWAY_PERF_OUTPUT,583,41,92504
SWAY_PERF_OUTPUT,584,9,92505
SWAY_PERF_OUTPUT,585,9,92506
SWAY_PERF_OUTPUT,586,12,92507
SWAY_PERF_OUTPUT,587,20,92508
SWAY_PERF_OUTPUT,588,14,92509
SWAY_PERF_OUTPUT,589,101,92510
SWAY_PERF_OUTPUT,590,109,92511
SWAY_PERF_OUTPUT,591,111,92512
SWAY_PERF_OUTPUT,592,108,92513
SWAY_PERF_OUTPUT,593,118,92514
SWAY_PERF_OUTPUT,594,113,92515
SWAY_PERF_OUTPUT,595,96,92516
SWAY_PERF_OUTPUT,596,121,92517
SWAY_PERF_OUTPUT,597,111,92518
SWAY_PERF_OUTPUT,598,120,92519
SWAY_PERF_OUTPUT,599,99,92520
SWAY_PERF_OUTPUT,600,127,92521
SWAY_PERF_OUTPUT,601,126,92522
SWAY_PERF_OUTPUT,602,112,92523
SWAY_PERF_OUTPUT,603,115,92524
SWAY_PERF_OUTPUT,604,127,92525
SWAY_PERF_OUTPUT,605,98,92526
SWAY_PERF_OUTPUT,606,103,92527
SWAY_PERF_OUTPUT,607,127,92528
SWAY_PERF_OUTPUT,608,35,92529
SWAY_PERF_OUTPUT,609,57,92530
SWAY_PERF_OUTPUT,610,75,92531
SWAY_PERF_OUTPUT,611,88,92532
SWAY_PERF_OUTPUT,612,62,92533
SWAY_PERF_OUTPUT,613,70,92534
SWAY_PERF_OUTPUT,614,104,92535
SWAY_PERF_OUTPUT,615,60,92536
SWAY_PERF_OUTPUT,616,31,92537
SWAY_PERF_OUTPUT,617,8,92538
SWAY_PERF_OUTPUT,618,19,92539
SWAY_PERF_OUTPUT,619,-29,92540
SWAY_PERF_OUTPUT,620,-52,92541
SWAY_PERF_OUTPUT,621,-46,92542
SWAY_PERF_OUTPUT,622,31,92543
SWAY_PERF_OUTPUT,623,-32,92544
SWAY_PERF_OUTPUT,624,-54,92545
SWAY_PERF_OUTPUT,625,-38,92546
SWAY_PERF_OUTPUT,626,68,92547
SWAY_PERF_FRAME,10,92491,92547
SWAY_PERF_INPUT_FRAME,14,89709,97308
SWAY_PERF_OUTPUT,627,61,100091
SWAY_PERF_OUTPUT,628,72,100092
SWAY_PERF_OUTPUT,629,58,100093
SWAY_PERF_OUTPUT,630,63,100094
SWAY_PERF_OUTPUT,631,71,100095
SWAY_PERF_OUTPUT,632,59,100096
SWAY_PERF_OUTPUT,633,17,100097
SWAY_PERF_OUTPUT,634,69,100098
SWAY_PERF_OUTPUT,635,80,100099
SWAY_PERF_OUTPUT,636,102,100100
SWAY_PERF_OUTPUT,637,53,100101
SWAY_PERF_OUTPUT,638,68,100102
SWAY_PERF_OUTPUT,639,58,100103
SWAY_PERF_OUTPUT,640,56,100104
SWAY_PERF_OUTPUT,641,48,100105
SWAY_PERF_OUTPUT,642,37,100106
SWAY_PERF_OUTPUT,643,13,100107
SWAY_PERF_OUTPUT,644,20,100108
SWAY_PERF_OUTPUT,645,73,100109
SWAY_PERF_OUTPUT,646,118,100110
SWAY_PERF_OUTPUT,647,127,100111
SWAY_PERF_OUTPUT,648,127,100112
SWAY_PERF_OUTPUT,649,127,100113
SWAY_PERF_OUTPUT,650,127,100114
SWAY_PERF_OUTPUT,651,116,100115
SWAY_PERF_OUTPUT,652,88,100116
SWAY_PERF_OUTPUT,653,127,100117
SWAY_PERF_OUTPUT,654,120,100118
SWAY_PERF_OUTPUT,655,119,100119
SWAY_PERF_OUTPUT,656,127,100120
SWAY_PERF_OUTPUT,657,110,100121
SWAY_PERF_OUTPUT,658,121,100122
SWAY_PERF_OUTPUT,659,118,100123
SWAY_PERF_OUTPUT,660,127,100124
SWAY_PERF_OUTPUT,661,127,100125
SWAY_PERF_OUTPUT,662,127,100126
SWAY_PERF_OUTPUT,663,127,100127
SWAY_PERF_OUTPUT,664,127,100128
SWAY_PERF_OUTPUT,665,-21,100129
SWAY_PERF_OUTPUT,666,-2,100130
SWAY_PERF_OUTPUT,667,32,100131
SWAY_PERF_OUTPUT,668,32,100132
SWAY_PERF_OUTPUT,669,17,100133
SWAY_PERF_OUTPUT,670,-14,100134
SWAY_PERF_OUTPUT,671,-22,100135
SWAY_PERF_OUTPUT,672,-12,100136
SWAY_PERF_OUTPUT,673,-47,100137
SWAY_PERF_OUTPUT,674,-38,100138
SWAY_PERF_OUTPUT,675,-36,100139
SWAY_PERF_OUTPUT,676,-46,100140
SWAY_PERF_OUTPUT,677,-81,100141
SWAY_PERF_OUTPUT,678,-67,100142
SWAY_PERF_OUTPUT,679,-17,100143
SWAY_PERF_OUTPUT,680,-41,100144
SWAY_PERF_OUTPUT,681,-65,100145
SWAY_PERF_OUTPUT,682,-78,100146
SWAY_PERF_OUTPUT,683,21,100147
SWAY_PERF_FRAME,11,100091,100147
SWAY_PERF_INPUT_FRAME,15,97309,104908
SWAY_PERF_OUTPUT,684,7,107691
SWAY_PERF_OUTPUT,685,7,107692
SWAY_PERF_OUTPUT,686,6,107693
SWAY_PERF_OUTPUT,687,6,107694
SWAY_PERF_OUTPUT,688,12,107695
SWAY_PERF_OUTPUT,689,16,107696
SWAY_PERF_OUTPUT,690,19,107697
SWAY_PERF_OUTPUT,691,1,107698
SWAY_PERF_OUTPUT,692,-2,107699
SWAY_PERF_OUTPUT,693,-3,107700
SWAY_PERF_OUTPUT,694,9,107701
SWAY_PERF_OUTPUT,695,10,107702
SWAY_PERF_OUTPUT,696,11,107703
SWAY_PERF_OUTPUT,697,11,107704
SWAY_PERF_OUTPUT,698,4,107705
SWAY_PERF_OUTPUT,699,2,107706
SWAY_PERF_OUTPUT,700,0,107707
SWAY_PERF_OUTPUT,701,0,107708
SWAY_PERF_OUTPUT,702,7,107709
SWAY_PERF_OUTPUT,703,63,107710
SWAY_PERF_OUTPUT,704,63,107711
SWAY_PERF_OUTPUT,705,63,107712
SWAY_PERF_OUTPUT,706,62,107713
SWAY_PERF_OUTPUT,707,62,107714
SWAY_PERF_OUTPUT,708,63,107715
SWAY_PERF_OUTPUT,709,61,107716
SWAY_PERF_OUTPUT,710,62,107717
SWAY_PERF_OUTPUT,711,63,107718
SWAY_PERF_OUTPUT,712,61,107719
SWAY_PERF_OUTPUT,713,62,107720
SWAY_PERF_OUTPUT,714,62,107721
SWAY_PERF_OUTPUT,715,63,107722
SWAY_PERF_OUTPUT,716,61,107723
SWAY_PERF_OUTPUT,717,62,107724
SWAY_PERF_OUTPUT,718,62,107725
SWAY_PERF_OUTPUT,719,63,107726
SWAY_PERF_OUTPUT,720,60,107727
SWAY_PERF_OUTPUT,721,63,107728
SWAY_PERF_OUTPUT,722,-7,107729
SWAY_PERF_OUTPUT,723,2,107730
SWAY_PERF_OUTPUT,724,13,107731
SWAY_PERF_OUTPUT,725,17,107732
SWAY_PERF_OUTPUT,726,9,107733
SWAY_PERF_OUTPUT,727,5,107734
SWAY_PERF_OUTPUT,728,2,107735
SWAY_PERF_OUTPUT,729,9,107736
SWAY_PERF_OUTPUT,730,2,107737
SWAY_PERF_OUTPUT,731,-4,107738
SWAY_PERF_OUTPUT,732,-7,107739
SWAY_PERF_OUTPUT,733,-17,107740
SWAY_PERF_OUTPUT,734,-28,107741
SWAY_PERF_OUTPUT,735,-29,107742
SWAY_PERF_OUTPUT,736,-7,107743
SWAY_PERF_OUTPUT,737,-16,107744
SWAY_PERF_OUTPUT,738,-27,107745
SWAY_PERF_OUTPUT,739,-29,107746
SWAY_PERF_OUTPUT,740,10,107747
SWAY_PERF_FRAME,12,107691,107747
SWAY_PERF_INPUT_FRAME,16,104909,112508
SWAY_PERF_OUTPUT,741,7,115291
SWAY_PERF_OUTPUT,742,7,115292
SWAY_PERF_OUTPUT,743,6,115293
SWAY_PERF_OUTPUT,744,6,115294
SWAY_PERF_OUTPUT,745,12,115295
SWAY_PERF_OUTPUT,746,16,115296
SWAY_PERF_OUTPUT,747,19,115297
SWAY_PERF_OUTPUT,748,1,115298
SWAY_PERF_OUTPUT,749,-2,115299
SWAY_PERF_OUTPUT,750,-3,115300
SWAY_PERF_OUTPUT,751,9,115301
SWAY_PERF_OUTPUT,752,10,115302
SWAY_PERF_OUTPUT,753,11,115303
SWAY_PERF_OUTPUT,754,11,115304
SWAY_PERF_OUTPUT,755,4,115305
SWAY_PERF_OUTPUT,756,2,115306
SWAY_PERF_OUTPUT,757,0,115307
SWAY_PERF_OUTPUT,758,0,115308
SWAY_PERF_OUTPUT,759,7,115309
SWAY_PERF_OUTPUT,760,63,115310
SWAY_PERF_OUTPUT,761,63,115311
SWAY_PERF_OUTPUT,762,63,115312
SWAY_PERF_OUTPUT,763,62,115313
SWAY_PERF_OUTPUT,764,62,115314
SWAY_PERF_OUTPUT,765,63,115315
SWAY_PERF_OUTPUT,766,61,115316
SWAY_PERF_OUTPUT,767,62,115317
SWAY_PERF_OUTPUT,768,63,115318
SWAY_PERF_OUTPUT,769,61,115319
SWAY_PERF_OUTPUT,770,62,115320
SWAY_PERF_OUTPUT,771,62,115321
SWAY_PERF_OUTPUT,772,63,115322
SWAY_PERF_OUTPUT,773,61,115323
SWAY_PERF_OUTPUT,774,62,115324
SWAY_PERF_OUTPUT,775,62,115325
SWAY_PERF_OUTPUT,776,63,115326
SWAY_PERF_OUTPUT,777,60,115327
SWAY_PERF_OUTPUT,778,63,115328
SWAY_PERF_OUTPUT,779,-7,115329
SWAY_PERF_OUTPUT,780,2,115330
SWAY_PERF_OUTPUT,781,13,115331
SWAY_PERF_OUTPUT,782,17,115332
SWAY_PERF_OUTPUT,783,9,115333
SWAY_PERF_OUTPUT,784,5,115334
SWAY_PERF_OUTPUT,785,2,115335
SWAY_PERF_OUTPUT,786,9,115336
SWAY_PERF_OUTPUT,787,2,115337
SWAY_PERF_OUTPUT,788,-4,115338
SWAY_PERF_OUTPUT,789,-7,115339
SWAY_PERF_OUTPUT,790,-17,115340
SWAY_PERF_OUTPUT,791,-28,115341
SWAY_PERF_OUTPUT,792,-29,115342
SWAY_PERF_OUTPUT,793,-7,115343
SWAY_PERF_OUTPUT,794,-16,115344
SWAY_PERF_OUTPUT,795,-27,115345
SWAY_PERF_OUTPUT,796,-29,115346
SWAY_PERF_OUTPUT,797,10,115347
SWAY_PERF_FRAME,13,115291,115347
SWAY_PERF_INPUT_FRAME,17,112509,120108
SWAY_PERF_OUTPUT,798,7,122891
SWAY_PERF_OUTPUT,799,7,122892
SWAY_PERF_OUTPUT,800,6,122893
SWAY_PERF_OUTPUT,801,6,122894
SWAY_PERF_OUTPUT,802,12,122895
SWAY_PERF_OUTPUT,803,16,122896
SWAY_PERF_OUTPUT,804,19,122897
SWAY_PERF_OUTPUT,805,1,122898
SWAY_PERF_OUTPUT,806,-2,122899
SWAY_PERF_OUTPUT,807,-3,122900
SWAY_PERF_OUTPUT,808,9,122901
SWAY_PERF_OUTPUT,809,10,122902
SWAY_PERF_OUTPUT,810,11,122903
SWAY_PERF_OUTPUT,811,11,122904
SWAY_PERF_OUTPUT,812,4,122905
SWAY_PERF_OUTPUT,813,2,122906
SWAY_PERF_OUTPUT,814,0,122907
SWAY_PERF_OUTPUT,815,0,122908
SWAY_PERF_OUTPUT,816,7,122909
SWAY_PERF_OUTPUT,817,63,122910
SWAY_PERF_OUTPUT,818,63,122911
SWAY_PERF_OUTPUT,819,63,122912
SWAY_PERF_OUTPUT,820,62,122913
SWAY_PERF_OUTPUT,821,62,122914
SWAY_PERF_OUTPUT,822,63,122915
SWAY_PERF_OUTPUT,823,61,122916
SWAY_PERF_OUTPUT,824,62,122917
SWAY_PERF_OUTPUT,825,63,122918
SWAY_PERF_OUTPUT,826,61,122919
SWAY_PERF_OUTPUT,827,62,122920
SWAY_PERF_OUTPUT,828,62,122921
SWAY_PERF_OUTPUT,829,63,122922
SWAY_PERF_OUTPUT,830,61,122923
SWAY_PERF_OUTPUT,831,62,122924
SWAY_PERF_OUTPUT,832,62,122925
SWAY_PERF_OUTPUT,833,63,122926
SWAY_PERF_OUTPUT,834,60,122927
SWAY_PERF_OUTPUT,835,63,122928
SWAY_PERF_OUTPUT,836,-7,122929
SWAY_PERF_OUTPUT,837,2,122930
SWAY_PERF_OUTPUT,838,13,122931
SWAY_PERF_OUTPUT,839,17,122932
SWAY_PERF_OUTPUT,840,9,122933
SWAY_PERF_OUTPUT,841,5,122934
SWAY_PERF_OUTPUT,842,2,122935
SWAY_PERF_OUTPUT,843,9,122936
SWAY_PERF_OUTPUT,844,2,122937
SWAY_PERF_OUTPUT,845,-4,122938
SWAY_PERF_OUTPUT,846,-7,122939
SWAY_PERF_OUTPUT,847,-17,122940
SWAY_PERF_OUTPUT,848,-28,122941
SWAY_PERF_OUTPUT,849,-29,122942
SWAY_PERF_OUTPUT,850,-7,122943
SWAY_PERF_OUTPUT,851,-16,122944
SWAY_PERF_OUTPUT,852,-27,122945
SWAY_PERF_OUTPUT,853,-29,122946
SWAY_PERF_OUTPUT,854,10,122947
SWAY_PERF_FRAME,14,122891,122947
SWAY_PERF_INPUT_FRAME,18,120109,127708
SWAY_PERF_OUTPUT,855,7,130491
SWAY_PERF_OUTPUT,856,8,130492
SWAY_PERF_OUTPUT,857,8,130493
SWAY_PERF_OUTPUT,858,8,130494
SWAY_PERF_OUTPUT,859,13,130495
SWAY_PERF_OUTPUT,860,17,130496
SWAY_PERF_OUTPUT,861,20,130497
SWAY_PERF_OUTPUT,862,2,130498
SWAY_PERF_OUTPUT,863,-2,130499
SWAY_PERF_OUTPUT,864,-5,130500
SWAY_PERF_OUTPUT,865,10,130501
SWAY_PERF_OUTPUT,866,11,130502
SWAY_PERF_OUTPUT,867,10,130503
SWAY_PERF_OUTPUT,868,11,130504
SWAY_PERF_OUTPUT,869,5,130505
SWAY_PERF_OUTPUT,870,3,130506
SWAY_PERF_OUTPUT,871,0,130507
SWAY_PERF_OUTPUT,872,0,130508
SWAY_PERF_OUTPUT,873,8,130509
SWAY_PERF_OUTPUT,874,62,130510
SWAY_PERF_OUTPUT,875,62,130511
SWAY_PERF_OUTPUT,876,62,130512
SWAY_PERF_OUTPUT,877,62,130513
SWAY_PERF_OUTPUT,878,62,130514
SWAY_PERF_OUTPUT,879,62,130515
SWAY_PERF_OUTPUT,880,60,130516
SWAY_PERF_OUTPUT,881,61,130517
SWAY_PERF_OUTPUT,882,61,130518
SWAY_PERF_OUTPUT,883,60,130519
SWAY_PERF_OUTPUT,884,61,130520
SWAY_PERF_OUTPUT,885,60,130521
SWAY_PERF_OUTPUT,886,62,130522
SWAY_PERF_OUTPUT,887,59,130523
SWAY_PERF_OUTPUT,888,61,130524
SWAY_PERF_OUTPUT,889,61,130525
SWAY_PERF_OUTPUT,890,64,130526
SWAY_PERF_OUTPUT,891,60,130527
SWAY_PERF_OUTPUT,892,62,130528
SWAY_PERF_OUTPUT,893,-6,130529
SWAY_PERF_OUTPUT,894,4,130530
SWAY_PERF_OUTPUT,895,14,130531
SWAY_PERF_OUTPUT,896,18,130532
SWAY_PERF_OUTPUT,897,10,130533
SWAY_PERF_OUTPUT,898,6,130534
SWAY_PERF_OUTPUT,899,-1,130535
SWAY_PERF_OUTPUT,900,10,130536
SWAY_PERF_OUTPUT,901,4,130537
SWAY_PERF_OUTPUT,902,-1,130538
SWAY_PERF_OUTPUT,903,-5,130539
SWAY_PERF_OUTPUT,904,-16,130540
SWAY_PERF_OUTPUT,905,-26,130541
SWAY_PERF_OUTPUT,906,-29,130542
SWAY_PERF_OUTPUT,907,-6,130543
SWAY_PERF_OUTPUT,908,-15,130544
SWAY_PERF_OUTPUT,909,-26,130545
SWAY_PERF_OUTPUT,910,-28,130546
SWAY_PERF_OUTPUT,911,11,130547
SWAY_PERF_FRAME,15,130491,130547
SWAY_PERF_INPUT_FRAME,19,127709,135308
SWAY_PERF_OUTPUT,912,8,138091
SWAY_PERF_OUTPUT,913,9,138092
SWAY_PERF_OUTPUT,914,8,138093
SWAY_PERF_OUTPUT,915,9,138094
SWAY_PERF_OUTPUT,916,13,138095
SWAY_PERF_OUTPUT,917,16,138096
SWAY_PERF_OUTPUT,918,15,138097
SWAY_PERF_OUTPUT,919,4,138098
SWAY_PERF_OUTPUT,920,1,138099
SWAY_PERF_OUTPUT,921,0,138100
SWAY_PERF_OUTPUT,922,10,138101
SWAY_PERF_OUTPUT,923,10,138102
SWAY_PERF_OUTPUT,924,8,138103
SWAY_PERF_OUTPUT,925,8,138104
SWAY_PERF_OUTPUT,926,6,138105
SWAY_PERF_OUTPUT,927,4,138106
SWAY_PERF_OUTPUT,928,2,138107
SWAY_PERF_OUTPUT,929,1,138108
SWAY_PERF_OUTPUT,930,9,138109
SWAY_PERF_OUTPUT,931,63,138110
SWAY_PERF_OUTPUT,932,63,138111
SWAY_PERF_OUTPUT,933,63,138112
SWAY_PERF_OUTPUT,934,63,138113
SWAY_PERF_OUTPUT,935,62,138114
SWAY_PERF_OUTPUT,936,62,138115
SWAY_PERF_OUTPUT,937,60,138116
SWAY_PERF_OUTPUT,938,62,138117
SWAY_PERF_OUTPUT,939,64,138118
SWAY_PERF_OUTPUT,940,62,138119
SWAY_PERF_OUTPUT,941,62,138120
SWAY_PERF_OUTPUT,942,62,138121
SWAY_PERF_OUTPUT,943,63,138122
SWAY_PERF_OUTPUT,944,62,138123
SWAY_PERF_OUTPUT,945,62,138124
SWAY_PERF_OUTPUT,946,62,138125
SWAY_PERF_OUTPUT,947,63,138126
SWAY_PERF_OUTPUT,948,59,138127
SWAY_PERF_OUTPUT,949,63,138128
SWAY_PERF_OUTPUT,950,-8,138129
SWAY_PERF_OUTPUT,951,2,138130
SWAY_PERF_OUTPUT,952,13,138131
SWAY_PERF_OUTPUT,953,17,138132
SWAY_PERF_OUTPUT,954,9,138133
SWAY_PERF_OUTPUT,955,2,138134
SWAY_PERF_OUTPUT,956,-4,138135
SWAY_PERF_OUTPUT,957,8,138136
SWAY_PERF_OUTPUT,958,2,138137
SWAY_PERF_OUTPUT,959,-4,138138
SWAY_PERF_OUTPUT,960,-7,138139
SWAY_PERF_OUTPUT,961,-17,138140
SWAY_PERF_OUTPUT,962,-28,138141
SWAY_PERF_OUTPUT,963,-30,138142
SWAY_PERF_OUTPUT,964,-7,138143
SWAY_PERF_OUTPUT,965,-16,138144
SWAY_PERF_OUTPUT,966,-26,138145
SWAY_PERF_OUTPUT,967,-29,138146
SWAY_PERF_OUTPUT,968,10,138147
SWAY_PERF_FRAME,16,138091,138147
SWAY_PERF_INPUT_FRAME,20,135309,142908
SWAY_PERF_OUTPUT,969,7,145691
SWAY_PERF_OUTPUT,970,7,145692
SWAY_PERF_OUTPUT,971,6,145693
SWAY_PERF_OUTPUT,972,7,145694
SWAY_PERF_OUTPUT,973,13,145695
SWAY_PERF_OUTPUT,974,17,145696
SWAY_PERF_OUTPUT,975,20,145697
SWAY_PERF_OUTPUT,976,1,145698
SWAY_PERF_OUTPUT,977,-3,145699
SWAY_PERF_OUTPUT,978,-4,145700
SWAY_PERF_OUTPUT,979,10,145701
SWAY_PERF_OUTPUT,980,11,145702
SWAY_PERF_OUTPUT,981,13,145703
SWAY_PERF_OUTPUT,982,13,145704
SWAY_PERF_OUTPUT,983,5,145705
SWAY_PERF_OUTPUT,984,4,145706
SWAY_PERF_OUTPUT,985,2,145707
SWAY_PERF_OUTPUT,986,2,145708
SWAY_PERF_OUTPUT,987,7,145709
SWAY_PERF_OUTPUT,988,62,145710
SWAY_PERF_OUTPUT,989,62,145711
SWAY_PERF_OUTPUT,990,62,145712
SWAY_PERF_OUTPUT,991,61,145713
SWAY_PERF_OUTPUT,992,63,145714
SWAY_PERF_OUTPUT,993,65,145715
SWAY_PERF_OUTPUT,994,62,145716
SWAY_PERF_OUTPUT,995,60,145717
SWAY_PERF_OUTPUT,996,59,145718
SWAY_PERF_OUTPUT,997,57,145719
SWAY_PERF_OUTPUT,998,60,145720
SWAY_PERF_OUTPUT,999,60,145721
SWAY_PERF_OUTPUT,1000,59,145722
SWAY_PERF_OUTPUT,1001,56,145723
SWAY_PERF_OUTPUT,1002,60,145724
SWAY_PERF_OUTPUT,1003,63,145725
SWAY_PERF_OUTPUT,1004,65,145726
SWAY_PERF_OUTPUT,1005,62,145727
SWAY_PERF_OUTPUT,1006,62,145728
SWAY_PERF_OUTPUT,1007,-3,145729
SWAY_PERF_OUTPUT,1008,7,145730
SWAY_PERF_OUTPUT,1009,17,145731
SWAY_PERF_OUTPUT,1010,22,145732
SWAY_PERF_OUTPUT,1011,14,145733
SWAY_PERF_OUTPUT,1012,10,145734
SWAY_PERF_OUTPUT,1013,8,145735
SWAY_PERF_OUTPUT,1014,14,145736
SWAY_PERF_OUTPUT,1015,8,145737
SWAY_PERF_OUTPUT,1016,4,145738
SWAY_PERF_OUTPUT,1017,-2,145739
SWAY_PERF_OUTPUT,1018,-15,145740
SWAY_PERF_OUTPUT,1019,-26,145741
SWAY_PERF_OUTPUT,1020,-28,145742
SWAY_PERF_OUTPUT,1021,-3,145743
SWAY_PERF_OUTPUT,1022,-15,145744
SWAY_PERF_OUTPUT,1023,-26,145745
SWAY_PERF_OUTPUT,1024,-28,145746
SWAY_PERF_OUTPUT,1025,15,145747
SWAY_PERF_FRAME,17,145691,145747
SWAY_PERF_INPUT_FRAME,21,142909,150508
SWAY_PERF_OUTPUT,1026,8,153291
SWAY_PERF_OUTPUT,1027,9,153292
SWAY_PERF_OUTPUT,1028,9,153293
SWAY_PERF_OUTPUT,1029,9,153294
SWAY_PERF_OUTPUT,1030,14,153295
SWAY_PERF_OUTPUT,1031,20,153296
SWAY_PERF_OUTPUT,1032,23,153297
SWAY_PERF_OUTPUT,1033,3,153298
SWAY_PERF_OUTPUT,1034,-4,153299
SWAY_PERF_OUTPUT,1035,-9,153300
SWAY_PERF_OUTPUT,1036,11,153301
SWAY_PERF_OUTPUT,1037,13,153302
SWAY_PERF_OUTPUT,1038,13,153303
SWAY_PERF_OUTPUT,1039,14,153304
SWAY_PERF_OUTPUT,1040,6,153305
SWAY_PERF_OUTPUT,1041,0,153306
SWAY_PERF_OUTPUT,1042,-5,153307
SWAY_PERF_OUTPUT,1043,-5,153308
SWAY_PERF_OUTPUT,1044,9,153309
SWAY_PERF_OUTPUT,1045,62,153310
SWAY_PERF_OUTPUT,1046,61,153311
SWAY_PERF_OUTPUT,1047,60,153312
SWAY_PERF_OUTPUT,1048,59,153313
SWAY_PERF_OUTPUT,1049,59,153314
SWAY_PERF_OUTPUT,1050,59,153315
SWAY_PERF_OUTPUT,1051,58,153316
SWAY_PERF_OUTPUT,1052,60,153317
SWAY_PERF_OUTPUT,1053,60,153318
SWAY_PERF_OUTPUT,1054,59,153319
SWAY_PERF_OUTPUT,1055,60,153320
SWAY_PERF_OUTPUT,1056,58,153321
SWAY_PERF_OUTPUT,1057,61,153322
SWAY_PERF_OUTPUT,1058,59,153323
SWAY_PERF_OUTPUT,1059,61,153324
SWAY_PERF_OUTPUT,1060,59,153325
SWAY_PERF_OUTPUT,1061,61,153326
SWAY_PERF_OUTPUT,1062,58,153327
SWAY_PERF_OUTPUT,1063,60,153328
SWAY_PERF_OUTPUT,1064,-8,153329
SWAY_PERF_OUTPUT,1065,2,153330
SWAY_PERF_OUTPUT,1066,11,153331
SWAY_PERF_OUTPUT,1067,15,153332
SWAY_PERF_OUTPUT,1068,8,153333
SWAY_PERF_OUTPUT,1069,6,153334
SWAY_PERF_OUTPUT,1070,5,153335
SWAY_PERF_OUTPUT,1071,8,153336
SWAY_PERF_OUTPUT,1072,6,153337
SWAY_PERF_OUTPUT,1073,8,153338
SWAY_PERF_OUTPUT,1074,-7,153339
SWAY_PERF_OUTPUT,1075,-16,153340
SWAY_PERF_OUTPUT,1076,-27,153341
SWAY_PERF_OUTPUT,1077,-29,153342
SWAY_PERF_OUTPUT,1078,-7,153343
SWAY_PERF_OUTPUT,1079,-14,153344
SWAY_PERF_OUTPUT,1080,-25,153345
SWAY_PERF_OUTPUT,1081,-27,153346
SWAY_PERF_OUTPUT,1082,9,153347
SWAY_PERF_FRAME,18,153291,153347
SWAY_PERF_INPUT_FRAME,22,150509,158108
SWAY_PERF_OUTPUT,1083,4,160891
SWAY_PERF_OUTPUT,1084,4,160892
SWAY_PERF_OUTPUT,1085,3,160893
SWAY_PERF_OUTPUT,1086,3,160894
SWAY_PERF_OUTPUT,1087,9,160895
SWAY_PERF_OUTPUT,1088,16,160896
SWAY_PERF_OUTPUT,1089,19,160897
SWAY_PERF_OUTPUT,1090,-2,160898
SWAY_PERF_OUTPUT,1091,-7,160899
SWAY_PERF_OUTPUT,1092,-8,160900
SWAY_PERF_OUTPUT,1093,7,160901
SWAY_PERF_OUTPUT,1094,11,160902
SWAY_PERF_OUTPUT,1095,13,160903
SWAY_PERF_OUTPUT,1096,14,160904
SWAY_PERF_OUTPUT,1097,2,160905
SWAY_PERF_OUTPUT,1098,-1,160906
SWAY_PERF_OUTPUT,1099,-2,160907
SWAY_PERF_OUTPUT,1100,-2,160908
SWAY_PERF_OUTPUT,1101,3,160909
SWAY_PERF_OUTPUT,1102,61,160910
SWAY_PERF_OUTPUT,1103,61,160911
SWAY_PERF_OUTPUT,1104,60,160912
SWAY_PERF_OUTPUT,1105,60,160913
SWAY_PERF_OUTPUT,1106,60,160914
SWAY_PERF_OUTPUT,1107,61,160915
SWAY_PERF_OUTPUT,1108,59,160916
SWAY_PERF_OUTPUT,1109,59,160917
SWAY_PERF_OUTPUT,1110,59,160918
SWAY_PERF_OUTPUT,1111,58,160919
SWAY_PERF_OUTPUT,1112,60,160920
SWAY_PERF_OUTPUT,1113,59,160921
SWAY_PERF_OUTPUT,1114,60,160922
SWAY_PERF_OUTPUT,1115,57,160923
SWAY_PERF_OUTPUT,1116,60,160924
SWAY_PERF_OUTPUT,1117,59,160925
SWAY_PERF_OUTPUT,1118,62,160926
SWAY_PERF_OUTPUT,1119,59,160927
SWAY_PERF_OUTPUT,1120,60,160928
SWAY_PERF_OUTPUT,1121,-6,160929
SWAY_PERF_OUTPUT,1122,4,160930
SWAY_PERF_OUTPUT,1123,14,160931
SWAY_PERF_OUTPUT,1124,18,160932
SWAY_PERF_OUTPUT,1125,11,160933
SWAY_PERF_OUTPUT,1126,10,160934
SWAY_PERF_OUTPUT,1127,11,160935
SWAY_PERF_OUTPUT,1128,10,160936
SWAY_PERF_OUTPUT,1129,6,160937
SWAY_PERF_OUTPUT,1130,5,160938
SWAY_PERF_OUTPUT,1131,-5,160939
SWAY_PERF_OUTPUT,1132,-15,160940
SWAY_PERF_OUTPUT,1133,-25,160941
SWAY_PERF_OUTPUT,1134,-28,160942
SWAY_PERF_OUTPUT,1135,-6,160943
SWAY_PERF_OUTPUT,1136,-15,160944
SWAY_PERF_OUTPUT,1137,-27,160945
SWAY_PERF_OUTPUT,1138,-29,160946
SWAY_PERF_OUTPUT,1139,12,160947
SWAY_PERF_FRAME,19,160891,160947
SWAY_PERF_INPUT_FRAME,23,158109,165708
SWAY_PERF_OUTPUT,1140,4,168491
SWAY_PERF_OUTPUT,1141,4,168492
SWAY_PERF_OUTPUT,1142,3,168493
SWAY_PERF_OUTPUT,1143,3,168494
SWAY_PERF_OUTPUT,1144,10,168495
SWAY_PERF_OUTPUT,1145,16,168496
SWAY_PERF_OUTPUT,1146,21,168497
SWAY_PERF_OUTPUT,1147,-3,168498
SWAY_PERF_OUTPUT,1148,-10,168499
SWAY_PERF_OUTPUT,1149,-15,168500
SWAY_PERF_OUTPUT,1150,7,168501
SWAY_PERF_OUTPUT,1151,11,168502
SWAY_PERF_OUTPUT,1152,15,168503
SWAY_PERF_OUTPUT,1153,15,168504
SWAY_PERF_OUTPUT,1154,2,168505
SWAY_PERF_OUTPUT,1155,-2,168506
SWAY_PERF_OUTPUT,1156,-5,168507
SWAY_PERF_OUTPUT,1157,-5,168508
SWAY_PERF_OUTPUT,1158,3,168509
SWAY_PERF_OUTPUT,1159,63,168510
SWAY_PERF_OUTPUT,1160,62,168511
SWAY_PERF_OUTPUT,1161,61,168512
SWAY_PERF_OUTPUT,1162,61,168513
SWAY_PERF_OUTPUT,1163,62,168514
SWAY_PERF_OUTPUT,1164,62,168515
SWAY_PERF_OUTPUT,1165,60,168516
SWAY_PERF_OUTPUT,1166,61,168517
SWAY_PERF_OUTPUT,1167,61,168518
SWAY_PERF_OUTPUT,1168,60,168519
SWAY_PERF_OUTPUT,1169,61,168520
SWAY_PERF_OUTPUT,1170,60,168521
SWAY_PERF_OUTPUT,1171,61,168522
SWAY_PERF_OUTPUT,1172,59,168523
SWAY_PERF_OUTPUT,1173,61,168524
SWAY_PERF_OUTPUT,1174,61,168525
SWAY_PERF_OUTPUT,1175,63,168526
SWAY_PERF_OUTPUT,1176,60,168527
SWAY_PERF_OUTPUT,1177,61,168528
SWAY_PERF_OUTPUT,1178,-4,168529
SWAY_PERF_OUTPUT,1179,6,168530
SWAY_PERF_OUTPUT,1180,17,168531
SWAY_PERF_OUTPUT,1181,21,168532
SWAY_PERF_OUTPUT,1182,13,168533
SWAY_PERF_OUTPUT,1183,13,168534
SWAY_PERF_OUTPUT,1184,14,168535
SWAY_PERF_OUTPUT,1185,13,168536
SWAY_PERF_OUTPUT,1186,12,168537
SWAY_PERF_OUTPUT,1187,15,168538
SWAY_PERF_OUTPUT,1188,-3,168539
SWAY_PERF_OUTPUT,1189,-14,168540
SWAY_PERF_OUTPUT,1190,-26,168541
SWAY_PERF_OUTPUT,1191,-28,168542
SWAY_PERF_OUTPUT,1192,-3,168543
SWAY_PERF_OUTPUT,1193,-14,168544
SWAY_PERF_OUTPUT,1194,-26,168545
SWAY_PERF_OUTPUT,1195,-28,168546
SWAY_PERF_OUTPUT,1196,14,168547
SWAY_PERF_FRAME,20,168491,168547
SWAY_PERF_INPUT_FRAME,24,165709,173308
SWAY_PERF_OUTPUT,1197,8,176091
SWAY_PERF_OUTPUT,1198,9,176092
SWAY_PERF_OUTPUT,1199,8,176093
SWAY_PERF_OUTPUT,1200,8,176094
SWAY_PERF_OUTPUT,1201,14,176095
SWAY_PERF_OUTPUT,1202,19,176096
SWAY_PERF_OUTPUT,1203,21,176097
SWAY_PERF_OUTPUT,1204,3,176098
SWAY_PERF_OUTPUT,1205,0,176099
SWAY_PERF_OUTPUT,1206,-3,176100
SWAY_PERF_OUTPUT,1207,10,176101
SWAY_PERF_OUTPUT,1208,12,176102
SWAY_PERF_OUTPUT,1209,12,176103
SWAY_PERF_OUTPUT,1210,12,176104
SWAY_PERF_OUTPUT,1211,6,176105
SWAY_PERF_OUTPUT,1212,3,176106
SWAY_PERF_OUTPUT,1213,0,176107
SWAY_PERF_OUTPUT,1214,-1,176108
SWAY_PERF_OUTPUT,1215,9,176109
SWAY_PERF_OUTPUT,1216,61,176110
SWAY_PERF_OUTPUT,1217,62,176111
SWAY_PERF_OUTPUT,1218,61,176112
SWAY_PERF_OUTPUT,1219,61,176113
SWAY_PERF_OUTPUT,1220,61,176114
SWAY_PERF_OUTPUT,1221,61,176115
SWAY_PERF_OUTPUT,1222,59,176116
SWAY_PERF_OUTPUT,1223,60,176117
SWAY_PERF_OUTPUT,1224,61,176118
SWAY_PERF_OUTPUT,1225,60,176119
SWAY_PERF_OUTPUT,1226,60,176120
SWAY_PERF_OUTPUT,1227,60,176121
SWAY_PERF_OUTPUT,1228,62,176122
SWAY_PERF_OUTPUT,1229,60,176123
SWAY_PERF_OUTPUT,1230,61,176124
SWAY_PERF_OUTPUT,1231,61,176125
SWAY_PERF_OUTPUT,1232,62,176126
SWAY_PERF_OUTPUT,1233,58,176127
SWAY_PERF_OUTPUT,1234,61,176128
SWAY_PERF_OUTPUT,1235,-6,176129
SWAY_PERF_OUTPUT,1236,3,176130
SWAY_PERF_OUTPUT,1237,14,176131
SWAY_PERF_OUTPUT,1238,17,176132
SWAY_PERF_OUTPUT,1239,10,176133
SWAY_PERF_OUTPUT,1240,7,176134
SWAY_PERF_OUTPUT,1241,6,176135
SWAY_PERF_OUTPUT,1242,9,176136
SWAY_PERF_OUTPUT,1243,4,176137
SWAY_PERF_OUTPUT,1244,1,176138
SWAY_PERF_OUTPUT,1245,-6,176139
SWAY_PERF_OUTPUT,1246,-16,176140
SWAY_PERF_OUTPUT,1247,-27,176141
SWAY_PERF_OUTPUT,1248,-29,176142
SWAY_PERF_OUTPUT,1249,-6,176143
SWAY_PERF_OUTPUT,1250,-15,176144
SWAY_PERF_OUTPUT,1251,-26,176145
SWAY_PERF_OUTPUT,1252,-28,176146
SWAY_PERF_OUTPUT,1253,11,176147
SWAY_PERF_FRAME,21,176091,176147
SWAY_PERF_INPUT_FRAME,25,173309,180908
SWAY_PERF_OUTPUT,1254,9,183691
SWAY_PERF_OUTPUT,1255,9,183692
SWAY_PERF_OUTPUT,1256,8,183693
SWAY_PERF_OUTPUT,1257,9,183694
SWAY_PERF_OUTPUT,1258,15,183695
SWAY_PERF_OUTPUT,1259,18,183696
SWAY_PERF_OUTPUT,1260,19,183697
SWAY_PERF_OUTPUT,1261,4,183698
SWAY_PERF_OUTPUT,1262,-2,183699
SWAY_PERF_OUTPUT,1263,-5,183700
SWAY_PERF_OUTPUT,1264,10,183701
SWAY_PERF_OUTPUT,1265,11,183702
SWAY_PERF_OUTPUT,1266,11,183703
SWAY_PERF_OUTPUT,1267,11,183704
SWAY_PERF_OUTPUT,1268,6,183705
SWAY_PERF_OUTPUT,1269,4,183706
SWAY_PERF_OUTPUT,1270,2,183707
SWAY_PERF_OUTPUT,1271,2,183708
SWAY_PERF_OUTPUT,1272,9,183709
SWAY_PERF_OUTPUT,1273,64,183710
SWAY_PERF_OUTPUT,1274,65,183711
SWAY_PERF_OUTPUT,1275,65,183712
SWAY_PERF_OUTPUT,1276,65,183713
SWAY_PERF_OUTPUT,1277,65,183714
SWAY_PERF_OUTPUT,1278,66,183715
SWAY_PERF_OUTPUT,1279,64,183716
SWAY_PERF_OUTPUT,1280,64,183717
SWAY_PERF_OUTPUT,1281,65,183718
SWAY_PERF_OUTPUT,1282,63,183719
SWAY_PERF_OUTPUT,1283,63,183720
SWAY_PERF_OUTPUT,1284,65,183721
SWAY_PERF_OUTPUT,1285,63,183722
SWAY_PERF_OUTPUT,1286,61,183723
SWAY_PERF_OUTPUT,1287,63,183724
SWAY_PERF_OUTPUT,1288,67,183725
SWAY_PERF_OUTPUT,1289,66,183726
SWAY_PERF_OUTPUT,1290,63,183727
SWAY_PERF_OUTPUT,1291,65,183728
SWAY_PERF_OUTPUT,1292,-2,183729
SWAY_PERF_OUTPUT,1293,9,183730
SWAY_PERF_OUTPUT,1294,20,183731
SWAY_PERF_OUTPUT,1295,25,183732
SWAY_PERF_OUTPUT,1296,16,183733
SWAY_PERF_OUTPUT,1297,9,183734
SWAY_PERF_OUTPUT,1298,5,183735
SWAY_PERF_OUTPUT,1299,15,183736
SWAY_PERF_OUTPUT,1300,12,183737
SWAY_PERF_OUTPUT,1301,8,183738
SWAY_PERF_OUTPUT,1302,-1,183739
SWAY_PERF_OUTPUT,1303,-15,183740
SWAY_PERF_OUTPUT,1304,-28,183741
SWAY_PERF_OUTPUT,1305,-30,183742
SWAY_PERF_OUTPUT,1306,-1,183743
SWAY_PERF_OUTPUT,1307,-15,183744
SWAY_PERF_OUTPUT,1308,-25,183745
SWAY_PERF_OUTPUT,1309,-29,183746
SWAY_PERF_OUTPUT,1310,17,183747
SWAY_PERF_FRAME,22,183691,183747
SWAY_PERF_INPUT_FRAME,26,180909,188508
SWAY_PERF_OUTPUT,1311,45,191291
SWAY_PERF_OUTPUT,1312,127,191292
SWAY_PERF_OUTPUT,1313,-30,191293
SWAY_PERF_OUTPUT,1314,40,191294
SWAY_PERF_OUTPUT,1315,34,191295
SWAY_PERF_OUTPUT,1316,87,191296
SWAY_PERF_OUTPUT,1317,0,191297
SWAY_PERF_OUTPUT,1318,38,191298
SWAY_PERF_OUTPUT,1319,77,191299
SWAY_PERF_OUTPUT,1320,-2,191300
SWAY_PERF_OUTPUT,1321,28,191301
SWAY_PERF_OUTPUT,1322,70,191302
SWAY_PERF_OUTPUT,1323,-24,191303
SWAY_PERF_OUTPUT,1324,31,191304
SWAY_PERF_OUTPUT,1325,50,191305
SWAY_PERF_OUTPUT,1326,123,191306
SWAY_PERF_OUTPUT,1327,38,191307
SWAY_PERF_OUTPUT,1328,95,191308
SWAY_PERF_OUTPUT,1329,56,191309
SWAY_PERF_OUTPUT,1330,-18,191310
SWAY_PERF_OUTPUT,1331,-5,191311
SWAY_PERF_OUTPUT,1332,-13,191312
SWAY_PERF_OUTPUT,1333,72,191313
SWAY_PERF_OUTPUT,1334,46,191314
SWAY_PERF_OUTPUT,1335,35,191315
SWAY_PERF_OUTPUT,1336,17,191316
SWAY_PERF_OUTPUT,1337,-75,191317
SWAY_PERF_OUTPUT,1338,-6,191318
SWAY_PERF_OUTPUT,1339,-39,191319
SWAY_PERF_OUTPUT,1340,-28,191320
SWAY_PERF_OUTPUT,1341,-27,191321
SWAY_PERF_OUTPUT,1342,-60,191322
SWAY_PERF_OUTPUT,1343,-2,191323
SWAY_PERF_OUTPUT,1344,27,191324
SWAY_PERF_OUTPUT,1345,71,191325
SWAY_PERF_OUTPUT,1346,117,191326
SWAY_PERF_OUTPUT,1347,-2,191327
SWAY_PERF_OUTPUT,1348,-19,191328
SWAY_PERF_OUTPUT,1349,25,191329
SWAY_PERF_OUTPUT,1350,34,191330
SWAY_PERF_OUTPUT,1351,-36,191331
SWAY_PERF_OUTPUT,1352,21,191332
SWAY_PERF_OUTPUT,1353,-36,191333
SWAY_PERF_OUTPUT,1354,96,191334
SWAY_PERF_OUTPUT,1355,-49,191335
SWAY_PERF_OUTPUT,1356,50,191336
SWAY_PERF_OUTPUT,1357,-42,191337
SWAY_PERF_OUTPUT,1358,-96,191338
SWAY_PERF_OUTPUT,1359,0,191339
SWAY_PERF_OUTPUT,1360,27,191340
SWAY_PERF_OUTPUT,1361,-37,191341
SWAY_PERF_OUTPUT,1362,77,191342
SWAY_PERF_OUTPUT,1363,44,191343
SWAY_PERF_OUTPUT,1364,0,191344
SWAY_PERF_OUTPUT,1365,-56,191345
SWAY_PERF_OUTPUT,1366,-77,191346
SWAY_PERF_OUTPUT,1367,42,191347
SWAY_PERF_FRAME,23,191291,191347
SWAY_PERF_INPUT_FRAME,27,188509,196108
SWAY_PERF_OUTPUT,1368,21,198891
SWAY_PERF_OUTPUT,1369,1,198892
SWAY_PERF_OUTPUT,1370,5,198893
SWAY_PERF_OUTPUT,1371,-3,198894
SWAY_PERF_OUTPUT,1372,23,198895
SWAY_PERF_OUTPUT,1373,34,198896
SWAY_PERF_OUTPUT,1374,42,198897
SWAY_PERF_OUTPUT,1375,-2,198898
SWAY_PERF_OUTPUT,1376,-9,198899
SWAY_PERF_OUTPUT,1377,0,198900
SWAY_PERF_OUTPUT,1378,8,198901
SWAY_PERF_OUTPUT,1379,16,198902
SWAY_PERF_OUTPUT,1380,59,198903
SWAY_PERF_OUTPUT,1381,41,198904
SWAY_PERF_OUTPUT,1382,9,198905
SWAY_PERF_OUTPUT,1383,9,198906
SWAY_PERF_OUTPUT,1384,12,198907
SWAY_PERF_OUTPUT,1385,20,198908
SWAY_PERF_OUTPUT,1386,14,198909
SWAY_PERF_OUTPUT,1387,101,198910
SWAY_PERF_OUTPUT,1388,109,198911
SWAY_PERF_OUTPUT,1389,111,198912
SWAY_PERF_OUTPUT,1390,108,198913
SWAY_PERF_OUTPUT,1391,118,198914
SWAY_PERF_OUTPUT,1392,113,198915
SWAY_PERF_OUTPUT,1393,96,198916
SWAY_PERF_OUTPUT,1394,121,198917
SWAY_PERF_OUTPUT,1395,111,198918
SWAY_PERF_OUTPUT,1396,120,198919
SWAY_PERF_OUTPUT,1397,99,198920
SWAY_PERF_OUTPUT,1398,127,198921
SWAY_PERF_OUTPUT,1399,126,198922
SWAY_PERF_OUTPUT,1400,112,198923
SWAY_PERF_OUTPUT,1401,115,198924
SWAY_PERF_OUTPUT,1402,127,198925
SWAY_PERF_OUTPUT,1403,98,198926
SWAY_PERF_OUTPUT,1404,103,198927
SWAY_PERF_OUTPUT,1405,127,198928
SWAY_PERF_OUTPUT,1406,35,198929
SWAY_PERF_OUTPUT,1407,57,198930
SWAY_PERF_OUTPUT,1408,75,198931
SWAY_PERF_OUTPUT,1409,88,198932
SWAY_PERF_OUTPUT,1410,62,198933
SWAY_PERF_OUTPUT,1411,70,198934
SWAY_PERF_OUTPUT,1412,104,198935
SWAY_PERF_OUTPUT,1413,60,198936
SWAY_PERF_OUTPUT,1414,31,198937
SWAY_PERF_OUTPUT,1415,8,198938
SWAY_PERF_OUTPUT,1416,19,198939
SWAY_PERF_OUTPUT,1417,-29,198940
SWAY_PERF_OUTPUT,1418,-52,198941
SWAY_PERF_OUTPUT,1419,-46,198942
SWAY_PERF_OUTPUT,1420,31,198943
SWAY_PERF_OUTPUT,1421,-32,198944
SWAY_PERF_OUTPUT,1422,-54,198945
SWAY_PERF_OUTPUT,1423,-38,198946
SWAY_PERF_OUTPUT,1424,68,198947
SWAY_PERF_FRAME,24,198891,198947
SWAY_PERF_INPUT_FRAME,28,196109,203708
SWAY_PERF_OUTPUT,1425,61,206491
SWAY_PERF_OUTPUT,1426,72,206492
SWAY_PERF_OUTPUT,1427,58,206493
SWAY_PERF_OUTPUT,1428,63,206494
SWAY_PERF_OUTPUT,1429,71,206495
SWAY_PERF_OUTPUT,1430,59,206496
SWAY_PERF_OUTPUT,1431,17,206497
SWAY_PERF_OUTPUT,1432,69,206498
SWAY_PERF_OUTPUT,1433,80,206499
SWAY_PERF_OUTPUT,1434,102,206500
SWAY_PERF_OUTPUT,1435,53,206501
SWAY_PERF_OUTPUT,1436,68,206502
SWAY_PERF_OUTPUT,1437,58,206503
SWAY_PERF_OUTPUT,1438,56,206504
SWAY_PERF_OUTPUT,1439,48,206505
SWAY_PERF_OUTPUT,1440,37,206506
SWAY_PERF_OUTPUT,1441,13,206507
SWAY_PERF_OUTPUT,1442,20,206508
SWAY_PERF_OUTPUT,1443,73,206509
SWAY_PERF_OUTPUT,1444,118,206510
SWAY_PERF_OUTPUT,1445,127,206511
SWAY_PERF_OUTPUT,1446,127,206512
SWAY_PERF_OUTPUT,1447,127,206513
SWAY_PERF_OUTPUT,1448,127,206514
SWAY_PERF_OUTPUT,1449,116,206515
SWAY_PERF_OUTPUT,1450,88,206516
SWAY_PERF_OUTPUT,1451,127,206517
SWAY_PERF_OUTPUT,1452,120,206518
SWAY_PERF_OUTPUT,1453,119,206519
SWAY_PERF_OUTPUT,1454,127,206520
SWAY_PERF_OUTPUT,1455,110,206521
SWAY_PERF_OUTPUT,1456,121,206522
SWAY_PERF_OUTPUT,1457,118,206523
SWAY_PERF_OUTPUT,1458,127,206524
SWAY_PERF_OUTPUT,1459,127,206525
SWAY_PERF_OUTPUT,1460,127,206526
SWAY_PERF_OUTPUT,1461,127,206527
SWAY_PERF_OUTPUT,1462,127,206528
SWAY_PERF_OUTPUT,1463,-21,206529
SWAY_PERF_OUTPUT,1464,-2,206530
SWAY_PERF_OUTPUT,1465,32,206531
SWAY_PERF_OUTPUT,1466,32,206532
SWAY_PERF_OUTPUT,1467,17,206533
SWAY_PERF_OUTPUT,1468,-14,206534
SWAY_PERF_OUTPUT,1469,-22,206535
SWAY_PERF_OUTPUT,1470,-12,206536
SWAY_PERF_OUTPUT,1471,-47,206537
SWAY_PERF_OUTPUT,1472,-38,206538
SWAY_PERF_OUTPUT,1473,-36,206539
SWAY_PERF_OUTPUT,1474,-46,206540
SWAY_PERF_OUTPUT,1475,-81,206541
SWAY_PERF_OUTPUT,1476,-67,206542
SWAY_PERF_OUTPUT,1477,-17,206543
SWAY_PERF_OUTPUT,1478,-41,206544
SWAY_PERF_OUTPUT,1479,-65,206545
SWAY_PERF_OUTPUT,1480,-78,206546
SWAY_PERF_OUTPUT,1481,21,206547
SWAY_PERF_FRAME,25,206491,206547
SWAY_PERF_INPUT_FRAME,29,203709,211308
SWAY_PERF_OUTPUT,1482,7,214091
SWAY_PERF_OUTPUT,1483,7,214092
SWAY_PERF_OUTPUT,1484,6,214093
SWAY_PERF_OUTPUT,1485,6,214094
SWAY_PERF_OUTPUT,1486,12,214095
SWAY_PERF_OUTPUT,1487,16,214096
SWAY_PERF_OUTPUT,1488,19,214097
SWAY_PERF_OUTPUT,1489,1,214098
SWAY_PERF_OUTPUT,1490,-2,214099
SWAY_PERF_OUTPUT,1491,-3,214100
SWAY_PERF_OUTPUT,1492,9,214101
SWAY_PERF_OUTPUT,1493,10,214102
SWAY_PERF_OUTPUT,1494,11,214103
SWAY_PERF_OUTPUT,1495,11,214104
SWAY_PERF_OUTPUT,1496,4,214105
SWAY_PERF_OUTPUT,1497,2,214106
SWAY_PERF_OUTPUT,1498,0,214107
SWAY_PERF_OUTPUT,1499,0,214108
SWAY_PERF_OUTPUT,1500,7,214109
SWAY_PERF_OUTPUT,1501,63,214110
SWAY_PERF_OUTPUT,1502,63,214111
SWAY_PERF_OUTPUT,1503,63,214112
SWAY_PERF_OUTPUT,1504,62,214113
SWAY_PERF_OUTPUT,1505,62,214114
SWAY_PERF_OUTPUT,1506,63,214115
SWAY_PERF_OUTPUT,1507,61,214116
SWAY_PERF_OUTPUT,1508,62,214117
SWAY_PERF_OUTPUT,1509,63,214118
SWAY_PERF_OUTPUT,1510,61,214119
SWAY_PERF_OUTPUT,1511,62,214120
SWAY_PERF_OUTPUT,1512,62,214121
SWAY_PERF_OUTPUT,1513,63,214122
SWAY_PERF_OUTPUT,1514,61,214123
SWAY_PERF_OUTPUT,1515,62,214124
SWAY_PERF_OUTPUT,1516,62,214125
SWAY_PERF_OUTPUT,1517,63,214126
SWAY_PERF_OUTPUT,1518,60,214127
SWAY_PERF_OUTPUT,1519,63,214128
SWAY_PERF_OUTPUT,1520,-7,214129
SWAY_PERF_OUTPUT,1521,2,214130
SWAY_PERF_OUTPUT,1522,13,214131
SWAY_PERF_OUTPUT,1523,17,214132
SWAY_PERF_OUTPUT,1524,9,214133
SWAY_PERF_OUTPUT,1525,5,214134
SWAY_PERF_OUTPUT,1526,2,214135
SWAY_PERF_OUTPUT,1527,9,214136
SWAY_PERF_OUTPUT,1528,2,214137
SWAY_PERF_OUTPUT,1529,-4,214138
SWAY_PERF_OUTPUT,1530,-7,214139
SWAY_PERF_OUTPUT,1531,-17,214140
SWAY_PERF_OUTPUT,1532,-28,214141
SWAY_PERF_OUTPUT,1533,-29,214142
SWAY_PERF_OUTPUT,1534,-7,214143
SWAY_PERF_OUTPUT,1535,-16,214144
SWAY_PERF_OUTPUT,1536,-27,214145
SWAY_PERF_OUTPUT,1537,-29,214146
SWAY_PERF_OUTPUT,1538,10,214147
SWAY_PERF_FRAME,26,214091,214147
SWAY_PERF_INPUT_FRAME,30,211309,218908
SWAY_PERF_OUTPUT,1539,7,221691
SWAY_PERF_OUTPUT,1540,7,221692
SWAY_PERF_OUTPUT,1541,6,221693
SWAY_PERF_OUTPUT,1542,6,221694
SWAY_PERF_OUTPUT,1543,12,221695
SWAY_PERF_OUTPUT,1544,16,221696
SWAY_PERF_OUTPUT,1545,19,221697
SWAY_PERF_OUTPUT,1546,1,221698
SWAY_PERF_OUTPUT,1547,-2,221699
SWAY_PERF_OUTPUT,1548,-3,221700
SWAY_PERF_OUTPUT,1549,9,221701
SWAY_PERF_OUTPUT,1550,10,221702
SWAY_PERF_OUTPUT,1551,11,221703
SWAY_PERF_OUTPUT,1552,11,221704
SWAY_PERF_OUTPUT,1553,4,221705
SWAY_PERF_OUTPUT,1554,2,221706
SWAY_PERF_OUTPUT,1555,0,221707
SWAY_PERF_OUTPUT,1556,0,221708
SWAY_PERF_OUTPUT,1557,7,221709
SWAY_PERF_OUTPUT,1558,63,221710
SWAY_PERF_OUTPUT,1559,63,221711
SWAY_PERF_OUTPUT,1560,63,221712
SWAY_PERF_OUTPUT,1561,62,221713
SWAY_PERF_OUTPUT,1562,62,221714
SWAY_PERF_OUTPUT,1563,63,221715
SWAY_PERF_OUTPUT,1564,61,221716
SWAY_PERF_OUTPUT,1565,62,221717
SWAY_PERF_OUTPUT,1566,63,221718
SWAY_PERF_OUTPUT,1567,61,221719
SWAY_PERF_OUTPUT,1568,62,221720
SWAY_PERF_OUTPUT,1569,62,221721
SWAY_PERF_OUTPUT,1570,63,221722
SWAY_PERF_OUTPUT,1571,61,221723
SWAY_PERF_OUTPUT,1572,62,221724
SWAY_PERF_OUTPUT,1573,62,221725
SWAY_PERF_OUTPUT,1574,63,221726
SWAY_PERF_OUTPUT,1575,60,221727
SWAY_PERF_OUTPUT,1576,63,221728
SWAY_PERF_OUTPUT,1577,-7,221729
SWAY_PERF_OUTPUT,1578,2,221730
SWAY_PERF_OUTPUT,1579,13,221731
SWAY_PERF_OUTPUT,1580,17,221732
SWAY_PERF_OUTPUT,1581,9,221733
SWAY_PERF_OUTPUT,1582,5,221734
SWAY_PERF_OUTPUT,1583,2,221735
SWAY_PERF_OUTPUT,1584,9,221736
SWAY_PERF_OUTPUT,1585,2,221737
SWAY_PERF_OUTPUT,1586,-4,221738
SWAY_PERF_OUTPUT,1587,-7,221739
SWAY_PERF_OUTPUT,1588,-17,221740
SWAY_PERF_OUTPUT,1589,-28,221741
SWAY_PERF_OUTPUT,1590,-29,221742
SWAY_PERF_OUTPUT,1591,-7,221743
SWAY_PERF_OUTPUT,1592,-16,221744
SWAY_PERF_OUTPUT,1593,-27,221745
SWAY_PERF_OUTPUT,1594,-29,221746
SWAY_PERF_OUTPUT,1595,10,221747
SWAY_PERF_FRAME,27,221691,221747
SWAY_PERF_INPUT_FRAME,31,218909,226508
SWAY_PERF_OUTPUT,1596,7,229291
SWAY_PERF_OUTPUT,1597,7,229292
SWAY_PERF_OUTPUT,1598,6,229293
SWAY_PERF_OUTPUT,1599,6,229294
SWAY_PERF_OUTPUT,1600,12,229295
SWAY_PERF_OUTPUT,1601,16,229296
SWAY_PERF_OUTPUT,1602,19,229297
SWAY_PERF_OUTPUT,1603,1,229298
SWAY_PERF_OUTPUT,1604,-2,229299
SWAY_PERF_OUTPUT,1605,-3,229300
SWAY_PERF_OUTPUT,1606,9,229301
SWAY_PERF_OUTPUT,1607,10,229302
SWAY_PERF_OUTPUT,1608,11,229303
SWAY_PERF_OUTPUT,1609,11,229304
SWAY_PERF_OUTPUT,1610,4,229305
SWAY_PERF_OUTPUT,1611,2,229306
SWAY_PERF_OUTPUT,1612,0,229307
SWAY_PERF_OUTPUT,1613,0,229308
SWAY_PERF_OUTPUT,1614,7,229309
SWAY_PERF_OUTPUT,1615,63,229310
SWAY_PERF_OUTPUT,1616,63,229311
SWAY_PERF_OUTPUT,1617,63,229312
SWAY_PERF_OUTPUT,1618,62,229313
SWAY_PERF_OUTPUT,1619,62,229314
SWAY_PERF_OUTPUT,1620,63,229315
SWAY_PERF_OUTPUT,1621,61,229316
SWAY_PERF_OUTPUT,1622,62,229317
SWAY_PERF_OUTPUT,1623,63,229318
SWAY_PERF_OUTPUT,1624,61,229319
SWAY_PERF_OUTPUT,1625,62,229320
SWAY_PERF_OUTPUT,1626,62,229321
SWAY_PERF_OUTPUT,1627,63,229322
SWAY_PERF_OUTPUT,1628,61,229323
SWAY_PERF_OUTPUT,1629,62,229324
SWAY_PERF_OUTPUT,1630,62,229325
SWAY_PERF_OUTPUT,1631,63,229326
SWAY_PERF_OUTPUT,1632,60,229327
SWAY_PERF_OUTPUT,1633,63,229328
SWAY_PERF_OUTPUT,1634,-7,229329
SWAY_PERF_OUTPUT,1635,2,229330
SWAY_PERF_OUTPUT,1636,13,229331
SWAY_PERF_OUTPUT,1637,17,229332
SWAY_PERF_OUTPUT,1638,9,229333
SWAY_PERF_OUTPUT,1639,5,229334
SWAY_PERF_OUTPUT,1640,2,229335
SWAY_PERF_OUTPUT,1641,9,229336
SWAY_PERF_OUTPUT,1642,2,229337
SWAY_PERF_OUTPUT,1643,-4,229338
SWAY_PERF_OUTPUT,1644,-7,229339
SWAY_PERF_OUTPUT,1645,-17,229340
SWAY_PERF_OUTPUT,1646,-28,229341
SWAY_PERF_OUTPUT,1647,-29,229342
SWAY_PERF_OUTPUT,1648,-7,229343
SWAY_PERF_OUTPUT,1649,-16,229344
SWAY_PERF_OUTPUT,1650,-27,229345
SWAY_PERF_OUTPUT,1651,-29,229346
SWAY_PERF_OUTPUT,1652,10,229347
SWAY_PERF_FRAME,28,229291,229347
SWAY_PERF_INPUT_FRAME,32,226509,234108
SWAY_PERF_OUTPUT,1653,7,236891
SWAY_PERF_OUTPUT,1654,8,236892
SWAY_PERF_OUTPUT,1655,8,236893
SWAY_PERF_OUTPUT,1656,8,236894
SWAY_PERF_OUTPUT,1657,13,236895
SWAY_PERF_OUTPUT,1658,17,236896
SWAY_PERF_OUTPUT,1659,20,236897
SWAY_PERF_OUTPUT,1660,2,236898
SWAY_PERF_OUTPUT,1661,-2,236899
SWAY_PERF_OUTPUT,1662,-5,236900
SWAY_PERF_OUTPUT,1663,10,236901
SWAY_PERF_OUTPUT,1664,11,236902
SWAY_PERF_OUTPUT,1665,10,236903
SWAY_PERF_OUTPUT,1666,11,236904
SWAY_PERF_OUTPUT,1667,5,236905
SWAY_PERF_OUTPUT,1668,3,236906
SWAY_PERF_OUTPUT,1669,0,236907
SWAY_PERF_OUTPUT,1670,0,236908
SWAY_PERF_OUTPUT,1671,8,236909
SWAY_PERF_OUTPUT,1672,62,236910
SWAY_PERF_OUTPUT,1673,62,236911
SWAY_PERF_OUTPUT,1674,62,236912
SWAY_PERF_OUTPUT,1675,62,236913
SWAY_PERF_OUTPUT,1676,62,236914
SWAY_PERF_OUTPUT,1677,62,236915
SWAY_PERF_OUTPUT,1678,60,236916
SWAY_PERF_OUTPUT,1679,61,236917
SWAY_PERF_OUTPUT,1680,61,236918
SWAY_PERF_OUTPUT,1681,60,236919
SWAY_PERF_OUTPUT,1682,61,236920
SWAY_PERF_OUTPUT,1683,60,236921
SWAY_PERF_OUTPUT,1684,62,236922
SWAY_PERF_OUTPUT,1685,59,236923
SWAY_PERF_OUTPUT,1686,61,236924
SWAY_PERF_OUTPUT,1687,61,236925
SWAY_PERF_OUTPUT,1688,64,236926
SWAY_PERF_OUTPUT,1689,60,236927
SWAY_PERF_OUTPUT,1690,62,236928
SWAY_PERF_OUTPUT,1691,-6,236929
SWAY_PERF_OUTPUT,1692,4,236930
SWAY_PERF_OUTPUT,1693,14,236931
SWAY_PERF_OUTPUT,1694,18,236932
SWAY_PERF_OUTPUT,1695,10,236933
SWAY_PERF_OUTPUT,1696,6,236934
SWAY_PERF_OUTPUT,1697,-1,236935
SWAY_PERF_OUTPUT,1698,10,236936
SWAY_PERF_OUTPUT,1699,4,236937
SWAY_PERF_OUTPUT,1700,-1,236938
SWAY_PERF_OUTPUT,1701,-5,236939
SWAY_PERF_OUTPUT,1702,-16,236940
SWAY_PERF_OUTPUT,1703,-26,236941
SWAY_PERF_OUTPUT,1704,-29,236942
SWAY_PERF_OUTPUT,1705,-6,236943
SWAY_PERF_OUTPUT,1706,-15,236944
SWAY_PERF_OUTPUT,1707,-26,236945
SWAY_PERF_OUTPUT,1708,-28,236946
SWAY_PERF_OUTPUT,1709,11,236947
SWAY_PERF_FRAME,29,236891,236947
SWAY_PERF_INPUT_FRAME,33,234109,241708
SWAY_PERF_OUTPUT,1710,8,244491
SWAY_PERF_OUTPUT,1711,9,244492
SWAY_PERF_OUTPUT,1712,8,244493
SWAY_PERF_OUTPUT,1713,9,244494
SWAY_PERF_OUTPUT,1714,13,244495
SWAY_PERF_OUTPUT,1715,16,244496
SWAY_PERF_OUTPUT,1716,15,244497
SWAY_PERF_OUTPUT,1717,4,244498
SWAY_PERF_OUTPUT,1718,1,244499
SWAY_PERF_OUTPUT,1719,0,244500
SWAY_PERF_OUTPUT,1720,10,244501
SWAY_PERF_OUTPUT,1721,10,244502
SWAY_PERF_OUTPUT,1722,8,244503
SWAY_PERF_OUTPUT,1723,8,244504
SWAY_PERF_OUTPUT,1724,6,244505
SWAY_PERF_OUTPUT,1725,4,244506
SWAY_PERF_OUTPUT,1726,2,244507
SWAY_PERF_OUTPUT,1727,1,244508
SWAY_PERF_OUTPUT,1728,9,244509
SWAY_PERF_OUTPUT,1729,63,244510
SWAY_PERF_OUTPUT,1730,63,244511
SWAY_PERF_OUTPUT,1731,63,244512
SWAY_PERF_OUTPUT,1732,63,244513
SWAY_PERF_OUTPUT,1733,62,244514
SWAY_PERF_OUTPUT,1734,62,244515
SWAY_PERF_OUTPUT,1735,60,244516
SWAY_PERF_OUTPUT,1736,62,244517
SWAY_PERF_OUTPUT,1737,64,244518
SWAY_PERF_OUTPUT,1738,62,244519
SWAY_PERF_OUTPUT,1739,62,244520
SWAY_PERF_OUTPUT,1740,62,244521
SWAY_PERF_OUTPUT,1741,63,244522
SWAY_PERF_OUTPUT,1742,62,244523
SWAY_PERF_OUTPUT,1743,62,244524
SWAY_PERF_OUTPUT,1744,62,244525
SWAY_PERF_OUTPUT,1745,63,244526
SWAY_PERF_OUTPUT,1746,59,244527
SWAY_PERF_OUTPUT,1747,63,244528
SWAY_PERF_OUTPUT,1748,-8,244529
SWAY_PERF_OUTPUT,1749,2,244530
SWAY_PERF_OUTPUT,1750,13,244531
SWAY_PERF_OUTPUT,1751,17,244532
SWAY_PERF_OUTPUT,1752,9,244533
SWAY_PERF_OUTPUT,1753,2,244534
SWAY_PERF_OUTPUT,1754,-4,244535
SWAY_PERF_OUTPUT,1755,8,244536
SWAY_PERF_OUTPUT,1756,2,244537
SWAY_PERF_OUTPUT,1757,-4,244538
SWAY_PERF_OUTPUT,1758,-7,244539
SWAY_PERF_OUTPUT,1759,-17,244540
SWAY_PERF_OUTPUT,1760,-28,244541
SWAY_PERF_OUTPUT,1761,-30,244542
SWAY_PERF_OUTPUT,1762,-7,244543
SWAY_PERF_OUTPUT,1763,-16,244544
SWAY_PERF_OUTPUT,1764,-26,244545
SWAY_PERF_OUTPUT,1765,-29,244546
SWAY_PERF_OUTPUT,1766,10,244547
SWAY_PERF_FRAME,30,244491,244547
SWAY_PERF_INPUT_FRAME,34,241709,249308
SWAY_PERF_OUTPUT,1767,7,252091
SWAY_PERF_OUTPUT,1768,7,252092
SWAY_PERF_OUTPUT,1769,6,252093
SWAY_PERF_OUTPUT,1770,7,252094
SWAY_PERF_OUTPUT,1771,13,252095
SWAY_PERF_OUTPUT,1772,17,252096
SWAY_PERF_OUTPUT,1773,20,252097
SWAY_PERF_OUTPUT,1774,1,252098
SWAY_PERF_OUTPUT,1775,-3,252099
SWAY_PERF_OUTPUT,1776,-4,252100
SWAY_PERF_OUTPUT,1777,10,252101
SWAY_PERF_OUTPUT,1778,11,252102
SWAY_PERF_OUTPUT,1779,13,252103
SWAY_PERF_OUTPUT,1780,13,252104
SWAY_PERF_OUTPUT,1781,5,252105
SWAY_PERF_OUTPUT,1782,4,252106
SWAY_PERF_OUTPUT,1783,2,252107
SWAY_PERF_OUTPUT,1784,2,252108
SWAY_PERF_OUTPUT,1785,7,252109
SWAY_PERF_OUTPUT,1786,62,252110
SWAY_PERF_OUTPUT,1787,62,252111
SWAY_PERF_OUTPUT,1788,62,252112
SWAY_PERF_OUTPUT,1789,61,252113
SWAY_PERF_OUTPUT,1790,63,252114
SWAY_PERF_OUTPUT,1791,65,252115
SWAY_PERF_OUTPUT,1792,62,252116
SWAY_PERF_OUTPUT,1793,60,252117
SWAY_PERF_OUTPUT,1794,59,252118
SWAY_PERF_OUTPUT,1795,57,252119
SWAY_PERF_OUTPUT,1796,60,252120
SWAY_PERF_OUTPUT,1797,60,252121
SWAY_PERF_OUTPUT,1798,59,252122
SWAY_PERF_OUTPUT,1799,56,252123
SWAY_PERF_OUTPUT,1800,60,252124
SWAY_PERF_OUTPUT,1801,63,252125
SWAY_PERF_OUTPUT,1802,65,252126
SWAY_PERF_OUTPUT,1803,62,252127
SWAY_PERF_OUTPUT,1804,62,252128
SWAY_PERF_OUTPUT,1805,-3,252129
SWAY_PERF_OUTPUT,1806,7,252130
SWAY_PERF_OUTPUT,1807,17,252131
SWAY_PERF_OUTPUT,1808,22,252132
SWAY_PERF_OUTPUT,1809,14,252133
SWAY_PERF_OUTPUT,1810,10,252134
SWAY_PERF_OUTPUT,1811,8,252135
SWAY_PERF_OUTPUT,1812,14,252136
SWAY_PERF_OUTPUT,1813,8,252137
SWAY_PERF_OUTPUT,1814,4,252138
SWAY_PERF_OUTPUT,1815,-2,252139
SWAY_PERF_OUTPUT,1816,-15,252140
SWAY_PERF_OUTPUT,1817,-26,252141
SWAY_PERF_OUTPUT,1818,-28,252142
SWAY_PERF_OUTPUT,1819,-3,252143
SWAY_PERF_OUTPUT,1820,-15,252144
SWAY_PERF_OUTPUT,1821,-26,252145
SWAY_PERF_OUTPUT,1822,-28,252146
SWAY_PERF_OUTPUT,1823,15,252147
SWAY_PERF_FRAME,31,252091,252147
SWAY_PERF_INPUT_FRAME,35,249309,256908
SWAY_PERF_OUTPUT,1824,8,259691
SWAY_PERF_OUTPUT,1825,9,259692
SWAY_PERF_OUTPUT,1826,9,259693
SWAY_PERF_OUTPUT,1827,9,259694
SWAY_PERF_OUTPUT,1828,14,259695
SWAY_PERF_OUTPUT,1829,20,259696
SWAY_PERF_OUTPUT,1830,23,259697
SWAY_PERF_OUTPUT,1831,3,259698
SWAY_PERF_OUTPUT,1832,-4,259699
SWAY_PERF_OUTPUT,1833,-9,259700
SWAY_PERF_OUTPUT,1834,11,259701
SWAY_PERF_OUTPUT,1835,13,259702
SWAY_PERF_OUTPUT,1836,13,259703
SWAY_PERF_OUTPUT,1837,14,259704
SWAY_PERF_OUTPUT,1838,6,259705
SWAY_PERF_OUTPUT,1839,0,259706
SWAY_PERF_OUTPUT,1840,-5,259707
SWAY_PERF_OUTPUT,1841,-5,259708
SWAY_PERF_OUTPUT,1842,9,259709
SWAY_PERF_OUTPUT,1843,62,259710
SWAY_PERF_OUTPUT,1844,61,259711
SWAY_PERF_OUTPUT,1845,60,259712
SWAY_PERF_OUTPUT,1846,59,259713
SWAY_PERF_OUTPUT,1847,59,259714
SWAY_PERF_OUTPUT,1848,59,259715
SWAY_PERF_OUTPUT,1849,58,259716
SWAY_PERF_OUTPUT,1850,60,259717
SWAY_PERF_OUTPUT,1851,60,259718
SWAY_PERF_OUTPUT,1852,59,259719
SWAY_PERF_OUTPUT,1853,60,259720
SWAY_PERF_OUTPUT,1854,58,259721
SWAY_PERF_OUTPUT,1855,61,259722
SWAY_PERF_OUTPUT,1856,59,259723
SWAY_PERF_OUTPUT,1857,61,259724
SWAY_PERF_OUTPUT,1858,59,259725
SWAY_PERF_OUTPUT,1859,61,259726
SWAY_PERF_OUTPUT,1860,58,259727
SWAY_PERF_OUTPUT,1861,60,259728
SWAY_PERF_OUTPUT,1862,-8,259729
SWAY_PERF_OUTPUT,1863,2,259730
SWAY_PERF_OUTPUT,1864,11,259731
SWAY_PERF_OUTPUT,1865,15,259732
SWAY_PERF_OUTPUT,1866,8,259733
SWAY_PERF_OUTPUT,1867,6,259734
SWAY_PERF_OUTPUT,1868,5,259735
SWAY_PERF_OUTPUT,1869,8,259736
SWAY_PERF_OUTPUT,1870,6,259737
SWAY_PERF_OUTPUT,1871,8,259738
SWAY_PERF_OUTPUT,1872,-7,259739
SWAY_PERF_OUTPUT,1873,-16,259740
SWAY_PERF_OUTPUT,1874,-27,259741
SWAY_PERF_OUTPUT,1875,-29,259742
SWAY_PERF_OUTPUT,1876,-7,259743
SWAY_PERF_OUTPUT,1877,-14,259744
SWAY_PERF_OUTPUT,1878,-25,259745
SWAY_PERF_OUTPUT,1879,-27,259746
SWAY_PERF_OUTPUT,1880,9,259747
SWAY_PERF_FRAME,32,259691,259747
SWAY_PERF_INPUT_FRAME,36,256909,264508
SWAY_PERF_OUTPUT,1881,4,267291
SWAY_PERF_OUTPUT,1882,4,267292
SWAY_PERF_OUTPUT,1883,3,267293
SWAY_PERF_OUTPUT,1884,3,267294
SWAY_PERF_OUTPUT,1885,9,267295
SWAY_PERF_OUTPUT,1886,16,267296
SWAY_PERF_OUTPUT,1887,19,267297
SWAY_PERF_OUTPUT,1888,-2,267298
SWAY_PERF_OUTPUT,1889,-7,267299
SWAY_PERF_OUTPUT,1890,-8,267300
SWAY_PERF_OUTPUT,1891,7,267301
SWAY_PERF_OUTPUT,1892,11,267302
SWAY_PERF_OUTPUT,1893,13,267303
SWAY_PERF_OUTPUT,1894,14,267304
SWAY_PERF_OUTPUT,1895,2,267305
SWAY_PERF_OUTPUT,1896,-1,267306
SWAY_PERF_OUTPUT,1897,-2,267307
SWAY_PERF_OUTPUT,1898,-2,267308
SWAY_PERF_OUTPUT,1899,3,267309
SWAY_PERF_OUTPUT,1900,61,267310
SWAY_PERF_OUTPUT,1901,61,267311
SWAY_PERF_OUTPUT,1902,60,267312
SWAY_PERF_OUTPUT,1903,60,267313
SWAY_PERF_OUTPUT,1904,60,267314
SWAY_PERF_OUTPUT,1905,61,267315
SWAY_PERF_OUTPUT,1906,59,267316
SWAY_PERF_OUTPUT,1907,59,267317
SWAY_PERF_OUTPUT,1908,59,267318
SWAY_PERF_OUTPUT,1909,58,267319
SWAY_PERF_OUTPUT,1910,60,267320
SWAY_PERF_OUTPUT,1911,59,267321
SWAY_PERF_OUTPUT,1912,60,267322
SWAY_PERF_OUTPUT,1913,57,267323
SWAY_PERF_OUTPUT,1914,60,267324
SWAY_PERF_OUTPUT,1915,59,267325
SWAY_PERF_OUTPUT,1916,62,267326
SWAY_PERF_OUTPUT,1917,59,267327
SWAY_PERF_OUTPUT,1918,60,267328
SWAY_PERF_OUTPUT,1919,-6,267329
SWAY_PERF_OUTPUT,1920,4,267330
SWAY_PERF_OUTPUT,1921,14,267331
SWAY_PERF_OUTPUT,1922,18,267332
SWAY_PERF_OUTPUT,1923,11,267333
SWAY_PERF_OUTPUT,1924,10,267334
SWAY_PERF_OUTPUT,1925,11,267335
SWAY_PERF_OUTPUT,1926,10,267336
SWAY_PERF_OUTPUT,1927,6,267337
SWAY_PERF_OUTPUT,1928,5,267338
SWAY_PERF_OUTPUT,1929,-5,267339
SWAY_PERF_OUTPUT,1930,-15,267340
SWAY_PERF_OUTPUT,1931,-25,267341
SWAY_PERF_OUTPUT,1932,-28,267342
SWAY_PERF_OUTPUT,1933,-6,267343
SWAY_PERF_OUTPUT,1934,-15,267344
SWAY_PERF_OUTPUT,1935,-27,267345
SWAY_PERF_OUTPUT,1936,-29,267346
SWAY_PERF_OUTPUT,1937,12,267347
SWAY_PERF_FRAME,33,267291,267347
SWAY_PERF_INPUT_FRAME,37,264509,272108
SWAY_PERF_OUTPUT,1938,4,274891
SWAY_PERF_OUTPUT,1939,4,274892
SWAY_PERF_OUTPUT,1940,3,274893
SWAY_PERF_OUTPUT,1941,3,274894
SWAY_PERF_OUTPUT,1942,10,274895
SWAY_PERF_OUTPUT,1943,16,274896
SWAY_PERF_OUTPUT,1944,21,274897
SWAY_PERF_OUTPUT,1945,-3,274898
SWAY_PERF_OUTPUT,1946,-10,274899
SWAY_PERF_OUTPUT,1947,-15,274900
SWAY_PERF_OUTPUT,1948,7,274901
SWAY_PERF_OUTPUT,1949,11,274902
SWAY_PERF_OUTPUT,1950,15,274903
SWAY_PERF_OUTPUT,1951,15,274904
SWAY_PERF_OUTPUT,1952,2,274905
SWAY_PERF_OUTPUT,1953,-2,274906
SWAY_PERF_OUTPUT,1954,-5,274907
SWAY_PERF_OUTPUT,1955,-5,274908
SWAY_PERF_OUTPUT,1956,3,274909
SWAY_PERF_OUTPUT,1957,63,274910
SWAY_PERF_OUTPUT,1958,62,274911
SWAY_PERF_OUTPUT,1959,61,274912
SWAY_PERF_OUTPUT,1960,61,274913
SWAY_PERF_OUTPUT,1961,62,274914
SWAY_PERF_OUTPUT,1962,62,274915
SWAY_PERF_OUTPUT,1963,60,274916
SWAY_PERF_OUTPUT,1964,61,274917
SWAY_PERF_OUTPUT,1965,61,274918
SWAY_PERF_OUTPUT,1966,60,274919
SWAY_PERF_OUTPUT,1967,61,274920
SWAY_PERF_OUTPUT,1968,60,274921
SWAY_PERF_OUTPUT,1969,61,274922
SWAY_PERF_OUTPUT,1970,59,274923
SWAY_PERF_OUTPUT,1971,61,274924
SWAY_PERF_OUTPUT,1972,61,274925
SWAY_PERF_OUTPUT,1973,63,274926
SWAY_PERF_OUTPUT,1974,60,274927
SWAY_PERF_OUTPUT,1975,61,274928
SWAY_PERF_OUTPUT,1976,-4,274929
SWAY_PERF_OUTPUT,1977,6,274930
SWAY_PERF_OUTPUT,1978,17,274931
SWAY_PERF_OUTPUT,1979,21,274932
SWAY_PERF_OUTPUT,1980,13,274933
SWAY_PERF_OUTPUT,1981,13,274934
SWAY_PERF_OUTPUT,1982,14,274935
SWAY_PERF_OUTPUT,1983,13,274936
SWAY_PERF_OUTPUT,1984,12,274937
SWAY_PERF_OUTPUT,1985,15,274938
SWAY_PERF_OUTPUT,1986,-3,274939
SWAY_PERF_OUTPUT,1987,-14,274940
SWAY_PERF_OUTPUT,1988,-26,274941
SWAY_PERF_OUTPUT,1989,-28,274942
SWAY_PERF_OUTPUT,1990,-3,274943
SWAY_PERF_OUTPUT,1991,-14,274944
SWAY_PERF_OUTPUT,1992,-26,274945
SWAY_PERF_OUTPUT,1993,-28,274946
SWAY_PERF_OUTPUT,1994,14,274947
SWAY_PERF_FRAME,34,274891,274947
SWAY_PERF_INPUT_FRAME,38,272109,279708
SWAY_PERF_OUTPUT,1995,8,282491
SWAY_PERF_OUTPUT,1996,9,282492
SWAY_PERF_OUTPUT,1997,8,282493
SWAY_PERF_OUTPUT,1998,8,282494
SWAY_PERF_OUTPUT,1999,14,282495
SWAY_PERF_OUTPUT,2000,19,282496
SWAY_PERF_OUTPUT,2001,21,282497
SWAY_PERF_OUTPUT,2002,3,282498
SWAY_PERF_OUTPUT,2003,0,282499
SWAY_PERF_OUTPUT,2004,-3,282500
SWAY_PERF_OUTPUT,2005,10,282501
SWAY_PERF_OUTPUT,2006,12,282502
SWAY_PERF_OUTPUT,2007,12,282503
SWAY_PERF_OUTPUT,2008,12,282504
SWAY_PERF_OUTPUT,2009,6,282505
SWAY_PERF_OUTPUT,2010,3,282506
SWAY_PERF_OUTPUT,2011,0,282507
SWAY_PERF_OUTPUT,2012,-1,282508
SWAY_PERF_OUTPUT,2013,9,282509
SWAY_PERF_OUTPUT,2014,61,282510
SWAY_PERF_OUTPUT,2015,62,282511
SWAY_PERF_OUTPUT,2016,61,282512
SWAY_PERF_OUTPUT,2017,61,282513
SWAY_PERF_OUTPUT,2018,61,282514
SWAY_PERF_OUTPUT,2019,61,282515
SWAY_PERF_OUTPUT,2020,59,282516
SWAY_PERF_OUTPUT,2021,60,282517
SWAY_PERF_OUTPUT,2022,61,282518
SWAY_PERF_OUTPUT,2023,60,282519
SWAY_PERF_OUTPUT,2024,60,282520
SWAY_PERF_OUTPUT,2025,60,282521
SWAY_PERF_OUTPUT,2026,62,282522
SWAY_PERF_OUTPUT,2027,60,282523
SWAY_PERF_OUTPUT,2028,61,282524
SWAY_PERF_OUTPUT,2029,61,282525
SWAY_PERF_OUTPUT,2030,62,282526
SWAY_PERF_OUTPUT,2031,58,282527
SWAY_PERF_OUTPUT,2032,61,282528
SWAY_PERF_OUTPUT,2033,-6,282529
SWAY_PERF_OUTPUT,2034,3,282530
SWAY_PERF_OUTPUT,2035,14,282531
SWAY_PERF_OUTPUT,2036,17,282532
SWAY_PERF_OUTPUT,2037,10,282533
SWAY_PERF_OUTPUT,2038,7,282534
SWAY_PERF_OUTPUT,2039,6,282535
SWAY_PERF_OUTPUT,2040,9,282536
SWAY_PERF_OUTPUT,2041,4,282537
SWAY_PERF_OUTPUT,2042,1,282538
SWAY_PERF_OUTPUT,2043,-6,282539
SWAY_PERF_OUTPUT,2044,-16,282540
SWAY_PERF_OUTPUT,2045,-27,282541
SWAY_PERF_OUTPUT,2046,-29,282542
SWAY_PERF_OUTPUT,2047,-6,282543
SWAY_PERF_OUTPUT,2048,-15,282544
SWAY_PERF_OUTPUT,2049,-26,282545
SWAY_PERF_OUTPUT,2050,-28,282546
SWAY_PERF_OUTPUT,2051,11,282547
SWAY_PERF_FRAME,35,282491,282547
SWAY_PERF_INPUT_FRAME,39,279709,287308
SWAY_PERF_OUTPUT,2052,9,290091
SWAY_PERF_OUTPUT,2053,9,290092
SWAY_PERF_OUTPUT,2054,8,290093
SWAY_PERF_OUTPUT,2055,9,290094
SWAY_PERF_OUTPUT,2056,15,290095
SWAY_PERF_OUTPUT,2057,18,290096
SWAY_PERF_OUTPUT,2058,19,290097
SWAY_PERF_OUTPUT,2059,4,290098
SWAY_PERF_OUTPUT,2060,-2,290099
SWAY_PERF_OUTPUT,2061,-5,290100
SWAY_PERF_OUTPUT,2062,10,290101
SWAY_PERF_OUTPUT,2063,11,290102
SWAY_PERF_OUTPUT,2064,11,290103
SWAY_PERF_OUTPUT,2065,11,290104
SWAY_PERF_OUTPUT,2066,6,290105
SWAY_PERF_OUTPUT,2067,4,290106
SWAY_PERF_OUTPUT,2068,2,290107
SWAY_PERF_OUTPUT,2069,2,290108
SWAY_PERF_OUTPUT,2070,9,290109
SWAY_PERF_OUTPUT,2071,64,290110
SWAY_PERF_OUTPUT,2072,65,290111
SWAY_PERF_OUTPUT,2073,65,290112
SWAY_PERF_OUTPUT,2074,65,290113
SWAY_PERF_OUTPUT,2075,65,290114
SWAY_PERF_OUTPUT,2076,66,290115
SWAY_PERF_OUTPUT,2077,64,290116
SWAY_PERF_OUTPUT,2078,64,290117
SWAY_PERF_OUTPUT,2079,65,290118
SWAY_PERF_OUTPUT,2080,63,290119
SWAY_PERF_OUTPUT,2081,63,290120
SWAY_PERF_OUTPUT,2082,65,290121
SWAY_PERF_OUTPUT,2083,63,290122
SWAY_PERF_OUTPUT,2084,61,290123
SWAY_PERF_OUTPUT,2085,63,290124
SWAY_PERF_OUTPUT,2086,67,290125
SWAY_PERF_OUTPUT,2087,66,290126
SWAY_PERF_OUTPUT,2088,63,290127
SWAY_PERF_OUTPUT,2089,65,290128
SWAY_PERF_OUTPUT,2090,-2,290129
SWAY_PERF_OUTPUT,2091,9,290130
SWAY_PERF_OUTPUT,2092,20,290131
SWAY_PERF_OUTPUT,2093,25,290132
SWAY_PERF_OUTPUT,2094,16,290133
SWAY_PERF_OUTPUT,2095,9,290134
SWAY_PERF_OUTPUT,2096,5,290135
SWAY_PERF_OUTPUT,2097,15,290136
SWAY_PERF_OUTPUT,2098,12,290137
SWAY_PERF_OUTPUT,2099,8,290138
SWAY_PERF_OUTPUT,2100,-1,290139
SWAY_PERF_OUTPUT,2101,-15,290140
SWAY_PERF_OUTPUT,2102,-28,290141
SWAY_PERF_OUTPUT,2103,-30,290142
SWAY_PERF_OUTPUT,2104,-1,290143
SWAY_PERF_OUTPUT,2105,-15,290144
SWAY_PERF_OUTPUT,2106,-25,290145
SWAY_PERF_OUTPUT,2107,-29,290146
SWAY_PERF_OUTPUT,2108,17,290147
SWAY_PERF_FRAME,36,290091,290147
SWAY_PERF_INPUT_FRAME,40,287309,294908
SWAY_PERF_OUTPUT,2109,45,297691
SWAY_PERF_OUTPUT,2110,127,297692
SWAY_PERF_OUTPUT,2111,-30,297693
SWAY_PERF_OUTPUT,2112,40,297694
SWAY_PERF_OUTPUT,2113,34,297695
SWAY_PERF_OUTPUT,2114,87,297696
SWAY_PERF_OUTPUT,2115,0,297697
SWAY_PERF_OUTPUT,2116,38,297698
SWAY_PERF_OUTPUT,2117,77,297699
SWAY_PERF_OUTPUT,2118,-2,297700
SWAY_PERF_OUTPUT,2119,28,297701
SWAY_PERF_OUTPUT,2120,70,297702
SWAY_PERF_OUTPUT,2121,-24,297703
SWAY_PERF_OUTPUT,2122,31,297704
SWAY_PERF_OUTPUT,2123,50,297705
SWAY_PERF_OUTPUT,2124,123,297706
SWAY_PERF_OUTPUT,2125,38,297707
SWAY_PERF_OUTPUT,2126,95,297708
SWAY_PERF_OUTPUT,2127,56,297709
SWAY_PERF_OUTPUT,2128,-18,297710
SWAY_PERF_OUTPUT,2129,-5,297711
SWAY_PERF_OUTPUT,2130,-13,297712
SWAY_PERF_OUTPUT,2131,72,297713
SWAY_PERF_OUTPUT,2132,46,297714
SWAY_PERF_OUTPUT,2133,35,297715
SWAY_PERF_OUTPUT,2134,17,297716
SWAY_PERF_OUTPUT,2135,-75,297717
SWAY_PERF_OUTPUT,2136,-6,297718
SWAY_PERF_OUTPUT,2137,-39,297719
SWAY_PERF_OUTPUT,2138,-28,297720
SWAY_PERF_OUTPUT,2139,-27,297721
SWAY_PERF_OUTPUT,2140,-60,297722
SWAY_PERF_OUTPUT,2141,-2,297723
SWAY_PERF_OUTPUT,2142,27,297724
SWAY_PERF_OUTPUT,2143,71,297725
SWAY_PERF_OUTPUT,2144,117,297726
SWAY_PERF_OUTPUT,2145,-2,297727
SWAY_PERF_OUTPUT,2146,-19,297728
SWAY_PERF_OUTPUT,2147,25,297729
SWAY_PERF_OUTPUT,2148,34,297730
SWAY_PERF_OUTPUT,2149,-36,297731
SWAY_PERF_OUTPUT,2150,21,297732
SWAY_PERF_OUTPUT,2151,-36,297733
SWAY_PERF_OUTPUT,2152,96,297734
SWAY_PERF_OUTPUT,2153,-49,297735
SWAY_PERF_OUTPUT,2154,50,297736
SWAY_PERF_OUTPUT,2155,-42,297737
SWAY_PERF_OUTPUT,2156,-96,297738
SWAY_PERF_OUTPUT,2157,0,297739
SWAY_PERF_OUTPUT,2158,27,297740
SWAY_PERF_OUTPUT,2159,-37,297741
SWAY_PERF_OUTPUT,2160,77,297742
SWAY_PERF_OUTPUT,2161,44,297743
SWAY_PERF_OUTPUT,2162,0,297744
SWAY_PERF_OUTPUT,2163,-56,297745
SWAY_PERF_OUTPUT,2164,-77,297746
SWAY_PERF_OUTPUT,2165,42,297747
SWAY_PERF_FRAME,37,297691,297747
SWAY_PERF_INPUT_FRAME,41,294909,302508
SWAY_PERF_OUTPUT,2166,21,305291
SWAY_PERF_OUTPUT,2167,1,305292
SWAY_PERF_OUTPUT,2168,5,305293
SWAY_PERF_OUTPUT,2169,-3,305294
SWAY_PERF_OUTPUT,2170,23,305295
SWAY_PERF_OUTPUT,2171,34,305296
SWAY_PERF_OUTPUT,2172,42,305297
SWAY_PERF_OUTPUT,2173,-2,305298
SWAY_PERF_OUTPUT,2174,-9,305299
SWAY_PERF_OUTPUT,2175,0,305300
SWAY_PERF_OUTPUT,2176,8,305301
SWAY_PERF_OUTPUT,2177,16,305302
SWAY_PERF_OUTPUT,2178,59,305303
SWAY_PERF_OUTPUT,2179,41,305304
SWAY_PERF_OUTPUT,2180,9,305305
SWAY_PERF_OUTPUT,2181,9,305306
SWAY_PERF_OUTPUT,2182,12,305307
SWAY_PERF_OUTPUT,2183,20,305308
SWAY_PERF_OUTPUT,2184,14,305309
SWAY_PERF_OUTPUT,2185,101,305310
SWAY_PERF_OUTPUT,2186,109,305311
SWAY_PERF_OUTPUT,2187,111,305312
SWAY_PERF_OUTPUT,2188,108,305313
SWAY_PERF_OUTPUT,2189,118,305314
SWAY_PERF_OUTPUT,2190,113,305315
SWAY_PERF_OUTPUT,2191,96,305316
SWAY_PERF_OUTPUT,2192,121,305317
SWAY_PERF_OUTPUT,2193,111,305318
SWAY_PERF_OUTPUT,2194,120,305319
SWAY_PERF_OUTPUT,2195,99,305320
SWAY_PERF_OUTPUT,2196,127,305321
SWAY_PERF_OUTPUT,2197,126,305322
SWAY_PERF_OUTPUT,2198,112,305323
SWAY_PERF_OUTPUT,2199,115,305324
SWAY_PERF_OUTPUT,2200,127,305325
SWAY_PERF_OUTPUT,2201,98,305326
SWAY_PERF_OUTPUT,2202,103,305327
SWAY_PERF_OUTPUT,2203,127,305328
SWAY_PERF_OUTPUT,2204,35,305329
SWAY_PERF_OUTPUT,2205,57,305330
SWAY_PERF_OUTPUT,2206,75,305331
SWAY_PERF_OUTPUT,2207,88,305332
SWAY_PERF_OUTPUT,2208,62,305333
SWAY_PERF_OUTPUT,2209,70,305334
SWAY_PERF_OUTPUT,2210,104,305335
SWAY_PERF_OUTPUT,2211,60,305336
SWAY_PERF_OUTPUT,2212,31,305337
SWAY_PERF_OUTPUT,2213,8,305338
SWAY_PERF_OUTPUT,2214,19,305339
SWAY_PERF_OUTPUT,2215,-29,305340
SWAY_PERF_OUTPUT,2216,-52,305341
SWAY_PERF_OUTPUT,2217,-46,305342
SWAY_PERF_OUTPUT,2218,31,305343
SWAY_PERF_OUTPUT,2219,-32,305344
SWAY_PERF_OUTPUT,2220,-54,305345
SWAY_PERF_OUTPUT,2221,-38,305346
SWAY_PERF_OUTPUT,2222,68,305347
SWAY_PERF_FRAME,38,305291,305347
SWAY_PERF_INPUT_FRAME,42,302509,310108
SWAY_PERF_OUTPUT,2223,61,312891
SWAY_PERF_OUTPUT,2224,72,312892
SWAY_PERF_OUTPUT,2225,58,312893
SWAY_PERF_OUTPUT,2226,63,312894
SWAY_PERF_OUTPUT,2227,71,312895
SWAY_PERF_OUTPUT,2228,59,312896
SWAY_PERF_OUTPUT,2229,17,312897
SWAY_PERF_OUTPUT,2230,69,312898
SWAY_PERF_OUTPUT,2231,80,312899
SWAY_PERF_OUTPUT,2232,102,312900
SWAY_PERF_OUTPUT,2233,53,312901
SWAY_PERF_OUTPUT,2234,68,312902
SWAY_PERF_OUTPUT,2235,58,312903
SWAY_PERF_OUTPUT,2236,56,312904
SWAY_PERF_OUTPUT,2237,48,312905
SWAY_PERF_OUTPUT,2238,37,312906
SWAY_PERF_OUTPUT,2239,13,312907
SWAY_PERF_OUTPUT,2240,20,312908
SWAY_PERF_OUTPUT,2241,73,312909
SWAY_PERF_OUTPUT,2242,118,312910
SWAY_PERF_OUTPUT,2243,127,312911
SWAY_PERF_OUTPUT,2244,127,312912
SWAY_PERF_OUTPUT,2245,127,312913
SWAY_PERF_OUTPUT,2246,127,312914
SWAY_PERF_OUTPUT,2247,116,312915
SWAY_PERF_OUTPUT,2248,88,312916
SWAY_PERF_OUTPUT,2249,127,312917
SWAY_PERF_OUTPUT,2250,120,312918
SWAY_PERF_OUTPUT,2251,119,312919
SWAY_PERF_OUTPUT,2252,127,312920
SWAY_PERF_OUTPUT,2253,110,312921
SWAY_PERF_OUTPUT,2254,121,312922
SWAY_PERF_OUTPUT,2255,118,312923
SWAY_PERF_OUTPUT,2256,127,312924
SWAY_PERF_OUTPUT,2257,127,312925
SWAY_PERF_OUTPUT,2258,127,312926
SWAY_PERF_OUTPUT,2259,127,312927
SWAY_PERF_OUTPUT,2260,127,312928
SWAY_PERF_OUTPUT,2261,-21,312929
SWAY_PERF_OUTPUT,2262,-2,312930
SWAY_PERF_OUTPUT,2263,32,312931
SWAY_PERF_OUTPUT,2264,32,312932
SWAY_PERF_OUTPUT,2265,17,312933
SWAY_PERF_OUTPUT,2266,-14,312934
SWAY_PERF_OUTPUT,2267,-22,312935
SWAY_PERF_OUTPUT,2268,-12,312936
SWAY_PERF_OUTPUT,2269,-47,312937
SWAY_PERF_OUTPUT,2270,-38,312938
SWAY_PERF_OUTPUT,2271,-36,312939
SWAY_PERF_OUTPUT,2272,-46,312940
SWAY_PERF_OUTPUT,2273,-81,312941
SWAY_PERF_OUTPUT,2274,-67,312942
SWAY_PERF_OUTPUT,2275,-17,312943
SWAY_PERF_OUTPUT,2276,-41,312944
SWAY_PERF_OUTPUT,2277,-65,312945
SWAY_PERF_OUTPUT,2278,-78,312946
SWAY_PERF_OUTPUT,2279,21,312947
SWAY_PERF_FRAME,39,312891,312947
SWAY_PERF_INPUT_FRAME,43,310109,317708
SWAY_PERF_OUTPUT,2280,7,320491
SWAY_PERF_OUTPUT,2281,7,320492
SWAY_PERF_OUTPUT,2282,6,320493
SWAY_PERF_OUTPUT,2283,6,320494
SWAY_PERF_OUTPUT,2284,12,320495
SWAY_PERF_OUTPUT,2285,16,320496
SWAY_PERF_OUTPUT,2286,19,320497
SWAY_PERF_OUTPUT,2287,1,320498
SWAY_PERF_OUTPUT,2288,-2,320499
SWAY_PERF_OUTPUT,2289,-3,320500
SWAY_PERF_OUTPUT,2290,9,320501
SWAY_PERF_OUTPUT,2291,10,320502
SWAY_PERF_OUTPUT,2292,11,320503
SWAY_PERF_OUTPUT,2293,11,320504
SWAY_PERF_OUTPUT,2294,4,320505
SWAY_PERF_OUTPUT,2295,2,320506
SWAY_PERF_OUTPUT,2296,0,320507
SWAY_PERF_OUTPUT,2297,0,320508
SWAY_PERF_OUTPUT,2298,7,320509
SWAY_PERF_OUTPUT,2299,63,320510
SWAY_PERF_OUTPUT,2300,63,320511
SWAY_PERF_OUTPUT,2301,63,320512
SWAY_PERF_OUTPUT,2302,62,320513
SWAY_PERF_OUTPUT,2303,62,320514
SWAY_PERF_OUTPUT,2304,63,320515
SWAY_PERF_OUTPUT,2305,61,320516
SWAY_PERF_OUTPUT,2306,62,320517
SWAY_PERF_OUTPUT,2307,63,320518
SWAY_PERF_OUTPUT,2308,61,320519
SWAY_PERF_OUTPUT,2309,62,320520
SWAY_PERF_OUTPUT,2310,62,320521
SWAY_PERF_OUTPUT,2311,63,320522
SWAY_PERF_OUTPUT,2312,61,320523
SWAY_PERF_OUTPUT,2313,62,320524
SWAY_PERF_OUTPUT,2314,62,320525
SWAY_PERF_OUTPUT,2315,63,320526
SWAY_PERF_OUTPUT,2316,60,320527
SWAY_PERF_OUTPUT,2317,63,320528
SWAY_PERF_OUTPUT,2318,-7,320529
SWAY_PERF_OUTPUT,2319,2,320530
SWAY_PERF_OUTPUT,2320,13,320531
SWAY_PERF_OUTPUT,2321,17,320532
SWAY_PERF_OUTPUT,2322,9,320533
SWAY_PERF_OUTPUT,2323,5,320534
SWAY_PERF_OUTPUT,2324,2,320535
SWAY_PERF_OUTPUT,2325,9,320536
SWAY_PERF_OUTPUT,2326,2,320537
SWAY_PERF_OUTPUT,2327,-4,320538
SWAY_PERF_OUTPUT,2328,-7,320539
SWAY_PERF_OUTPUT,2329,-17,320540
SWAY_PERF_OUTPUT,2330,-28,320541
SWAY_PERF_OUTPUT,2331,-29,320542
SWAY_PERF_OUTPUT,2332,-7,320543
SWAY_PERF_OUTPUT,2333,-16,320544
SWAY_PERF_OUTPUT,2334,-27,320545
SWAY_PERF_OUTPUT,2335,-29,320546
SWAY_PERF_OUTPUT,2336,10,320547
SWAY_PERF_FRAME,40,320491,320547
SWAY_PERF_INPUT_FRAME,44,317709,325308
SWAY_PERF_OUTPUT,2337,7,328091
SWAY_PERF_OUTPUT,2338,7,328092
SWAY_PERF_OUTPUT,2339,6,328093
SWAY_PERF_OUTPUT,2340,6,328094
SWAY_PERF_OUTPUT,2341,12,328095
SWAY_PERF_OUTPUT,2342,16,328096
SWAY_PERF_OUTPUT,2343,19,328097
SWAY_PERF_OUTPUT,2344,1,328098
SWAY_PERF_OUTPUT,2345,-2,328099
SWAY_PERF_OUTPUT,2346,-3,328100
SWAY_PERF_OUTPUT,2347,9,328101
SWAY_PERF_OUTPUT,2348,10,328102
SWAY_PERF_OUTPUT,2349,11,328103
SWAY_PERF_OUTPUT,2350,11,328104
SWAY_PERF_OUTPUT,2351,4,328105
SWAY_PERF_OUTPUT,2352,2,328106
SWAY_PERF_OUTPUT,2353,0,328107
SWAY_PERF_OUTPUT,2354,0,328108
SWAY_PERF_OUTPUT,2355,7,328109
SWAY_PERF_OUTPUT,2356,63,328110
SWAY_PERF_OUTPUT,2357,63,328111
SWAY_PERF_OUTPUT,2358,63,328112
SWAY_PERF_OUTPUT,2359,62,328113
SWAY_PERF_OUTPUT,2360,62,328114
SWAY_PERF_OUTPUT,2361,63,328115
SWAY_PERF_OUTPUT,2362,61,328116
SWAY_PERF_OUTPUT,2363,62,328117
SWAY_PERF_OUTPUT,2364,63,328118
SWAY_PERF_OUTPUT,2365,61,328119
SWAY_PERF_OUTPUT,2366,62,328120
SWAY_PERF_OUTPUT,2367,62,328121
SWAY_PERF_OUTPUT,2368,63,328122
SWAY_PERF_OUTPUT,2369,61,328123
SWAY_PERF_OUTPUT,2370,62,328124
SWAY_PERF_OUTPUT,2371,62,328125
SWAY_PERF_OUTPUT,2372,63,328126
SWAY_PERF_OUTPUT,2373,60,328127
SWAY_PERF_OUTPUT,2374,63,328128
SWAY_PERF_OUTPUT,2375,-7,328129
SWAY_PERF_OUTPUT,2376,2,328130
SWAY_PERF_OUTPUT,2377,13,328131
SWAY_PERF_OUTPUT,2378,17,328132
SWAY_PERF_OUTPUT,2379,9,328133
SWAY_PERF_OUTPUT,2380,5,328134
SWAY_PERF_OUTPUT,2381,2,328135
SWAY_PERF_OUTPUT,2382,9,328136
SWAY_PERF_OUTPUT,2383,2,328137
SWAY_PERF_OUTPUT,2384,-4,328138
SWAY_PERF_OUTPUT,2385,-7,328139
SWAY_PERF_OUTPUT,2386,-17,328140
SWAY_PERF_OUTPUT,2387,-28,328141
SWAY_PERF_OUTPUT,2388,-29,328142
SWAY_PERF_OUTPUT,2389,-7,328143
SWAY_PERF_OUTPUT,2390,-16,328144
SWAY_PERF_OUTPUT,2391,-27,328145
SWAY_PERF_OUTPUT,2392,-29,328146
SWAY_PERF_OUTPUT,2393,10,328147
SWAY_PERF_FRAME,41,328091,328147
SWAY_PERF_INPUT_FRAME,45,325309,332908
SWAY_PERF_OUTPUT,2394,7,335691
SWAY_PERF_OUTPUT,2395,7,335692
SWAY_PERF_OUTPUT,2396,6,335693
SWAY_PERF_OUTPUT,2397,6,335694
SWAY_PERF_OUTPUT,2398,12,335695
SWAY_PERF_OUTPUT,2399,16,335696
SWAY_PERF_OUTPUT,2400,19,335697
SWAY_PERF_OUTPUT,2401,1,335698
SWAY_PERF_OUTPUT,2402,-2,335699
SWAY_PERF_OUTPUT,2403,-3,335700
SWAY_PERF_OUTPUT,2404,9,335701
SWAY_PERF_OUTPUT,2405,10,335702
SWAY_PERF_OUTPUT,2406,11,335703
SWAY_PERF_OUTPUT,2407,11,335704
SWAY_PERF_OUTPUT,2408,4,335705
SWAY_PERF_OUTPUT,2409,2,335706
SWAY_PERF_OUTPUT,2410,0,335707
SWAY_PERF_OUTPUT,2411,0,335708
SWAY_PERF_OUTPUT,2412,7,335709
SWAY_PERF_OUTPUT,2413,63,335710
SWAY_PERF_OUTPUT,2414,63,335711
SWAY_PERF_OUTPUT,2415,63,335712
SWAY_PERF_OUTPUT,2416,62,335713
SWAY_PERF_OUTPUT,2417,62,335714
SWAY_PERF_OUTPUT,2418,63,335715
SWAY_PERF_OUTPUT,2419,61,335716
SWAY_PERF_OUTPUT,2420,62,335717
SWAY_PERF_OUTPUT,2421,63,335718
SWAY_PERF_OUTPUT,2422,61,335719
SWAY_PERF_OUTPUT,2423,62,335720
SWAY_PERF_OUTPUT,2424,62,335721
SWAY_PERF_OUTPUT,2425,63,335722
SWAY_PERF_OUTPUT,2426,61,335723
SWAY_PERF_OUTPUT,2427,62,335724
SWAY_PERF_OUTPUT,2428,62,335725
SWAY_PERF_OUTPUT,2429,63,335726
SWAY_PERF_OUTPUT,2430,60,335727
SWAY_PERF_OUTPUT,2431,63,335728
SWAY_PERF_OUTPUT,2432,-7,335729
SWAY_PERF_OUTPUT,2433,2,335730
SWAY_PERF_OUTPUT,2434,13,335731
SWAY_PERF_OUTPUT,2435,17,335732
SWAY_PERF_OUTPUT,2436,9,335733
SWAY_PERF_OUTPUT,2437,5,335734
SWAY_PERF_OUTPUT,2438,2,335735
SWAY_PERF_OUTPUT,2439,9,335736
SWAY_PERF_OUTPUT,2440,2,335737
SWAY_PERF_OUTPUT,2441,-4,335738
SWAY_PERF_OUTPUT,2442,-7,335739
SWAY_PERF_OUTPUT,2443,-17,335740
SWAY_PERF_OUTPUT,2444,-28,335741
SWAY_PERF_OUTPUT,2445,-29,335742
SWAY_PERF_OUTPUT,2446,-7,335743
SWAY_PERF_OUTPUT,2447,-16,335744
SWAY_PERF_OUTPUT,2448,-27,335745
SWAY_PERF_OUTPUT,2449,-29,335746
SWAY_PERF_OUTPUT,2450,10,335747
SWAY_PERF_FRAME,42,335691,335747
SWAY_PERF_INPUT_FRAME,46,332909,340508
SWAY_PERF_OUTPUT,2451,7,343291
SWAY_PERF_OUTPUT,2452,8,343292
SWAY_PERF_OUTPUT,2453,8,343293
SWAY_PERF_OUTPUT,2454,8,343294
SWAY_PERF_OUTPUT,2455,13,343295
SWAY_PERF_OUTPUT,2456,17,343296
SWAY_PERF_OUTPUT,2457,20,343297
SWAY_PERF_OUTPUT,2458,2,343298
SWAY_PERF_OUTPUT,2459,-2,343299
SWAY_PERF_OUTPUT,2460,-5,343300
SWAY_PERF_OUTPUT,2461,10,343301
SWAY_PERF_OUTPUT,2462,11,343302
SWAY_PERF_OUTPUT,2463,10,343303
SWAY_PERF_OUTPUT,2464,11,343304
SWAY_PERF_OUTPUT,2465,5,343305
SWAY_PERF_OUTPUT,2466,3,343306
SWAY_PERF_OUTPUT,2467,0,343307
SWAY_PERF_OUTPUT,2468,0,343308
SWAY_PERF_OUTPUT,2469,8,343309
SWAY_PERF_OUTPUT,2470,62,343310
SWAY_PERF_OUTPUT,2471,62,343311
SWAY_PERF_OUTPUT,2472,62,343312
SWAY_PERF_OUTPUT,2473,62,343313
SWAY_PERF_OUTPUT,2474,62,343314
SWAY_PERF_OUTPUT,2475,62,343315
SWAY_PERF_OUTPUT,2476,60,343316
SWAY_PERF_OUTPUT,2477,61,343317
SWAY_PERF_OUTPUT,2478,61,343318
SWAY_PERF_OUTPUT,2479,60,343319
SWAY_PERF_OUTPUT,2480,61,343320
SWAY_PERF_OUTPUT,2481,60,343321
SWAY_PERF_OUTPUT,2482,62,343322
SWAY_PERF_OUTPUT,2483,59,343323
SWAY_PERF_OUTPUT,2484,61,343324
SWAY_PERF_OUTPUT,2485,61,343325
SWAY_PERF_OUTPUT,2486,64,343326
SWAY_PERF_OUTPUT,2487,60,343327
SWAY_PERF_OUTPUT,2488,62,343328
SWAY_PERF_OUTPUT,2489,-6,343329
SWAY_PERF_OUTPUT,2490,4,343330
SWAY_PERF_OUTPUT,2491,14,343331
SWAY_PERF_OUTPUT,2492,18,343332
SWAY_PERF_OUTPUT,2493,10,343333
SWAY_PERF_OUTPUT,2494,6,343334
SWAY_PERF_OUTPUT,2495,-1,343335
SWAY_PERF_OUTPUT,2496,10,343336
SWAY_PERF_OUTPUT,2497,4,343337
SWAY_PERF_OUTPUT,2498,-1,343338
SWAY_PERF_OUTPUT,2499,-5,343339
SWAY_PERF_OUTPUT,2500,-16,343340
SWAY_PERF_OUTPUT,2501,-26,343341
SWAY_PERF_OUTPUT,2502,-29,343342
SWAY_PERF_OUTPUT,2503,-6,343343
SWAY_PERF_OUTPUT,2504,-15,343344
SWAY_PERF_OUTPUT,2505,-26,343345
SWAY_PERF_OUTPUT,2506,-28,343346
SWAY_PERF_OUTPUT,2507,11,343347
SWAY_PERF_FRAME,43,343291,343347
SWAY_PERF_INPUT_FRAME,47,340509,348108
SWAY_PERF_OUTPUT,2508,8,350891
SWAY_PERF_OUTPUT,2509,9,350892
SWAY_PERF_OUTPUT,2510,8,350893
SWAY_PERF_OUTPUT,2511,9,350894
SWAY_PERF_OUTPUT,2512,13,350895
SWAY_PERF_OUTPUT,2513,16,350896
SWAY_PERF_OUTPUT,2514,15,350897
SWAY_PERF_OUTPUT,2515,4,350898
SWAY_PERF_OUTPUT,2516,1,350899
SWAY_PERF_OUTPUT,2517,0,350900
SWAY_PERF_OUTPUT,2518,10,350901
SWAY_PERF_OUTPUT,2519,10,350902
SWAY_PERF_OUTPUT,2520,8,350903
SWAY_PERF_OUTPUT,2521,8,350904
SWAY_PERF_OUTPUT,2522,6,350905
SWAY_PERF_OUTPUT,2523,4,350906
SWAY_PERF_OUTPUT,2524,2,350907
SWAY_PERF_OUTPUT,2525,1,350908
SWAY_PERF_OUTPUT,2526,9,350909
SWAY_PERF_OUTPUT,2527,63,350910
SWAY_PERF_OUTPUT,2528,63,350911
SWAY_PERF_OUTPUT,2529,63,350912
SWAY_PERF_OUTPUT,2530,63,350913
SWAY_PERF_OUTPUT,2531,62,350914
SWAY_PERF_OUTPUT,2532,62,350915
SWAY_PERF_OUTPUT,2533,60,350916
SWAY_PERF_OUTPUT,2534,62,350917
SWAY_PERF_OUTPUT,2535,64,350918
SWAY_PERF_OUTPUT,2536,62,350919
SWAY_PERF_OUTPUT,2537,62,350920
SWAY_PERF_OUTPUT,2538,62,350921
SWAY_PERF_OUTPUT,2539,63,350922
SWAY_PERF_OUTPUT,2540,62,350923
SWAY_PERF_OUTPUT,2541,62,350924
SWAY_PERF_OUTPUT,2542,62,350925
SWAY_PERF_OUTPUT,2543,63,350926
SWAY_PERF_OUTPUT,2544,59,350927
SWAY_PERF_OUTPUT,2545,63,350928
SWAY_PERF_OUTPUT,2546,-8,350929
SWAY_PERF_OUTPUT,2547,2,350930
SWAY_PERF_OUTPUT,2548,13,350931
SWAY_PERF_OUTPUT,2549,17,350932
SWAY_PERF_OUTPUT,2550,9,350933
SWAY_PERF_OUTPUT,2551,2,350934
SWAY_PERF_OUTPUT,2552,-4,350935
SWAY_PERF_OUTPUT,2553,8,350936
SWAY_PERF_OUTPUT,2554,2,350937
SWAY_PERF_OUTPUT,2555,-4,350938
SWAY_PERF_OUTPUT,2556,-7,350939
SWAY_PERF_OUTPUT,2557,-17,350940
SWAY_PERF_OUTPUT,2558,-28,350941
SWAY_PERF_OUTPUT,2559,-30,350942
SWAY_PERF_OUTPUT,2560,-7,350943
SWAY_PERF_OUTPUT,2561,-16,350944
SWAY_PERF_OUTPUT,2562,-26,350945
SWAY_PERF_OUTPUT,2563,-29,350946
SWAY_PERF_OUTPUT,2564,10,350947
SWAY_PERF_FRAME,44,350891,350947
SWAY_PERF_INPUT_FRAME,48,348109,355708
SWAY_PERF_OUTPUT,2565,7,358491
SWAY_PERF_OUTPUT,2566,7,358492
SWAY_PERF_OUTPUT,2567,6,358493
SWAY_PERF_OUTPUT,2568,7,358494
SWAY_PERF_OUTPUT,2569,13,358495
SWAY_PERF_OUTPUT,2570,17,358496
SWAY_PERF_OUTPUT,2571,20,358497
SWAY_PERF_OUTPUT,2572,1,358498
SWAY_PERF_OUTPUT,2573,-3,358499
SWAY_PERF_OUTPUT,2574,-4,358500
SWAY_PERF_OUTPUT,2575,10,358501
SWAY_PERF_OUTPUT,2576,11,358502
SWAY_PERF_OUTPUT,2577,13,358503
SWAY_PERF_OUTPUT,2578,13,358504
SWAY_PERF_OUTPUT,2579,5,358505
SWAY_PERF_OUTPUT,2580,4,358506
SWAY_PERF_OUTPUT,2581,2,358507
SWAY_PERF_OUTPUT,2582,2,358508
SWAY_PERF_OUTPUT,2583,7,358509
SWAY_PERF_OUTPUT,2584,62,358510
SWAY_PERF_OUTPUT,2585,62,358511
SWAY_PERF_OUTPUT,2586,62,358512
SWAY_PERF_OUTPUT,2587,61,358513
SWAY_PERF_OUTPUT,2588,63,358514
SWAY_PERF_OUTPUT,2589,65,358515
SWAY_PERF_OUTPUT,2590,62,358516
SWAY_PERF_OUTPUT,2591,60,358517
SWAY_PERF_OUTPUT,2592,59,358518
SWAY_PERF_OUTPUT,2593,57,358519
SWAY_PERF_OUTPUT,2594,60,358520
SWAY_PERF_OUTPUT,2595,60,358521
SWAY_PERF_OUTPUT,2596,59,358522
SWAY_PERF_OUTPUT,2597,56,358523
SWAY_PERF_OUTPUT,2598,60,358524
SWAY_PERF_OUTPUT,2599,63,358525
SWAY_PERF_OUTPUT,2600,65,358526
SWAY_PERF_OUTPUT,2601,62,358527
SWAY_PERF_OUTPUT,2602,62,358528
SWAY_PERF_OUTPUT,2603,-3,358529
SWAY_PERF_OUTPUT,2604,7,358530
SWAY_PERF_OUTPUT,2605,17,358531
SWAY_PERF_OUTPUT,2606,22,358532
SWAY_PERF_OUTPUT,2607,14,358533
SWAY_PERF_OUTPUT,2608,10,358534
SWAY_PERF_OUTPUT,2609,8,358535
SWAY_PERF_OUTPUT,2610,14,358536
SWAY_PERF_OUTPUT,2611,8,358537
SWAY_PERF_OUTPUT,2612,4,358538
SWAY_PERF_OUTPUT,2613,-2,358539
SWAY_PERF_OUTPUT,2614,-15,358540
SWAY_PERF_OUTPUT,2615,-26,358541
SWAY_PERF_OUTPUT,2616,-28,358542
SWAY_PERF_OUTPUT,2617,-3,358543
SWAY_PERF_OUTPUT,2618,-15,358544
SWAY_PERF_OUTPUT,2619,-26,358545
SWAY_PERF_OUTPUT,2620,-28,358546
SWAY_PERF_OUTPUT,2621,15,358547
SWAY_PERF_FRAME,45,358491,358547
SWAY_PERF_INPUT_FRAME,49,355709,363308
SWAY_PERF_OUTPUT,2622,8,366091
SWAY_PERF_OUTPUT,2623,9,366092
SWAY_PERF_OUTPUT,2624,9,366093
SWAY_PERF_OUTPUT,2625,9,366094
SWAY_PERF_OUTPUT,2626,14,366095
SWAY_PERF_OUTPUT,2627,20,366096
SWAY_PERF_OUTPUT,2628,23,366097
SWAY_PERF_OUTPUT,2629,3,366098
SWAY_PERF_OUTPUT,2630,-4,366099
SWAY_PERF_OUTPUT,2631,-9,366100
SWAY_PERF_OUTPUT,2632,11,366101
SWAY_PERF_OUTPUT,2633,13,366102
SWAY_PERF_OUTPUT,2634,13,366103
SWAY_PERF_OUTPUT,2635,14,366104
SWAY_PERF_OUTPUT,2636,6,366105
SWAY_PERF_OUTPUT,2637,0,366106
SWAY_PERF_OUTPUT,2638,-5,366107
SWAY_PERF_OUTPUT,2639,-5,366108
SWAY_PERF_OUTPUT,2640,9,366109
SWAY_PERF_OUTPUT,2641,62,366110
SWAY_PERF_OUTPUT,2642,61,366111
SWAY_PERF_OUTPUT,2643,60,366112
SWAY_PERF_OUTPUT,2644,59,366113
SWAY_PERF_OUTPUT,2645,59,366114
SWAY_PERF_OUTPUT,2646,59,366115
SWAY_PERF_OUTPUT,2647,58,366116
SWAY_PERF_OUTPUT,2648,60,366117
SWAY_PERF_OUTPUT,2649,60,366118
SWAY_PERF_OUTPUT,2650,59,366119
SWAY_PERF_OUTPUT,2651,60,366120
SWAY_PERF_OUTPUT,2652,58,366121
SWAY_PERF_OUTPUT,2653,61,366122
SWAY_PERF_OUTPUT,2654,59,366123
SWAY_PERF_OUTPUT,2655,61,366124
SWAY_PERF_OUTPUT,2656,59,366125
SWAY_PERF_OUTPUT,2657,61,366126
SWAY_PERF_OUTPUT,2658,58,366127
SWAY_PERF_OUTPUT,2659,60,366128
SWAY_PERF_OUTPUT,2660,-8,366129
SWAY_PERF_OUTPUT,2661,2,366130
SWAY_PERF_OUTPUT,2662,11,366131
SWAY_PERF_OUTPUT,2663,15,366132
SWAY_PERF_OUTPUT,2664,8,366133
SWAY_PERF_OUTPUT,2665,6,366134
SWAY_PERF_OUTPUT,2666,5,366135
SWAY_PERF_OUTPUT,2667,8,366136
SWAY_PERF_OUTPUT,2668,6,366137
SWAY_PERF_OUTPUT,2669,8,366138
SWAY_PERF_OUTPUT,2670,-7,366139
SWAY_PERF_OUTPUT,2671,-16,366140
SWAY_PERF_OUTPUT,2672,-27,366141
SWAY_PERF_OUTPUT,2673,-29,366142
SWAY_PERF_OUTPUT,2674,-7,366143
SWAY_PERF_OUTPUT,2675,-14,366144
SWAY_PERF_OUTPUT,2676,-25,366145
SWAY_PERF_OUTPUT,2677,-27,366146
SWAY_PERF_OUTPUT,2678,9,366147
SWAY_PERF_FRAME,46,366091,366147
SWAY_PERF_INPUT_FRAME,50,363309,370908
SWAY_PERF_OUTPUT,2679,4,373691
SWAY_PERF_OUTPUT,2680,4,373692
SWAY_PERF_OUTPUT,2681,3,373693
SWAY_PERF_OUTPUT,2682,3,373694
SWAY_PERF_OUTPUT,2683,9,373695
SWAY_PERF_OUTPUT,2684,16,373696
SWAY_PERF_OUTPUT,2685,19,373697
SWAY_PERF_OUTPUT,2686,-2,373698
SWAY_PERF_OUTPUT,2687,-7,373699
SWAY_PERF_OUTPUT,2688,-8,373700
SWAY_PERF_OUTPUT,2689,7,373701
SWAY_PERF_OUTPUT,2690,11,373702
SWAY_PERF_OUTPUT,2691,13,373703
SWAY_PERF_OUTPUT,2692,14,373704
SWAY_PERF_OUTPUT,2693,2,373705
SWAY_PERF_OUTPUT,2694,-1,373706
SWAY_PERF_OUTPUT,2695,-2,373707
SWAY_PERF_OUTPUT,2696,-2,373708
SWAY_PERF_OUTPUT,2697,3,373709
SWAY_PERF_OUTPUT,2698,61,373710
SWAY_PERF_OUTPUT,2699,61,373711
SWAY_PERF_OUTPUT,2700,60,373712
SWAY_PERF_OUTPUT,2701,60,373713
SWAY_PERF_OUTPUT,2702,60,373714
SWAY_PERF_OUTPUT,2703,61,373715
SWAY_PERF_OUTPUT,2704,59,373716
SWAY_PERF_OUTPUT,2705,59,373717
SWAY_PERF_OUTPUT,2706,59,373718
SWAY_PERF_OUTPUT,2707,58,373719
SWAY_PERF_OUTPUT,2708,60,373720
SWAY_PERF_OUTPUT,2709,59,373721
SWAY_PERF_OUTPUT,2710,60,373722
SWAY_PERF_OUTPUT,2711,57,373723
SWAY_PERF_OUTPUT,2712,60,373724
SWAY_PERF_OUTPUT,2713,59,373725
SWAY_PERF_OUTPUT,2714,62,373726
SWAY_PERF_OUTPUT,2715,59,373727
SWAY_PERF_OUTPUT,2716,60,373728
SWAY_PERF_OUTPUT,2717,-6,373729
SWAY_PERF_OUTPUT,2718,4,373730
SWAY_PERF_OUTPUT,2719,14,373731
SWAY_PERF_OUTPUT,2720,18,373732
SWAY_PERF_OUTPUT,2721,11,373733
SWAY_PERF_OUTPUT,2722,10,373734
SWAY_PERF_OUTPUT,2723,11,373735
SWAY_PERF_OUTPUT,2724,10,373736
SWAY_PERF_OUTPUT,2725,6,373737
SWAY_PERF_OUTPUT,2726,5,373738
SWAY_PERF_OUTPUT,2727,-5,373739
SWAY_PERF_OUTPUT,2728,-15,373740
SWAY_PERF_OUTPUT,2729,-25,373741
SWAY_PERF_OUTPUT,2730,-28,373742
SWAY_PERF_OUTPUT,2731,-6,373743
SWAY_PERF_OUTPUT,2732,-15,373744
SWAY_PERF_OUTPUT,2733,-27,373745
SWAY_PERF_OUTPUT,2734,-29,373746
SWAY_PERF_OUTPUT,2735,12,373747
SWAY_PERF_FRAME,47,373691,373747
SWAY_PERF_INPUT_FRAME,51,370909,378508
SWAY_PERF_OUTPUT,2736,4,381291
SWAY_PERF_OUTPUT,2737,4,381292
SWAY_PERF_OUTPUT,2738,3,381293
SWAY_PERF_OUTPUT,2739,3,381294
SWAY_PERF_OUTPUT,2740,10,381295
SWAY_PERF_OUTPUT,2741,16,381296
SWAY_PERF_OUTPUT,2742,21,381297
SWAY_PERF_OUTPUT,2743,-3,381298
SWAY_PERF_OUTPUT,2744,-10,381299
SWAY_PERF_OUTPUT,2745,-15,381300
SWAY_PERF_OUTPUT,2746,7,381301
SWAY_PERF_OUTPUT,2747,11,381302
SWAY_PERF_OUTPUT,2748,15,381303
SWAY_PERF_OUTPUT,2749,15,381304
SWAY_PERF_OUTPUT,2750,2,381305
SWAY_PERF_OUTPUT,2751,-2,381306
SWAY_PERF_OUTPUT,2752,-5,381307
SWAY_PERF_OUTPUT,2753,-5,381308
SWAY_PERF_OUTPUT,2754,3,381309
SWAY_PERF_OUTPUT,2755,63,381310
SWAY_PERF_OUTPUT,2756,62,381311
SWAY_PERF_OUTPUT,2757,61,381312
SWAY_PERF_OUTPUT,2758,61,381313
SWAY_PERF_OUTPUT,2759,62,381314
SWAY_PERF_OUTPUT,2760,62,381315
SWAY_PERF_OUTPUT,2761,60,381316
SWAY_PERF_OUTPUT,2762,61,381317
SWAY_PERF_OUTPUT,2763,61,381318
SWAY_PERF_OUTPUT,2764,60,381319
SWAY_PERF_OUTPUT,2765,61,381320
SWAY_PERF_OUTPUT,2766,60,381321
SWAY_PERF_OUTPUT,2767,61,381322
SWAY_PERF_OUTPUT,2768,59,381323
SWAY_PERF_OUTPUT,2769,61,381324
SWAY_PERF_OUTPUT,2770,61,381325
SWAY_PERF_OUTPUT,2771,63,381326
SWAY_PERF_OUTPUT,2772,60,381327
SWAY_PERF_OUTPUT,2773,61,381328
SWAY_PERF_OUTPUT,2774,-4,381329
SWAY_PERF_OUTPUT,2775,6,381330
SWAY_PERF_OUTPUT,2776,17,381331
SWAY_PERF_OUTPUT,2777,21,381332
SWAY_PERF_OUTPUT,2778,13,381333
SWAY_PERF_OUTPUT,2779,13,381334
SWAY_PERF_OUTPUT,2780,14,381335
SWAY_PERF_OUTPUT,2781,13,381336
SWAY_PERF_OUTPUT,2782,12,381337
SWAY_PERF_OUTPUT,2783,15,381338
SWAY_PERF_OUTPUT,2784,-3,381339
SWAY_PERF_OUTPUT,2785,-14,381340
SWAY_PERF_OUTPUT,2786,-26,381341
SWAY_PERF_OUTPUT,2787,-28,381342
SWAY_PERF_OUTPUT,2788,-3,381343
SWAY_PERF_OUTPUT,2789,-14,381344
SWAY_PERF_OUTPUT,2790,-26,381345
SWAY_PERF_OUTPUT,2791,-28,381346
SWAY_PERF_OUTPUT,2792,14,381347
SWAY_PERF_FRAME,48,381291,381347
SWAY_PERF_INPUT_FRAME,52,378509,386108
SWAY_PERF_OUTPUT,2793,8,388891
SWAY_PERF_OUTPUT,2794,9,388892
SWAY_PERF_OUTPUT,2795,8,388893
SWAY_PERF_OUTPUT,2796,8,388894
SWAY_PERF_OUTPUT,2797,14,388895
SWAY_PERF_OUTPUT,2798,19,388896
SWAY_PERF_OUTPUT,2799,21,388897
SWAY_PERF_OUTPUT,2800,3,388898
SWAY_PERF_OUTPUT,2801,0,388899
SWAY_PERF_OUTPUT,2802,-3,388900
SWAY_PERF_OUTPUT,2803,10,388901
SWAY_PERF_OUTPUT,2804,12,388902
SWAY_PERF_OUTPUT,2805,12,388903
SWAY_PERF_OUTPUT,2806,12,388904
SWAY_PERF_OUTPUT,2807,6,388905
SWAY_PERF_OUTPUT,2808,3,388906
SWAY_PERF_OUTPUT,2809,0,388907
SWAY_PERF_OUTPUT,2810,-1,388908
SWAY_PERF_OUTPUT,2811,9,388909
SWAY_PERF_OUTPUT,2812,61,388910
SWAY_PERF_OUTPUT,2813,62,388911
SWAY_PERF_OUTPUT,2814,61,388912
SWAY_PERF_OUTPUT,2815,61,388913
SWAY_PERF_OUTPUT,2816,61,388914
SWAY_PERF_OUTPUT,2817,61,388915
SWAY_PERF_OUTPUT,2818,59,388916
SWAY_PERF_OUTPUT,2819,60,388917
SWAY_PERF_OUTPUT,2820,61,388918
SWAY_PERF_OUTPUT,2821,60,388919
SWAY_PERF_OUTPUT,2822,60,388920
SWAY_PERF_OUTPUT,2823,60,388921
SWAY_PERF_OUTPUT,2824,62,388922
SWAY_PERF_OUTPUT,2825,60,388923
SWAY_PERF_OUTPUT,2826,61,388924
SWAY_PERF_OUTPUT,2827,61,388925
SWAY_PERF_OUTPUT,2828,62,388926
SWAY_PERF_OUTPUT,2829,58,388927
SWAY_PERF_OUTPUT,2830,61,388928
SWAY_PERF_OUTPUT,2831,-6,388929
SWAY_PERF_OUTPUT,2832,3,388930
SWAY_PERF_OUTPUT,2833,14,388931
SWAY_PERF_OUTPUT,2834,17,388932
SWAY_PERF_OUTPUT,2835,10,388933
SWAY_PERF_OUTPUT,2836,7,388934
SWAY_PERF_OUTPUT,2837,6,388935
SWAY_PERF_OUTPUT,2838,9,388936
SWAY_PERF_OUTPUT,2839,4,388937
SWAY_PERF_OUTPUT,2840,1,388938
SWAY_PERF_OUTPUT,2841,-6,388939
SWAY_PERF_OUTPUT,2842,-16,388940
SWAY_PERF_OUTPUT,2843,-27,388941
SWAY_PERF_OUTPUT,2844,-29,388942
SWAY_PERF_OUTPUT,2845,-6,388943
SWAY_PERF_OUTPUT,2846,-15,388944
SWAY_PERF_OUTPUT,2847,-26,388945
SWAY_PERF_OUTPUT,2848,-28,388946
SWAY_PERF_OUTPUT,2849,11,388947
SWAY_PERF_FRAME,49,388891,388947
SWAY_PERF_INPUT_FRAME,53,386109,393708
SWAY_PERF_OUTPUT,2850,9,396491
SWAY_PERF_OUTPUT,2851,9,396492
SWAY_PERF_OUTPUT,2852,8,396493
SWAY_PERF_OUTPUT,2853,9,396494
SWAY_PERF_OUTPUT,2854,15,396495
SWAY_PERF_OUTPUT,2855,18,396496
SWAY_PERF_OUTPUT,2856,19,396497
SWAY_PERF_OUTPUT,2857,4,396498
SWAY_PERF_OUTPUT,2858,-2,396499
SWAY_PERF_OUTPUT,2859,-5,396500
SWAY_PERF_OUTPUT,2860,10,396501
SWAY_PERF_OUTPUT,2861,11,396502
SWAY_PERF_OUTPUT,2862,11,396503
SWAY_PERF_OUTPUT,2863,11,396504
SWAY_PERF_OUTPUT,2864,6,396505
SWAY_PERF_OUTPUT,2865,4,396506
SWAY_PERF_OUTPUT,2866,2,396507
SWAY_PERF_OUTPUT,2867,2,396508
SWAY_PERF_OUTPUT,2868,9,396509
SWAY_PERF_OUTPUT,2869,64,396510
SWAY_PERF_OUTPUT,2870,65,396511
SWAY_PERF_OUTPUT,2871,65,396512
SWAY_PERF_OUTPUT,2872,65,396513
SWAY_PERF_OUTPUT,2873,65,396514
SWAY_PERF_OUTPUT,2874,66,396515
SWAY_PERF_OUTPUT,2875,64,396516
SWAY_PERF_OUTPUT,2876,64,396517
SWAY_PERF_OUTPUT,2877,65,396518
SWAY_PERF_OUTPUT,2878,63,396519
SWAY_PERF_OUTPUT,2879,63,396520
SWAY_PERF_OUTPUT,2880,65,396521
SWAY_PERF_OUTPUT,2881,63,396522
SWAY_PERF_OUTPUT,2882,61,396523
SWAY_PERF_OUTPUT,2883,63,396524
SWAY_PERF_OUTPUT,2884,67,396525
SWAY_PERF_OUTPUT,2885,66,396526
SWAY_PERF_OUTPUT,2886,63,396527
SWAY_PERF_OUTPUT,2887,65,396528
SWAY_PERF_OUTPUT,2888,-2,396529
SWAY_PERF_OUTPUT,2889,9,396530
SWAY_PERF_OUTPUT,2890,20,396531
SWAY_PERF_OUTPUT,2891,25,396532
SWAY_PERF_OUTPUT,2892,16,396533
SWAY_PERF_OUTPUT,2893,9,396534
SWAY_PERF_OUTPUT,2894,5,396535
SWAY_PERF_OUTPUT,2895,15,396536
SWAY_PERF_OUTPUT,2896,12,396537
SWAY_PERF_OUTPUT,2897,8,396538
SWAY_PERF_OUTPUT,2898,-1,396539
SWAY_PERF_OUTPUT,2899,-15,396540
SWAY_PERF_OUTPUT,2900,-28,396541
SWAY_PERF_OUTPUT,2901,-30,396542
SWAY_PERF_OUTPUT,2902,-1,396543
SWAY_PERF_OUTPUT,2903,-15,396544
SWAY_PERF_OUTPUT,2904,-25,396545
SWAY_PERF_OUTPUT,2905,-29,396546
SWAY_PERF_OUTPUT,2906,17,396547
SWAY_PERF_FRAME,50,396491,396547
SWAY_PERF_INPUT_FRAME,54,393709,401308
SWAY_PERF_OUTPUT,2907,45,404091
SWAY_PERF_OUTPUT,2908,127,404092
SWAY_PERF_OUTPUT,2909,-30,404093
SWAY_PERF_OUTPUT,2910,40,404094
SWAY_PERF_OUTPUT,2911,34,404095
SWAY_PERF_OUTPUT,2912,87,404096
SWAY_PERF_OUTPUT,2913,0,404097
SWAY_PERF_OUTPUT,2914,38,404098
SWAY_PERF_OUTPUT,2915,77,404099
SWAY_PERF_OUTPUT,2916,-2,404100
SWAY_PERF_OUTPUT,2917,28,404101
SWAY_PERF_OUTPUT,2918,70,404102
SWAY_PERF_OUTPUT,2919,-24,404103
SWAY_PERF_OUTPUT,2920,31,404104
SWAY_PERF_OUTPUT,2921,50,404105
SWAY_PERF_OUTPUT,2922,123,404106
SWAY_PERF_OUTPUT,2923,38,404107
SWAY_PERF_OUTPUT,2924,95,404108
SWAY_PERF_OUTPUT,2925,56,404109
SWAY_PERF_OUTPUT,2926,-18,404110
SWAY_PERF_OUTPUT,2927,-5,404111
SWAY_PERF_OUTPUT,2928,-13,404112
SWAY_PERF_OUTPUT,2929,72,404113
SWAY_PERF_OUTPUT,2930,46,404114
SWAY_PERF_OUTPUT,2931,35,404115
SWAY_PERF_OUTPUT,2932,17,404116
SWAY_PERF_OUTPUT,2933,-75,404117
SWAY_PERF_OUTPUT,2934,-6,404118
SWAY_PERF_OUTPUT,2935,-39,404119
SWAY_PERF_OUTPUT,2936,-28,404120
SWAY_PERF_OUTPUT,2937,-27,404121
SWAY_PERF_OUTPUT,2938,-60,404122
SWAY_PERF_OUTPUT,2939,-2,404123
SWAY_PERF_OUTPUT,2940,27,404124
SWAY_PERF_OUTPUT,2941,71,404125
SWAY_PERF_OUTPUT,2942,117,404126
SWAY_PERF_OUTPUT,2943,-2,404127
SWAY_PERF_OUTPUT,2944,-19,404128
SWAY_PERF_OUTPUT,2945,25,404129
SWAY_PERF_OUTPUT,2946,34,404130
SWAY_PERF_OUTPUT,2947,-36,404131
SWAY_PERF_OUTPUT,2948,21,404132
SWAY_PERF_OUTPUT,2949,-36,404133
SWAY_PERF_OUTPUT,2950,96,404134
SWAY_PERF_OUTPUT,2951,-49,404135
SWAY_PERF_OUTPUT,2952,50,404136
SWAY_PERF_OUTPUT,2953,-42,404137
SWAY_PERF_OUTPUT,2954,-96,404138
SWAY_PERF_OUTPUT,2955,0,404139
SWAY_PERF_OUTPUT,2956,27,404140
SWAY_PERF_OUTPUT,2957,-37,404141
SWAY_PERF_OUTPUT,2958,77,404142
SWAY_PERF_OUTPUT,2959,44,404143
SWAY_PERF_OUTPUT,2960,0,404144
SWAY_PERF_OUTPUT,2961,-56,404145
SWAY_PERF_OUTPUT,2962,-77,404146
SWAY_PERF_OUTPUT,2963,42,404147
SWAY_PERF_FRAME,51,404091,404147
SWAY_PERF_INPUT_FRAME,55,401309,408908
SWAY_PERF_OUTPUT,2964,21,411691
SWAY_PERF_OUTPUT,2965,1,411692
SWAY_PERF_OUTPUT,2966,5,411693
SWAY_PERF_OUTPUT,2967,-3,411694
SWAY_PERF_OUTPUT,2968,23,411695
SWAY_PERF_OUTPUT,2969,34,411696
SWAY_PERF_OUTPUT,2970,42,411697
SWAY_PERF_OUTPUT,2971,-2,411698
SWAY_PERF_OUTPUT,2972,-9,411699
SWAY_PERF_OUTPUT,2973,0,411700
SWAY_PERF_OUTPUT,2974,8,411701
SWAY_PERF_OUTPUT,2975,16,411702
SWAY_PERF_OUTPUT,2976,59,411703
SWAY_PERF_OUTPUT,2977,41,411704
SWAY_PERF_OUTPUT,2978,9,411705
SWAY_PERF_OUTPUT,2979,9,411706
SWAY_PERF_OUTPUT,2980,12,411707
SWAY_PERF_OUTPUT,2981,20,411708
SWAY_PERF_OUTPUT,2982,14,411709
SWAY_PERF_OUTPUT,2983,101,411710
SWAY_PERF_OUTPUT,2984,109,411711
SWAY_PERF_OUTPUT,2985,111,411712
SWAY_PERF_OUTPUT,2986,108,411713
SWAY_PERF_OUTPUT,2987,118,411714
SWAY_PERF_OUTPUT,2988,113,411715
SWAY_PERF_OUTPUT,2989,96,411716
SWAY_PERF_OUTPUT,2990,121,411717
SWAY_PERF_OUTPUT,2991,111,411718
SWAY_PERF_OUTPUT,2992,120,411719
SWAY_PERF_OUTPUT,2993,99,411720
SWAY_PERF_OUTPUT,2994,127,411721
SWAY_PERF_OUTPUT,2995,126,411722
SWAY_PERF_OUTPUT,2996,112,411723
SWAY_PERF_OUTPUT,2997,115,411724
SWAY_PERF_OUTPUT,2998,127,411725
SWAY_PERF_OUTPUT,2999,98,411726
SWAY_PERF_OUTPUT,3000,103,411727
SWAY_PERF_OUTPUT,3001,127,411728
SWAY_PERF_OUTPUT,3002,35,411729
SWAY_PERF_OUTPUT,3003,57,411730
SWAY_PERF_OUTPUT,3004,75,411731
SWAY_PERF_OUTPUT,3005,88,411732
SWAY_PERF_OUTPUT,3006,62,411733
SWAY_PERF_OUTPUT,3007,70,411734
SWAY_PERF_OUTPUT,3008,104,411735
SWAY_PERF_OUTPUT,3009,60,411736
SWAY_PERF_OUTPUT,3010,31,411737
SWAY_PERF_OUTPUT,3011,8,411738
SWAY_PERF_OUTPUT,3012,19,411739
SWAY_PERF_OUTPUT,3013,-29,411740
SWAY_PERF_OUTPUT,3014,-52,411741
SWAY_PERF_OUTPUT,3015,-46,411742
SWAY_PERF_OUTPUT,3016,31,411743
SWAY_PERF_OUTPUT,3017,-32,411744
SWAY_PERF_OUTPUT,3018,-54,411745
SWAY_PERF_OUTPUT,3019,-38,411746
SWAY_PERF_OUTPUT,3020,68,411747
SWAY_PERF_FRAME,52,411691,411747
SWAY_PERF_INPUT_FRAME,56,408909,416508
SWAY_PERF_OUTPUT,3021,61,419291
SWAY_PERF_OUTPUT,3022,72,419292
SWAY_PERF_OUTPUT,3023,58,419293
SWAY_PERF_OUTPUT,3024,63,419294
SWAY_PERF_OUTPUT,3025,71,419295
SWAY_PERF_OUTPUT,3026,59,419296
SWAY_PERF_OUTPUT,3027,17,419297
SWAY_PERF_OUTPUT,3028,69,419298
SWAY_PERF_OUTPUT,3029,80,419299
SWAY_PERF_OUTPUT,3030,102,419300
SWAY_PERF_OUTPUT,3031,53,419301
SWAY_PERF_OUTPUT,3032,68,419302
SWAY_PERF_OUTPUT,3033,58,419303
SWAY_PERF_OUTPUT,3034,56,419304
SWAY_PERF_OUTPUT,3035,48,419305
SWAY_PERF_OUTPUT,3036,37,419306
SWAY_PERF_OUTPUT,3037,13,419307
SWAY_PERF_OUTPUT,3038,20,419308
SWAY_PERF_OUTPUT,3039,73,419309
SWAY_PERF_OUTPUT,3040,118,419310
SWAY_PERF_OUTPUT,3041,127,419311
SWAY_PERF_OUTPUT,3042,127,419312
SWAY_PERF_OUTPUT,3043,127,419313
SWAY_PERF_OUTPUT,3044,127,419314
SWAY_PERF_OUTPUT,3045,116,419315
SWAY_PERF_OUTPUT,3046,88,419316
SWAY_PERF_OUTPUT,3047,127,419317
SWAY_PERF_OUTPUT,3048,120,419318
SWAY_PERF_OUTPUT,3049,119,419319
SWAY_PERF_OUTPUT,3050,127,419320
SWAY_PERF_OUTPUT,3051,110,419321
SWAY_PERF_OUTPUT,3052,121,419322
SWAY_PERF_OUTPUT,3053,118,419323
SWAY_PERF_OUTPUT,3054,127,419324
SWAY_PERF_OUTPUT,3055,127,419325
SWAY_PERF_OUTPUT,3056,127,419326
SWAY_PERF_OUTPUT,3057,127,419327
SWAY_PERF_OUTPUT,3058,127,419328
SWAY_PERF_OUTPUT,3059,-21,419329
SWAY_PERF_OUTPUT,3060,-2,419330
SWAY_PERF_OUTPUT,3061,32,419331
SWAY_PERF_OUTPUT,3062,32,419332
SWAY_PERF_OUTPUT,3063,17,419333
SWAY_PERF_OUTPUT,3064,-14,419334
SWAY_PERF_OUTPUT,3065,-22,419335
SWAY_PERF_OUTPUT,3066,-12,419336
SWAY_PERF_OUTPUT,3067,-47,419337
SWAY_PERF_OUTPUT,3068,-38,419338
SWAY_PERF_OUTPUT,3069,-36,419339
SWAY_PERF_OUTPUT,3070,-46,419340
SWAY_PERF_OUTPUT,3071,-81,419341
SWAY_PERF_OUTPUT,3072,-67,419342
SWAY_PERF_OUTPUT,3073,-17,419343
SWAY_PERF_OUTPUT,3074,-41,419344
SWAY_PERF_OUTPUT,3075,-65,419345
SWAY_PERF_OUTPUT,3076,-78,419346
SWAY_PERF_OUTPUT,3077,21,419347
SWAY_PERF_FRAME,53,419291,419347
SWAY_PERF_INPUT_FRAME,57,416509,424108
SWAY_PERF_OUTPUT,3078,7,426891
SWAY_PERF_OUTPUT,3079,7,426892
SWAY_PERF_OUTPUT,3080,6,426893
SWAY_PERF_OUTPUT,3081,6,426894
SWAY_PERF_OUTPUT,3082,12,426895
SWAY_PERF_OUTPUT,3083,16,426896
SWAY_PERF_OUTPUT,3084,19,426897
SWAY_PERF_OUTPUT,3085,1,426898
SWAY_PERF_OUTPUT,3086,-2,426899
SWAY_PERF_OUTPUT,3087,-3,426900
SWAY_PERF_OUTPUT,3088,9,426901
SWAY_PERF_OUTPUT,3089,10,426902
SWAY_PERF_OUTPUT,3090,11,426903
SWAY_PERF_OUTPUT,3091,11,426904
SWAY_PERF_OUTPUT,3092,4,426905
SWAY_PERF_OUTPUT,3093,2,426906
SWAY_PERF_OUTPUT,3094,0,426907
SWAY_PERF_OUTPUT,3095,0,426908
SWAY_PERF_OUTPUT,3096,7,426909
SWAY_PERF_OUTPUT,3097,63,426910
SWAY_PERF_OUTPUT,3098,63,426911
SWAY_PERF_OUTPUT,3099,63,426912
SWAY_PERF_OUTPUT,3100,62,426913
SWAY_PERF_OUTPUT,3101,62,426914
SWAY_PERF_OUTPUT,3102,63,426915
SWAY_PERF_OUTPUT,3103,61,426916
SWAY_PERF_OUTPUT,3104,62,426917
SWAY_PERF_OUTPUT,3105,63,426918
SWAY_PERF_OUTPUT,3106,61,426919
SWAY_PERF_OUTPUT,3107,62,426920
SWAY_PERF_OUTPUT,3108,62,426921
SWAY_PERF_OUTPUT,3109,63,426922
SWAY_PERF_OUTPUT,3110,61,426923
SWAY_PERF_OUTPUT,3111,62,426924
SWAY_PERF_OUTPUT,3112,62,426925
SWAY_PERF_OUTPUT,3113,63,426926
SWAY_PERF_OUTPUT,3114,60,426927
SWAY_PERF_OUTPUT,3115,63,426928
SWAY_PERF_OUTPUT,3116,-7,426929
SWAY_PERF_OUTPUT,3117,2,426930
SWAY_PERF_OUTPUT,3118,13,426931
SWAY_PERF_OUTPUT,3119,17,426932
SWAY_PERF_OUTPUT,3120,9,426933
SWAY_PERF_OUTPUT,3121,5,426934
SWAY_PERF_OUTPUT,3122,2,426935
SWAY_PERF_OUTPUT,3123,9,426936
SWAY_PERF_OUTPUT,3124,2,426937
SWAY_PERF_OUTPUT,3125,-4,426938
SWAY_PERF_OUTPUT,3126,-7,426939
SWAY_PERF_OUTPUT,3127,-17,426940
SWAY_PERF_OUTPUT,3128,-28,426941
SWAY_PERF_OUTPUT,3129,-29,426942
SWAY_PERF_OUTPUT,3130,-7,426943
SWAY_PERF_OUTPUT,3131,-16,426944
SWAY_PERF_OUTPUT,3132,-27,426945
SWAY_PERF_OUTPUT,3133,-29,426946
SWAY_PERF_OUTPUT,3134,10,426947
SWAY_PERF_FRAME,54,426891,426947
SWAY_PERF_INPUT_FRAME,58,424109,431708
SWAY_PERF_OUTPUT,3135,7,434491
SWAY_PERF_OUTPUT,3136,7,434492
SWAY_PERF_OUTPUT,3137,6,434493
SWAY_PERF_OUTPUT,3138,6,434494
SWAY_PERF_OUTPUT,3139,12,434495
SWAY_PERF_OUTPUT,3140,16,434496
SWAY_PERF_OUTPUT,3141,19,434497
SWAY_PERF_OUTPUT,3142,1,434498
SWAY_PERF_OUTPUT,3143,-2,434499
SWAY_PERF_OUTPUT,3144,-3,434500
SWAY_PERF_OUTPUT,3145,9,434501
SWAY_PERF_OUTPUT,3146,10,434502
SWAY_PERF_OUTPUT,3147,11,434503
SWAY_PERF_OUTPUT,3148,11,434504
SWAY_PERF_OUTPUT,3149,4,434505
SWAY_PERF_OUTPUT,3150,2,434506
SWAY_PERF_OUTPUT,3151,0,434507
SWAY_PERF_OUTPUT,3152,0,434508
SWAY_PERF_OUTPUT,3153,7,434509
SWAY_PERF_OUTPUT,3154,63,434510
SWAY_PERF_OUTPUT,3155,63,434511
SWAY_PERF_OUTPUT,3156,63,434512
SWAY_PERF_OUTPUT,3157,62,434513
SWAY_PERF_OUTPUT,3158,62,434514
SWAY_PERF_OUTPUT,3159,63,434515
SWAY_PERF_OUTPUT,3160,61,434516
SWAY_PERF_OUTPUT,3161,62,434517
SWAY_PERF_OUTPUT,3162,63,434518
SWAY_PERF_OUTPUT,3163,61,434519
SWAY_PERF_OUTPUT,3164,62,434520
SWAY_PERF_OUTPUT,3165,62,434521
SWAY_PERF_OUTPUT,3166,63,434522
SWAY_PERF_OUTPUT,3167,61,434523
SWAY_PERF_OUTPUT,3168,62,434524
SWAY_PERF_OUTPUT,3169,62,434525
SWAY_PERF_OUTPUT,3170,63,434526
SWAY_PERF_OUTPUT,3171,60,434527
SWAY_PERF_OUTPUT,3172,63,434528
SWAY_PERF_OUTPUT,3173,-7,434529
SWAY_PERF_OUTPUT,3174,2,434530
SWAY_PERF_OUTPUT,3175,13,434531
SWAY_PERF_OUTPUT,3176,17,434532
SWAY_PERF_OUTPUT,3177,9,434533
SWAY_PERF_OUTPUT,3178,5,434534
SWAY_PERF_OUTPUT,3179,2,434535
SWAY_PERF_OUTPUT,3180,9,434536
SWAY_PERF_OUTPUT,3181,2,434537
SWAY_PERF_OUTPUT,3182,-4,434538
SWAY_PERF_OUTPUT,3183,-7,434539
SWAY_PERF_OUTPUT,3184,-17,434540
SWAY_PERF_OUTPUT,3185,-28,434541
SWAY_PERF_OUTPUT,3186,-29,434542
SWAY_PERF_OUTPUT,3187,-7,434543
SWAY_PERF_OUTPUT,3188,-16,434544
SWAY_PERF_OUTPUT,3189,-27,434545
SWAY_PERF_OUTPUT,3190,-29,434546
SWAY_PERF_OUTPUT,3191,10,434547
SWAY_PERF_FRAME,55,434491,434547
SWAY_PERF_INPUT_FRAME,59,431709,439308
SWAY_PERF_OUTPUT,3192,7,442091
SWAY_PERF_OUTPUT,3193,7,442092
SWAY_PERF_OUTPUT,3194,6,442093
SWAY_PERF_OUTPUT,3195,6,442094
SWAY_PERF_OUTPUT,3196,12,442095
SWAY_PERF_OUTPUT,3197,16,442096
SWAY_PERF_OUTPUT,3198,19,442097
SWAY_PERF_OUTPUT,3199,1,442098
SWAY_PERF_OUTPUT,3200,-2,442099
SWAY_PERF_OUTPUT,3201,-3,442100
SWAY_PERF_OUTPUT,3202,9,442101
SWAY_PERF_OUTPUT,3203,10,442102
SWAY_PERF_OUTPUT,3204,11,442103
SWAY_PERF_OUTPUT,3205,11,442104
SWAY_PERF_OUTPUT,3206,4,442105
SWAY_PERF_OUTPUT,3207,2,442106
SWAY_PERF_OUTPUT,3208,0,442107
SWAY_PERF_OUTPUT,3209,0,442108
SWAY_PERF_OUTPUT,3210,7,442109
SWAY_PERF_OUTPUT,3211,63,442110
SWAY_PERF_OUTPUT,3212,63,442111
SWAY_PERF_OUTPUT,3213,63,442112
SWAY_PERF_OUTPUT,3214,62,442113
SWAY_PERF_OUTPUT,3215,62,442114
SWAY_PERF_OUTPUT,3216,63,442115
SWAY_PERF_OUTPUT,3217,61,442116
SWAY_PERF_OUTPUT,3218,62,442117
SWAY_PERF_OUTPUT,3219,63,442118
SWAY_PERF_OUTPUT,3220,61,442119
SWAY_PERF_OUTPUT,3221,62,442120
SWAY_PERF_OUTPUT,3222,62,442121
SWAY_PERF_OUTPUT,3223,63,442122
SWAY_PERF_OUTPUT,3224,61,442123
SWAY_PERF_OUTPUT,3225,62,442124
SWAY_PERF_OUTPUT,3226,62,442125
SWAY_PERF_OUTPUT,3227,63,442126
SWAY_PERF_OUTPUT,3228,60,442127
SWAY_PERF_OUTPUT,3229,63,442128
SWAY_PERF_OUTPUT,3230,-7,442129
SWAY_PERF_OUTPUT,3231,2,442130
SWAY_PERF_OUTPUT,3232,13,442131
SWAY_PERF_OUTPUT,3233,17,442132
SWAY_PERF_OUTPUT,3234,9,442133
SWAY_PERF_OUTPUT,3235,5,442134
SWAY_PERF_OUTPUT,3236,2,442135
SWAY_PERF_OUTPUT,3237,9,442136
SWAY_PERF_OUTPUT,3238,2,442137
SWAY_PERF_OUTPUT,3239,-4,442138
SWAY_PERF_OUTPUT,3240,-7,442139
SWAY_PERF_OUTPUT,3241,-17,442140
SWAY_PERF_OUTPUT,3242,-28,442141
SWAY_PERF_OUTPUT,3243,-29,442142
SWAY_PERF_OUTPUT,3244,-7,442143
SWAY_PERF_OUTPUT,3245,-16,442144
SWAY_PERF_OUTPUT,3246,-27,442145
SWAY_PERF_OUTPUT,3247,-29,442146
SWAY_PERF_OUTPUT,3248,10,442147
SWAY_PERF_FRAME,56,442091,442147
SWAY_PERF_INPUT_FRAME,60,439309,446908
SWAY_PERF_OUTPUT,3249,7,449691
SWAY_PERF_OUTPUT,3250,8,449692
SWAY_PERF_OUTPUT,3251,8,449693
SWAY_PERF_OUTPUT,3252,8,449694
SWAY_PERF_OUTPUT,3253,13,449695
SWAY_PERF_OUTPUT,3254,17,449696
SWAY_PERF_OUTPUT,3255,20,449697
SWAY_PERF_OUTPUT,3256,2,449698
SWAY_PERF_OUTPUT,3257,-2,449699
SWAY_PERF_OUTPUT,3258,-5,449700
SWAY_PERF_OUTPUT,3259,10,449701
SWAY_PERF_OUTPUT,3260,11,449702
SWAY_PERF_OUTPUT,3261,10,449703
SWAY_PERF_OUTPUT,3262,11,449704
SWAY_PERF_OUTPUT,3263,5,449705
SWAY_PERF_OUTPUT,3264,3,449706
SWAY_PERF_OUTPUT,3265,0,449707
SWAY_PERF_OUTPUT,3266,0,449708
SWAY_PERF_OUTPUT,3267,8,449709
SWAY_PERF_OUTPUT,3268,62,449710
SWAY_PERF_OUTPUT,3269,62,449711
SWAY_PERF_OUTPUT,3270,62,449712
SWAY_PERF_OUTPUT,3271,62,449713
SWAY_PERF_OUTPUT,3272,62,449714
SWAY_PERF_OUTPUT,3273,62,449715
SWAY_PERF_OUTPUT,3274,60,449716
SWAY_PERF_OUTPUT,3275,61,449717
SWAY_PERF_OUTPUT,3276,61,449718
SWAY_PERF_OUTPUT,3277,60,449719
SWAY_PERF_OUTPUT,3278,61,449720
SWAY_PERF_OUTPUT,3279,60,449721
SWAY_PERF_OUTPUT,3280,62,449722
SWAY_PERF_OUTPUT,3281,59,449723
SWAY_PERF_OUTPUT,3282,61,449724
SWAY_PERF_OUTPUT,3283,61,449725
SWAY_PERF_OUTPUT,3284,64,449726
SWAY_PERF_OUTPUT,3285,60,449727
SWAY_PERF_OUTPUT,3286,62,449728
SWAY_PERF_OUTPUT,3287,-6,449729
SWAY_PERF_OUTPUT,3288,4,449730
SWAY_PERF_OUTPUT,3289,14,449731
SWAY_PERF_OUTPUT,3290,18,449732
SWAY_PERF_OUTPUT,3291,10,449733
SWAY_PERF_OUTPUT,3292,6,449734
SWAY_PERF_OUTPUT,3293,-1,449735
SWAY_PERF_OUTPUT,3294,10,449736
SWAY_PERF_OUTPUT,3295,4,449737
SWAY_PERF_OUTPUT,3296,-1,449738
SWAY_PERF_OUTPUT,3297,-5,449739
SWAY_PERF_OUTPUT,3298,-16,449740
SWAY_PERF_OUTPUT,3299,-26,449741
SWAY_PERF_OUTPUT,3300,-29,449742
SWAY_PERF_OUTPUT,3301,-6,449743
SWAY_PERF_OUTPUT,3302,-15,449744
SWAY_PERF_OUTPUT,3303,-26,449745
SWAY_PERF_OUTPUT,3304,-28,449746
SWAY_PERF_OUTPUT,3305,11,449747
SWAY_PERF_FRAME,57,449691,449747
SWAY_PERF_INPUT_FRAME,61,446909,454508
SWAY_PERF_OUTPUT,3306,8,457291
SWAY_PERF_OUTPUT,3307,9,457292
SWAY_PERF_OUTPUT,3308,8,457293
SWAY_PERF_OUTPUT,3309,9,457294
SWAY_PERF_OUTPUT,3310,13,457295
SWAY_PERF_OUTPUT,3311,16,457296
SWAY_PERF_OUTPUT,3312,15,457297
SWAY_PERF_OUTPUT,3313,4,457298
SWAY_PERF_OUTPUT,3314,1,457299
SWAY_PERF_OUTPUT,3315,0,457300
SWAY_PERF_OUTPUT,3316,10,457301
SWAY_PERF_OUTPUT,3317,10,457302
SWAY_PERF_OUTPUT,3318,8,457303
SWAY_PERF_OUTPUT,3319,8,457304
SWAY_PERF_OUTPUT,3320,6,457305
SWAY_PERF_OUTPUT,3321,4,457306
SWAY_PERF_OUTPUT,3322,2,457307
SWAY_PERF_OUTPUT,3323,1,457308
SWAY_PERF_OUTPUT,3324,9,457309
SWAY_PERF_OUTPUT,3325,63,457310
SWAY_PERF_OUTPUT,3326,63,457311
SWAY_PERF_OUTPUT,3327,63,457312
SWAY_PERF_OUTPUT,3328,63,457313
SWAY_PERF_OUTPUT,3329,62,457314
SWAY_PERF_OUTPUT,3330,62,457315
SWAY_PERF_OUTPUT,3331,60,457316
SWAY_PERF_OUTPUT,3332,62,457317
SWAY_PERF_OUTPUT,3333,64,457318
SWAY_PERF_OUTPUT,3334,62,457319
SWAY_PERF_OUTPUT,3335,62,457320
SWAY_PERF_OUTPUT,3336,62,457321
SWAY_PERF_OUTPUT,3337,63,457322
SWAY_PERF_OUTPUT,3338,62,457323
SWAY_PERF_OUTPUT,3339,62,457324
SWAY_PERF_OUTPUT,3340,62,457325
SWAY_PERF_OUTPUT,3341,63,457326
SWAY_PERF_OUTPUT,3342,59,457327
SWAY_PERF_OUTPUT,3343,63,457328
SWAY_PERF_OUTPUT,3344,-8,457329
SWAY_PERF_OUTPUT,3345,2,457330
SWAY_PERF_OUTPUT,3346,13,457331
SWAY_PERF_OUTPUT,3347,17,457332
SWAY_PERF_OUTPUT,3348,9,457333
SWAY_PERF_OUTPUT,3349,2,457334
SWAY_PERF_OUTPUT,3350,-4,457335
SWAY_PERF_OUTPUT,3351,8,457336
SWAY_PERF_OUTPUT,3352,2,457337
SWAY_PERF_OUTPUT,3353,-4,457338
SWAY_PERF_OUTPUT,3354,-7,457339
SWAY_PERF_OUTPUT,3355,-17,457340
SWAY_PERF_OUTPUT,3356,-28,457341
SWAY_PERF_OUTPUT,3357,-30,457342
SWAY_PERF_OUTPUT,3358,-7,457343
SWAY_PERF_OUTPUT,3359,-16,457344
SWAY_PERF_OUTPUT,3360,-26,457345
SWAY_PERF_OUTPUT,3361,-29,457346
SWAY_PERF_OUTPUT,3362,10,457347
SWAY_PERF_FRAME,58,457291,457347
SWAY_PERF_INPUT_FRAME,62,454509,462108
SWAY_PERF_OUTPUT,3363,7,464891
SWAY_PERF_OUTPUT,3364,7,464892
SWAY_PERF_OUTPUT,3365,6,464893
SWAY_PERF_OUTPUT,3366,7,464894
SWAY_PERF_OUTPUT,3367,13,464895
SWAY_PERF_OUTPUT,3368,17,464896
SWAY_PERF_OUTPUT,3369,20,464897
SWAY_PERF_OUTPUT,3370,1,464898
SWAY_PERF_OUTPUT,3371,-3,464899
SWAY_PERF_OUTPUT,3372,-4,464900
SWAY_PERF_OUTPUT,3373,10,464901
SWAY_PERF_OUTPUT,3374,11,464902
SWAY_PERF_OUTPUT,3375,13,464903
SWAY_PERF_OUTPUT,3376,13,464904
SWAY_PERF_OUTPUT,3377,5,464905
SWAY_PERF_OUTPUT,3378,4,464906
SWAY_PERF_OUTPUT,3379,2,464907
SWAY_PERF_OUTPUT,3380,2,464908
SWAY_PERF_OUTPUT,3381,7,464909
SWAY_PERF_OUTPUT,3382,62,464910
SWAY_PERF_OUTPUT,3383,62,464911
SWAY_PERF_OUTPUT,3384,62,464912
SWAY_PERF_OUTPUT,3385,61,464913
SWAY_PERF_OUTPUT,3386,63,464914
SWAY_PERF_OUTPUT,3387,65,464915
SWAY_PERF_OUTPUT,3388,62,464916
SWAY_PERF_OUTPUT,3389,60,464917
SWAY_PERF_OUTPUT,3390,59,464918
SWAY_PERF_OUTPUT,3391,57,464919
SWAY_PERF_OUTPUT,3392,60,464920
SWAY_PERF_OUTPUT,3393,60,464921
SWAY_PERF_OUTPUT,3394,59,464922
SWAY_PERF_OUTPUT,3395,56,464923
SWAY_PERF_OUTPUT,3396,60,464924
SWAY_PERF_OUTPUT,3397,63,464925
SWAY_PERF_OUTPUT,3398,65,464926
SWAY_PERF_OUTPUT,3399,62,464927
SWAY_PERF_OUTPUT,3400,62,464928
SWAY_PERF_OUTPUT,3401,-3,464929
SWAY_PERF_OUTPUT,3402,7,464930
SWAY_PERF_OUTPUT,3403,17,464931
SWAY_PERF_OUTPUT,3404,22,464932
SWAY_PERF_OUTPUT,3405,14,464933
SWAY_PERF_OUTPUT,3406,10,464934
SWAY_PERF_OUTPUT,3407,8,464935
SWAY_PERF_OUTPUT,3408,14,464936
SWAY_PERF_OUTPUT,3409,8,464937
SWAY_PERF_OUTPUT,3410,4,464938
SWAY_PERF_OUTPUT,3411,-2,464939
SWAY_PERF_OUTPUT,3412,-15,464940
SWAY_PERF_OUTPUT,3413,-26,464941
SWAY_PERF_OUTPUT,3414,-28,464942
SWAY_PERF_OUTPUT,3415,-3,464943
SWAY_PERF_OUTPUT,3416,-15,464944
SWAY_PERF_OUTPUT,3417,-26,464945
SWAY_PERF_OUTPUT,3418,-28,464946
SWAY_PERF_OUTPUT,3419,15,464947
SWAY_PERF_FRAME,59,464891,464947
SWAY_PERF_INPUT_FRAME,63,462109,469708
SWAY_PERF_OUTPUT,3420,8,472491
SWAY_PERF_OUTPUT,3421,9,472492
SWAY_PERF_OUTPUT,3422,9,472493
SWAY_PERF_OUTPUT,3423,9,472494
SWAY_PERF_OUTPUT,3424,14,472495
SWAY_PERF_OUTPUT,3425,20,472496
SWAY_PERF_OUTPUT,3426,23,472497
SWAY_PERF_OUTPUT,3427,3,472498
SWAY_PERF_OUTPUT,3428,-4,472499
SWAY_PERF_OUTPUT,3429,-9,472500
SWAY_PERF_OUTPUT,3430,11,472501
SWAY_PERF_OUTPUT,3431,13,472502
SWAY_PERF_OUTPUT,3432,13,472503
SWAY_PERF_OUTPUT,3433,14,472504
SWAY_PERF_OUTPUT,3434,6,472505
SWAY_PERF_OUTPUT,3435,0,472506
SWAY_PERF_OUTPUT,3436,-5,472507
SWAY_PERF_OUTPUT,3437,-5,472508
SWAY_PERF_OUTPUT,3438,9,472509
SWAY_PERF_OUTPUT,3439,62,472510
SWAY_PERF_OUTPUT,3440,61,472511
SWAY_PERF_OUTPUT,3441,60,472512
SWAY_PERF_OUTPUT,3442,59,472513
SWAY_PERF_OUTPUT,3443,59,472514
SWAY_PERF_OUTPUT,3444,59,472515
SWAY_PERF_OUTPUT,3445,58,472516
SWAY_PERF_OUTPUT,3446,60,472517
SWAY_PERF_OUTPUT,3447,60,472518
SWAY_PERF_OUTPUT,3448,59,472519
SWAY_PERF_OUTPUT,3449,60,472520
SWAY_PERF_OUTPUT,3450,58,472521
SWAY_PERF_OUTPUT,3451,61,472522
SWAY_PERF_OUTPUT,3452,59,472523
SWAY_PERF_OUTPUT,3453,61,472524
SWAY_PERF_OUTPUT,3454,59,472525
SWAY_PERF_OUTPUT,3455,61,472526
SWAY_PERF_OUTPUT,3456,58,472527
SWAY_PERF_OUTPUT,3457,60,472528
SWAY_PERF_OUTPUT,3458,-8,472529
SWAY_PERF_OUTPUT,3459,2,472530
SWAY_PERF_OUTPUT,3460,11,472531
SWAY_PERF_OUTPUT,3461,15,472532
SWAY_PERF_OUTPUT,3462,8,472533
SWAY_PERF_OUTPUT,3463,6,472534
SWAY_PERF_OUTPUT,3464,5,472535
SWAY_PERF_OUTPUT,3465,8,472536
SWAY_PERF_OUTPUT,3466,6,472537
SWAY_PERF_OUTPUT,3467,8,472538
SWAY_PERF_OUTPUT,3468,-7,472539
SWAY_PERF_OUTPUT,3469,-16,472540
SWAY_PERF_OUTPUT,3470,-27,472541
SWAY_PERF_OUTPUT,3471,-29,472542
SWAY_PERF_OUTPUT,3472,-7,472543
SWAY_PERF_OUTPUT,3473,-14,472544
SWAY_PERF_OUTPUT,3474,-25,472545
SWAY_PERF_OUTPUT,3475,-27,472546
SWAY_PERF_OUTPUT,3476,9,472547
SWAY_PERF_FRAME,60,472491,472547
SWAY_PERF_OUTPUT,3477,4,480091
SWAY_PERF_OUTPUT,3478,4,480092
SWAY_PERF_OUTPUT,3479,3,480093
SWAY_PERF_OUTPUT,3480,3,480094
SWAY_PERF_OUTPUT,3481,9,480095
SWAY_PERF_OUTPUT,3482,16,480096
SWAY_PERF_OUTPUT,3483,19,480097
SWAY_PERF_OUTPUT,3484,-2,480098
SWAY_PERF_OUTPUT,3485,-7,480099
SWAY_PERF_OUTPUT,3486,-8,480100
SWAY_PERF_OUTPUT,3487,7,480101
SWAY_PERF_OUTPUT,3488,11,480102
SWAY_PERF_OUTPUT,3489,13,480103
SWAY_PERF_OUTPUT,3490,14,480104
SWAY_PERF_OUTPUT,3491,2,480105
SWAY_PERF_OUTPUT,3492,-1,480106
SWAY_PERF_OUTPUT,3493,-2,480107
SWAY_PERF_OUTPUT,3494,-2,480108
SWAY_PERF_OUTPUT,3495,3,480109
SWAY_PERF_OUTPUT,3496,61,480110
SWAY_PERF_OUTPUT,3497,61,480111
SWAY_PERF_OUTPUT,3498,60,480112
SWAY_PERF_OUTPUT,3499,60,480113
SWAY_PERF_OUTPUT,3500,60,480114
SWAY_PERF_OUTPUT,3501,61,480115
SWAY_PERF_OUTPUT,3502,59,480116
SWAY_PERF_OUTPUT,3503,59,480117
SWAY_PERF_OUTPUT,3504,59,480118
SWAY_PERF_OUTPUT,3505,58,480119
SWAY_PERF_OUTPUT,3506,60,480120
SWAY_PERF_OUTPUT,3507,59,480121
SWAY_PERF_OUTPUT,3508,60,480122
SWAY_PERF_OUTPUT,3509,57,480123
SWAY_PERF_OUTPUT,3510,60,480124
SWAY_PERF_OUTPUT,3511,59,480125
SWAY_PERF_OUTPUT,3512,62,480126
SWAY_PERF_OUTPUT,3513,59,480127
SWAY_PERF_OUTPUT,3514,60,480128
SWAY_PERF_OUTPUT,3515,-6,480129
SWAY_PERF_OUTPUT,3516,4,480130
SWAY_PERF_OUTPUT,3517,14,480131
SWAY_PERF_OUTPUT,3518,18,480132
SWAY_PERF_OUTPUT,3519,11,480133
SWAY_PERF_OUTPUT,3520,10,480134
SWAY_PERF_OUTPUT,3521,11,480135
SWAY_PERF_OUTPUT,3522,10,480136
SWAY_PERF_OUTPUT,3523,6,480137
SWAY_PERF_OUTPUT,3524,5,480138
SWAY_PERF_OUTPUT,3525,-5,480139
SWAY_PERF_OUTPUT,3526,-15,480140
SWAY_PERF_OUTPUT,3527,-25,480141
SWAY_PERF_OUTPUT,3528,-28,480142
SWAY_PERF_OUTPUT,3529,-6,480143
SWAY_PERF_OUTPUT,3530,-15,480144
SWAY_PERF_OUTPUT,3531,-27,480145
SWAY_PERF_OUTPUT,3532,-29,480146
SWAY_PERF_OUTPUT,3533,12,480147
SWAY_PERF_FRAME,61,480091,480147
SWAY_PERF_OUTPUT,3534,4,487691
SWAY_PERF_OUTPUT,3535,4,487692
SWAY_PERF_OUTPUT,3536,3,487693
SWAY_PERF_OUTPUT,3537,3,487694
SWAY_PERF_OUTPUT,3538,10,487695
SWAY_PERF_OUTPUT,3539,16,487696
SWAY_PERF_OUTPUT,3540,21,487697
SWAY_PERF_OUTPUT,3541,-3,487698
SWAY_PERF_OUTPUT,3542,-10,487699
SWAY_PERF_OUTPUT,3543,-15,487700
SWAY_PERF_OUTPUT,3544,7,487701
SWAY_PERF_OUTPUT,3545,11,487702
SWAY_PERF_OUTPUT,3546,15,487703
SWAY_PERF_OUTPUT,3547,15,487704
SWAY_PERF_OUTPUT,3548,2,487705
SWAY_PERF_OUTPUT,3549,-2,487706
SWAY_PERF_OUTPUT,3550,-5,487707
SWAY_PERF_OUTPUT,3551,-5,487708
SWAY_PERF_OUTPUT,3552,3,487709
SWAY_PERF_OUTPUT,3553,63,487710
SWAY_PERF_OUTPUT,3554,62,487711
SWAY_PERF_OUTPUT,3555,61,487712
SWAY_PERF_OUTPUT,3556,61,487713
SWAY_PERF_OUTPUT,3557,62,487714
SWAY_PERF_OUTPUT,3558,62,487715
SWAY_PERF_OUTPUT,3559,60,487716
SWAY_PERF_OUTPUT,3560,61,487717
SWAY_PERF_OUTPUT,3561,61,487718
SWAY_PERF_OUTPUT,3562,60,487719
SWAY_PERF_OUTPUT,3563,61,487720
SWAY_PERF_OUTPUT,3564,60,487721
SWAY_PERF_OUTPUT,3565,61,487722
SWAY_PERF_OUTPUT,3566,59,487723
SWAY_PERF_OUTPUT,3567,61,487724
SWAY_PERF_OUTPUT,3568,61,487725
SWAY_PERF_OUTPUT,3569,63,487726
SWAY_PERF_OUTPUT,3570,60,487727
SWAY_PERF_OUTPUT,3571,61,487728
SWAY_PERF_OUTPUT,3572,-4,487729
SWAY_PERF_OUTPUT,3573,6,487730
SWAY_PERF_OUTPUT,3574,17,487731
SWAY_PERF_OUTPUT,3575,21,487732
SWAY_PERF_OUTPUT,3576,13,487733
SWAY_PERF_OUTPUT,3577,13,487734
SWAY_PERF_OUTPUT,3578,14,487735
SWAY_PERF_OUTPUT,3579,13,487736
SWAY_PERF_OUTPUT,3580,12,487737
SWAY_PERF_OUTPUT,3581,15,487738
SWAY_PERF_OUTPUT,3582,-3,487739
SWAY_PERF_OUTPUT,3583,-14,487740
SWAY_PERF_OUTPUT,3584,-26,487741
SWAY_PERF_OUTPUT,3585,-28,487742
SWAY_PERF_OUTPUT,3586,-3,487743
SWAY_PERF_OUTPUT,3587,-14,487744
SWAY_PERF_OUTPUT,3588,-26,487745
SWAY_PERF_OUTPUT,3589,-28,487746
SWAY_PERF_OUTPUT,3590,14,487747
SWAY_PERF_FRAME,62,487691,487747
SWAY_PERF_OUTPUT,3591,8,495291
SWAY_PERF_OUTPUT,3592,9,495292
SWAY_PERF_OUTPUT,3593,8,495293
SWAY_PERF_OUTPUT,3594,8,495294
SWAY_PERF_OUTPUT,3595,14,495295
SWAY_PERF_OUTPUT,3596,19,495296
SWAY_PERF_OUTPUT,3597,21,495297
SWAY_PERF_OUTPUT,3598,3,495298
SWAY_PERF_OUTPUT,3599,0,495299
SWAY_PERF_OUTPUT,3600,-3,495300
SWAY_PERF_OUTPUT,3601,10,495301
SWAY_PERF_OUTPUT,3602,12,495302
SWAY_PERF_OUTPUT,3603,12,495303
SWAY_PERF_OUTPUT,3604,12,495304
SWAY_PERF_OUTPUT,3605,6,495305
SWAY_PERF_OUTPUT,3606,3,495306
SWAY_PERF_OUTPUT,3607,0,495307
SWAY_PERF_OUTPUT,3608,-1,495308
SWAY_PERF_OUTPUT,3609,9,495309
SWAY_PERF_OUTPUT,3610,61,495310
SWAY_PERF_OUTPUT,3611,62,495311
SWAY_PERF_OUTPUT,3612,61,495312
SWAY_PERF_OUTPUT,3613,61,495313
SWAY_PERF_OUTPUT,3614,61,495314
SWAY_PERF_OUTPUT,3615,61,495315
SWAY_PERF_OUTPUT,3616,59,495316
SWAY_PERF_OUTPUT,3617,60,495317
SWAY_PERF_OUTPUT,3618,61,495318
SWAY_PERF_OUTPUT,3619,60,495319
SWAY_PERF_OUTPUT,3620,60,495320
SWAY_PERF_OUTPUT,3621,60,495321
SWAY_PERF_OUTPUT,3622,62,495322
SWAY_PERF_OUTPUT,3623,60,495323
SWAY_PERF_OUTPUT,3624,61,495324
SWAY_PERF_OUTPUT,3625,61,495325
SWAY_PERF_OUTPUT,3626,62,495326
SWAY_PERF_OUTPUT,3627,58,495327
SWAY_PERF_OUTPUT,3628,61,495328
SWAY_PERF_OUTPUT,3629,-6,495329
SWAY_PERF_OUTPUT,3630,3,495330
SWAY_PERF_OUTPUT,3631,14,495331
SWAY_PERF_OUTPUT,3632,17,495332
SWAY_PERF_OUTPUT,3633,10,495333
SWAY_PERF_OUTPUT,3634,7,495334
SWAY_PERF_OUTPUT,3635,6,495335
SWAY_PERF_OUTPUT,3636,9,495336
SWAY_PERF_OUTPUT,3637,4,495337
SWAY_PERF_OUTPUT,3638,1,495338
SWAY_PERF_OUTPUT,3639,-6,495339
SWAY_PERF_OUTPUT,3640,-16,495340
SWAY_PERF_OUTPUT,3641,-27,495341
SWAY_PERF_OUTPUT,3642,-29,495342
SWAY_PERF_OUTPUT,3643,-6,495343
SWAY_PERF_OUTPUT,3644,-15,495344
SWAY_PERF_OUTPUT,3645,-26,495345
SWAY_PERF_OUTPUT,3646,-28,495346
SWAY_PERF_OUTPUT,3647,11,495347
SWAY_PERF_FRAME,63,495291,495347
SWAY_PERF_PASS,64,3648,497396,2048
