SWAY_PERF_BEGIN,64,14
SWAY_PERF_INPUT_FRAME,0,2,321
SWAY_PERF_INPUT_FRAME,1,322,641
SWAY_PERF_INPUT_FRAME,2,642,7390
SWAY_PERF_INPUT_FRAME,3,7391,16838
SWAY_PERF_OUTPUT,0,7,18222
SWAY_PERF_OUTPUT,1,7,18223
SWAY_PERF_OUTPUT,2,6,18224
SWAY_PERF_OUTPUT,3,6,18225
SWAY_PERF_OUTPUT,4,12,18226
SWAY_PERF_OUTPUT,5,16,18227
SWAY_PERF_OUTPUT,6,19,18228
SWAY_PERF_OUTPUT,7,1,18229
SWAY_PERF_OUTPUT,8,-2,18230
SWAY_PERF_OUTPUT,9,-3,18231
SWAY_PERF_OUTPUT,10,9,18232
SWAY_PERF_OUTPUT,11,10,18233
SWAY_PERF_OUTPUT,12,11,18234
SWAY_PERF_OUTPUT,13,11,18235
SWAY_PERF_OUTPUT,14,4,18236
SWAY_PERF_OUTPUT,15,2,18237
SWAY_PERF_OUTPUT,16,0,18238
SWAY_PERF_OUTPUT,17,0,18239
SWAY_PERF_OUTPUT,18,7,18240
SWAY_PERF_OUTPUT,19,63,18241
SWAY_PERF_OUTPUT,20,63,18242
SWAY_PERF_OUTPUT,21,63,18243
SWAY_PERF_OUTPUT,22,62,18244
SWAY_PERF_OUTPUT,23,62,18245
SWAY_PERF_OUTPUT,24,63,18246
SWAY_PERF_OUTPUT,25,61,18247
SWAY_PERF_OUTPUT,26,62,18248
SWAY_PERF_OUTPUT,27,63,18249
SWAY_PERF_OUTPUT,28,61,18250
SWAY_PERF_OUTPUT,29,62,18251
SWAY_PERF_OUTPUT,30,62,18252
SWAY_PERF_OUTPUT,31,63,18253
SWAY_PERF_OUTPUT,32,61,18254
SWAY_PERF_OUTPUT,33,62,18255
SWAY_PERF_OUTPUT,34,62,18256
SWAY_PERF_OUTPUT,35,63,18257
SWAY_PERF_OUTPUT,36,60,18258
SWAY_PERF_OUTPUT,37,63,18259
SWAY_PERF_OUTPUT,38,-7,18260
SWAY_PERF_OUTPUT,39,2,18261
SWAY_PERF_OUTPUT,40,13,18262
SWAY_PERF_OUTPUT,41,17,18263
SWAY_PERF_OUTPUT,42,9,18264
SWAY_PERF_OUTPUT,43,5,18265
SWAY_PERF_OUTPUT,44,2,18266
SWAY_PERF_OUTPUT,45,9,18267
SWAY_PERF_OUTPUT,46,2,18268
SWAY_PERF_OUTPUT,47,-4,18269
SWAY_PERF_OUTPUT,48,-7,18270
SWAY_PERF_OUTPUT,49,-17,18271
SWAY_PERF_OUTPUT,50,-28,18272
SWAY_PERF_OUTPUT,51,-29,18273
SWAY_PERF_OUTPUT,52,-7,18274
SWAY_PERF_OUTPUT,53,-16,18275
SWAY_PERF_OUTPUT,54,-27,18276
SWAY_PERF_OUTPUT,55,-29,18277
SWAY_PERF_OUTPUT,56,10,18278
SWAY_PERF_FRAME,0,18222,18278
SWAY_PERF_INPUT_FRAME,4,16839,26286
SWAY_PERF_OUTPUT,57,7,27670
SWAY_PERF_OUTPUT,58,8,27671
SWAY_PERF_OUTPUT,59,8,27672
SWAY_PERF_OUTPUT,60,8,27673
SWAY_PERF_OUTPUT,61,13,27674
SWAY_PERF_OUTPUT,62,17,27675
SWAY_PERF_OUTPUT,63,20,27676
SWAY_PERF_OUTPUT,64,2,27677
SWAY_PERF_OUTPUT,65,-2,27678
SWAY_PERF_OUTPUT,66,-5,27679
SWAY_PERF_OUTPUT,67,10,27680
SWAY_PERF_OUTPUT,68,11,27681
SWAY_PERF_OUTPUT,69,10,27682
SWAY_PERF_OUTPUT,70,11,27683
SWAY_PERF_OUTPUT,71,5,27684
SWAY_PERF_OUTPUT,72,3,27685
SWAY_PERF_OUTPUT,73,0,27686
SWAY_PERF_OUTPUT,74,0,27687
SWAY_PERF_OUTPUT,75,8,27688
SWAY_PERF_OUTPUT,76,62,27689
SWAY_PERF_OUTPUT,77,62,27690
SWAY_PERF_OUTPUT,78,62,27691
SWAY_PERF_OUTPUT,79,62,27692
SWAY_PERF_OUTPUT,80,62,27693
SWAY_PERF_OUTPUT,81,62,27694
SWAY_PERF_OUTPUT,82,60,27695
SWAY_PERF_OUTPUT,83,61,27696
SWAY_PERF_OUTPUT,84,61,27697
SWAY_PERF_OUTPUT,85,60,27698
SWAY_PERF_OUTPUT,86,61,27699
SWAY_PERF_OUTPUT,87,60,27700
SWAY_PERF_OUTPUT,88,62,27701
SWAY_PERF_OUTPUT,89,59,27702
SWAY_PERF_OUTPUT,90,61,27703
SWAY_PERF_OUTPUT,91,61,27704
SWAY_PERF_OUTPUT,92,64,27705
SWAY_PERF_OUTPUT,93,60,27706
SWAY_PERF_OUTPUT,94,62,27707
SWAY_PERF_OUTPUT,95,-6,27708
SWAY_PERF_OUTPUT,96,4,27709
SWAY_PERF_OUTPUT,97,14,27710
SWAY_PERF_OUTPUT,98,18,27711
SWAY_PERF_OUTPUT,99,10,27712
SWAY_PERF_OUTPUT,100,6,27713
SWAY_PERF_OUTPUT,101,-1,27714
SWAY_PERF_OUTPUT,102,10,27715
SWAY_PERF_OUTPUT,103,4,27716
SWAY_PERF_OUTPUT,104,-1,27717
SWAY_PERF_OUTPUT,105,-5,27718
SWAY_PERF_OUTPUT,106,-16,27719
SWAY_PERF_OUTPUT,107,-26,27720
SWAY_PERF_OUTPUT,108,-29,27721
SWAY_PERF_OUTPUT,109,-6,27722
SWAY_PERF_OUTPUT,110,-15,27723
SWAY_PERF_OUTPUT,111,-26,27724
SWAY_PERF_OUTPUT,112,-28,27725
SWAY_PERF_OUTPUT,113,11,27726
SWAY_PERF_FRAME,1,27670,27726
SWAY_PERF_INPUT_FRAME,5,26287,35734
SWAY_PERF_OUTPUT,114,8,37118
SWAY_PERF_OUTPUT,115,9,37119
SWAY_PERF_OUTPUT,116,8,37120
SWAY_PERF_OUTPUT,117,9,37121
SWAY_PERF_OUTPUT,118,13,37122
SWAY_PERF_OUTPUT,119,16,37123
SWAY_PERF_OUTPUT,120,15,37124
SWAY_PERF_OUTPUT,121,4,37125
SWAY_PERF_OUTPUT,122,1,37126
SWAY_PERF_OUTPUT,123,0,37127
SWAY_PERF_OUTPUT,124,10,37128
SWAY_PERF_OUTPUT,125,10,37129
SWAY_PERF_OUTPUT,126,8,37130
SWAY_PERF_OUTPUT,127,8,37131
SWAY_PERF_OUTPUT,128,6,37132
SWAY_PERF_OUTPUT,129,4,37133
SWAY_PERF_OUTPUT,130,2,37134
SWAY_PERF_OUTPUT,131,1,37135
SWAY_PERF_OUTPUT,132,9,37136
SWAY_PERF_OUTPUT,133,63,37137
SWAY_PERF_OUTPUT,134,63,37138
SWAY_PERF_OUTPUT,135,63,37139
SWAY_PERF_OUTPUT,136,63,37140
SWAY_PERF_OUTPUT,137,62,37141
SWAY_PERF_OUTPUT,138,62,37142
SWAY_PERF_OUTPUT,139,60,37143
SWAY_PERF_OUTPUT,140,62,37144
SWAY_PERF_OUTPUT,141,64,37145
SWAY_PERF_OUTPUT,142,62,37146
SWAY_PERF_OUTPUT,143,62,37147
SWAY_PERF_OUTPUT,144,62,37148
SWAY_PERF_OUTPUT,145,63,37149
SWAY_PERF_OUTPUT,146,62,37150
SWAY_PERF_OUTPUT,147,62,37151
SWAY_PERF_OUTPUT,148,62,37152
SWAY_PERF_OUTPUT,149,63,37153
SWAY_PERF_OUTPUT,150,59,37154
SWAY_PERF_OUTPUT,151,63,37155
SWAY_PERF_OUTPUT,152,-8,37156
SWAY_PERF_OUTPUT,153,2,37157
SWAY_PERF_OUTPUT,154,13,37158
SWAY_PERF_OUTPUT,155,17,37159
SWAY_PERF_OUTPUT,156,9,37160
SWAY_PERF_OUTPUT,157,2,37161
SWAY_PERF_OUTPUT,158,-4,37162
SWAY_PERF_OUTPUT,159,8,37163
SWAY_PERF_OUTPUT,160,2,37164
SWAY_PERF_OUTPUT,161,-4,37165
SWAY_PERF_OUTPUT,162,-7,37166
SWAY_PERF_OUTPUT,163,-17,37167
SWAY_PERF_OUTPUT,164,-28,37168
SWAY_PERF_OUTPUT,165,-30,37169
SWAY_PERF_OUTPUT,166,-7,37170
SWAY_PERF_OUTPUT,167,-16,37171
SWAY_PERF_OUTPUT,168,-26,37172
SWAY_PERF_OUTPUT,169,-29,37173
SWAY_PERF_OUTPUT,170,10,37174
SWAY_PERF_FRAME,2,37118,37174
SWAY_PERF_INPUT_FRAME,6,35735,45182
SWAY_PERF_OUTPUT,171,7,46566
SWAY_PERF_OUTPUT,172,7,46567
SWAY_PERF_OUTPUT,173,6,46568
SWAY_PERF_OUTPUT,174,7,46569
SWAY_PERF_OUTPUT,175,13,46570
SWAY_PERF_OUTPUT,176,17,46571
SWAY_PERF_OUTPUT,177,20,46572
SWAY_PERF_OUTPUT,178,1,46573
SWAY_PERF_OUTPUT,179,-3,46574
SWAY_PERF_OUTPUT,180,-4,46575
SWAY_PERF_OUTPUT,181,10,46576
SWAY_PERF_OUTPUT,182,11,46577
SWAY_PERF_OUTPUT,183,13,46578
SWAY_PERF_OUTPUT,184,13,46579
SWAY_PERF_OUTPUT,185,5,46580
SWAY_PERF_OUTPUT,186,4,46581
SWAY_PERF_OUTPUT,187,2,46582
SWAY_PERF_OUTPUT,188,2,46583
SWAY_PERF_OUTPUT,189,7,46584
SWAY_PERF_OUTPUT,190,62,46585
SWAY_PERF_OUTPUT,191,62,46586
SWAY_PERF_OUTPUT,192,62,46587
SWAY_PERF_OUTPUT,193,61,46588
SWAY_PERF_OUTPUT,194,63,46589
SWAY_PERF_OUTPUT,195,65,46590
SWAY_PERF_OUTPUT,196,62,46591
SWAY_PERF_OUTPUT,197,60,46592
SWAY_PERF_OUTPUT,198,59,46593
SWAY_PERF_OUTPUT,199,57,46594
SWAY_PERF_OUTPUT,200,60,46595
SWAY_PERF_OUTPUT,201,60,46596
SWAY_PERF_OUTPUT,202,59,46597
SWAY_PERF_OUTPUT,203,56,46598
SWAY_PERF_OUTPUT,204,60,46599
SWAY_PERF_OUTPUT,205,63,46600
SWAY_PERF_OUTPUT,206,65,46601
SWAY_PERF_OUTPUT,207,62,46602
SWAY_PERF_OUTPUT,208,62,46603
SWAY_PERF_OUTPUT,209,-3,46604
SWAY_PERF_OUTPUT,210,7,46605
SWAY_PERF_OUTPUT,211,17,46606
SWAY_PERF_OUTPUT,212,22,46607
SWAY_PERF_OUTPUT,213,14,46608
SWAY_PERF_OUTPUT,214,10,46609
SWAY_PERF_OUTPUT,215,8,46610
SWAY_PERF_OUTPUT,216,14,46611
SWAY_PERF_OUTPUT,217,8,46612
SWAY_PERF_OUTPUT,218,4,46613
SWAY_PERF_OUTPUT,219,-2,46614
SWAY_PERF_OUTPUT,220,-15,46615
SWAY_PERF_OUTPUT,221,-26,46616
SWAY_PERF_OUTPUT,222,-28,46617
SWAY_PERF_OUTPUT,223,-3,46618
SWAY_PERF_OUTPUT,224,-15,46619
SWAY_PERF_OUTPUT,225,-26,46620
SWAY_PERF_OUTPUT,226,-28,46621
SWAY_PERF_OUTPUT,227,15,46622
SWAY_PERF_FRAME,3,46566,46622
SWAY_PERF_INPUT_FRAME,7,45183,54630
SWAY_PERF_OUTPUT,228,8,56014
SWAY_PERF_OUTPUT,229,9,56015
SWAY_PERF_OUTPUT,230,9,56016
SWAY_PERF_OUTPUT,231,9,56017
SWAY_PERF_OUTPUT,232,14,56018
SWAY_PERF_OUTPUT,233,20,56019
SWAY_PERF_OUTPUT,234,23,56020
SWAY_PERF_OUTPUT,235,3,56021
SWAY_PERF_OUTPUT,236,-4,56022
SWAY_PERF_OUTPUT,237,-9,56023
SWAY_PERF_OUTPUT,238,11,56024
SWAY_PERF_OUTPUT,239,13,56025
SWAY_PERF_OUTPUT,240,13,56026
SWAY_PERF_OUTPUT,241,14,56027
SWAY_PERF_OUTPUT,242,6,56028
SWAY_PERF_OUTPUT,243,0,56029
SWAY_PERF_OUTPUT,244,-5,56030
SWAY_PERF_OUTPUT,245,-5,56031
SWAY_PERF_OUTPUT,246,9,56032
SWAY_PERF_OUTPUT,247,62,56033
SWAY_PERF_OUTPUT,248,61,56034
SWAY_PERF_OUTPUT,249,60,56035
SWAY_PERF_OUTPUT,250,59,56036
SWAY_PERF_OUTPUT,251,59,56037
SWAY_PERF_OUTPUT,252,59,56038
SWAY_PERF_OUTPUT,253,58,56039
SWAY_PERF_OUTPUT,254,60,56040
SWAY_PERF_OUTPUT,255,60,56041
SWAY_PERF_OUTPUT,256,59,56042
SWAY_PERF_OUTPUT,257,60,56043
SWAY_PERF_OUTPUT,258,58,56044
SWAY_PERF_OUTPUT,259,61,56045
SWAY_PERF_OUTPUT,260,59,56046
SWAY_PERF_OUTPUT,261,61,56047
SWAY_PERF_OUTPUT,262,59,56048
SWAY_PERF_OUTPUT,263,61,56049
SWAY_PERF_OUTPUT,264,58,56050
SWAY_PERF_OUTPUT,265,60,56051
SWAY_PERF_OUTPUT,266,-8,56052
SWAY_PERF_OUTPUT,267,2,56053
SWAY_PERF_OUTPUT,268,11,56054
SWAY_PERF_OUTPUT,269,15,56055
SWAY_PERF_OUTPUT,270,8,56056
SWAY_PERF_OUTPUT,271,6,56057
SWAY_PERF_OUTPUT,272,5,56058
SWAY_PERF_OUTPUT,273,8,56059
SWAY_PERF_OUTPUT,274,6,56060
SWAY_PERF_OUTPUT,275,8,56061
SWAY_PERF_OUTPUT,276,-7,56062
SWAY_PERF_OUTPUT,277,-16,56063
SWAY_PERF_OUTPUT,278,-27,56064
SWAY_PERF_OUTPUT,279,-29,56065
SWAY_PERF_OUTPUT,280,-7,56066
SWAY_PERF_OUTPUT,281,-14,56067
SWAY_PERF_OUTPUT,282,-25,56068
SWAY_PERF_OUTPUT,283,-27,56069
SWAY_PERF_OUTPUT,284,9,56070
SWAY_PERF_FRAME,4,56014,56070
SWAY_PERF_INPUT_FRAME,8,54631,64078
SWAY_PERF_OUTPUT,285,4,65462
SWAY_PERF_OUTPUT,286,4,65463
SWAY_PERF_OUTPUT,287,3,65464
SWAY_PERF_OUTPUT,288,3,65465
SWAY_PERF_OUTPUT,289,9,65466
SWAY_PERF_OUTPUT,290,16,65467
SWAY_PERF_OUTPUT,291,19,65468
SWAY_PERF_OUTPUT,292,-2,65469
SWAY_PERF_OUTPUT,293,-7,65470
SWAY_PERF_OUTPUT,294,-8,65471
SWAY_PERF_OUTPUT,295,7,65472
SWAY_PERF_OUTPUT,296,11,65473
SWAY_PERF_OUTPUT,297,13,65474
SWAY_PERF_OUTPUT,298,14,65475
SWAY_PERF_OUTPUT,299,2,65476
SWAY_PERF_OUTPUT,300,-1,65477
SWAY_PERF_OUTPUT,301,-2,65478
SWAY_PERF_OUTPUT,302,-2,65479
SWAY_PERF_OUTPUT,303,3,65480
SWAY_PERF_OUTPUT,304,61,65481
SWAY_PERF_OUTPUT,305,61,65482
SWAY_PERF_OUTPUT,306,60,65483
SWAY_PERF_OUTPUT,307,60,65484
SWAY_PERF_OUTPUT,308,60,65485
SWAY_PERF_OUTPUT,309,61,65486
SWAY_PERF_OUTPUT,310,59,65487
SWAY_PERF_OUTPUT,311,59,65488
SWAY_PERF_OUTPUT,312,59,65489
SWAY_PERF_OUTPUT,313,58,65490
SWAY_PERF_OUTPUT,314,60,65491
SWAY_PERF_OUTPUT,315,59,65492
SWAY_PERF_OUTPUT,316,60,65493
SWAY_PERF_OUTPUT,317,57,65494
SWAY_PERF_OUTPUT,318,60,65495
SWAY_PERF_OUTPUT,319,59,65496
SWAY_PERF_OUTPUT,320,62,65497
SWAY_PERF_OUTPUT,321,59,65498
SWAY_PERF_OUTPUT,322,60,65499
SWAY_PERF_OUTPUT,323,-6,65500
SWAY_PERF_OUTPUT,324,4,65501
SWAY_PERF_OUTPUT,325,14,65502
SWAY_PERF_OUTPUT,326,18,65503
SWAY_PERF_OUTPUT,327,11,65504
SWAY_PERF_OUTPUT,328,10,65505
SWAY_PERF_OUTPUT,329,11,65506
SWAY_PERF_OUTPUT,330,10,65507
SWAY_PERF_OUTPUT,331,6,65508
SWAY_PERF_OUTPUT,332,5,65509
SWAY_PERF_OUTPUT,333,-5,65510
SWAY_PERF_OUTPUT,334,-15,65511
SWAY_PERF_OUTPUT,335,-25,65512
SWAY_PERF_OUTPUT,336,-28,65513
SWAY_PERF_OUTPUT,337,-6,65514
SWAY_PERF_OUTPUT,338,-15,65515
SWAY_PERF_OUTPUT,339,-27,65516
SWAY_PERF_OUTPUT,340,-29,65517
SWAY_PERF_OUTPUT,341,12,65518
SWAY_PERF_FRAME,5,65462,65518
SWAY_PERF_INPUT_FRAME,9,64079,73526
SWAY_PERF_OUTPUT,342,4,74910
SWAY_PERF_OUTPUT,343,4,74911
SWAY_PERF_OUTPUT,344,3,74912
SWAY_PERF_OUTPUT,345,3,74913
SWAY_PERF_OUTPUT,346,10,74914
SWAY_PERF_OUTPUT,347,16,74915
SWAY_PERF_OUTPUT,348,21,74916
SWAY_PERF_OUTPUT,349,-3,74917
SWAY_PERF_OUTPUT,350,-10,74918
SWAY_PERF_OUTPUT,351,-15,74919
SWAY_PERF_OUTPUT,352,7,74920
SWAY_PERF_OUTPUT,353,11,74921
SWAY_PERF_OUTPUT,354,15,74922
SWAY_PERF_OUTPUT,355,15,74923
SWAY_PERF_OUTPUT,356,2,74924
SWAY_PERF_OUTPUT,357,-2,74925
SWAY_PERF_OUTPUT,358,-5,74926
SWAY_PERF_OUTPUT,359,-5,74927
SWAY_PERF_OUTPUT,360,3,74928
SWAY_PERF_OUTPUT,361,63,74929
SWAY_PERF_OUTPUT,362,62,74930
SWAY_PERF_OUTPUT,363,61,74931
SWAY_PERF_OUTPUT,364,61,74932
SWAY_PERF_OUTPUT,365,62,74933
SWAY_PERF_OUTPUT,366,62,74934
SWAY_PERF_OUTPUT,367,60,74935
SWAY_PERF_OUTPUT,368,61,74936
SWAY_PERF_OUTPUT,369,61,74937
SWAY_PERF_OUTPUT,370,60,74938
SWAY_PERF_OUTPUT,371,61,74939
SWAY_PERF_OUTPUT,372,60,74940
SWAY_PERF_OUTPUT,373,61,74941
SWAY_PERF_OUTPUT,374,59,74942
SWAY_PERF_OUTPUT,375,61,74943
SWAY_PERF_OUTPUT,376,61,74944
SWAY_PERF_OUTPUT,377,63,74945
SWAY_PERF_OUTPUT,378,60,74946
SWAY_PERF_OUTPUT,379,61,74947
SWAY_PERF_OUTPUT,380,-4,74948
SWAY_PERF_OUTPUT,381,6,74949
SWAY_PERF_OUTPUT,382,17,74950
SWAY_PERF_OUTPUT,383,21,74951
SWAY_PERF_OUTPUT,384,13,74952
SWAY_PERF_OUTPUT,385,13,74953
SWAY_PERF_OUTPUT,386,14,74954
SWAY_PERF_OUTPUT,387,13,74955
SWAY_PERF_OUTPUT,388,12,74956
SWAY_PERF_OUTPUT,389,15,74957
SWAY_PERF_OUTPUT,390,-3,74958
SWAY_PERF_OUTPUT,391,-14,74959
SWAY_PERF_OUTPUT,392,-26,74960
SWAY_PERF_OUTPUT,393,-28,74961
SWAY_PERF_OUTPUT,394,-3,74962
SWAY_PERF_OUTPUT,395,-14,74963
SWAY_PERF_OUTPUT,396,-26,74964
SWAY_PERF_OUTPUT,397,-28,74965
SWAY_PERF_OUTPUT,398,14,74966
SWAY_PERF_FRAME,6,74910,74966
SWAY_PERF_INPUT_FRAME,10,73527,82974
SWAY_PERF_OUTPUT,399,8,84358
SWAY_PERF_OUTPUT,400,9,84359
SWAY_PERF_OUTPUT,401,8,84360
SWAY_PERF_OUTPUT,402,8,84361
SWAY_PERF_OUTPUT,403,14,84362
SWAY_PERF_OUTPUT,404,19,84363
SWAY_PERF_OUTPUT,405,21,84364
SWAY_PERF_OUTPUT,406,3,84365
SWAY_PERF_OUTPUT,407,0,84366
SWAY_PERF_OUTPUT,408,-3,84367
SWAY_PERF_OUTPUT,409,10,84368
SWAY_PERF_OUTPUT,410,12,84369
SWAY_PERF_OUTPUT,411,12,84370
SWAY_PERF_OUTPUT,412,12,84371
SWAY_PERF_OUTPUT,413,6,84372
SWAY_PERF_OUTPUT,414,3,84373
SWAY_PERF_OUTPUT,415,0,84374
SWAY_PERF_OUTPUT,416,-1,84375
SWAY_PERF_OUTPUT,417,9,84376
SWAY_PERF_OUTPUT,418,61,84377
SWAY_PERF_OUTPUT,419,62,84378
SWAY_PERF_OUTPUT,420,61,84379
SWAY_PERF_OUTPUT,421,61,84380
SWAY_PERF_OUTPUT,422,61,84381
SWAY_PERF_OUTPUT,423,61,84382
SWAY_PERF_OUTPUT,424,59,84383
SWAY_PERF_OUTPUT,425,60,84384
SWAY_PERF_OUTPUT,426,61,84385
SWAY_PERF_OUTPUT,427,60,84386
SWAY_PERF_OUTPUT,428,60,84387
SWAY_PERF_OUTPUT,429,60,84388
SWAY_PERF_OUTPUT,430,62,84389
SWAY_PERF_OUTPUT,431,60,84390
SWAY_PERF_OUTPUT,432,61,84391
SWAY_PERF_OUTPUT,433,61,84392
SWAY_PERF_OUTPUT,434,62,84393
SWAY_PERF_OUTPUT,435,58,84394
SWAY_PERF_OUTPUT,436,61,84395
SWAY_PERF_OUTPUT,437,-6,84396
SWAY_PERF_OUTPUT,438,3,84397
SWAY_PERF_OUTPUT,439,14,84398
SWAY_PERF_OUTPUT,440,17,84399
SWAY_PERF_OUTPUT,441,10,84400
SWAY_PERF_OUTPUT,442,7,84401
SWAY_PERF_OUTPUT,443,6,84402
SWAY_PERF_OUTPUT,444,9,84403
SWAY_PERF_OUTPUT,445,4,84404
SWAY_PERF_OUTPUT,446,1,84405
SWAY_PERF_OUTPUT,447,-6,84406
SWAY_PERF_OUTPUT,448,-16,84407
SWAY_PERF_OUTPUT,449,-27,84408
SWAY_PERF_OUTPUT,450,-29,84409
SWAY_PERF_OUTPUT,451,-6,84410
SWAY_PERF_OUTPUT,452,-15,84411
SWAY_PERF_OUTPUT,453,-26,84412
SWAY_PERF_OUTPUT,454,-28,84413
SWAY_PERF_OUTPUT,455,11,84414
SWAY_PERF_FRAME,7,84358,84414
SWAY_PERF_INPUT_FRAME,11,82975,92422
SWAY_PERF_OUTPUT,456,9,93806
SWAY_PERF_OUTPUT,457,9,93807
SWAY_PERF_OUTPUT,458,8,93808
SWAY_PERF_OUTPUT,459,9,93809
SWAY_PERF_OUTPUT,460,15,93810
SWAY_PERF_OUTPUT,461,18,93811
SWAY_PERF_OUTPUT,462,19,93812
SWAY_PERF_OUTPUT,463,4,93813
SWAY_PERF_OUTPUT,464,-2,93814
SWAY_PERF_OUTPUT,465,-5,93815
SWAY_PERF_OUTPUT,466,10,93816
SWAY_PERF_OUTPUT,467,11,93817
SWAY_PERF_OUTPUT,468,11,93818
SWAY_PERF_OUTPUT,469,11,93819
SWAY_PERF_OUTPUT,470,6,93820
SWAY_PERF_OUTPUT,471,4,93821
SWAY_PERF_OUTPUT,472,2,93822
SWAY_PERF_OUTPUT,473,2,93823
SWAY_PERF_OUTPUT,474,9,93824
SWAY_PERF_OUTPUT,475,64,93825
SWAY_PERF_OUTPUT,476,65,93826
SWAY_PERF_OUTPUT,477,65,93827
SWAY_PERF_OUTPUT,478,65,93828
SWAY_PERF_OUTPUT,479,65,93829
SWAY_PERF_OUTPUT,480,66,93830
SWAY_PERF_OUTPUT,481,64,93831
SWAY_PERF_OUTPUT,482,64,93832
SWAY_PERF_OUTPUT,483,65,93833
SWAY_PERF_OUTPUT,484,63,93834
SWAY_PERF_OUTPUT,485,63,93835
SWAY_PERF_OUTPUT,486,65,93836
SWAY_PERF_OUTPUT,487,63,93837
SWAY_PERF_OUTPUT,488,61,93838
SWAY_PERF_OUTPUT,489,63,93839
SWAY_PERF_OUTPUT,490,67,93840
SWAY_PERF_OUTPUT,491,66,93841
SWAY_PERF_OUTPUT,492,63,93842
SWAY_PERF_OUTPUT,493,65,93843
SWAY_PERF_OUTPUT,494,-2,93844
SWAY_PERF_OUTPUT,495,9,93845
SWAY_PERF_OUTPUT,496,20,93846
SWAY_PERF_OUTPUT,497,25,93847
SWAY_PERF_OUTPUT,498,16,93848
SWAY_PERF_OUTPUT,499,9,93849
SWAY_PERF_OUTPUT,500,5,93850
SWAY_PERF_OUTPUT,501,15,93851
SWAY_PERF_OUTPUT,502,12,93852
SWAY_PERF_OUTPUT,503,8,93853
SWAY_PERF_OUTPUT,504,-1,93854
SWAY_PERF_OUTPUT,505,-15,93855
SWAY_PERF_OUTPUT,506,-28,93856
SWAY_PERF_OUTPUT,507,-30,93857
SWAY_PERF_OUTPUT,508,-1,93858
SWAY_PERF_OUTPUT,509,-15,93859
SWAY_PERF_OUTPUT,510,-25,93860
SWAY_PERF_OUTPUT,511,-29,93861
SWAY_PERF_OUTPUT,512,17,93862
SWAY_PERF_FRAME,8,93806,93862
SWAY_PERF_INPUT_FRAME,12,92423,101870
SWAY_PERF_OUTPUT,513,45,103254
SWAY_PERF_OUTPUT,514,127,103255
SWAY_PERF_OUTPUT,515,-30,103256
SWAY_PERF_OUTPUT,516,40,103257
SWAY_PERF_OUTPUT,517,34,103258
SWAY_PERF_OUTPUT,518,87,103259
SWAY_PERF_OUTPUT,519,0,103260
SWAY_PERF_OUTPUT,520,38,103261
SWAY_PERF_OUTPUT,521,77,103262
SWAY_PERF_OUTPUT,522,-2,103263
SWAY_PERF_OUTPUT,523,28,103264
SWAY_PERF_OUTPUT,524,70,103265
SWAY_PERF_OUTPUT,525,-24,103266
SWAY_PERF_OUTPUT,526,31,103267
SWAY_PERF_OUTPUT,527,50,103268
SWAY_PERF_OUTPUT,528,123,103269
SWAY_PERF_OUTPUT,529,38,103270
SWAY_PERF_OUTPUT,530,95,103271
SWAY_PERF_OUTPUT,531,56,103272
SWAY_PERF_OUTPUT,532,-18,103273
SWAY_PERF_OUTPUT,533,-5,103274
SWAY_PERF_OUTPUT,534,-13,103275
SWAY_PERF_OUTPUT,535,72,103276
SWAY_PERF_OUTPUT,536,46,103277
SWAY_PERF_OUTPUT,537,35,103278
SWAY_PERF_OUTPUT,538,17,103279
SWAY_PERF_OUTPUT,539,-75,103280
SWAY_PERF_OUTPUT,540,-6,103281
SWAY_PERF_OUTPUT,541,-39,103282
SWAY_PERF_OUTPUT,542,-28,103283
SWAY_PERF_OUTPUT,543,-27,103284
SWAY_PERF_OUTPUT,544,-60,103285
SWAY_PERF_OUTPUT,545,-2,103286
SWAY_PERF_OUTPUT,546,27,103287
SWAY_PERF_OUTPUT,547,71,103288
SWAY_PERF_OUTPUT,548,117,103289
SWAY_PERF_OUTPUT,549,-2,103290
SWAY_PERF_OUTPUT,550,-19,103291
SWAY_PERF_OUTPUT,551,25,103292
SWAY_PERF_OUTPUT,552,34,103293
SWAY_PERF_OUTPUT,553,-36,103294
SWAY_PERF_OUTPUT,554,21,103295
SWAY_PERF_OUTPUT,555,-36,103296
SWAY_PERF_OUTPUT,556,96,103297
SWAY_PERF_OUTPUT,557,-49,103298
SWAY_PERF_OUTPUT,558,50,103299
SWAY_PERF_OUTPUT,559,-42,103300
SWAY_PERF_OUTPUT,560,-96,103301
SWAY_PERF_OUTPUT,561,0,103302
SWAY_PERF_OUTPUT,562,27,103303
SWAY_PERF_OUTPUT,563,-37,103304
SWAY_PERF_OUTPUT,564,77,103305
SWAY_PERF_OUTPUT,565,44,103306
SWAY_PERF_OUTPUT,566,0,103307
SWAY_PERF_OUTPUT,567,-56,103308
SWAY_PERF_OUTPUT,568,-77,103309
SWAY_PERF_OUTPUT,569,42,103310
SWAY_PERF_FRAME,9,103254,103310
SWAY_PERF_INPUT_FRAME,13,101871,111318
SWAY_PERF_OUTPUT,570,21,112702
SWAY_PERF_OUTPUT,571,1,112703
SWAY_PERF_OUTPUT,572,5,112704
SWAY_PERF_OUTPUT,573,-3,112705
SWAY_PERF_OUTPUT,574,23,112706
SWAY_PERF_OUTPUT,575,34,112707
SWAY_PERF_OUTPUT,576,42,112708
SWAY_PERF_OUTPUT,577,-2,112709
SWAY_PERF_OUTPUT,578,-9,112710
SWAY_PERF_OUTPUT,579,0,112711
SWAY_PERF_OUTPUT,580,8,112712
SWAY_PERF_OUTPUT,581,16,112713
SWAY_PERF_OUTPUT,582,59,112714
SWAY_PERF_OUTPUT,583,41,112715
SWAY_PERF_OUTPUT,584,9,112716
SWAY_PERF_OUTPUT,585,9,112717
SWAY_PERF_OUTPUT,586,12,112718
SWAY_PERF_OUTPUT,587,20,112719
SWAY_PERF_OUTPUT,588,14,112720
SWAY_PERF_OUTPUT,589,101,112721
SWAY_PERF_OUTPUT,590,109,112722
SWAY_PERF_OUTPUT,591,111,112723
SWAY_PERF_OUTPUT,592,108,112724
SWAY_PERF_OUTPUT,593,118,112725
SWAY_PERF_OUTPUT,594,113,112726
SWAY_PERF_OUTPUT,595,96,112727
SWAY_PERF_OUTPUT,596,121,112728
SWAY_PERF_OUTPUT,597,111,112729
SWAY_PERF_OUTPUT,598,120,112730
SWAY_PERF_OUTPUT,599,99,112731
SWAY_PERF_OUTPUT,600,127,112732
SWAY_PERF_OUTPUT,601,126,112733
SWAY_PERF_OUTPUT,602,112,112734
SWAY_PERF_OUTPUT,603,115,112735
SWAY_PERF_OUTPUT,604,127,112736
SWAY_PERF_OUTPUT,605,98,112737
SWAY_PERF_OUTPUT,606,103,112738
SWAY_PERF_OUTPUT,607,127,112739
SWAY_PERF_OUTPUT,608,35,112740
SWAY_PERF_OUTPUT,609,57,112741
SWAY_PERF_OUTPUT,610,75,112742
SWAY_PERF_OUTPUT,611,88,112743
SWAY_PERF_OUTPUT,612,62,112744
SWAY_PERF_OUTPUT,613,70,112745
SWAY_PERF_OUTPUT,614,104,112746
SWAY_PERF_OUTPUT,615,60,112747
SWAY_PERF_OUTPUT,616,31,112748
SWAY_PERF_OUTPUT,617,8,112749
SWAY_PERF_OUTPUT,618,19,112750
SWAY_PERF_OUTPUT,619,-29,112751
SWAY_PERF_OUTPUT,620,-52,112752
SWAY_PERF_OUTPUT,621,-46,112753
SWAY_PERF_OUTPUT,622,31,112754
SWAY_PERF_OUTPUT,623,-32,112755
SWAY_PERF_OUTPUT,624,-54,112756
SWAY_PERF_OUTPUT,625,-38,112757
SWAY_PERF_OUTPUT,626,68,112758
SWAY_PERF_FRAME,10,112702,112758
SWAY_PERF_INPUT_FRAME,14,111319,120766
SWAY_PERF_OUTPUT,627,61,122150
SWAY_PERF_OUTPUT,628,72,122151
SWAY_PERF_OUTPUT,629,58,122152
SWAY_PERF_OUTPUT,630,63,122153
SWAY_PERF_OUTPUT,631,71,122154
SWAY_PERF_OUTPUT,632,59,122155
SWAY_PERF_OUTPUT,633,17,122156
SWAY_PERF_OUTPUT,634,69,122157
SWAY_PERF_OUTPUT,635,80,122158
SWAY_PERF_OUTPUT,636,102,122159
SWAY_PERF_OUTPUT,637,53,122160
SWAY_PERF_OUTPUT,638,68,122161
SWAY_PERF_OUTPUT,639,58,122162
SWAY_PERF_OUTPUT,640,56,122163
SWAY_PERF_OUTPUT,641,48,122164
SWAY_PERF_OUTPUT,642,37,122165
SWAY_PERF_OUTPUT,643,13,122166
SWAY_PERF_OUTPUT,644,20,122167
SWAY_PERF_OUTPUT,645,73,122168
SWAY_PERF_OUTPUT,646,118,122169
SWAY_PERF_OUTPUT,647,127,122170
SWAY_PERF_OUTPUT,648,127,122171
SWAY_PERF_OUTPUT,649,127,122172
SWAY_PERF_OUTPUT,650,127,122173
SWAY_PERF_OUTPUT,651,116,122174
SWAY_PERF_OUTPUT,652,88,122175
SWAY_PERF_OUTPUT,653,127,122176
SWAY_PERF_OUTPUT,654,120,122177
SWAY_PERF_OUTPUT,655,119,122178
SWAY_PERF_OUTPUT,656,127,122179
SWAY_PERF_OUTPUT,657,110,122180
SWAY_PERF_OUTPUT,658,121,122181
SWAY_PERF_OUTPUT,659,118,122182
SWAY_PERF_OUTPUT,660,127,122183
SWAY_PERF_OUTPUT,661,127,122184
SWAY_PERF_OUTPUT,662,127,122185
SWAY_PERF_OUTPUT,663,127,122186
SWAY_PERF_OUTPUT,664,127,122187
SWAY_PERF_OUTPUT,665,-21,122188
SWAY_PERF_OUTPUT,666,-2,122189
SWAY_PERF_OUTPUT,667,32,122190
SWAY_PERF_OUTPUT,668,32,122191
SWAY_PERF_OUTPUT,669,17,122192
SWAY_PERF_OUTPUT,670,-14,122193
SWAY_PERF_OUTPUT,671,-22,122194
SWAY_PERF_OUTPUT,672,-12,122195
SWAY_PERF_OUTPUT,673,-47,122196
SWAY_PERF_OUTPUT,674,-38,122197
SWAY_PERF_OUTPUT,675,-36,122198
SWAY_PERF_OUTPUT,676,-46,122199
SWAY_PERF_OUTPUT,677,-81,122200
SWAY_PERF_OUTPUT,678,-67,122201
SWAY_PERF_OUTPUT,679,-17,122202
SWAY_PERF_OUTPUT,680,-41,122203
SWAY_PERF_OUTPUT,681,-65,122204
SWAY_PERF_OUTPUT,682,-78,122205
SWAY_PERF_OUTPUT,683,21,122206
SWAY_PERF_FRAME,11,122150,122206
SWAY_PERF_INPUT_FRAME,15,120767,130214
SWAY_PERF_OUTPUT,684,7,131598
SWAY_PERF_OUTPUT,685,7,131599
SWAY_PERF_OUTPUT,686,6,131600
SWAY_PERF_OUTPUT,687,6,131601
SWAY_PERF_OUTPUT,688,12,131602
SWAY_PERF_OUTPUT,689,16,131603
SWAY_PERF_OUTPUT,690,19,131604
SWAY_PERF_OUTPUT,691,1,131605
SWAY_PERF_OUTPUT,692,-2,131606
SWAY_PERF_OUTPUT,693,-3,131607
SWAY_PERF_OUTPUT,694,9,131608
SWAY_PERF_OUTPUT,695,10,131609
SWAY_PERF_OUTPUT,696,11,131610
SWAY_PERF_OUTPUT,697,11,131611
SWAY_PERF_OUTPUT,698,4,131612
SWAY_PERF_OUTPUT,699,2,131613
SWAY_PERF_OUTPUT,700,0,131614
SWAY_PERF_OUTPUT,701,0,131615
SWAY_PERF_OUTPUT,702,7,131616
SWAY_PERF_OUTPUT,703,63,131617
SWAY_PERF_OUTPUT,704,63,131618
SWAY_PERF_OUTPUT,705,63,131619
SWAY_PERF_OUTPUT,706,62,131620
SWAY_PERF_OUTPUT,707,62,131621
SWAY_PERF_OUTPUT,708,63,131622
SWAY_PERF_OUTPUT,709,61,131623
SWAY_PERF_OUTPUT,710,62,131624
SWAY_PERF_OUTPUT,711,63,131625
SWAY_PERF_OUTPUT,712,61,131626
SWAY_PERF_OUTPUT,713,62,131627
SWAY_PERF_OUTPUT,714,62,131628
SWAY_PERF_OUTPUT,715,63,131629
SWAY_PERF_OUTPUT,716,61,131630
SWAY_PERF_OUTPUT,717,62,131631
SWAY_PERF_OUTPUT,718,62,131632
SWAY_PERF_OUTPUT,719,63,131633
SWAY_PERF_OUTPUT,720,60,131634
SWAY_PERF_OUTPUT,721,63,131635
SWAY_PERF_OUTPUT,722,-7,131636
SWAY_PERF_OUTPUT,723,2,131637
SWAY_PERF_OUTPUT,724,13,131638
SWAY_PERF_OUTPUT,725,17,131639
SWAY_PERF_OUTPUT,726,9,131640
SWAY_PERF_OUTPUT,727,5,131641
SWAY_PERF_OUTPUT,728,2,131642
SWAY_PERF_OUTPUT,729,9,131643
SWAY_PERF_OUTPUT,730,2,131644
SWAY_PERF_OUTPUT,731,-4,131645
SWAY_PERF_OUTPUT,732,-7,131646
SWAY_PERF_OUTPUT,733,-17,131647
SWAY_PERF_OUTPUT,734,-28,131648
SWAY_PERF_OUTPUT,735,-29,131649
SWAY_PERF_OUTPUT,736,-7,131650
SWAY_PERF_OUTPUT,737,-16,131651
SWAY_PERF_OUTPUT,738,-27,131652
SWAY_PERF_OUTPUT,739,-29,131653
SWAY_PERF_OUTPUT,740,10,131654
SWAY_PERF_FRAME,12,131598,131654
SWAY_PERF_INPUT_FRAME,16,130215,139662
SWAY_PERF_OUTPUT,741,7,141046
SWAY_PERF_OUTPUT,742,7,141047
SWAY_PERF_OUTPUT,743,6,141048
SWAY_PERF_OUTPUT,744,6,141049
SWAY_PERF_OUTPUT,745,12,141050
SWAY_PERF_OUTPUT,746,16,141051
SWAY_PERF_OUTPUT,747,19,141052
SWAY_PERF_OUTPUT,748,1,141053
SWAY_PERF_OUTPUT,749,-2,141054
SWAY_PERF_OUTPUT,750,-3,141055
SWAY_PERF_OUTPUT,751,9,141056
SWAY_PERF_OUTPUT,752,10,141057
SWAY_PERF_OUTPUT,753,11,141058
SWAY_PERF_OUTPUT,754,11,141059
SWAY_PERF_OUTPUT,755,4,141060
SWAY_PERF_OUTPUT,756,2,141061
SWAY_PERF_OUTPUT,757,0,141062
SWAY_PERF_OUTPUT,758,0,141063
SWAY_PERF_OUTPUT,759,7,141064
SWAY_PERF_OUTPUT,760,63,141065
SWAY_PERF_OUTPUT,761,63,141066
SWAY_PERF_OUTPUT,762,63,141067
SWAY_PERF_OUTPUT,763,62,141068
SWAY_PERF_OUTPUT,764,62,141069
SWAY_PERF_OUTPUT,765,63,141070
SWAY_PERF_OUTPUT,766,61,141071
SWAY_PERF_OUTPUT,767,62,141072
SWAY_PERF_OUTPUT,768,63,141073
SWAY_PERF_OUTPUT,769,61,141074
SWAY_PERF_OUTPUT,770,62,141075
SWAY_PERF_OUTPUT,771,62,141076
SWAY_PERF_OUTPUT,772,63,141077
SWAY_PERF_OUTPUT,773,61,141078
SWAY_PERF_OUTPUT,774,62,141079
SWAY_PERF_OUTPUT,775,62,141080
SWAY_PERF_OUTPUT,776,63,141081
SWAY_PERF_OUTPUT,777,60,141082
SWAY_PERF_OUTPUT,778,63,141083
SWAY_PERF_OUTPUT,779,-7,141084
SWAY_PERF_OUTPUT,780,2,141085
SWAY_PERF_OUTPUT,781,13,141086
SWAY_PERF_OUTPUT,782,17,141087
SWAY_PERF_OUTPUT,783,9,141088
SWAY_PERF_OUTPUT,784,5,141089
SWAY_PERF_OUTPUT,785,2,141090
SWAY_PERF_OUTPUT,786,9,141091
SWAY_PERF_OUTPUT,787,2,141092
SWAY_PERF_OUTPUT,788,-4,141093
SWAY_PERF_OUTPUT,789,-7,141094
SWAY_PERF_OUTPUT,790,-17,141095
SWAY_PERF_OUTPUT,791,-28,141096
SWAY_PERF_OUTPUT,792,-29,141097
SWAY_PERF_OUTPUT,793,-7,141098
SWAY_PERF_OUTPUT,794,-16,141099
SWAY_PERF_OUTPUT,795,-27,141100
SWAY_PERF_OUTPUT,796,-29,141101
SWAY_PERF_OUTPUT,797,10,141102
SWAY_PERF_FRAME,13,141046,141102
SWAY_PERF_INPUT_FRAME,17,139663,149110
SWAY_PERF_OUTPUT,798,7,150494
SWAY_PERF_OUTPUT,799,7,150495
SWAY_PERF_OUTPUT,800,6,150496
SWAY_PERF_OUTPUT,801,6,150497
SWAY_PERF_OUTPUT,802,12,150498
SWAY_PERF_OUTPUT,803,16,150499
SWAY_PERF_OUTPUT,804,19,150500
SWAY_PERF_OUTPUT,805,1,150501
SWAY_PERF_OUTPUT,806,-2,150502
SWAY_PERF_OUTPUT,807,-3,150503
SWAY_PERF_OUTPUT,808,9,150504
SWAY_PERF_OUTPUT,809,10,150505
SWAY_PERF_OUTPUT,810,11,150506
SWAY_PERF_OUTPUT,811,11,150507
SWAY_PERF_OUTPUT,812,4,150508
SWAY_PERF_OUTPUT,813,2,150509
SWAY_PERF_OUTPUT,814,0,150510
SWAY_PERF_OUTPUT,815,0,150511
SWAY_PERF_OUTPUT,816,7,150512
SWAY_PERF_OUTPUT,817,63,150513
SWAY_PERF_OUTPUT,818,63,150514
SWAY_PERF_OUTPUT,819,63,150515
SWAY_PERF_OUTPUT,820,62,150516
SWAY_PERF_OUTPUT,821,62,150517
SWAY_PERF_OUTPUT,822,63,150518
SWAY_PERF_OUTPUT,823,61,150519
SWAY_PERF_OUTPUT,824,62,150520
SWAY_PERF_OUTPUT,825,63,150521
SWAY_PERF_OUTPUT,826,61,150522
SWAY_PERF_OUTPUT,827,62,150523
SWAY_PERF_OUTPUT,828,62,150524
SWAY_PERF_OUTPUT,829,63,150525
SWAY_PERF_OUTPUT,830,61,150526
SWAY_PERF_OUTPUT,831,62,150527
SWAY_PERF_OUTPUT,832,62,150528
SWAY_PERF_OUTPUT,833,63,150529
SWAY_PERF_OUTPUT,834,60,150530
SWAY_PERF_OUTPUT,835,63,150531
SWAY_PERF_OUTPUT,836,-7,150532
SWAY_PERF_OUTPUT,837,2,150533
SWAY_PERF_OUTPUT,838,13,150534
SWAY_PERF_OUTPUT,839,17,150535
SWAY_PERF_OUTPUT,840,9,150536
SWAY_PERF_OUTPUT,841,5,150537
SWAY_PERF_OUTPUT,842,2,150538
SWAY_PERF_OUTPUT,843,9,150539
SWAY_PERF_OUTPUT,844,2,150540
SWAY_PERF_OUTPUT,845,-4,150541
SWAY_PERF_OUTPUT,846,-7,150542
SWAY_PERF_OUTPUT,847,-17,150543
SWAY_PERF_OUTPUT,848,-28,150544
SWAY_PERF_OUTPUT,849,-29,150545
SWAY_PERF_OUTPUT,850,-7,150546
SWAY_PERF_OUTPUT,851,-16,150547
SWAY_PERF_OUTPUT,852,-27,150548
SWAY_PERF_OUTPUT,853,-29,150549
SWAY_PERF_OUTPUT,854,10,150550
SWAY_PERF_FRAME,14,150494,150550
SWAY_PERF_INPUT_FRAME,18,149111,158558
SWAY_PERF_OUTPUT,855,7,159942
SWAY_PERF_OUTPUT,856,8,159943
SWAY_PERF_OUTPUT,857,8,159944
SWAY_PERF_OUTPUT,858,8,159945
SWAY_PERF_OUTPUT,859,13,159946
SWAY_PERF_OUTPUT,860,17,159947
SWAY_PERF_OUTPUT,861,20,159948
SWAY_PERF_OUTPUT,862,2,159949
SWAY_PERF_OUTPUT,863,-2,159950
SWAY_PERF_OUTPUT,864,-5,159951
SWAY_PERF_OUTPUT,865,10,159952
SWAY_PERF_OUTPUT,866,11,159953
SWAY_PERF_OUTPUT,867,10,159954
SWAY_PERF_OUTPUT,868,11,159955
SWAY_PERF_OUTPUT,869,5,159956
SWAY_PERF_OUTPUT,870,3,159957
SWAY_PERF_OUTPUT,871,0,159958
SWAY_PERF_OUTPUT,872,0,159959
SWAY_PERF_OUTPUT,873,8,159960
SWAY_PERF_OUTPUT,874,62,159961
SWAY_PERF_OUTPUT,875,62,159962
SWAY_PERF_OUTPUT,876,62,159963
SWAY_PERF_OUTPUT,877,62,159964
SWAY_PERF_OUTPUT,878,62,159965
SWAY_PERF_OUTPUT,879,62,159966
SWAY_PERF_OUTPUT,880,60,159967
SWAY_PERF_OUTPUT,881,61,159968
SWAY_PERF_OUTPUT,882,61,159969
SWAY_PERF_OUTPUT,883,60,159970
SWAY_PERF_OUTPUT,884,61,159971
SWAY_PERF_OUTPUT,885,60,159972
SWAY_PERF_OUTPUT,886,62,159973
SWAY_PERF_OUTPUT,887,59,159974
SWAY_PERF_OUTPUT,888,61,159975
SWAY_PERF_OUTPUT,889,61,159976
SWAY_PERF_OUTPUT,890,64,159977
SWAY_PERF_OUTPUT,891,60,159978
SWAY_PERF_OUTPUT,892,62,159979
SWAY_PERF_OUTPUT,893,-6,159980
SWAY_PERF_OUTPUT,894,4,159981
SWAY_PERF_OUTPUT,895,14,159982
SWAY_PERF_OUTPUT,896,18,159983
SWAY_PERF_OUTPUT,897,10,159984
SWAY_PERF_OUTPUT,898,6,159985
SWAY_PERF_OUTPUT,899,-1,159986
SWAY_PERF_OUTPUT,900,10,159987
SWAY_PERF_OUTPUT,901,4,159988
SWAY_PERF_OUTPUT,902,-1,159989
SWAY_PERF_OUTPUT,903,-5,159990
SWAY_PERF_OUTPUT,904,-16,159991
SWAY_PERF_OUTPUT,905,-26,159992
SWAY_PERF_OUTPUT,906,-29,159993
SWAY_PERF_OUTPUT,907,-6,159994
SWAY_PERF_OUTPUT,908,-15,159995
SWAY_PERF_OUTPUT,909,-26,159996
SWAY_PERF_OUTPUT,910,-28,159997
SWAY_PERF_OUTPUT,911,11,159998
SWAY_PERF_FRAME,15,159942,159998
SWAY_PERF_INPUT_FRAME,19,158559,168006
SWAY_PERF_OUTPUT,912,8,169390
SWAY_PERF_OUTPUT,913,9,169391
SWAY_PERF_OUTPUT,914,8,169392
SWAY_PERF_OUTPUT,915,9,169393
SWAY_PERF_OUTPUT,916,13,169394
SWAY_PERF_OUTPUT,917,16,169395
SWAY_PERF_OUTPUT,918,15,169396
SWAY_PERF_OUTPUT,919,4,169397
SWAY_PERF_OUTPUT,920,1,169398
SWAY_PERF_OUTPUT,921,0,169399
SWAY_PERF_OUTPUT,922,10,169400
SWAY_PERF_OUTPUT,923,10,169401
SWAY_PERF_OUTPUT,924,8,169402
SWAY_PERF_OUTPUT,925,8,169403
SWAY_PERF_OUTPUT,926,6,169404
SWAY_PERF_OUTPUT,927,4,169405
SWAY_PERF_OUTPUT,928,2,169406
SWAY_PERF_OUTPUT,929,1,169407
SWAY_PERF_OUTPUT,930,9,169408
SWAY_PERF_OUTPUT,931,63,169409
SWAY_PERF_OUTPUT,932,63,169410
SWAY_PERF_OUTPUT,933,63,169411
SWAY_PERF_OUTPUT,934,63,169412
SWAY_PERF_OUTPUT,935,62,169413
SWAY_PERF_OUTPUT,936,62,169414
SWAY_PERF_OUTPUT,937,60,169415
SWAY_PERF_OUTPUT,938,62,169416
SWAY_PERF_OUTPUT,939,64,169417
SWAY_PERF_OUTPUT,940,62,169418
SWAY_PERF_OUTPUT,941,62,169419
SWAY_PERF_OUTPUT,942,62,169420
SWAY_PERF_OUTPUT,943,63,169421
SWAY_PERF_OUTPUT,944,62,169422
SWAY_PERF_OUTPUT,945,62,169423
SWAY_PERF_OUTPUT,946,62,169424
SWAY_PERF_OUTPUT,947,63,169425
SWAY_PERF_OUTPUT,948,59,169426
SWAY_PERF_OUTPUT,949,63,169427
SWAY_PERF_OUTPUT,950,-8,169428
SWAY_PERF_OUTPUT,951,2,169429
SWAY_PERF_OUTPUT,952,13,169430
SWAY_PERF_OUTPUT,953,17,169431
SWAY_PERF_OUTPUT,954,9,169432
SWAY_PERF_OUTPUT,955,2,169433
SWAY_PERF_OUTPUT,956,-4,169434
SWAY_PERF_OUTPUT,957,8,169435
SWAY_PERF_OUTPUT,958,2,169436
SWAY_PERF_OUTPUT,959,-4,169437
SWAY_PERF_OUTPUT,960,-7,169438
SWAY_PERF_OUTPUT,961,-17,169439
SWAY_PERF_OUTPUT,962,-28,169440
SWAY_PERF_OUTPUT,963,-30,169441
SWAY_PERF_OUTPUT,964,-7,169442
SWAY_PERF_OUTPUT,965,-16,169443
SWAY_PERF_OUTPUT,966,-26,169444
SWAY_PERF_OUTPUT,967,-29,169445
SWAY_PERF_OUTPUT,968,10,169446
SWAY_PERF_FRAME,16,169390,169446
SWAY_PERF_INPUT_FRAME,20,168007,177454
SWAY_PERF_OUTPUT,969,7,178838
SWAY_PERF_OUTPUT,970,7,178839
SWAY_PERF_OUTPUT,971,6,178840
SWAY_PERF_OUTPUT,972,7,178841
SWAY_PERF_OUTPUT,973,13,178842
SWAY_PERF_OUTPUT,974,17,178843
SWAY_PERF_OUTPUT,975,20,178844
SWAY_PERF_OUTPUT,976,1,178845
SWAY_PERF_OUTPUT,977,-3,178846
SWAY_PERF_OUTPUT,978,-4,178847
SWAY_PERF_OUTPUT,979,10,178848
SWAY_PERF_OUTPUT,980,11,178849
SWAY_PERF_OUTPUT,981,13,178850
SWAY_PERF_OUTPUT,982,13,178851
SWAY_PERF_OUTPUT,983,5,178852
SWAY_PERF_OUTPUT,984,4,178853
SWAY_PERF_OUTPUT,985,2,178854
SWAY_PERF_OUTPUT,986,2,178855
SWAY_PERF_OUTPUT,987,7,178856
SWAY_PERF_OUTPUT,988,62,178857
SWAY_PERF_OUTPUT,989,62,178858
SWAY_PERF_OUTPUT,990,62,178859
SWAY_PERF_OUTPUT,991,61,178860
SWAY_PERF_OUTPUT,992,63,178861
SWAY_PERF_OUTPUT,993,65,178862
SWAY_PERF_OUTPUT,994,62,178863
SWAY_PERF_OUTPUT,995,60,178864
SWAY_PERF_OUTPUT,996,59,178865
SWAY_PERF_OUTPUT,997,57,178866
SWAY_PERF_OUTPUT,998,60,178867
SWAY_PERF_OUTPUT,999,60,178868
SWAY_PERF_OUTPUT,1000,59,178869
SWAY_PERF_OUTPUT,1001,56,178870
SWAY_PERF_OUTPUT,1002,60,178871
SWAY_PERF_OUTPUT,1003,63,178872
SWAY_PERF_OUTPUT,1004,65,178873
SWAY_PERF_OUTPUT,1005,62,178874
SWAY_PERF_OUTPUT,1006,62,178875
SWAY_PERF_OUTPUT,1007,-3,178876
SWAY_PERF_OUTPUT,1008,7,178877
SWAY_PERF_OUTPUT,1009,17,178878
SWAY_PERF_OUTPUT,1010,22,178879
SWAY_PERF_OUTPUT,1011,14,178880
SWAY_PERF_OUTPUT,1012,10,178881
SWAY_PERF_OUTPUT,1013,8,178882
SWAY_PERF_OUTPUT,1014,14,178883
SWAY_PERF_OUTPUT,1015,8,178884
SWAY_PERF_OUTPUT,1016,4,178885
SWAY_PERF_OUTPUT,1017,-2,178886
SWAY_PERF_OUTPUT,1018,-15,178887
SWAY_PERF_OUTPUT,1019,-26,178888
SWAY_PERF_OUTPUT,1020,-28,178889
SWAY_PERF_OUTPUT,1021,-3,178890
SWAY_PERF_OUTPUT,1022,-15,178891
SWAY_PERF_OUTPUT,1023,-26,178892
SWAY_PERF_OUTPUT,1024,-28,178893
SWAY_PERF_OUTPUT,1025,15,178894
SWAY_PERF_FRAME,17,178838,178894
SWAY_PERF_INPUT_FRAME,21,177455,186902
SWAY_PERF_OUTPUT,1026,8,188286
SWAY_PERF_OUTPUT,1027,9,188287
SWAY_PERF_OUTPUT,1028,9,188288
SWAY_PERF_OUTPUT,1029,9,188289
SWAY_PERF_OUTPUT,1030,14,188290
SWAY_PERF_OUTPUT,1031,20,188291
SWAY_PERF_OUTPUT,1032,23,188292
SWAY_PERF_OUTPUT,1033,3,188293
SWAY_PERF_OUTPUT,1034,-4,188294
SWAY_PERF_OUTPUT,1035,-9,188295
SWAY_PERF_OUTPUT,1036,11,188296
SWAY_PERF_OUTPUT,1037,13,188297
SWAY_PERF_OUTPUT,1038,13,188298
SWAY_PERF_OUTPUT,1039,14,188299
SWAY_PERF_OUTPUT,1040,6,188300
SWAY_PERF_OUTPUT,1041,0,188301
SWAY_PERF_OUTPUT,1042,-5,188302
SWAY_PERF_OUTPUT,1043,-5,188303
SWAY_PERF_OUTPUT,1044,9,188304
SWAY_PERF_OUTPUT,1045,62,188305
SWAY_PERF_OUTPUT,1046,61,188306
SWAY_PERF_OUTPUT,1047,60,188307
SWAY_PERF_OUTPUT,1048,59,188308
SWAY_PERF_OUTPUT,1049,59,188309
SWAY_PERF_OUTPUT,1050,59,188310
SWAY_PERF_OUTPUT,1051,58,188311
SWAY_PERF_OUTPUT,1052,60,188312
SWAY_PERF_OUTPUT,1053,60,188313
SWAY_PERF_OUTPUT,1054,59,188314
SWAY_PERF_OUTPUT,1055,60,188315
SWAY_PERF_OUTPUT,1056,58,188316
SWAY_PERF_OUTPUT,1057,61,188317
SWAY_PERF_OUTPUT,1058,59,188318
SWAY_PERF_OUTPUT,1059,61,188319
SWAY_PERF_OUTPUT,1060,59,188320
SWAY_PERF_OUTPUT,1061,61,188321
SWAY_PERF_OUTPUT,1062,58,188322
SWAY_PERF_OUTPUT,1063,60,188323
SWAY_PERF_OUTPUT,1064,-8,188324
SWAY_PERF_OUTPUT,1065,2,188325
SWAY_PERF_OUTPUT,1066,11,188326
SWAY_PERF_OUTPUT,1067,15,188327
SWAY_PERF_OUTPUT,1068,8,188328
SWAY_PERF_OUTPUT,1069,6,188329
SWAY_PERF_OUTPUT,1070,5,188330
SWAY_PERF_OUTPUT,1071,8,188331
SWAY_PERF_OUTPUT,1072,6,188332
SWAY_PERF_OUTPUT,1073,8,188333
SWAY_PERF_OUTPUT,1074,-7,188334
SWAY_PERF_OUTPUT,1075,-16,188335
SWAY_PERF_OUTPUT,1076,-27,188336
SWAY_PERF_OUTPUT,1077,-29,188337
SWAY_PERF_OUTPUT,1078,-7,188338
SWAY_PERF_OUTPUT,1079,-14,188339
SWAY_PERF_OUTPUT,1080,-25,188340
SWAY_PERF_OUTPUT,1081,-27,188341
SWAY_PERF_OUTPUT,1082,9,188342
SWAY_PERF_FRAME,18,188286,188342
SWAY_PERF_INPUT_FRAME,22,186903,196350
SWAY_PERF_OUTPUT,1083,4,197734
SWAY_PERF_OUTPUT,1084,4,197735
SWAY_PERF_OUTPUT,1085,3,197736
SWAY_PERF_OUTPUT,1086,3,197737
SWAY_PERF_OUTPUT,1087,9,197738
SWAY_PERF_OUTPUT,1088,16,197739
SWAY_PERF_OUTPUT,1089,19,197740
SWAY_PERF_OUTPUT,1090,-2,197741
SWAY_PERF_OUTPUT,1091,-7,197742
SWAY_PERF_OUTPUT,1092,-8,197743
SWAY_PERF_OUTPUT,1093,7,197744
SWAY_PERF_OUTPUT,1094,11,197745
SWAY_PERF_OUTPUT,1095,13,197746
SWAY_PERF_OUTPUT,1096,14,197747
SWAY_PERF_OUTPUT,1097,2,197748
SWAY_PERF_OUTPUT,1098,-1,197749
SWAY_PERF_OUTPUT,1099,-2,197750
SWAY_PERF_OUTPUT,1100,-2,197751
SWAY_PERF_OUTPUT,1101,3,197752
SWAY_PERF_OUTPUT,1102,61,197753
SWAY_PERF_OUTPUT,1103,61,197754
SWAY_PERF_OUTPUT,1104,60,197755
SWAY_PERF_OUTPUT,1105,60,197756
SWAY_PERF_OUTPUT,1106,60,197757
SWAY_PERF_OUTPUT,1107,61,197758
SWAY_PERF_OUTPUT,1108,59,197759
SWAY_PERF_OUTPUT,1109,59,197760
SWAY_PERF_OUTPUT,1110,59,197761
SWAY_PERF_OUTPUT,1111,58,197762
SWAY_PERF_OUTPUT,1112,60,197763
SWAY_PERF_OUTPUT,1113,59,197764
SWAY_PERF_OUTPUT,1114,60,197765
SWAY_PERF_OUTPUT,1115,57,197766
SWAY_PERF_OUTPUT,1116,60,197767
SWAY_PERF_OUTPUT,1117,59,197768
SWAY_PERF_OUTPUT,1118,62,197769
SWAY_PERF_OUTPUT,1119,59,197770
SWAY_PERF_OUTPUT,1120,60,197771
SWAY_PERF_OUTPUT,1121,-6,197772
SWAY_PERF_OUTPUT,1122,4,197773
SWAY_PERF_OUTPUT,1123,14,197774
SWAY_PERF_OUTPUT,1124,18,197775
SWAY_PERF_OUTPUT,1125,11,197776
SWAY_PERF_OUTPUT,1126,10,197777
SWAY_PERF_OUTPUT,1127,11,197778
SWAY_PERF_OUTPUT,1128,10,197779
SWAY_PERF_OUTPUT,1129,6,197780
SWAY_PERF_OUTPUT,1130,5,197781
SWAY_PERF_OUTPUT,1131,-5,197782
SWAY_PERF_OUTPUT,1132,-15,197783
SWAY_PERF_OUTPUT,1133,-25,197784
SWAY_PERF_OUTPUT,1134,-28,197785
SWAY_PERF_OUTPUT,1135,-6,197786
SWAY_PERF_OUTPUT,1136,-15,197787
SWAY_PERF_OUTPUT,1137,-27,197788
SWAY_PERF_OUTPUT,1138,-29,197789
SWAY_PERF_OUTPUT,1139,12,197790
SWAY_PERF_FRAME,19,197734,197790
SWAY_PERF_INPUT_FRAME,23,196351,205798
SWAY_PERF_OUTPUT,1140,4,207182
SWAY_PERF_OUTPUT,1141,4,207183
SWAY_PERF_OUTPUT,1142,3,207184
SWAY_PERF_OUTPUT,1143,3,207185
SWAY_PERF_OUTPUT,1144,10,207186
SWAY_PERF_OUTPUT,1145,16,207187
SWAY_PERF_OUTPUT,1146,21,207188
SWAY_PERF_OUTPUT,1147,-3,207189
SWAY_PERF_OUTPUT,1148,-10,207190
SWAY_PERF_OUTPUT,1149,-15,207191
SWAY_PERF_OUTPUT,1150,7,207192
SWAY_PERF_OUTPUT,1151,11,207193
SWAY_PERF_OUTPUT,1152,15,207194
SWAY_PERF_OUTPUT,1153,15,207195
SWAY_PERF_OUTPUT,1154,2,207196
SWAY_PERF_OUTPUT,1155,-2,207197
SWAY_PERF_OUTPUT,1156,-5,207198
SWAY_PERF_OUTPUT,1157,-5,207199
SWAY_PERF_OUTPUT,1158,3,207200
SWAY_PERF_OUTPUT,1159,63,207201
SWAY_PERF_OUTPUT,1160,62,207202
SWAY_PERF_OUTPUT,1161,61,207203
SWAY_PERF_OUTPUT,1162,61,207204
SWAY_PERF_OUTPUT,1163,62,207205
SWAY_PERF_OUTPUT,1164,62,207206
SWAY_PERF_OUTPUT,1165,60,207207
SWAY_PERF_OUTPUT,1166,61,207208
SWAY_PERF_OUTPUT,1167,61,207209
SWAY_PERF_OUTPUT,1168,60,207210
SWAY_PERF_OUTPUT,1169,61,207211
SWAY_PERF_OUTPUT,1170,60,207212
SWAY_PERF_OUTPUT,1171,61,207213
SWAY_PERF_OUTPUT,1172,59,207214
SWAY_PERF_OUTPUT,1173,61,207215
SWAY_PERF_OUTPUT,1174,61,207216
SWAY_PERF_OUTPUT,1175,63,207217
SWAY_PERF_OUTPUT,1176,60,207218
SWAY_PERF_OUTPUT,1177,61,207219
SWAY_PERF_OUTPUT,1178,-4,207220
SWAY_PERF_OUTPUT,1179,6,207221
SWAY_PERF_OUTPUT,1180,17,207222
SWAY_PERF_OUTPUT,1181,21,207223
SWAY_PERF_OUTPUT,1182,13,207224
SWAY_PERF_OUTPUT,1183,13,207225
SWAY_PERF_OUTPUT,1184,14,207226
SWAY_PERF_OUTPUT,1185,13,207227
SWAY_PERF_OUTPUT,1186,12,207228
SWAY_PERF_OUTPUT,1187,15,207229
SWAY_PERF_OUTPUT,1188,-3,207230
SWAY_PERF_OUTPUT,1189,-14,207231
SWAY_PERF_OUTPUT,1190,-26,207232
SWAY_PERF_OUTPUT,1191,-28,207233
SWAY_PERF_OUTPUT,1192,-3,207234
SWAY_PERF_OUTPUT,1193,-14,207235
SWAY_PERF_OUTPUT,1194,-26,207236
SWAY_PERF_OUTPUT,1195,-28,207237
SWAY_PERF_OUTPUT,1196,14,207238
SWAY_PERF_FRAME,20,207182,207238
SWAY_PERF_INPUT_FRAME,24,205799,215246
SWAY_PERF_OUTPUT,1197,8,216630
SWAY_PERF_OUTPUT,1198,9,216631
SWAY_PERF_OUTPUT,1199,8,216632
SWAY_PERF_OUTPUT,1200,8,216633
SWAY_PERF_OUTPUT,1201,14,216634
SWAY_PERF_OUTPUT,1202,19,216635
SWAY_PERF_OUTPUT,1203,21,216636
SWAY_PERF_OUTPUT,1204,3,216637
SWAY_PERF_OUTPUT,1205,0,216638
SWAY_PERF_OUTPUT,1206,-3,216639
SWAY_PERF_OUTPUT,1207,10,216640
SWAY_PERF_OUTPUT,1208,12,216641
SWAY_PERF_OUTPUT,1209,12,216642
SWAY_PERF_OUTPUT,1210,12,216643
SWAY_PERF_OUTPUT,1211,6,216644
SWAY_PERF_OUTPUT,1212,3,216645
SWAY_PERF_OUTPUT,1213,0,216646
SWAY_PERF_OUTPUT,1214,-1,216647
SWAY_PERF_OUTPUT,1215,9,216648
SWAY_PERF_OUTPUT,1216,61,216649
SWAY_PERF_OUTPUT,1217,62,216650
SWAY_PERF_OUTPUT,1218,61,216651
SWAY_PERF_OUTPUT,1219,61,216652
SWAY_PERF_OUTPUT,1220,61,216653
SWAY_PERF_OUTPUT,1221,61,216654
SWAY_PERF_OUTPUT,1222,59,216655
SWAY_PERF_OUTPUT,1223,60,216656
SWAY_PERF_OUTPUT,1224,61,216657
SWAY_PERF_OUTPUT,1225,60,216658
SWAY_PERF_OUTPUT,1226,60,216659
SWAY_PERF_OUTPUT,1227,60,216660
SWAY_PERF_OUTPUT,1228,62,216661
SWAY_PERF_OUTPUT,1229,60,216662
SWAY_PERF_OUTPUT,1230,61,216663
SWAY_PERF_OUTPUT,1231,61,216664
SWAY_PERF_OUTPUT,1232,62,216665
SWAY_PERF_OUTPUT,1233,58,216666
SWAY_PERF_OUTPUT,1234,61,216667
SWAY_PERF_OUTPUT,1235,-6,216668
SWAY_PERF_OUTPUT,1236,3,216669
SWAY_PERF_OUTPUT,1237,14,216670
SWAY_PERF_OUTPUT,1238,17,216671
SWAY_PERF_OUTPUT,1239,10,216672
SWAY_PERF_OUTPUT,1240,7,216673
SWAY_PERF_OUTPUT,1241,6,216674
SWAY_PERF_OUTPUT,1242,9,216675
SWAY_PERF_OUTPUT,1243,4,216676
SWAY_PERF_OUTPUT,1244,1,216677
SWAY_PERF_OUTPUT,1245,-6,216678
SWAY_PERF_OUTPUT,1246,-16,216679
SWAY_PERF_OUTPUT,1247,-27,216680
SWAY_PERF_OUTPUT,1248,-29,216681
SWAY_PERF_OUTPUT,1249,-6,216682
SWAY_PERF_OUTPUT,1250,-15,216683
SWAY_PERF_OUTPUT,1251,-26,216684
SWAY_PERF_OUTPUT,1252,-28,216685
SWAY_PERF_OUTPUT,1253,11,216686
SWAY_PERF_FRAME,21,216630,216686
SWAY_PERF_INPUT_FRAME,25,215247,224694
SWAY_PERF_OUTPUT,1254,9,226078
SWAY_PERF_OUTPUT,1255,9,226079
SWAY_PERF_OUTPUT,1256,8,226080
SWAY_PERF_OUTPUT,1257,9,226081
SWAY_PERF_OUTPUT,1258,15,226082
SWAY_PERF_OUTPUT,1259,18,226083
SWAY_PERF_OUTPUT,1260,19,226084
SWAY_PERF_OUTPUT,1261,4,226085
SWAY_PERF_OUTPUT,1262,-2,226086
SWAY_PERF_OUTPUT,1263,-5,226087
SWAY_PERF_OUTPUT,1264,10,226088
SWAY_PERF_OUTPUT,1265,11,226089
SWAY_PERF_OUTPUT,1266,11,226090
SWAY_PERF_OUTPUT,1267,11,226091
SWAY_PERF_OUTPUT,1268,6,226092
SWAY_PERF_OUTPUT,1269,4,226093
SWAY_PERF_OUTPUT,1270,2,226094
SWAY_PERF_OUTPUT,1271,2,226095
SWAY_PERF_OUTPUT,1272,9,226096
SWAY_PERF_OUTPUT,1273,64,226097
SWAY_PERF_OUTPUT,1274,65,226098
SWAY_PERF_OUTPUT,1275,65,226099
SWAY_PERF_OUTPUT,1276,65,226100
SWAY_PERF_OUTPUT,1277,65,226101
SWAY_PERF_OUTPUT,1278,66,226102
SWAY_PERF_OUTPUT,1279,64,226103
SWAY_PERF_OUTPUT,1280,64,226104
SWAY_PERF_OUTPUT,1281,65,226105
SWAY_PERF_OUTPUT,1282,63,226106
SWAY_PERF_OUTPUT,1283,63,226107
SWAY_PERF_OUTPUT,1284,65,226108
SWAY_PERF_OUTPUT,1285,63,226109
SWAY_PERF_OUTPUT,1286,61,226110
SWAY_PERF_OUTPUT,1287,63,226111
SWAY_PERF_OUTPUT,1288,67,226112
SWAY_PERF_OUTPUT,1289,66,226113
SWAY_PERF_OUTPUT,1290,63,226114
SWAY_PERF_OUTPUT,1291,65,226115
SWAY_PERF_OUTPUT,1292,-2,226116
SWAY_PERF_OUTPUT,1293,9,226117
SWAY_PERF_OUTPUT,1294,20,226118
SWAY_PERF_OUTPUT,1295,25,226119
SWAY_PERF_OUTPUT,1296,16,226120
SWAY_PERF_OUTPUT,1297,9,226121
SWAY_PERF_OUTPUT,1298,5,226122
SWAY_PERF_OUTPUT,1299,15,226123
SWAY_PERF_OUTPUT,1300,12,226124
SWAY_PERF_OUTPUT,1301,8,226125
SWAY_PERF_OUTPUT,1302,-1,226126
SWAY_PERF_OUTPUT,1303,-15,226127
SWAY_PERF_OUTPUT,1304,-28,226128
SWAY_PERF_OUTPUT,1305,-30,226129
SWAY_PERF_OUTPUT,1306,-1,226130
SWAY_PERF_OUTPUT,1307,-15,226131
SWAY_PERF_OUTPUT,1308,-25,226132
SWAY_PERF_OUTPUT,1309,-29,226133
SWAY_PERF_OUTPUT,1310,17,226134
SWAY_PERF_FRAME,22,226078,226134
SWAY_PERF_INPUT_FRAME,26,224695,234142
SWAY_PERF_OUTPUT,1311,45,235526
SWAY_PERF_OUTPUT,1312,127,235527
SWAY_PERF_OUTPUT,1313,-30,235528
SWAY_PERF_OUTPUT,1314,40,235529
SWAY_PERF_OUTPUT,1315,34,235530
SWAY_PERF_OUTPUT,1316,87,235531
SWAY_PERF_OUTPUT,1317,0,235532
SWAY_PERF_OUTPUT,1318,38,235533
SWAY_PERF_OUTPUT,1319,77,235534
SWAY_PERF_OUTPUT,1320,-2,235535
SWAY_PERF_OUTPUT,1321,28,235536
SWAY_PERF_OUTPUT,1322,70,235537
SWAY_PERF_OUTPUT,1323,-24,235538
SWAY_PERF_OUTPUT,1324,31,235539
SWAY_PERF_OUTPUT,1325,50,235540
SWAY_PERF_OUTPUT,1326,123,235541
SWAY_PERF_OUTPUT,1327,38,235542
SWAY_PERF_OUTPUT,1328,95,235543
SWAY_PERF_OUTPUT,1329,56,235544
SWAY_PERF_OUTPUT,1330,-18,235545
SWAY_PERF_OUTPUT,1331,-5,235546
SWAY_PERF_OUTPUT,1332,-13,235547
SWAY_PERF_OUTPUT,1333,72,235548
SWAY_PERF_OUTPUT,1334,46,235549
SWAY_PERF_OUTPUT,1335,35,235550
SWAY_PERF_OUTPUT,1336,17,235551
SWAY_PERF_OUTPUT,1337,-75,235552
SWAY_PERF_OUTPUT,1338,-6,235553
SWAY_PERF_OUTPUT,1339,-39,235554
SWAY_PERF_OUTPUT,1340,-28,235555
SWAY_PERF_OUTPUT,1341,-27,235556
SWAY_PERF_OUTPUT,1342,-60,235557
SWAY_PERF_OUTPUT,1343,-2,235558
SWAY_PERF_OUTPUT,1344,27,235559
SWAY_PERF_OUTPUT,1345,71,235560
SWAY_PERF_OUTPUT,1346,117,235561
SWAY_PERF_OUTPUT,1347,-2,235562
SWAY_PERF_OUTPUT,1348,-19,235563
SWAY_PERF_OUTPUT,1349,25,235564
SWAY_PERF_OUTPUT,1350,34,235565
SWAY_PERF_OUTPUT,1351,-36,235566
SWAY_PERF_OUTPUT,1352,21,235567
SWAY_PERF_OUTPUT,1353,-36,235568
SWAY_PERF_OUTPUT,1354,96,235569
SWAY_PERF_OUTPUT,1355,-49,235570
SWAY_PERF_OUTPUT,1356,50,235571
SWAY_PERF_OUTPUT,1357,-42,235572
SWAY_PERF_OUTPUT,1358,-96,235573
SWAY_PERF_OUTPUT,1359,0,235574
SWAY_PERF_OUTPUT,1360,27,235575
SWAY_PERF_OUTPUT,1361,-37,235576
SWAY_PERF_OUTPUT,1362,77,235577
SWAY_PERF_OUTPUT,1363,44,235578
SWAY_PERF_OUTPUT,1364,0,235579
SWAY_PERF_OUTPUT,1365,-56,235580
SWAY_PERF_OUTPUT,1366,-77,235581
SWAY_PERF_OUTPUT,1367,42,235582
SWAY_PERF_FRAME,23,235526,235582
SWAY_PERF_INPUT_FRAME,27,234143,243590
SWAY_PERF_OUTPUT,1368,21,244974
SWAY_PERF_OUTPUT,1369,1,244975
SWAY_PERF_OUTPUT,1370,5,244976
SWAY_PERF_OUTPUT,1371,-3,244977
SWAY_PERF_OUTPUT,1372,23,244978
SWAY_PERF_OUTPUT,1373,34,244979
SWAY_PERF_OUTPUT,1374,42,244980
SWAY_PERF_OUTPUT,1375,-2,244981
SWAY_PERF_OUTPUT,1376,-9,244982
SWAY_PERF_OUTPUT,1377,0,244983
SWAY_PERF_OUTPUT,1378,8,244984
SWAY_PERF_OUTPUT,1379,16,244985
SWAY_PERF_OUTPUT,1380,59,244986
SWAY_PERF_OUTPUT,1381,41,244987
SWAY_PERF_OUTPUT,1382,9,244988
SWAY_PERF_OUTPUT,1383,9,244989
SWAY_PERF_OUTPUT,1384,12,244990
SWAY_PERF_OUTPUT,1385,20,244991
SWAY_PERF_OUTPUT,1386,14,244992
SWAY_PERF_OUTPUT,1387,101,244993
SWAY_PERF_OUTPUT,1388,109,244994
SWAY_PERF_OUTPUT,1389,111,244995
SWAY_PERF_OUTPUT,1390,108,244996
SWAY_PERF_OUTPUT,1391,118,244997
SWAY_PERF_OUTPUT,1392,113,244998
SWAY_PERF_OUTPUT,1393,96,244999
SWAY_PERF_OUTPUT,1394,121,245000
SWAY_PERF_OUTPUT,1395,111,245001
SWAY_PERF_OUTPUT,1396,120,245002
SWAY_PERF_OUTPUT,1397,99,245003
SWAY_PERF_OUTPUT,1398,127,245004
SWAY_PERF_OUTPUT,1399,126,245005
SWAY_PERF_OUTPUT,1400,112,245006
SWAY_PERF_OUTPUT,1401,115,245007
SWAY_PERF_OUTPUT,1402,127,245008
SWAY_PERF_OUTPUT,1403,98,245009
SWAY_PERF_OUTPUT,1404,103,245010
SWAY_PERF_OUTPUT,1405,127,245011
SWAY_PERF_OUTPUT,1406,35,245012
SWAY_PERF_OUTPUT,1407,57,245013
SWAY_PERF_OUTPUT,1408,75,245014
SWAY_PERF_OUTPUT,1409,88,245015
SWAY_PERF_OUTPUT,1410,62,245016
SWAY_PERF_OUTPUT,1411,70,245017
SWAY_PERF_OUTPUT,1412,104,245018
SWAY_PERF_OUTPUT,1413,60,245019
SWAY_PERF_OUTPUT,1414,31,245020
SWAY_PERF_OUTPUT,1415,8,245021
SWAY_PERF_OUTPUT,1416,19,245022
SWAY_PERF_OUTPUT,1417,-29,245023
SWAY_PERF_OUTPUT,1418,-52,245024
SWAY_PERF_OUTPUT,1419,-46,245025
SWAY_PERF_OUTPUT,1420,31,245026
SWAY_PERF_OUTPUT,1421,-32,245027
SWAY_PERF_OUTPUT,1422,-54,245028
SWAY_PERF_OUTPUT,1423,-38,245029
SWAY_PERF_OUTPUT,1424,68,245030
SWAY_PERF_FRAME,24,244974,245030
SWAY_PERF_INPUT_FRAME,28,243591,253038
SWAY_PERF_OUTPUT,1425,61,254422
SWAY_PERF_OUTPUT,1426,72,254423
SWAY_PERF_OUTPUT,1427,58,254424
SWAY_PERF_OUTPUT,1428,63,254425
SWAY_PERF_OUTPUT,1429,71,254426
SWAY_PERF_OUTPUT,1430,59,254427
SWAY_PERF_OUTPUT,1431,17,254428
SWAY_PERF_OUTPUT,1432,69,254429
SWAY_PERF_OUTPUT,1433,80,254430
SWAY_PERF_OUTPUT,1434,102,254431
SWAY_PERF_OUTPUT,1435,53,254432
SWAY_PERF_OUTPUT,1436,68,254433
SWAY_PERF_OUTPUT,1437,58,254434
SWAY_PERF_OUTPUT,1438,56,254435
SWAY_PERF_OUTPUT,1439,48,254436
SWAY_PERF_OUTPUT,1440,37,254437
SWAY_PERF_OUTPUT,1441,13,254438
SWAY_PERF_OUTPUT,1442,20,254439
SWAY_PERF_OUTPUT,1443,73,254440
SWAY_PERF_OUTPUT,1444,118,254441
SWAY_PERF_OUTPUT,1445,127,254442
SWAY_PERF_OUTPUT,1446,127,254443
SWAY_PERF_OUTPUT,1447,127,254444
SWAY_PERF_OUTPUT,1448,127,254445
SWAY_PERF_OUTPUT,1449,116,254446
SWAY_PERF_OUTPUT,1450,88,254447
SWAY_PERF_OUTPUT,1451,127,254448
SWAY_PERF_OUTPUT,1452,120,254449
SWAY_PERF_OUTPUT,1453,119,254450
SWAY_PERF_OUTPUT,1454,127,254451
SWAY_PERF_OUTPUT,1455,110,254452
SWAY_PERF_OUTPUT,1456,121,254453
SWAY_PERF_OUTPUT,1457,118,254454
SWAY_PERF_OUTPUT,1458,127,254455
SWAY_PERF_OUTPUT,1459,127,254456
SWAY_PERF_OUTPUT,1460,127,254457
SWAY_PERF_OUTPUT,1461,127,254458
SWAY_PERF_OUTPUT,1462,127,254459
SWAY_PERF_OUTPUT,1463,-21,254460
SWAY_PERF_OUTPUT,1464,-2,254461
SWAY_PERF_OUTPUT,1465,32,254462
SWAY_PERF_OUTPUT,1466,32,254463
SWAY_PERF_OUTPUT,1467,17,254464
SWAY_PERF_OUTPUT,1468,-14,254465
SWAY_PERF_OUTPUT,1469,-22,254466
SWAY_PERF_OUTPUT,1470,-12,254467
SWAY_PERF_OUTPUT,1471,-47,254468
SWAY_PERF_OUTPUT,1472,-38,254469
SWAY_PERF_OUTPUT,1473,-36,254470
SWAY_PERF_OUTPUT,1474,-46,254471
SWAY_PERF_OUTPUT,1475,-81,254472
SWAY_PERF_OUTPUT,1476,-67,254473
SWAY_PERF_OUTPUT,1477,-17,254474
SWAY_PERF_OUTPUT,1478,-41,254475
SWAY_PERF_OUTPUT,1479,-65,254476
SWAY_PERF_OUTPUT,1480,-78,254477
SWAY_PERF_OUTPUT,1481,21,254478
SWAY_PERF_FRAME,25,254422,254478
SWAY_PERF_INPUT_FRAME,29,253039,262486
SWAY_PERF_OUTPUT,1482,7,263870
SWAY_PERF_OUTPUT,1483,7,263871
SWAY_PERF_OUTPUT,1484,6,263872
SWAY_PERF_OUTPUT,1485,6,263873
SWAY_PERF_OUTPUT,1486,12,263874
SWAY_PERF_OUTPUT,1487,16,263875
SWAY_PERF_OUTPUT,1488,19,263876
SWAY_PERF_OUTPUT,1489,1,263877
SWAY_PERF_OUTPUT,1490,-2,263878
SWAY_PERF_OUTPUT,1491,-3,263879
SWAY_PERF_OUTPUT,1492,9,263880
SWAY_PERF_OUTPUT,1493,10,263881
SWAY_PERF_OUTPUT,1494,11,263882
SWAY_PERF_OUTPUT,1495,11,263883
SWAY_PERF_OUTPUT,1496,4,263884
SWAY_PERF_OUTPUT,1497,2,263885
SWAY_PERF_OUTPUT,1498,0,263886
SWAY_PERF_OUTPUT,1499,0,263887
SWAY_PERF_OUTPUT,1500,7,263888
SWAY_PERF_OUTPUT,1501,63,263889
SWAY_PERF_OUTPUT,1502,63,263890
SWAY_PERF_OUTPUT,1503,63,263891
SWAY_PERF_OUTPUT,1504,62,263892
SWAY_PERF_OUTPUT,1505,62,263893
SWAY_PERF_OUTPUT,1506,63,263894
SWAY_PERF_OUTPUT,1507,61,263895
SWAY_PERF_OUTPUT,1508,62,263896
SWAY_PERF_OUTPUT,1509,63,263897
SWAY_PERF_OUTPUT,1510,61,263898
SWAY_PERF_OUTPUT,1511,62,263899
SWAY_PERF_OUTPUT,1512,62,263900
SWAY_PERF_OUTPUT,1513,63,263901
SWAY_PERF_OUTPUT,1514,61,263902
SWAY_PERF_OUTPUT,1515,62,263903
SWAY_PERF_OUTPUT,1516,62,263904
SWAY_PERF_OUTPUT,1517,63,263905
SWAY_PERF_OUTPUT,1518,60,263906
SWAY_PERF_OUTPUT,1519,63,263907
SWAY_PERF_OUTPUT,1520,-7,263908
SWAY_PERF_OUTPUT,1521,2,263909
SWAY_PERF_OUTPUT,1522,13,263910
SWAY_PERF_OUTPUT,1523,17,263911
SWAY_PERF_OUTPUT,1524,9,263912
SWAY_PERF_OUTPUT,1525,5,263913
SWAY_PERF_OUTPUT,1526,2,263914
SWAY_PERF_OUTPUT,1527,9,263915
SWAY_PERF_OUTPUT,1528,2,263916
SWAY_PERF_OUTPUT,1529,-4,263917
SWAY_PERF_OUTPUT,1530,-7,263918
SWAY_PERF_OUTPUT,1531,-17,263919
SWAY_PERF_OUTPUT,1532,-28,263920
SWAY_PERF_OUTPUT,1533,-29,263921
SWAY_PERF_OUTPUT,1534,-7,263922
SWAY_PERF_OUTPUT,1535,-16,263923
SWAY_PERF_OUTPUT,1536,-27,263924
SWAY_PERF_OUTPUT,1537,-29,263925
SWAY_PERF_OUTPUT,1538,10,263926
SWAY_PERF_FRAME,26,263870,263926
SWAY_PERF_INPUT_FRAME,30,262487,271934
SWAY_PERF_OUTPUT,1539,7,273318
SWAY_PERF_OUTPUT,1540,7,273319
SWAY_PERF_OUTPUT,1541,6,273320
SWAY_PERF_OUTPUT,1542,6,273321
SWAY_PERF_OUTPUT,1543,12,273322
SWAY_PERF_OUTPUT,1544,16,273323
SWAY_PERF_OUTPUT,1545,19,273324
SWAY_PERF_OUTPUT,1546,1,273325
SWAY_PERF_OUTPUT,1547,-2,273326
SWAY_PERF_OUTPUT,1548,-3,273327
SWAY_PERF_OUTPUT,1549,9,273328
SWAY_PERF_OUTPUT,1550,10,273329
SWAY_PERF_OUTPUT,1551,11,273330
SWAY_PERF_OUTPUT,1552,11,273331
SWAY_PERF_OUTPUT,1553,4,273332
SWAY_PERF_OUTPUT,1554,2,273333
SWAY_PERF_OUTPUT,1555,0,273334
SWAY_PERF_OUTPUT,1556,0,273335
SWAY_PERF_OUTPUT,1557,7,273336
SWAY_PERF_OUTPUT,1558,63,273337
SWAY_PERF_OUTPUT,1559,63,273338
SWAY_PERF_OUTPUT,1560,63,273339
SWAY_PERF_OUTPUT,1561,62,273340
SWAY_PERF_OUTPUT,1562,62,273341
SWAY_PERF_OUTPUT,1563,63,273342
SWAY_PERF_OUTPUT,1564,61,273343
SWAY_PERF_OUTPUT,1565,62,273344
SWAY_PERF_OUTPUT,1566,63,273345
SWAY_PERF_OUTPUT,1567,61,273346
SWAY_PERF_OUTPUT,1568,62,273347
SWAY_PERF_OUTPUT,1569,62,273348
SWAY_PERF_OUTPUT,1570,63,273349
SWAY_PERF_OUTPUT,1571,61,273350
SWAY_PERF_OUTPUT,1572,62,273351
SWAY_PERF_OUTPUT,1573,62,273352
SWAY_PERF_OUTPUT,1574,63,273353
SWAY_PERF_OUTPUT,1575,60,273354
SWAY_PERF_OUTPUT,1576,63,273355
SWAY_PERF_OUTPUT,1577,-7,273356
SWAY_PERF_OUTPUT,1578,2,273357
SWAY_PERF_OUTPUT,1579,13,273358
SWAY_PERF_OUTPUT,1580,17,273359
SWAY_PERF_OUTPUT,1581,9,273360
SWAY_PERF_OUTPUT,1582,5,273361
SWAY_PERF_OUTPUT,1583,2,273362
SWAY_PERF_OUTPUT,1584,9,273363
SWAY_PERF_OUTPUT,1585,2,273364
SWAY_PERF_OUTPUT,1586,-4,273365
SWAY_PERF_OUTPUT,1587,-7,273366
SWAY_PERF_OUTPUT,1588,-17,273367
SWAY_PERF_OUTPUT,1589,-28,273368
SWAY_PERF_OUTPUT,1590,-29,273369
SWAY_PERF_OUTPUT,1591,-7,273370
SWAY_PERF_OUTPUT,1592,-16,273371
SWAY_PERF_OUTPUT,1593,-27,273372
SWAY_PERF_OUTPUT,1594,-29,273373
SWAY_PERF_OUTPUT,1595,10,273374
SWAY_PERF_FRAME,27,273318,273374
SWAY_PERF_INPUT_FRAME,31,271935,281382
SWAY_PERF_OUTPUT,1596,7,282766
SWAY_PERF_OUTPUT,1597,7,282767
SWAY_PERF_OUTPUT,1598,6,282768
SWAY_PERF_OUTPUT,1599,6,282769
SWAY_PERF_OUTPUT,1600,12,282770
SWAY_PERF_OUTPUT,1601,16,282771
SWAY_PERF_OUTPUT,1602,19,282772
SWAY_PERF_OUTPUT,1603,1,282773
SWAY_PERF_OUTPUT,1604,-2,282774
SWAY_PERF_OUTPUT,1605,-3,282775
SWAY_PERF_OUTPUT,1606,9,282776
SWAY_PERF_OUTPUT,1607,10,282777
SWAY_PERF_OUTPUT,1608,11,282778
SWAY_PERF_OUTPUT,1609,11,282779
SWAY_PERF_OUTPUT,1610,4,282780
SWAY_PERF_OUTPUT,1611,2,282781
SWAY_PERF_OUTPUT,1612,0,282782
SWAY_PERF_OUTPUT,1613,0,282783
SWAY_PERF_OUTPUT,1614,7,282784
SWAY_PERF_OUTPUT,1615,63,282785
SWAY_PERF_OUTPUT,1616,63,282786
SWAY_PERF_OUTPUT,1617,63,282787
SWAY_PERF_OUTPUT,1618,62,282788
SWAY_PERF_OUTPUT,1619,62,282789
SWAY_PERF_OUTPUT,1620,63,282790
SWAY_PERF_OUTPUT,1621,61,282791
SWAY_PERF_OUTPUT,1622,62,282792
SWAY_PERF_OUTPUT,1623,63,282793
SWAY_PERF_OUTPUT,1624,61,282794
SWAY_PERF_OUTPUT,1625,62,282795
SWAY_PERF_OUTPUT,1626,62,282796
SWAY_PERF_OUTPUT,1627,63,282797
SWAY_PERF_OUTPUT,1628,61,282798
SWAY_PERF_OUTPUT,1629,62,282799
SWAY_PERF_OUTPUT,1630,62,282800
SWAY_PERF_OUTPUT,1631,63,282801
SWAY_PERF_OUTPUT,1632,60,282802
SWAY_PERF_OUTPUT,1633,63,282803
SWAY_PERF_OUTPUT,1634,-7,282804
SWAY_PERF_OUTPUT,1635,2,282805
SWAY_PERF_OUTPUT,1636,13,282806
SWAY_PERF_OUTPUT,1637,17,282807
SWAY_PERF_OUTPUT,1638,9,282808
SWAY_PERF_OUTPUT,1639,5,282809
SWAY_PERF_OUTPUT,1640,2,282810
SWAY_PERF_OUTPUT,1641,9,282811
SWAY_PERF_OUTPUT,1642,2,282812
SWAY_PERF_OUTPUT,1643,-4,282813
SWAY_PERF_OUTPUT,1644,-7,282814
SWAY_PERF_OUTPUT,1645,-17,282815
SWAY_PERF_OUTPUT,1646,-28,282816
SWAY_PERF_OUTPUT,1647,-29,282817
SWAY_PERF_OUTPUT,1648,-7,282818
SWAY_PERF_OUTPUT,1649,-16,282819
SWAY_PERF_OUTPUT,1650,-27,282820
SWAY_PERF_OUTPUT,1651,-29,282821
SWAY_PERF_OUTPUT,1652,10,282822
SWAY_PERF_FRAME,28,282766,282822
SWAY_PERF_INPUT_FRAME,32,281383,290830
SWAY_PERF_OUTPUT,1653,7,292214
SWAY_PERF_OUTPUT,1654,8,292215
SWAY_PERF_OUTPUT,1655,8,292216
SWAY_PERF_OUTPUT,1656,8,292217
SWAY_PERF_OUTPUT,1657,13,292218
SWAY_PERF_OUTPUT,1658,17,292219
SWAY_PERF_OUTPUT,1659,20,292220
SWAY_PERF_OUTPUT,1660,2,292221
SWAY_PERF_OUTPUT,1661,-2,292222
SWAY_PERF_OUTPUT,1662,-5,292223
SWAY_PERF_OUTPUT,1663,10,292224
SWAY_PERF_OUTPUT,1664,11,292225
SWAY_PERF_OUTPUT,1665,10,292226
SWAY_PERF_OUTPUT,1666,11,292227
SWAY_PERF_OUTPUT,1667,5,292228
SWAY_PERF_OUTPUT,1668,3,292229
SWAY_PERF_OUTPUT,1669,0,292230
SWAY_PERF_OUTPUT,1670,0,292231
SWAY_PERF_OUTPUT,1671,8,292232
SWAY_PERF_OUTPUT,1672,62,292233
SWAY_PERF_OUTPUT,1673,62,292234
SWAY_PERF_OUTPUT,1674,62,292235
SWAY_PERF_OUTPUT,1675,62,292236
SWAY_PERF_OUTPUT,1676,62,292237
SWAY_PERF_OUTPUT,1677,62,292238
SWAY_PERF_OUTPUT,1678,60,292239
SWAY_PERF_OUTPUT,1679,61,292240
SWAY_PERF_OUTPUT,1680,61,292241
SWAY_PERF_OUTPUT,1681,60,292242
SWAY_PERF_OUTPUT,1682,61,292243
SWAY_PERF_OUTPUT,1683,60,292244
SWAY_PERF_OUTPUT,1684,62,292245
SWAY_PERF_OUTPUT,1685,59,292246
SWAY_PERF_OUTPUT,1686,61,292247
SWAY_PERF_OUTPUT,1687,61,292248
SWAY_PERF_OUTPUT,1688,64,292249
SWAY_PERF_OUTPUT,1689,60,292250
SWAY_PERF_OUTPUT,1690,62,292251
SWAY_PERF_OUTPUT,1691,-6,292252
SWAY_PERF_OUTPUT,1692,4,292253
SWAY_PERF_OUTPUT,1693,14,292254
SWAY_PERF_OUTPUT,1694,18,292255
SWAY_PERF_OUTPUT,1695,10,292256
SWAY_PERF_OUTPUT,1696,6,292257
SWAY_PERF_OUTPUT,1697,-1,292258
SWAY_PERF_OUTPUT,1698,10,292259
SWAY_PERF_OUTPUT,1699,4,292260
SWAY_PERF_OUTPUT,1700,-1,292261
SWAY_PERF_OUTPUT,1701,-5,292262
SWAY_PERF_OUTPUT,1702,-16,292263
SWAY_PERF_OUTPUT,1703,-26,292264
SWAY_PERF_OUTPUT,1704,-29,292265
SWAY_PERF_OUTPUT,1705,-6,292266
SWAY_PERF_OUTPUT,1706,-15,292267
SWAY_PERF_OUTPUT,1707,-26,292268
SWAY_PERF_OUTPUT,1708,-28,292269
SWAY_PERF_OUTPUT,1709,11,292270
SWAY_PERF_FRAME,29,292214,292270
SWAY_PERF_INPUT_FRAME,33,290831,300278
SWAY_PERF_OUTPUT,1710,8,301662
SWAY_PERF_OUTPUT,1711,9,301663
SWAY_PERF_OUTPUT,1712,8,301664
SWAY_PERF_OUTPUT,1713,9,301665
SWAY_PERF_OUTPUT,1714,13,301666
SWAY_PERF_OUTPUT,1715,16,301667
SWAY_PERF_OUTPUT,1716,15,301668
SWAY_PERF_OUTPUT,1717,4,301669
SWAY_PERF_OUTPUT,1718,1,301670
SWAY_PERF_OUTPUT,1719,0,301671
SWAY_PERF_OUTPUT,1720,10,301672
SWAY_PERF_OUTPUT,1721,10,301673
SWAY_PERF_OUTPUT,1722,8,301674
SWAY_PERF_OUTPUT,1723,8,301675
SWAY_PERF_OUTPUT,1724,6,301676
SWAY_PERF_OUTPUT,1725,4,301677
SWAY_PERF_OUTPUT,1726,2,301678
SWAY_PERF_OUTPUT,1727,1,301679
SWAY_PERF_OUTPUT,1728,9,301680
SWAY_PERF_OUTPUT,1729,63,301681
SWAY_PERF_OUTPUT,1730,63,301682
SWAY_PERF_OUTPUT,1731,63,301683
SWAY_PERF_OUTPUT,1732,63,301684
SWAY_PERF_OUTPUT,1733,62,301685
SWAY_PERF_OUTPUT,1734,62,301686
SWAY_PERF_OUTPUT,1735,60,301687
SWAY_PERF_OUTPUT,1736,62,301688
SWAY_PERF_OUTPUT,1737,64,301689
SWAY_PERF_OUTPUT,1738,62,301690
SWAY_PERF_OUTPUT,1739,62,301691
SWAY_PERF_OUTPUT,1740,62,301692
SWAY_PERF_OUTPUT,1741,63,301693
SWAY_PERF_OUTPUT,1742,62,301694
SWAY_PERF_OUTPUT,1743,62,301695
SWAY_PERF_OUTPUT,1744,62,301696
SWAY_PERF_OUTPUT,1745,63,301697
SWAY_PERF_OUTPUT,1746,59,301698
SWAY_PERF_OUTPUT,1747,63,301699
SWAY_PERF_OUTPUT,1748,-8,301700
SWAY_PERF_OUTPUT,1749,2,301701
SWAY_PERF_OUTPUT,1750,13,301702
SWAY_PERF_OUTPUT,1751,17,301703
SWAY_PERF_OUTPUT,1752,9,301704
SWAY_PERF_OUTPUT,1753,2,301705
SWAY_PERF_OUTPUT,1754,-4,301706
SWAY_PERF_OUTPUT,1755,8,301707
SWAY_PERF_OUTPUT,1756,2,301708
SWAY_PERF_OUTPUT,1757,-4,301709
SWAY_PERF_OUTPUT,1758,-7,301710
SWAY_PERF_OUTPUT,1759,-17,301711
SWAY_PERF_OUTPUT,1760,-28,301712
SWAY_PERF_OUTPUT,1761,-30,301713
SWAY_PERF_OUTPUT,1762,-7,301714
SWAY_PERF_OUTPUT,1763,-16,301715
SWAY_PERF_OUTPUT,1764,-26,301716
SWAY_PERF_OUTPUT,1765,-29,301717
SWAY_PERF_OUTPUT,1766,10,301718
SWAY_PERF_FRAME,30,301662,301718
SWAY_PERF_INPUT_FRAME,34,300279,309726
SWAY_PERF_OUTPUT,1767,7,311110
SWAY_PERF_OUTPUT,1768,7,311111
SWAY_PERF_OUTPUT,1769,6,311112
SWAY_PERF_OUTPUT,1770,7,311113
SWAY_PERF_OUTPUT,1771,13,311114
SWAY_PERF_OUTPUT,1772,17,311115
SWAY_PERF_OUTPUT,1773,20,311116
SWAY_PERF_OUTPUT,1774,1,311117
SWAY_PERF_OUTPUT,1775,-3,311118
SWAY_PERF_OUTPUT,1776,-4,311119
SWAY_PERF_OUTPUT,1777,10,311120
SWAY_PERF_OUTPUT,1778,11,311121
SWAY_PERF_OUTPUT,1779,13,311122
SWAY_PERF_OUTPUT,1780,13,311123
SWAY_PERF_OUTPUT,1781,5,311124
SWAY_PERF_OUTPUT,1782,4,311125
SWAY_PERF_OUTPUT,1783,2,311126
SWAY_PERF_OUTPUT,1784,2,311127
SWAY_PERF_OUTPUT,1785,7,311128
SWAY_PERF_OUTPUT,1786,62,311129
SWAY_PERF_OUTPUT,1787,62,311130
SWAY_PERF_OUTPUT,1788,62,311131
SWAY_PERF_OUTPUT,1789,61,311132
SWAY_PERF_OUTPUT,1790,63,311133
SWAY_PERF_OUTPUT,1791,65,311134
SWAY_PERF_OUTPUT,1792,62,311135
SWAY_PERF_OUTPUT,1793,60,311136
SWAY_PERF_OUTPUT,1794,59,311137
SWAY_PERF_OUTPUT,1795,57,311138
SWAY_PERF_OUTPUT,1796,60,311139
SWAY_PERF_OUTPUT,1797,60,311140
SWAY_PERF_OUTPUT,1798,59,311141
SWAY_PERF_OUTPUT,1799,56,311142
SWAY_PERF_OUTPUT,1800,60,311143
SWAY_PERF_OUTPUT,1801,63,311144
SWAY_PERF_OUTPUT,1802,65,311145
SWAY_PERF_OUTPUT,1803,62,311146
SWAY_PERF_OUTPUT,1804,62,311147
SWAY_PERF_OUTPUT,1805,-3,311148
SWAY_PERF_OUTPUT,1806,7,311149
SWAY_PERF_OUTPUT,1807,17,311150
SWAY_PERF_OUTPUT,1808,22,311151
SWAY_PERF_OUTPUT,1809,14,311152
SWAY_PERF_OUTPUT,1810,10,311153
SWAY_PERF_OUTPUT,1811,8,311154
SWAY_PERF_OUTPUT,1812,14,311155
SWAY_PERF_OUTPUT,1813,8,311156
SWAY_PERF_OUTPUT,1814,4,311157
SWAY_PERF_OUTPUT,1815,-2,311158
SWAY_PERF_OUTPUT,1816,-15,311159
SWAY_PERF_OUTPUT,1817,-26,311160
SWAY_PERF_OUTPUT,1818,-28,311161
SWAY_PERF_OUTPUT,1819,-3,311162
SWAY_PERF_OUTPUT,1820,-15,311163
SWAY_PERF_OUTPUT,1821,-26,311164
SWAY_PERF_OUTPUT,1822,-28,311165
SWAY_PERF_OUTPUT,1823,15,311166
SWAY_PERF_FRAME,31,311110,311166
SWAY_PERF_INPUT_FRAME,35,309727,319174
SWAY_PERF_OUTPUT,1824,8,320558
SWAY_PERF_OUTPUT,1825,9,320559
SWAY_PERF_OUTPUT,1826,9,320560
SWAY_PERF_OUTPUT,1827,9,320561
SWAY_PERF_OUTPUT,1828,14,320562
SWAY_PERF_OUTPUT,1829,20,320563
SWAY_PERF_OUTPUT,1830,23,320564
SWAY_PERF_OUTPUT,1831,3,320565
SWAY_PERF_OUTPUT,1832,-4,320566
SWAY_PERF_OUTPUT,1833,-9,320567
SWAY_PERF_OUTPUT,1834,11,320568
SWAY_PERF_OUTPUT,1835,13,320569
SWAY_PERF_OUTPUT,1836,13,320570
SWAY_PERF_OUTPUT,1837,14,320571
SWAY_PERF_OUTPUT,1838,6,320572
SWAY_PERF_OUTPUT,1839,0,320573
SWAY_PERF_OUTPUT,1840,-5,320574
SWAY_PERF_OUTPUT,1841,-5,320575
SWAY_PERF_OUTPUT,1842,9,320576
SWAY_PERF_OUTPUT,1843,62,320577
SWAY_PERF_OUTPUT,1844,61,320578
SWAY_PERF_OUTPUT,1845,60,320579
SWAY_PERF_OUTPUT,1846,59,320580
SWAY_PERF_OUTPUT,1847,59,320581
SWAY_PERF_OUTPUT,1848,59,320582
SWAY_PERF_OUTPUT,1849,58,320583
SWAY_PERF_OUTPUT,1850,60,320584
SWAY_PERF_OUTPUT,1851,60,320585
SWAY_PERF_OUTPUT,1852,59,320586
SWAY_PERF_OUTPUT,1853,60,320587
SWAY_PERF_OUTPUT,1854,58,320588
SWAY_PERF_OUTPUT,1855,61,320589
SWAY_PERF_OUTPUT,1856,59,320590
SWAY_PERF_OUTPUT,1857,61,320591
SWAY_PERF_OUTPUT,1858,59,320592
SWAY_PERF_OUTPUT,1859,61,320593
SWAY_PERF_OUTPUT,1860,58,320594
SWAY_PERF_OUTPUT,1861,60,320595
SWAY_PERF_OUTPUT,1862,-8,320596
SWAY_PERF_OUTPUT,1863,2,320597
SWAY_PERF_OUTPUT,1864,11,320598
SWAY_PERF_OUTPUT,1865,15,320599
SWAY_PERF_OUTPUT,1866,8,320600
SWAY_PERF_OUTPUT,1867,6,320601
SWAY_PERF_OUTPUT,1868,5,320602
SWAY_PERF_OUTPUT,1869,8,320603
SWAY_PERF_OUTPUT,1870,6,320604
SWAY_PERF_OUTPUT,1871,8,320605
SWAY_PERF_OUTPUT,1872,-7,320606
SWAY_PERF_OUTPUT,1873,-16,320607
SWAY_PERF_OUTPUT,1874,-27,320608
SWAY_PERF_OUTPUT,1875,-29,320609
SWAY_PERF_OUTPUT,1876,-7,320610
SWAY_PERF_OUTPUT,1877,-14,320611
SWAY_PERF_OUTPUT,1878,-25,320612
SWAY_PERF_OUTPUT,1879,-27,320613
SWAY_PERF_OUTPUT,1880,9,320614
SWAY_PERF_FRAME,32,320558,320614
SWAY_PERF_INPUT_FRAME,36,319175,328622
SWAY_PERF_OUTPUT,1881,4,330006
SWAY_PERF_OUTPUT,1882,4,330007
SWAY_PERF_OUTPUT,1883,3,330008
SWAY_PERF_OUTPUT,1884,3,330009
SWAY_PERF_OUTPUT,1885,9,330010
SWAY_PERF_OUTPUT,1886,16,330011
SWAY_PERF_OUTPUT,1887,19,330012
SWAY_PERF_OUTPUT,1888,-2,330013
SWAY_PERF_OUTPUT,1889,-7,330014
SWAY_PERF_OUTPUT,1890,-8,330015
SWAY_PERF_OUTPUT,1891,7,330016
SWAY_PERF_OUTPUT,1892,11,330017
SWAY_PERF_OUTPUT,1893,13,330018
SWAY_PERF_OUTPUT,1894,14,330019
SWAY_PERF_OUTPUT,1895,2,330020
SWAY_PERF_OUTPUT,1896,-1,330021
SWAY_PERF_OUTPUT,1897,-2,330022
SWAY_PERF_OUTPUT,1898,-2,330023
SWAY_PERF_OUTPUT,1899,3,330024
SWAY_PERF_OUTPUT,1900,61,330025
SWAY_PERF_OUTPUT,1901,61,330026
SWAY_PERF_OUTPUT,1902,60,330027
SWAY_PERF_OUTPUT,1903,60,330028
SWAY_PERF_OUTPUT,1904,60,330029
SWAY_PERF_OUTPUT,1905,61,330030
SWAY_PERF_OUTPUT,1906,59,330031
SWAY_PERF_OUTPUT,1907,59,330032
SWAY_PERF_OUTPUT,1908,59,330033
SWAY_PERF_OUTPUT,1909,58,330034
SWAY_PERF_OUTPUT,1910,60,330035
SWAY_PERF_OUTPUT,1911,59,330036
SWAY_PERF_OUTPUT,1912,60,330037
SWAY_PERF_OUTPUT,1913,57,330038
SWAY_PERF_OUTPUT,1914,60,330039
SWAY_PERF_OUTPUT,1915,59,330040
SWAY_PERF_OUTPUT,1916,62,330041
SWAY_PERF_OUTPUT,1917,59,330042
SWAY_PERF_OUTPUT,1918,60,330043
SWAY_PERF_OUTPUT,1919,-6,330044
SWAY_PERF_OUTPUT,1920,4,330045
SWAY_PERF_OUTPUT,1921,14,330046
SWAY_PERF_OUTPUT,1922,18,330047
SWAY_PERF_OUTPUT,1923,11,330048
SWAY_PERF_OUTPUT,1924,10,330049
SWAY_PERF_OUTPUT,1925,11,330050
SWAY_PERF_OUTPUT,1926,10,330051
SWAY_PERF_OUTPUT,1927,6,330052
SWAY_PERF_OUTPUT,1928,5,330053
SWAY_PERF_OUTPUT,1929,-5,330054
SWAY_PERF_OUTPUT,1930,-15,330055
SWAY_PERF_OUTPUT,1931,-25,330056
SWAY_PERF_OUTPUT,1932,-28,330057
SWAY_PERF_OUTPUT,1933,-6,330058
SWAY_PERF_OUTPUT,1934,-15,330059
SWAY_PERF_OUTPUT,1935,-27,330060
SWAY_PERF_OUTPUT,1936,-29,330061
SWAY_PERF_OUTPUT,1937,12,330062
SWAY_PERF_FRAME,33,330006,330062
SWAY_PERF_INPUT_FRAME,37,328623,338070
SWAY_PERF_OUTPUT,1938,4,339454
SWAY_PERF_OUTPUT,1939,4,339455
SWAY_PERF_OUTPUT,1940,3,339456
SWAY_PERF_OUTPUT,1941,3,339457
SWAY_PERF_OUTPUT,1942,10,339458
SWAY_PERF_OUTPUT,1943,16,339459
SWAY_PERF_OUTPUT,1944,21,339460
SWAY_PERF_OUTPUT,1945,-3,339461
SWAY_PERF_OUTPUT,1946,-10,339462
SWAY_PERF_OUTPUT,1947,-15,339463
SWAY_PERF_OUTPUT,1948,7,339464
SWAY_PERF_OUTPUT,1949,11,339465
SWAY_PERF_OUTPUT,1950,15,339466
SWAY_PERF_OUTPUT,1951,15,339467
SWAY_PERF_OUTPUT,1952,2,339468
SWAY_PERF_OUTPUT,1953,-2,339469
SWAY_PERF_OUTPUT,1954,-5,339470
SWAY_PERF_OUTPUT,1955,-5,339471
SWAY_PERF_OUTPUT,1956,3,339472
SWAY_PERF_OUTPUT,1957,63,339473
SWAY_PERF_OUTPUT,1958,62,339474
SWAY_PERF_OUTPUT,1959,61,339475
SWAY_PERF_OUTPUT,1960,61,339476
SWAY_PERF_OUTPUT,1961,62,339477
SWAY_PERF_OUTPUT,1962,62,339478
SWAY_PERF_OUTPUT,1963,60,339479
SWAY_PERF_OUTPUT,1964,61,339480
SWAY_PERF_OUTPUT,1965,61,339481
SWAY_PERF_OUTPUT,1966,60,339482
SWAY_PERF_OUTPUT,1967,61,339483
SWAY_PERF_OUTPUT,1968,60,339484
SWAY_PERF_OUTPUT,1969,61,339485
SWAY_PERF_OUTPUT,1970,59,339486
SWAY_PERF_OUTPUT,1971,61,339487
SWAY_PERF_OUTPUT,1972,61,339488
SWAY_PERF_OUTPUT,1973,63,339489
SWAY_PERF_OUTPUT,1974,60,339490
SWAY_PERF_OUTPUT,1975,61,339491
SWAY_PERF_OUTPUT,1976,-4,339492
SWAY_PERF_OUTPUT,1977,6,339493
SWAY_PERF_OUTPUT,1978,17,339494
SWAY_PERF_OUTPUT,1979,21,339495
SWAY_PERF_OUTPUT,1980,13,339496
SWAY_PERF_OUTPUT,1981,13,339497
SWAY_PERF_OUTPUT,1982,14,339498
SWAY_PERF_OUTPUT,1983,13,339499
SWAY_PERF_OUTPUT,1984,12,339500
SWAY_PERF_OUTPUT,1985,15,339501
SWAY_PERF_OUTPUT,1986,-3,339502
SWAY_PERF_OUTPUT,1987,-14,339503
SWAY_PERF_OUTPUT,1988,-26,339504
SWAY_PERF_OUTPUT,1989,-28,339505
SWAY_PERF_OUTPUT,1990,-3,339506
SWAY_PERF_OUTPUT,1991,-14,339507
SWAY_PERF_OUTPUT,1992,-26,339508
SWAY_PERF_OUTPUT,1993,-28,339509
SWAY_PERF_OUTPUT,1994,14,339510
SWAY_PERF_FRAME,34,339454,339510
SWAY_PERF_INPUT_FRAME,38,338071,347518
SWAY_PERF_OUTPUT,1995,8,348902
SWAY_PERF_OUTPUT,1996,9,348903
SWAY_PERF_OUTPUT,1997,8,348904
SWAY_PERF_OUTPUT,1998,8,348905
SWAY_PERF_OUTPUT,1999,14,348906
SWAY_PERF_OUTPUT,2000,19,348907
SWAY_PERF_OUTPUT,2001,21,348908
SWAY_PERF_OUTPUT,2002,3,348909
SWAY_PERF_OUTPUT,2003,0,348910
SWAY_PERF_OUTPUT,2004,-3,348911
SWAY_PERF_OUTPUT,2005,10,348912
SWAY_PERF_OUTPUT,2006,12,348913
SWAY_PERF_OUTPUT,2007,12,348914
SWAY_PERF_OUTPUT,2008,12,348915
SWAY_PERF_OUTPUT,2009,6,348916
SWAY_PERF_OUTPUT,2010,3,348917
SWAY_PERF_OUTPUT,2011,0,348918
SWAY_PERF_OUTPUT,2012,-1,348919
SWAY_PERF_OUTPUT,2013,9,348920
SWAY_PERF_OUTPUT,2014,61,348921
SWAY_PERF_OUTPUT,2015,62,348922
SWAY_PERF_OUTPUT,2016,61,348923
SWAY_PERF_OUTPUT,2017,61,348924
SWAY_PERF_OUTPUT,2018,61,348925
SWAY_PERF_OUTPUT,2019,61,348926
SWAY_PERF_OUTPUT,2020,59,348927
SWAY_PERF_OUTPUT,2021,60,348928
SWAY_PERF_OUTPUT,2022,61,348929
SWAY_PERF_OUTPUT,2023,60,348930
SWAY_PERF_OUTPUT,2024,60,348931
SWAY_PERF_OUTPUT,2025,60,348932
SWAY_PERF_OUTPUT,2026,62,348933
SWAY_PERF_OUTPUT,2027,60,348934
SWAY_PERF_OUTPUT,2028,61,348935
SWAY_PERF_OUTPUT,2029,61,348936
SWAY_PERF_OUTPUT,2030,62,348937
SWAY_PERF_OUTPUT,2031,58,348938
SWAY_PERF_OUTPUT,2032,61,348939
SWAY_PERF_OUTPUT,2033,-6,348940
SWAY_PERF_OUTPUT,2034,3,348941
SWAY_PERF_OUTPUT,2035,14,348942
SWAY_PERF_OUTPUT,2036,17,348943
SWAY_PERF_OUTPUT,2037,10,348944
SWAY_PERF_OUTPUT,2038,7,348945
SWAY_PERF_OUTPUT,2039,6,348946
SWAY_PERF_OUTPUT,2040,9,348947
SWAY_PERF_OUTPUT,2041,4,348948
SWAY_PERF_OUTPUT,2042,1,348949
SWAY_PERF_OUTPUT,2043,-6,348950
SWAY_PERF_OUTPUT,2044,-16,348951
SWAY_PERF_OUTPUT,2045,-27,348952
SWAY_PERF_OUTPUT,2046,-29,348953
SWAY_PERF_OUTPUT,2047,-6,348954
SWAY_PERF_OUTPUT,2048,-15,348955
SWAY_PERF_OUTPUT,2049,-26,348956
SWAY_PERF_OUTPUT,2050,-28,348957
SWAY_PERF_OUTPUT,2051,11,348958
SWAY_PERF_FRAME,35,348902,348958
SWAY_PERF_INPUT_FRAME,39,347519,356966
SWAY_PERF_OUTPUT,2052,9,358350
SWAY_PERF_OUTPUT,2053,9,358351
SWAY_PERF_OUTPUT,2054,8,358352
SWAY_PERF_OUTPUT,2055,9,358353
SWAY_PERF_OUTPUT,2056,15,358354
SWAY_PERF_OUTPUT,2057,18,358355
SWAY_PERF_OUTPUT,2058,19,358356
SWAY_PERF_OUTPUT,2059,4,358357
SWAY_PERF_OUTPUT,2060,-2,358358
SWAY_PERF_OUTPUT,2061,-5,358359
SWAY_PERF_OUTPUT,2062,10,358360
SWAY_PERF_OUTPUT,2063,11,358361
SWAY_PERF_OUTPUT,2064,11,358362
SWAY_PERF_OUTPUT,2065,11,358363
SWAY_PERF_OUTPUT,2066,6,358364
SWAY_PERF_OUTPUT,2067,4,358365
SWAY_PERF_OUTPUT,2068,2,358366
SWAY_PERF_OUTPUT,2069,2,358367
SWAY_PERF_OUTPUT,2070,9,358368
SWAY_PERF_OUTPUT,2071,64,358369
SWAY_PERF_OUTPUT,2072,65,358370
SWAY_PERF_OUTPUT,2073,65,358371
SWAY_PERF_OUTPUT,2074,65,358372
SWAY_PERF_OUTPUT,2075,65,358373
SWAY_PERF_OUTPUT,2076,66,358374
SWAY_PERF_OUTPUT,2077,64,358375
SWAY_PERF_OUTPUT,2078,64,358376
SWAY_PERF_OUTPUT,2079,65,358377
SWAY_PERF_OUTPUT,2080,63,358378
SWAY_PERF_OUTPUT,2081,63,358379
SWAY_PERF_OUTPUT,2082,65,358380
SWAY_PERF_OUTPUT,2083,63,358381
SWAY_PERF_OUTPUT,2084,61,358382
SWAY_PERF_OUTPUT,2085,63,358383
SWAY_PERF_OUTPUT,2086,67,358384
SWAY_PERF_OUTPUT,2087,66,358385
SWAY_PERF_OUTPUT,2088,63,358386
SWAY_PERF_OUTPUT,2089,65,358387
SWAY_PERF_OUTPUT,2090,-2,358388
SWAY_PERF_OUTPUT,2091,9,358389
SWAY_PERF_OUTPUT,2092,20,358390
SWAY_PERF_OUTPUT,2093,25,358391
SWAY_PERF_OUTPUT,2094,16,358392
SWAY_PERF_OUTPUT,2095,9,358393
SWAY_PERF_OUTPUT,2096,5,358394
SWAY_PERF_OUTPUT,2097,15,358395
SWAY_PERF_OUTPUT,2098,12,358396
SWAY_PERF_OUTPUT,2099,8,358397
SWAY_PERF_OUTPUT,2100,-1,358398
SWAY_PERF_OUTPUT,2101,-15,358399
SWAY_PERF_OUTPUT,2102,-28,358400
SWAY_PERF_OUTPUT,2103,-30,358401
SWAY_PERF_OUTPUT,2104,-1,358402
SWAY_PERF_OUTPUT,2105,-15,358403
SWAY_PERF_OUTPUT,2106,-25,358404
SWAY_PERF_OUTPUT,2107,-29,358405
SWAY_PERF_OUTPUT,2108,17,358406
SWAY_PERF_FRAME,36,358350,358406
SWAY_PERF_INPUT_FRAME,40,356967,366414
SWAY_PERF_OUTPUT,2109,45,367798
SWAY_PERF_OUTPUT,2110,127,367799
SWAY_PERF_OUTPUT,2111,-30,367800
SWAY_PERF_OUTPUT,2112,40,367801
SWAY_PERF_OUTPUT,2113,34,367802
SWAY_PERF_OUTPUT,2114,87,367803
SWAY_PERF_OUTPUT,2115,0,367804
SWAY_PERF_OUTPUT,2116,38,367805
SWAY_PERF_OUTPUT,2117,77,367806
SWAY_PERF_OUTPUT,2118,-2,367807
SWAY_PERF_OUTPUT,2119,28,367808
SWAY_PERF_OUTPUT,2120,70,367809
SWAY_PERF_OUTPUT,2121,-24,367810
SWAY_PERF_OUTPUT,2122,31,367811
SWAY_PERF_OUTPUT,2123,50,367812
SWAY_PERF_OUTPUT,2124,123,367813
SWAY_PERF_OUTPUT,2125,38,367814
SWAY_PERF_OUTPUT,2126,95,367815
SWAY_PERF_OUTPUT,2127,56,367816
SWAY_PERF_OUTPUT,2128,-18,367817
SWAY_PERF_OUTPUT,2129,-5,367818
SWAY_PERF_OUTPUT,2130,-13,367819
SWAY_PERF_OUTPUT,2131,72,367820
SWAY_PERF_OUTPUT,2132,46,367821
SWAY_PERF_OUTPUT,2133,35,367822
SWAY_PERF_OUTPUT,2134,17,367823
SWAY_PERF_OUTPUT,2135,-75,367824
SWAY_PERF_OUTPUT,2136,-6,367825
SWAY_PERF_OUTPUT,2137,-39,367826
SWAY_PERF_OUTPUT,2138,-28,367827
SWAY_PERF_OUTPUT,2139,-27,367828
SWAY_PERF_OUTPUT,2140,-60,367829
SWAY_PERF_OUTPUT,2141,-2,367830
SWAY_PERF_OUTPUT,2142,27,367831
SWAY_PERF_OUTPUT,2143,71,367832
SWAY_PERF_OUTPUT,2144,117,367833
SWAY_PERF_OUTPUT,2145,-2,367834
SWAY_PERF_OUTPUT,2146,-19,367835
SWAY_PERF_OUTPUT,2147,25,367836
SWAY_PERF_OUTPUT,2148,34,367837
SWAY_PERF_OUTPUT,2149,-36,367838
SWAY_PERF_OUTPUT,2150,21,367839
SWAY_PERF_OUTPUT,2151,-36,367840
SWAY_PERF_OUTPUT,2152,96,367841
SWAY_PERF_OUTPUT,2153,-49,367842
SWAY_PERF_OUTPUT,2154,50,367843
SWAY_PERF_OUTPUT,2155,-42,367844
SWAY_PERF_OUTPUT,2156,-96,367845
SWAY_PERF_OUTPUT,2157,0,367846
SWAY_PERF_OUTPUT,2158,27,367847
SWAY_PERF_OUTPUT,2159,-37,367848
SWAY_PERF_OUTPUT,2160,77,367849
SWAY_PERF_OUTPUT,2161,44,367850
SWAY_PERF_OUTPUT,2162,0,367851
SWAY_PERF_OUTPUT,2163,-56,367852
SWAY_PERF_OUTPUT,2164,-77,367853
SWAY_PERF_OUTPUT,2165,42,367854
SWAY_PERF_FRAME,37,367798,367854
SWAY_PERF_INPUT_FRAME,41,366415,375862
SWAY_PERF_OUTPUT,2166,21,377246
SWAY_PERF_OUTPUT,2167,1,377247
SWAY_PERF_OUTPUT,2168,5,377248
SWAY_PERF_OUTPUT,2169,-3,377249
SWAY_PERF_OUTPUT,2170,23,377250
SWAY_PERF_OUTPUT,2171,34,377251
SWAY_PERF_OUTPUT,2172,42,377252
SWAY_PERF_OUTPUT,2173,-2,377253
SWAY_PERF_OUTPUT,2174,-9,377254
SWAY_PERF_OUTPUT,2175,0,377255
SWAY_PERF_OUTPUT,2176,8,377256
SWAY_PERF_OUTPUT,2177,16,377257
SWAY_PERF_OUTPUT,2178,59,377258
SWAY_PERF_OUTPUT,2179,41,377259
SWAY_PERF_OUTPUT,2180,9,377260
SWAY_PERF_OUTPUT,2181,9,377261
SWAY_PERF_OUTPUT,2182,12,377262
SWAY_PERF_OUTPUT,2183,20,377263
SWAY_PERF_OUTPUT,2184,14,377264
SWAY_PERF_OUTPUT,2185,101,377265
SWAY_PERF_OUTPUT,2186,109,377266
SWAY_PERF_OUTPUT,2187,111,377267
SWAY_PERF_OUTPUT,2188,108,377268
SWAY_PERF_OUTPUT,2189,118,377269
SWAY_PERF_OUTPUT,2190,113,377270
SWAY_PERF_OUTPUT,2191,96,377271
SWAY_PERF_OUTPUT,2192,121,377272
SWAY_PERF_OUTPUT,2193,111,377273
SWAY_PERF_OUTPUT,2194,120,377274
SWAY_PERF_OUTPUT,2195,99,377275
SWAY_PERF_OUTPUT,2196,127,377276
SWAY_PERF_OUTPUT,2197,126,377277
SWAY_PERF_OUTPUT,2198,112,377278
SWAY_PERF_OUTPUT,2199,115,377279
SWAY_PERF_OUTPUT,2200,127,377280
SWAY_PERF_OUTPUT,2201,98,377281
SWAY_PERF_OUTPUT,2202,103,377282
SWAY_PERF_OUTPUT,2203,127,377283
SWAY_PERF_OUTPUT,2204,35,377284
SWAY_PERF_OUTPUT,2205,57,377285
SWAY_PERF_OUTPUT,2206,75,377286
SWAY_PERF_OUTPUT,2207,88,377287
SWAY_PERF_OUTPUT,2208,62,377288
SWAY_PERF_OUTPUT,2209,70,377289
SWAY_PERF_OUTPUT,2210,104,377290
SWAY_PERF_OUTPUT,2211,60,377291
SWAY_PERF_OUTPUT,2212,31,377292
SWAY_PERF_OUTPUT,2213,8,377293
SWAY_PERF_OUTPUT,2214,19,377294
SWAY_PERF_OUTPUT,2215,-29,377295
SWAY_PERF_OUTPUT,2216,-52,377296
SWAY_PERF_OUTPUT,2217,-46,377297
SWAY_PERF_OUTPUT,2218,31,377298
SWAY_PERF_OUTPUT,2219,-32,377299
SWAY_PERF_OUTPUT,2220,-54,377300
SWAY_PERF_OUTPUT,2221,-38,377301
SWAY_PERF_OUTPUT,2222,68,377302
SWAY_PERF_FRAME,38,377246,377302
SWAY_PERF_INPUT_FRAME,42,375863,385310
SWAY_PERF_OUTPUT,2223,61,386694
SWAY_PERF_OUTPUT,2224,72,386695
SWAY_PERF_OUTPUT,2225,58,386696
SWAY_PERF_OUTPUT,2226,63,386697
SWAY_PERF_OUTPUT,2227,71,386698
SWAY_PERF_OUTPUT,2228,59,386699
SWAY_PERF_OUTPUT,2229,17,386700
SWAY_PERF_OUTPUT,2230,69,386701
SWAY_PERF_OUTPUT,2231,80,386702
SWAY_PERF_OUTPUT,2232,102,386703
SWAY_PERF_OUTPUT,2233,53,386704
SWAY_PERF_OUTPUT,2234,68,386705
SWAY_PERF_OUTPUT,2235,58,386706
SWAY_PERF_OUTPUT,2236,56,386707
SWAY_PERF_OUTPUT,2237,48,386708
SWAY_PERF_OUTPUT,2238,37,386709
SWAY_PERF_OUTPUT,2239,13,386710
SWAY_PERF_OUTPUT,2240,20,386711
SWAY_PERF_OUTPUT,2241,73,386712
SWAY_PERF_OUTPUT,2242,118,386713
SWAY_PERF_OUTPUT,2243,127,386714
SWAY_PERF_OUTPUT,2244,127,386715
SWAY_PERF_OUTPUT,2245,127,386716
SWAY_PERF_OUTPUT,2246,127,386717
SWAY_PERF_OUTPUT,2247,116,386718
SWAY_PERF_OUTPUT,2248,88,386719
SWAY_PERF_OUTPUT,2249,127,386720
SWAY_PERF_OUTPUT,2250,120,386721
SWAY_PERF_OUTPUT,2251,119,386722
SWAY_PERF_OUTPUT,2252,127,386723
SWAY_PERF_OUTPUT,2253,110,386724
SWAY_PERF_OUTPUT,2254,121,386725
SWAY_PERF_OUTPUT,2255,118,386726
SWAY_PERF_OUTPUT,2256,127,386727
SWAY_PERF_OUTPUT,2257,127,386728
SWAY_PERF_OUTPUT,2258,127,386729
SWAY_PERF_OUTPUT,2259,127,386730
SWAY_PERF_OUTPUT,2260,127,386731
SWAY_PERF_OUTPUT,2261,-21,386732
SWAY_PERF_OUTPUT,2262,-2,386733
SWAY_PERF_OUTPUT,2263,32,386734
SWAY_PERF_OUTPUT,2264,32,386735
SWAY_PERF_OUTPUT,2265,17,386736
SWAY_PERF_OUTPUT,2266,-14,386737
SWAY_PERF_OUTPUT,2267,-22,386738
SWAY_PERF_OUTPUT,2268,-12,386739
SWAY_PERF_OUTPUT,2269,-47,386740
SWAY_PERF_OUTPUT,2270,-38,386741
SWAY_PERF_OUTPUT,2271,-36,386742
SWAY_PERF_OUTPUT,2272,-46,386743
SWAY_PERF_OUTPUT,2273,-81,386744
SWAY_PERF_OUTPUT,2274,-67,386745
SWAY_PERF_OUTPUT,2275,-17,386746
SWAY_PERF_OUTPUT,2276,-41,386747
SWAY_PERF_OUTPUT,2277,-65,386748
SWAY_PERF_OUTPUT,2278,-78,386749
SWAY_PERF_OUTPUT,2279,21,386750
SWAY_PERF_FRAME,39,386694,386750
SWAY_PERF_INPUT_FRAME,43,385311,394758
SWAY_PERF_OUTPUT,2280,7,396142
SWAY_PERF_OUTPUT,2281,7,396143
SWAY_PERF_OUTPUT,2282,6,396144
SWAY_PERF_OUTPUT,2283,6,396145
SWAY_PERF_OUTPUT,2284,12,396146
SWAY_PERF_OUTPUT,2285,16,396147
SWAY_PERF_OUTPUT,2286,19,396148
SWAY_PERF_OUTPUT,2287,1,396149
SWAY_PERF_OUTPUT,2288,-2,396150
SWAY_PERF_OUTPUT,2289,-3,396151
SWAY_PERF_OUTPUT,2290,9,396152
SWAY_PERF_OUTPUT,2291,10,396153
SWAY_PERF_OUTPUT,2292,11,396154
SWAY_PERF_OUTPUT,2293,11,396155
SWAY_PERF_OUTPUT,2294,4,396156
SWAY_PERF_OUTPUT,2295,2,396157
SWAY_PERF_OUTPUT,2296,0,396158
SWAY_PERF_OUTPUT,2297,0,396159
SWAY_PERF_OUTPUT,2298,7,396160
SWAY_PERF_OUTPUT,2299,63,396161
SWAY_PERF_OUTPUT,2300,63,396162
SWAY_PERF_OUTPUT,2301,63,396163
SWAY_PERF_OUTPUT,2302,62,396164
SWAY_PERF_OUTPUT,2303,62,396165
SWAY_PERF_OUTPUT,2304,63,396166
SWAY_PERF_OUTPUT,2305,61,396167
SWAY_PERF_OUTPUT,2306,62,396168
SWAY_PERF_OUTPUT,2307,63,396169
SWAY_PERF_OUTPUT,2308,61,396170
SWAY_PERF_OUTPUT,2309,62,396171
SWAY_PERF_OUTPUT,2310,62,396172
SWAY_PERF_OUTPUT,2311,63,396173
SWAY_PERF_OUTPUT,2312,61,396174
SWAY_PERF_OUTPUT,2313,62,396175
SWAY_PERF_OUTPUT,2314,62,396176
SWAY_PERF_OUTPUT,2315,63,396177
SWAY_PERF_OUTPUT,2316,60,396178
SWAY_PERF_OUTPUT,2317,63,396179
SWAY_PERF_OUTPUT,2318,-7,396180
SWAY_PERF_OUTPUT,2319,2,396181
SWAY_PERF_OUTPUT,2320,13,396182
SWAY_PERF_OUTPUT,2321,17,396183
SWAY_PERF_OUTPUT,2322,9,396184
SWAY_PERF_OUTPUT,2323,5,396185
SWAY_PERF_OUTPUT,2324,2,396186
SWAY_PERF_OUTPUT,2325,9,396187
SWAY_PERF_OUTPUT,2326,2,396188
SWAY_PERF_OUTPUT,2327,-4,396189
SWAY_PERF_OUTPUT,2328,-7,396190
SWAY_PERF_OUTPUT,2329,-17,396191
SWAY_PERF_OUTPUT,2330,-28,396192
SWAY_PERF_OUTPUT,2331,-29,396193
SWAY_PERF_OUTPUT,2332,-7,396194
SWAY_PERF_OUTPUT,2333,-16,396195
SWAY_PERF_OUTPUT,2334,-27,396196
SWAY_PERF_OUTPUT,2335,-29,396197
SWAY_PERF_OUTPUT,2336,10,396198
SWAY_PERF_FRAME,40,396142,396198
SWAY_PERF_INPUT_FRAME,44,394759,404206
SWAY_PERF_OUTPUT,2337,7,405590
SWAY_PERF_OUTPUT,2338,7,405591
SWAY_PERF_OUTPUT,2339,6,405592
SWAY_PERF_OUTPUT,2340,6,405593
SWAY_PERF_OUTPUT,2341,12,405594
SWAY_PERF_OUTPUT,2342,16,405595
SWAY_PERF_OUTPUT,2343,19,405596
SWAY_PERF_OUTPUT,2344,1,405597
SWAY_PERF_OUTPUT,2345,-2,405598
SWAY_PERF_OUTPUT,2346,-3,405599
SWAY_PERF_OUTPUT,2347,9,405600
SWAY_PERF_OUTPUT,2348,10,405601
SWAY_PERF_OUTPUT,2349,11,405602
SWAY_PERF_OUTPUT,2350,11,405603
SWAY_PERF_OUTPUT,2351,4,405604
SWAY_PERF_OUTPUT,2352,2,405605
SWAY_PERF_OUTPUT,2353,0,405606
SWAY_PERF_OUTPUT,2354,0,405607
SWAY_PERF_OUTPUT,2355,7,405608
SWAY_PERF_OUTPUT,2356,63,405609
SWAY_PERF_OUTPUT,2357,63,405610
SWAY_PERF_OUTPUT,2358,63,405611
SWAY_PERF_OUTPUT,2359,62,405612
SWAY_PERF_OUTPUT,2360,62,405613
SWAY_PERF_OUTPUT,2361,63,405614
SWAY_PERF_OUTPUT,2362,61,405615
SWAY_PERF_OUTPUT,2363,62,405616
SWAY_PERF_OUTPUT,2364,63,405617
SWAY_PERF_OUTPUT,2365,61,405618
SWAY_PERF_OUTPUT,2366,62,405619
SWAY_PERF_OUTPUT,2367,62,405620
SWAY_PERF_OUTPUT,2368,63,405621
SWAY_PERF_OUTPUT,2369,61,405622
SWAY_PERF_OUTPUT,2370,62,405623
SWAY_PERF_OUTPUT,2371,62,405624
SWAY_PERF_OUTPUT,2372,63,405625
SWAY_PERF_OUTPUT,2373,60,405626
SWAY_PERF_OUTPUT,2374,63,405627
SWAY_PERF_OUTPUT,2375,-7,405628
SWAY_PERF_OUTPUT,2376,2,405629
SWAY_PERF_OUTPUT,2377,13,405630
SWAY_PERF_OUTPUT,2378,17,405631
SWAY_PERF_OUTPUT,2379,9,405632
SWAY_PERF_OUTPUT,2380,5,405633
SWAY_PERF_OUTPUT,2381,2,405634
SWAY_PERF_OUTPUT,2382,9,405635
SWAY_PERF_OUTPUT,2383,2,405636
SWAY_PERF_OUTPUT,2384,-4,405637
SWAY_PERF_OUTPUT,2385,-7,405638
SWAY_PERF_OUTPUT,2386,-17,405639
SWAY_PERF_OUTPUT,2387,-28,405640
SWAY_PERF_OUTPUT,2388,-29,405641
SWAY_PERF_OUTPUT,2389,-7,405642
SWAY_PERF_OUTPUT,2390,-16,405643
SWAY_PERF_OUTPUT,2391,-27,405644
SWAY_PERF_OUTPUT,2392,-29,405645
SWAY_PERF_OUTPUT,2393,10,405646
SWAY_PERF_FRAME,41,405590,405646
SWAY_PERF_INPUT_FRAME,45,404207,413654
SWAY_PERF_OUTPUT,2394,7,415038
SWAY_PERF_OUTPUT,2395,7,415039
SWAY_PERF_OUTPUT,2396,6,415040
SWAY_PERF_OUTPUT,2397,6,415041
SWAY_PERF_OUTPUT,2398,12,415042
SWAY_PERF_OUTPUT,2399,16,415043
SWAY_PERF_OUTPUT,2400,19,415044
SWAY_PERF_OUTPUT,2401,1,415045
SWAY_PERF_OUTPUT,2402,-2,415046
SWAY_PERF_OUTPUT,2403,-3,415047
SWAY_PERF_OUTPUT,2404,9,415048
SWAY_PERF_OUTPUT,2405,10,415049
SWAY_PERF_OUTPUT,2406,11,415050
SWAY_PERF_OUTPUT,2407,11,415051
SWAY_PERF_OUTPUT,2408,4,415052
SWAY_PERF_OUTPUT,2409,2,415053
SWAY_PERF_OUTPUT,2410,0,415054
SWAY_PERF_OUTPUT,2411,0,415055
SWAY_PERF_OUTPUT,2412,7,415056
SWAY_PERF_OUTPUT,2413,63,415057
SWAY_PERF_OUTPUT,2414,63,415058
SWAY_PERF_OUTPUT,2415,63,415059
SWAY_PERF_OUTPUT,2416,62,415060
SWAY_PERF_OUTPUT,2417,62,415061
SWAY_PERF_OUTPUT,2418,63,415062
SWAY_PERF_OUTPUT,2419,61,415063
SWAY_PERF_OUTPUT,2420,62,415064
SWAY_PERF_OUTPUT,2421,63,415065
SWAY_PERF_OUTPUT,2422,61,415066
SWAY_PERF_OUTPUT,2423,62,415067
SWAY_PERF_OUTPUT,2424,62,415068
SWAY_PERF_OUTPUT,2425,63,415069
SWAY_PERF_OUTPUT,2426,61,415070
SWAY_PERF_OUTPUT,2427,62,415071
SWAY_PERF_OUTPUT,2428,62,415072
SWAY_PERF_OUTPUT,2429,63,415073
SWAY_PERF_OUTPUT,2430,60,415074
SWAY_PERF_OUTPUT,2431,63,415075
SWAY_PERF_OUTPUT,2432,-7,415076
SWAY_PERF_OUTPUT,2433,2,415077
SWAY_PERF_OUTPUT,2434,13,415078
SWAY_PERF_OUTPUT,2435,17,415079
SWAY_PERF_OUTPUT,2436,9,415080
SWAY_PERF_OUTPUT,2437,5,415081
SWAY_PERF_OUTPUT,2438,2,415082
SWAY_PERF_OUTPUT,2439,9,415083
SWAY_PERF_OUTPUT,2440,2,415084
SWAY_PERF_OUTPUT,2441,-4,415085
SWAY_PERF_OUTPUT,2442,-7,415086
SWAY_PERF_OUTPUT,2443,-17,415087
SWAY_PERF_OUTPUT,2444,-28,415088
SWAY_PERF_OUTPUT,2445,-29,415089
SWAY_PERF_OUTPUT,2446,-7,415090
SWAY_PERF_OUTPUT,2447,-16,415091
SWAY_PERF_OUTPUT,2448,-27,415092
SWAY_PERF_OUTPUT,2449,-29,415093
SWAY_PERF_OUTPUT,2450,10,415094
SWAY_PERF_FRAME,42,415038,415094
SWAY_PERF_INPUT_FRAME,46,413655,423102
SWAY_PERF_OUTPUT,2451,7,424486
SWAY_PERF_OUTPUT,2452,8,424487
SWAY_PERF_OUTPUT,2453,8,424488
SWAY_PERF_OUTPUT,2454,8,424489
SWAY_PERF_OUTPUT,2455,13,424490
SWAY_PERF_OUTPUT,2456,17,424491
SWAY_PERF_OUTPUT,2457,20,424492
SWAY_PERF_OUTPUT,2458,2,424493
SWAY_PERF_OUTPUT,2459,-2,424494
SWAY_PERF_OUTPUT,2460,-5,424495
SWAY_PERF_OUTPUT,2461,10,424496
SWAY_PERF_OUTPUT,2462,11,424497
SWAY_PERF_OUTPUT,2463,10,424498
SWAY_PERF_OUTPUT,2464,11,424499
SWAY_PERF_OUTPUT,2465,5,424500
SWAY_PERF_OUTPUT,2466,3,424501
SWAY_PERF_OUTPUT,2467,0,424502
SWAY_PERF_OUTPUT,2468,0,424503
SWAY_PERF_OUTPUT,2469,8,424504
SWAY_PERF_OUTPUT,2470,62,424505
SWAY_PERF_OUTPUT,2471,62,424506
SWAY_PERF_OUTPUT,2472,62,424507
SWAY_PERF_OUTPUT,2473,62,424508
SWAY_PERF_OUTPUT,2474,62,424509
SWAY_PERF_OUTPUT,2475,62,424510
SWAY_PERF_OUTPUT,2476,60,424511
SWAY_PERF_OUTPUT,2477,61,424512
SWAY_PERF_OUTPUT,2478,61,424513
SWAY_PERF_OUTPUT,2479,60,424514
SWAY_PERF_OUTPUT,2480,61,424515
SWAY_PERF_OUTPUT,2481,60,424516
SWAY_PERF_OUTPUT,2482,62,424517
SWAY_PERF_OUTPUT,2483,59,424518
SWAY_PERF_OUTPUT,2484,61,424519
SWAY_PERF_OUTPUT,2485,61,424520
SWAY_PERF_OUTPUT,2486,64,424521
SWAY_PERF_OUTPUT,2487,60,424522
SWAY_PERF_OUTPUT,2488,62,424523
SWAY_PERF_OUTPUT,2489,-6,424524
SWAY_PERF_OUTPUT,2490,4,424525
SWAY_PERF_OUTPUT,2491,14,424526
SWAY_PERF_OUTPUT,2492,18,424527
SWAY_PERF_OUTPUT,2493,10,424528
SWAY_PERF_OUTPUT,2494,6,424529
SWAY_PERF_OUTPUT,2495,-1,424530
SWAY_PERF_OUTPUT,2496,10,424531
SWAY_PERF_OUTPUT,2497,4,424532
SWAY_PERF_OUTPUT,2498,-1,424533
SWAY_PERF_OUTPUT,2499,-5,424534
SWAY_PERF_OUTPUT,2500,-16,424535
SWAY_PERF_OUTPUT,2501,-26,424536
SWAY_PERF_OUTPUT,2502,-29,424537
SWAY_PERF_OUTPUT,2503,-6,424538
SWAY_PERF_OUTPUT,2504,-15,424539
SWAY_PERF_OUTPUT,2505,-26,424540
SWAY_PERF_OUTPUT,2506,-28,424541
SWAY_PERF_OUTPUT,2507,11,424542
SWAY_PERF_FRAME,43,424486,424542
SWAY_PERF_INPUT_FRAME,47,423103,432550
SWAY_PERF_OUTPUT,2508,8,433934
SWAY_PERF_OUTPUT,2509,9,433935
SWAY_PERF_OUTPUT,2510,8,433936
SWAY_PERF_OUTPUT,2511,9,433937
SWAY_PERF_OUTPUT,2512,13,433938
SWAY_PERF_OUTPUT,2513,16,433939
SWAY_PERF_OUTPUT,2514,15,433940
SWAY_PERF_OUTPUT,2515,4,433941
SWAY_PERF_OUTPUT,2516,1,433942
SWAY_PERF_OUTPUT,2517,0,433943
SWAY_PERF_OUTPUT,2518,10,433944
SWAY_PERF_OUTPUT,2519,10,433945
SWAY_PERF_OUTPUT,2520,8,433946
SWAY_PERF_OUTPUT,2521,8,433947
SWAY_PERF_OUTPUT,2522,6,433948
SWAY_PERF_OUTPUT,2523,4,433949
SWAY_PERF_OUTPUT,2524,2,433950
SWAY_PERF_OUTPUT,2525,1,433951
SWAY_PERF_OUTPUT,2526,9,433952
SWAY_PERF_OUTPUT,2527,63,433953
SWAY_PERF_OUTPUT,2528,63,433954
SWAY_PERF_OUTPUT,2529,63,433955
SWAY_PERF_OUTPUT,2530,63,433956
SWAY_PERF_OUTPUT,2531,62,433957
SWAY_PERF_OUTPUT,2532,62,433958
SWAY_PERF_OUTPUT,2533,60,433959
SWAY_PERF_OUTPUT,2534,62,433960
SWAY_PERF_OUTPUT,2535,64,433961
SWAY_PERF_OUTPUT,2536,62,433962
SWAY_PERF_OUTPUT,2537,62,433963
SWAY_PERF_OUTPUT,2538,62,433964
SWAY_PERF_OUTPUT,2539,63,433965
SWAY_PERF_OUTPUT,2540,62,433966
SWAY_PERF_OUTPUT,2541,62,433967
SWAY_PERF_OUTPUT,2542,62,433968
SWAY_PERF_OUTPUT,2543,63,433969
SWAY_PERF_OUTPUT,2544,59,433970
SWAY_PERF_OUTPUT,2545,63,433971
SWAY_PERF_OUTPUT,2546,-8,433972
SWAY_PERF_OUTPUT,2547,2,433973
SWAY_PERF_OUTPUT,2548,13,433974
SWAY_PERF_OUTPUT,2549,17,433975
SWAY_PERF_OUTPUT,2550,9,433976
SWAY_PERF_OUTPUT,2551,2,433977
SWAY_PERF_OUTPUT,2552,-4,433978
SWAY_PERF_OUTPUT,2553,8,433979
SWAY_PERF_OUTPUT,2554,2,433980
SWAY_PERF_OUTPUT,2555,-4,433981
SWAY_PERF_OUTPUT,2556,-7,433982
SWAY_PERF_OUTPUT,2557,-17,433983
SWAY_PERF_OUTPUT,2558,-28,433984
SWAY_PERF_OUTPUT,2559,-30,433985
SWAY_PERF_OUTPUT,2560,-7,433986
SWAY_PERF_OUTPUT,2561,-16,433987
SWAY_PERF_OUTPUT,2562,-26,433988
SWAY_PERF_OUTPUT,2563,-29,433989
SWAY_PERF_OUTPUT,2564,10,433990
SWAY_PERF_FRAME,44,433934,433990
SWAY_PERF_INPUT_FRAME,48,432551,441998
SWAY_PERF_OUTPUT,2565,7,443382
SWAY_PERF_OUTPUT,2566,7,443383
SWAY_PERF_OUTPUT,2567,6,443384
SWAY_PERF_OUTPUT,2568,7,443385
SWAY_PERF_OUTPUT,2569,13,443386
SWAY_PERF_OUTPUT,2570,17,443387
SWAY_PERF_OUTPUT,2571,20,443388
SWAY_PERF_OUTPUT,2572,1,443389
SWAY_PERF_OUTPUT,2573,-3,443390
SWAY_PERF_OUTPUT,2574,-4,443391
SWAY_PERF_OUTPUT,2575,10,443392
SWAY_PERF_OUTPUT,2576,11,443393
SWAY_PERF_OUTPUT,2577,13,443394
SWAY_PERF_OUTPUT,2578,13,443395
SWAY_PERF_OUTPUT,2579,5,443396
SWAY_PERF_OUTPUT,2580,4,443397
SWAY_PERF_OUTPUT,2581,2,443398
SWAY_PERF_OUTPUT,2582,2,443399
SWAY_PERF_OUTPUT,2583,7,443400
SWAY_PERF_OUTPUT,2584,62,443401
SWAY_PERF_OUTPUT,2585,62,443402
SWAY_PERF_OUTPUT,2586,62,443403
SWAY_PERF_OUTPUT,2587,61,443404
SWAY_PERF_OUTPUT,2588,63,443405
SWAY_PERF_OUTPUT,2589,65,443406
SWAY_PERF_OUTPUT,2590,62,443407
SWAY_PERF_OUTPUT,2591,60,443408
SWAY_PERF_OUTPUT,2592,59,443409
SWAY_PERF_OUTPUT,2593,57,443410
SWAY_PERF_OUTPUT,2594,60,443411
SWAY_PERF_OUTPUT,2595,60,443412
SWAY_PERF_OUTPUT,2596,59,443413
SWAY_PERF_OUTPUT,2597,56,443414
SWAY_PERF_OUTPUT,2598,60,443415
SWAY_PERF_OUTPUT,2599,63,443416
SWAY_PERF_OUTPUT,2600,65,443417
SWAY_PERF_OUTPUT,2601,62,443418
SWAY_PERF_OUTPUT,2602,62,443419
SWAY_PERF_OUTPUT,2603,-3,443420
SWAY_PERF_OUTPUT,2604,7,443421
SWAY_PERF_OUTPUT,2605,17,443422
SWAY_PERF_OUTPUT,2606,22,443423
SWAY_PERF_OUTPUT,2607,14,443424
SWAY_PERF_OUTPUT,2608,10,443425
SWAY_PERF_OUTPUT,2609,8,443426
SWAY_PERF_OUTPUT,2610,14,443427
SWAY_PERF_OUTPUT,2611,8,443428
SWAY_PERF_OUTPUT,2612,4,443429
SWAY_PERF_OUTPUT,2613,-2,443430
SWAY_PERF_OUTPUT,2614,-15,443431
SWAY_PERF_OUTPUT,2615,-26,443432
SWAY_PERF_OUTPUT,2616,-28,443433
SWAY_PERF_OUTPUT,2617,-3,443434
SWAY_PERF_OUTPUT,2618,-15,443435
SWAY_PERF_OUTPUT,2619,-26,443436
SWAY_PERF_OUTPUT,2620,-28,443437
SWAY_PERF_OUTPUT,2621,15,443438
SWAY_PERF_FRAME,45,443382,443438
SWAY_PERF_INPUT_FRAME,49,441999,451446
SWAY_PERF_OUTPUT,2622,8,452830
SWAY_PERF_OUTPUT,2623,9,452831
SWAY_PERF_OUTPUT,2624,9,452832
SWAY_PERF_OUTPUT,2625,9,452833
SWAY_PERF_OUTPUT,2626,14,452834
SWAY_PERF_OUTPUT,2627,20,452835
SWAY_PERF_OUTPUT,2628,23,452836
SWAY_PERF_OUTPUT,2629,3,452837
SWAY_PERF_OUTPUT,2630,-4,452838
SWAY_PERF_OUTPUT,2631,-9,452839
SWAY_PERF_OUTPUT,2632,11,452840
SWAY_PERF_OUTPUT,2633,13,452841
SWAY_PERF_OUTPUT,2634,13,452842
SWAY_PERF_OUTPUT,2635,14,452843
SWAY_PERF_OUTPUT,2636,6,452844
SWAY_PERF_OUTPUT,2637,0,452845
SWAY_PERF_OUTPUT,2638,-5,452846
SWAY_PERF_OUTPUT,2639,-5,452847
SWAY_PERF_OUTPUT,2640,9,452848
SWAY_PERF_OUTPUT,2641,62,452849
SWAY_PERF_OUTPUT,2642,61,452850
SWAY_PERF_OUTPUT,2643,60,452851
SWAY_PERF_OUTPUT,2644,59,452852
SWAY_PERF_OUTPUT,2645,59,452853
SWAY_PERF_OUTPUT,2646,59,452854
SWAY_PERF_OUTPUT,2647,58,452855
SWAY_PERF_OUTPUT,2648,60,452856
SWAY_PERF_OUTPUT,2649,60,452857
SWAY_PERF_OUTPUT,2650,59,452858
SWAY_PERF_OUTPUT,2651,60,452859
SWAY_PERF_OUTPUT,2652,58,452860
SWAY_PERF_OUTPUT,2653,61,452861
SWAY_PERF_OUTPUT,2654,59,452862
SWAY_PERF_OUTPUT,2655,61,452863
SWAY_PERF_OUTPUT,2656,59,452864
SWAY_PERF_OUTPUT,2657,61,452865
SWAY_PERF_OUTPUT,2658,58,452866
SWAY_PERF_OUTPUT,2659,60,452867
SWAY_PERF_OUTPUT,2660,-8,452868
SWAY_PERF_OUTPUT,2661,2,452869
SWAY_PERF_OUTPUT,2662,11,452870
SWAY_PERF_OUTPUT,2663,15,452871
SWAY_PERF_OUTPUT,2664,8,452872
SWAY_PERF_OUTPUT,2665,6,452873
SWAY_PERF_OUTPUT,2666,5,452874
SWAY_PERF_OUTPUT,2667,8,452875
SWAY_PERF_OUTPUT,2668,6,452876
SWAY_PERF_OUTPUT,2669,8,452877
SWAY_PERF_OUTPUT,2670,-7,452878
SWAY_PERF_OUTPUT,2671,-16,452879
SWAY_PERF_OUTPUT,2672,-27,452880
SWAY_PERF_OUTPUT,2673,-29,452881
SWAY_PERF_OUTPUT,2674,-7,452882
SWAY_PERF_OUTPUT,2675,-14,452883
SWAY_PERF_OUTPUT,2676,-25,452884
SWAY_PERF_OUTPUT,2677,-27,452885
SWAY_PERF_OUTPUT,2678,9,452886
SWAY_PERF_FRAME,46,452830,452886
SWAY_PERF_INPUT_FRAME,50,451447,460894
SWAY_PERF_OUTPUT,2679,4,462278
SWAY_PERF_OUTPUT,2680,4,462279
SWAY_PERF_OUTPUT,2681,3,462280
SWAY_PERF_OUTPUT,2682,3,462281
SWAY_PERF_OUTPUT,2683,9,462282
SWAY_PERF_OUTPUT,2684,16,462283
SWAY_PERF_OUTPUT,2685,19,462284
SWAY_PERF_OUTPUT,2686,-2,462285
SWAY_PERF_OUTPUT,2687,-7,462286
SWAY_PERF_OUTPUT,2688,-8,462287
SWAY_PERF_OUTPUT,2689,7,462288
SWAY_PERF_OUTPUT,2690,11,462289
SWAY_PERF_OUTPUT,2691,13,462290
SWAY_PERF_OUTPUT,2692,14,462291
SWAY_PERF_OUTPUT,2693,2,462292
SWAY_PERF_OUTPUT,2694,-1,462293
SWAY_PERF_OUTPUT,2695,-2,462294
SWAY_PERF_OUTPUT,2696,-2,462295
SWAY_PERF_OUTPUT,2697,3,462296
SWAY_PERF_OUTPUT,2698,61,462297
SWAY_PERF_OUTPUT,2699,61,462298
SWAY_PERF_OUTPUT,2700,60,462299
SWAY_PERF_OUTPUT,2701,60,462300
SWAY_PERF_OUTPUT,2702,60,462301
SWAY_PERF_OUTPUT,2703,61,462302
SWAY_PERF_OUTPUT,2704,59,462303
SWAY_PERF_OUTPUT,2705,59,462304
SWAY_PERF_OUTPUT,2706,59,462305
SWAY_PERF_OUTPUT,2707,58,462306
SWAY_PERF_OUTPUT,2708,60,462307
SWAY_PERF_OUTPUT,2709,59,462308
SWAY_PERF_OUTPUT,2710,60,462309
SWAY_PERF_OUTPUT,2711,57,462310
SWAY_PERF_OUTPUT,2712,60,462311
SWAY_PERF_OUTPUT,2713,59,462312
SWAY_PERF_OUTPUT,2714,62,462313
SWAY_PERF_OUTPUT,2715,59,462314
SWAY_PERF_OUTPUT,2716,60,462315
SWAY_PERF_OUTPUT,2717,-6,462316
SWAY_PERF_OUTPUT,2718,4,462317
SWAY_PERF_OUTPUT,2719,14,462318
SWAY_PERF_OUTPUT,2720,18,462319
SWAY_PERF_OUTPUT,2721,11,462320
SWAY_PERF_OUTPUT,2722,10,462321
SWAY_PERF_OUTPUT,2723,11,462322
SWAY_PERF_OUTPUT,2724,10,462323
SWAY_PERF_OUTPUT,2725,6,462324
SWAY_PERF_OUTPUT,2726,5,462325
SWAY_PERF_OUTPUT,2727,-5,462326
SWAY_PERF_OUTPUT,2728,-15,462327
SWAY_PERF_OUTPUT,2729,-25,462328
SWAY_PERF_OUTPUT,2730,-28,462329
SWAY_PERF_OUTPUT,2731,-6,462330
SWAY_PERF_OUTPUT,2732,-15,462331
SWAY_PERF_OUTPUT,2733,-27,462332
SWAY_PERF_OUTPUT,2734,-29,462333
SWAY_PERF_OUTPUT,2735,12,462334
SWAY_PERF_FRAME,47,462278,462334
SWAY_PERF_INPUT_FRAME,51,460895,470342
SWAY_PERF_OUTPUT,2736,4,471726
SWAY_PERF_OUTPUT,2737,4,471727
SWAY_PERF_OUTPUT,2738,3,471728
SWAY_PERF_OUTPUT,2739,3,471729
SWAY_PERF_OUTPUT,2740,10,471730
SWAY_PERF_OUTPUT,2741,16,471731
SWAY_PERF_OUTPUT,2742,21,471732
SWAY_PERF_OUTPUT,2743,-3,471733
SWAY_PERF_OUTPUT,2744,-10,471734
SWAY_PERF_OUTPUT,2745,-15,471735
SWAY_PERF_OUTPUT,2746,7,471736
SWAY_PERF_OUTPUT,2747,11,471737
SWAY_PERF_OUTPUT,2748,15,471738
SWAY_PERF_OUTPUT,2749,15,471739
SWAY_PERF_OUTPUT,2750,2,471740
SWAY_PERF_OUTPUT,2751,-2,471741
SWAY_PERF_OUTPUT,2752,-5,471742
SWAY_PERF_OUTPUT,2753,-5,471743
SWAY_PERF_OUTPUT,2754,3,471744
SWAY_PERF_OUTPUT,2755,63,471745
SWAY_PERF_OUTPUT,2756,62,471746
SWAY_PERF_OUTPUT,2757,61,471747
SWAY_PERF_OUTPUT,2758,61,471748
SWAY_PERF_OUTPUT,2759,62,471749
SWAY_PERF_OUTPUT,2760,62,471750
SWAY_PERF_OUTPUT,2761,60,471751
SWAY_PERF_OUTPUT,2762,61,471752
SWAY_PERF_OUTPUT,2763,61,471753
SWAY_PERF_OUTPUT,2764,60,471754
SWAY_PERF_OUTPUT,2765,61,471755
SWAY_PERF_OUTPUT,2766,60,471756
SWAY_PERF_OUTPUT,2767,61,471757
SWAY_PERF_OUTPUT,2768,59,471758
SWAY_PERF_OUTPUT,2769,61,471759
SWAY_PERF_OUTPUT,2770,61,471760
SWAY_PERF_OUTPUT,2771,63,471761
SWAY_PERF_OUTPUT,2772,60,471762
SWAY_PERF_OUTPUT,2773,61,471763
SWAY_PERF_OUTPUT,2774,-4,471764
SWAY_PERF_OUTPUT,2775,6,471765
SWAY_PERF_OUTPUT,2776,17,471766
SWAY_PERF_OUTPUT,2777,21,471767
SWAY_PERF_OUTPUT,2778,13,471768
SWAY_PERF_OUTPUT,2779,13,471769
SWAY_PERF_OUTPUT,2780,14,471770
SWAY_PERF_OUTPUT,2781,13,471771
SWAY_PERF_OUTPUT,2782,12,471772
SWAY_PERF_OUTPUT,2783,15,471773
SWAY_PERF_OUTPUT,2784,-3,471774
SWAY_PERF_OUTPUT,2785,-14,471775
SWAY_PERF_OUTPUT,2786,-26,471776
SWAY_PERF_OUTPUT,2787,-28,471777
SWAY_PERF_OUTPUT,2788,-3,471778
SWAY_PERF_OUTPUT,2789,-14,471779
SWAY_PERF_OUTPUT,2790,-26,471780
SWAY_PERF_OUTPUT,2791,-28,471781
SWAY_PERF_OUTPUT,2792,14,471782
SWAY_PERF_FRAME,48,471726,471782
SWAY_PERF_INPUT_FRAME,52,470343,479790
SWAY_PERF_OUTPUT,2793,8,481174
SWAY_PERF_OUTPUT,2794,9,481175
SWAY_PERF_OUTPUT,2795,8,481176
SWAY_PERF_OUTPUT,2796,8,481177
SWAY_PERF_OUTPUT,2797,14,481178
SWAY_PERF_OUTPUT,2798,19,481179
SWAY_PERF_OUTPUT,2799,21,481180
SWAY_PERF_OUTPUT,2800,3,481181
SWAY_PERF_OUTPUT,2801,0,481182
SWAY_PERF_OUTPUT,2802,-3,481183
SWAY_PERF_OUTPUT,2803,10,481184
SWAY_PERF_OUTPUT,2804,12,481185
SWAY_PERF_OUTPUT,2805,12,481186
SWAY_PERF_OUTPUT,2806,12,481187
SWAY_PERF_OUTPUT,2807,6,481188
SWAY_PERF_OUTPUT,2808,3,481189
SWAY_PERF_OUTPUT,2809,0,481190
SWAY_PERF_OUTPUT,2810,-1,481191
SWAY_PERF_OUTPUT,2811,9,481192
SWAY_PERF_OUTPUT,2812,61,481193
SWAY_PERF_OUTPUT,2813,62,481194
SWAY_PERF_OUTPUT,2814,61,481195
SWAY_PERF_OUTPUT,2815,61,481196
SWAY_PERF_OUTPUT,2816,61,481197
SWAY_PERF_OUTPUT,2817,61,481198
SWAY_PERF_OUTPUT,2818,59,481199
SWAY_PERF_OUTPUT,2819,60,481200
SWAY_PERF_OUTPUT,2820,61,481201
SWAY_PERF_OUTPUT,2821,60,481202
SWAY_PERF_OUTPUT,2822,60,481203
SWAY_PERF_OUTPUT,2823,60,481204
SWAY_PERF_OUTPUT,2824,62,481205
SWAY_PERF_OUTPUT,2825,60,481206
SWAY_PERF_OUTPUT,2826,61,481207
SWAY_PERF_OUTPUT,2827,61,481208
SWAY_PERF_OUTPUT,2828,62,481209
SWAY_PERF_OUTPUT,2829,58,481210
SWAY_PERF_OUTPUT,2830,61,481211
SWAY_PERF_OUTPUT,2831,-6,481212
SWAY_PERF_OUTPUT,2832,3,481213
SWAY_PERF_OUTPUT,2833,14,481214
SWAY_PERF_OUTPUT,2834,17,481215
SWAY_PERF_OUTPUT,2835,10,481216
SWAY_PERF_OUTPUT,2836,7,481217
SWAY_PERF_OUTPUT,2837,6,481218
SWAY_PERF_OUTPUT,2838,9,481219
SWAY_PERF_OUTPUT,2839,4,481220
SWAY_PERF_OUTPUT,2840,1,481221
SWAY_PERF_OUTPUT,2841,-6,481222
SWAY_PERF_OUTPUT,2842,-16,481223
SWAY_PERF_OUTPUT,2843,-27,481224
SWAY_PERF_OUTPUT,2844,-29,481225
SWAY_PERF_OUTPUT,2845,-6,481226
SWAY_PERF_OUTPUT,2846,-15,481227
SWAY_PERF_OUTPUT,2847,-26,481228
SWAY_PERF_OUTPUT,2848,-28,481229
SWAY_PERF_OUTPUT,2849,11,481230
SWAY_PERF_FRAME,49,481174,481230
SWAY_PERF_INPUT_FRAME,53,479791,489238
SWAY_PERF_OUTPUT,2850,9,490622
SWAY_PERF_OUTPUT,2851,9,490623
SWAY_PERF_OUTPUT,2852,8,490624
SWAY_PERF_OUTPUT,2853,9,490625
SWAY_PERF_OUTPUT,2854,15,490626
SWAY_PERF_OUTPUT,2855,18,490627
SWAY_PERF_OUTPUT,2856,19,490628
SWAY_PERF_OUTPUT,2857,4,490629
SWAY_PERF_OUTPUT,2858,-2,490630
SWAY_PERF_OUTPUT,2859,-5,490631
SWAY_PERF_OUTPUT,2860,10,490632
SWAY_PERF_OUTPUT,2861,11,490633
SWAY_PERF_OUTPUT,2862,11,490634
SWAY_PERF_OUTPUT,2863,11,490635
SWAY_PERF_OUTPUT,2864,6,490636
SWAY_PERF_OUTPUT,2865,4,490637
SWAY_PERF_OUTPUT,2866,2,490638
SWAY_PERF_OUTPUT,2867,2,490639
SWAY_PERF_OUTPUT,2868,9,490640
SWAY_PERF_OUTPUT,2869,64,490641
SWAY_PERF_OUTPUT,2870,65,490642
SWAY_PERF_OUTPUT,2871,65,490643
SWAY_PERF_OUTPUT,2872,65,490644
SWAY_PERF_OUTPUT,2873,65,490645
SWAY_PERF_OUTPUT,2874,66,490646
SWAY_PERF_OUTPUT,2875,64,490647
SWAY_PERF_OUTPUT,2876,64,490648
SWAY_PERF_OUTPUT,2877,65,490649
SWAY_PERF_OUTPUT,2878,63,490650
SWAY_PERF_OUTPUT,2879,63,490651
SWAY_PERF_OUTPUT,2880,65,490652
SWAY_PERF_OUTPUT,2881,63,490653
SWAY_PERF_OUTPUT,2882,61,490654
SWAY_PERF_OUTPUT,2883,63,490655
SWAY_PERF_OUTPUT,2884,67,490656
SWAY_PERF_OUTPUT,2885,66,490657
SWAY_PERF_OUTPUT,2886,63,490658
SWAY_PERF_OUTPUT,2887,65,490659
SWAY_PERF_OUTPUT,2888,-2,490660
SWAY_PERF_OUTPUT,2889,9,490661
SWAY_PERF_OUTPUT,2890,20,490662
SWAY_PERF_OUTPUT,2891,25,490663
SWAY_PERF_OUTPUT,2892,16,490664
SWAY_PERF_OUTPUT,2893,9,490665
SWAY_PERF_OUTPUT,2894,5,490666
SWAY_PERF_OUTPUT,2895,15,490667
SWAY_PERF_OUTPUT,2896,12,490668
SWAY_PERF_OUTPUT,2897,8,490669
SWAY_PERF_OUTPUT,2898,-1,490670
SWAY_PERF_OUTPUT,2899,-15,490671
SWAY_PERF_OUTPUT,2900,-28,490672
SWAY_PERF_OUTPUT,2901,-30,490673
SWAY_PERF_OUTPUT,2902,-1,490674
SWAY_PERF_OUTPUT,2903,-15,490675
SWAY_PERF_OUTPUT,2904,-25,490676
SWAY_PERF_OUTPUT,2905,-29,490677
SWAY_PERF_OUTPUT,2906,17,490678
SWAY_PERF_FRAME,50,490622,490678
SWAY_PERF_INPUT_FRAME,54,489239,498686
SWAY_PERF_OUTPUT,2907,45,500070
SWAY_PERF_OUTPUT,2908,127,500071
SWAY_PERF_OUTPUT,2909,-30,500072
SWAY_PERF_OUTPUT,2910,40,500073
SWAY_PERF_OUTPUT,2911,34,500074
SWAY_PERF_OUTPUT,2912,87,500075
SWAY_PERF_OUTPUT,2913,0,500076
SWAY_PERF_OUTPUT,2914,38,500077
SWAY_PERF_OUTPUT,2915,77,500078
SWAY_PERF_OUTPUT,2916,-2,500079
SWAY_PERF_OUTPUT,2917,28,500080
SWAY_PERF_OUTPUT,2918,70,500081
SWAY_PERF_OUTPUT,2919,-24,500082
SWAY_PERF_OUTPUT,2920,31,500083
SWAY_PERF_OUTPUT,2921,50,500084
SWAY_PERF_OUTPUT,2922,123,500085
SWAY_PERF_OUTPUT,2923,38,500086
SWAY_PERF_OUTPUT,2924,95,500087
SWAY_PERF_OUTPUT,2925,56,500088
SWAY_PERF_OUTPUT,2926,-18,500089
SWAY_PERF_OUTPUT,2927,-5,500090
SWAY_PERF_OUTPUT,2928,-13,500091
SWAY_PERF_OUTPUT,2929,72,500092
SWAY_PERF_OUTPUT,2930,46,500093
SWAY_PERF_OUTPUT,2931,35,500094
SWAY_PERF_OUTPUT,2932,17,500095
SWAY_PERF_OUTPUT,2933,-75,500096
SWAY_PERF_OUTPUT,2934,-6,500097
SWAY_PERF_OUTPUT,2935,-39,500098
SWAY_PERF_OUTPUT,2936,-28,500099
SWAY_PERF_OUTPUT,2937,-27,500100
SWAY_PERF_OUTPUT,2938,-60,500101
SWAY_PERF_OUTPUT,2939,-2,500102
SWAY_PERF_OUTPUT,2940,27,500103
SWAY_PERF_OUTPUT,2941,71,500104
SWAY_PERF_OUTPUT,2942,117,500105
SWAY_PERF_OUTPUT,2943,-2,500106
SWAY_PERF_OUTPUT,2944,-19,500107
SWAY_PERF_OUTPUT,2945,25,500108
SWAY_PERF_OUTPUT,2946,34,500109
SWAY_PERF_OUTPUT,2947,-36,500110
SWAY_PERF_OUTPUT,2948,21,500111
SWAY_PERF_OUTPUT,2949,-36,500112
SWAY_PERF_OUTPUT,2950,96,500113
SWAY_PERF_OUTPUT,2951,-49,500114
SWAY_PERF_OUTPUT,2952,50,500115
SWAY_PERF_OUTPUT,2953,-42,500116
SWAY_PERF_OUTPUT,2954,-96,500117
SWAY_PERF_OUTPUT,2955,0,500118
SWAY_PERF_OUTPUT,2956,27,500119
SWAY_PERF_OUTPUT,2957,-37,500120
SWAY_PERF_OUTPUT,2958,77,500121
SWAY_PERF_OUTPUT,2959,44,500122
SWAY_PERF_OUTPUT,2960,0,500123
SWAY_PERF_OUTPUT,2961,-56,500124
SWAY_PERF_OUTPUT,2962,-77,500125
SWAY_PERF_OUTPUT,2963,42,500126
SWAY_PERF_FRAME,51,500070,500126
SWAY_PERF_INPUT_FRAME,55,498687,508134
SWAY_PERF_OUTPUT,2964,21,509518
SWAY_PERF_OUTPUT,2965,1,509519
SWAY_PERF_OUTPUT,2966,5,509520
SWAY_PERF_OUTPUT,2967,-3,509521
SWAY_PERF_OUTPUT,2968,23,509522
SWAY_PERF_OUTPUT,2969,34,509523
SWAY_PERF_OUTPUT,2970,42,509524
SWAY_PERF_OUTPUT,2971,-2,509525
SWAY_PERF_OUTPUT,2972,-9,509526
SWAY_PERF_OUTPUT,2973,0,509527
SWAY_PERF_OUTPUT,2974,8,509528
SWAY_PERF_OUTPUT,2975,16,509529
SWAY_PERF_OUTPUT,2976,59,509530
SWAY_PERF_OUTPUT,2977,41,509531
SWAY_PERF_OUTPUT,2978,9,509532
SWAY_PERF_OUTPUT,2979,9,509533
SWAY_PERF_OUTPUT,2980,12,509534
SWAY_PERF_OUTPUT,2981,20,509535
SWAY_PERF_OUTPUT,2982,14,509536
SWAY_PERF_OUTPUT,2983,101,509537
SWAY_PERF_OUTPUT,2984,109,509538
SWAY_PERF_OUTPUT,2985,111,509539
SWAY_PERF_OUTPUT,2986,108,509540
SWAY_PERF_OUTPUT,2987,118,509541
SWAY_PERF_OUTPUT,2988,113,509542
SWAY_PERF_OUTPUT,2989,96,509543
SWAY_PERF_OUTPUT,2990,121,509544
SWAY_PERF_OUTPUT,2991,111,509545
SWAY_PERF_OUTPUT,2992,120,509546
SWAY_PERF_OUTPUT,2993,99,509547
SWAY_PERF_OUTPUT,2994,127,509548
SWAY_PERF_OUTPUT,2995,126,509549
SWAY_PERF_OUTPUT,2996,112,509550
SWAY_PERF_OUTPUT,2997,115,509551
SWAY_PERF_OUTPUT,2998,127,509552
SWAY_PERF_OUTPUT,2999,98,509553
SWAY_PERF_OUTPUT,3000,103,509554
SWAY_PERF_OUTPUT,3001,127,509555
SWAY_PERF_OUTPUT,3002,35,509556
SWAY_PERF_OUTPUT,3003,57,509557
SWAY_PERF_OUTPUT,3004,75,509558
SWAY_PERF_OUTPUT,3005,88,509559
SWAY_PERF_OUTPUT,3006,62,509560
SWAY_PERF_OUTPUT,3007,70,509561
SWAY_PERF_OUTPUT,3008,104,509562
SWAY_PERF_OUTPUT,3009,60,509563
SWAY_PERF_OUTPUT,3010,31,509564
SWAY_PERF_OUTPUT,3011,8,509565
SWAY_PERF_OUTPUT,3012,19,509566
SWAY_PERF_OUTPUT,3013,-29,509567
SWAY_PERF_OUTPUT,3014,-52,509568
SWAY_PERF_OUTPUT,3015,-46,509569
SWAY_PERF_OUTPUT,3016,31,509570
SWAY_PERF_OUTPUT,3017,-32,509571
SWAY_PERF_OUTPUT,3018,-54,509572
SWAY_PERF_OUTPUT,3019,-38,509573
SWAY_PERF_OUTPUT,3020,68,509574
SWAY_PERF_FRAME,52,509518,509574
SWAY_PERF_INPUT_FRAME,56,508135,517582
SWAY_PERF_OUTPUT,3021,61,518966
SWAY_PERF_OUTPUT,3022,72,518967
SWAY_PERF_OUTPUT,3023,58,518968
SWAY_PERF_OUTPUT,3024,63,518969
SWAY_PERF_OUTPUT,3025,71,518970
SWAY_PERF_OUTPUT,3026,59,518971
SWAY_PERF_OUTPUT,3027,17,518972
SWAY_PERF_OUTPUT,3028,69,518973
SWAY_PERF_OUTPUT,3029,80,518974
SWAY_PERF_OUTPUT,3030,102,518975
SWAY_PERF_OUTPUT,3031,53,518976
SWAY_PERF_OUTPUT,3032,68,518977
SWAY_PERF_OUTPUT,3033,58,518978
SWAY_PERF_OUTPUT,3034,56,518979
SWAY_PERF_OUTPUT,3035,48,518980
SWAY_PERF_OUTPUT,3036,37,518981
SWAY_PERF_OUTPUT,3037,13,518982
SWAY_PERF_OUTPUT,3038,20,518983
SWAY_PERF_OUTPUT,3039,73,518984
SWAY_PERF_OUTPUT,3040,118,518985
SWAY_PERF_OUTPUT,3041,127,518986
SWAY_PERF_OUTPUT,3042,127,518987
SWAY_PERF_OUTPUT,3043,127,518988
SWAY_PERF_OUTPUT,3044,127,518989
SWAY_PERF_OUTPUT,3045,116,518990
SWAY_PERF_OUTPUT,3046,88,518991
SWAY_PERF_OUTPUT,3047,127,518992
SWAY_PERF_OUTPUT,3048,120,518993
SWAY_PERF_OUTPUT,3049,119,518994
SWAY_PERF_OUTPUT,3050,127,518995
SWAY_PERF_OUTPUT,3051,110,518996
SWAY_PERF_OUTPUT,3052,121,518997
SWAY_PERF_OUTPUT,3053,118,518998
SWAY_PERF_OUTPUT,3054,127,518999
SWAY_PERF_OUTPUT,3055,127,519000
SWAY_PERF_OUTPUT,3056,127,519001
SWAY_PERF_OUTPUT,3057,127,519002
SWAY_PERF_OUTPUT,3058,127,519003
SWAY_PERF_OUTPUT,3059,-21,519004
SWAY_PERF_OUTPUT,3060,-2,519005
SWAY_PERF_OUTPUT,3061,32,519006
SWAY_PERF_OUTPUT,3062,32,519007
SWAY_PERF_OUTPUT,3063,17,519008
SWAY_PERF_OUTPUT,3064,-14,519009
SWAY_PERF_OUTPUT,3065,-22,519010
SWAY_PERF_OUTPUT,3066,-12,519011
SWAY_PERF_OUTPUT,3067,-47,519012
SWAY_PERF_OUTPUT,3068,-38,519013
SWAY_PERF_OUTPUT,3069,-36,519014
SWAY_PERF_OUTPUT,3070,-46,519015
SWAY_PERF_OUTPUT,3071,-81,519016
SWAY_PERF_OUTPUT,3072,-67,519017
SWAY_PERF_OUTPUT,3073,-17,519018
SWAY_PERF_OUTPUT,3074,-41,519019
SWAY_PERF_OUTPUT,3075,-65,519020
SWAY_PERF_OUTPUT,3076,-78,519021
SWAY_PERF_OUTPUT,3077,21,519022
SWAY_PERF_FRAME,53,518966,519022
SWAY_PERF_INPUT_FRAME,57,517583,527030
SWAY_PERF_OUTPUT,3078,7,528414
SWAY_PERF_OUTPUT,3079,7,528415
SWAY_PERF_OUTPUT,3080,6,528416
SWAY_PERF_OUTPUT,3081,6,528417
SWAY_PERF_OUTPUT,3082,12,528418
SWAY_PERF_OUTPUT,3083,16,528419
SWAY_PERF_OUTPUT,3084,19,528420
SWAY_PERF_OUTPUT,3085,1,528421
SWAY_PERF_OUTPUT,3086,-2,528422
SWAY_PERF_OUTPUT,3087,-3,528423
SWAY_PERF_OUTPUT,3088,9,528424
SWAY_PERF_OUTPUT,3089,10,528425
SWAY_PERF_OUTPUT,3090,11,528426
SWAY_PERF_OUTPUT,3091,11,528427
SWAY_PERF_OUTPUT,3092,4,528428
SWAY_PERF_OUTPUT,3093,2,528429
SWAY_PERF_OUTPUT,3094,0,528430
SWAY_PERF_OUTPUT,3095,0,528431
SWAY_PERF_OUTPUT,3096,7,528432
SWAY_PERF_OUTPUT,3097,63,528433
SWAY_PERF_OUTPUT,3098,63,528434
SWAY_PERF_OUTPUT,3099,63,528435
SWAY_PERF_OUTPUT,3100,62,528436
SWAY_PERF_OUTPUT,3101,62,528437
SWAY_PERF_OUTPUT,3102,63,528438
SWAY_PERF_OUTPUT,3103,61,528439
SWAY_PERF_OUTPUT,3104,62,528440
SWAY_PERF_OUTPUT,3105,63,528441
SWAY_PERF_OUTPUT,3106,61,528442
SWAY_PERF_OUTPUT,3107,62,528443
SWAY_PERF_OUTPUT,3108,62,528444
SWAY_PERF_OUTPUT,3109,63,528445
SWAY_PERF_OUTPUT,3110,61,528446
SWAY_PERF_OUTPUT,3111,62,528447
SWAY_PERF_OUTPUT,3112,62,528448
SWAY_PERF_OUTPUT,3113,63,528449
SWAY_PERF_OUTPUT,3114,60,528450
SWAY_PERF_OUTPUT,3115,63,528451
SWAY_PERF_OUTPUT,3116,-7,528452
SWAY_PERF_OUTPUT,3117,2,528453
SWAY_PERF_OUTPUT,3118,13,528454
SWAY_PERF_OUTPUT,3119,17,528455
SWAY_PERF_OUTPUT,3120,9,528456
SWAY_PERF_OUTPUT,3121,5,528457
SWAY_PERF_OUTPUT,3122,2,528458
SWAY_PERF_OUTPUT,3123,9,528459
SWAY_PERF_OUTPUT,3124,2,528460
SWAY_PERF_OUTPUT,3125,-4,528461
SWAY_PERF_OUTPUT,3126,-7,528462
SWAY_PERF_OUTPUT,3127,-17,528463
SWAY_PERF_OUTPUT,3128,-28,528464
SWAY_PERF_OUTPUT,3129,-29,528465
SWAY_PERF_OUTPUT,3130,-7,528466
SWAY_PERF_OUTPUT,3131,-16,528467
SWAY_PERF_OUTPUT,3132,-27,528468
SWAY_PERF_OUTPUT,3133,-29,528469
SWAY_PERF_OUTPUT,3134,10,528470
SWAY_PERF_FRAME,54,528414,528470
SWAY_PERF_INPUT_FRAME,58,527031,536478
SWAY_PERF_OUTPUT,3135,7,537862
SWAY_PERF_OUTPUT,3136,7,537863
SWAY_PERF_OUTPUT,3137,6,537864
SWAY_PERF_OUTPUT,3138,6,537865
SWAY_PERF_OUTPUT,3139,12,537866
SWAY_PERF_OUTPUT,3140,16,537867
SWAY_PERF_OUTPUT,3141,19,537868
SWAY_PERF_OUTPUT,3142,1,537869
SWAY_PERF_OUTPUT,3143,-2,537870
SWAY_PERF_OUTPUT,3144,-3,537871
SWAY_PERF_OUTPUT,3145,9,537872
SWAY_PERF_OUTPUT,3146,10,537873
SWAY_PERF_OUTPUT,3147,11,537874
SWAY_PERF_OUTPUT,3148,11,537875
SWAY_PERF_OUTPUT,3149,4,537876
SWAY_PERF_OUTPUT,3150,2,537877
SWAY_PERF_OUTPUT,3151,0,537878
SWAY_PERF_OUTPUT,3152,0,537879
SWAY_PERF_OUTPUT,3153,7,537880
SWAY_PERF_OUTPUT,3154,63,537881
SWAY_PERF_OUTPUT,3155,63,537882
SWAY_PERF_OUTPUT,3156,63,537883
SWAY_PERF_OUTPUT,3157,62,537884
SWAY_PERF_OUTPUT,3158,62,537885
SWAY_PERF_OUTPUT,3159,63,537886
SWAY_PERF_OUTPUT,3160,61,537887
SWAY_PERF_OUTPUT,3161,62,537888
SWAY_PERF_OUTPUT,3162,63,537889
SWAY_PERF_OUTPUT,3163,61,537890
SWAY_PERF_OUTPUT,3164,62,537891
SWAY_PERF_OUTPUT,3165,62,537892
SWAY_PERF_OUTPUT,3166,63,537893
SWAY_PERF_OUTPUT,3167,61,537894
SWAY_PERF_OUTPUT,3168,62,537895
SWAY_PERF_OUTPUT,3169,62,537896
SWAY_PERF_OUTPUT,3170,63,537897
SWAY_PERF_OUTPUT,3171,60,537898
SWAY_PERF_OUTPUT,3172,63,537899
SWAY_PERF_OUTPUT,3173,-7,537900
SWAY_PERF_OUTPUT,3174,2,537901
SWAY_PERF_OUTPUT,3175,13,537902
SWAY_PERF_OUTPUT,3176,17,537903
SWAY_PERF_OUTPUT,3177,9,537904
SWAY_PERF_OUTPUT,3178,5,537905
SWAY_PERF_OUTPUT,3179,2,537906
SWAY_PERF_OUTPUT,3180,9,537907
SWAY_PERF_OUTPUT,3181,2,537908
SWAY_PERF_OUTPUT,3182,-4,537909
SWAY_PERF_OUTPUT,3183,-7,537910
SWAY_PERF_OUTPUT,3184,-17,537911
SWAY_PERF_OUTPUT,3185,-28,537912
SWAY_PERF_OUTPUT,3186,-29,537913
SWAY_PERF_OUTPUT,3187,-7,537914
SWAY_PERF_OUTPUT,3188,-16,537915
SWAY_PERF_OUTPUT,3189,-27,537916
SWAY_PERF_OUTPUT,3190,-29,537917
SWAY_PERF_OUTPUT,3191,10,537918
SWAY_PERF_FRAME,55,537862,537918
SWAY_PERF_INPUT_FRAME,59,536479,545926
SWAY_PERF_OUTPUT,3192,7,547310
SWAY_PERF_OUTPUT,3193,7,547311
SWAY_PERF_OUTPUT,3194,6,547312
SWAY_PERF_OUTPUT,3195,6,547313
SWAY_PERF_OUTPUT,3196,12,547314
SWAY_PERF_OUTPUT,3197,16,547315
SWAY_PERF_OUTPUT,3198,19,547316
SWAY_PERF_OUTPUT,3199,1,547317
SWAY_PERF_OUTPUT,3200,-2,547318
SWAY_PERF_OUTPUT,3201,-3,547319
SWAY_PERF_OUTPUT,3202,9,547320
SWAY_PERF_OUTPUT,3203,10,547321
SWAY_PERF_OUTPUT,3204,11,547322
SWAY_PERF_OUTPUT,3205,11,547323
SWAY_PERF_OUTPUT,3206,4,547324
SWAY_PERF_OUTPUT,3207,2,547325
SWAY_PERF_OUTPUT,3208,0,547326
SWAY_PERF_OUTPUT,3209,0,547327
SWAY_PERF_OUTPUT,3210,7,547328
SWAY_PERF_OUTPUT,3211,63,547329
SWAY_PERF_OUTPUT,3212,63,547330
SWAY_PERF_OUTPUT,3213,63,547331
SWAY_PERF_OUTPUT,3214,62,547332
SWAY_PERF_OUTPUT,3215,62,547333
SWAY_PERF_OUTPUT,3216,63,547334
SWAY_PERF_OUTPUT,3217,61,547335
SWAY_PERF_OUTPUT,3218,62,547336
SWAY_PERF_OUTPUT,3219,63,547337
SWAY_PERF_OUTPUT,3220,61,547338
SWAY_PERF_OUTPUT,3221,62,547339
SWAY_PERF_OUTPUT,3222,62,547340
SWAY_PERF_OUTPUT,3223,63,547341
SWAY_PERF_OUTPUT,3224,61,547342
SWAY_PERF_OUTPUT,3225,62,547343
SWAY_PERF_OUTPUT,3226,62,547344
SWAY_PERF_OUTPUT,3227,63,547345
SWAY_PERF_OUTPUT,3228,60,547346
SWAY_PERF_OUTPUT,3229,63,547347
SWAY_PERF_OUTPUT,3230,-7,547348
SWAY_PERF_OUTPUT,3231,2,547349
SWAY_PERF_OUTPUT,3232,13,547350
SWAY_PERF_OUTPUT,3233,17,547351
SWAY_PERF_OUTPUT,3234,9,547352
SWAY_PERF_OUTPUT,3235,5,547353
SWAY_PERF_OUTPUT,3236,2,547354
SWAY_PERF_OUTPUT,3237,9,547355
SWAY_PERF_OUTPUT,3238,2,547356
SWAY_PERF_OUTPUT,3239,-4,547357
SWAY_PERF_OUTPUT,3240,-7,547358
SWAY_PERF_OUTPUT,3241,-17,547359
SWAY_PERF_OUTPUT,3242,-28,547360
SWAY_PERF_OUTPUT,3243,-29,547361
SWAY_PERF_OUTPUT,3244,-7,547362
SWAY_PERF_OUTPUT,3245,-16,547363
SWAY_PERF_OUTPUT,3246,-27,547364
SWAY_PERF_OUTPUT,3247,-29,547365
SWAY_PERF_OUTPUT,3248,10,547366
SWAY_PERF_FRAME,56,547310,547366
SWAY_PERF_INPUT_FRAME,60,545927,555374
SWAY_PERF_OUTPUT,3249,7,556758
SWAY_PERF_OUTPUT,3250,8,556759
SWAY_PERF_OUTPUT,3251,8,556760
SWAY_PERF_OUTPUT,3252,8,556761
SWAY_PERF_OUTPUT,3253,13,556762
SWAY_PERF_OUTPUT,3254,17,556763
SWAY_PERF_OUTPUT,3255,20,556764
SWAY_PERF_OUTPUT,3256,2,556765
SWAY_PERF_OUTPUT,3257,-2,556766
SWAY_PERF_OUTPUT,3258,-5,556767
SWAY_PERF_OUTPUT,3259,10,556768
SWAY_PERF_OUTPUT,3260,11,556769
SWAY_PERF_OUTPUT,3261,10,556770
SWAY_PERF_OUTPUT,3262,11,556771
SWAY_PERF_OUTPUT,3263,5,556772
SWAY_PERF_OUTPUT,3264,3,556773
SWAY_PERF_OUTPUT,3265,0,556774
SWAY_PERF_OUTPUT,3266,0,556775
SWAY_PERF_OUTPUT,3267,8,556776
SWAY_PERF_OUTPUT,3268,62,556777
SWAY_PERF_OUTPUT,3269,62,556778
SWAY_PERF_OUTPUT,3270,62,556779
SWAY_PERF_OUTPUT,3271,62,556780
SWAY_PERF_OUTPUT,3272,62,556781
SWAY_PERF_OUTPUT,3273,62,556782
SWAY_PERF_OUTPUT,3274,60,556783
SWAY_PERF_OUTPUT,3275,61,556784
SWAY_PERF_OUTPUT,3276,61,556785
SWAY_PERF_OUTPUT,3277,60,556786
SWAY_PERF_OUTPUT,3278,61,556787
SWAY_PERF_OUTPUT,3279,60,556788
SWAY_PERF_OUTPUT,3280,62,556789
SWAY_PERF_OUTPUT,3281,59,556790
SWAY_PERF_OUTPUT,3282,61,556791
SWAY_PERF_OUTPUT,3283,61,556792
SWAY_PERF_OUTPUT,3284,64,556793
SWAY_PERF_OUTPUT,3285,60,556794
SWAY_PERF_OUTPUT,3286,62,556795
SWAY_PERF_OUTPUT,3287,-6,556796
SWAY_PERF_OUTPUT,3288,4,556797
SWAY_PERF_OUTPUT,3289,14,556798
SWAY_PERF_OUTPUT,3290,18,556799
SWAY_PERF_OUTPUT,3291,10,556800
SWAY_PERF_OUTPUT,3292,6,556801
SWAY_PERF_OUTPUT,3293,-1,556802
SWAY_PERF_OUTPUT,3294,10,556803
SWAY_PERF_OUTPUT,3295,4,556804
SWAY_PERF_OUTPUT,3296,-1,556805
SWAY_PERF_OUTPUT,3297,-5,556806
SWAY_PERF_OUTPUT,3298,-16,556807
SWAY_PERF_OUTPUT,3299,-26,556808
SWAY_PERF_OUTPUT,3300,-29,556809
SWAY_PERF_OUTPUT,3301,-6,556810
SWAY_PERF_OUTPUT,3302,-15,556811
SWAY_PERF_OUTPUT,3303,-26,556812
SWAY_PERF_OUTPUT,3304,-28,556813
SWAY_PERF_OUTPUT,3305,11,556814
SWAY_PERF_FRAME,57,556758,556814
SWAY_PERF_INPUT_FRAME,61,555375,564822
SWAY_PERF_OUTPUT,3306,8,566206
SWAY_PERF_OUTPUT,3307,9,566207
SWAY_PERF_OUTPUT,3308,8,566208
SWAY_PERF_OUTPUT,3309,9,566209
SWAY_PERF_OUTPUT,3310,13,566210
SWAY_PERF_OUTPUT,3311,16,566211
SWAY_PERF_OUTPUT,3312,15,566212
SWAY_PERF_OUTPUT,3313,4,566213
SWAY_PERF_OUTPUT,3314,1,566214
SWAY_PERF_OUTPUT,3315,0,566215
SWAY_PERF_OUTPUT,3316,10,566216
SWAY_PERF_OUTPUT,3317,10,566217
SWAY_PERF_OUTPUT,3318,8,566218
SWAY_PERF_OUTPUT,3319,8,566219
SWAY_PERF_OUTPUT,3320,6,566220
SWAY_PERF_OUTPUT,3321,4,566221
SWAY_PERF_OUTPUT,3322,2,566222
SWAY_PERF_OUTPUT,3323,1,566223
SWAY_PERF_OUTPUT,3324,9,566224
SWAY_PERF_OUTPUT,3325,63,566225
SWAY_PERF_OUTPUT,3326,63,566226
SWAY_PERF_OUTPUT,3327,63,566227
SWAY_PERF_OUTPUT,3328,63,566228
SWAY_PERF_OUTPUT,3329,62,566229
SWAY_PERF_OUTPUT,3330,62,566230
SWAY_PERF_OUTPUT,3331,60,566231
SWAY_PERF_OUTPUT,3332,62,566232
SWAY_PERF_OUTPUT,3333,64,566233
SWAY_PERF_OUTPUT,3334,62,566234
SWAY_PERF_OUTPUT,3335,62,566235
SWAY_PERF_OUTPUT,3336,62,566236
SWAY_PERF_OUTPUT,3337,63,566237
SWAY_PERF_OUTPUT,3338,62,566238
SWAY_PERF_OUTPUT,3339,62,566239
SWAY_PERF_OUTPUT,3340,62,566240
SWAY_PERF_OUTPUT,3341,63,566241
SWAY_PERF_OUTPUT,3342,59,566242
SWAY_PERF_OUTPUT,3343,63,566243
SWAY_PERF_OUTPUT,3344,-8,566244
SWAY_PERF_OUTPUT,3345,2,566245
SWAY_PERF_OUTPUT,3346,13,566246
SWAY_PERF_OUTPUT,3347,17,566247
SWAY_PERF_OUTPUT,3348,9,566248
SWAY_PERF_OUTPUT,3349,2,566249
SWAY_PERF_OUTPUT,3350,-4,566250
SWAY_PERF_OUTPUT,3351,8,566251
SWAY_PERF_OUTPUT,3352,2,566252
SWAY_PERF_OUTPUT,3353,-4,566253
SWAY_PERF_OUTPUT,3354,-7,566254
SWAY_PERF_OUTPUT,3355,-17,566255
SWAY_PERF_OUTPUT,3356,-28,566256
SWAY_PERF_OUTPUT,3357,-30,566257
SWAY_PERF_OUTPUT,3358,-7,566258
SWAY_PERF_OUTPUT,3359,-16,566259
SWAY_PERF_OUTPUT,3360,-26,566260
SWAY_PERF_OUTPUT,3361,-29,566261
SWAY_PERF_OUTPUT,3362,10,566262
SWAY_PERF_FRAME,58,566206,566262
SWAY_PERF_INPUT_FRAME,62,564823,574270
SWAY_PERF_OUTPUT,3363,7,575654
SWAY_PERF_OUTPUT,3364,7,575655
SWAY_PERF_OUTPUT,3365,6,575656
SWAY_PERF_OUTPUT,3366,7,575657
SWAY_PERF_OUTPUT,3367,13,575658
SWAY_PERF_OUTPUT,3368,17,575659
SWAY_PERF_OUTPUT,3369,20,575660
SWAY_PERF_OUTPUT,3370,1,575661
SWAY_PERF_OUTPUT,3371,-3,575662
SWAY_PERF_OUTPUT,3372,-4,575663
SWAY_PERF_OUTPUT,3373,10,575664
SWAY_PERF_OUTPUT,3374,11,575665
SWAY_PERF_OUTPUT,3375,13,575666
SWAY_PERF_OUTPUT,3376,13,575667
SWAY_PERF_OUTPUT,3377,5,575668
SWAY_PERF_OUTPUT,3378,4,575669
SWAY_PERF_OUTPUT,3379,2,575670
SWAY_PERF_OUTPUT,3380,2,575671
SWAY_PERF_OUTPUT,3381,7,575672
SWAY_PERF_OUTPUT,3382,62,575673
SWAY_PERF_OUTPUT,3383,62,575674
SWAY_PERF_OUTPUT,3384,62,575675
SWAY_PERF_OUTPUT,3385,61,575676
SWAY_PERF_OUTPUT,3386,63,575677
SWAY_PERF_OUTPUT,3387,65,575678
SWAY_PERF_OUTPUT,3388,62,575679
SWAY_PERF_OUTPUT,3389,60,575680
SWAY_PERF_OUTPUT,3390,59,575681
SWAY_PERF_OUTPUT,3391,57,575682
SWAY_PERF_OUTPUT,3392,60,575683
SWAY_PERF_OUTPUT,3393,60,575684
SWAY_PERF_OUTPUT,3394,59,575685
SWAY_PERF_OUTPUT,3395,56,575686
SWAY_PERF_OUTPUT,3396,60,575687
SWAY_PERF_OUTPUT,3397,63,575688
SWAY_PERF_OUTPUT,3398,65,575689
SWAY_PERF_OUTPUT,3399,62,575690
SWAY_PERF_OUTPUT,3400,62,575691
SWAY_PERF_OUTPUT,3401,-3,575692
SWAY_PERF_OUTPUT,3402,7,575693
SWAY_PERF_OUTPUT,3403,17,575694
SWAY_PERF_OUTPUT,3404,22,575695
SWAY_PERF_OUTPUT,3405,14,575696
SWAY_PERF_OUTPUT,3406,10,575697
SWAY_PERF_OUTPUT,3407,8,575698
SWAY_PERF_OUTPUT,3408,14,575699
SWAY_PERF_OUTPUT,3409,8,575700
SWAY_PERF_OUTPUT,3410,4,575701
SWAY_PERF_OUTPUT,3411,-2,575702
SWAY_PERF_OUTPUT,3412,-15,575703
SWAY_PERF_OUTPUT,3413,-26,575704
SWAY_PERF_OUTPUT,3414,-28,575705
SWAY_PERF_OUTPUT,3415,-3,575706
SWAY_PERF_OUTPUT,3416,-15,575707
SWAY_PERF_OUTPUT,3417,-26,575708
SWAY_PERF_OUTPUT,3418,-28,575709
SWAY_PERF_OUTPUT,3419,15,575710
SWAY_PERF_FRAME,59,575654,575710
SWAY_PERF_INPUT_FRAME,63,574271,583718
SWAY_PERF_OUTPUT,3420,8,585102
SWAY_PERF_OUTPUT,3421,9,585103
SWAY_PERF_OUTPUT,3422,9,585104
SWAY_PERF_OUTPUT,3423,9,585105
SWAY_PERF_OUTPUT,3424,14,585106
SWAY_PERF_OUTPUT,3425,20,585107
SWAY_PERF_OUTPUT,3426,23,585108
SWAY_PERF_OUTPUT,3427,3,585109
SWAY_PERF_OUTPUT,3428,-4,585110
SWAY_PERF_OUTPUT,3429,-9,585111
SWAY_PERF_OUTPUT,3430,11,585112
SWAY_PERF_OUTPUT,3431,13,585113
SWAY_PERF_OUTPUT,3432,13,585114
SWAY_PERF_OUTPUT,3433,14,585115
SWAY_PERF_OUTPUT,3434,6,585116
SWAY_PERF_OUTPUT,3435,0,585117
SWAY_PERF_OUTPUT,3436,-5,585118
SWAY_PERF_OUTPUT,3437,-5,585119
SWAY_PERF_OUTPUT,3438,9,585120
SWAY_PERF_OUTPUT,3439,62,585121
SWAY_PERF_OUTPUT,3440,61,585122
SWAY_PERF_OUTPUT,3441,60,585123
SWAY_PERF_OUTPUT,3442,59,585124
SWAY_PERF_OUTPUT,3443,59,585125
SWAY_PERF_OUTPUT,3444,59,585126
SWAY_PERF_OUTPUT,3445,58,585127
SWAY_PERF_OUTPUT,3446,60,585128
SWAY_PERF_OUTPUT,3447,60,585129
SWAY_PERF_OUTPUT,3448,59,585130
SWAY_PERF_OUTPUT,3449,60,585131
SWAY_PERF_OUTPUT,3450,58,585132
SWAY_PERF_OUTPUT,3451,61,585133
SWAY_PERF_OUTPUT,3452,59,585134
SWAY_PERF_OUTPUT,3453,61,585135
SWAY_PERF_OUTPUT,3454,59,585136
SWAY_PERF_OUTPUT,3455,61,585137
SWAY_PERF_OUTPUT,3456,58,585138
SWAY_PERF_OUTPUT,3457,60,585139
SWAY_PERF_OUTPUT,3458,-8,585140
SWAY_PERF_OUTPUT,3459,2,585141
SWAY_PERF_OUTPUT,3460,11,585142
SWAY_PERF_OUTPUT,3461,15,585143
SWAY_PERF_OUTPUT,3462,8,585144
SWAY_PERF_OUTPUT,3463,6,585145
SWAY_PERF_OUTPUT,3464,5,585146
SWAY_PERF_OUTPUT,3465,8,585147
SWAY_PERF_OUTPUT,3466,6,585148
SWAY_PERF_OUTPUT,3467,8,585149
SWAY_PERF_OUTPUT,3468,-7,585150
SWAY_PERF_OUTPUT,3469,-16,585151
SWAY_PERF_OUTPUT,3470,-27,585152
SWAY_PERF_OUTPUT,3471,-29,585153
SWAY_PERF_OUTPUT,3472,-7,585154
SWAY_PERF_OUTPUT,3473,-14,585155
SWAY_PERF_OUTPUT,3474,-25,585156
SWAY_PERF_OUTPUT,3475,-27,585157
SWAY_PERF_OUTPUT,3476,9,585158
SWAY_PERF_FRAME,60,585102,585158
SWAY_PERF_OUTPUT,3477,4,594550
SWAY_PERF_OUTPUT,3478,4,594551
SWAY_PERF_OUTPUT,3479,3,594552
SWAY_PERF_OUTPUT,3480,3,594553
SWAY_PERF_OUTPUT,3481,9,594554
SWAY_PERF_OUTPUT,3482,16,594555
SWAY_PERF_OUTPUT,3483,19,594556
SWAY_PERF_OUTPUT,3484,-2,594557
SWAY_PERF_OUTPUT,3485,-7,594558
SWAY_PERF_OUTPUT,3486,-8,594559
SWAY_PERF_OUTPUT,3487,7,594560
SWAY_PERF_OUTPUT,3488,11,594561
SWAY_PERF_OUTPUT,3489,13,594562
SWAY_PERF_OUTPUT,3490,14,594563
SWAY_PERF_OUTPUT,3491,2,594564
SWAY_PERF_OUTPUT,3492,-1,594565
SWAY_PERF_OUTPUT,3493,-2,594566
SWAY_PERF_OUTPUT,3494,-2,594567
SWAY_PERF_OUTPUT,3495,3,594568
SWAY_PERF_OUTPUT,3496,61,594569
SWAY_PERF_OUTPUT,3497,61,594570
SWAY_PERF_OUTPUT,3498,60,594571
SWAY_PERF_OUTPUT,3499,60,594572
SWAY_PERF_OUTPUT,3500,60,594573
SWAY_PERF_OUTPUT,3501,61,594574
SWAY_PERF_OUTPUT,3502,59,594575
SWAY_PERF_OUTPUT,3503,59,594576
SWAY_PERF_OUTPUT,3504,59,594577
SWAY_PERF_OUTPUT,3505,58,594578
SWAY_PERF_OUTPUT,3506,60,594579
SWAY_PERF_OUTPUT,3507,59,594580
SWAY_PERF_OUTPUT,3508,60,594581
SWAY_PERF_OUTPUT,3509,57,594582
SWAY_PERF_OUTPUT,3510,60,594583
SWAY_PERF_OUTPUT,3511,59,594584
SWAY_PERF_OUTPUT,3512,62,594585
SWAY_PERF_OUTPUT,3513,59,594586
SWAY_PERF_OUTPUT,3514,60,594587
SWAY_PERF_OUTPUT,3515,-6,594588
SWAY_PERF_OUTPUT,3516,4,594589
SWAY_PERF_OUTPUT,3517,14,594590
SWAY_PERF_OUTPUT,3518,18,594591
SWAY_PERF_OUTPUT,3519,11,594592
SWAY_PERF_OUTPUT,3520,10,594593
SWAY_PERF_OUTPUT,3521,11,594594
SWAY_PERF_OUTPUT,3522,10,594595
SWAY_PERF_OUTPUT,3523,6,594596
SWAY_PERF_OUTPUT,3524,5,594597
SWAY_PERF_OUTPUT,3525,-5,594598
SWAY_PERF_OUTPUT,3526,-15,594599
SWAY_PERF_OUTPUT,3527,-25,594600
SWAY_PERF_OUTPUT,3528,-28,594601
SWAY_PERF_OUTPUT,3529,-6,594602
SWAY_PERF_OUTPUT,3530,-15,594603
SWAY_PERF_OUTPUT,3531,-27,594604
SWAY_PERF_OUTPUT,3532,-29,594605
SWAY_PERF_OUTPUT,3533,12,594606
SWAY_PERF_FRAME,61,594550,594606
SWAY_PERF_OUTPUT,3534,4,603998
SWAY_PERF_OUTPUT,3535,4,603999
SWAY_PERF_OUTPUT,3536,3,604000
SWAY_PERF_OUTPUT,3537,3,604001
SWAY_PERF_OUTPUT,3538,10,604002
SWAY_PERF_OUTPUT,3539,16,604003
SWAY_PERF_OUTPUT,3540,21,604004
SWAY_PERF_OUTPUT,3541,-3,604005
SWAY_PERF_OUTPUT,3542,-10,604006
SWAY_PERF_OUTPUT,3543,-15,604007
SWAY_PERF_OUTPUT,3544,7,604008
SWAY_PERF_OUTPUT,3545,11,604009
SWAY_PERF_OUTPUT,3546,15,604010
SWAY_PERF_OUTPUT,3547,15,604011
SWAY_PERF_OUTPUT,3548,2,604012
SWAY_PERF_OUTPUT,3549,-2,604013
SWAY_PERF_OUTPUT,3550,-5,604014
SWAY_PERF_OUTPUT,3551,-5,604015
SWAY_PERF_OUTPUT,3552,3,604016
SWAY_PERF_OUTPUT,3553,63,604017
SWAY_PERF_OUTPUT,3554,62,604018
SWAY_PERF_OUTPUT,3555,61,604019
SWAY_PERF_OUTPUT,3556,61,604020
SWAY_PERF_OUTPUT,3557,62,604021
SWAY_PERF_OUTPUT,3558,62,604022
SWAY_PERF_OUTPUT,3559,60,604023
SWAY_PERF_OUTPUT,3560,61,604024
SWAY_PERF_OUTPUT,3561,61,604025
SWAY_PERF_OUTPUT,3562,60,604026
SWAY_PERF_OUTPUT,3563,61,604027
SWAY_PERF_OUTPUT,3564,60,604028
SWAY_PERF_OUTPUT,3565,61,604029
SWAY_PERF_OUTPUT,3566,59,604030
SWAY_PERF_OUTPUT,3567,61,604031
SWAY_PERF_OUTPUT,3568,61,604032
SWAY_PERF_OUTPUT,3569,63,604033
SWAY_PERF_OUTPUT,3570,60,604034
SWAY_PERF_OUTPUT,3571,61,604035
SWAY_PERF_OUTPUT,3572,-4,604036
SWAY_PERF_OUTPUT,3573,6,604037
SWAY_PERF_OUTPUT,3574,17,604038
SWAY_PERF_OUTPUT,3575,21,604039
SWAY_PERF_OUTPUT,3576,13,604040
SWAY_PERF_OUTPUT,3577,13,604041
SWAY_PERF_OUTPUT,3578,14,604042
SWAY_PERF_OUTPUT,3579,13,604043
SWAY_PERF_OUTPUT,3580,12,604044
SWAY_PERF_OUTPUT,3581,15,604045
SWAY_PERF_OUTPUT,3582,-3,604046
SWAY_PERF_OUTPUT,3583,-14,604047
SWAY_PERF_OUTPUT,3584,-26,604048
SWAY_PERF_OUTPUT,3585,-28,604049
SWAY_PERF_OUTPUT,3586,-3,604050
SWAY_PERF_OUTPUT,3587,-14,604051
SWAY_PERF_OUTPUT,3588,-26,604052
SWAY_PERF_OUTPUT,3589,-28,604053
SWAY_PERF_OUTPUT,3590,14,604054
SWAY_PERF_FRAME,62,603998,604054
SWAY_PERF_OUTPUT,3591,8,613446
SWAY_PERF_OUTPUT,3592,9,613447
SWAY_PERF_OUTPUT,3593,8,613448
SWAY_PERF_OUTPUT,3594,8,613449
SWAY_PERF_OUTPUT,3595,14,613450
SWAY_PERF_OUTPUT,3596,19,613451
SWAY_PERF_OUTPUT,3597,21,613452
SWAY_PERF_OUTPUT,3598,3,613453
SWAY_PERF_OUTPUT,3599,0,613454
SWAY_PERF_OUTPUT,3600,-3,613455
SWAY_PERF_OUTPUT,3601,10,613456
SWAY_PERF_OUTPUT,3602,12,613457
SWAY_PERF_OUTPUT,3603,12,613458
SWAY_PERF_OUTPUT,3604,12,613459
SWAY_PERF_OUTPUT,3605,6,613460
SWAY_PERF_OUTPUT,3606,3,613461
SWAY_PERF_OUTPUT,3607,0,613462
SWAY_PERF_OUTPUT,3608,-1,613463
SWAY_PERF_OUTPUT,3609,9,613464
SWAY_PERF_OUTPUT,3610,61,613465
SWAY_PERF_OUTPUT,3611,62,613466
SWAY_PERF_OUTPUT,3612,61,613467
SWAY_PERF_OUTPUT,3613,61,613468
SWAY_PERF_OUTPUT,3614,61,613469
SWAY_PERF_OUTPUT,3615,61,613470
SWAY_PERF_OUTPUT,3616,59,613471
SWAY_PERF_OUTPUT,3617,60,613472
SWAY_PERF_OUTPUT,3618,61,613473
SWAY_PERF_OUTPUT,3619,60,613474
SWAY_PERF_OUTPUT,3620,60,613475
SWAY_PERF_OUTPUT,3621,60,613476
SWAY_PERF_OUTPUT,3622,62,613477
SWAY_PERF_OUTPUT,3623,60,613478
SWAY_PERF_OUTPUT,3624,61,613479
SWAY_PERF_OUTPUT,3625,61,613480
SWAY_PERF_OUTPUT,3626,62,613481
SWAY_PERF_OUTPUT,3627,58,613482
SWAY_PERF_OUTPUT,3628,61,613483
SWAY_PERF_OUTPUT,3629,-6,613484
SWAY_PERF_OUTPUT,3630,3,613485
SWAY_PERF_OUTPUT,3631,14,613486
SWAY_PERF_OUTPUT,3632,17,613487
SWAY_PERF_OUTPUT,3633,10,613488
SWAY_PERF_OUTPUT,3634,7,613489
SWAY_PERF_OUTPUT,3635,6,613490
SWAY_PERF_OUTPUT,3636,9,613491
SWAY_PERF_OUTPUT,3637,4,613492
SWAY_PERF_OUTPUT,3638,1,613493
SWAY_PERF_OUTPUT,3639,-6,613494
SWAY_PERF_OUTPUT,3640,-16,613495
SWAY_PERF_OUTPUT,3641,-27,613496
SWAY_PERF_OUTPUT,3642,-29,613497
SWAY_PERF_OUTPUT,3643,-6,613498
SWAY_PERF_OUTPUT,3644,-15,613499
SWAY_PERF_OUTPUT,3645,-26,613500
SWAY_PERF_OUTPUT,3646,-28,613501
SWAY_PERF_OUTPUT,3647,11,613502
SWAY_PERF_FRAME,63,613446,613502
SWAY_PERF_PASS,64,3648,615551,2048
