2026-09-29T01:08:42.4979170Z Current runner version: '2.337.0'
2026-09-29T01:08:42.5016461Z ##[group]Runner Image Provisioner
2026-09-29T01:08:42.5018028Z Hosted Compute Agent
2026-09-29T01:08:42.5019102Z Version: 20260828.587
2026-09-29T01:08:42.5020228Z Commit: abac92662cab4cc7352de4f9f9d2e2419aad9c29
2026-09-29T01:08:42.5022022Z Build Date: 2026-08-28T16:44:25Z
2026-09-29T01:08:42.5023374Z Worker ID: {6fa6c6fd-41a3-4b30-a396-ba0aec20c368}
2026-09-29T01:08:42.5024810Z Azure Region: eastus
2026-09-29T01:08:42.5025839Z ##[endgroup]
2026-09-29T01:08:42.5028571Z ##[group]Operating System
2026-09-29T01:08:42.5029953Z Ubuntu
2026-09-29T01:08:42.5031034Z 24.04.5
2026-09-29T01:08:42.5032488Z LTS
2026-09-29T01:08:42.5033432Z ##[endgroup]
2026-09-29T01:08:42.5034408Z ##[group]Runner Image
2026-09-29T01:08:42.5036226Z Image: ubuntu-24.04
2026-09-29T01:08:42.5037363Z Version: 20260920.314.1
2026-09-29T01:08:42.5039740Z Included Software: https://github.com/actions/runner-images/blob/ubuntu24/20260920.314/images/ubuntu/Ubuntu2404-Readme.md
2026-09-29T01:08:42.5042875Z Image Release: https://github.com/actions/runner-images/releases/tag/ubuntu24%2F20260920.314
2026-09-29T01:08:42.5044784Z ##[endgroup]
2026-09-29T01:08:42.5046668Z ##[group]GITHUB_TOKEN Permissions
2026-09-29T01:08:42.5049756Z Contents: read
2026-09-29T01:08:42.5050758Z Metadata: read
2026-09-29T01:08:42.5052071Z ##[endgroup]
2026-09-29T01:08:42.5055469Z Secret source: Actions
2026-09-29T01:08:42.5057354Z Cache mode: write
2026-09-29T01:08:42.5059238Z Prepare workflow directory
2026-09-29T01:08:42.5651178Z Prepare all required actions
2026-09-29T01:08:42.5724333Z Getting action download info
2026-09-29T01:08:42.7856393Z Download action repository 'actions/checkout@11d5960a326750d5838078e36cf38b85af677262' (SHA:11d5960a326750d5838078e36cf38b85af677262)
2026-09-29T01:08:42.8831012Z Download action repository 'actions/upload-artifact@ea165f8d65b6e75b540449e92b4886f43607fa02' (SHA:ea165f8d65b6e75b540449e92b4886f43607fa02)
2026-09-29T01:08:43.0937057Z Complete job name: Functional divisor 4
2026-09-29T01:08:43.1725446Z ##[group]Run actions/checkout@11d5960a326750d5838078e36cf38b85af677262
2026-09-29T01:08:43.1726534Z with:
2026-09-29T01:08:43.1726998Z   persist-credentials: false
2026-09-29T01:08:43.1727532Z   repository: SeMinLim/sway
2026-09-29T01:08:43.1731862Z   token: ***
2026-09-29T01:08:43.1732323Z   ssh-strict: true
2026-09-29T01:08:43.1732772Z   ssh-user: git
2026-09-29T01:08:43.1733200Z   clean: true
2026-09-29T01:08:43.1733659Z   sparse-checkout-cone-mode: true
2026-09-29T01:08:43.1734195Z   fetch-depth: 1
2026-09-29T01:08:43.1734653Z   fetch-tags: false
2026-09-29T01:08:43.1735105Z   show-progress: true
2026-09-29T01:08:43.1735582Z   lfs: false
2026-09-29T01:08:43.1736009Z   submodules: false
2026-09-29T01:08:43.1736469Z   set-safe-directory: true
2026-09-29T01:08:43.1736993Z   allow-unsafe-pr-checkout: false
2026-09-29T01:08:43.1737810Z ##[endgroup]
2026-09-29T01:08:43.2779937Z Syncing repository: SeMinLim/sway
2026-09-29T01:08:43.2782510Z ##[group]Getting Git version info
2026-09-29T01:08:43.2783342Z Working directory is '/home/runner/work/sway/sway'
2026-09-29T01:08:43.2784348Z [command]/usr/bin/git version
2026-09-29T01:08:43.2900877Z git version 2.55.0
2026-09-29T01:08:43.2925939Z ##[endgroup]
2026-09-29T01:08:43.2942751Z Temporarily overriding HOME='/home/runner/work/_temp/d7068aa7-780c-4d4d-8979-b6f95934aa76' before making global git config changes
2026-09-29T01:08:43.2948008Z Adding repository directory to the temporary git global config as a safe directory
2026-09-29T01:08:43.2949750Z [command]/usr/bin/git config --global --add safe.directory /home/runner/work/sway/sway
2026-09-29T01:08:43.3005248Z Deleting the contents of '/home/runner/work/sway/sway'
2026-09-29T01:08:43.3013523Z ##[group]Initializing the repository
2026-09-29T01:08:43.3015479Z [command]/usr/bin/git init /home/runner/work/sway/sway
2026-09-29T01:08:43.3148363Z hint: Using 'master' as the name for the initial branch. This default branch name
2026-09-29T01:08:43.3153703Z hint: will change to "main" in Git 3.0. To configure the initial branch name
2026-09-29T01:08:43.3155912Z hint: to use in all of your new repositories, which will suppress this warning,
2026-09-29T01:08:43.3157262Z hint: call:
2026-09-29T01:08:43.3157977Z hint:
2026-09-29T01:08:43.3158814Z hint: 	git config --global init.defaultBranch <name>
2026-09-29T01:08:43.3159998Z hint:
2026-09-29T01:08:43.3161012Z hint: Names commonly chosen instead of 'master' are 'main', 'trunk' and
2026-09-29T01:08:43.3163022Z hint: 'development'. The just-created branch can be renamed via this command:
2026-09-29T01:08:43.3164386Z hint:
2026-09-29T01:08:43.3165167Z hint: 	git branch -m <name>
2026-09-29T01:08:43.3166058Z hint:
2026-09-29T01:08:43.3167110Z hint: Disable this message with "git config set advice.defaultBranchName false"
2026-09-29T01:08:43.3168762Z Initialized empty Git repository in /home/runner/work/sway/sway/.git/
2026-09-29T01:08:43.3172019Z [command]/usr/bin/git remote add origin https://github.com/SeMinLim/sway
2026-09-29T01:08:43.3223070Z ##[endgroup]
2026-09-29T01:08:43.3224449Z ##[group]Disabling automatic garbage collection
2026-09-29T01:08:43.3227183Z [command]/usr/bin/git config --local gc.auto 0
2026-09-29T01:08:43.3267336Z ##[endgroup]
2026-09-29T01:08:43.3268747Z ##[group]Setting up auth
2026-09-29T01:08:43.3275787Z [command]/usr/bin/git config --local --name-only --get-regexp core\.sshCommand
2026-09-29T01:08:43.3313825Z [command]/usr/bin/git submodule foreach --recursive sh -c "git config --local --name-only --get-regexp 'core\.sshCommand' && git config --local --unset-all 'core.sshCommand' || :"
2026-09-29T01:08:43.3749334Z [command]/usr/bin/git config --local --name-only --get-regexp http\.https\:\/\/github\.com\/\.extraheader
2026-09-29T01:08:43.3788860Z [command]/usr/bin/git submodule foreach --recursive sh -c "git config --local --name-only --get-regexp 'http\.https\:\/\/github\.com\/\.extraheader' && git config --local --unset-all 'http.https://github.com/.extraheader' || :"
2026-09-29T01:08:43.4019593Z [command]/usr/bin/git config --local --name-only --get-regexp ^includeIf\.gitdir:
2026-09-29T01:08:43.4058128Z [command]/usr/bin/git submodule foreach --recursive git config --local --show-origin --name-only --get-regexp remote.origin.url
2026-09-29T01:08:43.4290424Z [command]/usr/bin/git config --local http.https://github.com/.extraheader AUTHORIZATION: basic ***
2026-09-29T01:08:43.4332566Z ##[endgroup]
2026-09-29T01:08:43.4333424Z ##[group]Fetching the repository
2026-09-29T01:08:43.4342899Z [command]/usr/bin/git -c protocol.version=2 fetch --no-tags --prune --no-recurse-submodules --depth=1 origin +80fbfe4cdb635606c394f435b28c1102c9de5829:refs/remotes/origin/codex/baseline-pnr-validation
2026-09-29T01:08:44.2414761Z From https://github.com/SeMinLim/sway
2026-09-29T01:08:44.2417536Z  * [new ref]         80fbfe4cdb635606c394f435b28c1102c9de5829 -> origin/codex/baseline-pnr-validation
2026-09-29T01:08:44.2424171Z ##[endgroup]
2026-09-29T01:08:44.2425815Z ##[group]Determining the checkout info
2026-09-29T01:08:44.2427922Z ##[endgroup]
2026-09-29T01:08:44.2429591Z [command]/usr/bin/git sparse-checkout disable
2026-09-29T01:08:44.2487304Z [command]/usr/bin/git config --local --unset-all extensions.worktreeConfig
2026-09-29T01:08:44.2523941Z ##[group]Checking out the ref
2026-09-29T01:08:44.2531823Z [command]/usr/bin/git checkout --progress --force -B codex/baseline-pnr-validation refs/remotes/origin/codex/baseline-pnr-validation
2026-09-29T01:08:44.3423442Z Switched to a new branch 'codex/baseline-pnr-validation'
2026-09-29T01:08:44.3429909Z branch 'codex/baseline-pnr-validation' set up to track 'origin/codex/baseline-pnr-validation'.
2026-09-29T01:08:44.3439069Z ##[endgroup]
2026-09-29T01:08:44.3486355Z [command]/usr/bin/git log -1 --format=%H
2026-09-29T01:08:44.3516734Z 80fbfe4cdb635606c394f435b28c1102c9de5829
2026-09-29T01:08:44.3528985Z ##[group]Removing auth
2026-09-29T01:08:44.3533874Z [command]/usr/bin/git config --local --name-only --get-regexp core\.sshCommand
2026-09-29T01:08:44.3574177Z [command]/usr/bin/git submodule foreach --recursive sh -c "git config --local --name-only --get-regexp 'core\.sshCommand' && git config --local --unset-all 'core.sshCommand' || :"
2026-09-29T01:08:44.3810447Z [command]/usr/bin/git config --local --name-only --get-regexp http\.https\:\/\/github\.com\/\.extraheader
2026-09-29T01:08:44.3843000Z http.https://github.com/.extraheader
2026-09-29T01:08:44.3853593Z [command]/usr/bin/git config --local --unset-all http.https://github.com/.extraheader
2026-09-29T01:08:44.3896981Z [command]/usr/bin/git submodule foreach --recursive sh -c "git config --local --name-only --get-regexp 'http\.https\:\/\/github\.com\/\.extraheader' && git config --local --unset-all 'http.https://github.com/.extraheader' || :"
2026-09-29T01:08:44.4134060Z [command]/usr/bin/git config --local --name-only --get-regexp ^includeIf\.gitdir:
2026-09-29T01:08:44.4171196Z [command]/usr/bin/git submodule foreach --recursive git config --local --show-origin --name-only --get-regexp remote.origin.url
2026-09-29T01:08:44.4430906Z ##[endgroup]
2026-09-29T01:08:44.4649264Z ##[group]Run set -euo pipefail
2026-09-29T01:08:44.4649759Z [36;1mset -euo pipefail[0m
2026-09-29T01:08:44.4650232Z [36;1mmkdir -p "$RUNNER_TEMP/sway-tools/bsc" "$RUNNER_TEMP/sway-verification"[0m
2026-09-29T01:08:44.4650724Z [36;1msudo apt-get update[0m
2026-09-29T01:08:44.4651366Z [36;1msudo apt-get install --no-install-recommends -y ca-certificates curl git make g++ python3 iverilog libgmp10 libtcl8.6 libstdc++6[0m
2026-09-29T01:08:44.4652992Z [36;1mcurl --fail --location --retry 3 --output "$RUNNER_TEMP/bsc.tar.gz" "https://github.com/B-Lang-org/bsc/releases/download/2026.01/bsc-2026.01-ubuntu-24.04.tar.gz"[0m
2026-09-29T01:08:44.4654152Z [36;1mprintf '%s  %s\n' '6d13db288cf268dc1331f05b277c414b4ff1c1ab9618a6526ba16ad29e484e43' "$RUNNER_TEMP/bsc.tar.gz" | sha256sum --check -[0m
2026-09-29T01:08:44.4655083Z [36;1mtar -xzf "$RUNNER_TEMP/bsc.tar.gz" --strip-components=1 -C "$RUNNER_TEMP/sway-tools/bsc"[0m
2026-09-29T01:08:44.4655736Z [36;1mecho "$RUNNER_TEMP/sway-tools/bsc/bin" >> "$GITHUB_PATH"[0m
2026-09-29T01:08:44.4656358Z [36;1m"$RUNNER_TEMP/sway-tools/bsc/bin/bsc" -v > "$RUNNER_TEMP/sway-verification/bsc-version.txt" 2>&1[0m
2026-09-29T01:08:44.4657042Z [36;1m/usr/bin/iverilog -V > "$RUNNER_TEMP/sway-verification/iverilog-version.txt" 2>&1[0m
2026-09-29T01:08:44.4657659Z [36;1mgit rev-parse HEAD > "$RUNNER_TEMP/sway-verification/sway-commit.txt"[0m
2026-09-29T01:08:44.4658553Z [36;1mcat "$RUNNER_TEMP/sway-verification/bsc-version.txt"[0m
2026-09-29T01:08:44.4985894Z shell: /usr/bin/bash --noprofile --norc -e -o pipefail {0}
2026-09-29T01:08:44.4986477Z ##[endgroup]
2026-09-29T01:08:44.5962539Z Get:1 file:/etc/apt/apt-mirrors.txt Mirrorlist [144 B]
2026-09-29T01:08:44.6242643Z Get:6 https://packages.microsoft.com/ubuntu/24.04/prod noble InRelease [3600 B]
2026-09-29T01:08:44.7037602Z Get:7 https://packages.microsoft.com/ubuntu/24.04/prod noble/main arm64 Packages [449 kB]
2026-09-29T01:08:44.7148239Z Hit:2 http://azure.archive.ubuntu.com/ubuntu noble InRelease
2026-09-29T01:08:44.7159667Z Get:3 http://azure.archive.ubuntu.com/ubuntu noble-updates InRelease [126 kB]
2026-09-29T01:08:44.7209757Z Get:8 https://packages.microsoft.com/ubuntu/24.04/prod noble/main amd64 Packages [501 kB]
2026-09-29T01:08:44.7211265Z Get:4 http://azure.archive.ubuntu.com/ubuntu noble-backports InRelease [126 kB]
2026-09-29T01:08:44.7246722Z Get:5 http://azure.archive.ubuntu.com/ubuntu noble-security InRelease [126 kB]
2026-09-29T01:08:44.8372186Z Get:9 http://azure.archive.ubuntu.com/ubuntu noble-updates/main amd64 Packages [1319 kB]
2026-09-29T01:08:44.8445443Z Get:10 http://azure.archive.ubuntu.com/ubuntu noble-updates/main Translation-en [299 kB]
2026-09-29T01:08:44.8468702Z Get:11 http://azure.archive.ubuntu.com/ubuntu noble-updates/main amd64 Components [181 kB]
2026-09-29T01:08:44.8486695Z Get:12 http://azure.archive.ubuntu.com/ubuntu noble-updates/universe amd64 Packages [1697 kB]
2026-09-29T01:08:44.8573178Z Get:13 http://azure.archive.ubuntu.com/ubuntu noble-updates/universe Translation-en [340 kB]
2026-09-29T01:08:44.8599152Z Get:14 http://azure.archive.ubuntu.com/ubuntu noble-updates/universe amd64 Components [388 kB]
2026-09-29T01:08:44.8652607Z Get:15 http://azure.archive.ubuntu.com/ubuntu noble-updates/restricted amd64 Packages [1654 kB]
2026-09-29T01:08:44.8711078Z Get:16 http://azure.archive.ubuntu.com/ubuntu noble-updates/restricted Translation-en [377 kB]
2026-09-29T01:08:44.8737625Z Get:17 http://azure.archive.ubuntu.com/ubuntu noble-updates/multiverse amd64 Components [940 B]
2026-09-29T01:08:44.8976973Z Get:18 http://azure.archive.ubuntu.com/ubuntu noble-backports/main amd64 Packages [40.6 kB]
2026-09-29T01:08:44.9523323Z Get:19 http://azure.archive.ubuntu.com/ubuntu noble-backports/main amd64 Components [5788 B]
2026-09-29T01:08:44.9526411Z Get:20 http://azure.archive.ubuntu.com/ubuntu noble-backports/universe amd64 Packages [31.0 kB]
2026-09-29T01:08:44.9528122Z Get:21 http://azure.archive.ubuntu.com/ubuntu noble-backports/universe Translation-en [18.6 kB]
2026-09-29T01:08:44.9530060Z Get:22 http://azure.archive.ubuntu.com/ubuntu noble-backports/universe amd64 Components [12.6 kB]
2026-09-29T01:08:44.9540220Z Get:23 http://azure.archive.ubuntu.com/ubuntu noble-security/main amd64 Packages [1063 kB]
2026-09-29T01:08:44.9605174Z Get:24 http://azure.archive.ubuntu.com/ubuntu noble-security/main Translation-en [220 kB]
2026-09-29T01:08:44.9626333Z Get:25 http://azure.archive.ubuntu.com/ubuntu noble-security/main amd64 Components [46.3 kB]
2026-09-29T01:08:44.9638332Z Get:26 http://azure.archive.ubuntu.com/ubuntu noble-security/universe amd64 Packages [1216 kB]
2026-09-29T01:08:44.9699012Z Get:27 http://azure.archive.ubuntu.com/ubuntu noble-security/universe Translation-en [244 kB]
2026-09-29T01:08:44.9719851Z Get:28 http://azure.archive.ubuntu.com/ubuntu noble-security/universe amd64 Components [76.3 kB]
2026-09-29T01:08:44.9733936Z Get:29 http://azure.archive.ubuntu.com/ubuntu noble-security/restricted amd64 Packages [1559 kB]
2026-09-29T01:08:44.9811039Z Get:30 http://azure.archive.ubuntu.com/ubuntu noble-security/restricted Translation-en [359 kB]
2026-09-29T01:08:49.2902507Z Fetched 12.5 MB in 1s (9024 kB/s)
2026-09-29T01:08:50.1490303Z Reading package lists...
2026-09-29T01:08:50.1799546Z Reading package lists...
2026-09-29T01:08:50.3842276Z Building dependency tree...
2026-09-29T01:08:50.3849342Z Reading state information...
2026-09-29T01:08:50.5333434Z ca-certificates is already the newest version (20260601~24.04.1).
2026-09-29T01:08:50.5334692Z git is already the newest version (1:2.55.0-0ppa1~ubuntu24.04.2).
2026-09-29T01:08:50.5335456Z git set to manually installed.
2026-09-29T01:08:50.5336110Z make is already the newest version (4.3-4.1build2).
2026-09-29T01:08:50.5336946Z g++ is already the newest version (4:13.2.0-7ubuntu1).
2026-09-29T01:08:50.5337738Z python3 is already the newest version (3.12.3-0ubuntu2.1).
2026-09-29T01:08:50.5338605Z libgmp10 is already the newest version (2:6.3.0+dfsg-2ubuntu6.1).
2026-09-29T01:08:50.5339472Z libgmp10 set to manually installed.
2026-09-29T01:08:50.5340350Z libtcl8.6 is already the newest version (8.6.14+dfsg-1build1).
2026-09-29T01:08:50.5341227Z libtcl8.6 set to manually installed.
2026-09-29T01:08:50.5342351Z libstdc++6 is already the newest version (14.2.0-4ubuntu2~24.04.1).
2026-09-29T01:08:50.5343152Z The following additional packages will be installed:
2026-09-29T01:08:50.5343840Z   libcurl3t64-gnutls libcurl4t64
2026-09-29T01:08:50.5346129Z Suggested packages:
2026-09-29T01:08:50.5346644Z   gtkwave
2026-09-29T01:08:50.5549565Z The following NEW packages will be installed:
2026-09-29T01:08:50.5558620Z   iverilog
2026-09-29T01:08:50.5563231Z The following packages will be upgraded:
2026-09-29T01:08:50.5570493Z   curl libcurl3t64-gnutls libcurl4t64
2026-09-29T01:08:50.5756081Z 3 upgraded, 1 newly installed, 0 to remove and 34 not upgraded.
2026-09-29T01:08:50.5756875Z Need to get 3031 kB of archives.
2026-09-29T01:08:50.5757604Z After this operation, 6828 kB of additional disk space will be used.
2026-09-29T01:08:50.5758453Z Get:1 file:/etc/apt/apt-mirrors.txt Mirrorlist [144 B]
2026-09-29T01:08:50.5988581Z Get:2 http://azure.archive.ubuntu.com/ubuntu noble-updates/main amd64 curl amd64 8.5.0-2ubuntu10.15 [227 kB]
2026-09-29T01:08:50.6096891Z Get:3 http://azure.archive.ubuntu.com/ubuntu noble-updates/main amd64 libcurl4t64 amd64 8.5.0-2ubuntu10.15 [343 kB]
2026-09-29T01:08:50.6189843Z Get:4 http://azure.archive.ubuntu.com/ubuntu noble/universe amd64 iverilog amd64 12.0-2build2 [2126 kB]
2026-09-29T01:08:50.6433626Z Get:5 http://azure.archive.ubuntu.com/ubuntu noble-updates/main amd64 libcurl3t64-gnutls amd64 8.5.0-2ubuntu10.15 [336 kB]
2026-09-29T01:08:50.9014075Z Fetched 3031 kB in 0s (37.2 MB/s)
2026-09-29T01:08:50.9657069Z (Reading database ... 
2026-09-29T01:08:50.9657773Z (Reading database ... 5%
2026-09-29T01:08:50.9658410Z (Reading database ... 10%
2026-09-29T01:08:50.9658823Z (Reading database ... 15%
2026-09-29T01:08:50.9659218Z (Reading database ... 20%
2026-09-29T01:08:50.9659605Z (Reading database ... 25%
2026-09-29T01:08:50.9660382Z (Reading database ... 30%
2026-09-29T01:08:50.9660771Z (Reading database ... 35%
2026-09-29T01:08:50.9661087Z (Reading database ... 40%
2026-09-29T01:08:50.9661600Z (Reading database ... 45%
2026-09-29T01:08:50.9661923Z (Reading database ... 50%
2026-09-29T01:08:50.9780049Z (Reading database ... 55%
2026-09-29T01:08:51.0953987Z (Reading database ... 60%
2026-09-29T01:08:51.2639872Z (Reading database ... 65%
2026-09-29T01:08:51.4533087Z (Reading database ... 70%
2026-09-29T01:08:51.6574363Z (Reading database ... 75%
2026-09-29T01:08:51.8135636Z (Reading database ... 80%
2026-09-29T01:08:52.0465612Z (Reading database ... 85%
2026-09-29T01:08:52.2196273Z (Reading database ... 90%
2026-09-29T01:08:52.4112139Z (Reading database ... 95%
2026-09-29T01:08:52.4112785Z (Reading database ... 100%
2026-09-29T01:08:52.4113281Z (Reading database ... 202190 files and directories currently installed.)
2026-09-29T01:08:52.4155518Z Preparing to unpack .../curl_8.5.0-2ubuntu10.15_amd64.deb ...
2026-09-29T01:08:52.4196624Z Unpacking curl (8.5.0-2ubuntu10.15) over (8.5.0-2ubuntu10.13) ...
2026-09-29T01:08:52.4617208Z Preparing to unpack .../libcurl4t64_8.5.0-2ubuntu10.15_amd64.deb ...
2026-09-29T01:08:52.4656295Z Unpacking libcurl4t64:amd64 (8.5.0-2ubuntu10.15) over (8.5.0-2ubuntu10.13) ...
2026-09-29T01:08:52.4939690Z Selecting previously unselected package iverilog.
2026-09-29T01:08:52.5069834Z Preparing to unpack .../iverilog_12.0-2build2_amd64.deb ...
2026-09-29T01:08:52.5078672Z Unpacking iverilog (12.0-2build2) ...
2026-09-29T01:08:52.5803640Z Preparing to unpack .../libcurl3t64-gnutls_8.5.0-2ubuntu10.15_amd64.deb ...
2026-09-29T01:08:52.5882771Z Unpacking libcurl3t64-gnutls:amd64 (8.5.0-2ubuntu10.15) over (8.5.0-2ubuntu10.13) ...
2026-09-29T01:08:52.6375517Z Setting up libcurl4t64:amd64 (8.5.0-2ubuntu10.15) ...
2026-09-29T01:08:52.6401347Z Setting up libcurl3t64-gnutls:amd64 (8.5.0-2ubuntu10.15) ...
2026-09-29T01:08:52.6420376Z Setting up iverilog (12.0-2build2) ...
2026-09-29T01:08:52.6450152Z Setting up curl (8.5.0-2ubuntu10.15) ...
2026-09-29T01:08:52.6479548Z Processing triggers for man-db (2.12.0-4build2) ...
2026-09-29T01:08:52.6504369Z Not building database; man-db/auto-update is not 'true'.
2026-09-29T01:08:52.6517833Z Processing triggers for libc-bin (2.39-0ubuntu8.9) ...
2026-09-29T01:08:53.3416442Z 
2026-09-29T01:08:53.3416984Z Running kernel seems to be up-to-date.
2026-09-29T01:08:53.3417359Z 
2026-09-29T01:08:53.3417521Z Restarting services...
2026-09-29T01:08:53.3595467Z  systemctl restart packagekit.service php8.3-fpm.service
2026-09-29T01:08:53.4621278Z 
2026-09-29T01:08:53.4642713Z No containers need to be restarted.
2026-09-29T01:08:53.4652184Z 
2026-09-29T01:08:53.4662402Z No user sessions are running outdated binaries.
2026-09-29T01:08:53.4662805Z 
2026-09-29T01:08:53.4663117Z No VM guests are running outdated hypervisor (qemu) binaries on this host.
2026-09-29T01:08:54.3168574Z   % Total    % Received % Xferd  Average Speed   Time    Time     Time  Current
2026-09-29T01:08:54.3169404Z                                  Dload  Upload   Total   Spent    Left  Speed
2026-09-29T01:08:54.3169927Z 
2026-09-29T01:08:54.4232825Z   0     0    0     0    0     0      0      0 --:--:-- --:--:-- --:--:--     0
2026-09-29T01:08:54.4233858Z   0     0    0     0    0     0      0      0 --:--:-- --:--:-- --:--:--     0
2026-09-29T01:08:54.4255240Z 
2026-09-29T01:08:54.8419115Z   0     0    0     0    0     0      0      0 --:--:-- --:--:-- --:--:--     0
2026-09-29T01:08:54.8419694Z 100 24.6M  100 24.6M    0     0  46.8M      0 --:--:-- --:--:-- --:--:-- 59.1M
2026-09-29T01:08:54.8667100Z /home/runner/work/_temp/bsc.tar.gz: OK
2026-09-29T01:08:55.4449808Z Bluespec Compiler, version 2026.01 (build 9bd39e6f)
2026-09-29T01:08:55.4450680Z This is free software; for source code and copying conditions, see
2026-09-29T01:08:55.4451330Z https://github.com/B-Lang-org/bsc
2026-09-29T01:08:55.4451789Z 
2026-09-29T01:08:55.4451931Z Invoking command line:
2026-09-29T01:08:55.4452308Z bsc -v
2026-09-29T01:08:55.4452487Z 
2026-09-29T01:08:55.4530225Z ##[group]Run set -euo pipefail
2026-09-29T01:08:55.4530690Z [36;1mset -euo pipefail[0m
2026-09-29T01:08:55.4530998Z [36;1mulimit -v 6291456[0m
2026-09-29T01:08:55.4531279Z [36;1mpython3 hw/reference/check_refactor.py \[0m
2026-09-29T01:08:55.4531919Z [36;1m  --bsc "$RUNNER_TEMP/sway-tools/bsc/bin/bsc" \[0m
2026-09-29T01:08:55.4532458Z [36;1m  --backend iverilog --iverilog /usr/bin/iverilog --vvp /usr/bin/vvp \[0m
2026-09-29T01:08:55.4532947Z [36;1m  --divisors 4 --modes stress kernel --skip-arithmetic \[0m
2026-09-29T01:08:55.4533429Z [36;1m  --output "$RUNNER_TEMP/sway-verification/functional" \[0m
2026-09-29T01:08:55.4534140Z [36;1m  2>&1 | tee "$RUNNER_TEMP/sway-verification/functional-run.log"[0m
2026-09-29T01:08:55.4604959Z shell: /usr/bin/bash --noprofile --norc -e -o pipefail {0}
2026-09-29T01:08:55.4605320Z ##[endgroup]
2026-09-29T01:15:34.8729436Z SWAY_REFACTOR_PASS divisor=4 mode=stress outputs=798
2026-09-29T01:21:59.2514862Z SWAY_REFACTOR_PASS divisor=4 mode=kernel outputs=798
2026-09-29T01:21:59.2898403Z ##[group]Run set -euo pipefail
2026-09-29T01:21:59.2898745Z [36;1mset -euo pipefail[0m
2026-09-29T01:21:59.2898989Z [36;1mulimit -v 6291456[0m
2026-09-29T01:21:59.2899726Z [36;1mpython3 -c 'import pathlib,re; s=pathlib.Path("hw/bsv/SwayTypes.bsv").read_text(); assert re.search(r"typedef\s+4\s+ParallelismDivisor;", s), "Warm-reset source must be divisor 4"'[0m
2026-09-29T01:21:59.2900536Z [36;1mpython3 hw/reference/check_warm_reset.py \[0m
2026-09-29T01:21:59.2900865Z [36;1m  --hw-root "$GITHUB_WORKSPACE/hw" \[0m
2026-09-29T01:21:59.2901209Z [36;1m  --bsc "$RUNNER_TEMP/sway-tools/bsc/bin/bsc" \[0m
2026-09-29T01:21:59.2901908Z [36;1m  --iverilog /usr/bin/iverilog --vvp /usr/bin/vvp \[0m
2026-09-29T01:21:59.2902334Z [36;1m  --output "$RUNNER_TEMP/sway-verification/warm-reset" \[0m
2026-09-29T01:21:59.2902761Z [36;1m  2>&1 | tee "$RUNNER_TEMP/sway-verification/warm-reset-run.log"[0m
2026-09-29T01:21:59.2968298Z shell: /usr/bin/bash --noprofile --norc -e -o pipefail {0}
2026-09-29T01:21:59.2968667Z ##[endgroup]
2026-09-29T01:29:18.3595635Z ##[group]Run python3 - <<'PY'
2026-09-29T01:29:18.3596013Z [36;1mpython3 - <<'PY'[0m
2026-09-29T01:29:18.3596266Z [36;1mimport hashlib, json, os[0m
2026-09-29T01:29:18.3596530Z [36;1mfrom pathlib import Path[0m
2026-09-29T01:29:18.3596874Z [36;1mbase = Path(os.environ["RUNNER_TEMP"]) / "sway-verification"[0m
2026-09-29T01:29:18.3597239Z [36;1msummaries = [][0m
2026-09-29T01:29:18.3597637Z [36;1mcandidates = [base / "functional/validation.json", base / "warm-reset/result.json",[0m
2026-09-29T01:29:18.3598119Z [36;1m              base / "physical/report.json"][0m
2026-09-29T01:29:18.3598434Z [36;1mfor path in candidates:[0m
2026-09-29T01:29:18.3598690Z [36;1m    if not path.is_file():[0m
2026-09-29T01:29:18.3598936Z [36;1m        continue[0m
2026-09-29T01:29:18.3599190Z [36;1m    result = json.loads(path.read_text())[0m
2026-09-29T01:29:18.3599534Z [36;1m    print(f"SWAY_REPORT {path.relative_to(base)}")[0m
2026-09-29T01:29:18.3600102Z [36;1m    print(json.dumps(result, indent=2))[0m
2026-09-29T01:29:18.3600422Z [36;1m    hashes = result.get("source_sha256", {})[0m
2026-09-29T01:29:18.3600943Z [36;1m    digest = hashlib.sha256(json.dumps(hashes, sort_keys=True, separators=(",", ":")).encode()).hexdigest()[0m
2026-09-29T01:29:18.3601920Z [36;1m    summary = {"report": str(path.relative_to(base)), "status": result.get("status"),[0m
2026-09-29T01:29:18.3602437Z [36;1m               "error": result.get("error"), "source_files": len(hashes),[0m
2026-09-29T01:29:18.3602823Z [36;1m               "source_manifest_sha256": digest,[0m
2026-09-29T01:29:18.3603341Z [36;1m               "source_hashes_unchanged": result.get("source_hashes_unchanged", result.get("source_unchanged")),[0m
2026-09-29T01:29:18.3603903Z [36;1m               "reported_clocks": result.get("reported_clocks"),[0m
2026-09-29T01:29:18.3604401Z [36;1m               "configurations": [{"divisor": x.get("parallelism_divisor"), "mode": x.get("mode"),[0m
2026-09-29T01:29:18.3604997Z [36;1m                                   "status": x.get("status"), "outputs": x.get("scalar_outputs_checked")}[0m
2026-09-29T01:29:18.3605473Z [36;1m                                  for x in result.get("configurations", [])]}[0m
2026-09-29T01:29:18.3605821Z [36;1m    summaries.append(summary)[0m
2026-09-29T01:29:18.3606122Z [36;1mdetail = base / "physical/nextpnr.json"[0m
2026-09-29T01:29:18.3606416Z [36;1mif detail.is_file():[0m
2026-09-29T01:29:18.3606684Z [36;1m    result = json.loads(detail.read_text())[0m
2026-09-29T01:29:18.3607114Z [36;1m    compact = {key: result[key] for key in ("fmax", "critical_paths") if key in result}[0m
2026-09-29T01:29:18.3607691Z [36;1m    compact["detailed_report_sha256"] = hashlib.sha256(detail.read_bytes()).hexdigest()[0m
2026-09-29T01:29:18.3608302Z [36;1m    (base / "physical/timing_summary.json").write_text(json.dumps(compact, indent=2) + "\n")[0m
2026-09-29T01:29:18.3608893Z [36;1m    print("SWAY_ROUTED_FMAX " + json.dumps(result.get("fmax", {}), sort_keys=True))[0m
2026-09-29T01:29:18.3609523Z [36;1m    print("SWAY_ROUTED_CRITICAL_PATHS " + json.dumps(result.get("critical_paths", []), sort_keys=True))[0m
2026-09-29T01:29:18.3610000Z [36;1m    slow = [][0m
2026-09-29T01:29:18.3610280Z [36;1m    for net in result.get("detailed_net_timings", []):[0m
2026-09-29T01:29:18.3610638Z [36;1m        if "100mhz" not in net.get("event", ""):[0m
2026-09-29T01:29:18.3610936Z [36;1m            continue[0m
2026-09-29T01:29:18.3611208Z [36;1m        for endpoint in net.get("endpoints", []):[0m
2026-09-29T01:29:18.3612010Z [36;1m            if "100mhz" in endpoint.get("event", "") and max(endpoint["delay"]) > 9.5:[0m
2026-09-29T01:29:18.3612609Z [36;1m                slow.append({"delay": max(endpoint["delay"]), "driver": net["driver"], "net": net["net"],[0m
2026-09-29T01:29:18.3613148Z [36;1m                             "cell": endpoint["cell"], "port": endpoint["port"]})[0m
2026-09-29T01:29:18.3613841Z [36;1m    slow.sort(key=lambda item: item["delay"], reverse=True)[0m
2026-09-29T01:29:18.3614316Z [36;1m    print("SWAY_SLOW_ENDPOINTS " + json.dumps(slow[:200], sort_keys=True))[0m
2026-09-29T01:29:18.3614739Z [36;1mbase.mkdir(parents=True, exist_ok=True)[0m
2026-09-29T01:29:18.3615163Z [36;1m(base / "ci-summary.json").write_text(json.dumps(summaries, indent=2) + "\n")[0m
2026-09-29T01:29:18.3615646Z [36;1mwith open(os.environ["GITHUB_STEP_SUMMARY"], "a") as output:[0m
2026-09-29T01:29:18.3616087Z [36;1m    output.write("Commit: " + os.environ["GITHUB_SHA"] + "\n\n")[0m
2026-09-29T01:29:18.3616439Z [36;1m    fence = chr(96) * 3[0m
2026-09-29T01:29:18.3616840Z [36;1m    output.write(fence + "json\n" + json.dumps(summaries, indent=2) + "\n" + fence + "\n")[0m
2026-09-29T01:29:18.3617273Z [36;1m    if not summaries:[0m
2026-09-29T01:29:18.3617662Z [36;1m        output.write("No checker report was produced; inspect setup/build logs.\n")[0m
2026-09-29T01:29:18.3618067Z [36;1mPY[0m
2026-09-29T01:29:18.3680595Z shell: /usr/bin/bash --noprofile --norc -e -o pipefail {0}
2026-09-29T01:29:18.3680951Z ##[endgroup]
2026-09-29T01:29:18.4050466Z SWAY_REPORT functional/validation.json
2026-09-29T01:29:18.4051142Z {
2026-09-29T01:29:18.4051884Z   "status": "pass",
2026-09-29T01:29:18.4052553Z   "compiler": "/home/runner/work/_temp/sway-tools/bsc/bin/bsc",
2026-09-29T01:29:18.4053078Z   "source_sha256": {
2026-09-29T01:29:18.4053657Z     "bsv/SwayBaseline.bsv": "a5be30c1bbd2382383edd8dd56c9e193f91d4b04ec7b1915e75f3800e8cce60b",
2026-09-29T01:29:18.4054567Z     "bsv/SwayBlock.bsv": "eea28575bb9ef9220d0415e5661a4f5276c198b4251ea5d00dbf19c7c5bb69ce",
2026-09-29T01:29:18.4055391Z     "bsv/SwayClock.bsv": "0837c9f0c98e67e2b933a3d411342a05e4f15fd36f03ac44f297e871cc652c81",
2026-09-29T01:29:18.4056186Z     "bsv/SwayLinear.bsv": "092a8a3c0cd9e7e67f6e69efbc45ab5f9b06db0bb3ecfc4b90ef8a0270d1d3a8",
2026-09-29T01:29:18.4057008Z     "bsv/SwayMultiply.bsv": "4372d3eae264cb12817051eb6f1795c8e0b7f3eea1b267b7ba4c8174e4b14992",
2026-09-29T01:29:18.4057855Z     "bsv/SwayNorm.bsv": "e6d745634fea68b52e4a3e4cba195d83be1bcc57d57b05a11fd88b2bb440eb5f",
2026-09-29T01:29:18.4059234Z     "bsv/SwayScan.bsv": "2b9d1c22030869a1abffc3ad4fdbff8a468111fa17e136f21bae4c17ee0d275e",
2026-09-29T01:29:18.4060382Z     "bsv/SwayTypes.bsv": "5921edce99813d9c590c61496721d659a1a4b424bef837024518f2721ec67607",
2026-09-29T01:29:18.4061264Z     "generated/GeneratedTestConfig.bsv": "74aee8f80bda41ec1aef155a909cc21a1810e581b330e0dcd43f251e2c06ffa6",
2026-09-29T01:29:18.4062410Z     "generated/SwayParameters.bsv": "a57d31c5bcf3fd406bb099103995a6d6c276c981c2aad92c2d7099ec6f00328d",
2026-09-29T01:29:18.4063332Z     "generated/linear_rom/bank000.hex": "d0468693dd6c57928d8d518f789e14f49a97d5420a3b4b677fb7b986dc4eaa0d",
2026-09-29T01:29:18.4064723Z     "generated/linear_rom/bank001.hex": "95fbc5708f61f410cc83d3e9e1a0509dd2392989f91449260a753758e01b578b",
2026-09-29T01:29:18.4065575Z     "generated/linear_rom/bank002.hex": "d4e7fdedee24697aa5408b744d9b4db370f598a5ac1a81662fde5dd50db18782",
2026-09-29T01:29:18.4066322Z     "generated/linear_rom/bank003.hex": "bf62c7c73bdbb1e02ece9065521cdd5a327ec77498dcf60f7ffd377328309e28",
2026-09-29T01:29:18.4067018Z     "generated/linear_rom/bank004.hex": "069ac39fe120f7eccfb89e4ed1dc6a94fb3565fdfda765c512e8a8ae2770925f",
2026-09-29T01:29:18.4067699Z     "generated/linear_rom/bank005.hex": "f1bfc10824a0d55a1630f130f3d72b37f49ebde45f3d49c915e053ed46e72d23",
2026-09-29T01:29:18.4068390Z     "generated/linear_rom/bank006.hex": "3e98511cb6308d24a382f64f3c8458ccf797dffeb6a804373069e8e2f11f238e",
2026-09-29T01:29:18.4069204Z     "generated/linear_rom/bank007.hex": "add5c27e4bcf36bbf8892e56267d0600afb24d3273db0d0d28653e27b4f6f05f",
2026-09-29T01:29:18.4069890Z     "generated/linear_rom/bank008.hex": "b462510414b4609964f9c942ee38a04c6a2cbc1def0e6e6538550a8acc429c94",
2026-09-29T01:29:18.4070572Z     "generated/linear_rom/bank009.hex": "76d05ef8823d18d0d1a2ba22ca799433a323f44f676e4b020b6acd6f44073530",
2026-09-29T01:29:18.4071698Z     "generated/linear_rom/bank010.hex": "da9bb7105854b941ca6609092c4fda6d62bf157ac8bebb1ac42a98ad2be6aac9",
2026-09-29T01:29:18.4072433Z     "generated/linear_rom/bank011.hex": "41995f3b57b5c37aae4399199708e2f0634e384cdf0f07d6ded6092125507bc1",
2026-09-29T01:29:18.4073105Z     "generated/linear_rom/bank012.hex": "7c08f4aba52d147ff435cba8bc517ebf3a717ff45aacfe9a46966e8f636f61b6",
2026-09-29T01:29:18.4073798Z     "generated/linear_rom/bank013.hex": "81311c0f2c0bcf41ebbf0e8d7b81f93b5d64cf50510ef68e9106dc2f56907391",
2026-09-29T01:29:18.4074498Z     "generated/linear_rom/bank014.hex": "07e139ec3b82817d5afd7feb831e6330aec05ddca4e738430f144bd049abb3fb",
2026-09-29T01:29:18.4075178Z     "generated/linear_rom/bank015.hex": "006c728e22ee72d431a6ac295de5c99321094441e157a36a29c01e944427bdcf",
2026-09-29T01:29:18.4075868Z     "generated/linear_rom/bank016.hex": "e3b2ae310d1e4eca98d50ace38e21a7f2b780db91fc28749bf4da7c557777f05",
2026-09-29T01:29:18.4076537Z     "generated/linear_rom/bank017.hex": "d864d15566a61660d8e29a2c2d0fc603f32e91e0f9240a4af955b2ec964371ac",
2026-09-29T01:29:18.4077375Z     "generated/linear_rom/bank018.hex": "f48d19c250bc3e17c7ecd099b446c7f71e0e4d11997e9320690e5dc7d537b574",
2026-09-29T01:29:18.4078036Z     "generated/linear_rom/bank019.hex": "d1f8b740b2ad284e4dad061f9371c071358251231ee9bc01e4d22cf478d1b151",
2026-09-29T01:29:18.4078695Z     "generated/linear_rom/bank020.hex": "4900124fc8380c182689f14691e0be3384ab06bb13955141ccc1b6e0c5fdf05f",
2026-09-29T01:29:18.4079366Z     "generated/linear_rom/bank021.hex": "aad20d0ab187328d33b1e9ac4eee4fced8dbb8acfe969815d772e8aba86ac05d",
2026-09-29T01:29:18.4080042Z     "generated/linear_rom/bank022.hex": "db3f8a6b17292c486e05859e2b842fd06a4922f8b7f609672a9009a1bb152b33",
2026-09-29T01:29:18.4080711Z     "generated/linear_rom/bank023.hex": "f0cc206aef0ca6fecaa3ec76850515fc7d8450a8f92a78f46571f057c9d63199",
2026-09-29T01:29:18.4081515Z     "generated/linear_rom/bank024.hex": "db3f8a6b17292c486e05859e2b842fd06a4922f8b7f609672a9009a1bb152b33",
2026-09-29T01:29:18.4082395Z     "generated/linear_rom/bank025.hex": "f0cc206aef0ca6fecaa3ec76850515fc7d8450a8f92a78f46571f057c9d63199",
2026-09-29T01:29:18.4083084Z     "generated/linear_rom/bank026.hex": "2a00bed487b115d8cd7a16217487ae3d4e3def97ad18f15d9e42bbd891051286",
2026-09-29T01:29:18.4083755Z     "generated/linear_rom/bank027.hex": "2a00bed487b115d8cd7a16217487ae3d4e3def97ad18f15d9e42bbd891051286",
2026-09-29T01:29:18.4084430Z     "generated/linear_rom/bank028.hex": "a6212d63336db9814fee540f80392f401cc530e2eb0753b06bea834d034c92e7",
2026-09-29T01:29:18.4085101Z     "generated/linear_rom/bank029.hex": "4271c6c7bf974ed0a1fdcebc800edb9942d5c91c9394a64cc7b4a6b499c7ef08",
2026-09-29T01:29:18.4085769Z     "generated/linear_rom/bank030.hex": "3981dc6e301b047659146f63fb3637e848dfaef8fec77d393fb22515badb0067",
2026-09-29T01:29:18.4086440Z     "generated/linear_rom/bank031.hex": "ef589cb0566b42409c4457cc85dc296a9d6c5606b029bce8ff1e9caeff4e98e0",
2026-09-29T01:29:18.4087109Z     "generated/linear_rom/bank032.hex": "b310c95bd9b5b9285a1861b7e2c6ca563f38c708c87cd4885e524d802a88d99b",
2026-09-29T01:29:18.4087794Z     "generated/linear_rom/bank033.hex": "5fa4dbd1dcd83a369a3f5a8d5742ee00b9be9db605e2249cd57fcc51cf7a47cb",
2026-09-29T01:29:18.4088470Z     "generated/linear_rom/bank034.hex": "cc342ac8af4bca5726a7b7d765972277c330c01361acc3d9cae9e1482cbf7ebb",
2026-09-29T01:29:18.4089137Z     "generated/linear_rom/bank035.hex": "802f867b445ef1b094378db552b8e0051cad88ccf46836df97b32d8bb5c39b5a",
2026-09-29T01:29:18.4089810Z     "generated/linear_rom/bank036.hex": "60c2a75728ca7ed010eae01feb789a30fc4d4b0bcd9f1c4b82cec8bc7b9d0df9",
2026-09-29T01:29:18.4090486Z     "generated/linear_rom/bank037.hex": "5312f584d6be3d8a990a5c7506cc9e81a60aa177c7a4e30ff4ab94c9f06f0149",
2026-09-29T01:29:18.4091159Z     "generated/linear_rom/bank038.hex": "94835dbc65c0ac11aaa40554c460c9172c89f635f22b3c6a892955290cd116a7",
2026-09-29T01:29:18.4092044Z     "generated/linear_rom/bank039.hex": "89585f3ec295ab84f42c57884dd3418021e5a53eb7869efeea674b464cb13c7b",
2026-09-29T01:29:18.4092860Z     "generated/linear_rom/bank040.hex": "6e8244da7d59ce92073bf73416533be949b0238dadde9f6ce594444011d11ed7",
2026-09-29T01:29:18.4093561Z     "generated/linear_rom/bank041.hex": "72c40f1d02235c173a4b390c813958286c1da2e0adaec1b40d352326cebc4104",
2026-09-29T01:29:18.4094229Z     "generated/linear_rom/bank042.hex": "836dc993c79051b1318589a7f2e3b2b3adc196723efbbf8acaba039e6b70534a",
2026-09-29T01:29:18.4094900Z     "generated/linear_rom/bank043.hex": "52563fa44dc400399aa913a949eb52e5194995b636d537903201844ff4948738",
2026-09-29T01:29:18.4095556Z     "generated/linear_rom/bank044.hex": "222468fff6c4d02781f99539b313c9fabb52f0c809efceac9a664dd6c6983a42",
2026-09-29T01:29:18.4096231Z     "generated/linear_rom/bank045.hex": "daa7af4c5284c5bb9dba1ff786946696bb86c29806e4a98490a3a6bc3bb17895",
2026-09-29T01:29:18.4096899Z     "generated/linear_rom/bank046.hex": "4f8d6cf2c22c49cae3484a05b2017885458211e2e36f8100f17d6d9ac98368eb",
2026-09-29T01:29:18.4097561Z     "generated/linear_rom/bank047.hex": "b97a677d260699d7eef4309bb8b80a4b8d32e6d98b2280ba68e97859af7aaeea",
2026-09-29T01:29:18.4098357Z     "generated/linear_rom/bank048.hex": "11f582eda0f73cc3413a5b806a0e490800b6fa32d72739b1d664c0a1ea72d173",
2026-09-29T01:29:18.4099031Z     "generated/linear_rom/bank049.hex": "d03ebcbcc54e4ded9130fa5c179ec351a3db8948c547ea0ba568b8254b96f13f",
2026-09-29T01:29:18.4099699Z     "generated/linear_rom/bank050.hex": "1feb4a18ccaa792377f5a8b123372b055745c156461b4557d14a634bee462a38",
2026-09-29T01:29:18.4100369Z     "generated/linear_rom/bank051.hex": "e732ac7ffacfc6568427658c38c2163ea45224de47b2bbdac50523595c51b080",
2026-09-29T01:29:18.4101039Z     "generated/linear_rom/bank052.hex": "389d8678f7063da1b45e914817c016ff6794c48096b21c2402bee4efb80599c8",
2026-09-29T01:29:18.4101870Z     "generated/linear_rom/bank053.hex": "406782c8eedf5fa66b20289bbed13f1bec1d15a8d6870fa84e22861f895f2d86",
2026-09-29T01:29:18.4102542Z     "generated/linear_rom/bank054.hex": "2e46474cb378a7d3d0375c729bc3e4af24657cbe7c039104885a9a688b353637",
2026-09-29T01:29:18.4103215Z     "generated/linear_rom/bank055.hex": "dcde238005c34ba812e113093649ab745dcb54061f53e4e672eb3c1cc8b26a8f",
2026-09-29T01:29:18.4103889Z     "generated/linear_rom/bank056.hex": "fd4d9520d3059cbccc6a9e50bdf20f710ef859955b7df2e5be82b98547d3cdc9",
2026-09-29T01:29:18.4104562Z     "generated/linear_rom/bank057.hex": "485aa0bbf3eb8eb59096d8c47f8bf296d90fb3727703292741a54f9b5c69aeaf",
2026-09-29T01:29:18.4105249Z     "generated/linear_rom/bank058.hex": "2144fe9fe0fa5b0d88c37d2d6a18a6275adae7dacbd7791c1c4ed7e63f5b0e63",
2026-09-29T01:29:18.4105929Z     "generated/linear_rom/bank059.hex": "a75f2dee2a9af8196422aa0cc6aeb26d1632bcfc7ed0403bb7a0e463b1f1a82b",
2026-09-29T01:29:18.4106605Z     "generated/linear_rom/bank060.hex": "94c944f9ccbfb1943df1adbc42b812cfb21e171603b2171f40a791f881a5d0ba",
2026-09-29T01:29:18.4107281Z     "generated/linear_rom/bank061.hex": "09ebf484e3cc3aab912a063fc2216f349c3bacf85cf76fcb31fd729e330aa5f0",
2026-09-29T01:29:18.4107958Z     "generated/linear_rom/bank062.hex": "885b073a3a786046a78b5ed6a955dac71957d5d3e844ba003804fd1839c05850",
2026-09-29T01:29:18.4108635Z     "generated/linear_rom/bank063.hex": "b384259fefad0b04a678932d2586c5f08ecde992c737be568b682c608d14fe87",
2026-09-29T01:29:18.4109306Z     "generated/linear_rom/bank064.hex": "25c41e14e75e823b482eefb0c07d5d77b2fd7bce5667f48e740140cb982ddcf6",
2026-09-29T01:29:18.4109980Z     "generated/linear_rom/bank065.hex": "56a18311ef21b0ea0aca91a7bf1303b948dab4843a21dbb9075d051e5b77147c",
2026-09-29T01:29:18.4110654Z     "generated/linear_rom/bank066.hex": "cb71c82ba15604199d75aaf63cf32ae0f70d0513f59a72ac2ee6cfd7449b4885",
2026-09-29T01:29:18.4111321Z     "generated/linear_rom/bank067.hex": "2a77094317672c57cf81946eee5239f1f7d1f0c30cc942aced87f982ccc1de18",
2026-09-29T01:29:18.4112122Z     "generated/linear_rom/bank068.hex": "4c9b34a45f161910703e8c6722ce3eb17047f644833d47eb39edb04fb7c93618",
2026-09-29T01:29:18.4113113Z     "generated/linear_rom/bank069.hex": "155e3baa3fb552bf29e6b7f3d1f1c02f9678ca5f410fcf85f749d9e791a01b01",
2026-09-29T01:29:18.4114526Z     "generated/linear_rom/bank070.hex": "72f808b43b75c6c5dcb5098fe2a650ae3f3575358c3a330f7876baebd36402af",
2026-09-29T01:29:18.4115714Z     "generated/linear_rom/bank071.hex": "e7316ca56d611a5d2ae964946f8ea561900f996b35339766460850076ec09b1c",
2026-09-29T01:29:18.4116942Z     "generated/linear_rom/bank072.hex": "1b17834571dea90f0412ce7a80a67fac670712bb7261fbbcbf32728b7154a08a",
2026-09-29T01:29:18.4117767Z     "generated/linear_rom/bank073.hex": "e7316ca56d611a5d2ae964946f8ea561900f996b35339766460850076ec09b1c",
2026-09-29T01:29:18.4118435Z     "generated/linear_rom/bank074.hex": "1b17834571dea90f0412ce7a80a67fac670712bb7261fbbcbf32728b7154a08a",
2026-09-29T01:29:18.4119105Z     "generated/linear_rom/bank075.hex": "2a00bed487b115d8cd7a16217487ae3d4e3def97ad18f15d9e42bbd891051286",
2026-09-29T01:29:18.4119773Z     "generated/linear_rom/bank076.hex": "2a00bed487b115d8cd7a16217487ae3d4e3def97ad18f15d9e42bbd891051286",
2026-09-29T01:29:18.4120451Z     "generated/linear_rom/bank077.hex": "a1fddda3605e9632a3b5819bd783285f78b54d706d52cf2d3290812aa0035e65",
2026-09-29T01:29:18.4121313Z     "generated/linear_rom/bank078.hex": "9aeaab13eb0b5dc3d7898c58f89b2df5fa7ebc01d70e65d7ea90dd5b54edcddd",
2026-09-29T01:29:18.4122273Z     "generated/linear_rom/bank079.hex": "153ab8bf480c05e529f5b07335e2b90661c8ab9aef93402b4dd64ed9fd0d6848",
2026-09-29T01:29:18.4122954Z     "generated/linear_rom/bank080.hex": "c72aaec677aaec60c159872cc85357cda7756dc1d5d832f567cb684fd4e0e18e",
2026-09-29T01:29:18.4123622Z     "generated/linear_rom/bank081.hex": "1b135178c807c25e28e24d5a0db9e2e58a2e7987174e06e88bfbfb1764ab1f72",
2026-09-29T01:29:18.4124287Z     "generated/linear_rom/bank082.hex": "734ea2b4ac187f31c27f368a656ad8a2ba8b98d940988ac8cd644075c759400f",
2026-09-29T01:29:18.4124950Z     "generated/linear_rom/bank083.hex": "8e078a6d810b55b2a189f2667489ae2e09f319a57d1c0a6a05b1a9c9d1675971",
2026-09-29T01:29:18.4125613Z     "generated/linear_rom/bank084.hex": "412c345de5b17f0e8e98de099df94329ca43ac757c4b877b5df8c8e39885874d",
2026-09-29T01:29:18.4126297Z     "generated/linear_rom/bank085.hex": "e11b96a1b844d94b812b624d0eefed4f7b596a326911f8e291f03101bc0804d1",
2026-09-29T01:29:18.4126960Z     "generated/linear_rom/bank086.hex": "9dcaed41f52b5e691f42905ab15d69436e419159509792c1b7b5c48b49275c2f",
2026-09-29T01:29:18.4127620Z     "generated/linear_rom/bank087.hex": "d99a1aae53b9e0784086570640755fbada5d394b470da99c200ddc81f0663cf2",
2026-09-29T01:29:18.4128281Z     "generated/linear_rom/bank088.hex": "706cdf92f006eb769c424c8905813dca18d550ea294c7a48d4187b8a975ddcef",
2026-09-29T01:29:18.4128944Z     "generated/linear_rom/bank089.hex": "7d3e691de3e854567b602d9654c3c42574ca229b8a5acf6fdf25e2ae2232c061",
2026-09-29T01:29:18.4129622Z     "generated/linear_rom/bank090.hex": "64a2d56afbdc8bdf5ae1e7bd3dcff0c4a01a66b6acd796e28fb9f1640e07092c",
2026-09-29T01:29:18.4130304Z     "generated/linear_rom/bank091.hex": "9080ed6e4f557248c16f7d95ea606b77fee2e96b4f4115ecfc2c5fe226e12759",
2026-09-29T01:29:18.4130980Z     "generated/linear_rom/bank092.hex": "138805f24b37b0d8d13675215751f4bf78d9fdfa1fea639103f5f86d9d0f147d",
2026-09-29T01:29:18.4131928Z     "generated/linear_rom/bank093.hex": "020e4417021a6923c130c2aaed726c34792dae97f5f3ca27242eb5fd7dcf139b",
2026-09-29T01:29:18.4132598Z     "generated/linear_rom/bank094.hex": "31b2af35cd85fe9513d688721774b27a278ce37378d8f1990b5a4ec4291e0a7d",
2026-09-29T01:29:18.4133297Z     "generated/linear_rom/bank095.hex": "3dd0b582ffb50235e1a4ae86a23c6083785d8596df3921cf5699e7d38b6f0fb5",
2026-09-29T01:29:18.4133965Z     "generated/linear_rom/bank096.hex": "a5226dfedd470d78a90e5ed6516df08ff9a73d0acde75a2446a777a994e9dd02",
2026-09-29T01:29:18.4134644Z     "generated/linear_rom/bank097.hex": "acde26890a168beabc7eb5b427d49c15cb374e95ce3b1ad4f3a53e4611f4a38e",
2026-09-29T01:29:18.4135322Z     "generated/linear_rom/bank098.hex": "09400e6a9dd6a04159dbeda5092568a30cd42dac7e26174fca7721b2159ce3da",
2026-09-29T01:29:18.4136004Z     "generated/linear_rom/bank099.hex": "4360d9483903ebc165ebc2603555b6dd2274bfb86f8b8d4850730ff97eef209a",
2026-09-29T01:29:18.4136827Z     "generated/linear_rom/bank100.hex": "6a91f844ab33ee190ba2c9d26f4ed6ebc5e673a88aa84b3ae8e71ff9dbe4d5b7",
2026-09-29T01:29:18.4137525Z     "generated/linear_rom/bank101.hex": "ce8369a6606382ed3fb5b1426fa6b300a021a20cda43fee474a00b001f346dc0",
2026-09-29T01:29:18.4138198Z     "generated/linear_rom/bank102.hex": "85cb40943bb722a126a682d08e6b4637569dce59bc1a94df4cda6c1d2cc6e5c5",
2026-09-29T01:29:18.4138888Z     "generated/linear_rom/bank103.hex": "fa4f89692dde83c092b1cab1754c0851961fce7b604dd4250bb49b6b734c89d2",
2026-09-29T01:29:18.4139562Z     "generated/linear_rom/bank104.hex": "66a5d317a5c23c5cd28a90e9d54c5becb68c24e851c79c541c6d9b8366d148fd",
2026-09-29T01:29:18.4140232Z     "generated/linear_rom/bank105.hex": "a7c84972ec443d3e210abc209e7103c028f0006cd729f60e82a3daf7b12757bd",
2026-09-29T01:29:18.4140892Z     "generated/linear_rom/bank106.hex": "162ba567595371122db221d54512f499dcd18655a5f361b6a15b2e821361381b",
2026-09-29T01:29:18.4141881Z     "generated/linear_rom/bank107.hex": "863d7e0310f3e5d2b2069b8c5a5e3449551cf1a4c8d9b4ef695af808163058ce",
2026-09-29T01:29:18.4142690Z     "generated/linear_rom/bank108.hex": "ee0fca6144ea4a9a954dc0e277ee44676636505d5a1da58d244ab7ec719ef08a",
2026-09-29T01:29:18.4143384Z     "generated/linear_rom/bank109.hex": "9505fbcdb27370172651cf0c0e7c0f06b6de4efd22f486044c18a9c0b3f17daa",
2026-09-29T01:29:18.4144048Z     "generated/linear_rom/bank110.hex": "91c09f964f214ce950d7803686a155a2e136fdb5c3d2d487ba6a906d3a80e974",
2026-09-29T01:29:18.4144719Z     "generated/linear_rom/bank111.hex": "4fbcb1f2cddc67e2990ae244b4db542db2611c099e3cda83d49c7201e1259196",
2026-09-29T01:29:18.4145397Z     "generated/linear_rom/bank112.hex": "ea5ec338c84612fb5b0d1a6a4c0ff4f17acf5c58542f5587ecf6e1849e616045",
2026-09-29T01:29:18.4146087Z     "generated/linear_rom/bank113.hex": "aacb32ffcea1c804e3b30045df8b88feeda6128240d5b1de21f91dee2bda93a7",
2026-09-29T01:29:18.4146767Z     "generated/linear_rom/bank114.hex": "b713eb4614368b28e117ec5c8bdc1ffd1cb990255be497fe2f924526816b89d3",
2026-09-29T01:29:18.4147451Z     "generated/linear_rom/bank115.hex": "2a772fd8596a6df82a8ed107ed63d60b1476f1bb5cb0ae51c30557827ee440cf",
2026-09-29T01:29:18.4148117Z     "generated/linear_rom/bank116.hex": "9a302701679ada8437d61639b89c664bf2bfeb5e19c4f057550e4e5d61966b0b",
2026-09-29T01:29:18.4148774Z     "generated/linear_rom/bank117.hex": "728c5c6983475fef32379a1663fd0ab4a4ac9176dc4fe3aaf4863185f269876f",
2026-09-29T01:29:18.4149440Z     "generated/linear_rom/bank118.hex": "b500a68eb55a37dca42b811ef8388d1e8dcd1c85cc166047d7521ecf80513926",
2026-09-29T01:29:18.4150112Z     "generated/test_expected.hex": "f47029ab9b036f15f2eda3ee53451d524d54b4c35df49d6737513d8362e15158",
2026-09-29T01:29:18.4150759Z     "generated/test_input.hex": "0d4c15face2920f62ebfd43363ed027e36943abd3377d2fd234eacbebc7fe59a",
2026-09-29T01:29:18.4151628Z     "reference/check_refactor.py": "95632df2fcabbac0f9459096e4f69b7453198f49cb6d770fa79ce4f6a0199169",
2026-09-29T01:29:18.4152286Z     "reference/check_sim.py": "bc4afcf865ade4878f69a0d27f3a1da347ea31d226983370ca1a76152638df36",
2026-09-29T01:29:18.4152897Z     "rtl/BRAM1Load.v": "9f0ea8d784d9865b4c6c5a97ff20f1689c5b963072a98b9c975870d903091fa4",
2026-09-29T01:29:18.4153528Z     "rtl/sway_mult18x18d.v": "5e7a8be0f9cfce25f7b9546140fae909a09b2c7f0cb90fb6d27f5800a146ad30",
2026-09-29T01:29:18.4154118Z     "sim/TbSway.bsv": "8bc228c8fcb5933c40c19bdd70e7ae2dd8411d80c6ba1c2d0fd3d75f3a98c1d5",
2026-09-29T01:29:18.4154707Z     "sim/TbSwayKernel.bsv": "d2876467c1191ff993170eec4a9e2ffa3b46fab900728c097fcfb063bfe3603e"
2026-09-29T01:29:18.4155130Z   },
2026-09-29T01:29:18.4155311Z   "configurations": [
2026-09-29T01:29:18.4155510Z     {
2026-09-29T01:29:18.4155688Z       "status": "pass",
2026-09-29T01:29:18.4155939Z       "evidence": "generated-Verilog simulation",
2026-09-29T01:29:18.4156235Z       "frames_checked": 14,
2026-09-29T01:29:18.4156467Z       "scalar_outputs_checked": 798,
2026-09-29T01:29:18.4156719Z       "input_words": 4480,
2026-09-29T01:29:18.4156942Z       "finish_cycle": 305868,
2026-09-29T01:29:18.4157325Z       "post_completion_drain_cycles": 2048,
2026-09-29T01:29:18.4157650Z       "source_bubbles": "cycles modulo 17 equal to 0 or 1",
2026-09-29T01:29:18.4158101Z       "sink_stalls": "8192 cycles after each first output, plus cycles modulo 11 equal to 0",
2026-09-29T01:29:18.4158525Z       "repeated_frame_pairs_checked": [
2026-09-29T01:29:18.4158778Z         [
2026-09-29T01:29:18.4158947Z           0,
2026-09-29T01:29:18.4159123Z           12
2026-09-29T01:29:18.4159290Z         ],
2026-09-29T01:29:18.4159454Z         [
2026-09-29T01:29:18.4159618Z           0,
2026-09-29T01:29:18.4159784Z           13
2026-09-29T01:29:18.4159948Z         ]
2026-09-29T01:29:18.4160111Z       ],
2026-09-29T01:29:18.4160542Z       "timing_scope": "testbench cycles include deliberate source and sink stalls; not unstalled kernel performance",
2026-09-29T01:29:18.4161199Z       "input_sha256": "0d4c15face2920f62ebfd43363ed027e36943abd3377d2fd234eacbebc7fe59a",
2026-09-29T01:29:18.4161989Z       "expected_sha256": "f47029ab9b036f15f2eda3ee53451d524d54b4c35df49d6737513d8362e15158",
2026-09-29T01:29:18.4162727Z       "log_sha256": "818881699d00e2723305de55112db5eec7617fb8f94b6283036b7cfc9109bcd8",
2026-09-29T01:29:18.4163286Z       "sway_records_sha256": "818881699d00e2723305de55112db5eec7617fb8f94b6283036b7cfc9109bcd8",
2026-09-29T01:29:18.4163701Z       "frames": [
2026-09-29T01:29:18.4163890Z         {
2026-09-29T01:29:18.4164066Z           "frame": 0,
2026-09-29T01:29:18.4164277Z           "input_first_cycle": 2,
2026-09-29T01:29:18.4164520Z           "input_last_cycle": 363,
2026-09-29T01:29:18.4164766Z           "output_first_cycle": 37230,
2026-09-29T01:29:18.4165022Z           "output_last_cycle": 45483,
2026-09-29T01:29:18.4165303Z           "first_input_to_last_output_cycles": 45481,
2026-09-29T01:29:18.4165601Z           "sink_pause_cycles": 8192
2026-09-29T01:29:18.4165833Z         },
2026-09-29T01:29:18.4166002Z         {
2026-09-29T01:29:18.4166175Z           "frame": 1,
2026-09-29T01:29:18.4166384Z           "input_first_cycle": 364,
2026-09-29T01:29:18.4166635Z           "input_last_cycle": 725,
2026-09-29T01:29:18.4166879Z           "output_first_cycle": 57102,
2026-09-29T01:29:18.4167135Z           "output_last_cycle": 65356,
2026-09-29T01:29:18.4167402Z           "first_input_to_last_output_cycles": 64992,
2026-09-29T01:29:18.4167687Z           "sink_pause_cycles": 8192
2026-09-29T01:29:18.4167916Z         },
2026-09-29T01:29:18.4168084Z         {
2026-09-29T01:29:18.4168260Z           "frame": 2,
2026-09-29T01:29:18.4168460Z           "input_first_cycle": 726,
2026-09-29T01:29:18.4168700Z           "input_last_cycle": 13882,
2026-09-29T01:29:18.4168964Z           "output_first_cycle": 76974,
2026-09-29T01:29:18.4169219Z           "output_last_cycle": 85227,
2026-09-29T01:29:18.4169486Z           "first_input_to_last_output_cycles": 84501,
2026-09-29T01:29:18.4169765Z           "sink_pause_cycles": 8192
2026-09-29T01:29:18.4169991Z         },
2026-09-29T01:29:18.4170155Z         {
2026-09-29T01:29:18.4170330Z           "frame": 3,
2026-09-29T01:29:18.4170539Z           "input_first_cycle": 13883,
2026-09-29T01:29:18.4170789Z           "input_last_cycle": 33754,
2026-09-29T01:29:18.4171032Z           "output_first_cycle": 96846,
2026-09-29T01:29:18.4171279Z           "output_last_cycle": 105100,
2026-09-29T01:29:18.4171854Z           "first_input_to_last_output_cycles": 91217,
2026-09-29T01:29:18.4172141Z           "sink_pause_cycles": 8192
2026-09-29T01:29:18.4172362Z         },
2026-09-29T01:29:18.4172526Z         {
2026-09-29T01:29:18.4172690Z           "frame": 4,
2026-09-29T01:29:18.4172891Z           "input_first_cycle": 33755,
2026-09-29T01:29:18.4173132Z           "input_last_cycle": 53626,
2026-09-29T01:29:18.4173380Z           "output_first_cycle": 116718,
2026-09-29T01:29:18.4173632Z           "output_last_cycle": 124972,
2026-09-29T01:29:18.4173898Z           "first_input_to_last_output_cycles": 91217,
2026-09-29T01:29:18.4174175Z           "sink_pause_cycles": 8192
2026-09-29T01:29:18.4174403Z         },
2026-09-29T01:29:18.4174699Z         {
2026-09-29T01:29:18.4174872Z           "frame": 5,
2026-09-29T01:29:18.4175074Z           "input_first_cycle": 53627,
2026-09-29T01:29:18.4175316Z           "input_last_cycle": 73498,
2026-09-29T01:29:18.4175562Z           "output_first_cycle": 136590,
2026-09-29T01:29:18.4175815Z           "output_last_cycle": 144843,
2026-09-29T01:29:18.4176090Z           "first_input_to_last_output_cycles": 91216,
2026-09-29T01:29:18.4176368Z           "sink_pause_cycles": 8192
2026-09-29T01:29:18.4176591Z         },
2026-09-29T01:29:18.4176758Z         {
2026-09-29T01:29:18.4176926Z           "frame": 6,
2026-09-29T01:29:18.4177127Z           "input_first_cycle": 73499,
2026-09-29T01:29:18.4177368Z           "input_last_cycle": 93370,
2026-09-29T01:29:18.4177610Z           "output_first_cycle": 156462,
2026-09-29T01:29:18.4177860Z           "output_last_cycle": 164716,
2026-09-29T01:29:18.4178125Z           "first_input_to_last_output_cycles": 91217,
2026-09-29T01:29:18.4178537Z           "sink_pause_cycles": 8192
2026-09-29T01:29:18.4178768Z         },
2026-09-29T01:29:18.4178934Z         {
2026-09-29T01:29:18.4179101Z           "frame": 7,
2026-09-29T01:29:18.4179310Z           "input_first_cycle": 93371,
2026-09-29T01:29:18.4179553Z           "input_last_cycle": 113242,
2026-09-29T01:29:18.4179796Z           "output_first_cycle": 176334,
2026-09-29T01:29:18.4180045Z           "output_last_cycle": 184587,
2026-09-29T01:29:18.4180313Z           "first_input_to_last_output_cycles": 91216,
2026-09-29T01:29:18.4180589Z           "sink_pause_cycles": 8192
2026-09-29T01:29:18.4180813Z         },
2026-09-29T01:29:18.4180978Z         {
2026-09-29T01:29:18.4181152Z           "frame": 8,
2026-09-29T01:29:18.4181352Z           "input_first_cycle": 113243,
2026-09-29T01:29:18.4181846Z           "input_last_cycle": 133114,
2026-09-29T01:29:18.4182093Z           "output_first_cycle": 196206,
2026-09-29T01:29:18.4182340Z           "output_last_cycle": 204460,
2026-09-29T01:29:18.4182615Z           "first_input_to_last_output_cycles": 91217,
2026-09-29T01:29:18.4182892Z           "sink_pause_cycles": 8192
2026-09-29T01:29:18.4183114Z         },
2026-09-29T01:29:18.4183278Z         {
2026-09-29T01:29:18.4183446Z           "frame": 9,
2026-09-29T01:29:18.4183661Z           "input_first_cycle": 133115,
2026-09-29T01:29:18.4183914Z           "input_last_cycle": 152987,
2026-09-29T01:29:18.4184158Z           "output_first_cycle": 216078,
2026-09-29T01:29:18.4184404Z           "output_last_cycle": 224331,
2026-09-29T01:29:18.4184675Z           "first_input_to_last_output_cycles": 91216,
2026-09-29T01:29:18.4184955Z           "sink_pause_cycles": 8192
2026-09-29T01:29:18.4185180Z         },
2026-09-29T01:29:18.4185347Z         {
2026-09-29T01:29:18.4185516Z           "frame": 10,
2026-09-29T01:29:18.4185724Z           "input_first_cycle": 152988,
2026-09-29T01:29:18.4185968Z           "input_last_cycle": 172860,
2026-09-29T01:29:18.4186214Z           "output_first_cycle": 235951,
2026-09-29T01:29:18.4186489Z           "output_last_cycle": 244205,
2026-09-29T01:29:18.4186756Z           "first_input_to_last_output_cycles": 91217,
2026-09-29T01:29:18.4187038Z           "sink_pause_cycles": 8192
2026-09-29T01:29:18.4187265Z         },
2026-09-29T01:29:18.4187429Z         {
2026-09-29T01:29:18.4187598Z           "frame": 11,
2026-09-29T01:29:18.4187809Z           "input_first_cycle": 172861,
2026-09-29T01:29:18.4188052Z           "input_last_cycle": 192732,
2026-09-29T01:29:18.4188293Z           "output_first_cycle": 255822,
2026-09-29T01:29:18.4188542Z           "output_last_cycle": 264075,
2026-09-29T01:29:18.4188813Z           "first_input_to_last_output_cycles": 91214,
2026-09-29T01:29:18.4189095Z           "sink_pause_cycles": 8192
2026-09-29T01:29:18.4189319Z         },
2026-09-29T01:29:18.4189483Z         {
2026-09-29T01:29:18.4189654Z           "frame": 12,
2026-09-29T01:29:18.4189860Z           "input_first_cycle": 192733,
2026-09-29T01:29:18.4190104Z           "input_last_cycle": 212604,
2026-09-29T01:29:18.4190481Z           "output_first_cycle": 275694,
2026-09-29T01:29:18.4190737Z           "output_last_cycle": 283948,
2026-09-29T01:29:18.4191010Z           "first_input_to_last_output_cycles": 91215,
2026-09-29T01:29:18.4191291Z           "sink_pause_cycles": 8192
2026-09-29T01:29:18.4191774Z         },
2026-09-29T01:29:18.4191948Z         {
2026-09-29T01:29:18.4192115Z           "frame": 13,
2026-09-29T01:29:18.4192320Z           "input_first_cycle": 212605,
2026-09-29T01:29:18.4192565Z           "input_last_cycle": 232474,
2026-09-29T01:29:18.4192814Z           "output_first_cycle": 295566,
2026-09-29T01:29:18.4193060Z           "output_last_cycle": 303819,
2026-09-29T01:29:18.4193322Z           "first_input_to_last_output_cycles": 91214,
2026-09-29T01:29:18.4193599Z           "sink_pause_cycles": 8192
2026-09-29T01:29:18.4193823Z         }
2026-09-29T01:29:18.4193986Z       ],
2026-09-29T01:29:18.4194176Z       "parallelism_divisor": 4,
2026-09-29T01:29:18.4194411Z       "mode": "stress",
2026-09-29T01:29:18.4194772Z       "compiler_warnings": [
2026-09-29T01:29:18.4195061Z         "Warning: \"Prelude.bs\", line 2862, column 0: (G0024)",
2026-09-29T01:29:18.4195423Z         "Warning: \"Prelude.bs\", line 2862, column 0: (G0024)",
2026-09-29T01:29:18.4195778Z         "Warning: \"Prelude.bs\", line 2862, column 0: (G0024)",
2026-09-29T01:29:18.4196124Z         "Warning: \"Prelude.bs\", line 586, column 27: (G0024)"
2026-09-29T01:29:18.4196418Z       ],
2026-09-29T01:29:18.4196771Z       "configured_types_sha256": "5921edce99813d9c590c61496721d659a1a4b424bef837024518f2721ec67607"
2026-09-29T01:29:18.4197208Z     },
2026-09-29T01:29:18.4197379Z     {
2026-09-29T01:29:18.4197555Z       "status": "pass",
2026-09-29T01:29:18.4197821Z       "evidence": "generated-Verilog simulation (Icarus)",
2026-09-29T01:29:18.4198132Z       "frames_checked": 14,
2026-09-29T01:29:18.4198366Z       "scalar_outputs_checked": 798,
2026-09-29T01:29:18.4198613Z       "input_words": 4480,
2026-09-29T01:29:18.4198841Z       "finish_cycle": 297627,
2026-09-29T01:29:18.4199091Z       "post_completion_drain_cycles": 2048,
2026-09-29T01:29:18.4199370Z       "source_bubbles": "none inserted",
2026-09-29T01:29:18.4199641Z       "sink_stalls": "none inserted",
2026-09-29T01:29:18.4200101Z       "timing_scope": "kernel interface cycles; excludes UART, physical timing and post-completion drain",
2026-09-29T01:29:18.4200604Z       "output_frame_start_intervals_cycles": [
2026-09-29T01:29:18.4200867Z         19872,
2026-09-29T01:29:18.4201043Z         19872,
2026-09-29T01:29:18.4201254Z         19872,
2026-09-29T01:29:18.4201624Z         19872,
2026-09-29T01:29:18.4201802Z         19872,
2026-09-29T01:29:18.4201972Z         19872,
2026-09-29T01:29:18.4202139Z         19872,
2026-09-29T01:29:18.4202306Z         19872,
2026-09-29T01:29:18.4202474Z         19872,
2026-09-29T01:29:18.4202642Z         19872,
2026-09-29T01:29:18.4202816Z         19872,
2026-09-29T01:29:18.4202984Z         19872,
2026-09-29T01:29:18.4203151Z         19872
2026-09-29T01:29:18.4203326Z       ],
2026-09-29T01:29:18.4203517Z       "repeated_frame_pairs_checked": [
2026-09-29T01:29:18.4203763Z         [
2026-09-29T01:29:18.4203930Z           0,
2026-09-29T01:29:18.4204101Z           12
2026-09-29T01:29:18.4204267Z         ],
2026-09-29T01:29:18.4204430Z         [
2026-09-29T01:29:18.4204594Z           0,
2026-09-29T01:29:18.4204760Z           13
2026-09-29T01:29:18.4204925Z         ]
2026-09-29T01:29:18.4205093Z       ],
2026-09-29T01:29:18.4205423Z       "input_sha256": "0d4c15face2920f62ebfd43363ed027e36943abd3377d2fd234eacbebc7fe59a",
2026-09-29T01:29:18.4206002Z       "expected_sha256": "f47029ab9b036f15f2eda3ee53451d524d54b4c35df49d6737513d8362e15158",
2026-09-29T01:29:18.4206557Z       "log_sha256": "d9120023deb46a7f4522fb327fa0fa88c1a9fba2d5e6bd2df920c0740b1903c4",
2026-09-29T01:29:18.4206955Z       "frames": [
2026-09-29T01:29:18.4207137Z         {
2026-09-29T01:29:18.4207307Z           "frame": 0,
2026-09-29T01:29:18.4207515Z           "input_first_cycle": 0,
2026-09-29T01:29:18.4207953Z           "input_last_cycle": 319,
2026-09-29T01:29:18.4208204Z           "output_first_cycle": 37186,
2026-09-29T01:29:18.4208463Z           "output_last_cycle": 37242,
2026-09-29T01:29:18.4208736Z           "first_input_to_last_output_cycles": 37242
2026-09-29T01:29:18.4209004Z         },
2026-09-29T01:29:18.4209171Z         {
2026-09-29T01:29:18.4209338Z           "frame": 1,
2026-09-29T01:29:18.4209554Z           "input_first_cycle": 320,
2026-09-29T01:29:18.4209798Z           "input_last_cycle": 639,
2026-09-29T01:29:18.4210042Z           "output_first_cycle": 57058,
2026-09-29T01:29:18.4210292Z           "output_last_cycle": 57114,
2026-09-29T01:29:18.4210558Z           "first_input_to_last_output_cycles": 56794
2026-09-29T01:29:18.4210825Z         },
2026-09-29T01:29:18.4210995Z         {
2026-09-29T01:29:18.4211161Z           "frame": 2,
2026-09-29T01:29:18.4211592Z           "input_first_cycle": 640,
2026-09-29T01:29:18.4211910Z           "input_last_cycle": 13800,
2026-09-29T01:29:18.4212321Z           "output_first_cycle": 76930,
2026-09-29T01:29:18.4212575Z           "output_last_cycle": 76986,
2026-09-29T01:29:18.4212844Z           "first_input_to_last_output_cycles": 76346
2026-09-29T01:29:18.4213107Z         },
2026-09-29T01:29:18.4213271Z         {
2026-09-29T01:29:18.4213438Z           "frame": 3,
2026-09-29T01:29:18.4213645Z           "input_first_cycle": 13801,
2026-09-29T01:29:18.4213893Z           "input_last_cycle": 33672,
2026-09-29T01:29:18.4214136Z           "output_first_cycle": 96802,
2026-09-29T01:29:18.4214382Z           "output_last_cycle": 96858,
2026-09-29T01:29:18.4214644Z           "first_input_to_last_output_cycles": 83057
2026-09-29T01:29:18.4214908Z         },
2026-09-29T01:29:18.4215071Z         {
2026-09-29T01:29:18.4215236Z           "frame": 4,
2026-09-29T01:29:18.4215439Z           "input_first_cycle": 33673,
2026-09-29T01:29:18.4215684Z           "input_last_cycle": 53544,
2026-09-29T01:29:18.4215932Z           "output_first_cycle": 116674,
2026-09-29T01:29:18.4216195Z           "output_last_cycle": 116730,
2026-09-29T01:29:18.4216470Z           "first_input_to_last_output_cycles": 83057
2026-09-29T01:29:18.4216730Z         },
2026-09-29T01:29:18.4216892Z         {
2026-09-29T01:29:18.4217061Z           "frame": 5,
2026-09-29T01:29:18.4217261Z           "input_first_cycle": 53545,
2026-09-29T01:29:18.4217504Z           "input_last_cycle": 73416,
2026-09-29T01:29:18.4217748Z           "output_first_cycle": 136546,
2026-09-29T01:29:18.4217997Z           "output_last_cycle": 136602,
2026-09-29T01:29:18.4218262Z           "first_input_to_last_output_cycles": 83057
2026-09-29T01:29:18.4218525Z         },
2026-09-29T01:29:18.4218723Z         {
2026-09-29T01:29:18.4218895Z           "frame": 6,
2026-09-29T01:29:18.4219096Z           "input_first_cycle": 73417,
2026-09-29T01:29:18.4219339Z           "input_last_cycle": 93288,
2026-09-29T01:29:18.4219582Z           "output_first_cycle": 156418,
2026-09-29T01:29:18.4219829Z           "output_last_cycle": 156474,
2026-09-29T01:29:18.4220111Z           "first_input_to_last_output_cycles": 83057
2026-09-29T01:29:18.4220376Z         },
2026-09-29T01:29:18.4220540Z         {
2026-09-29T01:29:18.4220708Z           "frame": 7,
2026-09-29T01:29:18.4220916Z           "input_first_cycle": 93289,
2026-09-29T01:29:18.4221161Z           "input_last_cycle": 113160,
2026-09-29T01:29:18.4221643Z           "output_first_cycle": 176290,
2026-09-29T01:29:18.4221980Z           "output_last_cycle": 176346,
2026-09-29T01:29:18.4222252Z           "first_input_to_last_output_cycles": 83057
2026-09-29T01:29:18.4222513Z         },
2026-09-29T01:29:18.4222679Z         {
2026-09-29T01:29:18.4222844Z           "frame": 8,
2026-09-29T01:29:18.4223046Z           "input_first_cycle": 113161,
2026-09-29T01:29:18.4223290Z           "input_last_cycle": 133032,
2026-09-29T01:29:18.4223535Z           "output_first_cycle": 196162,
2026-09-29T01:29:18.4223781Z           "output_last_cycle": 196218,
2026-09-29T01:29:18.4224050Z           "first_input_to_last_output_cycles": 83057
2026-09-29T01:29:18.4224460Z         },
2026-09-29T01:29:18.4224631Z         {
2026-09-29T01:29:18.4224798Z           "frame": 9,
2026-09-29T01:29:18.4225002Z           "input_first_cycle": 133033,
2026-09-29T01:29:18.4225249Z           "input_last_cycle": 152904,
2026-09-29T01:29:18.4225496Z           "output_first_cycle": 216034,
2026-09-29T01:29:18.4225744Z           "output_last_cycle": 216090,
2026-09-29T01:29:18.4226006Z           "first_input_to_last_output_cycles": 83057
2026-09-29T01:29:18.4226396Z         },
2026-09-29T01:29:18.4226660Z         {
2026-09-29T01:29:18.4226939Z           "frame": 10,
2026-09-29T01:29:18.4227271Z           "input_first_cycle": 152905,
2026-09-29T01:29:18.4227524Z           "input_last_cycle": 172776,
2026-09-29T01:29:18.4227771Z           "output_first_cycle": 235906,
2026-09-29T01:29:18.4228022Z           "output_last_cycle": 235962,
2026-09-29T01:29:18.4228289Z           "first_input_to_last_output_cycles": 83057
2026-09-29T01:29:18.4228745Z         },
2026-09-29T01:29:18.4228921Z         {
2026-09-29T01:29:18.4229093Z           "frame": 11,
2026-09-29T01:29:18.4229302Z           "input_first_cycle": 172777,
2026-09-29T01:29:18.4229547Z           "input_last_cycle": 192648,
2026-09-29T01:29:18.4229801Z           "output_first_cycle": 255778,
2026-09-29T01:29:18.4230051Z           "output_last_cycle": 255834,
2026-09-29T01:29:18.4230315Z           "first_input_to_last_output_cycles": 83057
2026-09-29T01:29:18.4230577Z         },
2026-09-29T01:29:18.4230743Z         {
2026-09-29T01:29:18.4230912Z           "frame": 12,
2026-09-29T01:29:18.4231115Z           "input_first_cycle": 192649,
2026-09-29T01:29:18.4231376Z           "input_last_cycle": 212520,
2026-09-29T01:29:18.4231888Z           "output_first_cycle": 275650,
2026-09-29T01:29:18.4232141Z           "output_last_cycle": 275706,
2026-09-29T01:29:18.4232406Z           "first_input_to_last_output_cycles": 83057
2026-09-29T01:29:18.4232673Z         },
2026-09-29T01:29:18.4232838Z         {
2026-09-29T01:29:18.4233036Z           "frame": 13,
2026-09-29T01:29:18.4233247Z           "input_first_cycle": 212521,
2026-09-29T01:29:18.4233492Z           "input_last_cycle": 232392,
2026-09-29T01:29:18.4233735Z           "output_first_cycle": 295522,
2026-09-29T01:29:18.4233981Z           "output_last_cycle": 295578,
2026-09-29T01:29:18.4234244Z           "first_input_to_last_output_cycles": 83057
2026-09-29T01:29:18.4234504Z         }
2026-09-29T01:29:18.4234668Z       ],
2026-09-29T01:29:18.4234853Z       "parallelism_divisor": 4,
2026-09-29T01:29:18.4235100Z       "mode": "kernel",
2026-09-29T01:29:18.4235317Z       "compiler_warnings": [
2026-09-29T01:29:18.4235607Z         "Warning: \"Prelude.bs\", line 2862, column 0: (G0024)",
2026-09-29T01:29:18.4235975Z         "Warning: \"Prelude.bs\", line 2862, column 0: (G0024)",
2026-09-29T01:29:18.4236330Z         "Warning: \"Prelude.bs\", line 2862, column 0: (G0024)",
2026-09-29T01:29:18.4236678Z         "Warning: \"Prelude.bs\", line 586, column 27: (G0024)"
2026-09-29T01:29:18.4236983Z       ],
2026-09-29T01:29:18.4237346Z       "configured_types_sha256": "5921edce99813d9c590c61496721d659a1a4b424bef837024518f2721ec67607"
2026-09-29T01:29:18.4237782Z     }
2026-09-29T01:29:18.4237944Z   ]
2026-09-29T01:29:18.4238113Z }
2026-09-29T01:29:18.4238301Z SWAY_REPORT warm-reset/result.json
2026-09-29T01:29:18.4238543Z {
2026-09-29T01:29:18.4238717Z   "status": "pass",
2026-09-29T01:29:18.4238917Z   "commands": [
2026-09-29T01:29:18.4239097Z     {
2026-09-29T01:29:18.4239261Z       "argv": [
2026-09-29T01:29:18.4239498Z         "/home/runner/work/_temp/sway-tools/bsc/bin/bsc",
2026-09-29T01:29:18.4239791Z         "-verilog",
2026-09-29T01:29:18.4239977Z         "-bdir",
2026-09-29T01:29:18.4240286Z         "/home/runner/work/_temp/sway-verification/warm-reset/snapshot/build",
2026-09-29T01:29:18.4240657Z         "-simdir",
2026-09-29T01:29:18.4240965Z         "/home/runner/work/_temp/sway-verification/warm-reset/snapshot/build",
2026-09-29T01:29:18.4241319Z         "-vdir",
2026-09-29T01:29:18.4241947Z         "/home/runner/work/_temp/sway-verification/warm-reset/snapshot/build",
2026-09-29T01:29:18.4242313Z         "-info-dir",
2026-09-29T01:29:18.4242619Z         "/home/runner/work/_temp/sway-verification/warm-reset/snapshot/build",
2026-09-29T01:29:18.4242997Z         "-p",
2026-09-29T01:29:18.4243192Z         "+:bsv:generated:sim",
2026-09-29T01:29:18.4243414Z         "-u",
2026-09-29T01:29:18.4243604Z         "-show-schedule",
2026-09-29T01:29:18.4243810Z         "-g",
2026-09-29T01:29:18.4244004Z         "mkTbSwayKernel",
2026-09-29T01:29:18.4244226Z         "sim/TbSwayKernel.bsv"
2026-09-29T01:29:18.4244441Z       ],
2026-09-29T01:29:18.4244727Z       "cwd": "/home/runner/work/_temp/sway-verification/warm-reset/snapshot",
2026-09-29T01:29:18.4245200Z       "log": "/home/runner/work/_temp/sway-verification/warm-reset/compile.log",
2026-09-29T01:29:18.4245564Z       "returncode": 0,
2026-09-29T01:29:18.4245909Z       "log_sha256": "84bff40447b1c3d0be58d99bbf0fdf3bf25f121357ea36a482416a7fb9e527e6"
2026-09-29T01:29:18.4246425Z     },
2026-09-29T01:29:18.4246593Z     {
2026-09-29T01:29:18.4246758Z       "argv": [
2026-09-29T01:29:18.4246951Z         "/usr/bin/iverilog",
2026-09-29T01:29:18.4247172Z         "-g2012",
2026-09-29T01:29:18.4247354Z         "-s",
2026-09-29T01:29:18.4247525Z         "main",
2026-09-29T01:29:18.4247699Z         "-y",
2026-09-29T01:29:18.4247985Z         "/home/runner/work/_temp/sway-verification/warm-reset/snapshot/rtl",
2026-09-29T01:29:18.4248333Z         "-y",
2026-09-29T01:29:18.4248567Z         "/home/runner/work/_temp/sway-tools/bsc/lib/Verilog",
2026-09-29T01:29:18.4248859Z         "-I",
2026-09-29T01:29:18.4249086Z         "/home/runner/work/_temp/sway-tools/bsc/lib/Verilog",
2026-09-29T01:29:18.4249373Z         "-o",
2026-09-29T01:29:18.4249707Z         "/home/runner/work/_temp/sway-verification/warm-reset/snapshot/build/warm_reset.vvp",
2026-09-29T01:29:18.4250247Z         "/home/runner/work/_temp/sway-verification/warm-reset/warm_reset_main.v",
2026-09-29T01:29:18.4250792Z         "/home/runner/work/_temp/sway-verification/warm-reset/snapshot/build/mkTbSwayKernel.v"
2026-09-29T01:29:18.4251204Z       ],
2026-09-29T01:29:18.4251816Z       "cwd": "/home/runner/work/_temp/sway-verification/warm-reset/snapshot",
2026-09-29T01:29:18.4252288Z       "log": "/home/runner/work/_temp/sway-verification/warm-reset/link.log",
2026-09-29T01:29:18.4252639Z       "returncode": 0,
2026-09-29T01:29:18.4252984Z       "log_sha256": "e3b0c44298fc1c149afbf4c8996fb92427ae41e4649b934ca495991b7852b855"
2026-09-29T01:29:18.4253493Z     },
2026-09-29T01:29:18.4253756Z     {
2026-09-29T01:29:18.4254024Z       "argv": [
2026-09-29T01:29:18.4254552Z         "/usr/bin/vvp",
2026-09-29T01:29:18.4255022Z         "/home/runner/work/_temp/sway-verification/warm-reset/snapshot/build/warm_reset.vvp"
2026-09-29T01:29:18.4255564Z       ],
2026-09-29T01:29:18.4255997Z       "cwd": "/home/runner/work/_temp/sway-verification/warm-reset/snapshot",
2026-09-29T01:29:18.4256566Z       "log": "/home/runner/work/_temp/sway-verification/warm-reset/simulation.log",
2026-09-29T01:29:18.4257099Z       "returncode": 0,
2026-09-29T01:29:18.4310232Z       "log_sha256": "16e407ded1628b38f8ae09a360267b3b90c602c6860305a34b1821c645fd8f2b"
2026-09-29T01:29:18.4310891Z     }
2026-09-29T01:29:18.4311151Z   ],
2026-09-29T01:29:18.4311682Z   "reset_after_cycles": 40000,
2026-09-29T01:29:18.4312068Z   "reset_hold_cycles": 5,
2026-09-29T01:29:18.4312422Z   "clock_period_ns": 10,
2026-09-29T01:29:18.4313067Z   "evidence": "generated-Verilog simulation (Icarus), active-low reset during in-flight work",
2026-09-29T01:29:18.4313777Z   "source_sha256": {
2026-09-29T01:29:18.4314410Z     "bsv/SwayBaseline.bsv": "a5be30c1bbd2382383edd8dd56c9e193f91d4b04ec7b1915e75f3800e8cce60b",
2026-09-29T01:29:18.4315406Z     "bsv/SwayBlock.bsv": "eea28575bb9ef9220d0415e5661a4f5276c198b4251ea5d00dbf19c7c5bb69ce",
2026-09-29T01:29:18.4316366Z     "bsv/SwayClock.bsv": "0837c9f0c98e67e2b933a3d411342a05e4f15fd36f03ac44f297e871cc652c81",
2026-09-29T01:29:18.4317704Z     "bsv/SwayLinear.bsv": "092a8a3c0cd9e7e67f6e69efbc45ab5f9b06db0bb3ecfc4b90ef8a0270d1d3a8",
2026-09-29T01:29:18.4318721Z     "bsv/SwayMultiply.bsv": "4372d3eae264cb12817051eb6f1795c8e0b7f3eea1b267b7ba4c8174e4b14992",
2026-09-29T01:29:18.4319695Z     "bsv/SwayNorm.bsv": "e6d745634fea68b52e4a3e4cba195d83be1bcc57d57b05a11fd88b2bb440eb5f",
2026-09-29T01:29:18.4320639Z     "bsv/SwayScan.bsv": "2b9d1c22030869a1abffc3ad4fdbff8a468111fa17e136f21bae4c17ee0d275e",
2026-09-29T01:29:18.4321742Z     "bsv/SwayTypes.bsv": "5921edce99813d9c590c61496721d659a1a4b424bef837024518f2721ec67607",
2026-09-29T01:29:18.4322428Z     "generated/GeneratedTestConfig.bsv": "74aee8f80bda41ec1aef155a909cc21a1810e581b330e0dcd43f251e2c06ffa6",
2026-09-29T01:29:18.4323145Z     "generated/SwayParameters.bsv": "a57d31c5bcf3fd406bb099103995a6d6c276c981c2aad92c2d7099ec6f00328d",
2026-09-29T01:29:18.4323831Z     "generated/linear_rom/bank000.hex": "d0468693dd6c57928d8d518f789e14f49a97d5420a3b4b677fb7b986dc4eaa0d",
2026-09-29T01:29:18.4324685Z     "generated/linear_rom/bank001.hex": "95fbc5708f61f410cc83d3e9e1a0509dd2392989f91449260a753758e01b578b",
2026-09-29T01:29:18.4325362Z     "generated/linear_rom/bank002.hex": "d4e7fdedee24697aa5408b744d9b4db370f598a5ac1a81662fde5dd50db18782",
2026-09-29T01:29:18.4326037Z     "generated/linear_rom/bank003.hex": "bf62c7c73bdbb1e02ece9065521cdd5a327ec77498dcf60f7ffd377328309e28",
2026-09-29T01:29:18.4326714Z     "generated/linear_rom/bank004.hex": "069ac39fe120f7eccfb89e4ed1dc6a94fb3565fdfda765c512e8a8ae2770925f",
2026-09-29T01:29:18.4327394Z     "generated/linear_rom/bank005.hex": "f1bfc10824a0d55a1630f130f3d72b37f49ebde45f3d49c915e053ed46e72d23",
2026-09-29T01:29:18.4328076Z     "generated/linear_rom/bank006.hex": "3e98511cb6308d24a382f64f3c8458ccf797dffeb6a804373069e8e2f11f238e",
2026-09-29T01:29:18.4328738Z     "generated/linear_rom/bank007.hex": "add5c27e4bcf36bbf8892e56267d0600afb24d3273db0d0d28653e27b4f6f05f",
2026-09-29T01:29:18.4329405Z     "generated/linear_rom/bank008.hex": "b462510414b4609964f9c942ee38a04c6a2cbc1def0e6e6538550a8acc429c94",
2026-09-29T01:29:18.4330077Z     "generated/linear_rom/bank009.hex": "76d05ef8823d18d0d1a2ba22ca799433a323f44f676e4b020b6acd6f44073530",
2026-09-29T01:29:18.4330742Z     "generated/linear_rom/bank010.hex": "da9bb7105854b941ca6609092c4fda6d62bf157ac8bebb1ac42a98ad2be6aac9",
2026-09-29T01:29:18.4331664Z     "generated/linear_rom/bank011.hex": "41995f3b57b5c37aae4399199708e2f0634e384cdf0f07d6ded6092125507bc1",
2026-09-29T01:29:18.4332357Z     "generated/linear_rom/bank012.hex": "7c08f4aba52d147ff435cba8bc517ebf3a717ff45aacfe9a46966e8f636f61b6",
2026-09-29T01:29:18.4333037Z     "generated/linear_rom/bank013.hex": "81311c0f2c0bcf41ebbf0e8d7b81f93b5d64cf50510ef68e9106dc2f56907391",
2026-09-29T01:29:18.4333719Z     "generated/linear_rom/bank014.hex": "07e139ec3b82817d5afd7feb831e6330aec05ddca4e738430f144bd049abb3fb",
2026-09-29T01:29:18.4334380Z     "generated/linear_rom/bank015.hex": "006c728e22ee72d431a6ac295de5c99321094441e157a36a29c01e944427bdcf",
2026-09-29T01:29:18.4335050Z     "generated/linear_rom/bank016.hex": "e3b2ae310d1e4eca98d50ace38e21a7f2b780db91fc28749bf4da7c557777f05",
2026-09-29T01:29:18.4335716Z     "generated/linear_rom/bank017.hex": "d864d15566a61660d8e29a2c2d0fc603f32e91e0f9240a4af955b2ec964371ac",
2026-09-29T01:29:18.4336371Z     "generated/linear_rom/bank018.hex": "f48d19c250bc3e17c7ecd099b446c7f71e0e4d11997e9320690e5dc7d537b574",
2026-09-29T01:29:18.4337026Z     "generated/linear_rom/bank019.hex": "d1f8b740b2ad284e4dad061f9371c071358251231ee9bc01e4d22cf478d1b151",
2026-09-29T01:29:18.4337688Z     "generated/linear_rom/bank020.hex": "4900124fc8380c182689f14691e0be3384ab06bb13955141ccc1b6e0c5fdf05f",
2026-09-29T01:29:18.4338352Z     "generated/linear_rom/bank021.hex": "aad20d0ab187328d33b1e9ac4eee4fced8dbb8acfe969815d772e8aba86ac05d",
2026-09-29T01:29:18.4339022Z     "generated/linear_rom/bank022.hex": "db3f8a6b17292c486e05859e2b842fd06a4922f8b7f609672a9009a1bb152b33",
2026-09-29T01:29:18.4339826Z     "generated/linear_rom/bank023.hex": "f0cc206aef0ca6fecaa3ec76850515fc7d8450a8f92a78f46571f057c9d63199",
2026-09-29T01:29:18.4340506Z     "generated/linear_rom/bank024.hex": "db3f8a6b17292c486e05859e2b842fd06a4922f8b7f609672a9009a1bb152b33",
2026-09-29T01:29:18.4341170Z     "generated/linear_rom/bank025.hex": "f0cc206aef0ca6fecaa3ec76850515fc7d8450a8f92a78f46571f057c9d63199",
2026-09-29T01:29:18.4342082Z     "generated/linear_rom/bank026.hex": "2a00bed487b115d8cd7a16217487ae3d4e3def97ad18f15d9e42bbd891051286",
2026-09-29T01:29:18.4342789Z     "generated/linear_rom/bank027.hex": "2a00bed487b115d8cd7a16217487ae3d4e3def97ad18f15d9e42bbd891051286",
2026-09-29T01:29:18.4343460Z     "generated/linear_rom/bank028.hex": "a6212d63336db9814fee540f80392f401cc530e2eb0753b06bea834d034c92e7",
2026-09-29T01:29:18.4344122Z     "generated/linear_rom/bank029.hex": "4271c6c7bf974ed0a1fdcebc800edb9942d5c91c9394a64cc7b4a6b499c7ef08",
2026-09-29T01:29:18.4344787Z     "generated/linear_rom/bank030.hex": "3981dc6e301b047659146f63fb3637e848dfaef8fec77d393fb22515badb0067",
2026-09-29T01:29:18.4345595Z     "generated/linear_rom/bank031.hex": "ef589cb0566b42409c4457cc85dc296a9d6c5606b029bce8ff1e9caeff4e98e0",
2026-09-29T01:29:18.4346255Z     "generated/linear_rom/bank032.hex": "b310c95bd9b5b9285a1861b7e2c6ca563f38c708c87cd4885e524d802a88d99b",
2026-09-29T01:29:18.4346924Z     "generated/linear_rom/bank033.hex": "5fa4dbd1dcd83a369a3f5a8d5742ee00b9be9db605e2249cd57fcc51cf7a47cb",
2026-09-29T01:29:18.4347593Z     "generated/linear_rom/bank034.hex": "cc342ac8af4bca5726a7b7d765972277c330c01361acc3d9cae9e1482cbf7ebb",
2026-09-29T01:29:18.4348254Z     "generated/linear_rom/bank035.hex": "802f867b445ef1b094378db552b8e0051cad88ccf46836df97b32d8bb5c39b5a",
2026-09-29T01:29:18.4348916Z     "generated/linear_rom/bank036.hex": "60c2a75728ca7ed010eae01feb789a30fc4d4b0bcd9f1c4b82cec8bc7b9d0df9",
2026-09-29T01:29:18.4349580Z     "generated/linear_rom/bank037.hex": "5312f584d6be3d8a990a5c7506cc9e81a60aa177c7a4e30ff4ab94c9f06f0149",
2026-09-29T01:29:18.4350245Z     "generated/linear_rom/bank038.hex": "94835dbc65c0ac11aaa40554c460c9172c89f635f22b3c6a892955290cd116a7",
2026-09-29T01:29:18.4350906Z     "generated/linear_rom/bank039.hex": "89585f3ec295ab84f42c57884dd3418021e5a53eb7869efeea674b464cb13c7b",
2026-09-29T01:29:18.4351837Z     "generated/linear_rom/bank040.hex": "6e8244da7d59ce92073bf73416533be949b0238dadde9f6ce594444011d11ed7",
2026-09-29T01:29:18.4352510Z     "generated/linear_rom/bank041.hex": "72c40f1d02235c173a4b390c813958286c1da2e0adaec1b40d352326cebc4104",
2026-09-29T01:29:18.4353173Z     "generated/linear_rom/bank042.hex": "836dc993c79051b1318589a7f2e3b2b3adc196723efbbf8acaba039e6b70534a",
2026-09-29T01:29:18.4353823Z     "generated/linear_rom/bank043.hex": "52563fa44dc400399aa913a949eb52e5194995b636d537903201844ff4948738",
2026-09-29T01:29:18.4354474Z     "generated/linear_rom/bank044.hex": "222468fff6c4d02781f99539b313c9fabb52f0c809efceac9a664dd6c6983a42",
2026-09-29T01:29:18.4355138Z     "generated/linear_rom/bank045.hex": "daa7af4c5284c5bb9dba1ff786946696bb86c29806e4a98490a3a6bc3bb17895",
2026-09-29T01:29:18.4355810Z     "generated/linear_rom/bank046.hex": "4f8d6cf2c22c49cae3484a05b2017885458211e2e36f8100f17d6d9ac98368eb",
2026-09-29T01:29:18.4356472Z     "generated/linear_rom/bank047.hex": "b97a677d260699d7eef4309bb8b80a4b8d32e6d98b2280ba68e97859af7aaeea",
2026-09-29T01:29:18.4357135Z     "generated/linear_rom/bank048.hex": "11f582eda0f73cc3413a5b806a0e490800b6fa32d72739b1d664c0a1ea72d173",
2026-09-29T01:29:18.4357799Z     "generated/linear_rom/bank049.hex": "d03ebcbcc54e4ded9130fa5c179ec351a3db8948c547ea0ba568b8254b96f13f",
2026-09-29T01:29:18.4358458Z     "generated/linear_rom/bank050.hex": "1feb4a18ccaa792377f5a8b123372b055745c156461b4557d14a634bee462a38",
2026-09-29T01:29:18.4359112Z     "generated/linear_rom/bank051.hex": "e732ac7ffacfc6568427658c38c2163ea45224de47b2bbdac50523595c51b080",
2026-09-29T01:29:18.4359762Z     "generated/linear_rom/bank052.hex": "389d8678f7063da1b45e914817c016ff6794c48096b21c2402bee4efb80599c8",
2026-09-29T01:29:18.4360559Z     "generated/linear_rom/bank053.hex": "406782c8eedf5fa66b20289bbed13f1bec1d15a8d6870fa84e22861f895f2d86",
2026-09-29T01:29:18.4361243Z     "generated/linear_rom/bank054.hex": "2e46474cb378a7d3d0375c729bc3e4af24657cbe7c039104885a9a688b353637",
2026-09-29T01:29:18.4362162Z     "generated/linear_rom/bank055.hex": "dcde238005c34ba812e113093649ab745dcb54061f53e4e672eb3c1cc8b26a8f",
2026-09-29T01:29:18.4362841Z     "generated/linear_rom/bank056.hex": "fd4d9520d3059cbccc6a9e50bdf20f710ef859955b7df2e5be82b98547d3cdc9",
2026-09-29T01:29:18.4363516Z     "generated/linear_rom/bank057.hex": "485aa0bbf3eb8eb59096d8c47f8bf296d90fb3727703292741a54f9b5c69aeaf",
2026-09-29T01:29:18.4364184Z     "generated/linear_rom/bank058.hex": "2144fe9fe0fa5b0d88c37d2d6a18a6275adae7dacbd7791c1c4ed7e63f5b0e63",
2026-09-29T01:29:18.4364856Z     "generated/linear_rom/bank059.hex": "a75f2dee2a9af8196422aa0cc6aeb26d1632bcfc7ed0403bb7a0e463b1f1a82b",
2026-09-29T01:29:18.4365529Z     "generated/linear_rom/bank060.hex": "94c944f9ccbfb1943df1adbc42b812cfb21e171603b2171f40a791f881a5d0ba",
2026-09-29T01:29:18.4366382Z     "generated/linear_rom/bank061.hex": "09ebf484e3cc3aab912a063fc2216f349c3bacf85cf76fcb31fd729e330aa5f0",
2026-09-29T01:29:18.4367044Z     "generated/linear_rom/bank062.hex": "885b073a3a786046a78b5ed6a955dac71957d5d3e844ba003804fd1839c05850",
2026-09-29T01:29:18.4367700Z     "generated/linear_rom/bank063.hex": "b384259fefad0b04a678932d2586c5f08ecde992c737be568b682c608d14fe87",
2026-09-29T01:29:18.4368358Z     "generated/linear_rom/bank064.hex": "25c41e14e75e823b482eefb0c07d5d77b2fd7bce5667f48e740140cb982ddcf6",
2026-09-29T01:29:18.4369015Z     "generated/linear_rom/bank065.hex": "56a18311ef21b0ea0aca91a7bf1303b948dab4843a21dbb9075d051e5b77147c",
2026-09-29T01:29:18.4369678Z     "generated/linear_rom/bank066.hex": "cb71c82ba15604199d75aaf63cf32ae0f70d0513f59a72ac2ee6cfd7449b4885",
2026-09-29T01:29:18.4370341Z     "generated/linear_rom/bank067.hex": "2a77094317672c57cf81946eee5239f1f7d1f0c30cc942aced87f982ccc1de18",
2026-09-29T01:29:18.4371001Z     "generated/linear_rom/bank068.hex": "4c9b34a45f161910703e8c6722ce3eb17047f644833d47eb39edb04fb7c93618",
2026-09-29T01:29:18.4371940Z     "generated/linear_rom/bank069.hex": "155e3baa3fb552bf29e6b7f3d1f1c02f9678ca5f410fcf85f749d9e791a01b01",
2026-09-29T01:29:18.4372612Z     "generated/linear_rom/bank070.hex": "72f808b43b75c6c5dcb5098fe2a650ae3f3575358c3a330f7876baebd36402af",
2026-09-29T01:29:18.4373268Z     "generated/linear_rom/bank071.hex": "e7316ca56d611a5d2ae964946f8ea561900f996b35339766460850076ec09b1c",
2026-09-29T01:29:18.4373918Z     "generated/linear_rom/bank072.hex": "1b17834571dea90f0412ce7a80a67fac670712bb7261fbbcbf32728b7154a08a",
2026-09-29T01:29:18.4374568Z     "generated/linear_rom/bank073.hex": "e7316ca56d611a5d2ae964946f8ea561900f996b35339766460850076ec09b1c",
2026-09-29T01:29:18.4375224Z     "generated/linear_rom/bank074.hex": "1b17834571dea90f0412ce7a80a67fac670712bb7261fbbcbf32728b7154a08a",
2026-09-29T01:29:18.4375882Z     "generated/linear_rom/bank075.hex": "2a00bed487b115d8cd7a16217487ae3d4e3def97ad18f15d9e42bbd891051286",
2026-09-29T01:29:18.4376559Z     "generated/linear_rom/bank076.hex": "2a00bed487b115d8cd7a16217487ae3d4e3def97ad18f15d9e42bbd891051286",
2026-09-29T01:29:18.4377219Z     "generated/linear_rom/bank077.hex": "a1fddda3605e9632a3b5819bd783285f78b54d706d52cf2d3290812aa0035e65",
2026-09-29T01:29:18.4377890Z     "generated/linear_rom/bank078.hex": "9aeaab13eb0b5dc3d7898c58f89b2df5fa7ebc01d70e65d7ea90dd5b54edcddd",
2026-09-29T01:29:18.4378566Z     "generated/linear_rom/bank079.hex": "153ab8bf480c05e529f5b07335e2b90661c8ab9aef93402b4dd64ed9fd0d6848",
2026-09-29T01:29:18.4379231Z     "generated/linear_rom/bank080.hex": "c72aaec677aaec60c159872cc85357cda7756dc1d5d832f567cb684fd4e0e18e",
2026-09-29T01:29:18.4379897Z     "generated/linear_rom/bank081.hex": "1b135178c807c25e28e24d5a0db9e2e58a2e7987174e06e88bfbfb1764ab1f72",
2026-09-29T01:29:18.4380556Z     "generated/linear_rom/bank082.hex": "734ea2b4ac187f31c27f368a656ad8a2ba8b98d940988ac8cd644075c759400f",
2026-09-29T01:29:18.4381342Z     "generated/linear_rom/bank083.hex": "8e078a6d810b55b2a189f2667489ae2e09f319a57d1c0a6a05b1a9c9d1675971",
2026-09-29T01:29:18.4382224Z     "generated/linear_rom/bank084.hex": "412c345de5b17f0e8e98de099df94329ca43ac757c4b877b5df8c8e39885874d",
2026-09-29T01:29:18.4382881Z     "generated/linear_rom/bank085.hex": "e11b96a1b844d94b812b624d0eefed4f7b596a326911f8e291f03101bc0804d1",
2026-09-29T01:29:18.4383538Z     "generated/linear_rom/bank086.hex": "9dcaed41f52b5e691f42905ab15d69436e419159509792c1b7b5c48b49275c2f",
2026-09-29T01:29:18.4384195Z     "generated/linear_rom/bank087.hex": "d99a1aae53b9e0784086570640755fbada5d394b470da99c200ddc81f0663cf2",
2026-09-29T01:29:18.4384853Z     "generated/linear_rom/bank088.hex": "706cdf92f006eb769c424c8905813dca18d550ea294c7a48d4187b8a975ddcef",
2026-09-29T01:29:18.4385507Z     "generated/linear_rom/bank089.hex": "7d3e691de3e854567b602d9654c3c42574ca229b8a5acf6fdf25e2ae2232c061",
2026-09-29T01:29:18.4386176Z     "generated/linear_rom/bank090.hex": "64a2d56afbdc8bdf5ae1e7bd3dcff0c4a01a66b6acd796e28fb9f1640e07092c",
2026-09-29T01:29:18.4386986Z     "generated/linear_rom/bank091.hex": "9080ed6e4f557248c16f7d95ea606b77fee2e96b4f4115ecfc2c5fe226e12759",
2026-09-29T01:29:18.4387643Z     "generated/linear_rom/bank092.hex": "138805f24b37b0d8d13675215751f4bf78d9fdfa1fea639103f5f86d9d0f147d",
2026-09-29T01:29:18.4388292Z     "generated/linear_rom/bank093.hex": "020e4417021a6923c130c2aaed726c34792dae97f5f3ca27242eb5fd7dcf139b",
2026-09-29T01:29:18.4388940Z     "generated/linear_rom/bank094.hex": "31b2af35cd85fe9513d688721774b27a278ce37378d8f1990b5a4ec4291e0a7d",
2026-09-29T01:29:18.4389599Z     "generated/linear_rom/bank095.hex": "3dd0b582ffb50235e1a4ae86a23c6083785d8596df3921cf5699e7d38b6f0fb5",
2026-09-29T01:29:18.4390265Z     "generated/linear_rom/bank096.hex": "a5226dfedd470d78a90e5ed6516df08ff9a73d0acde75a2446a777a994e9dd02",
2026-09-29T01:29:18.4390932Z     "generated/linear_rom/bank097.hex": "acde26890a168beabc7eb5b427d49c15cb374e95ce3b1ad4f3a53e4611f4a38e",
2026-09-29T01:29:18.4391805Z     "generated/linear_rom/bank098.hex": "09400e6a9dd6a04159dbeda5092568a30cd42dac7e26174fca7721b2159ce3da",
2026-09-29T01:29:18.4392463Z     "generated/linear_rom/bank099.hex": "4360d9483903ebc165ebc2603555b6dd2274bfb86f8b8d4850730ff97eef209a",
2026-09-29T01:29:18.4393127Z     "generated/linear_rom/bank100.hex": "6a91f844ab33ee190ba2c9d26f4ed6ebc5e673a88aa84b3ae8e71ff9dbe4d5b7",
2026-09-29T01:29:18.4393797Z     "generated/linear_rom/bank101.hex": "ce8369a6606382ed3fb5b1426fa6b300a021a20cda43fee474a00b001f346dc0",
2026-09-29T01:29:18.4394454Z     "generated/linear_rom/bank102.hex": "85cb40943bb722a126a682d08e6b4637569dce59bc1a94df4cda6c1d2cc6e5c5",
2026-09-29T01:29:18.4395109Z     "generated/linear_rom/bank103.hex": "fa4f89692dde83c092b1cab1754c0851961fce7b604dd4250bb49b6b734c89d2",
2026-09-29T01:29:18.4395766Z     "generated/linear_rom/bank104.hex": "66a5d317a5c23c5cd28a90e9d54c5becb68c24e851c79c541c6d9b8366d148fd",
2026-09-29T01:29:18.4396427Z     "generated/linear_rom/bank105.hex": "a7c84972ec443d3e210abc209e7103c028f0006cd729f60e82a3daf7b12757bd",
2026-09-29T01:29:18.4397079Z     "generated/linear_rom/bank106.hex": "162ba567595371122db221d54512f499dcd18655a5f361b6a15b2e821361381b",
2026-09-29T01:29:18.4397719Z     "generated/linear_rom/bank107.hex": "863d7e0310f3e5d2b2069b8c5a5e3449551cf1a4c8d9b4ef695af808163058ce",
2026-09-29T01:29:18.4398378Z     "generated/linear_rom/bank108.hex": "ee0fca6144ea4a9a954dc0e277ee44676636505d5a1da58d244ab7ec719ef08a",
2026-09-29T01:29:18.4399036Z     "generated/linear_rom/bank109.hex": "9505fbcdb27370172651cf0c0e7c0f06b6de4efd22f486044c18a9c0b3f17daa",
2026-09-29T01:29:18.4399692Z     "generated/linear_rom/bank110.hex": "91c09f964f214ce950d7803686a155a2e136fdb5c3d2d487ba6a906d3a80e974",
2026-09-29T01:29:18.4400353Z     "generated/linear_rom/bank111.hex": "4fbcb1f2cddc67e2990ae244b4db542db2611c099e3cda83d49c7201e1259196",
2026-09-29T01:29:18.4401021Z     "generated/linear_rom/bank112.hex": "ea5ec338c84612fb5b0d1a6a4c0ff4f17acf5c58542f5587ecf6e1849e616045",
2026-09-29T01:29:18.4402167Z     "generated/linear_rom/bank113.hex": "aacb32ffcea1c804e3b30045df8b88feeda6128240d5b1de21f91dee2bda93a7",
2026-09-29T01:29:18.4402857Z     "generated/linear_rom/bank114.hex": "b713eb4614368b28e117ec5c8bdc1ffd1cb990255be497fe2f924526816b89d3",
2026-09-29T01:29:18.4403524Z     "generated/linear_rom/bank115.hex": "2a772fd8596a6df82a8ed107ed63d60b1476f1bb5cb0ae51c30557827ee440cf",
2026-09-29T01:29:18.4404179Z     "generated/linear_rom/bank116.hex": "9a302701679ada8437d61639b89c664bf2bfeb5e19c4f057550e4e5d61966b0b",
2026-09-29T01:29:18.4404831Z     "generated/linear_rom/bank117.hex": "728c5c6983475fef32379a1663fd0ab4a4ac9176dc4fe3aaf4863185f269876f",
2026-09-29T01:29:18.4405489Z     "generated/linear_rom/bank118.hex": "b500a68eb55a37dca42b811ef8388d1e8dcd1c85cc166047d7521ecf80513926",
2026-09-29T01:29:18.4406150Z     "generated/test_expected.hex": "f47029ab9b036f15f2eda3ee53451d524d54b4c35df49d6737513d8362e15158",
2026-09-29T01:29:18.4406792Z     "generated/test_input.hex": "0d4c15face2920f62ebfd43363ed027e36943abd3377d2fd234eacbebc7fe59a",
2026-09-29T01:29:18.4407557Z     "reference/check_refactor.py": "95632df2fcabbac0f9459096e4f69b7453198f49cb6d770fa79ce4f6a0199169",
2026-09-29T01:29:18.4408188Z     "reference/check_sim.py": "bc4afcf865ade4878f69a0d27f3a1da347ea31d226983370ca1a76152638df36",
2026-09-29T01:29:18.4408825Z     "reference/check_warm_reset.py": "acf756f361a5bbe6b9ee74f6f05fc275a135a20b2086c19f1af0e8a52073471c",
2026-09-29T01:29:18.4409432Z     "rtl/BRAM1Load.v": "9f0ea8d784d9865b4c6c5a97ff20f1689c5b963072a98b9c975870d903091fa4",
2026-09-29T01:29:18.4410017Z     "rtl/sway_mult18x18d.v": "5e7a8be0f9cfce25f7b9546140fae909a09b2c7f0cb90fb6d27f5800a146ad30",
2026-09-29T01:29:18.4410597Z     "sim/TbSway.bsv": "8bc228c8fcb5933c40c19bdd70e7ae2dd8411d80c6ba1c2d0fd3d75f3a98c1d5",
2026-09-29T01:29:18.4411182Z     "sim/TbSwayKernel.bsv": "d2876467c1191ff993170eec4a9e2ffa3b46fab900728c097fcfb063bfe3603e"
2026-09-29T01:29:18.4411869Z   },
2026-09-29T01:29:18.4412040Z   "tools": {
2026-09-29T01:29:18.4412302Z     "bsc": "/home/runner/work/_temp/sway-tools/bsc/bin/bsc",
2026-09-29T01:29:18.4412619Z     "iverilog": "/usr/bin/iverilog",
2026-09-29T01:29:18.4412868Z     "vvp": "/usr/bin/vvp",
2026-09-29T01:29:18.4413079Z     "ivl_dir": null,
2026-09-29T01:29:18.4413853Z     "bsc_version": "Bluespec Compiler, version 2026.01 (build 9bd39e6f)\nThis is free software; for source code and copying conditions, see\nhttps://github.com/B-Lang-org/bsc\n\nInvoking command line:\nbsc -v",
2026-09-29T01:29:18.4414660Z     "bsc_version_returncode": 0,
2026-09-29T01:29:18.4425886Z     "iverilog_version": "Icarus Verilog version 12.0 (stable) ()\n\nCopyright (c) 2000-2021 Stephen Williams (steve@icarus.com)\n\n  This program is free software; you can redistribute it and/or modify\n  it under the terms of the GNU General Public License as published by\n  the Free Software Foundation; either version 2 of the License, or\n  (at your option) any later version.\n\n  This program is distributed in the hope that it will be useful,\n  but WITHOUT ANY WARRANTY; without even the implied warranty of\n  MERCHANTABILITY or FITNESS FOR A PARTICULAR PURPOSE.  See the\n  GNU General Public License for more details.\n\n  You should have received a copy of the GNU General Public License along\n  with this program; if not, write to the Free Software Foundation, Inc.,\n  51 Franklin Street, Fifth Floor, Boston, MA 02110-1301, USA.\n\nIcarus Verilog Preprocessor version 12.0 (stable) ()\n\nCopyright (c) 1999-2021 Stephen Williams (steve@icarus.com)\n\n  This program is free software; you can redistribute it and/or modify\n  it under the terms of the GNU General Public License as published by\n  the Free Software Foundation; either version 2 of the License, or\n  (at your option) any later version.\n\n  This program is distributed in the hope that it will be useful,\n  but WITHOUT ANY WARRANTY; without even the implied warranty of\n  MERCHANTABILITY or FITNESS FOR A PARTICULAR PURPOSE.  See the\n  GNU General Public License for more details.\n\n  You should have received a copy of the GNU General Public License along\n  with this program; if not, write to the Free Software Foundation, Inc.,\n  51 Franklin Street, Fifth Floor, Boston, MA 02110-1301, USA.\n\nIcarus Verilog Parser/Elaborator version 12.0 (stable) ()\n\nCopyright (c) 1998-2021 Stephen Williams (steve@icarus.com)\n\n  This program is free software; you can redistribute it and/or modify\n  it under the terms of the GNU General Public License as published by\n  the Free Software Foundation; either version 2 of the License, or\n  (at your option) any later version.\n\n  This program is distributed in the hope that it will be useful,\n  but WITHOUT ANY WARRANTY; without even the implied warranty of\n  MERCHANTABILITY or FITNESS FOR A PARTICULAR PURPOSE.  See the\n  GNU General Public License for more details.\n\n  You should have received a copy of the GNU General Public License along\n  with this program; if not, write to the Free Software Foundation, Inc.,\n  51 Franklin Street, Fifth Floor, Boston, MA 02110-1301, USA.\n\n FLAGS DLL vvp.tgt\nvvp.tgt: Icarus Verilog VVP Code Generator 12.0 (stable) ()\n\nCopyright (c) 2001-2021 Stephen Williams (steve@icarus.com)\n\n  This program is free software; you can redistribute it and/or modify\n  it under the terms of the GNU General Public License as published by\n  the Free Software Foundation; either version 2 of the License, or\n  (at your option) any later version.\n\n  This program is distributed in the hope that it will be useful,\n  but WITHOUT ANY WARRANTY; without even the implied warranty of\n  MERCHANTABILITY or FITNESS FOR A PARTICULAR PURPOSE.  See the\n  GNU General Public License for more details.\n\n  You should have received a copy of the GNU General Public License along\n  with this program; if not, write to the Free Software Foundation, Inc.,\n  51 Franklin Street, Fifth Floor, Boston, MA 02110-1301, USA.",
2026-09-29T01:29:18.4437204Z     "iverilog_version_returncode": 0,
2026-09-29T01:29:18.4439986Z     "vvp_version": "Icarus Verilog runtime version 12.0 (stable) ()\n\nCopyright (c) 2001-2021 Stephen Williams (steve@icarus.com)\n\n  This program is free software; you can redistribute it and/or modify\n  it under the terms of the GNU General Public License as published by\n  the Free Software Foundation; either version 2 of the License, or\n  (at your option) any later version.\n\n  This program is distributed in the hope that it will be useful,\n  but WITHOUT ANY WARRANTY; without even the implied warranty of\n  MERCHANTABILITY or FITNESS FOR A PARTICULAR PURPOSE.  See the\n  GNU General Public License for more details.\n\n  You should have received a copy of the GNU General Public License along\n  with this program; if not, write to the Free Software Foundation, Inc.,\n  51 Franklin Street, Fifth Floor, Boston, MA 02110-1301, USA.",
2026-09-29T01:29:18.4443015Z     "vvp_version_returncode": 0
2026-09-29T01:29:18.4443243Z   },
2026-09-29T01:29:18.4443564Z   "wrapper_sha256": "5d023783d531f8c7f071b564d4e081912171b75d5fd870ed9b19d421f704c03f",
2026-09-29T01:29:18.4443998Z   "compiler_warnings": [
2026-09-29T01:29:18.4444269Z     "Warning: \"Prelude.bs\", line 2862, column 0: (G0024)",
2026-09-29T01:29:18.4444613Z     "Warning: \"Prelude.bs\", line 2862, column 0: (G0024)",
2026-09-29T01:29:18.4444954Z     "Warning: \"Prelude.bs\", line 2862, column 0: (G0024)",
2026-09-29T01:29:18.4445298Z     "Warning: \"Prelude.bs\", line 586, column 27: (G0024)"
2026-09-29T01:29:18.4445579Z   ],
2026-09-29T01:29:18.4445744Z   "before_reset": {
2026-09-29T01:29:18.4445948Z     "input_words_accepted": 1312,
2026-09-29T01:29:18.4446190Z     "outputs_received": 57,
2026-09-29T01:29:18.4446400Z     "cycle": 40000,
2026-09-29T01:29:18.4446597Z     "in_flight_work_confirmed": true
2026-09-29T01:29:18.4446829Z   },
2026-09-29T01:29:18.4446992Z   "post_reset": {
2026-09-29T01:29:18.4447183Z     "status": "pass",
2026-09-29T01:29:18.4447436Z     "evidence": "generated-Verilog simulation (Icarus)",
2026-09-29T01:29:18.4447734Z     "frames_checked": 14,
2026-09-29T01:29:18.4447959Z     "scalar_outputs_checked": 798,
2026-09-29T01:29:18.4448341Z     "input_words": 4480,
2026-09-29T01:29:18.4448559Z     "finish_cycle": 297627,
2026-09-29T01:29:18.4448791Z     "post_completion_drain_cycles": 2048,
2026-09-29T01:29:18.4449062Z     "source_bubbles": "none inserted",
2026-09-29T01:29:18.4449313Z     "sink_stalls": "none inserted",
2026-09-29T01:29:18.4449755Z     "timing_scope": "kernel interface cycles; excludes UART, physical timing and post-completion drain",
2026-09-29T01:29:18.4450237Z     "output_frame_start_intervals_cycles": [
2026-09-29T01:29:18.4450497Z       19872,
2026-09-29T01:29:18.4450662Z       19872,
2026-09-29T01:29:18.4450824Z       19872,
2026-09-29T01:29:18.4450984Z       19872,
2026-09-29T01:29:18.4451145Z       19872,
2026-09-29T01:29:18.4451305Z       19872,
2026-09-29T01:29:18.4451714Z       19872,
2026-09-29T01:29:18.4451882Z       19872,
2026-09-29T01:29:18.4452041Z       19872,
2026-09-29T01:29:18.4452201Z       19872,
2026-09-29T01:29:18.4452361Z       19872,
2026-09-29T01:29:18.4452662Z       19872,
2026-09-29T01:29:18.4452827Z       19872
2026-09-29T01:29:18.4452996Z     ],
2026-09-29T01:29:18.4453209Z     "repeated_frame_pairs_checked": [
2026-09-29T01:29:18.4453445Z       [
2026-09-29T01:29:18.4453602Z         0,
2026-09-29T01:29:18.4453767Z         12
2026-09-29T01:29:18.4453925Z       ],
2026-09-29T01:29:18.4454085Z       [
2026-09-29T01:29:18.4454243Z         0,
2026-09-29T01:29:18.4454402Z         13
2026-09-29T01:29:18.4454562Z       ]
2026-09-29T01:29:18.4454719Z     ],
2026-09-29T01:29:18.4455039Z     "input_sha256": "0d4c15face2920f62ebfd43363ed027e36943abd3377d2fd234eacbebc7fe59a",
2026-09-29T01:29:18.4455614Z     "expected_sha256": "f47029ab9b036f15f2eda3ee53451d524d54b4c35df49d6737513d8362e15158",
2026-09-29T01:29:18.4456162Z     "log_sha256": "d9120023deb46a7f4522fb327fa0fa88c1a9fba2d5e6bd2df920c0740b1903c4",
2026-09-29T01:29:18.4456551Z     "frames": [
2026-09-29T01:29:18.4456729Z       {
2026-09-29T01:29:18.4456891Z         "frame": 0,
2026-09-29T01:29:18.4457100Z         "input_first_cycle": 0,
2026-09-29T01:29:18.4457330Z         "input_last_cycle": 319,
2026-09-29T01:29:18.4457565Z         "output_first_cycle": 37186,
2026-09-29T01:29:18.4457808Z         "output_last_cycle": 37242,
2026-09-29T01:29:18.4458072Z         "first_input_to_last_output_cycles": 37242
2026-09-29T01:29:18.4458341Z       },
2026-09-29T01:29:18.4458502Z       {
2026-09-29T01:29:18.4458663Z         "frame": 1,
2026-09-29T01:29:18.4458858Z         "input_first_cycle": 320,
2026-09-29T01:29:18.4459090Z         "input_last_cycle": 639,
2026-09-29T01:29:18.4459321Z         "output_first_cycle": 57058,
2026-09-29T01:29:18.4459561Z         "output_last_cycle": 57114,
2026-09-29T01:29:18.4459819Z         "first_input_to_last_output_cycles": 56794
2026-09-29T01:29:18.4460077Z       },
2026-09-29T01:29:18.4460236Z       {
2026-09-29T01:29:18.4460396Z         "frame": 2,
2026-09-29T01:29:18.4460585Z         "input_first_cycle": 640,
2026-09-29T01:29:18.4460824Z         "input_last_cycle": 13800,
2026-09-29T01:29:18.4461071Z         "output_first_cycle": 76930,
2026-09-29T01:29:18.4461308Z         "output_last_cycle": 76986,
2026-09-29T01:29:18.4461778Z         "first_input_to_last_output_cycles": 76346
2026-09-29T01:29:18.4462042Z       },
2026-09-29T01:29:18.4462201Z       {
2026-09-29T01:29:18.4462361Z         "frame": 3,
2026-09-29T01:29:18.4462563Z         "input_first_cycle": 13801,
2026-09-29T01:29:18.4462821Z         "input_last_cycle": 33672,
2026-09-29T01:29:18.4463068Z         "output_first_cycle": 96802,
2026-09-29T01:29:18.4463313Z         "output_last_cycle": 96858,
2026-09-29T01:29:18.4463584Z         "first_input_to_last_output_cycles": 83057
2026-09-29T01:29:18.4463850Z       },
2026-09-29T01:29:18.4464012Z       {
2026-09-29T01:29:18.4464178Z         "frame": 4,
2026-09-29T01:29:18.4464373Z         "input_first_cycle": 33673,
2026-09-29T01:29:18.4464609Z         "input_last_cycle": 53544,
2026-09-29T01:29:18.4464848Z         "output_first_cycle": 116674,
2026-09-29T01:29:18.4465235Z         "output_last_cycle": 116730,
2026-09-29T01:29:18.4465506Z         "first_input_to_last_output_cycles": 83057
2026-09-29T01:29:18.4465766Z       },
2026-09-29T01:29:18.4465927Z       {
2026-09-29T01:29:18.4466094Z         "frame": 5,
2026-09-29T01:29:18.4466287Z         "input_first_cycle": 53545,
2026-09-29T01:29:18.4466523Z         "input_last_cycle": 73416,
2026-09-29T01:29:18.4466760Z         "output_first_cycle": 136546,
2026-09-29T01:29:18.4467003Z         "output_last_cycle": 136602,
2026-09-29T01:29:18.4467263Z         "first_input_to_last_output_cycles": 83057
2026-09-29T01:29:18.4467517Z       },
2026-09-29T01:29:18.4467677Z       {
2026-09-29T01:29:18.4467837Z         "frame": 6,
2026-09-29T01:29:18.4468028Z         "input_first_cycle": 73417,
2026-09-29T01:29:18.4468261Z         "input_last_cycle": 93288,
2026-09-29T01:29:18.4468501Z         "output_first_cycle": 156418,
2026-09-29T01:29:18.4468741Z         "output_last_cycle": 156474,
2026-09-29T01:29:18.4468996Z         "first_input_to_last_output_cycles": 83057
2026-09-29T01:29:18.4469426Z       },
2026-09-29T01:29:18.4469585Z       {
2026-09-29T01:29:18.4469745Z         "frame": 7,
2026-09-29T01:29:18.4469935Z         "input_first_cycle": 93289,
2026-09-29T01:29:18.4470166Z         "input_last_cycle": 113160,
2026-09-29T01:29:18.4470399Z         "output_first_cycle": 176290,
2026-09-29T01:29:18.4470636Z         "output_last_cycle": 176346,
2026-09-29T01:29:18.4470892Z         "first_input_to_last_output_cycles": 83057
2026-09-29T01:29:18.4471152Z       },
2026-09-29T01:29:18.4471310Z       {
2026-09-29T01:29:18.4471694Z         "frame": 8,
2026-09-29T01:29:18.4471890Z         "input_first_cycle": 113161,
2026-09-29T01:29:18.4472126Z         "input_last_cycle": 133032,
2026-09-29T01:29:18.4472365Z         "output_first_cycle": 196162,
2026-09-29T01:29:18.4472605Z         "output_last_cycle": 196218,
2026-09-29T01:29:18.4472861Z         "first_input_to_last_output_cycles": 83057
2026-09-29T01:29:18.4473118Z       },
2026-09-29T01:29:18.4473283Z       {
2026-09-29T01:29:18.4473449Z         "frame": 9,
2026-09-29T01:29:18.4473640Z         "input_first_cycle": 133033,
2026-09-29T01:29:18.4473881Z         "input_last_cycle": 152904,
2026-09-29T01:29:18.4474117Z         "output_first_cycle": 216034,
2026-09-29T01:29:18.4474356Z         "output_last_cycle": 216090,
2026-09-29T01:29:18.4474609Z         "first_input_to_last_output_cycles": 83057
2026-09-29T01:29:18.4474863Z       },
2026-09-29T01:29:18.4475027Z       {
2026-09-29T01:29:18.4475214Z         "frame": 10,
2026-09-29T01:29:18.4475415Z         "input_first_cycle": 152905,
2026-09-29T01:29:18.4475651Z         "input_last_cycle": 172776,
2026-09-29T01:29:18.4475890Z         "output_first_cycle": 235906,
2026-09-29T01:29:18.4476128Z         "output_last_cycle": 235962,
2026-09-29T01:29:18.4476389Z         "first_input_to_last_output_cycles": 83057
2026-09-29T01:29:18.4476652Z       },
2026-09-29T01:29:18.4476816Z       {
2026-09-29T01:29:18.4476979Z         "frame": 11,
2026-09-29T01:29:18.4477194Z         "input_first_cycle": 172777,
2026-09-29T01:29:18.4477438Z         "input_last_cycle": 192648,
2026-09-29T01:29:18.4477677Z         "output_first_cycle": 255778,
2026-09-29T01:29:18.4477919Z         "output_last_cycle": 255834,
2026-09-29T01:29:18.4478175Z         "first_input_to_last_output_cycles": 83057
2026-09-29T01:29:18.4478427Z       },
2026-09-29T01:29:18.4478586Z       {
2026-09-29T01:29:18.4478754Z         "frame": 12,
2026-09-29T01:29:18.4478948Z         "input_first_cycle": 192649,
2026-09-29T01:29:18.4479182Z         "input_last_cycle": 212520,
2026-09-29T01:29:18.4479416Z         "output_first_cycle": 275650,
2026-09-29T01:29:18.4479659Z         "output_last_cycle": 275706,
2026-09-29T01:29:18.4479910Z         "first_input_to_last_output_cycles": 83057
2026-09-29T01:29:18.4480164Z       },
2026-09-29T01:29:18.4480319Z       {
2026-09-29T01:29:18.4480481Z         "frame": 13,
2026-09-29T01:29:18.4480677Z         "input_first_cycle": 212521,
2026-09-29T01:29:18.4480918Z         "input_last_cycle": 232392,
2026-09-29T01:29:18.4481286Z         "output_first_cycle": 295522,
2026-09-29T01:29:18.4481797Z         "output_last_cycle": 295578,
2026-09-29T01:29:18.4482062Z         "first_input_to_last_output_cycles": 83057
2026-09-29T01:29:18.4482320Z       }
2026-09-29T01:29:18.4482477Z     ]
2026-09-29T01:29:18.4482645Z   },
2026-09-29T01:29:18.4482819Z   "source_unchanged": true
2026-09-29T01:29:18.4483035Z }
2026-09-29T01:29:18.4556828Z ##[group]Run actions/upload-artifact@ea165f8d65b6e75b540449e92b4886f43607fa02
2026-09-29T01:29:18.4557260Z with:
2026-09-29T01:29:18.4557617Z   name: baseline-functional-divisor-4-80fbfe4cdb635606c394f435b28c1102c9de5829
2026-09-29T01:29:18.4558079Z   path: /home/runner/work/_temp/sway-verification/
2026-09-29T01:29:18.4558385Z   if-no-files-found: warn
2026-09-29T01:29:18.4558617Z   compression-level: 6
2026-09-29T01:29:18.4558837Z   overwrite: false
2026-09-29T01:29:18.4559053Z   include-hidden-files: false
2026-09-29T01:29:18.4559291Z ##[endgroup]
2026-09-29T01:29:18.6399216Z (node:3200) [DEP0040] DeprecationWarning: The `punycode` module is deprecated. Please use a userland alternative instead.
2026-09-29T01:29:18.6399942Z (Use `node --trace-deprecation ...` to show where the warning was created)
2026-09-29T01:29:18.6888536Z With the provided path, there will be 192 files uploaded
2026-09-29T01:29:18.6889646Z Artifact name is valid!
2026-09-29T01:29:18.6890250Z Root directory input is valid!
2026-09-29T01:29:18.9102257Z Beginning upload of artifact content to blob storage
2026-09-29T01:29:19.4164907Z (node:3200) [DEP0169] DeprecationWarning: `url.parse()` behavior is not standardized and prone to errors that have security implications. Use the WHATWG URL API instead. CVEs are not issued for `url.parse()` vulnerabilities.
2026-09-29T01:29:19.5670756Z Uploaded bytes 2972726
2026-09-29T01:29:19.5807191Z Finished uploading artifact content to blob storage!
2026-09-29T01:29:19.5808052Z SHA256 digest of uploaded artifact zip is e8afaa99335c0c3334aaf19ca24ebee68e1386ffec38b5216161e5259eb26586
2026-09-29T01:29:19.5809885Z Finalizing artifact upload
2026-09-29T01:29:19.7727868Z Artifact baseline-functional-divisor-4-80fbfe4cdb635606c394f435b28c1102c9de5829.zip successfully finalized. Artifact ID 11007882953
2026-09-29T01:29:19.7730091Z Artifact baseline-functional-divisor-4-80fbfe4cdb635606c394f435b28c1102c9de5829 has been successfully uploaded! Final size is 2972726 bytes. Artifact ID is 11007882953
2026-09-29T01:29:19.7735349Z Artifact download URL: https://github.com/SeMinLim/sway/actions/runs/36506484774/artifacts/11007882953
2026-09-29T01:29:19.7980088Z Post job cleanup.
2026-09-29T01:29:19.8875013Z [command]/usr/bin/git version
2026-09-29T01:29:19.8923589Z git version 2.55.0
2026-09-29T01:29:19.8966882Z Temporarily overriding HOME='/home/runner/work/_temp/41b1d16c-1ae2-4dc2-b331-6e0ffe3f91c7' before making global git config changes
2026-09-29T01:29:19.8968529Z Adding repository directory to the temporary git global config as a safe directory
2026-09-29T01:29:19.8973420Z [command]/usr/bin/git config --global --add safe.directory /home/runner/work/sway/sway
2026-09-29T01:29:19.9019982Z [command]/usr/bin/git config --local --name-only --get-regexp core\.sshCommand
2026-09-29T01:29:19.9059432Z [command]/usr/bin/git submodule foreach --recursive sh -c "git config --local --name-only --get-regexp 'core\.sshCommand' && git config --local --unset-all 'core.sshCommand' || :"
2026-09-29T01:29:19.9334119Z [command]/usr/bin/git config --local --name-only --get-regexp http\.https\:\/\/github\.com\/\.extraheader
2026-09-29T01:29:19.9378294Z [command]/usr/bin/git submodule foreach --recursive sh -c "git config --local --name-only --get-regexp 'http\.https\:\/\/github\.com\/\.extraheader' && git config --local --unset-all 'http.https://github.com/.extraheader' || :"
2026-09-29T01:29:19.9656372Z [command]/usr/bin/git config --local --name-only --get-regexp ^includeIf\.gitdir:
2026-09-29T01:29:19.9698932Z [command]/usr/bin/git submodule foreach --recursive git config --local --show-origin --name-only --get-regexp remote.origin.url
2026-09-29T01:29:20.0145513Z Cleaning up orphan processes
2026-09-29T01:29:20.0482325Z ##[warning]Node.js 20 is deprecated. The following actions target Node.js 20 but are being forced to run on Node.js 24: actions/checkout@11d5960a326750d5838078e36cf38b85af677262, actions/upload-artifact@ea165f8d65b6e75b540449e92b4886f43607fa02. For more information see: https://github.blog/changelog/2025-09-19-deprecation-of-node-20-on-github-actions-runners/
