2026-09-29T01:08:42.4801894Z Current runner version: '2.337.0'
2026-09-29T01:08:42.4838185Z ##[group]Runner Image Provisioner
2026-09-29T01:08:42.4839504Z Hosted Compute Agent
2026-09-29T01:08:42.4840504Z Version: 20260828.587
2026-09-29T01:08:42.4841431Z Commit: abac92662cab4cc7352de4f9f9d2e2419aad9c29
2026-09-29T01:08:42.4842213Z Build Date: 2026-08-28T16:44:25Z
2026-09-29T01:08:42.4842998Z Worker ID: {f320f4db-37ae-40e8-96f1-2950fd38b22a}
2026-09-29T01:08:42.4843782Z Azure Region: centralus
2026-09-29T01:08:42.4844468Z ##[endgroup]
2026-09-29T01:08:42.4846144Z ##[group]Operating System
2026-09-29T01:08:42.4846804Z Ubuntu
2026-09-29T01:08:42.4847445Z 24.04.5
2026-09-29T01:08:42.4848034Z LTS
2026-09-29T01:08:42.4848561Z ##[endgroup]
2026-09-29T01:08:42.4849210Z ##[group]Runner Image
2026-09-29T01:08:42.4849830Z Image: ubuntu-24.04
2026-09-29T01:08:42.4850829Z Version: 20260920.314.1
2026-09-29T01:08:42.4852214Z Included Software: https://github.com/actions/runner-images/blob/ubuntu24/20260920.314/images/ubuntu/Ubuntu2404-Readme.md
2026-09-29T01:08:42.4853835Z Image Release: https://github.com/actions/runner-images/releases/tag/ubuntu24%2F20260920.314
2026-09-29T01:08:42.4854833Z ##[endgroup]
2026-09-29T01:08:42.4856265Z ##[group]GITHUB_TOKEN Permissions
2026-09-29T01:08:42.4858478Z Contents: read
2026-09-29T01:08:42.4859237Z Metadata: read
2026-09-29T01:08:42.4859833Z ##[endgroup]
2026-09-29T01:08:42.4862291Z Secret source: Actions
2026-09-29T01:08:42.4863380Z Cache mode: write
2026-09-29T01:08:42.4864365Z Prepare workflow directory
2026-09-29T01:08:42.5304939Z Prepare all required actions
2026-09-29T01:08:42.5370565Z Getting action download info
2026-09-29T01:08:42.7871827Z Download action repository 'actions/checkout@11d5960a326750d5838078e36cf38b85af677262' (SHA:11d5960a326750d5838078e36cf38b85af677262)
2026-09-29T01:08:42.8894249Z Download action repository 'actions/upload-artifact@ea165f8d65b6e75b540449e92b4886f43607fa02' (SHA:ea165f8d65b6e75b540449e92b4886f43607fa02)
2026-09-29T01:08:43.0962794Z Complete job name: Native multiplier boundary, stall and reset
2026-09-29T01:08:43.1708954Z ##[group]Run actions/checkout@11d5960a326750d5838078e36cf38b85af677262
2026-09-29T01:08:43.1709988Z with:
2026-09-29T01:08:43.1710451Z   persist-credentials: false
2026-09-29T01:08:43.1711019Z   repository: SeMinLim/sway
2026-09-29T01:08:43.1714791Z   token: ***
2026-09-29T01:08:43.1715243Z   ssh-strict: true
2026-09-29T01:08:43.1715884Z   ssh-user: git
2026-09-29T01:08:43.1716326Z   clean: true
2026-09-29T01:08:43.1716784Z   sparse-checkout-cone-mode: true
2026-09-29T01:08:43.1717320Z   fetch-depth: 1
2026-09-29T01:08:43.1717770Z   fetch-tags: false
2026-09-29T01:08:43.1718223Z   show-progress: true
2026-09-29T01:08:43.1718690Z   lfs: false
2026-09-29T01:08:43.1719111Z   submodules: false
2026-09-29T01:08:43.1719569Z   set-safe-directory: true
2026-09-29T01:08:43.1720081Z   allow-unsafe-pr-checkout: false
2026-09-29T01:08:43.1720800Z ##[endgroup]
2026-09-29T01:08:43.2728699Z Syncing repository: SeMinLim/sway
2026-09-29T01:08:43.2731397Z ##[group]Getting Git version info
2026-09-29T01:08:43.2732359Z Working directory is '/home/runner/work/sway/sway'
2026-09-29T01:08:43.2733405Z [command]/usr/bin/git version
2026-09-29T01:08:43.2778325Z git version 2.55.0
2026-09-29T01:08:43.2800437Z ##[endgroup]
2026-09-29T01:08:43.2814195Z Temporarily overriding HOME='/home/runner/work/_temp/b6543408-cd53-48d3-8a01-843895558a3a' before making global git config changes
2026-09-29T01:08:43.2817007Z Adding repository directory to the temporary git global config as a safe directory
2026-09-29T01:08:43.2819699Z [command]/usr/bin/git config --global --add safe.directory /home/runner/work/sway/sway
2026-09-29T01:08:43.2869086Z Deleting the contents of '/home/runner/work/sway/sway'
2026-09-29T01:08:43.2874683Z ##[group]Initializing the repository
2026-09-29T01:08:43.2879071Z [command]/usr/bin/git init /home/runner/work/sway/sway
2026-09-29T01:08:43.2950324Z hint: Using 'master' as the name for the initial branch. This default branch name
2026-09-29T01:08:43.2952180Z hint: will change to "main" in Git 3.0. To configure the initial branch name
2026-09-29T01:08:43.2954186Z hint: to use in all of your new repositories, which will suppress this warning,
2026-09-29T01:08:43.2955731Z hint: call:
2026-09-29T01:08:43.2956592Z hint:
2026-09-29T01:08:43.2957594Z hint: 	git config --global init.defaultBranch <name>
2026-09-29T01:08:43.2958776Z hint:
2026-09-29T01:08:43.2959859Z hint: Names commonly chosen instead of 'master' are 'main', 'trunk' and
2026-09-29T01:08:43.2961531Z hint: 'development'. The just-created branch can be renamed via this command:
2026-09-29T01:08:43.2962909Z hint:
2026-09-29T01:08:43.2963720Z hint: 	git branch -m <name>
2026-09-29T01:08:43.2964670Z hint:
2026-09-29T01:08:43.2966160Z hint: Disable this message with "git config set advice.defaultBranchName false"
2026-09-29T01:08:43.2967885Z Initialized empty Git repository in /home/runner/work/sway/sway/.git/
2026-09-29T01:08:43.2971137Z [command]/usr/bin/git remote add origin https://github.com/SeMinLim/sway
2026-09-29T01:08:43.3013585Z ##[endgroup]
2026-09-29T01:08:43.3014808Z ##[group]Disabling automatic garbage collection
2026-09-29T01:08:43.3018504Z [command]/usr/bin/git config --local gc.auto 0
2026-09-29T01:08:43.3051478Z ##[endgroup]
2026-09-29T01:08:43.3052593Z ##[group]Setting up auth
2026-09-29T01:08:43.3058476Z [command]/usr/bin/git config --local --name-only --get-regexp core\.sshCommand
2026-09-29T01:08:43.3091872Z [command]/usr/bin/git submodule foreach --recursive sh -c "git config --local --name-only --get-regexp 'core\.sshCommand' && git config --local --unset-all 'core.sshCommand' || :"
2026-09-29T01:08:43.3437756Z [command]/usr/bin/git config --local --name-only --get-regexp http\.https\:\/\/github\.com\/\.extraheader
2026-09-29T01:08:43.3478946Z [command]/usr/bin/git submodule foreach --recursive sh -c "git config --local --name-only --get-regexp 'http\.https\:\/\/github\.com\/\.extraheader' && git config --local --unset-all 'http.https://github.com/.extraheader' || :"
2026-09-29T01:08:43.3732110Z [command]/usr/bin/git config --local --name-only --get-regexp ^includeIf\.gitdir:
2026-09-29T01:08:43.3770341Z [command]/usr/bin/git submodule foreach --recursive git config --local --show-origin --name-only --get-regexp remote.origin.url
2026-09-29T01:08:43.4008883Z [command]/usr/bin/git config --local http.https://github.com/.extraheader AUTHORIZATION: basic ***
2026-09-29T01:08:43.4050475Z ##[endgroup]
2026-09-29T01:08:43.4051316Z ##[group]Fetching the repository
2026-09-29T01:08:43.4060533Z [command]/usr/bin/git -c protocol.version=2 fetch --no-tags --prune --no-recurse-submodules --depth=1 origin +80fbfe4cdb635606c394f435b28c1102c9de5829:refs/remotes/origin/codex/baseline-pnr-validation
2026-09-29T01:08:44.3873564Z From https://github.com/SeMinLim/sway
2026-09-29T01:08:44.3876525Z  * [new ref]         80fbfe4cdb635606c394f435b28c1102c9de5829 -> origin/codex/baseline-pnr-validation
2026-09-29T01:08:44.3879989Z ##[endgroup]
2026-09-29T01:08:44.3881407Z ##[group]Determining the checkout info
2026-09-29T01:08:44.3883051Z ##[endgroup]
2026-09-29T01:08:44.3883934Z [command]/usr/bin/git sparse-checkout disable
2026-09-29T01:08:44.3926474Z [command]/usr/bin/git config --local --unset-all extensions.worktreeConfig
2026-09-29T01:08:44.3962801Z ##[group]Checking out the ref
2026-09-29T01:08:44.3966877Z [command]/usr/bin/git checkout --progress --force -B codex/baseline-pnr-validation refs/remotes/origin/codex/baseline-pnr-validation
2026-09-29T01:08:44.4906185Z Switched to a new branch 'codex/baseline-pnr-validation'
2026-09-29T01:08:44.4909825Z branch 'codex/baseline-pnr-validation' set up to track 'origin/codex/baseline-pnr-validation'.
2026-09-29T01:08:44.4921394Z ##[endgroup]
2026-09-29T01:08:44.4968761Z [command]/usr/bin/git log -1 --format=%H
2026-09-29T01:08:44.4998805Z 80fbfe4cdb635606c394f435b28c1102c9de5829
2026-09-29T01:08:44.5010512Z ##[group]Removing auth
2026-09-29T01:08:44.5015084Z [command]/usr/bin/git config --local --name-only --get-regexp core\.sshCommand
2026-09-29T01:08:44.5052688Z [command]/usr/bin/git submodule foreach --recursive sh -c "git config --local --name-only --get-regexp 'core\.sshCommand' && git config --local --unset-all 'core.sshCommand' || :"
2026-09-29T01:08:44.5291667Z [command]/usr/bin/git config --local --name-only --get-regexp http\.https\:\/\/github\.com\/\.extraheader
2026-09-29T01:08:44.5321119Z http.https://github.com/.extraheader
2026-09-29T01:08:44.5328861Z [command]/usr/bin/git config --local --unset-all http.https://github.com/.extraheader
2026-09-29T01:08:44.5367892Z [command]/usr/bin/git submodule foreach --recursive sh -c "git config --local --name-only --get-regexp 'http\.https\:\/\/github\.com\/\.extraheader' && git config --local --unset-all 'http.https://github.com/.extraheader' || :"
2026-09-29T01:08:44.5605499Z [command]/usr/bin/git config --local --name-only --get-regexp ^includeIf\.gitdir:
2026-09-29T01:08:44.5641214Z [command]/usr/bin/git submodule foreach --recursive git config --local --show-origin --name-only --get-regexp remote.origin.url
2026-09-29T01:08:44.5876159Z ##[endgroup]
2026-09-29T01:08:44.6130403Z ##[group]Run set -euo pipefail
2026-09-29T01:08:44.6132243Z [36;1mset -euo pipefail[0m
2026-09-29T01:08:44.6134161Z [36;1mmkdir -p "$RUNNER_TEMP/sway-tools/bsc" "$RUNNER_TEMP/sway-verification"[0m
2026-09-29T01:08:44.6137145Z [36;1msudo apt-get update[0m
2026-09-29T01:08:44.6139784Z [36;1msudo apt-get install --no-install-recommends -y ca-certificates curl git make g++ python3 iverilog libgmp10 libtcl8.6 libstdc++6[0m
2026-09-29T01:08:44.6144186Z [36;1mcurl --fail --location --retry 3 --output "$RUNNER_TEMP/bsc.tar.gz" "https://github.com/B-Lang-org/bsc/releases/download/2026.01/bsc-2026.01-ubuntu-24.04.tar.gz"[0m
2026-09-29T01:08:44.6148961Z [36;1mprintf '%s  %s\n' '6d13db288cf268dc1331f05b277c414b4ff1c1ab9618a6526ba16ad29e484e43' "$RUNNER_TEMP/bsc.tar.gz" | sha256sum --check -[0m
2026-09-29T01:08:44.6152473Z [36;1mtar -xzf "$RUNNER_TEMP/bsc.tar.gz" --strip-components=1 -C "$RUNNER_TEMP/sway-tools/bsc"[0m
2026-09-29T01:08:44.6154907Z [36;1mecho "$RUNNER_TEMP/sway-tools/bsc/bin" >> "$GITHUB_PATH"[0m
2026-09-29T01:08:44.6157650Z [36;1m"$RUNNER_TEMP/sway-tools/bsc/bin/bsc" -v > "$RUNNER_TEMP/sway-verification/bsc-version.txt" 2>&1[0m
2026-09-29T01:08:44.6160493Z [36;1m/usr/bin/iverilog -V > "$RUNNER_TEMP/sway-verification/iverilog-version.txt" 2>&1[0m
2026-09-29T01:08:44.6162988Z [36;1mgit rev-parse HEAD > "$RUNNER_TEMP/sway-verification/sway-commit.txt"[0m
2026-09-29T01:08:44.6165097Z [36;1mcat "$RUNNER_TEMP/sway-verification/bsc-version.txt"[0m
2026-09-29T01:08:44.6393695Z shell: /usr/bin/bash --noprofile --norc -e -o pipefail {0}
2026-09-29T01:08:44.6395346Z ##[endgroup]
2026-09-29T01:08:44.7315527Z Get:1 file:/etc/apt/apt-mirrors.txt Mirrorlist [144 B]
2026-09-29T01:08:44.7604760Z Hit:2 http://azure.archive.ubuntu.com/ubuntu noble InRelease
2026-09-29T01:08:44.7609600Z Get:6 https://packages.microsoft.com/ubuntu/24.04/prod noble InRelease [3600 B]
2026-09-29T01:08:44.7628258Z Get:3 http://azure.archive.ubuntu.com/ubuntu noble-updates InRelease [126 kB]
2026-09-29T01:08:44.7651963Z Get:4 http://azure.archive.ubuntu.com/ubuntu noble-backports InRelease [126 kB]
2026-09-29T01:08:44.7680426Z Get:5 http://azure.archive.ubuntu.com/ubuntu noble-security InRelease [126 kB]
2026-09-29T01:08:44.8811237Z Get:7 https://packages.microsoft.com/ubuntu/24.04/prod noble/main arm64 Packages [449 kB]
2026-09-29T01:08:44.8986591Z Get:8 https://packages.microsoft.com/ubuntu/24.04/prod noble/main amd64 Packages [501 kB]
2026-09-29T01:08:44.9319480Z Get:9 http://azure.archive.ubuntu.com/ubuntu noble-updates/main amd64 Packages [1319 kB]
2026-09-29T01:08:44.9388875Z Get:10 http://azure.archive.ubuntu.com/ubuntu noble-updates/main Translation-en [299 kB]
2026-09-29T01:08:44.9419731Z Get:11 http://azure.archive.ubuntu.com/ubuntu noble-updates/main amd64 Components [181 kB]
2026-09-29T01:08:44.9442524Z Get:12 http://azure.archive.ubuntu.com/ubuntu noble-updates/universe amd64 Packages [1697 kB]
2026-09-29T01:08:44.9554863Z Get:13 http://azure.archive.ubuntu.com/ubuntu noble-updates/universe Translation-en [340 kB]
2026-09-29T01:08:44.9626684Z Get:14 http://azure.archive.ubuntu.com/ubuntu noble-updates/universe amd64 Components [388 kB]
2026-09-29T01:08:44.9631356Z Get:15 http://azure.archive.ubuntu.com/ubuntu noble-updates/restricted amd64 Packages [1654 kB]
2026-09-29T01:08:44.9728389Z Get:16 http://azure.archive.ubuntu.com/ubuntu noble-updates/restricted Translation-en [377 kB]
2026-09-29T01:08:44.9747455Z Get:17 http://azure.archive.ubuntu.com/ubuntu noble-updates/multiverse amd64 Components [940 B]
2026-09-29T01:08:45.0102660Z Get:18 http://azure.archive.ubuntu.com/ubuntu noble-backports/main amd64 Packages [40.6 kB]
2026-09-29T01:08:45.0537686Z Get:19 http://azure.archive.ubuntu.com/ubuntu noble-backports/main amd64 Components [5788 B]
2026-09-29T01:08:45.0549249Z Get:20 http://azure.archive.ubuntu.com/ubuntu noble-backports/universe amd64 Packages [31.0 kB]
2026-09-29T01:08:45.0557406Z Get:21 http://azure.archive.ubuntu.com/ubuntu noble-backports/universe Translation-en [18.6 kB]
2026-09-29T01:08:45.0584307Z Get:22 http://azure.archive.ubuntu.com/ubuntu noble-backports/universe amd64 Components [12.6 kB]
2026-09-29T01:08:45.0635021Z Get:23 http://azure.archive.ubuntu.com/ubuntu noble-security/main amd64 Packages [1063 kB]
2026-09-29T01:08:45.0693803Z Get:24 http://azure.archive.ubuntu.com/ubuntu noble-security/main Translation-en [220 kB]
2026-09-29T01:08:45.0708930Z Get:25 http://azure.archive.ubuntu.com/ubuntu noble-security/main amd64 Components [46.3 kB]
2026-09-29T01:08:45.0718344Z Get:26 http://azure.archive.ubuntu.com/ubuntu noble-security/universe amd64 Packages [1216 kB]
2026-09-29T01:08:45.0778677Z Get:27 http://azure.archive.ubuntu.com/ubuntu noble-security/universe Translation-en [244 kB]
2026-09-29T01:08:45.0795167Z Get:28 http://azure.archive.ubuntu.com/ubuntu noble-security/universe amd64 Components [76.3 kB]
2026-09-29T01:08:45.0805851Z Get:29 http://azure.archive.ubuntu.com/ubuntu noble-security/restricted amd64 Packages [1559 kB]
2026-09-29T01:08:45.0889095Z Get:30 http://azure.archive.ubuntu.com/ubuntu noble-security/restricted Translation-en [359 kB]
2026-09-29T01:08:49.3161586Z Fetched 12.5 MB in 1s (8868 kB/s)
2026-09-29T01:08:50.1087604Z Reading package lists...
2026-09-29T01:08:50.1414269Z Reading package lists...
2026-09-29T01:08:50.3198173Z Building dependency tree...
2026-09-29T01:08:50.3205187Z Reading state information...
2026-09-29T01:08:50.4753187Z ca-certificates is already the newest version (20260601~24.04.1).
2026-09-29T01:08:50.4754130Z git is already the newest version (1:2.55.0-0ppa1~ubuntu24.04.2).
2026-09-29T01:08:50.4754787Z git set to manually installed.
2026-09-29T01:08:50.4755289Z make is already the newest version (4.3-4.1build2).
2026-09-29T01:08:50.4756109Z g++ is already the newest version (4:13.2.0-7ubuntu1).
2026-09-29T01:08:50.4756720Z python3 is already the newest version (3.12.3-0ubuntu2.1).
2026-09-29T01:08:50.4757407Z libgmp10 is already the newest version (2:6.3.0+dfsg-2ubuntu6.1).
2026-09-29T01:08:50.4758026Z libgmp10 set to manually installed.
2026-09-29T01:08:50.4758576Z libtcl8.6 is already the newest version (8.6.14+dfsg-1build1).
2026-09-29T01:08:50.4759111Z libtcl8.6 set to manually installed.
2026-09-29T01:08:50.4759672Z libstdc++6 is already the newest version (14.2.0-4ubuntu2~24.04.1).
2026-09-29T01:08:50.4760279Z The following additional packages will be installed:
2026-09-29T01:08:50.4762597Z   libcurl3t64-gnutls libcurl4t64
2026-09-29T01:08:50.4772366Z Suggested packages:
2026-09-29T01:08:50.4772783Z   gtkwave
2026-09-29T01:08:50.4948360Z The following NEW packages will be installed:
2026-09-29T01:08:50.4953769Z   iverilog
2026-09-29T01:08:50.4957648Z The following packages will be upgraded:
2026-09-29T01:08:50.4964150Z   curl libcurl3t64-gnutls libcurl4t64
2026-09-29T01:08:50.5138424Z 3 upgraded, 1 newly installed, 0 to remove and 34 not upgraded.
2026-09-29T01:08:50.5139031Z Need to get 3031 kB of archives.
2026-09-29T01:08:50.5139653Z After this operation, 6828 kB of additional disk space will be used.
2026-09-29T01:08:50.5140842Z Get:1 file:/etc/apt/apt-mirrors.txt Mirrorlist [144 B]
2026-09-29T01:08:50.5693455Z Get:2 http://azure.archive.ubuntu.com/ubuntu noble-updates/main amd64 curl amd64 8.5.0-2ubuntu10.15 [227 kB]
2026-09-29T01:08:50.6057124Z Get:3 http://azure.archive.ubuntu.com/ubuntu noble-updates/main amd64 libcurl4t64 amd64 8.5.0-2ubuntu10.15 [343 kB]
2026-09-29T01:08:50.6424329Z Get:4 http://azure.archive.ubuntu.com/ubuntu noble/universe amd64 iverilog amd64 12.0-2build2 [2126 kB]
2026-09-29T01:08:50.6899136Z Get:5 http://azure.archive.ubuntu.com/ubuntu noble-updates/main amd64 libcurl3t64-gnutls amd64 8.5.0-2ubuntu10.15 [336 kB]
2026-09-29T01:08:50.9450468Z Fetched 3031 kB in 0s (16.0 MB/s)
2026-09-29T01:08:50.9865750Z (Reading database ... 
2026-09-29T01:08:50.9866154Z (Reading database ... 5%
2026-09-29T01:08:50.9866620Z (Reading database ... 10%
2026-09-29T01:08:50.9866979Z (Reading database ... 15%
2026-09-29T01:08:50.9867323Z (Reading database ... 20%
2026-09-29T01:08:50.9867681Z (Reading database ... 25%
2026-09-29T01:08:50.9868721Z (Reading database ... 30%
2026-09-29T01:08:50.9869213Z (Reading database ... 35%
2026-09-29T01:08:50.9869656Z (Reading database ... 40%
2026-09-29T01:08:50.9948063Z (Reading database ... 45%
2026-09-29T01:08:50.9950914Z (Reading database ... 50%
2026-09-29T01:08:50.9951332Z (Reading database ... 55%
2026-09-29T01:08:51.0901135Z (Reading database ... 60%
2026-09-29T01:08:51.2795259Z (Reading database ... 65%
2026-09-29T01:08:51.4863996Z (Reading database ... 70%
2026-09-29T01:08:51.6887638Z (Reading database ... 75%
2026-09-29T01:08:51.8318234Z (Reading database ... 80%
2026-09-29T01:08:52.0834911Z (Reading database ... 85%
2026-09-29T01:08:52.2349248Z (Reading database ... 90%
2026-09-29T01:08:52.4433315Z (Reading database ... 95%
2026-09-29T01:08:52.4433650Z (Reading database ... 100%
2026-09-29T01:08:52.4434013Z (Reading database ... 202190 files and directories currently installed.)
2026-09-29T01:08:52.4479022Z Preparing to unpack .../curl_8.5.0-2ubuntu10.15_amd64.deb ...
2026-09-29T01:08:52.4514275Z Unpacking curl (8.5.0-2ubuntu10.15) over (8.5.0-2ubuntu10.13) ...
2026-09-29T01:08:52.4892044Z Preparing to unpack .../libcurl4t64_8.5.0-2ubuntu10.15_amd64.deb ...
2026-09-29T01:08:52.4917767Z Unpacking libcurl4t64:amd64 (8.5.0-2ubuntu10.15) over (8.5.0-2ubuntu10.13) ...
2026-09-29T01:08:52.5160341Z Selecting previously unselected package iverilog.
2026-09-29T01:08:52.5284883Z Preparing to unpack .../iverilog_12.0-2build2_amd64.deb ...
2026-09-29T01:08:52.5290913Z Unpacking iverilog (12.0-2build2) ...
2026-09-29T01:08:52.5950320Z Preparing to unpack .../libcurl3t64-gnutls_8.5.0-2ubuntu10.15_amd64.deb ...
2026-09-29T01:08:52.6017950Z Unpacking libcurl3t64-gnutls:amd64 (8.5.0-2ubuntu10.15) over (8.5.0-2ubuntu10.13) ...
2026-09-29T01:08:52.6506288Z Setting up libcurl4t64:amd64 (8.5.0-2ubuntu10.15) ...
2026-09-29T01:08:52.6527650Z Setting up libcurl3t64-gnutls:amd64 (8.5.0-2ubuntu10.15) ...
2026-09-29T01:08:52.6543690Z Setting up iverilog (12.0-2build2) ...
2026-09-29T01:08:52.6559521Z Setting up curl (8.5.0-2ubuntu10.15) ...
2026-09-29T01:08:52.6577538Z Processing triggers for man-db (2.12.0-4build2) ...
2026-09-29T01:08:52.6595301Z Not building database; man-db/auto-update is not 'true'.
2026-09-29T01:08:52.6605730Z Processing triggers for libc-bin (2.39-0ubuntu8.9) ...
2026-09-29T01:08:53.2768406Z 
2026-09-29T01:08:53.2770644Z Running kernel seems to be up-to-date.
2026-09-29T01:08:53.2770904Z 
2026-09-29T01:08:53.2771009Z Restarting services...
2026-09-29T01:08:53.2946497Z  systemctl restart packagekit.service php8.3-fpm.service
2026-09-29T01:08:53.4307193Z 
2026-09-29T01:08:53.4308727Z No containers need to be restarted.
2026-09-29T01:08:53.4309122Z 
2026-09-29T01:08:53.4316560Z No user sessions are running outdated binaries.
2026-09-29T01:08:53.4316930Z 
2026-09-29T01:08:53.4317254Z No VM guests are running outdated hypervisor (qemu) binaries on this host.
2026-09-29T01:08:54.3156015Z   % Total    % Received % Xferd  Average Speed   Time    Time     Time  Current
2026-09-29T01:08:54.3157051Z                                  Dload  Upload   Total   Spent    Left  Speed
2026-09-29T01:08:54.3157311Z 
2026-09-29T01:08:54.4779811Z   0     0    0     0    0     0      0      0 --:--:-- --:--:-- --:--:--     0
2026-09-29T01:08:54.4780639Z   0     0    0     0    0     0      0      0 --:--:-- --:--:-- --:--:--     0
2026-09-29T01:08:54.6064386Z 
2026-09-29T01:08:54.7342834Z   5 24.6M    5 1324k    0     0  4551k      0  0:00:05 --:--:--  0:00:05 4551k
2026-09-29T01:08:54.7343512Z 100 24.6M  100 24.6M    0     0  58.7M      0 --:--:-- --:--:-- --:--:--  183M
2026-09-29T01:08:54.7641930Z /home/runner/work/_temp/bsc.tar.gz: OK
2026-09-29T01:08:55.4036229Z Bluespec Compiler, version 2026.01 (build 9bd39e6f)
2026-09-29T01:08:55.4038971Z This is free software; for source code and copying conditions, see
2026-09-29T01:08:55.4039539Z https://github.com/B-Lang-org/bsc
2026-09-29T01:08:55.4039724Z 
2026-09-29T01:08:55.4039824Z Invoking command line:
2026-09-29T01:08:55.4040043Z bsc -v
2026-09-29T01:08:55.4040181Z 
2026-09-29T01:08:55.4087994Z ##[group]Run set -euo pipefail
2026-09-29T01:08:55.4088376Z [36;1mset -euo pipefail[0m
2026-09-29T01:08:55.4088749Z [36;1mpython3 hw/reference/native_multiply/check_native_multiply.py \[0m
2026-09-29T01:08:55.4089165Z [36;1m  --hw-root "$GITHUB_WORKSPACE/hw" \[0m
2026-09-29T01:08:55.4089527Z [36;1m  --bsc "$RUNNER_TEMP/sway-tools/bsc/bin/bsc" \[0m
2026-09-29T01:08:55.4089917Z [36;1m  --iverilog /usr/bin/iverilog --vvp /usr/bin/vvp \[0m
2026-09-29T01:08:55.4090321Z [36;1m  --output "$RUNNER_TEMP/sway-verification/native"[0m
2026-09-29T01:08:55.4090646Z [36;1mpython3 - <<'PY'[0m
2026-09-29T01:08:55.4090878Z [36;1mimport re[0m
2026-09-29T01:08:55.4091093Z [36;1m[0m
2026-09-29T01:08:55.4091384Z [36;1mdef inspect_operand_control(rtl, expected_operands=None):[0m
2026-09-29T01:08:55.4091884Z [36;1m    """Inspect BSC continuous-assignment cones at native DSP operand ports.[0m
2026-09-29T01:08:55.4092277Z [36;1m[0m
2026-09-29T01:08:55.4092639Z [36;1m    Keep write-presence signals outside the operand cones: the compiler may[0m
2026-09-29T01:08:55.4093174Z [36;1m    share those signals with valid-bit generation. Unresolved identifiers are[0m
2026-09-29T01:08:55.4093710Z [36;1m    reported as leaves; this function does not parse procedural always blocks.[0m
2026-09-29T01:08:55.4094237Z [36;1m    The focused test has direct assignments from registered ROM data outputs.[0m
2026-09-29T01:08:55.4094624Z [36;1m    """[0m
2026-09-29T01:08:55.4094949Z [36;1m    names = sorted(set(re.findall(r"(?<![\w$])[\w$]*[ab]Wire[$_]whas\b", rtl)))[0m
2026-09-29T01:08:55.4095448Z [36;1m    drivers = dict(re.findall(r"\bassign\s+([\w$]+)\s*=\s*(.*?);", rtl, re.S))[0m
2026-09-29T01:08:55.4096309Z [36;1m    ports = re.findall(r"\.dataa[xy]\s*\(\s*([\w$]+)\s*\)", rtl)[0m
2026-09-29T01:08:55.4096716Z [36;1m    cones = {}[0m
2026-09-29T01:08:55.4096954Z [36;1m    for signal in ports:[0m
2026-09-29T01:08:55.4097237Z [36;1m        pending, seen = [signal], set()[0m
2026-09-29T01:08:55.4097546Z [36;1m        while pending:[0m
2026-09-29T01:08:55.4097821Z [36;1m            current = pending.pop()[0m
2026-09-29T01:08:55.4098113Z [36;1m            if current in seen:[0m
2026-09-29T01:08:55.4098381Z [36;1m                continue[0m
2026-09-29T01:08:55.4098632Z [36;1m            seen.add(current)[0m
2026-09-29T01:08:55.4098926Z [36;1m            if current in drivers:[0m
2026-09-29T01:08:55.4099318Z [36;1m                pending.extend(re.findall(r"[A-Za-z_][\w$]*", drivers[current]))[0m
2026-09-29T01:08:55.4099712Z [36;1m        cones[signal] = {[0m
2026-09-29T01:08:55.4099983Z [36;1m            "signals": sorted(seen),[0m
2026-09-29T01:08:55.4100383Z [36;1m            "assignments": {s: drivers[s] for s in sorted(seen) if s in drivers},[0m
2026-09-29T01:08:55.4100835Z [36;1m            "leaf_identifiers": sorted(seen - drivers.keys()),[0m
2026-09-29T01:08:55.4101266Z [36;1m            "write_presence_dependencies": sorted(set(names) & seen),[0m
2026-09-29T01:08:55.4101819Z [36;1m        }[0m
2026-09-29T01:08:55.4102043Z [36;1m    report = {[0m
2026-09-29T01:08:55.4102305Z [36;1m        "status": "pass",[0m
2026-09-29T01:08:55.4102579Z [36;1m        "operand_ports": ports,[0m
2026-09-29T01:08:55.4102858Z [36;1m        "operand_assignments": [[0m
2026-09-29T01:08:55.4103187Z [36;1m            "assign " + signal + " = " + drivers[signal] + ";"[0m
2026-09-29T01:08:55.4103559Z [36;1m            for signal in ports if signal in drivers[0m
2026-09-29T01:08:55.4103864Z [36;1m        ],[0m
2026-09-29T01:08:55.4104104Z [36;1m        "operand_dependency_cones": cones,[0m
2026-09-29T01:08:55.4104441Z [36;1m        "retained_write_presence_signals": names,[0m
2026-09-29T01:08:55.4104777Z [36;1m        "retained_write_presence_uses": [[0m
2026-09-29T01:08:55.4105130Z [36;1m            line.strip() for line in rtl.splitlines()[0m
2026-09-29T01:08:55.4105486Z [36;1m            if any(name in line for name in names)[0m
2026-09-29T01:08:55.4106217Z [36;1m        ],[0m
2026-09-29T01:08:55.4106897Z [36;1m        "scope": "Continuous-assignment operand cones; dollar and underscore identifiers supported. Presence signals outside operand cones are permitted and reported.",[0m
2026-09-29T01:08:55.4107599Z [36;1m    }[0m
2026-09-29T01:08:55.4107980Z [36;1m    assert ports and all(signal in drivers for signal in ports), "Operand drivers missing"[0m
2026-09-29T01:08:55.4108458Z [36;1m    if expected_operands is not None:[0m
2026-09-29T01:08:55.4108891Z [36;1m        assert len(ports) == expected_operands, "Unexpected operand port count"[0m
2026-09-29T01:08:55.4109621Z [36;1m    assert all(not cone["write_presence_dependencies"] for cone in cones.values()), "Operand data cone depends on write-presence control"[0m
2026-09-29T01:08:55.4110207Z [36;1m    return report[0m
2026-09-29T01:08:55.4110444Z [36;1m[0m
2026-09-29T01:08:55.4110651Z [36;1mimport hashlib,json,os[0m
2026-09-29T01:08:55.4111011Z [36;1mfrom pathlib import Path[0m
2026-09-29T01:08:55.4111414Z [36;1mroot=Path(os.environ["RUNNER_TEMP"])/"sway-verification/native"[0m
2026-09-29T01:08:55.4111904Z [36;1mpath=root/"snapshot/iverilog/mkTbNativeMultiply.v"[0m
2026-09-29T01:08:55.4112366Z [36;1mreport=inspect_operand_control(path.read_text(),expected_operands=2)[0m
2026-09-29T01:08:55.4112894Z [36;1mreport["generated_rtl_sha256"]=hashlib.sha256(path.read_bytes()).hexdigest()[0m
2026-09-29T01:08:55.4113481Z [36;1m(root/"operand-control-isolation.json").write_text(json.dumps(report,indent=2)+"\n")[0m
2026-09-29T01:08:55.4114061Z [36;1mprint("SWAY_OPERAND_CONTROL_ISOLATION "+json.dumps(report,sort_keys=True))[0m
2026-09-29T01:08:55.4114461Z [36;1mPY[0m
2026-09-29T01:08:55.4190889Z shell: /usr/bin/bash --noprofile --norc -e -o pipefail {0}
2026-09-29T01:08:55.4191260Z ##[endgroup]
2026-09-29T01:09:02.4761929Z {"status": "pass", "report": "/home/runner/work/_temp/sway-verification/native/report.json"}
2026-09-29T01:09:02.5113070Z SWAY_OPERAND_CONTROL_ISOLATION {"generated_rtl_sha256": "c88fd37832e29e0b445bb13f235013c93c74000bbe58fddd917d4d0ff944ecaa", "operand_assignments": ["assign test_multiplier_dsp$dataax = test_vectorsR$D_OUT_1[71:54] ;", "assign test_multiplier_dsp$dataay = test_vectorsR$D_OUT_1[53:36] ;"], "operand_dependency_cones": {"test_multiplier_dsp$dataax": {"assignments": {"test_multiplier_dsp$dataax": "test_vectorsR$D_OUT_1[71:54] "}, "leaf_identifiers": ["test_vectorsR$D_OUT_1"], "signals": ["test_multiplier_dsp$dataax", "test_vectorsR$D_OUT_1"], "write_presence_dependencies": []}, "test_multiplier_dsp$dataay": {"assignments": {"test_multiplier_dsp$dataay": "test_vectorsR$D_OUT_1[53:36] "}, "leaf_identifiers": ["test_vectorsR$D_OUT_1"], "signals": ["test_multiplier_dsp$dataay", "test_vectorsR$D_OUT_1"], "write_presence_dependencies": []}}, "operand_ports": ["test_multiplier_dsp$dataax", "test_multiplier_dsp$dataay"], "retained_write_presence_signals": ["test_multiplier_aWire$whas"], "retained_write_presence_uses": ["wire test_drainOn$whas, test_multiplier_aWire$whas;", "assign test_multiplier_aWire$whas =", "assign test_acceptedCnt$EN = test_multiplier_aWire$whas ;", "assign test_multiplier_acceptedCnt$EN = test_multiplier_aWire$whas ;", "{ test_multiplier_validR[1:0], test_multiplier_aWire$whas } ;", "assign test_expectedQ$ENQ = test_multiplier_aWire$whas ;"], "scope": "Continuous-assignment operand cones; dollar and underscore identifiers supported. Presence signals outside operand cones are permitted and reported.", "status": "pass"}
2026-09-29T01:09:02.5186068Z ##[group]Run python3 - <<'PY'
2026-09-29T01:09:02.5186397Z [36;1mpython3 - <<'PY'[0m
2026-09-29T01:09:02.5186636Z [36;1mimport os[0m
2026-09-29T01:09:02.5186868Z [36;1mfrom pathlib import Path[0m
2026-09-29T01:09:02.5187276Z [36;1mpath=Path(os.environ["RUNNER_TEMP"])/"sway-verification/native/report.json"[0m
2026-09-29T01:09:02.5187692Z [36;1mif path.is_file():[0m
2026-09-29T01:09:02.5187984Z [36;1m    print("SWAY_REPORT native/report.json")[0m
2026-09-29T01:09:02.5188295Z [36;1m    print(path.read_text())[0m
2026-09-29T01:09:02.5188566Z [36;1mPY[0m
2026-09-29T01:09:02.5255937Z shell: /usr/bin/bash --noprofile --norc -e -o pipefail {0}
2026-09-29T01:09:02.5256296Z ##[endgroup]
2026-09-29T01:09:02.5557127Z SWAY_REPORT native/report.json
2026-09-29T01:09:02.5557561Z {
2026-09-29T01:09:02.5557858Z   "status": "pass",
2026-09-29T01:09:02.5558194Z   "seed": 20260928,
2026-09-29T01:09:02.5558930Z   "scope": "Functional fixed-configuration signed18x18 wrapper test; no physical timing claim",
2026-09-29T01:09:02.5559696Z   "source_sha256": {
2026-09-29T01:09:02.5560268Z     "main.v": "ad3d688c3f11770dc9bf41ce33026e284a5dd38d80b3f1c2caf9d00024074a79",
2026-09-29T01:09:02.5561233Z     "bsv/SwayMultiply.bsv": "4372d3eae264cb12817051eb6f1795c8e0b7f3eea1b267b7ba4c8174e4b14992",
2026-09-29T01:09:02.5562318Z     "bsv/TbNativeMultiply.bsv": "f8b02398e2ed5f7dac7e437a2e067bd873c62deb35ad80d025b101a15719bf17",
2026-09-29T01:09:02.5563326Z     "rtl/sway_mult18x18d.v": "5e7a8be0f9cfce25f7b9546140fae909a09b2c7f0cb90fb6d27f5800a146ad30"
2026-09-29T01:09:02.5564025Z   },
2026-09-29T01:09:02.5564557Z   "vectors_sha256": "92144e0031368fe8c02cc63d0fcf3612fb57ed6fbbcfbf28dab49404480aac10",
2026-09-29T01:09:02.5565233Z   "commands": [
2026-09-29T01:09:02.5565527Z     [
2026-09-29T01:09:02.5566075Z       "/home/runner/work/_temp/sway-tools/bsc/bin/bsc",
2026-09-29T01:09:02.5566533Z       "-v"
2026-09-29T01:09:02.5566807Z     ],
2026-09-29T01:09:02.5567074Z     [
2026-09-29T01:09:02.5567403Z       "/usr/bin/iverilog",
2026-09-29T01:09:02.5567747Z       "-V"
2026-09-29T01:09:02.5568020Z     ],
2026-09-29T01:09:02.5568281Z     [
2026-09-29T01:09:02.5568616Z       "/home/runner/work/_temp/sway-tools/bsc/bin/bsc",
2026-09-29T01:09:02.5569053Z       "-sim",
2026-09-29T01:09:02.5569337Z       "-D",
2026-09-29T01:09:02.5569607Z       "BSIM",
2026-09-29T01:09:02.5569930Z       "-p",
2026-09-29T01:09:02.5570371Z       "+:/home/runner/work/_temp/sway-verification/native/snapshot/bsv",
2026-09-29T01:09:02.5570918Z       "-bdir",
2026-09-29T01:09:02.5571394Z       "/home/runner/work/_temp/sway-verification/native/snapshot/bluesim",
2026-09-29T01:09:02.5571911Z       "-vdir",
2026-09-29T01:09:02.5572204Z       "/home/runner/work/_temp/sway-verification/native/snapshot/bluesim",
2026-09-29T01:09:02.5572550Z       "-simdir",
2026-09-29T01:09:02.5572846Z       "/home/runner/work/_temp/sway-verification/native/snapshot/bluesim",
2026-09-29T01:09:02.5573195Z       "-info-dir",
2026-09-29T01:09:02.5573493Z       "/home/runner/work/_temp/sway-verification/native/snapshot/bluesim",
2026-09-29T01:09:02.5573831Z       "-u",
2026-09-29T01:09:02.5574025Z       "-show-schedule",
2026-09-29T01:09:02.5574238Z       "-g",
2026-09-29T01:09:02.5574445Z       "mkTbNativeMultiply",
2026-09-29T01:09:02.5575370Z       "/home/runner/work/_temp/sway-verification/native/snapshot/bsv/TbNativeMultiply.bsv"
2026-09-29T01:09:02.5576193Z     ],
2026-09-29T01:09:02.5576454Z     [
2026-09-29T01:09:02.5576784Z       "/home/runner/work/_temp/sway-tools/bsc/bin/bsc",
2026-09-29T01:09:02.5577453Z       "-sim",
2026-09-29T01:09:02.5577645Z       "-D",
2026-09-29T01:09:02.5577824Z       "BSIM",
2026-09-29T01:09:02.5578010Z       "-p",
2026-09-29T01:09:02.5578304Z       "+:/home/runner/work/_temp/sway-verification/native/snapshot/bsv",
2026-09-29T01:09:02.5578665Z       "-bdir",
2026-09-29T01:09:02.5578949Z       "/home/runner/work/_temp/sway-verification/native/snapshot/bluesim",
2026-09-29T01:09:02.5579292Z       "-vdir",
2026-09-29T01:09:02.5579754Z       "/home/runner/work/_temp/sway-verification/native/snapshot/bluesim",
2026-09-29T01:09:02.5580132Z       "-simdir",
2026-09-29T01:09:02.5580427Z       "/home/runner/work/_temp/sway-verification/native/snapshot/bluesim",
2026-09-29T01:09:02.5580772Z       "-info-dir",
2026-09-29T01:09:02.5581062Z       "/home/runner/work/_temp/sway-verification/native/snapshot/bluesim",
2026-09-29T01:09:02.5581399Z       "-e",
2026-09-29T01:09:02.5581595Z       "mkTbNativeMultiply",
2026-09-29T01:09:02.5581829Z       "-o",
2026-09-29T01:09:02.5582123Z       "/home/runner/work/_temp/sway-verification/native/snapshot/bluesim/test"
2026-09-29T01:09:02.5582487Z     ],
2026-09-29T01:09:02.5582661Z     [
2026-09-29T01:09:02.5582940Z       "/home/runner/work/_temp/sway-verification/native/snapshot/bluesim/test"
2026-09-29T01:09:02.5583287Z     ],
2026-09-29T01:09:02.5583456Z     [
2026-09-29T01:09:02.5583673Z       "/home/runner/work/_temp/sway-tools/bsc/bin/bsc",
2026-09-29T01:09:02.5583961Z       "-verilog",
2026-09-29T01:09:02.5584160Z       "-p",
2026-09-29T01:09:02.5584438Z       "+:/home/runner/work/_temp/sway-verification/native/snapshot/bsv",
2026-09-29T01:09:02.5584788Z       "-bdir",
2026-09-29T01:09:02.5585086Z       "/home/runner/work/_temp/sway-verification/native/snapshot/iverilog",
2026-09-29T01:09:02.5585439Z       "-vdir",
2026-09-29T01:09:02.5586036Z       "/home/runner/work/_temp/sway-verification/native/snapshot/iverilog",
2026-09-29T01:09:02.5586386Z       "-simdir",
2026-09-29T01:09:02.5586675Z       "/home/runner/work/_temp/sway-verification/native/snapshot/iverilog",
2026-09-29T01:09:02.5587025Z       "-info-dir",
2026-09-29T01:09:02.5587315Z       "/home/runner/work/_temp/sway-verification/native/snapshot/iverilog",
2026-09-29T01:09:02.5587655Z       "-u",
2026-09-29T01:09:02.5587849Z       "-show-schedule",
2026-09-29T01:09:02.5588069Z       "-g",
2026-09-29T01:09:02.5588271Z       "mkTbNativeMultiply",
2026-09-29T01:09:02.5588682Z       "/home/runner/work/_temp/sway-verification/native/snapshot/bsv/TbNativeMultiply.bsv"
2026-09-29T01:09:02.5589093Z     ],
2026-09-29T01:09:02.5589271Z     [
2026-09-29T01:09:02.5589462Z       "/usr/bin/iverilog",
2026-09-29T01:09:02.5589684Z       "-g2012",
2026-09-29T01:09:02.5589871Z       "-s",
2026-09-29T01:09:02.5590055Z       "main",
2026-09-29T01:09:02.5590238Z       "-y",
2026-09-29T01:09:02.5590508Z       "/home/runner/work/_temp/sway-verification/native/snapshot/rtl",
2026-09-29T01:09:02.5590843Z       "-y",
2026-09-29T01:09:02.5591083Z       "/home/runner/work/_temp/sway-tools/bsc/lib/Verilog",
2026-09-29T01:09:02.5591386Z       "-I",
2026-09-29T01:09:02.5591611Z       "/home/runner/work/_temp/sway-tools/bsc/lib/Verilog",
2026-09-29T01:09:02.5591895Z       "-o",
2026-09-29T01:09:02.5592207Z       "/home/runner/work/_temp/sway-verification/native/snapshot/iverilog/test.vvp",
2026-09-29T01:09:02.5592697Z       "/home/runner/work/_temp/sway-verification/native/snapshot/main.v",
2026-09-29T01:09:02.5593234Z       "/home/runner/work/_temp/sway-verification/native/snapshot/iverilog/mkTbNativeMultiply.v"
2026-09-29T01:09:02.5593659Z     ],
2026-09-29T01:09:02.5593840Z     [
2026-09-29T01:09:02.5594026Z       "/usr/bin/vvp",
2026-09-29T01:09:02.5594374Z       "/home/runner/work/_temp/sway-verification/native/snapshot/iverilog/test.vvp"
2026-09-29T01:09:02.5594784Z     ],
2026-09-29T01:09:02.5594963Z     [
2026-09-29T01:09:02.5595186Z       "/home/runner/work/_temp/sway-tools/bsc/bin/bsc",
2026-09-29T01:09:02.5595478Z       "-verilog",
2026-09-29T01:09:02.5595873Z       "-D",
2026-09-29T01:09:02.5596058Z       "BSIM",
2026-09-29T01:09:02.5596426Z       "-p",
2026-09-29T01:09:02.5596704Z       "+:/home/runner/work/_temp/sway-verification/native/snapshot/bsv",
2026-09-29T01:09:02.5597050Z       "-bdir",
2026-09-29T01:09:02.5597361Z       "/home/runner/work/_temp/sway-verification/native/snapshot/iverilog_bsim",
2026-09-29T01:09:02.5597742Z       "-vdir",
2026-09-29T01:09:02.5598038Z       "/home/runner/work/_temp/sway-verification/native/snapshot/iverilog_bsim",
2026-09-29T01:09:02.5598523Z       "-simdir",
2026-09-29T01:09:02.5598833Z       "/home/runner/work/_temp/sway-verification/native/snapshot/iverilog_bsim",
2026-09-29T01:09:02.5599219Z       "-info-dir",
2026-09-29T01:09:02.5599538Z       "/home/runner/work/_temp/sway-verification/native/snapshot/iverilog_bsim",
2026-09-29T01:09:02.5599893Z       "-u",
2026-09-29T01:09:02.5600086Z       "-show-schedule",
2026-09-29T01:09:02.5600300Z       "-g",
2026-09-29T01:09:02.5600498Z       "mkTbNativeMultiply",
2026-09-29T01:09:02.5600910Z       "/home/runner/work/_temp/sway-verification/native/snapshot/bsv/TbNativeMultiply.bsv"
2026-09-29T01:09:02.5601326Z     ],
2026-09-29T01:09:02.5601506Z     [
2026-09-29T01:09:02.5601692Z       "/usr/bin/iverilog",
2026-09-29T01:09:02.5601911Z       "-g2012",
2026-09-29T01:09:02.5602111Z       "-s",
2026-09-29T01:09:02.5602289Z       "main",
2026-09-29T01:09:02.5602477Z       "-y",
2026-09-29T01:09:02.5602746Z       "/home/runner/work/_temp/sway-verification/native/snapshot/rtl",
2026-09-29T01:09:02.5603084Z       "-y",
2026-09-29T01:09:02.5603315Z       "/home/runner/work/_temp/sway-tools/bsc/lib/Verilog",
2026-09-29T01:09:02.5603609Z       "-I",
2026-09-29T01:09:02.5603835Z       "/home/runner/work/_temp/sway-tools/bsc/lib/Verilog",
2026-09-29T01:09:02.5604119Z       "-o",
2026-09-29T01:09:02.5604450Z       "/home/runner/work/_temp/sway-verification/native/snapshot/iverilog_bsim/test.vvp",
2026-09-29T01:09:02.5604952Z       "/home/runner/work/_temp/sway-verification/native/snapshot/main.v",
2026-09-29T01:09:02.5605504Z       "/home/runner/work/_temp/sway-verification/native/snapshot/iverilog_bsim/mkTbNativeMultiply.v"
2026-09-29T01:09:02.5606236Z     ],
2026-09-29T01:09:02.5606418Z     [
2026-09-29T01:09:02.5606606Z       "/usr/bin/vvp",
2026-09-29T01:09:02.5606966Z       "/home/runner/work/_temp/sway-verification/native/snapshot/iverilog_bsim/test.vvp"
2026-09-29T01:09:02.5607362Z     ]
2026-09-29T01:09:02.5607536Z   ],
2026-09-29T01:09:02.5607713Z   "tools": {
2026-09-29T01:09:02.5608466Z     "bsc": "Bluespec Compiler, version 2026.01 (build 9bd39e6f)\nThis is free software; for source code and copying conditions, see\nhttps://github.com/B-Lang-org/bsc\n\nInvoking command line:\nbsc -v\n\n",
2026-09-29T01:09:02.5619990Z     "iverilog": "Icarus Verilog version 12.0 (stable) ()\n\nCopyright (c) 2000-2021 Stephen Williams (steve@icarus.com)\n\n  This program is free software; you can redistribute it and/or modify\n  it under the terms of the GNU General Public License as published by\n  the Free Software Foundation; either version 2 of the License, or\n  (at your option) any later version.\n\n  This program is distributed in the hope that it will be useful,\n  but WITHOUT ANY WARRANTY; without even the implied warranty of\n  MERCHANTABILITY or FITNESS FOR A PARTICULAR PURPOSE.  See the\n  GNU General Public License for more details.\n\n  You should have received a copy of the GNU General Public License along\n  with this program; if not, write to the Free Software Foundation, Inc.,\n  51 Franklin Street, Fifth Floor, Boston, MA 02110-1301, USA.\n\nIcarus Verilog Preprocessor version 12.0 (stable) ()\n\nCopyright (c) 1999-2021 Stephen Williams (steve@icarus.com)\n\n  This program is free software; you can redistribute it and/or modify\n  it under the terms of the GNU General Public License as published by\n  the Free Software Foundation; either version 2 of the License, or\n  (at your option) any later version.\n\n  This program is distributed in the hope that it will be useful,\n  but WITHOUT ANY WARRANTY; without even the implied warranty of\n  MERCHANTABILITY or FITNESS FOR A PARTICULAR PURPOSE.  See the\n  GNU General Public License for more details.\n\n  You should have received a copy of the GNU General Public License along\n  with this program; if not, write to the Free Software Foundation, Inc.,\n  51 Franklin Street, Fifth Floor, Boston, MA 02110-1301, USA.\n\nIcarus Verilog Parser/Elaborator version 12.0 (stable) ()\n\nCopyright (c) 1998-2021 Stephen Williams (steve@icarus.com)\n\n  This program is free software; you can redistribute it and/or modify\n  it under the terms of the GNU General Public License as published by\n  the Free Software Foundation; either version 2 of the License, or\n  (at your option) any later version.\n\n  This program is distributed in the hope that it will be useful,\n  but WITHOUT ANY WARRANTY; without even the implied warranty of\n  MERCHANTABILITY or FITNESS FOR A PARTICULAR PURPOSE.  See the\n  GNU General Public License for more details.\n\n  You should have received a copy of the GNU General Public License along\n  with this program; if not, write to the Free Software Foundation, Inc.,\n  51 Franklin Street, Fifth Floor, Boston, MA 02110-1301, USA.\n\n FLAGS DLL vvp.tgt\nvvp.tgt: Icarus Verilog VVP Code Generator 12.0 (stable) ()\n\nCopyright (c) 2001-2021 Stephen Williams (steve@icarus.com)\n\n  This program is free software; you can redistribute it and/or modify\n  it under the terms of the GNU General Public License as published by\n  the Free Software Foundation; either version 2 of the License, or\n  (at your option) any later version.\n\n  This program is distributed in the hope that it will be useful,\n  but WITHOUT ANY WARRANTY; without even the implied warranty of\n  MERCHANTABILITY or FITNESS FOR A PARTICULAR PURPOSE.  See the\n  GNU General Public License for more details.\n\n  You should have received a copy of the GNU General Public License along\n  with this program; if not, write to the Free Software Foundation, Inc.,\n  51 Franklin Street, Fifth Floor, Boston, MA 02110-1301, USA.\n\n"
2026-09-29T01:09:02.5630967Z   },
2026-09-29T01:09:02.5631156Z   "backends": {
2026-09-29T01:09:02.5631362Z     "bluesim": {
2026-09-29T01:09:02.5631575Z       "products": 256,
2026-09-29T01:09:02.5631792Z       "resets": [
2026-09-29T01:09:02.5631988Z         [
2026-09-29T01:09:02.5632187Z           "pipeline",
2026-09-29T01:09:02.5632394Z           "7",
2026-09-29T01:09:02.5632581Z           "6",
2026-09-29T01:09:02.5632761Z           "0"
2026-09-29T01:09:02.5632947Z         ],
2026-09-29T01:09:02.5633136Z         [
2026-09-29T01:09:02.5633316Z           "full",
2026-09-29T01:09:02.5633504Z           "36",
2026-09-29T01:09:02.5633687Z           "8",
2026-09-29T01:09:02.5633863Z           "0"
2026-09-29T01:09:02.5634042Z         ]
2026-09-29T01:09:02.5634219Z       ],
2026-09-29T01:09:02.5634418Z       "credit_checks": [
2026-09-29T01:09:02.5634652Z         [
2026-09-29T01:09:02.5634825Z           "32",
2026-09-29T01:09:02.5635010Z           "8",
2026-09-29T01:09:02.5635191Z           "0"
2026-09-29T01:09:02.5635369Z         ],
2026-09-29T01:09:02.5635704Z         [
2026-09-29T01:09:02.5635898Z           "32",
2026-09-29T01:09:02.5636089Z           "11",
2026-09-29T01:09:02.5636268Z           "3"
2026-09-29T01:09:02.5636448Z         ]
2026-09-29T01:09:02.5636621Z       ],
2026-09-29T01:09:02.5636827Z       "first_product_latency_cycles": 4,
2026-09-29T01:09:02.5637106Z       "final_cycle": 403,
2026-09-29T01:09:02.5637327Z       "rows": [
2026-09-29T01:09:02.5637509Z         [
2026-09-29T01:09:02.5637689Z           0,
2026-09-29T01:09:02.5637877Z           17179869184,
2026-09-29T01:09:02.5638077Z           4,
2026-09-29T01:09:02.5638254Z           0
2026-09-29T01:09:02.5638430Z         ],
2026-09-29T01:09:02.5638601Z         [
2026-09-29T01:09:02.5638770Z           1,
2026-09-29T01:09:02.5638949Z           17179738112,
2026-09-29T01:09:02.5639143Z           5,
2026-09-29T01:09:02.5639322Z           1
2026-09-29T01:09:02.5639508Z         ],
2026-09-29T01:09:02.5639686Z         [
2026-09-29T01:09:02.5639858Z           2,
2026-09-29T01:09:02.5640192Z           8589934592,
2026-09-29T01:09:02.5640386Z           6,
2026-09-29T01:09:02.5640563Z           2
2026-09-29T01:09:02.5640738Z         ],
2026-09-29T01:09:02.5640910Z         [
2026-09-29T01:09:02.5641079Z           3,
2026-09-29T01:09:02.5641252Z           131072,
2026-09-29T01:09:02.5641440Z           72,
2026-09-29T01:09:02.5641616Z           4
2026-09-29T01:09:02.5641790Z         ],
2026-09-29T01:09:02.5641970Z         [
2026-09-29T01:09:02.5642254Z           4,
2026-09-29T01:09:02.5642430Z           0,
2026-09-29T01:09:02.5642603Z           73,
2026-09-29T01:09:02.5642780Z           5
2026-09-29T01:09:02.5642953Z         ],
2026-09-29T01:09:02.5643125Z         [
2026-09-29T01:09:02.5643296Z           5,
2026-09-29T01:09:02.5643483Z           -131072,
2026-09-29T01:09:02.5643676Z           74,
2026-09-29T01:09:02.5643853Z           6
2026-09-29T01:09:02.5644029Z         ],
2026-09-29T01:09:02.5644205Z         [
2026-09-29T01:09:02.5644383Z           6,
2026-09-29T01:09:02.5644579Z           -8589803520,
2026-09-29T01:09:02.5644775Z           75,
2026-09-29T01:09:02.5644952Z           8
2026-09-29T01:09:02.5645128Z         ],
2026-09-29T01:09:02.5645300Z         [
2026-09-29T01:09:02.5645473Z           7,
2026-09-29T01:09:02.5645781Z           -17179738112,
2026-09-29T01:09:02.5645984Z           76,
2026-09-29T01:09:02.5646161Z           9
2026-09-29T01:09:02.5646336Z         ],
2026-09-29T01:09:02.5646507Z         [
2026-09-29T01:09:02.5646693Z           8,
2026-09-29T01:09:02.5646872Z           17179738112,
2026-09-29T01:09:02.5647066Z           77,
2026-09-29T01:09:02.5647243Z           10
2026-09-29T01:09:02.5647418Z         ],
2026-09-29T01:09:02.5647592Z         [
2026-09-29T01:09:02.5647769Z           9,
2026-09-29T01:09:02.5647946Z           17179607041,
2026-09-29T01:09:02.5648138Z           78,
2026-09-29T01:09:02.5648315Z           12
2026-09-29T01:09:02.5648488Z         ],
2026-09-29T01:09:02.5648661Z         [
2026-09-29T01:09:02.5648833Z           10,
2026-09-29T01:09:02.5649031Z           8589869056,
2026-09-29T01:09:02.5649229Z           80,
2026-09-29T01:09:02.5649402Z           13
2026-09-29T01:09:02.5649574Z         ],
2026-09-29T01:09:02.5649746Z         [
2026-09-29T01:09:02.5649922Z           11,
2026-09-29T01:09:02.5650102Z           131071,
2026-09-29T01:09:02.5650287Z           81,
2026-09-29T01:09:02.5650468Z           73
2026-09-29T01:09:02.5650647Z         ],
2026-09-29T01:09:02.5650818Z         [
2026-09-29T01:09:02.5650998Z           12,
2026-09-29T01:09:02.5651174Z           0,
2026-09-29T01:09:02.5651356Z           82,
2026-09-29T01:09:02.5651534Z           74
2026-09-29T01:09:02.5651715Z         ],
2026-09-29T01:09:02.5651889Z         [
2026-09-29T01:09:02.5652064Z           13,
2026-09-29T01:09:02.5652246Z           -131071,
2026-09-29T01:09:02.5652435Z           83,
2026-09-29T01:09:02.5652615Z           76
2026-09-29T01:09:02.5652802Z         ],
2026-09-29T01:09:02.5652981Z         [
2026-09-29T01:09:02.5653159Z           14,
2026-09-29T01:09:02.5653353Z           -8589737985,
2026-09-29T01:09:02.5653564Z           84,
2026-09-29T01:09:02.5653745Z           77
2026-09-29T01:09:02.5653925Z         ],
2026-09-29T01:09:02.5654105Z         [
2026-09-29T01:09:02.5654281Z           15,
2026-09-29T01:09:02.5654470Z           -17179607041,
2026-09-29T01:09:02.5654685Z           85,
2026-09-29T01:09:02.5654864Z           78
2026-09-29T01:09:02.5655041Z         ],
2026-09-29T01:09:02.5655214Z         [
2026-09-29T01:09:02.5655392Z           16,
2026-09-29T01:09:02.5655731Z           8589934592,
2026-09-29T01:09:02.5655928Z           86,
2026-09-29T01:09:02.5656113Z           80
2026-09-29T01:09:02.5656289Z         ],
2026-09-29T01:09:02.5656460Z         [
2026-09-29T01:09:02.5656630Z           17,
2026-09-29T01:09:02.5656806Z           8589869056,
2026-09-29T01:09:02.5657001Z           88,
2026-09-29T01:09:02.5657178Z           81
2026-09-29T01:09:02.5657352Z         ],
2026-09-29T01:09:02.5657522Z         [
2026-09-29T01:09:02.5657692Z           18,
2026-09-29T01:09:02.5658010Z           4294967296,
2026-09-29T01:09:02.5658202Z           89,
2026-09-29T01:09:02.5658377Z           82
2026-09-29T01:09:02.5658558Z         ],
2026-09-29T01:09:02.5658729Z         [
2026-09-29T01:09:02.5658898Z           19,
2026-09-29T01:09:02.5659075Z           65536,
2026-09-29T01:09:02.5659263Z           90,
2026-09-29T01:09:02.5659443Z           84
2026-09-29T01:09:02.5659620Z         ],
2026-09-29T01:09:02.5659797Z         [
2026-09-29T01:09:02.5660124Z           20,
2026-09-29T01:09:02.5660305Z           0,
2026-09-29T01:09:02.5660483Z           91,
2026-09-29T01:09:02.5660658Z           85
2026-09-29T01:09:02.5660832Z         ],
2026-09-29T01:09:02.5661018Z         [
2026-09-29T01:09:02.5661189Z           21,
2026-09-29T01:09:02.5661375Z           -65536,
2026-09-29T01:09:02.5661565Z           92,
2026-09-29T01:09:02.5661749Z           86
2026-09-29T01:09:02.5661936Z         ],
2026-09-29T01:09:02.5662119Z         [
2026-09-29T01:09:02.5662292Z           22,
2026-09-29T01:09:02.5662482Z           -4294901760,
2026-09-29T01:09:02.5662682Z           93,
2026-09-29T01:09:02.5662862Z           88
2026-09-29T01:09:02.5663043Z         ],
2026-09-29T01:09:02.5663223Z         [
2026-09-29T01:09:02.5663395Z           23,
2026-09-29T01:09:02.5663581Z           -8589869056,
2026-09-29T01:09:02.5663776Z           94,
2026-09-29T01:09:02.5663955Z           89
2026-09-29T01:09:02.5664135Z         ],
2026-09-29T01:09:02.5664310Z         [
2026-09-29T01:09:02.5664486Z           24,
2026-09-29T01:09:02.5664674Z           131072,
2026-09-29T01:09:02.5664865Z           96,
2026-09-29T01:09:02.5665042Z           90
2026-09-29T01:09:02.5665221Z         ],
2026-09-29T01:09:02.5665395Z         [
2026-09-29T01:09:02.5665865Z           25,
2026-09-29T01:09:02.5688939Z           131071,
2026-09-29T01:09:02.5689174Z           97,
2026-09-29T01:09:02.5689370Z           92
2026-09-29T01:09:02.5689548Z         ],
2026-09-29T01:09:02.5689728Z         [
2026-09-29T01:09:02.5689905Z           26,
2026-09-29T01:09:02.5690101Z           65536,
2026-09-29T01:09:02.5690286Z           98,
2026-09-29T01:09:02.5690460Z           93
2026-09-29T01:09:02.5690637Z         ],
2026-09-29T01:09:02.5690812Z         [
2026-09-29T01:09:02.5690982Z           27,
2026-09-29T01:09:02.5691157Z           1,
2026-09-29T01:09:02.5691340Z           99,
2026-09-29T01:09:02.5691516Z           94
2026-09-29T01:09:02.5691687Z         ],
2026-09-29T01:09:02.5691857Z         [
2026-09-29T01:09:02.5692029Z           28,
2026-09-29T01:09:02.5692210Z           0,
2026-09-29T01:09:02.5692389Z           100,
2026-09-29T01:09:02.5692571Z           96
2026-09-29T01:09:02.5692746Z         ],
2026-09-29T01:09:02.5692922Z         [
2026-09-29T01:09:02.5693103Z           29,
2026-09-29T01:09:02.5693286Z           -1,
2026-09-29T01:09:02.5693472Z           101,
2026-09-29T01:09:02.5693662Z           97
2026-09-29T01:09:02.5693845Z         ],
2026-09-29T01:09:02.5694021Z         [
2026-09-29T01:09:02.5694192Z           30,
2026-09-29T01:09:02.5694381Z           -65535,
2026-09-29T01:09:02.5694582Z           102,
2026-09-29T01:09:02.5694767Z           98
2026-09-29T01:09:02.5694944Z         ],
2026-09-29T01:09:02.5695117Z         [
2026-09-29T01:09:02.5695290Z           31,
2026-09-29T01:09:02.5695473Z           -131071,
2026-09-29T01:09:02.5695812Z           104,
2026-09-29T01:09:02.5695999Z           100
2026-09-29T01:09:02.5696213Z         ],
2026-09-29T01:09:02.5696392Z         [
2026-09-29T01:09:02.5696563Z           32,
2026-09-29T01:09:02.5696745Z           0,
2026-09-29T01:09:02.5696925Z           105,
2026-09-29T01:09:02.5697112Z           101
2026-09-29T01:09:02.5697289Z         ],
2026-09-29T01:09:02.5697458Z         [
2026-09-29T01:09:02.5697630Z           33,
2026-09-29T01:09:02.5697805Z           0,
2026-09-29T01:09:02.5697982Z           106,
2026-09-29T01:09:02.5698158Z           102
2026-09-29T01:09:02.5698338Z         ],
2026-09-29T01:09:02.5698512Z         [
2026-09-29T01:09:02.5698685Z           34,
2026-09-29T01:09:02.5698858Z           0,
2026-09-29T01:09:02.5699294Z           108,
2026-09-29T01:09:02.5699473Z           104
2026-09-29T01:09:02.5699646Z         ],
2026-09-29T01:09:02.5699817Z         [
2026-09-29T01:09:02.5699989Z           35,
2026-09-29T01:09:02.5700161Z           0,
2026-09-29T01:09:02.5700335Z           109,
2026-09-29T01:09:02.5700530Z           105
2026-09-29T01:09:02.5700703Z         ],
2026-09-29T01:09:02.5700881Z         [
2026-09-29T01:09:02.5701055Z           36,
2026-09-29T01:09:02.5701353Z           0,
2026-09-29T01:09:02.5701545Z           110,
2026-09-29T01:09:02.5701724Z           106
2026-09-29T01:09:02.5701899Z         ],
2026-09-29T01:09:02.5702076Z         [
2026-09-29T01:09:02.5702242Z           37,
2026-09-29T01:09:02.5702417Z           0,
2026-09-29T01:09:02.5702594Z           112,
2026-09-29T01:09:02.5702773Z           108
2026-09-29T01:09:02.5702950Z         ],
2026-09-29T01:09:02.5703120Z         [
2026-09-29T01:09:02.5703296Z           38,
2026-09-29T01:09:02.5703467Z           0,
2026-09-29T01:09:02.5703644Z           113,
2026-09-29T01:09:02.5703823Z           109
2026-09-29T01:09:02.5703995Z         ],
2026-09-29T01:09:02.5704164Z         [
2026-09-29T01:09:02.5704336Z           39,
2026-09-29T01:09:02.5704509Z           0,
2026-09-29T01:09:02.5704683Z           114,
2026-09-29T01:09:02.5704858Z           110
2026-09-29T01:09:02.5705030Z         ],
2026-09-29T01:09:02.5705201Z         [
2026-09-29T01:09:02.5705373Z           40,
2026-09-29T01:09:02.5705814Z           -131072,
2026-09-29T01:09:02.5706102Z           116,
2026-09-29T01:09:02.5706287Z           112
2026-09-29T01:09:02.5706462Z         ],
2026-09-29T01:09:02.5706631Z         [
2026-09-29T01:09:02.5706803Z           41,
2026-09-29T01:09:02.5706982Z           -131071,
2026-09-29T01:09:02.5707168Z           117,
2026-09-29T01:09:02.5707343Z           113
2026-09-29T01:09:02.5707515Z         ],
2026-09-29T01:09:02.5707686Z         [
2026-09-29T01:09:02.5707857Z           42,
2026-09-29T01:09:02.5708040Z           -65536,
2026-09-29T01:09:02.5708227Z           118,
2026-09-29T01:09:02.5708406Z           114
2026-09-29T01:09:02.5708582Z         ],
2026-09-29T01:09:02.5708753Z         [
2026-09-29T01:09:02.5708922Z           43,
2026-09-29T01:09:02.5709098Z           -1,
2026-09-29T01:09:02.5709273Z           120,
2026-09-29T01:09:02.5709446Z           116
2026-09-29T01:09:02.5709617Z         ],
2026-09-29T01:09:02.5709789Z         [
2026-09-29T01:09:02.5709957Z           44,
2026-09-29T01:09:02.5710132Z           0,
2026-09-29T01:09:02.5710322Z           121,
2026-09-29T01:09:02.5710507Z           117
2026-09-29T01:09:02.5710693Z         ],
2026-09-29T01:09:02.5710868Z         [
2026-09-29T01:09:02.5711037Z           45,
2026-09-29T01:09:02.5711213Z           1,
2026-09-29T01:09:02.5711389Z           122,
2026-09-29T01:09:02.5711567Z           118
2026-09-29T01:09:02.5711740Z         ],
2026-09-29T01:09:02.5711908Z         [
2026-09-29T01:09:02.5712079Z           46,
2026-09-29T01:09:02.5712256Z           65535,
2026-09-29T01:09:02.5712445Z           124,
2026-09-29T01:09:02.5712635Z           120
2026-09-29T01:09:02.5712807Z         ],
2026-09-29T01:09:02.5712978Z         [
2026-09-29T01:09:02.5713149Z           47,
2026-09-29T01:09:02.5713326Z           131071,
2026-09-29T01:09:02.5713511Z           125,
2026-09-29T01:09:02.5713689Z           121
2026-09-29T01:09:02.5713860Z         ],
2026-09-29T01:09:02.5714028Z         [
2026-09-29T01:09:02.5714198Z           48,
2026-09-29T01:09:02.5714380Z           -8589803520,
2026-09-29T01:09:02.5714601Z           126,
2026-09-29T01:09:02.5714780Z           122
2026-09-29T01:09:02.5714952Z         ],
2026-09-29T01:09:02.5715118Z         [
2026-09-29T01:09:02.5715280Z           49,
2026-09-29T01:09:02.5715451Z           -8589737985,
2026-09-29T01:09:02.5715852Z           128,
2026-09-29T01:09:02.5716087Z           124
2026-09-29T01:09:02.5716264Z         ],
2026-09-29T01:09:02.5716437Z         [
2026-09-29T01:09:02.5716600Z           50,
2026-09-29T01:09:02.5716774Z           -4294901760,
2026-09-29T01:09:02.5716965Z           129,
2026-09-29T01:09:02.5717308Z           125
2026-09-29T01:09:02.5717476Z         ],
2026-09-29T01:09:02.5717641Z         [
2026-09-29T01:09:02.5717808Z           51,
2026-09-29T01:09:02.5718017Z           -65535,
2026-09-29T01:09:02.5718207Z           130,
2026-09-29T01:09:02.5718380Z           126
2026-09-29T01:09:02.5718551Z         ],
2026-09-29T01:09:02.5718730Z         [
2026-09-29T01:09:02.5718897Z           52,
2026-09-29T01:09:02.5719069Z           0,
2026-09-29T01:09:02.5719371Z           132,
2026-09-29T01:09:02.5719550Z           128
2026-09-29T01:09:02.5719730Z         ],
2026-09-29T01:09:02.5719897Z         [
2026-09-29T01:09:02.5720061Z           53,
2026-09-29T01:09:02.5720229Z           65535,
2026-09-29T01:09:02.5720412Z           133,
2026-09-29T01:09:02.5720591Z           129
2026-09-29T01:09:02.5720762Z         ],
2026-09-29T01:09:02.5720930Z         [
2026-09-29T01:09:02.5721099Z           54,
2026-09-29T01:09:02.5721280Z           4294836225,
2026-09-29T01:09:02.5721471Z           134,
2026-09-29T01:09:02.5721649Z           130
2026-09-29T01:09:02.5721821Z         ],
2026-09-29T01:09:02.5721987Z         [
2026-09-29T01:09:02.5722154Z           55,
2026-09-29T01:09:02.5722325Z           8589737985,
2026-09-29T01:09:02.5722511Z           136,
2026-09-29T01:09:02.5722683Z           132
2026-09-29T01:09:02.5722854Z         ],
2026-09-29T01:09:02.5723020Z         [
2026-09-29T01:09:02.5723184Z           56,
2026-09-29T01:09:02.5723373Z           -17179738112,
2026-09-29T01:09:02.5723576Z           137,
2026-09-29T01:09:02.5723746Z           133
2026-09-29T01:09:02.5723914Z         ],
2026-09-29T01:09:02.5724083Z         [
2026-09-29T01:09:02.5724248Z           57,
2026-09-29T01:09:02.5724424Z           -17179607041,
2026-09-29T01:09:02.5724615Z           138,
2026-09-29T01:09:02.5724785Z           134
2026-09-29T01:09:02.5724956Z         ],
2026-09-29T01:09:02.5725122Z         [
2026-09-29T01:09:02.5725292Z           58,
2026-09-29T01:09:02.5725471Z           -8589869056,
2026-09-29T01:09:02.5725824Z           140,
2026-09-29T01:09:02.5726008Z           136
2026-09-29T01:09:02.5726188Z         ],
2026-09-29T01:09:02.5726354Z         [
2026-09-29T01:09:02.5726523Z           59,
2026-09-29T01:09:02.5726708Z           -131071,
2026-09-29T01:09:02.5726897Z           141,
2026-09-29T01:09:02.5727069Z           137
2026-09-29T01:09:02.5727242Z         ],
2026-09-29T01:09:02.5727412Z         [
2026-09-29T01:09:02.5727575Z           60,
2026-09-29T01:09:02.5727755Z           0,
2026-09-29T01:09:02.5727933Z           142,
2026-09-29T01:09:02.5728103Z           138
2026-09-29T01:09:02.5728270Z         ],
2026-09-29T01:09:02.5728433Z         [
2026-09-29T01:09:02.5728599Z           61,
2026-09-29T01:09:02.5728772Z           131071,
2026-09-29T01:09:02.5728953Z           144,
2026-09-29T01:09:02.5729123Z           140
2026-09-29T01:09:02.5729294Z         ],
2026-09-29T01:09:02.5729460Z         [
2026-09-29T01:09:02.5729627Z           62,
2026-09-29T01:09:02.5729795Z           8589737985,
2026-09-29T01:09:02.5729990Z           145,
2026-09-29T01:09:02.5730166Z           141
2026-09-29T01:09:02.5730337Z         ],
2026-09-29T01:09:02.5730505Z         [
2026-09-29T01:09:02.5730672Z           63,
2026-09-29T01:09:02.5730841Z           17179607041,
2026-09-29T01:09:02.5731031Z           146,
2026-09-29T01:09:02.5731203Z           142
2026-09-29T01:09:02.5731373Z         ],
2026-09-29T01:09:02.5731539Z         [
2026-09-29T01:09:02.5731708Z           64,
2026-09-29T01:09:02.5731887Z           -1812934134,
2026-09-29T01:09:02.5732075Z           148,
2026-09-29T01:09:02.5732253Z           144
2026-09-29T01:09:02.5732422Z         ],
2026-09-29T01:09:02.5732585Z         [
2026-09-29T01:09:02.5732748Z           65,
2026-09-29T01:09:02.5732917Z           1536096423,
2026-09-29T01:09:02.5733104Z           149,
2026-09-29T01:09:02.5733276Z           145
2026-09-29T01:09:02.5733442Z         ],
2026-09-29T01:09:02.5733603Z         [
2026-09-29T01:09:02.5733767Z           66,
2026-09-29T01:09:02.5733937Z           5440644901,
2026-09-29T01:09:02.5734270Z           150,
2026-09-29T01:09:02.5734445Z           146
2026-09-29T01:09:02.5734622Z         ],
2026-09-29T01:09:02.5734790Z         [
2026-09-29T01:09:02.5734959Z           67,
2026-09-29T01:09:02.5735133Z           -1273939616,
2026-09-29T01:09:02.5735323Z           152,
2026-09-29T01:09:02.5735495Z           148
2026-09-29T01:09:02.5735786Z         ],
2026-09-29T01:09:02.5735957Z         [
2026-09-29T01:09:02.5736124Z           68,
2026-09-29T01:09:02.5736425Z           -12752632370,
2026-09-29T01:09:02.5736625Z           153,
2026-09-29T01:09:02.5736795Z           149
2026-09-29T01:09:02.5736964Z         ],
2026-09-29T01:09:02.5737132Z         [
2026-09-29T01:09:02.5737296Z           69,
2026-09-29T01:09:02.5737475Z           -607328616,
2026-09-29T01:09:02.5737663Z           154,
2026-09-29T01:09:02.5737835Z           150
2026-09-29T01:09:02.5738013Z         ],
2026-09-29T01:09:02.5738180Z         [
2026-09-29T01:09:02.5738345Z           70,
2026-09-29T01:09:02.5738532Z           -6377379840,
2026-09-29T01:09:02.5738722Z           156,
2026-09-29T01:09:02.5738900Z           152
2026-09-29T01:09:02.5739068Z         ],
2026-09-29T01:09:02.5739237Z         [
2026-09-29T01:09:02.5739403Z           71,
2026-09-29T01:09:02.5739577Z           3259767414,
2026-09-29T01:09:02.5739762Z           157,
2026-09-29T01:09:02.5739936Z           153
2026-09-29T01:09:02.5740112Z         ],
2026-09-29T01:09:02.5740280Z         [
2026-09-29T01:09:02.5740449Z           72,
2026-09-29T01:09:02.5740625Z           -1258525909,
2026-09-29T01:09:02.5740817Z           158,
2026-09-29T01:09:02.5740988Z           154
2026-09-29T01:09:02.5741158Z         ],
2026-09-29T01:09:02.5741329Z         [
2026-09-29T01:09:02.5741502Z           73,
2026-09-29T01:09:02.5741706Z           -791561888,
2026-09-29T01:09:02.5741917Z           160,
2026-09-29T01:09:02.5742104Z           156
2026-09-29T01:09:02.5742285Z         ],
2026-09-29T01:09:02.5742460Z         [
2026-09-29T01:09:02.5742633Z           74,
2026-09-29T01:09:02.5742817Z           902971662,
2026-09-29T01:09:02.5743015Z           161,
2026-09-29T01:09:02.5743191Z           157
2026-09-29T01:09:02.5743365Z         ],
2026-09-29T01:09:02.5743538Z         [
2026-09-29T01:09:02.5743709Z           75,
2026-09-29T01:09:02.5743881Z           888344330,
2026-09-29T01:09:02.5744069Z           162,
2026-09-29T01:09:02.5744238Z           158
2026-09-29T01:09:02.5744408Z         ],
2026-09-29T01:09:02.5744583Z         [
2026-09-29T01:09:02.5744754Z           76,
2026-09-29T01:09:02.5744920Z           584066688,
2026-09-29T01:09:02.5745100Z           164,
2026-09-29T01:09:02.5745268Z           160
2026-09-29T01:09:02.5745438Z         ],
2026-09-29T01:09:02.5745721Z         [
2026-09-29T01:09:02.5745895Z           77,
2026-09-29T01:09:02.5746076Z           372219408,
2026-09-29T01:09:02.5746255Z           165,
2026-09-29T01:09:02.5746424Z           161
2026-09-29T01:09:02.5746590Z         ],
2026-09-29T01:09:02.5746757Z         [
2026-09-29T01:09:02.5746921Z           78,
2026-09-29T01:09:02.5747113Z           -2405879000,
2026-09-29T01:09:02.5747314Z           166,
2026-09-29T01:09:02.5747484Z           162
2026-09-29T01:09:02.5747653Z         ],
2026-09-29T01:09:02.5747821Z         [
2026-09-29T01:09:02.5747987Z           79,
2026-09-29T01:09:02.5748162Z           71768433,
2026-09-29T01:09:02.5748353Z           168,
2026-09-29T01:09:02.5748527Z           164
2026-09-29T01:09:02.5748695Z         ],
2026-09-29T01:09:02.5748864Z         [
2026-09-29T01:09:02.5749029Z           80,
2026-09-29T01:09:02.5749200Z           16411239500,
2026-09-29T01:09:02.5749384Z           169,
2026-09-29T01:09:02.5749551Z           165
2026-09-29T01:09:02.5749716Z         ],
2026-09-29T01:09:02.5749877Z         [
2026-09-29T01:09:02.5750036Z           81,
2026-09-29T01:09:02.5750214Z           -5474329920,
2026-09-29T01:09:02.5750409Z           170,
2026-09-29T01:09:02.5750582Z           166
2026-09-29T01:09:02.5750747Z         ],
2026-09-29T01:09:02.5750910Z         [
2026-09-29T01:09:02.5751216Z           82,
2026-09-29T01:09:02.5751385Z           31939503,
2026-09-29T01:09:02.5751573Z           172,
2026-09-29T01:09:02.5751744Z           168
2026-09-29T01:09:02.5751915Z         ],
2026-09-29T01:09:02.5752083Z         [
2026-09-29T01:09:02.5752249Z           83,
2026-09-29T01:09:02.5752429Z           -15618524922,
2026-09-29T01:09:02.5752634Z           173,
2026-09-29T01:09:02.5752811Z           169
2026-09-29T01:09:02.5752979Z         ],
2026-09-29T01:09:02.5753259Z         [
2026-09-29T01:09:02.5753434Z           84,
2026-09-29T01:09:02.5753609Z           8478108672,
2026-09-29T01:09:02.5753801Z           174,
2026-09-29T01:09:02.5753973Z           170
2026-09-29T01:09:02.5754145Z         ],
2026-09-29T01:09:02.5754312Z         [
2026-09-29T01:09:02.5754474Z           85,
2026-09-29T01:09:02.5754647Z           10250611884,
2026-09-29T01:09:02.5754837Z           176,
2026-09-29T01:09:02.5755018Z           172
2026-09-29T01:09:02.5755188Z         ],
2026-09-29T01:09:02.5755353Z         [
2026-09-29T01:09:02.5755522Z           86,
2026-09-29T01:09:02.5755957Z           2264339706,
2026-09-29T01:09:02.5756144Z           177,
2026-09-29T01:09:02.5756321Z           173
2026-09-29T01:09:02.5756490Z         ],
2026-09-29T01:09:02.5756652Z         [
2026-09-29T01:09:02.5756818Z           87,
2026-09-29T01:09:02.5756989Z           2695134585,
2026-09-29T01:09:02.5757174Z           178,
2026-09-29T01:09:02.5757348Z           174
2026-09-29T01:09:02.5757525Z         ],
2026-09-29T01:09:02.5757696Z         [
2026-09-29T01:09:02.5757861Z           88,
2026-09-29T01:09:02.5758034Z           8201213685,
2026-09-29T01:09:02.5758217Z           180,
2026-09-29T01:09:02.5758387Z           176
2026-09-29T01:09:02.5758554Z         ],
2026-09-29T01:09:02.5758720Z         [
2026-09-29T01:09:02.5758886Z           89,
2026-09-29T01:09:02.5759055Z           3471693654,
2026-09-29T01:09:02.5759241Z           181,
2026-09-29T01:09:02.5759411Z           177
2026-09-29T01:09:02.5759584Z         ],
2026-09-29T01:09:02.5759760Z         [
2026-09-29T01:09:02.5759924Z           90,
2026-09-29T01:09:02.5760097Z           6307213752,
2026-09-29T01:09:02.5760285Z           182,
2026-09-29T01:09:02.5760458Z           178
2026-09-29T01:09:02.5760629Z         ],
2026-09-29T01:09:02.5760795Z         [
2026-09-29T01:09:02.5760960Z           91,
2026-09-29T01:09:02.5761134Z           2718206208,
2026-09-29T01:09:02.5761319Z           184,
2026-09-29T01:09:02.5761496Z           180
2026-09-29T01:09:02.5761673Z         ],
2026-09-29T01:09:02.5761845Z         [
2026-09-29T01:09:02.5762006Z           92,
2026-09-29T01:09:02.5762185Z           -901614816,
2026-09-29T01:09:02.5762372Z           185,
2026-09-29T01:09:02.5762543Z           181
2026-09-29T01:09:02.5762718Z         ],
2026-09-29T01:09:02.5762888Z         [
2026-09-29T01:09:02.5763055Z           93,
2026-09-29T01:09:02.5763231Z           -8597096948,
2026-09-29T01:09:02.5763423Z           186,
2026-09-29T01:09:02.5763598Z           182
2026-09-29T01:09:02.5763772Z         ],
2026-09-29T01:09:02.5763944Z         [
2026-09-29T01:09:02.5764116Z           94,
2026-09-29T01:09:02.5764289Z           5107604787,
2026-09-29T01:09:02.5764476Z           188,
2026-09-29T01:09:02.5764651Z           184
2026-09-29T01:09:02.5764826Z         ],
2026-09-29T01:09:02.5764993Z         [
2026-09-29T01:09:02.5765162Z           95,
2026-09-29T01:09:02.5765337Z           -3720163642,
2026-09-29T01:09:02.5765524Z           189,
2026-09-29T01:09:02.5765817Z           185
2026-09-29T01:09:02.5765992Z         ],
2026-09-29T01:09:02.5766161Z         [
2026-09-29T01:09:02.5766329Z           96,
2026-09-29T01:09:02.5766501Z           3863090606,
2026-09-29T01:09:02.5766680Z           190,
2026-09-29T01:09:02.5766850Z           186
2026-09-29T01:09:02.5767020Z         ],
2026-09-29T01:09:02.5767193Z         [
2026-09-29T01:09:02.5767359Z           97,
2026-09-29T01:09:02.5767536Z           -2133102250,
2026-09-29T01:09:02.5767743Z           192,
2026-09-29T01:09:02.5767928Z           188
2026-09-29T01:09:02.5768105Z         ],
2026-09-29T01:09:02.5768423Z         [
2026-09-29T01:09:02.5768599Z           98,
2026-09-29T01:09:02.5768782Z           2834704125,
2026-09-29T01:09:02.5768977Z           193,
2026-09-29T01:09:02.5769152Z           189
2026-09-29T01:09:02.5769323Z         ],
2026-09-29T01:09:02.5769492Z         [
2026-09-29T01:09:02.5769661Z           99,
2026-09-29T01:09:02.5769832Z           3368971552,
2026-09-29T01:09:02.5770020Z           194,
2026-09-29T01:09:02.5770305Z           190
2026-09-29T01:09:02.5770478Z         ],
2026-09-29T01:09:02.5770643Z         [
2026-09-29T01:09:02.5770807Z           100,
2026-09-29T01:09:02.5770984Z           20311090,
2026-09-29T01:09:02.5771179Z           196,
2026-09-29T01:09:02.5771352Z           192
2026-09-29T01:09:02.5771523Z         ],
2026-09-29T01:09:02.5771692Z         [
2026-09-29T01:09:02.5771861Z           101,
2026-09-29T01:09:02.5772036Z           245637696,
2026-09-29T01:09:02.5772226Z           197,
2026-09-29T01:09:02.5772395Z           193
2026-09-29T01:09:02.5772573Z         ],
2026-09-29T01:09:02.5772738Z         [
2026-09-29T01:09:02.5772904Z           102,
2026-09-29T01:09:02.5773082Z           3323859808,
2026-09-29T01:09:02.5773273Z           198,
2026-09-29T01:09:02.5773442Z           194
2026-09-29T01:09:02.5773609Z         ],
2026-09-29T01:09:02.5773775Z         [
2026-09-29T01:09:02.5773939Z           103,
2026-09-29T01:09:02.5774111Z           442939536,
2026-09-29T01:09:02.5774299Z           200,
2026-09-29T01:09:02.5774487Z           196
2026-09-29T01:09:02.5774659Z         ],
2026-09-29T01:09:02.5774828Z         [
2026-09-29T01:09:02.5774997Z           104,
2026-09-29T01:09:02.5775179Z           -9379895688,
2026-09-29T01:09:02.5775378Z           201,
2026-09-29T01:09:02.5775675Z           197
2026-09-29T01:09:02.5775850Z         ],
2026-09-29T01:09:02.5776022Z         [
2026-09-29T01:09:02.5776192Z           105,
2026-09-29T01:09:02.5776372Z           1685694500,
2026-09-29T01:09:02.5776561Z           202,
2026-09-29T01:09:02.5776737Z           198
2026-09-29T01:09:02.5776916Z         ],
2026-09-29T01:09:02.5777089Z         [
2026-09-29T01:09:02.5777257Z           106,
2026-09-29T01:09:02.5777442Z           -1898208402,
2026-09-29T01:09:02.5777634Z           204,
2026-09-29T01:09:02.5777821Z           200
2026-09-29T01:09:02.5777997Z         ],
2026-09-29T01:09:02.5778169Z         [
2026-09-29T01:09:02.5778342Z           107,
2026-09-29T01:09:02.5778539Z           -8775538785,
2026-09-29T01:09:02.5778753Z           205,
2026-09-29T01:09:02.5778938Z           201
2026-09-29T01:09:02.5779123Z         ],
2026-09-29T01:09:02.5779300Z         [
2026-09-29T01:09:02.5779477Z           108,
2026-09-29T01:09:02.5779664Z           6080184628,
2026-09-29T01:09:02.5779864Z           206,
2026-09-29T01:09:02.5780048Z           202
2026-09-29T01:09:02.5780234Z         ],
2026-09-29T01:09:02.5780407Z         [
2026-09-29T01:09:02.5780575Z           109,
2026-09-29T01:09:02.5780754Z           -3037794124,
2026-09-29T01:09:02.5780950Z           208,
2026-09-29T01:09:02.5781133Z           204
2026-09-29T01:09:02.5781308Z         ],
2026-09-29T01:09:02.5781474Z         [
2026-09-29T01:09:02.5781644Z           110,
2026-09-29T01:09:02.5781821Z           -3014854747,
2026-09-29T01:09:02.5782015Z           209,
2026-09-29T01:09:02.5782189Z           205
2026-09-29T01:09:02.5782374Z         ],
2026-09-29T01:09:02.5782547Z         [
2026-09-29T01:09:02.5782714Z           111,
2026-09-29T01:09:02.5782893Z           -6843361042,
2026-09-29T01:09:02.5783087Z           210,
2026-09-29T01:09:02.5783264Z           206
2026-09-29T01:09:02.5783442Z         ],
2026-09-29T01:09:02.5783613Z         [
2026-09-29T01:09:02.5783782Z           112,
2026-09-29T01:09:02.5783959Z           6961238886,
2026-09-29T01:09:02.5784154Z           212,
2026-09-29T01:09:02.5784329Z           208
2026-09-29T01:09:02.5784503Z         ],
2026-09-29T01:09:02.5784681Z         [
2026-09-29T01:09:02.5784852Z           113,
2026-09-29T01:09:02.5785036Z           6932043736,
2026-09-29T01:09:02.5785231Z           213,
2026-09-29T01:09:02.5785652Z           209
2026-09-29T01:09:02.5785829Z         ],
2026-09-29T01:09:02.5786003Z         [
2026-09-29T01:09:02.5786172Z           114,
2026-09-29T01:09:02.5786353Z           -4783551209,
2026-09-29T01:09:02.5786546Z           214,
2026-09-29T01:09:02.5786722Z           210
2026-09-29T01:09:02.5786899Z         ],
2026-09-29T01:09:02.5787070Z         [
2026-09-29T01:09:02.5787248Z           115,
2026-09-29T01:09:02.5787549Z           -8703268750,
2026-09-29T01:09:02.5787742Z           216,
2026-09-29T01:09:02.5787916Z           212
2026-09-29T01:09:02.5788087Z         ],
2026-09-29T01:09:02.5788252Z         [
2026-09-29T01:09:02.5788416Z           116,
2026-09-29T01:09:02.5788594Z           -4253889639,
2026-09-29T01:09:02.5788783Z           217,
2026-09-29T01:09:02.5788955Z           213
2026-09-29T01:09:02.5789130Z         ],
2026-09-29T01:09:02.5789299Z         [
2026-09-29T01:09:02.5789509Z           117,
2026-09-29T01:09:02.5789692Z           -2822596000,
2026-09-29T01:09:02.5789888Z           218,
2026-09-29T01:09:02.5790065Z           214
2026-09-29T01:09:02.5790236Z         ],
2026-09-29T01:09:02.5790405Z         [
2026-09-29T01:09:02.5790575Z           118,
2026-09-29T01:09:02.5790751Z           1027954368,
2026-09-29T01:09:02.5790939Z           220,
2026-09-29T01:09:02.5791117Z           216
2026-09-29T01:09:02.5791293Z         ],
2026-09-29T01:09:02.5791463Z         [
2026-09-29T01:09:02.5791642Z           119,
2026-09-29T01:09:02.5791826Z           -125350478,
2026-09-29T01:09:02.5792022Z           221,
2026-09-29T01:09:02.5792200Z           217
2026-09-29T01:09:02.5792375Z         ],
2026-09-29T01:09:02.5792543Z         [
2026-09-29T01:09:02.5792714Z           120,
2026-09-29T01:09:02.5792891Z           6958267602,
2026-09-29T01:09:02.5793083Z           222,
2026-09-29T01:09:02.5793257Z           218
2026-09-29T01:09:02.5793431Z         ],
2026-09-29T01:09:02.5793601Z         [
2026-09-29T01:09:02.5793776Z           121,
2026-09-29T01:09:02.5793956Z           1683174220,
2026-09-29T01:09:02.5794150Z           224,
2026-09-29T01:09:02.5794325Z           220
2026-09-29T01:09:02.5794496Z         ],
2026-09-29T01:09:02.5794666Z         [
2026-09-29T01:09:02.5794835Z           122,
2026-09-29T01:09:02.5795014Z           15433981629,
2026-09-29T01:09:02.5795206Z           225,
2026-09-29T01:09:02.5795376Z           221
2026-09-29T01:09:02.5795732Z         ],
2026-09-29T01:09:02.5795984Z         [
2026-09-29T01:09:02.5796151Z           123,
2026-09-29T01:09:02.5796343Z           -5913129690,
2026-09-29T01:09:02.5796537Z           226,
2026-09-29T01:09:02.5796705Z           222
2026-09-29T01:09:02.5796875Z         ],
2026-09-29T01:09:02.5797039Z         [
2026-09-29T01:09:02.5797204Z           124,
2026-09-29T01:09:02.5797376Z           6040687733,
2026-09-29T01:09:02.5797558Z           228,
2026-09-29T01:09:02.5797725Z           224
2026-09-29T01:09:02.5797894Z         ],
2026-09-29T01:09:02.5798058Z         [
2026-09-29T01:09:02.5798226Z           125,
2026-09-29T01:09:02.5798404Z           -1214188704,
2026-09-29T01:09:02.5798592Z           229,
2026-09-29T01:09:02.5798760Z           225
2026-09-29T01:09:02.5798930Z         ],
2026-09-29T01:09:02.5799090Z         [
2026-09-29T01:09:02.5799253Z           126,
2026-09-29T01:09:02.5799423Z           -104817150,
2026-09-29T01:09:02.5799607Z           230,
2026-09-29T01:09:02.5799775Z           226
2026-09-29T01:09:02.5799942Z         ],
2026-09-29T01:09:02.5800104Z         [
2026-09-29T01:09:02.5800271Z           127,
2026-09-29T01:09:02.5800448Z           -14626756386,
2026-09-29T01:09:02.5800653Z           232,
2026-09-29T01:09:02.5800824Z           228
2026-09-29T01:09:02.5800993Z         ],
2026-09-29T01:09:02.5801156Z         [
2026-09-29T01:09:02.5801318Z           128,
2026-09-29T01:09:02.5801490Z           -9368163930,
2026-09-29T01:09:02.5801677Z           233,
2026-09-29T01:09:02.5801844Z           229
2026-09-29T01:09:02.5802011Z         ],
2026-09-29T01:09:02.5802174Z         [
2026-09-29T01:09:02.5802338Z           129,
2026-09-29T01:09:02.5802655Z           -1785403548,
2026-09-29T01:09:02.5802845Z           234,
2026-09-29T01:09:02.5803024Z           230
2026-09-29T01:09:02.5803192Z         ],
2026-09-29T01:09:02.5803356Z         [
2026-09-29T01:09:02.5803522Z           130,
2026-09-29T01:09:02.5803699Z           4263241647,
2026-09-29T01:09:02.5803886Z           236,
2026-09-29T01:09:02.5804059Z           232
2026-09-29T01:09:02.5804228Z         ],
2026-09-29T01:09:02.5804510Z         [
2026-09-29T01:09:02.5804747Z           131,
2026-09-29T01:09:02.5805094Z           -3149559560,
2026-09-29T01:09:02.5805413Z           237,
2026-09-29T01:09:02.5805988Z           233
2026-09-29T01:09:02.5806286Z         ],
2026-09-29T01:09:02.5806611Z         [
2026-09-29T01:09:02.5806958Z           132,
2026-09-29T01:09:02.5807261Z           -5378322620,
2026-09-29T01:09:02.5807670Z           238,
2026-09-29T01:09:02.5807973Z           234
2026-09-29T01:09:02.5808297Z         ],
2026-09-29T01:09:02.5808643Z         [
2026-09-29T01:09:02.5808940Z           133,
2026-09-29T01:09:02.5809288Z           4273065207,
2026-09-29T01:09:02.5809599Z           240,
2026-09-29T01:09:02.5809876Z           236
2026-09-29T01:09:02.5810270Z         ],
2026-09-29T01:09:02.5810562Z         [
2026-09-29T01:09:02.5810902Z           134,
2026-09-29T01:09:02.5811228Z           -1981257901,
2026-09-29T01:09:02.5811566Z           241,
2026-09-29T01:09:02.5811966Z           237
2026-09-29T01:09:02.5812266Z         ],
2026-09-29T01:09:02.5812587Z         [
2026-09-29T01:09:02.5812897Z           135,
2026-09-29T01:09:02.5813204Z           -4995255596,
2026-09-29T01:09:02.5822571Z           242,
2026-09-29T01:09:02.5822817Z           238
2026-09-29T01:09:02.5823009Z         ],
2026-09-29T01:09:02.5823184Z         [
2026-09-29T01:09:02.5823357Z           136,
2026-09-29T01:09:02.5823542Z           4258152747,
2026-09-29T01:09:02.5823750Z           244,
2026-09-29T01:09:02.5823937Z           240
2026-09-29T01:09:02.5824122Z         ],
2026-09-29T01:09:02.5824296Z         [
2026-09-29T01:09:02.5824485Z           137,
2026-09-29T01:09:02.5824673Z           2567812148,
2026-09-29T01:09:02.5824870Z           245,
2026-09-29T01:09:02.5825048Z           241
2026-09-29T01:09:02.5825223Z         ],
2026-09-29T01:09:02.5825397Z         [
2026-09-29T01:09:02.5825704Z           138,
2026-09-29T01:09:02.5825897Z           -1775925963,
2026-09-29T01:09:02.5825980Z           246,
2026-09-29T01:09:02.5826058Z           242
2026-09-29T01:09:02.5826146Z         ],
2026-09-29T01:09:02.5826222Z         [
2026-09-29T01:09:02.5826302Z           139,
2026-09-29T01:09:02.5826384Z           6271443255,
2026-09-29T01:09:02.5826458Z           248,
2026-09-29T01:09:02.5826538Z           244
2026-09-29T01:09:02.5826610Z         ],
2026-09-29T01:09:02.5826690Z         [
2026-09-29T01:09:02.5826763Z           140,
2026-09-29T01:09:02.5826842Z           1291624300,
2026-09-29T01:09:02.5826915Z           249,
2026-09-29T01:09:02.5826995Z           245
2026-09-29T01:09:02.5827072Z         ],
2026-09-29T01:09:02.5827150Z         [
2026-09-29T01:09:02.5827228Z           141,
2026-09-29T01:09:02.5827304Z           662851149,
2026-09-29T01:09:02.5827382Z           250,
2026-09-29T01:09:02.5827456Z           246
2026-09-29T01:09:02.5827537Z         ],
2026-09-29T01:09:02.5827610Z         [
2026-09-29T01:09:02.5827689Z           142,
2026-09-29T01:09:02.5827762Z           11508632604,
2026-09-29T01:09:02.5827843Z           252,
2026-09-29T01:09:02.5827919Z           248
2026-09-29T01:09:02.5827995Z         ],
2026-09-29T01:09:02.5828072Z         [
2026-09-29T01:09:02.5828145Z           143,
2026-09-29T01:09:02.5828229Z           -5173389205,
2026-09-29T01:09:02.5828302Z           253,
2026-09-29T01:09:02.5828381Z           249
2026-09-29T01:09:02.5828453Z         ],
2026-09-29T01:09:02.5828533Z         [
2026-09-29T01:09:02.5828613Z           144,
2026-09-29T01:09:02.5828686Z           3228326928,
2026-09-29T01:09:02.5828762Z           254,
2026-09-29T01:09:02.5828832Z           250
2026-09-29T01:09:02.5828906Z         ],
2026-09-29T01:09:02.5829170Z         [
2026-09-29T01:09:02.5829251Z           145,
2026-09-29T01:09:02.5829326Z           3290653194,
2026-09-29T01:09:02.5829406Z           256,
2026-09-29T01:09:02.5829483Z           252
2026-09-29T01:09:02.5829555Z         ],
2026-09-29T01:09:02.5829631Z         [
2026-09-29T01:09:02.5829704Z           146,
2026-09-29T01:09:02.5829787Z           -162633807,
2026-09-29T01:09:02.5829858Z           257,
2026-09-29T01:09:02.5830054Z           253
2026-09-29T01:09:02.5830131Z         ],
2026-09-29T01:09:02.5830211Z         [
2026-09-29T01:09:02.5830293Z           147,
2026-09-29T01:09:02.5830370Z           3022827996,
2026-09-29T01:09:02.5830450Z           258,
2026-09-29T01:09:02.5830525Z           254
2026-09-29T01:09:02.5830602Z         ],
2026-09-29T01:09:02.5830674Z         [
2026-09-29T01:09:02.5830754Z           148,
2026-09-29T01:09:02.5830833Z           -5782032760,
2026-09-29T01:09:02.5830911Z           260,
2026-09-29T01:09:02.5830981Z           256
2026-09-29T01:09:02.5831066Z         ],
2026-09-29T01:09:02.5831143Z         [
2026-09-29T01:09:02.5831216Z           149,
2026-09-29T01:09:02.5831295Z           2520136830,
2026-09-29T01:09:02.5831368Z           261,
2026-09-29T01:09:02.5831445Z           257
2026-09-29T01:09:02.5831518Z         ],
2026-09-29T01:09:02.5831597Z         [
2026-09-29T01:09:02.5831670Z           150,
2026-09-29T01:09:02.5831751Z           254029988,
2026-09-29T01:09:02.5831829Z           262,
2026-09-29T01:09:02.5831906Z           258
2026-09-29T01:09:02.5831984Z         ],
2026-09-29T01:09:02.5832054Z         [
2026-09-29T01:09:02.5832133Z           151,
2026-09-29T01:09:02.5832210Z           -6900593469,
2026-09-29T01:09:02.5832289Z           264,
2026-09-29T01:09:02.5832361Z           260
2026-09-29T01:09:02.5832437Z         ],
2026-09-29T01:09:02.5832514Z         [
2026-09-29T01:09:02.5832589Z           152,
2026-09-29T01:09:02.5832666Z           8837287936,
2026-09-29T01:09:02.5832739Z           265,
2026-09-29T01:09:02.5832816Z           261
2026-09-29T01:09:02.5832893Z         ],
2026-09-29T01:09:02.5832972Z         [
2026-09-29T01:09:02.5833044Z           153,
2026-09-29T01:09:02.5833127Z           -1897436898,
2026-09-29T01:09:02.5833200Z           266,
2026-09-29T01:09:02.5833280Z           262
2026-09-29T01:09:02.5833354Z         ],
2026-09-29T01:09:02.5833426Z         [
2026-09-29T01:09:02.5833501Z           154,
2026-09-29T01:09:02.5833573Z           4468673380,
2026-09-29T01:09:02.5833654Z           268,
2026-09-29T01:09:02.5833727Z           264
2026-09-29T01:09:02.5833803Z         ],
2026-09-29T01:09:02.5833873Z         [
2026-09-29T01:09:02.5833957Z           155,
2026-09-29T01:09:02.5834033Z           9791978616,
2026-09-29T01:09:02.5834105Z           269,
2026-09-29T01:09:02.5834183Z           265
2026-09-29T01:09:02.5834257Z         ],
2026-09-29T01:09:02.5834333Z         [
2026-09-29T01:09:02.5834406Z           156,
2026-09-29T01:09:02.5834491Z           -12080363082,
2026-09-29T01:09:02.5834563Z           270,
2026-09-29T01:09:02.5834643Z           266
2026-09-29T01:09:02.5834719Z         ],
2026-09-29T01:09:02.5834791Z         [
2026-09-29T01:09:02.5834872Z           157,
2026-09-29T01:09:02.5834948Z           -9706585965,
2026-09-29T01:09:02.5835037Z           272,
2026-09-29T01:09:02.5835116Z           268
2026-09-29T01:09:02.5835192Z         ],
2026-09-29T01:09:02.5835264Z         [
2026-09-29T01:09:02.5835345Z           158,
2026-09-29T01:09:02.5835423Z           398526858,
2026-09-29T01:09:02.5835498Z           273,
2026-09-29T01:09:02.5835834Z           269
2026-09-29T01:09:02.5835953Z         ],
2026-09-29T01:09:02.5836069Z         [
2026-09-29T01:09:02.5836144Z           159,
2026-09-29T01:09:02.5836227Z           621395320,
2026-09-29T01:09:02.5836300Z           274,
2026-09-29T01:09:02.5836380Z           270
2026-09-29T01:09:02.5836452Z         ],
2026-09-29T01:09:02.5836531Z         [
2026-09-29T01:09:02.5836609Z           160,
2026-09-29T01:09:02.5836685Z           4535560034,
2026-09-29T01:09:02.5836765Z           276,
2026-09-29T01:09:02.5836985Z           272
2026-09-29T01:09:02.5837065Z         ],
2026-09-29T01:09:02.5837139Z         [
2026-09-29T01:09:02.5837221Z           161,
2026-09-29T01:09:02.5837295Z           3714726708,
2026-09-29T01:09:02.5837376Z           277,
2026-09-29T01:09:02.5837454Z           273
2026-09-29T01:09:02.5837527Z         ],
2026-09-29T01:09:02.5837604Z         [
2026-09-29T01:09:02.5837677Z           162,
2026-09-29T01:09:02.5837868Z           11030475521,
2026-09-29T01:09:02.5837943Z           278,
2026-09-29T01:09:02.5838022Z           274
2026-09-29T01:09:02.5838093Z         ],
2026-09-29T01:09:02.5838172Z         [
2026-09-29T01:09:02.5838251Z           163,
2026-09-29T01:09:02.5838333Z           -4951812525,
2026-09-29T01:09:02.5838409Z           280,
2026-09-29T01:09:02.5838480Z           276
2026-09-29T01:09:02.5838558Z         ],
2026-09-29T01:09:02.5838630Z         [
2026-09-29T01:09:02.5838708Z           164,
2026-09-29T01:09:02.5838785Z           -2597372140,
2026-09-29T01:09:02.5838866Z           281,
2026-09-29T01:09:02.5838937Z           277
2026-09-29T01:09:02.5839014Z         ],
2026-09-29T01:09:02.5839090Z         [
2026-09-29T01:09:02.5839162Z           165,
2026-09-29T01:09:02.5839245Z           -8104827519,
2026-09-29T01:09:02.5839318Z           282,
2026-09-29T01:09:02.5839394Z           278
2026-09-29T01:09:02.5839465Z         ],
2026-09-29T01:09:02.5839542Z         [
2026-09-29T01:09:02.5839613Z           166,
2026-09-29T01:09:02.5839696Z           979618200,
2026-09-29T01:09:02.5839774Z           284,
2026-09-29T01:09:02.5839845Z           280
2026-09-29T01:09:02.5839921Z         ],
2026-09-29T01:09:02.5839992Z         [
2026-09-29T01:09:02.5840068Z           167,
2026-09-29T01:09:02.5840139Z           7526052927,
2026-09-29T01:09:02.5840215Z           285,
2026-09-29T01:09:02.5840286Z           281
2026-09-29T01:09:02.5840362Z         ],
2026-09-29T01:09:02.5840438Z         [
2026-09-29T01:09:02.5840510Z           168,
2026-09-29T01:09:02.5840588Z           122726373,
2026-09-29T01:09:02.5840662Z           286,
2026-09-29T01:09:02.5840736Z           282
2026-09-29T01:09:02.5840807Z         ],
2026-09-29T01:09:02.5840884Z         [
2026-09-29T01:09:02.5840958Z           169,
2026-09-29T01:09:02.5841036Z           158013894,
2026-09-29T01:09:02.5841111Z           288,
2026-09-29T01:09:02.5841188Z           284
2026-09-29T01:09:02.5841265Z         ],
2026-09-29T01:09:02.5841335Z         [
2026-09-29T01:09:02.5841415Z           170,
2026-09-29T01:09:02.5841494Z           13165065280,
2026-09-29T01:09:02.5841574Z           289,
2026-09-29T01:09:02.5841648Z           285
2026-09-29T01:09:02.5841725Z         ],
2026-09-29T01:09:02.5841802Z         [
2026-09-29T01:09:02.5841885Z           171,
2026-09-29T01:09:02.5841965Z           5770766610,
2026-09-29T01:09:02.5842039Z           290,
2026-09-29T01:09:02.5842118Z           286
2026-09-29T01:09:02.5842192Z         ],
2026-09-29T01:09:02.5842268Z         [
2026-09-29T01:09:02.5842341Z           172,
2026-09-29T01:09:02.5842424Z           -81860526,
2026-09-29T01:09:02.5842501Z           292,
2026-09-29T01:09:02.5842577Z           288
2026-09-29T01:09:02.5842655Z         ],
2026-09-29T01:09:02.5842727Z         [
2026-09-29T01:09:02.5842804Z           173,
2026-09-29T01:09:02.5842880Z           -3313680430,
2026-09-29T01:09:02.5842958Z           293,
2026-09-29T01:09:02.5843030Z           289
2026-09-29T01:09:02.5843108Z         ],
2026-09-29T01:09:02.5843181Z         [
2026-09-29T01:09:02.5843263Z           174,
2026-09-29T01:09:02.5843347Z           -3253599336,
2026-09-29T01:09:02.5843421Z           294,
2026-09-29T01:09:02.5843500Z           290
2026-09-29T01:09:02.5843573Z         ],
2026-09-29T01:09:02.5843651Z         [
2026-09-29T01:09:02.5843726Z           175,
2026-09-29T01:09:02.5843807Z           -2844330939,
2026-09-29T01:09:02.5843880Z           296,
2026-09-29T01:09:02.5843959Z           292
2026-09-29T01:09:02.5844032Z         ],
2026-09-29T01:09:02.5844111Z         [
2026-09-29T01:09:02.5844191Z           176,
2026-09-29T01:09:02.5844375Z           446973380,
2026-09-29T01:09:02.5844458Z           297,
2026-09-29T01:09:02.5844536Z           293
2026-09-29T01:09:02.5844615Z         ],
2026-09-29T01:09:02.5844685Z         [
2026-09-29T01:09:02.5844764Z           177,
2026-09-29T01:09:02.5844839Z           48302056,
2026-09-29T01:09:02.5844917Z           298,
2026-09-29T01:09:02.5844994Z           294
2026-09-29T01:09:02.5845065Z         ],
2026-09-29T01:09:02.5845147Z         [
2026-09-29T01:09:02.5845331Z           178,
2026-09-29T01:09:02.5845416Z           3149087945,
2026-09-29T01:09:02.5845492Z           300,
2026-09-29T01:09:02.5845673Z           296
2026-09-29T01:09:02.5845749Z         ],
2026-09-29T01:09:02.5845825Z         [
2026-09-29T01:09:02.5845900Z           179,
2026-09-29T01:09:02.5845981Z           4020548880,
2026-09-29T01:09:02.5846061Z           301,
2026-09-29T01:09:02.5846132Z           297
2026-09-29T01:09:02.5846206Z         ],
2026-09-29T01:09:02.5846278Z         [
2026-09-29T01:09:02.5846352Z           180,
2026-09-29T01:09:02.5846431Z           1987873228,
2026-09-29T01:09:02.5846509Z           302,
2026-09-29T01:09:02.5846581Z           298
2026-09-29T01:09:02.5846662Z         ],
2026-09-29T01:09:02.5846740Z         [
2026-09-29T01:09:02.5846814Z           181,
2026-09-29T01:09:02.5846893Z           1094376022,
2026-09-29T01:09:02.5846966Z           304,
2026-09-29T01:09:02.5847045Z           300
2026-09-29T01:09:02.5847115Z         ],
2026-09-29T01:09:02.5847194Z         [
2026-09-29T01:09:02.5847266Z           182,
2026-09-29T01:09:02.5847352Z           -388077024,
2026-09-29T01:09:02.5847427Z           305,
2026-09-29T01:09:02.5847505Z           301
2026-09-29T01:09:02.5847585Z         ],
2026-09-29T01:09:02.5847656Z         [
2026-09-29T01:09:02.5847732Z           183,
2026-09-29T01:09:02.5847815Z           -4114037970,
2026-09-29T01:09:02.5847895Z           306,
2026-09-29T01:09:02.5847967Z           302
2026-09-29T01:09:02.5848044Z         ],
2026-09-29T01:09:02.5848115Z         [
2026-09-29T01:09:02.5848199Z           184,
2026-09-29T01:09:02.5848277Z           348965460,
2026-09-29T01:09:02.5848349Z           308,
2026-09-29T01:09:02.5848423Z           304
2026-09-29T01:09:02.5848493Z         ],
2026-09-29T01:09:02.5848570Z         [
2026-09-29T01:09:02.5848645Z           185,
2026-09-29T01:09:02.5848742Z           6478525420,
2026-09-29T01:09:02.5848814Z           309,
2026-09-29T01:09:02.5848892Z           305
2026-09-29T01:09:02.5848970Z         ],
2026-09-29T01:09:02.5849045Z         [
2026-09-29T01:09:02.5849121Z           186,
2026-09-29T01:09:02.5849200Z           -9512599368,
2026-09-29T01:09:02.5849276Z           310,
2026-09-29T01:09:02.5849347Z           306
2026-09-29T01:09:02.5849425Z         ],
2026-09-29T01:09:02.5849494Z         [
2026-09-29T01:09:02.5849568Z           187,
2026-09-29T01:09:02.5849643Z           16080985161,
2026-09-29T01:09:02.5849721Z           312,
2026-09-29T01:09:02.5849798Z           308
2026-09-29T01:09:02.5849868Z         ],
2026-09-29T01:09:02.5849945Z         [
2026-09-29T01:09:02.5850028Z           188,
2026-09-29T01:09:02.5850121Z           13520990938,
2026-09-29T01:09:02.5850203Z           313,
2026-09-29T01:09:02.5850281Z           309
2026-09-29T01:09:02.5850351Z         ],
2026-09-29T01:09:02.5850428Z         [
2026-09-29T01:09:02.5850504Z           189,
2026-09-29T01:09:02.5850578Z           7298471232,
2026-09-29T01:09:02.5850651Z           314,
2026-09-29T01:09:02.5850728Z           310
2026-09-29T01:09:02.5850809Z         ],
2026-09-29T01:09:02.5850881Z         [
2026-09-29T01:09:02.5850961Z           190,
2026-09-29T01:09:02.5851042Z           -263207835,
2026-09-29T01:09:02.5851121Z           316,
2026-09-29T01:09:02.5851198Z           312
2026-09-29T01:09:02.5851270Z         ],
2026-09-29T01:09:02.5851347Z         [
2026-09-29T01:09:02.5851419Z           191,
2026-09-29T01:09:02.5851503Z           -13876775900,
2026-09-29T01:09:02.5851575Z           317,
2026-09-29T01:09:02.5851651Z           313
2026-09-29T01:09:02.5851722Z         ],
2026-09-29T01:09:02.5851949Z         [
2026-09-29T01:09:02.5852028Z           192,
2026-09-29T01:09:02.5852110Z           -8988532119,
2026-09-29T01:09:02.5852189Z           318,
2026-09-29T01:09:02.5852261Z           314
2026-09-29T01:09:02.5852338Z         ],
2026-09-29T01:09:02.5852410Z         [
2026-09-29T01:09:02.5852491Z           193,
2026-09-29T01:09:02.5852566Z           704619864,
2026-09-29T01:09:02.5852647Z           320,
2026-09-29T01:09:02.5852718Z           316
2026-09-29T01:09:02.5852905Z         ],
2026-09-29T01:09:02.5852982Z         [
2026-09-29T01:09:02.5853056Z           194,
2026-09-29T01:09:02.5853134Z           4214022749,
2026-09-29T01:09:02.5853208Z           321,
2026-09-29T01:09:02.5853285Z           317
2026-09-29T01:09:02.5853356Z         ],
2026-09-29T01:09:02.5853432Z         [
2026-09-29T01:09:02.5853505Z           195,
2026-09-29T01:09:02.5853591Z           -7664349090,
2026-09-29T01:09:02.5853673Z           322,
2026-09-29T01:09:02.5853750Z           318
2026-09-29T01:09:02.5853837Z         ],
2026-09-29T01:09:02.5853911Z         [
2026-09-29T01:09:02.5853992Z           196,
2026-09-29T01:09:02.5854071Z           -3334937646,
2026-09-29T01:09:02.5854152Z           324,
2026-09-29T01:09:02.5854223Z           320
2026-09-29T01:09:02.5854299Z         ],
2026-09-29T01:09:02.5854376Z         [
2026-09-29T01:09:02.5854449Z           197,
2026-09-29T01:09:02.5854528Z           568388499,
2026-09-29T01:09:02.5854601Z           325,
2026-09-29T01:09:02.5854680Z           321
2026-09-29T01:09:02.5854753Z         ],
2026-09-29T01:09:02.5854831Z         [
2026-09-29T01:09:02.5854904Z           198,
2026-09-29T01:09:02.5854984Z           3440311482,
2026-09-29T01:09:02.5855056Z           326,
2026-09-29T01:09:02.5855134Z           322
2026-09-29T01:09:02.5855213Z         ],
2026-09-29T01:09:02.5855286Z         [
2026-09-29T01:09:02.5855362Z           199,
2026-09-29T01:09:02.5855443Z           -746561222,
2026-09-29T01:09:02.5855518Z           328,
2026-09-29T01:09:02.5855701Z           324
2026-09-29T01:09:02.5855788Z         ],
2026-09-29T01:09:02.5855862Z         [
2026-09-29T01:09:02.5855941Z           200,
2026-09-29T01:09:02.5856021Z           3495879918,
2026-09-29T01:09:02.5856095Z           329,
2026-09-29T01:09:02.5856174Z           325
2026-09-29T01:09:02.5856248Z         ],
2026-09-29T01:09:02.5856329Z         [
2026-09-29T01:09:02.5856401Z           201,
2026-09-29T01:09:02.5856491Z           -1809123426,
2026-09-29T01:09:02.5856565Z           330,
2026-09-29T01:09:02.5856646Z           326
2026-09-29T01:09:02.5856723Z         ],
2026-09-29T01:09:02.5856795Z         [
2026-09-29T01:09:02.5856868Z           202,
2026-09-29T01:09:02.5856941Z           2451865508,
2026-09-29T01:09:02.5857016Z           332,
2026-09-29T01:09:02.5857086Z           328
2026-09-29T01:09:02.5857161Z         ],
2026-09-29T01:09:02.5857232Z         [
2026-09-29T01:09:02.5857307Z           203,
2026-09-29T01:09:02.5857381Z           2368605104,
2026-09-29T01:09:02.5857458Z           333,
2026-09-29T01:09:02.5857537Z           329
2026-09-29T01:09:02.5857612Z         ],
2026-09-29T01:09:02.5857691Z         [
2026-09-29T01:09:02.5857763Z           204,
2026-09-29T01:09:02.5857846Z           -2961345618,
2026-09-29T01:09:02.5857920Z           334,
2026-09-29T01:09:02.5857995Z           330
2026-09-29T01:09:02.5858066Z         ],
2026-09-29T01:09:02.5858142Z         [
2026-09-29T01:09:02.5858217Z           205,
2026-09-29T01:09:02.5858289Z           6843232831,
2026-09-29T01:09:02.5858369Z           336,
2026-09-29T01:09:02.5858442Z           332
2026-09-29T01:09:02.5858518Z         ],
2026-09-29T01:09:02.5858588Z         [
2026-09-29T01:09:02.5858668Z           206,
2026-09-29T01:09:02.5858746Z           -4350574890,
2026-09-29T01:09:02.5858825Z           337,
2026-09-29T01:09:02.5858902Z           333
2026-09-29T01:09:02.5858975Z         ],
2026-09-29T01:09:02.5859053Z         [
2026-09-29T01:09:02.5859126Z           207,
2026-09-29T01:09:02.5859209Z           -903010032,
2026-09-29T01:09:02.5859284Z           338,
2026-09-29T01:09:02.5859503Z           334
2026-09-29T01:09:02.5859578Z         ],
2026-09-29T01:09:02.5859656Z         [
2026-09-29T01:09:02.5859734Z           208,
2026-09-29T01:09:02.5859809Z           1654709056,
2026-09-29T01:09:02.5859885Z           340,
2026-09-29T01:09:02.5859959Z           336
2026-09-29T01:09:02.5860036Z         ],
2026-09-29T01:09:02.5860108Z         [
2026-09-29T01:09:02.5860184Z           209,
2026-09-29T01:09:02.5860265Z           -16262238100,
2026-09-29T01:09:02.5860453Z           341,
2026-09-29T01:09:02.5860531Z           337
2026-09-29T01:09:02.5860610Z         ],
2026-09-29T01:09:02.5860688Z         [
2026-09-29T01:09:02.5860763Z           210,
2026-09-29T01:09:02.5860842Z           1447164336,
2026-09-29T01:09:02.5860915Z           342,
2026-09-29T01:09:02.5860995Z           338
2026-09-29T01:09:02.5861068Z         ],
2026-09-29T01:09:02.5861144Z         [
2026-09-29T01:09:02.5861216Z           211,
2026-09-29T01:09:02.5861296Z           6419031003,
2026-09-29T01:09:02.5861373Z           344,
2026-09-29T01:09:02.5861450Z           340
2026-09-29T01:09:02.5861522Z         ],
2026-09-29T01:09:02.5861596Z         [
2026-09-29T01:09:02.5861675Z           212,
2026-09-29T01:09:02.5861750Z           15787865709,
2026-09-29T01:09:02.5861827Z           345,
2026-09-29T01:09:02.5861899Z           341
2026-09-29T01:09:02.5861978Z         ],
2026-09-29T01:09:02.5862053Z         [
2026-09-29T01:09:02.5862125Z           213,
2026-09-29T01:09:02.5862206Z           8293303018,
2026-09-29T01:09:02.5862279Z           346,
2026-09-29T01:09:02.5862359Z           342
2026-09-29T01:09:02.5862431Z         ],
2026-09-29T01:09:02.5862508Z         [
2026-09-29T01:09:02.5862580Z           214,
2026-09-29T01:09:02.5862659Z           1875272231,
2026-09-29T01:09:02.5862734Z           348,
2026-09-29T01:09:02.5862811Z           344
2026-09-29T01:09:02.5862886Z         ],
2026-09-29T01:09:02.5862957Z         [
2026-09-29T01:09:02.5863033Z           215,
2026-09-29T01:09:02.5863113Z           -362515230,
2026-09-29T01:09:02.5863195Z           349,
2026-09-29T01:09:02.5863271Z           345
2026-09-29T01:09:02.5863350Z         ],
2026-09-29T01:09:02.5863421Z         [
2026-09-29T01:09:02.5863496Z           216,
2026-09-29T01:09:02.5863573Z           3770375364,
2026-09-29T01:09:02.5863646Z           350,
2026-09-29T01:09:02.5863721Z           346
2026-09-29T01:09:02.5863791Z         ],
2026-09-29T01:09:02.5863867Z         [
2026-09-29T01:09:02.5863939Z           217,
2026-09-29T01:09:02.5864021Z           54587864,
2026-09-29T01:09:02.5864094Z           352,
2026-09-29T01:09:02.5864173Z           348
2026-09-29T01:09:02.5864249Z         ],
2026-09-29T01:09:02.5864321Z         [
2026-09-29T01:09:02.5864397Z           218,
2026-09-29T01:09:02.5864475Z           -1409211960,
2026-09-29T01:09:02.5864551Z           353,
2026-09-29T01:09:02.5864622Z           349
2026-09-29T01:09:02.5864696Z         ],
2026-09-29T01:09:02.5864766Z         [
2026-09-29T01:09:02.5864840Z           219,
2026-09-29T01:09:02.5864920Z           -7344916731,
2026-09-29T01:09:02.5864996Z           354,
2026-09-29T01:09:02.5865073Z           350
2026-09-29T01:09:02.5865143Z         ],
2026-09-29T01:09:02.5865218Z         [
2026-09-29T01:09:02.5865289Z           220,
2026-09-29T01:09:02.5865368Z           1408804444,
2026-09-29T01:09:02.5865441Z           356,
2026-09-29T01:09:02.5865517Z           352
2026-09-29T01:09:02.5865704Z         ],
2026-09-29T01:09:02.5865784Z         [
2026-09-29T01:09:02.5865868Z           221,
2026-09-29T01:09:02.5865943Z           7193736519,
2026-09-29T01:09:02.5866019Z           357,
2026-09-29T01:09:02.5866092Z           353
2026-09-29T01:09:02.5866168Z         ],
2026-09-29T01:09:02.5866239Z         [
2026-09-29T01:09:02.5866313Z           222,
2026-09-29T01:09:02.5866392Z           -3323801365,
2026-09-29T01:09:02.5866468Z           358,
2026-09-29T01:09:02.5866544Z           354
2026-09-29T01:09:02.5866616Z         ],
2026-09-29T01:09:02.5866688Z         [
2026-09-29T01:09:02.5866761Z           223,
2026-09-29T01:09:02.5866983Z           -5086688784,
2026-09-29T01:09:02.5867061Z           360,
2026-09-29T01:09:02.5867139Z           356
2026-09-29T01:09:02.5867213Z         ],
2026-09-29T01:09:02.5867291Z         [
2026-09-29T01:09:02.5867366Z           224,
2026-09-29T01:09:02.5867443Z           -3966726150,
2026-09-29T01:09:02.5867517Z           361,
2026-09-29T01:09:02.5867590Z           357
2026-09-29T01:09:02.5867666Z         ],
2026-09-29T01:09:02.5867737Z         [
2026-09-29T01:09:02.5867924Z           225,
2026-09-29T01:09:02.5868004Z           -9478877895,
2026-09-29T01:09:02.5868082Z           362,
2026-09-29T01:09:02.5868157Z           358
2026-09-29T01:09:02.5868236Z         ],
2026-09-29T01:09:02.5868315Z         [
2026-09-29T01:09:02.5868390Z           226,
2026-09-29T01:09:02.5868469Z           -3390722964,
2026-09-29T01:09:02.5868541Z           364,
2026-09-29T01:09:02.5868617Z           360
2026-09-29T01:09:02.5868687Z         ],
2026-09-29T01:09:02.5868764Z         [
2026-09-29T01:09:02.5868835Z           227,
2026-09-29T01:09:02.5868919Z           -2420072060,
2026-09-29T01:09:02.5868994Z           365,
2026-09-29T01:09:02.5869066Z           361
2026-09-29T01:09:02.5869142Z         ],
2026-09-29T01:09:02.5869215Z         [
2026-09-29T01:09:02.5869289Z           228,
2026-09-29T01:09:02.5869364Z           -8159529392,
2026-09-29T01:09:02.5869444Z           366,
2026-09-29T01:09:02.5869516Z           362
2026-09-29T01:09:02.5869591Z         ],
2026-09-29T01:09:02.5869669Z         [
2026-09-29T01:09:02.5869740Z           229,
2026-09-29T01:09:02.5869819Z           13408942344,
2026-09-29T01:09:02.5869891Z           368,
2026-09-29T01:09:02.5869966Z           364
2026-09-29T01:09:02.5870036Z         ],
2026-09-29T01:09:02.5870114Z         [
2026-09-29T01:09:02.5870186Z           230,
2026-09-29T01:09:02.5870265Z           1448984220,
2026-09-29T01:09:02.5870341Z           369,
2026-09-29T01:09:02.5870411Z           365
2026-09-29T01:09:02.5870490Z         ],
2026-09-29T01:09:02.5870562Z         [
2026-09-29T01:09:02.5870641Z           231,
2026-09-29T01:09:02.5870719Z           -14709827346,
2026-09-29T01:09:02.5870798Z           370,
2026-09-29T01:09:02.5870870Z           366
2026-09-29T01:09:02.5870949Z         ],
2026-09-29T01:09:02.5871020Z         [
2026-09-29T01:09:02.5871099Z           232,
2026-09-29T01:09:02.5871179Z           -400552887,
2026-09-29T01:09:02.5871251Z           372,
2026-09-29T01:09:02.5871334Z           368
2026-09-29T01:09:02.5871408Z         ],
2026-09-29T01:09:02.5871487Z         [
2026-09-29T01:09:02.5871560Z           233,
2026-09-29T01:09:02.5871640Z           -3780346185,
2026-09-29T01:09:02.5871715Z           373,
2026-09-29T01:09:02.5871793Z           369
2026-09-29T01:09:02.5871871Z         ],
2026-09-29T01:09:02.5871941Z         [
2026-09-29T01:09:02.5872018Z           234,
2026-09-29T01:09:02.5872095Z           238508160,
2026-09-29T01:09:02.5872170Z           374,
2026-09-29T01:09:02.5872241Z           370
2026-09-29T01:09:02.5872319Z         ],
2026-09-29T01:09:02.5872391Z         [
2026-09-29T01:09:02.5872472Z           235,
2026-09-29T01:09:02.5872553Z           -34675992,
2026-09-29T01:09:02.5872627Z           376,
2026-09-29T01:09:02.5872704Z           372
2026-09-29T01:09:02.5872774Z         ],
2026-09-29T01:09:02.5872852Z         [
2026-09-29T01:09:02.5872927Z           236,
2026-09-29T01:09:02.5873006Z           -4515806376,
2026-09-29T01:09:02.5873079Z           377,
2026-09-29T01:09:02.5873156Z           373
2026-09-29T01:09:02.5873229Z         ],
2026-09-29T01:09:02.5873306Z         [
2026-09-29T01:09:02.5873382Z           237,
2026-09-29T01:09:02.5873458Z           -6795631830,
2026-09-29T01:09:02.5873536Z           378,
2026-09-29T01:09:02.5873608Z           374
2026-09-29T01:09:02.5873685Z         ],
2026-09-29T01:09:02.5873755Z         [
2026-09-29T01:09:02.5873834Z           238,
2026-09-29T01:09:02.5873909Z           -2027165747,
2026-09-29T01:09:02.5873985Z           380,
2026-09-29T01:09:02.5874061Z           376
2026-09-29T01:09:02.5874133Z         ],
2026-09-29T01:09:02.5874314Z         [
2026-09-29T01:09:02.5874388Z           239,
2026-09-29T01:09:02.5874470Z           5574577792,
2026-09-29T01:09:02.5874546Z           381,
2026-09-29T01:09:02.5874625Z           377
2026-09-29T01:09:02.5874697Z         ],
2026-09-29T01:09:02.5874771Z         [
2026-09-29T01:09:02.5874848Z           240,
2026-09-29T01:09:02.5874923Z           5144382000,
2026-09-29T01:09:02.5875000Z           382,
2026-09-29T01:09:02.5875073Z           378
2026-09-29T01:09:02.5875233Z         ],
2026-09-29T01:09:02.5875307Z         [
2026-09-29T01:09:02.5875386Z           241,
2026-09-29T01:09:02.5875464Z           -6107724173,
2026-09-29T01:09:02.5875728Z           384,
2026-09-29T01:09:02.5875846Z           380
2026-09-29T01:09:02.5875957Z         ],
2026-09-29T01:09:02.5876037Z         [
2026-09-29T01:09:02.5876110Z           242,
2026-09-29T01:09:02.5876187Z           2026225740,
2026-09-29T01:09:02.5876266Z           385,
2026-09-29T01:09:02.5876344Z           381
2026-09-29T01:09:02.5876413Z         ],
2026-09-29T01:09:02.5876494Z         [
2026-09-29T01:09:02.5876567Z           243,
2026-09-29T01:09:02.5876649Z           4933550830,
2026-09-29T01:09:02.5876724Z           386,
2026-09-29T01:09:02.5876796Z           382
2026-09-29T01:09:02.5876873Z         ],
2026-09-29T01:09:02.5876946Z         [
2026-09-29T01:09:02.5877019Z           244,
2026-09-29T01:09:02.5877101Z           -5056887726,
2026-09-29T01:09:02.5877181Z           388,
2026-09-29T01:09:02.5877258Z           384
2026-09-29T01:09:02.5877333Z         ],
2026-09-29T01:09:02.5877412Z         [
2026-09-29T01:09:02.5877482Z           245,
2026-09-29T01:09:02.5877560Z           4541461813,
2026-09-29T01:09:02.5877633Z           389,
2026-09-29T01:09:02.5877709Z           385
2026-09-29T01:09:02.5877781Z         ],
2026-09-29T01:09:02.5877857Z         [
2026-09-29T01:09:02.5877932Z           246,
2026-09-29T01:09:02.5878012Z           2440670544,
2026-09-29T01:09:02.5878091Z           390,
2026-09-29T01:09:02.5878164Z           386
2026-09-29T01:09:02.5878243Z         ],
2026-09-29T01:09:02.5878316Z         [
2026-09-29T01:09:02.5878394Z           247,
2026-09-29T01:09:02.5878468Z           1568309932,
2026-09-29T01:09:02.5878545Z           392,
2026-09-29T01:09:02.5878619Z           388
2026-09-29T01:09:02.5878696Z         ],
2026-09-29T01:09:02.5878768Z         [
2026-09-29T01:09:02.5878843Z           248,
2026-09-29T01:09:02.5878921Z           8948809944,
2026-09-29T01:09:02.5878994Z           393,
2026-09-29T01:09:02.5879072Z           389
2026-09-29T01:09:02.5879145Z         ],
2026-09-29T01:09:02.5879222Z         [
2026-09-29T01:09:02.5879294Z           249,
2026-09-29T01:09:02.5879375Z           78387322,
2026-09-29T01:09:02.5879449Z           394,
2026-09-29T01:09:02.5879530Z           390
2026-09-29T01:09:02.5879608Z         ],
2026-09-29T01:09:02.5879680Z         [
2026-09-29T01:09:02.5879757Z           250,
2026-09-29T01:09:02.5879834Z           13620688556,
2026-09-29T01:09:02.5879911Z           396,
2026-09-29T01:09:02.5879983Z           392
2026-09-29T01:09:02.5880063Z         ],
2026-09-29T01:09:02.5880136Z         [
2026-09-29T01:09:02.5880216Z           251,
2026-09-29T01:09:02.5880299Z           -2448689430,
2026-09-29T01:09:02.5880372Z           397,
2026-09-29T01:09:02.5880451Z           393
2026-09-29T01:09:02.5880523Z         ],
2026-09-29T01:09:02.5880599Z         [
2026-09-29T01:09:02.5880671Z           252,
2026-09-29T01:09:02.5880750Z           2020448604,
2026-09-29T01:09:02.5880823Z           398,
2026-09-29T01:09:02.5880904Z           394
2026-09-29T01:09:02.5880976Z         ],
2026-09-29T01:09:02.5881053Z         [
2026-09-29T01:09:02.5881131Z           253,
2026-09-29T01:09:02.5881207Z           3319057352,
2026-09-29T01:09:02.5881284Z           400,
2026-09-29T01:09:02.5881357Z           396
2026-09-29T01:09:02.5881438Z         ],
2026-09-29T01:09:02.5881510Z         [
2026-09-29T01:09:02.5881587Z           254,
2026-09-29T01:09:02.5881661Z           11334846292,
2026-09-29T01:09:02.5881737Z           401,
2026-09-29T01:09:02.5881995Z           397
2026-09-29T01:09:02.5882069Z         ],
2026-09-29T01:09:02.5882146Z         [
2026-09-29T01:09:02.5882219Z           255,
2026-09-29T01:09:02.5882303Z           -2655466030,
2026-09-29T01:09:02.5882379Z           402,
2026-09-29T01:09:02.5882458Z           398
2026-09-29T01:09:02.5882532Z         ]
2026-09-29T01:09:02.5882614Z       ]
2026-09-29T01:09:02.5882692Z     },
2026-09-29T01:09:02.5882776Z     "iverilog": {
2026-09-29T01:09:02.5882983Z       "products": 256,
2026-09-29T01:09:02.5883065Z       "resets": [
2026-09-29T01:09:02.5883144Z         [
2026-09-29T01:09:02.5883226Z           "pipeline",
2026-09-29T01:09:02.5883306Z           "7",
2026-09-29T01:09:02.5883378Z           "6",
2026-09-29T01:09:02.5883457Z           "0"
2026-09-29T01:09:02.5883533Z         ],
2026-09-29T01:09:02.5883604Z         [
2026-09-29T01:09:02.5883684Z           "full",
2026-09-29T01:09:02.5883757Z           "36",
2026-09-29T01:09:02.5883833Z           "8",
2026-09-29T01:09:02.5883906Z           "0"
2026-09-29T01:09:02.5883985Z         ]
2026-09-29T01:09:02.5884058Z       ],
2026-09-29T01:09:02.5884149Z       "credit_checks": [
2026-09-29T01:09:02.5884219Z         [
2026-09-29T01:09:02.5884297Z           "32",
2026-09-29T01:09:02.5884372Z           "8",
2026-09-29T01:09:02.5884442Z           "0"
2026-09-29T01:09:02.5884518Z         ],
2026-09-29T01:09:02.5884590Z         [
2026-09-29T01:09:02.5884670Z           "32",
2026-09-29T01:09:02.5884746Z           "11",
2026-09-29T01:09:02.5884821Z           "3"
2026-09-29T01:09:02.5884894Z         ]
2026-09-29T01:09:02.5884972Z       ],
2026-09-29T01:09:02.5885089Z       "first_product_latency_cycles": 4,
2026-09-29T01:09:02.5885176Z       "final_cycle": 403,
2026-09-29T01:09:02.5885256Z       "rows": [
2026-09-29T01:09:02.5885328Z         [
2026-09-29T01:09:02.5885402Z           0,
2026-09-29T01:09:02.5885477Z           17179869184,
2026-09-29T01:09:02.5885672Z           4,
2026-09-29T01:09:02.5885750Z           0
2026-09-29T01:09:02.5885829Z         ],
2026-09-29T01:09:02.5885911Z         [
2026-09-29T01:09:02.5885985Z           1,
2026-09-29T01:09:02.5886063Z           17179738112,
2026-09-29T01:09:02.5886135Z           5,
2026-09-29T01:09:02.5886213Z           1
2026-09-29T01:09:02.5886285Z         ],
2026-09-29T01:09:02.5886362Z         [
2026-09-29T01:09:02.5886434Z           2,
2026-09-29T01:09:02.5886515Z           8589934592,
2026-09-29T01:09:02.5886588Z           6,
2026-09-29T01:09:02.5886664Z           2
2026-09-29T01:09:02.5886743Z         ],
2026-09-29T01:09:02.5886814Z         [
2026-09-29T01:09:02.5886888Z           3,
2026-09-29T01:09:02.5886962Z           131072,
2026-09-29T01:09:02.5887038Z           72,
2026-09-29T01:09:02.5887108Z           4
2026-09-29T01:09:02.5887185Z         ],
2026-09-29T01:09:02.5887258Z         [
2026-09-29T01:09:02.5887333Z           4,
2026-09-29T01:09:02.5887411Z           0,
2026-09-29T01:09:02.5887483Z           73,
2026-09-29T01:09:02.5887560Z           5
2026-09-29T01:09:02.5887633Z         ],
2026-09-29T01:09:02.5887710Z         [
2026-09-29T01:09:02.5887781Z           5,
2026-09-29T01:09:02.5887867Z           -131072,
2026-09-29T01:09:02.5887942Z           74,
2026-09-29T01:09:02.5888024Z           6
2026-09-29T01:09:02.5888103Z         ],
2026-09-29T01:09:02.5888177Z         [
2026-09-29T01:09:02.5888253Z           6,
2026-09-29T01:09:02.5888329Z           -8589803520,
2026-09-29T01:09:02.5888410Z           75,
2026-09-29T01:09:02.5888482Z           8
2026-09-29T01:09:02.5888560Z         ],
2026-09-29T01:09:02.5888631Z         [
2026-09-29T01:09:02.5888708Z           7,
2026-09-29T01:09:02.5888783Z           -17179738112,
2026-09-29T01:09:02.5888862Z           76,
2026-09-29T01:09:02.5888938Z           9
2026-09-29T01:09:02.5889009Z         ],
2026-09-29T01:09:02.5889085Z         [
2026-09-29T01:09:02.5889157Z           8,
2026-09-29T01:09:02.5889235Z           17179738112,
2026-09-29T01:09:02.5889309Z           77,
2026-09-29T01:09:02.5889384Z           10
2026-09-29T01:09:02.5889456Z         ],
2026-09-29T01:09:02.5889673Z         [
2026-09-29T01:09:02.5889751Z           9,
2026-09-29T01:09:02.5889828Z           17179607041,
2026-09-29T01:09:02.5889907Z           78,
2026-09-29T01:09:02.5889980Z           12
2026-09-29T01:09:02.5890057Z         ],
2026-09-29T01:09:02.5890128Z         [
2026-09-29T01:09:02.5890203Z           10,
2026-09-29T01:09:02.5890277Z           8589869056,
2026-09-29T01:09:02.5890352Z           80,
2026-09-29T01:09:02.5890423Z           13
2026-09-29T01:09:02.5890611Z         ],
2026-09-29T01:09:02.5890690Z         [
2026-09-29T01:09:02.5890764Z           11,
2026-09-29T01:09:02.5890841Z           131071,
2026-09-29T01:09:02.5890917Z           81,
2026-09-29T01:09:02.5890991Z           73
2026-09-29T01:09:02.5891063Z         ],
2026-09-29T01:09:02.5891138Z         [
2026-09-29T01:09:02.5891208Z           12,
2026-09-29T01:09:02.5891284Z           0,
2026-09-29T01:09:02.5891360Z           82,
2026-09-29T01:09:02.5891433Z           74
2026-09-29T01:09:02.5891511Z         ],
2026-09-29T01:09:02.5891587Z         [
2026-09-29T01:09:02.5891664Z           13,
2026-09-29T01:09:02.5891743Z           -131071,
2026-09-29T01:09:02.5891822Z           83,
2026-09-29T01:09:02.5891894Z           76
2026-09-29T01:09:02.5891974Z         ],
2026-09-29T01:09:02.5892052Z         [
2026-09-29T01:09:02.5892124Z           14,
2026-09-29T01:09:02.5892204Z           -8589737985,
2026-09-29T01:09:02.5892276Z           84,
2026-09-29T01:09:02.5892352Z           77
2026-09-29T01:09:02.5892426Z         ],
2026-09-29T01:09:02.5892503Z         [
2026-09-29T01:09:02.5892573Z           15,
2026-09-29T01:09:02.5892656Z           -17179607041,
2026-09-29T01:09:02.5892728Z           85,
2026-09-29T01:09:02.5892805Z           78
2026-09-29T01:09:02.5892881Z         ],
2026-09-29T01:09:02.5892953Z         [
2026-09-29T01:09:02.5893030Z           16,
2026-09-29T01:09:02.5893104Z           8589934592,
2026-09-29T01:09:02.5893181Z           86,
2026-09-29T01:09:02.5893253Z           80
2026-09-29T01:09:02.5893330Z         ],
2026-09-29T01:09:02.5893405Z         [
2026-09-29T01:09:02.5893484Z           17,
2026-09-29T01:09:02.5893564Z           8589869056,
2026-09-29T01:09:02.5893636Z           88,
2026-09-29T01:09:02.5893710Z           81
2026-09-29T01:09:02.5893781Z         ],
2026-09-29T01:09:02.5893860Z         [
2026-09-29T01:09:02.5893931Z           18,
2026-09-29T01:09:02.5894007Z           4294967296,
2026-09-29T01:09:02.5894081Z           89,
2026-09-29T01:09:02.5894159Z           82
2026-09-29T01:09:02.5894237Z         ],
2026-09-29T01:09:02.5894309Z         [
2026-09-29T01:09:02.5894386Z           19,
2026-09-29T01:09:02.5894460Z           65536,
2026-09-29T01:09:02.5894538Z           90,
2026-09-29T01:09:02.5894610Z           84
2026-09-29T01:09:02.5894688Z         ],
2026-09-29T01:09:02.5894760Z         [
2026-09-29T01:09:02.5894837Z           20,
2026-09-29T01:09:02.5894908Z           0,
2026-09-29T01:09:02.5894986Z           91,
2026-09-29T01:09:02.5895066Z           85
2026-09-29T01:09:02.5895138Z         ],
2026-09-29T01:09:02.5895219Z         [
2026-09-29T01:09:02.5895289Z           21,
2026-09-29T01:09:02.5895371Z           -65536,
2026-09-29T01:09:02.5895442Z           92,
2026-09-29T01:09:02.5895520Z           86
2026-09-29T01:09:02.5895719Z         ],
2026-09-29T01:09:02.5895800Z         [
2026-09-29T01:09:02.5895876Z           22,
2026-09-29T01:09:02.5895959Z           -4294901760,
2026-09-29T01:09:02.5896041Z           93,
2026-09-29T01:09:02.5896115Z           88
2026-09-29T01:09:02.5896199Z         ],
2026-09-29T01:09:02.5896272Z         [
2026-09-29T01:09:02.5896351Z           23,
2026-09-29T01:09:02.5896428Z           -8589869056,
2026-09-29T01:09:02.5896506Z           94,
2026-09-29T01:09:02.5896581Z           89
2026-09-29T01:09:02.5896652Z         ],
2026-09-29T01:09:02.5896725Z         [
2026-09-29T01:09:02.5896794Z           24,
2026-09-29T01:09:02.5896871Z           131072,
2026-09-29T01:09:02.5896943Z           96,
2026-09-29T01:09:02.5897022Z           90
2026-09-29T01:09:02.5897095Z         ],
2026-09-29T01:09:02.5897306Z         [
2026-09-29T01:09:02.5897380Z           25,
2026-09-29T01:09:02.5897460Z           131071,
2026-09-29T01:09:02.5897541Z           97,
2026-09-29T01:09:02.5897614Z           92
2026-09-29T01:09:02.5897690Z         ],
2026-09-29T01:09:02.5897771Z         [
2026-09-29T01:09:02.5897850Z           26,
2026-09-29T01:09:02.5897926Z           65536,
2026-09-29T01:09:02.5898003Z           98,
2026-09-29T01:09:02.5898076Z           93
2026-09-29T01:09:02.5898266Z         ],
2026-09-29T01:09:02.5898345Z         [
2026-09-29T01:09:02.5898419Z           27,
2026-09-29T01:09:02.5898500Z           1,
2026-09-29T01:09:02.5898576Z           99,
2026-09-29T01:09:02.5898651Z           94
2026-09-29T01:09:02.5898723Z         ],
2026-09-29T01:09:02.5898797Z         [
2026-09-29T01:09:02.5898868Z           28,
2026-09-29T01:09:02.5898947Z           0,
2026-09-29T01:09:02.5899024Z           100,
2026-09-29T01:09:02.5899097Z           96
2026-09-29T01:09:02.5899171Z         ],
2026-09-29T01:09:02.5899242Z         [
2026-09-29T01:09:02.5899325Z           29,
2026-09-29T01:09:02.5899402Z           -1,
2026-09-29T01:09:02.5899481Z           101,
2026-09-29T01:09:02.5899553Z           97
2026-09-29T01:09:02.5899629Z         ],
2026-09-29T01:09:02.5899703Z         [
2026-09-29T01:09:02.5899780Z           30,
2026-09-29T01:09:02.5899860Z           -65535,
2026-09-29T01:09:02.5899934Z           102,
2026-09-29T01:09:02.5900010Z           98
2026-09-29T01:09:02.5900080Z         ],
2026-09-29T01:09:02.5900158Z         [
2026-09-29T01:09:02.5900230Z           31,
2026-09-29T01:09:02.5900314Z           -131071,
2026-09-29T01:09:02.5900385Z           104,
2026-09-29T01:09:02.5900463Z           100
2026-09-29T01:09:02.5900539Z         ],
2026-09-29T01:09:02.5900611Z         [
2026-09-29T01:09:02.5900689Z           32,
2026-09-29T01:09:02.5900761Z           0,
2026-09-29T01:09:02.5900838Z           105,
2026-09-29T01:09:02.5900910Z           101
2026-09-29T01:09:02.5900987Z         ],
2026-09-29T01:09:02.5901059Z         [
2026-09-29T01:09:02.5901140Z           33,
2026-09-29T01:09:02.5901219Z           0,
2026-09-29T01:09:02.5901292Z           106,
2026-09-29T01:09:02.5901369Z           102
2026-09-29T01:09:02.5901440Z         ],
2026-09-29T01:09:02.5901519Z         [
2026-09-29T01:09:02.5901591Z           34,
2026-09-29T01:09:02.5901667Z           0,
2026-09-29T01:09:02.5901738Z           108,
2026-09-29T01:09:02.5901818Z           104
2026-09-29T01:09:02.5901890Z         ],
2026-09-29T01:09:02.5901972Z         [
2026-09-29T01:09:02.5902050Z           35,
2026-09-29T01:09:02.5902121Z           0,
2026-09-29T01:09:02.5902195Z           109,
2026-09-29T01:09:02.5902268Z           105
2026-09-29T01:09:02.5902342Z         ],
2026-09-29T01:09:02.5902413Z         [
2026-09-29T01:09:02.5902490Z           36,
2026-09-29T01:09:02.5902563Z           0,
2026-09-29T01:09:02.5902641Z           110,
2026-09-29T01:09:02.5902716Z           106
2026-09-29T01:09:02.5902786Z         ],
2026-09-29T01:09:02.5902862Z         [
2026-09-29T01:09:02.5902936Z           37,
2026-09-29T01:09:02.5903014Z           0,
2026-09-29T01:09:02.5903085Z           112,
2026-09-29T01:09:02.5903161Z           108
2026-09-29T01:09:02.5903232Z         ],
2026-09-29T01:09:02.5903311Z         [
2026-09-29T01:09:02.5903383Z           38,
2026-09-29T01:09:02.5903458Z           0,
2026-09-29T01:09:02.5903536Z           113,
2026-09-29T01:09:02.5903607Z           109
2026-09-29T01:09:02.5903684Z         ],
2026-09-29T01:09:02.5903760Z         [
2026-09-29T01:09:02.5903836Z           39,
2026-09-29T01:09:02.5903909Z           0,
2026-09-29T01:09:02.5903984Z           114,
2026-09-29T01:09:02.5904056Z           110
2026-09-29T01:09:02.5904135Z         ],
2026-09-29T01:09:02.5904210Z         [
2026-09-29T01:09:02.5904283Z           40,
2026-09-29T01:09:02.5904365Z           -131072,
2026-09-29T01:09:02.5904437Z           116,
2026-09-29T01:09:02.5904517Z           112
2026-09-29T01:09:02.5904587Z         ],
2026-09-29T01:09:02.5904662Z         [
2026-09-29T01:09:02.5904734Z           41,
2026-09-29T01:09:02.5904930Z           -131071,
2026-09-29T01:09:02.5905008Z           117,
2026-09-29T01:09:02.5905082Z           113
2026-09-29T01:09:02.5905159Z         ],
2026-09-29T01:09:02.5905231Z         [
2026-09-29T01:09:02.5905310Z           42,
2026-09-29T01:09:02.5905386Z           -65536,
2026-09-29T01:09:02.5905465Z           118,
2026-09-29T01:09:02.5905649Z           114
2026-09-29T01:09:02.5905731Z         ],
2026-09-29T01:09:02.5905804Z         [
2026-09-29T01:09:02.5906003Z           43,
2026-09-29T01:09:02.5906084Z           -1,
2026-09-29T01:09:02.5906161Z           120,
2026-09-29T01:09:02.5906238Z           116
2026-09-29T01:09:02.5906309Z         ],
2026-09-29T01:09:02.5906384Z         [
2026-09-29T01:09:02.5906457Z           44,
2026-09-29T01:09:02.5906533Z           0,
2026-09-29T01:09:02.5906607Z           121,
2026-09-29T01:09:02.5906684Z           117
2026-09-29T01:09:02.5906760Z         ],
2026-09-29T01:09:02.5906831Z         [
2026-09-29T01:09:02.5906906Z           45,
2026-09-29T01:09:02.5906982Z           1,
2026-09-29T01:09:02.5907057Z           122,
2026-09-29T01:09:02.5907128Z           118
2026-09-29T01:09:02.5907205Z         ],
2026-09-29T01:09:02.5907274Z         [
2026-09-29T01:09:02.5907352Z           46,
2026-09-29T01:09:02.5907429Z           65535,
2026-09-29T01:09:02.5907501Z           124,
2026-09-29T01:09:02.5907577Z           120
2026-09-29T01:09:02.5907649Z         ],
2026-09-29T01:09:02.5907722Z         [
2026-09-29T01:09:02.5907795Z           47,
2026-09-29T01:09:02.5907872Z           131071,
2026-09-29T01:09:02.5907944Z           125,
2026-09-29T01:09:02.5908021Z           121
2026-09-29T01:09:02.5908095Z         ],
2026-09-29T01:09:02.5908172Z         [
2026-09-29T01:09:02.5908249Z           48,
2026-09-29T01:09:02.5908327Z           -8589803520,
2026-09-29T01:09:02.5908407Z           126,
2026-09-29T01:09:02.5908479Z           122
2026-09-29T01:09:02.5908558Z         ],
2026-09-29T01:09:02.5908629Z         [
2026-09-29T01:09:02.5908705Z           49,
2026-09-29T01:09:02.5908783Z           -8589737985,
2026-09-29T01:09:02.5908861Z           128,
2026-09-29T01:09:02.5908939Z           124
2026-09-29T01:09:02.5909012Z         ],
2026-09-29T01:09:02.5909088Z         [
2026-09-29T01:09:02.5909160Z           50,
2026-09-29T01:09:02.5909242Z           -4294901760,
2026-09-29T01:09:02.5909315Z           129,
2026-09-29T01:09:02.5909391Z           125
2026-09-29T01:09:02.5909462Z         ],
2026-09-29T01:09:02.5909536Z         [
2026-09-29T01:09:02.5909611Z           51,
2026-09-29T01:09:02.5909688Z           -65535,
2026-09-29T01:09:02.5909767Z           130,
2026-09-29T01:09:02.5909839Z           126
2026-09-29T01:09:02.5909915Z         ],
2026-09-29T01:09:02.5909986Z         [
2026-09-29T01:09:02.5910060Z           52,
2026-09-29T01:09:02.5910133Z           0,
2026-09-29T01:09:02.5910212Z           132,
2026-09-29T01:09:02.5910282Z           128
2026-09-29T01:09:02.5910358Z         ],
2026-09-29T01:09:02.5910433Z         [
2026-09-29T01:09:02.5910503Z           53,
2026-09-29T01:09:02.5910582Z           65535,
2026-09-29T01:09:02.5910655Z           133,
2026-09-29T01:09:02.5910727Z           129
2026-09-29T01:09:02.5910800Z         ],
2026-09-29T01:09:02.5910878Z         [
2026-09-29T01:09:02.5910949Z           54,
2026-09-29T01:09:02.5911026Z           4294836225,
2026-09-29T01:09:02.5911103Z           134,
2026-09-29T01:09:02.5911174Z           130
2026-09-29T01:09:02.5911251Z         ],
2026-09-29T01:09:02.5911323Z         [
2026-09-29T01:09:02.5911404Z           55,
2026-09-29T01:09:02.5911477Z           8589737985,
2026-09-29T01:09:02.5911554Z           136,
2026-09-29T01:09:02.5911625Z           132
2026-09-29T01:09:02.5911703Z         ],
2026-09-29T01:09:02.5911779Z         [
2026-09-29T01:09:02.5911852Z           56,
2026-09-29T01:09:02.5911935Z           -17179738112,
2026-09-29T01:09:02.5912009Z           137,
2026-09-29T01:09:02.5912086Z           133
2026-09-29T01:09:02.5912158Z         ],
2026-09-29T01:09:02.5912237Z         [
2026-09-29T01:09:02.5912447Z           57,
2026-09-29T01:09:02.5912532Z           -17179607041,
2026-09-29T01:09:02.5912607Z           138,
2026-09-29T01:09:02.5912686Z           134
2026-09-29T01:09:02.5912760Z         ],
2026-09-29T01:09:02.5912832Z         [
2026-09-29T01:09:02.5912912Z           58,
2026-09-29T01:09:02.5912988Z           -8589869056,
2026-09-29T01:09:02.5913066Z           140,
2026-09-29T01:09:02.5913136Z           136
2026-09-29T01:09:02.5913212Z         ],
2026-09-29T01:09:02.5913366Z         [
2026-09-29T01:09:02.5913445Z           59,
2026-09-29T01:09:02.5913528Z           -131071,
2026-09-29T01:09:02.5913603Z           141,
2026-09-29T01:09:02.5913679Z           137
2026-09-29T01:09:02.5913751Z         ],
2026-09-29T01:09:02.5913827Z         [
2026-09-29T01:09:02.5913899Z           60,
2026-09-29T01:09:02.5913975Z           0,
2026-09-29T01:09:02.5914045Z           142,
2026-09-29T01:09:02.5914120Z           138
2026-09-29T01:09:02.5914194Z         ],
2026-09-29T01:09:02.5914265Z         [
2026-09-29T01:09:02.5914343Z           61,
2026-09-29T01:09:02.5914415Z           131071,
2026-09-29T01:09:02.5914493Z           144,
2026-09-29T01:09:02.5914566Z           140
2026-09-29T01:09:02.5914643Z         ],
2026-09-29T01:09:02.5914715Z         [
2026-09-29T01:09:02.5914793Z           62,
2026-09-29T01:09:02.5914867Z           8589737985,
2026-09-29T01:09:02.5914948Z           145,
2026-09-29T01:09:02.5915026Z           141
2026-09-29T01:09:02.5915097Z         ],
2026-09-29T01:09:02.5915179Z         [
2026-09-29T01:09:02.5915252Z           63,
2026-09-29T01:09:02.5915331Z           17179607041,
2026-09-29T01:09:02.5915405Z           146,
2026-09-29T01:09:02.5915484Z           142
2026-09-29T01:09:02.5915742Z         ],
2026-09-29T01:09:02.5915867Z         [
2026-09-29T01:09:02.5915969Z           64,
2026-09-29T01:09:02.5916047Z           -1812934134,
2026-09-29T01:09:02.5916128Z           148,
2026-09-29T01:09:02.5916199Z           144
2026-09-29T01:09:02.5916275Z         ],
2026-09-29T01:09:02.5916345Z         [
2026-09-29T01:09:02.5916426Z           65,
2026-09-29T01:09:02.5916500Z           1536096423,
2026-09-29T01:09:02.5916579Z           149,
2026-09-29T01:09:02.5916655Z           145
2026-09-29T01:09:02.5916726Z         ],
2026-09-29T01:09:02.5916800Z         [
2026-09-29T01:09:02.5916872Z           66,
2026-09-29T01:09:02.5916952Z           5440644901,
2026-09-29T01:09:02.5917025Z           150,
2026-09-29T01:09:02.5917101Z           146
2026-09-29T01:09:02.5917172Z         ],
2026-09-29T01:09:02.5917254Z         [
2026-09-29T01:09:02.5917331Z           67,
2026-09-29T01:09:02.5917407Z           -1273939616,
2026-09-29T01:09:02.5917485Z           152,
2026-09-29T01:09:02.5917556Z           148
2026-09-29T01:09:02.5917632Z         ],
2026-09-29T01:09:02.5917703Z         [
2026-09-29T01:09:02.5917780Z           68,
2026-09-29T01:09:02.5917857Z           -12752632370,
2026-09-29T01:09:02.5917938Z           153,
2026-09-29T01:09:02.5918040Z           149
2026-09-29T01:09:02.5918125Z         ],
2026-09-29T01:09:02.5918206Z         [
2026-09-29T01:09:02.5918280Z           69,
2026-09-29T01:09:02.5918363Z           -607328616,
2026-09-29T01:09:02.5918436Z           154,
2026-09-29T01:09:02.5918513Z           150
2026-09-29T01:09:02.5918584Z         ],
2026-09-29T01:09:02.5918662Z         [
2026-09-29T01:09:02.5918734Z           70,
2026-09-29T01:09:02.5918814Z           -6377379840,
2026-09-29T01:09:02.5918890Z           156,
2026-09-29T01:09:02.5918960Z           152
2026-09-29T01:09:02.5919040Z         ],
2026-09-29T01:09:02.5919113Z         [
2026-09-29T01:09:02.5919189Z           71,
2026-09-29T01:09:02.5919263Z           3259767414,
2026-09-29T01:09:02.5919340Z           157,
2026-09-29T01:09:02.5919413Z           153
2026-09-29T01:09:02.5919490Z         ],
2026-09-29T01:09:02.5919567Z         [
2026-09-29T01:09:02.5919639Z           72,
2026-09-29T01:09:02.5919720Z           -1258525909,
2026-09-29T01:09:02.5919793Z           158,
2026-09-29T01:09:02.5919868Z           154
2026-09-29T01:09:02.5919940Z         ],
2026-09-29T01:09:02.5920179Z         [
2026-09-29T01:09:02.5920255Z           73,
2026-09-29T01:09:02.5920343Z           -791561888,
2026-09-29T01:09:02.5920420Z           160,
2026-09-29T01:09:02.5920499Z           156
2026-09-29T01:09:02.5920578Z         ],
2026-09-29T01:09:02.5920650Z         [
2026-09-29T01:09:02.5920724Z           74,
2026-09-29T01:09:02.5920798Z           902971662,
2026-09-29T01:09:02.5920874Z           161,
2026-09-29T01:09:02.5920946Z           157
2026-09-29T01:09:02.5921131Z         ],
2026-09-29T01:09:02.5921207Z         [
2026-09-29T01:09:02.5921287Z           75,
2026-09-29T01:09:02.5921366Z           888344330,
2026-09-29T01:09:02.5921440Z           162,
2026-09-29T01:09:02.5921517Z           158
2026-09-29T01:09:02.5921589Z         ],
2026-09-29T01:09:02.5921667Z         [
2026-09-29T01:09:02.5921741Z           76,
2026-09-29T01:09:02.5921821Z           584066688,
2026-09-29T01:09:02.5921894Z           164,
2026-09-29T01:09:02.5921971Z           160
2026-09-29T01:09:02.5922047Z         ],
2026-09-29T01:09:02.5922122Z         [
2026-09-29T01:09:02.5922199Z           77,
2026-09-29T01:09:02.5922272Z           372219408,
2026-09-29T01:09:02.5922347Z           165,
2026-09-29T01:09:02.5922418Z           161
2026-09-29T01:09:02.5922493Z         ],
2026-09-29T01:09:02.5922564Z         [
2026-09-29T01:09:02.5922640Z           78,
2026-09-29T01:09:02.5922721Z           -2405879000,
2026-09-29T01:09:02.5922795Z           166,
2026-09-29T01:09:02.5922872Z           162
2026-09-29T01:09:02.5922944Z         ],
2026-09-29T01:09:02.5923023Z         [
2026-09-29T01:09:02.5923094Z           79,
2026-09-29T01:09:02.5923171Z           71768433,
2026-09-29T01:09:02.5923246Z           168,
2026-09-29T01:09:02.5923323Z           164
2026-09-29T01:09:02.5923396Z         ],
2026-09-29T01:09:02.5923470Z         [
2026-09-29T01:09:02.5923543Z           80,
2026-09-29T01:09:02.5923618Z           16411239500,
2026-09-29T01:09:02.5923695Z           169,
2026-09-29T01:09:02.5923765Z           165
2026-09-29T01:09:02.5923854Z         ],
2026-09-29T01:09:02.5923928Z         [
2026-09-29T01:09:02.5924005Z           81,
2026-09-29T01:09:02.5924083Z           -5474329920,
2026-09-29T01:09:02.5924163Z           170,
2026-09-29T01:09:02.5924243Z           166
2026-09-29T01:09:02.5924317Z         ],
2026-09-29T01:09:02.5924396Z         [
2026-09-29T01:09:02.5924469Z           82,
2026-09-29T01:09:02.5924549Z           31939503,
2026-09-29T01:09:02.5924620Z           172,
2026-09-29T01:09:02.5924698Z           168
2026-09-29T01:09:02.5924770Z         ],
2026-09-29T01:09:02.5924848Z         [
2026-09-29T01:09:02.5924922Z           83,
2026-09-29T01:09:02.5924998Z           -15618524922,
2026-09-29T01:09:02.5925075Z           173,
2026-09-29T01:09:02.5925148Z           169
2026-09-29T01:09:02.5925221Z         ],
2026-09-29T01:09:02.5925291Z         [
2026-09-29T01:09:02.5925368Z           84,
2026-09-29T01:09:02.5925440Z           8478108672,
2026-09-29T01:09:02.5925518Z           174,
2026-09-29T01:09:02.5925705Z           170
2026-09-29T01:09:02.5925788Z         ],
2026-09-29T01:09:02.5925865Z         [
2026-09-29T01:09:02.5925937Z           85,
2026-09-29T01:09:02.5926015Z           10250611884,
2026-09-29T01:09:02.5926089Z           176,
2026-09-29T01:09:02.5926164Z           172
2026-09-29T01:09:02.5926236Z         ],
2026-09-29T01:09:02.5926312Z         [
2026-09-29T01:09:02.5926382Z           86,
2026-09-29T01:09:02.5926463Z           2264339706,
2026-09-29T01:09:02.5926537Z           177,
2026-09-29T01:09:02.5926613Z           173
2026-09-29T01:09:02.5926691Z         ],
2026-09-29T01:09:02.5926762Z         [
2026-09-29T01:09:02.5926840Z           87,
2026-09-29T01:09:02.5926913Z           2695134585,
2026-09-29T01:09:02.5926991Z           178,
2026-09-29T01:09:02.5927063Z           174
2026-09-29T01:09:02.5927139Z         ],
2026-09-29T01:09:02.5927213Z         [
2026-09-29T01:09:02.5927284Z           88,
2026-09-29T01:09:02.5927361Z           8201213685,
2026-09-29T01:09:02.5927434Z           180,
2026-09-29T01:09:02.5927652Z           176
2026-09-29T01:09:02.5927725Z         ],
2026-09-29T01:09:02.5927803Z         [
2026-09-29T01:09:02.5927876Z           89,
2026-09-29T01:09:02.5927954Z           3471693654,
2026-09-29T01:09:02.5928089Z           181,
2026-09-29T01:09:02.5928256Z           177
2026-09-29T01:09:02.5928452Z         ],
2026-09-29T01:09:02.5928567Z         [
2026-09-29T01:09:02.5928836Z           90,
2026-09-29T01:09:02.5936359Z           6307213752,
2026-09-29T01:09:02.5936636Z           182,
2026-09-29T01:09:02.5936716Z           178
2026-09-29T01:09:02.5936800Z         ],
2026-09-29T01:09:02.5936881Z         [
2026-09-29T01:09:02.5936957Z           91,
2026-09-29T01:09:02.5937039Z           2718206208,
2026-09-29T01:09:02.5937111Z           184,
2026-09-29T01:09:02.5937188Z           180
2026-09-29T01:09:02.5937258Z         ],
2026-09-29T01:09:02.5937336Z         [
2026-09-29T01:09:02.5937409Z           92,
2026-09-29T01:09:02.5937501Z           -901614816,
2026-09-29T01:09:02.5937575Z           185,
2026-09-29T01:09:02.5937658Z           181
2026-09-29T01:09:02.5937734Z         ],
2026-09-29T01:09:02.5937809Z         [
2026-09-29T01:09:02.5937886Z           93,
2026-09-29T01:09:02.5937965Z           -8597096948,
2026-09-29T01:09:02.5938044Z           186,
2026-09-29T01:09:02.5938115Z           182
2026-09-29T01:09:02.5938195Z         ],
2026-09-29T01:09:02.5938267Z         [
2026-09-29T01:09:02.5938346Z           94,
2026-09-29T01:09:02.5938425Z           5107604787,
2026-09-29T01:09:02.5938500Z           188,
2026-09-29T01:09:02.5938579Z           184
2026-09-29T01:09:02.5938652Z         ],
2026-09-29T01:09:02.5938731Z         [
2026-09-29T01:09:02.5938803Z           95,
2026-09-29T01:09:02.5938887Z           -3720163642,
2026-09-29T01:09:02.5938964Z           189,
2026-09-29T01:09:02.5939042Z           185
2026-09-29T01:09:02.5939118Z         ],
2026-09-29T01:09:02.5939192Z         [
2026-09-29T01:09:02.5939270Z           96,
2026-09-29T01:09:02.5939344Z           3863090606,
2026-09-29T01:09:02.5939422Z           190,
2026-09-29T01:09:02.5939497Z           186
2026-09-29T01:09:02.5939574Z         ],
2026-09-29T01:09:02.5939645Z         [
2026-09-29T01:09:02.5939724Z           97,
2026-09-29T01:09:02.5939807Z           -2133102250,
2026-09-29T01:09:02.5939880Z           192,
2026-09-29T01:09:02.5939958Z           188
2026-09-29T01:09:02.5940030Z         ],
2026-09-29T01:09:02.5940108Z         [
2026-09-29T01:09:02.5940181Z           98,
2026-09-29T01:09:02.5940265Z           2834704125,
2026-09-29T01:09:02.5940341Z           193,
2026-09-29T01:09:02.5940421Z           189
2026-09-29T01:09:02.5940494Z         ],
2026-09-29T01:09:02.5940571Z         [
2026-09-29T01:09:02.5940649Z           99,
2026-09-29T01:09:02.5940723Z           3368971552,
2026-09-29T01:09:02.5940801Z           194,
2026-09-29T01:09:02.5940873Z           190
2026-09-29T01:09:02.5940950Z         ],
2026-09-29T01:09:02.5941022Z         [
2026-09-29T01:09:02.5941102Z           100,
2026-09-29T01:09:02.5941177Z           20311090,
2026-09-29T01:09:02.5941259Z           196,
2026-09-29T01:09:02.5941338Z           192
2026-09-29T01:09:02.5941410Z         ],
2026-09-29T01:09:02.5941486Z         [
2026-09-29T01:09:02.5941559Z           101,
2026-09-29T01:09:02.5941640Z           245637696,
2026-09-29T01:09:02.5941712Z           197,
2026-09-29T01:09:02.5941792Z           193
2026-09-29T01:09:02.5941865Z         ],
2026-09-29T01:09:02.5941940Z         [
2026-09-29T01:09:02.5942016Z           102,
2026-09-29T01:09:02.5942093Z           3323859808,
2026-09-29T01:09:02.5942171Z           198,
2026-09-29T01:09:02.5942243Z           194
2026-09-29T01:09:02.5942320Z         ],
2026-09-29T01:09:02.5942392Z         [
2026-09-29T01:09:02.5942472Z           103,
2026-09-29T01:09:02.5942547Z           442939536,
2026-09-29T01:09:02.5942626Z           200,
2026-09-29T01:09:02.5942698Z           196
2026-09-29T01:09:02.5942777Z         ],
2026-09-29T01:09:02.5942855Z         [
2026-09-29T01:09:02.5942926Z           104,
2026-09-29T01:09:02.5943009Z           -9379895688,
2026-09-29T01:09:02.5943224Z           201,
2026-09-29T01:09:02.5943304Z           197
2026-09-29T01:09:02.5943377Z         ],
2026-09-29T01:09:02.5943455Z         [
2026-09-29T01:09:02.5943530Z           105,
2026-09-29T01:09:02.5943613Z           1685694500,
2026-09-29T01:09:02.5943689Z           202,
2026-09-29T01:09:02.5943759Z           198
2026-09-29T01:09:02.5943835Z         ],
2026-09-29T01:09:02.5943907Z         [
2026-09-29T01:09:02.5943984Z           106,
2026-09-29T01:09:02.5944150Z           -1898208402,
2026-09-29T01:09:02.5944230Z           204,
2026-09-29T01:09:02.5944302Z           200
2026-09-29T01:09:02.5944381Z         ],
2026-09-29T01:09:02.5944457Z         [
2026-09-29T01:09:02.5944529Z           107,
2026-09-29T01:09:02.5944614Z           -8775538785,
2026-09-29T01:09:02.5944688Z           205,
2026-09-29T01:09:02.5944768Z           201
2026-09-29T01:09:02.5944839Z         ],
2026-09-29T01:09:02.5944917Z         [
2026-09-29T01:09:02.5944990Z           108,
2026-09-29T01:09:02.5945072Z           6080184628,
2026-09-29T01:09:02.5945147Z           206,
2026-09-29T01:09:02.5945225Z           202
2026-09-29T01:09:02.5945301Z         ],
2026-09-29T01:09:02.5945373Z         [
2026-09-29T01:09:02.5945450Z           109,
2026-09-29T01:09:02.5945528Z           -3037794124,
2026-09-29T01:09:02.5945764Z           208,
2026-09-29T01:09:02.5945838Z           204
2026-09-29T01:09:02.5945919Z         ],
2026-09-29T01:09:02.5945991Z         [
2026-09-29T01:09:02.5946072Z           110,
2026-09-29T01:09:02.5946158Z           -3014854747,
2026-09-29T01:09:02.5946234Z           209,
2026-09-29T01:09:02.5946313Z           205
2026-09-29T01:09:02.5946387Z         ],
2026-09-29T01:09:02.5946463Z         [
2026-09-29T01:09:02.5946536Z           111,
2026-09-29T01:09:02.5946617Z           -6843361042,
2026-09-29T01:09:02.5946690Z           210,
2026-09-29T01:09:02.5946766Z           206
2026-09-29T01:09:02.5946841Z         ],
2026-09-29T01:09:02.5946912Z         [
2026-09-29T01:09:02.5946989Z           112,
2026-09-29T01:09:02.5947064Z           6961238886,
2026-09-29T01:09:02.5947142Z           212,
2026-09-29T01:09:02.5947216Z           208
2026-09-29T01:09:02.5947291Z         ],
2026-09-29T01:09:02.5947360Z         [
2026-09-29T01:09:02.5947437Z           113,
2026-09-29T01:09:02.5947515Z           6932043736,
2026-09-29T01:09:02.5947589Z           213,
2026-09-29T01:09:02.5947666Z           209
2026-09-29T01:09:02.5947738Z         ],
2026-09-29T01:09:02.5947816Z         [
2026-09-29T01:09:02.5947890Z           114,
2026-09-29T01:09:02.5947970Z           -4783551209,
2026-09-29T01:09:02.5948041Z           214,
2026-09-29T01:09:02.5948118Z           210
2026-09-29T01:09:02.5948191Z         ],
2026-09-29T01:09:02.5948271Z         [
2026-09-29T01:09:02.5948347Z           115,
2026-09-29T01:09:02.5948421Z           -8703268750,
2026-09-29T01:09:02.5948498Z           216,
2026-09-29T01:09:02.5948571Z           212
2026-09-29T01:09:02.5948648Z         ],
2026-09-29T01:09:02.5948720Z         [
2026-09-29T01:09:02.5948798Z           116,
2026-09-29T01:09:02.5948877Z           -4253889639,
2026-09-29T01:09:02.5948956Z           217,
2026-09-29T01:09:02.5949034Z           213
2026-09-29T01:09:02.5949106Z         ],
2026-09-29T01:09:02.5949186Z         [
2026-09-29T01:09:02.5949257Z           117,
2026-09-29T01:09:02.5949340Z           -2822596000,
2026-09-29T01:09:02.5949413Z           218,
2026-09-29T01:09:02.5949494Z           214
2026-09-29T01:09:02.5949566Z         ],
2026-09-29T01:09:02.5949649Z         [
2026-09-29T01:09:02.5949727Z           118,
2026-09-29T01:09:02.5949803Z           1027954368,
2026-09-29T01:09:02.5949881Z           220,
2026-09-29T01:09:02.5949956Z           216
2026-09-29T01:09:02.5950033Z         ],
2026-09-29T01:09:02.5950103Z         [
2026-09-29T01:09:02.5950180Z           119,
2026-09-29T01:09:02.5950256Z           -125350478,
2026-09-29T01:09:02.5950336Z           221,
2026-09-29T01:09:02.5950405Z           217
2026-09-29T01:09:02.5950482Z         ],
2026-09-29T01:09:02.5950559Z         [
2026-09-29T01:09:02.5950789Z           120,
2026-09-29T01:09:02.5950874Z           6958267602,
2026-09-29T01:09:02.5950947Z           222,
2026-09-29T01:09:02.5951023Z           218
2026-09-29T01:09:02.5951094Z         ],
2026-09-29T01:09:02.5951171Z         [
2026-09-29T01:09:02.5951244Z           121,
2026-09-29T01:09:02.5951325Z           1683174220,
2026-09-29T01:09:02.5951402Z           224,
2026-09-29T01:09:02.5951474Z           220
2026-09-29T01:09:02.5951551Z         ],
2026-09-29T01:09:02.5951740Z         [
2026-09-29T01:09:02.5951821Z           122,
2026-09-29T01:09:02.5951900Z           15433981629,
2026-09-29T01:09:02.5951980Z           225,
2026-09-29T01:09:02.5952051Z           221
2026-09-29T01:09:02.5952132Z         ],
2026-09-29T01:09:02.5952207Z         [
2026-09-29T01:09:02.5952279Z           123,
2026-09-29T01:09:02.5952362Z           -5913129690,
2026-09-29T01:09:02.5952436Z           226,
2026-09-29T01:09:02.5952514Z           222
2026-09-29T01:09:02.5952589Z         ],
2026-09-29T01:09:02.5952673Z         [
2026-09-29T01:09:02.5952745Z           124,
2026-09-29T01:09:02.5952826Z           6040687733,
2026-09-29T01:09:02.5952901Z           228,
2026-09-29T01:09:02.5952973Z           224
2026-09-29T01:09:02.5953047Z         ],
2026-09-29T01:09:02.5953119Z         [
2026-09-29T01:09:02.5953195Z           125,
2026-09-29T01:09:02.5953269Z           -1214188704,
2026-09-29T01:09:02.5953345Z           229,
2026-09-29T01:09:02.5953416Z           225
2026-09-29T01:09:02.5953496Z         ],
2026-09-29T01:09:02.5953567Z         [
2026-09-29T01:09:02.5953644Z           126,
2026-09-29T01:09:02.5953723Z           -104817150,
2026-09-29T01:09:02.5953795Z           230,
2026-09-29T01:09:02.5953872Z           226
2026-09-29T01:09:02.5953945Z         ],
2026-09-29T01:09:02.5954020Z         [
2026-09-29T01:09:02.5954092Z           127,
2026-09-29T01:09:02.5954175Z           -14626756386,
2026-09-29T01:09:02.5954249Z           232,
2026-09-29T01:09:02.5954325Z           228
2026-09-29T01:09:02.5954403Z         ],
2026-09-29T01:09:02.5954476Z         [
2026-09-29T01:09:02.5954553Z           128,
2026-09-29T01:09:02.5954628Z           -9368163930,
2026-09-29T01:09:02.5954707Z           233,
2026-09-29T01:09:02.5954779Z           229
2026-09-29T01:09:02.5954856Z         ],
2026-09-29T01:09:02.5954928Z         [
2026-09-29T01:09:02.5955005Z           129,
2026-09-29T01:09:02.5955085Z           -1785403548,
2026-09-29T01:09:02.5955159Z           234,
2026-09-29T01:09:02.5955239Z           230
2026-09-29T01:09:02.5955311Z         ],
2026-09-29T01:09:02.5955387Z         [
2026-09-29T01:09:02.5955460Z           130,
2026-09-29T01:09:02.5955756Z           4263241647,
2026-09-29T01:09:02.5955879Z           236,
2026-09-29T01:09:02.5956009Z           232
2026-09-29T01:09:02.5956101Z         ],
2026-09-29T01:09:02.5956184Z         [
2026-09-29T01:09:02.5956264Z           131,
2026-09-29T01:09:02.5956345Z           -3149559560,
2026-09-29T01:09:02.5956425Z           237,
2026-09-29T01:09:02.5956498Z           233
2026-09-29T01:09:02.5956583Z         ],
2026-09-29T01:09:02.5956655Z         [
2026-09-29T01:09:02.5956734Z           132,
2026-09-29T01:09:02.5956808Z           -5378322620,
2026-09-29T01:09:02.5956887Z           238,
2026-09-29T01:09:02.5956964Z           234
2026-09-29T01:09:02.5957037Z         ],
2026-09-29T01:09:02.5957116Z         [
2026-09-29T01:09:02.5957190Z           133,
2026-09-29T01:09:02.5957269Z           4273065207,
2026-09-29T01:09:02.5957340Z           240,
2026-09-29T01:09:02.5957422Z           236
2026-09-29T01:09:02.5957494Z         ],
2026-09-29T01:09:02.5957573Z         [
2026-09-29T01:09:02.5957649Z           134,
2026-09-29T01:09:02.5957726Z           -1981257901,
2026-09-29T01:09:02.5957803Z           241,
2026-09-29T01:09:02.5957875Z           237
2026-09-29T01:09:02.5957952Z         ],
2026-09-29T01:09:02.5958024Z         [
2026-09-29T01:09:02.5958102Z           135,
2026-09-29T01:09:02.5958178Z           -4995255596,
2026-09-29T01:09:02.5958259Z           242,
2026-09-29T01:09:02.5958334Z           238
2026-09-29T01:09:02.5958560Z         ],
2026-09-29T01:09:02.5958634Z         [
2026-09-29T01:09:02.5958706Z           136,
2026-09-29T01:09:02.5958783Z           4258152747,
2026-09-29T01:09:02.5958856Z           244,
2026-09-29T01:09:02.5958932Z           240
2026-09-29T01:09:02.5959004Z         ],
2026-09-29T01:09:02.5959077Z         [
2026-09-29T01:09:02.5959150Z           137,
2026-09-29T01:09:02.5959221Z           2567812148,
2026-09-29T01:09:02.5959409Z           245,
2026-09-29T01:09:02.5959483Z           241
2026-09-29T01:09:02.5959557Z         ],
2026-09-29T01:09:02.5959630Z         [
2026-09-29T01:09:02.5959703Z           138,
2026-09-29T01:09:02.5959782Z           -1775925963,
2026-09-29T01:09:02.5959857Z           246,
2026-09-29T01:09:02.5959931Z           242
2026-09-29T01:09:02.5960009Z         ],
2026-09-29T01:09:02.5960086Z         [
2026-09-29T01:09:02.5960157Z           139,
2026-09-29T01:09:02.5960232Z           6271443255,
2026-09-29T01:09:02.5960303Z           248,
2026-09-29T01:09:02.5960383Z           244
2026-09-29T01:09:02.5960453Z         ],
2026-09-29T01:09:02.5960526Z         [
2026-09-29T01:09:02.5960596Z           140,
2026-09-29T01:09:02.5960670Z           1291624300,
2026-09-29T01:09:02.5960743Z           249,
2026-09-29T01:09:02.5960814Z           245
2026-09-29T01:09:02.5960887Z         ],
2026-09-29T01:09:02.5960958Z         [
2026-09-29T01:09:02.5961032Z           141,
2026-09-29T01:09:02.5961104Z           662851149,
2026-09-29T01:09:02.5961185Z           250,
2026-09-29T01:09:02.5961257Z           246
2026-09-29T01:09:02.5961333Z         ],
2026-09-29T01:09:02.5961407Z         [
2026-09-29T01:09:02.5961480Z           142,
2026-09-29T01:09:02.5961557Z           11508632604,
2026-09-29T01:09:02.5961629Z           252,
2026-09-29T01:09:02.5961704Z           248
2026-09-29T01:09:02.5961774Z         ],
2026-09-29T01:09:02.5961846Z         [
2026-09-29T01:09:02.5961917Z           143,
2026-09-29T01:09:02.5961993Z           -5173389205,
2026-09-29T01:09:02.5962064Z           253,
2026-09-29T01:09:02.5962141Z           249
2026-09-29T01:09:02.5962213Z         ],
2026-09-29T01:09:02.5962284Z         [
2026-09-29T01:09:02.5962363Z           144,
2026-09-29T01:09:02.5962438Z           3228326928,
2026-09-29T01:09:02.5962515Z           254,
2026-09-29T01:09:02.5962587Z           250
2026-09-29T01:09:02.5962676Z         ],
2026-09-29T01:09:02.5962756Z         [
2026-09-29T01:09:02.5962840Z           145,
2026-09-29T01:09:02.5962918Z           3290653194,
2026-09-29T01:09:02.5962990Z           256,
2026-09-29T01:09:02.5963063Z           252
2026-09-29T01:09:02.5963133Z         ],
2026-09-29T01:09:02.5963208Z         [
2026-09-29T01:09:02.5963281Z           146,
2026-09-29T01:09:02.5963360Z           -162633807,
2026-09-29T01:09:02.5963430Z           257,
2026-09-29T01:09:02.5963506Z           253
2026-09-29T01:09:02.5963578Z         ],
2026-09-29T01:09:02.5963648Z         [
2026-09-29T01:09:02.5963721Z           147,
2026-09-29T01:09:02.5963794Z           3022827996,
2026-09-29T01:09:02.5963872Z           258,
2026-09-29T01:09:02.5963944Z           254
2026-09-29T01:09:02.5964017Z         ],
2026-09-29T01:09:02.5964088Z         [
2026-09-29T01:09:02.5964163Z           148,
2026-09-29T01:09:02.5964241Z           -5782032760,
2026-09-29T01:09:02.5964313Z           260,
2026-09-29T01:09:02.5964389Z           256
2026-09-29T01:09:02.5964460Z         ],
2026-09-29T01:09:02.5964532Z         [
2026-09-29T01:09:02.5964604Z           149,
2026-09-29T01:09:02.5964683Z           2520136830,
2026-09-29T01:09:02.5964753Z           261,
2026-09-29T01:09:02.5964827Z           257
2026-09-29T01:09:02.5964899Z         ],
2026-09-29T01:09:02.5964976Z         [
2026-09-29T01:09:02.5965051Z           150,
2026-09-29T01:09:02.5965123Z           254029988,
2026-09-29T01:09:02.5965196Z           262,
2026-09-29T01:09:02.5965266Z           258
2026-09-29T01:09:02.5965338Z         ],
2026-09-29T01:09:02.5965406Z         [
2026-09-29T01:09:02.5965483Z           151,
2026-09-29T01:09:02.5965718Z           -6900593469,
2026-09-29T01:09:02.5965928Z           264,
2026-09-29T01:09:02.5966005Z           260
2026-09-29T01:09:02.5966078Z         ],
2026-09-29T01:09:02.5966151Z         [
2026-09-29T01:09:02.5966221Z           152,
2026-09-29T01:09:02.5966294Z           8837287936,
2026-09-29T01:09:02.5966365Z           265,
2026-09-29T01:09:02.5966440Z           261
2026-09-29T01:09:02.5966509Z         ],
2026-09-29T01:09:02.5966582Z         [
2026-09-29T01:09:02.5966658Z           153,
2026-09-29T01:09:02.5966848Z           -1897436898,
2026-09-29T01:09:02.5966926Z           266,
2026-09-29T01:09:02.5967000Z           262
2026-09-29T01:09:02.5967074Z         ],
2026-09-29T01:09:02.5967145Z         [
2026-09-29T01:09:02.5967220Z           154,
2026-09-29T01:09:02.5967292Z           4468673380,
2026-09-29T01:09:02.5967367Z           268,
2026-09-29T01:09:02.5967437Z           264
2026-09-29T01:09:02.5967511Z         ],
2026-09-29T01:09:02.5967584Z         [
2026-09-29T01:09:02.5967658Z           155,
2026-09-29T01:09:02.5967732Z           9791978616,
2026-09-29T01:09:02.5967806Z           269,
2026-09-29T01:09:02.5967882Z           265
2026-09-29T01:09:02.5967952Z         ],
2026-09-29T01:09:02.5968025Z         [
2026-09-29T01:09:02.5968098Z           156,
2026-09-29T01:09:02.5968184Z           -12080363082,
2026-09-29T01:09:02.5968257Z           270,
2026-09-29T01:09:02.5968326Z           266
2026-09-29T01:09:02.5968398Z         ],
2026-09-29T01:09:02.5968468Z         [
2026-09-29T01:09:02.5968546Z           157,
2026-09-29T01:09:02.5968622Z           -9706585965,
2026-09-29T01:09:02.5968700Z           272,
2026-09-29T01:09:02.5968771Z           268
2026-09-29T01:09:02.5968847Z         ],
2026-09-29T01:09:02.5968923Z         [
2026-09-29T01:09:02.5968995Z           158,
2026-09-29T01:09:02.5969074Z           398526858,
2026-09-29T01:09:02.5969145Z           273,
2026-09-29T01:09:02.5969217Z           269
2026-09-29T01:09:02.5969287Z         ],
2026-09-29T01:09:02.5969359Z         [
2026-09-29T01:09:02.5969430Z           159,
2026-09-29T01:09:02.5969510Z           621395320,
2026-09-29T01:09:02.5969581Z           274,
2026-09-29T01:09:02.5969654Z           270
2026-09-29T01:09:02.5969728Z         ],
2026-09-29T01:09:02.5969797Z         [
2026-09-29T01:09:02.5969871Z           160,
2026-09-29T01:09:02.5969944Z           4535560034,
2026-09-29T01:09:02.5970018Z           276,
2026-09-29T01:09:02.5970090Z           272
2026-09-29T01:09:02.5970167Z         ],
2026-09-29T01:09:02.5970238Z         [
2026-09-29T01:09:02.5970319Z           161,
2026-09-29T01:09:02.5970393Z           3714726708,
2026-09-29T01:09:02.5970464Z           277,
2026-09-29T01:09:02.5970538Z           273
2026-09-29T01:09:02.5970609Z         ],
2026-09-29T01:09:02.5970686Z         [
2026-09-29T01:09:02.5970757Z           162,
2026-09-29T01:09:02.5970833Z           11030475521,
2026-09-29T01:09:02.5970902Z           278,
2026-09-29T01:09:02.5970976Z           274
2026-09-29T01:09:02.5971048Z         ],
2026-09-29T01:09:02.5971120Z         [
2026-09-29T01:09:02.5971194Z           163,
2026-09-29T01:09:02.5971273Z           -4951812525,
2026-09-29T01:09:02.5971346Z           280,
2026-09-29T01:09:02.5971419Z           276
2026-09-29T01:09:02.5971491Z         ],
2026-09-29T01:09:02.5971563Z         [
2026-09-29T01:09:02.5971638Z           164,
2026-09-29T01:09:02.5971716Z           -2597372140,
2026-09-29T01:09:02.5971788Z           281,
2026-09-29T01:09:02.5971864Z           277
2026-09-29T01:09:02.5971934Z         ],
2026-09-29T01:09:02.5972010Z         [
2026-09-29T01:09:02.5972082Z           165,
2026-09-29T01:09:02.5972163Z           -8104827519,
2026-09-29T01:09:02.5972235Z           282,
2026-09-29T01:09:02.5972312Z           278
2026-09-29T01:09:02.5972381Z         ],
2026-09-29T01:09:02.5972455Z         [
2026-09-29T01:09:02.5972530Z           166,
2026-09-29T01:09:02.5972603Z           979618200,
2026-09-29T01:09:02.5972681Z           284,
2026-09-29T01:09:02.5972752Z           280
2026-09-29T01:09:02.5972828Z         ],
2026-09-29T01:09:02.5972898Z         [
2026-09-29T01:09:02.5973076Z           167,
2026-09-29T01:09:02.5973151Z           7526052927,
2026-09-29T01:09:02.5973226Z           285,
2026-09-29T01:09:02.5973301Z           281
2026-09-29T01:09:02.5973371Z         ],
2026-09-29T01:09:02.5973444Z         [
2026-09-29T01:09:02.5973514Z           168,
2026-09-29T01:09:02.5973589Z           122726373,
2026-09-29T01:09:02.5973660Z           286,
2026-09-29T01:09:02.5973736Z           282
2026-09-29T01:09:02.5973807Z         ],
2026-09-29T01:09:02.5973968Z         [
2026-09-29T01:09:02.5974046Z           169,
2026-09-29T01:09:02.5974122Z           158013894,
2026-09-29T01:09:02.5974198Z           288,
2026-09-29T01:09:02.5974270Z           284
2026-09-29T01:09:02.5974343Z         ],
2026-09-29T01:09:02.5974412Z         [
2026-09-29T01:09:02.5974486Z           170,
2026-09-29T01:09:02.5974557Z           13165065280,
2026-09-29T01:09:02.5974633Z           289,
2026-09-29T01:09:02.5974704Z           285
2026-09-29T01:09:02.5974777Z         ],
2026-09-29T01:09:02.5974850Z         [
2026-09-29T01:09:02.5974926Z           171,
2026-09-29T01:09:02.5975000Z           5770766610,
2026-09-29T01:09:02.5975072Z           290,
2026-09-29T01:09:02.5975147Z           286
2026-09-29T01:09:02.5975218Z         ],
2026-09-29T01:09:02.5975292Z         [
2026-09-29T01:09:02.5975364Z           172,
2026-09-29T01:09:02.5975447Z           -81860526,
2026-09-29T01:09:02.5975524Z           292,
2026-09-29T01:09:02.5975718Z           288
2026-09-29T01:09:02.5975799Z         ],
2026-09-29T01:09:02.5975874Z         [
2026-09-29T01:09:02.5975949Z           173,
2026-09-29T01:09:02.5976025Z           -3313680430,
2026-09-29T01:09:02.5976100Z           293,
2026-09-29T01:09:02.5976169Z           289
2026-09-29T01:09:02.5976245Z         ],
2026-09-29T01:09:02.5976317Z         [
2026-09-29T01:09:02.5976388Z           174,
2026-09-29T01:09:02.5976469Z           -3253599336,
2026-09-29T01:09:02.5976541Z           294,
2026-09-29T01:09:02.5976615Z           290
2026-09-29T01:09:02.5976686Z         ],
2026-09-29T01:09:02.5976765Z         [
2026-09-29T01:09:02.5976836Z           175,
2026-09-29T01:09:02.5976915Z           -2844330939,
2026-09-29T01:09:02.5976990Z           296,
2026-09-29T01:09:02.5977060Z           292
2026-09-29T01:09:02.5977133Z         ],
2026-09-29T01:09:02.5977203Z         [
2026-09-29T01:09:02.5977278Z           176,
2026-09-29T01:09:02.5977350Z           446973380,
2026-09-29T01:09:02.5977425Z           297,
2026-09-29T01:09:02.5977497Z           293
2026-09-29T01:09:02.5977576Z         ],
2026-09-29T01:09:02.5977650Z         [
2026-09-29T01:09:02.5977726Z           177,
2026-09-29T01:09:02.5977800Z           48302056,
2026-09-29T01:09:02.5977871Z           298,
2026-09-29T01:09:02.5977946Z           294
2026-09-29T01:09:02.5978017Z         ],
2026-09-29T01:09:02.5978094Z         [
2026-09-29T01:09:02.5978166Z           178,
2026-09-29T01:09:02.5978243Z           3149087945,
2026-09-29T01:09:02.5978315Z           300,
2026-09-29T01:09:02.5978392Z           296
2026-09-29T01:09:02.5978468Z         ],
2026-09-29T01:09:02.5978543Z         [
2026-09-29T01:09:02.5978619Z           179,
2026-09-29T01:09:02.5978690Z           4020548880,
2026-09-29T01:09:02.5978766Z           301,
2026-09-29T01:09:02.5978836Z           297
2026-09-29T01:09:02.5978914Z         ],
2026-09-29T01:09:02.5978987Z         [
2026-09-29T01:09:02.5979063Z           180,
2026-09-29T01:09:02.5979144Z           1987873228,
2026-09-29T01:09:02.5979218Z           302,
2026-09-29T01:09:02.5979298Z           298
2026-09-29T01:09:02.5979372Z         ],
2026-09-29T01:09:02.5979448Z         [
2026-09-29T01:09:02.5979521Z           181,
2026-09-29T01:09:02.5979597Z           1094376022,
2026-09-29T01:09:02.5979669Z           304,
2026-09-29T01:09:02.5979743Z           300
2026-09-29T01:09:02.5979816Z         ],
2026-09-29T01:09:02.5979891Z         [
2026-09-29T01:09:02.5979965Z           182,
2026-09-29T01:09:02.5980041Z           -388077024,
2026-09-29T01:09:02.5980117Z           305,
2026-09-29T01:09:02.5980188Z           301
2026-09-29T01:09:02.5980441Z         ],
2026-09-29T01:09:02.5980514Z         [
2026-09-29T01:09:02.5980593Z           183,
2026-09-29T01:09:02.5980668Z           -4114037970,
2026-09-29T01:09:02.5980742Z           306,
2026-09-29T01:09:02.5980815Z           302
2026-09-29T01:09:02.5980886Z         ],
2026-09-29T01:09:02.5980961Z         [
2026-09-29T01:09:02.5981032Z           184,
2026-09-29T01:09:02.5981106Z           348965460,
2026-09-29T01:09:02.5981177Z           308,
2026-09-29T01:09:02.5981361Z           304
2026-09-29T01:09:02.5981435Z         ],
2026-09-29T01:09:02.5981513Z         [
2026-09-29T01:09:02.5981591Z           185,
2026-09-29T01:09:02.5981667Z           6478525420,
2026-09-29T01:09:02.5981744Z           309,
2026-09-29T01:09:02.5981815Z           305
2026-09-29T01:09:02.5981891Z         ],
2026-09-29T01:09:02.5981965Z         [
2026-09-29T01:09:02.5982040Z           186,
2026-09-29T01:09:02.5982116Z           -9512599368,
2026-09-29T01:09:02.5982189Z           310,
2026-09-29T01:09:02.5982261Z           306
2026-09-29T01:09:02.5982339Z         ],
2026-09-29T01:09:02.5982414Z         [
2026-09-29T01:09:02.5982484Z           187,
2026-09-29T01:09:02.5982562Z           16080985161,
2026-09-29T01:09:02.5982632Z           312,
2026-09-29T01:09:02.5982709Z           308
2026-09-29T01:09:02.5982779Z         ],
2026-09-29T01:09:02.5982852Z         [
2026-09-29T01:09:02.5982922Z           188,
2026-09-29T01:09:02.5982997Z           13520990938,
2026-09-29T01:09:02.5983072Z           313,
2026-09-29T01:09:02.5983142Z           309
2026-09-29T01:09:02.5983217Z         ],
2026-09-29T01:09:02.5983287Z         [
2026-09-29T01:09:02.5983361Z           189,
2026-09-29T01:09:02.5983434Z           7298471232,
2026-09-29T01:09:02.5983509Z           314,
2026-09-29T01:09:02.5983579Z           310
2026-09-29T01:09:02.5983651Z         ],
2026-09-29T01:09:02.5983725Z         [
2026-09-29T01:09:02.5983796Z           190,
2026-09-29T01:09:02.5983884Z           -263207835,
2026-09-29T01:09:02.5983958Z           316,
2026-09-29T01:09:02.5984039Z           312
2026-09-29T01:09:02.5984111Z         ],
2026-09-29T01:09:02.5984190Z         [
2026-09-29T01:09:02.5984262Z           191,
2026-09-29T01:09:02.5984342Z           -13876775900,
2026-09-29T01:09:02.5984417Z           317,
2026-09-29T01:09:02.5984489Z           313
2026-09-29T01:09:02.5984564Z         ],
2026-09-29T01:09:02.5984634Z         [
2026-09-29T01:09:02.5984710Z           192,
2026-09-29T01:09:02.5984784Z           -8988532119,
2026-09-29T01:09:02.5984861Z           318,
2026-09-29T01:09:02.5984931Z           314
2026-09-29T01:09:02.5985007Z         ],
2026-09-29T01:09:02.5985077Z         [
2026-09-29T01:09:02.5985153Z           193,
2026-09-29T01:09:02.5985230Z           704619864,
2026-09-29T01:09:02.5985301Z           320,
2026-09-29T01:09:02.5985374Z           316
2026-09-29T01:09:02.5985446Z         ],
2026-09-29T01:09:02.5985519Z         [
2026-09-29T01:09:02.5985711Z           194,
2026-09-29T01:09:02.5985792Z           4214022749,
2026-09-29T01:09:02.5985865Z           321,
2026-09-29T01:09:02.5985944Z           317
2026-09-29T01:09:02.5986018Z         ],
2026-09-29T01:09:02.5986087Z         [
2026-09-29T01:09:02.5986163Z           195,
2026-09-29T01:09:02.5986239Z           -7664349090,
2026-09-29T01:09:02.5986313Z           322,
2026-09-29T01:09:02.5986383Z           318
2026-09-29T01:09:02.5986455Z         ],
2026-09-29T01:09:02.5986526Z         [
2026-09-29T01:09:02.5986602Z           196,
2026-09-29T01:09:02.5986681Z           -3334937646,
2026-09-29T01:09:02.5986755Z           324,
2026-09-29T01:09:02.5986827Z           320
2026-09-29T01:09:02.5986896Z         ],
2026-09-29T01:09:02.5986970Z         [
2026-09-29T01:09:02.5987039Z           197,
2026-09-29T01:09:02.5987117Z           568388499,
2026-09-29T01:09:02.5987190Z           325,
2026-09-29T01:09:02.5987264Z           321
2026-09-29T01:09:02.5987333Z         ],
2026-09-29T01:09:02.5987409Z         [
2026-09-29T01:09:02.5987484Z           198,
2026-09-29T01:09:02.5987555Z           3440311482,
2026-09-29T01:09:02.5987769Z           326,
2026-09-29T01:09:02.5987843Z           322
2026-09-29T01:09:02.5987917Z         ],
2026-09-29T01:09:02.5987988Z         [
2026-09-29T01:09:02.5988061Z           199,
2026-09-29T01:09:02.5988141Z           -746561222,
2026-09-29T01:09:02.5988217Z           328,
2026-09-29T01:09:02.5988294Z           324
2026-09-29T01:09:02.5988366Z         ],
2026-09-29T01:09:02.5988440Z         [
2026-09-29T01:09:02.5988513Z           200,
2026-09-29T01:09:02.5988700Z           3495879918,
2026-09-29T01:09:02.5988775Z           329,
2026-09-29T01:09:02.5988853Z           325
2026-09-29T01:09:02.5988924Z         ],
2026-09-29T01:09:02.5989000Z         [
2026-09-29T01:09:02.5989074Z           201,
2026-09-29T01:09:02.5989151Z           -1809123426,
2026-09-29T01:09:02.5989225Z           330,
2026-09-29T01:09:02.5989295Z           326
2026-09-29T01:09:02.5989369Z         ],
2026-09-29T01:09:02.5989439Z         [
2026-09-29T01:09:02.5989515Z           202,
2026-09-29T01:09:02.5989585Z           2451865508,
2026-09-29T01:09:02.5989666Z           332,
2026-09-29T01:09:02.5989738Z           328
2026-09-29T01:09:02.5989810Z         ],
2026-09-29T01:09:02.5989884Z         [
2026-09-29T01:09:02.5989954Z           203,
2026-09-29T01:09:02.5990032Z           2368605104,
2026-09-29T01:09:02.5990104Z           333,
2026-09-29T01:09:02.5990181Z           329
2026-09-29T01:09:02.5990252Z         ],
2026-09-29T01:09:02.5990328Z         [
2026-09-29T01:09:02.5990403Z           204,
2026-09-29T01:09:02.5990485Z           -2961345618,
2026-09-29T01:09:02.5990561Z           334,
2026-09-29T01:09:02.5990630Z           330
2026-09-29T01:09:02.5990706Z         ],
2026-09-29T01:09:02.5990779Z         [
2026-09-29T01:09:02.5990853Z           205,
2026-09-29T01:09:02.5990928Z           6843232831,
2026-09-29T01:09:02.5991003Z           336,
2026-09-29T01:09:02.5991074Z           332
2026-09-29T01:09:02.5991148Z         ],
2026-09-29T01:09:02.5991223Z         [
2026-09-29T01:09:02.5991293Z           206,
2026-09-29T01:09:02.5991376Z           -4350574890,
2026-09-29T01:09:02.5991449Z           337,
2026-09-29T01:09:02.5991525Z           333
2026-09-29T01:09:02.5991597Z         ],
2026-09-29T01:09:02.5991672Z         [
2026-09-29T01:09:02.5991745Z           207,
2026-09-29T01:09:02.5991830Z           -903010032,
2026-09-29T01:09:02.5991907Z           338,
2026-09-29T01:09:02.5991979Z           334
2026-09-29T01:09:02.5992054Z         ],
2026-09-29T01:09:02.5992125Z         [
2026-09-29T01:09:02.5992203Z           208,
2026-09-29T01:09:02.5992274Z           1654709056,
2026-09-29T01:09:02.5992350Z           340,
2026-09-29T01:09:02.5992422Z           336
2026-09-29T01:09:02.5992494Z         ],
2026-09-29T01:09:02.5992565Z         [
2026-09-29T01:09:02.5992643Z           209,
2026-09-29T01:09:02.5992722Z           -16262238100,
2026-09-29T01:09:02.5992794Z           341,
2026-09-29T01:09:02.5992868Z           337
2026-09-29T01:09:02.5992939Z         ],
2026-09-29T01:09:02.5993014Z         [
2026-09-29T01:09:02.5993085Z           210,
2026-09-29T01:09:02.5993164Z           1447164336,
2026-09-29T01:09:02.5993238Z           342,
2026-09-29T01:09:02.5993316Z           338
2026-09-29T01:09:02.5993392Z         ],
2026-09-29T01:09:02.5993462Z         [
2026-09-29T01:09:02.5993540Z           211,
2026-09-29T01:09:02.5993612Z           6419031003,
2026-09-29T01:09:02.5993691Z           344,
2026-09-29T01:09:02.5993762Z           340
2026-09-29T01:09:02.5993836Z         ],
2026-09-29T01:09:02.5993910Z         [
2026-09-29T01:09:02.5993987Z           212,
2026-09-29T01:09:02.5994062Z           15787865709,
2026-09-29T01:09:02.5994133Z           345,
2026-09-29T01:09:02.5994207Z           341
2026-09-29T01:09:02.5994277Z         ],
2026-09-29T01:09:02.5994353Z         [
2026-09-29T01:09:02.5994424Z           213,
2026-09-29T01:09:02.5994504Z           8293303018,
2026-09-29T01:09:02.5994574Z           346,
2026-09-29T01:09:02.5994650Z           342
2026-09-29T01:09:02.5994720Z         ],
2026-09-29T01:09:02.5994799Z         [
2026-09-29T01:09:02.5994988Z           214,
2026-09-29T01:09:02.5995061Z           1875272231,
2026-09-29T01:09:02.5995138Z           348,
2026-09-29T01:09:02.5995210Z           344
2026-09-29T01:09:02.5995281Z         ],
2026-09-29T01:09:02.5995351Z         [
2026-09-29T01:09:02.5995425Z           215,
2026-09-29T01:09:02.5995502Z           -362515230,
2026-09-29T01:09:02.5995811Z           349,
2026-09-29T01:09:02.5995930Z           345
2026-09-29T01:09:02.5996014Z         ],
2026-09-29T01:09:02.5996218Z         [
2026-09-29T01:09:02.5996293Z           216,
2026-09-29T01:09:02.5996371Z           3770375364,
2026-09-29T01:09:02.5996452Z           350,
2026-09-29T01:09:02.5996530Z           346
2026-09-29T01:09:02.5996599Z         ],
2026-09-29T01:09:02.5996673Z         [
2026-09-29T01:09:02.5996746Z           217,
2026-09-29T01:09:02.5996820Z           54587864,
2026-09-29T01:09:02.5996896Z           352,
2026-09-29T01:09:02.5996967Z           348
2026-09-29T01:09:02.5997043Z         ],
2026-09-29T01:09:02.5997113Z         [
2026-09-29T01:09:02.5997193Z           218,
2026-09-29T01:09:02.5997272Z           -1409211960,
2026-09-29T01:09:02.5997345Z           353,
2026-09-29T01:09:02.5997421Z           349
2026-09-29T01:09:02.5997493Z         ],
2026-09-29T01:09:02.5997566Z         [
2026-09-29T01:09:02.5997637Z           219,
2026-09-29T01:09:02.5997716Z           -7344916731,
2026-09-29T01:09:02.5997787Z           354,
2026-09-29T01:09:02.5997862Z           350
2026-09-29T01:09:02.5997934Z         ],
2026-09-29T01:09:02.5998010Z         [
2026-09-29T01:09:02.5998083Z           220,
2026-09-29T01:09:02.5998162Z           1408804444,
2026-09-29T01:09:02.5998236Z           356,
2026-09-29T01:09:02.5998306Z           352
2026-09-29T01:09:02.5998381Z         ],
2026-09-29T01:09:02.5998451Z         [
2026-09-29T01:09:02.5998524Z           221,
2026-09-29T01:09:02.5998596Z           7193736519,
2026-09-29T01:09:02.5998669Z           357,
2026-09-29T01:09:02.5998742Z           353
2026-09-29T01:09:02.5998814Z         ],
2026-09-29T01:09:02.5998890Z         [
2026-09-29T01:09:02.5998962Z           222,
2026-09-29T01:09:02.5999039Z           -3323801365,
2026-09-29T01:09:02.5999110Z           358,
2026-09-29T01:09:02.5999184Z           354
2026-09-29T01:09:02.5999254Z         ],
2026-09-29T01:09:02.5999331Z         [
2026-09-29T01:09:02.5999402Z           223,
2026-09-29T01:09:02.5999480Z           -5086688784,
2026-09-29T01:09:02.5999556Z           360,
2026-09-29T01:09:02.5999630Z           356
2026-09-29T01:09:02.5999707Z         ],
2026-09-29T01:09:02.5999778Z         [
2026-09-29T01:09:02.5999852Z           224,
2026-09-29T01:09:02.5999925Z           -3966726150,
2026-09-29T01:09:02.5999999Z           361,
2026-09-29T01:09:02.6000070Z           357
2026-09-29T01:09:02.6000146Z         ],
2026-09-29T01:09:02.6000217Z         [
2026-09-29T01:09:02.6000293Z           225,
2026-09-29T01:09:02.6000372Z           -9478877895,
2026-09-29T01:09:02.6000447Z           362,
2026-09-29T01:09:02.6000523Z           358
2026-09-29T01:09:02.6000595Z         ],
2026-09-29T01:09:02.6000673Z         [
2026-09-29T01:09:02.6000745Z           226,
2026-09-29T01:09:02.6000823Z           -3390722964,
2026-09-29T01:09:02.6000895Z           364,
2026-09-29T01:09:02.6000973Z           360
2026-09-29T01:09:02.6001047Z         ],
2026-09-29T01:09:02.6001118Z         [
2026-09-29T01:09:02.6001193Z           227,
2026-09-29T01:09:02.6001268Z           -2420072060,
2026-09-29T01:09:02.6001399Z           365,
2026-09-29T01:09:02.6001511Z           361
2026-09-29T01:09:02.6001627Z         ],
2026-09-29T01:09:02.6001728Z         [
2026-09-29T01:09:02.6001808Z           228,
2026-09-29T01:09:02.6001889Z           -8159529392,
2026-09-29T01:09:02.6001962Z           366,
2026-09-29T01:09:02.6002039Z           362
2026-09-29T01:09:02.6002111Z         ],
2026-09-29T01:09:02.6002184Z         [
2026-09-29T01:09:02.6002254Z           229,
2026-09-29T01:09:02.6002331Z           13408942344,
2026-09-29T01:09:02.6002402Z           368,
2026-09-29T01:09:02.6002476Z           364
2026-09-29T01:09:02.6002723Z         ],
2026-09-29T01:09:02.6002795Z         [
2026-09-29T01:09:02.6002871Z           230,
2026-09-29T01:09:02.6002944Z           1448984220,
2026-09-29T01:09:02.6003016Z           369,
2026-09-29T01:09:02.6003085Z           365
2026-09-29T01:09:02.6003158Z         ],
2026-09-29T01:09:02.6003228Z         [
2026-09-29T01:09:02.6003303Z           231,
2026-09-29T01:09:02.6003381Z           -14709827346,
2026-09-29T01:09:02.6003459Z           370,
2026-09-29T01:09:02.6003622Z           366
2026-09-29T01:09:02.6003697Z         ],
2026-09-29T01:09:02.6003774Z         [
2026-09-29T01:09:02.6003849Z           232,
2026-09-29T01:09:02.6003926Z           -400552887,
2026-09-29T01:09:02.6003999Z           372,
2026-09-29T01:09:02.6004075Z           368
2026-09-29T01:09:02.6004147Z         ],
2026-09-29T01:09:02.6004224Z         [
2026-09-29T01:09:02.6004298Z           233,
2026-09-29T01:09:02.6004371Z           -3780346185,
2026-09-29T01:09:02.6004445Z           373,
2026-09-29T01:09:02.6004516Z           369
2026-09-29T01:09:02.6004596Z         ],
2026-09-29T01:09:02.6004666Z         [
2026-09-29T01:09:02.6004742Z           234,
2026-09-29T01:09:02.6004814Z           238508160,
2026-09-29T01:09:02.6004888Z           374,
2026-09-29T01:09:02.6004961Z           370
2026-09-29T01:09:02.6005035Z         ],
2026-09-29T01:09:02.6005109Z         [
2026-09-29T01:09:02.6005182Z           235,
2026-09-29T01:09:02.6005262Z           -34675992,
2026-09-29T01:09:02.6005338Z           376,
2026-09-29T01:09:02.6005414Z           372
2026-09-29T01:09:02.6005487Z         ],
2026-09-29T01:09:02.6005678Z         [
2026-09-29T01:09:02.6005755Z           236,
2026-09-29T01:09:02.6005838Z           -4515806376,
2026-09-29T01:09:02.6005916Z           377,
2026-09-29T01:09:02.6005986Z           373
2026-09-29T01:09:02.6006063Z         ],
2026-09-29T01:09:02.6006135Z         [
2026-09-29T01:09:02.6006211Z           237,
2026-09-29T01:09:02.6006286Z           -6795631830,
2026-09-29T01:09:02.6006361Z           378,
2026-09-29T01:09:02.6006436Z           374
2026-09-29T01:09:02.6006507Z         ],
2026-09-29T01:09:02.6006581Z         [
2026-09-29T01:09:02.6006653Z           238,
2026-09-29T01:09:02.6006729Z           -2027165747,
2026-09-29T01:09:02.6006801Z           380,
2026-09-29T01:09:02.6006875Z           376
2026-09-29T01:09:02.6006947Z         ],
2026-09-29T01:09:02.6007022Z         [
2026-09-29T01:09:02.6007093Z           239,
2026-09-29T01:09:02.6007171Z           5574577792,
2026-09-29T01:09:02.6007251Z           381,
2026-09-29T01:09:02.6007325Z           377
2026-09-29T01:09:02.6007402Z         ],
2026-09-29T01:09:02.6007473Z         [
2026-09-29T01:09:02.6007547Z           240,
2026-09-29T01:09:02.6007618Z           5144382000,
2026-09-29T01:09:02.6007693Z           382,
2026-09-29T01:09:02.6007766Z           378
2026-09-29T01:09:02.6007840Z         ],
2026-09-29T01:09:02.6007910Z         [
2026-09-29T01:09:02.6007985Z           241,
2026-09-29T01:09:02.6008062Z           -6107724173,
2026-09-29T01:09:02.6008134Z           384,
2026-09-29T01:09:02.6008210Z           380
2026-09-29T01:09:02.6008279Z         ],
2026-09-29T01:09:02.6008353Z         [
2026-09-29T01:09:02.6008425Z           242,
2026-09-29T01:09:02.6008503Z           2026225740,
2026-09-29T01:09:02.6008574Z           385,
2026-09-29T01:09:02.6008655Z           381
2026-09-29T01:09:02.6008730Z         ],
2026-09-29T01:09:02.6008800Z         [
2026-09-29T01:09:02.6008874Z           243,
2026-09-29T01:09:02.6008951Z           4933550830,
2026-09-29T01:09:02.6009028Z           386,
2026-09-29T01:09:02.6009101Z           382
2026-09-29T01:09:02.6009178Z         ],
2026-09-29T01:09:02.6009249Z         [
2026-09-29T01:09:02.6009325Z           244,
2026-09-29T01:09:02.6009403Z           -5056887726,
2026-09-29T01:09:02.6009473Z           388,
2026-09-29T01:09:02.6009546Z           384
2026-09-29T01:09:02.6009616Z         ],
2026-09-29T01:09:02.6009696Z         [
2026-09-29T01:09:02.6009769Z           245,
2026-09-29T01:09:02.6009846Z           4541461813,
2026-09-29T01:09:02.6010058Z           389,
2026-09-29T01:09:02.6010141Z           385
2026-09-29T01:09:02.6010218Z         ],
2026-09-29T01:09:02.6010292Z         [
2026-09-29T01:09:02.6010369Z           246,
2026-09-29T01:09:02.6010442Z           2440670544,
2026-09-29T01:09:02.6010517Z           390,
2026-09-29T01:09:02.6010587Z           386
2026-09-29T01:09:02.6010663Z         ],
2026-09-29T01:09:02.6010732Z         [
2026-09-29T01:09:02.6010809Z           247,
2026-09-29T01:09:02.6011000Z           1568309932,
2026-09-29T01:09:02.6011083Z           392,
2026-09-29T01:09:02.6011164Z           388
2026-09-29T01:09:02.6011238Z         ],
2026-09-29T01:09:02.6011316Z         [
2026-09-29T01:09:02.6011390Z           248,
2026-09-29T01:09:02.6011469Z           8948809944,
2026-09-29T01:09:02.6011541Z           393,
2026-09-29T01:09:02.6011619Z           389
2026-09-29T01:09:02.6011691Z         ],
2026-09-29T01:09:02.6011767Z         [
2026-09-29T01:09:02.6011842Z           249,
2026-09-29T01:09:02.6011916Z           78387322,
2026-09-29T01:09:02.6011997Z           394,
2026-09-29T01:09:02.6012068Z           390
2026-09-29T01:09:02.6012144Z         ],
2026-09-29T01:09:02.6012214Z         [
2026-09-29T01:09:02.6012289Z           250,
2026-09-29T01:09:02.6012364Z           13620688556,
2026-09-29T01:09:02.6012440Z           396,
2026-09-29T01:09:02.6012514Z           392
2026-09-29T01:09:02.6012585Z         ],
2026-09-29T01:09:02.6012658Z         [
2026-09-29T01:09:02.6012731Z           251,
2026-09-29T01:09:02.6012818Z           -2448689430,
2026-09-29T01:09:02.6012888Z           397,
2026-09-29T01:09:02.6012964Z           393
2026-09-29T01:09:02.6013035Z         ],
2026-09-29T01:09:02.6013110Z         [
2026-09-29T01:09:02.6013180Z           252,
2026-09-29T01:09:02.6013256Z           2020448604,
2026-09-29T01:09:02.6013335Z           398,
2026-09-29T01:09:02.6013408Z           394
2026-09-29T01:09:02.6013484Z         ],
2026-09-29T01:09:02.6013556Z         [
2026-09-29T01:09:02.6013632Z           253,
2026-09-29T01:09:02.6013706Z           3319057352,
2026-09-29T01:09:02.6013787Z           400,
2026-09-29T01:09:02.6013858Z           396
2026-09-29T01:09:02.6013935Z         ],
2026-09-29T01:09:02.6014012Z         [
2026-09-29T01:09:02.6014083Z           254,
2026-09-29T01:09:02.6014164Z           11334846292,
2026-09-29T01:09:02.6014235Z           401,
2026-09-29T01:09:02.6014311Z           397
2026-09-29T01:09:02.6014385Z         ],
2026-09-29T01:09:02.6014460Z         [
2026-09-29T01:09:02.6014534Z           255,
2026-09-29T01:09:02.6014620Z           -2655466030,
2026-09-29T01:09:02.6014696Z           402,
2026-09-29T01:09:02.6014769Z           398
2026-09-29T01:09:02.6014844Z         ]
2026-09-29T01:09:02.6014919Z       ]
2026-09-29T01:09:02.6014994Z     },
2026-09-29T01:09:02.6015078Z     "iverilog_bsim": {
2026-09-29T01:09:02.6015168Z       "products": 256,
2026-09-29T01:09:02.6015244Z       "resets": [
2026-09-29T01:09:02.6015321Z         [
2026-09-29T01:09:02.6015405Z           "pipeline",
2026-09-29T01:09:02.6015480Z           "7",
2026-09-29T01:09:02.6015676Z           "6",
2026-09-29T01:09:02.6015753Z           "0"
2026-09-29T01:09:02.6015832Z         ],
2026-09-29T01:09:02.6015905Z         [
2026-09-29T01:09:02.6015989Z           "full",
2026-09-29T01:09:02.6016067Z           "36",
2026-09-29T01:09:02.6016147Z           "8",
2026-09-29T01:09:02.6016219Z           "0"
2026-09-29T01:09:02.6016299Z         ]
2026-09-29T01:09:02.6016376Z       ],
2026-09-29T01:09:02.6016468Z       "credit_checks": [
2026-09-29T01:09:02.6016547Z         [
2026-09-29T01:09:02.6016622Z           "32",
2026-09-29T01:09:02.6016701Z           "8",
2026-09-29T01:09:02.6016773Z           "0"
2026-09-29T01:09:02.6016851Z         ],
2026-09-29T01:09:02.6016922Z         [
2026-09-29T01:09:02.6017002Z           "32",
2026-09-29T01:09:02.6017078Z           "11",
2026-09-29T01:09:02.6017151Z           "3"
2026-09-29T01:09:02.6017226Z         ]
2026-09-29T01:09:02.6017299Z       ],
2026-09-29T01:09:02.6017419Z       "first_product_latency_cycles": 4,
2026-09-29T01:09:02.6017662Z       "final_cycle": 403,
2026-09-29T01:09:02.6017741Z       "rows": [
2026-09-29T01:09:02.6017816Z         [
2026-09-29T01:09:02.6017894Z           0,
2026-09-29T01:09:02.6017971Z           17179869184,
2026-09-29T01:09:02.6018081Z           4,
2026-09-29T01:09:02.6018164Z           0
2026-09-29T01:09:02.6018238Z         ],
2026-09-29T01:09:02.6018316Z         [
2026-09-29T01:09:02.6018387Z           1,
2026-09-29T01:09:02.6018583Z           17179738112,
2026-09-29T01:09:02.6018659Z           5,
2026-09-29T01:09:02.6018742Z           1
2026-09-29T01:09:02.6018815Z         ],
2026-09-29T01:09:02.6018894Z         [
2026-09-29T01:09:02.6018966Z           2,
2026-09-29T01:09:02.6019039Z           8589934592,
2026-09-29T01:09:02.6019111Z           6,
2026-09-29T01:09:02.6019181Z           2
2026-09-29T01:09:02.6019255Z         ],
2026-09-29T01:09:02.6019326Z         [
2026-09-29T01:09:02.6019399Z           3,
2026-09-29T01:09:02.6019472Z           131072,
2026-09-29T01:09:02.6019551Z           72,
2026-09-29T01:09:02.6019629Z           4
2026-09-29T01:09:02.6019700Z         ],
2026-09-29T01:09:02.6019776Z         [
2026-09-29T01:09:02.6019847Z           4,
2026-09-29T01:09:02.6019924Z           0,
2026-09-29T01:09:02.6019995Z           73,
2026-09-29T01:09:02.6020071Z           5
2026-09-29T01:09:02.6020143Z         ],
2026-09-29T01:09:02.6020218Z         [
2026-09-29T01:09:02.6020291Z           5,
2026-09-29T01:09:02.6020371Z           -131072,
2026-09-29T01:09:02.6020451Z           74,
2026-09-29T01:09:02.6020524Z           6
2026-09-29T01:09:02.6020600Z         ],
2026-09-29T01:09:02.6020671Z         [
2026-09-29T01:09:02.6020747Z           6,
2026-09-29T01:09:02.6020824Z           -8589803520,
2026-09-29T01:09:02.6020902Z           75,
2026-09-29T01:09:02.6020976Z           8
2026-09-29T01:09:02.6021053Z         ],
2026-09-29T01:09:02.6021129Z         [
2026-09-29T01:09:02.6021201Z           7,
2026-09-29T01:09:02.6021283Z           -17179738112,
2026-09-29T01:09:02.6021355Z           76,
2026-09-29T01:09:02.6021434Z           9
2026-09-29T01:09:02.6021507Z         ],
2026-09-29T01:09:02.6021586Z         [
2026-09-29T01:09:02.6021658Z           8,
2026-09-29T01:09:02.6021735Z           17179738112,
2026-09-29T01:09:02.6021811Z           77,
2026-09-29T01:09:02.6021881Z           10
2026-09-29T01:09:02.6021959Z         ],
2026-09-29T01:09:02.6022032Z         [
2026-09-29T01:09:02.6022109Z           9,
2026-09-29T01:09:02.6022185Z           17179607041,
2026-09-29T01:09:02.6022266Z           78,
2026-09-29T01:09:02.6022337Z           12
2026-09-29T01:09:02.6022414Z         ],
2026-09-29T01:09:02.6022492Z         [
2026-09-29T01:09:02.6022564Z           10,
2026-09-29T01:09:02.6022642Z           8589869056,
2026-09-29T01:09:02.6022715Z           80,
2026-09-29T01:09:02.6022793Z           13
2026-09-29T01:09:02.6022864Z         ],
2026-09-29T01:09:02.6022943Z         [
2026-09-29T01:09:02.6023013Z           11,
2026-09-29T01:09:02.6023092Z           131071,
2026-09-29T01:09:02.6023163Z           81,
2026-09-29T01:09:02.6023243Z           73
2026-09-29T01:09:02.6023320Z         ],
2026-09-29T01:09:02.6023392Z         [
2026-09-29T01:09:02.6023470Z           12,
2026-09-29T01:09:02.6023543Z           0,
2026-09-29T01:09:02.6023624Z           82,
2026-09-29T01:09:02.6023699Z           74
2026-09-29T01:09:02.6023777Z         ],
2026-09-29T01:09:02.6023849Z         [
2026-09-29T01:09:02.6023928Z           13,
2026-09-29T01:09:02.6024009Z           -131071,
2026-09-29T01:09:02.6024081Z           83,
2026-09-29T01:09:02.6024155Z           76
2026-09-29T01:09:02.6024226Z         ],
2026-09-29T01:09:02.6024299Z         [
2026-09-29T01:09:02.6024369Z           14,
2026-09-29T01:09:02.6024448Z           -8589737985,
2026-09-29T01:09:02.6024518Z           84,
2026-09-29T01:09:02.6024593Z           77
2026-09-29T01:09:02.6024667Z         ],
2026-09-29T01:09:02.6024738Z         [
2026-09-29T01:09:02.6024813Z           15,
2026-09-29T01:09:02.6024890Z           -17179607041,
2026-09-29T01:09:02.6024968Z           85,
2026-09-29T01:09:02.6025146Z           78
2026-09-29T01:09:02.6025224Z         ],
2026-09-29T01:09:02.6025297Z         [
2026-09-29T01:09:02.6025377Z           16,
2026-09-29T01:09:02.6025452Z           8589934592,
2026-09-29T01:09:02.6025526Z           86,
2026-09-29T01:09:02.6025712Z           80
2026-09-29T01:09:02.6025786Z         ],
2026-09-29T01:09:02.6025864Z         [
2026-09-29T01:09:02.6025940Z           17,
2026-09-29T01:09:02.6026019Z           8589869056,
2026-09-29T01:09:02.6026213Z           88,
2026-09-29T01:09:02.6026296Z           81
2026-09-29T01:09:02.6026371Z         ],
2026-09-29T01:09:02.6026448Z         [
2026-09-29T01:09:02.6026524Z           18,
2026-09-29T01:09:02.6026596Z           4294967296,
2026-09-29T01:09:02.6026670Z           89,
2026-09-29T01:09:02.6026742Z           82
2026-09-29T01:09:02.6026820Z         ],
2026-09-29T01:09:02.6026891Z         [
2026-09-29T01:09:02.6026964Z           19,
2026-09-29T01:09:02.6027037Z           65536,
2026-09-29T01:09:02.6027114Z           90,
2026-09-29T01:09:02.6027197Z           84
2026-09-29T01:09:02.6027268Z         ],
2026-09-29T01:09:02.6027346Z         [
2026-09-29T01:09:02.6027416Z           20,
2026-09-29T01:09:02.6027491Z           0,
2026-09-29T01:09:02.6027563Z           91,
2026-09-29T01:09:02.6027637Z           85
2026-09-29T01:09:02.6027707Z         ],
2026-09-29T01:09:02.6027780Z         [
2026-09-29T01:09:02.6027852Z           21,
2026-09-29T01:09:02.6027936Z           -65536,
2026-09-29T01:09:02.6028011Z           92,
2026-09-29T01:09:02.6028081Z           86
2026-09-29T01:09:02.6028156Z         ],
2026-09-29T01:09:02.6028227Z         [
2026-09-29T01:09:02.6028299Z           22,
2026-09-29T01:09:02.6028373Z           -4294901760,
2026-09-29T01:09:02.6028448Z           93,
2026-09-29T01:09:02.6028519Z           88
2026-09-29T01:09:02.6028592Z         ],
2026-09-29T01:09:02.6028667Z         [
2026-09-29T01:09:02.6028738Z           23,
2026-09-29T01:09:02.6028820Z           -8589869056,
2026-09-29T01:09:02.6028892Z           94,
2026-09-29T01:09:02.6028970Z           89
2026-09-29T01:09:02.6029040Z         ],
2026-09-29T01:09:02.6029115Z         [
2026-09-29T01:09:02.6029186Z           24,
2026-09-29T01:09:02.6029261Z           131072,
2026-09-29T01:09:02.6029330Z           96,
2026-09-29T01:09:02.6029406Z           90
2026-09-29T01:09:02.6029479Z         ],
2026-09-29T01:09:02.6029548Z         [
2026-09-29T01:09:02.6029621Z           25,
2026-09-29T01:09:02.6029693Z           131071,
2026-09-29T01:09:02.6029768Z           97,
2026-09-29T01:09:02.6029838Z           92
2026-09-29T01:09:02.6029912Z         ],
2026-09-29T01:09:02.6029982Z         [
2026-09-29T01:09:02.6030058Z           26,
2026-09-29T01:09:02.6030132Z           65536,
2026-09-29T01:09:02.6030202Z           98,
2026-09-29T01:09:02.6030276Z           93
2026-09-29T01:09:02.6030347Z         ],
2026-09-29T01:09:02.6030418Z         [
2026-09-29T01:09:02.6030489Z           27,
2026-09-29T01:09:02.6030564Z           1,
2026-09-29T01:09:02.6030634Z           99,
2026-09-29T01:09:02.6030711Z           94
2026-09-29T01:09:02.6030787Z         ],
2026-09-29T01:09:02.6030860Z         [
2026-09-29T01:09:02.6030935Z           28,
2026-09-29T01:09:02.6031006Z           0,
2026-09-29T01:09:02.6031085Z           100,
2026-09-29T01:09:02.6031157Z           96
2026-09-29T01:09:02.6031234Z         ],
2026-09-29T01:09:02.6031304Z         [
2026-09-29T01:09:02.6031380Z           29,
2026-09-29T01:09:02.6031453Z           -1,
2026-09-29T01:09:02.6031532Z           101,
2026-09-29T01:09:02.6031607Z           97
2026-09-29T01:09:02.6031676Z         ],
2026-09-29T01:09:02.6031751Z         [
2026-09-29T01:09:02.6031821Z           30,
2026-09-29T01:09:02.6031900Z           -65535,
2026-09-29T01:09:02.6031972Z           102,
2026-09-29T01:09:02.6032050Z           98
2026-09-29T01:09:02.6032120Z         ],
2026-09-29T01:09:02.6032197Z         [
2026-09-29T01:09:02.6032275Z           31,
2026-09-29T01:09:02.6032352Z           -131071,
2026-09-29T01:09:02.6032429Z           104,
2026-09-29T01:09:02.6032647Z           100
2026-09-29T01:09:02.6032728Z         ],
2026-09-29T01:09:02.6032802Z         [
2026-09-29T01:09:02.6032880Z           32,
2026-09-29T01:09:02.6032949Z           0,
2026-09-29T01:09:02.6033026Z           105,
2026-09-29T01:09:02.6033105Z           101
2026-09-29T01:09:02.6033176Z         ],
2026-09-29T01:09:02.6033251Z         [
2026-09-29T01:09:02.6033324Z           33,
2026-09-29T01:09:02.6033399Z           0,
2026-09-29T01:09:02.6033471Z           106,
2026-09-29T01:09:02.6033669Z           102
2026-09-29T01:09:02.6033743Z         ],
2026-09-29T01:09:02.6033820Z         [
2026-09-29T01:09:02.6033891Z           34,
2026-09-29T01:09:02.6033966Z           0,
2026-09-29T01:09:02.6034041Z           108,
2026-09-29T01:09:02.6034112Z           104
2026-09-29T01:09:02.6034188Z         ],
2026-09-29T01:09:02.6034257Z         [
2026-09-29T01:09:02.6034334Z           35,
2026-09-29T01:09:02.6034406Z           0,
2026-09-29T01:09:02.6034484Z           109,
2026-09-29T01:09:02.6034554Z           105
2026-09-29T01:09:02.6034634Z         ],
2026-09-29T01:09:02.6034707Z         [
2026-09-29T01:09:02.6034776Z           36,
2026-09-29T01:09:02.6034852Z           0,
2026-09-29T01:09:02.6034925Z           110,
2026-09-29T01:09:02.6035001Z           106
2026-09-29T01:09:02.6035071Z         ],
2026-09-29T01:09:02.6035148Z         [
2026-09-29T01:09:02.6035221Z           37,
2026-09-29T01:09:02.6035298Z           0,
2026-09-29T01:09:02.6035369Z           112,
2026-09-29T01:09:02.6035449Z           108
2026-09-29T01:09:02.6035525Z         ],
2026-09-29T01:09:02.6035813Z         [
2026-09-29T01:09:02.6035922Z           38,
2026-09-29T01:09:02.6036030Z           0,
2026-09-29T01:09:02.6036108Z           113,
2026-09-29T01:09:02.6036182Z           109
2026-09-29T01:09:02.6036256Z         ],
2026-09-29T01:09:02.6036329Z         [
2026-09-29T01:09:02.6036405Z           39,
2026-09-29T01:09:02.6036485Z           0,
2026-09-29T01:09:02.6036559Z           114,
2026-09-29T01:09:02.6036633Z           110
2026-09-29T01:09:02.6036710Z         ],
2026-09-29T01:09:02.6036787Z         [
2026-09-29T01:09:02.6036858Z           40,
2026-09-29T01:09:02.6036949Z           -131072,
2026-09-29T01:09:02.6037023Z           116,
2026-09-29T01:09:02.6037100Z           112
2026-09-29T01:09:02.6037175Z         ],
2026-09-29T01:09:02.6037243Z         [
2026-09-29T01:09:02.6037318Z           41,
2026-09-29T01:09:02.6037394Z           -131071,
2026-09-29T01:09:02.6037468Z           117,
2026-09-29T01:09:02.6037542Z           113
2026-09-29T01:09:02.6037615Z         ],
2026-09-29T01:09:02.6037686Z         [
2026-09-29T01:09:02.6037764Z           42,
2026-09-29T01:09:02.6037837Z           -65536,
2026-09-29T01:09:02.6037917Z           118,
2026-09-29T01:09:02.6037990Z           114
2026-09-29T01:09:02.6038060Z         ],
2026-09-29T01:09:02.6038136Z         [
2026-09-29T01:09:02.6038206Z           43,
2026-09-29T01:09:02.6038285Z           -1,
2026-09-29T01:09:02.6038357Z           120,
2026-09-29T01:09:02.6038430Z           116
2026-09-29T01:09:02.6038506Z         ],
2026-09-29T01:09:02.6038585Z         [
2026-09-29T01:09:02.6038658Z           44,
2026-09-29T01:09:02.6038731Z           0,
2026-09-29T01:09:02.6038805Z           121,
2026-09-29T01:09:02.6038876Z           117
2026-09-29T01:09:02.6038949Z         ],
2026-09-29T01:09:02.6039019Z         [
2026-09-29T01:09:02.6039100Z           45,
2026-09-29T01:09:02.6039172Z           1,
2026-09-29T01:09:02.6039251Z           122,
2026-09-29T01:09:02.6039325Z           118
2026-09-29T01:09:02.6039400Z         ],
2026-09-29T01:09:02.6039478Z         [
2026-09-29T01:09:02.6039551Z           46,
2026-09-29T01:09:02.6039628Z           65535,
2026-09-29T01:09:02.6039698Z           124,
2026-09-29T01:09:02.6039772Z           120
2026-09-29T01:09:02.6039843Z         ],
2026-09-29T01:09:02.6039916Z         [
2026-09-29T01:09:02.6039986Z           47,
2026-09-29T01:09:02.6040064Z           131071,
2026-09-29T01:09:02.6040137Z           125,
2026-09-29T01:09:02.6040208Z           121
2026-09-29T01:09:02.6047721Z         ],
2026-09-29T01:09:02.6048004Z         [
2026-09-29T01:09:02.6048087Z           48,
2026-09-29T01:09:02.6048173Z           -8589803520,
2026-09-29T01:09:02.6048249Z           126,
2026-09-29T01:09:02.6048320Z           122
2026-09-29T01:09:02.6048397Z         ],
2026-09-29T01:09:02.6048470Z         [
2026-09-29T01:09:02.6048547Z           49,
2026-09-29T01:09:02.6048628Z           -8589737985,
2026-09-29T01:09:02.6048700Z           128,
2026-09-29T01:09:02.6048893Z           124
2026-09-29T01:09:02.6048969Z         ],
2026-09-29T01:09:02.6049047Z         [
2026-09-29T01:09:02.6049119Z           50,
2026-09-29T01:09:02.6049201Z           -4294901760,
2026-09-29T01:09:02.6049275Z           129,
2026-09-29T01:09:02.6049352Z           125
2026-09-29T01:09:02.6049429Z         ],
2026-09-29T01:09:02.6049501Z         [
2026-09-29T01:09:02.6049579Z           51,
2026-09-29T01:09:02.6049655Z           -65535,
2026-09-29T01:09:02.6049733Z           130,
2026-09-29T01:09:02.6049805Z           126
2026-09-29T01:09:02.6049886Z         ],
2026-09-29T01:09:02.6049957Z         [
2026-09-29T01:09:02.6050035Z           52,
2026-09-29T01:09:02.6050111Z           0,
2026-09-29T01:09:02.6050185Z           132,
2026-09-29T01:09:02.6050262Z           128
2026-09-29T01:09:02.6050333Z         ],
2026-09-29T01:09:02.6050407Z         [
2026-09-29T01:09:02.6050478Z           53,
2026-09-29T01:09:02.6050555Z           65535,
2026-09-29T01:09:02.6050627Z           133,
2026-09-29T01:09:02.6050705Z           129
2026-09-29T01:09:02.6050775Z         ],
2026-09-29T01:09:02.6050851Z         [
2026-09-29T01:09:02.6050928Z           54,
2026-09-29T01:09:02.6051005Z           4294836225,
2026-09-29T01:09:02.6051080Z           134,
2026-09-29T01:09:02.6051152Z           130
2026-09-29T01:09:02.6051228Z         ],
2026-09-29T01:09:02.6051300Z         [
2026-09-29T01:09:02.6051374Z           55,
2026-09-29T01:09:02.6051448Z           8589737985,
2026-09-29T01:09:02.6051527Z           136,
2026-09-29T01:09:02.6051602Z           132
2026-09-29T01:09:02.6051677Z         ],
2026-09-29T01:09:02.6051754Z         [
2026-09-29T01:09:02.6051830Z           56,
2026-09-29T01:09:02.6051915Z           -17179738112,
2026-09-29T01:09:02.6051987Z           137,
2026-09-29T01:09:02.6052065Z           133
2026-09-29T01:09:02.6052135Z         ],
2026-09-29T01:09:02.6052211Z         [
2026-09-29T01:09:02.6052286Z           57,
2026-09-29T01:09:02.6052362Z           -17179607041,
2026-09-29T01:09:02.6052438Z           138,
2026-09-29T01:09:02.6052512Z           134
2026-09-29T01:09:02.6052588Z         ],
2026-09-29T01:09:02.6052659Z         [
2026-09-29T01:09:02.6052735Z           58,
2026-09-29T01:09:02.6052810Z           -8589869056,
2026-09-29T01:09:02.6052887Z           140,
2026-09-29T01:09:02.6052963Z           136
2026-09-29T01:09:02.6053037Z         ],
2026-09-29T01:09:02.6053115Z         [
2026-09-29T01:09:02.6053186Z           59,
2026-09-29T01:09:02.6053270Z           -131071,
2026-09-29T01:09:02.6053342Z           141,
2026-09-29T01:09:02.6053417Z           137
2026-09-29T01:09:02.6053491Z         ],
2026-09-29T01:09:02.6053567Z         [
2026-09-29T01:09:02.6053637Z           60,
2026-09-29T01:09:02.6053712Z           0,
2026-09-29T01:09:02.6053788Z           142,
2026-09-29T01:09:02.6053860Z           138
2026-09-29T01:09:02.6053936Z         ],
2026-09-29T01:09:02.6054008Z         [
2026-09-29T01:09:02.6054084Z           61,
2026-09-29T01:09:02.6054157Z           131071,
2026-09-29T01:09:02.6054235Z           144,
2026-09-29T01:09:02.6054308Z           140
2026-09-29T01:09:02.6054384Z         ],
2026-09-29T01:09:02.6054460Z         [
2026-09-29T01:09:02.6054529Z           62,
2026-09-29T01:09:02.6054610Z           8589737985,
2026-09-29T01:09:02.6054682Z           145,
2026-09-29T01:09:02.6054757Z           141
2026-09-29T01:09:02.6054829Z         ],
2026-09-29T01:09:02.6054906Z         [
2026-09-29T01:09:02.6054978Z           63,
2026-09-29T01:09:02.6055060Z           17179607041,
2026-09-29T01:09:02.6055137Z           146,
2026-09-29T01:09:02.6055211Z           142
2026-09-29T01:09:02.6055399Z         ],
2026-09-29T01:09:02.6055471Z         [
2026-09-29T01:09:02.6055667Z           64,
2026-09-29T01:09:02.6055746Z           -1812934134,
2026-09-29T01:09:02.6055825Z           148,
2026-09-29T01:09:02.6055897Z           144
2026-09-29T01:09:02.6055975Z         ],
2026-09-29T01:09:02.6056045Z         [
2026-09-29T01:09:02.6056126Z           65,
2026-09-29T01:09:02.6056203Z           1536096423,
2026-09-29T01:09:02.6056396Z           149,
2026-09-29T01:09:02.6056479Z           145
2026-09-29T01:09:02.6056555Z         ],
2026-09-29T01:09:02.6056633Z         [
2026-09-29T01:09:02.6056705Z           66,
2026-09-29T01:09:02.6056784Z           5440644901,
2026-09-29T01:09:02.6056856Z           150,
2026-09-29T01:09:02.6056934Z           146
2026-09-29T01:09:02.6057012Z         ],
2026-09-29T01:09:02.6057083Z         [
2026-09-29T01:09:02.6057159Z           67,
2026-09-29T01:09:02.6057238Z           -1273939616,
2026-09-29T01:09:02.6057315Z           152,
2026-09-29T01:09:02.6057390Z           148
2026-09-29T01:09:02.6057467Z         ],
2026-09-29T01:09:02.6057538Z         [
2026-09-29T01:09:02.6057616Z           68,
2026-09-29T01:09:02.6057697Z           -12752632370,
2026-09-29T01:09:02.6057770Z           153,
2026-09-29T01:09:02.6057846Z           149
2026-09-29T01:09:02.6057917Z         ],
2026-09-29T01:09:02.6057995Z         [
2026-09-29T01:09:02.6058066Z           69,
2026-09-29T01:09:02.6058144Z           -607328616,
2026-09-29T01:09:02.6058217Z           154,
2026-09-29T01:09:02.6058293Z           150
2026-09-29T01:09:02.6058365Z         ],
2026-09-29T01:09:02.6058439Z         [
2026-09-29T01:09:02.6058514Z           70,
2026-09-29T01:09:02.6058588Z           -6377379840,
2026-09-29T01:09:02.6058664Z           156,
2026-09-29T01:09:02.6058735Z           152
2026-09-29T01:09:02.6058811Z         ],
2026-09-29T01:09:02.6058881Z         [
2026-09-29T01:09:02.6058956Z           71,
2026-09-29T01:09:02.6059029Z           3259767414,
2026-09-29T01:09:02.6059108Z           157,
2026-09-29T01:09:02.6059187Z           153
2026-09-29T01:09:02.6059257Z         ],
2026-09-29T01:09:02.6059331Z         [
2026-09-29T01:09:02.6059402Z           72,
2026-09-29T01:09:02.6059480Z           -1258525909,
2026-09-29T01:09:02.6059553Z           158,
2026-09-29T01:09:02.6059632Z           154
2026-09-29T01:09:02.6059703Z         ],
2026-09-29T01:09:02.6059778Z         [
2026-09-29T01:09:02.6059854Z           73,
2026-09-29T01:09:02.6059929Z           -791561888,
2026-09-29T01:09:02.6060006Z           160,
2026-09-29T01:09:02.6060078Z           156
2026-09-29T01:09:02.6060152Z         ],
2026-09-29T01:09:02.6060224Z         [
2026-09-29T01:09:02.6060303Z           74,
2026-09-29T01:09:02.6060379Z           902971662,
2026-09-29T01:09:02.6060459Z           161,
2026-09-29T01:09:02.6060536Z           157
2026-09-29T01:09:02.6060609Z         ],
2026-09-29T01:09:02.6060684Z         [
2026-09-29T01:09:02.6060754Z           75,
2026-09-29T01:09:02.6060833Z           888344330,
2026-09-29T01:09:02.6060905Z           162,
2026-09-29T01:09:02.6060986Z           158
2026-09-29T01:09:02.6061059Z         ],
2026-09-29T01:09:02.6061139Z         [
2026-09-29T01:09:02.6061212Z           76,
2026-09-29T01:09:02.6061292Z           584066688,
2026-09-29T01:09:02.6061368Z           164,
2026-09-29T01:09:02.6061440Z           160
2026-09-29T01:09:02.6061517Z         ],
2026-09-29T01:09:02.6061588Z         [
2026-09-29T01:09:02.6061665Z           77,
2026-09-29T01:09:02.6061740Z           372219408,
2026-09-29T01:09:02.6061818Z           165,
2026-09-29T01:09:02.6061889Z           161
2026-09-29T01:09:02.6061968Z         ],
2026-09-29T01:09:02.6062042Z         [
2026-09-29T01:09:02.6062111Z           78,
2026-09-29T01:09:02.6062191Z           -2405879000,
2026-09-29T01:09:02.6062265Z           166,
2026-09-29T01:09:02.6062339Z           162
2026-09-29T01:09:02.6062411Z         ],
2026-09-29T01:09:02.6062489Z         [
2026-09-29T01:09:02.6062560Z           79,
2026-09-29T01:09:02.6062639Z           71768433,
2026-09-29T01:09:02.6062863Z           168,
2026-09-29T01:09:02.6062936Z           164
2026-09-29T01:09:02.6063011Z         ],
2026-09-29T01:09:02.6063086Z         [
2026-09-29T01:09:02.6063164Z           80,
2026-09-29T01:09:02.6063238Z           16411239500,
2026-09-29T01:09:02.6063314Z           169,
2026-09-29T01:09:02.6063384Z           165
2026-09-29T01:09:02.6063458Z         ],
2026-09-29T01:09:02.6063530Z         [
2026-09-29T01:09:02.6063605Z           81,
2026-09-29T01:09:02.6063771Z           -5474329920,
2026-09-29T01:09:02.6063843Z           170,
2026-09-29T01:09:02.6063917Z           166
2026-09-29T01:09:02.6063987Z         ],
2026-09-29T01:09:02.6064061Z         [
2026-09-29T01:09:02.6064131Z           82,
2026-09-29T01:09:02.6064207Z           31939503,
2026-09-29T01:09:02.6064278Z           172,
2026-09-29T01:09:02.6064353Z           168
2026-09-29T01:09:02.6064425Z         ],
2026-09-29T01:09:02.6064496Z         [
2026-09-29T01:09:02.6064571Z           83,
2026-09-29T01:09:02.6064652Z           -15618524922,
2026-09-29T01:09:02.6064737Z           173,
2026-09-29T01:09:02.6064809Z           169
2026-09-29T01:09:02.6064886Z         ],
2026-09-29T01:09:02.6064965Z         [
2026-09-29T01:09:02.6065042Z           84,
2026-09-29T01:09:02.6065120Z           8478108672,
2026-09-29T01:09:02.6065191Z           174,
2026-09-29T01:09:02.6065263Z           170
2026-09-29T01:09:02.6065333Z         ],
2026-09-29T01:09:02.6065409Z         [
2026-09-29T01:09:02.6065480Z           85,
2026-09-29T01:09:02.6065713Z           10250611884,
2026-09-29T01:09:02.6065792Z           176,
2026-09-29T01:09:02.6065872Z           172
2026-09-29T01:09:02.6065945Z         ],
2026-09-29T01:09:02.6066024Z         [
2026-09-29T01:09:02.6066101Z           86,
2026-09-29T01:09:02.6066176Z           2264339706,
2026-09-29T01:09:02.6066254Z           177,
2026-09-29T01:09:02.6066325Z           173
2026-09-29T01:09:02.6066400Z         ],
2026-09-29T01:09:02.6066473Z         [
2026-09-29T01:09:02.6066551Z           87,
2026-09-29T01:09:02.6066626Z           2695134585,
2026-09-29T01:09:02.6066704Z           178,
2026-09-29T01:09:02.6066778Z           174
2026-09-29T01:09:02.6066847Z         ],
2026-09-29T01:09:02.6066922Z         [
2026-09-29T01:09:02.6066991Z           88,
2026-09-29T01:09:02.6067067Z           8201213685,
2026-09-29T01:09:02.6067138Z           180,
2026-09-29T01:09:02.6067214Z           176
2026-09-29T01:09:02.6067284Z         ],
2026-09-29T01:09:02.6067359Z         [
2026-09-29T01:09:02.6067435Z           89,
2026-09-29T01:09:02.6067508Z           3471693654,
2026-09-29T01:09:02.6067584Z           181,
2026-09-29T01:09:02.6067657Z           177
2026-09-29T01:09:02.6067733Z         ],
2026-09-29T01:09:02.6067804Z         [
2026-09-29T01:09:02.6067881Z           90,
2026-09-29T01:09:02.6067953Z           6307213752,
2026-09-29T01:09:02.6068034Z           182,
2026-09-29T01:09:02.6068111Z           178
2026-09-29T01:09:02.6068183Z         ],
2026-09-29T01:09:02.6068258Z         [
2026-09-29T01:09:02.6068330Z           91,
2026-09-29T01:09:02.6068412Z           2718206208,
2026-09-29T01:09:02.6068485Z           184,
2026-09-29T01:09:02.6068561Z           180
2026-09-29T01:09:02.6068633Z         ],
2026-09-29T01:09:02.6068712Z         [
2026-09-29T01:09:02.6068783Z           92,
2026-09-29T01:09:02.6068870Z           -901614816,
2026-09-29T01:09:02.6068948Z           185,
2026-09-29T01:09:02.6069022Z           181
2026-09-29T01:09:02.6069099Z         ],
2026-09-29T01:09:02.6069169Z         [
2026-09-29T01:09:02.6069253Z           93,
2026-09-29T01:09:02.6069331Z           -8597096948,
2026-09-29T01:09:02.6069408Z           186,
2026-09-29T01:09:02.6069480Z           182
2026-09-29T01:09:02.6069555Z         ],
2026-09-29T01:09:02.6069627Z         [
2026-09-29T01:09:02.6069696Z           94,
2026-09-29T01:09:02.6069771Z           5107604787,
2026-09-29T01:09:02.6069841Z           188,
2026-09-29T01:09:02.6069913Z           184
2026-09-29T01:09:02.6069982Z         ],
2026-09-29T01:09:02.6070055Z         [
2026-09-29T01:09:02.6070125Z           95,
2026-09-29T01:09:02.6070385Z           -3720163642,
2026-09-29T01:09:02.6070464Z           189,
2026-09-29T01:09:02.6070537Z           185
2026-09-29T01:09:02.6070614Z         ],
2026-09-29T01:09:02.6070684Z         [
2026-09-29T01:09:02.6070760Z           96,
2026-09-29T01:09:02.6070833Z           3863090606,
2026-09-29T01:09:02.6070908Z           190,
2026-09-29T01:09:02.6070981Z           186
2026-09-29T01:09:02.6071056Z         ],
2026-09-29T01:09:02.6071130Z         [
2026-09-29T01:09:02.6071326Z           97,
2026-09-29T01:09:02.6071406Z           -2133102250,
2026-09-29T01:09:02.6071480Z           192,
2026-09-29T01:09:02.6071554Z           188
2026-09-29T01:09:02.6071625Z         ],
2026-09-29T01:09:02.6071699Z         [
2026-09-29T01:09:02.6071769Z           98,
2026-09-29T01:09:02.6071845Z           2834704125,
2026-09-29T01:09:02.6071919Z           193,
2026-09-29T01:09:02.6071990Z           189
2026-09-29T01:09:02.6072062Z         ],
2026-09-29T01:09:02.6072131Z         [
2026-09-29T01:09:02.6072206Z           99,
2026-09-29T01:09:02.6072277Z           3368971552,
2026-09-29T01:09:02.6072350Z           194,
2026-09-29T01:09:02.6072420Z           190
2026-09-29T01:09:02.6072494Z         ],
2026-09-29T01:09:02.6072562Z         [
2026-09-29T01:09:02.6072637Z           100,
2026-09-29T01:09:02.6072713Z           20311090,
2026-09-29T01:09:02.6072783Z           196,
2026-09-29T01:09:02.6072859Z           192
2026-09-29T01:09:02.6072929Z         ],
2026-09-29T01:09:02.6073004Z         [
2026-09-29T01:09:02.6073075Z           101,
2026-09-29T01:09:02.6073152Z           245637696,
2026-09-29T01:09:02.6073222Z           197,
2026-09-29T01:09:02.6073295Z           193
2026-09-29T01:09:02.6073367Z         ],
2026-09-29T01:09:02.6073437Z         [
2026-09-29T01:09:02.6073510Z           102,
2026-09-29T01:09:02.6073581Z           3323859808,
2026-09-29T01:09:02.6073655Z           198,
2026-09-29T01:09:02.6073727Z           194
2026-09-29T01:09:02.6073799Z         ],
2026-09-29T01:09:02.6073868Z         [
2026-09-29T01:09:02.6073947Z           103,
2026-09-29T01:09:02.6074024Z           442939536,
2026-09-29T01:09:02.6074097Z           200,
2026-09-29T01:09:02.6074173Z           196
2026-09-29T01:09:02.6074243Z         ],
2026-09-29T01:09:02.6074315Z         [
2026-09-29T01:09:02.6074386Z           104,
2026-09-29T01:09:02.6074463Z           -9379895688,
2026-09-29T01:09:02.6074535Z           201,
2026-09-29T01:09:02.6074607Z           197
2026-09-29T01:09:02.6074675Z         ],
2026-09-29T01:09:02.6074754Z         [
2026-09-29T01:09:02.6074827Z           105,
2026-09-29T01:09:02.6074899Z           1685694500,
2026-09-29T01:09:02.6074977Z           202,
2026-09-29T01:09:02.6075048Z           198
2026-09-29T01:09:02.6075125Z         ],
2026-09-29T01:09:02.6075195Z         [
2026-09-29T01:09:02.6075268Z           106,
2026-09-29T01:09:02.6075341Z           -1898208402,
2026-09-29T01:09:02.6075415Z           204,
2026-09-29T01:09:02.6075488Z           200
2026-09-29T01:09:02.6075798Z         ],
2026-09-29T01:09:02.6075918Z         [
2026-09-29T01:09:02.6076038Z           107,
2026-09-29T01:09:02.6076130Z           -8775538785,
2026-09-29T01:09:02.6076202Z           205,
2026-09-29T01:09:02.6076279Z           201
2026-09-29T01:09:02.6076349Z         ],
2026-09-29T01:09:02.6076423Z         [
2026-09-29T01:09:02.6076500Z           108,
2026-09-29T01:09:02.6076573Z           6080184628,
2026-09-29T01:09:02.6076649Z           206,
2026-09-29T01:09:02.6076718Z           202
2026-09-29T01:09:02.6076795Z         ],
2026-09-29T01:09:02.6076865Z         [
2026-09-29T01:09:02.6076938Z           109,
2026-09-29T01:09:02.6077012Z           -3037794124,
2026-09-29T01:09:02.6077084Z           208,
2026-09-29T01:09:02.6077155Z           204
2026-09-29T01:09:02.6077229Z         ],
2026-09-29T01:09:02.6077300Z         [
2026-09-29T01:09:02.6077370Z           110,
2026-09-29T01:09:02.6077448Z           -3014854747,
2026-09-29T01:09:02.6077520Z           209,
2026-09-29T01:09:02.6077598Z           205
2026-09-29T01:09:02.6077672Z         ],
2026-09-29T01:09:02.6077889Z         [
2026-09-29T01:09:02.6077963Z           111,
2026-09-29T01:09:02.6078048Z           -6843361042,
2026-09-29T01:09:02.6078126Z           210,
2026-09-29T01:09:02.6078199Z           206
2026-09-29T01:09:02.6078273Z         ],
2026-09-29T01:09:02.6078342Z         [
2026-09-29T01:09:02.6078415Z           112,
2026-09-29T01:09:02.6078486Z           6961238886,
2026-09-29T01:09:02.6078561Z           212,
2026-09-29T01:09:02.6078631Z           208
2026-09-29T01:09:02.6078850Z         ],
2026-09-29T01:09:02.6078928Z         [
2026-09-29T01:09:02.6079002Z           113,
2026-09-29T01:09:02.6079079Z           6932043736,
2026-09-29T01:09:02.6079149Z           213,
2026-09-29T01:09:02.6079221Z           209
2026-09-29T01:09:02.6079291Z         ],
2026-09-29T01:09:02.6079366Z         [
2026-09-29T01:09:02.6079436Z           114,
2026-09-29T01:09:02.6079516Z           -4783551209,
2026-09-29T01:09:02.6079593Z           214,
2026-09-29T01:09:02.6079664Z           210
2026-09-29T01:09:02.6079742Z         ],
2026-09-29T01:09:02.6079814Z         [
2026-09-29T01:09:02.6079887Z           115,
2026-09-29T01:09:02.6079960Z           -8703268750,
2026-09-29T01:09:02.6080034Z           216,
2026-09-29T01:09:02.6080103Z           212
2026-09-29T01:09:02.6080179Z         ],
2026-09-29T01:09:02.6080248Z         [
2026-09-29T01:09:02.6080325Z           116,
2026-09-29T01:09:02.6080403Z           -4253889639,
2026-09-29T01:09:02.6080474Z           217,
2026-09-29T01:09:02.6080549Z           213
2026-09-29T01:09:02.6080618Z         ],
2026-09-29T01:09:02.6080690Z         [
2026-09-29T01:09:02.6080760Z           117,
2026-09-29T01:09:02.6080835Z           -2822596000,
2026-09-29T01:09:02.6080906Z           218,
2026-09-29T01:09:02.6080979Z           214
2026-09-29T01:09:02.6081050Z         ],
2026-09-29T01:09:02.6081120Z         [
2026-09-29T01:09:02.6081192Z           118,
2026-09-29T01:09:02.6081263Z           1027954368,
2026-09-29T01:09:02.6081336Z           220,
2026-09-29T01:09:02.6081407Z           216
2026-09-29T01:09:02.6081488Z         ],
2026-09-29T01:09:02.6081561Z         [
2026-09-29T01:09:02.6081638Z           119,
2026-09-29T01:09:02.6081718Z           -125350478,
2026-09-29T01:09:02.6081790Z           221,
2026-09-29T01:09:02.6081862Z           217
2026-09-29T01:09:02.6081932Z         ],
2026-09-29T01:09:02.6082007Z         [
2026-09-29T01:09:02.6082077Z           120,
2026-09-29T01:09:02.6082152Z           6958267602,
2026-09-29T01:09:02.6082222Z           222,
2026-09-29T01:09:02.6082299Z           218
2026-09-29T01:09:02.6082369Z         ],
2026-09-29T01:09:02.6082442Z         [
2026-09-29T01:09:02.6082515Z           121,
2026-09-29T01:09:02.6082588Z           1683174220,
2026-09-29T01:09:02.6082666Z           224,
2026-09-29T01:09:02.6082737Z           220
2026-09-29T01:09:02.6082816Z         ],
2026-09-29T01:09:02.6082889Z         [
2026-09-29T01:09:02.6082969Z           122,
2026-09-29T01:09:02.6083042Z           15433981629,
2026-09-29T01:09:02.6083119Z           225,
2026-09-29T01:09:02.6083198Z           221
2026-09-29T01:09:02.6083267Z         ],
2026-09-29T01:09:02.6083339Z         [
2026-09-29T01:09:02.6083410Z           123,
2026-09-29T01:09:02.6083487Z           -5913129690,
2026-09-29T01:09:02.6083557Z           226,
2026-09-29T01:09:02.6083630Z           222
2026-09-29T01:09:02.6083699Z         ],
2026-09-29T01:09:02.6083772Z         [
2026-09-29T01:09:02.6083845Z           124,
2026-09-29T01:09:02.6083916Z           6040687733,
2026-09-29T01:09:02.6083996Z           228,
2026-09-29T01:09:02.6084069Z           224
2026-09-29T01:09:02.6084144Z         ],
2026-09-29T01:09:02.6084214Z         [
2026-09-29T01:09:02.6084290Z           125,
2026-09-29T01:09:02.6084364Z           -1214188704,
2026-09-29T01:09:02.6084440Z           229,
2026-09-29T01:09:02.6084515Z           225
2026-09-29T01:09:02.6084586Z         ],
2026-09-29T01:09:02.6084659Z         [
2026-09-29T01:09:02.6084729Z           126,
2026-09-29T01:09:02.6084807Z           -104817150,
2026-09-29T01:09:02.6084879Z           230,
2026-09-29T01:09:02.6085064Z           226
2026-09-29T01:09:02.6085138Z         ],
2026-09-29T01:09:02.6085223Z         [
2026-09-29T01:09:02.6085299Z           127,
2026-09-29T01:09:02.6085395Z           -14626756386,
2026-09-29T01:09:02.6085473Z           232,
2026-09-29T01:09:02.6085653Z           228
2026-09-29T01:09:02.6085735Z         ],
2026-09-29T01:09:02.6085808Z         [
2026-09-29T01:09:02.6085881Z           128,
2026-09-29T01:09:02.6086080Z           -9368163930,
2026-09-29T01:09:02.6086160Z           233,
2026-09-29T01:09:02.6086234Z           229
2026-09-29T01:09:02.6086310Z         ],
2026-09-29T01:09:02.6086385Z         [
2026-09-29T01:09:02.6086456Z           129,
2026-09-29T01:09:02.6086538Z           -1785403548,
2026-09-29T01:09:02.6086609Z           234,
2026-09-29T01:09:02.6086680Z           230
2026-09-29T01:09:02.6086753Z         ],
2026-09-29T01:09:02.6086829Z         [
2026-09-29T01:09:02.6086901Z           130,
2026-09-29T01:09:02.6086979Z           4263241647,
2026-09-29T01:09:02.6087061Z           236,
2026-09-29T01:09:02.6087135Z           232
2026-09-29T01:09:02.6087212Z         ],
2026-09-29T01:09:02.6087282Z         [
2026-09-29T01:09:02.6087355Z           131,
2026-09-29T01:09:02.6087430Z           -3149559560,
2026-09-29T01:09:02.6087503Z           237,
2026-09-29T01:09:02.6087572Z           233
2026-09-29T01:09:02.6087644Z         ],
2026-09-29T01:09:02.6087715Z         [
2026-09-29T01:09:02.6087790Z           132,
2026-09-29T01:09:02.6087870Z           -5378322620,
2026-09-29T01:09:02.6087942Z           238,
2026-09-29T01:09:02.6088016Z           234
2026-09-29T01:09:02.6088088Z         ],
2026-09-29T01:09:02.6088160Z         [
2026-09-29T01:09:02.6088231Z           133,
2026-09-29T01:09:02.6088308Z           4273065207,
2026-09-29T01:09:02.6088379Z           240,
2026-09-29T01:09:02.6088453Z           236
2026-09-29T01:09:02.6088525Z         ],
2026-09-29T01:09:02.6088594Z         [
2026-09-29T01:09:02.6088667Z           134,
2026-09-29T01:09:02.6088741Z           -1981257901,
2026-09-29T01:09:02.6088817Z           241,
2026-09-29T01:09:02.6088888Z           237
2026-09-29T01:09:02.6088961Z         ],
2026-09-29T01:09:02.6089031Z         [
2026-09-29T01:09:02.6089105Z           135,
2026-09-29T01:09:02.6089181Z           -4995255596,
2026-09-29T01:09:02.6089252Z           242,
2026-09-29T01:09:02.6089324Z           238
2026-09-29T01:09:02.6089394Z         ],
2026-09-29T01:09:02.6089466Z         [
2026-09-29T01:09:02.6089537Z           136,
2026-09-29T01:09:02.6089614Z           4258152747,
2026-09-29T01:09:02.6089686Z           244,
2026-09-29T01:09:02.6089759Z           240
2026-09-29T01:09:02.6089828Z         ],
2026-09-29T01:09:02.6089900Z         [
2026-09-29T01:09:02.6089971Z           137,
2026-09-29T01:09:02.6090042Z           2567812148,
2026-09-29T01:09:02.6090115Z           245,
2026-09-29T01:09:02.6090185Z           241
2026-09-29T01:09:02.6090259Z         ],
2026-09-29T01:09:02.6090331Z         [
2026-09-29T01:09:02.6090406Z           138,
2026-09-29T01:09:02.6090480Z           -1775925963,
2026-09-29T01:09:02.6090559Z           246,
2026-09-29T01:09:02.6090631Z           242
2026-09-29T01:09:02.6090700Z         ],
2026-09-29T01:09:02.6090772Z         [
2026-09-29T01:09:02.6090842Z           139,
2026-09-29T01:09:02.6090917Z           6271443255,
2026-09-29T01:09:02.6090987Z           248,
2026-09-29T01:09:02.6091062Z           244
2026-09-29T01:09:02.6091132Z         ],
2026-09-29T01:09:02.6091205Z         [
2026-09-29T01:09:02.6091282Z           140,
2026-09-29T01:09:02.6091353Z           1291624300,
2026-09-29T01:09:02.6091427Z           249,
2026-09-29T01:09:02.6091497Z           245
2026-09-29T01:09:02.6091575Z         ],
2026-09-29T01:09:02.6091643Z         [
2026-09-29T01:09:02.6091719Z           141,
2026-09-29T01:09:02.6091794Z           662851149,
2026-09-29T01:09:02.6091870Z           250,
2026-09-29T01:09:02.6091945Z           246
2026-09-29T01:09:02.6092014Z         ],
2026-09-29T01:09:02.6092086Z         [
2026-09-29T01:09:02.6092155Z           142,
2026-09-29T01:09:02.6092371Z           11508632604,
2026-09-29T01:09:02.6092446Z           252,
2026-09-29T01:09:02.6092525Z           248
2026-09-29T01:09:02.6092597Z         ],
2026-09-29T01:09:02.6092672Z         [
2026-09-29T01:09:02.6092745Z           143,
2026-09-29T01:09:02.6092827Z           -5173389205,
2026-09-29T01:09:02.6092904Z           253,
2026-09-29T01:09:02.6092975Z           249
2026-09-29T01:09:02.6093051Z         ],
2026-09-29T01:09:02.6093121Z         [
2026-09-29T01:09:02.6093279Z           144,
2026-09-29T01:09:02.6093355Z           3228326928,
2026-09-29T01:09:02.6093430Z           254,
2026-09-29T01:09:02.6093502Z           250
2026-09-29T01:09:02.6093574Z         ],
2026-09-29T01:09:02.6093646Z         [
2026-09-29T01:09:02.6093717Z           145,
2026-09-29T01:09:02.6093791Z           3290653194,
2026-09-29T01:09:02.6093862Z           256,
2026-09-29T01:09:02.6093934Z           252
2026-09-29T01:09:02.6094005Z         ],
2026-09-29T01:09:02.6094082Z         [
2026-09-29T01:09:02.6094152Z           146,
2026-09-29T01:09:02.6094236Z           -162633807,
2026-09-29T01:09:02.6094311Z           257,
2026-09-29T01:09:02.6094382Z           253
2026-09-29T01:09:02.6094455Z         ],
2026-09-29T01:09:02.6094525Z         [
2026-09-29T01:09:02.6094600Z           147,
2026-09-29T01:09:02.6094672Z           3022827996,
2026-09-29T01:09:02.6094744Z           258,
2026-09-29T01:09:02.6094814Z           254
2026-09-29T01:09:02.6094893Z         ],
2026-09-29T01:09:02.6094968Z         [
2026-09-29T01:09:02.6095043Z           148,
2026-09-29T01:09:02.6095122Z           -5782032760,
2026-09-29T01:09:02.6095195Z           260,
2026-09-29T01:09:02.6095271Z           256
2026-09-29T01:09:02.6095340Z         ],
2026-09-29T01:09:02.6095414Z         [
2026-09-29T01:09:02.6095485Z           149,
2026-09-29T01:09:02.6095667Z           2520136830,
2026-09-29T01:09:02.6095744Z           261,
2026-09-29T01:09:02.6095822Z           257
2026-09-29T01:09:02.6095894Z         ],
2026-09-29T01:09:02.6095964Z         [
2026-09-29T01:09:02.6096044Z           150,
2026-09-29T01:09:02.6096118Z           254029988,
2026-09-29T01:09:02.6096196Z           262,
2026-09-29T01:09:02.6096266Z           258
2026-09-29T01:09:02.6096338Z         ],
2026-09-29T01:09:02.6096407Z         [
2026-09-29T01:09:02.6096482Z           151,
2026-09-29T01:09:02.6096561Z           -6900593469,
2026-09-29T01:09:02.6096631Z           264,
2026-09-29T01:09:02.6096705Z           260
2026-09-29T01:09:02.6096775Z         ],
2026-09-29T01:09:02.6096852Z         [
2026-09-29T01:09:02.6096922Z           152,
2026-09-29T01:09:02.6096997Z           8837287936,
2026-09-29T01:09:02.6097070Z           265,
2026-09-29T01:09:02.6097145Z           261
2026-09-29T01:09:02.6097218Z         ],
2026-09-29T01:09:02.6097289Z         [
2026-09-29T01:09:02.6097364Z           153,
2026-09-29T01:09:02.6097443Z           -1897436898,
2026-09-29T01:09:02.6097517Z           266,
2026-09-29T01:09:02.6097587Z           262
2026-09-29T01:09:02.6097663Z         ],
2026-09-29T01:09:02.6097737Z         [
2026-09-29T01:09:02.6097811Z           154,
2026-09-29T01:09:02.6097882Z           4468673380,
2026-09-29T01:09:02.6097958Z           268,
2026-09-29T01:09:02.6098032Z           264
2026-09-29T01:09:02.6098103Z         ],
2026-09-29T01:09:02.6098176Z         [
2026-09-29T01:09:02.6098247Z           155,
2026-09-29T01:09:02.6098325Z           9791978616,
2026-09-29T01:09:02.6098397Z           269,
2026-09-29T01:09:02.6098472Z           265
2026-09-29T01:09:02.6098546Z         ],
2026-09-29T01:09:02.6098621Z         [
2026-09-29T01:09:02.6098695Z           156,
2026-09-29T01:09:02.6098773Z           -12080363082,
2026-09-29T01:09:02.6098845Z           270,
2026-09-29T01:09:02.6098914Z           266
2026-09-29T01:09:02.6098987Z         ],
2026-09-29T01:09:02.6099059Z         [
2026-09-29T01:09:02.6099132Z           157,
2026-09-29T01:09:02.6099207Z           -9706585965,
2026-09-29T01:09:02.6099285Z           272,
2026-09-29T01:09:02.6099361Z           268
2026-09-29T01:09:02.6099431Z         ],
2026-09-29T01:09:02.6099650Z         [
2026-09-29T01:09:02.6099722Z           158,
2026-09-29T01:09:02.6099803Z           398526858,
2026-09-29T01:09:02.6099878Z           273,
2026-09-29T01:09:02.6099951Z           269
2026-09-29T01:09:02.6100023Z         ],
2026-09-29T01:09:02.6100096Z         [
2026-09-29T01:09:02.6100167Z           159,
2026-09-29T01:09:02.6100243Z           621395320,
2026-09-29T01:09:02.6100315Z           274,
2026-09-29T01:09:02.6100386Z           270
2026-09-29T01:09:02.6100609Z         ],
2026-09-29T01:09:02.6100682Z         [
2026-09-29T01:09:02.6100760Z           160,
2026-09-29T01:09:02.6100835Z           4535560034,
2026-09-29T01:09:02.6100912Z           276,
2026-09-29T01:09:02.6100983Z           272
2026-09-29T01:09:02.6101060Z         ],
2026-09-29T01:09:02.6101137Z         [
2026-09-29T01:09:02.6101209Z           161,
2026-09-29T01:09:02.6101288Z           3714726708,
2026-09-29T01:09:02.6101361Z           277,
2026-09-29T01:09:02.6101432Z           273
2026-09-29T01:09:02.6101507Z         ],
2026-09-29T01:09:02.6101582Z         [
2026-09-29T01:09:02.6101655Z           162,
2026-09-29T01:09:02.6101729Z           11030475521,
2026-09-29T01:09:02.6101804Z           278,
2026-09-29T01:09:02.6101875Z           274
2026-09-29T01:09:02.6101947Z         ],
2026-09-29T01:09:02.6102017Z         [
2026-09-29T01:09:02.6102092Z           163,
2026-09-29T01:09:02.6102171Z           -4951812525,
2026-09-29T01:09:02.6102244Z           280,
2026-09-29T01:09:02.6102316Z           276
2026-09-29T01:09:02.6102392Z         ],
2026-09-29T01:09:02.6102465Z         [
2026-09-29T01:09:02.6102655Z           164,
2026-09-29T01:09:02.6102739Z           -2597372140,
2026-09-29T01:09:02.6102814Z           281,
2026-09-29T01:09:02.6102894Z           277
2026-09-29T01:09:02.6102968Z         ],
2026-09-29T01:09:02.6103044Z         [
2026-09-29T01:09:02.6103115Z           165,
2026-09-29T01:09:02.6103195Z           -8104827519,
2026-09-29T01:09:02.6103271Z           282,
2026-09-29T01:09:02.6103342Z           278
2026-09-29T01:09:02.6103420Z         ],
2026-09-29T01:09:02.6103491Z         [
2026-09-29T01:09:02.6103564Z           166,
2026-09-29T01:09:02.6103637Z           979618200,
2026-09-29T01:09:02.6103714Z           284,
2026-09-29T01:09:02.6103786Z           280
2026-09-29T01:09:02.6103867Z         ],
2026-09-29T01:09:02.6103936Z         [
2026-09-29T01:09:02.6104009Z           167,
2026-09-29T01:09:02.6104084Z           7526052927,
2026-09-29T01:09:02.6104156Z           285,
2026-09-29T01:09:02.6104232Z           281
2026-09-29T01:09:02.6104303Z         ],
2026-09-29T01:09:02.6104381Z         [
2026-09-29T01:09:02.6104453Z           168,
2026-09-29T01:09:02.6104531Z           122726373,
2026-09-29T01:09:02.6104602Z           286,
2026-09-29T01:09:02.6104679Z           282
2026-09-29T01:09:02.6104755Z         ],
2026-09-29T01:09:02.6104825Z         [
2026-09-29T01:09:02.6104900Z           169,
2026-09-29T01:09:02.6104972Z           158013894,
2026-09-29T01:09:02.6105046Z           288,
2026-09-29T01:09:02.6105117Z           284
2026-09-29T01:09:02.6105196Z         ],
2026-09-29T01:09:02.6105267Z         [
2026-09-29T01:09:02.6105340Z           170,
2026-09-29T01:09:02.6105416Z           13165065280,
2026-09-29T01:09:02.6105490Z           289,
2026-09-29T01:09:02.6105677Z           285
2026-09-29T01:09:02.6105751Z         ],
2026-09-29T01:09:02.6105826Z         [
2026-09-29T01:09:02.6105900Z           171,
2026-09-29T01:09:02.6105980Z           5770766610,
2026-09-29T01:09:02.6106056Z           290,
2026-09-29T01:09:02.6106131Z           286
2026-09-29T01:09:02.6106201Z         ],
2026-09-29T01:09:02.6106278Z         [
2026-09-29T01:09:02.6106350Z           172,
2026-09-29T01:09:02.6106425Z           -81860526,
2026-09-29T01:09:02.6106501Z           292,
2026-09-29T01:09:02.6106571Z           288
2026-09-29T01:09:02.6106646Z         ],
2026-09-29T01:09:02.6106715Z         [
2026-09-29T01:09:02.6106789Z           173,
2026-09-29T01:09:02.6106864Z           -3313680430,
2026-09-29T01:09:02.6106938Z           293,
2026-09-29T01:09:02.6107156Z           289
2026-09-29T01:09:02.6107230Z         ],
2026-09-29T01:09:02.6107306Z         [
2026-09-29T01:09:02.6107379Z           174,
2026-09-29T01:09:02.6107462Z           -3253599336,
2026-09-29T01:09:02.6107538Z           294,
2026-09-29T01:09:02.6107616Z           290
2026-09-29T01:09:02.6107687Z         ],
2026-09-29T01:09:02.6107768Z         [
2026-09-29T01:09:02.6107848Z           175,
2026-09-29T01:09:02.6107927Z           -2844330939,
2026-09-29T01:09:02.6108116Z           296,
2026-09-29T01:09:02.6108192Z           292
2026-09-29T01:09:02.6108271Z         ],
2026-09-29T01:09:02.6108343Z         [
2026-09-29T01:09:02.6108421Z           176,
2026-09-29T01:09:02.6108495Z           446973380,
2026-09-29T01:09:02.6108570Z           297,
2026-09-29T01:09:02.6108648Z           293
2026-09-29T01:09:02.6108719Z         ],
2026-09-29T01:09:02.6108797Z         [
2026-09-29T01:09:02.6108870Z           177,
2026-09-29T01:09:02.6108951Z           48302056,
2026-09-29T01:09:02.6109024Z           298,
2026-09-29T01:09:02.6109101Z           294
2026-09-29T01:09:02.6109173Z         ],
2026-09-29T01:09:02.6109251Z         [
2026-09-29T01:09:02.6109322Z           178,
2026-09-29T01:09:02.6109401Z           3149087945,
2026-09-29T01:09:02.6109477Z           300,
2026-09-29T01:09:02.6109547Z           296
2026-09-29T01:09:02.6109622Z         ],
2026-09-29T01:09:02.6109692Z         [
2026-09-29T01:09:02.6109768Z           179,
2026-09-29T01:09:02.6109844Z           4020548880,
2026-09-29T01:09:02.6109920Z           301,
2026-09-29T01:09:02.6109990Z           297
2026-09-29T01:09:02.6110067Z         ],
2026-09-29T01:09:02.6110143Z         [
2026-09-29T01:09:02.6110216Z           180,
2026-09-29T01:09:02.6110295Z           1987873228,
2026-09-29T01:09:02.6110368Z           302,
2026-09-29T01:09:02.6110443Z           298
2026-09-29T01:09:02.6110516Z         ],
2026-09-29T01:09:02.6110593Z         [
2026-09-29T01:09:02.6110663Z           181,
2026-09-29T01:09:02.6110741Z           1094376022,
2026-09-29T01:09:02.6110820Z           304,
2026-09-29T01:09:02.6110891Z           300
2026-09-29T01:09:02.6110966Z         ],
2026-09-29T01:09:02.6111036Z         [
2026-09-29T01:09:02.6111112Z           182,
2026-09-29T01:09:02.6111192Z           -388077024,
2026-09-29T01:09:02.6111274Z           305,
2026-09-29T01:09:02.6111349Z           301
2026-09-29T01:09:02.6111430Z         ],
2026-09-29T01:09:02.6111505Z         [
2026-09-29T01:09:02.6111583Z           183,
2026-09-29T01:09:02.6111667Z           -4114037970,
2026-09-29T01:09:02.6111738Z           306,
2026-09-29T01:09:02.6111814Z           302
2026-09-29T01:09:02.6111885Z         ],
2026-09-29T01:09:02.6111962Z         [
2026-09-29T01:09:02.6112035Z           184,
2026-09-29T01:09:02.6112110Z           348965460,
2026-09-29T01:09:02.6112181Z           308,
2026-09-29T01:09:02.6112259Z           304
2026-09-29T01:09:02.6112335Z         ],
2026-09-29T01:09:02.6112406Z         [
2026-09-29T01:09:02.6112482Z           185,
2026-09-29T01:09:02.6112554Z           6478525420,
2026-09-29T01:09:02.6112636Z           309,
2026-09-29T01:09:02.6112708Z           305
2026-09-29T01:09:02.6112782Z         ],
2026-09-29T01:09:02.6112852Z         [
2026-09-29T01:09:02.6112931Z           186,
2026-09-29T01:09:02.6113009Z           -9512599368,
2026-09-29T01:09:02.6113079Z           310,
2026-09-29T01:09:02.6113154Z           306
2026-09-29T01:09:02.6113226Z         ],
2026-09-29T01:09:02.6113299Z         [
2026-09-29T01:09:02.6113373Z           187,
2026-09-29T01:09:02.6113452Z           16080985161,
2026-09-29T01:09:02.6113523Z           312,
2026-09-29T01:09:02.6113597Z           308
2026-09-29T01:09:02.6113668Z         ],
2026-09-29T01:09:02.6113744Z         [
2026-09-29T01:09:02.6113817Z           188,
2026-09-29T01:09:02.6113889Z           13520990938,
2026-09-29T01:09:02.6113967Z           313,
2026-09-29T01:09:02.6114039Z           309
2026-09-29T01:09:02.6114115Z         ],
2026-09-29T01:09:02.6114187Z         [
2026-09-29T01:09:02.6114266Z           189,
2026-09-29T01:09:02.6114443Z           7298471232,
2026-09-29T01:09:02.6114523Z           314,
2026-09-29T01:09:02.6114603Z           310
2026-09-29T01:09:02.6114674Z         ],
2026-09-29T01:09:02.6114752Z         [
2026-09-29T01:09:02.6114824Z           190,
2026-09-29T01:09:02.6114905Z           -263207835,
2026-09-29T01:09:02.6114976Z           316,
2026-09-29T01:09:02.6115054Z           312
2026-09-29T01:09:02.6115125Z         ],
2026-09-29T01:09:02.6115200Z         [
2026-09-29T01:09:02.6115358Z           191,
2026-09-29T01:09:02.6115441Z           -13876775900,
2026-09-29T01:09:02.6115517Z           317,
2026-09-29T01:09:02.6115793Z           313
2026-09-29T01:09:02.6115916Z         ],
2026-09-29T01:09:02.6115991Z         [
2026-09-29T01:09:02.6116069Z           192,
2026-09-29T01:09:02.6116146Z           -8988532119,
2026-09-29T01:09:02.6116228Z           318,
2026-09-29T01:09:02.6116305Z           314
2026-09-29T01:09:02.6116377Z         ],
2026-09-29T01:09:02.6116451Z         [
2026-09-29T01:09:02.6116522Z           193,
2026-09-29T01:09:02.6116608Z           704619864,
2026-09-29T01:09:02.6116683Z           320,
2026-09-29T01:09:02.6116762Z           316
2026-09-29T01:09:02.6116836Z         ],
2026-09-29T01:09:02.6116911Z         [
2026-09-29T01:09:02.6116981Z           194,
2026-09-29T01:09:02.6117060Z           4214022749,
2026-09-29T01:09:02.6117137Z           321,
2026-09-29T01:09:02.6117207Z           317
2026-09-29T01:09:02.6117281Z         ],
2026-09-29T01:09:02.6117356Z         [
2026-09-29T01:09:02.6117432Z           195,
2026-09-29T01:09:02.6117506Z           -7664349090,
2026-09-29T01:09:02.6117582Z           322,
2026-09-29T01:09:02.6117654Z           318
2026-09-29T01:09:02.6117731Z         ],
2026-09-29T01:09:02.6117807Z         [
2026-09-29T01:09:02.6117879Z           196,
2026-09-29T01:09:02.6117959Z           -3334937646,
2026-09-29T01:09:02.6118066Z           324,
2026-09-29T01:09:02.6118143Z           320
2026-09-29T01:09:02.6118217Z         ],
2026-09-29T01:09:02.6118298Z         [
2026-09-29T01:09:02.6118376Z           197,
2026-09-29T01:09:02.6118454Z           568388499,
2026-09-29T01:09:02.6118529Z           325,
2026-09-29T01:09:02.6118601Z           321
2026-09-29T01:09:02.6118676Z         ],
2026-09-29T01:09:02.6118748Z         [
2026-09-29T01:09:02.6118822Z           198,
2026-09-29T01:09:02.6118894Z           3440311482,
2026-09-29T01:09:02.6118969Z           326,
2026-09-29T01:09:02.6119040Z           322
2026-09-29T01:09:02.6119116Z         ],
2026-09-29T01:09:02.6119189Z         [
2026-09-29T01:09:02.6119265Z           199,
2026-09-29T01:09:02.6119343Z           -746561222,
2026-09-29T01:09:02.6119414Z           328,
2026-09-29T01:09:02.6119490Z           324
2026-09-29T01:09:02.6119561Z         ],
2026-09-29T01:09:02.6119637Z         [
2026-09-29T01:09:02.6119708Z           200,
2026-09-29T01:09:02.6119787Z           3495879918,
2026-09-29T01:09:02.6119857Z           329,
2026-09-29T01:09:02.6119930Z           325
2026-09-29T01:09:02.6120005Z         ],
2026-09-29T01:09:02.6120077Z         [
2026-09-29T01:09:02.6120157Z           201,
2026-09-29T01:09:02.6120230Z           -1809123426,
2026-09-29T01:09:02.6120309Z           330,
2026-09-29T01:09:02.6120381Z           326
2026-09-29T01:09:02.6120454Z         ],
2026-09-29T01:09:02.6120525Z         [
2026-09-29T01:09:02.6120601Z           202,
2026-09-29T01:09:02.6120685Z           2451865508,
2026-09-29T01:09:02.6120760Z           332,
2026-09-29T01:09:02.6120840Z           328
2026-09-29T01:09:02.6120915Z         ],
2026-09-29T01:09:02.6120994Z         [
2026-09-29T01:09:02.6121068Z           203,
2026-09-29T01:09:02.6121144Z           2368605104,
2026-09-29T01:09:02.6121215Z           333,
2026-09-29T01:09:02.6121293Z           329
2026-09-29T01:09:02.6121368Z         ],
2026-09-29T01:09:02.6121441Z         [
2026-09-29T01:09:02.6121516Z           204,
2026-09-29T01:09:02.6121594Z           -2961345618,
2026-09-29T01:09:02.6121673Z           334,
2026-09-29T01:09:02.6121746Z           330
2026-09-29T01:09:02.6121825Z         ],
2026-09-29T01:09:02.6122041Z         [
2026-09-29T01:09:02.6122118Z           205,
2026-09-29T01:09:02.6122194Z           6843232831,
2026-09-29T01:09:02.6122274Z           336,
2026-09-29T01:09:02.6122352Z           332
2026-09-29T01:09:02.6122423Z         ],
2026-09-29T01:09:02.6122497Z         [
2026-09-29T01:09:02.6122569Z           206,
2026-09-29T01:09:02.6122652Z           -4350574890,
2026-09-29T01:09:02.6122726Z           337,
2026-09-29T01:09:02.6122802Z           333
2026-09-29T01:09:02.6122988Z         ],
2026-09-29T01:09:02.6123069Z         [
2026-09-29T01:09:02.6123146Z           207,
2026-09-29T01:09:02.6123221Z           -903010032,
2026-09-29T01:09:02.6123296Z           338,
2026-09-29T01:09:02.6123367Z           334
2026-09-29T01:09:02.6123445Z         ],
2026-09-29T01:09:02.6123516Z         [
2026-09-29T01:09:02.6123593Z           208,
2026-09-29T01:09:02.6123665Z           1654709056,
2026-09-29T01:09:02.6123746Z           340,
2026-09-29T01:09:02.6123823Z           336
2026-09-29T01:09:02.6123895Z         ],
2026-09-29T01:09:02.6123975Z         [
2026-09-29T01:09:02.6124046Z           209,
2026-09-29T01:09:02.6124130Z           -16262238100,
2026-09-29T01:09:02.6124205Z           341,
2026-09-29T01:09:02.6124281Z           337
2026-09-29T01:09:02.6124351Z         ],
2026-09-29T01:09:02.6124428Z         [
2026-09-29T01:09:02.6124502Z           210,
2026-09-29T01:09:02.6124581Z           1447164336,
2026-09-29T01:09:02.6124655Z           342,
2026-09-29T01:09:02.6124732Z           338
2026-09-29T01:09:02.6124809Z         ],
2026-09-29T01:09:02.6124881Z         [
2026-09-29T01:09:02.6124961Z           211,
2026-09-29T01:09:02.6125034Z           6419031003,
2026-09-29T01:09:02.6125112Z           344,
2026-09-29T01:09:02.6125184Z           340
2026-09-29T01:09:02.6125261Z         ],
2026-09-29T01:09:02.6125335Z         [
2026-09-29T01:09:02.6125410Z           212,
2026-09-29T01:09:02.6125488Z           15787865709,
2026-09-29T01:09:02.6125690Z           345,
2026-09-29T01:09:02.6125772Z           341
2026-09-29T01:09:02.6125850Z         ],
2026-09-29T01:09:02.6125929Z         [
2026-09-29T01:09:02.6126001Z           213,
2026-09-29T01:09:02.6126079Z           8293303018,
2026-09-29T01:09:02.6126156Z           346,
2026-09-29T01:09:02.6126227Z           342
2026-09-29T01:09:02.6126301Z         ],
2026-09-29T01:09:02.6126370Z         [
2026-09-29T01:09:02.6126447Z           214,
2026-09-29T01:09:02.6126520Z           1875272231,
2026-09-29T01:09:02.6126595Z           348,
2026-09-29T01:09:02.6126668Z           344
2026-09-29T01:09:02.6126746Z         ],
2026-09-29T01:09:02.6126823Z         [
2026-09-29T01:09:02.6126893Z           215,
2026-09-29T01:09:02.6126975Z           -362515230,
2026-09-29T01:09:02.6127047Z           349,
2026-09-29T01:09:02.6127123Z           345
2026-09-29T01:09:02.6127191Z         ],
2026-09-29T01:09:02.6127267Z         [
2026-09-29T01:09:02.6127339Z           216,
2026-09-29T01:09:02.6127417Z           3770375364,
2026-09-29T01:09:02.6127488Z           350,
2026-09-29T01:09:02.6127563Z           346
2026-09-29T01:09:02.6127645Z         ],
2026-09-29T01:09:02.6127716Z         [
2026-09-29T01:09:02.6127789Z           217,
2026-09-29T01:09:02.6127860Z           54587864,
2026-09-29T01:09:02.6127934Z           352,
2026-09-29T01:09:02.6128003Z           348
2026-09-29T01:09:02.6128074Z         ],
2026-09-29T01:09:02.6128146Z         [
2026-09-29T01:09:02.6128223Z           218,
2026-09-29T01:09:02.6128305Z           -1409211960,
2026-09-29T01:09:02.6128380Z           353,
2026-09-29T01:09:02.6128456Z           349
2026-09-29T01:09:02.6128526Z         ],
2026-09-29T01:09:02.6128599Z         [
2026-09-29T01:09:02.6128671Z           219,
2026-09-29T01:09:02.6128751Z           -7344916731,
2026-09-29T01:09:02.6128823Z           354,
2026-09-29T01:09:02.6128899Z           350
2026-09-29T01:09:02.6128975Z         ],
2026-09-29T01:09:02.6129047Z         [
2026-09-29T01:09:02.6129121Z           220,
2026-09-29T01:09:02.6129192Z           1408804444,
2026-09-29T01:09:02.6129268Z           356,
2026-09-29T01:09:02.6129488Z           352
2026-09-29T01:09:02.6129566Z         ],
2026-09-29T01:09:02.6129638Z         [
2026-09-29T01:09:02.6129716Z           221,
2026-09-29T01:09:02.6129790Z           7193736519,
2026-09-29T01:09:02.6129864Z           357,
2026-09-29T01:09:02.6129940Z           353
2026-09-29T01:09:02.6130011Z         ],
2026-09-29T01:09:02.6130083Z         [
2026-09-29T01:09:02.6130154Z           222,
2026-09-29T01:09:02.6130238Z           -3323801365,
2026-09-29T01:09:02.6130422Z           358,
2026-09-29T01:09:02.6130500Z           354
2026-09-29T01:09:02.6130577Z         ],
2026-09-29T01:09:02.6130657Z         [
2026-09-29T01:09:02.6130734Z           223,
2026-09-29T01:09:02.6130809Z           -5086688784,
2026-09-29T01:09:02.6130884Z           360,
2026-09-29T01:09:02.6130954Z           356
2026-09-29T01:09:02.6131028Z         ],
2026-09-29T01:09:02.6131099Z         [
2026-09-29T01:09:02.6131177Z           224,
2026-09-29T01:09:02.6131260Z           -3966726150,
2026-09-29T01:09:02.6131343Z           361,
2026-09-29T01:09:02.6131434Z           357
2026-09-29T01:09:02.6131510Z         ],
2026-09-29T01:09:02.6131592Z         [
2026-09-29T01:09:02.6131668Z           225,
2026-09-29T01:09:02.6131753Z           -9478877895,
2026-09-29T01:09:02.6131827Z           362,
2026-09-29T01:09:02.6131904Z           358
2026-09-29T01:09:02.6131974Z         ],
2026-09-29T01:09:02.6132051Z         [
2026-09-29T01:09:02.6132130Z           226,
2026-09-29T01:09:02.6132209Z           -3390722964,
2026-09-29T01:09:02.6132289Z           364,
2026-09-29T01:09:02.6132360Z           360
2026-09-29T01:09:02.6132436Z         ],
2026-09-29T01:09:02.6132508Z         [
2026-09-29T01:09:02.6132585Z           227,
2026-09-29T01:09:02.6132661Z           -2420072060,
2026-09-29T01:09:02.6132738Z           365,
2026-09-29T01:09:02.6132808Z           361
2026-09-29T01:09:02.6132885Z         ],
2026-09-29T01:09:02.6132960Z         [
2026-09-29T01:09:02.6133031Z           228,
2026-09-29T01:09:02.6133111Z           -8159529392,
2026-09-29T01:09:02.6133189Z           366,
2026-09-29T01:09:02.6133265Z           362
2026-09-29T01:09:02.6133338Z         ],
2026-09-29T01:09:02.6133417Z         [
2026-09-29T01:09:02.6133492Z           229,
2026-09-29T01:09:02.6133572Z           13408942344,
2026-09-29T01:09:02.6133647Z           368,
2026-09-29T01:09:02.6133719Z           364
2026-09-29T01:09:02.6133795Z         ],
2026-09-29T01:09:02.6133865Z         [
2026-09-29T01:09:02.6133943Z           230,
2026-09-29T01:09:02.6134020Z           1448984220,
2026-09-29T01:09:02.6134099Z           369,
2026-09-29T01:09:02.6134173Z           365
2026-09-29T01:09:02.6134250Z         ],
2026-09-29T01:09:02.6134326Z         [
2026-09-29T01:09:02.6134398Z           231,
2026-09-29T01:09:02.6134477Z           -14709827346,
2026-09-29T01:09:02.6134551Z           370,
2026-09-29T01:09:02.6134625Z           366
2026-09-29T01:09:02.6134697Z         ],
2026-09-29T01:09:02.6134770Z         [
2026-09-29T01:09:02.6134841Z           232,
2026-09-29T01:09:02.6134923Z           -400552887,
2026-09-29T01:09:02.6135001Z           372,
2026-09-29T01:09:02.6135078Z           368
2026-09-29T01:09:02.6135155Z         ],
2026-09-29T01:09:02.6135224Z         [
2026-09-29T01:09:02.6135302Z           233,
2026-09-29T01:09:02.6135379Z           -3780346185,
2026-09-29T01:09:02.6135455Z           373,
2026-09-29T01:09:02.6135526Z           369
2026-09-29T01:09:02.6135711Z         ],
2026-09-29T01:09:02.6135785Z         [
2026-09-29T01:09:02.6135869Z           234,
2026-09-29T01:09:02.6135945Z           238508160,
2026-09-29T01:09:02.6136018Z           374,
2026-09-29T01:09:02.6136092Z           370
2026-09-29T01:09:02.6136164Z         ],
2026-09-29T01:09:02.6136239Z         [
2026-09-29T01:09:02.6136309Z           235,
2026-09-29T01:09:02.6136393Z           -34675992,
2026-09-29T01:09:02.6136466Z           376,
2026-09-29T01:09:02.6136544Z           372
2026-09-29T01:09:02.6136620Z         ],
2026-09-29T01:09:02.6136692Z         [
2026-09-29T01:09:02.6136772Z           236,
2026-09-29T01:09:02.6136987Z           -4515806376,
2026-09-29T01:09:02.6137067Z           377,
2026-09-29T01:09:02.6137141Z           373
2026-09-29T01:09:02.6137217Z         ],
2026-09-29T01:09:02.6137286Z         [
2026-09-29T01:09:02.6137364Z           237,
2026-09-29T01:09:02.6137441Z           -6795631830,
2026-09-29T01:09:02.6137521Z           378,
2026-09-29T01:09:02.6137596Z           374
2026-09-29T01:09:02.6137669Z         ],
2026-09-29T01:09:02.6137744Z         [
2026-09-29T01:09:02.6137937Z           238,
2026-09-29T01:09:02.6138022Z           -2027165747,
2026-09-29T01:09:02.6138097Z           380,
2026-09-29T01:09:02.6138175Z           376
2026-09-29T01:09:02.6138245Z         ],
2026-09-29T01:09:02.6138321Z         [
2026-09-29T01:09:02.6138398Z           239,
2026-09-29T01:09:02.6138474Z           5574577792,
2026-09-29T01:09:02.6138550Z           381,
2026-09-29T01:09:02.6138623Z           377
2026-09-29T01:09:02.6138698Z         ],
2026-09-29T01:09:02.6138771Z         [
2026-09-29T01:09:02.6138847Z           240,
2026-09-29T01:09:02.6138922Z           5144382000,
2026-09-29T01:09:02.6139001Z           382,
2026-09-29T01:09:02.6139077Z           378
2026-09-29T01:09:02.6139151Z         ],
2026-09-29T01:09:02.6139226Z         [
2026-09-29T01:09:02.6139299Z           241,
2026-09-29T01:09:02.6139379Z           -6107724173,
2026-09-29T01:09:02.6139452Z           384,
2026-09-29T01:09:02.6139528Z           380
2026-09-29T01:09:02.6139599Z         ],
2026-09-29T01:09:02.6139673Z         [
2026-09-29T01:09:02.6139750Z           242,
2026-09-29T01:09:02.6139823Z           2026225740,
2026-09-29T01:09:02.6139898Z           385,
2026-09-29T01:09:02.6139967Z           381
2026-09-29T01:09:02.6140043Z         ],
2026-09-29T01:09:02.6140114Z         [
2026-09-29T01:09:02.6140191Z           243,
2026-09-29T01:09:02.6140262Z           4933550830,
2026-09-29T01:09:02.6140337Z           386,
2026-09-29T01:09:02.6140407Z           382
2026-09-29T01:09:02.6140485Z         ],
2026-09-29T01:09:02.6140558Z         [
2026-09-29T01:09:02.6140631Z           244,
2026-09-29T01:09:02.6140708Z           -5056887726,
2026-09-29T01:09:02.6140780Z           388,
2026-09-29T01:09:02.6140855Z           384
2026-09-29T01:09:02.6140927Z         ],
2026-09-29T01:09:02.6141004Z         [
2026-09-29T01:09:02.6141078Z           245,
2026-09-29T01:09:02.6141156Z           4541461813,
2026-09-29T01:09:02.6141233Z           389,
2026-09-29T01:09:02.6141305Z           385
2026-09-29T01:09:02.6141380Z         ],
2026-09-29T01:09:02.6141453Z         [
2026-09-29T01:09:02.6141531Z           246,
2026-09-29T01:09:02.6141603Z           2440670544,
2026-09-29T01:09:02.6141680Z           390,
2026-09-29T01:09:02.6141752Z           386
2026-09-29T01:09:02.6141826Z         ],
2026-09-29T01:09:02.6141901Z         [
2026-09-29T01:09:02.6141974Z           247,
2026-09-29T01:09:02.6142050Z           1568309932,
2026-09-29T01:09:02.6142122Z           392,
2026-09-29T01:09:02.6142198Z           388
2026-09-29T01:09:02.6142268Z         ],
2026-09-29T01:09:02.6142346Z         [
2026-09-29T01:09:02.6142421Z           248,
2026-09-29T01:09:02.6142498Z           8948809944,
2026-09-29T01:09:02.6142569Z           393,
2026-09-29T01:09:02.6142646Z           389
2026-09-29T01:09:02.6142719Z         ],
2026-09-29T01:09:02.6142791Z         [
2026-09-29T01:09:02.6142867Z           249,
2026-09-29T01:09:02.6142939Z           78387322,
2026-09-29T01:09:02.6143016Z           394,
2026-09-29T01:09:02.6143088Z           390
2026-09-29T01:09:02.6143163Z         ],
2026-09-29T01:09:02.6143238Z         [
2026-09-29T01:09:02.6143316Z           250,
2026-09-29T01:09:02.6143396Z           13620688556,
2026-09-29T01:09:02.6143468Z           396,
2026-09-29T01:09:02.6143543Z           392
2026-09-29T01:09:02.6143616Z         ],
2026-09-29T01:09:02.6143691Z         [
2026-09-29T01:09:02.6143762Z           251,
2026-09-29T01:09:02.6143841Z           -2448689430,
2026-09-29T01:09:02.6143914Z           397,
2026-09-29T01:09:02.6143990Z           393
2026-09-29T01:09:02.6144067Z         ],
2026-09-29T01:09:02.6144248Z         [
2026-09-29T01:09:02.6144328Z           252,
2026-09-29T01:09:02.6144407Z           2020448604,
2026-09-29T01:09:02.6144490Z           398,
2026-09-29T01:09:02.6144563Z           394
2026-09-29T01:09:02.6144640Z         ],
2026-09-29T01:09:02.6144711Z         [
2026-09-29T01:09:02.6144786Z           253,
2026-09-29T01:09:02.6144864Z           3319057352,
2026-09-29T01:09:02.6144938Z           400,
2026-09-29T01:09:02.6145013Z           396
2026-09-29T01:09:02.6145167Z         ],
2026-09-29T01:09:02.6145248Z         [
2026-09-29T01:09:02.6145322Z           254,
2026-09-29T01:09:02.6145397Z           11334846292,
2026-09-29T01:09:02.6145469Z           401,
2026-09-29T01:09:02.6145655Z           397
2026-09-29T01:09:02.6145728Z         ],
2026-09-29T01:09:02.6145808Z         [
2026-09-29T01:09:02.6145883Z           255,
2026-09-29T01:09:02.6145964Z           -2655466030,
2026-09-29T01:09:02.6146041Z           402,
2026-09-29T01:09:02.6146113Z           398
2026-09-29T01:09:02.6146193Z         ]
2026-09-29T01:09:02.6146272Z       ]
2026-09-29T01:09:02.6146350Z     }
2026-09-29T01:09:02.6146423Z   },
2026-09-29T01:09:02.6146965Z   "model_scope": "Bluesim and Icarus model only the fixed signed18x18, CE-always-one, three-register configuration. Native FPGA primitive remains unexecuted here."
2026-09-29T01:09:02.6147046Z }
2026-09-29T01:09:02.6147055Z 
2026-09-29T01:09:02.6235002Z ##[group]Run actions/upload-artifact@ea165f8d65b6e75b540449e92b4886f43607fa02
2026-09-29T01:09:02.6235103Z with:
2026-09-29T01:09:02.6235299Z   name: baseline-native-80fbfe4cdb635606c394f435b28c1102c9de5829
2026-09-29T01:09:02.6235439Z   path: /home/runner/work/_temp/sway-verification/
2026-09-29T01:09:02.6235799Z   if-no-files-found: warn
2026-09-29T01:09:02.6235955Z   compression-level: 6
2026-09-29T01:09:02.6236095Z   overwrite: false
2026-09-29T01:09:02.6236199Z   include-hidden-files: false
2026-09-29T01:09:02.6236285Z ##[endgroup]
2026-09-29T01:09:02.7881963Z (node:2997) [DEP0040] DeprecationWarning: The `punycode` module is deprecated. Please use a userland alternative instead.
2026-09-29T01:09:02.7882914Z (Use `node --trace-deprecation ...` to show where the warning was created)
2026-09-29T01:09:02.8017667Z With the provided path, there will be 44 files uploaded
2026-09-29T01:09:02.8022491Z Artifact name is valid!
2026-09-29T01:09:02.8023160Z Root directory input is valid!
2026-09-29T01:09:03.0621771Z Beginning upload of artifact content to blob storage
2026-09-29T01:09:03.1463372Z (node:2997) [DEP0169] DeprecationWarning: `url.parse()` behavior is not standardized and prone to errors that have security implications. Use the WHATWG URL API instead. CVEs are not issued for `url.parse()` vulnerabilities.
2026-09-29T01:09:03.4604553Z Uploaded bytes 292487
2026-09-29T01:09:03.5085916Z Finished uploading artifact content to blob storage!
2026-09-29T01:09:03.5087154Z SHA256 digest of uploaded artifact zip is 319f3b4fc7cd3704ab12e64f96c3f545a261d3d479b13ba0ee7c977ef62a1ee1
2026-09-29T01:09:03.5090057Z Finalizing artifact upload
2026-09-29T01:09:03.7754630Z Artifact baseline-native-80fbfe4cdb635606c394f435b28c1102c9de5829.zip successfully finalized. Artifact ID 11007028442
2026-09-29T01:09:03.7756037Z Artifact baseline-native-80fbfe4cdb635606c394f435b28c1102c9de5829 has been successfully uploaded! Final size is 292487 bytes. Artifact ID is 11007028442
2026-09-29T01:09:03.7761087Z Artifact download URL: https://github.com/SeMinLim/sway/actions/runs/36506484774/artifacts/11007028442
2026-09-29T01:09:03.7976871Z Post job cleanup.
2026-09-29T01:09:03.8813036Z [command]/usr/bin/git version
2026-09-29T01:09:03.8854781Z git version 2.55.0
2026-09-29T01:09:03.8891275Z Temporarily overriding HOME='/home/runner/work/_temp/83ddd1b8-61b5-4e91-b10b-30aceb53ef46' before making global git config changes
2026-09-29T01:09:03.8892611Z Adding repository directory to the temporary git global config as a safe directory
2026-09-29T01:09:03.8896824Z [command]/usr/bin/git config --global --add safe.directory /home/runner/work/sway/sway
2026-09-29T01:09:03.8936831Z [command]/usr/bin/git config --local --name-only --get-regexp core\.sshCommand
2026-09-29T01:09:03.8974685Z [command]/usr/bin/git submodule foreach --recursive sh -c "git config --local --name-only --get-regexp 'core\.sshCommand' && git config --local --unset-all 'core.sshCommand' || :"
2026-09-29T01:09:03.9240123Z [command]/usr/bin/git config --local --name-only --get-regexp http\.https\:\/\/github\.com\/\.extraheader
2026-09-29T01:09:03.9277124Z [command]/usr/bin/git submodule foreach --recursive sh -c "git config --local --name-only --get-regexp 'http\.https\:\/\/github\.com\/\.extraheader' && git config --local --unset-all 'http.https://github.com/.extraheader' || :"
2026-09-29T01:09:03.9546582Z [command]/usr/bin/git config --local --name-only --get-regexp ^includeIf\.gitdir:
2026-09-29T01:09:03.9588461Z [command]/usr/bin/git submodule foreach --recursive git config --local --show-origin --name-only --get-regexp remote.origin.url
2026-09-29T01:09:04.0007520Z Cleaning up orphan processes
2026-09-29T01:09:04.0349354Z ##[warning]Node.js 20 is deprecated. The following actions target Node.js 20 but are being forced to run on Node.js 24: actions/checkout@11d5960a326750d5838078e36cf38b85af677262, actions/upload-artifact@ea165f8d65b6e75b540449e92b4886f43607fa02. For more information see: https://github.blog/changelog/2025-09-19-deprecation-of-node-20-on-github-actions-runners/
