stage,frame,token,input_cycle,output_cycle,elapsed_cycles
patch_queue,0,0,348,349,1
embedding,0,0,349,601,252
block0,0,0,601,2965,2364
block1,0,0,2965,5329,2364
patch_queue,0,1,371,601,230
embedding,0,1,601,853,252
block0,0,1,853,3555,2702
block1,0,1,3555,5919,2364
patch_queue,0,2,602,853,251
embedding,0,2,853,1105,252
block0,0,2,1105,4145,3040
block1,0,2,4145,6509,2364
patch_queue,0,3,854,1105,251
embedding,0,3,1105,1413,308
block0,0,3,1413,4735,3322
block1,0,3,4735,7099,2364
patch_queue,0,4,1106,1357,251
embedding,0,4,1357,1818,461
block0,0,4,1818,5327,3509
block1,0,4,5327,7691,2364
patch_queue,0,5,1358,1609,251
embedding,0,5,1609,2965,1356
block0,0,5,2965,5917,2952
block1,0,5,5917,8281,2364
patch_queue,0,6,1610,1861,251
embedding,0,6,1861,3555,1694
block0,0,6,3555,6507,2952
block1,0,6,6507,8871,2364
patch_queue,0,7,1862,2967,1105
embedding,0,7,2967,4145,1178
block0,0,7,4145,7097,2952
block1,0,7,7097,9461,2364
patch_queue,0,8,2968,3557,589
embedding,0,8,3557,4735,1178
block0,0,8,4735,7689,2954
block1,0,8,7689,10053,2364
patch_queue,0,9,3558,4147,589
embedding,0,9,4147,5327,1180
block0,0,9,5327,8279,2952
block1,0,9,8279,10643,2364
patch_queue,0,10,4148,4737,589
embedding,0,10,4737,5917,1180
block0,0,10,5917,8869,2952
block1,0,10,8869,11233,2364
patch_queue,0,11,4738,5329,591
embedding,0,11,5329,6507,1178
block0,0,11,6507,9459,2952
block1,0,11,9459,11823,2364
patch_queue,0,12,5330,5919,589
embedding,0,12,5919,7097,1178
block0,0,12,7097,10051,2954
block1,0,12,10051,12415,2364
patch_queue,0,13,5920,6509,589
embedding,0,13,6509,7689,1180
block0,0,13,7689,10641,2952
block1,0,13,10641,13005,2364
patch_queue,0,14,6510,7099,589
embedding,0,14,7099,8279,1180
block0,0,14,8279,11231,2952
block1,0,14,11231,13595,2364
patch_queue,0,15,7100,7691,591
embedding,0,15,7691,8869,1178
block0,0,15,8869,11821,2952
block1,0,15,11821,14185,2364
head_hidden_first_token,0,0,5329,17478,12149
head_hidden_last_token,0,15,14185,17478,3293
head_output,0,0,17478,18220,742
serializer,0,0,18220,18278,58
patch_queue,1,0,7692,8281,589
embedding,1,0,8281,9459,1178
block0,1,0,9459,12413,2954
block1,1,0,12413,14777,2364
patch_queue,1,1,8282,8871,589
embedding,1,1,8871,10051,1180
block0,1,1,10051,13003,2952
block1,1,1,13003,15367,2364
patch_queue,1,2,8872,9461,589
embedding,1,2,9461,10641,1180
block0,1,2,10641,13593,2952
block1,1,2,13593,15957,2364
patch_queue,1,3,9462,10053,591
embedding,1,3,10053,11231,1178
block0,1,3,11231,14183,2952
block1,1,3,14183,16547,2364
patch_queue,1,4,10054,10643,589
embedding,1,4,10643,11821,1178
block0,1,4,11821,14775,2954
block1,1,4,14775,17139,2364
patch_queue,1,5,10644,11233,589
embedding,1,5,11233,12413,1180
block0,1,5,12413,15365,2952
block1,1,5,15365,17729,2364
patch_queue,1,6,11234,11823,589
embedding,1,6,11823,13003,1180
block0,1,6,13003,15955,2952
block1,1,6,15955,18319,2364
patch_queue,1,7,11824,12415,591
embedding,1,7,12415,13593,1178
block0,1,7,13593,16545,2952
block1,1,7,16545,18909,2364
patch_queue,1,8,12416,13005,589
embedding,1,8,13005,14183,1178
block0,1,8,14183,17137,2954
block1,1,8,17137,19501,2364
patch_queue,1,9,13006,13595,589
embedding,1,9,13595,14775,1180
block0,1,9,14775,17727,2952
block1,1,9,17727,20091,2364
patch_queue,1,10,13596,14185,589
embedding,1,10,14185,15365,1180
block0,1,10,15365,18317,2952
block1,1,10,18317,20681,2364
patch_queue,1,11,14186,14777,591
embedding,1,11,14777,15955,1178
block0,1,11,15955,18907,2952
block1,1,11,18907,21271,2364
patch_queue,1,12,14778,15367,589
embedding,1,12,15367,16545,1178
block0,1,12,16545,19499,2954
block1,1,12,19499,21863,2364
patch_queue,1,13,15368,15957,589
embedding,1,13,15957,17137,1180
block0,1,13,17137,20089,2952
block1,1,13,20089,22453,2364
patch_queue,1,14,15958,16547,589
embedding,1,14,16547,17727,1180
block0,1,14,17727,20679,2952
block1,1,14,20679,23043,2364
patch_queue,1,15,16548,17139,591
embedding,1,15,17139,18317,1178
block0,1,15,18317,21269,2952
block1,1,15,21269,23633,2364
head_hidden_first_token,1,0,14777,26926,12149
head_hidden_last_token,1,15,23633,26926,3293
head_output,1,0,26926,27668,742
serializer,1,0,27668,27726,58
patch_queue,2,0,17140,17729,589
embedding,2,0,17729,18907,1178
block0,2,0,18907,21861,2954
block1,2,0,21861,24225,2364
patch_queue,2,1,17730,18319,589
embedding,2,1,18319,19499,1180
block0,2,1,19499,22451,2952
block1,2,1,22451,24815,2364
patch_queue,2,2,18320,18909,589
embedding,2,2,18909,20089,1180
block0,2,2,20089,23041,2952
block1,2,2,23041,25405,2364
patch_queue,2,3,18910,19501,591
embedding,2,3,19501,20679,1178
block0,2,3,20679,23631,2952
block1,2,3,23631,25995,2364
patch_queue,2,4,19502,20091,589
embedding,2,4,20091,21269,1178
block0,2,4,21269,24223,2954
block1,2,4,24223,26587,2364
patch_queue,2,5,20092,20681,589
embedding,2,5,20681,21861,1180
block0,2,5,21861,24813,2952
block1,2,5,24813,27177,2364
patch_queue,2,6,20682,21271,589
embedding,2,6,21271,22451,1180
block0,2,6,22451,25403,2952
block1,2,6,25403,27767,2364
patch_queue,2,7,21272,21863,591
embedding,2,7,21863,23041,1178
block0,2,7,23041,25993,2952
block1,2,7,25993,28357,2364
patch_queue,2,8,21864,22453,589
embedding,2,8,22453,23631,1178
block0,2,8,23631,26585,2954
block1,2,8,26585,28949,2364
patch_queue,2,9,22454,23043,589
embedding,2,9,23043,24223,1180
block0,2,9,24223,27175,2952
block1,2,9,27175,29539,2364
patch_queue,2,10,23044,23633,589
embedding,2,10,23633,24813,1180
block0,2,10,24813,27765,2952
block1,2,10,27765,30129,2364
patch_queue,2,11,23634,24225,591
embedding,2,11,24225,25403,1178
block0,2,11,25403,28355,2952
block1,2,11,28355,30719,2364
patch_queue,2,12,24226,24815,589
embedding,2,12,24815,25993,1178
block0,2,12,25993,28947,2954
block1,2,12,28947,31311,2364
patch_queue,2,13,24816,25405,589
embedding,2,13,25405,26585,1180
block0,2,13,26585,29537,2952
block1,2,13,29537,31901,2364
patch_queue,2,14,25406,25995,589
embedding,2,14,25995,27175,1180
block0,2,14,27175,30127,2952
block1,2,14,30127,32491,2364
patch_queue,2,15,25996,26587,591
embedding,2,15,26587,27765,1178
block0,2,15,27765,30717,2952
block1,2,15,30717,33081,2364
head_hidden_first_token,2,0,24225,36374,12149
head_hidden_last_token,2,15,33081,36374,3293
head_output,2,0,36374,37116,742
serializer,2,0,37116,37174,58
patch_queue,3,0,26588,27177,589
embedding,3,0,27177,28355,1178
block0,3,0,28355,31309,2954
block1,3,0,31309,33673,2364
patch_queue,3,1,27178,27767,589
embedding,3,1,27767,28947,1180
block0,3,1,28947,31899,2952
block1,3,1,31899,34263,2364
patch_queue,3,2,27768,28357,589
embedding,3,2,28357,29537,1180
block0,3,2,29537,32489,2952
block1,3,2,32489,34853,2364
patch_queue,3,3,28358,28949,591
embedding,3,3,28949,30127,1178
block0,3,3,30127,33079,2952
block1,3,3,33079,35443,2364
patch_queue,3,4,28950,29539,589
embedding,3,4,29539,30717,1178
block0,3,4,30717,33671,2954
block1,3,4,33671,36035,2364
patch_queue,3,5,29540,30129,589
embedding,3,5,30129,31309,1180
block0,3,5,31309,34261,2952
block1,3,5,34261,36625,2364
patch_queue,3,6,30130,30719,589
embedding,3,6,30719,31899,1180
block0,3,6,31899,34851,2952
block1,3,6,34851,37215,2364
patch_queue,3,7,30720,31311,591
embedding,3,7,31311,32489,1178
block0,3,7,32489,35441,2952
block1,3,7,35441,37805,2364
patch_queue,3,8,31312,31901,589
embedding,3,8,31901,33079,1178
block0,3,8,33079,36033,2954
block1,3,8,36033,38397,2364
patch_queue,3,9,31902,32491,589
embedding,3,9,32491,33671,1180
block0,3,9,33671,36623,2952
block1,3,9,36623,38987,2364
patch_queue,3,10,32492,33081,589
embedding,3,10,33081,34261,1180
block0,3,10,34261,37213,2952
block1,3,10,37213,39577,2364
patch_queue,3,11,33082,33673,591
embedding,3,11,33673,34851,1178
block0,3,11,34851,37803,2952
block1,3,11,37803,40167,2364
patch_queue,3,12,33674,34263,589
embedding,3,12,34263,35441,1178
block0,3,12,35441,38395,2954
block1,3,12,38395,40759,2364
patch_queue,3,13,34264,34853,589
embedding,3,13,34853,36033,1180
block0,3,13,36033,38985,2952
block1,3,13,38985,41349,2364
patch_queue,3,14,34854,35443,589
embedding,3,14,35443,36623,1180
block0,3,14,36623,39575,2952
block1,3,14,39575,41939,2364
patch_queue,3,15,35444,36035,591
embedding,3,15,36035,37213,1178
block0,3,15,37213,40165,2952
block1,3,15,40165,42529,2364
head_hidden_first_token,3,0,33673,45822,12149
head_hidden_last_token,3,15,42529,45822,3293
head_output,3,0,45822,46564,742
serializer,3,0,46564,46622,58
patch_queue,4,0,36036,36625,589
embedding,4,0,36625,37803,1178
block0,4,0,37803,40757,2954
block1,4,0,40757,43121,2364
patch_queue,4,1,36626,37215,589
embedding,4,1,37215,38395,1180
block0,4,1,38395,41347,2952
block1,4,1,41347,43711,2364
patch_queue,4,2,37216,37805,589
embedding,4,2,37805,38985,1180
block0,4,2,38985,41937,2952
block1,4,2,41937,44301,2364
patch_queue,4,3,37806,38397,591
embedding,4,3,38397,39575,1178
block0,4,3,39575,42527,2952
block1,4,3,42527,44891,2364
patch_queue,4,4,38398,38987,589
embedding,4,4,38987,40165,1178
block0,4,4,40165,43119,2954
block1,4,4,43119,45483,2364
patch_queue,4,5,38988,39577,589
embedding,4,5,39577,40757,1180
block0,4,5,40757,43709,2952
block1,4,5,43709,46073,2364
patch_queue,4,6,39578,40167,589
embedding,4,6,40167,41347,1180
block0,4,6,41347,44299,2952
block1,4,6,44299,46663,2364
patch_queue,4,7,40168,40759,591
embedding,4,7,40759,41937,1178
block0,4,7,41937,44889,2952
block1,4,7,44889,47253,2364
patch_queue,4,8,40760,41349,589
embedding,4,8,41349,42527,1178
block0,4,8,42527,45481,2954
block1,4,8,45481,47845,2364
patch_queue,4,9,41350,41939,589
embedding,4,9,41939,43119,1180
block0,4,9,43119,46071,2952
block1,4,9,46071,48435,2364
patch_queue,4,10,41940,42529,589
embedding,4,10,42529,43709,1180
block0,4,10,43709,46661,2952
block1,4,10,46661,49025,2364
patch_queue,4,11,42530,43121,591
embedding,4,11,43121,44299,1178
block0,4,11,44299,47251,2952
block1,4,11,47251,49615,2364
patch_queue,4,12,43122,43711,589
embedding,4,12,43711,44889,1178
block0,4,12,44889,47843,2954
block1,4,12,47843,50207,2364
patch_queue,4,13,43712,44301,589
embedding,4,13,44301,45481,1180
block0,4,13,45481,48433,2952
block1,4,13,48433,50797,2364
patch_queue,4,14,44302,44891,589
embedding,4,14,44891,46071,1180
block0,4,14,46071,49023,2952
block1,4,14,49023,51387,2364
patch_queue,4,15,44892,45483,591
embedding,4,15,45483,46661,1178
block0,4,15,46661,49613,2952
block1,4,15,49613,51977,2364
head_hidden_first_token,4,0,43121,55270,12149
head_hidden_last_token,4,15,51977,55270,3293
head_output,4,0,55270,56012,742
serializer,4,0,56012,56070,58
patch_queue,5,0,45484,46073,589
embedding,5,0,46073,47251,1178
block0,5,0,47251,50205,2954
block1,5,0,50205,52569,2364
patch_queue,5,1,46074,46663,589
embedding,5,1,46663,47843,1180
block0,5,1,47843,50795,2952
block1,5,1,50795,53159,2364
patch_queue,5,2,46664,47253,589
embedding,5,2,47253,48433,1180
block0,5,2,48433,51385,2952
block1,5,2,51385,53749,2364
patch_queue,5,3,47254,47845,591
embedding,5,3,47845,49023,1178
block0,5,3,49023,51975,2952
block1,5,3,51975,54339,2364
patch_queue,5,4,47846,48435,589
embedding,5,4,48435,49613,1178
block0,5,4,49613,52567,2954
block1,5,4,52567,54931,2364
patch_queue,5,5,48436,49025,589
embedding,5,5,49025,50205,1180
block0,5,5,50205,53157,2952
block1,5,5,53157,55521,2364
patch_queue,5,6,49026,49615,589
embedding,5,6,49615,50795,1180
block0,5,6,50795,53747,2952
block1,5,6,53747,56111,2364
patch_queue,5,7,49616,50207,591
embedding,5,7,50207,51385,1178
block0,5,7,51385,54337,2952
block1,5,7,54337,56701,2364
patch_queue,5,8,50208,50797,589
embedding,5,8,50797,51975,1178
block0,5,8,51975,54929,2954
block1,5,8,54929,57293,2364
patch_queue,5,9,50798,51387,589
embedding,5,9,51387,52567,1180
block0,5,9,52567,55519,2952
block1,5,9,55519,57883,2364
patch_queue,5,10,51388,51977,589
embedding,5,10,51977,53157,1180
block0,5,10,53157,56109,2952
block1,5,10,56109,58473,2364
patch_queue,5,11,51978,52569,591
embedding,5,11,52569,53747,1178
block0,5,11,53747,56699,2952
block1,5,11,56699,59063,2364
patch_queue,5,12,52570,53159,589
embedding,5,12,53159,54337,1178
block0,5,12,54337,57291,2954
block1,5,12,57291,59655,2364
patch_queue,5,13,53160,53749,589
embedding,5,13,53749,54929,1180
block0,5,13,54929,57881,2952
block1,5,13,57881,60245,2364
patch_queue,5,14,53750,54339,589
embedding,5,14,54339,55519,1180
block0,5,14,55519,58471,2952
block1,5,14,58471,60835,2364
patch_queue,5,15,54340,54931,591
embedding,5,15,54931,56109,1178
block0,5,15,56109,59061,2952
block1,5,15,59061,61425,2364
head_hidden_first_token,5,0,52569,64718,12149
head_hidden_last_token,5,15,61425,64718,3293
head_output,5,0,64718,65460,742
serializer,5,0,65460,65518,58
patch_queue,6,0,54932,55521,589
embedding,6,0,55521,56699,1178
block0,6,0,56699,59653,2954
block1,6,0,59653,62017,2364
patch_queue,6,1,55522,56111,589
embedding,6,1,56111,57291,1180
block0,6,1,57291,60243,2952
block1,6,1,60243,62607,2364
patch_queue,6,2,56112,56701,589
embedding,6,2,56701,57881,1180
block0,6,2,57881,60833,2952
block1,6,2,60833,63197,2364
patch_queue,6,3,56702,57293,591
embedding,6,3,57293,58471,1178
block0,6,3,58471,61423,2952
block1,6,3,61423,63787,2364
patch_queue,6,4,57294,57883,589
embedding,6,4,57883,59061,1178
block0,6,4,59061,62015,2954
block1,6,4,62015,64379,2364
patch_queue,6,5,57884,58473,589
embedding,6,5,58473,59653,1180
block0,6,5,59653,62605,2952
block1,6,5,62605,64969,2364
patch_queue,6,6,58474,59063,589
embedding,6,6,59063,60243,1180
block0,6,6,60243,63195,2952
block1,6,6,63195,65559,2364
patch_queue,6,7,59064,59655,591
embedding,6,7,59655,60833,1178
block0,6,7,60833,63785,2952
block1,6,7,63785,66149,2364
patch_queue,6,8,59656,60245,589
embedding,6,8,60245,61423,1178
block0,6,8,61423,64377,2954
block1,6,8,64377,66741,2364
patch_queue,6,9,60246,60835,589
embedding,6,9,60835,62015,1180
block0,6,9,62015,64967,2952
block1,6,9,64967,67331,2364
patch_queue,6,10,60836,61425,589
embedding,6,10,61425,62605,1180
block0,6,10,62605,65557,2952
block1,6,10,65557,67921,2364
patch_queue,6,11,61426,62017,591
embedding,6,11,62017,63195,1178
block0,6,11,63195,66147,2952
block1,6,11,66147,68511,2364
patch_queue,6,12,62018,62607,589
embedding,6,12,62607,63785,1178
block0,6,12,63785,66739,2954
block1,6,12,66739,69103,2364
patch_queue,6,13,62608,63197,589
embedding,6,13,63197,64377,1180
block0,6,13,64377,67329,2952
block1,6,13,67329,69693,2364
patch_queue,6,14,63198,63787,589
embedding,6,14,63787,64967,1180
block0,6,14,64967,67919,2952
block1,6,14,67919,70283,2364
patch_queue,6,15,63788,64379,591
embedding,6,15,64379,65557,1178
block0,6,15,65557,68509,2952
block1,6,15,68509,70873,2364
head_hidden_first_token,6,0,62017,74166,12149
head_hidden_last_token,6,15,70873,74166,3293
head_output,6,0,74166,74908,742
serializer,6,0,74908,74966,58
patch_queue,7,0,64380,64969,589
embedding,7,0,64969,66147,1178
block0,7,0,66147,69101,2954
block1,7,0,69101,71465,2364
patch_queue,7,1,64970,65559,589
embedding,7,1,65559,66739,1180
block0,7,1,66739,69691,2952
block1,7,1,69691,72055,2364
patch_queue,7,2,65560,66149,589
embedding,7,2,66149,67329,1180
block0,7,2,67329,70281,2952
block1,7,2,70281,72645,2364
patch_queue,7,3,66150,66741,591
embedding,7,3,66741,67919,1178
block0,7,3,67919,70871,2952
block1,7,3,70871,73235,2364
patch_queue,7,4,66742,67331,589
embedding,7,4,67331,68509,1178
block0,7,4,68509,71463,2954
block1,7,4,71463,73827,2364
patch_queue,7,5,67332,67921,589
embedding,7,5,67921,69101,1180
block0,7,5,69101,72053,2952
block1,7,5,72053,74417,2364
patch_queue,7,6,67922,68511,589
embedding,7,6,68511,69691,1180
block0,7,6,69691,72643,2952
block1,7,6,72643,75007,2364
patch_queue,7,7,68512,69103,591
embedding,7,7,69103,70281,1178
block0,7,7,70281,73233,2952
block1,7,7,73233,75597,2364
patch_queue,7,8,69104,69693,589
embedding,7,8,69693,70871,1178
block0,7,8,70871,73825,2954
block1,7,8,73825,76189,2364
patch_queue,7,9,69694,70283,589
embedding,7,9,70283,71463,1180
block0,7,9,71463,74415,2952
block1,7,9,74415,76779,2364
patch_queue,7,10,70284,70873,589
embedding,7,10,70873,72053,1180
block0,7,10,72053,75005,2952
block1,7,10,75005,77369,2364
patch_queue,7,11,70874,71465,591
embedding,7,11,71465,72643,1178
block0,7,11,72643,75595,2952
block1,7,11,75595,77959,2364
patch_queue,7,12,71466,72055,589
embedding,7,12,72055,73233,1178
block0,7,12,73233,76187,2954
block1,7,12,76187,78551,2364
patch_queue,7,13,72056,72645,589
embedding,7,13,72645,73825,1180
block0,7,13,73825,76777,2952
block1,7,13,76777,79141,2364
patch_queue,7,14,72646,73235,589
embedding,7,14,73235,74415,1180
block0,7,14,74415,77367,2952
block1,7,14,77367,79731,2364
patch_queue,7,15,73236,73827,591
embedding,7,15,73827,75005,1178
block0,7,15,75005,77957,2952
block1,7,15,77957,80321,2364
head_hidden_first_token,7,0,71465,83614,12149
head_hidden_last_token,7,15,80321,83614,3293
head_output,7,0,83614,84356,742
serializer,7,0,84356,84414,58
patch_queue,8,0,73828,74417,589
embedding,8,0,74417,75595,1178
block0,8,0,75595,78549,2954
block1,8,0,78549,80913,2364
patch_queue,8,1,74418,75007,589
embedding,8,1,75007,76187,1180
block0,8,1,76187,79139,2952
block1,8,1,79139,81503,2364
patch_queue,8,2,75008,75597,589
embedding,8,2,75597,76777,1180
block0,8,2,76777,79729,2952
block1,8,2,79729,82093,2364
patch_queue,8,3,75598,76189,591
embedding,8,3,76189,77367,1178
block0,8,3,77367,80319,2952
block1,8,3,80319,82683,2364
patch_queue,8,4,76190,76779,589
embedding,8,4,76779,77957,1178
block0,8,4,77957,80911,2954
block1,8,4,80911,83275,2364
patch_queue,8,5,76780,77369,589
embedding,8,5,77369,78549,1180
block0,8,5,78549,81501,2952
block1,8,5,81501,83865,2364
patch_queue,8,6,77370,77959,589
embedding,8,6,77959,79139,1180
block0,8,6,79139,82091,2952
block1,8,6,82091,84455,2364
patch_queue,8,7,77960,78551,591
embedding,8,7,78551,79729,1178
block0,8,7,79729,82681,2952
block1,8,7,82681,85045,2364
patch_queue,8,8,78552,79141,589
embedding,8,8,79141,80319,1178
block0,8,8,80319,83273,2954
block1,8,8,83273,85637,2364
patch_queue,8,9,79142,79731,589
embedding,8,9,79731,80911,1180
block0,8,9,80911,83863,2952
block1,8,9,83863,86227,2364
patch_queue,8,10,79732,80321,589
embedding,8,10,80321,81501,1180
block0,8,10,81501,84453,2952
block1,8,10,84453,86817,2364
patch_queue,8,11,80322,80913,591
embedding,8,11,80913,82091,1178
block0,8,11,82091,85043,2952
block1,8,11,85043,87407,2364
patch_queue,8,12,80914,81503,589
embedding,8,12,81503,82681,1178
block0,8,12,82681,85635,2954
block1,8,12,85635,87999,2364
patch_queue,8,13,81504,82093,589
embedding,8,13,82093,83273,1180
block0,8,13,83273,86225,2952
block1,8,13,86225,88589,2364
patch_queue,8,14,82094,82683,589
embedding,8,14,82683,83863,1180
block0,8,14,83863,86815,2952
block1,8,14,86815,89179,2364
patch_queue,8,15,82684,83275,591
embedding,8,15,83275,84453,1178
block0,8,15,84453,87405,2952
block1,8,15,87405,89769,2364
head_hidden_first_token,8,0,80913,93062,12149
head_hidden_last_token,8,15,89769,93062,3293
head_output,8,0,93062,93804,742
serializer,8,0,93804,93862,58
patch_queue,9,0,83276,83865,589
embedding,9,0,83865,85043,1178
block0,9,0,85043,87997,2954
block1,9,0,87997,90361,2364
patch_queue,9,1,83866,84455,589
embedding,9,1,84455,85635,1180
block0,9,1,85635,88587,2952
block1,9,1,88587,90951,2364
patch_queue,9,2,84456,85045,589
embedding,9,2,85045,86225,1180
block0,9,2,86225,89177,2952
block1,9,2,89177,91541,2364
patch_queue,9,3,85046,85637,591
embedding,9,3,85637,86815,1178
block0,9,3,86815,89767,2952
block1,9,3,89767,92131,2364
patch_queue,9,4,85638,86227,589
embedding,9,4,86227,87405,1178
block0,9,4,87405,90359,2954
block1,9,4,90359,92723,2364
patch_queue,9,5,86228,86817,589
embedding,9,5,86817,87997,1180
block0,9,5,87997,90949,2952
block1,9,5,90949,93313,2364
patch_queue,9,6,86818,87407,589
embedding,9,6,87407,88587,1180
block0,9,6,88587,91539,2952
block1,9,6,91539,93903,2364
patch_queue,9,7,87408,87999,591
embedding,9,7,87999,89177,1178
block0,9,7,89177,92129,2952
block1,9,7,92129,94493,2364
patch_queue,9,8,88000,88589,589
embedding,9,8,88589,89767,1178
block0,9,8,89767,92721,2954
block1,9,8,92721,95085,2364
patch_queue,9,9,88590,89179,589
embedding,9,9,89179,90359,1180
block0,9,9,90359,93311,2952
block1,9,9,93311,95675,2364
patch_queue,9,10,89180,89769,589
embedding,9,10,89769,90949,1180
block0,9,10,90949,93901,2952
block1,9,10,93901,96265,2364
patch_queue,9,11,89770,90361,591
embedding,9,11,90361,91539,1178
block0,9,11,91539,94491,2952
block1,9,11,94491,96855,2364
patch_queue,9,12,90362,90951,589
embedding,9,12,90951,92129,1178
block0,9,12,92129,95083,2954
block1,9,12,95083,97447,2364
patch_queue,9,13,90952,91541,589
embedding,9,13,91541,92721,1180
block0,9,13,92721,95673,2952
block1,9,13,95673,98037,2364
patch_queue,9,14,91542,92131,589
embedding,9,14,92131,93311,1180
block0,9,14,93311,96263,2952
block1,9,14,96263,98627,2364
patch_queue,9,15,92132,92723,591
embedding,9,15,92723,93901,1178
block0,9,15,93901,96853,2952
block1,9,15,96853,99217,2364
head_hidden_first_token,9,0,90361,102510,12149
head_hidden_last_token,9,15,99217,102510,3293
head_output,9,0,102510,103252,742
serializer,9,0,103252,103310,58
patch_queue,10,0,92724,93313,589
embedding,10,0,93313,94491,1178
block0,10,0,94491,97445,2954
block1,10,0,97445,99809,2364
patch_queue,10,1,93314,93903,589
embedding,10,1,93903,95083,1180
block0,10,1,95083,98035,2952
block1,10,1,98035,100399,2364
patch_queue,10,2,93904,94493,589
embedding,10,2,94493,95673,1180
block0,10,2,95673,98625,2952
block1,10,2,98625,100989,2364
patch_queue,10,3,94494,95085,591
embedding,10,3,95085,96263,1178
block0,10,3,96263,99215,2952
block1,10,3,99215,101579,2364
patch_queue,10,4,95086,95675,589
embedding,10,4,95675,96853,1178
block0,10,4,96853,99807,2954
block1,10,4,99807,102171,2364
patch_queue,10,5,95676,96265,589
embedding,10,5,96265,97445,1180
block0,10,5,97445,100397,2952
block1,10,5,100397,102761,2364
patch_queue,10,6,96266,96855,589
embedding,10,6,96855,98035,1180
block0,10,6,98035,100987,2952
block1,10,6,100987,103351,2364
patch_queue,10,7,96856,97447,591
embedding,10,7,97447,98625,1178
block0,10,7,98625,101577,2952
block1,10,7,101577,103941,2364
patch_queue,10,8,97448,98037,589
embedding,10,8,98037,99215,1178
block0,10,8,99215,102169,2954
block1,10,8,102169,104533,2364
patch_queue,10,9,98038,98627,589
embedding,10,9,98627,99807,1180
block0,10,9,99807,102759,2952
block1,10,9,102759,105123,2364
patch_queue,10,10,98628,99217,589
embedding,10,10,99217,100397,1180
block0,10,10,100397,103349,2952
block1,10,10,103349,105713,2364
patch_queue,10,11,99218,99809,591
embedding,10,11,99809,100987,1178
block0,10,11,100987,103939,2952
block1,10,11,103939,106303,2364
patch_queue,10,12,99810,100399,589
embedding,10,12,100399,101577,1178
block0,10,12,101577,104531,2954
block1,10,12,104531,106895,2364
patch_queue,10,13,100400,100989,589
embedding,10,13,100989,102169,1180
block0,10,13,102169,105121,2952
block1,10,13,105121,107485,2364
patch_queue,10,14,100990,101579,589
embedding,10,14,101579,102759,1180
block0,10,14,102759,105711,2952
block1,10,14,105711,108075,2364
patch_queue,10,15,101580,102171,591
embedding,10,15,102171,103349,1178
block0,10,15,103349,106301,2952
block1,10,15,106301,108665,2364
head_hidden_first_token,10,0,99809,111958,12149
head_hidden_last_token,10,15,108665,111958,3293
head_output,10,0,111958,112700,742
serializer,10,0,112700,112758,58
patch_queue,11,0,102172,102761,589
embedding,11,0,102761,103939,1178
block0,11,0,103939,106893,2954
block1,11,0,106893,109257,2364
patch_queue,11,1,102762,103351,589
embedding,11,1,103351,104531,1180
block0,11,1,104531,107483,2952
block1,11,1,107483,109847,2364
patch_queue,11,2,103352,103941,589
embedding,11,2,103941,105121,1180
block0,11,2,105121,108073,2952
block1,11,2,108073,110437,2364
patch_queue,11,3,103942,104533,591
embedding,11,3,104533,105711,1178
block0,11,3,105711,108663,2952
block1,11,3,108663,111027,2364
patch_queue,11,4,104534,105123,589
embedding,11,4,105123,106301,1178
block0,11,4,106301,109255,2954
block1,11,4,109255,111619,2364
patch_queue,11,5,105124,105713,589
embedding,11,5,105713,106893,1180
block0,11,5,106893,109845,2952
block1,11,5,109845,112209,2364
patch_queue,11,6,105714,106303,589
embedding,11,6,106303,107483,1180
block0,11,6,107483,110435,2952
block1,11,6,110435,112799,2364
patch_queue,11,7,106304,106895,591
embedding,11,7,106895,108073,1178
block0,11,7,108073,111025,2952
block1,11,7,111025,113389,2364
patch_queue,11,8,106896,107485,589
embedding,11,8,107485,108663,1178
block0,11,8,108663,111617,2954
block1,11,8,111617,113981,2364
patch_queue,11,9,107486,108075,589
embedding,11,9,108075,109255,1180
block0,11,9,109255,112207,2952
block1,11,9,112207,114571,2364
patch_queue,11,10,108076,108665,589
embedding,11,10,108665,109845,1180
block0,11,10,109845,112797,2952
block1,11,10,112797,115161,2364
patch_queue,11,11,108666,109257,591
embedding,11,11,109257,110435,1178
block0,11,11,110435,113387,2952
block1,11,11,113387,115751,2364
patch_queue,11,12,109258,109847,589
embedding,11,12,109847,111025,1178
block0,11,12,111025,113979,2954
block1,11,12,113979,116343,2364
patch_queue,11,13,109848,110437,589
embedding,11,13,110437,111617,1180
block0,11,13,111617,114569,2952
block1,11,13,114569,116933,2364
patch_queue,11,14,110438,111027,589
embedding,11,14,111027,112207,1180
block0,11,14,112207,115159,2952
block1,11,14,115159,117523,2364
patch_queue,11,15,111028,111619,591
embedding,11,15,111619,112797,1178
block0,11,15,112797,115749,2952
block1,11,15,115749,118113,2364
head_hidden_first_token,11,0,109257,121406,12149
head_hidden_last_token,11,15,118113,121406,3293
head_output,11,0,121406,122148,742
serializer,11,0,122148,122206,58
patch_queue,12,0,111620,112209,589
embedding,12,0,112209,113387,1178
block0,12,0,113387,116341,2954
block1,12,0,116341,118705,2364
patch_queue,12,1,112210,112799,589
embedding,12,1,112799,113979,1180
block0,12,1,113979,116931,2952
block1,12,1,116931,119295,2364
patch_queue,12,2,112800,113389,589
embedding,12,2,113389,114569,1180
block0,12,2,114569,117521,2952
block1,12,2,117521,119885,2364
patch_queue,12,3,113390,113981,591
embedding,12,3,113981,115159,1178
block0,12,3,115159,118111,2952
block1,12,3,118111,120475,2364
patch_queue,12,4,113982,114571,589
embedding,12,4,114571,115749,1178
block0,12,4,115749,118703,2954
block1,12,4,118703,121067,2364
patch_queue,12,5,114572,115161,589
embedding,12,5,115161,116341,1180
block0,12,5,116341,119293,2952
block1,12,5,119293,121657,2364
patch_queue,12,6,115162,115751,589
embedding,12,6,115751,116931,1180
block0,12,6,116931,119883,2952
block1,12,6,119883,122247,2364
patch_queue,12,7,115752,116343,591
embedding,12,7,116343,117521,1178
block0,12,7,117521,120473,2952
block1,12,7,120473,122837,2364
patch_queue,12,8,116344,116933,589
embedding,12,8,116933,118111,1178
block0,12,8,118111,121065,2954
block1,12,8,121065,123429,2364
patch_queue,12,9,116934,117523,589
embedding,12,9,117523,118703,1180
block0,12,9,118703,121655,2952
block1,12,9,121655,124019,2364
patch_queue,12,10,117524,118113,589
embedding,12,10,118113,119293,1180
block0,12,10,119293,122245,2952
block1,12,10,122245,124609,2364
patch_queue,12,11,118114,118705,591
embedding,12,11,118705,119883,1178
block0,12,11,119883,122835,2952
block1,12,11,122835,125199,2364
patch_queue,12,12,118706,119295,589
embedding,12,12,119295,120473,1178
block0,12,12,120473,123427,2954
block1,12,12,123427,125791,2364
patch_queue,12,13,119296,119885,589
embedding,12,13,119885,121065,1180
block0,12,13,121065,124017,2952
block1,12,13,124017,126381,2364
patch_queue,12,14,119886,120475,589
embedding,12,14,120475,121655,1180
block0,12,14,121655,124607,2952
block1,12,14,124607,126971,2364
patch_queue,12,15,120476,121067,591
embedding,12,15,121067,122245,1178
block0,12,15,122245,125197,2952
block1,12,15,125197,127561,2364
head_hidden_first_token,12,0,118705,130854,12149
head_hidden_last_token,12,15,127561,130854,3293
head_output,12,0,130854,131596,742
serializer,12,0,131596,131654,58
patch_queue,13,0,121068,121657,589
embedding,13,0,121657,122835,1178
block0,13,0,122835,125789,2954
block1,13,0,125789,128153,2364
patch_queue,13,1,121658,122247,589
embedding,13,1,122247,123427,1180
block0,13,1,123427,126379,2952
block1,13,1,126379,128743,2364
patch_queue,13,2,122248,122837,589
embedding,13,2,122837,124017,1180
block0,13,2,124017,126969,2952
block1,13,2,126969,129333,2364
patch_queue,13,3,122838,123429,591
embedding,13,3,123429,124607,1178
block0,13,3,124607,127559,2952
block1,13,3,127559,129923,2364
patch_queue,13,4,123430,124019,589
embedding,13,4,124019,125197,1178
block0,13,4,125197,128151,2954
block1,13,4,128151,130515,2364
patch_queue,13,5,124020,124609,589
embedding,13,5,124609,125789,1180
block0,13,5,125789,128741,2952
block1,13,5,128741,131105,2364
patch_queue,13,6,124610,125199,589
embedding,13,6,125199,126379,1180
block0,13,6,126379,129331,2952
block1,13,6,129331,131695,2364
patch_queue,13,7,125200,125791,591
embedding,13,7,125791,126969,1178
block0,13,7,126969,129921,2952
block1,13,7,129921,132285,2364
patch_queue,13,8,125792,126381,589
embedding,13,8,126381,127559,1178
block0,13,8,127559,130513,2954
block1,13,8,130513,132877,2364
patch_queue,13,9,126382,126971,589
embedding,13,9,126971,128151,1180
block0,13,9,128151,131103,2952
block1,13,9,131103,133467,2364
patch_queue,13,10,126972,127561,589
embedding,13,10,127561,128741,1180
block0,13,10,128741,131693,2952
block1,13,10,131693,134057,2364
patch_queue,13,11,127562,128153,591
embedding,13,11,128153,129331,1178
block0,13,11,129331,132283,2952
block1,13,11,132283,134647,2364
patch_queue,13,12,128154,128743,589
embedding,13,12,128743,129921,1178
block0,13,12,129921,132875,2954
block1,13,12,132875,135239,2364
patch_queue,13,13,128744,129333,589
embedding,13,13,129333,130513,1180
block0,13,13,130513,133465,2952
block1,13,13,133465,135829,2364
patch_queue,13,14,129334,129923,589
embedding,13,14,129923,131103,1180
block0,13,14,131103,134055,2952
block1,13,14,134055,136419,2364
patch_queue,13,15,129924,130515,591
embedding,13,15,130515,131693,1178
block0,13,15,131693,134645,2952
block1,13,15,134645,137009,2364
head_hidden_first_token,13,0,128153,140302,12149
head_hidden_last_token,13,15,137009,140302,3293
head_output,13,0,140302,141044,742
serializer,13,0,141044,141102,58
patch_queue,14,0,130516,131105,589
embedding,14,0,131105,132283,1178
block0,14,0,132283,135237,2954
block1,14,0,135237,137601,2364
patch_queue,14,1,131106,131695,589
embedding,14,1,131695,132875,1180
block0,14,1,132875,135827,2952
block1,14,1,135827,138191,2364
patch_queue,14,2,131696,132285,589
embedding,14,2,132285,133465,1180
block0,14,2,133465,136417,2952
block1,14,2,136417,138781,2364
patch_queue,14,3,132286,132877,591
embedding,14,3,132877,134055,1178
block0,14,3,134055,137007,2952
block1,14,3,137007,139371,2364
patch_queue,14,4,132878,133467,589
embedding,14,4,133467,134645,1178
block0,14,4,134645,137599,2954
block1,14,4,137599,139963,2364
patch_queue,14,5,133468,134057,589
embedding,14,5,134057,135237,1180
block0,14,5,135237,138189,2952
block1,14,5,138189,140553,2364
patch_queue,14,6,134058,134647,589
embedding,14,6,134647,135827,1180
block0,14,6,135827,138779,2952
block1,14,6,138779,141143,2364
patch_queue,14,7,134648,135239,591
embedding,14,7,135239,136417,1178
block0,14,7,136417,139369,2952
block1,14,7,139369,141733,2364
patch_queue,14,8,135240,135829,589
embedding,14,8,135829,137007,1178
block0,14,8,137007,139961,2954
block1,14,8,139961,142325,2364
patch_queue,14,9,135830,136419,589
embedding,14,9,136419,137599,1180
block0,14,9,137599,140551,2952
block1,14,9,140551,142915,2364
patch_queue,14,10,136420,137009,589
embedding,14,10,137009,138189,1180
block0,14,10,138189,141141,2952
block1,14,10,141141,143505,2364
patch_queue,14,11,137010,137601,591
embedding,14,11,137601,138779,1178
block0,14,11,138779,141731,2952
block1,14,11,141731,144095,2364
patch_queue,14,12,137602,138191,589
embedding,14,12,138191,139369,1178
block0,14,12,139369,142323,2954
block1,14,12,142323,144687,2364
patch_queue,14,13,138192,138781,589
embedding,14,13,138781,139961,1180
block0,14,13,139961,142913,2952
block1,14,13,142913,145277,2364
patch_queue,14,14,138782,139371,589
embedding,14,14,139371,140551,1180
block0,14,14,140551,143503,2952
block1,14,14,143503,145867,2364
patch_queue,14,15,139372,139963,591
embedding,14,15,139963,141141,1178
block0,14,15,141141,144093,2952
block1,14,15,144093,146457,2364
head_hidden_first_token,14,0,137601,149750,12149
head_hidden_last_token,14,15,146457,149750,3293
head_output,14,0,149750,150492,742
serializer,14,0,150492,150550,58
patch_queue,15,0,139964,140553,589
embedding,15,0,140553,141731,1178
block0,15,0,141731,144685,2954
block1,15,0,144685,147049,2364
patch_queue,15,1,140554,141143,589
embedding,15,1,141143,142323,1180
block0,15,1,142323,145275,2952
block1,15,1,145275,147639,2364
patch_queue,15,2,141144,141733,589
embedding,15,2,141733,142913,1180
block0,15,2,142913,145865,2952
block1,15,2,145865,148229,2364
patch_queue,15,3,141734,142325,591
embedding,15,3,142325,143503,1178
block0,15,3,143503,146455,2952
block1,15,3,146455,148819,2364
patch_queue,15,4,142326,142915,589
embedding,15,4,142915,144093,1178
block0,15,4,144093,147047,2954
block1,15,4,147047,149411,2364
patch_queue,15,5,142916,143505,589
embedding,15,5,143505,144685,1180
block0,15,5,144685,147637,2952
block1,15,5,147637,150001,2364
patch_queue,15,6,143506,144095,589
embedding,15,6,144095,145275,1180
block0,15,6,145275,148227,2952
block1,15,6,148227,150591,2364
patch_queue,15,7,144096,144687,591
embedding,15,7,144687,145865,1178
block0,15,7,145865,148817,2952
block1,15,7,148817,151181,2364
patch_queue,15,8,144688,145277,589
embedding,15,8,145277,146455,1178
block0,15,8,146455,149409,2954
block1,15,8,149409,151773,2364
patch_queue,15,9,145278,145867,589
embedding,15,9,145867,147047,1180
block0,15,9,147047,149999,2952
block1,15,9,149999,152363,2364
patch_queue,15,10,145868,146457,589
embedding,15,10,146457,147637,1180
block0,15,10,147637,150589,2952
block1,15,10,150589,152953,2364
patch_queue,15,11,146458,147049,591
embedding,15,11,147049,148227,1178
block0,15,11,148227,151179,2952
block1,15,11,151179,153543,2364
patch_queue,15,12,147050,147639,589
embedding,15,12,147639,148817,1178
block0,15,12,148817,151771,2954
block1,15,12,151771,154135,2364
patch_queue,15,13,147640,148229,589
embedding,15,13,148229,149409,1180
block0,15,13,149409,152361,2952
block1,15,13,152361,154725,2364
patch_queue,15,14,148230,148819,589
embedding,15,14,148819,149999,1180
block0,15,14,149999,152951,2952
block1,15,14,152951,155315,2364
patch_queue,15,15,148820,149411,591
embedding,15,15,149411,150589,1178
block0,15,15,150589,153541,2952
block1,15,15,153541,155905,2364
head_hidden_first_token,15,0,147049,159198,12149
head_hidden_last_token,15,15,155905,159198,3293
head_output,15,0,159198,159940,742
serializer,15,0,159940,159998,58
patch_queue,16,0,149412,150001,589
embedding,16,0,150001,151179,1178
block0,16,0,151179,154133,2954
block1,16,0,154133,156497,2364
patch_queue,16,1,150002,150591,589
embedding,16,1,150591,151771,1180
block0,16,1,151771,154723,2952
block1,16,1,154723,157087,2364
patch_queue,16,2,150592,151181,589
embedding,16,2,151181,152361,1180
block0,16,2,152361,155313,2952
block1,16,2,155313,157677,2364
patch_queue,16,3,151182,151773,591
embedding,16,3,151773,152951,1178
block0,16,3,152951,155903,2952
block1,16,3,155903,158267,2364
patch_queue,16,4,151774,152363,589
embedding,16,4,152363,153541,1178
block0,16,4,153541,156495,2954
block1,16,4,156495,158859,2364
patch_queue,16,5,152364,152953,589
embedding,16,5,152953,154133,1180
block0,16,5,154133,157085,2952
block1,16,5,157085,159449,2364
patch_queue,16,6,152954,153543,589
embedding,16,6,153543,154723,1180
block0,16,6,154723,157675,2952
block1,16,6,157675,160039,2364
patch_queue,16,7,153544,154135,591
embedding,16,7,154135,155313,1178
block0,16,7,155313,158265,2952
block1,16,7,158265,160629,2364
patch_queue,16,8,154136,154725,589
embedding,16,8,154725,155903,1178
block0,16,8,155903,158857,2954
block1,16,8,158857,161221,2364
patch_queue,16,9,154726,155315,589
embedding,16,9,155315,156495,1180
block0,16,9,156495,159447,2952
block1,16,9,159447,161811,2364
patch_queue,16,10,155316,155905,589
embedding,16,10,155905,157085,1180
block0,16,10,157085,160037,2952
block1,16,10,160037,162401,2364
patch_queue,16,11,155906,156497,591
embedding,16,11,156497,157675,1178
block0,16,11,157675,160627,2952
block1,16,11,160627,162991,2364
patch_queue,16,12,156498,157087,589
embedding,16,12,157087,158265,1178
block0,16,12,158265,161219,2954
block1,16,12,161219,163583,2364
patch_queue,16,13,157088,157677,589
embedding,16,13,157677,158857,1180
block0,16,13,158857,161809,2952
block1,16,13,161809,164173,2364
patch_queue,16,14,157678,158267,589
embedding,16,14,158267,159447,1180
block0,16,14,159447,162399,2952
block1,16,14,162399,164763,2364
patch_queue,16,15,158268,158859,591
embedding,16,15,158859,160037,1178
block0,16,15,160037,162989,2952
block1,16,15,162989,165353,2364
head_hidden_first_token,16,0,156497,168646,12149
head_hidden_last_token,16,15,165353,168646,3293
head_output,16,0,168646,169388,742
serializer,16,0,169388,169446,58
patch_queue,17,0,158860,159449,589
embedding,17,0,159449,160627,1178
block0,17,0,160627,163581,2954
block1,17,0,163581,165945,2364
patch_queue,17,1,159450,160039,589
embedding,17,1,160039,161219,1180
block0,17,1,161219,164171,2952
block1,17,1,164171,166535,2364
patch_queue,17,2,160040,160629,589
embedding,17,2,160629,161809,1180
block0,17,2,161809,164761,2952
block1,17,2,164761,167125,2364
patch_queue,17,3,160630,161221,591
embedding,17,3,161221,162399,1178
block0,17,3,162399,165351,2952
block1,17,3,165351,167715,2364
patch_queue,17,4,161222,161811,589
embedding,17,4,161811,162989,1178
block0,17,4,162989,165943,2954
block1,17,4,165943,168307,2364
patch_queue,17,5,161812,162401,589
embedding,17,5,162401,163581,1180
block0,17,5,163581,166533,2952
block1,17,5,166533,168897,2364
patch_queue,17,6,162402,162991,589
embedding,17,6,162991,164171,1180
block0,17,6,164171,167123,2952
block1,17,6,167123,169487,2364
patch_queue,17,7,162992,163583,591
embedding,17,7,163583,164761,1178
block0,17,7,164761,167713,2952
block1,17,7,167713,170077,2364
patch_queue,17,8,163584,164173,589
embedding,17,8,164173,165351,1178
block0,17,8,165351,168305,2954
block1,17,8,168305,170669,2364
patch_queue,17,9,164174,164763,589
embedding,17,9,164763,165943,1180
block0,17,9,165943,168895,2952
block1,17,9,168895,171259,2364
patch_queue,17,10,164764,165353,589
embedding,17,10,165353,166533,1180
block0,17,10,166533,169485,2952
block1,17,10,169485,171849,2364
patch_queue,17,11,165354,165945,591
embedding,17,11,165945,167123,1178
block0,17,11,167123,170075,2952
block1,17,11,170075,172439,2364
patch_queue,17,12,165946,166535,589
embedding,17,12,166535,167713,1178
block0,17,12,167713,170667,2954
block1,17,12,170667,173031,2364
patch_queue,17,13,166536,167125,589
embedding,17,13,167125,168305,1180
block0,17,13,168305,171257,2952
block1,17,13,171257,173621,2364
patch_queue,17,14,167126,167715,589
embedding,17,14,167715,168895,1180
block0,17,14,168895,171847,2952
block1,17,14,171847,174211,2364
patch_queue,17,15,167716,168307,591
embedding,17,15,168307,169485,1178
block0,17,15,169485,172437,2952
block1,17,15,172437,174801,2364
head_hidden_first_token,17,0,165945,178094,12149
head_hidden_last_token,17,15,174801,178094,3293
head_output,17,0,178094,178836,742
serializer,17,0,178836,178894,58
patch_queue,18,0,168308,168897,589
embedding,18,0,168897,170075,1178
block0,18,0,170075,173029,2954
block1,18,0,173029,175393,2364
patch_queue,18,1,168898,169487,589
embedding,18,1,169487,170667,1180
block0,18,1,170667,173619,2952
block1,18,1,173619,175983,2364
patch_queue,18,2,169488,170077,589
embedding,18,2,170077,171257,1180
block0,18,2,171257,174209,2952
block1,18,2,174209,176573,2364
patch_queue,18,3,170078,170669,591
embedding,18,3,170669,171847,1178
block0,18,3,171847,174799,2952
block1,18,3,174799,177163,2364
patch_queue,18,4,170670,171259,589
embedding,18,4,171259,172437,1178
block0,18,4,172437,175391,2954
block1,18,4,175391,177755,2364
patch_queue,18,5,171260,171849,589
embedding,18,5,171849,173029,1180
block0,18,5,173029,175981,2952
block1,18,5,175981,178345,2364
patch_queue,18,6,171850,172439,589
embedding,18,6,172439,173619,1180
block0,18,6,173619,176571,2952
block1,18,6,176571,178935,2364
patch_queue,18,7,172440,173031,591
embedding,18,7,173031,174209,1178
block0,18,7,174209,177161,2952
block1,18,7,177161,179525,2364
patch_queue,18,8,173032,173621,589
embedding,18,8,173621,174799,1178
block0,18,8,174799,177753,2954
block1,18,8,177753,180117,2364
patch_queue,18,9,173622,174211,589
embedding,18,9,174211,175391,1180
block0,18,9,175391,178343,2952
block1,18,9,178343,180707,2364
patch_queue,18,10,174212,174801,589
embedding,18,10,174801,175981,1180
block0,18,10,175981,178933,2952
block1,18,10,178933,181297,2364
patch_queue,18,11,174802,175393,591
embedding,18,11,175393,176571,1178
block0,18,11,176571,179523,2952
block1,18,11,179523,181887,2364
patch_queue,18,12,175394,175983,589
embedding,18,12,175983,177161,1178
block0,18,12,177161,180115,2954
block1,18,12,180115,182479,2364
patch_queue,18,13,175984,176573,589
embedding,18,13,176573,177753,1180
block0,18,13,177753,180705,2952
block1,18,13,180705,183069,2364
patch_queue,18,14,176574,177163,589
embedding,18,14,177163,178343,1180
block0,18,14,178343,181295,2952
block1,18,14,181295,183659,2364
patch_queue,18,15,177164,177755,591
embedding,18,15,177755,178933,1178
block0,18,15,178933,181885,2952
block1,18,15,181885,184249,2364
head_hidden_first_token,18,0,175393,187542,12149
head_hidden_last_token,18,15,184249,187542,3293
head_output,18,0,187542,188284,742
serializer,18,0,188284,188342,58
patch_queue,19,0,177756,178345,589
embedding,19,0,178345,179523,1178
block0,19,0,179523,182477,2954
block1,19,0,182477,184841,2364
patch_queue,19,1,178346,178935,589
embedding,19,1,178935,180115,1180
block0,19,1,180115,183067,2952
block1,19,1,183067,185431,2364
patch_queue,19,2,178936,179525,589
embedding,19,2,179525,180705,1180
block0,19,2,180705,183657,2952
block1,19,2,183657,186021,2364
patch_queue,19,3,179526,180117,591
embedding,19,3,180117,181295,1178
block0,19,3,181295,184247,2952
block1,19,3,184247,186611,2364
patch_queue,19,4,180118,180707,589
embedding,19,4,180707,181885,1178
block0,19,4,181885,184839,2954
block1,19,4,184839,187203,2364
patch_queue,19,5,180708,181297,589
embedding,19,5,181297,182477,1180
block0,19,5,182477,185429,2952
block1,19,5,185429,187793,2364
patch_queue,19,6,181298,181887,589
embedding,19,6,181887,183067,1180
block0,19,6,183067,186019,2952
block1,19,6,186019,188383,2364
patch_queue,19,7,181888,182479,591
embedding,19,7,182479,183657,1178
block0,19,7,183657,186609,2952
block1,19,7,186609,188973,2364
patch_queue,19,8,182480,183069,589
embedding,19,8,183069,184247,1178
block0,19,8,184247,187201,2954
block1,19,8,187201,189565,2364
patch_queue,19,9,183070,183659,589
embedding,19,9,183659,184839,1180
block0,19,9,184839,187791,2952
block1,19,9,187791,190155,2364
patch_queue,19,10,183660,184249,589
embedding,19,10,184249,185429,1180
block0,19,10,185429,188381,2952
block1,19,10,188381,190745,2364
patch_queue,19,11,184250,184841,591
embedding,19,11,184841,186019,1178
block0,19,11,186019,188971,2952
block1,19,11,188971,191335,2364
patch_queue,19,12,184842,185431,589
embedding,19,12,185431,186609,1178
block0,19,12,186609,189563,2954
block1,19,12,189563,191927,2364
patch_queue,19,13,185432,186021,589
embedding,19,13,186021,187201,1180
block0,19,13,187201,190153,2952
block1,19,13,190153,192517,2364
patch_queue,19,14,186022,186611,589
embedding,19,14,186611,187791,1180
block0,19,14,187791,190743,2952
block1,19,14,190743,193107,2364
patch_queue,19,15,186612,187203,591
embedding,19,15,187203,188381,1178
block0,19,15,188381,191333,2952
block1,19,15,191333,193697,2364
head_hidden_first_token,19,0,184841,196990,12149
head_hidden_last_token,19,15,193697,196990,3293
head_output,19,0,196990,197732,742
serializer,19,0,197732,197790,58
patch_queue,20,0,187204,187793,589
embedding,20,0,187793,188971,1178
block0,20,0,188971,191925,2954
block1,20,0,191925,194289,2364
patch_queue,20,1,187794,188383,589
embedding,20,1,188383,189563,1180
block0,20,1,189563,192515,2952
block1,20,1,192515,194879,2364
patch_queue,20,2,188384,188973,589
embedding,20,2,188973,190153,1180
block0,20,2,190153,193105,2952
block1,20,2,193105,195469,2364
patch_queue,20,3,188974,189565,591
embedding,20,3,189565,190743,1178
block0,20,3,190743,193695,2952
block1,20,3,193695,196059,2364
patch_queue,20,4,189566,190155,589
embedding,20,4,190155,191333,1178
block0,20,4,191333,194287,2954
block1,20,4,194287,196651,2364
patch_queue,20,5,190156,190745,589
embedding,20,5,190745,191925,1180
block0,20,5,191925,194877,2952
block1,20,5,194877,197241,2364
patch_queue,20,6,190746,191335,589
embedding,20,6,191335,192515,1180
block0,20,6,192515,195467,2952
block1,20,6,195467,197831,2364
patch_queue,20,7,191336,191927,591
embedding,20,7,191927,193105,1178
block0,20,7,193105,196057,2952
block1,20,7,196057,198421,2364
patch_queue,20,8,191928,192517,589
embedding,20,8,192517,193695,1178
block0,20,8,193695,196649,2954
block1,20,8,196649,199013,2364
patch_queue,20,9,192518,193107,589
embedding,20,9,193107,194287,1180
block0,20,9,194287,197239,2952
block1,20,9,197239,199603,2364
patch_queue,20,10,193108,193697,589
embedding,20,10,193697,194877,1180
block0,20,10,194877,197829,2952
block1,20,10,197829,200193,2364
patch_queue,20,11,193698,194289,591
embedding,20,11,194289,195467,1178
block0,20,11,195467,198419,2952
block1,20,11,198419,200783,2364
patch_queue,20,12,194290,194879,589
embedding,20,12,194879,196057,1178
block0,20,12,196057,199011,2954
block1,20,12,199011,201375,2364
patch_queue,20,13,194880,195469,589
embedding,20,13,195469,196649,1180
block0,20,13,196649,199601,2952
block1,20,13,199601,201965,2364
patch_queue,20,14,195470,196059,589
embedding,20,14,196059,197239,1180
block0,20,14,197239,200191,2952
block1,20,14,200191,202555,2364
patch_queue,20,15,196060,196651,591
embedding,20,15,196651,197829,1178
block0,20,15,197829,200781,2952
block1,20,15,200781,203145,2364
head_hidden_first_token,20,0,194289,206438,12149
head_hidden_last_token,20,15,203145,206438,3293
head_output,20,0,206438,207180,742
serializer,20,0,207180,207238,58
patch_queue,21,0,196652,197241,589
embedding,21,0,197241,198419,1178
block0,21,0,198419,201373,2954
block1,21,0,201373,203737,2364
patch_queue,21,1,197242,197831,589
embedding,21,1,197831,199011,1180
block0,21,1,199011,201963,2952
block1,21,1,201963,204327,2364
patch_queue,21,2,197832,198421,589
embedding,21,2,198421,199601,1180
block0,21,2,199601,202553,2952
block1,21,2,202553,204917,2364
patch_queue,21,3,198422,199013,591
embedding,21,3,199013,200191,1178
block0,21,3,200191,203143,2952
block1,21,3,203143,205507,2364
patch_queue,21,4,199014,199603,589
embedding,21,4,199603,200781,1178
block0,21,4,200781,203735,2954
block1,21,4,203735,206099,2364
patch_queue,21,5,199604,200193,589
embedding,21,5,200193,201373,1180
block0,21,5,201373,204325,2952
block1,21,5,204325,206689,2364
patch_queue,21,6,200194,200783,589
embedding,21,6,200783,201963,1180
block0,21,6,201963,204915,2952
block1,21,6,204915,207279,2364
patch_queue,21,7,200784,201375,591
embedding,21,7,201375,202553,1178
block0,21,7,202553,205505,2952
block1,21,7,205505,207869,2364
patch_queue,21,8,201376,201965,589
embedding,21,8,201965,203143,1178
block0,21,8,203143,206097,2954
block1,21,8,206097,208461,2364
patch_queue,21,9,201966,202555,589
embedding,21,9,202555,203735,1180
block0,21,9,203735,206687,2952
block1,21,9,206687,209051,2364
patch_queue,21,10,202556,203145,589
embedding,21,10,203145,204325,1180
block0,21,10,204325,207277,2952
block1,21,10,207277,209641,2364
patch_queue,21,11,203146,203737,591
embedding,21,11,203737,204915,1178
block0,21,11,204915,207867,2952
block1,21,11,207867,210231,2364
patch_queue,21,12,203738,204327,589
embedding,21,12,204327,205505,1178
block0,21,12,205505,208459,2954
block1,21,12,208459,210823,2364
patch_queue,21,13,204328,204917,589
embedding,21,13,204917,206097,1180
block0,21,13,206097,209049,2952
block1,21,13,209049,211413,2364
patch_queue,21,14,204918,205507,589
embedding,21,14,205507,206687,1180
block0,21,14,206687,209639,2952
block1,21,14,209639,212003,2364
patch_queue,21,15,205508,206099,591
embedding,21,15,206099,207277,1178
block0,21,15,207277,210229,2952
block1,21,15,210229,212593,2364
head_hidden_first_token,21,0,203737,215886,12149
head_hidden_last_token,21,15,212593,215886,3293
head_output,21,0,215886,216628,742
serializer,21,0,216628,216686,58
patch_queue,22,0,206100,206689,589
embedding,22,0,206689,207867,1178
block0,22,0,207867,210821,2954
block1,22,0,210821,213185,2364
patch_queue,22,1,206690,207279,589
embedding,22,1,207279,208459,1180
block0,22,1,208459,211411,2952
block1,22,1,211411,213775,2364
patch_queue,22,2,207280,207869,589
embedding,22,2,207869,209049,1180
block0,22,2,209049,212001,2952
block1,22,2,212001,214365,2364
patch_queue,22,3,207870,208461,591
embedding,22,3,208461,209639,1178
block0,22,3,209639,212591,2952
block1,22,3,212591,214955,2364
patch_queue,22,4,208462,209051,589
embedding,22,4,209051,210229,1178
block0,22,4,210229,213183,2954
block1,22,4,213183,215547,2364
patch_queue,22,5,209052,209641,589
embedding,22,5,209641,210821,1180
block0,22,5,210821,213773,2952
block1,22,5,213773,216137,2364
patch_queue,22,6,209642,210231,589
embedding,22,6,210231,211411,1180
block0,22,6,211411,214363,2952
block1,22,6,214363,216727,2364
patch_queue,22,7,210232,210823,591
embedding,22,7,210823,212001,1178
block0,22,7,212001,214953,2952
block1,22,7,214953,217317,2364
patch_queue,22,8,210824,211413,589
embedding,22,8,211413,212591,1178
block0,22,8,212591,215545,2954
block1,22,8,215545,217909,2364
patch_queue,22,9,211414,212003,589
embedding,22,9,212003,213183,1180
block0,22,9,213183,216135,2952
block1,22,9,216135,218499,2364
patch_queue,22,10,212004,212593,589
embedding,22,10,212593,213773,1180
block0,22,10,213773,216725,2952
block1,22,10,216725,219089,2364
patch_queue,22,11,212594,213185,591
embedding,22,11,213185,214363,1178
block0,22,11,214363,217315,2952
block1,22,11,217315,219679,2364
patch_queue,22,12,213186,213775,589
embedding,22,12,213775,214953,1178
block0,22,12,214953,217907,2954
block1,22,12,217907,220271,2364
patch_queue,22,13,213776,214365,589
embedding,22,13,214365,215545,1180
block0,22,13,215545,218497,2952
block1,22,13,218497,220861,2364
patch_queue,22,14,214366,214955,589
embedding,22,14,214955,216135,1180
block0,22,14,216135,219087,2952
block1,22,14,219087,221451,2364
patch_queue,22,15,214956,215547,591
embedding,22,15,215547,216725,1178
block0,22,15,216725,219677,2952
block1,22,15,219677,222041,2364
head_hidden_first_token,22,0,213185,225334,12149
head_hidden_last_token,22,15,222041,225334,3293
head_output,22,0,225334,226076,742
serializer,22,0,226076,226134,58
patch_queue,23,0,215548,216137,589
embedding,23,0,216137,217315,1178
block0,23,0,217315,220269,2954
block1,23,0,220269,222633,2364
patch_queue,23,1,216138,216727,589
embedding,23,1,216727,217907,1180
block0,23,1,217907,220859,2952
block1,23,1,220859,223223,2364
patch_queue,23,2,216728,217317,589
embedding,23,2,217317,218497,1180
block0,23,2,218497,221449,2952
block1,23,2,221449,223813,2364
patch_queue,23,3,217318,217909,591
embedding,23,3,217909,219087,1178
block0,23,3,219087,222039,2952
block1,23,3,222039,224403,2364
patch_queue,23,4,217910,218499,589
embedding,23,4,218499,219677,1178
block0,23,4,219677,222631,2954
block1,23,4,222631,224995,2364
patch_queue,23,5,218500,219089,589
embedding,23,5,219089,220269,1180
block0,23,5,220269,223221,2952
block1,23,5,223221,225585,2364
patch_queue,23,6,219090,219679,589
embedding,23,6,219679,220859,1180
block0,23,6,220859,223811,2952
block1,23,6,223811,226175,2364
patch_queue,23,7,219680,220271,591
embedding,23,7,220271,221449,1178
block0,23,7,221449,224401,2952
block1,23,7,224401,226765,2364
patch_queue,23,8,220272,220861,589
embedding,23,8,220861,222039,1178
block0,23,8,222039,224993,2954
block1,23,8,224993,227357,2364
patch_queue,23,9,220862,221451,589
embedding,23,9,221451,222631,1180
block0,23,9,222631,225583,2952
block1,23,9,225583,227947,2364
patch_queue,23,10,221452,222041,589
embedding,23,10,222041,223221,1180
block0,23,10,223221,226173,2952
block1,23,10,226173,228537,2364
patch_queue,23,11,222042,222633,591
embedding,23,11,222633,223811,1178
block0,23,11,223811,226763,2952
block1,23,11,226763,229127,2364
patch_queue,23,12,222634,223223,589
embedding,23,12,223223,224401,1178
block0,23,12,224401,227355,2954
block1,23,12,227355,229719,2364
patch_queue,23,13,223224,223813,589
embedding,23,13,223813,224993,1180
block0,23,13,224993,227945,2952
block1,23,13,227945,230309,2364
patch_queue,23,14,223814,224403,589
embedding,23,14,224403,225583,1180
block0,23,14,225583,228535,2952
block1,23,14,228535,230899,2364
patch_queue,23,15,224404,224995,591
embedding,23,15,224995,226173,1178
block0,23,15,226173,229125,2952
block1,23,15,229125,231489,2364
head_hidden_first_token,23,0,222633,234782,12149
head_hidden_last_token,23,15,231489,234782,3293
head_output,23,0,234782,235524,742
serializer,23,0,235524,235582,58
patch_queue,24,0,224996,225585,589
embedding,24,0,225585,226763,1178
block0,24,0,226763,229717,2954
block1,24,0,229717,232081,2364
patch_queue,24,1,225586,226175,589
embedding,24,1,226175,227355,1180
block0,24,1,227355,230307,2952
block1,24,1,230307,232671,2364
patch_queue,24,2,226176,226765,589
embedding,24,2,226765,227945,1180
block0,24,2,227945,230897,2952
block1,24,2,230897,233261,2364
patch_queue,24,3,226766,227357,591
embedding,24,3,227357,228535,1178
block0,24,3,228535,231487,2952
block1,24,3,231487,233851,2364
patch_queue,24,4,227358,227947,589
embedding,24,4,227947,229125,1178
block0,24,4,229125,232079,2954
block1,24,4,232079,234443,2364
patch_queue,24,5,227948,228537,589
embedding,24,5,228537,229717,1180
block0,24,5,229717,232669,2952
block1,24,5,232669,235033,2364
patch_queue,24,6,228538,229127,589
embedding,24,6,229127,230307,1180
block0,24,6,230307,233259,2952
block1,24,6,233259,235623,2364
patch_queue,24,7,229128,229719,591
embedding,24,7,229719,230897,1178
block0,24,7,230897,233849,2952
block1,24,7,233849,236213,2364
patch_queue,24,8,229720,230309,589
embedding,24,8,230309,231487,1178
block0,24,8,231487,234441,2954
block1,24,8,234441,236805,2364
patch_queue,24,9,230310,230899,589
embedding,24,9,230899,232079,1180
block0,24,9,232079,235031,2952
block1,24,9,235031,237395,2364
patch_queue,24,10,230900,231489,589
embedding,24,10,231489,232669,1180
block0,24,10,232669,235621,2952
block1,24,10,235621,237985,2364
patch_queue,24,11,231490,232081,591
embedding,24,11,232081,233259,1178
block0,24,11,233259,236211,2952
block1,24,11,236211,238575,2364
patch_queue,24,12,232082,232671,589
embedding,24,12,232671,233849,1178
block0,24,12,233849,236803,2954
block1,24,12,236803,239167,2364
patch_queue,24,13,232672,233261,589
embedding,24,13,233261,234441,1180
block0,24,13,234441,237393,2952
block1,24,13,237393,239757,2364
patch_queue,24,14,233262,233851,589
embedding,24,14,233851,235031,1180
block0,24,14,235031,237983,2952
block1,24,14,237983,240347,2364
patch_queue,24,15,233852,234443,591
embedding,24,15,234443,235621,1178
block0,24,15,235621,238573,2952
block1,24,15,238573,240937,2364
head_hidden_first_token,24,0,232081,244230,12149
head_hidden_last_token,24,15,240937,244230,3293
head_output,24,0,244230,244972,742
serializer,24,0,244972,245030,58
patch_queue,25,0,234444,235033,589
embedding,25,0,235033,236211,1178
block0,25,0,236211,239165,2954
block1,25,0,239165,241529,2364
patch_queue,25,1,235034,235623,589
embedding,25,1,235623,236803,1180
block0,25,1,236803,239755,2952
block1,25,1,239755,242119,2364
patch_queue,25,2,235624,236213,589
embedding,25,2,236213,237393,1180
block0,25,2,237393,240345,2952
block1,25,2,240345,242709,2364
patch_queue,25,3,236214,236805,591
embedding,25,3,236805,237983,1178
block0,25,3,237983,240935,2952
block1,25,3,240935,243299,2364
patch_queue,25,4,236806,237395,589
embedding,25,4,237395,238573,1178
block0,25,4,238573,241527,2954
block1,25,4,241527,243891,2364
patch_queue,25,5,237396,237985,589
embedding,25,5,237985,239165,1180
block0,25,5,239165,242117,2952
block1,25,5,242117,244481,2364
patch_queue,25,6,237986,238575,589
embedding,25,6,238575,239755,1180
block0,25,6,239755,242707,2952
block1,25,6,242707,245071,2364
patch_queue,25,7,238576,239167,591
embedding,25,7,239167,240345,1178
block0,25,7,240345,243297,2952
block1,25,7,243297,245661,2364
patch_queue,25,8,239168,239757,589
embedding,25,8,239757,240935,1178
block0,25,8,240935,243889,2954
block1,25,8,243889,246253,2364
patch_queue,25,9,239758,240347,589
embedding,25,9,240347,241527,1180
block0,25,9,241527,244479,2952
block1,25,9,244479,246843,2364
patch_queue,25,10,240348,240937,589
embedding,25,10,240937,242117,1180
block0,25,10,242117,245069,2952
block1,25,10,245069,247433,2364
patch_queue,25,11,240938,241529,591
embedding,25,11,241529,242707,1178
block0,25,11,242707,245659,2952
block1,25,11,245659,248023,2364
patch_queue,25,12,241530,242119,589
embedding,25,12,242119,243297,1178
block0,25,12,243297,246251,2954
block1,25,12,246251,248615,2364
patch_queue,25,13,242120,242709,589
embedding,25,13,242709,243889,1180
block0,25,13,243889,246841,2952
block1,25,13,246841,249205,2364
patch_queue,25,14,242710,243299,589
embedding,25,14,243299,244479,1180
block0,25,14,244479,247431,2952
block1,25,14,247431,249795,2364
patch_queue,25,15,243300,243891,591
embedding,25,15,243891,245069,1178
block0,25,15,245069,248021,2952
block1,25,15,248021,250385,2364
head_hidden_first_token,25,0,241529,253678,12149
head_hidden_last_token,25,15,250385,253678,3293
head_output,25,0,253678,254420,742
serializer,25,0,254420,254478,58
patch_queue,26,0,243892,244481,589
embedding,26,0,244481,245659,1178
block0,26,0,245659,248613,2954
block1,26,0,248613,250977,2364
patch_queue,26,1,244482,245071,589
embedding,26,1,245071,246251,1180
block0,26,1,246251,249203,2952
block1,26,1,249203,251567,2364
patch_queue,26,2,245072,245661,589
embedding,26,2,245661,246841,1180
block0,26,2,246841,249793,2952
block1,26,2,249793,252157,2364
patch_queue,26,3,245662,246253,591
embedding,26,3,246253,247431,1178
block0,26,3,247431,250383,2952
block1,26,3,250383,252747,2364
patch_queue,26,4,246254,246843,589
embedding,26,4,246843,248021,1178
block0,26,4,248021,250975,2954
block1,26,4,250975,253339,2364
patch_queue,26,5,246844,247433,589
embedding,26,5,247433,248613,1180
block0,26,5,248613,251565,2952
block1,26,5,251565,253929,2364
patch_queue,26,6,247434,248023,589
embedding,26,6,248023,249203,1180
block0,26,6,249203,252155,2952
block1,26,6,252155,254519,2364
patch_queue,26,7,248024,248615,591
embedding,26,7,248615,249793,1178
block0,26,7,249793,252745,2952
block1,26,7,252745,255109,2364
patch_queue,26,8,248616,249205,589
embedding,26,8,249205,250383,1178
block0,26,8,250383,253337,2954
block1,26,8,253337,255701,2364
patch_queue,26,9,249206,249795,589
embedding,26,9,249795,250975,1180
block0,26,9,250975,253927,2952
block1,26,9,253927,256291,2364
patch_queue,26,10,249796,250385,589
embedding,26,10,250385,251565,1180
block0,26,10,251565,254517,2952
block1,26,10,254517,256881,2364
patch_queue,26,11,250386,250977,591
embedding,26,11,250977,252155,1178
block0,26,11,252155,255107,2952
block1,26,11,255107,257471,2364
patch_queue,26,12,250978,251567,589
embedding,26,12,251567,252745,1178
block0,26,12,252745,255699,2954
block1,26,12,255699,258063,2364
patch_queue,26,13,251568,252157,589
embedding,26,13,252157,253337,1180
block0,26,13,253337,256289,2952
block1,26,13,256289,258653,2364
patch_queue,26,14,252158,252747,589
embedding,26,14,252747,253927,1180
block0,26,14,253927,256879,2952
block1,26,14,256879,259243,2364
patch_queue,26,15,252748,253339,591
embedding,26,15,253339,254517,1178
block0,26,15,254517,257469,2952
block1,26,15,257469,259833,2364
head_hidden_first_token,26,0,250977,263126,12149
head_hidden_last_token,26,15,259833,263126,3293
head_output,26,0,263126,263868,742
serializer,26,0,263868,263926,58
patch_queue,27,0,253340,253929,589
embedding,27,0,253929,255107,1178
block0,27,0,255107,258061,2954
block1,27,0,258061,260425,2364
patch_queue,27,1,253930,254519,589
embedding,27,1,254519,255699,1180
block0,27,1,255699,258651,2952
block1,27,1,258651,261015,2364
patch_queue,27,2,254520,255109,589
embedding,27,2,255109,256289,1180
block0,27,2,256289,259241,2952
block1,27,2,259241,261605,2364
patch_queue,27,3,255110,255701,591
embedding,27,3,255701,256879,1178
block0,27,3,256879,259831,2952
block1,27,3,259831,262195,2364
patch_queue,27,4,255702,256291,589
embedding,27,4,256291,257469,1178
block0,27,4,257469,260423,2954
block1,27,4,260423,262787,2364
patch_queue,27,5,256292,256881,589
embedding,27,5,256881,258061,1180
block0,27,5,258061,261013,2952
block1,27,5,261013,263377,2364
patch_queue,27,6,256882,257471,589
embedding,27,6,257471,258651,1180
block0,27,6,258651,261603,2952
block1,27,6,261603,263967,2364
patch_queue,27,7,257472,258063,591
embedding,27,7,258063,259241,1178
block0,27,7,259241,262193,2952
block1,27,7,262193,264557,2364
patch_queue,27,8,258064,258653,589
embedding,27,8,258653,259831,1178
block0,27,8,259831,262785,2954
block1,27,8,262785,265149,2364
patch_queue,27,9,258654,259243,589
embedding,27,9,259243,260423,1180
block0,27,9,260423,263375,2952
block1,27,9,263375,265739,2364
patch_queue,27,10,259244,259833,589
embedding,27,10,259833,261013,1180
block0,27,10,261013,263965,2952
block1,27,10,263965,266329,2364
patch_queue,27,11,259834,260425,591
embedding,27,11,260425,261603,1178
block0,27,11,261603,264555,2952
block1,27,11,264555,266919,2364
patch_queue,27,12,260426,261015,589
embedding,27,12,261015,262193,1178
block0,27,12,262193,265147,2954
block1,27,12,265147,267511,2364
patch_queue,27,13,261016,261605,589
embedding,27,13,261605,262785,1180
block0,27,13,262785,265737,2952
block1,27,13,265737,268101,2364
patch_queue,27,14,261606,262195,589
embedding,27,14,262195,263375,1180
block0,27,14,263375,266327,2952
block1,27,14,266327,268691,2364
patch_queue,27,15,262196,262787,591
embedding,27,15,262787,263965,1178
block0,27,15,263965,266917,2952
block1,27,15,266917,269281,2364
head_hidden_first_token,27,0,260425,272574,12149
head_hidden_last_token,27,15,269281,272574,3293
head_output,27,0,272574,273316,742
serializer,27,0,273316,273374,58
patch_queue,28,0,262788,263377,589
embedding,28,0,263377,264555,1178
block0,28,0,264555,267509,2954
block1,28,0,267509,269873,2364
patch_queue,28,1,263378,263967,589
embedding,28,1,263967,265147,1180
block0,28,1,265147,268099,2952
block1,28,1,268099,270463,2364
patch_queue,28,2,263968,264557,589
embedding,28,2,264557,265737,1180
block0,28,2,265737,268689,2952
block1,28,2,268689,271053,2364
patch_queue,28,3,264558,265149,591
embedding,28,3,265149,266327,1178
block0,28,3,266327,269279,2952
block1,28,3,269279,271643,2364
patch_queue,28,4,265150,265739,589
embedding,28,4,265739,266917,1178
block0,28,4,266917,269871,2954
block1,28,4,269871,272235,2364
patch_queue,28,5,265740,266329,589
embedding,28,5,266329,267509,1180
block0,28,5,267509,270461,2952
block1,28,5,270461,272825,2364
patch_queue,28,6,266330,266919,589
embedding,28,6,266919,268099,1180
block0,28,6,268099,271051,2952
block1,28,6,271051,273415,2364
patch_queue,28,7,266920,267511,591
embedding,28,7,267511,268689,1178
block0,28,7,268689,271641,2952
block1,28,7,271641,274005,2364
patch_queue,28,8,267512,268101,589
embedding,28,8,268101,269279,1178
block0,28,8,269279,272233,2954
block1,28,8,272233,274597,2364
patch_queue,28,9,268102,268691,589
embedding,28,9,268691,269871,1180
block0,28,9,269871,272823,2952
block1,28,9,272823,275187,2364
patch_queue,28,10,268692,269281,589
embedding,28,10,269281,270461,1180
block0,28,10,270461,273413,2952
block1,28,10,273413,275777,2364
patch_queue,28,11,269282,269873,591
embedding,28,11,269873,271051,1178
block0,28,11,271051,274003,2952
block1,28,11,274003,276367,2364
patch_queue,28,12,269874,270463,589
embedding,28,12,270463,271641,1178
block0,28,12,271641,274595,2954
block1,28,12,274595,276959,2364
patch_queue,28,13,270464,271053,589
embedding,28,13,271053,272233,1180
block0,28,13,272233,275185,2952
block1,28,13,275185,277549,2364
patch_queue,28,14,271054,271643,589
embedding,28,14,271643,272823,1180
block0,28,14,272823,275775,2952
block1,28,14,275775,278139,2364
patch_queue,28,15,271644,272235,591
embedding,28,15,272235,273413,1178
block0,28,15,273413,276365,2952
block1,28,15,276365,278729,2364
head_hidden_first_token,28,0,269873,282022,12149
head_hidden_last_token,28,15,278729,282022,3293
head_output,28,0,282022,282764,742
serializer,28,0,282764,282822,58
patch_queue,29,0,272236,272825,589
embedding,29,0,272825,274003,1178
block0,29,0,274003,276957,2954
block1,29,0,276957,279321,2364
patch_queue,29,1,272826,273415,589
embedding,29,1,273415,274595,1180
block0,29,1,274595,277547,2952
block1,29,1,277547,279911,2364
patch_queue,29,2,273416,274005,589
embedding,29,2,274005,275185,1180
block0,29,2,275185,278137,2952
block1,29,2,278137,280501,2364
patch_queue,29,3,274006,274597,591
embedding,29,3,274597,275775,1178
block0,29,3,275775,278727,2952
block1,29,3,278727,281091,2364
patch_queue,29,4,274598,275187,589
embedding,29,4,275187,276365,1178
block0,29,4,276365,279319,2954
block1,29,4,279319,281683,2364
patch_queue,29,5,275188,275777,589
embedding,29,5,275777,276957,1180
block0,29,5,276957,279909,2952
block1,29,5,279909,282273,2364
patch_queue,29,6,275778,276367,589
embedding,29,6,276367,277547,1180
block0,29,6,277547,280499,2952
block1,29,6,280499,282863,2364
patch_queue,29,7,276368,276959,591
embedding,29,7,276959,278137,1178
block0,29,7,278137,281089,2952
block1,29,7,281089,283453,2364
patch_queue,29,8,276960,277549,589
embedding,29,8,277549,278727,1178
block0,29,8,278727,281681,2954
block1,29,8,281681,284045,2364
patch_queue,29,9,277550,278139,589
embedding,29,9,278139,279319,1180
block0,29,9,279319,282271,2952
block1,29,9,282271,284635,2364
patch_queue,29,10,278140,278729,589
embedding,29,10,278729,279909,1180
block0,29,10,279909,282861,2952
block1,29,10,282861,285225,2364
patch_queue,29,11,278730,279321,591
embedding,29,11,279321,280499,1178
block0,29,11,280499,283451,2952
block1,29,11,283451,285815,2364
patch_queue,29,12,279322,279911,589
embedding,29,12,279911,281089,1178
block0,29,12,281089,284043,2954
block1,29,12,284043,286407,2364
patch_queue,29,13,279912,280501,589
embedding,29,13,280501,281681,1180
block0,29,13,281681,284633,2952
block1,29,13,284633,286997,2364
patch_queue,29,14,280502,281091,589
embedding,29,14,281091,282271,1180
block0,29,14,282271,285223,2952
block1,29,14,285223,287587,2364
patch_queue,29,15,281092,281683,591
embedding,29,15,281683,282861,1178
block0,29,15,282861,285813,2952
block1,29,15,285813,288177,2364
head_hidden_first_token,29,0,279321,291470,12149
head_hidden_last_token,29,15,288177,291470,3293
head_output,29,0,291470,292212,742
serializer,29,0,292212,292270,58
patch_queue,30,0,281684,282273,589
embedding,30,0,282273,283451,1178
block0,30,0,283451,286405,2954
block1,30,0,286405,288769,2364
patch_queue,30,1,282274,282863,589
embedding,30,1,282863,284043,1180
block0,30,1,284043,286995,2952
block1,30,1,286995,289359,2364
patch_queue,30,2,282864,283453,589
embedding,30,2,283453,284633,1180
block0,30,2,284633,287585,2952
block1,30,2,287585,289949,2364
patch_queue,30,3,283454,284045,591
embedding,30,3,284045,285223,1178
block0,30,3,285223,288175,2952
block1,30,3,288175,290539,2364
patch_queue,30,4,284046,284635,589
embedding,30,4,284635,285813,1178
block0,30,4,285813,288767,2954
block1,30,4,288767,291131,2364
patch_queue,30,5,284636,285225,589
embedding,30,5,285225,286405,1180
block0,30,5,286405,289357,2952
block1,30,5,289357,291721,2364
patch_queue,30,6,285226,285815,589
embedding,30,6,285815,286995,1180
block0,30,6,286995,289947,2952
block1,30,6,289947,292311,2364
patch_queue,30,7,285816,286407,591
embedding,30,7,286407,287585,1178
block0,30,7,287585,290537,2952
block1,30,7,290537,292901,2364
patch_queue,30,8,286408,286997,589
embedding,30,8,286997,288175,1178
block0,30,8,288175,291129,2954
block1,30,8,291129,293493,2364
patch_queue,30,9,286998,287587,589
embedding,30,9,287587,288767,1180
block0,30,9,288767,291719,2952
block1,30,9,291719,294083,2364
patch_queue,30,10,287588,288177,589
embedding,30,10,288177,289357,1180
block0,30,10,289357,292309,2952
block1,30,10,292309,294673,2364
patch_queue,30,11,288178,288769,591
embedding,30,11,288769,289947,1178
block0,30,11,289947,292899,2952
block1,30,11,292899,295263,2364
patch_queue,30,12,288770,289359,589
embedding,30,12,289359,290537,1178
block0,30,12,290537,293491,2954
block1,30,12,293491,295855,2364
patch_queue,30,13,289360,289949,589
embedding,30,13,289949,291129,1180
block0,30,13,291129,294081,2952
block1,30,13,294081,296445,2364
patch_queue,30,14,289950,290539,589
embedding,30,14,290539,291719,1180
block0,30,14,291719,294671,2952
block1,30,14,294671,297035,2364
patch_queue,30,15,290540,291131,591
embedding,30,15,291131,292309,1178
block0,30,15,292309,295261,2952
block1,30,15,295261,297625,2364
head_hidden_first_token,30,0,288769,300918,12149
head_hidden_last_token,30,15,297625,300918,3293
head_output,30,0,300918,301660,742
serializer,30,0,301660,301718,58
patch_queue,31,0,291132,291721,589
embedding,31,0,291721,292899,1178
block0,31,0,292899,295853,2954
block1,31,0,295853,298217,2364
patch_queue,31,1,291722,292311,589
embedding,31,1,292311,293491,1180
block0,31,1,293491,296443,2952
block1,31,1,296443,298807,2364
patch_queue,31,2,292312,292901,589
embedding,31,2,292901,294081,1180
block0,31,2,294081,297033,2952
block1,31,2,297033,299397,2364
patch_queue,31,3,292902,293493,591
embedding,31,3,293493,294671,1178
block0,31,3,294671,297623,2952
block1,31,3,297623,299987,2364
patch_queue,31,4,293494,294083,589
embedding,31,4,294083,295261,1178
block0,31,4,295261,298215,2954
block1,31,4,298215,300579,2364
patch_queue,31,5,294084,294673,589
embedding,31,5,294673,295853,1180
block0,31,5,295853,298805,2952
block1,31,5,298805,301169,2364
patch_queue,31,6,294674,295263,589
embedding,31,6,295263,296443,1180
block0,31,6,296443,299395,2952
block1,31,6,299395,301759,2364
patch_queue,31,7,295264,295855,591
embedding,31,7,295855,297033,1178
block0,31,7,297033,299985,2952
block1,31,7,299985,302349,2364
patch_queue,31,8,295856,296445,589
embedding,31,8,296445,297623,1178
block0,31,8,297623,300577,2954
block1,31,8,300577,302941,2364
patch_queue,31,9,296446,297035,589
embedding,31,9,297035,298215,1180
block0,31,9,298215,301167,2952
block1,31,9,301167,303531,2364
patch_queue,31,10,297036,297625,589
embedding,31,10,297625,298805,1180
block0,31,10,298805,301757,2952
block1,31,10,301757,304121,2364
patch_queue,31,11,297626,298217,591
embedding,31,11,298217,299395,1178
block0,31,11,299395,302347,2952
block1,31,11,302347,304711,2364
patch_queue,31,12,298218,298807,589
embedding,31,12,298807,299985,1178
block0,31,12,299985,302939,2954
block1,31,12,302939,305303,2364
patch_queue,31,13,298808,299397,589
embedding,31,13,299397,300577,1180
block0,31,13,300577,303529,2952
block1,31,13,303529,305893,2364
patch_queue,31,14,299398,299987,589
embedding,31,14,299987,301167,1180
block0,31,14,301167,304119,2952
block1,31,14,304119,306483,2364
patch_queue,31,15,299988,300579,591
embedding,31,15,300579,301757,1178
block0,31,15,301757,304709,2952
block1,31,15,304709,307073,2364
head_hidden_first_token,31,0,298217,310366,12149
head_hidden_last_token,31,15,307073,310366,3293
head_output,31,0,310366,311108,742
serializer,31,0,311108,311166,58
patch_queue,32,0,300580,301169,589
embedding,32,0,301169,302347,1178
block0,32,0,302347,305301,2954
block1,32,0,305301,307665,2364
patch_queue,32,1,301170,301759,589
embedding,32,1,301759,302939,1180
block0,32,1,302939,305891,2952
block1,32,1,305891,308255,2364
patch_queue,32,2,301760,302349,589
embedding,32,2,302349,303529,1180
block0,32,2,303529,306481,2952
block1,32,2,306481,308845,2364
patch_queue,32,3,302350,302941,591
embedding,32,3,302941,304119,1178
block0,32,3,304119,307071,2952
block1,32,3,307071,309435,2364
patch_queue,32,4,302942,303531,589
embedding,32,4,303531,304709,1178
block0,32,4,304709,307663,2954
block1,32,4,307663,310027,2364
patch_queue,32,5,303532,304121,589
embedding,32,5,304121,305301,1180
block0,32,5,305301,308253,2952
block1,32,5,308253,310617,2364
patch_queue,32,6,304122,304711,589
embedding,32,6,304711,305891,1180
block0,32,6,305891,308843,2952
block1,32,6,308843,311207,2364
patch_queue,32,7,304712,305303,591
embedding,32,7,305303,306481,1178
block0,32,7,306481,309433,2952
block1,32,7,309433,311797,2364
patch_queue,32,8,305304,305893,589
embedding,32,8,305893,307071,1178
block0,32,8,307071,310025,2954
block1,32,8,310025,312389,2364
patch_queue,32,9,305894,306483,589
embedding,32,9,306483,307663,1180
block0,32,9,307663,310615,2952
block1,32,9,310615,312979,2364
patch_queue,32,10,306484,307073,589
embedding,32,10,307073,308253,1180
block0,32,10,308253,311205,2952
block1,32,10,311205,313569,2364
patch_queue,32,11,307074,307665,591
embedding,32,11,307665,308843,1178
block0,32,11,308843,311795,2952
block1,32,11,311795,314159,2364
patch_queue,32,12,307666,308255,589
embedding,32,12,308255,309433,1178
block0,32,12,309433,312387,2954
block1,32,12,312387,314751,2364
patch_queue,32,13,308256,308845,589
embedding,32,13,308845,310025,1180
block0,32,13,310025,312977,2952
block1,32,13,312977,315341,2364
patch_queue,32,14,308846,309435,589
embedding,32,14,309435,310615,1180
block0,32,14,310615,313567,2952
block1,32,14,313567,315931,2364
patch_queue,32,15,309436,310027,591
embedding,32,15,310027,311205,1178
block0,32,15,311205,314157,2952
block1,32,15,314157,316521,2364
head_hidden_first_token,32,0,307665,319814,12149
head_hidden_last_token,32,15,316521,319814,3293
head_output,32,0,319814,320556,742
serializer,32,0,320556,320614,58
patch_queue,33,0,310028,310617,589
embedding,33,0,310617,311795,1178
block0,33,0,311795,314749,2954
block1,33,0,314749,317113,2364
patch_queue,33,1,310618,311207,589
embedding,33,1,311207,312387,1180
block0,33,1,312387,315339,2952
block1,33,1,315339,317703,2364
patch_queue,33,2,311208,311797,589
embedding,33,2,311797,312977,1180
block0,33,2,312977,315929,2952
block1,33,2,315929,318293,2364
patch_queue,33,3,311798,312389,591
embedding,33,3,312389,313567,1178
block0,33,3,313567,316519,2952
block1,33,3,316519,318883,2364
patch_queue,33,4,312390,312979,589
embedding,33,4,312979,314157,1178
block0,33,4,314157,317111,2954
block1,33,4,317111,319475,2364
patch_queue,33,5,312980,313569,589
embedding,33,5,313569,314749,1180
block0,33,5,314749,317701,2952
block1,33,5,317701,320065,2364
patch_queue,33,6,313570,314159,589
embedding,33,6,314159,315339,1180
block0,33,6,315339,318291,2952
block1,33,6,318291,320655,2364
patch_queue,33,7,314160,314751,591
embedding,33,7,314751,315929,1178
block0,33,7,315929,318881,2952
block1,33,7,318881,321245,2364
patch_queue,33,8,314752,315341,589
embedding,33,8,315341,316519,1178
block0,33,8,316519,319473,2954
block1,33,8,319473,321837,2364
patch_queue,33,9,315342,315931,589
embedding,33,9,315931,317111,1180
block0,33,9,317111,320063,2952
block1,33,9,320063,322427,2364
patch_queue,33,10,315932,316521,589
embedding,33,10,316521,317701,1180
block0,33,10,317701,320653,2952
block1,33,10,320653,323017,2364
patch_queue,33,11,316522,317113,591
embedding,33,11,317113,318291,1178
block0,33,11,318291,321243,2952
block1,33,11,321243,323607,2364
patch_queue,33,12,317114,317703,589
embedding,33,12,317703,318881,1178
block0,33,12,318881,321835,2954
block1,33,12,321835,324199,2364
patch_queue,33,13,317704,318293,589
embedding,33,13,318293,319473,1180
block0,33,13,319473,322425,2952
block1,33,13,322425,324789,2364
patch_queue,33,14,318294,318883,589
embedding,33,14,318883,320063,1180
block0,33,14,320063,323015,2952
block1,33,14,323015,325379,2364
patch_queue,33,15,318884,319475,591
embedding,33,15,319475,320653,1178
block0,33,15,320653,323605,2952
block1,33,15,323605,325969,2364
head_hidden_first_token,33,0,317113,329262,12149
head_hidden_last_token,33,15,325969,329262,3293
head_output,33,0,329262,330004,742
serializer,33,0,330004,330062,58
patch_queue,34,0,319476,320065,589
embedding,34,0,320065,321243,1178
block0,34,0,321243,324197,2954
block1,34,0,324197,326561,2364
patch_queue,34,1,320066,320655,589
embedding,34,1,320655,321835,1180
block0,34,1,321835,324787,2952
block1,34,1,324787,327151,2364
patch_queue,34,2,320656,321245,589
embedding,34,2,321245,322425,1180
block0,34,2,322425,325377,2952
block1,34,2,325377,327741,2364
patch_queue,34,3,321246,321837,591
embedding,34,3,321837,323015,1178
block0,34,3,323015,325967,2952
block1,34,3,325967,328331,2364
patch_queue,34,4,321838,322427,589
embedding,34,4,322427,323605,1178
block0,34,4,323605,326559,2954
block1,34,4,326559,328923,2364
patch_queue,34,5,322428,323017,589
embedding,34,5,323017,324197,1180
block0,34,5,324197,327149,2952
block1,34,5,327149,329513,2364
patch_queue,34,6,323018,323607,589
embedding,34,6,323607,324787,1180
block0,34,6,324787,327739,2952
block1,34,6,327739,330103,2364
patch_queue,34,7,323608,324199,591
embedding,34,7,324199,325377,1178
block0,34,7,325377,328329,2952
block1,34,7,328329,330693,2364
patch_queue,34,8,324200,324789,589
embedding,34,8,324789,325967,1178
block0,34,8,325967,328921,2954
block1,34,8,328921,331285,2364
patch_queue,34,9,324790,325379,589
embedding,34,9,325379,326559,1180
block0,34,9,326559,329511,2952
block1,34,9,329511,331875,2364
patch_queue,34,10,325380,325969,589
embedding,34,10,325969,327149,1180
block0,34,10,327149,330101,2952
block1,34,10,330101,332465,2364
patch_queue,34,11,325970,326561,591
embedding,34,11,326561,327739,1178
block0,34,11,327739,330691,2952
block1,34,11,330691,333055,2364
patch_queue,34,12,326562,327151,589
embedding,34,12,327151,328329,1178
block0,34,12,328329,331283,2954
block1,34,12,331283,333647,2364
patch_queue,34,13,327152,327741,589
embedding,34,13,327741,328921,1180
block0,34,13,328921,331873,2952
block1,34,13,331873,334237,2364
patch_queue,34,14,327742,328331,589
embedding,34,14,328331,329511,1180
block0,34,14,329511,332463,2952
block1,34,14,332463,334827,2364
patch_queue,34,15,328332,328923,591
embedding,34,15,328923,330101,1178
block0,34,15,330101,333053,2952
block1,34,15,333053,335417,2364
head_hidden_first_token,34,0,326561,338710,12149
head_hidden_last_token,34,15,335417,338710,3293
head_output,34,0,338710,339452,742
serializer,34,0,339452,339510,58
patch_queue,35,0,328924,329513,589
embedding,35,0,329513,330691,1178
block0,35,0,330691,333645,2954
block1,35,0,333645,336009,2364
patch_queue,35,1,329514,330103,589
embedding,35,1,330103,331283,1180
block0,35,1,331283,334235,2952
block1,35,1,334235,336599,2364
patch_queue,35,2,330104,330693,589
embedding,35,2,330693,331873,1180
block0,35,2,331873,334825,2952
block1,35,2,334825,337189,2364
patch_queue,35,3,330694,331285,591
embedding,35,3,331285,332463,1178
block0,35,3,332463,335415,2952
block1,35,3,335415,337779,2364
patch_queue,35,4,331286,331875,589
embedding,35,4,331875,333053,1178
block0,35,4,333053,336007,2954
block1,35,4,336007,338371,2364
patch_queue,35,5,331876,332465,589
embedding,35,5,332465,333645,1180
block0,35,5,333645,336597,2952
block1,35,5,336597,338961,2364
patch_queue,35,6,332466,333055,589
embedding,35,6,333055,334235,1180
block0,35,6,334235,337187,2952
block1,35,6,337187,339551,2364
patch_queue,35,7,333056,333647,591
embedding,35,7,333647,334825,1178
block0,35,7,334825,337777,2952
block1,35,7,337777,340141,2364
patch_queue,35,8,333648,334237,589
embedding,35,8,334237,335415,1178
block0,35,8,335415,338369,2954
block1,35,8,338369,340733,2364
patch_queue,35,9,334238,334827,589
embedding,35,9,334827,336007,1180
block0,35,9,336007,338959,2952
block1,35,9,338959,341323,2364
patch_queue,35,10,334828,335417,589
embedding,35,10,335417,336597,1180
block0,35,10,336597,339549,2952
block1,35,10,339549,341913,2364
patch_queue,35,11,335418,336009,591
embedding,35,11,336009,337187,1178
block0,35,11,337187,340139,2952
block1,35,11,340139,342503,2364
patch_queue,35,12,336010,336599,589
embedding,35,12,336599,337777,1178
block0,35,12,337777,340731,2954
block1,35,12,340731,343095,2364
patch_queue,35,13,336600,337189,589
embedding,35,13,337189,338369,1180
block0,35,13,338369,341321,2952
block1,35,13,341321,343685,2364
patch_queue,35,14,337190,337779,589
embedding,35,14,337779,338959,1180
block0,35,14,338959,341911,2952
block1,35,14,341911,344275,2364
patch_queue,35,15,337780,338371,591
embedding,35,15,338371,339549,1178
block0,35,15,339549,342501,2952
block1,35,15,342501,344865,2364
head_hidden_first_token,35,0,336009,348158,12149
head_hidden_last_token,35,15,344865,348158,3293
head_output,35,0,348158,348900,742
serializer,35,0,348900,348958,58
patch_queue,36,0,338372,338961,589
embedding,36,0,338961,340139,1178
block0,36,0,340139,343093,2954
block1,36,0,343093,345457,2364
patch_queue,36,1,338962,339551,589
embedding,36,1,339551,340731,1180
block0,36,1,340731,343683,2952
block1,36,1,343683,346047,2364
patch_queue,36,2,339552,340141,589
embedding,36,2,340141,341321,1180
block0,36,2,341321,344273,2952
block1,36,2,344273,346637,2364
patch_queue,36,3,340142,340733,591
embedding,36,3,340733,341911,1178
block0,36,3,341911,344863,2952
block1,36,3,344863,347227,2364
patch_queue,36,4,340734,341323,589
embedding,36,4,341323,342501,1178
block0,36,4,342501,345455,2954
block1,36,4,345455,347819,2364
patch_queue,36,5,341324,341913,589
embedding,36,5,341913,343093,1180
block0,36,5,343093,346045,2952
block1,36,5,346045,348409,2364
patch_queue,36,6,341914,342503,589
embedding,36,6,342503,343683,1180
block0,36,6,343683,346635,2952
block1,36,6,346635,348999,2364
patch_queue,36,7,342504,343095,591
embedding,36,7,343095,344273,1178
block0,36,7,344273,347225,2952
block1,36,7,347225,349589,2364
patch_queue,36,8,343096,343685,589
embedding,36,8,343685,344863,1178
block0,36,8,344863,347817,2954
block1,36,8,347817,350181,2364
patch_queue,36,9,343686,344275,589
embedding,36,9,344275,345455,1180
block0,36,9,345455,348407,2952
block1,36,9,348407,350771,2364
patch_queue,36,10,344276,344865,589
embedding,36,10,344865,346045,1180
block0,36,10,346045,348997,2952
block1,36,10,348997,351361,2364
patch_queue,36,11,344866,345457,591
embedding,36,11,345457,346635,1178
block0,36,11,346635,349587,2952
block1,36,11,349587,351951,2364
patch_queue,36,12,345458,346047,589
embedding,36,12,346047,347225,1178
block0,36,12,347225,350179,2954
block1,36,12,350179,352543,2364
patch_queue,36,13,346048,346637,589
embedding,36,13,346637,347817,1180
block0,36,13,347817,350769,2952
block1,36,13,350769,353133,2364
patch_queue,36,14,346638,347227,589
embedding,36,14,347227,348407,1180
block0,36,14,348407,351359,2952
block1,36,14,351359,353723,2364
patch_queue,36,15,347228,347819,591
embedding,36,15,347819,348997,1178
block0,36,15,348997,351949,2952
block1,36,15,351949,354313,2364
head_hidden_first_token,36,0,345457,357606,12149
head_hidden_last_token,36,15,354313,357606,3293
head_output,36,0,357606,358348,742
serializer,36,0,358348,358406,58
patch_queue,37,0,347820,348409,589
embedding,37,0,348409,349587,1178
block0,37,0,349587,352541,2954
block1,37,0,352541,354905,2364
patch_queue,37,1,348410,348999,589
embedding,37,1,348999,350179,1180
block0,37,1,350179,353131,2952
block1,37,1,353131,355495,2364
patch_queue,37,2,349000,349589,589
embedding,37,2,349589,350769,1180
block0,37,2,350769,353721,2952
block1,37,2,353721,356085,2364
patch_queue,37,3,349590,350181,591
embedding,37,3,350181,351359,1178
block0,37,3,351359,354311,2952
block1,37,3,354311,356675,2364
patch_queue,37,4,350182,350771,589
embedding,37,4,350771,351949,1178
block0,37,4,351949,354903,2954
block1,37,4,354903,357267,2364
patch_queue,37,5,350772,351361,589
embedding,37,5,351361,352541,1180
block0,37,5,352541,355493,2952
block1,37,5,355493,357857,2364
patch_queue,37,6,351362,351951,589
embedding,37,6,351951,353131,1180
block0,37,6,353131,356083,2952
block1,37,6,356083,358447,2364
patch_queue,37,7,351952,352543,591
embedding,37,7,352543,353721,1178
block0,37,7,353721,356673,2952
block1,37,7,356673,359037,2364
patch_queue,37,8,352544,353133,589
embedding,37,8,353133,354311,1178
block0,37,8,354311,357265,2954
block1,37,8,357265,359629,2364
patch_queue,37,9,353134,353723,589
embedding,37,9,353723,354903,1180
block0,37,9,354903,357855,2952
block1,37,9,357855,360219,2364
patch_queue,37,10,353724,354313,589
embedding,37,10,354313,355493,1180
block0,37,10,355493,358445,2952
block1,37,10,358445,360809,2364
patch_queue,37,11,354314,354905,591
embedding,37,11,354905,356083,1178
block0,37,11,356083,359035,2952
block1,37,11,359035,361399,2364
patch_queue,37,12,354906,355495,589
embedding,37,12,355495,356673,1178
block0,37,12,356673,359627,2954
block1,37,12,359627,361991,2364
patch_queue,37,13,355496,356085,589
embedding,37,13,356085,357265,1180
block0,37,13,357265,360217,2952
block1,37,13,360217,362581,2364
patch_queue,37,14,356086,356675,589
embedding,37,14,356675,357855,1180
block0,37,14,357855,360807,2952
block1,37,14,360807,363171,2364
patch_queue,37,15,356676,357267,591
embedding,37,15,357267,358445,1178
block0,37,15,358445,361397,2952
block1,37,15,361397,363761,2364
head_hidden_first_token,37,0,354905,367054,12149
head_hidden_last_token,37,15,363761,367054,3293
head_output,37,0,367054,367796,742
serializer,37,0,367796,367854,58
patch_queue,38,0,357268,357857,589
embedding,38,0,357857,359035,1178
block0,38,0,359035,361989,2954
block1,38,0,361989,364353,2364
patch_queue,38,1,357858,358447,589
embedding,38,1,358447,359627,1180
block0,38,1,359627,362579,2952
block1,38,1,362579,364943,2364
patch_queue,38,2,358448,359037,589
embedding,38,2,359037,360217,1180
block0,38,2,360217,363169,2952
block1,38,2,363169,365533,2364
patch_queue,38,3,359038,359629,591
embedding,38,3,359629,360807,1178
block0,38,3,360807,363759,2952
block1,38,3,363759,366123,2364
patch_queue,38,4,359630,360219,589
embedding,38,4,360219,361397,1178
block0,38,4,361397,364351,2954
block1,38,4,364351,366715,2364
patch_queue,38,5,360220,360809,589
embedding,38,5,360809,361989,1180
block0,38,5,361989,364941,2952
block1,38,5,364941,367305,2364
patch_queue,38,6,360810,361399,589
embedding,38,6,361399,362579,1180
block0,38,6,362579,365531,2952
block1,38,6,365531,367895,2364
patch_queue,38,7,361400,361991,591
embedding,38,7,361991,363169,1178
block0,38,7,363169,366121,2952
block1,38,7,366121,368485,2364
patch_queue,38,8,361992,362581,589
embedding,38,8,362581,363759,1178
block0,38,8,363759,366713,2954
block1,38,8,366713,369077,2364
patch_queue,38,9,362582,363171,589
embedding,38,9,363171,364351,1180
block0,38,9,364351,367303,2952
block1,38,9,367303,369667,2364
patch_queue,38,10,363172,363761,589
embedding,38,10,363761,364941,1180
block0,38,10,364941,367893,2952
block1,38,10,367893,370257,2364
patch_queue,38,11,363762,364353,591
embedding,38,11,364353,365531,1178
block0,38,11,365531,368483,2952
block1,38,11,368483,370847,2364
patch_queue,38,12,364354,364943,589
embedding,38,12,364943,366121,1178
block0,38,12,366121,369075,2954
block1,38,12,369075,371439,2364
patch_queue,38,13,364944,365533,589
embedding,38,13,365533,366713,1180
block0,38,13,366713,369665,2952
block1,38,13,369665,372029,2364
patch_queue,38,14,365534,366123,589
embedding,38,14,366123,367303,1180
block0,38,14,367303,370255,2952
block1,38,14,370255,372619,2364
patch_queue,38,15,366124,366715,591
embedding,38,15,366715,367893,1178
block0,38,15,367893,370845,2952
block1,38,15,370845,373209,2364
head_hidden_first_token,38,0,364353,376502,12149
head_hidden_last_token,38,15,373209,376502,3293
head_output,38,0,376502,377244,742
serializer,38,0,377244,377302,58
patch_queue,39,0,366716,367305,589
embedding,39,0,367305,368483,1178
block0,39,0,368483,371437,2954
block1,39,0,371437,373801,2364
patch_queue,39,1,367306,367895,589
embedding,39,1,367895,369075,1180
block0,39,1,369075,372027,2952
block1,39,1,372027,374391,2364
patch_queue,39,2,367896,368485,589
embedding,39,2,368485,369665,1180
block0,39,2,369665,372617,2952
block1,39,2,372617,374981,2364
patch_queue,39,3,368486,369077,591
embedding,39,3,369077,370255,1178
block0,39,3,370255,373207,2952
block1,39,3,373207,375571,2364
patch_queue,39,4,369078,369667,589
embedding,39,4,369667,370845,1178
block0,39,4,370845,373799,2954
block1,39,4,373799,376163,2364
patch_queue,39,5,369668,370257,589
embedding,39,5,370257,371437,1180
block0,39,5,371437,374389,2952
block1,39,5,374389,376753,2364
patch_queue,39,6,370258,370847,589
embedding,39,6,370847,372027,1180
block0,39,6,372027,374979,2952
block1,39,6,374979,377343,2364
patch_queue,39,7,370848,371439,591
embedding,39,7,371439,372617,1178
block0,39,7,372617,375569,2952
block1,39,7,375569,377933,2364
patch_queue,39,8,371440,372029,589
embedding,39,8,372029,373207,1178
block0,39,8,373207,376161,2954
block1,39,8,376161,378525,2364
patch_queue,39,9,372030,372619,589
embedding,39,9,372619,373799,1180
block0,39,9,373799,376751,2952
block1,39,9,376751,379115,2364
patch_queue,39,10,372620,373209,589
embedding,39,10,373209,374389,1180
block0,39,10,374389,377341,2952
block1,39,10,377341,379705,2364
patch_queue,39,11,373210,373801,591
embedding,39,11,373801,374979,1178
block0,39,11,374979,377931,2952
block1,39,11,377931,380295,2364
patch_queue,39,12,373802,374391,589
embedding,39,12,374391,375569,1178
block0,39,12,375569,378523,2954
block1,39,12,378523,380887,2364
patch_queue,39,13,374392,374981,589
embedding,39,13,374981,376161,1180
block0,39,13,376161,379113,2952
block1,39,13,379113,381477,2364
patch_queue,39,14,374982,375571,589
embedding,39,14,375571,376751,1180
block0,39,14,376751,379703,2952
block1,39,14,379703,382067,2364
patch_queue,39,15,375572,376163,591
embedding,39,15,376163,377341,1178
block0,39,15,377341,380293,2952
block1,39,15,380293,382657,2364
head_hidden_first_token,39,0,373801,385950,12149
head_hidden_last_token,39,15,382657,385950,3293
head_output,39,0,385950,386692,742
serializer,39,0,386692,386750,58
patch_queue,40,0,376164,376753,589
embedding,40,0,376753,377931,1178
block0,40,0,377931,380885,2954
block1,40,0,380885,383249,2364
patch_queue,40,1,376754,377343,589
embedding,40,1,377343,378523,1180
block0,40,1,378523,381475,2952
block1,40,1,381475,383839,2364
patch_queue,40,2,377344,377933,589
embedding,40,2,377933,379113,1180
block0,40,2,379113,382065,2952
block1,40,2,382065,384429,2364
patch_queue,40,3,377934,378525,591
embedding,40,3,378525,379703,1178
block0,40,3,379703,382655,2952
block1,40,3,382655,385019,2364
patch_queue,40,4,378526,379115,589
embedding,40,4,379115,380293,1178
block0,40,4,380293,383247,2954
block1,40,4,383247,385611,2364
patch_queue,40,5,379116,379705,589
embedding,40,5,379705,380885,1180
block0,40,5,380885,383837,2952
block1,40,5,383837,386201,2364
patch_queue,40,6,379706,380295,589
embedding,40,6,380295,381475,1180
block0,40,6,381475,384427,2952
block1,40,6,384427,386791,2364
patch_queue,40,7,380296,380887,591
embedding,40,7,380887,382065,1178
block0,40,7,382065,385017,2952
block1,40,7,385017,387381,2364
patch_queue,40,8,380888,381477,589
embedding,40,8,381477,382655,1178
block0,40,8,382655,385609,2954
block1,40,8,385609,387973,2364
patch_queue,40,9,381478,382067,589
embedding,40,9,382067,383247,1180
block0,40,9,383247,386199,2952
block1,40,9,386199,388563,2364
patch_queue,40,10,382068,382657,589
embedding,40,10,382657,383837,1180
block0,40,10,383837,386789,2952
block1,40,10,386789,389153,2364
patch_queue,40,11,382658,383249,591
embedding,40,11,383249,384427,1178
block0,40,11,384427,387379,2952
block1,40,11,387379,389743,2364
patch_queue,40,12,383250,383839,589
embedding,40,12,383839,385017,1178
block0,40,12,385017,387971,2954
block1,40,12,387971,390335,2364
patch_queue,40,13,383840,384429,589
embedding,40,13,384429,385609,1180
block0,40,13,385609,388561,2952
block1,40,13,388561,390925,2364
patch_queue,40,14,384430,385019,589
embedding,40,14,385019,386199,1180
block0,40,14,386199,389151,2952
block1,40,14,389151,391515,2364
patch_queue,40,15,385020,385611,591
embedding,40,15,385611,386789,1178
block0,40,15,386789,389741,2952
block1,40,15,389741,392105,2364
head_hidden_first_token,40,0,383249,395398,12149
head_hidden_last_token,40,15,392105,395398,3293
head_output,40,0,395398,396140,742
serializer,40,0,396140,396198,58
patch_queue,41,0,385612,386201,589
embedding,41,0,386201,387379,1178
block0,41,0,387379,390333,2954
block1,41,0,390333,392697,2364
patch_queue,41,1,386202,386791,589
embedding,41,1,386791,387971,1180
block0,41,1,387971,390923,2952
block1,41,1,390923,393287,2364
patch_queue,41,2,386792,387381,589
embedding,41,2,387381,388561,1180
block0,41,2,388561,391513,2952
block1,41,2,391513,393877,2364
patch_queue,41,3,387382,387973,591
embedding,41,3,387973,389151,1178
block0,41,3,389151,392103,2952
block1,41,3,392103,394467,2364
patch_queue,41,4,387974,388563,589
embedding,41,4,388563,389741,1178
block0,41,4,389741,392695,2954
block1,41,4,392695,395059,2364
patch_queue,41,5,388564,389153,589
embedding,41,5,389153,390333,1180
block0,41,5,390333,393285,2952
block1,41,5,393285,395649,2364
patch_queue,41,6,389154,389743,589
embedding,41,6,389743,390923,1180
block0,41,6,390923,393875,2952
block1,41,6,393875,396239,2364
patch_queue,41,7,389744,390335,591
embedding,41,7,390335,391513,1178
block0,41,7,391513,394465,2952
block1,41,7,394465,396829,2364
patch_queue,41,8,390336,390925,589
embedding,41,8,390925,392103,1178
block0,41,8,392103,395057,2954
block1,41,8,395057,397421,2364
patch_queue,41,9,390926,391515,589
embedding,41,9,391515,392695,1180
block0,41,9,392695,395647,2952
block1,41,9,395647,398011,2364
patch_queue,41,10,391516,392105,589
embedding,41,10,392105,393285,1180
block0,41,10,393285,396237,2952
block1,41,10,396237,398601,2364
patch_queue,41,11,392106,392697,591
embedding,41,11,392697,393875,1178
block0,41,11,393875,396827,2952
block1,41,11,396827,399191,2364
patch_queue,41,12,392698,393287,589
embedding,41,12,393287,394465,1178
block0,41,12,394465,397419,2954
block1,41,12,397419,399783,2364
patch_queue,41,13,393288,393877,589
embedding,41,13,393877,395057,1180
block0,41,13,395057,398009,2952
block1,41,13,398009,400373,2364
patch_queue,41,14,393878,394467,589
embedding,41,14,394467,395647,1180
block0,41,14,395647,398599,2952
block1,41,14,398599,400963,2364
patch_queue,41,15,394468,395059,591
embedding,41,15,395059,396237,1178
block0,41,15,396237,399189,2952
block1,41,15,399189,401553,2364
head_hidden_first_token,41,0,392697,404846,12149
head_hidden_last_token,41,15,401553,404846,3293
head_output,41,0,404846,405588,742
serializer,41,0,405588,405646,58
patch_queue,42,0,395060,395649,589
embedding,42,0,395649,396827,1178
block0,42,0,396827,399781,2954
block1,42,0,399781,402145,2364
patch_queue,42,1,395650,396239,589
embedding,42,1,396239,397419,1180
block0,42,1,397419,400371,2952
block1,42,1,400371,402735,2364
patch_queue,42,2,396240,396829,589
embedding,42,2,396829,398009,1180
block0,42,2,398009,400961,2952
block1,42,2,400961,403325,2364
patch_queue,42,3,396830,397421,591
embedding,42,3,397421,398599,1178
block0,42,3,398599,401551,2952
block1,42,3,401551,403915,2364
patch_queue,42,4,397422,398011,589
embedding,42,4,398011,399189,1178
block0,42,4,399189,402143,2954
block1,42,4,402143,404507,2364
patch_queue,42,5,398012,398601,589
embedding,42,5,398601,399781,1180
block0,42,5,399781,402733,2952
block1,42,5,402733,405097,2364
patch_queue,42,6,398602,399191,589
embedding,42,6,399191,400371,1180
block0,42,6,400371,403323,2952
block1,42,6,403323,405687,2364
patch_queue,42,7,399192,399783,591
embedding,42,7,399783,400961,1178
block0,42,7,400961,403913,2952
block1,42,7,403913,406277,2364
patch_queue,42,8,399784,400373,589
embedding,42,8,400373,401551,1178
block0,42,8,401551,404505,2954
block1,42,8,404505,406869,2364
patch_queue,42,9,400374,400963,589
embedding,42,9,400963,402143,1180
block0,42,9,402143,405095,2952
block1,42,9,405095,407459,2364
patch_queue,42,10,400964,401553,589
embedding,42,10,401553,402733,1180
block0,42,10,402733,405685,2952
block1,42,10,405685,408049,2364
patch_queue,42,11,401554,402145,591
embedding,42,11,402145,403323,1178
block0,42,11,403323,406275,2952
block1,42,11,406275,408639,2364
patch_queue,42,12,402146,402735,589
embedding,42,12,402735,403913,1178
block0,42,12,403913,406867,2954
block1,42,12,406867,409231,2364
patch_queue,42,13,402736,403325,589
embedding,42,13,403325,404505,1180
block0,42,13,404505,407457,2952
block1,42,13,407457,409821,2364
patch_queue,42,14,403326,403915,589
embedding,42,14,403915,405095,1180
block0,42,14,405095,408047,2952
block1,42,14,408047,410411,2364
patch_queue,42,15,403916,404507,591
embedding,42,15,404507,405685,1178
block0,42,15,405685,408637,2952
block1,42,15,408637,411001,2364
head_hidden_first_token,42,0,402145,414294,12149
head_hidden_last_token,42,15,411001,414294,3293
head_output,42,0,414294,415036,742
serializer,42,0,415036,415094,58
patch_queue,43,0,404508,405097,589
embedding,43,0,405097,406275,1178
block0,43,0,406275,409229,2954
block1,43,0,409229,411593,2364
patch_queue,43,1,405098,405687,589
embedding,43,1,405687,406867,1180
block0,43,1,406867,409819,2952
block1,43,1,409819,412183,2364
patch_queue,43,2,405688,406277,589
embedding,43,2,406277,407457,1180
block0,43,2,407457,410409,2952
block1,43,2,410409,412773,2364
patch_queue,43,3,406278,406869,591
embedding,43,3,406869,408047,1178
block0,43,3,408047,410999,2952
block1,43,3,410999,413363,2364
patch_queue,43,4,406870,407459,589
embedding,43,4,407459,408637,1178
block0,43,4,408637,411591,2954
block1,43,4,411591,413955,2364
patch_queue,43,5,407460,408049,589
embedding,43,5,408049,409229,1180
block0,43,5,409229,412181,2952
block1,43,5,412181,414545,2364
patch_queue,43,6,408050,408639,589
embedding,43,6,408639,409819,1180
block0,43,6,409819,412771,2952
block1,43,6,412771,415135,2364
patch_queue,43,7,408640,409231,591
embedding,43,7,409231,410409,1178
block0,43,7,410409,413361,2952
block1,43,7,413361,415725,2364
patch_queue,43,8,409232,409821,589
embedding,43,8,409821,410999,1178
block0,43,8,410999,413953,2954
block1,43,8,413953,416317,2364
patch_queue,43,9,409822,410411,589
embedding,43,9,410411,411591,1180
block0,43,9,411591,414543,2952
block1,43,9,414543,416907,2364
patch_queue,43,10,410412,411001,589
embedding,43,10,411001,412181,1180
block0,43,10,412181,415133,2952
block1,43,10,415133,417497,2364
patch_queue,43,11,411002,411593,591
embedding,43,11,411593,412771,1178
block0,43,11,412771,415723,2952
block1,43,11,415723,418087,2364
patch_queue,43,12,411594,412183,589
embedding,43,12,412183,413361,1178
block0,43,12,413361,416315,2954
block1,43,12,416315,418679,2364
patch_queue,43,13,412184,412773,589
embedding,43,13,412773,413953,1180
block0,43,13,413953,416905,2952
block1,43,13,416905,419269,2364
patch_queue,43,14,412774,413363,589
embedding,43,14,413363,414543,1180
block0,43,14,414543,417495,2952
block1,43,14,417495,419859,2364
patch_queue,43,15,413364,413955,591
embedding,43,15,413955,415133,1178
block0,43,15,415133,418085,2952
block1,43,15,418085,420449,2364
head_hidden_first_token,43,0,411593,423742,12149
head_hidden_last_token,43,15,420449,423742,3293
head_output,43,0,423742,424484,742
serializer,43,0,424484,424542,58
patch_queue,44,0,413956,414545,589
embedding,44,0,414545,415723,1178
block0,44,0,415723,418677,2954
block1,44,0,418677,421041,2364
patch_queue,44,1,414546,415135,589
embedding,44,1,415135,416315,1180
block0,44,1,416315,419267,2952
block1,44,1,419267,421631,2364
patch_queue,44,2,415136,415725,589
embedding,44,2,415725,416905,1180
block0,44,2,416905,419857,2952
block1,44,2,419857,422221,2364
patch_queue,44,3,415726,416317,591
embedding,44,3,416317,417495,1178
block0,44,3,417495,420447,2952
block1,44,3,420447,422811,2364
patch_queue,44,4,416318,416907,589
embedding,44,4,416907,418085,1178
block0,44,4,418085,421039,2954
block1,44,4,421039,423403,2364
patch_queue,44,5,416908,417497,589
embedding,44,5,417497,418677,1180
block0,44,5,418677,421629,2952
block1,44,5,421629,423993,2364
patch_queue,44,6,417498,418087,589
embedding,44,6,418087,419267,1180
block0,44,6,419267,422219,2952
block1,44,6,422219,424583,2364
patch_queue,44,7,418088,418679,591
embedding,44,7,418679,419857,1178
block0,44,7,419857,422809,2952
block1,44,7,422809,425173,2364
patch_queue,44,8,418680,419269,589
embedding,44,8,419269,420447,1178
block0,44,8,420447,423401,2954
block1,44,8,423401,425765,2364
patch_queue,44,9,419270,419859,589
embedding,44,9,419859,421039,1180
block0,44,9,421039,423991,2952
block1,44,9,423991,426355,2364
patch_queue,44,10,419860,420449,589
embedding,44,10,420449,421629,1180
block0,44,10,421629,424581,2952
block1,44,10,424581,426945,2364
patch_queue,44,11,420450,421041,591
embedding,44,11,421041,422219,1178
block0,44,11,422219,425171,2952
block1,44,11,425171,427535,2364
patch_queue,44,12,421042,421631,589
embedding,44,12,421631,422809,1178
block0,44,12,422809,425763,2954
block1,44,12,425763,428127,2364
patch_queue,44,13,421632,422221,589
embedding,44,13,422221,423401,1180
block0,44,13,423401,426353,2952
block1,44,13,426353,428717,2364
patch_queue,44,14,422222,422811,589
embedding,44,14,422811,423991,1180
block0,44,14,423991,426943,2952
block1,44,14,426943,429307,2364
patch_queue,44,15,422812,423403,591
embedding,44,15,423403,424581,1178
block0,44,15,424581,427533,2952
block1,44,15,427533,429897,2364
head_hidden_first_token,44,0,421041,433190,12149
head_hidden_last_token,44,15,429897,433190,3293
head_output,44,0,433190,433932,742
serializer,44,0,433932,433990,58
patch_queue,45,0,423404,423993,589
embedding,45,0,423993,425171,1178
block0,45,0,425171,428125,2954
block1,45,0,428125,430489,2364
patch_queue,45,1,423994,424583,589
embedding,45,1,424583,425763,1180
block0,45,1,425763,428715,2952
block1,45,1,428715,431079,2364
patch_queue,45,2,424584,425173,589
embedding,45,2,425173,426353,1180
block0,45,2,426353,429305,2952
block1,45,2,429305,431669,2364
patch_queue,45,3,425174,425765,591
embedding,45,3,425765,426943,1178
block0,45,3,426943,429895,2952
block1,45,3,429895,432259,2364
patch_queue,45,4,425766,426355,589
embedding,45,4,426355,427533,1178
block0,45,4,427533,430487,2954
block1,45,4,430487,432851,2364
patch_queue,45,5,426356,426945,589
embedding,45,5,426945,428125,1180
block0,45,5,428125,431077,2952
block1,45,5,431077,433441,2364
patch_queue,45,6,426946,427535,589
embedding,45,6,427535,428715,1180
block0,45,6,428715,431667,2952
block1,45,6,431667,434031,2364
patch_queue,45,7,427536,428127,591
embedding,45,7,428127,429305,1178
block0,45,7,429305,432257,2952
block1,45,7,432257,434621,2364
patch_queue,45,8,428128,428717,589
embedding,45,8,428717,429895,1178
block0,45,8,429895,432849,2954
block1,45,8,432849,435213,2364
patch_queue,45,9,428718,429307,589
embedding,45,9,429307,430487,1180
block0,45,9,430487,433439,2952
block1,45,9,433439,435803,2364
patch_queue,45,10,429308,429897,589
embedding,45,10,429897,431077,1180
block0,45,10,431077,434029,2952
block1,45,10,434029,436393,2364
patch_queue,45,11,429898,430489,591
embedding,45,11,430489,431667,1178
block0,45,11,431667,434619,2952
block1,45,11,434619,436983,2364
patch_queue,45,12,430490,431079,589
embedding,45,12,431079,432257,1178
block0,45,12,432257,435211,2954
block1,45,12,435211,437575,2364
patch_queue,45,13,431080,431669,589
embedding,45,13,431669,432849,1180
block0,45,13,432849,435801,2952
block1,45,13,435801,438165,2364
patch_queue,45,14,431670,432259,589
embedding,45,14,432259,433439,1180
block0,45,14,433439,436391,2952
block1,45,14,436391,438755,2364
patch_queue,45,15,432260,432851,591
embedding,45,15,432851,434029,1178
block0,45,15,434029,436981,2952
block1,45,15,436981,439345,2364
head_hidden_first_token,45,0,430489,442638,12149
head_hidden_last_token,45,15,439345,442638,3293
head_output,45,0,442638,443380,742
serializer,45,0,443380,443438,58
patch_queue,46,0,432852,433441,589
embedding,46,0,433441,434619,1178
block0,46,0,434619,437573,2954
block1,46,0,437573,439937,2364
patch_queue,46,1,433442,434031,589
embedding,46,1,434031,435211,1180
block0,46,1,435211,438163,2952
block1,46,1,438163,440527,2364
patch_queue,46,2,434032,434621,589
embedding,46,2,434621,435801,1180
block0,46,2,435801,438753,2952
block1,46,2,438753,441117,2364
patch_queue,46,3,434622,435213,591
embedding,46,3,435213,436391,1178
block0,46,3,436391,439343,2952
block1,46,3,439343,441707,2364
patch_queue,46,4,435214,435803,589
embedding,46,4,435803,436981,1178
block0,46,4,436981,439935,2954
block1,46,4,439935,442299,2364
patch_queue,46,5,435804,436393,589
embedding,46,5,436393,437573,1180
block0,46,5,437573,440525,2952
block1,46,5,440525,442889,2364
patch_queue,46,6,436394,436983,589
embedding,46,6,436983,438163,1180
block0,46,6,438163,441115,2952
block1,46,6,441115,443479,2364
patch_queue,46,7,436984,437575,591
embedding,46,7,437575,438753,1178
block0,46,7,438753,441705,2952
block1,46,7,441705,444069,2364
patch_queue,46,8,437576,438165,589
embedding,46,8,438165,439343,1178
block0,46,8,439343,442297,2954
block1,46,8,442297,444661,2364
patch_queue,46,9,438166,438755,589
embedding,46,9,438755,439935,1180
block0,46,9,439935,442887,2952
block1,46,9,442887,445251,2364
patch_queue,46,10,438756,439345,589
embedding,46,10,439345,440525,1180
block0,46,10,440525,443477,2952
block1,46,10,443477,445841,2364
patch_queue,46,11,439346,439937,591
embedding,46,11,439937,441115,1178
block0,46,11,441115,444067,2952
block1,46,11,444067,446431,2364
patch_queue,46,12,439938,440527,589
embedding,46,12,440527,441705,1178
block0,46,12,441705,444659,2954
block1,46,12,444659,447023,2364
patch_queue,46,13,440528,441117,589
embedding,46,13,441117,442297,1180
block0,46,13,442297,445249,2952
block1,46,13,445249,447613,2364
patch_queue,46,14,441118,441707,589
embedding,46,14,441707,442887,1180
block0,46,14,442887,445839,2952
block1,46,14,445839,448203,2364
patch_queue,46,15,441708,442299,591
embedding,46,15,442299,443477,1178
block0,46,15,443477,446429,2952
block1,46,15,446429,448793,2364
head_hidden_first_token,46,0,439937,452086,12149
head_hidden_last_token,46,15,448793,452086,3293
head_output,46,0,452086,452828,742
serializer,46,0,452828,452886,58
patch_queue,47,0,442300,442889,589
embedding,47,0,442889,444067,1178
block0,47,0,444067,447021,2954
block1,47,0,447021,449385,2364
patch_queue,47,1,442890,443479,589
embedding,47,1,443479,444659,1180
block0,47,1,444659,447611,2952
block1,47,1,447611,449975,2364
patch_queue,47,2,443480,444069,589
embedding,47,2,444069,445249,1180
block0,47,2,445249,448201,2952
block1,47,2,448201,450565,2364
patch_queue,47,3,444070,444661,591
embedding,47,3,444661,445839,1178
block0,47,3,445839,448791,2952
block1,47,3,448791,451155,2364
patch_queue,47,4,444662,445251,589
embedding,47,4,445251,446429,1178
block0,47,4,446429,449383,2954
block1,47,4,449383,451747,2364
patch_queue,47,5,445252,445841,589
embedding,47,5,445841,447021,1180
block0,47,5,447021,449973,2952
block1,47,5,449973,452337,2364
patch_queue,47,6,445842,446431,589
embedding,47,6,446431,447611,1180
block0,47,6,447611,450563,2952
block1,47,6,450563,452927,2364
patch_queue,47,7,446432,447023,591
embedding,47,7,447023,448201,1178
block0,47,7,448201,451153,2952
block1,47,7,451153,453517,2364
patch_queue,47,8,447024,447613,589
embedding,47,8,447613,448791,1178
block0,47,8,448791,451745,2954
block1,47,8,451745,454109,2364
patch_queue,47,9,447614,448203,589
embedding,47,9,448203,449383,1180
block0,47,9,449383,452335,2952
block1,47,9,452335,454699,2364
patch_queue,47,10,448204,448793,589
embedding,47,10,448793,449973,1180
block0,47,10,449973,452925,2952
block1,47,10,452925,455289,2364
patch_queue,47,11,448794,449385,591
embedding,47,11,449385,450563,1178
block0,47,11,450563,453515,2952
block1,47,11,453515,455879,2364
patch_queue,47,12,449386,449975,589
embedding,47,12,449975,451153,1178
block0,47,12,451153,454107,2954
block1,47,12,454107,456471,2364
patch_queue,47,13,449976,450565,589
embedding,47,13,450565,451745,1180
block0,47,13,451745,454697,2952
block1,47,13,454697,457061,2364
patch_queue,47,14,450566,451155,589
embedding,47,14,451155,452335,1180
block0,47,14,452335,455287,2952
block1,47,14,455287,457651,2364
patch_queue,47,15,451156,451747,591
embedding,47,15,451747,452925,1178
block0,47,15,452925,455877,2952
block1,47,15,455877,458241,2364
head_hidden_first_token,47,0,449385,461534,12149
head_hidden_last_token,47,15,458241,461534,3293
head_output,47,0,461534,462276,742
serializer,47,0,462276,462334,58
patch_queue,48,0,451748,452337,589
embedding,48,0,452337,453515,1178
block0,48,0,453515,456469,2954
block1,48,0,456469,458833,2364
patch_queue,48,1,452338,452927,589
embedding,48,1,452927,454107,1180
block0,48,1,454107,457059,2952
block1,48,1,457059,459423,2364
patch_queue,48,2,452928,453517,589
embedding,48,2,453517,454697,1180
block0,48,2,454697,457649,2952
block1,48,2,457649,460013,2364
patch_queue,48,3,453518,454109,591
embedding,48,3,454109,455287,1178
block0,48,3,455287,458239,2952
block1,48,3,458239,460603,2364
patch_queue,48,4,454110,454699,589
embedding,48,4,454699,455877,1178
block0,48,4,455877,458831,2954
block1,48,4,458831,461195,2364
patch_queue,48,5,454700,455289,589
embedding,48,5,455289,456469,1180
block0,48,5,456469,459421,2952
block1,48,5,459421,461785,2364
patch_queue,48,6,455290,455879,589
embedding,48,6,455879,457059,1180
block0,48,6,457059,460011,2952
block1,48,6,460011,462375,2364
patch_queue,48,7,455880,456471,591
embedding,48,7,456471,457649,1178
block0,48,7,457649,460601,2952
block1,48,7,460601,462965,2364
patch_queue,48,8,456472,457061,589
embedding,48,8,457061,458239,1178
block0,48,8,458239,461193,2954
block1,48,8,461193,463557,2364
patch_queue,48,9,457062,457651,589
embedding,48,9,457651,458831,1180
block0,48,9,458831,461783,2952
block1,48,9,461783,464147,2364
patch_queue,48,10,457652,458241,589
embedding,48,10,458241,459421,1180
block0,48,10,459421,462373,2952
block1,48,10,462373,464737,2364
patch_queue,48,11,458242,458833,591
embedding,48,11,458833,460011,1178
block0,48,11,460011,462963,2952
block1,48,11,462963,465327,2364
patch_queue,48,12,458834,459423,589
embedding,48,12,459423,460601,1178
block0,48,12,460601,463555,2954
block1,48,12,463555,465919,2364
patch_queue,48,13,459424,460013,589
embedding,48,13,460013,461193,1180
block0,48,13,461193,464145,2952
block1,48,13,464145,466509,2364
patch_queue,48,14,460014,460603,589
embedding,48,14,460603,461783,1180
block0,48,14,461783,464735,2952
block1,48,14,464735,467099,2364
patch_queue,48,15,460604,461195,591
embedding,48,15,461195,462373,1178
block0,48,15,462373,465325,2952
block1,48,15,465325,467689,2364
head_hidden_first_token,48,0,458833,470982,12149
head_hidden_last_token,48,15,467689,470982,3293
head_output,48,0,470982,471724,742
serializer,48,0,471724,471782,58
patch_queue,49,0,461196,461785,589
embedding,49,0,461785,462963,1178
block0,49,0,462963,465917,2954
block1,49,0,465917,468281,2364
patch_queue,49,1,461786,462375,589
embedding,49,1,462375,463555,1180
block0,49,1,463555,466507,2952
block1,49,1,466507,468871,2364
patch_queue,49,2,462376,462965,589
embedding,49,2,462965,464145,1180
block0,49,2,464145,467097,2952
block1,49,2,467097,469461,2364
patch_queue,49,3,462966,463557,591
embedding,49,3,463557,464735,1178
block0,49,3,464735,467687,2952
block1,49,3,467687,470051,2364
patch_queue,49,4,463558,464147,589
embedding,49,4,464147,465325,1178
block0,49,4,465325,468279,2954
block1,49,4,468279,470643,2364
patch_queue,49,5,464148,464737,589
embedding,49,5,464737,465917,1180
block0,49,5,465917,468869,2952
block1,49,5,468869,471233,2364
patch_queue,49,6,464738,465327,589
embedding,49,6,465327,466507,1180
block0,49,6,466507,469459,2952
block1,49,6,469459,471823,2364
patch_queue,49,7,465328,465919,591
embedding,49,7,465919,467097,1178
block0,49,7,467097,470049,2952
block1,49,7,470049,472413,2364
patch_queue,49,8,465920,466509,589
embedding,49,8,466509,467687,1178
block0,49,8,467687,470641,2954
block1,49,8,470641,473005,2364
patch_queue,49,9,466510,467099,589
embedding,49,9,467099,468279,1180
block0,49,9,468279,471231,2952
block1,49,9,471231,473595,2364
patch_queue,49,10,467100,467689,589
embedding,49,10,467689,468869,1180
block0,49,10,468869,471821,2952
block1,49,10,471821,474185,2364
patch_queue,49,11,467690,468281,591
embedding,49,11,468281,469459,1178
block0,49,11,469459,472411,2952
block1,49,11,472411,474775,2364
patch_queue,49,12,468282,468871,589
embedding,49,12,468871,470049,1178
block0,49,12,470049,473003,2954
block1,49,12,473003,475367,2364
patch_queue,49,13,468872,469461,589
embedding,49,13,469461,470641,1180
block0,49,13,470641,473593,2952
block1,49,13,473593,475957,2364
patch_queue,49,14,469462,470051,589
embedding,49,14,470051,471231,1180
block0,49,14,471231,474183,2952
block1,49,14,474183,476547,2364
patch_queue,49,15,470052,470643,591
embedding,49,15,470643,471821,1178
block0,49,15,471821,474773,2952
block1,49,15,474773,477137,2364
head_hidden_first_token,49,0,468281,480430,12149
head_hidden_last_token,49,15,477137,480430,3293
head_output,49,0,480430,481172,742
serializer,49,0,481172,481230,58
patch_queue,50,0,470644,471233,589
embedding,50,0,471233,472411,1178
block0,50,0,472411,475365,2954
block1,50,0,475365,477729,2364
patch_queue,50,1,471234,471823,589
embedding,50,1,471823,473003,1180
block0,50,1,473003,475955,2952
block1,50,1,475955,478319,2364
patch_queue,50,2,471824,472413,589
embedding,50,2,472413,473593,1180
block0,50,2,473593,476545,2952
block1,50,2,476545,478909,2364
patch_queue,50,3,472414,473005,591
embedding,50,3,473005,474183,1178
block0,50,3,474183,477135,2952
block1,50,3,477135,479499,2364
patch_queue,50,4,473006,473595,589
embedding,50,4,473595,474773,1178
block0,50,4,474773,477727,2954
block1,50,4,477727,480091,2364
patch_queue,50,5,473596,474185,589
embedding,50,5,474185,475365,1180
block0,50,5,475365,478317,2952
block1,50,5,478317,480681,2364
patch_queue,50,6,474186,474775,589
embedding,50,6,474775,475955,1180
block0,50,6,475955,478907,2952
block1,50,6,478907,481271,2364
patch_queue,50,7,474776,475367,591
embedding,50,7,475367,476545,1178
block0,50,7,476545,479497,2952
block1,50,7,479497,481861,2364
patch_queue,50,8,475368,475957,589
embedding,50,8,475957,477135,1178
block0,50,8,477135,480089,2954
block1,50,8,480089,482453,2364
patch_queue,50,9,475958,476547,589
embedding,50,9,476547,477727,1180
block0,50,9,477727,480679,2952
block1,50,9,480679,483043,2364
patch_queue,50,10,476548,477137,589
embedding,50,10,477137,478317,1180
block0,50,10,478317,481269,2952
block1,50,10,481269,483633,2364
patch_queue,50,11,477138,477729,591
embedding,50,11,477729,478907,1178
block0,50,11,478907,481859,2952
block1,50,11,481859,484223,2364
patch_queue,50,12,477730,478319,589
embedding,50,12,478319,479497,1178
block0,50,12,479497,482451,2954
block1,50,12,482451,484815,2364
patch_queue,50,13,478320,478909,589
embedding,50,13,478909,480089,1180
block0,50,13,480089,483041,2952
block1,50,13,483041,485405,2364
patch_queue,50,14,478910,479499,589
embedding,50,14,479499,480679,1180
block0,50,14,480679,483631,2952
block1,50,14,483631,485995,2364
patch_queue,50,15,479500,480091,591
embedding,50,15,480091,481269,1178
block0,50,15,481269,484221,2952
block1,50,15,484221,486585,2364
head_hidden_first_token,50,0,477729,489878,12149
head_hidden_last_token,50,15,486585,489878,3293
head_output,50,0,489878,490620,742
serializer,50,0,490620,490678,58
patch_queue,51,0,480092,480681,589
embedding,51,0,480681,481859,1178
block0,51,0,481859,484813,2954
block1,51,0,484813,487177,2364
patch_queue,51,1,480682,481271,589
embedding,51,1,481271,482451,1180
block0,51,1,482451,485403,2952
block1,51,1,485403,487767,2364
patch_queue,51,2,481272,481861,589
embedding,51,2,481861,483041,1180
block0,51,2,483041,485993,2952
block1,51,2,485993,488357,2364
patch_queue,51,3,481862,482453,591
embedding,51,3,482453,483631,1178
block0,51,3,483631,486583,2952
block1,51,3,486583,488947,2364
patch_queue,51,4,482454,483043,589
embedding,51,4,483043,484221,1178
block0,51,4,484221,487175,2954
block1,51,4,487175,489539,2364
patch_queue,51,5,483044,483633,589
embedding,51,5,483633,484813,1180
block0,51,5,484813,487765,2952
block1,51,5,487765,490129,2364
patch_queue,51,6,483634,484223,589
embedding,51,6,484223,485403,1180
block0,51,6,485403,488355,2952
block1,51,6,488355,490719,2364
patch_queue,51,7,484224,484815,591
embedding,51,7,484815,485993,1178
block0,51,7,485993,488945,2952
block1,51,7,488945,491309,2364
patch_queue,51,8,484816,485405,589
embedding,51,8,485405,486583,1178
block0,51,8,486583,489537,2954
block1,51,8,489537,491901,2364
patch_queue,51,9,485406,485995,589
embedding,51,9,485995,487175,1180
block0,51,9,487175,490127,2952
block1,51,9,490127,492491,2364
patch_queue,51,10,485996,486585,589
embedding,51,10,486585,487765,1180
block0,51,10,487765,490717,2952
block1,51,10,490717,493081,2364
patch_queue,51,11,486586,487177,591
embedding,51,11,487177,488355,1178
block0,51,11,488355,491307,2952
block1,51,11,491307,493671,2364
patch_queue,51,12,487178,487767,589
embedding,51,12,487767,488945,1178
block0,51,12,488945,491899,2954
block1,51,12,491899,494263,2364
patch_queue,51,13,487768,488357,589
embedding,51,13,488357,489537,1180
block0,51,13,489537,492489,2952
block1,51,13,492489,494853,2364
patch_queue,51,14,488358,488947,589
embedding,51,14,488947,490127,1180
block0,51,14,490127,493079,2952
block1,51,14,493079,495443,2364
patch_queue,51,15,488948,489539,591
embedding,51,15,489539,490717,1178
block0,51,15,490717,493669,2952
block1,51,15,493669,496033,2364
head_hidden_first_token,51,0,487177,499326,12149
head_hidden_last_token,51,15,496033,499326,3293
head_output,51,0,499326,500068,742
serializer,51,0,500068,500126,58
patch_queue,52,0,489540,490129,589
embedding,52,0,490129,491307,1178
block0,52,0,491307,494261,2954
block1,52,0,494261,496625,2364
patch_queue,52,1,490130,490719,589
embedding,52,1,490719,491899,1180
block0,52,1,491899,494851,2952
block1,52,1,494851,497215,2364
patch_queue,52,2,490720,491309,589
embedding,52,2,491309,492489,1180
block0,52,2,492489,495441,2952
block1,52,2,495441,497805,2364
patch_queue,52,3,491310,491901,591
embedding,52,3,491901,493079,1178
block0,52,3,493079,496031,2952
block1,52,3,496031,498395,2364
patch_queue,52,4,491902,492491,589
embedding,52,4,492491,493669,1178
block0,52,4,493669,496623,2954
block1,52,4,496623,498987,2364
patch_queue,52,5,492492,493081,589
embedding,52,5,493081,494261,1180
block0,52,5,494261,497213,2952
block1,52,5,497213,499577,2364
patch_queue,52,6,493082,493671,589
embedding,52,6,493671,494851,1180
block0,52,6,494851,497803,2952
block1,52,6,497803,500167,2364
patch_queue,52,7,493672,494263,591
embedding,52,7,494263,495441,1178
block0,52,7,495441,498393,2952
block1,52,7,498393,500757,2364
patch_queue,52,8,494264,494853,589
embedding,52,8,494853,496031,1178
block0,52,8,496031,498985,2954
block1,52,8,498985,501349,2364
patch_queue,52,9,494854,495443,589
embedding,52,9,495443,496623,1180
block0,52,9,496623,499575,2952
block1,52,9,499575,501939,2364
patch_queue,52,10,495444,496033,589
embedding,52,10,496033,497213,1180
block0,52,10,497213,500165,2952
block1,52,10,500165,502529,2364
patch_queue,52,11,496034,496625,591
embedding,52,11,496625,497803,1178
block0,52,11,497803,500755,2952
block1,52,11,500755,503119,2364
patch_queue,52,12,496626,497215,589
embedding,52,12,497215,498393,1178
block0,52,12,498393,501347,2954
block1,52,12,501347,503711,2364
patch_queue,52,13,497216,497805,589
embedding,52,13,497805,498985,1180
block0,52,13,498985,501937,2952
block1,52,13,501937,504301,2364
patch_queue,52,14,497806,498395,589
embedding,52,14,498395,499575,1180
block0,52,14,499575,502527,2952
block1,52,14,502527,504891,2364
patch_queue,52,15,498396,498987,591
embedding,52,15,498987,500165,1178
block0,52,15,500165,503117,2952
block1,52,15,503117,505481,2364
head_hidden_first_token,52,0,496625,508774,12149
head_hidden_last_token,52,15,505481,508774,3293
head_output,52,0,508774,509516,742
serializer,52,0,509516,509574,58
patch_queue,53,0,498988,499577,589
embedding,53,0,499577,500755,1178
block0,53,0,500755,503709,2954
block1,53,0,503709,506073,2364
patch_queue,53,1,499578,500167,589
embedding,53,1,500167,501347,1180
block0,53,1,501347,504299,2952
block1,53,1,504299,506663,2364
patch_queue,53,2,500168,500757,589
embedding,53,2,500757,501937,1180
block0,53,2,501937,504889,2952
block1,53,2,504889,507253,2364
patch_queue,53,3,500758,501349,591
embedding,53,3,501349,502527,1178
block0,53,3,502527,505479,2952
block1,53,3,505479,507843,2364
patch_queue,53,4,501350,501939,589
embedding,53,4,501939,503117,1178
block0,53,4,503117,506071,2954
block1,53,4,506071,508435,2364
patch_queue,53,5,501940,502529,589
embedding,53,5,502529,503709,1180
block0,53,5,503709,506661,2952
block1,53,5,506661,509025,2364
patch_queue,53,6,502530,503119,589
embedding,53,6,503119,504299,1180
block0,53,6,504299,507251,2952
block1,53,6,507251,509615,2364
patch_queue,53,7,503120,503711,591
embedding,53,7,503711,504889,1178
block0,53,7,504889,507841,2952
block1,53,7,507841,510205,2364
patch_queue,53,8,503712,504301,589
embedding,53,8,504301,505479,1178
block0,53,8,505479,508433,2954
block1,53,8,508433,510797,2364
patch_queue,53,9,504302,504891,589
embedding,53,9,504891,506071,1180
block0,53,9,506071,509023,2952
block1,53,9,509023,511387,2364
patch_queue,53,10,504892,505481,589
embedding,53,10,505481,506661,1180
block0,53,10,506661,509613,2952
block1,53,10,509613,511977,2364
patch_queue,53,11,505482,506073,591
embedding,53,11,506073,507251,1178
block0,53,11,507251,510203,2952
block1,53,11,510203,512567,2364
patch_queue,53,12,506074,506663,589
embedding,53,12,506663,507841,1178
block0,53,12,507841,510795,2954
block1,53,12,510795,513159,2364
patch_queue,53,13,506664,507253,589
embedding,53,13,507253,508433,1180
block0,53,13,508433,511385,2952
block1,53,13,511385,513749,2364
patch_queue,53,14,507254,507843,589
embedding,53,14,507843,509023,1180
block0,53,14,509023,511975,2952
block1,53,14,511975,514339,2364
patch_queue,53,15,507844,508435,591
embedding,53,15,508435,509613,1178
block0,53,15,509613,512565,2952
block1,53,15,512565,514929,2364
head_hidden_first_token,53,0,506073,518222,12149
head_hidden_last_token,53,15,514929,518222,3293
head_output,53,0,518222,518964,742
serializer,53,0,518964,519022,58
patch_queue,54,0,508436,509025,589
embedding,54,0,509025,510203,1178
block0,54,0,510203,513157,2954
block1,54,0,513157,515521,2364
patch_queue,54,1,509026,509615,589
embedding,54,1,509615,510795,1180
block0,54,1,510795,513747,2952
block1,54,1,513747,516111,2364
patch_queue,54,2,509616,510205,589
embedding,54,2,510205,511385,1180
block0,54,2,511385,514337,2952
block1,54,2,514337,516701,2364
patch_queue,54,3,510206,510797,591
embedding,54,3,510797,511975,1178
block0,54,3,511975,514927,2952
block1,54,3,514927,517291,2364
patch_queue,54,4,510798,511387,589
embedding,54,4,511387,512565,1178
block0,54,4,512565,515519,2954
block1,54,4,515519,517883,2364
patch_queue,54,5,511388,511977,589
embedding,54,5,511977,513157,1180
block0,54,5,513157,516109,2952
block1,54,5,516109,518473,2364
patch_queue,54,6,511978,512567,589
embedding,54,6,512567,513747,1180
block0,54,6,513747,516699,2952
block1,54,6,516699,519063,2364
patch_queue,54,7,512568,513159,591
embedding,54,7,513159,514337,1178
block0,54,7,514337,517289,2952
block1,54,7,517289,519653,2364
patch_queue,54,8,513160,513749,589
embedding,54,8,513749,514927,1178
block0,54,8,514927,517881,2954
block1,54,8,517881,520245,2364
patch_queue,54,9,513750,514339,589
embedding,54,9,514339,515519,1180
block0,54,9,515519,518471,2952
block1,54,9,518471,520835,2364
patch_queue,54,10,514340,514929,589
embedding,54,10,514929,516109,1180
block0,54,10,516109,519061,2952
block1,54,10,519061,521425,2364
patch_queue,54,11,514930,515521,591
embedding,54,11,515521,516699,1178
block0,54,11,516699,519651,2952
block1,54,11,519651,522015,2364
patch_queue,54,12,515522,516111,589
embedding,54,12,516111,517289,1178
block0,54,12,517289,520243,2954
block1,54,12,520243,522607,2364
patch_queue,54,13,516112,516701,589
embedding,54,13,516701,517881,1180
block0,54,13,517881,520833,2952
block1,54,13,520833,523197,2364
patch_queue,54,14,516702,517291,589
embedding,54,14,517291,518471,1180
block0,54,14,518471,521423,2952
block1,54,14,521423,523787,2364
patch_queue,54,15,517292,517883,591
embedding,54,15,517883,519061,1178
block0,54,15,519061,522013,2952
block1,54,15,522013,524377,2364
head_hidden_first_token,54,0,515521,527670,12149
head_hidden_last_token,54,15,524377,527670,3293
head_output,54,0,527670,528412,742
serializer,54,0,528412,528470,58
patch_queue,55,0,517884,518473,589
embedding,55,0,518473,519651,1178
block0,55,0,519651,522605,2954
block1,55,0,522605,524969,2364
patch_queue,55,1,518474,519063,589
embedding,55,1,519063,520243,1180
block0,55,1,520243,523195,2952
block1,55,1,523195,525559,2364
patch_queue,55,2,519064,519653,589
embedding,55,2,519653,520833,1180
block0,55,2,520833,523785,2952
block1,55,2,523785,526149,2364
patch_queue,55,3,519654,520245,591
embedding,55,3,520245,521423,1178
block0,55,3,521423,524375,2952
block1,55,3,524375,526739,2364
patch_queue,55,4,520246,520835,589
embedding,55,4,520835,522013,1178
block0,55,4,522013,524967,2954
block1,55,4,524967,527331,2364
patch_queue,55,5,520836,521425,589
embedding,55,5,521425,522605,1180
block0,55,5,522605,525557,2952
block1,55,5,525557,527921,2364
patch_queue,55,6,521426,522015,589
embedding,55,6,522015,523195,1180
block0,55,6,523195,526147,2952
block1,55,6,526147,528511,2364
patch_queue,55,7,522016,522607,591
embedding,55,7,522607,523785,1178
block0,55,7,523785,526737,2952
block1,55,7,526737,529101,2364
patch_queue,55,8,522608,523197,589
embedding,55,8,523197,524375,1178
block0,55,8,524375,527329,2954
block1,55,8,527329,529693,2364
patch_queue,55,9,523198,523787,589
embedding,55,9,523787,524967,1180
block0,55,9,524967,527919,2952
block1,55,9,527919,530283,2364
patch_queue,55,10,523788,524377,589
embedding,55,10,524377,525557,1180
block0,55,10,525557,528509,2952
block1,55,10,528509,530873,2364
patch_queue,55,11,524378,524969,591
embedding,55,11,524969,526147,1178
block0,55,11,526147,529099,2952
block1,55,11,529099,531463,2364
patch_queue,55,12,524970,525559,589
embedding,55,12,525559,526737,1178
block0,55,12,526737,529691,2954
block1,55,12,529691,532055,2364
patch_queue,55,13,525560,526149,589
embedding,55,13,526149,527329,1180
block0,55,13,527329,530281,2952
block1,55,13,530281,532645,2364
patch_queue,55,14,526150,526739,589
embedding,55,14,526739,527919,1180
block0,55,14,527919,530871,2952
block1,55,14,530871,533235,2364
patch_queue,55,15,526740,527331,591
embedding,55,15,527331,528509,1178
block0,55,15,528509,531461,2952
block1,55,15,531461,533825,2364
head_hidden_first_token,55,0,524969,537118,12149
head_hidden_last_token,55,15,533825,537118,3293
head_output,55,0,537118,537860,742
serializer,55,0,537860,537918,58
patch_queue,56,0,527332,527921,589
embedding,56,0,527921,529099,1178
block0,56,0,529099,532053,2954
block1,56,0,532053,534417,2364
patch_queue,56,1,527922,528511,589
embedding,56,1,528511,529691,1180
block0,56,1,529691,532643,2952
block1,56,1,532643,535007,2364
patch_queue,56,2,528512,529101,589
embedding,56,2,529101,530281,1180
block0,56,2,530281,533233,2952
block1,56,2,533233,535597,2364
patch_queue,56,3,529102,529693,591
embedding,56,3,529693,530871,1178
block0,56,3,530871,533823,2952
block1,56,3,533823,536187,2364
patch_queue,56,4,529694,530283,589
embedding,56,4,530283,531461,1178
block0,56,4,531461,534415,2954
block1,56,4,534415,536779,2364
patch_queue,56,5,530284,530873,589
embedding,56,5,530873,532053,1180
block0,56,5,532053,535005,2952
block1,56,5,535005,537369,2364
patch_queue,56,6,530874,531463,589
embedding,56,6,531463,532643,1180
block0,56,6,532643,535595,2952
block1,56,6,535595,537959,2364
patch_queue,56,7,531464,532055,591
embedding,56,7,532055,533233,1178
block0,56,7,533233,536185,2952
block1,56,7,536185,538549,2364
patch_queue,56,8,532056,532645,589
embedding,56,8,532645,533823,1178
block0,56,8,533823,536777,2954
block1,56,8,536777,539141,2364
patch_queue,56,9,532646,533235,589
embedding,56,9,533235,534415,1180
block0,56,9,534415,537367,2952
block1,56,9,537367,539731,2364
patch_queue,56,10,533236,533825,589
embedding,56,10,533825,535005,1180
block0,56,10,535005,537957,2952
block1,56,10,537957,540321,2364
patch_queue,56,11,533826,534417,591
embedding,56,11,534417,535595,1178
block0,56,11,535595,538547,2952
block1,56,11,538547,540911,2364
patch_queue,56,12,534418,535007,589
embedding,56,12,535007,536185,1178
block0,56,12,536185,539139,2954
block1,56,12,539139,541503,2364
patch_queue,56,13,535008,535597,589
embedding,56,13,535597,536777,1180
block0,56,13,536777,539729,2952
block1,56,13,539729,542093,2364
patch_queue,56,14,535598,536187,589
embedding,56,14,536187,537367,1180
block0,56,14,537367,540319,2952
block1,56,14,540319,542683,2364
patch_queue,56,15,536188,536779,591
embedding,56,15,536779,537957,1178
block0,56,15,537957,540909,2952
block1,56,15,540909,543273,2364
head_hidden_first_token,56,0,534417,546566,12149
head_hidden_last_token,56,15,543273,546566,3293
head_output,56,0,546566,547308,742
serializer,56,0,547308,547366,58
patch_queue,57,0,536780,537369,589
embedding,57,0,537369,538547,1178
block0,57,0,538547,541501,2954
block1,57,0,541501,543865,2364
patch_queue,57,1,537370,537959,589
embedding,57,1,537959,539139,1180
block0,57,1,539139,542091,2952
block1,57,1,542091,544455,2364
patch_queue,57,2,537960,538549,589
embedding,57,2,538549,539729,1180
block0,57,2,539729,542681,2952
block1,57,2,542681,545045,2364
patch_queue,57,3,538550,539141,591
embedding,57,3,539141,540319,1178
block0,57,3,540319,543271,2952
block1,57,3,543271,545635,2364
patch_queue,57,4,539142,539731,589
embedding,57,4,539731,540909,1178
block0,57,4,540909,543863,2954
block1,57,4,543863,546227,2364
patch_queue,57,5,539732,540321,589
embedding,57,5,540321,541501,1180
block0,57,5,541501,544453,2952
block1,57,5,544453,546817,2364
patch_queue,57,6,540322,540911,589
embedding,57,6,540911,542091,1180
block0,57,6,542091,545043,2952
block1,57,6,545043,547407,2364
patch_queue,57,7,540912,541503,591
embedding,57,7,541503,542681,1178
block0,57,7,542681,545633,2952
block1,57,7,545633,547997,2364
patch_queue,57,8,541504,542093,589
embedding,57,8,542093,543271,1178
block0,57,8,543271,546225,2954
block1,57,8,546225,548589,2364
patch_queue,57,9,542094,542683,589
embedding,57,9,542683,543863,1180
block0,57,9,543863,546815,2952
block1,57,9,546815,549179,2364
patch_queue,57,10,542684,543273,589
embedding,57,10,543273,544453,1180
block0,57,10,544453,547405,2952
block1,57,10,547405,549769,2364
patch_queue,57,11,543274,543865,591
embedding,57,11,543865,545043,1178
block0,57,11,545043,547995,2952
block1,57,11,547995,550359,2364
patch_queue,57,12,543866,544455,589
embedding,57,12,544455,545633,1178
block0,57,12,545633,548587,2954
block1,57,12,548587,550951,2364
patch_queue,57,13,544456,545045,589
embedding,57,13,545045,546225,1180
block0,57,13,546225,549177,2952
block1,57,13,549177,551541,2364
patch_queue,57,14,545046,545635,589
embedding,57,14,545635,546815,1180
block0,57,14,546815,549767,2952
block1,57,14,549767,552131,2364
patch_queue,57,15,545636,546227,591
embedding,57,15,546227,547405,1178
block0,57,15,547405,550357,2952
block1,57,15,550357,552721,2364
head_hidden_first_token,57,0,543865,556014,12149
head_hidden_last_token,57,15,552721,556014,3293
head_output,57,0,556014,556756,742
serializer,57,0,556756,556814,58
patch_queue,58,0,546228,546817,589
embedding,58,0,546817,547995,1178
block0,58,0,547995,550949,2954
block1,58,0,550949,553313,2364
patch_queue,58,1,546818,547407,589
embedding,58,1,547407,548587,1180
block0,58,1,548587,551539,2952
block1,58,1,551539,553903,2364
patch_queue,58,2,547408,547997,589
embedding,58,2,547997,549177,1180
block0,58,2,549177,552129,2952
block1,58,2,552129,554493,2364
patch_queue,58,3,547998,548589,591
embedding,58,3,548589,549767,1178
block0,58,3,549767,552719,2952
block1,58,3,552719,555083,2364
patch_queue,58,4,548590,549179,589
embedding,58,4,549179,550357,1178
block0,58,4,550357,553311,2954
block1,58,4,553311,555675,2364
patch_queue,58,5,549180,549769,589
embedding,58,5,549769,550949,1180
block0,58,5,550949,553901,2952
block1,58,5,553901,556265,2364
patch_queue,58,6,549770,550359,589
embedding,58,6,550359,551539,1180
block0,58,6,551539,554491,2952
block1,58,6,554491,556855,2364
patch_queue,58,7,550360,550951,591
embedding,58,7,550951,552129,1178
block0,58,7,552129,555081,2952
block1,58,7,555081,557445,2364
patch_queue,58,8,550952,551541,589
embedding,58,8,551541,552719,1178
block0,58,8,552719,555673,2954
block1,58,8,555673,558037,2364
patch_queue,58,9,551542,552131,589
embedding,58,9,552131,553311,1180
block0,58,9,553311,556263,2952
block1,58,9,556263,558627,2364
patch_queue,58,10,552132,552721,589
embedding,58,10,552721,553901,1180
block0,58,10,553901,556853,2952
block1,58,10,556853,559217,2364
patch_queue,58,11,552722,553313,591
embedding,58,11,553313,554491,1178
block0,58,11,554491,557443,2952
block1,58,11,557443,559807,2364
patch_queue,58,12,553314,553903,589
embedding,58,12,553903,555081,1178
block0,58,12,555081,558035,2954
block1,58,12,558035,560399,2364
patch_queue,58,13,553904,554493,589
embedding,58,13,554493,555673,1180
block0,58,13,555673,558625,2952
block1,58,13,558625,560989,2364
patch_queue,58,14,554494,555083,589
embedding,58,14,555083,556263,1180
block0,58,14,556263,559215,2952
block1,58,14,559215,561579,2364
patch_queue,58,15,555084,555675,591
embedding,58,15,555675,556853,1178
block0,58,15,556853,559805,2952
block1,58,15,559805,562169,2364
head_hidden_first_token,58,0,553313,565462,12149
head_hidden_last_token,58,15,562169,565462,3293
head_output,58,0,565462,566204,742
serializer,58,0,566204,566262,58
patch_queue,59,0,555676,556265,589
embedding,59,0,556265,557443,1178
block0,59,0,557443,560397,2954
block1,59,0,560397,562761,2364
patch_queue,59,1,556266,556855,589
embedding,59,1,556855,558035,1180
block0,59,1,558035,560987,2952
block1,59,1,560987,563351,2364
patch_queue,59,2,556856,557445,589
embedding,59,2,557445,558625,1180
block0,59,2,558625,561577,2952
block1,59,2,561577,563941,2364
patch_queue,59,3,557446,558037,591
embedding,59,3,558037,559215,1178
block0,59,3,559215,562167,2952
block1,59,3,562167,564531,2364
patch_queue,59,4,558038,558627,589
embedding,59,4,558627,559805,1178
block0,59,4,559805,562759,2954
block1,59,4,562759,565123,2364
patch_queue,59,5,558628,559217,589
embedding,59,5,559217,560397,1180
block0,59,5,560397,563349,2952
block1,59,5,563349,565713,2364
patch_queue,59,6,559218,559807,589
embedding,59,6,559807,560987,1180
block0,59,6,560987,563939,2952
block1,59,6,563939,566303,2364
patch_queue,59,7,559808,560399,591
embedding,59,7,560399,561577,1178
block0,59,7,561577,564529,2952
block1,59,7,564529,566893,2364
patch_queue,59,8,560400,560989,589
embedding,59,8,560989,562167,1178
block0,59,8,562167,565121,2954
block1,59,8,565121,567485,2364
patch_queue,59,9,560990,561579,589
embedding,59,9,561579,562759,1180
block0,59,9,562759,565711,2952
block1,59,9,565711,568075,2364
patch_queue,59,10,561580,562169,589
embedding,59,10,562169,563349,1180
block0,59,10,563349,566301,2952
block1,59,10,566301,568665,2364
patch_queue,59,11,562170,562761,591
embedding,59,11,562761,563939,1178
block0,59,11,563939,566891,2952
block1,59,11,566891,569255,2364
patch_queue,59,12,562762,563351,589
embedding,59,12,563351,564529,1178
block0,59,12,564529,567483,2954
block1,59,12,567483,569847,2364
patch_queue,59,13,563352,563941,589
embedding,59,13,563941,565121,1180
block0,59,13,565121,568073,2952
block1,59,13,568073,570437,2364
patch_queue,59,14,563942,564531,589
embedding,59,14,564531,565711,1180
block0,59,14,565711,568663,2952
block1,59,14,568663,571027,2364
patch_queue,59,15,564532,565123,591
embedding,59,15,565123,566301,1178
block0,59,15,566301,569253,2952
block1,59,15,569253,571617,2364
head_hidden_first_token,59,0,562761,574910,12149
head_hidden_last_token,59,15,571617,574910,3293
head_output,59,0,574910,575652,742
serializer,59,0,575652,575710,58
patch_queue,60,0,565124,565713,589
embedding,60,0,565713,566891,1178
block0,60,0,566891,569845,2954
block1,60,0,569845,572209,2364
patch_queue,60,1,565714,566303,589
embedding,60,1,566303,567483,1180
block0,60,1,567483,570435,2952
block1,60,1,570435,572799,2364
patch_queue,60,2,566304,566893,589
embedding,60,2,566893,568073,1180
block0,60,2,568073,571025,2952
block1,60,2,571025,573389,2364
patch_queue,60,3,566894,567485,591
embedding,60,3,567485,568663,1178
block0,60,3,568663,571615,2952
block1,60,3,571615,573979,2364
patch_queue,60,4,567486,568075,589
embedding,60,4,568075,569253,1178
block0,60,4,569253,572207,2954
block1,60,4,572207,574571,2364
patch_queue,60,5,568076,568665,589
embedding,60,5,568665,569845,1180
block0,60,5,569845,572797,2952
block1,60,5,572797,575161,2364
patch_queue,60,6,568666,569255,589
embedding,60,6,569255,570435,1180
block0,60,6,570435,573387,2952
block1,60,6,573387,575751,2364
patch_queue,60,7,569256,569847,591
embedding,60,7,569847,571025,1178
block0,60,7,571025,573977,2952
block1,60,7,573977,576341,2364
patch_queue,60,8,569848,570437,589
embedding,60,8,570437,571615,1178
block0,60,8,571615,574569,2954
block1,60,8,574569,576933,2364
patch_queue,60,9,570438,571027,589
embedding,60,9,571027,572207,1180
block0,60,9,572207,575159,2952
block1,60,9,575159,577523,2364
patch_queue,60,10,571028,571617,589
embedding,60,10,571617,572797,1180
block0,60,10,572797,575749,2952
block1,60,10,575749,578113,2364
patch_queue,60,11,571618,572209,591
embedding,60,11,572209,573387,1178
block0,60,11,573387,576339,2952
block1,60,11,576339,578703,2364
patch_queue,60,12,572210,572799,589
embedding,60,12,572799,573977,1178
block0,60,12,573977,576931,2954
block1,60,12,576931,579295,2364
patch_queue,60,13,572800,573389,589
embedding,60,13,573389,574569,1180
block0,60,13,574569,577521,2952
block1,60,13,577521,579885,2364
patch_queue,60,14,573390,573979,589
embedding,60,14,573979,575159,1180
block0,60,14,575159,578111,2952
block1,60,14,578111,580475,2364
patch_queue,60,15,573980,574571,591
embedding,60,15,574571,575749,1178
block0,60,15,575749,578701,2952
block1,60,15,578701,581065,2364
head_hidden_first_token,60,0,572209,584358,12149
head_hidden_last_token,60,15,581065,584358,3293
head_output,60,0,584358,585100,742
serializer,60,0,585100,585158,58
patch_queue,61,0,574572,575161,589
embedding,61,0,575161,576339,1178
block0,61,0,576339,579293,2954
block1,61,0,579293,581657,2364
patch_queue,61,1,575162,575751,589
embedding,61,1,575751,576931,1180
block0,61,1,576931,579883,2952
block1,61,1,579883,582247,2364
patch_queue,61,2,575752,576341,589
embedding,61,2,576341,577521,1180
block0,61,2,577521,580473,2952
block1,61,2,580473,582837,2364
patch_queue,61,3,576342,576933,591
embedding,61,3,576933,578111,1178
block0,61,3,578111,581063,2952
block1,61,3,581063,583427,2364
patch_queue,61,4,576934,577523,589
embedding,61,4,577523,578701,1178
block0,61,4,578701,581655,2954
block1,61,4,581655,584019,2364
patch_queue,61,5,577524,578113,589
embedding,61,5,578113,579293,1180
block0,61,5,579293,582245,2952
block1,61,5,582245,584609,2364
patch_queue,61,6,578114,578703,589
embedding,61,6,578703,579883,1180
block0,61,6,579883,582835,2952
block1,61,6,582835,585199,2364
patch_queue,61,7,578704,579295,591
embedding,61,7,579295,580473,1178
block0,61,7,580473,583425,2952
block1,61,7,583425,585789,2364
patch_queue,61,8,579296,579885,589
embedding,61,8,579885,581063,1178
block0,61,8,581063,584017,2954
block1,61,8,584017,586381,2364
patch_queue,61,9,579886,580475,589
embedding,61,9,580475,581655,1180
block0,61,9,581655,584607,2952
block1,61,9,584607,586971,2364
patch_queue,61,10,580476,581065,589
embedding,61,10,581065,582245,1180
block0,61,10,582245,585197,2952
block1,61,10,585197,587561,2364
patch_queue,61,11,581066,581657,591
embedding,61,11,581657,582835,1178
block0,61,11,582835,585787,2952
block1,61,11,585787,588151,2364
patch_queue,61,12,581658,582247,589
embedding,61,12,582247,583425,1178
block0,61,12,583425,586379,2954
block1,61,12,586379,588743,2364
patch_queue,61,13,582248,582837,589
embedding,61,13,582837,584017,1180
block0,61,13,584017,586969,2952
block1,61,13,586969,589333,2364
patch_queue,61,14,582838,583427,589
embedding,61,14,583427,584607,1180
block0,61,14,584607,587559,2952
block1,61,14,587559,589923,2364
patch_queue,61,15,583428,584019,591
embedding,61,15,584019,585197,1178
block0,61,15,585197,588149,2952
block1,61,15,588149,590513,2364
head_hidden_first_token,61,0,581657,593806,12149
head_hidden_last_token,61,15,590513,593806,3293
head_output,61,0,593806,594548,742
serializer,61,0,594548,594606,58
patch_queue,62,0,584020,584609,589
embedding,62,0,584609,585787,1178
block0,62,0,585787,588741,2954
block1,62,0,588741,591105,2364
patch_queue,62,1,584610,585199,589
embedding,62,1,585199,586379,1180
block0,62,1,586379,589331,2952
block1,62,1,589331,591695,2364
patch_queue,62,2,585200,585789,589
embedding,62,2,585789,586969,1180
block0,62,2,586969,589921,2952
block1,62,2,589921,592285,2364
patch_queue,62,3,585790,586381,591
embedding,62,3,586381,587559,1178
block0,62,3,587559,590511,2952
block1,62,3,590511,592875,2364
patch_queue,62,4,586382,586971,589
embedding,62,4,586971,588149,1178
block0,62,4,588149,591103,2954
block1,62,4,591103,593467,2364
patch_queue,62,5,586972,587561,589
embedding,62,5,587561,588741,1180
block0,62,5,588741,591693,2952
block1,62,5,591693,594057,2364
patch_queue,62,6,587562,588151,589
embedding,62,6,588151,589331,1180
block0,62,6,589331,592283,2952
block1,62,6,592283,594647,2364
patch_queue,62,7,588152,588743,591
embedding,62,7,588743,589921,1178
block0,62,7,589921,592873,2952
block1,62,7,592873,595237,2364
patch_queue,62,8,588744,589333,589
embedding,62,8,589333,590511,1178
block0,62,8,590511,593465,2954
block1,62,8,593465,595829,2364
patch_queue,62,9,589334,589923,589
embedding,62,9,589923,591103,1180
block0,62,9,591103,594055,2952
block1,62,9,594055,596419,2364
patch_queue,62,10,589924,590513,589
embedding,62,10,590513,591693,1180
block0,62,10,591693,594645,2952
block1,62,10,594645,597009,2364
patch_queue,62,11,590514,591105,591
embedding,62,11,591105,592283,1178
block0,62,11,592283,595235,2952
block1,62,11,595235,597599,2364
patch_queue,62,12,591106,591695,589
embedding,62,12,591695,592873,1178
block0,62,12,592873,595827,2954
block1,62,12,595827,598191,2364
patch_queue,62,13,591696,592285,589
embedding,62,13,592285,593465,1180
block0,62,13,593465,596417,2952
block1,62,13,596417,598781,2364
patch_queue,62,14,592286,592875,589
embedding,62,14,592875,594055,1180
block0,62,14,594055,597007,2952
block1,62,14,597007,599371,2364
patch_queue,62,15,592876,593467,591
embedding,62,15,593467,594645,1178
block0,62,15,594645,597597,2952
block1,62,15,597597,599961,2364
head_hidden_first_token,62,0,591105,603254,12149
head_hidden_last_token,62,15,599961,603254,3293
head_output,62,0,603254,603996,742
serializer,62,0,603996,604054,58
patch_queue,63,0,593468,594057,589
embedding,63,0,594057,595235,1178
block0,63,0,595235,598189,2954
block1,63,0,598189,600553,2364
patch_queue,63,1,594058,594647,589
embedding,63,1,594647,595827,1180
block0,63,1,595827,598779,2952
block1,63,1,598779,601143,2364
patch_queue,63,2,594648,595237,589
embedding,63,2,595237,596417,1180
block0,63,2,596417,599369,2952
block1,63,2,599369,601733,2364
patch_queue,63,3,595238,595829,591
embedding,63,3,595829,597007,1178
block0,63,3,597007,599959,2952
block1,63,3,599959,602323,2364
patch_queue,63,4,595830,596419,589
embedding,63,4,596419,597597,1178
block0,63,4,597597,600551,2954
block1,63,4,600551,602915,2364
patch_queue,63,5,596420,597009,589
embedding,63,5,597009,598189,1180
block0,63,5,598189,601141,2952
block1,63,5,601141,603505,2364
patch_queue,63,6,597010,597599,589
embedding,63,6,597599,598779,1180
block0,63,6,598779,601731,2952
block1,63,6,601731,604095,2364
patch_queue,63,7,597600,598191,591
embedding,63,7,598191,599369,1178
block0,63,7,599369,602321,2952
block1,63,7,602321,604685,2364
patch_queue,63,8,598192,598781,589
embedding,63,8,598781,599959,1178
block0,63,8,599959,602913,2954
block1,63,8,602913,605277,2364
patch_queue,63,9,598782,599371,589
embedding,63,9,599371,600551,1180
block0,63,9,600551,603503,2952
block1,63,9,603503,605867,2364
patch_queue,63,10,599372,599961,589
embedding,63,10,599961,601141,1180
block0,63,10,601141,604093,2952
block1,63,10,604093,606457,2364
patch_queue,63,11,599962,600553,591
embedding,63,11,600553,601731,1178
block0,63,11,601731,604683,2952
block1,63,11,604683,607047,2364
patch_queue,63,12,600554,601143,589
embedding,63,12,601143,602321,1178
block0,63,12,602321,605275,2954
block1,63,12,605275,607639,2364
patch_queue,63,13,601144,601733,589
embedding,63,13,601733,602913,1180
block0,63,13,602913,605865,2952
block1,63,13,605865,608229,2364
patch_queue,63,14,601734,602323,589
embedding,63,14,602323,603503,1180
block0,63,14,603503,606455,2952
block1,63,14,606455,608819,2364
patch_queue,63,15,602324,602915,591
embedding,63,15,602915,604093,1178
block0,63,15,604093,607045,2952
block1,63,15,607045,609409,2364
head_hidden_first_token,63,0,600553,612702,12149
head_hidden_last_token,63,15,609409,612702,3293
head_output,63,0,612702,613444,742
serializer,63,0,613444,613502,58
