SWAY_PERF_BEGIN,64,14
SWAY_PERF_INPUT_FRAME,0,2,321
SWAY_PROFILE,patch_ready,0,0,348
SWAY_PROFILE,embedding_in,0,0,349
SWAY_PROFILE,patch_ready,0,1,371
SWAY_PROFILE,embedding_in,0,1,601
SWAY_PROFILE,block0_in,0,0,601
SWAY_PROFILE,patch_ready,0,2,602
SWAY_PERF_INPUT_FRAME,1,322,641
SWAY_PROFILE,embedding_in,0,2,853
SWAY_PROFILE,block0_in,0,1,853
SWAY_PROFILE,patch_ready,0,3,854
SWAY_PROFILE,embedding_in,0,3,1105
SWAY_PROFILE,block0_in,0,2,1105
SWAY_PROFILE,patch_ready,0,4,1106
SWAY_PROFILE,embedding_in,0,4,1357
SWAY_PROFILE,patch_ready,0,5,1358
SWAY_PROFILE,block0_in,0,3,1413
SWAY_PROFILE,embedding_in,0,5,1609
SWAY_PROFILE,patch_ready,0,6,1610
SWAY_PROFILE,block0_in,0,4,1818
SWAY_PROFILE,embedding_in,0,6,1861
SWAY_PROFILE,patch_ready,0,7,1862
SWAY_PROFILE,block0_in,0,5,2965
SWAY_PROFILE,block1_in,0,0,2965
SWAY_PROFILE,embedding_in,0,7,2967
SWAY_PROFILE,patch_ready,0,8,2968
SWAY_PROFILE,block0_in,0,6,3555
SWAY_PROFILE,block1_in,0,1,3555
SWAY_PROFILE,embedding_in,0,8,3557
SWAY_PROFILE,patch_ready,0,9,3558
SWAY_PROFILE,block0_in,0,7,4145
SWAY_PROFILE,block1_in,0,2,4145
SWAY_PROFILE,embedding_in,0,9,4147
SWAY_PROFILE,patch_ready,0,10,4148
SWAY_PROFILE,block0_in,0,8,4735
SWAY_PROFILE,block1_in,0,3,4735
SWAY_PROFILE,embedding_in,0,10,4737
SWAY_PROFILE,patch_ready,0,11,4738
SWAY_PROFILE,block0_in,0,9,5327
SWAY_PROFILE,block1_in,0,4,5327
SWAY_PROFILE,embedding_in,0,11,5329
SWAY_PROFILE,head_in,0,0,5329
SWAY_PROFILE,patch_ready,0,12,5330
SWAY_PROFILE,block0_in,0,10,5917
SWAY_PROFILE,block1_in,0,5,5917
SWAY_PROFILE,embedding_in,0,12,5919
SWAY_PROFILE,head_in,0,1,5919
SWAY_PROFILE,patch_ready,0,13,5920
SWAY_PROFILE,block0_in,0,11,6507
SWAY_PROFILE,block1_in,0,6,6507
SWAY_PROFILE,embedding_in,0,13,6509
SWAY_PROFILE,head_in,0,2,6509
SWAY_PROFILE,patch_ready,0,14,6510
SWAY_PROFILE,block0_in,0,12,7097
SWAY_PROFILE,block1_in,0,7,7097
SWAY_PROFILE,embedding_in,0,14,7099
SWAY_PROFILE,head_in,0,3,7099
SWAY_PROFILE,patch_ready,0,15,7100
SWAY_PERF_INPUT_FRAME,2,642,7390
SWAY_PROFILE,block0_in,0,13,7689
SWAY_PROFILE,block1_in,0,8,7689
SWAY_PROFILE,embedding_in,0,15,7691
SWAY_PROFILE,head_in,0,4,7691
SWAY_PROFILE,patch_ready,1,0,7692
SWAY_PROFILE,block0_in,0,14,8279
SWAY_PROFILE,block1_in,0,9,8279
SWAY_PROFILE,embedding_in,1,0,8281
SWAY_PROFILE,head_in,0,5,8281
SWAY_PROFILE,patch_ready,1,1,8282
SWAY_PROFILE,block0_in,0,15,8869
SWAY_PROFILE,block1_in,0,10,8869
SWAY_PROFILE,embedding_in,1,1,8871
SWAY_PROFILE,head_in,0,6,8871
SWAY_PROFILE,patch_ready,1,2,8872
SWAY_PROFILE,block0_in,1,0,9459
SWAY_PROFILE,block1_in,0,11,9459
SWAY_PROFILE,embedding_in,1,2,9461
SWAY_PROFILE,head_in,0,7,9461
SWAY_PROFILE,patch_ready,1,3,9462
SWAY_PROFILE,block0_in,1,1,10051
SWAY_PROFILE,block1_in,0,12,10051
SWAY_PROFILE,embedding_in,1,3,10053
SWAY_PROFILE,head_in,0,8,10053
SWAY_PROFILE,patch_ready,1,4,10054
SWAY_PROFILE,block0_in,1,2,10641
SWAY_PROFILE,block1_in,0,13,10641
SWAY_PROFILE,embedding_in,1,4,10643
SWAY_PROFILE,head_in,0,9,10643
SWAY_PROFILE,patch_ready,1,5,10644
SWAY_PROFILE,block0_in,1,3,11231
SWAY_PROFILE,block1_in,0,14,11231
SWAY_PROFILE,embedding_in,1,5,11233
SWAY_PROFILE,head_in,0,10,11233
SWAY_PROFILE,patch_ready,1,6,11234
SWAY_PROFILE,block0_in,1,4,11821
SWAY_PROFILE,block1_in,0,15,11821
SWAY_PROFILE,embedding_in,1,6,11823
SWAY_PROFILE,head_in,0,11,11823
SWAY_PROFILE,patch_ready,1,7,11824
SWAY_PROFILE,block0_in,1,5,12413
SWAY_PROFILE,block1_in,1,0,12413
SWAY_PROFILE,embedding_in,1,7,12415
SWAY_PROFILE,head_in,0,12,12415
SWAY_PROFILE,patch_ready,1,8,12416
SWAY_PROFILE,block0_in,1,6,13003
SWAY_PROFILE,block1_in,1,1,13003
SWAY_PROFILE,embedding_in,1,8,13005
SWAY_PROFILE,head_in,0,13,13005
SWAY_PROFILE,patch_ready,1,9,13006
SWAY_PROFILE,block0_in,1,7,13593
SWAY_PROFILE,block1_in,1,2,13593
SWAY_PROFILE,embedding_in,1,9,13595
SWAY_PROFILE,head_in,0,14,13595
SWAY_PROFILE,patch_ready,1,10,13596
SWAY_PROFILE,block0_in,1,8,14183
SWAY_PROFILE,block1_in,1,3,14183
SWAY_PROFILE,embedding_in,1,10,14185
SWAY_PROFILE,head_in,0,15,14185
SWAY_PROFILE,patch_ready,1,11,14186
SWAY_PROFILE,block0_in,1,9,14775
SWAY_PROFILE,block1_in,1,4,14775
SWAY_PROFILE,embedding_in,1,11,14777
SWAY_PROFILE,head_in,1,0,14777
SWAY_PROFILE,patch_ready,1,12,14778
SWAY_PROFILE,block0_in,1,10,15365
SWAY_PROFILE,block1_in,1,5,15365
SWAY_PROFILE,embedding_in,1,12,15367
SWAY_PROFILE,head_in,1,1,15367
SWAY_PROFILE,patch_ready,1,13,15368
SWAY_PROFILE,block0_in,1,11,15955
SWAY_PROFILE,block1_in,1,6,15955
SWAY_PROFILE,embedding_in,1,13,15957
SWAY_PROFILE,head_in,1,2,15957
SWAY_PROFILE,patch_ready,1,14,15958
SWAY_PROFILE,block0_in,1,12,16545
SWAY_PROFILE,block1_in,1,7,16545
SWAY_PROFILE,embedding_in,1,14,16547
SWAY_PROFILE,head_in,1,3,16547
SWAY_PROFILE,patch_ready,1,15,16548
SWAY_PERF_INPUT_FRAME,3,7391,16838
SWAY_PROFILE,block0_in,1,13,17137
SWAY_PROFILE,block1_in,1,8,17137
SWAY_PROFILE,embedding_in,1,15,17139
SWAY_PROFILE,head_in,1,4,17139
SWAY_PROFILE,patch_ready,2,0,17140
SWAY_PROFILE,head_output_in,0,0,17478
SWAY_PROFILE,block0_in,1,14,17727
SWAY_PROFILE,block1_in,1,9,17727
SWAY_PROFILE,embedding_in,2,0,17729
SWAY_PROFILE,head_in,1,5,17729
SWAY_PROFILE,patch_ready,2,1,17730
SWAY_PROFILE,serialize_in,0,0,18220
SWAY_PERF_OUTPUT,0,7,18222
SWAY_PERF_OUTPUT,1,7,18223
SWAY_PERF_OUTPUT,2,6,18224
SWAY_PERF_OUTPUT,3,6,18225
SWAY_PERF_OUTPUT,4,12,18226
SWAY_PERF_OUTPUT,5,16,18227
SWAY_PERF_OUTPUT,6,19,18228
SWAY_PERF_OUTPUT,7,1,18229
SWAY_PERF_OUTPUT,8,-2,18230
SWAY_PERF_OUTPUT,9,-3,18231
SWAY_PERF_OUTPUT,10,9,18232
SWAY_PERF_OUTPUT,11,10,18233
SWAY_PERF_OUTPUT,12,11,18234
SWAY_PERF_OUTPUT,13,11,18235
SWAY_PERF_OUTPUT,14,4,18236
SWAY_PERF_OUTPUT,15,2,18237
SWAY_PERF_OUTPUT,16,0,18238
SWAY_PERF_OUTPUT,17,0,18239
SWAY_PERF_OUTPUT,18,7,18240
SWAY_PERF_OUTPUT,19,63,18241
SWAY_PERF_OUTPUT,20,63,18242
SWAY_PERF_OUTPUT,21,63,18243
SWAY_PERF_OUTPUT,22,62,18244
SWAY_PERF_OUTPUT,23,62,18245
SWAY_PERF_OUTPUT,24,63,18246
SWAY_PERF_OUTPUT,25,61,18247
SWAY_PERF_OUTPUT,26,62,18248
SWAY_PERF_OUTPUT,27,63,18249
SWAY_PERF_OUTPUT,28,61,18250
SWAY_PERF_OUTPUT,29,62,18251
SWAY_PERF_OUTPUT,30,62,18252
SWAY_PERF_OUTPUT,31,63,18253
SWAY_PERF_OUTPUT,32,61,18254
SWAY_PERF_OUTPUT,33,62,18255
SWAY_PERF_OUTPUT,34,62,18256
SWAY_PERF_OUTPUT,35,63,18257
SWAY_PERF_OUTPUT,36,60,18258
SWAY_PERF_OUTPUT,37,63,18259
SWAY_PERF_OUTPUT,38,-7,18260
SWAY_PERF_OUTPUT,39,2,18261
SWAY_PERF_OUTPUT,40,13,18262
SWAY_PERF_OUTPUT,41,17,18263
SWAY_PERF_OUTPUT,42,9,18264
SWAY_PERF_OUTPUT,43,5,18265
SWAY_PERF_OUTPUT,44,2,18266
SWAY_PERF_OUTPUT,45,9,18267
SWAY_PERF_OUTPUT,46,2,18268
SWAY_PERF_OUTPUT,47,-4,18269
SWAY_PERF_OUTPUT,48,-7,18270
SWAY_PERF_OUTPUT,49,-17,18271
SWAY_PERF_OUTPUT,50,-28,18272
SWAY_PERF_OUTPUT,51,-29,18273
SWAY_PERF_OUTPUT,52,-7,18274
SWAY_PERF_OUTPUT,53,-16,18275
SWAY_PERF_OUTPUT,54,-27,18276
SWAY_PERF_OUTPUT,55,-29,18277
SWAY_PERF_OUTPUT,56,10,18278
SWAY_PERF_FRAME,0,18222,18278
SWAY_PROFILE,block0_in,1,15,18317
SWAY_PROFILE,block1_in,1,10,18317
SWAY_PROFILE,embedding_in,2,1,18319
SWAY_PROFILE,head_in,1,6,18319
SWAY_PROFILE,patch_ready,2,2,18320
SWAY_PROFILE,block0_in,2,0,18907
SWAY_PROFILE,block1_in,1,11,18907
SWAY_PROFILE,embedding_in,2,2,18909
SWAY_PROFILE,head_in,1,7,18909
SWAY_PROFILE,patch_ready,2,3,18910
SWAY_PROFILE,block0_in,2,1,19499
SWAY_PROFILE,block1_in,1,12,19499
SWAY_PROFILE,embedding_in,2,3,19501
SWAY_PROFILE,head_in,1,8,19501
SWAY_PROFILE,patch_ready,2,4,19502
SWAY_PROFILE,block0_in,2,2,20089
SWAY_PROFILE,block1_in,1,13,20089
SWAY_PROFILE,embedding_in,2,4,20091
SWAY_PROFILE,head_in,1,9,20091
SWAY_PROFILE,patch_ready,2,5,20092
SWAY_PROFILE,block0_in,2,3,20679
SWAY_PROFILE,block1_in,1,14,20679
SWAY_PROFILE,embedding_in,2,5,20681
SWAY_PROFILE,head_in,1,10,20681
SWAY_PROFILE,patch_ready,2,6,20682
SWAY_PROFILE,block0_in,2,4,21269
SWAY_PROFILE,block1_in,1,15,21269
SWAY_PROFILE,embedding_in,2,6,21271
SWAY_PROFILE,head_in,1,11,21271
SWAY_PROFILE,patch_ready,2,7,21272
SWAY_PROFILE,block0_in,2,5,21861
SWAY_PROFILE,block1_in,2,0,21861
SWAY_PROFILE,embedding_in,2,7,21863
SWAY_PROFILE,head_in,1,12,21863
SWAY_PROFILE,patch_ready,2,8,21864
SWAY_PROFILE,block0_in,2,6,22451
SWAY_PROFILE,block1_in,2,1,22451
SWAY_PROFILE,embedding_in,2,8,22453
SWAY_PROFILE,head_in,1,13,22453
SWAY_PROFILE,patch_ready,2,9,22454
SWAY_PROFILE,block0_in,2,7,23041
SWAY_PROFILE,block1_in,2,2,23041
SWAY_PROFILE,embedding_in,2,9,23043
SWAY_PROFILE,head_in,1,14,23043
SWAY_PROFILE,patch_ready,2,10,23044
SWAY_PROFILE,block0_in,2,8,23631
SWAY_PROFILE,block1_in,2,3,23631
SWAY_PROFILE,embedding_in,2,10,23633
SWAY_PROFILE,head_in,1,15,23633
SWAY_PROFILE,patch_ready,2,11,23634
SWAY_PROFILE,block0_in,2,9,24223
SWAY_PROFILE,block1_in,2,4,24223
SWAY_PROFILE,embedding_in,2,11,24225
SWAY_PROFILE,head_in,2,0,24225
SWAY_PROFILE,patch_ready,2,12,24226
SWAY_PROFILE,block0_in,2,10,24813
SWAY_PROFILE,block1_in,2,5,24813
SWAY_PROFILE,embedding_in,2,12,24815
SWAY_PROFILE,head_in,2,1,24815
SWAY_PROFILE,patch_ready,2,13,24816
SWAY_PROFILE,block0_in,2,11,25403
SWAY_PROFILE,block1_in,2,6,25403
SWAY_PROFILE,embedding_in,2,13,25405
SWAY_PROFILE,head_in,2,2,25405
SWAY_PROFILE,patch_ready,2,14,25406
SWAY_PROFILE,block0_in,2,12,25993
SWAY_PROFILE,block1_in,2,7,25993
SWAY_PROFILE,embedding_in,2,14,25995
SWAY_PROFILE,head_in,2,3,25995
SWAY_PROFILE,patch_ready,2,15,25996
SWAY_PERF_INPUT_FRAME,4,16839,26286
SWAY_PROFILE,block0_in,2,13,26585
SWAY_PROFILE,block1_in,2,8,26585
SWAY_PROFILE,embedding_in,2,15,26587
SWAY_PROFILE,head_in,2,4,26587
SWAY_PROFILE,patch_ready,3,0,26588
SWAY_PROFILE,head_output_in,1,0,26926
SWAY_PROFILE,block0_in,2,14,27175
SWAY_PROFILE,block1_in,2,9,27175
SWAY_PROFILE,embedding_in,3,0,27177
SWAY_PROFILE,head_in,2,5,27177
SWAY_PROFILE,patch_ready,3,1,27178
SWAY_PROFILE,serialize_in,1,0,27668
SWAY_PERF_OUTPUT,57,7,27670
SWAY_PERF_OUTPUT,58,8,27671
SWAY_PERF_OUTPUT,59,8,27672
SWAY_PERF_OUTPUT,60,8,27673
SWAY_PERF_OUTPUT,61,13,27674
SWAY_PERF_OUTPUT,62,17,27675
SWAY_PERF_OUTPUT,63,20,27676
SWAY_PERF_OUTPUT,64,2,27677
SWAY_PERF_OUTPUT,65,-2,27678
SWAY_PERF_OUTPUT,66,-5,27679
SWAY_PERF_OUTPUT,67,10,27680
SWAY_PERF_OUTPUT,68,11,27681
SWAY_PERF_OUTPUT,69,10,27682
SWAY_PERF_OUTPUT,70,11,27683
SWAY_PERF_OUTPUT,71,5,27684
SWAY_PERF_OUTPUT,72,3,27685
SWAY_PERF_OUTPUT,73,0,27686
SWAY_PERF_OUTPUT,74,0,27687
SWAY_PERF_OUTPUT,75,8,27688
SWAY_PERF_OUTPUT,76,62,27689
SWAY_PERF_OUTPUT,77,62,27690
SWAY_PERF_OUTPUT,78,62,27691
SWAY_PERF_OUTPUT,79,62,27692
SWAY_PERF_OUTPUT,80,62,27693
SWAY_PERF_OUTPUT,81,62,27694
SWAY_PERF_OUTPUT,82,60,27695
SWAY_PERF_OUTPUT,83,61,27696
SWAY_PERF_OUTPUT,84,61,27697
SWAY_PERF_OUTPUT,85,60,27698
SWAY_PERF_OUTPUT,86,61,27699
SWAY_PERF_OUTPUT,87,60,27700
SWAY_PERF_OUTPUT,88,62,27701
SWAY_PERF_OUTPUT,89,59,27702
SWAY_PERF_OUTPUT,90,61,27703
SWAY_PERF_OUTPUT,91,61,27704
SWAY_PERF_OUTPUT,92,64,27705
SWAY_PERF_OUTPUT,93,60,27706
SWAY_PERF_OUTPUT,94,62,27707
SWAY_PERF_OUTPUT,95,-6,27708
SWAY_PERF_OUTPUT,96,4,27709
SWAY_PERF_OUTPUT,97,14,27710
SWAY_PERF_OUTPUT,98,18,27711
SWAY_PERF_OUTPUT,99,10,27712
SWAY_PERF_OUTPUT,100,6,27713
SWAY_PERF_OUTPUT,101,-1,27714
SWAY_PERF_OUTPUT,102,10,27715
SWAY_PERF_OUTPUT,103,4,27716
SWAY_PERF_OUTPUT,104,-1,27717
SWAY_PERF_OUTPUT,105,-5,27718
SWAY_PERF_OUTPUT,106,-16,27719
SWAY_PERF_OUTPUT,107,-26,27720
SWAY_PERF_OUTPUT,108,-29,27721
SWAY_PERF_OUTPUT,109,-6,27722
SWAY_PERF_OUTPUT,110,-15,27723
SWAY_PERF_OUTPUT,111,-26,27724
SWAY_PERF_OUTPUT,112,-28,27725
SWAY_PERF_OUTPUT,113,11,27726
SWAY_PERF_FRAME,1,27670,27726
SWAY_PROFILE,block0_in,2,15,27765
SWAY_PROFILE,block1_in,2,10,27765
SWAY_PROFILE,embedding_in,3,1,27767
SWAY_PROFILE,head_in,2,6,27767
SWAY_PROFILE,patch_ready,3,2,27768
SWAY_PROFILE,block0_in,3,0,28355
SWAY_PROFILE,block1_in,2,11,28355
SWAY_PROFILE,embedding_in,3,2,28357
SWAY_PROFILE,head_in,2,7,28357
SWAY_PROFILE,patch_ready,3,3,28358
SWAY_PROFILE,block0_in,3,1,28947
SWAY_PROFILE,block1_in,2,12,28947
SWAY_PROFILE,embedding_in,3,3,28949
SWAY_PROFILE,head_in,2,8,28949
SWAY_PROFILE,patch_ready,3,4,28950
SWAY_PROFILE,block0_in,3,2,29537
SWAY_PROFILE,block1_in,2,13,29537
SWAY_PROFILE,embedding_in,3,4,29539
SWAY_PROFILE,head_in,2,9,29539
SWAY_PROFILE,patch_ready,3,5,29540
SWAY_PROFILE,block0_in,3,3,30127
SWAY_PROFILE,block1_in,2,14,30127
SWAY_PROFILE,embedding_in,3,5,30129
SWAY_PROFILE,head_in,2,10,30129
SWAY_PROFILE,patch_ready,3,6,30130
SWAY_PROFILE,block0_in,3,4,30717
SWAY_PROFILE,block1_in,2,15,30717
SWAY_PROFILE,embedding_in,3,6,30719
SWAY_PROFILE,head_in,2,11,30719
SWAY_PROFILE,patch_ready,3,7,30720
SWAY_PROFILE,block0_in,3,5,31309
SWAY_PROFILE,block1_in,3,0,31309
SWAY_PROFILE,embedding_in,3,7,31311
SWAY_PROFILE,head_in,2,12,31311
SWAY_PROFILE,patch_ready,3,8,31312
SWAY_PROFILE,block0_in,3,6,31899
SWAY_PROFILE,block1_in,3,1,31899
SWAY_PROFILE,embedding_in,3,8,31901
SWAY_PROFILE,head_in,2,13,31901
SWAY_PROFILE,patch_ready,3,9,31902
SWAY_PROFILE,block0_in,3,7,32489
SWAY_PROFILE,block1_in,3,2,32489
SWAY_PROFILE,embedding_in,3,9,32491
SWAY_PROFILE,head_in,2,14,32491
SWAY_PROFILE,patch_ready,3,10,32492
SWAY_PROFILE,block0_in,3,8,33079
SWAY_PROFILE,block1_in,3,3,33079
SWAY_PROFILE,embedding_in,3,10,33081
SWAY_PROFILE,head_in,2,15,33081
SWAY_PROFILE,patch_ready,3,11,33082
SWAY_PROFILE,block0_in,3,9,33671
SWAY_PROFILE,block1_in,3,4,33671
SWAY_PROFILE,embedding_in,3,11,33673
SWAY_PROFILE,head_in,3,0,33673
SWAY_PROFILE,patch_ready,3,12,33674
SWAY_PROFILE,block0_in,3,10,34261
SWAY_PROFILE,block1_in,3,5,34261
SWAY_PROFILE,embedding_in,3,12,34263
SWAY_PROFILE,head_in,3,1,34263
SWAY_PROFILE,patch_ready,3,13,34264
SWAY_PROFILE,block0_in,3,11,34851
SWAY_PROFILE,block1_in,3,6,34851
SWAY_PROFILE,embedding_in,3,13,34853
SWAY_PROFILE,head_in,3,2,34853
SWAY_PROFILE,patch_ready,3,14,34854
SWAY_PROFILE,block0_in,3,12,35441
SWAY_PROFILE,block1_in,3,7,35441
SWAY_PROFILE,embedding_in,3,14,35443
SWAY_PROFILE,head_in,3,3,35443
SWAY_PROFILE,patch_ready,3,15,35444
SWAY_PERF_INPUT_FRAME,5,26287,35734
SWAY_PROFILE,block0_in,3,13,36033
SWAY_PROFILE,block1_in,3,8,36033
SWAY_PROFILE,embedding_in,3,15,36035
SWAY_PROFILE,head_in,3,4,36035
SWAY_PROFILE,patch_ready,4,0,36036
SWAY_PROFILE,head_output_in,2,0,36374
SWAY_PROFILE,block0_in,3,14,36623
SWAY_PROFILE,block1_in,3,9,36623
SWAY_PROFILE,embedding_in,4,0,36625
SWAY_PROFILE,head_in,3,5,36625
SWAY_PROFILE,patch_ready,4,1,36626
SWAY_PROFILE,serialize_in,2,0,37116
SWAY_PERF_OUTPUT,114,8,37118
SWAY_PERF_OUTPUT,115,9,37119
SWAY_PERF_OUTPUT,116,8,37120
SWAY_PERF_OUTPUT,117,9,37121
SWAY_PERF_OUTPUT,118,13,37122
SWAY_PERF_OUTPUT,119,16,37123
SWAY_PERF_OUTPUT,120,15,37124
SWAY_PERF_OUTPUT,121,4,37125
SWAY_PERF_OUTPUT,122,1,37126
SWAY_PERF_OUTPUT,123,0,37127
SWAY_PERF_OUTPUT,124,10,37128
SWAY_PERF_OUTPUT,125,10,37129
SWAY_PERF_OUTPUT,126,8,37130
SWAY_PERF_OUTPUT,127,8,37131
SWAY_PERF_OUTPUT,128,6,37132
SWAY_PERF_OUTPUT,129,4,37133
SWAY_PERF_OUTPUT,130,2,37134
SWAY_PERF_OUTPUT,131,1,37135
SWAY_PERF_OUTPUT,132,9,37136
SWAY_PERF_OUTPUT,133,63,37137
SWAY_PERF_OUTPUT,134,63,37138
SWAY_PERF_OUTPUT,135,63,37139
SWAY_PERF_OUTPUT,136,63,37140
SWAY_PERF_OUTPUT,137,62,37141
SWAY_PERF_OUTPUT,138,62,37142
SWAY_PERF_OUTPUT,139,60,37143
SWAY_PERF_OUTPUT,140,62,37144
SWAY_PERF_OUTPUT,141,64,37145
SWAY_PERF_OUTPUT,142,62,37146
SWAY_PERF_OUTPUT,143,62,37147
SWAY_PERF_OUTPUT,144,62,37148
SWAY_PERF_OUTPUT,145,63,37149
SWAY_PERF_OUTPUT,146,62,37150
SWAY_PERF_OUTPUT,147,62,37151
SWAY_PERF_OUTPUT,148,62,37152
SWAY_PERF_OUTPUT,149,63,37153
SWAY_PERF_OUTPUT,150,59,37154
SWAY_PERF_OUTPUT,151,63,37155
SWAY_PERF_OUTPUT,152,-8,37156
SWAY_PERF_OUTPUT,153,2,37157
SWAY_PERF_OUTPUT,154,13,37158
SWAY_PERF_OUTPUT,155,17,37159
SWAY_PERF_OUTPUT,156,9,37160
SWAY_PERF_OUTPUT,157,2,37161
SWAY_PERF_OUTPUT,158,-4,37162
SWAY_PERF_OUTPUT,159,8,37163
SWAY_PERF_OUTPUT,160,2,37164
SWAY_PERF_OUTPUT,161,-4,37165
SWAY_PERF_OUTPUT,162,-7,37166
SWAY_PERF_OUTPUT,163,-17,37167
SWAY_PERF_OUTPUT,164,-28,37168
SWAY_PERF_OUTPUT,165,-30,37169
SWAY_PERF_OUTPUT,166,-7,37170
SWAY_PERF_OUTPUT,167,-16,37171
SWAY_PERF_OUTPUT,168,-26,37172
SWAY_PERF_OUTPUT,169,-29,37173
SWAY_PERF_OUTPUT,170,10,37174
SWAY_PERF_FRAME,2,37118,37174
SWAY_PROFILE,block0_in,3,15,37213
SWAY_PROFILE,block1_in,3,10,37213
SWAY_PROFILE,embedding_in,4,1,37215
SWAY_PROFILE,head_in,3,6,37215
SWAY_PROFILE,patch_ready,4,2,37216
SWAY_PROFILE,block0_in,4,0,37803
SWAY_PROFILE,block1_in,3,11,37803
SWAY_PROFILE,embedding_in,4,2,37805
SWAY_PROFILE,head_in,3,7,37805
SWAY_PROFILE,patch_ready,4,3,37806
SWAY_PROFILE,block0_in,4,1,38395
SWAY_PROFILE,block1_in,3,12,38395
SWAY_PROFILE,embedding_in,4,3,38397
SWAY_PROFILE,head_in,3,8,38397
SWAY_PROFILE,patch_ready,4,4,38398
SWAY_PROFILE,block0_in,4,2,38985
SWAY_PROFILE,block1_in,3,13,38985
SWAY_PROFILE,embedding_in,4,4,38987
SWAY_PROFILE,head_in,3,9,38987
SWAY_PROFILE,patch_ready,4,5,38988
SWAY_PROFILE,block0_in,4,3,39575
SWAY_PROFILE,block1_in,3,14,39575
SWAY_PROFILE,embedding_in,4,5,39577
SWAY_PROFILE,head_in,3,10,39577
SWAY_PROFILE,patch_ready,4,6,39578
SWAY_PROFILE,block0_in,4,4,40165
SWAY_PROFILE,block1_in,3,15,40165
SWAY_PROFILE,embedding_in,4,6,40167
SWAY_PROFILE,head_in,3,11,40167
SWAY_PROFILE,patch_ready,4,7,40168
SWAY_PROFILE,block0_in,4,5,40757
SWAY_PROFILE,block1_in,4,0,40757
SWAY_PROFILE,embedding_in,4,7,40759
SWAY_PROFILE,head_in,3,12,40759
SWAY_PROFILE,patch_ready,4,8,40760
SWAY_PROFILE,block0_in,4,6,41347
SWAY_PROFILE,block1_in,4,1,41347
SWAY_PROFILE,embedding_in,4,8,41349
SWAY_PROFILE,head_in,3,13,41349
SWAY_PROFILE,patch_ready,4,9,41350
SWAY_PROFILE,block0_in,4,7,41937
SWAY_PROFILE,block1_in,4,2,41937
SWAY_PROFILE,embedding_in,4,9,41939
SWAY_PROFILE,head_in,3,14,41939
SWAY_PROFILE,patch_ready,4,10,41940
SWAY_PROFILE,block0_in,4,8,42527
SWAY_PROFILE,block1_in,4,3,42527
SWAY_PROFILE,embedding_in,4,10,42529
SWAY_PROFILE,head_in,3,15,42529
SWAY_PROFILE,patch_ready,4,11,42530
SWAY_PROFILE,block0_in,4,9,43119
SWAY_PROFILE,block1_in,4,4,43119
SWAY_PROFILE,embedding_in,4,11,43121
SWAY_PROFILE,head_in,4,0,43121
SWAY_PROFILE,patch_ready,4,12,43122
SWAY_PROFILE,block0_in,4,10,43709
SWAY_PROFILE,block1_in,4,5,43709
SWAY_PROFILE,embedding_in,4,12,43711
SWAY_PROFILE,head_in,4,1,43711
SWAY_PROFILE,patch_ready,4,13,43712
SWAY_PROFILE,block0_in,4,11,44299
SWAY_PROFILE,block1_in,4,6,44299
SWAY_PROFILE,embedding_in,4,13,44301
SWAY_PROFILE,head_in,4,2,44301
SWAY_PROFILE,patch_ready,4,14,44302
SWAY_PROFILE,block0_in,4,12,44889
SWAY_PROFILE,block1_in,4,7,44889
SWAY_PROFILE,embedding_in,4,14,44891
SWAY_PROFILE,head_in,4,3,44891
SWAY_PROFILE,patch_ready,4,15,44892
SWAY_PERF_INPUT_FRAME,6,35735,45182
SWAY_PROFILE,block0_in,4,13,45481
SWAY_PROFILE,block1_in,4,8,45481
SWAY_PROFILE,embedding_in,4,15,45483
SWAY_PROFILE,head_in,4,4,45483
SWAY_PROFILE,patch_ready,5,0,45484
SWAY_PROFILE,head_output_in,3,0,45822
SWAY_PROFILE,block0_in,4,14,46071
SWAY_PROFILE,block1_in,4,9,46071
SWAY_PROFILE,embedding_in,5,0,46073
SWAY_PROFILE,head_in,4,5,46073
SWAY_PROFILE,patch_ready,5,1,46074
SWAY_PROFILE,serialize_in,3,0,46564
SWAY_PERF_OUTPUT,171,7,46566
SWAY_PERF_OUTPUT,172,7,46567
SWAY_PERF_OUTPUT,173,6,46568
SWAY_PERF_OUTPUT,174,7,46569
SWAY_PERF_OUTPUT,175,13,46570
SWAY_PERF_OUTPUT,176,17,46571
SWAY_PERF_OUTPUT,177,20,46572
SWAY_PERF_OUTPUT,178,1,46573
SWAY_PERF_OUTPUT,179,-3,46574
SWAY_PERF_OUTPUT,180,-4,46575
SWAY_PERF_OUTPUT,181,10,46576
SWAY_PERF_OUTPUT,182,11,46577
SWAY_PERF_OUTPUT,183,13,46578
SWAY_PERF_OUTPUT,184,13,46579
SWAY_PERF_OUTPUT,185,5,46580
SWAY_PERF_OUTPUT,186,4,46581
SWAY_PERF_OUTPUT,187,2,46582
SWAY_PERF_OUTPUT,188,2,46583
SWAY_PERF_OUTPUT,189,7,46584
SWAY_PERF_OUTPUT,190,62,46585
SWAY_PERF_OUTPUT,191,62,46586
SWAY_PERF_OUTPUT,192,62,46587
SWAY_PERF_OUTPUT,193,61,46588
SWAY_PERF_OUTPUT,194,63,46589
SWAY_PERF_OUTPUT,195,65,46590
SWAY_PERF_OUTPUT,196,62,46591
SWAY_PERF_OUTPUT,197,60,46592
SWAY_PERF_OUTPUT,198,59,46593
SWAY_PERF_OUTPUT,199,57,46594
SWAY_PERF_OUTPUT,200,60,46595
SWAY_PERF_OUTPUT,201,60,46596
SWAY_PERF_OUTPUT,202,59,46597
SWAY_PERF_OUTPUT,203,56,46598
SWAY_PERF_OUTPUT,204,60,46599
SWAY_PERF_OUTPUT,205,63,46600
SWAY_PERF_OUTPUT,206,65,46601
SWAY_PERF_OUTPUT,207,62,46602
SWAY_PERF_OUTPUT,208,62,46603
SWAY_PERF_OUTPUT,209,-3,46604
SWAY_PERF_OUTPUT,210,7,46605
SWAY_PERF_OUTPUT,211,17,46606
SWAY_PERF_OUTPUT,212,22,46607
SWAY_PERF_OUTPUT,213,14,46608
SWAY_PERF_OUTPUT,214,10,46609
SWAY_PERF_OUTPUT,215,8,46610
SWAY_PERF_OUTPUT,216,14,46611
SWAY_PERF_OUTPUT,217,8,46612
SWAY_PERF_OUTPUT,218,4,46613
SWAY_PERF_OUTPUT,219,-2,46614
SWAY_PERF_OUTPUT,220,-15,46615
SWAY_PERF_OUTPUT,221,-26,46616
SWAY_PERF_OUTPUT,222,-28,46617
SWAY_PERF_OUTPUT,223,-3,46618
SWAY_PERF_OUTPUT,224,-15,46619
SWAY_PERF_OUTPUT,225,-26,46620
SWAY_PERF_OUTPUT,226,-28,46621
SWAY_PERF_OUTPUT,227,15,46622
SWAY_PERF_FRAME,3,46566,46622
SWAY_PROFILE,block0_in,4,15,46661
SWAY_PROFILE,block1_in,4,10,46661
SWAY_PROFILE,embedding_in,5,1,46663
SWAY_PROFILE,head_in,4,6,46663
SWAY_PROFILE,patch_ready,5,2,46664
SWAY_PROFILE,block0_in,5,0,47251
SWAY_PROFILE,block1_in,4,11,47251
SWAY_PROFILE,embedding_in,5,2,47253
SWAY_PROFILE,head_in,4,7,47253
SWAY_PROFILE,patch_ready,5,3,47254
SWAY_PROFILE,block0_in,5,1,47843
SWAY_PROFILE,block1_in,4,12,47843
SWAY_PROFILE,embedding_in,5,3,47845
SWAY_PROFILE,head_in,4,8,47845
SWAY_PROFILE,patch_ready,5,4,47846
SWAY_PROFILE,block0_in,5,2,48433
SWAY_PROFILE,block1_in,4,13,48433
SWAY_PROFILE,embedding_in,5,4,48435
SWAY_PROFILE,head_in,4,9,48435
SWAY_PROFILE,patch_ready,5,5,48436
SWAY_PROFILE,block0_in,5,3,49023
SWAY_PROFILE,block1_in,4,14,49023
SWAY_PROFILE,embedding_in,5,5,49025
SWAY_PROFILE,head_in,4,10,49025
SWAY_PROFILE,patch_ready,5,6,49026
SWAY_PROFILE,block0_in,5,4,49613
SWAY_PROFILE,block1_in,4,15,49613
SWAY_PROFILE,embedding_in,5,6,49615
SWAY_PROFILE,head_in,4,11,49615
SWAY_PROFILE,patch_ready,5,7,49616
SWAY_PROFILE,block0_in,5,5,50205
SWAY_PROFILE,block1_in,5,0,50205
SWAY_PROFILE,embedding_in,5,7,50207
SWAY_PROFILE,head_in,4,12,50207
SWAY_PROFILE,patch_ready,5,8,50208
SWAY_PROFILE,block0_in,5,6,50795
SWAY_PROFILE,block1_in,5,1,50795
SWAY_PROFILE,embedding_in,5,8,50797
SWAY_PROFILE,head_in,4,13,50797
SWAY_PROFILE,patch_ready,5,9,50798
SWAY_PROFILE,block0_in,5,7,51385
SWAY_PROFILE,block1_in,5,2,51385
SWAY_PROFILE,embedding_in,5,9,51387
SWAY_PROFILE,head_in,4,14,51387
SWAY_PROFILE,patch_ready,5,10,51388
SWAY_PROFILE,block0_in,5,8,51975
SWAY_PROFILE,block1_in,5,3,51975
SWAY_PROFILE,embedding_in,5,10,51977
SWAY_PROFILE,head_in,4,15,51977
SWAY_PROFILE,patch_ready,5,11,51978
SWAY_PROFILE,block0_in,5,9,52567
SWAY_PROFILE,block1_in,5,4,52567
SWAY_PROFILE,embedding_in,5,11,52569
SWAY_PROFILE,head_in,5,0,52569
SWAY_PROFILE,patch_ready,5,12,52570
SWAY_PROFILE,block0_in,5,10,53157
SWAY_PROFILE,block1_in,5,5,53157
SWAY_PROFILE,embedding_in,5,12,53159
SWAY_PROFILE,head_in,5,1,53159
SWAY_PROFILE,patch_ready,5,13,53160
SWAY_PROFILE,block0_in,5,11,53747
SWAY_PROFILE,block1_in,5,6,53747
SWAY_PROFILE,embedding_in,5,13,53749
SWAY_PROFILE,head_in,5,2,53749
SWAY_PROFILE,patch_ready,5,14,53750
SWAY_PROFILE,block0_in,5,12,54337
SWAY_PROFILE,block1_in,5,7,54337
SWAY_PROFILE,embedding_in,5,14,54339
SWAY_PROFILE,head_in,5,3,54339
SWAY_PROFILE,patch_ready,5,15,54340
SWAY_PERF_INPUT_FRAME,7,45183,54630
SWAY_PROFILE,block0_in,5,13,54929
SWAY_PROFILE,block1_in,5,8,54929
SWAY_PROFILE,embedding_in,5,15,54931
SWAY_PROFILE,head_in,5,4,54931
SWAY_PROFILE,patch_ready,6,0,54932
SWAY_PROFILE,head_output_in,4,0,55270
SWAY_PROFILE,block0_in,5,14,55519
SWAY_PROFILE,block1_in,5,9,55519
SWAY_PROFILE,embedding_in,6,0,55521
SWAY_PROFILE,head_in,5,5,55521
SWAY_PROFILE,patch_ready,6,1,55522
SWAY_PROFILE,serialize_in,4,0,56012
SWAY_PERF_OUTPUT,228,8,56014
SWAY_PERF_OUTPUT,229,9,56015
SWAY_PERF_OUTPUT,230,9,56016
SWAY_PERF_OUTPUT,231,9,56017
SWAY_PERF_OUTPUT,232,14,56018
SWAY_PERF_OUTPUT,233,20,56019
SWAY_PERF_OUTPUT,234,23,56020
SWAY_PERF_OUTPUT,235,3,56021
SWAY_PERF_OUTPUT,236,-4,56022
SWAY_PERF_OUTPUT,237,-9,56023
SWAY_PERF_OUTPUT,238,11,56024
SWAY_PERF_OUTPUT,239,13,56025
SWAY_PERF_OUTPUT,240,13,56026
SWAY_PERF_OUTPUT,241,14,56027
SWAY_PERF_OUTPUT,242,6,56028
SWAY_PERF_OUTPUT,243,0,56029
SWAY_PERF_OUTPUT,244,-5,56030
SWAY_PERF_OUTPUT,245,-5,56031
SWAY_PERF_OUTPUT,246,9,56032
SWAY_PERF_OUTPUT,247,62,56033
SWAY_PERF_OUTPUT,248,61,56034
SWAY_PERF_OUTPUT,249,60,56035
SWAY_PERF_OUTPUT,250,59,56036
SWAY_PERF_OUTPUT,251,59,56037
SWAY_PERF_OUTPUT,252,59,56038
SWAY_PERF_OUTPUT,253,58,56039
SWAY_PERF_OUTPUT,254,60,56040
SWAY_PERF_OUTPUT,255,60,56041
SWAY_PERF_OUTPUT,256,59,56042
SWAY_PERF_OUTPUT,257,60,56043
SWAY_PERF_OUTPUT,258,58,56044
SWAY_PERF_OUTPUT,259,61,56045
SWAY_PERF_OUTPUT,260,59,56046
SWAY_PERF_OUTPUT,261,61,56047
SWAY_PERF_OUTPUT,262,59,56048
SWAY_PERF_OUTPUT,263,61,56049
SWAY_PERF_OUTPUT,264,58,56050
SWAY_PERF_OUTPUT,265,60,56051
SWAY_PERF_OUTPUT,266,-8,56052
SWAY_PERF_OUTPUT,267,2,56053
SWAY_PERF_OUTPUT,268,11,56054
SWAY_PERF_OUTPUT,269,15,56055
SWAY_PERF_OUTPUT,270,8,56056
SWAY_PERF_OUTPUT,271,6,56057
SWAY_PERF_OUTPUT,272,5,56058
SWAY_PERF_OUTPUT,273,8,56059
SWAY_PERF_OUTPUT,274,6,56060
SWAY_PERF_OUTPUT,275,8,56061
SWAY_PERF_OUTPUT,276,-7,56062
SWAY_PERF_OUTPUT,277,-16,56063
SWAY_PERF_OUTPUT,278,-27,56064
SWAY_PERF_OUTPUT,279,-29,56065
SWAY_PERF_OUTPUT,280,-7,56066
SWAY_PERF_OUTPUT,281,-14,56067
SWAY_PERF_OUTPUT,282,-25,56068
SWAY_PERF_OUTPUT,283,-27,56069
SWAY_PERF_OUTPUT,284,9,56070
SWAY_PERF_FRAME,4,56014,56070
SWAY_PROFILE,block0_in,5,15,56109
SWAY_PROFILE,block1_in,5,10,56109
SWAY_PROFILE,embedding_in,6,1,56111
SWAY_PROFILE,head_in,5,6,56111
SWAY_PROFILE,patch_ready,6,2,56112
SWAY_PROFILE,block0_in,6,0,56699
SWAY_PROFILE,block1_in,5,11,56699
SWAY_PROFILE,embedding_in,6,2,56701
SWAY_PROFILE,head_in,5,7,56701
SWAY_PROFILE,patch_ready,6,3,56702
SWAY_PROFILE,block0_in,6,1,57291
SWAY_PROFILE,block1_in,5,12,57291
SWAY_PROFILE,embedding_in,6,3,57293
SWAY_PROFILE,head_in,5,8,57293
SWAY_PROFILE,patch_ready,6,4,57294
SWAY_PROFILE,block0_in,6,2,57881
SWAY_PROFILE,block1_in,5,13,57881
SWAY_PROFILE,embedding_in,6,4,57883
SWAY_PROFILE,head_in,5,9,57883
SWAY_PROFILE,patch_ready,6,5,57884
SWAY_PROFILE,block0_in,6,3,58471
SWAY_PROFILE,block1_in,5,14,58471
SWAY_PROFILE,embedding_in,6,5,58473
SWAY_PROFILE,head_in,5,10,58473
SWAY_PROFILE,patch_ready,6,6,58474
SWAY_PROFILE,block0_in,6,4,59061
SWAY_PROFILE,block1_in,5,15,59061
SWAY_PROFILE,embedding_in,6,6,59063
SWAY_PROFILE,head_in,5,11,59063
SWAY_PROFILE,patch_ready,6,7,59064
SWAY_PROFILE,block0_in,6,5,59653
SWAY_PROFILE,block1_in,6,0,59653
SWAY_PROFILE,embedding_in,6,7,59655
SWAY_PROFILE,head_in,5,12,59655
SWAY_PROFILE,patch_ready,6,8,59656
SWAY_PROFILE,block0_in,6,6,60243
SWAY_PROFILE,block1_in,6,1,60243
SWAY_PROFILE,embedding_in,6,8,60245
SWAY_PROFILE,head_in,5,13,60245
SWAY_PROFILE,patch_ready,6,9,60246
SWAY_PROFILE,block0_in,6,7,60833
SWAY_PROFILE,block1_in,6,2,60833
SWAY_PROFILE,embedding_in,6,9,60835
SWAY_PROFILE,head_in,5,14,60835
SWAY_PROFILE,patch_ready,6,10,60836
SWAY_PROFILE,block0_in,6,8,61423
SWAY_PROFILE,block1_in,6,3,61423
SWAY_PROFILE,embedding_in,6,10,61425
SWAY_PROFILE,head_in,5,15,61425
SWAY_PROFILE,patch_ready,6,11,61426
SWAY_PROFILE,block0_in,6,9,62015
SWAY_PROFILE,block1_in,6,4,62015
SWAY_PROFILE,embedding_in,6,11,62017
SWAY_PROFILE,head_in,6,0,62017
SWAY_PROFILE,patch_ready,6,12,62018
SWAY_PROFILE,block0_in,6,10,62605
SWAY_PROFILE,block1_in,6,5,62605
SWAY_PROFILE,embedding_in,6,12,62607
SWAY_PROFILE,head_in,6,1,62607
SWAY_PROFILE,patch_ready,6,13,62608
SWAY_PROFILE,block0_in,6,11,63195
SWAY_PROFILE,block1_in,6,6,63195
SWAY_PROFILE,embedding_in,6,13,63197
SWAY_PROFILE,head_in,6,2,63197
SWAY_PROFILE,patch_ready,6,14,63198
SWAY_PROFILE,block0_in,6,12,63785
SWAY_PROFILE,block1_in,6,7,63785
SWAY_PROFILE,embedding_in,6,14,63787
SWAY_PROFILE,head_in,6,3,63787
SWAY_PROFILE,patch_ready,6,15,63788
SWAY_PERF_INPUT_FRAME,8,54631,64078
SWAY_PROFILE,block0_in,6,13,64377
SWAY_PROFILE,block1_in,6,8,64377
SWAY_PROFILE,embedding_in,6,15,64379
SWAY_PROFILE,head_in,6,4,64379
SWAY_PROFILE,patch_ready,7,0,64380
SWAY_PROFILE,head_output_in,5,0,64718
SWAY_PROFILE,block0_in,6,14,64967
SWAY_PROFILE,block1_in,6,9,64967
SWAY_PROFILE,embedding_in,7,0,64969
SWAY_PROFILE,head_in,6,5,64969
SWAY_PROFILE,patch_ready,7,1,64970
SWAY_PROFILE,serialize_in,5,0,65460
SWAY_PERF_OUTPUT,285,4,65462
SWAY_PERF_OUTPUT,286,4,65463
SWAY_PERF_OUTPUT,287,3,65464
SWAY_PERF_OUTPUT,288,3,65465
SWAY_PERF_OUTPUT,289,9,65466
SWAY_PERF_OUTPUT,290,16,65467
SWAY_PERF_OUTPUT,291,19,65468
SWAY_PERF_OUTPUT,292,-2,65469
SWAY_PERF_OUTPUT,293,-7,65470
SWAY_PERF_OUTPUT,294,-8,65471
SWAY_PERF_OUTPUT,295,7,65472
SWAY_PERF_OUTPUT,296,11,65473
SWAY_PERF_OUTPUT,297,13,65474
SWAY_PERF_OUTPUT,298,14,65475
SWAY_PERF_OUTPUT,299,2,65476
SWAY_PERF_OUTPUT,300,-1,65477
SWAY_PERF_OUTPUT,301,-2,65478
SWAY_PERF_OUTPUT,302,-2,65479
SWAY_PERF_OUTPUT,303,3,65480
SWAY_PERF_OUTPUT,304,61,65481
SWAY_PERF_OUTPUT,305,61,65482
SWAY_PERF_OUTPUT,306,60,65483
SWAY_PERF_OUTPUT,307,60,65484
SWAY_PERF_OUTPUT,308,60,65485
SWAY_PERF_OUTPUT,309,61,65486
SWAY_PERF_OUTPUT,310,59,65487
SWAY_PERF_OUTPUT,311,59,65488
SWAY_PERF_OUTPUT,312,59,65489
SWAY_PERF_OUTPUT,313,58,65490
SWAY_PERF_OUTPUT,314,60,65491
SWAY_PERF_OUTPUT,315,59,65492
SWAY_PERF_OUTPUT,316,60,65493
SWAY_PERF_OUTPUT,317,57,65494
SWAY_PERF_OUTPUT,318,60,65495
SWAY_PERF_OUTPUT,319,59,65496
SWAY_PERF_OUTPUT,320,62,65497
SWAY_PERF_OUTPUT,321,59,65498
SWAY_PERF_OUTPUT,322,60,65499
SWAY_PERF_OUTPUT,323,-6,65500
SWAY_PERF_OUTPUT,324,4,65501
SWAY_PERF_OUTPUT,325,14,65502
SWAY_PERF_OUTPUT,326,18,65503
SWAY_PERF_OUTPUT,327,11,65504
SWAY_PERF_OUTPUT,328,10,65505
SWAY_PERF_OUTPUT,329,11,65506
SWAY_PERF_OUTPUT,330,10,65507
SWAY_PERF_OUTPUT,331,6,65508
SWAY_PERF_OUTPUT,332,5,65509
SWAY_PERF_OUTPUT,333,-5,65510
SWAY_PERF_OUTPUT,334,-15,65511
SWAY_PERF_OUTPUT,335,-25,65512
SWAY_PERF_OUTPUT,336,-28,65513
SWAY_PERF_OUTPUT,337,-6,65514
SWAY_PERF_OUTPUT,338,-15,65515
SWAY_PERF_OUTPUT,339,-27,65516
SWAY_PERF_OUTPUT,340,-29,65517
SWAY_PERF_OUTPUT,341,12,65518
SWAY_PERF_FRAME,5,65462,65518
SWAY_PROFILE,block0_in,6,15,65557
SWAY_PROFILE,block1_in,6,10,65557
SWAY_PROFILE,embedding_in,7,1,65559
SWAY_PROFILE,head_in,6,6,65559
SWAY_PROFILE,patch_ready,7,2,65560
SWAY_PROFILE,block0_in,7,0,66147
SWAY_PROFILE,block1_in,6,11,66147
SWAY_PROFILE,embedding_in,7,2,66149
SWAY_PROFILE,head_in,6,7,66149
SWAY_PROFILE,patch_ready,7,3,66150
SWAY_PROFILE,block0_in,7,1,66739
SWAY_PROFILE,block1_in,6,12,66739
SWAY_PROFILE,embedding_in,7,3,66741
SWAY_PROFILE,head_in,6,8,66741
SWAY_PROFILE,patch_ready,7,4,66742
SWAY_PROFILE,block0_in,7,2,67329
SWAY_PROFILE,block1_in,6,13,67329
SWAY_PROFILE,embedding_in,7,4,67331
SWAY_PROFILE,head_in,6,9,67331
SWAY_PROFILE,patch_ready,7,5,67332
SWAY_PROFILE,block0_in,7,3,67919
SWAY_PROFILE,block1_in,6,14,67919
SWAY_PROFILE,embedding_in,7,5,67921
SWAY_PROFILE,head_in,6,10,67921
SWAY_PROFILE,patch_ready,7,6,67922
SWAY_PROFILE,block0_in,7,4,68509
SWAY_PROFILE,block1_in,6,15,68509
SWAY_PROFILE,embedding_in,7,6,68511
SWAY_PROFILE,head_in,6,11,68511
SWAY_PROFILE,patch_ready,7,7,68512
SWAY_PROFILE,block0_in,7,5,69101
SWAY_PROFILE,block1_in,7,0,69101
SWAY_PROFILE,embedding_in,7,7,69103
SWAY_PROFILE,head_in,6,12,69103
SWAY_PROFILE,patch_ready,7,8,69104
SWAY_PROFILE,block0_in,7,6,69691
SWAY_PROFILE,block1_in,7,1,69691
SWAY_PROFILE,embedding_in,7,8,69693
SWAY_PROFILE,head_in,6,13,69693
SWAY_PROFILE,patch_ready,7,9,69694
SWAY_PROFILE,block0_in,7,7,70281
SWAY_PROFILE,block1_in,7,2,70281
SWAY_PROFILE,embedding_in,7,9,70283
SWAY_PROFILE,head_in,6,14,70283
SWAY_PROFILE,patch_ready,7,10,70284
SWAY_PROFILE,block0_in,7,8,70871
SWAY_PROFILE,block1_in,7,3,70871
SWAY_PROFILE,embedding_in,7,10,70873
SWAY_PROFILE,head_in,6,15,70873
SWAY_PROFILE,patch_ready,7,11,70874
SWAY_PROFILE,block0_in,7,9,71463
SWAY_PROFILE,block1_in,7,4,71463
SWAY_PROFILE,embedding_in,7,11,71465
SWAY_PROFILE,head_in,7,0,71465
SWAY_PROFILE,patch_ready,7,12,71466
SWAY_PROFILE,block0_in,7,10,72053
SWAY_PROFILE,block1_in,7,5,72053
SWAY_PROFILE,embedding_in,7,12,72055
SWAY_PROFILE,head_in,7,1,72055
SWAY_PROFILE,patch_ready,7,13,72056
SWAY_PROFILE,block0_in,7,11,72643
SWAY_PROFILE,block1_in,7,6,72643
SWAY_PROFILE,embedding_in,7,13,72645
SWAY_PROFILE,head_in,7,2,72645
SWAY_PROFILE,patch_ready,7,14,72646
SWAY_PROFILE,block0_in,7,12,73233
SWAY_PROFILE,block1_in,7,7,73233
SWAY_PROFILE,embedding_in,7,14,73235
SWAY_PROFILE,head_in,7,3,73235
SWAY_PROFILE,patch_ready,7,15,73236
SWAY_PERF_INPUT_FRAME,9,64079,73526
SWAY_PROFILE,block0_in,7,13,73825
SWAY_PROFILE,block1_in,7,8,73825
SWAY_PROFILE,embedding_in,7,15,73827
SWAY_PROFILE,head_in,7,4,73827
SWAY_PROFILE,patch_ready,8,0,73828
SWAY_PROFILE,head_output_in,6,0,74166
SWAY_PROFILE,block0_in,7,14,74415
SWAY_PROFILE,block1_in,7,9,74415
SWAY_PROFILE,embedding_in,8,0,74417
SWAY_PROFILE,head_in,7,5,74417
SWAY_PROFILE,patch_ready,8,1,74418
SWAY_PROFILE,serialize_in,6,0,74908
SWAY_PERF_OUTPUT,342,4,74910
SWAY_PERF_OUTPUT,343,4,74911
SWAY_PERF_OUTPUT,344,3,74912
SWAY_PERF_OUTPUT,345,3,74913
SWAY_PERF_OUTPUT,346,10,74914
SWAY_PERF_OUTPUT,347,16,74915
SWAY_PERF_OUTPUT,348,21,74916
SWAY_PERF_OUTPUT,349,-3,74917
SWAY_PERF_OUTPUT,350,-10,74918
SWAY_PERF_OUTPUT,351,-15,74919
SWAY_PERF_OUTPUT,352,7,74920
SWAY_PERF_OUTPUT,353,11,74921
SWAY_PERF_OUTPUT,354,15,74922
SWAY_PERF_OUTPUT,355,15,74923
SWAY_PERF_OUTPUT,356,2,74924
SWAY_PERF_OUTPUT,357,-2,74925
SWAY_PERF_OUTPUT,358,-5,74926
SWAY_PERF_OUTPUT,359,-5,74927
SWAY_PERF_OUTPUT,360,3,74928
SWAY_PERF_OUTPUT,361,63,74929
SWAY_PERF_OUTPUT,362,62,74930
SWAY_PERF_OUTPUT,363,61,74931
SWAY_PERF_OUTPUT,364,61,74932
SWAY_PERF_OUTPUT,365,62,74933
SWAY_PERF_OUTPUT,366,62,74934
SWAY_PERF_OUTPUT,367,60,74935
SWAY_PERF_OUTPUT,368,61,74936
SWAY_PERF_OUTPUT,369,61,74937
SWAY_PERF_OUTPUT,370,60,74938
SWAY_PERF_OUTPUT,371,61,74939
SWAY_PERF_OUTPUT,372,60,74940
SWAY_PERF_OUTPUT,373,61,74941
SWAY_PERF_OUTPUT,374,59,74942
SWAY_PERF_OUTPUT,375,61,74943
SWAY_PERF_OUTPUT,376,61,74944
SWAY_PERF_OUTPUT,377,63,74945
SWAY_PERF_OUTPUT,378,60,74946
SWAY_PERF_OUTPUT,379,61,74947
SWAY_PERF_OUTPUT,380,-4,74948
SWAY_PERF_OUTPUT,381,6,74949
SWAY_PERF_OUTPUT,382,17,74950
SWAY_PERF_OUTPUT,383,21,74951
SWAY_PERF_OUTPUT,384,13,74952
SWAY_PERF_OUTPUT,385,13,74953
SWAY_PERF_OUTPUT,386,14,74954
SWAY_PERF_OUTPUT,387,13,74955
SWAY_PERF_OUTPUT,388,12,74956
SWAY_PERF_OUTPUT,389,15,74957
SWAY_PERF_OUTPUT,390,-3,74958
SWAY_PERF_OUTPUT,391,-14,74959
SWAY_PERF_OUTPUT,392,-26,74960
SWAY_PERF_OUTPUT,393,-28,74961
SWAY_PERF_OUTPUT,394,-3,74962
SWAY_PERF_OUTPUT,395,-14,74963
SWAY_PERF_OUTPUT,396,-26,74964
SWAY_PERF_OUTPUT,397,-28,74965
SWAY_PERF_OUTPUT,398,14,74966
SWAY_PERF_FRAME,6,74910,74966
SWAY_PROFILE,block0_in,7,15,75005
SWAY_PROFILE,block1_in,7,10,75005
SWAY_PROFILE,embedding_in,8,1,75007
SWAY_PROFILE,head_in,7,6,75007
SWAY_PROFILE,patch_ready,8,2,75008
SWAY_PROFILE,block0_in,8,0,75595
SWAY_PROFILE,block1_in,7,11,75595
SWAY_PROFILE,embedding_in,8,2,75597
SWAY_PROFILE,head_in,7,7,75597
SWAY_PROFILE,patch_ready,8,3,75598
SWAY_PROFILE,block0_in,8,1,76187
SWAY_PROFILE,block1_in,7,12,76187
SWAY_PROFILE,embedding_in,8,3,76189
SWAY_PROFILE,head_in,7,8,76189
SWAY_PROFILE,patch_ready,8,4,76190
SWAY_PROFILE,block0_in,8,2,76777
SWAY_PROFILE,block1_in,7,13,76777
SWAY_PROFILE,embedding_in,8,4,76779
SWAY_PROFILE,head_in,7,9,76779
SWAY_PROFILE,patch_ready,8,5,76780
SWAY_PROFILE,block0_in,8,3,77367
SWAY_PROFILE,block1_in,7,14,77367
SWAY_PROFILE,embedding_in,8,5,77369
SWAY_PROFILE,head_in,7,10,77369
SWAY_PROFILE,patch_ready,8,6,77370
SWAY_PROFILE,block0_in,8,4,77957
SWAY_PROFILE,block1_in,7,15,77957
SWAY_PROFILE,embedding_in,8,6,77959
SWAY_PROFILE,head_in,7,11,77959
SWAY_PROFILE,patch_ready,8,7,77960
SWAY_PROFILE,block0_in,8,5,78549
SWAY_PROFILE,block1_in,8,0,78549
SWAY_PROFILE,embedding_in,8,7,78551
SWAY_PROFILE,head_in,7,12,78551
SWAY_PROFILE,patch_ready,8,8,78552
SWAY_PROFILE,block0_in,8,6,79139
SWAY_PROFILE,block1_in,8,1,79139
SWAY_PROFILE,embedding_in,8,8,79141
SWAY_PROFILE,head_in,7,13,79141
SWAY_PROFILE,patch_ready,8,9,79142
SWAY_PROFILE,block0_in,8,7,79729
SWAY_PROFILE,block1_in,8,2,79729
SWAY_PROFILE,embedding_in,8,9,79731
SWAY_PROFILE,head_in,7,14,79731
SWAY_PROFILE,patch_ready,8,10,79732
SWAY_PROFILE,block0_in,8,8,80319
SWAY_PROFILE,block1_in,8,3,80319
SWAY_PROFILE,embedding_in,8,10,80321
SWAY_PROFILE,head_in,7,15,80321
SWAY_PROFILE,patch_ready,8,11,80322
SWAY_PROFILE,block0_in,8,9,80911
SWAY_PROFILE,block1_in,8,4,80911
SWAY_PROFILE,embedding_in,8,11,80913
SWAY_PROFILE,head_in,8,0,80913
SWAY_PROFILE,patch_ready,8,12,80914
SWAY_PROFILE,block0_in,8,10,81501
SWAY_PROFILE,block1_in,8,5,81501
SWAY_PROFILE,embedding_in,8,12,81503
SWAY_PROFILE,head_in,8,1,81503
SWAY_PROFILE,patch_ready,8,13,81504
SWAY_PROFILE,block0_in,8,11,82091
SWAY_PROFILE,block1_in,8,6,82091
SWAY_PROFILE,embedding_in,8,13,82093
SWAY_PROFILE,head_in,8,2,82093
SWAY_PROFILE,patch_ready,8,14,82094
SWAY_PROFILE,block0_in,8,12,82681
SWAY_PROFILE,block1_in,8,7,82681
SWAY_PROFILE,embedding_in,8,14,82683
SWAY_PROFILE,head_in,8,3,82683
SWAY_PROFILE,patch_ready,8,15,82684
SWAY_PERF_INPUT_FRAME,10,73527,82974
SWAY_PROFILE,block0_in,8,13,83273
SWAY_PROFILE,block1_in,8,8,83273
SWAY_PROFILE,embedding_in,8,15,83275
SWAY_PROFILE,head_in,8,4,83275
SWAY_PROFILE,patch_ready,9,0,83276
SWAY_PROFILE,head_output_in,7,0,83614
SWAY_PROFILE,block0_in,8,14,83863
SWAY_PROFILE,block1_in,8,9,83863
SWAY_PROFILE,embedding_in,9,0,83865
SWAY_PROFILE,head_in,8,5,83865
SWAY_PROFILE,patch_ready,9,1,83866
SWAY_PROFILE,serialize_in,7,0,84356
SWAY_PERF_OUTPUT,399,8,84358
SWAY_PERF_OUTPUT,400,9,84359
SWAY_PERF_OUTPUT,401,8,84360
SWAY_PERF_OUTPUT,402,8,84361
SWAY_PERF_OUTPUT,403,14,84362
SWAY_PERF_OUTPUT,404,19,84363
SWAY_PERF_OUTPUT,405,21,84364
SWAY_PERF_OUTPUT,406,3,84365
SWAY_PERF_OUTPUT,407,0,84366
SWAY_PERF_OUTPUT,408,-3,84367
SWAY_PERF_OUTPUT,409,10,84368
SWAY_PERF_OUTPUT,410,12,84369
SWAY_PERF_OUTPUT,411,12,84370
SWAY_PERF_OUTPUT,412,12,84371
SWAY_PERF_OUTPUT,413,6,84372
SWAY_PERF_OUTPUT,414,3,84373
SWAY_PERF_OUTPUT,415,0,84374
SWAY_PERF_OUTPUT,416,-1,84375
SWAY_PERF_OUTPUT,417,9,84376
SWAY_PERF_OUTPUT,418,61,84377
SWAY_PERF_OUTPUT,419,62,84378
SWAY_PERF_OUTPUT,420,61,84379
SWAY_PERF_OUTPUT,421,61,84380
SWAY_PERF_OUTPUT,422,61,84381
SWAY_PERF_OUTPUT,423,61,84382
SWAY_PERF_OUTPUT,424,59,84383
SWAY_PERF_OUTPUT,425,60,84384
SWAY_PERF_OUTPUT,426,61,84385
SWAY_PERF_OUTPUT,427,60,84386
SWAY_PERF_OUTPUT,428,60,84387
SWAY_PERF_OUTPUT,429,60,84388
SWAY_PERF_OUTPUT,430,62,84389
SWAY_PERF_OUTPUT,431,60,84390
SWAY_PERF_OUTPUT,432,61,84391
SWAY_PERF_OUTPUT,433,61,84392
SWAY_PERF_OUTPUT,434,62,84393
SWAY_PERF_OUTPUT,435,58,84394
SWAY_PERF_OUTPUT,436,61,84395
SWAY_PERF_OUTPUT,437,-6,84396
SWAY_PERF_OUTPUT,438,3,84397
SWAY_PERF_OUTPUT,439,14,84398
SWAY_PERF_OUTPUT,440,17,84399
SWAY_PERF_OUTPUT,441,10,84400
SWAY_PERF_OUTPUT,442,7,84401
SWAY_PERF_OUTPUT,443,6,84402
SWAY_PERF_OUTPUT,444,9,84403
SWAY_PERF_OUTPUT,445,4,84404
SWAY_PERF_OUTPUT,446,1,84405
SWAY_PERF_OUTPUT,447,-6,84406
SWAY_PERF_OUTPUT,448,-16,84407
SWAY_PERF_OUTPUT,449,-27,84408
SWAY_PERF_OUTPUT,450,-29,84409
SWAY_PERF_OUTPUT,451,-6,84410
SWAY_PERF_OUTPUT,452,-15,84411
SWAY_PERF_OUTPUT,453,-26,84412
SWAY_PERF_OUTPUT,454,-28,84413
SWAY_PERF_OUTPUT,455,11,84414
SWAY_PERF_FRAME,7,84358,84414
SWAY_PROFILE,block0_in,8,15,84453
SWAY_PROFILE,block1_in,8,10,84453
SWAY_PROFILE,embedding_in,9,1,84455
SWAY_PROFILE,head_in,8,6,84455
SWAY_PROFILE,patch_ready,9,2,84456
SWAY_PROFILE,block0_in,9,0,85043
SWAY_PROFILE,block1_in,8,11,85043
SWAY_PROFILE,embedding_in,9,2,85045
SWAY_PROFILE,head_in,8,7,85045
SWAY_PROFILE,patch_ready,9,3,85046
SWAY_PROFILE,block0_in,9,1,85635
SWAY_PROFILE,block1_in,8,12,85635
SWAY_PROFILE,embedding_in,9,3,85637
SWAY_PROFILE,head_in,8,8,85637
SWAY_PROFILE,patch_ready,9,4,85638
SWAY_PROFILE,block0_in,9,2,86225
SWAY_PROFILE,block1_in,8,13,86225
SWAY_PROFILE,embedding_in,9,4,86227
SWAY_PROFILE,head_in,8,9,86227
SWAY_PROFILE,patch_ready,9,5,86228
SWAY_PROFILE,block0_in,9,3,86815
SWAY_PROFILE,block1_in,8,14,86815
SWAY_PROFILE,embedding_in,9,5,86817
SWAY_PROFILE,head_in,8,10,86817
SWAY_PROFILE,patch_ready,9,6,86818
SWAY_PROFILE,block0_in,9,4,87405
SWAY_PROFILE,block1_in,8,15,87405
SWAY_PROFILE,embedding_in,9,6,87407
SWAY_PROFILE,head_in,8,11,87407
SWAY_PROFILE,patch_ready,9,7,87408
SWAY_PROFILE,block0_in,9,5,87997
SWAY_PROFILE,block1_in,9,0,87997
SWAY_PROFILE,embedding_in,9,7,87999
SWAY_PROFILE,head_in,8,12,87999
SWAY_PROFILE,patch_ready,9,8,88000
SWAY_PROFILE,block0_in,9,6,88587
SWAY_PROFILE,block1_in,9,1,88587
SWAY_PROFILE,embedding_in,9,8,88589
SWAY_PROFILE,head_in,8,13,88589
SWAY_PROFILE,patch_ready,9,9,88590
SWAY_PROFILE,block0_in,9,7,89177
SWAY_PROFILE,block1_in,9,2,89177
SWAY_PROFILE,embedding_in,9,9,89179
SWAY_PROFILE,head_in,8,14,89179
SWAY_PROFILE,patch_ready,9,10,89180
SWAY_PROFILE,block0_in,9,8,89767
SWAY_PROFILE,block1_in,9,3,89767
SWAY_PROFILE,embedding_in,9,10,89769
SWAY_PROFILE,head_in,8,15,89769
SWAY_PROFILE,patch_ready,9,11,89770
SWAY_PROFILE,block0_in,9,9,90359
SWAY_PROFILE,block1_in,9,4,90359
SWAY_PROFILE,embedding_in,9,11,90361
SWAY_PROFILE,head_in,9,0,90361
SWAY_PROFILE,patch_ready,9,12,90362
SWAY_PROFILE,block0_in,9,10,90949
SWAY_PROFILE,block1_in,9,5,90949
SWAY_PROFILE,embedding_in,9,12,90951
SWAY_PROFILE,head_in,9,1,90951
SWAY_PROFILE,patch_ready,9,13,90952
SWAY_PROFILE,block0_in,9,11,91539
SWAY_PROFILE,block1_in,9,6,91539
SWAY_PROFILE,embedding_in,9,13,91541
SWAY_PROFILE,head_in,9,2,91541
SWAY_PROFILE,patch_ready,9,14,91542
SWAY_PROFILE,block0_in,9,12,92129
SWAY_PROFILE,block1_in,9,7,92129
SWAY_PROFILE,embedding_in,9,14,92131
SWAY_PROFILE,head_in,9,3,92131
SWAY_PROFILE,patch_ready,9,15,92132
SWAY_PERF_INPUT_FRAME,11,82975,92422
SWAY_PROFILE,block0_in,9,13,92721
SWAY_PROFILE,block1_in,9,8,92721
SWAY_PROFILE,embedding_in,9,15,92723
SWAY_PROFILE,head_in,9,4,92723
SWAY_PROFILE,patch_ready,10,0,92724
SWAY_PROFILE,head_output_in,8,0,93062
SWAY_PROFILE,block0_in,9,14,93311
SWAY_PROFILE,block1_in,9,9,93311
SWAY_PROFILE,embedding_in,10,0,93313
SWAY_PROFILE,head_in,9,5,93313
SWAY_PROFILE,patch_ready,10,1,93314
SWAY_PROFILE,serialize_in,8,0,93804
SWAY_PERF_OUTPUT,456,9,93806
SWAY_PERF_OUTPUT,457,9,93807
SWAY_PERF_OUTPUT,458,8,93808
SWAY_PERF_OUTPUT,459,9,93809
SWAY_PERF_OUTPUT,460,15,93810
SWAY_PERF_OUTPUT,461,18,93811
SWAY_PERF_OUTPUT,462,19,93812
SWAY_PERF_OUTPUT,463,4,93813
SWAY_PERF_OUTPUT,464,-2,93814
SWAY_PERF_OUTPUT,465,-5,93815
SWAY_PERF_OUTPUT,466,10,93816
SWAY_PERF_OUTPUT,467,11,93817
SWAY_PERF_OUTPUT,468,11,93818
SWAY_PERF_OUTPUT,469,11,93819
SWAY_PERF_OUTPUT,470,6,93820
SWAY_PERF_OUTPUT,471,4,93821
SWAY_PERF_OUTPUT,472,2,93822
SWAY_PERF_OUTPUT,473,2,93823
SWAY_PERF_OUTPUT,474,9,93824
SWAY_PERF_OUTPUT,475,64,93825
SWAY_PERF_OUTPUT,476,65,93826
SWAY_PERF_OUTPUT,477,65,93827
SWAY_PERF_OUTPUT,478,65,93828
SWAY_PERF_OUTPUT,479,65,93829
SWAY_PERF_OUTPUT,480,66,93830
SWAY_PERF_OUTPUT,481,64,93831
SWAY_PERF_OUTPUT,482,64,93832
SWAY_PERF_OUTPUT,483,65,93833
SWAY_PERF_OUTPUT,484,63,93834
SWAY_PERF_OUTPUT,485,63,93835
SWAY_PERF_OUTPUT,486,65,93836
SWAY_PERF_OUTPUT,487,63,93837
SWAY_PERF_OUTPUT,488,61,93838
SWAY_PERF_OUTPUT,489,63,93839
SWAY_PERF_OUTPUT,490,67,93840
SWAY_PERF_OUTPUT,491,66,93841
SWAY_PERF_OUTPUT,492,63,93842
SWAY_PERF_OUTPUT,493,65,93843
SWAY_PERF_OUTPUT,494,-2,93844
SWAY_PERF_OUTPUT,495,9,93845
SWAY_PERF_OUTPUT,496,20,93846
SWAY_PERF_OUTPUT,497,25,93847
SWAY_PERF_OUTPUT,498,16,93848
SWAY_PERF_OUTPUT,499,9,93849
SWAY_PERF_OUTPUT,500,5,93850
SWAY_PERF_OUTPUT,501,15,93851
SWAY_PERF_OUTPUT,502,12,93852
SWAY_PERF_OUTPUT,503,8,93853
SWAY_PERF_OUTPUT,504,-1,93854
SWAY_PERF_OUTPUT,505,-15,93855
SWAY_PERF_OUTPUT,506,-28,93856
SWAY_PERF_OUTPUT,507,-30,93857
SWAY_PERF_OUTPUT,508,-1,93858
SWAY_PERF_OUTPUT,509,-15,93859
SWAY_PERF_OUTPUT,510,-25,93860
SWAY_PERF_OUTPUT,511,-29,93861
SWAY_PERF_OUTPUT,512,17,93862
SWAY_PERF_FRAME,8,93806,93862
SWAY_PROFILE,block0_in,9,15,93901
SWAY_PROFILE,block1_in,9,10,93901
SWAY_PROFILE,embedding_in,10,1,93903
SWAY_PROFILE,head_in,9,6,93903
SWAY_PROFILE,patch_ready,10,2,93904
SWAY_PROFILE,block0_in,10,0,94491
SWAY_PROFILE,block1_in,9,11,94491
SWAY_PROFILE,embedding_in,10,2,94493
SWAY_PROFILE,head_in,9,7,94493
SWAY_PROFILE,patch_ready,10,3,94494
SWAY_PROFILE,block0_in,10,1,95083
SWAY_PROFILE,block1_in,9,12,95083
SWAY_PROFILE,embedding_in,10,3,95085
SWAY_PROFILE,head_in,9,8,95085
SWAY_PROFILE,patch_ready,10,4,95086
SWAY_PROFILE,block0_in,10,2,95673
SWAY_PROFILE,block1_in,9,13,95673
SWAY_PROFILE,embedding_in,10,4,95675
SWAY_PROFILE,head_in,9,9,95675
SWAY_PROFILE,patch_ready,10,5,95676
SWAY_PROFILE,block0_in,10,3,96263
SWAY_PROFILE,block1_in,9,14,96263
SWAY_PROFILE,embedding_in,10,5,96265
SWAY_PROFILE,head_in,9,10,96265
SWAY_PROFILE,patch_ready,10,6,96266
SWAY_PROFILE,block0_in,10,4,96853
SWAY_PROFILE,block1_in,9,15,96853
SWAY_PROFILE,embedding_in,10,6,96855
SWAY_PROFILE,head_in,9,11,96855
SWAY_PROFILE,patch_ready,10,7,96856
SWAY_PROFILE,block0_in,10,5,97445
SWAY_PROFILE,block1_in,10,0,97445
SWAY_PROFILE,embedding_in,10,7,97447
SWAY_PROFILE,head_in,9,12,97447
SWAY_PROFILE,patch_ready,10,8,97448
SWAY_PROFILE,block0_in,10,6,98035
SWAY_PROFILE,block1_in,10,1,98035
SWAY_PROFILE,embedding_in,10,8,98037
SWAY_PROFILE,head_in,9,13,98037
SWAY_PROFILE,patch_ready,10,9,98038
SWAY_PROFILE,block0_in,10,7,98625
SWAY_PROFILE,block1_in,10,2,98625
SWAY_PROFILE,embedding_in,10,9,98627
SWAY_PROFILE,head_in,9,14,98627
SWAY_PROFILE,patch_ready,10,10,98628
SWAY_PROFILE,block0_in,10,8,99215
SWAY_PROFILE,block1_in,10,3,99215
SWAY_PROFILE,embedding_in,10,10,99217
SWAY_PROFILE,head_in,9,15,99217
SWAY_PROFILE,patch_ready,10,11,99218
SWAY_PROFILE,block0_in,10,9,99807
SWAY_PROFILE,block1_in,10,4,99807
SWAY_PROFILE,embedding_in,10,11,99809
SWAY_PROFILE,head_in,10,0,99809
SWAY_PROFILE,patch_ready,10,12,99810
SWAY_PROFILE,block0_in,10,10,100397
SWAY_PROFILE,block1_in,10,5,100397
SWAY_PROFILE,embedding_in,10,12,100399
SWAY_PROFILE,head_in,10,1,100399
SWAY_PROFILE,patch_ready,10,13,100400
SWAY_PROFILE,block0_in,10,11,100987
SWAY_PROFILE,block1_in,10,6,100987
SWAY_PROFILE,embedding_in,10,13,100989
SWAY_PROFILE,head_in,10,2,100989
SWAY_PROFILE,patch_ready,10,14,100990
SWAY_PROFILE,block0_in,10,12,101577
SWAY_PROFILE,block1_in,10,7,101577
SWAY_PROFILE,embedding_in,10,14,101579
SWAY_PROFILE,head_in,10,3,101579
SWAY_PROFILE,patch_ready,10,15,101580
SWAY_PERF_INPUT_FRAME,12,92423,101870
SWAY_PROFILE,block0_in,10,13,102169
SWAY_PROFILE,block1_in,10,8,102169
SWAY_PROFILE,embedding_in,10,15,102171
SWAY_PROFILE,head_in,10,4,102171
SWAY_PROFILE,patch_ready,11,0,102172
SWAY_PROFILE,head_output_in,9,0,102510
SWAY_PROFILE,block0_in,10,14,102759
SWAY_PROFILE,block1_in,10,9,102759
SWAY_PROFILE,embedding_in,11,0,102761
SWAY_PROFILE,head_in,10,5,102761
SWAY_PROFILE,patch_ready,11,1,102762
SWAY_PROFILE,serialize_in,9,0,103252
SWAY_PERF_OUTPUT,513,45,103254
SWAY_PERF_OUTPUT,514,127,103255
SWAY_PERF_OUTPUT,515,-30,103256
SWAY_PERF_OUTPUT,516,40,103257
SWAY_PERF_OUTPUT,517,34,103258
SWAY_PERF_OUTPUT,518,87,103259
SWAY_PERF_OUTPUT,519,0,103260
SWAY_PERF_OUTPUT,520,38,103261
SWAY_PERF_OUTPUT,521,77,103262
SWAY_PERF_OUTPUT,522,-2,103263
SWAY_PERF_OUTPUT,523,28,103264
SWAY_PERF_OUTPUT,524,70,103265
SWAY_PERF_OUTPUT,525,-24,103266
SWAY_PERF_OUTPUT,526,31,103267
SWAY_PERF_OUTPUT,527,50,103268
SWAY_PERF_OUTPUT,528,123,103269
SWAY_PERF_OUTPUT,529,38,103270
SWAY_PERF_OUTPUT,530,95,103271
SWAY_PERF_OUTPUT,531,56,103272
SWAY_PERF_OUTPUT,532,-18,103273
SWAY_PERF_OUTPUT,533,-5,103274
SWAY_PERF_OUTPUT,534,-13,103275
SWAY_PERF_OUTPUT,535,72,103276
SWAY_PERF_OUTPUT,536,46,103277
SWAY_PERF_OUTPUT,537,35,103278
SWAY_PERF_OUTPUT,538,17,103279
SWAY_PERF_OUTPUT,539,-75,103280
SWAY_PERF_OUTPUT,540,-6,103281
SWAY_PERF_OUTPUT,541,-39,103282
SWAY_PERF_OUTPUT,542,-28,103283
SWAY_PERF_OUTPUT,543,-27,103284
SWAY_PERF_OUTPUT,544,-60,103285
SWAY_PERF_OUTPUT,545,-2,103286
SWAY_PERF_OUTPUT,546,27,103287
SWAY_PERF_OUTPUT,547,71,103288
SWAY_PERF_OUTPUT,548,117,103289
SWAY_PERF_OUTPUT,549,-2,103290
SWAY_PERF_OUTPUT,550,-19,103291
SWAY_PERF_OUTPUT,551,25,103292
SWAY_PERF_OUTPUT,552,34,103293
SWAY_PERF_OUTPUT,553,-36,103294
SWAY_PERF_OUTPUT,554,21,103295
SWAY_PERF_OUTPUT,555,-36,103296
SWAY_PERF_OUTPUT,556,96,103297
SWAY_PERF_OUTPUT,557,-49,103298
SWAY_PERF_OUTPUT,558,50,103299
SWAY_PERF_OUTPUT,559,-42,103300
SWAY_PERF_OUTPUT,560,-96,103301
SWAY_PERF_OUTPUT,561,0,103302
SWAY_PERF_OUTPUT,562,27,103303
SWAY_PERF_OUTPUT,563,-37,103304
SWAY_PERF_OUTPUT,564,77,103305
SWAY_PERF_OUTPUT,565,44,103306
SWAY_PERF_OUTPUT,566,0,103307
SWAY_PERF_OUTPUT,567,-56,103308
SWAY_PERF_OUTPUT,568,-77,103309
SWAY_PERF_OUTPUT,569,42,103310
SWAY_PERF_FRAME,9,103254,103310
SWAY_PROFILE,block0_in,10,15,103349
SWAY_PROFILE,block1_in,10,10,103349
SWAY_PROFILE,embedding_in,11,1,103351
SWAY_PROFILE,head_in,10,6,103351
SWAY_PROFILE,patch_ready,11,2,103352
SWAY_PROFILE,block0_in,11,0,103939
SWAY_PROFILE,block1_in,10,11,103939
SWAY_PROFILE,embedding_in,11,2,103941
SWAY_PROFILE,head_in,10,7,103941
SWAY_PROFILE,patch_ready,11,3,103942
SWAY_PROFILE,block0_in,11,1,104531
SWAY_PROFILE,block1_in,10,12,104531
SWAY_PROFILE,embedding_in,11,3,104533
SWAY_PROFILE,head_in,10,8,104533
SWAY_PROFILE,patch_ready,11,4,104534
SWAY_PROFILE,block0_in,11,2,105121
SWAY_PROFILE,block1_in,10,13,105121
SWAY_PROFILE,embedding_in,11,4,105123
SWAY_PROFILE,head_in,10,9,105123
SWAY_PROFILE,patch_ready,11,5,105124
SWAY_PROFILE,block0_in,11,3,105711
SWAY_PROFILE,block1_in,10,14,105711
SWAY_PROFILE,embedding_in,11,5,105713
SWAY_PROFILE,head_in,10,10,105713
SWAY_PROFILE,patch_ready,11,6,105714
SWAY_PROFILE,block0_in,11,4,106301
SWAY_PROFILE,block1_in,10,15,106301
SWAY_PROFILE,embedding_in,11,6,106303
SWAY_PROFILE,head_in,10,11,106303
SWAY_PROFILE,patch_ready,11,7,106304
SWAY_PROFILE,block0_in,11,5,106893
SWAY_PROFILE,block1_in,11,0,106893
SWAY_PROFILE,embedding_in,11,7,106895
SWAY_PROFILE,head_in,10,12,106895
SWAY_PROFILE,patch_ready,11,8,106896
SWAY_PROFILE,block0_in,11,6,107483
SWAY_PROFILE,block1_in,11,1,107483
SWAY_PROFILE,embedding_in,11,8,107485
SWAY_PROFILE,head_in,10,13,107485
SWAY_PROFILE,patch_ready,11,9,107486
SWAY_PROFILE,block0_in,11,7,108073
SWAY_PROFILE,block1_in,11,2,108073
SWAY_PROFILE,embedding_in,11,9,108075
SWAY_PROFILE,head_in,10,14,108075
SWAY_PROFILE,patch_ready,11,10,108076
SWAY_PROFILE,block0_in,11,8,108663
SWAY_PROFILE,block1_in,11,3,108663
SWAY_PROFILE,embedding_in,11,10,108665
SWAY_PROFILE,head_in,10,15,108665
SWAY_PROFILE,patch_ready,11,11,108666
SWAY_PROFILE,block0_in,11,9,109255
SWAY_PROFILE,block1_in,11,4,109255
SWAY_PROFILE,embedding_in,11,11,109257
SWAY_PROFILE,head_in,11,0,109257
SWAY_PROFILE,patch_ready,11,12,109258
SWAY_PROFILE,block0_in,11,10,109845
SWAY_PROFILE,block1_in,11,5,109845
SWAY_PROFILE,embedding_in,11,12,109847
SWAY_PROFILE,head_in,11,1,109847
SWAY_PROFILE,patch_ready,11,13,109848
SWAY_PROFILE,block0_in,11,11,110435
SWAY_PROFILE,block1_in,11,6,110435
SWAY_PROFILE,embedding_in,11,13,110437
SWAY_PROFILE,head_in,11,2,110437
SWAY_PROFILE,patch_ready,11,14,110438
SWAY_PROFILE,block0_in,11,12,111025
SWAY_PROFILE,block1_in,11,7,111025
SWAY_PROFILE,embedding_in,11,14,111027
SWAY_PROFILE,head_in,11,3,111027
SWAY_PROFILE,patch_ready,11,15,111028
SWAY_PERF_INPUT_FRAME,13,101871,111318
SWAY_PROFILE,block0_in,11,13,111617
SWAY_PROFILE,block1_in,11,8,111617
SWAY_PROFILE,embedding_in,11,15,111619
SWAY_PROFILE,head_in,11,4,111619
SWAY_PROFILE,patch_ready,12,0,111620
SWAY_PROFILE,head_output_in,10,0,111958
SWAY_PROFILE,block0_in,11,14,112207
SWAY_PROFILE,block1_in,11,9,112207
SWAY_PROFILE,embedding_in,12,0,112209
SWAY_PROFILE,head_in,11,5,112209
SWAY_PROFILE,patch_ready,12,1,112210
SWAY_PROFILE,serialize_in,10,0,112700
SWAY_PERF_OUTPUT,570,21,112702
SWAY_PERF_OUTPUT,571,1,112703
SWAY_PERF_OUTPUT,572,5,112704
SWAY_PERF_OUTPUT,573,-3,112705
SWAY_PERF_OUTPUT,574,23,112706
SWAY_PERF_OUTPUT,575,34,112707
SWAY_PERF_OUTPUT,576,42,112708
SWAY_PERF_OUTPUT,577,-2,112709
SWAY_PERF_OUTPUT,578,-9,112710
SWAY_PERF_OUTPUT,579,0,112711
SWAY_PERF_OUTPUT,580,8,112712
SWAY_PERF_OUTPUT,581,16,112713
SWAY_PERF_OUTPUT,582,59,112714
SWAY_PERF_OUTPUT,583,41,112715
SWAY_PERF_OUTPUT,584,9,112716
SWAY_PERF_OUTPUT,585,9,112717
SWAY_PERF_OUTPUT,586,12,112718
SWAY_PERF_OUTPUT,587,20,112719
SWAY_PERF_OUTPUT,588,14,112720
SWAY_PERF_OUTPUT,589,101,112721
SWAY_PERF_OUTPUT,590,109,112722
SWAY_PERF_OUTPUT,591,111,112723
SWAY_PERF_OUTPUT,592,108,112724
SWAY_PERF_OUTPUT,593,118,112725
SWAY_PERF_OUTPUT,594,113,112726
SWAY_PERF_OUTPUT,595,96,112727
SWAY_PERF_OUTPUT,596,121,112728
SWAY_PERF_OUTPUT,597,111,112729
SWAY_PERF_OUTPUT,598,120,112730
SWAY_PERF_OUTPUT,599,99,112731
SWAY_PERF_OUTPUT,600,127,112732
SWAY_PERF_OUTPUT,601,126,112733
SWAY_PERF_OUTPUT,602,112,112734
SWAY_PERF_OUTPUT,603,115,112735
SWAY_PERF_OUTPUT,604,127,112736
SWAY_PERF_OUTPUT,605,98,112737
SWAY_PERF_OUTPUT,606,103,112738
SWAY_PERF_OUTPUT,607,127,112739
SWAY_PERF_OUTPUT,608,35,112740
SWAY_PERF_OUTPUT,609,57,112741
SWAY_PERF_OUTPUT,610,75,112742
SWAY_PERF_OUTPUT,611,88,112743
SWAY_PERF_OUTPUT,612,62,112744
SWAY_PERF_OUTPUT,613,70,112745
SWAY_PERF_OUTPUT,614,104,112746
SWAY_PERF_OUTPUT,615,60,112747
SWAY_PERF_OUTPUT,616,31,112748
SWAY_PERF_OUTPUT,617,8,112749
SWAY_PERF_OUTPUT,618,19,112750
SWAY_PERF_OUTPUT,619,-29,112751
SWAY_PERF_OUTPUT,620,-52,112752
SWAY_PERF_OUTPUT,621,-46,112753
SWAY_PERF_OUTPUT,622,31,112754
SWAY_PERF_OUTPUT,623,-32,112755
SWAY_PERF_OUTPUT,624,-54,112756
SWAY_PERF_OUTPUT,625,-38,112757
SWAY_PERF_OUTPUT,626,68,112758
SWAY_PERF_FRAME,10,112702,112758
SWAY_PROFILE,block0_in,11,15,112797
SWAY_PROFILE,block1_in,11,10,112797
SWAY_PROFILE,embedding_in,12,1,112799
SWAY_PROFILE,head_in,11,6,112799
SWAY_PROFILE,patch_ready,12,2,112800
SWAY_PROFILE,block0_in,12,0,113387
SWAY_PROFILE,block1_in,11,11,113387
SWAY_PROFILE,embedding_in,12,2,113389
SWAY_PROFILE,head_in,11,7,113389
SWAY_PROFILE,patch_ready,12,3,113390
SWAY_PROFILE,block0_in,12,1,113979
SWAY_PROFILE,block1_in,11,12,113979
SWAY_PROFILE,embedding_in,12,3,113981
SWAY_PROFILE,head_in,11,8,113981
SWAY_PROFILE,patch_ready,12,4,113982
SWAY_PROFILE,block0_in,12,2,114569
SWAY_PROFILE,block1_in,11,13,114569
SWAY_PROFILE,embedding_in,12,4,114571
SWAY_PROFILE,head_in,11,9,114571
SWAY_PROFILE,patch_ready,12,5,114572
SWAY_PROFILE,block0_in,12,3,115159
SWAY_PROFILE,block1_in,11,14,115159
SWAY_PROFILE,embedding_in,12,5,115161
SWAY_PROFILE,head_in,11,10,115161
SWAY_PROFILE,patch_ready,12,6,115162
SWAY_PROFILE,block0_in,12,4,115749
SWAY_PROFILE,block1_in,11,15,115749
SWAY_PROFILE,embedding_in,12,6,115751
SWAY_PROFILE,head_in,11,11,115751
SWAY_PROFILE,patch_ready,12,7,115752
SWAY_PROFILE,block0_in,12,5,116341
SWAY_PROFILE,block1_in,12,0,116341
SWAY_PROFILE,embedding_in,12,7,116343
SWAY_PROFILE,head_in,11,12,116343
SWAY_PROFILE,patch_ready,12,8,116344
SWAY_PROFILE,block0_in,12,6,116931
SWAY_PROFILE,block1_in,12,1,116931
SWAY_PROFILE,embedding_in,12,8,116933
SWAY_PROFILE,head_in,11,13,116933
SWAY_PROFILE,patch_ready,12,9,116934
SWAY_PROFILE,block0_in,12,7,117521
SWAY_PROFILE,block1_in,12,2,117521
SWAY_PROFILE,embedding_in,12,9,117523
SWAY_PROFILE,head_in,11,14,117523
SWAY_PROFILE,patch_ready,12,10,117524
SWAY_PROFILE,block0_in,12,8,118111
SWAY_PROFILE,block1_in,12,3,118111
SWAY_PROFILE,embedding_in,12,10,118113
SWAY_PROFILE,head_in,11,15,118113
SWAY_PROFILE,patch_ready,12,11,118114
SWAY_PROFILE,block0_in,12,9,118703
SWAY_PROFILE,block1_in,12,4,118703
SWAY_PROFILE,embedding_in,12,11,118705
SWAY_PROFILE,head_in,12,0,118705
SWAY_PROFILE,patch_ready,12,12,118706
SWAY_PROFILE,block0_in,12,10,119293
SWAY_PROFILE,block1_in,12,5,119293
SWAY_PROFILE,embedding_in,12,12,119295
SWAY_PROFILE,head_in,12,1,119295
SWAY_PROFILE,patch_ready,12,13,119296
SWAY_PROFILE,block0_in,12,11,119883
SWAY_PROFILE,block1_in,12,6,119883
SWAY_PROFILE,embedding_in,12,13,119885
SWAY_PROFILE,head_in,12,2,119885
SWAY_PROFILE,patch_ready,12,14,119886
SWAY_PROFILE,block0_in,12,12,120473
SWAY_PROFILE,block1_in,12,7,120473
SWAY_PROFILE,embedding_in,12,14,120475
SWAY_PROFILE,head_in,12,3,120475
SWAY_PROFILE,patch_ready,12,15,120476
SWAY_PERF_INPUT_FRAME,14,111319,120766
SWAY_PROFILE,block0_in,12,13,121065
SWAY_PROFILE,block1_in,12,8,121065
SWAY_PROFILE,embedding_in,12,15,121067
SWAY_PROFILE,head_in,12,4,121067
SWAY_PROFILE,patch_ready,13,0,121068
SWAY_PROFILE,head_output_in,11,0,121406
SWAY_PROFILE,block0_in,12,14,121655
SWAY_PROFILE,block1_in,12,9,121655
SWAY_PROFILE,embedding_in,13,0,121657
SWAY_PROFILE,head_in,12,5,121657
SWAY_PROFILE,patch_ready,13,1,121658
SWAY_PROFILE,serialize_in,11,0,122148
SWAY_PERF_OUTPUT,627,61,122150
SWAY_PERF_OUTPUT,628,72,122151
SWAY_PERF_OUTPUT,629,58,122152
SWAY_PERF_OUTPUT,630,63,122153
SWAY_PERF_OUTPUT,631,71,122154
SWAY_PERF_OUTPUT,632,59,122155
SWAY_PERF_OUTPUT,633,17,122156
SWAY_PERF_OUTPUT,634,69,122157
SWAY_PERF_OUTPUT,635,80,122158
SWAY_PERF_OUTPUT,636,102,122159
SWAY_PERF_OUTPUT,637,53,122160
SWAY_PERF_OUTPUT,638,68,122161
SWAY_PERF_OUTPUT,639,58,122162
SWAY_PERF_OUTPUT,640,56,122163
SWAY_PERF_OUTPUT,641,48,122164
SWAY_PERF_OUTPUT,642,37,122165
SWAY_PERF_OUTPUT,643,13,122166
SWAY_PERF_OUTPUT,644,20,122167
SWAY_PERF_OUTPUT,645,73,122168
SWAY_PERF_OUTPUT,646,118,122169
SWAY_PERF_OUTPUT,647,127,122170
SWAY_PERF_OUTPUT,648,127,122171
SWAY_PERF_OUTPUT,649,127,122172
SWAY_PERF_OUTPUT,650,127,122173
SWAY_PERF_OUTPUT,651,116,122174
SWAY_PERF_OUTPUT,652,88,122175
SWAY_PERF_OUTPUT,653,127,122176
SWAY_PERF_OUTPUT,654,120,122177
SWAY_PERF_OUTPUT,655,119,122178
SWAY_PERF_OUTPUT,656,127,122179
SWAY_PERF_OUTPUT,657,110,122180
SWAY_PERF_OUTPUT,658,121,122181
SWAY_PERF_OUTPUT,659,118,122182
SWAY_PERF_OUTPUT,660,127,122183
SWAY_PERF_OUTPUT,661,127,122184
SWAY_PERF_OUTPUT,662,127,122185
SWAY_PERF_OUTPUT,663,127,122186
SWAY_PERF_OUTPUT,664,127,122187
SWAY_PERF_OUTPUT,665,-21,122188
SWAY_PERF_OUTPUT,666,-2,122189
SWAY_PERF_OUTPUT,667,32,122190
SWAY_PERF_OUTPUT,668,32,122191
SWAY_PERF_OUTPUT,669,17,122192
SWAY_PERF_OUTPUT,670,-14,122193
SWAY_PERF_OUTPUT,671,-22,122194
SWAY_PERF_OUTPUT,672,-12,122195
SWAY_PERF_OUTPUT,673,-47,122196
SWAY_PERF_OUTPUT,674,-38,122197
SWAY_PERF_OUTPUT,675,-36,122198
SWAY_PERF_OUTPUT,676,-46,122199
SWAY_PERF_OUTPUT,677,-81,122200
SWAY_PERF_OUTPUT,678,-67,122201
SWAY_PERF_OUTPUT,679,-17,122202
SWAY_PERF_OUTPUT,680,-41,122203
SWAY_PERF_OUTPUT,681,-65,122204
SWAY_PERF_OUTPUT,682,-78,122205
SWAY_PERF_OUTPUT,683,21,122206
SWAY_PERF_FRAME,11,122150,122206
SWAY_PROFILE,block0_in,12,15,122245
SWAY_PROFILE,block1_in,12,10,122245
SWAY_PROFILE,embedding_in,13,1,122247
SWAY_PROFILE,head_in,12,6,122247
SWAY_PROFILE,patch_ready,13,2,122248
SWAY_PROFILE,block0_in,13,0,122835
SWAY_PROFILE,block1_in,12,11,122835
SWAY_PROFILE,embedding_in,13,2,122837
SWAY_PROFILE,head_in,12,7,122837
SWAY_PROFILE,patch_ready,13,3,122838
SWAY_PROFILE,block0_in,13,1,123427
SWAY_PROFILE,block1_in,12,12,123427
SWAY_PROFILE,embedding_in,13,3,123429
SWAY_PROFILE,head_in,12,8,123429
SWAY_PROFILE,patch_ready,13,4,123430
SWAY_PROFILE,block0_in,13,2,124017
SWAY_PROFILE,block1_in,12,13,124017
SWAY_PROFILE,embedding_in,13,4,124019
SWAY_PROFILE,head_in,12,9,124019
SWAY_PROFILE,patch_ready,13,5,124020
SWAY_PROFILE,block0_in,13,3,124607
SWAY_PROFILE,block1_in,12,14,124607
SWAY_PROFILE,embedding_in,13,5,124609
SWAY_PROFILE,head_in,12,10,124609
SWAY_PROFILE,patch_ready,13,6,124610
SWAY_PROFILE,block0_in,13,4,125197
SWAY_PROFILE,block1_in,12,15,125197
SWAY_PROFILE,embedding_in,13,6,125199
SWAY_PROFILE,head_in,12,11,125199
SWAY_PROFILE,patch_ready,13,7,125200
SWAY_PROFILE,block0_in,13,5,125789
SWAY_PROFILE,block1_in,13,0,125789
SWAY_PROFILE,embedding_in,13,7,125791
SWAY_PROFILE,head_in,12,12,125791
SWAY_PROFILE,patch_ready,13,8,125792
SWAY_PROFILE,block0_in,13,6,126379
SWAY_PROFILE,block1_in,13,1,126379
SWAY_PROFILE,embedding_in,13,8,126381
SWAY_PROFILE,head_in,12,13,126381
SWAY_PROFILE,patch_ready,13,9,126382
SWAY_PROFILE,block0_in,13,7,126969
SWAY_PROFILE,block1_in,13,2,126969
SWAY_PROFILE,embedding_in,13,9,126971
SWAY_PROFILE,head_in,12,14,126971
SWAY_PROFILE,patch_ready,13,10,126972
SWAY_PROFILE,block0_in,13,8,127559
SWAY_PROFILE,block1_in,13,3,127559
SWAY_PROFILE,embedding_in,13,10,127561
SWAY_PROFILE,head_in,12,15,127561
SWAY_PROFILE,patch_ready,13,11,127562
SWAY_PROFILE,block0_in,13,9,128151
SWAY_PROFILE,block1_in,13,4,128151
SWAY_PROFILE,embedding_in,13,11,128153
SWAY_PROFILE,head_in,13,0,128153
SWAY_PROFILE,patch_ready,13,12,128154
SWAY_PROFILE,block0_in,13,10,128741
SWAY_PROFILE,block1_in,13,5,128741
SWAY_PROFILE,embedding_in,13,12,128743
SWAY_PROFILE,head_in,13,1,128743
SWAY_PROFILE,patch_ready,13,13,128744
SWAY_PROFILE,block0_in,13,11,129331
SWAY_PROFILE,block1_in,13,6,129331
SWAY_PROFILE,embedding_in,13,13,129333
SWAY_PROFILE,head_in,13,2,129333
SWAY_PROFILE,patch_ready,13,14,129334
SWAY_PROFILE,block0_in,13,12,129921
SWAY_PROFILE,block1_in,13,7,129921
SWAY_PROFILE,embedding_in,13,14,129923
SWAY_PROFILE,head_in,13,3,129923
SWAY_PROFILE,patch_ready,13,15,129924
SWAY_PERF_INPUT_FRAME,15,120767,130214
SWAY_PROFILE,block0_in,13,13,130513
SWAY_PROFILE,block1_in,13,8,130513
SWAY_PROFILE,embedding_in,13,15,130515
SWAY_PROFILE,head_in,13,4,130515
SWAY_PROFILE,patch_ready,14,0,130516
SWAY_PROFILE,head_output_in,12,0,130854
SWAY_PROFILE,block0_in,13,14,131103
SWAY_PROFILE,block1_in,13,9,131103
SWAY_PROFILE,embedding_in,14,0,131105
SWAY_PROFILE,head_in,13,5,131105
SWAY_PROFILE,patch_ready,14,1,131106
SWAY_PROFILE,serialize_in,12,0,131596
SWAY_PERF_OUTPUT,684,7,131598
SWAY_PERF_OUTPUT,685,7,131599
SWAY_PERF_OUTPUT,686,6,131600
SWAY_PERF_OUTPUT,687,6,131601
SWAY_PERF_OUTPUT,688,12,131602
SWAY_PERF_OUTPUT,689,16,131603
SWAY_PERF_OUTPUT,690,19,131604
SWAY_PERF_OUTPUT,691,1,131605
SWAY_PERF_OUTPUT,692,-2,131606
SWAY_PERF_OUTPUT,693,-3,131607
SWAY_PERF_OUTPUT,694,9,131608
SWAY_PERF_OUTPUT,695,10,131609
SWAY_PERF_OUTPUT,696,11,131610
SWAY_PERF_OUTPUT,697,11,131611
SWAY_PERF_OUTPUT,698,4,131612
SWAY_PERF_OUTPUT,699,2,131613
SWAY_PERF_OUTPUT,700,0,131614
SWAY_PERF_OUTPUT,701,0,131615
SWAY_PERF_OUTPUT,702,7,131616
SWAY_PERF_OUTPUT,703,63,131617
SWAY_PERF_OUTPUT,704,63,131618
SWAY_PERF_OUTPUT,705,63,131619
SWAY_PERF_OUTPUT,706,62,131620
SWAY_PERF_OUTPUT,707,62,131621
SWAY_PERF_OUTPUT,708,63,131622
SWAY_PERF_OUTPUT,709,61,131623
SWAY_PERF_OUTPUT,710,62,131624
SWAY_PERF_OUTPUT,711,63,131625
SWAY_PERF_OUTPUT,712,61,131626
SWAY_PERF_OUTPUT,713,62,131627
SWAY_PERF_OUTPUT,714,62,131628
SWAY_PERF_OUTPUT,715,63,131629
SWAY_PERF_OUTPUT,716,61,131630
SWAY_PERF_OUTPUT,717,62,131631
SWAY_PERF_OUTPUT,718,62,131632
SWAY_PERF_OUTPUT,719,63,131633
SWAY_PERF_OUTPUT,720,60,131634
SWAY_PERF_OUTPUT,721,63,131635
SWAY_PERF_OUTPUT,722,-7,131636
SWAY_PERF_OUTPUT,723,2,131637
SWAY_PERF_OUTPUT,724,13,131638
SWAY_PERF_OUTPUT,725,17,131639
SWAY_PERF_OUTPUT,726,9,131640
SWAY_PERF_OUTPUT,727,5,131641
SWAY_PERF_OUTPUT,728,2,131642
SWAY_PERF_OUTPUT,729,9,131643
SWAY_PERF_OUTPUT,730,2,131644
SWAY_PERF_OUTPUT,731,-4,131645
SWAY_PERF_OUTPUT,732,-7,131646
SWAY_PERF_OUTPUT,733,-17,131647
SWAY_PERF_OUTPUT,734,-28,131648
SWAY_PERF_OUTPUT,735,-29,131649
SWAY_PERF_OUTPUT,736,-7,131650
SWAY_PERF_OUTPUT,737,-16,131651
SWAY_PERF_OUTPUT,738,-27,131652
SWAY_PERF_OUTPUT,739,-29,131653
SWAY_PERF_OUTPUT,740,10,131654
SWAY_PERF_FRAME,12,131598,131654
SWAY_PROFILE,block0_in,13,15,131693
SWAY_PROFILE,block1_in,13,10,131693
SWAY_PROFILE,embedding_in,14,1,131695
SWAY_PROFILE,head_in,13,6,131695
SWAY_PROFILE,patch_ready,14,2,131696
SWAY_PROFILE,block0_in,14,0,132283
SWAY_PROFILE,block1_in,13,11,132283
SWAY_PROFILE,embedding_in,14,2,132285
SWAY_PROFILE,head_in,13,7,132285
SWAY_PROFILE,patch_ready,14,3,132286
SWAY_PROFILE,block0_in,14,1,132875
SWAY_PROFILE,block1_in,13,12,132875
SWAY_PROFILE,embedding_in,14,3,132877
SWAY_PROFILE,head_in,13,8,132877
SWAY_PROFILE,patch_ready,14,4,132878
SWAY_PROFILE,block0_in,14,2,133465
SWAY_PROFILE,block1_in,13,13,133465
SWAY_PROFILE,embedding_in,14,4,133467
SWAY_PROFILE,head_in,13,9,133467
SWAY_PROFILE,patch_ready,14,5,133468
SWAY_PROFILE,block0_in,14,3,134055
SWAY_PROFILE,block1_in,13,14,134055
SWAY_PROFILE,embedding_in,14,5,134057
SWAY_PROFILE,head_in,13,10,134057
SWAY_PROFILE,patch_ready,14,6,134058
SWAY_PROFILE,block0_in,14,4,134645
SWAY_PROFILE,block1_in,13,15,134645
SWAY_PROFILE,embedding_in,14,6,134647
SWAY_PROFILE,head_in,13,11,134647
SWAY_PROFILE,patch_ready,14,7,134648
SWAY_PROFILE,block0_in,14,5,135237
SWAY_PROFILE,block1_in,14,0,135237
SWAY_PROFILE,embedding_in,14,7,135239
SWAY_PROFILE,head_in,13,12,135239
SWAY_PROFILE,patch_ready,14,8,135240
SWAY_PROFILE,block0_in,14,6,135827
SWAY_PROFILE,block1_in,14,1,135827
SWAY_PROFILE,embedding_in,14,8,135829
SWAY_PROFILE,head_in,13,13,135829
SWAY_PROFILE,patch_ready,14,9,135830
SWAY_PROFILE,block0_in,14,7,136417
SWAY_PROFILE,block1_in,14,2,136417
SWAY_PROFILE,embedding_in,14,9,136419
SWAY_PROFILE,head_in,13,14,136419
SWAY_PROFILE,patch_ready,14,10,136420
SWAY_PROFILE,block0_in,14,8,137007
SWAY_PROFILE,block1_in,14,3,137007
SWAY_PROFILE,embedding_in,14,10,137009
SWAY_PROFILE,head_in,13,15,137009
SWAY_PROFILE,patch_ready,14,11,137010
SWAY_PROFILE,block0_in,14,9,137599
SWAY_PROFILE,block1_in,14,4,137599
SWAY_PROFILE,embedding_in,14,11,137601
SWAY_PROFILE,head_in,14,0,137601
SWAY_PROFILE,patch_ready,14,12,137602
SWAY_PROFILE,block0_in,14,10,138189
SWAY_PROFILE,block1_in,14,5,138189
SWAY_PROFILE,embedding_in,14,12,138191
SWAY_PROFILE,head_in,14,1,138191
SWAY_PROFILE,patch_ready,14,13,138192
SWAY_PROFILE,block0_in,14,11,138779
SWAY_PROFILE,block1_in,14,6,138779
SWAY_PROFILE,embedding_in,14,13,138781
SWAY_PROFILE,head_in,14,2,138781
SWAY_PROFILE,patch_ready,14,14,138782
SWAY_PROFILE,block0_in,14,12,139369
SWAY_PROFILE,block1_in,14,7,139369
SWAY_PROFILE,embedding_in,14,14,139371
SWAY_PROFILE,head_in,14,3,139371
SWAY_PROFILE,patch_ready,14,15,139372
SWAY_PERF_INPUT_FRAME,16,130215,139662
SWAY_PROFILE,block0_in,14,13,139961
SWAY_PROFILE,block1_in,14,8,139961
SWAY_PROFILE,embedding_in,14,15,139963
SWAY_PROFILE,head_in,14,4,139963
SWAY_PROFILE,patch_ready,15,0,139964
SWAY_PROFILE,head_output_in,13,0,140302
SWAY_PROFILE,block0_in,14,14,140551
SWAY_PROFILE,block1_in,14,9,140551
SWAY_PROFILE,embedding_in,15,0,140553
SWAY_PROFILE,head_in,14,5,140553
SWAY_PROFILE,patch_ready,15,1,140554
SWAY_PROFILE,serialize_in,13,0,141044
SWAY_PERF_OUTPUT,741,7,141046
SWAY_PERF_OUTPUT,742,7,141047
SWAY_PERF_OUTPUT,743,6,141048
SWAY_PERF_OUTPUT,744,6,141049
SWAY_PERF_OUTPUT,745,12,141050
SWAY_PERF_OUTPUT,746,16,141051
SWAY_PERF_OUTPUT,747,19,141052
SWAY_PERF_OUTPUT,748,1,141053
SWAY_PERF_OUTPUT,749,-2,141054
SWAY_PERF_OUTPUT,750,-3,141055
SWAY_PERF_OUTPUT,751,9,141056
SWAY_PERF_OUTPUT,752,10,141057
SWAY_PERF_OUTPUT,753,11,141058
SWAY_PERF_OUTPUT,754,11,141059
SWAY_PERF_OUTPUT,755,4,141060
SWAY_PERF_OUTPUT,756,2,141061
SWAY_PERF_OUTPUT,757,0,141062
SWAY_PERF_OUTPUT,758,0,141063
SWAY_PERF_OUTPUT,759,7,141064
SWAY_PERF_OUTPUT,760,63,141065
SWAY_PERF_OUTPUT,761,63,141066
SWAY_PERF_OUTPUT,762,63,141067
SWAY_PERF_OUTPUT,763,62,141068
SWAY_PERF_OUTPUT,764,62,141069
SWAY_PERF_OUTPUT,765,63,141070
SWAY_PERF_OUTPUT,766,61,141071
SWAY_PERF_OUTPUT,767,62,141072
SWAY_PERF_OUTPUT,768,63,141073
SWAY_PERF_OUTPUT,769,61,141074
SWAY_PERF_OUTPUT,770,62,141075
SWAY_PERF_OUTPUT,771,62,141076
SWAY_PERF_OUTPUT,772,63,141077
SWAY_PERF_OUTPUT,773,61,141078
SWAY_PERF_OUTPUT,774,62,141079
SWAY_PERF_OUTPUT,775,62,141080
SWAY_PERF_OUTPUT,776,63,141081
SWAY_PERF_OUTPUT,777,60,141082
SWAY_PERF_OUTPUT,778,63,141083
SWAY_PERF_OUTPUT,779,-7,141084
SWAY_PERF_OUTPUT,780,2,141085
SWAY_PERF_OUTPUT,781,13,141086
SWAY_PERF_OUTPUT,782,17,141087
SWAY_PERF_OUTPUT,783,9,141088
SWAY_PERF_OUTPUT,784,5,141089
SWAY_PERF_OUTPUT,785,2,141090
SWAY_PERF_OUTPUT,786,9,141091
SWAY_PERF_OUTPUT,787,2,141092
SWAY_PERF_OUTPUT,788,-4,141093
SWAY_PERF_OUTPUT,789,-7,141094
SWAY_PERF_OUTPUT,790,-17,141095
SWAY_PERF_OUTPUT,791,-28,141096
SWAY_PERF_OUTPUT,792,-29,141097
SWAY_PERF_OUTPUT,793,-7,141098
SWAY_PERF_OUTPUT,794,-16,141099
SWAY_PERF_OUTPUT,795,-27,141100
SWAY_PERF_OUTPUT,796,-29,141101
SWAY_PERF_OUTPUT,797,10,141102
SWAY_PERF_FRAME,13,141046,141102
SWAY_PROFILE,block0_in,14,15,141141
SWAY_PROFILE,block1_in,14,10,141141
SWAY_PROFILE,embedding_in,15,1,141143
SWAY_PROFILE,head_in,14,6,141143
SWAY_PROFILE,patch_ready,15,2,141144
SWAY_PROFILE,block0_in,15,0,141731
SWAY_PROFILE,block1_in,14,11,141731
SWAY_PROFILE,embedding_in,15,2,141733
SWAY_PROFILE,head_in,14,7,141733
SWAY_PROFILE,patch_ready,15,3,141734
SWAY_PROFILE,block0_in,15,1,142323
SWAY_PROFILE,block1_in,14,12,142323
SWAY_PROFILE,embedding_in,15,3,142325
SWAY_PROFILE,head_in,14,8,142325
SWAY_PROFILE,patch_ready,15,4,142326
SWAY_PROFILE,block0_in,15,2,142913
SWAY_PROFILE,block1_in,14,13,142913
SWAY_PROFILE,embedding_in,15,4,142915
SWAY_PROFILE,head_in,14,9,142915
SWAY_PROFILE,patch_ready,15,5,142916
SWAY_PROFILE,block0_in,15,3,143503
SWAY_PROFILE,block1_in,14,14,143503
SWAY_PROFILE,embedding_in,15,5,143505
SWAY_PROFILE,head_in,14,10,143505
SWAY_PROFILE,patch_ready,15,6,143506
SWAY_PROFILE,block0_in,15,4,144093
SWAY_PROFILE,block1_in,14,15,144093
SWAY_PROFILE,embedding_in,15,6,144095
SWAY_PROFILE,head_in,14,11,144095
SWAY_PROFILE,patch_ready,15,7,144096
SWAY_PROFILE,block0_in,15,5,144685
SWAY_PROFILE,block1_in,15,0,144685
SWAY_PROFILE,embedding_in,15,7,144687
SWAY_PROFILE,head_in,14,12,144687
SWAY_PROFILE,patch_ready,15,8,144688
SWAY_PROFILE,block0_in,15,6,145275
SWAY_PROFILE,block1_in,15,1,145275
SWAY_PROFILE,embedding_in,15,8,145277
SWAY_PROFILE,head_in,14,13,145277
SWAY_PROFILE,patch_ready,15,9,145278
SWAY_PROFILE,block0_in,15,7,145865
SWAY_PROFILE,block1_in,15,2,145865
SWAY_PROFILE,embedding_in,15,9,145867
SWAY_PROFILE,head_in,14,14,145867
SWAY_PROFILE,patch_ready,15,10,145868
SWAY_PROFILE,block0_in,15,8,146455
SWAY_PROFILE,block1_in,15,3,146455
SWAY_PROFILE,embedding_in,15,10,146457
SWAY_PROFILE,head_in,14,15,146457
SWAY_PROFILE,patch_ready,15,11,146458
SWAY_PROFILE,block0_in,15,9,147047
SWAY_PROFILE,block1_in,15,4,147047
SWAY_PROFILE,embedding_in,15,11,147049
SWAY_PROFILE,head_in,15,0,147049
SWAY_PROFILE,patch_ready,15,12,147050
SWAY_PROFILE,block0_in,15,10,147637
SWAY_PROFILE,block1_in,15,5,147637
SWAY_PROFILE,embedding_in,15,12,147639
SWAY_PROFILE,head_in,15,1,147639
SWAY_PROFILE,patch_ready,15,13,147640
SWAY_PROFILE,block0_in,15,11,148227
SWAY_PROFILE,block1_in,15,6,148227
SWAY_PROFILE,embedding_in,15,13,148229
SWAY_PROFILE,head_in,15,2,148229
SWAY_PROFILE,patch_ready,15,14,148230
SWAY_PROFILE,block0_in,15,12,148817
SWAY_PROFILE,block1_in,15,7,148817
SWAY_PROFILE,embedding_in,15,14,148819
SWAY_PROFILE,head_in,15,3,148819
SWAY_PROFILE,patch_ready,15,15,148820
SWAY_PERF_INPUT_FRAME,17,139663,149110
SWAY_PROFILE,block0_in,15,13,149409
SWAY_PROFILE,block1_in,15,8,149409
SWAY_PROFILE,embedding_in,15,15,149411
SWAY_PROFILE,head_in,15,4,149411
SWAY_PROFILE,patch_ready,16,0,149412
SWAY_PROFILE,head_output_in,14,0,149750
SWAY_PROFILE,block0_in,15,14,149999
SWAY_PROFILE,block1_in,15,9,149999
SWAY_PROFILE,embedding_in,16,0,150001
SWAY_PROFILE,head_in,15,5,150001
SWAY_PROFILE,patch_ready,16,1,150002
SWAY_PROFILE,serialize_in,14,0,150492
SWAY_PERF_OUTPUT,798,7,150494
SWAY_PERF_OUTPUT,799,7,150495
SWAY_PERF_OUTPUT,800,6,150496
SWAY_PERF_OUTPUT,801,6,150497
SWAY_PERF_OUTPUT,802,12,150498
SWAY_PERF_OUTPUT,803,16,150499
SWAY_PERF_OUTPUT,804,19,150500
SWAY_PERF_OUTPUT,805,1,150501
SWAY_PERF_OUTPUT,806,-2,150502
SWAY_PERF_OUTPUT,807,-3,150503
SWAY_PERF_OUTPUT,808,9,150504
SWAY_PERF_OUTPUT,809,10,150505
SWAY_PERF_OUTPUT,810,11,150506
SWAY_PERF_OUTPUT,811,11,150507
SWAY_PERF_OUTPUT,812,4,150508
SWAY_PERF_OUTPUT,813,2,150509
SWAY_PERF_OUTPUT,814,0,150510
SWAY_PERF_OUTPUT,815,0,150511
SWAY_PERF_OUTPUT,816,7,150512
SWAY_PERF_OUTPUT,817,63,150513
SWAY_PERF_OUTPUT,818,63,150514
SWAY_PERF_OUTPUT,819,63,150515
SWAY_PERF_OUTPUT,820,62,150516
SWAY_PERF_OUTPUT,821,62,150517
SWAY_PERF_OUTPUT,822,63,150518
SWAY_PERF_OUTPUT,823,61,150519
SWAY_PERF_OUTPUT,824,62,150520
SWAY_PERF_OUTPUT,825,63,150521
SWAY_PERF_OUTPUT,826,61,150522
SWAY_PERF_OUTPUT,827,62,150523
SWAY_PERF_OUTPUT,828,62,150524
SWAY_PERF_OUTPUT,829,63,150525
SWAY_PERF_OUTPUT,830,61,150526
SWAY_PERF_OUTPUT,831,62,150527
SWAY_PERF_OUTPUT,832,62,150528
SWAY_PERF_OUTPUT,833,63,150529
SWAY_PERF_OUTPUT,834,60,150530
SWAY_PERF_OUTPUT,835,63,150531
SWAY_PERF_OUTPUT,836,-7,150532
SWAY_PERF_OUTPUT,837,2,150533
SWAY_PERF_OUTPUT,838,13,150534
SWAY_PERF_OUTPUT,839,17,150535
SWAY_PERF_OUTPUT,840,9,150536
SWAY_PERF_OUTPUT,841,5,150537
SWAY_PERF_OUTPUT,842,2,150538
SWAY_PERF_OUTPUT,843,9,150539
SWAY_PERF_OUTPUT,844,2,150540
SWAY_PERF_OUTPUT,845,-4,150541
SWAY_PERF_OUTPUT,846,-7,150542
SWAY_PERF_OUTPUT,847,-17,150543
SWAY_PERF_OUTPUT,848,-28,150544
SWAY_PERF_OUTPUT,849,-29,150545
SWAY_PERF_OUTPUT,850,-7,150546
SWAY_PERF_OUTPUT,851,-16,150547
SWAY_PERF_OUTPUT,852,-27,150548
SWAY_PERF_OUTPUT,853,-29,150549
SWAY_PERF_OUTPUT,854,10,150550
SWAY_PERF_FRAME,14,150494,150550
SWAY_PROFILE,block0_in,15,15,150589
SWAY_PROFILE,block1_in,15,10,150589
SWAY_PROFILE,embedding_in,16,1,150591
SWAY_PROFILE,head_in,15,6,150591
SWAY_PROFILE,patch_ready,16,2,150592
SWAY_PROFILE,block0_in,16,0,151179
SWAY_PROFILE,block1_in,15,11,151179
SWAY_PROFILE,embedding_in,16,2,151181
SWAY_PROFILE,head_in,15,7,151181
SWAY_PROFILE,patch_ready,16,3,151182
SWAY_PROFILE,block0_in,16,1,151771
SWAY_PROFILE,block1_in,15,12,151771
SWAY_PROFILE,embedding_in,16,3,151773
SWAY_PROFILE,head_in,15,8,151773
SWAY_PROFILE,patch_ready,16,4,151774
SWAY_PROFILE,block0_in,16,2,152361
SWAY_PROFILE,block1_in,15,13,152361
SWAY_PROFILE,embedding_in,16,4,152363
SWAY_PROFILE,head_in,15,9,152363
SWAY_PROFILE,patch_ready,16,5,152364
SWAY_PROFILE,block0_in,16,3,152951
SWAY_PROFILE,block1_in,15,14,152951
SWAY_PROFILE,embedding_in,16,5,152953
SWAY_PROFILE,head_in,15,10,152953
SWAY_PROFILE,patch_ready,16,6,152954
SWAY_PROFILE,block0_in,16,4,153541
SWAY_PROFILE,block1_in,15,15,153541
SWAY_PROFILE,embedding_in,16,6,153543
SWAY_PROFILE,head_in,15,11,153543
SWAY_PROFILE,patch_ready,16,7,153544
SWAY_PROFILE,block0_in,16,5,154133
SWAY_PROFILE,block1_in,16,0,154133
SWAY_PROFILE,embedding_in,16,7,154135
SWAY_PROFILE,head_in,15,12,154135
SWAY_PROFILE,patch_ready,16,8,154136
SWAY_PROFILE,block0_in,16,6,154723
SWAY_PROFILE,block1_in,16,1,154723
SWAY_PROFILE,embedding_in,16,8,154725
SWAY_PROFILE,head_in,15,13,154725
SWAY_PROFILE,patch_ready,16,9,154726
SWAY_PROFILE,block0_in,16,7,155313
SWAY_PROFILE,block1_in,16,2,155313
SWAY_PROFILE,embedding_in,16,9,155315
SWAY_PROFILE,head_in,15,14,155315
SWAY_PROFILE,patch_ready,16,10,155316
SWAY_PROFILE,block0_in,16,8,155903
SWAY_PROFILE,block1_in,16,3,155903
SWAY_PROFILE,embedding_in,16,10,155905
SWAY_PROFILE,head_in,15,15,155905
SWAY_PROFILE,patch_ready,16,11,155906
SWAY_PROFILE,block0_in,16,9,156495
SWAY_PROFILE,block1_in,16,4,156495
SWAY_PROFILE,embedding_in,16,11,156497
SWAY_PROFILE,head_in,16,0,156497
SWAY_PROFILE,patch_ready,16,12,156498
SWAY_PROFILE,block0_in,16,10,157085
SWAY_PROFILE,block1_in,16,5,157085
SWAY_PROFILE,embedding_in,16,12,157087
SWAY_PROFILE,head_in,16,1,157087
SWAY_PROFILE,patch_ready,16,13,157088
SWAY_PROFILE,block0_in,16,11,157675
SWAY_PROFILE,block1_in,16,6,157675
SWAY_PROFILE,embedding_in,16,13,157677
SWAY_PROFILE,head_in,16,2,157677
SWAY_PROFILE,patch_ready,16,14,157678
SWAY_PROFILE,block0_in,16,12,158265
SWAY_PROFILE,block1_in,16,7,158265
SWAY_PROFILE,embedding_in,16,14,158267
SWAY_PROFILE,head_in,16,3,158267
SWAY_PROFILE,patch_ready,16,15,158268
SWAY_PERF_INPUT_FRAME,18,149111,158558
SWAY_PROFILE,block0_in,16,13,158857
SWAY_PROFILE,block1_in,16,8,158857
SWAY_PROFILE,embedding_in,16,15,158859
SWAY_PROFILE,head_in,16,4,158859
SWAY_PROFILE,patch_ready,17,0,158860
SWAY_PROFILE,head_output_in,15,0,159198
SWAY_PROFILE,block0_in,16,14,159447
SWAY_PROFILE,block1_in,16,9,159447
SWAY_PROFILE,embedding_in,17,0,159449
SWAY_PROFILE,head_in,16,5,159449
SWAY_PROFILE,patch_ready,17,1,159450
SWAY_PROFILE,serialize_in,15,0,159940
SWAY_PERF_OUTPUT,855,7,159942
SWAY_PERF_OUTPUT,856,8,159943
SWAY_PERF_OUTPUT,857,8,159944
SWAY_PERF_OUTPUT,858,8,159945
SWAY_PERF_OUTPUT,859,13,159946
SWAY_PERF_OUTPUT,860,17,159947
SWAY_PERF_OUTPUT,861,20,159948
SWAY_PERF_OUTPUT,862,2,159949
SWAY_PERF_OUTPUT,863,-2,159950
SWAY_PERF_OUTPUT,864,-5,159951
SWAY_PERF_OUTPUT,865,10,159952
SWAY_PERF_OUTPUT,866,11,159953
SWAY_PERF_OUTPUT,867,10,159954
SWAY_PERF_OUTPUT,868,11,159955
SWAY_PERF_OUTPUT,869,5,159956
SWAY_PERF_OUTPUT,870,3,159957
SWAY_PERF_OUTPUT,871,0,159958
SWAY_PERF_OUTPUT,872,0,159959
SWAY_PERF_OUTPUT,873,8,159960
SWAY_PERF_OUTPUT,874,62,159961
SWAY_PERF_OUTPUT,875,62,159962
SWAY_PERF_OUTPUT,876,62,159963
SWAY_PERF_OUTPUT,877,62,159964
SWAY_PERF_OUTPUT,878,62,159965
SWAY_PERF_OUTPUT,879,62,159966
SWAY_PERF_OUTPUT,880,60,159967
SWAY_PERF_OUTPUT,881,61,159968
SWAY_PERF_OUTPUT,882,61,159969
SWAY_PERF_OUTPUT,883,60,159970
SWAY_PERF_OUTPUT,884,61,159971
SWAY_PERF_OUTPUT,885,60,159972
SWAY_PERF_OUTPUT,886,62,159973
SWAY_PERF_OUTPUT,887,59,159974
SWAY_PERF_OUTPUT,888,61,159975
SWAY_PERF_OUTPUT,889,61,159976
SWAY_PERF_OUTPUT,890,64,159977
SWAY_PERF_OUTPUT,891,60,159978
SWAY_PERF_OUTPUT,892,62,159979
SWAY_PERF_OUTPUT,893,-6,159980
SWAY_PERF_OUTPUT,894,4,159981
SWAY_PERF_OUTPUT,895,14,159982
SWAY_PERF_OUTPUT,896,18,159983
SWAY_PERF_OUTPUT,897,10,159984
SWAY_PERF_OUTPUT,898,6,159985
SWAY_PERF_OUTPUT,899,-1,159986
SWAY_PERF_OUTPUT,900,10,159987
SWAY_PERF_OUTPUT,901,4,159988
SWAY_PERF_OUTPUT,902,-1,159989
SWAY_PERF_OUTPUT,903,-5,159990
SWAY_PERF_OUTPUT,904,-16,159991
SWAY_PERF_OUTPUT,905,-26,159992
SWAY_PERF_OUTPUT,906,-29,159993
SWAY_PERF_OUTPUT,907,-6,159994
SWAY_PERF_OUTPUT,908,-15,159995
SWAY_PERF_OUTPUT,909,-26,159996
SWAY_PERF_OUTPUT,910,-28,159997
SWAY_PERF_OUTPUT,911,11,159998
SWAY_PERF_FRAME,15,159942,159998
SWAY_PROFILE,block0_in,16,15,160037
SWAY_PROFILE,block1_in,16,10,160037
SWAY_PROFILE,embedding_in,17,1,160039
SWAY_PROFILE,head_in,16,6,160039
SWAY_PROFILE,patch_ready,17,2,160040
SWAY_PROFILE,block0_in,17,0,160627
SWAY_PROFILE,block1_in,16,11,160627
SWAY_PROFILE,embedding_in,17,2,160629
SWAY_PROFILE,head_in,16,7,160629
SWAY_PROFILE,patch_ready,17,3,160630
SWAY_PROFILE,block0_in,17,1,161219
SWAY_PROFILE,block1_in,16,12,161219
SWAY_PROFILE,embedding_in,17,3,161221
SWAY_PROFILE,head_in,16,8,161221
SWAY_PROFILE,patch_ready,17,4,161222
SWAY_PROFILE,block0_in,17,2,161809
SWAY_PROFILE,block1_in,16,13,161809
SWAY_PROFILE,embedding_in,17,4,161811
SWAY_PROFILE,head_in,16,9,161811
SWAY_PROFILE,patch_ready,17,5,161812
SWAY_PROFILE,block0_in,17,3,162399
SWAY_PROFILE,block1_in,16,14,162399
SWAY_PROFILE,embedding_in,17,5,162401
SWAY_PROFILE,head_in,16,10,162401
SWAY_PROFILE,patch_ready,17,6,162402
SWAY_PROFILE,block0_in,17,4,162989
SWAY_PROFILE,block1_in,16,15,162989
SWAY_PROFILE,embedding_in,17,6,162991
SWAY_PROFILE,head_in,16,11,162991
SWAY_PROFILE,patch_ready,17,7,162992
SWAY_PROFILE,block0_in,17,5,163581
SWAY_PROFILE,block1_in,17,0,163581
SWAY_PROFILE,embedding_in,17,7,163583
SWAY_PROFILE,head_in,16,12,163583
SWAY_PROFILE,patch_ready,17,8,163584
SWAY_PROFILE,block0_in,17,6,164171
SWAY_PROFILE,block1_in,17,1,164171
SWAY_PROFILE,embedding_in,17,8,164173
SWAY_PROFILE,head_in,16,13,164173
SWAY_PROFILE,patch_ready,17,9,164174
SWAY_PROFILE,block0_in,17,7,164761
SWAY_PROFILE,block1_in,17,2,164761
SWAY_PROFILE,embedding_in,17,9,164763
SWAY_PROFILE,head_in,16,14,164763
SWAY_PROFILE,patch_ready,17,10,164764
SWAY_PROFILE,block0_in,17,8,165351
SWAY_PROFILE,block1_in,17,3,165351
SWAY_PROFILE,embedding_in,17,10,165353
SWAY_PROFILE,head_in,16,15,165353
SWAY_PROFILE,patch_ready,17,11,165354
SWAY_PROFILE,block0_in,17,9,165943
SWAY_PROFILE,block1_in,17,4,165943
SWAY_PROFILE,embedding_in,17,11,165945
SWAY_PROFILE,head_in,17,0,165945
SWAY_PROFILE,patch_ready,17,12,165946
SWAY_PROFILE,block0_in,17,10,166533
SWAY_PROFILE,block1_in,17,5,166533
SWAY_PROFILE,embedding_in,17,12,166535
SWAY_PROFILE,head_in,17,1,166535
SWAY_PROFILE,patch_ready,17,13,166536
SWAY_PROFILE,block0_in,17,11,167123
SWAY_PROFILE,block1_in,17,6,167123
SWAY_PROFILE,embedding_in,17,13,167125
SWAY_PROFILE,head_in,17,2,167125
SWAY_PROFILE,patch_ready,17,14,167126
SWAY_PROFILE,block0_in,17,12,167713
SWAY_PROFILE,block1_in,17,7,167713
SWAY_PROFILE,embedding_in,17,14,167715
SWAY_PROFILE,head_in,17,3,167715
SWAY_PROFILE,patch_ready,17,15,167716
SWAY_PERF_INPUT_FRAME,19,158559,168006
SWAY_PROFILE,block0_in,17,13,168305
SWAY_PROFILE,block1_in,17,8,168305
SWAY_PROFILE,embedding_in,17,15,168307
SWAY_PROFILE,head_in,17,4,168307
SWAY_PROFILE,patch_ready,18,0,168308
SWAY_PROFILE,head_output_in,16,0,168646
SWAY_PROFILE,block0_in,17,14,168895
SWAY_PROFILE,block1_in,17,9,168895
SWAY_PROFILE,embedding_in,18,0,168897
SWAY_PROFILE,head_in,17,5,168897
SWAY_PROFILE,patch_ready,18,1,168898
SWAY_PROFILE,serialize_in,16,0,169388
SWAY_PERF_OUTPUT,912,8,169390
SWAY_PERF_OUTPUT,913,9,169391
SWAY_PERF_OUTPUT,914,8,169392
SWAY_PERF_OUTPUT,915,9,169393
SWAY_PERF_OUTPUT,916,13,169394
SWAY_PERF_OUTPUT,917,16,169395
SWAY_PERF_OUTPUT,918,15,169396
SWAY_PERF_OUTPUT,919,4,169397
SWAY_PERF_OUTPUT,920,1,169398
SWAY_PERF_OUTPUT,921,0,169399
SWAY_PERF_OUTPUT,922,10,169400
SWAY_PERF_OUTPUT,923,10,169401
SWAY_PERF_OUTPUT,924,8,169402
SWAY_PERF_OUTPUT,925,8,169403
SWAY_PERF_OUTPUT,926,6,169404
SWAY_PERF_OUTPUT,927,4,169405
SWAY_PERF_OUTPUT,928,2,169406
SWAY_PERF_OUTPUT,929,1,169407
SWAY_PERF_OUTPUT,930,9,169408
SWAY_PERF_OUTPUT,931,63,169409
SWAY_PERF_OUTPUT,932,63,169410
SWAY_PERF_OUTPUT,933,63,169411
SWAY_PERF_OUTPUT,934,63,169412
SWAY_PERF_OUTPUT,935,62,169413
SWAY_PERF_OUTPUT,936,62,169414
SWAY_PERF_OUTPUT,937,60,169415
SWAY_PERF_OUTPUT,938,62,169416
SWAY_PERF_OUTPUT,939,64,169417
SWAY_PERF_OUTPUT,940,62,169418
SWAY_PERF_OUTPUT,941,62,169419
SWAY_PERF_OUTPUT,942,62,169420
SWAY_PERF_OUTPUT,943,63,169421
SWAY_PERF_OUTPUT,944,62,169422
SWAY_PERF_OUTPUT,945,62,169423
SWAY_PERF_OUTPUT,946,62,169424
SWAY_PERF_OUTPUT,947,63,169425
SWAY_PERF_OUTPUT,948,59,169426
SWAY_PERF_OUTPUT,949,63,169427
SWAY_PERF_OUTPUT,950,-8,169428
SWAY_PERF_OUTPUT,951,2,169429
SWAY_PERF_OUTPUT,952,13,169430
SWAY_PERF_OUTPUT,953,17,169431
SWAY_PERF_OUTPUT,954,9,169432
SWAY_PERF_OUTPUT,955,2,169433
SWAY_PERF_OUTPUT,956,-4,169434
SWAY_PERF_OUTPUT,957,8,169435
SWAY_PERF_OUTPUT,958,2,169436
SWAY_PERF_OUTPUT,959,-4,169437
SWAY_PERF_OUTPUT,960,-7,169438
SWAY_PERF_OUTPUT,961,-17,169439
SWAY_PERF_OUTPUT,962,-28,169440
SWAY_PERF_OUTPUT,963,-30,169441
SWAY_PERF_OUTPUT,964,-7,169442
SWAY_PERF_OUTPUT,965,-16,169443
SWAY_PERF_OUTPUT,966,-26,169444
SWAY_PERF_OUTPUT,967,-29,169445
SWAY_PERF_OUTPUT,968,10,169446
SWAY_PERF_FRAME,16,169390,169446
SWAY_PROFILE,block0_in,17,15,169485
SWAY_PROFILE,block1_in,17,10,169485
SWAY_PROFILE,embedding_in,18,1,169487
SWAY_PROFILE,head_in,17,6,169487
SWAY_PROFILE,patch_ready,18,2,169488
SWAY_PROFILE,block0_in,18,0,170075
SWAY_PROFILE,block1_in,17,11,170075
SWAY_PROFILE,embedding_in,18,2,170077
SWAY_PROFILE,head_in,17,7,170077
SWAY_PROFILE,patch_ready,18,3,170078
SWAY_PROFILE,block0_in,18,1,170667
SWAY_PROFILE,block1_in,17,12,170667
SWAY_PROFILE,embedding_in,18,3,170669
SWAY_PROFILE,head_in,17,8,170669
SWAY_PROFILE,patch_ready,18,4,170670
SWAY_PROFILE,block0_in,18,2,171257
SWAY_PROFILE,block1_in,17,13,171257
SWAY_PROFILE,embedding_in,18,4,171259
SWAY_PROFILE,head_in,17,9,171259
SWAY_PROFILE,patch_ready,18,5,171260
SWAY_PROFILE,block0_in,18,3,171847
SWAY_PROFILE,block1_in,17,14,171847
SWAY_PROFILE,embedding_in,18,5,171849
SWAY_PROFILE,head_in,17,10,171849
SWAY_PROFILE,patch_ready,18,6,171850
SWAY_PROFILE,block0_in,18,4,172437
SWAY_PROFILE,block1_in,17,15,172437
SWAY_PROFILE,embedding_in,18,6,172439
SWAY_PROFILE,head_in,17,11,172439
SWAY_PROFILE,patch_ready,18,7,172440
SWAY_PROFILE,block0_in,18,5,173029
SWAY_PROFILE,block1_in,18,0,173029
SWAY_PROFILE,embedding_in,18,7,173031
SWAY_PROFILE,head_in,17,12,173031
SWAY_PROFILE,patch_ready,18,8,173032
SWAY_PROFILE,block0_in,18,6,173619
SWAY_PROFILE,block1_in,18,1,173619
SWAY_PROFILE,embedding_in,18,8,173621
SWAY_PROFILE,head_in,17,13,173621
SWAY_PROFILE,patch_ready,18,9,173622
SWAY_PROFILE,block0_in,18,7,174209
SWAY_PROFILE,block1_in,18,2,174209
SWAY_PROFILE,embedding_in,18,9,174211
SWAY_PROFILE,head_in,17,14,174211
SWAY_PROFILE,patch_ready,18,10,174212
SWAY_PROFILE,block0_in,18,8,174799
SWAY_PROFILE,block1_in,18,3,174799
SWAY_PROFILE,embedding_in,18,10,174801
SWAY_PROFILE,head_in,17,15,174801
SWAY_PROFILE,patch_ready,18,11,174802
SWAY_PROFILE,block0_in,18,9,175391
SWAY_PROFILE,block1_in,18,4,175391
SWAY_PROFILE,embedding_in,18,11,175393
SWAY_PROFILE,head_in,18,0,175393
SWAY_PROFILE,patch_ready,18,12,175394
SWAY_PROFILE,block0_in,18,10,175981
SWAY_PROFILE,block1_in,18,5,175981
SWAY_PROFILE,embedding_in,18,12,175983
SWAY_PROFILE,head_in,18,1,175983
SWAY_PROFILE,patch_ready,18,13,175984
SWAY_PROFILE,block0_in,18,11,176571
SWAY_PROFILE,block1_in,18,6,176571
SWAY_PROFILE,embedding_in,18,13,176573
SWAY_PROFILE,head_in,18,2,176573
SWAY_PROFILE,patch_ready,18,14,176574
SWAY_PROFILE,block0_in,18,12,177161
SWAY_PROFILE,block1_in,18,7,177161
SWAY_PROFILE,embedding_in,18,14,177163
SWAY_PROFILE,head_in,18,3,177163
SWAY_PROFILE,patch_ready,18,15,177164
SWAY_PERF_INPUT_FRAME,20,168007,177454
SWAY_PROFILE,block0_in,18,13,177753
SWAY_PROFILE,block1_in,18,8,177753
SWAY_PROFILE,embedding_in,18,15,177755
SWAY_PROFILE,head_in,18,4,177755
SWAY_PROFILE,patch_ready,19,0,177756
SWAY_PROFILE,head_output_in,17,0,178094
SWAY_PROFILE,block0_in,18,14,178343
SWAY_PROFILE,block1_in,18,9,178343
SWAY_PROFILE,embedding_in,19,0,178345
SWAY_PROFILE,head_in,18,5,178345
SWAY_PROFILE,patch_ready,19,1,178346
SWAY_PROFILE,serialize_in,17,0,178836
SWAY_PERF_OUTPUT,969,7,178838
SWAY_PERF_OUTPUT,970,7,178839
SWAY_PERF_OUTPUT,971,6,178840
SWAY_PERF_OUTPUT,972,7,178841
SWAY_PERF_OUTPUT,973,13,178842
SWAY_PERF_OUTPUT,974,17,178843
SWAY_PERF_OUTPUT,975,20,178844
SWAY_PERF_OUTPUT,976,1,178845
SWAY_PERF_OUTPUT,977,-3,178846
SWAY_PERF_OUTPUT,978,-4,178847
SWAY_PERF_OUTPUT,979,10,178848
SWAY_PERF_OUTPUT,980,11,178849
SWAY_PERF_OUTPUT,981,13,178850
SWAY_PERF_OUTPUT,982,13,178851
SWAY_PERF_OUTPUT,983,5,178852
SWAY_PERF_OUTPUT,984,4,178853
SWAY_PERF_OUTPUT,985,2,178854
SWAY_PERF_OUTPUT,986,2,178855
SWAY_PERF_OUTPUT,987,7,178856
SWAY_PERF_OUTPUT,988,62,178857
SWAY_PERF_OUTPUT,989,62,178858
SWAY_PERF_OUTPUT,990,62,178859
SWAY_PERF_OUTPUT,991,61,178860
SWAY_PERF_OUTPUT,992,63,178861
SWAY_PERF_OUTPUT,993,65,178862
SWAY_PERF_OUTPUT,994,62,178863
SWAY_PERF_OUTPUT,995,60,178864
SWAY_PERF_OUTPUT,996,59,178865
SWAY_PERF_OUTPUT,997,57,178866
SWAY_PERF_OUTPUT,998,60,178867
SWAY_PERF_OUTPUT,999,60,178868
SWAY_PERF_OUTPUT,1000,59,178869
SWAY_PERF_OUTPUT,1001,56,178870
SWAY_PERF_OUTPUT,1002,60,178871
SWAY_PERF_OUTPUT,1003,63,178872
SWAY_PERF_OUTPUT,1004,65,178873
SWAY_PERF_OUTPUT,1005,62,178874
SWAY_PERF_OUTPUT,1006,62,178875
SWAY_PERF_OUTPUT,1007,-3,178876
SWAY_PERF_OUTPUT,1008,7,178877
SWAY_PERF_OUTPUT,1009,17,178878
SWAY_PERF_OUTPUT,1010,22,178879
SWAY_PERF_OUTPUT,1011,14,178880
SWAY_PERF_OUTPUT,1012,10,178881
SWAY_PERF_OUTPUT,1013,8,178882
SWAY_PERF_OUTPUT,1014,14,178883
SWAY_PERF_OUTPUT,1015,8,178884
SWAY_PERF_OUTPUT,1016,4,178885
SWAY_PERF_OUTPUT,1017,-2,178886
SWAY_PERF_OUTPUT,1018,-15,178887
SWAY_PERF_OUTPUT,1019,-26,178888
SWAY_PERF_OUTPUT,1020,-28,178889
SWAY_PERF_OUTPUT,1021,-3,178890
SWAY_PERF_OUTPUT,1022,-15,178891
SWAY_PERF_OUTPUT,1023,-26,178892
SWAY_PERF_OUTPUT,1024,-28,178893
SWAY_PERF_OUTPUT,1025,15,178894
SWAY_PERF_FRAME,17,178838,178894
SWAY_PROFILE,block0_in,18,15,178933
SWAY_PROFILE,block1_in,18,10,178933
SWAY_PROFILE,embedding_in,19,1,178935
SWAY_PROFILE,head_in,18,6,178935
SWAY_PROFILE,patch_ready,19,2,178936
SWAY_PROFILE,block0_in,19,0,179523
SWAY_PROFILE,block1_in,18,11,179523
SWAY_PROFILE,embedding_in,19,2,179525
SWAY_PROFILE,head_in,18,7,179525
SWAY_PROFILE,patch_ready,19,3,179526
SWAY_PROFILE,block0_in,19,1,180115
SWAY_PROFILE,block1_in,18,12,180115
SWAY_PROFILE,embedding_in,19,3,180117
SWAY_PROFILE,head_in,18,8,180117
SWAY_PROFILE,patch_ready,19,4,180118
SWAY_PROFILE,block0_in,19,2,180705
SWAY_PROFILE,block1_in,18,13,180705
SWAY_PROFILE,embedding_in,19,4,180707
SWAY_PROFILE,head_in,18,9,180707
SWAY_PROFILE,patch_ready,19,5,180708
SWAY_PROFILE,block0_in,19,3,181295
SWAY_PROFILE,block1_in,18,14,181295
SWAY_PROFILE,embedding_in,19,5,181297
SWAY_PROFILE,head_in,18,10,181297
SWAY_PROFILE,patch_ready,19,6,181298
SWAY_PROFILE,block0_in,19,4,181885
SWAY_PROFILE,block1_in,18,15,181885
SWAY_PROFILE,embedding_in,19,6,181887
SWAY_PROFILE,head_in,18,11,181887
SWAY_PROFILE,patch_ready,19,7,181888
SWAY_PROFILE,block0_in,19,5,182477
SWAY_PROFILE,block1_in,19,0,182477
SWAY_PROFILE,embedding_in,19,7,182479
SWAY_PROFILE,head_in,18,12,182479
SWAY_PROFILE,patch_ready,19,8,182480
SWAY_PROFILE,block0_in,19,6,183067
SWAY_PROFILE,block1_in,19,1,183067
SWAY_PROFILE,embedding_in,19,8,183069
SWAY_PROFILE,head_in,18,13,183069
SWAY_PROFILE,patch_ready,19,9,183070
SWAY_PROFILE,block0_in,19,7,183657
SWAY_PROFILE,block1_in,19,2,183657
SWAY_PROFILE,embedding_in,19,9,183659
SWAY_PROFILE,head_in,18,14,183659
SWAY_PROFILE,patch_ready,19,10,183660
SWAY_PROFILE,block0_in,19,8,184247
SWAY_PROFILE,block1_in,19,3,184247
SWAY_PROFILE,embedding_in,19,10,184249
SWAY_PROFILE,head_in,18,15,184249
SWAY_PROFILE,patch_ready,19,11,184250
SWAY_PROFILE,block0_in,19,9,184839
SWAY_PROFILE,block1_in,19,4,184839
SWAY_PROFILE,embedding_in,19,11,184841
SWAY_PROFILE,head_in,19,0,184841
SWAY_PROFILE,patch_ready,19,12,184842
SWAY_PROFILE,block0_in,19,10,185429
SWAY_PROFILE,block1_in,19,5,185429
SWAY_PROFILE,embedding_in,19,12,185431
SWAY_PROFILE,head_in,19,1,185431
SWAY_PROFILE,patch_ready,19,13,185432
SWAY_PROFILE,block0_in,19,11,186019
SWAY_PROFILE,block1_in,19,6,186019
SWAY_PROFILE,embedding_in,19,13,186021
SWAY_PROFILE,head_in,19,2,186021
SWAY_PROFILE,patch_ready,19,14,186022
SWAY_PROFILE,block0_in,19,12,186609
SWAY_PROFILE,block1_in,19,7,186609
SWAY_PROFILE,embedding_in,19,14,186611
SWAY_PROFILE,head_in,19,3,186611
SWAY_PROFILE,patch_ready,19,15,186612
SWAY_PERF_INPUT_FRAME,21,177455,186902
SWAY_PROFILE,block0_in,19,13,187201
SWAY_PROFILE,block1_in,19,8,187201
SWAY_PROFILE,embedding_in,19,15,187203
SWAY_PROFILE,head_in,19,4,187203
SWAY_PROFILE,patch_ready,20,0,187204
SWAY_PROFILE,head_output_in,18,0,187542
SWAY_PROFILE,block0_in,19,14,187791
SWAY_PROFILE,block1_in,19,9,187791
SWAY_PROFILE,embedding_in,20,0,187793
SWAY_PROFILE,head_in,19,5,187793
SWAY_PROFILE,patch_ready,20,1,187794
SWAY_PROFILE,serialize_in,18,0,188284
SWAY_PERF_OUTPUT,1026,8,188286
SWAY_PERF_OUTPUT,1027,9,188287
SWAY_PERF_OUTPUT,1028,9,188288
SWAY_PERF_OUTPUT,1029,9,188289
SWAY_PERF_OUTPUT,1030,14,188290
SWAY_PERF_OUTPUT,1031,20,188291
SWAY_PERF_OUTPUT,1032,23,188292
SWAY_PERF_OUTPUT,1033,3,188293
SWAY_PERF_OUTPUT,1034,-4,188294
SWAY_PERF_OUTPUT,1035,-9,188295
SWAY_PERF_OUTPUT,1036,11,188296
SWAY_PERF_OUTPUT,1037,13,188297
SWAY_PERF_OUTPUT,1038,13,188298
SWAY_PERF_OUTPUT,1039,14,188299
SWAY_PERF_OUTPUT,1040,6,188300
SWAY_PERF_OUTPUT,1041,0,188301
SWAY_PERF_OUTPUT,1042,-5,188302
SWAY_PERF_OUTPUT,1043,-5,188303
SWAY_PERF_OUTPUT,1044,9,188304
SWAY_PERF_OUTPUT,1045,62,188305
SWAY_PERF_OUTPUT,1046,61,188306
SWAY_PERF_OUTPUT,1047,60,188307
SWAY_PERF_OUTPUT,1048,59,188308
SWAY_PERF_OUTPUT,1049,59,188309
SWAY_PERF_OUTPUT,1050,59,188310
SWAY_PERF_OUTPUT,1051,58,188311
SWAY_PERF_OUTPUT,1052,60,188312
SWAY_PERF_OUTPUT,1053,60,188313
SWAY_PERF_OUTPUT,1054,59,188314
SWAY_PERF_OUTPUT,1055,60,188315
SWAY_PERF_OUTPUT,1056,58,188316
SWAY_PERF_OUTPUT,1057,61,188317
SWAY_PERF_OUTPUT,1058,59,188318
SWAY_PERF_OUTPUT,1059,61,188319
SWAY_PERF_OUTPUT,1060,59,188320
SWAY_PERF_OUTPUT,1061,61,188321
SWAY_PERF_OUTPUT,1062,58,188322
SWAY_PERF_OUTPUT,1063,60,188323
SWAY_PERF_OUTPUT,1064,-8,188324
SWAY_PERF_OUTPUT,1065,2,188325
SWAY_PERF_OUTPUT,1066,11,188326
SWAY_PERF_OUTPUT,1067,15,188327
SWAY_PERF_OUTPUT,1068,8,188328
SWAY_PERF_OUTPUT,1069,6,188329
SWAY_PERF_OUTPUT,1070,5,188330
SWAY_PERF_OUTPUT,1071,8,188331
SWAY_PERF_OUTPUT,1072,6,188332
SWAY_PERF_OUTPUT,1073,8,188333
SWAY_PERF_OUTPUT,1074,-7,188334
SWAY_PERF_OUTPUT,1075,-16,188335
SWAY_PERF_OUTPUT,1076,-27,188336
SWAY_PERF_OUTPUT,1077,-29,188337
SWAY_PERF_OUTPUT,1078,-7,188338
SWAY_PERF_OUTPUT,1079,-14,188339
SWAY_PERF_OUTPUT,1080,-25,188340
SWAY_PERF_OUTPUT,1081,-27,188341
SWAY_PERF_OUTPUT,1082,9,188342
SWAY_PERF_FRAME,18,188286,188342
SWAY_PROFILE,block0_in,19,15,188381
SWAY_PROFILE,block1_in,19,10,188381
SWAY_PROFILE,embedding_in,20,1,188383
SWAY_PROFILE,head_in,19,6,188383
SWAY_PROFILE,patch_ready,20,2,188384
SWAY_PROFILE,block0_in,20,0,188971
SWAY_PROFILE,block1_in,19,11,188971
SWAY_PROFILE,embedding_in,20,2,188973
SWAY_PROFILE,head_in,19,7,188973
SWAY_PROFILE,patch_ready,20,3,188974
SWAY_PROFILE,block0_in,20,1,189563
SWAY_PROFILE,block1_in,19,12,189563
SWAY_PROFILE,embedding_in,20,3,189565
SWAY_PROFILE,head_in,19,8,189565
SWAY_PROFILE,patch_ready,20,4,189566
SWAY_PROFILE,block0_in,20,2,190153
SWAY_PROFILE,block1_in,19,13,190153
SWAY_PROFILE,embedding_in,20,4,190155
SWAY_PROFILE,head_in,19,9,190155
SWAY_PROFILE,patch_ready,20,5,190156
SWAY_PROFILE,block0_in,20,3,190743
SWAY_PROFILE,block1_in,19,14,190743
SWAY_PROFILE,embedding_in,20,5,190745
SWAY_PROFILE,head_in,19,10,190745
SWAY_PROFILE,patch_ready,20,6,190746
SWAY_PROFILE,block0_in,20,4,191333
SWAY_PROFILE,block1_in,19,15,191333
SWAY_PROFILE,embedding_in,20,6,191335
SWAY_PROFILE,head_in,19,11,191335
SWAY_PROFILE,patch_ready,20,7,191336
SWAY_PROFILE,block0_in,20,5,191925
SWAY_PROFILE,block1_in,20,0,191925
SWAY_PROFILE,embedding_in,20,7,191927
SWAY_PROFILE,head_in,19,12,191927
SWAY_PROFILE,patch_ready,20,8,191928
SWAY_PROFILE,block0_in,20,6,192515
SWAY_PROFILE,block1_in,20,1,192515
SWAY_PROFILE,embedding_in,20,8,192517
SWAY_PROFILE,head_in,19,13,192517
SWAY_PROFILE,patch_ready,20,9,192518
SWAY_PROFILE,block0_in,20,7,193105
SWAY_PROFILE,block1_in,20,2,193105
SWAY_PROFILE,embedding_in,20,9,193107
SWAY_PROFILE,head_in,19,14,193107
SWAY_PROFILE,patch_ready,20,10,193108
SWAY_PROFILE,block0_in,20,8,193695
SWAY_PROFILE,block1_in,20,3,193695
SWAY_PROFILE,embedding_in,20,10,193697
SWAY_PROFILE,head_in,19,15,193697
SWAY_PROFILE,patch_ready,20,11,193698
SWAY_PROFILE,block0_in,20,9,194287
SWAY_PROFILE,block1_in,20,4,194287
SWAY_PROFILE,embedding_in,20,11,194289
SWAY_PROFILE,head_in,20,0,194289
SWAY_PROFILE,patch_ready,20,12,194290
SWAY_PROFILE,block0_in,20,10,194877
SWAY_PROFILE,block1_in,20,5,194877
SWAY_PROFILE,embedding_in,20,12,194879
SWAY_PROFILE,head_in,20,1,194879
SWAY_PROFILE,patch_ready,20,13,194880
SWAY_PROFILE,block0_in,20,11,195467
SWAY_PROFILE,block1_in,20,6,195467
SWAY_PROFILE,embedding_in,20,13,195469
SWAY_PROFILE,head_in,20,2,195469
SWAY_PROFILE,patch_ready,20,14,195470
SWAY_PROFILE,block0_in,20,12,196057
SWAY_PROFILE,block1_in,20,7,196057
SWAY_PROFILE,embedding_in,20,14,196059
SWAY_PROFILE,head_in,20,3,196059
SWAY_PROFILE,patch_ready,20,15,196060
SWAY_PERF_INPUT_FRAME,22,186903,196350
SWAY_PROFILE,block0_in,20,13,196649
SWAY_PROFILE,block1_in,20,8,196649
SWAY_PROFILE,embedding_in,20,15,196651
SWAY_PROFILE,head_in,20,4,196651
SWAY_PROFILE,patch_ready,21,0,196652
SWAY_PROFILE,head_output_in,19,0,196990
SWAY_PROFILE,block0_in,20,14,197239
SWAY_PROFILE,block1_in,20,9,197239
SWAY_PROFILE,embedding_in,21,0,197241
SWAY_PROFILE,head_in,20,5,197241
SWAY_PROFILE,patch_ready,21,1,197242
SWAY_PROFILE,serialize_in,19,0,197732
SWAY_PERF_OUTPUT,1083,4,197734
SWAY_PERF_OUTPUT,1084,4,197735
SWAY_PERF_OUTPUT,1085,3,197736
SWAY_PERF_OUTPUT,1086,3,197737
SWAY_PERF_OUTPUT,1087,9,197738
SWAY_PERF_OUTPUT,1088,16,197739
SWAY_PERF_OUTPUT,1089,19,197740
SWAY_PERF_OUTPUT,1090,-2,197741
SWAY_PERF_OUTPUT,1091,-7,197742
SWAY_PERF_OUTPUT,1092,-8,197743
SWAY_PERF_OUTPUT,1093,7,197744
SWAY_PERF_OUTPUT,1094,11,197745
SWAY_PERF_OUTPUT,1095,13,197746
SWAY_PERF_OUTPUT,1096,14,197747
SWAY_PERF_OUTPUT,1097,2,197748
SWAY_PERF_OUTPUT,1098,-1,197749
SWAY_PERF_OUTPUT,1099,-2,197750
SWAY_PERF_OUTPUT,1100,-2,197751
SWAY_PERF_OUTPUT,1101,3,197752
SWAY_PERF_OUTPUT,1102,61,197753
SWAY_PERF_OUTPUT,1103,61,197754
SWAY_PERF_OUTPUT,1104,60,197755
SWAY_PERF_OUTPUT,1105,60,197756
SWAY_PERF_OUTPUT,1106,60,197757
SWAY_PERF_OUTPUT,1107,61,197758
SWAY_PERF_OUTPUT,1108,59,197759
SWAY_PERF_OUTPUT,1109,59,197760
SWAY_PERF_OUTPUT,1110,59,197761
SWAY_PERF_OUTPUT,1111,58,197762
SWAY_PERF_OUTPUT,1112,60,197763
SWAY_PERF_OUTPUT,1113,59,197764
SWAY_PERF_OUTPUT,1114,60,197765
SWAY_PERF_OUTPUT,1115,57,197766
SWAY_PERF_OUTPUT,1116,60,197767
SWAY_PERF_OUTPUT,1117,59,197768
SWAY_PERF_OUTPUT,1118,62,197769
SWAY_PERF_OUTPUT,1119,59,197770
SWAY_PERF_OUTPUT,1120,60,197771
SWAY_PERF_OUTPUT,1121,-6,197772
SWAY_PERF_OUTPUT,1122,4,197773
SWAY_PERF_OUTPUT,1123,14,197774
SWAY_PERF_OUTPUT,1124,18,197775
SWAY_PERF_OUTPUT,1125,11,197776
SWAY_PERF_OUTPUT,1126,10,197777
SWAY_PERF_OUTPUT,1127,11,197778
SWAY_PERF_OUTPUT,1128,10,197779
SWAY_PERF_OUTPUT,1129,6,197780
SWAY_PERF_OUTPUT,1130,5,197781
SWAY_PERF_OUTPUT,1131,-5,197782
SWAY_PERF_OUTPUT,1132,-15,197783
SWAY_PERF_OUTPUT,1133,-25,197784
SWAY_PERF_OUTPUT,1134,-28,197785
SWAY_PERF_OUTPUT,1135,-6,197786
SWAY_PERF_OUTPUT,1136,-15,197787
SWAY_PERF_OUTPUT,1137,-27,197788
SWAY_PERF_OUTPUT,1138,-29,197789
SWAY_PERF_OUTPUT,1139,12,197790
SWAY_PERF_FRAME,19,197734,197790
SWAY_PROFILE,block0_in,20,15,197829
SWAY_PROFILE,block1_in,20,10,197829
SWAY_PROFILE,embedding_in,21,1,197831
SWAY_PROFILE,head_in,20,6,197831
SWAY_PROFILE,patch_ready,21,2,197832
SWAY_PROFILE,block0_in,21,0,198419
SWAY_PROFILE,block1_in,20,11,198419
SWAY_PROFILE,embedding_in,21,2,198421
SWAY_PROFILE,head_in,20,7,198421
SWAY_PROFILE,patch_ready,21,3,198422
SWAY_PROFILE,block0_in,21,1,199011
SWAY_PROFILE,block1_in,20,12,199011
SWAY_PROFILE,embedding_in,21,3,199013
SWAY_PROFILE,head_in,20,8,199013
SWAY_PROFILE,patch_ready,21,4,199014
SWAY_PROFILE,block0_in,21,2,199601
SWAY_PROFILE,block1_in,20,13,199601
SWAY_PROFILE,embedding_in,21,4,199603
SWAY_PROFILE,head_in,20,9,199603
SWAY_PROFILE,patch_ready,21,5,199604
SWAY_PROFILE,block0_in,21,3,200191
SWAY_PROFILE,block1_in,20,14,200191
SWAY_PROFILE,embedding_in,21,5,200193
SWAY_PROFILE,head_in,20,10,200193
SWAY_PROFILE,patch_ready,21,6,200194
SWAY_PROFILE,block0_in,21,4,200781
SWAY_PROFILE,block1_in,20,15,200781
SWAY_PROFILE,embedding_in,21,6,200783
SWAY_PROFILE,head_in,20,11,200783
SWAY_PROFILE,patch_ready,21,7,200784
SWAY_PROFILE,block0_in,21,5,201373
SWAY_PROFILE,block1_in,21,0,201373
SWAY_PROFILE,embedding_in,21,7,201375
SWAY_PROFILE,head_in,20,12,201375
SWAY_PROFILE,patch_ready,21,8,201376
SWAY_PROFILE,block0_in,21,6,201963
SWAY_PROFILE,block1_in,21,1,201963
SWAY_PROFILE,embedding_in,21,8,201965
SWAY_PROFILE,head_in,20,13,201965
SWAY_PROFILE,patch_ready,21,9,201966
SWAY_PROFILE,block0_in,21,7,202553
SWAY_PROFILE,block1_in,21,2,202553
SWAY_PROFILE,embedding_in,21,9,202555
SWAY_PROFILE,head_in,20,14,202555
SWAY_PROFILE,patch_ready,21,10,202556
SWAY_PROFILE,block0_in,21,8,203143
SWAY_PROFILE,block1_in,21,3,203143
SWAY_PROFILE,embedding_in,21,10,203145
SWAY_PROFILE,head_in,20,15,203145
SWAY_PROFILE,patch_ready,21,11,203146
SWAY_PROFILE,block0_in,21,9,203735
SWAY_PROFILE,block1_in,21,4,203735
SWAY_PROFILE,embedding_in,21,11,203737
SWAY_PROFILE,head_in,21,0,203737
SWAY_PROFILE,patch_ready,21,12,203738
SWAY_PROFILE,block0_in,21,10,204325
SWAY_PROFILE,block1_in,21,5,204325
SWAY_PROFILE,embedding_in,21,12,204327
SWAY_PROFILE,head_in,21,1,204327
SWAY_PROFILE,patch_ready,21,13,204328
SWAY_PROFILE,block0_in,21,11,204915
SWAY_PROFILE,block1_in,21,6,204915
SWAY_PROFILE,embedding_in,21,13,204917
SWAY_PROFILE,head_in,21,2,204917
SWAY_PROFILE,patch_ready,21,14,204918
SWAY_PROFILE,block0_in,21,12,205505
SWAY_PROFILE,block1_in,21,7,205505
SWAY_PROFILE,embedding_in,21,14,205507
SWAY_PROFILE,head_in,21,3,205507
SWAY_PROFILE,patch_ready,21,15,205508
SWAY_PERF_INPUT_FRAME,23,196351,205798
SWAY_PROFILE,block0_in,21,13,206097
SWAY_PROFILE,block1_in,21,8,206097
SWAY_PROFILE,embedding_in,21,15,206099
SWAY_PROFILE,head_in,21,4,206099
SWAY_PROFILE,patch_ready,22,0,206100
SWAY_PROFILE,head_output_in,20,0,206438
SWAY_PROFILE,block0_in,21,14,206687
SWAY_PROFILE,block1_in,21,9,206687
SWAY_PROFILE,embedding_in,22,0,206689
SWAY_PROFILE,head_in,21,5,206689
SWAY_PROFILE,patch_ready,22,1,206690
SWAY_PROFILE,serialize_in,20,0,207180
SWAY_PERF_OUTPUT,1140,4,207182
SWAY_PERF_OUTPUT,1141,4,207183
SWAY_PERF_OUTPUT,1142,3,207184
SWAY_PERF_OUTPUT,1143,3,207185
SWAY_PERF_OUTPUT,1144,10,207186
SWAY_PERF_OUTPUT,1145,16,207187
SWAY_PERF_OUTPUT,1146,21,207188
SWAY_PERF_OUTPUT,1147,-3,207189
SWAY_PERF_OUTPUT,1148,-10,207190
SWAY_PERF_OUTPUT,1149,-15,207191
SWAY_PERF_OUTPUT,1150,7,207192
SWAY_PERF_OUTPUT,1151,11,207193
SWAY_PERF_OUTPUT,1152,15,207194
SWAY_PERF_OUTPUT,1153,15,207195
SWAY_PERF_OUTPUT,1154,2,207196
SWAY_PERF_OUTPUT,1155,-2,207197
SWAY_PERF_OUTPUT,1156,-5,207198
SWAY_PERF_OUTPUT,1157,-5,207199
SWAY_PERF_OUTPUT,1158,3,207200
SWAY_PERF_OUTPUT,1159,63,207201
SWAY_PERF_OUTPUT,1160,62,207202
SWAY_PERF_OUTPUT,1161,61,207203
SWAY_PERF_OUTPUT,1162,61,207204
SWAY_PERF_OUTPUT,1163,62,207205
SWAY_PERF_OUTPUT,1164,62,207206
SWAY_PERF_OUTPUT,1165,60,207207
SWAY_PERF_OUTPUT,1166,61,207208
SWAY_PERF_OUTPUT,1167,61,207209
SWAY_PERF_OUTPUT,1168,60,207210
SWAY_PERF_OUTPUT,1169,61,207211
SWAY_PERF_OUTPUT,1170,60,207212
SWAY_PERF_OUTPUT,1171,61,207213
SWAY_PERF_OUTPUT,1172,59,207214
SWAY_PERF_OUTPUT,1173,61,207215
SWAY_PERF_OUTPUT,1174,61,207216
SWAY_PERF_OUTPUT,1175,63,207217
SWAY_PERF_OUTPUT,1176,60,207218
SWAY_PERF_OUTPUT,1177,61,207219
SWAY_PERF_OUTPUT,1178,-4,207220
SWAY_PERF_OUTPUT,1179,6,207221
SWAY_PERF_OUTPUT,1180,17,207222
SWAY_PERF_OUTPUT,1181,21,207223
SWAY_PERF_OUTPUT,1182,13,207224
SWAY_PERF_OUTPUT,1183,13,207225
SWAY_PERF_OUTPUT,1184,14,207226
SWAY_PERF_OUTPUT,1185,13,207227
SWAY_PERF_OUTPUT,1186,12,207228
SWAY_PERF_OUTPUT,1187,15,207229
SWAY_PERF_OUTPUT,1188,-3,207230
SWAY_PERF_OUTPUT,1189,-14,207231
SWAY_PERF_OUTPUT,1190,-26,207232
SWAY_PERF_OUTPUT,1191,-28,207233
SWAY_PERF_OUTPUT,1192,-3,207234
SWAY_PERF_OUTPUT,1193,-14,207235
SWAY_PERF_OUTPUT,1194,-26,207236
SWAY_PERF_OUTPUT,1195,-28,207237
SWAY_PERF_OUTPUT,1196,14,207238
SWAY_PERF_FRAME,20,207182,207238
SWAY_PROFILE,block0_in,21,15,207277
SWAY_PROFILE,block1_in,21,10,207277
SWAY_PROFILE,embedding_in,22,1,207279
SWAY_PROFILE,head_in,21,6,207279
SWAY_PROFILE,patch_ready,22,2,207280
SWAY_PROFILE,block0_in,22,0,207867
SWAY_PROFILE,block1_in,21,11,207867
SWAY_PROFILE,embedding_in,22,2,207869
SWAY_PROFILE,head_in,21,7,207869
SWAY_PROFILE,patch_ready,22,3,207870
SWAY_PROFILE,block0_in,22,1,208459
SWAY_PROFILE,block1_in,21,12,208459
SWAY_PROFILE,embedding_in,22,3,208461
SWAY_PROFILE,head_in,21,8,208461
SWAY_PROFILE,patch_ready,22,4,208462
SWAY_PROFILE,block0_in,22,2,209049
SWAY_PROFILE,block1_in,21,13,209049
SWAY_PROFILE,embedding_in,22,4,209051
SWAY_PROFILE,head_in,21,9,209051
SWAY_PROFILE,patch_ready,22,5,209052
SWAY_PROFILE,block0_in,22,3,209639
SWAY_PROFILE,block1_in,21,14,209639
SWAY_PROFILE,embedding_in,22,5,209641
SWAY_PROFILE,head_in,21,10,209641
SWAY_PROFILE,patch_ready,22,6,209642
SWAY_PROFILE,block0_in,22,4,210229
SWAY_PROFILE,block1_in,21,15,210229
SWAY_PROFILE,embedding_in,22,6,210231
SWAY_PROFILE,head_in,21,11,210231
SWAY_PROFILE,patch_ready,22,7,210232
SWAY_PROFILE,block0_in,22,5,210821
SWAY_PROFILE,block1_in,22,0,210821
SWAY_PROFILE,embedding_in,22,7,210823
SWAY_PROFILE,head_in,21,12,210823
SWAY_PROFILE,patch_ready,22,8,210824
SWAY_PROFILE,block0_in,22,6,211411
SWAY_PROFILE,block1_in,22,1,211411
SWAY_PROFILE,embedding_in,22,8,211413
SWAY_PROFILE,head_in,21,13,211413
SWAY_PROFILE,patch_ready,22,9,211414
SWAY_PROFILE,block0_in,22,7,212001
SWAY_PROFILE,block1_in,22,2,212001
SWAY_PROFILE,embedding_in,22,9,212003
SWAY_PROFILE,head_in,21,14,212003
SWAY_PROFILE,patch_ready,22,10,212004
SWAY_PROFILE,block0_in,22,8,212591
SWAY_PROFILE,block1_in,22,3,212591
SWAY_PROFILE,embedding_in,22,10,212593
SWAY_PROFILE,head_in,21,15,212593
SWAY_PROFILE,patch_ready,22,11,212594
SWAY_PROFILE,block0_in,22,9,213183
SWAY_PROFILE,block1_in,22,4,213183
SWAY_PROFILE,embedding_in,22,11,213185
SWAY_PROFILE,head_in,22,0,213185
SWAY_PROFILE,patch_ready,22,12,213186
SWAY_PROFILE,block0_in,22,10,213773
SWAY_PROFILE,block1_in,22,5,213773
SWAY_PROFILE,embedding_in,22,12,213775
SWAY_PROFILE,head_in,22,1,213775
SWAY_PROFILE,patch_ready,22,13,213776
SWAY_PROFILE,block0_in,22,11,214363
SWAY_PROFILE,block1_in,22,6,214363
SWAY_PROFILE,embedding_in,22,13,214365
SWAY_PROFILE,head_in,22,2,214365
SWAY_PROFILE,patch_ready,22,14,214366
SWAY_PROFILE,block0_in,22,12,214953
SWAY_PROFILE,block1_in,22,7,214953
SWAY_PROFILE,embedding_in,22,14,214955
SWAY_PROFILE,head_in,22,3,214955
SWAY_PROFILE,patch_ready,22,15,214956
SWAY_PERF_INPUT_FRAME,24,205799,215246
SWAY_PROFILE,block0_in,22,13,215545
SWAY_PROFILE,block1_in,22,8,215545
SWAY_PROFILE,embedding_in,22,15,215547
SWAY_PROFILE,head_in,22,4,215547
SWAY_PROFILE,patch_ready,23,0,215548
SWAY_PROFILE,head_output_in,21,0,215886
SWAY_PROFILE,block0_in,22,14,216135
SWAY_PROFILE,block1_in,22,9,216135
SWAY_PROFILE,embedding_in,23,0,216137
SWAY_PROFILE,head_in,22,5,216137
SWAY_PROFILE,patch_ready,23,1,216138
SWAY_PROFILE,serialize_in,21,0,216628
SWAY_PERF_OUTPUT,1197,8,216630
SWAY_PERF_OUTPUT,1198,9,216631
SWAY_PERF_OUTPUT,1199,8,216632
SWAY_PERF_OUTPUT,1200,8,216633
SWAY_PERF_OUTPUT,1201,14,216634
SWAY_PERF_OUTPUT,1202,19,216635
SWAY_PERF_OUTPUT,1203,21,216636
SWAY_PERF_OUTPUT,1204,3,216637
SWAY_PERF_OUTPUT,1205,0,216638
SWAY_PERF_OUTPUT,1206,-3,216639
SWAY_PERF_OUTPUT,1207,10,216640
SWAY_PERF_OUTPUT,1208,12,216641
SWAY_PERF_OUTPUT,1209,12,216642
SWAY_PERF_OUTPUT,1210,12,216643
SWAY_PERF_OUTPUT,1211,6,216644
SWAY_PERF_OUTPUT,1212,3,216645
SWAY_PERF_OUTPUT,1213,0,216646
SWAY_PERF_OUTPUT,1214,-1,216647
SWAY_PERF_OUTPUT,1215,9,216648
SWAY_PERF_OUTPUT,1216,61,216649
SWAY_PERF_OUTPUT,1217,62,216650
SWAY_PERF_OUTPUT,1218,61,216651
SWAY_PERF_OUTPUT,1219,61,216652
SWAY_PERF_OUTPUT,1220,61,216653
SWAY_PERF_OUTPUT,1221,61,216654
SWAY_PERF_OUTPUT,1222,59,216655
SWAY_PERF_OUTPUT,1223,60,216656
SWAY_PERF_OUTPUT,1224,61,216657
SWAY_PERF_OUTPUT,1225,60,216658
SWAY_PERF_OUTPUT,1226,60,216659
SWAY_PERF_OUTPUT,1227,60,216660
SWAY_PERF_OUTPUT,1228,62,216661
SWAY_PERF_OUTPUT,1229,60,216662
SWAY_PERF_OUTPUT,1230,61,216663
SWAY_PERF_OUTPUT,1231,61,216664
SWAY_PERF_OUTPUT,1232,62,216665
SWAY_PERF_OUTPUT,1233,58,216666
SWAY_PERF_OUTPUT,1234,61,216667
SWAY_PERF_OUTPUT,1235,-6,216668
SWAY_PERF_OUTPUT,1236,3,216669
SWAY_PERF_OUTPUT,1237,14,216670
SWAY_PERF_OUTPUT,1238,17,216671
SWAY_PERF_OUTPUT,1239,10,216672
SWAY_PERF_OUTPUT,1240,7,216673
SWAY_PERF_OUTPUT,1241,6,216674
SWAY_PERF_OUTPUT,1242,9,216675
SWAY_PERF_OUTPUT,1243,4,216676
SWAY_PERF_OUTPUT,1244,1,216677
SWAY_PERF_OUTPUT,1245,-6,216678
SWAY_PERF_OUTPUT,1246,-16,216679
SWAY_PERF_OUTPUT,1247,-27,216680
SWAY_PERF_OUTPUT,1248,-29,216681
SWAY_PERF_OUTPUT,1249,-6,216682
SWAY_PERF_OUTPUT,1250,-15,216683
SWAY_PERF_OUTPUT,1251,-26,216684
SWAY_PERF_OUTPUT,1252,-28,216685
SWAY_PERF_OUTPUT,1253,11,216686
SWAY_PERF_FRAME,21,216630,216686
SWAY_PROFILE,block0_in,22,15,216725
SWAY_PROFILE,block1_in,22,10,216725
SWAY_PROFILE,embedding_in,23,1,216727
SWAY_PROFILE,head_in,22,6,216727
SWAY_PROFILE,patch_ready,23,2,216728
SWAY_PROFILE,block0_in,23,0,217315
SWAY_PROFILE,block1_in,22,11,217315
SWAY_PROFILE,embedding_in,23,2,217317
SWAY_PROFILE,head_in,22,7,217317
SWAY_PROFILE,patch_ready,23,3,217318
SWAY_PROFILE,block0_in,23,1,217907
SWAY_PROFILE,block1_in,22,12,217907
SWAY_PROFILE,embedding_in,23,3,217909
SWAY_PROFILE,head_in,22,8,217909
SWAY_PROFILE,patch_ready,23,4,217910
SWAY_PROFILE,block0_in,23,2,218497
SWAY_PROFILE,block1_in,22,13,218497
SWAY_PROFILE,embedding_in,23,4,218499
SWAY_PROFILE,head_in,22,9,218499
SWAY_PROFILE,patch_ready,23,5,218500
SWAY_PROFILE,block0_in,23,3,219087
SWAY_PROFILE,block1_in,22,14,219087
SWAY_PROFILE,embedding_in,23,5,219089
SWAY_PROFILE,head_in,22,10,219089
SWAY_PROFILE,patch_ready,23,6,219090
SWAY_PROFILE,block0_in,23,4,219677
SWAY_PROFILE,block1_in,22,15,219677
SWAY_PROFILE,embedding_in,23,6,219679
SWAY_PROFILE,head_in,22,11,219679
SWAY_PROFILE,patch_ready,23,7,219680
SWAY_PROFILE,block0_in,23,5,220269
SWAY_PROFILE,block1_in,23,0,220269
SWAY_PROFILE,embedding_in,23,7,220271
SWAY_PROFILE,head_in,22,12,220271
SWAY_PROFILE,patch_ready,23,8,220272
SWAY_PROFILE,block0_in,23,6,220859
SWAY_PROFILE,block1_in,23,1,220859
SWAY_PROFILE,embedding_in,23,8,220861
SWAY_PROFILE,head_in,22,13,220861
SWAY_PROFILE,patch_ready,23,9,220862
SWAY_PROFILE,block0_in,23,7,221449
SWAY_PROFILE,block1_in,23,2,221449
SWAY_PROFILE,embedding_in,23,9,221451
SWAY_PROFILE,head_in,22,14,221451
SWAY_PROFILE,patch_ready,23,10,221452
SWAY_PROFILE,block0_in,23,8,222039
SWAY_PROFILE,block1_in,23,3,222039
SWAY_PROFILE,embedding_in,23,10,222041
SWAY_PROFILE,head_in,22,15,222041
SWAY_PROFILE,patch_ready,23,11,222042
SWAY_PROFILE,block0_in,23,9,222631
SWAY_PROFILE,block1_in,23,4,222631
SWAY_PROFILE,embedding_in,23,11,222633
SWAY_PROFILE,head_in,23,0,222633
SWAY_PROFILE,patch_ready,23,12,222634
SWAY_PROFILE,block0_in,23,10,223221
SWAY_PROFILE,block1_in,23,5,223221
SWAY_PROFILE,embedding_in,23,12,223223
SWAY_PROFILE,head_in,23,1,223223
SWAY_PROFILE,patch_ready,23,13,223224
SWAY_PROFILE,block0_in,23,11,223811
SWAY_PROFILE,block1_in,23,6,223811
SWAY_PROFILE,embedding_in,23,13,223813
SWAY_PROFILE,head_in,23,2,223813
SWAY_PROFILE,patch_ready,23,14,223814
SWAY_PROFILE,block0_in,23,12,224401
SWAY_PROFILE,block1_in,23,7,224401
SWAY_PROFILE,embedding_in,23,14,224403
SWAY_PROFILE,head_in,23,3,224403
SWAY_PROFILE,patch_ready,23,15,224404
SWAY_PERF_INPUT_FRAME,25,215247,224694
SWAY_PROFILE,block0_in,23,13,224993
SWAY_PROFILE,block1_in,23,8,224993
SWAY_PROFILE,embedding_in,23,15,224995
SWAY_PROFILE,head_in,23,4,224995
SWAY_PROFILE,patch_ready,24,0,224996
SWAY_PROFILE,head_output_in,22,0,225334
SWAY_PROFILE,block0_in,23,14,225583
SWAY_PROFILE,block1_in,23,9,225583
SWAY_PROFILE,embedding_in,24,0,225585
SWAY_PROFILE,head_in,23,5,225585
SWAY_PROFILE,patch_ready,24,1,225586
SWAY_PROFILE,serialize_in,22,0,226076
SWAY_PERF_OUTPUT,1254,9,226078
SWAY_PERF_OUTPUT,1255,9,226079
SWAY_PERF_OUTPUT,1256,8,226080
SWAY_PERF_OUTPUT,1257,9,226081
SWAY_PERF_OUTPUT,1258,15,226082
SWAY_PERF_OUTPUT,1259,18,226083
SWAY_PERF_OUTPUT,1260,19,226084
SWAY_PERF_OUTPUT,1261,4,226085
SWAY_PERF_OUTPUT,1262,-2,226086
SWAY_PERF_OUTPUT,1263,-5,226087
SWAY_PERF_OUTPUT,1264,10,226088
SWAY_PERF_OUTPUT,1265,11,226089
SWAY_PERF_OUTPUT,1266,11,226090
SWAY_PERF_OUTPUT,1267,11,226091
SWAY_PERF_OUTPUT,1268,6,226092
SWAY_PERF_OUTPUT,1269,4,226093
SWAY_PERF_OUTPUT,1270,2,226094
SWAY_PERF_OUTPUT,1271,2,226095
SWAY_PERF_OUTPUT,1272,9,226096
SWAY_PERF_OUTPUT,1273,64,226097
SWAY_PERF_OUTPUT,1274,65,226098
SWAY_PERF_OUTPUT,1275,65,226099
SWAY_PERF_OUTPUT,1276,65,226100
SWAY_PERF_OUTPUT,1277,65,226101
SWAY_PERF_OUTPUT,1278,66,226102
SWAY_PERF_OUTPUT,1279,64,226103
SWAY_PERF_OUTPUT,1280,64,226104
SWAY_PERF_OUTPUT,1281,65,226105
SWAY_PERF_OUTPUT,1282,63,226106
SWAY_PERF_OUTPUT,1283,63,226107
SWAY_PERF_OUTPUT,1284,65,226108
SWAY_PERF_OUTPUT,1285,63,226109
SWAY_PERF_OUTPUT,1286,61,226110
SWAY_PERF_OUTPUT,1287,63,226111
SWAY_PERF_OUTPUT,1288,67,226112
SWAY_PERF_OUTPUT,1289,66,226113
SWAY_PERF_OUTPUT,1290,63,226114
SWAY_PERF_OUTPUT,1291,65,226115
SWAY_PERF_OUTPUT,1292,-2,226116
SWAY_PERF_OUTPUT,1293,9,226117
SWAY_PERF_OUTPUT,1294,20,226118
SWAY_PERF_OUTPUT,1295,25,226119
SWAY_PERF_OUTPUT,1296,16,226120
SWAY_PERF_OUTPUT,1297,9,226121
SWAY_PERF_OUTPUT,1298,5,226122
SWAY_PERF_OUTPUT,1299,15,226123
SWAY_PERF_OUTPUT,1300,12,226124
SWAY_PERF_OUTPUT,1301,8,226125
SWAY_PERF_OUTPUT,1302,-1,226126
SWAY_PERF_OUTPUT,1303,-15,226127
SWAY_PERF_OUTPUT,1304,-28,226128
SWAY_PERF_OUTPUT,1305,-30,226129
SWAY_PERF_OUTPUT,1306,-1,226130
SWAY_PERF_OUTPUT,1307,-15,226131
SWAY_PERF_OUTPUT,1308,-25,226132
SWAY_PERF_OUTPUT,1309,-29,226133
SWAY_PERF_OUTPUT,1310,17,226134
SWAY_PERF_FRAME,22,226078,226134
SWAY_PROFILE,block0_in,23,15,226173
SWAY_PROFILE,block1_in,23,10,226173
SWAY_PROFILE,embedding_in,24,1,226175
SWAY_PROFILE,head_in,23,6,226175
SWAY_PROFILE,patch_ready,24,2,226176
SWAY_PROFILE,block0_in,24,0,226763
SWAY_PROFILE,block1_in,23,11,226763
SWAY_PROFILE,embedding_in,24,2,226765
SWAY_PROFILE,head_in,23,7,226765
SWAY_PROFILE,patch_ready,24,3,226766
SWAY_PROFILE,block0_in,24,1,227355
SWAY_PROFILE,block1_in,23,12,227355
SWAY_PROFILE,embedding_in,24,3,227357
SWAY_PROFILE,head_in,23,8,227357
SWAY_PROFILE,patch_ready,24,4,227358
SWAY_PROFILE,block0_in,24,2,227945
SWAY_PROFILE,block1_in,23,13,227945
SWAY_PROFILE,embedding_in,24,4,227947
SWAY_PROFILE,head_in,23,9,227947
SWAY_PROFILE,patch_ready,24,5,227948
SWAY_PROFILE,block0_in,24,3,228535
SWAY_PROFILE,block1_in,23,14,228535
SWAY_PROFILE,embedding_in,24,5,228537
SWAY_PROFILE,head_in,23,10,228537
SWAY_PROFILE,patch_ready,24,6,228538
SWAY_PROFILE,block0_in,24,4,229125
SWAY_PROFILE,block1_in,23,15,229125
SWAY_PROFILE,embedding_in,24,6,229127
SWAY_PROFILE,head_in,23,11,229127
SWAY_PROFILE,patch_ready,24,7,229128
SWAY_PROFILE,block0_in,24,5,229717
SWAY_PROFILE,block1_in,24,0,229717
SWAY_PROFILE,embedding_in,24,7,229719
SWAY_PROFILE,head_in,23,12,229719
SWAY_PROFILE,patch_ready,24,8,229720
SWAY_PROFILE,block0_in,24,6,230307
SWAY_PROFILE,block1_in,24,1,230307
SWAY_PROFILE,embedding_in,24,8,230309
SWAY_PROFILE,head_in,23,13,230309
SWAY_PROFILE,patch_ready,24,9,230310
SWAY_PROFILE,block0_in,24,7,230897
SWAY_PROFILE,block1_in,24,2,230897
SWAY_PROFILE,embedding_in,24,9,230899
SWAY_PROFILE,head_in,23,14,230899
SWAY_PROFILE,patch_ready,24,10,230900
SWAY_PROFILE,block0_in,24,8,231487
SWAY_PROFILE,block1_in,24,3,231487
SWAY_PROFILE,embedding_in,24,10,231489
SWAY_PROFILE,head_in,23,15,231489
SWAY_PROFILE,patch_ready,24,11,231490
SWAY_PROFILE,block0_in,24,9,232079
SWAY_PROFILE,block1_in,24,4,232079
SWAY_PROFILE,embedding_in,24,11,232081
SWAY_PROFILE,head_in,24,0,232081
SWAY_PROFILE,patch_ready,24,12,232082
SWAY_PROFILE,block0_in,24,10,232669
SWAY_PROFILE,block1_in,24,5,232669
SWAY_PROFILE,embedding_in,24,12,232671
SWAY_PROFILE,head_in,24,1,232671
SWAY_PROFILE,patch_ready,24,13,232672
SWAY_PROFILE,block0_in,24,11,233259
SWAY_PROFILE,block1_in,24,6,233259
SWAY_PROFILE,embedding_in,24,13,233261
SWAY_PROFILE,head_in,24,2,233261
SWAY_PROFILE,patch_ready,24,14,233262
SWAY_PROFILE,block0_in,24,12,233849
SWAY_PROFILE,block1_in,24,7,233849
SWAY_PROFILE,embedding_in,24,14,233851
SWAY_PROFILE,head_in,24,3,233851
SWAY_PROFILE,patch_ready,24,15,233852
SWAY_PERF_INPUT_FRAME,26,224695,234142
SWAY_PROFILE,block0_in,24,13,234441
SWAY_PROFILE,block1_in,24,8,234441
SWAY_PROFILE,embedding_in,24,15,234443
SWAY_PROFILE,head_in,24,4,234443
SWAY_PROFILE,patch_ready,25,0,234444
SWAY_PROFILE,head_output_in,23,0,234782
SWAY_PROFILE,block0_in,24,14,235031
SWAY_PROFILE,block1_in,24,9,235031
SWAY_PROFILE,embedding_in,25,0,235033
SWAY_PROFILE,head_in,24,5,235033
SWAY_PROFILE,patch_ready,25,1,235034
SWAY_PROFILE,serialize_in,23,0,235524
SWAY_PERF_OUTPUT,1311,45,235526
SWAY_PERF_OUTPUT,1312,127,235527
SWAY_PERF_OUTPUT,1313,-30,235528
SWAY_PERF_OUTPUT,1314,40,235529
SWAY_PERF_OUTPUT,1315,34,235530
SWAY_PERF_OUTPUT,1316,87,235531
SWAY_PERF_OUTPUT,1317,0,235532
SWAY_PERF_OUTPUT,1318,38,235533
SWAY_PERF_OUTPUT,1319,77,235534
SWAY_PERF_OUTPUT,1320,-2,235535
SWAY_PERF_OUTPUT,1321,28,235536
SWAY_PERF_OUTPUT,1322,70,235537
SWAY_PERF_OUTPUT,1323,-24,235538
SWAY_PERF_OUTPUT,1324,31,235539
SWAY_PERF_OUTPUT,1325,50,235540
SWAY_PERF_OUTPUT,1326,123,235541
SWAY_PERF_OUTPUT,1327,38,235542
SWAY_PERF_OUTPUT,1328,95,235543
SWAY_PERF_OUTPUT,1329,56,235544
SWAY_PERF_OUTPUT,1330,-18,235545
SWAY_PERF_OUTPUT,1331,-5,235546
SWAY_PERF_OUTPUT,1332,-13,235547
SWAY_PERF_OUTPUT,1333,72,235548
SWAY_PERF_OUTPUT,1334,46,235549
SWAY_PERF_OUTPUT,1335,35,235550
SWAY_PERF_OUTPUT,1336,17,235551
SWAY_PERF_OUTPUT,1337,-75,235552
SWAY_PERF_OUTPUT,1338,-6,235553
SWAY_PERF_OUTPUT,1339,-39,235554
SWAY_PERF_OUTPUT,1340,-28,235555
SWAY_PERF_OUTPUT,1341,-27,235556
SWAY_PERF_OUTPUT,1342,-60,235557
SWAY_PERF_OUTPUT,1343,-2,235558
SWAY_PERF_OUTPUT,1344,27,235559
SWAY_PERF_OUTPUT,1345,71,235560
SWAY_PERF_OUTPUT,1346,117,235561
SWAY_PERF_OUTPUT,1347,-2,235562
SWAY_PERF_OUTPUT,1348,-19,235563
SWAY_PERF_OUTPUT,1349,25,235564
SWAY_PERF_OUTPUT,1350,34,235565
SWAY_PERF_OUTPUT,1351,-36,235566
SWAY_PERF_OUTPUT,1352,21,235567
SWAY_PERF_OUTPUT,1353,-36,235568
SWAY_PERF_OUTPUT,1354,96,235569
SWAY_PERF_OUTPUT,1355,-49,235570
SWAY_PERF_OUTPUT,1356,50,235571
SWAY_PERF_OUTPUT,1357,-42,235572
SWAY_PERF_OUTPUT,1358,-96,235573
SWAY_PERF_OUTPUT,1359,0,235574
SWAY_PERF_OUTPUT,1360,27,235575
SWAY_PERF_OUTPUT,1361,-37,235576
SWAY_PERF_OUTPUT,1362,77,235577
SWAY_PERF_OUTPUT,1363,44,235578
SWAY_PERF_OUTPUT,1364,0,235579
SWAY_PERF_OUTPUT,1365,-56,235580
SWAY_PERF_OUTPUT,1366,-77,235581
SWAY_PERF_OUTPUT,1367,42,235582
SWAY_PERF_FRAME,23,235526,235582
SWAY_PROFILE,block0_in,24,15,235621
SWAY_PROFILE,block1_in,24,10,235621
SWAY_PROFILE,embedding_in,25,1,235623
SWAY_PROFILE,head_in,24,6,235623
SWAY_PROFILE,patch_ready,25,2,235624
SWAY_PROFILE,block0_in,25,0,236211
SWAY_PROFILE,block1_in,24,11,236211
SWAY_PROFILE,embedding_in,25,2,236213
SWAY_PROFILE,head_in,24,7,236213
SWAY_PROFILE,patch_ready,25,3,236214
SWAY_PROFILE,block0_in,25,1,236803
SWAY_PROFILE,block1_in,24,12,236803
SWAY_PROFILE,embedding_in,25,3,236805
SWAY_PROFILE,head_in,24,8,236805
SWAY_PROFILE,patch_ready,25,4,236806
SWAY_PROFILE,block0_in,25,2,237393
SWAY_PROFILE,block1_in,24,13,237393
SWAY_PROFILE,embedding_in,25,4,237395
SWAY_PROFILE,head_in,24,9,237395
SWAY_PROFILE,patch_ready,25,5,237396
SWAY_PROFILE,block0_in,25,3,237983
SWAY_PROFILE,block1_in,24,14,237983
SWAY_PROFILE,embedding_in,25,5,237985
SWAY_PROFILE,head_in,24,10,237985
SWAY_PROFILE,patch_ready,25,6,237986
SWAY_PROFILE,block0_in,25,4,238573
SWAY_PROFILE,block1_in,24,15,238573
SWAY_PROFILE,embedding_in,25,6,238575
SWAY_PROFILE,head_in,24,11,238575
SWAY_PROFILE,patch_ready,25,7,238576
SWAY_PROFILE,block0_in,25,5,239165
SWAY_PROFILE,block1_in,25,0,239165
SWAY_PROFILE,embedding_in,25,7,239167
SWAY_PROFILE,head_in,24,12,239167
SWAY_PROFILE,patch_ready,25,8,239168
SWAY_PROFILE,block0_in,25,6,239755
SWAY_PROFILE,block1_in,25,1,239755
SWAY_PROFILE,embedding_in,25,8,239757
SWAY_PROFILE,head_in,24,13,239757
SWAY_PROFILE,patch_ready,25,9,239758
SWAY_PROFILE,block0_in,25,7,240345
SWAY_PROFILE,block1_in,25,2,240345
SWAY_PROFILE,embedding_in,25,9,240347
SWAY_PROFILE,head_in,24,14,240347
SWAY_PROFILE,patch_ready,25,10,240348
SWAY_PROFILE,block0_in,25,8,240935
SWAY_PROFILE,block1_in,25,3,240935
SWAY_PROFILE,embedding_in,25,10,240937
SWAY_PROFILE,head_in,24,15,240937
SWAY_PROFILE,patch_ready,25,11,240938
SWAY_PROFILE,block0_in,25,9,241527
SWAY_PROFILE,block1_in,25,4,241527
SWAY_PROFILE,embedding_in,25,11,241529
SWAY_PROFILE,head_in,25,0,241529
SWAY_PROFILE,patch_ready,25,12,241530
SWAY_PROFILE,block0_in,25,10,242117
SWAY_PROFILE,block1_in,25,5,242117
SWAY_PROFILE,embedding_in,25,12,242119
SWAY_PROFILE,head_in,25,1,242119
SWAY_PROFILE,patch_ready,25,13,242120
SWAY_PROFILE,block0_in,25,11,242707
SWAY_PROFILE,block1_in,25,6,242707
SWAY_PROFILE,embedding_in,25,13,242709
SWAY_PROFILE,head_in,25,2,242709
SWAY_PROFILE,patch_ready,25,14,242710
SWAY_PROFILE,block0_in,25,12,243297
SWAY_PROFILE,block1_in,25,7,243297
SWAY_PROFILE,embedding_in,25,14,243299
SWAY_PROFILE,head_in,25,3,243299
SWAY_PROFILE,patch_ready,25,15,243300
SWAY_PERF_INPUT_FRAME,27,234143,243590
SWAY_PROFILE,block0_in,25,13,243889
SWAY_PROFILE,block1_in,25,8,243889
SWAY_PROFILE,embedding_in,25,15,243891
SWAY_PROFILE,head_in,25,4,243891
SWAY_PROFILE,patch_ready,26,0,243892
SWAY_PROFILE,head_output_in,24,0,244230
SWAY_PROFILE,block0_in,25,14,244479
SWAY_PROFILE,block1_in,25,9,244479
SWAY_PROFILE,embedding_in,26,0,244481
SWAY_PROFILE,head_in,25,5,244481
SWAY_PROFILE,patch_ready,26,1,244482
SWAY_PROFILE,serialize_in,24,0,244972
SWAY_PERF_OUTPUT,1368,21,244974
SWAY_PERF_OUTPUT,1369,1,244975
SWAY_PERF_OUTPUT,1370,5,244976
SWAY_PERF_OUTPUT,1371,-3,244977
SWAY_PERF_OUTPUT,1372,23,244978
SWAY_PERF_OUTPUT,1373,34,244979
SWAY_PERF_OUTPUT,1374,42,244980
SWAY_PERF_OUTPUT,1375,-2,244981
SWAY_PERF_OUTPUT,1376,-9,244982
SWAY_PERF_OUTPUT,1377,0,244983
SWAY_PERF_OUTPUT,1378,8,244984
SWAY_PERF_OUTPUT,1379,16,244985
SWAY_PERF_OUTPUT,1380,59,244986
SWAY_PERF_OUTPUT,1381,41,244987
SWAY_PERF_OUTPUT,1382,9,244988
SWAY_PERF_OUTPUT,1383,9,244989
SWAY_PERF_OUTPUT,1384,12,244990
SWAY_PERF_OUTPUT,1385,20,244991
SWAY_PERF_OUTPUT,1386,14,244992
SWAY_PERF_OUTPUT,1387,101,244993
SWAY_PERF_OUTPUT,1388,109,244994
SWAY_PERF_OUTPUT,1389,111,244995
SWAY_PERF_OUTPUT,1390,108,244996
SWAY_PERF_OUTPUT,1391,118,244997
SWAY_PERF_OUTPUT,1392,113,244998
SWAY_PERF_OUTPUT,1393,96,244999
SWAY_PERF_OUTPUT,1394,121,245000
SWAY_PERF_OUTPUT,1395,111,245001
SWAY_PERF_OUTPUT,1396,120,245002
SWAY_PERF_OUTPUT,1397,99,245003
SWAY_PERF_OUTPUT,1398,127,245004
SWAY_PERF_OUTPUT,1399,126,245005
SWAY_PERF_OUTPUT,1400,112,245006
SWAY_PERF_OUTPUT,1401,115,245007
SWAY_PERF_OUTPUT,1402,127,245008
SWAY_PERF_OUTPUT,1403,98,245009
SWAY_PERF_OUTPUT,1404,103,245010
SWAY_PERF_OUTPUT,1405,127,245011
SWAY_PERF_OUTPUT,1406,35,245012
SWAY_PERF_OUTPUT,1407,57,245013
SWAY_PERF_OUTPUT,1408,75,245014
SWAY_PERF_OUTPUT,1409,88,245015
SWAY_PERF_OUTPUT,1410,62,245016
SWAY_PERF_OUTPUT,1411,70,245017
SWAY_PERF_OUTPUT,1412,104,245018
SWAY_PERF_OUTPUT,1413,60,245019
SWAY_PERF_OUTPUT,1414,31,245020
SWAY_PERF_OUTPUT,1415,8,245021
SWAY_PERF_OUTPUT,1416,19,245022
SWAY_PERF_OUTPUT,1417,-29,245023
SWAY_PERF_OUTPUT,1418,-52,245024
SWAY_PERF_OUTPUT,1419,-46,245025
SWAY_PERF_OUTPUT,1420,31,245026
SWAY_PERF_OUTPUT,1421,-32,245027
SWAY_PERF_OUTPUT,1422,-54,245028
SWAY_PERF_OUTPUT,1423,-38,245029
SWAY_PERF_OUTPUT,1424,68,245030
SWAY_PERF_FRAME,24,244974,245030
SWAY_PROFILE,block0_in,25,15,245069
SWAY_PROFILE,block1_in,25,10,245069
SWAY_PROFILE,embedding_in,26,1,245071
SWAY_PROFILE,head_in,25,6,245071
SWAY_PROFILE,patch_ready,26,2,245072
SWAY_PROFILE,block0_in,26,0,245659
SWAY_PROFILE,block1_in,25,11,245659
SWAY_PROFILE,embedding_in,26,2,245661
SWAY_PROFILE,head_in,25,7,245661
SWAY_PROFILE,patch_ready,26,3,245662
SWAY_PROFILE,block0_in,26,1,246251
SWAY_PROFILE,block1_in,25,12,246251
SWAY_PROFILE,embedding_in,26,3,246253
SWAY_PROFILE,head_in,25,8,246253
SWAY_PROFILE,patch_ready,26,4,246254
SWAY_PROFILE,block0_in,26,2,246841
SWAY_PROFILE,block1_in,25,13,246841
SWAY_PROFILE,embedding_in,26,4,246843
SWAY_PROFILE,head_in,25,9,246843
SWAY_PROFILE,patch_ready,26,5,246844
SWAY_PROFILE,block0_in,26,3,247431
SWAY_PROFILE,block1_in,25,14,247431
SWAY_PROFILE,embedding_in,26,5,247433
SWAY_PROFILE,head_in,25,10,247433
SWAY_PROFILE,patch_ready,26,6,247434
SWAY_PROFILE,block0_in,26,4,248021
SWAY_PROFILE,block1_in,25,15,248021
SWAY_PROFILE,embedding_in,26,6,248023
SWAY_PROFILE,head_in,25,11,248023
SWAY_PROFILE,patch_ready,26,7,248024
SWAY_PROFILE,block0_in,26,5,248613
SWAY_PROFILE,block1_in,26,0,248613
SWAY_PROFILE,embedding_in,26,7,248615
SWAY_PROFILE,head_in,25,12,248615
SWAY_PROFILE,patch_ready,26,8,248616
SWAY_PROFILE,block0_in,26,6,249203
SWAY_PROFILE,block1_in,26,1,249203
SWAY_PROFILE,embedding_in,26,8,249205
SWAY_PROFILE,head_in,25,13,249205
SWAY_PROFILE,patch_ready,26,9,249206
SWAY_PROFILE,block0_in,26,7,249793
SWAY_PROFILE,block1_in,26,2,249793
SWAY_PROFILE,embedding_in,26,9,249795
SWAY_PROFILE,head_in,25,14,249795
SWAY_PROFILE,patch_ready,26,10,249796
SWAY_PROFILE,block0_in,26,8,250383
SWAY_PROFILE,block1_in,26,3,250383
SWAY_PROFILE,embedding_in,26,10,250385
SWAY_PROFILE,head_in,25,15,250385
SWAY_PROFILE,patch_ready,26,11,250386
SWAY_PROFILE,block0_in,26,9,250975
SWAY_PROFILE,block1_in,26,4,250975
SWAY_PROFILE,embedding_in,26,11,250977
SWAY_PROFILE,head_in,26,0,250977
SWAY_PROFILE,patch_ready,26,12,250978
SWAY_PROFILE,block0_in,26,10,251565
SWAY_PROFILE,block1_in,26,5,251565
SWAY_PROFILE,embedding_in,26,12,251567
SWAY_PROFILE,head_in,26,1,251567
SWAY_PROFILE,patch_ready,26,13,251568
SWAY_PROFILE,block0_in,26,11,252155
SWAY_PROFILE,block1_in,26,6,252155
SWAY_PROFILE,embedding_in,26,13,252157
SWAY_PROFILE,head_in,26,2,252157
SWAY_PROFILE,patch_ready,26,14,252158
SWAY_PROFILE,block0_in,26,12,252745
SWAY_PROFILE,block1_in,26,7,252745
SWAY_PROFILE,embedding_in,26,14,252747
SWAY_PROFILE,head_in,26,3,252747
SWAY_PROFILE,patch_ready,26,15,252748
SWAY_PERF_INPUT_FRAME,28,243591,253038
SWAY_PROFILE,block0_in,26,13,253337
SWAY_PROFILE,block1_in,26,8,253337
SWAY_PROFILE,embedding_in,26,15,253339
SWAY_PROFILE,head_in,26,4,253339
SWAY_PROFILE,patch_ready,27,0,253340
SWAY_PROFILE,head_output_in,25,0,253678
SWAY_PROFILE,block0_in,26,14,253927
SWAY_PROFILE,block1_in,26,9,253927
SWAY_PROFILE,embedding_in,27,0,253929
SWAY_PROFILE,head_in,26,5,253929
SWAY_PROFILE,patch_ready,27,1,253930
SWAY_PROFILE,serialize_in,25,0,254420
SWAY_PERF_OUTPUT,1425,61,254422
SWAY_PERF_OUTPUT,1426,72,254423
SWAY_PERF_OUTPUT,1427,58,254424
SWAY_PERF_OUTPUT,1428,63,254425
SWAY_PERF_OUTPUT,1429,71,254426
SWAY_PERF_OUTPUT,1430,59,254427
SWAY_PERF_OUTPUT,1431,17,254428
SWAY_PERF_OUTPUT,1432,69,254429
SWAY_PERF_OUTPUT,1433,80,254430
SWAY_PERF_OUTPUT,1434,102,254431
SWAY_PERF_OUTPUT,1435,53,254432
SWAY_PERF_OUTPUT,1436,68,254433
SWAY_PERF_OUTPUT,1437,58,254434
SWAY_PERF_OUTPUT,1438,56,254435
SWAY_PERF_OUTPUT,1439,48,254436
SWAY_PERF_OUTPUT,1440,37,254437
SWAY_PERF_OUTPUT,1441,13,254438
SWAY_PERF_OUTPUT,1442,20,254439
SWAY_PERF_OUTPUT,1443,73,254440
SWAY_PERF_OUTPUT,1444,118,254441
SWAY_PERF_OUTPUT,1445,127,254442
SWAY_PERF_OUTPUT,1446,127,254443
SWAY_PERF_OUTPUT,1447,127,254444
SWAY_PERF_OUTPUT,1448,127,254445
SWAY_PERF_OUTPUT,1449,116,254446
SWAY_PERF_OUTPUT,1450,88,254447
SWAY_PERF_OUTPUT,1451,127,254448
SWAY_PERF_OUTPUT,1452,120,254449
SWAY_PERF_OUTPUT,1453,119,254450
SWAY_PERF_OUTPUT,1454,127,254451
SWAY_PERF_OUTPUT,1455,110,254452
SWAY_PERF_OUTPUT,1456,121,254453
SWAY_PERF_OUTPUT,1457,118,254454
SWAY_PERF_OUTPUT,1458,127,254455
SWAY_PERF_OUTPUT,1459,127,254456
SWAY_PERF_OUTPUT,1460,127,254457
SWAY_PERF_OUTPUT,1461,127,254458
SWAY_PERF_OUTPUT,1462,127,254459
SWAY_PERF_OUTPUT,1463,-21,254460
SWAY_PERF_OUTPUT,1464,-2,254461
SWAY_PERF_OUTPUT,1465,32,254462
SWAY_PERF_OUTPUT,1466,32,254463
SWAY_PERF_OUTPUT,1467,17,254464
SWAY_PERF_OUTPUT,1468,-14,254465
SWAY_PERF_OUTPUT,1469,-22,254466
SWAY_PERF_OUTPUT,1470,-12,254467
SWAY_PERF_OUTPUT,1471,-47,254468
SWAY_PERF_OUTPUT,1472,-38,254469
SWAY_PERF_OUTPUT,1473,-36,254470
SWAY_PERF_OUTPUT,1474,-46,254471
SWAY_PERF_OUTPUT,1475,-81,254472
SWAY_PERF_OUTPUT,1476,-67,254473
SWAY_PERF_OUTPUT,1477,-17,254474
SWAY_PERF_OUTPUT,1478,-41,254475
SWAY_PERF_OUTPUT,1479,-65,254476
SWAY_PERF_OUTPUT,1480,-78,254477
SWAY_PERF_OUTPUT,1481,21,254478
SWAY_PERF_FRAME,25,254422,254478
SWAY_PROFILE,block0_in,26,15,254517
SWAY_PROFILE,block1_in,26,10,254517
SWAY_PROFILE,embedding_in,27,1,254519
SWAY_PROFILE,head_in,26,6,254519
SWAY_PROFILE,patch_ready,27,2,254520
SWAY_PROFILE,block0_in,27,0,255107
SWAY_PROFILE,block1_in,26,11,255107
SWAY_PROFILE,embedding_in,27,2,255109
SWAY_PROFILE,head_in,26,7,255109
SWAY_PROFILE,patch_ready,27,3,255110
SWAY_PROFILE,block0_in,27,1,255699
SWAY_PROFILE,block1_in,26,12,255699
SWAY_PROFILE,embedding_in,27,3,255701
SWAY_PROFILE,head_in,26,8,255701
SWAY_PROFILE,patch_ready,27,4,255702
SWAY_PROFILE,block0_in,27,2,256289
SWAY_PROFILE,block1_in,26,13,256289
SWAY_PROFILE,embedding_in,27,4,256291
SWAY_PROFILE,head_in,26,9,256291
SWAY_PROFILE,patch_ready,27,5,256292
SWAY_PROFILE,block0_in,27,3,256879
SWAY_PROFILE,block1_in,26,14,256879
SWAY_PROFILE,embedding_in,27,5,256881
SWAY_PROFILE,head_in,26,10,256881
SWAY_PROFILE,patch_ready,27,6,256882
SWAY_PROFILE,block0_in,27,4,257469
SWAY_PROFILE,block1_in,26,15,257469
SWAY_PROFILE,embedding_in,27,6,257471
SWAY_PROFILE,head_in,26,11,257471
SWAY_PROFILE,patch_ready,27,7,257472
SWAY_PROFILE,block0_in,27,5,258061
SWAY_PROFILE,block1_in,27,0,258061
SWAY_PROFILE,embedding_in,27,7,258063
SWAY_PROFILE,head_in,26,12,258063
SWAY_PROFILE,patch_ready,27,8,258064
SWAY_PROFILE,block0_in,27,6,258651
SWAY_PROFILE,block1_in,27,1,258651
SWAY_PROFILE,embedding_in,27,8,258653
SWAY_PROFILE,head_in,26,13,258653
SWAY_PROFILE,patch_ready,27,9,258654
SWAY_PROFILE,block0_in,27,7,259241
SWAY_PROFILE,block1_in,27,2,259241
SWAY_PROFILE,embedding_in,27,9,259243
SWAY_PROFILE,head_in,26,14,259243
SWAY_PROFILE,patch_ready,27,10,259244
SWAY_PROFILE,block0_in,27,8,259831
SWAY_PROFILE,block1_in,27,3,259831
SWAY_PROFILE,embedding_in,27,10,259833
SWAY_PROFILE,head_in,26,15,259833
SWAY_PROFILE,patch_ready,27,11,259834
SWAY_PROFILE,block0_in,27,9,260423
SWAY_PROFILE,block1_in,27,4,260423
SWAY_PROFILE,embedding_in,27,11,260425
SWAY_PROFILE,head_in,27,0,260425
SWAY_PROFILE,patch_ready,27,12,260426
SWAY_PROFILE,block0_in,27,10,261013
SWAY_PROFILE,block1_in,27,5,261013
SWAY_PROFILE,embedding_in,27,12,261015
SWAY_PROFILE,head_in,27,1,261015
SWAY_PROFILE,patch_ready,27,13,261016
SWAY_PROFILE,block0_in,27,11,261603
SWAY_PROFILE,block1_in,27,6,261603
SWAY_PROFILE,embedding_in,27,13,261605
SWAY_PROFILE,head_in,27,2,261605
SWAY_PROFILE,patch_ready,27,14,261606
SWAY_PROFILE,block0_in,27,12,262193
SWAY_PROFILE,block1_in,27,7,262193
SWAY_PROFILE,embedding_in,27,14,262195
SWAY_PROFILE,head_in,27,3,262195
SWAY_PROFILE,patch_ready,27,15,262196
SWAY_PERF_INPUT_FRAME,29,253039,262486
SWAY_PROFILE,block0_in,27,13,262785
SWAY_PROFILE,block1_in,27,8,262785
SWAY_PROFILE,embedding_in,27,15,262787
SWAY_PROFILE,head_in,27,4,262787
SWAY_PROFILE,patch_ready,28,0,262788
SWAY_PROFILE,head_output_in,26,0,263126
SWAY_PROFILE,block0_in,27,14,263375
SWAY_PROFILE,block1_in,27,9,263375
SWAY_PROFILE,embedding_in,28,0,263377
SWAY_PROFILE,head_in,27,5,263377
SWAY_PROFILE,patch_ready,28,1,263378
SWAY_PROFILE,serialize_in,26,0,263868
SWAY_PERF_OUTPUT,1482,7,263870
SWAY_PERF_OUTPUT,1483,7,263871
SWAY_PERF_OUTPUT,1484,6,263872
SWAY_PERF_OUTPUT,1485,6,263873
SWAY_PERF_OUTPUT,1486,12,263874
SWAY_PERF_OUTPUT,1487,16,263875
SWAY_PERF_OUTPUT,1488,19,263876
SWAY_PERF_OUTPUT,1489,1,263877
SWAY_PERF_OUTPUT,1490,-2,263878
SWAY_PERF_OUTPUT,1491,-3,263879
SWAY_PERF_OUTPUT,1492,9,263880
SWAY_PERF_OUTPUT,1493,10,263881
SWAY_PERF_OUTPUT,1494,11,263882
SWAY_PERF_OUTPUT,1495,11,263883
SWAY_PERF_OUTPUT,1496,4,263884
SWAY_PERF_OUTPUT,1497,2,263885
SWAY_PERF_OUTPUT,1498,0,263886
SWAY_PERF_OUTPUT,1499,0,263887
SWAY_PERF_OUTPUT,1500,7,263888
SWAY_PERF_OUTPUT,1501,63,263889
SWAY_PERF_OUTPUT,1502,63,263890
SWAY_PERF_OUTPUT,1503,63,263891
SWAY_PERF_OUTPUT,1504,62,263892
SWAY_PERF_OUTPUT,1505,62,263893
SWAY_PERF_OUTPUT,1506,63,263894
SWAY_PERF_OUTPUT,1507,61,263895
SWAY_PERF_OUTPUT,1508,62,263896
SWAY_PERF_OUTPUT,1509,63,263897
SWAY_PERF_OUTPUT,1510,61,263898
SWAY_PERF_OUTPUT,1511,62,263899
SWAY_PERF_OUTPUT,1512,62,263900
SWAY_PERF_OUTPUT,1513,63,263901
SWAY_PERF_OUTPUT,1514,61,263902
SWAY_PERF_OUTPUT,1515,62,263903
SWAY_PERF_OUTPUT,1516,62,263904
SWAY_PERF_OUTPUT,1517,63,263905
SWAY_PERF_OUTPUT,1518,60,263906
SWAY_PERF_OUTPUT,1519,63,263907
SWAY_PERF_OUTPUT,1520,-7,263908
SWAY_PERF_OUTPUT,1521,2,263909
SWAY_PERF_OUTPUT,1522,13,263910
SWAY_PERF_OUTPUT,1523,17,263911
SWAY_PERF_OUTPUT,1524,9,263912
SWAY_PERF_OUTPUT,1525,5,263913
SWAY_PERF_OUTPUT,1526,2,263914
SWAY_PERF_OUTPUT,1527,9,263915
SWAY_PERF_OUTPUT,1528,2,263916
SWAY_PERF_OUTPUT,1529,-4,263917
SWAY_PERF_OUTPUT,1530,-7,263918
SWAY_PERF_OUTPUT,1531,-17,263919
SWAY_PERF_OUTPUT,1532,-28,263920
SWAY_PERF_OUTPUT,1533,-29,263921
SWAY_PERF_OUTPUT,1534,-7,263922
SWAY_PERF_OUTPUT,1535,-16,263923
SWAY_PERF_OUTPUT,1536,-27,263924
SWAY_PERF_OUTPUT,1537,-29,263925
SWAY_PERF_OUTPUT,1538,10,263926
SWAY_PERF_FRAME,26,263870,263926
SWAY_PROFILE,block0_in,27,15,263965
SWAY_PROFILE,block1_in,27,10,263965
SWAY_PROFILE,embedding_in,28,1,263967
SWAY_PROFILE,head_in,27,6,263967
SWAY_PROFILE,patch_ready,28,2,263968
SWAY_PROFILE,block0_in,28,0,264555
SWAY_PROFILE,block1_in,27,11,264555
SWAY_PROFILE,embedding_in,28,2,264557
SWAY_PROFILE,head_in,27,7,264557
SWAY_PROFILE,patch_ready,28,3,264558
SWAY_PROFILE,block0_in,28,1,265147
SWAY_PROFILE,block1_in,27,12,265147
SWAY_PROFILE,embedding_in,28,3,265149
SWAY_PROFILE,head_in,27,8,265149
SWAY_PROFILE,patch_ready,28,4,265150
SWAY_PROFILE,block0_in,28,2,265737
SWAY_PROFILE,block1_in,27,13,265737
SWAY_PROFILE,embedding_in,28,4,265739
SWAY_PROFILE,head_in,27,9,265739
SWAY_PROFILE,patch_ready,28,5,265740
SWAY_PROFILE,block0_in,28,3,266327
SWAY_PROFILE,block1_in,27,14,266327
SWAY_PROFILE,embedding_in,28,5,266329
SWAY_PROFILE,head_in,27,10,266329
SWAY_PROFILE,patch_ready,28,6,266330
SWAY_PROFILE,block0_in,28,4,266917
SWAY_PROFILE,block1_in,27,15,266917
SWAY_PROFILE,embedding_in,28,6,266919
SWAY_PROFILE,head_in,27,11,266919
SWAY_PROFILE,patch_ready,28,7,266920
SWAY_PROFILE,block0_in,28,5,267509
SWAY_PROFILE,block1_in,28,0,267509
SWAY_PROFILE,embedding_in,28,7,267511
SWAY_PROFILE,head_in,27,12,267511
SWAY_PROFILE,patch_ready,28,8,267512
SWAY_PROFILE,block0_in,28,6,268099
SWAY_PROFILE,block1_in,28,1,268099
SWAY_PROFILE,embedding_in,28,8,268101
SWAY_PROFILE,head_in,27,13,268101
SWAY_PROFILE,patch_ready,28,9,268102
SWAY_PROFILE,block0_in,28,7,268689
SWAY_PROFILE,block1_in,28,2,268689
SWAY_PROFILE,embedding_in,28,9,268691
SWAY_PROFILE,head_in,27,14,268691
SWAY_PROFILE,patch_ready,28,10,268692
SWAY_PROFILE,block0_in,28,8,269279
SWAY_PROFILE,block1_in,28,3,269279
SWAY_PROFILE,embedding_in,28,10,269281
SWAY_PROFILE,head_in,27,15,269281
SWAY_PROFILE,patch_ready,28,11,269282
SWAY_PROFILE,block0_in,28,9,269871
SWAY_PROFILE,block1_in,28,4,269871
SWAY_PROFILE,embedding_in,28,11,269873
SWAY_PROFILE,head_in,28,0,269873
SWAY_PROFILE,patch_ready,28,12,269874
SWAY_PROFILE,block0_in,28,10,270461
SWAY_PROFILE,block1_in,28,5,270461
SWAY_PROFILE,embedding_in,28,12,270463
SWAY_PROFILE,head_in,28,1,270463
SWAY_PROFILE,patch_ready,28,13,270464
SWAY_PROFILE,block0_in,28,11,271051
SWAY_PROFILE,block1_in,28,6,271051
SWAY_PROFILE,embedding_in,28,13,271053
SWAY_PROFILE,head_in,28,2,271053
SWAY_PROFILE,patch_ready,28,14,271054
SWAY_PROFILE,block0_in,28,12,271641
SWAY_PROFILE,block1_in,28,7,271641
SWAY_PROFILE,embedding_in,28,14,271643
SWAY_PROFILE,head_in,28,3,271643
SWAY_PROFILE,patch_ready,28,15,271644
SWAY_PERF_INPUT_FRAME,30,262487,271934
SWAY_PROFILE,block0_in,28,13,272233
SWAY_PROFILE,block1_in,28,8,272233
SWAY_PROFILE,embedding_in,28,15,272235
SWAY_PROFILE,head_in,28,4,272235
SWAY_PROFILE,patch_ready,29,0,272236
SWAY_PROFILE,head_output_in,27,0,272574
SWAY_PROFILE,block0_in,28,14,272823
SWAY_PROFILE,block1_in,28,9,272823
SWAY_PROFILE,embedding_in,29,0,272825
SWAY_PROFILE,head_in,28,5,272825
SWAY_PROFILE,patch_ready,29,1,272826
SWAY_PROFILE,serialize_in,27,0,273316
SWAY_PERF_OUTPUT,1539,7,273318
SWAY_PERF_OUTPUT,1540,7,273319
SWAY_PERF_OUTPUT,1541,6,273320
SWAY_PERF_OUTPUT,1542,6,273321
SWAY_PERF_OUTPUT,1543,12,273322
SWAY_PERF_OUTPUT,1544,16,273323
SWAY_PERF_OUTPUT,1545,19,273324
SWAY_PERF_OUTPUT,1546,1,273325
SWAY_PERF_OUTPUT,1547,-2,273326
SWAY_PERF_OUTPUT,1548,-3,273327
SWAY_PERF_OUTPUT,1549,9,273328
SWAY_PERF_OUTPUT,1550,10,273329
SWAY_PERF_OUTPUT,1551,11,273330
SWAY_PERF_OUTPUT,1552,11,273331
SWAY_PERF_OUTPUT,1553,4,273332
SWAY_PERF_OUTPUT,1554,2,273333
SWAY_PERF_OUTPUT,1555,0,273334
SWAY_PERF_OUTPUT,1556,0,273335
SWAY_PERF_OUTPUT,1557,7,273336
SWAY_PERF_OUTPUT,1558,63,273337
SWAY_PERF_OUTPUT,1559,63,273338
SWAY_PERF_OUTPUT,1560,63,273339
SWAY_PERF_OUTPUT,1561,62,273340
SWAY_PERF_OUTPUT,1562,62,273341
SWAY_PERF_OUTPUT,1563,63,273342
SWAY_PERF_OUTPUT,1564,61,273343
SWAY_PERF_OUTPUT,1565,62,273344
SWAY_PERF_OUTPUT,1566,63,273345
SWAY_PERF_OUTPUT,1567,61,273346
SWAY_PERF_OUTPUT,1568,62,273347
SWAY_PERF_OUTPUT,1569,62,273348
SWAY_PERF_OUTPUT,1570,63,273349
SWAY_PERF_OUTPUT,1571,61,273350
SWAY_PERF_OUTPUT,1572,62,273351
SWAY_PERF_OUTPUT,1573,62,273352
SWAY_PERF_OUTPUT,1574,63,273353
SWAY_PERF_OUTPUT,1575,60,273354
SWAY_PERF_OUTPUT,1576,63,273355
SWAY_PERF_OUTPUT,1577,-7,273356
SWAY_PERF_OUTPUT,1578,2,273357
SWAY_PERF_OUTPUT,1579,13,273358
SWAY_PERF_OUTPUT,1580,17,273359
SWAY_PERF_OUTPUT,1581,9,273360
SWAY_PERF_OUTPUT,1582,5,273361
SWAY_PERF_OUTPUT,1583,2,273362
SWAY_PERF_OUTPUT,1584,9,273363
SWAY_PERF_OUTPUT,1585,2,273364
SWAY_PERF_OUTPUT,1586,-4,273365
SWAY_PERF_OUTPUT,1587,-7,273366
SWAY_PERF_OUTPUT,1588,-17,273367
SWAY_PERF_OUTPUT,1589,-28,273368
SWAY_PERF_OUTPUT,1590,-29,273369
SWAY_PERF_OUTPUT,1591,-7,273370
SWAY_PERF_OUTPUT,1592,-16,273371
SWAY_PERF_OUTPUT,1593,-27,273372
SWAY_PERF_OUTPUT,1594,-29,273373
SWAY_PERF_OUTPUT,1595,10,273374
SWAY_PERF_FRAME,27,273318,273374
SWAY_PROFILE,block0_in,28,15,273413
SWAY_PROFILE,block1_in,28,10,273413
SWAY_PROFILE,embedding_in,29,1,273415
SWAY_PROFILE,head_in,28,6,273415
SWAY_PROFILE,patch_ready,29,2,273416
SWAY_PROFILE,block0_in,29,0,274003
SWAY_PROFILE,block1_in,28,11,274003
SWAY_PROFILE,embedding_in,29,2,274005
SWAY_PROFILE,head_in,28,7,274005
SWAY_PROFILE,patch_ready,29,3,274006
SWAY_PROFILE,block0_in,29,1,274595
SWAY_PROFILE,block1_in,28,12,274595
SWAY_PROFILE,embedding_in,29,3,274597
SWAY_PROFILE,head_in,28,8,274597
SWAY_PROFILE,patch_ready,29,4,274598
SWAY_PROFILE,block0_in,29,2,275185
SWAY_PROFILE,block1_in,28,13,275185
SWAY_PROFILE,embedding_in,29,4,275187
SWAY_PROFILE,head_in,28,9,275187
SWAY_PROFILE,patch_ready,29,5,275188
SWAY_PROFILE,block0_in,29,3,275775
SWAY_PROFILE,block1_in,28,14,275775
SWAY_PROFILE,embedding_in,29,5,275777
SWAY_PROFILE,head_in,28,10,275777
SWAY_PROFILE,patch_ready,29,6,275778
SWAY_PROFILE,block0_in,29,4,276365
SWAY_PROFILE,block1_in,28,15,276365
SWAY_PROFILE,embedding_in,29,6,276367
SWAY_PROFILE,head_in,28,11,276367
SWAY_PROFILE,patch_ready,29,7,276368
SWAY_PROFILE,block0_in,29,5,276957
SWAY_PROFILE,block1_in,29,0,276957
SWAY_PROFILE,embedding_in,29,7,276959
SWAY_PROFILE,head_in,28,12,276959
SWAY_PROFILE,patch_ready,29,8,276960
SWAY_PROFILE,block0_in,29,6,277547
SWAY_PROFILE,block1_in,29,1,277547
SWAY_PROFILE,embedding_in,29,8,277549
SWAY_PROFILE,head_in,28,13,277549
SWAY_PROFILE,patch_ready,29,9,277550
SWAY_PROFILE,block0_in,29,7,278137
SWAY_PROFILE,block1_in,29,2,278137
SWAY_PROFILE,embedding_in,29,9,278139
SWAY_PROFILE,head_in,28,14,278139
SWAY_PROFILE,patch_ready,29,10,278140
SWAY_PROFILE,block0_in,29,8,278727
SWAY_PROFILE,block1_in,29,3,278727
SWAY_PROFILE,embedding_in,29,10,278729
SWAY_PROFILE,head_in,28,15,278729
SWAY_PROFILE,patch_ready,29,11,278730
SWAY_PROFILE,block0_in,29,9,279319
SWAY_PROFILE,block1_in,29,4,279319
SWAY_PROFILE,embedding_in,29,11,279321
SWAY_PROFILE,head_in,29,0,279321
SWAY_PROFILE,patch_ready,29,12,279322
SWAY_PROFILE,block0_in,29,10,279909
SWAY_PROFILE,block1_in,29,5,279909
SWAY_PROFILE,embedding_in,29,12,279911
SWAY_PROFILE,head_in,29,1,279911
SWAY_PROFILE,patch_ready,29,13,279912
SWAY_PROFILE,block0_in,29,11,280499
SWAY_PROFILE,block1_in,29,6,280499
SWAY_PROFILE,embedding_in,29,13,280501
SWAY_PROFILE,head_in,29,2,280501
SWAY_PROFILE,patch_ready,29,14,280502
SWAY_PROFILE,block0_in,29,12,281089
SWAY_PROFILE,block1_in,29,7,281089
SWAY_PROFILE,embedding_in,29,14,281091
SWAY_PROFILE,head_in,29,3,281091
SWAY_PROFILE,patch_ready,29,15,281092
SWAY_PERF_INPUT_FRAME,31,271935,281382
SWAY_PROFILE,block0_in,29,13,281681
SWAY_PROFILE,block1_in,29,8,281681
SWAY_PROFILE,embedding_in,29,15,281683
SWAY_PROFILE,head_in,29,4,281683
SWAY_PROFILE,patch_ready,30,0,281684
SWAY_PROFILE,head_output_in,28,0,282022
SWAY_PROFILE,block0_in,29,14,282271
SWAY_PROFILE,block1_in,29,9,282271
SWAY_PROFILE,embedding_in,30,0,282273
SWAY_PROFILE,head_in,29,5,282273
SWAY_PROFILE,patch_ready,30,1,282274
SWAY_PROFILE,serialize_in,28,0,282764
SWAY_PERF_OUTPUT,1596,7,282766
SWAY_PERF_OUTPUT,1597,7,282767
SWAY_PERF_OUTPUT,1598,6,282768
SWAY_PERF_OUTPUT,1599,6,282769
SWAY_PERF_OUTPUT,1600,12,282770
SWAY_PERF_OUTPUT,1601,16,282771
SWAY_PERF_OUTPUT,1602,19,282772
SWAY_PERF_OUTPUT,1603,1,282773
SWAY_PERF_OUTPUT,1604,-2,282774
SWAY_PERF_OUTPUT,1605,-3,282775
SWAY_PERF_OUTPUT,1606,9,282776
SWAY_PERF_OUTPUT,1607,10,282777
SWAY_PERF_OUTPUT,1608,11,282778
SWAY_PERF_OUTPUT,1609,11,282779
SWAY_PERF_OUTPUT,1610,4,282780
SWAY_PERF_OUTPUT,1611,2,282781
SWAY_PERF_OUTPUT,1612,0,282782
SWAY_PERF_OUTPUT,1613,0,282783
SWAY_PERF_OUTPUT,1614,7,282784
SWAY_PERF_OUTPUT,1615,63,282785
SWAY_PERF_OUTPUT,1616,63,282786
SWAY_PERF_OUTPUT,1617,63,282787
SWAY_PERF_OUTPUT,1618,62,282788
SWAY_PERF_OUTPUT,1619,62,282789
SWAY_PERF_OUTPUT,1620,63,282790
SWAY_PERF_OUTPUT,1621,61,282791
SWAY_PERF_OUTPUT,1622,62,282792
SWAY_PERF_OUTPUT,1623,63,282793
SWAY_PERF_OUTPUT,1624,61,282794
SWAY_PERF_OUTPUT,1625,62,282795
SWAY_PERF_OUTPUT,1626,62,282796
SWAY_PERF_OUTPUT,1627,63,282797
SWAY_PERF_OUTPUT,1628,61,282798
SWAY_PERF_OUTPUT,1629,62,282799
SWAY_PERF_OUTPUT,1630,62,282800
SWAY_PERF_OUTPUT,1631,63,282801
SWAY_PERF_OUTPUT,1632,60,282802
SWAY_PERF_OUTPUT,1633,63,282803
SWAY_PERF_OUTPUT,1634,-7,282804
SWAY_PERF_OUTPUT,1635,2,282805
SWAY_PERF_OUTPUT,1636,13,282806
SWAY_PERF_OUTPUT,1637,17,282807
SWAY_PERF_OUTPUT,1638,9,282808
SWAY_PERF_OUTPUT,1639,5,282809
SWAY_PERF_OUTPUT,1640,2,282810
SWAY_PERF_OUTPUT,1641,9,282811
SWAY_PERF_OUTPUT,1642,2,282812
SWAY_PERF_OUTPUT,1643,-4,282813
SWAY_PERF_OUTPUT,1644,-7,282814
SWAY_PERF_OUTPUT,1645,-17,282815
SWAY_PERF_OUTPUT,1646,-28,282816
SWAY_PERF_OUTPUT,1647,-29,282817
SWAY_PERF_OUTPUT,1648,-7,282818
SWAY_PERF_OUTPUT,1649,-16,282819
SWAY_PERF_OUTPUT,1650,-27,282820
SWAY_PERF_OUTPUT,1651,-29,282821
SWAY_PERF_OUTPUT,1652,10,282822
SWAY_PERF_FRAME,28,282766,282822
SWAY_PROFILE,block0_in,29,15,282861
SWAY_PROFILE,block1_in,29,10,282861
SWAY_PROFILE,embedding_in,30,1,282863
SWAY_PROFILE,head_in,29,6,282863
SWAY_PROFILE,patch_ready,30,2,282864
SWAY_PROFILE,block0_in,30,0,283451
SWAY_PROFILE,block1_in,29,11,283451
SWAY_PROFILE,embedding_in,30,2,283453
SWAY_PROFILE,head_in,29,7,283453
SWAY_PROFILE,patch_ready,30,3,283454
SWAY_PROFILE,block0_in,30,1,284043
SWAY_PROFILE,block1_in,29,12,284043
SWAY_PROFILE,embedding_in,30,3,284045
SWAY_PROFILE,head_in,29,8,284045
SWAY_PROFILE,patch_ready,30,4,284046
SWAY_PROFILE,block0_in,30,2,284633
SWAY_PROFILE,block1_in,29,13,284633
SWAY_PROFILE,embedding_in,30,4,284635
SWAY_PROFILE,head_in,29,9,284635
SWAY_PROFILE,patch_ready,30,5,284636
SWAY_PROFILE,block0_in,30,3,285223
SWAY_PROFILE,block1_in,29,14,285223
SWAY_PROFILE,embedding_in,30,5,285225
SWAY_PROFILE,head_in,29,10,285225
SWAY_PROFILE,patch_ready,30,6,285226
SWAY_PROFILE,block0_in,30,4,285813
SWAY_PROFILE,block1_in,29,15,285813
SWAY_PROFILE,embedding_in,30,6,285815
SWAY_PROFILE,head_in,29,11,285815
SWAY_PROFILE,patch_ready,30,7,285816
SWAY_PROFILE,block0_in,30,5,286405
SWAY_PROFILE,block1_in,30,0,286405
SWAY_PROFILE,embedding_in,30,7,286407
SWAY_PROFILE,head_in,29,12,286407
SWAY_PROFILE,patch_ready,30,8,286408
SWAY_PROFILE,block0_in,30,6,286995
SWAY_PROFILE,block1_in,30,1,286995
SWAY_PROFILE,embedding_in,30,8,286997
SWAY_PROFILE,head_in,29,13,286997
SWAY_PROFILE,patch_ready,30,9,286998
SWAY_PROFILE,block0_in,30,7,287585
SWAY_PROFILE,block1_in,30,2,287585
SWAY_PROFILE,embedding_in,30,9,287587
SWAY_PROFILE,head_in,29,14,287587
SWAY_PROFILE,patch_ready,30,10,287588
SWAY_PROFILE,block0_in,30,8,288175
SWAY_PROFILE,block1_in,30,3,288175
SWAY_PROFILE,embedding_in,30,10,288177
SWAY_PROFILE,head_in,29,15,288177
SWAY_PROFILE,patch_ready,30,11,288178
SWAY_PROFILE,block0_in,30,9,288767
SWAY_PROFILE,block1_in,30,4,288767
SWAY_PROFILE,embedding_in,30,11,288769
SWAY_PROFILE,head_in,30,0,288769
SWAY_PROFILE,patch_ready,30,12,288770
SWAY_PROFILE,block0_in,30,10,289357
SWAY_PROFILE,block1_in,30,5,289357
SWAY_PROFILE,embedding_in,30,12,289359
SWAY_PROFILE,head_in,30,1,289359
SWAY_PROFILE,patch_ready,30,13,289360
SWAY_PROFILE,block0_in,30,11,289947
SWAY_PROFILE,block1_in,30,6,289947
SWAY_PROFILE,embedding_in,30,13,289949
SWAY_PROFILE,head_in,30,2,289949
SWAY_PROFILE,patch_ready,30,14,289950
SWAY_PROFILE,block0_in,30,12,290537
SWAY_PROFILE,block1_in,30,7,290537
SWAY_PROFILE,embedding_in,30,14,290539
SWAY_PROFILE,head_in,30,3,290539
SWAY_PROFILE,patch_ready,30,15,290540
SWAY_PERF_INPUT_FRAME,32,281383,290830
SWAY_PROFILE,block0_in,30,13,291129
SWAY_PROFILE,block1_in,30,8,291129
SWAY_PROFILE,embedding_in,30,15,291131
SWAY_PROFILE,head_in,30,4,291131
SWAY_PROFILE,patch_ready,31,0,291132
SWAY_PROFILE,head_output_in,29,0,291470
SWAY_PROFILE,block0_in,30,14,291719
SWAY_PROFILE,block1_in,30,9,291719
SWAY_PROFILE,embedding_in,31,0,291721
SWAY_PROFILE,head_in,30,5,291721
SWAY_PROFILE,patch_ready,31,1,291722
SWAY_PROFILE,serialize_in,29,0,292212
SWAY_PERF_OUTPUT,1653,7,292214
SWAY_PERF_OUTPUT,1654,8,292215
SWAY_PERF_OUTPUT,1655,8,292216
SWAY_PERF_OUTPUT,1656,8,292217
SWAY_PERF_OUTPUT,1657,13,292218
SWAY_PERF_OUTPUT,1658,17,292219
SWAY_PERF_OUTPUT,1659,20,292220
SWAY_PERF_OUTPUT,1660,2,292221
SWAY_PERF_OUTPUT,1661,-2,292222
SWAY_PERF_OUTPUT,1662,-5,292223
SWAY_PERF_OUTPUT,1663,10,292224
SWAY_PERF_OUTPUT,1664,11,292225
SWAY_PERF_OUTPUT,1665,10,292226
SWAY_PERF_OUTPUT,1666,11,292227
SWAY_PERF_OUTPUT,1667,5,292228
SWAY_PERF_OUTPUT,1668,3,292229
SWAY_PERF_OUTPUT,1669,0,292230
SWAY_PERF_OUTPUT,1670,0,292231
SWAY_PERF_OUTPUT,1671,8,292232
SWAY_PERF_OUTPUT,1672,62,292233
SWAY_PERF_OUTPUT,1673,62,292234
SWAY_PERF_OUTPUT,1674,62,292235
SWAY_PERF_OUTPUT,1675,62,292236
SWAY_PERF_OUTPUT,1676,62,292237
SWAY_PERF_OUTPUT,1677,62,292238
SWAY_PERF_OUTPUT,1678,60,292239
SWAY_PERF_OUTPUT,1679,61,292240
SWAY_PERF_OUTPUT,1680,61,292241
SWAY_PERF_OUTPUT,1681,60,292242
SWAY_PERF_OUTPUT,1682,61,292243
SWAY_PERF_OUTPUT,1683,60,292244
SWAY_PERF_OUTPUT,1684,62,292245
SWAY_PERF_OUTPUT,1685,59,292246
SWAY_PERF_OUTPUT,1686,61,292247
SWAY_PERF_OUTPUT,1687,61,292248
SWAY_PERF_OUTPUT,1688,64,292249
SWAY_PERF_OUTPUT,1689,60,292250
SWAY_PERF_OUTPUT,1690,62,292251
SWAY_PERF_OUTPUT,1691,-6,292252
SWAY_PERF_OUTPUT,1692,4,292253
SWAY_PERF_OUTPUT,1693,14,292254
SWAY_PERF_OUTPUT,1694,18,292255
SWAY_PERF_OUTPUT,1695,10,292256
SWAY_PERF_OUTPUT,1696,6,292257
SWAY_PERF_OUTPUT,1697,-1,292258
SWAY_PERF_OUTPUT,1698,10,292259
SWAY_PERF_OUTPUT,1699,4,292260
SWAY_PERF_OUTPUT,1700,-1,292261
SWAY_PERF_OUTPUT,1701,-5,292262
SWAY_PERF_OUTPUT,1702,-16,292263
SWAY_PERF_OUTPUT,1703,-26,292264
SWAY_PERF_OUTPUT,1704,-29,292265
SWAY_PERF_OUTPUT,1705,-6,292266
SWAY_PERF_OUTPUT,1706,-15,292267
SWAY_PERF_OUTPUT,1707,-26,292268
SWAY_PERF_OUTPUT,1708,-28,292269
SWAY_PERF_OUTPUT,1709,11,292270
SWAY_PERF_FRAME,29,292214,292270
SWAY_PROFILE,block0_in,30,15,292309
SWAY_PROFILE,block1_in,30,10,292309
SWAY_PROFILE,embedding_in,31,1,292311
SWAY_PROFILE,head_in,30,6,292311
SWAY_PROFILE,patch_ready,31,2,292312
SWAY_PROFILE,block0_in,31,0,292899
SWAY_PROFILE,block1_in,30,11,292899
SWAY_PROFILE,embedding_in,31,2,292901
SWAY_PROFILE,head_in,30,7,292901
SWAY_PROFILE,patch_ready,31,3,292902
SWAY_PROFILE,block0_in,31,1,293491
SWAY_PROFILE,block1_in,30,12,293491
SWAY_PROFILE,embedding_in,31,3,293493
SWAY_PROFILE,head_in,30,8,293493
SWAY_PROFILE,patch_ready,31,4,293494
SWAY_PROFILE,block0_in,31,2,294081
SWAY_PROFILE,block1_in,30,13,294081
SWAY_PROFILE,embedding_in,31,4,294083
SWAY_PROFILE,head_in,30,9,294083
SWAY_PROFILE,patch_ready,31,5,294084
SWAY_PROFILE,block0_in,31,3,294671
SWAY_PROFILE,block1_in,30,14,294671
SWAY_PROFILE,embedding_in,31,5,294673
SWAY_PROFILE,head_in,30,10,294673
SWAY_PROFILE,patch_ready,31,6,294674
SWAY_PROFILE,block0_in,31,4,295261
SWAY_PROFILE,block1_in,30,15,295261
SWAY_PROFILE,embedding_in,31,6,295263
SWAY_PROFILE,head_in,30,11,295263
SWAY_PROFILE,patch_ready,31,7,295264
SWAY_PROFILE,block0_in,31,5,295853
SWAY_PROFILE,block1_in,31,0,295853
SWAY_PROFILE,embedding_in,31,7,295855
SWAY_PROFILE,head_in,30,12,295855
SWAY_PROFILE,patch_ready,31,8,295856
SWAY_PROFILE,block0_in,31,6,296443
SWAY_PROFILE,block1_in,31,1,296443
SWAY_PROFILE,embedding_in,31,8,296445
SWAY_PROFILE,head_in,30,13,296445
SWAY_PROFILE,patch_ready,31,9,296446
SWAY_PROFILE,block0_in,31,7,297033
SWAY_PROFILE,block1_in,31,2,297033
SWAY_PROFILE,embedding_in,31,9,297035
SWAY_PROFILE,head_in,30,14,297035
SWAY_PROFILE,patch_ready,31,10,297036
SWAY_PROFILE,block0_in,31,8,297623
SWAY_PROFILE,block1_in,31,3,297623
SWAY_PROFILE,embedding_in,31,10,297625
SWAY_PROFILE,head_in,30,15,297625
SWAY_PROFILE,patch_ready,31,11,297626
SWAY_PROFILE,block0_in,31,9,298215
SWAY_PROFILE,block1_in,31,4,298215
SWAY_PROFILE,embedding_in,31,11,298217
SWAY_PROFILE,head_in,31,0,298217
SWAY_PROFILE,patch_ready,31,12,298218
SWAY_PROFILE,block0_in,31,10,298805
SWAY_PROFILE,block1_in,31,5,298805
SWAY_PROFILE,embedding_in,31,12,298807
SWAY_PROFILE,head_in,31,1,298807
SWAY_PROFILE,patch_ready,31,13,298808
SWAY_PROFILE,block0_in,31,11,299395
SWAY_PROFILE,block1_in,31,6,299395
SWAY_PROFILE,embedding_in,31,13,299397
SWAY_PROFILE,head_in,31,2,299397
SWAY_PROFILE,patch_ready,31,14,299398
SWAY_PROFILE,block0_in,31,12,299985
SWAY_PROFILE,block1_in,31,7,299985
SWAY_PROFILE,embedding_in,31,14,299987
SWAY_PROFILE,head_in,31,3,299987
SWAY_PROFILE,patch_ready,31,15,299988
SWAY_PERF_INPUT_FRAME,33,290831,300278
SWAY_PROFILE,block0_in,31,13,300577
SWAY_PROFILE,block1_in,31,8,300577
SWAY_PROFILE,embedding_in,31,15,300579
SWAY_PROFILE,head_in,31,4,300579
SWAY_PROFILE,patch_ready,32,0,300580
SWAY_PROFILE,head_output_in,30,0,300918
SWAY_PROFILE,block0_in,31,14,301167
SWAY_PROFILE,block1_in,31,9,301167
SWAY_PROFILE,embedding_in,32,0,301169
SWAY_PROFILE,head_in,31,5,301169
SWAY_PROFILE,patch_ready,32,1,301170
SWAY_PROFILE,serialize_in,30,0,301660
SWAY_PERF_OUTPUT,1710,8,301662
SWAY_PERF_OUTPUT,1711,9,301663
SWAY_PERF_OUTPUT,1712,8,301664
SWAY_PERF_OUTPUT,1713,9,301665
SWAY_PERF_OUTPUT,1714,13,301666
SWAY_PERF_OUTPUT,1715,16,301667
SWAY_PERF_OUTPUT,1716,15,301668
SWAY_PERF_OUTPUT,1717,4,301669
SWAY_PERF_OUTPUT,1718,1,301670
SWAY_PERF_OUTPUT,1719,0,301671
SWAY_PERF_OUTPUT,1720,10,301672
SWAY_PERF_OUTPUT,1721,10,301673
SWAY_PERF_OUTPUT,1722,8,301674
SWAY_PERF_OUTPUT,1723,8,301675
SWAY_PERF_OUTPUT,1724,6,301676
SWAY_PERF_OUTPUT,1725,4,301677
SWAY_PERF_OUTPUT,1726,2,301678
SWAY_PERF_OUTPUT,1727,1,301679
SWAY_PERF_OUTPUT,1728,9,301680
SWAY_PERF_OUTPUT,1729,63,301681
SWAY_PERF_OUTPUT,1730,63,301682
SWAY_PERF_OUTPUT,1731,63,301683
SWAY_PERF_OUTPUT,1732,63,301684
SWAY_PERF_OUTPUT,1733,62,301685
SWAY_PERF_OUTPUT,1734,62,301686
SWAY_PERF_OUTPUT,1735,60,301687
SWAY_PERF_OUTPUT,1736,62,301688
SWAY_PERF_OUTPUT,1737,64,301689
SWAY_PERF_OUTPUT,1738,62,301690
SWAY_PERF_OUTPUT,1739,62,301691
SWAY_PERF_OUTPUT,1740,62,301692
SWAY_PERF_OUTPUT,1741,63,301693
SWAY_PERF_OUTPUT,1742,62,301694
SWAY_PERF_OUTPUT,1743,62,301695
SWAY_PERF_OUTPUT,1744,62,301696
SWAY_PERF_OUTPUT,1745,63,301697
SWAY_PERF_OUTPUT,1746,59,301698
SWAY_PERF_OUTPUT,1747,63,301699
SWAY_PERF_OUTPUT,1748,-8,301700
SWAY_PERF_OUTPUT,1749,2,301701
SWAY_PERF_OUTPUT,1750,13,301702
SWAY_PERF_OUTPUT,1751,17,301703
SWAY_PERF_OUTPUT,1752,9,301704
SWAY_PERF_OUTPUT,1753,2,301705
SWAY_PERF_OUTPUT,1754,-4,301706
SWAY_PERF_OUTPUT,1755,8,301707
SWAY_PERF_OUTPUT,1756,2,301708
SWAY_PERF_OUTPUT,1757,-4,301709
SWAY_PERF_OUTPUT,1758,-7,301710
SWAY_PERF_OUTPUT,1759,-17,301711
SWAY_PERF_OUTPUT,1760,-28,301712
SWAY_PERF_OUTPUT,1761,-30,301713
SWAY_PERF_OUTPUT,1762,-7,301714
SWAY_PERF_OUTPUT,1763,-16,301715
SWAY_PERF_OUTPUT,1764,-26,301716
SWAY_PERF_OUTPUT,1765,-29,301717
SWAY_PERF_OUTPUT,1766,10,301718
SWAY_PERF_FRAME,30,301662,301718
SWAY_PROFILE,block0_in,31,15,301757
SWAY_PROFILE,block1_in,31,10,301757
SWAY_PROFILE,embedding_in,32,1,301759
SWAY_PROFILE,head_in,31,6,301759
SWAY_PROFILE,patch_ready,32,2,301760
SWAY_PROFILE,block0_in,32,0,302347
SWAY_PROFILE,block1_in,31,11,302347
SWAY_PROFILE,embedding_in,32,2,302349
SWAY_PROFILE,head_in,31,7,302349
SWAY_PROFILE,patch_ready,32,3,302350
SWAY_PROFILE,block0_in,32,1,302939
SWAY_PROFILE,block1_in,31,12,302939
SWAY_PROFILE,embedding_in,32,3,302941
SWAY_PROFILE,head_in,31,8,302941
SWAY_PROFILE,patch_ready,32,4,302942
SWAY_PROFILE,block0_in,32,2,303529
SWAY_PROFILE,block1_in,31,13,303529
SWAY_PROFILE,embedding_in,32,4,303531
SWAY_PROFILE,head_in,31,9,303531
SWAY_PROFILE,patch_ready,32,5,303532
SWAY_PROFILE,block0_in,32,3,304119
SWAY_PROFILE,block1_in,31,14,304119
SWAY_PROFILE,embedding_in,32,5,304121
SWAY_PROFILE,head_in,31,10,304121
SWAY_PROFILE,patch_ready,32,6,304122
SWAY_PROFILE,block0_in,32,4,304709
SWAY_PROFILE,block1_in,31,15,304709
SWAY_PROFILE,embedding_in,32,6,304711
SWAY_PROFILE,head_in,31,11,304711
SWAY_PROFILE,patch_ready,32,7,304712
SWAY_PROFILE,block0_in,32,5,305301
SWAY_PROFILE,block1_in,32,0,305301
SWAY_PROFILE,embedding_in,32,7,305303
SWAY_PROFILE,head_in,31,12,305303
SWAY_PROFILE,patch_ready,32,8,305304
SWAY_PROFILE,block0_in,32,6,305891
SWAY_PROFILE,block1_in,32,1,305891
SWAY_PROFILE,embedding_in,32,8,305893
SWAY_PROFILE,head_in,31,13,305893
SWAY_PROFILE,patch_ready,32,9,305894
SWAY_PROFILE,block0_in,32,7,306481
SWAY_PROFILE,block1_in,32,2,306481
SWAY_PROFILE,embedding_in,32,9,306483
SWAY_PROFILE,head_in,31,14,306483
SWAY_PROFILE,patch_ready,32,10,306484
SWAY_PROFILE,block0_in,32,8,307071
SWAY_PROFILE,block1_in,32,3,307071
SWAY_PROFILE,embedding_in,32,10,307073
SWAY_PROFILE,head_in,31,15,307073
SWAY_PROFILE,patch_ready,32,11,307074
SWAY_PROFILE,block0_in,32,9,307663
SWAY_PROFILE,block1_in,32,4,307663
SWAY_PROFILE,embedding_in,32,11,307665
SWAY_PROFILE,head_in,32,0,307665
SWAY_PROFILE,patch_ready,32,12,307666
SWAY_PROFILE,block0_in,32,10,308253
SWAY_PROFILE,block1_in,32,5,308253
SWAY_PROFILE,embedding_in,32,12,308255
SWAY_PROFILE,head_in,32,1,308255
SWAY_PROFILE,patch_ready,32,13,308256
SWAY_PROFILE,block0_in,32,11,308843
SWAY_PROFILE,block1_in,32,6,308843
SWAY_PROFILE,embedding_in,32,13,308845
SWAY_PROFILE,head_in,32,2,308845
SWAY_PROFILE,patch_ready,32,14,308846
SWAY_PROFILE,block0_in,32,12,309433
SWAY_PROFILE,block1_in,32,7,309433
SWAY_PROFILE,embedding_in,32,14,309435
SWAY_PROFILE,head_in,32,3,309435
SWAY_PROFILE,patch_ready,32,15,309436
SWAY_PERF_INPUT_FRAME,34,300279,309726
SWAY_PROFILE,block0_in,32,13,310025
SWAY_PROFILE,block1_in,32,8,310025
SWAY_PROFILE,embedding_in,32,15,310027
SWAY_PROFILE,head_in,32,4,310027
SWAY_PROFILE,patch_ready,33,0,310028
SWAY_PROFILE,head_output_in,31,0,310366
SWAY_PROFILE,block0_in,32,14,310615
SWAY_PROFILE,block1_in,32,9,310615
SWAY_PROFILE,embedding_in,33,0,310617
SWAY_PROFILE,head_in,32,5,310617
SWAY_PROFILE,patch_ready,33,1,310618
SWAY_PROFILE,serialize_in,31,0,311108
SWAY_PERF_OUTPUT,1767,7,311110
SWAY_PERF_OUTPUT,1768,7,311111
SWAY_PERF_OUTPUT,1769,6,311112
SWAY_PERF_OUTPUT,1770,7,311113
SWAY_PERF_OUTPUT,1771,13,311114
SWAY_PERF_OUTPUT,1772,17,311115
SWAY_PERF_OUTPUT,1773,20,311116
SWAY_PERF_OUTPUT,1774,1,311117
SWAY_PERF_OUTPUT,1775,-3,311118
SWAY_PERF_OUTPUT,1776,-4,311119
SWAY_PERF_OUTPUT,1777,10,311120
SWAY_PERF_OUTPUT,1778,11,311121
SWAY_PERF_OUTPUT,1779,13,311122
SWAY_PERF_OUTPUT,1780,13,311123
SWAY_PERF_OUTPUT,1781,5,311124
SWAY_PERF_OUTPUT,1782,4,311125
SWAY_PERF_OUTPUT,1783,2,311126
SWAY_PERF_OUTPUT,1784,2,311127
SWAY_PERF_OUTPUT,1785,7,311128
SWAY_PERF_OUTPUT,1786,62,311129
SWAY_PERF_OUTPUT,1787,62,311130
SWAY_PERF_OUTPUT,1788,62,311131
SWAY_PERF_OUTPUT,1789,61,311132
SWAY_PERF_OUTPUT,1790,63,311133
SWAY_PERF_OUTPUT,1791,65,311134
SWAY_PERF_OUTPUT,1792,62,311135
SWAY_PERF_OUTPUT,1793,60,311136
SWAY_PERF_OUTPUT,1794,59,311137
SWAY_PERF_OUTPUT,1795,57,311138
SWAY_PERF_OUTPUT,1796,60,311139
SWAY_PERF_OUTPUT,1797,60,311140
SWAY_PERF_OUTPUT,1798,59,311141
SWAY_PERF_OUTPUT,1799,56,311142
SWAY_PERF_OUTPUT,1800,60,311143
SWAY_PERF_OUTPUT,1801,63,311144
SWAY_PERF_OUTPUT,1802,65,311145
SWAY_PERF_OUTPUT,1803,62,311146
SWAY_PERF_OUTPUT,1804,62,311147
SWAY_PERF_OUTPUT,1805,-3,311148
SWAY_PERF_OUTPUT,1806,7,311149
SWAY_PERF_OUTPUT,1807,17,311150
SWAY_PERF_OUTPUT,1808,22,311151
SWAY_PERF_OUTPUT,1809,14,311152
SWAY_PERF_OUTPUT,1810,10,311153
SWAY_PERF_OUTPUT,1811,8,311154
SWAY_PERF_OUTPUT,1812,14,311155
SWAY_PERF_OUTPUT,1813,8,311156
SWAY_PERF_OUTPUT,1814,4,311157
SWAY_PERF_OUTPUT,1815,-2,311158
SWAY_PERF_OUTPUT,1816,-15,311159
SWAY_PERF_OUTPUT,1817,-26,311160
SWAY_PERF_OUTPUT,1818,-28,311161
SWAY_PERF_OUTPUT,1819,-3,311162
SWAY_PERF_OUTPUT,1820,-15,311163
SWAY_PERF_OUTPUT,1821,-26,311164
SWAY_PERF_OUTPUT,1822,-28,311165
SWAY_PERF_OUTPUT,1823,15,311166
SWAY_PERF_FRAME,31,311110,311166
SWAY_PROFILE,block0_in,32,15,311205
SWAY_PROFILE,block1_in,32,10,311205
SWAY_PROFILE,embedding_in,33,1,311207
SWAY_PROFILE,head_in,32,6,311207
SWAY_PROFILE,patch_ready,33,2,311208
SWAY_PROFILE,block0_in,33,0,311795
SWAY_PROFILE,block1_in,32,11,311795
SWAY_PROFILE,embedding_in,33,2,311797
SWAY_PROFILE,head_in,32,7,311797
SWAY_PROFILE,patch_ready,33,3,311798
SWAY_PROFILE,block0_in,33,1,312387
SWAY_PROFILE,block1_in,32,12,312387
SWAY_PROFILE,embedding_in,33,3,312389
SWAY_PROFILE,head_in,32,8,312389
SWAY_PROFILE,patch_ready,33,4,312390
SWAY_PROFILE,block0_in,33,2,312977
SWAY_PROFILE,block1_in,32,13,312977
SWAY_PROFILE,embedding_in,33,4,312979
SWAY_PROFILE,head_in,32,9,312979
SWAY_PROFILE,patch_ready,33,5,312980
SWAY_PROFILE,block0_in,33,3,313567
SWAY_PROFILE,block1_in,32,14,313567
SWAY_PROFILE,embedding_in,33,5,313569
SWAY_PROFILE,head_in,32,10,313569
SWAY_PROFILE,patch_ready,33,6,313570
SWAY_PROFILE,block0_in,33,4,314157
SWAY_PROFILE,block1_in,32,15,314157
SWAY_PROFILE,embedding_in,33,6,314159
SWAY_PROFILE,head_in,32,11,314159
SWAY_PROFILE,patch_ready,33,7,314160
SWAY_PROFILE,block0_in,33,5,314749
SWAY_PROFILE,block1_in,33,0,314749
SWAY_PROFILE,embedding_in,33,7,314751
SWAY_PROFILE,head_in,32,12,314751
SWAY_PROFILE,patch_ready,33,8,314752
SWAY_PROFILE,block0_in,33,6,315339
SWAY_PROFILE,block1_in,33,1,315339
SWAY_PROFILE,embedding_in,33,8,315341
SWAY_PROFILE,head_in,32,13,315341
SWAY_PROFILE,patch_ready,33,9,315342
SWAY_PROFILE,block0_in,33,7,315929
SWAY_PROFILE,block1_in,33,2,315929
SWAY_PROFILE,embedding_in,33,9,315931
SWAY_PROFILE,head_in,32,14,315931
SWAY_PROFILE,patch_ready,33,10,315932
SWAY_PROFILE,block0_in,33,8,316519
SWAY_PROFILE,block1_in,33,3,316519
SWAY_PROFILE,embedding_in,33,10,316521
SWAY_PROFILE,head_in,32,15,316521
SWAY_PROFILE,patch_ready,33,11,316522
SWAY_PROFILE,block0_in,33,9,317111
SWAY_PROFILE,block1_in,33,4,317111
SWAY_PROFILE,embedding_in,33,11,317113
SWAY_PROFILE,head_in,33,0,317113
SWAY_PROFILE,patch_ready,33,12,317114
SWAY_PROFILE,block0_in,33,10,317701
SWAY_PROFILE,block1_in,33,5,317701
SWAY_PROFILE,embedding_in,33,12,317703
SWAY_PROFILE,head_in,33,1,317703
SWAY_PROFILE,patch_ready,33,13,317704
SWAY_PROFILE,block0_in,33,11,318291
SWAY_PROFILE,block1_in,33,6,318291
SWAY_PROFILE,embedding_in,33,13,318293
SWAY_PROFILE,head_in,33,2,318293
SWAY_PROFILE,patch_ready,33,14,318294
SWAY_PROFILE,block0_in,33,12,318881
SWAY_PROFILE,block1_in,33,7,318881
SWAY_PROFILE,embedding_in,33,14,318883
SWAY_PROFILE,head_in,33,3,318883
SWAY_PROFILE,patch_ready,33,15,318884
SWAY_PERF_INPUT_FRAME,35,309727,319174
SWAY_PROFILE,block0_in,33,13,319473
SWAY_PROFILE,block1_in,33,8,319473
SWAY_PROFILE,embedding_in,33,15,319475
SWAY_PROFILE,head_in,33,4,319475
SWAY_PROFILE,patch_ready,34,0,319476
SWAY_PROFILE,head_output_in,32,0,319814
SWAY_PROFILE,block0_in,33,14,320063
SWAY_PROFILE,block1_in,33,9,320063
SWAY_PROFILE,embedding_in,34,0,320065
SWAY_PROFILE,head_in,33,5,320065
SWAY_PROFILE,patch_ready,34,1,320066
SWAY_PROFILE,serialize_in,32,0,320556
SWAY_PERF_OUTPUT,1824,8,320558
SWAY_PERF_OUTPUT,1825,9,320559
SWAY_PERF_OUTPUT,1826,9,320560
SWAY_PERF_OUTPUT,1827,9,320561
SWAY_PERF_OUTPUT,1828,14,320562
SWAY_PERF_OUTPUT,1829,20,320563
SWAY_PERF_OUTPUT,1830,23,320564
SWAY_PERF_OUTPUT,1831,3,320565
SWAY_PERF_OUTPUT,1832,-4,320566
SWAY_PERF_OUTPUT,1833,-9,320567
SWAY_PERF_OUTPUT,1834,11,320568
SWAY_PERF_OUTPUT,1835,13,320569
SWAY_PERF_OUTPUT,1836,13,320570
SWAY_PERF_OUTPUT,1837,14,320571
SWAY_PERF_OUTPUT,1838,6,320572
SWAY_PERF_OUTPUT,1839,0,320573
SWAY_PERF_OUTPUT,1840,-5,320574
SWAY_PERF_OUTPUT,1841,-5,320575
SWAY_PERF_OUTPUT,1842,9,320576
SWAY_PERF_OUTPUT,1843,62,320577
SWAY_PERF_OUTPUT,1844,61,320578
SWAY_PERF_OUTPUT,1845,60,320579
SWAY_PERF_OUTPUT,1846,59,320580
SWAY_PERF_OUTPUT,1847,59,320581
SWAY_PERF_OUTPUT,1848,59,320582
SWAY_PERF_OUTPUT,1849,58,320583
SWAY_PERF_OUTPUT,1850,60,320584
SWAY_PERF_OUTPUT,1851,60,320585
SWAY_PERF_OUTPUT,1852,59,320586
SWAY_PERF_OUTPUT,1853,60,320587
SWAY_PERF_OUTPUT,1854,58,320588
SWAY_PERF_OUTPUT,1855,61,320589
SWAY_PERF_OUTPUT,1856,59,320590
SWAY_PERF_OUTPUT,1857,61,320591
SWAY_PERF_OUTPUT,1858,59,320592
SWAY_PERF_OUTPUT,1859,61,320593
SWAY_PERF_OUTPUT,1860,58,320594
SWAY_PERF_OUTPUT,1861,60,320595
SWAY_PERF_OUTPUT,1862,-8,320596
SWAY_PERF_OUTPUT,1863,2,320597
SWAY_PERF_OUTPUT,1864,11,320598
SWAY_PERF_OUTPUT,1865,15,320599
SWAY_PERF_OUTPUT,1866,8,320600
SWAY_PERF_OUTPUT,1867,6,320601
SWAY_PERF_OUTPUT,1868,5,320602
SWAY_PERF_OUTPUT,1869,8,320603
SWAY_PERF_OUTPUT,1870,6,320604
SWAY_PERF_OUTPUT,1871,8,320605
SWAY_PERF_OUTPUT,1872,-7,320606
SWAY_PERF_OUTPUT,1873,-16,320607
SWAY_PERF_OUTPUT,1874,-27,320608
SWAY_PERF_OUTPUT,1875,-29,320609
SWAY_PERF_OUTPUT,1876,-7,320610
SWAY_PERF_OUTPUT,1877,-14,320611
SWAY_PERF_OUTPUT,1878,-25,320612
SWAY_PERF_OUTPUT,1879,-27,320613
SWAY_PERF_OUTPUT,1880,9,320614
SWAY_PERF_FRAME,32,320558,320614
SWAY_PROFILE,block0_in,33,15,320653
SWAY_PROFILE,block1_in,33,10,320653
SWAY_PROFILE,embedding_in,34,1,320655
SWAY_PROFILE,head_in,33,6,320655
SWAY_PROFILE,patch_ready,34,2,320656
SWAY_PROFILE,block0_in,34,0,321243
SWAY_PROFILE,block1_in,33,11,321243
SWAY_PROFILE,embedding_in,34,2,321245
SWAY_PROFILE,head_in,33,7,321245
SWAY_PROFILE,patch_ready,34,3,321246
SWAY_PROFILE,block0_in,34,1,321835
SWAY_PROFILE,block1_in,33,12,321835
SWAY_PROFILE,embedding_in,34,3,321837
SWAY_PROFILE,head_in,33,8,321837
SWAY_PROFILE,patch_ready,34,4,321838
SWAY_PROFILE,block0_in,34,2,322425
SWAY_PROFILE,block1_in,33,13,322425
SWAY_PROFILE,embedding_in,34,4,322427
SWAY_PROFILE,head_in,33,9,322427
SWAY_PROFILE,patch_ready,34,5,322428
SWAY_PROFILE,block0_in,34,3,323015
SWAY_PROFILE,block1_in,33,14,323015
SWAY_PROFILE,embedding_in,34,5,323017
SWAY_PROFILE,head_in,33,10,323017
SWAY_PROFILE,patch_ready,34,6,323018
SWAY_PROFILE,block0_in,34,4,323605
SWAY_PROFILE,block1_in,33,15,323605
SWAY_PROFILE,embedding_in,34,6,323607
SWAY_PROFILE,head_in,33,11,323607
SWAY_PROFILE,patch_ready,34,7,323608
SWAY_PROFILE,block0_in,34,5,324197
SWAY_PROFILE,block1_in,34,0,324197
SWAY_PROFILE,embedding_in,34,7,324199
SWAY_PROFILE,head_in,33,12,324199
SWAY_PROFILE,patch_ready,34,8,324200
SWAY_PROFILE,block0_in,34,6,324787
SWAY_PROFILE,block1_in,34,1,324787
SWAY_PROFILE,embedding_in,34,8,324789
SWAY_PROFILE,head_in,33,13,324789
SWAY_PROFILE,patch_ready,34,9,324790
SWAY_PROFILE,block0_in,34,7,325377
SWAY_PROFILE,block1_in,34,2,325377
SWAY_PROFILE,embedding_in,34,9,325379
SWAY_PROFILE,head_in,33,14,325379
SWAY_PROFILE,patch_ready,34,10,325380
SWAY_PROFILE,block0_in,34,8,325967
SWAY_PROFILE,block1_in,34,3,325967
SWAY_PROFILE,embedding_in,34,10,325969
SWAY_PROFILE,head_in,33,15,325969
SWAY_PROFILE,patch_ready,34,11,325970
SWAY_PROFILE,block0_in,34,9,326559
SWAY_PROFILE,block1_in,34,4,326559
SWAY_PROFILE,embedding_in,34,11,326561
SWAY_PROFILE,head_in,34,0,326561
SWAY_PROFILE,patch_ready,34,12,326562
SWAY_PROFILE,block0_in,34,10,327149
SWAY_PROFILE,block1_in,34,5,327149
SWAY_PROFILE,embedding_in,34,12,327151
SWAY_PROFILE,head_in,34,1,327151
SWAY_PROFILE,patch_ready,34,13,327152
SWAY_PROFILE,block0_in,34,11,327739
SWAY_PROFILE,block1_in,34,6,327739
SWAY_PROFILE,embedding_in,34,13,327741
SWAY_PROFILE,head_in,34,2,327741
SWAY_PROFILE,patch_ready,34,14,327742
SWAY_PROFILE,block0_in,34,12,328329
SWAY_PROFILE,block1_in,34,7,328329
SWAY_PROFILE,embedding_in,34,14,328331
SWAY_PROFILE,head_in,34,3,328331
SWAY_PROFILE,patch_ready,34,15,328332
SWAY_PERF_INPUT_FRAME,36,319175,328622
SWAY_PROFILE,block0_in,34,13,328921
SWAY_PROFILE,block1_in,34,8,328921
SWAY_PROFILE,embedding_in,34,15,328923
SWAY_PROFILE,head_in,34,4,328923
SWAY_PROFILE,patch_ready,35,0,328924
SWAY_PROFILE,head_output_in,33,0,329262
SWAY_PROFILE,block0_in,34,14,329511
SWAY_PROFILE,block1_in,34,9,329511
SWAY_PROFILE,embedding_in,35,0,329513
SWAY_PROFILE,head_in,34,5,329513
SWAY_PROFILE,patch_ready,35,1,329514
SWAY_PROFILE,serialize_in,33,0,330004
SWAY_PERF_OUTPUT,1881,4,330006
SWAY_PERF_OUTPUT,1882,4,330007
SWAY_PERF_OUTPUT,1883,3,330008
SWAY_PERF_OUTPUT,1884,3,330009
SWAY_PERF_OUTPUT,1885,9,330010
SWAY_PERF_OUTPUT,1886,16,330011
SWAY_PERF_OUTPUT,1887,19,330012
SWAY_PERF_OUTPUT,1888,-2,330013
SWAY_PERF_OUTPUT,1889,-7,330014
SWAY_PERF_OUTPUT,1890,-8,330015
SWAY_PERF_OUTPUT,1891,7,330016
SWAY_PERF_OUTPUT,1892,11,330017
SWAY_PERF_OUTPUT,1893,13,330018
SWAY_PERF_OUTPUT,1894,14,330019
SWAY_PERF_OUTPUT,1895,2,330020
SWAY_PERF_OUTPUT,1896,-1,330021
SWAY_PERF_OUTPUT,1897,-2,330022
SWAY_PERF_OUTPUT,1898,-2,330023
SWAY_PERF_OUTPUT,1899,3,330024
SWAY_PERF_OUTPUT,1900,61,330025
SWAY_PERF_OUTPUT,1901,61,330026
SWAY_PERF_OUTPUT,1902,60,330027
SWAY_PERF_OUTPUT,1903,60,330028
SWAY_PERF_OUTPUT,1904,60,330029
SWAY_PERF_OUTPUT,1905,61,330030
SWAY_PERF_OUTPUT,1906,59,330031
SWAY_PERF_OUTPUT,1907,59,330032
SWAY_PERF_OUTPUT,1908,59,330033
SWAY_PERF_OUTPUT,1909,58,330034
SWAY_PERF_OUTPUT,1910,60,330035
SWAY_PERF_OUTPUT,1911,59,330036
SWAY_PERF_OUTPUT,1912,60,330037
SWAY_PERF_OUTPUT,1913,57,330038
SWAY_PERF_OUTPUT,1914,60,330039
SWAY_PERF_OUTPUT,1915,59,330040
SWAY_PERF_OUTPUT,1916,62,330041
SWAY_PERF_OUTPUT,1917,59,330042
SWAY_PERF_OUTPUT,1918,60,330043
SWAY_PERF_OUTPUT,1919,-6,330044
SWAY_PERF_OUTPUT,1920,4,330045
SWAY_PERF_OUTPUT,1921,14,330046
SWAY_PERF_OUTPUT,1922,18,330047
SWAY_PERF_OUTPUT,1923,11,330048
SWAY_PERF_OUTPUT,1924,10,330049
SWAY_PERF_OUTPUT,1925,11,330050
SWAY_PERF_OUTPUT,1926,10,330051
SWAY_PERF_OUTPUT,1927,6,330052
SWAY_PERF_OUTPUT,1928,5,330053
SWAY_PERF_OUTPUT,1929,-5,330054
SWAY_PERF_OUTPUT,1930,-15,330055
SWAY_PERF_OUTPUT,1931,-25,330056
SWAY_PERF_OUTPUT,1932,-28,330057
SWAY_PERF_OUTPUT,1933,-6,330058
SWAY_PERF_OUTPUT,1934,-15,330059
SWAY_PERF_OUTPUT,1935,-27,330060
SWAY_PERF_OUTPUT,1936,-29,330061
SWAY_PERF_OUTPUT,1937,12,330062
SWAY_PERF_FRAME,33,330006,330062
SWAY_PROFILE,block0_in,34,15,330101
SWAY_PROFILE,block1_in,34,10,330101
SWAY_PROFILE,embedding_in,35,1,330103
SWAY_PROFILE,head_in,34,6,330103
SWAY_PROFILE,patch_ready,35,2,330104
SWAY_PROFILE,block0_in,35,0,330691
SWAY_PROFILE,block1_in,34,11,330691
SWAY_PROFILE,embedding_in,35,2,330693
SWAY_PROFILE,head_in,34,7,330693
SWAY_PROFILE,patch_ready,35,3,330694
SWAY_PROFILE,block0_in,35,1,331283
SWAY_PROFILE,block1_in,34,12,331283
SWAY_PROFILE,embedding_in,35,3,331285
SWAY_PROFILE,head_in,34,8,331285
SWAY_PROFILE,patch_ready,35,4,331286
SWAY_PROFILE,block0_in,35,2,331873
SWAY_PROFILE,block1_in,34,13,331873
SWAY_PROFILE,embedding_in,35,4,331875
SWAY_PROFILE,head_in,34,9,331875
SWAY_PROFILE,patch_ready,35,5,331876
SWAY_PROFILE,block0_in,35,3,332463
SWAY_PROFILE,block1_in,34,14,332463
SWAY_PROFILE,embedding_in,35,5,332465
SWAY_PROFILE,head_in,34,10,332465
SWAY_PROFILE,patch_ready,35,6,332466
SWAY_PROFILE,block0_in,35,4,333053
SWAY_PROFILE,block1_in,34,15,333053
SWAY_PROFILE,embedding_in,35,6,333055
SWAY_PROFILE,head_in,34,11,333055
SWAY_PROFILE,patch_ready,35,7,333056
SWAY_PROFILE,block0_in,35,5,333645
SWAY_PROFILE,block1_in,35,0,333645
SWAY_PROFILE,embedding_in,35,7,333647
SWAY_PROFILE,head_in,34,12,333647
SWAY_PROFILE,patch_ready,35,8,333648
SWAY_PROFILE,block0_in,35,6,334235
SWAY_PROFILE,block1_in,35,1,334235
SWAY_PROFILE,embedding_in,35,8,334237
SWAY_PROFILE,head_in,34,13,334237
SWAY_PROFILE,patch_ready,35,9,334238
SWAY_PROFILE,block0_in,35,7,334825
SWAY_PROFILE,block1_in,35,2,334825
SWAY_PROFILE,embedding_in,35,9,334827
SWAY_PROFILE,head_in,34,14,334827
SWAY_PROFILE,patch_ready,35,10,334828
SWAY_PROFILE,block0_in,35,8,335415
SWAY_PROFILE,block1_in,35,3,335415
SWAY_PROFILE,embedding_in,35,10,335417
SWAY_PROFILE,head_in,34,15,335417
SWAY_PROFILE,patch_ready,35,11,335418
SWAY_PROFILE,block0_in,35,9,336007
SWAY_PROFILE,block1_in,35,4,336007
SWAY_PROFILE,embedding_in,35,11,336009
SWAY_PROFILE,head_in,35,0,336009
SWAY_PROFILE,patch_ready,35,12,336010
SWAY_PROFILE,block0_in,35,10,336597
SWAY_PROFILE,block1_in,35,5,336597
SWAY_PROFILE,embedding_in,35,12,336599
SWAY_PROFILE,head_in,35,1,336599
SWAY_PROFILE,patch_ready,35,13,336600
SWAY_PROFILE,block0_in,35,11,337187
SWAY_PROFILE,block1_in,35,6,337187
SWAY_PROFILE,embedding_in,35,13,337189
SWAY_PROFILE,head_in,35,2,337189
SWAY_PROFILE,patch_ready,35,14,337190
SWAY_PROFILE,block0_in,35,12,337777
SWAY_PROFILE,block1_in,35,7,337777
SWAY_PROFILE,embedding_in,35,14,337779
SWAY_PROFILE,head_in,35,3,337779
SWAY_PROFILE,patch_ready,35,15,337780
SWAY_PERF_INPUT_FRAME,37,328623,338070
SWAY_PROFILE,block0_in,35,13,338369
SWAY_PROFILE,block1_in,35,8,338369
SWAY_PROFILE,embedding_in,35,15,338371
SWAY_PROFILE,head_in,35,4,338371
SWAY_PROFILE,patch_ready,36,0,338372
SWAY_PROFILE,head_output_in,34,0,338710
SWAY_PROFILE,block0_in,35,14,338959
SWAY_PROFILE,block1_in,35,9,338959
SWAY_PROFILE,embedding_in,36,0,338961
SWAY_PROFILE,head_in,35,5,338961
SWAY_PROFILE,patch_ready,36,1,338962
SWAY_PROFILE,serialize_in,34,0,339452
SWAY_PERF_OUTPUT,1938,4,339454
SWAY_PERF_OUTPUT,1939,4,339455
SWAY_PERF_OUTPUT,1940,3,339456
SWAY_PERF_OUTPUT,1941,3,339457
SWAY_PERF_OUTPUT,1942,10,339458
SWAY_PERF_OUTPUT,1943,16,339459
SWAY_PERF_OUTPUT,1944,21,339460
SWAY_PERF_OUTPUT,1945,-3,339461
SWAY_PERF_OUTPUT,1946,-10,339462
SWAY_PERF_OUTPUT,1947,-15,339463
SWAY_PERF_OUTPUT,1948,7,339464
SWAY_PERF_OUTPUT,1949,11,339465
SWAY_PERF_OUTPUT,1950,15,339466
SWAY_PERF_OUTPUT,1951,15,339467
SWAY_PERF_OUTPUT,1952,2,339468
SWAY_PERF_OUTPUT,1953,-2,339469
SWAY_PERF_OUTPUT,1954,-5,339470
SWAY_PERF_OUTPUT,1955,-5,339471
SWAY_PERF_OUTPUT,1956,3,339472
SWAY_PERF_OUTPUT,1957,63,339473
SWAY_PERF_OUTPUT,1958,62,339474
SWAY_PERF_OUTPUT,1959,61,339475
SWAY_PERF_OUTPUT,1960,61,339476
SWAY_PERF_OUTPUT,1961,62,339477
SWAY_PERF_OUTPUT,1962,62,339478
SWAY_PERF_OUTPUT,1963,60,339479
SWAY_PERF_OUTPUT,1964,61,339480
SWAY_PERF_OUTPUT,1965,61,339481
SWAY_PERF_OUTPUT,1966,60,339482
SWAY_PERF_OUTPUT,1967,61,339483
SWAY_PERF_OUTPUT,1968,60,339484
SWAY_PERF_OUTPUT,1969,61,339485
SWAY_PERF_OUTPUT,1970,59,339486
SWAY_PERF_OUTPUT,1971,61,339487
SWAY_PERF_OUTPUT,1972,61,339488
SWAY_PERF_OUTPUT,1973,63,339489
SWAY_PERF_OUTPUT,1974,60,339490
SWAY_PERF_OUTPUT,1975,61,339491
SWAY_PERF_OUTPUT,1976,-4,339492
SWAY_PERF_OUTPUT,1977,6,339493
SWAY_PERF_OUTPUT,1978,17,339494
SWAY_PERF_OUTPUT,1979,21,339495
SWAY_PERF_OUTPUT,1980,13,339496
SWAY_PERF_OUTPUT,1981,13,339497
SWAY_PERF_OUTPUT,1982,14,339498
SWAY_PERF_OUTPUT,1983,13,339499
SWAY_PERF_OUTPUT,1984,12,339500
SWAY_PERF_OUTPUT,1985,15,339501
SWAY_PERF_OUTPUT,1986,-3,339502
SWAY_PERF_OUTPUT,1987,-14,339503
SWAY_PERF_OUTPUT,1988,-26,339504
SWAY_PERF_OUTPUT,1989,-28,339505
SWAY_PERF_OUTPUT,1990,-3,339506
SWAY_PERF_OUTPUT,1991,-14,339507
SWAY_PERF_OUTPUT,1992,-26,339508
SWAY_PERF_OUTPUT,1993,-28,339509
SWAY_PERF_OUTPUT,1994,14,339510
SWAY_PERF_FRAME,34,339454,339510
SWAY_PROFILE,block0_in,35,15,339549
SWAY_PROFILE,block1_in,35,10,339549
SWAY_PROFILE,embedding_in,36,1,339551
SWAY_PROFILE,head_in,35,6,339551
SWAY_PROFILE,patch_ready,36,2,339552
SWAY_PROFILE,block0_in,36,0,340139
SWAY_PROFILE,block1_in,35,11,340139
SWAY_PROFILE,embedding_in,36,2,340141
SWAY_PROFILE,head_in,35,7,340141
SWAY_PROFILE,patch_ready,36,3,340142
SWAY_PROFILE,block0_in,36,1,340731
SWAY_PROFILE,block1_in,35,12,340731
SWAY_PROFILE,embedding_in,36,3,340733
SWAY_PROFILE,head_in,35,8,340733
SWAY_PROFILE,patch_ready,36,4,340734
SWAY_PROFILE,block0_in,36,2,341321
SWAY_PROFILE,block1_in,35,13,341321
SWAY_PROFILE,embedding_in,36,4,341323
SWAY_PROFILE,head_in,35,9,341323
SWAY_PROFILE,patch_ready,36,5,341324
SWAY_PROFILE,block0_in,36,3,341911
SWAY_PROFILE,block1_in,35,14,341911
SWAY_PROFILE,embedding_in,36,5,341913
SWAY_PROFILE,head_in,35,10,341913
SWAY_PROFILE,patch_ready,36,6,341914
SWAY_PROFILE,block0_in,36,4,342501
SWAY_PROFILE,block1_in,35,15,342501
SWAY_PROFILE,embedding_in,36,6,342503
SWAY_PROFILE,head_in,35,11,342503
SWAY_PROFILE,patch_ready,36,7,342504
SWAY_PROFILE,block0_in,36,5,343093
SWAY_PROFILE,block1_in,36,0,343093
SWAY_PROFILE,embedding_in,36,7,343095
SWAY_PROFILE,head_in,35,12,343095
SWAY_PROFILE,patch_ready,36,8,343096
SWAY_PROFILE,block0_in,36,6,343683
SWAY_PROFILE,block1_in,36,1,343683
SWAY_PROFILE,embedding_in,36,8,343685
SWAY_PROFILE,head_in,35,13,343685
SWAY_PROFILE,patch_ready,36,9,343686
SWAY_PROFILE,block0_in,36,7,344273
SWAY_PROFILE,block1_in,36,2,344273
SWAY_PROFILE,embedding_in,36,9,344275
SWAY_PROFILE,head_in,35,14,344275
SWAY_PROFILE,patch_ready,36,10,344276
SWAY_PROFILE,block0_in,36,8,344863
SWAY_PROFILE,block1_in,36,3,344863
SWAY_PROFILE,embedding_in,36,10,344865
SWAY_PROFILE,head_in,35,15,344865
SWAY_PROFILE,patch_ready,36,11,344866
SWAY_PROFILE,block0_in,36,9,345455
SWAY_PROFILE,block1_in,36,4,345455
SWAY_PROFILE,embedding_in,36,11,345457
SWAY_PROFILE,head_in,36,0,345457
SWAY_PROFILE,patch_ready,36,12,345458
SWAY_PROFILE,block0_in,36,10,346045
SWAY_PROFILE,block1_in,36,5,346045
SWAY_PROFILE,embedding_in,36,12,346047
SWAY_PROFILE,head_in,36,1,346047
SWAY_PROFILE,patch_ready,36,13,346048
SWAY_PROFILE,block0_in,36,11,346635
SWAY_PROFILE,block1_in,36,6,346635
SWAY_PROFILE,embedding_in,36,13,346637
SWAY_PROFILE,head_in,36,2,346637
SWAY_PROFILE,patch_ready,36,14,346638
SWAY_PROFILE,block0_in,36,12,347225
SWAY_PROFILE,block1_in,36,7,347225
SWAY_PROFILE,embedding_in,36,14,347227
SWAY_PROFILE,head_in,36,3,347227
SWAY_PROFILE,patch_ready,36,15,347228
SWAY_PERF_INPUT_FRAME,38,338071,347518
SWAY_PROFILE,block0_in,36,13,347817
SWAY_PROFILE,block1_in,36,8,347817
SWAY_PROFILE,embedding_in,36,15,347819
SWAY_PROFILE,head_in,36,4,347819
SWAY_PROFILE,patch_ready,37,0,347820
SWAY_PROFILE,head_output_in,35,0,348158
SWAY_PROFILE,block0_in,36,14,348407
SWAY_PROFILE,block1_in,36,9,348407
SWAY_PROFILE,embedding_in,37,0,348409
SWAY_PROFILE,head_in,36,5,348409
SWAY_PROFILE,patch_ready,37,1,348410
SWAY_PROFILE,serialize_in,35,0,348900
SWAY_PERF_OUTPUT,1995,8,348902
SWAY_PERF_OUTPUT,1996,9,348903
SWAY_PERF_OUTPUT,1997,8,348904
SWAY_PERF_OUTPUT,1998,8,348905
SWAY_PERF_OUTPUT,1999,14,348906
SWAY_PERF_OUTPUT,2000,19,348907
SWAY_PERF_OUTPUT,2001,21,348908
SWAY_PERF_OUTPUT,2002,3,348909
SWAY_PERF_OUTPUT,2003,0,348910
SWAY_PERF_OUTPUT,2004,-3,348911
SWAY_PERF_OUTPUT,2005,10,348912
SWAY_PERF_OUTPUT,2006,12,348913
SWAY_PERF_OUTPUT,2007,12,348914
SWAY_PERF_OUTPUT,2008,12,348915
SWAY_PERF_OUTPUT,2009,6,348916
SWAY_PERF_OUTPUT,2010,3,348917
SWAY_PERF_OUTPUT,2011,0,348918
SWAY_PERF_OUTPUT,2012,-1,348919
SWAY_PERF_OUTPUT,2013,9,348920
SWAY_PERF_OUTPUT,2014,61,348921
SWAY_PERF_OUTPUT,2015,62,348922
SWAY_PERF_OUTPUT,2016,61,348923
SWAY_PERF_OUTPUT,2017,61,348924
SWAY_PERF_OUTPUT,2018,61,348925
SWAY_PERF_OUTPUT,2019,61,348926
SWAY_PERF_OUTPUT,2020,59,348927
SWAY_PERF_OUTPUT,2021,60,348928
SWAY_PERF_OUTPUT,2022,61,348929
SWAY_PERF_OUTPUT,2023,60,348930
SWAY_PERF_OUTPUT,2024,60,348931
SWAY_PERF_OUTPUT,2025,60,348932
SWAY_PERF_OUTPUT,2026,62,348933
SWAY_PERF_OUTPUT,2027,60,348934
SWAY_PERF_OUTPUT,2028,61,348935
SWAY_PERF_OUTPUT,2029,61,348936
SWAY_PERF_OUTPUT,2030,62,348937
SWAY_PERF_OUTPUT,2031,58,348938
SWAY_PERF_OUTPUT,2032,61,348939
SWAY_PERF_OUTPUT,2033,-6,348940
SWAY_PERF_OUTPUT,2034,3,348941
SWAY_PERF_OUTPUT,2035,14,348942
SWAY_PERF_OUTPUT,2036,17,348943
SWAY_PERF_OUTPUT,2037,10,348944
SWAY_PERF_OUTPUT,2038,7,348945
SWAY_PERF_OUTPUT,2039,6,348946
SWAY_PERF_OUTPUT,2040,9,348947
SWAY_PERF_OUTPUT,2041,4,348948
SWAY_PERF_OUTPUT,2042,1,348949
SWAY_PERF_OUTPUT,2043,-6,348950
SWAY_PERF_OUTPUT,2044,-16,348951
SWAY_PERF_OUTPUT,2045,-27,348952
SWAY_PERF_OUTPUT,2046,-29,348953
SWAY_PERF_OUTPUT,2047,-6,348954
SWAY_PERF_OUTPUT,2048,-15,348955
SWAY_PERF_OUTPUT,2049,-26,348956
SWAY_PERF_OUTPUT,2050,-28,348957
SWAY_PERF_OUTPUT,2051,11,348958
SWAY_PERF_FRAME,35,348902,348958
SWAY_PROFILE,block0_in,36,15,348997
SWAY_PROFILE,block1_in,36,10,348997
SWAY_PROFILE,embedding_in,37,1,348999
SWAY_PROFILE,head_in,36,6,348999
SWAY_PROFILE,patch_ready,37,2,349000
SWAY_PROFILE,block0_in,37,0,349587
SWAY_PROFILE,block1_in,36,11,349587
SWAY_PROFILE,embedding_in,37,2,349589
SWAY_PROFILE,head_in,36,7,349589
SWAY_PROFILE,patch_ready,37,3,349590
SWAY_PROFILE,block0_in,37,1,350179
SWAY_PROFILE,block1_in,36,12,350179
SWAY_PROFILE,embedding_in,37,3,350181
SWAY_PROFILE,head_in,36,8,350181
SWAY_PROFILE,patch_ready,37,4,350182
SWAY_PROFILE,block0_in,37,2,350769
SWAY_PROFILE,block1_in,36,13,350769
SWAY_PROFILE,embedding_in,37,4,350771
SWAY_PROFILE,head_in,36,9,350771
SWAY_PROFILE,patch_ready,37,5,350772
SWAY_PROFILE,block0_in,37,3,351359
SWAY_PROFILE,block1_in,36,14,351359
SWAY_PROFILE,embedding_in,37,5,351361
SWAY_PROFILE,head_in,36,10,351361
SWAY_PROFILE,patch_ready,37,6,351362
SWAY_PROFILE,block0_in,37,4,351949
SWAY_PROFILE,block1_in,36,15,351949
SWAY_PROFILE,embedding_in,37,6,351951
SWAY_PROFILE,head_in,36,11,351951
SWAY_PROFILE,patch_ready,37,7,351952
SWAY_PROFILE,block0_in,37,5,352541
SWAY_PROFILE,block1_in,37,0,352541
SWAY_PROFILE,embedding_in,37,7,352543
SWAY_PROFILE,head_in,36,12,352543
SWAY_PROFILE,patch_ready,37,8,352544
SWAY_PROFILE,block0_in,37,6,353131
SWAY_PROFILE,block1_in,37,1,353131
SWAY_PROFILE,embedding_in,37,8,353133
SWAY_PROFILE,head_in,36,13,353133
SWAY_PROFILE,patch_ready,37,9,353134
SWAY_PROFILE,block0_in,37,7,353721
SWAY_PROFILE,block1_in,37,2,353721
SWAY_PROFILE,embedding_in,37,9,353723
SWAY_PROFILE,head_in,36,14,353723
SWAY_PROFILE,patch_ready,37,10,353724
SWAY_PROFILE,block0_in,37,8,354311
SWAY_PROFILE,block1_in,37,3,354311
SWAY_PROFILE,embedding_in,37,10,354313
SWAY_PROFILE,head_in,36,15,354313
SWAY_PROFILE,patch_ready,37,11,354314
SWAY_PROFILE,block0_in,37,9,354903
SWAY_PROFILE,block1_in,37,4,354903
SWAY_PROFILE,embedding_in,37,11,354905
SWAY_PROFILE,head_in,37,0,354905
SWAY_PROFILE,patch_ready,37,12,354906
SWAY_PROFILE,block0_in,37,10,355493
SWAY_PROFILE,block1_in,37,5,355493
SWAY_PROFILE,embedding_in,37,12,355495
SWAY_PROFILE,head_in,37,1,355495
SWAY_PROFILE,patch_ready,37,13,355496
SWAY_PROFILE,block0_in,37,11,356083
SWAY_PROFILE,block1_in,37,6,356083
SWAY_PROFILE,embedding_in,37,13,356085
SWAY_PROFILE,head_in,37,2,356085
SWAY_PROFILE,patch_ready,37,14,356086
SWAY_PROFILE,block0_in,37,12,356673
SWAY_PROFILE,block1_in,37,7,356673
SWAY_PROFILE,embedding_in,37,14,356675
SWAY_PROFILE,head_in,37,3,356675
SWAY_PROFILE,patch_ready,37,15,356676
SWAY_PERF_INPUT_FRAME,39,347519,356966
SWAY_PROFILE,block0_in,37,13,357265
SWAY_PROFILE,block1_in,37,8,357265
SWAY_PROFILE,embedding_in,37,15,357267
SWAY_PROFILE,head_in,37,4,357267
SWAY_PROFILE,patch_ready,38,0,357268
SWAY_PROFILE,head_output_in,36,0,357606
SWAY_PROFILE,block0_in,37,14,357855
SWAY_PROFILE,block1_in,37,9,357855
SWAY_PROFILE,embedding_in,38,0,357857
SWAY_PROFILE,head_in,37,5,357857
SWAY_PROFILE,patch_ready,38,1,357858
SWAY_PROFILE,serialize_in,36,0,358348
SWAY_PERF_OUTPUT,2052,9,358350
SWAY_PERF_OUTPUT,2053,9,358351
SWAY_PERF_OUTPUT,2054,8,358352
SWAY_PERF_OUTPUT,2055,9,358353
SWAY_PERF_OUTPUT,2056,15,358354
SWAY_PERF_OUTPUT,2057,18,358355
SWAY_PERF_OUTPUT,2058,19,358356
SWAY_PERF_OUTPUT,2059,4,358357
SWAY_PERF_OUTPUT,2060,-2,358358
SWAY_PERF_OUTPUT,2061,-5,358359
SWAY_PERF_OUTPUT,2062,10,358360
SWAY_PERF_OUTPUT,2063,11,358361
SWAY_PERF_OUTPUT,2064,11,358362
SWAY_PERF_OUTPUT,2065,11,358363
SWAY_PERF_OUTPUT,2066,6,358364
SWAY_PERF_OUTPUT,2067,4,358365
SWAY_PERF_OUTPUT,2068,2,358366
SWAY_PERF_OUTPUT,2069,2,358367
SWAY_PERF_OUTPUT,2070,9,358368
SWAY_PERF_OUTPUT,2071,64,358369
SWAY_PERF_OUTPUT,2072,65,358370
SWAY_PERF_OUTPUT,2073,65,358371
SWAY_PERF_OUTPUT,2074,65,358372
SWAY_PERF_OUTPUT,2075,65,358373
SWAY_PERF_OUTPUT,2076,66,358374
SWAY_PERF_OUTPUT,2077,64,358375
SWAY_PERF_OUTPUT,2078,64,358376
SWAY_PERF_OUTPUT,2079,65,358377
SWAY_PERF_OUTPUT,2080,63,358378
SWAY_PERF_OUTPUT,2081,63,358379
SWAY_PERF_OUTPUT,2082,65,358380
SWAY_PERF_OUTPUT,2083,63,358381
SWAY_PERF_OUTPUT,2084,61,358382
SWAY_PERF_OUTPUT,2085,63,358383
SWAY_PERF_OUTPUT,2086,67,358384
SWAY_PERF_OUTPUT,2087,66,358385
SWAY_PERF_OUTPUT,2088,63,358386
SWAY_PERF_OUTPUT,2089,65,358387
SWAY_PERF_OUTPUT,2090,-2,358388
SWAY_PERF_OUTPUT,2091,9,358389
SWAY_PERF_OUTPUT,2092,20,358390
SWAY_PERF_OUTPUT,2093,25,358391
SWAY_PERF_OUTPUT,2094,16,358392
SWAY_PERF_OUTPUT,2095,9,358393
SWAY_PERF_OUTPUT,2096,5,358394
SWAY_PERF_OUTPUT,2097,15,358395
SWAY_PERF_OUTPUT,2098,12,358396
SWAY_PERF_OUTPUT,2099,8,358397
SWAY_PERF_OUTPUT,2100,-1,358398
SWAY_PERF_OUTPUT,2101,-15,358399
SWAY_PERF_OUTPUT,2102,-28,358400
SWAY_PERF_OUTPUT,2103,-30,358401
SWAY_PERF_OUTPUT,2104,-1,358402
SWAY_PERF_OUTPUT,2105,-15,358403
SWAY_PERF_OUTPUT,2106,-25,358404
SWAY_PERF_OUTPUT,2107,-29,358405
SWAY_PERF_OUTPUT,2108,17,358406
SWAY_PERF_FRAME,36,358350,358406
SWAY_PROFILE,block0_in,37,15,358445
SWAY_PROFILE,block1_in,37,10,358445
SWAY_PROFILE,embedding_in,38,1,358447
SWAY_PROFILE,head_in,37,6,358447
SWAY_PROFILE,patch_ready,38,2,358448
SWAY_PROFILE,block0_in,38,0,359035
SWAY_PROFILE,block1_in,37,11,359035
SWAY_PROFILE,embedding_in,38,2,359037
SWAY_PROFILE,head_in,37,7,359037
SWAY_PROFILE,patch_ready,38,3,359038
SWAY_PROFILE,block0_in,38,1,359627
SWAY_PROFILE,block1_in,37,12,359627
SWAY_PROFILE,embedding_in,38,3,359629
SWAY_PROFILE,head_in,37,8,359629
SWAY_PROFILE,patch_ready,38,4,359630
SWAY_PROFILE,block0_in,38,2,360217
SWAY_PROFILE,block1_in,37,13,360217
SWAY_PROFILE,embedding_in,38,4,360219
SWAY_PROFILE,head_in,37,9,360219
SWAY_PROFILE,patch_ready,38,5,360220
SWAY_PROFILE,block0_in,38,3,360807
SWAY_PROFILE,block1_in,37,14,360807
SWAY_PROFILE,embedding_in,38,5,360809
SWAY_PROFILE,head_in,37,10,360809
SWAY_PROFILE,patch_ready,38,6,360810
SWAY_PROFILE,block0_in,38,4,361397
SWAY_PROFILE,block1_in,37,15,361397
SWAY_PROFILE,embedding_in,38,6,361399
SWAY_PROFILE,head_in,37,11,361399
SWAY_PROFILE,patch_ready,38,7,361400
SWAY_PROFILE,block0_in,38,5,361989
SWAY_PROFILE,block1_in,38,0,361989
SWAY_PROFILE,embedding_in,38,7,361991
SWAY_PROFILE,head_in,37,12,361991
SWAY_PROFILE,patch_ready,38,8,361992
SWAY_PROFILE,block0_in,38,6,362579
SWAY_PROFILE,block1_in,38,1,362579
SWAY_PROFILE,embedding_in,38,8,362581
SWAY_PROFILE,head_in,37,13,362581
SWAY_PROFILE,patch_ready,38,9,362582
SWAY_PROFILE,block0_in,38,7,363169
SWAY_PROFILE,block1_in,38,2,363169
SWAY_PROFILE,embedding_in,38,9,363171
SWAY_PROFILE,head_in,37,14,363171
SWAY_PROFILE,patch_ready,38,10,363172
SWAY_PROFILE,block0_in,38,8,363759
SWAY_PROFILE,block1_in,38,3,363759
SWAY_PROFILE,embedding_in,38,10,363761
SWAY_PROFILE,head_in,37,15,363761
SWAY_PROFILE,patch_ready,38,11,363762
SWAY_PROFILE,block0_in,38,9,364351
SWAY_PROFILE,block1_in,38,4,364351
SWAY_PROFILE,embedding_in,38,11,364353
SWAY_PROFILE,head_in,38,0,364353
SWAY_PROFILE,patch_ready,38,12,364354
SWAY_PROFILE,block0_in,38,10,364941
SWAY_PROFILE,block1_in,38,5,364941
SWAY_PROFILE,embedding_in,38,12,364943
SWAY_PROFILE,head_in,38,1,364943
SWAY_PROFILE,patch_ready,38,13,364944
SWAY_PROFILE,block0_in,38,11,365531
SWAY_PROFILE,block1_in,38,6,365531
SWAY_PROFILE,embedding_in,38,13,365533
SWAY_PROFILE,head_in,38,2,365533
SWAY_PROFILE,patch_ready,38,14,365534
SWAY_PROFILE,block0_in,38,12,366121
SWAY_PROFILE,block1_in,38,7,366121
SWAY_PROFILE,embedding_in,38,14,366123
SWAY_PROFILE,head_in,38,3,366123
SWAY_PROFILE,patch_ready,38,15,366124
SWAY_PERF_INPUT_FRAME,40,356967,366414
SWAY_PROFILE,block0_in,38,13,366713
SWAY_PROFILE,block1_in,38,8,366713
SWAY_PROFILE,embedding_in,38,15,366715
SWAY_PROFILE,head_in,38,4,366715
SWAY_PROFILE,patch_ready,39,0,366716
SWAY_PROFILE,head_output_in,37,0,367054
SWAY_PROFILE,block0_in,38,14,367303
SWAY_PROFILE,block1_in,38,9,367303
SWAY_PROFILE,embedding_in,39,0,367305
SWAY_PROFILE,head_in,38,5,367305
SWAY_PROFILE,patch_ready,39,1,367306
SWAY_PROFILE,serialize_in,37,0,367796
SWAY_PERF_OUTPUT,2109,45,367798
SWAY_PERF_OUTPUT,2110,127,367799
SWAY_PERF_OUTPUT,2111,-30,367800
SWAY_PERF_OUTPUT,2112,40,367801
SWAY_PERF_OUTPUT,2113,34,367802
SWAY_PERF_OUTPUT,2114,87,367803
SWAY_PERF_OUTPUT,2115,0,367804
SWAY_PERF_OUTPUT,2116,38,367805
SWAY_PERF_OUTPUT,2117,77,367806
SWAY_PERF_OUTPUT,2118,-2,367807
SWAY_PERF_OUTPUT,2119,28,367808
SWAY_PERF_OUTPUT,2120,70,367809
SWAY_PERF_OUTPUT,2121,-24,367810
SWAY_PERF_OUTPUT,2122,31,367811
SWAY_PERF_OUTPUT,2123,50,367812
SWAY_PERF_OUTPUT,2124,123,367813
SWAY_PERF_OUTPUT,2125,38,367814
SWAY_PERF_OUTPUT,2126,95,367815
SWAY_PERF_OUTPUT,2127,56,367816
SWAY_PERF_OUTPUT,2128,-18,367817
SWAY_PERF_OUTPUT,2129,-5,367818
SWAY_PERF_OUTPUT,2130,-13,367819
SWAY_PERF_OUTPUT,2131,72,367820
SWAY_PERF_OUTPUT,2132,46,367821
SWAY_PERF_OUTPUT,2133,35,367822
SWAY_PERF_OUTPUT,2134,17,367823
SWAY_PERF_OUTPUT,2135,-75,367824
SWAY_PERF_OUTPUT,2136,-6,367825
SWAY_PERF_OUTPUT,2137,-39,367826
SWAY_PERF_OUTPUT,2138,-28,367827
SWAY_PERF_OUTPUT,2139,-27,367828
SWAY_PERF_OUTPUT,2140,-60,367829
SWAY_PERF_OUTPUT,2141,-2,367830
SWAY_PERF_OUTPUT,2142,27,367831
SWAY_PERF_OUTPUT,2143,71,367832
SWAY_PERF_OUTPUT,2144,117,367833
SWAY_PERF_OUTPUT,2145,-2,367834
SWAY_PERF_OUTPUT,2146,-19,367835
SWAY_PERF_OUTPUT,2147,25,367836
SWAY_PERF_OUTPUT,2148,34,367837
SWAY_PERF_OUTPUT,2149,-36,367838
SWAY_PERF_OUTPUT,2150,21,367839
SWAY_PERF_OUTPUT,2151,-36,367840
SWAY_PERF_OUTPUT,2152,96,367841
SWAY_PERF_OUTPUT,2153,-49,367842
SWAY_PERF_OUTPUT,2154,50,367843
SWAY_PERF_OUTPUT,2155,-42,367844
SWAY_PERF_OUTPUT,2156,-96,367845
SWAY_PERF_OUTPUT,2157,0,367846
SWAY_PERF_OUTPUT,2158,27,367847
SWAY_PERF_OUTPUT,2159,-37,367848
SWAY_PERF_OUTPUT,2160,77,367849
SWAY_PERF_OUTPUT,2161,44,367850
SWAY_PERF_OUTPUT,2162,0,367851
SWAY_PERF_OUTPUT,2163,-56,367852
SWAY_PERF_OUTPUT,2164,-77,367853
SWAY_PERF_OUTPUT,2165,42,367854
SWAY_PERF_FRAME,37,367798,367854
SWAY_PROFILE,block0_in,38,15,367893
SWAY_PROFILE,block1_in,38,10,367893
SWAY_PROFILE,embedding_in,39,1,367895
SWAY_PROFILE,head_in,38,6,367895
SWAY_PROFILE,patch_ready,39,2,367896
SWAY_PROFILE,block0_in,39,0,368483
SWAY_PROFILE,block1_in,38,11,368483
SWAY_PROFILE,embedding_in,39,2,368485
SWAY_PROFILE,head_in,38,7,368485
SWAY_PROFILE,patch_ready,39,3,368486
SWAY_PROFILE,block0_in,39,1,369075
SWAY_PROFILE,block1_in,38,12,369075
SWAY_PROFILE,embedding_in,39,3,369077
SWAY_PROFILE,head_in,38,8,369077
SWAY_PROFILE,patch_ready,39,4,369078
SWAY_PROFILE,block0_in,39,2,369665
SWAY_PROFILE,block1_in,38,13,369665
SWAY_PROFILE,embedding_in,39,4,369667
SWAY_PROFILE,head_in,38,9,369667
SWAY_PROFILE,patch_ready,39,5,369668
SWAY_PROFILE,block0_in,39,3,370255
SWAY_PROFILE,block1_in,38,14,370255
SWAY_PROFILE,embedding_in,39,5,370257
SWAY_PROFILE,head_in,38,10,370257
SWAY_PROFILE,patch_ready,39,6,370258
SWAY_PROFILE,block0_in,39,4,370845
SWAY_PROFILE,block1_in,38,15,370845
SWAY_PROFILE,embedding_in,39,6,370847
SWAY_PROFILE,head_in,38,11,370847
SWAY_PROFILE,patch_ready,39,7,370848
SWAY_PROFILE,block0_in,39,5,371437
SWAY_PROFILE,block1_in,39,0,371437
SWAY_PROFILE,embedding_in,39,7,371439
SWAY_PROFILE,head_in,38,12,371439
SWAY_PROFILE,patch_ready,39,8,371440
SWAY_PROFILE,block0_in,39,6,372027
SWAY_PROFILE,block1_in,39,1,372027
SWAY_PROFILE,embedding_in,39,8,372029
SWAY_PROFILE,head_in,38,13,372029
SWAY_PROFILE,patch_ready,39,9,372030
SWAY_PROFILE,block0_in,39,7,372617
SWAY_PROFILE,block1_in,39,2,372617
SWAY_PROFILE,embedding_in,39,9,372619
SWAY_PROFILE,head_in,38,14,372619
SWAY_PROFILE,patch_ready,39,10,372620
SWAY_PROFILE,block0_in,39,8,373207
SWAY_PROFILE,block1_in,39,3,373207
SWAY_PROFILE,embedding_in,39,10,373209
SWAY_PROFILE,head_in,38,15,373209
SWAY_PROFILE,patch_ready,39,11,373210
SWAY_PROFILE,block0_in,39,9,373799
SWAY_PROFILE,block1_in,39,4,373799
SWAY_PROFILE,embedding_in,39,11,373801
SWAY_PROFILE,head_in,39,0,373801
SWAY_PROFILE,patch_ready,39,12,373802
SWAY_PROFILE,block0_in,39,10,374389
SWAY_PROFILE,block1_in,39,5,374389
SWAY_PROFILE,embedding_in,39,12,374391
SWAY_PROFILE,head_in,39,1,374391
SWAY_PROFILE,patch_ready,39,13,374392
SWAY_PROFILE,block0_in,39,11,374979
SWAY_PROFILE,block1_in,39,6,374979
SWAY_PROFILE,embedding_in,39,13,374981
SWAY_PROFILE,head_in,39,2,374981
SWAY_PROFILE,patch_ready,39,14,374982
SWAY_PROFILE,block0_in,39,12,375569
SWAY_PROFILE,block1_in,39,7,375569
SWAY_PROFILE,embedding_in,39,14,375571
SWAY_PROFILE,head_in,39,3,375571
SWAY_PROFILE,patch_ready,39,15,375572
SWAY_PERF_INPUT_FRAME,41,366415,375862
SWAY_PROFILE,block0_in,39,13,376161
SWAY_PROFILE,block1_in,39,8,376161
SWAY_PROFILE,embedding_in,39,15,376163
SWAY_PROFILE,head_in,39,4,376163
SWAY_PROFILE,patch_ready,40,0,376164
SWAY_PROFILE,head_output_in,38,0,376502
SWAY_PROFILE,block0_in,39,14,376751
SWAY_PROFILE,block1_in,39,9,376751
SWAY_PROFILE,embedding_in,40,0,376753
SWAY_PROFILE,head_in,39,5,376753
SWAY_PROFILE,patch_ready,40,1,376754
SWAY_PROFILE,serialize_in,38,0,377244
SWAY_PERF_OUTPUT,2166,21,377246
SWAY_PERF_OUTPUT,2167,1,377247
SWAY_PERF_OUTPUT,2168,5,377248
SWAY_PERF_OUTPUT,2169,-3,377249
SWAY_PERF_OUTPUT,2170,23,377250
SWAY_PERF_OUTPUT,2171,34,377251
SWAY_PERF_OUTPUT,2172,42,377252
SWAY_PERF_OUTPUT,2173,-2,377253
SWAY_PERF_OUTPUT,2174,-9,377254
SWAY_PERF_OUTPUT,2175,0,377255
SWAY_PERF_OUTPUT,2176,8,377256
SWAY_PERF_OUTPUT,2177,16,377257
SWAY_PERF_OUTPUT,2178,59,377258
SWAY_PERF_OUTPUT,2179,41,377259
SWAY_PERF_OUTPUT,2180,9,377260
SWAY_PERF_OUTPUT,2181,9,377261
SWAY_PERF_OUTPUT,2182,12,377262
SWAY_PERF_OUTPUT,2183,20,377263
SWAY_PERF_OUTPUT,2184,14,377264
SWAY_PERF_OUTPUT,2185,101,377265
SWAY_PERF_OUTPUT,2186,109,377266
SWAY_PERF_OUTPUT,2187,111,377267
SWAY_PERF_OUTPUT,2188,108,377268
SWAY_PERF_OUTPUT,2189,118,377269
SWAY_PERF_OUTPUT,2190,113,377270
SWAY_PERF_OUTPUT,2191,96,377271
SWAY_PERF_OUTPUT,2192,121,377272
SWAY_PERF_OUTPUT,2193,111,377273
SWAY_PERF_OUTPUT,2194,120,377274
SWAY_PERF_OUTPUT,2195,99,377275
SWAY_PERF_OUTPUT,2196,127,377276
SWAY_PERF_OUTPUT,2197,126,377277
SWAY_PERF_OUTPUT,2198,112,377278
SWAY_PERF_OUTPUT,2199,115,377279
SWAY_PERF_OUTPUT,2200,127,377280
SWAY_PERF_OUTPUT,2201,98,377281
SWAY_PERF_OUTPUT,2202,103,377282
SWAY_PERF_OUTPUT,2203,127,377283
SWAY_PERF_OUTPUT,2204,35,377284
SWAY_PERF_OUTPUT,2205,57,377285
SWAY_PERF_OUTPUT,2206,75,377286
SWAY_PERF_OUTPUT,2207,88,377287
SWAY_PERF_OUTPUT,2208,62,377288
SWAY_PERF_OUTPUT,2209,70,377289
SWAY_PERF_OUTPUT,2210,104,377290
SWAY_PERF_OUTPUT,2211,60,377291
SWAY_PERF_OUTPUT,2212,31,377292
SWAY_PERF_OUTPUT,2213,8,377293
SWAY_PERF_OUTPUT,2214,19,377294
SWAY_PERF_OUTPUT,2215,-29,377295
SWAY_PERF_OUTPUT,2216,-52,377296
SWAY_PERF_OUTPUT,2217,-46,377297
SWAY_PERF_OUTPUT,2218,31,377298
SWAY_PERF_OUTPUT,2219,-32,377299
SWAY_PERF_OUTPUT,2220,-54,377300
SWAY_PERF_OUTPUT,2221,-38,377301
SWAY_PERF_OUTPUT,2222,68,377302
SWAY_PERF_FRAME,38,377246,377302
SWAY_PROFILE,block0_in,39,15,377341
SWAY_PROFILE,block1_in,39,10,377341
SWAY_PROFILE,embedding_in,40,1,377343
SWAY_PROFILE,head_in,39,6,377343
SWAY_PROFILE,patch_ready,40,2,377344
SWAY_PROFILE,block0_in,40,0,377931
SWAY_PROFILE,block1_in,39,11,377931
SWAY_PROFILE,embedding_in,40,2,377933
SWAY_PROFILE,head_in,39,7,377933
SWAY_PROFILE,patch_ready,40,3,377934
SWAY_PROFILE,block0_in,40,1,378523
SWAY_PROFILE,block1_in,39,12,378523
SWAY_PROFILE,embedding_in,40,3,378525
SWAY_PROFILE,head_in,39,8,378525
SWAY_PROFILE,patch_ready,40,4,378526
SWAY_PROFILE,block0_in,40,2,379113
SWAY_PROFILE,block1_in,39,13,379113
SWAY_PROFILE,embedding_in,40,4,379115
SWAY_PROFILE,head_in,39,9,379115
SWAY_PROFILE,patch_ready,40,5,379116
SWAY_PROFILE,block0_in,40,3,379703
SWAY_PROFILE,block1_in,39,14,379703
SWAY_PROFILE,embedding_in,40,5,379705
SWAY_PROFILE,head_in,39,10,379705
SWAY_PROFILE,patch_ready,40,6,379706
SWAY_PROFILE,block0_in,40,4,380293
SWAY_PROFILE,block1_in,39,15,380293
SWAY_PROFILE,embedding_in,40,6,380295
SWAY_PROFILE,head_in,39,11,380295
SWAY_PROFILE,patch_ready,40,7,380296
SWAY_PROFILE,block0_in,40,5,380885
SWAY_PROFILE,block1_in,40,0,380885
SWAY_PROFILE,embedding_in,40,7,380887
SWAY_PROFILE,head_in,39,12,380887
SWAY_PROFILE,patch_ready,40,8,380888
SWAY_PROFILE,block0_in,40,6,381475
SWAY_PROFILE,block1_in,40,1,381475
SWAY_PROFILE,embedding_in,40,8,381477
SWAY_PROFILE,head_in,39,13,381477
SWAY_PROFILE,patch_ready,40,9,381478
SWAY_PROFILE,block0_in,40,7,382065
SWAY_PROFILE,block1_in,40,2,382065
SWAY_PROFILE,embedding_in,40,9,382067
SWAY_PROFILE,head_in,39,14,382067
SWAY_PROFILE,patch_ready,40,10,382068
SWAY_PROFILE,block0_in,40,8,382655
SWAY_PROFILE,block1_in,40,3,382655
SWAY_PROFILE,embedding_in,40,10,382657
SWAY_PROFILE,head_in,39,15,382657
SWAY_PROFILE,patch_ready,40,11,382658
SWAY_PROFILE,block0_in,40,9,383247
SWAY_PROFILE,block1_in,40,4,383247
SWAY_PROFILE,embedding_in,40,11,383249
SWAY_PROFILE,head_in,40,0,383249
SWAY_PROFILE,patch_ready,40,12,383250
SWAY_PROFILE,block0_in,40,10,383837
SWAY_PROFILE,block1_in,40,5,383837
SWAY_PROFILE,embedding_in,40,12,383839
SWAY_PROFILE,head_in,40,1,383839
SWAY_PROFILE,patch_ready,40,13,383840
SWAY_PROFILE,block0_in,40,11,384427
SWAY_PROFILE,block1_in,40,6,384427
SWAY_PROFILE,embedding_in,40,13,384429
SWAY_PROFILE,head_in,40,2,384429
SWAY_PROFILE,patch_ready,40,14,384430
SWAY_PROFILE,block0_in,40,12,385017
SWAY_PROFILE,block1_in,40,7,385017
SWAY_PROFILE,embedding_in,40,14,385019
SWAY_PROFILE,head_in,40,3,385019
SWAY_PROFILE,patch_ready,40,15,385020
SWAY_PERF_INPUT_FRAME,42,375863,385310
SWAY_PROFILE,block0_in,40,13,385609
SWAY_PROFILE,block1_in,40,8,385609
SWAY_PROFILE,embedding_in,40,15,385611
SWAY_PROFILE,head_in,40,4,385611
SWAY_PROFILE,patch_ready,41,0,385612
SWAY_PROFILE,head_output_in,39,0,385950
SWAY_PROFILE,block0_in,40,14,386199
SWAY_PROFILE,block1_in,40,9,386199
SWAY_PROFILE,embedding_in,41,0,386201
SWAY_PROFILE,head_in,40,5,386201
SWAY_PROFILE,patch_ready,41,1,386202
SWAY_PROFILE,serialize_in,39,0,386692
SWAY_PERF_OUTPUT,2223,61,386694
SWAY_PERF_OUTPUT,2224,72,386695
SWAY_PERF_OUTPUT,2225,58,386696
SWAY_PERF_OUTPUT,2226,63,386697
SWAY_PERF_OUTPUT,2227,71,386698
SWAY_PERF_OUTPUT,2228,59,386699
SWAY_PERF_OUTPUT,2229,17,386700
SWAY_PERF_OUTPUT,2230,69,386701
SWAY_PERF_OUTPUT,2231,80,386702
SWAY_PERF_OUTPUT,2232,102,386703
SWAY_PERF_OUTPUT,2233,53,386704
SWAY_PERF_OUTPUT,2234,68,386705
SWAY_PERF_OUTPUT,2235,58,386706
SWAY_PERF_OUTPUT,2236,56,386707
SWAY_PERF_OUTPUT,2237,48,386708
SWAY_PERF_OUTPUT,2238,37,386709
SWAY_PERF_OUTPUT,2239,13,386710
SWAY_PERF_OUTPUT,2240,20,386711
SWAY_PERF_OUTPUT,2241,73,386712
SWAY_PERF_OUTPUT,2242,118,386713
SWAY_PERF_OUTPUT,2243,127,386714
SWAY_PERF_OUTPUT,2244,127,386715
SWAY_PERF_OUTPUT,2245,127,386716
SWAY_PERF_OUTPUT,2246,127,386717
SWAY_PERF_OUTPUT,2247,116,386718
SWAY_PERF_OUTPUT,2248,88,386719
SWAY_PERF_OUTPUT,2249,127,386720
SWAY_PERF_OUTPUT,2250,120,386721
SWAY_PERF_OUTPUT,2251,119,386722
SWAY_PERF_OUTPUT,2252,127,386723
SWAY_PERF_OUTPUT,2253,110,386724
SWAY_PERF_OUTPUT,2254,121,386725
SWAY_PERF_OUTPUT,2255,118,386726
SWAY_PERF_OUTPUT,2256,127,386727
SWAY_PERF_OUTPUT,2257,127,386728
SWAY_PERF_OUTPUT,2258,127,386729
SWAY_PERF_OUTPUT,2259,127,386730
SWAY_PERF_OUTPUT,2260,127,386731
SWAY_PERF_OUTPUT,2261,-21,386732
SWAY_PERF_OUTPUT,2262,-2,386733
SWAY_PERF_OUTPUT,2263,32,386734
SWAY_PERF_OUTPUT,2264,32,386735
SWAY_PERF_OUTPUT,2265,17,386736
SWAY_PERF_OUTPUT,2266,-14,386737
SWAY_PERF_OUTPUT,2267,-22,386738
SWAY_PERF_OUTPUT,2268,-12,386739
SWAY_PERF_OUTPUT,2269,-47,386740
SWAY_PERF_OUTPUT,2270,-38,386741
SWAY_PERF_OUTPUT,2271,-36,386742
SWAY_PERF_OUTPUT,2272,-46,386743
SWAY_PERF_OUTPUT,2273,-81,386744
SWAY_PERF_OUTPUT,2274,-67,386745
SWAY_PERF_OUTPUT,2275,-17,386746
SWAY_PERF_OUTPUT,2276,-41,386747
SWAY_PERF_OUTPUT,2277,-65,386748
SWAY_PERF_OUTPUT,2278,-78,386749
SWAY_PERF_OUTPUT,2279,21,386750
SWAY_PERF_FRAME,39,386694,386750
SWAY_PROFILE,block0_in,40,15,386789
SWAY_PROFILE,block1_in,40,10,386789
SWAY_PROFILE,embedding_in,41,1,386791
SWAY_PROFILE,head_in,40,6,386791
SWAY_PROFILE,patch_ready,41,2,386792
SWAY_PROFILE,block0_in,41,0,387379
SWAY_PROFILE,block1_in,40,11,387379
SWAY_PROFILE,embedding_in,41,2,387381
SWAY_PROFILE,head_in,40,7,387381
SWAY_PROFILE,patch_ready,41,3,387382
SWAY_PROFILE,block0_in,41,1,387971
SWAY_PROFILE,block1_in,40,12,387971
SWAY_PROFILE,embedding_in,41,3,387973
SWAY_PROFILE,head_in,40,8,387973
SWAY_PROFILE,patch_ready,41,4,387974
SWAY_PROFILE,block0_in,41,2,388561
SWAY_PROFILE,block1_in,40,13,388561
SWAY_PROFILE,embedding_in,41,4,388563
SWAY_PROFILE,head_in,40,9,388563
SWAY_PROFILE,patch_ready,41,5,388564
SWAY_PROFILE,block0_in,41,3,389151
SWAY_PROFILE,block1_in,40,14,389151
SWAY_PROFILE,embedding_in,41,5,389153
SWAY_PROFILE,head_in,40,10,389153
SWAY_PROFILE,patch_ready,41,6,389154
SWAY_PROFILE,block0_in,41,4,389741
SWAY_PROFILE,block1_in,40,15,389741
SWAY_PROFILE,embedding_in,41,6,389743
SWAY_PROFILE,head_in,40,11,389743
SWAY_PROFILE,patch_ready,41,7,389744
SWAY_PROFILE,block0_in,41,5,390333
SWAY_PROFILE,block1_in,41,0,390333
SWAY_PROFILE,embedding_in,41,7,390335
SWAY_PROFILE,head_in,40,12,390335
SWAY_PROFILE,patch_ready,41,8,390336
SWAY_PROFILE,block0_in,41,6,390923
SWAY_PROFILE,block1_in,41,1,390923
SWAY_PROFILE,embedding_in,41,8,390925
SWAY_PROFILE,head_in,40,13,390925
SWAY_PROFILE,patch_ready,41,9,390926
SWAY_PROFILE,block0_in,41,7,391513
SWAY_PROFILE,block1_in,41,2,391513
SWAY_PROFILE,embedding_in,41,9,391515
SWAY_PROFILE,head_in,40,14,391515
SWAY_PROFILE,patch_ready,41,10,391516
SWAY_PROFILE,block0_in,41,8,392103
SWAY_PROFILE,block1_in,41,3,392103
SWAY_PROFILE,embedding_in,41,10,392105
SWAY_PROFILE,head_in,40,15,392105
SWAY_PROFILE,patch_ready,41,11,392106
SWAY_PROFILE,block0_in,41,9,392695
SWAY_PROFILE,block1_in,41,4,392695
SWAY_PROFILE,embedding_in,41,11,392697
SWAY_PROFILE,head_in,41,0,392697
SWAY_PROFILE,patch_ready,41,12,392698
SWAY_PROFILE,block0_in,41,10,393285
SWAY_PROFILE,block1_in,41,5,393285
SWAY_PROFILE,embedding_in,41,12,393287
SWAY_PROFILE,head_in,41,1,393287
SWAY_PROFILE,patch_ready,41,13,393288
SWAY_PROFILE,block0_in,41,11,393875
SWAY_PROFILE,block1_in,41,6,393875
SWAY_PROFILE,embedding_in,41,13,393877
SWAY_PROFILE,head_in,41,2,393877
SWAY_PROFILE,patch_ready,41,14,393878
SWAY_PROFILE,block0_in,41,12,394465
SWAY_PROFILE,block1_in,41,7,394465
SWAY_PROFILE,embedding_in,41,14,394467
SWAY_PROFILE,head_in,41,3,394467
SWAY_PROFILE,patch_ready,41,15,394468
SWAY_PERF_INPUT_FRAME,43,385311,394758
SWAY_PROFILE,block0_in,41,13,395057
SWAY_PROFILE,block1_in,41,8,395057
SWAY_PROFILE,embedding_in,41,15,395059
SWAY_PROFILE,head_in,41,4,395059
SWAY_PROFILE,patch_ready,42,0,395060
SWAY_PROFILE,head_output_in,40,0,395398
SWAY_PROFILE,block0_in,41,14,395647
SWAY_PROFILE,block1_in,41,9,395647
SWAY_PROFILE,embedding_in,42,0,395649
SWAY_PROFILE,head_in,41,5,395649
SWAY_PROFILE,patch_ready,42,1,395650
SWAY_PROFILE,serialize_in,40,0,396140
SWAY_PERF_OUTPUT,2280,7,396142
SWAY_PERF_OUTPUT,2281,7,396143
SWAY_PERF_OUTPUT,2282,6,396144
SWAY_PERF_OUTPUT,2283,6,396145
SWAY_PERF_OUTPUT,2284,12,396146
SWAY_PERF_OUTPUT,2285,16,396147
SWAY_PERF_OUTPUT,2286,19,396148
SWAY_PERF_OUTPUT,2287,1,396149
SWAY_PERF_OUTPUT,2288,-2,396150
SWAY_PERF_OUTPUT,2289,-3,396151
SWAY_PERF_OUTPUT,2290,9,396152
SWAY_PERF_OUTPUT,2291,10,396153
SWAY_PERF_OUTPUT,2292,11,396154
SWAY_PERF_OUTPUT,2293,11,396155
SWAY_PERF_OUTPUT,2294,4,396156
SWAY_PERF_OUTPUT,2295,2,396157
SWAY_PERF_OUTPUT,2296,0,396158
SWAY_PERF_OUTPUT,2297,0,396159
SWAY_PERF_OUTPUT,2298,7,396160
SWAY_PERF_OUTPUT,2299,63,396161
SWAY_PERF_OUTPUT,2300,63,396162
SWAY_PERF_OUTPUT,2301,63,396163
SWAY_PERF_OUTPUT,2302,62,396164
SWAY_PERF_OUTPUT,2303,62,396165
SWAY_PERF_OUTPUT,2304,63,396166
SWAY_PERF_OUTPUT,2305,61,396167
SWAY_PERF_OUTPUT,2306,62,396168
SWAY_PERF_OUTPUT,2307,63,396169
SWAY_PERF_OUTPUT,2308,61,396170
SWAY_PERF_OUTPUT,2309,62,396171
SWAY_PERF_OUTPUT,2310,62,396172
SWAY_PERF_OUTPUT,2311,63,396173
SWAY_PERF_OUTPUT,2312,61,396174
SWAY_PERF_OUTPUT,2313,62,396175
SWAY_PERF_OUTPUT,2314,62,396176
SWAY_PERF_OUTPUT,2315,63,396177
SWAY_PERF_OUTPUT,2316,60,396178
SWAY_PERF_OUTPUT,2317,63,396179
SWAY_PERF_OUTPUT,2318,-7,396180
SWAY_PERF_OUTPUT,2319,2,396181
SWAY_PERF_OUTPUT,2320,13,396182
SWAY_PERF_OUTPUT,2321,17,396183
SWAY_PERF_OUTPUT,2322,9,396184
SWAY_PERF_OUTPUT,2323,5,396185
SWAY_PERF_OUTPUT,2324,2,396186
SWAY_PERF_OUTPUT,2325,9,396187
SWAY_PERF_OUTPUT,2326,2,396188
SWAY_PERF_OUTPUT,2327,-4,396189
SWAY_PERF_OUTPUT,2328,-7,396190
SWAY_PERF_OUTPUT,2329,-17,396191
SWAY_PERF_OUTPUT,2330,-28,396192
SWAY_PERF_OUTPUT,2331,-29,396193
SWAY_PERF_OUTPUT,2332,-7,396194
SWAY_PERF_OUTPUT,2333,-16,396195
SWAY_PERF_OUTPUT,2334,-27,396196
SWAY_PERF_OUTPUT,2335,-29,396197
SWAY_PERF_OUTPUT,2336,10,396198
SWAY_PERF_FRAME,40,396142,396198
SWAY_PROFILE,block0_in,41,15,396237
SWAY_PROFILE,block1_in,41,10,396237
SWAY_PROFILE,embedding_in,42,1,396239
SWAY_PROFILE,head_in,41,6,396239
SWAY_PROFILE,patch_ready,42,2,396240
SWAY_PROFILE,block0_in,42,0,396827
SWAY_PROFILE,block1_in,41,11,396827
SWAY_PROFILE,embedding_in,42,2,396829
SWAY_PROFILE,head_in,41,7,396829
SWAY_PROFILE,patch_ready,42,3,396830
SWAY_PROFILE,block0_in,42,1,397419
SWAY_PROFILE,block1_in,41,12,397419
SWAY_PROFILE,embedding_in,42,3,397421
SWAY_PROFILE,head_in,41,8,397421
SWAY_PROFILE,patch_ready,42,4,397422
SWAY_PROFILE,block0_in,42,2,398009
SWAY_PROFILE,block1_in,41,13,398009
SWAY_PROFILE,embedding_in,42,4,398011
SWAY_PROFILE,head_in,41,9,398011
SWAY_PROFILE,patch_ready,42,5,398012
SWAY_PROFILE,block0_in,42,3,398599
SWAY_PROFILE,block1_in,41,14,398599
SWAY_PROFILE,embedding_in,42,5,398601
SWAY_PROFILE,head_in,41,10,398601
SWAY_PROFILE,patch_ready,42,6,398602
SWAY_PROFILE,block0_in,42,4,399189
SWAY_PROFILE,block1_in,41,15,399189
SWAY_PROFILE,embedding_in,42,6,399191
SWAY_PROFILE,head_in,41,11,399191
SWAY_PROFILE,patch_ready,42,7,399192
SWAY_PROFILE,block0_in,42,5,399781
SWAY_PROFILE,block1_in,42,0,399781
SWAY_PROFILE,embedding_in,42,7,399783
SWAY_PROFILE,head_in,41,12,399783
SWAY_PROFILE,patch_ready,42,8,399784
SWAY_PROFILE,block0_in,42,6,400371
SWAY_PROFILE,block1_in,42,1,400371
SWAY_PROFILE,embedding_in,42,8,400373
SWAY_PROFILE,head_in,41,13,400373
SWAY_PROFILE,patch_ready,42,9,400374
SWAY_PROFILE,block0_in,42,7,400961
SWAY_PROFILE,block1_in,42,2,400961
SWAY_PROFILE,embedding_in,42,9,400963
SWAY_PROFILE,head_in,41,14,400963
SWAY_PROFILE,patch_ready,42,10,400964
SWAY_PROFILE,block0_in,42,8,401551
SWAY_PROFILE,block1_in,42,3,401551
SWAY_PROFILE,embedding_in,42,10,401553
SWAY_PROFILE,head_in,41,15,401553
SWAY_PROFILE,patch_ready,42,11,401554
SWAY_PROFILE,block0_in,42,9,402143
SWAY_PROFILE,block1_in,42,4,402143
SWAY_PROFILE,embedding_in,42,11,402145
SWAY_PROFILE,head_in,42,0,402145
SWAY_PROFILE,patch_ready,42,12,402146
SWAY_PROFILE,block0_in,42,10,402733
SWAY_PROFILE,block1_in,42,5,402733
SWAY_PROFILE,embedding_in,42,12,402735
SWAY_PROFILE,head_in,42,1,402735
SWAY_PROFILE,patch_ready,42,13,402736
SWAY_PROFILE,block0_in,42,11,403323
SWAY_PROFILE,block1_in,42,6,403323
SWAY_PROFILE,embedding_in,42,13,403325
SWAY_PROFILE,head_in,42,2,403325
SWAY_PROFILE,patch_ready,42,14,403326
SWAY_PROFILE,block0_in,42,12,403913
SWAY_PROFILE,block1_in,42,7,403913
SWAY_PROFILE,embedding_in,42,14,403915
SWAY_PROFILE,head_in,42,3,403915
SWAY_PROFILE,patch_ready,42,15,403916
SWAY_PERF_INPUT_FRAME,44,394759,404206
SWAY_PROFILE,block0_in,42,13,404505
SWAY_PROFILE,block1_in,42,8,404505
SWAY_PROFILE,embedding_in,42,15,404507
SWAY_PROFILE,head_in,42,4,404507
SWAY_PROFILE,patch_ready,43,0,404508
SWAY_PROFILE,head_output_in,41,0,404846
SWAY_PROFILE,block0_in,42,14,405095
SWAY_PROFILE,block1_in,42,9,405095
SWAY_PROFILE,embedding_in,43,0,405097
SWAY_PROFILE,head_in,42,5,405097
SWAY_PROFILE,patch_ready,43,1,405098
SWAY_PROFILE,serialize_in,41,0,405588
SWAY_PERF_OUTPUT,2337,7,405590
SWAY_PERF_OUTPUT,2338,7,405591
SWAY_PERF_OUTPUT,2339,6,405592
SWAY_PERF_OUTPUT,2340,6,405593
SWAY_PERF_OUTPUT,2341,12,405594
SWAY_PERF_OUTPUT,2342,16,405595
SWAY_PERF_OUTPUT,2343,19,405596
SWAY_PERF_OUTPUT,2344,1,405597
SWAY_PERF_OUTPUT,2345,-2,405598
SWAY_PERF_OUTPUT,2346,-3,405599
SWAY_PERF_OUTPUT,2347,9,405600
SWAY_PERF_OUTPUT,2348,10,405601
SWAY_PERF_OUTPUT,2349,11,405602
SWAY_PERF_OUTPUT,2350,11,405603
SWAY_PERF_OUTPUT,2351,4,405604
SWAY_PERF_OUTPUT,2352,2,405605
SWAY_PERF_OUTPUT,2353,0,405606
SWAY_PERF_OUTPUT,2354,0,405607
SWAY_PERF_OUTPUT,2355,7,405608
SWAY_PERF_OUTPUT,2356,63,405609
SWAY_PERF_OUTPUT,2357,63,405610
SWAY_PERF_OUTPUT,2358,63,405611
SWAY_PERF_OUTPUT,2359,62,405612
SWAY_PERF_OUTPUT,2360,62,405613
SWAY_PERF_OUTPUT,2361,63,405614
SWAY_PERF_OUTPUT,2362,61,405615
SWAY_PERF_OUTPUT,2363,62,405616
SWAY_PERF_OUTPUT,2364,63,405617
SWAY_PERF_OUTPUT,2365,61,405618
SWAY_PERF_OUTPUT,2366,62,405619
SWAY_PERF_OUTPUT,2367,62,405620
SWAY_PERF_OUTPUT,2368,63,405621
SWAY_PERF_OUTPUT,2369,61,405622
SWAY_PERF_OUTPUT,2370,62,405623
SWAY_PERF_OUTPUT,2371,62,405624
SWAY_PERF_OUTPUT,2372,63,405625
SWAY_PERF_OUTPUT,2373,60,405626
SWAY_PERF_OUTPUT,2374,63,405627
SWAY_PERF_OUTPUT,2375,-7,405628
SWAY_PERF_OUTPUT,2376,2,405629
SWAY_PERF_OUTPUT,2377,13,405630
SWAY_PERF_OUTPUT,2378,17,405631
SWAY_PERF_OUTPUT,2379,9,405632
SWAY_PERF_OUTPUT,2380,5,405633
SWAY_PERF_OUTPUT,2381,2,405634
SWAY_PERF_OUTPUT,2382,9,405635
SWAY_PERF_OUTPUT,2383,2,405636
SWAY_PERF_OUTPUT,2384,-4,405637
SWAY_PERF_OUTPUT,2385,-7,405638
SWAY_PERF_OUTPUT,2386,-17,405639
SWAY_PERF_OUTPUT,2387,-28,405640
SWAY_PERF_OUTPUT,2388,-29,405641
SWAY_PERF_OUTPUT,2389,-7,405642
SWAY_PERF_OUTPUT,2390,-16,405643
SWAY_PERF_OUTPUT,2391,-27,405644
SWAY_PERF_OUTPUT,2392,-29,405645
SWAY_PERF_OUTPUT,2393,10,405646
SWAY_PERF_FRAME,41,405590,405646
SWAY_PROFILE,block0_in,42,15,405685
SWAY_PROFILE,block1_in,42,10,405685
SWAY_PROFILE,embedding_in,43,1,405687
SWAY_PROFILE,head_in,42,6,405687
SWAY_PROFILE,patch_ready,43,2,405688
SWAY_PROFILE,block0_in,43,0,406275
SWAY_PROFILE,block1_in,42,11,406275
SWAY_PROFILE,embedding_in,43,2,406277
SWAY_PROFILE,head_in,42,7,406277
SWAY_PROFILE,patch_ready,43,3,406278
SWAY_PROFILE,block0_in,43,1,406867
SWAY_PROFILE,block1_in,42,12,406867
SWAY_PROFILE,embedding_in,43,3,406869
SWAY_PROFILE,head_in,42,8,406869
SWAY_PROFILE,patch_ready,43,4,406870
SWAY_PROFILE,block0_in,43,2,407457
SWAY_PROFILE,block1_in,42,13,407457
SWAY_PROFILE,embedding_in,43,4,407459
SWAY_PROFILE,head_in,42,9,407459
SWAY_PROFILE,patch_ready,43,5,407460
SWAY_PROFILE,block0_in,43,3,408047
SWAY_PROFILE,block1_in,42,14,408047
SWAY_PROFILE,embedding_in,43,5,408049
SWAY_PROFILE,head_in,42,10,408049
SWAY_PROFILE,patch_ready,43,6,408050
SWAY_PROFILE,block0_in,43,4,408637
SWAY_PROFILE,block1_in,42,15,408637
SWAY_PROFILE,embedding_in,43,6,408639
SWAY_PROFILE,head_in,42,11,408639
SWAY_PROFILE,patch_ready,43,7,408640
SWAY_PROFILE,block0_in,43,5,409229
SWAY_PROFILE,block1_in,43,0,409229
SWAY_PROFILE,embedding_in,43,7,409231
SWAY_PROFILE,head_in,42,12,409231
SWAY_PROFILE,patch_ready,43,8,409232
SWAY_PROFILE,block0_in,43,6,409819
SWAY_PROFILE,block1_in,43,1,409819
SWAY_PROFILE,embedding_in,43,8,409821
SWAY_PROFILE,head_in,42,13,409821
SWAY_PROFILE,patch_ready,43,9,409822
SWAY_PROFILE,block0_in,43,7,410409
SWAY_PROFILE,block1_in,43,2,410409
SWAY_PROFILE,embedding_in,43,9,410411
SWAY_PROFILE,head_in,42,14,410411
SWAY_PROFILE,patch_ready,43,10,410412
SWAY_PROFILE,block0_in,43,8,410999
SWAY_PROFILE,block1_in,43,3,410999
SWAY_PROFILE,embedding_in,43,10,411001
SWAY_PROFILE,head_in,42,15,411001
SWAY_PROFILE,patch_ready,43,11,411002
SWAY_PROFILE,block0_in,43,9,411591
SWAY_PROFILE,block1_in,43,4,411591
SWAY_PROFILE,embedding_in,43,11,411593
SWAY_PROFILE,head_in,43,0,411593
SWAY_PROFILE,patch_ready,43,12,411594
SWAY_PROFILE,block0_in,43,10,412181
SWAY_PROFILE,block1_in,43,5,412181
SWAY_PROFILE,embedding_in,43,12,412183
SWAY_PROFILE,head_in,43,1,412183
SWAY_PROFILE,patch_ready,43,13,412184
SWAY_PROFILE,block0_in,43,11,412771
SWAY_PROFILE,block1_in,43,6,412771
SWAY_PROFILE,embedding_in,43,13,412773
SWAY_PROFILE,head_in,43,2,412773
SWAY_PROFILE,patch_ready,43,14,412774
SWAY_PROFILE,block0_in,43,12,413361
SWAY_PROFILE,block1_in,43,7,413361
SWAY_PROFILE,embedding_in,43,14,413363
SWAY_PROFILE,head_in,43,3,413363
SWAY_PROFILE,patch_ready,43,15,413364
SWAY_PERF_INPUT_FRAME,45,404207,413654
SWAY_PROFILE,block0_in,43,13,413953
SWAY_PROFILE,block1_in,43,8,413953
SWAY_PROFILE,embedding_in,43,15,413955
SWAY_PROFILE,head_in,43,4,413955
SWAY_PROFILE,patch_ready,44,0,413956
SWAY_PROFILE,head_output_in,42,0,414294
SWAY_PROFILE,block0_in,43,14,414543
SWAY_PROFILE,block1_in,43,9,414543
SWAY_PROFILE,embedding_in,44,0,414545
SWAY_PROFILE,head_in,43,5,414545
SWAY_PROFILE,patch_ready,44,1,414546
SWAY_PROFILE,serialize_in,42,0,415036
SWAY_PERF_OUTPUT,2394,7,415038
SWAY_PERF_OUTPUT,2395,7,415039
SWAY_PERF_OUTPUT,2396,6,415040
SWAY_PERF_OUTPUT,2397,6,415041
SWAY_PERF_OUTPUT,2398,12,415042
SWAY_PERF_OUTPUT,2399,16,415043
SWAY_PERF_OUTPUT,2400,19,415044
SWAY_PERF_OUTPUT,2401,1,415045
SWAY_PERF_OUTPUT,2402,-2,415046
SWAY_PERF_OUTPUT,2403,-3,415047
SWAY_PERF_OUTPUT,2404,9,415048
SWAY_PERF_OUTPUT,2405,10,415049
SWAY_PERF_OUTPUT,2406,11,415050
SWAY_PERF_OUTPUT,2407,11,415051
SWAY_PERF_OUTPUT,2408,4,415052
SWAY_PERF_OUTPUT,2409,2,415053
SWAY_PERF_OUTPUT,2410,0,415054
SWAY_PERF_OUTPUT,2411,0,415055
SWAY_PERF_OUTPUT,2412,7,415056
SWAY_PERF_OUTPUT,2413,63,415057
SWAY_PERF_OUTPUT,2414,63,415058
SWAY_PERF_OUTPUT,2415,63,415059
SWAY_PERF_OUTPUT,2416,62,415060
SWAY_PERF_OUTPUT,2417,62,415061
SWAY_PERF_OUTPUT,2418,63,415062
SWAY_PERF_OUTPUT,2419,61,415063
SWAY_PERF_OUTPUT,2420,62,415064
SWAY_PERF_OUTPUT,2421,63,415065
SWAY_PERF_OUTPUT,2422,61,415066
SWAY_PERF_OUTPUT,2423,62,415067
SWAY_PERF_OUTPUT,2424,62,415068
SWAY_PERF_OUTPUT,2425,63,415069
SWAY_PERF_OUTPUT,2426,61,415070
SWAY_PERF_OUTPUT,2427,62,415071
SWAY_PERF_OUTPUT,2428,62,415072
SWAY_PERF_OUTPUT,2429,63,415073
SWAY_PERF_OUTPUT,2430,60,415074
SWAY_PERF_OUTPUT,2431,63,415075
SWAY_PERF_OUTPUT,2432,-7,415076
SWAY_PERF_OUTPUT,2433,2,415077
SWAY_PERF_OUTPUT,2434,13,415078
SWAY_PERF_OUTPUT,2435,17,415079
SWAY_PERF_OUTPUT,2436,9,415080
SWAY_PERF_OUTPUT,2437,5,415081
SWAY_PERF_OUTPUT,2438,2,415082
SWAY_PERF_OUTPUT,2439,9,415083
SWAY_PERF_OUTPUT,2440,2,415084
SWAY_PERF_OUTPUT,2441,-4,415085
SWAY_PERF_OUTPUT,2442,-7,415086
SWAY_PERF_OUTPUT,2443,-17,415087
SWAY_PERF_OUTPUT,2444,-28,415088
SWAY_PERF_OUTPUT,2445,-29,415089
SWAY_PERF_OUTPUT,2446,-7,415090
SWAY_PERF_OUTPUT,2447,-16,415091
SWAY_PERF_OUTPUT,2448,-27,415092
SWAY_PERF_OUTPUT,2449,-29,415093
SWAY_PERF_OUTPUT,2450,10,415094
SWAY_PERF_FRAME,42,415038,415094
SWAY_PROFILE,block0_in,43,15,415133
SWAY_PROFILE,block1_in,43,10,415133
SWAY_PROFILE,embedding_in,44,1,415135
SWAY_PROFILE,head_in,43,6,415135
SWAY_PROFILE,patch_ready,44,2,415136
SWAY_PROFILE,block0_in,44,0,415723
SWAY_PROFILE,block1_in,43,11,415723
SWAY_PROFILE,embedding_in,44,2,415725
SWAY_PROFILE,head_in,43,7,415725
SWAY_PROFILE,patch_ready,44,3,415726
SWAY_PROFILE,block0_in,44,1,416315
SWAY_PROFILE,block1_in,43,12,416315
SWAY_PROFILE,embedding_in,44,3,416317
SWAY_PROFILE,head_in,43,8,416317
SWAY_PROFILE,patch_ready,44,4,416318
SWAY_PROFILE,block0_in,44,2,416905
SWAY_PROFILE,block1_in,43,13,416905
SWAY_PROFILE,embedding_in,44,4,416907
SWAY_PROFILE,head_in,43,9,416907
SWAY_PROFILE,patch_ready,44,5,416908
SWAY_PROFILE,block0_in,44,3,417495
SWAY_PROFILE,block1_in,43,14,417495
SWAY_PROFILE,embedding_in,44,5,417497
SWAY_PROFILE,head_in,43,10,417497
SWAY_PROFILE,patch_ready,44,6,417498
SWAY_PROFILE,block0_in,44,4,418085
SWAY_PROFILE,block1_in,43,15,418085
SWAY_PROFILE,embedding_in,44,6,418087
SWAY_PROFILE,head_in,43,11,418087
SWAY_PROFILE,patch_ready,44,7,418088
SWAY_PROFILE,block0_in,44,5,418677
SWAY_PROFILE,block1_in,44,0,418677
SWAY_PROFILE,embedding_in,44,7,418679
SWAY_PROFILE,head_in,43,12,418679
SWAY_PROFILE,patch_ready,44,8,418680
SWAY_PROFILE,block0_in,44,6,419267
SWAY_PROFILE,block1_in,44,1,419267
SWAY_PROFILE,embedding_in,44,8,419269
SWAY_PROFILE,head_in,43,13,419269
SWAY_PROFILE,patch_ready,44,9,419270
SWAY_PROFILE,block0_in,44,7,419857
SWAY_PROFILE,block1_in,44,2,419857
SWAY_PROFILE,embedding_in,44,9,419859
SWAY_PROFILE,head_in,43,14,419859
SWAY_PROFILE,patch_ready,44,10,419860
SWAY_PROFILE,block0_in,44,8,420447
SWAY_PROFILE,block1_in,44,3,420447
SWAY_PROFILE,embedding_in,44,10,420449
SWAY_PROFILE,head_in,43,15,420449
SWAY_PROFILE,patch_ready,44,11,420450
SWAY_PROFILE,block0_in,44,9,421039
SWAY_PROFILE,block1_in,44,4,421039
SWAY_PROFILE,embedding_in,44,11,421041
SWAY_PROFILE,head_in,44,0,421041
SWAY_PROFILE,patch_ready,44,12,421042
SWAY_PROFILE,block0_in,44,10,421629
SWAY_PROFILE,block1_in,44,5,421629
SWAY_PROFILE,embedding_in,44,12,421631
SWAY_PROFILE,head_in,44,1,421631
SWAY_PROFILE,patch_ready,44,13,421632
SWAY_PROFILE,block0_in,44,11,422219
SWAY_PROFILE,block1_in,44,6,422219
SWAY_PROFILE,embedding_in,44,13,422221
SWAY_PROFILE,head_in,44,2,422221
SWAY_PROFILE,patch_ready,44,14,422222
SWAY_PROFILE,block0_in,44,12,422809
SWAY_PROFILE,block1_in,44,7,422809
SWAY_PROFILE,embedding_in,44,14,422811
SWAY_PROFILE,head_in,44,3,422811
SWAY_PROFILE,patch_ready,44,15,422812
SWAY_PERF_INPUT_FRAME,46,413655,423102
SWAY_PROFILE,block0_in,44,13,423401
SWAY_PROFILE,block1_in,44,8,423401
SWAY_PROFILE,embedding_in,44,15,423403
SWAY_PROFILE,head_in,44,4,423403
SWAY_PROFILE,patch_ready,45,0,423404
SWAY_PROFILE,head_output_in,43,0,423742
SWAY_PROFILE,block0_in,44,14,423991
SWAY_PROFILE,block1_in,44,9,423991
SWAY_PROFILE,embedding_in,45,0,423993
SWAY_PROFILE,head_in,44,5,423993
SWAY_PROFILE,patch_ready,45,1,423994
SWAY_PROFILE,serialize_in,43,0,424484
SWAY_PERF_OUTPUT,2451,7,424486
SWAY_PERF_OUTPUT,2452,8,424487
SWAY_PERF_OUTPUT,2453,8,424488
SWAY_PERF_OUTPUT,2454,8,424489
SWAY_PERF_OUTPUT,2455,13,424490
SWAY_PERF_OUTPUT,2456,17,424491
SWAY_PERF_OUTPUT,2457,20,424492
SWAY_PERF_OUTPUT,2458,2,424493
SWAY_PERF_OUTPUT,2459,-2,424494
SWAY_PERF_OUTPUT,2460,-5,424495
SWAY_PERF_OUTPUT,2461,10,424496
SWAY_PERF_OUTPUT,2462,11,424497
SWAY_PERF_OUTPUT,2463,10,424498
SWAY_PERF_OUTPUT,2464,11,424499
SWAY_PERF_OUTPUT,2465,5,424500
SWAY_PERF_OUTPUT,2466,3,424501
SWAY_PERF_OUTPUT,2467,0,424502
SWAY_PERF_OUTPUT,2468,0,424503
SWAY_PERF_OUTPUT,2469,8,424504
SWAY_PERF_OUTPUT,2470,62,424505
SWAY_PERF_OUTPUT,2471,62,424506
SWAY_PERF_OUTPUT,2472,62,424507
SWAY_PERF_OUTPUT,2473,62,424508
SWAY_PERF_OUTPUT,2474,62,424509
SWAY_PERF_OUTPUT,2475,62,424510
SWAY_PERF_OUTPUT,2476,60,424511
SWAY_PERF_OUTPUT,2477,61,424512
SWAY_PERF_OUTPUT,2478,61,424513
SWAY_PERF_OUTPUT,2479,60,424514
SWAY_PERF_OUTPUT,2480,61,424515
SWAY_PERF_OUTPUT,2481,60,424516
SWAY_PERF_OUTPUT,2482,62,424517
SWAY_PERF_OUTPUT,2483,59,424518
SWAY_PERF_OUTPUT,2484,61,424519
SWAY_PERF_OUTPUT,2485,61,424520
SWAY_PERF_OUTPUT,2486,64,424521
SWAY_PERF_OUTPUT,2487,60,424522
SWAY_PERF_OUTPUT,2488,62,424523
SWAY_PERF_OUTPUT,2489,-6,424524
SWAY_PERF_OUTPUT,2490,4,424525
SWAY_PERF_OUTPUT,2491,14,424526
SWAY_PERF_OUTPUT,2492,18,424527
SWAY_PERF_OUTPUT,2493,10,424528
SWAY_PERF_OUTPUT,2494,6,424529
SWAY_PERF_OUTPUT,2495,-1,424530
SWAY_PERF_OUTPUT,2496,10,424531
SWAY_PERF_OUTPUT,2497,4,424532
SWAY_PERF_OUTPUT,2498,-1,424533
SWAY_PERF_OUTPUT,2499,-5,424534
SWAY_PERF_OUTPUT,2500,-16,424535
SWAY_PERF_OUTPUT,2501,-26,424536
SWAY_PERF_OUTPUT,2502,-29,424537
SWAY_PERF_OUTPUT,2503,-6,424538
SWAY_PERF_OUTPUT,2504,-15,424539
SWAY_PERF_OUTPUT,2505,-26,424540
SWAY_PERF_OUTPUT,2506,-28,424541
SWAY_PERF_OUTPUT,2507,11,424542
SWAY_PERF_FRAME,43,424486,424542
SWAY_PROFILE,block0_in,44,15,424581
SWAY_PROFILE,block1_in,44,10,424581
SWAY_PROFILE,embedding_in,45,1,424583
SWAY_PROFILE,head_in,44,6,424583
SWAY_PROFILE,patch_ready,45,2,424584
SWAY_PROFILE,block0_in,45,0,425171
SWAY_PROFILE,block1_in,44,11,425171
SWAY_PROFILE,embedding_in,45,2,425173
SWAY_PROFILE,head_in,44,7,425173
SWAY_PROFILE,patch_ready,45,3,425174
SWAY_PROFILE,block0_in,45,1,425763
SWAY_PROFILE,block1_in,44,12,425763
SWAY_PROFILE,embedding_in,45,3,425765
SWAY_PROFILE,head_in,44,8,425765
SWAY_PROFILE,patch_ready,45,4,425766
SWAY_PROFILE,block0_in,45,2,426353
SWAY_PROFILE,block1_in,44,13,426353
SWAY_PROFILE,embedding_in,45,4,426355
SWAY_PROFILE,head_in,44,9,426355
SWAY_PROFILE,patch_ready,45,5,426356
SWAY_PROFILE,block0_in,45,3,426943
SWAY_PROFILE,block1_in,44,14,426943
SWAY_PROFILE,embedding_in,45,5,426945
SWAY_PROFILE,head_in,44,10,426945
SWAY_PROFILE,patch_ready,45,6,426946
SWAY_PROFILE,block0_in,45,4,427533
SWAY_PROFILE,block1_in,44,15,427533
SWAY_PROFILE,embedding_in,45,6,427535
SWAY_PROFILE,head_in,44,11,427535
SWAY_PROFILE,patch_ready,45,7,427536
SWAY_PROFILE,block0_in,45,5,428125
SWAY_PROFILE,block1_in,45,0,428125
SWAY_PROFILE,embedding_in,45,7,428127
SWAY_PROFILE,head_in,44,12,428127
SWAY_PROFILE,patch_ready,45,8,428128
SWAY_PROFILE,block0_in,45,6,428715
SWAY_PROFILE,block1_in,45,1,428715
SWAY_PROFILE,embedding_in,45,8,428717
SWAY_PROFILE,head_in,44,13,428717
SWAY_PROFILE,patch_ready,45,9,428718
SWAY_PROFILE,block0_in,45,7,429305
SWAY_PROFILE,block1_in,45,2,429305
SWAY_PROFILE,embedding_in,45,9,429307
SWAY_PROFILE,head_in,44,14,429307
SWAY_PROFILE,patch_ready,45,10,429308
SWAY_PROFILE,block0_in,45,8,429895
SWAY_PROFILE,block1_in,45,3,429895
SWAY_PROFILE,embedding_in,45,10,429897
SWAY_PROFILE,head_in,44,15,429897
SWAY_PROFILE,patch_ready,45,11,429898
SWAY_PROFILE,block0_in,45,9,430487
SWAY_PROFILE,block1_in,45,4,430487
SWAY_PROFILE,embedding_in,45,11,430489
SWAY_PROFILE,head_in,45,0,430489
SWAY_PROFILE,patch_ready,45,12,430490
SWAY_PROFILE,block0_in,45,10,431077
SWAY_PROFILE,block1_in,45,5,431077
SWAY_PROFILE,embedding_in,45,12,431079
SWAY_PROFILE,head_in,45,1,431079
SWAY_PROFILE,patch_ready,45,13,431080
SWAY_PROFILE,block0_in,45,11,431667
SWAY_PROFILE,block1_in,45,6,431667
SWAY_PROFILE,embedding_in,45,13,431669
SWAY_PROFILE,head_in,45,2,431669
SWAY_PROFILE,patch_ready,45,14,431670
SWAY_PROFILE,block0_in,45,12,432257
SWAY_PROFILE,block1_in,45,7,432257
SWAY_PROFILE,embedding_in,45,14,432259
SWAY_PROFILE,head_in,45,3,432259
SWAY_PROFILE,patch_ready,45,15,432260
SWAY_PERF_INPUT_FRAME,47,423103,432550
SWAY_PROFILE,block0_in,45,13,432849
SWAY_PROFILE,block1_in,45,8,432849
SWAY_PROFILE,embedding_in,45,15,432851
SWAY_PROFILE,head_in,45,4,432851
SWAY_PROFILE,patch_ready,46,0,432852
SWAY_PROFILE,head_output_in,44,0,433190
SWAY_PROFILE,block0_in,45,14,433439
SWAY_PROFILE,block1_in,45,9,433439
SWAY_PROFILE,embedding_in,46,0,433441
SWAY_PROFILE,head_in,45,5,433441
SWAY_PROFILE,patch_ready,46,1,433442
SWAY_PROFILE,serialize_in,44,0,433932
SWAY_PERF_OUTPUT,2508,8,433934
SWAY_PERF_OUTPUT,2509,9,433935
SWAY_PERF_OUTPUT,2510,8,433936
SWAY_PERF_OUTPUT,2511,9,433937
SWAY_PERF_OUTPUT,2512,13,433938
SWAY_PERF_OUTPUT,2513,16,433939
SWAY_PERF_OUTPUT,2514,15,433940
SWAY_PERF_OUTPUT,2515,4,433941
SWAY_PERF_OUTPUT,2516,1,433942
SWAY_PERF_OUTPUT,2517,0,433943
SWAY_PERF_OUTPUT,2518,10,433944
SWAY_PERF_OUTPUT,2519,10,433945
SWAY_PERF_OUTPUT,2520,8,433946
SWAY_PERF_OUTPUT,2521,8,433947
SWAY_PERF_OUTPUT,2522,6,433948
SWAY_PERF_OUTPUT,2523,4,433949
SWAY_PERF_OUTPUT,2524,2,433950
SWAY_PERF_OUTPUT,2525,1,433951
SWAY_PERF_OUTPUT,2526,9,433952
SWAY_PERF_OUTPUT,2527,63,433953
SWAY_PERF_OUTPUT,2528,63,433954
SWAY_PERF_OUTPUT,2529,63,433955
SWAY_PERF_OUTPUT,2530,63,433956
SWAY_PERF_OUTPUT,2531,62,433957
SWAY_PERF_OUTPUT,2532,62,433958
SWAY_PERF_OUTPUT,2533,60,433959
SWAY_PERF_OUTPUT,2534,62,433960
SWAY_PERF_OUTPUT,2535,64,433961
SWAY_PERF_OUTPUT,2536,62,433962
SWAY_PERF_OUTPUT,2537,62,433963
SWAY_PERF_OUTPUT,2538,62,433964
SWAY_PERF_OUTPUT,2539,63,433965
SWAY_PERF_OUTPUT,2540,62,433966
SWAY_PERF_OUTPUT,2541,62,433967
SWAY_PERF_OUTPUT,2542,62,433968
SWAY_PERF_OUTPUT,2543,63,433969
SWAY_PERF_OUTPUT,2544,59,433970
SWAY_PERF_OUTPUT,2545,63,433971
SWAY_PERF_OUTPUT,2546,-8,433972
SWAY_PERF_OUTPUT,2547,2,433973
SWAY_PERF_OUTPUT,2548,13,433974
SWAY_PERF_OUTPUT,2549,17,433975
SWAY_PERF_OUTPUT,2550,9,433976
SWAY_PERF_OUTPUT,2551,2,433977
SWAY_PERF_OUTPUT,2552,-4,433978
SWAY_PERF_OUTPUT,2553,8,433979
SWAY_PERF_OUTPUT,2554,2,433980
SWAY_PERF_OUTPUT,2555,-4,433981
SWAY_PERF_OUTPUT,2556,-7,433982
SWAY_PERF_OUTPUT,2557,-17,433983
SWAY_PERF_OUTPUT,2558,-28,433984
SWAY_PERF_OUTPUT,2559,-30,433985
SWAY_PERF_OUTPUT,2560,-7,433986
SWAY_PERF_OUTPUT,2561,-16,433987
SWAY_PERF_OUTPUT,2562,-26,433988
SWAY_PERF_OUTPUT,2563,-29,433989
SWAY_PERF_OUTPUT,2564,10,433990
SWAY_PERF_FRAME,44,433934,433990
SWAY_PROFILE,block0_in,45,15,434029
SWAY_PROFILE,block1_in,45,10,434029
SWAY_PROFILE,embedding_in,46,1,434031
SWAY_PROFILE,head_in,45,6,434031
SWAY_PROFILE,patch_ready,46,2,434032
SWAY_PROFILE,block0_in,46,0,434619
SWAY_PROFILE,block1_in,45,11,434619
SWAY_PROFILE,embedding_in,46,2,434621
SWAY_PROFILE,head_in,45,7,434621
SWAY_PROFILE,patch_ready,46,3,434622
SWAY_PROFILE,block0_in,46,1,435211
SWAY_PROFILE,block1_in,45,12,435211
SWAY_PROFILE,embedding_in,46,3,435213
SWAY_PROFILE,head_in,45,8,435213
SWAY_PROFILE,patch_ready,46,4,435214
SWAY_PROFILE,block0_in,46,2,435801
SWAY_PROFILE,block1_in,45,13,435801
SWAY_PROFILE,embedding_in,46,4,435803
SWAY_PROFILE,head_in,45,9,435803
SWAY_PROFILE,patch_ready,46,5,435804
SWAY_PROFILE,block0_in,46,3,436391
SWAY_PROFILE,block1_in,45,14,436391
SWAY_PROFILE,embedding_in,46,5,436393
SWAY_PROFILE,head_in,45,10,436393
SWAY_PROFILE,patch_ready,46,6,436394
SWAY_PROFILE,block0_in,46,4,436981
SWAY_PROFILE,block1_in,45,15,436981
SWAY_PROFILE,embedding_in,46,6,436983
SWAY_PROFILE,head_in,45,11,436983
SWAY_PROFILE,patch_ready,46,7,436984
SWAY_PROFILE,block0_in,46,5,437573
SWAY_PROFILE,block1_in,46,0,437573
SWAY_PROFILE,embedding_in,46,7,437575
SWAY_PROFILE,head_in,45,12,437575
SWAY_PROFILE,patch_ready,46,8,437576
SWAY_PROFILE,block0_in,46,6,438163
SWAY_PROFILE,block1_in,46,1,438163
SWAY_PROFILE,embedding_in,46,8,438165
SWAY_PROFILE,head_in,45,13,438165
SWAY_PROFILE,patch_ready,46,9,438166
SWAY_PROFILE,block0_in,46,7,438753
SWAY_PROFILE,block1_in,46,2,438753
SWAY_PROFILE,embedding_in,46,9,438755
SWAY_PROFILE,head_in,45,14,438755
SWAY_PROFILE,patch_ready,46,10,438756
SWAY_PROFILE,block0_in,46,8,439343
SWAY_PROFILE,block1_in,46,3,439343
SWAY_PROFILE,embedding_in,46,10,439345
SWAY_PROFILE,head_in,45,15,439345
SWAY_PROFILE,patch_ready,46,11,439346
SWAY_PROFILE,block0_in,46,9,439935
SWAY_PROFILE,block1_in,46,4,439935
SWAY_PROFILE,embedding_in,46,11,439937
SWAY_PROFILE,head_in,46,0,439937
SWAY_PROFILE,patch_ready,46,12,439938
SWAY_PROFILE,block0_in,46,10,440525
SWAY_PROFILE,block1_in,46,5,440525
SWAY_PROFILE,embedding_in,46,12,440527
SWAY_PROFILE,head_in,46,1,440527
SWAY_PROFILE,patch_ready,46,13,440528
SWAY_PROFILE,block0_in,46,11,441115
SWAY_PROFILE,block1_in,46,6,441115
SWAY_PROFILE,embedding_in,46,13,441117
SWAY_PROFILE,head_in,46,2,441117
SWAY_PROFILE,patch_ready,46,14,441118
SWAY_PROFILE,block0_in,46,12,441705
SWAY_PROFILE,block1_in,46,7,441705
SWAY_PROFILE,embedding_in,46,14,441707
SWAY_PROFILE,head_in,46,3,441707
SWAY_PROFILE,patch_ready,46,15,441708
SWAY_PERF_INPUT_FRAME,48,432551,441998
SWAY_PROFILE,block0_in,46,13,442297
SWAY_PROFILE,block1_in,46,8,442297
SWAY_PROFILE,embedding_in,46,15,442299
SWAY_PROFILE,head_in,46,4,442299
SWAY_PROFILE,patch_ready,47,0,442300
SWAY_PROFILE,head_output_in,45,0,442638
SWAY_PROFILE,block0_in,46,14,442887
SWAY_PROFILE,block1_in,46,9,442887
SWAY_PROFILE,embedding_in,47,0,442889
SWAY_PROFILE,head_in,46,5,442889
SWAY_PROFILE,patch_ready,47,1,442890
SWAY_PROFILE,serialize_in,45,0,443380
SWAY_PERF_OUTPUT,2565,7,443382
SWAY_PERF_OUTPUT,2566,7,443383
SWAY_PERF_OUTPUT,2567,6,443384
SWAY_PERF_OUTPUT,2568,7,443385
SWAY_PERF_OUTPUT,2569,13,443386
SWAY_PERF_OUTPUT,2570,17,443387
SWAY_PERF_OUTPUT,2571,20,443388
SWAY_PERF_OUTPUT,2572,1,443389
SWAY_PERF_OUTPUT,2573,-3,443390
SWAY_PERF_OUTPUT,2574,-4,443391
SWAY_PERF_OUTPUT,2575,10,443392
SWAY_PERF_OUTPUT,2576,11,443393
SWAY_PERF_OUTPUT,2577,13,443394
SWAY_PERF_OUTPUT,2578,13,443395
SWAY_PERF_OUTPUT,2579,5,443396
SWAY_PERF_OUTPUT,2580,4,443397
SWAY_PERF_OUTPUT,2581,2,443398
SWAY_PERF_OUTPUT,2582,2,443399
SWAY_PERF_OUTPUT,2583,7,443400
SWAY_PERF_OUTPUT,2584,62,443401
SWAY_PERF_OUTPUT,2585,62,443402
SWAY_PERF_OUTPUT,2586,62,443403
SWAY_PERF_OUTPUT,2587,61,443404
SWAY_PERF_OUTPUT,2588,63,443405
SWAY_PERF_OUTPUT,2589,65,443406
SWAY_PERF_OUTPUT,2590,62,443407
SWAY_PERF_OUTPUT,2591,60,443408
SWAY_PERF_OUTPUT,2592,59,443409
SWAY_PERF_OUTPUT,2593,57,443410
SWAY_PERF_OUTPUT,2594,60,443411
SWAY_PERF_OUTPUT,2595,60,443412
SWAY_PERF_OUTPUT,2596,59,443413
SWAY_PERF_OUTPUT,2597,56,443414
SWAY_PERF_OUTPUT,2598,60,443415
SWAY_PERF_OUTPUT,2599,63,443416
SWAY_PERF_OUTPUT,2600,65,443417
SWAY_PERF_OUTPUT,2601,62,443418
SWAY_PERF_OUTPUT,2602,62,443419
SWAY_PERF_OUTPUT,2603,-3,443420
SWAY_PERF_OUTPUT,2604,7,443421
SWAY_PERF_OUTPUT,2605,17,443422
SWAY_PERF_OUTPUT,2606,22,443423
SWAY_PERF_OUTPUT,2607,14,443424
SWAY_PERF_OUTPUT,2608,10,443425
SWAY_PERF_OUTPUT,2609,8,443426
SWAY_PERF_OUTPUT,2610,14,443427
SWAY_PERF_OUTPUT,2611,8,443428
SWAY_PERF_OUTPUT,2612,4,443429
SWAY_PERF_OUTPUT,2613,-2,443430
SWAY_PERF_OUTPUT,2614,-15,443431
SWAY_PERF_OUTPUT,2615,-26,443432
SWAY_PERF_OUTPUT,2616,-28,443433
SWAY_PERF_OUTPUT,2617,-3,443434
SWAY_PERF_OUTPUT,2618,-15,443435
SWAY_PERF_OUTPUT,2619,-26,443436
SWAY_PERF_OUTPUT,2620,-28,443437
SWAY_PERF_OUTPUT,2621,15,443438
SWAY_PERF_FRAME,45,443382,443438
SWAY_PROFILE,block0_in,46,15,443477
SWAY_PROFILE,block1_in,46,10,443477
SWAY_PROFILE,embedding_in,47,1,443479
SWAY_PROFILE,head_in,46,6,443479
SWAY_PROFILE,patch_ready,47,2,443480
SWAY_PROFILE,block0_in,47,0,444067
SWAY_PROFILE,block1_in,46,11,444067
SWAY_PROFILE,embedding_in,47,2,444069
SWAY_PROFILE,head_in,46,7,444069
SWAY_PROFILE,patch_ready,47,3,444070
SWAY_PROFILE,block0_in,47,1,444659
SWAY_PROFILE,block1_in,46,12,444659
SWAY_PROFILE,embedding_in,47,3,444661
SWAY_PROFILE,head_in,46,8,444661
SWAY_PROFILE,patch_ready,47,4,444662
SWAY_PROFILE,block0_in,47,2,445249
SWAY_PROFILE,block1_in,46,13,445249
SWAY_PROFILE,embedding_in,47,4,445251
SWAY_PROFILE,head_in,46,9,445251
SWAY_PROFILE,patch_ready,47,5,445252
SWAY_PROFILE,block0_in,47,3,445839
SWAY_PROFILE,block1_in,46,14,445839
SWAY_PROFILE,embedding_in,47,5,445841
SWAY_PROFILE,head_in,46,10,445841
SWAY_PROFILE,patch_ready,47,6,445842
SWAY_PROFILE,block0_in,47,4,446429
SWAY_PROFILE,block1_in,46,15,446429
SWAY_PROFILE,embedding_in,47,6,446431
SWAY_PROFILE,head_in,46,11,446431
SWAY_PROFILE,patch_ready,47,7,446432
SWAY_PROFILE,block0_in,47,5,447021
SWAY_PROFILE,block1_in,47,0,447021
SWAY_PROFILE,embedding_in,47,7,447023
SWAY_PROFILE,head_in,46,12,447023
SWAY_PROFILE,patch_ready,47,8,447024
SWAY_PROFILE,block0_in,47,6,447611
SWAY_PROFILE,block1_in,47,1,447611
SWAY_PROFILE,embedding_in,47,8,447613
SWAY_PROFILE,head_in,46,13,447613
SWAY_PROFILE,patch_ready,47,9,447614
SWAY_PROFILE,block0_in,47,7,448201
SWAY_PROFILE,block1_in,47,2,448201
SWAY_PROFILE,embedding_in,47,9,448203
SWAY_PROFILE,head_in,46,14,448203
SWAY_PROFILE,patch_ready,47,10,448204
SWAY_PROFILE,block0_in,47,8,448791
SWAY_PROFILE,block1_in,47,3,448791
SWAY_PROFILE,embedding_in,47,10,448793
SWAY_PROFILE,head_in,46,15,448793
SWAY_PROFILE,patch_ready,47,11,448794
SWAY_PROFILE,block0_in,47,9,449383
SWAY_PROFILE,block1_in,47,4,449383
SWAY_PROFILE,embedding_in,47,11,449385
SWAY_PROFILE,head_in,47,0,449385
SWAY_PROFILE,patch_ready,47,12,449386
SWAY_PROFILE,block0_in,47,10,449973
SWAY_PROFILE,block1_in,47,5,449973
SWAY_PROFILE,embedding_in,47,12,449975
SWAY_PROFILE,head_in,47,1,449975
SWAY_PROFILE,patch_ready,47,13,449976
SWAY_PROFILE,block0_in,47,11,450563
SWAY_PROFILE,block1_in,47,6,450563
SWAY_PROFILE,embedding_in,47,13,450565
SWAY_PROFILE,head_in,47,2,450565
SWAY_PROFILE,patch_ready,47,14,450566
SWAY_PROFILE,block0_in,47,12,451153
SWAY_PROFILE,block1_in,47,7,451153
SWAY_PROFILE,embedding_in,47,14,451155
SWAY_PROFILE,head_in,47,3,451155
SWAY_PROFILE,patch_ready,47,15,451156
SWAY_PERF_INPUT_FRAME,49,441999,451446
SWAY_PROFILE,block0_in,47,13,451745
SWAY_PROFILE,block1_in,47,8,451745
SWAY_PROFILE,embedding_in,47,15,451747
SWAY_PROFILE,head_in,47,4,451747
SWAY_PROFILE,patch_ready,48,0,451748
SWAY_PROFILE,head_output_in,46,0,452086
SWAY_PROFILE,block0_in,47,14,452335
SWAY_PROFILE,block1_in,47,9,452335
SWAY_PROFILE,embedding_in,48,0,452337
SWAY_PROFILE,head_in,47,5,452337
SWAY_PROFILE,patch_ready,48,1,452338
SWAY_PROFILE,serialize_in,46,0,452828
SWAY_PERF_OUTPUT,2622,8,452830
SWAY_PERF_OUTPUT,2623,9,452831
SWAY_PERF_OUTPUT,2624,9,452832
SWAY_PERF_OUTPUT,2625,9,452833
SWAY_PERF_OUTPUT,2626,14,452834
SWAY_PERF_OUTPUT,2627,20,452835
SWAY_PERF_OUTPUT,2628,23,452836
SWAY_PERF_OUTPUT,2629,3,452837
SWAY_PERF_OUTPUT,2630,-4,452838
SWAY_PERF_OUTPUT,2631,-9,452839
SWAY_PERF_OUTPUT,2632,11,452840
SWAY_PERF_OUTPUT,2633,13,452841
SWAY_PERF_OUTPUT,2634,13,452842
SWAY_PERF_OUTPUT,2635,14,452843
SWAY_PERF_OUTPUT,2636,6,452844
SWAY_PERF_OUTPUT,2637,0,452845
SWAY_PERF_OUTPUT,2638,-5,452846
SWAY_PERF_OUTPUT,2639,-5,452847
SWAY_PERF_OUTPUT,2640,9,452848
SWAY_PERF_OUTPUT,2641,62,452849
SWAY_PERF_OUTPUT,2642,61,452850
SWAY_PERF_OUTPUT,2643,60,452851
SWAY_PERF_OUTPUT,2644,59,452852
SWAY_PERF_OUTPUT,2645,59,452853
SWAY_PERF_OUTPUT,2646,59,452854
SWAY_PERF_OUTPUT,2647,58,452855
SWAY_PERF_OUTPUT,2648,60,452856
SWAY_PERF_OUTPUT,2649,60,452857
SWAY_PERF_OUTPUT,2650,59,452858
SWAY_PERF_OUTPUT,2651,60,452859
SWAY_PERF_OUTPUT,2652,58,452860
SWAY_PERF_OUTPUT,2653,61,452861
SWAY_PERF_OUTPUT,2654,59,452862
SWAY_PERF_OUTPUT,2655,61,452863
SWAY_PERF_OUTPUT,2656,59,452864
SWAY_PERF_OUTPUT,2657,61,452865
SWAY_PERF_OUTPUT,2658,58,452866
SWAY_PERF_OUTPUT,2659,60,452867
SWAY_PERF_OUTPUT,2660,-8,452868
SWAY_PERF_OUTPUT,2661,2,452869
SWAY_PERF_OUTPUT,2662,11,452870
SWAY_PERF_OUTPUT,2663,15,452871
SWAY_PERF_OUTPUT,2664,8,452872
SWAY_PERF_OUTPUT,2665,6,452873
SWAY_PERF_OUTPUT,2666,5,452874
SWAY_PERF_OUTPUT,2667,8,452875
SWAY_PERF_OUTPUT,2668,6,452876
SWAY_PERF_OUTPUT,2669,8,452877
SWAY_PERF_OUTPUT,2670,-7,452878
SWAY_PERF_OUTPUT,2671,-16,452879
SWAY_PERF_OUTPUT,2672,-27,452880
SWAY_PERF_OUTPUT,2673,-29,452881
SWAY_PERF_OUTPUT,2674,-7,452882
SWAY_PERF_OUTPUT,2675,-14,452883
SWAY_PERF_OUTPUT,2676,-25,452884
SWAY_PERF_OUTPUT,2677,-27,452885
SWAY_PERF_OUTPUT,2678,9,452886
SWAY_PERF_FRAME,46,452830,452886
SWAY_PROFILE,block0_in,47,15,452925
SWAY_PROFILE,block1_in,47,10,452925
SWAY_PROFILE,embedding_in,48,1,452927
SWAY_PROFILE,head_in,47,6,452927
SWAY_PROFILE,patch_ready,48,2,452928
SWAY_PROFILE,block0_in,48,0,453515
SWAY_PROFILE,block1_in,47,11,453515
SWAY_PROFILE,embedding_in,48,2,453517
SWAY_PROFILE,head_in,47,7,453517
SWAY_PROFILE,patch_ready,48,3,453518
SWAY_PROFILE,block0_in,48,1,454107
SWAY_PROFILE,block1_in,47,12,454107
SWAY_PROFILE,embedding_in,48,3,454109
SWAY_PROFILE,head_in,47,8,454109
SWAY_PROFILE,patch_ready,48,4,454110
SWAY_PROFILE,block0_in,48,2,454697
SWAY_PROFILE,block1_in,47,13,454697
SWAY_PROFILE,embedding_in,48,4,454699
SWAY_PROFILE,head_in,47,9,454699
SWAY_PROFILE,patch_ready,48,5,454700
SWAY_PROFILE,block0_in,48,3,455287
SWAY_PROFILE,block1_in,47,14,455287
SWAY_PROFILE,embedding_in,48,5,455289
SWAY_PROFILE,head_in,47,10,455289
SWAY_PROFILE,patch_ready,48,6,455290
SWAY_PROFILE,block0_in,48,4,455877
SWAY_PROFILE,block1_in,47,15,455877
SWAY_PROFILE,embedding_in,48,6,455879
SWAY_PROFILE,head_in,47,11,455879
SWAY_PROFILE,patch_ready,48,7,455880
SWAY_PROFILE,block0_in,48,5,456469
SWAY_PROFILE,block1_in,48,0,456469
SWAY_PROFILE,embedding_in,48,7,456471
SWAY_PROFILE,head_in,47,12,456471
SWAY_PROFILE,patch_ready,48,8,456472
SWAY_PROFILE,block0_in,48,6,457059
SWAY_PROFILE,block1_in,48,1,457059
SWAY_PROFILE,embedding_in,48,8,457061
SWAY_PROFILE,head_in,47,13,457061
SWAY_PROFILE,patch_ready,48,9,457062
SWAY_PROFILE,block0_in,48,7,457649
SWAY_PROFILE,block1_in,48,2,457649
SWAY_PROFILE,embedding_in,48,9,457651
SWAY_PROFILE,head_in,47,14,457651
SWAY_PROFILE,patch_ready,48,10,457652
SWAY_PROFILE,block0_in,48,8,458239
SWAY_PROFILE,block1_in,48,3,458239
SWAY_PROFILE,embedding_in,48,10,458241
SWAY_PROFILE,head_in,47,15,458241
SWAY_PROFILE,patch_ready,48,11,458242
SWAY_PROFILE,block0_in,48,9,458831
SWAY_PROFILE,block1_in,48,4,458831
SWAY_PROFILE,embedding_in,48,11,458833
SWAY_PROFILE,head_in,48,0,458833
SWAY_PROFILE,patch_ready,48,12,458834
SWAY_PROFILE,block0_in,48,10,459421
SWAY_PROFILE,block1_in,48,5,459421
SWAY_PROFILE,embedding_in,48,12,459423
SWAY_PROFILE,head_in,48,1,459423
SWAY_PROFILE,patch_ready,48,13,459424
SWAY_PROFILE,block0_in,48,11,460011
SWAY_PROFILE,block1_in,48,6,460011
SWAY_PROFILE,embedding_in,48,13,460013
SWAY_PROFILE,head_in,48,2,460013
SWAY_PROFILE,patch_ready,48,14,460014
SWAY_PROFILE,block0_in,48,12,460601
SWAY_PROFILE,block1_in,48,7,460601
SWAY_PROFILE,embedding_in,48,14,460603
SWAY_PROFILE,head_in,48,3,460603
SWAY_PROFILE,patch_ready,48,15,460604
SWAY_PERF_INPUT_FRAME,50,451447,460894
SWAY_PROFILE,block0_in,48,13,461193
SWAY_PROFILE,block1_in,48,8,461193
SWAY_PROFILE,embedding_in,48,15,461195
SWAY_PROFILE,head_in,48,4,461195
SWAY_PROFILE,patch_ready,49,0,461196
SWAY_PROFILE,head_output_in,47,0,461534
SWAY_PROFILE,block0_in,48,14,461783
SWAY_PROFILE,block1_in,48,9,461783
SWAY_PROFILE,embedding_in,49,0,461785
SWAY_PROFILE,head_in,48,5,461785
SWAY_PROFILE,patch_ready,49,1,461786
SWAY_PROFILE,serialize_in,47,0,462276
SWAY_PERF_OUTPUT,2679,4,462278
SWAY_PERF_OUTPUT,2680,4,462279
SWAY_PERF_OUTPUT,2681,3,462280
SWAY_PERF_OUTPUT,2682,3,462281
SWAY_PERF_OUTPUT,2683,9,462282
SWAY_PERF_OUTPUT,2684,16,462283
SWAY_PERF_OUTPUT,2685,19,462284
SWAY_PERF_OUTPUT,2686,-2,462285
SWAY_PERF_OUTPUT,2687,-7,462286
SWAY_PERF_OUTPUT,2688,-8,462287
SWAY_PERF_OUTPUT,2689,7,462288
SWAY_PERF_OUTPUT,2690,11,462289
SWAY_PERF_OUTPUT,2691,13,462290
SWAY_PERF_OUTPUT,2692,14,462291
SWAY_PERF_OUTPUT,2693,2,462292
SWAY_PERF_OUTPUT,2694,-1,462293
SWAY_PERF_OUTPUT,2695,-2,462294
SWAY_PERF_OUTPUT,2696,-2,462295
SWAY_PERF_OUTPUT,2697,3,462296
SWAY_PERF_OUTPUT,2698,61,462297
SWAY_PERF_OUTPUT,2699,61,462298
SWAY_PERF_OUTPUT,2700,60,462299
SWAY_PERF_OUTPUT,2701,60,462300
SWAY_PERF_OUTPUT,2702,60,462301
SWAY_PERF_OUTPUT,2703,61,462302
SWAY_PERF_OUTPUT,2704,59,462303
SWAY_PERF_OUTPUT,2705,59,462304
SWAY_PERF_OUTPUT,2706,59,462305
SWAY_PERF_OUTPUT,2707,58,462306
SWAY_PERF_OUTPUT,2708,60,462307
SWAY_PERF_OUTPUT,2709,59,462308
SWAY_PERF_OUTPUT,2710,60,462309
SWAY_PERF_OUTPUT,2711,57,462310
SWAY_PERF_OUTPUT,2712,60,462311
SWAY_PERF_OUTPUT,2713,59,462312
SWAY_PERF_OUTPUT,2714,62,462313
SWAY_PERF_OUTPUT,2715,59,462314
SWAY_PERF_OUTPUT,2716,60,462315
SWAY_PERF_OUTPUT,2717,-6,462316
SWAY_PERF_OUTPUT,2718,4,462317
SWAY_PERF_OUTPUT,2719,14,462318
SWAY_PERF_OUTPUT,2720,18,462319
SWAY_PERF_OUTPUT,2721,11,462320
SWAY_PERF_OUTPUT,2722,10,462321
SWAY_PERF_OUTPUT,2723,11,462322
SWAY_PERF_OUTPUT,2724,10,462323
SWAY_PERF_OUTPUT,2725,6,462324
SWAY_PERF_OUTPUT,2726,5,462325
SWAY_PERF_OUTPUT,2727,-5,462326
SWAY_PERF_OUTPUT,2728,-15,462327
SWAY_PERF_OUTPUT,2729,-25,462328
SWAY_PERF_OUTPUT,2730,-28,462329
SWAY_PERF_OUTPUT,2731,-6,462330
SWAY_PERF_OUTPUT,2732,-15,462331
SWAY_PERF_OUTPUT,2733,-27,462332
SWAY_PERF_OUTPUT,2734,-29,462333
SWAY_PERF_OUTPUT,2735,12,462334
SWAY_PERF_FRAME,47,462278,462334
SWAY_PROFILE,block0_in,48,15,462373
SWAY_PROFILE,block1_in,48,10,462373
SWAY_PROFILE,embedding_in,49,1,462375
SWAY_PROFILE,head_in,48,6,462375
SWAY_PROFILE,patch_ready,49,2,462376
SWAY_PROFILE,block0_in,49,0,462963
SWAY_PROFILE,block1_in,48,11,462963
SWAY_PROFILE,embedding_in,49,2,462965
SWAY_PROFILE,head_in,48,7,462965
SWAY_PROFILE,patch_ready,49,3,462966
SWAY_PROFILE,block0_in,49,1,463555
SWAY_PROFILE,block1_in,48,12,463555
SWAY_PROFILE,embedding_in,49,3,463557
SWAY_PROFILE,head_in,48,8,463557
SWAY_PROFILE,patch_ready,49,4,463558
SWAY_PROFILE,block0_in,49,2,464145
SWAY_PROFILE,block1_in,48,13,464145
SWAY_PROFILE,embedding_in,49,4,464147
SWAY_PROFILE,head_in,48,9,464147
SWAY_PROFILE,patch_ready,49,5,464148
SWAY_PROFILE,block0_in,49,3,464735
SWAY_PROFILE,block1_in,48,14,464735
SWAY_PROFILE,embedding_in,49,5,464737
SWAY_PROFILE,head_in,48,10,464737
SWAY_PROFILE,patch_ready,49,6,464738
SWAY_PROFILE,block0_in,49,4,465325
SWAY_PROFILE,block1_in,48,15,465325
SWAY_PROFILE,embedding_in,49,6,465327
SWAY_PROFILE,head_in,48,11,465327
SWAY_PROFILE,patch_ready,49,7,465328
SWAY_PROFILE,block0_in,49,5,465917
SWAY_PROFILE,block1_in,49,0,465917
SWAY_PROFILE,embedding_in,49,7,465919
SWAY_PROFILE,head_in,48,12,465919
SWAY_PROFILE,patch_ready,49,8,465920
SWAY_PROFILE,block0_in,49,6,466507
SWAY_PROFILE,block1_in,49,1,466507
SWAY_PROFILE,embedding_in,49,8,466509
SWAY_PROFILE,head_in,48,13,466509
SWAY_PROFILE,patch_ready,49,9,466510
SWAY_PROFILE,block0_in,49,7,467097
SWAY_PROFILE,block1_in,49,2,467097
SWAY_PROFILE,embedding_in,49,9,467099
SWAY_PROFILE,head_in,48,14,467099
SWAY_PROFILE,patch_ready,49,10,467100
SWAY_PROFILE,block0_in,49,8,467687
SWAY_PROFILE,block1_in,49,3,467687
SWAY_PROFILE,embedding_in,49,10,467689
SWAY_PROFILE,head_in,48,15,467689
SWAY_PROFILE,patch_ready,49,11,467690
SWAY_PROFILE,block0_in,49,9,468279
SWAY_PROFILE,block1_in,49,4,468279
SWAY_PROFILE,embedding_in,49,11,468281
SWAY_PROFILE,head_in,49,0,468281
SWAY_PROFILE,patch_ready,49,12,468282
SWAY_PROFILE,block0_in,49,10,468869
SWAY_PROFILE,block1_in,49,5,468869
SWAY_PROFILE,embedding_in,49,12,468871
SWAY_PROFILE,head_in,49,1,468871
SWAY_PROFILE,patch_ready,49,13,468872
SWAY_PROFILE,block0_in,49,11,469459
SWAY_PROFILE,block1_in,49,6,469459
SWAY_PROFILE,embedding_in,49,13,469461
SWAY_PROFILE,head_in,49,2,469461
SWAY_PROFILE,patch_ready,49,14,469462
SWAY_PROFILE,block0_in,49,12,470049
SWAY_PROFILE,block1_in,49,7,470049
SWAY_PROFILE,embedding_in,49,14,470051
SWAY_PROFILE,head_in,49,3,470051
SWAY_PROFILE,patch_ready,49,15,470052
SWAY_PERF_INPUT_FRAME,51,460895,470342
SWAY_PROFILE,block0_in,49,13,470641
SWAY_PROFILE,block1_in,49,8,470641
SWAY_PROFILE,embedding_in,49,15,470643
SWAY_PROFILE,head_in,49,4,470643
SWAY_PROFILE,patch_ready,50,0,470644
SWAY_PROFILE,head_output_in,48,0,470982
SWAY_PROFILE,block0_in,49,14,471231
SWAY_PROFILE,block1_in,49,9,471231
SWAY_PROFILE,embedding_in,50,0,471233
SWAY_PROFILE,head_in,49,5,471233
SWAY_PROFILE,patch_ready,50,1,471234
SWAY_PROFILE,serialize_in,48,0,471724
SWAY_PERF_OUTPUT,2736,4,471726
SWAY_PERF_OUTPUT,2737,4,471727
SWAY_PERF_OUTPUT,2738,3,471728
SWAY_PERF_OUTPUT,2739,3,471729
SWAY_PERF_OUTPUT,2740,10,471730
SWAY_PERF_OUTPUT,2741,16,471731
SWAY_PERF_OUTPUT,2742,21,471732
SWAY_PERF_OUTPUT,2743,-3,471733
SWAY_PERF_OUTPUT,2744,-10,471734
SWAY_PERF_OUTPUT,2745,-15,471735
SWAY_PERF_OUTPUT,2746,7,471736
SWAY_PERF_OUTPUT,2747,11,471737
SWAY_PERF_OUTPUT,2748,15,471738
SWAY_PERF_OUTPUT,2749,15,471739
SWAY_PERF_OUTPUT,2750,2,471740
SWAY_PERF_OUTPUT,2751,-2,471741
SWAY_PERF_OUTPUT,2752,-5,471742
SWAY_PERF_OUTPUT,2753,-5,471743
SWAY_PERF_OUTPUT,2754,3,471744
SWAY_PERF_OUTPUT,2755,63,471745
SWAY_PERF_OUTPUT,2756,62,471746
SWAY_PERF_OUTPUT,2757,61,471747
SWAY_PERF_OUTPUT,2758,61,471748
SWAY_PERF_OUTPUT,2759,62,471749
SWAY_PERF_OUTPUT,2760,62,471750
SWAY_PERF_OUTPUT,2761,60,471751
SWAY_PERF_OUTPUT,2762,61,471752
SWAY_PERF_OUTPUT,2763,61,471753
SWAY_PERF_OUTPUT,2764,60,471754
SWAY_PERF_OUTPUT,2765,61,471755
SWAY_PERF_OUTPUT,2766,60,471756
SWAY_PERF_OUTPUT,2767,61,471757
SWAY_PERF_OUTPUT,2768,59,471758
SWAY_PERF_OUTPUT,2769,61,471759
SWAY_PERF_OUTPUT,2770,61,471760
SWAY_PERF_OUTPUT,2771,63,471761
SWAY_PERF_OUTPUT,2772,60,471762
SWAY_PERF_OUTPUT,2773,61,471763
SWAY_PERF_OUTPUT,2774,-4,471764
SWAY_PERF_OUTPUT,2775,6,471765
SWAY_PERF_OUTPUT,2776,17,471766
SWAY_PERF_OUTPUT,2777,21,471767
SWAY_PERF_OUTPUT,2778,13,471768
SWAY_PERF_OUTPUT,2779,13,471769
SWAY_PERF_OUTPUT,2780,14,471770
SWAY_PERF_OUTPUT,2781,13,471771
SWAY_PERF_OUTPUT,2782,12,471772
SWAY_PERF_OUTPUT,2783,15,471773
SWAY_PERF_OUTPUT,2784,-3,471774
SWAY_PERF_OUTPUT,2785,-14,471775
SWAY_PERF_OUTPUT,2786,-26,471776
SWAY_PERF_OUTPUT,2787,-28,471777
SWAY_PERF_OUTPUT,2788,-3,471778
SWAY_PERF_OUTPUT,2789,-14,471779
SWAY_PERF_OUTPUT,2790,-26,471780
SWAY_PERF_OUTPUT,2791,-28,471781
SWAY_PERF_OUTPUT,2792,14,471782
SWAY_PERF_FRAME,48,471726,471782
SWAY_PROFILE,block0_in,49,15,471821
SWAY_PROFILE,block1_in,49,10,471821
SWAY_PROFILE,embedding_in,50,1,471823
SWAY_PROFILE,head_in,49,6,471823
SWAY_PROFILE,patch_ready,50,2,471824
SWAY_PROFILE,block0_in,50,0,472411
SWAY_PROFILE,block1_in,49,11,472411
SWAY_PROFILE,embedding_in,50,2,472413
SWAY_PROFILE,head_in,49,7,472413
SWAY_PROFILE,patch_ready,50,3,472414
SWAY_PROFILE,block0_in,50,1,473003
SWAY_PROFILE,block1_in,49,12,473003
SWAY_PROFILE,embedding_in,50,3,473005
SWAY_PROFILE,head_in,49,8,473005
SWAY_PROFILE,patch_ready,50,4,473006
SWAY_PROFILE,block0_in,50,2,473593
SWAY_PROFILE,block1_in,49,13,473593
SWAY_PROFILE,embedding_in,50,4,473595
SWAY_PROFILE,head_in,49,9,473595
SWAY_PROFILE,patch_ready,50,5,473596
SWAY_PROFILE,block0_in,50,3,474183
SWAY_PROFILE,block1_in,49,14,474183
SWAY_PROFILE,embedding_in,50,5,474185
SWAY_PROFILE,head_in,49,10,474185
SWAY_PROFILE,patch_ready,50,6,474186
SWAY_PROFILE,block0_in,50,4,474773
SWAY_PROFILE,block1_in,49,15,474773
SWAY_PROFILE,embedding_in,50,6,474775
SWAY_PROFILE,head_in,49,11,474775
SWAY_PROFILE,patch_ready,50,7,474776
SWAY_PROFILE,block0_in,50,5,475365
SWAY_PROFILE,block1_in,50,0,475365
SWAY_PROFILE,embedding_in,50,7,475367
SWAY_PROFILE,head_in,49,12,475367
SWAY_PROFILE,patch_ready,50,8,475368
SWAY_PROFILE,block0_in,50,6,475955
SWAY_PROFILE,block1_in,50,1,475955
SWAY_PROFILE,embedding_in,50,8,475957
SWAY_PROFILE,head_in,49,13,475957
SWAY_PROFILE,patch_ready,50,9,475958
SWAY_PROFILE,block0_in,50,7,476545
SWAY_PROFILE,block1_in,50,2,476545
SWAY_PROFILE,embedding_in,50,9,476547
SWAY_PROFILE,head_in,49,14,476547
SWAY_PROFILE,patch_ready,50,10,476548
SWAY_PROFILE,block0_in,50,8,477135
SWAY_PROFILE,block1_in,50,3,477135
SWAY_PROFILE,embedding_in,50,10,477137
SWAY_PROFILE,head_in,49,15,477137
SWAY_PROFILE,patch_ready,50,11,477138
SWAY_PROFILE,block0_in,50,9,477727
SWAY_PROFILE,block1_in,50,4,477727
SWAY_PROFILE,embedding_in,50,11,477729
SWAY_PROFILE,head_in,50,0,477729
SWAY_PROFILE,patch_ready,50,12,477730
SWAY_PROFILE,block0_in,50,10,478317
SWAY_PROFILE,block1_in,50,5,478317
SWAY_PROFILE,embedding_in,50,12,478319
SWAY_PROFILE,head_in,50,1,478319
SWAY_PROFILE,patch_ready,50,13,478320
SWAY_PROFILE,block0_in,50,11,478907
SWAY_PROFILE,block1_in,50,6,478907
SWAY_PROFILE,embedding_in,50,13,478909
SWAY_PROFILE,head_in,50,2,478909
SWAY_PROFILE,patch_ready,50,14,478910
SWAY_PROFILE,block0_in,50,12,479497
SWAY_PROFILE,block1_in,50,7,479497
SWAY_PROFILE,embedding_in,50,14,479499
SWAY_PROFILE,head_in,50,3,479499
SWAY_PROFILE,patch_ready,50,15,479500
SWAY_PERF_INPUT_FRAME,52,470343,479790
SWAY_PROFILE,block0_in,50,13,480089
SWAY_PROFILE,block1_in,50,8,480089
SWAY_PROFILE,embedding_in,50,15,480091
SWAY_PROFILE,head_in,50,4,480091
SWAY_PROFILE,patch_ready,51,0,480092
SWAY_PROFILE,head_output_in,49,0,480430
SWAY_PROFILE,block0_in,50,14,480679
SWAY_PROFILE,block1_in,50,9,480679
SWAY_PROFILE,embedding_in,51,0,480681
SWAY_PROFILE,head_in,50,5,480681
SWAY_PROFILE,patch_ready,51,1,480682
SWAY_PROFILE,serialize_in,49,0,481172
SWAY_PERF_OUTPUT,2793,8,481174
SWAY_PERF_OUTPUT,2794,9,481175
SWAY_PERF_OUTPUT,2795,8,481176
SWAY_PERF_OUTPUT,2796,8,481177
SWAY_PERF_OUTPUT,2797,14,481178
SWAY_PERF_OUTPUT,2798,19,481179
SWAY_PERF_OUTPUT,2799,21,481180
SWAY_PERF_OUTPUT,2800,3,481181
SWAY_PERF_OUTPUT,2801,0,481182
SWAY_PERF_OUTPUT,2802,-3,481183
SWAY_PERF_OUTPUT,2803,10,481184
SWAY_PERF_OUTPUT,2804,12,481185
SWAY_PERF_OUTPUT,2805,12,481186
SWAY_PERF_OUTPUT,2806,12,481187
SWAY_PERF_OUTPUT,2807,6,481188
SWAY_PERF_OUTPUT,2808,3,481189
SWAY_PERF_OUTPUT,2809,0,481190
SWAY_PERF_OUTPUT,2810,-1,481191
SWAY_PERF_OUTPUT,2811,9,481192
SWAY_PERF_OUTPUT,2812,61,481193
SWAY_PERF_OUTPUT,2813,62,481194
SWAY_PERF_OUTPUT,2814,61,481195
SWAY_PERF_OUTPUT,2815,61,481196
SWAY_PERF_OUTPUT,2816,61,481197
SWAY_PERF_OUTPUT,2817,61,481198
SWAY_PERF_OUTPUT,2818,59,481199
SWAY_PERF_OUTPUT,2819,60,481200
SWAY_PERF_OUTPUT,2820,61,481201
SWAY_PERF_OUTPUT,2821,60,481202
SWAY_PERF_OUTPUT,2822,60,481203
SWAY_PERF_OUTPUT,2823,60,481204
SWAY_PERF_OUTPUT,2824,62,481205
SWAY_PERF_OUTPUT,2825,60,481206
SWAY_PERF_OUTPUT,2826,61,481207
SWAY_PERF_OUTPUT,2827,61,481208
SWAY_PERF_OUTPUT,2828,62,481209
SWAY_PERF_OUTPUT,2829,58,481210
SWAY_PERF_OUTPUT,2830,61,481211
SWAY_PERF_OUTPUT,2831,-6,481212
SWAY_PERF_OUTPUT,2832,3,481213
SWAY_PERF_OUTPUT,2833,14,481214
SWAY_PERF_OUTPUT,2834,17,481215
SWAY_PERF_OUTPUT,2835,10,481216
SWAY_PERF_OUTPUT,2836,7,481217
SWAY_PERF_OUTPUT,2837,6,481218
SWAY_PERF_OUTPUT,2838,9,481219
SWAY_PERF_OUTPUT,2839,4,481220
SWAY_PERF_OUTPUT,2840,1,481221
SWAY_PERF_OUTPUT,2841,-6,481222
SWAY_PERF_OUTPUT,2842,-16,481223
SWAY_PERF_OUTPUT,2843,-27,481224
SWAY_PERF_OUTPUT,2844,-29,481225
SWAY_PERF_OUTPUT,2845,-6,481226
SWAY_PERF_OUTPUT,2846,-15,481227
SWAY_PERF_OUTPUT,2847,-26,481228
SWAY_PERF_OUTPUT,2848,-28,481229
SWAY_PERF_OUTPUT,2849,11,481230
SWAY_PERF_FRAME,49,481174,481230
SWAY_PROFILE,block0_in,50,15,481269
SWAY_PROFILE,block1_in,50,10,481269
SWAY_PROFILE,embedding_in,51,1,481271
SWAY_PROFILE,head_in,50,6,481271
SWAY_PROFILE,patch_ready,51,2,481272
SWAY_PROFILE,block0_in,51,0,481859
SWAY_PROFILE,block1_in,50,11,481859
SWAY_PROFILE,embedding_in,51,2,481861
SWAY_PROFILE,head_in,50,7,481861
SWAY_PROFILE,patch_ready,51,3,481862
SWAY_PROFILE,block0_in,51,1,482451
SWAY_PROFILE,block1_in,50,12,482451
SWAY_PROFILE,embedding_in,51,3,482453
SWAY_PROFILE,head_in,50,8,482453
SWAY_PROFILE,patch_ready,51,4,482454
SWAY_PROFILE,block0_in,51,2,483041
SWAY_PROFILE,block1_in,50,13,483041
SWAY_PROFILE,embedding_in,51,4,483043
SWAY_PROFILE,head_in,50,9,483043
SWAY_PROFILE,patch_ready,51,5,483044
SWAY_PROFILE,block0_in,51,3,483631
SWAY_PROFILE,block1_in,50,14,483631
SWAY_PROFILE,embedding_in,51,5,483633
SWAY_PROFILE,head_in,50,10,483633
SWAY_PROFILE,patch_ready,51,6,483634
SWAY_PROFILE,block0_in,51,4,484221
SWAY_PROFILE,block1_in,50,15,484221
SWAY_PROFILE,embedding_in,51,6,484223
SWAY_PROFILE,head_in,50,11,484223
SWAY_PROFILE,patch_ready,51,7,484224
SWAY_PROFILE,block0_in,51,5,484813
SWAY_PROFILE,block1_in,51,0,484813
SWAY_PROFILE,embedding_in,51,7,484815
SWAY_PROFILE,head_in,50,12,484815
SWAY_PROFILE,patch_ready,51,8,484816
SWAY_PROFILE,block0_in,51,6,485403
SWAY_PROFILE,block1_in,51,1,485403
SWAY_PROFILE,embedding_in,51,8,485405
SWAY_PROFILE,head_in,50,13,485405
SWAY_PROFILE,patch_ready,51,9,485406
SWAY_PROFILE,block0_in,51,7,485993
SWAY_PROFILE,block1_in,51,2,485993
SWAY_PROFILE,embedding_in,51,9,485995
SWAY_PROFILE,head_in,50,14,485995
SWAY_PROFILE,patch_ready,51,10,485996
SWAY_PROFILE,block0_in,51,8,486583
SWAY_PROFILE,block1_in,51,3,486583
SWAY_PROFILE,embedding_in,51,10,486585
SWAY_PROFILE,head_in,50,15,486585
SWAY_PROFILE,patch_ready,51,11,486586
SWAY_PROFILE,block0_in,51,9,487175
SWAY_PROFILE,block1_in,51,4,487175
SWAY_PROFILE,embedding_in,51,11,487177
SWAY_PROFILE,head_in,51,0,487177
SWAY_PROFILE,patch_ready,51,12,487178
SWAY_PROFILE,block0_in,51,10,487765
SWAY_PROFILE,block1_in,51,5,487765
SWAY_PROFILE,embedding_in,51,12,487767
SWAY_PROFILE,head_in,51,1,487767
SWAY_PROFILE,patch_ready,51,13,487768
SWAY_PROFILE,block0_in,51,11,488355
SWAY_PROFILE,block1_in,51,6,488355
SWAY_PROFILE,embedding_in,51,13,488357
SWAY_PROFILE,head_in,51,2,488357
SWAY_PROFILE,patch_ready,51,14,488358
SWAY_PROFILE,block0_in,51,12,488945
SWAY_PROFILE,block1_in,51,7,488945
SWAY_PROFILE,embedding_in,51,14,488947
SWAY_PROFILE,head_in,51,3,488947
SWAY_PROFILE,patch_ready,51,15,488948
SWAY_PERF_INPUT_FRAME,53,479791,489238
SWAY_PROFILE,block0_in,51,13,489537
SWAY_PROFILE,block1_in,51,8,489537
SWAY_PROFILE,embedding_in,51,15,489539
SWAY_PROFILE,head_in,51,4,489539
SWAY_PROFILE,patch_ready,52,0,489540
SWAY_PROFILE,head_output_in,50,0,489878
SWAY_PROFILE,block0_in,51,14,490127
SWAY_PROFILE,block1_in,51,9,490127
SWAY_PROFILE,embedding_in,52,0,490129
SWAY_PROFILE,head_in,51,5,490129
SWAY_PROFILE,patch_ready,52,1,490130
SWAY_PROFILE,serialize_in,50,0,490620
SWAY_PERF_OUTPUT,2850,9,490622
SWAY_PERF_OUTPUT,2851,9,490623
SWAY_PERF_OUTPUT,2852,8,490624
SWAY_PERF_OUTPUT,2853,9,490625
SWAY_PERF_OUTPUT,2854,15,490626
SWAY_PERF_OUTPUT,2855,18,490627
SWAY_PERF_OUTPUT,2856,19,490628
SWAY_PERF_OUTPUT,2857,4,490629
SWAY_PERF_OUTPUT,2858,-2,490630
SWAY_PERF_OUTPUT,2859,-5,490631
SWAY_PERF_OUTPUT,2860,10,490632
SWAY_PERF_OUTPUT,2861,11,490633
SWAY_PERF_OUTPUT,2862,11,490634
SWAY_PERF_OUTPUT,2863,11,490635
SWAY_PERF_OUTPUT,2864,6,490636
SWAY_PERF_OUTPUT,2865,4,490637
SWAY_PERF_OUTPUT,2866,2,490638
SWAY_PERF_OUTPUT,2867,2,490639
SWAY_PERF_OUTPUT,2868,9,490640
SWAY_PERF_OUTPUT,2869,64,490641
SWAY_PERF_OUTPUT,2870,65,490642
SWAY_PERF_OUTPUT,2871,65,490643
SWAY_PERF_OUTPUT,2872,65,490644
SWAY_PERF_OUTPUT,2873,65,490645
SWAY_PERF_OUTPUT,2874,66,490646
SWAY_PERF_OUTPUT,2875,64,490647
SWAY_PERF_OUTPUT,2876,64,490648
SWAY_PERF_OUTPUT,2877,65,490649
SWAY_PERF_OUTPUT,2878,63,490650
SWAY_PERF_OUTPUT,2879,63,490651
SWAY_PERF_OUTPUT,2880,65,490652
SWAY_PERF_OUTPUT,2881,63,490653
SWAY_PERF_OUTPUT,2882,61,490654
SWAY_PERF_OUTPUT,2883,63,490655
SWAY_PERF_OUTPUT,2884,67,490656
SWAY_PERF_OUTPUT,2885,66,490657
SWAY_PERF_OUTPUT,2886,63,490658
SWAY_PERF_OUTPUT,2887,65,490659
SWAY_PERF_OUTPUT,2888,-2,490660
SWAY_PERF_OUTPUT,2889,9,490661
SWAY_PERF_OUTPUT,2890,20,490662
SWAY_PERF_OUTPUT,2891,25,490663
SWAY_PERF_OUTPUT,2892,16,490664
SWAY_PERF_OUTPUT,2893,9,490665
SWAY_PERF_OUTPUT,2894,5,490666
SWAY_PERF_OUTPUT,2895,15,490667
SWAY_PERF_OUTPUT,2896,12,490668
SWAY_PERF_OUTPUT,2897,8,490669
SWAY_PERF_OUTPUT,2898,-1,490670
SWAY_PERF_OUTPUT,2899,-15,490671
SWAY_PERF_OUTPUT,2900,-28,490672
SWAY_PERF_OUTPUT,2901,-30,490673
SWAY_PERF_OUTPUT,2902,-1,490674
SWAY_PERF_OUTPUT,2903,-15,490675
SWAY_PERF_OUTPUT,2904,-25,490676
SWAY_PERF_OUTPUT,2905,-29,490677
SWAY_PERF_OUTPUT,2906,17,490678
SWAY_PERF_FRAME,50,490622,490678
SWAY_PROFILE,block0_in,51,15,490717
SWAY_PROFILE,block1_in,51,10,490717
SWAY_PROFILE,embedding_in,52,1,490719
SWAY_PROFILE,head_in,51,6,490719
SWAY_PROFILE,patch_ready,52,2,490720
SWAY_PROFILE,block0_in,52,0,491307
SWAY_PROFILE,block1_in,51,11,491307
SWAY_PROFILE,embedding_in,52,2,491309
SWAY_PROFILE,head_in,51,7,491309
SWAY_PROFILE,patch_ready,52,3,491310
SWAY_PROFILE,block0_in,52,1,491899
SWAY_PROFILE,block1_in,51,12,491899
SWAY_PROFILE,embedding_in,52,3,491901
SWAY_PROFILE,head_in,51,8,491901
SWAY_PROFILE,patch_ready,52,4,491902
SWAY_PROFILE,block0_in,52,2,492489
SWAY_PROFILE,block1_in,51,13,492489
SWAY_PROFILE,embedding_in,52,4,492491
SWAY_PROFILE,head_in,51,9,492491
SWAY_PROFILE,patch_ready,52,5,492492
SWAY_PROFILE,block0_in,52,3,493079
SWAY_PROFILE,block1_in,51,14,493079
SWAY_PROFILE,embedding_in,52,5,493081
SWAY_PROFILE,head_in,51,10,493081
SWAY_PROFILE,patch_ready,52,6,493082
SWAY_PROFILE,block0_in,52,4,493669
SWAY_PROFILE,block1_in,51,15,493669
SWAY_PROFILE,embedding_in,52,6,493671
SWAY_PROFILE,head_in,51,11,493671
SWAY_PROFILE,patch_ready,52,7,493672
SWAY_PROFILE,block0_in,52,5,494261
SWAY_PROFILE,block1_in,52,0,494261
SWAY_PROFILE,embedding_in,52,7,494263
SWAY_PROFILE,head_in,51,12,494263
SWAY_PROFILE,patch_ready,52,8,494264
SWAY_PROFILE,block0_in,52,6,494851
SWAY_PROFILE,block1_in,52,1,494851
SWAY_PROFILE,embedding_in,52,8,494853
SWAY_PROFILE,head_in,51,13,494853
SWAY_PROFILE,patch_ready,52,9,494854
SWAY_PROFILE,block0_in,52,7,495441
SWAY_PROFILE,block1_in,52,2,495441
SWAY_PROFILE,embedding_in,52,9,495443
SWAY_PROFILE,head_in,51,14,495443
SWAY_PROFILE,patch_ready,52,10,495444
SWAY_PROFILE,block0_in,52,8,496031
SWAY_PROFILE,block1_in,52,3,496031
SWAY_PROFILE,embedding_in,52,10,496033
SWAY_PROFILE,head_in,51,15,496033
SWAY_PROFILE,patch_ready,52,11,496034
SWAY_PROFILE,block0_in,52,9,496623
SWAY_PROFILE,block1_in,52,4,496623
SWAY_PROFILE,embedding_in,52,11,496625
SWAY_PROFILE,head_in,52,0,496625
SWAY_PROFILE,patch_ready,52,12,496626
SWAY_PROFILE,block0_in,52,10,497213
SWAY_PROFILE,block1_in,52,5,497213
SWAY_PROFILE,embedding_in,52,12,497215
SWAY_PROFILE,head_in,52,1,497215
SWAY_PROFILE,patch_ready,52,13,497216
SWAY_PROFILE,block0_in,52,11,497803
SWAY_PROFILE,block1_in,52,6,497803
SWAY_PROFILE,embedding_in,52,13,497805
SWAY_PROFILE,head_in,52,2,497805
SWAY_PROFILE,patch_ready,52,14,497806
SWAY_PROFILE,block0_in,52,12,498393
SWAY_PROFILE,block1_in,52,7,498393
SWAY_PROFILE,embedding_in,52,14,498395
SWAY_PROFILE,head_in,52,3,498395
SWAY_PROFILE,patch_ready,52,15,498396
SWAY_PERF_INPUT_FRAME,54,489239,498686
SWAY_PROFILE,block0_in,52,13,498985
SWAY_PROFILE,block1_in,52,8,498985
SWAY_PROFILE,embedding_in,52,15,498987
SWAY_PROFILE,head_in,52,4,498987
SWAY_PROFILE,patch_ready,53,0,498988
SWAY_PROFILE,head_output_in,51,0,499326
SWAY_PROFILE,block0_in,52,14,499575
SWAY_PROFILE,block1_in,52,9,499575
SWAY_PROFILE,embedding_in,53,0,499577
SWAY_PROFILE,head_in,52,5,499577
SWAY_PROFILE,patch_ready,53,1,499578
SWAY_PROFILE,serialize_in,51,0,500068
SWAY_PERF_OUTPUT,2907,45,500070
SWAY_PERF_OUTPUT,2908,127,500071
SWAY_PERF_OUTPUT,2909,-30,500072
SWAY_PERF_OUTPUT,2910,40,500073
SWAY_PERF_OUTPUT,2911,34,500074
SWAY_PERF_OUTPUT,2912,87,500075
SWAY_PERF_OUTPUT,2913,0,500076
SWAY_PERF_OUTPUT,2914,38,500077
SWAY_PERF_OUTPUT,2915,77,500078
SWAY_PERF_OUTPUT,2916,-2,500079
SWAY_PERF_OUTPUT,2917,28,500080
SWAY_PERF_OUTPUT,2918,70,500081
SWAY_PERF_OUTPUT,2919,-24,500082
SWAY_PERF_OUTPUT,2920,31,500083
SWAY_PERF_OUTPUT,2921,50,500084
SWAY_PERF_OUTPUT,2922,123,500085
SWAY_PERF_OUTPUT,2923,38,500086
SWAY_PERF_OUTPUT,2924,95,500087
SWAY_PERF_OUTPUT,2925,56,500088
SWAY_PERF_OUTPUT,2926,-18,500089
SWAY_PERF_OUTPUT,2927,-5,500090
SWAY_PERF_OUTPUT,2928,-13,500091
SWAY_PERF_OUTPUT,2929,72,500092
SWAY_PERF_OUTPUT,2930,46,500093
SWAY_PERF_OUTPUT,2931,35,500094
SWAY_PERF_OUTPUT,2932,17,500095
SWAY_PERF_OUTPUT,2933,-75,500096
SWAY_PERF_OUTPUT,2934,-6,500097
SWAY_PERF_OUTPUT,2935,-39,500098
SWAY_PERF_OUTPUT,2936,-28,500099
SWAY_PERF_OUTPUT,2937,-27,500100
SWAY_PERF_OUTPUT,2938,-60,500101
SWAY_PERF_OUTPUT,2939,-2,500102
SWAY_PERF_OUTPUT,2940,27,500103
SWAY_PERF_OUTPUT,2941,71,500104
SWAY_PERF_OUTPUT,2942,117,500105
SWAY_PERF_OUTPUT,2943,-2,500106
SWAY_PERF_OUTPUT,2944,-19,500107
SWAY_PERF_OUTPUT,2945,25,500108
SWAY_PERF_OUTPUT,2946,34,500109
SWAY_PERF_OUTPUT,2947,-36,500110
SWAY_PERF_OUTPUT,2948,21,500111
SWAY_PERF_OUTPUT,2949,-36,500112
SWAY_PERF_OUTPUT,2950,96,500113
SWAY_PERF_OUTPUT,2951,-49,500114
SWAY_PERF_OUTPUT,2952,50,500115
SWAY_PERF_OUTPUT,2953,-42,500116
SWAY_PERF_OUTPUT,2954,-96,500117
SWAY_PERF_OUTPUT,2955,0,500118
SWAY_PERF_OUTPUT,2956,27,500119
SWAY_PERF_OUTPUT,2957,-37,500120
SWAY_PERF_OUTPUT,2958,77,500121
SWAY_PERF_OUTPUT,2959,44,500122
SWAY_PERF_OUTPUT,2960,0,500123
SWAY_PERF_OUTPUT,2961,-56,500124
SWAY_PERF_OUTPUT,2962,-77,500125
SWAY_PERF_OUTPUT,2963,42,500126
SWAY_PERF_FRAME,51,500070,500126
SWAY_PROFILE,block0_in,52,15,500165
SWAY_PROFILE,block1_in,52,10,500165
SWAY_PROFILE,embedding_in,53,1,500167
SWAY_PROFILE,head_in,52,6,500167
SWAY_PROFILE,patch_ready,53,2,500168
SWAY_PROFILE,block0_in,53,0,500755
SWAY_PROFILE,block1_in,52,11,500755
SWAY_PROFILE,embedding_in,53,2,500757
SWAY_PROFILE,head_in,52,7,500757
SWAY_PROFILE,patch_ready,53,3,500758
SWAY_PROFILE,block0_in,53,1,501347
SWAY_PROFILE,block1_in,52,12,501347
SWAY_PROFILE,embedding_in,53,3,501349
SWAY_PROFILE,head_in,52,8,501349
SWAY_PROFILE,patch_ready,53,4,501350
SWAY_PROFILE,block0_in,53,2,501937
SWAY_PROFILE,block1_in,52,13,501937
SWAY_PROFILE,embedding_in,53,4,501939
SWAY_PROFILE,head_in,52,9,501939
SWAY_PROFILE,patch_ready,53,5,501940
SWAY_PROFILE,block0_in,53,3,502527
SWAY_PROFILE,block1_in,52,14,502527
SWAY_PROFILE,embedding_in,53,5,502529
SWAY_PROFILE,head_in,52,10,502529
SWAY_PROFILE,patch_ready,53,6,502530
SWAY_PROFILE,block0_in,53,4,503117
SWAY_PROFILE,block1_in,52,15,503117
SWAY_PROFILE,embedding_in,53,6,503119
SWAY_PROFILE,head_in,52,11,503119
SWAY_PROFILE,patch_ready,53,7,503120
SWAY_PROFILE,block0_in,53,5,503709
SWAY_PROFILE,block1_in,53,0,503709
SWAY_PROFILE,embedding_in,53,7,503711
SWAY_PROFILE,head_in,52,12,503711
SWAY_PROFILE,patch_ready,53,8,503712
SWAY_PROFILE,block0_in,53,6,504299
SWAY_PROFILE,block1_in,53,1,504299
SWAY_PROFILE,embedding_in,53,8,504301
SWAY_PROFILE,head_in,52,13,504301
SWAY_PROFILE,patch_ready,53,9,504302
SWAY_PROFILE,block0_in,53,7,504889
SWAY_PROFILE,block1_in,53,2,504889
SWAY_PROFILE,embedding_in,53,9,504891
SWAY_PROFILE,head_in,52,14,504891
SWAY_PROFILE,patch_ready,53,10,504892
SWAY_PROFILE,block0_in,53,8,505479
SWAY_PROFILE,block1_in,53,3,505479
SWAY_PROFILE,embedding_in,53,10,505481
SWAY_PROFILE,head_in,52,15,505481
SWAY_PROFILE,patch_ready,53,11,505482
SWAY_PROFILE,block0_in,53,9,506071
SWAY_PROFILE,block1_in,53,4,506071
SWAY_PROFILE,embedding_in,53,11,506073
SWAY_PROFILE,head_in,53,0,506073
SWAY_PROFILE,patch_ready,53,12,506074
SWAY_PROFILE,block0_in,53,10,506661
SWAY_PROFILE,block1_in,53,5,506661
SWAY_PROFILE,embedding_in,53,12,506663
SWAY_PROFILE,head_in,53,1,506663
SWAY_PROFILE,patch_ready,53,13,506664
SWAY_PROFILE,block0_in,53,11,507251
SWAY_PROFILE,block1_in,53,6,507251
SWAY_PROFILE,embedding_in,53,13,507253
SWAY_PROFILE,head_in,53,2,507253
SWAY_PROFILE,patch_ready,53,14,507254
SWAY_PROFILE,block0_in,53,12,507841
SWAY_PROFILE,block1_in,53,7,507841
SWAY_PROFILE,embedding_in,53,14,507843
SWAY_PROFILE,head_in,53,3,507843
SWAY_PROFILE,patch_ready,53,15,507844
SWAY_PERF_INPUT_FRAME,55,498687,508134
SWAY_PROFILE,block0_in,53,13,508433
SWAY_PROFILE,block1_in,53,8,508433
SWAY_PROFILE,embedding_in,53,15,508435
SWAY_PROFILE,head_in,53,4,508435
SWAY_PROFILE,patch_ready,54,0,508436
SWAY_PROFILE,head_output_in,52,0,508774
SWAY_PROFILE,block0_in,53,14,509023
SWAY_PROFILE,block1_in,53,9,509023
SWAY_PROFILE,embedding_in,54,0,509025
SWAY_PROFILE,head_in,53,5,509025
SWAY_PROFILE,patch_ready,54,1,509026
SWAY_PROFILE,serialize_in,52,0,509516
SWAY_PERF_OUTPUT,2964,21,509518
SWAY_PERF_OUTPUT,2965,1,509519
SWAY_PERF_OUTPUT,2966,5,509520
SWAY_PERF_OUTPUT,2967,-3,509521
SWAY_PERF_OUTPUT,2968,23,509522
SWAY_PERF_OUTPUT,2969,34,509523
SWAY_PERF_OUTPUT,2970,42,509524
SWAY_PERF_OUTPUT,2971,-2,509525
SWAY_PERF_OUTPUT,2972,-9,509526
SWAY_PERF_OUTPUT,2973,0,509527
SWAY_PERF_OUTPUT,2974,8,509528
SWAY_PERF_OUTPUT,2975,16,509529
SWAY_PERF_OUTPUT,2976,59,509530
SWAY_PERF_OUTPUT,2977,41,509531
SWAY_PERF_OUTPUT,2978,9,509532
SWAY_PERF_OUTPUT,2979,9,509533
SWAY_PERF_OUTPUT,2980,12,509534
SWAY_PERF_OUTPUT,2981,20,509535
SWAY_PERF_OUTPUT,2982,14,509536
SWAY_PERF_OUTPUT,2983,101,509537
SWAY_PERF_OUTPUT,2984,109,509538
SWAY_PERF_OUTPUT,2985,111,509539
SWAY_PERF_OUTPUT,2986,108,509540
SWAY_PERF_OUTPUT,2987,118,509541
SWAY_PERF_OUTPUT,2988,113,509542
SWAY_PERF_OUTPUT,2989,96,509543
SWAY_PERF_OUTPUT,2990,121,509544
SWAY_PERF_OUTPUT,2991,111,509545
SWAY_PERF_OUTPUT,2992,120,509546
SWAY_PERF_OUTPUT,2993,99,509547
SWAY_PERF_OUTPUT,2994,127,509548
SWAY_PERF_OUTPUT,2995,126,509549
SWAY_PERF_OUTPUT,2996,112,509550
SWAY_PERF_OUTPUT,2997,115,509551
SWAY_PERF_OUTPUT,2998,127,509552
SWAY_PERF_OUTPUT,2999,98,509553
SWAY_PERF_OUTPUT,3000,103,509554
SWAY_PERF_OUTPUT,3001,127,509555
SWAY_PERF_OUTPUT,3002,35,509556
SWAY_PERF_OUTPUT,3003,57,509557
SWAY_PERF_OUTPUT,3004,75,509558
SWAY_PERF_OUTPUT,3005,88,509559
SWAY_PERF_OUTPUT,3006,62,509560
SWAY_PERF_OUTPUT,3007,70,509561
SWAY_PERF_OUTPUT,3008,104,509562
SWAY_PERF_OUTPUT,3009,60,509563
SWAY_PERF_OUTPUT,3010,31,509564
SWAY_PERF_OUTPUT,3011,8,509565
SWAY_PERF_OUTPUT,3012,19,509566
SWAY_PERF_OUTPUT,3013,-29,509567
SWAY_PERF_OUTPUT,3014,-52,509568
SWAY_PERF_OUTPUT,3015,-46,509569
SWAY_PERF_OUTPUT,3016,31,509570
SWAY_PERF_OUTPUT,3017,-32,509571
SWAY_PERF_OUTPUT,3018,-54,509572
SWAY_PERF_OUTPUT,3019,-38,509573
SWAY_PERF_OUTPUT,3020,68,509574
SWAY_PERF_FRAME,52,509518,509574
SWAY_PROFILE,block0_in,53,15,509613
SWAY_PROFILE,block1_in,53,10,509613
SWAY_PROFILE,embedding_in,54,1,509615
SWAY_PROFILE,head_in,53,6,509615
SWAY_PROFILE,patch_ready,54,2,509616
SWAY_PROFILE,block0_in,54,0,510203
SWAY_PROFILE,block1_in,53,11,510203
SWAY_PROFILE,embedding_in,54,2,510205
SWAY_PROFILE,head_in,53,7,510205
SWAY_PROFILE,patch_ready,54,3,510206
SWAY_PROFILE,block0_in,54,1,510795
SWAY_PROFILE,block1_in,53,12,510795
SWAY_PROFILE,embedding_in,54,3,510797
SWAY_PROFILE,head_in,53,8,510797
SWAY_PROFILE,patch_ready,54,4,510798
SWAY_PROFILE,block0_in,54,2,511385
SWAY_PROFILE,block1_in,53,13,511385
SWAY_PROFILE,embedding_in,54,4,511387
SWAY_PROFILE,head_in,53,9,511387
SWAY_PROFILE,patch_ready,54,5,511388
SWAY_PROFILE,block0_in,54,3,511975
SWAY_PROFILE,block1_in,53,14,511975
SWAY_PROFILE,embedding_in,54,5,511977
SWAY_PROFILE,head_in,53,10,511977
SWAY_PROFILE,patch_ready,54,6,511978
SWAY_PROFILE,block0_in,54,4,512565
SWAY_PROFILE,block1_in,53,15,512565
SWAY_PROFILE,embedding_in,54,6,512567
SWAY_PROFILE,head_in,53,11,512567
SWAY_PROFILE,patch_ready,54,7,512568
SWAY_PROFILE,block0_in,54,5,513157
SWAY_PROFILE,block1_in,54,0,513157
SWAY_PROFILE,embedding_in,54,7,513159
SWAY_PROFILE,head_in,53,12,513159
SWAY_PROFILE,patch_ready,54,8,513160
SWAY_PROFILE,block0_in,54,6,513747
SWAY_PROFILE,block1_in,54,1,513747
SWAY_PROFILE,embedding_in,54,8,513749
SWAY_PROFILE,head_in,53,13,513749
SWAY_PROFILE,patch_ready,54,9,513750
SWAY_PROFILE,block0_in,54,7,514337
SWAY_PROFILE,block1_in,54,2,514337
SWAY_PROFILE,embedding_in,54,9,514339
SWAY_PROFILE,head_in,53,14,514339
SWAY_PROFILE,patch_ready,54,10,514340
SWAY_PROFILE,block0_in,54,8,514927
SWAY_PROFILE,block1_in,54,3,514927
SWAY_PROFILE,embedding_in,54,10,514929
SWAY_PROFILE,head_in,53,15,514929
SWAY_PROFILE,patch_ready,54,11,514930
SWAY_PROFILE,block0_in,54,9,515519
SWAY_PROFILE,block1_in,54,4,515519
SWAY_PROFILE,embedding_in,54,11,515521
SWAY_PROFILE,head_in,54,0,515521
SWAY_PROFILE,patch_ready,54,12,515522
SWAY_PROFILE,block0_in,54,10,516109
SWAY_PROFILE,block1_in,54,5,516109
SWAY_PROFILE,embedding_in,54,12,516111
SWAY_PROFILE,head_in,54,1,516111
SWAY_PROFILE,patch_ready,54,13,516112
SWAY_PROFILE,block0_in,54,11,516699
SWAY_PROFILE,block1_in,54,6,516699
SWAY_PROFILE,embedding_in,54,13,516701
SWAY_PROFILE,head_in,54,2,516701
SWAY_PROFILE,patch_ready,54,14,516702
SWAY_PROFILE,block0_in,54,12,517289
SWAY_PROFILE,block1_in,54,7,517289
SWAY_PROFILE,embedding_in,54,14,517291
SWAY_PROFILE,head_in,54,3,517291
SWAY_PROFILE,patch_ready,54,15,517292
SWAY_PERF_INPUT_FRAME,56,508135,517582
SWAY_PROFILE,block0_in,54,13,517881
SWAY_PROFILE,block1_in,54,8,517881
SWAY_PROFILE,embedding_in,54,15,517883
SWAY_PROFILE,head_in,54,4,517883
SWAY_PROFILE,patch_ready,55,0,517884
SWAY_PROFILE,head_output_in,53,0,518222
SWAY_PROFILE,block0_in,54,14,518471
SWAY_PROFILE,block1_in,54,9,518471
SWAY_PROFILE,embedding_in,55,0,518473
SWAY_PROFILE,head_in,54,5,518473
SWAY_PROFILE,patch_ready,55,1,518474
SWAY_PROFILE,serialize_in,53,0,518964
SWAY_PERF_OUTPUT,3021,61,518966
SWAY_PERF_OUTPUT,3022,72,518967
SWAY_PERF_OUTPUT,3023,58,518968
SWAY_PERF_OUTPUT,3024,63,518969
SWAY_PERF_OUTPUT,3025,71,518970
SWAY_PERF_OUTPUT,3026,59,518971
SWAY_PERF_OUTPUT,3027,17,518972
SWAY_PERF_OUTPUT,3028,69,518973
SWAY_PERF_OUTPUT,3029,80,518974
SWAY_PERF_OUTPUT,3030,102,518975
SWAY_PERF_OUTPUT,3031,53,518976
SWAY_PERF_OUTPUT,3032,68,518977
SWAY_PERF_OUTPUT,3033,58,518978
SWAY_PERF_OUTPUT,3034,56,518979
SWAY_PERF_OUTPUT,3035,48,518980
SWAY_PERF_OUTPUT,3036,37,518981
SWAY_PERF_OUTPUT,3037,13,518982
SWAY_PERF_OUTPUT,3038,20,518983
SWAY_PERF_OUTPUT,3039,73,518984
SWAY_PERF_OUTPUT,3040,118,518985
SWAY_PERF_OUTPUT,3041,127,518986
SWAY_PERF_OUTPUT,3042,127,518987
SWAY_PERF_OUTPUT,3043,127,518988
SWAY_PERF_OUTPUT,3044,127,518989
SWAY_PERF_OUTPUT,3045,116,518990
SWAY_PERF_OUTPUT,3046,88,518991
SWAY_PERF_OUTPUT,3047,127,518992
SWAY_PERF_OUTPUT,3048,120,518993
SWAY_PERF_OUTPUT,3049,119,518994
SWAY_PERF_OUTPUT,3050,127,518995
SWAY_PERF_OUTPUT,3051,110,518996
SWAY_PERF_OUTPUT,3052,121,518997
SWAY_PERF_OUTPUT,3053,118,518998
SWAY_PERF_OUTPUT,3054,127,518999
SWAY_PERF_OUTPUT,3055,127,519000
SWAY_PERF_OUTPUT,3056,127,519001
SWAY_PERF_OUTPUT,3057,127,519002
SWAY_PERF_OUTPUT,3058,127,519003
SWAY_PERF_OUTPUT,3059,-21,519004
SWAY_PERF_OUTPUT,3060,-2,519005
SWAY_PERF_OUTPUT,3061,32,519006
SWAY_PERF_OUTPUT,3062,32,519007
SWAY_PERF_OUTPUT,3063,17,519008
SWAY_PERF_OUTPUT,3064,-14,519009
SWAY_PERF_OUTPUT,3065,-22,519010
SWAY_PERF_OUTPUT,3066,-12,519011
SWAY_PERF_OUTPUT,3067,-47,519012
SWAY_PERF_OUTPUT,3068,-38,519013
SWAY_PERF_OUTPUT,3069,-36,519014
SWAY_PERF_OUTPUT,3070,-46,519015
SWAY_PERF_OUTPUT,3071,-81,519016
SWAY_PERF_OUTPUT,3072,-67,519017
SWAY_PERF_OUTPUT,3073,-17,519018
SWAY_PERF_OUTPUT,3074,-41,519019
SWAY_PERF_OUTPUT,3075,-65,519020
SWAY_PERF_OUTPUT,3076,-78,519021
SWAY_PERF_OUTPUT,3077,21,519022
SWAY_PERF_FRAME,53,518966,519022
SWAY_PROFILE,block0_in,54,15,519061
SWAY_PROFILE,block1_in,54,10,519061
SWAY_PROFILE,embedding_in,55,1,519063
SWAY_PROFILE,head_in,54,6,519063
SWAY_PROFILE,patch_ready,55,2,519064
SWAY_PROFILE,block0_in,55,0,519651
SWAY_PROFILE,block1_in,54,11,519651
SWAY_PROFILE,embedding_in,55,2,519653
SWAY_PROFILE,head_in,54,7,519653
SWAY_PROFILE,patch_ready,55,3,519654
SWAY_PROFILE,block0_in,55,1,520243
SWAY_PROFILE,block1_in,54,12,520243
SWAY_PROFILE,embedding_in,55,3,520245
SWAY_PROFILE,head_in,54,8,520245
SWAY_PROFILE,patch_ready,55,4,520246
SWAY_PROFILE,block0_in,55,2,520833
SWAY_PROFILE,block1_in,54,13,520833
SWAY_PROFILE,embedding_in,55,4,520835
SWAY_PROFILE,head_in,54,9,520835
SWAY_PROFILE,patch_ready,55,5,520836
SWAY_PROFILE,block0_in,55,3,521423
SWAY_PROFILE,block1_in,54,14,521423
SWAY_PROFILE,embedding_in,55,5,521425
SWAY_PROFILE,head_in,54,10,521425
SWAY_PROFILE,patch_ready,55,6,521426
SWAY_PROFILE,block0_in,55,4,522013
SWAY_PROFILE,block1_in,54,15,522013
SWAY_PROFILE,embedding_in,55,6,522015
SWAY_PROFILE,head_in,54,11,522015
SWAY_PROFILE,patch_ready,55,7,522016
SWAY_PROFILE,block0_in,55,5,522605
SWAY_PROFILE,block1_in,55,0,522605
SWAY_PROFILE,embedding_in,55,7,522607
SWAY_PROFILE,head_in,54,12,522607
SWAY_PROFILE,patch_ready,55,8,522608
SWAY_PROFILE,block0_in,55,6,523195
SWAY_PROFILE,block1_in,55,1,523195
SWAY_PROFILE,embedding_in,55,8,523197
SWAY_PROFILE,head_in,54,13,523197
SWAY_PROFILE,patch_ready,55,9,523198
SWAY_PROFILE,block0_in,55,7,523785
SWAY_PROFILE,block1_in,55,2,523785
SWAY_PROFILE,embedding_in,55,9,523787
SWAY_PROFILE,head_in,54,14,523787
SWAY_PROFILE,patch_ready,55,10,523788
SWAY_PROFILE,block0_in,55,8,524375
SWAY_PROFILE,block1_in,55,3,524375
SWAY_PROFILE,embedding_in,55,10,524377
SWAY_PROFILE,head_in,54,15,524377
SWAY_PROFILE,patch_ready,55,11,524378
SWAY_PROFILE,block0_in,55,9,524967
SWAY_PROFILE,block1_in,55,4,524967
SWAY_PROFILE,embedding_in,55,11,524969
SWAY_PROFILE,head_in,55,0,524969
SWAY_PROFILE,patch_ready,55,12,524970
SWAY_PROFILE,block0_in,55,10,525557
SWAY_PROFILE,block1_in,55,5,525557
SWAY_PROFILE,embedding_in,55,12,525559
SWAY_PROFILE,head_in,55,1,525559
SWAY_PROFILE,patch_ready,55,13,525560
SWAY_PROFILE,block0_in,55,11,526147
SWAY_PROFILE,block1_in,55,6,526147
SWAY_PROFILE,embedding_in,55,13,526149
SWAY_PROFILE,head_in,55,2,526149
SWAY_PROFILE,patch_ready,55,14,526150
SWAY_PROFILE,block0_in,55,12,526737
SWAY_PROFILE,block1_in,55,7,526737
SWAY_PROFILE,embedding_in,55,14,526739
SWAY_PROFILE,head_in,55,3,526739
SWAY_PROFILE,patch_ready,55,15,526740
SWAY_PERF_INPUT_FRAME,57,517583,527030
SWAY_PROFILE,block0_in,55,13,527329
SWAY_PROFILE,block1_in,55,8,527329
SWAY_PROFILE,embedding_in,55,15,527331
SWAY_PROFILE,head_in,55,4,527331
SWAY_PROFILE,patch_ready,56,0,527332
SWAY_PROFILE,head_output_in,54,0,527670
SWAY_PROFILE,block0_in,55,14,527919
SWAY_PROFILE,block1_in,55,9,527919
SWAY_PROFILE,embedding_in,56,0,527921
SWAY_PROFILE,head_in,55,5,527921
SWAY_PROFILE,patch_ready,56,1,527922
SWAY_PROFILE,serialize_in,54,0,528412
SWAY_PERF_OUTPUT,3078,7,528414
SWAY_PERF_OUTPUT,3079,7,528415
SWAY_PERF_OUTPUT,3080,6,528416
SWAY_PERF_OUTPUT,3081,6,528417
SWAY_PERF_OUTPUT,3082,12,528418
SWAY_PERF_OUTPUT,3083,16,528419
SWAY_PERF_OUTPUT,3084,19,528420
SWAY_PERF_OUTPUT,3085,1,528421
SWAY_PERF_OUTPUT,3086,-2,528422
SWAY_PERF_OUTPUT,3087,-3,528423
SWAY_PERF_OUTPUT,3088,9,528424
SWAY_PERF_OUTPUT,3089,10,528425
SWAY_PERF_OUTPUT,3090,11,528426
SWAY_PERF_OUTPUT,3091,11,528427
SWAY_PERF_OUTPUT,3092,4,528428
SWAY_PERF_OUTPUT,3093,2,528429
SWAY_PERF_OUTPUT,3094,0,528430
SWAY_PERF_OUTPUT,3095,0,528431
SWAY_PERF_OUTPUT,3096,7,528432
SWAY_PERF_OUTPUT,3097,63,528433
SWAY_PERF_OUTPUT,3098,63,528434
SWAY_PERF_OUTPUT,3099,63,528435
SWAY_PERF_OUTPUT,3100,62,528436
SWAY_PERF_OUTPUT,3101,62,528437
SWAY_PERF_OUTPUT,3102,63,528438
SWAY_PERF_OUTPUT,3103,61,528439
SWAY_PERF_OUTPUT,3104,62,528440
SWAY_PERF_OUTPUT,3105,63,528441
SWAY_PERF_OUTPUT,3106,61,528442
SWAY_PERF_OUTPUT,3107,62,528443
SWAY_PERF_OUTPUT,3108,62,528444
SWAY_PERF_OUTPUT,3109,63,528445
SWAY_PERF_OUTPUT,3110,61,528446
SWAY_PERF_OUTPUT,3111,62,528447
SWAY_PERF_OUTPUT,3112,62,528448
SWAY_PERF_OUTPUT,3113,63,528449
SWAY_PERF_OUTPUT,3114,60,528450
SWAY_PERF_OUTPUT,3115,63,528451
SWAY_PERF_OUTPUT,3116,-7,528452
SWAY_PERF_OUTPUT,3117,2,528453
SWAY_PERF_OUTPUT,3118,13,528454
SWAY_PERF_OUTPUT,3119,17,528455
SWAY_PERF_OUTPUT,3120,9,528456
SWAY_PERF_OUTPUT,3121,5,528457
SWAY_PERF_OUTPUT,3122,2,528458
SWAY_PERF_OUTPUT,3123,9,528459
SWAY_PERF_OUTPUT,3124,2,528460
SWAY_PERF_OUTPUT,3125,-4,528461
SWAY_PERF_OUTPUT,3126,-7,528462
SWAY_PERF_OUTPUT,3127,-17,528463
SWAY_PERF_OUTPUT,3128,-28,528464
SWAY_PERF_OUTPUT,3129,-29,528465
SWAY_PERF_OUTPUT,3130,-7,528466
SWAY_PERF_OUTPUT,3131,-16,528467
SWAY_PERF_OUTPUT,3132,-27,528468
SWAY_PERF_OUTPUT,3133,-29,528469
SWAY_PERF_OUTPUT,3134,10,528470
SWAY_PERF_FRAME,54,528414,528470
SWAY_PROFILE,block0_in,55,15,528509
SWAY_PROFILE,block1_in,55,10,528509
SWAY_PROFILE,embedding_in,56,1,528511
SWAY_PROFILE,head_in,55,6,528511
SWAY_PROFILE,patch_ready,56,2,528512
SWAY_PROFILE,block0_in,56,0,529099
SWAY_PROFILE,block1_in,55,11,529099
SWAY_PROFILE,embedding_in,56,2,529101
SWAY_PROFILE,head_in,55,7,529101
SWAY_PROFILE,patch_ready,56,3,529102
SWAY_PROFILE,block0_in,56,1,529691
SWAY_PROFILE,block1_in,55,12,529691
SWAY_PROFILE,embedding_in,56,3,529693
SWAY_PROFILE,head_in,55,8,529693
SWAY_PROFILE,patch_ready,56,4,529694
SWAY_PROFILE,block0_in,56,2,530281
SWAY_PROFILE,block1_in,55,13,530281
SWAY_PROFILE,embedding_in,56,4,530283
SWAY_PROFILE,head_in,55,9,530283
SWAY_PROFILE,patch_ready,56,5,530284
SWAY_PROFILE,block0_in,56,3,530871
SWAY_PROFILE,block1_in,55,14,530871
SWAY_PROFILE,embedding_in,56,5,530873
SWAY_PROFILE,head_in,55,10,530873
SWAY_PROFILE,patch_ready,56,6,530874
SWAY_PROFILE,block0_in,56,4,531461
SWAY_PROFILE,block1_in,55,15,531461
SWAY_PROFILE,embedding_in,56,6,531463
SWAY_PROFILE,head_in,55,11,531463
SWAY_PROFILE,patch_ready,56,7,531464
SWAY_PROFILE,block0_in,56,5,532053
SWAY_PROFILE,block1_in,56,0,532053
SWAY_PROFILE,embedding_in,56,7,532055
SWAY_PROFILE,head_in,55,12,532055
SWAY_PROFILE,patch_ready,56,8,532056
SWAY_PROFILE,block0_in,56,6,532643
SWAY_PROFILE,block1_in,56,1,532643
SWAY_PROFILE,embedding_in,56,8,532645
SWAY_PROFILE,head_in,55,13,532645
SWAY_PROFILE,patch_ready,56,9,532646
SWAY_PROFILE,block0_in,56,7,533233
SWAY_PROFILE,block1_in,56,2,533233
SWAY_PROFILE,embedding_in,56,9,533235
SWAY_PROFILE,head_in,55,14,533235
SWAY_PROFILE,patch_ready,56,10,533236
SWAY_PROFILE,block0_in,56,8,533823
SWAY_PROFILE,block1_in,56,3,533823
SWAY_PROFILE,embedding_in,56,10,533825
SWAY_PROFILE,head_in,55,15,533825
SWAY_PROFILE,patch_ready,56,11,533826
SWAY_PROFILE,block0_in,56,9,534415
SWAY_PROFILE,block1_in,56,4,534415
SWAY_PROFILE,embedding_in,56,11,534417
SWAY_PROFILE,head_in,56,0,534417
SWAY_PROFILE,patch_ready,56,12,534418
SWAY_PROFILE,block0_in,56,10,535005
SWAY_PROFILE,block1_in,56,5,535005
SWAY_PROFILE,embedding_in,56,12,535007
SWAY_PROFILE,head_in,56,1,535007
SWAY_PROFILE,patch_ready,56,13,535008
SWAY_PROFILE,block0_in,56,11,535595
SWAY_PROFILE,block1_in,56,6,535595
SWAY_PROFILE,embedding_in,56,13,535597
SWAY_PROFILE,head_in,56,2,535597
SWAY_PROFILE,patch_ready,56,14,535598
SWAY_PROFILE,block0_in,56,12,536185
SWAY_PROFILE,block1_in,56,7,536185
SWAY_PROFILE,embedding_in,56,14,536187
SWAY_PROFILE,head_in,56,3,536187
SWAY_PROFILE,patch_ready,56,15,536188
SWAY_PERF_INPUT_FRAME,58,527031,536478
SWAY_PROFILE,block0_in,56,13,536777
SWAY_PROFILE,block1_in,56,8,536777
SWAY_PROFILE,embedding_in,56,15,536779
SWAY_PROFILE,head_in,56,4,536779
SWAY_PROFILE,patch_ready,57,0,536780
SWAY_PROFILE,head_output_in,55,0,537118
SWAY_PROFILE,block0_in,56,14,537367
SWAY_PROFILE,block1_in,56,9,537367
SWAY_PROFILE,embedding_in,57,0,537369
SWAY_PROFILE,head_in,56,5,537369
SWAY_PROFILE,patch_ready,57,1,537370
SWAY_PROFILE,serialize_in,55,0,537860
SWAY_PERF_OUTPUT,3135,7,537862
SWAY_PERF_OUTPUT,3136,7,537863
SWAY_PERF_OUTPUT,3137,6,537864
SWAY_PERF_OUTPUT,3138,6,537865
SWAY_PERF_OUTPUT,3139,12,537866
SWAY_PERF_OUTPUT,3140,16,537867
SWAY_PERF_OUTPUT,3141,19,537868
SWAY_PERF_OUTPUT,3142,1,537869
SWAY_PERF_OUTPUT,3143,-2,537870
SWAY_PERF_OUTPUT,3144,-3,537871
SWAY_PERF_OUTPUT,3145,9,537872
SWAY_PERF_OUTPUT,3146,10,537873
SWAY_PERF_OUTPUT,3147,11,537874
SWAY_PERF_OUTPUT,3148,11,537875
SWAY_PERF_OUTPUT,3149,4,537876
SWAY_PERF_OUTPUT,3150,2,537877
SWAY_PERF_OUTPUT,3151,0,537878
SWAY_PERF_OUTPUT,3152,0,537879
SWAY_PERF_OUTPUT,3153,7,537880
SWAY_PERF_OUTPUT,3154,63,537881
SWAY_PERF_OUTPUT,3155,63,537882
SWAY_PERF_OUTPUT,3156,63,537883
SWAY_PERF_OUTPUT,3157,62,537884
SWAY_PERF_OUTPUT,3158,62,537885
SWAY_PERF_OUTPUT,3159,63,537886
SWAY_PERF_OUTPUT,3160,61,537887
SWAY_PERF_OUTPUT,3161,62,537888
SWAY_PERF_OUTPUT,3162,63,537889
SWAY_PERF_OUTPUT,3163,61,537890
SWAY_PERF_OUTPUT,3164,62,537891
SWAY_PERF_OUTPUT,3165,62,537892
SWAY_PERF_OUTPUT,3166,63,537893
SWAY_PERF_OUTPUT,3167,61,537894
SWAY_PERF_OUTPUT,3168,62,537895
SWAY_PERF_OUTPUT,3169,62,537896
SWAY_PERF_OUTPUT,3170,63,537897
SWAY_PERF_OUTPUT,3171,60,537898
SWAY_PERF_OUTPUT,3172,63,537899
SWAY_PERF_OUTPUT,3173,-7,537900
SWAY_PERF_OUTPUT,3174,2,537901
SWAY_PERF_OUTPUT,3175,13,537902
SWAY_PERF_OUTPUT,3176,17,537903
SWAY_PERF_OUTPUT,3177,9,537904
SWAY_PERF_OUTPUT,3178,5,537905
SWAY_PERF_OUTPUT,3179,2,537906
SWAY_PERF_OUTPUT,3180,9,537907
SWAY_PERF_OUTPUT,3181,2,537908
SWAY_PERF_OUTPUT,3182,-4,537909
SWAY_PERF_OUTPUT,3183,-7,537910
SWAY_PERF_OUTPUT,3184,-17,537911
SWAY_PERF_OUTPUT,3185,-28,537912
SWAY_PERF_OUTPUT,3186,-29,537913
SWAY_PERF_OUTPUT,3187,-7,537914
SWAY_PERF_OUTPUT,3188,-16,537915
SWAY_PERF_OUTPUT,3189,-27,537916
SWAY_PERF_OUTPUT,3190,-29,537917
SWAY_PERF_OUTPUT,3191,10,537918
SWAY_PERF_FRAME,55,537862,537918
SWAY_PROFILE,block0_in,56,15,537957
SWAY_PROFILE,block1_in,56,10,537957
SWAY_PROFILE,embedding_in,57,1,537959
SWAY_PROFILE,head_in,56,6,537959
SWAY_PROFILE,patch_ready,57,2,537960
SWAY_PROFILE,block0_in,57,0,538547
SWAY_PROFILE,block1_in,56,11,538547
SWAY_PROFILE,embedding_in,57,2,538549
SWAY_PROFILE,head_in,56,7,538549
SWAY_PROFILE,patch_ready,57,3,538550
SWAY_PROFILE,block0_in,57,1,539139
SWAY_PROFILE,block1_in,56,12,539139
SWAY_PROFILE,embedding_in,57,3,539141
SWAY_PROFILE,head_in,56,8,539141
SWAY_PROFILE,patch_ready,57,4,539142
SWAY_PROFILE,block0_in,57,2,539729
SWAY_PROFILE,block1_in,56,13,539729
SWAY_PROFILE,embedding_in,57,4,539731
SWAY_PROFILE,head_in,56,9,539731
SWAY_PROFILE,patch_ready,57,5,539732
SWAY_PROFILE,block0_in,57,3,540319
SWAY_PROFILE,block1_in,56,14,540319
SWAY_PROFILE,embedding_in,57,5,540321
SWAY_PROFILE,head_in,56,10,540321
SWAY_PROFILE,patch_ready,57,6,540322
SWAY_PROFILE,block0_in,57,4,540909
SWAY_PROFILE,block1_in,56,15,540909
SWAY_PROFILE,embedding_in,57,6,540911
SWAY_PROFILE,head_in,56,11,540911
SWAY_PROFILE,patch_ready,57,7,540912
SWAY_PROFILE,block0_in,57,5,541501
SWAY_PROFILE,block1_in,57,0,541501
SWAY_PROFILE,embedding_in,57,7,541503
SWAY_PROFILE,head_in,56,12,541503
SWAY_PROFILE,patch_ready,57,8,541504
SWAY_PROFILE,block0_in,57,6,542091
SWAY_PROFILE,block1_in,57,1,542091
SWAY_PROFILE,embedding_in,57,8,542093
SWAY_PROFILE,head_in,56,13,542093
SWAY_PROFILE,patch_ready,57,9,542094
SWAY_PROFILE,block0_in,57,7,542681
SWAY_PROFILE,block1_in,57,2,542681
SWAY_PROFILE,embedding_in,57,9,542683
SWAY_PROFILE,head_in,56,14,542683
SWAY_PROFILE,patch_ready,57,10,542684
SWAY_PROFILE,block0_in,57,8,543271
SWAY_PROFILE,block1_in,57,3,543271
SWAY_PROFILE,embedding_in,57,10,543273
SWAY_PROFILE,head_in,56,15,543273
SWAY_PROFILE,patch_ready,57,11,543274
SWAY_PROFILE,block0_in,57,9,543863
SWAY_PROFILE,block1_in,57,4,543863
SWAY_PROFILE,embedding_in,57,11,543865
SWAY_PROFILE,head_in,57,0,543865
SWAY_PROFILE,patch_ready,57,12,543866
SWAY_PROFILE,block0_in,57,10,544453
SWAY_PROFILE,block1_in,57,5,544453
SWAY_PROFILE,embedding_in,57,12,544455
SWAY_PROFILE,head_in,57,1,544455
SWAY_PROFILE,patch_ready,57,13,544456
SWAY_PROFILE,block0_in,57,11,545043
SWAY_PROFILE,block1_in,57,6,545043
SWAY_PROFILE,embedding_in,57,13,545045
SWAY_PROFILE,head_in,57,2,545045
SWAY_PROFILE,patch_ready,57,14,545046
SWAY_PROFILE,block0_in,57,12,545633
SWAY_PROFILE,block1_in,57,7,545633
SWAY_PROFILE,embedding_in,57,14,545635
SWAY_PROFILE,head_in,57,3,545635
SWAY_PROFILE,patch_ready,57,15,545636
SWAY_PERF_INPUT_FRAME,59,536479,545926
SWAY_PROFILE,block0_in,57,13,546225
SWAY_PROFILE,block1_in,57,8,546225
SWAY_PROFILE,embedding_in,57,15,546227
SWAY_PROFILE,head_in,57,4,546227
SWAY_PROFILE,patch_ready,58,0,546228
SWAY_PROFILE,head_output_in,56,0,546566
SWAY_PROFILE,block0_in,57,14,546815
SWAY_PROFILE,block1_in,57,9,546815
SWAY_PROFILE,embedding_in,58,0,546817
SWAY_PROFILE,head_in,57,5,546817
SWAY_PROFILE,patch_ready,58,1,546818
SWAY_PROFILE,serialize_in,56,0,547308
SWAY_PERF_OUTPUT,3192,7,547310
SWAY_PERF_OUTPUT,3193,7,547311
SWAY_PERF_OUTPUT,3194,6,547312
SWAY_PERF_OUTPUT,3195,6,547313
SWAY_PERF_OUTPUT,3196,12,547314
SWAY_PERF_OUTPUT,3197,16,547315
SWAY_PERF_OUTPUT,3198,19,547316
SWAY_PERF_OUTPUT,3199,1,547317
SWAY_PERF_OUTPUT,3200,-2,547318
SWAY_PERF_OUTPUT,3201,-3,547319
SWAY_PERF_OUTPUT,3202,9,547320
SWAY_PERF_OUTPUT,3203,10,547321
SWAY_PERF_OUTPUT,3204,11,547322
SWAY_PERF_OUTPUT,3205,11,547323
SWAY_PERF_OUTPUT,3206,4,547324
SWAY_PERF_OUTPUT,3207,2,547325
SWAY_PERF_OUTPUT,3208,0,547326
SWAY_PERF_OUTPUT,3209,0,547327
SWAY_PERF_OUTPUT,3210,7,547328
SWAY_PERF_OUTPUT,3211,63,547329
SWAY_PERF_OUTPUT,3212,63,547330
SWAY_PERF_OUTPUT,3213,63,547331
SWAY_PERF_OUTPUT,3214,62,547332
SWAY_PERF_OUTPUT,3215,62,547333
SWAY_PERF_OUTPUT,3216,63,547334
SWAY_PERF_OUTPUT,3217,61,547335
SWAY_PERF_OUTPUT,3218,62,547336
SWAY_PERF_OUTPUT,3219,63,547337
SWAY_PERF_OUTPUT,3220,61,547338
SWAY_PERF_OUTPUT,3221,62,547339
SWAY_PERF_OUTPUT,3222,62,547340
SWAY_PERF_OUTPUT,3223,63,547341
SWAY_PERF_OUTPUT,3224,61,547342
SWAY_PERF_OUTPUT,3225,62,547343
SWAY_PERF_OUTPUT,3226,62,547344
SWAY_PERF_OUTPUT,3227,63,547345
SWAY_PERF_OUTPUT,3228,60,547346
SWAY_PERF_OUTPUT,3229,63,547347
SWAY_PERF_OUTPUT,3230,-7,547348
SWAY_PERF_OUTPUT,3231,2,547349
SWAY_PERF_OUTPUT,3232,13,547350
SWAY_PERF_OUTPUT,3233,17,547351
SWAY_PERF_OUTPUT,3234,9,547352
SWAY_PERF_OUTPUT,3235,5,547353
SWAY_PERF_OUTPUT,3236,2,547354
SWAY_PERF_OUTPUT,3237,9,547355
SWAY_PERF_OUTPUT,3238,2,547356
SWAY_PERF_OUTPUT,3239,-4,547357
SWAY_PERF_OUTPUT,3240,-7,547358
SWAY_PERF_OUTPUT,3241,-17,547359
SWAY_PERF_OUTPUT,3242,-28,547360
SWAY_PERF_OUTPUT,3243,-29,547361
SWAY_PERF_OUTPUT,3244,-7,547362
SWAY_PERF_OUTPUT,3245,-16,547363
SWAY_PERF_OUTPUT,3246,-27,547364
SWAY_PERF_OUTPUT,3247,-29,547365
SWAY_PERF_OUTPUT,3248,10,547366
SWAY_PERF_FRAME,56,547310,547366
SWAY_PROFILE,block0_in,57,15,547405
SWAY_PROFILE,block1_in,57,10,547405
SWAY_PROFILE,embedding_in,58,1,547407
SWAY_PROFILE,head_in,57,6,547407
SWAY_PROFILE,patch_ready,58,2,547408
SWAY_PROFILE,block0_in,58,0,547995
SWAY_PROFILE,block1_in,57,11,547995
SWAY_PROFILE,embedding_in,58,2,547997
SWAY_PROFILE,head_in,57,7,547997
SWAY_PROFILE,patch_ready,58,3,547998
SWAY_PROFILE,block0_in,58,1,548587
SWAY_PROFILE,block1_in,57,12,548587
SWAY_PROFILE,embedding_in,58,3,548589
SWAY_PROFILE,head_in,57,8,548589
SWAY_PROFILE,patch_ready,58,4,548590
SWAY_PROFILE,block0_in,58,2,549177
SWAY_PROFILE,block1_in,57,13,549177
SWAY_PROFILE,embedding_in,58,4,549179
SWAY_PROFILE,head_in,57,9,549179
SWAY_PROFILE,patch_ready,58,5,549180
SWAY_PROFILE,block0_in,58,3,549767
SWAY_PROFILE,block1_in,57,14,549767
SWAY_PROFILE,embedding_in,58,5,549769
SWAY_PROFILE,head_in,57,10,549769
SWAY_PROFILE,patch_ready,58,6,549770
SWAY_PROFILE,block0_in,58,4,550357
SWAY_PROFILE,block1_in,57,15,550357
SWAY_PROFILE,embedding_in,58,6,550359
SWAY_PROFILE,head_in,57,11,550359
SWAY_PROFILE,patch_ready,58,7,550360
SWAY_PROFILE,block0_in,58,5,550949
SWAY_PROFILE,block1_in,58,0,550949
SWAY_PROFILE,embedding_in,58,7,550951
SWAY_PROFILE,head_in,57,12,550951
SWAY_PROFILE,patch_ready,58,8,550952
SWAY_PROFILE,block0_in,58,6,551539
SWAY_PROFILE,block1_in,58,1,551539
SWAY_PROFILE,embedding_in,58,8,551541
SWAY_PROFILE,head_in,57,13,551541
SWAY_PROFILE,patch_ready,58,9,551542
SWAY_PROFILE,block0_in,58,7,552129
SWAY_PROFILE,block1_in,58,2,552129
SWAY_PROFILE,embedding_in,58,9,552131
SWAY_PROFILE,head_in,57,14,552131
SWAY_PROFILE,patch_ready,58,10,552132
SWAY_PROFILE,block0_in,58,8,552719
SWAY_PROFILE,block1_in,58,3,552719
SWAY_PROFILE,embedding_in,58,10,552721
SWAY_PROFILE,head_in,57,15,552721
SWAY_PROFILE,patch_ready,58,11,552722
SWAY_PROFILE,block0_in,58,9,553311
SWAY_PROFILE,block1_in,58,4,553311
SWAY_PROFILE,embedding_in,58,11,553313
SWAY_PROFILE,head_in,58,0,553313
SWAY_PROFILE,patch_ready,58,12,553314
SWAY_PROFILE,block0_in,58,10,553901
SWAY_PROFILE,block1_in,58,5,553901
SWAY_PROFILE,embedding_in,58,12,553903
SWAY_PROFILE,head_in,58,1,553903
SWAY_PROFILE,patch_ready,58,13,553904
SWAY_PROFILE,block0_in,58,11,554491
SWAY_PROFILE,block1_in,58,6,554491
SWAY_PROFILE,embedding_in,58,13,554493
SWAY_PROFILE,head_in,58,2,554493
SWAY_PROFILE,patch_ready,58,14,554494
SWAY_PROFILE,block0_in,58,12,555081
SWAY_PROFILE,block1_in,58,7,555081
SWAY_PROFILE,embedding_in,58,14,555083
SWAY_PROFILE,head_in,58,3,555083
SWAY_PROFILE,patch_ready,58,15,555084
SWAY_PERF_INPUT_FRAME,60,545927,555374
SWAY_PROFILE,block0_in,58,13,555673
SWAY_PROFILE,block1_in,58,8,555673
SWAY_PROFILE,embedding_in,58,15,555675
SWAY_PROFILE,head_in,58,4,555675
SWAY_PROFILE,patch_ready,59,0,555676
SWAY_PROFILE,head_output_in,57,0,556014
SWAY_PROFILE,block0_in,58,14,556263
SWAY_PROFILE,block1_in,58,9,556263
SWAY_PROFILE,embedding_in,59,0,556265
SWAY_PROFILE,head_in,58,5,556265
SWAY_PROFILE,patch_ready,59,1,556266
SWAY_PROFILE,serialize_in,57,0,556756
SWAY_PERF_OUTPUT,3249,7,556758
SWAY_PERF_OUTPUT,3250,8,556759
SWAY_PERF_OUTPUT,3251,8,556760
SWAY_PERF_OUTPUT,3252,8,556761
SWAY_PERF_OUTPUT,3253,13,556762
SWAY_PERF_OUTPUT,3254,17,556763
SWAY_PERF_OUTPUT,3255,20,556764
SWAY_PERF_OUTPUT,3256,2,556765
SWAY_PERF_OUTPUT,3257,-2,556766
SWAY_PERF_OUTPUT,3258,-5,556767
SWAY_PERF_OUTPUT,3259,10,556768
SWAY_PERF_OUTPUT,3260,11,556769
SWAY_PERF_OUTPUT,3261,10,556770
SWAY_PERF_OUTPUT,3262,11,556771
SWAY_PERF_OUTPUT,3263,5,556772
SWAY_PERF_OUTPUT,3264,3,556773
SWAY_PERF_OUTPUT,3265,0,556774
SWAY_PERF_OUTPUT,3266,0,556775
SWAY_PERF_OUTPUT,3267,8,556776
SWAY_PERF_OUTPUT,3268,62,556777
SWAY_PERF_OUTPUT,3269,62,556778
SWAY_PERF_OUTPUT,3270,62,556779
SWAY_PERF_OUTPUT,3271,62,556780
SWAY_PERF_OUTPUT,3272,62,556781
SWAY_PERF_OUTPUT,3273,62,556782
SWAY_PERF_OUTPUT,3274,60,556783
SWAY_PERF_OUTPUT,3275,61,556784
SWAY_PERF_OUTPUT,3276,61,556785
SWAY_PERF_OUTPUT,3277,60,556786
SWAY_PERF_OUTPUT,3278,61,556787
SWAY_PERF_OUTPUT,3279,60,556788
SWAY_PERF_OUTPUT,3280,62,556789
SWAY_PERF_OUTPUT,3281,59,556790
SWAY_PERF_OUTPUT,3282,61,556791
SWAY_PERF_OUTPUT,3283,61,556792
SWAY_PERF_OUTPUT,3284,64,556793
SWAY_PERF_OUTPUT,3285,60,556794
SWAY_PERF_OUTPUT,3286,62,556795
SWAY_PERF_OUTPUT,3287,-6,556796
SWAY_PERF_OUTPUT,3288,4,556797
SWAY_PERF_OUTPUT,3289,14,556798
SWAY_PERF_OUTPUT,3290,18,556799
SWAY_PERF_OUTPUT,3291,10,556800
SWAY_PERF_OUTPUT,3292,6,556801
SWAY_PERF_OUTPUT,3293,-1,556802
SWAY_PERF_OUTPUT,3294,10,556803
SWAY_PERF_OUTPUT,3295,4,556804
SWAY_PERF_OUTPUT,3296,-1,556805
SWAY_PERF_OUTPUT,3297,-5,556806
SWAY_PERF_OUTPUT,3298,-16,556807
SWAY_PERF_OUTPUT,3299,-26,556808
SWAY_PERF_OUTPUT,3300,-29,556809
SWAY_PERF_OUTPUT,3301,-6,556810
SWAY_PERF_OUTPUT,3302,-15,556811
SWAY_PERF_OUTPUT,3303,-26,556812
SWAY_PERF_OUTPUT,3304,-28,556813
SWAY_PERF_OUTPUT,3305,11,556814
SWAY_PERF_FRAME,57,556758,556814
SWAY_PROFILE,block0_in,58,15,556853
SWAY_PROFILE,block1_in,58,10,556853
SWAY_PROFILE,embedding_in,59,1,556855
SWAY_PROFILE,head_in,58,6,556855
SWAY_PROFILE,patch_ready,59,2,556856
SWAY_PROFILE,block0_in,59,0,557443
SWAY_PROFILE,block1_in,58,11,557443
SWAY_PROFILE,embedding_in,59,2,557445
SWAY_PROFILE,head_in,58,7,557445
SWAY_PROFILE,patch_ready,59,3,557446
SWAY_PROFILE,block0_in,59,1,558035
SWAY_PROFILE,block1_in,58,12,558035
SWAY_PROFILE,embedding_in,59,3,558037
SWAY_PROFILE,head_in,58,8,558037
SWAY_PROFILE,patch_ready,59,4,558038
SWAY_PROFILE,block0_in,59,2,558625
SWAY_PROFILE,block1_in,58,13,558625
SWAY_PROFILE,embedding_in,59,4,558627
SWAY_PROFILE,head_in,58,9,558627
SWAY_PROFILE,patch_ready,59,5,558628
SWAY_PROFILE,block0_in,59,3,559215
SWAY_PROFILE,block1_in,58,14,559215
SWAY_PROFILE,embedding_in,59,5,559217
SWAY_PROFILE,head_in,58,10,559217
SWAY_PROFILE,patch_ready,59,6,559218
SWAY_PROFILE,block0_in,59,4,559805
SWAY_PROFILE,block1_in,58,15,559805
SWAY_PROFILE,embedding_in,59,6,559807
SWAY_PROFILE,head_in,58,11,559807
SWAY_PROFILE,patch_ready,59,7,559808
SWAY_PROFILE,block0_in,59,5,560397
SWAY_PROFILE,block1_in,59,0,560397
SWAY_PROFILE,embedding_in,59,7,560399
SWAY_PROFILE,head_in,58,12,560399
SWAY_PROFILE,patch_ready,59,8,560400
SWAY_PROFILE,block0_in,59,6,560987
SWAY_PROFILE,block1_in,59,1,560987
SWAY_PROFILE,embedding_in,59,8,560989
SWAY_PROFILE,head_in,58,13,560989
SWAY_PROFILE,patch_ready,59,9,560990
SWAY_PROFILE,block0_in,59,7,561577
SWAY_PROFILE,block1_in,59,2,561577
SWAY_PROFILE,embedding_in,59,9,561579
SWAY_PROFILE,head_in,58,14,561579
SWAY_PROFILE,patch_ready,59,10,561580
SWAY_PROFILE,block0_in,59,8,562167
SWAY_PROFILE,block1_in,59,3,562167
SWAY_PROFILE,embedding_in,59,10,562169
SWAY_PROFILE,head_in,58,15,562169
SWAY_PROFILE,patch_ready,59,11,562170
SWAY_PROFILE,block0_in,59,9,562759
SWAY_PROFILE,block1_in,59,4,562759
SWAY_PROFILE,embedding_in,59,11,562761
SWAY_PROFILE,head_in,59,0,562761
SWAY_PROFILE,patch_ready,59,12,562762
SWAY_PROFILE,block0_in,59,10,563349
SWAY_PROFILE,block1_in,59,5,563349
SWAY_PROFILE,embedding_in,59,12,563351
SWAY_PROFILE,head_in,59,1,563351
SWAY_PROFILE,patch_ready,59,13,563352
SWAY_PROFILE,block0_in,59,11,563939
SWAY_PROFILE,block1_in,59,6,563939
SWAY_PROFILE,embedding_in,59,13,563941
SWAY_PROFILE,head_in,59,2,563941
SWAY_PROFILE,patch_ready,59,14,563942
SWAY_PROFILE,block0_in,59,12,564529
SWAY_PROFILE,block1_in,59,7,564529
SWAY_PROFILE,embedding_in,59,14,564531
SWAY_PROFILE,head_in,59,3,564531
SWAY_PROFILE,patch_ready,59,15,564532
SWAY_PERF_INPUT_FRAME,61,555375,564822
SWAY_PROFILE,block0_in,59,13,565121
SWAY_PROFILE,block1_in,59,8,565121
SWAY_PROFILE,embedding_in,59,15,565123
SWAY_PROFILE,head_in,59,4,565123
SWAY_PROFILE,patch_ready,60,0,565124
SWAY_PROFILE,head_output_in,58,0,565462
SWAY_PROFILE,block0_in,59,14,565711
SWAY_PROFILE,block1_in,59,9,565711
SWAY_PROFILE,embedding_in,60,0,565713
SWAY_PROFILE,head_in,59,5,565713
SWAY_PROFILE,patch_ready,60,1,565714
SWAY_PROFILE,serialize_in,58,0,566204
SWAY_PERF_OUTPUT,3306,8,566206
SWAY_PERF_OUTPUT,3307,9,566207
SWAY_PERF_OUTPUT,3308,8,566208
SWAY_PERF_OUTPUT,3309,9,566209
SWAY_PERF_OUTPUT,3310,13,566210
SWAY_PERF_OUTPUT,3311,16,566211
SWAY_PERF_OUTPUT,3312,15,566212
SWAY_PERF_OUTPUT,3313,4,566213
SWAY_PERF_OUTPUT,3314,1,566214
SWAY_PERF_OUTPUT,3315,0,566215
SWAY_PERF_OUTPUT,3316,10,566216
SWAY_PERF_OUTPUT,3317,10,566217
SWAY_PERF_OUTPUT,3318,8,566218
SWAY_PERF_OUTPUT,3319,8,566219
SWAY_PERF_OUTPUT,3320,6,566220
SWAY_PERF_OUTPUT,3321,4,566221
SWAY_PERF_OUTPUT,3322,2,566222
SWAY_PERF_OUTPUT,3323,1,566223
SWAY_PERF_OUTPUT,3324,9,566224
SWAY_PERF_OUTPUT,3325,63,566225
SWAY_PERF_OUTPUT,3326,63,566226
SWAY_PERF_OUTPUT,3327,63,566227
SWAY_PERF_OUTPUT,3328,63,566228
SWAY_PERF_OUTPUT,3329,62,566229
SWAY_PERF_OUTPUT,3330,62,566230
SWAY_PERF_OUTPUT,3331,60,566231
SWAY_PERF_OUTPUT,3332,62,566232
SWAY_PERF_OUTPUT,3333,64,566233
SWAY_PERF_OUTPUT,3334,62,566234
SWAY_PERF_OUTPUT,3335,62,566235
SWAY_PERF_OUTPUT,3336,62,566236
SWAY_PERF_OUTPUT,3337,63,566237
SWAY_PERF_OUTPUT,3338,62,566238
SWAY_PERF_OUTPUT,3339,62,566239
SWAY_PERF_OUTPUT,3340,62,566240
SWAY_PERF_OUTPUT,3341,63,566241
SWAY_PERF_OUTPUT,3342,59,566242
SWAY_PERF_OUTPUT,3343,63,566243
SWAY_PERF_OUTPUT,3344,-8,566244
SWAY_PERF_OUTPUT,3345,2,566245
SWAY_PERF_OUTPUT,3346,13,566246
SWAY_PERF_OUTPUT,3347,17,566247
SWAY_PERF_OUTPUT,3348,9,566248
SWAY_PERF_OUTPUT,3349,2,566249
SWAY_PERF_OUTPUT,3350,-4,566250
SWAY_PERF_OUTPUT,3351,8,566251
SWAY_PERF_OUTPUT,3352,2,566252
SWAY_PERF_OUTPUT,3353,-4,566253
SWAY_PERF_OUTPUT,3354,-7,566254
SWAY_PERF_OUTPUT,3355,-17,566255
SWAY_PERF_OUTPUT,3356,-28,566256
SWAY_PERF_OUTPUT,3357,-30,566257
SWAY_PERF_OUTPUT,3358,-7,566258
SWAY_PERF_OUTPUT,3359,-16,566259
SWAY_PERF_OUTPUT,3360,-26,566260
SWAY_PERF_OUTPUT,3361,-29,566261
SWAY_PERF_OUTPUT,3362,10,566262
SWAY_PERF_FRAME,58,566206,566262
SWAY_PROFILE,block0_in,59,15,566301
SWAY_PROFILE,block1_in,59,10,566301
SWAY_PROFILE,embedding_in,60,1,566303
SWAY_PROFILE,head_in,59,6,566303
SWAY_PROFILE,patch_ready,60,2,566304
SWAY_PROFILE,block0_in,60,0,566891
SWAY_PROFILE,block1_in,59,11,566891
SWAY_PROFILE,embedding_in,60,2,566893
SWAY_PROFILE,head_in,59,7,566893
SWAY_PROFILE,patch_ready,60,3,566894
SWAY_PROFILE,block0_in,60,1,567483
SWAY_PROFILE,block1_in,59,12,567483
SWAY_PROFILE,embedding_in,60,3,567485
SWAY_PROFILE,head_in,59,8,567485
SWAY_PROFILE,patch_ready,60,4,567486
SWAY_PROFILE,block0_in,60,2,568073
SWAY_PROFILE,block1_in,59,13,568073
SWAY_PROFILE,embedding_in,60,4,568075
SWAY_PROFILE,head_in,59,9,568075
SWAY_PROFILE,patch_ready,60,5,568076
SWAY_PROFILE,block0_in,60,3,568663
SWAY_PROFILE,block1_in,59,14,568663
SWAY_PROFILE,embedding_in,60,5,568665
SWAY_PROFILE,head_in,59,10,568665
SWAY_PROFILE,patch_ready,60,6,568666
SWAY_PROFILE,block0_in,60,4,569253
SWAY_PROFILE,block1_in,59,15,569253
SWAY_PROFILE,embedding_in,60,6,569255
SWAY_PROFILE,head_in,59,11,569255
SWAY_PROFILE,patch_ready,60,7,569256
SWAY_PROFILE,block0_in,60,5,569845
SWAY_PROFILE,block1_in,60,0,569845
SWAY_PROFILE,embedding_in,60,7,569847
SWAY_PROFILE,head_in,59,12,569847
SWAY_PROFILE,patch_ready,60,8,569848
SWAY_PROFILE,block0_in,60,6,570435
SWAY_PROFILE,block1_in,60,1,570435
SWAY_PROFILE,embedding_in,60,8,570437
SWAY_PROFILE,head_in,59,13,570437
SWAY_PROFILE,patch_ready,60,9,570438
SWAY_PROFILE,block0_in,60,7,571025
SWAY_PROFILE,block1_in,60,2,571025
SWAY_PROFILE,embedding_in,60,9,571027
SWAY_PROFILE,head_in,59,14,571027
SWAY_PROFILE,patch_ready,60,10,571028
SWAY_PROFILE,block0_in,60,8,571615
SWAY_PROFILE,block1_in,60,3,571615
SWAY_PROFILE,embedding_in,60,10,571617
SWAY_PROFILE,head_in,59,15,571617
SWAY_PROFILE,patch_ready,60,11,571618
SWAY_PROFILE,block0_in,60,9,572207
SWAY_PROFILE,block1_in,60,4,572207
SWAY_PROFILE,embedding_in,60,11,572209
SWAY_PROFILE,head_in,60,0,572209
SWAY_PROFILE,patch_ready,60,12,572210
SWAY_PROFILE,block0_in,60,10,572797
SWAY_PROFILE,block1_in,60,5,572797
SWAY_PROFILE,embedding_in,60,12,572799
SWAY_PROFILE,head_in,60,1,572799
SWAY_PROFILE,patch_ready,60,13,572800
SWAY_PROFILE,block0_in,60,11,573387
SWAY_PROFILE,block1_in,60,6,573387
SWAY_PROFILE,embedding_in,60,13,573389
SWAY_PROFILE,head_in,60,2,573389
SWAY_PROFILE,patch_ready,60,14,573390
SWAY_PROFILE,block0_in,60,12,573977
SWAY_PROFILE,block1_in,60,7,573977
SWAY_PROFILE,embedding_in,60,14,573979
SWAY_PROFILE,head_in,60,3,573979
SWAY_PROFILE,patch_ready,60,15,573980
SWAY_PERF_INPUT_FRAME,62,564823,574270
SWAY_PROFILE,block0_in,60,13,574569
SWAY_PROFILE,block1_in,60,8,574569
SWAY_PROFILE,embedding_in,60,15,574571
SWAY_PROFILE,head_in,60,4,574571
SWAY_PROFILE,patch_ready,61,0,574572
SWAY_PROFILE,head_output_in,59,0,574910
SWAY_PROFILE,block0_in,60,14,575159
SWAY_PROFILE,block1_in,60,9,575159
SWAY_PROFILE,embedding_in,61,0,575161
SWAY_PROFILE,head_in,60,5,575161
SWAY_PROFILE,patch_ready,61,1,575162
SWAY_PROFILE,serialize_in,59,0,575652
SWAY_PERF_OUTPUT,3363,7,575654
SWAY_PERF_OUTPUT,3364,7,575655
SWAY_PERF_OUTPUT,3365,6,575656
SWAY_PERF_OUTPUT,3366,7,575657
SWAY_PERF_OUTPUT,3367,13,575658
SWAY_PERF_OUTPUT,3368,17,575659
SWAY_PERF_OUTPUT,3369,20,575660
SWAY_PERF_OUTPUT,3370,1,575661
SWAY_PERF_OUTPUT,3371,-3,575662
SWAY_PERF_OUTPUT,3372,-4,575663
SWAY_PERF_OUTPUT,3373,10,575664
SWAY_PERF_OUTPUT,3374,11,575665
SWAY_PERF_OUTPUT,3375,13,575666
SWAY_PERF_OUTPUT,3376,13,575667
SWAY_PERF_OUTPUT,3377,5,575668
SWAY_PERF_OUTPUT,3378,4,575669
SWAY_PERF_OUTPUT,3379,2,575670
SWAY_PERF_OUTPUT,3380,2,575671
SWAY_PERF_OUTPUT,3381,7,575672
SWAY_PERF_OUTPUT,3382,62,575673
SWAY_PERF_OUTPUT,3383,62,575674
SWAY_PERF_OUTPUT,3384,62,575675
SWAY_PERF_OUTPUT,3385,61,575676
SWAY_PERF_OUTPUT,3386,63,575677
SWAY_PERF_OUTPUT,3387,65,575678
SWAY_PERF_OUTPUT,3388,62,575679
SWAY_PERF_OUTPUT,3389,60,575680
SWAY_PERF_OUTPUT,3390,59,575681
SWAY_PERF_OUTPUT,3391,57,575682
SWAY_PERF_OUTPUT,3392,60,575683
SWAY_PERF_OUTPUT,3393,60,575684
SWAY_PERF_OUTPUT,3394,59,575685
SWAY_PERF_OUTPUT,3395,56,575686
SWAY_PERF_OUTPUT,3396,60,575687
SWAY_PERF_OUTPUT,3397,63,575688
SWAY_PERF_OUTPUT,3398,65,575689
SWAY_PERF_OUTPUT,3399,62,575690
SWAY_PERF_OUTPUT,3400,62,575691
SWAY_PERF_OUTPUT,3401,-3,575692
SWAY_PERF_OUTPUT,3402,7,575693
SWAY_PERF_OUTPUT,3403,17,575694
SWAY_PERF_OUTPUT,3404,22,575695
SWAY_PERF_OUTPUT,3405,14,575696
SWAY_PERF_OUTPUT,3406,10,575697
SWAY_PERF_OUTPUT,3407,8,575698
SWAY_PERF_OUTPUT,3408,14,575699
SWAY_PERF_OUTPUT,3409,8,575700
SWAY_PERF_OUTPUT,3410,4,575701
SWAY_PERF_OUTPUT,3411,-2,575702
SWAY_PERF_OUTPUT,3412,-15,575703
SWAY_PERF_OUTPUT,3413,-26,575704
SWAY_PERF_OUTPUT,3414,-28,575705
SWAY_PERF_OUTPUT,3415,-3,575706
SWAY_PERF_OUTPUT,3416,-15,575707
SWAY_PERF_OUTPUT,3417,-26,575708
SWAY_PERF_OUTPUT,3418,-28,575709
SWAY_PERF_OUTPUT,3419,15,575710
SWAY_PERF_FRAME,59,575654,575710
SWAY_PROFILE,block0_in,60,15,575749
SWAY_PROFILE,block1_in,60,10,575749
SWAY_PROFILE,embedding_in,61,1,575751
SWAY_PROFILE,head_in,60,6,575751
SWAY_PROFILE,patch_ready,61,2,575752
SWAY_PROFILE,block0_in,61,0,576339
SWAY_PROFILE,block1_in,60,11,576339
SWAY_PROFILE,embedding_in,61,2,576341
SWAY_PROFILE,head_in,60,7,576341
SWAY_PROFILE,patch_ready,61,3,576342
SWAY_PROFILE,block0_in,61,1,576931
SWAY_PROFILE,block1_in,60,12,576931
SWAY_PROFILE,embedding_in,61,3,576933
SWAY_PROFILE,head_in,60,8,576933
SWAY_PROFILE,patch_ready,61,4,576934
SWAY_PROFILE,block0_in,61,2,577521
SWAY_PROFILE,block1_in,60,13,577521
SWAY_PROFILE,embedding_in,61,4,577523
SWAY_PROFILE,head_in,60,9,577523
SWAY_PROFILE,patch_ready,61,5,577524
SWAY_PROFILE,block0_in,61,3,578111
SWAY_PROFILE,block1_in,60,14,578111
SWAY_PROFILE,embedding_in,61,5,578113
SWAY_PROFILE,head_in,60,10,578113
SWAY_PROFILE,patch_ready,61,6,578114
SWAY_PROFILE,block0_in,61,4,578701
SWAY_PROFILE,block1_in,60,15,578701
SWAY_PROFILE,embedding_in,61,6,578703
SWAY_PROFILE,head_in,60,11,578703
SWAY_PROFILE,patch_ready,61,7,578704
SWAY_PROFILE,block0_in,61,5,579293
SWAY_PROFILE,block1_in,61,0,579293
SWAY_PROFILE,embedding_in,61,7,579295
SWAY_PROFILE,head_in,60,12,579295
SWAY_PROFILE,patch_ready,61,8,579296
SWAY_PROFILE,block0_in,61,6,579883
SWAY_PROFILE,block1_in,61,1,579883
SWAY_PROFILE,embedding_in,61,8,579885
SWAY_PROFILE,head_in,60,13,579885
SWAY_PROFILE,patch_ready,61,9,579886
SWAY_PROFILE,block0_in,61,7,580473
SWAY_PROFILE,block1_in,61,2,580473
SWAY_PROFILE,embedding_in,61,9,580475
SWAY_PROFILE,head_in,60,14,580475
SWAY_PROFILE,patch_ready,61,10,580476
SWAY_PROFILE,block0_in,61,8,581063
SWAY_PROFILE,block1_in,61,3,581063
SWAY_PROFILE,embedding_in,61,10,581065
SWAY_PROFILE,head_in,60,15,581065
SWAY_PROFILE,patch_ready,61,11,581066
SWAY_PROFILE,block0_in,61,9,581655
SWAY_PROFILE,block1_in,61,4,581655
SWAY_PROFILE,embedding_in,61,11,581657
SWAY_PROFILE,head_in,61,0,581657
SWAY_PROFILE,patch_ready,61,12,581658
SWAY_PROFILE,block0_in,61,10,582245
SWAY_PROFILE,block1_in,61,5,582245
SWAY_PROFILE,embedding_in,61,12,582247
SWAY_PROFILE,head_in,61,1,582247
SWAY_PROFILE,patch_ready,61,13,582248
SWAY_PROFILE,block0_in,61,11,582835
SWAY_PROFILE,block1_in,61,6,582835
SWAY_PROFILE,embedding_in,61,13,582837
SWAY_PROFILE,head_in,61,2,582837
SWAY_PROFILE,patch_ready,61,14,582838
SWAY_PROFILE,block0_in,61,12,583425
SWAY_PROFILE,block1_in,61,7,583425
SWAY_PROFILE,embedding_in,61,14,583427
SWAY_PROFILE,head_in,61,3,583427
SWAY_PROFILE,patch_ready,61,15,583428
SWAY_PERF_INPUT_FRAME,63,574271,583718
SWAY_PROFILE,block0_in,61,13,584017
SWAY_PROFILE,block1_in,61,8,584017
SWAY_PROFILE,embedding_in,61,15,584019
SWAY_PROFILE,head_in,61,4,584019
SWAY_PROFILE,patch_ready,62,0,584020
SWAY_PROFILE,head_output_in,60,0,584358
SWAY_PROFILE,block0_in,61,14,584607
SWAY_PROFILE,block1_in,61,9,584607
SWAY_PROFILE,embedding_in,62,0,584609
SWAY_PROFILE,head_in,61,5,584609
SWAY_PROFILE,patch_ready,62,1,584610
SWAY_PROFILE,serialize_in,60,0,585100
SWAY_PERF_OUTPUT,3420,8,585102
SWAY_PERF_OUTPUT,3421,9,585103
SWAY_PERF_OUTPUT,3422,9,585104
SWAY_PERF_OUTPUT,3423,9,585105
SWAY_PERF_OUTPUT,3424,14,585106
SWAY_PERF_OUTPUT,3425,20,585107
SWAY_PERF_OUTPUT,3426,23,585108
SWAY_PERF_OUTPUT,3427,3,585109
SWAY_PERF_OUTPUT,3428,-4,585110
SWAY_PERF_OUTPUT,3429,-9,585111
SWAY_PERF_OUTPUT,3430,11,585112
SWAY_PERF_OUTPUT,3431,13,585113
SWAY_PERF_OUTPUT,3432,13,585114
SWAY_PERF_OUTPUT,3433,14,585115
SWAY_PERF_OUTPUT,3434,6,585116
SWAY_PERF_OUTPUT,3435,0,585117
SWAY_PERF_OUTPUT,3436,-5,585118
SWAY_PERF_OUTPUT,3437,-5,585119
SWAY_PERF_OUTPUT,3438,9,585120
SWAY_PERF_OUTPUT,3439,62,585121
SWAY_PERF_OUTPUT,3440,61,585122
SWAY_PERF_OUTPUT,3441,60,585123
SWAY_PERF_OUTPUT,3442,59,585124
SWAY_PERF_OUTPUT,3443,59,585125
SWAY_PERF_OUTPUT,3444,59,585126
SWAY_PERF_OUTPUT,3445,58,585127
SWAY_PERF_OUTPUT,3446,60,585128
SWAY_PERF_OUTPUT,3447,60,585129
SWAY_PERF_OUTPUT,3448,59,585130
SWAY_PERF_OUTPUT,3449,60,585131
SWAY_PERF_OUTPUT,3450,58,585132
SWAY_PERF_OUTPUT,3451,61,585133
SWAY_PERF_OUTPUT,3452,59,585134
SWAY_PERF_OUTPUT,3453,61,585135
SWAY_PERF_OUTPUT,3454,59,585136
SWAY_PERF_OUTPUT,3455,61,585137
SWAY_PERF_OUTPUT,3456,58,585138
SWAY_PERF_OUTPUT,3457,60,585139
SWAY_PERF_OUTPUT,3458,-8,585140
SWAY_PERF_OUTPUT,3459,2,585141
SWAY_PERF_OUTPUT,3460,11,585142
SWAY_PERF_OUTPUT,3461,15,585143
SWAY_PERF_OUTPUT,3462,8,585144
SWAY_PERF_OUTPUT,3463,6,585145
SWAY_PERF_OUTPUT,3464,5,585146
SWAY_PERF_OUTPUT,3465,8,585147
SWAY_PERF_OUTPUT,3466,6,585148
SWAY_PERF_OUTPUT,3467,8,585149
SWAY_PERF_OUTPUT,3468,-7,585150
SWAY_PERF_OUTPUT,3469,-16,585151
SWAY_PERF_OUTPUT,3470,-27,585152
SWAY_PERF_OUTPUT,3471,-29,585153
SWAY_PERF_OUTPUT,3472,-7,585154
SWAY_PERF_OUTPUT,3473,-14,585155
SWAY_PERF_OUTPUT,3474,-25,585156
SWAY_PERF_OUTPUT,3475,-27,585157
SWAY_PERF_OUTPUT,3476,9,585158
SWAY_PERF_FRAME,60,585102,585158
SWAY_PROFILE,block0_in,61,15,585197
SWAY_PROFILE,block1_in,61,10,585197
SWAY_PROFILE,embedding_in,62,1,585199
SWAY_PROFILE,head_in,61,6,585199
SWAY_PROFILE,patch_ready,62,2,585200
SWAY_PROFILE,block0_in,62,0,585787
SWAY_PROFILE,block1_in,61,11,585787
SWAY_PROFILE,embedding_in,62,2,585789
SWAY_PROFILE,head_in,61,7,585789
SWAY_PROFILE,patch_ready,62,3,585790
SWAY_PROFILE,block0_in,62,1,586379
SWAY_PROFILE,block1_in,61,12,586379
SWAY_PROFILE,embedding_in,62,3,586381
SWAY_PROFILE,head_in,61,8,586381
SWAY_PROFILE,patch_ready,62,4,586382
SWAY_PROFILE,block0_in,62,2,586969
SWAY_PROFILE,block1_in,61,13,586969
SWAY_PROFILE,embedding_in,62,4,586971
SWAY_PROFILE,head_in,61,9,586971
SWAY_PROFILE,patch_ready,62,5,586972
SWAY_PROFILE,block0_in,62,3,587559
SWAY_PROFILE,block1_in,61,14,587559
SWAY_PROFILE,embedding_in,62,5,587561
SWAY_PROFILE,head_in,61,10,587561
SWAY_PROFILE,patch_ready,62,6,587562
SWAY_PROFILE,block0_in,62,4,588149
SWAY_PROFILE,block1_in,61,15,588149
SWAY_PROFILE,embedding_in,62,6,588151
SWAY_PROFILE,head_in,61,11,588151
SWAY_PROFILE,patch_ready,62,7,588152
SWAY_PROFILE,block0_in,62,5,588741
SWAY_PROFILE,block1_in,62,0,588741
SWAY_PROFILE,embedding_in,62,7,588743
SWAY_PROFILE,head_in,61,12,588743
SWAY_PROFILE,patch_ready,62,8,588744
SWAY_PROFILE,block0_in,62,6,589331
SWAY_PROFILE,block1_in,62,1,589331
SWAY_PROFILE,embedding_in,62,8,589333
SWAY_PROFILE,head_in,61,13,589333
SWAY_PROFILE,patch_ready,62,9,589334
SWAY_PROFILE,block0_in,62,7,589921
SWAY_PROFILE,block1_in,62,2,589921
SWAY_PROFILE,embedding_in,62,9,589923
SWAY_PROFILE,head_in,61,14,589923
SWAY_PROFILE,patch_ready,62,10,589924
SWAY_PROFILE,block0_in,62,8,590511
SWAY_PROFILE,block1_in,62,3,590511
SWAY_PROFILE,embedding_in,62,10,590513
SWAY_PROFILE,head_in,61,15,590513
SWAY_PROFILE,patch_ready,62,11,590514
SWAY_PROFILE,block0_in,62,9,591103
SWAY_PROFILE,block1_in,62,4,591103
SWAY_PROFILE,embedding_in,62,11,591105
SWAY_PROFILE,head_in,62,0,591105
SWAY_PROFILE,patch_ready,62,12,591106
SWAY_PROFILE,block0_in,62,10,591693
SWAY_PROFILE,block1_in,62,5,591693
SWAY_PROFILE,embedding_in,62,12,591695
SWAY_PROFILE,head_in,62,1,591695
SWAY_PROFILE,patch_ready,62,13,591696
SWAY_PROFILE,block0_in,62,11,592283
SWAY_PROFILE,block1_in,62,6,592283
SWAY_PROFILE,embedding_in,62,13,592285
SWAY_PROFILE,head_in,62,2,592285
SWAY_PROFILE,patch_ready,62,14,592286
SWAY_PROFILE,block0_in,62,12,592873
SWAY_PROFILE,block1_in,62,7,592873
SWAY_PROFILE,embedding_in,62,14,592875
SWAY_PROFILE,head_in,62,3,592875
SWAY_PROFILE,patch_ready,62,15,592876
SWAY_PROFILE,block0_in,62,13,593465
SWAY_PROFILE,block1_in,62,8,593465
SWAY_PROFILE,embedding_in,62,15,593467
SWAY_PROFILE,head_in,62,4,593467
SWAY_PROFILE,patch_ready,63,0,593468
SWAY_PROFILE,head_output_in,61,0,593806
SWAY_PROFILE,block0_in,62,14,594055
SWAY_PROFILE,block1_in,62,9,594055
SWAY_PROFILE,embedding_in,63,0,594057
SWAY_PROFILE,head_in,62,5,594057
SWAY_PROFILE,patch_ready,63,1,594058
SWAY_PROFILE,serialize_in,61,0,594548
SWAY_PERF_OUTPUT,3477,4,594550
SWAY_PERF_OUTPUT,3478,4,594551
SWAY_PERF_OUTPUT,3479,3,594552
SWAY_PERF_OUTPUT,3480,3,594553
SWAY_PERF_OUTPUT,3481,9,594554
SWAY_PERF_OUTPUT,3482,16,594555
SWAY_PERF_OUTPUT,3483,19,594556
SWAY_PERF_OUTPUT,3484,-2,594557
SWAY_PERF_OUTPUT,3485,-7,594558
SWAY_PERF_OUTPUT,3486,-8,594559
SWAY_PERF_OUTPUT,3487,7,594560
SWAY_PERF_OUTPUT,3488,11,594561
SWAY_PERF_OUTPUT,3489,13,594562
SWAY_PERF_OUTPUT,3490,14,594563
SWAY_PERF_OUTPUT,3491,2,594564
SWAY_PERF_OUTPUT,3492,-1,594565
SWAY_PERF_OUTPUT,3493,-2,594566
SWAY_PERF_OUTPUT,3494,-2,594567
SWAY_PERF_OUTPUT,3495,3,594568
SWAY_PERF_OUTPUT,3496,61,594569
SWAY_PERF_OUTPUT,3497,61,594570
SWAY_PERF_OUTPUT,3498,60,594571
SWAY_PERF_OUTPUT,3499,60,594572
SWAY_PERF_OUTPUT,3500,60,594573
SWAY_PERF_OUTPUT,3501,61,594574
SWAY_PERF_OUTPUT,3502,59,594575
SWAY_PERF_OUTPUT,3503,59,594576
SWAY_PERF_OUTPUT,3504,59,594577
SWAY_PERF_OUTPUT,3505,58,594578
SWAY_PERF_OUTPUT,3506,60,594579
SWAY_PERF_OUTPUT,3507,59,594580
SWAY_PERF_OUTPUT,3508,60,594581
SWAY_PERF_OUTPUT,3509,57,594582
SWAY_PERF_OUTPUT,3510,60,594583
SWAY_PERF_OUTPUT,3511,59,594584
SWAY_PERF_OUTPUT,3512,62,594585
SWAY_PERF_OUTPUT,3513,59,594586
SWAY_PERF_OUTPUT,3514,60,594587
SWAY_PERF_OUTPUT,3515,-6,594588
SWAY_PERF_OUTPUT,3516,4,594589
SWAY_PERF_OUTPUT,3517,14,594590
SWAY_PERF_OUTPUT,3518,18,594591
SWAY_PERF_OUTPUT,3519,11,594592
SWAY_PERF_OUTPUT,3520,10,594593
SWAY_PERF_OUTPUT,3521,11,594594
SWAY_PERF_OUTPUT,3522,10,594595
SWAY_PERF_OUTPUT,3523,6,594596
SWAY_PERF_OUTPUT,3524,5,594597
SWAY_PERF_OUTPUT,3525,-5,594598
SWAY_PERF_OUTPUT,3526,-15,594599
SWAY_PERF_OUTPUT,3527,-25,594600
SWAY_PERF_OUTPUT,3528,-28,594601
SWAY_PERF_OUTPUT,3529,-6,594602
SWAY_PERF_OUTPUT,3530,-15,594603
SWAY_PERF_OUTPUT,3531,-27,594604
SWAY_PERF_OUTPUT,3532,-29,594605
SWAY_PERF_OUTPUT,3533,12,594606
SWAY_PERF_FRAME,61,594550,594606
SWAY_PROFILE,block0_in,62,15,594645
SWAY_PROFILE,block1_in,62,10,594645
SWAY_PROFILE,embedding_in,63,1,594647
SWAY_PROFILE,head_in,62,6,594647
SWAY_PROFILE,patch_ready,63,2,594648
SWAY_PROFILE,block0_in,63,0,595235
SWAY_PROFILE,block1_in,62,11,595235
SWAY_PROFILE,embedding_in,63,2,595237
SWAY_PROFILE,head_in,62,7,595237
SWAY_PROFILE,patch_ready,63,3,595238
SWAY_PROFILE,block0_in,63,1,595827
SWAY_PROFILE,block1_in,62,12,595827
SWAY_PROFILE,embedding_in,63,3,595829
SWAY_PROFILE,head_in,62,8,595829
SWAY_PROFILE,patch_ready,63,4,595830
SWAY_PROFILE,block0_in,63,2,596417
SWAY_PROFILE,block1_in,62,13,596417
SWAY_PROFILE,embedding_in,63,4,596419
SWAY_PROFILE,head_in,62,9,596419
SWAY_PROFILE,patch_ready,63,5,596420
SWAY_PROFILE,block0_in,63,3,597007
SWAY_PROFILE,block1_in,62,14,597007
SWAY_PROFILE,embedding_in,63,5,597009
SWAY_PROFILE,head_in,62,10,597009
SWAY_PROFILE,patch_ready,63,6,597010
SWAY_PROFILE,block0_in,63,4,597597
SWAY_PROFILE,block1_in,62,15,597597
SWAY_PROFILE,embedding_in,63,6,597599
SWAY_PROFILE,head_in,62,11,597599
SWAY_PROFILE,patch_ready,63,7,597600
SWAY_PROFILE,block0_in,63,5,598189
SWAY_PROFILE,block1_in,63,0,598189
SWAY_PROFILE,embedding_in,63,7,598191
SWAY_PROFILE,head_in,62,12,598191
SWAY_PROFILE,patch_ready,63,8,598192
SWAY_PROFILE,block0_in,63,6,598779
SWAY_PROFILE,block1_in,63,1,598779
SWAY_PROFILE,embedding_in,63,8,598781
SWAY_PROFILE,head_in,62,13,598781
SWAY_PROFILE,patch_ready,63,9,598782
SWAY_PROFILE,block0_in,63,7,599369
SWAY_PROFILE,block1_in,63,2,599369
SWAY_PROFILE,embedding_in,63,9,599371
SWAY_PROFILE,head_in,62,14,599371
SWAY_PROFILE,patch_ready,63,10,599372
SWAY_PROFILE,block0_in,63,8,599959
SWAY_PROFILE,block1_in,63,3,599959
SWAY_PROFILE,embedding_in,63,10,599961
SWAY_PROFILE,head_in,62,15,599961
SWAY_PROFILE,patch_ready,63,11,599962
SWAY_PROFILE,block0_in,63,9,600551
SWAY_PROFILE,block1_in,63,4,600551
SWAY_PROFILE,embedding_in,63,11,600553
SWAY_PROFILE,head_in,63,0,600553
SWAY_PROFILE,patch_ready,63,12,600554
SWAY_PROFILE,block0_in,63,10,601141
SWAY_PROFILE,block1_in,63,5,601141
SWAY_PROFILE,embedding_in,63,12,601143
SWAY_PROFILE,head_in,63,1,601143
SWAY_PROFILE,patch_ready,63,13,601144
SWAY_PROFILE,block0_in,63,11,601731
SWAY_PROFILE,block1_in,63,6,601731
SWAY_PROFILE,embedding_in,63,13,601733
SWAY_PROFILE,head_in,63,2,601733
SWAY_PROFILE,patch_ready,63,14,601734
SWAY_PROFILE,block0_in,63,12,602321
SWAY_PROFILE,block1_in,63,7,602321
SWAY_PROFILE,embedding_in,63,14,602323
SWAY_PROFILE,head_in,63,3,602323
SWAY_PROFILE,patch_ready,63,15,602324
SWAY_PROFILE,block0_in,63,13,602913
SWAY_PROFILE,block1_in,63,8,602913
SWAY_PROFILE,embedding_in,63,15,602915
SWAY_PROFILE,head_in,63,4,602915
SWAY_PROFILE,head_output_in,62,0,603254
SWAY_PROFILE,block0_in,63,14,603503
SWAY_PROFILE,block1_in,63,9,603503
SWAY_PROFILE,head_in,63,5,603505
SWAY_PROFILE,serialize_in,62,0,603996
SWAY_PERF_OUTPUT,3534,4,603998
SWAY_PERF_OUTPUT,3535,4,603999
SWAY_PERF_OUTPUT,3536,3,604000
SWAY_PERF_OUTPUT,3537,3,604001
SWAY_PERF_OUTPUT,3538,10,604002
SWAY_PERF_OUTPUT,3539,16,604003
SWAY_PERF_OUTPUT,3540,21,604004
SWAY_PERF_OUTPUT,3541,-3,604005
SWAY_PERF_OUTPUT,3542,-10,604006
SWAY_PERF_OUTPUT,3543,-15,604007
SWAY_PERF_OUTPUT,3544,7,604008
SWAY_PERF_OUTPUT,3545,11,604009
SWAY_PERF_OUTPUT,3546,15,604010
SWAY_PERF_OUTPUT,3547,15,604011
SWAY_PERF_OUTPUT,3548,2,604012
SWAY_PERF_OUTPUT,3549,-2,604013
SWAY_PERF_OUTPUT,3550,-5,604014
SWAY_PERF_OUTPUT,3551,-5,604015
SWAY_PERF_OUTPUT,3552,3,604016
SWAY_PERF_OUTPUT,3553,63,604017
SWAY_PERF_OUTPUT,3554,62,604018
SWAY_PERF_OUTPUT,3555,61,604019
SWAY_PERF_OUTPUT,3556,61,604020
SWAY_PERF_OUTPUT,3557,62,604021
SWAY_PERF_OUTPUT,3558,62,604022
SWAY_PERF_OUTPUT,3559,60,604023
SWAY_PERF_OUTPUT,3560,61,604024
SWAY_PERF_OUTPUT,3561,61,604025
SWAY_PERF_OUTPUT,3562,60,604026
SWAY_PERF_OUTPUT,3563,61,604027
SWAY_PERF_OUTPUT,3564,60,604028
SWAY_PERF_OUTPUT,3565,61,604029
SWAY_PERF_OUTPUT,3566,59,604030
SWAY_PERF_OUTPUT,3567,61,604031
SWAY_PERF_OUTPUT,3568,61,604032
SWAY_PERF_OUTPUT,3569,63,604033
SWAY_PERF_OUTPUT,3570,60,604034
SWAY_PERF_OUTPUT,3571,61,604035
SWAY_PERF_OUTPUT,3572,-4,604036
SWAY_PERF_OUTPUT,3573,6,604037
SWAY_PERF_OUTPUT,3574,17,604038
SWAY_PERF_OUTPUT,3575,21,604039
SWAY_PERF_OUTPUT,3576,13,604040
SWAY_PERF_OUTPUT,3577,13,604041
SWAY_PERF_OUTPUT,3578,14,604042
SWAY_PERF_OUTPUT,3579,13,604043
SWAY_PERF_OUTPUT,3580,12,604044
SWAY_PERF_OUTPUT,3581,15,604045
SWAY_PERF_OUTPUT,3582,-3,604046
SWAY_PERF_OUTPUT,3583,-14,604047
SWAY_PERF_OUTPUT,3584,-26,604048
SWAY_PERF_OUTPUT,3585,-28,604049
SWAY_PERF_OUTPUT,3586,-3,604050
SWAY_PERF_OUTPUT,3587,-14,604051
SWAY_PERF_OUTPUT,3588,-26,604052
SWAY_PERF_OUTPUT,3589,-28,604053
SWAY_PERF_OUTPUT,3590,14,604054
SWAY_PERF_FRAME,62,603998,604054
SWAY_PROFILE,block0_in,63,15,604093
SWAY_PROFILE,block1_in,63,10,604093
SWAY_PROFILE,head_in,63,6,604095
SWAY_PROFILE,block1_in,63,11,604683
SWAY_PROFILE,head_in,63,7,604685
SWAY_PROFILE,block1_in,63,12,605275
SWAY_PROFILE,head_in,63,8,605277
SWAY_PROFILE,block1_in,63,13,605865
SWAY_PROFILE,head_in,63,9,605867
SWAY_PROFILE,block1_in,63,14,606455
SWAY_PROFILE,head_in,63,10,606457
SWAY_PROFILE,block1_in,63,15,607045
SWAY_PROFILE,head_in,63,11,607047
SWAY_PROFILE,head_in,63,12,607639
SWAY_PROFILE,head_in,63,13,608229
SWAY_PROFILE,head_in,63,14,608819
SWAY_PROFILE,head_in,63,15,609409
SWAY_PROFILE,head_output_in,63,0,612702
SWAY_PROFILE,serialize_in,63,0,613444
SWAY_PERF_OUTPUT,3591,8,613446
SWAY_PERF_OUTPUT,3592,9,613447
SWAY_PERF_OUTPUT,3593,8,613448
SWAY_PERF_OUTPUT,3594,8,613449
SWAY_PERF_OUTPUT,3595,14,613450
SWAY_PERF_OUTPUT,3596,19,613451
SWAY_PERF_OUTPUT,3597,21,613452
SWAY_PERF_OUTPUT,3598,3,613453
SWAY_PERF_OUTPUT,3599,0,613454
SWAY_PERF_OUTPUT,3600,-3,613455
SWAY_PERF_OUTPUT,3601,10,613456
SWAY_PERF_OUTPUT,3602,12,613457
SWAY_PERF_OUTPUT,3603,12,613458
SWAY_PERF_OUTPUT,3604,12,613459
SWAY_PERF_OUTPUT,3605,6,613460
SWAY_PERF_OUTPUT,3606,3,613461
SWAY_PERF_OUTPUT,3607,0,613462
SWAY_PERF_OUTPUT,3608,-1,613463
SWAY_PERF_OUTPUT,3609,9,613464
SWAY_PERF_OUTPUT,3610,61,613465
SWAY_PERF_OUTPUT,3611,62,613466
SWAY_PERF_OUTPUT,3612,61,613467
SWAY_PERF_OUTPUT,3613,61,613468
SWAY_PERF_OUTPUT,3614,61,613469
SWAY_PERF_OUTPUT,3615,61,613470
SWAY_PERF_OUTPUT,3616,59,613471
SWAY_PERF_OUTPUT,3617,60,613472
SWAY_PERF_OUTPUT,3618,61,613473
SWAY_PERF_OUTPUT,3619,60,613474
SWAY_PERF_OUTPUT,3620,60,613475
SWAY_PERF_OUTPUT,3621,60,613476
SWAY_PERF_OUTPUT,3622,62,613477
SWAY_PERF_OUTPUT,3623,60,613478
SWAY_PERF_OUTPUT,3624,61,613479
SWAY_PERF_OUTPUT,3625,61,613480
SWAY_PERF_OUTPUT,3626,62,613481
SWAY_PERF_OUTPUT,3627,58,613482
SWAY_PERF_OUTPUT,3628,61,613483
SWAY_PERF_OUTPUT,3629,-6,613484
SWAY_PERF_OUTPUT,3630,3,613485
SWAY_PERF_OUTPUT,3631,14,613486
SWAY_PERF_OUTPUT,3632,17,613487
SWAY_PERF_OUTPUT,3633,10,613488
SWAY_PERF_OUTPUT,3634,7,613489
SWAY_PERF_OUTPUT,3635,6,613490
SWAY_PERF_OUTPUT,3636,9,613491
SWAY_PERF_OUTPUT,3637,4,613492
SWAY_PERF_OUTPUT,3638,1,613493
SWAY_PERF_OUTPUT,3639,-6,613494
SWAY_PERF_OUTPUT,3640,-16,613495
SWAY_PERF_OUTPUT,3641,-27,613496
SWAY_PERF_OUTPUT,3642,-29,613497
SWAY_PERF_OUTPUT,3643,-6,613498
SWAY_PERF_OUTPUT,3644,-15,613499
SWAY_PERF_OUTPUT,3645,-26,613500
SWAY_PERF_OUTPUT,3646,-28,613501
SWAY_PERF_OUTPUT,3647,11,613502
SWAY_PERF_FRAME,63,613446,613502
SWAY_PERF_PASS,64,3648,615551,2048
