          0           0 0
          1           0 0
          2           0 1
          3           0 1
          4           0 0
          5           0 0
          6           0 1
          7           0 0
          8           0 0
          9           0 0
         10           0 0
         11           0 0
         12           0 0
         13           0 0
         14           0 0
         15           0 0
         16           0 0
         17           0 0
         18           0 0
         19           0 0
         20           0 0
         21           0 0
         22           0 0
         23           0 0
         24           0 000
         25           0 000
         26           0 001
         27           0 010
         28           0 000
         29           0 000
         30           0 000
         31           0 000
         32           0 000
         33           0 000
         34           0 011
         35           0 011
         36           0 011
         37           0 011
         38           0 000
         39           0 000
         40           0 000
         41           0 000
         42           0 000
         43           0 000
         44           0 000
         45           0 000
         46           0 000
         47           0 000
         48           0 000
         49           0 011
         50           0 011
         51           0 011
         52           0 011
         53           0 011
         54           0 011
         55           0 011
         56           0 011
         57           0 011
         58           0 011
         59           0 011
         60           0 011
          0           1 0
          1           1 0
          2           1 1
          3           1 0
          4           1 1
          5           1 1
          6           1 0
          7           1 1
          8           1 0
          9           1 0
         10           1 0
         11           1 0
         12           1 0
         13           1 0
         14           1 0
         15           1 0
         16           1 0
         17           1 0
         18           1 0
         19           1 0
         20           1 0
         21           1 0
         22           1 0
         23           1 1
         24           1 001
         25           1 000
         26           1 001
         27           1 010
         28           1 001
         29           1 000
         30           1 000
         31           1 000
         32           1 001
         33           1 001
         34           1 111
         35           1 101
         36           1 110
         37           1 100
         38           1 000
         39           1 000
         40           1 001
         41           1 000
         42           1 000
         43           1 001
         44           1 001
         45           1 000
         46           1 000
         47           1 001
         48           1 001
         49           1 111
         50           1 101
         51           1 110
         52           1 100
         53           1 111
         54           1 101
         55           1 110
         56           1 100
         57           1 111
         58           1 101
         59           1 110
         60           1 100
          0           2 0
          1           2 0
          2           2 1
          3           2 1
          4           2 0
          5           2 1
          6           2 0
          7           2 0
          8           2 1
          9           2 0
         10           2 0
         11           2 0
         12           2 0
         13           2 0
         14           2 0
         15           2 0
         16           2 0
         17           2 0
         18           2 0
         19           2 0
         20           2 0
         21           2 0
         22           2 1
         23           2 0
         24           2 001
         25           2 000
         26           2 000
         27           2 010
         28           2 000
         29           2 000
         30           2 000
         31           2 000
         32           2 000
         33           2 000
         34           2 011
         35           2 011
         36           2 011
         37           2 011
         38           2 001
         39           2 001
         40           2 001
         41           2 001
         42           2 001
         43           2 001
         44           2 001
         45           2 001
         46           2 001
         47           2 001
         48           2 001
         49           2 010
         50           2 010
         51           2 010
         52           2 010
         53           2 010
         54           2 010
         55           2 010
         56           2 010
         57           2 011
         58           2 011
         59           2 011
         60           2 011
          0           3 0
          1           3 0
          2           3 1
          3           3 0
          4           3 1
          5           3 0
          6           3 0
          7           3 0
          8           3 0
          9           3 1
         10           3 0
         11           3 0
         12           3 0
         13           3 0
         14           3 0
         15           3 0
         16           3 0
         17           3 0
         18           3 0
         19           3 0
         20           3 0
         21           3 0
         22           3 1
         23           3 1
         24           3 010
         25           3 000
         26           3 000
         27           3 010
         28           3 001
         29           3 000
         30           3 000
         31           3 000
         32           3 001
         33           3 001
         34           3 111
         35           3 101
         36           3 110
         37           3 100
         38           3 001
         39           3 011
         40           3 000
         41           3 001
         42           3 011
         43           3 000
         44           3 010
         45           3 001
         46           3 011
         47           3 000
         48           3 010
         49           3 010
         50           3 010
         51           3 011
         52           3 011
         53           3 010
         54           3 010
         55           3 011
         56           3 011
         57           3 111
         58           3 101
         59           3 110
         60           3 100
          0           4 0
          1           4 0
          2           4 1
          3           4 0
          4           4 0
          5           4 1
          6           4 0
          7           4 0
          8           4 0
          9           4 0
         10           4 1
         11           4 0
         12           4 0
         13           4 0
         14           4 0
         15           4 0
         16           4 0
         17           4 0
         18           4 0
         19           4 0
         20           4 0
         21           4 0
         22           4 0
         23           4 0
         24           4 000
         25           4 000
         26           4 000
         27           4 010
         28           4 000
         29           4 000
         30           4 000
         31           4 000
         32           4 000
         33           4 000
         34           4 011
         35           4 011
         36           4 011
         37           4 011
         38           4 000
         39           4 000
         40           4 000
         41           4 001
         42           4 001
         43           4 001
         44           4 001
         45           4 001
         46           4 001
         47           4 001
         48           4 001
         49           4 010
         50           4 010
         51           4 010
         52           4 010
         53           4 011
         54           4 011
         55           4 011
         56           4 011
         57           4 011
         58           4 011
         59           4 011
         60           4 011
          0           5 0
          1           5 0
          2           5 1
          3           5 1
          4           5 1
          5           5 0
          6           5 0
          7           5 0
          8           5 0
          9           5 0
         10           5 0
         11           5 1
         12           5 0
         13           5 0
         14           5 0
         15           5 0
         16           5 0
         17           5 0
         18           5 0
         19           5 0
         20           5 0
         21           5 0
         22           5 1
         23           5 0
         24           5 001
         25           5 000
         26           5 000
         27           5 010
         28           5 001
         29           5 000
         30           5 000
         31           5 000
         32           5 001
         33           5 001
         34           5 111
         35           5 101
         36           5 110
         37           5 100
         38           5 000
         39           5 000
         40           5 001
         41           5 001
         42           5 011
         43           5 000
         44           5 010
         45           5 001
         46           5 011
         47           5 000
         48           5 010
         49           5 010
         50           5 010
         51           5 011
         52           5 011
         53           5 111
         54           5 101
         55           5 110
         56           5 100
         57           5 111
         58           5 101
         59           5 110
         60           5 100
          0           6 0
          1           6 0
          2           6 1
          3           6 0
          4           6 0
          5           6 0
          6           6 0
          7           6 0
          8           6 0
          9           6 0
         10           6 0
         11           6 0
         12           6 1
         13           6 0
         14           6 0
         15           6 0
         16           6 0
         17           6 0
         18           6 0
         19           6 0
         20           6 0
         21           6 0
         22           6 0
         23           6 1
         24           6 001
         25           6 000
         26           6 000
         27           6 010
         28           6 000
         29           6 000
         30           6 000
         31           6 000
         32           6 000
         33           6 000
         34           6 011
         35           6 011
         36           6 011
         37           6 011
         38           6 001
         39           6 001
         40           6 001
         41           6 000
         42           6 000
         43           6 000
         44           6 000
         45           6 000
         46           6 000
         47           6 000
         48           6 000
         49           6 010
         50           6 010
         51           6 010
         52           6 010
         53           6 011
         54           6 011
         55           6 011
         56           6 011
         57           6 010
         58           6 010
         59           6 010
         60           6 010
          0           7 0
          1           7 0
          2           7 1
          3           7 1
          4           7 1
          5           7 1
          6           7 0
          7           7 0
          8           7 0
          9           7 0
         10           7 0
         11           7 0
         12           7 0
         13           7 1
         14           7 0
         15           7 0
         16           7 0
         17           7 0
         18           7 0
         19           7 0
         20           7 0
         21           7 0
         22           7 1
         23           7 1
         24           7 010
         25           7 000
         26           7 000
         27           7 010
         28           7 001
         29           7 000
         30           7 000
         31           7 000
         32           7 001
         33           7 001
         34           7 111
         35           7 101
         36           7 110
         37           7 100
         38           7 001
         39           7 011
         40           7 000
         41           7 000
         42           7 000
         43           7 001
         44           7 001
         45           7 000
         46           7 000
         47           7 001
         48           7 001
         49           7 010
         50           7 010
         51           7 011
         52           7 011
         53           7 111
         54           7 101
         55           7 110
         56           7 100
         57           7 010
         58           7 010
         59           7 011
         60           7 011
          0           8 0
          1           8 0
          2           8 1
          3           8 1
          4           8 0
          5           8 1
          6           8 0
          7           8 0
          8           8 0
          9           8 0
         10           8 0
         11           8 0
         12           8 0
         13           8 0
         14           8 1
         15           8 0
         16           8 0
         17           8 0
         18           8 0
         19           8 0
         20           8 0
         21           8 0
         24           8 000
         25           8 000
         26           8 000
         27           8 010
         28           8 000
         29           8 000
         30           8 000
         31           8 000
         32           8 000
         33           8 000
         34           8 011
         35           8 011
         36           8 011
         37           8 011
         38           8 000
         39           8 000
         40           8 000
         41           8 001
         42           8 001
         43           8 001
         44           8 001
         45           8 001
         46           8 001
         47           8 001
         48           8 001
         49           8 011
         50           8 011
         51           8 011
         52           8 011
         53           8 011
         54           8 011
         55           8 011
         56           8 011
         57           8 011
         58           8 011
         59           8 011
         60           8 011
          0           9 0
          1           9 0
          2           9 1
          3           9 0
          4           9 1
          5           9 0
          6           9 0
          7           9 0
          8           9 0
          9           9 0
         10           9 0
         11           9 0
         12           9 0
         13           9 0
         14           9 0
         15           9 1
         16           9 0
         17           9 0
         18           9 0
         19           9 0
         20           9 0
         21           9 0
         24           9 001
         25           9 000
         26           9 000
         27           9 010
         28           9 001
         29           9 000
         30           9 000
         31           9 000
         32           9 001
         33           9 001
         34           9 111
         35           9 101
         36           9 110
         37           9 100
         38           9 000
         39           9 000
         40           9 001
         41           9 001
         42           9 011
         43           9 000
         44           9 010
         45           9 001
         46           9 011
         47           9 000
         48           9 010
         49           9 111
         50           9 101
         51           9 110
         52           9 100
         53           9 111
         54           9 101
         55           9 110
         56           9 100
         57           9 111
         58           9 101
         59           9 110
         60           9 100
          0          10 0
          1          10 0
          2          10 1
          3          10 1
          4          10 1
          5          10 0
          6          10 0
          7          10 0
          8          10 0
          9          10 0
         10          10 0
         11          10 0
         12          10 0
         13          10 0
         14          10 0
         15          10 0
         16          10 1
         17          10 0
         18          10 0
         19          10 0
         20          10 0
         21          10 0
         24          10 001
         25          10 000
         26          10 000
         27          10 010
         28          10 000
         29          10 000
         30          10 000
         31          10 000
         32          10 000
         33          10 000
         34          10 011
         35          10 011
         36          10 011
         37          10 011
         38          10 001
         39          10 001
         40          10 001
         41          10 000
         42          10 000
         43          10 000
         44          10 010
         45          10 001
         46          10 001
         47          10 001
         48          10 001
         49          10 010
         50          10 010
         51          10 010
         52          10 010
         53          10 010
         54          10 010
         55          10 010
         56          10 010
         57          10 010
         58          10 010
         59          10 110
         60          10 100
          0          11 0
          1          11 0
          2          11 1
          3          11 0
          4          11 0
          5          11 1
          6          11 0
          7          11 0
          8          11 0
          9          11 0
         10          11 0
         11          11 0
         12          11 0
         13          11 0
         14          11 0
         15          11 0
         16          11 0
         17          11 1
         18          11 0
         19          11 0
         20          11 0
         21          11 0
         24          11 010
         25          11 000
         26          11 000
         27          11 010
         28          11 001
         29          11 000
         30          11 000
         31          11 000
         32          11 001
         33          11 001
         34          11 111
         35          11 101
         36          11 110
         37          11 100
         38          11 001
         39          11 011
         40          11 000
         41          11 000
         42          11 000
         43          11 001
         44          11 011
         45          11 001
         46          11 011
         47          11 000
         48          11 010
         49          11 010
         50          11 010
         51          11 011
         52          11 011
         53          11 010
         54          11 010
         55          11 011
         56          11 011
         57          11 010
         58          11 010
         59          11 111
         60          11 101
          0          12 0
          1          12 0
          2          12 1
          3          12 0
          4          12 1
          5          12 0
          6          12 0
          7          12 0
          8          12 0
          9          12 0
         10          12 0
         11          12 0
         12          12 0
         13          12 0
         14          12 0
         15          12 0
         16          12 0
         17          12 0
         18          12 1
         19          12 0
         20          12 0
         21          12 0
         24          12 000
         25          12 000
         26          12 000
         27          12 010
         28          12 000
         29          12 000
         30          12 000
         31          12 000
         32          12 000
         33          12 000
         34          12 011
         35          12 011
         36          12 011
         37          12 011
         38          12 000
         39          12 000
         40          12 000
         41          12 000
         42          12 000
         43          12 000
         44          12 010
         45          12 000
         46          12 000
         47          12 000
         48          12 010
         49          12 010
         50          12 010
         51          12 010
         52          12 010
         53          12 011
         54          12 011
         55          12 011
         56          12 011
         57          12 011
         58          12 011
         59          12 011
         60          12 011
          0          13 0
          1          13 0
          2          13 1
          3          13 1
          4          13 0
          5          13 1
          6          13 0
          7          13 0
          8          13 0
          9          13 0
         10          13 0
         11          13 0
         12          13 0
         13          13 0
         14          13 0
         15          13 0
         16          13 0
         17          13 0
         18          13 0
         19          13 1
         20          13 0
         21          13 0
         24          13 001
         25          13 000
         26          13 000
         27          13 010
         28          13 001
         29          13 000
         30          13 000
         31          13 000
         32          13 001
         33          13 001
         34          13 111
         35          13 101
         36          13 110
         37          13 100
         38          13 000
         39          13 000
         40          13 001
         41          13 000
         42          13 000
         43          13 001
         44          13 011
         45          13 000
         46          13 000
         47          13 001
         48          13 011
         49          13 010
         50          13 010
         51          13 011
         52          13 011
         53          13 111
         54          13 101
         55          13 110
         56          13 100
         57          13 111
         58          13 101
         59          13 110
         60          13 100
          0          14 0
          1          14 0
          2          14 1
          3          14 0
          4          14 0
          5          14 1
          6          14 0
          7          14 0
          8          14 0
          9          14 0
         10          14 0
         11          14 0
         12          14 0
         13          14 0
         14          14 0
         15          14 0
         16          14 0
         17          14 0
         18          14 0
         19          14 0
         20          14 1
         21          14 0
         24          14 001
         25          14 000
         26          14 000
         27          14 010
         28          14 000
         29          14 000
         30          14 000
         31          14 000
         32          14 000
         33          14 000
         34          14 011
         35          14 011
         36          14 011
         37          14 011
         38          14 001
         39          14 001
         40          14 001
         41          14 001
         42          14 001
         43          14 001
         44          14 001
         45          14 000
         46          14 000
         47          14 000
         48          14 000
         49          14 010
         50          14 010
         51          14 010
         52          14 010
         53          14 010
         54          14 010
         55          14 110
         56          14 100
         57          14 010
         58          14 010
         59          14 010
         60          14 010
          0          15 0
          1          15 0
          2          15 1
          3          15 1
          4          15 1
          5          15 0
          6          15 0
          7          15 0
          8          15 0
          9          15 0
         10          15 0
         11          15 0
         12          15 0
         13          15 0
         14          15 0
         15          15 0
         16          15 0
         17          15 0
         18          15 0
         19          15 0
         20          15 0
         21          15 1
         24          15 010
         25          15 000
         26          15 000
         27          15 010
         28          15 001
         29          15 000
         30          15 000
         31          15 000
         32          15 001
         33          15 001
         34          15 111
         35          15 101
         36          15 110
         37          15 100
         38          15 001
         39          15 011
         40          15 000
         41          15 001
         42          15 011
         43          15 000
         44          15 010
         45          15 000
         46          15 000
         47          15 001
         48          15 001
         49          15 010
         50          15 010
         51          15 011
         52          15 011
         53          15 010
         54          15 010
         55          15 111
         56          15 101
         57          15 010
         58          15 010
         59          15 011
         60          15 011
         24          16 000
         25          16 000
         26          16 000
         27          16 010
         28          16 000
         29          16 000
         30          16 000
         31          16 000
         32          16 000
         33          16 000
         34          16 011
         35          16 011
         36          16 011
         37          16 011
         38          16 000
         39          16 000
         40          16 000
         41          16 001
         42          16 001
         43          16 001
         44          16 001
         45          16 000
         46          16 000
         47          16 000
         48          16 000
         49          16 011
         50          16 011
         51          16 011
         52          16 011
         53          16 010
         54          16 010
         55          16 110
         56          16 100
         57          16 011
         58          16 011
         59          16 011
         60          16 011
         24          17 001
         25          17 000
         26          17 000
         27          17 010
         28          17 001
         29          17 000
         30          17 000
         31          17 000
         32          17 001
         33          17 001
         34          17 111
         35          17 101
         36          17 110
         37          17 100
         38          17 000
         39          17 000
         40          17 001
         41          17 001
         42          17 011
         43          17 000
         44          17 010
         45          17 000
         46          17 000
         47          17 001
         48          17 001
         49          17 111
         50          17 101
         51          17 110
         52          17 100
         53          17 010
         54          17 010
         55          17 111
         56          17 101
         57          17 111
         58          17 101
         59          17 110
         60          17 100
         24          18 001
         25          18 000
         26          18 000
         27          18 010
         28          18 000
         29          18 000
         30          18 000
         31          18 000
         32          18 000
         33          18 000
         34          18 011
         35          18 011
         36          18 011
         37          18 011
         38          18 001
         39          18 001
         40          18 001
         41          18 000
         42          18 000
         43          18 000
         44          18 010
         45          18 000
         46          18 000
         47          18 000
         48          18 010
         49          18 010
         50          18 010
         51          18 010
         52          18 010
         53          18 010
         54          18 010
         55          18 010
         56          18 010
         57          18 011
         58          18 011
         59          18 011
         60          18 011
         24          19 010
         25          19 000
         26          19 000
         27          19 010
         28          19 001
         29          19 000
         30          19 000
         31          19 000
         32          19 001
         33          19 001
         34          19 111
         35          19 101
         36          19 110
         37          19 100
         38          19 001
         39          19 011
         40          19 000
         41          19 000
         42          19 000
         43          19 001
         44          19 011
         45          19 000
         46          19 000
         47          19 001
         48          19 011
         49          19 010
         50          19 010
         51          19 011
         52          19 011
         53          19 010
         54          19 010
         55          19 011
         56          19 011
         57          19 111
         58          19 101
         59          19 110
         60          19 100
         24          20 001
         25          20 000
         26          20 000
         27          20 010
         28          20 000
         29          20 000
         30          20 000
         31          20 000
         32          20 000
         33          20 000
         34          20 011
         35          20 011
         36          20 011
         37          20 011
         38          20 001
         39          20 001
         40          20 001
         41          20 000
         42          20 000
         43          20 000
         44          20 010
         45          20 000
         46          20 000
         47          20 000
         48          20 010
         49          20 010
         50          20 010
         51          20 010
         52          20 010
         53          20 010
         54          20 010
         55          20 110
         56          20 100
         57          20 010
         58          20 010
         59          20 110
         60          20 100
         24          21 010
         25          21 000
         26          21 000
         27          21 010
         28          21 001
         29          21 000
         30          21 000
         31          21 000
         32          21 001
         33          21 001
         34          21 111
         35          21 101
         36          21 110
         37          21 100
         38          21 001
         39          21 011
         40          21 000
         41          21 000
         42          21 000
         43          21 001
         44          21 011
         45          21 000
         46          21 000
         47          21 001
         48          21 011
         49          21 010
         50          21 010
         51          21 011
         52          21 011
         53          21 010
         54          21 010
         55          21 111
         56          21 101
         57          21 010
         58          21 010
         59          21 111
         60          21 101
         24          22 010
         25          22 000
         26          22 000
         27          22 010
         28          22 000
         29          22 000
         30          22 000
         31          22 000
         32          22 000
         33          22 000
         34          22 011
         35          22 011
         36          22 011
         37          22 011
         38          22 000
         39          22 000
         40          22 000
         41          22 001
         42          22 001
         43          22 001
         44          22 001
         45          22 000
         46          22 000
         47          22 000
         48          22 000
         49          22 010
         50          22 010
         51          22 010
         52          22 010
         53          22 010
         54          22 010
         55          22 110
         56          22 100
         57          22 011
         58          22 011
         59          22 011
         60          22 011
         24          23 011
         25          23 000
         26          23 000
         27          23 010
         28          23 001
         29          23 000
         30          23 000
         31          23 000
         32          23 001
         33          23 001
         34          23 111
         35          23 101
         36          23 110
         37          23 100
         38          23 000
         39          23 000
         40          23 001
         41          23 001
         42          23 011
         43          23 000
         44          23 010
         45          23 000
         46          23 000
         47          23 001
         48          23 001
         49          23 010
         50          23 010
         51          23 011
         52          23 011
         53          23 010
         54          23 010
         55          23 111
         56          23 101
         57          23 111
         58          23 101
         59          23 110
         60          23 100
         24          24 001
         25          24 000
         26          24 000
         27          24 010
         28          24 000
         29          24 000
         30          24 000
         31          24 000
         32          24 000
         33          24 000
         34          24 011
         35          24 011
         36          24 011
         37          24 011
         38          24 001
         39          24 001
         40          24 001
         41          24 000
         42          24 000
         43          24 000
         44          24 000
         45          24 000
         46          24 000
         47          24 000
         48          24 000
         49          24 011
         50          24 011
         51          24 011
         52          24 011
         53          24 010
         54          24 010
         55          24 110
         56          24 100
         57          24 011
         58          24 011
         59          24 011
         60          24 011
         24          25 010
         25          25 000
         26          25 000
         27          25 010
         28          25 001
         29          25 000
         30          25 000
         31          25 000
         32          25 001
         33          25 001
         34          25 111
         35          25 101
         36          25 110
         37          25 100
         38          25 001
         39          25 011
         40          25 000
         41          25 000
         42          25 000
         43          25 001
         44          25 001
         45          25 000
         46          25 000
         47          25 001
         48          25 001
         49          25 111
         50          25 101
         51          25 110
         52          25 100
         53          25 010
         54          25 010
         55          25 111
         56          25 101
         57          25 111
         58          25 101
         59          25 110
         60          25 100
         24          26 010
         25          26 000
         26          26 000
         27          26 010
         28          26 000
         29          26 000
         30          26 000
         31          26 000
         32          26 000
         33          26 000
         34          26 011
         35          26 011
         36          26 011
         37          26 011
         38          26 000
         39          26 000
         40          26 000
         41          26 001
         42          26 001
         43          26 001
         44          26 001
         45          26 001
         46          26 001
         47          26 001
         48          26 001
         49          26 011
         50          26 011
         51          26 011
         52          26 011
         53          26 011
         54          26 011
         55          26 011
         56          26 011
         57          26 011
         58          26 011
         59          26 011
         60          26 011
         24          27 011
         25          27 000
         26          27 000
         27          27 010
         28          27 001
         29          27 000
         30          27 000
         31          27 000
         32          27 001
         33          27 001
         34          27 111
         35          27 101
         36          27 110
         37          27 100
         38          27 000
         39          27 000
         40          27 001
         41          27 001
         42          27 011
         43          27 000
         44          27 010
         45          27 001
         46          27 011
         47          27 000
         48          27 010
         49          27 111
         50          27 101
         51          27 110
         52          27 100
         53          27 111
         54          27 101
         55          27 110
         56          27 100
         57          27 111
         58          27 101
         59          27 110
         60          27 100
         24          28 000
         25          28 000
         26          28 000
         27          28 010
         28          28 000
         29          28 000
         30          28 000
         31          28 000
         32          28 000
         33          28 000
         34          28 011
         35          28 011
         36          28 011
         37          28 011
         38          28 000
         39          28 000
         40          28 000
         41          28 001
         42          28 001
         43          28 001
         44          28 001
         45          28 000
         46          28 000
         47          28 000
         48          28 010
         49          28 010
         50          28 010
         51          28 010
         52          28 010
         53          28 010
         54          28 010
         55          28 110
         56          28 100
         57          28 010
         58          28 010
         59          28 110
         60          28 100
         24          29 001
         25          29 000
         26          29 000
         27          29 010
         28          29 001
         29          29 000
         30          29 000
         31          29 000
         32          29 001
         33          29 001
         34          29 111
         35          29 101
         36          29 110
         37          29 100
         38          29 000
         39          29 000
         40          29 001
         41          29 001
         42          29 011
         43          29 000
         44          29 010
         45          29 000
         46          29 000
         47          29 001
         48          29 011
         49          29 010
         50          29 010
         51          29 011
         52          29 011
         53          29 010
         54          29 010
         55          29 111
         56          29 101
         57          29 010
         58          29 010
         59          29 111
         60          29 101
         24          30 001
         25          30 000
         26          30 000
         27          30 010
         28          30 000
         29          30 000
         30          30 000
         31          30 000
         32          30 000
         33          30 000
         34          30 011
         35          30 011
         36          30 011
         37          30 011
         38          30 001
         39          30 001
         40          30 001
         41          30 000
         42          30 000
         43          30 000
         44          30 000
         45          30 001
         46          30 001
         47          30 001
         48          30 001
         49          30 010
         50          30 010
         51          30 010
         52          30 010
         53          30 011
         54          30 011
         55          30 011
         56          30 011
         57          30 010
         58          30 010
         59          30 010
         60          30 010
         24          31 010
         25          31 000
         26          31 000
         27          31 010
         28          31 001
         29          31 000
         30          31 000
         31          31 000
         32          31 001
         33          31 001
         34          31 111
         35          31 101
         36          31 110
         37          31 100
         38          31 001
         39          31 011
         40          31 000
         41          31 000
         42          31 000
         43          31 001
         44          31 001
         45          31 001
         46          31 011
         47          31 000
         48          31 010
         49          31 010
         50          31 010
         51          31 011
         52          31 011
         53          31 111
         54          31 101
         55          31 110
         56          31 100
         57          31 010
         58          31 010
         59          31 011
         60          31 011
         24          32 010
         25          32 000
         26          32 001
         27          32 000
         28          32 000
         29          32 000
         30          32 000
         31          32 000
         32          32 000
         33          32 000
         34          32 011
         35          32 011
         36          32 011
         37          32 011
         38          32 010
         39          32 010
         40          32 010
         41          32 000
         42          32 000
         43          32 000
         44          32 000
         45          32 010
         46          32 010
         47          32 010
         48          32 010
         49          32 011
         50          32 011
         51          32 011
         52          32 011
         53          32 011
         54          32 011
         55          32 011
         56          32 011
         57          32 001
         58          32 001
         59          32 001
         60          32 001
         24          33 011
         25          33 000
         26          33 001
         27          33 000
         28          33 001
         29          33 000
         30          33 000
         31          33 000
         32          33 001
         33          33 001
         34          33 111
         35          33 101
         36          33 110
         37          33 100
         38          33 010
         39          33 010
         40          33 011
         41          33 000
         42          33 000
         43          33 001
         44          33 001
         45          33 010
         46          33 010
         47          33 011
         48          33 011
         49          33 111
         50          33 101
         51          33 110
         52          33 100
         53          33 111
         54          33 101
         55          33 110
         56          33 100
         57          33 001
         58          33 011
         59          33 000
         60          33 010
         24          34 011
         25          34 000
         26          34 000
         27          34 000
         28          34 000
         29          34 000
         30          34 000
         31          34 000
         32          34 000
         33          34 000
         34          34 011
         35          34 011
         36          34 011
         37          34 011
         38          34 011
         39          34 011
         40          34 011
         41          34 001
         42          34 001
         43          34 001
         44          34 001
         45          34 011
         46          34 011
         47          34 011
         48          34 011
         49          34 010
         50          34 010
         51          34 010
         52          34 010
         53          34 010
         54          34 010
         55          34 010
         56          34 010
         57          34 001
         58          34 001
         59          34 001
         60          34 001
         24          35 100
         25          35 000
         26          35 000
         27          35 000
         28          35 001
         29          35 000
         30          35 000
         31          35 000
         32          35 001
         33          35 001
         34          35 111
         35          35 101
         36          35 110
         37          35 100
         38          35 111
         39          35 101
         40          35 110
         41          35 001
         42          35 011
         43          35 000
         44          35 010
         45          35 111
         46          35 101
         47          35 110
         48          35 100
         49          35 010
         50          35 010
         51          35 011
         52          35 011
         53          35 010
         54          35 010
         55          35 011
         56          35 011
         57          35 001
         58          35 011
         59          35 000
         60          35 010
         24          36 010
         25          36 000
         26          36 000
         27          36 000
         28          36 000
         29          36 000
         30          36 000
         31          36 000
         32          36 000
         33          36 000
         34          36 011
         35          36 011
         36          36 011
         37          36 011
         38          36 010
         39          36 010
         40          36 010
         41          36 001
         42          36 001
         43          36 001
         44          36 001
         45          36 011
         46          36 011
         47          36 011
         48          36 011
         49          36 010
         50          36 010
         51          36 010
         52          36 010
         53          36 011
         54          36 011
         55          36 011
         56          36 011
         57          36 001
         58          36 001
         59          36 001
         60          36 001
         24          37 011
         25          37 000
         26          37 000
         27          37 000
         28          37 001
         29          37 000
         30          37 000
         31          37 000
         32          37 001
         33          37 001
         34          37 111
         35          37 101
         36          37 110
         37          37 100
         38          37 010
         39          37 010
         40          37 011
         41          37 001
         42          37 011
         43          37 000
         44          37 010
         45          37 111
         46          37 101
         47          37 110
         48          37 100
         49          37 010
         50          37 010
         51          37 011
         52          37 011
         53          37 111
         54          37 101
         55          37 110
         56          37 100
         57          37 001
         58          37 011
         59          37 000
         60          37 010
         24          38 011
         25          38 000
         26          38 000
         27          38 000
         28          38 000
         29          38 000
         30          38 000
         31          38 000
         32          38 000
         33          38 000
         34          38 011
         35          38 011
         36          38 011
         37          38 011
         38          38 011
         39          38 011
         40          38 011
         41          38 000
         42          38 000
         43          38 000
         44          38 000
         45          38 010
         46          38 010
         47          38 010
         48          38 010
         49          38 010
         50          38 010
         51          38 010
         52          38 010
         53          38 011
         54          38 011
         55          38 011
         56          38 011
         57          38 000
         58          38 000
         59          38 000
         60          38 000
         24          39 100
         25          39 000
         26          39 000
         27          39 000
         28          39 001
         29          39 000
         30          39 000
         31          39 000
         32          39 001
         33          39 001
         34          39 111
         35          39 101
         36          39 110
         37          39 100
         38          39 111
         39          39 101
         40          39 110
         41          39 000
         42          39 000
         43          39 001
         44          39 001
         45          39 010
         46          39 010
         47          39 011
         48          39 011
         49          39 010
         50          39 010
         51          39 011
         52          39 011
         53          39 111
         54          39 101
         55          39 110
         56          39 100
         57          39 000
         58          39 000
         59          39 001
         60          39 001
         24          40 010
         25          40 000
         26          40 000
         27          40 000
         28          40 000
         29          40 000
         30          40 000
         31          40 000
         32          40 000
         33          40 000
         34          40 011
         35          40 011
         36          40 011
         37          40 011
         38          40 010
         39          40 010
         40          40 010
         41          40 001
         42          40 001
         43          40 001
         44          40 001
         45          40 011
         46          40 011
         47          40 011
         48          40 011
         49          40 011
         50          40 011
         51          40 011
         52          40 011
         53          40 011
         54          40 011
         55          40 011
         56          40 011
         57          40 001
         58          40 001
         59          40 001
         60          40 001
         24          41 011
         25          41 000
         26          41 000
         27          41 000
         28          41 001
         29          41 000
         30          41 000
         31          41 000
         32          41 001
         33          41 001
         34          41 111
         35          41 101
         36          41 110
         37          41 100
         38          41 010
         39          41 010
         40          41 011
         41          41 001
         42          41 011
         43          41 000
         44          41 010
         45          41 111
         46          41 101
         47          41 110
         48          41 100
         49          41 111
         50          41 101
         51          41 110
         52          41 100
         53          41 111
         54          41 101
         55          41 110
         56          41 100
         57          41 001
         58          41 011
         59          41 000
         60          41 010
         24          42 011
         25          42 000
         26          42 000
         27          42 000
         28          42 000
         29          42 000
         30          42 000
         31          42 000
         32          42 000
         33          42 000
         34          42 011
         35          42 011
         36          42 011
         37          42 011
         38          42 011
         39          42 011
         40          42 011
         41          42 000
         42          42 000
         43          42 000
         44          42 010
         45          42 011
         46          42 011
         47          42 011
         48          42 011
         49          42 010
         50          42 010
         51          42 010
         52          42 010
         53          42 010
         54          42 010
         55          42 010
         56          42 010
         57          42 000
         58          42 000
         59          42 000
         60          42 010
         24          43 100
         25          43 000
         26          43 000
         27          43 000
         28          43 001
         29          43 000
         30          43 000
         31          43 000
         32          43 001
         33          43 001
         34          43 111
         35          43 101
         36          43 110
         37          43 100
         38          43 111
         39          43 101
         40          43 110
         41          43 000
         42          43 000
         43          43 001
         44          43 011
         45          43 111
         46          43 101
         47          43 110
         48          43 100
         49          43 010
         50          43 010
         51          43 011
         52          43 011
         53          43 010
         54          43 010
         55          43 011
         56          43 011
         57          43 000
         58          43 000
         59          43 001
         60          43 011
         24          44 010
         25          44 000
         26          44 000
         27          44 000
         28          44 000
         29          44 000
         30          44 000
         31          44 000
         32          44 000
         33          44 000
         34          44 011
         35          44 011
         36          44 011
         37          44 011
         38          44 010
         39          44 010
         40          44 010
         41          44 000
         42          44 000
         43          44 000
         44          44 010
         45          44 010
         46          44 010
         47          44 110
         48          44 100
         49          44 010
         50          44 010
         51          44 010
         52          44 010
         53          44 011
         54          44 011
         55          44 011
         56          44 011
         57          44 001
         58          44 001
         59          44 001
         60          44 001
         24          45 011
         25          45 000
         26          45 000
         27          45 000
         28          45 001
         29          45 000
         30          45 000
         31          45 000
         32          45 001
         33          45 001
         34          45 111
         35          45 101
         36          45 110
         37          45 100
         38          45 010
         39          45 010
         40          45 011
         41          45 000
         42          45 000
         43          45 001
         44          45 011
         45          45 010
         46          45 010
         47          45 111
         48          45 101
         49          45 010
         50          45 010
         51          45 011
         52          45 011
         53          45 111
         54          45 101
         55          45 110
         56          45 100
         57          45 001
         58          45 011
         59          45 000
         60          45 010
         24          46 011
         25          46 000
         26          46 000
         27          46 000
         28          46 000
         29          46 000
         30          46 000
         31          46 000
         32          46 000
         33          46 000
         34          46 011
         35          46 011
         36          46 011
         37          46 011
         38          46 011
         39          46 011
         40          46 011
         41          46 001
         42          46 001
         43          46 001
         44          46 001
         45          46 010
         46          46 010
         47          46 010
         48          46 010
         49          46 010
         50          46 010
         51          46 010
         52          46 010
         53          46 010
         54          46 010
         55          46 110
         56          46 100
         57          46 000
         58          46 000
         59          46 000
         60          46 000
         24          47 100
         25          47 000
         26          47 000
         27          47 000
         28          47 001
         29          47 000
         30          47 000
         31          47 000
         32          47 001
         33          47 001
         34          47 111
         35          47 101
         36          47 110
         37          47 100
         38          47 111
         39          47 101
         40          47 110
         41          47 001
         42          47 011
         43          47 000
         44          47 010
         45          47 010
         46          47 010
         47          47 011
         48          47 011
         49          47 010
         50          47 010
         51          47 011
         52          47 011
         53          47 010
         54          47 010
         55          47 111
         56          47 101
         57          47 000
         58          47 000
         59          47 001
         60          47 001
         24          48 010
         25          48 000
         26          48 000
         27          48 000
         28          48 000
         29          48 000
         30          48 000
         31          48 000
         32          48 000
         33          48 000
         34          48 011
         35          48 011
         36          48 011
         37          48 011
         38          48 010
         39          48 010
         40          48 010
         41          48 001
         42          48 001
         43          48 001
         44          48 001
         45          48 010
         46          48 010
         47          48 010
         48          48 010
         49          48 011
         50          48 011
         51          48 011
         52          48 011
         53          48 010
         54          48 010
         55          48 110
         56          48 100
         57          48 001
         58          48 001
         59          48 001
         60          48 001
         24          49 011
         25          49 000
         26          49 000
         27          49 000
         28          49 001
         29          49 000
         30          49 000
         31          49 000
         32          49 001
         33          49 001
         34          49 111
         35          49 101
         36          49 110
         37          49 100
         38          49 010
         39          49 010
         40          49 011
         41          49 001
         42          49 011
         43          49 000
         44          49 010
         45          49 010
         46          49 010
         47          49 011
         48          49 011
         49          49 111
         50          49 101
         51          49 110
         52          49 100
         53          49 010
         54          49 010
         55          49 111
         56          49 101
         57          49 001
         58          49 011
         59          49 000
         60          49 010
         24          50 011
         25          50 000
         26          50 000
         27          50 000
         28          50 000
         29          50 000
         30          50 000
         31          50 000
         32          50 000
         33          50 000
         34          50 011
         35          50 011
         36          50 011
         37          50 011
         38          50 011
         39          50 011
         40          50 011
         41          50 000
         42          50 000
         43          50 000
         44          50 010
         45          50 010
         46          50 010
         47          50 110
         48          50 100
         49          50 010
         50          50 010
         51          50 010
         52          50 010
         53          50 010
         54          50 010
         55          50 010
         56          50 010
         57          50 001
         58          50 001
         59          50 001
         60          50 001
         24          51 100
         25          51 000
         26          51 000
         27          51 000
         28          51 001
         29          51 000
         30          51 000
         31          51 000
         32          51 001
         33          51 001
         34          51 111
         35          51 101
         36          51 110
         37          51 100
         38          51 111
         39          51 101
         40          51 110
         41          51 000
         42          51 000
         43          51 001
         44          51 011
         45          51 010
         46          51 010
         47          51 111
         48          51 101
         49          51 010
         50          51 010
         51          51 011
         52          51 011
         53          51 010
         54          51 010
         55          51 011
         56          51 011
         57          51 001
         58          51 011
         59          51 000
         60          51 010
         24          52 011
         25          52 000
         26          52 000
         27          52 000
         28          52 000
         29          52 000
         30          52 000
         31          52 000
         32          52 000
         33          52 000
         34          52 011
         35          52 011
         36          52 011
         37          52 011
         38          52 011
         39          52 011
         40          52 011
         41          52 000
         42          52 000
         43          52 000
         44          52 010
         45          52 010
         46          52 010
         47          52 110
         48          52 100
         49          52 010
         50          52 010
         51          52 010
         52          52 010
         53          52 010
         54          52 010
         55          52 110
         56          52 100
         57          52 000
         58          52 000
         59          52 000
         60          52 010
         24          53 100
         25          53 000
         26          53 000
         27          53 000
         28          53 001
         29          53 000
         30          53 000
         31          53 000
         32          53 001
         33          53 001
         34          53 111
         35          53 101
         36          53 110
         37          53 100
         38          53 111
         39          53 101
         40          53 110
         41          53 000
         42          53 000
         43          53 001
         44          53 011
         45          53 010
         46          53 010
         47          53 111
         48          53 101
         49          53 010
         50          53 010
         51          53 011
         52          53 011
         53          53 010
         54          53 010
         55          53 111
         56          53 101
         57          53 000
         58          53 000
         59          53 001
         60          53 011
         24          54 100
         25          54 000
         26          54 000
         27          54 000
         28          54 000
         29          54 000
         30          54 000
         31          54 000
         32          54 000
         33          54 000
         34          54 011
         35          54 011
         36          54 011
         37          54 011
         38          54 010
         39          54 010
         40          54 110
         41          54 001
         42          54 001
         43          54 001
         44          54 001
         45          54 010
         46          54 010
         47          54 010
         48          54 010
         49          54 010
         50          54 010
         51          54 010
         52          54 010
         53          54 010
         54          54 010
         55          54 110
         56          54 100
         57          54 001
         58          54 001
         59          54 001
         60          54 001
         24          55 101
         25          55 000
         26          55 000
         27          55 000
         28          55 001
         29          55 000
         30          55 000
         31          55 000
         32          55 001
         33          55 001
         34          55 111
         35          55 101
         36          55 110
         37          55 100
         38          55 010
         39          55 010
         40          55 111
         41          55 001
         42          55 011
         43          55 000
         44          55 010
         45          55 010
         46          55 010
         47          55 011
         48          55 011
         49          55 010
         50          55 010
         51          55 011
         52          55 011
         53          55 010
         54          55 010
         55          55 111
         56          55 101
         57          55 001
         58          55 011
         59          55 000
         60          55 010
         24          56 011
         25          56 000
         26          56 000
         27          56 000
         28          56 000
         29          56 000
         30          56 000
         31          56 000
         32          56 000
         33          56 000
         34          56 011
         35          56 011
         36          56 011
         37          56 011
         38          56 011
         39          56 011
         40          56 011
         41          56 000
         42          56 000
         43          56 000
         44          56 000
         45          56 010
         46          56 010
         47          56 010
         48          56 010
         49          56 011
         50          56 011
         51          56 011
         52          56 011
         53          56 010
         54          56 010
         55          56 110
         56          56 100
         57          56 001
         58          56 001
         59          56 001
         60          56 001
         24          57 100
         25          57 000
         26          57 000
         27          57 000
         28          57 001
         29          57 000
         30          57 000
         31          57 000
         32          57 001
         33          57 001
         34          57 111
         35          57 101
         36          57 110
         37          57 100
         38          57 111
         39          57 101
         40          57 110
         41          57 000
         42          57 000
         43          57 001
         44          57 001
         45          57 010
         46          57 010
         47          57 011
         48          57 011
         49          57 111
         50          57 101
         51          57 110
         52          57 100
         53          57 010
         54          57 010
         55          57 111
         56          57 101
         57          57 001
         58          57 011
         59          57 000
         60          57 010
         24          58 100
         25          58 000
         26          58 000
         27          58 000
         28          58 000
         29          58 000
         30          58 000
         31          58 000
         32          58 000
         33          58 000
         34          58 011
         35          58 011
         36          58 011
         37          58 011
         38          58 010
         39          58 010
         40          58 110
         41          58 001
         42          58 001
         43          58 001
         44          58 001
         45          58 011
         46          58 011
         47          58 011
         48          58 011
         49          58 011
         50          58 011
         51          58 011
         52          58 011
         53          58 011
         54          58 011
         55          58 011
         56          58 011
         57          58 001
         58          58 001
         59          58 001
         60          58 001
         24          59 101
         25          59 000
         26          59 000
         27          59 000
         28          59 001
         29          59 000
         30          59 000
         31          59 000
         32          59 001
         33          59 001
         34          59 111
         35          59 101
         36          59 110
         37          59 100
         38          59 010
         39          59 010
         40          59 111
         41          59 001
         42          59 011
         43          59 000
         44          59 010
         45          59 111
         46          59 101
         47          59 110
         48          59 100
         49          59 111
         50          59 101
         51          59 110
         52          59 100
         53          59 111
         54          59 101
         55          59 110
         56          59 100
         57          59 001
         58          59 011
         59          59 000
         60          59 010
         24          60 010
         25          60 000
         26          60 000
         27          60 000
         28          60 000
         29          60 000
         30          60 000
         31          60 000
         32          60 000
         33          60 000
         34          60 011
         35          60 011
         36          60 011
         37          60 011
         38          60 010
         39          60 010
         40          60 010
         41          60 001
         42          60 001
         43          60 001
         44          60 001
         45          60 010
         46          60 010
         47          60 110
         48          60 100
         49          60 010
         50          60 010
         51          60 010
         52          60 010
         53          60 010
         54          60 010
         55          60 110
         56          60 100
         57          60 000
         58          60 000
         59          60 000
         60          60 010
         24          61 011
         25          61 000
         26          61 000
         27          61 000
         28          61 001
         29          61 000
         30          61 000
         31          61 000
         32          61 001
         33          61 001
         34          61 111
         35          61 101
         36          61 110
         37          61 100
         38          61 010
         39          61 010
         40          61 011
         41          61 001
         42          61 011
         43          61 000
         44          61 010
         45          61 010
         46          61 010
         47          61 111
         48          61 101
         49          61 010
         50          61 010
         51          61 011
         52          61 011
         53          61 010
         54          61 010
         55          61 111
         56          61 101
         57          61 000
         58          61 000
         59          61 001
         60          61 011
         24          62 011
         25          62 000
         26          62 000
         27          62 000
         28          62 000
         29          62 000
         30          62 000
         31          62 000
         32          62 000
         33          62 000
         34          62 011
         35          62 011
         36          62 011
         37          62 011
         38          62 011
         39          62 011
         40          62 011
         41          62 000
         42          62 000
         43          62 000
         44          62 000
         45          62 011
         46          62 011
         47          62 011
         48          62 011
         49          62 010
         50          62 010
         51          62 010
         52          62 010
         53          62 011
         54          62 011
         55          62 011
         56          62 011
         57          62 000
         58          62 000
         59          62 000
         60          62 000
         24          63 100
         25          63 000
         26          63 000
         27          63 000
         28          63 001
         29          63 000
         30          63 000
         31          63 000
         32          63 001
         33          63 001
         34          63 111
         35          63 101
         36          63 110
         37          63 100
         38          63 111
         39          63 101
         40          63 110
         41          63 000
         42          63 000
         43          63 001
         44          63 001
         45          63 111
         46          63 101
         47          63 110
         48          63 100
         49          63 010
         50          63 010
         51          63 011
         52          63 011
         53          63 111
         54          63 101
         55          63 110
         56          63 100
         57          63 000
         58          63 000
         59          63 001
         60          63 001
         24          64 000
         25          64 000
         26          64 001
         27          64 000
         28          64 000
         29          64 000
         30          64 000
         31          64 000
         32          64 000
         33          64 000
         34          64 011
         35          64 011
         36          64 011
         37          64 011
         38          64 000
         39          64 000
         40          64 000
         41          64 000
         42          64 000
         43          64 000
         44          64 000
         45          64 010
         46          64 010
         47          64 010
         48          64 010
         49          64 011
         50          64 011
         51          64 011
         52          64 011
         53          64 011
         54          64 011
         55          64 011
         56          64 011
         57          64 011
         58          64 011
         59          64 011
         60          64 011
         24          65 001
         25          65 000
         26          65 001
         27          65 000
         28          65 001
         29          65 000
         30          65 000
         31          65 000
         32          65 001
         33          65 001
         34          65 111
         35          65 101
         36          65 110
         37          65 100
         38          65 000
         39          65 000
         40          65 001
         41          65 000
         42          65 000
         43          65 001
         44          65 001
         45          65 010
         46          65 010
         47          65 011
         48          65 011
         49          65 111
         50          65 101
         51          65 110
         52          65 100
         53          65 111
         54          65 101
         55          65 110
         56          65 100
         57          65 111
         58          65 101
         59          65 110
         60          65 100
         24          66 001
         25          66 000
         26          66 000
         27          66 000
         28          66 000
         29          66 000
         30          66 000
         31          66 000
         32          66 000
         33          66 000
         34          66 011
         35          66 011
         36          66 011
         37          66 011
         38          66 001
         39          66 001
         40          66 001
         41          66 001
         42          66 001
         43          66 001
         44          66 001
         45          66 011
         46          66 011
         47          66 011
         48          66 011
         49          66 010
         50          66 010
         51          66 010
         52          66 010
         53          66 010
         54          66 010
         55          66 010
         56          66 010
         57          66 011
         58          66 011
         59          66 011
         60          66 011
         24          67 010
         25          67 000
         26          67 000
         27          67 000
         28          67 001
         29          67 000
         30          67 000
         31          67 000
         32          67 001
         33          67 001
         34          67 111
         35          67 101
         36          67 110
         37          67 100
         38          67 001
         39          67 011
         40          67 000
         41          67 001
         42          67 011
         43          67 000
         44          67 010
         45          67 111
         46          67 101
         47          67 110
         48          67 100
         49          67 010
         50          67 010
         51          67 011
         52          67 011
         53          67 010
         54          67 010
         55          67 011
         56          67 011
         57          67 111
         58          67 101
         59          67 110
         60          67 100
         24          68 000
         25          68 000
         26          68 000
         27          68 000
         28          68 000
         29          68 000
         30          68 000
         31          68 000
         32          68 000
         33          68 000
         34          68 011
         35          68 011
         36          68 011
         37          68 011
         38          68 000
         39          68 000
         40          68 000
         41          68 001
         42          68 001
         43          68 001
         44          68 001
         45          68 011
         46          68 011
         47          68 011
         48          68 011
         49          68 010
         50          68 010
         51          68 010
         52          68 010
         53          68 011
         54          68 011
         55          68 011
         56          68 011
         57          68 011
         58          68 011
         59          68 011
         60          68 011
         24          69 001
         25          69 000
         26          69 000
         27          69 000
         28          69 001
         29          69 000
         30          69 000
         31          69 000
         32          69 001
         33          69 001
         34          69 111
         35          69 101
         36          69 110
         37          69 100
         38          69 000
         39          69 000
         40          69 001
         41          69 001
         42          69 011
         43          69 000
         44          69 010
         45          69 111
         46          69 101
         47          69 110
         48          69 100
         49          69 010
         50          69 010
         51          69 011
         52          69 011
         53          69 111
         54          69 101
         55          69 110
         56          69 100
         57          69 111
         58          69 101
         59          69 110
         60          69 100
         24          70 001
         25          70 000
         26          70 000
         27          70 000
         28          70 000
         29          70 000
         30          70 000
         31          70 000
         32          70 000
         33          70 000
         34          70 011
         35          70 011
         36          70 011
         37          70 011
         38          70 001
         39          70 001
         40          70 001
         41          70 000
         42          70 000
         43          70 000
         44          70 000
         45          70 010
         46          70 010
         47          70 010
         48          70 010
         49          70 010
         50          70 010
         51          70 010
         52          70 010
         53          70 011
         54          70 011
         55          70 011
         56          70 011
         57          70 010
         58          70 010
         59          70 010
         60          70 010
         24          71 010
         25          71 000
         26          71 000
         27          71 000
         28          71 001
         29          71 000
         30          71 000
         31          71 000
         32          71 001
         33          71 001
         34          71 111
         35          71 101
         36          71 110
         37          71 100
         38          71 001
         39          71 011
         40          71 000
         41          71 000
         42          71 000
         43          71 001
         44          71 001
         45          71 010
         46          71 010
         47          71 011
         48          71 011
         49          71 010
         50          71 010
         51          71 011
         52          71 011
         53          71 111
         54          71 101
         55          71 110
         56          71 100
         57          71 010
         58          71 010
         59          71 011
         60          71 011
         24          72 000
         25          72 000
         26          72 000
         27          72 000
         28          72 000
         29          72 000
         30          72 000
         31          72 000
         32          72 000
         33          72 000
         34          72 011
         35          72 011
         36          72 011
         37          72 011
         38          72 000
         39          72 000
         40          72 000
         41          72 001
         42          72 001
         43          72 001
         44          72 001
         45          72 011
         46          72 011
         47          72 011
         48          72 011
         49          72 011
         50          72 011
         51          72 011
         52          72 011
         53          72 011
         54          72 011
         55          72 011
         56          72 011
         57          72 011
         58          72 011
         59          72 011
         60          72 011
         24          73 001
         25          73 000
         26          73 000
         27          73 000
         28          73 001
         29          73 000
         30          73 000
         31          73 000
         32          73 001
         33          73 001
         34          73 111
         35          73 101
         36          73 110
         37          73 100
         38          73 000
         39          73 000
         40          73 001
         41          73 001
         42          73 011
         43          73 000
         44          73 010
         45          73 111
         46          73 101
         47          73 110
         48          73 100
         49          73 111
         50          73 101
         51          73 110
         52          73 100
         53          73 111
         54          73 101
         55          73 110
         56          73 100
         57          73 111
         58          73 101
         59          73 110
         60          73 100
         24          74 001
         25          74 000
         26          74 000
         27          74 000
         28          74 000
         29          74 000
         30          74 000
         31          74 000
         32          74 000
         33          74 000
         34          74 011
         35          74 011
         36          74 011
         37          74 011
         38          74 001
         39          74 001
         40          74 001
         41          74 000
         42          74 000
         43          74 000
         44          74 010
         45          74 011
         46          74 011
         47          74 011
         48          74 011
         49          74 010
         50          74 010
         51          74 010
         52          74 010
         53          74 010
         54          74 010
         55          74 010
         56          74 010
         57          74 010
         58          74 010
         59          74 110
         60          74 100
         24          75 010
         25          75 000
         26          75 000
         27          75 000
         28          75 001
         29          75 000
         30          75 000
         31          75 000
         32          75 001
         33          75 001
         34          75 111
         35          75 101
         36          75 110
         37          75 100
         38          75 001
         39          75 011
         40          75 000
         41          75 000
         42          75 000
         43          75 001
         44          75 011
         45          75 111
         46          75 101
         47          75 110
         48          75 100
         49          75 010
         50          75 010
         51          75 011
         52          75 011
         53          75 010
         54          75 010
         55          75 011
         56          75 011
         57          75 010
         58          75 010
         59          75 111
         60          75 101
         24          76 000
         25          76 000
         26          76 000
         27          76 000
         28          76 000
         29          76 000
         30          76 000
         31          76 000
         32          76 000
         33          76 000
         34          76 011
         35          76 011
         36          76 011
         37          76 011
         38          76 000
         39          76 000
         40          76 000
         41          76 000
         42          76 000
         43          76 000
         44          76 010
         45          76 010
         46          76 010
         47          76 110
         48          76 100
         49          76 010
         50          76 010
         51          76 010
         52          76 010
         53          76 011
         54          76 011
         55          76 011
         56          76 011
         57          76 011
         58          76 011
         59          76 011
         60          76 011
         24          77 001
         25          77 000
         26          77 000
         27          77 000
         28          77 001
         29          77 000
         30          77 000
         31          77 000
         32          77 001
         33          77 001
         34          77 111
         35          77 101
         36          77 110
         37          77 100
         38          77 000
         39          77 000
         40          77 001
         41          77 000
         42          77 000
         43          77 001
         44          77 011
         45          77 010
         46          77 010
         47          77 111
         48          77 101
         49          77 010
         50          77 010
         51          77 011
         52          77 011
         53          77 111
         54          77 101
         55          77 110
         56          77 100
         57          77 111
         58          77 101
         59          77 110
         60          77 100
         24          78 001
         25          78 000
         26          78 000
         27          78 000
         28          78 000
         29          78 000
         30          78 000
         31          78 000
         32          78 000
         33          78 000
         34          78 011
         35          78 011
         36          78 011
         37          78 011
         38          78 001
         39          78 001
         40          78 001
         41          78 001
         42          78 001
         43          78 001
         44          78 001
         45          78 010
         46          78 010
         47          78 010
         48          78 010
         49          78 010
         50          78 010
         51          78 010
         52          78 010
         53          78 010
         54          78 010
         55          78 110
         56          78 100
         57          78 010
         58          78 010
         59          78 010
         60          78 010
         24          79 010
         25          79 000
         26          79 000
         27          79 000
         28          79 001
         29          79 000
         30          79 000
         31          79 000
         32          79 001
         33          79 001
         34          79 111
         35          79 101
         36          79 110
         37          79 100
         38          79 001
         39          79 011
         40          79 000
         41          79 001
         42          79 011
         43          79 000
         44          79 010
         45          79 010
         46          79 010
         47          79 011
         48          79 011
         49          79 010
         50          79 010
         51          79 011
         52          79 011
         53          79 010
         54          79 010
         55          79 111
         56          79 101
         57          79 010
         58          79 010
         59          79 011
         60          79 011
         24          80 000
         25          80 000
         26          80 000
         27          80 000
         28          80 000
         29          80 000
         30          80 000
         31          80 000
         32          80 000
         33          80 000
         34          80 011
         35          80 011
         36          80 011
         37          80 011
         38          80 000
         39          80 000
         40          80 000
         41          80 001
         42          80 001
         43          80 001
         44          80 001
         45          80 010
         46          80 010
         47          80 010
         48          80 010
         49          80 011
         50          80 011
         51          80 011
         52          80 011
         53          80 010
         54          80 010
         55          80 110
         56          80 100
         57          80 011
         58          80 011
         59          80 011
         60          80 011
         24          81 001
         25          81 000
         26          81 000
         27          81 000
         28          81 001
         29          81 000
         30          81 000
         31          81 000
         32          81 001
         33          81 001
         34          81 111
         35          81 101
         36          81 110
         37          81 100
         38          81 000
         39          81 000
         40          81 001
         41          81 001
         42          81 011
         43          81 000
         44          81 010
         45          81 010
         46          81 010
         47          81 011
         48          81 011
         49          81 111
         50          81 101
         51          81 110
         52          81 100
         53          81 010
         54          81 010
         55          81 111
         56          81 101
         57          81 111
         58          81 101
         59          81 110
         60          81 100
         24          82 001
         25          82 000
         26          82 000
         27          82 000
         28          82 000
         29          82 000
         30          82 000
         31          82 000
         32          82 000
         33          82 000
         34          82 011
         35          82 011
         36          82 011
         37          82 011
         38          82 001
         39          82 001
         40          82 001
         41          82 000
         42          82 000
         43          82 000
         44          82 010
         45          82 010
         46          82 010
         47          82 110
         48          82 100
         49          82 010
         50          82 010
         51          82 010
         52          82 010
         53          82 010
         54          82 010
         55          82 010
         56          82 010
         57          82 011
         58          82 011
         59          82 011
         60          82 011
         24          83 010
         25          83 000
         26          83 000
         27          83 000
         28          83 001
         29          83 000
         30          83 000
         31          83 000
         32          83 001
         33          83 001
         34          83 111
         35          83 101
         36          83 110
         37          83 100
         38          83 001
         39          83 011
         40          83 000
         41          83 000
         42          83 000
         43          83 001
         44          83 011
         45          83 010
         46          83 010
         47          83 111
         48          83 101
         49          83 010
         50          83 010
         51          83 011
         52          83 011
         53          83 010
         54          83 010
         55          83 011
         56          83 011
         57          83 111
         58          83 101
         59          83 110
         60          83 100
         24          84 001
         25          84 000
         26          84 000
         27          84 000
         28          84 000
         29          84 000
         30          84 000
         31          84 000
         32          84 000
         33          84 000
         34          84 011
         35          84 011
         36          84 011
         37          84 011
         38          84 001
         39          84 001
         40          84 001
         41          84 000
         42          84 000
         43          84 000
         44          84 010
         45          84 010
         46          84 010
         47          84 110
         48          84 100
         49          84 010
         50          84 010
         51          84 010
         52          84 010
         53          84 010
         54          84 010
         55          84 110
         56          84 100
         57          84 010
         58          84 010
         59          84 110
         60          84 100
         24          85 010
         25          85 000
         26          85 000
         27          85 000
         28          85 001
         29          85 000
         30          85 000
         31          85 000
         32          85 001
         33          85 001
         34          85 111
         35          85 101
         36          85 110
         37          85 100
         38          85 001
         39          85 011
         40          85 000
         41          85 000
         42          85 000
         43          85 001
         44          85 011
         45          85 010
         46          85 010
         47          85 111
         48          85 101
         49          85 010
         50          85 010
         51          85 011
         52          85 011
         53          85 010
         54          85 010
         55          85 111
         56          85 101
         57          85 010
         58          85 010
         59          85 111
         60          85 101
         24          86 010
         25          86 000
         26          86 000
         27          86 000
         28          86 000
         29          86 000
         30          86 000
         31          86 000
         32          86 000
         33          86 000
         34          86 011
         35          86 011
         36          86 011
         37          86 011
         38          86 000
         39          86 000
         40          86 000
         41          86 001
         42          86 001
         43          86 001
         44          86 001
         45          86 010
         46          86 010
         47          86 010
         48          86 010
         49          86 010
         50          86 010
         51          86 010
         52          86 010
         53          86 010
         54          86 010
         55          86 110
         56          86 100
         57          86 011
         58          86 011
         59          86 011
         60          86 011
         24          87 011
         25          87 000
         26          87 000
         27          87 000
         28          87 001
         29          87 000
         30          87 000
         31          87 000
         32          87 001
         33          87 001
         34          87 111
         35          87 101
         36          87 110
         37          87 100
         38          87 000
         39          87 000
         40          87 001
         41          87 001
         42          87 011
         43          87 000
         44          87 010
         45          87 010
         46          87 010
         47          87 011
         48          87 011
         49          87 010
         50          87 010
         51          87 011
         52          87 011
         53          87 010
         54          87 010
         55          87 111
         56          87 101
         57          87 111
         58          87 101
         59          87 110
         60          87 100
         24          88 001
         25          88 000
         26          88 000
         27          88 000
         28          88 000
         29          88 000
         30          88 000
         31          88 000
         32          88 000
         33          88 000
         34          88 011
         35          88 011
         36          88 011
         37          88 011
         38          88 001
         39          88 001
         40          88 001
         41          88 000
         42          88 000
         43          88 000
         44          88 000
         45          88 010
         46          88 010
         47          88 010
         48          88 010
         49          88 011
         50          88 011
         51          88 011
         52          88 011
         53          88 010
         54          88 010
         55          88 110
         56          88 100
         57          88 011
         58          88 011
         59          88 011
         60          88 011
         24          89 010
         25          89 000
         26          89 000
         27          89 000
         28          89 001
         29          89 000
         30          89 000
         31          89 000
         32          89 001
         33          89 001
         34          89 111
         35          89 101
         36          89 110
         37          89 100
         38          89 001
         39          89 011
         40          89 000
         41          89 000
         42          89 000
         43          89 001
         44          89 001
         45          89 010
         46          89 010
         47          89 011
         48          89 011
         49          89 111
         50          89 101
         51          89 110
         52          89 100
         53          89 010
         54          89 010
         55          89 111
         56          89 101
         57          89 111
         58          89 101
         59          89 110
         60          89 100
         24          90 010
         25          90 000
         26          90 000
         27          90 000
         28          90 000
         29          90 000
         30          90 000
         31          90 000
         32          90 000
         33          90 000
         34          90 011
         35          90 011
         36          90 011
         37          90 011
         38          90 000
         39          90 000
         40          90 000
         41          90 001
         42          90 001
         43          90 001
         44          90 001
         45          90 011
         46          90 011
         47          90 011
         48          90 011
         49          90 011
         50          90 011
         51          90 011
         52          90 011
         53          90 011
         54          90 011
         55          90 011
         56          90 011
         57          90 011
         58          90 011
         59          90 011
         60          90 011
         24          91 011
         25          91 000
         26          91 000
         27          91 000
         28          91 001
         29          91 000
         30          91 000
         31          91 000
         32          91 001
         33          91 001
         34          91 111
         35          91 101
         36          91 110
         37          91 100
         38          91 000
         39          91 000
         40          91 001
         41          91 001
         42          91 011
         43          91 000
         44          91 010
         45          91 111
         46          91 101
         47          91 110
         48          91 100
         49          91 111
         50          91 101
         51          91 110
         52          91 100
         53          91 111
         54          91 101
         55          91 110
         56          91 100
         57          91 111
         58          91 101
         59          91 110
         60          91 100
         24          92 000
         25          92 000
         26          92 000
         27          92 000
         28          92 000
         29          92 000
         30          92 000
         31          92 000
         32          92 000
         33          92 000
         34          92 011
         35          92 011
         36          92 011
         37          92 011
         38          92 000
         39          92 000
         40          92 000
         41          92 001
         42          92 001
         43          92 001
         44          92 001
         45          92 010
         46          92 010
         47          92 110
         48          92 100
         49          92 010
         50          92 010
         51          92 010
         52          92 010
         53          92 010
         54          92 010
         55          92 110
         56          92 100
         57          92 010
         58          92 010
         59          92 110
         60          92 100
         24          93 001
         25          93 000
         26          93 000
         27          93 000
         28          93 001
         29          93 000
         30          93 000
         31          93 000
         32          93 001
         33          93 001
         34          93 111
         35          93 101
         36          93 110
         37          93 100
         38          93 000
         39          93 000
         40          93 001
         41          93 001
         42          93 011
         43          93 000
         44          93 010
         45          93 010
         46          93 010
         47          93 111
         48          93 101
         49          93 010
         50          93 010
         51          93 011
         52          93 011
         53          93 010
         54          93 010
         55          93 111
         56          93 101
         57          93 010
         58          93 010
         59          93 111
         60          93 101
         24          94 001
         25          94 000
         26          94 000
         27          94 000
         28          94 000
         29          94 000
         30          94 000
         31          94 000
         32          94 000
         33          94 000
         34          94 011
         35          94 011
         36          94 011
         37          94 011
         38          94 001
         39          94 001
         40          94 001
         41          94 000
         42          94 000
         43          94 000
         44          94 000
         45          94 011
         46          94 011
         47          94 011
         48          94 011
         49          94 010
         50          94 010
         51          94 010
         52          94 010
         53          94 011
         54          94 011
         55          94 011
         56          94 011
         57          94 010
         58          94 010
         59          94 010
         60          94 010
         24          95 010
         25          95 000
         26          95 000
         27          95 000
         28          95 001
         29          95 000
         30          95 000
         31          95 000
         32          95 001
         33          95 001
         34          95 111
         35          95 101
         36          95 110
         37          95 100
         38          95 001
         39          95 011
         40          95 000
         41          95 000
         42          95 000
         43          95 001
         44          95 001
         45          95 111
         46          95 101
         47          95 110
         48          95 100
         49          95 010
         50          95 010
         51          95 011
         52          95 011
         53          95 111
         54          95 101
         55          95 110
         56          95 100
         57          95 010
         58          95 010
         59          95 011
         60          95 011
         24          96 010
         25          96 000
         26          96 001
         27          96 000
         28          96 000
         29          96 000
         30          96 000
         31          96 000
         32          96 000
         33          96 000
         34          96 011
         35          96 011
         36          96 011
         37          96 011
         38          96 010
         39          96 010
         40          96 010
         41          96 000
         42          96 000
         43          96 000
         44          96 000
         45          96 010
         46          96 010
         47          96 010
         48          96 010
         49          96 001
         50          96 001
         51          96 001
         52          96 001
         53          96 001
         54          96 001
         55          96 001
         56          96 001
         57          96 011
         58          96 011
         59          96 011
         60          96 011
         24          97 011
         25          97 000
         26          97 001
         27          97 000
         28          97 001
         29          97 000
         30          97 000
         31          97 000
         32          97 001
         33          97 001
         34          97 111
         35          97 101
         36          97 110
         37          97 100
         38          97 010
         39          97 010
         40          97 011
         41          97 000
         42          97 000
         43          97 001
         44          97 001
         45          97 010
         46          97 010
         47          97 011
         48          97 011
         49          97 001
         50          97 011
         51          97 000
         52          97 010
         53          97 001
         54          97 011
         55          97 000
         56          97 010
         57          97 111
         58          97 101
         59          97 110
         60          97 100
         24          98 011
         25          98 000
         26          98 000
         27          98 000
         28          98 000
         29          98 000
         30          98 000
         31          98 000
         32          98 000
         33          98 000
         34          98 011
         35          98 011
         36          98 011
         37          98 011
         38          98 011
         39          98 011
         40          98 011
         41          98 001
         42          98 001
         43          98 001
         44          98 001
         45          98 011
         46          98 011
         47          98 011
         48          98 011
         49          98 000
         50          98 000
         51          98 000
         52          98 000
         53          98 000
         54          98 000
         55          98 000
         56          98 000
         57          98 011
         58          98 011
         59          98 011
         60          98 011
         24          99 100
         25          99 000
         26          99 000
         27          99 000
         28          99 001
         29          99 000
         30          99 000
         31          99 000
         32          99 001
         33          99 001
         34          99 111
         35          99 101
         36          99 110
         37          99 100
         38          99 111
         39          99 101
         40          99 110
         41          99 001
         42          99 011
         43          99 000
         44          99 010
         45          99 111
         46          99 101
         47          99 110
         48          99 100
         49          99 000
         50          99 000
         51          99 001
         52          99 001
         53          99 000
         54          99 000
         55          99 001
         56          99 001
         57          99 111
         58          99 101
         59          99 110
         60          99 100
         24         100 010
         25         100 000
         26         100 000
         27         100 000
         28         100 000
         29         100 000
         30         100 000
         31         100 000
         32         100 000
         33         100 000
         34         100 011
         35         100 011
         36         100 011
         37         100 011
         38         100 010
         39         100 010
         40         100 010
         41         100 001
         42         100 001
         43         100 001
         44         100 001
         45         100 011
         46         100 011
         47         100 011
         48         100 011
         49         100 000
         50         100 000
         51         100 000
         52         100 000
         53         100 001
         54         100 001
         55         100 001
         56         100 001
         57         100 011
         58         100 011
         59         100 011
         60         100 011
         24         101 011
         25         101 000
         26         101 000
         27         101 000
         28         101 001
         29         101 000
         30         101 000
         31         101 000
         32         101 001
         33         101 001
         34         101 111
         35         101 101
         36         101 110
         37         101 100
         38         101 010
         39         101 010
         40         101 011
         41         101 001
         42         101 011
         43         101 000
         44         101 010
         45         101 111
         46         101 101
         47         101 110
         48         101 100
         49         101 000
         50         101 000
         51         101 001
         52         101 001
         53         101 001
         54         101 011
         55         101 000
         56         101 010
         57         101 111
         58         101 101
         59         101 110
         60         101 100
         24         102 011
         25         102 000
         26         102 000
         27         102 000
         28         102 000
         29         102 000
         30         102 000
         31         102 000
         32         102 000
         33         102 000
         34         102 011
         35         102 011
         36         102 011
         37         102 011
         38         102 011
         39         102 011
         40         102 011
         41         102 000
         42         102 000
         43         102 000
         44         102 000
         45         102 010
         46         102 010
         47         102 010
         48         102 010
         49         102 000
         50         102 000
         51         102 000
         52         102 000
         53         102 001
         54         102 001
         55         102 001
         56         102 001
         57         102 010
         58         102 010
         59         102 010
         60         102 010
         24         103 100
         25         103 000
         26         103 000
         27         103 000
         28         103 001
         29         103 000
         30         103 000
         31         103 000
         32         103 001
         33         103 001
         34         103 111
         35         103 101
         36         103 110
         37         103 100
         38         103 111
         39         103 101
         40         103 110
         41         103 000
         42         103 000
         43         103 001
         44         103 001
         45         103 010
         46         103 010
         47         103 011
         48         103 011
         49         103 000
         50         103 000
         51         103 001
         52         103 001
         53         103 001
         54         103 011
         55         103 000
         56         103 010
         57         103 010
         58         103 010
         59         103 011
         60         103 011
         24         104 010
         25         104 000
         26         104 000
         27         104 000
         28         104 000
         29         104 000
         30         104 000
         31         104 000
         32         104 000
         33         104 000
         34         104 011
         35         104 011
         36         104 011
         37         104 011
         38         104 010
         39         104 010
         40         104 010
         41         104 001
         42         104 001
         43         104 001
         44         104 001
         45         104 011
         46         104 011
         47         104 011
         48         104 011
         49         104 001
         50         104 001
         51         104 001
         52         104 001
         53         104 001
         54         104 001
         55         104 001
         56         104 001
         57         104 011
         58         104 011
         59         104 011
         60         104 011
         24         105 011
         25         105 000
         26         105 000
         27         105 000
         28         105 001
         29         105 000
         30         105 000
         31         105 000
         32         105 001
         33         105 001
         34         105 111
         35         105 101
         36         105 110
         37         105 100
         38         105 010
         39         105 010
         40         105 011
         41         105 001
         42         105 011
         43         105 000
         44         105 010
         45         105 111
         46         105 101
         47         105 110
         48         105 100
         49         105 001
         50         105 011
         51         105 000
         52         105 010
         53         105 001
         54         105 011
         55         105 000
         56         105 010
         57         105 111
         58         105 101
         59         105 110
         60         105 100
         24         106 011
         25         106 000
         26         106 000
         27         106 000
         28         106 000
         29         106 000
         30         106 000
         31         106 000
         32         106 000
         33         106 000
         34         106 011
         35         106 011
         36         106 011
         37         106 011
         38         106 011
         39         106 011
         40         106 011
         41         106 000
         42         106 000
         43         106 000
         44         106 010
         45         106 011
         46         106 011
         47         106 011
         48         106 011
         49         106 000
         50         106 000
         51         106 000
         52         106 000
         53         106 000
         54         106 000
         55         106 000
         56         106 000
         57         106 010
         58         106 010
         59         106 110
         60         106 100
         24         107 100
         25         107 000
         26         107 000
         27         107 000
         28         107 001
         29         107 000
         30         107 000
         31         107 000
         32         107 001
         33         107 001
         34         107 111
         35         107 101
         36         107 110
         37         107 100
         38         107 111
         39         107 101
         40         107 110
         41         107 000
         42         107 000
         43         107 001
         44         107 011
         45         107 111
         46         107 101
         47         107 110
         48         107 100
         49         107 000
         50         107 000
         51         107 001
         52         107 001
         53         107 000
         54         107 000
         55         107 001
         56         107 001
         57         107 010
         58         107 010
         59         107 111
         60         107 101
         24         108 010
         25         108 000
         26         108 000
         27         108 000
         28         108 000
         29         108 000
         30         108 000
         31         108 000
         32         108 000
         33         108 000
         34         108 011
         35         108 011
         36         108 011
         37         108 011
         38         108 010
         39         108 010
         40         108 010
         41         108 000
         42         108 000
         43         108 000
         44         108 010
         45         108 010
         46         108 010
         47         108 110
         48         108 100
         49         108 000
         50         108 000
         51         108 000
         52         108 000
         53         108 001
         54         108 001
         55         108 001
         56         108 001
         57         108 011
         58         108 011
         59         108 011
         60         108 011
         24         109 011
         25         109 000
         26         109 000
         27         109 000
         28         109 001
         29         109 000
         30         109 000
         31         109 000
         32         109 001
         33         109 001
         34         109 111
         35         109 101
         36         109 110
         37         109 100
         38         109 010
         39         109 010
         40         109 011
         41         109 000
         42         109 000
         43         109 001
         44         109 011
         45         109 010
         46         109 010
         47         109 111
         48         109 101
         49         109 000
         50         109 000
         51         109 001
         52         109 001
         53         109 001
         54         109 011
         55         109 000
         56         109 010
         57         109 111
         58         109 101
         59         109 110
         60         109 100
         24         110 011
         25         110 000
         26         110 000
         27         110 000
         28         110 000
         29         110 000
         30         110 000
         31         110 000
         32         110 000
         33         110 000
         34         110 011
         35         110 011
         36         110 011
         37         110 011
         38         110 011
         39         110 011
         40         110 011
         41         110 001
         42         110 001
         43         110 001
         44         110 001
         45         110 010
         46         110 010
         47         110 010
         48         110 010
         49         110 000
         50         110 000
         51         110 000
         52         110 000
         53         110 000
         54         110 000
         55         110 000
         56         110 010
         57         110 010
         58         110 010
         59         110 010
         60         110 010
         24         111 100
         25         111 000
         26         111 000
         27         111 000
         28         111 001
         29         111 000
         30         111 000
         31         111 000
         32         111 001
         33         111 001
         34         111 111
         35         111 101
         36         111 110
         37         111 100
         38         111 111
         39         111 101
         40         111 110
         41         111 001
         42         111 011
         43         111 000
         44         111 010
         45         111 010
         46         111 010
         47         111 011
         48         111 011
         49         111 000
         50         111 000
         51         111 001
         52         111 001
         53         111 000
         54         111 000
         55         111 001
         56         111 011
         57         111 010
         58         111 010
         59         111 011
         60         111 011
         24         112 010
         25         112 000
         26         112 000
         27         112 000
         28         112 000
         29         112 000
         30         112 000
         31         112 000
         32         112 000
         33         112 000
         34         112 011
         35         112 011
         36         112 011
         37         112 011
         38         112 010
         39         112 010
         40         112 010
         41         112 001
         42         112 001
         43         112 001
         44         112 001
         45         112 010
         46         112 010
         47         112 010
         48         112 010
         49         112 001
         50         112 001
         51         112 001
         52         112 001
         53         112 000
         54         112 000
         55         112 000
         56         112 010
         57         112 011
         58         112 011
         59         112 011
         60         112 011
         24         113 011
         25         113 000
         26         113 000
         27         113 000
         28         113 001
         29         113 000
         30         113 000
         31         113 000
         32         113 001
         33         113 001
         34         113 111
         35         113 101
         36         113 110
         37         113 100
         38         113 010
         39         113 010
         40         113 011
         41         113 001
         42         113 011
         43         113 000
         44         113 010
         45         113 010
         46         113 010
         47         113 011
         48         113 011
         49         113 001
         50         113 011
         51         113 000
         52         113 010
         53         113 000
         54         113 000
         55         113 001
         56         113 011
         57         113 111
         58         113 101
         59         113 110
         60         113 100
         24         114 011
         25         114 000
         26         114 000
         27         114 000
         28         114 000
         29         114 000
         30         114 000
         31         114 000
         32         114 000
         33         114 000
         34         114 011
         35         114 011
         36         114 011
         37         114 011
         38         114 011
         39         114 011
         40         114 011
         41         114 000
         42         114 000
         43         114 000
         44         114 010
         45         114 010
         46         114 010
         47         114 110
         48         114 100
         49         114 000
         50         114 000
         51         114 000
         52         114 000
         53         114 000
         54         114 000
         55         114 000
         56         114 000
         57         114 011
         58         114 011
         59         114 011
         60         114 011
         24         115 100
         25         115 000
         26         115 000
         27         115 000
         28         115 001
         29         115 000
         30         115 000
         31         115 000
         32         115 001
         33         115 001
         34         115 111
         35         115 101
         36         115 110
         37         115 100
         38         115 111
         39         115 101
         40         115 110
         41         115 000
         42         115 000
         43         115 001
         44         115 011
         45         115 010
         46         115 010
         47         115 111
         48         115 101
         49         115 000
         50         115 000
         51         115 001
         52         115 001
         53         115 000
         54         115 000
         55         115 001
         56         115 001
         57         115 111
         58         115 101
         59         115 110
         60         115 100
         24         116 011
         25         116 000
         26         116 000
         27         116 000
         28         116 000
         29         116 000
         30         116 000
         31         116 000
         32         116 000
         33         116 000
         34         116 011
         35         116 011
         36         116 011
         37         116 011
         38         116 011
         39         116 011
         40         116 011
         41         116 000
         42         116 000
         43         116 000
         44         116 010
         45         116 010
         46         116 010
         47         116 110
         48         116 100
         49         116 000
         50         116 000
         51         116 000
         52         116 000
         53         116 000
         54         116 000
         55         116 000
         56         116 010
         57         116 010
         58         116 010
         59         116 110
         60         116 100
         24         117 100
         25         117 000
         26         117 000
         27         117 000
         28         117 001
         29         117 000
         30         117 000
         31         117 000
         32         117 001
         33         117 001
         34         117 111
         35         117 101
         36         117 110
         37         117 100
         38         117 111
         39         117 101
         40         117 110
         41         117 000
         42         117 000
         43         117 001
         44         117 011
         45         117 010
         46         117 010
         47         117 111
         48         117 101
         49         117 000
         50         117 000
         51         117 001
         52         117 001
         53         117 000
         54         117 000
         55         117 001
         56         117 011
         57         117 010
         58         117 010
         59         117 111
         60         117 101
         24         118 100
         25         118 000
         26         118 000
         27         118 000
         28         118 000
         29         118 000
         30         118 000
         31         118 000
         32         118 000
         33         118 000
         34         118 011
         35         118 011
         36         118 011
         37         118 011
         38         118 010
         39         118 010
         40         118 110
         41         118 001
         42         118 001
         43         118 001
         44         118 001
         45         118 010
         46         118 010
         47         118 010
         48         118 010
         49         118 000
         50         118 000
         51         118 000
         52         118 000
         53         118 000
         54         118 000
         55         118 000
         56         118 010
         57         118 011
         58         118 011
         59         118 011
         60         118 011
         24         119 101
         25         119 000
         26         119 000
         27         119 000
         28         119 001
         29         119 000
         30         119 000
         31         119 000
         32         119 001
         33         119 001
         34         119 111
         35         119 101
         36         119 110
         37         119 100
         38         119 010
         39         119 010
         40         119 111
         41         119 001
         42         119 011
         43         119 000
         44         119 010
         45         119 010
         46         119 010
         47         119 011
         48         119 011
         49         119 000
         50         119 000
         51         119 001
         52         119 001
         53         119 000
         54         119 000
         55         119 001
         56         119 011
         57         119 111
         58         119 101
         59         119 110
         60         119 100
         24         120 011
         25         120 000
         26         120 000
         27         120 000
         28         120 000
         29         120 000
         30         120 000
         31         120 000
         32         120 000
         33         120 000
         34         120 011
         35         120 011
         36         120 011
         37         120 011
         38         120 011
         39         120 011
         40         120 011
         41         120 000
         42         120 000
         43         120 000
         44         120 000
         45         120 010
         46         120 010
         47         120 010
         48         120 010
         49         120 001
         50         120 001
         51         120 001
         52         120 001
         53         120 000
         54         120 000
         55         120 000
         56         120 010
         57         120 011
         58         120 011
         59         120 011
         60         120 011
         24         121 100
         25         121 000
         26         121 000
         27         121 000
         28         121 001
         29         121 000
         30         121 000
         31         121 000
         32         121 001
         33         121 001
         34         121 111
         35         121 101
         36         121 110
         37         121 100
         38         121 111
         39         121 101
         40         121 110
         41         121 000
         42         121 000
         43         121 001
         44         121 001
         45         121 010
         46         121 010
         47         121 011
         48         121 011
         49         121 001
         50         121 011
         51         121 000
         52         121 010
         53         121 000
         54         121 000
         55         121 001
         56         121 011
         57         121 111
         58         121 101
         59         121 110
         60         121 100
         24         122 100
         25         122 000
         26         122 000
         27         122 000
         28         122 000
         29         122 000
         30         122 000
         31         122 000
         32         122 000
         33         122 000
         34         122 011
         35         122 011
         36         122 011
         37         122 011
         38         122 010
         39         122 010
         40         122 110
         41         122 001
         42         122 001
         43         122 001
         44         122 001
         45         122 011
         46         122 011
         47         122 011
         48         122 011
         49         122 001
         50         122 001
         51         122 001
         52         122 001
         53         122 001
         54         122 001
         55         122 001
         56         122 001
         57         122 011
         58         122 011
         59         122 011
         60         122 011
         24         123 101
         25         123 000
         26         123 000
         27         123 000
         28         123 001
         29         123 000
         30         123 000
         31         123 000
         32         123 001
         33         123 001
         34         123 111
         35         123 101
         36         123 110
         37         123 100
         38         123 010
         39         123 010
         40         123 111
         41         123 001
         42         123 011
         43         123 000
         44         123 010
         45         123 111
         46         123 101
         47         123 110
         48         123 100
         49         123 001
         50         123 011
         51         123 000
         52         123 010
         53         123 001
         54         123 011
         55         123 000
         56         123 010
         57         123 111
         58         123 101
         59         123 110
         60         123 100
         24         124 010
         25         124 000
         26         124 000
         27         124 000
         28         124 000
         29         124 000
         30         124 000
         31         124 000
         32         124 000
         33         124 000
         34         124 011
         35         124 011
         36         124 011
         37         124 011
         38         124 010
         39         124 010
         40         124 010
         41         124 001
         42         124 001
         43         124 001
         44         124 001
         45         124 010
         46         124 010
         47         124 110
         48         124 100
         49         124 000
         50         124 000
         51         124 000
         52         124 000
         53         124 000
         54         124 000
         55         124 000
         56         124 010
         57         124 010
         58         124 010
         59         124 110
         60         124 100
         24         125 011
         25         125 000
         26         125 000
         27         125 000
         28         125 001
         29         125 000
         30         125 000
         31         125 000
         32         125 001
         33         125 001
         34         125 111
         35         125 101
         36         125 110
         37         125 100
         38         125 010
         39         125 010
         40         125 011
         41         125 001
         42         125 011
         43         125 000
         44         125 010
         45         125 010
         46         125 010
         47         125 111
         48         125 101
         49         125 000
         50         125 000
         51         125 001
         52         125 001
         53         125 000
         54         125 000
         55         125 001
         56         125 011
         57         125 010
         58         125 010
         59         125 111
         60         125 101
         24         126 011
         25         126 000
         26         126 000
         27         126 000
         28         126 000
         29         126 000
         30         126 000
         31         126 000
         32         126 000
         33         126 000
         34         126 011
         35         126 011
         36         126 011
         37         126 011
         38         126 011
         39         126 011
         40         126 011
         41         126 000
         42         126 000
         43         126 000
         44         126 000
         45         126 011
         46         126 011
         47         126 011
         48         126 011
         49         126 000
         50         126 000
         51         126 000
         52         126 000
         53         126 001
         54         126 001
         55         126 001
         56         126 001
         57         126 010
         58         126 010
         59         126 010
         60         126 010
         24         127 100
         25         127 000
         26         127 000
         27         127 000
         28         127 001
         29         127 000
         30         127 000
         31         127 000
         32         127 001
         33         127 001
         34         127 111
         35         127 101
         36         127 110
         37         127 100
         38         127 111
         39         127 101
         40         127 110
         41         127 000
         42         127 000
         43         127 001
         44         127 001
         45         127 111
         46         127 101
         47         127 110
         48         127 100
         49         127 000
         50         127 000
         51         127 001
         52         127 001
         53         127 001
         54         127 011
         55         127 000
         56         127 010
         57         127 010
         58         127 010
         59         127 011
         60         127 011
         24         128 000
         25         128 000
         26         128 001
         27         128 000
         28         128 000
         29         128 000
         30         128 000
         31         128 000
         32         128 000
         33         128 000
         34         128 011
         35         128 011
         36         128 011
         37         128 011
         38         128 000
         39         128 000
         40         128 000
         41         128 010
         42         128 010
         43         128 010
         44         128 010
         45         128 000
         46         128 000
         47         128 000
         48         128 000
         49         128 001
         50         128 101
         51         128 001
         52         128 101
         53         128 001
         54         128 101
         55         128 001
         56         128 101
         57         128 001
         58         128 101
         59         128 001
         60         128 101
         24         129 001
         25         129 000
         26         129 001
         27         129 000
         28         129 001
         29         129 000
         30         129 000
         31         129 000
         32         129 001
         33         129 001
         34         129 111
         35         129 101
         36         129 110
         37         129 100
         38         129 000
         39         129 000
         40         129 001
         41         129 010
         42         129 010
         43         129 011
         44         129 011
         45         129 000
         46         129 000
         47         129 001
         48         129 001
         49         129 001
         50         129 111
         51         129 000
         52         129 110
         53         129 001
         54         129 111
         55         129 000
         56         129 110
         57         129 001
         58         129 111
         59         129 000
         60         129 110
         24         130 001
         25         130 000
         26         130 000
         27         130 000
         28         130 000
         29         130 000
         30         130 000
         31         130 000
         32         130 000
         33         130 000
         34         130 011
         35         130 011
         36         130 011
         37         130 011
         38         130 001
         39         130 001
         40         130 001
         41         130 011
         42         130 011
         43         130 011
         44         130 011
         45         130 001
         46         130 001
         47         130 001
         48         130 001
         49         130 000
         50         130 100
         51         130 000
         52         130 100
         53         130 000
         54         130 100
         55         130 000
         56         130 100
         57         130 001
         58         130 101
         59         130 001
         60         130 101
         24         131 010
         25         131 000
         26         131 000
         27         131 000
         28         131 001
         29         131 000
         30         131 000
         31         131 000
         32         131 001
         33         131 001
         34         131 111
         35         131 101
         36         131 110
         37         131 100
         38         131 001
         39         131 011
         40         131 000
         41         131 111
         42         131 101
         43         131 110
         44         131 100
         45         131 001
         46         131 011
         47         131 000
         48         131 010
         49         131 000
         50         131 100
         51         131 001
         52         131 101
         53         131 000
         54         131 100
         55         131 001
         56         131 101
         57         131 001
         58         131 111
         59         131 000
         60         131 110
         24         132 000
         25         132 000
         26         132 000
         27         132 000
         28         132 000
         29         132 000
         30         132 000
         31         132 000
         32         132 000
         33         132 000
         34         132 011
         35         132 011
         36         132 011
         37         132 011
         38         132 000
         39         132 000
         40         132 000
         41         132 011
         42         132 011
         43         132 011
         44         132 011
         45         132 001
         46         132 001
         47         132 001
         48         132 001
         49         132 000
         50         132 100
         51         132 000
         52         132 100
         53         132 001
         54         132 101
         55         132 001
         56         132 101
         57         132 001
         58         132 101
         59         132 001
         60         132 101
         24         133 001
         25         133 000
         26         133 000
         27         133 000
         28         133 001
         29         133 000
         30         133 000
         31         133 000
         32         133 001
         33         133 001
         34         133 111
         35         133 101
         36         133 110
         37         133 100
         38         133 000
         39         133 000
         40         133 001
         41         133 111
         42         133 101
         43         133 110
         44         133 100
         45         133 001
         46         133 011
         47         133 000
         48         133 010
         49         133 000
         50         133 100
         51         133 001
         52         133 101
         53         133 001
         54         133 111
         55         133 000
         56         133 110
         57         133 001
         58         133 111
         59         133 000
         60         133 110
         24         134 001
         25         134 000
         26         134 000
         27         134 000
         28         134 000
         29         134 000
         30         134 000
         31         134 000
         32         134 000
         33         134 000
         34         134 011
         35         134 011
         36         134 011
         37         134 011
         38         134 001
         39         134 001
         40         134 001
         41         134 010
         42         134 010
         43         134 010
         44         134 010
         45         134 000
         46         134 000
         47         134 000
         48         134 000
         49         134 000
         50         134 100
         51         134 000
         52         134 100
         53         134 001
         54         134 101
         55         134 001
         56         134 101
         57         134 000
         58         134 100
         59         134 000
         60         134 100
         24         135 010
         25         135 000
         26         135 000
         27         135 000
         28         135 001
         29         135 000
         30         135 000
         31         135 000
         32         135 001
         33         135 001
         34         135 111
         35         135 101
         36         135 110
         37         135 100
         38         135 001
         39         135 011
         40         135 000
         41         135 010
         42         135 010
         43         135 011
         44         135 011
         45         135 000
         46         135 000
         47         135 001
         48         135 001
         49         135 000
         50         135 100
         51         135 001
         52         135 101
         53         135 001
         54         135 111
         55         135 000
         56         135 110
         57         135 000
         58         135 100
         59         135 001
         60         135 101
         24         136 000
         25         136 000
         26         136 000
         27         136 000
         28         136 000
         29         136 000
         30         136 000
         31         136 000
         32         136 000
         33         136 000
         34         136 011
         35         136 011
         36         136 011
         37         136 011
         38         136 000
         39         136 000
         40         136 000
         41         136 011
         42         136 011
         43         136 011
         44         136 011
         45         136 001
         46         136 001
         47         136 001
         48         136 001
         49         136 001
         50         136 101
         51         136 001
         52         136 101
         53         136 001
         54         136 101
         55         136 001
         56         136 101
         57         136 001
         58         136 101
         59         136 001
         60         136 101
         24         137 001
         25         137 000
         26         137 000
         27         137 000
         28         137 001
         29         137 000
         30         137 000
         31         137 000
         32         137 001
         33         137 001
         34         137 111
         35         137 101
         36         137 110
         37         137 100
         38         137 000
         39         137 000
         40         137 001
         41         137 111
         42         137 101
         43         137 110
         44         137 100
         45         137 001
         46         137 011
         47         137 000
         48         137 010
         49         137 001
         50         137 111
         51         137 000
         52         137 110
         53         137 001
         54         137 111
         55         137 000
         56         137 110
         57         137 001
         58         137 111
         59         137 000
         60         137 110
         24         138 001
         25         138 000
         26         138 000
         27         138 000
         28         138 000
         29         138 000
         30         138 000
         31         138 000
         32         138 000
         33         138 000
         34         138 011
         35         138 011
         36         138 011
         37         138 011
         38         138 001
         39         138 001
         40         138 001
         41         138 010
         42         138 010
         43         138 110
         44         138 100
         45         138 001
         46         138 001
         47         138 001
         48         138 001
         49         138 000
         50         138 100
         51         138 000
         52         138 100
         53         138 000
         54         138 100
         55         138 000
         56         138 100
         57         138 000
         58         138 100
         59         138 000
         60         138 110
         24         139 010
         25         139 000
         26         139 000
         27         139 000
         28         139 001
         29         139 000
         30         139 000
         31         139 000
         32         139 001
         33         139 001
         34         139 111
         35         139 101
         36         139 110
         37         139 100
         38         139 001
         39         139 011
         40         139 000
         41         139 010
         42         139 010
         43         139 111
         44         139 101
         45         139 001
         46         139 011
         47         139 000
         48         139 010
         49         139 000
         50         139 100
         51         139 001
         52         139 101
         53         139 000
         54         139 100
         55         139 001
         56         139 101
         57         139 000
         58         139 100
         59         139 001
         60         139 111
         24         140 000
         25         140 000
         26         140 000
         27         140 000
         28         140 000
         29         140 000
         30         140 000
         31         140 000
         32         140 000
         33         140 000
         34         140 011
         35         140 011
         36         140 011
         37         140 011
         38         140 000
         39         140 000
         40         140 000
         41         140 010
         42         140 010
         43         140 110
         44         140 100
         45         140 000
         46         140 000
         47         140 000
         48         140 010
         49         140 000
         50         140 100
         51         140 000
         52         140 100
         53         140 001
         54         140 101
         55         140 001
         56         140 101
         57         140 001
         58         140 101
         59         140 001
         60         140 101
         24         141 001
         25         141 000
         26         141 000
         27         141 000
         28         141 001
         29         141 000
         30         141 000
         31         141 000
         32         141 001
         33         141 001
         34         141 111
         35         141 101
         36         141 110
         37         141 100
         38         141 000
         39         141 000
         40         141 001
         41         141 010
         42         141 010
         43         141 111
         44         141 101
         45         141 000
         46         141 000
         47         141 001
         48         141 011
         49         141 000
         50         141 100
         51         141 001
         52         141 101
         53         141 001
         54         141 111
         55         141 000
         56         141 110
         57         141 001
         58         141 111
         59         141 000
         60         141 110
         24         142 001
         25         142 000
         26         142 000
         27         142 000
         28         142 000
         29         142 000
         30         142 000
         31         142 000
         32         142 000
         33         142 000
         34         142 011
         35         142 011
         36         142 011
         37         142 011
         38         142 001
         39         142 001
         40         142 001
         41         142 011
         42         142 011
         43         142 011
         44         142 011
         45         142 000
         46         142 000
         47         142 000
         48         142 000
         49         142 000
         50         142 100
         51         142 000
         52         142 100
         53         142 000
         54         142 100
         55         142 000
         56         142 110
         57         142 000
         58         142 100
         59         142 000
         60         142 100
         24         143 010
         25         143 000
         26         143 000
         27         143 000
         28         143 001
         29         143 000
         30         143 000
         31         143 000
         32         143 001
         33         143 001
         34         143 111
         35         143 101
         36         143 110
         37         143 100
         38         143 001
         39         143 011
         40         143 000
         41         143 111
         42         143 101
         43         143 110
         44         143 100
         45         143 000
         46         143 000
         47         143 001
         48         143 001
         49         143 000
         50         143 100
         51         143 001
         52         143 101
         53         143 000
         54         143 100
         55         143 001
         56         143 111
         57         143 000
         58         143 100
         59         143 001
         60         143 101
         24         144 000
         25         144 000
         26         144 000
         27         144 000
         28         144 000
         29         144 000
         30         144 000
         31         144 000
         32         144 000
         33         144 000
         34         144 011
         35         144 011
         36         144 011
         37         144 011
         38         144 000
         39         144 000
         40         144 000
         41         144 011
         42         144 011
         43         144 011
         44         144 011
         45         144 000
         46         144 000
         47         144 000
         48         144 000
         49         144 001
         50         144 101
         51         144 001
         52         144 101
         53         144 000
         54         144 100
         55         144 000
         56         144 110
         57         144 001
         58         144 101
         59         144 001
         60         144 101
         24         145 001
         25         145 000
         26         145 000
         27         145 000
         28         145 001
         29         145 000
         30         145 000
         31         145 000
         32         145 001
         33         145 001
         34         145 111
         35         145 101
         36         145 110
         37         145 100
         38         145 000
         39         145 000
         40         145 001
         41         145 111
         42         145 101
         43         145 110
         44         145 100
         45         145 000
         46         145 000
         47         145 001
         48         145 001
         49         145 001
         50         145 111
         51         145 000
         52         145 110
         53         145 000
         54         145 100
         55         145 001
         56         145 111
         57         145 001
         58         145 111
         59         145 000
         60         145 110
         24         146 001
         25         146 000
         26         146 000
         27         146 000
         28         146 000
         29         146 000
         30         146 000
         31         146 000
         32         146 000
         33         146 000
         34         146 011
         35         146 011
         36         146 011
         37         146 011
         38         146 001
         39         146 001
         40         146 001
         41         146 010
         42         146 010
         43         146 110
         44         146 100
         45         146 000
         46         146 000
         47         146 000
         48         146 010
         49         146 000
         50         146 100
         51         146 000
         52         146 100
         53         146 000
         54         146 100
         55         146 000
         56         146 100
         57         146 001
         58         146 101
         59         146 001
         60         146 101
         24         147 010
         25         147 000
         26         147 000
         27         147 000
         28         147 001
         29         147 000
         30         147 000
         31         147 000
         32         147 001
         33         147 001
         34         147 111
         35         147 101
         36         147 110
         37         147 100
         38         147 001
         39         147 011
         40         147 000
         41         147 010
         42         147 010
         43         147 111
         44         147 101
         45         147 000
         46         147 000
         47         147 001
         48         147 011
         49         147 000
         50         147 100
         51         147 001
         52         147 101
         53         147 000
         54         147 100
         55         147 001
         56         147 101
         57         147 001
         58         147 111
         59         147 000
         60         147 110
         24         148 001
         25         148 000
         26         148 000
         27         148 000
         28         148 000
         29         148 000
         30         148 000
         31         148 000
         32         148 000
         33         148 000
         34         148 011
         35         148 011
         36         148 011
         37         148 011
         38         148 001
         39         148 001
         40         148 001
         41         148 010
         42         148 010
         43         148 110
         44         148 100
         45         148 000
         46         148 000
         47         148 000
         48         148 010
         49         148 000
         50         148 100
         51         148 000
         52         148 100
         53         148 000
         54         148 100
         55         148 000
         56         148 110
         57         148 000
         58         148 100
         59         148 000
         60         148 110
         24         149 010
         25         149 000
         26         149 000
         27         149 000
         28         149 001
         29         149 000
         30         149 000
         31         149 000
         32         149 001
         33         149 001
         34         149 111
         35         149 101
         36         149 110
         37         149 100
         38         149 001
         39         149 011
         40         149 000
         41         149 010
         42         149 010
         43         149 111
         44         149 101
         45         149 000
         46         149 000
         47         149 001
         48         149 011
         49         149 000
         50         149 100
         51         149 001
         52         149 101
         53         149 000
         54         149 100
         55         149 001
         56         149 111
         57         149 000
         58         149 100
         59         149 001
         60         149 111
         24         150 010
         25         150 000
         26         150 000
         27         150 000
         28         150 000
         29         150 000
         30         150 000
         31         150 000
         32         150 000
         33         150 000
         34         150 011
         35         150 011
         36         150 011
         37         150 011
         38         150 000
         39         150 000
         40         150 000
         41         150 011
         42         150 011
         43         150 011
         44         150 011
         45         150 000
         46         150 000
         47         150 000
         48         150 000
         49         150 000
         50         150 100
         51         150 000
         52         150 100
         53         150 000
         54         150 100
         55         150 000
         56         150 110
         57         150 001
         58         150 101
         59         150 001
         60         150 101
         24         151 011
         25         151 000
         26         151 000
         27         151 000
         28         151 001
         29         151 000
         30         151 000
         31         151 000
         32         151 001
         33         151 001
         34         151 111
         35         151 101
         36         151 110
         37         151 100
         38         151 000
         39         151 000
         40         151 001
         41         151 111
         42         151 101
         43         151 110
         44         151 100
         45         151 000
         46         151 000
         47         151 001
         48         151 001
         49         151 000
         50         151 100
         51         151 001
         52         151 101
         53         151 000
         54         151 100
         55         151 001
         56         151 111
         57         151 001
         58         151 111
         59         151 000
         60         151 110
         24         152 001
         25         152 000
         26         152 000
         27         152 000
         28         152 000
         29         152 000
         30         152 000
         31         152 000
         32         152 000
         33         152 000
         34         152 011
         35         152 011
         36         152 011
         37         152 011
         38         152 001
         39         152 001
         40         152 001
         41         152 010
         42         152 010
         43         152 010
         44         152 010
         45         152 000
         46         152 000
         47         152 000
         48         152 000
         49         152 001
         50         152 101
         51         152 001
         52         152 101
         53         152 000
         54         152 100
         55         152 000
         56         152 110
         57         152 001
         58         152 101
         59         152 001
         60         152 101
         24         153 010
         25         153 000
         26         153 000
         27         153 000
         28         153 001
         29         153 000
         30         153 000
         31         153 000
         32         153 001
         33         153 001
         34         153 111
         35         153 101
         36         153 110
         37         153 100
         38         153 001
         39         153 011
         40         153 000
         41         153 010
         42         153 010
         43         153 011
         44         153 011
         45         153 000
         46         153 000
         47         153 001
         48         153 001
         49         153 001
         50         153 111
         51         153 000
         52         153 110
         53         153 000
         54         153 100
         55         153 001
         56         153 111
         57         153 001
         58         153 111
         59         153 000
         60         153 110
         24         154 010
         25         154 000
         26         154 000
         27         154 000
         28         154 000
         29         154 000
         30         154 000
         31         154 000
         32         154 000
         33         154 000
         34         154 011
         35         154 011
         36         154 011
         37         154 011
         38         154 000
         39         154 000
         40         154 000
         41         154 011
         42         154 011
         43         154 011
         44         154 011
         45         154 001
         46         154 001
         47         154 001
         48         154 001
         49         154 001
         50         154 101
         51         154 001
         52         154 101
         53         154 001
         54         154 101
         55         154 001
         56         154 101
         57         154 001
         58         154 101
         59         154 001
         60         154 101
         24         155 011
         25         155 000
         26         155 000
         27         155 000
         28         155 001
         29         155 000
         30         155 000
         31         155 000
         32         155 001
         33         155 001
         34         155 111
         35         155 101
         36         155 110
         37         155 100
         38         155 000
         39         155 000
         40         155 001
         41         155 111
         42         155 101
         43         155 110
         44         155 100
         45         155 001
         46         155 011
         47         155 000
         48         155 010
         49         155 001
         50         155 111
         51         155 000
         52         155 110
         53         155 001
         54         155 111
         55         155 000
         56         155 110
         57         155 001
         58         155 111
         59         155 000
         60         155 110
         24         156 000
         25         156 000
         26         156 000
         27         156 000
         28         156 000
         29         156 000
         30         156 000
         31         156 000
         32         156 000
         33         156 000
         34         156 011
         35         156 011
         36         156 011
         37         156 011
         38         156 000
         39         156 000
         40         156 000
         41         156 011
         42         156 011
         43         156 011
         44         156 011
         45         156 000
         46         156 000
         47         156 000
         48         156 010
         49         156 000
         50         156 100
         51         156 000
         52         156 100
         53         156 000
         54         156 100
         55         156 000
         56         156 110
         57         156 000
         58         156 100
         59         156 000
         60         156 110
         24         157 001
         25         157 000
         26         157 000
         27         157 000
         28         157 001
         29         157 000
         30         157 000
         31         157 000
         32         157 001
         33         157 001
         34         157 111
         35         157 101
         36         157 110
         37         157 100
         38         157 000
         39         157 000
         40         157 001
         41         157 111
         42         157 101
         43         157 110
         44         157 100
         45         157 000
         46         157 000
         47         157 001
         48         157 011
         49         157 000
         50         157 100
         51         157 001
         52         157 101
         53         157 000
         54         157 100
         55         157 001
         56         157 111
         57         157 000
         58         157 100
         59         157 001
         60         157 111
         24         158 001
         25         158 000
         26         158 000
         27         158 000
         28         158 000
         29         158 000
         30         158 000
         31         158 000
         32         158 000
         33         158 000
         34         158 011
         35         158 011
         36         158 011
         37         158 011
         38         158 001
         39         158 001
         40         158 001
         41         158 010
         42         158 010
         43         158 010
         44         158 010
         45         158 001
         46         158 001
         47         158 001
         48         158 001
         49         158 000
         50         158 100
         51         158 000
         52         158 100
         53         158 001
         54         158 101
         55         158 001
         56         158 101
         57         158 000
         58         158 100
         59         158 000
         60         158 100
         24         159 010
         25         159 000
         26         159 000
         27         159 000
         28         159 001
         29         159 000
         30         159 000
         31         159 000
         32         159 001
         33         159 001
         34         159 111
         35         159 101
         36         159 110
         37         159 100
         38         159 001
         39         159 011
         40         159 000
         41         159 010
         42         159 010
         43         159 011
         44         159 011
         45         159 001
         46         159 011
         47         159 000
         48         159 010
         49         159 000
         50         159 100
         51         159 001
         52         159 101
         53         159 001
         54         159 111
         55         159 000
         56         159 110
         57         159 000
         58         159 100
         59         159 001
         60         159 101
         24         160 010
         25         160 000
         26         160 001
         27         160 000
         28         160 000
         29         160 000
         30         160 000
         31         160 000
         32         160 000
         33         160 000
         34         160 011
         35         160 011
         36         160 011
         37         160 011
         38         160 010
         39         160 010
         40         160 010
         41         160 010
         42         160 010
         43         160 010
         44         160 010
         45         160 000
         46         160 100
         47         160 000
         48         160 100
         49         160 011
         50         160 011
         51         160 011
         52         160 011
         53         160 001
         54         160 101
         55         160 001
         56         160 101
         57         160 011
         58         160 011
         59         160 011
         60         160 011
         24         161 011
         25         161 000
         26         161 001
         27         161 000
         28         161 001
         29         161 000
         30         161 000
         31         161 000
         32         161 001
         33         161 001
         34         161 111
         35         161 101
         36         161 110
         37         161 100
         38         161 010
         39         161 010
         40         161 011
         41         161 010
         42         161 010
         43         161 011
         44         161 011
         45         161 000
         46         161 100
         47         161 001
         48         161 101
         49         161 111
         50         161 101
         51         161 110
         52         161 100
         53         161 001
         54         161 111
         55         161 000
         56         161 110
         57         161 111
         58         161 101
         59         161 110
         60         161 100
         24         162 011
         25         162 000
         26         162 000
         27         162 000
         28         162 000
         29         162 000
         30         162 000
         31         162 000
         32         162 000
         33         162 000
         34         162 011
         35         162 011
         36         162 011
         37         162 011
         38         162 011
         39         162 011
         40         162 011
         41         162 011
         42         162 011
         43         162 011
         44         162 011
         45         162 001
         46         162 101
         47         162 001
         48         162 101
         49         162 010
         50         162 010
         51         162 010
         52         162 010
         53         162 000
         54         162 100
         55         162 000
         56         162 100
         57         162 011
         58         162 011
         59         162 011
         60         162 011
         24         163 100
         25         163 000
         26         163 000
         27         163 000
         28         163 001
         29         163 000
         30         163 000
         31         163 000
         32         163 001
         33         163 001
         34         163 111
         35         163 101
         36         163 110
         37         163 100
         38         163 111
         39         163 101
         40         163 110
         41         163 111
         42         163 101
         43         163 110
         44         163 100
         45         163 001
         46         163 111
         47         163 000
         48         163 110
         49         163 010
         50         163 010
         51         163 011
         52         163 011
         53         163 000
         54         163 100
         55         163 001
         56         163 101
         57         163 111
         58         163 101
         59         163 110
         60         163 100
         24         164 010
         25         164 000
         26         164 000
         27         164 000
         28         164 000
         29         164 000
         30         164 000
         31         164 000
         32         164 000
         33         164 000
         34         164 011
         35         164 011
         36         164 011
         37         164 011
         38         164 010
         39         164 010
         40         164 010
         41         164 011
         42         164 011
         43         164 011
         44         164 011
         45         164 001
         46         164 101
         47         164 001
         48         164 101
         49         164 010
         50         164 010
         51         164 010
         52         164 010
         53         164 001
         54         164 101
         55         164 001
         56         164 101
         57         164 011
         58         164 011
         59         164 011
         60         164 011
         24         165 011
         25         165 000
         26         165 000
         27         165 000
         28         165 001
         29         165 000
         30         165 000
         31         165 000
         32         165 001
         33         165 001
         34         165 111
         35         165 101
         36         165 110
         37         165 100
         38         165 010
         39         165 010
         40         165 011
         41         165 111
         42         165 101
         43         165 110
         44         165 100
         45         165 001
         46         165 111
         47         165 000
         48         165 110
         49         165 010
         50         165 010
         51         165 011
         52         165 011
         53         165 001
         54         165 111
         55         165 000
         56         165 110
         57         165 111
         58         165 101
         59         165 110
         60         165 100
         24         166 011
         25         166 000
         26         166 000
         27         166 000
         28         166 000
         29         166 000
         30         166 000
         31         166 000
         32         166 000
         33         166 000
         34         166 011
         35         166 011
         36         166 011
         37         166 011
         38         166 011
         39         166 011
         40         166 011
         41         166 010
         42         166 010
         43         166 010
         44         166 010
         45         166 000
         46         166 100
         47         166 000
         48         166 100
         49         166 010
         50         166 010
         51         166 010
         52         166 010
         53         166 001
         54         166 101
         55         166 001
         56         166 101
         57         166 010
         58         166 010
         59         166 010
         60         166 010
         24         167 100
         25         167 000
         26         167 000
         27         167 000
         28         167 001
         29         167 000
         30         167 000
         31         167 000
         32         167 001
         33         167 001
         34         167 111
         35         167 101
         36         167 110
         37         167 100
         38         167 111
         39         167 101
         40         167 110
         41         167 010
         42         167 010
         43         167 011
         44         167 011
         45         167 000
         46         167 100
         47         167 001
         48         167 101
         49         167 010
         50         167 010
         51         167 011
         52         167 011
         53         167 001
         54         167 111
         55         167 000
         56         167 110
         57         167 010
         58         167 010
         59         167 011
         60         167 011
         24         168 010
         25         168 000
         26         168 000
         27         168 000
         28         168 000
         29         168 000
         30         168 000
         31         168 000
         32         168 000
         33         168 000
         34         168 011
         35         168 011
         36         168 011
         37         168 011
         38         168 010
         39         168 010
         40         168 010
         41         168 011
         42         168 011
         43         168 011
         44         168 011
         45         168 001
         46         168 101
         47         168 001
         48         168 101
         49         168 011
         50         168 011
         51         168 011
         52         168 011
         53         168 001
         54         168 101
         55         168 001
         56         168 101
         57         168 011
         58         168 011
         59         168 011
         60         168 011
         24         169 011
         25         169 000
         26         169 000
         27         169 000
         28         169 001
         29         169 000
         30         169 000
         31         169 000
         32         169 001
         33         169 001
         34         169 111
         35         169 101
         36         169 110
         37         169 100
         38         169 010
         39         169 010
         40         169 011
         41         169 111
         42         169 101
         43         169 110
         44         169 100
         45         169 001
         46         169 111
         47         169 000
         48         169 110
         49         169 111
         50         169 101
         51         169 110
         52         169 100
         53         169 001
         54         169 111
         55         169 000
         56         169 110
         57         169 111
         58         169 101
         59         169 110
         60         169 100
         24         170 011
         25         170 000
         26         170 000
         27         170 000
         28         170 000
         29         170 000
         30         170 000
         31         170 000
         32         170 000
         33         170 000
         34         170 011
         35         170 011
         36         170 011
         37         170 011
         38         170 011
         39         170 011
         40         170 011
         41         170 010
         42         170 010
         43         170 110
         44         170 100
         45         170 001
         46         170 101
         47         170 001
         48         170 101
         49         170 010
         50         170 010
         51         170 010
         52         170 010
         53         170 000
         54         170 100
         55         170 000
         56         170 100
         57         170 010
         58         170 010
         59         170 110
         60         170 100
         24         171 100
         25         171 000
         26         171 000
         27         171 000
         28         171 001
         29         171 000
         30         171 000
         31         171 000
         32         171 001
         33         171 001
         34         171 111
         35         171 101
         36         171 110
         37         171 100
         38         171 111
         39         171 101
         40         171 110
         41         171 010
         42         171 010
         43         171 111
         44         171 101
         45         171 001
         46         171 111
         47         171 000
         48         171 110
         49         171 010
         50         171 010
         51         171 011
         52         171 011
         53         171 000
         54         171 100
         55         171 001
         56         171 101
         57         171 010
         58         171 010
         59         171 111
         60         171 101
         24         172 010
         25         172 000
         26         172 000
         27         172 000
         28         172 000
         29         172 000
         30         172 000
         31         172 000
         32         172 000
         33         172 000
         34         172 011
         35         172 011
         36         172 011
         37         172 011
         38         172 010
         39         172 010
         40         172 010
         41         172 010
         42         172 010
         43         172 110
         44         172 100
         45         172 000
         46         172 100
         47         172 000
         48         172 110
         49         172 010
         50         172 010
         51         172 010
         52         172 010
         53         172 001
         54         172 101
         55         172 001
         56         172 101
         57         172 011
         58         172 011
         59         172 011
         60         172 011
         24         173 011
         25         173 000
         26         173 000
         27         173 000
         28         173 001
         29         173 000
         30         173 000
         31         173 000
         32         173 001
         33         173 001
         34         173 111
         35         173 101
         36         173 110
         37         173 100
         38         173 010
         39         173 010
         40         173 011
         41         173 010
         42         173 010
         43         173 111
         44         173 101
         45         173 000
         46         173 100
         47         173 001
         48         173 111
         49         173 010
         50         173 010
         51         173 011
         52         173 011
         53         173 001
         54         173 111
         55         173 000
         56         173 110
         57         173 111
         58         173 101
         59         173 110
         60         173 100
         24         174 011
         25         174 000
         26         174 000
         27         174 000
         28         174 000
         29         174 000
         30         174 000
         31         174 000
         32         174 000
         33         174 000
         34         174 011
         35         174 011
         36         174 011
         37         174 011
         38         174 011
         39         174 011
         40         174 011
         41         174 011
         42         174 011
         43         174 011
         44         174 011
         45         174 000
         46         174 100
         47         174 000
         48         174 100
         49         174 010
         50         174 010
         51         174 010
         52         174 010
         53         174 000
         54         174 100
         55         174 000
         56         174 110
         57         174 010
         58         174 010
         59         174 010
         60         174 010
         24         175 100
         25         175 000
         26         175 000
         27         175 000
         28         175 001
         29         175 000
         30         175 000
         31         175 000
         32         175 001
         33         175 001
         34         175 111
         35         175 101
         36         175 110
         37         175 100
         38         175 111
         39         175 101
         40         175 110
         41         175 111
         42         175 101
         43         175 110
         44         175 100
         45         175 000
         46         175 100
         47         175 001
         48         175 101
         49         175 010
         50         175 010
         51         175 011
         52         175 011
         53         175 000
         54         175 100
         55         175 001
         56         175 111
         57         175 010
         58         175 010
         59         175 011
         60         175 011
         24         176 010
         25         176 000
         26         176 000
         27         176 000
         28         176 000
         29         176 000
         30         176 000
         31         176 000
         32         176 000
         33         176 000
         34         176 011
         35         176 011
         36         176 011
         37         176 011
         38         176 010
         39         176 010
         40         176 010
         41         176 011
         42         176 011
         43         176 011
         44         176 011
         45         176 000
         46         176 100
         47         176 000
         48         176 100
         49         176 011
         50         176 011
         51         176 011
         52         176 011
         53         176 000
         54         176 100
         55         176 000
         56         176 110
         57         176 011
         58         176 011
         59         176 011
         60         176 011
         24         177 011
         25         177 000
         26         177 000
         27         177 000
         28         177 001
         29         177 000
         30         177 000
         31         177 000
         32         177 001
         33         177 001
         34         177 111
         35         177 101
         36         177 110
         37         177 100
         38         177 010
         39         177 010
         40         177 011
         41         177 111
         42         177 101
         43         177 110
         44         177 100
         45         177 000
         46         177 100
         47         177 001
         48         177 101
         49         177 111
         50         177 101
         51         177 110
         52         177 100
         53         177 000
         54         177 100
         55         177 001
         56         177 111
         57         177 111
         58         177 101
         59         177 110
         60         177 100
         24         178 011
         25         178 000
         26         178 000
         27         178 000
         28         178 000
         29         178 000
         30         178 000
         31         178 000
         32         178 000
         33         178 000
         34         178 011
         35         178 011
         36         178 011
         37         178 011
         38         178 011
         39         178 011
         40         178 011
         41         178 010
         42         178 010
         43         178 110
         44         178 100
         45         178 000
         46         178 100
         47         178 000
         48         178 110
         49         178 010
         50         178 010
         51         178 010
         52         178 010
         53         178 000
         54         178 100
         55         178 000
         56         178 100
         57         178 011
         58         178 011
         59         178 011
         60         178 011
         24         179 100
         25         179 000
         26         179 000
         27         179 000
         28         179 001
         29         179 000
         30         179 000
         31         179 000
         32         179 001
         33         179 001
         34         179 111
         35         179 101
         36         179 110
         37         179 100
         38         179 111
         39         179 101
         40         179 110
         41         179 010
         42         179 010
         43         179 111
         44         179 101
         45         179 000
         46         179 100
         47         179 001
         48         179 111
         49         179 010
         50         179 010
         51         179 011
         52         179 011
         53         179 000
         54         179 100
         55         179 001
         56         179 101
         57         179 111
         58         179 101
         59         179 110
         60         179 100
         24         180 011
         25         180 000
         26         180 000
         27         180 000
         28         180 000
         29         180 000
         30         180 000
         31         180 000
         32         180 000
         33         180 000
         34         180 011
         35         180 011
         36         180 011
         37         180 011
         38         180 011
         39         180 011
         40         180 011
         41         180 010
         42         180 010
         43         180 110
         44         180 100
         45         180 000
         46         180 100
         47         180 000
         48         180 110
         49         180 010
         50         180 010
         51         180 010
         52         180 010
         53         180 000
         54         180 100
         55         180 000
         56         180 110
         57         180 010
         58         180 010
         59         180 110
         60         180 100
         24         181 100
         25         181 000
         26         181 000
         27         181 000
         28         181 001
         29         181 000
         30         181 000
         31         181 000
         32         181 001
         33         181 001
         34         181 111
         35         181 101
         36         181 110
         37         181 100
         38         181 111
         39         181 101
         40         181 110
         41         181 010
         42         181 010
         43         181 111
         44         181 101
         45         181 000
         46         181 100
         47         181 001
         48         181 111
         49         181 010
         50         181 010
         51         181 011
         52         181 011
         53         181 000
         54         181 100
         55         181 001
         56         181 111
         57         181 010
         58         181 010
         59         181 111
         60         181 101
         24         182 100
         25         182 000
         26         182 000
         27         182 000
         28         182 000
         29         182 000
         30         182 000
         31         182 000
         32         182 000
         33         182 000
         34         182 011
         35         182 011
         36         182 011
         37         182 011
         38         182 010
         39         182 010
         40         182 110
         41         182 011
         42         182 011
         43         182 011
         44         182 011
         45         182 000
         46         182 100
         47         182 000
         48         182 100
         49         182 010
         50         182 010
         51         182 010
         52         182 010
         53         182 000
         54         182 100
         55         182 000
         56         182 110
         57         182 011
         58         182 011
         59         182 011
         60         182 011
         24         183 101
         25         183 000
         26         183 000
         27         183 000
         28         183 001
         29         183 000
         30         183 000
         31         183 000
         32         183 001
         33         183 001
         34         183 111
         35         183 101
         36         183 110
         37         183 100
         38         183 010
         39         183 010
         40         183 111
         41         183 111
         42         183 101
         43         183 110
         44         183 100
         45         183 000
         46         183 100
         47         183 001
         48         183 101
         49         183 010
         50         183 010
         51         183 011
         52         183 011
         53         183 000
         54         183 100
         55         183 001
         56         183 111
         57         183 111
         58         183 101
         59         183 110
         60         183 100
         24         184 011
         25         184 000
         26         184 000
         27         184 000
         28         184 000
         29         184 000
         30         184 000
         31         184 000
         32         184 000
         33         184 000
         34         184 011
         35         184 011
         36         184 011
         37         184 011
         38         184 011
         39         184 011
         40         184 011
         41         184 010
         42         184 010
         43         184 010
         44         184 010
         45         184 000
         46         184 100
         47         184 000
         48         184 100
         49         184 011
         50         184 011
         51         184 011
         52         184 011
         53         184 000
         54         184 100
         55         184 000
         56         184 110
         57         184 011
         58         184 011
         59         184 011
         60         184 011
         24         185 100
         25         185 000
         26         185 000
         27         185 000
         28         185 001
         29         185 000
         30         185 000
         31         185 000
         32         185 001
         33         185 001
         34         185 111
         35         185 101
         36         185 110
         37         185 100
         38         185 111
         39         185 101
         40         185 110
         41         185 010
         42         185 010
         43         185 011
         44         185 011
         45         185 000
         46         185 100
         47         185 001
         48         185 101
         49         185 111
         50         185 101
         51         185 110
         52         185 100
         53         185 000
         54         185 100
         55         185 001
         56         185 111
         57         185 111
         58         185 101
         59         185 110
         60         185 100
         24         186 100
         25         186 000
         26         186 000
         27         186 000
         28         186 000
         29         186 000
         30         186 000
         31         186 000
         32         186 000
         33         186 000
         34         186 011
         35         186 011
         36         186 011
         37         186 011
         38         186 010
         39         186 010
         40         186 110
         41         186 011
         42         186 011
         43         186 011
         44         186 011
         45         186 001
         46         186 101
         47         186 001
         48         186 101
         49         186 011
         50         186 011
         51         186 011
         52         186 011
         53         186 001
         54         186 101
         55         186 001
         56         186 101
         57         186 011
         58         186 011
         59         186 011
         60         186 011
         24         187 101
         25         187 000
         26         187 000
         27         187 000
         28         187 001
         29         187 000
         30         187 000
         31         187 000
         32         187 001
         33         187 001
         34         187 111
         35         187 101
         36         187 110
         37         187 100
         38         187 010
         39         187 010
         40         187 111
         41         187 111
         42         187 101
         43         187 110
         44         187 100
         45         187 001
         46         187 111
         47         187 000
         48         187 110
         49         187 111
         50         187 101
         51         187 110
         52         187 100
         53         187 001
         54         187 111
         55         187 000
         56         187 110
         57         187 111
         58         187 101
         59         187 110
         60         187 100
         24         188 010
         25         188 000
         26         188 000
         27         188 000
         28         188 000
         29         188 000
         30         188 000
         31         188 000
         32         188 000
         33         188 000
         34         188 011
         35         188 011
         36         188 011
         37         188 011
         38         188 010
         39         188 010
         40         188 010
         41         188 011
         42         188 011
         43         188 011
         44         188 011
         45         188 000
         46         188 100
         47         188 000
         48         188 110
         49         188 010
         50         188 010
         51         188 010
         52         188 010
         53         188 000
         54         188 100
         55         188 000
         56         188 110
         57         188 010
         58         188 010
         59         188 110
         60         188 100
         24         189 011
         25         189 000
         26         189 000
         27         189 000
         28         189 001
         29         189 000
         30         189 000
         31         189 000
         32         189 001
         33         189 001
         34         189 111
         35         189 101
         36         189 110
         37         189 100
         38         189 010
         39         189 010
         40         189 011
         41         189 111
         42         189 101
         43         189 110
         44         189 100
         45         189 000
         46         189 100
         47         189 001
         48         189 111
         49         189 010
         50         189 010
         51         189 011
         52         189 011
         53         189 000
         54         189 100
         55         189 001
         56         189 111
         57         189 010
         58         189 010
         59         189 111
         60         189 101
         24         190 011
         25         190 000
         26         190 000
         27         190 000
         28         190 000
         29         190 000
         30         190 000
         31         190 000
         32         190 000
         33         190 000
         34         190 011
         35         190 011
         36         190 011
         37         190 011
         38         190 011
         39         190 011
         40         190 011
         41         190 010
         42         190 010
         43         190 010
         44         190 010
         45         190 001
         46         190 101
         47         190 001
         48         190 101
         49         190 010
         50         190 010
         51         190 010
         52         190 010
         53         190 001
         54         190 101
         55         190 001
         56         190 101
         57         190 010
         58         190 010
         59         190 010
         60         190 010
         24         191 100
         25         191 000
         26         191 000
         27         191 000
         28         191 001
         29         191 000
         30         191 000
         31         191 000
         32         191 001
         33         191 001
         34         191 111
         35         191 101
         36         191 110
         37         191 100
         38         191 111
         39         191 101
         40         191 110
         41         191 010
         42         191 010
         43         191 011
         44         191 011
         45         191 001
         46         191 111
         47         191 000
         48         191 110
         49         191 010
         50         191 010
         51         191 011
         52         191 011
         53         191 001
         54         191 111
         55         191 000
         56         191 110
         57         191 010
         58         191 010
         59         191 011
         60         191 011
         24         192 000
         25         192 000
         26         192 001
         27         192 000
         28         192 000
         29         192 000
         30         192 000
         31         192 000
         32         192 000
         33         192 000
         34         192 011
         35         192 011
         36         192 011
         37         192 011
         38         192 000
         39         192 000
         40         192 000
         41         192 010
         42         192 010
         43         192 010
         44         192 010
         45         192 010
         46         192 010
         47         192 010
         48         192 010
         49         192 001
         50         192 101
         51         192 001
         52         192 101
         53         192 011
         54         192 011
         55         192 011
         56         192 011
         57         192 001
         58         192 101
         59         192 001
         60         192 101
         24         193 001
         25         193 000
         26         193 001
         27         193 000
         28         193 001
         29         193 000
         30         193 000
         31         193 000
         32         193 001
         33         193 001
         34         193 111
         35         193 101
         36         193 110
         37         193 100
         38         193 000
         39         193 000
         40         193 001
         41         193 010
         42         193 010
         43         193 011
         44         193 011
         45         193 010
         46         193 010
         47         193 011
         48         193 011
         49         193 001
         50         193 111
         51         193 000
         52         193 110
         53         193 111
         54         193 101
         55         193 110
         56         193 100
         57         193 001
         58         193 111
         59         193 000
         60         193 110
         24         194 001
         25         194 000
         26         194 000
         27         194 000
         28         194 000
         29         194 000
         30         194 000
         31         194 000
         32         194 000
         33         194 000
         34         194 011
         35         194 011
         36         194 011
         37         194 011
         38         194 001
         39         194 001
         40         194 001
         41         194 011
         42         194 011
         43         194 011
         44         194 011
         45         194 011
         46         194 011
         47         194 011
         48         194 011
         49         194 000
         50         194 100
         51         194 000
         52         194 100
         53         194 010
         54         194 010
         55         194 010
         56         194 010
         57         194 001
         58         194 101
         59         194 001
         60         194 101
         24         195 010
         25         195 000
         26         195 000
         27         195 000
         28         195 001
         29         195 000
         30         195 000
         31         195 000
         32         195 001
         33         195 001
         34         195 111
         35         195 101
         36         195 110
         37         195 100
         38         195 001
         39         195 011
         40         195 000
         41         195 111
         42         195 101
         43         195 110
         44         195 100
         45         195 111
         46         195 101
         47         195 110
         48         195 100
         49         195 000
         50         195 100
         51         195 001
         52         195 101
         53         195 010
         54         195 010
         55         195 011
         56         195 011
         57         195 001
         58         195 111
         59         195 000
         60         195 110
         24         196 000
         25         196 000
         26         196 000
         27         196 000
         28         196 000
         29         196 000
         30         196 000
         31         196 000
         32         196 000
         33         196 000
         34         196 011
         35         196 011
         36         196 011
         37         196 011
         38         196 000
         39         196 000
         40         196 000
         41         196 011
         42         196 011
         43         196 011
         44         196 011
         45         196 011
         46         196 011
         47         196 011
         48         196 011
         49         196 000
         50         196 100
         51         196 000
         52         196 100
         53         196 011
         54         196 011
         55         196 011
         56         196 011
         57         196 001
         58         196 101
         59         196 001
         60         196 101
         24         197 001
         25         197 000
         26         197 000
         27         197 000
         28         197 001
         29         197 000
         30         197 000
         31         197 000
         32         197 001
         33         197 001
         34         197 111
         35         197 101
         36         197 110
         37         197 100
         38         197 000
         39         197 000
         40         197 001
         41         197 111
         42         197 101
         43         197 110
         44         197 100
         45         197 111
         46         197 101
         47         197 110
         48         197 100
         49         197 000
         50         197 100
         51         197 001
         52         197 101
         53         197 111
         54         197 101
         55         197 110
         56         197 100
         57         197 001
         58         197 111
         59         197 000
         60         197 110
         24         198 001
         25         198 000
         26         198 000
         27         198 000
         28         198 000
         29         198 000
         30         198 000
         31         198 000
         32         198 000
         33         198 000
         34         198 011
         35         198 011
         36         198 011
         37         198 011
         38         198 001
         39         198 001
         40         198 001
         41         198 010
         42         198 010
         43         198 010
         44         198 010
         45         198 010
         46         198 010
         47         198 010
         48         198 010
         49         198 000
         50         198 100
         51         198 000
         52         198 100
         53         198 011
         54         198 011
         55         198 011
         56         198 011
         57         198 000
         58         198 100
         59         198 000
         60         198 100
         24         199 010
         25         199 000
         26         199 000
         27         199 000
         28         199 001
         29         199 000
         30         199 000
         31         199 000
         32         199 001
         33         199 001
         34         199 111
         35         199 101
         36         199 110
         37         199 100
         38         199 001
         39         199 011
         40         199 000
         41         199 010
         42         199 010
         43         199 011
         44         199 011
         45         199 010
         46         199 010
         47         199 011
         48         199 011
         49         199 000
         50         199 100
         51         199 001
         52         199 101
         53         199 111
         54         199 101
         55         199 110
         56         199 100
         57         199 000
         58         199 100
         59         199 001
         60         199 101
         24         200 000
         25         200 000
         26         200 000
         27         200 000
         28         200 000
         29         200 000
         30         200 000
         31         200 000
         32         200 000
         33         200 000
         34         200 011
         35         200 011
         36         200 011
         37         200 011
         38         200 000
         39         200 000
         40         200 000
         41         200 011
         42         200 011
         43         200 011
         44         200 011
         45         200 011
         46         200 011
         47         200 011
         48         200 011
         49         200 001
         50         200 101
         51         200 001
         52         200 101
         53         200 011
         54         200 011
         55         200 011
         56         200 011
         57         200 001
         58         200 101
         59         200 001
         60         200 101
         24         201 001
         25         201 000
         26         201 000
         27         201 000
         28         201 001
         29         201 000
         30         201 000
         31         201 000
         32         201 001
         33         201 001
         34         201 111
         35         201 101
         36         201 110
         37         201 100
         38         201 000
         39         201 000
         40         201 001
         41         201 111
         42         201 101
         43         201 110
         44         201 100
         45         201 111
         46         201 101
         47         201 110
         48         201 100
         49         201 001
         50         201 111
         51         201 000
         52         201 110
         53         201 111
         54         201 101
         55         201 110
         56         201 100
         57         201 001
         58         201 111
         59         201 000
         60         201 110
         24         202 001
         25         202 000
         26         202 000
         27         202 000
         28         202 000
         29         202 000
         30         202 000
         31         202 000
         32         202 000
         33         202 000
         34         202 011
         35         202 011
         36         202 011
         37         202 011
         38         202 001
         39         202 001
         40         202 001
         41         202 010
         42         202 010
         43         202 110
         44         202 100
         45         202 011
         46         202 011
         47         202 011
         48         202 011
         49         202 000
         50         202 100
         51         202 000
         52         202 100
         53         202 010
         54         202 010
         55         202 010
         56         202 010
         57         202 000
         58         202 100
         59         202 000
         60         202 110
         24         203 010
         25         203 000
         26         203 000
         27         203 000
         28         203 001
         29         203 000
         30         203 000
         31         203 000
         32         203 001
         33         203 001
         34         203 111
         35         203 101
         36         203 110
         37         203 100
         38         203 001
         39         203 011
         40         203 000
         41         203 010
         42         203 010
         43         203 111
         44         203 101
         45         203 111
         46         203 101
         47         203 110
         48         203 100
         49         203 000
         50         203 100
         51         203 001
         52         203 101
         53         203 010
         54         203 010
         55         203 011
         56         203 011
         57         203 000
         58         203 100
         59         203 001
         60         203 111
         24         204 000
         25         204 000
         26         204 000
         27         204 000
         28         204 000
         29         204 000
         30         204 000
         31         204 000
         32         204 000
         33         204 000
         34         204 011
         35         204 011
         36         204 011
         37         204 011
         38         204 000
         39         204 000
         40         204 000
         41         204 010
         42         204 010
         43         204 110
         44         204 100
         45         204 010
         46         204 010
         47         204 110
         48         204 100
         49         204 000
         50         204 100
         51         204 000
         52         204 100
         53         204 011
         54         204 011
         55         204 011
         56         204 011
         57         204 001
         58         204 101
         59         204 001
         60         204 101
         24         205 001
         25         205 000
         26         205 000
         27         205 000
         28         205 001
         29         205 000
         30         205 000
         31         205 000
         32         205 001
         33         205 001
         34         205 111
         35         205 101
         36         205 110
         37         205 100
         38         205 000
         39         205 000
         40         205 001
         41         205 010
         42         205 010
         43         205 111
         44         205 101
         45         205 010
         46         205 010
         47         205 111
         48         205 101
         49         205 000
         50         205 100
         51         205 001
         52         205 101
         53         205 111
         54         205 101
         55         205 110
         56         205 100
         57         205 001
         58         205 111
         59         205 000
         60         205 110
         24         206 001
         25         206 000
         26         206 000
         27         206 000
         28         206 000
         29         206 000
         30         206 000
         31         206 000
         32         206 000
         33         206 000
         34         206 011
         35         206 011
         36         206 011
         37         206 011
         38         206 001
         39         206 001
         40         206 001
         41         206 011
         42         206 011
         43         206 011
         44         206 011
         45         206 010
         46         206 010
         47         206 010
         48         206 010
         49         206 000
         50         206 100
         51         206 000
         52         206 100
         53         206 010
         54         206 010
         55         206 110
         56         206 100
         57         206 000
         58         206 100
         59         206 000
         60         206 100
         24         207 010
         25         207 000
         26         207 000
         27         207 000
         28         207 001
         29         207 000
         30         207 000
         31         207 000
         32         207 001
         33         207 001
         34         207 111
         35         207 101
         36         207 110
         37         207 100
         38         207 001
         39         207 011
         40         207 000
         41         207 111
         42         207 101
         43         207 110
         44         207 100
         45         207 010
         46         207 010
         47         207 011
         48         207 011
         49         207 000
         50         207 100
         51         207 001
         52         207 101
         53         207 010
         54         207 010
         55         207 111
         56         207 101
         57         207 000
         58         207 100
         59         207 001
         60         207 101
         24         208 000
         25         208 000
         26         208 000
         27         208 000
         28         208 000
         29         208 000
         30         208 000
         31         208 000
         32         208 000
         33         208 000
         34         208 011
         35         208 011
         36         208 011
         37         208 011
         38         208 000
         39         208 000
         40         208 000
         41         208 011
         42         208 011
         43         208 011
         44         208 011
         45         208 010
         46         208 010
         47         208 010
         48         208 010
         49         208 001
         50         208 101
         51         208 001
         52         208 101
         53         208 010
         54         208 010
         55         208 110
         56         208 100
         57         208 001
         58         208 101
         59         208 001
         60         208 101
         24         209 001
         25         209 000
         26         209 000
         27         209 000
         28         209 001
         29         209 000
         30         209 000
         31         209 000
         32         209 001
         33         209 001
         34         209 111
         35         209 101
         36         209 110
         37         209 100
         38         209 000
         39         209 000
         40         209 001
         41         209 111
         42         209 101
         43         209 110
         44         209 100
         45         209 010
         46         209 010
         47         209 011
         48         209 011
         49         209 001
         50         209 111
         51         209 000
         52         209 110
         53         209 010
         54         209 010
         55         209 111
         56         209 101
         57         209 001
         58         209 111
         59         209 000
         60         209 110
         24         210 001
         25         210 000
         26         210 000
         27         210 000
         28         210 000
         29         210 000
         30         210 000
         31         210 000
         32         210 000
         33         210 000
         34         210 011
         35         210 011
         36         210 011
         37         210 011
         38         210 001
         39         210 001
         40         210 001
         41         210 010
         42         210 010
         43         210 110
         44         210 100
         45         210 010
         46         210 010
         47         210 110
         48         210 100
         49         210 000
         50         210 100
         51         210 000
         52         210 100
         53         210 010
         54         210 010
         55         210 010
         56         210 010
         57         210 001
         58         210 101
         59         210 001
         60         210 101
         24         211 010
         25         211 000
         26         211 000
         27         211 000
         28         211 001
         29         211 000
         30         211 000
         31         211 000
         32         211 001
         33         211 001
         34         211 111
         35         211 101
         36         211 110
         37         211 100
         38         211 001
         39         211 011
         40         211 000
         41         211 010
         42         211 010
         43         211 111
         44         211 101
         45         211 010
         46         211 010
         47         211 111
         48         211 101
         49         211 000
         50         211 100
         51         211 001
         52         211 101
         53         211 010
         54         211 010
         55         211 011
         56         211 011
         57         211 001
         58         211 111
         59         211 000
         60         211 110
         24         212 001
         25         212 000
         26         212 000
         27         212 000
         28         212 000
         29         212 000
         30         212 000
         31         212 000
         32         212 000
         33         212 000
         34         212 011
         35         212 011
         36         212 011
         37         212 011
         38         212 001
         39         212 001
         40         212 001
         41         212 010
         42         212 010
         43         212 110
         44         212 100
         45         212 010
         46         212 010
         47         212 110
         48         212 100
         49         212 000
         50         212 100
         51         212 000
         52         212 100
         53         212 010
         54         212 010
         55         212 110
         56         212 100
         57         212 000
         58         212 100
         59         212 000
         60         212 110
         24         213 010
         25         213 000
         26         213 000
         27         213 000
         28         213 001
         29         213 000
         30         213 000
         31         213 000
         32         213 001
         33         213 001
         34         213 111
         35         213 101
         36         213 110
         37         213 100
         38         213 001
         39         213 011
         40         213 000
         41         213 010
         42         213 010
         43         213 111
         44         213 101
         45         213 010
         46         213 010
         47         213 111
         48         213 101
         49         213 000
         50         213 100
         51         213 001
         52         213 101
         53         213 010
         54         213 010
         55         213 111
         56         213 101
         57         213 000
         58         213 100
         59         213 001
         60         213 111
         24         214 010
         25         214 000
         26         214 000
         27         214 000
         28         214 000
         29         214 000
         30         214 000
         31         214 000
         32         214 000
         33         214 000
         34         214 011
         35         214 011
         36         214 011
         37         214 011
         38         214 000
         39         214 000
         40         214 000
         41         214 011
         42         214 011
         43         214 011
         44         214 011
         45         214 010
         46         214 010
         47         214 010
         48         214 010
         49         214 000
         50         214 100
         51         214 000
         52         214 100
         53         214 010
         54         214 010
         55         214 110
         56         214 100
         57         214 001
         58         214 101
         59         214 001
         60         214 101
         24         215 011
         25         215 000
         26         215 000
         27         215 000
         28         215 001
         29         215 000
         30         215 000
         31         215 000
         32         215 001
         33         215 001
         34         215 111
         35         215 101
         36         215 110
         37         215 100
         38         215 000
         39         215 000
         40         215 001
         41         215 111
         42         215 101
         43         215 110
         44         215 100
         45         215 010
         46         215 010
         47         215 011
         48         215 011
         49         215 000
         50         215 100
         51         215 001
         52         215 101
         53         215 010
         54         215 010
         55         215 111
         56         215 101
         57         215 001
         58         215 111
         59         215 000
         60         215 110
         24         216 001
         25         216 000
         26         216 000
         27         216 000
         28         216 000
         29         216 000
         30         216 000
         31         216 000
         32         216 000
         33         216 000
         34         216 011
         35         216 011
         36         216 011
         37         216 011
         38         216 001
         39         216 001
         40         216 001
         41         216 010
         42         216 010
         43         216 010
         44         216 010
         45         216 010
         46         216 010
         47         216 010
         48         216 010
         49         216 001
         50         216 101
         51         216 001
         52         216 101
         53         216 010
         54         216 010
         55         216 110
         56         216 100
         57         216 001
         58         216 101
         59         216 001
         60         216 101
         24         217 010
         25         217 000
         26         217 000
         27         217 000
         28         217 001
         29         217 000
         30         217 000
         31         217 000
         32         217 001
         33         217 001
         34         217 111
         35         217 101
         36         217 110
         37         217 100
         38         217 001
         39         217 011
         40         217 000
         41         217 010
         42         217 010
         43         217 011
         44         217 011
         45         217 010
         46         217 010
         47         217 011
         48         217 011
         49         217 001
         50         217 111
         51         217 000
         52         217 110
         53         217 010
         54         217 010
         55         217 111
         56         217 101
         57         217 001
         58         217 111
         59         217 000
         60         217 110
         24         218 010
         25         218 000
         26         218 000
         27         218 000
         28         218 000
         29         218 000
         30         218 000
         31         218 000
         32         218 000
         33         218 000
         34         218 011
         35         218 011
         36         218 011
         37         218 011
         38         218 000
         39         218 000
         40         218 000
         41         218 011
         42         218 011
         43         218 011
         44         218 011
         45         218 011
         46         218 011
         47         218 011
         48         218 011
         49         218 001
         50         218 101
         51         218 001
         52         218 101
         53         218 011
         54         218 011
         55         218 011
         56         218 011
         57         218 001
         58         218 101
         59         218 001
         60         218 101
         24         219 011
         25         219 000
         26         219 000
         27         219 000
         28         219 001
         29         219 000
         30         219 000
         31         219 000
         32         219 001
         33         219 001
         34         219 111
         35         219 101
         36         219 110
         37         219 100
         38         219 000
         39         219 000
         40         219 001
         41         219 111
         42         219 101
         43         219 110
         44         219 100
         45         219 111
         46         219 101
         47         219 110
         48         219 100
         49         219 001
         50         219 111
         51         219 000
         52         219 110
         53         219 111
         54         219 101
         55         219 110
         56         219 100
         57         219 001
         58         219 111
         59         219 000
         60         219 110
         24         220 000
         25         220 000
         26         220 000
         27         220 000
         28         220 000
         29         220 000
         30         220 000
         31         220 000
         32         220 000
         33         220 000
         34         220 011
         35         220 011
         36         220 011
         37         220 011
         38         220 000
         39         220 000
         40         220 000
         41         220 011
         42         220 011
         43         220 011
         44         220 011
         45         220 010
         46         220 010
         47         220 110
         48         220 100
         49         220 000
         50         220 100
         51         220 000
         52         220 100
         53         220 010
         54         220 010
         55         220 110
         56         220 100
         57         220 000
         58         220 100
         59         220 000
         60         220 110
         24         221 001
         25         221 000
         26         221 000
         27         221 000
         28         221 001
         29         221 000
         30         221 000
         31         221 000
         32         221 001
         33         221 001
         34         221 111
         35         221 101
         36         221 110
         37         221 100
         38         221 000
         39         221 000
         40         221 001
         41         221 111
         42         221 101
         43         221 110
         44         221 100
         45         221 010
         46         221 010
         47         221 111
         48         221 101
         49         221 000
         50         221 100
         51         221 001
         52         221 101
         53         221 010
         54         221 010
         55         221 111
         56         221 101
         57         221 000
         58         221 100
         59         221 001
         60         221 111
         24         222 001
         25         222 000
         26         222 000
         27         222 000
         28         222 000
         29         222 000
         30         222 000
         31         222 000
         32         222 000
         33         222 000
         34         222 011
         35         222 011
         36         222 011
         37         222 011
         38         222 001
         39         222 001
         40         222 001
         41         222 010
         42         222 010
         43         222 010
         44         222 010
         45         222 011
         46         222 011
         47         222 011
         48         222 011
         49         222 000
         50         222 100
         51         222 000
         52         222 100
         53         222 011
         54         222 011
         55         222 011
         56         222 011
         57         222 000
         58         222 100
         59         222 000
         60         222 100
         24         223 010
         25         223 000
         26         223 000
         27         223 000
         28         223 001
         29         223 000
         30         223 000
         31         223 000
         32         223 001
         33         223 001
         34         223 111
         35         223 101
         36         223 110
         37         223 100
         38         223 001
         39         223 011
         40         223 000
         41         223 010
         42         223 010
         43         223 011
         44         223 011
         45         223 111
         46         223 101
         47         223 110
         48         223 100
         49         223 000
         50         223 100
         51         223 001
         52         223 101
         53         223 111
         54         223 101
         55         223 110
         56         223 100
         57         223 000
         58         223 100
         59         223 001
         60         223 101
         24         224 010
         25         224 000
         26         224 001
         27         224 000
         28         224 000
         29         224 000
         30         224 000
         31         224 000
         32         224 000
         33         224 000
         34         224 011
         35         224 011
         36         224 011
         37         224 011
         38         224 010
         39         224 010
         40         224 010
         41         224 010
         42         224 010
         43         224 010
         44         224 010
         45         224 010
         46         224 010
         47         224 010
         48         224 010
         49         224 001
         50         224 001
         51         224 001
         52         224 001
         53         224 011
         54         224 011
         55         224 011
         56         224 011
         57         224 001
         58         224 101
         59         224 001
         60         224 101
         24         225 011
         25         225 000
         26         225 001
         27         225 000
         28         225 001
         29         225 000
         30         225 000
         31         225 000
         32         225 001
         33         225 001
         34         225 111
         35         225 101
         36         225 110
         37         225 100
         38         225 010
         39         225 010
         40         225 011
         41         225 010
         42         225 010
         43         225 011
         44         225 011
         45         225 010
         46         225 010
         47         225 011
         48         225 011
         49         225 001
         50         225 011
         51         225 000
         52         225 010
         53         225 111
         54         225 101
         55         225 110
         56         225 100
         57         225 001
         58         225 111
         59         225 000
         60         225 110
         24         226 011
         25         226 000
         26         226 000
         27         226 000
         28         226 000
         29         226 000
         30         226 000
         31         226 000
         32         226 000
         33         226 000
         34         226 011
         35         226 011
         36         226 011
         37         226 011
         38         226 011
         39         226 011
         40         226 011
         41         226 011
         42         226 011
         43         226 011
         44         226 011
         45         226 011
         46         226 011
         47         226 011
         48         226 011
         49         226 000
         50         226 000
         51         226 000
         52         226 000
         53         226 010
         54         226 010
         55         226 010
         56         226 010
         57         226 001
         58         226 101
         59         226 001
         60         226 101
         24         227 100
         25         227 000
         26         227 000
         27         227 000
         28         227 001
         29         227 000
         30         227 000
         31         227 000
         32         227 001
         33         227 001
         34         227 111
         35         227 101
         36         227 110
         37         227 100
         38         227 111
         39         227 101
         40         227 110
         41         227 111
         42         227 101
         43         227 110
         44         227 100
         45         227 111
         46         227 101
         47         227 110
         48         227 100
         49         227 000
         50         227 000
         51         227 001
         52         227 001
         53         227 010
         54         227 010
         55         227 011
         56         227 011
         57         227 001
         58         227 111
         59         227 000
         60         227 110
         24         228 010
         25         228 000
         26         228 000
         27         228 000
         28         228 000
         29         228 000
         30         228 000
         31         228 000
         32         228 000
         33         228 000
         34         228 011
         35         228 011
         36         228 011
         37         228 011
         38         228 010
         39         228 010
         40         228 010
         41         228 011
         42         228 011
         43         228 011
         44         228 011
         45         228 011
         46         228 011
         47         228 011
         48         228 011
         49         228 000
         50         228 000
         51         228 000
         52         228 000
         53         228 011
         54         228 011
         55         228 011
         56         228 011
         57         228 001
         58         228 101
         59         228 001
         60         228 101
         24         229 011
         25         229 000
         26         229 000
         27         229 000
         28         229 001
         29         229 000
         30         229 000
         31         229 000
         32         229 001
         33         229 001
         34         229 111
         35         229 101
         36         229 110
         37         229 100
         38         229 010
         39         229 010
         40         229 011
         41         229 111
         42         229 101
         43         229 110
         44         229 100
         45         229 111
         46         229 101
         47         229 110
         48         229 100
         49         229 000
         50         229 000
         51         229 001
         52         229 001
         53         229 111
         54         229 101
         55         229 110
         56         229 100
         57         229 001
         58         229 111
         59         229 000
         60         229 110
         24         230 011
         25         230 000
         26         230 000
         27         230 000
         28         230 000
         29         230 000
         30         230 000
         31         230 000
         32         230 000
         33         230 000
         34         230 011
         35         230 011
         36         230 011
         37         230 011
         38         230 011
         39         230 011
         40         230 011
         41         230 010
         42         230 010
         43         230 010
         44         230 010
         45         230 010
         46         230 010
         47         230 010
         48         230 010
         49         230 000
         50         230 000
         51         230 000
         52         230 000
         53         230 011
         54         230 011
         55         230 011
         56         230 011
         57         230 000
         58         230 100
         59         230 000
         60         230 100
         24         231 100
         25         231 000
         26         231 000
         27         231 000
         28         231 001
         29         231 000
         30         231 000
         31         231 000
         32         231 001
         33         231 001
         34         231 111
         35         231 101
         36         231 110
         37         231 100
         38         231 111
         39         231 101
         40         231 110
         41         231 010
         42         231 010
         43         231 011
         44         231 011
         45         231 010
         46         231 010
         47         231 011
         48         231 011
         49         231 000
         50         231 000
         51         231 001
         52         231 001
         53         231 111
         54         231 101
         55         231 110
         56         231 100
         57         231 000
         58         231 100
         59         231 001
         60         231 101
         24         232 010
         25         232 000
         26         232 000
         27         232 000
         28         232 000
         29         232 000
         30         232 000
         31         232 000
         32         232 000
         33         232 000
         34         232 011
         35         232 011
         36         232 011
         37         232 011
         38         232 010
         39         232 010
         40         232 010
         41         232 011
         42         232 011
         43         232 011
         44         232 011
         45         232 011
         46         232 011
         47         232 011
         48         232 011
         49         232 001
         50         232 001
         51         232 001
         52         232 001
         53         232 011
         54         232 011
         55         232 011
         56         232 011
         57         232 001
         58         232 101
         59         232 001
         60         232 101
         24         233 011
         25         233 000
         26         233 000
         27         233 000
         28         233 001
         29         233 000
         30         233 000
         31         233 000
         32         233 001
         33         233 001
         34         233 111
         35         233 101
         36         233 110
         37         233 100
         38         233 010
         39         233 010
         40         233 011
         41         233 111
         42         233 101
         43         233 110
         44         233 100
         45         233 111
         46         233 101
         47         233 110
         48         233 100
         49         233 001
         50         233 011
         51         233 000
         52         233 010
         53         233 111
         54         233 101
         55         233 110
         56         233 100
         57         233 001
         58         233 111
         59         233 000
         60         233 110
         24         234 011
         25         234 000
         26         234 000
         27         234 000
         28         234 000
         29         234 000
         30         234 000
         31         234 000
         32         234 000
         33         234 000
         34         234 011
         35         234 011
         36         234 011
         37         234 011
         38         234 011
         39         234 011
         40         234 011
         41         234 010
         42         234 010
         43         234 110
         44         234 100
         45         234 011
         46         234 011
         47         234 011
         48         234 011
         49         234 000
         50         234 000
         51         234 000
         52         234 000
         53         234 010
         54         234 010
         55         234 010
         56         234 010
         57         234 000
         58         234 100
         59         234 000
         60         234 110
         24         235 100
         25         235 000
         26         235 000
         27         235 000
         28         235 001
         29         235 000
         30         235 000
         31         235 000
         32         235 001
         33         235 001
         34         235 111
         35         235 101
         36         235 110
         37         235 100
         38         235 111
         39         235 101
         40         235 110
         41         235 010
         42         235 010
         43         235 111
         44         235 101
         45         235 111
         46         235 101
         47         235 110
         48         235 100
         49         235 000
         50         235 000
         51         235 001
         52         235 001
         53         235 010
         54         235 010
         55         235 011
         56         235 011
         57         235 000
         58         235 100
         59         235 001
         60         235 111
         24         236 010
         25         236 000
         26         236 000
         27         236 000
         28         236 000
         29         236 000
         30         236 000
         31         236 000
         32         236 000
         33         236 000
         34         236 011
         35         236 011
         36         236 011
         37         236 011
         38         236 010
         39         236 010
         40         236 010
         41         236 010
         42         236 010
         43         236 110
         44         236 100
         45         236 010
         46         236 010
         47         236 110
         48         236 100
         49         236 000
         50         236 000
         51         236 000
         52         236 000
         53         236 011
         54         236 011
         55         236 011
         56         236 011
         57         236 001
         58         236 101
         59         236 001
         60         236 101
         24         237 011
         25         237 000
         26         237 000
         27         237 000
         28         237 001
         29         237 000
         30         237 000
         31         237 000
         32         237 001
         33         237 001
         34         237 111
         35         237 101
         36         237 110
         37         237 100
         38         237 010
         39         237 010
         40         237 011
         41         237 010
         42         237 010
         43         237 111
         44         237 101
         45         237 010
         46         237 010
         47         237 111
         48         237 101
         49         237 000
         50         237 000
         51         237 001
         52         237 001
         53         237 111
         54         237 101
         55         237 110
         56         237 100
         57         237 001
         58         237 111
         59         237 000
         60         237 110
         24         238 011
         25         238 000
         26         238 000
         27         238 000
         28         238 000
         29         238 000
         30         238 000
         31         238 000
         32         238 000
         33         238 000
         34         238 011
         35         238 011
         36         238 011
         37         238 011
         38         238 011
         39         238 011
         40         238 011
         41         238 011
         42         238 011
         43         238 011
         44         238 011
         45         238 010
         46         238 010
         47         238 010
         48         238 010
         49         238 000
         50         238 000
         51         238 000
         52         238 000
         53         238 010
         54         238 010
         55         238 110
         56         238 100
         57         238 000
         58         238 100
         59         238 000
         60         238 100
         24         239 100
         25         239 000
         26         239 000
         27         239 000
         28         239 001
         29         239 000
         30         239 000
         31         239 000
         32         239 001
         33         239 001
         34         239 111
         35         239 101
         36         239 110
         37         239 100
         38         239 111
         39         239 101
         40         239 110
         41         239 111
         42         239 101
         43         239 110
         44         239 100
         45         239 010
         46         239 010
         47         239 011
         48         239 011
         49         239 000
         50         239 000
         51         239 001
         52         239 001
         53         239 010
         54         239 010
         55         239 111
         56         239 101
         57         239 000
         58         239 100
         59         239 001
         60         239 101
         24         240 010
         25         240 000
         26         240 000
         27         240 000
         28         240 000
         29         240 000
         30         240 000
         31         240 000
         32         240 000
         33         240 000
         34         240 011
         35         240 011
         36         240 011
         37         240 011
         38         240 010
         39         240 010
         40         240 010
         41         240 011
         42         240 011
         43         240 011
         44         240 011
         45         240 010
         46         240 010
         47         240 010
         48         240 010
         49         240 001
         50         240 001
         51         240 001
         52         240 001
         53         240 010
         54         240 010
         55         240 110
         56         240 100
         57         240 001
         58         240 101
         59         240 001
         60         240 101
         24         241 011
         25         241 000
         26         241 000
         27         241 000
         28         241 001
         29         241 000
         30         241 000
         31         241 000
         32         241 001
         33         241 001
         34         241 111
         35         241 101
         36         241 110
         37         241 100
         38         241 010
         39         241 010
         40         241 011
         41         241 111
         42         241 101
         43         241 110
         44         241 100
         45         241 010
         46         241 010
         47         241 011
         48         241 011
         49         241 001
         50         241 011
         51         241 000
         52         241 010
         53         241 010
         54         241 010
         55         241 111
         56         241 101
         57         241 001
         58         241 111
         59         241 000
         60         241 110
         24         242 011
         25         242 000
         26         242 000
         27         242 000
         28         242 000
         29         242 000
         30         242 000
         31         242 000
         32         242 000
         33         242 000
         34         242 011
         35         242 011
         36         242 011
         37         242 011
         38         242 011
         39         242 011
         40         242 011
         41         242 010
         42         242 010
         43         242 110
         44         242 100
         45         242 010
         46         242 010
         47         242 110
         48         242 100
         49         242 000
         50         242 000
         51         242 000
         52         242 000
         53         242 010
         54         242 010
         55         242 010
         56         242 010
         57         242 001
         58         242 101
         59         242 001
         60         242 101
         24         243 100
         25         243 000
         26         243 000
         27         243 000
         28         243 001
         29         243 000
         30         243 000
         31         243 000
         32         243 001
         33         243 001
         34         243 111
         35         243 101
         36         243 110
         37         243 100
         38         243 111
         39         243 101
         40         243 110
         41         243 010
         42         243 010
         43         243 111
         44         243 101
         45         243 010
         46         243 010
         47         243 111
         48         243 101
         49         243 000
         50         243 000
         51         243 001
         52         243 001
         53         243 010
         54         243 010
         55         243 011
         56         243 011
         57         243 001
         58         243 111
         59         243 000
         60         243 110
         24         244 011
         25         244 000
         26         244 000
         27         244 000
         28         244 000
         29         244 000
         30         244 000
         31         244 000
         32         244 000
         33         244 000
         34         244 011
         35         244 011
         36         244 011
         37         244 011
         38         244 011
         39         244 011
         40         244 011
         41         244 010
         42         244 010
         43         244 110
         44         244 100
         45         244 010
         46         244 010
         47         244 110
         48         244 100
         49         244 000
         50         244 000
         51         244 000
         52         244 000
         53         244 010
         54         244 010
         55         244 110
         56         244 100
         57         244 000
         58         244 100
         59         244 000
         60         244 110
         24         245 100
         25         245 000
         26         245 000
         27         245 000
         28         245 001
         29         245 000
         30         245 000
         31         245 000
         32         245 001
         33         245 001
         34         245 111
         35         245 101
         36         245 110
         37         245 100
         38         245 111
         39         245 101
         40         245 110
         41         245 010
         42         245 010
         43         245 111
         44         245 101
         45         245 010
         46         245 010
         47         245 111
         48         245 101
         49         245 000
         50         245 000
         51         245 001
         52         245 001
         53         245 010
         54         245 010
         55         245 111
         56         245 101
         57         245 000
         58         245 100
         59         245 001
         60         245 111
         24         246 100
         25         246 000
         26         246 000
         27         246 000
         28         246 000
         29         246 000
         30         246 000
         31         246 000
         32         246 000
         33         246 000
         34         246 011
         35         246 011
         36         246 011
         37         246 011
         38         246 010
         39         246 010
         40         246 110
         41         246 011
         42         246 011
         43         246 011
         44         246 011
         45         246 010
         46         246 010
         47         246 010
         48         246 010
         49         246 000
         50         246 000
         51         246 000
         52         246 000
         53         246 010
         54         246 010
         55         246 110
         56         246 100
         57         246 001
         58         246 101
         59         246 001
         60         246 101
         24         247 101
         25         247 000
         26         247 000
         27         247 000
         28         247 001
         29         247 000
         30         247 000
         31         247 000
         32         247 001
         33         247 001
         34         247 111
         35         247 101
         36         247 110
         37         247 100
         38         247 010
         39         247 010
         40         247 111
         41         247 111
         42         247 101
         43         247 110
         44         247 100
         45         247 010
         46         247 010
         47         247 011
         48         247 011
         49         247 000
         50         247 000
         51         247 001
         52         247 001
         53         247 010
         54         247 010
         55         247 111
         56         247 101
         57         247 001
         58         247 111
         59         247 000
         60         247 110
         24         248 011
         25         248 000
         26         248 000
         27         248 000
         28         248 000
         29         248 000
         30         248 000
         31         248 000
         32         248 000
         33         248 000
         34         248 011
         35         248 011
         36         248 011
         37         248 011
         38         248 011
         39         248 011
         40         248 011
         41         248 010
         42         248 010
         43         248 010
         44         248 010
         45         248 010
         46         248 010
         47         248 010
         48         248 010
         49         248 001
         50         248 001
         51         248 001
         52         248 001
         53         248 010
         54         248 010
         55         248 110
         56         248 100
         57         248 001
         58         248 101
         59         248 001
         60         248 101
         24         249 100
         25         249 000
         26         249 000
         27         249 000
         28         249 001
         29         249 000
         30         249 000
         31         249 000
         32         249 001
         33         249 001
         34         249 111
         35         249 101
         36         249 110
         37         249 100
         38         249 111
         39         249 101
         40         249 110
         41         249 010
         42         249 010
         43         249 011
         44         249 011
         45         249 010
         46         249 010
         47         249 011
         48         249 011
         49         249 001
         50         249 011
         51         249 000
         52         249 010
         53         249 010
         54         249 010
         55         249 111
         56         249 101
         57         249 001
         58         249 111
         59         249 000
         60         249 110
         24         250 100
         25         250 000
         26         250 000
         27         250 000
         28         250 000
         29         250 000
         30         250 000
         31         250 000
         32         250 000
         33         250 000
         34         250 011
         35         250 011
         36         250 011
         37         250 011
         38         250 010
         39         250 010
         40         250 110
         41         250 011
         42         250 011
         43         250 011
         44         250 011
         45         250 011
         46         250 011
         47         250 011
         48         250 011
         49         250 001
         50         250 001
         51         250 001
         52         250 001
         53         250 011
         54         250 011
         55         250 011
         56         250 011
         57         250 001
         58         250 101
         59         250 001
         60         250 101
         24         251 101
         25         251 000
         26         251 000
         27         251 000
         28         251 001
         29         251 000
         30         251 000
         31         251 000
         32         251 001
         33         251 001
         34         251 111
         35         251 101
         36         251 110
         37         251 100
         38         251 010
         39         251 010
         40         251 111
         41         251 111
         42         251 101
         43         251 110
         44         251 100
         45         251 111
         46         251 101
         47         251 110
         48         251 100
         49         251 001
         50         251 011
         51         251 000
         52         251 010
         53         251 111
         54         251 101
         55         251 110
         56         251 100
         57         251 001
         58         251 111
         59         251 000
         60         251 110
         24         252 010
         25         252 000
         26         252 000
         27         252 000
         28         252 000
         29         252 000
         30         252 000
         31         252 000
         32         252 000
         33         252 000
         34         252 011
         35         252 011
         36         252 011
         37         252 011
         38         252 010
         39         252 010
         40         252 010
         41         252 011
         42         252 011
         43         252 011
         44         252 011
         45         252 010
         46         252 010
         47         252 110
         48         252 100
         49         252 000
         50         252 000
         51         252 000
         52         252 000
         53         252 010
         54         252 010
         55         252 110
         56         252 100
         57         252 000
         58         252 100
         59         252 000
         60         252 110
         24         253 011
         25         253 000
         26         253 000
         27         253 000
         28         253 001
         29         253 000
         30         253 000
         31         253 000
         32         253 001
         33         253 001
         34         253 111
         35         253 101
         36         253 110
         37         253 100
         38         253 010
         39         253 010
         40         253 011
         41         253 111
         42         253 101
         43         253 110
         44         253 100
         45         253 010
         46         253 010
         47         253 111
         48         253 101
         49         253 000
         50         253 000
         51         253 001
         52         253 001
         53         253 010
         54         253 010
         55         253 111
         56         253 101
         57         253 000
         58         253 100
         59         253 001
         60         253 111
         24         254 011
         25         254 000
         26         254 000
         27         254 000
         28         254 000
         29         254 000
         30         254 000
         31         254 000
         32         254 000
         33         254 000
         34         254 011
         35         254 011
         36         254 011
         37         254 011
         38         254 011
         39         254 011
         40         254 011
         41         254 010
         42         254 010
         43         254 010
         44         254 010
         45         254 011
         46         254 011
         47         254 011
         48         254 011
         49         254 000
         50         254 000
         51         254 000
         52         254 000
         53         254 011
         54         254 011
         55         254 011
         56         254 011
         57         254 000
         58         254 100
         59         254 000
         60         254 100
         24         255 100
         25         255 000
         26         255 000
         27         255 000
         28         255 001
         29         255 000
         30         255 000
         31         255 000
         32         255 001
         33         255 001
         34         255 111
         35         255 101
         36         255 110
         37         255 100
         38         255 111
         39         255 101
         40         255 110
         41         255 010
         42         255 010
         43         255 011
         44         255 011
         45         255 111
         46         255 101
         47         255 110
         48         255 100
         49         255 000
         50         255 000
         51         255 001
         52         255 001
         53         255 111
         54         255 101
         55         255 110
         56         255 100
         57         255 000
         58         255 100
         59         255 001
         60         255 101
         24         256 000
         25         256 000
         26         256 001
         27         256 000
         28         256 000
         29         256 000
         30         256 000
         31         256 000
         32         256 000
         33         256 000
         34         256 011
         35         256 011
         36         256 011
         37         256 011
         38         256 000
         39         256 000
         40         256 000
         41         256 010
         42         256 010
         43         256 010
         44         256 010
         45         256 000
         46         256 000
         47         256 000
         48         256 000
         49         256 011
         50         256 011
         51         256 011
         52         256 011
         53         256 011
         54         256 011
         55         256 011
         56         256 011
         57         256 011
         58         256 011
         59         256 011
         60         256 011
         24         257 001
         25         257 000
         26         257 001
         27         257 000
         28         257 001
         29         257 000
         30         257 000
         31         257 000
         32         257 001
         33         257 001
         34         257 111
         35         257 101
         36         257 110
         37         257 100
         38         257 000
         39         257 000
         40         257 001
         41         257 010
         42         257 010
         43         257 011
         44         257 011
         45         257 000
         46         257 000
         47         257 001
         48         257 001
         49         257 111
         50         257 101
         51         257 110
         52         257 100
         53         257 111
         54         257 101
         55         257 110
         56         257 100
         57         257 111
         58         257 101
         59         257 110
         60         257 100
         24         258 001
         25         258 000
         26         258 000
         27         258 000
         28         258 000
         29         258 000
         30         258 000
         31         258 000
         32         258 000
         33         258 000
         34         258 011
         35         258 011
         36         258 011
         37         258 011
         38         258 001
         39         258 001
         40         258 001
         41         258 011
         42         258 011
         43         258 011
         44         258 011
         45         258 001
         46         258 001
         47         258 001
         48         258 001
         49         258 010
         50         258 010
         51         258 010
         52         258 010
         53         258 010
         54         258 010
         55         258 010
         56         258 010
         57         258 011
         58         258 011
         59         258 011
         60         258 011
         24         259 010
         25         259 000
         26         259 000
         27         259 000
         28         259 001
         29         259 000
         30         259 000
         31         259 000
         32         259 001
         33         259 001
         34         259 111
         35         259 101
         36         259 110
         37         259 100
         38         259 001
         39         259 011
         40         259 000
         41         259 111
         42         259 101
         43         259 110
         44         259 100
         45         259 001
         46         259 011
         47         259 000
         48         259 010
         49         259 010
         50         259 010
         51         259 011
         52         259 011
         53         259 010
         54         259 010
         55         259 011
         56         259 011
         57         259 111
         58         259 101
         59         259 110
         60         259 100
         24         260 000
         25         260 000
         26         260 000
         27         260 000
         28         260 000
         29         260 000
         30         260 000
         31         260 000
         32         260 000
         33         260 000
         34         260 011
         35         260 011
         36         260 011
         37         260 011
         38         260 000
         39         260 000
         40         260 000
         41         260 011
         42         260 011
         43         260 011
         44         260 011
         45         260 001
         46         260 001
         47         260 001
         48         260 001
         49         260 010
         50         260 010
         51         260 010
         52         260 010
         53         260 011
         54         260 011
         55         260 011
         56         260 011
         57         260 011
         58         260 011
         59         260 011
         60         260 011
         24         261 001
         25         261 000
         26         261 000
         27         261 000
         28         261 001
         29         261 000
         30         261 000
         31         261 000
         32         261 001
         33         261 001
         34         261 111
         35         261 101
         36         261 110
         37         261 100
         38         261 000
         39         261 000
         40         261 001
         41         261 111
         42         261 101
         43         261 110
         44         261 100
         45         261 001
         46         261 011
         47         261 000
         48         261 010
         49         261 010
         50         261 010
         51         261 011
         52         261 011
         53         261 111
         54         261 101
         55         261 110
         56         261 100
         57         261 111
         58         261 101
         59         261 110
         60         261 100
         24         262 001
         25         262 000
         26         262 000
         27         262 000
         28         262 000
         29         262 000
         30         262 000
         31         262 000
         32         262 000
         33         262 000
         34         262 011
         35         262 011
         36         262 011
         37         262 011
         38         262 001
         39         262 001
         40         262 001
         41         262 010
         42         262 010
         43         262 010
         44         262 010
         45         262 000
         46         262 000
         47         262 000
         48         262 000
         49         262 010
         50         262 010
         51         262 010
         52         262 010
         53         262 011
         54         262 011
         55         262 011
         56         262 011
         57         262 010
         58         262 010
         59         262 010
         60         262 010
         24         263 010
         25         263 000
         26         263 000
         27         263 000
         28         263 001
         29         263 000
         30         263 000
         31         263 000
         32         263 001
         33         263 001
         34         263 111
         35         263 101
         36         263 110
         37         263 100
         38         263 001
         39         263 011
         40         263 000
         41         263 010
         42         263 010
         43         263 011
         44         263 011
         45         263 000
         46         263 000
         47         263 001
         48         263 001
         49         263 010
         50         263 010
         51         263 011
         52         263 011
         53         263 111
         54         263 101
         55         263 110
         56         263 100
         57         263 010
         58         263 010
         59         263 011
         60         263 011
         24         264 000
         25         264 000
         26         264 000
         27         264 000
         28         264 000
         29         264 000
         30         264 000
         31         264 000
         32         264 000
         33         264 000
         34         264 011
         35         264 011
         36         264 011
         37         264 011
         38         264 000
         39         264 000
         40         264 000
         41         264 011
         42         264 011
         43         264 011
         44         264 011
         45         264 001
         46         264 001
         47         264 001
         48         264 001
         49         264 011
         50         264 011
         51         264 011
         52         264 011
         53         264 011
         54         264 011
         55         264 011
         56         264 011
         57         264 011
         58         264 011
         59         264 011
         60         264 011
         24         265 001
         25         265 000
         26         265 000
         27         265 000
         28         265 001
         29         265 000
         30         265 000
         31         265 000
         32         265 001
         33         265 001
         34         265 111
         35         265 101
         36         265 110
         37         265 100
         38         265 000
         39         265 000
         40         265 001
         41         265 111
         42         265 101
         43         265 110
         44         265 100
         45         265 001
         46         265 011
         47         265 000
         48         265 010
         49         265 111
         50         265 101
         51         265 110
         52         265 100
         53         265 111
         54         265 101
         55         265 110
         56         265 100
         57         265 111
         58         265 101
         59         265 110
         60         265 100
         24         266 001
         25         266 000
         26         266 000
         27         266 000
         28         266 000
         29         266 000
         30         266 000
         31         266 000
         32         266 000
         33         266 000
         34         266 011
         35         266 011
         36         266 011
         37         266 011
         38         266 001
         39         266 001
         40         266 001
         41         266 010
         42         266 010
         43         266 110
         44         266 100
         45         266 001
         46         266 001
         47         266 001
         48         266 001
         49         266 010
         50         266 010
         51         266 010
         52         266 010
         53         266 010
         54         266 010
         55         266 010
         56         266 010
         57         266 010
         58         266 010
         59         266 110
         60         266 100
         24         267 010
         25         267 000
         26         267 000
         27         267 000
         28         267 001
         29         267 000
         30         267 000
         31         267 000
         32         267 001
         33         267 001
         34         267 111
         35         267 101
         36         267 110
         37         267 100
         38         267 001
         39         267 011
         40         267 000
         41         267 010
         42         267 010
         43         267 111
         44         267 101
         45         267 001
         46         267 011
         47         267 000
         48         267 010
         49         267 010
         50         267 010
         51         267 011
         52         267 011
         53         267 010
         54         267 010
         55         267 011
         56         267 011
         57         267 010
         58         267 010
         59         267 111
         60         267 101
         24         268 000
         25         268 000
         26         268 000
         27         268 000
         28         268 000
         29         268 000
         30         268 000
         31         268 000
         32         268 000
         33         268 000
         34         268 011
         35         268 011
         36         268 011
         37         268 011
         38         268 000
         39         268 000
         40         268 000
         41         268 010
         42         268 010
         43         268 110
         44         268 100
         45         268 000
         46         268 000
         47         268 000
         48         268 010
         49         268 010
         50         268 010
         51         268 010
         52         268 010
         53         268 011
         54         268 011
         55         268 011
         56         268 011
         57         268 011
         58         268 011
         59         268 011
         60         268 011
         24         269 001
         25         269 000
         26         269 000
         27         269 000
         28         269 001
         29         269 000
         30         269 000
         31         269 000
         32         269 001
         33         269 001
         34         269 111
         35         269 101
         36         269 110
         37         269 100
         38         269 000
         39         269 000
         40         269 001
         41         269 010
         42         269 010
         43         269 111
         44         269 101
         45         269 000
         46         269 000
         47         269 001
         48         269 011
         49         269 010
         50         269 010
         51         269 011
         52         269 011
         53         269 111
         54         269 101
         55         269 110
         56         269 100
         57         269 111
         58         269 101
         59         269 110
         60         269 100
         24         270 001
         25         270 000
         26         270 000
         27         270 000
         28         270 000
         29         270 000
         30         270 000
         31         270 000
         32         270 000
         33         270 000
         34         270 011
         35         270 011
         36         270 011
         37         270 011
         38         270 001
         39         270 001
         40         270 001
         41         270 011
         42         270 011
         43         270 011
         44         270 011
         45         270 000
         46         270 000
         47         270 000
         48         270 000
         49         270 010
         50         270 010
         51         270 010
         52         270 010
         53         270 010
         54         270 010
         55         270 110
         56         270 100
         57         270 010
         58         270 010
         59         270 010
         60         270 010
         24         271 010
         25         271 000
         26         271 000
         27         271 000
         28         271 001
         29         271 000
         30         271 000
         31         271 000
         32         271 001
         33         271 001
         34         271 111
         35         271 101
         36         271 110
         37         271 100
         38         271 001
         39         271 011
         40         271 000
         41         271 111
         42         271 101
         43         271 110
         44         271 100
         45         271 000
         46         271 000
         47         271 001
         48         271 001
         49         271 010
         50         271 010
         51         271 011
         52         271 011
         53         271 010
         54         271 010
         55         271 111
         56         271 101
         57         271 010
         58         271 010
         59         271 011
         60         271 011
         24         272 000
         25         272 000
         26         272 000
         27         272 000
         28         272 000
         29         272 000
         30         272 000
         31         272 000
         32         272 000
         33         272 000
         34         272 011
         35         272 011
         36         272 011
         37         272 011
         38         272 000
         39         272 000
         40         272 000
         41         272 011
         42         272 011
         43         272 011
         44         272 011
         45         272 000
         46         272 000
         47         272 000
         48         272 000
         49         272 011
         50         272 011
         51         272 011
         52         272 011
         53         272 010
         54         272 010
         55         272 110
         56         272 100
         57         272 011
         58         272 011
         59         272 011
         60         272 011
         24         273 001
         25         273 000
         26         273 000
         27         273 000
         28         273 001
         29         273 000
         30         273 000
         31         273 000
         32         273 001
         33         273 001
         34         273 111
         35         273 101
         36         273 110
         37         273 100
         38         273 000
         39         273 000
         40         273 001
         41         273 111
         42         273 101
         43         273 110
         44         273 100
         45         273 000
         46         273 000
         47         273 001
         48         273 001
         49         273 111
         50         273 101
         51         273 110
         52         273 100
         53         273 010
         54         273 010
         55         273 111
         56         273 101
         57         273 111
         58         273 101
         59         273 110
         60         273 100
         24         274 001
         25         274 000
         26         274 000
         27         274 000
         28         274 000
         29         274 000
         30         274 000
         31         274 000
         32         274 000
         33         274 000
         34         274 011
         35         274 011
         36         274 011
         37         274 011
         38         274 001
         39         274 001
         40         274 001
         41         274 010
         42         274 010
         43         274 110
         44         274 100
         45         274 000
         46         274 000
         47         274 000
         48         274 010
         49         274 010
         50         274 010
         51         274 010
         52         274 010
         53         274 010
         54         274 010
         55         274 010
         56         274 010
         57         274 011
         58         274 011
         59         274 011
         60         274 011
         24         275 010
         25         275 000
         26         275 000
         27         275 000
         28         275 001
         29         275 000
         30         275 000
         31         275 000
         32         275 001
         33         275 001
         34         275 111
         35         275 101
         36         275 110
         37         275 100
         38         275 001
         39         275 011
         40         275 000
         41         275 010
         42         275 010
         43         275 111
         44         275 101
         45         275 000
         46         275 000
         47         275 001
         48         275 011
         49         275 010
         50         275 010
         51         275 011
         52         275 011
         53         275 010
         54         275 010
         55         275 011
         56         275 011
         57         275 111
         58         275 101
         59         275 110
         60         275 100
         24         276 001
         25         276 000
         26         276 000
         27         276 000
         28         276 000
         29         276 000
         30         276 000
         31         276 000
         32         276 000
         33         276 000
         34         276 011
         35         276 011
         36         276 011
         37         276 011
         38         276 001
         39         276 001
         40         276 001
         41         276 010
         42         276 010
         43         276 110
         44         276 100
         45         276 000
         46         276 000
         47         276 000
         48         276 010
         49         276 010
         50         276 010
         51         276 010
         52         276 010
         53         276 010
         54         276 010
         55         276 110
         56         276 100
         57         276 010
         58         276 010
         59         276 110
         60         276 100
         24         277 010
         25         277 000
         26         277 000
         27         277 000
         28         277 001
         29         277 000
         30         277 000
         31         277 000
         32         277 001
         33         277 001
         34         277 111
         35         277 101
         36         277 110
         37         277 100
         38         277 001
         39         277 011
         40         277 000
         41         277 010
         42         277 010
         43         277 111
         44         277 101
         45         277 000
         46         277 000
         47         277 001
         48         277 011
         49         277 010
         50         277 010
         51         277 011
         52         277 011
         53         277 010
         54         277 010
         55         277 111
         56         277 101
         57         277 010
         58         277 010
         59         277 111
         60         277 101
         24         278 010
         25         278 000
         26         278 000
         27         278 000
         28         278 000
         29         278 000
         30         278 000
         31         278 000
         32         278 000
         33         278 000
         34         278 011
         35         278 011
         36         278 011
         37         278 011
         38         278 000
         39         278 000
         40         278 000
         41         278 011
         42         278 011
         43         278 011
         44         278 011
         45         278 000
         46         278 000
         47         278 000
         48         278 000
         49         278 010
         50         278 010
         51         278 010
         52         278 010
         53         278 010
         54         278 010
         55         278 110
         56         278 100
         57         278 011
         58         278 011
         59         278 011
         60         278 011
         24         279 011
         25         279 000
         26         279 000
         27         279 000
         28         279 001
         29         279 000
         30         279 000
         31         279 000
         32         279 001
         33         279 001
         34         279 111
         35         279 101
         36         279 110
         37         279 100
         38         279 000
         39         279 000
         40         279 001
         41         279 111
         42         279 101
         43         279 110
         44         279 100
         45         279 000
         46         279 000
         47         279 001
         48         279 001
         49         279 010
         50         279 010
         51         279 011
         52         279 011
         53         279 010
         54         279 010
         55         279 111
         56         279 101
         57         279 111
         58         279 101
         59         279 110
         60         279 100
         24         280 001
         25         280 000
         26         280 000
         27         280 000
         28         280 000
         29         280 000
         30         280 000
         31         280 000
         32         280 000
         33         280 000
         34         280 011
         35         280 011
         36         280 011
         37         280 011
         38         280 001
         39         280 001
         40         280 001
         41         280 010
         42         280 010
         43         280 010
         44         280 010
         45         280 000
         46         280 000
         47         280 000
         48         280 000
         49         280 011
         50         280 011
         51         280 011
         52         280 011
         53         280 010
         54         280 010
         55         280 110
         56         280 100
         57         280 011
         58         280 011
         59         280 011
         60         280 011
         24         281 010
         25         281 000
         26         281 000
         27         281 000
         28         281 001
         29         281 000
         30         281 000
         31         281 000
         32         281 001
         33         281 001
         34         281 111
         35         281 101
         36         281 110
         37         281 100
         38         281 001
         39         281 011
         40         281 000
         41         281 010
         42         281 010
         43         281 011
         44         281 011
         45         281 000
         46         281 000
         47         281 001
         48         281 001
         49         281 111
         50         281 101
         51         281 110
         52         281 100
         53         281 010
         54         281 010
         55         281 111
         56         281 101
         57         281 111
         58         281 101
         59         281 110
         60         281 100
         24         282 010
         25         282 000
         26         282 000
         27         282 000
         28         282 000
         29         282 000
         30         282 000
         31         282 000
         32         282 000
         33         282 000
         34         282 011
         35         282 011
         36         282 011
         37         282 011
         38         282 000
         39         282 000
         40         282 000
         41         282 011
         42         282 011
         43         282 011
         44         282 011
         45         282 001
         46         282 001
         47         282 001
         48         282 001
         49         282 011
         50         282 011
         51         282 011
         52         282 011
         53         282 011
         54         282 011
         55         282 011
         56         282 011
         57         282 011
         58         282 011
         59         282 011
         60         282 011
         24         283 011
         25         283 000
         26         283 000
         27         283 000
         28         283 001
         29         283 000
         30         283 000
         31         283 000
         32         283 001
         33         283 001
         34         283 111
         35         283 101
         36         283 110
         37         283 100
         38         283 000
         39         283 000
         40         283 001
         41         283 111
         42         283 101
         43         283 110
         44         283 100
         45         283 001
         46         283 011
         47         283 000
         48         283 010
         49         283 111
         50         283 101
         51         283 110
         52         283 100
         53         283 111
         54         283 101
         55         283 110
         56         283 100
         57         283 111
         58         283 101
         59         283 110
         60         283 100
         24         284 000
         25         284 000
         26         284 000
         27         284 000
         28         284 000
         29         284 000
         30         284 000
         31         284 000
         32         284 000
         33         284 000
         34         284 011
         35         284 011
         36         284 011
         37         284 011
         38         284 000
         39         284 000
         40         284 000
         41         284 011
         42         284 011
         43         284 011
         44         284 011
         45         284 000
         46         284 000
         47         284 000
         48         284 010
         49         284 010
         50         284 010
         51         284 010
         52         284 010
         53         284 010
         54         284 010
         55         284 110
         56         284 100
         57         284 010
         58         284 010
         59         284 110
         60         284 100
         24         285 001
         25         285 000
         26         285 000
         27         285 000
         28         285 001
         29         285 000
         30         285 000
         31         285 000
         32         285 001
         33         285 001
         34         285 111
         35         285 101
         36         285 110
         37         285 100
         38         285 000
         39         285 000
         40         285 001
         41         285 111
         42         285 101
         43         285 110
         44         285 100
         45         285 000
         46         285 000
         47         285 001
         48         285 011
         49         285 010
         50         285 010
         51         285 011
         52         285 011
         53         285 010
         54         285 010
         55         285 111
         56         285 101
         57         285 010
         58         285 010
         59         285 111
         60         285 101
         24         286 001
         25         286 000
         26         286 000
         27         286 000
         28         286 000
         29         286 000
         30         286 000
         31         286 000
         32         286 000
         33         286 000
         34         286 011
         35         286 011
         36         286 011
         37         286 011
         38         286 001
         39         286 001
         40         286 001
         41         286 010
         42         286 010
         43         286 010
         44         286 010
         45         286 001
         46         286 001
         47         286 001
         48         286 001
         49         286 010
         50         286 010
         51         286 010
         52         286 010
         53         286 011
         54         286 011
         55         286 011
         56         286 011
         57         286 010
         58         286 010
         59         286 010
         60         286 010
         24         287 010
         25         287 000
         26         287 000
         27         287 000
         28         287 001
         29         287 000
         30         287 000
         31         287 000
         32         287 001
         33         287 001
         34         287 111
         35         287 101
         36         287 110
         37         287 100
         38         287 001
         39         287 011
         40         287 000
         41         287 010
         42         287 010
         43         287 011
         44         287 011
         45         287 001
         46         287 011
         47         287 000
         48         287 010
         49         287 010
         50         287 010
         51         287 011
         52         287 011
         53         287 111
         54         287 101
         55         287 110
         56         287 100
         57         287 010
         58         287 010
         59         287 011
         60         287 011
         24         288 010
         25         288 000
         26         288 001
         27         288 000
         28         288 000
         29         288 000
         30         288 000
         31         288 000
         32         288 000
         33         288 000
         34         288 011
         35         288 011
         36         288 011
         37         288 011
         38         288 010
         39         288 010
         40         288 010
         41         288 000
         42         288 000
         43         288 000
         44         288 000
         45         288 000
         46         288 100
         47         288 000
         48         288 100
         49         288 011
         50         288 011
         51         288 011
         52         288 011
         53         288 001
         54         288 101
         55         288 001
         56         288 101
         57         288 001
         58         288 001
         59         288 001
         60         288 001
         24         289 011
         25         289 000
         26         289 001
         27         289 000
         28         289 001
         29         289 000
         30         289 000
         31         289 000
         32         289 001
         33         289 001
         34         289 111
         35         289 101
         36         289 110
         37         289 100
         38         289 010
         39         289 010
         40         289 011
         41         289 000
         42         289 000
         43         289 001
         44         289 001
         45         289 000
         46         289 100
         47         289 001
         48         289 101
         49         289 111
         50         289 101
         51         289 110
         52         289 100
         53         289 001
         54         289 111
         55         289 000
         56         289 110
         57         289 001
         58         289 011
         59         289 000
         60         289 010
         24         290 011
         25         290 000
         26         290 000
         27         290 000
         28         290 000
         29         290 000
         30         290 000
         31         290 000
         32         290 000
         33         290 000
         34         290 011
         35         290 011
         36         290 011
         37         290 011
         38         290 011
         39         290 011
         40         290 011
         41         290 001
         42         290 001
         43         290 001
         44         290 001
         45         290 001
         46         290 101
         47         290 001
         48         290 101
         49         290 010
         50         290 010
         51         290 010
         52         290 010
         53         290 000
         54         290 100
         55         290 000
         56         290 100
         57         290 001
         58         290 001
         59         290 001
         60         290 001
         24         291 100
         25         291 000
         26         291 000
         27         291 000
         28         291 001
         29         291 000
         30         291 000
         31         291 000
         32         291 001
         33         291 001
         34         291 111
         35         291 101
         36         291 110
         37         291 100
         38         291 111
         39         291 101
         40         291 110
         41         291 001
         42         291 011
         43         291 000
         44         291 010
         45         291 001
         46         291 111
         47         291 000
         48         291 110
         49         291 010
         50         291 010
         51         291 011
         52         291 011
         53         291 000
         54         291 100
         55         291 001
         56         291 101
         57         291 001
         58         291 011
         59         291 000
         60         291 010
         24         292 010
         25         292 000
         26         292 000
         27         292 000
         28         292 000
         29         292 000
         30         292 000
         31         292 000
         32         292 000
         33         292 000
         34         292 011
         35         292 011
         36         292 011
         37         292 011
         38         292 010
         39         292 010
         40         292 010
         41         292 001
         42         292 001
         43         292 001
         44         292 001
         45         292 001
         46         292 101
         47         292 001
         48         292 101
         49         292 010
         50         292 010
         51         292 010
         52         292 010
         53         292 001
         54         292 101
         55         292 001
         56         292 101
         57         292 001
         58         292 001
         59         292 001
         60         292 001
         24         293 011
         25         293 000
         26         293 000
         27         293 000
         28         293 001
         29         293 000
         30         293 000
         31         293 000
         32         293 001
         33         293 001
         34         293 111
         35         293 101
         36         293 110
         37         293 100
         38         293 010
         39         293 010
         40         293 011
         41         293 001
         42         293 011
         43         293 000
         44         293 010
         45         293 001
         46         293 111
         47         293 000
         48         293 110
         49         293 010
         50         293 010
         51         293 011
         52         293 011
         53         293 001
         54         293 111
         55         293 000
         56         293 110
         57         293 001
         58         293 011
         59         293 000
         60         293 010
         24         294 011
         25         294 000
         26         294 000
         27         294 000
         28         294 000
         29         294 000
         30         294 000
         31         294 000
         32         294 000
         33         294 000
         34         294 011
         35         294 011
         36         294 011
         37         294 011
         38         294 011
         39         294 011
         40         294 011
         41         294 000
         42         294 000
         43         294 000
         44         294 000
         45         294 000
         46         294 100
         47         294 000
         48         294 100
         49         294 010
         50         294 010
         51         294 010
         52         294 010
         53         294 001
         54         294 101
         55         294 001
         56         294 101
         57         294 000
         58         294 000
         59         294 000
         60         294 000
         24         295 100
         25         295 000
         26         295 000
         27         295 000
         28         295 001
         29         295 000
         30         295 000
         31         295 000
         32         295 001
         33         295 001
         34         295 111
         35         295 101
         36         295 110
         37         295 100
         38         295 111
         39         295 101
         40         295 110
         41         295 000
         42         295 000
         43         295 001
         44         295 001
         45         295 000
         46         295 100
         47         295 001
         48         295 101
         49         295 010
         50         295 010
         51         295 011
         52         295 011
         53         295 001
         54         295 111
         55         295 000
         56         295 110
         57         295 000
         58         295 000
         59         295 001
         60         295 001
         24         296 010
         25         296 000
         26         296 000
         27         296 000
         28         296 000
         29         296 000
         30         296 000
         31         296 000
         32         296 000
         33         296 000
         34         296 011
         35         296 011
         36         296 011
         37         296 011
         38         296 010
         39         296 010
         40         296 010
         41         296 001
         42         296 001
         43         296 001
         44         296 001
         45         296 001
         46         296 101
         47         296 001
         48         296 101
         49         296 011
         50         296 011
         51         296 011
         52         296 011
         53         296 001
         54         296 101
         55         296 001
         56         296 101
         57         296 001
         58         296 001
         59         296 001
         60         296 001
         24         297 011
         25         297 000
         26         297 000
         27         297 000
         28         297 001
         29         297 000
         30         297 000
         31         297 000
         32         297 001
         33         297 001
         34         297 111
         35         297 101
         36         297 110
         37         297 100
         38         297 010
         39         297 010
         40         297 011
         41         297 001
         42         297 011
         43         297 000
         44         297 010
         45         297 001
         46         297 111
         47         297 000
         48         297 110
         49         297 111
         50         297 101
         51         297 110
         52         297 100
         53         297 001
         54         297 111
         55         297 000
         56         297 110
         57         297 001
         58         297 011
         59         297 000
         60         297 010
         24         298 011
         25         298 000
         26         298 000
         27         298 000
         28         298 000
         29         298 000
         30         298 000
         31         298 000
         32         298 000
         33         298 000
         34         298 011
         35         298 011
         36         298 011
         37         298 011
         38         298 011
         39         298 011
         40         298 011
         41         298 000
         42         298 000
         43         298 000
         44         298 010
         45         298 001
         46         298 101
         47         298 001
         48         298 101
         49         298 010
         50         298 010
         51         298 010
         52         298 010
         53         298 000
         54         298 100
         55         298 000
         56         298 100
         57         298 000
         58         298 000
         59         298 000
         60         298 010
         24         299 100
         25         299 000
         26         299 000
         27         299 000
         28         299 001
         29         299 000
         30         299 000
         31         299 000
         32         299 001
         33         299 001
         34         299 111
         35         299 101
         36         299 110
         37         299 100
         38         299 111
         39         299 101
         40         299 110
         41         299 000
         42         299 000
         43         299 001
         44         299 011
         45         299 001
         46         299 111
         47         299 000
         48         299 110
         49         299 010
         50         299 010
         51         299 011
         52         299 011
         53         299 000
         54         299 100
         55         299 001
         56         299 101
         57         299 000
         58         299 000
         59         299 001
         60         299 011
         24         300 010
         25         300 000
         26         300 000
         27         300 000
         28         300 000
         29         300 000
         30         300 000
         31         300 000
         32         300 000
         33         300 000
         34         300 011
         35         300 011
         36         300 011
         37         300 011
         38         300 010
         39         300 010
         40         300 010
         41         300 000
         42         300 000
         43         300 000
         44         300 010
         45         300 000
         46         300 100
         47         300 000
         48         300 110
         49         300 010
         50         300 010
         51         300 010
         52         300 010
         53         300 001
         54         300 101
         55         300 001
         56         300 101
         57         300 001
         58         300 001
         59         300 001
         60         300 001
         24         301 011
         25         301 000
         26         301 000
         27         301 000
         28         301 001
         29         301 000
         30         301 000
         31         301 000
         32         301 001
         33         301 001
         34         301 111
         35         301 101
         36         301 110
         37         301 100
         38         301 010
         39         301 010
         40         301 011
         41         301 000
         42         301 000
         43         301 001
         44         301 011
         45         301 000
         46         301 100
         47         301 001
         48         301 111
         49         301 010
         50         301 010
         51         301 011
         52         301 011
         53         301 001
         54         301 111
         55         301 000
         56         301 110
         57         301 001
         58         301 011
         59         301 000
         60         301 010
         24         302 011
         25         302 000
         26         302 000
         27         302 000
         28         302 000
         29         302 000
         30         302 000
         31         302 000
         32         302 000
         33         302 000
         34         302 011
         35         302 011
         36         302 011
         37         302 011
         38         302 011
         39         302 011
         40         302 011
         41         302 001
         42         302 001
         43         302 001
         44         302 001
         45         302 000
         46         302 100
         47         302 000
         48         302 100
         49         302 010
         50         302 010
         51         302 010
         52         302 010
         53         302 000
         54         302 100
         55         302 000
         56         302 110
         57         302 000
         58         302 000
         59         302 000
         60         302 000
         24         303 100
         25         303 000
         26         303 000
         27         303 000
         28         303 001
         29         303 000
         30         303 000
         31         303 000
         32         303 001
         33         303 001
         34         303 111
         35         303 101
         36         303 110
         37         303 100
         38         303 111
         39         303 101
         40         303 110
         41         303 001
         42         303 011
         43         303 000
         44         303 010
         45         303 000
         46         303 100
         47         303 001
         48         303 101
         49         303 010
         50         303 010
         51         303 011
         52         303 011
         53         303 000
         54         303 100
         55         303 001
         56         303 111
         57         303 000
         58         303 000
         59         303 001
         60         303 001
         24         304 010
         25         304 000
         26         304 000
         27         304 000
         28         304 000
         29         304 000
         30         304 000
         31         304 000
         32         304 000
         33         304 000
         34         304 011
         35         304 011
         36         304 011
         37         304 011
         38         304 010
         39         304 010
         40         304 010
         41         304 001
         42         304 001
         43         304 001
         44         304 001
         45         304 000
         46         304 100
         47         304 000
         48         304 100
         49         304 011
         50         304 011
         51         304 011
         52         304 011
         53         304 000
         54         304 100
         55         304 000
         56         304 110
         57         304 001
         58         304 001
         59         304 001
         60         304 001
         24         305 011
         25         305 000
         26         305 000
         27         305 000
         28         305 001
         29         305 000
         30         305 000
         31         305 000
         32         305 001
         33         305 001
         34         305 111
         35         305 101
         36         305 110
         37         305 100
         38         305 010
         39         305 010
         40         305 011
         41         305 001
         42         305 011
         43         305 000
         44         305 010
         45         305 000
         46         305 100
         47         305 001
         48         305 101
         49         305 111
         50         305 101
         51         305 110
         52         305 100
         53         305 000
         54         305 100
         55         305 001
         56         305 111
         57         305 001
         58         305 011
         59         305 000
         60         305 010
         24         306 011
         25         306 000
         26         306 000
         27         306 000
         28         306 000
         29         306 000
         30         306 000
         31         306 000
         32         306 000
         33         306 000
         34         306 011
         35         306 011
         36         306 011
         37         306 011
         38         306 011
         39         306 011
         40         306 011
         41         306 000
         42         306 000
         43         306 000
         44         306 010
         45         306 000
         46         306 100
         47         306 000
         48         306 110
         49         306 010
         50         306 010
         51         306 010
         52         306 010
         53         306 000
         54         306 100
         55         306 000
         56         306 100
         57         306 001
         58         306 001
         59         306 001
         60         306 001
         24         307 100
         25         307 000
         26         307 000
         27         307 000
         28         307 001
         29         307 000
         30         307 000
         31         307 000
         32         307 001
         33         307 001
         34         307 111
         35         307 101
         36         307 110
         37         307 100
         38         307 111
         39         307 101
         40         307 110
         41         307 000
         42         307 000
         43         307 001
         44         307 011
         45         307 000
         46         307 100
         47         307 001
         48         307 111
         49         307 010
         50         307 010
         51         307 011
         52         307 011
         53         307 000
         54         307 100
         55         307 001
         56         307 101
         57         307 001
         58         307 011
         59         307 000
         60         307 010
         24         308 011
         25         308 000
         26         308 000
         27         308 000
         28         308 000
         29         308 000
         30         308 000
         31         308 000
         32         308 000
         33         308 000
         34         308 011
         35         308 011
         36         308 011
         37         308 011
         38         308 011
         39         308 011
         40         308 011
         41         308 000
         42         308 000
         43         308 000
         44         308 010
         45         308 000
         46         308 100
         47         308 000
         48         308 110
         49         308 010
         50         308 010
         51         308 010
         52         308 010
         53         308 000
         54         308 100
         55         308 000
         56         308 110
         57         308 000
         58         308 000
         59         308 000
         60         308 010
         24         309 100
         25         309 000
         26         309 000
         27         309 000
         28         309 001
         29         309 000
         30         309 000
         31         309 000
         32         309 001
         33         309 001
         34         309 111
         35         309 101
         36         309 110
         37         309 100
         38         309 111
         39         309 101
         40         309 110
         41         309 000
         42         309 000
         43         309 001
         44         309 011
         45         309 000
         46         309 100
         47         309 001
         48         309 111
         49         309 010
         50         309 010
         51         309 011
         52         309 011
         53         309 000
         54         309 100
         55         309 001
         56         309 111
         57         309 000
         58         309 000
         59         309 001
         60         309 011
         24         310 100
         25         310 000
         26         310 000
         27         310 000
         28         310 000
         29         310 000
         30         310 000
         31         310 000
         32         310 000
         33         310 000
         34         310 011
         35         310 011
         36         310 011
         37         310 011
         38         310 010
         39         310 010
         40         310 110
         41         310 001
         42         310 001
         43         310 001
         44         310 001
         45         310 000
         46         310 100
         47         310 000
         48         310 100
         49         310 010
         50         310 010
         51         310 010
         52         310 010
         53         310 000
         54         310 100
         55         310 000
         56         310 110
         57         310 001
         58         310 001
         59         310 001
         60         310 001
         24         311 101
         25         311 000
         26         311 000
         27         311 000
         28         311 001
         29         311 000
         30         311 000
         31         311 000
         32         311 001
         33         311 001
         34         311 111
         35         311 101
         36         311 110
         37         311 100
         38         311 010
         39         311 010
         40         311 111
         41         311 001
         42         311 011
         43         311 000
         44         311 010
         45         311 000
         46         311 100
         47         311 001
         48         311 101
         49         311 010
         50         311 010
         51         311 011
         52         311 011
         53         311 000
         54         311 100
         55         311 001
         56         311 111
         57         311 001
         58         311 011
         59         311 000
         60         311 010
         24         312 011
         25         312 000
         26         312 000
         27         312 000
         28         312 000
         29         312 000
         30         312 000
         31         312 000
         32         312 000
         33         312 000
         34         312 011
         35         312 011
         36         312 011
         37         312 011
         38         312 011
         39         312 011
         40         312 011
         41         312 000
         42         312 000
         43         312 000
         44         312 000
         45         312 000
         46         312 100
         47         312 000
         48         312 100
         49         312 011
         50         312 011
         51         312 011
         52         312 011
         53         312 000
         54         312 100
         55         312 000
         56         312 110
         57         312 001
         58         312 001
         59         312 001
         60         312 001
         24         313 100
         25         313 000
         26         313 000
         27         313 000
         28         313 001
         29         313 000
         30         313 000
         31         313 000
         32         313 001
         33         313 001
         34         313 111
         35         313 101
         36         313 110
         37         313 100
         38         313 111
         39         313 101
         40         313 110
         41         313 000
         42         313 000
         43         313 001
         44         313 001
         45         313 000
         46         313 100
         47         313 001
         48         313 101
         49         313 111
         50         313 101
         51         313 110
         52         313 100
         53         313 000
         54         313 100
         55         313 001
         56         313 111
         57         313 001
         58         313 011
         59         313 000
         60         313 010
         24         314 100
         25         314 000
         26         314 000
         27         314 000
         28         314 000
         29         314 000
         30         314 000
         31         314 000
         32         314 000
         33         314 000
         34         314 011
         35         314 011
         36         314 011
         37         314 011
         38         314 010
         39         314 010
         40         314 110
         41         314 001
         42         314 001
         43         314 001
         44         314 001
         45         314 001
         46         314 101
         47         314 001
         48         314 101
         49         314 011
         50         314 011
         51         314 011
         52         314 011
         53         314 001
         54         314 101
         55         314 001
         56         314 101
         57         314 001
         58         314 001
         59         314 001
         60         314 001
         24         315 101
         25         315 000
         26         315 000
         27         315 000
         28         315 001
         29         315 000
         30         315 000
         31         315 000
         32         315 001
         33         315 001
         34         315 111
         35         315 101
         36         315 110
         37         315 100
         38         315 010
         39         315 010
         40         315 111
         41         315 001
         42         315 011
         43         315 000
         44         315 010
         45         315 001
         46         315 111
         47         315 000
         48         315 110
         49         315 111
         50         315 101
         51         315 110
         52         315 100
         53         315 001
         54         315 111
         55         315 000
         56         315 110
         57         315 001
         58         315 011
         59         315 000
         60         315 010
         24         316 010
         25         316 000
         26         316 000
         27         316 000
         28         316 000
         29         316 000
         30         316 000
         31         316 000
         32         316 000
         33         316 000
         34         316 011
         35         316 011
         36         316 011
         37         316 011
         38         316 010
         39         316 010
         40         316 010
         41         316 001
         42         316 001
         43         316 001
         44         316 001
         45         316 000
         46         316 100
         47         316 000
         48         316 110
         49         316 010
         50         316 010
         51         316 010
         52         316 010
         53         316 000
         54         316 100
         55         316 000
         56         316 110
         57         316 000
         58         316 000
         59         316 000
         60         316 010
         24         317 011
         25         317 000
         26         317 000
         27         317 000
         28         317 001
         29         317 000
         30         317 000
         31         317 000
         32         317 001
         33         317 001
         34         317 111
         35         317 101
         36         317 110
         37         317 100
         38         317 010
         39         317 010
         40         317 011
         41         317 001
         42         317 011
         43         317 000
         44         317 010
         45         317 000
         46         317 100
         47         317 001
         48         317 111
         49         317 010
         50         317 010
         51         317 011
         52         317 011
         53         317 000
         54         317 100
         55         317 001
         56         317 111
         57         317 000
         58         317 000
         59         317 001
         60         317 011
         24         318 011
         25         318 000
         26         318 000
         27         318 000
         28         318 000
         29         318 000
         30         318 000
         31         318 000
         32         318 000
         33         318 000
         34         318 011
         35         318 011
         36         318 011
         37         318 011
         38         318 011
         39         318 011
         40         318 011
         41         318 000
         42         318 000
         43         318 000
         44         318 000
         45         318 001
         46         318 101
         47         318 001
         48         318 101
         49         318 010
         50         318 010
         51         318 010
         52         318 010
         53         318 001
         54         318 101
         55         318 001
         56         318 101
         57         318 000
         58         318 000
         59         318 000
         60         318 000
         24         319 100
         25         319 000
         26         319 000
         27         319 000
         28         319 001
         29         319 000
         30         319 000
         31         319 000
         32         319 001
         33         319 001
         34         319 111
         35         319 101
         36         319 110
         37         319 100
         38         319 111
         39         319 101
         40         319 110
         41         319 000
         42         319 000
         43         319 001
         44         319 001
         45         319 001
         46         319 111
         47         319 000
         48         319 110
         49         319 010
         50         319 010
         51         319 011
         52         319 011
         53         319 001
         54         319 111
         55         319 000
         56         319 110
         57         319 000
         58         319 000
         59         319 001
         60         319 001
         24         320 010
         25         320 000
         26         320 001
         27         320 000
         28         320 000
         29         320 000
         30         320 000
         31         320 000
         32         320 000
         33         320 000
         34         320 011
         35         320 011
         36         320 011
         37         320 011
         38         320 010
         39         320 010
         40         320 010
         41         320 010
         42         320 010
         43         320 010
         44         320 010
         45         320 000
         46         320 100
         47         320 000
         48         320 100
         49         320 001
         50         320 101
         51         320 001
         52         320 101
         53         320 011
         54         320 011
         55         320 011
         56         320 011
         57         320 001
         58         320 101
         59         320 001
         60         320 101
         24         321 011
         25         321 000
         26         321 001
         27         321 000
         28         321 001
         29         321 000
         30         321 000
         31         321 000
         32         321 001
         33         321 001
         34         321 111
         35         321 101
         36         321 110
         37         321 100
         38         321 010
         39         321 010
         40         321 011
         41         321 010
         42         321 010
         43         321 011
         44         321 011
         45         321 000
         46         321 100
         47         321 001
         48         321 101
         49         321 001
         50         321 111
         51         321 000
         52         321 110
         53         321 111
         54         321 101
         55         321 110
         56         321 100
         57         321 001
         58         321 111
         59         321 000
         60         321 110
         24         322 011
         25         322 000
         26         322 000
         27         322 000
         28         322 000
         29         322 000
         30         322 000
         31         322 000
         32         322 000
         33         322 000
         34         322 011
         35         322 011
         36         322 011
         37         322 011
         38         322 011
         39         322 011
         40         322 011
         41         322 011
         42         322 011
         43         322 011
         44         322 011
         45         322 001
         46         322 101
         47         322 001
         48         322 101
         49         322 000
         50         322 100
         51         322 000
         52         322 100
         53         322 010
         54         322 010
         55         322 010
         56         322 010
         57         322 001
         58         322 101
         59         322 001
         60         322 101
         24         323 100
         25         323 000
         26         323 000
         27         323 000
         28         323 001
         29         323 000
         30         323 000
         31         323 000
         32         323 001
         33         323 001
         34         323 111
         35         323 101
         36         323 110
         37         323 100
         38         323 111
         39         323 101
         40         323 110
         41         323 111
         42         323 101
         43         323 110
         44         323 100
         45         323 001
         46         323 111
         47         323 000
         48         323 110
         49         323 000
         50         323 100
         51         323 001
         52         323 101
         53         323 010
         54         323 010
         55         323 011
         56         323 011
         57         323 001
         58         323 111
         59         323 000
         60         323 110
         24         324 010
         25         324 000
         26         324 000
         27         324 000
         28         324 000
         29         324 000
         30         324 000
         31         324 000
         32         324 000
         33         324 000
         34         324 011
         35         324 011
         36         324 011
         37         324 011
         38         324 010
         39         324 010
         40         324 010
         41         324 011
         42         324 011
         43         324 011
         44         324 011
         45         324 001
         46         324 101
         47         324 001
         48         324 101
         49         324 000
         50         324 100
         51         324 000
         52         324 100
         53         324 011
         54         324 011
         55         324 011
         56         324 011
         57         324 001
         58         324 101
         59         324 001
         60         324 101
         24         325 011
         25         325 000
         26         325 000
         27         325 000
         28         325 001
         29         325 000
         30         325 000
         31         325 000
         32         325 001
         33         325 001
         34         325 111
         35         325 101
         36         325 110
         37         325 100
         38         325 010
         39         325 010
         40         325 011
         41         325 111
         42         325 101
         43         325 110
         44         325 100
         45         325 001
         46         325 111
         47         325 000
         48         325 110
         49         325 000
         50         325 100
         51         325 001
         52         325 101
         53         325 111
         54         325 101
         55         325 110
         56         325 100
         57         325 001
         58         325 111
         59         325 000
         60         325 110
         24         326 011
         25         326 000
         26         326 000
         27         326 000
         28         326 000
         29         326 000
         30         326 000
         31         326 000
         32         326 000
         33         326 000
         34         326 011
         35         326 011
         36         326 011
         37         326 011
         38         326 011
         39         326 011
         40         326 011
         41         326 010
         42         326 010
         43         326 010
         44         326 010
         45         326 000
         46         326 100
         47         326 000
         48         326 100
         49         326 000
         50         326 100
         51         326 000
         52         326 100
         53         326 011
         54         326 011
         55         326 011
         56         326 011
         57         326 000
         58         326 100
         59         326 000
         60         326 100
         24         327 100
         25         327 000
         26         327 000
         27         327 000
         28         327 001
         29         327 000
         30         327 000
         31         327 000
         32         327 001
         33         327 001
         34         327 111
         35         327 101
         36         327 110
         37         327 100
         38         327 111
         39         327 101
         40         327 110
         41         327 010
         42         327 010
         43         327 011
         44         327 011
         45         327 000
         46         327 100
         47         327 001
         48         327 101
         49         327 000
         50         327 100
         51         327 001
         52         327 101
         53         327 111
         54         327 101
         55         327 110
         56         327 100
         57         327 000
         58         327 100
         59         327 001
         60         327 101
         24         328 010
         25         328 000
         26         328 000
         27         328 000
         28         328 000
         29         328 000
         30         328 000
         31         328 000
         32         328 000
         33         328 000
         34         328 011
         35         328 011
         36         328 011
         37         328 011
         38         328 010
         39         328 010
         40         328 010
         41         328 011
         42         328 011
         43         328 011
         44         328 011
         45         328 001
         46         328 101
         47         328 001
         48         328 101
         49         328 001
         50         328 101
         51         328 001
         52         328 101
         53         328 011
         54         328 011
         55         328 011
         56         328 011
         57         328 001
         58         328 101
         59         328 001
         60         328 101
         24         329 011
         25         329 000
         26         329 000
         27         329 000
         28         329 001
         29         329 000
         30         329 000
         31         329 000
         32         329 001
         33         329 001
         34         329 111
         35         329 101
         36         329 110
         37         329 100
         38         329 010
         39         329 010
         40         329 011
         41         329 111
         42         329 101
         43         329 110
         44         329 100
         45         329 001
         46         329 111
         47         329 000
         48         329 110
         49         329 001
         50         329 111
         51         329 000
         52         329 110
         53         329 111
         54         329 101
         55         329 110
         56         329 100
         57         329 001
         58         329 111
         59         329 000
         60         329 110
         24         330 011
         25         330 000
         26         330 000
         27         330 000
         28         330 000
         29         330 000
         30         330 000
         31         330 000
         32         330 000
         33         330 000
         34         330 011
         35         330 011
         36         330 011
         37         330 011
         38         330 011
         39         330 011
         40         330 011
         41         330 010
         42         330 010
         43         330 110
         44         330 100
         45         330 001
         46         330 101
         47         330 001
         48         330 101
         49         330 000
         50         330 100
         51         330 000
         52         330 100
         53         330 010
         54         330 010
         55         330 010
         56         330 010
         57         330 000
         58         330 100
         59         330 000
         60         330 110
         24         331 100
         25         331 000
         26         331 000
         27         331 000
         28         331 001
         29         331 000
         30         331 000
         31         331 000
         32         331 001
         33         331 001
         34         331 111
         35         331 101
         36         331 110
         37         331 100
         38         331 111
         39         331 101
         40         331 110
         41         331 010
         42         331 010
         43         331 111
         44         331 101
         45         331 001
         46         331 111
         47         331 000
         48         331 110
         49         331 000
         50         331 100
         51         331 001
         52         331 101
         53         331 010
         54         331 010
         55         331 011
         56         331 011
         57         331 000
         58         331 100
         59         331 001
         60         331 111
         24         332 010
         25         332 000
         26         332 000
         27         332 000
         28         332 000
         29         332 000
         30         332 000
         31         332 000
         32         332 000
         33         332 000
         34         332 011
         35         332 011
         36         332 011
         37         332 011
         38         332 010
         39         332 010
         40         332 010
         41         332 010
         42         332 010
         43         332 110
         44         332 100
         45         332 000
         46         332 100
         47         332 000
         48         332 110
         49         332 000
         50         332 100
         51         332 000
         52         332 100
         53         332 011
         54         332 011
         55         332 011
         56         332 011
         57         332 001
         58         332 101
         59         332 001
         60         332 101
         24         333 011
         25         333 000
         26         333 000
         27         333 000
         28         333 001
         29         333 000
         30         333 000
         31         333 000
         32         333 001
         33         333 001
         34         333 111
         35         333 101
         36         333 110
         37         333 100
         38         333 010
         39         333 010
         40         333 011
         41         333 010
         42         333 010
         43         333 111
         44         333 101
         45         333 000
         46         333 100
         47         333 001
         48         333 111
         49         333 000
         50         333 100
         51         333 001
         52         333 101
         53         333 111
         54         333 101
         55         333 110
         56         333 100
         57         333 001
         58         333 111
         59         333 000
         60         333 110
         24         334 011
         25         334 000
         26         334 000
         27         334 000
         28         334 000
         29         334 000
         30         334 000
         31         334 000
         32         334 000
         33         334 000
         34         334 011
         35         334 011
         36         334 011
         37         334 011
         38         334 011
         39         334 011
         40         334 011
         41         334 011
         42         334 011
         43         334 011
         44         334 011
         45         334 000
         46         334 100
         47         334 000
         48         334 100
         49         334 000
         50         334 100
         51         334 000
         52         334 100
         53         334 010
         54         334 010
         55         334 110
         56         334 100
         57         334 000
         58         334 100
         59         334 000
         60         334 100
         24         335 100
         25         335 000
         26         335 000
         27         335 000
         28         335 001
         29         335 000
         30         335 000
         31         335 000
         32         335 001
         33         335 001
         34         335 111
         35         335 101
         36         335 110
         37         335 100
         38         335 111
         39         335 101
         40         335 110
         41         335 111
         42         335 101
         43         335 110
         44         335 100
         45         335 000
         46         335 100
         47         335 001
         48         335 101
         49         335 000
         50         335 100
         51         335 001
         52         335 101
         53         335 010
         54         335 010
         55         335 111
         56         335 101
         57         335 000
         58         335 100
         59         335 001
         60         335 101
         24         336 010
         25         336 000
         26         336 000
         27         336 000
         28         336 000
         29         336 000
         30         336 000
         31         336 000
         32         336 000
         33         336 000
         34         336 011
         35         336 011
         36         336 011
         37         336 011
         38         336 010
         39         336 010
         40         336 010
         41         336 011
         42         336 011
         43         336 011
         44         336 011
         45         336 000
         46         336 100
         47         336 000
         48         336 100
         49         336 001
         50         336 101
         51         336 001
         52         336 101
         53         336 010
         54         336 010
         55         336 110
         56         336 100
         57         336 001
         58         336 101
         59         336 001
         60         336 101
         24         337 011
         25         337 000
         26         337 000
         27         337 000
         28         337 001
         29         337 000
         30         337 000
         31         337 000
         32         337 001
         33         337 001
         34         337 111
         35         337 101
         36         337 110
         37         337 100
         38         337 010
         39         337 010
         40         337 011
         41         337 111
         42         337 101
         43         337 110
         44         337 100
         45         337 000
         46         337 100
         47         337 001
         48         337 101
         49         337 001
         50         337 111
         51         337 000
         52         337 110
         53         337 010
         54         337 010
         55         337 111
         56         337 101
         57         337 001
         58         337 111
         59         337 000
         60         337 110
         24         338 011
         25         338 000
         26         338 000
         27         338 000
         28         338 000
         29         338 000
         30         338 000
         31         338 000
         32         338 000
         33         338 000
         34         338 011
         35         338 011
         36         338 011
         37         338 011
         38         338 011
         39         338 011
         40         338 011
         41         338 010
         42         338 010
         43         338 110
         44         338 100
         45         338 000
         46         338 100
         47         338 000
         48         338 110
         49         338 000
         50         338 100
         51         338 000
         52         338 100
         53         338 010
         54         338 010
         55         338 010
         56         338 010
         57         338 001
         58         338 101
         59         338 001
         60         338 101
         24         339 100
         25         339 000
         26         339 000
         27         339 000
         28         339 001
         29         339 000
         30         339 000
         31         339 000
         32         339 001
         33         339 001
         34         339 111
         35         339 101
         36         339 110
         37         339 100
         38         339 111
         39         339 101
         40         339 110
         41         339 010
         42         339 010
         43         339 111
         44         339 101
         45         339 000
         46         339 100
         47         339 001
         48         339 111
         49         339 000
         50         339 100
         51         339 001
         52         339 101
         53         339 010
         54         339 010
         55         339 011
         56         339 011
         57         339 001
         58         339 111
         59         339 000
         60         339 110
         24         340 011
         25         340 000
         26         340 000
         27         340 000
         28         340 000
         29         340 000
         30         340 000
         31         340 000
         32         340 000
         33         340 000
         34         340 011
         35         340 011
         36         340 011
         37         340 011
         38         340 011
         39         340 011
         40         340 011
         41         340 010
         42         340 010
         43         340 110
         44         340 100
         45         340 000
         46         340 100
         47         340 000
         48         340 110
         49         340 000
         50         340 100
         51         340 000
         52         340 100
         53         340 010
         54         340 010
         55         340 110
         56         340 100
         57         340 000
         58         340 100
         59         340 000
         60         340 110
         24         341 100
         25         341 000
         26         341 000
         27         341 000
         28         341 001
         29         341 000
         30         341 000
         31         341 000
         32         341 001
         33         341 001
         34         341 111
         35         341 101
         36         341 110
         37         341 100
         38         341 111
         39         341 101
         40         341 110
         41         341 010
         42         341 010
         43         341 111
         44         341 101
         45         341 000
         46         341 100
         47         341 001
         48         341 111
         49         341 000
         50         341 100
         51         341 001
         52         341 101
         53         341 010
         54         341 010
         55         341 111
         56         341 101
         57         341 000
         58         341 100
         59         341 001
         60         341 111
         24         342 100
         25         342 000
         26         342 000
         27         342 000
         28         342 000
         29         342 000
         30         342 000
         31         342 000
         32         342 000
         33         342 000
         34         342 011
         35         342 011
         36         342 011
         37         342 011
         38         342 010
         39         342 010
         40         342 110
         41         342 011
         42         342 011
         43         342 011
         44         342 011
         45         342 000
         46         342 100
         47         342 000
         48         342 100
         49         342 000
         50         342 100
         51         342 000
         52         342 100
         53         342 010
         54         342 010
         55         342 110
         56         342 100
         57         342 001
         58         342 101
         59         342 001
         60         342 101
         24         343 101
         25         343 000
         26         343 000
         27         343 000
         28         343 001
         29         343 000
         30         343 000
         31         343 000
         32         343 001
         33         343 001
         34         343 111
         35         343 101
         36         343 110
         37         343 100
         38         343 010
         39         343 010
         40         343 111
         41         343 111
         42         343 101
         43         343 110
         44         343 100
         45         343 000
         46         343 100
         47         343 001
         48         343 101
         49         343 000
         50         343 100
         51         343 001
         52         343 101
         53         343 010
         54         343 010
         55         343 111
         56         343 101
         57         343 001
         58         343 111
         59         343 000
         60         343 110
         24         344 011
         25         344 000
         26         344 000
         27         344 000
         28         344 000
         29         344 000
         30         344 000
         31         344 000
         32         344 000
         33         344 000
         34         344 011
         35         344 011
         36         344 011
         37         344 011
         38         344 011
         39         344 011
         40         344 011
         41         344 010
         42         344 010
         43         344 010
         44         344 010
         45         344 000
         46         344 100
         47         344 000
         48         344 100
         49         344 001
         50         344 101
         51         344 001
         52         344 101
         53         344 010
         54         344 010
         55         344 110
         56         344 100
         57         344 001
         58         344 101
         59         344 001
         60         344 101
         24         345 100
         25         345 000
         26         345 000
         27         345 000
         28         345 001
         29         345 000
         30         345 000
         31         345 000
         32         345 001
         33         345 001
         34         345 111
         35         345 101
         36         345 110
         37         345 100
         38         345 111
         39         345 101
         40         345 110
         41         345 010
         42         345 010
         43         345 011
         44         345 011
         45         345 000
         46         345 100
         47         345 001
         48         345 101
         49         345 001
         50         345 111
         51         345 000
         52         345 110
         53         345 010
         54         345 010
         55         345 111
         56         345 101
         57         345 001
         58         345 111
         59         345 000
         60         345 110
         24         346 100
         25         346 000
         26         346 000
         27         346 000
         28         346 000
         29         346 000
         30         346 000
         31         346 000
         32         346 000
         33         346 000
         34         346 011
         35         346 011
         36         346 011
         37         346 011
         38         346 010
         39         346 010
         40         346 110
         41         346 011
         42         346 011
         43         346 011
         44         346 011
         45         346 001
         46         346 101
         47         346 001
         48         346 101
         49         346 001
         50         346 101
         51         346 001
         52         346 101
         53         346 011
         54         346 011
         55         346 011
         56         346 011
         57         346 001
         58         346 101
         59         346 001
         60         346 101
         24         347 101
         25         347 000
         26         347 000
         27         347 000
         28         347 001
         29         347 000
         30         347 000
         31         347 000
         32         347 001
         33         347 001
         34         347 111
         35         347 101
         36         347 110
         37         347 100
         38         347 010
         39         347 010
         40         347 111
         41         347 111
         42         347 101
         43         347 110
         44         347 100
         45         347 001
         46         347 111
         47         347 000
         48         347 110
         49         347 001
         50         347 111
         51         347 000
         52         347 110
         53         347 111
         54         347 101
         55         347 110
         56         347 100
         57         347 001
         58         347 111
         59         347 000
         60         347 110
         24         348 010
         25         348 000
         26         348 000
         27         348 000
         28         348 000
         29         348 000
         30         348 000
         31         348 000
         32         348 000
         33         348 000
         34         348 011
         35         348 011
         36         348 011
         37         348 011
         38         348 010
         39         348 010
         40         348 010
         41         348 011
         42         348 011
         43         348 011
         44         348 011
         45         348 000
         46         348 100
         47         348 000
         48         348 110
         49         348 000
         50         348 100
         51         348 000
         52         348 100
         53         348 010
         54         348 010
         55         348 110
         56         348 100
         57         348 000
         58         348 100
         59         348 000
         60         348 110
         24         349 011
         25         349 000
         26         349 000
         27         349 000
         28         349 001
         29         349 000
         30         349 000
         31         349 000
         32         349 001
         33         349 001
         34         349 111
         35         349 101
         36         349 110
         37         349 100
         38         349 010
         39         349 010
         40         349 011
         41         349 111
         42         349 101
         43         349 110
         44         349 100
         45         349 000
         46         349 100
         47         349 001
         48         349 111
         49         349 000
         50         349 100
         51         349 001
         52         349 101
         53         349 010
         54         349 010
         55         349 111
         56         349 101
         57         349 000
         58         349 100
         59         349 001
         60         349 111
         24         350 011
         25         350 000
         26         350 000
         27         350 000
         28         350 000
         29         350 000
         30         350 000
         31         350 000
         32         350 000
         33         350 000
         34         350 011
         35         350 011
         36         350 011
         37         350 011
         38         350 011
         39         350 011
         40         350 011
         41         350 010
         42         350 010
         43         350 010
         44         350 010
         45         350 001
         46         350 101
         47         350 001
         48         350 101
         49         350 000
         50         350 100
         51         350 000
         52         350 100
         53         350 011
         54         350 011
         55         350 011
         56         350 011
         57         350 000
         58         350 100
         59         350 000
         60         350 100
         24         351 100
         25         351 000
         26         351 000
         27         351 000
         28         351 001
         29         351 000
         30         351 000
         31         351 000
         32         351 001
         33         351 001
         34         351 111
         35         351 101
         36         351 110
         37         351 100
         38         351 111
         39         351 101
         40         351 110
         41         351 010
         42         351 010
         43         351 011
         44         351 011
         45         351 001
         46         351 111
         47         351 000
         48         351 110
         49         351 000
         50         351 100
         51         351 001
         52         351 101
         53         351 111
         54         351 101
         55         351 110
         56         351 100
         57         351 000
         58         351 100
         59         351 001
         60         351 101
         24         352 100
         25         352 000
         26         352 001
         27         352 000
         28         352 000
         29         352 000
         30         352 000
         31         352 000
         32         352 000
         33         352 000
         34         352 011
         35         352 011
         36         352 011
         37         352 011
         38         352 000
         39         352 100
         40         352 000
         41         352 000
         42         352 000
         43         352 000
         44         352 000
         45         352 000
         46         352 100
         47         352 000
         48         352 100
         49         352 001
         50         352 001
         51         352 001
         52         352 001
         53         352 011
         54         352 011
         55         352 011
         56         352 011
         57         352 001
         58         352 101
         59         352 001
         60         352 101
         24         353 101
         25         353 000
         26         353 001
         27         353 000
         28         353 001
         29         353 000
         30         353 000
         31         353 000
         32         353 001
         33         353 001
         34         353 111
         35         353 101
         36         353 110
         37         353 100
         38         353 000
         39         353 100
         40         353 001
         41         353 000
         42         353 000
         43         353 001
         44         353 001
         45         353 000
         46         353 100
         47         353 001
         48         353 101
         49         353 001
         50         353 011
         51         353 000
         52         353 010
         53         353 111
         54         353 101
         55         353 110
         56         353 100
         57         353 001
         58         353 111
         59         353 000
         60         353 110
         24         354 101
         25         354 000
         26         354 000
         27         354 000
         28         354 000
         29         354 000
         30         354 000
         31         354 000
         32         354 000
         33         354 000
         34         354 011
         35         354 011
         36         354 011
         37         354 011
         38         354 001
         39         354 101
         40         354 001
         41         354 001
         42         354 001
         43         354 001
         44         354 001
         45         354 001
         46         354 101
         47         354 001
         48         354 101
         49         354 000
         50         354 000
         51         354 000
         52         354 000
         53         354 010
         54         354 010
         55         354 010
         56         354 010
         57         354 001
         58         354 101
         59         354 001
         60         354 101
         24         355 110
         25         355 000
         26         355 000
         27         355 000
         28         355 001
         29         355 000
         30         355 000
         31         355 000
         32         355 001
         33         355 001
         34         355 111
         35         355 101
         36         355 110
         37         355 100
         38         355 001
         39         355 111
         40         355 000
         41         355 001
         42         355 011
         43         355 000
         44         355 010
         45         355 001
         46         355 111
         47         355 000
         48         355 110
         49         355 000
         50         355 000
         51         355 001
         52         355 001
         53         355 010
         54         355 010
         55         355 011
         56         355 011
         57         355 001
         58         355 111
         59         355 000
         60         355 110
         24         356 100
         25         356 000
         26         356 000
         27         356 000
         28         356 000
         29         356 000
         30         356 000
         31         356 000
         32         356 000
         33         356 000
         34         356 011
         35         356 011
         36         356 011
         37         356 011
         38         356 000
         39         356 100
         40         356 000
         41         356 001
         42         356 001
         43         356 001
         44         356 001
         45         356 001
         46         356 101
         47         356 001
         48         356 101
         49         356 000
         50         356 000
         51         356 000
         52         356 000
         53         356 011
         54         356 011
         55         356 011
         56         356 011
         57         356 001
         58         356 101
         59         356 001
         60         356 101
         24         357 101
         25         357 000
         26         357 000
         27         357 000
         28         357 001
         29         357 000
         30         357 000
         31         357 000
         32         357 001
         33         357 001
         34         357 111
         35         357 101
         36         357 110
         37         357 100
         38         357 000
         39         357 100
         40         357 001
         41         357 001
         42         357 011
         43         357 000
         44         357 010
         45         357 001
         46         357 111
         47         357 000
         48         357 110
         49         357 000
         50         357 000
         51         357 001
         52         357 001
         53         357 111
         54         357 101
         55         357 110
         56         357 100
         57         357 001
         58         357 111
         59         357 000
         60         357 110
         24         358 101
         25         358 000
         26         358 000
         27         358 000
         28         358 000
         29         358 000
         30         358 000
         31         358 000
         32         358 000
         33         358 000
         34         358 011
         35         358 011
         36         358 011
         37         358 011
         38         358 001
         39         358 101
         40         358 001
         41         358 000
         42         358 000
         43         358 000
         44         358 000
         45         358 000
         46         358 100
         47         358 000
         48         358 100
         49         358 000
         50         358 000
         51         358 000
         52         358 000
         53         358 011
         54         358 011
         55         358 011
         56         358 011
         57         358 000
         58         358 100
         59         358 000
         60         358 100
         24         359 110
         25         359 000
         26         359 000
         27         359 000
         28         359 001
         29         359 000
         30         359 000
         31         359 000
         32         359 001
         33         359 001
         34         359 111
         35         359 101
         36         359 110
         37         359 100
         38         359 001
         39         359 111
         40         359 000
         41         359 000
         42         359 000
         43         359 001
         44         359 001
         45         359 000
         46         359 100
         47         359 001
         48         359 101
         49         359 000
         50         359 000
         51         359 001
         52         359 001
         53         359 111
         54         359 101
         55         359 110
         56         359 100
         57         359 000
         58         359 100
         59         359 001
         60         359 101
         24         360 100
         25         360 000
         26         360 000
         27         360 000
         28         360 000
         29         360 000
         30         360 000
         31         360 000
         32         360 000
         33         360 000
         34         360 011
         35         360 011
         36         360 011
         37         360 011
         38         360 000
         39         360 100
         40         360 000
         41         360 001
         42         360 001
         43         360 001
         44         360 001
         45         360 001
         46         360 101
         47         360 001
         48         360 101
         49         360 001
         50         360 001
         51         360 001
         52         360 001
         53         360 011
         54         360 011
         55         360 011
         56         360 011
         57         360 001
         58         360 101
         59         360 001
         60         360 101
         24         361 101
         25         361 000
         26         361 000
         27         361 000
         28         361 001
         29         361 000
         30         361 000
         31         361 000
         32         361 001
         33         361 001
         34         361 111
         35         361 101
         36         361 110
         37         361 100
         38         361 000
         39         361 100
         40         361 001
         41         361 001
         42         361 011
         43         361 000
         44         361 010
         45         361 001
         46         361 111
         47         361 000
         48         361 110
         49         361 001
         50         361 011
         51         361 000
         52         361 010
         53         361 111
         54         361 101
         55         361 110
         56         361 100
         57         361 001
         58         361 111
         59         361 000
         60         361 110
         24         362 101
         25         362 000
         26         362 000
         27         362 000
         28         362 000
         29         362 000
         30         362 000
         31         362 000
         32         362 000
         33         362 000
         34         362 011
         35         362 011
         36         362 011
         37         362 011
         38         362 001
         39         362 101
         40         362 001
         41         362 000
         42         362 000
         43         362 000
         44         362 010
         45         362 001
         46         362 101
         47         362 001
         48         362 101
         49         362 000
         50         362 000
         51         362 000
         52         362 000
         53         362 010
         54         362 010
         55         362 010
         56         362 010
         57         362 000
         58         362 100
         59         362 000
         60         362 110
         24         363 110
         25         363 000
         26         363 000
         27         363 000
         28         363 001
         29         363 000
         30         363 000
         31         363 000
         32         363 001
         33         363 001
         34         363 111
         35         363 101
         36         363 110
         37         363 100
         38         363 001
         39         363 111
         40         363 000
         41         363 000
         42         363 000
         43         363 001
         44         363 011
         45         363 001
         46         363 111
         47         363 000
         48         363 110
         49         363 000
         50         363 000
         51         363 001
         52         363 001
         53         363 010
         54         363 010
         55         363 011
         56         363 011
         57         363 000
         58         363 100
         59         363 001
         60         363 111
         24         364 100
         25         364 000
         26         364 000
         27         364 000
         28         364 000
         29         364 000
         30         364 000
         31         364 000
         32         364 000
         33         364 000
         34         364 011
         35         364 011
         36         364 011
         37         364 011
         38         364 000
         39         364 100
         40         364 000
         41         364 000
         42         364 000
         43         364 000
         44         364 010
         45         364 000
         46         364 100
         47         364 000
         48         364 110
         49         364 000
         50         364 000
         51         364 000
         52         364 000
         53         364 011
         54         364 011
         55         364 011
         56         364 011
         57         364 001
         58         364 101
         59         364 001
         60         364 101
         24         365 101
         25         365 000
         26         365 000
         27         365 000
         28         365 001
         29         365 000
         30         365 000
         31         365 000
         32         365 001
         33         365 001
         34         365 111
         35         365 101
         36         365 110
         37         365 100
         38         365 000
         39         365 100
         40         365 001
         41         365 000
         42         365 000
         43         365 001
         44         365 011
         45         365 000
         46         365 100
         47         365 001
         48         365 111
         49         365 000
         50         365 000
         51         365 001
         52         365 001
         53         365 111
         54         365 101
         55         365 110
         56         365 100
         57         365 001
         58         365 111
         59         365 000
         60         365 110
         24         366 101
         25         366 000
         26         366 000
         27         366 000
         28         366 000
         29         366 000
         30         366 000
         31         366 000
         32         366 000
         33         366 000
         34         366 011
         35         366 011
         36         366 011
         37         366 011
         38         366 001
         39         366 101
         40         366 001
         41         366 001
         42         366 001
         43         366 001
         44         366 001
         45         366 000
         46         366 100
         47         366 000
         48         366 100
         49         366 000
         50         366 000
         51         366 000
         52         366 000
         53         366 010
         54         366 010
         55         366 110
         56         366 100
         57         366 000
         58         366 100
         59         366 000
         60         366 100
         24         367 110
         25         367 000
         26         367 000
         27         367 000
         28         367 001
         29         367 000
         30         367 000
         31         367 000
         32         367 001
         33         367 001
         34         367 111
         35         367 101
         36         367 110
         37         367 100
         38         367 001
         39         367 111
         40         367 000
         41         367 001
         42         367 011
         43         367 000
         44         367 010
         45         367 000
         46         367 100
         47         367 001
         48         367 101
         49         367 000
         50         367 000
         51         367 001
         52         367 001
         53         367 010
         54         367 010
         55         367 111
         56         367 101
         57         367 000
         58         367 100
         59         367 001
         60         367 101
         24         368 100
         25         368 000
         26         368 000
         27         368 000
         28         368 000
         29         368 000
         30         368 000
         31         368 000
         32         368 000
         33         368 000
         34         368 011
         35         368 011
         36         368 011
         37         368 011
         38         368 000
         39         368 100
         40         368 000
         41         368 001
         42         368 001
         43         368 001
         44         368 001
         45         368 000
         46         368 100
         47         368 000
         48         368 100
         49         368 001
         50         368 001
         51         368 001
         52         368 001
         53         368 010
         54         368 010
         55         368 110
         56         368 100
         57         368 001
         58         368 101
         59         368 001
         60         368 101
         24         369 101
         25         369 000
         26         369 000
         27         369 000
         28         369 001
         29         369 000
         30         369 000
         31         369 000
         32         369 001
         33         369 001
         34         369 111
         35         369 101
         36         369 110
         37         369 100
         38         369 000
         39         369 100
         40         369 001
         41         369 001
         42         369 011
         43         369 000
         44         369 010
         45         369 000
         46         369 100
         47         369 001
         48         369 101
         49         369 001
         50         369 011
         51         369 000
         52         369 010
         53         369 010
         54         369 010
         55         369 111
         56         369 101
         57         369 001
         58         369 111
         59         369 000
         60         369 110
         24         370 101
         25         370 000
         26         370 000
         27         370 000
         28         370 000
         29         370 000
         30         370 000
         31         370 000
         32         370 000
         33         370 000
         34         370 011
         35         370 011
         36         370 011
         37         370 011
         38         370 001
         39         370 101
         40         370 001
         41         370 000
         42         370 000
         43         370 000
         44         370 010
         45         370 000
         46         370 100
         47         370 000
         48         370 110
         49         370 000
         50         370 000
         51         370 000
         52         370 000
         53         370 010
         54         370 010
         55         370 010
         56         370 010
         57         370 001
         58         370 101
         59         370 001
         60         370 101
         24         371 110
         25         371 000
         26         371 000
         27         371 000
         28         371 001
         29         371 000
         30         371 000
         31         371 000
         32         371 001
         33         371 001
         34         371 111
         35         371 101
         36         371 110
         37         371 100
         38         371 001
         39         371 111
         40         371 000
         41         371 000
         42         371 000
         43         371 001
         44         371 011
         45         371 000
         46         371 100
         47         371 001
         48         371 111
         49         371 000
         50         371 000
         51         371 001
         52         371 001
         53         371 010
         54         371 010
         55         371 011
         56         371 011
         57         371 001
         58         371 111
         59         371 000
         60         371 110
         24         372 101
         25         372 000
         26         372 000
         27         372 000
         28         372 000
         29         372 000
         30         372 000
         31         372 000
         32         372 000
         33         372 000
         34         372 011
         35         372 011
         36         372 011
         37         372 011
         38         372 001
         39         372 101
         40         372 001
         41         372 000
         42         372 000
         43         372 000
         44         372 010
         45         372 000
         46         372 100
         47         372 000
         48         372 110
         49         372 000
         50         372 000
         51         372 000
         52         372 000
         53         372 010
         54         372 010
         55         372 110
         56         372 100
         57         372 000
         58         372 100
         59         372 000
         60         372 110
         24         373 110
         25         373 000
         26         373 000
         27         373 000
         28         373 001
         29         373 000
         30         373 000
         31         373 000
         32         373 001
         33         373 001
         34         373 111
         35         373 101
         36         373 110
         37         373 100
         38         373 001
         39         373 111
         40         373 000
         41         373 000
         42         373 000
         43         373 001
         44         373 011
         45         373 000
         46         373 100
         47         373 001
         48         373 111
         49         373 000
         50         373 000
         51         373 001
         52         373 001
         53         373 010
         54         373 010
         55         373 111
         56         373 101
         57         373 000
         58         373 100
         59         373 001
         60         373 111
         24         374 110
         25         374 000
         26         374 000
         27         374 000
         28         374 000
         29         374 000
         30         374 000
         31         374 000
         32         374 000
         33         374 000
         34         374 011
         35         374 011
         36         374 011
         37         374 011
         38         374 000
         39         374 100
         40         374 000
         41         374 001
         42         374 001
         43         374 001
         44         374 001
         45         374 000
         46         374 100
         47         374 000
         48         374 100
         49         374 000
         50         374 000
         51         374 000
         52         374 000
         53         374 010
         54         374 010
         55         374 110
         56         374 100
         57         374 001
         58         374 101
         59         374 001
         60         374 101
         24         375 111
         25         375 000
         26         375 000
         27         375 000
         28         375 001
         29         375 000
         30         375 000
         31         375 000
         32         375 001
         33         375 001
         34         375 111
         35         375 101
         36         375 110
         37         375 100
         38         375 000
         39         375 100
         40         375 001
         41         375 001
         42         375 011
         43         375 000
         44         375 010
         45         375 000
         46         375 100
         47         375 001
         48         375 101
         49         375 000
         50         375 000
         51         375 001
         52         375 001
         53         375 010
         54         375 010
         55         375 111
         56         375 101
         57         375 001
         58         375 111
         59         375 000
         60         375 110
         24         376 101
         25         376 000
         26         376 000
         27         376 000
         28         376 000
         29         376 000
         30         376 000
         31         376 000
         32         376 000
         33         376 000
         34         376 011
         35         376 011
         36         376 011
         37         376 011
         38         376 001
         39         376 101
         40         376 001
         41         376 000
         42         376 000
         43         376 000
         44         376 000
         45         376 000
         46         376 100
         47         376 000
         48         376 100
         49         376 001
         50         376 001
         51         376 001
         52         376 001
         53         376 010
         54         376 010
         55         376 110
         56         376 100
         57         376 001
         58         376 101
         59         376 001
         60         376 101
         24         377 110
         25         377 000
         26         377 000
         27         377 000
         28         377 001
         29         377 000
         30         377 000
         31         377 000
         32         377 001
         33         377 001
         34         377 111
         35         377 101
         36         377 110
         37         377 100
         38         377 001
         39         377 111
         40         377 000
         41         377 000
         42         377 000
         43         377 001
         44         377 001
         45         377 000
         46         377 100
         47         377 001
         48         377 101
         49         377 001
         50         377 011
         51         377 000
         52         377 010
         53         377 010
         54         377 010
         55         377 111
         56         377 101
         57         377 001
         58         377 111
         59         377 000
         60         377 110
         24         378 110
         25         378 000
         26         378 000
         27         378 000
         28         378 000
         29         378 000
         30         378 000
         31         378 000
         32         378 000
         33         378 000
         34         378 011
         35         378 011
         36         378 011
         37         378 011
         38         378 000
         39         378 100
         40         378 000
         41         378 001
         42         378 001
         43         378 001
         44         378 001
         45         378 001
         46         378 101
         47         378 001
         48         378 101
         49         378 001
         50         378 001
         51         378 001
         52         378 001
         53         378 011
         54         378 011
         55         378 011
         56         378 011
         57         378 001
         58         378 101
         59         378 001
         60         378 101
         24         379 111
         25         379 000
         26         379 000
         27         379 000
         28         379 001
         29         379 000
         30         379 000
         31         379 000
         32         379 001
         33         379 001
         34         379 111
         35         379 101
         36         379 110
         37         379 100
         38         379 000
         39         379 100
         40         379 001
         41         379 001
         42         379 011
         43         379 000
         44         379 010
         45         379 001
         46         379 111
         47         379 000
         48         379 110
         49         379 001
         50         379 011
         51         379 000
         52         379 010
         53         379 111
         54         379 101
         55         379 110
         56         379 100
         57         379 001
         58         379 111
         59         379 000
         60         379 110
         24         380 100
         25         380 000
         26         380 000
         27         380 000
         28         380 000
         29         380 000
         30         380 000
         31         380 000
         32         380 000
         33         380 000
         34         380 011
         35         380 011
         36         380 011
         37         380 011
         38         380 000
         39         380 100
         40         380 000
         41         380 001
         42         380 001
         43         380 001
         44         380 001
         45         380 000
         46         380 100
         47         380 000
         48         380 110
         49         380 000
         50         380 000
         51         380 000
         52         380 000
         53         380 010
         54         380 010
         55         380 110
         56         380 100
         57         380 000
         58         380 100
         59         380 000
         60         380 110
         24         381 101
         25         381 000
         26         381 000
         27         381 000
         28         381 001
         29         381 000
         30         381 000
         31         381 000
         32         381 001
         33         381 001
         34         381 111
         35         381 101
         36         381 110
         37         381 100
         38         381 000
         39         381 100
         40         381 001
         41         381 001
         42         381 011
         43         381 000
         44         381 010
         45         381 000
         46         381 100
         47         381 001
         48         381 111
         49         381 000
         50         381 000
         51         381 001
         52         381 001
         53         381 010
         54         381 010
         55         381 111
         56         381 101
         57         381 000
         58         381 100
         59         381 001
         60         381 111
         24         382 101
         25         382 000
         26         382 000
         27         382 000
         28         382 000
         29         382 000
         30         382 000
         31         382 000
         32         382 000
         33         382 000
         34         382 011
         35         382 011
         36         382 011
         37         382 011
         38         382 001
         39         382 101
         40         382 001
         41         382 000
         42         382 000
         43         382 000
         44         382 000
         45         382 001
         46         382 101
         47         382 001
         48         382 101
         49         382 000
         50         382 000
         51         382 000
         52         382 000
         53         382 011
         54         382 011
         55         382 011
         56         382 011
         57         382 000
         58         382 100
         59         382 000
         60         382 100
         24         383 110
         25         383 000
         26         383 000
         27         383 000
         28         383 001
         29         383 000
         30         383 000
         31         383 000
         32         383 001
         33         383 001
         34         383 111
         35         383 101
         36         383 110
         37         383 100
         38         383 001
         39         383 111
         40         383 000
         41         383 000
         42         383 000
         43         383 001
         44         383 001
         45         383 001
         46         383 111
         47         383 000
         48         383 110
         49         383 000
         50         383 000
         51         383 001
         52         383 001
         53         383 111
         54         383 101
         55         383 110
         56         383 100
         57         383 000
         58         383 100
         59         383 001
         60         383 101
         24         384 010
         25         384 000
         26         384 001
         27         384 000
         28         384 000
         29         384 000
         30         384 000
         31         384 000
         32         384 000
         33         384 000
         34         384 011
         35         384 011
         36         384 011
         37         384 011
         38         384 010
         39         384 010
         40         384 010
         41         384 000
         42         384 000
         43         384 000
         44         384 000
         45         384 010
         46         384 010
         47         384 010
         48         384 010
         49         384 001
         50         384 101
         51         384 001
         52         384 101
         53         384 011
         54         384 011
         55         384 011
         56         384 011
         57         384 001
         58         384 101
         59         384 001
         60         384 101
         24         385 011
         25         385 000
         26         385 001
         27         385 000
         28         385 001
         29         385 000
         30         385 000
         31         385 000
         32         385 001
         33         385 001
         34         385 111
         35         385 101
         36         385 110
         37         385 100
         38         385 010
         39         385 010
         40         385 011
         41         385 000
         42         385 000
         43         385 001
         44         385 001
         45         385 010
         46         385 010
         47         385 011
         48         385 011
         49         385 001
         50         385 111
         51         385 000
         52         385 110
         53         385 111
         54         385 101
         55         385 110
         56         385 100
         57         385 001
         58         385 111
         59         385 000
         60         385 110
         24         386 011
         25         386 000
         26         386 000
         27         386 000
         28         386 000
         29         386 000
         30         386 000
         31         386 000
         32         386 000
         33         386 000
         34         386 011
         35         386 011
         36         386 011
         37         386 011
         38         386 011
         39         386 011
         40         386 011
         41         386 001
         42         386 001
         43         386 001
         44         386 001
         45         386 011
         46         386 011
         47         386 011
         48         386 011
         49         386 000
         50         386 100
         51         386 000
         52         386 100
         53         386 010
         54         386 010
         55         386 010
         56         386 010
         57         386 001
         58         386 101
         59         386 001
         60         386 101
         24         387 100
         25         387 000
         26         387 000
         27         387 000
         28         387 001
         29         387 000
         30         387 000
         31         387 000
         32         387 001
         33         387 001
         34         387 111
         35         387 101
         36         387 110
         37         387 100
         38         387 111
         39         387 101
         40         387 110
         41         387 001
         42         387 011
         43         387 000
         44         387 010
         45         387 111
         46         387 101
         47         387 110
         48         387 100
         49         387 000
         50         387 100
         51         387 001
         52         387 101
         53         387 010
         54         387 010
         55         387 011
         56         387 011
         57         387 001
         58         387 111
         59         387 000
         60         387 110
         24         388 010
         25         388 000
         26         388 000
         27         388 000
         28         388 000
         29         388 000
         30         388 000
         31         388 000
         32         388 000
         33         388 000
         34         388 011
         35         388 011
         36         388 011
         37         388 011
         38         388 010
         39         388 010
         40         388 010
         41         388 001
         42         388 001
         43         388 001
         44         388 001
         45         388 011
         46         388 011
         47         388 011
         48         388 011
         49         388 000
         50         388 100
         51         388 000
         52         388 100
         53         388 011
         54         388 011
         55         388 011
         56         388 011
         57         388 001
         58         388 101
         59         388 001
         60         388 101
         24         389 011
         25         389 000
         26         389 000
         27         389 000
         28         389 001
         29         389 000
         30         389 000
         31         389 000
         32         389 001
         33         389 001
         34         389 111
         35         389 101
         36         389 110
         37         389 100
         38         389 010
         39         389 010
         40         389 011
         41         389 001
         42         389 011
         43         389 000
         44         389 010
         45         389 111
         46         389 101
         47         389 110
         48         389 100
         49         389 000
         50         389 100
         51         389 001
         52         389 101
         53         389 111
         54         389 101
         55         389 110
         56         389 100
         57         389 001
         58         389 111
         59         389 000
         60         389 110
         24         390 011
         25         390 000
         26         390 000
         27         390 000
         28         390 000
         29         390 000
         30         390 000
         31         390 000
         32         390 000
         33         390 000
         34         390 011
         35         390 011
         36         390 011
         37         390 011
         38         390 011
         39         390 011
         40         390 011
         41         390 000
         42         390 000
         43         390 000
         44         390 000
         45         390 010
         46         390 010
         47         390 010
         48         390 010
         49         390 000
         50         390 100
         51         390 000
         52         390 100
         53         390 011
         54         390 011
         55         390 011
         56         390 011
         57         390 000
         58         390 100
         59         390 000
         60         390 100
         24         391 100
         25         391 000
         26         391 000
         27         391 000
         28         391 001
         29         391 000
         30         391 000
         31         391 000
         32         391 001
         33         391 001
         34         391 111
         35         391 101
         36         391 110
         37         391 100
         38         391 111
         39         391 101
         40         391 110
         41         391 000
         42         391 000
         43         391 001
         44         391 001
         45         391 010
         46         391 010
         47         391 011
         48         391 011
         49         391 000
         50         391 100
         51         391 001
         52         391 101
         53         391 111
         54         391 101
         55         391 110
         56         391 100
         57         391 000
         58         391 100
         59         391 001
         60         391 101
         24         392 010
         25         392 000
         26         392 000
         27         392 000
         28         392 000
         29         392 000
         30         392 000
         31         392 000
         32         392 000
         33         392 000
         34         392 011
         35         392 011
         36         392 011
         37         392 011
         38         392 010
         39         392 010
         40         392 010
         41         392 001
         42         392 001
         43         392 001
         44         392 001
         45         392 011
         46         392 011
         47         392 011
         48         392 011
         49         392 001
         50         392 101
         51         392 001
         52         392 101
         53         392 011
         54         392 011
         55         392 011
         56         392 011
         57         392 001
         58         392 101
         59         392 001
         60         392 101
         24         393 011
         25         393 000
         26         393 000
         27         393 000
         28         393 001
         29         393 000
         30         393 000
         31         393 000
         32         393 001
         33         393 001
         34         393 111
         35         393 101
         36         393 110
         37         393 100
         38         393 010
         39         393 010
         40         393 011
         41         393 001
         42         393 011
         43         393 000
         44         393 010
         45         393 111
         46         393 101
         47         393 110
         48         393 100
         49         393 001
         50         393 111
         51         393 000
         52         393 110
         53         393 111
         54         393 101
         55         393 110
         56         393 100
         57         393 001
         58         393 111
         59         393 000
         60         393 110
         24         394 011
         25         394 000
         26         394 000
         27         394 000
         28         394 000
         29         394 000
         30         394 000
         31         394 000
         32         394 000
         33         394 000
         34         394 011
         35         394 011
         36         394 011
         37         394 011
         38         394 011
         39         394 011
         40         394 011
         41         394 000
         42         394 000
         43         394 000
         44         394 010
         45         394 011
         46         394 011
         47         394 011
         48         394 011
         49         394 000
         50         394 100
         51         394 000
         52         394 100
         53         394 010
         54         394 010
         55         394 010
         56         394 010
         57         394 000
         58         394 100
         59         394 000
         60         394 110
         24         395 100
         25         395 000
         26         395 000
         27         395 000
         28         395 001
         29         395 000
         30         395 000
         31         395 000
         32         395 001
         33         395 001
         34         395 111
         35         395 101
         36         395 110
         37         395 100
         38         395 111
         39         395 101
         40         395 110
         41         395 000
         42         395 000
         43         395 001
         44         395 011
         45         395 111
         46         395 101
         47         395 110
         48         395 100
         49         395 000
         50         395 100
         51         395 001
         52         395 101
         53         395 010
         54         395 010
         55         395 011
         56         395 011
         57         395 000
         58         395 100
         59         395 001
         60         395 111
         24         396 010
         25         396 000
         26         396 000
         27         396 000
         28         396 000
         29         396 000
         30         396 000
         31         396 000
         32         396 000
         33         396 000
         34         396 011
         35         396 011
         36         396 011
         37         396 011
         38         396 010
         39         396 010
         40         396 010
         41         396 000
         42         396 000
         43         396 000
         44         396 010
         45         396 010
         46         396 010
         47         396 110
         48         396 100
         49         396 000
         50         396 100
         51         396 000
         52         396 100
         53         396 011
         54         396 011
         55         396 011
         56         396 011
         57         396 001
         58         396 101
         59         396 001
         60         396 101
         24         397 011
         25         397 000
         26         397 000
         27         397 000
         28         397 001
         29         397 000
         30         397 000
         31         397 000
         32         397 001
         33         397 001
         34         397 111
         35         397 101
         36         397 110
         37         397 100
         38         397 010
         39         397 010
         40         397 011
         41         397 000
         42         397 000
         43         397 001
         44         397 011
         45         397 010
         46         397 010
         47         397 111
         48         397 101
         49         397 000
         50         397 100
         51         397 001
         52         397 101
         53         397 111
         54         397 101
         55         397 110
         56         397 100
         57         397 001
         58         397 111
         59         397 000
         60         397 110
         24         398 011
         25         398 000
         26         398 000
         27         398 000
         28         398 000
         29         398 000
         30         398 000
         31         398 000
         32         398 000
         33         398 000
         34         398 011
         35         398 011
         36         398 011
         37         398 011
         38         398 011
         39         398 011
         40         398 011
         41         398 001
         42         398 001
         43         398 001
         44         398 001
         45         398 010
         46         398 010
         47         398 010
         48         398 010
         49         398 000
         50         398 100
         51         398 000
         52         398 100
         53         398 010
         54         398 010
         55         398 110
         56         398 100
         57         398 000
         58         398 100
         59         398 000
         60         398 100
         24         399 100
         25         399 000
         26         399 000
         27         399 000
         28         399 001
         29         399 000
         30         399 000
         31         399 000
         32         399 001
         33         399 001
         34         399 111
         35         399 101
         36         399 110
         37         399 100
         38         399 111
         39         399 101
         40         399 110
         41         399 001
         42         399 011
         43         399 000
         44         399 010
         45         399 010
         46         399 010
         47         399 011
         48         399 011
         49         399 000
         50         399 100
         51         399 001
         52         399 101
         53         399 010
         54         399 010
         55         399 111
         56         399 101
         57         399 000
         58         399 100
         59         399 001
         60         399 101
         24         400 010
         25         400 000
         26         400 000
         27         400 000
         28         400 000
         29         400 000
         30         400 000
         31         400 000
         32         400 000
         33         400 000
         34         400 011
         35         400 011
         36         400 011
         37         400 011
         38         400 010
         39         400 010
         40         400 010
         41         400 001
         42         400 001
         43         400 001
         44         400 001
         45         400 010
         46         400 010
         47         400 010
         48         400 010
         49         400 001
         50         400 101
         51         400 001
         52         400 101
         53         400 010
         54         400 010
         55         400 110
         56         400 100
         57         400 001
         58         400 101
         59         400 001
         60         400 101
         24         401 011
         25         401 000
         26         401 000
         27         401 000
         28         401 001
         29         401 000
         30         401 000
         31         401 000
         32         401 001
         33         401 001
         34         401 111
         35         401 101
         36         401 110
         37         401 100
         38         401 010
         39         401 010
         40         401 011
         41         401 001
         42         401 011
         43         401 000
         44         401 010
         45         401 010
         46         401 010
         47         401 011
         48         401 011
         49         401 001
         50         401 111
         51         401 000
         52         401 110
         53         401 010
         54         401 010
         55         401 111
         56         401 101
         57         401 001
         58         401 111
         59         401 000
         60         401 110
         24         402 011
         25         402 000
         26         402 000
         27         402 000
         28         402 000
         29         402 000
         30         402 000
         31         402 000
         32         402 000
         33         402 000
         34         402 011
         35         402 011
         36         402 011
         37         402 011
         38         402 011
         39         402 011
         40         402 011
         41         402 000
         42         402 000
         43         402 000
         44         402 010
         45         402 010
         46         402 010
         47         402 110
         48         402 100
         49         402 000
         50         402 100
         51         402 000
         52         402 100
         53         402 010
         54         402 010
         55         402 010
         56         402 010
         57         402 001
         58         402 101
         59         402 001
         60         402 101
         24         403 100
         25         403 000
         26         403 000
         27         403 000
         28         403 001
         29         403 000
         30         403 000
         31         403 000
         32         403 001
         33         403 001
         34         403 111
         35         403 101
         36         403 110
         37         403 100
         38         403 111
         39         403 101
         40         403 110
         41         403 000
         42         403 000
         43         403 001
         44         403 011
         45         403 010
         46         403 010
         47         403 111
         48         403 101
         49         403 000
         50         403 100
         51         403 001
         52         403 101
         53         403 010
         54         403 010
         55         403 011
         56         403 011
         57         403 001
         58         403 111
         59         403 000
         60         403 110
         24         404 011
         25         404 000
         26         404 000
         27         404 000
         28         404 000
         29         404 000
         30         404 000
         31         404 000
         32         404 000
         33         404 000
         34         404 011
         35         404 011
         36         404 011
         37         404 011
         38         404 011
         39         404 011
         40         404 011
         41         404 000
         42         404 000
         43         404 000
         44         404 010
         45         404 010
         46         404 010
         47         404 110
         48         404 100
         49         404 000
         50         404 100
         51         404 000
         52         404 100
         53         404 010
         54         404 010
         55         404 110
         56         404 100
         57         404 000
         58         404 100
         59         404 000
         60         404 110
         24         405 100
         25         405 000
         26         405 000
         27         405 000
         28         405 001
         29         405 000
         30         405 000
         31         405 000
         32         405 001
         33         405 001
         34         405 111
         35         405 101
         36         405 110
         37         405 100
         38         405 111
         39         405 101
         40         405 110
         41         405 000
         42         405 000
         43         405 001
         44         405 011
         45         405 010
         46         405 010
         47         405 111
         48         405 101
         49         405 000
         50         405 100
         51         405 001
         52         405 101
         53         405 010
         54         405 010
         55         405 111
         56         405 101
         57         405 000
         58         405 100
         59         405 001
         60         405 111
         24         406 100
         25         406 000
         26         406 000
         27         406 000
         28         406 000
         29         406 000
         30         406 000
         31         406 000
         32         406 000
         33         406 000
         34         406 011
         35         406 011
         36         406 011
         37         406 011
         38         406 010
         39         406 010
         40         406 110
         41         406 001
         42         406 001
         43         406 001
         44         406 001
         45         406 010
         46         406 010
         47         406 010
         48         406 010
         49         406 000
         50         406 100
         51         406 000
         52         406 100
         53         406 010
         54         406 010
         55         406 110
         56         406 100
         57         406 001
         58         406 101
         59         406 001
         60         406 101
         24         407 101
         25         407 000
         26         407 000
         27         407 000
         28         407 001
         29         407 000
         30         407 000
         31         407 000
         32         407 001
         33         407 001
         34         407 111
         35         407 101
         36         407 110
         37         407 100
         38         407 010
         39         407 010
         40         407 111
         41         407 001
         42         407 011
         43         407 000
         44         407 010
         45         407 010
         46         407 010
         47         407 011
         48         407 011
         49         407 000
         50         407 100
         51         407 001
         52         407 101
         53         407 010
         54         407 010
         55         407 111
         56         407 101
         57         407 001
         58         407 111
         59         407 000
         60         407 110
         24         408 011
         25         408 000
         26         408 000
         27         408 000
         28         408 000
         29         408 000
         30         408 000
         31         408 000
         32         408 000
         33         408 000
         34         408 011
         35         408 011
         36         408 011
         37         408 011
         38         408 011
         39         408 011
         40         408 011
         41         408 000
         42         408 000
         43         408 000
         44         408 000
         45         408 010
         46         408 010
         47         408 010
         48         408 010
         49         408 001
         50         408 101
         51         408 001
         52         408 101
         53         408 010
         54         408 010
         55         408 110
         56         408 100
         57         408 001
         58         408 101
         59         408 001
         60         408 101
         24         409 100
         25         409 000
         26         409 000
         27         409 000
         28         409 001
         29         409 000
         30         409 000
         31         409 000
         32         409 001
         33         409 001
         34         409 111
         35         409 101
         36         409 110
         37         409 100
         38         409 111
         39         409 101
         40         409 110
         41         409 000
         42         409 000
         43         409 001
         44         409 001
         45         409 010
         46         409 010
         47         409 011
         48         409 011
         49         409 001
         50         409 111
         51         409 000
         52         409 110
         53         409 010
         54         409 010
         55         409 111
         56         409 101
         57         409 001
         58         409 111
         59         409 000
         60         409 110
         24         410 100
         25         410 000
         26         410 000
         27         410 000
         28         410 000
         29         410 000
         30         410 000
         31         410 000
         32         410 000
         33         410 000
         34         410 011
         35         410 011
         36         410 011
         37         410 011
         38         410 010
         39         410 010
         40         410 110
         41         410 001
         42         410 001
         43         410 001
         44         410 001
         45         410 011
         46         410 011
         47         410 011
         48         410 011
         49         410 001
         50         410 101
         51         410 001
         52         410 101
         53         410 011
         54         410 011
         55         410 011
         56         410 011
         57         410 001
         58         410 101
         59         410 001
         60         410 101
         24         411 101
         25         411 000
         26         411 000
         27         411 000
         28         411 001
         29         411 000
         30         411 000
         31         411 000
         32         411 001
         33         411 001
         34         411 111
         35         411 101
         36         411 110
         37         411 100
         38         411 010
         39         411 010
         40         411 111
         41         411 001
         42         411 011
         43         411 000
         44         411 010
         45         411 111
         46         411 101
         47         411 110
         48         411 100
         49         411 001
         50         411 111
         51         411 000
         52         411 110
         53         411 111
         54         411 101
         55         411 110
         56         411 100
         57         411 001
         58         411 111
         59         411 000
         60         411 110
         24         412 010
         25         412 000
         26         412 000
         27         412 000
         28         412 000
         29         412 000
         30         412 000
         31         412 000
         32         412 000
         33         412 000
         34         412 011
         35         412 011
         36         412 011
         37         412 011
         38         412 010
         39         412 010
         40         412 010
         41         412 001
         42         412 001
         43         412 001
         44         412 001
         45         412 010
         46         412 010
         47         412 110
         48         412 100
         49         412 000
         50         412 100
         51         412 000
         52         412 100
         53         412 010
         54         412 010
         55         412 110
         56         412 100
         57         412 000
         58         412 100
         59         412 000
         60         412 110
         24         413 011
         25         413 000
         26         413 000
         27         413 000
         28         413 001
         29         413 000
         30         413 000
         31         413 000
         32         413 001
         33         413 001
         34         413 111
         35         413 101
         36         413 110
         37         413 100
         38         413 010
         39         413 010
         40         413 011
         41         413 001
         42         413 011
         43         413 000
         44         413 010
         45         413 010
         46         413 010
         47         413 111
         48         413 101
         49         413 000
         50         413 100
         51         413 001
         52         413 101
         53         413 010
         54         413 010
         55         413 111
         56         413 101
         57         413 000
         58         413 100
         59         413 001
         60         413 111
         24         414 011
         25         414 000
         26         414 000
         27         414 000
         28         414 000
         29         414 000
         30         414 000
         31         414 000
         32         414 000
         33         414 000
         34         414 011
         35         414 011
         36         414 011
         37         414 011
         38         414 011
         39         414 011
         40         414 011
         41         414 000
         42         414 000
         43         414 000
         44         414 000
         45         414 011
         46         414 011
         47         414 011
         48         414 011
         49         414 000
         50         414 100
         51         414 000
         52         414 100
         53         414 011
         54         414 011
         55         414 011
         56         414 011
         57         414 000
         58         414 100
         59         414 000
         60         414 100
         24         415 100
         25         415 000
         26         415 000
         27         415 000
         28         415 001
         29         415 000
         30         415 000
         31         415 000
         32         415 001
         33         415 001
         34         415 111
         35         415 101
         36         415 110
         37         415 100
         38         415 111
         39         415 101
         40         415 110
         41         415 000
         42         415 000
         43         415 001
         44         415 001
         45         415 111
         46         415 101
         47         415 110
         48         415 100
         49         415 000
         50         415 100
         51         415 001
         52         415 101
         53         415 111
         54         415 101
         55         415 110
         56         415 100
         57         415 000
         58         415 100
         59         415 001
         60         415 101
         24         416 100
         25         416 000
         26         416 001
         27         416 000
         28         416 000
         29         416 000
         30         416 000
         31         416 000
         32         416 000
         33         416 000
         34         416 011
         35         416 011
         36         416 011
         37         416 011
         38         416 000
         39         416 100
         40         416 000
         41         416 010
         42         416 010
         43         416 010
         44         416 010
         45         416 010
         46         416 010
         47         416 010
         48         416 010
         49         416 001
         50         416 101
         51         416 001
         52         416 101
         53         416 001
         54         416 101
         55         416 001
         56         416 101
         57         416 001
         58         416 001
         59         416 001
         60         416 001
         24         417 101
         25         417 000
         26         417 001
         27         417 000
         28         417 001
         29         417 000
         30         417 000
         31         417 000
         32         417 001
         33         417 001
         34         417 111
         35         417 101
         36         417 110
         37         417 100
         38         417 000
         39         417 100
         40         417 001
         41         417 010
         42         417 010
         43         417 011
         44         417 011
         45         417 010
         46         417 010
         47         417 011
         48         417 011
         49         417 001
         50         417 111
         51         417 000
         52         417 110
         53         417 001
         54         417 111
         55         417 000
         56         417 110
         57         417 001
         58         417 011
         59         417 000
         60         417 010
         24         418 101
         25         418 000
         26         418 000
         27         418 000
         28         418 000
         29         418 000
         30         418 000
         31         418 000
         32         418 000
         33         418 000
         34         418 011
         35         418 011
         36         418 011
         37         418 011
         38         418 001
         39         418 101
         40         418 001
         41         418 011
         42         418 011
         43         418 011
         44         418 011
         45         418 011
         46         418 011
         47         418 011
         48         418 011
         49         418 000
         50         418 100
         51         418 000
         52         418 100
         53         418 000
         54         418 100
         55         418 000
         56         418 100
         57         418 001
         58         418 001
         59         418 001
         60         418 001
         24         419 110
         25         419 000
         26         419 000
         27         419 000
         28         419 001
         29         419 000
         30         419 000
         31         419 000
         32         419 001
         33         419 001
         34         419 111
         35         419 101
         36         419 110
         37         419 100
         38         419 001
         39         419 111
         40         419 000
         41         419 111
         42         419 101
         43         419 110
         44         419 100
         45         419 111
         46         419 101
         47         419 110
         48         419 100
         49         419 000
         50         419 100
         51         419 001
         52         419 101
         53         419 000
         54         419 100
         55         419 001
         56         419 101
         57         419 001
         58         419 011
         59         419 000
         60         419 010
         24         420 100
         25         420 000
         26         420 000
         27         420 000
         28         420 000
         29         420 000
         30         420 000
         31         420 000
         32         420 000
         33         420 000
         34         420 011
         35         420 011
         36         420 011
         37         420 011
         38         420 000
         39         420 100
         40         420 000
         41         420 011
         42         420 011
         43         420 011
         44         420 011
         45         420 011
         46         420 011
         47         420 011
         48         420 011
         49         420 000
         50         420 100
         51         420 000
         52         420 100
         53         420 001
         54         420 101
         55         420 001
         56         420 101
         57         420 001
         58         420 001
         59         420 001
         60         420 001
         24         421 101
         25         421 000
         26         421 000
         27         421 000
         28         421 001
         29         421 000
         30         421 000
         31         421 000
         32         421 001
         33         421 001
         34         421 111
         35         421 101
         36         421 110
         37         421 100
         38         421 000
         39         421 100
         40         421 001
         41         421 111
         42         421 101
         43         421 110
         44         421 100
         45         421 111
         46         421 101
         47         421 110
         48         421 100
         49         421 000
         50         421 100
         51         421 001
         52         421 101
         53         421 001
         54         421 111
         55         421 000
         56         421 110
         57         421 001
         58         421 011
         59         421 000
         60         421 010
         24         422 101
         25         422 000
         26         422 000
         27         422 000
         28         422 000
         29         422 000
         30         422 000
         31         422 000
         32         422 000
         33         422 000
         34         422 011
         35         422 011
         36         422 011
         37         422 011
         38         422 001
         39         422 101
         40         422 001
         41         422 010
         42         422 010
         43         422 010
         44         422 010
         45         422 010
         46         422 010
         47         422 010
         48         422 010
         49         422 000
         50         422 100
         51         422 000
         52         422 100
         53         422 001
         54         422 101
         55         422 001
         56         422 101
         57         422 000
         58         422 000
         59         422 000
         60         422 000
         24         423 110
         25         423 000
         26         423 000
         27         423 000
         28         423 001
         29         423 000
         30         423 000
         31         423 000
         32         423 001
         33         423 001
         34         423 111
         35         423 101
         36         423 110
         37         423 100
         38         423 001
         39         423 111
         40         423 000
         41         423 010
         42         423 010
         43         423 011
         44         423 011
         45         423 010
         46         423 010
         47         423 011
         48         423 011
         49         423 000
         50         423 100
         51         423 001
         52         423 101
         53         423 001
         54         423 111
         55         423 000
         56         423 110
         57         423 000
         58         423 000
         59         423 001
         60         423 001
         24         424 100
         25         424 000
         26         424 000
         27         424 000
         28         424 000
         29         424 000
         30         424 000
         31         424 000
         32         424 000
         33         424 000
         34         424 011
         35         424 011
         36         424 011
         37         424 011
         38         424 000
         39         424 100
         40         424 000
         41         424 011
         42         424 011
         43         424 011
         44         424 011
         45         424 011
         46         424 011
         47         424 011
         48         424 011
         49         424 001
         50         424 101
         51         424 001
         52         424 101
         53         424 001
         54         424 101
         55         424 001
         56         424 101
         57         424 001
         58         424 001
         59         424 001
         60         424 001
         24         425 101
         25         425 000
         26         425 000
         27         425 000
         28         425 001
         29         425 000
         30         425 000
         31         425 000
         32         425 001
         33         425 001
         34         425 111
         35         425 101
         36         425 110
         37         425 100
         38         425 000
         39         425 100
         40         425 001
         41         425 111
         42         425 101
         43         425 110
         44         425 100
         45         425 111
         46         425 101
         47         425 110
         48         425 100
         49         425 001
         50         425 111
         51         425 000
         52         425 110
         53         425 001
         54         425 111
         55         425 000
         56         425 110
         57         425 001
         58         425 011
         59         425 000
         60         425 010
         24         426 101
         25         426 000
         26         426 000
         27         426 000
         28         426 000
         29         426 000
         30         426 000
         31         426 000
         32         426 000
         33         426 000
         34         426 011
         35         426 011
         36         426 011
         37         426 011
         38         426 001
         39         426 101
         40         426 001
         41         426 010
         42         426 010
         43         426 110
         44         426 100
         45         426 011
         46         426 011
         47         426 011
         48         426 011
         49         426 000
         50         426 100
         51         426 000
         52         426 100
         53         426 000
         54         426 100
         55         426 000
         56         426 100
         57         426 000
         58         426 000
         59         426 000
         60         426 010
         24         427 110
         25         427 000
         26         427 000
         27         427 000
         28         427 001
         29         427 000
         30         427 000
         31         427 000
         32         427 001
         33         427 001
         34         427 111
         35         427 101
         36         427 110
         37         427 100
         38         427 001
         39         427 111
         40         427 000
         41         427 010
         42         427 010
         43         427 111
         44         427 101
         45         427 111
         46         427 101
         47         427 110
         48         427 100
         49         427 000
         50         427 100
         51         427 001
         52         427 101
         53         427 000
         54         427 100
         55         427 001
         56         427 101
         57         427 000
         58         427 000
         59         427 001
         60         427 011
         24         428 100
         25         428 000
         26         428 000
         27         428 000
         28         428 000
         29         428 000
         30         428 000
         31         428 000
         32         428 000
         33         428 000
         34         428 011
         35         428 011
         36         428 011
         37         428 011
         38         428 000
         39         428 100
         40         428 000
         41         428 010
         42         428 010
         43         428 110
         44         428 100
         45         428 010
         46         428 010
         47         428 110
         48         428 100
         49         428 000
         50         428 100
         51         428 000
         52         428 100
         53         428 001
         54         428 101
         55         428 001
         56         428 101
         57         428 001
         58         428 001
         59         428 001
         60         428 001
         24         429 101
         25         429 000
         26         429 000
         27         429 000
         28         429 001
         29         429 000
         30         429 000
         31         429 000
         32         429 001
         33         429 001
         34         429 111
         35         429 101
         36         429 110
         37         429 100
         38         429 000
         39         429 100
         40         429 001
         41         429 010
         42         429 010
         43         429 111
         44         429 101
         45         429 010
         46         429 010
         47         429 111
         48         429 101
         49         429 000
         50         429 100
         51         429 001
         52         429 101
         53         429 001
         54         429 111
         55         429 000
         56         429 110
         57         429 001
         58         429 011
         59         429 000
         60         429 010
         24         430 101
         25         430 000
         26         430 000
         27         430 000
         28         430 000
         29         430 000
         30         430 000
         31         430 000
         32         430 000
         33         430 000
         34         430 011
         35         430 011
         36         430 011
         37         430 011
         38         430 001
         39         430 101
         40         430 001
         41         430 011
         42         430 011
         43         430 011
         44         430 011
         45         430 010
         46         430 010
         47         430 010
         48         430 010
         49         430 000
         50         430 100
         51         430 000
         52         430 100
         53         430 000
         54         430 100
         55         430 000
         56         430 110
         57         430 000
         58         430 000
         59         430 000
         60         430 000
         24         431 110
         25         431 000
         26         431 000
         27         431 000
         28         431 001
         29         431 000
         30         431 000
         31         431 000
         32         431 001
         33         431 001
         34         431 111
         35         431 101
         36         431 110
         37         431 100
         38         431 001
         39         431 111
         40         431 000
         41         431 111
         42         431 101
         43         431 110
         44         431 100
         45         431 010
         46         431 010
         47         431 011
         48         431 011
         49         431 000
         50         431 100
         51         431 001
         52         431 101
         53         431 000
         54         431 100
         55         431 001
         56         431 111
         57         431 000
         58         431 000
         59         431 001
         60         431 001
         24         432 100
         25         432 000
         26         432 000
         27         432 000
         28         432 000
         29         432 000
         30         432 000
         31         432 000
         32         432 000
         33         432 000
         34         432 011
         35         432 011
         36         432 011
         37         432 011
         38         432 000
         39         432 100
         40         432 000
         41         432 011
         42         432 011
         43         432 011
         44         432 011
         45         432 010
         46         432 010
         47         432 010
         48         432 010
         49         432 001
         50         432 101
         51         432 001
         52         432 101
         53         432 000
         54         432 100
         55         432 000
         56         432 110
         57         432 001
         58         432 001
         59         432 001
         60         432 001
         24         433 101
         25         433 000
         26         433 000
         27         433 000
         28         433 001
         29         433 000
         30         433 000
         31         433 000
         32         433 001
         33         433 001
         34         433 111
         35         433 101
         36         433 110
         37         433 100
         38         433 000
         39         433 100
         40         433 001
         41         433 111
         42         433 101
         43         433 110
         44         433 100
         45         433 010
         46         433 010
         47         433 011
         48         433 011
         49         433 001
         50         433 111
         51         433 000
         52         433 110
         53         433 000
         54         433 100
         55         433 001
         56         433 111
         57         433 001
         58         433 011
         59         433 000
         60         433 010
         24         434 101
         25         434 000
         26         434 000
         27         434 000
         28         434 000
         29         434 000
         30         434 000
         31         434 000
         32         434 000
         33         434 000
         34         434 011
         35         434 011
         36         434 011
         37         434 011
         38         434 001
         39         434 101
         40         434 001
         41         434 010
         42         434 010
         43         434 110
         44         434 100
         45         434 010
         46         434 010
         47         434 110
         48         434 100
         49         434 000
         50         434 100
         51         434 000
         52         434 100
         53         434 000
         54         434 100
         55         434 000
         56         434 100
         57         434 001
         58         434 001
         59         434 001
         60         434 001
         24         435 110
         25         435 000
         26         435 000
         27         435 000
         28         435 001
         29         435 000
         30         435 000
         31         435 000
         32         435 001
         33         435 001
         34         435 111
         35         435 101
         36         435 110
         37         435 100
         38         435 001
         39         435 111
         40         435 000
         41         435 010
         42         435 010
         43         435 111
         44         435 101
         45         435 010
         46         435 010
         47         435 111
         48         435 101
         49         435 000
         50         435 100
         51         435 001
         52         435 101
         53         435 000
         54         435 100
         55         435 001
         56         435 101
         57         435 001
         58         435 011
         59         435 000
         60         435 010
         24         436 101
         25         436 000
         26         436 000
         27         436 000
         28         436 000
         29         436 000
         30         436 000
         31         436 000
         32         436 000
         33         436 000
         34         436 011
         35         436 011
         36         436 011
         37         436 011
         38         436 001
         39         436 101
         40         436 001
         41         436 010
         42         436 010
         43         436 110
         44         436 100
         45         436 010
         46         436 010
         47         436 110
         48         436 100
         49         436 000
         50         436 100
         51         436 000
         52         436 100
         53         436 000
         54         436 100
         55         436 000
         56         436 110
         57         436 000
         58         436 000
         59         436 000
         60         436 010
         24         437 110
         25         437 000
         26         437 000
         27         437 000
         28         437 001
         29         437 000
         30         437 000
         31         437 000
         32         437 001
         33         437 001
         34         437 111
         35         437 101
         36         437 110
         37         437 100
         38         437 001
         39         437 111
         40         437 000
         41         437 010
         42         437 010
         43         437 111
         44         437 101
         45         437 010
         46         437 010
         47         437 111
         48         437 101
         49         437 000
         50         437 100
         51         437 001
         52         437 101
         53         437 000
         54         437 100
         55         437 001
         56         437 111
         57         437 000
         58         437 000
         59         437 001
         60         437 011
         24         438 110
         25         438 000
         26         438 000
         27         438 000
         28         438 000
         29         438 000
         30         438 000
         31         438 000
         32         438 000
         33         438 000
         34         438 011
         35         438 011
         36         438 011
         37         438 011
         38         438 000
         39         438 100
         40         438 000
         41         438 011
         42         438 011
         43         438 011
         44         438 011
         45         438 010
         46         438 010
         47         438 010
         48         438 010
         49         438 000
         50         438 100
         51         438 000
         52         438 100
         53         438 000
         54         438 100
         55         438 000
         56         438 110
         57         438 001
         58         438 001
         59         438 001
         60         438 001
         24         439 111
         25         439 000
         26         439 000
         27         439 000
         28         439 001
         29         439 000
         30         439 000
         31         439 000
         32         439 001
         33         439 001
         34         439 111
         35         439 101
         36         439 110
         37         439 100
         38         439 000
         39         439 100
         40         439 001
         41         439 111
         42         439 101
         43         439 110
         44         439 100
         45         439 010
         46         439 010
         47         439 011
         48         439 011
         49         439 000
         50         439 100
         51         439 001
         52         439 101
         53         439 000
         54         439 100
         55         439 001
         56         439 111
         57         439 001
         58         439 011
         59         439 000
         60         439 010
         24         440 101
         25         440 000
         26         440 000
         27         440 000
         28         440 000
         29         440 000
         30         440 000
         31         440 000
         32         440 000
         33         440 000
         34         440 011
         35         440 011
         36         440 011
         37         440 011
         38         440 001
         39         440 101
         40         440 001
         41         440 010
         42         440 010
         43         440 010
         44         440 010
         45         440 010
         46         440 010
         47         440 010
         48         440 010
         49         440 001
         50         440 101
         51         440 001
         52         440 101
         53         440 000
         54         440 100
         55         440 000
         56         440 110
         57         440 001
         58         440 001
         59         440 001
         60         440 001
         24         441 110
         25         441 000
         26         441 000
         27         441 000
         28         441 001
         29         441 000
         30         441 000
         31         441 000
         32         441 001
         33         441 001
         34         441 111
         35         441 101
         36         441 110
         37         441 100
         38         441 001
         39         441 111
         40         441 000
         41         441 010
         42         441 010
         43         441 011
         44         441 011
         45         441 010
         46         441 010
         47         441 011
         48         441 011
         49         441 001
         50         441 111
         51         441 000
         52         441 110
         53         441 000
         54         441 100
         55         441 001
         56         441 111
         57         441 001
         58         441 011
         59         441 000
         60         441 010
         24         442 110
         25         442 000
         26         442 000
         27         442 000
         28         442 000
         29         442 000
         30         442 000
         31         442 000
         32         442 000
         33         442 000
         34         442 011
         35         442 011
         36         442 011
         37         442 011
         38         442 000
         39         442 100
         40         442 000
         41         442 011
         42         442 011
         43         442 011
         44         442 011
         45         442 011
         46         442 011
         47         442 011
         48         442 011
         49         442 001
         50         442 101
         51         442 001
         52         442 101
         53         442 001
         54         442 101
         55         442 001
         56         442 101
         57         442 001
         58         442 001
         59         442 001
         60         442 001
         24         443 111
         25         443 000
         26         443 000
         27         443 000
         28         443 001
         29         443 000
         30         443 000
         31         443 000
         32         443 001
         33         443 001
         34         443 111
         35         443 101
         36         443 110
         37         443 100
         38         443 000
         39         443 100
         40         443 001
         41         443 111
         42         443 101
         43         443 110
         44         443 100
         45         443 111
         46         443 101
         47         443 110
         48         443 100
         49         443 001
         50         443 111
         51         443 000
         52         443 110
         53         443 001
         54         443 111
         55         443 000
         56         443 110
         57         443 001
         58         443 011
         59         443 000
         60         443 010
         24         444 100
         25         444 000
         26         444 000
         27         444 000
         28         444 000
         29         444 000
         30         444 000
         31         444 000
         32         444 000
         33         444 000
         34         444 011
         35         444 011
         36         444 011
         37         444 011
         38         444 000
         39         444 100
         40         444 000
         41         444 011
         42         444 011
         43         444 011
         44         444 011
         45         444 010
         46         444 010
         47         444 110
         48         444 100
         49         444 000
         50         444 100
         51         444 000
         52         444 100
         53         444 000
         54         444 100
         55         444 000
         56         444 110
         57         444 000
         58         444 000
         59         444 000
         60         444 010
         24         445 101
         25         445 000
         26         445 000
         27         445 000
         28         445 001
         29         445 000
         30         445 000
         31         445 000
         32         445 001
         33         445 001
         34         445 111
         35         445 101
         36         445 110
         37         445 100
         38         445 000
         39         445 100
         40         445 001
         41         445 111
         42         445 101
         43         445 110
         44         445 100
         45         445 010
         46         445 010
         47         445 111
         48         445 101
         49         445 000
         50         445 100
         51         445 001
         52         445 101
         53         445 000
         54         445 100
         55         445 001
         56         445 111
         57         445 000
         58         445 000
         59         445 001
         60         445 011
         24         446 101
         25         446 000
         26         446 000
         27         446 000
         28         446 000
         29         446 000
         30         446 000
         31         446 000
         32         446 000
         33         446 000
         34         446 011
         35         446 011
         36         446 011
         37         446 011
         38         446 001
         39         446 101
         40         446 001
         41         446 010
         42         446 010
         43         446 010
         44         446 010
         45         446 011
         46         446 011
         47         446 011
         48         446 011
         49         446 000
         50         446 100
         51         446 000
         52         446 100
         53         446 001
         54         446 101
         55         446 001
         56         446 101
         57         446 000
         58         446 000
         59         446 000
         60         446 000
         24         447 110
         25         447 000
         26         447 000
         27         447 000
         28         447 001
         29         447 000
         30         447 000
         31         447 000
         32         447 001
         33         447 001
         34         447 111
         35         447 101
         36         447 110
         37         447 100
         38         447 001
         39         447 111
         40         447 000
         41         447 010
         42         447 010
         43         447 011
         44         447 011
         45         447 111
         46         447 101
         47         447 110
         48         447 100
         49         447 000
         50         447 100
         51         447 001
         52         447 101
         53         447 001
         54         447 111
         55         447 000
         56         447 110
         57         447 000
         58         447 000
         59         447 001
         60         447 001
         24         448 000
         25         448 000
         26         448 001
         27         448 000
         28         448 000
         29         448 000
         30         448 000
         31         448 000
         32         448 000
         33         448 000
         34         448 011
         35         448 011
         36         448 011
         37         448 011
         38         448 000
         39         448 000
         40         448 000
         41         448 000
         42         448 000
         43         448 000
         44         448 000
         45         448 000
         46         448 100
         47         448 000
         48         448 100
         49         448 011
         50         448 011
         51         448 011
         52         448 011
         53         448 011
         54         448 011
         55         448 011
         56         448 011
         57         448 001
         58         448 101
         59         448 001
         60         448 101
         24         449 001
         25         449 000
         26         449 001
         27         449 000
         28         449 001
         29         449 000
         30         449 000
         31         449 000
         32         449 001
         33         449 001
         34         449 111
         35         449 101
         36         449 110
         37         449 100
         38         449 000
         39         449 000
         40         449 001
         41         449 000
         42         449 000
         43         449 001
         44         449 001
         45         449 000
         46         449 100
         47         449 001
         48         449 101
         49         449 111
         50         449 101
         51         449 110
         52         449 100
         53         449 111
         54         449 101
         55         449 110
         56         449 100
         57         449 001
         58         449 111
         59         449 000
         60         449 110
         24         450 001
         25         450 000
         26         450 000
         27         450 000
         28         450 000
         29         450 000
         30         450 000
         31         450 000
         32         450 000
         33         450 000
         34         450 011
         35         450 011
         36         450 011
         37         450 011
         38         450 001
         39         450 001
         40         450 001
         41         450 001
         42         450 001
         43         450 001
         44         450 001
         45         450 001
         46         450 101
         47         450 001
         48         450 101
         49         450 010
         50         450 010
         51         450 010
         52         450 010
         53         450 010
         54         450 010
         55         450 010
         56         450 010
         57         450 001
         58         450 101
         59         450 001
         60         450 101
         24         451 010
         25         451 000
         26         451 000
         27         451 000
         28         451 001
         29         451 000
         30         451 000
         31         451 000
         32         451 001
         33         451 001
         34         451 111
         35         451 101
         36         451 110
         37         451 100
         38         451 001
         39         451 011
         40         451 000
         41         451 001
         42         451 011
         43         451 000
         44         451 010
         45         451 001
         46         451 111
         47         451 000
         48         451 110
         49         451 010
         50         451 010
         51         451 011
         52         451 011
         53         451 010
         54         451 010
         55         451 011
         56         451 011
         57         451 001
         58         451 111
         59         451 000
         60         451 110
         24         452 000
         25         452 000
         26         452 000
         27         452 000
         28         452 000
         29         452 000
         30         452 000
         31         452 000
         32         452 000
         33         452 000
         34         452 011
         35         452 011
         36         452 011
         37         452 011
         38         452 000
         39         452 000
         40         452 000
         41         452 001
         42         452 001
         43         452 001
         44         452 001
         45         452 001
         46         452 101
         47         452 001
         48         452 101
         49         452 010
         50         452 010
         51         452 010
         52         452 010
         53         452 011
         54         452 011
         55         452 011
         56         452 011
         57         452 001
         58         452 101
         59         452 001
         60         452 101
         24         453 001
         25         453 000
         26         453 000
         27         453 000
         28         453 001
         29         453 000
         30         453 000
         31         453 000
         32         453 001
         33         453 001
         34         453 111
         35         453 101
         36         453 110
         37         453 100
         38         453 000
         39         453 000
         40         453 001
         41         453 001
         42         453 011
         43         453 000
         44         453 010
         45         453 001
         46         453 111
         47         453 000
         48         453 110
         49         453 010
         50         453 010
         51         453 011
         52         453 011
         53         453 111
         54         453 101
         55         453 110
         56         453 100
         57         453 001
         58         453 111
         59         453 000
         60         453 110
         24         454 001
         25         454 000
         26         454 000
         27         454 000
         28         454 000
         29         454 000
         30         454 000
         31         454 000
         32         454 000
         33         454 000
         34         454 011
         35         454 011
         36         454 011
         37         454 011
         38         454 001
         39         454 001
         40         454 001
         41         454 000
         42         454 000
         43         454 000
         44         454 000
         45         454 000
         46         454 100
         47         454 000
         48         454 100
         49         454 010
         50         454 010
         51         454 010
         52         454 010
         53         454 011
         54         454 011
         55         454 011
         56         454 011
         57         454 000
         58         454 100
         59         454 000
         60         454 100
         24         455 010
         25         455 000
         26         455 000
         27         455 000
         28         455 001
         29         455 000
         30         455 000
         31         455 000
         32         455 001
         33         455 001
         34         455 111
         35         455 101
         36         455 110
         37         455 100
         38         455 001
         39         455 011
         40         455 000
         41         455 000
         42         455 000
         43         455 001
         44         455 001
         45         455 000
         46         455 100
         47         455 001
         48         455 101
         49         455 010
         50         455 010
         51         455 011
         52         455 011
         53         455 111
         54         455 101
         55         455 110
         56         455 100
         57         455 000
         58         455 100
         59         455 001
         60         455 101
         24         456 000
         25         456 000
         26         456 000
         27         456 000
         28         456 000
         29         456 000
         30         456 000
         31         456 000
         32         456 000
         33         456 000
         34         456 011
         35         456 011
         36         456 011
         37         456 011
         38         456 000
         39         456 000
         40         456 000
         41         456 001
         42         456 001
         43         456 001
         44         456 001
         45         456 001
         46         456 101
         47         456 001
         48         456 101
         49         456 011
         50         456 011
         51         456 011
         52         456 011
         53         456 011
         54         456 011
         55         456 011
         56         456 011
         57         456 001
         58         456 101
         59         456 001
         60         456 101
         24         457 001
         25         457 000
         26         457 000
         27         457 000
         28         457 001
         29         457 000
         30         457 000
         31         457 000
         32         457 001
         33         457 001
         34         457 111
         35         457 101
         36         457 110
         37         457 100
         38         457 000
         39         457 000
         40         457 001
         41         457 001
         42         457 011
         43         457 000
         44         457 010
         45         457 001
         46         457 111
         47         457 000
         48         457 110
         49         457 111
         50         457 101
         51         457 110
         52         457 100
         53         457 111
         54         457 101
         55         457 110
         56         457 100
         57         457 001
         58         457 111
         59         457 000
         60         457 110
         24         458 001
         25         458 000
         26         458 000
         27         458 000
         28         458 000
         29         458 000
         30         458 000
         31         458 000
         32         458 000
         33         458 000
         34         458 011
         35         458 011
         36         458 011
         37         458 011
         38         458 001
         39         458 001
         40         458 001
         41         458 000
         42         458 000
         43         458 000
         44         458 010
         45         458 001
         46         458 101
         47         458 001
         48         458 101
         49         458 010
         50         458 010
         51         458 010
         52         458 010
         53         458 010
         54         458 010
         55         458 010
         56         458 010
         57         458 000
         58         458 100
         59         458 000
         60         458 110
         24         459 010
         25         459 000
         26         459 000
         27         459 000
         28         459 001
         29         459 000
         30         459 000
         31         459 000
         32         459 001
         33         459 001
         34         459 111
         35         459 101
         36         459 110
         37         459 100
         38         459 001
         39         459 011
         40         459 000
         41         459 000
         42         459 000
         43         459 001
         44         459 011
         45         459 001
         46         459 111
         47         459 000
         48         459 110
         49         459 010
         50         459 010
         51         459 011
         52         459 011
         53         459 010
         54         459 010
         55         459 011
         56         459 011
         57         459 000
         58         459 100
         59         459 001
         60         459 111
         24         460 000
         25         460 000
         26         460 000
         27         460 000
         28         460 000
         29         460 000
         30         460 000
         31         460 000
         32         460 000
         33         460 000
         34         460 011
         35         460 011
         36         460 011
         37         460 011
         38         460 000
         39         460 000
         40         460 000
         41         460 000
         42         460 000
         43         460 000
         44         460 010
         45         460 000
         46         460 100
         47         460 000
         48         460 110
         49         460 010
         50         460 010
         51         460 010
         52         460 010
         53         460 011
         54         460 011
         55         460 011
         56         460 011
         57         460 001
         58         460 101
         59         460 001
         60         460 101
         24         461 001
         25         461 000
         26         461 000
         27         461 000
         28         461 001
         29         461 000
         30         461 000
         31         461 000
         32         461 001
         33         461 001
         34         461 111
         35         461 101
         36         461 110
         37         461 100
         38         461 000
         39         461 000
         40         461 001
         41         461 000
         42         461 000
         43         461 001
         44         461 011
         45         461 000
         46         461 100
         47         461 001
         48         461 111
         49         461 010
         50         461 010
         51         461 011
         52         461 011
         53         461 111
         54         461 101
         55         461 110
         56         461 100
         57         461 001
         58         461 111
         59         461 000
         60         461 110
         24         462 001
         25         462 000
         26         462 000
         27         462 000
         28         462 000
         29         462 000
         30         462 000
         31         462 000
         32         462 000
         33         462 000
         34         462 011
         35         462 011
         36         462 011
         37         462 011
         38         462 001
         39         462 001
         40         462 001
         41         462 001
         42         462 001
         43         462 001
         44         462 001
         45         462 000
         46         462 100
         47         462 000
         48         462 100
         49         462 010
         50         462 010
         51         462 010
         52         462 010
         53         462 010
         54         462 010
         55         462 110
         56         462 100
         57         462 000
         58         462 100
         59         462 000
         60         462 100
         24         463 010
         25         463 000
         26         463 000
         27         463 000
         28         463 001
         29         463 000
         30         463 000
         31         463 000
         32         463 001
         33         463 001
         34         463 111
         35         463 101
         36         463 110
         37         463 100
         38         463 001
         39         463 011
         40         463 000
         41         463 001
         42         463 011
         43         463 000
         44         463 010
         45         463 000
         46         463 100
         47         463 001
         48         463 101
         49         463 010
         50         463 010
         51         463 011
         52         463 011
         53         463 010
         54         463 010
         55         463 111
         56         463 101
         57         463 000
         58         463 100
         59         463 001
         60         463 101
         24         464 000
         25         464 000
         26         464 000
         27         464 000
         28         464 000
         29         464 000
         30         464 000
         31         464 000
         32         464 000
         33         464 000
         34         464 011
         35         464 011
         36         464 011
         37         464 011
         38         464 000
         39         464 000
         40         464 000
         41         464 001
         42         464 001
         43         464 001
         44         464 001
         45         464 000
         46         464 100
         47         464 000
         48         464 100
         49         464 011
         50         464 011
         51         464 011
         52         464 011
         53         464 010
         54         464 010
         55         464 110
         56         464 100
         57         464 001
         58         464 101
         59         464 001
         60         464 101
         24         465 001
         25         465 000
         26         465 000
         27         465 000
         28         465 001
         29         465 000
         30         465 000
         31         465 000
         32         465 001
         33         465 001
         34         465 111
         35         465 101
         36         465 110
         37         465 100
         38         465 000
         39         465 000
         40         465 001
         41         465 001
         42         465 011
         43         465 000
         44         465 010
         45         465 000
         46         465 100
         47         465 001
         48         465 101
         49         465 111
         50         465 101
         51         465 110
         52         465 100
         53         465 010
         54         465 010
         55         465 111
         56         465 101
         57         465 001
         58         465 111
         59         465 000
         60         465 110
         24         466 001
         25         466 000
         26         466 000
         27         466 000
         28         466 000
         29         466 000
         30         466 000
         31         466 000
         32         466 000
         33         466 000
         34         466 011
         35         466 011
         36         466 011
         37         466 011
         38         466 001
         39         466 001
         40         466 001
         41         466 000
         42         466 000
         43         466 000
         44         466 010
         45         466 000
         46         466 100
         47         466 000
         48         466 110
         49         466 010
         50         466 010
         51         466 010
         52         466 010
         53         466 010
         54         466 010
         55         466 010
         56         466 010
         57         466 001
         58         466 101
         59         466 001
         60         466 101
         24         467 010
         25         467 000
         26         467 000
         27         467 000
         28         467 001
         29         467 000
         30         467 000
         31         467 000
         32         467 001
         33         467 001
         34         467 111
         35         467 101
         36         467 110
         37         467 100
         38         467 001
         39         467 011
         40         467 000
         41         467 000
         42         467 000
         43         467 001
         44         467 011
         45         467 000
         46         467 100
         47         467 001
         48         467 111
         49         467 010
         50         467 010
         51         467 011
         52         467 011
         53         467 010
         54         467 010
         55         467 011
         56         467 011
         57         467 001
         58         467 111
         59         467 000
         60         467 110
         24         468 001
         25         468 000
         26         468 000
         27         468 000
         28         468 000
         29         468 000
         30         468 000
         31         468 000
         32         468 000
         33         468 000
         34         468 011
         35         468 011
         36         468 011
         37         468 011
         38         468 001
         39         468 001
         40         468 001
         41         468 000
         42         468 000
         43         468 000
         44         468 010
         45         468 000
         46         468 100
         47         468 000
         48         468 110
         49         468 010
         50         468 010
         51         468 010
         52         468 010
         53         468 010
         54         468 010
         55         468 110
         56         468 100
         57         468 000
         58         468 100
         59         468 000
         60         468 110
         24         469 010
         25         469 000
         26         469 000
         27         469 000
         28         469 001
         29         469 000
         30         469 000
         31         469 000
         32         469 001
         33         469 001
         34         469 111
         35         469 101
         36         469 110
         37         469 100
         38         469 001
         39         469 011
         40         469 000
         41         469 000
         42         469 000
         43         469 001
         44         469 011
         45         469 000
         46         469 100
         47         469 001
         48         469 111
         49         469 010
         50         469 010
         51         469 011
         52         469 011
         53         469 010
         54         469 010
         55         469 111
         56         469 101
         57         469 000
         58         469 100
         59         469 001
         60         469 111
         24         470 010
         25         470 000
         26         470 000
         27         470 000
         28         470 000
         29         470 000
         30         470 000
         31         470 000
         32         470 000
         33         470 000
         34         470 011
         35         470 011
         36         470 011
         37         470 011
         38         470 000
         39         470 000
         40         470 000
         41         470 001
         42         470 001
         43         470 001
         44         470 001
         45         470 000
         46         470 100
         47         470 000
         48         470 100
         49         470 010
         50         470 010
         51         470 010
         52         470 010
         53         470 010
         54         470 010
         55         470 110
         56         470 100
         57         470 001
         58         470 101
         59         470 001
         60         470 101
         24         471 011
         25         471 000
         26         471 000
         27         471 000
         28         471 001
         29         471 000
         30         471 000
         31         471 000
         32         471 001
         33         471 001
         34         471 111
         35         471 101
         36         471 110
         37         471 100
         38         471 000
         39         471 000
         40         471 001
         41         471 001
         42         471 011
         43         471 000
         44         471 010
         45         471 000
         46         471 100
         47         471 001
         48         471 101
         49         471 010
         50         471 010
         51         471 011
         52         471 011
         53         471 010
         54         471 010
         55         471 111
         56         471 101
         57         471 001
         58         471 111
         59         471 000
         60         471 110
         24         472 001
         25         472 000
         26         472 000
         27         472 000
         28         472 000
         29         472 000
         30         472 000
         31         472 000
         32         472 000
         33         472 000
         34         472 011
         35         472 011
         36         472 011
         37         472 011
         38         472 001
         39         472 001
         40         472 001
         41         472 000
         42         472 000
         43         472 000
         44         472 000
         45         472 000
         46         472 100
         47         472 000
         48         472 100
         49         472 011
         50         472 011
         51         472 011
         52         472 011
         53         472 010
         54         472 010
         55         472 110
         56         472 100
         57         472 001
         58         472 101
         59         472 001
         60         472 101
         24         473 010
         25         473 000
         26         473 000
         27         473 000
         28         473 001
         29         473 000
         30         473 000
         31         473 000
         32         473 001
         33         473 001
         34         473 111
         35         473 101
         36         473 110
         37         473 100
         38         473 001
         39         473 011
         40         473 000
         41         473 000
         42         473 000
         43         473 001
         44         473 001
         45         473 000
         46         473 100
         47         473 001
         48         473 101
         49         473 111
         50         473 101
         51         473 110
         52         473 100
         53         473 010
         54         473 010
         55         473 111
         56         473 101
         57         473 001
         58         473 111
         59         473 000
         60         473 110
         24         474 010
         25         474 000
         26         474 000
         27         474 000
         28         474 000
         29         474 000
         30         474 000
         31         474 000
         32         474 000
         33         474 000
         34         474 011
         35         474 011
         36         474 011
         37         474 011
         38         474 000
         39         474 000
         40         474 000
         41         474 001
         42         474 001
         43         474 001
         44         474 001
         45         474 001
         46         474 101
         47         474 001
         48         474 101
         49         474 011
         50         474 011
         51         474 011
         52         474 011
         53         474 011
         54         474 011
         55         474 011
         56         474 011
         57         474 001
         58         474 101
         59         474 001
         60         474 101
         24         475 011
         25         475 000
         26         475 000
         27         475 000
         28         475 001
         29         475 000
         30         475 000
         31         475 000
         32         475 001
         33         475 001
         34         475 111
         35         475 101
         36         475 110
         37         475 100
         38         475 000
         39         475 000
         40         475 001
         41         475 001
         42         475 011
         43         475 000
         44         475 010
         45         475 001
         46         475 111
         47         475 000
         48         475 110
         49         475 111
         50         475 101
         51         475 110
         52         475 100
         53         475 111
         54         475 101
         55         475 110
         56         475 100
         57         475 001
         58         475 111
         59         475 000
         60         475 110
         24         476 000
         25         476 000
         26         476 000
         27         476 000
         28         476 000
         29         476 000
         30         476 000
         31         476 000
         32         476 000
         33         476 000
         34         476 011
         35         476 011
         36         476 011
         37         476 011
         38         476 000
         39         476 000
         40         476 000
         41         476 001
         42         476 001
         43         476 001
         44         476 001
         45         476 000
         46         476 100
         47         476 000
         48         476 110
         49         476 010
         50         476 010
         51         476 010
         52         476 010
         53         476 010
         54         476 010
         55         476 110
         56         476 100
         57         476 000
         58         476 100
         59         476 000
         60         476 110
         24         477 001
         25         477 000
         26         477 000
         27         477 000
         28         477 001
         29         477 000
         30         477 000
         31         477 000
         32         477 001
         33         477 001
         34         477 111
         35         477 101
         36         477 110
         37         477 100
         38         477 000
         39         477 000
         40         477 001
         41         477 001
         42         477 011
         43         477 000
         44         477 010
         45         477 000
         46         477 100
         47         477 001
         48         477 111
         49         477 010
         50         477 010
         51         477 011
         52         477 011
         53         477 010
         54         477 010
         55         477 111
         56         477 101
         57         477 000
         58         477 100
         59         477 001
         60         477 111
         24         478 001
         25         478 000
         26         478 000
         27         478 000
         28         478 000
         29         478 000
         30         478 000
         31         478 000
         32         478 000
         33         478 000
         34         478 011
         35         478 011
         36         478 011
         37         478 011
         38         478 001
         39         478 001
         40         478 001
         41         478 000
         42         478 000
         43         478 000
         44         478 000
         45         478 001
         46         478 101
         47         478 001
         48         478 101
         49         478 010
         50         478 010
         51         478 010
         52         478 010
         53         478 011
         54         478 011
         55         478 011
         56         478 011
         57         478 000
         58         478 100
         59         478 000
         60         478 100
         24         479 010
         25         479 000
         26         479 000
         27         479 000
         28         479 001
         29         479 000
         30         479 000
         31         479 000
         32         479 001
         33         479 001
         34         479 111
         35         479 101
         36         479 110
         37         479 100
         38         479 001
         39         479 011
         40         479 000
         41         479 000
         42         479 000
         43         479 001
         44         479 001
         45         479 001
         46         479 111
         47         479 000
         48         479 110
         49         479 010
         50         479 010
         51         479 011
         52         479 011
         53         479 111
         54         479 101
         55         479 110
         56         479 100
         57         479 000
         58         479 100
         59         479 001
         60         479 101
         24         480 010
         25         480 000
         26         480 001
         27         480 000
         28         480 000
         29         480 000
         30         480 000
         31         480 000
         32         480 000
         33         480 000
         34         480 011
         35         480 011
         36         480 011
         37         480 011
         38         480 010
         39         480 010
         40         480 010
         41         480 010
         42         480 010
         43         480 010
         44         480 010
         45         480 010
         46         480 010
         47         480 010
         48         480 010
         49         480 011
         50         480 011
         51         480 011
         52         480 011
         53         480 001
         54         480 001
         55         480 001
         56         480 001
         57         480 001
         58         480 101
         59         480 001
         60         480 101
         24         481 011
         25         481 000
         26         481 001
         27         481 000
         28         481 001
         29         481 000
         30         481 000
         31         481 000
         32         481 001
         33         481 001
         34         481 111
         35         481 101
         36         481 110
         37         481 100
         38         481 010
         39         481 010
         40         481 011
         41         481 010
         42         481 010
         43         481 011
         44         481 011
         45         481 010
         46         481 010
         47         481 011
         48         481 011
         49         481 111
         50         481 101
         51         481 110
         52         481 100
         53         481 001
         54         481 011
         55         481 000
         56         481 010
         57         481 001
         58         481 111
         59         481 000
         60         481 110
         24         482 011
         25         482 000
         26         482 000
         27         482 000
         28         482 000
         29         482 000
         30         482 000
         31         482 000
         32         482 000
         33         482 000
         34         482 011
         35         482 011
         36         482 011
         37         482 011
         38         482 011
         39         482 011
         40         482 011
         41         482 011
         42         482 011
         43         482 011
         44         482 011
         45         482 011
         46         482 011
         47         482 011
         48         482 011
         49         482 010
         50         482 010
         51         482 010
         52         482 010
         53         482 000
         54         482 000
         55         482 000
         56         482 000
         57         482 001
         58         482 101
         59         482 001
         60         482 101
         24         483 100
         25         483 000
         26         483 000
         27         483 000
         28         483 001
         29         483 000
         30         483 000
         31         483 000
         32         483 001
         33         483 001
         34         483 111
         35         483 101
         36         483 110
         37         483 100
         38         483 111
         39         483 101
         40         483 110
         41         483 111
         42         483 101
         43         483 110
         44         483 100
         45         483 111
         46         483 101
         47         483 110
         48         483 100
         49         483 010
         50         483 010
         51         483 011
         52         483 011
         53         483 000
         54         483 000
         55         483 001
         56         483 001
         57         483 001
         58         483 111
         59         483 000
         60         483 110
         24         484 010
         25         484 000
         26         484 000
         27         484 000
         28         484 000
         29         484 000
         30         484 000
         31         484 000
         32         484 000
         33         484 000
         34         484 011
         35         484 011
         36         484 011
         37         484 011
         38         484 010
         39         484 010
         40         484 010
         41         484 011
         42         484 011
         43         484 011
         44         484 011
         45         484 011
         46         484 011
         47         484 011
         48         484 011
         49         484 010
         50         484 010
         51         484 010
         52         484 010
         53         484 001
         54         484 001
         55         484 001
         56         484 001
         57         484 001
         58         484 101
         59         484 001
         60         484 101
         24         485 011
         25         485 000
         26         485 000
         27         485 000
         28         485 001
         29         485 000
         30         485 000
         31         485 000
         32         485 001
         33         485 001
         34         485 111
         35         485 101
         36         485 110
         37         485 100
         38         485 010
         39         485 010
         40         485 011
         41         485 111
         42         485 101
         43         485 110
         44         485 100
         45         485 111
         46         485 101
         47         485 110
         48         485 100
         49         485 010
         50         485 010
         51         485 011
         52         485 011
         53         485 001
         54         485 011
         55         485 000
         56         485 010
         57         485 001
         58         485 111
         59         485 000
         60         485 110
         24         486 011
         25         486 000
         26         486 000
         27         486 000
         28         486 000
         29         486 000
         30         486 000
         31         486 000
         32         486 000
         33         486 000
         34         486 011
         35         486 011
         36         486 011
         37         486 011
         38         486 011
         39         486 011
         40         486 011
         41         486 010
         42         486 010
         43         486 010
         44         486 010
         45         486 010
         46         486 010
         47         486 010
         48         486 010
         49         486 010
         50         486 010
         51         486 010
         52         486 010
         53         486 001
         54         486 001
         55         486 001
         56         486 001
         57         486 000
         58         486 100
         59         486 000
         60         486 100
         24         487 100
         25         487 000
         26         487 000
         27         487 000
         28         487 001
         29         487 000
         30         487 000
         31         487 000
         32         487 001
         33         487 001
         34         487 111
         35         487 101
         36         487 110
         37         487 100
         38         487 111
         39         487 101
         40         487 110
         41         487 010
         42         487 010
         43         487 011
         44         487 011
         45         487 010
         46         487 010
         47         487 011
         48         487 011
         49         487 010
         50         487 010
         51         487 011
         52         487 011
         53         487 001
         54         487 011
         55         487 000
         56         487 010
         57         487 000
         58         487 100
         59         487 001
         60         487 101
         24         488 010
         25         488 000
         26         488 000
         27         488 000
         28         488 000
         29         488 000
         30         488 000
         31         488 000
         32         488 000
         33         488 000
         34         488 011
         35         488 011
         36         488 011
         37         488 011
         38         488 010
         39         488 010
         40         488 010
         41         488 011
         42         488 011
         43         488 011
         44         488 011
         45         488 011
         46         488 011
         47         488 011
         48         488 011
         49         488 011
         50         488 011
         51         488 011
         52         488 011
         53         488 001
         54         488 001
         55         488 001
         56         488 001
         57         488 001
         58         488 101
         59         488 001
         60         488 101
         24         489 011
         25         489 000
         26         489 000
         27         489 000
         28         489 001
         29         489 000
         30         489 000
         31         489 000
         32         489 001
         33         489 001
         34         489 111
         35         489 101
         36         489 110
         37         489 100
         38         489 010
         39         489 010
         40         489 011
         41         489 111
         42         489 101
         43         489 110
         44         489 100
         45         489 111
         46         489 101
         47         489 110
         48         489 100
         49         489 111
         50         489 101
         51         489 110
         52         489 100
         53         489 001
         54         489 011
         55         489 000
         56         489 010
         57         489 001
         58         489 111
         59         489 000
         60         489 110
         24         490 011
         25         490 000
         26         490 000
         27         490 000
         28         490 000
         29         490 000
         30         490 000
         31         490 000
         32         490 000
         33         490 000
         34         490 011
         35         490 011
         36         490 011
         37         490 011
         38         490 011
         39         490 011
         40         490 011
         41         490 010
         42         490 010
         43         490 110
         44         490 100
         45         490 011
         46         490 011
         47         490 011
         48         490 011
         49         490 010
         50         490 010
         51         490 010
         52         490 010
         53         490 000
         54         490 000
         55         490 000
         56         490 000
         57         490 000
         58         490 100
         59         490 000
         60         490 110
         24         491 100
         25         491 000
         26         491 000
         27         491 000
         28         491 001
         29         491 000
         30         491 000
         31         491 000
         32         491 001
         33         491 001
         34         491 111
         35         491 101
         36         491 110
         37         491 100
         38         491 111
         39         491 101
         40         491 110
         41         491 010
         42         491 010
         43         491 111
         44         491 101
         45         491 111
         46         491 101
         47         491 110
         48         491 100
         49         491 010
         50         491 010
         51         491 011
         52         491 011
         53         491 000
         54         491 000
         55         491 001
         56         491 001
         57         491 000
         58         491 100
         59         491 001
         60         491 111
         24         492 010
         25         492 000
         26         492 000
         27         492 000
         28         492 000
         29         492 000
         30         492 000
         31         492 000
         32         492 000
         33         492 000
         34         492 011
         35         492 011
         36         492 011
         37         492 011
         38         492 010
         39         492 010
         40         492 010
         41         492 010
         42         492 010
         43         492 110
         44         492 100
         45         492 010
         46         492 010
         47         492 110
         48         492 100
         49         492 010
         50         492 010
         51         492 010
         52         492 010
         53         492 001
         54         492 001
         55         492 001
         56         492 001
         57         492 001
         58         492 101
         59         492 001
         60         492 101
         24         493 011
         25         493 000
         26         493 000
         27         493 000
         28         493 001
         29         493 000
         30         493 000
         31         493 000
         32         493 001
         33         493 001
         34         493 111
         35         493 101
         36         493 110
         37         493 100
         38         493 010
         39         493 010
         40         493 011
         41         493 010
         42         493 010
         43         493 111
         44         493 101
         45         493 010
         46         493 010
         47         493 111
         48         493 101
         49         493 010
         50         493 010
         51         493 011
         52         493 011
         53         493 001
         54         493 011
         55         493 000
         56         493 010
         57         493 001
         58         493 111
         59         493 000
         60         493 110
         24         494 011
         25         494 000
         26         494 000
         27         494 000
         28         494 000
         29         494 000
         30         494 000
         31         494 000
         32         494 000
         33         494 000
         34         494 011
         35         494 011
         36         494 011
         37         494 011
         38         494 011
         39         494 011
         40         494 011
         41         494 011
         42         494 011
         43         494 011
         44         494 011
         45         494 010
         46         494 010
         47         494 010
         48         494 010
         49         494 010
         50         494 010
         51         494 010
         52         494 010
         53         494 000
         54         494 000
         55         494 000
         56         494 010
         57         494 000
         58         494 100
         59         494 000
         60         494 100
         24         495 100
         25         495 000
         26         495 000
         27         495 000
         28         495 001
         29         495 000
         30         495 000
         31         495 000
         32         495 001
         33         495 001
         34         495 111
         35         495 101
         36         495 110
         37         495 100
         38         495 111
         39         495 101
         40         495 110
         41         495 111
         42         495 101
         43         495 110
         44         495 100
         45         495 010
         46         495 010
         47         495 011
         48         495 011
         49         495 010
         50         495 010
         51         495 011
         52         495 011
         53         495 000
         54         495 000
         55         495 001
         56         495 011
         57         495 000
         58         495 100
         59         495 001
         60         495 101
         24         496 010
         25         496 000
         26         496 000
         27         496 000
         28         496 000
         29         496 000
         30         496 000
         31         496 000
         32         496 000
         33         496 000
         34         496 011
         35         496 011
         36         496 011
         37         496 011
         38         496 010
         39         496 010
         40         496 010
         41         496 011
         42         496 011
         43         496 011
         44         496 011
         45         496 010
         46         496 010
         47         496 010
         48         496 010
         49         496 011
         50         496 011
         51         496 011
         52         496 011
         53         496 000
         54         496 000
         55         496 000
         56         496 010
         57         496 001
         58         496 101
         59         496 001
         60         496 101
         24         497 011
         25         497 000
         26         497 000
         27         497 000
         28         497 001
         29         497 000
         30         497 000
         31         497 000
         32         497 001
         33         497 001
         34         497 111
         35         497 101
         36         497 110
         37         497 100
         38         497 010
         39         497 010
         40         497 011
         41         497 111
         42         497 101
         43         497 110
         44         497 100
         45         497 010
         46         497 010
         47         497 011
         48         497 011
         49         497 111
         50         497 101
         51         497 110
         52         497 100
         53         497 000
         54         497 000
         55         497 001
         56         497 011
         57         497 001
         58         497 111
         59         497 000
         60         497 110
         24         498 011
         25         498 000
         26         498 000
         27         498 000
         28         498 000
         29         498 000
         30         498 000
         31         498 000
         32         498 000
         33         498 000
         34         498 011
         35         498 011
         36         498 011
         37         498 011
         38         498 011
         39         498 011
         40         498 011
         41         498 010
         42         498 010
         43         498 110
         44         498 100
         45         498 010
         46         498 010
         47         498 110
         48         498 100
         49         498 010
         50         498 010
         51         498 010
         52         498 010
         53         498 000
         54         498 000
         55         498 000
         56         498 000
         57         498 001
         58         498 101
         59         498 001
         60         498 101
         24         499 100
         25         499 000
         26         499 000
         27         499 000
         28         499 001
         29         499 000
         30         499 000
         31         499 000
         32         499 001
         33         499 001
         34         499 111
         35         499 101
         36         499 110
         37         499 100
         38         499 111
         39         499 101
         40         499 110
         41         499 010
         42         499 010
         43         499 111
         44         499 101
         45         499 010
         46         499 010
         47         499 111
         48         499 101
         49         499 010
         50         499 010
         51         499 011
         52         499 011
         53         499 000
         54         499 000
         55         499 001
         56         499 001
         57         499 001
         58         499 111
         59         499 000
         60         499 110
         24         500 011
         25         500 000
         26         500 000
         27         500 000
         28         500 000
         29         500 000
         30         500 000
         31         500 000
         32         500 000
         33         500 000
         34         500 011
         35         500 011
         36         500 011
         37         500 011
         38         500 011
         39         500 011
         40         500 011
         41         500 010
         42         500 010
         43         500 110
         44         500 100
         45         500 010
         46         500 010
         47         500 110
         48         500 100
         49         500 010
         50         500 010
         51         500 010
         52         500 010
         53         500 000
         54         500 000
         55         500 000
         56         500 010
         57         500 000
         58         500 100
         59         500 000
         60         500 110
         24         501 100
         25         501 000
         26         501 000
         27         501 000
         28         501 001
         29         501 000
         30         501 000
         31         501 000
         32         501 001
         33         501 001
         34         501 111
         35         501 101
         36         501 110
         37         501 100
         38         501 111
         39         501 101
         40         501 110
         41         501 010
         42         501 010
         43         501 111
         44         501 101
         45         501 010
         46         501 010
         47         501 111
         48         501 101
         49         501 010
         50         501 010
         51         501 011
         52         501 011
         53         501 000
         54         501 000
         55         501 001
         56         501 011
         57         501 000
         58         501 100
         59         501 001
         60         501 111
         24         502 100
         25         502 000
         26         502 000
         27         502 000
         28         502 000
         29         502 000
         30         502 000
         31         502 000
         32         502 000
         33         502 000
         34         502 011
         35         502 011
         36         502 011
         37         502 011
         38         502 010
         39         502 010
         40         502 110
         41         502 011
         42         502 011
         43         502 011
         44         502 011
         45         502 010
         46         502 010
         47         502 010
         48         502 010
         49         502 010
         50         502 010
         51         502 010
         52         502 010
         53         502 000
         54         502 000
         55         502 000
         56         502 010
         57         502 001
         58         502 101
         59         502 001
         60         502 101
         24         503 101
         25         503 000
         26         503 000
         27         503 000
         28         503 001
         29         503 000
         30         503 000
         31         503 000
         32         503 001
         33         503 001
         34         503 111
         35         503 101
         36         503 110
         37         503 100
         38         503 010
         39         503 010
         40         503 111
         41         503 111
         42         503 101
         43         503 110
         44         503 100
         45         503 010
         46         503 010
         47         503 011
         48         503 011
         49         503 010
         50         503 010
         51         503 011
         52         503 011
         53         503 000
         54         503 000
         55         503 001
         56         503 011
         57         503 001
         58         503 111
         59         503 000
         60         503 110
         24         504 011
         25         504 000
         26         504 000
         27         504 000
         28         504 000
         29         504 000
         30         504 000
         31         504 000
         32         504 000
         33         504 000
         34         504 011
         35         504 011
         36         504 011
         37         504 011
         38         504 011
         39         504 011
         40         504 011
         41         504 010
         42         504 010
         43         504 010
         44         504 010
         45         504 010
         46         504 010
         47         504 010
         48         504 010
         49         504 011
         50         504 011
         51         504 011
         52         504 011
         53         504 000
         54         504 000
         55         504 000
         56         504 010
         57         504 001
         58         504 101
         59         504 001
         60         504 101
         24         505 100
         25         505 000
         26         505 000
         27         505 000
         28         505 001
         29         505 000
         30         505 000
         31         505 000
         32         505 001
         33         505 001
         34         505 111
         35         505 101
         36         505 110
         37         505 100
         38         505 111
         39         505 101
         40         505 110
         41         505 010
         42         505 010
         43         505 011
         44         505 011
         45         505 010
         46         505 010
         47         505 011
         48         505 011
         49         505 111
         50         505 101
         51         505 110
         52         505 100
         53         505 000
         54         505 000
         55         505 001
         56         505 011
         57         505 001
         58         505 111
         59         505 000
         60         505 110
         24         506 100
         25         506 000
         26         506 000
         27         506 000
         28         506 000
         29         506 000
         30         506 000
         31         506 000
         32         506 000
         33         506 000
         34         506 011
         35         506 011
         36         506 011
         37         506 011
         38         506 010
         39         506 010
         40         506 110
         41         506 011
         42         506 011
         43         506 011
         44         506 011
         45         506 011
         46         506 011
         47         506 011
         48         506 011
         49         506 011
         50         506 011
         51         506 011
         52         506 011
         53         506 001
         54         506 001
         55         506 001
         56         506 001
         57         506 001
         58         506 101
         59         506 001
         60         506 101
         24         507 101
         25         507 000
         26         507 000
         27         507 000
         28         507 001
         29         507 000
         30         507 000
         31         507 000
         32         507 001
         33         507 001
         34         507 111
         35         507 101
         36         507 110
         37         507 100
         38         507 010
         39         507 010
         40         507 111
         41         507 111
         42         507 101
         43         507 110
         44         507 100
         45         507 111
         46         507 101
         47         507 110
         48         507 100
         49         507 111
         50         507 101
         51         507 110
         52         507 100
         53         507 001
         54         507 011
         55         507 000
         56         507 010
         57         507 001
         58         507 111
         59         507 000
         60         507 110
         24         508 010
         25         508 000
         26         508 000
         27         508 000
         28         508 000
         29         508 000
         30         508 000
         31         508 000
         32         508 000
         33         508 000
         34         508 011
         35         508 011
         36         508 011
         37         508 011
         38         508 010
         39         508 010
         40         508 010
         41         508 011
         42         508 011
         43         508 011
         44         508 011
         45         508 010
         46         508 010
         47         508 110
         48         508 100
         49         508 010
         50         508 010
         51         508 010
         52         508 010
         53         508 000
         54         508 000
         55         508 000
         56         508 010
         57         508 000
         58         508 100
         59         508 000
         60         508 110
         24         509 011
         25         509 000
         26         509 000
         27         509 000
         28         509 001
         29         509 000
         30         509 000
         31         509 000
         32         509 001
         33         509 001
         34         509 111
         35         509 101
         36         509 110
         37         509 100
         38         509 010
         39         509 010
         40         509 011
         41         509 111
         42         509 101
         43         509 110
         44         509 100
         45         509 010
         46         509 010
         47         509 111
         48         509 101
         49         509 010
         50         509 010
         51         509 011
         52         509 011
         53         509 000
         54         509 000
         55         509 001
         56         509 011
         57         509 000
         58         509 100
         59         509 001
         60         509 111
         24         510 011
         25         510 000
         26         510 000
         27         510 000
         28         510 000
         29         510 000
         30         510 000
         31         510 000
         32         510 000
         33         510 000
         34         510 011
         35         510 011
         36         510 011
         37         510 011
         38         510 011
         39         510 011
         40         510 011
         41         510 010
         42         510 010
         43         510 010
         44         510 010
         45         510 011
         46         510 011
         47         510 011
         48         510 011
         49         510 010
         50         510 010
         51         510 010
         52         510 010
         53         510 001
         54         510 001
         55         510 001
         56         510 001
         57         510 000
         58         510 100
         59         510 000
         60         510 100
         24         511 100
         25         511 000
         26         511 000
         27         511 000
         28         511 001
         29         511 000
         30         511 000
         31         511 000
         32         511 001
         33         511 001
         34         511 111
         35         511 101
         36         511 110
         37         511 100
         38         511 111
         39         511 101
         40         511 110
         41         511 010
         42         511 010
         43         511 011
         44         511 011
         45         511 111
         46         511 101
         47         511 110
         48         511 100
         49         511 010
         50         511 010
         51         511 011
         52         511 011
         53         511 001
         54         511 011
         55         511 000
         56         511 010
         57         511 000
         58         511 100
         59         511 001
         60         511 101
/workspace/scratch/58b69de06207/lut-primitive-model-replicas/test.v:266: $finish called at 512 (1s)
