make -C "/workspace/scratch/e6420b0fda2a/resource60-buffered-source/hw" bsim SIM_BACKEND=iverilog BSIM_DIR="/workspace/scratch/e6420b0fda2a/sway/hw/resource-build/clock60/buffered/verilator-rtl"
make[1]: Entering directory '/workspace/scratch/e6420b0fda2a/resource60-buffered-source/hw'
rm -rf /workspace/scratch/e6420b0fda2a/sway/hw/resource-build/clock60/buffered/verilator-rtl
mkdir -p /workspace/scratch/e6420b0fda2a/sway/hw/resource-build/clock60/buffered/verilator-rtl
bsc -vsearch +:/workspace/scratch/e6420b0fda2a/resource60-buffered-source/hw/rtl -Xv -DSWAY_ROM_BEHAVIORAL -Xv -I/workspace/scratch/e6420b0fda2a/resource60-buffered-source/hw/generated -show-schedule -show-range-conflict -aggressive-conditions -D SWAY_BUFFERED -D SWAY_CORE_60MHZ -D SWAY_INPUT_FIFO2 -D SWAY_INPUT_OVERLAP -D SWAY_ROM_NATIVE  -D BSIM \
	-bdir /workspace/scratch/e6420b0fda2a/sway/hw/resource-build/clock60/buffered/verilator-rtl -vdir /workspace/scratch/e6420b0fda2a/sway/hw/resource-build/clock60/buffered/verilator-rtl -info-dir /workspace/scratch/e6420b0fda2a/sway/hw/resource-build/clock60/buffered/verilator-rtl \
	-p +:/workspace/scratch/e6420b0fda2a/blueyosys/lib/bsv:/workspace/scratch/e6420b0fda2a/blueyosys/fpga/ecp5/bsv:/workspace/scratch/e6420b0fda2a/blueyosys/boards/ulx3s/bsv:/workspace/scratch/e6420b0fda2a/resource60-buffered-source/hw/bsv:/workspace/scratch/e6420b0fda2a/resource60-buffered-source/hw/generated:/workspace/scratch/e6420b0fda2a/resource60-buffered-source/hw/sim -verilog -u -g mkTbSway /workspace/scratch/e6420b0fda2a/resource60-buffered-source/hw/sim/TbSway.bsv
checking package dependencies
compiling /workspace/scratch/e6420b0fda2a/resource60-buffered-source/hw/bsv/SwayTypes.bsv
compiling /workspace/scratch/e6420b0fda2a/resource60-buffered-source/hw/generated/GeneratedTestConfig.bsv
compiling /workspace/scratch/e6420b0fda2a/resource60-buffered-source/hw/generated/SwayParameters.bsv
compiling /workspace/scratch/e6420b0fda2a/resource60-buffered-source/hw/bsv/SwayReset.bsv
Warning: "/workspace/scratch/e6420b0fda2a/resource60-buffered-source/hw/bsv/SwayReset.bsv", line 15, column 16: (P0216)
  import BVI module declares `ready' as a method name, which is maybe not what
  you intended.
compiling /workspace/scratch/e6420b0fda2a/resource60-buffered-source/hw/bsv/SwayLookup.bsv
compiling /workspace/scratch/e6420b0fda2a/resource60-buffered-source/hw/bsv/SwayNorm.bsv
compiling /workspace/scratch/e6420b0fda2a/resource60-buffered-source/hw/bsv/SwayScan.bsv
Warning: "/workspace/scratch/e6420b0fda2a/resource60-buffered-source/hw/bsv/SwayScan.bsv", line 514, column 41: (P0102)
  Declaration of `high' shadows previous declaration at
  "/workspace/scratch/e6420b0fda2a/resource60-buffered-source/hw/bsv/SwayScan.bsv",
  line 505, column 33
compiling /workspace/scratch/e6420b0fda2a/resource60-buffered-source/hw/bsv/SwayCoeffRom.bsv
compiling /workspace/scratch/e6420b0fda2a/resource60-buffered-source/hw/bsv/SwayLinear.bsv
compiling /workspace/scratch/e6420b0fda2a/resource60-buffered-source/hw/bsv/SwayHeadLinear.bsv
compiling /workspace/scratch/e6420b0fda2a/resource60-buffered-source/hw/bsv/SwayBlock.bsv
compiling /workspace/scratch/e6420b0fda2a/resource60-buffered-source/hw/bsv/SwayBaseline.bsv
compiling /workspace/scratch/e6420b0fda2a/resource60-buffered-source/hw/sim/TbSway.bsv
code generation for mkTbSway starts
Warning: "/workspace/scratch/e6420b0fda2a/resource60-buffered-source/hw/bsv/SwayLinear.bsv", line 141, column 14: (G0043)
  Multiple reset signals influence rule
  `dut_embedding_engine_process1Capture'.
  This can lead to inconsistent, non-atomic results when not all of these
  signals are asserted.
  Method calls by reset:
    Reset 1 (dut_embedding_localReset_leafReset.gen_rst):
      dut_embedding_inputQ.first dut_embedding_inputQ.i_notEmpty
    Reset 2 (dut_embedding_engine_localReset_leafReset.gen_rst):
      dut_embedding_engine_activeOn.read
      dut_embedding_engine_startQ.enq
      dut_embedding_engine_startQ.i_notFull
  During elaboration of rule `process1Capture' at
  "/workspace/scratch/e6420b0fda2a/resource60-buffered-source/hw/bsv/SwayLinear.bsv",
  line 141, column 14.
  During elaboration of `engine' at
  "/workspace/scratch/e6420b0fda2a/resource60-buffered-source/hw/bsv/SwayLinear.bsv",
  line 616, column 29.
  During elaboration of `embedding' at
  "/workspace/scratch/e6420b0fda2a/resource60-buffered-source/hw/bsv/SwayBaseline.bsv",
  line 51, column 28.
  During elaboration of `dut' at
  "/workspace/scratch/e6420b0fda2a/resource60-buffered-source/hw/sim/TbSway.bsv",
  line 16, column 17.
  During elaboration of `mkTbSway' at
  "/workspace/scratch/e6420b0fda2a/resource60-buffered-source/hw/sim/TbSway.bsv",
  line 9, column 8.
Warning: "/workspace/scratch/e6420b0fda2a/resource60-buffered-source/hw/bsv/SwayLinear.bsv", line 200, column 14: (G0043)
  Multiple reset signals influence rule `dut_embedding_engine_process2Chunk'.
  This can lead to inconsistent, non-atomic results when not all of these
  signals are asserted.
  Method calls by reset:
    Reset 1 (dut_embedding_localReset_leafReset.gen_rst):
      dut_embedding_inputQ.first dut_embedding_inputQ.i_notEmpty
    Reset 2 (dut_embedding_engine_localReset_leafReset.gen_rst):
      dut_embedding_engine_chunkLoadOn.read
      dut_embedding_engine_chunkLoadOn.write
      dut_embedding_engine_issueOn.write
  During elaboration of rule `process2Chunk' at
  "/workspace/scratch/e6420b0fda2a/resource60-buffered-source/hw/bsv/SwayLinear.bsv",
  line 200, column 14.
  During elaboration of `engine' at
  "/workspace/scratch/e6420b0fda2a/resource60-buffered-source/hw/bsv/SwayLinear.bsv",
  line 616, column 29.
  During elaboration of `embedding' at
  "/workspace/scratch/e6420b0fda2a/resource60-buffered-source/hw/bsv/SwayBaseline.bsv",
  line 51, column 28.
  During elaboration of `dut' at
  "/workspace/scratch/e6420b0fda2a/resource60-buffered-source/hw/sim/TbSway.bsv",
  line 16, column 17.
  During elaboration of `mkTbSway' at
  "/workspace/scratch/e6420b0fda2a/resource60-buffered-source/hw/sim/TbSway.bsv",
  line 9, column 8.
Warning: "/workspace/scratch/e6420b0fda2a/resource60-buffered-source/hw/bsv/SwayLinear.bsv", line 543, column 14: (G0043)
  Multiple reset signals influence rule `dut_embedding_engine_process8Emit'.
  This can lead to inconsistent, non-atomic results when not all of these
  signals are asserted.
  Method calls by reset:
    Reset 1 (dut_embedding_localReset_leafReset.gen_rst):
      dut_embedding_inputQ.deq dut_embedding_inputQ.i_notEmpty
    Reset 2 (dut_embedding_engine_localReset_leafReset.gen_rst):
      dut_embedding_engine_activeOn.read
      dut_embedding_engine_activeOn.write
      dut_embedding_engine_emitOn.read
      dut_embedding_engine_emitOn.write
      dut_embedding_engine_outputQ.enq
      dut_embedding_engine_outputQ.i_notFull
  During elaboration of rule `process8Emit' at
  "/workspace/scratch/e6420b0fda2a/resource60-buffered-source/hw/bsv/SwayLinear.bsv",
  line 543, column 14.
  During elaboration of `engine' at
  "/workspace/scratch/e6420b0fda2a/resource60-buffered-source/hw/bsv/SwayLinear.bsv",
  line 616, column 29.
  During elaboration of `embedding' at
  "/workspace/scratch/e6420b0fda2a/resource60-buffered-source/hw/bsv/SwayBaseline.bsv",
  line 51, column 28.
  During elaboration of `dut' at
  "/workspace/scratch/e6420b0fda2a/resource60-buffered-source/hw/sim/TbSway.bsv",
  line 16, column 17.
  During elaboration of `mkTbSway' at
  "/workspace/scratch/e6420b0fda2a/resource60-buffered-source/hw/sim/TbSway.bsv",
  line 9, column 8.
Warning: "/workspace/scratch/e6420b0fda2a/resource60-buffered-source/hw/bsv/SwayLinear.bsv", line 141, column 14: (G0043)
  Multiple reset signals influence rule
  `dut_block0_inputProjection_engine_process1Capture'.
  This can lead to inconsistent, non-atomic results when not all of these
  signals are asserted.
  Method calls by reset:
    Reset 1 (dut_block0_inputProjection_localReset_leafReset.gen_rst):
      dut_block0_inputProjection_inputQ.first
      dut_block0_inputProjection_inputQ.i_notEmpty
    Reset 2 (dut_block0_inputProjection_engine_localReset_leafReset.gen_rst):
      dut_block0_inputProjection_engine_activeOn.read
      dut_block0_inputProjection_engine_startQ.enq
      dut_block0_inputProjection_engine_startQ.i_notFull
  During elaboration of rule `process1Capture' at
  "/workspace/scratch/e6420b0fda2a/resource60-buffered-source/hw/bsv/SwayLinear.bsv",
  line 141, column 14.
  During elaboration of `engine' at
  "/workspace/scratch/e6420b0fda2a/resource60-buffered-source/hw/bsv/SwayLinear.bsv",
  line 616, column 29.
  During elaboration of `inputProjection' at
  "/workspace/scratch/e6420b0fda2a/resource60-buffered-source/hw/bsv/SwayBlock.bsv",
  line 139, column 28.
  During elaboration of `block0' at
  "/workspace/scratch/e6420b0fda2a/resource60-buffered-source/hw/bsv/SwayBaseline.bsv",
  line 52, column 18.
  During elaboration of `dut' at
  "/workspace/scratch/e6420b0fda2a/resource60-buffered-source/hw/sim/TbSway.bsv",
  line 16, column 17.
  During elaboration of `mkTbSway' at
  "/workspace/scratch/e6420b0fda2a/resource60-buffered-source/hw/sim/TbSway.bsv",
  line 9, column 8.
Warning: "/workspace/scratch/e6420b0fda2a/resource60-buffered-source/hw/bsv/SwayLinear.bsv", line 200, column 14: (G0043)
  Multiple reset signals influence rule
  `dut_block0_inputProjection_engine_process2Chunk'.
  This can lead to inconsistent, non-atomic results when not all of these
  signals are asserted.
  Method calls by reset:
    Reset 1 (dut_block0_inputProjection_localReset_leafReset.gen_rst):
      dut_block0_inputProjection_inputQ.first
      dut_block0_inputProjection_inputQ.i_notEmpty
    Reset 2 (dut_block0_inputProjection_engine_localReset_leafReset.gen_rst):
      dut_block0_inputProjection_engine_chunkLoadOn.read
      dut_block0_inputProjection_engine_chunkLoadOn.write
      dut_block0_inputProjection_engine_issueOn.write
  During elaboration of rule `process2Chunk' at
  "/workspace/scratch/e6420b0fda2a/resource60-buffered-source/hw/bsv/SwayLinear.bsv",
  line 200, column 14.
  During elaboration of `engine' at
  "/workspace/scratch/e6420b0fda2a/resource60-buffered-source/hw/bsv/SwayLinear.bsv",
  line 616, column 29.
  During elaboration of `inputProjection' at
  "/workspace/scratch/e6420b0fda2a/resource60-buffered-source/hw/bsv/SwayBlock.bsv",
  line 139, column 28.
  During elaboration of `block0' at
  "/workspace/scratch/e6420b0fda2a/resource60-buffered-source/hw/bsv/SwayBaseline.bsv",
  line 52, column 18.
  During elaboration of `dut' at
  "/workspace/scratch/e6420b0fda2a/resource60-buffered-source/hw/sim/TbSway.bsv",
  line 16, column 17.
  During elaboration of `mkTbSway' at
  "/workspace/scratch/e6420b0fda2a/resource60-buffered-source/hw/sim/TbSway.bsv",
  line 9, column 8.
Warning: "/workspace/scratch/e6420b0fda2a/resource60-buffered-source/hw/bsv/SwayLinear.bsv", line 543, column 14: (G0043)
  Multiple reset signals influence rule
  `dut_block0_inputProjection_engine_process8Emit'.
  This can lead to inconsistent, non-atomic results when not all of these
  signals are asserted.
  Method calls by reset:
    Reset 1 (dut_block0_inputProjection_localReset_leafReset.gen_rst):
      dut_block0_inputProjection_inputQ.deq
      dut_block0_inputProjection_inputQ.i_notEmpty
    Reset 2 (dut_block0_inputProjection_engine_localReset_leafReset.gen_rst):
      dut_block0_inputProjection_engine_activeOn.read
      dut_block0_inputProjection_engine_activeOn.write
      dut_block0_inputProjection_engine_emitOn.read
      dut_block0_inputProjection_engine_emitOn.write
      dut_block0_inputProjection_engine_outputQ.enq
      dut_block0_inputProjection_engine_outputQ.i_notFull
  During elaboration of rule `process8Emit' at
  "/workspace/scratch/e6420b0fda2a/resource60-buffered-source/hw/bsv/SwayLinear.bsv",
  line 543, column 14.
  During elaboration of `engine' at
  "/workspace/scratch/e6420b0fda2a/resource60-buffered-source/hw/bsv/SwayLinear.bsv",
  line 616, column 29.
  During elaboration of `inputProjection' at
  "/workspace/scratch/e6420b0fda2a/resource60-buffered-source/hw/bsv/SwayBlock.bsv",
  line 139, column 28.
  During elaboration of `block0' at
  "/workspace/scratch/e6420b0fda2a/resource60-buffered-source/hw/bsv/SwayBaseline.bsv",
  line 52, column 18.
  During elaboration of `dut' at
  "/workspace/scratch/e6420b0fda2a/resource60-buffered-source/hw/sim/TbSway.bsv",
  line 16, column 17.
  During elaboration of `mkTbSway' at
  "/workspace/scratch/e6420b0fda2a/resource60-buffered-source/hw/sim/TbSway.bsv",
  line 9, column 8.
Warning: "/workspace/scratch/e6420b0fda2a/resource60-buffered-source/hw/bsv/SwayLinear.bsv", line 141, column 14: (G0043)
  Multiple reset signals influence rule
  `dut_block0_stateProjection_engine_process1Capture'.
  This can lead to inconsistent, non-atomic results when not all of these
  signals are asserted.
  Method calls by reset:
    Reset 1 (dut_block0_stateProjection_localReset_leafReset.gen_rst):
      dut_block0_stateProjection_inputQ.first
      dut_block0_stateProjection_inputQ.i_notEmpty
    Reset 2 (dut_block0_stateProjection_engine_localReset_leafReset.gen_rst):
      dut_block0_stateProjection_engine_activeOn.read
      dut_block0_stateProjection_engine_startQ.enq
      dut_block0_stateProjection_engine_startQ.i_notFull
  During elaboration of rule `process1Capture' at
  "/workspace/scratch/e6420b0fda2a/resource60-buffered-source/hw/bsv/SwayLinear.bsv",
  line 141, column 14.
  During elaboration of `engine' at
  "/workspace/scratch/e6420b0fda2a/resource60-buffered-source/hw/bsv/SwayLinear.bsv",
  line 616, column 29.
  During elaboration of `stateProjection' at
  "/workspace/scratch/e6420b0fda2a/resource60-buffered-source/hw/bsv/SwayBlock.bsv",
  line 144, column 28.
  During elaboration of `block0' at
  "/workspace/scratch/e6420b0fda2a/resource60-buffered-source/hw/bsv/SwayBaseline.bsv",
  line 52, column 18.
  During elaboration of `dut' at
  "/workspace/scratch/e6420b0fda2a/resource60-buffered-source/hw/sim/TbSway.bsv",
  line 16, column 17.
  During elaboration of `mkTbSway' at
  "/workspace/scratch/e6420b0fda2a/resource60-buffered-source/hw/sim/TbSway.bsv",
  line 9, column 8.
Warning: "/workspace/scratch/e6420b0fda2a/resource60-buffered-source/hw/bsv/SwayLinear.bsv", line 200, column 14: (G0043)
  Multiple reset signals influence rule
  `dut_block0_stateProjection_engine_process2Chunk'.
  This can lead to inconsistent, non-atomic results when not all of these
  signals are asserted.
  Method calls by reset:
    Reset 1 (dut_block0_stateProjection_localReset_leafReset.gen_rst):
      dut_block0_stateProjection_inputQ.first
      dut_block0_stateProjection_inputQ.i_notEmpty
    Reset 2 (dut_block0_stateProjection_engine_localReset_leafReset.gen_rst):
      dut_block0_stateProjection_engine_chunkLoadOn.read
      dut_block0_stateProjection_engine_chunkLoadOn.write
      dut_block0_stateProjection_engine_issueOn.write
  During elaboration of rule `process2Chunk' at
  "/workspace/scratch/e6420b0fda2a/resource60-buffered-source/hw/bsv/SwayLinear.bsv",
  line 200, column 14.
  During elaboration of `engine' at
  "/workspace/scratch/e6420b0fda2a/resource60-buffered-source/hw/bsv/SwayLinear.bsv",
  line 616, column 29.
  During elaboration of `stateProjection' at
  "/workspace/scratch/e6420b0fda2a/resource60-buffered-source/hw/bsv/SwayBlock.bsv",
  line 144, column 28.
  During elaboration of `block0' at
  "/workspace/scratch/e6420b0fda2a/resource60-buffered-source/hw/bsv/SwayBaseline.bsv",
  line 52, column 18.
  During elaboration of `dut' at
  "/workspace/scratch/e6420b0fda2a/resource60-buffered-source/hw/sim/TbSway.bsv",
  line 16, column 17.
  During elaboration of `mkTbSway' at
  "/workspace/scratch/e6420b0fda2a/resource60-buffered-source/hw/sim/TbSway.bsv",
  line 9, column 8.
Warning: "/workspace/scratch/e6420b0fda2a/resource60-buffered-source/hw/bsv/SwayLinear.bsv", line 543, column 14: (G0043)
  Multiple reset signals influence rule
  `dut_block0_stateProjection_engine_process8Emit'.
  This can lead to inconsistent, non-atomic results when not all of these
  signals are asserted.
  Method calls by reset:
    Reset 1 (dut_block0_stateProjection_localReset_leafReset.gen_rst):
      dut_block0_stateProjection_inputQ.deq
      dut_block0_stateProjection_inputQ.i_notEmpty
    Reset 2 (dut_block0_stateProjection_engine_localReset_leafReset.gen_rst):
      dut_block0_stateProjection_engine_activeOn.read
      dut_block0_stateProjection_engine_activeOn.write
      dut_block0_stateProjection_engine_emitOn.read
      dut_block0_stateProjection_engine_emitOn.write
      dut_block0_stateProjection_engine_outputQ.enq
      dut_block0_stateProjection_engine_outputQ.i_notFull
  During elaboration of rule `process8Emit' at
  "/workspace/scratch/e6420b0fda2a/resource60-buffered-source/hw/bsv/SwayLinear.bsv",
  line 543, column 14.
  During elaboration of `engine' at
  "/workspace/scratch/e6420b0fda2a/resource60-buffered-source/hw/bsv/SwayLinear.bsv",
  line 616, column 29.
  During elaboration of `stateProjection' at
  "/workspace/scratch/e6420b0fda2a/resource60-buffered-source/hw/bsv/SwayBlock.bsv",
  line 144, column 28.
  During elaboration of `block0' at
  "/workspace/scratch/e6420b0fda2a/resource60-buffered-source/hw/bsv/SwayBaseline.bsv",
  line 52, column 18.
  During elaboration of `dut' at
  "/workspace/scratch/e6420b0fda2a/resource60-buffered-source/hw/sim/TbSway.bsv",
  line 16, column 17.
  During elaboration of `mkTbSway' at
  "/workspace/scratch/e6420b0fda2a/resource60-buffered-source/hw/sim/TbSway.bsv",
  line 9, column 8.
Warning: "/workspace/scratch/e6420b0fda2a/resource60-buffered-source/hw/bsv/SwayLinear.bsv", line 141, column 14: (G0043)
  Multiple reset signals influence rule
  `dut_block0_deltaProjection_engine_process1Capture'.
  This can lead to inconsistent, non-atomic results when not all of these
  signals are asserted.
  Method calls by reset:
    Reset 1 (dut_block0_deltaProjection_localReset_leafReset.gen_rst):
      dut_block0_deltaProjection_inputQ.first
      dut_block0_deltaProjection_inputQ.i_notEmpty
    Reset 2 (dut_block0_deltaProjection_engine_localReset_leafReset.gen_rst):
      dut_block0_deltaProjection_engine_activeOn.read
      dut_block0_deltaProjection_engine_startQ.enq
      dut_block0_deltaProjection_engine_startQ.i_notFull
  During elaboration of rule `process1Capture' at
  "/workspace/scratch/e6420b0fda2a/resource60-buffered-source/hw/bsv/SwayLinear.bsv",
  line 141, column 14.
  During elaboration of `engine' at
  "/workspace/scratch/e6420b0fda2a/resource60-buffered-source/hw/bsv/SwayLinear.bsv",
  line 616, column 29.
  During elaboration of `deltaProjection' at
  "/workspace/scratch/e6420b0fda2a/resource60-buffered-source/hw/bsv/SwayBlock.bsv",
  line 145, column 27.
  During elaboration of `block0' at
  "/workspace/scratch/e6420b0fda2a/resource60-buffered-source/hw/bsv/SwayBaseline.bsv",
  line 52, column 18.
  During elaboration of `dut' at
  "/workspace/scratch/e6420b0fda2a/resource60-buffered-source/hw/sim/TbSway.bsv",
  line 16, column 17.
  During elaboration of `mkTbSway' at
  "/workspace/scratch/e6420b0fda2a/resource60-buffered-source/hw/sim/TbSway.bsv",
  line 9, column 8.
Warning: "/workspace/scratch/e6420b0fda2a/resource60-buffered-source/hw/bsv/SwayLinear.bsv", line 200, column 14: (G0043)
  Multiple reset signals influence rule
  `dut_block0_deltaProjection_engine_process2Chunk'.
  This can lead to inconsistent, non-atomic results when not all of these
  signals are asserted.
  Method calls by reset:
    Reset 1 (dut_block0_deltaProjection_localReset_leafReset.gen_rst):
      dut_block0_deltaProjection_inputQ.first
      dut_block0_deltaProjection_inputQ.i_notEmpty
    Reset 2 (dut_block0_deltaProjection_engine_localReset_leafReset.gen_rst):
      dut_block0_deltaProjection_engine_chunkLoadOn.read
      dut_block0_deltaProjection_engine_chunkLoadOn.write
      dut_block0_deltaProjection_engine_issueOn.write
  During elaboration of rule `process2Chunk' at
  "/workspace/scratch/e6420b0fda2a/resource60-buffered-source/hw/bsv/SwayLinear.bsv",
  line 200, column 14.
  During elaboration of `engine' at
  "/workspace/scratch/e6420b0fda2a/resource60-buffered-source/hw/bsv/SwayLinear.bsv",
  line 616, column 29.
  During elaboration of `deltaProjection' at
  "/workspace/scratch/e6420b0fda2a/resource60-buffered-source/hw/bsv/SwayBlock.bsv",
  line 145, column 27.
  During elaboration of `block0' at
  "/workspace/scratch/e6420b0fda2a/resource60-buffered-source/hw/bsv/SwayBaseline.bsv",
  line 52, column 18.
  During elaboration of `dut' at
  "/workspace/scratch/e6420b0fda2a/resource60-buffered-source/hw/sim/TbSway.bsv",
  line 16, column 17.
  During elaboration of `mkTbSway' at
  "/workspace/scratch/e6420b0fda2a/resource60-buffered-source/hw/sim/TbSway.bsv",
  line 9, column 8.
Warning: "/workspace/scratch/e6420b0fda2a/resource60-buffered-source/hw/bsv/SwayLinear.bsv", line 543, column 14: (G0043)
  Multiple reset signals influence rule
  `dut_block0_deltaProjection_engine_process8Emit'.
  This can lead to inconsistent, non-atomic results when not all of these
  signals are asserted.
  Method calls by reset:
    Reset 1 (dut_block0_deltaProjection_localReset_leafReset.gen_rst):
      dut_block0_deltaProjection_inputQ.deq
      dut_block0_deltaProjection_inputQ.i_notEmpty
    Reset 2 (dut_block0_deltaProjection_engine_localReset_leafReset.gen_rst):
      dut_block0_deltaProjection_engine_activeOn.read
      dut_block0_deltaProjection_engine_activeOn.write
      dut_block0_deltaProjection_engine_emitOn.read
      dut_block0_deltaProjection_engine_emitOn.write
      dut_block0_deltaProjection_engine_outputQ.enq
      dut_block0_deltaProjection_engine_outputQ.i_notFull
  During elaboration of rule `process8Emit' at
  "/workspace/scratch/e6420b0fda2a/resource60-buffered-source/hw/bsv/SwayLinear.bsv",
  line 543, column 14.
  During elaboration of `engine' at
  "/workspace/scratch/e6420b0fda2a/resource60-buffered-source/hw/bsv/SwayLinear.bsv",
  line 616, column 29.
  During elaboration of `deltaProjection' at
  "/workspace/scratch/e6420b0fda2a/resource60-buffered-source/hw/bsv/SwayBlock.bsv",
  line 145, column 27.
  During elaboration of `block0' at
  "/workspace/scratch/e6420b0fda2a/resource60-buffered-source/hw/bsv/SwayBaseline.bsv",
  line 52, column 18.
  During elaboration of `dut' at
  "/workspace/scratch/e6420b0fda2a/resource60-buffered-source/hw/sim/TbSway.bsv",
  line 16, column 17.
  During elaboration of `mkTbSway' at
  "/workspace/scratch/e6420b0fda2a/resource60-buffered-source/hw/sim/TbSway.bsv",
  line 9, column 8.
Warning: "/workspace/scratch/e6420b0fda2a/resource60-buffered-source/hw/bsv/SwayLinear.bsv", line 141, column 14: (G0043)
  Multiple reset signals influence rule
  `dut_block0_outputProjection_engine_process1Capture'.
  This can lead to inconsistent, non-atomic results when not all of these
  signals are asserted.
  Method calls by reset:
    Reset 1 (dut_block0_outputProjection_localReset_leafReset.gen_rst):
      dut_block0_outputProjection_inputQ.first
      dut_block0_outputProjection_inputQ.i_notEmpty
    Reset 2 (dut_block0_outputProjection_engine_localReset_leafReset.gen_rst):
      dut_block0_outputProjection_engine_activeOn.read
      dut_block0_outputProjection_engine_startQ.enq
      dut_block0_outputProjection_engine_startQ.i_notFull
  During elaboration of rule `process1Capture' at
  "/workspace/scratch/e6420b0fda2a/resource60-buffered-source/hw/bsv/SwayLinear.bsv",
  line 141, column 14.
  During elaboration of `engine' at
  "/workspace/scratch/e6420b0fda2a/resource60-buffered-source/hw/bsv/SwayLinear.bsv",
  line 616, column 29.
  During elaboration of `outputProjection' at
  "/workspace/scratch/e6420b0fda2a/resource60-buffered-source/hw/bsv/SwayBlock.bsv",
  line 146, column 28.
  During elaboration of `block0' at
  "/workspace/scratch/e6420b0fda2a/resource60-buffered-source/hw/bsv/SwayBaseline.bsv",
  line 52, column 18.
  During elaboration of `dut' at
  "/workspace/scratch/e6420b0fda2a/resource60-buffered-source/hw/sim/TbSway.bsv",
  line 16, column 17.
  During elaboration of `mkTbSway' at
  "/workspace/scratch/e6420b0fda2a/resource60-buffered-source/hw/sim/TbSway.bsv",
  line 9, column 8.
Warning: "/workspace/scratch/e6420b0fda2a/resource60-buffered-source/hw/bsv/SwayLinear.bsv", line 200, column 14: (G0043)
  Multiple reset signals influence rule
  `dut_block0_outputProjection_engine_process2Chunk'.
  This can lead to inconsistent, non-atomic results when not all of these
  signals are asserted.
  Method calls by reset:
    Reset 1 (dut_block0_outputProjection_localReset_leafReset.gen_rst):
      dut_block0_outputProjection_inputQ.first
      dut_block0_outputProjection_inputQ.i_notEmpty
    Reset 2 (dut_block0_outputProjection_engine_localReset_leafReset.gen_rst):
      dut_block0_outputProjection_engine_chunkLoadOn.read
      dut_block0_outputProjection_engine_chunkLoadOn.write
      dut_block0_outputProjection_engine_issueOn.write
  During elaboration of rule `process2Chunk' at
  "/workspace/scratch/e6420b0fda2a/resource60-buffered-source/hw/bsv/SwayLinear.bsv",
  line 200, column 14.
  During elaboration of `engine' at
  "/workspace/scratch/e6420b0fda2a/resource60-buffered-source/hw/bsv/SwayLinear.bsv",
  line 616, column 29.
  During elaboration of `outputProjection' at
  "/workspace/scratch/e6420b0fda2a/resource60-buffered-source/hw/bsv/SwayBlock.bsv",
  line 146, column 28.
  During elaboration of `block0' at
  "/workspace/scratch/e6420b0fda2a/resource60-buffered-source/hw/bsv/SwayBaseline.bsv",
  line 52, column 18.
  During elaboration of `dut' at
  "/workspace/scratch/e6420b0fda2a/resource60-buffered-source/hw/sim/TbSway.bsv",
  line 16, column 17.
  During elaboration of `mkTbSway' at
  "/workspace/scratch/e6420b0fda2a/resource60-buffered-source/hw/sim/TbSway.bsv",
  line 9, column 8.
Warning: "/workspace/scratch/e6420b0fda2a/resource60-buffered-source/hw/bsv/SwayLinear.bsv", line 543, column 14: (G0043)
  Multiple reset signals influence rule
  `dut_block0_outputProjection_engine_process8Emit'.
  This can lead to inconsistent, non-atomic results when not all of these
  signals are asserted.
  Method calls by reset:
    Reset 1 (dut_block0_outputProjection_localReset_leafReset.gen_rst):
      dut_block0_outputProjection_inputQ.deq
      dut_block0_outputProjection_inputQ.i_notEmpty
    Reset 2 (dut_block0_outputProjection_engine_localReset_leafReset.gen_rst):
      dut_block0_outputProjection_engine_activeOn.read
      dut_block0_outputProjection_engine_activeOn.write
      dut_block0_outputProjection_engine_emitOn.read
      dut_block0_outputProjection_engine_emitOn.write
      dut_block0_outputProjection_engine_outputQ.enq
      dut_block0_outputProjection_engine_outputQ.i_notFull
  During elaboration of rule `process8Emit' at
  "/workspace/scratch/e6420b0fda2a/resource60-buffered-source/hw/bsv/SwayLinear.bsv",
  line 543, column 14.
  During elaboration of `engine' at
  "/workspace/scratch/e6420b0fda2a/resource60-buffered-source/hw/bsv/SwayLinear.bsv",
  line 616, column 29.
  During elaboration of `outputProjection' at
  "/workspace/scratch/e6420b0fda2a/resource60-buffered-source/hw/bsv/SwayBlock.bsv",
  line 146, column 28.
  During elaboration of `block0' at
  "/workspace/scratch/e6420b0fda2a/resource60-buffered-source/hw/bsv/SwayBaseline.bsv",
  line 52, column 18.
  During elaboration of `dut' at
  "/workspace/scratch/e6420b0fda2a/resource60-buffered-source/hw/sim/TbSway.bsv",
  line 16, column 17.
  During elaboration of `mkTbSway' at
  "/workspace/scratch/e6420b0fda2a/resource60-buffered-source/hw/sim/TbSway.bsv",
  line 9, column 8.
Warning: "Prelude.bs", line 1335, column 9: (G0024)
  The function unfolding steps interval has been exceeded when unfolding
  `Prelude.Ord~Prelude.Integer'. The current number of steps is 100000. Next
  warning at 200000 steps. Elaboration terminates at 1000000 steps.
  During elaboration of the body of rule `process2_2' at
  "/workspace/scratch/e6420b0fda2a/resource60-buffered-source/hw/bsv/SwayScan.bsv",
  line 281, column 14.
  During elaboration of `scan' at
  "/workspace/scratch/e6420b0fda2a/resource60-buffered-source/hw/bsv/SwayBlock.bsv",
  line 148, column 17.
  During elaboration of `block0' at
  "/workspace/scratch/e6420b0fda2a/resource60-buffered-source/hw/bsv/SwayBaseline.bsv",
  line 52, column 18.
  During elaboration of `dut' at
  "/workspace/scratch/e6420b0fda2a/resource60-buffered-source/hw/sim/TbSway.bsv",
  line 16, column 17.
  During elaboration of `mkTbSway' at
  "/workspace/scratch/e6420b0fda2a/resource60-buffered-source/hw/sim/TbSway.bsv",
  line 9, column 8.
Warning: "Prelude.bs", line 2862, column 0: (G0024)
  The function unfolding steps interval has been exceeded when unfolding
  `areStaticBits'. The current number of steps is 200000. Next warning at
  300000 steps. Elaboration terminates at 1000000 steps.
  During elaboration of the body of rule `process2_2' at
  "/workspace/scratch/e6420b0fda2a/resource60-buffered-source/hw/bsv/SwayScan.bsv",
  line 281, column 14.
  During elaboration of `scan' at
  "/workspace/scratch/e6420b0fda2a/resource60-buffered-source/hw/bsv/SwayBlock.bsv",
  line 148, column 17.
  During elaboration of `block0' at
  "/workspace/scratch/e6420b0fda2a/resource60-buffered-source/hw/bsv/SwayBaseline.bsv",
  line 52, column 18.
  During elaboration of `dut' at
  "/workspace/scratch/e6420b0fda2a/resource60-buffered-source/hw/sim/TbSway.bsv",
  line 16, column 17.
  During elaboration of `mkTbSway' at
  "/workspace/scratch/e6420b0fda2a/resource60-buffered-source/hw/sim/TbSway.bsv",
  line 9, column 8.
Warning: "Prelude.bs", line 2862, column 0: (G0024)
  The function unfolding steps interval has been exceeded when unfolding
  `areStaticBits'. The current number of steps is 300000. Next warning at
  400000 steps. Elaboration terminates at 1000000 steps.
  During elaboration of the body of rule `process2_2' at
  "/workspace/scratch/e6420b0fda2a/resource60-buffered-source/hw/bsv/SwayScan.bsv",
  line 281, column 14.
  During elaboration of `scan' at
  "/workspace/scratch/e6420b0fda2a/resource60-buffered-source/hw/bsv/SwayBlock.bsv",
  line 148, column 17.
  During elaboration of `block0' at
  "/workspace/scratch/e6420b0fda2a/resource60-buffered-source/hw/bsv/SwayBaseline.bsv",
  line 52, column 18.
  During elaboration of `dut' at
  "/workspace/scratch/e6420b0fda2a/resource60-buffered-source/hw/sim/TbSway.bsv",
  line 16, column 17.
  During elaboration of `mkTbSway' at
  "/workspace/scratch/e6420b0fda2a/resource60-buffered-source/hw/sim/TbSway.bsv",
  line 9, column 8.
Warning: "/workspace/scratch/e6420b0fda2a/resource60-buffered-source/hw/bsv/SwayBlock.bsv", line 227, column 14: (G0043)
  Multiple reset signals influence rule `dut_block0_process1'.
  This can lead to inconsistent, non-atomic results when not all of these
  signals are asserted.
  Method calls by reset:
    Reset 1 (dut_block0_localReset_leafReset.gen_rst):
      dut_block0_inputQ.deq
      dut_block0_inputQ.first
      dut_block0_inputQ.i_notEmpty
      dut_block0_residualQ.enq
      dut_block0_residualQ.i_notFull
    Reset 2 (dut_block0_normalization_localReset_leafReset.gen_rst):
      dut_block0_normalization_inputQ.enq
      dut_block0_normalization_inputQ.i_notFull
  During elaboration of rule `process1' at
  "/workspace/scratch/e6420b0fda2a/resource60-buffered-source/hw/bsv/SwayBlock.bsv",
  line 227, column 14.
  During elaboration of `block0' at
  "/workspace/scratch/e6420b0fda2a/resource60-buffered-source/hw/bsv/SwayBaseline.bsv",
  line 52, column 18.
  During elaboration of `dut' at
  "/workspace/scratch/e6420b0fda2a/resource60-buffered-source/hw/sim/TbSway.bsv",
  line 16, column 17.
  During elaboration of `mkTbSway' at
  "/workspace/scratch/e6420b0fda2a/resource60-buffered-source/hw/sim/TbSway.bsv",
  line 9, column 8.
Warning: "/workspace/scratch/e6420b0fda2a/resource60-buffered-source/hw/bsv/SwayBlock.bsv", line 240, column 14: (G0043)
  Multiple reset signals influence rule `dut_block0_process2'.
  This can lead to inconsistent, non-atomic results when not all of these
  signals are asserted.
  Method calls by reset:
    Reset 1 (dut_block0_normalization_localReset_leafReset.gen_rst):
      dut_block0_normalization_outputQ.deq
      dut_block0_normalization_outputQ.first
      dut_block0_normalization_outputQ.i_notEmpty
    Reset 2 (dut_block0_inputProjection_localReset_leafReset.gen_rst):
      dut_block0_inputProjection_inputQ.enq
      dut_block0_inputProjection_inputQ.i_notFull
  During elaboration of rule `process2' at
  "/workspace/scratch/e6420b0fda2a/resource60-buffered-source/hw/bsv/SwayBlock.bsv",
  line 240, column 14.
  During elaboration of `block0' at
  "/workspace/scratch/e6420b0fda2a/resource60-buffered-source/hw/bsv/SwayBaseline.bsv",
  line 52, column 18.
  During elaboration of `dut' at
  "/workspace/scratch/e6420b0fda2a/resource60-buffered-source/hw/sim/TbSway.bsv",
  line 16, column 17.
  During elaboration of `mkTbSway' at
  "/workspace/scratch/e6420b0fda2a/resource60-buffered-source/hw/sim/TbSway.bsv",
  line 9, column 8.
Warning: "/workspace/scratch/e6420b0fda2a/resource60-buffered-source/hw/bsv/SwayBlock.bsv", line 251, column 14: (G0043)
  Multiple reset signals influence rule `dut_block0_process3'.
  This can lead to inconsistent, non-atomic results when not all of these
  signals are asserted.
  Method calls by reset:
    Reset 1 (dut_block0_localReset_leafReset.gen_rst):
      dut_block0_expandedQ.enq dut_block0_expandedQ.i_notFull
    Reset 2 (dut_block0_inputProjection_engine_localReset_leafReset.gen_rst):
      dut_block0_inputProjection_engine_outputQ.deq
      dut_block0_inputProjection_engine_outputQ.first
      dut_block0_inputProjection_engine_outputQ.i_notEmpty
  During elaboration of rule `process3' at
  "/workspace/scratch/e6420b0fda2a/resource60-buffered-source/hw/bsv/SwayBlock.bsv",
  line 251, column 14.
  During elaboration of `block0' at
  "/workspace/scratch/e6420b0fda2a/resource60-buffered-source/hw/bsv/SwayBaseline.bsv",
  line 52, column 18.
  During elaboration of `dut' at
  "/workspace/scratch/e6420b0fda2a/resource60-buffered-source/hw/sim/TbSway.bsv",
  line 16, column 17.
  During elaboration of `mkTbSway' at
  "/workspace/scratch/e6420b0fda2a/resource60-buffered-source/hw/sim/TbSway.bsv",
  line 9, column 8.
Warning: "/workspace/scratch/e6420b0fda2a/resource60-buffered-source/hw/bsv/SwayBlock.bsv", line 479, column 14: (G0043)
  Multiple reset signals influence rule `dut_block0_process5'.
  This can lead to inconsistent, non-atomic results when not all of these
  signals are asserted.
  Method calls by reset:
    Reset 1 (dut_block0_localReset_leafReset.gen_rst):
      dut_block0_activatedQ.deq
      dut_block0_activatedQ.first
      dut_block0_activatedQ.i_notEmpty
      dut_block0_xDelayQ.enq
      dut_block0_xDelayQ.i_notFull
    Reset 2 (dut_block0_stateProjection_localReset_leafReset.gen_rst):
      dut_block0_stateProjection_inputQ.enq
      dut_block0_stateProjection_inputQ.i_notFull
  During elaboration of rule `process5' at
  "/workspace/scratch/e6420b0fda2a/resource60-buffered-source/hw/bsv/SwayBlock.bsv",
  line 479, column 14.
  During elaboration of `block0' at
  "/workspace/scratch/e6420b0fda2a/resource60-buffered-source/hw/bsv/SwayBaseline.bsv",
  line 52, column 18.
  During elaboration of `dut' at
  "/workspace/scratch/e6420b0fda2a/resource60-buffered-source/hw/sim/TbSway.bsv",
  line 16, column 17.
  During elaboration of `mkTbSway' at
  "/workspace/scratch/e6420b0fda2a/resource60-buffered-source/hw/sim/TbSway.bsv",
  line 9, column 8.
Warning: "/workspace/scratch/e6420b0fda2a/resource60-buffered-source/hw/bsv/SwayBlock.bsv", line 492, column 14: (G0043)
  Multiple reset signals influence rule `dut_block0_process6'.
  This can lead to inconsistent, non-atomic results when not all of these
  signals are asserted.
  Method calls by reset:
    Reset 1 (dut_block0_localReset_leafReset.gen_rst):
      dut_block0_stateParameterQ.enq dut_block0_stateParameterQ.i_notFull
    Reset 2 (dut_block0_stateProjection_engine_localReset_leafReset.gen_rst):
      dut_block0_stateProjection_engine_outputQ.deq
      dut_block0_stateProjection_engine_outputQ.first
      dut_block0_stateProjection_engine_outputQ.i_notEmpty
    Reset 3 (dut_block0_deltaProjection_localReset_leafReset.gen_rst):
      dut_block0_deltaProjection_inputQ.enq
      dut_block0_deltaProjection_inputQ.i_notFull
  During elaboration of rule `process6' at
  "/workspace/scratch/e6420b0fda2a/resource60-buffered-source/hw/bsv/SwayBlock.bsv",
  line 492, column 14.
  During elaboration of `block0' at
  "/workspace/scratch/e6420b0fda2a/resource60-buffered-source/hw/bsv/SwayBaseline.bsv",
  line 52, column 18.
  During elaboration of `dut' at
  "/workspace/scratch/e6420b0fda2a/resource60-buffered-source/hw/sim/TbSway.bsv",
  line 16, column 17.
  During elaboration of `mkTbSway' at
  "/workspace/scratch/e6420b0fda2a/resource60-buffered-source/hw/sim/TbSway.bsv",
  line 9, column 8.
Warning: "Prelude.bs", line 1335, column 9: (G0024)
  The function unfolding steps interval has been exceeded when unfolding
  `Prelude.Ord~Prelude.Integer'. The current number of steps is 400000. Next
  warning at 500000 steps. Elaboration terminates at 1000000 steps.
  During elaboration of the body of rule `process7' at
  "/workspace/scratch/e6420b0fda2a/resource60-buffered-source/hw/bsv/SwayBlock.bsv",
  line 514, column 14.
  During elaboration of `block0' at
  "/workspace/scratch/e6420b0fda2a/resource60-buffered-source/hw/bsv/SwayBaseline.bsv",
  line 52, column 18.
  During elaboration of `dut' at
  "/workspace/scratch/e6420b0fda2a/resource60-buffered-source/hw/sim/TbSway.bsv",
  line 16, column 17.
  During elaboration of `mkTbSway' at
  "/workspace/scratch/e6420b0fda2a/resource60-buffered-source/hw/sim/TbSway.bsv",
  line 9, column 8.
Warning: "/workspace/scratch/e6420b0fda2a/resource60-buffered-source/hw/bsv/SwayBlock.bsv", line 514, column 14: (G0043)
  Multiple reset signals influence rule `dut_block0_process7'.
  This can lead to inconsistent, non-atomic results when not all of these
  signals are asserted.
  Method calls by reset:
    Reset 1 (dut_block0_localReset_leafReset.gen_rst):
      dut_block0_stateParameterQ.deq
      dut_block0_stateParameterQ.first
      dut_block0_stateParameterQ.i_notEmpty
      dut_block0_xDelayQ.deq
      dut_block0_xDelayQ.first
      dut_block0_xDelayQ.i_notEmpty
    Reset 2 (dut_block0_deltaProjection_engine_localReset_leafReset.gen_rst):
      dut_block0_deltaProjection_engine_outputQ.deq
      dut_block0_deltaProjection_engine_outputQ.first
      dut_block0_deltaProjection_engine_outputQ.i_notEmpty
    Reset 3 (dut_block0_scan_localReset_leafReset.gen_rst):
      dut_block0_scan_inputQ.enq dut_block0_scan_inputQ.i_notFull
  During elaboration of rule `process7' at
  "/workspace/scratch/e6420b0fda2a/resource60-buffered-source/hw/bsv/SwayBlock.bsv",
  line 514, column 14.
  During elaboration of `block0' at
  "/workspace/scratch/e6420b0fda2a/resource60-buffered-source/hw/bsv/SwayBaseline.bsv",
  line 52, column 18.
  During elaboration of `dut' at
  "/workspace/scratch/e6420b0fda2a/resource60-buffered-source/hw/sim/TbSway.bsv",
  line 16, column 17.
  During elaboration of `mkTbSway' at
  "/workspace/scratch/e6420b0fda2a/resource60-buffered-source/hw/sim/TbSway.bsv",
  line 9, column 8.
Warning: "/workspace/scratch/e6420b0fda2a/resource60-buffered-source/hw/bsv/SwayBlock.bsv", line 538, column 14: (G0043)
  Multiple reset signals influence rule `dut_block0_process8'.
  This can lead to inconsistent, non-atomic results when not all of these
  signals are asserted.
  Method calls by reset:
    Reset 1 (dut_block0_localReset_leafReset.gen_rst):
      dut_block0_gateDelayQ.deq
      dut_block0_gateDelayQ.first
      dut_block0_gateDelayQ.i_notEmpty
      dut_block0_gatingOn.read
      dut_block0_gatingOn.write
    Reset 2 (dut_block0_scan_localReset_leafReset.gen_rst):
      dut_block0_scan_outputQ.deq
      dut_block0_scan_outputQ.first
      dut_block0_scan_outputQ.i_notEmpty
  During elaboration of rule `process8' at
  "/workspace/scratch/e6420b0fda2a/resource60-buffered-source/hw/bsv/SwayBlock.bsv",
  line 538, column 14.
  During elaboration of `block0' at
  "/workspace/scratch/e6420b0fda2a/resource60-buffered-source/hw/bsv/SwayBaseline.bsv",
  line 52, column 18.
  During elaboration of `dut' at
  "/workspace/scratch/e6420b0fda2a/resource60-buffered-source/hw/sim/TbSway.bsv",
  line 16, column 17.
  During elaboration of `mkTbSway' at
  "/workspace/scratch/e6420b0fda2a/resource60-buffered-source/hw/sim/TbSway.bsv",
  line 9, column 8.
Warning: "/workspace/scratch/e6420b0fda2a/resource60-buffered-source/hw/bsv/SwayBlock.bsv", line 614, column 14: (G0043)
  Multiple reset signals influence rule `dut_block0_process9_5'.
  This can lead to inconsistent, non-atomic results when not all of these
  signals are asserted.
  Method calls by reset:
    Reset 1 (dut_block0_localReset_leafReset.gen_rst):
      dut_block0_gateEmitOn.read
      dut_block0_gateEmitOn.write
      dut_block0_gatingOn.read
      dut_block0_gatingOn.write
    Reset 2 (dut_block0_outputProjection_localReset_leafReset.gen_rst):
      dut_block0_outputProjection_inputQ.enq
      dut_block0_outputProjection_inputQ.i_notFull
  During elaboration of rule `process9_5' at
  "/workspace/scratch/e6420b0fda2a/resource60-buffered-source/hw/bsv/SwayBlock.bsv",
  line 614, column 14.
  During elaboration of `block0' at
  "/workspace/scratch/e6420b0fda2a/resource60-buffered-source/hw/bsv/SwayBaseline.bsv",
  line 52, column 18.
  During elaboration of `dut' at
  "/workspace/scratch/e6420b0fda2a/resource60-buffered-source/hw/sim/TbSway.bsv",
  line 16, column 17.
  During elaboration of `mkTbSway' at
  "/workspace/scratch/e6420b0fda2a/resource60-buffered-source/hw/sim/TbSway.bsv",
  line 9, column 8.
Warning: "/workspace/scratch/e6420b0fda2a/resource60-buffered-source/hw/bsv/SwayBlock.bsv", line 636, column 14: (G0043)
  Multiple reset signals influence rule `dut_block0_process10'.
  This can lead to inconsistent, non-atomic results when not all of these
  signals are asserted.
  Method calls by reset:
    Reset 1 (dut_block0_localReset_leafReset.gen_rst):
      dut_block0_residualQ.deq
      dut_block0_residualQ.first
      dut_block0_residualQ.i_notEmpty
      dut_block0_residualSumQ.enq
      dut_block0_residualSumQ.i_notFull
    Reset 2 (dut_block0_outputProjection_engine_localReset_leafReset.gen_rst):
      dut_block0_outputProjection_engine_outputQ.deq
      dut_block0_outputProjection_engine_outputQ.first
      dut_block0_outputProjection_engine_outputQ.i_notEmpty
  During elaboration of rule `process10' at
  "/workspace/scratch/e6420b0fda2a/resource60-buffered-source/hw/bsv/SwayBlock.bsv",
  line 636, column 14.
  During elaboration of `block0' at
  "/workspace/scratch/e6420b0fda2a/resource60-buffered-source/hw/bsv/SwayBaseline.bsv",
  line 52, column 18.
  During elaboration of `dut' at
  "/workspace/scratch/e6420b0fda2a/resource60-buffered-source/hw/sim/TbSway.bsv",
  line 16, column 17.
  During elaboration of `mkTbSway' at
  "/workspace/scratch/e6420b0fda2a/resource60-buffered-source/hw/sim/TbSway.bsv",
  line 9, column 8.
Warning: "/workspace/scratch/e6420b0fda2a/resource60-buffered-source/hw/bsv/SwayLinear.bsv", line 141, column 14: (G0043)
  Multiple reset signals influence rule
  `dut_block1_inputProjection_engine_process1Capture'.
  This can lead to inconsistent, non-atomic results when not all of these
  signals are asserted.
  Method calls by reset:
    Reset 1 (dut_block1_inputProjection_localReset_leafReset.gen_rst):
      dut_block1_inputProjection_inputQ.first
      dut_block1_inputProjection_inputQ.i_notEmpty
    Reset 2 (dut_block1_inputProjection_engine_localReset_leafReset.gen_rst):
      dut_block1_inputProjection_engine_activeOn.read
      dut_block1_inputProjection_engine_startQ.enq
      dut_block1_inputProjection_engine_startQ.i_notFull
  During elaboration of rule `process1Capture' at
  "/workspace/scratch/e6420b0fda2a/resource60-buffered-source/hw/bsv/SwayLinear.bsv",
  line 141, column 14.
  During elaboration of `engine' at
  "/workspace/scratch/e6420b0fda2a/resource60-buffered-source/hw/bsv/SwayLinear.bsv",
  line 616, column 29.
  During elaboration of `inputProjection' at
  "/workspace/scratch/e6420b0fda2a/resource60-buffered-source/hw/bsv/SwayBlock.bsv",
  line 139, column 28.
  During elaboration of `block1' at
  "/workspace/scratch/e6420b0fda2a/resource60-buffered-source/hw/bsv/SwayBaseline.bsv",
  line 53, column 18.
  During elaboration of `dut' at
  "/workspace/scratch/e6420b0fda2a/resource60-buffered-source/hw/sim/TbSway.bsv",
  line 16, column 17.
  During elaboration of `mkTbSway' at
  "/workspace/scratch/e6420b0fda2a/resource60-buffered-source/hw/sim/TbSway.bsv",
  line 9, column 8.
Warning: "/workspace/scratch/e6420b0fda2a/resource60-buffered-source/hw/bsv/SwayLinear.bsv", line 200, column 14: (G0043)
  Multiple reset signals influence rule
  `dut_block1_inputProjection_engine_process2Chunk'.
  This can lead to inconsistent, non-atomic results when not all of these
  signals are asserted.
  Method calls by reset:
    Reset 1 (dut_block1_inputProjection_localReset_leafReset.gen_rst):
      dut_block1_inputProjection_inputQ.first
      dut_block1_inputProjection_inputQ.i_notEmpty
    Reset 2 (dut_block1_inputProjection_engine_localReset_leafReset.gen_rst):
      dut_block1_inputProjection_engine_chunkLoadOn.read
      dut_block1_inputProjection_engine_chunkLoadOn.write
      dut_block1_inputProjection_engine_issueOn.write
  During elaboration of rule `process2Chunk' at
  "/workspace/scratch/e6420b0fda2a/resource60-buffered-source/hw/bsv/SwayLinear.bsv",
  line 200, column 14.
  During elaboration of `engine' at
  "/workspace/scratch/e6420b0fda2a/resource60-buffered-source/hw/bsv/SwayLinear.bsv",
  line 616, column 29.
  During elaboration of `inputProjection' at
  "/workspace/scratch/e6420b0fda2a/resource60-buffered-source/hw/bsv/SwayBlock.bsv",
  line 139, column 28.
  During elaboration of `block1' at
  "/workspace/scratch/e6420b0fda2a/resource60-buffered-source/hw/bsv/SwayBaseline.bsv",
  line 53, column 18.
  During elaboration of `dut' at
  "/workspace/scratch/e6420b0fda2a/resource60-buffered-source/hw/sim/TbSway.bsv",
  line 16, column 17.
  During elaboration of `mkTbSway' at
  "/workspace/scratch/e6420b0fda2a/resource60-buffered-source/hw/sim/TbSway.bsv",
  line 9, column 8.
Warning: "/workspace/scratch/e6420b0fda2a/resource60-buffered-source/hw/bsv/SwayLinear.bsv", line 543, column 14: (G0043)
  Multiple reset signals influence rule
  `dut_block1_inputProjection_engine_process8Emit'.
  This can lead to inconsistent, non-atomic results when not all of these
  signals are asserted.
  Method calls by reset:
    Reset 1 (dut_block1_inputProjection_localReset_leafReset.gen_rst):
      dut_block1_inputProjection_inputQ.deq
      dut_block1_inputProjection_inputQ.i_notEmpty
    Reset 2 (dut_block1_inputProjection_engine_localReset_leafReset.gen_rst):
      dut_block1_inputProjection_engine_activeOn.read
      dut_block1_inputProjection_engine_activeOn.write
      dut_block1_inputProjection_engine_emitOn.read
      dut_block1_inputProjection_engine_emitOn.write
      dut_block1_inputProjection_engine_outputQ.enq
      dut_block1_inputProjection_engine_outputQ.i_notFull
  During elaboration of rule `process8Emit' at
  "/workspace/scratch/e6420b0fda2a/resource60-buffered-source/hw/bsv/SwayLinear.bsv",
  line 543, column 14.
  During elaboration of `engine' at
  "/workspace/scratch/e6420b0fda2a/resource60-buffered-source/hw/bsv/SwayLinear.bsv",
  line 616, column 29.
  During elaboration of `inputProjection' at
  "/workspace/scratch/e6420b0fda2a/resource60-buffered-source/hw/bsv/SwayBlock.bsv",
  line 139, column 28.
  During elaboration of `block1' at
  "/workspace/scratch/e6420b0fda2a/resource60-buffered-source/hw/bsv/SwayBaseline.bsv",
  line 53, column 18.
  During elaboration of `dut' at
  "/workspace/scratch/e6420b0fda2a/resource60-buffered-source/hw/sim/TbSway.bsv",
  line 16, column 17.
  During elaboration of `mkTbSway' at
  "/workspace/scratch/e6420b0fda2a/resource60-buffered-source/hw/sim/TbSway.bsv",
  line 9, column 8.
Warning: "/workspace/scratch/e6420b0fda2a/resource60-buffered-source/hw/bsv/SwayLinear.bsv", line 141, column 14: (G0043)
  Multiple reset signals influence rule
  `dut_block1_stateProjection_engine_process1Capture'.
  This can lead to inconsistent, non-atomic results when not all of these
  signals are asserted.
  Method calls by reset:
    Reset 1 (dut_block1_stateProjection_localReset_leafReset.gen_rst):
      dut_block1_stateProjection_inputQ.first
      dut_block1_stateProjection_inputQ.i_notEmpty
    Reset 2 (dut_block1_stateProjection_engine_localReset_leafReset.gen_rst):
      dut_block1_stateProjection_engine_activeOn.read
      dut_block1_stateProjection_engine_startQ.enq
      dut_block1_stateProjection_engine_startQ.i_notFull
  During elaboration of rule `process1Capture' at
  "/workspace/scratch/e6420b0fda2a/resource60-buffered-source/hw/bsv/SwayLinear.bsv",
  line 141, column 14.
  During elaboration of `engine' at
  "/workspace/scratch/e6420b0fda2a/resource60-buffered-source/hw/bsv/SwayLinear.bsv",
  line 616, column 29.
  During elaboration of `stateProjection' at
  "/workspace/scratch/e6420b0fda2a/resource60-buffered-source/hw/bsv/SwayBlock.bsv",
  line 144, column 28.
  During elaboration of `block1' at
  "/workspace/scratch/e6420b0fda2a/resource60-buffered-source/hw/bsv/SwayBaseline.bsv",
  line 53, column 18.
  During elaboration of `dut' at
  "/workspace/scratch/e6420b0fda2a/resource60-buffered-source/hw/sim/TbSway.bsv",
  line 16, column 17.
  During elaboration of `mkTbSway' at
  "/workspace/scratch/e6420b0fda2a/resource60-buffered-source/hw/sim/TbSway.bsv",
  line 9, column 8.
Warning: "/workspace/scratch/e6420b0fda2a/resource60-buffered-source/hw/bsv/SwayLinear.bsv", line 200, column 14: (G0043)
  Multiple reset signals influence rule
  `dut_block1_stateProjection_engine_process2Chunk'.
  This can lead to inconsistent, non-atomic results when not all of these
  signals are asserted.
  Method calls by reset:
    Reset 1 (dut_block1_stateProjection_localReset_leafReset.gen_rst):
      dut_block1_stateProjection_inputQ.first
      dut_block1_stateProjection_inputQ.i_notEmpty
    Reset 2 (dut_block1_stateProjection_engine_localReset_leafReset.gen_rst):
      dut_block1_stateProjection_engine_chunkLoadOn.read
      dut_block1_stateProjection_engine_chunkLoadOn.write
      dut_block1_stateProjection_engine_issueOn.write
  During elaboration of rule `process2Chunk' at
  "/workspace/scratch/e6420b0fda2a/resource60-buffered-source/hw/bsv/SwayLinear.bsv",
  line 200, column 14.
  During elaboration of `engine' at
  "/workspace/scratch/e6420b0fda2a/resource60-buffered-source/hw/bsv/SwayLinear.bsv",
  line 616, column 29.
  During elaboration of `stateProjection' at
  "/workspace/scratch/e6420b0fda2a/resource60-buffered-source/hw/bsv/SwayBlock.bsv",
  line 144, column 28.
  During elaboration of `block1' at
  "/workspace/scratch/e6420b0fda2a/resource60-buffered-source/hw/bsv/SwayBaseline.bsv",
  line 53, column 18.
  During elaboration of `dut' at
  "/workspace/scratch/e6420b0fda2a/resource60-buffered-source/hw/sim/TbSway.bsv",
  line 16, column 17.
  During elaboration of `mkTbSway' at
  "/workspace/scratch/e6420b0fda2a/resource60-buffered-source/hw/sim/TbSway.bsv",
  line 9, column 8.
Warning: "/workspace/scratch/e6420b0fda2a/resource60-buffered-source/hw/bsv/SwayLinear.bsv", line 543, column 14: (G0043)
  Multiple reset signals influence rule
  `dut_block1_stateProjection_engine_process8Emit'.
  This can lead to inconsistent, non-atomic results when not all of these
  signals are asserted.
  Method calls by reset:
    Reset 1 (dut_block1_stateProjection_localReset_leafReset.gen_rst):
      dut_block1_stateProjection_inputQ.deq
      dut_block1_stateProjection_inputQ.i_notEmpty
    Reset 2 (dut_block1_stateProjection_engine_localReset_leafReset.gen_rst):
      dut_block1_stateProjection_engine_activeOn.read
      dut_block1_stateProjection_engine_activeOn.write
      dut_block1_stateProjection_engine_emitOn.read
      dut_block1_stateProjection_engine_emitOn.write
      dut_block1_stateProjection_engine_outputQ.enq
      dut_block1_stateProjection_engine_outputQ.i_notFull
  During elaboration of rule `process8Emit' at
  "/workspace/scratch/e6420b0fda2a/resource60-buffered-source/hw/bsv/SwayLinear.bsv",
  line 543, column 14.
  During elaboration of `engine' at
  "/workspace/scratch/e6420b0fda2a/resource60-buffered-source/hw/bsv/SwayLinear.bsv",
  line 616, column 29.
  During elaboration of `stateProjection' at
  "/workspace/scratch/e6420b0fda2a/resource60-buffered-source/hw/bsv/SwayBlock.bsv",
  line 144, column 28.
  During elaboration of `block1' at
  "/workspace/scratch/e6420b0fda2a/resource60-buffered-source/hw/bsv/SwayBaseline.bsv",
  line 53, column 18.
  During elaboration of `dut' at
  "/workspace/scratch/e6420b0fda2a/resource60-buffered-source/hw/sim/TbSway.bsv",
  line 16, column 17.
  During elaboration of `mkTbSway' at
  "/workspace/scratch/e6420b0fda2a/resource60-buffered-source/hw/sim/TbSway.bsv",
  line 9, column 8.
Warning: "/workspace/scratch/e6420b0fda2a/resource60-buffered-source/hw/bsv/SwayLinear.bsv", line 141, column 14: (G0043)
  Multiple reset signals influence rule
  `dut_block1_deltaProjection_engine_process1Capture'.
  This can lead to inconsistent, non-atomic results when not all of these
  signals are asserted.
  Method calls by reset:
    Reset 1 (dut_block1_deltaProjection_localReset_leafReset.gen_rst):
      dut_block1_deltaProjection_inputQ.first
      dut_block1_deltaProjection_inputQ.i_notEmpty
    Reset 2 (dut_block1_deltaProjection_engine_localReset_leafReset.gen_rst):
      dut_block1_deltaProjection_engine_activeOn.read
      dut_block1_deltaProjection_engine_startQ.enq
      dut_block1_deltaProjection_engine_startQ.i_notFull
  During elaboration of rule `process1Capture' at
  "/workspace/scratch/e6420b0fda2a/resource60-buffered-source/hw/bsv/SwayLinear.bsv",
  line 141, column 14.
  During elaboration of `engine' at
  "/workspace/scratch/e6420b0fda2a/resource60-buffered-source/hw/bsv/SwayLinear.bsv",
  line 616, column 29.
  During elaboration of `deltaProjection' at
  "/workspace/scratch/e6420b0fda2a/resource60-buffered-source/hw/bsv/SwayBlock.bsv",
  line 145, column 27.
  During elaboration of `block1' at
  "/workspace/scratch/e6420b0fda2a/resource60-buffered-source/hw/bsv/SwayBaseline.bsv",
  line 53, column 18.
  During elaboration of `dut' at
  "/workspace/scratch/e6420b0fda2a/resource60-buffered-source/hw/sim/TbSway.bsv",
  line 16, column 17.
  During elaboration of `mkTbSway' at
  "/workspace/scratch/e6420b0fda2a/resource60-buffered-source/hw/sim/TbSway.bsv",
  line 9, column 8.
Warning: "/workspace/scratch/e6420b0fda2a/resource60-buffered-source/hw/bsv/SwayLinear.bsv", line 200, column 14: (G0043)
  Multiple reset signals influence rule
  `dut_block1_deltaProjection_engine_process2Chunk'.
  This can lead to inconsistent, non-atomic results when not all of these
  signals are asserted.
  Method calls by reset:
    Reset 1 (dut_block1_deltaProjection_localReset_leafReset.gen_rst):
      dut_block1_deltaProjection_inputQ.first
      dut_block1_deltaProjection_inputQ.i_notEmpty
    Reset 2 (dut_block1_deltaProjection_engine_localReset_leafReset.gen_rst):
      dut_block1_deltaProjection_engine_chunkLoadOn.read
      dut_block1_deltaProjection_engine_chunkLoadOn.write
      dut_block1_deltaProjection_engine_issueOn.write
  During elaboration of rule `process2Chunk' at
  "/workspace/scratch/e6420b0fda2a/resource60-buffered-source/hw/bsv/SwayLinear.bsv",
  line 200, column 14.
  During elaboration of `engine' at
  "/workspace/scratch/e6420b0fda2a/resource60-buffered-source/hw/bsv/SwayLinear.bsv",
  line 616, column 29.
  During elaboration of `deltaProjection' at
  "/workspace/scratch/e6420b0fda2a/resource60-buffered-source/hw/bsv/SwayBlock.bsv",
  line 145, column 27.
  During elaboration of `block1' at
  "/workspace/scratch/e6420b0fda2a/resource60-buffered-source/hw/bsv/SwayBaseline.bsv",
  line 53, column 18.
  During elaboration of `dut' at
  "/workspace/scratch/e6420b0fda2a/resource60-buffered-source/hw/sim/TbSway.bsv",
  line 16, column 17.
  During elaboration of `mkTbSway' at
  "/workspace/scratch/e6420b0fda2a/resource60-buffered-source/hw/sim/TbSway.bsv",
  line 9, column 8.
Warning: "/workspace/scratch/e6420b0fda2a/resource60-buffered-source/hw/bsv/SwayLinear.bsv", line 543, column 14: (G0043)
  Multiple reset signals influence rule
  `dut_block1_deltaProjection_engine_process8Emit'.
  This can lead to inconsistent, non-atomic results when not all of these
  signals are asserted.
  Method calls by reset:
    Reset 1 (dut_block1_deltaProjection_localReset_leafReset.gen_rst):
      dut_block1_deltaProjection_inputQ.deq
      dut_block1_deltaProjection_inputQ.i_notEmpty
    Reset 2 (dut_block1_deltaProjection_engine_localReset_leafReset.gen_rst):
      dut_block1_deltaProjection_engine_activeOn.read
      dut_block1_deltaProjection_engine_activeOn.write
      dut_block1_deltaProjection_engine_emitOn.read
      dut_block1_deltaProjection_engine_emitOn.write
      dut_block1_deltaProjection_engine_outputQ.enq
      dut_block1_deltaProjection_engine_outputQ.i_notFull
  During elaboration of rule `process8Emit' at
  "/workspace/scratch/e6420b0fda2a/resource60-buffered-source/hw/bsv/SwayLinear.bsv",
  line 543, column 14.
  During elaboration of `engine' at
  "/workspace/scratch/e6420b0fda2a/resource60-buffered-source/hw/bsv/SwayLinear.bsv",
  line 616, column 29.
  During elaboration of `deltaProjection' at
  "/workspace/scratch/e6420b0fda2a/resource60-buffered-source/hw/bsv/SwayBlock.bsv",
  line 145, column 27.
  During elaboration of `block1' at
  "/workspace/scratch/e6420b0fda2a/resource60-buffered-source/hw/bsv/SwayBaseline.bsv",
  line 53, column 18.
  During elaboration of `dut' at
  "/workspace/scratch/e6420b0fda2a/resource60-buffered-source/hw/sim/TbSway.bsv",
  line 16, column 17.
  During elaboration of `mkTbSway' at
  "/workspace/scratch/e6420b0fda2a/resource60-buffered-source/hw/sim/TbSway.bsv",
  line 9, column 8.
Warning: "/workspace/scratch/e6420b0fda2a/resource60-buffered-source/hw/bsv/SwayLinear.bsv", line 141, column 14: (G0043)
  Multiple reset signals influence rule
  `dut_block1_outputProjection_engine_process1Capture'.
  This can lead to inconsistent, non-atomic results when not all of these
  signals are asserted.
  Method calls by reset:
    Reset 1 (dut_block1_outputProjection_localReset_leafReset.gen_rst):
      dut_block1_outputProjection_inputQ.first
      dut_block1_outputProjection_inputQ.i_notEmpty
    Reset 2 (dut_block1_outputProjection_engine_localReset_leafReset.gen_rst):
      dut_block1_outputProjection_engine_activeOn.read
      dut_block1_outputProjection_engine_startQ.enq
      dut_block1_outputProjection_engine_startQ.i_notFull
  During elaboration of rule `process1Capture' at
  "/workspace/scratch/e6420b0fda2a/resource60-buffered-source/hw/bsv/SwayLinear.bsv",
  line 141, column 14.
  During elaboration of `engine' at
  "/workspace/scratch/e6420b0fda2a/resource60-buffered-source/hw/bsv/SwayLinear.bsv",
  line 616, column 29.
  During elaboration of `outputProjection' at
  "/workspace/scratch/e6420b0fda2a/resource60-buffered-source/hw/bsv/SwayBlock.bsv",
  line 146, column 28.
  During elaboration of `block1' at
  "/workspace/scratch/e6420b0fda2a/resource60-buffered-source/hw/bsv/SwayBaseline.bsv",
  line 53, column 18.
  During elaboration of `dut' at
  "/workspace/scratch/e6420b0fda2a/resource60-buffered-source/hw/sim/TbSway.bsv",
  line 16, column 17.
  During elaboration of `mkTbSway' at
  "/workspace/scratch/e6420b0fda2a/resource60-buffered-source/hw/sim/TbSway.bsv",
  line 9, column 8.
Warning: "/workspace/scratch/e6420b0fda2a/resource60-buffered-source/hw/bsv/SwayLinear.bsv", line 200, column 14: (G0043)
  Multiple reset signals influence rule
  `dut_block1_outputProjection_engine_process2Chunk'.
  This can lead to inconsistent, non-atomic results when not all of these
  signals are asserted.
  Method calls by reset:
    Reset 1 (dut_block1_outputProjection_localReset_leafReset.gen_rst):
      dut_block1_outputProjection_inputQ.first
      dut_block1_outputProjection_inputQ.i_notEmpty
    Reset 2 (dut_block1_outputProjection_engine_localReset_leafReset.gen_rst):
      dut_block1_outputProjection_engine_chunkLoadOn.read
      dut_block1_outputProjection_engine_chunkLoadOn.write
      dut_block1_outputProjection_engine_issueOn.write
  During elaboration of rule `process2Chunk' at
  "/workspace/scratch/e6420b0fda2a/resource60-buffered-source/hw/bsv/SwayLinear.bsv",
  line 200, column 14.
  During elaboration of `engine' at
  "/workspace/scratch/e6420b0fda2a/resource60-buffered-source/hw/bsv/SwayLinear.bsv",
  line 616, column 29.
  During elaboration of `outputProjection' at
  "/workspace/scratch/e6420b0fda2a/resource60-buffered-source/hw/bsv/SwayBlock.bsv",
  line 146, column 28.
  During elaboration of `block1' at
  "/workspace/scratch/e6420b0fda2a/resource60-buffered-source/hw/bsv/SwayBaseline.bsv",
  line 53, column 18.
  During elaboration of `dut' at
  "/workspace/scratch/e6420b0fda2a/resource60-buffered-source/hw/sim/TbSway.bsv",
  line 16, column 17.
  During elaboration of `mkTbSway' at
  "/workspace/scratch/e6420b0fda2a/resource60-buffered-source/hw/sim/TbSway.bsv",
  line 9, column 8.
Warning: "/workspace/scratch/e6420b0fda2a/resource60-buffered-source/hw/bsv/SwayLinear.bsv", line 543, column 14: (G0043)
  Multiple reset signals influence rule
  `dut_block1_outputProjection_engine_process8Emit'.
  This can lead to inconsistent, non-atomic results when not all of these
  signals are asserted.
  Method calls by reset:
    Reset 1 (dut_block1_outputProjection_localReset_leafReset.gen_rst):
      dut_block1_outputProjection_inputQ.deq
      dut_block1_outputProjection_inputQ.i_notEmpty
    Reset 2 (dut_block1_outputProjection_engine_localReset_leafReset.gen_rst):
      dut_block1_outputProjection_engine_activeOn.read
      dut_block1_outputProjection_engine_activeOn.write
      dut_block1_outputProjection_engine_emitOn.read
      dut_block1_outputProjection_engine_emitOn.write
      dut_block1_outputProjection_engine_outputQ.enq
      dut_block1_outputProjection_engine_outputQ.i_notFull
  During elaboration of rule `process8Emit' at
  "/workspace/scratch/e6420b0fda2a/resource60-buffered-source/hw/bsv/SwayLinear.bsv",
  line 543, column 14.
  During elaboration of `engine' at
  "/workspace/scratch/e6420b0fda2a/resource60-buffered-source/hw/bsv/SwayLinear.bsv",
  line 616, column 29.
  During elaboration of `outputProjection' at
  "/workspace/scratch/e6420b0fda2a/resource60-buffered-source/hw/bsv/SwayBlock.bsv",
  line 146, column 28.
  During elaboration of `block1' at
  "/workspace/scratch/e6420b0fda2a/resource60-buffered-source/hw/bsv/SwayBaseline.bsv",
  line 53, column 18.
  During elaboration of `dut' at
  "/workspace/scratch/e6420b0fda2a/resource60-buffered-source/hw/sim/TbSway.bsv",
  line 16, column 17.
  During elaboration of `mkTbSway' at
  "/workspace/scratch/e6420b0fda2a/resource60-buffered-source/hw/sim/TbSway.bsv",
  line 9, column 8.
Warning: "Prelude.bs", line 586, column 27: (G0024)
  The function unfolding steps interval has been exceeded when unfolding
  `Prelude.PrimIndex~Prelude.Integer~32'. The current number of steps is
  500000. Next warning at 600000 steps. Elaboration terminates at 1000000
  steps.
  During elaboration of the body of rule `process2_2' at
  "/workspace/scratch/e6420b0fda2a/resource60-buffered-source/hw/bsv/SwayScan.bsv",
  line 281, column 14.
  During elaboration of `scan' at
  "/workspace/scratch/e6420b0fda2a/resource60-buffered-source/hw/bsv/SwayBlock.bsv",
  line 148, column 17.
  During elaboration of `block1' at
  "/workspace/scratch/e6420b0fda2a/resource60-buffered-source/hw/bsv/SwayBaseline.bsv",
  line 53, column 18.
  During elaboration of `dut' at
  "/workspace/scratch/e6420b0fda2a/resource60-buffered-source/hw/sim/TbSway.bsv",
  line 16, column 17.
  During elaboration of `mkTbSway' at
  "/workspace/scratch/e6420b0fda2a/resource60-buffered-source/hw/sim/TbSway.bsv",
  line 9, column 8.
Warning: "Prelude.bs", line 630, column 9: (G0024)
  The function unfolding steps interval has been exceeded when unfolding
  `Prelude.PrimIndex~Prelude.Bit~n~n'. The current number of steps is 600000.
  Next warning at 700000 steps. Elaboration terminates at 1000000 steps.
  During elaboration of the body of rule `process2_2' at
  "/workspace/scratch/e6420b0fda2a/resource60-buffered-source/hw/bsv/SwayScan.bsv",
  line 281, column 14.
  During elaboration of `scan' at
  "/workspace/scratch/e6420b0fda2a/resource60-buffered-source/hw/bsv/SwayBlock.bsv",
  line 148, column 17.
  During elaboration of `block1' at
  "/workspace/scratch/e6420b0fda2a/resource60-buffered-source/hw/bsv/SwayBaseline.bsv",
  line 53, column 18.
  During elaboration of `dut' at
  "/workspace/scratch/e6420b0fda2a/resource60-buffered-source/hw/sim/TbSway.bsv",
  line 16, column 17.
  During elaboration of `mkTbSway' at
  "/workspace/scratch/e6420b0fda2a/resource60-buffered-source/hw/sim/TbSway.bsv",
  line 9, column 8.
Warning: "Prelude.bs", line 1335, column 9: (G0024)
  The function unfolding steps interval has been exceeded when unfolding
  `Prelude.Ord~Prelude.Integer'. The current number of steps is 700000. Next
  warning at 800000 steps. Elaboration terminates at 1000000 steps.
  During elaboration of the body of rule `process2_2' at
  "/workspace/scratch/e6420b0fda2a/resource60-buffered-source/hw/bsv/SwayScan.bsv",
  line 281, column 14.
  During elaboration of `scan' at
  "/workspace/scratch/e6420b0fda2a/resource60-buffered-source/hw/bsv/SwayBlock.bsv",
  line 148, column 17.
  During elaboration of `block1' at
  "/workspace/scratch/e6420b0fda2a/resource60-buffered-source/hw/bsv/SwayBaseline.bsv",
  line 53, column 18.
  During elaboration of `dut' at
  "/workspace/scratch/e6420b0fda2a/resource60-buffered-source/hw/sim/TbSway.bsv",
  line 16, column 17.
  During elaboration of `mkTbSway' at
  "/workspace/scratch/e6420b0fda2a/resource60-buffered-source/hw/sim/TbSway.bsv",
  line 9, column 8.
Warning: "/workspace/scratch/e6420b0fda2a/resource60-buffered-source/hw/bsv/SwayBlock.bsv", line 227, column 14: (G0043)
  Multiple reset signals influence rule `dut_block1_process1'.
  This can lead to inconsistent, non-atomic results when not all of these
  signals are asserted.
  Method calls by reset:
    Reset 1 (dut_block1_localReset_leafReset.gen_rst):
      dut_block1_inputQ.deq
      dut_block1_inputQ.first
      dut_block1_inputQ.i_notEmpty
      dut_block1_residualQ.enq
      dut_block1_residualQ.i_notFull
    Reset 2 (dut_block1_normalization_localReset_leafReset.gen_rst):
      dut_block1_normalization_inputQ.enq
      dut_block1_normalization_inputQ.i_notFull
  During elaboration of rule `process1' at
  "/workspace/scratch/e6420b0fda2a/resource60-buffered-source/hw/bsv/SwayBlock.bsv",
  line 227, column 14.
  During elaboration of `block1' at
  "/workspace/scratch/e6420b0fda2a/resource60-buffered-source/hw/bsv/SwayBaseline.bsv",
  line 53, column 18.
  During elaboration of `dut' at
  "/workspace/scratch/e6420b0fda2a/resource60-buffered-source/hw/sim/TbSway.bsv",
  line 16, column 17.
  During elaboration of `mkTbSway' at
  "/workspace/scratch/e6420b0fda2a/resource60-buffered-source/hw/sim/TbSway.bsv",
  line 9, column 8.
Warning: "/workspace/scratch/e6420b0fda2a/resource60-buffered-source/hw/bsv/SwayBlock.bsv", line 240, column 14: (G0043)
  Multiple reset signals influence rule `dut_block1_process2'.
  This can lead to inconsistent, non-atomic results when not all of these
  signals are asserted.
  Method calls by reset:
    Reset 1 (dut_block1_normalization_localReset_leafReset.gen_rst):
      dut_block1_normalization_outputQ.deq
      dut_block1_normalization_outputQ.first
      dut_block1_normalization_outputQ.i_notEmpty
    Reset 2 (dut_block1_inputProjection_localReset_leafReset.gen_rst):
      dut_block1_inputProjection_inputQ.enq
      dut_block1_inputProjection_inputQ.i_notFull
  During elaboration of rule `process2' at
  "/workspace/scratch/e6420b0fda2a/resource60-buffered-source/hw/bsv/SwayBlock.bsv",
  line 240, column 14.
  During elaboration of `block1' at
  "/workspace/scratch/e6420b0fda2a/resource60-buffered-source/hw/bsv/SwayBaseline.bsv",
  line 53, column 18.
  During elaboration of `dut' at
  "/workspace/scratch/e6420b0fda2a/resource60-buffered-source/hw/sim/TbSway.bsv",
  line 16, column 17.
  During elaboration of `mkTbSway' at
  "/workspace/scratch/e6420b0fda2a/resource60-buffered-source/hw/sim/TbSway.bsv",
  line 9, column 8.
Warning: "/workspace/scratch/e6420b0fda2a/resource60-buffered-source/hw/bsv/SwayBlock.bsv", line 251, column 14: (G0043)
  Multiple reset signals influence rule `dut_block1_process3'.
  This can lead to inconsistent, non-atomic results when not all of these
  signals are asserted.
  Method calls by reset:
    Reset 1 (dut_block1_localReset_leafReset.gen_rst):
      dut_block1_expandedQ.enq dut_block1_expandedQ.i_notFull
    Reset 2 (dut_block1_inputProjection_engine_localReset_leafReset.gen_rst):
      dut_block1_inputProjection_engine_outputQ.deq
      dut_block1_inputProjection_engine_outputQ.first
      dut_block1_inputProjection_engine_outputQ.i_notEmpty
  During elaboration of rule `process3' at
  "/workspace/scratch/e6420b0fda2a/resource60-buffered-source/hw/bsv/SwayBlock.bsv",
  line 251, column 14.
  During elaboration of `block1' at
  "/workspace/scratch/e6420b0fda2a/resource60-buffered-source/hw/bsv/SwayBaseline.bsv",
  line 53, column 18.
  During elaboration of `dut' at
  "/workspace/scratch/e6420b0fda2a/resource60-buffered-source/hw/sim/TbSway.bsv",
  line 16, column 17.
  During elaboration of `mkTbSway' at
  "/workspace/scratch/e6420b0fda2a/resource60-buffered-source/hw/sim/TbSway.bsv",
  line 9, column 8.
Warning: "/workspace/scratch/e6420b0fda2a/resource60-buffered-source/hw/bsv/SwayBlock.bsv", line 479, column 14: (G0043)
  Multiple reset signals influence rule `dut_block1_process5'.
  This can lead to inconsistent, non-atomic results when not all of these
  signals are asserted.
  Method calls by reset:
    Reset 1 (dut_block1_localReset_leafReset.gen_rst):
      dut_block1_activatedQ.deq
      dut_block1_activatedQ.first
      dut_block1_activatedQ.i_notEmpty
      dut_block1_xDelayQ.enq
      dut_block1_xDelayQ.i_notFull
    Reset 2 (dut_block1_stateProjection_localReset_leafReset.gen_rst):
      dut_block1_stateProjection_inputQ.enq
      dut_block1_stateProjection_inputQ.i_notFull
  During elaboration of rule `process5' at
  "/workspace/scratch/e6420b0fda2a/resource60-buffered-source/hw/bsv/SwayBlock.bsv",
  line 479, column 14.
  During elaboration of `block1' at
  "/workspace/scratch/e6420b0fda2a/resource60-buffered-source/hw/bsv/SwayBaseline.bsv",
  line 53, column 18.
  During elaboration of `dut' at
  "/workspace/scratch/e6420b0fda2a/resource60-buffered-source/hw/sim/TbSway.bsv",
  line 16, column 17.
  During elaboration of `mkTbSway' at
  "/workspace/scratch/e6420b0fda2a/resource60-buffered-source/hw/sim/TbSway.bsv",
  line 9, column 8.
Warning: "Prelude.bs", line 3102, column 0: (G0024)
  The function unfolding steps interval has been exceeded when unfolding
  `primFix'. The current number of steps is 800000. Next warning at 900000
  steps. Elaboration terminates at 1000000 steps.
  During elaboration of the body of rule `process6' at
  "/workspace/scratch/e6420b0fda2a/resource60-buffered-source/hw/bsv/SwayBlock.bsv",
  line 492, column 14.
  During elaboration of `block1' at
  "/workspace/scratch/e6420b0fda2a/resource60-buffered-source/hw/bsv/SwayBaseline.bsv",
  line 53, column 18.
  During elaboration of `dut' at
  "/workspace/scratch/e6420b0fda2a/resource60-buffered-source/hw/sim/TbSway.bsv",
  line 16, column 17.
  During elaboration of `mkTbSway' at
  "/workspace/scratch/e6420b0fda2a/resource60-buffered-source/hw/sim/TbSway.bsv",
  line 9, column 8.
Warning: "/workspace/scratch/e6420b0fda2a/resource60-buffered-source/hw/bsv/SwayBlock.bsv", line 492, column 14: (G0043)
  Multiple reset signals influence rule `dut_block1_process6'.
  This can lead to inconsistent, non-atomic results when not all of these
  signals are asserted.
  Method calls by reset:
    Reset 1 (dut_block1_localReset_leafReset.gen_rst):
      dut_block1_stateParameterQ.enq dut_block1_stateParameterQ.i_notFull
    Reset 2 (dut_block1_stateProjection_engine_localReset_leafReset.gen_rst):
      dut_block1_stateProjection_engine_outputQ.deq
      dut_block1_stateProjection_engine_outputQ.first
      dut_block1_stateProjection_engine_outputQ.i_notEmpty
    Reset 3 (dut_block1_deltaProjection_localReset_leafReset.gen_rst):
      dut_block1_deltaProjection_inputQ.enq
      dut_block1_deltaProjection_inputQ.i_notFull
  During elaboration of rule `process6' at
  "/workspace/scratch/e6420b0fda2a/resource60-buffered-source/hw/bsv/SwayBlock.bsv",
  line 492, column 14.
  During elaboration of `block1' at
  "/workspace/scratch/e6420b0fda2a/resource60-buffered-source/hw/bsv/SwayBaseline.bsv",
  line 53, column 18.
  During elaboration of `dut' at
  "/workspace/scratch/e6420b0fda2a/resource60-buffered-source/hw/sim/TbSway.bsv",
  line 16, column 17.
  During elaboration of `mkTbSway' at
  "/workspace/scratch/e6420b0fda2a/resource60-buffered-source/hw/sim/TbSway.bsv",
  line 9, column 8.
Warning: "/workspace/scratch/e6420b0fda2a/resource60-buffered-source/hw/bsv/SwayBlock.bsv", line 514, column 14: (G0043)
  Multiple reset signals influence rule `dut_block1_process7'.
  This can lead to inconsistent, non-atomic results when not all of these
  signals are asserted.
  Method calls by reset:
    Reset 1 (dut_block1_localReset_leafReset.gen_rst):
      dut_block1_stateParameterQ.deq
      dut_block1_stateParameterQ.first
      dut_block1_stateParameterQ.i_notEmpty
      dut_block1_xDelayQ.deq
      dut_block1_xDelayQ.first
      dut_block1_xDelayQ.i_notEmpty
    Reset 2 (dut_block1_deltaProjection_engine_localReset_leafReset.gen_rst):
      dut_block1_deltaProjection_engine_outputQ.deq
      dut_block1_deltaProjection_engine_outputQ.first
      dut_block1_deltaProjection_engine_outputQ.i_notEmpty
    Reset 3 (dut_block1_scan_localReset_leafReset.gen_rst):
      dut_block1_scan_inputQ.enq dut_block1_scan_inputQ.i_notFull
  During elaboration of rule `process7' at
  "/workspace/scratch/e6420b0fda2a/resource60-buffered-source/hw/bsv/SwayBlock.bsv",
  line 514, column 14.
  During elaboration of `block1' at
  "/workspace/scratch/e6420b0fda2a/resource60-buffered-source/hw/bsv/SwayBaseline.bsv",
  line 53, column 18.
  During elaboration of `dut' at
  "/workspace/scratch/e6420b0fda2a/resource60-buffered-source/hw/sim/TbSway.bsv",
  line 16, column 17.
  During elaboration of `mkTbSway' at
  "/workspace/scratch/e6420b0fda2a/resource60-buffered-source/hw/sim/TbSway.bsv",
  line 9, column 8.
Warning: "/workspace/scratch/e6420b0fda2a/resource60-buffered-source/hw/bsv/SwayBlock.bsv", line 538, column 14: (G0043)
  Multiple reset signals influence rule `dut_block1_process8'.
  This can lead to inconsistent, non-atomic results when not all of these
  signals are asserted.
  Method calls by reset:
    Reset 1 (dut_block1_localReset_leafReset.gen_rst):
      dut_block1_gateDelayQ.deq
      dut_block1_gateDelayQ.first
      dut_block1_gateDelayQ.i_notEmpty
      dut_block1_gatingOn.read
      dut_block1_gatingOn.write
    Reset 2 (dut_block1_scan_localReset_leafReset.gen_rst):
      dut_block1_scan_outputQ.deq
      dut_block1_scan_outputQ.first
      dut_block1_scan_outputQ.i_notEmpty
  During elaboration of rule `process8' at
  "/workspace/scratch/e6420b0fda2a/resource60-buffered-source/hw/bsv/SwayBlock.bsv",
  line 538, column 14.
  During elaboration of `block1' at
  "/workspace/scratch/e6420b0fda2a/resource60-buffered-source/hw/bsv/SwayBaseline.bsv",
  line 53, column 18.
  During elaboration of `dut' at
  "/workspace/scratch/e6420b0fda2a/resource60-buffered-source/hw/sim/TbSway.bsv",
  line 16, column 17.
  During elaboration of `mkTbSway' at
  "/workspace/scratch/e6420b0fda2a/resource60-buffered-source/hw/sim/TbSway.bsv",
  line 9, column 8.
Warning: "/workspace/scratch/e6420b0fda2a/resource60-buffered-source/hw/bsv/SwayBlock.bsv", line 614, column 14: (G0043)
  Multiple reset signals influence rule `dut_block1_process9_5'.
  This can lead to inconsistent, non-atomic results when not all of these
  signals are asserted.
  Method calls by reset:
    Reset 1 (dut_block1_localReset_leafReset.gen_rst):
      dut_block1_gateEmitOn.read
      dut_block1_gateEmitOn.write
      dut_block1_gatingOn.read
      dut_block1_gatingOn.write
    Reset 2 (dut_block1_outputProjection_localReset_leafReset.gen_rst):
      dut_block1_outputProjection_inputQ.enq
      dut_block1_outputProjection_inputQ.i_notFull
  During elaboration of rule `process9_5' at
  "/workspace/scratch/e6420b0fda2a/resource60-buffered-source/hw/bsv/SwayBlock.bsv",
  line 614, column 14.
  During elaboration of `block1' at
  "/workspace/scratch/e6420b0fda2a/resource60-buffered-source/hw/bsv/SwayBaseline.bsv",
  line 53, column 18.
  During elaboration of `dut' at
  "/workspace/scratch/e6420b0fda2a/resource60-buffered-source/hw/sim/TbSway.bsv",
  line 16, column 17.
  During elaboration of `mkTbSway' at
  "/workspace/scratch/e6420b0fda2a/resource60-buffered-source/hw/sim/TbSway.bsv",
  line 9, column 8.
Warning: "/workspace/scratch/e6420b0fda2a/resource60-buffered-source/hw/bsv/SwayBlock.bsv", line 636, column 14: (G0043)
  Multiple reset signals influence rule `dut_block1_process10'.
  This can lead to inconsistent, non-atomic results when not all of these
  signals are asserted.
  Method calls by reset:
    Reset 1 (dut_block1_localReset_leafReset.gen_rst):
      dut_block1_residualQ.deq
      dut_block1_residualQ.first
      dut_block1_residualQ.i_notEmpty
      dut_block1_residualSumQ.enq
      dut_block1_residualSumQ.i_notFull
    Reset 2 (dut_block1_outputProjection_engine_localReset_leafReset.gen_rst):
      dut_block1_outputProjection_engine_outputQ.deq
      dut_block1_outputProjection_engine_outputQ.first
      dut_block1_outputProjection_engine_outputQ.i_notEmpty
  During elaboration of rule `process10' at
  "/workspace/scratch/e6420b0fda2a/resource60-buffered-source/hw/bsv/SwayBlock.bsv",
  line 636, column 14.
  During elaboration of `block1' at
  "/workspace/scratch/e6420b0fda2a/resource60-buffered-source/hw/bsv/SwayBaseline.bsv",
  line 53, column 18.
  During elaboration of `dut' at
  "/workspace/scratch/e6420b0fda2a/resource60-buffered-source/hw/sim/TbSway.bsv",
  line 16, column 17.
  During elaboration of `mkTbSway' at
  "/workspace/scratch/e6420b0fda2a/resource60-buffered-source/hw/sim/TbSway.bsv",
  line 9, column 8.
Warning: "/workspace/scratch/e6420b0fda2a/resource60-buffered-source/hw/bsv/SwayLinear.bsv", line 141, column 14: (G0043)
  Multiple reset signals influence rule
  `dut_headOutput_engine_process1Capture'.
  This can lead to inconsistent, non-atomic results when not all of these
  signals are asserted.
  Method calls by reset:
    Reset 1 (dut_headOutput_localReset_leafReset.gen_rst):
      dut_headOutput_inputQ.first dut_headOutput_inputQ.i_notEmpty
    Reset 2 (dut_headOutput_engine_localReset_leafReset.gen_rst):
      dut_headOutput_engine_activeOn.read
      dut_headOutput_engine_startQ.enq
      dut_headOutput_engine_startQ.i_notFull
  During elaboration of rule `process1Capture' at
  "/workspace/scratch/e6420b0fda2a/resource60-buffered-source/hw/bsv/SwayLinear.bsv",
  line 141, column 14.
  During elaboration of `engine' at
  "/workspace/scratch/e6420b0fda2a/resource60-buffered-source/hw/bsv/SwayLinear.bsv",
  line 616, column 29.
  During elaboration of `headOutput' at
  "/workspace/scratch/e6420b0fda2a/resource60-buffered-source/hw/bsv/SwayBaseline.bsv",
  line 54, column 28.
  During elaboration of `dut' at
  "/workspace/scratch/e6420b0fda2a/resource60-buffered-source/hw/sim/TbSway.bsv",
  line 16, column 17.
  During elaboration of `mkTbSway' at
  "/workspace/scratch/e6420b0fda2a/resource60-buffered-source/hw/sim/TbSway.bsv",
  line 9, column 8.
Warning: "/workspace/scratch/e6420b0fda2a/resource60-buffered-source/hw/bsv/SwayLinear.bsv", line 200, column 14: (G0043)
  Multiple reset signals influence rule `dut_headOutput_engine_process2Chunk'.
  This can lead to inconsistent, non-atomic results when not all of these
  signals are asserted.
  Method calls by reset:
    Reset 1 (dut_headOutput_localReset_leafReset.gen_rst):
      dut_headOutput_inputQ.first dut_headOutput_inputQ.i_notEmpty
    Reset 2 (dut_headOutput_engine_localReset_leafReset.gen_rst):
      dut_headOutput_engine_chunkLoadOn.read
      dut_headOutput_engine_chunkLoadOn.write
      dut_headOutput_engine_issueOn.write
  During elaboration of rule `process2Chunk' at
  "/workspace/scratch/e6420b0fda2a/resource60-buffered-source/hw/bsv/SwayLinear.bsv",
  line 200, column 14.
  During elaboration of `engine' at
  "/workspace/scratch/e6420b0fda2a/resource60-buffered-source/hw/bsv/SwayLinear.bsv",
  line 616, column 29.
  During elaboration of `headOutput' at
  "/workspace/scratch/e6420b0fda2a/resource60-buffered-source/hw/bsv/SwayBaseline.bsv",
  line 54, column 28.
  During elaboration of `dut' at
  "/workspace/scratch/e6420b0fda2a/resource60-buffered-source/hw/sim/TbSway.bsv",
  line 16, column 17.
  During elaboration of `mkTbSway' at
  "/workspace/scratch/e6420b0fda2a/resource60-buffered-source/hw/sim/TbSway.bsv",
  line 9, column 8.
Warning: "/workspace/scratch/e6420b0fda2a/resource60-buffered-source/hw/bsv/SwayLinear.bsv", line 543, column 14: (G0043)
  Multiple reset signals influence rule `dut_headOutput_engine_process8Emit'.
  This can lead to inconsistent, non-atomic results when not all of these
  signals are asserted.
  Method calls by reset:
    Reset 1 (dut_headOutput_localReset_leafReset.gen_rst):
      dut_headOutput_inputQ.deq dut_headOutput_inputQ.i_notEmpty
    Reset 2 (dut_headOutput_engine_localReset_leafReset.gen_rst):
      dut_headOutput_engine_activeOn.read
      dut_headOutput_engine_activeOn.write
      dut_headOutput_engine_emitOn.read
      dut_headOutput_engine_emitOn.write
      dut_headOutput_engine_outputQ.enq
      dut_headOutput_engine_outputQ.i_notFull
  During elaboration of rule `process8Emit' at
  "/workspace/scratch/e6420b0fda2a/resource60-buffered-source/hw/bsv/SwayLinear.bsv",
  line 543, column 14.
  During elaboration of `engine' at
  "/workspace/scratch/e6420b0fda2a/resource60-buffered-source/hw/bsv/SwayLinear.bsv",
  line 616, column 29.
  During elaboration of `headOutput' at
  "/workspace/scratch/e6420b0fda2a/resource60-buffered-source/hw/bsv/SwayBaseline.bsv",
  line 54, column 28.
  During elaboration of `dut' at
  "/workspace/scratch/e6420b0fda2a/resource60-buffered-source/hw/sim/TbSway.bsv",
  line 16, column 17.
  During elaboration of `mkTbSway' at
  "/workspace/scratch/e6420b0fda2a/resource60-buffered-source/hw/sim/TbSway.bsv",
  line 9, column 8.
Warning: "/workspace/scratch/e6420b0fda2a/resource60-buffered-source/hw/bsv/SwayLinear.bsv", line 141, column 14: (G0043)
  Multiple reset signals influence rule
  `dut_headHidden_engine_process1Capture'.
  This can lead to inconsistent, non-atomic results when not all of these
  signals are asserted.
  Method calls by reset:
    Reset 1 (dut_headHidden_localReset_leafReset.gen_rst):
      dut_headHidden_readBankR.write
      dut_headHidden_readyBankQ.deq
      dut_headHidden_readyBankQ.first
      dut_headHidden_readyBankQ.i_notEmpty
    Reset 2 (dut_headHidden_engine_localReset_leafReset.gen_rst):
      dut_headHidden_engine_activeOn.read
      dut_headHidden_engine_startQ.enq
      dut_headHidden_engine_startQ.i_notFull
  During elaboration of rule `process1Capture' at
  "/workspace/scratch/e6420b0fda2a/resource60-buffered-source/hw/bsv/SwayLinear.bsv",
  line 141, column 14.
  During elaboration of `engine' at
  "/workspace/scratch/e6420b0fda2a/resource60-buffered-source/hw/bsv/SwayHeadLinear.bsv",
  line 121, column 30.
  During elaboration of `headHidden' at
  "/workspace/scratch/e6420b0fda2a/resource60-buffered-source/hw/bsv/SwayBaseline.bsv",
  line 56, column 28.
  During elaboration of `dut' at
  "/workspace/scratch/e6420b0fda2a/resource60-buffered-source/hw/sim/TbSway.bsv",
  line 16, column 17.
  During elaboration of `mkTbSway' at
  "/workspace/scratch/e6420b0fda2a/resource60-buffered-source/hw/sim/TbSway.bsv",
  line 9, column 8.
Warning: "/workspace/scratch/e6420b0fda2a/resource60-buffered-source/hw/bsv/SwayLinear.bsv", line 200, column 14: (G0043)
  Multiple reset signals influence rule `dut_headHidden_engine_process2Chunk'.
  This can lead to inconsistent, non-atomic results when not all of these
  signals are asserted.
  Method calls by reset:
    Reset 1 (dut_headHidden_localReset_leafReset.gen_rst):
      dut_headHidden_readBankR.read
    Reset 2 (dut_headHidden_engine_localReset_leafReset.gen_rst):
      dut_headHidden_engine_chunkLoadOn.read
      dut_headHidden_engine_chunkLoadOn.write
      dut_headHidden_engine_issueOn.write
  During elaboration of rule `process2Chunk' at
  "/workspace/scratch/e6420b0fda2a/resource60-buffered-source/hw/bsv/SwayLinear.bsv",
  line 200, column 14.
  During elaboration of `engine' at
  "/workspace/scratch/e6420b0fda2a/resource60-buffered-source/hw/bsv/SwayHeadLinear.bsv",
  line 121, column 30.
  During elaboration of `headHidden' at
  "/workspace/scratch/e6420b0fda2a/resource60-buffered-source/hw/bsv/SwayBaseline.bsv",
  line 56, column 28.
  During elaboration of `dut' at
  "/workspace/scratch/e6420b0fda2a/resource60-buffered-source/hw/sim/TbSway.bsv",
  line 16, column 17.
  During elaboration of `mkTbSway' at
  "/workspace/scratch/e6420b0fda2a/resource60-buffered-source/hw/sim/TbSway.bsv",
  line 9, column 8.
Warning: "/workspace/scratch/e6420b0fda2a/resource60-buffered-source/hw/bsv/SwayLinear.bsv", line 543, column 14: (G0043)
  Multiple reset signals influence rule `dut_headHidden_engine_process8Emit'.
  This can lead to inconsistent, non-atomic results when not all of these
  signals are asserted.
  Method calls by reset:
    Reset 1 (dut_headHidden_localReset_leafReset.gen_rst):
      dut_headHidden_freeBankQ.enq
      dut_headHidden_freeBankQ.i_notFull
      dut_headHidden_initializeCnt.read
      dut_headHidden_readBankR.read
    Reset 2 (dut_headHidden_engine_localReset_leafReset.gen_rst):
      dut_headHidden_engine_activeOn.read
      dut_headHidden_engine_activeOn.write
      dut_headHidden_engine_emitOn.read
      dut_headHidden_engine_emitOn.write
      dut_headHidden_engine_outputQ.enq
      dut_headHidden_engine_outputQ.i_notFull
  During elaboration of rule `process8Emit' at
  "/workspace/scratch/e6420b0fda2a/resource60-buffered-source/hw/bsv/SwayLinear.bsv",
  line 543, column 14.
  During elaboration of `engine' at
  "/workspace/scratch/e6420b0fda2a/resource60-buffered-source/hw/bsv/SwayHeadLinear.bsv",
  line 121, column 30.
  During elaboration of `headHidden' at
  "/workspace/scratch/e6420b0fda2a/resource60-buffered-source/hw/bsv/SwayBaseline.bsv",
  line 56, column 28.
  During elaboration of `dut' at
  "/workspace/scratch/e6420b0fda2a/resource60-buffered-source/hw/sim/TbSway.bsv",
  line 16, column 17.
  During elaboration of `mkTbSway' at
  "/workspace/scratch/e6420b0fda2a/resource60-buffered-source/hw/sim/TbSway.bsv",
  line 9, column 8.
Warning: "/workspace/scratch/e6420b0fda2a/resource60-buffered-source/hw/bsv/SwayBaseline.bsv", line 177, column 14: (G0043)
  Multiple reset signals influence rule `dut_process3Embed'.
  This can lead to inconsistent, non-atomic results when not all of these
  signals are asserted.
  Method calls by reset:
    Reset 1 (dut_localReset_leafReset.gen_rst):
      dut_patchTokenQ.deq dut_patchTokenQ.first dut_patchTokenQ.i_notEmpty
    Reset 2 (dut_embedding_localReset_leafReset.gen_rst):
      dut_embedding_inputQ.enq dut_embedding_inputQ.i_notFull
  During elaboration of rule `process3Embed' at
  "/workspace/scratch/e6420b0fda2a/resource60-buffered-source/hw/bsv/SwayBaseline.bsv",
  line 177, column 14.
  During elaboration of `dut' at
  "/workspace/scratch/e6420b0fda2a/resource60-buffered-source/hw/sim/TbSway.bsv",
  line 16, column 17.
  During elaboration of `mkTbSway' at
  "/workspace/scratch/e6420b0fda2a/resource60-buffered-source/hw/sim/TbSway.bsv",
  line 9, column 8.
Warning: "/workspace/scratch/e6420b0fda2a/resource60-buffered-source/hw/bsv/SwayBaseline.bsv", line 189, column 14: (G0043)
  Multiple reset signals influence rule `dut_process4'.
  This can lead to inconsistent, non-atomic results when not all of these
  signals are asserted.
  Method calls by reset:
    Reset 1 (dut_embedding_engine_localReset_leafReset.gen_rst):
      dut_embedding_engine_outputQ.deq
      dut_embedding_engine_outputQ.first
      dut_embedding_engine_outputQ.i_notEmpty
    Reset 2 (dut_block0_localReset_leafReset.gen_rst):
      dut_block0_inputQ.enq dut_block0_inputQ.i_notFull
  During elaboration of rule `process4' at
  "/workspace/scratch/e6420b0fda2a/resource60-buffered-source/hw/bsv/SwayBaseline.bsv",
  line 189, column 14.
  During elaboration of `dut' at
  "/workspace/scratch/e6420b0fda2a/resource60-buffered-source/hw/sim/TbSway.bsv",
  line 16, column 17.
  During elaboration of `mkTbSway' at
  "/workspace/scratch/e6420b0fda2a/resource60-buffered-source/hw/sim/TbSway.bsv",
  line 9, column 8.
Warning: "/workspace/scratch/e6420b0fda2a/resource60-buffered-source/hw/bsv/SwayBaseline.bsv", line 198, column 14: (G0043)
  Multiple reset signals influence rule `dut_process5'.
  This can lead to inconsistent, non-atomic results when not all of these
  signals are asserted.
  Method calls by reset:
    Reset 1 (dut_block0_localReset_leafReset.gen_rst):
      dut_block0_outputQ.deq
      dut_block0_outputQ.first
      dut_block0_outputQ.i_notEmpty
    Reset 2 (dut_block1_localReset_leafReset.gen_rst):
      dut_block1_inputQ.enq dut_block1_inputQ.i_notFull
  During elaboration of rule `process5' at
  "/workspace/scratch/e6420b0fda2a/resource60-buffered-source/hw/bsv/SwayBaseline.bsv",
  line 198, column 14.
  During elaboration of `dut' at
  "/workspace/scratch/e6420b0fda2a/resource60-buffered-source/hw/sim/TbSway.bsv",
  line 16, column 17.
  During elaboration of `mkTbSway' at
  "/workspace/scratch/e6420b0fda2a/resource60-buffered-source/hw/sim/TbSway.bsv",
  line 9, column 8.
Warning: "/workspace/scratch/e6420b0fda2a/resource60-buffered-source/hw/bsv/SwayBaseline.bsv", line 210, column 14: (G0043)
  Multiple reset signals influence rule `dut_process6'.
  This can lead to inconsistent, non-atomic results when not all of these
  signals are asserted.
  Method calls by reset:
    Reset 1 (dut_block1_localReset_leafReset.gen_rst):
      dut_block1_outputQ.deq
      dut_block1_outputQ.first
      dut_block1_outputQ.i_notEmpty
    Reset 2 (dut_headHidden_localReset_leafReset.gen_rst):
      dut_headHidden_inputQ.enq dut_headHidden_inputQ.i_notFull
  During elaboration of rule `process6' at
  "/workspace/scratch/e6420b0fda2a/resource60-buffered-source/hw/bsv/SwayBaseline.bsv",
  line 210, column 14.
  During elaboration of `dut' at
  "/workspace/scratch/e6420b0fda2a/resource60-buffered-source/hw/sim/TbSway.bsv",
  line 16, column 17.
  During elaboration of `mkTbSway' at
  "/workspace/scratch/e6420b0fda2a/resource60-buffered-source/hw/sim/TbSway.bsv",
  line 9, column 8.
Warning: "/workspace/scratch/e6420b0fda2a/resource60-buffered-source/hw/bsv/SwayBaseline.bsv", line 224, column 14: (G0043)
  Multiple reset signals influence rule `dut_process7'.
  This can lead to inconsistent, non-atomic results when not all of these
  signals are asserted.
  Method calls by reset:
    Reset 1 (dut_headOutput_localReset_leafReset.gen_rst):
      dut_headOutput_inputQ.enq dut_headOutput_inputQ.i_notFull
    Reset 2 (dut_headHidden_engine_localReset_leafReset.gen_rst):
      dut_headHidden_engine_outputQ.deq
      dut_headHidden_engine_outputQ.first
      dut_headHidden_engine_outputQ.i_notEmpty
  During elaboration of rule `process7' at
  "/workspace/scratch/e6420b0fda2a/resource60-buffered-source/hw/bsv/SwayBaseline.bsv",
  line 224, column 14.
  During elaboration of `dut' at
  "/workspace/scratch/e6420b0fda2a/resource60-buffered-source/hw/sim/TbSway.bsv",
  line 16, column 17.
  During elaboration of `mkTbSway' at
  "/workspace/scratch/e6420b0fda2a/resource60-buffered-source/hw/sim/TbSway.bsv",
  line 9, column 8.
Warning: "/workspace/scratch/e6420b0fda2a/resource60-buffered-source/hw/bsv/SwayBaseline.bsv", line 237, column 14: (G0043)
  Multiple reset signals influence rule `dut_process8'.
  This can lead to inconsistent, non-atomic results when not all of these
  signals are asserted.
  Method calls by reset:
    Reset 1 (dut_localReset_leafReset.gen_rst):
      dut_outputCnt.write dut_outputOn.read dut_outputOn.write
    Reset 2 (dut_headOutput_engine_localReset_leafReset.gen_rst):
      dut_headOutput_engine_outputQ.deq
      dut_headOutput_engine_outputQ.first
      dut_headOutput_engine_outputQ.i_notEmpty
  During elaboration of rule `process8' at
  "/workspace/scratch/e6420b0fda2a/resource60-buffered-source/hw/bsv/SwayBaseline.bsv",
  line 237, column 14.
  During elaboration of `dut' at
  "/workspace/scratch/e6420b0fda2a/resource60-buffered-source/hw/sim/TbSway.bsv",
  line 16, column 17.
  During elaboration of `mkTbSway' at
  "/workspace/scratch/e6420b0fda2a/resource60-buffered-source/hw/sim/TbSway.bsv",
  line 9, column 8.
Warning: "/workspace/scratch/e6420b0fda2a/resource60-buffered-source/hw/sim/TbSway.bsv", line 41, column 14: (G0043)
  Multiple reset signals influence rule `process1'.
  This can lead to inconsistent, non-atomic results when not all of these
  signals are asserted.
  Method calls by reset:
    Reset 1 (default_reset):
      cycleCnt.read
      inputStartR.read
      inputStartR.write
      sentCnt.read
      sentCnt.write
    Reset 2 (dut_localReset_leafReset.gen_rst):
      dut_inputQ.enq dut_inputQ.i_notFull
  During elaboration of rule `process1' at
  "/workspace/scratch/e6420b0fda2a/resource60-buffered-source/hw/sim/TbSway.bsv",
  line 41, column 14.
  During elaboration of `mkTbSway' at
  "/workspace/scratch/e6420b0fda2a/resource60-buffered-source/hw/sim/TbSway.bsv",
  line 9, column 8.
Warning: "/workspace/scratch/e6420b0fda2a/resource60-buffered-source/hw/sim/TbSway.bsv", line 54, column 14: (G0043)
  Multiple reset signals influence rule `process2'.
  This can lead to inconsistent, non-atomic results when not all of these
  signals are asserted.
  Method calls by reset:
    Reset 1 (default_reset):
      cycleCnt.read
      finishOn.read
      finishOn.write
      outputStartR.read
      outputStartR.write
      pauseUntilR.read
      pauseUntilR.write
      receivedCnt.read
      receivedCnt.write
    Reset 2 (dut_localReset_leafReset.gen_rst):
      dut_outputQ.deq dut_outputQ.first dut_outputQ.i_notEmpty
  During elaboration of rule `process2' at
  "/workspace/scratch/e6420b0fda2a/resource60-buffered-source/hw/sim/TbSway.bsv",
  line 54, column 14.
  During elaboration of `mkTbSway' at
  "/workspace/scratch/e6420b0fda2a/resource60-buffered-source/hw/sim/TbSway.bsv",
  line 9, column 8.
Warning: "/workspace/scratch/e6420b0fda2a/resource60-buffered-source/hw/sim/TbSway.bsv", line 80, column 14: (G0043)
  Multiple reset signals influence rule `process3'.
  This can lead to inconsistent, non-atomic results when not all of these
  signals are asserted.
  Method calls by reset:
    Reset 1 (default_reset):
      cycleCnt.read finishOn.read
    Reset 2 (dut_localReset_leafReset.gen_rst):
      dut_outputQ.deq dut_outputQ.first dut_outputQ.i_notEmpty
  During elaboration of rule `process3' at
  "/workspace/scratch/e6420b0fda2a/resource60-buffered-source/hw/sim/TbSway.bsv",
  line 80, column 14.
  During elaboration of `mkTbSway' at
  "/workspace/scratch/e6420b0fda2a/resource60-buffered-source/hw/sim/TbSway.bsv",
  line 9, column 8.
Warning: "/workspace/scratch/e6420b0fda2a/resource60-buffered-source/hw/sim/TbSway.bsv", line 9, column 8: (G0010)
  Rule "dut_embedding_engine_process2Chunk" was treated as more urgent than
  "dut_embedding_engine_process2Read". Conflicts:
    "dut_embedding_engine_process2Chunk" cannot fire before "dut_embedding_engine_process2Read":
      calls to
	dut_embedding_engine_chunkR.write vs. dut_embedding_engine_chunkR.read
	dut_embedding_engine_issueOn.write vs. dut_embedding_engine_issueOn.read
    "dut_embedding_engine_process2Read" cannot fire before "dut_embedding_engine_process2Chunk":
      calls to
	dut_embedding_engine_chunkCnt.write vs. dut_embedding_engine_chunkCnt.read
	dut_embedding_engine_chunkLoadOn.write vs. dut_embedding_engine_chunkLoadOn.read
Warning: "/workspace/scratch/e6420b0fda2a/resource60-buffered-source/hw/sim/TbSway.bsv", line 9, column 8: (G0010)
  Rule "dut_embedding_engine_process1" was treated as more urgent than
  "dut_embedding_engine_process3Restart". Conflicts:
    "dut_embedding_engine_process1" cannot fire before "dut_embedding_engine_process3Restart":
      calls to
	dut_embedding_engine_groupStartQ.enq vs. dut_embedding_engine_groupStartQ.enq
    "dut_embedding_engine_process3Restart" cannot fire before "dut_embedding_engine_process1":
      calls to
	dut_embedding_engine_groupStartQ.enq vs. dut_embedding_engine_groupStartQ.enq
Warning: "/workspace/scratch/e6420b0fda2a/resource60-buffered-source/hw/sim/TbSway.bsv", line 9, column 8: (G0010)
  Rule "dut_block0_inputProjection_engine_process1" was treated as more urgent
  than "dut_block0_inputProjection_engine_process2Read". Conflicts:
    "dut_block0_inputProjection_engine_process1" cannot fire before "dut_block0_inputProjection_engine_process2Read":
      calls to
	dut_block0_inputProjection_engine_groupStartQ.enq vs. dut_block0_inputProjection_engine_groupStartQ.enq
	dut_block0_inputProjection_engine_addressCnt.write vs. dut_block0_inputProjection_engine_addressCnt.read
    "dut_block0_inputProjection_engine_process2Read" cannot fire before "dut_block0_inputProjection_engine_process1":
      calls to
	dut_block0_inputProjection_engine_groupStartQ.enq vs. dut_block0_inputProjection_engine_groupStartQ.enq
Warning: "/workspace/scratch/e6420b0fda2a/resource60-buffered-source/hw/sim/TbSway.bsv", line 9, column 8: (G0010)
  Rule "dut_block0_inputProjection_engine_process2Chunk" was treated as more
  urgent than "dut_block0_inputProjection_engine_process2Read". Conflicts:
    "dut_block0_inputProjection_engine_process2Chunk" cannot fire before "dut_block0_inputProjection_engine_process2Read":
      calls to
	dut_block0_inputProjection_engine_chunkR.write vs. dut_block0_inputProjection_engine_chunkR.read
	dut_block0_inputProjection_engine_issueOn.write vs. dut_block0_inputProjection_engine_issueOn.read
    "dut_block0_inputProjection_engine_process2Read" cannot fire before "dut_block0_inputProjection_engine_process2Chunk":
      calls to
	dut_block0_inputProjection_engine_chunkCnt.write vs. dut_block0_inputProjection_engine_chunkCnt.read
	dut_block0_inputProjection_engine_chunkLoadOn.write vs. dut_block0_inputProjection_engine_chunkLoadOn.read
Warning: "/workspace/scratch/e6420b0fda2a/resource60-buffered-source/hw/sim/TbSway.bsv", line 9, column 8: (G0010)
  Rule "dut_block0_stateProjection_engine_process2Chunk" was treated as more
  urgent than "dut_block0_stateProjection_engine_process2Read". Conflicts:
    "dut_block0_stateProjection_engine_process2Chunk" cannot fire before "dut_block0_stateProjection_engine_process2Read":
      calls to
	dut_block0_stateProjection_engine_chunkR.write vs. dut_block0_stateProjection_engine_chunkR.read
	dut_block0_stateProjection_engine_issueOn.write vs. dut_block0_stateProjection_engine_issueOn.read
    "dut_block0_stateProjection_engine_process2Read" cannot fire before "dut_block0_stateProjection_engine_process2Chunk":
      calls to
	dut_block0_stateProjection_engine_chunkCnt.write vs. dut_block0_stateProjection_engine_chunkCnt.read
	dut_block0_stateProjection_engine_chunkLoadOn.write vs. dut_block0_stateProjection_engine_chunkLoadOn.read
Warning: "/workspace/scratch/e6420b0fda2a/resource60-buffered-source/hw/sim/TbSway.bsv", line 9, column 8: (G0010)
  Rule "dut_block0_stateProjection_engine_process1" was treated as more urgent
  than "dut_block0_stateProjection_engine_process3Restart". Conflicts:
    "dut_block0_stateProjection_engine_process1" cannot fire before "dut_block0_stateProjection_engine_process3Restart":
      calls to
	dut_block0_stateProjection_engine_groupStartQ.enq vs. dut_block0_stateProjection_engine_groupStartQ.enq
    "dut_block0_stateProjection_engine_process3Restart" cannot fire before "dut_block0_stateProjection_engine_process1":
      calls to
	dut_block0_stateProjection_engine_groupStartQ.enq vs. dut_block0_stateProjection_engine_groupStartQ.enq
Warning: "/workspace/scratch/e6420b0fda2a/resource60-buffered-source/hw/sim/TbSway.bsv", line 9, column 8: (G0010)
  Rule "dut_block0_deltaProjection_engine_process2Chunk" was treated as more
  urgent than "dut_block0_deltaProjection_engine_process2Read". Conflicts:
    "dut_block0_deltaProjection_engine_process2Chunk" cannot fire before "dut_block0_deltaProjection_engine_process2Read":
      calls to
	dut_block0_deltaProjection_engine_chunkR.write vs. dut_block0_deltaProjection_engine_chunkR.read
	dut_block0_deltaProjection_engine_issueOn.write vs. dut_block0_deltaProjection_engine_issueOn.read
    "dut_block0_deltaProjection_engine_process2Read" cannot fire before "dut_block0_deltaProjection_engine_process2Chunk":
      calls to
	dut_block0_deltaProjection_engine_chunkCnt.write vs. dut_block0_deltaProjection_engine_chunkCnt.read
	dut_block0_deltaProjection_engine_chunkLoadOn.write vs. dut_block0_deltaProjection_engine_chunkLoadOn.read
Warning: "/workspace/scratch/e6420b0fda2a/resource60-buffered-source/hw/sim/TbSway.bsv", line 9, column 8: (G0010)
  Rule "dut_block0_deltaProjection_engine_process1" was treated as more urgent
  than "dut_block0_deltaProjection_engine_process3Restart". Conflicts:
    "dut_block0_deltaProjection_engine_process1" cannot fire before "dut_block0_deltaProjection_engine_process3Restart":
      calls to
	dut_block0_deltaProjection_engine_groupStartQ.enq vs. dut_block0_deltaProjection_engine_groupStartQ.enq
    "dut_block0_deltaProjection_engine_process3Restart" cannot fire before "dut_block0_deltaProjection_engine_process1":
      calls to
	dut_block0_deltaProjection_engine_groupStartQ.enq vs. dut_block0_deltaProjection_engine_groupStartQ.enq
Warning: "/workspace/scratch/e6420b0fda2a/resource60-buffered-source/hw/sim/TbSway.bsv", line 9, column 8: (G0010)
  Rule "dut_block0_outputProjection_engine_process2Chunk" was treated as more
  urgent than "dut_block0_outputProjection_engine_process2Read". Conflicts:
    "dut_block0_outputProjection_engine_process2Chunk" cannot fire before "dut_block0_outputProjection_engine_process2Read":
      calls to
	dut_block0_outputProjection_engine_chunkR.write vs. dut_block0_outputProjection_engine_chunkR.read
	dut_block0_outputProjection_engine_issueOn.write vs. dut_block0_outputProjection_engine_issueOn.read
    "dut_block0_outputProjection_engine_process2Read" cannot fire before "dut_block0_outputProjection_engine_process2Chunk":
      calls to
	dut_block0_outputProjection_engine_chunkCnt.write vs. dut_block0_outputProjection_engine_chunkCnt.read
	dut_block0_outputProjection_engine_chunkLoadOn.write vs. dut_block0_outputProjection_engine_chunkLoadOn.read
Warning: "/workspace/scratch/e6420b0fda2a/resource60-buffered-source/hw/sim/TbSway.bsv", line 9, column 8: (G0010)
  Rule "dut_block0_outputProjection_engine_process1" was treated as more
  urgent than "dut_block0_outputProjection_engine_process3Restart". Conflicts:
    "dut_block0_outputProjection_engine_process1" cannot fire before "dut_block0_outputProjection_engine_process3Restart":
      calls to
	dut_block0_outputProjection_engine_groupStartQ.enq vs. dut_block0_outputProjection_engine_groupStartQ.enq
    "dut_block0_outputProjection_engine_process3Restart" cannot fire before "dut_block0_outputProjection_engine_process1":
      calls to
	dut_block0_outputProjection_engine_groupStartQ.enq vs. dut_block0_outputProjection_engine_groupStartQ.enq
Warning: "/workspace/scratch/e6420b0fda2a/resource60-buffered-source/hw/sim/TbSway.bsv", line 9, column 8: (G0010)
  Rule "dut_block1_inputProjection_engine_process1" was treated as more urgent
  than "dut_block1_inputProjection_engine_process2Read". Conflicts:
    "dut_block1_inputProjection_engine_process1" cannot fire before "dut_block1_inputProjection_engine_process2Read":
      calls to
	dut_block1_inputProjection_engine_groupStartQ.enq vs. dut_block1_inputProjection_engine_groupStartQ.enq
	dut_block1_inputProjection_engine_addressCnt.write vs. dut_block1_inputProjection_engine_addressCnt.read
    "dut_block1_inputProjection_engine_process2Read" cannot fire before "dut_block1_inputProjection_engine_process1":
      calls to
	dut_block1_inputProjection_engine_groupStartQ.enq vs. dut_block1_inputProjection_engine_groupStartQ.enq
Warning: "/workspace/scratch/e6420b0fda2a/resource60-buffered-source/hw/sim/TbSway.bsv", line 9, column 8: (G0010)
  Rule "dut_block1_inputProjection_engine_process2Chunk" was treated as more
  urgent than "dut_block1_inputProjection_engine_process2Read". Conflicts:
    "dut_block1_inputProjection_engine_process2Chunk" cannot fire before "dut_block1_inputProjection_engine_process2Read":
      calls to
	dut_block1_inputProjection_engine_chunkR.write vs. dut_block1_inputProjection_engine_chunkR.read
	dut_block1_inputProjection_engine_issueOn.write vs. dut_block1_inputProjection_engine_issueOn.read
    "dut_block1_inputProjection_engine_process2Read" cannot fire before "dut_block1_inputProjection_engine_process2Chunk":
      calls to
	dut_block1_inputProjection_engine_chunkCnt.write vs. dut_block1_inputProjection_engine_chunkCnt.read
	dut_block1_inputProjection_engine_chunkLoadOn.write vs. dut_block1_inputProjection_engine_chunkLoadOn.read
Warning: "/workspace/scratch/e6420b0fda2a/resource60-buffered-source/hw/sim/TbSway.bsv", line 9, column 8: (G0010)
  Rule "dut_block1_stateProjection_engine_process2Chunk" was treated as more
  urgent than "dut_block1_stateProjection_engine_process2Read". Conflicts:
    "dut_block1_stateProjection_engine_process2Chunk" cannot fire before "dut_block1_stateProjection_engine_process2Read":
      calls to
	dut_block1_stateProjection_engine_chunkR.write vs. dut_block1_stateProjection_engine_chunkR.read
	dut_block1_stateProjection_engine_issueOn.write vs. dut_block1_stateProjection_engine_issueOn.read
    "dut_block1_stateProjection_engine_process2Read" cannot fire before "dut_block1_stateProjection_engine_process2Chunk":
      calls to
	dut_block1_stateProjection_engine_chunkCnt.write vs. dut_block1_stateProjection_engine_chunkCnt.read
	dut_block1_stateProjection_engine_chunkLoadOn.write vs. dut_block1_stateProjection_engine_chunkLoadOn.read
Warning: "/workspace/scratch/e6420b0fda2a/resource60-buffered-source/hw/sim/TbSway.bsv", line 9, column 8: (G0010)
  Rule "dut_block1_stateProjection_engine_process1" was treated as more urgent
  than "dut_block1_stateProjection_engine_process3Restart". Conflicts:
    "dut_block1_stateProjection_engine_process1" cannot fire before "dut_block1_stateProjection_engine_process3Restart":
      calls to
	dut_block1_stateProjection_engine_groupStartQ.enq vs. dut_block1_stateProjection_engine_groupStartQ.enq
    "dut_block1_stateProjection_engine_process3Restart" cannot fire before "dut_block1_stateProjection_engine_process1":
      calls to
	dut_block1_stateProjection_engine_groupStartQ.enq vs. dut_block1_stateProjection_engine_groupStartQ.enq
Warning: "/workspace/scratch/e6420b0fda2a/resource60-buffered-source/hw/sim/TbSway.bsv", line 9, column 8: (G0010)
  Rule "dut_block1_deltaProjection_engine_process2Chunk" was treated as more
  urgent than "dut_block1_deltaProjection_engine_process2Read". Conflicts:
    "dut_block1_deltaProjection_engine_process2Chunk" cannot fire before "dut_block1_deltaProjection_engine_process2Read":
      calls to
	dut_block1_deltaProjection_engine_chunkR.write vs. dut_block1_deltaProjection_engine_chunkR.read
	dut_block1_deltaProjection_engine_issueOn.write vs. dut_block1_deltaProjection_engine_issueOn.read
    "dut_block1_deltaProjection_engine_process2Read" cannot fire before "dut_block1_deltaProjection_engine_process2Chunk":
      calls to
	dut_block1_deltaProjection_engine_chunkCnt.write vs. dut_block1_deltaProjection_engine_chunkCnt.read
	dut_block1_deltaProjection_engine_chunkLoadOn.write vs. dut_block1_deltaProjection_engine_chunkLoadOn.read
Warning: "/workspace/scratch/e6420b0fda2a/resource60-buffered-source/hw/sim/TbSway.bsv", line 9, column 8: (G0010)
  Rule "dut_block1_deltaProjection_engine_process1" was treated as more urgent
  than "dut_block1_deltaProjection_engine_process3Restart". Conflicts:
    "dut_block1_deltaProjection_engine_process1" cannot fire before "dut_block1_deltaProjection_engine_process3Restart":
      calls to
	dut_block1_deltaProjection_engine_groupStartQ.enq vs. dut_block1_deltaProjection_engine_groupStartQ.enq
    "dut_block1_deltaProjection_engine_process3Restart" cannot fire before "dut_block1_deltaProjection_engine_process1":
      calls to
	dut_block1_deltaProjection_engine_groupStartQ.enq vs. dut_block1_deltaProjection_engine_groupStartQ.enq
Warning: "/workspace/scratch/e6420b0fda2a/resource60-buffered-source/hw/sim/TbSway.bsv", line 9, column 8: (G0010)
  Rule "dut_block1_outputProjection_engine_process2Chunk" was treated as more
  urgent than "dut_block1_outputProjection_engine_process2Read". Conflicts:
    "dut_block1_outputProjection_engine_process2Chunk" cannot fire before "dut_block1_outputProjection_engine_process2Read":
      calls to
	dut_block1_outputProjection_engine_chunkR.write vs. dut_block1_outputProjection_engine_chunkR.read
	dut_block1_outputProjection_engine_issueOn.write vs. dut_block1_outputProjection_engine_issueOn.read
    "dut_block1_outputProjection_engine_process2Read" cannot fire before "dut_block1_outputProjection_engine_process2Chunk":
      calls to
	dut_block1_outputProjection_engine_chunkCnt.write vs. dut_block1_outputProjection_engine_chunkCnt.read
	dut_block1_outputProjection_engine_chunkLoadOn.write vs. dut_block1_outputProjection_engine_chunkLoadOn.read
Warning: "/workspace/scratch/e6420b0fda2a/resource60-buffered-source/hw/sim/TbSway.bsv", line 9, column 8: (G0010)
  Rule "dut_block1_outputProjection_engine_process1" was treated as more
  urgent than "dut_block1_outputProjection_engine_process3Restart". Conflicts:
    "dut_block1_outputProjection_engine_process1" cannot fire before "dut_block1_outputProjection_engine_process3Restart":
      calls to
	dut_block1_outputProjection_engine_groupStartQ.enq vs. dut_block1_outputProjection_engine_groupStartQ.enq
    "dut_block1_outputProjection_engine_process3Restart" cannot fire before "dut_block1_outputProjection_engine_process1":
      calls to
	dut_block1_outputProjection_engine_groupStartQ.enq vs. dut_block1_outputProjection_engine_groupStartQ.enq
Warning: "/workspace/scratch/e6420b0fda2a/resource60-buffered-source/hw/sim/TbSway.bsv", line 9, column 8: (G0010)
  Rule "dut_headOutput_engine_process2Chunk" was treated as more urgent than
  "dut_headOutput_engine_process2Read". Conflicts:
    "dut_headOutput_engine_process2Chunk" cannot fire before "dut_headOutput_engine_process2Read":
      calls to
	dut_headOutput_engine_chunkR.write vs. dut_headOutput_engine_chunkR.read
	dut_headOutput_engine_issueOn.write vs. dut_headOutput_engine_issueOn.read
    "dut_headOutput_engine_process2Read" cannot fire before "dut_headOutput_engine_process2Chunk":
      calls to
	dut_headOutput_engine_chunkCnt.write vs. dut_headOutput_engine_chunkCnt.read
	dut_headOutput_engine_chunkLoadOn.write vs. dut_headOutput_engine_chunkLoadOn.read
Warning: "/workspace/scratch/e6420b0fda2a/resource60-buffered-source/hw/sim/TbSway.bsv", line 9, column 8: (G0010)
  Rule "dut_headOutput_engine_process1" was treated as more urgent than
  "dut_headOutput_engine_process3Restart". Conflicts:
    "dut_headOutput_engine_process1" cannot fire before "dut_headOutput_engine_process3Restart":
      calls to
	dut_headOutput_engine_groupStartQ.enq vs. dut_headOutput_engine_groupStartQ.enq
    "dut_headOutput_engine_process3Restart" cannot fire before "dut_headOutput_engine_process1":
      calls to
	dut_headOutput_engine_groupStartQ.enq vs. dut_headOutput_engine_groupStartQ.enq
Warning: "/workspace/scratch/e6420b0fda2a/resource60-buffered-source/hw/sim/TbSway.bsv", line 9, column 8: (G0010)
  Rule "dut_headHidden_process1" was treated as more urgent than
  "dut_headHidden_process4Publish". Conflicts:
    "dut_headHidden_process1" cannot fire before "dut_headHidden_process4Publish":
      calls to
	dut_headHidden_writeBankR.write vs. dut_headHidden_writeBankR.read
    "dut_headHidden_process4Publish" cannot fire before "dut_headHidden_process1":
      calls to
	dut_headHidden_fillingOn.write vs. dut_headHidden_fillingOn.read
Warning: "/workspace/scratch/e6420b0fda2a/resource60-buffered-source/hw/sim/TbSway.bsv", line 9, column 8: (G0010)
  Rule "dut_headHidden_engine_process2Chunk" was treated as more urgent than
  "dut_headHidden_engine_process2Read". Conflicts:
    "dut_headHidden_engine_process2Chunk" cannot fire before "dut_headHidden_engine_process2Read":
      calls to
	dut_headHidden_engine_chunkR.write vs. dut_headHidden_engine_chunkR.read
	dut_headHidden_engine_issueOn.write vs. dut_headHidden_engine_issueOn.read
    "dut_headHidden_engine_process2Read" cannot fire before "dut_headHidden_engine_process2Chunk":
      calls to
	dut_headHidden_engine_chunkCnt.write vs. dut_headHidden_engine_chunkCnt.read
	dut_headHidden_engine_chunkLoadOn.write vs. dut_headHidden_engine_chunkLoadOn.read
Warning: "/workspace/scratch/e6420b0fda2a/resource60-buffered-source/hw/sim/TbSway.bsv", line 9, column 8: (G0010)
  Rule "dut_headHidden_engine_process1" was treated as more urgent than
  "dut_headHidden_engine_process3Restart". Conflicts:
    "dut_headHidden_engine_process1" cannot fire before "dut_headHidden_engine_process3Restart":
      calls to
	dut_headHidden_engine_groupStartQ.enq vs. dut_headHidden_engine_groupStartQ.enq
    "dut_headHidden_engine_process3Restart" cannot fire before "dut_headHidden_engine_process1":
      calls to
	dut_headHidden_engine_groupStartQ.enq vs. dut_headHidden_engine_groupStartQ.enq
Warning: "/workspace/scratch/e6420b0fda2a/resource60-buffered-source/hw/sim/TbSway.bsv", line 9, column 8: (G0117)
  Rule `dut_headHidden_engine_process1' shadows the effects of
  `dut_headHidden_engine_process8Emit' when they execute in the same clock
  cycle. Affected method calls:
    dut_headHidden_engine_activeOn.write
  To silence this warning, use the `-no-warn-action-shadowing' flag.
Warning: "/workspace/scratch/e6420b0fda2a/resource60-buffered-source/hw/sim/TbSway.bsv", line 9, column 8: (G0117)
  Rule `dut_headHidden_engine_process1' shadows the effects of
  `dut_headHidden_engine_process3' when they execute in the same clock cycle.
  Affected method calls:
    dut_headHidden_engine_sumR.write
  To silence this warning, use the `-no-warn-action-shadowing' flag.
Warning: "/workspace/scratch/e6420b0fda2a/resource60-buffered-source/hw/sim/TbSway.bsv", line 9, column 8: (G0117)
  Rule `dut_headHidden_engine_process1' shadows the effects of
  `dut_headHidden_engine_process2Read' when they execute in the same clock
  cycle. Affected method calls:
    dut_headHidden_engine_addressCnt.write
  To silence this warning, use the `-no-warn-action-shadowing' flag.
Warning: "/workspace/scratch/e6420b0fda2a/resource60-buffered-source/hw/sim/TbSway.bsv", line 9, column 8: (G0117)
  Rule `dut_headHidden_engine_process1Group' shadows the effects of
  `dut_headHidden_engine_process2Read' when they execute in the same clock
  cycle. Affected method calls:
    dut_headHidden_engine_inputCnt.write, dut_headHidden_engine_chunkCnt.write
  To silence this warning, use the `-no-warn-action-shadowing' flag.
Warning: "/workspace/scratch/e6420b0fda2a/resource60-buffered-source/hw/sim/TbSway.bsv", line 9, column 8: (G0117)
  Rule `dut_headHidden_engine_process1Group' shadows the effects of
  `dut_headHidden_engine_process2Chunk' when they execute in the same clock
  cycle. Affected method calls:
    dut_headHidden_engine_chunkLoadOn.write
  To silence this warning, use the `-no-warn-action-shadowing' flag.
Warning: "/workspace/scratch/e6420b0fda2a/resource60-buffered-source/hw/sim/TbSway.bsv", line 9, column 8: (G0117)
  Rule `dut_headHidden_process3Write' shadows the effects of
  `dut_headHidden_process4Publish' when they execute in the same clock cycle.
  Affected method calls:
    dut_headHidden_committedOn.write
  To silence this warning, use the `-no-warn-action-shadowing' flag.
Warning: "/workspace/scratch/e6420b0fda2a/resource60-buffered-source/hw/sim/TbSway.bsv", line 9, column 8: (G0117)
  Rule `dut_headOutput_engine_process1' shadows the effects of
  `dut_headOutput_engine_process8Emit' when they execute in the same clock
  cycle. Affected method calls:
    dut_headOutput_engine_activeOn.write
  To silence this warning, use the `-no-warn-action-shadowing' flag.
Warning: "/workspace/scratch/e6420b0fda2a/resource60-buffered-source/hw/sim/TbSway.bsv", line 9, column 8: (G0117)
  Rule `dut_headOutput_engine_process1' shadows the effects of
  `dut_headOutput_engine_process3' when they execute in the same clock cycle.
  Affected method calls:
    dut_headOutput_engine_sumR.write
  To silence this warning, use the `-no-warn-action-shadowing' flag.
Warning: "/workspace/scratch/e6420b0fda2a/resource60-buffered-source/hw/sim/TbSway.bsv", line 9, column 8: (G0117)
  Rule `dut_headOutput_engine_process1' shadows the effects of
  `dut_headOutput_engine_process2Read' when they execute in the same clock
  cycle. Affected method calls:
    dut_headOutput_engine_addressCnt.write
  To silence this warning, use the `-no-warn-action-shadowing' flag.
Warning: "/workspace/scratch/e6420b0fda2a/resource60-buffered-source/hw/sim/TbSway.bsv", line 9, column 8: (G0117)
  Rule `dut_headOutput_engine_process1Group' shadows the effects of
  `dut_headOutput_engine_process2Read' when they execute in the same clock
  cycle. Affected method calls:
    dut_headOutput_engine_inputCnt.write, dut_headOutput_engine_chunkCnt.write
  To silence this warning, use the `-no-warn-action-shadowing' flag.
Warning: "/workspace/scratch/e6420b0fda2a/resource60-buffered-source/hw/sim/TbSway.bsv", line 9, column 8: (G0117)
  Rule `dut_headOutput_engine_process1Group' shadows the effects of
  `dut_headOutput_engine_process2Chunk' when they execute in the same clock
  cycle. Affected method calls:
    dut_headOutput_engine_chunkLoadOn.write
  To silence this warning, use the `-no-warn-action-shadowing' flag.
Warning: "/workspace/scratch/e6420b0fda2a/resource60-buffered-source/hw/sim/TbSway.bsv", line 9, column 8: (G0117)
  Rule `dut_block1_outputProjection_engine_process1' shadows the effects of
  `dut_block1_outputProjection_engine_process8Emit' when they execute in the
  same clock cycle. Affected method calls:
    dut_block1_outputProjection_engine_activeOn.write
  To silence this warning, use the `-no-warn-action-shadowing' flag.
Warning: "/workspace/scratch/e6420b0fda2a/resource60-buffered-source/hw/sim/TbSway.bsv", line 9, column 8: (G0117)
  Rule `dut_block1_outputProjection_engine_process1' shadows the effects of
  `dut_block1_outputProjection_engine_process3' when they execute in the same
  clock cycle. Affected method calls:
    dut_block1_outputProjection_engine_sumR.write
  To silence this warning, use the `-no-warn-action-shadowing' flag.
Warning: "/workspace/scratch/e6420b0fda2a/resource60-buffered-source/hw/sim/TbSway.bsv", line 9, column 8: (G0117)
  Rule `dut_block1_outputProjection_engine_process1' shadows the effects of
  `dut_block1_outputProjection_engine_process2Read' when they execute in the
  same clock cycle. Affected method calls:
    dut_block1_outputProjection_engine_addressCnt.write
  To silence this warning, use the `-no-warn-action-shadowing' flag.
Warning: "/workspace/scratch/e6420b0fda2a/resource60-buffered-source/hw/sim/TbSway.bsv", line 9, column 8: (G0117)
  Rule `dut_block1_outputProjection_engine_process1Group' shadows the effects
  of `dut_block1_outputProjection_engine_process2Read' when they execute in
  the same clock cycle. Affected method calls:
    dut_block1_outputProjection_engine_inputCnt.write,
    dut_block1_outputProjection_engine_chunkCnt.write
  To silence this warning, use the `-no-warn-action-shadowing' flag.
Warning: "/workspace/scratch/e6420b0fda2a/resource60-buffered-source/hw/sim/TbSway.bsv", line 9, column 8: (G0117)
  Rule `dut_block1_outputProjection_engine_process1Group' shadows the effects
  of `dut_block1_outputProjection_engine_process2Chunk' when they execute in
  the same clock cycle. Affected method calls:
    dut_block1_outputProjection_engine_chunkLoadOn.write
  To silence this warning, use the `-no-warn-action-shadowing' flag.
Warning: "/workspace/scratch/e6420b0fda2a/resource60-buffered-source/hw/sim/TbSway.bsv", line 9, column 8: (G0117)
  Rule `dut_block1_deltaProjection_engine_process1' shadows the effects of
  `dut_block1_deltaProjection_engine_process8Emit' when they execute in the
  same clock cycle. Affected method calls:
    dut_block1_deltaProjection_engine_activeOn.write
  To silence this warning, use the `-no-warn-action-shadowing' flag.
Warning: "/workspace/scratch/e6420b0fda2a/resource60-buffered-source/hw/sim/TbSway.bsv", line 9, column 8: (G0117)
  Rule `dut_block1_deltaProjection_engine_process1' shadows the effects of
  `dut_block1_deltaProjection_engine_process3' when they execute in the same
  clock cycle. Affected method calls:
    dut_block1_deltaProjection_engine_sumR.write
  To silence this warning, use the `-no-warn-action-shadowing' flag.
Warning: "/workspace/scratch/e6420b0fda2a/resource60-buffered-source/hw/sim/TbSway.bsv", line 9, column 8: (G0117)
  Rule `dut_block1_deltaProjection_engine_process1' shadows the effects of
  `dut_block1_deltaProjection_engine_process2Read' when they execute in the
  same clock cycle. Affected method calls:
    dut_block1_deltaProjection_engine_addressCnt.write
  To silence this warning, use the `-no-warn-action-shadowing' flag.
Warning: "/workspace/scratch/e6420b0fda2a/resource60-buffered-source/hw/sim/TbSway.bsv", line 9, column 8: (G0117)
  Rule `dut_block1_deltaProjection_engine_process1Group' shadows the effects
  of `dut_block1_deltaProjection_engine_process2Read' when they execute in the
  same clock cycle. Affected method calls:
    dut_block1_deltaProjection_engine_inputCnt.write,
    dut_block1_deltaProjection_engine_chunkCnt.write
  To silence this warning, use the `-no-warn-action-shadowing' flag.
Warning: "/workspace/scratch/e6420b0fda2a/resource60-buffered-source/hw/sim/TbSway.bsv", line 9, column 8: (G0117)
  Rule `dut_block1_deltaProjection_engine_process1Group' shadows the effects
  of `dut_block1_deltaProjection_engine_process2Chunk' when they execute in
  the same clock cycle. Affected method calls:
    dut_block1_deltaProjection_engine_chunkLoadOn.write
  To silence this warning, use the `-no-warn-action-shadowing' flag.
Warning: "/workspace/scratch/e6420b0fda2a/resource60-buffered-source/hw/sim/TbSway.bsv", line 9, column 8: (G0117)
  Rule `dut_block1_stateProjection_engine_process1' shadows the effects of
  `dut_block1_stateProjection_engine_process8Emit' when they execute in the
  same clock cycle. Affected method calls:
    dut_block1_stateProjection_engine_activeOn.write
  To silence this warning, use the `-no-warn-action-shadowing' flag.
Warning: "/workspace/scratch/e6420b0fda2a/resource60-buffered-source/hw/sim/TbSway.bsv", line 9, column 8: (G0117)
  Rule `dut_block1_stateProjection_engine_process1' shadows the effects of
  `dut_block1_stateProjection_engine_process3' when they execute in the same
  clock cycle. Affected method calls:
    dut_block1_stateProjection_engine_sumR.write
  To silence this warning, use the `-no-warn-action-shadowing' flag.
Warning: "/workspace/scratch/e6420b0fda2a/resource60-buffered-source/hw/sim/TbSway.bsv", line 9, column 8: (G0117)
  Rule `dut_block1_stateProjection_engine_process1' shadows the effects of
  `dut_block1_stateProjection_engine_process2Read' when they execute in the
  same clock cycle. Affected method calls:
    dut_block1_stateProjection_engine_addressCnt.write
  To silence this warning, use the `-no-warn-action-shadowing' flag.
Warning: "/workspace/scratch/e6420b0fda2a/resource60-buffered-source/hw/sim/TbSway.bsv", line 9, column 8: (G0117)
  Rule `dut_block1_stateProjection_engine_process1Group' shadows the effects
  of `dut_block1_stateProjection_engine_process2Read' when they execute in the
  same clock cycle. Affected method calls:
    dut_block1_stateProjection_engine_inputCnt.write,
    dut_block1_stateProjection_engine_chunkCnt.write
  To silence this warning, use the `-no-warn-action-shadowing' flag.
Warning: "/workspace/scratch/e6420b0fda2a/resource60-buffered-source/hw/sim/TbSway.bsv", line 9, column 8: (G0117)
  Rule `dut_block1_stateProjection_engine_process1Group' shadows the effects
  of `dut_block1_stateProjection_engine_process2Chunk' when they execute in
  the same clock cycle. Affected method calls:
    dut_block1_stateProjection_engine_chunkLoadOn.write
  To silence this warning, use the `-no-warn-action-shadowing' flag.
Warning: "/workspace/scratch/e6420b0fda2a/resource60-buffered-source/hw/sim/TbSway.bsv", line 9, column 8: (G0117)
  Rule `dut_block1_inputProjection_engine_process1' shadows the effects of
  `dut_block1_inputProjection_engine_process8Emit' when they execute in the
  same clock cycle. Affected method calls:
    dut_block1_inputProjection_engine_activeOn.write
  To silence this warning, use the `-no-warn-action-shadowing' flag.
Warning: "/workspace/scratch/e6420b0fda2a/resource60-buffered-source/hw/sim/TbSway.bsv", line 9, column 8: (G0117)
  Rule `dut_block1_inputProjection_engine_process1' shadows the effects of
  `dut_block1_inputProjection_engine_process3Last' when they execute in the
  same clock cycle. Affected method calls:
    dut_block1_inputProjection_engine_completionGroupCnt.write
  To silence this warning, use the `-no-warn-action-shadowing' flag.
Warning: "/workspace/scratch/e6420b0fda2a/resource60-buffered-source/hw/sim/TbSway.bsv", line 9, column 8: (G0117)
  Rule `dut_block1_inputProjection_engine_process1' shadows the effects of
  `dut_block1_inputProjection_engine_process3' when they execute in the same
  clock cycle. Affected method calls:
    dut_block1_inputProjection_engine_sumR.write
  To silence this warning, use the `-no-warn-action-shadowing' flag.
Warning: "/workspace/scratch/e6420b0fda2a/resource60-buffered-source/hw/sim/TbSway.bsv", line 9, column 8: (G0117)
  Rule `dut_block1_inputProjection_engine_process1Group' shadows the effects
  of `dut_block1_inputProjection_engine_process2Read' when they execute in the
  same clock cycle. Affected method calls:
    dut_block1_inputProjection_engine_inputCnt.write,
    dut_block1_inputProjection_engine_chunkCnt.write
  To silence this warning, use the `-no-warn-action-shadowing' flag.
Warning: "/workspace/scratch/e6420b0fda2a/resource60-buffered-source/hw/sim/TbSway.bsv", line 9, column 8: (G0117)
  Rule `dut_block1_inputProjection_engine_process1Group' shadows the effects
  of `dut_block1_inputProjection_engine_process2Chunk' when they execute in
  the same clock cycle. Affected method calls:
    dut_block1_inputProjection_engine_chunkLoadOn.write
  To silence this warning, use the `-no-warn-action-shadowing' flag.
Warning: "/workspace/scratch/e6420b0fda2a/resource60-buffered-source/hw/sim/TbSway.bsv", line 9, column 8: (G0117)
  Rule `dut_block0_outputProjection_engine_process1' shadows the effects of
  `dut_block0_outputProjection_engine_process8Emit' when they execute in the
  same clock cycle. Affected method calls:
    dut_block0_outputProjection_engine_activeOn.write
  To silence this warning, use the `-no-warn-action-shadowing' flag.
Warning: "/workspace/scratch/e6420b0fda2a/resource60-buffered-source/hw/sim/TbSway.bsv", line 9, column 8: (G0117)
  Rule `dut_block0_outputProjection_engine_process1' shadows the effects of
  `dut_block0_outputProjection_engine_process3' when they execute in the same
  clock cycle. Affected method calls:
    dut_block0_outputProjection_engine_sumR.write
  To silence this warning, use the `-no-warn-action-shadowing' flag.
Warning: "/workspace/scratch/e6420b0fda2a/resource60-buffered-source/hw/sim/TbSway.bsv", line 9, column 8: (G0117)
  Rule `dut_block0_outputProjection_engine_process1' shadows the effects of
  `dut_block0_outputProjection_engine_process2Read' when they execute in the
  same clock cycle. Affected method calls:
    dut_block0_outputProjection_engine_addressCnt.write
  To silence this warning, use the `-no-warn-action-shadowing' flag.
Warning: "/workspace/scratch/e6420b0fda2a/resource60-buffered-source/hw/sim/TbSway.bsv", line 9, column 8: (G0117)
  Rule `dut_block0_outputProjection_engine_process1Group' shadows the effects
  of `dut_block0_outputProjection_engine_process2Read' when they execute in
  the same clock cycle. Affected method calls:
    dut_block0_outputProjection_engine_inputCnt.write,
    dut_block0_outputProjection_engine_chunkCnt.write
  To silence this warning, use the `-no-warn-action-shadowing' flag.
Warning: "/workspace/scratch/e6420b0fda2a/resource60-buffered-source/hw/sim/TbSway.bsv", line 9, column 8: (G0117)
  Rule `dut_block0_outputProjection_engine_process1Group' shadows the effects
  of `dut_block0_outputProjection_engine_process2Chunk' when they execute in
  the same clock cycle. Affected method calls:
    dut_block0_outputProjection_engine_chunkLoadOn.write
  To silence this warning, use the `-no-warn-action-shadowing' flag.
Warning: "/workspace/scratch/e6420b0fda2a/resource60-buffered-source/hw/sim/TbSway.bsv", line 9, column 8: (G0117)
  Rule `dut_block0_deltaProjection_engine_process1' shadows the effects of
  `dut_block0_deltaProjection_engine_process8Emit' when they execute in the
  same clock cycle. Affected method calls:
    dut_block0_deltaProjection_engine_activeOn.write
  To silence this warning, use the `-no-warn-action-shadowing' flag.
Warning: "/workspace/scratch/e6420b0fda2a/resource60-buffered-source/hw/sim/TbSway.bsv", line 9, column 8: (G0117)
  Rule `dut_block0_deltaProjection_engine_process1' shadows the effects of
  `dut_block0_deltaProjection_engine_process3' when they execute in the same
  clock cycle. Affected method calls:
    dut_block0_deltaProjection_engine_sumR.write
  To silence this warning, use the `-no-warn-action-shadowing' flag.
Warning: "/workspace/scratch/e6420b0fda2a/resource60-buffered-source/hw/sim/TbSway.bsv", line 9, column 8: (G0117)
  Rule `dut_block0_deltaProjection_engine_process1' shadows the effects of
  `dut_block0_deltaProjection_engine_process2Read' when they execute in the
  same clock cycle. Affected method calls:
    dut_block0_deltaProjection_engine_addressCnt.write
  To silence this warning, use the `-no-warn-action-shadowing' flag.
Warning: "/workspace/scratch/e6420b0fda2a/resource60-buffered-source/hw/sim/TbSway.bsv", line 9, column 8: (G0117)
  Rule `dut_block0_deltaProjection_engine_process1Group' shadows the effects
  of `dut_block0_deltaProjection_engine_process2Read' when they execute in the
  same clock cycle. Affected method calls:
    dut_block0_deltaProjection_engine_inputCnt.write,
    dut_block0_deltaProjection_engine_chunkCnt.write
  To silence this warning, use the `-no-warn-action-shadowing' flag.
Warning: "/workspace/scratch/e6420b0fda2a/resource60-buffered-source/hw/sim/TbSway.bsv", line 9, column 8: (G0117)
  Rule `dut_block0_deltaProjection_engine_process1Group' shadows the effects
  of `dut_block0_deltaProjection_engine_process2Chunk' when they execute in
  the same clock cycle. Affected method calls:
    dut_block0_deltaProjection_engine_chunkLoadOn.write
  To silence this warning, use the `-no-warn-action-shadowing' flag.
Warning: "/workspace/scratch/e6420b0fda2a/resource60-buffered-source/hw/sim/TbSway.bsv", line 9, column 8: (G0117)
  Rule `dut_block0_stateProjection_engine_process1' shadows the effects of
  `dut_block0_stateProjection_engine_process8Emit' when they execute in the
  same clock cycle. Affected method calls:
    dut_block0_stateProjection_engine_activeOn.write
  To silence this warning, use the `-no-warn-action-shadowing' flag.
Warning: "/workspace/scratch/e6420b0fda2a/resource60-buffered-source/hw/sim/TbSway.bsv", line 9, column 8: (G0117)
  Rule `dut_block0_stateProjection_engine_process1' shadows the effects of
  `dut_block0_stateProjection_engine_process3' when they execute in the same
  clock cycle. Affected method calls:
    dut_block0_stateProjection_engine_sumR.write
  To silence this warning, use the `-no-warn-action-shadowing' flag.
Warning: "/workspace/scratch/e6420b0fda2a/resource60-buffered-source/hw/sim/TbSway.bsv", line 9, column 8: (G0117)
  Rule `dut_block0_stateProjection_engine_process1' shadows the effects of
  `dut_block0_stateProjection_engine_process2Read' when they execute in the
  same clock cycle. Affected method calls:
    dut_block0_stateProjection_engine_addressCnt.write
  To silence this warning, use the `-no-warn-action-shadowing' flag.
Warning: "/workspace/scratch/e6420b0fda2a/resource60-buffered-source/hw/sim/TbSway.bsv", line 9, column 8: (G0117)
  Rule `dut_block0_stateProjection_engine_process1Group' shadows the effects
  of `dut_block0_stateProjection_engine_process2Read' when they execute in the
  same clock cycle. Affected method calls:
    dut_block0_stateProjection_engine_inputCnt.write,
    dut_block0_stateProjection_engine_chunkCnt.write
  To silence this warning, use the `-no-warn-action-shadowing' flag.
Warning: "/workspace/scratch/e6420b0fda2a/resource60-buffered-source/hw/sim/TbSway.bsv", line 9, column 8: (G0117)
  Rule `dut_block0_stateProjection_engine_process1Group' shadows the effects
  of `dut_block0_stateProjection_engine_process2Chunk' when they execute in
  the same clock cycle. Affected method calls:
    dut_block0_stateProjection_engine_chunkLoadOn.write
  To silence this warning, use the `-no-warn-action-shadowing' flag.
Warning: "/workspace/scratch/e6420b0fda2a/resource60-buffered-source/hw/sim/TbSway.bsv", line 9, column 8: (G0117)
  Rule `dut_block0_inputProjection_engine_process1' shadows the effects of
  `dut_block0_inputProjection_engine_process8Emit' when they execute in the
  same clock cycle. Affected method calls:
    dut_block0_inputProjection_engine_activeOn.write
  To silence this warning, use the `-no-warn-action-shadowing' flag.
Warning: "/workspace/scratch/e6420b0fda2a/resource60-buffered-source/hw/sim/TbSway.bsv", line 9, column 8: (G0117)
  Rule `dut_block0_inputProjection_engine_process1' shadows the effects of
  `dut_block0_inputProjection_engine_process3Last' when they execute in the
  same clock cycle. Affected method calls:
    dut_block0_inputProjection_engine_completionGroupCnt.write
  To silence this warning, use the `-no-warn-action-shadowing' flag.
Warning: "/workspace/scratch/e6420b0fda2a/resource60-buffered-source/hw/sim/TbSway.bsv", line 9, column 8: (G0117)
  Rule `dut_block0_inputProjection_engine_process1' shadows the effects of
  `dut_block0_inputProjection_engine_process3' when they execute in the same
  clock cycle. Affected method calls:
    dut_block0_inputProjection_engine_sumR.write
  To silence this warning, use the `-no-warn-action-shadowing' flag.
Warning: "/workspace/scratch/e6420b0fda2a/resource60-buffered-source/hw/sim/TbSway.bsv", line 9, column 8: (G0117)
  Rule `dut_block0_inputProjection_engine_process1Group' shadows the effects
  of `dut_block0_inputProjection_engine_process2Read' when they execute in the
  same clock cycle. Affected method calls:
    dut_block0_inputProjection_engine_inputCnt.write,
    dut_block0_inputProjection_engine_chunkCnt.write
  To silence this warning, use the `-no-warn-action-shadowing' flag.
Warning: "/workspace/scratch/e6420b0fda2a/resource60-buffered-source/hw/sim/TbSway.bsv", line 9, column 8: (G0117)
  Rule `dut_block0_inputProjection_engine_process1Group' shadows the effects
  of `dut_block0_inputProjection_engine_process2Chunk' when they execute in
  the same clock cycle. Affected method calls:
    dut_block0_inputProjection_engine_chunkLoadOn.write
  To silence this warning, use the `-no-warn-action-shadowing' flag.
Warning: "/workspace/scratch/e6420b0fda2a/resource60-buffered-source/hw/sim/TbSway.bsv", line 9, column 8: (G0117)
  Rule `dut_embedding_engine_process1' shadows the effects of
  `dut_embedding_engine_process8Emit' when they execute in the same clock
  cycle. Affected method calls:
    dut_embedding_engine_activeOn.write
  To silence this warning, use the `-no-warn-action-shadowing' flag.
Warning: "/workspace/scratch/e6420b0fda2a/resource60-buffered-source/hw/sim/TbSway.bsv", line 9, column 8: (G0117)
  Rule `dut_embedding_engine_process1' shadows the effects of
  `dut_embedding_engine_process3' when they execute in the same clock cycle.
  Affected method calls:
    dut_embedding_engine_sumR.write
  To silence this warning, use the `-no-warn-action-shadowing' flag.
Warning: "/workspace/scratch/e6420b0fda2a/resource60-buffered-source/hw/sim/TbSway.bsv", line 9, column 8: (G0117)
  Rule `dut_embedding_engine_process1' shadows the effects of
  `dut_embedding_engine_process2Read' when they execute in the same clock
  cycle. Affected method calls:
    dut_embedding_engine_addressCnt.write
  To silence this warning, use the `-no-warn-action-shadowing' flag.
Warning: "/workspace/scratch/e6420b0fda2a/resource60-buffered-source/hw/sim/TbSway.bsv", line 9, column 8: (G0117)
  Rule `dut_embedding_engine_process1Group' shadows the effects of
  `dut_embedding_engine_process2Read' when they execute in the same clock
  cycle. Affected method calls:
    dut_embedding_engine_inputCnt.write, dut_embedding_engine_chunkCnt.write
  To silence this warning, use the `-no-warn-action-shadowing' flag.
Warning: "/workspace/scratch/e6420b0fda2a/resource60-buffered-source/hw/sim/TbSway.bsv", line 9, column 8: (G0117)
  Rule `dut_embedding_engine_process1Group' shadows the effects of
  `dut_embedding_engine_process2Chunk' when they execute in the same clock
  cycle. Affected method calls:
    dut_embedding_engine_chunkLoadOn.write
  To silence this warning, use the `-no-warn-action-shadowing' flag.
Schedule dump file created: /workspace/scratch/e6420b0fda2a/sway/hw/resource-build/clock60/buffered/verilator-rtl/mkTbSway.sched
Verilog file created: /workspace/scratch/e6420b0fda2a/sway/hw/resource-build/clock60/buffered/verilator-rtl/mkTbSway.v
All packages are up to date.
bsc -vsearch +:/workspace/scratch/e6420b0fda2a/resource60-buffered-source/hw/rtl -Xv -DSWAY_ROM_BEHAVIORAL -Xv -I/workspace/scratch/e6420b0fda2a/resource60-buffered-source/hw/generated -verilog -e mkTbSway -vsim iverilog \
	-p +:/workspace/scratch/e6420b0fda2a/blueyosys/lib/bsv:/workspace/scratch/e6420b0fda2a/blueyosys/fpga/ecp5/bsv:/workspace/scratch/e6420b0fda2a/blueyosys/boards/ulx3s/bsv:/workspace/scratch/e6420b0fda2a/resource60-buffered-source/hw/bsv:/workspace/scratch/e6420b0fda2a/resource60-buffered-source/hw/generated:/workspace/scratch/e6420b0fda2a/resource60-buffered-source/hw/sim -bdir /workspace/scratch/e6420b0fda2a/sway/hw/resource-build/clock60/buffered/verilator-rtl -vdir /workspace/scratch/e6420b0fda2a/sway/hw/resource-build/clock60/buffered/verilator-rtl -o /workspace/scratch/e6420b0fda2a/sway/hw/resource-build/clock60/buffered/verilator-rtl/bsim
Verilog binary file created: /workspace/scratch/e6420b0fda2a/sway/hw/resource-build/clock60/buffered/verilator-rtl/bsim
make[1]: Leaving directory '/workspace/scratch/e6420b0fda2a/resource60-buffered-source/hw'
/opt/codex/runtimes/codex-primary-runtime/dependencies/python/bin/python3 "/workspace/scratch/e6420b0fda2a/resource60-buffered-source/hw/reference/run_verilator.py" --rtl "/workspace/scratch/e6420b0fda2a/sway/hw/resource-build/clock60/buffered/verilator-rtl/mkTbSway.v" --build-dir "/workspace/scratch/e6420b0fda2a/sway/hw/resource-build/clock60/buffered/verilator" --results-dir "/workspace/scratch/e6420b0fda2a/sway/hw/results/resource_comparison/clock60/buffered/stress" --bsc-runtime "/workspace/scratch/e6420b0fda2a/toolchains/bsc-2026.01-ubuntu-24.04/lib/Verilog" --jobs "2" 
SWAY_VERILATOR_PASS frames=14 outputs=798 cycles=134144 build_seconds=66.270 run_seconds=1.068
