stage,frame,token,input_cycle,output_cycle,elapsed_cycles
patch_queue,0,0,348,349,1
embedding,0,0,349,601,252
block0,0,0,601,3477,2876
block1,0,0,3477,6353,2876
patch_queue,0,1,371,601,230
embedding,0,1,601,853,252
block0,0,1,853,4464,3611
block1,0,1,4464,7340,2876
patch_queue,0,2,602,853,251
embedding,0,2,853,1105,252
block0,0,2,1105,5451,4346
block1,0,2,5451,8327,2876
patch_queue,0,3,854,1105,251
embedding,0,3,1105,1413,308
block0,0,3,1413,6438,5025
block1,0,3,6438,9314,2876
patch_queue,0,4,1106,1357,251
embedding,0,4,1357,1997,640
block0,0,4,1997,7425,5428
block1,0,4,7425,10301,2876
patch_queue,0,5,1358,1609,251
embedding,0,5,1609,3477,1868
block0,0,5,3477,8412,4935
block1,0,5,8412,11288,2876
patch_queue,0,6,1610,1999,389
embedding,0,6,1999,4464,2465
block0,0,6,4464,9399,4935
block1,0,6,9399,12275,2876
patch_queue,0,7,2000,3479,1479
embedding,0,7,3479,5451,1972
block0,0,7,5451,10386,4935
block1,0,7,10386,13262,2876
patch_queue,0,8,3480,4466,986
embedding,0,8,4466,6438,1972
block0,0,8,6438,11373,4935
block1,0,8,11373,14249,2876
patch_queue,0,9,4467,5453,986
embedding,0,9,5453,7425,1972
block0,0,9,7425,12360,4935
block1,0,9,12360,15236,2876
patch_queue,0,10,5454,6440,986
embedding,0,10,6440,8412,1972
block0,0,10,8412,13347,4935
block1,0,10,13347,16223,2876
patch_queue,0,11,6441,7427,986
embedding,0,11,7427,9399,1972
block0,0,11,9399,14334,4935
block1,0,11,14334,17210,2876
patch_queue,0,12,7428,8414,986
embedding,0,12,8414,10386,1972
block0,0,12,10386,15321,4935
block1,0,12,15321,18197,2876
patch_queue,0,13,8415,9401,986
embedding,0,13,9401,11373,1972
block0,0,13,11373,16308,4935
block1,0,13,16308,19184,2876
patch_queue,0,14,9402,10388,986
embedding,0,14,10388,12360,1972
block0,0,14,12360,17295,4935
block1,0,14,17295,20171,2876
patch_queue,0,15,10389,11375,986
embedding,0,15,11375,13347,1972
block0,0,15,13347,18282,4935
block1,0,15,18282,21158,2876
head_hidden_first_token,0,0,6353,24451,18098
head_hidden_last_token,0,15,21158,24451,3293
head_output,0,0,24451,25193,742
serializer,0,0,25193,25251,58
patch_queue,1,0,11376,12362,986
embedding,1,0,12362,14334,1972
block0,1,0,14334,19269,4935
block1,1,0,19269,22145,2876
patch_queue,1,1,12363,13349,986
embedding,1,1,13349,15321,1972
block0,1,1,15321,20256,4935
block1,1,1,20256,23132,2876
patch_queue,1,2,13350,14336,986
embedding,1,2,14336,16308,1972
block0,1,2,16308,21243,4935
block1,1,2,21243,24119,2876
patch_queue,1,3,14337,15323,986
embedding,1,3,15323,17295,1972
block0,1,3,17295,22230,4935
block1,1,3,22230,25106,2876
patch_queue,1,4,15324,16310,986
embedding,1,4,16310,18282,1972
block0,1,4,18282,23217,4935
block1,1,4,23217,26093,2876
patch_queue,1,5,16311,17297,986
embedding,1,5,17297,19269,1972
block0,1,5,19269,24204,4935
block1,1,5,24204,27080,2876
patch_queue,1,6,17298,18284,986
embedding,1,6,18284,20256,1972
block0,1,6,20256,25191,4935
block1,1,6,25191,28067,2876
patch_queue,1,7,18285,19271,986
embedding,1,7,19271,21243,1972
block0,1,7,21243,26178,4935
block1,1,7,26178,29054,2876
patch_queue,1,8,19272,20258,986
embedding,1,8,20258,22230,1972
block0,1,8,22230,27165,4935
block1,1,8,27165,30041,2876
patch_queue,1,9,20259,21245,986
embedding,1,9,21245,23217,1972
block0,1,9,23217,28152,4935
block1,1,9,28152,31028,2876
patch_queue,1,10,21246,22232,986
embedding,1,10,22232,24204,1972
block0,1,10,24204,29139,4935
block1,1,10,29139,32015,2876
patch_queue,1,11,22233,23219,986
embedding,1,11,23219,25191,1972
block0,1,11,25191,30126,4935
block1,1,11,30126,33002,2876
patch_queue,1,12,23220,24206,986
embedding,1,12,24206,26178,1972
block0,1,12,26178,31113,4935
block1,1,12,31113,33989,2876
patch_queue,1,13,24207,25193,986
embedding,1,13,25193,27165,1972
block0,1,13,27165,32100,4935
block1,1,13,32100,34976,2876
patch_queue,1,14,25194,26180,986
embedding,1,14,26180,28152,1972
block0,1,14,28152,33087,4935
block1,1,14,33087,35963,2876
patch_queue,1,15,26181,27167,986
embedding,1,15,27167,29139,1972
block0,1,15,29139,34074,4935
block1,1,15,34074,36950,2876
head_hidden_first_token,1,0,22145,40243,18098
head_hidden_last_token,1,15,36950,40243,3293
head_output,1,0,40243,40985,742
serializer,1,0,40985,41043,58
patch_queue,2,0,27168,28154,986
embedding,2,0,28154,30126,1972
block0,2,0,30126,35061,4935
block1,2,0,35061,37937,2876
patch_queue,2,1,28155,29141,986
embedding,2,1,29141,31113,1972
block0,2,1,31113,36048,4935
block1,2,1,36048,38924,2876
patch_queue,2,2,29142,30128,986
embedding,2,2,30128,32100,1972
block0,2,2,32100,37035,4935
block1,2,2,37035,39911,2876
patch_queue,2,3,30129,31115,986
embedding,2,3,31115,33087,1972
block0,2,3,33087,38022,4935
block1,2,3,38022,40898,2876
patch_queue,2,4,31116,32102,986
embedding,2,4,32102,34074,1972
block0,2,4,34074,39009,4935
block1,2,4,39009,41885,2876
patch_queue,2,5,32103,33089,986
embedding,2,5,33089,35061,1972
block0,2,5,35061,39996,4935
block1,2,5,39996,42872,2876
patch_queue,2,6,33090,34076,986
embedding,2,6,34076,36048,1972
block0,2,6,36048,40983,4935
block1,2,6,40983,43859,2876
patch_queue,2,7,34077,35063,986
embedding,2,7,35063,37035,1972
block0,2,7,37035,41970,4935
block1,2,7,41970,44846,2876
patch_queue,2,8,35064,36050,986
embedding,2,8,36050,38022,1972
block0,2,8,38022,42957,4935
block1,2,8,42957,45833,2876
patch_queue,2,9,36051,37037,986
embedding,2,9,37037,39009,1972
block0,2,9,39009,43944,4935
block1,2,9,43944,46820,2876
patch_queue,2,10,37038,38024,986
embedding,2,10,38024,39996,1972
block0,2,10,39996,44931,4935
block1,2,10,44931,47807,2876
patch_queue,2,11,38025,39011,986
embedding,2,11,39011,40983,1972
block0,2,11,40983,45918,4935
block1,2,11,45918,48794,2876
patch_queue,2,12,39012,39998,986
embedding,2,12,39998,41970,1972
block0,2,12,41970,46905,4935
block1,2,12,46905,49781,2876
patch_queue,2,13,39999,40985,986
embedding,2,13,40985,42957,1972
block0,2,13,42957,47892,4935
block1,2,13,47892,50768,2876
patch_queue,2,14,40986,41972,986
embedding,2,14,41972,43944,1972
block0,2,14,43944,48879,4935
block1,2,14,48879,51755,2876
patch_queue,2,15,41973,42959,986
embedding,2,15,42959,44931,1972
block0,2,15,44931,49866,4935
block1,2,15,49866,52742,2876
head_hidden_first_token,2,0,37937,56035,18098
head_hidden_last_token,2,15,52742,56035,3293
head_output,2,0,56035,56777,742
serializer,2,0,56777,56835,58
patch_queue,3,0,42960,43946,986
embedding,3,0,43946,45918,1972
block0,3,0,45918,50853,4935
block1,3,0,50853,53729,2876
patch_queue,3,1,43947,44933,986
embedding,3,1,44933,46905,1972
block0,3,1,46905,51840,4935
block1,3,1,51840,54716,2876
patch_queue,3,2,44934,45920,986
embedding,3,2,45920,47892,1972
block0,3,2,47892,52827,4935
block1,3,2,52827,55703,2876
patch_queue,3,3,45921,46907,986
embedding,3,3,46907,48879,1972
block0,3,3,48879,53814,4935
block1,3,3,53814,56690,2876
patch_queue,3,4,46908,47894,986
embedding,3,4,47894,49866,1972
block0,3,4,49866,54801,4935
block1,3,4,54801,57677,2876
patch_queue,3,5,47895,48881,986
embedding,3,5,48881,50853,1972
block0,3,5,50853,55788,4935
block1,3,5,55788,58664,2876
patch_queue,3,6,48882,49868,986
embedding,3,6,49868,51840,1972
block0,3,6,51840,56775,4935
block1,3,6,56775,59651,2876
patch_queue,3,7,49869,50855,986
embedding,3,7,50855,52827,1972
block0,3,7,52827,57762,4935
block1,3,7,57762,60638,2876
patch_queue,3,8,50856,51842,986
embedding,3,8,51842,53814,1972
block0,3,8,53814,58749,4935
block1,3,8,58749,61625,2876
patch_queue,3,9,51843,52829,986
embedding,3,9,52829,54801,1972
block0,3,9,54801,59736,4935
block1,3,9,59736,62612,2876
patch_queue,3,10,52830,53816,986
embedding,3,10,53816,55788,1972
block0,3,10,55788,60723,4935
block1,3,10,60723,63599,2876
patch_queue,3,11,53817,54803,986
embedding,3,11,54803,56775,1972
block0,3,11,56775,61710,4935
block1,3,11,61710,64586,2876
patch_queue,3,12,54804,55790,986
embedding,3,12,55790,57762,1972
block0,3,12,57762,62697,4935
block1,3,12,62697,65573,2876
patch_queue,3,13,55791,56777,986
embedding,3,13,56777,58749,1972
block0,3,13,58749,63684,4935
block1,3,13,63684,66560,2876
patch_queue,3,14,56778,57764,986
embedding,3,14,57764,59736,1972
block0,3,14,59736,64671,4935
block1,3,14,64671,67547,2876
patch_queue,3,15,57765,58751,986
embedding,3,15,58751,60723,1972
block0,3,15,60723,65658,4935
block1,3,15,65658,68534,2876
head_hidden_first_token,3,0,53729,71827,18098
head_hidden_last_token,3,15,68534,71827,3293
head_output,3,0,71827,72569,742
serializer,3,0,72569,72627,58
patch_queue,4,0,58752,59738,986
embedding,4,0,59738,61710,1972
block0,4,0,61710,66645,4935
block1,4,0,66645,69521,2876
patch_queue,4,1,59739,60725,986
embedding,4,1,60725,62697,1972
block0,4,1,62697,67632,4935
block1,4,1,67632,70508,2876
patch_queue,4,2,60726,61712,986
embedding,4,2,61712,63684,1972
block0,4,2,63684,68619,4935
block1,4,2,68619,71495,2876
patch_queue,4,3,61713,62699,986
embedding,4,3,62699,64671,1972
block0,4,3,64671,69606,4935
block1,4,3,69606,72482,2876
patch_queue,4,4,62700,63686,986
embedding,4,4,63686,65658,1972
block0,4,4,65658,70593,4935
block1,4,4,70593,73469,2876
patch_queue,4,5,63687,64673,986
embedding,4,5,64673,66645,1972
block0,4,5,66645,71580,4935
block1,4,5,71580,74456,2876
patch_queue,4,6,64674,65660,986
embedding,4,6,65660,67632,1972
block0,4,6,67632,72567,4935
block1,4,6,72567,75443,2876
patch_queue,4,7,65661,66647,986
embedding,4,7,66647,68619,1972
block0,4,7,68619,73554,4935
block1,4,7,73554,76430,2876
patch_queue,4,8,66648,67634,986
embedding,4,8,67634,69606,1972
block0,4,8,69606,74541,4935
block1,4,8,74541,77417,2876
patch_queue,4,9,67635,68621,986
embedding,4,9,68621,70593,1972
block0,4,9,70593,75528,4935
block1,4,9,75528,78404,2876
patch_queue,4,10,68622,69608,986
embedding,4,10,69608,71580,1972
block0,4,10,71580,76515,4935
block1,4,10,76515,79391,2876
patch_queue,4,11,69609,70595,986
embedding,4,11,70595,72567,1972
block0,4,11,72567,77502,4935
block1,4,11,77502,80378,2876
patch_queue,4,12,70596,71582,986
embedding,4,12,71582,73554,1972
block0,4,12,73554,78489,4935
block1,4,12,78489,81365,2876
patch_queue,4,13,71583,72569,986
embedding,4,13,72569,74541,1972
block0,4,13,74541,79476,4935
block1,4,13,79476,82352,2876
patch_queue,4,14,72570,73556,986
embedding,4,14,73556,75528,1972
block0,4,14,75528,80463,4935
block1,4,14,80463,83339,2876
patch_queue,4,15,73557,74543,986
embedding,4,15,74543,76515,1972
block0,4,15,76515,81450,4935
block1,4,15,81450,84326,2876
head_hidden_first_token,4,0,69521,87619,18098
head_hidden_last_token,4,15,84326,87619,3293
head_output,4,0,87619,88361,742
serializer,4,0,88361,88419,58
patch_queue,5,0,74544,75530,986
embedding,5,0,75530,77502,1972
block0,5,0,77502,82437,4935
block1,5,0,82437,85313,2876
patch_queue,5,1,75531,76517,986
embedding,5,1,76517,78489,1972
block0,5,1,78489,83424,4935
block1,5,1,83424,86300,2876
patch_queue,5,2,76518,77504,986
embedding,5,2,77504,79476,1972
block0,5,2,79476,84411,4935
block1,5,2,84411,87287,2876
patch_queue,5,3,77505,78491,986
embedding,5,3,78491,80463,1972
block0,5,3,80463,85398,4935
block1,5,3,85398,88274,2876
patch_queue,5,4,78492,79478,986
embedding,5,4,79478,81450,1972
block0,5,4,81450,86385,4935
block1,5,4,86385,89261,2876
patch_queue,5,5,79479,80465,986
embedding,5,5,80465,82437,1972
block0,5,5,82437,87372,4935
block1,5,5,87372,90248,2876
patch_queue,5,6,80466,81452,986
embedding,5,6,81452,83424,1972
block0,5,6,83424,88359,4935
block1,5,6,88359,91235,2876
patch_queue,5,7,81453,82439,986
embedding,5,7,82439,84411,1972
block0,5,7,84411,89346,4935
block1,5,7,89346,92222,2876
patch_queue,5,8,82440,83426,986
embedding,5,8,83426,85398,1972
block0,5,8,85398,90333,4935
block1,5,8,90333,93209,2876
patch_queue,5,9,83427,84413,986
embedding,5,9,84413,86385,1972
block0,5,9,86385,91320,4935
block1,5,9,91320,94196,2876
patch_queue,5,10,84414,85400,986
embedding,5,10,85400,87372,1972
block0,5,10,87372,92307,4935
block1,5,10,92307,95183,2876
patch_queue,5,11,85401,86387,986
embedding,5,11,86387,88359,1972
block0,5,11,88359,93294,4935
block1,5,11,93294,96170,2876
patch_queue,5,12,86388,87374,986
embedding,5,12,87374,89346,1972
block0,5,12,89346,94281,4935
block1,5,12,94281,97157,2876
patch_queue,5,13,87375,88361,986
embedding,5,13,88361,90333,1972
block0,5,13,90333,95268,4935
block1,5,13,95268,98144,2876
patch_queue,5,14,88362,89348,986
embedding,5,14,89348,91320,1972
block0,5,14,91320,96255,4935
block1,5,14,96255,99131,2876
patch_queue,5,15,89349,90335,986
embedding,5,15,90335,92307,1972
block0,5,15,92307,97242,4935
block1,5,15,97242,100118,2876
head_hidden_first_token,5,0,85313,103411,18098
head_hidden_last_token,5,15,100118,103411,3293
head_output,5,0,103411,104153,742
serializer,5,0,104153,104211,58
patch_queue,6,0,90336,91322,986
embedding,6,0,91322,93294,1972
block0,6,0,93294,98229,4935
block1,6,0,98229,101105,2876
patch_queue,6,1,91323,92309,986
embedding,6,1,92309,94281,1972
block0,6,1,94281,99216,4935
block1,6,1,99216,102092,2876
patch_queue,6,2,92310,93296,986
embedding,6,2,93296,95268,1972
block0,6,2,95268,100203,4935
block1,6,2,100203,103079,2876
patch_queue,6,3,93297,94283,986
embedding,6,3,94283,96255,1972
block0,6,3,96255,101190,4935
block1,6,3,101190,104066,2876
patch_queue,6,4,94284,95270,986
embedding,6,4,95270,97242,1972
block0,6,4,97242,102177,4935
block1,6,4,102177,105053,2876
patch_queue,6,5,95271,96257,986
embedding,6,5,96257,98229,1972
block0,6,5,98229,103164,4935
block1,6,5,103164,106040,2876
patch_queue,6,6,96258,97244,986
embedding,6,6,97244,99216,1972
block0,6,6,99216,104151,4935
block1,6,6,104151,107027,2876
patch_queue,6,7,97245,98231,986
embedding,6,7,98231,100203,1972
block0,6,7,100203,105138,4935
block1,6,7,105138,108014,2876
patch_queue,6,8,98232,99218,986
embedding,6,8,99218,101190,1972
block0,6,8,101190,106125,4935
block1,6,8,106125,109001,2876
patch_queue,6,9,99219,100205,986
embedding,6,9,100205,102177,1972
block0,6,9,102177,107112,4935
block1,6,9,107112,109988,2876
patch_queue,6,10,100206,101192,986
embedding,6,10,101192,103164,1972
block0,6,10,103164,108099,4935
block1,6,10,108099,110975,2876
patch_queue,6,11,101193,102179,986
embedding,6,11,102179,104151,1972
block0,6,11,104151,109086,4935
block1,6,11,109086,111962,2876
patch_queue,6,12,102180,103166,986
embedding,6,12,103166,105138,1972
block0,6,12,105138,110073,4935
block1,6,12,110073,112949,2876
patch_queue,6,13,103167,104153,986
embedding,6,13,104153,106125,1972
block0,6,13,106125,111060,4935
block1,6,13,111060,113936,2876
patch_queue,6,14,104154,105140,986
embedding,6,14,105140,107112,1972
block0,6,14,107112,112047,4935
block1,6,14,112047,114923,2876
patch_queue,6,15,105141,106127,986
embedding,6,15,106127,108099,1972
block0,6,15,108099,113034,4935
block1,6,15,113034,115910,2876
head_hidden_first_token,6,0,101105,119203,18098
head_hidden_last_token,6,15,115910,119203,3293
head_output,6,0,119203,119945,742
serializer,6,0,119945,120003,58
patch_queue,7,0,106128,107114,986
embedding,7,0,107114,109086,1972
block0,7,0,109086,114021,4935
block1,7,0,114021,116897,2876
patch_queue,7,1,107115,108101,986
embedding,7,1,108101,110073,1972
block0,7,1,110073,115008,4935
block1,7,1,115008,117884,2876
patch_queue,7,2,108102,109088,986
embedding,7,2,109088,111060,1972
block0,7,2,111060,115995,4935
block1,7,2,115995,118871,2876
patch_queue,7,3,109089,110075,986
embedding,7,3,110075,112047,1972
block0,7,3,112047,116982,4935
block1,7,3,116982,119858,2876
patch_queue,7,4,110076,111062,986
embedding,7,4,111062,113034,1972
block0,7,4,113034,117969,4935
block1,7,4,117969,120845,2876
patch_queue,7,5,111063,112049,986
embedding,7,5,112049,114021,1972
block0,7,5,114021,118956,4935
block1,7,5,118956,121832,2876
patch_queue,7,6,112050,113036,986
embedding,7,6,113036,115008,1972
block0,7,6,115008,119943,4935
block1,7,6,119943,122819,2876
patch_queue,7,7,113037,114023,986
embedding,7,7,114023,115995,1972
block0,7,7,115995,120930,4935
block1,7,7,120930,123806,2876
patch_queue,7,8,114024,115010,986
embedding,7,8,115010,116982,1972
block0,7,8,116982,121917,4935
block1,7,8,121917,124793,2876
patch_queue,7,9,115011,115997,986
embedding,7,9,115997,117969,1972
block0,7,9,117969,122904,4935
block1,7,9,122904,125780,2876
patch_queue,7,10,115998,116984,986
embedding,7,10,116984,118956,1972
block0,7,10,118956,123891,4935
block1,7,10,123891,126767,2876
patch_queue,7,11,116985,117971,986
embedding,7,11,117971,119943,1972
block0,7,11,119943,124878,4935
block1,7,11,124878,127754,2876
patch_queue,7,12,117972,118958,986
embedding,7,12,118958,120930,1972
block0,7,12,120930,125865,4935
block1,7,12,125865,128741,2876
patch_queue,7,13,118959,119945,986
embedding,7,13,119945,121917,1972
block0,7,13,121917,126852,4935
block1,7,13,126852,129728,2876
patch_queue,7,14,119946,120932,986
embedding,7,14,120932,122904,1972
block0,7,14,122904,127839,4935
block1,7,14,127839,130715,2876
patch_queue,7,15,120933,121919,986
embedding,7,15,121919,123891,1972
block0,7,15,123891,128826,4935
block1,7,15,128826,131702,2876
head_hidden_first_token,7,0,116897,134995,18098
head_hidden_last_token,7,15,131702,134995,3293
head_output,7,0,134995,135737,742
serializer,7,0,135737,135795,58
patch_queue,8,0,121920,122906,986
embedding,8,0,122906,124878,1972
block0,8,0,124878,129813,4935
block1,8,0,129813,132689,2876
patch_queue,8,1,122907,123893,986
embedding,8,1,123893,125865,1972
block0,8,1,125865,130800,4935
block1,8,1,130800,133676,2876
patch_queue,8,2,123894,124880,986
embedding,8,2,124880,126852,1972
block0,8,2,126852,131787,4935
block1,8,2,131787,134663,2876
patch_queue,8,3,124881,125867,986
embedding,8,3,125867,127839,1972
block0,8,3,127839,132774,4935
block1,8,3,132774,135650,2876
patch_queue,8,4,125868,126854,986
embedding,8,4,126854,128826,1972
block0,8,4,128826,133761,4935
block1,8,4,133761,136637,2876
patch_queue,8,5,126855,127841,986
embedding,8,5,127841,129813,1972
block0,8,5,129813,134748,4935
block1,8,5,134748,137624,2876
patch_queue,8,6,127842,128828,986
embedding,8,6,128828,130800,1972
block0,8,6,130800,135735,4935
block1,8,6,135735,138611,2876
patch_queue,8,7,128829,129815,986
embedding,8,7,129815,131787,1972
block0,8,7,131787,136722,4935
block1,8,7,136722,139598,2876
patch_queue,8,8,129816,130802,986
embedding,8,8,130802,132774,1972
block0,8,8,132774,137709,4935
block1,8,8,137709,140585,2876
patch_queue,8,9,130803,131789,986
embedding,8,9,131789,133761,1972
block0,8,9,133761,138696,4935
block1,8,9,138696,141572,2876
patch_queue,8,10,131790,132776,986
embedding,8,10,132776,134748,1972
block0,8,10,134748,139683,4935
block1,8,10,139683,142559,2876
patch_queue,8,11,132777,133763,986
embedding,8,11,133763,135735,1972
block0,8,11,135735,140670,4935
block1,8,11,140670,143546,2876
patch_queue,8,12,133764,134750,986
embedding,8,12,134750,136722,1972
block0,8,12,136722,141657,4935
block1,8,12,141657,144533,2876
patch_queue,8,13,134751,135737,986
embedding,8,13,135737,137709,1972
block0,8,13,137709,142644,4935
block1,8,13,142644,145520,2876
patch_queue,8,14,135738,136724,986
embedding,8,14,136724,138696,1972
block0,8,14,138696,143631,4935
block1,8,14,143631,146507,2876
patch_queue,8,15,136725,137711,986
embedding,8,15,137711,139683,1972
block0,8,15,139683,144618,4935
block1,8,15,144618,147494,2876
head_hidden_first_token,8,0,132689,150787,18098
head_hidden_last_token,8,15,147494,150787,3293
head_output,8,0,150787,151529,742
serializer,8,0,151529,151587,58
patch_queue,9,0,137712,138698,986
embedding,9,0,138698,140670,1972
block0,9,0,140670,145605,4935
block1,9,0,145605,148481,2876
patch_queue,9,1,138699,139685,986
embedding,9,1,139685,141657,1972
block0,9,1,141657,146592,4935
block1,9,1,146592,149468,2876
patch_queue,9,2,139686,140672,986
embedding,9,2,140672,142644,1972
block0,9,2,142644,147579,4935
block1,9,2,147579,150455,2876
patch_queue,9,3,140673,141659,986
embedding,9,3,141659,143631,1972
block0,9,3,143631,148566,4935
block1,9,3,148566,151442,2876
patch_queue,9,4,141660,142646,986
embedding,9,4,142646,144618,1972
block0,9,4,144618,149553,4935
block1,9,4,149553,152429,2876
patch_queue,9,5,142647,143633,986
embedding,9,5,143633,145605,1972
block0,9,5,145605,150540,4935
block1,9,5,150540,153416,2876
patch_queue,9,6,143634,144620,986
embedding,9,6,144620,146592,1972
block0,9,6,146592,151527,4935
block1,9,6,151527,154403,2876
patch_queue,9,7,144621,145607,986
embedding,9,7,145607,147579,1972
block0,9,7,147579,152514,4935
block1,9,7,152514,155390,2876
patch_queue,9,8,145608,146594,986
embedding,9,8,146594,148566,1972
block0,9,8,148566,153501,4935
block1,9,8,153501,156377,2876
patch_queue,9,9,146595,147581,986
embedding,9,9,147581,149553,1972
block0,9,9,149553,154488,4935
block1,9,9,154488,157364,2876
patch_queue,9,10,147582,148568,986
embedding,9,10,148568,150540,1972
block0,9,10,150540,155475,4935
block1,9,10,155475,158351,2876
patch_queue,9,11,148569,149555,986
embedding,9,11,149555,151527,1972
block0,9,11,151527,156462,4935
block1,9,11,156462,159338,2876
patch_queue,9,12,149556,150542,986
embedding,9,12,150542,152514,1972
block0,9,12,152514,157449,4935
block1,9,12,157449,160325,2876
patch_queue,9,13,150543,151529,986
embedding,9,13,151529,153501,1972
block0,9,13,153501,158436,4935
block1,9,13,158436,161312,2876
patch_queue,9,14,151530,152516,986
embedding,9,14,152516,154488,1972
block0,9,14,154488,159423,4935
block1,9,14,159423,162299,2876
patch_queue,9,15,152517,153503,986
embedding,9,15,153503,155475,1972
block0,9,15,155475,160410,4935
block1,9,15,160410,163286,2876
head_hidden_first_token,9,0,148481,166579,18098
head_hidden_last_token,9,15,163286,166579,3293
head_output,9,0,166579,167321,742
serializer,9,0,167321,167379,58
patch_queue,10,0,153504,154490,986
embedding,10,0,154490,156462,1972
block0,10,0,156462,161397,4935
block1,10,0,161397,164273,2876
patch_queue,10,1,154491,155477,986
embedding,10,1,155477,157449,1972
block0,10,1,157449,162384,4935
block1,10,1,162384,165260,2876
patch_queue,10,2,155478,156464,986
embedding,10,2,156464,158436,1972
block0,10,2,158436,163371,4935
block1,10,2,163371,166247,2876
patch_queue,10,3,156465,157451,986
embedding,10,3,157451,159423,1972
block0,10,3,159423,164358,4935
block1,10,3,164358,167234,2876
patch_queue,10,4,157452,158438,986
embedding,10,4,158438,160410,1972
block0,10,4,160410,165345,4935
block1,10,4,165345,168221,2876
patch_queue,10,5,158439,159425,986
embedding,10,5,159425,161397,1972
block0,10,5,161397,166332,4935
block1,10,5,166332,169208,2876
patch_queue,10,6,159426,160412,986
embedding,10,6,160412,162384,1972
block0,10,6,162384,167319,4935
block1,10,6,167319,170195,2876
patch_queue,10,7,160413,161399,986
embedding,10,7,161399,163371,1972
block0,10,7,163371,168306,4935
block1,10,7,168306,171182,2876
patch_queue,10,8,161400,162386,986
embedding,10,8,162386,164358,1972
block0,10,8,164358,169293,4935
block1,10,8,169293,172169,2876
patch_queue,10,9,162387,163373,986
embedding,10,9,163373,165345,1972
block0,10,9,165345,170280,4935
block1,10,9,170280,173156,2876
patch_queue,10,10,163374,164360,986
embedding,10,10,164360,166332,1972
block0,10,10,166332,171267,4935
block1,10,10,171267,174143,2876
patch_queue,10,11,164361,165347,986
embedding,10,11,165347,167319,1972
block0,10,11,167319,172254,4935
block1,10,11,172254,175130,2876
patch_queue,10,12,165348,166334,986
embedding,10,12,166334,168306,1972
block0,10,12,168306,173241,4935
block1,10,12,173241,176117,2876
patch_queue,10,13,166335,167321,986
embedding,10,13,167321,169293,1972
block0,10,13,169293,174228,4935
block1,10,13,174228,177104,2876
patch_queue,10,14,167322,168308,986
embedding,10,14,168308,170280,1972
block0,10,14,170280,175215,4935
block1,10,14,175215,178091,2876
patch_queue,10,15,168309,169295,986
embedding,10,15,169295,171267,1972
block0,10,15,171267,176202,4935
block1,10,15,176202,179078,2876
head_hidden_first_token,10,0,164273,182371,18098
head_hidden_last_token,10,15,179078,182371,3293
head_output,10,0,182371,183113,742
serializer,10,0,183113,183171,58
patch_queue,11,0,169296,170282,986
embedding,11,0,170282,172254,1972
block0,11,0,172254,177189,4935
block1,11,0,177189,180065,2876
patch_queue,11,1,170283,171269,986
embedding,11,1,171269,173241,1972
block0,11,1,173241,178176,4935
block1,11,1,178176,181052,2876
patch_queue,11,2,171270,172256,986
embedding,11,2,172256,174228,1972
block0,11,2,174228,179163,4935
block1,11,2,179163,182039,2876
patch_queue,11,3,172257,173243,986
embedding,11,3,173243,175215,1972
block0,11,3,175215,180150,4935
block1,11,3,180150,183026,2876
patch_queue,11,4,173244,174230,986
embedding,11,4,174230,176202,1972
block0,11,4,176202,181137,4935
block1,11,4,181137,184013,2876
patch_queue,11,5,174231,175217,986
embedding,11,5,175217,177189,1972
block0,11,5,177189,182124,4935
block1,11,5,182124,185000,2876
patch_queue,11,6,175218,176204,986
embedding,11,6,176204,178176,1972
block0,11,6,178176,183111,4935
block1,11,6,183111,185987,2876
patch_queue,11,7,176205,177191,986
embedding,11,7,177191,179163,1972
block0,11,7,179163,184098,4935
block1,11,7,184098,186974,2876
patch_queue,11,8,177192,178178,986
embedding,11,8,178178,180150,1972
block0,11,8,180150,185085,4935
block1,11,8,185085,187961,2876
patch_queue,11,9,178179,179165,986
embedding,11,9,179165,181137,1972
block0,11,9,181137,186072,4935
block1,11,9,186072,188948,2876
patch_queue,11,10,179166,180152,986
embedding,11,10,180152,182124,1972
block0,11,10,182124,187059,4935
block1,11,10,187059,189935,2876
patch_queue,11,11,180153,181139,986
embedding,11,11,181139,183111,1972
block0,11,11,183111,188046,4935
block1,11,11,188046,190922,2876
patch_queue,11,12,181140,182126,986
embedding,11,12,182126,184098,1972
block0,11,12,184098,189033,4935
block1,11,12,189033,191909,2876
patch_queue,11,13,182127,183113,986
embedding,11,13,183113,185085,1972
block0,11,13,185085,190020,4935
block1,11,13,190020,192896,2876
patch_queue,11,14,183114,184100,986
embedding,11,14,184100,186072,1972
block0,11,14,186072,191007,4935
block1,11,14,191007,193883,2876
patch_queue,11,15,184101,185087,986
embedding,11,15,185087,187059,1972
block0,11,15,187059,191994,4935
block1,11,15,191994,194870,2876
head_hidden_first_token,11,0,180065,198163,18098
head_hidden_last_token,11,15,194870,198163,3293
head_output,11,0,198163,198905,742
serializer,11,0,198905,198963,58
patch_queue,12,0,185088,186074,986
embedding,12,0,186074,188046,1972
block0,12,0,188046,192981,4935
block1,12,0,192981,195857,2876
patch_queue,12,1,186075,187061,986
embedding,12,1,187061,189033,1972
block0,12,1,189033,193968,4935
block1,12,1,193968,196844,2876
patch_queue,12,2,187062,188048,986
embedding,12,2,188048,190020,1972
block0,12,2,190020,194955,4935
block1,12,2,194955,197831,2876
patch_queue,12,3,188049,189035,986
embedding,12,3,189035,191007,1972
block0,12,3,191007,195942,4935
block1,12,3,195942,198818,2876
patch_queue,12,4,189036,190022,986
embedding,12,4,190022,191994,1972
block0,12,4,191994,196929,4935
block1,12,4,196929,199805,2876
patch_queue,12,5,190023,191009,986
embedding,12,5,191009,192981,1972
block0,12,5,192981,197916,4935
block1,12,5,197916,200792,2876
patch_queue,12,6,191010,191996,986
embedding,12,6,191996,193968,1972
block0,12,6,193968,198903,4935
block1,12,6,198903,201779,2876
patch_queue,12,7,191997,192983,986
embedding,12,7,192983,194955,1972
block0,12,7,194955,199890,4935
block1,12,7,199890,202766,2876
patch_queue,12,8,192984,193970,986
embedding,12,8,193970,195942,1972
block0,12,8,195942,200877,4935
block1,12,8,200877,203753,2876
patch_queue,12,9,193971,194957,986
embedding,12,9,194957,196929,1972
block0,12,9,196929,201864,4935
block1,12,9,201864,204740,2876
patch_queue,12,10,194958,195944,986
embedding,12,10,195944,197916,1972
block0,12,10,197916,202851,4935
block1,12,10,202851,205727,2876
patch_queue,12,11,195945,196931,986
embedding,12,11,196931,198903,1972
block0,12,11,198903,203838,4935
block1,12,11,203838,206714,2876
patch_queue,12,12,196932,197918,986
embedding,12,12,197918,199890,1972
block0,12,12,199890,204825,4935
block1,12,12,204825,207701,2876
patch_queue,12,13,197919,198905,986
embedding,12,13,198905,200877,1972
block0,12,13,200877,205812,4935
block1,12,13,205812,208688,2876
patch_queue,12,14,198906,199892,986
embedding,12,14,199892,201864,1972
block0,12,14,201864,206799,4935
block1,12,14,206799,209675,2876
patch_queue,12,15,199893,200879,986
embedding,12,15,200879,202851,1972
block0,12,15,202851,207786,4935
block1,12,15,207786,210662,2876
head_hidden_first_token,12,0,195857,213955,18098
head_hidden_last_token,12,15,210662,213955,3293
head_output,12,0,213955,214697,742
serializer,12,0,214697,214755,58
patch_queue,13,0,200880,201866,986
embedding,13,0,201866,203838,1972
block0,13,0,203838,208773,4935
block1,13,0,208773,211649,2876
patch_queue,13,1,201867,202853,986
embedding,13,1,202853,204825,1972
block0,13,1,204825,209760,4935
block1,13,1,209760,212636,2876
patch_queue,13,2,202854,203840,986
embedding,13,2,203840,205812,1972
block0,13,2,205812,210747,4935
block1,13,2,210747,213623,2876
patch_queue,13,3,203841,204827,986
embedding,13,3,204827,206799,1972
block0,13,3,206799,211734,4935
block1,13,3,211734,214610,2876
patch_queue,13,4,204828,205814,986
embedding,13,4,205814,207786,1972
block0,13,4,207786,212721,4935
block1,13,4,212721,215597,2876
patch_queue,13,5,205815,206801,986
embedding,13,5,206801,208773,1972
block0,13,5,208773,213708,4935
block1,13,5,213708,216584,2876
patch_queue,13,6,206802,207788,986
embedding,13,6,207788,209760,1972
block0,13,6,209760,214695,4935
block1,13,6,214695,217571,2876
patch_queue,13,7,207789,208775,986
embedding,13,7,208775,210747,1972
block0,13,7,210747,215682,4935
block1,13,7,215682,218558,2876
patch_queue,13,8,208776,209762,986
embedding,13,8,209762,211734,1972
block0,13,8,211734,216669,4935
block1,13,8,216669,219545,2876
patch_queue,13,9,209763,210749,986
embedding,13,9,210749,212721,1972
block0,13,9,212721,217656,4935
block1,13,9,217656,220532,2876
patch_queue,13,10,210750,211736,986
embedding,13,10,211736,213708,1972
block0,13,10,213708,218643,4935
block1,13,10,218643,221519,2876
patch_queue,13,11,211737,212723,986
embedding,13,11,212723,214695,1972
block0,13,11,214695,219630,4935
block1,13,11,219630,222506,2876
patch_queue,13,12,212724,213710,986
embedding,13,12,213710,215682,1972
block0,13,12,215682,220617,4935
block1,13,12,220617,223493,2876
patch_queue,13,13,213711,214697,986
embedding,13,13,214697,216669,1972
block0,13,13,216669,221604,4935
block1,13,13,221604,224480,2876
patch_queue,13,14,214698,215684,986
embedding,13,14,215684,217656,1972
block0,13,14,217656,222591,4935
block1,13,14,222591,225467,2876
patch_queue,13,15,215685,216671,986
embedding,13,15,216671,218643,1972
block0,13,15,218643,223578,4935
block1,13,15,223578,226454,2876
head_hidden_first_token,13,0,211649,229747,18098
head_hidden_last_token,13,15,226454,229747,3293
head_output,13,0,229747,230489,742
serializer,13,0,230489,230547,58
patch_queue,14,0,216672,217658,986
embedding,14,0,217658,219630,1972
block0,14,0,219630,224565,4935
block1,14,0,224565,227441,2876
patch_queue,14,1,217659,218645,986
embedding,14,1,218645,220617,1972
block0,14,1,220617,225552,4935
block1,14,1,225552,228428,2876
patch_queue,14,2,218646,219632,986
embedding,14,2,219632,221604,1972
block0,14,2,221604,226539,4935
block1,14,2,226539,229415,2876
patch_queue,14,3,219633,220619,986
embedding,14,3,220619,222591,1972
block0,14,3,222591,227526,4935
block1,14,3,227526,230402,2876
patch_queue,14,4,220620,221606,986
embedding,14,4,221606,223578,1972
block0,14,4,223578,228513,4935
block1,14,4,228513,231389,2876
patch_queue,14,5,221607,222593,986
embedding,14,5,222593,224565,1972
block0,14,5,224565,229500,4935
block1,14,5,229500,232376,2876
patch_queue,14,6,222594,223580,986
embedding,14,6,223580,225552,1972
block0,14,6,225552,230487,4935
block1,14,6,230487,233363,2876
patch_queue,14,7,223581,224567,986
embedding,14,7,224567,226539,1972
block0,14,7,226539,231474,4935
block1,14,7,231474,234350,2876
patch_queue,14,8,224568,225554,986
embedding,14,8,225554,227526,1972
block0,14,8,227526,232461,4935
block1,14,8,232461,235337,2876
patch_queue,14,9,225555,226541,986
embedding,14,9,226541,228513,1972
block0,14,9,228513,233448,4935
block1,14,9,233448,236324,2876
patch_queue,14,10,226542,227528,986
embedding,14,10,227528,229500,1972
block0,14,10,229500,234435,4935
block1,14,10,234435,237311,2876
patch_queue,14,11,227529,228515,986
embedding,14,11,228515,230487,1972
block0,14,11,230487,235422,4935
block1,14,11,235422,238298,2876
patch_queue,14,12,228516,229502,986
embedding,14,12,229502,231474,1972
block0,14,12,231474,236409,4935
block1,14,12,236409,239285,2876
patch_queue,14,13,229503,230489,986
embedding,14,13,230489,232461,1972
block0,14,13,232461,237396,4935
block1,14,13,237396,240272,2876
patch_queue,14,14,230490,231476,986
embedding,14,14,231476,233448,1972
block0,14,14,233448,238383,4935
block1,14,14,238383,241259,2876
patch_queue,14,15,231477,232463,986
embedding,14,15,232463,234435,1972
block0,14,15,234435,239370,4935
block1,14,15,239370,242246,2876
head_hidden_first_token,14,0,227441,245539,18098
head_hidden_last_token,14,15,242246,245539,3293
head_output,14,0,245539,246281,742
serializer,14,0,246281,246339,58
patch_queue,15,0,232464,233450,986
embedding,15,0,233450,235422,1972
block0,15,0,235422,240357,4935
block1,15,0,240357,243233,2876
patch_queue,15,1,233451,234437,986
embedding,15,1,234437,236409,1972
block0,15,1,236409,241344,4935
block1,15,1,241344,244220,2876
patch_queue,15,2,234438,235424,986
embedding,15,2,235424,237396,1972
block0,15,2,237396,242331,4935
block1,15,2,242331,245207,2876
patch_queue,15,3,235425,236411,986
embedding,15,3,236411,238383,1972
block0,15,3,238383,243318,4935
block1,15,3,243318,246194,2876
patch_queue,15,4,236412,237398,986
embedding,15,4,237398,239370,1972
block0,15,4,239370,244305,4935
block1,15,4,244305,247181,2876
patch_queue,15,5,237399,238385,986
embedding,15,5,238385,240357,1972
block0,15,5,240357,245292,4935
block1,15,5,245292,248168,2876
patch_queue,15,6,238386,239372,986
embedding,15,6,239372,241344,1972
block0,15,6,241344,246279,4935
block1,15,6,246279,249155,2876
patch_queue,15,7,239373,240359,986
embedding,15,7,240359,242331,1972
block0,15,7,242331,247266,4935
block1,15,7,247266,250142,2876
patch_queue,15,8,240360,241346,986
embedding,15,8,241346,243318,1972
block0,15,8,243318,248253,4935
block1,15,8,248253,251129,2876
patch_queue,15,9,241347,242333,986
embedding,15,9,242333,244305,1972
block0,15,9,244305,249240,4935
block1,15,9,249240,252116,2876
patch_queue,15,10,242334,243320,986
embedding,15,10,243320,245292,1972
block0,15,10,245292,250227,4935
block1,15,10,250227,253103,2876
patch_queue,15,11,243321,244307,986
embedding,15,11,244307,246279,1972
block0,15,11,246279,251214,4935
block1,15,11,251214,254090,2876
patch_queue,15,12,244308,245294,986
embedding,15,12,245294,247266,1972
block0,15,12,247266,252201,4935
block1,15,12,252201,255077,2876
patch_queue,15,13,245295,246281,986
embedding,15,13,246281,248253,1972
block0,15,13,248253,253188,4935
block1,15,13,253188,256064,2876
patch_queue,15,14,246282,247268,986
embedding,15,14,247268,249240,1972
block0,15,14,249240,254175,4935
block1,15,14,254175,257051,2876
patch_queue,15,15,247269,248255,986
embedding,15,15,248255,250227,1972
block0,15,15,250227,255162,4935
block1,15,15,255162,258038,2876
head_hidden_first_token,15,0,243233,261331,18098
head_hidden_last_token,15,15,258038,261331,3293
head_output,15,0,261331,262073,742
serializer,15,0,262073,262131,58
patch_queue,16,0,248256,249242,986
embedding,16,0,249242,251214,1972
block0,16,0,251214,256149,4935
block1,16,0,256149,259025,2876
patch_queue,16,1,249243,250229,986
embedding,16,1,250229,252201,1972
block0,16,1,252201,257136,4935
block1,16,1,257136,260012,2876
patch_queue,16,2,250230,251216,986
embedding,16,2,251216,253188,1972
block0,16,2,253188,258123,4935
block1,16,2,258123,260999,2876
patch_queue,16,3,251217,252203,986
embedding,16,3,252203,254175,1972
block0,16,3,254175,259110,4935
block1,16,3,259110,261986,2876
patch_queue,16,4,252204,253190,986
embedding,16,4,253190,255162,1972
block0,16,4,255162,260097,4935
block1,16,4,260097,262973,2876
patch_queue,16,5,253191,254177,986
embedding,16,5,254177,256149,1972
block0,16,5,256149,261084,4935
block1,16,5,261084,263960,2876
patch_queue,16,6,254178,255164,986
embedding,16,6,255164,257136,1972
block0,16,6,257136,262071,4935
block1,16,6,262071,264947,2876
patch_queue,16,7,255165,256151,986
embedding,16,7,256151,258123,1972
block0,16,7,258123,263058,4935
block1,16,7,263058,265934,2876
patch_queue,16,8,256152,257138,986
embedding,16,8,257138,259110,1972
block0,16,8,259110,264045,4935
block1,16,8,264045,266921,2876
patch_queue,16,9,257139,258125,986
embedding,16,9,258125,260097,1972
block0,16,9,260097,265032,4935
block1,16,9,265032,267908,2876
patch_queue,16,10,258126,259112,986
embedding,16,10,259112,261084,1972
block0,16,10,261084,266019,4935
block1,16,10,266019,268895,2876
patch_queue,16,11,259113,260099,986
embedding,16,11,260099,262071,1972
block0,16,11,262071,267006,4935
block1,16,11,267006,269882,2876
patch_queue,16,12,260100,261086,986
embedding,16,12,261086,263058,1972
block0,16,12,263058,267993,4935
block1,16,12,267993,270869,2876
patch_queue,16,13,261087,262073,986
embedding,16,13,262073,264045,1972
block0,16,13,264045,268980,4935
block1,16,13,268980,271856,2876
patch_queue,16,14,262074,263060,986
embedding,16,14,263060,265032,1972
block0,16,14,265032,269967,4935
block1,16,14,269967,272843,2876
patch_queue,16,15,263061,264047,986
embedding,16,15,264047,266019,1972
block0,16,15,266019,270954,4935
block1,16,15,270954,273830,2876
head_hidden_first_token,16,0,259025,277123,18098
head_hidden_last_token,16,15,273830,277123,3293
head_output,16,0,277123,277865,742
serializer,16,0,277865,277923,58
patch_queue,17,0,264048,265034,986
embedding,17,0,265034,267006,1972
block0,17,0,267006,271941,4935
block1,17,0,271941,274817,2876
patch_queue,17,1,265035,266021,986
embedding,17,1,266021,267993,1972
block0,17,1,267993,272928,4935
block1,17,1,272928,275804,2876
patch_queue,17,2,266022,267008,986
embedding,17,2,267008,268980,1972
block0,17,2,268980,273915,4935
block1,17,2,273915,276791,2876
patch_queue,17,3,267009,267995,986
embedding,17,3,267995,269967,1972
block0,17,3,269967,274902,4935
block1,17,3,274902,277778,2876
patch_queue,17,4,267996,268982,986
embedding,17,4,268982,270954,1972
block0,17,4,270954,275889,4935
block1,17,4,275889,278765,2876
patch_queue,17,5,268983,269969,986
embedding,17,5,269969,271941,1972
block0,17,5,271941,276876,4935
block1,17,5,276876,279752,2876
patch_queue,17,6,269970,270956,986
embedding,17,6,270956,272928,1972
block0,17,6,272928,277863,4935
block1,17,6,277863,280739,2876
patch_queue,17,7,270957,271943,986
embedding,17,7,271943,273915,1972
block0,17,7,273915,278850,4935
block1,17,7,278850,281726,2876
patch_queue,17,8,271944,272930,986
embedding,17,8,272930,274902,1972
block0,17,8,274902,279837,4935
block1,17,8,279837,282713,2876
patch_queue,17,9,272931,273917,986
embedding,17,9,273917,275889,1972
block0,17,9,275889,280824,4935
block1,17,9,280824,283700,2876
patch_queue,17,10,273918,274904,986
embedding,17,10,274904,276876,1972
block0,17,10,276876,281811,4935
block1,17,10,281811,284687,2876
patch_queue,17,11,274905,275891,986
embedding,17,11,275891,277863,1972
block0,17,11,277863,282798,4935
block1,17,11,282798,285674,2876
patch_queue,17,12,275892,276878,986
embedding,17,12,276878,278850,1972
block0,17,12,278850,283785,4935
block1,17,12,283785,286661,2876
patch_queue,17,13,276879,277865,986
embedding,17,13,277865,279837,1972
block0,17,13,279837,284772,4935
block1,17,13,284772,287648,2876
patch_queue,17,14,277866,278852,986
embedding,17,14,278852,280824,1972
block0,17,14,280824,285759,4935
block1,17,14,285759,288635,2876
patch_queue,17,15,278853,279839,986
embedding,17,15,279839,281811,1972
block0,17,15,281811,286746,4935
block1,17,15,286746,289622,2876
head_hidden_first_token,17,0,274817,292915,18098
head_hidden_last_token,17,15,289622,292915,3293
head_output,17,0,292915,293657,742
serializer,17,0,293657,293715,58
patch_queue,18,0,279840,280826,986
embedding,18,0,280826,282798,1972
block0,18,0,282798,287733,4935
block1,18,0,287733,290609,2876
patch_queue,18,1,280827,281813,986
embedding,18,1,281813,283785,1972
block0,18,1,283785,288720,4935
block1,18,1,288720,291596,2876
patch_queue,18,2,281814,282800,986
embedding,18,2,282800,284772,1972
block0,18,2,284772,289707,4935
block1,18,2,289707,292583,2876
patch_queue,18,3,282801,283787,986
embedding,18,3,283787,285759,1972
block0,18,3,285759,290694,4935
block1,18,3,290694,293570,2876
patch_queue,18,4,283788,284774,986
embedding,18,4,284774,286746,1972
block0,18,4,286746,291681,4935
block1,18,4,291681,294557,2876
patch_queue,18,5,284775,285761,986
embedding,18,5,285761,287733,1972
block0,18,5,287733,292668,4935
block1,18,5,292668,295544,2876
patch_queue,18,6,285762,286748,986
embedding,18,6,286748,288720,1972
block0,18,6,288720,293655,4935
block1,18,6,293655,296531,2876
patch_queue,18,7,286749,287735,986
embedding,18,7,287735,289707,1972
block0,18,7,289707,294642,4935
block1,18,7,294642,297518,2876
patch_queue,18,8,287736,288722,986
embedding,18,8,288722,290694,1972
block0,18,8,290694,295629,4935
block1,18,8,295629,298505,2876
patch_queue,18,9,288723,289709,986
embedding,18,9,289709,291681,1972
block0,18,9,291681,296616,4935
block1,18,9,296616,299492,2876
patch_queue,18,10,289710,290696,986
embedding,18,10,290696,292668,1972
block0,18,10,292668,297603,4935
block1,18,10,297603,300479,2876
patch_queue,18,11,290697,291683,986
embedding,18,11,291683,293655,1972
block0,18,11,293655,298590,4935
block1,18,11,298590,301466,2876
patch_queue,18,12,291684,292670,986
embedding,18,12,292670,294642,1972
block0,18,12,294642,299577,4935
block1,18,12,299577,302453,2876
patch_queue,18,13,292671,293657,986
embedding,18,13,293657,295629,1972
block0,18,13,295629,300564,4935
block1,18,13,300564,303440,2876
patch_queue,18,14,293658,294644,986
embedding,18,14,294644,296616,1972
block0,18,14,296616,301551,4935
block1,18,14,301551,304427,2876
patch_queue,18,15,294645,295631,986
embedding,18,15,295631,297603,1972
block0,18,15,297603,302538,4935
block1,18,15,302538,305414,2876
head_hidden_first_token,18,0,290609,308707,18098
head_hidden_last_token,18,15,305414,308707,3293
head_output,18,0,308707,309449,742
serializer,18,0,309449,309507,58
patch_queue,19,0,295632,296618,986
embedding,19,0,296618,298590,1972
block0,19,0,298590,303525,4935
block1,19,0,303525,306401,2876
patch_queue,19,1,296619,297605,986
embedding,19,1,297605,299577,1972
block0,19,1,299577,304512,4935
block1,19,1,304512,307388,2876
patch_queue,19,2,297606,298592,986
embedding,19,2,298592,300564,1972
block0,19,2,300564,305499,4935
block1,19,2,305499,308375,2876
patch_queue,19,3,298593,299579,986
embedding,19,3,299579,301551,1972
block0,19,3,301551,306486,4935
block1,19,3,306486,309362,2876
patch_queue,19,4,299580,300566,986
embedding,19,4,300566,302538,1972
block0,19,4,302538,307473,4935
block1,19,4,307473,310349,2876
patch_queue,19,5,300567,301553,986
embedding,19,5,301553,303525,1972
block0,19,5,303525,308460,4935
block1,19,5,308460,311336,2876
patch_queue,19,6,301554,302540,986
embedding,19,6,302540,304512,1972
block0,19,6,304512,309447,4935
block1,19,6,309447,312323,2876
patch_queue,19,7,302541,303527,986
embedding,19,7,303527,305499,1972
block0,19,7,305499,310434,4935
block1,19,7,310434,313310,2876
patch_queue,19,8,303528,304514,986
embedding,19,8,304514,306486,1972
block0,19,8,306486,311421,4935
block1,19,8,311421,314297,2876
patch_queue,19,9,304515,305501,986
embedding,19,9,305501,307473,1972
block0,19,9,307473,312408,4935
block1,19,9,312408,315284,2876
patch_queue,19,10,305502,306488,986
embedding,19,10,306488,308460,1972
block0,19,10,308460,313395,4935
block1,19,10,313395,316271,2876
patch_queue,19,11,306489,307475,986
embedding,19,11,307475,309447,1972
block0,19,11,309447,314382,4935
block1,19,11,314382,317258,2876
patch_queue,19,12,307476,308462,986
embedding,19,12,308462,310434,1972
block0,19,12,310434,315369,4935
block1,19,12,315369,318245,2876
patch_queue,19,13,308463,309449,986
embedding,19,13,309449,311421,1972
block0,19,13,311421,316356,4935
block1,19,13,316356,319232,2876
patch_queue,19,14,309450,310436,986
embedding,19,14,310436,312408,1972
block0,19,14,312408,317343,4935
block1,19,14,317343,320219,2876
patch_queue,19,15,310437,311423,986
embedding,19,15,311423,313395,1972
block0,19,15,313395,318330,4935
block1,19,15,318330,321206,2876
head_hidden_first_token,19,0,306401,324499,18098
head_hidden_last_token,19,15,321206,324499,3293
head_output,19,0,324499,325241,742
serializer,19,0,325241,325299,58
patch_queue,20,0,311424,312410,986
embedding,20,0,312410,314382,1972
block0,20,0,314382,319317,4935
block1,20,0,319317,322193,2876
patch_queue,20,1,312411,313397,986
embedding,20,1,313397,315369,1972
block0,20,1,315369,320304,4935
block1,20,1,320304,323180,2876
patch_queue,20,2,313398,314384,986
embedding,20,2,314384,316356,1972
block0,20,2,316356,321291,4935
block1,20,2,321291,324167,2876
patch_queue,20,3,314385,315371,986
embedding,20,3,315371,317343,1972
block0,20,3,317343,322278,4935
block1,20,3,322278,325154,2876
patch_queue,20,4,315372,316358,986
embedding,20,4,316358,318330,1972
block0,20,4,318330,323265,4935
block1,20,4,323265,326141,2876
patch_queue,20,5,316359,317345,986
embedding,20,5,317345,319317,1972
block0,20,5,319317,324252,4935
block1,20,5,324252,327128,2876
patch_queue,20,6,317346,318332,986
embedding,20,6,318332,320304,1972
block0,20,6,320304,325239,4935
block1,20,6,325239,328115,2876
patch_queue,20,7,318333,319319,986
embedding,20,7,319319,321291,1972
block0,20,7,321291,326226,4935
block1,20,7,326226,329102,2876
patch_queue,20,8,319320,320306,986
embedding,20,8,320306,322278,1972
block0,20,8,322278,327213,4935
block1,20,8,327213,330089,2876
patch_queue,20,9,320307,321293,986
embedding,20,9,321293,323265,1972
block0,20,9,323265,328200,4935
block1,20,9,328200,331076,2876
patch_queue,20,10,321294,322280,986
embedding,20,10,322280,324252,1972
block0,20,10,324252,329187,4935
block1,20,10,329187,332063,2876
patch_queue,20,11,322281,323267,986
embedding,20,11,323267,325239,1972
block0,20,11,325239,330174,4935
block1,20,11,330174,333050,2876
patch_queue,20,12,323268,324254,986
embedding,20,12,324254,326226,1972
block0,20,12,326226,331161,4935
block1,20,12,331161,334037,2876
patch_queue,20,13,324255,325241,986
embedding,20,13,325241,327213,1972
block0,20,13,327213,332148,4935
block1,20,13,332148,335024,2876
patch_queue,20,14,325242,326228,986
embedding,20,14,326228,328200,1972
block0,20,14,328200,333135,4935
block1,20,14,333135,336011,2876
patch_queue,20,15,326229,327215,986
embedding,20,15,327215,329187,1972
block0,20,15,329187,334122,4935
block1,20,15,334122,336998,2876
head_hidden_first_token,20,0,322193,340291,18098
head_hidden_last_token,20,15,336998,340291,3293
head_output,20,0,340291,341033,742
serializer,20,0,341033,341091,58
patch_queue,21,0,327216,328202,986
embedding,21,0,328202,330174,1972
block0,21,0,330174,335109,4935
block1,21,0,335109,337985,2876
patch_queue,21,1,328203,329189,986
embedding,21,1,329189,331161,1972
block0,21,1,331161,336096,4935
block1,21,1,336096,338972,2876
patch_queue,21,2,329190,330176,986
embedding,21,2,330176,332148,1972
block0,21,2,332148,337083,4935
block1,21,2,337083,339959,2876
patch_queue,21,3,330177,331163,986
embedding,21,3,331163,333135,1972
block0,21,3,333135,338070,4935
block1,21,3,338070,340946,2876
patch_queue,21,4,331164,332150,986
embedding,21,4,332150,334122,1972
block0,21,4,334122,339057,4935
block1,21,4,339057,341933,2876
patch_queue,21,5,332151,333137,986
embedding,21,5,333137,335109,1972
block0,21,5,335109,340044,4935
block1,21,5,340044,342920,2876
patch_queue,21,6,333138,334124,986
embedding,21,6,334124,336096,1972
block0,21,6,336096,341031,4935
block1,21,6,341031,343907,2876
patch_queue,21,7,334125,335111,986
embedding,21,7,335111,337083,1972
block0,21,7,337083,342018,4935
block1,21,7,342018,344894,2876
patch_queue,21,8,335112,336098,986
embedding,21,8,336098,338070,1972
block0,21,8,338070,343005,4935
block1,21,8,343005,345881,2876
patch_queue,21,9,336099,337085,986
embedding,21,9,337085,339057,1972
block0,21,9,339057,343992,4935
block1,21,9,343992,346868,2876
patch_queue,21,10,337086,338072,986
embedding,21,10,338072,340044,1972
block0,21,10,340044,344979,4935
block1,21,10,344979,347855,2876
patch_queue,21,11,338073,339059,986
embedding,21,11,339059,341031,1972
block0,21,11,341031,345966,4935
block1,21,11,345966,348842,2876
patch_queue,21,12,339060,340046,986
embedding,21,12,340046,342018,1972
block0,21,12,342018,346953,4935
block1,21,12,346953,349829,2876
patch_queue,21,13,340047,341033,986
embedding,21,13,341033,343005,1972
block0,21,13,343005,347940,4935
block1,21,13,347940,350816,2876
patch_queue,21,14,341034,342020,986
embedding,21,14,342020,343992,1972
block0,21,14,343992,348927,4935
block1,21,14,348927,351803,2876
patch_queue,21,15,342021,343007,986
embedding,21,15,343007,344979,1972
block0,21,15,344979,349914,4935
block1,21,15,349914,352790,2876
head_hidden_first_token,21,0,337985,356083,18098
head_hidden_last_token,21,15,352790,356083,3293
head_output,21,0,356083,356825,742
serializer,21,0,356825,356883,58
patch_queue,22,0,343008,343994,986
embedding,22,0,343994,345966,1972
block0,22,0,345966,350901,4935
block1,22,0,350901,353777,2876
patch_queue,22,1,343995,344981,986
embedding,22,1,344981,346953,1972
block0,22,1,346953,351888,4935
block1,22,1,351888,354764,2876
patch_queue,22,2,344982,345968,986
embedding,22,2,345968,347940,1972
block0,22,2,347940,352875,4935
block1,22,2,352875,355751,2876
patch_queue,22,3,345969,346955,986
embedding,22,3,346955,348927,1972
block0,22,3,348927,353862,4935
block1,22,3,353862,356738,2876
patch_queue,22,4,346956,347942,986
embedding,22,4,347942,349914,1972
block0,22,4,349914,354849,4935
block1,22,4,354849,357725,2876
patch_queue,22,5,347943,348929,986
embedding,22,5,348929,350901,1972
block0,22,5,350901,355836,4935
block1,22,5,355836,358712,2876
patch_queue,22,6,348930,349916,986
embedding,22,6,349916,351888,1972
block0,22,6,351888,356823,4935
block1,22,6,356823,359699,2876
patch_queue,22,7,349917,350903,986
embedding,22,7,350903,352875,1972
block0,22,7,352875,357810,4935
block1,22,7,357810,360686,2876
patch_queue,22,8,350904,351890,986
embedding,22,8,351890,353862,1972
block0,22,8,353862,358797,4935
block1,22,8,358797,361673,2876
patch_queue,22,9,351891,352877,986
embedding,22,9,352877,354849,1972
block0,22,9,354849,359784,4935
block1,22,9,359784,362660,2876
patch_queue,22,10,352878,353864,986
embedding,22,10,353864,355836,1972
block0,22,10,355836,360771,4935
block1,22,10,360771,363647,2876
patch_queue,22,11,353865,354851,986
embedding,22,11,354851,356823,1972
block0,22,11,356823,361758,4935
block1,22,11,361758,364634,2876
patch_queue,22,12,354852,355838,986
embedding,22,12,355838,357810,1972
block0,22,12,357810,362745,4935
block1,22,12,362745,365621,2876
patch_queue,22,13,355839,356825,986
embedding,22,13,356825,358797,1972
block0,22,13,358797,363732,4935
block1,22,13,363732,366608,2876
patch_queue,22,14,356826,357812,986
embedding,22,14,357812,359784,1972
block0,22,14,359784,364719,4935
block1,22,14,364719,367595,2876
patch_queue,22,15,357813,358799,986
embedding,22,15,358799,360771,1972
block0,22,15,360771,365706,4935
block1,22,15,365706,368582,2876
head_hidden_first_token,22,0,353777,371875,18098
head_hidden_last_token,22,15,368582,371875,3293
head_output,22,0,371875,372617,742
serializer,22,0,372617,372675,58
patch_queue,23,0,358800,359786,986
embedding,23,0,359786,361758,1972
block0,23,0,361758,366693,4935
block1,23,0,366693,369569,2876
patch_queue,23,1,359787,360773,986
embedding,23,1,360773,362745,1972
block0,23,1,362745,367680,4935
block1,23,1,367680,370556,2876
patch_queue,23,2,360774,361760,986
embedding,23,2,361760,363732,1972
block0,23,2,363732,368667,4935
block1,23,2,368667,371543,2876
patch_queue,23,3,361761,362747,986
embedding,23,3,362747,364719,1972
block0,23,3,364719,369654,4935
block1,23,3,369654,372530,2876
patch_queue,23,4,362748,363734,986
embedding,23,4,363734,365706,1972
block0,23,4,365706,370641,4935
block1,23,4,370641,373517,2876
patch_queue,23,5,363735,364721,986
embedding,23,5,364721,366693,1972
block0,23,5,366693,371628,4935
block1,23,5,371628,374504,2876
patch_queue,23,6,364722,365708,986
embedding,23,6,365708,367680,1972
block0,23,6,367680,372615,4935
block1,23,6,372615,375491,2876
patch_queue,23,7,365709,366695,986
embedding,23,7,366695,368667,1972
block0,23,7,368667,373602,4935
block1,23,7,373602,376478,2876
patch_queue,23,8,366696,367682,986
embedding,23,8,367682,369654,1972
block0,23,8,369654,374589,4935
block1,23,8,374589,377465,2876
patch_queue,23,9,367683,368669,986
embedding,23,9,368669,370641,1972
block0,23,9,370641,375576,4935
block1,23,9,375576,378452,2876
patch_queue,23,10,368670,369656,986
embedding,23,10,369656,371628,1972
block0,23,10,371628,376563,4935
block1,23,10,376563,379439,2876
patch_queue,23,11,369657,370643,986
embedding,23,11,370643,372615,1972
block0,23,11,372615,377550,4935
block1,23,11,377550,380426,2876
patch_queue,23,12,370644,371630,986
embedding,23,12,371630,373602,1972
block0,23,12,373602,378537,4935
block1,23,12,378537,381413,2876
patch_queue,23,13,371631,372617,986
embedding,23,13,372617,374589,1972
block0,23,13,374589,379524,4935
block1,23,13,379524,382400,2876
patch_queue,23,14,372618,373604,986
embedding,23,14,373604,375576,1972
block0,23,14,375576,380511,4935
block1,23,14,380511,383387,2876
patch_queue,23,15,373605,374591,986
embedding,23,15,374591,376563,1972
block0,23,15,376563,381498,4935
block1,23,15,381498,384374,2876
head_hidden_first_token,23,0,369569,387667,18098
head_hidden_last_token,23,15,384374,387667,3293
head_output,23,0,387667,388409,742
serializer,23,0,388409,388467,58
patch_queue,24,0,374592,375578,986
embedding,24,0,375578,377550,1972
block0,24,0,377550,382485,4935
block1,24,0,382485,385361,2876
patch_queue,24,1,375579,376565,986
embedding,24,1,376565,378537,1972
block0,24,1,378537,383472,4935
block1,24,1,383472,386348,2876
patch_queue,24,2,376566,377552,986
embedding,24,2,377552,379524,1972
block0,24,2,379524,384459,4935
block1,24,2,384459,387335,2876
patch_queue,24,3,377553,378539,986
embedding,24,3,378539,380511,1972
block0,24,3,380511,385446,4935
block1,24,3,385446,388322,2876
patch_queue,24,4,378540,379526,986
embedding,24,4,379526,381498,1972
block0,24,4,381498,386433,4935
block1,24,4,386433,389309,2876
patch_queue,24,5,379527,380513,986
embedding,24,5,380513,382485,1972
block0,24,5,382485,387420,4935
block1,24,5,387420,390296,2876
patch_queue,24,6,380514,381500,986
embedding,24,6,381500,383472,1972
block0,24,6,383472,388407,4935
block1,24,6,388407,391283,2876
patch_queue,24,7,381501,382487,986
embedding,24,7,382487,384459,1972
block0,24,7,384459,389394,4935
block1,24,7,389394,392270,2876
patch_queue,24,8,382488,383474,986
embedding,24,8,383474,385446,1972
block0,24,8,385446,390381,4935
block1,24,8,390381,393257,2876
patch_queue,24,9,383475,384461,986
embedding,24,9,384461,386433,1972
block0,24,9,386433,391368,4935
block1,24,9,391368,394244,2876
patch_queue,24,10,384462,385448,986
embedding,24,10,385448,387420,1972
block0,24,10,387420,392355,4935
block1,24,10,392355,395231,2876
patch_queue,24,11,385449,386435,986
embedding,24,11,386435,388407,1972
block0,24,11,388407,393342,4935
block1,24,11,393342,396218,2876
patch_queue,24,12,386436,387422,986
embedding,24,12,387422,389394,1972
block0,24,12,389394,394329,4935
block1,24,12,394329,397205,2876
patch_queue,24,13,387423,388409,986
embedding,24,13,388409,390381,1972
block0,24,13,390381,395316,4935
block1,24,13,395316,398192,2876
patch_queue,24,14,388410,389396,986
embedding,24,14,389396,391368,1972
block0,24,14,391368,396303,4935
block1,24,14,396303,399179,2876
patch_queue,24,15,389397,390383,986
embedding,24,15,390383,392355,1972
block0,24,15,392355,397290,4935
block1,24,15,397290,400166,2876
head_hidden_first_token,24,0,385361,403459,18098
head_hidden_last_token,24,15,400166,403459,3293
head_output,24,0,403459,404201,742
serializer,24,0,404201,404259,58
patch_queue,25,0,390384,391370,986
embedding,25,0,391370,393342,1972
block0,25,0,393342,398277,4935
block1,25,0,398277,401153,2876
patch_queue,25,1,391371,392357,986
embedding,25,1,392357,394329,1972
block0,25,1,394329,399264,4935
block1,25,1,399264,402140,2876
patch_queue,25,2,392358,393344,986
embedding,25,2,393344,395316,1972
block0,25,2,395316,400251,4935
block1,25,2,400251,403127,2876
patch_queue,25,3,393345,394331,986
embedding,25,3,394331,396303,1972
block0,25,3,396303,401238,4935
block1,25,3,401238,404114,2876
patch_queue,25,4,394332,395318,986
embedding,25,4,395318,397290,1972
block0,25,4,397290,402225,4935
block1,25,4,402225,405101,2876
patch_queue,25,5,395319,396305,986
embedding,25,5,396305,398277,1972
block0,25,5,398277,403212,4935
block1,25,5,403212,406088,2876
patch_queue,25,6,396306,397292,986
embedding,25,6,397292,399264,1972
block0,25,6,399264,404199,4935
block1,25,6,404199,407075,2876
patch_queue,25,7,397293,398279,986
embedding,25,7,398279,400251,1972
block0,25,7,400251,405186,4935
block1,25,7,405186,408062,2876
patch_queue,25,8,398280,399266,986
embedding,25,8,399266,401238,1972
block0,25,8,401238,406173,4935
block1,25,8,406173,409049,2876
patch_queue,25,9,399267,400253,986
embedding,25,9,400253,402225,1972
block0,25,9,402225,407160,4935
block1,25,9,407160,410036,2876
patch_queue,25,10,400254,401240,986
embedding,25,10,401240,403212,1972
block0,25,10,403212,408147,4935
block1,25,10,408147,411023,2876
patch_queue,25,11,401241,402227,986
embedding,25,11,402227,404199,1972
block0,25,11,404199,409134,4935
block1,25,11,409134,412010,2876
patch_queue,25,12,402228,403214,986
embedding,25,12,403214,405186,1972
block0,25,12,405186,410121,4935
block1,25,12,410121,412997,2876
patch_queue,25,13,403215,404201,986
embedding,25,13,404201,406173,1972
block0,25,13,406173,411108,4935
block1,25,13,411108,413984,2876
patch_queue,25,14,404202,405188,986
embedding,25,14,405188,407160,1972
block0,25,14,407160,412095,4935
block1,25,14,412095,414971,2876
patch_queue,25,15,405189,406175,986
embedding,25,15,406175,408147,1972
block0,25,15,408147,413082,4935
block1,25,15,413082,415958,2876
head_hidden_first_token,25,0,401153,419251,18098
head_hidden_last_token,25,15,415958,419251,3293
head_output,25,0,419251,419993,742
serializer,25,0,419993,420051,58
patch_queue,26,0,406176,407162,986
embedding,26,0,407162,409134,1972
block0,26,0,409134,414069,4935
block1,26,0,414069,416945,2876
patch_queue,26,1,407163,408149,986
embedding,26,1,408149,410121,1972
block0,26,1,410121,415056,4935
block1,26,1,415056,417932,2876
patch_queue,26,2,408150,409136,986
embedding,26,2,409136,411108,1972
block0,26,2,411108,416043,4935
block1,26,2,416043,418919,2876
patch_queue,26,3,409137,410123,986
embedding,26,3,410123,412095,1972
block0,26,3,412095,417030,4935
block1,26,3,417030,419906,2876
patch_queue,26,4,410124,411110,986
embedding,26,4,411110,413082,1972
block0,26,4,413082,418017,4935
block1,26,4,418017,420893,2876
patch_queue,26,5,411111,412097,986
embedding,26,5,412097,414069,1972
block0,26,5,414069,419004,4935
block1,26,5,419004,421880,2876
patch_queue,26,6,412098,413084,986
embedding,26,6,413084,415056,1972
block0,26,6,415056,419991,4935
block1,26,6,419991,422867,2876
patch_queue,26,7,413085,414071,986
embedding,26,7,414071,416043,1972
block0,26,7,416043,420978,4935
block1,26,7,420978,423854,2876
patch_queue,26,8,414072,415058,986
embedding,26,8,415058,417030,1972
block0,26,8,417030,421965,4935
block1,26,8,421965,424841,2876
patch_queue,26,9,415059,416045,986
embedding,26,9,416045,418017,1972
block0,26,9,418017,422952,4935
block1,26,9,422952,425828,2876
patch_queue,26,10,416046,417032,986
embedding,26,10,417032,419004,1972
block0,26,10,419004,423939,4935
block1,26,10,423939,426815,2876
patch_queue,26,11,417033,418019,986
embedding,26,11,418019,419991,1972
block0,26,11,419991,424926,4935
block1,26,11,424926,427802,2876
patch_queue,26,12,418020,419006,986
embedding,26,12,419006,420978,1972
block0,26,12,420978,425913,4935
block1,26,12,425913,428789,2876
patch_queue,26,13,419007,419993,986
embedding,26,13,419993,421965,1972
block0,26,13,421965,426900,4935
block1,26,13,426900,429776,2876
patch_queue,26,14,419994,420980,986
embedding,26,14,420980,422952,1972
block0,26,14,422952,427887,4935
block1,26,14,427887,430763,2876
patch_queue,26,15,420981,421967,986
embedding,26,15,421967,423939,1972
block0,26,15,423939,428874,4935
block1,26,15,428874,431750,2876
head_hidden_first_token,26,0,416945,435043,18098
head_hidden_last_token,26,15,431750,435043,3293
head_output,26,0,435043,435785,742
serializer,26,0,435785,435843,58
patch_queue,27,0,421968,422954,986
embedding,27,0,422954,424926,1972
block0,27,0,424926,429861,4935
block1,27,0,429861,432737,2876
patch_queue,27,1,422955,423941,986
embedding,27,1,423941,425913,1972
block0,27,1,425913,430848,4935
block1,27,1,430848,433724,2876
patch_queue,27,2,423942,424928,986
embedding,27,2,424928,426900,1972
block0,27,2,426900,431835,4935
block1,27,2,431835,434711,2876
patch_queue,27,3,424929,425915,986
embedding,27,3,425915,427887,1972
block0,27,3,427887,432822,4935
block1,27,3,432822,435698,2876
patch_queue,27,4,425916,426902,986
embedding,27,4,426902,428874,1972
block0,27,4,428874,433809,4935
block1,27,4,433809,436685,2876
patch_queue,27,5,426903,427889,986
embedding,27,5,427889,429861,1972
block0,27,5,429861,434796,4935
block1,27,5,434796,437672,2876
patch_queue,27,6,427890,428876,986
embedding,27,6,428876,430848,1972
block0,27,6,430848,435783,4935
block1,27,6,435783,438659,2876
patch_queue,27,7,428877,429863,986
embedding,27,7,429863,431835,1972
block0,27,7,431835,436770,4935
block1,27,7,436770,439646,2876
patch_queue,27,8,429864,430850,986
embedding,27,8,430850,432822,1972
block0,27,8,432822,437757,4935
block1,27,8,437757,440633,2876
patch_queue,27,9,430851,431837,986
embedding,27,9,431837,433809,1972
block0,27,9,433809,438744,4935
block1,27,9,438744,441620,2876
patch_queue,27,10,431838,432824,986
embedding,27,10,432824,434796,1972
block0,27,10,434796,439731,4935
block1,27,10,439731,442607,2876
patch_queue,27,11,432825,433811,986
embedding,27,11,433811,435783,1972
block0,27,11,435783,440718,4935
block1,27,11,440718,443594,2876
patch_queue,27,12,433812,434798,986
embedding,27,12,434798,436770,1972
block0,27,12,436770,441705,4935
block1,27,12,441705,444581,2876
patch_queue,27,13,434799,435785,986
embedding,27,13,435785,437757,1972
block0,27,13,437757,442692,4935
block1,27,13,442692,445568,2876
patch_queue,27,14,435786,436772,986
embedding,27,14,436772,438744,1972
block0,27,14,438744,443679,4935
block1,27,14,443679,446555,2876
patch_queue,27,15,436773,437759,986
embedding,27,15,437759,439731,1972
block0,27,15,439731,444666,4935
block1,27,15,444666,447542,2876
head_hidden_first_token,27,0,432737,450835,18098
head_hidden_last_token,27,15,447542,450835,3293
head_output,27,0,450835,451577,742
serializer,27,0,451577,451635,58
patch_queue,28,0,437760,438746,986
embedding,28,0,438746,440718,1972
block0,28,0,440718,445653,4935
block1,28,0,445653,448529,2876
patch_queue,28,1,438747,439733,986
embedding,28,1,439733,441705,1972
block0,28,1,441705,446640,4935
block1,28,1,446640,449516,2876
patch_queue,28,2,439734,440720,986
embedding,28,2,440720,442692,1972
block0,28,2,442692,447627,4935
block1,28,2,447627,450503,2876
patch_queue,28,3,440721,441707,986
embedding,28,3,441707,443679,1972
block0,28,3,443679,448614,4935
block1,28,3,448614,451490,2876
patch_queue,28,4,441708,442694,986
embedding,28,4,442694,444666,1972
block0,28,4,444666,449601,4935
block1,28,4,449601,452477,2876
patch_queue,28,5,442695,443681,986
embedding,28,5,443681,445653,1972
block0,28,5,445653,450588,4935
block1,28,5,450588,453464,2876
patch_queue,28,6,443682,444668,986
embedding,28,6,444668,446640,1972
block0,28,6,446640,451575,4935
block1,28,6,451575,454451,2876
patch_queue,28,7,444669,445655,986
embedding,28,7,445655,447627,1972
block0,28,7,447627,452562,4935
block1,28,7,452562,455438,2876
patch_queue,28,8,445656,446642,986
embedding,28,8,446642,448614,1972
block0,28,8,448614,453549,4935
block1,28,8,453549,456425,2876
patch_queue,28,9,446643,447629,986
embedding,28,9,447629,449601,1972
block0,28,9,449601,454536,4935
block1,28,9,454536,457412,2876
patch_queue,28,10,447630,448616,986
embedding,28,10,448616,450588,1972
block0,28,10,450588,455523,4935
block1,28,10,455523,458399,2876
patch_queue,28,11,448617,449603,986
embedding,28,11,449603,451575,1972
block0,28,11,451575,456510,4935
block1,28,11,456510,459386,2876
patch_queue,28,12,449604,450590,986
embedding,28,12,450590,452562,1972
block0,28,12,452562,457497,4935
block1,28,12,457497,460373,2876
patch_queue,28,13,450591,451577,986
embedding,28,13,451577,453549,1972
block0,28,13,453549,458484,4935
block1,28,13,458484,461360,2876
patch_queue,28,14,451578,452564,986
embedding,28,14,452564,454536,1972
block0,28,14,454536,459471,4935
block1,28,14,459471,462347,2876
patch_queue,28,15,452565,453551,986
embedding,28,15,453551,455523,1972
block0,28,15,455523,460458,4935
block1,28,15,460458,463334,2876
head_hidden_first_token,28,0,448529,466627,18098
head_hidden_last_token,28,15,463334,466627,3293
head_output,28,0,466627,467369,742
serializer,28,0,467369,467427,58
patch_queue,29,0,453552,454538,986
embedding,29,0,454538,456510,1972
block0,29,0,456510,461445,4935
block1,29,0,461445,464321,2876
patch_queue,29,1,454539,455525,986
embedding,29,1,455525,457497,1972
block0,29,1,457497,462432,4935
block1,29,1,462432,465308,2876
patch_queue,29,2,455526,456512,986
embedding,29,2,456512,458484,1972
block0,29,2,458484,463419,4935
block1,29,2,463419,466295,2876
patch_queue,29,3,456513,457499,986
embedding,29,3,457499,459471,1972
block0,29,3,459471,464406,4935
block1,29,3,464406,467282,2876
patch_queue,29,4,457500,458486,986
embedding,29,4,458486,460458,1972
block0,29,4,460458,465393,4935
block1,29,4,465393,468269,2876
patch_queue,29,5,458487,459473,986
embedding,29,5,459473,461445,1972
block0,29,5,461445,466380,4935
block1,29,5,466380,469256,2876
patch_queue,29,6,459474,460460,986
embedding,29,6,460460,462432,1972
block0,29,6,462432,467367,4935
block1,29,6,467367,470243,2876
patch_queue,29,7,460461,461447,986
embedding,29,7,461447,463419,1972
block0,29,7,463419,468354,4935
block1,29,7,468354,471230,2876
patch_queue,29,8,461448,462434,986
embedding,29,8,462434,464406,1972
block0,29,8,464406,469341,4935
block1,29,8,469341,472217,2876
patch_queue,29,9,462435,463421,986
embedding,29,9,463421,465393,1972
block0,29,9,465393,470328,4935
block1,29,9,470328,473204,2876
patch_queue,29,10,463422,464408,986
embedding,29,10,464408,466380,1972
block0,29,10,466380,471315,4935
block1,29,10,471315,474191,2876
patch_queue,29,11,464409,465395,986
embedding,29,11,465395,467367,1972
block0,29,11,467367,472302,4935
block1,29,11,472302,475178,2876
patch_queue,29,12,465396,466382,986
embedding,29,12,466382,468354,1972
block0,29,12,468354,473289,4935
block1,29,12,473289,476165,2876
patch_queue,29,13,466383,467369,986
embedding,29,13,467369,469341,1972
block0,29,13,469341,474276,4935
block1,29,13,474276,477152,2876
patch_queue,29,14,467370,468356,986
embedding,29,14,468356,470328,1972
block0,29,14,470328,475263,4935
block1,29,14,475263,478139,2876
patch_queue,29,15,468357,469343,986
embedding,29,15,469343,471315,1972
block0,29,15,471315,476250,4935
block1,29,15,476250,479126,2876
head_hidden_first_token,29,0,464321,482419,18098
head_hidden_last_token,29,15,479126,482419,3293
head_output,29,0,482419,483161,742
serializer,29,0,483161,483219,58
patch_queue,30,0,469344,470330,986
embedding,30,0,470330,472302,1972
block0,30,0,472302,477237,4935
block1,30,0,477237,480113,2876
patch_queue,30,1,470331,471317,986
embedding,30,1,471317,473289,1972
block0,30,1,473289,478224,4935
block1,30,1,478224,481100,2876
patch_queue,30,2,471318,472304,986
embedding,30,2,472304,474276,1972
block0,30,2,474276,479211,4935
block1,30,2,479211,482087,2876
patch_queue,30,3,472305,473291,986
embedding,30,3,473291,475263,1972
block0,30,3,475263,480198,4935
block1,30,3,480198,483074,2876
patch_queue,30,4,473292,474278,986
embedding,30,4,474278,476250,1972
block0,30,4,476250,481185,4935
block1,30,4,481185,484061,2876
patch_queue,30,5,474279,475265,986
embedding,30,5,475265,477237,1972
block0,30,5,477237,482172,4935
block1,30,5,482172,485048,2876
patch_queue,30,6,475266,476252,986
embedding,30,6,476252,478224,1972
block0,30,6,478224,483159,4935
block1,30,6,483159,486035,2876
patch_queue,30,7,476253,477239,986
embedding,30,7,477239,479211,1972
block0,30,7,479211,484146,4935
block1,30,7,484146,487022,2876
patch_queue,30,8,477240,478226,986
embedding,30,8,478226,480198,1972
block0,30,8,480198,485133,4935
block1,30,8,485133,488009,2876
patch_queue,30,9,478227,479213,986
embedding,30,9,479213,481185,1972
block0,30,9,481185,486120,4935
block1,30,9,486120,488996,2876
patch_queue,30,10,479214,480200,986
embedding,30,10,480200,482172,1972
block0,30,10,482172,487107,4935
block1,30,10,487107,489983,2876
patch_queue,30,11,480201,481187,986
embedding,30,11,481187,483159,1972
block0,30,11,483159,488094,4935
block1,30,11,488094,490970,2876
patch_queue,30,12,481188,482174,986
embedding,30,12,482174,484146,1972
block0,30,12,484146,489081,4935
block1,30,12,489081,491957,2876
patch_queue,30,13,482175,483161,986
embedding,30,13,483161,485133,1972
block0,30,13,485133,490068,4935
block1,30,13,490068,492944,2876
patch_queue,30,14,483162,484148,986
embedding,30,14,484148,486120,1972
block0,30,14,486120,491055,4935
block1,30,14,491055,493931,2876
patch_queue,30,15,484149,485135,986
embedding,30,15,485135,487107,1972
block0,30,15,487107,492042,4935
block1,30,15,492042,494918,2876
head_hidden_first_token,30,0,480113,498211,18098
head_hidden_last_token,30,15,494918,498211,3293
head_output,30,0,498211,498953,742
serializer,30,0,498953,499011,58
patch_queue,31,0,485136,486122,986
embedding,31,0,486122,488094,1972
block0,31,0,488094,493029,4935
block1,31,0,493029,495905,2876
patch_queue,31,1,486123,487109,986
embedding,31,1,487109,489081,1972
block0,31,1,489081,494016,4935
block1,31,1,494016,496892,2876
patch_queue,31,2,487110,488096,986
embedding,31,2,488096,490068,1972
block0,31,2,490068,495003,4935
block1,31,2,495003,497879,2876
patch_queue,31,3,488097,489083,986
embedding,31,3,489083,491055,1972
block0,31,3,491055,495990,4935
block1,31,3,495990,498866,2876
patch_queue,31,4,489084,490070,986
embedding,31,4,490070,492042,1972
block0,31,4,492042,496977,4935
block1,31,4,496977,499853,2876
patch_queue,31,5,490071,491057,986
embedding,31,5,491057,493029,1972
block0,31,5,493029,497964,4935
block1,31,5,497964,500840,2876
patch_queue,31,6,491058,492044,986
embedding,31,6,492044,494016,1972
block0,31,6,494016,498951,4935
block1,31,6,498951,501827,2876
patch_queue,31,7,492045,493031,986
embedding,31,7,493031,495003,1972
block0,31,7,495003,499938,4935
block1,31,7,499938,502814,2876
patch_queue,31,8,493032,494018,986
embedding,31,8,494018,495990,1972
block0,31,8,495990,500925,4935
block1,31,8,500925,503801,2876
patch_queue,31,9,494019,495005,986
embedding,31,9,495005,496977,1972
block0,31,9,496977,501912,4935
block1,31,9,501912,504788,2876
patch_queue,31,10,495006,495992,986
embedding,31,10,495992,497964,1972
block0,31,10,497964,502899,4935
block1,31,10,502899,505775,2876
patch_queue,31,11,495993,496979,986
embedding,31,11,496979,498951,1972
block0,31,11,498951,503886,4935
block1,31,11,503886,506762,2876
patch_queue,31,12,496980,497966,986
embedding,31,12,497966,499938,1972
block0,31,12,499938,504873,4935
block1,31,12,504873,507749,2876
patch_queue,31,13,497967,498953,986
embedding,31,13,498953,500925,1972
block0,31,13,500925,505860,4935
block1,31,13,505860,508736,2876
patch_queue,31,14,498954,499940,986
embedding,31,14,499940,501912,1972
block0,31,14,501912,506847,4935
block1,31,14,506847,509723,2876
patch_queue,31,15,499941,500927,986
embedding,31,15,500927,502899,1972
block0,31,15,502899,507834,4935
block1,31,15,507834,510710,2876
head_hidden_first_token,31,0,495905,514003,18098
head_hidden_last_token,31,15,510710,514003,3293
head_output,31,0,514003,514745,742
serializer,31,0,514745,514803,58
patch_queue,32,0,500928,501914,986
embedding,32,0,501914,503886,1972
block0,32,0,503886,508821,4935
block1,32,0,508821,511697,2876
patch_queue,32,1,501915,502901,986
embedding,32,1,502901,504873,1972
block0,32,1,504873,509808,4935
block1,32,1,509808,512684,2876
patch_queue,32,2,502902,503888,986
embedding,32,2,503888,505860,1972
block0,32,2,505860,510795,4935
block1,32,2,510795,513671,2876
patch_queue,32,3,503889,504875,986
embedding,32,3,504875,506847,1972
block0,32,3,506847,511782,4935
block1,32,3,511782,514658,2876
patch_queue,32,4,504876,505862,986
embedding,32,4,505862,507834,1972
block0,32,4,507834,512769,4935
block1,32,4,512769,515645,2876
patch_queue,32,5,505863,506849,986
embedding,32,5,506849,508821,1972
block0,32,5,508821,513756,4935
block1,32,5,513756,516632,2876
patch_queue,32,6,506850,507836,986
embedding,32,6,507836,509808,1972
block0,32,6,509808,514743,4935
block1,32,6,514743,517619,2876
patch_queue,32,7,507837,508823,986
embedding,32,7,508823,510795,1972
block0,32,7,510795,515730,4935
block1,32,7,515730,518606,2876
patch_queue,32,8,508824,509810,986
embedding,32,8,509810,511782,1972
block0,32,8,511782,516717,4935
block1,32,8,516717,519593,2876
patch_queue,32,9,509811,510797,986
embedding,32,9,510797,512769,1972
block0,32,9,512769,517704,4935
block1,32,9,517704,520580,2876
patch_queue,32,10,510798,511784,986
embedding,32,10,511784,513756,1972
block0,32,10,513756,518691,4935
block1,32,10,518691,521567,2876
patch_queue,32,11,511785,512771,986
embedding,32,11,512771,514743,1972
block0,32,11,514743,519678,4935
block1,32,11,519678,522554,2876
patch_queue,32,12,512772,513758,986
embedding,32,12,513758,515730,1972
block0,32,12,515730,520665,4935
block1,32,12,520665,523541,2876
patch_queue,32,13,513759,514745,986
embedding,32,13,514745,516717,1972
block0,32,13,516717,521652,4935
block1,32,13,521652,524528,2876
patch_queue,32,14,514746,515732,986
embedding,32,14,515732,517704,1972
block0,32,14,517704,522639,4935
block1,32,14,522639,525515,2876
patch_queue,32,15,515733,516719,986
embedding,32,15,516719,518691,1972
block0,32,15,518691,523626,4935
block1,32,15,523626,526502,2876
head_hidden_first_token,32,0,511697,529795,18098
head_hidden_last_token,32,15,526502,529795,3293
head_output,32,0,529795,530537,742
serializer,32,0,530537,530595,58
patch_queue,33,0,516720,517706,986
embedding,33,0,517706,519678,1972
block0,33,0,519678,524613,4935
block1,33,0,524613,527489,2876
patch_queue,33,1,517707,518693,986
embedding,33,1,518693,520665,1972
block0,33,1,520665,525600,4935
block1,33,1,525600,528476,2876
patch_queue,33,2,518694,519680,986
embedding,33,2,519680,521652,1972
block0,33,2,521652,526587,4935
block1,33,2,526587,529463,2876
patch_queue,33,3,519681,520667,986
embedding,33,3,520667,522639,1972
block0,33,3,522639,527574,4935
block1,33,3,527574,530450,2876
patch_queue,33,4,520668,521654,986
embedding,33,4,521654,523626,1972
block0,33,4,523626,528561,4935
block1,33,4,528561,531437,2876
patch_queue,33,5,521655,522641,986
embedding,33,5,522641,524613,1972
block0,33,5,524613,529548,4935
block1,33,5,529548,532424,2876
patch_queue,33,6,522642,523628,986
embedding,33,6,523628,525600,1972
block0,33,6,525600,530535,4935
block1,33,6,530535,533411,2876
patch_queue,33,7,523629,524615,986
embedding,33,7,524615,526587,1972
block0,33,7,526587,531522,4935
block1,33,7,531522,534398,2876
patch_queue,33,8,524616,525602,986
embedding,33,8,525602,527574,1972
block0,33,8,527574,532509,4935
block1,33,8,532509,535385,2876
patch_queue,33,9,525603,526589,986
embedding,33,9,526589,528561,1972
block0,33,9,528561,533496,4935
block1,33,9,533496,536372,2876
patch_queue,33,10,526590,527576,986
embedding,33,10,527576,529548,1972
block0,33,10,529548,534483,4935
block1,33,10,534483,537359,2876
patch_queue,33,11,527577,528563,986
embedding,33,11,528563,530535,1972
block0,33,11,530535,535470,4935
block1,33,11,535470,538346,2876
patch_queue,33,12,528564,529550,986
embedding,33,12,529550,531522,1972
block0,33,12,531522,536457,4935
block1,33,12,536457,539333,2876
patch_queue,33,13,529551,530537,986
embedding,33,13,530537,532509,1972
block0,33,13,532509,537444,4935
block1,33,13,537444,540320,2876
patch_queue,33,14,530538,531524,986
embedding,33,14,531524,533496,1972
block0,33,14,533496,538431,4935
block1,33,14,538431,541307,2876
patch_queue,33,15,531525,532511,986
embedding,33,15,532511,534483,1972
block0,33,15,534483,539418,4935
block1,33,15,539418,542294,2876
head_hidden_first_token,33,0,527489,545587,18098
head_hidden_last_token,33,15,542294,545587,3293
head_output,33,0,545587,546329,742
serializer,33,0,546329,546387,58
patch_queue,34,0,532512,533498,986
embedding,34,0,533498,535470,1972
block0,34,0,535470,540405,4935
block1,34,0,540405,543281,2876
patch_queue,34,1,533499,534485,986
embedding,34,1,534485,536457,1972
block0,34,1,536457,541392,4935
block1,34,1,541392,544268,2876
patch_queue,34,2,534486,535472,986
embedding,34,2,535472,537444,1972
block0,34,2,537444,542379,4935
block1,34,2,542379,545255,2876
patch_queue,34,3,535473,536459,986
embedding,34,3,536459,538431,1972
block0,34,3,538431,543366,4935
block1,34,3,543366,546242,2876
patch_queue,34,4,536460,537446,986
embedding,34,4,537446,539418,1972
block0,34,4,539418,544353,4935
block1,34,4,544353,547229,2876
patch_queue,34,5,537447,538433,986
embedding,34,5,538433,540405,1972
block0,34,5,540405,545340,4935
block1,34,5,545340,548216,2876
patch_queue,34,6,538434,539420,986
embedding,34,6,539420,541392,1972
block0,34,6,541392,546327,4935
block1,34,6,546327,549203,2876
patch_queue,34,7,539421,540407,986
embedding,34,7,540407,542379,1972
block0,34,7,542379,547314,4935
block1,34,7,547314,550190,2876
patch_queue,34,8,540408,541394,986
embedding,34,8,541394,543366,1972
block0,34,8,543366,548301,4935
block1,34,8,548301,551177,2876
patch_queue,34,9,541395,542381,986
embedding,34,9,542381,544353,1972
block0,34,9,544353,549288,4935
block1,34,9,549288,552164,2876
patch_queue,34,10,542382,543368,986
embedding,34,10,543368,545340,1972
block0,34,10,545340,550275,4935
block1,34,10,550275,553151,2876
patch_queue,34,11,543369,544355,986
embedding,34,11,544355,546327,1972
block0,34,11,546327,551262,4935
block1,34,11,551262,554138,2876
patch_queue,34,12,544356,545342,986
embedding,34,12,545342,547314,1972
block0,34,12,547314,552249,4935
block1,34,12,552249,555125,2876
patch_queue,34,13,545343,546329,986
embedding,34,13,546329,548301,1972
block0,34,13,548301,553236,4935
block1,34,13,553236,556112,2876
patch_queue,34,14,546330,547316,986
embedding,34,14,547316,549288,1972
block0,34,14,549288,554223,4935
block1,34,14,554223,557099,2876
patch_queue,34,15,547317,548303,986
embedding,34,15,548303,550275,1972
block0,34,15,550275,555210,4935
block1,34,15,555210,558086,2876
head_hidden_first_token,34,0,543281,561379,18098
head_hidden_last_token,34,15,558086,561379,3293
head_output,34,0,561379,562121,742
serializer,34,0,562121,562179,58
patch_queue,35,0,548304,549290,986
embedding,35,0,549290,551262,1972
block0,35,0,551262,556197,4935
block1,35,0,556197,559073,2876
patch_queue,35,1,549291,550277,986
embedding,35,1,550277,552249,1972
block0,35,1,552249,557184,4935
block1,35,1,557184,560060,2876
patch_queue,35,2,550278,551264,986
embedding,35,2,551264,553236,1972
block0,35,2,553236,558171,4935
block1,35,2,558171,561047,2876
patch_queue,35,3,551265,552251,986
embedding,35,3,552251,554223,1972
block0,35,3,554223,559158,4935
block1,35,3,559158,562034,2876
patch_queue,35,4,552252,553238,986
embedding,35,4,553238,555210,1972
block0,35,4,555210,560145,4935
block1,35,4,560145,563021,2876
patch_queue,35,5,553239,554225,986
embedding,35,5,554225,556197,1972
block0,35,5,556197,561132,4935
block1,35,5,561132,564008,2876
patch_queue,35,6,554226,555212,986
embedding,35,6,555212,557184,1972
block0,35,6,557184,562119,4935
block1,35,6,562119,564995,2876
patch_queue,35,7,555213,556199,986
embedding,35,7,556199,558171,1972
block0,35,7,558171,563106,4935
block1,35,7,563106,565982,2876
patch_queue,35,8,556200,557186,986
embedding,35,8,557186,559158,1972
block0,35,8,559158,564093,4935
block1,35,8,564093,566969,2876
patch_queue,35,9,557187,558173,986
embedding,35,9,558173,560145,1972
block0,35,9,560145,565080,4935
block1,35,9,565080,567956,2876
patch_queue,35,10,558174,559160,986
embedding,35,10,559160,561132,1972
block0,35,10,561132,566067,4935
block1,35,10,566067,568943,2876
patch_queue,35,11,559161,560147,986
embedding,35,11,560147,562119,1972
block0,35,11,562119,567054,4935
block1,35,11,567054,569930,2876
patch_queue,35,12,560148,561134,986
embedding,35,12,561134,563106,1972
block0,35,12,563106,568041,4935
block1,35,12,568041,570917,2876
patch_queue,35,13,561135,562121,986
embedding,35,13,562121,564093,1972
block0,35,13,564093,569028,4935
block1,35,13,569028,571904,2876
patch_queue,35,14,562122,563108,986
embedding,35,14,563108,565080,1972
block0,35,14,565080,570015,4935
block1,35,14,570015,572891,2876
patch_queue,35,15,563109,564095,986
embedding,35,15,564095,566067,1972
block0,35,15,566067,571002,4935
block1,35,15,571002,573878,2876
head_hidden_first_token,35,0,559073,577171,18098
head_hidden_last_token,35,15,573878,577171,3293
head_output,35,0,577171,577913,742
serializer,35,0,577913,577971,58
patch_queue,36,0,564096,565082,986
embedding,36,0,565082,567054,1972
block0,36,0,567054,571989,4935
block1,36,0,571989,574865,2876
patch_queue,36,1,565083,566069,986
embedding,36,1,566069,568041,1972
block0,36,1,568041,572976,4935
block1,36,1,572976,575852,2876
patch_queue,36,2,566070,567056,986
embedding,36,2,567056,569028,1972
block0,36,2,569028,573963,4935
block1,36,2,573963,576839,2876
patch_queue,36,3,567057,568043,986
embedding,36,3,568043,570015,1972
block0,36,3,570015,574950,4935
block1,36,3,574950,577826,2876
patch_queue,36,4,568044,569030,986
embedding,36,4,569030,571002,1972
block0,36,4,571002,575937,4935
block1,36,4,575937,578813,2876
patch_queue,36,5,569031,570017,986
embedding,36,5,570017,571989,1972
block0,36,5,571989,576924,4935
block1,36,5,576924,579800,2876
patch_queue,36,6,570018,571004,986
embedding,36,6,571004,572976,1972
block0,36,6,572976,577911,4935
block1,36,6,577911,580787,2876
patch_queue,36,7,571005,571991,986
embedding,36,7,571991,573963,1972
block0,36,7,573963,578898,4935
block1,36,7,578898,581774,2876
patch_queue,36,8,571992,572978,986
embedding,36,8,572978,574950,1972
block0,36,8,574950,579885,4935
block1,36,8,579885,582761,2876
patch_queue,36,9,572979,573965,986
embedding,36,9,573965,575937,1972
block0,36,9,575937,580872,4935
block1,36,9,580872,583748,2876
patch_queue,36,10,573966,574952,986
embedding,36,10,574952,576924,1972
block0,36,10,576924,581859,4935
block1,36,10,581859,584735,2876
patch_queue,36,11,574953,575939,986
embedding,36,11,575939,577911,1972
block0,36,11,577911,582846,4935
block1,36,11,582846,585722,2876
patch_queue,36,12,575940,576926,986
embedding,36,12,576926,578898,1972
block0,36,12,578898,583833,4935
block1,36,12,583833,586709,2876
patch_queue,36,13,576927,577913,986
embedding,36,13,577913,579885,1972
block0,36,13,579885,584820,4935
block1,36,13,584820,587696,2876
patch_queue,36,14,577914,578900,986
embedding,36,14,578900,580872,1972
block0,36,14,580872,585807,4935
block1,36,14,585807,588683,2876
patch_queue,36,15,578901,579887,986
embedding,36,15,579887,581859,1972
block0,36,15,581859,586794,4935
block1,36,15,586794,589670,2876
head_hidden_first_token,36,0,574865,592963,18098
head_hidden_last_token,36,15,589670,592963,3293
head_output,36,0,592963,593705,742
serializer,36,0,593705,593763,58
patch_queue,37,0,579888,580874,986
embedding,37,0,580874,582846,1972
block0,37,0,582846,587781,4935
block1,37,0,587781,590657,2876
patch_queue,37,1,580875,581861,986
embedding,37,1,581861,583833,1972
block0,37,1,583833,588768,4935
block1,37,1,588768,591644,2876
patch_queue,37,2,581862,582848,986
embedding,37,2,582848,584820,1972
block0,37,2,584820,589755,4935
block1,37,2,589755,592631,2876
patch_queue,37,3,582849,583835,986
embedding,37,3,583835,585807,1972
block0,37,3,585807,590742,4935
block1,37,3,590742,593618,2876
patch_queue,37,4,583836,584822,986
embedding,37,4,584822,586794,1972
block0,37,4,586794,591729,4935
block1,37,4,591729,594605,2876
patch_queue,37,5,584823,585809,986
embedding,37,5,585809,587781,1972
block0,37,5,587781,592716,4935
block1,37,5,592716,595592,2876
patch_queue,37,6,585810,586796,986
embedding,37,6,586796,588768,1972
block0,37,6,588768,593703,4935
block1,37,6,593703,596579,2876
patch_queue,37,7,586797,587783,986
embedding,37,7,587783,589755,1972
block0,37,7,589755,594690,4935
block1,37,7,594690,597566,2876
patch_queue,37,8,587784,588770,986
embedding,37,8,588770,590742,1972
block0,37,8,590742,595677,4935
block1,37,8,595677,598553,2876
patch_queue,37,9,588771,589757,986
embedding,37,9,589757,591729,1972
block0,37,9,591729,596664,4935
block1,37,9,596664,599540,2876
patch_queue,37,10,589758,590744,986
embedding,37,10,590744,592716,1972
block0,37,10,592716,597651,4935
block1,37,10,597651,600527,2876
patch_queue,37,11,590745,591731,986
embedding,37,11,591731,593703,1972
block0,37,11,593703,598638,4935
block1,37,11,598638,601514,2876
patch_queue,37,12,591732,592718,986
embedding,37,12,592718,594690,1972
block0,37,12,594690,599625,4935
block1,37,12,599625,602501,2876
patch_queue,37,13,592719,593705,986
embedding,37,13,593705,595677,1972
block0,37,13,595677,600612,4935
block1,37,13,600612,603488,2876
patch_queue,37,14,593706,594692,986
embedding,37,14,594692,596664,1972
block0,37,14,596664,601599,4935
block1,37,14,601599,604475,2876
patch_queue,37,15,594693,595679,986
embedding,37,15,595679,597651,1972
block0,37,15,597651,602586,4935
block1,37,15,602586,605462,2876
head_hidden_first_token,37,0,590657,608755,18098
head_hidden_last_token,37,15,605462,608755,3293
head_output,37,0,608755,609497,742
serializer,37,0,609497,609555,58
patch_queue,38,0,595680,596666,986
embedding,38,0,596666,598638,1972
block0,38,0,598638,603573,4935
block1,38,0,603573,606449,2876
patch_queue,38,1,596667,597653,986
embedding,38,1,597653,599625,1972
block0,38,1,599625,604560,4935
block1,38,1,604560,607436,2876
patch_queue,38,2,597654,598640,986
embedding,38,2,598640,600612,1972
block0,38,2,600612,605547,4935
block1,38,2,605547,608423,2876
patch_queue,38,3,598641,599627,986
embedding,38,3,599627,601599,1972
block0,38,3,601599,606534,4935
block1,38,3,606534,609410,2876
patch_queue,38,4,599628,600614,986
embedding,38,4,600614,602586,1972
block0,38,4,602586,607521,4935
block1,38,4,607521,610397,2876
patch_queue,38,5,600615,601601,986
embedding,38,5,601601,603573,1972
block0,38,5,603573,608508,4935
block1,38,5,608508,611384,2876
patch_queue,38,6,601602,602588,986
embedding,38,6,602588,604560,1972
block0,38,6,604560,609495,4935
block1,38,6,609495,612371,2876
patch_queue,38,7,602589,603575,986
embedding,38,7,603575,605547,1972
block0,38,7,605547,610482,4935
block1,38,7,610482,613358,2876
patch_queue,38,8,603576,604562,986
embedding,38,8,604562,606534,1972
block0,38,8,606534,611469,4935
block1,38,8,611469,614345,2876
patch_queue,38,9,604563,605549,986
embedding,38,9,605549,607521,1972
block0,38,9,607521,612456,4935
block1,38,9,612456,615332,2876
patch_queue,38,10,605550,606536,986
embedding,38,10,606536,608508,1972
block0,38,10,608508,613443,4935
block1,38,10,613443,616319,2876
patch_queue,38,11,606537,607523,986
embedding,38,11,607523,609495,1972
block0,38,11,609495,614430,4935
block1,38,11,614430,617306,2876
patch_queue,38,12,607524,608510,986
embedding,38,12,608510,610482,1972
block0,38,12,610482,615417,4935
block1,38,12,615417,618293,2876
patch_queue,38,13,608511,609497,986
embedding,38,13,609497,611469,1972
block0,38,13,611469,616404,4935
block1,38,13,616404,619280,2876
patch_queue,38,14,609498,610484,986
embedding,38,14,610484,612456,1972
block0,38,14,612456,617391,4935
block1,38,14,617391,620267,2876
patch_queue,38,15,610485,611471,986
embedding,38,15,611471,613443,1972
block0,38,15,613443,618378,4935
block1,38,15,618378,621254,2876
head_hidden_first_token,38,0,606449,624547,18098
head_hidden_last_token,38,15,621254,624547,3293
head_output,38,0,624547,625289,742
serializer,38,0,625289,625347,58
patch_queue,39,0,611472,612458,986
embedding,39,0,612458,614430,1972
block0,39,0,614430,619365,4935
block1,39,0,619365,622241,2876
patch_queue,39,1,612459,613445,986
embedding,39,1,613445,615417,1972
block0,39,1,615417,620352,4935
block1,39,1,620352,623228,2876
patch_queue,39,2,613446,614432,986
embedding,39,2,614432,616404,1972
block0,39,2,616404,621339,4935
block1,39,2,621339,624215,2876
patch_queue,39,3,614433,615419,986
embedding,39,3,615419,617391,1972
block0,39,3,617391,622326,4935
block1,39,3,622326,625202,2876
patch_queue,39,4,615420,616406,986
embedding,39,4,616406,618378,1972
block0,39,4,618378,623313,4935
block1,39,4,623313,626189,2876
patch_queue,39,5,616407,617393,986
embedding,39,5,617393,619365,1972
block0,39,5,619365,624300,4935
block1,39,5,624300,627176,2876
patch_queue,39,6,617394,618380,986
embedding,39,6,618380,620352,1972
block0,39,6,620352,625287,4935
block1,39,6,625287,628163,2876
patch_queue,39,7,618381,619367,986
embedding,39,7,619367,621339,1972
block0,39,7,621339,626274,4935
block1,39,7,626274,629150,2876
patch_queue,39,8,619368,620354,986
embedding,39,8,620354,622326,1972
block0,39,8,622326,627261,4935
block1,39,8,627261,630137,2876
patch_queue,39,9,620355,621341,986
embedding,39,9,621341,623313,1972
block0,39,9,623313,628248,4935
block1,39,9,628248,631124,2876
patch_queue,39,10,621342,622328,986
embedding,39,10,622328,624300,1972
block0,39,10,624300,629235,4935
block1,39,10,629235,632111,2876
patch_queue,39,11,622329,623315,986
embedding,39,11,623315,625287,1972
block0,39,11,625287,630222,4935
block1,39,11,630222,633098,2876
patch_queue,39,12,623316,624302,986
embedding,39,12,624302,626274,1972
block0,39,12,626274,631209,4935
block1,39,12,631209,634085,2876
patch_queue,39,13,624303,625289,986
embedding,39,13,625289,627261,1972
block0,39,13,627261,632196,4935
block1,39,13,632196,635072,2876
patch_queue,39,14,625290,626276,986
embedding,39,14,626276,628248,1972
block0,39,14,628248,633183,4935
block1,39,14,633183,636059,2876
patch_queue,39,15,626277,627263,986
embedding,39,15,627263,629235,1972
block0,39,15,629235,634170,4935
block1,39,15,634170,637046,2876
head_hidden_first_token,39,0,622241,640339,18098
head_hidden_last_token,39,15,637046,640339,3293
head_output,39,0,640339,641081,742
serializer,39,0,641081,641139,58
patch_queue,40,0,627264,628250,986
embedding,40,0,628250,630222,1972
block0,40,0,630222,635157,4935
block1,40,0,635157,638033,2876
patch_queue,40,1,628251,629237,986
embedding,40,1,629237,631209,1972
block0,40,1,631209,636144,4935
block1,40,1,636144,639020,2876
patch_queue,40,2,629238,630224,986
embedding,40,2,630224,632196,1972
block0,40,2,632196,637131,4935
block1,40,2,637131,640007,2876
patch_queue,40,3,630225,631211,986
embedding,40,3,631211,633183,1972
block0,40,3,633183,638118,4935
block1,40,3,638118,640994,2876
patch_queue,40,4,631212,632198,986
embedding,40,4,632198,634170,1972
block0,40,4,634170,639105,4935
block1,40,4,639105,641981,2876
patch_queue,40,5,632199,633185,986
embedding,40,5,633185,635157,1972
block0,40,5,635157,640092,4935
block1,40,5,640092,642968,2876
patch_queue,40,6,633186,634172,986
embedding,40,6,634172,636144,1972
block0,40,6,636144,641079,4935
block1,40,6,641079,643955,2876
patch_queue,40,7,634173,635159,986
embedding,40,7,635159,637131,1972
block0,40,7,637131,642066,4935
block1,40,7,642066,644942,2876
patch_queue,40,8,635160,636146,986
embedding,40,8,636146,638118,1972
block0,40,8,638118,643053,4935
block1,40,8,643053,645929,2876
patch_queue,40,9,636147,637133,986
embedding,40,9,637133,639105,1972
block0,40,9,639105,644040,4935
block1,40,9,644040,646916,2876
patch_queue,40,10,637134,638120,986
embedding,40,10,638120,640092,1972
block0,40,10,640092,645027,4935
block1,40,10,645027,647903,2876
patch_queue,40,11,638121,639107,986
embedding,40,11,639107,641079,1972
block0,40,11,641079,646014,4935
block1,40,11,646014,648890,2876
patch_queue,40,12,639108,640094,986
embedding,40,12,640094,642066,1972
block0,40,12,642066,647001,4935
block1,40,12,647001,649877,2876
patch_queue,40,13,640095,641081,986
embedding,40,13,641081,643053,1972
block0,40,13,643053,647988,4935
block1,40,13,647988,650864,2876
patch_queue,40,14,641082,642068,986
embedding,40,14,642068,644040,1972
block0,40,14,644040,648975,4935
block1,40,14,648975,651851,2876
patch_queue,40,15,642069,643055,986
embedding,40,15,643055,645027,1972
block0,40,15,645027,649962,4935
block1,40,15,649962,652838,2876
head_hidden_first_token,40,0,638033,656131,18098
head_hidden_last_token,40,15,652838,656131,3293
head_output,40,0,656131,656873,742
serializer,40,0,656873,656931,58
patch_queue,41,0,643056,644042,986
embedding,41,0,644042,646014,1972
block0,41,0,646014,650949,4935
block1,41,0,650949,653825,2876
patch_queue,41,1,644043,645029,986
embedding,41,1,645029,647001,1972
block0,41,1,647001,651936,4935
block1,41,1,651936,654812,2876
patch_queue,41,2,645030,646016,986
embedding,41,2,646016,647988,1972
block0,41,2,647988,652923,4935
block1,41,2,652923,655799,2876
patch_queue,41,3,646017,647003,986
embedding,41,3,647003,648975,1972
block0,41,3,648975,653910,4935
block1,41,3,653910,656786,2876
patch_queue,41,4,647004,647990,986
embedding,41,4,647990,649962,1972
block0,41,4,649962,654897,4935
block1,41,4,654897,657773,2876
patch_queue,41,5,647991,648977,986
embedding,41,5,648977,650949,1972
block0,41,5,650949,655884,4935
block1,41,5,655884,658760,2876
patch_queue,41,6,648978,649964,986
embedding,41,6,649964,651936,1972
block0,41,6,651936,656871,4935
block1,41,6,656871,659747,2876
patch_queue,41,7,649965,650951,986
embedding,41,7,650951,652923,1972
block0,41,7,652923,657858,4935
block1,41,7,657858,660734,2876
patch_queue,41,8,650952,651938,986
embedding,41,8,651938,653910,1972
block0,41,8,653910,658845,4935
block1,41,8,658845,661721,2876
patch_queue,41,9,651939,652925,986
embedding,41,9,652925,654897,1972
block0,41,9,654897,659832,4935
block1,41,9,659832,662708,2876
patch_queue,41,10,652926,653912,986
embedding,41,10,653912,655884,1972
block0,41,10,655884,660819,4935
block1,41,10,660819,663695,2876
patch_queue,41,11,653913,654899,986
embedding,41,11,654899,656871,1972
block0,41,11,656871,661806,4935
block1,41,11,661806,664682,2876
patch_queue,41,12,654900,655886,986
embedding,41,12,655886,657858,1972
block0,41,12,657858,662793,4935
block1,41,12,662793,665669,2876
patch_queue,41,13,655887,656873,986
embedding,41,13,656873,658845,1972
block0,41,13,658845,663780,4935
block1,41,13,663780,666656,2876
patch_queue,41,14,656874,657860,986
embedding,41,14,657860,659832,1972
block0,41,14,659832,664767,4935
block1,41,14,664767,667643,2876
patch_queue,41,15,657861,658847,986
embedding,41,15,658847,660819,1972
block0,41,15,660819,665754,4935
block1,41,15,665754,668630,2876
head_hidden_first_token,41,0,653825,671923,18098
head_hidden_last_token,41,15,668630,671923,3293
head_output,41,0,671923,672665,742
serializer,41,0,672665,672723,58
patch_queue,42,0,658848,659834,986
embedding,42,0,659834,661806,1972
block0,42,0,661806,666741,4935
block1,42,0,666741,669617,2876
patch_queue,42,1,659835,660821,986
embedding,42,1,660821,662793,1972
block0,42,1,662793,667728,4935
block1,42,1,667728,670604,2876
patch_queue,42,2,660822,661808,986
embedding,42,2,661808,663780,1972
block0,42,2,663780,668715,4935
block1,42,2,668715,671591,2876
patch_queue,42,3,661809,662795,986
embedding,42,3,662795,664767,1972
block0,42,3,664767,669702,4935
block1,42,3,669702,672578,2876
patch_queue,42,4,662796,663782,986
embedding,42,4,663782,665754,1972
block0,42,4,665754,670689,4935
block1,42,4,670689,673565,2876
patch_queue,42,5,663783,664769,986
embedding,42,5,664769,666741,1972
block0,42,5,666741,671676,4935
block1,42,5,671676,674552,2876
patch_queue,42,6,664770,665756,986
embedding,42,6,665756,667728,1972
block0,42,6,667728,672663,4935
block1,42,6,672663,675539,2876
patch_queue,42,7,665757,666743,986
embedding,42,7,666743,668715,1972
block0,42,7,668715,673650,4935
block1,42,7,673650,676526,2876
patch_queue,42,8,666744,667730,986
embedding,42,8,667730,669702,1972
block0,42,8,669702,674637,4935
block1,42,8,674637,677513,2876
patch_queue,42,9,667731,668717,986
embedding,42,9,668717,670689,1972
block0,42,9,670689,675624,4935
block1,42,9,675624,678500,2876
patch_queue,42,10,668718,669704,986
embedding,42,10,669704,671676,1972
block0,42,10,671676,676611,4935
block1,42,10,676611,679487,2876
patch_queue,42,11,669705,670691,986
embedding,42,11,670691,672663,1972
block0,42,11,672663,677598,4935
block1,42,11,677598,680474,2876
patch_queue,42,12,670692,671678,986
embedding,42,12,671678,673650,1972
block0,42,12,673650,678585,4935
block1,42,12,678585,681461,2876
patch_queue,42,13,671679,672665,986
embedding,42,13,672665,674637,1972
block0,42,13,674637,679572,4935
block1,42,13,679572,682448,2876
patch_queue,42,14,672666,673652,986
embedding,42,14,673652,675624,1972
block0,42,14,675624,680559,4935
block1,42,14,680559,683435,2876
patch_queue,42,15,673653,674639,986
embedding,42,15,674639,676611,1972
block0,42,15,676611,681546,4935
block1,42,15,681546,684422,2876
head_hidden_first_token,42,0,669617,687715,18098
head_hidden_last_token,42,15,684422,687715,3293
head_output,42,0,687715,688457,742
serializer,42,0,688457,688515,58
patch_queue,43,0,674640,675626,986
embedding,43,0,675626,677598,1972
block0,43,0,677598,682533,4935
block1,43,0,682533,685409,2876
patch_queue,43,1,675627,676613,986
embedding,43,1,676613,678585,1972
block0,43,1,678585,683520,4935
block1,43,1,683520,686396,2876
patch_queue,43,2,676614,677600,986
embedding,43,2,677600,679572,1972
block0,43,2,679572,684507,4935
block1,43,2,684507,687383,2876
patch_queue,43,3,677601,678587,986
embedding,43,3,678587,680559,1972
block0,43,3,680559,685494,4935
block1,43,3,685494,688370,2876
patch_queue,43,4,678588,679574,986
embedding,43,4,679574,681546,1972
block0,43,4,681546,686481,4935
block1,43,4,686481,689357,2876
patch_queue,43,5,679575,680561,986
embedding,43,5,680561,682533,1972
block0,43,5,682533,687468,4935
block1,43,5,687468,690344,2876
patch_queue,43,6,680562,681548,986
embedding,43,6,681548,683520,1972
block0,43,6,683520,688455,4935
block1,43,6,688455,691331,2876
patch_queue,43,7,681549,682535,986
embedding,43,7,682535,684507,1972
block0,43,7,684507,689442,4935
block1,43,7,689442,692318,2876
patch_queue,43,8,682536,683522,986
embedding,43,8,683522,685494,1972
block0,43,8,685494,690429,4935
block1,43,8,690429,693305,2876
patch_queue,43,9,683523,684509,986
embedding,43,9,684509,686481,1972
block0,43,9,686481,691416,4935
block1,43,9,691416,694292,2876
patch_queue,43,10,684510,685496,986
embedding,43,10,685496,687468,1972
block0,43,10,687468,692403,4935
block1,43,10,692403,695279,2876
patch_queue,43,11,685497,686483,986
embedding,43,11,686483,688455,1972
block0,43,11,688455,693390,4935
block1,43,11,693390,696266,2876
patch_queue,43,12,686484,687470,986
embedding,43,12,687470,689442,1972
block0,43,12,689442,694377,4935
block1,43,12,694377,697253,2876
patch_queue,43,13,687471,688457,986
embedding,43,13,688457,690429,1972
block0,43,13,690429,695364,4935
block1,43,13,695364,698240,2876
patch_queue,43,14,688458,689444,986
embedding,43,14,689444,691416,1972
block0,43,14,691416,696351,4935
block1,43,14,696351,699227,2876
patch_queue,43,15,689445,690431,986
embedding,43,15,690431,692403,1972
block0,43,15,692403,697338,4935
block1,43,15,697338,700214,2876
head_hidden_first_token,43,0,685409,703507,18098
head_hidden_last_token,43,15,700214,703507,3293
head_output,43,0,703507,704249,742
serializer,43,0,704249,704307,58
patch_queue,44,0,690432,691418,986
embedding,44,0,691418,693390,1972
block0,44,0,693390,698325,4935
block1,44,0,698325,701201,2876
patch_queue,44,1,691419,692405,986
embedding,44,1,692405,694377,1972
block0,44,1,694377,699312,4935
block1,44,1,699312,702188,2876
patch_queue,44,2,692406,693392,986
embedding,44,2,693392,695364,1972
block0,44,2,695364,700299,4935
block1,44,2,700299,703175,2876
patch_queue,44,3,693393,694379,986
embedding,44,3,694379,696351,1972
block0,44,3,696351,701286,4935
block1,44,3,701286,704162,2876
patch_queue,44,4,694380,695366,986
embedding,44,4,695366,697338,1972
block0,44,4,697338,702273,4935
block1,44,4,702273,705149,2876
patch_queue,44,5,695367,696353,986
embedding,44,5,696353,698325,1972
block0,44,5,698325,703260,4935
block1,44,5,703260,706136,2876
patch_queue,44,6,696354,697340,986
embedding,44,6,697340,699312,1972
block0,44,6,699312,704247,4935
block1,44,6,704247,707123,2876
patch_queue,44,7,697341,698327,986
embedding,44,7,698327,700299,1972
block0,44,7,700299,705234,4935
block1,44,7,705234,708110,2876
patch_queue,44,8,698328,699314,986
embedding,44,8,699314,701286,1972
block0,44,8,701286,706221,4935
block1,44,8,706221,709097,2876
patch_queue,44,9,699315,700301,986
embedding,44,9,700301,702273,1972
block0,44,9,702273,707208,4935
block1,44,9,707208,710084,2876
patch_queue,44,10,700302,701288,986
embedding,44,10,701288,703260,1972
block0,44,10,703260,708195,4935
block1,44,10,708195,711071,2876
patch_queue,44,11,701289,702275,986
embedding,44,11,702275,704247,1972
block0,44,11,704247,709182,4935
block1,44,11,709182,712058,2876
patch_queue,44,12,702276,703262,986
embedding,44,12,703262,705234,1972
block0,44,12,705234,710169,4935
block1,44,12,710169,713045,2876
patch_queue,44,13,703263,704249,986
embedding,44,13,704249,706221,1972
block0,44,13,706221,711156,4935
block1,44,13,711156,714032,2876
patch_queue,44,14,704250,705236,986
embedding,44,14,705236,707208,1972
block0,44,14,707208,712143,4935
block1,44,14,712143,715019,2876
patch_queue,44,15,705237,706223,986
embedding,44,15,706223,708195,1972
block0,44,15,708195,713130,4935
block1,44,15,713130,716006,2876
head_hidden_first_token,44,0,701201,719299,18098
head_hidden_last_token,44,15,716006,719299,3293
head_output,44,0,719299,720041,742
serializer,44,0,720041,720099,58
patch_queue,45,0,706224,707210,986
embedding,45,0,707210,709182,1972
block0,45,0,709182,714117,4935
block1,45,0,714117,716993,2876
patch_queue,45,1,707211,708197,986
embedding,45,1,708197,710169,1972
block0,45,1,710169,715104,4935
block1,45,1,715104,717980,2876
patch_queue,45,2,708198,709184,986
embedding,45,2,709184,711156,1972
block0,45,2,711156,716091,4935
block1,45,2,716091,718967,2876
patch_queue,45,3,709185,710171,986
embedding,45,3,710171,712143,1972
block0,45,3,712143,717078,4935
block1,45,3,717078,719954,2876
patch_queue,45,4,710172,711158,986
embedding,45,4,711158,713130,1972
block0,45,4,713130,718065,4935
block1,45,4,718065,720941,2876
patch_queue,45,5,711159,712145,986
embedding,45,5,712145,714117,1972
block0,45,5,714117,719052,4935
block1,45,5,719052,721928,2876
patch_queue,45,6,712146,713132,986
embedding,45,6,713132,715104,1972
block0,45,6,715104,720039,4935
block1,45,6,720039,722915,2876
patch_queue,45,7,713133,714119,986
embedding,45,7,714119,716091,1972
block0,45,7,716091,721026,4935
block1,45,7,721026,723902,2876
patch_queue,45,8,714120,715106,986
embedding,45,8,715106,717078,1972
block0,45,8,717078,722013,4935
block1,45,8,722013,724889,2876
patch_queue,45,9,715107,716093,986
embedding,45,9,716093,718065,1972
block0,45,9,718065,723000,4935
block1,45,9,723000,725876,2876
patch_queue,45,10,716094,717080,986
embedding,45,10,717080,719052,1972
block0,45,10,719052,723987,4935
block1,45,10,723987,726863,2876
patch_queue,45,11,717081,718067,986
embedding,45,11,718067,720039,1972
block0,45,11,720039,724974,4935
block1,45,11,724974,727850,2876
patch_queue,45,12,718068,719054,986
embedding,45,12,719054,721026,1972
block0,45,12,721026,725961,4935
block1,45,12,725961,728837,2876
patch_queue,45,13,719055,720041,986
embedding,45,13,720041,722013,1972
block0,45,13,722013,726948,4935
block1,45,13,726948,729824,2876
patch_queue,45,14,720042,721028,986
embedding,45,14,721028,723000,1972
block0,45,14,723000,727935,4935
block1,45,14,727935,730811,2876
patch_queue,45,15,721029,722015,986
embedding,45,15,722015,723987,1972
block0,45,15,723987,728922,4935
block1,45,15,728922,731798,2876
head_hidden_first_token,45,0,716993,735091,18098
head_hidden_last_token,45,15,731798,735091,3293
head_output,45,0,735091,735833,742
serializer,45,0,735833,735891,58
patch_queue,46,0,722016,723002,986
embedding,46,0,723002,724974,1972
block0,46,0,724974,729909,4935
block1,46,0,729909,732785,2876
patch_queue,46,1,723003,723989,986
embedding,46,1,723989,725961,1972
block0,46,1,725961,730896,4935
block1,46,1,730896,733772,2876
patch_queue,46,2,723990,724976,986
embedding,46,2,724976,726948,1972
block0,46,2,726948,731883,4935
block1,46,2,731883,734759,2876
patch_queue,46,3,724977,725963,986
embedding,46,3,725963,727935,1972
block0,46,3,727935,732870,4935
block1,46,3,732870,735746,2876
patch_queue,46,4,725964,726950,986
embedding,46,4,726950,728922,1972
block0,46,4,728922,733857,4935
block1,46,4,733857,736733,2876
patch_queue,46,5,726951,727937,986
embedding,46,5,727937,729909,1972
block0,46,5,729909,734844,4935
block1,46,5,734844,737720,2876
patch_queue,46,6,727938,728924,986
embedding,46,6,728924,730896,1972
block0,46,6,730896,735831,4935
block1,46,6,735831,738707,2876
patch_queue,46,7,728925,729911,986
embedding,46,7,729911,731883,1972
block0,46,7,731883,736818,4935
block1,46,7,736818,739694,2876
patch_queue,46,8,729912,730898,986
embedding,46,8,730898,732870,1972
block0,46,8,732870,737805,4935
block1,46,8,737805,740681,2876
patch_queue,46,9,730899,731885,986
embedding,46,9,731885,733857,1972
block0,46,9,733857,738792,4935
block1,46,9,738792,741668,2876
patch_queue,46,10,731886,732872,986
embedding,46,10,732872,734844,1972
block0,46,10,734844,739779,4935
block1,46,10,739779,742655,2876
patch_queue,46,11,732873,733859,986
embedding,46,11,733859,735831,1972
block0,46,11,735831,740766,4935
block1,46,11,740766,743642,2876
patch_queue,46,12,733860,734846,986
embedding,46,12,734846,736818,1972
block0,46,12,736818,741753,4935
block1,46,12,741753,744629,2876
patch_queue,46,13,734847,735833,986
embedding,46,13,735833,737805,1972
block0,46,13,737805,742740,4935
block1,46,13,742740,745616,2876
patch_queue,46,14,735834,736820,986
embedding,46,14,736820,738792,1972
block0,46,14,738792,743727,4935
block1,46,14,743727,746603,2876
patch_queue,46,15,736821,737807,986
embedding,46,15,737807,739779,1972
block0,46,15,739779,744714,4935
block1,46,15,744714,747590,2876
head_hidden_first_token,46,0,732785,750883,18098
head_hidden_last_token,46,15,747590,750883,3293
head_output,46,0,750883,751625,742
serializer,46,0,751625,751683,58
patch_queue,47,0,737808,738794,986
embedding,47,0,738794,740766,1972
block0,47,0,740766,745701,4935
block1,47,0,745701,748577,2876
patch_queue,47,1,738795,739781,986
embedding,47,1,739781,741753,1972
block0,47,1,741753,746688,4935
block1,47,1,746688,749564,2876
patch_queue,47,2,739782,740768,986
embedding,47,2,740768,742740,1972
block0,47,2,742740,747675,4935
block1,47,2,747675,750551,2876
patch_queue,47,3,740769,741755,986
embedding,47,3,741755,743727,1972
block0,47,3,743727,748662,4935
block1,47,3,748662,751538,2876
patch_queue,47,4,741756,742742,986
embedding,47,4,742742,744714,1972
block0,47,4,744714,749649,4935
block1,47,4,749649,752525,2876
patch_queue,47,5,742743,743729,986
embedding,47,5,743729,745701,1972
block0,47,5,745701,750636,4935
block1,47,5,750636,753512,2876
patch_queue,47,6,743730,744716,986
embedding,47,6,744716,746688,1972
block0,47,6,746688,751623,4935
block1,47,6,751623,754499,2876
patch_queue,47,7,744717,745703,986
embedding,47,7,745703,747675,1972
block0,47,7,747675,752610,4935
block1,47,7,752610,755486,2876
patch_queue,47,8,745704,746690,986
embedding,47,8,746690,748662,1972
block0,47,8,748662,753597,4935
block1,47,8,753597,756473,2876
patch_queue,47,9,746691,747677,986
embedding,47,9,747677,749649,1972
block0,47,9,749649,754584,4935
block1,47,9,754584,757460,2876
patch_queue,47,10,747678,748664,986
embedding,47,10,748664,750636,1972
block0,47,10,750636,755571,4935
block1,47,10,755571,758447,2876
patch_queue,47,11,748665,749651,986
embedding,47,11,749651,751623,1972
block0,47,11,751623,756558,4935
block1,47,11,756558,759434,2876
patch_queue,47,12,749652,750638,986
embedding,47,12,750638,752610,1972
block0,47,12,752610,757545,4935
block1,47,12,757545,760421,2876
patch_queue,47,13,750639,751625,986
embedding,47,13,751625,753597,1972
block0,47,13,753597,758532,4935
block1,47,13,758532,761408,2876
patch_queue,47,14,751626,752612,986
embedding,47,14,752612,754584,1972
block0,47,14,754584,759519,4935
block1,47,14,759519,762395,2876
patch_queue,47,15,752613,753599,986
embedding,47,15,753599,755571,1972
block0,47,15,755571,760506,4935
block1,47,15,760506,763382,2876
head_hidden_first_token,47,0,748577,766675,18098
head_hidden_last_token,47,15,763382,766675,3293
head_output,47,0,766675,767417,742
serializer,47,0,767417,767475,58
patch_queue,48,0,753600,754586,986
embedding,48,0,754586,756558,1972
block0,48,0,756558,761493,4935
block1,48,0,761493,764369,2876
patch_queue,48,1,754587,755573,986
embedding,48,1,755573,757545,1972
block0,48,1,757545,762480,4935
block1,48,1,762480,765356,2876
patch_queue,48,2,755574,756560,986
embedding,48,2,756560,758532,1972
block0,48,2,758532,763467,4935
block1,48,2,763467,766343,2876
patch_queue,48,3,756561,757547,986
embedding,48,3,757547,759519,1972
block0,48,3,759519,764454,4935
block1,48,3,764454,767330,2876
patch_queue,48,4,757548,758534,986
embedding,48,4,758534,760506,1972
block0,48,4,760506,765441,4935
block1,48,4,765441,768317,2876
patch_queue,48,5,758535,759521,986
embedding,48,5,759521,761493,1972
block0,48,5,761493,766428,4935
block1,48,5,766428,769304,2876
patch_queue,48,6,759522,760508,986
embedding,48,6,760508,762480,1972
block0,48,6,762480,767415,4935
block1,48,6,767415,770291,2876
patch_queue,48,7,760509,761495,986
embedding,48,7,761495,763467,1972
block0,48,7,763467,768402,4935
block1,48,7,768402,771278,2876
patch_queue,48,8,761496,762482,986
embedding,48,8,762482,764454,1972
block0,48,8,764454,769389,4935
block1,48,8,769389,772265,2876
patch_queue,48,9,762483,763469,986
embedding,48,9,763469,765441,1972
block0,48,9,765441,770376,4935
block1,48,9,770376,773252,2876
patch_queue,48,10,763470,764456,986
embedding,48,10,764456,766428,1972
block0,48,10,766428,771363,4935
block1,48,10,771363,774239,2876
patch_queue,48,11,764457,765443,986
embedding,48,11,765443,767415,1972
block0,48,11,767415,772350,4935
block1,48,11,772350,775226,2876
patch_queue,48,12,765444,766430,986
embedding,48,12,766430,768402,1972
block0,48,12,768402,773337,4935
block1,48,12,773337,776213,2876
patch_queue,48,13,766431,767417,986
embedding,48,13,767417,769389,1972
block0,48,13,769389,774324,4935
block1,48,13,774324,777200,2876
patch_queue,48,14,767418,768404,986
embedding,48,14,768404,770376,1972
block0,48,14,770376,775311,4935
block1,48,14,775311,778187,2876
patch_queue,48,15,768405,769391,986
embedding,48,15,769391,771363,1972
block0,48,15,771363,776298,4935
block1,48,15,776298,779174,2876
head_hidden_first_token,48,0,764369,782467,18098
head_hidden_last_token,48,15,779174,782467,3293
head_output,48,0,782467,783209,742
serializer,48,0,783209,783267,58
patch_queue,49,0,769392,770378,986
embedding,49,0,770378,772350,1972
block0,49,0,772350,777285,4935
block1,49,0,777285,780161,2876
patch_queue,49,1,770379,771365,986
embedding,49,1,771365,773337,1972
block0,49,1,773337,778272,4935
block1,49,1,778272,781148,2876
patch_queue,49,2,771366,772352,986
embedding,49,2,772352,774324,1972
block0,49,2,774324,779259,4935
block1,49,2,779259,782135,2876
patch_queue,49,3,772353,773339,986
embedding,49,3,773339,775311,1972
block0,49,3,775311,780246,4935
block1,49,3,780246,783122,2876
patch_queue,49,4,773340,774326,986
embedding,49,4,774326,776298,1972
block0,49,4,776298,781233,4935
block1,49,4,781233,784109,2876
patch_queue,49,5,774327,775313,986
embedding,49,5,775313,777285,1972
block0,49,5,777285,782220,4935
block1,49,5,782220,785096,2876
patch_queue,49,6,775314,776300,986
embedding,49,6,776300,778272,1972
block0,49,6,778272,783207,4935
block1,49,6,783207,786083,2876
patch_queue,49,7,776301,777287,986
embedding,49,7,777287,779259,1972
block0,49,7,779259,784194,4935
block1,49,7,784194,787070,2876
patch_queue,49,8,777288,778274,986
embedding,49,8,778274,780246,1972
block0,49,8,780246,785181,4935
block1,49,8,785181,788057,2876
patch_queue,49,9,778275,779261,986
embedding,49,9,779261,781233,1972
block0,49,9,781233,786168,4935
block1,49,9,786168,789044,2876
patch_queue,49,10,779262,780248,986
embedding,49,10,780248,782220,1972
block0,49,10,782220,787155,4935
block1,49,10,787155,790031,2876
patch_queue,49,11,780249,781235,986
embedding,49,11,781235,783207,1972
block0,49,11,783207,788142,4935
block1,49,11,788142,791018,2876
patch_queue,49,12,781236,782222,986
embedding,49,12,782222,784194,1972
block0,49,12,784194,789129,4935
block1,49,12,789129,792005,2876
patch_queue,49,13,782223,783209,986
embedding,49,13,783209,785181,1972
block0,49,13,785181,790116,4935
block1,49,13,790116,792992,2876
patch_queue,49,14,783210,784196,986
embedding,49,14,784196,786168,1972
block0,49,14,786168,791103,4935
block1,49,14,791103,793979,2876
patch_queue,49,15,784197,785183,986
embedding,49,15,785183,787155,1972
block0,49,15,787155,792090,4935
block1,49,15,792090,794966,2876
head_hidden_first_token,49,0,780161,798259,18098
head_hidden_last_token,49,15,794966,798259,3293
head_output,49,0,798259,799001,742
serializer,49,0,799001,799059,58
patch_queue,50,0,785184,786170,986
embedding,50,0,786170,788142,1972
block0,50,0,788142,793077,4935
block1,50,0,793077,795953,2876
patch_queue,50,1,786171,787157,986
embedding,50,1,787157,789129,1972
block0,50,1,789129,794064,4935
block1,50,1,794064,796940,2876
patch_queue,50,2,787158,788144,986
embedding,50,2,788144,790116,1972
block0,50,2,790116,795051,4935
block1,50,2,795051,797927,2876
patch_queue,50,3,788145,789131,986
embedding,50,3,789131,791103,1972
block0,50,3,791103,796038,4935
block1,50,3,796038,798914,2876
patch_queue,50,4,789132,790118,986
embedding,50,4,790118,792090,1972
block0,50,4,792090,797025,4935
block1,50,4,797025,799901,2876
patch_queue,50,5,790119,791105,986
embedding,50,5,791105,793077,1972
block0,50,5,793077,798012,4935
block1,50,5,798012,800888,2876
patch_queue,50,6,791106,792092,986
embedding,50,6,792092,794064,1972
block0,50,6,794064,798999,4935
block1,50,6,798999,801875,2876
patch_queue,50,7,792093,793079,986
embedding,50,7,793079,795051,1972
block0,50,7,795051,799986,4935
block1,50,7,799986,802862,2876
patch_queue,50,8,793080,794066,986
embedding,50,8,794066,796038,1972
block0,50,8,796038,800973,4935
block1,50,8,800973,803849,2876
patch_queue,50,9,794067,795053,986
embedding,50,9,795053,797025,1972
block0,50,9,797025,801960,4935
block1,50,9,801960,804836,2876
patch_queue,50,10,795054,796040,986
embedding,50,10,796040,798012,1972
block0,50,10,798012,802947,4935
block1,50,10,802947,805823,2876
patch_queue,50,11,796041,797027,986
embedding,50,11,797027,798999,1972
block0,50,11,798999,803934,4935
block1,50,11,803934,806810,2876
patch_queue,50,12,797028,798014,986
embedding,50,12,798014,799986,1972
block0,50,12,799986,804921,4935
block1,50,12,804921,807797,2876
patch_queue,50,13,798015,799001,986
embedding,50,13,799001,800973,1972
block0,50,13,800973,805908,4935
block1,50,13,805908,808784,2876
patch_queue,50,14,799002,799988,986
embedding,50,14,799988,801960,1972
block0,50,14,801960,806895,4935
block1,50,14,806895,809771,2876
patch_queue,50,15,799989,800975,986
embedding,50,15,800975,802947,1972
block0,50,15,802947,807882,4935
block1,50,15,807882,810758,2876
head_hidden_first_token,50,0,795953,814051,18098
head_hidden_last_token,50,15,810758,814051,3293
head_output,50,0,814051,814793,742
serializer,50,0,814793,814851,58
patch_queue,51,0,800976,801962,986
embedding,51,0,801962,803934,1972
block0,51,0,803934,808869,4935
block1,51,0,808869,811745,2876
patch_queue,51,1,801963,802949,986
embedding,51,1,802949,804921,1972
block0,51,1,804921,809856,4935
block1,51,1,809856,812732,2876
patch_queue,51,2,802950,803936,986
embedding,51,2,803936,805908,1972
block0,51,2,805908,810843,4935
block1,51,2,810843,813719,2876
patch_queue,51,3,803937,804923,986
embedding,51,3,804923,806895,1972
block0,51,3,806895,811830,4935
block1,51,3,811830,814706,2876
patch_queue,51,4,804924,805910,986
embedding,51,4,805910,807882,1972
block0,51,4,807882,812817,4935
block1,51,4,812817,815693,2876
patch_queue,51,5,805911,806897,986
embedding,51,5,806897,808869,1972
block0,51,5,808869,813804,4935
block1,51,5,813804,816680,2876
patch_queue,51,6,806898,807884,986
embedding,51,6,807884,809856,1972
block0,51,6,809856,814791,4935
block1,51,6,814791,817667,2876
patch_queue,51,7,807885,808871,986
embedding,51,7,808871,810843,1972
block0,51,7,810843,815778,4935
block1,51,7,815778,818654,2876
patch_queue,51,8,808872,809858,986
embedding,51,8,809858,811830,1972
block0,51,8,811830,816765,4935
block1,51,8,816765,819641,2876
patch_queue,51,9,809859,810845,986
embedding,51,9,810845,812817,1972
block0,51,9,812817,817752,4935
block1,51,9,817752,820628,2876
patch_queue,51,10,810846,811832,986
embedding,51,10,811832,813804,1972
block0,51,10,813804,818739,4935
block1,51,10,818739,821615,2876
patch_queue,51,11,811833,812819,986
embedding,51,11,812819,814791,1972
block0,51,11,814791,819726,4935
block1,51,11,819726,822602,2876
patch_queue,51,12,812820,813806,986
embedding,51,12,813806,815778,1972
block0,51,12,815778,820713,4935
block1,51,12,820713,823589,2876
patch_queue,51,13,813807,814793,986
embedding,51,13,814793,816765,1972
block0,51,13,816765,821700,4935
block1,51,13,821700,824576,2876
patch_queue,51,14,814794,815780,986
embedding,51,14,815780,817752,1972
block0,51,14,817752,822687,4935
block1,51,14,822687,825563,2876
patch_queue,51,15,815781,816767,986
embedding,51,15,816767,818739,1972
block0,51,15,818739,823674,4935
block1,51,15,823674,826550,2876
head_hidden_first_token,51,0,811745,829843,18098
head_hidden_last_token,51,15,826550,829843,3293
head_output,51,0,829843,830585,742
serializer,51,0,830585,830643,58
patch_queue,52,0,816768,817754,986
embedding,52,0,817754,819726,1972
block0,52,0,819726,824661,4935
block1,52,0,824661,827537,2876
patch_queue,52,1,817755,818741,986
embedding,52,1,818741,820713,1972
block0,52,1,820713,825648,4935
block1,52,1,825648,828524,2876
patch_queue,52,2,818742,819728,986
embedding,52,2,819728,821700,1972
block0,52,2,821700,826635,4935
block1,52,2,826635,829511,2876
patch_queue,52,3,819729,820715,986
embedding,52,3,820715,822687,1972
block0,52,3,822687,827622,4935
block1,52,3,827622,830498,2876
patch_queue,52,4,820716,821702,986
embedding,52,4,821702,823674,1972
block0,52,4,823674,828609,4935
block1,52,4,828609,831485,2876
patch_queue,52,5,821703,822689,986
embedding,52,5,822689,824661,1972
block0,52,5,824661,829596,4935
block1,52,5,829596,832472,2876
patch_queue,52,6,822690,823676,986
embedding,52,6,823676,825648,1972
block0,52,6,825648,830583,4935
block1,52,6,830583,833459,2876
patch_queue,52,7,823677,824663,986
embedding,52,7,824663,826635,1972
block0,52,7,826635,831570,4935
block1,52,7,831570,834446,2876
patch_queue,52,8,824664,825650,986
embedding,52,8,825650,827622,1972
block0,52,8,827622,832557,4935
block1,52,8,832557,835433,2876
patch_queue,52,9,825651,826637,986
embedding,52,9,826637,828609,1972
block0,52,9,828609,833544,4935
block1,52,9,833544,836420,2876
patch_queue,52,10,826638,827624,986
embedding,52,10,827624,829596,1972
block0,52,10,829596,834531,4935
block1,52,10,834531,837407,2876
patch_queue,52,11,827625,828611,986
embedding,52,11,828611,830583,1972
block0,52,11,830583,835518,4935
block1,52,11,835518,838394,2876
patch_queue,52,12,828612,829598,986
embedding,52,12,829598,831570,1972
block0,52,12,831570,836505,4935
block1,52,12,836505,839381,2876
patch_queue,52,13,829599,830585,986
embedding,52,13,830585,832557,1972
block0,52,13,832557,837492,4935
block1,52,13,837492,840368,2876
patch_queue,52,14,830586,831572,986
embedding,52,14,831572,833544,1972
block0,52,14,833544,838479,4935
block1,52,14,838479,841355,2876
patch_queue,52,15,831573,832559,986
embedding,52,15,832559,834531,1972
block0,52,15,834531,839466,4935
block1,52,15,839466,842342,2876
head_hidden_first_token,52,0,827537,845635,18098
head_hidden_last_token,52,15,842342,845635,3293
head_output,52,0,845635,846377,742
serializer,52,0,846377,846435,58
patch_queue,53,0,832560,833546,986
embedding,53,0,833546,835518,1972
block0,53,0,835518,840453,4935
block1,53,0,840453,843329,2876
patch_queue,53,1,833547,834533,986
embedding,53,1,834533,836505,1972
block0,53,1,836505,841440,4935
block1,53,1,841440,844316,2876
patch_queue,53,2,834534,835520,986
embedding,53,2,835520,837492,1972
block0,53,2,837492,842427,4935
block1,53,2,842427,845303,2876
patch_queue,53,3,835521,836507,986
embedding,53,3,836507,838479,1972
block0,53,3,838479,843414,4935
block1,53,3,843414,846290,2876
patch_queue,53,4,836508,837494,986
embedding,53,4,837494,839466,1972
block0,53,4,839466,844401,4935
block1,53,4,844401,847277,2876
patch_queue,53,5,837495,838481,986
embedding,53,5,838481,840453,1972
block0,53,5,840453,845388,4935
block1,53,5,845388,848264,2876
patch_queue,53,6,838482,839468,986
embedding,53,6,839468,841440,1972
block0,53,6,841440,846375,4935
block1,53,6,846375,849251,2876
patch_queue,53,7,839469,840455,986
embedding,53,7,840455,842427,1972
block0,53,7,842427,847362,4935
block1,53,7,847362,850238,2876
patch_queue,53,8,840456,841442,986
embedding,53,8,841442,843414,1972
block0,53,8,843414,848349,4935
block1,53,8,848349,851225,2876
patch_queue,53,9,841443,842429,986
embedding,53,9,842429,844401,1972
block0,53,9,844401,849336,4935
block1,53,9,849336,852212,2876
patch_queue,53,10,842430,843416,986
embedding,53,10,843416,845388,1972
block0,53,10,845388,850323,4935
block1,53,10,850323,853199,2876
patch_queue,53,11,843417,844403,986
embedding,53,11,844403,846375,1972
block0,53,11,846375,851310,4935
block1,53,11,851310,854186,2876
patch_queue,53,12,844404,845390,986
embedding,53,12,845390,847362,1972
block0,53,12,847362,852297,4935
block1,53,12,852297,855173,2876
patch_queue,53,13,845391,846377,986
embedding,53,13,846377,848349,1972
block0,53,13,848349,853284,4935
block1,53,13,853284,856160,2876
patch_queue,53,14,846378,847364,986
embedding,53,14,847364,849336,1972
block0,53,14,849336,854271,4935
block1,53,14,854271,857147,2876
patch_queue,53,15,847365,848351,986
embedding,53,15,848351,850323,1972
block0,53,15,850323,855258,4935
block1,53,15,855258,858134,2876
head_hidden_first_token,53,0,843329,861427,18098
head_hidden_last_token,53,15,858134,861427,3293
head_output,53,0,861427,862169,742
serializer,53,0,862169,862227,58
patch_queue,54,0,848352,849338,986
embedding,54,0,849338,851310,1972
block0,54,0,851310,856245,4935
block1,54,0,856245,859121,2876
patch_queue,54,1,849339,850325,986
embedding,54,1,850325,852297,1972
block0,54,1,852297,857232,4935
block1,54,1,857232,860108,2876
patch_queue,54,2,850326,851312,986
embedding,54,2,851312,853284,1972
block0,54,2,853284,858219,4935
block1,54,2,858219,861095,2876
patch_queue,54,3,851313,852299,986
embedding,54,3,852299,854271,1972
block0,54,3,854271,859206,4935
block1,54,3,859206,862082,2876
patch_queue,54,4,852300,853286,986
embedding,54,4,853286,855258,1972
block0,54,4,855258,860193,4935
block1,54,4,860193,863069,2876
patch_queue,54,5,853287,854273,986
embedding,54,5,854273,856245,1972
block0,54,5,856245,861180,4935
block1,54,5,861180,864056,2876
patch_queue,54,6,854274,855260,986
embedding,54,6,855260,857232,1972
block0,54,6,857232,862167,4935
block1,54,6,862167,865043,2876
patch_queue,54,7,855261,856247,986
embedding,54,7,856247,858219,1972
block0,54,7,858219,863154,4935
block1,54,7,863154,866030,2876
patch_queue,54,8,856248,857234,986
embedding,54,8,857234,859206,1972
block0,54,8,859206,864141,4935
block1,54,8,864141,867017,2876
patch_queue,54,9,857235,858221,986
embedding,54,9,858221,860193,1972
block0,54,9,860193,865128,4935
block1,54,9,865128,868004,2876
patch_queue,54,10,858222,859208,986
embedding,54,10,859208,861180,1972
block0,54,10,861180,866115,4935
block1,54,10,866115,868991,2876
patch_queue,54,11,859209,860195,986
embedding,54,11,860195,862167,1972
block0,54,11,862167,867102,4935
block1,54,11,867102,869978,2876
patch_queue,54,12,860196,861182,986
embedding,54,12,861182,863154,1972
block0,54,12,863154,868089,4935
block1,54,12,868089,870965,2876
patch_queue,54,13,861183,862169,986
embedding,54,13,862169,864141,1972
block0,54,13,864141,869076,4935
block1,54,13,869076,871952,2876
patch_queue,54,14,862170,863156,986
embedding,54,14,863156,865128,1972
block0,54,14,865128,870063,4935
block1,54,14,870063,872939,2876
patch_queue,54,15,863157,864143,986
embedding,54,15,864143,866115,1972
block0,54,15,866115,871050,4935
block1,54,15,871050,873926,2876
head_hidden_first_token,54,0,859121,877219,18098
head_hidden_last_token,54,15,873926,877219,3293
head_output,54,0,877219,877961,742
serializer,54,0,877961,878019,58
patch_queue,55,0,864144,865130,986
embedding,55,0,865130,867102,1972
block0,55,0,867102,872037,4935
block1,55,0,872037,874913,2876
patch_queue,55,1,865131,866117,986
embedding,55,1,866117,868089,1972
block0,55,1,868089,873024,4935
block1,55,1,873024,875900,2876
patch_queue,55,2,866118,867104,986
embedding,55,2,867104,869076,1972
block0,55,2,869076,874011,4935
block1,55,2,874011,876887,2876
patch_queue,55,3,867105,868091,986
embedding,55,3,868091,870063,1972
block0,55,3,870063,874998,4935
block1,55,3,874998,877874,2876
patch_queue,55,4,868092,869078,986
embedding,55,4,869078,871050,1972
block0,55,4,871050,875985,4935
block1,55,4,875985,878861,2876
patch_queue,55,5,869079,870065,986
embedding,55,5,870065,872037,1972
block0,55,5,872037,876972,4935
block1,55,5,876972,879848,2876
patch_queue,55,6,870066,871052,986
embedding,55,6,871052,873024,1972
block0,55,6,873024,877959,4935
block1,55,6,877959,880835,2876
patch_queue,55,7,871053,872039,986
embedding,55,7,872039,874011,1972
block0,55,7,874011,878946,4935
block1,55,7,878946,881822,2876
patch_queue,55,8,872040,873026,986
embedding,55,8,873026,874998,1972
block0,55,8,874998,879933,4935
block1,55,8,879933,882809,2876
patch_queue,55,9,873027,874013,986
embedding,55,9,874013,875985,1972
block0,55,9,875985,880920,4935
block1,55,9,880920,883796,2876
patch_queue,55,10,874014,875000,986
embedding,55,10,875000,876972,1972
block0,55,10,876972,881907,4935
block1,55,10,881907,884783,2876
patch_queue,55,11,875001,875987,986
embedding,55,11,875987,877959,1972
block0,55,11,877959,882894,4935
block1,55,11,882894,885770,2876
patch_queue,55,12,875988,876974,986
embedding,55,12,876974,878946,1972
block0,55,12,878946,883881,4935
block1,55,12,883881,886757,2876
patch_queue,55,13,876975,877961,986
embedding,55,13,877961,879933,1972
block0,55,13,879933,884868,4935
block1,55,13,884868,887744,2876
patch_queue,55,14,877962,878948,986
embedding,55,14,878948,880920,1972
block0,55,14,880920,885855,4935
block1,55,14,885855,888731,2876
patch_queue,55,15,878949,879935,986
embedding,55,15,879935,881907,1972
block0,55,15,881907,886842,4935
block1,55,15,886842,889718,2876
head_hidden_first_token,55,0,874913,893011,18098
head_hidden_last_token,55,15,889718,893011,3293
head_output,55,0,893011,893753,742
serializer,55,0,893753,893811,58
patch_queue,56,0,879936,880922,986
embedding,56,0,880922,882894,1972
block0,56,0,882894,887829,4935
block1,56,0,887829,890705,2876
patch_queue,56,1,880923,881909,986
embedding,56,1,881909,883881,1972
block0,56,1,883881,888816,4935
block1,56,1,888816,891692,2876
patch_queue,56,2,881910,882896,986
embedding,56,2,882896,884868,1972
block0,56,2,884868,889803,4935
block1,56,2,889803,892679,2876
patch_queue,56,3,882897,883883,986
embedding,56,3,883883,885855,1972
block0,56,3,885855,890790,4935
block1,56,3,890790,893666,2876
patch_queue,56,4,883884,884870,986
embedding,56,4,884870,886842,1972
block0,56,4,886842,891777,4935
block1,56,4,891777,894653,2876
patch_queue,56,5,884871,885857,986
embedding,56,5,885857,887829,1972
block0,56,5,887829,892764,4935
block1,56,5,892764,895640,2876
patch_queue,56,6,885858,886844,986
embedding,56,6,886844,888816,1972
block0,56,6,888816,893751,4935
block1,56,6,893751,896627,2876
patch_queue,56,7,886845,887831,986
embedding,56,7,887831,889803,1972
block0,56,7,889803,894738,4935
block1,56,7,894738,897614,2876
patch_queue,56,8,887832,888818,986
embedding,56,8,888818,890790,1972
block0,56,8,890790,895725,4935
block1,56,8,895725,898601,2876
patch_queue,56,9,888819,889805,986
embedding,56,9,889805,891777,1972
block0,56,9,891777,896712,4935
block1,56,9,896712,899588,2876
patch_queue,56,10,889806,890792,986
embedding,56,10,890792,892764,1972
block0,56,10,892764,897699,4935
block1,56,10,897699,900575,2876
patch_queue,56,11,890793,891779,986
embedding,56,11,891779,893751,1972
block0,56,11,893751,898686,4935
block1,56,11,898686,901562,2876
patch_queue,56,12,891780,892766,986
embedding,56,12,892766,894738,1972
block0,56,12,894738,899673,4935
block1,56,12,899673,902549,2876
patch_queue,56,13,892767,893753,986
embedding,56,13,893753,895725,1972
block0,56,13,895725,900660,4935
block1,56,13,900660,903536,2876
patch_queue,56,14,893754,894740,986
embedding,56,14,894740,896712,1972
block0,56,14,896712,901647,4935
block1,56,14,901647,904523,2876
patch_queue,56,15,894741,895727,986
embedding,56,15,895727,897699,1972
block0,56,15,897699,902634,4935
block1,56,15,902634,905510,2876
head_hidden_first_token,56,0,890705,908803,18098
head_hidden_last_token,56,15,905510,908803,3293
head_output,56,0,908803,909545,742
serializer,56,0,909545,909603,58
patch_queue,57,0,895728,896714,986
embedding,57,0,896714,898686,1972
block0,57,0,898686,903621,4935
block1,57,0,903621,906497,2876
patch_queue,57,1,896715,897701,986
embedding,57,1,897701,899673,1972
block0,57,1,899673,904608,4935
block1,57,1,904608,907484,2876
patch_queue,57,2,897702,898688,986
embedding,57,2,898688,900660,1972
block0,57,2,900660,905595,4935
block1,57,2,905595,908471,2876
patch_queue,57,3,898689,899675,986
embedding,57,3,899675,901647,1972
block0,57,3,901647,906582,4935
block1,57,3,906582,909458,2876
patch_queue,57,4,899676,900662,986
embedding,57,4,900662,902634,1972
block0,57,4,902634,907569,4935
block1,57,4,907569,910445,2876
patch_queue,57,5,900663,901649,986
embedding,57,5,901649,903621,1972
block0,57,5,903621,908556,4935
block1,57,5,908556,911432,2876
patch_queue,57,6,901650,902636,986
embedding,57,6,902636,904608,1972
block0,57,6,904608,909543,4935
block1,57,6,909543,912419,2876
patch_queue,57,7,902637,903623,986
embedding,57,7,903623,905595,1972
block0,57,7,905595,910530,4935
block1,57,7,910530,913406,2876
patch_queue,57,8,903624,904610,986
embedding,57,8,904610,906582,1972
block0,57,8,906582,911517,4935
block1,57,8,911517,914393,2876
patch_queue,57,9,904611,905597,986
embedding,57,9,905597,907569,1972
block0,57,9,907569,912504,4935
block1,57,9,912504,915380,2876
patch_queue,57,10,905598,906584,986
embedding,57,10,906584,908556,1972
block0,57,10,908556,913491,4935
block1,57,10,913491,916367,2876
patch_queue,57,11,906585,907571,986
embedding,57,11,907571,909543,1972
block0,57,11,909543,914478,4935
block1,57,11,914478,917354,2876
patch_queue,57,12,907572,908558,986
embedding,57,12,908558,910530,1972
block0,57,12,910530,915465,4935
block1,57,12,915465,918341,2876
patch_queue,57,13,908559,909545,986
embedding,57,13,909545,911517,1972
block0,57,13,911517,916452,4935
block1,57,13,916452,919328,2876
patch_queue,57,14,909546,910532,986
embedding,57,14,910532,912504,1972
block0,57,14,912504,917439,4935
block1,57,14,917439,920315,2876
patch_queue,57,15,910533,911519,986
embedding,57,15,911519,913491,1972
block0,57,15,913491,918426,4935
block1,57,15,918426,921302,2876
head_hidden_first_token,57,0,906497,924595,18098
head_hidden_last_token,57,15,921302,924595,3293
head_output,57,0,924595,925337,742
serializer,57,0,925337,925395,58
patch_queue,58,0,911520,912506,986
embedding,58,0,912506,914478,1972
block0,58,0,914478,919413,4935
block1,58,0,919413,922289,2876
patch_queue,58,1,912507,913493,986
embedding,58,1,913493,915465,1972
block0,58,1,915465,920400,4935
block1,58,1,920400,923276,2876
patch_queue,58,2,913494,914480,986
embedding,58,2,914480,916452,1972
block0,58,2,916452,921387,4935
block1,58,2,921387,924263,2876
patch_queue,58,3,914481,915467,986
embedding,58,3,915467,917439,1972
block0,58,3,917439,922374,4935
block1,58,3,922374,925250,2876
patch_queue,58,4,915468,916454,986
embedding,58,4,916454,918426,1972
block0,58,4,918426,923361,4935
block1,58,4,923361,926237,2876
patch_queue,58,5,916455,917441,986
embedding,58,5,917441,919413,1972
block0,58,5,919413,924348,4935
block1,58,5,924348,927224,2876
patch_queue,58,6,917442,918428,986
embedding,58,6,918428,920400,1972
block0,58,6,920400,925335,4935
block1,58,6,925335,928211,2876
patch_queue,58,7,918429,919415,986
embedding,58,7,919415,921387,1972
block0,58,7,921387,926322,4935
block1,58,7,926322,929198,2876
patch_queue,58,8,919416,920402,986
embedding,58,8,920402,922374,1972
block0,58,8,922374,927309,4935
block1,58,8,927309,930185,2876
patch_queue,58,9,920403,921389,986
embedding,58,9,921389,923361,1972
block0,58,9,923361,928296,4935
block1,58,9,928296,931172,2876
patch_queue,58,10,921390,922376,986
embedding,58,10,922376,924348,1972
block0,58,10,924348,929283,4935
block1,58,10,929283,932159,2876
patch_queue,58,11,922377,923363,986
embedding,58,11,923363,925335,1972
block0,58,11,925335,930270,4935
block1,58,11,930270,933146,2876
patch_queue,58,12,923364,924350,986
embedding,58,12,924350,926322,1972
block0,58,12,926322,931257,4935
block1,58,12,931257,934133,2876
patch_queue,58,13,924351,925337,986
embedding,58,13,925337,927309,1972
block0,58,13,927309,932244,4935
block1,58,13,932244,935120,2876
patch_queue,58,14,925338,926324,986
embedding,58,14,926324,928296,1972
block0,58,14,928296,933231,4935
block1,58,14,933231,936107,2876
patch_queue,58,15,926325,927311,986
embedding,58,15,927311,929283,1972
block0,58,15,929283,934218,4935
block1,58,15,934218,937094,2876
head_hidden_first_token,58,0,922289,940387,18098
head_hidden_last_token,58,15,937094,940387,3293
head_output,58,0,940387,941129,742
serializer,58,0,941129,941187,58
patch_queue,59,0,927312,928298,986
embedding,59,0,928298,930270,1972
block0,59,0,930270,935205,4935
block1,59,0,935205,938081,2876
patch_queue,59,1,928299,929285,986
embedding,59,1,929285,931257,1972
block0,59,1,931257,936192,4935
block1,59,1,936192,939068,2876
patch_queue,59,2,929286,930272,986
embedding,59,2,930272,932244,1972
block0,59,2,932244,937179,4935
block1,59,2,937179,940055,2876
patch_queue,59,3,930273,931259,986
embedding,59,3,931259,933231,1972
block0,59,3,933231,938166,4935
block1,59,3,938166,941042,2876
patch_queue,59,4,931260,932246,986
embedding,59,4,932246,934218,1972
block0,59,4,934218,939153,4935
block1,59,4,939153,942029,2876
patch_queue,59,5,932247,933233,986
embedding,59,5,933233,935205,1972
block0,59,5,935205,940140,4935
block1,59,5,940140,943016,2876
patch_queue,59,6,933234,934220,986
embedding,59,6,934220,936192,1972
block0,59,6,936192,941127,4935
block1,59,6,941127,944003,2876
patch_queue,59,7,934221,935207,986
embedding,59,7,935207,937179,1972
block0,59,7,937179,942114,4935
block1,59,7,942114,944990,2876
patch_queue,59,8,935208,936194,986
embedding,59,8,936194,938166,1972
block0,59,8,938166,943101,4935
block1,59,8,943101,945977,2876
patch_queue,59,9,936195,937181,986
embedding,59,9,937181,939153,1972
block0,59,9,939153,944088,4935
block1,59,9,944088,946964,2876
patch_queue,59,10,937182,938168,986
embedding,59,10,938168,940140,1972
block0,59,10,940140,945075,4935
block1,59,10,945075,947951,2876
patch_queue,59,11,938169,939155,986
embedding,59,11,939155,941127,1972
block0,59,11,941127,946062,4935
block1,59,11,946062,948938,2876
patch_queue,59,12,939156,940142,986
embedding,59,12,940142,942114,1972
block0,59,12,942114,947049,4935
block1,59,12,947049,949925,2876
patch_queue,59,13,940143,941129,986
embedding,59,13,941129,943101,1972
block0,59,13,943101,948036,4935
block1,59,13,948036,950912,2876
patch_queue,59,14,941130,942116,986
embedding,59,14,942116,944088,1972
block0,59,14,944088,949023,4935
block1,59,14,949023,951899,2876
patch_queue,59,15,942117,943103,986
embedding,59,15,943103,945075,1972
block0,59,15,945075,950010,4935
block1,59,15,950010,952886,2876
head_hidden_first_token,59,0,938081,956179,18098
head_hidden_last_token,59,15,952886,956179,3293
head_output,59,0,956179,956921,742
serializer,59,0,956921,956979,58
patch_queue,60,0,943104,944090,986
embedding,60,0,944090,946062,1972
block0,60,0,946062,950997,4935
block1,60,0,950997,953873,2876
patch_queue,60,1,944091,945077,986
embedding,60,1,945077,947049,1972
block0,60,1,947049,951984,4935
block1,60,1,951984,954860,2876
patch_queue,60,2,945078,946064,986
embedding,60,2,946064,948036,1972
block0,60,2,948036,952971,4935
block1,60,2,952971,955847,2876
patch_queue,60,3,946065,947051,986
embedding,60,3,947051,949023,1972
block0,60,3,949023,953958,4935
block1,60,3,953958,956834,2876
patch_queue,60,4,947052,948038,986
embedding,60,4,948038,950010,1972
block0,60,4,950010,954945,4935
block1,60,4,954945,957821,2876
patch_queue,60,5,948039,949025,986
embedding,60,5,949025,950997,1972
block0,60,5,950997,955932,4935
block1,60,5,955932,958808,2876
patch_queue,60,6,949026,950012,986
embedding,60,6,950012,951984,1972
block0,60,6,951984,956919,4935
block1,60,6,956919,959795,2876
patch_queue,60,7,950013,950999,986
embedding,60,7,950999,952971,1972
block0,60,7,952971,957906,4935
block1,60,7,957906,960782,2876
patch_queue,60,8,951000,951986,986
embedding,60,8,951986,953958,1972
block0,60,8,953958,958893,4935
block1,60,8,958893,961769,2876
patch_queue,60,9,951987,952973,986
embedding,60,9,952973,954945,1972
block0,60,9,954945,959880,4935
block1,60,9,959880,962756,2876
patch_queue,60,10,952974,953960,986
embedding,60,10,953960,955932,1972
block0,60,10,955932,960867,4935
block1,60,10,960867,963743,2876
patch_queue,60,11,953961,954947,986
embedding,60,11,954947,956919,1972
block0,60,11,956919,961854,4935
block1,60,11,961854,964730,2876
patch_queue,60,12,954948,955934,986
embedding,60,12,955934,957906,1972
block0,60,12,957906,962841,4935
block1,60,12,962841,965717,2876
patch_queue,60,13,955935,956921,986
embedding,60,13,956921,958893,1972
block0,60,13,958893,963828,4935
block1,60,13,963828,966704,2876
patch_queue,60,14,956922,957908,986
embedding,60,14,957908,959880,1972
block0,60,14,959880,964815,4935
block1,60,14,964815,967691,2876
patch_queue,60,15,957909,958895,986
embedding,60,15,958895,960867,1972
block0,60,15,960867,965802,4935
block1,60,15,965802,968678,2876
head_hidden_first_token,60,0,953873,971971,18098
head_hidden_last_token,60,15,968678,971971,3293
head_output,60,0,971971,972713,742
serializer,60,0,972713,972771,58
patch_queue,61,0,958896,959882,986
embedding,61,0,959882,961854,1972
block0,61,0,961854,966789,4935
block1,61,0,966789,969665,2876
patch_queue,61,1,959883,960869,986
embedding,61,1,960869,962841,1972
block0,61,1,962841,967776,4935
block1,61,1,967776,970652,2876
patch_queue,61,2,960870,961856,986
embedding,61,2,961856,963828,1972
block0,61,2,963828,968763,4935
block1,61,2,968763,971639,2876
patch_queue,61,3,961857,962843,986
embedding,61,3,962843,964815,1972
block0,61,3,964815,969750,4935
block1,61,3,969750,972626,2876
patch_queue,61,4,962844,963830,986
embedding,61,4,963830,965802,1972
block0,61,4,965802,970737,4935
block1,61,4,970737,973613,2876
patch_queue,61,5,963831,964817,986
embedding,61,5,964817,966789,1972
block0,61,5,966789,971724,4935
block1,61,5,971724,974600,2876
patch_queue,61,6,964818,965804,986
embedding,61,6,965804,967776,1972
block0,61,6,967776,972711,4935
block1,61,6,972711,975587,2876
patch_queue,61,7,965805,966791,986
embedding,61,7,966791,968763,1972
block0,61,7,968763,973698,4935
block1,61,7,973698,976574,2876
patch_queue,61,8,966792,967778,986
embedding,61,8,967778,969750,1972
block0,61,8,969750,974685,4935
block1,61,8,974685,977561,2876
patch_queue,61,9,967779,968765,986
embedding,61,9,968765,970737,1972
block0,61,9,970737,975672,4935
block1,61,9,975672,978548,2876
patch_queue,61,10,968766,969752,986
embedding,61,10,969752,971724,1972
block0,61,10,971724,976659,4935
block1,61,10,976659,979535,2876
patch_queue,61,11,969753,970739,986
embedding,61,11,970739,972711,1972
block0,61,11,972711,977646,4935
block1,61,11,977646,980522,2876
patch_queue,61,12,970740,971726,986
embedding,61,12,971726,973698,1972
block0,61,12,973698,978633,4935
block1,61,12,978633,981509,2876
patch_queue,61,13,971727,972713,986
embedding,61,13,972713,974685,1972
block0,61,13,974685,979620,4935
block1,61,13,979620,982496,2876
patch_queue,61,14,972714,973700,986
embedding,61,14,973700,975672,1972
block0,61,14,975672,980607,4935
block1,61,14,980607,983483,2876
patch_queue,61,15,973701,974687,986
embedding,61,15,974687,976659,1972
block0,61,15,976659,981594,4935
block1,61,15,981594,984470,2876
head_hidden_first_token,61,0,969665,987763,18098
head_hidden_last_token,61,15,984470,987763,3293
head_output,61,0,987763,988505,742
serializer,61,0,988505,988563,58
patch_queue,62,0,974688,975674,986
embedding,62,0,975674,977646,1972
block0,62,0,977646,982581,4935
block1,62,0,982581,985457,2876
patch_queue,62,1,975675,976661,986
embedding,62,1,976661,978633,1972
block0,62,1,978633,983568,4935
block1,62,1,983568,986444,2876
patch_queue,62,2,976662,977648,986
embedding,62,2,977648,979620,1972
block0,62,2,979620,984555,4935
block1,62,2,984555,987431,2876
patch_queue,62,3,977649,978635,986
embedding,62,3,978635,980607,1972
block0,62,3,980607,985542,4935
block1,62,3,985542,988418,2876
patch_queue,62,4,978636,979622,986
embedding,62,4,979622,981594,1972
block0,62,4,981594,986529,4935
block1,62,4,986529,989405,2876
patch_queue,62,5,979623,980609,986
embedding,62,5,980609,982581,1972
block0,62,5,982581,987516,4935
block1,62,5,987516,990392,2876
patch_queue,62,6,980610,981596,986
embedding,62,6,981596,983568,1972
block0,62,6,983568,988503,4935
block1,62,6,988503,991379,2876
patch_queue,62,7,981597,982583,986
embedding,62,7,982583,984555,1972
block0,62,7,984555,989490,4935
block1,62,7,989490,992366,2876
patch_queue,62,8,982584,983570,986
embedding,62,8,983570,985542,1972
block0,62,8,985542,990477,4935
block1,62,8,990477,993353,2876
patch_queue,62,9,983571,984557,986
embedding,62,9,984557,986529,1972
block0,62,9,986529,991464,4935
block1,62,9,991464,994340,2876
patch_queue,62,10,984558,985544,986
embedding,62,10,985544,987516,1972
block0,62,10,987516,992451,4935
block1,62,10,992451,995327,2876
patch_queue,62,11,985545,986531,986
embedding,62,11,986531,988503,1972
block0,62,11,988503,993438,4935
block1,62,11,993438,996314,2876
patch_queue,62,12,986532,987518,986
embedding,62,12,987518,989490,1972
block0,62,12,989490,994425,4935
block1,62,12,994425,997301,2876
patch_queue,62,13,987519,988505,986
embedding,62,13,988505,990477,1972
block0,62,13,990477,995412,4935
block1,62,13,995412,998288,2876
patch_queue,62,14,988506,989492,986
embedding,62,14,989492,991464,1972
block0,62,14,991464,996399,4935
block1,62,14,996399,999275,2876
patch_queue,62,15,989493,990479,986
embedding,62,15,990479,992451,1972
block0,62,15,992451,997386,4935
block1,62,15,997386,1000262,2876
head_hidden_first_token,62,0,985457,1003555,18098
head_hidden_last_token,62,15,1000262,1003555,3293
head_output,62,0,1003555,1004297,742
serializer,62,0,1004297,1004355,58
patch_queue,63,0,990480,991466,986
embedding,63,0,991466,993438,1972
block0,63,0,993438,998373,4935
block1,63,0,998373,1001249,2876
patch_queue,63,1,991467,992453,986
embedding,63,1,992453,994425,1972
block0,63,1,994425,999360,4935
block1,63,1,999360,1002236,2876
patch_queue,63,2,992454,993440,986
embedding,63,2,993440,995412,1972
block0,63,2,995412,1000347,4935
block1,63,2,1000347,1003223,2876
patch_queue,63,3,993441,994427,986
embedding,63,3,994427,996399,1972
block0,63,3,996399,1001334,4935
block1,63,3,1001334,1004210,2876
patch_queue,63,4,994428,995414,986
embedding,63,4,995414,997386,1972
block0,63,4,997386,1002321,4935
block1,63,4,1002321,1005197,2876
patch_queue,63,5,995415,996401,986
embedding,63,5,996401,998373,1972
block0,63,5,998373,1003308,4935
block1,63,5,1003308,1006184,2876
patch_queue,63,6,996402,997388,986
embedding,63,6,997388,999360,1972
block0,63,6,999360,1004295,4935
block1,63,6,1004295,1007171,2876
patch_queue,63,7,997389,998375,986
embedding,63,7,998375,1000347,1972
block0,63,7,1000347,1005282,4935
block1,63,7,1005282,1008158,2876
patch_queue,63,8,998376,999362,986
embedding,63,8,999362,1001334,1972
block0,63,8,1001334,1006269,4935
block1,63,8,1006269,1009145,2876
patch_queue,63,9,999363,1000349,986
embedding,63,9,1000349,1002321,1972
block0,63,9,1002321,1007256,4935
block1,63,9,1007256,1010132,2876
patch_queue,63,10,1000350,1001336,986
embedding,63,10,1001336,1003308,1972
block0,63,10,1003308,1008243,4935
block1,63,10,1008243,1011119,2876
patch_queue,63,11,1001337,1002323,986
embedding,63,11,1002323,1004295,1972
block0,63,11,1004295,1009230,4935
block1,63,11,1009230,1012106,2876
patch_queue,63,12,1002324,1003310,986
embedding,63,12,1003310,1005282,1972
block0,63,12,1005282,1010217,4935
block1,63,12,1010217,1013093,2876
patch_queue,63,13,1003311,1004297,986
embedding,63,13,1004297,1006269,1972
block0,63,13,1006269,1011204,4935
block1,63,13,1011204,1014080,2876
patch_queue,63,14,1004298,1005284,986
embedding,63,14,1005284,1007256,1972
block0,63,14,1007256,1012191,4935
block1,63,14,1012191,1015067,2876
patch_queue,63,15,1005285,1006271,986
embedding,63,15,1006271,1008243,1972
block0,63,15,1008243,1013178,4935
block1,63,15,1013178,1016054,2876
head_hidden_first_token,63,0,1001249,1019347,18098
head_hidden_last_token,63,15,1016054,1019347,3293
head_output,63,0,1019347,1020089,742
serializer,63,0,1020089,1020147,58
