SWAY_PERF_BEGIN,64,14
SWAY_PERF_INPUT_FRAME,0,2,321
SWAY_PROFILE,patch_ready,0,0,348
SWAY_PROFILE,embedding_in,0,0,349
SWAY_PROFILE,patch_ready,0,1,371
SWAY_PROFILE,embedding_in,0,1,601
SWAY_PROFILE,block0_in,0,0,601
SWAY_PROFILE,patch_ready,0,2,602
SWAY_PERF_INPUT_FRAME,1,322,641
SWAY_PROFILE,embedding_in,0,2,853
SWAY_PROFILE,block0_in,0,1,853
SWAY_PROFILE,patch_ready,0,3,854
SWAY_PROFILE,embedding_in,0,3,1105
SWAY_PROFILE,block0_in,0,2,1105
SWAY_PROFILE,patch_ready,0,4,1106
SWAY_PROFILE,embedding_in,0,4,1357
SWAY_PROFILE,patch_ready,0,5,1358
SWAY_PROFILE,block0_in,0,3,1413
SWAY_PROFILE,embedding_in,0,5,1609
SWAY_PROFILE,patch_ready,0,6,1610
SWAY_PROFILE,block0_in,0,4,1997
SWAY_PROFILE,embedding_in,0,6,1999
SWAY_PROFILE,patch_ready,0,7,2000
SWAY_PROFILE,block0_in,0,5,3477
SWAY_PROFILE,block1_in,0,0,3477
SWAY_PROFILE,embedding_in,0,7,3479
SWAY_PROFILE,patch_ready,0,8,3480
SWAY_PROFILE,block0_in,0,6,4464
SWAY_PROFILE,block1_in,0,1,4464
SWAY_PROFILE,embedding_in,0,8,4466
SWAY_PROFILE,patch_ready,0,9,4467
SWAY_PROFILE,block0_in,0,7,5451
SWAY_PROFILE,block1_in,0,2,5451
SWAY_PROFILE,embedding_in,0,9,5453
SWAY_PROFILE,patch_ready,0,10,5454
SWAY_PROFILE,head_in,0,0,6353
SWAY_PROFILE,block0_in,0,8,6438
SWAY_PROFILE,block1_in,0,3,6438
SWAY_PROFILE,embedding_in,0,10,6440
SWAY_PROFILE,patch_ready,0,11,6441
SWAY_PROFILE,head_in,0,1,7340
SWAY_PROFILE,block0_in,0,9,7425
SWAY_PROFILE,block1_in,0,4,7425
SWAY_PROFILE,embedding_in,0,11,7427
SWAY_PROFILE,patch_ready,0,12,7428
SWAY_PROFILE,head_in,0,2,8327
SWAY_PROFILE,block0_in,0,10,8412
SWAY_PROFILE,block1_in,0,5,8412
SWAY_PROFILE,embedding_in,0,12,8414
SWAY_PROFILE,patch_ready,0,13,8415
SWAY_PROFILE,head_in,0,3,9314
SWAY_PROFILE,block0_in,0,11,9399
SWAY_PROFILE,block1_in,0,6,9399
SWAY_PROFILE,embedding_in,0,13,9401
SWAY_PROFILE,patch_ready,0,14,9402
SWAY_PROFILE,head_in,0,4,10301
SWAY_PROFILE,block0_in,0,12,10386
SWAY_PROFILE,block1_in,0,7,10386
SWAY_PROFILE,embedding_in,0,14,10388
SWAY_PROFILE,patch_ready,0,15,10389
SWAY_PERF_INPUT_FRAME,2,642,10679
SWAY_PROFILE,head_in,0,5,11288
SWAY_PROFILE,block0_in,0,13,11373
SWAY_PROFILE,block1_in,0,8,11373
SWAY_PROFILE,embedding_in,0,15,11375
SWAY_PROFILE,patch_ready,1,0,11376
SWAY_PROFILE,head_in,0,6,12275
SWAY_PROFILE,block0_in,0,14,12360
SWAY_PROFILE,block1_in,0,9,12360
SWAY_PROFILE,embedding_in,1,0,12362
SWAY_PROFILE,patch_ready,1,1,12363
SWAY_PROFILE,head_in,0,7,13262
SWAY_PROFILE,block0_in,0,15,13347
SWAY_PROFILE,block1_in,0,10,13347
SWAY_PROFILE,embedding_in,1,1,13349
SWAY_PROFILE,patch_ready,1,2,13350
SWAY_PROFILE,head_in,0,8,14249
SWAY_PROFILE,block0_in,1,0,14334
SWAY_PROFILE,block1_in,0,11,14334
SWAY_PROFILE,embedding_in,1,2,14336
SWAY_PROFILE,patch_ready,1,3,14337
SWAY_PROFILE,head_in,0,9,15236
SWAY_PROFILE,block0_in,1,1,15321
SWAY_PROFILE,block1_in,0,12,15321
SWAY_PROFILE,embedding_in,1,3,15323
SWAY_PROFILE,patch_ready,1,4,15324
SWAY_PROFILE,head_in,0,10,16223
SWAY_PROFILE,block0_in,1,2,16308
SWAY_PROFILE,block1_in,0,13,16308
SWAY_PROFILE,embedding_in,1,4,16310
SWAY_PROFILE,patch_ready,1,5,16311
SWAY_PROFILE,head_in,0,11,17210
SWAY_PROFILE,block0_in,1,3,17295
SWAY_PROFILE,block1_in,0,14,17295
SWAY_PROFILE,embedding_in,1,5,17297
SWAY_PROFILE,patch_ready,1,6,17298
SWAY_PROFILE,head_in,0,12,18197
SWAY_PROFILE,block0_in,1,4,18282
SWAY_PROFILE,block1_in,0,15,18282
SWAY_PROFILE,embedding_in,1,6,18284
SWAY_PROFILE,patch_ready,1,7,18285
SWAY_PROFILE,head_in,0,13,19184
SWAY_PROFILE,block0_in,1,5,19269
SWAY_PROFILE,block1_in,1,0,19269
SWAY_PROFILE,embedding_in,1,7,19271
SWAY_PROFILE,patch_ready,1,8,19272
SWAY_PROFILE,head_in,0,14,20171
SWAY_PROFILE,block0_in,1,6,20256
SWAY_PROFILE,block1_in,1,1,20256
SWAY_PROFILE,embedding_in,1,8,20258
SWAY_PROFILE,patch_ready,1,9,20259
SWAY_PROFILE,head_in,0,15,21158
SWAY_PROFILE,block0_in,1,7,21243
SWAY_PROFILE,block1_in,1,2,21243
SWAY_PROFILE,embedding_in,1,9,21245
SWAY_PROFILE,patch_ready,1,10,21246
SWAY_PROFILE,head_in,1,0,22145
SWAY_PROFILE,block0_in,1,8,22230
SWAY_PROFILE,block1_in,1,3,22230
SWAY_PROFILE,embedding_in,1,10,22232
SWAY_PROFILE,patch_ready,1,11,22233
SWAY_PROFILE,head_in,1,1,23132
SWAY_PROFILE,block0_in,1,9,23217
SWAY_PROFILE,block1_in,1,4,23217
SWAY_PROFILE,embedding_in,1,11,23219
SWAY_PROFILE,patch_ready,1,12,23220
SWAY_PROFILE,head_in,1,2,24119
SWAY_PROFILE,block0_in,1,10,24204
SWAY_PROFILE,block1_in,1,5,24204
SWAY_PROFILE,embedding_in,1,12,24206
SWAY_PROFILE,patch_ready,1,13,24207
SWAY_PROFILE,head_output_in,0,0,24451
SWAY_PROFILE,head_in,1,3,25106
SWAY_PROFILE,block0_in,1,11,25191
SWAY_PROFILE,block1_in,1,6,25191
SWAY_PROFILE,embedding_in,1,13,25193
SWAY_PROFILE,serialize_in,0,0,25193
SWAY_PROFILE,patch_ready,1,14,25194
SWAY_PERF_OUTPUT,0,7,25195
SWAY_PERF_OUTPUT,1,7,25196
SWAY_PERF_OUTPUT,2,6,25197
SWAY_PERF_OUTPUT,3,6,25198
SWAY_PERF_OUTPUT,4,12,25199
SWAY_PERF_OUTPUT,5,16,25200
SWAY_PERF_OUTPUT,6,19,25201
SWAY_PERF_OUTPUT,7,1,25202
SWAY_PERF_OUTPUT,8,-2,25203
SWAY_PERF_OUTPUT,9,-3,25204
SWAY_PERF_OUTPUT,10,9,25205
SWAY_PERF_OUTPUT,11,10,25206
SWAY_PERF_OUTPUT,12,11,25207
SWAY_PERF_OUTPUT,13,11,25208
SWAY_PERF_OUTPUT,14,4,25209
SWAY_PERF_OUTPUT,15,2,25210
SWAY_PERF_OUTPUT,16,0,25211
SWAY_PERF_OUTPUT,17,0,25212
SWAY_PERF_OUTPUT,18,7,25213
SWAY_PERF_OUTPUT,19,63,25214
SWAY_PERF_OUTPUT,20,63,25215
SWAY_PERF_OUTPUT,21,63,25216
SWAY_PERF_OUTPUT,22,62,25217
SWAY_PERF_OUTPUT,23,62,25218
SWAY_PERF_OUTPUT,24,63,25219
SWAY_PERF_OUTPUT,25,61,25220
SWAY_PERF_OUTPUT,26,62,25221
SWAY_PERF_OUTPUT,27,63,25222
SWAY_PERF_OUTPUT,28,61,25223
SWAY_PERF_OUTPUT,29,62,25224
SWAY_PERF_OUTPUT,30,62,25225
SWAY_PERF_OUTPUT,31,63,25226
SWAY_PERF_OUTPUT,32,61,25227
SWAY_PERF_OUTPUT,33,62,25228
SWAY_PERF_OUTPUT,34,62,25229
SWAY_PERF_OUTPUT,35,63,25230
SWAY_PERF_OUTPUT,36,60,25231
SWAY_PERF_OUTPUT,37,63,25232
SWAY_PERF_OUTPUT,38,-7,25233
SWAY_PERF_OUTPUT,39,2,25234
SWAY_PERF_OUTPUT,40,13,25235
SWAY_PERF_OUTPUT,41,17,25236
SWAY_PERF_OUTPUT,42,9,25237
SWAY_PERF_OUTPUT,43,5,25238
SWAY_PERF_OUTPUT,44,2,25239
SWAY_PERF_OUTPUT,45,9,25240
SWAY_PERF_OUTPUT,46,2,25241
SWAY_PERF_OUTPUT,47,-4,25242
SWAY_PERF_OUTPUT,48,-7,25243
SWAY_PERF_OUTPUT,49,-17,25244
SWAY_PERF_OUTPUT,50,-28,25245
SWAY_PERF_OUTPUT,51,-29,25246
SWAY_PERF_OUTPUT,52,-7,25247
SWAY_PERF_OUTPUT,53,-16,25248
SWAY_PERF_OUTPUT,54,-27,25249
SWAY_PERF_OUTPUT,55,-29,25250
SWAY_PERF_OUTPUT,56,10,25251
SWAY_PERF_FRAME,0,25195,25251
SWAY_PROFILE,head_in,1,4,26093
SWAY_PROFILE,block0_in,1,12,26178
SWAY_PROFILE,block1_in,1,7,26178
SWAY_PROFILE,embedding_in,1,14,26180
SWAY_PROFILE,patch_ready,1,15,26181
SWAY_PERF_INPUT_FRAME,3,10680,26471
SWAY_PROFILE,head_in,1,5,27080
SWAY_PROFILE,block0_in,1,13,27165
SWAY_PROFILE,block1_in,1,8,27165
SWAY_PROFILE,embedding_in,1,15,27167
SWAY_PROFILE,patch_ready,2,0,27168
SWAY_PROFILE,head_in,1,6,28067
SWAY_PROFILE,block0_in,1,14,28152
SWAY_PROFILE,block1_in,1,9,28152
SWAY_PROFILE,embedding_in,2,0,28154
SWAY_PROFILE,patch_ready,2,1,28155
SWAY_PROFILE,head_in,1,7,29054
SWAY_PROFILE,block0_in,1,15,29139
SWAY_PROFILE,block1_in,1,10,29139
SWAY_PROFILE,embedding_in,2,1,29141
SWAY_PROFILE,patch_ready,2,2,29142
SWAY_PROFILE,head_in,1,8,30041
SWAY_PROFILE,block0_in,2,0,30126
SWAY_PROFILE,block1_in,1,11,30126
SWAY_PROFILE,embedding_in,2,2,30128
SWAY_PROFILE,patch_ready,2,3,30129
SWAY_PROFILE,head_in,1,9,31028
SWAY_PROFILE,block0_in,2,1,31113
SWAY_PROFILE,block1_in,1,12,31113
SWAY_PROFILE,embedding_in,2,3,31115
SWAY_PROFILE,patch_ready,2,4,31116
SWAY_PROFILE,head_in,1,10,32015
SWAY_PROFILE,block0_in,2,2,32100
SWAY_PROFILE,block1_in,1,13,32100
SWAY_PROFILE,embedding_in,2,4,32102
SWAY_PROFILE,patch_ready,2,5,32103
SWAY_PROFILE,head_in,1,11,33002
SWAY_PROFILE,block0_in,2,3,33087
SWAY_PROFILE,block1_in,1,14,33087
SWAY_PROFILE,embedding_in,2,5,33089
SWAY_PROFILE,patch_ready,2,6,33090
SWAY_PROFILE,head_in,1,12,33989
SWAY_PROFILE,block0_in,2,4,34074
SWAY_PROFILE,block1_in,1,15,34074
SWAY_PROFILE,embedding_in,2,6,34076
SWAY_PROFILE,patch_ready,2,7,34077
SWAY_PROFILE,head_in,1,13,34976
SWAY_PROFILE,block0_in,2,5,35061
SWAY_PROFILE,block1_in,2,0,35061
SWAY_PROFILE,embedding_in,2,7,35063
SWAY_PROFILE,patch_ready,2,8,35064
SWAY_PROFILE,head_in,1,14,35963
SWAY_PROFILE,block0_in,2,6,36048
SWAY_PROFILE,block1_in,2,1,36048
SWAY_PROFILE,embedding_in,2,8,36050
SWAY_PROFILE,patch_ready,2,9,36051
SWAY_PROFILE,head_in,1,15,36950
SWAY_PROFILE,block0_in,2,7,37035
SWAY_PROFILE,block1_in,2,2,37035
SWAY_PROFILE,embedding_in,2,9,37037
SWAY_PROFILE,patch_ready,2,10,37038
SWAY_PROFILE,head_in,2,0,37937
SWAY_PROFILE,block0_in,2,8,38022
SWAY_PROFILE,block1_in,2,3,38022
SWAY_PROFILE,embedding_in,2,10,38024
SWAY_PROFILE,patch_ready,2,11,38025
SWAY_PROFILE,head_in,2,1,38924
SWAY_PROFILE,block0_in,2,9,39009
SWAY_PROFILE,block1_in,2,4,39009
SWAY_PROFILE,embedding_in,2,11,39011
SWAY_PROFILE,patch_ready,2,12,39012
SWAY_PROFILE,head_in,2,2,39911
SWAY_PROFILE,block0_in,2,10,39996
SWAY_PROFILE,block1_in,2,5,39996
SWAY_PROFILE,embedding_in,2,12,39998
SWAY_PROFILE,patch_ready,2,13,39999
SWAY_PROFILE,head_output_in,1,0,40243
SWAY_PROFILE,head_in,2,3,40898
SWAY_PROFILE,block0_in,2,11,40983
SWAY_PROFILE,block1_in,2,6,40983
SWAY_PROFILE,embedding_in,2,13,40985
SWAY_PROFILE,serialize_in,1,0,40985
SWAY_PROFILE,patch_ready,2,14,40986
SWAY_PERF_OUTPUT,57,7,40987
SWAY_PERF_OUTPUT,58,8,40988
SWAY_PERF_OUTPUT,59,8,40989
SWAY_PERF_OUTPUT,60,8,40990
SWAY_PERF_OUTPUT,61,13,40991
SWAY_PERF_OUTPUT,62,17,40992
SWAY_PERF_OUTPUT,63,20,40993
SWAY_PERF_OUTPUT,64,2,40994
SWAY_PERF_OUTPUT,65,-2,40995
SWAY_PERF_OUTPUT,66,-5,40996
SWAY_PERF_OUTPUT,67,10,40997
SWAY_PERF_OUTPUT,68,11,40998
SWAY_PERF_OUTPUT,69,10,40999
SWAY_PERF_OUTPUT,70,11,41000
SWAY_PERF_OUTPUT,71,5,41001
SWAY_PERF_OUTPUT,72,3,41002
SWAY_PERF_OUTPUT,73,0,41003
SWAY_PERF_OUTPUT,74,0,41004
SWAY_PERF_OUTPUT,75,8,41005
SWAY_PERF_OUTPUT,76,62,41006
SWAY_PERF_OUTPUT,77,62,41007
SWAY_PERF_OUTPUT,78,62,41008
SWAY_PERF_OUTPUT,79,62,41009
SWAY_PERF_OUTPUT,80,62,41010
SWAY_PERF_OUTPUT,81,62,41011
SWAY_PERF_OUTPUT,82,60,41012
SWAY_PERF_OUTPUT,83,61,41013
SWAY_PERF_OUTPUT,84,61,41014
SWAY_PERF_OUTPUT,85,60,41015
SWAY_PERF_OUTPUT,86,61,41016
SWAY_PERF_OUTPUT,87,60,41017
SWAY_PERF_OUTPUT,88,62,41018
SWAY_PERF_OUTPUT,89,59,41019
SWAY_PERF_OUTPUT,90,61,41020
SWAY_PERF_OUTPUT,91,61,41021
SWAY_PERF_OUTPUT,92,64,41022
SWAY_PERF_OUTPUT,93,60,41023
SWAY_PERF_OUTPUT,94,62,41024
SWAY_PERF_OUTPUT,95,-6,41025
SWAY_PERF_OUTPUT,96,4,41026
SWAY_PERF_OUTPUT,97,14,41027
SWAY_PERF_OUTPUT,98,18,41028
SWAY_PERF_OUTPUT,99,10,41029
SWAY_PERF_OUTPUT,100,6,41030
SWAY_PERF_OUTPUT,101,-1,41031
SWAY_PERF_OUTPUT,102,10,41032
SWAY_PERF_OUTPUT,103,4,41033
SWAY_PERF_OUTPUT,104,-1,41034
SWAY_PERF_OUTPUT,105,-5,41035
SWAY_PERF_OUTPUT,106,-16,41036
SWAY_PERF_OUTPUT,107,-26,41037
SWAY_PERF_OUTPUT,108,-29,41038
SWAY_PERF_OUTPUT,109,-6,41039
SWAY_PERF_OUTPUT,110,-15,41040
SWAY_PERF_OUTPUT,111,-26,41041
SWAY_PERF_OUTPUT,112,-28,41042
SWAY_PERF_OUTPUT,113,11,41043
SWAY_PERF_FRAME,1,40987,41043
SWAY_PROFILE,head_in,2,4,41885
SWAY_PROFILE,block0_in,2,12,41970
SWAY_PROFILE,block1_in,2,7,41970
SWAY_PROFILE,embedding_in,2,14,41972
SWAY_PROFILE,patch_ready,2,15,41973
SWAY_PERF_INPUT_FRAME,4,26472,42263
SWAY_PROFILE,head_in,2,5,42872
SWAY_PROFILE,block0_in,2,13,42957
SWAY_PROFILE,block1_in,2,8,42957
SWAY_PROFILE,embedding_in,2,15,42959
SWAY_PROFILE,patch_ready,3,0,42960
SWAY_PROFILE,head_in,2,6,43859
SWAY_PROFILE,block0_in,2,14,43944
SWAY_PROFILE,block1_in,2,9,43944
SWAY_PROFILE,embedding_in,3,0,43946
SWAY_PROFILE,patch_ready,3,1,43947
SWAY_PROFILE,head_in,2,7,44846
SWAY_PROFILE,block0_in,2,15,44931
SWAY_PROFILE,block1_in,2,10,44931
SWAY_PROFILE,embedding_in,3,1,44933
SWAY_PROFILE,patch_ready,3,2,44934
SWAY_PROFILE,head_in,2,8,45833
SWAY_PROFILE,block0_in,3,0,45918
SWAY_PROFILE,block1_in,2,11,45918
SWAY_PROFILE,embedding_in,3,2,45920
SWAY_PROFILE,patch_ready,3,3,45921
SWAY_PROFILE,head_in,2,9,46820
SWAY_PROFILE,block0_in,3,1,46905
SWAY_PROFILE,block1_in,2,12,46905
SWAY_PROFILE,embedding_in,3,3,46907
SWAY_PROFILE,patch_ready,3,4,46908
SWAY_PROFILE,head_in,2,10,47807
SWAY_PROFILE,block0_in,3,2,47892
SWAY_PROFILE,block1_in,2,13,47892
SWAY_PROFILE,embedding_in,3,4,47894
SWAY_PROFILE,patch_ready,3,5,47895
SWAY_PROFILE,head_in,2,11,48794
SWAY_PROFILE,block0_in,3,3,48879
SWAY_PROFILE,block1_in,2,14,48879
SWAY_PROFILE,embedding_in,3,5,48881
SWAY_PROFILE,patch_ready,3,6,48882
SWAY_PROFILE,head_in,2,12,49781
SWAY_PROFILE,block0_in,3,4,49866
SWAY_PROFILE,block1_in,2,15,49866
SWAY_PROFILE,embedding_in,3,6,49868
SWAY_PROFILE,patch_ready,3,7,49869
SWAY_PROFILE,head_in,2,13,50768
SWAY_PROFILE,block0_in,3,5,50853
SWAY_PROFILE,block1_in,3,0,50853
SWAY_PROFILE,embedding_in,3,7,50855
SWAY_PROFILE,patch_ready,3,8,50856
SWAY_PROFILE,head_in,2,14,51755
SWAY_PROFILE,block0_in,3,6,51840
SWAY_PROFILE,block1_in,3,1,51840
SWAY_PROFILE,embedding_in,3,8,51842
SWAY_PROFILE,patch_ready,3,9,51843
SWAY_PROFILE,head_in,2,15,52742
SWAY_PROFILE,block0_in,3,7,52827
SWAY_PROFILE,block1_in,3,2,52827
SWAY_PROFILE,embedding_in,3,9,52829
SWAY_PROFILE,patch_ready,3,10,52830
SWAY_PROFILE,head_in,3,0,53729
SWAY_PROFILE,block0_in,3,8,53814
SWAY_PROFILE,block1_in,3,3,53814
SWAY_PROFILE,embedding_in,3,10,53816
SWAY_PROFILE,patch_ready,3,11,53817
SWAY_PROFILE,head_in,3,1,54716
SWAY_PROFILE,block0_in,3,9,54801
SWAY_PROFILE,block1_in,3,4,54801
SWAY_PROFILE,embedding_in,3,11,54803
SWAY_PROFILE,patch_ready,3,12,54804
SWAY_PROFILE,head_in,3,2,55703
SWAY_PROFILE,block0_in,3,10,55788
SWAY_PROFILE,block1_in,3,5,55788
SWAY_PROFILE,embedding_in,3,12,55790
SWAY_PROFILE,patch_ready,3,13,55791
SWAY_PROFILE,head_output_in,2,0,56035
SWAY_PROFILE,head_in,3,3,56690
SWAY_PROFILE,block0_in,3,11,56775
SWAY_PROFILE,block1_in,3,6,56775
SWAY_PROFILE,embedding_in,3,13,56777
SWAY_PROFILE,serialize_in,2,0,56777
SWAY_PROFILE,patch_ready,3,14,56778
SWAY_PERF_OUTPUT,114,8,56779
SWAY_PERF_OUTPUT,115,9,56780
SWAY_PERF_OUTPUT,116,8,56781
SWAY_PERF_OUTPUT,117,9,56782
SWAY_PERF_OUTPUT,118,13,56783
SWAY_PERF_OUTPUT,119,16,56784
SWAY_PERF_OUTPUT,120,15,56785
SWAY_PERF_OUTPUT,121,4,56786
SWAY_PERF_OUTPUT,122,1,56787
SWAY_PERF_OUTPUT,123,0,56788
SWAY_PERF_OUTPUT,124,10,56789
SWAY_PERF_OUTPUT,125,10,56790
SWAY_PERF_OUTPUT,126,8,56791
SWAY_PERF_OUTPUT,127,8,56792
SWAY_PERF_OUTPUT,128,6,56793
SWAY_PERF_OUTPUT,129,4,56794
SWAY_PERF_OUTPUT,130,2,56795
SWAY_PERF_OUTPUT,131,1,56796
SWAY_PERF_OUTPUT,132,9,56797
SWAY_PERF_OUTPUT,133,63,56798
SWAY_PERF_OUTPUT,134,63,56799
SWAY_PERF_OUTPUT,135,63,56800
SWAY_PERF_OUTPUT,136,63,56801
SWAY_PERF_OUTPUT,137,62,56802
SWAY_PERF_OUTPUT,138,62,56803
SWAY_PERF_OUTPUT,139,60,56804
SWAY_PERF_OUTPUT,140,62,56805
SWAY_PERF_OUTPUT,141,64,56806
SWAY_PERF_OUTPUT,142,62,56807
SWAY_PERF_OUTPUT,143,62,56808
SWAY_PERF_OUTPUT,144,62,56809
SWAY_PERF_OUTPUT,145,63,56810
SWAY_PERF_OUTPUT,146,62,56811
SWAY_PERF_OUTPUT,147,62,56812
SWAY_PERF_OUTPUT,148,62,56813
SWAY_PERF_OUTPUT,149,63,56814
SWAY_PERF_OUTPUT,150,59,56815
SWAY_PERF_OUTPUT,151,63,56816
SWAY_PERF_OUTPUT,152,-8,56817
SWAY_PERF_OUTPUT,153,2,56818
SWAY_PERF_OUTPUT,154,13,56819
SWAY_PERF_OUTPUT,155,17,56820
SWAY_PERF_OUTPUT,156,9,56821
SWAY_PERF_OUTPUT,157,2,56822
SWAY_PERF_OUTPUT,158,-4,56823
SWAY_PERF_OUTPUT,159,8,56824
SWAY_PERF_OUTPUT,160,2,56825
SWAY_PERF_OUTPUT,161,-4,56826
SWAY_PERF_OUTPUT,162,-7,56827
SWAY_PERF_OUTPUT,163,-17,56828
SWAY_PERF_OUTPUT,164,-28,56829
SWAY_PERF_OUTPUT,165,-30,56830
SWAY_PERF_OUTPUT,166,-7,56831
SWAY_PERF_OUTPUT,167,-16,56832
SWAY_PERF_OUTPUT,168,-26,56833
SWAY_PERF_OUTPUT,169,-29,56834
SWAY_PERF_OUTPUT,170,10,56835
SWAY_PERF_FRAME,2,56779,56835
SWAY_PROFILE,head_in,3,4,57677
SWAY_PROFILE,block0_in,3,12,57762
SWAY_PROFILE,block1_in,3,7,57762
SWAY_PROFILE,embedding_in,3,14,57764
SWAY_PROFILE,patch_ready,3,15,57765
SWAY_PERF_INPUT_FRAME,5,42264,58055
SWAY_PROFILE,head_in,3,5,58664
SWAY_PROFILE,block0_in,3,13,58749
SWAY_PROFILE,block1_in,3,8,58749
SWAY_PROFILE,embedding_in,3,15,58751
SWAY_PROFILE,patch_ready,4,0,58752
SWAY_PROFILE,head_in,3,6,59651
SWAY_PROFILE,block0_in,3,14,59736
SWAY_PROFILE,block1_in,3,9,59736
SWAY_PROFILE,embedding_in,4,0,59738
SWAY_PROFILE,patch_ready,4,1,59739
SWAY_PROFILE,head_in,3,7,60638
SWAY_PROFILE,block0_in,3,15,60723
SWAY_PROFILE,block1_in,3,10,60723
SWAY_PROFILE,embedding_in,4,1,60725
SWAY_PROFILE,patch_ready,4,2,60726
SWAY_PROFILE,head_in,3,8,61625
SWAY_PROFILE,block0_in,4,0,61710
SWAY_PROFILE,block1_in,3,11,61710
SWAY_PROFILE,embedding_in,4,2,61712
SWAY_PROFILE,patch_ready,4,3,61713
SWAY_PROFILE,head_in,3,9,62612
SWAY_PROFILE,block0_in,4,1,62697
SWAY_PROFILE,block1_in,3,12,62697
SWAY_PROFILE,embedding_in,4,3,62699
SWAY_PROFILE,patch_ready,4,4,62700
SWAY_PROFILE,head_in,3,10,63599
SWAY_PROFILE,block0_in,4,2,63684
SWAY_PROFILE,block1_in,3,13,63684
SWAY_PROFILE,embedding_in,4,4,63686
SWAY_PROFILE,patch_ready,4,5,63687
SWAY_PROFILE,head_in,3,11,64586
SWAY_PROFILE,block0_in,4,3,64671
SWAY_PROFILE,block1_in,3,14,64671
SWAY_PROFILE,embedding_in,4,5,64673
SWAY_PROFILE,patch_ready,4,6,64674
SWAY_PROFILE,head_in,3,12,65573
SWAY_PROFILE,block0_in,4,4,65658
SWAY_PROFILE,block1_in,3,15,65658
SWAY_PROFILE,embedding_in,4,6,65660
SWAY_PROFILE,patch_ready,4,7,65661
SWAY_PROFILE,head_in,3,13,66560
SWAY_PROFILE,block0_in,4,5,66645
SWAY_PROFILE,block1_in,4,0,66645
SWAY_PROFILE,embedding_in,4,7,66647
SWAY_PROFILE,patch_ready,4,8,66648
SWAY_PROFILE,head_in,3,14,67547
SWAY_PROFILE,block0_in,4,6,67632
SWAY_PROFILE,block1_in,4,1,67632
SWAY_PROFILE,embedding_in,4,8,67634
SWAY_PROFILE,patch_ready,4,9,67635
SWAY_PROFILE,head_in,3,15,68534
SWAY_PROFILE,block0_in,4,7,68619
SWAY_PROFILE,block1_in,4,2,68619
SWAY_PROFILE,embedding_in,4,9,68621
SWAY_PROFILE,patch_ready,4,10,68622
SWAY_PROFILE,head_in,4,0,69521
SWAY_PROFILE,block0_in,4,8,69606
SWAY_PROFILE,block1_in,4,3,69606
SWAY_PROFILE,embedding_in,4,10,69608
SWAY_PROFILE,patch_ready,4,11,69609
SWAY_PROFILE,head_in,4,1,70508
SWAY_PROFILE,block0_in,4,9,70593
SWAY_PROFILE,block1_in,4,4,70593
SWAY_PROFILE,embedding_in,4,11,70595
SWAY_PROFILE,patch_ready,4,12,70596
SWAY_PROFILE,head_in,4,2,71495
SWAY_PROFILE,block0_in,4,10,71580
SWAY_PROFILE,block1_in,4,5,71580
SWAY_PROFILE,embedding_in,4,12,71582
SWAY_PROFILE,patch_ready,4,13,71583
SWAY_PROFILE,head_output_in,3,0,71827
SWAY_PROFILE,head_in,4,3,72482
SWAY_PROFILE,block0_in,4,11,72567
SWAY_PROFILE,block1_in,4,6,72567
SWAY_PROFILE,embedding_in,4,13,72569
SWAY_PROFILE,serialize_in,3,0,72569
SWAY_PROFILE,patch_ready,4,14,72570
SWAY_PERF_OUTPUT,171,7,72571
SWAY_PERF_OUTPUT,172,7,72572
SWAY_PERF_OUTPUT,173,6,72573
SWAY_PERF_OUTPUT,174,7,72574
SWAY_PERF_OUTPUT,175,13,72575
SWAY_PERF_OUTPUT,176,17,72576
SWAY_PERF_OUTPUT,177,20,72577
SWAY_PERF_OUTPUT,178,1,72578
SWAY_PERF_OUTPUT,179,-3,72579
SWAY_PERF_OUTPUT,180,-4,72580
SWAY_PERF_OUTPUT,181,10,72581
SWAY_PERF_OUTPUT,182,11,72582
SWAY_PERF_OUTPUT,183,13,72583
SWAY_PERF_OUTPUT,184,13,72584
SWAY_PERF_OUTPUT,185,5,72585
SWAY_PERF_OUTPUT,186,4,72586
SWAY_PERF_OUTPUT,187,2,72587
SWAY_PERF_OUTPUT,188,2,72588
SWAY_PERF_OUTPUT,189,7,72589
SWAY_PERF_OUTPUT,190,62,72590
SWAY_PERF_OUTPUT,191,62,72591
SWAY_PERF_OUTPUT,192,62,72592
SWAY_PERF_OUTPUT,193,61,72593
SWAY_PERF_OUTPUT,194,63,72594
SWAY_PERF_OUTPUT,195,65,72595
SWAY_PERF_OUTPUT,196,62,72596
SWAY_PERF_OUTPUT,197,60,72597
SWAY_PERF_OUTPUT,198,59,72598
SWAY_PERF_OUTPUT,199,57,72599
SWAY_PERF_OUTPUT,200,60,72600
SWAY_PERF_OUTPUT,201,60,72601
SWAY_PERF_OUTPUT,202,59,72602
SWAY_PERF_OUTPUT,203,56,72603
SWAY_PERF_OUTPUT,204,60,72604
SWAY_PERF_OUTPUT,205,63,72605
SWAY_PERF_OUTPUT,206,65,72606
SWAY_PERF_OUTPUT,207,62,72607
SWAY_PERF_OUTPUT,208,62,72608
SWAY_PERF_OUTPUT,209,-3,72609
SWAY_PERF_OUTPUT,210,7,72610
SWAY_PERF_OUTPUT,211,17,72611
SWAY_PERF_OUTPUT,212,22,72612
SWAY_PERF_OUTPUT,213,14,72613
SWAY_PERF_OUTPUT,214,10,72614
SWAY_PERF_OUTPUT,215,8,72615
SWAY_PERF_OUTPUT,216,14,72616
SWAY_PERF_OUTPUT,217,8,72617
SWAY_PERF_OUTPUT,218,4,72618
SWAY_PERF_OUTPUT,219,-2,72619
SWAY_PERF_OUTPUT,220,-15,72620
SWAY_PERF_OUTPUT,221,-26,72621
SWAY_PERF_OUTPUT,222,-28,72622
SWAY_PERF_OUTPUT,223,-3,72623
SWAY_PERF_OUTPUT,224,-15,72624
SWAY_PERF_OUTPUT,225,-26,72625
SWAY_PERF_OUTPUT,226,-28,72626
SWAY_PERF_OUTPUT,227,15,72627
SWAY_PERF_FRAME,3,72571,72627
SWAY_PROFILE,head_in,4,4,73469
SWAY_PROFILE,block0_in,4,12,73554
SWAY_PROFILE,block1_in,4,7,73554
SWAY_PROFILE,embedding_in,4,14,73556
SWAY_PROFILE,patch_ready,4,15,73557
SWAY_PERF_INPUT_FRAME,6,58056,73847
SWAY_PROFILE,head_in,4,5,74456
SWAY_PROFILE,block0_in,4,13,74541
SWAY_PROFILE,block1_in,4,8,74541
SWAY_PROFILE,embedding_in,4,15,74543
SWAY_PROFILE,patch_ready,5,0,74544
SWAY_PROFILE,head_in,4,6,75443
SWAY_PROFILE,block0_in,4,14,75528
SWAY_PROFILE,block1_in,4,9,75528
SWAY_PROFILE,embedding_in,5,0,75530
SWAY_PROFILE,patch_ready,5,1,75531
SWAY_PROFILE,head_in,4,7,76430
SWAY_PROFILE,block0_in,4,15,76515
SWAY_PROFILE,block1_in,4,10,76515
SWAY_PROFILE,embedding_in,5,1,76517
SWAY_PROFILE,patch_ready,5,2,76518
SWAY_PROFILE,head_in,4,8,77417
SWAY_PROFILE,block0_in,5,0,77502
SWAY_PROFILE,block1_in,4,11,77502
SWAY_PROFILE,embedding_in,5,2,77504
SWAY_PROFILE,patch_ready,5,3,77505
SWAY_PROFILE,head_in,4,9,78404
SWAY_PROFILE,block0_in,5,1,78489
SWAY_PROFILE,block1_in,4,12,78489
SWAY_PROFILE,embedding_in,5,3,78491
SWAY_PROFILE,patch_ready,5,4,78492
SWAY_PROFILE,head_in,4,10,79391
SWAY_PROFILE,block0_in,5,2,79476
SWAY_PROFILE,block1_in,4,13,79476
SWAY_PROFILE,embedding_in,5,4,79478
SWAY_PROFILE,patch_ready,5,5,79479
SWAY_PROFILE,head_in,4,11,80378
SWAY_PROFILE,block0_in,5,3,80463
SWAY_PROFILE,block1_in,4,14,80463
SWAY_PROFILE,embedding_in,5,5,80465
SWAY_PROFILE,patch_ready,5,6,80466
SWAY_PROFILE,head_in,4,12,81365
SWAY_PROFILE,block0_in,5,4,81450
SWAY_PROFILE,block1_in,4,15,81450
SWAY_PROFILE,embedding_in,5,6,81452
SWAY_PROFILE,patch_ready,5,7,81453
SWAY_PROFILE,head_in,4,13,82352
SWAY_PROFILE,block0_in,5,5,82437
SWAY_PROFILE,block1_in,5,0,82437
SWAY_PROFILE,embedding_in,5,7,82439
SWAY_PROFILE,patch_ready,5,8,82440
SWAY_PROFILE,head_in,4,14,83339
SWAY_PROFILE,block0_in,5,6,83424
SWAY_PROFILE,block1_in,5,1,83424
SWAY_PROFILE,embedding_in,5,8,83426
SWAY_PROFILE,patch_ready,5,9,83427
SWAY_PROFILE,head_in,4,15,84326
SWAY_PROFILE,block0_in,5,7,84411
SWAY_PROFILE,block1_in,5,2,84411
SWAY_PROFILE,embedding_in,5,9,84413
SWAY_PROFILE,patch_ready,5,10,84414
SWAY_PROFILE,head_in,5,0,85313
SWAY_PROFILE,block0_in,5,8,85398
SWAY_PROFILE,block1_in,5,3,85398
SWAY_PROFILE,embedding_in,5,10,85400
SWAY_PROFILE,patch_ready,5,11,85401
SWAY_PROFILE,head_in,5,1,86300
SWAY_PROFILE,block0_in,5,9,86385
SWAY_PROFILE,block1_in,5,4,86385
SWAY_PROFILE,embedding_in,5,11,86387
SWAY_PROFILE,patch_ready,5,12,86388
SWAY_PROFILE,head_in,5,2,87287
SWAY_PROFILE,block0_in,5,10,87372
SWAY_PROFILE,block1_in,5,5,87372
SWAY_PROFILE,embedding_in,5,12,87374
SWAY_PROFILE,patch_ready,5,13,87375
SWAY_PROFILE,head_output_in,4,0,87619
SWAY_PROFILE,head_in,5,3,88274
SWAY_PROFILE,block0_in,5,11,88359
SWAY_PROFILE,block1_in,5,6,88359
SWAY_PROFILE,embedding_in,5,13,88361
SWAY_PROFILE,serialize_in,4,0,88361
SWAY_PROFILE,patch_ready,5,14,88362
SWAY_PERF_OUTPUT,228,8,88363
SWAY_PERF_OUTPUT,229,9,88364
SWAY_PERF_OUTPUT,230,9,88365
SWAY_PERF_OUTPUT,231,9,88366
SWAY_PERF_OUTPUT,232,14,88367
SWAY_PERF_OUTPUT,233,20,88368
SWAY_PERF_OUTPUT,234,23,88369
SWAY_PERF_OUTPUT,235,3,88370
SWAY_PERF_OUTPUT,236,-4,88371
SWAY_PERF_OUTPUT,237,-9,88372
SWAY_PERF_OUTPUT,238,11,88373
SWAY_PERF_OUTPUT,239,13,88374
SWAY_PERF_OUTPUT,240,13,88375
SWAY_PERF_OUTPUT,241,14,88376
SWAY_PERF_OUTPUT,242,6,88377
SWAY_PERF_OUTPUT,243,0,88378
SWAY_PERF_OUTPUT,244,-5,88379
SWAY_PERF_OUTPUT,245,-5,88380
SWAY_PERF_OUTPUT,246,9,88381
SWAY_PERF_OUTPUT,247,62,88382
SWAY_PERF_OUTPUT,248,61,88383
SWAY_PERF_OUTPUT,249,60,88384
SWAY_PERF_OUTPUT,250,59,88385
SWAY_PERF_OUTPUT,251,59,88386
SWAY_PERF_OUTPUT,252,59,88387
SWAY_PERF_OUTPUT,253,58,88388
SWAY_PERF_OUTPUT,254,60,88389
SWAY_PERF_OUTPUT,255,60,88390
SWAY_PERF_OUTPUT,256,59,88391
SWAY_PERF_OUTPUT,257,60,88392
SWAY_PERF_OUTPUT,258,58,88393
SWAY_PERF_OUTPUT,259,61,88394
SWAY_PERF_OUTPUT,260,59,88395
SWAY_PERF_OUTPUT,261,61,88396
SWAY_PERF_OUTPUT,262,59,88397
SWAY_PERF_OUTPUT,263,61,88398
SWAY_PERF_OUTPUT,264,58,88399
SWAY_PERF_OUTPUT,265,60,88400
SWAY_PERF_OUTPUT,266,-8,88401
SWAY_PERF_OUTPUT,267,2,88402
SWAY_PERF_OUTPUT,268,11,88403
SWAY_PERF_OUTPUT,269,15,88404
SWAY_PERF_OUTPUT,270,8,88405
SWAY_PERF_OUTPUT,271,6,88406
SWAY_PERF_OUTPUT,272,5,88407
SWAY_PERF_OUTPUT,273,8,88408
SWAY_PERF_OUTPUT,274,6,88409
SWAY_PERF_OUTPUT,275,8,88410
SWAY_PERF_OUTPUT,276,-7,88411
SWAY_PERF_OUTPUT,277,-16,88412
SWAY_PERF_OUTPUT,278,-27,88413
SWAY_PERF_OUTPUT,279,-29,88414
SWAY_PERF_OUTPUT,280,-7,88415
SWAY_PERF_OUTPUT,281,-14,88416
SWAY_PERF_OUTPUT,282,-25,88417
SWAY_PERF_OUTPUT,283,-27,88418
SWAY_PERF_OUTPUT,284,9,88419
SWAY_PERF_FRAME,4,88363,88419
SWAY_PROFILE,head_in,5,4,89261
SWAY_PROFILE,block0_in,5,12,89346
SWAY_PROFILE,block1_in,5,7,89346
SWAY_PROFILE,embedding_in,5,14,89348
SWAY_PROFILE,patch_ready,5,15,89349
SWAY_PERF_INPUT_FRAME,7,73848,89639
SWAY_PROFILE,head_in,5,5,90248
SWAY_PROFILE,block0_in,5,13,90333
SWAY_PROFILE,block1_in,5,8,90333
SWAY_PROFILE,embedding_in,5,15,90335
SWAY_PROFILE,patch_ready,6,0,90336
SWAY_PROFILE,head_in,5,6,91235
SWAY_PROFILE,block0_in,5,14,91320
SWAY_PROFILE,block1_in,5,9,91320
SWAY_PROFILE,embedding_in,6,0,91322
SWAY_PROFILE,patch_ready,6,1,91323
SWAY_PROFILE,head_in,5,7,92222
SWAY_PROFILE,block0_in,5,15,92307
SWAY_PROFILE,block1_in,5,10,92307
SWAY_PROFILE,embedding_in,6,1,92309
SWAY_PROFILE,patch_ready,6,2,92310
SWAY_PROFILE,head_in,5,8,93209
SWAY_PROFILE,block0_in,6,0,93294
SWAY_PROFILE,block1_in,5,11,93294
SWAY_PROFILE,embedding_in,6,2,93296
SWAY_PROFILE,patch_ready,6,3,93297
SWAY_PROFILE,head_in,5,9,94196
SWAY_PROFILE,block0_in,6,1,94281
SWAY_PROFILE,block1_in,5,12,94281
SWAY_PROFILE,embedding_in,6,3,94283
SWAY_PROFILE,patch_ready,6,4,94284
SWAY_PROFILE,head_in,5,10,95183
SWAY_PROFILE,block0_in,6,2,95268
SWAY_PROFILE,block1_in,5,13,95268
SWAY_PROFILE,embedding_in,6,4,95270
SWAY_PROFILE,patch_ready,6,5,95271
SWAY_PROFILE,head_in,5,11,96170
SWAY_PROFILE,block0_in,6,3,96255
SWAY_PROFILE,block1_in,5,14,96255
SWAY_PROFILE,embedding_in,6,5,96257
SWAY_PROFILE,patch_ready,6,6,96258
SWAY_PROFILE,head_in,5,12,97157
SWAY_PROFILE,block0_in,6,4,97242
SWAY_PROFILE,block1_in,5,15,97242
SWAY_PROFILE,embedding_in,6,6,97244
SWAY_PROFILE,patch_ready,6,7,97245
SWAY_PROFILE,head_in,5,13,98144
SWAY_PROFILE,block0_in,6,5,98229
SWAY_PROFILE,block1_in,6,0,98229
SWAY_PROFILE,embedding_in,6,7,98231
SWAY_PROFILE,patch_ready,6,8,98232
SWAY_PROFILE,head_in,5,14,99131
SWAY_PROFILE,block0_in,6,6,99216
SWAY_PROFILE,block1_in,6,1,99216
SWAY_PROFILE,embedding_in,6,8,99218
SWAY_PROFILE,patch_ready,6,9,99219
SWAY_PROFILE,head_in,5,15,100118
SWAY_PROFILE,block0_in,6,7,100203
SWAY_PROFILE,block1_in,6,2,100203
SWAY_PROFILE,embedding_in,6,9,100205
SWAY_PROFILE,patch_ready,6,10,100206
SWAY_PROFILE,head_in,6,0,101105
SWAY_PROFILE,block0_in,6,8,101190
SWAY_PROFILE,block1_in,6,3,101190
SWAY_PROFILE,embedding_in,6,10,101192
SWAY_PROFILE,patch_ready,6,11,101193
SWAY_PROFILE,head_in,6,1,102092
SWAY_PROFILE,block0_in,6,9,102177
SWAY_PROFILE,block1_in,6,4,102177
SWAY_PROFILE,embedding_in,6,11,102179
SWAY_PROFILE,patch_ready,6,12,102180
SWAY_PROFILE,head_in,6,2,103079
SWAY_PROFILE,block0_in,6,10,103164
SWAY_PROFILE,block1_in,6,5,103164
SWAY_PROFILE,embedding_in,6,12,103166
SWAY_PROFILE,patch_ready,6,13,103167
SWAY_PROFILE,head_output_in,5,0,103411
SWAY_PROFILE,head_in,6,3,104066
SWAY_PROFILE,block0_in,6,11,104151
SWAY_PROFILE,block1_in,6,6,104151
SWAY_PROFILE,embedding_in,6,13,104153
SWAY_PROFILE,serialize_in,5,0,104153
SWAY_PROFILE,patch_ready,6,14,104154
SWAY_PERF_OUTPUT,285,4,104155
SWAY_PERF_OUTPUT,286,4,104156
SWAY_PERF_OUTPUT,287,3,104157
SWAY_PERF_OUTPUT,288,3,104158
SWAY_PERF_OUTPUT,289,9,104159
SWAY_PERF_OUTPUT,290,16,104160
SWAY_PERF_OUTPUT,291,19,104161
SWAY_PERF_OUTPUT,292,-2,104162
SWAY_PERF_OUTPUT,293,-7,104163
SWAY_PERF_OUTPUT,294,-8,104164
SWAY_PERF_OUTPUT,295,7,104165
SWAY_PERF_OUTPUT,296,11,104166
SWAY_PERF_OUTPUT,297,13,104167
SWAY_PERF_OUTPUT,298,14,104168
SWAY_PERF_OUTPUT,299,2,104169
SWAY_PERF_OUTPUT,300,-1,104170
SWAY_PERF_OUTPUT,301,-2,104171
SWAY_PERF_OUTPUT,302,-2,104172
SWAY_PERF_OUTPUT,303,3,104173
SWAY_PERF_OUTPUT,304,61,104174
SWAY_PERF_OUTPUT,305,61,104175
SWAY_PERF_OUTPUT,306,60,104176
SWAY_PERF_OUTPUT,307,60,104177
SWAY_PERF_OUTPUT,308,60,104178
SWAY_PERF_OUTPUT,309,61,104179
SWAY_PERF_OUTPUT,310,59,104180
SWAY_PERF_OUTPUT,311,59,104181
SWAY_PERF_OUTPUT,312,59,104182
SWAY_PERF_OUTPUT,313,58,104183
SWAY_PERF_OUTPUT,314,60,104184
SWAY_PERF_OUTPUT,315,59,104185
SWAY_PERF_OUTPUT,316,60,104186
SWAY_PERF_OUTPUT,317,57,104187
SWAY_PERF_OUTPUT,318,60,104188
SWAY_PERF_OUTPUT,319,59,104189
SWAY_PERF_OUTPUT,320,62,104190
SWAY_PERF_OUTPUT,321,59,104191
SWAY_PERF_OUTPUT,322,60,104192
SWAY_PERF_OUTPUT,323,-6,104193
SWAY_PERF_OUTPUT,324,4,104194
SWAY_PERF_OUTPUT,325,14,104195
SWAY_PERF_OUTPUT,326,18,104196
SWAY_PERF_OUTPUT,327,11,104197
SWAY_PERF_OUTPUT,328,10,104198
SWAY_PERF_OUTPUT,329,11,104199
SWAY_PERF_OUTPUT,330,10,104200
SWAY_PERF_OUTPUT,331,6,104201
SWAY_PERF_OUTPUT,332,5,104202
SWAY_PERF_OUTPUT,333,-5,104203
SWAY_PERF_OUTPUT,334,-15,104204
SWAY_PERF_OUTPUT,335,-25,104205
SWAY_PERF_OUTPUT,336,-28,104206
SWAY_PERF_OUTPUT,337,-6,104207
SWAY_PERF_OUTPUT,338,-15,104208
SWAY_PERF_OUTPUT,339,-27,104209
SWAY_PERF_OUTPUT,340,-29,104210
SWAY_PERF_OUTPUT,341,12,104211
SWAY_PERF_FRAME,5,104155,104211
SWAY_PROFILE,head_in,6,4,105053
SWAY_PROFILE,block0_in,6,12,105138
SWAY_PROFILE,block1_in,6,7,105138
SWAY_PROFILE,embedding_in,6,14,105140
SWAY_PROFILE,patch_ready,6,15,105141
SWAY_PERF_INPUT_FRAME,8,89640,105431
SWAY_PROFILE,head_in,6,5,106040
SWAY_PROFILE,block0_in,6,13,106125
SWAY_PROFILE,block1_in,6,8,106125
SWAY_PROFILE,embedding_in,6,15,106127
SWAY_PROFILE,patch_ready,7,0,106128
SWAY_PROFILE,head_in,6,6,107027
SWAY_PROFILE,block0_in,6,14,107112
SWAY_PROFILE,block1_in,6,9,107112
SWAY_PROFILE,embedding_in,7,0,107114
SWAY_PROFILE,patch_ready,7,1,107115
SWAY_PROFILE,head_in,6,7,108014
SWAY_PROFILE,block0_in,6,15,108099
SWAY_PROFILE,block1_in,6,10,108099
SWAY_PROFILE,embedding_in,7,1,108101
SWAY_PROFILE,patch_ready,7,2,108102
SWAY_PROFILE,head_in,6,8,109001
SWAY_PROFILE,block0_in,7,0,109086
SWAY_PROFILE,block1_in,6,11,109086
SWAY_PROFILE,embedding_in,7,2,109088
SWAY_PROFILE,patch_ready,7,3,109089
SWAY_PROFILE,head_in,6,9,109988
SWAY_PROFILE,block0_in,7,1,110073
SWAY_PROFILE,block1_in,6,12,110073
SWAY_PROFILE,embedding_in,7,3,110075
SWAY_PROFILE,patch_ready,7,4,110076
SWAY_PROFILE,head_in,6,10,110975
SWAY_PROFILE,block0_in,7,2,111060
SWAY_PROFILE,block1_in,6,13,111060
SWAY_PROFILE,embedding_in,7,4,111062
SWAY_PROFILE,patch_ready,7,5,111063
SWAY_PROFILE,head_in,6,11,111962
SWAY_PROFILE,block0_in,7,3,112047
SWAY_PROFILE,block1_in,6,14,112047
SWAY_PROFILE,embedding_in,7,5,112049
SWAY_PROFILE,patch_ready,7,6,112050
SWAY_PROFILE,head_in,6,12,112949
SWAY_PROFILE,block0_in,7,4,113034
SWAY_PROFILE,block1_in,6,15,113034
SWAY_PROFILE,embedding_in,7,6,113036
SWAY_PROFILE,patch_ready,7,7,113037
SWAY_PROFILE,head_in,6,13,113936
SWAY_PROFILE,block0_in,7,5,114021
SWAY_PROFILE,block1_in,7,0,114021
SWAY_PROFILE,embedding_in,7,7,114023
SWAY_PROFILE,patch_ready,7,8,114024
SWAY_PROFILE,head_in,6,14,114923
SWAY_PROFILE,block0_in,7,6,115008
SWAY_PROFILE,block1_in,7,1,115008
SWAY_PROFILE,embedding_in,7,8,115010
SWAY_PROFILE,patch_ready,7,9,115011
SWAY_PROFILE,head_in,6,15,115910
SWAY_PROFILE,block0_in,7,7,115995
SWAY_PROFILE,block1_in,7,2,115995
SWAY_PROFILE,embedding_in,7,9,115997
SWAY_PROFILE,patch_ready,7,10,115998
SWAY_PROFILE,head_in,7,0,116897
SWAY_PROFILE,block0_in,7,8,116982
SWAY_PROFILE,block1_in,7,3,116982
SWAY_PROFILE,embedding_in,7,10,116984
SWAY_PROFILE,patch_ready,7,11,116985
SWAY_PROFILE,head_in,7,1,117884
SWAY_PROFILE,block0_in,7,9,117969
SWAY_PROFILE,block1_in,7,4,117969
SWAY_PROFILE,embedding_in,7,11,117971
SWAY_PROFILE,patch_ready,7,12,117972
SWAY_PROFILE,head_in,7,2,118871
SWAY_PROFILE,block0_in,7,10,118956
SWAY_PROFILE,block1_in,7,5,118956
SWAY_PROFILE,embedding_in,7,12,118958
SWAY_PROFILE,patch_ready,7,13,118959
SWAY_PROFILE,head_output_in,6,0,119203
SWAY_PROFILE,head_in,7,3,119858
SWAY_PROFILE,block0_in,7,11,119943
SWAY_PROFILE,block1_in,7,6,119943
SWAY_PROFILE,embedding_in,7,13,119945
SWAY_PROFILE,serialize_in,6,0,119945
SWAY_PROFILE,patch_ready,7,14,119946
SWAY_PERF_OUTPUT,342,4,119947
SWAY_PERF_OUTPUT,343,4,119948
SWAY_PERF_OUTPUT,344,3,119949
SWAY_PERF_OUTPUT,345,3,119950
SWAY_PERF_OUTPUT,346,10,119951
SWAY_PERF_OUTPUT,347,16,119952
SWAY_PERF_OUTPUT,348,21,119953
SWAY_PERF_OUTPUT,349,-3,119954
SWAY_PERF_OUTPUT,350,-10,119955
SWAY_PERF_OUTPUT,351,-15,119956
SWAY_PERF_OUTPUT,352,7,119957
SWAY_PERF_OUTPUT,353,11,119958
SWAY_PERF_OUTPUT,354,15,119959
SWAY_PERF_OUTPUT,355,15,119960
SWAY_PERF_OUTPUT,356,2,119961
SWAY_PERF_OUTPUT,357,-2,119962
SWAY_PERF_OUTPUT,358,-5,119963
SWAY_PERF_OUTPUT,359,-5,119964
SWAY_PERF_OUTPUT,360,3,119965
SWAY_PERF_OUTPUT,361,63,119966
SWAY_PERF_OUTPUT,362,62,119967
SWAY_PERF_OUTPUT,363,61,119968
SWAY_PERF_OUTPUT,364,61,119969
SWAY_PERF_OUTPUT,365,62,119970
SWAY_PERF_OUTPUT,366,62,119971
SWAY_PERF_OUTPUT,367,60,119972
SWAY_PERF_OUTPUT,368,61,119973
SWAY_PERF_OUTPUT,369,61,119974
SWAY_PERF_OUTPUT,370,60,119975
SWAY_PERF_OUTPUT,371,61,119976
SWAY_PERF_OUTPUT,372,60,119977
SWAY_PERF_OUTPUT,373,61,119978
SWAY_PERF_OUTPUT,374,59,119979
SWAY_PERF_OUTPUT,375,61,119980
SWAY_PERF_OUTPUT,376,61,119981
SWAY_PERF_OUTPUT,377,63,119982
SWAY_PERF_OUTPUT,378,60,119983
SWAY_PERF_OUTPUT,379,61,119984
SWAY_PERF_OUTPUT,380,-4,119985
SWAY_PERF_OUTPUT,381,6,119986
SWAY_PERF_OUTPUT,382,17,119987
SWAY_PERF_OUTPUT,383,21,119988
SWAY_PERF_OUTPUT,384,13,119989
SWAY_PERF_OUTPUT,385,13,119990
SWAY_PERF_OUTPUT,386,14,119991
SWAY_PERF_OUTPUT,387,13,119992
SWAY_PERF_OUTPUT,388,12,119993
SWAY_PERF_OUTPUT,389,15,119994
SWAY_PERF_OUTPUT,390,-3,119995
SWAY_PERF_OUTPUT,391,-14,119996
SWAY_PERF_OUTPUT,392,-26,119997
SWAY_PERF_OUTPUT,393,-28,119998
SWAY_PERF_OUTPUT,394,-3,119999
SWAY_PERF_OUTPUT,395,-14,120000
SWAY_PERF_OUTPUT,396,-26,120001
SWAY_PERF_OUTPUT,397,-28,120002
SWAY_PERF_OUTPUT,398,14,120003
SWAY_PERF_FRAME,6,119947,120003
SWAY_PROFILE,head_in,7,4,120845
SWAY_PROFILE,block0_in,7,12,120930
SWAY_PROFILE,block1_in,7,7,120930
SWAY_PROFILE,embedding_in,7,14,120932
SWAY_PROFILE,patch_ready,7,15,120933
SWAY_PERF_INPUT_FRAME,9,105432,121223
SWAY_PROFILE,head_in,7,5,121832
SWAY_PROFILE,block0_in,7,13,121917
SWAY_PROFILE,block1_in,7,8,121917
SWAY_PROFILE,embedding_in,7,15,121919
SWAY_PROFILE,patch_ready,8,0,121920
SWAY_PROFILE,head_in,7,6,122819
SWAY_PROFILE,block0_in,7,14,122904
SWAY_PROFILE,block1_in,7,9,122904
SWAY_PROFILE,embedding_in,8,0,122906
SWAY_PROFILE,patch_ready,8,1,122907
SWAY_PROFILE,head_in,7,7,123806
SWAY_PROFILE,block0_in,7,15,123891
SWAY_PROFILE,block1_in,7,10,123891
SWAY_PROFILE,embedding_in,8,1,123893
SWAY_PROFILE,patch_ready,8,2,123894
SWAY_PROFILE,head_in,7,8,124793
SWAY_PROFILE,block0_in,8,0,124878
SWAY_PROFILE,block1_in,7,11,124878
SWAY_PROFILE,embedding_in,8,2,124880
SWAY_PROFILE,patch_ready,8,3,124881
SWAY_PROFILE,head_in,7,9,125780
SWAY_PROFILE,block0_in,8,1,125865
SWAY_PROFILE,block1_in,7,12,125865
SWAY_PROFILE,embedding_in,8,3,125867
SWAY_PROFILE,patch_ready,8,4,125868
SWAY_PROFILE,head_in,7,10,126767
SWAY_PROFILE,block0_in,8,2,126852
SWAY_PROFILE,block1_in,7,13,126852
SWAY_PROFILE,embedding_in,8,4,126854
SWAY_PROFILE,patch_ready,8,5,126855
SWAY_PROFILE,head_in,7,11,127754
SWAY_PROFILE,block0_in,8,3,127839
SWAY_PROFILE,block1_in,7,14,127839
SWAY_PROFILE,embedding_in,8,5,127841
SWAY_PROFILE,patch_ready,8,6,127842
SWAY_PROFILE,head_in,7,12,128741
SWAY_PROFILE,block0_in,8,4,128826
SWAY_PROFILE,block1_in,7,15,128826
SWAY_PROFILE,embedding_in,8,6,128828
SWAY_PROFILE,patch_ready,8,7,128829
SWAY_PROFILE,head_in,7,13,129728
SWAY_PROFILE,block0_in,8,5,129813
SWAY_PROFILE,block1_in,8,0,129813
SWAY_PROFILE,embedding_in,8,7,129815
SWAY_PROFILE,patch_ready,8,8,129816
SWAY_PROFILE,head_in,7,14,130715
SWAY_PROFILE,block0_in,8,6,130800
SWAY_PROFILE,block1_in,8,1,130800
SWAY_PROFILE,embedding_in,8,8,130802
SWAY_PROFILE,patch_ready,8,9,130803
SWAY_PROFILE,head_in,7,15,131702
SWAY_PROFILE,block0_in,8,7,131787
SWAY_PROFILE,block1_in,8,2,131787
SWAY_PROFILE,embedding_in,8,9,131789
SWAY_PROFILE,patch_ready,8,10,131790
SWAY_PROFILE,head_in,8,0,132689
SWAY_PROFILE,block0_in,8,8,132774
SWAY_PROFILE,block1_in,8,3,132774
SWAY_PROFILE,embedding_in,8,10,132776
SWAY_PROFILE,patch_ready,8,11,132777
SWAY_PROFILE,head_in,8,1,133676
SWAY_PROFILE,block0_in,8,9,133761
SWAY_PROFILE,block1_in,8,4,133761
SWAY_PROFILE,embedding_in,8,11,133763
SWAY_PROFILE,patch_ready,8,12,133764
SWAY_PROFILE,head_in,8,2,134663
SWAY_PROFILE,block0_in,8,10,134748
SWAY_PROFILE,block1_in,8,5,134748
SWAY_PROFILE,embedding_in,8,12,134750
SWAY_PROFILE,patch_ready,8,13,134751
SWAY_PROFILE,head_output_in,7,0,134995
SWAY_PROFILE,head_in,8,3,135650
SWAY_PROFILE,block0_in,8,11,135735
SWAY_PROFILE,block1_in,8,6,135735
SWAY_PROFILE,embedding_in,8,13,135737
SWAY_PROFILE,serialize_in,7,0,135737
SWAY_PROFILE,patch_ready,8,14,135738
SWAY_PERF_OUTPUT,399,8,135739
SWAY_PERF_OUTPUT,400,9,135740
SWAY_PERF_OUTPUT,401,8,135741
SWAY_PERF_OUTPUT,402,8,135742
SWAY_PERF_OUTPUT,403,14,135743
SWAY_PERF_OUTPUT,404,19,135744
SWAY_PERF_OUTPUT,405,21,135745
SWAY_PERF_OUTPUT,406,3,135746
SWAY_PERF_OUTPUT,407,0,135747
SWAY_PERF_OUTPUT,408,-3,135748
SWAY_PERF_OUTPUT,409,10,135749
SWAY_PERF_OUTPUT,410,12,135750
SWAY_PERF_OUTPUT,411,12,135751
SWAY_PERF_OUTPUT,412,12,135752
SWAY_PERF_OUTPUT,413,6,135753
SWAY_PERF_OUTPUT,414,3,135754
SWAY_PERF_OUTPUT,415,0,135755
SWAY_PERF_OUTPUT,416,-1,135756
SWAY_PERF_OUTPUT,417,9,135757
SWAY_PERF_OUTPUT,418,61,135758
SWAY_PERF_OUTPUT,419,62,135759
SWAY_PERF_OUTPUT,420,61,135760
SWAY_PERF_OUTPUT,421,61,135761
SWAY_PERF_OUTPUT,422,61,135762
SWAY_PERF_OUTPUT,423,61,135763
SWAY_PERF_OUTPUT,424,59,135764
SWAY_PERF_OUTPUT,425,60,135765
SWAY_PERF_OUTPUT,426,61,135766
SWAY_PERF_OUTPUT,427,60,135767
SWAY_PERF_OUTPUT,428,60,135768
SWAY_PERF_OUTPUT,429,60,135769
SWAY_PERF_OUTPUT,430,62,135770
SWAY_PERF_OUTPUT,431,60,135771
SWAY_PERF_OUTPUT,432,61,135772
SWAY_PERF_OUTPUT,433,61,135773
SWAY_PERF_OUTPUT,434,62,135774
SWAY_PERF_OUTPUT,435,58,135775
SWAY_PERF_OUTPUT,436,61,135776
SWAY_PERF_OUTPUT,437,-6,135777
SWAY_PERF_OUTPUT,438,3,135778
SWAY_PERF_OUTPUT,439,14,135779
SWAY_PERF_OUTPUT,440,17,135780
SWAY_PERF_OUTPUT,441,10,135781
SWAY_PERF_OUTPUT,442,7,135782
SWAY_PERF_OUTPUT,443,6,135783
SWAY_PERF_OUTPUT,444,9,135784
SWAY_PERF_OUTPUT,445,4,135785
SWAY_PERF_OUTPUT,446,1,135786
SWAY_PERF_OUTPUT,447,-6,135787
SWAY_PERF_OUTPUT,448,-16,135788
SWAY_PERF_OUTPUT,449,-27,135789
SWAY_PERF_OUTPUT,450,-29,135790
SWAY_PERF_OUTPUT,451,-6,135791
SWAY_PERF_OUTPUT,452,-15,135792
SWAY_PERF_OUTPUT,453,-26,135793
SWAY_PERF_OUTPUT,454,-28,135794
SWAY_PERF_OUTPUT,455,11,135795
SWAY_PERF_FRAME,7,135739,135795
SWAY_PROFILE,head_in,8,4,136637
SWAY_PROFILE,block0_in,8,12,136722
SWAY_PROFILE,block1_in,8,7,136722
SWAY_PROFILE,embedding_in,8,14,136724
SWAY_PROFILE,patch_ready,8,15,136725
SWAY_PERF_INPUT_FRAME,10,121224,137015
SWAY_PROFILE,head_in,8,5,137624
SWAY_PROFILE,block0_in,8,13,137709
SWAY_PROFILE,block1_in,8,8,137709
SWAY_PROFILE,embedding_in,8,15,137711
SWAY_PROFILE,patch_ready,9,0,137712
SWAY_PROFILE,head_in,8,6,138611
SWAY_PROFILE,block0_in,8,14,138696
SWAY_PROFILE,block1_in,8,9,138696
SWAY_PROFILE,embedding_in,9,0,138698
SWAY_PROFILE,patch_ready,9,1,138699
SWAY_PROFILE,head_in,8,7,139598
SWAY_PROFILE,block0_in,8,15,139683
SWAY_PROFILE,block1_in,8,10,139683
SWAY_PROFILE,embedding_in,9,1,139685
SWAY_PROFILE,patch_ready,9,2,139686
SWAY_PROFILE,head_in,8,8,140585
SWAY_PROFILE,block0_in,9,0,140670
SWAY_PROFILE,block1_in,8,11,140670
SWAY_PROFILE,embedding_in,9,2,140672
SWAY_PROFILE,patch_ready,9,3,140673
SWAY_PROFILE,head_in,8,9,141572
SWAY_PROFILE,block0_in,9,1,141657
SWAY_PROFILE,block1_in,8,12,141657
SWAY_PROFILE,embedding_in,9,3,141659
SWAY_PROFILE,patch_ready,9,4,141660
SWAY_PROFILE,head_in,8,10,142559
SWAY_PROFILE,block0_in,9,2,142644
SWAY_PROFILE,block1_in,8,13,142644
SWAY_PROFILE,embedding_in,9,4,142646
SWAY_PROFILE,patch_ready,9,5,142647
SWAY_PROFILE,head_in,8,11,143546
SWAY_PROFILE,block0_in,9,3,143631
SWAY_PROFILE,block1_in,8,14,143631
SWAY_PROFILE,embedding_in,9,5,143633
SWAY_PROFILE,patch_ready,9,6,143634
SWAY_PROFILE,head_in,8,12,144533
SWAY_PROFILE,block0_in,9,4,144618
SWAY_PROFILE,block1_in,8,15,144618
SWAY_PROFILE,embedding_in,9,6,144620
SWAY_PROFILE,patch_ready,9,7,144621
SWAY_PROFILE,head_in,8,13,145520
SWAY_PROFILE,block0_in,9,5,145605
SWAY_PROFILE,block1_in,9,0,145605
SWAY_PROFILE,embedding_in,9,7,145607
SWAY_PROFILE,patch_ready,9,8,145608
SWAY_PROFILE,head_in,8,14,146507
SWAY_PROFILE,block0_in,9,6,146592
SWAY_PROFILE,block1_in,9,1,146592
SWAY_PROFILE,embedding_in,9,8,146594
SWAY_PROFILE,patch_ready,9,9,146595
SWAY_PROFILE,head_in,8,15,147494
SWAY_PROFILE,block0_in,9,7,147579
SWAY_PROFILE,block1_in,9,2,147579
SWAY_PROFILE,embedding_in,9,9,147581
SWAY_PROFILE,patch_ready,9,10,147582
SWAY_PROFILE,head_in,9,0,148481
SWAY_PROFILE,block0_in,9,8,148566
SWAY_PROFILE,block1_in,9,3,148566
SWAY_PROFILE,embedding_in,9,10,148568
SWAY_PROFILE,patch_ready,9,11,148569
SWAY_PROFILE,head_in,9,1,149468
SWAY_PROFILE,block0_in,9,9,149553
SWAY_PROFILE,block1_in,9,4,149553
SWAY_PROFILE,embedding_in,9,11,149555
SWAY_PROFILE,patch_ready,9,12,149556
SWAY_PROFILE,head_in,9,2,150455
SWAY_PROFILE,block0_in,9,10,150540
SWAY_PROFILE,block1_in,9,5,150540
SWAY_PROFILE,embedding_in,9,12,150542
SWAY_PROFILE,patch_ready,9,13,150543
SWAY_PROFILE,head_output_in,8,0,150787
SWAY_PROFILE,head_in,9,3,151442
SWAY_PROFILE,block0_in,9,11,151527
SWAY_PROFILE,block1_in,9,6,151527
SWAY_PROFILE,embedding_in,9,13,151529
SWAY_PROFILE,serialize_in,8,0,151529
SWAY_PROFILE,patch_ready,9,14,151530
SWAY_PERF_OUTPUT,456,9,151531
SWAY_PERF_OUTPUT,457,9,151532
SWAY_PERF_OUTPUT,458,8,151533
SWAY_PERF_OUTPUT,459,9,151534
SWAY_PERF_OUTPUT,460,15,151535
SWAY_PERF_OUTPUT,461,18,151536
SWAY_PERF_OUTPUT,462,19,151537
SWAY_PERF_OUTPUT,463,4,151538
SWAY_PERF_OUTPUT,464,-2,151539
SWAY_PERF_OUTPUT,465,-5,151540
SWAY_PERF_OUTPUT,466,10,151541
SWAY_PERF_OUTPUT,467,11,151542
SWAY_PERF_OUTPUT,468,11,151543
SWAY_PERF_OUTPUT,469,11,151544
SWAY_PERF_OUTPUT,470,6,151545
SWAY_PERF_OUTPUT,471,4,151546
SWAY_PERF_OUTPUT,472,2,151547
SWAY_PERF_OUTPUT,473,2,151548
SWAY_PERF_OUTPUT,474,9,151549
SWAY_PERF_OUTPUT,475,64,151550
SWAY_PERF_OUTPUT,476,65,151551
SWAY_PERF_OUTPUT,477,65,151552
SWAY_PERF_OUTPUT,478,65,151553
SWAY_PERF_OUTPUT,479,65,151554
SWAY_PERF_OUTPUT,480,66,151555
SWAY_PERF_OUTPUT,481,64,151556
SWAY_PERF_OUTPUT,482,64,151557
SWAY_PERF_OUTPUT,483,65,151558
SWAY_PERF_OUTPUT,484,63,151559
SWAY_PERF_OUTPUT,485,63,151560
SWAY_PERF_OUTPUT,486,65,151561
SWAY_PERF_OUTPUT,487,63,151562
SWAY_PERF_OUTPUT,488,61,151563
SWAY_PERF_OUTPUT,489,63,151564
SWAY_PERF_OUTPUT,490,67,151565
SWAY_PERF_OUTPUT,491,66,151566
SWAY_PERF_OUTPUT,492,63,151567
SWAY_PERF_OUTPUT,493,65,151568
SWAY_PERF_OUTPUT,494,-2,151569
SWAY_PERF_OUTPUT,495,9,151570
SWAY_PERF_OUTPUT,496,20,151571
SWAY_PERF_OUTPUT,497,25,151572
SWAY_PERF_OUTPUT,498,16,151573
SWAY_PERF_OUTPUT,499,9,151574
SWAY_PERF_OUTPUT,500,5,151575
SWAY_PERF_OUTPUT,501,15,151576
SWAY_PERF_OUTPUT,502,12,151577
SWAY_PERF_OUTPUT,503,8,151578
SWAY_PERF_OUTPUT,504,-1,151579
SWAY_PERF_OUTPUT,505,-15,151580
SWAY_PERF_OUTPUT,506,-28,151581
SWAY_PERF_OUTPUT,507,-30,151582
SWAY_PERF_OUTPUT,508,-1,151583
SWAY_PERF_OUTPUT,509,-15,151584
SWAY_PERF_OUTPUT,510,-25,151585
SWAY_PERF_OUTPUT,511,-29,151586
SWAY_PERF_OUTPUT,512,17,151587
SWAY_PERF_FRAME,8,151531,151587
SWAY_PROFILE,head_in,9,4,152429
SWAY_PROFILE,block0_in,9,12,152514
SWAY_PROFILE,block1_in,9,7,152514
SWAY_PROFILE,embedding_in,9,14,152516
SWAY_PROFILE,patch_ready,9,15,152517
SWAY_PERF_INPUT_FRAME,11,137016,152807
SWAY_PROFILE,head_in,9,5,153416
SWAY_PROFILE,block0_in,9,13,153501
SWAY_PROFILE,block1_in,9,8,153501
SWAY_PROFILE,embedding_in,9,15,153503
SWAY_PROFILE,patch_ready,10,0,153504
SWAY_PROFILE,head_in,9,6,154403
SWAY_PROFILE,block0_in,9,14,154488
SWAY_PROFILE,block1_in,9,9,154488
SWAY_PROFILE,embedding_in,10,0,154490
SWAY_PROFILE,patch_ready,10,1,154491
SWAY_PROFILE,head_in,9,7,155390
SWAY_PROFILE,block0_in,9,15,155475
SWAY_PROFILE,block1_in,9,10,155475
SWAY_PROFILE,embedding_in,10,1,155477
SWAY_PROFILE,patch_ready,10,2,155478
SWAY_PROFILE,head_in,9,8,156377
SWAY_PROFILE,block0_in,10,0,156462
SWAY_PROFILE,block1_in,9,11,156462
SWAY_PROFILE,embedding_in,10,2,156464
SWAY_PROFILE,patch_ready,10,3,156465
SWAY_PROFILE,head_in,9,9,157364
SWAY_PROFILE,block0_in,10,1,157449
SWAY_PROFILE,block1_in,9,12,157449
SWAY_PROFILE,embedding_in,10,3,157451
SWAY_PROFILE,patch_ready,10,4,157452
SWAY_PROFILE,head_in,9,10,158351
SWAY_PROFILE,block0_in,10,2,158436
SWAY_PROFILE,block1_in,9,13,158436
SWAY_PROFILE,embedding_in,10,4,158438
SWAY_PROFILE,patch_ready,10,5,158439
SWAY_PROFILE,head_in,9,11,159338
SWAY_PROFILE,block0_in,10,3,159423
SWAY_PROFILE,block1_in,9,14,159423
SWAY_PROFILE,embedding_in,10,5,159425
SWAY_PROFILE,patch_ready,10,6,159426
SWAY_PROFILE,head_in,9,12,160325
SWAY_PROFILE,block0_in,10,4,160410
SWAY_PROFILE,block1_in,9,15,160410
SWAY_PROFILE,embedding_in,10,6,160412
SWAY_PROFILE,patch_ready,10,7,160413
SWAY_PROFILE,head_in,9,13,161312
SWAY_PROFILE,block0_in,10,5,161397
SWAY_PROFILE,block1_in,10,0,161397
SWAY_PROFILE,embedding_in,10,7,161399
SWAY_PROFILE,patch_ready,10,8,161400
SWAY_PROFILE,head_in,9,14,162299
SWAY_PROFILE,block0_in,10,6,162384
SWAY_PROFILE,block1_in,10,1,162384
SWAY_PROFILE,embedding_in,10,8,162386
SWAY_PROFILE,patch_ready,10,9,162387
SWAY_PROFILE,head_in,9,15,163286
SWAY_PROFILE,block0_in,10,7,163371
SWAY_PROFILE,block1_in,10,2,163371
SWAY_PROFILE,embedding_in,10,9,163373
SWAY_PROFILE,patch_ready,10,10,163374
SWAY_PROFILE,head_in,10,0,164273
SWAY_PROFILE,block0_in,10,8,164358
SWAY_PROFILE,block1_in,10,3,164358
SWAY_PROFILE,embedding_in,10,10,164360
SWAY_PROFILE,patch_ready,10,11,164361
SWAY_PROFILE,head_in,10,1,165260
SWAY_PROFILE,block0_in,10,9,165345
SWAY_PROFILE,block1_in,10,4,165345
SWAY_PROFILE,embedding_in,10,11,165347
SWAY_PROFILE,patch_ready,10,12,165348
SWAY_PROFILE,head_in,10,2,166247
SWAY_PROFILE,block0_in,10,10,166332
SWAY_PROFILE,block1_in,10,5,166332
SWAY_PROFILE,embedding_in,10,12,166334
SWAY_PROFILE,patch_ready,10,13,166335
SWAY_PROFILE,head_output_in,9,0,166579
SWAY_PROFILE,head_in,10,3,167234
SWAY_PROFILE,block0_in,10,11,167319
SWAY_PROFILE,block1_in,10,6,167319
SWAY_PROFILE,embedding_in,10,13,167321
SWAY_PROFILE,serialize_in,9,0,167321
SWAY_PROFILE,patch_ready,10,14,167322
SWAY_PERF_OUTPUT,513,45,167323
SWAY_PERF_OUTPUT,514,127,167324
SWAY_PERF_OUTPUT,515,-30,167325
SWAY_PERF_OUTPUT,516,40,167326
SWAY_PERF_OUTPUT,517,34,167327
SWAY_PERF_OUTPUT,518,87,167328
SWAY_PERF_OUTPUT,519,0,167329
SWAY_PERF_OUTPUT,520,38,167330
SWAY_PERF_OUTPUT,521,77,167331
SWAY_PERF_OUTPUT,522,-2,167332
SWAY_PERF_OUTPUT,523,28,167333
SWAY_PERF_OUTPUT,524,70,167334
SWAY_PERF_OUTPUT,525,-24,167335
SWAY_PERF_OUTPUT,526,31,167336
SWAY_PERF_OUTPUT,527,50,167337
SWAY_PERF_OUTPUT,528,123,167338
SWAY_PERF_OUTPUT,529,38,167339
SWAY_PERF_OUTPUT,530,95,167340
SWAY_PERF_OUTPUT,531,56,167341
SWAY_PERF_OUTPUT,532,-18,167342
SWAY_PERF_OUTPUT,533,-5,167343
SWAY_PERF_OUTPUT,534,-13,167344
SWAY_PERF_OUTPUT,535,72,167345
SWAY_PERF_OUTPUT,536,46,167346
SWAY_PERF_OUTPUT,537,35,167347
SWAY_PERF_OUTPUT,538,17,167348
SWAY_PERF_OUTPUT,539,-75,167349
SWAY_PERF_OUTPUT,540,-6,167350
SWAY_PERF_OUTPUT,541,-39,167351
SWAY_PERF_OUTPUT,542,-28,167352
SWAY_PERF_OUTPUT,543,-27,167353
SWAY_PERF_OUTPUT,544,-60,167354
SWAY_PERF_OUTPUT,545,-2,167355
SWAY_PERF_OUTPUT,546,27,167356
SWAY_PERF_OUTPUT,547,71,167357
SWAY_PERF_OUTPUT,548,117,167358
SWAY_PERF_OUTPUT,549,-2,167359
SWAY_PERF_OUTPUT,550,-19,167360
SWAY_PERF_OUTPUT,551,25,167361
SWAY_PERF_OUTPUT,552,34,167362
SWAY_PERF_OUTPUT,553,-36,167363
SWAY_PERF_OUTPUT,554,21,167364
SWAY_PERF_OUTPUT,555,-36,167365
SWAY_PERF_OUTPUT,556,96,167366
SWAY_PERF_OUTPUT,557,-49,167367
SWAY_PERF_OUTPUT,558,50,167368
SWAY_PERF_OUTPUT,559,-42,167369
SWAY_PERF_OUTPUT,560,-96,167370
SWAY_PERF_OUTPUT,561,0,167371
SWAY_PERF_OUTPUT,562,27,167372
SWAY_PERF_OUTPUT,563,-37,167373
SWAY_PERF_OUTPUT,564,77,167374
SWAY_PERF_OUTPUT,565,44,167375
SWAY_PERF_OUTPUT,566,0,167376
SWAY_PERF_OUTPUT,567,-56,167377
SWAY_PERF_OUTPUT,568,-77,167378
SWAY_PERF_OUTPUT,569,42,167379
SWAY_PERF_FRAME,9,167323,167379
SWAY_PROFILE,head_in,10,4,168221
SWAY_PROFILE,block0_in,10,12,168306
SWAY_PROFILE,block1_in,10,7,168306
SWAY_PROFILE,embedding_in,10,14,168308
SWAY_PROFILE,patch_ready,10,15,168309
SWAY_PERF_INPUT_FRAME,12,152808,168599
SWAY_PROFILE,head_in,10,5,169208
SWAY_PROFILE,block0_in,10,13,169293
SWAY_PROFILE,block1_in,10,8,169293
SWAY_PROFILE,embedding_in,10,15,169295
SWAY_PROFILE,patch_ready,11,0,169296
SWAY_PROFILE,head_in,10,6,170195
SWAY_PROFILE,block0_in,10,14,170280
SWAY_PROFILE,block1_in,10,9,170280
SWAY_PROFILE,embedding_in,11,0,170282
SWAY_PROFILE,patch_ready,11,1,170283
SWAY_PROFILE,head_in,10,7,171182
SWAY_PROFILE,block0_in,10,15,171267
SWAY_PROFILE,block1_in,10,10,171267
SWAY_PROFILE,embedding_in,11,1,171269
SWAY_PROFILE,patch_ready,11,2,171270
SWAY_PROFILE,head_in,10,8,172169
SWAY_PROFILE,block0_in,11,0,172254
SWAY_PROFILE,block1_in,10,11,172254
SWAY_PROFILE,embedding_in,11,2,172256
SWAY_PROFILE,patch_ready,11,3,172257
SWAY_PROFILE,head_in,10,9,173156
SWAY_PROFILE,block0_in,11,1,173241
SWAY_PROFILE,block1_in,10,12,173241
SWAY_PROFILE,embedding_in,11,3,173243
SWAY_PROFILE,patch_ready,11,4,173244
SWAY_PROFILE,head_in,10,10,174143
SWAY_PROFILE,block0_in,11,2,174228
SWAY_PROFILE,block1_in,10,13,174228
SWAY_PROFILE,embedding_in,11,4,174230
SWAY_PROFILE,patch_ready,11,5,174231
SWAY_PROFILE,head_in,10,11,175130
SWAY_PROFILE,block0_in,11,3,175215
SWAY_PROFILE,block1_in,10,14,175215
SWAY_PROFILE,embedding_in,11,5,175217
SWAY_PROFILE,patch_ready,11,6,175218
SWAY_PROFILE,head_in,10,12,176117
SWAY_PROFILE,block0_in,11,4,176202
SWAY_PROFILE,block1_in,10,15,176202
SWAY_PROFILE,embedding_in,11,6,176204
SWAY_PROFILE,patch_ready,11,7,176205
SWAY_PROFILE,head_in,10,13,177104
SWAY_PROFILE,block0_in,11,5,177189
SWAY_PROFILE,block1_in,11,0,177189
SWAY_PROFILE,embedding_in,11,7,177191
SWAY_PROFILE,patch_ready,11,8,177192
SWAY_PROFILE,head_in,10,14,178091
SWAY_PROFILE,block0_in,11,6,178176
SWAY_PROFILE,block1_in,11,1,178176
SWAY_PROFILE,embedding_in,11,8,178178
SWAY_PROFILE,patch_ready,11,9,178179
SWAY_PROFILE,head_in,10,15,179078
SWAY_PROFILE,block0_in,11,7,179163
SWAY_PROFILE,block1_in,11,2,179163
SWAY_PROFILE,embedding_in,11,9,179165
SWAY_PROFILE,patch_ready,11,10,179166
SWAY_PROFILE,head_in,11,0,180065
SWAY_PROFILE,block0_in,11,8,180150
SWAY_PROFILE,block1_in,11,3,180150
SWAY_PROFILE,embedding_in,11,10,180152
SWAY_PROFILE,patch_ready,11,11,180153
SWAY_PROFILE,head_in,11,1,181052
SWAY_PROFILE,block0_in,11,9,181137
SWAY_PROFILE,block1_in,11,4,181137
SWAY_PROFILE,embedding_in,11,11,181139
SWAY_PROFILE,patch_ready,11,12,181140
SWAY_PROFILE,head_in,11,2,182039
SWAY_PROFILE,block0_in,11,10,182124
SWAY_PROFILE,block1_in,11,5,182124
SWAY_PROFILE,embedding_in,11,12,182126
SWAY_PROFILE,patch_ready,11,13,182127
SWAY_PROFILE,head_output_in,10,0,182371
SWAY_PROFILE,head_in,11,3,183026
SWAY_PROFILE,block0_in,11,11,183111
SWAY_PROFILE,block1_in,11,6,183111
SWAY_PROFILE,embedding_in,11,13,183113
SWAY_PROFILE,serialize_in,10,0,183113
SWAY_PROFILE,patch_ready,11,14,183114
SWAY_PERF_OUTPUT,570,21,183115
SWAY_PERF_OUTPUT,571,1,183116
SWAY_PERF_OUTPUT,572,5,183117
SWAY_PERF_OUTPUT,573,-3,183118
SWAY_PERF_OUTPUT,574,23,183119
SWAY_PERF_OUTPUT,575,34,183120
SWAY_PERF_OUTPUT,576,42,183121
SWAY_PERF_OUTPUT,577,-2,183122
SWAY_PERF_OUTPUT,578,-9,183123
SWAY_PERF_OUTPUT,579,0,183124
SWAY_PERF_OUTPUT,580,8,183125
SWAY_PERF_OUTPUT,581,16,183126
SWAY_PERF_OUTPUT,582,59,183127
SWAY_PERF_OUTPUT,583,41,183128
SWAY_PERF_OUTPUT,584,9,183129
SWAY_PERF_OUTPUT,585,9,183130
SWAY_PERF_OUTPUT,586,12,183131
SWAY_PERF_OUTPUT,587,20,183132
SWAY_PERF_OUTPUT,588,14,183133
SWAY_PERF_OUTPUT,589,101,183134
SWAY_PERF_OUTPUT,590,109,183135
SWAY_PERF_OUTPUT,591,111,183136
SWAY_PERF_OUTPUT,592,108,183137
SWAY_PERF_OUTPUT,593,118,183138
SWAY_PERF_OUTPUT,594,113,183139
SWAY_PERF_OUTPUT,595,96,183140
SWAY_PERF_OUTPUT,596,121,183141
SWAY_PERF_OUTPUT,597,111,183142
SWAY_PERF_OUTPUT,598,120,183143
SWAY_PERF_OUTPUT,599,99,183144
SWAY_PERF_OUTPUT,600,127,183145
SWAY_PERF_OUTPUT,601,126,183146
SWAY_PERF_OUTPUT,602,112,183147
SWAY_PERF_OUTPUT,603,115,183148
SWAY_PERF_OUTPUT,604,127,183149
SWAY_PERF_OUTPUT,605,98,183150
SWAY_PERF_OUTPUT,606,103,183151
SWAY_PERF_OUTPUT,607,127,183152
SWAY_PERF_OUTPUT,608,35,183153
SWAY_PERF_OUTPUT,609,57,183154
SWAY_PERF_OUTPUT,610,75,183155
SWAY_PERF_OUTPUT,611,88,183156
SWAY_PERF_OUTPUT,612,62,183157
SWAY_PERF_OUTPUT,613,70,183158
SWAY_PERF_OUTPUT,614,104,183159
SWAY_PERF_OUTPUT,615,60,183160
SWAY_PERF_OUTPUT,616,31,183161
SWAY_PERF_OUTPUT,617,8,183162
SWAY_PERF_OUTPUT,618,19,183163
SWAY_PERF_OUTPUT,619,-29,183164
SWAY_PERF_OUTPUT,620,-52,183165
SWAY_PERF_OUTPUT,621,-46,183166
SWAY_PERF_OUTPUT,622,31,183167
SWAY_PERF_OUTPUT,623,-32,183168
SWAY_PERF_OUTPUT,624,-54,183169
SWAY_PERF_OUTPUT,625,-38,183170
SWAY_PERF_OUTPUT,626,68,183171
SWAY_PERF_FRAME,10,183115,183171
SWAY_PROFILE,head_in,11,4,184013
SWAY_PROFILE,block0_in,11,12,184098
SWAY_PROFILE,block1_in,11,7,184098
SWAY_PROFILE,embedding_in,11,14,184100
SWAY_PROFILE,patch_ready,11,15,184101
SWAY_PERF_INPUT_FRAME,13,168600,184391
SWAY_PROFILE,head_in,11,5,185000
SWAY_PROFILE,block0_in,11,13,185085
SWAY_PROFILE,block1_in,11,8,185085
SWAY_PROFILE,embedding_in,11,15,185087
SWAY_PROFILE,patch_ready,12,0,185088
SWAY_PROFILE,head_in,11,6,185987
SWAY_PROFILE,block0_in,11,14,186072
SWAY_PROFILE,block1_in,11,9,186072
SWAY_PROFILE,embedding_in,12,0,186074
SWAY_PROFILE,patch_ready,12,1,186075
SWAY_PROFILE,head_in,11,7,186974
SWAY_PROFILE,block0_in,11,15,187059
SWAY_PROFILE,block1_in,11,10,187059
SWAY_PROFILE,embedding_in,12,1,187061
SWAY_PROFILE,patch_ready,12,2,187062
SWAY_PROFILE,head_in,11,8,187961
SWAY_PROFILE,block0_in,12,0,188046
SWAY_PROFILE,block1_in,11,11,188046
SWAY_PROFILE,embedding_in,12,2,188048
SWAY_PROFILE,patch_ready,12,3,188049
SWAY_PROFILE,head_in,11,9,188948
SWAY_PROFILE,block0_in,12,1,189033
SWAY_PROFILE,block1_in,11,12,189033
SWAY_PROFILE,embedding_in,12,3,189035
SWAY_PROFILE,patch_ready,12,4,189036
SWAY_PROFILE,head_in,11,10,189935
SWAY_PROFILE,block0_in,12,2,190020
SWAY_PROFILE,block1_in,11,13,190020
SWAY_PROFILE,embedding_in,12,4,190022
SWAY_PROFILE,patch_ready,12,5,190023
SWAY_PROFILE,head_in,11,11,190922
SWAY_PROFILE,block0_in,12,3,191007
SWAY_PROFILE,block1_in,11,14,191007
SWAY_PROFILE,embedding_in,12,5,191009
SWAY_PROFILE,patch_ready,12,6,191010
SWAY_PROFILE,head_in,11,12,191909
SWAY_PROFILE,block0_in,12,4,191994
SWAY_PROFILE,block1_in,11,15,191994
SWAY_PROFILE,embedding_in,12,6,191996
SWAY_PROFILE,patch_ready,12,7,191997
SWAY_PROFILE,head_in,11,13,192896
SWAY_PROFILE,block0_in,12,5,192981
SWAY_PROFILE,block1_in,12,0,192981
SWAY_PROFILE,embedding_in,12,7,192983
SWAY_PROFILE,patch_ready,12,8,192984
SWAY_PROFILE,head_in,11,14,193883
SWAY_PROFILE,block0_in,12,6,193968
SWAY_PROFILE,block1_in,12,1,193968
SWAY_PROFILE,embedding_in,12,8,193970
SWAY_PROFILE,patch_ready,12,9,193971
SWAY_PROFILE,head_in,11,15,194870
SWAY_PROFILE,block0_in,12,7,194955
SWAY_PROFILE,block1_in,12,2,194955
SWAY_PROFILE,embedding_in,12,9,194957
SWAY_PROFILE,patch_ready,12,10,194958
SWAY_PROFILE,head_in,12,0,195857
SWAY_PROFILE,block0_in,12,8,195942
SWAY_PROFILE,block1_in,12,3,195942
SWAY_PROFILE,embedding_in,12,10,195944
SWAY_PROFILE,patch_ready,12,11,195945
SWAY_PROFILE,head_in,12,1,196844
SWAY_PROFILE,block0_in,12,9,196929
SWAY_PROFILE,block1_in,12,4,196929
SWAY_PROFILE,embedding_in,12,11,196931
SWAY_PROFILE,patch_ready,12,12,196932
SWAY_PROFILE,head_in,12,2,197831
SWAY_PROFILE,block0_in,12,10,197916
SWAY_PROFILE,block1_in,12,5,197916
SWAY_PROFILE,embedding_in,12,12,197918
SWAY_PROFILE,patch_ready,12,13,197919
SWAY_PROFILE,head_output_in,11,0,198163
SWAY_PROFILE,head_in,12,3,198818
SWAY_PROFILE,block0_in,12,11,198903
SWAY_PROFILE,block1_in,12,6,198903
SWAY_PROFILE,embedding_in,12,13,198905
SWAY_PROFILE,serialize_in,11,0,198905
SWAY_PROFILE,patch_ready,12,14,198906
SWAY_PERF_OUTPUT,627,61,198907
SWAY_PERF_OUTPUT,628,72,198908
SWAY_PERF_OUTPUT,629,58,198909
SWAY_PERF_OUTPUT,630,63,198910
SWAY_PERF_OUTPUT,631,71,198911
SWAY_PERF_OUTPUT,632,59,198912
SWAY_PERF_OUTPUT,633,17,198913
SWAY_PERF_OUTPUT,634,69,198914
SWAY_PERF_OUTPUT,635,80,198915
SWAY_PERF_OUTPUT,636,102,198916
SWAY_PERF_OUTPUT,637,53,198917
SWAY_PERF_OUTPUT,638,68,198918
SWAY_PERF_OUTPUT,639,58,198919
SWAY_PERF_OUTPUT,640,56,198920
SWAY_PERF_OUTPUT,641,48,198921
SWAY_PERF_OUTPUT,642,37,198922
SWAY_PERF_OUTPUT,643,13,198923
SWAY_PERF_OUTPUT,644,20,198924
SWAY_PERF_OUTPUT,645,73,198925
SWAY_PERF_OUTPUT,646,118,198926
SWAY_PERF_OUTPUT,647,127,198927
SWAY_PERF_OUTPUT,648,127,198928
SWAY_PERF_OUTPUT,649,127,198929
SWAY_PERF_OUTPUT,650,127,198930
SWAY_PERF_OUTPUT,651,116,198931
SWAY_PERF_OUTPUT,652,88,198932
SWAY_PERF_OUTPUT,653,127,198933
SWAY_PERF_OUTPUT,654,120,198934
SWAY_PERF_OUTPUT,655,119,198935
SWAY_PERF_OUTPUT,656,127,198936
SWAY_PERF_OUTPUT,657,110,198937
SWAY_PERF_OUTPUT,658,121,198938
SWAY_PERF_OUTPUT,659,118,198939
SWAY_PERF_OUTPUT,660,127,198940
SWAY_PERF_OUTPUT,661,127,198941
SWAY_PERF_OUTPUT,662,127,198942
SWAY_PERF_OUTPUT,663,127,198943
SWAY_PERF_OUTPUT,664,127,198944
SWAY_PERF_OUTPUT,665,-21,198945
SWAY_PERF_OUTPUT,666,-2,198946
SWAY_PERF_OUTPUT,667,32,198947
SWAY_PERF_OUTPUT,668,32,198948
SWAY_PERF_OUTPUT,669,17,198949
SWAY_PERF_OUTPUT,670,-14,198950
SWAY_PERF_OUTPUT,671,-22,198951
SWAY_PERF_OUTPUT,672,-12,198952
SWAY_PERF_OUTPUT,673,-47,198953
SWAY_PERF_OUTPUT,674,-38,198954
SWAY_PERF_OUTPUT,675,-36,198955
SWAY_PERF_OUTPUT,676,-46,198956
SWAY_PERF_OUTPUT,677,-81,198957
SWAY_PERF_OUTPUT,678,-67,198958
SWAY_PERF_OUTPUT,679,-17,198959
SWAY_PERF_OUTPUT,680,-41,198960
SWAY_PERF_OUTPUT,681,-65,198961
SWAY_PERF_OUTPUT,682,-78,198962
SWAY_PERF_OUTPUT,683,21,198963
SWAY_PERF_FRAME,11,198907,198963
SWAY_PROFILE,head_in,12,4,199805
SWAY_PROFILE,block0_in,12,12,199890
SWAY_PROFILE,block1_in,12,7,199890
SWAY_PROFILE,embedding_in,12,14,199892
SWAY_PROFILE,patch_ready,12,15,199893
SWAY_PERF_INPUT_FRAME,14,184392,200183
SWAY_PROFILE,head_in,12,5,200792
SWAY_PROFILE,block0_in,12,13,200877
SWAY_PROFILE,block1_in,12,8,200877
SWAY_PROFILE,embedding_in,12,15,200879
SWAY_PROFILE,patch_ready,13,0,200880
SWAY_PROFILE,head_in,12,6,201779
SWAY_PROFILE,block0_in,12,14,201864
SWAY_PROFILE,block1_in,12,9,201864
SWAY_PROFILE,embedding_in,13,0,201866
SWAY_PROFILE,patch_ready,13,1,201867
SWAY_PROFILE,head_in,12,7,202766
SWAY_PROFILE,block0_in,12,15,202851
SWAY_PROFILE,block1_in,12,10,202851
SWAY_PROFILE,embedding_in,13,1,202853
SWAY_PROFILE,patch_ready,13,2,202854
SWAY_PROFILE,head_in,12,8,203753
SWAY_PROFILE,block0_in,13,0,203838
SWAY_PROFILE,block1_in,12,11,203838
SWAY_PROFILE,embedding_in,13,2,203840
SWAY_PROFILE,patch_ready,13,3,203841
SWAY_PROFILE,head_in,12,9,204740
SWAY_PROFILE,block0_in,13,1,204825
SWAY_PROFILE,block1_in,12,12,204825
SWAY_PROFILE,embedding_in,13,3,204827
SWAY_PROFILE,patch_ready,13,4,204828
SWAY_PROFILE,head_in,12,10,205727
SWAY_PROFILE,block0_in,13,2,205812
SWAY_PROFILE,block1_in,12,13,205812
SWAY_PROFILE,embedding_in,13,4,205814
SWAY_PROFILE,patch_ready,13,5,205815
SWAY_PROFILE,head_in,12,11,206714
SWAY_PROFILE,block0_in,13,3,206799
SWAY_PROFILE,block1_in,12,14,206799
SWAY_PROFILE,embedding_in,13,5,206801
SWAY_PROFILE,patch_ready,13,6,206802
SWAY_PROFILE,head_in,12,12,207701
SWAY_PROFILE,block0_in,13,4,207786
SWAY_PROFILE,block1_in,12,15,207786
SWAY_PROFILE,embedding_in,13,6,207788
SWAY_PROFILE,patch_ready,13,7,207789
SWAY_PROFILE,head_in,12,13,208688
SWAY_PROFILE,block0_in,13,5,208773
SWAY_PROFILE,block1_in,13,0,208773
SWAY_PROFILE,embedding_in,13,7,208775
SWAY_PROFILE,patch_ready,13,8,208776
SWAY_PROFILE,head_in,12,14,209675
SWAY_PROFILE,block0_in,13,6,209760
SWAY_PROFILE,block1_in,13,1,209760
SWAY_PROFILE,embedding_in,13,8,209762
SWAY_PROFILE,patch_ready,13,9,209763
SWAY_PROFILE,head_in,12,15,210662
SWAY_PROFILE,block0_in,13,7,210747
SWAY_PROFILE,block1_in,13,2,210747
SWAY_PROFILE,embedding_in,13,9,210749
SWAY_PROFILE,patch_ready,13,10,210750
SWAY_PROFILE,head_in,13,0,211649
SWAY_PROFILE,block0_in,13,8,211734
SWAY_PROFILE,block1_in,13,3,211734
SWAY_PROFILE,embedding_in,13,10,211736
SWAY_PROFILE,patch_ready,13,11,211737
SWAY_PROFILE,head_in,13,1,212636
SWAY_PROFILE,block0_in,13,9,212721
SWAY_PROFILE,block1_in,13,4,212721
SWAY_PROFILE,embedding_in,13,11,212723
SWAY_PROFILE,patch_ready,13,12,212724
SWAY_PROFILE,head_in,13,2,213623
SWAY_PROFILE,block0_in,13,10,213708
SWAY_PROFILE,block1_in,13,5,213708
SWAY_PROFILE,embedding_in,13,12,213710
SWAY_PROFILE,patch_ready,13,13,213711
SWAY_PROFILE,head_output_in,12,0,213955
SWAY_PROFILE,head_in,13,3,214610
SWAY_PROFILE,block0_in,13,11,214695
SWAY_PROFILE,block1_in,13,6,214695
SWAY_PROFILE,embedding_in,13,13,214697
SWAY_PROFILE,serialize_in,12,0,214697
SWAY_PROFILE,patch_ready,13,14,214698
SWAY_PERF_OUTPUT,684,7,214699
SWAY_PERF_OUTPUT,685,7,214700
SWAY_PERF_OUTPUT,686,6,214701
SWAY_PERF_OUTPUT,687,6,214702
SWAY_PERF_OUTPUT,688,12,214703
SWAY_PERF_OUTPUT,689,16,214704
SWAY_PERF_OUTPUT,690,19,214705
SWAY_PERF_OUTPUT,691,1,214706
SWAY_PERF_OUTPUT,692,-2,214707
SWAY_PERF_OUTPUT,693,-3,214708
SWAY_PERF_OUTPUT,694,9,214709
SWAY_PERF_OUTPUT,695,10,214710
SWAY_PERF_OUTPUT,696,11,214711
SWAY_PERF_OUTPUT,697,11,214712
SWAY_PERF_OUTPUT,698,4,214713
SWAY_PERF_OUTPUT,699,2,214714
SWAY_PERF_OUTPUT,700,0,214715
SWAY_PERF_OUTPUT,701,0,214716
SWAY_PERF_OUTPUT,702,7,214717
SWAY_PERF_OUTPUT,703,63,214718
SWAY_PERF_OUTPUT,704,63,214719
SWAY_PERF_OUTPUT,705,63,214720
SWAY_PERF_OUTPUT,706,62,214721
SWAY_PERF_OUTPUT,707,62,214722
SWAY_PERF_OUTPUT,708,63,214723
SWAY_PERF_OUTPUT,709,61,214724
SWAY_PERF_OUTPUT,710,62,214725
SWAY_PERF_OUTPUT,711,63,214726
SWAY_PERF_OUTPUT,712,61,214727
SWAY_PERF_OUTPUT,713,62,214728
SWAY_PERF_OUTPUT,714,62,214729
SWAY_PERF_OUTPUT,715,63,214730
SWAY_PERF_OUTPUT,716,61,214731
SWAY_PERF_OUTPUT,717,62,214732
SWAY_PERF_OUTPUT,718,62,214733
SWAY_PERF_OUTPUT,719,63,214734
SWAY_PERF_OUTPUT,720,60,214735
SWAY_PERF_OUTPUT,721,63,214736
SWAY_PERF_OUTPUT,722,-7,214737
SWAY_PERF_OUTPUT,723,2,214738
SWAY_PERF_OUTPUT,724,13,214739
SWAY_PERF_OUTPUT,725,17,214740
SWAY_PERF_OUTPUT,726,9,214741
SWAY_PERF_OUTPUT,727,5,214742
SWAY_PERF_OUTPUT,728,2,214743
SWAY_PERF_OUTPUT,729,9,214744
SWAY_PERF_OUTPUT,730,2,214745
SWAY_PERF_OUTPUT,731,-4,214746
SWAY_PERF_OUTPUT,732,-7,214747
SWAY_PERF_OUTPUT,733,-17,214748
SWAY_PERF_OUTPUT,734,-28,214749
SWAY_PERF_OUTPUT,735,-29,214750
SWAY_PERF_OUTPUT,736,-7,214751
SWAY_PERF_OUTPUT,737,-16,214752
SWAY_PERF_OUTPUT,738,-27,214753
SWAY_PERF_OUTPUT,739,-29,214754
SWAY_PERF_OUTPUT,740,10,214755
SWAY_PERF_FRAME,12,214699,214755
SWAY_PROFILE,head_in,13,4,215597
SWAY_PROFILE,block0_in,13,12,215682
SWAY_PROFILE,block1_in,13,7,215682
SWAY_PROFILE,embedding_in,13,14,215684
SWAY_PROFILE,patch_ready,13,15,215685
SWAY_PERF_INPUT_FRAME,15,200184,215975
SWAY_PROFILE,head_in,13,5,216584
SWAY_PROFILE,block0_in,13,13,216669
SWAY_PROFILE,block1_in,13,8,216669
SWAY_PROFILE,embedding_in,13,15,216671
SWAY_PROFILE,patch_ready,14,0,216672
SWAY_PROFILE,head_in,13,6,217571
SWAY_PROFILE,block0_in,13,14,217656
SWAY_PROFILE,block1_in,13,9,217656
SWAY_PROFILE,embedding_in,14,0,217658
SWAY_PROFILE,patch_ready,14,1,217659
SWAY_PROFILE,head_in,13,7,218558
SWAY_PROFILE,block0_in,13,15,218643
SWAY_PROFILE,block1_in,13,10,218643
SWAY_PROFILE,embedding_in,14,1,218645
SWAY_PROFILE,patch_ready,14,2,218646
SWAY_PROFILE,head_in,13,8,219545
SWAY_PROFILE,block0_in,14,0,219630
SWAY_PROFILE,block1_in,13,11,219630
SWAY_PROFILE,embedding_in,14,2,219632
SWAY_PROFILE,patch_ready,14,3,219633
SWAY_PROFILE,head_in,13,9,220532
SWAY_PROFILE,block0_in,14,1,220617
SWAY_PROFILE,block1_in,13,12,220617
SWAY_PROFILE,embedding_in,14,3,220619
SWAY_PROFILE,patch_ready,14,4,220620
SWAY_PROFILE,head_in,13,10,221519
SWAY_PROFILE,block0_in,14,2,221604
SWAY_PROFILE,block1_in,13,13,221604
SWAY_PROFILE,embedding_in,14,4,221606
SWAY_PROFILE,patch_ready,14,5,221607
SWAY_PROFILE,head_in,13,11,222506
SWAY_PROFILE,block0_in,14,3,222591
SWAY_PROFILE,block1_in,13,14,222591
SWAY_PROFILE,embedding_in,14,5,222593
SWAY_PROFILE,patch_ready,14,6,222594
SWAY_PROFILE,head_in,13,12,223493
SWAY_PROFILE,block0_in,14,4,223578
SWAY_PROFILE,block1_in,13,15,223578
SWAY_PROFILE,embedding_in,14,6,223580
SWAY_PROFILE,patch_ready,14,7,223581
SWAY_PROFILE,head_in,13,13,224480
SWAY_PROFILE,block0_in,14,5,224565
SWAY_PROFILE,block1_in,14,0,224565
SWAY_PROFILE,embedding_in,14,7,224567
SWAY_PROFILE,patch_ready,14,8,224568
SWAY_PROFILE,head_in,13,14,225467
SWAY_PROFILE,block0_in,14,6,225552
SWAY_PROFILE,block1_in,14,1,225552
SWAY_PROFILE,embedding_in,14,8,225554
SWAY_PROFILE,patch_ready,14,9,225555
SWAY_PROFILE,head_in,13,15,226454
SWAY_PROFILE,block0_in,14,7,226539
SWAY_PROFILE,block1_in,14,2,226539
SWAY_PROFILE,embedding_in,14,9,226541
SWAY_PROFILE,patch_ready,14,10,226542
SWAY_PROFILE,head_in,14,0,227441
SWAY_PROFILE,block0_in,14,8,227526
SWAY_PROFILE,block1_in,14,3,227526
SWAY_PROFILE,embedding_in,14,10,227528
SWAY_PROFILE,patch_ready,14,11,227529
SWAY_PROFILE,head_in,14,1,228428
SWAY_PROFILE,block0_in,14,9,228513
SWAY_PROFILE,block1_in,14,4,228513
SWAY_PROFILE,embedding_in,14,11,228515
SWAY_PROFILE,patch_ready,14,12,228516
SWAY_PROFILE,head_in,14,2,229415
SWAY_PROFILE,block0_in,14,10,229500
SWAY_PROFILE,block1_in,14,5,229500
SWAY_PROFILE,embedding_in,14,12,229502
SWAY_PROFILE,patch_ready,14,13,229503
SWAY_PROFILE,head_output_in,13,0,229747
SWAY_PROFILE,head_in,14,3,230402
SWAY_PROFILE,block0_in,14,11,230487
SWAY_PROFILE,block1_in,14,6,230487
SWAY_PROFILE,embedding_in,14,13,230489
SWAY_PROFILE,serialize_in,13,0,230489
SWAY_PROFILE,patch_ready,14,14,230490
SWAY_PERF_OUTPUT,741,7,230491
SWAY_PERF_OUTPUT,742,7,230492
SWAY_PERF_OUTPUT,743,6,230493
SWAY_PERF_OUTPUT,744,6,230494
SWAY_PERF_OUTPUT,745,12,230495
SWAY_PERF_OUTPUT,746,16,230496
SWAY_PERF_OUTPUT,747,19,230497
SWAY_PERF_OUTPUT,748,1,230498
SWAY_PERF_OUTPUT,749,-2,230499
SWAY_PERF_OUTPUT,750,-3,230500
SWAY_PERF_OUTPUT,751,9,230501
SWAY_PERF_OUTPUT,752,10,230502
SWAY_PERF_OUTPUT,753,11,230503
SWAY_PERF_OUTPUT,754,11,230504
SWAY_PERF_OUTPUT,755,4,230505
SWAY_PERF_OUTPUT,756,2,230506
SWAY_PERF_OUTPUT,757,0,230507
SWAY_PERF_OUTPUT,758,0,230508
SWAY_PERF_OUTPUT,759,7,230509
SWAY_PERF_OUTPUT,760,63,230510
SWAY_PERF_OUTPUT,761,63,230511
SWAY_PERF_OUTPUT,762,63,230512
SWAY_PERF_OUTPUT,763,62,230513
SWAY_PERF_OUTPUT,764,62,230514
SWAY_PERF_OUTPUT,765,63,230515
SWAY_PERF_OUTPUT,766,61,230516
SWAY_PERF_OUTPUT,767,62,230517
SWAY_PERF_OUTPUT,768,63,230518
SWAY_PERF_OUTPUT,769,61,230519
SWAY_PERF_OUTPUT,770,62,230520
SWAY_PERF_OUTPUT,771,62,230521
SWAY_PERF_OUTPUT,772,63,230522
SWAY_PERF_OUTPUT,773,61,230523
SWAY_PERF_OUTPUT,774,62,230524
SWAY_PERF_OUTPUT,775,62,230525
SWAY_PERF_OUTPUT,776,63,230526
SWAY_PERF_OUTPUT,777,60,230527
SWAY_PERF_OUTPUT,778,63,230528
SWAY_PERF_OUTPUT,779,-7,230529
SWAY_PERF_OUTPUT,780,2,230530
SWAY_PERF_OUTPUT,781,13,230531
SWAY_PERF_OUTPUT,782,17,230532
SWAY_PERF_OUTPUT,783,9,230533
SWAY_PERF_OUTPUT,784,5,230534
SWAY_PERF_OUTPUT,785,2,230535
SWAY_PERF_OUTPUT,786,9,230536
SWAY_PERF_OUTPUT,787,2,230537
SWAY_PERF_OUTPUT,788,-4,230538
SWAY_PERF_OUTPUT,789,-7,230539
SWAY_PERF_OUTPUT,790,-17,230540
SWAY_PERF_OUTPUT,791,-28,230541
SWAY_PERF_OUTPUT,792,-29,230542
SWAY_PERF_OUTPUT,793,-7,230543
SWAY_PERF_OUTPUT,794,-16,230544
SWAY_PERF_OUTPUT,795,-27,230545
SWAY_PERF_OUTPUT,796,-29,230546
SWAY_PERF_OUTPUT,797,10,230547
SWAY_PERF_FRAME,13,230491,230547
SWAY_PROFILE,head_in,14,4,231389
SWAY_PROFILE,block0_in,14,12,231474
SWAY_PROFILE,block1_in,14,7,231474
SWAY_PROFILE,embedding_in,14,14,231476
SWAY_PROFILE,patch_ready,14,15,231477
SWAY_PERF_INPUT_FRAME,16,215976,231767
SWAY_PROFILE,head_in,14,5,232376
SWAY_PROFILE,block0_in,14,13,232461
SWAY_PROFILE,block1_in,14,8,232461
SWAY_PROFILE,embedding_in,14,15,232463
SWAY_PROFILE,patch_ready,15,0,232464
SWAY_PROFILE,head_in,14,6,233363
SWAY_PROFILE,block0_in,14,14,233448
SWAY_PROFILE,block1_in,14,9,233448
SWAY_PROFILE,embedding_in,15,0,233450
SWAY_PROFILE,patch_ready,15,1,233451
SWAY_PROFILE,head_in,14,7,234350
SWAY_PROFILE,block0_in,14,15,234435
SWAY_PROFILE,block1_in,14,10,234435
SWAY_PROFILE,embedding_in,15,1,234437
SWAY_PROFILE,patch_ready,15,2,234438
SWAY_PROFILE,head_in,14,8,235337
SWAY_PROFILE,block0_in,15,0,235422
SWAY_PROFILE,block1_in,14,11,235422
SWAY_PROFILE,embedding_in,15,2,235424
SWAY_PROFILE,patch_ready,15,3,235425
SWAY_PROFILE,head_in,14,9,236324
SWAY_PROFILE,block0_in,15,1,236409
SWAY_PROFILE,block1_in,14,12,236409
SWAY_PROFILE,embedding_in,15,3,236411
SWAY_PROFILE,patch_ready,15,4,236412
SWAY_PROFILE,head_in,14,10,237311
SWAY_PROFILE,block0_in,15,2,237396
SWAY_PROFILE,block1_in,14,13,237396
SWAY_PROFILE,embedding_in,15,4,237398
SWAY_PROFILE,patch_ready,15,5,237399
SWAY_PROFILE,head_in,14,11,238298
SWAY_PROFILE,block0_in,15,3,238383
SWAY_PROFILE,block1_in,14,14,238383
SWAY_PROFILE,embedding_in,15,5,238385
SWAY_PROFILE,patch_ready,15,6,238386
SWAY_PROFILE,head_in,14,12,239285
SWAY_PROFILE,block0_in,15,4,239370
SWAY_PROFILE,block1_in,14,15,239370
SWAY_PROFILE,embedding_in,15,6,239372
SWAY_PROFILE,patch_ready,15,7,239373
SWAY_PROFILE,head_in,14,13,240272
SWAY_PROFILE,block0_in,15,5,240357
SWAY_PROFILE,block1_in,15,0,240357
SWAY_PROFILE,embedding_in,15,7,240359
SWAY_PROFILE,patch_ready,15,8,240360
SWAY_PROFILE,head_in,14,14,241259
SWAY_PROFILE,block0_in,15,6,241344
SWAY_PROFILE,block1_in,15,1,241344
SWAY_PROFILE,embedding_in,15,8,241346
SWAY_PROFILE,patch_ready,15,9,241347
SWAY_PROFILE,head_in,14,15,242246
SWAY_PROFILE,block0_in,15,7,242331
SWAY_PROFILE,block1_in,15,2,242331
SWAY_PROFILE,embedding_in,15,9,242333
SWAY_PROFILE,patch_ready,15,10,242334
SWAY_PROFILE,head_in,15,0,243233
SWAY_PROFILE,block0_in,15,8,243318
SWAY_PROFILE,block1_in,15,3,243318
SWAY_PROFILE,embedding_in,15,10,243320
SWAY_PROFILE,patch_ready,15,11,243321
SWAY_PROFILE,head_in,15,1,244220
SWAY_PROFILE,block0_in,15,9,244305
SWAY_PROFILE,block1_in,15,4,244305
SWAY_PROFILE,embedding_in,15,11,244307
SWAY_PROFILE,patch_ready,15,12,244308
SWAY_PROFILE,head_in,15,2,245207
SWAY_PROFILE,block0_in,15,10,245292
SWAY_PROFILE,block1_in,15,5,245292
SWAY_PROFILE,embedding_in,15,12,245294
SWAY_PROFILE,patch_ready,15,13,245295
SWAY_PROFILE,head_output_in,14,0,245539
SWAY_PROFILE,head_in,15,3,246194
SWAY_PROFILE,block0_in,15,11,246279
SWAY_PROFILE,block1_in,15,6,246279
SWAY_PROFILE,embedding_in,15,13,246281
SWAY_PROFILE,serialize_in,14,0,246281
SWAY_PROFILE,patch_ready,15,14,246282
SWAY_PERF_OUTPUT,798,7,246283
SWAY_PERF_OUTPUT,799,7,246284
SWAY_PERF_OUTPUT,800,6,246285
SWAY_PERF_OUTPUT,801,6,246286
SWAY_PERF_OUTPUT,802,12,246287
SWAY_PERF_OUTPUT,803,16,246288
SWAY_PERF_OUTPUT,804,19,246289
SWAY_PERF_OUTPUT,805,1,246290
SWAY_PERF_OUTPUT,806,-2,246291
SWAY_PERF_OUTPUT,807,-3,246292
SWAY_PERF_OUTPUT,808,9,246293
SWAY_PERF_OUTPUT,809,10,246294
SWAY_PERF_OUTPUT,810,11,246295
SWAY_PERF_OUTPUT,811,11,246296
SWAY_PERF_OUTPUT,812,4,246297
SWAY_PERF_OUTPUT,813,2,246298
SWAY_PERF_OUTPUT,814,0,246299
SWAY_PERF_OUTPUT,815,0,246300
SWAY_PERF_OUTPUT,816,7,246301
SWAY_PERF_OUTPUT,817,63,246302
SWAY_PERF_OUTPUT,818,63,246303
SWAY_PERF_OUTPUT,819,63,246304
SWAY_PERF_OUTPUT,820,62,246305
SWAY_PERF_OUTPUT,821,62,246306
SWAY_PERF_OUTPUT,822,63,246307
SWAY_PERF_OUTPUT,823,61,246308
SWAY_PERF_OUTPUT,824,62,246309
SWAY_PERF_OUTPUT,825,63,246310
SWAY_PERF_OUTPUT,826,61,246311
SWAY_PERF_OUTPUT,827,62,246312
SWAY_PERF_OUTPUT,828,62,246313
SWAY_PERF_OUTPUT,829,63,246314
SWAY_PERF_OUTPUT,830,61,246315
SWAY_PERF_OUTPUT,831,62,246316
SWAY_PERF_OUTPUT,832,62,246317
SWAY_PERF_OUTPUT,833,63,246318
SWAY_PERF_OUTPUT,834,60,246319
SWAY_PERF_OUTPUT,835,63,246320
SWAY_PERF_OUTPUT,836,-7,246321
SWAY_PERF_OUTPUT,837,2,246322
SWAY_PERF_OUTPUT,838,13,246323
SWAY_PERF_OUTPUT,839,17,246324
SWAY_PERF_OUTPUT,840,9,246325
SWAY_PERF_OUTPUT,841,5,246326
SWAY_PERF_OUTPUT,842,2,246327
SWAY_PERF_OUTPUT,843,9,246328
SWAY_PERF_OUTPUT,844,2,246329
SWAY_PERF_OUTPUT,845,-4,246330
SWAY_PERF_OUTPUT,846,-7,246331
SWAY_PERF_OUTPUT,847,-17,246332
SWAY_PERF_OUTPUT,848,-28,246333
SWAY_PERF_OUTPUT,849,-29,246334
SWAY_PERF_OUTPUT,850,-7,246335
SWAY_PERF_OUTPUT,851,-16,246336
SWAY_PERF_OUTPUT,852,-27,246337
SWAY_PERF_OUTPUT,853,-29,246338
SWAY_PERF_OUTPUT,854,10,246339
SWAY_PERF_FRAME,14,246283,246339
SWAY_PROFILE,head_in,15,4,247181
SWAY_PROFILE,block0_in,15,12,247266
SWAY_PROFILE,block1_in,15,7,247266
SWAY_PROFILE,embedding_in,15,14,247268
SWAY_PROFILE,patch_ready,15,15,247269
SWAY_PERF_INPUT_FRAME,17,231768,247559
SWAY_PROFILE,head_in,15,5,248168
SWAY_PROFILE,block0_in,15,13,248253
SWAY_PROFILE,block1_in,15,8,248253
SWAY_PROFILE,embedding_in,15,15,248255
SWAY_PROFILE,patch_ready,16,0,248256
SWAY_PROFILE,head_in,15,6,249155
SWAY_PROFILE,block0_in,15,14,249240
SWAY_PROFILE,block1_in,15,9,249240
SWAY_PROFILE,embedding_in,16,0,249242
SWAY_PROFILE,patch_ready,16,1,249243
SWAY_PROFILE,head_in,15,7,250142
SWAY_PROFILE,block0_in,15,15,250227
SWAY_PROFILE,block1_in,15,10,250227
SWAY_PROFILE,embedding_in,16,1,250229
SWAY_PROFILE,patch_ready,16,2,250230
SWAY_PROFILE,head_in,15,8,251129
SWAY_PROFILE,block0_in,16,0,251214
SWAY_PROFILE,block1_in,15,11,251214
SWAY_PROFILE,embedding_in,16,2,251216
SWAY_PROFILE,patch_ready,16,3,251217
SWAY_PROFILE,head_in,15,9,252116
SWAY_PROFILE,block0_in,16,1,252201
SWAY_PROFILE,block1_in,15,12,252201
SWAY_PROFILE,embedding_in,16,3,252203
SWAY_PROFILE,patch_ready,16,4,252204
SWAY_PROFILE,head_in,15,10,253103
SWAY_PROFILE,block0_in,16,2,253188
SWAY_PROFILE,block1_in,15,13,253188
SWAY_PROFILE,embedding_in,16,4,253190
SWAY_PROFILE,patch_ready,16,5,253191
SWAY_PROFILE,head_in,15,11,254090
SWAY_PROFILE,block0_in,16,3,254175
SWAY_PROFILE,block1_in,15,14,254175
SWAY_PROFILE,embedding_in,16,5,254177
SWAY_PROFILE,patch_ready,16,6,254178
SWAY_PROFILE,head_in,15,12,255077
SWAY_PROFILE,block0_in,16,4,255162
SWAY_PROFILE,block1_in,15,15,255162
SWAY_PROFILE,embedding_in,16,6,255164
SWAY_PROFILE,patch_ready,16,7,255165
SWAY_PROFILE,head_in,15,13,256064
SWAY_PROFILE,block0_in,16,5,256149
SWAY_PROFILE,block1_in,16,0,256149
SWAY_PROFILE,embedding_in,16,7,256151
SWAY_PROFILE,patch_ready,16,8,256152
SWAY_PROFILE,head_in,15,14,257051
SWAY_PROFILE,block0_in,16,6,257136
SWAY_PROFILE,block1_in,16,1,257136
SWAY_PROFILE,embedding_in,16,8,257138
SWAY_PROFILE,patch_ready,16,9,257139
SWAY_PROFILE,head_in,15,15,258038
SWAY_PROFILE,block0_in,16,7,258123
SWAY_PROFILE,block1_in,16,2,258123
SWAY_PROFILE,embedding_in,16,9,258125
SWAY_PROFILE,patch_ready,16,10,258126
SWAY_PROFILE,head_in,16,0,259025
SWAY_PROFILE,block0_in,16,8,259110
SWAY_PROFILE,block1_in,16,3,259110
SWAY_PROFILE,embedding_in,16,10,259112
SWAY_PROFILE,patch_ready,16,11,259113
SWAY_PROFILE,head_in,16,1,260012
SWAY_PROFILE,block0_in,16,9,260097
SWAY_PROFILE,block1_in,16,4,260097
SWAY_PROFILE,embedding_in,16,11,260099
SWAY_PROFILE,patch_ready,16,12,260100
SWAY_PROFILE,head_in,16,2,260999
SWAY_PROFILE,block0_in,16,10,261084
SWAY_PROFILE,block1_in,16,5,261084
SWAY_PROFILE,embedding_in,16,12,261086
SWAY_PROFILE,patch_ready,16,13,261087
SWAY_PROFILE,head_output_in,15,0,261331
SWAY_PROFILE,head_in,16,3,261986
SWAY_PROFILE,block0_in,16,11,262071
SWAY_PROFILE,block1_in,16,6,262071
SWAY_PROFILE,embedding_in,16,13,262073
SWAY_PROFILE,serialize_in,15,0,262073
SWAY_PROFILE,patch_ready,16,14,262074
SWAY_PERF_OUTPUT,855,7,262075
SWAY_PERF_OUTPUT,856,8,262076
SWAY_PERF_OUTPUT,857,8,262077
SWAY_PERF_OUTPUT,858,8,262078
SWAY_PERF_OUTPUT,859,13,262079
SWAY_PERF_OUTPUT,860,17,262080
SWAY_PERF_OUTPUT,861,20,262081
SWAY_PERF_OUTPUT,862,2,262082
SWAY_PERF_OUTPUT,863,-2,262083
SWAY_PERF_OUTPUT,864,-5,262084
SWAY_PERF_OUTPUT,865,10,262085
SWAY_PERF_OUTPUT,866,11,262086
SWAY_PERF_OUTPUT,867,10,262087
SWAY_PERF_OUTPUT,868,11,262088
SWAY_PERF_OUTPUT,869,5,262089
SWAY_PERF_OUTPUT,870,3,262090
SWAY_PERF_OUTPUT,871,0,262091
SWAY_PERF_OUTPUT,872,0,262092
SWAY_PERF_OUTPUT,873,8,262093
SWAY_PERF_OUTPUT,874,62,262094
SWAY_PERF_OUTPUT,875,62,262095
SWAY_PERF_OUTPUT,876,62,262096
SWAY_PERF_OUTPUT,877,62,262097
SWAY_PERF_OUTPUT,878,62,262098
SWAY_PERF_OUTPUT,879,62,262099
SWAY_PERF_OUTPUT,880,60,262100
SWAY_PERF_OUTPUT,881,61,262101
SWAY_PERF_OUTPUT,882,61,262102
SWAY_PERF_OUTPUT,883,60,262103
SWAY_PERF_OUTPUT,884,61,262104
SWAY_PERF_OUTPUT,885,60,262105
SWAY_PERF_OUTPUT,886,62,262106
SWAY_PERF_OUTPUT,887,59,262107
SWAY_PERF_OUTPUT,888,61,262108
SWAY_PERF_OUTPUT,889,61,262109
SWAY_PERF_OUTPUT,890,64,262110
SWAY_PERF_OUTPUT,891,60,262111
SWAY_PERF_OUTPUT,892,62,262112
SWAY_PERF_OUTPUT,893,-6,262113
SWAY_PERF_OUTPUT,894,4,262114
SWAY_PERF_OUTPUT,895,14,262115
SWAY_PERF_OUTPUT,896,18,262116
SWAY_PERF_OUTPUT,897,10,262117
SWAY_PERF_OUTPUT,898,6,262118
SWAY_PERF_OUTPUT,899,-1,262119
SWAY_PERF_OUTPUT,900,10,262120
SWAY_PERF_OUTPUT,901,4,262121
SWAY_PERF_OUTPUT,902,-1,262122
SWAY_PERF_OUTPUT,903,-5,262123
SWAY_PERF_OUTPUT,904,-16,262124
SWAY_PERF_OUTPUT,905,-26,262125
SWAY_PERF_OUTPUT,906,-29,262126
SWAY_PERF_OUTPUT,907,-6,262127
SWAY_PERF_OUTPUT,908,-15,262128
SWAY_PERF_OUTPUT,909,-26,262129
SWAY_PERF_OUTPUT,910,-28,262130
SWAY_PERF_OUTPUT,911,11,262131
SWAY_PERF_FRAME,15,262075,262131
SWAY_PROFILE,head_in,16,4,262973
SWAY_PROFILE,block0_in,16,12,263058
SWAY_PROFILE,block1_in,16,7,263058
SWAY_PROFILE,embedding_in,16,14,263060
SWAY_PROFILE,patch_ready,16,15,263061
SWAY_PERF_INPUT_FRAME,18,247560,263351
SWAY_PROFILE,head_in,16,5,263960
SWAY_PROFILE,block0_in,16,13,264045
SWAY_PROFILE,block1_in,16,8,264045
SWAY_PROFILE,embedding_in,16,15,264047
SWAY_PROFILE,patch_ready,17,0,264048
SWAY_PROFILE,head_in,16,6,264947
SWAY_PROFILE,block0_in,16,14,265032
SWAY_PROFILE,block1_in,16,9,265032
SWAY_PROFILE,embedding_in,17,0,265034
SWAY_PROFILE,patch_ready,17,1,265035
SWAY_PROFILE,head_in,16,7,265934
SWAY_PROFILE,block0_in,16,15,266019
SWAY_PROFILE,block1_in,16,10,266019
SWAY_PROFILE,embedding_in,17,1,266021
SWAY_PROFILE,patch_ready,17,2,266022
SWAY_PROFILE,head_in,16,8,266921
SWAY_PROFILE,block0_in,17,0,267006
SWAY_PROFILE,block1_in,16,11,267006
SWAY_PROFILE,embedding_in,17,2,267008
SWAY_PROFILE,patch_ready,17,3,267009
SWAY_PROFILE,head_in,16,9,267908
SWAY_PROFILE,block0_in,17,1,267993
SWAY_PROFILE,block1_in,16,12,267993
SWAY_PROFILE,embedding_in,17,3,267995
SWAY_PROFILE,patch_ready,17,4,267996
SWAY_PROFILE,head_in,16,10,268895
SWAY_PROFILE,block0_in,17,2,268980
SWAY_PROFILE,block1_in,16,13,268980
SWAY_PROFILE,embedding_in,17,4,268982
SWAY_PROFILE,patch_ready,17,5,268983
SWAY_PROFILE,head_in,16,11,269882
SWAY_PROFILE,block0_in,17,3,269967
SWAY_PROFILE,block1_in,16,14,269967
SWAY_PROFILE,embedding_in,17,5,269969
SWAY_PROFILE,patch_ready,17,6,269970
SWAY_PROFILE,head_in,16,12,270869
SWAY_PROFILE,block0_in,17,4,270954
SWAY_PROFILE,block1_in,16,15,270954
SWAY_PROFILE,embedding_in,17,6,270956
SWAY_PROFILE,patch_ready,17,7,270957
SWAY_PROFILE,head_in,16,13,271856
SWAY_PROFILE,block0_in,17,5,271941
SWAY_PROFILE,block1_in,17,0,271941
SWAY_PROFILE,embedding_in,17,7,271943
SWAY_PROFILE,patch_ready,17,8,271944
SWAY_PROFILE,head_in,16,14,272843
SWAY_PROFILE,block0_in,17,6,272928
SWAY_PROFILE,block1_in,17,1,272928
SWAY_PROFILE,embedding_in,17,8,272930
SWAY_PROFILE,patch_ready,17,9,272931
SWAY_PROFILE,head_in,16,15,273830
SWAY_PROFILE,block0_in,17,7,273915
SWAY_PROFILE,block1_in,17,2,273915
SWAY_PROFILE,embedding_in,17,9,273917
SWAY_PROFILE,patch_ready,17,10,273918
SWAY_PROFILE,head_in,17,0,274817
SWAY_PROFILE,block0_in,17,8,274902
SWAY_PROFILE,block1_in,17,3,274902
SWAY_PROFILE,embedding_in,17,10,274904
SWAY_PROFILE,patch_ready,17,11,274905
SWAY_PROFILE,head_in,17,1,275804
SWAY_PROFILE,block0_in,17,9,275889
SWAY_PROFILE,block1_in,17,4,275889
SWAY_PROFILE,embedding_in,17,11,275891
SWAY_PROFILE,patch_ready,17,12,275892
SWAY_PROFILE,head_in,17,2,276791
SWAY_PROFILE,block0_in,17,10,276876
SWAY_PROFILE,block1_in,17,5,276876
SWAY_PROFILE,embedding_in,17,12,276878
SWAY_PROFILE,patch_ready,17,13,276879
SWAY_PROFILE,head_output_in,16,0,277123
SWAY_PROFILE,head_in,17,3,277778
SWAY_PROFILE,block0_in,17,11,277863
SWAY_PROFILE,block1_in,17,6,277863
SWAY_PROFILE,embedding_in,17,13,277865
SWAY_PROFILE,serialize_in,16,0,277865
SWAY_PROFILE,patch_ready,17,14,277866
SWAY_PERF_OUTPUT,912,8,277867
SWAY_PERF_OUTPUT,913,9,277868
SWAY_PERF_OUTPUT,914,8,277869
SWAY_PERF_OUTPUT,915,9,277870
SWAY_PERF_OUTPUT,916,13,277871
SWAY_PERF_OUTPUT,917,16,277872
SWAY_PERF_OUTPUT,918,15,277873
SWAY_PERF_OUTPUT,919,4,277874
SWAY_PERF_OUTPUT,920,1,277875
SWAY_PERF_OUTPUT,921,0,277876
SWAY_PERF_OUTPUT,922,10,277877
SWAY_PERF_OUTPUT,923,10,277878
SWAY_PERF_OUTPUT,924,8,277879
SWAY_PERF_OUTPUT,925,8,277880
SWAY_PERF_OUTPUT,926,6,277881
SWAY_PERF_OUTPUT,927,4,277882
SWAY_PERF_OUTPUT,928,2,277883
SWAY_PERF_OUTPUT,929,1,277884
SWAY_PERF_OUTPUT,930,9,277885
SWAY_PERF_OUTPUT,931,63,277886
SWAY_PERF_OUTPUT,932,63,277887
SWAY_PERF_OUTPUT,933,63,277888
SWAY_PERF_OUTPUT,934,63,277889
SWAY_PERF_OUTPUT,935,62,277890
SWAY_PERF_OUTPUT,936,62,277891
SWAY_PERF_OUTPUT,937,60,277892
SWAY_PERF_OUTPUT,938,62,277893
SWAY_PERF_OUTPUT,939,64,277894
SWAY_PERF_OUTPUT,940,62,277895
SWAY_PERF_OUTPUT,941,62,277896
SWAY_PERF_OUTPUT,942,62,277897
SWAY_PERF_OUTPUT,943,63,277898
SWAY_PERF_OUTPUT,944,62,277899
SWAY_PERF_OUTPUT,945,62,277900
SWAY_PERF_OUTPUT,946,62,277901
SWAY_PERF_OUTPUT,947,63,277902
SWAY_PERF_OUTPUT,948,59,277903
SWAY_PERF_OUTPUT,949,63,277904
SWAY_PERF_OUTPUT,950,-8,277905
SWAY_PERF_OUTPUT,951,2,277906
SWAY_PERF_OUTPUT,952,13,277907
SWAY_PERF_OUTPUT,953,17,277908
SWAY_PERF_OUTPUT,954,9,277909
SWAY_PERF_OUTPUT,955,2,277910
SWAY_PERF_OUTPUT,956,-4,277911
SWAY_PERF_OUTPUT,957,8,277912
SWAY_PERF_OUTPUT,958,2,277913
SWAY_PERF_OUTPUT,959,-4,277914
SWAY_PERF_OUTPUT,960,-7,277915
SWAY_PERF_OUTPUT,961,-17,277916
SWAY_PERF_OUTPUT,962,-28,277917
SWAY_PERF_OUTPUT,963,-30,277918
SWAY_PERF_OUTPUT,964,-7,277919
SWAY_PERF_OUTPUT,965,-16,277920
SWAY_PERF_OUTPUT,966,-26,277921
SWAY_PERF_OUTPUT,967,-29,277922
SWAY_PERF_OUTPUT,968,10,277923
SWAY_PERF_FRAME,16,277867,277923
SWAY_PROFILE,head_in,17,4,278765
SWAY_PROFILE,block0_in,17,12,278850
SWAY_PROFILE,block1_in,17,7,278850
SWAY_PROFILE,embedding_in,17,14,278852
SWAY_PROFILE,patch_ready,17,15,278853
SWAY_PERF_INPUT_FRAME,19,263352,279143
SWAY_PROFILE,head_in,17,5,279752
SWAY_PROFILE,block0_in,17,13,279837
SWAY_PROFILE,block1_in,17,8,279837
SWAY_PROFILE,embedding_in,17,15,279839
SWAY_PROFILE,patch_ready,18,0,279840
SWAY_PROFILE,head_in,17,6,280739
SWAY_PROFILE,block0_in,17,14,280824
SWAY_PROFILE,block1_in,17,9,280824
SWAY_PROFILE,embedding_in,18,0,280826
SWAY_PROFILE,patch_ready,18,1,280827
SWAY_PROFILE,head_in,17,7,281726
SWAY_PROFILE,block0_in,17,15,281811
SWAY_PROFILE,block1_in,17,10,281811
SWAY_PROFILE,embedding_in,18,1,281813
SWAY_PROFILE,patch_ready,18,2,281814
SWAY_PROFILE,head_in,17,8,282713
SWAY_PROFILE,block0_in,18,0,282798
SWAY_PROFILE,block1_in,17,11,282798
SWAY_PROFILE,embedding_in,18,2,282800
SWAY_PROFILE,patch_ready,18,3,282801
SWAY_PROFILE,head_in,17,9,283700
SWAY_PROFILE,block0_in,18,1,283785
SWAY_PROFILE,block1_in,17,12,283785
SWAY_PROFILE,embedding_in,18,3,283787
SWAY_PROFILE,patch_ready,18,4,283788
SWAY_PROFILE,head_in,17,10,284687
SWAY_PROFILE,block0_in,18,2,284772
SWAY_PROFILE,block1_in,17,13,284772
SWAY_PROFILE,embedding_in,18,4,284774
SWAY_PROFILE,patch_ready,18,5,284775
SWAY_PROFILE,head_in,17,11,285674
SWAY_PROFILE,block0_in,18,3,285759
SWAY_PROFILE,block1_in,17,14,285759
SWAY_PROFILE,embedding_in,18,5,285761
SWAY_PROFILE,patch_ready,18,6,285762
SWAY_PROFILE,head_in,17,12,286661
SWAY_PROFILE,block0_in,18,4,286746
SWAY_PROFILE,block1_in,17,15,286746
SWAY_PROFILE,embedding_in,18,6,286748
SWAY_PROFILE,patch_ready,18,7,286749
SWAY_PROFILE,head_in,17,13,287648
SWAY_PROFILE,block0_in,18,5,287733
SWAY_PROFILE,block1_in,18,0,287733
SWAY_PROFILE,embedding_in,18,7,287735
SWAY_PROFILE,patch_ready,18,8,287736
SWAY_PROFILE,head_in,17,14,288635
SWAY_PROFILE,block0_in,18,6,288720
SWAY_PROFILE,block1_in,18,1,288720
SWAY_PROFILE,embedding_in,18,8,288722
SWAY_PROFILE,patch_ready,18,9,288723
SWAY_PROFILE,head_in,17,15,289622
SWAY_PROFILE,block0_in,18,7,289707
SWAY_PROFILE,block1_in,18,2,289707
SWAY_PROFILE,embedding_in,18,9,289709
SWAY_PROFILE,patch_ready,18,10,289710
SWAY_PROFILE,head_in,18,0,290609
SWAY_PROFILE,block0_in,18,8,290694
SWAY_PROFILE,block1_in,18,3,290694
SWAY_PROFILE,embedding_in,18,10,290696
SWAY_PROFILE,patch_ready,18,11,290697
SWAY_PROFILE,head_in,18,1,291596
SWAY_PROFILE,block0_in,18,9,291681
SWAY_PROFILE,block1_in,18,4,291681
SWAY_PROFILE,embedding_in,18,11,291683
SWAY_PROFILE,patch_ready,18,12,291684
SWAY_PROFILE,head_in,18,2,292583
SWAY_PROFILE,block0_in,18,10,292668
SWAY_PROFILE,block1_in,18,5,292668
SWAY_PROFILE,embedding_in,18,12,292670
SWAY_PROFILE,patch_ready,18,13,292671
SWAY_PROFILE,head_output_in,17,0,292915
SWAY_PROFILE,head_in,18,3,293570
SWAY_PROFILE,block0_in,18,11,293655
SWAY_PROFILE,block1_in,18,6,293655
SWAY_PROFILE,embedding_in,18,13,293657
SWAY_PROFILE,serialize_in,17,0,293657
SWAY_PROFILE,patch_ready,18,14,293658
SWAY_PERF_OUTPUT,969,7,293659
SWAY_PERF_OUTPUT,970,7,293660
SWAY_PERF_OUTPUT,971,6,293661
SWAY_PERF_OUTPUT,972,7,293662
SWAY_PERF_OUTPUT,973,13,293663
SWAY_PERF_OUTPUT,974,17,293664
SWAY_PERF_OUTPUT,975,20,293665
SWAY_PERF_OUTPUT,976,1,293666
SWAY_PERF_OUTPUT,977,-3,293667
SWAY_PERF_OUTPUT,978,-4,293668
SWAY_PERF_OUTPUT,979,10,293669
SWAY_PERF_OUTPUT,980,11,293670
SWAY_PERF_OUTPUT,981,13,293671
SWAY_PERF_OUTPUT,982,13,293672
SWAY_PERF_OUTPUT,983,5,293673
SWAY_PERF_OUTPUT,984,4,293674
SWAY_PERF_OUTPUT,985,2,293675
SWAY_PERF_OUTPUT,986,2,293676
SWAY_PERF_OUTPUT,987,7,293677
SWAY_PERF_OUTPUT,988,62,293678
SWAY_PERF_OUTPUT,989,62,293679
SWAY_PERF_OUTPUT,990,62,293680
SWAY_PERF_OUTPUT,991,61,293681
SWAY_PERF_OUTPUT,992,63,293682
SWAY_PERF_OUTPUT,993,65,293683
SWAY_PERF_OUTPUT,994,62,293684
SWAY_PERF_OUTPUT,995,60,293685
SWAY_PERF_OUTPUT,996,59,293686
SWAY_PERF_OUTPUT,997,57,293687
SWAY_PERF_OUTPUT,998,60,293688
SWAY_PERF_OUTPUT,999,60,293689
SWAY_PERF_OUTPUT,1000,59,293690
SWAY_PERF_OUTPUT,1001,56,293691
SWAY_PERF_OUTPUT,1002,60,293692
SWAY_PERF_OUTPUT,1003,63,293693
SWAY_PERF_OUTPUT,1004,65,293694
SWAY_PERF_OUTPUT,1005,62,293695
SWAY_PERF_OUTPUT,1006,62,293696
SWAY_PERF_OUTPUT,1007,-3,293697
SWAY_PERF_OUTPUT,1008,7,293698
SWAY_PERF_OUTPUT,1009,17,293699
SWAY_PERF_OUTPUT,1010,22,293700
SWAY_PERF_OUTPUT,1011,14,293701
SWAY_PERF_OUTPUT,1012,10,293702
SWAY_PERF_OUTPUT,1013,8,293703
SWAY_PERF_OUTPUT,1014,14,293704
SWAY_PERF_OUTPUT,1015,8,293705
SWAY_PERF_OUTPUT,1016,4,293706
SWAY_PERF_OUTPUT,1017,-2,293707
SWAY_PERF_OUTPUT,1018,-15,293708
SWAY_PERF_OUTPUT,1019,-26,293709
SWAY_PERF_OUTPUT,1020,-28,293710
SWAY_PERF_OUTPUT,1021,-3,293711
SWAY_PERF_OUTPUT,1022,-15,293712
SWAY_PERF_OUTPUT,1023,-26,293713
SWAY_PERF_OUTPUT,1024,-28,293714
SWAY_PERF_OUTPUT,1025,15,293715
SWAY_PERF_FRAME,17,293659,293715
SWAY_PROFILE,head_in,18,4,294557
SWAY_PROFILE,block0_in,18,12,294642
SWAY_PROFILE,block1_in,18,7,294642
SWAY_PROFILE,embedding_in,18,14,294644
SWAY_PROFILE,patch_ready,18,15,294645
SWAY_PERF_INPUT_FRAME,20,279144,294935
SWAY_PROFILE,head_in,18,5,295544
SWAY_PROFILE,block0_in,18,13,295629
SWAY_PROFILE,block1_in,18,8,295629
SWAY_PROFILE,embedding_in,18,15,295631
SWAY_PROFILE,patch_ready,19,0,295632
SWAY_PROFILE,head_in,18,6,296531
SWAY_PROFILE,block0_in,18,14,296616
SWAY_PROFILE,block1_in,18,9,296616
SWAY_PROFILE,embedding_in,19,0,296618
SWAY_PROFILE,patch_ready,19,1,296619
SWAY_PROFILE,head_in,18,7,297518
SWAY_PROFILE,block0_in,18,15,297603
SWAY_PROFILE,block1_in,18,10,297603
SWAY_PROFILE,embedding_in,19,1,297605
SWAY_PROFILE,patch_ready,19,2,297606
SWAY_PROFILE,head_in,18,8,298505
SWAY_PROFILE,block0_in,19,0,298590
SWAY_PROFILE,block1_in,18,11,298590
SWAY_PROFILE,embedding_in,19,2,298592
SWAY_PROFILE,patch_ready,19,3,298593
SWAY_PROFILE,head_in,18,9,299492
SWAY_PROFILE,block0_in,19,1,299577
SWAY_PROFILE,block1_in,18,12,299577
SWAY_PROFILE,embedding_in,19,3,299579
SWAY_PROFILE,patch_ready,19,4,299580
SWAY_PROFILE,head_in,18,10,300479
SWAY_PROFILE,block0_in,19,2,300564
SWAY_PROFILE,block1_in,18,13,300564
SWAY_PROFILE,embedding_in,19,4,300566
SWAY_PROFILE,patch_ready,19,5,300567
SWAY_PROFILE,head_in,18,11,301466
SWAY_PROFILE,block0_in,19,3,301551
SWAY_PROFILE,block1_in,18,14,301551
SWAY_PROFILE,embedding_in,19,5,301553
SWAY_PROFILE,patch_ready,19,6,301554
SWAY_PROFILE,head_in,18,12,302453
SWAY_PROFILE,block0_in,19,4,302538
SWAY_PROFILE,block1_in,18,15,302538
SWAY_PROFILE,embedding_in,19,6,302540
SWAY_PROFILE,patch_ready,19,7,302541
SWAY_PROFILE,head_in,18,13,303440
SWAY_PROFILE,block0_in,19,5,303525
SWAY_PROFILE,block1_in,19,0,303525
SWAY_PROFILE,embedding_in,19,7,303527
SWAY_PROFILE,patch_ready,19,8,303528
SWAY_PROFILE,head_in,18,14,304427
SWAY_PROFILE,block0_in,19,6,304512
SWAY_PROFILE,block1_in,19,1,304512
SWAY_PROFILE,embedding_in,19,8,304514
SWAY_PROFILE,patch_ready,19,9,304515
SWAY_PROFILE,head_in,18,15,305414
SWAY_PROFILE,block0_in,19,7,305499
SWAY_PROFILE,block1_in,19,2,305499
SWAY_PROFILE,embedding_in,19,9,305501
SWAY_PROFILE,patch_ready,19,10,305502
SWAY_PROFILE,head_in,19,0,306401
SWAY_PROFILE,block0_in,19,8,306486
SWAY_PROFILE,block1_in,19,3,306486
SWAY_PROFILE,embedding_in,19,10,306488
SWAY_PROFILE,patch_ready,19,11,306489
SWAY_PROFILE,head_in,19,1,307388
SWAY_PROFILE,block0_in,19,9,307473
SWAY_PROFILE,block1_in,19,4,307473
SWAY_PROFILE,embedding_in,19,11,307475
SWAY_PROFILE,patch_ready,19,12,307476
SWAY_PROFILE,head_in,19,2,308375
SWAY_PROFILE,block0_in,19,10,308460
SWAY_PROFILE,block1_in,19,5,308460
SWAY_PROFILE,embedding_in,19,12,308462
SWAY_PROFILE,patch_ready,19,13,308463
SWAY_PROFILE,head_output_in,18,0,308707
SWAY_PROFILE,head_in,19,3,309362
SWAY_PROFILE,block0_in,19,11,309447
SWAY_PROFILE,block1_in,19,6,309447
SWAY_PROFILE,embedding_in,19,13,309449
SWAY_PROFILE,serialize_in,18,0,309449
SWAY_PROFILE,patch_ready,19,14,309450
SWAY_PERF_OUTPUT,1026,8,309451
SWAY_PERF_OUTPUT,1027,9,309452
SWAY_PERF_OUTPUT,1028,9,309453
SWAY_PERF_OUTPUT,1029,9,309454
SWAY_PERF_OUTPUT,1030,14,309455
SWAY_PERF_OUTPUT,1031,20,309456
SWAY_PERF_OUTPUT,1032,23,309457
SWAY_PERF_OUTPUT,1033,3,309458
SWAY_PERF_OUTPUT,1034,-4,309459
SWAY_PERF_OUTPUT,1035,-9,309460
SWAY_PERF_OUTPUT,1036,11,309461
SWAY_PERF_OUTPUT,1037,13,309462
SWAY_PERF_OUTPUT,1038,13,309463
SWAY_PERF_OUTPUT,1039,14,309464
SWAY_PERF_OUTPUT,1040,6,309465
SWAY_PERF_OUTPUT,1041,0,309466
SWAY_PERF_OUTPUT,1042,-5,309467
SWAY_PERF_OUTPUT,1043,-5,309468
SWAY_PERF_OUTPUT,1044,9,309469
SWAY_PERF_OUTPUT,1045,62,309470
SWAY_PERF_OUTPUT,1046,61,309471
SWAY_PERF_OUTPUT,1047,60,309472
SWAY_PERF_OUTPUT,1048,59,309473
SWAY_PERF_OUTPUT,1049,59,309474
SWAY_PERF_OUTPUT,1050,59,309475
SWAY_PERF_OUTPUT,1051,58,309476
SWAY_PERF_OUTPUT,1052,60,309477
SWAY_PERF_OUTPUT,1053,60,309478
SWAY_PERF_OUTPUT,1054,59,309479
SWAY_PERF_OUTPUT,1055,60,309480
SWAY_PERF_OUTPUT,1056,58,309481
SWAY_PERF_OUTPUT,1057,61,309482
SWAY_PERF_OUTPUT,1058,59,309483
SWAY_PERF_OUTPUT,1059,61,309484
SWAY_PERF_OUTPUT,1060,59,309485
SWAY_PERF_OUTPUT,1061,61,309486
SWAY_PERF_OUTPUT,1062,58,309487
SWAY_PERF_OUTPUT,1063,60,309488
SWAY_PERF_OUTPUT,1064,-8,309489
SWAY_PERF_OUTPUT,1065,2,309490
SWAY_PERF_OUTPUT,1066,11,309491
SWAY_PERF_OUTPUT,1067,15,309492
SWAY_PERF_OUTPUT,1068,8,309493
SWAY_PERF_OUTPUT,1069,6,309494
SWAY_PERF_OUTPUT,1070,5,309495
SWAY_PERF_OUTPUT,1071,8,309496
SWAY_PERF_OUTPUT,1072,6,309497
SWAY_PERF_OUTPUT,1073,8,309498
SWAY_PERF_OUTPUT,1074,-7,309499
SWAY_PERF_OUTPUT,1075,-16,309500
SWAY_PERF_OUTPUT,1076,-27,309501
SWAY_PERF_OUTPUT,1077,-29,309502
SWAY_PERF_OUTPUT,1078,-7,309503
SWAY_PERF_OUTPUT,1079,-14,309504
SWAY_PERF_OUTPUT,1080,-25,309505
SWAY_PERF_OUTPUT,1081,-27,309506
SWAY_PERF_OUTPUT,1082,9,309507
SWAY_PERF_FRAME,18,309451,309507
SWAY_PROFILE,head_in,19,4,310349
SWAY_PROFILE,block0_in,19,12,310434
SWAY_PROFILE,block1_in,19,7,310434
SWAY_PROFILE,embedding_in,19,14,310436
SWAY_PROFILE,patch_ready,19,15,310437
SWAY_PERF_INPUT_FRAME,21,294936,310727
SWAY_PROFILE,head_in,19,5,311336
SWAY_PROFILE,block0_in,19,13,311421
SWAY_PROFILE,block1_in,19,8,311421
SWAY_PROFILE,embedding_in,19,15,311423
SWAY_PROFILE,patch_ready,20,0,311424
SWAY_PROFILE,head_in,19,6,312323
SWAY_PROFILE,block0_in,19,14,312408
SWAY_PROFILE,block1_in,19,9,312408
SWAY_PROFILE,embedding_in,20,0,312410
SWAY_PROFILE,patch_ready,20,1,312411
SWAY_PROFILE,head_in,19,7,313310
SWAY_PROFILE,block0_in,19,15,313395
SWAY_PROFILE,block1_in,19,10,313395
SWAY_PROFILE,embedding_in,20,1,313397
SWAY_PROFILE,patch_ready,20,2,313398
SWAY_PROFILE,head_in,19,8,314297
SWAY_PROFILE,block0_in,20,0,314382
SWAY_PROFILE,block1_in,19,11,314382
SWAY_PROFILE,embedding_in,20,2,314384
SWAY_PROFILE,patch_ready,20,3,314385
SWAY_PROFILE,head_in,19,9,315284
SWAY_PROFILE,block0_in,20,1,315369
SWAY_PROFILE,block1_in,19,12,315369
SWAY_PROFILE,embedding_in,20,3,315371
SWAY_PROFILE,patch_ready,20,4,315372
SWAY_PROFILE,head_in,19,10,316271
SWAY_PROFILE,block0_in,20,2,316356
SWAY_PROFILE,block1_in,19,13,316356
SWAY_PROFILE,embedding_in,20,4,316358
SWAY_PROFILE,patch_ready,20,5,316359
SWAY_PROFILE,head_in,19,11,317258
SWAY_PROFILE,block0_in,20,3,317343
SWAY_PROFILE,block1_in,19,14,317343
SWAY_PROFILE,embedding_in,20,5,317345
SWAY_PROFILE,patch_ready,20,6,317346
SWAY_PROFILE,head_in,19,12,318245
SWAY_PROFILE,block0_in,20,4,318330
SWAY_PROFILE,block1_in,19,15,318330
SWAY_PROFILE,embedding_in,20,6,318332
SWAY_PROFILE,patch_ready,20,7,318333
SWAY_PROFILE,head_in,19,13,319232
SWAY_PROFILE,block0_in,20,5,319317
SWAY_PROFILE,block1_in,20,0,319317
SWAY_PROFILE,embedding_in,20,7,319319
SWAY_PROFILE,patch_ready,20,8,319320
SWAY_PROFILE,head_in,19,14,320219
SWAY_PROFILE,block0_in,20,6,320304
SWAY_PROFILE,block1_in,20,1,320304
SWAY_PROFILE,embedding_in,20,8,320306
SWAY_PROFILE,patch_ready,20,9,320307
SWAY_PROFILE,head_in,19,15,321206
SWAY_PROFILE,block0_in,20,7,321291
SWAY_PROFILE,block1_in,20,2,321291
SWAY_PROFILE,embedding_in,20,9,321293
SWAY_PROFILE,patch_ready,20,10,321294
SWAY_PROFILE,head_in,20,0,322193
SWAY_PROFILE,block0_in,20,8,322278
SWAY_PROFILE,block1_in,20,3,322278
SWAY_PROFILE,embedding_in,20,10,322280
SWAY_PROFILE,patch_ready,20,11,322281
SWAY_PROFILE,head_in,20,1,323180
SWAY_PROFILE,block0_in,20,9,323265
SWAY_PROFILE,block1_in,20,4,323265
SWAY_PROFILE,embedding_in,20,11,323267
SWAY_PROFILE,patch_ready,20,12,323268
SWAY_PROFILE,head_in,20,2,324167
SWAY_PROFILE,block0_in,20,10,324252
SWAY_PROFILE,block1_in,20,5,324252
SWAY_PROFILE,embedding_in,20,12,324254
SWAY_PROFILE,patch_ready,20,13,324255
SWAY_PROFILE,head_output_in,19,0,324499
SWAY_PROFILE,head_in,20,3,325154
SWAY_PROFILE,block0_in,20,11,325239
SWAY_PROFILE,block1_in,20,6,325239
SWAY_PROFILE,embedding_in,20,13,325241
SWAY_PROFILE,serialize_in,19,0,325241
SWAY_PROFILE,patch_ready,20,14,325242
SWAY_PERF_OUTPUT,1083,4,325243
SWAY_PERF_OUTPUT,1084,4,325244
SWAY_PERF_OUTPUT,1085,3,325245
SWAY_PERF_OUTPUT,1086,3,325246
SWAY_PERF_OUTPUT,1087,9,325247
SWAY_PERF_OUTPUT,1088,16,325248
SWAY_PERF_OUTPUT,1089,19,325249
SWAY_PERF_OUTPUT,1090,-2,325250
SWAY_PERF_OUTPUT,1091,-7,325251
SWAY_PERF_OUTPUT,1092,-8,325252
SWAY_PERF_OUTPUT,1093,7,325253
SWAY_PERF_OUTPUT,1094,11,325254
SWAY_PERF_OUTPUT,1095,13,325255
SWAY_PERF_OUTPUT,1096,14,325256
SWAY_PERF_OUTPUT,1097,2,325257
SWAY_PERF_OUTPUT,1098,-1,325258
SWAY_PERF_OUTPUT,1099,-2,325259
SWAY_PERF_OUTPUT,1100,-2,325260
SWAY_PERF_OUTPUT,1101,3,325261
SWAY_PERF_OUTPUT,1102,61,325262
SWAY_PERF_OUTPUT,1103,61,325263
SWAY_PERF_OUTPUT,1104,60,325264
SWAY_PERF_OUTPUT,1105,60,325265
SWAY_PERF_OUTPUT,1106,60,325266
SWAY_PERF_OUTPUT,1107,61,325267
SWAY_PERF_OUTPUT,1108,59,325268
SWAY_PERF_OUTPUT,1109,59,325269
SWAY_PERF_OUTPUT,1110,59,325270
SWAY_PERF_OUTPUT,1111,58,325271
SWAY_PERF_OUTPUT,1112,60,325272
SWAY_PERF_OUTPUT,1113,59,325273
SWAY_PERF_OUTPUT,1114,60,325274
SWAY_PERF_OUTPUT,1115,57,325275
SWAY_PERF_OUTPUT,1116,60,325276
SWAY_PERF_OUTPUT,1117,59,325277
SWAY_PERF_OUTPUT,1118,62,325278
SWAY_PERF_OUTPUT,1119,59,325279
SWAY_PERF_OUTPUT,1120,60,325280
SWAY_PERF_OUTPUT,1121,-6,325281
SWAY_PERF_OUTPUT,1122,4,325282
SWAY_PERF_OUTPUT,1123,14,325283
SWAY_PERF_OUTPUT,1124,18,325284
SWAY_PERF_OUTPUT,1125,11,325285
SWAY_PERF_OUTPUT,1126,10,325286
SWAY_PERF_OUTPUT,1127,11,325287
SWAY_PERF_OUTPUT,1128,10,325288
SWAY_PERF_OUTPUT,1129,6,325289
SWAY_PERF_OUTPUT,1130,5,325290
SWAY_PERF_OUTPUT,1131,-5,325291
SWAY_PERF_OUTPUT,1132,-15,325292
SWAY_PERF_OUTPUT,1133,-25,325293
SWAY_PERF_OUTPUT,1134,-28,325294
SWAY_PERF_OUTPUT,1135,-6,325295
SWAY_PERF_OUTPUT,1136,-15,325296
SWAY_PERF_OUTPUT,1137,-27,325297
SWAY_PERF_OUTPUT,1138,-29,325298
SWAY_PERF_OUTPUT,1139,12,325299
SWAY_PERF_FRAME,19,325243,325299
SWAY_PROFILE,head_in,20,4,326141
SWAY_PROFILE,block0_in,20,12,326226
SWAY_PROFILE,block1_in,20,7,326226
SWAY_PROFILE,embedding_in,20,14,326228
SWAY_PROFILE,patch_ready,20,15,326229
SWAY_PERF_INPUT_FRAME,22,310728,326519
SWAY_PROFILE,head_in,20,5,327128
SWAY_PROFILE,block0_in,20,13,327213
SWAY_PROFILE,block1_in,20,8,327213
SWAY_PROFILE,embedding_in,20,15,327215
SWAY_PROFILE,patch_ready,21,0,327216
SWAY_PROFILE,head_in,20,6,328115
SWAY_PROFILE,block0_in,20,14,328200
SWAY_PROFILE,block1_in,20,9,328200
SWAY_PROFILE,embedding_in,21,0,328202
SWAY_PROFILE,patch_ready,21,1,328203
SWAY_PROFILE,head_in,20,7,329102
SWAY_PROFILE,block0_in,20,15,329187
SWAY_PROFILE,block1_in,20,10,329187
SWAY_PROFILE,embedding_in,21,1,329189
SWAY_PROFILE,patch_ready,21,2,329190
SWAY_PROFILE,head_in,20,8,330089
SWAY_PROFILE,block0_in,21,0,330174
SWAY_PROFILE,block1_in,20,11,330174
SWAY_PROFILE,embedding_in,21,2,330176
SWAY_PROFILE,patch_ready,21,3,330177
SWAY_PROFILE,head_in,20,9,331076
SWAY_PROFILE,block0_in,21,1,331161
SWAY_PROFILE,block1_in,20,12,331161
SWAY_PROFILE,embedding_in,21,3,331163
SWAY_PROFILE,patch_ready,21,4,331164
SWAY_PROFILE,head_in,20,10,332063
SWAY_PROFILE,block0_in,21,2,332148
SWAY_PROFILE,block1_in,20,13,332148
SWAY_PROFILE,embedding_in,21,4,332150
SWAY_PROFILE,patch_ready,21,5,332151
SWAY_PROFILE,head_in,20,11,333050
SWAY_PROFILE,block0_in,21,3,333135
SWAY_PROFILE,block1_in,20,14,333135
SWAY_PROFILE,embedding_in,21,5,333137
SWAY_PROFILE,patch_ready,21,6,333138
SWAY_PROFILE,head_in,20,12,334037
SWAY_PROFILE,block0_in,21,4,334122
SWAY_PROFILE,block1_in,20,15,334122
SWAY_PROFILE,embedding_in,21,6,334124
SWAY_PROFILE,patch_ready,21,7,334125
SWAY_PROFILE,head_in,20,13,335024
SWAY_PROFILE,block0_in,21,5,335109
SWAY_PROFILE,block1_in,21,0,335109
SWAY_PROFILE,embedding_in,21,7,335111
SWAY_PROFILE,patch_ready,21,8,335112
SWAY_PROFILE,head_in,20,14,336011
SWAY_PROFILE,block0_in,21,6,336096
SWAY_PROFILE,block1_in,21,1,336096
SWAY_PROFILE,embedding_in,21,8,336098
SWAY_PROFILE,patch_ready,21,9,336099
SWAY_PROFILE,head_in,20,15,336998
SWAY_PROFILE,block0_in,21,7,337083
SWAY_PROFILE,block1_in,21,2,337083
SWAY_PROFILE,embedding_in,21,9,337085
SWAY_PROFILE,patch_ready,21,10,337086
SWAY_PROFILE,head_in,21,0,337985
SWAY_PROFILE,block0_in,21,8,338070
SWAY_PROFILE,block1_in,21,3,338070
SWAY_PROFILE,embedding_in,21,10,338072
SWAY_PROFILE,patch_ready,21,11,338073
SWAY_PROFILE,head_in,21,1,338972
SWAY_PROFILE,block0_in,21,9,339057
SWAY_PROFILE,block1_in,21,4,339057
SWAY_PROFILE,embedding_in,21,11,339059
SWAY_PROFILE,patch_ready,21,12,339060
SWAY_PROFILE,head_in,21,2,339959
SWAY_PROFILE,block0_in,21,10,340044
SWAY_PROFILE,block1_in,21,5,340044
SWAY_PROFILE,embedding_in,21,12,340046
SWAY_PROFILE,patch_ready,21,13,340047
SWAY_PROFILE,head_output_in,20,0,340291
SWAY_PROFILE,head_in,21,3,340946
SWAY_PROFILE,block0_in,21,11,341031
SWAY_PROFILE,block1_in,21,6,341031
SWAY_PROFILE,embedding_in,21,13,341033
SWAY_PROFILE,serialize_in,20,0,341033
SWAY_PROFILE,patch_ready,21,14,341034
SWAY_PERF_OUTPUT,1140,4,341035
SWAY_PERF_OUTPUT,1141,4,341036
SWAY_PERF_OUTPUT,1142,3,341037
SWAY_PERF_OUTPUT,1143,3,341038
SWAY_PERF_OUTPUT,1144,10,341039
SWAY_PERF_OUTPUT,1145,16,341040
SWAY_PERF_OUTPUT,1146,21,341041
SWAY_PERF_OUTPUT,1147,-3,341042
SWAY_PERF_OUTPUT,1148,-10,341043
SWAY_PERF_OUTPUT,1149,-15,341044
SWAY_PERF_OUTPUT,1150,7,341045
SWAY_PERF_OUTPUT,1151,11,341046
SWAY_PERF_OUTPUT,1152,15,341047
SWAY_PERF_OUTPUT,1153,15,341048
SWAY_PERF_OUTPUT,1154,2,341049
SWAY_PERF_OUTPUT,1155,-2,341050
SWAY_PERF_OUTPUT,1156,-5,341051
SWAY_PERF_OUTPUT,1157,-5,341052
SWAY_PERF_OUTPUT,1158,3,341053
SWAY_PERF_OUTPUT,1159,63,341054
SWAY_PERF_OUTPUT,1160,62,341055
SWAY_PERF_OUTPUT,1161,61,341056
SWAY_PERF_OUTPUT,1162,61,341057
SWAY_PERF_OUTPUT,1163,62,341058
SWAY_PERF_OUTPUT,1164,62,341059
SWAY_PERF_OUTPUT,1165,60,341060
SWAY_PERF_OUTPUT,1166,61,341061
SWAY_PERF_OUTPUT,1167,61,341062
SWAY_PERF_OUTPUT,1168,60,341063
SWAY_PERF_OUTPUT,1169,61,341064
SWAY_PERF_OUTPUT,1170,60,341065
SWAY_PERF_OUTPUT,1171,61,341066
SWAY_PERF_OUTPUT,1172,59,341067
SWAY_PERF_OUTPUT,1173,61,341068
SWAY_PERF_OUTPUT,1174,61,341069
SWAY_PERF_OUTPUT,1175,63,341070
SWAY_PERF_OUTPUT,1176,60,341071
SWAY_PERF_OUTPUT,1177,61,341072
SWAY_PERF_OUTPUT,1178,-4,341073
SWAY_PERF_OUTPUT,1179,6,341074
SWAY_PERF_OUTPUT,1180,17,341075
SWAY_PERF_OUTPUT,1181,21,341076
SWAY_PERF_OUTPUT,1182,13,341077
SWAY_PERF_OUTPUT,1183,13,341078
SWAY_PERF_OUTPUT,1184,14,341079
SWAY_PERF_OUTPUT,1185,13,341080
SWAY_PERF_OUTPUT,1186,12,341081
SWAY_PERF_OUTPUT,1187,15,341082
SWAY_PERF_OUTPUT,1188,-3,341083
SWAY_PERF_OUTPUT,1189,-14,341084
SWAY_PERF_OUTPUT,1190,-26,341085
SWAY_PERF_OUTPUT,1191,-28,341086
SWAY_PERF_OUTPUT,1192,-3,341087
SWAY_PERF_OUTPUT,1193,-14,341088
SWAY_PERF_OUTPUT,1194,-26,341089
SWAY_PERF_OUTPUT,1195,-28,341090
SWAY_PERF_OUTPUT,1196,14,341091
SWAY_PERF_FRAME,20,341035,341091
SWAY_PROFILE,head_in,21,4,341933
SWAY_PROFILE,block0_in,21,12,342018
SWAY_PROFILE,block1_in,21,7,342018
SWAY_PROFILE,embedding_in,21,14,342020
SWAY_PROFILE,patch_ready,21,15,342021
SWAY_PERF_INPUT_FRAME,23,326520,342311
SWAY_PROFILE,head_in,21,5,342920
SWAY_PROFILE,block0_in,21,13,343005
SWAY_PROFILE,block1_in,21,8,343005
SWAY_PROFILE,embedding_in,21,15,343007
SWAY_PROFILE,patch_ready,22,0,343008
SWAY_PROFILE,head_in,21,6,343907
SWAY_PROFILE,block0_in,21,14,343992
SWAY_PROFILE,block1_in,21,9,343992
SWAY_PROFILE,embedding_in,22,0,343994
SWAY_PROFILE,patch_ready,22,1,343995
SWAY_PROFILE,head_in,21,7,344894
SWAY_PROFILE,block0_in,21,15,344979
SWAY_PROFILE,block1_in,21,10,344979
SWAY_PROFILE,embedding_in,22,1,344981
SWAY_PROFILE,patch_ready,22,2,344982
SWAY_PROFILE,head_in,21,8,345881
SWAY_PROFILE,block0_in,22,0,345966
SWAY_PROFILE,block1_in,21,11,345966
SWAY_PROFILE,embedding_in,22,2,345968
SWAY_PROFILE,patch_ready,22,3,345969
SWAY_PROFILE,head_in,21,9,346868
SWAY_PROFILE,block0_in,22,1,346953
SWAY_PROFILE,block1_in,21,12,346953
SWAY_PROFILE,embedding_in,22,3,346955
SWAY_PROFILE,patch_ready,22,4,346956
SWAY_PROFILE,head_in,21,10,347855
SWAY_PROFILE,block0_in,22,2,347940
SWAY_PROFILE,block1_in,21,13,347940
SWAY_PROFILE,embedding_in,22,4,347942
SWAY_PROFILE,patch_ready,22,5,347943
SWAY_PROFILE,head_in,21,11,348842
SWAY_PROFILE,block0_in,22,3,348927
SWAY_PROFILE,block1_in,21,14,348927
SWAY_PROFILE,embedding_in,22,5,348929
SWAY_PROFILE,patch_ready,22,6,348930
SWAY_PROFILE,head_in,21,12,349829
SWAY_PROFILE,block0_in,22,4,349914
SWAY_PROFILE,block1_in,21,15,349914
SWAY_PROFILE,embedding_in,22,6,349916
SWAY_PROFILE,patch_ready,22,7,349917
SWAY_PROFILE,head_in,21,13,350816
SWAY_PROFILE,block0_in,22,5,350901
SWAY_PROFILE,block1_in,22,0,350901
SWAY_PROFILE,embedding_in,22,7,350903
SWAY_PROFILE,patch_ready,22,8,350904
SWAY_PROFILE,head_in,21,14,351803
SWAY_PROFILE,block0_in,22,6,351888
SWAY_PROFILE,block1_in,22,1,351888
SWAY_PROFILE,embedding_in,22,8,351890
SWAY_PROFILE,patch_ready,22,9,351891
SWAY_PROFILE,head_in,21,15,352790
SWAY_PROFILE,block0_in,22,7,352875
SWAY_PROFILE,block1_in,22,2,352875
SWAY_PROFILE,embedding_in,22,9,352877
SWAY_PROFILE,patch_ready,22,10,352878
SWAY_PROFILE,head_in,22,0,353777
SWAY_PROFILE,block0_in,22,8,353862
SWAY_PROFILE,block1_in,22,3,353862
SWAY_PROFILE,embedding_in,22,10,353864
SWAY_PROFILE,patch_ready,22,11,353865
SWAY_PROFILE,head_in,22,1,354764
SWAY_PROFILE,block0_in,22,9,354849
SWAY_PROFILE,block1_in,22,4,354849
SWAY_PROFILE,embedding_in,22,11,354851
SWAY_PROFILE,patch_ready,22,12,354852
SWAY_PROFILE,head_in,22,2,355751
SWAY_PROFILE,block0_in,22,10,355836
SWAY_PROFILE,block1_in,22,5,355836
SWAY_PROFILE,embedding_in,22,12,355838
SWAY_PROFILE,patch_ready,22,13,355839
SWAY_PROFILE,head_output_in,21,0,356083
SWAY_PROFILE,head_in,22,3,356738
SWAY_PROFILE,block0_in,22,11,356823
SWAY_PROFILE,block1_in,22,6,356823
SWAY_PROFILE,embedding_in,22,13,356825
SWAY_PROFILE,serialize_in,21,0,356825
SWAY_PROFILE,patch_ready,22,14,356826
SWAY_PERF_OUTPUT,1197,8,356827
SWAY_PERF_OUTPUT,1198,9,356828
SWAY_PERF_OUTPUT,1199,8,356829
SWAY_PERF_OUTPUT,1200,8,356830
SWAY_PERF_OUTPUT,1201,14,356831
SWAY_PERF_OUTPUT,1202,19,356832
SWAY_PERF_OUTPUT,1203,21,356833
SWAY_PERF_OUTPUT,1204,3,356834
SWAY_PERF_OUTPUT,1205,0,356835
SWAY_PERF_OUTPUT,1206,-3,356836
SWAY_PERF_OUTPUT,1207,10,356837
SWAY_PERF_OUTPUT,1208,12,356838
SWAY_PERF_OUTPUT,1209,12,356839
SWAY_PERF_OUTPUT,1210,12,356840
SWAY_PERF_OUTPUT,1211,6,356841
SWAY_PERF_OUTPUT,1212,3,356842
SWAY_PERF_OUTPUT,1213,0,356843
SWAY_PERF_OUTPUT,1214,-1,356844
SWAY_PERF_OUTPUT,1215,9,356845
SWAY_PERF_OUTPUT,1216,61,356846
SWAY_PERF_OUTPUT,1217,62,356847
SWAY_PERF_OUTPUT,1218,61,356848
SWAY_PERF_OUTPUT,1219,61,356849
SWAY_PERF_OUTPUT,1220,61,356850
SWAY_PERF_OUTPUT,1221,61,356851
SWAY_PERF_OUTPUT,1222,59,356852
SWAY_PERF_OUTPUT,1223,60,356853
SWAY_PERF_OUTPUT,1224,61,356854
SWAY_PERF_OUTPUT,1225,60,356855
SWAY_PERF_OUTPUT,1226,60,356856
SWAY_PERF_OUTPUT,1227,60,356857
SWAY_PERF_OUTPUT,1228,62,356858
SWAY_PERF_OUTPUT,1229,60,356859
SWAY_PERF_OUTPUT,1230,61,356860
SWAY_PERF_OUTPUT,1231,61,356861
SWAY_PERF_OUTPUT,1232,62,356862
SWAY_PERF_OUTPUT,1233,58,356863
SWAY_PERF_OUTPUT,1234,61,356864
SWAY_PERF_OUTPUT,1235,-6,356865
SWAY_PERF_OUTPUT,1236,3,356866
SWAY_PERF_OUTPUT,1237,14,356867
SWAY_PERF_OUTPUT,1238,17,356868
SWAY_PERF_OUTPUT,1239,10,356869
SWAY_PERF_OUTPUT,1240,7,356870
SWAY_PERF_OUTPUT,1241,6,356871
SWAY_PERF_OUTPUT,1242,9,356872
SWAY_PERF_OUTPUT,1243,4,356873
SWAY_PERF_OUTPUT,1244,1,356874
SWAY_PERF_OUTPUT,1245,-6,356875
SWAY_PERF_OUTPUT,1246,-16,356876
SWAY_PERF_OUTPUT,1247,-27,356877
SWAY_PERF_OUTPUT,1248,-29,356878
SWAY_PERF_OUTPUT,1249,-6,356879
SWAY_PERF_OUTPUT,1250,-15,356880
SWAY_PERF_OUTPUT,1251,-26,356881
SWAY_PERF_OUTPUT,1252,-28,356882
SWAY_PERF_OUTPUT,1253,11,356883
SWAY_PERF_FRAME,21,356827,356883
SWAY_PROFILE,head_in,22,4,357725
SWAY_PROFILE,block0_in,22,12,357810
SWAY_PROFILE,block1_in,22,7,357810
SWAY_PROFILE,embedding_in,22,14,357812
SWAY_PROFILE,patch_ready,22,15,357813
SWAY_PERF_INPUT_FRAME,24,342312,358103
SWAY_PROFILE,head_in,22,5,358712
SWAY_PROFILE,block0_in,22,13,358797
SWAY_PROFILE,block1_in,22,8,358797
SWAY_PROFILE,embedding_in,22,15,358799
SWAY_PROFILE,patch_ready,23,0,358800
SWAY_PROFILE,head_in,22,6,359699
SWAY_PROFILE,block0_in,22,14,359784
SWAY_PROFILE,block1_in,22,9,359784
SWAY_PROFILE,embedding_in,23,0,359786
SWAY_PROFILE,patch_ready,23,1,359787
SWAY_PROFILE,head_in,22,7,360686
SWAY_PROFILE,block0_in,22,15,360771
SWAY_PROFILE,block1_in,22,10,360771
SWAY_PROFILE,embedding_in,23,1,360773
SWAY_PROFILE,patch_ready,23,2,360774
SWAY_PROFILE,head_in,22,8,361673
SWAY_PROFILE,block0_in,23,0,361758
SWAY_PROFILE,block1_in,22,11,361758
SWAY_PROFILE,embedding_in,23,2,361760
SWAY_PROFILE,patch_ready,23,3,361761
SWAY_PROFILE,head_in,22,9,362660
SWAY_PROFILE,block0_in,23,1,362745
SWAY_PROFILE,block1_in,22,12,362745
SWAY_PROFILE,embedding_in,23,3,362747
SWAY_PROFILE,patch_ready,23,4,362748
SWAY_PROFILE,head_in,22,10,363647
SWAY_PROFILE,block0_in,23,2,363732
SWAY_PROFILE,block1_in,22,13,363732
SWAY_PROFILE,embedding_in,23,4,363734
SWAY_PROFILE,patch_ready,23,5,363735
SWAY_PROFILE,head_in,22,11,364634
SWAY_PROFILE,block0_in,23,3,364719
SWAY_PROFILE,block1_in,22,14,364719
SWAY_PROFILE,embedding_in,23,5,364721
SWAY_PROFILE,patch_ready,23,6,364722
SWAY_PROFILE,head_in,22,12,365621
SWAY_PROFILE,block0_in,23,4,365706
SWAY_PROFILE,block1_in,22,15,365706
SWAY_PROFILE,embedding_in,23,6,365708
SWAY_PROFILE,patch_ready,23,7,365709
SWAY_PROFILE,head_in,22,13,366608
SWAY_PROFILE,block0_in,23,5,366693
SWAY_PROFILE,block1_in,23,0,366693
SWAY_PROFILE,embedding_in,23,7,366695
SWAY_PROFILE,patch_ready,23,8,366696
SWAY_PROFILE,head_in,22,14,367595
SWAY_PROFILE,block0_in,23,6,367680
SWAY_PROFILE,block1_in,23,1,367680
SWAY_PROFILE,embedding_in,23,8,367682
SWAY_PROFILE,patch_ready,23,9,367683
SWAY_PROFILE,head_in,22,15,368582
SWAY_PROFILE,block0_in,23,7,368667
SWAY_PROFILE,block1_in,23,2,368667
SWAY_PROFILE,embedding_in,23,9,368669
SWAY_PROFILE,patch_ready,23,10,368670
SWAY_PROFILE,head_in,23,0,369569
SWAY_PROFILE,block0_in,23,8,369654
SWAY_PROFILE,block1_in,23,3,369654
SWAY_PROFILE,embedding_in,23,10,369656
SWAY_PROFILE,patch_ready,23,11,369657
SWAY_PROFILE,head_in,23,1,370556
SWAY_PROFILE,block0_in,23,9,370641
SWAY_PROFILE,block1_in,23,4,370641
SWAY_PROFILE,embedding_in,23,11,370643
SWAY_PROFILE,patch_ready,23,12,370644
SWAY_PROFILE,head_in,23,2,371543
SWAY_PROFILE,block0_in,23,10,371628
SWAY_PROFILE,block1_in,23,5,371628
SWAY_PROFILE,embedding_in,23,12,371630
SWAY_PROFILE,patch_ready,23,13,371631
SWAY_PROFILE,head_output_in,22,0,371875
SWAY_PROFILE,head_in,23,3,372530
SWAY_PROFILE,block0_in,23,11,372615
SWAY_PROFILE,block1_in,23,6,372615
SWAY_PROFILE,embedding_in,23,13,372617
SWAY_PROFILE,serialize_in,22,0,372617
SWAY_PROFILE,patch_ready,23,14,372618
SWAY_PERF_OUTPUT,1254,9,372619
SWAY_PERF_OUTPUT,1255,9,372620
SWAY_PERF_OUTPUT,1256,8,372621
SWAY_PERF_OUTPUT,1257,9,372622
SWAY_PERF_OUTPUT,1258,15,372623
SWAY_PERF_OUTPUT,1259,18,372624
SWAY_PERF_OUTPUT,1260,19,372625
SWAY_PERF_OUTPUT,1261,4,372626
SWAY_PERF_OUTPUT,1262,-2,372627
SWAY_PERF_OUTPUT,1263,-5,372628
SWAY_PERF_OUTPUT,1264,10,372629
SWAY_PERF_OUTPUT,1265,11,372630
SWAY_PERF_OUTPUT,1266,11,372631
SWAY_PERF_OUTPUT,1267,11,372632
SWAY_PERF_OUTPUT,1268,6,372633
SWAY_PERF_OUTPUT,1269,4,372634
SWAY_PERF_OUTPUT,1270,2,372635
SWAY_PERF_OUTPUT,1271,2,372636
SWAY_PERF_OUTPUT,1272,9,372637
SWAY_PERF_OUTPUT,1273,64,372638
SWAY_PERF_OUTPUT,1274,65,372639
SWAY_PERF_OUTPUT,1275,65,372640
SWAY_PERF_OUTPUT,1276,65,372641
SWAY_PERF_OUTPUT,1277,65,372642
SWAY_PERF_OUTPUT,1278,66,372643
SWAY_PERF_OUTPUT,1279,64,372644
SWAY_PERF_OUTPUT,1280,64,372645
SWAY_PERF_OUTPUT,1281,65,372646
SWAY_PERF_OUTPUT,1282,63,372647
SWAY_PERF_OUTPUT,1283,63,372648
SWAY_PERF_OUTPUT,1284,65,372649
SWAY_PERF_OUTPUT,1285,63,372650
SWAY_PERF_OUTPUT,1286,61,372651
SWAY_PERF_OUTPUT,1287,63,372652
SWAY_PERF_OUTPUT,1288,67,372653
SWAY_PERF_OUTPUT,1289,66,372654
SWAY_PERF_OUTPUT,1290,63,372655
SWAY_PERF_OUTPUT,1291,65,372656
SWAY_PERF_OUTPUT,1292,-2,372657
SWAY_PERF_OUTPUT,1293,9,372658
SWAY_PERF_OUTPUT,1294,20,372659
SWAY_PERF_OUTPUT,1295,25,372660
SWAY_PERF_OUTPUT,1296,16,372661
SWAY_PERF_OUTPUT,1297,9,372662
SWAY_PERF_OUTPUT,1298,5,372663
SWAY_PERF_OUTPUT,1299,15,372664
SWAY_PERF_OUTPUT,1300,12,372665
SWAY_PERF_OUTPUT,1301,8,372666
SWAY_PERF_OUTPUT,1302,-1,372667
SWAY_PERF_OUTPUT,1303,-15,372668
SWAY_PERF_OUTPUT,1304,-28,372669
SWAY_PERF_OUTPUT,1305,-30,372670
SWAY_PERF_OUTPUT,1306,-1,372671
SWAY_PERF_OUTPUT,1307,-15,372672
SWAY_PERF_OUTPUT,1308,-25,372673
SWAY_PERF_OUTPUT,1309,-29,372674
SWAY_PERF_OUTPUT,1310,17,372675
SWAY_PERF_FRAME,22,372619,372675
SWAY_PROFILE,head_in,23,4,373517
SWAY_PROFILE,block0_in,23,12,373602
SWAY_PROFILE,block1_in,23,7,373602
SWAY_PROFILE,embedding_in,23,14,373604
SWAY_PROFILE,patch_ready,23,15,373605
SWAY_PERF_INPUT_FRAME,25,358104,373895
SWAY_PROFILE,head_in,23,5,374504
SWAY_PROFILE,block0_in,23,13,374589
SWAY_PROFILE,block1_in,23,8,374589
SWAY_PROFILE,embedding_in,23,15,374591
SWAY_PROFILE,patch_ready,24,0,374592
SWAY_PROFILE,head_in,23,6,375491
SWAY_PROFILE,block0_in,23,14,375576
SWAY_PROFILE,block1_in,23,9,375576
SWAY_PROFILE,embedding_in,24,0,375578
SWAY_PROFILE,patch_ready,24,1,375579
SWAY_PROFILE,head_in,23,7,376478
SWAY_PROFILE,block0_in,23,15,376563
SWAY_PROFILE,block1_in,23,10,376563
SWAY_PROFILE,embedding_in,24,1,376565
SWAY_PROFILE,patch_ready,24,2,376566
SWAY_PROFILE,head_in,23,8,377465
SWAY_PROFILE,block0_in,24,0,377550
SWAY_PROFILE,block1_in,23,11,377550
SWAY_PROFILE,embedding_in,24,2,377552
SWAY_PROFILE,patch_ready,24,3,377553
SWAY_PROFILE,head_in,23,9,378452
SWAY_PROFILE,block0_in,24,1,378537
SWAY_PROFILE,block1_in,23,12,378537
SWAY_PROFILE,embedding_in,24,3,378539
SWAY_PROFILE,patch_ready,24,4,378540
SWAY_PROFILE,head_in,23,10,379439
SWAY_PROFILE,block0_in,24,2,379524
SWAY_PROFILE,block1_in,23,13,379524
SWAY_PROFILE,embedding_in,24,4,379526
SWAY_PROFILE,patch_ready,24,5,379527
SWAY_PROFILE,head_in,23,11,380426
SWAY_PROFILE,block0_in,24,3,380511
SWAY_PROFILE,block1_in,23,14,380511
SWAY_PROFILE,embedding_in,24,5,380513
SWAY_PROFILE,patch_ready,24,6,380514
SWAY_PROFILE,head_in,23,12,381413
SWAY_PROFILE,block0_in,24,4,381498
SWAY_PROFILE,block1_in,23,15,381498
SWAY_PROFILE,embedding_in,24,6,381500
SWAY_PROFILE,patch_ready,24,7,381501
SWAY_PROFILE,head_in,23,13,382400
SWAY_PROFILE,block0_in,24,5,382485
SWAY_PROFILE,block1_in,24,0,382485
SWAY_PROFILE,embedding_in,24,7,382487
SWAY_PROFILE,patch_ready,24,8,382488
SWAY_PROFILE,head_in,23,14,383387
SWAY_PROFILE,block0_in,24,6,383472
SWAY_PROFILE,block1_in,24,1,383472
SWAY_PROFILE,embedding_in,24,8,383474
SWAY_PROFILE,patch_ready,24,9,383475
SWAY_PROFILE,head_in,23,15,384374
SWAY_PROFILE,block0_in,24,7,384459
SWAY_PROFILE,block1_in,24,2,384459
SWAY_PROFILE,embedding_in,24,9,384461
SWAY_PROFILE,patch_ready,24,10,384462
SWAY_PROFILE,head_in,24,0,385361
SWAY_PROFILE,block0_in,24,8,385446
SWAY_PROFILE,block1_in,24,3,385446
SWAY_PROFILE,embedding_in,24,10,385448
SWAY_PROFILE,patch_ready,24,11,385449
SWAY_PROFILE,head_in,24,1,386348
SWAY_PROFILE,block0_in,24,9,386433
SWAY_PROFILE,block1_in,24,4,386433
SWAY_PROFILE,embedding_in,24,11,386435
SWAY_PROFILE,patch_ready,24,12,386436
SWAY_PROFILE,head_in,24,2,387335
SWAY_PROFILE,block0_in,24,10,387420
SWAY_PROFILE,block1_in,24,5,387420
SWAY_PROFILE,embedding_in,24,12,387422
SWAY_PROFILE,patch_ready,24,13,387423
SWAY_PROFILE,head_output_in,23,0,387667
SWAY_PROFILE,head_in,24,3,388322
SWAY_PROFILE,block0_in,24,11,388407
SWAY_PROFILE,block1_in,24,6,388407
SWAY_PROFILE,embedding_in,24,13,388409
SWAY_PROFILE,serialize_in,23,0,388409
SWAY_PROFILE,patch_ready,24,14,388410
SWAY_PERF_OUTPUT,1311,45,388411
SWAY_PERF_OUTPUT,1312,127,388412
SWAY_PERF_OUTPUT,1313,-30,388413
SWAY_PERF_OUTPUT,1314,40,388414
SWAY_PERF_OUTPUT,1315,34,388415
SWAY_PERF_OUTPUT,1316,87,388416
SWAY_PERF_OUTPUT,1317,0,388417
SWAY_PERF_OUTPUT,1318,38,388418
SWAY_PERF_OUTPUT,1319,77,388419
SWAY_PERF_OUTPUT,1320,-2,388420
SWAY_PERF_OUTPUT,1321,28,388421
SWAY_PERF_OUTPUT,1322,70,388422
SWAY_PERF_OUTPUT,1323,-24,388423
SWAY_PERF_OUTPUT,1324,31,388424
SWAY_PERF_OUTPUT,1325,50,388425
SWAY_PERF_OUTPUT,1326,123,388426
SWAY_PERF_OUTPUT,1327,38,388427
SWAY_PERF_OUTPUT,1328,95,388428
SWAY_PERF_OUTPUT,1329,56,388429
SWAY_PERF_OUTPUT,1330,-18,388430
SWAY_PERF_OUTPUT,1331,-5,388431
SWAY_PERF_OUTPUT,1332,-13,388432
SWAY_PERF_OUTPUT,1333,72,388433
SWAY_PERF_OUTPUT,1334,46,388434
SWAY_PERF_OUTPUT,1335,35,388435
SWAY_PERF_OUTPUT,1336,17,388436
SWAY_PERF_OUTPUT,1337,-75,388437
SWAY_PERF_OUTPUT,1338,-6,388438
SWAY_PERF_OUTPUT,1339,-39,388439
SWAY_PERF_OUTPUT,1340,-28,388440
SWAY_PERF_OUTPUT,1341,-27,388441
SWAY_PERF_OUTPUT,1342,-60,388442
SWAY_PERF_OUTPUT,1343,-2,388443
SWAY_PERF_OUTPUT,1344,27,388444
SWAY_PERF_OUTPUT,1345,71,388445
SWAY_PERF_OUTPUT,1346,117,388446
SWAY_PERF_OUTPUT,1347,-2,388447
SWAY_PERF_OUTPUT,1348,-19,388448
SWAY_PERF_OUTPUT,1349,25,388449
SWAY_PERF_OUTPUT,1350,34,388450
SWAY_PERF_OUTPUT,1351,-36,388451
SWAY_PERF_OUTPUT,1352,21,388452
SWAY_PERF_OUTPUT,1353,-36,388453
SWAY_PERF_OUTPUT,1354,96,388454
SWAY_PERF_OUTPUT,1355,-49,388455
SWAY_PERF_OUTPUT,1356,50,388456
SWAY_PERF_OUTPUT,1357,-42,388457
SWAY_PERF_OUTPUT,1358,-96,388458
SWAY_PERF_OUTPUT,1359,0,388459
SWAY_PERF_OUTPUT,1360,27,388460
SWAY_PERF_OUTPUT,1361,-37,388461
SWAY_PERF_OUTPUT,1362,77,388462
SWAY_PERF_OUTPUT,1363,44,388463
SWAY_PERF_OUTPUT,1364,0,388464
SWAY_PERF_OUTPUT,1365,-56,388465
SWAY_PERF_OUTPUT,1366,-77,388466
SWAY_PERF_OUTPUT,1367,42,388467
SWAY_PERF_FRAME,23,388411,388467
SWAY_PROFILE,head_in,24,4,389309
SWAY_PROFILE,block0_in,24,12,389394
SWAY_PROFILE,block1_in,24,7,389394
SWAY_PROFILE,embedding_in,24,14,389396
SWAY_PROFILE,patch_ready,24,15,389397
SWAY_PERF_INPUT_FRAME,26,373896,389687
SWAY_PROFILE,head_in,24,5,390296
SWAY_PROFILE,block0_in,24,13,390381
SWAY_PROFILE,block1_in,24,8,390381
SWAY_PROFILE,embedding_in,24,15,390383
SWAY_PROFILE,patch_ready,25,0,390384
SWAY_PROFILE,head_in,24,6,391283
SWAY_PROFILE,block0_in,24,14,391368
SWAY_PROFILE,block1_in,24,9,391368
SWAY_PROFILE,embedding_in,25,0,391370
SWAY_PROFILE,patch_ready,25,1,391371
SWAY_PROFILE,head_in,24,7,392270
SWAY_PROFILE,block0_in,24,15,392355
SWAY_PROFILE,block1_in,24,10,392355
SWAY_PROFILE,embedding_in,25,1,392357
SWAY_PROFILE,patch_ready,25,2,392358
SWAY_PROFILE,head_in,24,8,393257
SWAY_PROFILE,block0_in,25,0,393342
SWAY_PROFILE,block1_in,24,11,393342
SWAY_PROFILE,embedding_in,25,2,393344
SWAY_PROFILE,patch_ready,25,3,393345
SWAY_PROFILE,head_in,24,9,394244
SWAY_PROFILE,block0_in,25,1,394329
SWAY_PROFILE,block1_in,24,12,394329
SWAY_PROFILE,embedding_in,25,3,394331
SWAY_PROFILE,patch_ready,25,4,394332
SWAY_PROFILE,head_in,24,10,395231
SWAY_PROFILE,block0_in,25,2,395316
SWAY_PROFILE,block1_in,24,13,395316
SWAY_PROFILE,embedding_in,25,4,395318
SWAY_PROFILE,patch_ready,25,5,395319
SWAY_PROFILE,head_in,24,11,396218
SWAY_PROFILE,block0_in,25,3,396303
SWAY_PROFILE,block1_in,24,14,396303
SWAY_PROFILE,embedding_in,25,5,396305
SWAY_PROFILE,patch_ready,25,6,396306
SWAY_PROFILE,head_in,24,12,397205
SWAY_PROFILE,block0_in,25,4,397290
SWAY_PROFILE,block1_in,24,15,397290
SWAY_PROFILE,embedding_in,25,6,397292
SWAY_PROFILE,patch_ready,25,7,397293
SWAY_PROFILE,head_in,24,13,398192
SWAY_PROFILE,block0_in,25,5,398277
SWAY_PROFILE,block1_in,25,0,398277
SWAY_PROFILE,embedding_in,25,7,398279
SWAY_PROFILE,patch_ready,25,8,398280
SWAY_PROFILE,head_in,24,14,399179
SWAY_PROFILE,block0_in,25,6,399264
SWAY_PROFILE,block1_in,25,1,399264
SWAY_PROFILE,embedding_in,25,8,399266
SWAY_PROFILE,patch_ready,25,9,399267
SWAY_PROFILE,head_in,24,15,400166
SWAY_PROFILE,block0_in,25,7,400251
SWAY_PROFILE,block1_in,25,2,400251
SWAY_PROFILE,embedding_in,25,9,400253
SWAY_PROFILE,patch_ready,25,10,400254
SWAY_PROFILE,head_in,25,0,401153
SWAY_PROFILE,block0_in,25,8,401238
SWAY_PROFILE,block1_in,25,3,401238
SWAY_PROFILE,embedding_in,25,10,401240
SWAY_PROFILE,patch_ready,25,11,401241
SWAY_PROFILE,head_in,25,1,402140
SWAY_PROFILE,block0_in,25,9,402225
SWAY_PROFILE,block1_in,25,4,402225
SWAY_PROFILE,embedding_in,25,11,402227
SWAY_PROFILE,patch_ready,25,12,402228
SWAY_PROFILE,head_in,25,2,403127
SWAY_PROFILE,block0_in,25,10,403212
SWAY_PROFILE,block1_in,25,5,403212
SWAY_PROFILE,embedding_in,25,12,403214
SWAY_PROFILE,patch_ready,25,13,403215
SWAY_PROFILE,head_output_in,24,0,403459
SWAY_PROFILE,head_in,25,3,404114
SWAY_PROFILE,block0_in,25,11,404199
SWAY_PROFILE,block1_in,25,6,404199
SWAY_PROFILE,embedding_in,25,13,404201
SWAY_PROFILE,serialize_in,24,0,404201
SWAY_PROFILE,patch_ready,25,14,404202
SWAY_PERF_OUTPUT,1368,21,404203
SWAY_PERF_OUTPUT,1369,1,404204
SWAY_PERF_OUTPUT,1370,5,404205
SWAY_PERF_OUTPUT,1371,-3,404206
SWAY_PERF_OUTPUT,1372,23,404207
SWAY_PERF_OUTPUT,1373,34,404208
SWAY_PERF_OUTPUT,1374,42,404209
SWAY_PERF_OUTPUT,1375,-2,404210
SWAY_PERF_OUTPUT,1376,-9,404211
SWAY_PERF_OUTPUT,1377,0,404212
SWAY_PERF_OUTPUT,1378,8,404213
SWAY_PERF_OUTPUT,1379,16,404214
SWAY_PERF_OUTPUT,1380,59,404215
SWAY_PERF_OUTPUT,1381,41,404216
SWAY_PERF_OUTPUT,1382,9,404217
SWAY_PERF_OUTPUT,1383,9,404218
SWAY_PERF_OUTPUT,1384,12,404219
SWAY_PERF_OUTPUT,1385,20,404220
SWAY_PERF_OUTPUT,1386,14,404221
SWAY_PERF_OUTPUT,1387,101,404222
SWAY_PERF_OUTPUT,1388,109,404223
SWAY_PERF_OUTPUT,1389,111,404224
SWAY_PERF_OUTPUT,1390,108,404225
SWAY_PERF_OUTPUT,1391,118,404226
SWAY_PERF_OUTPUT,1392,113,404227
SWAY_PERF_OUTPUT,1393,96,404228
SWAY_PERF_OUTPUT,1394,121,404229
SWAY_PERF_OUTPUT,1395,111,404230
SWAY_PERF_OUTPUT,1396,120,404231
SWAY_PERF_OUTPUT,1397,99,404232
SWAY_PERF_OUTPUT,1398,127,404233
SWAY_PERF_OUTPUT,1399,126,404234
SWAY_PERF_OUTPUT,1400,112,404235
SWAY_PERF_OUTPUT,1401,115,404236
SWAY_PERF_OUTPUT,1402,127,404237
SWAY_PERF_OUTPUT,1403,98,404238
SWAY_PERF_OUTPUT,1404,103,404239
SWAY_PERF_OUTPUT,1405,127,404240
SWAY_PERF_OUTPUT,1406,35,404241
SWAY_PERF_OUTPUT,1407,57,404242
SWAY_PERF_OUTPUT,1408,75,404243
SWAY_PERF_OUTPUT,1409,88,404244
SWAY_PERF_OUTPUT,1410,62,404245
SWAY_PERF_OUTPUT,1411,70,404246
SWAY_PERF_OUTPUT,1412,104,404247
SWAY_PERF_OUTPUT,1413,60,404248
SWAY_PERF_OUTPUT,1414,31,404249
SWAY_PERF_OUTPUT,1415,8,404250
SWAY_PERF_OUTPUT,1416,19,404251
SWAY_PERF_OUTPUT,1417,-29,404252
SWAY_PERF_OUTPUT,1418,-52,404253
SWAY_PERF_OUTPUT,1419,-46,404254
SWAY_PERF_OUTPUT,1420,31,404255
SWAY_PERF_OUTPUT,1421,-32,404256
SWAY_PERF_OUTPUT,1422,-54,404257
SWAY_PERF_OUTPUT,1423,-38,404258
SWAY_PERF_OUTPUT,1424,68,404259
SWAY_PERF_FRAME,24,404203,404259
SWAY_PROFILE,head_in,25,4,405101
SWAY_PROFILE,block0_in,25,12,405186
SWAY_PROFILE,block1_in,25,7,405186
SWAY_PROFILE,embedding_in,25,14,405188
SWAY_PROFILE,patch_ready,25,15,405189
SWAY_PERF_INPUT_FRAME,27,389688,405479
SWAY_PROFILE,head_in,25,5,406088
SWAY_PROFILE,block0_in,25,13,406173
SWAY_PROFILE,block1_in,25,8,406173
SWAY_PROFILE,embedding_in,25,15,406175
SWAY_PROFILE,patch_ready,26,0,406176
SWAY_PROFILE,head_in,25,6,407075
SWAY_PROFILE,block0_in,25,14,407160
SWAY_PROFILE,block1_in,25,9,407160
SWAY_PROFILE,embedding_in,26,0,407162
SWAY_PROFILE,patch_ready,26,1,407163
SWAY_PROFILE,head_in,25,7,408062
SWAY_PROFILE,block0_in,25,15,408147
SWAY_PROFILE,block1_in,25,10,408147
SWAY_PROFILE,embedding_in,26,1,408149
SWAY_PROFILE,patch_ready,26,2,408150
SWAY_PROFILE,head_in,25,8,409049
SWAY_PROFILE,block0_in,26,0,409134
SWAY_PROFILE,block1_in,25,11,409134
SWAY_PROFILE,embedding_in,26,2,409136
SWAY_PROFILE,patch_ready,26,3,409137
SWAY_PROFILE,head_in,25,9,410036
SWAY_PROFILE,block0_in,26,1,410121
SWAY_PROFILE,block1_in,25,12,410121
SWAY_PROFILE,embedding_in,26,3,410123
SWAY_PROFILE,patch_ready,26,4,410124
SWAY_PROFILE,head_in,25,10,411023
SWAY_PROFILE,block0_in,26,2,411108
SWAY_PROFILE,block1_in,25,13,411108
SWAY_PROFILE,embedding_in,26,4,411110
SWAY_PROFILE,patch_ready,26,5,411111
SWAY_PROFILE,head_in,25,11,412010
SWAY_PROFILE,block0_in,26,3,412095
SWAY_PROFILE,block1_in,25,14,412095
SWAY_PROFILE,embedding_in,26,5,412097
SWAY_PROFILE,patch_ready,26,6,412098
SWAY_PROFILE,head_in,25,12,412997
SWAY_PROFILE,block0_in,26,4,413082
SWAY_PROFILE,block1_in,25,15,413082
SWAY_PROFILE,embedding_in,26,6,413084
SWAY_PROFILE,patch_ready,26,7,413085
SWAY_PROFILE,head_in,25,13,413984
SWAY_PROFILE,block0_in,26,5,414069
SWAY_PROFILE,block1_in,26,0,414069
SWAY_PROFILE,embedding_in,26,7,414071
SWAY_PROFILE,patch_ready,26,8,414072
SWAY_PROFILE,head_in,25,14,414971
SWAY_PROFILE,block0_in,26,6,415056
SWAY_PROFILE,block1_in,26,1,415056
SWAY_PROFILE,embedding_in,26,8,415058
SWAY_PROFILE,patch_ready,26,9,415059
SWAY_PROFILE,head_in,25,15,415958
SWAY_PROFILE,block0_in,26,7,416043
SWAY_PROFILE,block1_in,26,2,416043
SWAY_PROFILE,embedding_in,26,9,416045
SWAY_PROFILE,patch_ready,26,10,416046
SWAY_PROFILE,head_in,26,0,416945
SWAY_PROFILE,block0_in,26,8,417030
SWAY_PROFILE,block1_in,26,3,417030
SWAY_PROFILE,embedding_in,26,10,417032
SWAY_PROFILE,patch_ready,26,11,417033
SWAY_PROFILE,head_in,26,1,417932
SWAY_PROFILE,block0_in,26,9,418017
SWAY_PROFILE,block1_in,26,4,418017
SWAY_PROFILE,embedding_in,26,11,418019
SWAY_PROFILE,patch_ready,26,12,418020
SWAY_PROFILE,head_in,26,2,418919
SWAY_PROFILE,block0_in,26,10,419004
SWAY_PROFILE,block1_in,26,5,419004
SWAY_PROFILE,embedding_in,26,12,419006
SWAY_PROFILE,patch_ready,26,13,419007
SWAY_PROFILE,head_output_in,25,0,419251
SWAY_PROFILE,head_in,26,3,419906
SWAY_PROFILE,block0_in,26,11,419991
SWAY_PROFILE,block1_in,26,6,419991
SWAY_PROFILE,embedding_in,26,13,419993
SWAY_PROFILE,serialize_in,25,0,419993
SWAY_PROFILE,patch_ready,26,14,419994
SWAY_PERF_OUTPUT,1425,61,419995
SWAY_PERF_OUTPUT,1426,72,419996
SWAY_PERF_OUTPUT,1427,58,419997
SWAY_PERF_OUTPUT,1428,63,419998
SWAY_PERF_OUTPUT,1429,71,419999
SWAY_PERF_OUTPUT,1430,59,420000
SWAY_PERF_OUTPUT,1431,17,420001
SWAY_PERF_OUTPUT,1432,69,420002
SWAY_PERF_OUTPUT,1433,80,420003
SWAY_PERF_OUTPUT,1434,102,420004
SWAY_PERF_OUTPUT,1435,53,420005
SWAY_PERF_OUTPUT,1436,68,420006
SWAY_PERF_OUTPUT,1437,58,420007
SWAY_PERF_OUTPUT,1438,56,420008
SWAY_PERF_OUTPUT,1439,48,420009
SWAY_PERF_OUTPUT,1440,37,420010
SWAY_PERF_OUTPUT,1441,13,420011
SWAY_PERF_OUTPUT,1442,20,420012
SWAY_PERF_OUTPUT,1443,73,420013
SWAY_PERF_OUTPUT,1444,118,420014
SWAY_PERF_OUTPUT,1445,127,420015
SWAY_PERF_OUTPUT,1446,127,420016
SWAY_PERF_OUTPUT,1447,127,420017
SWAY_PERF_OUTPUT,1448,127,420018
SWAY_PERF_OUTPUT,1449,116,420019
SWAY_PERF_OUTPUT,1450,88,420020
SWAY_PERF_OUTPUT,1451,127,420021
SWAY_PERF_OUTPUT,1452,120,420022
SWAY_PERF_OUTPUT,1453,119,420023
SWAY_PERF_OUTPUT,1454,127,420024
SWAY_PERF_OUTPUT,1455,110,420025
SWAY_PERF_OUTPUT,1456,121,420026
SWAY_PERF_OUTPUT,1457,118,420027
SWAY_PERF_OUTPUT,1458,127,420028
SWAY_PERF_OUTPUT,1459,127,420029
SWAY_PERF_OUTPUT,1460,127,420030
SWAY_PERF_OUTPUT,1461,127,420031
SWAY_PERF_OUTPUT,1462,127,420032
SWAY_PERF_OUTPUT,1463,-21,420033
SWAY_PERF_OUTPUT,1464,-2,420034
SWAY_PERF_OUTPUT,1465,32,420035
SWAY_PERF_OUTPUT,1466,32,420036
SWAY_PERF_OUTPUT,1467,17,420037
SWAY_PERF_OUTPUT,1468,-14,420038
SWAY_PERF_OUTPUT,1469,-22,420039
SWAY_PERF_OUTPUT,1470,-12,420040
SWAY_PERF_OUTPUT,1471,-47,420041
SWAY_PERF_OUTPUT,1472,-38,420042
SWAY_PERF_OUTPUT,1473,-36,420043
SWAY_PERF_OUTPUT,1474,-46,420044
SWAY_PERF_OUTPUT,1475,-81,420045
SWAY_PERF_OUTPUT,1476,-67,420046
SWAY_PERF_OUTPUT,1477,-17,420047
SWAY_PERF_OUTPUT,1478,-41,420048
SWAY_PERF_OUTPUT,1479,-65,420049
SWAY_PERF_OUTPUT,1480,-78,420050
SWAY_PERF_OUTPUT,1481,21,420051
SWAY_PERF_FRAME,25,419995,420051
SWAY_PROFILE,head_in,26,4,420893
SWAY_PROFILE,block0_in,26,12,420978
SWAY_PROFILE,block1_in,26,7,420978
SWAY_PROFILE,embedding_in,26,14,420980
SWAY_PROFILE,patch_ready,26,15,420981
SWAY_PERF_INPUT_FRAME,28,405480,421271
SWAY_PROFILE,head_in,26,5,421880
SWAY_PROFILE,block0_in,26,13,421965
SWAY_PROFILE,block1_in,26,8,421965
SWAY_PROFILE,embedding_in,26,15,421967
SWAY_PROFILE,patch_ready,27,0,421968
SWAY_PROFILE,head_in,26,6,422867
SWAY_PROFILE,block0_in,26,14,422952
SWAY_PROFILE,block1_in,26,9,422952
SWAY_PROFILE,embedding_in,27,0,422954
SWAY_PROFILE,patch_ready,27,1,422955
SWAY_PROFILE,head_in,26,7,423854
SWAY_PROFILE,block0_in,26,15,423939
SWAY_PROFILE,block1_in,26,10,423939
SWAY_PROFILE,embedding_in,27,1,423941
SWAY_PROFILE,patch_ready,27,2,423942
SWAY_PROFILE,head_in,26,8,424841
SWAY_PROFILE,block0_in,27,0,424926
SWAY_PROFILE,block1_in,26,11,424926
SWAY_PROFILE,embedding_in,27,2,424928
SWAY_PROFILE,patch_ready,27,3,424929
SWAY_PROFILE,head_in,26,9,425828
SWAY_PROFILE,block0_in,27,1,425913
SWAY_PROFILE,block1_in,26,12,425913
SWAY_PROFILE,embedding_in,27,3,425915
SWAY_PROFILE,patch_ready,27,4,425916
SWAY_PROFILE,head_in,26,10,426815
SWAY_PROFILE,block0_in,27,2,426900
SWAY_PROFILE,block1_in,26,13,426900
SWAY_PROFILE,embedding_in,27,4,426902
SWAY_PROFILE,patch_ready,27,5,426903
SWAY_PROFILE,head_in,26,11,427802
SWAY_PROFILE,block0_in,27,3,427887
SWAY_PROFILE,block1_in,26,14,427887
SWAY_PROFILE,embedding_in,27,5,427889
SWAY_PROFILE,patch_ready,27,6,427890
SWAY_PROFILE,head_in,26,12,428789
SWAY_PROFILE,block0_in,27,4,428874
SWAY_PROFILE,block1_in,26,15,428874
SWAY_PROFILE,embedding_in,27,6,428876
SWAY_PROFILE,patch_ready,27,7,428877
SWAY_PROFILE,head_in,26,13,429776
SWAY_PROFILE,block0_in,27,5,429861
SWAY_PROFILE,block1_in,27,0,429861
SWAY_PROFILE,embedding_in,27,7,429863
SWAY_PROFILE,patch_ready,27,8,429864
SWAY_PROFILE,head_in,26,14,430763
SWAY_PROFILE,block0_in,27,6,430848
SWAY_PROFILE,block1_in,27,1,430848
SWAY_PROFILE,embedding_in,27,8,430850
SWAY_PROFILE,patch_ready,27,9,430851
SWAY_PROFILE,head_in,26,15,431750
SWAY_PROFILE,block0_in,27,7,431835
SWAY_PROFILE,block1_in,27,2,431835
SWAY_PROFILE,embedding_in,27,9,431837
SWAY_PROFILE,patch_ready,27,10,431838
SWAY_PROFILE,head_in,27,0,432737
SWAY_PROFILE,block0_in,27,8,432822
SWAY_PROFILE,block1_in,27,3,432822
SWAY_PROFILE,embedding_in,27,10,432824
SWAY_PROFILE,patch_ready,27,11,432825
SWAY_PROFILE,head_in,27,1,433724
SWAY_PROFILE,block0_in,27,9,433809
SWAY_PROFILE,block1_in,27,4,433809
SWAY_PROFILE,embedding_in,27,11,433811
SWAY_PROFILE,patch_ready,27,12,433812
SWAY_PROFILE,head_in,27,2,434711
SWAY_PROFILE,block0_in,27,10,434796
SWAY_PROFILE,block1_in,27,5,434796
SWAY_PROFILE,embedding_in,27,12,434798
SWAY_PROFILE,patch_ready,27,13,434799
SWAY_PROFILE,head_output_in,26,0,435043
SWAY_PROFILE,head_in,27,3,435698
SWAY_PROFILE,block0_in,27,11,435783
SWAY_PROFILE,block1_in,27,6,435783
SWAY_PROFILE,embedding_in,27,13,435785
SWAY_PROFILE,serialize_in,26,0,435785
SWAY_PROFILE,patch_ready,27,14,435786
SWAY_PERF_OUTPUT,1482,7,435787
SWAY_PERF_OUTPUT,1483,7,435788
SWAY_PERF_OUTPUT,1484,6,435789
SWAY_PERF_OUTPUT,1485,6,435790
SWAY_PERF_OUTPUT,1486,12,435791
SWAY_PERF_OUTPUT,1487,16,435792
SWAY_PERF_OUTPUT,1488,19,435793
SWAY_PERF_OUTPUT,1489,1,435794
SWAY_PERF_OUTPUT,1490,-2,435795
SWAY_PERF_OUTPUT,1491,-3,435796
SWAY_PERF_OUTPUT,1492,9,435797
SWAY_PERF_OUTPUT,1493,10,435798
SWAY_PERF_OUTPUT,1494,11,435799
SWAY_PERF_OUTPUT,1495,11,435800
SWAY_PERF_OUTPUT,1496,4,435801
SWAY_PERF_OUTPUT,1497,2,435802
SWAY_PERF_OUTPUT,1498,0,435803
SWAY_PERF_OUTPUT,1499,0,435804
SWAY_PERF_OUTPUT,1500,7,435805
SWAY_PERF_OUTPUT,1501,63,435806
SWAY_PERF_OUTPUT,1502,63,435807
SWAY_PERF_OUTPUT,1503,63,435808
SWAY_PERF_OUTPUT,1504,62,435809
SWAY_PERF_OUTPUT,1505,62,435810
SWAY_PERF_OUTPUT,1506,63,435811
SWAY_PERF_OUTPUT,1507,61,435812
SWAY_PERF_OUTPUT,1508,62,435813
SWAY_PERF_OUTPUT,1509,63,435814
SWAY_PERF_OUTPUT,1510,61,435815
SWAY_PERF_OUTPUT,1511,62,435816
SWAY_PERF_OUTPUT,1512,62,435817
SWAY_PERF_OUTPUT,1513,63,435818
SWAY_PERF_OUTPUT,1514,61,435819
SWAY_PERF_OUTPUT,1515,62,435820
SWAY_PERF_OUTPUT,1516,62,435821
SWAY_PERF_OUTPUT,1517,63,435822
SWAY_PERF_OUTPUT,1518,60,435823
SWAY_PERF_OUTPUT,1519,63,435824
SWAY_PERF_OUTPUT,1520,-7,435825
SWAY_PERF_OUTPUT,1521,2,435826
SWAY_PERF_OUTPUT,1522,13,435827
SWAY_PERF_OUTPUT,1523,17,435828
SWAY_PERF_OUTPUT,1524,9,435829
SWAY_PERF_OUTPUT,1525,5,435830
SWAY_PERF_OUTPUT,1526,2,435831
SWAY_PERF_OUTPUT,1527,9,435832
SWAY_PERF_OUTPUT,1528,2,435833
SWAY_PERF_OUTPUT,1529,-4,435834
SWAY_PERF_OUTPUT,1530,-7,435835
SWAY_PERF_OUTPUT,1531,-17,435836
SWAY_PERF_OUTPUT,1532,-28,435837
SWAY_PERF_OUTPUT,1533,-29,435838
SWAY_PERF_OUTPUT,1534,-7,435839
SWAY_PERF_OUTPUT,1535,-16,435840
SWAY_PERF_OUTPUT,1536,-27,435841
SWAY_PERF_OUTPUT,1537,-29,435842
SWAY_PERF_OUTPUT,1538,10,435843
SWAY_PERF_FRAME,26,435787,435843
SWAY_PROFILE,head_in,27,4,436685
SWAY_PROFILE,block0_in,27,12,436770
SWAY_PROFILE,block1_in,27,7,436770
SWAY_PROFILE,embedding_in,27,14,436772
SWAY_PROFILE,patch_ready,27,15,436773
SWAY_PERF_INPUT_FRAME,29,421272,437063
SWAY_PROFILE,head_in,27,5,437672
SWAY_PROFILE,block0_in,27,13,437757
SWAY_PROFILE,block1_in,27,8,437757
SWAY_PROFILE,embedding_in,27,15,437759
SWAY_PROFILE,patch_ready,28,0,437760
SWAY_PROFILE,head_in,27,6,438659
SWAY_PROFILE,block0_in,27,14,438744
SWAY_PROFILE,block1_in,27,9,438744
SWAY_PROFILE,embedding_in,28,0,438746
SWAY_PROFILE,patch_ready,28,1,438747
SWAY_PROFILE,head_in,27,7,439646
SWAY_PROFILE,block0_in,27,15,439731
SWAY_PROFILE,block1_in,27,10,439731
SWAY_PROFILE,embedding_in,28,1,439733
SWAY_PROFILE,patch_ready,28,2,439734
SWAY_PROFILE,head_in,27,8,440633
SWAY_PROFILE,block0_in,28,0,440718
SWAY_PROFILE,block1_in,27,11,440718
SWAY_PROFILE,embedding_in,28,2,440720
SWAY_PROFILE,patch_ready,28,3,440721
SWAY_PROFILE,head_in,27,9,441620
SWAY_PROFILE,block0_in,28,1,441705
SWAY_PROFILE,block1_in,27,12,441705
SWAY_PROFILE,embedding_in,28,3,441707
SWAY_PROFILE,patch_ready,28,4,441708
SWAY_PROFILE,head_in,27,10,442607
SWAY_PROFILE,block0_in,28,2,442692
SWAY_PROFILE,block1_in,27,13,442692
SWAY_PROFILE,embedding_in,28,4,442694
SWAY_PROFILE,patch_ready,28,5,442695
SWAY_PROFILE,head_in,27,11,443594
SWAY_PROFILE,block0_in,28,3,443679
SWAY_PROFILE,block1_in,27,14,443679
SWAY_PROFILE,embedding_in,28,5,443681
SWAY_PROFILE,patch_ready,28,6,443682
SWAY_PROFILE,head_in,27,12,444581
SWAY_PROFILE,block0_in,28,4,444666
SWAY_PROFILE,block1_in,27,15,444666
SWAY_PROFILE,embedding_in,28,6,444668
SWAY_PROFILE,patch_ready,28,7,444669
SWAY_PROFILE,head_in,27,13,445568
SWAY_PROFILE,block0_in,28,5,445653
SWAY_PROFILE,block1_in,28,0,445653
SWAY_PROFILE,embedding_in,28,7,445655
SWAY_PROFILE,patch_ready,28,8,445656
SWAY_PROFILE,head_in,27,14,446555
SWAY_PROFILE,block0_in,28,6,446640
SWAY_PROFILE,block1_in,28,1,446640
SWAY_PROFILE,embedding_in,28,8,446642
SWAY_PROFILE,patch_ready,28,9,446643
SWAY_PROFILE,head_in,27,15,447542
SWAY_PROFILE,block0_in,28,7,447627
SWAY_PROFILE,block1_in,28,2,447627
SWAY_PROFILE,embedding_in,28,9,447629
SWAY_PROFILE,patch_ready,28,10,447630
SWAY_PROFILE,head_in,28,0,448529
SWAY_PROFILE,block0_in,28,8,448614
SWAY_PROFILE,block1_in,28,3,448614
SWAY_PROFILE,embedding_in,28,10,448616
SWAY_PROFILE,patch_ready,28,11,448617
SWAY_PROFILE,head_in,28,1,449516
SWAY_PROFILE,block0_in,28,9,449601
SWAY_PROFILE,block1_in,28,4,449601
SWAY_PROFILE,embedding_in,28,11,449603
SWAY_PROFILE,patch_ready,28,12,449604
SWAY_PROFILE,head_in,28,2,450503
SWAY_PROFILE,block0_in,28,10,450588
SWAY_PROFILE,block1_in,28,5,450588
SWAY_PROFILE,embedding_in,28,12,450590
SWAY_PROFILE,patch_ready,28,13,450591
SWAY_PROFILE,head_output_in,27,0,450835
SWAY_PROFILE,head_in,28,3,451490
SWAY_PROFILE,block0_in,28,11,451575
SWAY_PROFILE,block1_in,28,6,451575
SWAY_PROFILE,embedding_in,28,13,451577
SWAY_PROFILE,serialize_in,27,0,451577
SWAY_PROFILE,patch_ready,28,14,451578
SWAY_PERF_OUTPUT,1539,7,451579
SWAY_PERF_OUTPUT,1540,7,451580
SWAY_PERF_OUTPUT,1541,6,451581
SWAY_PERF_OUTPUT,1542,6,451582
SWAY_PERF_OUTPUT,1543,12,451583
SWAY_PERF_OUTPUT,1544,16,451584
SWAY_PERF_OUTPUT,1545,19,451585
SWAY_PERF_OUTPUT,1546,1,451586
SWAY_PERF_OUTPUT,1547,-2,451587
SWAY_PERF_OUTPUT,1548,-3,451588
SWAY_PERF_OUTPUT,1549,9,451589
SWAY_PERF_OUTPUT,1550,10,451590
SWAY_PERF_OUTPUT,1551,11,451591
SWAY_PERF_OUTPUT,1552,11,451592
SWAY_PERF_OUTPUT,1553,4,451593
SWAY_PERF_OUTPUT,1554,2,451594
SWAY_PERF_OUTPUT,1555,0,451595
SWAY_PERF_OUTPUT,1556,0,451596
SWAY_PERF_OUTPUT,1557,7,451597
SWAY_PERF_OUTPUT,1558,63,451598
SWAY_PERF_OUTPUT,1559,63,451599
SWAY_PERF_OUTPUT,1560,63,451600
SWAY_PERF_OUTPUT,1561,62,451601
SWAY_PERF_OUTPUT,1562,62,451602
SWAY_PERF_OUTPUT,1563,63,451603
SWAY_PERF_OUTPUT,1564,61,451604
SWAY_PERF_OUTPUT,1565,62,451605
SWAY_PERF_OUTPUT,1566,63,451606
SWAY_PERF_OUTPUT,1567,61,451607
SWAY_PERF_OUTPUT,1568,62,451608
SWAY_PERF_OUTPUT,1569,62,451609
SWAY_PERF_OUTPUT,1570,63,451610
SWAY_PERF_OUTPUT,1571,61,451611
SWAY_PERF_OUTPUT,1572,62,451612
SWAY_PERF_OUTPUT,1573,62,451613
SWAY_PERF_OUTPUT,1574,63,451614
SWAY_PERF_OUTPUT,1575,60,451615
SWAY_PERF_OUTPUT,1576,63,451616
SWAY_PERF_OUTPUT,1577,-7,451617
SWAY_PERF_OUTPUT,1578,2,451618
SWAY_PERF_OUTPUT,1579,13,451619
SWAY_PERF_OUTPUT,1580,17,451620
SWAY_PERF_OUTPUT,1581,9,451621
SWAY_PERF_OUTPUT,1582,5,451622
SWAY_PERF_OUTPUT,1583,2,451623
SWAY_PERF_OUTPUT,1584,9,451624
SWAY_PERF_OUTPUT,1585,2,451625
SWAY_PERF_OUTPUT,1586,-4,451626
SWAY_PERF_OUTPUT,1587,-7,451627
SWAY_PERF_OUTPUT,1588,-17,451628
SWAY_PERF_OUTPUT,1589,-28,451629
SWAY_PERF_OUTPUT,1590,-29,451630
SWAY_PERF_OUTPUT,1591,-7,451631
SWAY_PERF_OUTPUT,1592,-16,451632
SWAY_PERF_OUTPUT,1593,-27,451633
SWAY_PERF_OUTPUT,1594,-29,451634
SWAY_PERF_OUTPUT,1595,10,451635
SWAY_PERF_FRAME,27,451579,451635
SWAY_PROFILE,head_in,28,4,452477
SWAY_PROFILE,block0_in,28,12,452562
SWAY_PROFILE,block1_in,28,7,452562
SWAY_PROFILE,embedding_in,28,14,452564
SWAY_PROFILE,patch_ready,28,15,452565
SWAY_PERF_INPUT_FRAME,30,437064,452855
SWAY_PROFILE,head_in,28,5,453464
SWAY_PROFILE,block0_in,28,13,453549
SWAY_PROFILE,block1_in,28,8,453549
SWAY_PROFILE,embedding_in,28,15,453551
SWAY_PROFILE,patch_ready,29,0,453552
SWAY_PROFILE,head_in,28,6,454451
SWAY_PROFILE,block0_in,28,14,454536
SWAY_PROFILE,block1_in,28,9,454536
SWAY_PROFILE,embedding_in,29,0,454538
SWAY_PROFILE,patch_ready,29,1,454539
SWAY_PROFILE,head_in,28,7,455438
SWAY_PROFILE,block0_in,28,15,455523
SWAY_PROFILE,block1_in,28,10,455523
SWAY_PROFILE,embedding_in,29,1,455525
SWAY_PROFILE,patch_ready,29,2,455526
SWAY_PROFILE,head_in,28,8,456425
SWAY_PROFILE,block0_in,29,0,456510
SWAY_PROFILE,block1_in,28,11,456510
SWAY_PROFILE,embedding_in,29,2,456512
SWAY_PROFILE,patch_ready,29,3,456513
SWAY_PROFILE,head_in,28,9,457412
SWAY_PROFILE,block0_in,29,1,457497
SWAY_PROFILE,block1_in,28,12,457497
SWAY_PROFILE,embedding_in,29,3,457499
SWAY_PROFILE,patch_ready,29,4,457500
SWAY_PROFILE,head_in,28,10,458399
SWAY_PROFILE,block0_in,29,2,458484
SWAY_PROFILE,block1_in,28,13,458484
SWAY_PROFILE,embedding_in,29,4,458486
SWAY_PROFILE,patch_ready,29,5,458487
SWAY_PROFILE,head_in,28,11,459386
SWAY_PROFILE,block0_in,29,3,459471
SWAY_PROFILE,block1_in,28,14,459471
SWAY_PROFILE,embedding_in,29,5,459473
SWAY_PROFILE,patch_ready,29,6,459474
SWAY_PROFILE,head_in,28,12,460373
SWAY_PROFILE,block0_in,29,4,460458
SWAY_PROFILE,block1_in,28,15,460458
SWAY_PROFILE,embedding_in,29,6,460460
SWAY_PROFILE,patch_ready,29,7,460461
SWAY_PROFILE,head_in,28,13,461360
SWAY_PROFILE,block0_in,29,5,461445
SWAY_PROFILE,block1_in,29,0,461445
SWAY_PROFILE,embedding_in,29,7,461447
SWAY_PROFILE,patch_ready,29,8,461448
SWAY_PROFILE,head_in,28,14,462347
SWAY_PROFILE,block0_in,29,6,462432
SWAY_PROFILE,block1_in,29,1,462432
SWAY_PROFILE,embedding_in,29,8,462434
SWAY_PROFILE,patch_ready,29,9,462435
SWAY_PROFILE,head_in,28,15,463334
SWAY_PROFILE,block0_in,29,7,463419
SWAY_PROFILE,block1_in,29,2,463419
SWAY_PROFILE,embedding_in,29,9,463421
SWAY_PROFILE,patch_ready,29,10,463422
SWAY_PROFILE,head_in,29,0,464321
SWAY_PROFILE,block0_in,29,8,464406
SWAY_PROFILE,block1_in,29,3,464406
SWAY_PROFILE,embedding_in,29,10,464408
SWAY_PROFILE,patch_ready,29,11,464409
SWAY_PROFILE,head_in,29,1,465308
SWAY_PROFILE,block0_in,29,9,465393
SWAY_PROFILE,block1_in,29,4,465393
SWAY_PROFILE,embedding_in,29,11,465395
SWAY_PROFILE,patch_ready,29,12,465396
SWAY_PROFILE,head_in,29,2,466295
SWAY_PROFILE,block0_in,29,10,466380
SWAY_PROFILE,block1_in,29,5,466380
SWAY_PROFILE,embedding_in,29,12,466382
SWAY_PROFILE,patch_ready,29,13,466383
SWAY_PROFILE,head_output_in,28,0,466627
SWAY_PROFILE,head_in,29,3,467282
SWAY_PROFILE,block0_in,29,11,467367
SWAY_PROFILE,block1_in,29,6,467367
SWAY_PROFILE,embedding_in,29,13,467369
SWAY_PROFILE,serialize_in,28,0,467369
SWAY_PROFILE,patch_ready,29,14,467370
SWAY_PERF_OUTPUT,1596,7,467371
SWAY_PERF_OUTPUT,1597,7,467372
SWAY_PERF_OUTPUT,1598,6,467373
SWAY_PERF_OUTPUT,1599,6,467374
SWAY_PERF_OUTPUT,1600,12,467375
SWAY_PERF_OUTPUT,1601,16,467376
SWAY_PERF_OUTPUT,1602,19,467377
SWAY_PERF_OUTPUT,1603,1,467378
SWAY_PERF_OUTPUT,1604,-2,467379
SWAY_PERF_OUTPUT,1605,-3,467380
SWAY_PERF_OUTPUT,1606,9,467381
SWAY_PERF_OUTPUT,1607,10,467382
SWAY_PERF_OUTPUT,1608,11,467383
SWAY_PERF_OUTPUT,1609,11,467384
SWAY_PERF_OUTPUT,1610,4,467385
SWAY_PERF_OUTPUT,1611,2,467386
SWAY_PERF_OUTPUT,1612,0,467387
SWAY_PERF_OUTPUT,1613,0,467388
SWAY_PERF_OUTPUT,1614,7,467389
SWAY_PERF_OUTPUT,1615,63,467390
SWAY_PERF_OUTPUT,1616,63,467391
SWAY_PERF_OUTPUT,1617,63,467392
SWAY_PERF_OUTPUT,1618,62,467393
SWAY_PERF_OUTPUT,1619,62,467394
SWAY_PERF_OUTPUT,1620,63,467395
SWAY_PERF_OUTPUT,1621,61,467396
SWAY_PERF_OUTPUT,1622,62,467397
SWAY_PERF_OUTPUT,1623,63,467398
SWAY_PERF_OUTPUT,1624,61,467399
SWAY_PERF_OUTPUT,1625,62,467400
SWAY_PERF_OUTPUT,1626,62,467401
SWAY_PERF_OUTPUT,1627,63,467402
SWAY_PERF_OUTPUT,1628,61,467403
SWAY_PERF_OUTPUT,1629,62,467404
SWAY_PERF_OUTPUT,1630,62,467405
SWAY_PERF_OUTPUT,1631,63,467406
SWAY_PERF_OUTPUT,1632,60,467407
SWAY_PERF_OUTPUT,1633,63,467408
SWAY_PERF_OUTPUT,1634,-7,467409
SWAY_PERF_OUTPUT,1635,2,467410
SWAY_PERF_OUTPUT,1636,13,467411
SWAY_PERF_OUTPUT,1637,17,467412
SWAY_PERF_OUTPUT,1638,9,467413
SWAY_PERF_OUTPUT,1639,5,467414
SWAY_PERF_OUTPUT,1640,2,467415
SWAY_PERF_OUTPUT,1641,9,467416
SWAY_PERF_OUTPUT,1642,2,467417
SWAY_PERF_OUTPUT,1643,-4,467418
SWAY_PERF_OUTPUT,1644,-7,467419
SWAY_PERF_OUTPUT,1645,-17,467420
SWAY_PERF_OUTPUT,1646,-28,467421
SWAY_PERF_OUTPUT,1647,-29,467422
SWAY_PERF_OUTPUT,1648,-7,467423
SWAY_PERF_OUTPUT,1649,-16,467424
SWAY_PERF_OUTPUT,1650,-27,467425
SWAY_PERF_OUTPUT,1651,-29,467426
SWAY_PERF_OUTPUT,1652,10,467427
SWAY_PERF_FRAME,28,467371,467427
SWAY_PROFILE,head_in,29,4,468269
SWAY_PROFILE,block0_in,29,12,468354
SWAY_PROFILE,block1_in,29,7,468354
SWAY_PROFILE,embedding_in,29,14,468356
SWAY_PROFILE,patch_ready,29,15,468357
SWAY_PERF_INPUT_FRAME,31,452856,468647
SWAY_PROFILE,head_in,29,5,469256
SWAY_PROFILE,block0_in,29,13,469341
SWAY_PROFILE,block1_in,29,8,469341
SWAY_PROFILE,embedding_in,29,15,469343
SWAY_PROFILE,patch_ready,30,0,469344
SWAY_PROFILE,head_in,29,6,470243
SWAY_PROFILE,block0_in,29,14,470328
SWAY_PROFILE,block1_in,29,9,470328
SWAY_PROFILE,embedding_in,30,0,470330
SWAY_PROFILE,patch_ready,30,1,470331
SWAY_PROFILE,head_in,29,7,471230
SWAY_PROFILE,block0_in,29,15,471315
SWAY_PROFILE,block1_in,29,10,471315
SWAY_PROFILE,embedding_in,30,1,471317
SWAY_PROFILE,patch_ready,30,2,471318
SWAY_PROFILE,head_in,29,8,472217
SWAY_PROFILE,block0_in,30,0,472302
SWAY_PROFILE,block1_in,29,11,472302
SWAY_PROFILE,embedding_in,30,2,472304
SWAY_PROFILE,patch_ready,30,3,472305
SWAY_PROFILE,head_in,29,9,473204
SWAY_PROFILE,block0_in,30,1,473289
SWAY_PROFILE,block1_in,29,12,473289
SWAY_PROFILE,embedding_in,30,3,473291
SWAY_PROFILE,patch_ready,30,4,473292
SWAY_PROFILE,head_in,29,10,474191
SWAY_PROFILE,block0_in,30,2,474276
SWAY_PROFILE,block1_in,29,13,474276
SWAY_PROFILE,embedding_in,30,4,474278
SWAY_PROFILE,patch_ready,30,5,474279
SWAY_PROFILE,head_in,29,11,475178
SWAY_PROFILE,block0_in,30,3,475263
SWAY_PROFILE,block1_in,29,14,475263
SWAY_PROFILE,embedding_in,30,5,475265
SWAY_PROFILE,patch_ready,30,6,475266
SWAY_PROFILE,head_in,29,12,476165
SWAY_PROFILE,block0_in,30,4,476250
SWAY_PROFILE,block1_in,29,15,476250
SWAY_PROFILE,embedding_in,30,6,476252
SWAY_PROFILE,patch_ready,30,7,476253
SWAY_PROFILE,head_in,29,13,477152
SWAY_PROFILE,block0_in,30,5,477237
SWAY_PROFILE,block1_in,30,0,477237
SWAY_PROFILE,embedding_in,30,7,477239
SWAY_PROFILE,patch_ready,30,8,477240
SWAY_PROFILE,head_in,29,14,478139
SWAY_PROFILE,block0_in,30,6,478224
SWAY_PROFILE,block1_in,30,1,478224
SWAY_PROFILE,embedding_in,30,8,478226
SWAY_PROFILE,patch_ready,30,9,478227
SWAY_PROFILE,head_in,29,15,479126
SWAY_PROFILE,block0_in,30,7,479211
SWAY_PROFILE,block1_in,30,2,479211
SWAY_PROFILE,embedding_in,30,9,479213
SWAY_PROFILE,patch_ready,30,10,479214
SWAY_PROFILE,head_in,30,0,480113
SWAY_PROFILE,block0_in,30,8,480198
SWAY_PROFILE,block1_in,30,3,480198
SWAY_PROFILE,embedding_in,30,10,480200
SWAY_PROFILE,patch_ready,30,11,480201
SWAY_PROFILE,head_in,30,1,481100
SWAY_PROFILE,block0_in,30,9,481185
SWAY_PROFILE,block1_in,30,4,481185
SWAY_PROFILE,embedding_in,30,11,481187
SWAY_PROFILE,patch_ready,30,12,481188
SWAY_PROFILE,head_in,30,2,482087
SWAY_PROFILE,block0_in,30,10,482172
SWAY_PROFILE,block1_in,30,5,482172
SWAY_PROFILE,embedding_in,30,12,482174
SWAY_PROFILE,patch_ready,30,13,482175
SWAY_PROFILE,head_output_in,29,0,482419
SWAY_PROFILE,head_in,30,3,483074
SWAY_PROFILE,block0_in,30,11,483159
SWAY_PROFILE,block1_in,30,6,483159
SWAY_PROFILE,embedding_in,30,13,483161
SWAY_PROFILE,serialize_in,29,0,483161
SWAY_PROFILE,patch_ready,30,14,483162
SWAY_PERF_OUTPUT,1653,7,483163
SWAY_PERF_OUTPUT,1654,8,483164
SWAY_PERF_OUTPUT,1655,8,483165
SWAY_PERF_OUTPUT,1656,8,483166
SWAY_PERF_OUTPUT,1657,13,483167
SWAY_PERF_OUTPUT,1658,17,483168
SWAY_PERF_OUTPUT,1659,20,483169
SWAY_PERF_OUTPUT,1660,2,483170
SWAY_PERF_OUTPUT,1661,-2,483171
SWAY_PERF_OUTPUT,1662,-5,483172
SWAY_PERF_OUTPUT,1663,10,483173
SWAY_PERF_OUTPUT,1664,11,483174
SWAY_PERF_OUTPUT,1665,10,483175
SWAY_PERF_OUTPUT,1666,11,483176
SWAY_PERF_OUTPUT,1667,5,483177
SWAY_PERF_OUTPUT,1668,3,483178
SWAY_PERF_OUTPUT,1669,0,483179
SWAY_PERF_OUTPUT,1670,0,483180
SWAY_PERF_OUTPUT,1671,8,483181
SWAY_PERF_OUTPUT,1672,62,483182
SWAY_PERF_OUTPUT,1673,62,483183
SWAY_PERF_OUTPUT,1674,62,483184
SWAY_PERF_OUTPUT,1675,62,483185
SWAY_PERF_OUTPUT,1676,62,483186
SWAY_PERF_OUTPUT,1677,62,483187
SWAY_PERF_OUTPUT,1678,60,483188
SWAY_PERF_OUTPUT,1679,61,483189
SWAY_PERF_OUTPUT,1680,61,483190
SWAY_PERF_OUTPUT,1681,60,483191
SWAY_PERF_OUTPUT,1682,61,483192
SWAY_PERF_OUTPUT,1683,60,483193
SWAY_PERF_OUTPUT,1684,62,483194
SWAY_PERF_OUTPUT,1685,59,483195
SWAY_PERF_OUTPUT,1686,61,483196
SWAY_PERF_OUTPUT,1687,61,483197
SWAY_PERF_OUTPUT,1688,64,483198
SWAY_PERF_OUTPUT,1689,60,483199
SWAY_PERF_OUTPUT,1690,62,483200
SWAY_PERF_OUTPUT,1691,-6,483201
SWAY_PERF_OUTPUT,1692,4,483202
SWAY_PERF_OUTPUT,1693,14,483203
SWAY_PERF_OUTPUT,1694,18,483204
SWAY_PERF_OUTPUT,1695,10,483205
SWAY_PERF_OUTPUT,1696,6,483206
SWAY_PERF_OUTPUT,1697,-1,483207
SWAY_PERF_OUTPUT,1698,10,483208
SWAY_PERF_OUTPUT,1699,4,483209
SWAY_PERF_OUTPUT,1700,-1,483210
SWAY_PERF_OUTPUT,1701,-5,483211
SWAY_PERF_OUTPUT,1702,-16,483212
SWAY_PERF_OUTPUT,1703,-26,483213
SWAY_PERF_OUTPUT,1704,-29,483214
SWAY_PERF_OUTPUT,1705,-6,483215
SWAY_PERF_OUTPUT,1706,-15,483216
SWAY_PERF_OUTPUT,1707,-26,483217
SWAY_PERF_OUTPUT,1708,-28,483218
SWAY_PERF_OUTPUT,1709,11,483219
SWAY_PERF_FRAME,29,483163,483219
SWAY_PROFILE,head_in,30,4,484061
SWAY_PROFILE,block0_in,30,12,484146
SWAY_PROFILE,block1_in,30,7,484146
SWAY_PROFILE,embedding_in,30,14,484148
SWAY_PROFILE,patch_ready,30,15,484149
SWAY_PERF_INPUT_FRAME,32,468648,484439
SWAY_PROFILE,head_in,30,5,485048
SWAY_PROFILE,block0_in,30,13,485133
SWAY_PROFILE,block1_in,30,8,485133
SWAY_PROFILE,embedding_in,30,15,485135
SWAY_PROFILE,patch_ready,31,0,485136
SWAY_PROFILE,head_in,30,6,486035
SWAY_PROFILE,block0_in,30,14,486120
SWAY_PROFILE,block1_in,30,9,486120
SWAY_PROFILE,embedding_in,31,0,486122
SWAY_PROFILE,patch_ready,31,1,486123
SWAY_PROFILE,head_in,30,7,487022
SWAY_PROFILE,block0_in,30,15,487107
SWAY_PROFILE,block1_in,30,10,487107
SWAY_PROFILE,embedding_in,31,1,487109
SWAY_PROFILE,patch_ready,31,2,487110
SWAY_PROFILE,head_in,30,8,488009
SWAY_PROFILE,block0_in,31,0,488094
SWAY_PROFILE,block1_in,30,11,488094
SWAY_PROFILE,embedding_in,31,2,488096
SWAY_PROFILE,patch_ready,31,3,488097
SWAY_PROFILE,head_in,30,9,488996
SWAY_PROFILE,block0_in,31,1,489081
SWAY_PROFILE,block1_in,30,12,489081
SWAY_PROFILE,embedding_in,31,3,489083
SWAY_PROFILE,patch_ready,31,4,489084
SWAY_PROFILE,head_in,30,10,489983
SWAY_PROFILE,block0_in,31,2,490068
SWAY_PROFILE,block1_in,30,13,490068
SWAY_PROFILE,embedding_in,31,4,490070
SWAY_PROFILE,patch_ready,31,5,490071
SWAY_PROFILE,head_in,30,11,490970
SWAY_PROFILE,block0_in,31,3,491055
SWAY_PROFILE,block1_in,30,14,491055
SWAY_PROFILE,embedding_in,31,5,491057
SWAY_PROFILE,patch_ready,31,6,491058
SWAY_PROFILE,head_in,30,12,491957
SWAY_PROFILE,block0_in,31,4,492042
SWAY_PROFILE,block1_in,30,15,492042
SWAY_PROFILE,embedding_in,31,6,492044
SWAY_PROFILE,patch_ready,31,7,492045
SWAY_PROFILE,head_in,30,13,492944
SWAY_PROFILE,block0_in,31,5,493029
SWAY_PROFILE,block1_in,31,0,493029
SWAY_PROFILE,embedding_in,31,7,493031
SWAY_PROFILE,patch_ready,31,8,493032
SWAY_PROFILE,head_in,30,14,493931
SWAY_PROFILE,block0_in,31,6,494016
SWAY_PROFILE,block1_in,31,1,494016
SWAY_PROFILE,embedding_in,31,8,494018
SWAY_PROFILE,patch_ready,31,9,494019
SWAY_PROFILE,head_in,30,15,494918
SWAY_PROFILE,block0_in,31,7,495003
SWAY_PROFILE,block1_in,31,2,495003
SWAY_PROFILE,embedding_in,31,9,495005
SWAY_PROFILE,patch_ready,31,10,495006
SWAY_PROFILE,head_in,31,0,495905
SWAY_PROFILE,block0_in,31,8,495990
SWAY_PROFILE,block1_in,31,3,495990
SWAY_PROFILE,embedding_in,31,10,495992
SWAY_PROFILE,patch_ready,31,11,495993
SWAY_PROFILE,head_in,31,1,496892
SWAY_PROFILE,block0_in,31,9,496977
SWAY_PROFILE,block1_in,31,4,496977
SWAY_PROFILE,embedding_in,31,11,496979
SWAY_PROFILE,patch_ready,31,12,496980
SWAY_PROFILE,head_in,31,2,497879
SWAY_PROFILE,block0_in,31,10,497964
SWAY_PROFILE,block1_in,31,5,497964
SWAY_PROFILE,embedding_in,31,12,497966
SWAY_PROFILE,patch_ready,31,13,497967
SWAY_PROFILE,head_output_in,30,0,498211
SWAY_PROFILE,head_in,31,3,498866
SWAY_PROFILE,block0_in,31,11,498951
SWAY_PROFILE,block1_in,31,6,498951
SWAY_PROFILE,embedding_in,31,13,498953
SWAY_PROFILE,serialize_in,30,0,498953
SWAY_PROFILE,patch_ready,31,14,498954
SWAY_PERF_OUTPUT,1710,8,498955
SWAY_PERF_OUTPUT,1711,9,498956
SWAY_PERF_OUTPUT,1712,8,498957
SWAY_PERF_OUTPUT,1713,9,498958
SWAY_PERF_OUTPUT,1714,13,498959
SWAY_PERF_OUTPUT,1715,16,498960
SWAY_PERF_OUTPUT,1716,15,498961
SWAY_PERF_OUTPUT,1717,4,498962
SWAY_PERF_OUTPUT,1718,1,498963
SWAY_PERF_OUTPUT,1719,0,498964
SWAY_PERF_OUTPUT,1720,10,498965
SWAY_PERF_OUTPUT,1721,10,498966
SWAY_PERF_OUTPUT,1722,8,498967
SWAY_PERF_OUTPUT,1723,8,498968
SWAY_PERF_OUTPUT,1724,6,498969
SWAY_PERF_OUTPUT,1725,4,498970
SWAY_PERF_OUTPUT,1726,2,498971
SWAY_PERF_OUTPUT,1727,1,498972
SWAY_PERF_OUTPUT,1728,9,498973
SWAY_PERF_OUTPUT,1729,63,498974
SWAY_PERF_OUTPUT,1730,63,498975
SWAY_PERF_OUTPUT,1731,63,498976
SWAY_PERF_OUTPUT,1732,63,498977
SWAY_PERF_OUTPUT,1733,62,498978
SWAY_PERF_OUTPUT,1734,62,498979
SWAY_PERF_OUTPUT,1735,60,498980
SWAY_PERF_OUTPUT,1736,62,498981
SWAY_PERF_OUTPUT,1737,64,498982
SWAY_PERF_OUTPUT,1738,62,498983
SWAY_PERF_OUTPUT,1739,62,498984
SWAY_PERF_OUTPUT,1740,62,498985
SWAY_PERF_OUTPUT,1741,63,498986
SWAY_PERF_OUTPUT,1742,62,498987
SWAY_PERF_OUTPUT,1743,62,498988
SWAY_PERF_OUTPUT,1744,62,498989
SWAY_PERF_OUTPUT,1745,63,498990
SWAY_PERF_OUTPUT,1746,59,498991
SWAY_PERF_OUTPUT,1747,63,498992
SWAY_PERF_OUTPUT,1748,-8,498993
SWAY_PERF_OUTPUT,1749,2,498994
SWAY_PERF_OUTPUT,1750,13,498995
SWAY_PERF_OUTPUT,1751,17,498996
SWAY_PERF_OUTPUT,1752,9,498997
SWAY_PERF_OUTPUT,1753,2,498998
SWAY_PERF_OUTPUT,1754,-4,498999
SWAY_PERF_OUTPUT,1755,8,499000
SWAY_PERF_OUTPUT,1756,2,499001
SWAY_PERF_OUTPUT,1757,-4,499002
SWAY_PERF_OUTPUT,1758,-7,499003
SWAY_PERF_OUTPUT,1759,-17,499004
SWAY_PERF_OUTPUT,1760,-28,499005
SWAY_PERF_OUTPUT,1761,-30,499006
SWAY_PERF_OUTPUT,1762,-7,499007
SWAY_PERF_OUTPUT,1763,-16,499008
SWAY_PERF_OUTPUT,1764,-26,499009
SWAY_PERF_OUTPUT,1765,-29,499010
SWAY_PERF_OUTPUT,1766,10,499011
SWAY_PERF_FRAME,30,498955,499011
SWAY_PROFILE,head_in,31,4,499853
SWAY_PROFILE,block0_in,31,12,499938
SWAY_PROFILE,block1_in,31,7,499938
SWAY_PROFILE,embedding_in,31,14,499940
SWAY_PROFILE,patch_ready,31,15,499941
SWAY_PERF_INPUT_FRAME,33,484440,500231
SWAY_PROFILE,head_in,31,5,500840
SWAY_PROFILE,block0_in,31,13,500925
SWAY_PROFILE,block1_in,31,8,500925
SWAY_PROFILE,embedding_in,31,15,500927
SWAY_PROFILE,patch_ready,32,0,500928
SWAY_PROFILE,head_in,31,6,501827
SWAY_PROFILE,block0_in,31,14,501912
SWAY_PROFILE,block1_in,31,9,501912
SWAY_PROFILE,embedding_in,32,0,501914
SWAY_PROFILE,patch_ready,32,1,501915
SWAY_PROFILE,head_in,31,7,502814
SWAY_PROFILE,block0_in,31,15,502899
SWAY_PROFILE,block1_in,31,10,502899
SWAY_PROFILE,embedding_in,32,1,502901
SWAY_PROFILE,patch_ready,32,2,502902
SWAY_PROFILE,head_in,31,8,503801
SWAY_PROFILE,block0_in,32,0,503886
SWAY_PROFILE,block1_in,31,11,503886
SWAY_PROFILE,embedding_in,32,2,503888
SWAY_PROFILE,patch_ready,32,3,503889
SWAY_PROFILE,head_in,31,9,504788
SWAY_PROFILE,block0_in,32,1,504873
SWAY_PROFILE,block1_in,31,12,504873
SWAY_PROFILE,embedding_in,32,3,504875
SWAY_PROFILE,patch_ready,32,4,504876
SWAY_PROFILE,head_in,31,10,505775
SWAY_PROFILE,block0_in,32,2,505860
SWAY_PROFILE,block1_in,31,13,505860
SWAY_PROFILE,embedding_in,32,4,505862
SWAY_PROFILE,patch_ready,32,5,505863
SWAY_PROFILE,head_in,31,11,506762
SWAY_PROFILE,block0_in,32,3,506847
SWAY_PROFILE,block1_in,31,14,506847
SWAY_PROFILE,embedding_in,32,5,506849
SWAY_PROFILE,patch_ready,32,6,506850
SWAY_PROFILE,head_in,31,12,507749
SWAY_PROFILE,block0_in,32,4,507834
SWAY_PROFILE,block1_in,31,15,507834
SWAY_PROFILE,embedding_in,32,6,507836
SWAY_PROFILE,patch_ready,32,7,507837
SWAY_PROFILE,head_in,31,13,508736
SWAY_PROFILE,block0_in,32,5,508821
SWAY_PROFILE,block1_in,32,0,508821
SWAY_PROFILE,embedding_in,32,7,508823
SWAY_PROFILE,patch_ready,32,8,508824
SWAY_PROFILE,head_in,31,14,509723
SWAY_PROFILE,block0_in,32,6,509808
SWAY_PROFILE,block1_in,32,1,509808
SWAY_PROFILE,embedding_in,32,8,509810
SWAY_PROFILE,patch_ready,32,9,509811
SWAY_PROFILE,head_in,31,15,510710
SWAY_PROFILE,block0_in,32,7,510795
SWAY_PROFILE,block1_in,32,2,510795
SWAY_PROFILE,embedding_in,32,9,510797
SWAY_PROFILE,patch_ready,32,10,510798
SWAY_PROFILE,head_in,32,0,511697
SWAY_PROFILE,block0_in,32,8,511782
SWAY_PROFILE,block1_in,32,3,511782
SWAY_PROFILE,embedding_in,32,10,511784
SWAY_PROFILE,patch_ready,32,11,511785
SWAY_PROFILE,head_in,32,1,512684
SWAY_PROFILE,block0_in,32,9,512769
SWAY_PROFILE,block1_in,32,4,512769
SWAY_PROFILE,embedding_in,32,11,512771
SWAY_PROFILE,patch_ready,32,12,512772
SWAY_PROFILE,head_in,32,2,513671
SWAY_PROFILE,block0_in,32,10,513756
SWAY_PROFILE,block1_in,32,5,513756
SWAY_PROFILE,embedding_in,32,12,513758
SWAY_PROFILE,patch_ready,32,13,513759
SWAY_PROFILE,head_output_in,31,0,514003
SWAY_PROFILE,head_in,32,3,514658
SWAY_PROFILE,block0_in,32,11,514743
SWAY_PROFILE,block1_in,32,6,514743
SWAY_PROFILE,embedding_in,32,13,514745
SWAY_PROFILE,serialize_in,31,0,514745
SWAY_PROFILE,patch_ready,32,14,514746
SWAY_PERF_OUTPUT,1767,7,514747
SWAY_PERF_OUTPUT,1768,7,514748
SWAY_PERF_OUTPUT,1769,6,514749
SWAY_PERF_OUTPUT,1770,7,514750
SWAY_PERF_OUTPUT,1771,13,514751
SWAY_PERF_OUTPUT,1772,17,514752
SWAY_PERF_OUTPUT,1773,20,514753
SWAY_PERF_OUTPUT,1774,1,514754
SWAY_PERF_OUTPUT,1775,-3,514755
SWAY_PERF_OUTPUT,1776,-4,514756
SWAY_PERF_OUTPUT,1777,10,514757
SWAY_PERF_OUTPUT,1778,11,514758
SWAY_PERF_OUTPUT,1779,13,514759
SWAY_PERF_OUTPUT,1780,13,514760
SWAY_PERF_OUTPUT,1781,5,514761
SWAY_PERF_OUTPUT,1782,4,514762
SWAY_PERF_OUTPUT,1783,2,514763
SWAY_PERF_OUTPUT,1784,2,514764
SWAY_PERF_OUTPUT,1785,7,514765
SWAY_PERF_OUTPUT,1786,62,514766
SWAY_PERF_OUTPUT,1787,62,514767
SWAY_PERF_OUTPUT,1788,62,514768
SWAY_PERF_OUTPUT,1789,61,514769
SWAY_PERF_OUTPUT,1790,63,514770
SWAY_PERF_OUTPUT,1791,65,514771
SWAY_PERF_OUTPUT,1792,62,514772
SWAY_PERF_OUTPUT,1793,60,514773
SWAY_PERF_OUTPUT,1794,59,514774
SWAY_PERF_OUTPUT,1795,57,514775
SWAY_PERF_OUTPUT,1796,60,514776
SWAY_PERF_OUTPUT,1797,60,514777
SWAY_PERF_OUTPUT,1798,59,514778
SWAY_PERF_OUTPUT,1799,56,514779
SWAY_PERF_OUTPUT,1800,60,514780
SWAY_PERF_OUTPUT,1801,63,514781
SWAY_PERF_OUTPUT,1802,65,514782
SWAY_PERF_OUTPUT,1803,62,514783
SWAY_PERF_OUTPUT,1804,62,514784
SWAY_PERF_OUTPUT,1805,-3,514785
SWAY_PERF_OUTPUT,1806,7,514786
SWAY_PERF_OUTPUT,1807,17,514787
SWAY_PERF_OUTPUT,1808,22,514788
SWAY_PERF_OUTPUT,1809,14,514789
SWAY_PERF_OUTPUT,1810,10,514790
SWAY_PERF_OUTPUT,1811,8,514791
SWAY_PERF_OUTPUT,1812,14,514792
SWAY_PERF_OUTPUT,1813,8,514793
SWAY_PERF_OUTPUT,1814,4,514794
SWAY_PERF_OUTPUT,1815,-2,514795
SWAY_PERF_OUTPUT,1816,-15,514796
SWAY_PERF_OUTPUT,1817,-26,514797
SWAY_PERF_OUTPUT,1818,-28,514798
SWAY_PERF_OUTPUT,1819,-3,514799
SWAY_PERF_OUTPUT,1820,-15,514800
SWAY_PERF_OUTPUT,1821,-26,514801
SWAY_PERF_OUTPUT,1822,-28,514802
SWAY_PERF_OUTPUT,1823,15,514803
SWAY_PERF_FRAME,31,514747,514803
SWAY_PROFILE,head_in,32,4,515645
SWAY_PROFILE,block0_in,32,12,515730
SWAY_PROFILE,block1_in,32,7,515730
SWAY_PROFILE,embedding_in,32,14,515732
SWAY_PROFILE,patch_ready,32,15,515733
SWAY_PERF_INPUT_FRAME,34,500232,516023
SWAY_PROFILE,head_in,32,5,516632
SWAY_PROFILE,block0_in,32,13,516717
SWAY_PROFILE,block1_in,32,8,516717
SWAY_PROFILE,embedding_in,32,15,516719
SWAY_PROFILE,patch_ready,33,0,516720
SWAY_PROFILE,head_in,32,6,517619
SWAY_PROFILE,block0_in,32,14,517704
SWAY_PROFILE,block1_in,32,9,517704
SWAY_PROFILE,embedding_in,33,0,517706
SWAY_PROFILE,patch_ready,33,1,517707
SWAY_PROFILE,head_in,32,7,518606
SWAY_PROFILE,block0_in,32,15,518691
SWAY_PROFILE,block1_in,32,10,518691
SWAY_PROFILE,embedding_in,33,1,518693
SWAY_PROFILE,patch_ready,33,2,518694
SWAY_PROFILE,head_in,32,8,519593
SWAY_PROFILE,block0_in,33,0,519678
SWAY_PROFILE,block1_in,32,11,519678
SWAY_PROFILE,embedding_in,33,2,519680
SWAY_PROFILE,patch_ready,33,3,519681
SWAY_PROFILE,head_in,32,9,520580
SWAY_PROFILE,block0_in,33,1,520665
SWAY_PROFILE,block1_in,32,12,520665
SWAY_PROFILE,embedding_in,33,3,520667
SWAY_PROFILE,patch_ready,33,4,520668
SWAY_PROFILE,head_in,32,10,521567
SWAY_PROFILE,block0_in,33,2,521652
SWAY_PROFILE,block1_in,32,13,521652
SWAY_PROFILE,embedding_in,33,4,521654
SWAY_PROFILE,patch_ready,33,5,521655
SWAY_PROFILE,head_in,32,11,522554
SWAY_PROFILE,block0_in,33,3,522639
SWAY_PROFILE,block1_in,32,14,522639
SWAY_PROFILE,embedding_in,33,5,522641
SWAY_PROFILE,patch_ready,33,6,522642
SWAY_PROFILE,head_in,32,12,523541
SWAY_PROFILE,block0_in,33,4,523626
SWAY_PROFILE,block1_in,32,15,523626
SWAY_PROFILE,embedding_in,33,6,523628
SWAY_PROFILE,patch_ready,33,7,523629
SWAY_PROFILE,head_in,32,13,524528
SWAY_PROFILE,block0_in,33,5,524613
SWAY_PROFILE,block1_in,33,0,524613
SWAY_PROFILE,embedding_in,33,7,524615
SWAY_PROFILE,patch_ready,33,8,524616
SWAY_PROFILE,head_in,32,14,525515
SWAY_PROFILE,block0_in,33,6,525600
SWAY_PROFILE,block1_in,33,1,525600
SWAY_PROFILE,embedding_in,33,8,525602
SWAY_PROFILE,patch_ready,33,9,525603
SWAY_PROFILE,head_in,32,15,526502
SWAY_PROFILE,block0_in,33,7,526587
SWAY_PROFILE,block1_in,33,2,526587
SWAY_PROFILE,embedding_in,33,9,526589
SWAY_PROFILE,patch_ready,33,10,526590
SWAY_PROFILE,head_in,33,0,527489
SWAY_PROFILE,block0_in,33,8,527574
SWAY_PROFILE,block1_in,33,3,527574
SWAY_PROFILE,embedding_in,33,10,527576
SWAY_PROFILE,patch_ready,33,11,527577
SWAY_PROFILE,head_in,33,1,528476
SWAY_PROFILE,block0_in,33,9,528561
SWAY_PROFILE,block1_in,33,4,528561
SWAY_PROFILE,embedding_in,33,11,528563
SWAY_PROFILE,patch_ready,33,12,528564
SWAY_PROFILE,head_in,33,2,529463
SWAY_PROFILE,block0_in,33,10,529548
SWAY_PROFILE,block1_in,33,5,529548
SWAY_PROFILE,embedding_in,33,12,529550
SWAY_PROFILE,patch_ready,33,13,529551
SWAY_PROFILE,head_output_in,32,0,529795
SWAY_PROFILE,head_in,33,3,530450
SWAY_PROFILE,block0_in,33,11,530535
SWAY_PROFILE,block1_in,33,6,530535
SWAY_PROFILE,embedding_in,33,13,530537
SWAY_PROFILE,serialize_in,32,0,530537
SWAY_PROFILE,patch_ready,33,14,530538
SWAY_PERF_OUTPUT,1824,8,530539
SWAY_PERF_OUTPUT,1825,9,530540
SWAY_PERF_OUTPUT,1826,9,530541
SWAY_PERF_OUTPUT,1827,9,530542
SWAY_PERF_OUTPUT,1828,14,530543
SWAY_PERF_OUTPUT,1829,20,530544
SWAY_PERF_OUTPUT,1830,23,530545
SWAY_PERF_OUTPUT,1831,3,530546
SWAY_PERF_OUTPUT,1832,-4,530547
SWAY_PERF_OUTPUT,1833,-9,530548
SWAY_PERF_OUTPUT,1834,11,530549
SWAY_PERF_OUTPUT,1835,13,530550
SWAY_PERF_OUTPUT,1836,13,530551
SWAY_PERF_OUTPUT,1837,14,530552
SWAY_PERF_OUTPUT,1838,6,530553
SWAY_PERF_OUTPUT,1839,0,530554
SWAY_PERF_OUTPUT,1840,-5,530555
SWAY_PERF_OUTPUT,1841,-5,530556
SWAY_PERF_OUTPUT,1842,9,530557
SWAY_PERF_OUTPUT,1843,62,530558
SWAY_PERF_OUTPUT,1844,61,530559
SWAY_PERF_OUTPUT,1845,60,530560
SWAY_PERF_OUTPUT,1846,59,530561
SWAY_PERF_OUTPUT,1847,59,530562
SWAY_PERF_OUTPUT,1848,59,530563
SWAY_PERF_OUTPUT,1849,58,530564
SWAY_PERF_OUTPUT,1850,60,530565
SWAY_PERF_OUTPUT,1851,60,530566
SWAY_PERF_OUTPUT,1852,59,530567
SWAY_PERF_OUTPUT,1853,60,530568
SWAY_PERF_OUTPUT,1854,58,530569
SWAY_PERF_OUTPUT,1855,61,530570
SWAY_PERF_OUTPUT,1856,59,530571
SWAY_PERF_OUTPUT,1857,61,530572
SWAY_PERF_OUTPUT,1858,59,530573
SWAY_PERF_OUTPUT,1859,61,530574
SWAY_PERF_OUTPUT,1860,58,530575
SWAY_PERF_OUTPUT,1861,60,530576
SWAY_PERF_OUTPUT,1862,-8,530577
SWAY_PERF_OUTPUT,1863,2,530578
SWAY_PERF_OUTPUT,1864,11,530579
SWAY_PERF_OUTPUT,1865,15,530580
SWAY_PERF_OUTPUT,1866,8,530581
SWAY_PERF_OUTPUT,1867,6,530582
SWAY_PERF_OUTPUT,1868,5,530583
SWAY_PERF_OUTPUT,1869,8,530584
SWAY_PERF_OUTPUT,1870,6,530585
SWAY_PERF_OUTPUT,1871,8,530586
SWAY_PERF_OUTPUT,1872,-7,530587
SWAY_PERF_OUTPUT,1873,-16,530588
SWAY_PERF_OUTPUT,1874,-27,530589
SWAY_PERF_OUTPUT,1875,-29,530590
SWAY_PERF_OUTPUT,1876,-7,530591
SWAY_PERF_OUTPUT,1877,-14,530592
SWAY_PERF_OUTPUT,1878,-25,530593
SWAY_PERF_OUTPUT,1879,-27,530594
SWAY_PERF_OUTPUT,1880,9,530595
SWAY_PERF_FRAME,32,530539,530595
SWAY_PROFILE,head_in,33,4,531437
SWAY_PROFILE,block0_in,33,12,531522
SWAY_PROFILE,block1_in,33,7,531522
SWAY_PROFILE,embedding_in,33,14,531524
SWAY_PROFILE,patch_ready,33,15,531525
SWAY_PERF_INPUT_FRAME,35,516024,531815
SWAY_PROFILE,head_in,33,5,532424
SWAY_PROFILE,block0_in,33,13,532509
SWAY_PROFILE,block1_in,33,8,532509
SWAY_PROFILE,embedding_in,33,15,532511
SWAY_PROFILE,patch_ready,34,0,532512
SWAY_PROFILE,head_in,33,6,533411
SWAY_PROFILE,block0_in,33,14,533496
SWAY_PROFILE,block1_in,33,9,533496
SWAY_PROFILE,embedding_in,34,0,533498
SWAY_PROFILE,patch_ready,34,1,533499
SWAY_PROFILE,head_in,33,7,534398
SWAY_PROFILE,block0_in,33,15,534483
SWAY_PROFILE,block1_in,33,10,534483
SWAY_PROFILE,embedding_in,34,1,534485
SWAY_PROFILE,patch_ready,34,2,534486
SWAY_PROFILE,head_in,33,8,535385
SWAY_PROFILE,block0_in,34,0,535470
SWAY_PROFILE,block1_in,33,11,535470
SWAY_PROFILE,embedding_in,34,2,535472
SWAY_PROFILE,patch_ready,34,3,535473
SWAY_PROFILE,head_in,33,9,536372
SWAY_PROFILE,block0_in,34,1,536457
SWAY_PROFILE,block1_in,33,12,536457
SWAY_PROFILE,embedding_in,34,3,536459
SWAY_PROFILE,patch_ready,34,4,536460
SWAY_PROFILE,head_in,33,10,537359
SWAY_PROFILE,block0_in,34,2,537444
SWAY_PROFILE,block1_in,33,13,537444
SWAY_PROFILE,embedding_in,34,4,537446
SWAY_PROFILE,patch_ready,34,5,537447
SWAY_PROFILE,head_in,33,11,538346
SWAY_PROFILE,block0_in,34,3,538431
SWAY_PROFILE,block1_in,33,14,538431
SWAY_PROFILE,embedding_in,34,5,538433
SWAY_PROFILE,patch_ready,34,6,538434
SWAY_PROFILE,head_in,33,12,539333
SWAY_PROFILE,block0_in,34,4,539418
SWAY_PROFILE,block1_in,33,15,539418
SWAY_PROFILE,embedding_in,34,6,539420
SWAY_PROFILE,patch_ready,34,7,539421
SWAY_PROFILE,head_in,33,13,540320
SWAY_PROFILE,block0_in,34,5,540405
SWAY_PROFILE,block1_in,34,0,540405
SWAY_PROFILE,embedding_in,34,7,540407
SWAY_PROFILE,patch_ready,34,8,540408
SWAY_PROFILE,head_in,33,14,541307
SWAY_PROFILE,block0_in,34,6,541392
SWAY_PROFILE,block1_in,34,1,541392
SWAY_PROFILE,embedding_in,34,8,541394
SWAY_PROFILE,patch_ready,34,9,541395
SWAY_PROFILE,head_in,33,15,542294
SWAY_PROFILE,block0_in,34,7,542379
SWAY_PROFILE,block1_in,34,2,542379
SWAY_PROFILE,embedding_in,34,9,542381
SWAY_PROFILE,patch_ready,34,10,542382
SWAY_PROFILE,head_in,34,0,543281
SWAY_PROFILE,block0_in,34,8,543366
SWAY_PROFILE,block1_in,34,3,543366
SWAY_PROFILE,embedding_in,34,10,543368
SWAY_PROFILE,patch_ready,34,11,543369
SWAY_PROFILE,head_in,34,1,544268
SWAY_PROFILE,block0_in,34,9,544353
SWAY_PROFILE,block1_in,34,4,544353
SWAY_PROFILE,embedding_in,34,11,544355
SWAY_PROFILE,patch_ready,34,12,544356
SWAY_PROFILE,head_in,34,2,545255
SWAY_PROFILE,block0_in,34,10,545340
SWAY_PROFILE,block1_in,34,5,545340
SWAY_PROFILE,embedding_in,34,12,545342
SWAY_PROFILE,patch_ready,34,13,545343
SWAY_PROFILE,head_output_in,33,0,545587
SWAY_PROFILE,head_in,34,3,546242
SWAY_PROFILE,block0_in,34,11,546327
SWAY_PROFILE,block1_in,34,6,546327
SWAY_PROFILE,embedding_in,34,13,546329
SWAY_PROFILE,serialize_in,33,0,546329
SWAY_PROFILE,patch_ready,34,14,546330
SWAY_PERF_OUTPUT,1881,4,546331
SWAY_PERF_OUTPUT,1882,4,546332
SWAY_PERF_OUTPUT,1883,3,546333
SWAY_PERF_OUTPUT,1884,3,546334
SWAY_PERF_OUTPUT,1885,9,546335
SWAY_PERF_OUTPUT,1886,16,546336
SWAY_PERF_OUTPUT,1887,19,546337
SWAY_PERF_OUTPUT,1888,-2,546338
SWAY_PERF_OUTPUT,1889,-7,546339
SWAY_PERF_OUTPUT,1890,-8,546340
SWAY_PERF_OUTPUT,1891,7,546341
SWAY_PERF_OUTPUT,1892,11,546342
SWAY_PERF_OUTPUT,1893,13,546343
SWAY_PERF_OUTPUT,1894,14,546344
SWAY_PERF_OUTPUT,1895,2,546345
SWAY_PERF_OUTPUT,1896,-1,546346
SWAY_PERF_OUTPUT,1897,-2,546347
SWAY_PERF_OUTPUT,1898,-2,546348
SWAY_PERF_OUTPUT,1899,3,546349
SWAY_PERF_OUTPUT,1900,61,546350
SWAY_PERF_OUTPUT,1901,61,546351
SWAY_PERF_OUTPUT,1902,60,546352
SWAY_PERF_OUTPUT,1903,60,546353
SWAY_PERF_OUTPUT,1904,60,546354
SWAY_PERF_OUTPUT,1905,61,546355
SWAY_PERF_OUTPUT,1906,59,546356
SWAY_PERF_OUTPUT,1907,59,546357
SWAY_PERF_OUTPUT,1908,59,546358
SWAY_PERF_OUTPUT,1909,58,546359
SWAY_PERF_OUTPUT,1910,60,546360
SWAY_PERF_OUTPUT,1911,59,546361
SWAY_PERF_OUTPUT,1912,60,546362
SWAY_PERF_OUTPUT,1913,57,546363
SWAY_PERF_OUTPUT,1914,60,546364
SWAY_PERF_OUTPUT,1915,59,546365
SWAY_PERF_OUTPUT,1916,62,546366
SWAY_PERF_OUTPUT,1917,59,546367
SWAY_PERF_OUTPUT,1918,60,546368
SWAY_PERF_OUTPUT,1919,-6,546369
SWAY_PERF_OUTPUT,1920,4,546370
SWAY_PERF_OUTPUT,1921,14,546371
SWAY_PERF_OUTPUT,1922,18,546372
SWAY_PERF_OUTPUT,1923,11,546373
SWAY_PERF_OUTPUT,1924,10,546374
SWAY_PERF_OUTPUT,1925,11,546375
SWAY_PERF_OUTPUT,1926,10,546376
SWAY_PERF_OUTPUT,1927,6,546377
SWAY_PERF_OUTPUT,1928,5,546378
SWAY_PERF_OUTPUT,1929,-5,546379
SWAY_PERF_OUTPUT,1930,-15,546380
SWAY_PERF_OUTPUT,1931,-25,546381
SWAY_PERF_OUTPUT,1932,-28,546382
SWAY_PERF_OUTPUT,1933,-6,546383
SWAY_PERF_OUTPUT,1934,-15,546384
SWAY_PERF_OUTPUT,1935,-27,546385
SWAY_PERF_OUTPUT,1936,-29,546386
SWAY_PERF_OUTPUT,1937,12,546387
SWAY_PERF_FRAME,33,546331,546387
SWAY_PROFILE,head_in,34,4,547229
SWAY_PROFILE,block0_in,34,12,547314
SWAY_PROFILE,block1_in,34,7,547314
SWAY_PROFILE,embedding_in,34,14,547316
SWAY_PROFILE,patch_ready,34,15,547317
SWAY_PERF_INPUT_FRAME,36,531816,547607
SWAY_PROFILE,head_in,34,5,548216
SWAY_PROFILE,block0_in,34,13,548301
SWAY_PROFILE,block1_in,34,8,548301
SWAY_PROFILE,embedding_in,34,15,548303
SWAY_PROFILE,patch_ready,35,0,548304
SWAY_PROFILE,head_in,34,6,549203
SWAY_PROFILE,block0_in,34,14,549288
SWAY_PROFILE,block1_in,34,9,549288
SWAY_PROFILE,embedding_in,35,0,549290
SWAY_PROFILE,patch_ready,35,1,549291
SWAY_PROFILE,head_in,34,7,550190
SWAY_PROFILE,block0_in,34,15,550275
SWAY_PROFILE,block1_in,34,10,550275
SWAY_PROFILE,embedding_in,35,1,550277
SWAY_PROFILE,patch_ready,35,2,550278
SWAY_PROFILE,head_in,34,8,551177
SWAY_PROFILE,block0_in,35,0,551262
SWAY_PROFILE,block1_in,34,11,551262
SWAY_PROFILE,embedding_in,35,2,551264
SWAY_PROFILE,patch_ready,35,3,551265
SWAY_PROFILE,head_in,34,9,552164
SWAY_PROFILE,block0_in,35,1,552249
SWAY_PROFILE,block1_in,34,12,552249
SWAY_PROFILE,embedding_in,35,3,552251
SWAY_PROFILE,patch_ready,35,4,552252
SWAY_PROFILE,head_in,34,10,553151
SWAY_PROFILE,block0_in,35,2,553236
SWAY_PROFILE,block1_in,34,13,553236
SWAY_PROFILE,embedding_in,35,4,553238
SWAY_PROFILE,patch_ready,35,5,553239
SWAY_PROFILE,head_in,34,11,554138
SWAY_PROFILE,block0_in,35,3,554223
SWAY_PROFILE,block1_in,34,14,554223
SWAY_PROFILE,embedding_in,35,5,554225
SWAY_PROFILE,patch_ready,35,6,554226
SWAY_PROFILE,head_in,34,12,555125
SWAY_PROFILE,block0_in,35,4,555210
SWAY_PROFILE,block1_in,34,15,555210
SWAY_PROFILE,embedding_in,35,6,555212
SWAY_PROFILE,patch_ready,35,7,555213
SWAY_PROFILE,head_in,34,13,556112
SWAY_PROFILE,block0_in,35,5,556197
SWAY_PROFILE,block1_in,35,0,556197
SWAY_PROFILE,embedding_in,35,7,556199
SWAY_PROFILE,patch_ready,35,8,556200
SWAY_PROFILE,head_in,34,14,557099
SWAY_PROFILE,block0_in,35,6,557184
SWAY_PROFILE,block1_in,35,1,557184
SWAY_PROFILE,embedding_in,35,8,557186
SWAY_PROFILE,patch_ready,35,9,557187
SWAY_PROFILE,head_in,34,15,558086
SWAY_PROFILE,block0_in,35,7,558171
SWAY_PROFILE,block1_in,35,2,558171
SWAY_PROFILE,embedding_in,35,9,558173
SWAY_PROFILE,patch_ready,35,10,558174
SWAY_PROFILE,head_in,35,0,559073
SWAY_PROFILE,block0_in,35,8,559158
SWAY_PROFILE,block1_in,35,3,559158
SWAY_PROFILE,embedding_in,35,10,559160
SWAY_PROFILE,patch_ready,35,11,559161
SWAY_PROFILE,head_in,35,1,560060
SWAY_PROFILE,block0_in,35,9,560145
SWAY_PROFILE,block1_in,35,4,560145
SWAY_PROFILE,embedding_in,35,11,560147
SWAY_PROFILE,patch_ready,35,12,560148
SWAY_PROFILE,head_in,35,2,561047
SWAY_PROFILE,block0_in,35,10,561132
SWAY_PROFILE,block1_in,35,5,561132
SWAY_PROFILE,embedding_in,35,12,561134
SWAY_PROFILE,patch_ready,35,13,561135
SWAY_PROFILE,head_output_in,34,0,561379
SWAY_PROFILE,head_in,35,3,562034
SWAY_PROFILE,block0_in,35,11,562119
SWAY_PROFILE,block1_in,35,6,562119
SWAY_PROFILE,embedding_in,35,13,562121
SWAY_PROFILE,serialize_in,34,0,562121
SWAY_PROFILE,patch_ready,35,14,562122
SWAY_PERF_OUTPUT,1938,4,562123
SWAY_PERF_OUTPUT,1939,4,562124
SWAY_PERF_OUTPUT,1940,3,562125
SWAY_PERF_OUTPUT,1941,3,562126
SWAY_PERF_OUTPUT,1942,10,562127
SWAY_PERF_OUTPUT,1943,16,562128
SWAY_PERF_OUTPUT,1944,21,562129
SWAY_PERF_OUTPUT,1945,-3,562130
SWAY_PERF_OUTPUT,1946,-10,562131
SWAY_PERF_OUTPUT,1947,-15,562132
SWAY_PERF_OUTPUT,1948,7,562133
SWAY_PERF_OUTPUT,1949,11,562134
SWAY_PERF_OUTPUT,1950,15,562135
SWAY_PERF_OUTPUT,1951,15,562136
SWAY_PERF_OUTPUT,1952,2,562137
SWAY_PERF_OUTPUT,1953,-2,562138
SWAY_PERF_OUTPUT,1954,-5,562139
SWAY_PERF_OUTPUT,1955,-5,562140
SWAY_PERF_OUTPUT,1956,3,562141
SWAY_PERF_OUTPUT,1957,63,562142
SWAY_PERF_OUTPUT,1958,62,562143
SWAY_PERF_OUTPUT,1959,61,562144
SWAY_PERF_OUTPUT,1960,61,562145
SWAY_PERF_OUTPUT,1961,62,562146
SWAY_PERF_OUTPUT,1962,62,562147
SWAY_PERF_OUTPUT,1963,60,562148
SWAY_PERF_OUTPUT,1964,61,562149
SWAY_PERF_OUTPUT,1965,61,562150
SWAY_PERF_OUTPUT,1966,60,562151
SWAY_PERF_OUTPUT,1967,61,562152
SWAY_PERF_OUTPUT,1968,60,562153
SWAY_PERF_OUTPUT,1969,61,562154
SWAY_PERF_OUTPUT,1970,59,562155
SWAY_PERF_OUTPUT,1971,61,562156
SWAY_PERF_OUTPUT,1972,61,562157
SWAY_PERF_OUTPUT,1973,63,562158
SWAY_PERF_OUTPUT,1974,60,562159
SWAY_PERF_OUTPUT,1975,61,562160
SWAY_PERF_OUTPUT,1976,-4,562161
SWAY_PERF_OUTPUT,1977,6,562162
SWAY_PERF_OUTPUT,1978,17,562163
SWAY_PERF_OUTPUT,1979,21,562164
SWAY_PERF_OUTPUT,1980,13,562165
SWAY_PERF_OUTPUT,1981,13,562166
SWAY_PERF_OUTPUT,1982,14,562167
SWAY_PERF_OUTPUT,1983,13,562168
SWAY_PERF_OUTPUT,1984,12,562169
SWAY_PERF_OUTPUT,1985,15,562170
SWAY_PERF_OUTPUT,1986,-3,562171
SWAY_PERF_OUTPUT,1987,-14,562172
SWAY_PERF_OUTPUT,1988,-26,562173
SWAY_PERF_OUTPUT,1989,-28,562174
SWAY_PERF_OUTPUT,1990,-3,562175
SWAY_PERF_OUTPUT,1991,-14,562176
SWAY_PERF_OUTPUT,1992,-26,562177
SWAY_PERF_OUTPUT,1993,-28,562178
SWAY_PERF_OUTPUT,1994,14,562179
SWAY_PERF_FRAME,34,562123,562179
SWAY_PROFILE,head_in,35,4,563021
SWAY_PROFILE,block0_in,35,12,563106
SWAY_PROFILE,block1_in,35,7,563106
SWAY_PROFILE,embedding_in,35,14,563108
SWAY_PROFILE,patch_ready,35,15,563109
SWAY_PERF_INPUT_FRAME,37,547608,563399
SWAY_PROFILE,head_in,35,5,564008
SWAY_PROFILE,block0_in,35,13,564093
SWAY_PROFILE,block1_in,35,8,564093
SWAY_PROFILE,embedding_in,35,15,564095
SWAY_PROFILE,patch_ready,36,0,564096
SWAY_PROFILE,head_in,35,6,564995
SWAY_PROFILE,block0_in,35,14,565080
SWAY_PROFILE,block1_in,35,9,565080
SWAY_PROFILE,embedding_in,36,0,565082
SWAY_PROFILE,patch_ready,36,1,565083
SWAY_PROFILE,head_in,35,7,565982
SWAY_PROFILE,block0_in,35,15,566067
SWAY_PROFILE,block1_in,35,10,566067
SWAY_PROFILE,embedding_in,36,1,566069
SWAY_PROFILE,patch_ready,36,2,566070
SWAY_PROFILE,head_in,35,8,566969
SWAY_PROFILE,block0_in,36,0,567054
SWAY_PROFILE,block1_in,35,11,567054
SWAY_PROFILE,embedding_in,36,2,567056
SWAY_PROFILE,patch_ready,36,3,567057
SWAY_PROFILE,head_in,35,9,567956
SWAY_PROFILE,block0_in,36,1,568041
SWAY_PROFILE,block1_in,35,12,568041
SWAY_PROFILE,embedding_in,36,3,568043
SWAY_PROFILE,patch_ready,36,4,568044
SWAY_PROFILE,head_in,35,10,568943
SWAY_PROFILE,block0_in,36,2,569028
SWAY_PROFILE,block1_in,35,13,569028
SWAY_PROFILE,embedding_in,36,4,569030
SWAY_PROFILE,patch_ready,36,5,569031
SWAY_PROFILE,head_in,35,11,569930
SWAY_PROFILE,block0_in,36,3,570015
SWAY_PROFILE,block1_in,35,14,570015
SWAY_PROFILE,embedding_in,36,5,570017
SWAY_PROFILE,patch_ready,36,6,570018
SWAY_PROFILE,head_in,35,12,570917
SWAY_PROFILE,block0_in,36,4,571002
SWAY_PROFILE,block1_in,35,15,571002
SWAY_PROFILE,embedding_in,36,6,571004
SWAY_PROFILE,patch_ready,36,7,571005
SWAY_PROFILE,head_in,35,13,571904
SWAY_PROFILE,block0_in,36,5,571989
SWAY_PROFILE,block1_in,36,0,571989
SWAY_PROFILE,embedding_in,36,7,571991
SWAY_PROFILE,patch_ready,36,8,571992
SWAY_PROFILE,head_in,35,14,572891
SWAY_PROFILE,block0_in,36,6,572976
SWAY_PROFILE,block1_in,36,1,572976
SWAY_PROFILE,embedding_in,36,8,572978
SWAY_PROFILE,patch_ready,36,9,572979
SWAY_PROFILE,head_in,35,15,573878
SWAY_PROFILE,block0_in,36,7,573963
SWAY_PROFILE,block1_in,36,2,573963
SWAY_PROFILE,embedding_in,36,9,573965
SWAY_PROFILE,patch_ready,36,10,573966
SWAY_PROFILE,head_in,36,0,574865
SWAY_PROFILE,block0_in,36,8,574950
SWAY_PROFILE,block1_in,36,3,574950
SWAY_PROFILE,embedding_in,36,10,574952
SWAY_PROFILE,patch_ready,36,11,574953
SWAY_PROFILE,head_in,36,1,575852
SWAY_PROFILE,block0_in,36,9,575937
SWAY_PROFILE,block1_in,36,4,575937
SWAY_PROFILE,embedding_in,36,11,575939
SWAY_PROFILE,patch_ready,36,12,575940
SWAY_PROFILE,head_in,36,2,576839
SWAY_PROFILE,block0_in,36,10,576924
SWAY_PROFILE,block1_in,36,5,576924
SWAY_PROFILE,embedding_in,36,12,576926
SWAY_PROFILE,patch_ready,36,13,576927
SWAY_PROFILE,head_output_in,35,0,577171
SWAY_PROFILE,head_in,36,3,577826
SWAY_PROFILE,block0_in,36,11,577911
SWAY_PROFILE,block1_in,36,6,577911
SWAY_PROFILE,embedding_in,36,13,577913
SWAY_PROFILE,serialize_in,35,0,577913
SWAY_PROFILE,patch_ready,36,14,577914
SWAY_PERF_OUTPUT,1995,8,577915
SWAY_PERF_OUTPUT,1996,9,577916
SWAY_PERF_OUTPUT,1997,8,577917
SWAY_PERF_OUTPUT,1998,8,577918
SWAY_PERF_OUTPUT,1999,14,577919
SWAY_PERF_OUTPUT,2000,19,577920
SWAY_PERF_OUTPUT,2001,21,577921
SWAY_PERF_OUTPUT,2002,3,577922
SWAY_PERF_OUTPUT,2003,0,577923
SWAY_PERF_OUTPUT,2004,-3,577924
SWAY_PERF_OUTPUT,2005,10,577925
SWAY_PERF_OUTPUT,2006,12,577926
SWAY_PERF_OUTPUT,2007,12,577927
SWAY_PERF_OUTPUT,2008,12,577928
SWAY_PERF_OUTPUT,2009,6,577929
SWAY_PERF_OUTPUT,2010,3,577930
SWAY_PERF_OUTPUT,2011,0,577931
SWAY_PERF_OUTPUT,2012,-1,577932
SWAY_PERF_OUTPUT,2013,9,577933
SWAY_PERF_OUTPUT,2014,61,577934
SWAY_PERF_OUTPUT,2015,62,577935
SWAY_PERF_OUTPUT,2016,61,577936
SWAY_PERF_OUTPUT,2017,61,577937
SWAY_PERF_OUTPUT,2018,61,577938
SWAY_PERF_OUTPUT,2019,61,577939
SWAY_PERF_OUTPUT,2020,59,577940
SWAY_PERF_OUTPUT,2021,60,577941
SWAY_PERF_OUTPUT,2022,61,577942
SWAY_PERF_OUTPUT,2023,60,577943
SWAY_PERF_OUTPUT,2024,60,577944
SWAY_PERF_OUTPUT,2025,60,577945
SWAY_PERF_OUTPUT,2026,62,577946
SWAY_PERF_OUTPUT,2027,60,577947
SWAY_PERF_OUTPUT,2028,61,577948
SWAY_PERF_OUTPUT,2029,61,577949
SWAY_PERF_OUTPUT,2030,62,577950
SWAY_PERF_OUTPUT,2031,58,577951
SWAY_PERF_OUTPUT,2032,61,577952
SWAY_PERF_OUTPUT,2033,-6,577953
SWAY_PERF_OUTPUT,2034,3,577954
SWAY_PERF_OUTPUT,2035,14,577955
SWAY_PERF_OUTPUT,2036,17,577956
SWAY_PERF_OUTPUT,2037,10,577957
SWAY_PERF_OUTPUT,2038,7,577958
SWAY_PERF_OUTPUT,2039,6,577959
SWAY_PERF_OUTPUT,2040,9,577960
SWAY_PERF_OUTPUT,2041,4,577961
SWAY_PERF_OUTPUT,2042,1,577962
SWAY_PERF_OUTPUT,2043,-6,577963
SWAY_PERF_OUTPUT,2044,-16,577964
SWAY_PERF_OUTPUT,2045,-27,577965
SWAY_PERF_OUTPUT,2046,-29,577966
SWAY_PERF_OUTPUT,2047,-6,577967
SWAY_PERF_OUTPUT,2048,-15,577968
SWAY_PERF_OUTPUT,2049,-26,577969
SWAY_PERF_OUTPUT,2050,-28,577970
SWAY_PERF_OUTPUT,2051,11,577971
SWAY_PERF_FRAME,35,577915,577971
SWAY_PROFILE,head_in,36,4,578813
SWAY_PROFILE,block0_in,36,12,578898
SWAY_PROFILE,block1_in,36,7,578898
SWAY_PROFILE,embedding_in,36,14,578900
SWAY_PROFILE,patch_ready,36,15,578901
SWAY_PERF_INPUT_FRAME,38,563400,579191
SWAY_PROFILE,head_in,36,5,579800
SWAY_PROFILE,block0_in,36,13,579885
SWAY_PROFILE,block1_in,36,8,579885
SWAY_PROFILE,embedding_in,36,15,579887
SWAY_PROFILE,patch_ready,37,0,579888
SWAY_PROFILE,head_in,36,6,580787
SWAY_PROFILE,block0_in,36,14,580872
SWAY_PROFILE,block1_in,36,9,580872
SWAY_PROFILE,embedding_in,37,0,580874
SWAY_PROFILE,patch_ready,37,1,580875
SWAY_PROFILE,head_in,36,7,581774
SWAY_PROFILE,block0_in,36,15,581859
SWAY_PROFILE,block1_in,36,10,581859
SWAY_PROFILE,embedding_in,37,1,581861
SWAY_PROFILE,patch_ready,37,2,581862
SWAY_PROFILE,head_in,36,8,582761
SWAY_PROFILE,block0_in,37,0,582846
SWAY_PROFILE,block1_in,36,11,582846
SWAY_PROFILE,embedding_in,37,2,582848
SWAY_PROFILE,patch_ready,37,3,582849
SWAY_PROFILE,head_in,36,9,583748
SWAY_PROFILE,block0_in,37,1,583833
SWAY_PROFILE,block1_in,36,12,583833
SWAY_PROFILE,embedding_in,37,3,583835
SWAY_PROFILE,patch_ready,37,4,583836
SWAY_PROFILE,head_in,36,10,584735
SWAY_PROFILE,block0_in,37,2,584820
SWAY_PROFILE,block1_in,36,13,584820
SWAY_PROFILE,embedding_in,37,4,584822
SWAY_PROFILE,patch_ready,37,5,584823
SWAY_PROFILE,head_in,36,11,585722
SWAY_PROFILE,block0_in,37,3,585807
SWAY_PROFILE,block1_in,36,14,585807
SWAY_PROFILE,embedding_in,37,5,585809
SWAY_PROFILE,patch_ready,37,6,585810
SWAY_PROFILE,head_in,36,12,586709
SWAY_PROFILE,block0_in,37,4,586794
SWAY_PROFILE,block1_in,36,15,586794
SWAY_PROFILE,embedding_in,37,6,586796
SWAY_PROFILE,patch_ready,37,7,586797
SWAY_PROFILE,head_in,36,13,587696
SWAY_PROFILE,block0_in,37,5,587781
SWAY_PROFILE,block1_in,37,0,587781
SWAY_PROFILE,embedding_in,37,7,587783
SWAY_PROFILE,patch_ready,37,8,587784
SWAY_PROFILE,head_in,36,14,588683
SWAY_PROFILE,block0_in,37,6,588768
SWAY_PROFILE,block1_in,37,1,588768
SWAY_PROFILE,embedding_in,37,8,588770
SWAY_PROFILE,patch_ready,37,9,588771
SWAY_PROFILE,head_in,36,15,589670
SWAY_PROFILE,block0_in,37,7,589755
SWAY_PROFILE,block1_in,37,2,589755
SWAY_PROFILE,embedding_in,37,9,589757
SWAY_PROFILE,patch_ready,37,10,589758
SWAY_PROFILE,head_in,37,0,590657
SWAY_PROFILE,block0_in,37,8,590742
SWAY_PROFILE,block1_in,37,3,590742
SWAY_PROFILE,embedding_in,37,10,590744
SWAY_PROFILE,patch_ready,37,11,590745
SWAY_PROFILE,head_in,37,1,591644
SWAY_PROFILE,block0_in,37,9,591729
SWAY_PROFILE,block1_in,37,4,591729
SWAY_PROFILE,embedding_in,37,11,591731
SWAY_PROFILE,patch_ready,37,12,591732
SWAY_PROFILE,head_in,37,2,592631
SWAY_PROFILE,block0_in,37,10,592716
SWAY_PROFILE,block1_in,37,5,592716
SWAY_PROFILE,embedding_in,37,12,592718
SWAY_PROFILE,patch_ready,37,13,592719
SWAY_PROFILE,head_output_in,36,0,592963
SWAY_PROFILE,head_in,37,3,593618
SWAY_PROFILE,block0_in,37,11,593703
SWAY_PROFILE,block1_in,37,6,593703
SWAY_PROFILE,embedding_in,37,13,593705
SWAY_PROFILE,serialize_in,36,0,593705
SWAY_PROFILE,patch_ready,37,14,593706
SWAY_PERF_OUTPUT,2052,9,593707
SWAY_PERF_OUTPUT,2053,9,593708
SWAY_PERF_OUTPUT,2054,8,593709
SWAY_PERF_OUTPUT,2055,9,593710
SWAY_PERF_OUTPUT,2056,15,593711
SWAY_PERF_OUTPUT,2057,18,593712
SWAY_PERF_OUTPUT,2058,19,593713
SWAY_PERF_OUTPUT,2059,4,593714
SWAY_PERF_OUTPUT,2060,-2,593715
SWAY_PERF_OUTPUT,2061,-5,593716
SWAY_PERF_OUTPUT,2062,10,593717
SWAY_PERF_OUTPUT,2063,11,593718
SWAY_PERF_OUTPUT,2064,11,593719
SWAY_PERF_OUTPUT,2065,11,593720
SWAY_PERF_OUTPUT,2066,6,593721
SWAY_PERF_OUTPUT,2067,4,593722
SWAY_PERF_OUTPUT,2068,2,593723
SWAY_PERF_OUTPUT,2069,2,593724
SWAY_PERF_OUTPUT,2070,9,593725
SWAY_PERF_OUTPUT,2071,64,593726
SWAY_PERF_OUTPUT,2072,65,593727
SWAY_PERF_OUTPUT,2073,65,593728
SWAY_PERF_OUTPUT,2074,65,593729
SWAY_PERF_OUTPUT,2075,65,593730
SWAY_PERF_OUTPUT,2076,66,593731
SWAY_PERF_OUTPUT,2077,64,593732
SWAY_PERF_OUTPUT,2078,64,593733
SWAY_PERF_OUTPUT,2079,65,593734
SWAY_PERF_OUTPUT,2080,63,593735
SWAY_PERF_OUTPUT,2081,63,593736
SWAY_PERF_OUTPUT,2082,65,593737
SWAY_PERF_OUTPUT,2083,63,593738
SWAY_PERF_OUTPUT,2084,61,593739
SWAY_PERF_OUTPUT,2085,63,593740
SWAY_PERF_OUTPUT,2086,67,593741
SWAY_PERF_OUTPUT,2087,66,593742
SWAY_PERF_OUTPUT,2088,63,593743
SWAY_PERF_OUTPUT,2089,65,593744
SWAY_PERF_OUTPUT,2090,-2,593745
SWAY_PERF_OUTPUT,2091,9,593746
SWAY_PERF_OUTPUT,2092,20,593747
SWAY_PERF_OUTPUT,2093,25,593748
SWAY_PERF_OUTPUT,2094,16,593749
SWAY_PERF_OUTPUT,2095,9,593750
SWAY_PERF_OUTPUT,2096,5,593751
SWAY_PERF_OUTPUT,2097,15,593752
SWAY_PERF_OUTPUT,2098,12,593753
SWAY_PERF_OUTPUT,2099,8,593754
SWAY_PERF_OUTPUT,2100,-1,593755
SWAY_PERF_OUTPUT,2101,-15,593756
SWAY_PERF_OUTPUT,2102,-28,593757
SWAY_PERF_OUTPUT,2103,-30,593758
SWAY_PERF_OUTPUT,2104,-1,593759
SWAY_PERF_OUTPUT,2105,-15,593760
SWAY_PERF_OUTPUT,2106,-25,593761
SWAY_PERF_OUTPUT,2107,-29,593762
SWAY_PERF_OUTPUT,2108,17,593763
SWAY_PERF_FRAME,36,593707,593763
SWAY_PROFILE,head_in,37,4,594605
SWAY_PROFILE,block0_in,37,12,594690
SWAY_PROFILE,block1_in,37,7,594690
SWAY_PROFILE,embedding_in,37,14,594692
SWAY_PROFILE,patch_ready,37,15,594693
SWAY_PERF_INPUT_FRAME,39,579192,594983
SWAY_PROFILE,head_in,37,5,595592
SWAY_PROFILE,block0_in,37,13,595677
SWAY_PROFILE,block1_in,37,8,595677
SWAY_PROFILE,embedding_in,37,15,595679
SWAY_PROFILE,patch_ready,38,0,595680
SWAY_PROFILE,head_in,37,6,596579
SWAY_PROFILE,block0_in,37,14,596664
SWAY_PROFILE,block1_in,37,9,596664
SWAY_PROFILE,embedding_in,38,0,596666
SWAY_PROFILE,patch_ready,38,1,596667
SWAY_PROFILE,head_in,37,7,597566
SWAY_PROFILE,block0_in,37,15,597651
SWAY_PROFILE,block1_in,37,10,597651
SWAY_PROFILE,embedding_in,38,1,597653
SWAY_PROFILE,patch_ready,38,2,597654
SWAY_PROFILE,head_in,37,8,598553
SWAY_PROFILE,block0_in,38,0,598638
SWAY_PROFILE,block1_in,37,11,598638
SWAY_PROFILE,embedding_in,38,2,598640
SWAY_PROFILE,patch_ready,38,3,598641
SWAY_PROFILE,head_in,37,9,599540
SWAY_PROFILE,block0_in,38,1,599625
SWAY_PROFILE,block1_in,37,12,599625
SWAY_PROFILE,embedding_in,38,3,599627
SWAY_PROFILE,patch_ready,38,4,599628
SWAY_PROFILE,head_in,37,10,600527
SWAY_PROFILE,block0_in,38,2,600612
SWAY_PROFILE,block1_in,37,13,600612
SWAY_PROFILE,embedding_in,38,4,600614
SWAY_PROFILE,patch_ready,38,5,600615
SWAY_PROFILE,head_in,37,11,601514
SWAY_PROFILE,block0_in,38,3,601599
SWAY_PROFILE,block1_in,37,14,601599
SWAY_PROFILE,embedding_in,38,5,601601
SWAY_PROFILE,patch_ready,38,6,601602
SWAY_PROFILE,head_in,37,12,602501
SWAY_PROFILE,block0_in,38,4,602586
SWAY_PROFILE,block1_in,37,15,602586
SWAY_PROFILE,embedding_in,38,6,602588
SWAY_PROFILE,patch_ready,38,7,602589
SWAY_PROFILE,head_in,37,13,603488
SWAY_PROFILE,block0_in,38,5,603573
SWAY_PROFILE,block1_in,38,0,603573
SWAY_PROFILE,embedding_in,38,7,603575
SWAY_PROFILE,patch_ready,38,8,603576
SWAY_PROFILE,head_in,37,14,604475
SWAY_PROFILE,block0_in,38,6,604560
SWAY_PROFILE,block1_in,38,1,604560
SWAY_PROFILE,embedding_in,38,8,604562
SWAY_PROFILE,patch_ready,38,9,604563
SWAY_PROFILE,head_in,37,15,605462
SWAY_PROFILE,block0_in,38,7,605547
SWAY_PROFILE,block1_in,38,2,605547
SWAY_PROFILE,embedding_in,38,9,605549
SWAY_PROFILE,patch_ready,38,10,605550
SWAY_PROFILE,head_in,38,0,606449
SWAY_PROFILE,block0_in,38,8,606534
SWAY_PROFILE,block1_in,38,3,606534
SWAY_PROFILE,embedding_in,38,10,606536
SWAY_PROFILE,patch_ready,38,11,606537
SWAY_PROFILE,head_in,38,1,607436
SWAY_PROFILE,block0_in,38,9,607521
SWAY_PROFILE,block1_in,38,4,607521
SWAY_PROFILE,embedding_in,38,11,607523
SWAY_PROFILE,patch_ready,38,12,607524
SWAY_PROFILE,head_in,38,2,608423
SWAY_PROFILE,block0_in,38,10,608508
SWAY_PROFILE,block1_in,38,5,608508
SWAY_PROFILE,embedding_in,38,12,608510
SWAY_PROFILE,patch_ready,38,13,608511
SWAY_PROFILE,head_output_in,37,0,608755
SWAY_PROFILE,head_in,38,3,609410
SWAY_PROFILE,block0_in,38,11,609495
SWAY_PROFILE,block1_in,38,6,609495
SWAY_PROFILE,embedding_in,38,13,609497
SWAY_PROFILE,serialize_in,37,0,609497
SWAY_PROFILE,patch_ready,38,14,609498
SWAY_PERF_OUTPUT,2109,45,609499
SWAY_PERF_OUTPUT,2110,127,609500
SWAY_PERF_OUTPUT,2111,-30,609501
SWAY_PERF_OUTPUT,2112,40,609502
SWAY_PERF_OUTPUT,2113,34,609503
SWAY_PERF_OUTPUT,2114,87,609504
SWAY_PERF_OUTPUT,2115,0,609505
SWAY_PERF_OUTPUT,2116,38,609506
SWAY_PERF_OUTPUT,2117,77,609507
SWAY_PERF_OUTPUT,2118,-2,609508
SWAY_PERF_OUTPUT,2119,28,609509
SWAY_PERF_OUTPUT,2120,70,609510
SWAY_PERF_OUTPUT,2121,-24,609511
SWAY_PERF_OUTPUT,2122,31,609512
SWAY_PERF_OUTPUT,2123,50,609513
SWAY_PERF_OUTPUT,2124,123,609514
SWAY_PERF_OUTPUT,2125,38,609515
SWAY_PERF_OUTPUT,2126,95,609516
SWAY_PERF_OUTPUT,2127,56,609517
SWAY_PERF_OUTPUT,2128,-18,609518
SWAY_PERF_OUTPUT,2129,-5,609519
SWAY_PERF_OUTPUT,2130,-13,609520
SWAY_PERF_OUTPUT,2131,72,609521
SWAY_PERF_OUTPUT,2132,46,609522
SWAY_PERF_OUTPUT,2133,35,609523
SWAY_PERF_OUTPUT,2134,17,609524
SWAY_PERF_OUTPUT,2135,-75,609525
SWAY_PERF_OUTPUT,2136,-6,609526
SWAY_PERF_OUTPUT,2137,-39,609527
SWAY_PERF_OUTPUT,2138,-28,609528
SWAY_PERF_OUTPUT,2139,-27,609529
SWAY_PERF_OUTPUT,2140,-60,609530
SWAY_PERF_OUTPUT,2141,-2,609531
SWAY_PERF_OUTPUT,2142,27,609532
SWAY_PERF_OUTPUT,2143,71,609533
SWAY_PERF_OUTPUT,2144,117,609534
SWAY_PERF_OUTPUT,2145,-2,609535
SWAY_PERF_OUTPUT,2146,-19,609536
SWAY_PERF_OUTPUT,2147,25,609537
SWAY_PERF_OUTPUT,2148,34,609538
SWAY_PERF_OUTPUT,2149,-36,609539
SWAY_PERF_OUTPUT,2150,21,609540
SWAY_PERF_OUTPUT,2151,-36,609541
SWAY_PERF_OUTPUT,2152,96,609542
SWAY_PERF_OUTPUT,2153,-49,609543
SWAY_PERF_OUTPUT,2154,50,609544
SWAY_PERF_OUTPUT,2155,-42,609545
SWAY_PERF_OUTPUT,2156,-96,609546
SWAY_PERF_OUTPUT,2157,0,609547
SWAY_PERF_OUTPUT,2158,27,609548
SWAY_PERF_OUTPUT,2159,-37,609549
SWAY_PERF_OUTPUT,2160,77,609550
SWAY_PERF_OUTPUT,2161,44,609551
SWAY_PERF_OUTPUT,2162,0,609552
SWAY_PERF_OUTPUT,2163,-56,609553
SWAY_PERF_OUTPUT,2164,-77,609554
SWAY_PERF_OUTPUT,2165,42,609555
SWAY_PERF_FRAME,37,609499,609555
SWAY_PROFILE,head_in,38,4,610397
SWAY_PROFILE,block0_in,38,12,610482
SWAY_PROFILE,block1_in,38,7,610482
SWAY_PROFILE,embedding_in,38,14,610484
SWAY_PROFILE,patch_ready,38,15,610485
SWAY_PERF_INPUT_FRAME,40,594984,610775
SWAY_PROFILE,head_in,38,5,611384
SWAY_PROFILE,block0_in,38,13,611469
SWAY_PROFILE,block1_in,38,8,611469
SWAY_PROFILE,embedding_in,38,15,611471
SWAY_PROFILE,patch_ready,39,0,611472
SWAY_PROFILE,head_in,38,6,612371
SWAY_PROFILE,block0_in,38,14,612456
SWAY_PROFILE,block1_in,38,9,612456
SWAY_PROFILE,embedding_in,39,0,612458
SWAY_PROFILE,patch_ready,39,1,612459
SWAY_PROFILE,head_in,38,7,613358
SWAY_PROFILE,block0_in,38,15,613443
SWAY_PROFILE,block1_in,38,10,613443
SWAY_PROFILE,embedding_in,39,1,613445
SWAY_PROFILE,patch_ready,39,2,613446
SWAY_PROFILE,head_in,38,8,614345
SWAY_PROFILE,block0_in,39,0,614430
SWAY_PROFILE,block1_in,38,11,614430
SWAY_PROFILE,embedding_in,39,2,614432
SWAY_PROFILE,patch_ready,39,3,614433
SWAY_PROFILE,head_in,38,9,615332
SWAY_PROFILE,block0_in,39,1,615417
SWAY_PROFILE,block1_in,38,12,615417
SWAY_PROFILE,embedding_in,39,3,615419
SWAY_PROFILE,patch_ready,39,4,615420
SWAY_PROFILE,head_in,38,10,616319
SWAY_PROFILE,block0_in,39,2,616404
SWAY_PROFILE,block1_in,38,13,616404
SWAY_PROFILE,embedding_in,39,4,616406
SWAY_PROFILE,patch_ready,39,5,616407
SWAY_PROFILE,head_in,38,11,617306
SWAY_PROFILE,block0_in,39,3,617391
SWAY_PROFILE,block1_in,38,14,617391
SWAY_PROFILE,embedding_in,39,5,617393
SWAY_PROFILE,patch_ready,39,6,617394
SWAY_PROFILE,head_in,38,12,618293
SWAY_PROFILE,block0_in,39,4,618378
SWAY_PROFILE,block1_in,38,15,618378
SWAY_PROFILE,embedding_in,39,6,618380
SWAY_PROFILE,patch_ready,39,7,618381
SWAY_PROFILE,head_in,38,13,619280
SWAY_PROFILE,block0_in,39,5,619365
SWAY_PROFILE,block1_in,39,0,619365
SWAY_PROFILE,embedding_in,39,7,619367
SWAY_PROFILE,patch_ready,39,8,619368
SWAY_PROFILE,head_in,38,14,620267
SWAY_PROFILE,block0_in,39,6,620352
SWAY_PROFILE,block1_in,39,1,620352
SWAY_PROFILE,embedding_in,39,8,620354
SWAY_PROFILE,patch_ready,39,9,620355
SWAY_PROFILE,head_in,38,15,621254
SWAY_PROFILE,block0_in,39,7,621339
SWAY_PROFILE,block1_in,39,2,621339
SWAY_PROFILE,embedding_in,39,9,621341
SWAY_PROFILE,patch_ready,39,10,621342
SWAY_PROFILE,head_in,39,0,622241
SWAY_PROFILE,block0_in,39,8,622326
SWAY_PROFILE,block1_in,39,3,622326
SWAY_PROFILE,embedding_in,39,10,622328
SWAY_PROFILE,patch_ready,39,11,622329
SWAY_PROFILE,head_in,39,1,623228
SWAY_PROFILE,block0_in,39,9,623313
SWAY_PROFILE,block1_in,39,4,623313
SWAY_PROFILE,embedding_in,39,11,623315
SWAY_PROFILE,patch_ready,39,12,623316
SWAY_PROFILE,head_in,39,2,624215
SWAY_PROFILE,block0_in,39,10,624300
SWAY_PROFILE,block1_in,39,5,624300
SWAY_PROFILE,embedding_in,39,12,624302
SWAY_PROFILE,patch_ready,39,13,624303
SWAY_PROFILE,head_output_in,38,0,624547
SWAY_PROFILE,head_in,39,3,625202
SWAY_PROFILE,block0_in,39,11,625287
SWAY_PROFILE,block1_in,39,6,625287
SWAY_PROFILE,embedding_in,39,13,625289
SWAY_PROFILE,serialize_in,38,0,625289
SWAY_PROFILE,patch_ready,39,14,625290
SWAY_PERF_OUTPUT,2166,21,625291
SWAY_PERF_OUTPUT,2167,1,625292
SWAY_PERF_OUTPUT,2168,5,625293
SWAY_PERF_OUTPUT,2169,-3,625294
SWAY_PERF_OUTPUT,2170,23,625295
SWAY_PERF_OUTPUT,2171,34,625296
SWAY_PERF_OUTPUT,2172,42,625297
SWAY_PERF_OUTPUT,2173,-2,625298
SWAY_PERF_OUTPUT,2174,-9,625299
SWAY_PERF_OUTPUT,2175,0,625300
SWAY_PERF_OUTPUT,2176,8,625301
SWAY_PERF_OUTPUT,2177,16,625302
SWAY_PERF_OUTPUT,2178,59,625303
SWAY_PERF_OUTPUT,2179,41,625304
SWAY_PERF_OUTPUT,2180,9,625305
SWAY_PERF_OUTPUT,2181,9,625306
SWAY_PERF_OUTPUT,2182,12,625307
SWAY_PERF_OUTPUT,2183,20,625308
SWAY_PERF_OUTPUT,2184,14,625309
SWAY_PERF_OUTPUT,2185,101,625310
SWAY_PERF_OUTPUT,2186,109,625311
SWAY_PERF_OUTPUT,2187,111,625312
SWAY_PERF_OUTPUT,2188,108,625313
SWAY_PERF_OUTPUT,2189,118,625314
SWAY_PERF_OUTPUT,2190,113,625315
SWAY_PERF_OUTPUT,2191,96,625316
SWAY_PERF_OUTPUT,2192,121,625317
SWAY_PERF_OUTPUT,2193,111,625318
SWAY_PERF_OUTPUT,2194,120,625319
SWAY_PERF_OUTPUT,2195,99,625320
SWAY_PERF_OUTPUT,2196,127,625321
SWAY_PERF_OUTPUT,2197,126,625322
SWAY_PERF_OUTPUT,2198,112,625323
SWAY_PERF_OUTPUT,2199,115,625324
SWAY_PERF_OUTPUT,2200,127,625325
SWAY_PERF_OUTPUT,2201,98,625326
SWAY_PERF_OUTPUT,2202,103,625327
SWAY_PERF_OUTPUT,2203,127,625328
SWAY_PERF_OUTPUT,2204,35,625329
SWAY_PERF_OUTPUT,2205,57,625330
SWAY_PERF_OUTPUT,2206,75,625331
SWAY_PERF_OUTPUT,2207,88,625332
SWAY_PERF_OUTPUT,2208,62,625333
SWAY_PERF_OUTPUT,2209,70,625334
SWAY_PERF_OUTPUT,2210,104,625335
SWAY_PERF_OUTPUT,2211,60,625336
SWAY_PERF_OUTPUT,2212,31,625337
SWAY_PERF_OUTPUT,2213,8,625338
SWAY_PERF_OUTPUT,2214,19,625339
SWAY_PERF_OUTPUT,2215,-29,625340
SWAY_PERF_OUTPUT,2216,-52,625341
SWAY_PERF_OUTPUT,2217,-46,625342
SWAY_PERF_OUTPUT,2218,31,625343
SWAY_PERF_OUTPUT,2219,-32,625344
SWAY_PERF_OUTPUT,2220,-54,625345
SWAY_PERF_OUTPUT,2221,-38,625346
SWAY_PERF_OUTPUT,2222,68,625347
SWAY_PERF_FRAME,38,625291,625347
SWAY_PROFILE,head_in,39,4,626189
SWAY_PROFILE,block0_in,39,12,626274
SWAY_PROFILE,block1_in,39,7,626274
SWAY_PROFILE,embedding_in,39,14,626276
SWAY_PROFILE,patch_ready,39,15,626277
SWAY_PERF_INPUT_FRAME,41,610776,626567
SWAY_PROFILE,head_in,39,5,627176
SWAY_PROFILE,block0_in,39,13,627261
SWAY_PROFILE,block1_in,39,8,627261
SWAY_PROFILE,embedding_in,39,15,627263
SWAY_PROFILE,patch_ready,40,0,627264
SWAY_PROFILE,head_in,39,6,628163
SWAY_PROFILE,block0_in,39,14,628248
SWAY_PROFILE,block1_in,39,9,628248
SWAY_PROFILE,embedding_in,40,0,628250
SWAY_PROFILE,patch_ready,40,1,628251
SWAY_PROFILE,head_in,39,7,629150
SWAY_PROFILE,block0_in,39,15,629235
SWAY_PROFILE,block1_in,39,10,629235
SWAY_PROFILE,embedding_in,40,1,629237
SWAY_PROFILE,patch_ready,40,2,629238
SWAY_PROFILE,head_in,39,8,630137
SWAY_PROFILE,block0_in,40,0,630222
SWAY_PROFILE,block1_in,39,11,630222
SWAY_PROFILE,embedding_in,40,2,630224
SWAY_PROFILE,patch_ready,40,3,630225
SWAY_PROFILE,head_in,39,9,631124
SWAY_PROFILE,block0_in,40,1,631209
SWAY_PROFILE,block1_in,39,12,631209
SWAY_PROFILE,embedding_in,40,3,631211
SWAY_PROFILE,patch_ready,40,4,631212
SWAY_PROFILE,head_in,39,10,632111
SWAY_PROFILE,block0_in,40,2,632196
SWAY_PROFILE,block1_in,39,13,632196
SWAY_PROFILE,embedding_in,40,4,632198
SWAY_PROFILE,patch_ready,40,5,632199
SWAY_PROFILE,head_in,39,11,633098
SWAY_PROFILE,block0_in,40,3,633183
SWAY_PROFILE,block1_in,39,14,633183
SWAY_PROFILE,embedding_in,40,5,633185
SWAY_PROFILE,patch_ready,40,6,633186
SWAY_PROFILE,head_in,39,12,634085
SWAY_PROFILE,block0_in,40,4,634170
SWAY_PROFILE,block1_in,39,15,634170
SWAY_PROFILE,embedding_in,40,6,634172
SWAY_PROFILE,patch_ready,40,7,634173
SWAY_PROFILE,head_in,39,13,635072
SWAY_PROFILE,block0_in,40,5,635157
SWAY_PROFILE,block1_in,40,0,635157
SWAY_PROFILE,embedding_in,40,7,635159
SWAY_PROFILE,patch_ready,40,8,635160
SWAY_PROFILE,head_in,39,14,636059
SWAY_PROFILE,block0_in,40,6,636144
SWAY_PROFILE,block1_in,40,1,636144
SWAY_PROFILE,embedding_in,40,8,636146
SWAY_PROFILE,patch_ready,40,9,636147
SWAY_PROFILE,head_in,39,15,637046
SWAY_PROFILE,block0_in,40,7,637131
SWAY_PROFILE,block1_in,40,2,637131
SWAY_PROFILE,embedding_in,40,9,637133
SWAY_PROFILE,patch_ready,40,10,637134
SWAY_PROFILE,head_in,40,0,638033
SWAY_PROFILE,block0_in,40,8,638118
SWAY_PROFILE,block1_in,40,3,638118
SWAY_PROFILE,embedding_in,40,10,638120
SWAY_PROFILE,patch_ready,40,11,638121
SWAY_PROFILE,head_in,40,1,639020
SWAY_PROFILE,block0_in,40,9,639105
SWAY_PROFILE,block1_in,40,4,639105
SWAY_PROFILE,embedding_in,40,11,639107
SWAY_PROFILE,patch_ready,40,12,639108
SWAY_PROFILE,head_in,40,2,640007
SWAY_PROFILE,block0_in,40,10,640092
SWAY_PROFILE,block1_in,40,5,640092
SWAY_PROFILE,embedding_in,40,12,640094
SWAY_PROFILE,patch_ready,40,13,640095
SWAY_PROFILE,head_output_in,39,0,640339
SWAY_PROFILE,head_in,40,3,640994
SWAY_PROFILE,block0_in,40,11,641079
SWAY_PROFILE,block1_in,40,6,641079
SWAY_PROFILE,embedding_in,40,13,641081
SWAY_PROFILE,serialize_in,39,0,641081
SWAY_PROFILE,patch_ready,40,14,641082
SWAY_PERF_OUTPUT,2223,61,641083
SWAY_PERF_OUTPUT,2224,72,641084
SWAY_PERF_OUTPUT,2225,58,641085
SWAY_PERF_OUTPUT,2226,63,641086
SWAY_PERF_OUTPUT,2227,71,641087
SWAY_PERF_OUTPUT,2228,59,641088
SWAY_PERF_OUTPUT,2229,17,641089
SWAY_PERF_OUTPUT,2230,69,641090
SWAY_PERF_OUTPUT,2231,80,641091
SWAY_PERF_OUTPUT,2232,102,641092
SWAY_PERF_OUTPUT,2233,53,641093
SWAY_PERF_OUTPUT,2234,68,641094
SWAY_PERF_OUTPUT,2235,58,641095
SWAY_PERF_OUTPUT,2236,56,641096
SWAY_PERF_OUTPUT,2237,48,641097
SWAY_PERF_OUTPUT,2238,37,641098
SWAY_PERF_OUTPUT,2239,13,641099
SWAY_PERF_OUTPUT,2240,20,641100
SWAY_PERF_OUTPUT,2241,73,641101
SWAY_PERF_OUTPUT,2242,118,641102
SWAY_PERF_OUTPUT,2243,127,641103
SWAY_PERF_OUTPUT,2244,127,641104
SWAY_PERF_OUTPUT,2245,127,641105
SWAY_PERF_OUTPUT,2246,127,641106
SWAY_PERF_OUTPUT,2247,116,641107
SWAY_PERF_OUTPUT,2248,88,641108
SWAY_PERF_OUTPUT,2249,127,641109
SWAY_PERF_OUTPUT,2250,120,641110
SWAY_PERF_OUTPUT,2251,119,641111
SWAY_PERF_OUTPUT,2252,127,641112
SWAY_PERF_OUTPUT,2253,110,641113
SWAY_PERF_OUTPUT,2254,121,641114
SWAY_PERF_OUTPUT,2255,118,641115
SWAY_PERF_OUTPUT,2256,127,641116
SWAY_PERF_OUTPUT,2257,127,641117
SWAY_PERF_OUTPUT,2258,127,641118
SWAY_PERF_OUTPUT,2259,127,641119
SWAY_PERF_OUTPUT,2260,127,641120
SWAY_PERF_OUTPUT,2261,-21,641121
SWAY_PERF_OUTPUT,2262,-2,641122
SWAY_PERF_OUTPUT,2263,32,641123
SWAY_PERF_OUTPUT,2264,32,641124
SWAY_PERF_OUTPUT,2265,17,641125
SWAY_PERF_OUTPUT,2266,-14,641126
SWAY_PERF_OUTPUT,2267,-22,641127
SWAY_PERF_OUTPUT,2268,-12,641128
SWAY_PERF_OUTPUT,2269,-47,641129
SWAY_PERF_OUTPUT,2270,-38,641130
SWAY_PERF_OUTPUT,2271,-36,641131
SWAY_PERF_OUTPUT,2272,-46,641132
SWAY_PERF_OUTPUT,2273,-81,641133
SWAY_PERF_OUTPUT,2274,-67,641134
SWAY_PERF_OUTPUT,2275,-17,641135
SWAY_PERF_OUTPUT,2276,-41,641136
SWAY_PERF_OUTPUT,2277,-65,641137
SWAY_PERF_OUTPUT,2278,-78,641138
SWAY_PERF_OUTPUT,2279,21,641139
SWAY_PERF_FRAME,39,641083,641139
SWAY_PROFILE,head_in,40,4,641981
SWAY_PROFILE,block0_in,40,12,642066
SWAY_PROFILE,block1_in,40,7,642066
SWAY_PROFILE,embedding_in,40,14,642068
SWAY_PROFILE,patch_ready,40,15,642069
SWAY_PERF_INPUT_FRAME,42,626568,642359
SWAY_PROFILE,head_in,40,5,642968
SWAY_PROFILE,block0_in,40,13,643053
SWAY_PROFILE,block1_in,40,8,643053
SWAY_PROFILE,embedding_in,40,15,643055
SWAY_PROFILE,patch_ready,41,0,643056
SWAY_PROFILE,head_in,40,6,643955
SWAY_PROFILE,block0_in,40,14,644040
SWAY_PROFILE,block1_in,40,9,644040
SWAY_PROFILE,embedding_in,41,0,644042
SWAY_PROFILE,patch_ready,41,1,644043
SWAY_PROFILE,head_in,40,7,644942
SWAY_PROFILE,block0_in,40,15,645027
SWAY_PROFILE,block1_in,40,10,645027
SWAY_PROFILE,embedding_in,41,1,645029
SWAY_PROFILE,patch_ready,41,2,645030
SWAY_PROFILE,head_in,40,8,645929
SWAY_PROFILE,block0_in,41,0,646014
SWAY_PROFILE,block1_in,40,11,646014
SWAY_PROFILE,embedding_in,41,2,646016
SWAY_PROFILE,patch_ready,41,3,646017
SWAY_PROFILE,head_in,40,9,646916
SWAY_PROFILE,block0_in,41,1,647001
SWAY_PROFILE,block1_in,40,12,647001
SWAY_PROFILE,embedding_in,41,3,647003
SWAY_PROFILE,patch_ready,41,4,647004
SWAY_PROFILE,head_in,40,10,647903
SWAY_PROFILE,block0_in,41,2,647988
SWAY_PROFILE,block1_in,40,13,647988
SWAY_PROFILE,embedding_in,41,4,647990
SWAY_PROFILE,patch_ready,41,5,647991
SWAY_PROFILE,head_in,40,11,648890
SWAY_PROFILE,block0_in,41,3,648975
SWAY_PROFILE,block1_in,40,14,648975
SWAY_PROFILE,embedding_in,41,5,648977
SWAY_PROFILE,patch_ready,41,6,648978
SWAY_PROFILE,head_in,40,12,649877
SWAY_PROFILE,block0_in,41,4,649962
SWAY_PROFILE,block1_in,40,15,649962
SWAY_PROFILE,embedding_in,41,6,649964
SWAY_PROFILE,patch_ready,41,7,649965
SWAY_PROFILE,head_in,40,13,650864
SWAY_PROFILE,block0_in,41,5,650949
SWAY_PROFILE,block1_in,41,0,650949
SWAY_PROFILE,embedding_in,41,7,650951
SWAY_PROFILE,patch_ready,41,8,650952
SWAY_PROFILE,head_in,40,14,651851
SWAY_PROFILE,block0_in,41,6,651936
SWAY_PROFILE,block1_in,41,1,651936
SWAY_PROFILE,embedding_in,41,8,651938
SWAY_PROFILE,patch_ready,41,9,651939
SWAY_PROFILE,head_in,40,15,652838
SWAY_PROFILE,block0_in,41,7,652923
SWAY_PROFILE,block1_in,41,2,652923
SWAY_PROFILE,embedding_in,41,9,652925
SWAY_PROFILE,patch_ready,41,10,652926
SWAY_PROFILE,head_in,41,0,653825
SWAY_PROFILE,block0_in,41,8,653910
SWAY_PROFILE,block1_in,41,3,653910
SWAY_PROFILE,embedding_in,41,10,653912
SWAY_PROFILE,patch_ready,41,11,653913
SWAY_PROFILE,head_in,41,1,654812
SWAY_PROFILE,block0_in,41,9,654897
SWAY_PROFILE,block1_in,41,4,654897
SWAY_PROFILE,embedding_in,41,11,654899
SWAY_PROFILE,patch_ready,41,12,654900
SWAY_PROFILE,head_in,41,2,655799
SWAY_PROFILE,block0_in,41,10,655884
SWAY_PROFILE,block1_in,41,5,655884
SWAY_PROFILE,embedding_in,41,12,655886
SWAY_PROFILE,patch_ready,41,13,655887
SWAY_PROFILE,head_output_in,40,0,656131
SWAY_PROFILE,head_in,41,3,656786
SWAY_PROFILE,block0_in,41,11,656871
SWAY_PROFILE,block1_in,41,6,656871
SWAY_PROFILE,embedding_in,41,13,656873
SWAY_PROFILE,serialize_in,40,0,656873
SWAY_PROFILE,patch_ready,41,14,656874
SWAY_PERF_OUTPUT,2280,7,656875
SWAY_PERF_OUTPUT,2281,7,656876
SWAY_PERF_OUTPUT,2282,6,656877
SWAY_PERF_OUTPUT,2283,6,656878
SWAY_PERF_OUTPUT,2284,12,656879
SWAY_PERF_OUTPUT,2285,16,656880
SWAY_PERF_OUTPUT,2286,19,656881
SWAY_PERF_OUTPUT,2287,1,656882
SWAY_PERF_OUTPUT,2288,-2,656883
SWAY_PERF_OUTPUT,2289,-3,656884
SWAY_PERF_OUTPUT,2290,9,656885
SWAY_PERF_OUTPUT,2291,10,656886
SWAY_PERF_OUTPUT,2292,11,656887
SWAY_PERF_OUTPUT,2293,11,656888
SWAY_PERF_OUTPUT,2294,4,656889
SWAY_PERF_OUTPUT,2295,2,656890
SWAY_PERF_OUTPUT,2296,0,656891
SWAY_PERF_OUTPUT,2297,0,656892
SWAY_PERF_OUTPUT,2298,7,656893
SWAY_PERF_OUTPUT,2299,63,656894
SWAY_PERF_OUTPUT,2300,63,656895
SWAY_PERF_OUTPUT,2301,63,656896
SWAY_PERF_OUTPUT,2302,62,656897
SWAY_PERF_OUTPUT,2303,62,656898
SWAY_PERF_OUTPUT,2304,63,656899
SWAY_PERF_OUTPUT,2305,61,656900
SWAY_PERF_OUTPUT,2306,62,656901
SWAY_PERF_OUTPUT,2307,63,656902
SWAY_PERF_OUTPUT,2308,61,656903
SWAY_PERF_OUTPUT,2309,62,656904
SWAY_PERF_OUTPUT,2310,62,656905
SWAY_PERF_OUTPUT,2311,63,656906
SWAY_PERF_OUTPUT,2312,61,656907
SWAY_PERF_OUTPUT,2313,62,656908
SWAY_PERF_OUTPUT,2314,62,656909
SWAY_PERF_OUTPUT,2315,63,656910
SWAY_PERF_OUTPUT,2316,60,656911
SWAY_PERF_OUTPUT,2317,63,656912
SWAY_PERF_OUTPUT,2318,-7,656913
SWAY_PERF_OUTPUT,2319,2,656914
SWAY_PERF_OUTPUT,2320,13,656915
SWAY_PERF_OUTPUT,2321,17,656916
SWAY_PERF_OUTPUT,2322,9,656917
SWAY_PERF_OUTPUT,2323,5,656918
SWAY_PERF_OUTPUT,2324,2,656919
SWAY_PERF_OUTPUT,2325,9,656920
SWAY_PERF_OUTPUT,2326,2,656921
SWAY_PERF_OUTPUT,2327,-4,656922
SWAY_PERF_OUTPUT,2328,-7,656923
SWAY_PERF_OUTPUT,2329,-17,656924
SWAY_PERF_OUTPUT,2330,-28,656925
SWAY_PERF_OUTPUT,2331,-29,656926
SWAY_PERF_OUTPUT,2332,-7,656927
SWAY_PERF_OUTPUT,2333,-16,656928
SWAY_PERF_OUTPUT,2334,-27,656929
SWAY_PERF_OUTPUT,2335,-29,656930
SWAY_PERF_OUTPUT,2336,10,656931
SWAY_PERF_FRAME,40,656875,656931
SWAY_PROFILE,head_in,41,4,657773
SWAY_PROFILE,block0_in,41,12,657858
SWAY_PROFILE,block1_in,41,7,657858
SWAY_PROFILE,embedding_in,41,14,657860
SWAY_PROFILE,patch_ready,41,15,657861
SWAY_PERF_INPUT_FRAME,43,642360,658151
SWAY_PROFILE,head_in,41,5,658760
SWAY_PROFILE,block0_in,41,13,658845
SWAY_PROFILE,block1_in,41,8,658845
SWAY_PROFILE,embedding_in,41,15,658847
SWAY_PROFILE,patch_ready,42,0,658848
SWAY_PROFILE,head_in,41,6,659747
SWAY_PROFILE,block0_in,41,14,659832
SWAY_PROFILE,block1_in,41,9,659832
SWAY_PROFILE,embedding_in,42,0,659834
SWAY_PROFILE,patch_ready,42,1,659835
SWAY_PROFILE,head_in,41,7,660734
SWAY_PROFILE,block0_in,41,15,660819
SWAY_PROFILE,block1_in,41,10,660819
SWAY_PROFILE,embedding_in,42,1,660821
SWAY_PROFILE,patch_ready,42,2,660822
SWAY_PROFILE,head_in,41,8,661721
SWAY_PROFILE,block0_in,42,0,661806
SWAY_PROFILE,block1_in,41,11,661806
SWAY_PROFILE,embedding_in,42,2,661808
SWAY_PROFILE,patch_ready,42,3,661809
SWAY_PROFILE,head_in,41,9,662708
SWAY_PROFILE,block0_in,42,1,662793
SWAY_PROFILE,block1_in,41,12,662793
SWAY_PROFILE,embedding_in,42,3,662795
SWAY_PROFILE,patch_ready,42,4,662796
SWAY_PROFILE,head_in,41,10,663695
SWAY_PROFILE,block0_in,42,2,663780
SWAY_PROFILE,block1_in,41,13,663780
SWAY_PROFILE,embedding_in,42,4,663782
SWAY_PROFILE,patch_ready,42,5,663783
SWAY_PROFILE,head_in,41,11,664682
SWAY_PROFILE,block0_in,42,3,664767
SWAY_PROFILE,block1_in,41,14,664767
SWAY_PROFILE,embedding_in,42,5,664769
SWAY_PROFILE,patch_ready,42,6,664770
SWAY_PROFILE,head_in,41,12,665669
SWAY_PROFILE,block0_in,42,4,665754
SWAY_PROFILE,block1_in,41,15,665754
SWAY_PROFILE,embedding_in,42,6,665756
SWAY_PROFILE,patch_ready,42,7,665757
SWAY_PROFILE,head_in,41,13,666656
SWAY_PROFILE,block0_in,42,5,666741
SWAY_PROFILE,block1_in,42,0,666741
SWAY_PROFILE,embedding_in,42,7,666743
SWAY_PROFILE,patch_ready,42,8,666744
SWAY_PROFILE,head_in,41,14,667643
SWAY_PROFILE,block0_in,42,6,667728
SWAY_PROFILE,block1_in,42,1,667728
SWAY_PROFILE,embedding_in,42,8,667730
SWAY_PROFILE,patch_ready,42,9,667731
SWAY_PROFILE,head_in,41,15,668630
SWAY_PROFILE,block0_in,42,7,668715
SWAY_PROFILE,block1_in,42,2,668715
SWAY_PROFILE,embedding_in,42,9,668717
SWAY_PROFILE,patch_ready,42,10,668718
SWAY_PROFILE,head_in,42,0,669617
SWAY_PROFILE,block0_in,42,8,669702
SWAY_PROFILE,block1_in,42,3,669702
SWAY_PROFILE,embedding_in,42,10,669704
SWAY_PROFILE,patch_ready,42,11,669705
SWAY_PROFILE,head_in,42,1,670604
SWAY_PROFILE,block0_in,42,9,670689
SWAY_PROFILE,block1_in,42,4,670689
SWAY_PROFILE,embedding_in,42,11,670691
SWAY_PROFILE,patch_ready,42,12,670692
SWAY_PROFILE,head_in,42,2,671591
SWAY_PROFILE,block0_in,42,10,671676
SWAY_PROFILE,block1_in,42,5,671676
SWAY_PROFILE,embedding_in,42,12,671678
SWAY_PROFILE,patch_ready,42,13,671679
SWAY_PROFILE,head_output_in,41,0,671923
SWAY_PROFILE,head_in,42,3,672578
SWAY_PROFILE,block0_in,42,11,672663
SWAY_PROFILE,block1_in,42,6,672663
SWAY_PROFILE,embedding_in,42,13,672665
SWAY_PROFILE,serialize_in,41,0,672665
SWAY_PROFILE,patch_ready,42,14,672666
SWAY_PERF_OUTPUT,2337,7,672667
SWAY_PERF_OUTPUT,2338,7,672668
SWAY_PERF_OUTPUT,2339,6,672669
SWAY_PERF_OUTPUT,2340,6,672670
SWAY_PERF_OUTPUT,2341,12,672671
SWAY_PERF_OUTPUT,2342,16,672672
SWAY_PERF_OUTPUT,2343,19,672673
SWAY_PERF_OUTPUT,2344,1,672674
SWAY_PERF_OUTPUT,2345,-2,672675
SWAY_PERF_OUTPUT,2346,-3,672676
SWAY_PERF_OUTPUT,2347,9,672677
SWAY_PERF_OUTPUT,2348,10,672678
SWAY_PERF_OUTPUT,2349,11,672679
SWAY_PERF_OUTPUT,2350,11,672680
SWAY_PERF_OUTPUT,2351,4,672681
SWAY_PERF_OUTPUT,2352,2,672682
SWAY_PERF_OUTPUT,2353,0,672683
SWAY_PERF_OUTPUT,2354,0,672684
SWAY_PERF_OUTPUT,2355,7,672685
SWAY_PERF_OUTPUT,2356,63,672686
SWAY_PERF_OUTPUT,2357,63,672687
SWAY_PERF_OUTPUT,2358,63,672688
SWAY_PERF_OUTPUT,2359,62,672689
SWAY_PERF_OUTPUT,2360,62,672690
SWAY_PERF_OUTPUT,2361,63,672691
SWAY_PERF_OUTPUT,2362,61,672692
SWAY_PERF_OUTPUT,2363,62,672693
SWAY_PERF_OUTPUT,2364,63,672694
SWAY_PERF_OUTPUT,2365,61,672695
SWAY_PERF_OUTPUT,2366,62,672696
SWAY_PERF_OUTPUT,2367,62,672697
SWAY_PERF_OUTPUT,2368,63,672698
SWAY_PERF_OUTPUT,2369,61,672699
SWAY_PERF_OUTPUT,2370,62,672700
SWAY_PERF_OUTPUT,2371,62,672701
SWAY_PERF_OUTPUT,2372,63,672702
SWAY_PERF_OUTPUT,2373,60,672703
SWAY_PERF_OUTPUT,2374,63,672704
SWAY_PERF_OUTPUT,2375,-7,672705
SWAY_PERF_OUTPUT,2376,2,672706
SWAY_PERF_OUTPUT,2377,13,672707
SWAY_PERF_OUTPUT,2378,17,672708
SWAY_PERF_OUTPUT,2379,9,672709
SWAY_PERF_OUTPUT,2380,5,672710
SWAY_PERF_OUTPUT,2381,2,672711
SWAY_PERF_OUTPUT,2382,9,672712
SWAY_PERF_OUTPUT,2383,2,672713
SWAY_PERF_OUTPUT,2384,-4,672714
SWAY_PERF_OUTPUT,2385,-7,672715
SWAY_PERF_OUTPUT,2386,-17,672716
SWAY_PERF_OUTPUT,2387,-28,672717
SWAY_PERF_OUTPUT,2388,-29,672718
SWAY_PERF_OUTPUT,2389,-7,672719
SWAY_PERF_OUTPUT,2390,-16,672720
SWAY_PERF_OUTPUT,2391,-27,672721
SWAY_PERF_OUTPUT,2392,-29,672722
SWAY_PERF_OUTPUT,2393,10,672723
SWAY_PERF_FRAME,41,672667,672723
SWAY_PROFILE,head_in,42,4,673565
SWAY_PROFILE,block0_in,42,12,673650
SWAY_PROFILE,block1_in,42,7,673650
SWAY_PROFILE,embedding_in,42,14,673652
SWAY_PROFILE,patch_ready,42,15,673653
SWAY_PERF_INPUT_FRAME,44,658152,673943
SWAY_PROFILE,head_in,42,5,674552
SWAY_PROFILE,block0_in,42,13,674637
SWAY_PROFILE,block1_in,42,8,674637
SWAY_PROFILE,embedding_in,42,15,674639
SWAY_PROFILE,patch_ready,43,0,674640
SWAY_PROFILE,head_in,42,6,675539
SWAY_PROFILE,block0_in,42,14,675624
SWAY_PROFILE,block1_in,42,9,675624
SWAY_PROFILE,embedding_in,43,0,675626
SWAY_PROFILE,patch_ready,43,1,675627
SWAY_PROFILE,head_in,42,7,676526
SWAY_PROFILE,block0_in,42,15,676611
SWAY_PROFILE,block1_in,42,10,676611
SWAY_PROFILE,embedding_in,43,1,676613
SWAY_PROFILE,patch_ready,43,2,676614
SWAY_PROFILE,head_in,42,8,677513
SWAY_PROFILE,block0_in,43,0,677598
SWAY_PROFILE,block1_in,42,11,677598
SWAY_PROFILE,embedding_in,43,2,677600
SWAY_PROFILE,patch_ready,43,3,677601
SWAY_PROFILE,head_in,42,9,678500
SWAY_PROFILE,block0_in,43,1,678585
SWAY_PROFILE,block1_in,42,12,678585
SWAY_PROFILE,embedding_in,43,3,678587
SWAY_PROFILE,patch_ready,43,4,678588
SWAY_PROFILE,head_in,42,10,679487
SWAY_PROFILE,block0_in,43,2,679572
SWAY_PROFILE,block1_in,42,13,679572
SWAY_PROFILE,embedding_in,43,4,679574
SWAY_PROFILE,patch_ready,43,5,679575
SWAY_PROFILE,head_in,42,11,680474
SWAY_PROFILE,block0_in,43,3,680559
SWAY_PROFILE,block1_in,42,14,680559
SWAY_PROFILE,embedding_in,43,5,680561
SWAY_PROFILE,patch_ready,43,6,680562
SWAY_PROFILE,head_in,42,12,681461
SWAY_PROFILE,block0_in,43,4,681546
SWAY_PROFILE,block1_in,42,15,681546
SWAY_PROFILE,embedding_in,43,6,681548
SWAY_PROFILE,patch_ready,43,7,681549
SWAY_PROFILE,head_in,42,13,682448
SWAY_PROFILE,block0_in,43,5,682533
SWAY_PROFILE,block1_in,43,0,682533
SWAY_PROFILE,embedding_in,43,7,682535
SWAY_PROFILE,patch_ready,43,8,682536
SWAY_PROFILE,head_in,42,14,683435
SWAY_PROFILE,block0_in,43,6,683520
SWAY_PROFILE,block1_in,43,1,683520
SWAY_PROFILE,embedding_in,43,8,683522
SWAY_PROFILE,patch_ready,43,9,683523
SWAY_PROFILE,head_in,42,15,684422
SWAY_PROFILE,block0_in,43,7,684507
SWAY_PROFILE,block1_in,43,2,684507
SWAY_PROFILE,embedding_in,43,9,684509
SWAY_PROFILE,patch_ready,43,10,684510
SWAY_PROFILE,head_in,43,0,685409
SWAY_PROFILE,block0_in,43,8,685494
SWAY_PROFILE,block1_in,43,3,685494
SWAY_PROFILE,embedding_in,43,10,685496
SWAY_PROFILE,patch_ready,43,11,685497
SWAY_PROFILE,head_in,43,1,686396
SWAY_PROFILE,block0_in,43,9,686481
SWAY_PROFILE,block1_in,43,4,686481
SWAY_PROFILE,embedding_in,43,11,686483
SWAY_PROFILE,patch_ready,43,12,686484
SWAY_PROFILE,head_in,43,2,687383
SWAY_PROFILE,block0_in,43,10,687468
SWAY_PROFILE,block1_in,43,5,687468
SWAY_PROFILE,embedding_in,43,12,687470
SWAY_PROFILE,patch_ready,43,13,687471
SWAY_PROFILE,head_output_in,42,0,687715
SWAY_PROFILE,head_in,43,3,688370
SWAY_PROFILE,block0_in,43,11,688455
SWAY_PROFILE,block1_in,43,6,688455
SWAY_PROFILE,embedding_in,43,13,688457
SWAY_PROFILE,serialize_in,42,0,688457
SWAY_PROFILE,patch_ready,43,14,688458
SWAY_PERF_OUTPUT,2394,7,688459
SWAY_PERF_OUTPUT,2395,7,688460
SWAY_PERF_OUTPUT,2396,6,688461
SWAY_PERF_OUTPUT,2397,6,688462
SWAY_PERF_OUTPUT,2398,12,688463
SWAY_PERF_OUTPUT,2399,16,688464
SWAY_PERF_OUTPUT,2400,19,688465
SWAY_PERF_OUTPUT,2401,1,688466
SWAY_PERF_OUTPUT,2402,-2,688467
SWAY_PERF_OUTPUT,2403,-3,688468
SWAY_PERF_OUTPUT,2404,9,688469
SWAY_PERF_OUTPUT,2405,10,688470
SWAY_PERF_OUTPUT,2406,11,688471
SWAY_PERF_OUTPUT,2407,11,688472
SWAY_PERF_OUTPUT,2408,4,688473
SWAY_PERF_OUTPUT,2409,2,688474
SWAY_PERF_OUTPUT,2410,0,688475
SWAY_PERF_OUTPUT,2411,0,688476
SWAY_PERF_OUTPUT,2412,7,688477
SWAY_PERF_OUTPUT,2413,63,688478
SWAY_PERF_OUTPUT,2414,63,688479
SWAY_PERF_OUTPUT,2415,63,688480
SWAY_PERF_OUTPUT,2416,62,688481
SWAY_PERF_OUTPUT,2417,62,688482
SWAY_PERF_OUTPUT,2418,63,688483
SWAY_PERF_OUTPUT,2419,61,688484
SWAY_PERF_OUTPUT,2420,62,688485
SWAY_PERF_OUTPUT,2421,63,688486
SWAY_PERF_OUTPUT,2422,61,688487
SWAY_PERF_OUTPUT,2423,62,688488
SWAY_PERF_OUTPUT,2424,62,688489
SWAY_PERF_OUTPUT,2425,63,688490
SWAY_PERF_OUTPUT,2426,61,688491
SWAY_PERF_OUTPUT,2427,62,688492
SWAY_PERF_OUTPUT,2428,62,688493
SWAY_PERF_OUTPUT,2429,63,688494
SWAY_PERF_OUTPUT,2430,60,688495
SWAY_PERF_OUTPUT,2431,63,688496
SWAY_PERF_OUTPUT,2432,-7,688497
SWAY_PERF_OUTPUT,2433,2,688498
SWAY_PERF_OUTPUT,2434,13,688499
SWAY_PERF_OUTPUT,2435,17,688500
SWAY_PERF_OUTPUT,2436,9,688501
SWAY_PERF_OUTPUT,2437,5,688502
SWAY_PERF_OUTPUT,2438,2,688503
SWAY_PERF_OUTPUT,2439,9,688504
SWAY_PERF_OUTPUT,2440,2,688505
SWAY_PERF_OUTPUT,2441,-4,688506
SWAY_PERF_OUTPUT,2442,-7,688507
SWAY_PERF_OUTPUT,2443,-17,688508
SWAY_PERF_OUTPUT,2444,-28,688509
SWAY_PERF_OUTPUT,2445,-29,688510
SWAY_PERF_OUTPUT,2446,-7,688511
SWAY_PERF_OUTPUT,2447,-16,688512
SWAY_PERF_OUTPUT,2448,-27,688513
SWAY_PERF_OUTPUT,2449,-29,688514
SWAY_PERF_OUTPUT,2450,10,688515
SWAY_PERF_FRAME,42,688459,688515
SWAY_PROFILE,head_in,43,4,689357
SWAY_PROFILE,block0_in,43,12,689442
SWAY_PROFILE,block1_in,43,7,689442
SWAY_PROFILE,embedding_in,43,14,689444
SWAY_PROFILE,patch_ready,43,15,689445
SWAY_PERF_INPUT_FRAME,45,673944,689735
SWAY_PROFILE,head_in,43,5,690344
SWAY_PROFILE,block0_in,43,13,690429
SWAY_PROFILE,block1_in,43,8,690429
SWAY_PROFILE,embedding_in,43,15,690431
SWAY_PROFILE,patch_ready,44,0,690432
SWAY_PROFILE,head_in,43,6,691331
SWAY_PROFILE,block0_in,43,14,691416
SWAY_PROFILE,block1_in,43,9,691416
SWAY_PROFILE,embedding_in,44,0,691418
SWAY_PROFILE,patch_ready,44,1,691419
SWAY_PROFILE,head_in,43,7,692318
SWAY_PROFILE,block0_in,43,15,692403
SWAY_PROFILE,block1_in,43,10,692403
SWAY_PROFILE,embedding_in,44,1,692405
SWAY_PROFILE,patch_ready,44,2,692406
SWAY_PROFILE,head_in,43,8,693305
SWAY_PROFILE,block0_in,44,0,693390
SWAY_PROFILE,block1_in,43,11,693390
SWAY_PROFILE,embedding_in,44,2,693392
SWAY_PROFILE,patch_ready,44,3,693393
SWAY_PROFILE,head_in,43,9,694292
SWAY_PROFILE,block0_in,44,1,694377
SWAY_PROFILE,block1_in,43,12,694377
SWAY_PROFILE,embedding_in,44,3,694379
SWAY_PROFILE,patch_ready,44,4,694380
SWAY_PROFILE,head_in,43,10,695279
SWAY_PROFILE,block0_in,44,2,695364
SWAY_PROFILE,block1_in,43,13,695364
SWAY_PROFILE,embedding_in,44,4,695366
SWAY_PROFILE,patch_ready,44,5,695367
SWAY_PROFILE,head_in,43,11,696266
SWAY_PROFILE,block0_in,44,3,696351
SWAY_PROFILE,block1_in,43,14,696351
SWAY_PROFILE,embedding_in,44,5,696353
SWAY_PROFILE,patch_ready,44,6,696354
SWAY_PROFILE,head_in,43,12,697253
SWAY_PROFILE,block0_in,44,4,697338
SWAY_PROFILE,block1_in,43,15,697338
SWAY_PROFILE,embedding_in,44,6,697340
SWAY_PROFILE,patch_ready,44,7,697341
SWAY_PROFILE,head_in,43,13,698240
SWAY_PROFILE,block0_in,44,5,698325
SWAY_PROFILE,block1_in,44,0,698325
SWAY_PROFILE,embedding_in,44,7,698327
SWAY_PROFILE,patch_ready,44,8,698328
SWAY_PROFILE,head_in,43,14,699227
SWAY_PROFILE,block0_in,44,6,699312
SWAY_PROFILE,block1_in,44,1,699312
SWAY_PROFILE,embedding_in,44,8,699314
SWAY_PROFILE,patch_ready,44,9,699315
SWAY_PROFILE,head_in,43,15,700214
SWAY_PROFILE,block0_in,44,7,700299
SWAY_PROFILE,block1_in,44,2,700299
SWAY_PROFILE,embedding_in,44,9,700301
SWAY_PROFILE,patch_ready,44,10,700302
SWAY_PROFILE,head_in,44,0,701201
SWAY_PROFILE,block0_in,44,8,701286
SWAY_PROFILE,block1_in,44,3,701286
SWAY_PROFILE,embedding_in,44,10,701288
SWAY_PROFILE,patch_ready,44,11,701289
SWAY_PROFILE,head_in,44,1,702188
SWAY_PROFILE,block0_in,44,9,702273
SWAY_PROFILE,block1_in,44,4,702273
SWAY_PROFILE,embedding_in,44,11,702275
SWAY_PROFILE,patch_ready,44,12,702276
SWAY_PROFILE,head_in,44,2,703175
SWAY_PROFILE,block0_in,44,10,703260
SWAY_PROFILE,block1_in,44,5,703260
SWAY_PROFILE,embedding_in,44,12,703262
SWAY_PROFILE,patch_ready,44,13,703263
SWAY_PROFILE,head_output_in,43,0,703507
SWAY_PROFILE,head_in,44,3,704162
SWAY_PROFILE,block0_in,44,11,704247
SWAY_PROFILE,block1_in,44,6,704247
SWAY_PROFILE,embedding_in,44,13,704249
SWAY_PROFILE,serialize_in,43,0,704249
SWAY_PROFILE,patch_ready,44,14,704250
SWAY_PERF_OUTPUT,2451,7,704251
SWAY_PERF_OUTPUT,2452,8,704252
SWAY_PERF_OUTPUT,2453,8,704253
SWAY_PERF_OUTPUT,2454,8,704254
SWAY_PERF_OUTPUT,2455,13,704255
SWAY_PERF_OUTPUT,2456,17,704256
SWAY_PERF_OUTPUT,2457,20,704257
SWAY_PERF_OUTPUT,2458,2,704258
SWAY_PERF_OUTPUT,2459,-2,704259
SWAY_PERF_OUTPUT,2460,-5,704260
SWAY_PERF_OUTPUT,2461,10,704261
SWAY_PERF_OUTPUT,2462,11,704262
SWAY_PERF_OUTPUT,2463,10,704263
SWAY_PERF_OUTPUT,2464,11,704264
SWAY_PERF_OUTPUT,2465,5,704265
SWAY_PERF_OUTPUT,2466,3,704266
SWAY_PERF_OUTPUT,2467,0,704267
SWAY_PERF_OUTPUT,2468,0,704268
SWAY_PERF_OUTPUT,2469,8,704269
SWAY_PERF_OUTPUT,2470,62,704270
SWAY_PERF_OUTPUT,2471,62,704271
SWAY_PERF_OUTPUT,2472,62,704272
SWAY_PERF_OUTPUT,2473,62,704273
SWAY_PERF_OUTPUT,2474,62,704274
SWAY_PERF_OUTPUT,2475,62,704275
SWAY_PERF_OUTPUT,2476,60,704276
SWAY_PERF_OUTPUT,2477,61,704277
SWAY_PERF_OUTPUT,2478,61,704278
SWAY_PERF_OUTPUT,2479,60,704279
SWAY_PERF_OUTPUT,2480,61,704280
SWAY_PERF_OUTPUT,2481,60,704281
SWAY_PERF_OUTPUT,2482,62,704282
SWAY_PERF_OUTPUT,2483,59,704283
SWAY_PERF_OUTPUT,2484,61,704284
SWAY_PERF_OUTPUT,2485,61,704285
SWAY_PERF_OUTPUT,2486,64,704286
SWAY_PERF_OUTPUT,2487,60,704287
SWAY_PERF_OUTPUT,2488,62,704288
SWAY_PERF_OUTPUT,2489,-6,704289
SWAY_PERF_OUTPUT,2490,4,704290
SWAY_PERF_OUTPUT,2491,14,704291
SWAY_PERF_OUTPUT,2492,18,704292
SWAY_PERF_OUTPUT,2493,10,704293
SWAY_PERF_OUTPUT,2494,6,704294
SWAY_PERF_OUTPUT,2495,-1,704295
SWAY_PERF_OUTPUT,2496,10,704296
SWAY_PERF_OUTPUT,2497,4,704297
SWAY_PERF_OUTPUT,2498,-1,704298
SWAY_PERF_OUTPUT,2499,-5,704299
SWAY_PERF_OUTPUT,2500,-16,704300
SWAY_PERF_OUTPUT,2501,-26,704301
SWAY_PERF_OUTPUT,2502,-29,704302
SWAY_PERF_OUTPUT,2503,-6,704303
SWAY_PERF_OUTPUT,2504,-15,704304
SWAY_PERF_OUTPUT,2505,-26,704305
SWAY_PERF_OUTPUT,2506,-28,704306
SWAY_PERF_OUTPUT,2507,11,704307
SWAY_PERF_FRAME,43,704251,704307
SWAY_PROFILE,head_in,44,4,705149
SWAY_PROFILE,block0_in,44,12,705234
SWAY_PROFILE,block1_in,44,7,705234
SWAY_PROFILE,embedding_in,44,14,705236
SWAY_PROFILE,patch_ready,44,15,705237
SWAY_PERF_INPUT_FRAME,46,689736,705527
SWAY_PROFILE,head_in,44,5,706136
SWAY_PROFILE,block0_in,44,13,706221
SWAY_PROFILE,block1_in,44,8,706221
SWAY_PROFILE,embedding_in,44,15,706223
SWAY_PROFILE,patch_ready,45,0,706224
SWAY_PROFILE,head_in,44,6,707123
SWAY_PROFILE,block0_in,44,14,707208
SWAY_PROFILE,block1_in,44,9,707208
SWAY_PROFILE,embedding_in,45,0,707210
SWAY_PROFILE,patch_ready,45,1,707211
SWAY_PROFILE,head_in,44,7,708110
SWAY_PROFILE,block0_in,44,15,708195
SWAY_PROFILE,block1_in,44,10,708195
SWAY_PROFILE,embedding_in,45,1,708197
SWAY_PROFILE,patch_ready,45,2,708198
SWAY_PROFILE,head_in,44,8,709097
SWAY_PROFILE,block0_in,45,0,709182
SWAY_PROFILE,block1_in,44,11,709182
SWAY_PROFILE,embedding_in,45,2,709184
SWAY_PROFILE,patch_ready,45,3,709185
SWAY_PROFILE,head_in,44,9,710084
SWAY_PROFILE,block0_in,45,1,710169
SWAY_PROFILE,block1_in,44,12,710169
SWAY_PROFILE,embedding_in,45,3,710171
SWAY_PROFILE,patch_ready,45,4,710172
SWAY_PROFILE,head_in,44,10,711071
SWAY_PROFILE,block0_in,45,2,711156
SWAY_PROFILE,block1_in,44,13,711156
SWAY_PROFILE,embedding_in,45,4,711158
SWAY_PROFILE,patch_ready,45,5,711159
SWAY_PROFILE,head_in,44,11,712058
SWAY_PROFILE,block0_in,45,3,712143
SWAY_PROFILE,block1_in,44,14,712143
SWAY_PROFILE,embedding_in,45,5,712145
SWAY_PROFILE,patch_ready,45,6,712146
SWAY_PROFILE,head_in,44,12,713045
SWAY_PROFILE,block0_in,45,4,713130
SWAY_PROFILE,block1_in,44,15,713130
SWAY_PROFILE,embedding_in,45,6,713132
SWAY_PROFILE,patch_ready,45,7,713133
SWAY_PROFILE,head_in,44,13,714032
SWAY_PROFILE,block0_in,45,5,714117
SWAY_PROFILE,block1_in,45,0,714117
SWAY_PROFILE,embedding_in,45,7,714119
SWAY_PROFILE,patch_ready,45,8,714120
SWAY_PROFILE,head_in,44,14,715019
SWAY_PROFILE,block0_in,45,6,715104
SWAY_PROFILE,block1_in,45,1,715104
SWAY_PROFILE,embedding_in,45,8,715106
SWAY_PROFILE,patch_ready,45,9,715107
SWAY_PROFILE,head_in,44,15,716006
SWAY_PROFILE,block0_in,45,7,716091
SWAY_PROFILE,block1_in,45,2,716091
SWAY_PROFILE,embedding_in,45,9,716093
SWAY_PROFILE,patch_ready,45,10,716094
SWAY_PROFILE,head_in,45,0,716993
SWAY_PROFILE,block0_in,45,8,717078
SWAY_PROFILE,block1_in,45,3,717078
SWAY_PROFILE,embedding_in,45,10,717080
SWAY_PROFILE,patch_ready,45,11,717081
SWAY_PROFILE,head_in,45,1,717980
SWAY_PROFILE,block0_in,45,9,718065
SWAY_PROFILE,block1_in,45,4,718065
SWAY_PROFILE,embedding_in,45,11,718067
SWAY_PROFILE,patch_ready,45,12,718068
SWAY_PROFILE,head_in,45,2,718967
SWAY_PROFILE,block0_in,45,10,719052
SWAY_PROFILE,block1_in,45,5,719052
SWAY_PROFILE,embedding_in,45,12,719054
SWAY_PROFILE,patch_ready,45,13,719055
SWAY_PROFILE,head_output_in,44,0,719299
SWAY_PROFILE,head_in,45,3,719954
SWAY_PROFILE,block0_in,45,11,720039
SWAY_PROFILE,block1_in,45,6,720039
SWAY_PROFILE,embedding_in,45,13,720041
SWAY_PROFILE,serialize_in,44,0,720041
SWAY_PROFILE,patch_ready,45,14,720042
SWAY_PERF_OUTPUT,2508,8,720043
SWAY_PERF_OUTPUT,2509,9,720044
SWAY_PERF_OUTPUT,2510,8,720045
SWAY_PERF_OUTPUT,2511,9,720046
SWAY_PERF_OUTPUT,2512,13,720047
SWAY_PERF_OUTPUT,2513,16,720048
SWAY_PERF_OUTPUT,2514,15,720049
SWAY_PERF_OUTPUT,2515,4,720050
SWAY_PERF_OUTPUT,2516,1,720051
SWAY_PERF_OUTPUT,2517,0,720052
SWAY_PERF_OUTPUT,2518,10,720053
SWAY_PERF_OUTPUT,2519,10,720054
SWAY_PERF_OUTPUT,2520,8,720055
SWAY_PERF_OUTPUT,2521,8,720056
SWAY_PERF_OUTPUT,2522,6,720057
SWAY_PERF_OUTPUT,2523,4,720058
SWAY_PERF_OUTPUT,2524,2,720059
SWAY_PERF_OUTPUT,2525,1,720060
SWAY_PERF_OUTPUT,2526,9,720061
SWAY_PERF_OUTPUT,2527,63,720062
SWAY_PERF_OUTPUT,2528,63,720063
SWAY_PERF_OUTPUT,2529,63,720064
SWAY_PERF_OUTPUT,2530,63,720065
SWAY_PERF_OUTPUT,2531,62,720066
SWAY_PERF_OUTPUT,2532,62,720067
SWAY_PERF_OUTPUT,2533,60,720068
SWAY_PERF_OUTPUT,2534,62,720069
SWAY_PERF_OUTPUT,2535,64,720070
SWAY_PERF_OUTPUT,2536,62,720071
SWAY_PERF_OUTPUT,2537,62,720072
SWAY_PERF_OUTPUT,2538,62,720073
SWAY_PERF_OUTPUT,2539,63,720074
SWAY_PERF_OUTPUT,2540,62,720075
SWAY_PERF_OUTPUT,2541,62,720076
SWAY_PERF_OUTPUT,2542,62,720077
SWAY_PERF_OUTPUT,2543,63,720078
SWAY_PERF_OUTPUT,2544,59,720079
SWAY_PERF_OUTPUT,2545,63,720080
SWAY_PERF_OUTPUT,2546,-8,720081
SWAY_PERF_OUTPUT,2547,2,720082
SWAY_PERF_OUTPUT,2548,13,720083
SWAY_PERF_OUTPUT,2549,17,720084
SWAY_PERF_OUTPUT,2550,9,720085
SWAY_PERF_OUTPUT,2551,2,720086
SWAY_PERF_OUTPUT,2552,-4,720087
SWAY_PERF_OUTPUT,2553,8,720088
SWAY_PERF_OUTPUT,2554,2,720089
SWAY_PERF_OUTPUT,2555,-4,720090
SWAY_PERF_OUTPUT,2556,-7,720091
SWAY_PERF_OUTPUT,2557,-17,720092
SWAY_PERF_OUTPUT,2558,-28,720093
SWAY_PERF_OUTPUT,2559,-30,720094
SWAY_PERF_OUTPUT,2560,-7,720095
SWAY_PERF_OUTPUT,2561,-16,720096
SWAY_PERF_OUTPUT,2562,-26,720097
SWAY_PERF_OUTPUT,2563,-29,720098
SWAY_PERF_OUTPUT,2564,10,720099
SWAY_PERF_FRAME,44,720043,720099
SWAY_PROFILE,head_in,45,4,720941
SWAY_PROFILE,block0_in,45,12,721026
SWAY_PROFILE,block1_in,45,7,721026
SWAY_PROFILE,embedding_in,45,14,721028
SWAY_PROFILE,patch_ready,45,15,721029
SWAY_PERF_INPUT_FRAME,47,705528,721319
SWAY_PROFILE,head_in,45,5,721928
SWAY_PROFILE,block0_in,45,13,722013
SWAY_PROFILE,block1_in,45,8,722013
SWAY_PROFILE,embedding_in,45,15,722015
SWAY_PROFILE,patch_ready,46,0,722016
SWAY_PROFILE,head_in,45,6,722915
SWAY_PROFILE,block0_in,45,14,723000
SWAY_PROFILE,block1_in,45,9,723000
SWAY_PROFILE,embedding_in,46,0,723002
SWAY_PROFILE,patch_ready,46,1,723003
SWAY_PROFILE,head_in,45,7,723902
SWAY_PROFILE,block0_in,45,15,723987
SWAY_PROFILE,block1_in,45,10,723987
SWAY_PROFILE,embedding_in,46,1,723989
SWAY_PROFILE,patch_ready,46,2,723990
SWAY_PROFILE,head_in,45,8,724889
SWAY_PROFILE,block0_in,46,0,724974
SWAY_PROFILE,block1_in,45,11,724974
SWAY_PROFILE,embedding_in,46,2,724976
SWAY_PROFILE,patch_ready,46,3,724977
SWAY_PROFILE,head_in,45,9,725876
SWAY_PROFILE,block0_in,46,1,725961
SWAY_PROFILE,block1_in,45,12,725961
SWAY_PROFILE,embedding_in,46,3,725963
SWAY_PROFILE,patch_ready,46,4,725964
SWAY_PROFILE,head_in,45,10,726863
SWAY_PROFILE,block0_in,46,2,726948
SWAY_PROFILE,block1_in,45,13,726948
SWAY_PROFILE,embedding_in,46,4,726950
SWAY_PROFILE,patch_ready,46,5,726951
SWAY_PROFILE,head_in,45,11,727850
SWAY_PROFILE,block0_in,46,3,727935
SWAY_PROFILE,block1_in,45,14,727935
SWAY_PROFILE,embedding_in,46,5,727937
SWAY_PROFILE,patch_ready,46,6,727938
SWAY_PROFILE,head_in,45,12,728837
SWAY_PROFILE,block0_in,46,4,728922
SWAY_PROFILE,block1_in,45,15,728922
SWAY_PROFILE,embedding_in,46,6,728924
SWAY_PROFILE,patch_ready,46,7,728925
SWAY_PROFILE,head_in,45,13,729824
SWAY_PROFILE,block0_in,46,5,729909
SWAY_PROFILE,block1_in,46,0,729909
SWAY_PROFILE,embedding_in,46,7,729911
SWAY_PROFILE,patch_ready,46,8,729912
SWAY_PROFILE,head_in,45,14,730811
SWAY_PROFILE,block0_in,46,6,730896
SWAY_PROFILE,block1_in,46,1,730896
SWAY_PROFILE,embedding_in,46,8,730898
SWAY_PROFILE,patch_ready,46,9,730899
SWAY_PROFILE,head_in,45,15,731798
SWAY_PROFILE,block0_in,46,7,731883
SWAY_PROFILE,block1_in,46,2,731883
SWAY_PROFILE,embedding_in,46,9,731885
SWAY_PROFILE,patch_ready,46,10,731886
SWAY_PROFILE,head_in,46,0,732785
SWAY_PROFILE,block0_in,46,8,732870
SWAY_PROFILE,block1_in,46,3,732870
SWAY_PROFILE,embedding_in,46,10,732872
SWAY_PROFILE,patch_ready,46,11,732873
SWAY_PROFILE,head_in,46,1,733772
SWAY_PROFILE,block0_in,46,9,733857
SWAY_PROFILE,block1_in,46,4,733857
SWAY_PROFILE,embedding_in,46,11,733859
SWAY_PROFILE,patch_ready,46,12,733860
SWAY_PROFILE,head_in,46,2,734759
SWAY_PROFILE,block0_in,46,10,734844
SWAY_PROFILE,block1_in,46,5,734844
SWAY_PROFILE,embedding_in,46,12,734846
SWAY_PROFILE,patch_ready,46,13,734847
SWAY_PROFILE,head_output_in,45,0,735091
SWAY_PROFILE,head_in,46,3,735746
SWAY_PROFILE,block0_in,46,11,735831
SWAY_PROFILE,block1_in,46,6,735831
SWAY_PROFILE,embedding_in,46,13,735833
SWAY_PROFILE,serialize_in,45,0,735833
SWAY_PROFILE,patch_ready,46,14,735834
SWAY_PERF_OUTPUT,2565,7,735835
SWAY_PERF_OUTPUT,2566,7,735836
SWAY_PERF_OUTPUT,2567,6,735837
SWAY_PERF_OUTPUT,2568,7,735838
SWAY_PERF_OUTPUT,2569,13,735839
SWAY_PERF_OUTPUT,2570,17,735840
SWAY_PERF_OUTPUT,2571,20,735841
SWAY_PERF_OUTPUT,2572,1,735842
SWAY_PERF_OUTPUT,2573,-3,735843
SWAY_PERF_OUTPUT,2574,-4,735844
SWAY_PERF_OUTPUT,2575,10,735845
SWAY_PERF_OUTPUT,2576,11,735846
SWAY_PERF_OUTPUT,2577,13,735847
SWAY_PERF_OUTPUT,2578,13,735848
SWAY_PERF_OUTPUT,2579,5,735849
SWAY_PERF_OUTPUT,2580,4,735850
SWAY_PERF_OUTPUT,2581,2,735851
SWAY_PERF_OUTPUT,2582,2,735852
SWAY_PERF_OUTPUT,2583,7,735853
SWAY_PERF_OUTPUT,2584,62,735854
SWAY_PERF_OUTPUT,2585,62,735855
SWAY_PERF_OUTPUT,2586,62,735856
SWAY_PERF_OUTPUT,2587,61,735857
SWAY_PERF_OUTPUT,2588,63,735858
SWAY_PERF_OUTPUT,2589,65,735859
SWAY_PERF_OUTPUT,2590,62,735860
SWAY_PERF_OUTPUT,2591,60,735861
SWAY_PERF_OUTPUT,2592,59,735862
SWAY_PERF_OUTPUT,2593,57,735863
SWAY_PERF_OUTPUT,2594,60,735864
SWAY_PERF_OUTPUT,2595,60,735865
SWAY_PERF_OUTPUT,2596,59,735866
SWAY_PERF_OUTPUT,2597,56,735867
SWAY_PERF_OUTPUT,2598,60,735868
SWAY_PERF_OUTPUT,2599,63,735869
SWAY_PERF_OUTPUT,2600,65,735870
SWAY_PERF_OUTPUT,2601,62,735871
SWAY_PERF_OUTPUT,2602,62,735872
SWAY_PERF_OUTPUT,2603,-3,735873
SWAY_PERF_OUTPUT,2604,7,735874
SWAY_PERF_OUTPUT,2605,17,735875
SWAY_PERF_OUTPUT,2606,22,735876
SWAY_PERF_OUTPUT,2607,14,735877
SWAY_PERF_OUTPUT,2608,10,735878
SWAY_PERF_OUTPUT,2609,8,735879
SWAY_PERF_OUTPUT,2610,14,735880
SWAY_PERF_OUTPUT,2611,8,735881
SWAY_PERF_OUTPUT,2612,4,735882
SWAY_PERF_OUTPUT,2613,-2,735883
SWAY_PERF_OUTPUT,2614,-15,735884
SWAY_PERF_OUTPUT,2615,-26,735885
SWAY_PERF_OUTPUT,2616,-28,735886
SWAY_PERF_OUTPUT,2617,-3,735887
SWAY_PERF_OUTPUT,2618,-15,735888
SWAY_PERF_OUTPUT,2619,-26,735889
SWAY_PERF_OUTPUT,2620,-28,735890
SWAY_PERF_OUTPUT,2621,15,735891
SWAY_PERF_FRAME,45,735835,735891
SWAY_PROFILE,head_in,46,4,736733
SWAY_PROFILE,block0_in,46,12,736818
SWAY_PROFILE,block1_in,46,7,736818
SWAY_PROFILE,embedding_in,46,14,736820
SWAY_PROFILE,patch_ready,46,15,736821
SWAY_PERF_INPUT_FRAME,48,721320,737111
SWAY_PROFILE,head_in,46,5,737720
SWAY_PROFILE,block0_in,46,13,737805
SWAY_PROFILE,block1_in,46,8,737805
SWAY_PROFILE,embedding_in,46,15,737807
SWAY_PROFILE,patch_ready,47,0,737808
SWAY_PROFILE,head_in,46,6,738707
SWAY_PROFILE,block0_in,46,14,738792
SWAY_PROFILE,block1_in,46,9,738792
SWAY_PROFILE,embedding_in,47,0,738794
SWAY_PROFILE,patch_ready,47,1,738795
SWAY_PROFILE,head_in,46,7,739694
SWAY_PROFILE,block0_in,46,15,739779
SWAY_PROFILE,block1_in,46,10,739779
SWAY_PROFILE,embedding_in,47,1,739781
SWAY_PROFILE,patch_ready,47,2,739782
SWAY_PROFILE,head_in,46,8,740681
SWAY_PROFILE,block0_in,47,0,740766
SWAY_PROFILE,block1_in,46,11,740766
SWAY_PROFILE,embedding_in,47,2,740768
SWAY_PROFILE,patch_ready,47,3,740769
SWAY_PROFILE,head_in,46,9,741668
SWAY_PROFILE,block0_in,47,1,741753
SWAY_PROFILE,block1_in,46,12,741753
SWAY_PROFILE,embedding_in,47,3,741755
SWAY_PROFILE,patch_ready,47,4,741756
SWAY_PROFILE,head_in,46,10,742655
SWAY_PROFILE,block0_in,47,2,742740
SWAY_PROFILE,block1_in,46,13,742740
SWAY_PROFILE,embedding_in,47,4,742742
SWAY_PROFILE,patch_ready,47,5,742743
SWAY_PROFILE,head_in,46,11,743642
SWAY_PROFILE,block0_in,47,3,743727
SWAY_PROFILE,block1_in,46,14,743727
SWAY_PROFILE,embedding_in,47,5,743729
SWAY_PROFILE,patch_ready,47,6,743730
SWAY_PROFILE,head_in,46,12,744629
SWAY_PROFILE,block0_in,47,4,744714
SWAY_PROFILE,block1_in,46,15,744714
SWAY_PROFILE,embedding_in,47,6,744716
SWAY_PROFILE,patch_ready,47,7,744717
SWAY_PROFILE,head_in,46,13,745616
SWAY_PROFILE,block0_in,47,5,745701
SWAY_PROFILE,block1_in,47,0,745701
SWAY_PROFILE,embedding_in,47,7,745703
SWAY_PROFILE,patch_ready,47,8,745704
SWAY_PROFILE,head_in,46,14,746603
SWAY_PROFILE,block0_in,47,6,746688
SWAY_PROFILE,block1_in,47,1,746688
SWAY_PROFILE,embedding_in,47,8,746690
SWAY_PROFILE,patch_ready,47,9,746691
SWAY_PROFILE,head_in,46,15,747590
SWAY_PROFILE,block0_in,47,7,747675
SWAY_PROFILE,block1_in,47,2,747675
SWAY_PROFILE,embedding_in,47,9,747677
SWAY_PROFILE,patch_ready,47,10,747678
SWAY_PROFILE,head_in,47,0,748577
SWAY_PROFILE,block0_in,47,8,748662
SWAY_PROFILE,block1_in,47,3,748662
SWAY_PROFILE,embedding_in,47,10,748664
SWAY_PROFILE,patch_ready,47,11,748665
SWAY_PROFILE,head_in,47,1,749564
SWAY_PROFILE,block0_in,47,9,749649
SWAY_PROFILE,block1_in,47,4,749649
SWAY_PROFILE,embedding_in,47,11,749651
SWAY_PROFILE,patch_ready,47,12,749652
SWAY_PROFILE,head_in,47,2,750551
SWAY_PROFILE,block0_in,47,10,750636
SWAY_PROFILE,block1_in,47,5,750636
SWAY_PROFILE,embedding_in,47,12,750638
SWAY_PROFILE,patch_ready,47,13,750639
SWAY_PROFILE,head_output_in,46,0,750883
SWAY_PROFILE,head_in,47,3,751538
SWAY_PROFILE,block0_in,47,11,751623
SWAY_PROFILE,block1_in,47,6,751623
SWAY_PROFILE,embedding_in,47,13,751625
SWAY_PROFILE,serialize_in,46,0,751625
SWAY_PROFILE,patch_ready,47,14,751626
SWAY_PERF_OUTPUT,2622,8,751627
SWAY_PERF_OUTPUT,2623,9,751628
SWAY_PERF_OUTPUT,2624,9,751629
SWAY_PERF_OUTPUT,2625,9,751630
SWAY_PERF_OUTPUT,2626,14,751631
SWAY_PERF_OUTPUT,2627,20,751632
SWAY_PERF_OUTPUT,2628,23,751633
SWAY_PERF_OUTPUT,2629,3,751634
SWAY_PERF_OUTPUT,2630,-4,751635
SWAY_PERF_OUTPUT,2631,-9,751636
SWAY_PERF_OUTPUT,2632,11,751637
SWAY_PERF_OUTPUT,2633,13,751638
SWAY_PERF_OUTPUT,2634,13,751639
SWAY_PERF_OUTPUT,2635,14,751640
SWAY_PERF_OUTPUT,2636,6,751641
SWAY_PERF_OUTPUT,2637,0,751642
SWAY_PERF_OUTPUT,2638,-5,751643
SWAY_PERF_OUTPUT,2639,-5,751644
SWAY_PERF_OUTPUT,2640,9,751645
SWAY_PERF_OUTPUT,2641,62,751646
SWAY_PERF_OUTPUT,2642,61,751647
SWAY_PERF_OUTPUT,2643,60,751648
SWAY_PERF_OUTPUT,2644,59,751649
SWAY_PERF_OUTPUT,2645,59,751650
SWAY_PERF_OUTPUT,2646,59,751651
SWAY_PERF_OUTPUT,2647,58,751652
SWAY_PERF_OUTPUT,2648,60,751653
SWAY_PERF_OUTPUT,2649,60,751654
SWAY_PERF_OUTPUT,2650,59,751655
SWAY_PERF_OUTPUT,2651,60,751656
SWAY_PERF_OUTPUT,2652,58,751657
SWAY_PERF_OUTPUT,2653,61,751658
SWAY_PERF_OUTPUT,2654,59,751659
SWAY_PERF_OUTPUT,2655,61,751660
SWAY_PERF_OUTPUT,2656,59,751661
SWAY_PERF_OUTPUT,2657,61,751662
SWAY_PERF_OUTPUT,2658,58,751663
SWAY_PERF_OUTPUT,2659,60,751664
SWAY_PERF_OUTPUT,2660,-8,751665
SWAY_PERF_OUTPUT,2661,2,751666
SWAY_PERF_OUTPUT,2662,11,751667
SWAY_PERF_OUTPUT,2663,15,751668
SWAY_PERF_OUTPUT,2664,8,751669
SWAY_PERF_OUTPUT,2665,6,751670
SWAY_PERF_OUTPUT,2666,5,751671
SWAY_PERF_OUTPUT,2667,8,751672
SWAY_PERF_OUTPUT,2668,6,751673
SWAY_PERF_OUTPUT,2669,8,751674
SWAY_PERF_OUTPUT,2670,-7,751675
SWAY_PERF_OUTPUT,2671,-16,751676
SWAY_PERF_OUTPUT,2672,-27,751677
SWAY_PERF_OUTPUT,2673,-29,751678
SWAY_PERF_OUTPUT,2674,-7,751679
SWAY_PERF_OUTPUT,2675,-14,751680
SWAY_PERF_OUTPUT,2676,-25,751681
SWAY_PERF_OUTPUT,2677,-27,751682
SWAY_PERF_OUTPUT,2678,9,751683
SWAY_PERF_FRAME,46,751627,751683
SWAY_PROFILE,head_in,47,4,752525
SWAY_PROFILE,block0_in,47,12,752610
SWAY_PROFILE,block1_in,47,7,752610
SWAY_PROFILE,embedding_in,47,14,752612
SWAY_PROFILE,patch_ready,47,15,752613
SWAY_PERF_INPUT_FRAME,49,737112,752903
SWAY_PROFILE,head_in,47,5,753512
SWAY_PROFILE,block0_in,47,13,753597
SWAY_PROFILE,block1_in,47,8,753597
SWAY_PROFILE,embedding_in,47,15,753599
SWAY_PROFILE,patch_ready,48,0,753600
SWAY_PROFILE,head_in,47,6,754499
SWAY_PROFILE,block0_in,47,14,754584
SWAY_PROFILE,block1_in,47,9,754584
SWAY_PROFILE,embedding_in,48,0,754586
SWAY_PROFILE,patch_ready,48,1,754587
SWAY_PROFILE,head_in,47,7,755486
SWAY_PROFILE,block0_in,47,15,755571
SWAY_PROFILE,block1_in,47,10,755571
SWAY_PROFILE,embedding_in,48,1,755573
SWAY_PROFILE,patch_ready,48,2,755574
SWAY_PROFILE,head_in,47,8,756473
SWAY_PROFILE,block0_in,48,0,756558
SWAY_PROFILE,block1_in,47,11,756558
SWAY_PROFILE,embedding_in,48,2,756560
SWAY_PROFILE,patch_ready,48,3,756561
SWAY_PROFILE,head_in,47,9,757460
SWAY_PROFILE,block0_in,48,1,757545
SWAY_PROFILE,block1_in,47,12,757545
SWAY_PROFILE,embedding_in,48,3,757547
SWAY_PROFILE,patch_ready,48,4,757548
SWAY_PROFILE,head_in,47,10,758447
SWAY_PROFILE,block0_in,48,2,758532
SWAY_PROFILE,block1_in,47,13,758532
SWAY_PROFILE,embedding_in,48,4,758534
SWAY_PROFILE,patch_ready,48,5,758535
SWAY_PROFILE,head_in,47,11,759434
SWAY_PROFILE,block0_in,48,3,759519
SWAY_PROFILE,block1_in,47,14,759519
SWAY_PROFILE,embedding_in,48,5,759521
SWAY_PROFILE,patch_ready,48,6,759522
SWAY_PROFILE,head_in,47,12,760421
SWAY_PROFILE,block0_in,48,4,760506
SWAY_PROFILE,block1_in,47,15,760506
SWAY_PROFILE,embedding_in,48,6,760508
SWAY_PROFILE,patch_ready,48,7,760509
SWAY_PROFILE,head_in,47,13,761408
SWAY_PROFILE,block0_in,48,5,761493
SWAY_PROFILE,block1_in,48,0,761493
SWAY_PROFILE,embedding_in,48,7,761495
SWAY_PROFILE,patch_ready,48,8,761496
SWAY_PROFILE,head_in,47,14,762395
SWAY_PROFILE,block0_in,48,6,762480
SWAY_PROFILE,block1_in,48,1,762480
SWAY_PROFILE,embedding_in,48,8,762482
SWAY_PROFILE,patch_ready,48,9,762483
SWAY_PROFILE,head_in,47,15,763382
SWAY_PROFILE,block0_in,48,7,763467
SWAY_PROFILE,block1_in,48,2,763467
SWAY_PROFILE,embedding_in,48,9,763469
SWAY_PROFILE,patch_ready,48,10,763470
SWAY_PROFILE,head_in,48,0,764369
SWAY_PROFILE,block0_in,48,8,764454
SWAY_PROFILE,block1_in,48,3,764454
SWAY_PROFILE,embedding_in,48,10,764456
SWAY_PROFILE,patch_ready,48,11,764457
SWAY_PROFILE,head_in,48,1,765356
SWAY_PROFILE,block0_in,48,9,765441
SWAY_PROFILE,block1_in,48,4,765441
SWAY_PROFILE,embedding_in,48,11,765443
SWAY_PROFILE,patch_ready,48,12,765444
SWAY_PROFILE,head_in,48,2,766343
SWAY_PROFILE,block0_in,48,10,766428
SWAY_PROFILE,block1_in,48,5,766428
SWAY_PROFILE,embedding_in,48,12,766430
SWAY_PROFILE,patch_ready,48,13,766431
SWAY_PROFILE,head_output_in,47,0,766675
SWAY_PROFILE,head_in,48,3,767330
SWAY_PROFILE,block0_in,48,11,767415
SWAY_PROFILE,block1_in,48,6,767415
SWAY_PROFILE,embedding_in,48,13,767417
SWAY_PROFILE,serialize_in,47,0,767417
SWAY_PROFILE,patch_ready,48,14,767418
SWAY_PERF_OUTPUT,2679,4,767419
SWAY_PERF_OUTPUT,2680,4,767420
SWAY_PERF_OUTPUT,2681,3,767421
SWAY_PERF_OUTPUT,2682,3,767422
SWAY_PERF_OUTPUT,2683,9,767423
SWAY_PERF_OUTPUT,2684,16,767424
SWAY_PERF_OUTPUT,2685,19,767425
SWAY_PERF_OUTPUT,2686,-2,767426
SWAY_PERF_OUTPUT,2687,-7,767427
SWAY_PERF_OUTPUT,2688,-8,767428
SWAY_PERF_OUTPUT,2689,7,767429
SWAY_PERF_OUTPUT,2690,11,767430
SWAY_PERF_OUTPUT,2691,13,767431
SWAY_PERF_OUTPUT,2692,14,767432
SWAY_PERF_OUTPUT,2693,2,767433
SWAY_PERF_OUTPUT,2694,-1,767434
SWAY_PERF_OUTPUT,2695,-2,767435
SWAY_PERF_OUTPUT,2696,-2,767436
SWAY_PERF_OUTPUT,2697,3,767437
SWAY_PERF_OUTPUT,2698,61,767438
SWAY_PERF_OUTPUT,2699,61,767439
SWAY_PERF_OUTPUT,2700,60,767440
SWAY_PERF_OUTPUT,2701,60,767441
SWAY_PERF_OUTPUT,2702,60,767442
SWAY_PERF_OUTPUT,2703,61,767443
SWAY_PERF_OUTPUT,2704,59,767444
SWAY_PERF_OUTPUT,2705,59,767445
SWAY_PERF_OUTPUT,2706,59,767446
SWAY_PERF_OUTPUT,2707,58,767447
SWAY_PERF_OUTPUT,2708,60,767448
SWAY_PERF_OUTPUT,2709,59,767449
SWAY_PERF_OUTPUT,2710,60,767450
SWAY_PERF_OUTPUT,2711,57,767451
SWAY_PERF_OUTPUT,2712,60,767452
SWAY_PERF_OUTPUT,2713,59,767453
SWAY_PERF_OUTPUT,2714,62,767454
SWAY_PERF_OUTPUT,2715,59,767455
SWAY_PERF_OUTPUT,2716,60,767456
SWAY_PERF_OUTPUT,2717,-6,767457
SWAY_PERF_OUTPUT,2718,4,767458
SWAY_PERF_OUTPUT,2719,14,767459
SWAY_PERF_OUTPUT,2720,18,767460
SWAY_PERF_OUTPUT,2721,11,767461
SWAY_PERF_OUTPUT,2722,10,767462
SWAY_PERF_OUTPUT,2723,11,767463
SWAY_PERF_OUTPUT,2724,10,767464
SWAY_PERF_OUTPUT,2725,6,767465
SWAY_PERF_OUTPUT,2726,5,767466
SWAY_PERF_OUTPUT,2727,-5,767467
SWAY_PERF_OUTPUT,2728,-15,767468
SWAY_PERF_OUTPUT,2729,-25,767469
SWAY_PERF_OUTPUT,2730,-28,767470
SWAY_PERF_OUTPUT,2731,-6,767471
SWAY_PERF_OUTPUT,2732,-15,767472
SWAY_PERF_OUTPUT,2733,-27,767473
SWAY_PERF_OUTPUT,2734,-29,767474
SWAY_PERF_OUTPUT,2735,12,767475
SWAY_PERF_FRAME,47,767419,767475
SWAY_PROFILE,head_in,48,4,768317
SWAY_PROFILE,block0_in,48,12,768402
SWAY_PROFILE,block1_in,48,7,768402
SWAY_PROFILE,embedding_in,48,14,768404
SWAY_PROFILE,patch_ready,48,15,768405
SWAY_PERF_INPUT_FRAME,50,752904,768695
SWAY_PROFILE,head_in,48,5,769304
SWAY_PROFILE,block0_in,48,13,769389
SWAY_PROFILE,block1_in,48,8,769389
SWAY_PROFILE,embedding_in,48,15,769391
SWAY_PROFILE,patch_ready,49,0,769392
SWAY_PROFILE,head_in,48,6,770291
SWAY_PROFILE,block0_in,48,14,770376
SWAY_PROFILE,block1_in,48,9,770376
SWAY_PROFILE,embedding_in,49,0,770378
SWAY_PROFILE,patch_ready,49,1,770379
SWAY_PROFILE,head_in,48,7,771278
SWAY_PROFILE,block0_in,48,15,771363
SWAY_PROFILE,block1_in,48,10,771363
SWAY_PROFILE,embedding_in,49,1,771365
SWAY_PROFILE,patch_ready,49,2,771366
SWAY_PROFILE,head_in,48,8,772265
SWAY_PROFILE,block0_in,49,0,772350
SWAY_PROFILE,block1_in,48,11,772350
SWAY_PROFILE,embedding_in,49,2,772352
SWAY_PROFILE,patch_ready,49,3,772353
SWAY_PROFILE,head_in,48,9,773252
SWAY_PROFILE,block0_in,49,1,773337
SWAY_PROFILE,block1_in,48,12,773337
SWAY_PROFILE,embedding_in,49,3,773339
SWAY_PROFILE,patch_ready,49,4,773340
SWAY_PROFILE,head_in,48,10,774239
SWAY_PROFILE,block0_in,49,2,774324
SWAY_PROFILE,block1_in,48,13,774324
SWAY_PROFILE,embedding_in,49,4,774326
SWAY_PROFILE,patch_ready,49,5,774327
SWAY_PROFILE,head_in,48,11,775226
SWAY_PROFILE,block0_in,49,3,775311
SWAY_PROFILE,block1_in,48,14,775311
SWAY_PROFILE,embedding_in,49,5,775313
SWAY_PROFILE,patch_ready,49,6,775314
SWAY_PROFILE,head_in,48,12,776213
SWAY_PROFILE,block0_in,49,4,776298
SWAY_PROFILE,block1_in,48,15,776298
SWAY_PROFILE,embedding_in,49,6,776300
SWAY_PROFILE,patch_ready,49,7,776301
SWAY_PROFILE,head_in,48,13,777200
SWAY_PROFILE,block0_in,49,5,777285
SWAY_PROFILE,block1_in,49,0,777285
SWAY_PROFILE,embedding_in,49,7,777287
SWAY_PROFILE,patch_ready,49,8,777288
SWAY_PROFILE,head_in,48,14,778187
SWAY_PROFILE,block0_in,49,6,778272
SWAY_PROFILE,block1_in,49,1,778272
SWAY_PROFILE,embedding_in,49,8,778274
SWAY_PROFILE,patch_ready,49,9,778275
SWAY_PROFILE,head_in,48,15,779174
SWAY_PROFILE,block0_in,49,7,779259
SWAY_PROFILE,block1_in,49,2,779259
SWAY_PROFILE,embedding_in,49,9,779261
SWAY_PROFILE,patch_ready,49,10,779262
SWAY_PROFILE,head_in,49,0,780161
SWAY_PROFILE,block0_in,49,8,780246
SWAY_PROFILE,block1_in,49,3,780246
SWAY_PROFILE,embedding_in,49,10,780248
SWAY_PROFILE,patch_ready,49,11,780249
SWAY_PROFILE,head_in,49,1,781148
SWAY_PROFILE,block0_in,49,9,781233
SWAY_PROFILE,block1_in,49,4,781233
SWAY_PROFILE,embedding_in,49,11,781235
SWAY_PROFILE,patch_ready,49,12,781236
SWAY_PROFILE,head_in,49,2,782135
SWAY_PROFILE,block0_in,49,10,782220
SWAY_PROFILE,block1_in,49,5,782220
SWAY_PROFILE,embedding_in,49,12,782222
SWAY_PROFILE,patch_ready,49,13,782223
SWAY_PROFILE,head_output_in,48,0,782467
SWAY_PROFILE,head_in,49,3,783122
SWAY_PROFILE,block0_in,49,11,783207
SWAY_PROFILE,block1_in,49,6,783207
SWAY_PROFILE,embedding_in,49,13,783209
SWAY_PROFILE,serialize_in,48,0,783209
SWAY_PROFILE,patch_ready,49,14,783210
SWAY_PERF_OUTPUT,2736,4,783211
SWAY_PERF_OUTPUT,2737,4,783212
SWAY_PERF_OUTPUT,2738,3,783213
SWAY_PERF_OUTPUT,2739,3,783214
SWAY_PERF_OUTPUT,2740,10,783215
SWAY_PERF_OUTPUT,2741,16,783216
SWAY_PERF_OUTPUT,2742,21,783217
SWAY_PERF_OUTPUT,2743,-3,783218
SWAY_PERF_OUTPUT,2744,-10,783219
SWAY_PERF_OUTPUT,2745,-15,783220
SWAY_PERF_OUTPUT,2746,7,783221
SWAY_PERF_OUTPUT,2747,11,783222
SWAY_PERF_OUTPUT,2748,15,783223
SWAY_PERF_OUTPUT,2749,15,783224
SWAY_PERF_OUTPUT,2750,2,783225
SWAY_PERF_OUTPUT,2751,-2,783226
SWAY_PERF_OUTPUT,2752,-5,783227
SWAY_PERF_OUTPUT,2753,-5,783228
SWAY_PERF_OUTPUT,2754,3,783229
SWAY_PERF_OUTPUT,2755,63,783230
SWAY_PERF_OUTPUT,2756,62,783231
SWAY_PERF_OUTPUT,2757,61,783232
SWAY_PERF_OUTPUT,2758,61,783233
SWAY_PERF_OUTPUT,2759,62,783234
SWAY_PERF_OUTPUT,2760,62,783235
SWAY_PERF_OUTPUT,2761,60,783236
SWAY_PERF_OUTPUT,2762,61,783237
SWAY_PERF_OUTPUT,2763,61,783238
SWAY_PERF_OUTPUT,2764,60,783239
SWAY_PERF_OUTPUT,2765,61,783240
SWAY_PERF_OUTPUT,2766,60,783241
SWAY_PERF_OUTPUT,2767,61,783242
SWAY_PERF_OUTPUT,2768,59,783243
SWAY_PERF_OUTPUT,2769,61,783244
SWAY_PERF_OUTPUT,2770,61,783245
SWAY_PERF_OUTPUT,2771,63,783246
SWAY_PERF_OUTPUT,2772,60,783247
SWAY_PERF_OUTPUT,2773,61,783248
SWAY_PERF_OUTPUT,2774,-4,783249
SWAY_PERF_OUTPUT,2775,6,783250
SWAY_PERF_OUTPUT,2776,17,783251
SWAY_PERF_OUTPUT,2777,21,783252
SWAY_PERF_OUTPUT,2778,13,783253
SWAY_PERF_OUTPUT,2779,13,783254
SWAY_PERF_OUTPUT,2780,14,783255
SWAY_PERF_OUTPUT,2781,13,783256
SWAY_PERF_OUTPUT,2782,12,783257
SWAY_PERF_OUTPUT,2783,15,783258
SWAY_PERF_OUTPUT,2784,-3,783259
SWAY_PERF_OUTPUT,2785,-14,783260
SWAY_PERF_OUTPUT,2786,-26,783261
SWAY_PERF_OUTPUT,2787,-28,783262
SWAY_PERF_OUTPUT,2788,-3,783263
SWAY_PERF_OUTPUT,2789,-14,783264
SWAY_PERF_OUTPUT,2790,-26,783265
SWAY_PERF_OUTPUT,2791,-28,783266
SWAY_PERF_OUTPUT,2792,14,783267
SWAY_PERF_FRAME,48,783211,783267
SWAY_PROFILE,head_in,49,4,784109
SWAY_PROFILE,block0_in,49,12,784194
SWAY_PROFILE,block1_in,49,7,784194
SWAY_PROFILE,embedding_in,49,14,784196
SWAY_PROFILE,patch_ready,49,15,784197
SWAY_PERF_INPUT_FRAME,51,768696,784487
SWAY_PROFILE,head_in,49,5,785096
SWAY_PROFILE,block0_in,49,13,785181
SWAY_PROFILE,block1_in,49,8,785181
SWAY_PROFILE,embedding_in,49,15,785183
SWAY_PROFILE,patch_ready,50,0,785184
SWAY_PROFILE,head_in,49,6,786083
SWAY_PROFILE,block0_in,49,14,786168
SWAY_PROFILE,block1_in,49,9,786168
SWAY_PROFILE,embedding_in,50,0,786170
SWAY_PROFILE,patch_ready,50,1,786171
SWAY_PROFILE,head_in,49,7,787070
SWAY_PROFILE,block0_in,49,15,787155
SWAY_PROFILE,block1_in,49,10,787155
SWAY_PROFILE,embedding_in,50,1,787157
SWAY_PROFILE,patch_ready,50,2,787158
SWAY_PROFILE,head_in,49,8,788057
SWAY_PROFILE,block0_in,50,0,788142
SWAY_PROFILE,block1_in,49,11,788142
SWAY_PROFILE,embedding_in,50,2,788144
SWAY_PROFILE,patch_ready,50,3,788145
SWAY_PROFILE,head_in,49,9,789044
SWAY_PROFILE,block0_in,50,1,789129
SWAY_PROFILE,block1_in,49,12,789129
SWAY_PROFILE,embedding_in,50,3,789131
SWAY_PROFILE,patch_ready,50,4,789132
SWAY_PROFILE,head_in,49,10,790031
SWAY_PROFILE,block0_in,50,2,790116
SWAY_PROFILE,block1_in,49,13,790116
SWAY_PROFILE,embedding_in,50,4,790118
SWAY_PROFILE,patch_ready,50,5,790119
SWAY_PROFILE,head_in,49,11,791018
SWAY_PROFILE,block0_in,50,3,791103
SWAY_PROFILE,block1_in,49,14,791103
SWAY_PROFILE,embedding_in,50,5,791105
SWAY_PROFILE,patch_ready,50,6,791106
SWAY_PROFILE,head_in,49,12,792005
SWAY_PROFILE,block0_in,50,4,792090
SWAY_PROFILE,block1_in,49,15,792090
SWAY_PROFILE,embedding_in,50,6,792092
SWAY_PROFILE,patch_ready,50,7,792093
SWAY_PROFILE,head_in,49,13,792992
SWAY_PROFILE,block0_in,50,5,793077
SWAY_PROFILE,block1_in,50,0,793077
SWAY_PROFILE,embedding_in,50,7,793079
SWAY_PROFILE,patch_ready,50,8,793080
SWAY_PROFILE,head_in,49,14,793979
SWAY_PROFILE,block0_in,50,6,794064
SWAY_PROFILE,block1_in,50,1,794064
SWAY_PROFILE,embedding_in,50,8,794066
SWAY_PROFILE,patch_ready,50,9,794067
SWAY_PROFILE,head_in,49,15,794966
SWAY_PROFILE,block0_in,50,7,795051
SWAY_PROFILE,block1_in,50,2,795051
SWAY_PROFILE,embedding_in,50,9,795053
SWAY_PROFILE,patch_ready,50,10,795054
SWAY_PROFILE,head_in,50,0,795953
SWAY_PROFILE,block0_in,50,8,796038
SWAY_PROFILE,block1_in,50,3,796038
SWAY_PROFILE,embedding_in,50,10,796040
SWAY_PROFILE,patch_ready,50,11,796041
SWAY_PROFILE,head_in,50,1,796940
SWAY_PROFILE,block0_in,50,9,797025
SWAY_PROFILE,block1_in,50,4,797025
SWAY_PROFILE,embedding_in,50,11,797027
SWAY_PROFILE,patch_ready,50,12,797028
SWAY_PROFILE,head_in,50,2,797927
SWAY_PROFILE,block0_in,50,10,798012
SWAY_PROFILE,block1_in,50,5,798012
SWAY_PROFILE,embedding_in,50,12,798014
SWAY_PROFILE,patch_ready,50,13,798015
SWAY_PROFILE,head_output_in,49,0,798259
SWAY_PROFILE,head_in,50,3,798914
SWAY_PROFILE,block0_in,50,11,798999
SWAY_PROFILE,block1_in,50,6,798999
SWAY_PROFILE,embedding_in,50,13,799001
SWAY_PROFILE,serialize_in,49,0,799001
SWAY_PROFILE,patch_ready,50,14,799002
SWAY_PERF_OUTPUT,2793,8,799003
SWAY_PERF_OUTPUT,2794,9,799004
SWAY_PERF_OUTPUT,2795,8,799005
SWAY_PERF_OUTPUT,2796,8,799006
SWAY_PERF_OUTPUT,2797,14,799007
SWAY_PERF_OUTPUT,2798,19,799008
SWAY_PERF_OUTPUT,2799,21,799009
SWAY_PERF_OUTPUT,2800,3,799010
SWAY_PERF_OUTPUT,2801,0,799011
SWAY_PERF_OUTPUT,2802,-3,799012
SWAY_PERF_OUTPUT,2803,10,799013
SWAY_PERF_OUTPUT,2804,12,799014
SWAY_PERF_OUTPUT,2805,12,799015
SWAY_PERF_OUTPUT,2806,12,799016
SWAY_PERF_OUTPUT,2807,6,799017
SWAY_PERF_OUTPUT,2808,3,799018
SWAY_PERF_OUTPUT,2809,0,799019
SWAY_PERF_OUTPUT,2810,-1,799020
SWAY_PERF_OUTPUT,2811,9,799021
SWAY_PERF_OUTPUT,2812,61,799022
SWAY_PERF_OUTPUT,2813,62,799023
SWAY_PERF_OUTPUT,2814,61,799024
SWAY_PERF_OUTPUT,2815,61,799025
SWAY_PERF_OUTPUT,2816,61,799026
SWAY_PERF_OUTPUT,2817,61,799027
SWAY_PERF_OUTPUT,2818,59,799028
SWAY_PERF_OUTPUT,2819,60,799029
SWAY_PERF_OUTPUT,2820,61,799030
SWAY_PERF_OUTPUT,2821,60,799031
SWAY_PERF_OUTPUT,2822,60,799032
SWAY_PERF_OUTPUT,2823,60,799033
SWAY_PERF_OUTPUT,2824,62,799034
SWAY_PERF_OUTPUT,2825,60,799035
SWAY_PERF_OUTPUT,2826,61,799036
SWAY_PERF_OUTPUT,2827,61,799037
SWAY_PERF_OUTPUT,2828,62,799038
SWAY_PERF_OUTPUT,2829,58,799039
SWAY_PERF_OUTPUT,2830,61,799040
SWAY_PERF_OUTPUT,2831,-6,799041
SWAY_PERF_OUTPUT,2832,3,799042
SWAY_PERF_OUTPUT,2833,14,799043
SWAY_PERF_OUTPUT,2834,17,799044
SWAY_PERF_OUTPUT,2835,10,799045
SWAY_PERF_OUTPUT,2836,7,799046
SWAY_PERF_OUTPUT,2837,6,799047
SWAY_PERF_OUTPUT,2838,9,799048
SWAY_PERF_OUTPUT,2839,4,799049
SWAY_PERF_OUTPUT,2840,1,799050
SWAY_PERF_OUTPUT,2841,-6,799051
SWAY_PERF_OUTPUT,2842,-16,799052
SWAY_PERF_OUTPUT,2843,-27,799053
SWAY_PERF_OUTPUT,2844,-29,799054
SWAY_PERF_OUTPUT,2845,-6,799055
SWAY_PERF_OUTPUT,2846,-15,799056
SWAY_PERF_OUTPUT,2847,-26,799057
SWAY_PERF_OUTPUT,2848,-28,799058
SWAY_PERF_OUTPUT,2849,11,799059
SWAY_PERF_FRAME,49,799003,799059
SWAY_PROFILE,head_in,50,4,799901
SWAY_PROFILE,block0_in,50,12,799986
SWAY_PROFILE,block1_in,50,7,799986
SWAY_PROFILE,embedding_in,50,14,799988
SWAY_PROFILE,patch_ready,50,15,799989
SWAY_PERF_INPUT_FRAME,52,784488,800279
SWAY_PROFILE,head_in,50,5,800888
SWAY_PROFILE,block0_in,50,13,800973
SWAY_PROFILE,block1_in,50,8,800973
SWAY_PROFILE,embedding_in,50,15,800975
SWAY_PROFILE,patch_ready,51,0,800976
SWAY_PROFILE,head_in,50,6,801875
SWAY_PROFILE,block0_in,50,14,801960
SWAY_PROFILE,block1_in,50,9,801960
SWAY_PROFILE,embedding_in,51,0,801962
SWAY_PROFILE,patch_ready,51,1,801963
SWAY_PROFILE,head_in,50,7,802862
SWAY_PROFILE,block0_in,50,15,802947
SWAY_PROFILE,block1_in,50,10,802947
SWAY_PROFILE,embedding_in,51,1,802949
SWAY_PROFILE,patch_ready,51,2,802950
SWAY_PROFILE,head_in,50,8,803849
SWAY_PROFILE,block0_in,51,0,803934
SWAY_PROFILE,block1_in,50,11,803934
SWAY_PROFILE,embedding_in,51,2,803936
SWAY_PROFILE,patch_ready,51,3,803937
SWAY_PROFILE,head_in,50,9,804836
SWAY_PROFILE,block0_in,51,1,804921
SWAY_PROFILE,block1_in,50,12,804921
SWAY_PROFILE,embedding_in,51,3,804923
SWAY_PROFILE,patch_ready,51,4,804924
SWAY_PROFILE,head_in,50,10,805823
SWAY_PROFILE,block0_in,51,2,805908
SWAY_PROFILE,block1_in,50,13,805908
SWAY_PROFILE,embedding_in,51,4,805910
SWAY_PROFILE,patch_ready,51,5,805911
SWAY_PROFILE,head_in,50,11,806810
SWAY_PROFILE,block0_in,51,3,806895
SWAY_PROFILE,block1_in,50,14,806895
SWAY_PROFILE,embedding_in,51,5,806897
SWAY_PROFILE,patch_ready,51,6,806898
SWAY_PROFILE,head_in,50,12,807797
SWAY_PROFILE,block0_in,51,4,807882
SWAY_PROFILE,block1_in,50,15,807882
SWAY_PROFILE,embedding_in,51,6,807884
SWAY_PROFILE,patch_ready,51,7,807885
SWAY_PROFILE,head_in,50,13,808784
SWAY_PROFILE,block0_in,51,5,808869
SWAY_PROFILE,block1_in,51,0,808869
SWAY_PROFILE,embedding_in,51,7,808871
SWAY_PROFILE,patch_ready,51,8,808872
SWAY_PROFILE,head_in,50,14,809771
SWAY_PROFILE,block0_in,51,6,809856
SWAY_PROFILE,block1_in,51,1,809856
SWAY_PROFILE,embedding_in,51,8,809858
SWAY_PROFILE,patch_ready,51,9,809859
SWAY_PROFILE,head_in,50,15,810758
SWAY_PROFILE,block0_in,51,7,810843
SWAY_PROFILE,block1_in,51,2,810843
SWAY_PROFILE,embedding_in,51,9,810845
SWAY_PROFILE,patch_ready,51,10,810846
SWAY_PROFILE,head_in,51,0,811745
SWAY_PROFILE,block0_in,51,8,811830
SWAY_PROFILE,block1_in,51,3,811830
SWAY_PROFILE,embedding_in,51,10,811832
SWAY_PROFILE,patch_ready,51,11,811833
SWAY_PROFILE,head_in,51,1,812732
SWAY_PROFILE,block0_in,51,9,812817
SWAY_PROFILE,block1_in,51,4,812817
SWAY_PROFILE,embedding_in,51,11,812819
SWAY_PROFILE,patch_ready,51,12,812820
SWAY_PROFILE,head_in,51,2,813719
SWAY_PROFILE,block0_in,51,10,813804
SWAY_PROFILE,block1_in,51,5,813804
SWAY_PROFILE,embedding_in,51,12,813806
SWAY_PROFILE,patch_ready,51,13,813807
SWAY_PROFILE,head_output_in,50,0,814051
SWAY_PROFILE,head_in,51,3,814706
SWAY_PROFILE,block0_in,51,11,814791
SWAY_PROFILE,block1_in,51,6,814791
SWAY_PROFILE,embedding_in,51,13,814793
SWAY_PROFILE,serialize_in,50,0,814793
SWAY_PROFILE,patch_ready,51,14,814794
SWAY_PERF_OUTPUT,2850,9,814795
SWAY_PERF_OUTPUT,2851,9,814796
SWAY_PERF_OUTPUT,2852,8,814797
SWAY_PERF_OUTPUT,2853,9,814798
SWAY_PERF_OUTPUT,2854,15,814799
SWAY_PERF_OUTPUT,2855,18,814800
SWAY_PERF_OUTPUT,2856,19,814801
SWAY_PERF_OUTPUT,2857,4,814802
SWAY_PERF_OUTPUT,2858,-2,814803
SWAY_PERF_OUTPUT,2859,-5,814804
SWAY_PERF_OUTPUT,2860,10,814805
SWAY_PERF_OUTPUT,2861,11,814806
SWAY_PERF_OUTPUT,2862,11,814807
SWAY_PERF_OUTPUT,2863,11,814808
SWAY_PERF_OUTPUT,2864,6,814809
SWAY_PERF_OUTPUT,2865,4,814810
SWAY_PERF_OUTPUT,2866,2,814811
SWAY_PERF_OUTPUT,2867,2,814812
SWAY_PERF_OUTPUT,2868,9,814813
SWAY_PERF_OUTPUT,2869,64,814814
SWAY_PERF_OUTPUT,2870,65,814815
SWAY_PERF_OUTPUT,2871,65,814816
SWAY_PERF_OUTPUT,2872,65,814817
SWAY_PERF_OUTPUT,2873,65,814818
SWAY_PERF_OUTPUT,2874,66,814819
SWAY_PERF_OUTPUT,2875,64,814820
SWAY_PERF_OUTPUT,2876,64,814821
SWAY_PERF_OUTPUT,2877,65,814822
SWAY_PERF_OUTPUT,2878,63,814823
SWAY_PERF_OUTPUT,2879,63,814824
SWAY_PERF_OUTPUT,2880,65,814825
SWAY_PERF_OUTPUT,2881,63,814826
SWAY_PERF_OUTPUT,2882,61,814827
SWAY_PERF_OUTPUT,2883,63,814828
SWAY_PERF_OUTPUT,2884,67,814829
SWAY_PERF_OUTPUT,2885,66,814830
SWAY_PERF_OUTPUT,2886,63,814831
SWAY_PERF_OUTPUT,2887,65,814832
SWAY_PERF_OUTPUT,2888,-2,814833
SWAY_PERF_OUTPUT,2889,9,814834
SWAY_PERF_OUTPUT,2890,20,814835
SWAY_PERF_OUTPUT,2891,25,814836
SWAY_PERF_OUTPUT,2892,16,814837
SWAY_PERF_OUTPUT,2893,9,814838
SWAY_PERF_OUTPUT,2894,5,814839
SWAY_PERF_OUTPUT,2895,15,814840
SWAY_PERF_OUTPUT,2896,12,814841
SWAY_PERF_OUTPUT,2897,8,814842
SWAY_PERF_OUTPUT,2898,-1,814843
SWAY_PERF_OUTPUT,2899,-15,814844
SWAY_PERF_OUTPUT,2900,-28,814845
SWAY_PERF_OUTPUT,2901,-30,814846
SWAY_PERF_OUTPUT,2902,-1,814847
SWAY_PERF_OUTPUT,2903,-15,814848
SWAY_PERF_OUTPUT,2904,-25,814849
SWAY_PERF_OUTPUT,2905,-29,814850
SWAY_PERF_OUTPUT,2906,17,814851
SWAY_PERF_FRAME,50,814795,814851
SWAY_PROFILE,head_in,51,4,815693
SWAY_PROFILE,block0_in,51,12,815778
SWAY_PROFILE,block1_in,51,7,815778
SWAY_PROFILE,embedding_in,51,14,815780
SWAY_PROFILE,patch_ready,51,15,815781
SWAY_PERF_INPUT_FRAME,53,800280,816071
SWAY_PROFILE,head_in,51,5,816680
SWAY_PROFILE,block0_in,51,13,816765
SWAY_PROFILE,block1_in,51,8,816765
SWAY_PROFILE,embedding_in,51,15,816767
SWAY_PROFILE,patch_ready,52,0,816768
SWAY_PROFILE,head_in,51,6,817667
SWAY_PROFILE,block0_in,51,14,817752
SWAY_PROFILE,block1_in,51,9,817752
SWAY_PROFILE,embedding_in,52,0,817754
SWAY_PROFILE,patch_ready,52,1,817755
SWAY_PROFILE,head_in,51,7,818654
SWAY_PROFILE,block0_in,51,15,818739
SWAY_PROFILE,block1_in,51,10,818739
SWAY_PROFILE,embedding_in,52,1,818741
SWAY_PROFILE,patch_ready,52,2,818742
SWAY_PROFILE,head_in,51,8,819641
SWAY_PROFILE,block0_in,52,0,819726
SWAY_PROFILE,block1_in,51,11,819726
SWAY_PROFILE,embedding_in,52,2,819728
SWAY_PROFILE,patch_ready,52,3,819729
SWAY_PROFILE,head_in,51,9,820628
SWAY_PROFILE,block0_in,52,1,820713
SWAY_PROFILE,block1_in,51,12,820713
SWAY_PROFILE,embedding_in,52,3,820715
SWAY_PROFILE,patch_ready,52,4,820716
SWAY_PROFILE,head_in,51,10,821615
SWAY_PROFILE,block0_in,52,2,821700
SWAY_PROFILE,block1_in,51,13,821700
SWAY_PROFILE,embedding_in,52,4,821702
SWAY_PROFILE,patch_ready,52,5,821703
SWAY_PROFILE,head_in,51,11,822602
SWAY_PROFILE,block0_in,52,3,822687
SWAY_PROFILE,block1_in,51,14,822687
SWAY_PROFILE,embedding_in,52,5,822689
SWAY_PROFILE,patch_ready,52,6,822690
SWAY_PROFILE,head_in,51,12,823589
SWAY_PROFILE,block0_in,52,4,823674
SWAY_PROFILE,block1_in,51,15,823674
SWAY_PROFILE,embedding_in,52,6,823676
SWAY_PROFILE,patch_ready,52,7,823677
SWAY_PROFILE,head_in,51,13,824576
SWAY_PROFILE,block0_in,52,5,824661
SWAY_PROFILE,block1_in,52,0,824661
SWAY_PROFILE,embedding_in,52,7,824663
SWAY_PROFILE,patch_ready,52,8,824664
SWAY_PROFILE,head_in,51,14,825563
SWAY_PROFILE,block0_in,52,6,825648
SWAY_PROFILE,block1_in,52,1,825648
SWAY_PROFILE,embedding_in,52,8,825650
SWAY_PROFILE,patch_ready,52,9,825651
SWAY_PROFILE,head_in,51,15,826550
SWAY_PROFILE,block0_in,52,7,826635
SWAY_PROFILE,block1_in,52,2,826635
SWAY_PROFILE,embedding_in,52,9,826637
SWAY_PROFILE,patch_ready,52,10,826638
SWAY_PROFILE,head_in,52,0,827537
SWAY_PROFILE,block0_in,52,8,827622
SWAY_PROFILE,block1_in,52,3,827622
SWAY_PROFILE,embedding_in,52,10,827624
SWAY_PROFILE,patch_ready,52,11,827625
SWAY_PROFILE,head_in,52,1,828524
SWAY_PROFILE,block0_in,52,9,828609
SWAY_PROFILE,block1_in,52,4,828609
SWAY_PROFILE,embedding_in,52,11,828611
SWAY_PROFILE,patch_ready,52,12,828612
SWAY_PROFILE,head_in,52,2,829511
SWAY_PROFILE,block0_in,52,10,829596
SWAY_PROFILE,block1_in,52,5,829596
SWAY_PROFILE,embedding_in,52,12,829598
SWAY_PROFILE,patch_ready,52,13,829599
SWAY_PROFILE,head_output_in,51,0,829843
SWAY_PROFILE,head_in,52,3,830498
SWAY_PROFILE,block0_in,52,11,830583
SWAY_PROFILE,block1_in,52,6,830583
SWAY_PROFILE,embedding_in,52,13,830585
SWAY_PROFILE,serialize_in,51,0,830585
SWAY_PROFILE,patch_ready,52,14,830586
SWAY_PERF_OUTPUT,2907,45,830587
SWAY_PERF_OUTPUT,2908,127,830588
SWAY_PERF_OUTPUT,2909,-30,830589
SWAY_PERF_OUTPUT,2910,40,830590
SWAY_PERF_OUTPUT,2911,34,830591
SWAY_PERF_OUTPUT,2912,87,830592
SWAY_PERF_OUTPUT,2913,0,830593
SWAY_PERF_OUTPUT,2914,38,830594
SWAY_PERF_OUTPUT,2915,77,830595
SWAY_PERF_OUTPUT,2916,-2,830596
SWAY_PERF_OUTPUT,2917,28,830597
SWAY_PERF_OUTPUT,2918,70,830598
SWAY_PERF_OUTPUT,2919,-24,830599
SWAY_PERF_OUTPUT,2920,31,830600
SWAY_PERF_OUTPUT,2921,50,830601
SWAY_PERF_OUTPUT,2922,123,830602
SWAY_PERF_OUTPUT,2923,38,830603
SWAY_PERF_OUTPUT,2924,95,830604
SWAY_PERF_OUTPUT,2925,56,830605
SWAY_PERF_OUTPUT,2926,-18,830606
SWAY_PERF_OUTPUT,2927,-5,830607
SWAY_PERF_OUTPUT,2928,-13,830608
SWAY_PERF_OUTPUT,2929,72,830609
SWAY_PERF_OUTPUT,2930,46,830610
SWAY_PERF_OUTPUT,2931,35,830611
SWAY_PERF_OUTPUT,2932,17,830612
SWAY_PERF_OUTPUT,2933,-75,830613
SWAY_PERF_OUTPUT,2934,-6,830614
SWAY_PERF_OUTPUT,2935,-39,830615
SWAY_PERF_OUTPUT,2936,-28,830616
SWAY_PERF_OUTPUT,2937,-27,830617
SWAY_PERF_OUTPUT,2938,-60,830618
SWAY_PERF_OUTPUT,2939,-2,830619
SWAY_PERF_OUTPUT,2940,27,830620
SWAY_PERF_OUTPUT,2941,71,830621
SWAY_PERF_OUTPUT,2942,117,830622
SWAY_PERF_OUTPUT,2943,-2,830623
SWAY_PERF_OUTPUT,2944,-19,830624
SWAY_PERF_OUTPUT,2945,25,830625
SWAY_PERF_OUTPUT,2946,34,830626
SWAY_PERF_OUTPUT,2947,-36,830627
SWAY_PERF_OUTPUT,2948,21,830628
SWAY_PERF_OUTPUT,2949,-36,830629
SWAY_PERF_OUTPUT,2950,96,830630
SWAY_PERF_OUTPUT,2951,-49,830631
SWAY_PERF_OUTPUT,2952,50,830632
SWAY_PERF_OUTPUT,2953,-42,830633
SWAY_PERF_OUTPUT,2954,-96,830634
SWAY_PERF_OUTPUT,2955,0,830635
SWAY_PERF_OUTPUT,2956,27,830636
SWAY_PERF_OUTPUT,2957,-37,830637
SWAY_PERF_OUTPUT,2958,77,830638
SWAY_PERF_OUTPUT,2959,44,830639
SWAY_PERF_OUTPUT,2960,0,830640
SWAY_PERF_OUTPUT,2961,-56,830641
SWAY_PERF_OUTPUT,2962,-77,830642
SWAY_PERF_OUTPUT,2963,42,830643
SWAY_PERF_FRAME,51,830587,830643
SWAY_PROFILE,head_in,52,4,831485
SWAY_PROFILE,block0_in,52,12,831570
SWAY_PROFILE,block1_in,52,7,831570
SWAY_PROFILE,embedding_in,52,14,831572
SWAY_PROFILE,patch_ready,52,15,831573
SWAY_PERF_INPUT_FRAME,54,816072,831863
SWAY_PROFILE,head_in,52,5,832472
SWAY_PROFILE,block0_in,52,13,832557
SWAY_PROFILE,block1_in,52,8,832557
SWAY_PROFILE,embedding_in,52,15,832559
SWAY_PROFILE,patch_ready,53,0,832560
SWAY_PROFILE,head_in,52,6,833459
SWAY_PROFILE,block0_in,52,14,833544
SWAY_PROFILE,block1_in,52,9,833544
SWAY_PROFILE,embedding_in,53,0,833546
SWAY_PROFILE,patch_ready,53,1,833547
SWAY_PROFILE,head_in,52,7,834446
SWAY_PROFILE,block0_in,52,15,834531
SWAY_PROFILE,block1_in,52,10,834531
SWAY_PROFILE,embedding_in,53,1,834533
SWAY_PROFILE,patch_ready,53,2,834534
SWAY_PROFILE,head_in,52,8,835433
SWAY_PROFILE,block0_in,53,0,835518
SWAY_PROFILE,block1_in,52,11,835518
SWAY_PROFILE,embedding_in,53,2,835520
SWAY_PROFILE,patch_ready,53,3,835521
SWAY_PROFILE,head_in,52,9,836420
SWAY_PROFILE,block0_in,53,1,836505
SWAY_PROFILE,block1_in,52,12,836505
SWAY_PROFILE,embedding_in,53,3,836507
SWAY_PROFILE,patch_ready,53,4,836508
SWAY_PROFILE,head_in,52,10,837407
SWAY_PROFILE,block0_in,53,2,837492
SWAY_PROFILE,block1_in,52,13,837492
SWAY_PROFILE,embedding_in,53,4,837494
SWAY_PROFILE,patch_ready,53,5,837495
SWAY_PROFILE,head_in,52,11,838394
SWAY_PROFILE,block0_in,53,3,838479
SWAY_PROFILE,block1_in,52,14,838479
SWAY_PROFILE,embedding_in,53,5,838481
SWAY_PROFILE,patch_ready,53,6,838482
SWAY_PROFILE,head_in,52,12,839381
SWAY_PROFILE,block0_in,53,4,839466
SWAY_PROFILE,block1_in,52,15,839466
SWAY_PROFILE,embedding_in,53,6,839468
SWAY_PROFILE,patch_ready,53,7,839469
SWAY_PROFILE,head_in,52,13,840368
SWAY_PROFILE,block0_in,53,5,840453
SWAY_PROFILE,block1_in,53,0,840453
SWAY_PROFILE,embedding_in,53,7,840455
SWAY_PROFILE,patch_ready,53,8,840456
SWAY_PROFILE,head_in,52,14,841355
SWAY_PROFILE,block0_in,53,6,841440
SWAY_PROFILE,block1_in,53,1,841440
SWAY_PROFILE,embedding_in,53,8,841442
SWAY_PROFILE,patch_ready,53,9,841443
SWAY_PROFILE,head_in,52,15,842342
SWAY_PROFILE,block0_in,53,7,842427
SWAY_PROFILE,block1_in,53,2,842427
SWAY_PROFILE,embedding_in,53,9,842429
SWAY_PROFILE,patch_ready,53,10,842430
SWAY_PROFILE,head_in,53,0,843329
SWAY_PROFILE,block0_in,53,8,843414
SWAY_PROFILE,block1_in,53,3,843414
SWAY_PROFILE,embedding_in,53,10,843416
SWAY_PROFILE,patch_ready,53,11,843417
SWAY_PROFILE,head_in,53,1,844316
SWAY_PROFILE,block0_in,53,9,844401
SWAY_PROFILE,block1_in,53,4,844401
SWAY_PROFILE,embedding_in,53,11,844403
SWAY_PROFILE,patch_ready,53,12,844404
SWAY_PROFILE,head_in,53,2,845303
SWAY_PROFILE,block0_in,53,10,845388
SWAY_PROFILE,block1_in,53,5,845388
SWAY_PROFILE,embedding_in,53,12,845390
SWAY_PROFILE,patch_ready,53,13,845391
SWAY_PROFILE,head_output_in,52,0,845635
SWAY_PROFILE,head_in,53,3,846290
SWAY_PROFILE,block0_in,53,11,846375
SWAY_PROFILE,block1_in,53,6,846375
SWAY_PROFILE,embedding_in,53,13,846377
SWAY_PROFILE,serialize_in,52,0,846377
SWAY_PROFILE,patch_ready,53,14,846378
SWAY_PERF_OUTPUT,2964,21,846379
SWAY_PERF_OUTPUT,2965,1,846380
SWAY_PERF_OUTPUT,2966,5,846381
SWAY_PERF_OUTPUT,2967,-3,846382
SWAY_PERF_OUTPUT,2968,23,846383
SWAY_PERF_OUTPUT,2969,34,846384
SWAY_PERF_OUTPUT,2970,42,846385
SWAY_PERF_OUTPUT,2971,-2,846386
SWAY_PERF_OUTPUT,2972,-9,846387
SWAY_PERF_OUTPUT,2973,0,846388
SWAY_PERF_OUTPUT,2974,8,846389
SWAY_PERF_OUTPUT,2975,16,846390
SWAY_PERF_OUTPUT,2976,59,846391
SWAY_PERF_OUTPUT,2977,41,846392
SWAY_PERF_OUTPUT,2978,9,846393
SWAY_PERF_OUTPUT,2979,9,846394
SWAY_PERF_OUTPUT,2980,12,846395
SWAY_PERF_OUTPUT,2981,20,846396
SWAY_PERF_OUTPUT,2982,14,846397
SWAY_PERF_OUTPUT,2983,101,846398
SWAY_PERF_OUTPUT,2984,109,846399
SWAY_PERF_OUTPUT,2985,111,846400
SWAY_PERF_OUTPUT,2986,108,846401
SWAY_PERF_OUTPUT,2987,118,846402
SWAY_PERF_OUTPUT,2988,113,846403
SWAY_PERF_OUTPUT,2989,96,846404
SWAY_PERF_OUTPUT,2990,121,846405
SWAY_PERF_OUTPUT,2991,111,846406
SWAY_PERF_OUTPUT,2992,120,846407
SWAY_PERF_OUTPUT,2993,99,846408
SWAY_PERF_OUTPUT,2994,127,846409
SWAY_PERF_OUTPUT,2995,126,846410
SWAY_PERF_OUTPUT,2996,112,846411
SWAY_PERF_OUTPUT,2997,115,846412
SWAY_PERF_OUTPUT,2998,127,846413
SWAY_PERF_OUTPUT,2999,98,846414
SWAY_PERF_OUTPUT,3000,103,846415
SWAY_PERF_OUTPUT,3001,127,846416
SWAY_PERF_OUTPUT,3002,35,846417
SWAY_PERF_OUTPUT,3003,57,846418
SWAY_PERF_OUTPUT,3004,75,846419
SWAY_PERF_OUTPUT,3005,88,846420
SWAY_PERF_OUTPUT,3006,62,846421
SWAY_PERF_OUTPUT,3007,70,846422
SWAY_PERF_OUTPUT,3008,104,846423
SWAY_PERF_OUTPUT,3009,60,846424
SWAY_PERF_OUTPUT,3010,31,846425
SWAY_PERF_OUTPUT,3011,8,846426
SWAY_PERF_OUTPUT,3012,19,846427
SWAY_PERF_OUTPUT,3013,-29,846428
SWAY_PERF_OUTPUT,3014,-52,846429
SWAY_PERF_OUTPUT,3015,-46,846430
SWAY_PERF_OUTPUT,3016,31,846431
SWAY_PERF_OUTPUT,3017,-32,846432
SWAY_PERF_OUTPUT,3018,-54,846433
SWAY_PERF_OUTPUT,3019,-38,846434
SWAY_PERF_OUTPUT,3020,68,846435
SWAY_PERF_FRAME,52,846379,846435
SWAY_PROFILE,head_in,53,4,847277
SWAY_PROFILE,block0_in,53,12,847362
SWAY_PROFILE,block1_in,53,7,847362
SWAY_PROFILE,embedding_in,53,14,847364
SWAY_PROFILE,patch_ready,53,15,847365
SWAY_PERF_INPUT_FRAME,55,831864,847655
SWAY_PROFILE,head_in,53,5,848264
SWAY_PROFILE,block0_in,53,13,848349
SWAY_PROFILE,block1_in,53,8,848349
SWAY_PROFILE,embedding_in,53,15,848351
SWAY_PROFILE,patch_ready,54,0,848352
SWAY_PROFILE,head_in,53,6,849251
SWAY_PROFILE,block0_in,53,14,849336
SWAY_PROFILE,block1_in,53,9,849336
SWAY_PROFILE,embedding_in,54,0,849338
SWAY_PROFILE,patch_ready,54,1,849339
SWAY_PROFILE,head_in,53,7,850238
SWAY_PROFILE,block0_in,53,15,850323
SWAY_PROFILE,block1_in,53,10,850323
SWAY_PROFILE,embedding_in,54,1,850325
SWAY_PROFILE,patch_ready,54,2,850326
SWAY_PROFILE,head_in,53,8,851225
SWAY_PROFILE,block0_in,54,0,851310
SWAY_PROFILE,block1_in,53,11,851310
SWAY_PROFILE,embedding_in,54,2,851312
SWAY_PROFILE,patch_ready,54,3,851313
SWAY_PROFILE,head_in,53,9,852212
SWAY_PROFILE,block0_in,54,1,852297
SWAY_PROFILE,block1_in,53,12,852297
SWAY_PROFILE,embedding_in,54,3,852299
SWAY_PROFILE,patch_ready,54,4,852300
SWAY_PROFILE,head_in,53,10,853199
SWAY_PROFILE,block0_in,54,2,853284
SWAY_PROFILE,block1_in,53,13,853284
SWAY_PROFILE,embedding_in,54,4,853286
SWAY_PROFILE,patch_ready,54,5,853287
SWAY_PROFILE,head_in,53,11,854186
SWAY_PROFILE,block0_in,54,3,854271
SWAY_PROFILE,block1_in,53,14,854271
SWAY_PROFILE,embedding_in,54,5,854273
SWAY_PROFILE,patch_ready,54,6,854274
SWAY_PROFILE,head_in,53,12,855173
SWAY_PROFILE,block0_in,54,4,855258
SWAY_PROFILE,block1_in,53,15,855258
SWAY_PROFILE,embedding_in,54,6,855260
SWAY_PROFILE,patch_ready,54,7,855261
SWAY_PROFILE,head_in,53,13,856160
SWAY_PROFILE,block0_in,54,5,856245
SWAY_PROFILE,block1_in,54,0,856245
SWAY_PROFILE,embedding_in,54,7,856247
SWAY_PROFILE,patch_ready,54,8,856248
SWAY_PROFILE,head_in,53,14,857147
SWAY_PROFILE,block0_in,54,6,857232
SWAY_PROFILE,block1_in,54,1,857232
SWAY_PROFILE,embedding_in,54,8,857234
SWAY_PROFILE,patch_ready,54,9,857235
SWAY_PROFILE,head_in,53,15,858134
SWAY_PROFILE,block0_in,54,7,858219
SWAY_PROFILE,block1_in,54,2,858219
SWAY_PROFILE,embedding_in,54,9,858221
SWAY_PROFILE,patch_ready,54,10,858222
SWAY_PROFILE,head_in,54,0,859121
SWAY_PROFILE,block0_in,54,8,859206
SWAY_PROFILE,block1_in,54,3,859206
SWAY_PROFILE,embedding_in,54,10,859208
SWAY_PROFILE,patch_ready,54,11,859209
SWAY_PROFILE,head_in,54,1,860108
SWAY_PROFILE,block0_in,54,9,860193
SWAY_PROFILE,block1_in,54,4,860193
SWAY_PROFILE,embedding_in,54,11,860195
SWAY_PROFILE,patch_ready,54,12,860196
SWAY_PROFILE,head_in,54,2,861095
SWAY_PROFILE,block0_in,54,10,861180
SWAY_PROFILE,block1_in,54,5,861180
SWAY_PROFILE,embedding_in,54,12,861182
SWAY_PROFILE,patch_ready,54,13,861183
SWAY_PROFILE,head_output_in,53,0,861427
SWAY_PROFILE,head_in,54,3,862082
SWAY_PROFILE,block0_in,54,11,862167
SWAY_PROFILE,block1_in,54,6,862167
SWAY_PROFILE,embedding_in,54,13,862169
SWAY_PROFILE,serialize_in,53,0,862169
SWAY_PROFILE,patch_ready,54,14,862170
SWAY_PERF_OUTPUT,3021,61,862171
SWAY_PERF_OUTPUT,3022,72,862172
SWAY_PERF_OUTPUT,3023,58,862173
SWAY_PERF_OUTPUT,3024,63,862174
SWAY_PERF_OUTPUT,3025,71,862175
SWAY_PERF_OUTPUT,3026,59,862176
SWAY_PERF_OUTPUT,3027,17,862177
SWAY_PERF_OUTPUT,3028,69,862178
SWAY_PERF_OUTPUT,3029,80,862179
SWAY_PERF_OUTPUT,3030,102,862180
SWAY_PERF_OUTPUT,3031,53,862181
SWAY_PERF_OUTPUT,3032,68,862182
SWAY_PERF_OUTPUT,3033,58,862183
SWAY_PERF_OUTPUT,3034,56,862184
SWAY_PERF_OUTPUT,3035,48,862185
SWAY_PERF_OUTPUT,3036,37,862186
SWAY_PERF_OUTPUT,3037,13,862187
SWAY_PERF_OUTPUT,3038,20,862188
SWAY_PERF_OUTPUT,3039,73,862189
SWAY_PERF_OUTPUT,3040,118,862190
SWAY_PERF_OUTPUT,3041,127,862191
SWAY_PERF_OUTPUT,3042,127,862192
SWAY_PERF_OUTPUT,3043,127,862193
SWAY_PERF_OUTPUT,3044,127,862194
SWAY_PERF_OUTPUT,3045,116,862195
SWAY_PERF_OUTPUT,3046,88,862196
SWAY_PERF_OUTPUT,3047,127,862197
SWAY_PERF_OUTPUT,3048,120,862198
SWAY_PERF_OUTPUT,3049,119,862199
SWAY_PERF_OUTPUT,3050,127,862200
SWAY_PERF_OUTPUT,3051,110,862201
SWAY_PERF_OUTPUT,3052,121,862202
SWAY_PERF_OUTPUT,3053,118,862203
SWAY_PERF_OUTPUT,3054,127,862204
SWAY_PERF_OUTPUT,3055,127,862205
SWAY_PERF_OUTPUT,3056,127,862206
SWAY_PERF_OUTPUT,3057,127,862207
SWAY_PERF_OUTPUT,3058,127,862208
SWAY_PERF_OUTPUT,3059,-21,862209
SWAY_PERF_OUTPUT,3060,-2,862210
SWAY_PERF_OUTPUT,3061,32,862211
SWAY_PERF_OUTPUT,3062,32,862212
SWAY_PERF_OUTPUT,3063,17,862213
SWAY_PERF_OUTPUT,3064,-14,862214
SWAY_PERF_OUTPUT,3065,-22,862215
SWAY_PERF_OUTPUT,3066,-12,862216
SWAY_PERF_OUTPUT,3067,-47,862217
SWAY_PERF_OUTPUT,3068,-38,862218
SWAY_PERF_OUTPUT,3069,-36,862219
SWAY_PERF_OUTPUT,3070,-46,862220
SWAY_PERF_OUTPUT,3071,-81,862221
SWAY_PERF_OUTPUT,3072,-67,862222
SWAY_PERF_OUTPUT,3073,-17,862223
SWAY_PERF_OUTPUT,3074,-41,862224
SWAY_PERF_OUTPUT,3075,-65,862225
SWAY_PERF_OUTPUT,3076,-78,862226
SWAY_PERF_OUTPUT,3077,21,862227
SWAY_PERF_FRAME,53,862171,862227
SWAY_PROFILE,head_in,54,4,863069
SWAY_PROFILE,block0_in,54,12,863154
SWAY_PROFILE,block1_in,54,7,863154
SWAY_PROFILE,embedding_in,54,14,863156
SWAY_PROFILE,patch_ready,54,15,863157
SWAY_PERF_INPUT_FRAME,56,847656,863447
SWAY_PROFILE,head_in,54,5,864056
SWAY_PROFILE,block0_in,54,13,864141
SWAY_PROFILE,block1_in,54,8,864141
SWAY_PROFILE,embedding_in,54,15,864143
SWAY_PROFILE,patch_ready,55,0,864144
SWAY_PROFILE,head_in,54,6,865043
SWAY_PROFILE,block0_in,54,14,865128
SWAY_PROFILE,block1_in,54,9,865128
SWAY_PROFILE,embedding_in,55,0,865130
SWAY_PROFILE,patch_ready,55,1,865131
SWAY_PROFILE,head_in,54,7,866030
SWAY_PROFILE,block0_in,54,15,866115
SWAY_PROFILE,block1_in,54,10,866115
SWAY_PROFILE,embedding_in,55,1,866117
SWAY_PROFILE,patch_ready,55,2,866118
SWAY_PROFILE,head_in,54,8,867017
SWAY_PROFILE,block0_in,55,0,867102
SWAY_PROFILE,block1_in,54,11,867102
SWAY_PROFILE,embedding_in,55,2,867104
SWAY_PROFILE,patch_ready,55,3,867105
SWAY_PROFILE,head_in,54,9,868004
SWAY_PROFILE,block0_in,55,1,868089
SWAY_PROFILE,block1_in,54,12,868089
SWAY_PROFILE,embedding_in,55,3,868091
SWAY_PROFILE,patch_ready,55,4,868092
SWAY_PROFILE,head_in,54,10,868991
SWAY_PROFILE,block0_in,55,2,869076
SWAY_PROFILE,block1_in,54,13,869076
SWAY_PROFILE,embedding_in,55,4,869078
SWAY_PROFILE,patch_ready,55,5,869079
SWAY_PROFILE,head_in,54,11,869978
SWAY_PROFILE,block0_in,55,3,870063
SWAY_PROFILE,block1_in,54,14,870063
SWAY_PROFILE,embedding_in,55,5,870065
SWAY_PROFILE,patch_ready,55,6,870066
SWAY_PROFILE,head_in,54,12,870965
SWAY_PROFILE,block0_in,55,4,871050
SWAY_PROFILE,block1_in,54,15,871050
SWAY_PROFILE,embedding_in,55,6,871052
SWAY_PROFILE,patch_ready,55,7,871053
SWAY_PROFILE,head_in,54,13,871952
SWAY_PROFILE,block0_in,55,5,872037
SWAY_PROFILE,block1_in,55,0,872037
SWAY_PROFILE,embedding_in,55,7,872039
SWAY_PROFILE,patch_ready,55,8,872040
SWAY_PROFILE,head_in,54,14,872939
SWAY_PROFILE,block0_in,55,6,873024
SWAY_PROFILE,block1_in,55,1,873024
SWAY_PROFILE,embedding_in,55,8,873026
SWAY_PROFILE,patch_ready,55,9,873027
SWAY_PROFILE,head_in,54,15,873926
SWAY_PROFILE,block0_in,55,7,874011
SWAY_PROFILE,block1_in,55,2,874011
SWAY_PROFILE,embedding_in,55,9,874013
SWAY_PROFILE,patch_ready,55,10,874014
SWAY_PROFILE,head_in,55,0,874913
SWAY_PROFILE,block0_in,55,8,874998
SWAY_PROFILE,block1_in,55,3,874998
SWAY_PROFILE,embedding_in,55,10,875000
SWAY_PROFILE,patch_ready,55,11,875001
SWAY_PROFILE,head_in,55,1,875900
SWAY_PROFILE,block0_in,55,9,875985
SWAY_PROFILE,block1_in,55,4,875985
SWAY_PROFILE,embedding_in,55,11,875987
SWAY_PROFILE,patch_ready,55,12,875988
SWAY_PROFILE,head_in,55,2,876887
SWAY_PROFILE,block0_in,55,10,876972
SWAY_PROFILE,block1_in,55,5,876972
SWAY_PROFILE,embedding_in,55,12,876974
SWAY_PROFILE,patch_ready,55,13,876975
SWAY_PROFILE,head_output_in,54,0,877219
SWAY_PROFILE,head_in,55,3,877874
SWAY_PROFILE,block0_in,55,11,877959
SWAY_PROFILE,block1_in,55,6,877959
SWAY_PROFILE,embedding_in,55,13,877961
SWAY_PROFILE,serialize_in,54,0,877961
SWAY_PROFILE,patch_ready,55,14,877962
SWAY_PERF_OUTPUT,3078,7,877963
SWAY_PERF_OUTPUT,3079,7,877964
SWAY_PERF_OUTPUT,3080,6,877965
SWAY_PERF_OUTPUT,3081,6,877966
SWAY_PERF_OUTPUT,3082,12,877967
SWAY_PERF_OUTPUT,3083,16,877968
SWAY_PERF_OUTPUT,3084,19,877969
SWAY_PERF_OUTPUT,3085,1,877970
SWAY_PERF_OUTPUT,3086,-2,877971
SWAY_PERF_OUTPUT,3087,-3,877972
SWAY_PERF_OUTPUT,3088,9,877973
SWAY_PERF_OUTPUT,3089,10,877974
SWAY_PERF_OUTPUT,3090,11,877975
SWAY_PERF_OUTPUT,3091,11,877976
SWAY_PERF_OUTPUT,3092,4,877977
SWAY_PERF_OUTPUT,3093,2,877978
SWAY_PERF_OUTPUT,3094,0,877979
SWAY_PERF_OUTPUT,3095,0,877980
SWAY_PERF_OUTPUT,3096,7,877981
SWAY_PERF_OUTPUT,3097,63,877982
SWAY_PERF_OUTPUT,3098,63,877983
SWAY_PERF_OUTPUT,3099,63,877984
SWAY_PERF_OUTPUT,3100,62,877985
SWAY_PERF_OUTPUT,3101,62,877986
SWAY_PERF_OUTPUT,3102,63,877987
SWAY_PERF_OUTPUT,3103,61,877988
SWAY_PERF_OUTPUT,3104,62,877989
SWAY_PERF_OUTPUT,3105,63,877990
SWAY_PERF_OUTPUT,3106,61,877991
SWAY_PERF_OUTPUT,3107,62,877992
SWAY_PERF_OUTPUT,3108,62,877993
SWAY_PERF_OUTPUT,3109,63,877994
SWAY_PERF_OUTPUT,3110,61,877995
SWAY_PERF_OUTPUT,3111,62,877996
SWAY_PERF_OUTPUT,3112,62,877997
SWAY_PERF_OUTPUT,3113,63,877998
SWAY_PERF_OUTPUT,3114,60,877999
SWAY_PERF_OUTPUT,3115,63,878000
SWAY_PERF_OUTPUT,3116,-7,878001
SWAY_PERF_OUTPUT,3117,2,878002
SWAY_PERF_OUTPUT,3118,13,878003
SWAY_PERF_OUTPUT,3119,17,878004
SWAY_PERF_OUTPUT,3120,9,878005
SWAY_PERF_OUTPUT,3121,5,878006
SWAY_PERF_OUTPUT,3122,2,878007
SWAY_PERF_OUTPUT,3123,9,878008
SWAY_PERF_OUTPUT,3124,2,878009
SWAY_PERF_OUTPUT,3125,-4,878010
SWAY_PERF_OUTPUT,3126,-7,878011
SWAY_PERF_OUTPUT,3127,-17,878012
SWAY_PERF_OUTPUT,3128,-28,878013
SWAY_PERF_OUTPUT,3129,-29,878014
SWAY_PERF_OUTPUT,3130,-7,878015
SWAY_PERF_OUTPUT,3131,-16,878016
SWAY_PERF_OUTPUT,3132,-27,878017
SWAY_PERF_OUTPUT,3133,-29,878018
SWAY_PERF_OUTPUT,3134,10,878019
SWAY_PERF_FRAME,54,877963,878019
SWAY_PROFILE,head_in,55,4,878861
SWAY_PROFILE,block0_in,55,12,878946
SWAY_PROFILE,block1_in,55,7,878946
SWAY_PROFILE,embedding_in,55,14,878948
SWAY_PROFILE,patch_ready,55,15,878949
SWAY_PERF_INPUT_FRAME,57,863448,879239
SWAY_PROFILE,head_in,55,5,879848
SWAY_PROFILE,block0_in,55,13,879933
SWAY_PROFILE,block1_in,55,8,879933
SWAY_PROFILE,embedding_in,55,15,879935
SWAY_PROFILE,patch_ready,56,0,879936
SWAY_PROFILE,head_in,55,6,880835
SWAY_PROFILE,block0_in,55,14,880920
SWAY_PROFILE,block1_in,55,9,880920
SWAY_PROFILE,embedding_in,56,0,880922
SWAY_PROFILE,patch_ready,56,1,880923
SWAY_PROFILE,head_in,55,7,881822
SWAY_PROFILE,block0_in,55,15,881907
SWAY_PROFILE,block1_in,55,10,881907
SWAY_PROFILE,embedding_in,56,1,881909
SWAY_PROFILE,patch_ready,56,2,881910
SWAY_PROFILE,head_in,55,8,882809
SWAY_PROFILE,block0_in,56,0,882894
SWAY_PROFILE,block1_in,55,11,882894
SWAY_PROFILE,embedding_in,56,2,882896
SWAY_PROFILE,patch_ready,56,3,882897
SWAY_PROFILE,head_in,55,9,883796
SWAY_PROFILE,block0_in,56,1,883881
SWAY_PROFILE,block1_in,55,12,883881
SWAY_PROFILE,embedding_in,56,3,883883
SWAY_PROFILE,patch_ready,56,4,883884
SWAY_PROFILE,head_in,55,10,884783
SWAY_PROFILE,block0_in,56,2,884868
SWAY_PROFILE,block1_in,55,13,884868
SWAY_PROFILE,embedding_in,56,4,884870
SWAY_PROFILE,patch_ready,56,5,884871
SWAY_PROFILE,head_in,55,11,885770
SWAY_PROFILE,block0_in,56,3,885855
SWAY_PROFILE,block1_in,55,14,885855
SWAY_PROFILE,embedding_in,56,5,885857
SWAY_PROFILE,patch_ready,56,6,885858
SWAY_PROFILE,head_in,55,12,886757
SWAY_PROFILE,block0_in,56,4,886842
SWAY_PROFILE,block1_in,55,15,886842
SWAY_PROFILE,embedding_in,56,6,886844
SWAY_PROFILE,patch_ready,56,7,886845
SWAY_PROFILE,head_in,55,13,887744
SWAY_PROFILE,block0_in,56,5,887829
SWAY_PROFILE,block1_in,56,0,887829
SWAY_PROFILE,embedding_in,56,7,887831
SWAY_PROFILE,patch_ready,56,8,887832
SWAY_PROFILE,head_in,55,14,888731
SWAY_PROFILE,block0_in,56,6,888816
SWAY_PROFILE,block1_in,56,1,888816
SWAY_PROFILE,embedding_in,56,8,888818
SWAY_PROFILE,patch_ready,56,9,888819
SWAY_PROFILE,head_in,55,15,889718
SWAY_PROFILE,block0_in,56,7,889803
SWAY_PROFILE,block1_in,56,2,889803
SWAY_PROFILE,embedding_in,56,9,889805
SWAY_PROFILE,patch_ready,56,10,889806
SWAY_PROFILE,head_in,56,0,890705
SWAY_PROFILE,block0_in,56,8,890790
SWAY_PROFILE,block1_in,56,3,890790
SWAY_PROFILE,embedding_in,56,10,890792
SWAY_PROFILE,patch_ready,56,11,890793
SWAY_PROFILE,head_in,56,1,891692
SWAY_PROFILE,block0_in,56,9,891777
SWAY_PROFILE,block1_in,56,4,891777
SWAY_PROFILE,embedding_in,56,11,891779
SWAY_PROFILE,patch_ready,56,12,891780
SWAY_PROFILE,head_in,56,2,892679
SWAY_PROFILE,block0_in,56,10,892764
SWAY_PROFILE,block1_in,56,5,892764
SWAY_PROFILE,embedding_in,56,12,892766
SWAY_PROFILE,patch_ready,56,13,892767
SWAY_PROFILE,head_output_in,55,0,893011
SWAY_PROFILE,head_in,56,3,893666
SWAY_PROFILE,block0_in,56,11,893751
SWAY_PROFILE,block1_in,56,6,893751
SWAY_PROFILE,embedding_in,56,13,893753
SWAY_PROFILE,serialize_in,55,0,893753
SWAY_PROFILE,patch_ready,56,14,893754
SWAY_PERF_OUTPUT,3135,7,893755
SWAY_PERF_OUTPUT,3136,7,893756
SWAY_PERF_OUTPUT,3137,6,893757
SWAY_PERF_OUTPUT,3138,6,893758
SWAY_PERF_OUTPUT,3139,12,893759
SWAY_PERF_OUTPUT,3140,16,893760
SWAY_PERF_OUTPUT,3141,19,893761
SWAY_PERF_OUTPUT,3142,1,893762
SWAY_PERF_OUTPUT,3143,-2,893763
SWAY_PERF_OUTPUT,3144,-3,893764
SWAY_PERF_OUTPUT,3145,9,893765
SWAY_PERF_OUTPUT,3146,10,893766
SWAY_PERF_OUTPUT,3147,11,893767
SWAY_PERF_OUTPUT,3148,11,893768
SWAY_PERF_OUTPUT,3149,4,893769
SWAY_PERF_OUTPUT,3150,2,893770
SWAY_PERF_OUTPUT,3151,0,893771
SWAY_PERF_OUTPUT,3152,0,893772
SWAY_PERF_OUTPUT,3153,7,893773
SWAY_PERF_OUTPUT,3154,63,893774
SWAY_PERF_OUTPUT,3155,63,893775
SWAY_PERF_OUTPUT,3156,63,893776
SWAY_PERF_OUTPUT,3157,62,893777
SWAY_PERF_OUTPUT,3158,62,893778
SWAY_PERF_OUTPUT,3159,63,893779
SWAY_PERF_OUTPUT,3160,61,893780
SWAY_PERF_OUTPUT,3161,62,893781
SWAY_PERF_OUTPUT,3162,63,893782
SWAY_PERF_OUTPUT,3163,61,893783
SWAY_PERF_OUTPUT,3164,62,893784
SWAY_PERF_OUTPUT,3165,62,893785
SWAY_PERF_OUTPUT,3166,63,893786
SWAY_PERF_OUTPUT,3167,61,893787
SWAY_PERF_OUTPUT,3168,62,893788
SWAY_PERF_OUTPUT,3169,62,893789
SWAY_PERF_OUTPUT,3170,63,893790
SWAY_PERF_OUTPUT,3171,60,893791
SWAY_PERF_OUTPUT,3172,63,893792
SWAY_PERF_OUTPUT,3173,-7,893793
SWAY_PERF_OUTPUT,3174,2,893794
SWAY_PERF_OUTPUT,3175,13,893795
SWAY_PERF_OUTPUT,3176,17,893796
SWAY_PERF_OUTPUT,3177,9,893797
SWAY_PERF_OUTPUT,3178,5,893798
SWAY_PERF_OUTPUT,3179,2,893799
SWAY_PERF_OUTPUT,3180,9,893800
SWAY_PERF_OUTPUT,3181,2,893801
SWAY_PERF_OUTPUT,3182,-4,893802
SWAY_PERF_OUTPUT,3183,-7,893803
SWAY_PERF_OUTPUT,3184,-17,893804
SWAY_PERF_OUTPUT,3185,-28,893805
SWAY_PERF_OUTPUT,3186,-29,893806
SWAY_PERF_OUTPUT,3187,-7,893807
SWAY_PERF_OUTPUT,3188,-16,893808
SWAY_PERF_OUTPUT,3189,-27,893809
SWAY_PERF_OUTPUT,3190,-29,893810
SWAY_PERF_OUTPUT,3191,10,893811
SWAY_PERF_FRAME,55,893755,893811
SWAY_PROFILE,head_in,56,4,894653
SWAY_PROFILE,block0_in,56,12,894738
SWAY_PROFILE,block1_in,56,7,894738
SWAY_PROFILE,embedding_in,56,14,894740
SWAY_PROFILE,patch_ready,56,15,894741
SWAY_PERF_INPUT_FRAME,58,879240,895031
SWAY_PROFILE,head_in,56,5,895640
SWAY_PROFILE,block0_in,56,13,895725
SWAY_PROFILE,block1_in,56,8,895725
SWAY_PROFILE,embedding_in,56,15,895727
SWAY_PROFILE,patch_ready,57,0,895728
SWAY_PROFILE,head_in,56,6,896627
SWAY_PROFILE,block0_in,56,14,896712
SWAY_PROFILE,block1_in,56,9,896712
SWAY_PROFILE,embedding_in,57,0,896714
SWAY_PROFILE,patch_ready,57,1,896715
SWAY_PROFILE,head_in,56,7,897614
SWAY_PROFILE,block0_in,56,15,897699
SWAY_PROFILE,block1_in,56,10,897699
SWAY_PROFILE,embedding_in,57,1,897701
SWAY_PROFILE,patch_ready,57,2,897702
SWAY_PROFILE,head_in,56,8,898601
SWAY_PROFILE,block0_in,57,0,898686
SWAY_PROFILE,block1_in,56,11,898686
SWAY_PROFILE,embedding_in,57,2,898688
SWAY_PROFILE,patch_ready,57,3,898689
SWAY_PROFILE,head_in,56,9,899588
SWAY_PROFILE,block0_in,57,1,899673
SWAY_PROFILE,block1_in,56,12,899673
SWAY_PROFILE,embedding_in,57,3,899675
SWAY_PROFILE,patch_ready,57,4,899676
SWAY_PROFILE,head_in,56,10,900575
SWAY_PROFILE,block0_in,57,2,900660
SWAY_PROFILE,block1_in,56,13,900660
SWAY_PROFILE,embedding_in,57,4,900662
SWAY_PROFILE,patch_ready,57,5,900663
SWAY_PROFILE,head_in,56,11,901562
SWAY_PROFILE,block0_in,57,3,901647
SWAY_PROFILE,block1_in,56,14,901647
SWAY_PROFILE,embedding_in,57,5,901649
SWAY_PROFILE,patch_ready,57,6,901650
SWAY_PROFILE,head_in,56,12,902549
SWAY_PROFILE,block0_in,57,4,902634
SWAY_PROFILE,block1_in,56,15,902634
SWAY_PROFILE,embedding_in,57,6,902636
SWAY_PROFILE,patch_ready,57,7,902637
SWAY_PROFILE,head_in,56,13,903536
SWAY_PROFILE,block0_in,57,5,903621
SWAY_PROFILE,block1_in,57,0,903621
SWAY_PROFILE,embedding_in,57,7,903623
SWAY_PROFILE,patch_ready,57,8,903624
SWAY_PROFILE,head_in,56,14,904523
SWAY_PROFILE,block0_in,57,6,904608
SWAY_PROFILE,block1_in,57,1,904608
SWAY_PROFILE,embedding_in,57,8,904610
SWAY_PROFILE,patch_ready,57,9,904611
SWAY_PROFILE,head_in,56,15,905510
SWAY_PROFILE,block0_in,57,7,905595
SWAY_PROFILE,block1_in,57,2,905595
SWAY_PROFILE,embedding_in,57,9,905597
SWAY_PROFILE,patch_ready,57,10,905598
SWAY_PROFILE,head_in,57,0,906497
SWAY_PROFILE,block0_in,57,8,906582
SWAY_PROFILE,block1_in,57,3,906582
SWAY_PROFILE,embedding_in,57,10,906584
SWAY_PROFILE,patch_ready,57,11,906585
SWAY_PROFILE,head_in,57,1,907484
SWAY_PROFILE,block0_in,57,9,907569
SWAY_PROFILE,block1_in,57,4,907569
SWAY_PROFILE,embedding_in,57,11,907571
SWAY_PROFILE,patch_ready,57,12,907572
SWAY_PROFILE,head_in,57,2,908471
SWAY_PROFILE,block0_in,57,10,908556
SWAY_PROFILE,block1_in,57,5,908556
SWAY_PROFILE,embedding_in,57,12,908558
SWAY_PROFILE,patch_ready,57,13,908559
SWAY_PROFILE,head_output_in,56,0,908803
SWAY_PROFILE,head_in,57,3,909458
SWAY_PROFILE,block0_in,57,11,909543
SWAY_PROFILE,block1_in,57,6,909543
SWAY_PROFILE,embedding_in,57,13,909545
SWAY_PROFILE,serialize_in,56,0,909545
SWAY_PROFILE,patch_ready,57,14,909546
SWAY_PERF_OUTPUT,3192,7,909547
SWAY_PERF_OUTPUT,3193,7,909548
SWAY_PERF_OUTPUT,3194,6,909549
SWAY_PERF_OUTPUT,3195,6,909550
SWAY_PERF_OUTPUT,3196,12,909551
SWAY_PERF_OUTPUT,3197,16,909552
SWAY_PERF_OUTPUT,3198,19,909553
SWAY_PERF_OUTPUT,3199,1,909554
SWAY_PERF_OUTPUT,3200,-2,909555
SWAY_PERF_OUTPUT,3201,-3,909556
SWAY_PERF_OUTPUT,3202,9,909557
SWAY_PERF_OUTPUT,3203,10,909558
SWAY_PERF_OUTPUT,3204,11,909559
SWAY_PERF_OUTPUT,3205,11,909560
SWAY_PERF_OUTPUT,3206,4,909561
SWAY_PERF_OUTPUT,3207,2,909562
SWAY_PERF_OUTPUT,3208,0,909563
SWAY_PERF_OUTPUT,3209,0,909564
SWAY_PERF_OUTPUT,3210,7,909565
SWAY_PERF_OUTPUT,3211,63,909566
SWAY_PERF_OUTPUT,3212,63,909567
SWAY_PERF_OUTPUT,3213,63,909568
SWAY_PERF_OUTPUT,3214,62,909569
SWAY_PERF_OUTPUT,3215,62,909570
SWAY_PERF_OUTPUT,3216,63,909571
SWAY_PERF_OUTPUT,3217,61,909572
SWAY_PERF_OUTPUT,3218,62,909573
SWAY_PERF_OUTPUT,3219,63,909574
SWAY_PERF_OUTPUT,3220,61,909575
SWAY_PERF_OUTPUT,3221,62,909576
SWAY_PERF_OUTPUT,3222,62,909577
SWAY_PERF_OUTPUT,3223,63,909578
SWAY_PERF_OUTPUT,3224,61,909579
SWAY_PERF_OUTPUT,3225,62,909580
SWAY_PERF_OUTPUT,3226,62,909581
SWAY_PERF_OUTPUT,3227,63,909582
SWAY_PERF_OUTPUT,3228,60,909583
SWAY_PERF_OUTPUT,3229,63,909584
SWAY_PERF_OUTPUT,3230,-7,909585
SWAY_PERF_OUTPUT,3231,2,909586
SWAY_PERF_OUTPUT,3232,13,909587
SWAY_PERF_OUTPUT,3233,17,909588
SWAY_PERF_OUTPUT,3234,9,909589
SWAY_PERF_OUTPUT,3235,5,909590
SWAY_PERF_OUTPUT,3236,2,909591
SWAY_PERF_OUTPUT,3237,9,909592
SWAY_PERF_OUTPUT,3238,2,909593
SWAY_PERF_OUTPUT,3239,-4,909594
SWAY_PERF_OUTPUT,3240,-7,909595
SWAY_PERF_OUTPUT,3241,-17,909596
SWAY_PERF_OUTPUT,3242,-28,909597
SWAY_PERF_OUTPUT,3243,-29,909598
SWAY_PERF_OUTPUT,3244,-7,909599
SWAY_PERF_OUTPUT,3245,-16,909600
SWAY_PERF_OUTPUT,3246,-27,909601
SWAY_PERF_OUTPUT,3247,-29,909602
SWAY_PERF_OUTPUT,3248,10,909603
SWAY_PERF_FRAME,56,909547,909603
SWAY_PROFILE,head_in,57,4,910445
SWAY_PROFILE,block0_in,57,12,910530
SWAY_PROFILE,block1_in,57,7,910530
SWAY_PROFILE,embedding_in,57,14,910532
SWAY_PROFILE,patch_ready,57,15,910533
SWAY_PERF_INPUT_FRAME,59,895032,910823
SWAY_PROFILE,head_in,57,5,911432
SWAY_PROFILE,block0_in,57,13,911517
SWAY_PROFILE,block1_in,57,8,911517
SWAY_PROFILE,embedding_in,57,15,911519
SWAY_PROFILE,patch_ready,58,0,911520
SWAY_PROFILE,head_in,57,6,912419
SWAY_PROFILE,block0_in,57,14,912504
SWAY_PROFILE,block1_in,57,9,912504
SWAY_PROFILE,embedding_in,58,0,912506
SWAY_PROFILE,patch_ready,58,1,912507
SWAY_PROFILE,head_in,57,7,913406
SWAY_PROFILE,block0_in,57,15,913491
SWAY_PROFILE,block1_in,57,10,913491
SWAY_PROFILE,embedding_in,58,1,913493
SWAY_PROFILE,patch_ready,58,2,913494
SWAY_PROFILE,head_in,57,8,914393
SWAY_PROFILE,block0_in,58,0,914478
SWAY_PROFILE,block1_in,57,11,914478
SWAY_PROFILE,embedding_in,58,2,914480
SWAY_PROFILE,patch_ready,58,3,914481
SWAY_PROFILE,head_in,57,9,915380
SWAY_PROFILE,block0_in,58,1,915465
SWAY_PROFILE,block1_in,57,12,915465
SWAY_PROFILE,embedding_in,58,3,915467
SWAY_PROFILE,patch_ready,58,4,915468
SWAY_PROFILE,head_in,57,10,916367
SWAY_PROFILE,block0_in,58,2,916452
SWAY_PROFILE,block1_in,57,13,916452
SWAY_PROFILE,embedding_in,58,4,916454
SWAY_PROFILE,patch_ready,58,5,916455
SWAY_PROFILE,head_in,57,11,917354
SWAY_PROFILE,block0_in,58,3,917439
SWAY_PROFILE,block1_in,57,14,917439
SWAY_PROFILE,embedding_in,58,5,917441
SWAY_PROFILE,patch_ready,58,6,917442
SWAY_PROFILE,head_in,57,12,918341
SWAY_PROFILE,block0_in,58,4,918426
SWAY_PROFILE,block1_in,57,15,918426
SWAY_PROFILE,embedding_in,58,6,918428
SWAY_PROFILE,patch_ready,58,7,918429
SWAY_PROFILE,head_in,57,13,919328
SWAY_PROFILE,block0_in,58,5,919413
SWAY_PROFILE,block1_in,58,0,919413
SWAY_PROFILE,embedding_in,58,7,919415
SWAY_PROFILE,patch_ready,58,8,919416
SWAY_PROFILE,head_in,57,14,920315
SWAY_PROFILE,block0_in,58,6,920400
SWAY_PROFILE,block1_in,58,1,920400
SWAY_PROFILE,embedding_in,58,8,920402
SWAY_PROFILE,patch_ready,58,9,920403
SWAY_PROFILE,head_in,57,15,921302
SWAY_PROFILE,block0_in,58,7,921387
SWAY_PROFILE,block1_in,58,2,921387
SWAY_PROFILE,embedding_in,58,9,921389
SWAY_PROFILE,patch_ready,58,10,921390
SWAY_PROFILE,head_in,58,0,922289
SWAY_PROFILE,block0_in,58,8,922374
SWAY_PROFILE,block1_in,58,3,922374
SWAY_PROFILE,embedding_in,58,10,922376
SWAY_PROFILE,patch_ready,58,11,922377
SWAY_PROFILE,head_in,58,1,923276
SWAY_PROFILE,block0_in,58,9,923361
SWAY_PROFILE,block1_in,58,4,923361
SWAY_PROFILE,embedding_in,58,11,923363
SWAY_PROFILE,patch_ready,58,12,923364
SWAY_PROFILE,head_in,58,2,924263
SWAY_PROFILE,block0_in,58,10,924348
SWAY_PROFILE,block1_in,58,5,924348
SWAY_PROFILE,embedding_in,58,12,924350
SWAY_PROFILE,patch_ready,58,13,924351
SWAY_PROFILE,head_output_in,57,0,924595
SWAY_PROFILE,head_in,58,3,925250
SWAY_PROFILE,block0_in,58,11,925335
SWAY_PROFILE,block1_in,58,6,925335
SWAY_PROFILE,embedding_in,58,13,925337
SWAY_PROFILE,serialize_in,57,0,925337
SWAY_PROFILE,patch_ready,58,14,925338
SWAY_PERF_OUTPUT,3249,7,925339
SWAY_PERF_OUTPUT,3250,8,925340
SWAY_PERF_OUTPUT,3251,8,925341
SWAY_PERF_OUTPUT,3252,8,925342
SWAY_PERF_OUTPUT,3253,13,925343
SWAY_PERF_OUTPUT,3254,17,925344
SWAY_PERF_OUTPUT,3255,20,925345
SWAY_PERF_OUTPUT,3256,2,925346
SWAY_PERF_OUTPUT,3257,-2,925347
SWAY_PERF_OUTPUT,3258,-5,925348
SWAY_PERF_OUTPUT,3259,10,925349
SWAY_PERF_OUTPUT,3260,11,925350
SWAY_PERF_OUTPUT,3261,10,925351
SWAY_PERF_OUTPUT,3262,11,925352
SWAY_PERF_OUTPUT,3263,5,925353
SWAY_PERF_OUTPUT,3264,3,925354
SWAY_PERF_OUTPUT,3265,0,925355
SWAY_PERF_OUTPUT,3266,0,925356
SWAY_PERF_OUTPUT,3267,8,925357
SWAY_PERF_OUTPUT,3268,62,925358
SWAY_PERF_OUTPUT,3269,62,925359
SWAY_PERF_OUTPUT,3270,62,925360
SWAY_PERF_OUTPUT,3271,62,925361
SWAY_PERF_OUTPUT,3272,62,925362
SWAY_PERF_OUTPUT,3273,62,925363
SWAY_PERF_OUTPUT,3274,60,925364
SWAY_PERF_OUTPUT,3275,61,925365
SWAY_PERF_OUTPUT,3276,61,925366
SWAY_PERF_OUTPUT,3277,60,925367
SWAY_PERF_OUTPUT,3278,61,925368
SWAY_PERF_OUTPUT,3279,60,925369
SWAY_PERF_OUTPUT,3280,62,925370
SWAY_PERF_OUTPUT,3281,59,925371
SWAY_PERF_OUTPUT,3282,61,925372
SWAY_PERF_OUTPUT,3283,61,925373
SWAY_PERF_OUTPUT,3284,64,925374
SWAY_PERF_OUTPUT,3285,60,925375
SWAY_PERF_OUTPUT,3286,62,925376
SWAY_PERF_OUTPUT,3287,-6,925377
SWAY_PERF_OUTPUT,3288,4,925378
SWAY_PERF_OUTPUT,3289,14,925379
SWAY_PERF_OUTPUT,3290,18,925380
SWAY_PERF_OUTPUT,3291,10,925381
SWAY_PERF_OUTPUT,3292,6,925382
SWAY_PERF_OUTPUT,3293,-1,925383
SWAY_PERF_OUTPUT,3294,10,925384
SWAY_PERF_OUTPUT,3295,4,925385
SWAY_PERF_OUTPUT,3296,-1,925386
SWAY_PERF_OUTPUT,3297,-5,925387
SWAY_PERF_OUTPUT,3298,-16,925388
SWAY_PERF_OUTPUT,3299,-26,925389
SWAY_PERF_OUTPUT,3300,-29,925390
SWAY_PERF_OUTPUT,3301,-6,925391
SWAY_PERF_OUTPUT,3302,-15,925392
SWAY_PERF_OUTPUT,3303,-26,925393
SWAY_PERF_OUTPUT,3304,-28,925394
SWAY_PERF_OUTPUT,3305,11,925395
SWAY_PERF_FRAME,57,925339,925395
SWAY_PROFILE,head_in,58,4,926237
SWAY_PROFILE,block0_in,58,12,926322
SWAY_PROFILE,block1_in,58,7,926322
SWAY_PROFILE,embedding_in,58,14,926324
SWAY_PROFILE,patch_ready,58,15,926325
SWAY_PERF_INPUT_FRAME,60,910824,926615
SWAY_PROFILE,head_in,58,5,927224
SWAY_PROFILE,block0_in,58,13,927309
SWAY_PROFILE,block1_in,58,8,927309
SWAY_PROFILE,embedding_in,58,15,927311
SWAY_PROFILE,patch_ready,59,0,927312
SWAY_PROFILE,head_in,58,6,928211
SWAY_PROFILE,block0_in,58,14,928296
SWAY_PROFILE,block1_in,58,9,928296
SWAY_PROFILE,embedding_in,59,0,928298
SWAY_PROFILE,patch_ready,59,1,928299
SWAY_PROFILE,head_in,58,7,929198
SWAY_PROFILE,block0_in,58,15,929283
SWAY_PROFILE,block1_in,58,10,929283
SWAY_PROFILE,embedding_in,59,1,929285
SWAY_PROFILE,patch_ready,59,2,929286
SWAY_PROFILE,head_in,58,8,930185
SWAY_PROFILE,block0_in,59,0,930270
SWAY_PROFILE,block1_in,58,11,930270
SWAY_PROFILE,embedding_in,59,2,930272
SWAY_PROFILE,patch_ready,59,3,930273
SWAY_PROFILE,head_in,58,9,931172
SWAY_PROFILE,block0_in,59,1,931257
SWAY_PROFILE,block1_in,58,12,931257
SWAY_PROFILE,embedding_in,59,3,931259
SWAY_PROFILE,patch_ready,59,4,931260
SWAY_PROFILE,head_in,58,10,932159
SWAY_PROFILE,block0_in,59,2,932244
SWAY_PROFILE,block1_in,58,13,932244
SWAY_PROFILE,embedding_in,59,4,932246
SWAY_PROFILE,patch_ready,59,5,932247
SWAY_PROFILE,head_in,58,11,933146
SWAY_PROFILE,block0_in,59,3,933231
SWAY_PROFILE,block1_in,58,14,933231
SWAY_PROFILE,embedding_in,59,5,933233
SWAY_PROFILE,patch_ready,59,6,933234
SWAY_PROFILE,head_in,58,12,934133
SWAY_PROFILE,block0_in,59,4,934218
SWAY_PROFILE,block1_in,58,15,934218
SWAY_PROFILE,embedding_in,59,6,934220
SWAY_PROFILE,patch_ready,59,7,934221
SWAY_PROFILE,head_in,58,13,935120
SWAY_PROFILE,block0_in,59,5,935205
SWAY_PROFILE,block1_in,59,0,935205
SWAY_PROFILE,embedding_in,59,7,935207
SWAY_PROFILE,patch_ready,59,8,935208
SWAY_PROFILE,head_in,58,14,936107
SWAY_PROFILE,block0_in,59,6,936192
SWAY_PROFILE,block1_in,59,1,936192
SWAY_PROFILE,embedding_in,59,8,936194
SWAY_PROFILE,patch_ready,59,9,936195
SWAY_PROFILE,head_in,58,15,937094
SWAY_PROFILE,block0_in,59,7,937179
SWAY_PROFILE,block1_in,59,2,937179
SWAY_PROFILE,embedding_in,59,9,937181
SWAY_PROFILE,patch_ready,59,10,937182
SWAY_PROFILE,head_in,59,0,938081
SWAY_PROFILE,block0_in,59,8,938166
SWAY_PROFILE,block1_in,59,3,938166
SWAY_PROFILE,embedding_in,59,10,938168
SWAY_PROFILE,patch_ready,59,11,938169
SWAY_PROFILE,head_in,59,1,939068
SWAY_PROFILE,block0_in,59,9,939153
SWAY_PROFILE,block1_in,59,4,939153
SWAY_PROFILE,embedding_in,59,11,939155
SWAY_PROFILE,patch_ready,59,12,939156
SWAY_PROFILE,head_in,59,2,940055
SWAY_PROFILE,block0_in,59,10,940140
SWAY_PROFILE,block1_in,59,5,940140
SWAY_PROFILE,embedding_in,59,12,940142
SWAY_PROFILE,patch_ready,59,13,940143
SWAY_PROFILE,head_output_in,58,0,940387
SWAY_PROFILE,head_in,59,3,941042
SWAY_PROFILE,block0_in,59,11,941127
SWAY_PROFILE,block1_in,59,6,941127
SWAY_PROFILE,embedding_in,59,13,941129
SWAY_PROFILE,serialize_in,58,0,941129
SWAY_PROFILE,patch_ready,59,14,941130
SWAY_PERF_OUTPUT,3306,8,941131
SWAY_PERF_OUTPUT,3307,9,941132
SWAY_PERF_OUTPUT,3308,8,941133
SWAY_PERF_OUTPUT,3309,9,941134
SWAY_PERF_OUTPUT,3310,13,941135
SWAY_PERF_OUTPUT,3311,16,941136
SWAY_PERF_OUTPUT,3312,15,941137
SWAY_PERF_OUTPUT,3313,4,941138
SWAY_PERF_OUTPUT,3314,1,941139
SWAY_PERF_OUTPUT,3315,0,941140
SWAY_PERF_OUTPUT,3316,10,941141
SWAY_PERF_OUTPUT,3317,10,941142
SWAY_PERF_OUTPUT,3318,8,941143
SWAY_PERF_OUTPUT,3319,8,941144
SWAY_PERF_OUTPUT,3320,6,941145
SWAY_PERF_OUTPUT,3321,4,941146
SWAY_PERF_OUTPUT,3322,2,941147
SWAY_PERF_OUTPUT,3323,1,941148
SWAY_PERF_OUTPUT,3324,9,941149
SWAY_PERF_OUTPUT,3325,63,941150
SWAY_PERF_OUTPUT,3326,63,941151
SWAY_PERF_OUTPUT,3327,63,941152
SWAY_PERF_OUTPUT,3328,63,941153
SWAY_PERF_OUTPUT,3329,62,941154
SWAY_PERF_OUTPUT,3330,62,941155
SWAY_PERF_OUTPUT,3331,60,941156
SWAY_PERF_OUTPUT,3332,62,941157
SWAY_PERF_OUTPUT,3333,64,941158
SWAY_PERF_OUTPUT,3334,62,941159
SWAY_PERF_OUTPUT,3335,62,941160
SWAY_PERF_OUTPUT,3336,62,941161
SWAY_PERF_OUTPUT,3337,63,941162
SWAY_PERF_OUTPUT,3338,62,941163
SWAY_PERF_OUTPUT,3339,62,941164
SWAY_PERF_OUTPUT,3340,62,941165
SWAY_PERF_OUTPUT,3341,63,941166
SWAY_PERF_OUTPUT,3342,59,941167
SWAY_PERF_OUTPUT,3343,63,941168
SWAY_PERF_OUTPUT,3344,-8,941169
SWAY_PERF_OUTPUT,3345,2,941170
SWAY_PERF_OUTPUT,3346,13,941171
SWAY_PERF_OUTPUT,3347,17,941172
SWAY_PERF_OUTPUT,3348,9,941173
SWAY_PERF_OUTPUT,3349,2,941174
SWAY_PERF_OUTPUT,3350,-4,941175
SWAY_PERF_OUTPUT,3351,8,941176
SWAY_PERF_OUTPUT,3352,2,941177
SWAY_PERF_OUTPUT,3353,-4,941178
SWAY_PERF_OUTPUT,3354,-7,941179
SWAY_PERF_OUTPUT,3355,-17,941180
SWAY_PERF_OUTPUT,3356,-28,941181
SWAY_PERF_OUTPUT,3357,-30,941182
SWAY_PERF_OUTPUT,3358,-7,941183
SWAY_PERF_OUTPUT,3359,-16,941184
SWAY_PERF_OUTPUT,3360,-26,941185
SWAY_PERF_OUTPUT,3361,-29,941186
SWAY_PERF_OUTPUT,3362,10,941187
SWAY_PERF_FRAME,58,941131,941187
SWAY_PROFILE,head_in,59,4,942029
SWAY_PROFILE,block0_in,59,12,942114
SWAY_PROFILE,block1_in,59,7,942114
SWAY_PROFILE,embedding_in,59,14,942116
SWAY_PROFILE,patch_ready,59,15,942117
SWAY_PERF_INPUT_FRAME,61,926616,942407
SWAY_PROFILE,head_in,59,5,943016
SWAY_PROFILE,block0_in,59,13,943101
SWAY_PROFILE,block1_in,59,8,943101
SWAY_PROFILE,embedding_in,59,15,943103
SWAY_PROFILE,patch_ready,60,0,943104
SWAY_PROFILE,head_in,59,6,944003
SWAY_PROFILE,block0_in,59,14,944088
SWAY_PROFILE,block1_in,59,9,944088
SWAY_PROFILE,embedding_in,60,0,944090
SWAY_PROFILE,patch_ready,60,1,944091
SWAY_PROFILE,head_in,59,7,944990
SWAY_PROFILE,block0_in,59,15,945075
SWAY_PROFILE,block1_in,59,10,945075
SWAY_PROFILE,embedding_in,60,1,945077
SWAY_PROFILE,patch_ready,60,2,945078
SWAY_PROFILE,head_in,59,8,945977
SWAY_PROFILE,block0_in,60,0,946062
SWAY_PROFILE,block1_in,59,11,946062
SWAY_PROFILE,embedding_in,60,2,946064
SWAY_PROFILE,patch_ready,60,3,946065
SWAY_PROFILE,head_in,59,9,946964
SWAY_PROFILE,block0_in,60,1,947049
SWAY_PROFILE,block1_in,59,12,947049
SWAY_PROFILE,embedding_in,60,3,947051
SWAY_PROFILE,patch_ready,60,4,947052
SWAY_PROFILE,head_in,59,10,947951
SWAY_PROFILE,block0_in,60,2,948036
SWAY_PROFILE,block1_in,59,13,948036
SWAY_PROFILE,embedding_in,60,4,948038
SWAY_PROFILE,patch_ready,60,5,948039
SWAY_PROFILE,head_in,59,11,948938
SWAY_PROFILE,block0_in,60,3,949023
SWAY_PROFILE,block1_in,59,14,949023
SWAY_PROFILE,embedding_in,60,5,949025
SWAY_PROFILE,patch_ready,60,6,949026
SWAY_PROFILE,head_in,59,12,949925
SWAY_PROFILE,block0_in,60,4,950010
SWAY_PROFILE,block1_in,59,15,950010
SWAY_PROFILE,embedding_in,60,6,950012
SWAY_PROFILE,patch_ready,60,7,950013
SWAY_PROFILE,head_in,59,13,950912
SWAY_PROFILE,block0_in,60,5,950997
SWAY_PROFILE,block1_in,60,0,950997
SWAY_PROFILE,embedding_in,60,7,950999
SWAY_PROFILE,patch_ready,60,8,951000
SWAY_PROFILE,head_in,59,14,951899
SWAY_PROFILE,block0_in,60,6,951984
SWAY_PROFILE,block1_in,60,1,951984
SWAY_PROFILE,embedding_in,60,8,951986
SWAY_PROFILE,patch_ready,60,9,951987
SWAY_PROFILE,head_in,59,15,952886
SWAY_PROFILE,block0_in,60,7,952971
SWAY_PROFILE,block1_in,60,2,952971
SWAY_PROFILE,embedding_in,60,9,952973
SWAY_PROFILE,patch_ready,60,10,952974
SWAY_PROFILE,head_in,60,0,953873
SWAY_PROFILE,block0_in,60,8,953958
SWAY_PROFILE,block1_in,60,3,953958
SWAY_PROFILE,embedding_in,60,10,953960
SWAY_PROFILE,patch_ready,60,11,953961
SWAY_PROFILE,head_in,60,1,954860
SWAY_PROFILE,block0_in,60,9,954945
SWAY_PROFILE,block1_in,60,4,954945
SWAY_PROFILE,embedding_in,60,11,954947
SWAY_PROFILE,patch_ready,60,12,954948
SWAY_PROFILE,head_in,60,2,955847
SWAY_PROFILE,block0_in,60,10,955932
SWAY_PROFILE,block1_in,60,5,955932
SWAY_PROFILE,embedding_in,60,12,955934
SWAY_PROFILE,patch_ready,60,13,955935
SWAY_PROFILE,head_output_in,59,0,956179
SWAY_PROFILE,head_in,60,3,956834
SWAY_PROFILE,block0_in,60,11,956919
SWAY_PROFILE,block1_in,60,6,956919
SWAY_PROFILE,embedding_in,60,13,956921
SWAY_PROFILE,serialize_in,59,0,956921
SWAY_PROFILE,patch_ready,60,14,956922
SWAY_PERF_OUTPUT,3363,7,956923
SWAY_PERF_OUTPUT,3364,7,956924
SWAY_PERF_OUTPUT,3365,6,956925
SWAY_PERF_OUTPUT,3366,7,956926
SWAY_PERF_OUTPUT,3367,13,956927
SWAY_PERF_OUTPUT,3368,17,956928
SWAY_PERF_OUTPUT,3369,20,956929
SWAY_PERF_OUTPUT,3370,1,956930
SWAY_PERF_OUTPUT,3371,-3,956931
SWAY_PERF_OUTPUT,3372,-4,956932
SWAY_PERF_OUTPUT,3373,10,956933
SWAY_PERF_OUTPUT,3374,11,956934
SWAY_PERF_OUTPUT,3375,13,956935
SWAY_PERF_OUTPUT,3376,13,956936
SWAY_PERF_OUTPUT,3377,5,956937
SWAY_PERF_OUTPUT,3378,4,956938
SWAY_PERF_OUTPUT,3379,2,956939
SWAY_PERF_OUTPUT,3380,2,956940
SWAY_PERF_OUTPUT,3381,7,956941
SWAY_PERF_OUTPUT,3382,62,956942
SWAY_PERF_OUTPUT,3383,62,956943
SWAY_PERF_OUTPUT,3384,62,956944
SWAY_PERF_OUTPUT,3385,61,956945
SWAY_PERF_OUTPUT,3386,63,956946
SWAY_PERF_OUTPUT,3387,65,956947
SWAY_PERF_OUTPUT,3388,62,956948
SWAY_PERF_OUTPUT,3389,60,956949
SWAY_PERF_OUTPUT,3390,59,956950
SWAY_PERF_OUTPUT,3391,57,956951
SWAY_PERF_OUTPUT,3392,60,956952
SWAY_PERF_OUTPUT,3393,60,956953
SWAY_PERF_OUTPUT,3394,59,956954
SWAY_PERF_OUTPUT,3395,56,956955
SWAY_PERF_OUTPUT,3396,60,956956
SWAY_PERF_OUTPUT,3397,63,956957
SWAY_PERF_OUTPUT,3398,65,956958
SWAY_PERF_OUTPUT,3399,62,956959
SWAY_PERF_OUTPUT,3400,62,956960
SWAY_PERF_OUTPUT,3401,-3,956961
SWAY_PERF_OUTPUT,3402,7,956962
SWAY_PERF_OUTPUT,3403,17,956963
SWAY_PERF_OUTPUT,3404,22,956964
SWAY_PERF_OUTPUT,3405,14,956965
SWAY_PERF_OUTPUT,3406,10,956966
SWAY_PERF_OUTPUT,3407,8,956967
SWAY_PERF_OUTPUT,3408,14,956968
SWAY_PERF_OUTPUT,3409,8,956969
SWAY_PERF_OUTPUT,3410,4,956970
SWAY_PERF_OUTPUT,3411,-2,956971
SWAY_PERF_OUTPUT,3412,-15,956972
SWAY_PERF_OUTPUT,3413,-26,956973
SWAY_PERF_OUTPUT,3414,-28,956974
SWAY_PERF_OUTPUT,3415,-3,956975
SWAY_PERF_OUTPUT,3416,-15,956976
SWAY_PERF_OUTPUT,3417,-26,956977
SWAY_PERF_OUTPUT,3418,-28,956978
SWAY_PERF_OUTPUT,3419,15,956979
SWAY_PERF_FRAME,59,956923,956979
SWAY_PROFILE,head_in,60,4,957821
SWAY_PROFILE,block0_in,60,12,957906
SWAY_PROFILE,block1_in,60,7,957906
SWAY_PROFILE,embedding_in,60,14,957908
SWAY_PROFILE,patch_ready,60,15,957909
SWAY_PERF_INPUT_FRAME,62,942408,958199
SWAY_PROFILE,head_in,60,5,958808
SWAY_PROFILE,block0_in,60,13,958893
SWAY_PROFILE,block1_in,60,8,958893
SWAY_PROFILE,embedding_in,60,15,958895
SWAY_PROFILE,patch_ready,61,0,958896
SWAY_PROFILE,head_in,60,6,959795
SWAY_PROFILE,block0_in,60,14,959880
SWAY_PROFILE,block1_in,60,9,959880
SWAY_PROFILE,embedding_in,61,0,959882
SWAY_PROFILE,patch_ready,61,1,959883
SWAY_PROFILE,head_in,60,7,960782
SWAY_PROFILE,block0_in,60,15,960867
SWAY_PROFILE,block1_in,60,10,960867
SWAY_PROFILE,embedding_in,61,1,960869
SWAY_PROFILE,patch_ready,61,2,960870
SWAY_PROFILE,head_in,60,8,961769
SWAY_PROFILE,block0_in,61,0,961854
SWAY_PROFILE,block1_in,60,11,961854
SWAY_PROFILE,embedding_in,61,2,961856
SWAY_PROFILE,patch_ready,61,3,961857
SWAY_PROFILE,head_in,60,9,962756
SWAY_PROFILE,block0_in,61,1,962841
SWAY_PROFILE,block1_in,60,12,962841
SWAY_PROFILE,embedding_in,61,3,962843
SWAY_PROFILE,patch_ready,61,4,962844
SWAY_PROFILE,head_in,60,10,963743
SWAY_PROFILE,block0_in,61,2,963828
SWAY_PROFILE,block1_in,60,13,963828
SWAY_PROFILE,embedding_in,61,4,963830
SWAY_PROFILE,patch_ready,61,5,963831
SWAY_PROFILE,head_in,60,11,964730
SWAY_PROFILE,block0_in,61,3,964815
SWAY_PROFILE,block1_in,60,14,964815
SWAY_PROFILE,embedding_in,61,5,964817
SWAY_PROFILE,patch_ready,61,6,964818
SWAY_PROFILE,head_in,60,12,965717
SWAY_PROFILE,block0_in,61,4,965802
SWAY_PROFILE,block1_in,60,15,965802
SWAY_PROFILE,embedding_in,61,6,965804
SWAY_PROFILE,patch_ready,61,7,965805
SWAY_PROFILE,head_in,60,13,966704
SWAY_PROFILE,block0_in,61,5,966789
SWAY_PROFILE,block1_in,61,0,966789
SWAY_PROFILE,embedding_in,61,7,966791
SWAY_PROFILE,patch_ready,61,8,966792
SWAY_PROFILE,head_in,60,14,967691
SWAY_PROFILE,block0_in,61,6,967776
SWAY_PROFILE,block1_in,61,1,967776
SWAY_PROFILE,embedding_in,61,8,967778
SWAY_PROFILE,patch_ready,61,9,967779
SWAY_PROFILE,head_in,60,15,968678
SWAY_PROFILE,block0_in,61,7,968763
SWAY_PROFILE,block1_in,61,2,968763
SWAY_PROFILE,embedding_in,61,9,968765
SWAY_PROFILE,patch_ready,61,10,968766
SWAY_PROFILE,head_in,61,0,969665
SWAY_PROFILE,block0_in,61,8,969750
SWAY_PROFILE,block1_in,61,3,969750
SWAY_PROFILE,embedding_in,61,10,969752
SWAY_PROFILE,patch_ready,61,11,969753
SWAY_PROFILE,head_in,61,1,970652
SWAY_PROFILE,block0_in,61,9,970737
SWAY_PROFILE,block1_in,61,4,970737
SWAY_PROFILE,embedding_in,61,11,970739
SWAY_PROFILE,patch_ready,61,12,970740
SWAY_PROFILE,head_in,61,2,971639
SWAY_PROFILE,block0_in,61,10,971724
SWAY_PROFILE,block1_in,61,5,971724
SWAY_PROFILE,embedding_in,61,12,971726
SWAY_PROFILE,patch_ready,61,13,971727
SWAY_PROFILE,head_output_in,60,0,971971
SWAY_PROFILE,head_in,61,3,972626
SWAY_PROFILE,block0_in,61,11,972711
SWAY_PROFILE,block1_in,61,6,972711
SWAY_PROFILE,embedding_in,61,13,972713
SWAY_PROFILE,serialize_in,60,0,972713
SWAY_PROFILE,patch_ready,61,14,972714
SWAY_PERF_OUTPUT,3420,8,972715
SWAY_PERF_OUTPUT,3421,9,972716
SWAY_PERF_OUTPUT,3422,9,972717
SWAY_PERF_OUTPUT,3423,9,972718
SWAY_PERF_OUTPUT,3424,14,972719
SWAY_PERF_OUTPUT,3425,20,972720
SWAY_PERF_OUTPUT,3426,23,972721
SWAY_PERF_OUTPUT,3427,3,972722
SWAY_PERF_OUTPUT,3428,-4,972723
SWAY_PERF_OUTPUT,3429,-9,972724
SWAY_PERF_OUTPUT,3430,11,972725
SWAY_PERF_OUTPUT,3431,13,972726
SWAY_PERF_OUTPUT,3432,13,972727
SWAY_PERF_OUTPUT,3433,14,972728
SWAY_PERF_OUTPUT,3434,6,972729
SWAY_PERF_OUTPUT,3435,0,972730
SWAY_PERF_OUTPUT,3436,-5,972731
SWAY_PERF_OUTPUT,3437,-5,972732
SWAY_PERF_OUTPUT,3438,9,972733
SWAY_PERF_OUTPUT,3439,62,972734
SWAY_PERF_OUTPUT,3440,61,972735
SWAY_PERF_OUTPUT,3441,60,972736
SWAY_PERF_OUTPUT,3442,59,972737
SWAY_PERF_OUTPUT,3443,59,972738
SWAY_PERF_OUTPUT,3444,59,972739
SWAY_PERF_OUTPUT,3445,58,972740
SWAY_PERF_OUTPUT,3446,60,972741
SWAY_PERF_OUTPUT,3447,60,972742
SWAY_PERF_OUTPUT,3448,59,972743
SWAY_PERF_OUTPUT,3449,60,972744
SWAY_PERF_OUTPUT,3450,58,972745
SWAY_PERF_OUTPUT,3451,61,972746
SWAY_PERF_OUTPUT,3452,59,972747
SWAY_PERF_OUTPUT,3453,61,972748
SWAY_PERF_OUTPUT,3454,59,972749
SWAY_PERF_OUTPUT,3455,61,972750
SWAY_PERF_OUTPUT,3456,58,972751
SWAY_PERF_OUTPUT,3457,60,972752
SWAY_PERF_OUTPUT,3458,-8,972753
SWAY_PERF_OUTPUT,3459,2,972754
SWAY_PERF_OUTPUT,3460,11,972755
SWAY_PERF_OUTPUT,3461,15,972756
SWAY_PERF_OUTPUT,3462,8,972757
SWAY_PERF_OUTPUT,3463,6,972758
SWAY_PERF_OUTPUT,3464,5,972759
SWAY_PERF_OUTPUT,3465,8,972760
SWAY_PERF_OUTPUT,3466,6,972761
SWAY_PERF_OUTPUT,3467,8,972762
SWAY_PERF_OUTPUT,3468,-7,972763
SWAY_PERF_OUTPUT,3469,-16,972764
SWAY_PERF_OUTPUT,3470,-27,972765
SWAY_PERF_OUTPUT,3471,-29,972766
SWAY_PERF_OUTPUT,3472,-7,972767
SWAY_PERF_OUTPUT,3473,-14,972768
SWAY_PERF_OUTPUT,3474,-25,972769
SWAY_PERF_OUTPUT,3475,-27,972770
SWAY_PERF_OUTPUT,3476,9,972771
SWAY_PERF_FRAME,60,972715,972771
SWAY_PROFILE,head_in,61,4,973613
SWAY_PROFILE,block0_in,61,12,973698
SWAY_PROFILE,block1_in,61,7,973698
SWAY_PROFILE,embedding_in,61,14,973700
SWAY_PROFILE,patch_ready,61,15,973701
SWAY_PERF_INPUT_FRAME,63,958200,973991
SWAY_PROFILE,head_in,61,5,974600
SWAY_PROFILE,block0_in,61,13,974685
SWAY_PROFILE,block1_in,61,8,974685
SWAY_PROFILE,embedding_in,61,15,974687
SWAY_PROFILE,patch_ready,62,0,974688
SWAY_PROFILE,head_in,61,6,975587
SWAY_PROFILE,block0_in,61,14,975672
SWAY_PROFILE,block1_in,61,9,975672
SWAY_PROFILE,embedding_in,62,0,975674
SWAY_PROFILE,patch_ready,62,1,975675
SWAY_PROFILE,head_in,61,7,976574
SWAY_PROFILE,block0_in,61,15,976659
SWAY_PROFILE,block1_in,61,10,976659
SWAY_PROFILE,embedding_in,62,1,976661
SWAY_PROFILE,patch_ready,62,2,976662
SWAY_PROFILE,head_in,61,8,977561
SWAY_PROFILE,block0_in,62,0,977646
SWAY_PROFILE,block1_in,61,11,977646
SWAY_PROFILE,embedding_in,62,2,977648
SWAY_PROFILE,patch_ready,62,3,977649
SWAY_PROFILE,head_in,61,9,978548
SWAY_PROFILE,block0_in,62,1,978633
SWAY_PROFILE,block1_in,61,12,978633
SWAY_PROFILE,embedding_in,62,3,978635
SWAY_PROFILE,patch_ready,62,4,978636
SWAY_PROFILE,head_in,61,10,979535
SWAY_PROFILE,block0_in,62,2,979620
SWAY_PROFILE,block1_in,61,13,979620
SWAY_PROFILE,embedding_in,62,4,979622
SWAY_PROFILE,patch_ready,62,5,979623
SWAY_PROFILE,head_in,61,11,980522
SWAY_PROFILE,block0_in,62,3,980607
SWAY_PROFILE,block1_in,61,14,980607
SWAY_PROFILE,embedding_in,62,5,980609
SWAY_PROFILE,patch_ready,62,6,980610
SWAY_PROFILE,head_in,61,12,981509
SWAY_PROFILE,block0_in,62,4,981594
SWAY_PROFILE,block1_in,61,15,981594
SWAY_PROFILE,embedding_in,62,6,981596
SWAY_PROFILE,patch_ready,62,7,981597
SWAY_PROFILE,head_in,61,13,982496
SWAY_PROFILE,block0_in,62,5,982581
SWAY_PROFILE,block1_in,62,0,982581
SWAY_PROFILE,embedding_in,62,7,982583
SWAY_PROFILE,patch_ready,62,8,982584
SWAY_PROFILE,head_in,61,14,983483
SWAY_PROFILE,block0_in,62,6,983568
SWAY_PROFILE,block1_in,62,1,983568
SWAY_PROFILE,embedding_in,62,8,983570
SWAY_PROFILE,patch_ready,62,9,983571
SWAY_PROFILE,head_in,61,15,984470
SWAY_PROFILE,block0_in,62,7,984555
SWAY_PROFILE,block1_in,62,2,984555
SWAY_PROFILE,embedding_in,62,9,984557
SWAY_PROFILE,patch_ready,62,10,984558
SWAY_PROFILE,head_in,62,0,985457
SWAY_PROFILE,block0_in,62,8,985542
SWAY_PROFILE,block1_in,62,3,985542
SWAY_PROFILE,embedding_in,62,10,985544
SWAY_PROFILE,patch_ready,62,11,985545
SWAY_PROFILE,head_in,62,1,986444
SWAY_PROFILE,block0_in,62,9,986529
SWAY_PROFILE,block1_in,62,4,986529
SWAY_PROFILE,embedding_in,62,11,986531
SWAY_PROFILE,patch_ready,62,12,986532
SWAY_PROFILE,head_in,62,2,987431
SWAY_PROFILE,block0_in,62,10,987516
SWAY_PROFILE,block1_in,62,5,987516
SWAY_PROFILE,embedding_in,62,12,987518
SWAY_PROFILE,patch_ready,62,13,987519
SWAY_PROFILE,head_output_in,61,0,987763
SWAY_PROFILE,head_in,62,3,988418
SWAY_PROFILE,block0_in,62,11,988503
SWAY_PROFILE,block1_in,62,6,988503
SWAY_PROFILE,embedding_in,62,13,988505
SWAY_PROFILE,serialize_in,61,0,988505
SWAY_PROFILE,patch_ready,62,14,988506
SWAY_PERF_OUTPUT,3477,4,988507
SWAY_PERF_OUTPUT,3478,4,988508
SWAY_PERF_OUTPUT,3479,3,988509
SWAY_PERF_OUTPUT,3480,3,988510
SWAY_PERF_OUTPUT,3481,9,988511
SWAY_PERF_OUTPUT,3482,16,988512
SWAY_PERF_OUTPUT,3483,19,988513
SWAY_PERF_OUTPUT,3484,-2,988514
SWAY_PERF_OUTPUT,3485,-7,988515
SWAY_PERF_OUTPUT,3486,-8,988516
SWAY_PERF_OUTPUT,3487,7,988517
SWAY_PERF_OUTPUT,3488,11,988518
SWAY_PERF_OUTPUT,3489,13,988519
SWAY_PERF_OUTPUT,3490,14,988520
SWAY_PERF_OUTPUT,3491,2,988521
SWAY_PERF_OUTPUT,3492,-1,988522
SWAY_PERF_OUTPUT,3493,-2,988523
SWAY_PERF_OUTPUT,3494,-2,988524
SWAY_PERF_OUTPUT,3495,3,988525
SWAY_PERF_OUTPUT,3496,61,988526
SWAY_PERF_OUTPUT,3497,61,988527
SWAY_PERF_OUTPUT,3498,60,988528
SWAY_PERF_OUTPUT,3499,60,988529
SWAY_PERF_OUTPUT,3500,60,988530
SWAY_PERF_OUTPUT,3501,61,988531
SWAY_PERF_OUTPUT,3502,59,988532
SWAY_PERF_OUTPUT,3503,59,988533
SWAY_PERF_OUTPUT,3504,59,988534
SWAY_PERF_OUTPUT,3505,58,988535
SWAY_PERF_OUTPUT,3506,60,988536
SWAY_PERF_OUTPUT,3507,59,988537
SWAY_PERF_OUTPUT,3508,60,988538
SWAY_PERF_OUTPUT,3509,57,988539
SWAY_PERF_OUTPUT,3510,60,988540
SWAY_PERF_OUTPUT,3511,59,988541
SWAY_PERF_OUTPUT,3512,62,988542
SWAY_PERF_OUTPUT,3513,59,988543
SWAY_PERF_OUTPUT,3514,60,988544
SWAY_PERF_OUTPUT,3515,-6,988545
SWAY_PERF_OUTPUT,3516,4,988546
SWAY_PERF_OUTPUT,3517,14,988547
SWAY_PERF_OUTPUT,3518,18,988548
SWAY_PERF_OUTPUT,3519,11,988549
SWAY_PERF_OUTPUT,3520,10,988550
SWAY_PERF_OUTPUT,3521,11,988551
SWAY_PERF_OUTPUT,3522,10,988552
SWAY_PERF_OUTPUT,3523,6,988553
SWAY_PERF_OUTPUT,3524,5,988554
SWAY_PERF_OUTPUT,3525,-5,988555
SWAY_PERF_OUTPUT,3526,-15,988556
SWAY_PERF_OUTPUT,3527,-25,988557
SWAY_PERF_OUTPUT,3528,-28,988558
SWAY_PERF_OUTPUT,3529,-6,988559
SWAY_PERF_OUTPUT,3530,-15,988560
SWAY_PERF_OUTPUT,3531,-27,988561
SWAY_PERF_OUTPUT,3532,-29,988562
SWAY_PERF_OUTPUT,3533,12,988563
SWAY_PERF_FRAME,61,988507,988563
SWAY_PROFILE,head_in,62,4,989405
SWAY_PROFILE,block0_in,62,12,989490
SWAY_PROFILE,block1_in,62,7,989490
SWAY_PROFILE,embedding_in,62,14,989492
SWAY_PROFILE,patch_ready,62,15,989493
SWAY_PROFILE,head_in,62,5,990392
SWAY_PROFILE,block0_in,62,13,990477
SWAY_PROFILE,block1_in,62,8,990477
SWAY_PROFILE,embedding_in,62,15,990479
SWAY_PROFILE,patch_ready,63,0,990480
SWAY_PROFILE,head_in,62,6,991379
SWAY_PROFILE,block0_in,62,14,991464
SWAY_PROFILE,block1_in,62,9,991464
SWAY_PROFILE,embedding_in,63,0,991466
SWAY_PROFILE,patch_ready,63,1,991467
SWAY_PROFILE,head_in,62,7,992366
SWAY_PROFILE,block0_in,62,15,992451
SWAY_PROFILE,block1_in,62,10,992451
SWAY_PROFILE,embedding_in,63,1,992453
SWAY_PROFILE,patch_ready,63,2,992454
SWAY_PROFILE,head_in,62,8,993353
SWAY_PROFILE,block0_in,63,0,993438
SWAY_PROFILE,block1_in,62,11,993438
SWAY_PROFILE,embedding_in,63,2,993440
SWAY_PROFILE,patch_ready,63,3,993441
SWAY_PROFILE,head_in,62,9,994340
SWAY_PROFILE,block0_in,63,1,994425
SWAY_PROFILE,block1_in,62,12,994425
SWAY_PROFILE,embedding_in,63,3,994427
SWAY_PROFILE,patch_ready,63,4,994428
SWAY_PROFILE,head_in,62,10,995327
SWAY_PROFILE,block0_in,63,2,995412
SWAY_PROFILE,block1_in,62,13,995412
SWAY_PROFILE,embedding_in,63,4,995414
SWAY_PROFILE,patch_ready,63,5,995415
SWAY_PROFILE,head_in,62,11,996314
SWAY_PROFILE,block0_in,63,3,996399
SWAY_PROFILE,block1_in,62,14,996399
SWAY_PROFILE,embedding_in,63,5,996401
SWAY_PROFILE,patch_ready,63,6,996402
SWAY_PROFILE,head_in,62,12,997301
SWAY_PROFILE,block0_in,63,4,997386
SWAY_PROFILE,block1_in,62,15,997386
SWAY_PROFILE,embedding_in,63,6,997388
SWAY_PROFILE,patch_ready,63,7,997389
SWAY_PROFILE,head_in,62,13,998288
SWAY_PROFILE,block0_in,63,5,998373
SWAY_PROFILE,block1_in,63,0,998373
SWAY_PROFILE,embedding_in,63,7,998375
SWAY_PROFILE,patch_ready,63,8,998376
SWAY_PROFILE,head_in,62,14,999275
SWAY_PROFILE,block0_in,63,6,999360
SWAY_PROFILE,block1_in,63,1,999360
SWAY_PROFILE,embedding_in,63,8,999362
SWAY_PROFILE,patch_ready,63,9,999363
SWAY_PROFILE,head_in,62,15,1000262
SWAY_PROFILE,block0_in,63,7,1000347
SWAY_PROFILE,block1_in,63,2,1000347
SWAY_PROFILE,embedding_in,63,9,1000349
SWAY_PROFILE,patch_ready,63,10,1000350
SWAY_PROFILE,head_in,63,0,1001249
SWAY_PROFILE,block0_in,63,8,1001334
SWAY_PROFILE,block1_in,63,3,1001334
SWAY_PROFILE,embedding_in,63,10,1001336
SWAY_PROFILE,patch_ready,63,11,1001337
SWAY_PROFILE,head_in,63,1,1002236
SWAY_PROFILE,block0_in,63,9,1002321
SWAY_PROFILE,block1_in,63,4,1002321
SWAY_PROFILE,embedding_in,63,11,1002323
SWAY_PROFILE,patch_ready,63,12,1002324
SWAY_PROFILE,head_in,63,2,1003223
SWAY_PROFILE,block0_in,63,10,1003308
SWAY_PROFILE,block1_in,63,5,1003308
SWAY_PROFILE,embedding_in,63,12,1003310
SWAY_PROFILE,patch_ready,63,13,1003311
SWAY_PROFILE,head_output_in,62,0,1003555
SWAY_PROFILE,head_in,63,3,1004210
SWAY_PROFILE,block0_in,63,11,1004295
SWAY_PROFILE,block1_in,63,6,1004295
SWAY_PROFILE,embedding_in,63,13,1004297
SWAY_PROFILE,serialize_in,62,0,1004297
SWAY_PROFILE,patch_ready,63,14,1004298
SWAY_PERF_OUTPUT,3534,4,1004299
SWAY_PERF_OUTPUT,3535,4,1004300
SWAY_PERF_OUTPUT,3536,3,1004301
SWAY_PERF_OUTPUT,3537,3,1004302
SWAY_PERF_OUTPUT,3538,10,1004303
SWAY_PERF_OUTPUT,3539,16,1004304
SWAY_PERF_OUTPUT,3540,21,1004305
SWAY_PERF_OUTPUT,3541,-3,1004306
SWAY_PERF_OUTPUT,3542,-10,1004307
SWAY_PERF_OUTPUT,3543,-15,1004308
SWAY_PERF_OUTPUT,3544,7,1004309
SWAY_PERF_OUTPUT,3545,11,1004310
SWAY_PERF_OUTPUT,3546,15,1004311
SWAY_PERF_OUTPUT,3547,15,1004312
SWAY_PERF_OUTPUT,3548,2,1004313
SWAY_PERF_OUTPUT,3549,-2,1004314
SWAY_PERF_OUTPUT,3550,-5,1004315
SWAY_PERF_OUTPUT,3551,-5,1004316
SWAY_PERF_OUTPUT,3552,3,1004317
SWAY_PERF_OUTPUT,3553,63,1004318
SWAY_PERF_OUTPUT,3554,62,1004319
SWAY_PERF_OUTPUT,3555,61,1004320
SWAY_PERF_OUTPUT,3556,61,1004321
SWAY_PERF_OUTPUT,3557,62,1004322
SWAY_PERF_OUTPUT,3558,62,1004323
SWAY_PERF_OUTPUT,3559,60,1004324
SWAY_PERF_OUTPUT,3560,61,1004325
SWAY_PERF_OUTPUT,3561,61,1004326
SWAY_PERF_OUTPUT,3562,60,1004327
SWAY_PERF_OUTPUT,3563,61,1004328
SWAY_PERF_OUTPUT,3564,60,1004329
SWAY_PERF_OUTPUT,3565,61,1004330
SWAY_PERF_OUTPUT,3566,59,1004331
SWAY_PERF_OUTPUT,3567,61,1004332
SWAY_PERF_OUTPUT,3568,61,1004333
SWAY_PERF_OUTPUT,3569,63,1004334
SWAY_PERF_OUTPUT,3570,60,1004335
SWAY_PERF_OUTPUT,3571,61,1004336
SWAY_PERF_OUTPUT,3572,-4,1004337
SWAY_PERF_OUTPUT,3573,6,1004338
SWAY_PERF_OUTPUT,3574,17,1004339
SWAY_PERF_OUTPUT,3575,21,1004340
SWAY_PERF_OUTPUT,3576,13,1004341
SWAY_PERF_OUTPUT,3577,13,1004342
SWAY_PERF_OUTPUT,3578,14,1004343
SWAY_PERF_OUTPUT,3579,13,1004344
SWAY_PERF_OUTPUT,3580,12,1004345
SWAY_PERF_OUTPUT,3581,15,1004346
SWAY_PERF_OUTPUT,3582,-3,1004347
SWAY_PERF_OUTPUT,3583,-14,1004348
SWAY_PERF_OUTPUT,3584,-26,1004349
SWAY_PERF_OUTPUT,3585,-28,1004350
SWAY_PERF_OUTPUT,3586,-3,1004351
SWAY_PERF_OUTPUT,3587,-14,1004352
SWAY_PERF_OUTPUT,3588,-26,1004353
SWAY_PERF_OUTPUT,3589,-28,1004354
SWAY_PERF_OUTPUT,3590,14,1004355
SWAY_PERF_FRAME,62,1004299,1004355
SWAY_PROFILE,head_in,63,4,1005197
SWAY_PROFILE,block0_in,63,12,1005282
SWAY_PROFILE,block1_in,63,7,1005282
SWAY_PROFILE,embedding_in,63,14,1005284
SWAY_PROFILE,patch_ready,63,15,1005285
SWAY_PROFILE,head_in,63,5,1006184
SWAY_PROFILE,block0_in,63,13,1006269
SWAY_PROFILE,block1_in,63,8,1006269
SWAY_PROFILE,embedding_in,63,15,1006271
SWAY_PROFILE,head_in,63,6,1007171
SWAY_PROFILE,block0_in,63,14,1007256
SWAY_PROFILE,block1_in,63,9,1007256
SWAY_PROFILE,head_in,63,7,1008158
SWAY_PROFILE,block0_in,63,15,1008243
SWAY_PROFILE,block1_in,63,10,1008243
SWAY_PROFILE,head_in,63,8,1009145
SWAY_PROFILE,block1_in,63,11,1009230
SWAY_PROFILE,head_in,63,9,1010132
SWAY_PROFILE,block1_in,63,12,1010217
SWAY_PROFILE,head_in,63,10,1011119
SWAY_PROFILE,block1_in,63,13,1011204
SWAY_PROFILE,head_in,63,11,1012106
SWAY_PROFILE,block1_in,63,14,1012191
SWAY_PROFILE,head_in,63,12,1013093
SWAY_PROFILE,block1_in,63,15,1013178
SWAY_PROFILE,head_in,63,13,1014080
SWAY_PROFILE,head_in,63,14,1015067
SWAY_PROFILE,head_in,63,15,1016054
SWAY_PROFILE,head_output_in,63,0,1019347
SWAY_PROFILE,serialize_in,63,0,1020089
SWAY_PERF_OUTPUT,3591,8,1020091
SWAY_PERF_OUTPUT,3592,9,1020092
SWAY_PERF_OUTPUT,3593,8,1020093
SWAY_PERF_OUTPUT,3594,8,1020094
SWAY_PERF_OUTPUT,3595,14,1020095
SWAY_PERF_OUTPUT,3596,19,1020096
SWAY_PERF_OUTPUT,3597,21,1020097
SWAY_PERF_OUTPUT,3598,3,1020098
SWAY_PERF_OUTPUT,3599,0,1020099
SWAY_PERF_OUTPUT,3600,-3,1020100
SWAY_PERF_OUTPUT,3601,10,1020101
SWAY_PERF_OUTPUT,3602,12,1020102
SWAY_PERF_OUTPUT,3603,12,1020103
SWAY_PERF_OUTPUT,3604,12,1020104
SWAY_PERF_OUTPUT,3605,6,1020105
SWAY_PERF_OUTPUT,3606,3,1020106
SWAY_PERF_OUTPUT,3607,0,1020107
SWAY_PERF_OUTPUT,3608,-1,1020108
SWAY_PERF_OUTPUT,3609,9,1020109
SWAY_PERF_OUTPUT,3610,61,1020110
SWAY_PERF_OUTPUT,3611,62,1020111
SWAY_PERF_OUTPUT,3612,61,1020112
SWAY_PERF_OUTPUT,3613,61,1020113
SWAY_PERF_OUTPUT,3614,61,1020114
SWAY_PERF_OUTPUT,3615,61,1020115
SWAY_PERF_OUTPUT,3616,59,1020116
SWAY_PERF_OUTPUT,3617,60,1020117
SWAY_PERF_OUTPUT,3618,61,1020118
SWAY_PERF_OUTPUT,3619,60,1020119
SWAY_PERF_OUTPUT,3620,60,1020120
SWAY_PERF_OUTPUT,3621,60,1020121
SWAY_PERF_OUTPUT,3622,62,1020122
SWAY_PERF_OUTPUT,3623,60,1020123
SWAY_PERF_OUTPUT,3624,61,1020124
SWAY_PERF_OUTPUT,3625,61,1020125
SWAY_PERF_OUTPUT,3626,62,1020126
SWAY_PERF_OUTPUT,3627,58,1020127
SWAY_PERF_OUTPUT,3628,61,1020128
SWAY_PERF_OUTPUT,3629,-6,1020129
SWAY_PERF_OUTPUT,3630,3,1020130
SWAY_PERF_OUTPUT,3631,14,1020131
SWAY_PERF_OUTPUT,3632,17,1020132
SWAY_PERF_OUTPUT,3633,10,1020133
SWAY_PERF_OUTPUT,3634,7,1020134
SWAY_PERF_OUTPUT,3635,6,1020135
SWAY_PERF_OUTPUT,3636,9,1020136
SWAY_PERF_OUTPUT,3637,4,1020137
SWAY_PERF_OUTPUT,3638,1,1020138
SWAY_PERF_OUTPUT,3639,-6,1020139
SWAY_PERF_OUTPUT,3640,-16,1020140
SWAY_PERF_OUTPUT,3641,-27,1020141
SWAY_PERF_OUTPUT,3642,-29,1020142
SWAY_PERF_OUTPUT,3643,-6,1020143
SWAY_PERF_OUTPUT,3644,-15,1020144
SWAY_PERF_OUTPUT,3645,-26,1020145
SWAY_PERF_OUTPUT,3646,-28,1020146
SWAY_PERF_OUTPUT,3647,11,1020147
SWAY_PERF_FRAME,63,1020091,1020147
SWAY_PERF_PASS,64,3648,1022196,2048
