Info: constraining clock net 'CLK_clk_25mhz' to 25.00 MHz
Warning: net 'pll_clk_100mhz' does not exist in design, ignoring clock constraint
Warning: net 'pll_clk_125mhz' does not exist in design, ignoring clock constraint

Info: Logic utilisation before packing:
Info:     Total LUT4s:     43069/83640    51%
Info:         logic LUTs:  30995/83640    37%
Info:         carry LUTs:   9068/83640    10%
Info:           RAM LUTs:   2004/10455    19%
Info:          RAMW LUTs:   1002/20910     4%

Info:      Total DFFs:     46913/83640    56%

Info: Packing IOs..
Info: pin 'led[7]$tr_io' constrained to Bel 'X0/Y41/PIOD'.
Info: pin 'led[6]$tr_io' constrained to Bel 'X0/Y38/PIOD'.
Info: pin 'led[5]$tr_io' constrained to Bel 'X0/Y44/PIOD'.
Info: pin 'led[4]$tr_io' constrained to Bel 'X0/Y38/PIOB'.
Info: pin 'led[3]$tr_io' constrained to Bel 'X0/Y38/PIOC'.
Info: pin 'led[2]$tr_io' constrained to Bel 'X0/Y38/PIOA'.
Info: pin 'led[1]$tr_io' constrained to Bel 'X0/Y35/PIOD'.
Info: pin 'led[0]$tr_io' constrained to Bel 'X0/Y35/PIOC'.
Info: pin 'ftdi_txd$tr_io' constrained to Bel 'X0/Y89/PIOB'.
Info: pin 'ftdi_rxd$tr_io' constrained to Bel 'X0/Y56/PIOC'.
Info: pin 'CLK_clk_25mhz$tr_io' constrained to Bel 'X0/Y47/PIOA'.
Info: placed PLL 'clocks_pll.pll_i' at bel 'X1/Y4/EHXPLL_UL'
Info: Packing constants..
Info: Packing carries...
Info: Packing LUTs...
Info: Packing LUT5-7s...
Info: Packing FFs...
Info:     14089 FFs paired with LUTs.
Info: Generating derived timing constraints...
Info:     Input frequency of PLL 'clocks_pll.pll_i' is constrained to 25.0 MHz
Info:     Derived frequency constraint of 125.0 MHz for net clocks_pll.clk_125mhz
Info:     Derived frequency constraint of 100.0 MHz for net clocks_coreReset.CLK
Info:     Derived frequency constraint of 25.0 MHz for net clocks_pll.clk_25mhz
Info: Promoting globals...
Info:     promoting clock net clocks_coreReset.CLK to global network
Info:     promoting clock net CLK_clk_25mhz$TRELLIS_IO_IN to global network
Info: Checksum: 0xc6d0486a

Info: Device utilisation:
Info: 	          TRELLIS_IO:      11/    365     3%
Info: 	                DCCA:       2/     56     3%
Info: 	              DP16KD:      49/    208    23%
Info: 	          MULT18X18D:       0/    156     0%
Info: 	              ALU54B:       0/     78     0%
Info: 	             EHXPLLL:       1/      4    25%
Info: 	             EXTREFB:       0/      2     0%
Info: 	                DCUA:       0/      2     0%
Info: 	           PCSCLKDIV:       0/      2     0%
Info: 	             IOLOGIC:       0/    224     0%
Info: 	            SIOLOGIC:       0/    141     0%
Info: 	                 GSR:       0/      1     0%
Info: 	               JTAGG:       0/      1     0%
Info: 	                OSCG:       0/      1     0%
Info: 	               SEDGA:       0/      1     0%
Info: 	                 DTR:       0/      1     0%
Info: 	             USRMCLK:       0/      1     0%
Info: 	             CLKDIVF:       0/      4     0%
Info: 	           ECLKSYNCB:       0/     10     0%
Info: 	             DLLDELD:       0/      8     0%
Info: 	              DDRDLL:       0/      4     0%
Info: 	             DQSBUFM:       0/     14     0%
Info: 	     TRELLIS_ECLKBUF:       0/      8     0%
Info: 	        ECLKBRIDGECS:       0/      2     0%
Info: 	                DCSC:       0/      2     0%
Info: 	          TRELLIS_FF:   46913/  83640    56%
Info: 	        TRELLIS_COMB:   45987/  83640    54%
Info: 	        TRELLIS_RAMW:     501/  10455     4%

Info: Placed 12 cells based on constraints.
Info: Creating initial analytic placement for 62940 cells, random placement wirelen = 6414618.
Info:     at initial placer iter 0, wirelen = 10027
Info:     at initial placer iter 1, wirelen = 10213
Info:     at initial placer iter 2, wirelen = 10096
Info:     at initial placer iter 3, wirelen = 10129
Info: Running main analytical placer.
Info:     at iteration #1, type ALL: wirelen solved = 10102, spread = 1021915, legal = 1409009; time = 64.33s
Info:     at iteration #2, type ALL: wirelen solved = 84354, spread = 339072, legal = 678542; time = 29.16s
Info:     at iteration #3, type ALL: wirelen solved = 117990, spread = 276007, legal = 592412; time = 25.51s
Info:     at iteration #4, type ALL: wirelen solved = 133674, spread = 251739, legal = 556597; time = 26.98s
Info:     at iteration #5, type ALL: wirelen solved = 145677, spread = 242591, legal = 525448; time = 24.41s
Info:     at iteration #6, type ALL: wirelen solved = 156064, spread = 236405, legal = 509501; time = 25.35s
Info:     at iteration #7, type ALL: wirelen solved = 164368, spread = 238705, legal = 505497; time = 53.86s
Info:     at iteration #8, type ALL: wirelen solved = 177127, spread = 241564, legal = 491206; time = 27.88s
Info:     at iteration #9, type ALL: wirelen solved = 185353, spread = 247925, legal = 487693; time = 25.66s
Info:     at iteration #10, type ALL: wirelen solved = 194856, spread = 255210, legal = 459921; time = 23.61s
Info:     at iteration #11, type ALL: wirelen solved = 204121, spread = 260391, legal = 433809; time = 31.59s
Info:     at iteration #12, type ALL: wirelen solved = 212012, spread = 264388, legal = 399866; time = 8.08s
Info:     at iteration #13, type ALL: wirelen solved = 216294, spread = 264539, legal = 393161; time = 17.95s
Info:     at iteration #14, type ALL: wirelen solved = 222177, spread = 267754, legal = 387659; time = 9.08s
Info:     at iteration #15, type ALL: wirelen solved = 228475, spread = 269959, legal = 381044; time = 6.22s
Info:     at iteration #16, type ALL: wirelen solved = 233597, spread = 274869, legal = 375728; time = 5.16s
Info:     at iteration #17, type ALL: wirelen solved = 239037, spread = 276787, legal = 366441; time = 5.35s
Info:     at iteration #18, type ALL: wirelen solved = 242295, spread = 279793, legal = 363425; time = 4.73s
Info:     at iteration #19, type ALL: wirelen solved = 246237, spread = 279351, legal = 363883; time = 4.19s
Info:     at iteration #20, type ALL: wirelen solved = 250187, spread = 285438, legal = 361214; time = 4.15s
Info:     at iteration #21, type ALL: wirelen solved = 253339, spread = 286001, legal = 362113; time = 4.37s
Info:     at iteration #22, type ALL: wirelen solved = 257338, spread = 289935, legal = 364923; time = 4.49s
Info:     at iteration #23, type ALL: wirelen solved = 260344, spread = 292669, legal = 361321; time = 4.62s
Info:     at iteration #24, type ALL: wirelen solved = 263418, spread = 293958, legal = 363057; time = 4.64s
Info:     at iteration #25, type ALL: wirelen solved = 266550, spread = 298606, legal = 360241; time = 4.53s
Info:     at iteration #26, type ALL: wirelen solved = 268987, spread = 298833, legal = 359448; time = 4.08s
Info:     at iteration #27, type ALL: wirelen solved = 271577, spread = 300614, legal = 361703; time = 4.10s
Info:     at iteration #28, type ALL: wirelen solved = 273701, spread = 304367, legal = 362329; time = 4.04s
Info:     at iteration #29, type ALL: wirelen solved = 276830, spread = 307556, legal = 364087; time = 3.96s
Info:     at iteration #30, type ALL: wirelen solved = 280397, spread = 309160, legal = 364638; time = 4.12s
Info:     at iteration #31, type ALL: wirelen solved = 282477, spread = 310850, legal = 363312; time = 4.03s
Info: HeAP Placer Time: 525.92s
Info:   of which solving equations: 95.08s
Info:   of which spreading cells: 29.37s
Info:   of which strict legalisation: 367.54s

Info: Running simulated annealing placer for refinement.
Info:   at iteration #1: temp = 0.000000, timing cost = 2007, wirelen = 359448
Info:   at iteration #5: temp = 0.000000, timing cost = 1809, wirelen = 324571
Info:   at iteration #10: temp = 0.000000, timing cost = 1261, wirelen = 311766
Info:   at iteration #15: temp = 0.000000, timing cost = 1044, wirelen = 303942
Info:   at iteration #20: temp = 0.000000, timing cost = 918, wirelen = 301017
Info:   at iteration #25: temp = 0.000000, timing cost = 791, wirelen = 299552
Info:   at iteration #30: temp = 0.000000, timing cost = 866, wirelen = 298726
Info:   at iteration #35: temp = 0.000000, timing cost = 787, wirelen = 298216
Info:   at iteration #38: temp = 0.000000, timing cost = 954, wirelen = 298073 
Info: SA placement time 301.93s

Info: Max frequency for clock '$glbnet$CLK_clk_25mhz$TRELLIS_IO_IN': 132.21 MHz (PASS at 25.00 MHz)
Info: Max frequency for clock        '$glbnet$clocks_coreReset.CLK': 60.76 MHz (FAIL at 100.00 MHz)

Info: Max delay <async>                                     -> posedge $glbnet$CLK_clk_25mhz$TRELLIS_IO_IN: 5.28 ns
Info: Max delay posedge $glbnet$CLK_clk_25mhz$TRELLIS_IO_IN -> <async>                                    : 12.20 ns
Info: Max delay posedge $glbnet$CLK_clk_25mhz$TRELLIS_IO_IN -> posedge $glbnet$clocks_coreReset.CLK       : 3.74 ns
Info: Max delay posedge $glbnet$clocks_coreReset.CLK        -> posedge $glbnet$CLK_clk_25mhz$TRELLIS_IO_IN: 3.27 ns

Info: Slack histogram:
Info:  legend: * represents 538 endpoint(s)
Info:          + represents [1,538) endpoint(s)
Info: [ -6457,  -4172) |+
Info: [ -4172,  -1887) |+
Info: [ -1887,    398) |*******+
Info: [   398,   2683) |*********************+
Info: [  2683,   4968) |**************************************************+
Info: [  4968,   7253) |***********************************************************+
Info: [  7253,   9538) |************************************************************ 
Info: [  9538,  11823) | 
Info: [ 11823,  14108) | 
Info: [ 14108,  16393) | 
Info: [ 16393,  18678) | 
Info: [ 18678,  20963) | 
Info: [ 20963,  23248) | 
Info: [ 23248,  25533) | 
Info: [ 25533,  27818) | 
Info: [ 27818,  30103) | 
Info: [ 30103,  32388) | 
Info: [ 32388,  34673) |+
Info: [ 34673,  36958) |+
Info: [ 36958,  39243) |+
Info: Checksum: 0x034e9f67
Info: Routing globals...
Info:     routing clock net $glbnet$CLK_clk_25mhz$TRELLIS_IO_IN using global 0
Info:     routing clock net $glbnet$clocks_coreReset.CLK using global 1

Info: Routing..
Info: Setting up routing queue.
Info: Routing 235481 arcs.
Info:            |   (re-)routed arcs  |   delta    | remaining|       time spent     |
Info:    IterCnt |  w/ripup   wo/ripup |  w/r  wo/r |      arcs| batch(sec) total(sec)|
Info:       1000 |       89        910 |   89   910 |    234695|       7.36       7.36|
Info:       2000 |      192       1807 |  103   897 |    233901|       0.53       7.89|
Info:       3000 |      257       2742 |   65   935 |    233031|       0.49       8.39|
Info:       4000 |      326       3673 |   69   931 |    232174|       0.51       8.90|
Info:       5000 |      382       4617 |   56   944 |    231307|       0.48       9.38|
Info:       6000 |      449       5550 |   67   933 |    230415|       0.53       9.91|
Info:       7000 |      506       6493 |   57   943 |    229542|       0.52      10.43|
Info:       8000 |      567       7432 |   61   939 |    228684|       0.48      10.90|
Info:       9000 |      641       8358 |   74   926 |    227935|       0.48      11.39|
Info:      10000 |      690       9309 |   49   951 |    227088|       0.49      11.88|
Info:      11000 |      745      10254 |   55   945 |    226188|       0.51      12.39|
Info:      12000 |      794      11205 |   49   951 |    225315|       0.50      12.89|
Info:      13000 |      851      12148 |   57   943 |    224475|       0.47      13.36|
Info:      14000 |      902      13097 |   51   949 |    223639|       0.45      13.82|
Info:      15000 |      982      14017 |   80   920 |    222874|       0.48      14.29|
Info:      16000 |     1043      14956 |   61   939 |    221990|       0.49      14.79|
Info:      17000 |     1115      15884 |   72   928 |    221200|       0.53      15.32|
Info:      18000 |     1169      16830 |   54   946 |    220315|       0.51      15.83|
Info:      19000 |     1231      17768 |   62   938 |    219464|       0.52      16.35|
Info:      20000 |     1312      18687 |   81   919 |    218674|       0.55      16.90|
Info:      21000 |     1374      19625 |   62   938 |    217781|       0.53      17.43|
Info:      22000 |     1423      20576 |   49   951 |    216901|       0.50      17.92|
Info:      23000 |     1485      21514 |   62   938 |    215991|       0.50      18.43|
Info:      24000 |     1557      22442 |   72   928 |    215107|       0.49      18.92|
Info:      25000 |     1620      23379 |   63   937 |    214210|       0.49      19.41|
Info:      26000 |     1685      24314 |   65   935 |    213314|       0.58      20.00|
Info:      27000 |     1740      25259 |   55   945 |    212481|       0.61      20.61|
Info:      28000 |     1809      26190 |   69   931 |    211584|       0.52      21.13|
Info:      29000 |     1880      27119 |   71   929 |    210680|       0.57      21.70|
Info:      30000 |     1941      28058 |   61   939 |    209770|       0.57      22.28|
Info:      31000 |     2019      28980 |   78   922 |    208881|       0.55      22.82|
Info:      32000 |     2089      29910 |   70   930 |    207990|       0.49      23.32|
Info:      33000 |     2147      30852 |   58   942 |    207099|       0.49      23.80|
Info:      34000 |     2218      31781 |   71   929 |    206181|       0.65      24.46|
Info:      35000 |     2272      32727 |   54   946 |    205245|       0.59      25.05|
Info:      36000 |     2354      33645 |   82   918 |    204365|       0.49      25.54|
Info:      37000 |     2415      34584 |   61   939 |    203435|       0.55      26.08|
Info:      38000 |     2494      35505 |   79   921 |    202580|       0.52      26.60|
Info:      39000 |     2582      36417 |   88   912 |    201711|       0.56      27.16|
Info:      40000 |     2664      37335 |   82   918 |    200818|       0.56      27.72|
Info:      41000 |     2729      38270 |   65   935 |    199890|       0.52      28.24|
Info:      42000 |     2804      39195 |   75   925 |    199025|       0.50      28.74|
Info:      43000 |     2868      40131 |   64   936 |    198094|       0.58      29.31|
Info:      44000 |     2954      41045 |   86   914 |    197191|       0.50      29.81|
Info:      45000 |     3035      41964 |   81   919 |    196297|       0.53      30.34|
Info:      46000 |     3131      42868 |   96   904 |    195527|       0.56      30.90|
Info:      47000 |     3208      43791 |   77   923 |    194628|       0.64      31.54|
Info:      48000 |     3292      44707 |   84   916 |    193798|       0.66      32.20|
Info:      49000 |     3369      45630 |   77   923 |    192881|       0.63      32.82|
Info:      50000 |     3462      46537 |   93   907 |    192010|       0.59      33.42|
Info:      51000 |     3530      47469 |   68   932 |    191130|       0.55      33.97|
Info:      52000 |     3593      48406 |   63   937 |    190218|       0.58      34.55|
Info:      53000 |     3679      49320 |   86   914 |    189319|       0.58      35.13|
Info:      54000 |     3745      50254 |   66   934 |    188402|       0.62      35.75|
Info:      55000 |     3823      51176 |   78   922 |    187486|       0.58      36.33|
Info:      56000 |     3892      52107 |   69   931 |    186594|       0.60      36.93|
Info:      57000 |     3968      53031 |   76   924 |    185692|       0.64      37.56|
Info:      58000 |     4063      53936 |   95   905 |    184889|       0.58      38.14|
Info:      59000 |     4160      54839 |   97   903 |    184059|       0.62      38.76|
Info:      60000 |     4254      55745 |   94   906 |    183183|       0.58      39.34|
Info:      61000 |     4357      56642 |  103   897 |    182326|       0.65      39.99|
Info:      62000 |     4443      57556 |   86   914 |    181467|       0.57      40.56|
Info:      63000 |     4520      58479 |   77   923 |    180610|       0.53      41.09|
Info:      64000 |     4585      59414 |   65   935 |    179690|       0.54      41.63|
Info:      65000 |     4660      60339 |   75   925 |    178768|       0.62      42.25|
Info:      66000 |     4722      61277 |   62   938 |    177855|       0.57      42.82|
Info:      67000 |     4834      62165 |  112   888 |    176984|       0.58      43.40|
Info:      68000 |     4927      63072 |   93   907 |    176081|       0.59      44.00|
Info:      69000 |     5007      63992 |   80   920 |    175190|       0.73      44.72|
Info:      70000 |     5090      64909 |   83   917 |    174321|       0.59      45.31|
Info:      71000 |     5185      65814 |   95   905 |    173479|       0.70      46.02|
Info:      72000 |     5284      66715 |   99   901 |    172584|       0.88      46.89|
Info:      73000 |     5361      67638 |   77   923 |    171706|       0.81      47.70|
Info:      74000 |     5470      68529 |  109   891 |    170844|       0.75      48.45|
Info:      75000 |     5531      69468 |   61   939 |    169915|       0.56      49.01|
Info:      76000 |     5647      70352 |  116   884 |    169102|       0.65      49.66|
Info:      77000 |     5754      71245 |  107   893 |    168227|       0.64      50.30|
Info:      78000 |     5828      72156 |   74   911 |    167372|       0.77      51.07|
Info:      79000 |     5939      73045 |  111   889 |    166510|       0.65      51.72|
Info:      80000 |     6041      73943 |  102   898 |    165918|       0.68      52.40|
Info:      81000 |     6153      74831 |  112   888 |    165036|       0.66      53.05|
Info:      82000 |     6245      75739 |   92   908 |    164144|       0.65      53.71|
Info:      83000 |     6340      76644 |   95   905 |    163278|       0.72      54.43|
Info:      84000 |     6433      77551 |   93   907 |    162402|       0.67      55.10|
Info:      85000 |     6545      78438 |  112   887 |    161537|       0.65      55.75|
Info:      86000 |     6649      79334 |  104   896 |    160661|       0.62      56.37|
Info:      87000 |     6744      80239 |   95   905 |    159856|       0.79      57.16|
Info:      88000 |     6847      81136 |  103   897 |    158996|       0.77      57.93|
Info:      89000 |     6940      82043 |   93   907 |    158096|       0.66      58.59|
Info:      90000 |     7012      82971 |   72   928 |    157171|       0.68      59.27|
Info:      91000 |     7129      83854 |  117   883 |    156305|       0.69      59.96|
Info:      92000 |     7237      84746 |  108   892 |    155421|       0.89      60.85|
Info:      93000 |     7354      85629 |  117   883 |    154568|       0.81      61.66|
Info:      94000 |     7481      86502 |  127   873 |    153735|       0.76      62.41|
Info:      95000 |     7569      87414 |   88   912 |    152849|       0.73      63.14|
Info:      96000 |     7708      88275 |  139   861 |    152163|       0.75      63.89|
Info:      97000 |     7834      89149 |  126   874 |    151299|       0.71      64.60|
Info:      98000 |     7928      90055 |   94   906 |    150427|       1.06      65.66|
Info:      99000 |     8070      90913 |  142   858 |    149592|       0.71      66.37|
Info:     100000 |     8177      91806 |  107   893 |    148715|       0.71      67.09|
Info:     101000 |     8276      92704 |   99   898 |    147829|       0.74      67.83|
Info:     102000 |     8402      93575 |  126   871 |    146980|       0.74      68.57|
Info:     103000 |     8517      94459 |  115   884 |    146124|       0.80      69.37|
Info:     104000 |     8650      95322 |  133   863 |    145349|       0.81      70.18|
Info:     105000 |     8747      96225 |   97   903 |    144459|       0.71      70.88|
Info:     106000 |     8838      97127 |   91   902 |    143558|       0.75      71.63|
Info:     107000 |     8929      98030 |   91   903 |    142659|       0.69      72.33|
Info:     108000 |     9066      98884 |  137   854 |    141973|       0.72      73.05|
Info:     109000 |     9187      99759 |  121   875 |    141159|       0.96      74.00|
Info:     110000 |     9300     100643 |  113   884 |    140283|       0.90      74.90|
Info:     111000 |     9428     101506 |  128   863 |    139441|       0.89      75.79|
Info:     112000 |     9548     102373 |  120   867 |    138578|       0.79      76.59|
Info:     113000 |     9675     103242 |  127   869 |    137735|       0.78      77.37|
Info:     114000 |     9805     104106 |  130   864 |    136932|       0.88      78.25|
Info:     115000 |     9963     104943 |  158   837 |    136104|       0.78      79.03|
Info:     116000 |    10085     105818 |  122   875 |    135282|       1.15      80.18|
Info:     117000 |    10229     106659 |  144   841 |    134471|       0.74      80.92|
Info:     118000 |    10373     107500 |  144   841 |    133629|       0.89      81.81|
Info:     119000 |    10493     108375 |  120   875 |    132762|       0.80      82.61|
Info:     120000 |    10649     109214 |  156   839 |    132002|       0.69      83.31|
Info:     121000 |    10787     110071 |  138   857 |    131179|       0.70      84.01|
Info:     122000 |    10918     110928 |  131   857 |    130315|       0.70      84.71|
Info:     123000 |    11054     111792 |  136   864 |    129523|       1.14      85.85|
Info:     124000 |    11234     112604 |  180   812 |    128842|       0.84      86.68|
Info:     125000 |    11407     113415 |  173   811 |    128036|       0.72      87.40|
Info:     126000 |    11539     114273 |  132   858 |    127234|       0.81      88.21|
Info:     127000 |    11691     115101 |  152   828 |    126420|       0.77      88.98|
Info:     128000 |    11866     115915 |  175   814 |    125622|       0.78      89.76|
Info:     129000 |    12019     116754 |  153   839 |    124972|       0.83      90.60|
Info:     130000 |    12175     117569 |  156   815 |    124162|       0.79      91.39|
Info:     131000 |    12329     118410 |  154   841 |    123365|       1.18      92.57|
Info:     132000 |    12496     119214 |  167   804 |    122546|       0.76      93.34|
Info:     133000 |    12654     120039 |  158   825 |    121739|       0.81      94.15|
Info:     134000 |    12813     120851 |  159   812 |    120903|       0.69      94.83|
Info:     135000 |    12943     121698 |  130   847 |    120069|       0.88      95.71|
Info:     136000 |    13098     122512 |  155   814 |    119242|       0.91      96.62|
Info:     137000 |    13258     123330 |  160   818 |    118463|       0.79      97.41|
Info:     138000 |    13419     124121 |  161   791 |    117637|       0.74      98.16|
Info:     139000 |    13568     124948 |  149   827 |    116900|       1.37      99.52|
Info:     140000 |    13724     125760 |  156   812 |    116126|       1.01     100.53|
Info:     141000 |    13904     126524 |  180   764 |    115326|       0.75     101.28|
Info:     142000 |    14077     127322 |  173   798 |    114528|       0.78     102.06|
Info:     143000 |    14272     128081 |  195   759 |    113737|       0.77     102.83|
Info:     144000 |    14424     128875 |  152   794 |    112929|       0.78     103.61|
Info:     145000 |    14630     129644 |  206   769 |    112249|       0.86     104.47|
Info:     146000 |    14810     130415 |  180   771 |    111510|       1.14     105.61|
Info:     147000 |    14993     131202 |  183   787 |    110779|       0.91     106.52|
Info:     148000 |    15154     132015 |  161   813 |    109972|       0.85     107.37|
Info:     149000 |    15348     132792 |  194   777 |    109245|       0.97     108.34|
Info:     150000 |    15562     133546 |  214   754 |    108504|       0.98     109.32|
Info:     151000 |    15736     134345 |  174   799 |    107796|       0.79     110.11|
Info:     152000 |    15888     135128 |  152   783 |    106966|       0.73     110.83|
Info:     153000 |    16051     135900 |  163   772 |    106135|       0.74     111.57|
Info:     154000 |    16254     136643 |  203   743 |    105377|       0.80     112.37|
Info:     155000 |    16428     137390 |  174   747 |    104587|       0.84     113.21|
Info:     156000 |    16621     138165 |  193   775 |    103808|       0.93     114.14|
Info:     157000 |    16812     138924 |  191   759 |    103194|       0.91     115.04|
Info:     158000 |    17009     139650 |  197   726 |    102414|       0.77     115.82|
Info:     159000 |    17222     140399 |  213   749 |    101699|       0.91     116.72|
Info:     160000 |    17358     141247 |  136   848 |    100908|       1.65     118.37|
Info:     161000 |    17536     142026 |  178   779 |    100128|       0.96     119.33|
Info:     162000 |    17727     142785 |  191   759 |     99360|       0.88     120.21|
Info:     163000 |    17901     143527 |  174   742 |     98550|       0.87     121.08|
Info:     164000 |    18113     144273 |  212   746 |     97824|       1.05     122.14|
Info:     165000 |    18304     145026 |  191   753 |     97048|       0.91     123.04|
Info:     166000 |    18501     145760 |  197   734 |     96268|       0.89     123.93|
Info:     167000 |    18680     146501 |  179   741 |     95482|       0.82     124.76|
Info:     168000 |    18874     147268 |  194   767 |     94709|       0.90     125.66|
Info:     169000 |    19056     148043 |  182   775 |     93925|       1.06     126.72|
Info:     170000 |    19263     148757 |  207   714 |     93170|       0.92     127.64|
Info:     171000 |    19509     149488 |  246   731 |     92646|       1.46     129.10|
Info:     172000 |    19733     150246 |  224   758 |     91988|       1.32     130.42|
Info:     173000 |    19887     151023 |  154   777 |     91164|       0.98     131.40|
Info:     174000 |    20085     151750 |  198   727 |     90409|       0.85     132.24|
Info:     175000 |    20303     152450 |  218   700 |     89718|       0.97     133.22|
Info:     176000 |    20512     153200 |  209   750 |     88963|       0.94     134.16|
Info:     177000 |    20708     153926 |  196   726 |     88206|       0.94     135.09|
Info:     178000 |    20906     154651 |  198   725 |     87499|       0.88     135.97|
Info:     179000 |    21097     155398 |  191   747 |     86722|       0.90     136.87|
Info:     180000 |    21301     156135 |  204   737 |     86016|       0.87     137.74|
Info:     181000 |    21484     156873 |  183   738 |     85206|       0.85     138.59|
Info:     182000 |    21666     157667 |  182   794 |     84402|       0.96     139.55|
Info:     183000 |    21862     158467 |  196   800 |     83850|       1.69     141.23|
Info:     184000 |    22019     159259 |  157   792 |     83074|       1.49     142.72|
Info:     185000 |    22203     160023 |  184   764 |     82309|       0.87     143.59|
Info:     186000 |    22391     160762 |  188   739 |     81542|       0.89     144.48|
Info:     187000 |    22595     161479 |  204   717 |     80777|       0.96     145.44|
Info:     188000 |    22801     162196 |  206   717 |     80039|       0.98     146.42|
Info:     189000 |    23009     162898 |  208   702 |     79271|       0.86     147.28|
Info:     190000 |    23216     163655 |  207   757 |     78504|       0.97     148.25|
Info:     191000 |    23388     164402 |  172   747 |     77786|       1.10     149.35|
Info:     192000 |    23598     165137 |  210   735 |     77027|       1.06     150.41|
Info:     193000 |    23810     165900 |  212   763 |     76282|       1.31     151.71|
Info:     194000 |    23981     166671 |  171   771 |     75510|       1.13     152.84|
Info:     195000 |    24179     167420 |  198   749 |     74750|       1.03     153.87|
Info:     196000 |    24355     168179 |  176   759 |     73976|       1.02     154.89|
Info:     197000 |    24563     168894 |  208   715 |     73235|       1.08     155.97|
Info:     198000 |    24752     169635 |  189   741 |     72485|       1.19     157.16|
Info:     199000 |    24934     170401 |  182   766 |     71700|       1.11     158.27|
Info:     200000 |    25115     171164 |  181   763 |     70922|       1.04     159.31|
Info:     201000 |    25338     171877 |  223   713 |     70196|       1.05     160.36|
Info:     202000 |    25586     172629 |  248   752 |     69642|       2.11     162.47|
Info:     203000 |    25849     173366 |  263   737 |     69172|       2.27     164.74|
Info:     204000 |    26088     174105 |  239   739 |     68550|       1.94     166.68|
Info:     205000 |    26267     174836 |  179   731 |     67770|       1.01     167.69|
Info:     206000 |    26438     175591 |  171   755 |     67002|       1.09     168.78|
Info:     207000 |    26653     176324 |  215   733 |     66258|       0.99     169.76|
Info:     208000 |    26823     177037 |  170   713 |     65481|       0.98     170.75|
Info:     209000 |    27070     177759 |  247   722 |     64810|       1.07     171.81|
Info:     210000 |    27255     178512 |  185   753 |     64107|       1.06     172.88|
Info:     211000 |    27430     179287 |  175   775 |     63342|       1.06     173.94|
Info:     212000 |    27617     180038 |  187   751 |     62599|       0.99     174.93|
Info:     213000 |    27806     180797 |  189   759 |     61858|       1.04     175.97|
Info:     214000 |    27948     181585 |  142   788 |     61034|       0.96     176.93|
Info:     215000 |    28085     182376 |  137   791 |     60221|       1.06     177.99|
Info:     216000 |    28217     183163 |  132   787 |     59371|       0.99     178.98|
Info:     217000 |    28375     183970 |  158   807 |     58577|       1.12     180.10|
Info:     218000 |    28560     184740 |  185   770 |     57822|       1.24     181.34|
Info:     219000 |    28858     185442 |  298   702 |     57217|       2.39     183.74|
Info:     220000 |    29118     186182 |  260   740 |     56644|       2.23     185.97|
Info:     221000 |    29438     186862 |  320   680 |     56372|       2.05     188.02|
Info:     222000 |    29687     187598 |  249   736 |     55761|       1.91     189.93|
Info:     223000 |    29900     188309 |  213   711 |     55070|       1.11     191.03|
Info:     224000 |    30015     189138 |  115   829 |     54201|       0.97     192.00|
Info:     225000 |    30199     189914 |  184   776 |     53477|       0.91     192.92|
Info:     226000 |    30411     190662 |  212   748 |     52760|       1.00     193.91|
Info:     227000 |    30594     191408 |  183   746 |     51962|       0.90     194.82|
Info:     228000 |    30779     192192 |  185   784 |     51199|       1.06     195.88|
Info:     229000 |    30991     192942 |  212   750 |     50439|       1.11     196.98|
Info:     230000 |    31258     193632 |  267   690 |     49782|       1.11     198.10|
Info:     231000 |    31423     194417 |  165   785 |     48976|       0.98     199.08|
Info:     232000 |    31570     195216 |  147   799 |     48161|       0.95     200.03|
Info:     233000 |    31717     196006 |  147   790 |     47324|       1.00     201.03|
Info:     234000 |    31882     196791 |  165   785 |     46540|       1.00     202.02|
Info:     235000 |    32091     197531 |  209   740 |     45813|       1.14     203.16|
Info:     236000 |    32311     198268 |  220   737 |     45110|       1.50     204.66|
Info:     237000 |    32630     198949 |  319   681 |     44617|       1.87     206.53|
Info:     238000 |    32944     199635 |  314   686 |     44150|       1.81     208.34|
Info:     239000 |    33242     200337 |  298   702 |     43616|       2.02     210.36|
Info:     240000 |    33619     200960 |  377   623 |     43299|       2.29     212.65|
Info:     241000 |    33888     201691 |  269   731 |     42721|       2.08     214.73|
Info:     242000 |    34018     202440 |  130   749 |     41893|       1.10     215.83|
Info:     243000 |    34187     203170 |  169   730 |     41129|       1.24     217.07|
Info:     244000 |    34359     203864 |  172   694 |     40360|       1.09     218.16|
Info:     245000 |    34517     204659 |  158   795 |     39592|       1.14     219.31|
Info:     246000 |    34713     205313 |  196   654 |     38838|       1.21     220.52|
Info:     247000 |    34829     206153 |  116   840 |     37994|       0.93     221.45|
Info:     248000 |    35047     206927 |  218   774 |     37335|       1.74     223.19|
Info:     249000 |    35182     207692 |  135   765 |     36524|       0.97     224.17|
Info:     250000 |    35490     208359 |  308   667 |     36030|       1.48     225.65|
Info:     251000 |    35609     209178 |  119   819 |     35165|       0.91     226.56|
Info:     252000 |    35781     209992 |  172   814 |     34414|       1.17     227.73|
Info:     253000 |    36026     210706 |  245   714 |     33788|       1.54     229.27|
Info:     254000 |    36388     211344 |  362   638 |     33304|       1.85     231.12|
Info:     255000 |    36740     211992 |  352   648 |     32878|       1.90     233.02|
Info:     256000 |    37096     212636 |  356   644 |     32416|       2.18     235.20|
Info:     257000 |    37482     213250 |  386   614 |     32031|       2.30     237.50|
Info:     258000 |    37889     213843 |  407   593 |     31641|       2.28     239.78|
Info:     259000 |    38300     214432 |  411   589 |     31189|       2.61     242.39|
Info:     260000 |    38703     215029 |  403   597 |     30798|       2.43     244.82|
Info:     261000 |    39051     215681 |  348   652 |     30245|       2.24     247.06|
Info:     262000 |    39487     216245 |  436   564 |     29866|       1.61     248.67|
Info:     263000 |    39727     216977 |  240   732 |     29205|       1.18     249.85|
Info:     264000 |    39913     217787 |  186   810 |     28425|       1.04     250.89|
Info:     265000 |    40208     218492 |  295   705 |     27902|       1.37     252.27|
Info:     266000 |    40524     219174 |  316   682 |     27337|       1.30     253.57|
Info:     267000 |    40761     219937 |  237   763 |     26720|       1.14     254.71|
Info:     268000 |    40985     220713 |  224   776 |     26027|       1.26     255.97|
Info:     269000 |    41147     221551 |  162   838 |     25207|       1.02     256.99|
Info:     270000 |    41357     222341 |  210   790 |     24440|       0.95     257.94|
Info:     271000 |    41703     222995 |  346   654 |     24039|       1.99     259.93|
Info:     272000 |    42127     223571 |  424   576 |     23659|       2.10     262.04|
Info:     273000 |    42532     224166 |  405   595 |     23261|       2.33     264.37|
Info:     274000 |    42935     224763 |  403   597 |     22866|       2.17     266.53|
Info:     275000 |    43419     225279 |  484   516 |     22552|       2.55     269.08|
Info:     276000 |    43829     225869 |  410   590 |     22170|       2.24     271.32|
Info:     277000 |    44308     226390 |  479   521 |     21821|       2.52     273.84|
Info:     278000 |    44739     226959 |  431   569 |     21530|       2.28     276.12|
Info:     279000 |    45192     227506 |  453   547 |     21206|       2.50     278.62|
Info:     280000 |    45670     228028 |  478   522 |     20956|       2.02     280.64|
Info:     281000 |    46107     228591 |  437   563 |     20567|       2.38     283.02|
Info:     282000 |    46567     229131 |  460   540 |     20373|       2.20     285.22|
Info:     283000 |    47046     229652 |  479   521 |     20102|       2.12     287.34|
Info:     284000 |    47508     230190 |  462   538 |     19768|       2.45     289.79|
Info:     285000 |    47779     230919 |  271   729 |     19127|       1.46     291.25|
Info:     286000 |    47891     231807 |  112   888 |     18283|       1.10     292.34|
Info:     287000 |    48054     232644 |  163   837 |     17576|       1.12     293.46|
Info:     288000 |    48463     233235 |  409   591 |     17210|       1.80     295.26|
Info:     289000 |    48841     233857 |  378   622 |     16737|       1.72     296.98|
Info:     290000 |    49202     234496 |  361   639 |     16307|       1.66     298.64|
Info:     291000 |    49620     235078 |  418   582 |     15867|       1.90     300.55|
Info:     292000 |    49981     235717 |  361   639 |     15364|       1.75     302.30|
Info:     293000 |    50378     236320 |  397   603 |     14946|       1.69     303.99|
Info:     294000 |    50759     236939 |  381   619 |     14476|       1.66     305.65|
Info:     295000 |    51141     237557 |  382   618 |     13964|       1.93     307.58|
Info:     296000 |    51576     238122 |  435   565 |     13588|       1.80     309.39|
Info:     297000 |    51938     238760 |  362   638 |     13057|       1.64     311.02|
Info:     298000 |    52047     239613 |  109   853 |     12212|       1.19     312.21|
Info:     299000 |    52189     240371 |  142   758 |     11484|       1.57     313.78|
Info:     300000 |    52389     241049 |  200   678 |     10813|       1.56     315.34|
Info:     301000 |    52552     241775 |  163   726 |     10127|       1.68     317.02|
Info:     302000 |    52679     242532 |  127   757 |      9420|       1.61     318.63|
Info:     303000 |    52807     243293 |  128   761 |      8621|       1.61     320.25|
Info:     304000 |    53050     243974 |  243   681 |      8057|       1.93     322.18|
Info:     305000 |    53167     244726 |  117   752 |      7238|       1.46     323.64|
Info:     306000 |    53281     245490 |  114   764 |      6419|       1.31     324.95|
Info:     307000 |    53526     246175 |  245   685 |      5855|       1.74     326.70|
Info:     308000 |    53629     246954 |  103   779 |      5001|       1.44     328.14|
Info:     309000 |    53829     247661 |  200   707 |      4380|       1.68     329.82|
Info:     310000 |    53929     248446 |  100   785 |      3518|       1.33     331.16|
Info:     311000 |    54123     249153 |  194   707 |      2861|       1.94     333.10|
Info:     312000 |    54441     249815 |  318   662 |      2741|       1.94     335.04|
Info:     313000 |    54594     250551 |  153   736 |      1975|       2.05     337.09|
Info:     314000 |    54739     251316 |  145   765 |      1244|       1.83     338.91|
Info:     315000 |    54853     252105 |  114   789 |       452|       1.77     340.68|
Info:     191 arcs ripped up due to negative slack WNS=-1.34ns TNS=-114.10ns.
Info:       1000 |    55570     252855 |  717   750 |      1093|       3.62     344.30|
Info:       2000 |    56148     253277 |  578   422 |      1737|       1.45     345.75|
Info:       3000 |    56677     253748 |  529   471 |      1753|       1.43     347.18|
Info:       4000 |    57197     254228 |  520   480 |      2017|       1.48     348.66|
Info:       5000 |    57654     254771 |  457   543 |      2010|       1.68     350.35|
Info:       6000 |    58195     255230 |  541   459 |      2117|       1.77     352.11|
Info:       7000 |    58713     255712 |  518   482 |      2043|       1.79     353.91|
Info:       8000 |    59243     256182 |  530   470 |      2074|       1.76     355.67|
Info:       9000 |    59869     256556 |  626   374 |      2779|       1.46     357.14|
Info:      10000 |    60351     257074 |  482   518 |      2509|       1.77     358.90|
Info:      11000 |    60927     257497 |  576   423 |      2368|       1.78     360.69|
Info:      12000 |    61484     257940 |  557   443 |      2204|       1.90     362.59|
Info:      13000 |    61993     258431 |  509   491 |      2102|       1.68     364.27|
Info:      14000 |    62629     258795 |  636   364 |      2278|       1.64     365.90|
Info:      15000 |    63206     259218 |  577   423 |      2457|       1.72     367.63|
Info:      16000 |    63766     259658 |  560   440 |      2421|       1.70     369.33|
Info:      17000 |    64282     260142 |  516   484 |      2404|       1.74     371.07|
Info:      18000 |    64841     260583 |  559   441 |      2303|       1.74     372.80|
Info:      19000 |    65376     261048 |  535   465 |      2051|       1.74     374.54|
Info:      20000 |    65924     261500 |  548   452 |      1987|       1.65     376.19|
Info:      21000 |    66437     261987 |  513   487 |      1966|       1.82     378.01|
Info:      22000 |    67026     262398 |  589   411 |      1944|       1.68     379.69|
Info:      23000 |    67580     262844 |  554   446 |      2041|       2.02     381.71|
Info:      24000 |    68162     263262 |  582   418 |      1879|       2.21     383.91|
Info:      25000 |    68680     263744 |  518   482 |      1860|       1.82     385.73|
Info:      26000 |    69287     264137 |  607   393 |      1721|       2.14     387.88|
Info:      27000 |    69866     264558 |  579   421 |      1620|       1.85     389.73|
Info:      28000 |    70443     264981 |  577   423 |      1578|       2.14     391.87|
Info:      29000 |    70950     265474 |  507   493 |      1482|       1.96     393.83|
Info:      30000 |    71558     265866 |  608   392 |      1453|       2.42     396.25|
Info:      31000 |    72119     266305 |  561   439 |      1394|       2.28     398.53|
Info:      32000 |    72710     266714 |  591   409 |      1322|       1.97     400.51|
Info:      33000 |    73318     267106 |  608   392 |      1220|       2.19     402.70|
Info:      34000 |    73825     267599 |  507   493 |      1344|       2.06     404.76|
Info:      35000 |    74410     268014 |  585   415 |      1539|       1.60     406.37|
Info:      36000 |    75040     268384 |  630   370 |      1506|       2.07     408.44|
Info:      37000 |    75646     268778 |  606   394 |      1441|       2.27     410.71|
Info:      38000 |    76229     269195 |  583   417 |      1316|       2.42     413.13|
Info:      39000 |    76762     269662 |  533   467 |      1226|       2.43     415.56|
Info:      40000 |    77320     270104 |  558   442 |      1226|       2.02     417.58|
Info:      41000 |    77919     270505 |  599   401 |      1161|       2.11     419.70|
Info:      42000 |    78531     270893 |  612   388 |      1114|       2.39     422.09|
Info:      43000 |    79110     271314 |  579   421 |      1018|       2.39     424.48|
Info:      44000 |    79620     271804 |  510   490 |      1037|       1.94     426.42|
Info:      45000 |    80203     272221 |  583   417 |      1230|       1.81     428.23|
Info:      46000 |    80735     272689 |  532   468 |      1221|       1.84     430.07|
Info:      47000 |    81295     273129 |  560   440 |      1047|       2.28     432.35|
Info:      48000 |    81780     273644 |  485   515 |       820|       2.50     434.85|
Info:      49000 |    82241     274183 |  461   539 |       581|       2.39     437.24|
Info:      50000 |    82633     274791 |  392   608 |       309|       2.28     439.51|
Info:     85 arcs ripped up due to negative slack WNS=-0.80ns TNS=-25.88ns.
Info:       1000 |    83542     275789 |  909   998 |       646|       4.16     443.68|
Info:       2000 |    84059     276272 |  517   483 |       627|       1.68     445.36|
Info:       3000 |    84622     276709 |  563   437 |       497|       1.82     447.17|
Info:       4000 |    85231     277100 |  609   391 |      1163|       1.66     448.83|
Info:       5000 |    85806     277525 |  575   425 |      1527|       1.76     450.60|
Info:       6000 |    86328     278003 |  522   478 |      1604|       1.73     452.33|
Info:       7000 |    86840     278491 |  512   488 |      1474|       1.67     453.99|
Info:       8000 |    87329     279002 |  489   511 |      1858|       1.61     455.61|
Info:       9000 |    87754     279577 |  425   575 |      2036|       1.98     457.58|
Info:      10000 |    88210     280121 |  456   544 |      2085|       1.84     459.43|
Info:      11000 |    88746     280585 |  536   464 |      1918|       1.84     461.27|
Info:      12000 |    89330     281001 |  584   416 |      1895|       1.70     462.96|
Info:      13000 |    89894     281437 |  564   436 |      1811|       1.67     464.63|
Info:      14000 |    90461     281870 |  567   433 |      1759|       1.69     466.32|
Info:      15000 |    91014     282317 |  553   447 |      1821|       1.76     468.08|
Info:      16000 |    91585     282746 |  571   429 |      2025|       1.75     469.83|
Info:      17000 |    92158     283173 |  573   427 |      1960|       1.68     471.51|
Info:      18000 |    92664     283667 |  506   494 |      1947|       1.56     473.07|
Info:      19000 |    93240     284091 |  576   424 |      1855|       1.90     474.98|
Info:      20000 |    93819     284512 |  579   421 |      1776|       2.08     477.05|
Info:      21000 |    94376     284955 |  557   443 |      1701|       1.79     478.85|
Info:      22000 |    94958     285373 |  582   418 |      1562|       2.24     481.09|
Info:      23000 |    95540     285791 |  582   418 |      1563|       2.24     483.33|
Info:      24000 |    96047     286284 |  507   493 |      1752|       1.88     485.22|
Info:      25000 |    96601     286730 |  554   446 |      1610|       2.11     487.33|
Info:      26000 |    97219     287112 |  618   382 |      1631|       1.78     489.11|
Info:      27000 |    97852     287479 |  633   367 |      1625|       1.67     490.78|
Info:      28000 |    98444     287887 |  592   408 |      1561|       2.69     493.47|
Info:      29000 |    98996     288335 |  552   448 |      1399|       2.14     495.60|
Info:      30000 |    99565     288766 |  569   431 |      1335|       2.13     497.73|
Info:      31000 |   100125     289206 |  560   440 |      1235|       2.16     499.89|
Info:      32000 |   100758     289573 |  633   367 |      1089|       2.61     502.51|
Info:      33000 |   101327     290004 |  569   431 |      1078|       2.01     504.52|
Info:      34000 |   101827     290504 |  500   500 |      1066|       2.33     506.85|
Info:      35000 |   102404     290927 |  577   423 |      1006|       2.23     509.08|
Info:      36000 |   103052     291279 |  648   352 |      1007|       1.79     510.86|
Info:      37000 |   103665     291666 |  613   387 |       834|       2.20     513.06|
Info:      38000 |   104290     292041 |  625   375 |       729|       2.05     515.11|
Info:      39000 |   104802     292529 |  512   488 |       734|       1.99     517.10|
Info:      40000 |   105378     292953 |  576   424 |       747|       2.19     519.28|
Info:      41000 |   105942     293389 |  564   436 |       590|       2.37     521.66|
Info:      42000 |   106413     293918 |  471   529 |       387|       2.51     524.17|
Info:      43000 |   106847     294484 |  434   566 |        84|       2.44     526.61|
Info:     68 arcs ripped up due to negative slack WNS=-0.88ns TNS=-25.92ns.
Info:       1000 |   107514     295151 |  667   667 |       404|       3.30     529.91|
Info:       2000 |   108092     295573 |  578   422 |       629|       1.53     531.44|
Info:       3000 |   108581     296084 |  489   511 |       679|       1.51     532.95|
Info:       4000 |   109082     296583 |  501   499 |       856|       1.37     534.32|
Info:       5000 |   109615     297050 |  533   467 |       978|       1.53     535.86|
Info:       6000 |   110196     297469 |  581   419 |       991|       1.70     537.56|
Info:       7000 |   110752     297913 |  556   444 |       906|       1.64     539.20|
Info:       8000 |   111258     298407 |  506   494 |      1002|       1.67     540.88|
Info:       9000 |   111830     298835 |  572   428 |       859|       1.79     542.66|
Info:      10000 |   112410     299255 |  580   420 |       846|       1.80     544.46|
Info:      11000 |   112982     299683 |  572   428 |       732|       2.22     546.68|
Info:      12000 |   113505     300160 |  523   477 |       692|       2.14     548.82|
Info:      13000 |   114078     300587 |  573   427 |       559|       2.00     550.82|
Info:      14000 |   114687     300978 |  609   391 |       542|       2.31     553.13|
Info:      15000 |   115281     301384 |  594   406 |       451|       2.02     555.14|
Info:      16000 |   115866     301799 |  585   415 |       402|       2.36     557.50|
Info:      17000 |   116462     302203 |  596   404 |       398|       2.11     559.61|
Info:      18000 |   117021     302644 |  559   441 |       395|       2.20     561.80|
Info:      19000 |   117572     303093 |  551   449 |       369|       2.45     564.26|
Info:      20000 |   118164     303501 |  592   408 |       433|       2.35     566.61|
Info:      21000 |   118730     303935 |  566   434 |       299|       1.87     568.48|
Info:      22000 |   119314     304351 |  584   416 |       300|       2.07     570.55|
Info:      23000 |   119845     304820 |  531   469 |       268|       2.45     573.00|
Info:      24000 |   120510     305155 |  665   335 |       236|       1.72     574.72|
Info:      25000 |   120956     305709 |  446   554 |        12|       2.42     577.14|
Info:     85 arcs ripped up due to negative slack WNS=-1.10ns TNS=-35.38ns.
Info:       1000 |   121583     306197 |  627   488 |       466|       2.82     579.97|
Info:       2000 |   122149     306631 |  566   434 |       599|       1.44     581.40|
Info:       3000 |   122681     307099 |  532   468 |       696|       1.65     583.05|
Info:       4000 |   123189     307591 |  508   492 |       829|       1.67     584.72|
Info:       5000 |   123717     308063 |  528   472 |       825|       1.50     586.23|
Info:       6000 |   124196     308584 |  479   521 |      1006|       1.66     587.89|
Info:       7000 |   124776     309004 |  580   420 |       898|       1.77     589.65|
Info:       8000 |   125376     309404 |  600   400 |       735|       1.78     591.43|
Info:       9000 |   125947     309833 |  571   429 |       740|       1.70     593.13|
Info:      10000 |   126521     310259 |  574   426 |       616|       1.82     594.95|
Info:      11000 |   127117     310663 |  596   404 |       577|       1.99     596.94|
Info:      12000 |   127803     310977 |  686   314 |       514|       2.23     599.17|
Info:      13000 |   128419     311361 |  616   384 |       419|       1.87     601.04|
Info:      14000 |   129010     311770 |  591   409 |       394|       2.42     603.46|
Info:      15000 |   129593     312187 |  583   417 |       287|       2.29     605.75|
Info:      16000 |   130112     312668 |  519   481 |       261|       2.08     607.82|
Info:      17000 |   130664     313116 |  552   448 |       407|       2.22     610.04|
Info:      18000 |   131227     313553 |  563   437 |       206|       2.18     612.22|
Info:      19000 |   131745     314035 |  518   482 |       209|       1.90     614.13|
Info:     61 arcs ripped up due to negative slack WNS=-0.62ns TNS=-15.81ns.
Info:       1000 |   132554     314695 |  809   660 |       491|       3.38     617.50|
Info:       2000 |   133081     315168 |  527   473 |       565|       1.40     618.90|
Info:       3000 |   133583     315666 |  502   498 |       512|       1.71     620.62|
Info:       4000 |   134118     316131 |  535   465 |       715|       1.85     622.47|
Info:       5000 |   134637     316612 |  519   481 |       888|       3.51     625.98|
Info:       6000 |   135126     317123 |  489   511 |       874|       2.08     628.05|
Info:       7000 |   135706     317543 |  580   420 |       855|       2.17     630.22|
Info:       8000 |   136304     317945 |  598   402 |       786|       2.18     632.40|
Info:       9000 |   136914     318335 |  610   390 |       711|       2.31     634.71|
Info:      10000 |   137491     318758 |  577   423 |       565|       2.52     637.22|
Info:      11000 |   138075     319174 |  584   416 |       554|       2.27     639.50|
Info:      12000 |   138689     319560 |  614   386 |       527|       2.31     641.81|
Info:      13000 |   139307     319942 |  618   382 |       445|       2.38     644.18|
Info:      14000 |   139868     320381 |  561   439 |       424|       2.34     646.53|
Info:      15000 |   140426     320823 |  558   442 |       466|       2.26     648.79|
Info:      16000 |   141035     321214 |  609   391 |       475|       2.07     650.86|
Info:      17000 |   141625     321624 |  590   410 |       730|       1.86     652.72|
Info:      18000 |   142148     322101 |  523   477 |       744|       1.89     654.60|
Info:      19000 |   142718     322531 |  570   430 |       702|       2.33     656.93|
Info:      20000 |   143298     322951 |  580   420 |       635|       2.70     659.63|
Info:      21000 |   143860     323389 |  562   438 |       596|       2.93     662.56|
Info:      22000 |   144474     323775 |  614   386 |       519|       2.59     665.15|
Info:      23000 |   145071     324178 |  597   403 |       572|       3.30     668.45|
Info:      24000 |   145551     324698 |  480   520 |       524|       2.29     670.74|
Info:      25000 |   146154     325095 |  603   397 |       423|       3.06     673.80|
Info:      26000 |   146762     325487 |  608   392 |       416|       2.64     676.44|
Info:      27000 |   147386     325863 |  624   376 |       340|       2.81     679.24|
Info:      28000 |   147943     326306 |  557   443 |       247|       2.53     681.77|
Info:      29000 |   148429     326820 |  486   514 |        42|       2.61     684.38|
Info:     74 arcs ripped up due to negative slack WNS=-1.10ns TNS=-32.31ns.
Info:       1000 |   149095     327356 |  666   536 |       434|       3.34     687.71|
Info:       2000 |   149601     327850 |  506   494 |       478|       1.67     689.39|
Info:       3000 |   150138     328313 |  537   463 |       658|       1.74     691.12|
Info:       4000 |   150673     328778 |  535   465 |       610|       2.03     693.15|
Info:       5000 |   151266     329185 |  593   407 |       478|       1.88     695.03|
Info:       6000 |   151845     329606 |  579   421 |       591|       2.27     697.30|
Info:       7000 |   152418     330033 |  573   427 |       444|       2.11     699.41|
Info:       8000 |   152878     330573 |  460   540 |       449|       1.73     701.14|
Info:       9000 |   153503     330948 |  625   375 |       386|       1.85     702.99|
Info:      10000 |   154105     331346 |  602   398 |       384|       2.02     705.01|
Info:      11000 |   154739     331712 |  634   366 |       286|       2.18     707.19|
Info:      12000 |   155309     332142 |  570   430 |       178|       2.50     709.68|
Info:      13000 |   155880     332571 |  571   429 |       325|       2.19     711.87|
Info:      14000 |   156394     333057 |  514   486 |       340|       1.86     713.74|
Info:      15000 |   157004     333447 |  610   390 |       140|       2.19     715.93|
Info:      16000 |   157548     333903 |  544   456 |        53|       2.44     718.37|
Info:     48 arcs ripped up due to negative slack WNS=-0.44ns TNS=-11.21ns.
Info:       1000 |   158239     334458 |  691   555 |       494|       3.73     722.10|
Info:       2000 |   158800     334897 |  561   439 |       767|       1.87     723.96|
Info:       3000 |   159291     335406 |  491   509 |       752|       2.00     725.96|
Info:       4000 |   159843     335854 |  552   448 |       751|       2.05     728.02|
Info:       5000 |   160471     336226 |  628   372 |       952|       1.68     729.70|
Info:       6000 |   160905     336792 |  434   566 |       831|       2.00     731.70|
Info:       7000 |   161445     337252 |  540   460 |       739|       1.86     733.57|
Info:       8000 |   162031     337666 |  586   414 |       790|       1.92     735.49|
Info:       9000 |   162646     338051 |  615   385 |       758|       2.14     737.63|
Info:      10000 |   163235     338462 |  589   411 |       571|       2.01     739.64|
Info:      11000 |   163892     338805 |  657   343 |       513|       2.39     742.03|
Info:      12000 |   164483     339214 |  591   409 |       479|       2.23     744.26|
Info:      13000 |   164999     339698 |  516   484 |       534|       2.10     746.36|
Info:      14000 |   165542     340155 |  543   457 |       616|       2.14     748.50|
Info:      15000 |   166144     340553 |  602   398 |       522|       1.91     750.41|
Info:      16000 |   166660     341037 |  516   484 |       437|       2.33     752.74|
Info:      17000 |   167224     341473 |  564   436 |       377|       2.50     755.24|
Info:      18000 |   167772     341925 |  548   452 |       411|       2.14     757.38|
Info:      19000 |   168311     342386 |  539   461 |       423|       2.50     759.88|
Info:      20000 |   168786     342911 |  475   525 |       394|       2.03     761.91|
Info:      21000 |   169276     343421 |  490   510 |       441|       1.79     763.70|
Info:      22000 |   169855     343842 |  579   421 |       713|       2.52     766.22|
Info:      23000 |   170359     344338 |  504   496 |       855|       1.84     768.06|
Info:      24000 |   170855     344842 |  496   504 |       754|       2.01     770.07|
Info:      25000 |   171428     345269 |  573   427 |       622|       2.20     772.27|
Info:      26000 |   171968     345729 |  540   460 |       523|       2.75     775.02|
Info:      27000 |   172606     346091 |  638   362 |       419|       3.40     778.43|
Info:      28000 |   173122     346575 |  516   484 |       396|       2.20     780.62|
Info:      29000 |   173662     347035 |  540   460 |       276|       3.90     784.52|
Info:      30000 |   174054     347643 |  392   608 |       189|       2.75     787.27|
Info:     71 arcs ripped up due to negative slack WNS=-1.15ns TNS=-29.25ns.
Info:       1000 |   174836     348429 |  782   786 |       281|       4.38     791.66|
Info:       2000 |   175381     348884 |  545   455 |       839|       1.76     793.42|
Info:       3000 |   175839     349426 |  458   542 |       814|       1.70     795.12|
Info:       4000 |   176333     349932 |  494   506 |       646|       1.96     797.08|
Info:       5000 |   176875     350390 |  542   458 |       472|       2.14     799.22|
Info:       6000 |   177448     350817 |  573   427 |       477|       2.34     801.56|
Info:       7000 |   178014     351251 |  566   434 |       380|       2.20     803.76|
Info:       8000 |   178504     351761 |  490   510 |       451|       1.95     805.71|
Info:       9000 |   179029     352236 |  525   475 |       372|       2.06     807.77|
Info:      10000 |   179649     352616 |  620   380 |       207|       2.60     810.37|
Info:      11000 |   180334     352931 |  685   315 |       192|       1.94     812.31|
Info:      12000 |   180947     353318 |  613   387 |       293|       2.06     814.36|
Info:      13000 |   181485     353780 |  538   462 |       163|       2.28     816.64|
Info:      14000 |   182067     354198 |  582   418 |       109|       2.58     819.23|
Info:     74 arcs ripped up due to negative slack WNS=-0.69ns TNS=-22.19ns.
Info:       1000 |   182688     354760 |  621   562 |       492|       3.45     822.68|
Info:       2000 |   183217     355231 |  529   471 |       532|       1.69     824.36|
Info:       3000 |   183702     355746 |  485   515 |       630|       1.68     826.04|
Info:       4000 |   184236     356212 |  534   466 |       649|       2.00     828.04|
Info:       5000 |   184826     356622 |  590   410 |       651|       2.36     830.40|
Info:       6000 |   185396     357052 |  570   430 |       719|       1.89     832.29|
Info:       7000 |   185972     357476 |  576   424 |       612|       2.04     834.34|
Info:       8000 |   186519     357929 |  547   453 |       485|       2.14     836.48|
Info:       9000 |   187057     358391 |  538   462 |       615|       1.96     838.45|
Info:      10000 |   187550     358898 |  493   507 |       637|       2.21     840.65|
Info:      11000 |   188133     359315 |  583   417 |       462|       2.89     843.54|
Info:      12000 |   188726     359722 |  593   407 |       457|       2.35     845.89|
Info:      13000 |   189312     360136 |  586   414 |       451|       3.08     848.97|
Info:      14000 |   189912     360536 |  600   400 |       493|       2.41     851.38|
Info:      15000 |   190533     360915 |  621   379 |       408|       2.61     853.99|
Info:      16000 |   191121     361327 |  588   412 |       343|       2.82     856.81|
Info:      17000 |   191756     361692 |  635   365 |       258|       2.60     859.41|
Info:      18000 |   192282     362166 |  526   474 |       340|       2.79     862.20|
Info:      19000 |   192900     362548 |  618   382 |       418|       2.52     864.72|
Info:      20000 |   193466     362982 |  566   434 |       340|       2.13     866.85|
Info:      21000 |   194078     363370 |  612   388 |       256|       2.70     869.55|
Info:      22000 |   194623     363825 |  545   455 |       269|       2.21     871.76|
Info:     78 arcs ripped up due to negative slack WNS=-1.03ns TNS=-32.41ns.
Info:       1000 |   195629     364760 | 1006   935 |       405|       4.79     876.55|
Info:       2000 |   196130     365259 |  501   499 |       606|       1.79     878.34|
Info:       3000 |   196613     365776 |  483   517 |       694|       2.13     880.48|
Info:       4000 |   197144     366245 |  531   469 |       557|       1.88     882.36|
Info:       5000 |   197709     366680 |  565   435 |       720|       1.74     884.10|
Info:       6000 |   198194     367195 |  485   515 |       537|       1.85     885.95|
Info:       7000 |   198718     367671 |  524   476 |       511|       1.89     887.85|
Info:       8000 |   199258     368131 |  540   460 |       643|       1.84     889.69|
Info:       9000 |   199786     368603 |  528   472 |       487|       2.21     891.90|
Info:      10000 |   200405     368984 |  619   381 |       495|       1.85     893.75|
Info:      11000 |   200936     369453 |  531   469 |       495|       1.91     895.66|
Info:      12000 |   201519     369870 |  583   417 |       410|       1.99     897.64|
Info:      13000 |   202137     370252 |  618   382 |       263|       2.46     900.11|
Info:      14000 |   202741     370648 |  604   396 |       174|       2.68     902.78|
Info:      15000 |   203339     371050 |  598   402 |       105|       2.32     905.11|
Info:     70 arcs ripped up due to negative slack WNS=-0.88ns TNS=-24.35ns.
Info:       1000 |   204059     371734 |  720   684 |       188|       3.87     908.97|
Info:       2000 |   204584     372209 |  525   475 |       342|       1.83     910.81|
Info:       3000 |   205133     372660 |  549   451 |       458|       1.94     912.75|
Info:       4000 |   205762     373031 |  629   371 |       372|       2.35     915.10|
Info:       5000 |   206335     373458 |  573   427 |       363|       2.03     917.13|
Info:       6000 |   206918     373875 |  583   417 |       287|       2.14     919.27|
Info:       7000 |   207515     374278 |  597   403 |       368|       1.98     921.25|
Info:       8000 |   208115     374678 |  600   400 |       279|       2.12     923.37|
Info:       9000 |   208700     375093 |  585   415 |       232|       2.49     925.86|
Info:      10000 |   209253     375540 |  553   447 |       234|       2.44     928.30|
Info:      11000 |   209815     375978 |  562   438 |       209|       1.99     930.29|
Info:      12000 |   210403     376390 |  588   412 |       203|       2.48     932.77|
Info:      13000 |   210961     376832 |  558   442 |        45|       2.44     935.21|
Info:     45 arcs ripped up due to negative slack WNS=-0.43ns TNS=-11.22ns.
Info:       1000 |   211718     377369 |  757   537 |       409|       3.64     938.85|
Info:       2000 |   212243     377844 |  525   475 |       449|       1.65     940.49|
Info:       3000 |   212799     378288 |  556   444 |       350|       1.53     942.02|
Info:       4000 |   213386     378701 |  587   413 |       223|       1.63     943.65|
Info:       5000 |   213968     379119 |  582   418 |       314|       1.95     945.60|
Info:       6000 |   214519     379568 |  551   449 |       569|       1.79     947.39|
Info:       7000 |   215058     380029 |  539   461 |       414|       2.09     949.48|
Info:       8000 |   215651     380436 |  593   407 |       329|       2.25     951.73|
Info:       9000 |   216317     380770 |  666   334 |       472|       1.79     953.53|
Info:      10000 |   216957     381130 |  640   360 |       437|       1.75     955.28|
Info:      11000 |   217529     381558 |  572   428 |       306|       2.03     957.31|
Info:      12000 |   218097     381990 |  568   432 |       217|       1.98     959.29|
Info:      13000 |   218684     382403 |  587   413 |       273|       1.88     961.17|
Info:      14000 |   219201     382886 |  517   483 |       352|       1.94     963.11|
Info:      15000 |   219731     383356 |  530   470 |       269|       1.68     964.79|
Info:      16000 |   220246     383841 |  515   485 |       168|       2.51     967.30|
Info:     69 arcs ripped up due to negative slack WNS=-1.05ns TNS=-26.42ns.
Info:       1000 |   220814     384529 |  568   688 |       400|       5.03     972.33|
Info:       2000 |   221275     385068 |  461   539 |       298|       1.87     974.19|
Info:       3000 |   221854     385489 |  579   421 |       300|       1.88     976.07|
Info:       4000 |   222421     385922 |  567   433 |       163|       2.29     978.35|
Info:       5000 |   222977     386366 |  556   444 |        59|       2.36     980.71|
Info:       6000 |   223519     386824 |  542   458 |       242|       2.18     982.89|
Info:       7000 |   224059     387284 |  540   460 |       131|       1.92     984.81|
Info:     57 arcs ripped up due to negative slack WNS=-0.71ns TNS=-14.62ns.
Info:       1000 |   225252     388009 | 1193   725 |       390|       5.17     989.98|
Info:       2000 |   225714     388547 |  462   538 |       495|       1.83     991.81|
Info:       3000 |   226217     389044 |  503   497 |       352|       2.05     993.86|
Info:       4000 |   226789     389472 |  572   428 |       287|       2.12     995.98|
Info:       5000 |   227392     389869 |  603   397 |        93|       2.34     998.32|
Info:       6000 |   227941     390320 |  549   451 |       399|       2.14    1000.46|
Info:       7000 |   228412     390849 |  471   529 |       422|       1.70    1002.16|
Info:       8000 |   228980     391281 |  568   432 |       697|       2.01    1004.17|
Info:       9000 |   229470     391791 |  490   510 |       796|       2.53    1006.70|
Info:      10000 |   230043     392218 |  573   427 |       834|       2.62    1009.32|
Info:      11000 |   230631     392630 |  588   412 |       728|       2.71    1012.03|
Info:      12000 |   231187     393074 |  556   444 |       687|       2.59    1014.62|
Info:      13000 |   231687     393574 |  500   500 |       607|       2.58    1017.20|
Info:      14000 |   232247     394014 |  560   440 |       443|       2.10    1019.29|
Info:      15000 |   232766     394495 |  519   481 |       451|       2.36    1021.65|
Info:      16000 |   233335     394926 |  569   431 |       320|       2.51    1024.16|
Info:      17000 |   233949     395312 |  614   386 |       821|       2.30    1026.46|
Info:      18000 |   234393     395868 |  444   556 |       813|       2.16    1028.62|
Info:      19000 |   234848     396413 |  455   545 |       758|       2.42    1031.04|
Info:      20000 |   235382     396879 |  534   466 |       679|       2.26    1033.31|
Info:      21000 |   235902     397359 |  520   480 |       644|       2.33    1035.63|
Info:      22000 |   236450     397811 |  548   452 |       503|       2.66    1038.29|
Info:      23000 |   236969     398292 |  519   481 |       466|       2.42    1040.71|
Info:      24000 |   237573     398688 |  604   396 |       344|       2.66    1043.37|
Info:      25000 |   238159     399102 |  586   414 |       265|       2.63    1046.00|
Info:      26000 |   238659     399602 |  500   500 |        67|       2.44    1048.45|
Info:     71 arcs ripped up due to negative slack WNS=-0.94ns TNS=-24.56ns.
Info:       1000 |   239279     400131 |  620   529 |       111|       3.67    1052.11|
Info:       2000 |   239811     400599 |  532   468 |       486|       1.98    1054.09|
Info:       3000 |   240313     401097 |  502   498 |       356|       1.85    1055.94|
Info:       4000 |   240870     401540 |  557   443 |       248|       2.33    1058.27|
Info:       5000 |   241483     401927 |  613   387 |       223|       2.52    1060.79|
Info:       6000 |   242013     402397 |  530   470 |       140|       2.01    1062.81|
Info:       7000 |   242562     402848 |  549   451 |       115|       2.22    1065.02|
Info:       8000 |   243155     403255 |  593   407 |       126|       2.42    1067.45|
Info:       9000 |   243739     403671 |  584   416 |        92|       2.68    1070.13|
Info:     59 arcs ripped up due to negative slack WNS=-0.62ns TNS=-15.66ns.
Info:       1000 |   244607     404312 |  868   641 |       508|       3.82    1073.95|
Info:       2000 |   245102     404817 |  495   505 |       766|       1.71    1075.66|
Info:       3000 |   245638     405281 |  536   464 |       739|       2.05    1077.70|
Info:       4000 |   246147     405772 |  509   491 |       797|       1.96    1079.66|
Info:       5000 |   246681     406238 |  534   466 |       629|       2.25    1081.91|
Info:       6000 |   247246     406673 |  565   435 |       494|       2.80    1084.71|
Info:       7000 |   247773     407146 |  527   473 |       660|       2.54    1087.25|
Info:       8000 |   248337     407582 |  564   436 |       611|       2.35    1089.60|
Info:       9000 |   248922     407997 |  585   415 |       516|       2.21    1091.81|
Info:      10000 |   249480     408439 |  558   442 |       374|       2.12    1093.94|
Info:      11000 |   250030     408889 |  550   450 |       184|       2.21    1096.15|
Info:      12000 |   250587     409332 |  557   443 |       175|       1.66    1097.81|
Info:      13000 |   251195     409724 |  608   392 |        23|       2.33    1100.14|
Info:     61 arcs ripped up due to negative slack WNS=-1.09ns TNS=-25.52ns.
Info:       1000 |   251764     410245 |  569   521 |       337|       3.52    1103.65|
Info:       2000 |   252291     410718 |  527   473 |       360|       1.68    1105.33|
Info:       3000 |   252819     411190 |  528   472 |       775|       1.85    1107.18|
Info:       4000 |   253306     411703 |  487   513 |       569|       1.93    1109.11|
Info:       5000 |   253880     412129 |  574   426 |       427|       2.12    1111.23|
Info:       6000 |   254470     412539 |  590   410 |       239|       2.50    1113.74|
Info:       7000 |   255010     412999 |  540   460 |       159|       2.05    1115.79|
Info:       8000 |   255633     413376 |  623   377 |        74|       2.60    1118.39|
Info:     64 arcs ripped up due to negative slack WNS=-0.96ns TNS=-22.96ns.
Info:       1000 |   256320     413967 |  687   591 |       531|       3.60    1121.99|
Info:       2000 |   256848     414439 |  528   472 |       644|       1.61    1123.60|
Info:       3000 |   257332     414955 |  484   516 |       691|       1.81    1125.41|
Info:       4000 |   257826     415461 |  494   506 |       638|       1.91    1127.32|
Info:       5000 |   258377     415910 |  551   449 |       500|       1.89    1129.21|
Info:       6000 |   258948     416339 |  571   429 |       388|       2.20    1131.41|
Info:       7000 |   259546     416741 |  598   402 |       294|       2.43    1133.83|
Info:       8000 |   260146     417141 |  600   400 |       172|       2.31    1136.15|
Info:       9000 |   260672     417615 |  526   474 |        25|       2.54    1138.68|
Info:     62 arcs ripped up due to negative slack WNS=-0.64ns TNS=-14.69ns.
Info:       1000 |   261251     418122 |  579   507 |       494|       3.33    1142.02|
Info:       2000 |   261750     418623 |  499   501 |       364|       1.59    1143.60|
Info:       3000 |   262324     419049 |  574   426 |       169|       1.69    1145.29|
Info:       4000 |   262964     419409 |  640   360 |       119|       1.89    1147.18|
Info:       5000 |   263567     419806 |  603   397 |        69|       2.17    1149.35|
Info:       6000 |   264116     420257 |  549   451 |       242|       1.89    1151.24|
Info:       7000 |   264643     420730 |  527   473 |       148|       1.84    1153.08|
Info:       8000 |   265155     421218 |  512   488 |       175|       2.13    1155.21|
Info:       9000 |   265620     421753 |  465   535 |       206|       2.37    1157.58|
Info:      10000 |   266186     422187 |  566   434 |       188|       2.25    1159.83|
Info:      11000 |   266813     422560 |  627   373 |       138|       1.84    1161.66|
Info:     63 arcs ripped up due to negative slack WNS=-1.08ns TNS=-25.78ns.
Info:       1000 |   267624     423300 |  811   740 |       435|       3.47    1165.14|
Info:       2000 |   268129     423795 |  505   495 |       703|       1.57    1166.71|
Info:       3000 |   268589     424335 |  460   540 |       647|       1.60    1168.31|
Info:       4000 |   269092     424832 |  503   497 |       496|       1.39    1169.69|
Info:       5000 |   269657     425267 |  565   435 |       357|       1.95    1171.64|
Info:       6000 |   270198     425726 |  541   459 |       325|       1.83    1173.47|
Info:       7000 |   270811     426113 |  613   387 |       234|       1.97    1175.44|
Info:       8000 |   271432     426492 |  621   379 |       276|       2.64    1178.09|
Info:       9000 |   271934     426990 |  502   498 |       105|       1.94    1180.02|
Info:      10000 |   272591     427333 |  657   343 |       141|       1.74    1181.76|
Info:      11000 |   273168     427756 |  577   423 |        61|       2.18    1183.94|
Info:     49 arcs ripped up due to negative slack WNS=-0.44ns TNS=-11.05ns.
Info:       1000 |   274188     428630 | 1020   874 |       366|       3.59    1187.53|
Info:       2000 |   274721     429097 |  533   467 |       470|       1.86    1189.40|
Info:       3000 |   275256     429562 |  535   465 |       587|       1.74    1191.13|
Info:       4000 |   275838     429980 |  582   418 |       451|       1.90    1193.04|
Info:       5000 |   276396     430422 |  558   442 |       414|       1.95    1194.98|
Info:       6000 |   277038     430780 |  642   358 |       449|       1.87    1196.85|
Info:       7000 |   277593     431225 |  555   445 |       473|       1.98    1198.84|
Info:       8000 |   278222     431596 |  629   371 |       398|       2.03    1200.87|
Info:       9000 |   278841     431977 |  619   381 |       304|       2.52    1203.39|
Info:      10000 |   279483     432335 |  642   358 |       230|       2.60    1205.99|
Info:      11000 |   280112     432706 |  629   371 |       176|       2.45    1208.43|
Info:      12000 |   280651     433167 |  539   461 |       133|       2.23    1210.66|
Info:      13000 |   281245     433573 |  594   406 |       554|       1.98    1212.64|
Info:      14000 |   281716     434102 |  471   529 |       690|       1.65    1214.29|
Info:      15000 |   282162     434656 |  446   554 |       536|       2.06    1216.35|
Info:      16000 |   282660     435158 |  498   502 |       450|       2.23    1218.58|
Info:      17000 |   283272     435546 |  612   388 |       341|       1.96    1220.54|
Info:      18000 |   283821     435997 |  549   451 |       503|       1.84    1222.38|
Info:      19000 |   284433     436385 |  612   388 |       504|       2.08    1224.46|
Info:      20000 |   285055     436763 |  622   378 |       432|       2.48    1226.94|
Info:      21000 |   285677     437141 |  622   378 |       342|       2.89    1229.83|
Info:      22000 |   286298     437520 |  621   379 |       238|       2.66    1232.49|
Info:      23000 |   286912     437906 |  614   386 |       142|       2.52    1235.01|
Info:     63 arcs ripped up due to negative slack WNS=-0.86ns TNS=-19.79ns.
Info:       1000 |   287834     438798 |  922   892 |       514|       5.37    1240.38|
Info:       2000 |   288366     439266 |  532   468 |       714|       1.88    1242.26|
Info:       3000 |   288884     439748 |  518   482 |       698|       1.93    1244.20|
Info:       4000 |   289428     440204 |  544   456 |       599|       2.29    1246.48|
Info:       5000 |   289974     440658 |  546   454 |       610|       2.24    1248.72|
Info:       6000 |   290587     441045 |  613   387 |       367|       2.28    1251.00|
Info:       7000 |   291155     441477 |  568   432 |       323|       2.50    1253.50|
Info:       8000 |   291731     441901 |  576   424 |       778|       2.03    1255.53|
Info:       9000 |   292218     442414 |  487   513 |       640|       1.93    1257.46|
Info:      10000 |   292756     442876 |  538   462 |       489|       2.25    1259.71|
Info:      11000 |   293282     443350 |  526   474 |       382|       2.62    1262.32|
Info:      12000 |   293824     443808 |  542   458 |       287|       2.44    1264.77|
Info:      13000 |   294415     444217 |  591   409 |       183|       2.65    1267.42|
Info:      14000 |   294985     444647 |  570   430 |       135|       2.11    1269.53|
Info:      15000 |   295501     445131 |  516   484 |        12|       2.07    1271.59|
Info:     60 arcs ripped up due to negative slack WNS=-0.66ns TNS=-15.82ns.
Info:       1000 |   296116     445553 |  615   422 |       387|       3.15    1274.75|
Info:       2000 |   296585     446084 |  469   531 |       497|       1.71    1276.45|
Info:       3000 |   297069     446600 |  484   516 |       464|       1.92    1278.37|
Info:       4000 |   297581     447088 |  512   488 |       453|       2.31    1280.68|
Info:       5000 |   298154     447515 |  573   427 |       600|       2.09    1282.77|
Info:       6000 |   298634     448035 |  480   520 |       497|       2.16    1284.93|
Info:       7000 |   299208     448461 |  574   426 |       846|       1.97    1286.90|
Info:       8000 |   299672     448997 |  464   536 |       800|       1.92    1288.81|
Info:       9000 |   300172     449497 |  500   500 |       898|       2.15    1290.97|
Info:      10000 |   300701     449968 |  529   471 |      1043|       2.18    1293.14|
Info:      11000 |   301217     450452 |  516   484 |       961|       2.14    1295.28|
Info:      12000 |   301835     450834 |  618   382 |       838|       2.48    1297.77|
Info:      13000 |   302399     451270 |  564   436 |       996|       2.34    1300.10|
Info:      14000 |   302879     451790 |  480   520 |       738|       2.09    1302.20|
Info:      15000 |   303433     452236 |  554   446 |       529|       2.40    1304.60|
Info:      16000 |   303992     452677 |  559   441 |       297|       2.48    1307.08|
Info:      17000 |   304531     453138 |  539   461 |       191|       2.23    1309.31|
Info:      18000 |   305084     453585 |  553   447 |       352|       2.33    1311.64|
Info:      19000 |   305574     454095 |  490   510 |       436|       2.13    1313.77|
Info:      20000 |   306072     454597 |  498   502 |       456|       1.76    1315.53|
Info:      21000 |   306595     455074 |  523   477 |       540|       2.01    1317.54|
Info:      22000 |   307158     455511 |  563   437 |       368|       2.32    1319.86|
Info:      23000 |   307736     455933 |  578   422 |       231|       2.58    1322.44|
Info:      24000 |   308283     456386 |  547   453 |       153|       2.61    1325.05|
Info:     70 arcs ripped up due to negative slack WNS=-1.25ns TNS=-34.30ns.
Info:       1000 |   309268     457252 |  985   866 |       388|       4.43    1329.48|
Info:       2000 |   309819     457701 |  551   449 |       772|       1.71    1331.19|
Info:       3000 |   310305     458215 |  486   514 |       756|       1.71    1332.90|
Info:       4000 |   310750     458770 |  445   555 |       515|       2.24    1335.14|
Info:       5000 |   311308     459212 |  558   442 |       370|       2.11    1337.25|
Info:       6000 |   311883     459637 |  575   425 |       269|       2.27    1339.52|
Info:       7000 |   312420     460100 |  537   463 |       270|       2.12    1341.64|
Info:       8000 |   312972     460548 |  552   448 |       204|       2.37    1344.01|
Info:       9000 |   313563     460957 |  591   409 |        89|       2.17    1346.18|
Info:     44 arcs ripped up due to negative slack WNS=-0.44ns TNS=-10.56ns.
Info:       1000 |   314209     461476 |  646   519 |       296|       3.04    1349.22|
Info:       2000 |   314763     461922 |  554   446 |       514|       1.58    1350.80|
Info:       3000 |   315295     462390 |  532   468 |       761|       1.72    1352.52|
Info:       4000 |   315765     462920 |  470   530 |       700|       1.70    1354.22|
Info:       5000 |   316275     463410 |  510   490 |       630|       1.67    1355.90|
Info:       6000 |   316855     463830 |  580   420 |       743|       2.03    1357.93|
Info:       7000 |   317452     464233 |  597   403 |       709|       1.76    1359.69|
Info:       8000 |   318052     464633 |  600   400 |       635|       1.76    1361.46|
Info:       9000 |   318622     465063 |  570   430 |       531|       2.49    1363.95|
Info:      10000 |   319235     465450 |  613   387 |       423|       2.77    1366.72|
Info:      11000 |   319830     465855 |  595   405 |       356|       2.79    1369.51|
Info:      12000 |   320451     466234 |  621   379 |       282|       3.07    1372.57|
Info:      13000 |   320959     466726 |  508   492 |       224|       2.71    1375.29|
Info:     61 arcs ripped up due to negative slack WNS=-0.91ns TNS=-21.39ns.
Info:       1000 |   321894     467606 |  935   880 |       363|       5.01    1380.30|
Info:       2000 |   322427     468073 |  533   467 |       400|       1.87    1382.17|
Info:       3000 |   322979     468521 |  552   448 |       390|       2.00    1384.16|
Info:       4000 |   323506     468994 |  527   473 |       337|       2.36    1386.52|
Info:       5000 |   324042     469458 |  536   464 |       375|       1.72    1388.24|
Info:       6000 |   324623     469877 |  581   419 |       407|       1.73    1389.97|
Info:       7000 |   325159     470341 |  536   464 |       372|       1.64    1391.61|
Info:       8000 |   325783     470717 |  624   376 |       251|       2.25    1393.86|
Info:       9000 |   326340     471160 |  557   443 |       276|       2.61    1396.47|
Info:      10000 |   326879     471621 |  539   461 |       118|       2.82    1399.29|
Info:     60 arcs ripped up due to negative slack WNS=-0.87ns TNS=-19.10ns.
Info:       1000 |   327706     472361 |  827   740 |       413|       4.55    1403.84|
Info:       2000 |   328223     472844 |  517   483 |       404|       1.92    1405.76|
Info:       3000 |   328746     473321 |  523   477 |       533|       1.85    1407.61|
Info:       4000 |   329291     473776 |  545   455 |       317|       2.27    1409.88|
Info:       5000 |   329879     474188 |  588   412 |       281|       2.44    1412.31|
Info:       6000 |   330400     474667 |  521   479 |       165|       2.11    1414.42|
Info:       7000 |   330985     475082 |  585   415 |       207|       2.57    1417.00|
Info:       8000 |   331493     475574 |  508   492 |       196|       2.57    1419.56|
Info:       9000 |   332023     476044 |  530   470 |       215|       2.27    1421.83|
Info:      10000 |   332542     476525 |  519   481 |       166|       2.18    1424.01|
Info:      11000 |   333016     477051 |  474   526 |        57|       2.49    1426.50|
Info:     66 arcs ripped up due to negative slack WNS=-0.68ns TNS=-17.83ns.
Info:       1000 |   333681     477667 |  665   616 |       345|       4.21    1430.71|
Info:       2000 |   334107     478241 |  426   574 |       487|       1.74    1432.45|
Info:       3000 |   334543     478805 |  436   564 |       576|       1.67    1434.12|
Info:       4000 |   335087     479261 |  544   456 |       543|       1.53    1435.66|
Info:       5000 |   335591     479757 |  504   496 |       620|       1.73    1437.39|
Info:       6000 |   336083     480265 |  492   508 |       515|       1.68    1439.07|
Info:       7000 |   336600     480748 |  517   483 |       553|       1.56    1440.63|
Info:       8000 |   337118     481230 |  518   482 |       510|       1.92    1442.55|
Info:       9000 |   337648     481700 |  530   470 |       409|       1.91    1444.46|
Info:      10000 |   338207     482141 |  559   441 |       233|       2.25    1446.71|
Info:      11000 |   338761     482587 |  554   446 |        73|       2.14    1448.85|
Info:      12000 |   339298     483050 |  537   463 |       156|       1.88    1450.73|
Info:      13000 |   339781     483567 |  483   517 |       176|       2.21    1452.94|
Info:      14000 |   340309     484039 |  528   472 |       103|       2.41    1455.34|
Info:      15000 |   340824     484524 |  515   485 |         4|       2.22    1457.56|
Info:     62 arcs ripped up due to negative slack WNS=-0.88ns TNS=-20.99ns.
Info:       1000 |   341366     484985 |  542   461 |       418|       2.82    1460.38|
Info:       2000 |   341842     485509 |  476   524 |       335|       1.88    1462.26|
Info:       3000 |   342359     485992 |  517   483 |       822|       1.70    1463.96|
Info:       4000 |   342806     486545 |  447   553 |       972|       1.53    1465.49|
Info:       5000 |   343297     487054 |  491   509 |       915|       1.74    1467.24|
Info:       6000 |   343756     487595 |  459   541 |       840|       1.91    1469.14|
Info:       7000 |   344265     488086 |  509   491 |       675|       2.10    1471.24|
Info:       8000 |   344822     488529 |  557   443 |       558|       2.48    1473.73|
Info:       9000 |   345370     488981 |  548   452 |       461|       2.28    1476.01|
Info:      10000 |   345884     489467 |  514   486 |       438|       2.63    1478.63|
Info:      11000 |   346423     489928 |  539   461 |       522|       2.08    1480.71|
Info:      12000 |   347047     490304 |  624   376 |       375|       2.14    1482.85|
Info:      13000 |   347565     490786 |  518   482 |       406|       2.78    1485.63|
Info:      14000 |   348074     491277 |  509   491 |       348|       2.87    1488.50|
Info:      15000 |   348641     491710 |  567   433 |       292|       3.57    1492.07|
Info:      16000 |   349114     492237 |  473   527 |        48|       3.16    1495.23|
Info:     75 arcs ripped up due to negative slack WNS=-1.02ns TNS=-25.65ns.
Info:       1000 |   349801     492737 |  687   500 |       417|       4.10    1499.33|
Info:       2000 |   350308     493230 |  507   493 |       549|       1.71    1501.04|
Info:       3000 |   350820     493718 |  512   488 |       416|       1.81    1502.85|
Info:       4000 |   351397     494141 |  577   423 |       461|       2.08    1504.93|
Info:       5000 |   351904     494634 |  507   493 |       551|       1.87    1506.80|
Info:       6000 |   352480     495058 |  576   424 |       458|       2.19    1509.00|
Info:       7000 |   353005     495533 |  525   475 |       422|       2.24    1511.24|
Info:       8000 |   353594     495944 |  589   411 |       324|       2.16    1513.41|
Info:       9000 |   354143     496395 |  549   451 |       311|       2.12    1515.53|
Info:      10000 |   354727     496811 |  584   416 |       237|       2.66    1518.19|
Info:      11000 |   355277     497261 |  550   450 |        71|       2.14    1520.33|
Info:     65 arcs ripped up due to negative slack WNS=-0.69ns TNS=-16.61ns.
Info:       1000 |   355922     497938 |  645   677 |       147|       3.30    1523.63|
Info:       2000 |   356479     498381 |  557   443 |       282|       1.62    1525.25|
Info:       3000 |   356976     498884 |  497   503 |       233|       1.92    1527.17|
Info:       4000 |   357560     499300 |  584   416 |       147|       2.06    1529.23|
Info:       5000 |   358146     499714 |  586   414 |       104|       2.17    1531.41|
Info:       6000 |   358704     500156 |  558   442 |       150|       2.09    1533.49|
Info:       7000 |   359239     500621 |  535   465 |       155|       1.94    1535.43|
Info:       8000 |   359752     501108 |  513   487 |        88|       2.25    1537.69|
Info:     68 arcs ripped up due to negative slack WNS=-1.07ns TNS=-27.07ns.
Info:       1000 |   360559     501789 |  807   681 |       346|       3.62    1541.30|
Info:       2000 |   361056     502292 |  497   503 |       377|       1.66    1542.96|
Info:       3000 |   361600     502748 |  544   456 |       384|       1.76    1544.72|
Info:       4000 |   362121     503227 |  521   479 |       362|       1.66    1546.38|
Info:       5000 |   362647     503701 |  526   474 |       524|       1.71    1548.09|
Info:       6000 |   363243     504105 |  596   404 |       393|       2.15    1550.24|
Info:       7000 |   363818     504530 |  575   425 |       347|       2.03    1552.27|
Info:       8000 |   364393     504955 |  575   425 |       217|       2.42    1554.69|
Info:     57 arcs ripped up due to negative slack WNS=-0.81ns TNS=-17.74ns.
Info:       1000 |   365433     505912 | 1040   957 |       292|       4.09    1558.78|
Info:       2000 |   365975     506370 |  542   458 |       330|       1.92    1560.70|
Info:       3000 |   366468     506877 |  493   507 |       441|       1.95    1562.64|
Info:       4000 |   366962     507383 |  494   506 |       479|       1.74    1564.38|
Info:       5000 |   367489     507856 |  527   473 |       334|       2.62    1567.01|
Info:       6000 |   368110     508235 |  621   379 |       239|       2.61    1569.61|
Info:       7000 |   368692     508653 |  582   418 |       119|       2.43    1572.04|
Info:     58 arcs ripped up due to negative slack WNS=-0.87ns TNS=-18.76ns.
Info:       1000 |   369703     509371 | 1011   718 |       383|       4.44    1576.48|
Info:       2000 |   370171     509903 |  468   532 |       311|       1.86    1578.34|
Info:       3000 |   370646     510428 |  475   525 |       475|       1.79    1580.13|
Info:       4000 |   371175     510899 |  529   471 |       296|       1.79    1581.93|
Info:       5000 |   371723     511351 |  548   452 |       161|       2.44    1584.37|
Info:       6000 |   372296     511778 |  573   427 |        10|       2.96    1587.33|
Info:       7000 |   372786     512288 |  490   510 |        61|       1.74    1589.07|
Info:       8000 |   373318     512756 |  532   468 |        33|       2.23    1591.30|
Info:     49 arcs ripped up due to negative slack WNS=-0.48ns TNS=-11.06ns.
Info:       1000 |   373946     513263 |  628   507 |       466|       3.08    1594.38|
Info:       2000 |   374452     513757 |  506   494 |       731|       1.74    1596.12|
Info:       3000 |   374987     514222 |  535   465 |       975|       1.95    1598.07|
Info:       4000 |   375414     514795 |  427   573 |      1001|       1.84    1599.91|
Info:       5000 |   375908     515301 |  494   506 |       916|       1.73    1601.63|
Info:       6000 |   376405     515804 |  497   503 |       959|       1.69    1603.32|
Info:       7000 |   376948     516261 |  543   457 |       799|       1.64    1604.96|
Info:       8000 |   377517     516692 |  569   431 |       664|       2.34    1607.30|
Info:       9000 |   378072     517137 |  555   445 |       512|       2.43    1609.73|
Info:      10000 |   378663     517546 |  591   409 |       350|       2.66    1612.39|
Info:      11000 |   379228     517981 |  565   435 |       238|       2.80    1615.19|
Info:      12000 |   379788     518421 |  560   440 |       145|       2.52    1617.71|
Info:      13000 |   380291     518918 |  503   497 |       164|       1.96    1619.67|
Info:      14000 |   380904     519305 |  613   387 |        81|       2.68    1622.35|
Info:     63 arcs ripped up due to negative slack WNS=-0.94ns TNS=-22.01ns.
Info:       1000 |   381674     520058 |  770   753 |       212|       3.89    1626.24|
Info:       2000 |   382246     520486 |  572   428 |       333|       1.73    1627.97|
Info:       3000 |   382774     520958 |  528   472 |       434|       1.71    1629.68|
Info:       4000 |   383348     521384 |  574   426 |       253|       2.09    1631.77|
Info:       5000 |   383840     521892 |  492   508 |       130|       1.87    1633.64|
Info:       6000 |   384383     522349 |  543   457 |       197|       1.54    1635.18|
Info:       7000 |   384930     522802 |  547   453 |        12|       2.23    1637.41|
Info:     60 arcs ripped up due to negative slack WNS=-0.87ns TNS=-19.16ns.
Info:       1000 |   385510     523241 |  580   439 |       480|       2.46    1639.87|
Info:       2000 |   386000     523751 |  490   510 |       298|       1.73    1641.60|
Info:       3000 |   386533     524218 |  533   467 |       246|       2.32    1643.93|
Info:       4000 |   387108     524643 |  575   425 |        80|       2.84    1646.76|
Info:     53 arcs ripped up due to negative slack WNS=-0.48ns TNS=-12.65ns.
Info:       1000 |   388019     525311 |  911   668 |       355|       4.18    1650.94|
Info:       2000 |   388479     525851 |  460   540 |       612|       2.00    1652.94|
Info:       3000 |   388996     526334 |  517   483 |       616|       1.57    1654.51|
Info:       4000 |   389538     526792 |  542   458 |       484|       1.90    1656.41|
Info:       5000 |   390047     527283 |  509   491 |       687|       2.06    1658.47|
Info:       6000 |   390606     527724 |  559   441 |       560|       1.87    1660.34|
Info:       7000 |   391175     528155 |  569   431 |       506|       1.98    1662.33|
Info:       8000 |   391730     528600 |  555   445 |       402|       2.19    1664.51|
Info:       9000 |   392292     529038 |  562   438 |       387|       2.25    1666.76|
Info:      10000 |   392848     529482 |  556   444 |       325|       2.54    1669.30|
Info:      11000 |   393392     529938 |  544   456 |       190|       2.63    1671.93|
Info:      12000 |   393973     530357 |  581   419 |       272|       2.49    1674.42|
Info:      13000 |   394467     530863 |  494   506 |       299|       2.07    1676.49|
Info:      14000 |   394980     531350 |  513   487 |       172|       2.42    1678.90|
Info:      15000 |   395570     531760 |  590   410 |       142|       2.42    1681.33|
Info:      16000 |   396155     532175 |  585   415 |       288|       2.18    1683.50|
Info:      17000 |   396702     532628 |  547   453 |       344|       2.05    1685.56|
Info:      18000 |   397190     533140 |  488   512 |       491|       2.23    1687.79|
Info:      19000 |   397728     533602 |  538   462 |       507|       2.40    1690.19|
Info:      20000 |   398240     534090 |  512   488 |       586|       2.13    1692.31|
Info:      21000 |   398847     534483 |  607   393 |       569|       2.41    1694.72|
Info:      22000 |   399384     534946 |  537   463 |       495|       2.49    1697.21|
Info:      23000 |   399949     535381 |  565   435 |       356|       2.63    1699.84|
Info:      24000 |   400381     535949 |  432   568 |        24|       3.17    1703.00|
Info:     63 arcs ripped up due to negative slack WNS=-0.96ns TNS=-21.76ns.
Info:       1000 |   400957     536398 |  576   449 |       522|       3.37    1706.38|
Info:       2000 |   401454     536901 |  497   503 |       606|       1.95    1708.33|
Info:       3000 |   401961     537394 |  507   493 |       561|       1.96    1710.28|
Info:       4000 |   402531     537824 |  570   430 |       869|       1.88    1712.17|
Info:       5000 |   403061     538294 |  530   470 |      1041|       1.53    1713.70|
Info:       6000 |   403530     538825 |  469   531 |      1029|       1.74    1715.44|
Info:       7000 |   404010     539345 |  480   520 |       871|       2.05    1717.49|
Info:       8000 |   404601     539754 |  591   409 |       742|       2.06    1719.55|
Info:       9000 |   405185     540170 |  584   416 |       720|       2.40    1721.95|
Info:      10000 |   405738     540617 |  553   447 |       678|       2.19    1724.14|
Info:      11000 |   406304     541051 |  566   434 |       548|       2.62    1726.76|
Info:      12000 |   406904     541451 |  600   400 |       433|       2.31    1729.07|
Info:      13000 |   407482     541873 |  578   422 |       341|       2.12    1731.19|
Info:      14000 |   408074     542281 |  592   408 |       406|       2.48    1733.67|
Info:      15000 |   408643     542712 |  569   431 |       216|       2.54    1736.21|
Info:      16000 |   409208     543147 |  565   435 |       194|       2.70    1738.91|
Info:      17000 |   409737     543618 |  529   471 |       324|       2.23    1741.14|
Info:      18000 |   410164     544191 |  427   573 |       284|       1.92    1743.07|
Info:      19000 |   410725     544630 |  561   439 |       182|       2.65    1745.71|
Info:      20000 |   411354     545001 |  629   371 |       124|       2.87    1748.58|
Info:     61 arcs ripped up due to negative slack WNS=-0.95ns TNS=-23.40ns.
Info:     60 arcs ripped up due to negative slack WNS=-0.87ns TNS=-19.10ns.
Info:     57 arcs ripped up due to negative slack WNS=-0.70ns TNS=-14.97ns.
Info:     66 arcs ripped up due to negative slack WNS=-1.09ns TNS=-27.41ns.
Info:     57 arcs ripped up due to negative slack WNS=-0.70ns TNS=-14.51ns.
Info:       1000 |   412942     546339 | 1588  1338 |       343|      11.87    1760.45|
Info:       2000 |   413518     546763 |  576   424 |       314|       1.96    1762.41|
Info:       3000 |   414053     547228 |  535   465 |       156|       2.47    1764.88|
Info:       4000 |   414631     547650 |  578   422 |        44|       3.06    1767.94|
Info:       5000 |   415181     548100 |  550   450 |        68|       2.68    1770.62|
Info:     61 arcs ripped up due to negative slack WNS=-0.94ns TNS=-22.03ns.
Info:       1000 |   415879     548715 |  698   615 |       230|       4.60    1775.23|
Info:       2000 |   416433     549161 |  554   446 |       256|       2.45    1777.68|
Info:       3000 |   417007     549587 |  574   426 |       219|       2.22    1779.89|
Info:       4000 |   417591     550003 |  584   416 |       159|       2.44    1782.34|
Info:       5000 |   418184     550410 |  593   407 |       220|       2.27    1784.60|
Info:       6000 |   418717     550877 |  533   467 |       201|       2.73    1787.33|
Info:       7000 |   419279     551315 |  562   438 |        81|       2.94    1790.27|
Info:     57 arcs ripped up due to negative slack WNS=-0.75ns TNS=-15.97ns.
Info:       1000 |   420052     552006 |  773   691 |       183|       3.77    1794.04|
Info:       2000 |   420585     552473 |  533   467 |       192|       1.68    1795.73|
Info:       3000 |   421151     552907 |  566   434 |       122|       2.28    1798.00|
Info:       4000 |   421712     553346 |  561   439 |        96|       2.63    1800.63|
Info:       5000 |   422334     553724 |  622   378 |        69|       2.90    1803.53|
Info:     61 arcs ripped up due to negative slack WNS=-0.92ns TNS=-20.80ns.
Info:       1000 |   422973     554324 |  639   600 |       187|       4.79    1808.32|
Info:       2000 |   423564     554733 |  591   409 |        48|       2.55    1810.87|
Info:     42 arcs ripped up due to negative slack WNS=-0.48ns TNS=-9.57ns.
Info:     59 arcs ripped up due to negative slack WNS=-0.85ns TNS=-18.24ns.
Info:     49 arcs ripped up due to negative slack WNS=-0.48ns TNS=-12.26ns.
Info:        159 |   424396     555399 |  832   666 |         0|       7.66    1818.53|
Info: Routing complete.
Info: Router1 time 1818.53s
Info: Checksum: 0x7557119e

Info: Critical path report for clock '$glbnet$CLK_clk_25mhz$TRELLIS_IO_IN' (posedge -> posedge):
Info:       type curr  total name
Info:   clk-to-q  0.52  0.52 Source uart_clkcnt_TRELLIS_FF_Q.Q
Info:    routing  0.98  1.50 Net uart_clkcnt[0] (102,84) -> (103,84)
Info:                          Sink uart_clkcnt_TRELLIS_FF_Q_9_DI_LUT4_Z_C_CCU2C_S1_CIN_CCU2C_COUT_CIN_CCU2C_COUT_CIN_CCU2C_COUT$CCU2_COMB0.B
Info:                          Defined in:
Info:                               mkTop.v:7092.16-7092.27
Info:      logic  0.45  1.95 Source uart_clkcnt_TRELLIS_FF_Q_9_DI_LUT4_Z_C_CCU2C_S1_CIN_CCU2C_COUT_CIN_CCU2C_COUT_CIN_CCU2C_COUT$CCU2_COMB0.FCO
Info:    routing  0.00  1.95 Net uart_clkcnt_TRELLIS_FF_Q_9_DI_LUT4_Z_C_CCU2C_S1_CIN_CCU2C_COUT_CIN_CCU2C_COUT_CIN_CCU2C_COUT$CCU2_FCI_INT (103,84) -> (103,84)
Info:                          Sink uart_clkcnt_TRELLIS_FF_Q_9_DI_LUT4_Z_C_CCU2C_S1_CIN_CCU2C_COUT_CIN_CCU2C_COUT_CIN_CCU2C_COUT$CCU2_COMB1.FCI
Info:      logic  0.00  1.95 Source uart_clkcnt_TRELLIS_FF_Q_9_DI_LUT4_Z_C_CCU2C_S1_CIN_CCU2C_COUT_CIN_CCU2C_COUT_CIN_CCU2C_COUT$CCU2_COMB1.FCO
Info:    routing  0.00  1.95 Net uart_clkcnt_TRELLIS_FF_Q_9_DI_LUT4_Z_C_CCU2C_S1_CIN_CCU2C_COUT_CIN_CCU2C_COUT_CIN (103,84) -> (103,84)
Info:                          Sink uart_clkcnt_TRELLIS_FF_Q_9_DI_LUT4_Z_C_CCU2C_S1_CIN_CCU2C_COUT_CIN_CCU2C_COUT$CCU2_COMB0.FCI
Info:                          Defined in:
Info:                               mkTop.v:45401.20-45401.39
Info:                               /workspace/scratch/2dc194a6b0cd/physical_toolchains/oss-cad-suite/lib/../share/yosys/lattice/arith_map_ccu2c.v:74.7-80.4
Info:                               /workspace/scratch/2dc194a6b0cd/physical_toolchains/oss-cad-suite/lib/../share/yosys/lattice/ccu2c_sim.vh:9.9-9.13
Info:      logic  0.07  2.02 Source uart_clkcnt_TRELLIS_FF_Q_9_DI_LUT4_Z_C_CCU2C_S1_CIN_CCU2C_COUT_CIN_CCU2C_COUT$CCU2_COMB0.FCO
Info:    routing  0.00  2.02 Net uart_clkcnt_TRELLIS_FF_Q_9_DI_LUT4_Z_C_CCU2C_S1_CIN_CCU2C_COUT_CIN_CCU2C_COUT$CCU2_FCI_INT (103,84) -> (103,84)
Info:                          Sink uart_clkcnt_TRELLIS_FF_Q_9_DI_LUT4_Z_C_CCU2C_S1_CIN_CCU2C_COUT_CIN_CCU2C_COUT$CCU2_COMB1.FCI
Info:      logic  0.00  2.02 Source uart_clkcnt_TRELLIS_FF_Q_9_DI_LUT4_Z_C_CCU2C_S1_CIN_CCU2C_COUT_CIN_CCU2C_COUT$CCU2_COMB1.FCO
Info:    routing  0.00  2.02 Net uart_clkcnt_TRELLIS_FF_Q_9_DI_LUT4_Z_C_CCU2C_S1_CIN_CCU2C_COUT_CIN (103,84) -> (103,84)
Info:                          Sink uart_clkcnt_TRELLIS_FF_Q_9_DI_LUT4_Z_C_CCU2C_S1_CIN_CCU2C_COUT$CCU2_COMB0.FCI
Info:                          Defined in:
Info:                               mkTop.v:45401.20-45401.39
Info:                               /workspace/scratch/2dc194a6b0cd/physical_toolchains/oss-cad-suite/lib/../share/yosys/lattice/arith_map_ccu2c.v:74.7-80.4
Info:                               /workspace/scratch/2dc194a6b0cd/physical_toolchains/oss-cad-suite/lib/../share/yosys/lattice/ccu2c_sim.vh:9.9-9.13
Info:      logic  0.44  2.46 Source uart_clkcnt_TRELLIS_FF_Q_9_DI_LUT4_Z_C_CCU2C_S1_CIN_CCU2C_COUT$CCU2_COMB0.F
Info:    routing  1.13  3.59 Net uart_clkcnt_TRELLIS_FF_Q_9_DI_LUT4_Z_C_CCU2C_S1_CIN_CCU2C_COUT_S0[0] (103,84) -> (103,83)
Info:                          Sink uart_clkcnt_TRELLIS_FF_Q_9_DI_LUT4_Z_C_CCU2C_S1_COUT_CCU2C_CIN_S1_CCU2C_A1_CIN_CCU2C_COUT_CIN_CCU2C_COUT$CCU2_COMB0.A
Info:                          Defined in:
Info:                               /workspace/scratch/2dc194a6b0cd/physical_toolchains/oss-cad-suite/lib/../share/yosys/lattice/cells_map_trellis.v:108.23-108.24
Info:      logic  0.45  4.04 Source uart_clkcnt_TRELLIS_FF_Q_9_DI_LUT4_Z_C_CCU2C_S1_COUT_CCU2C_CIN_S1_CCU2C_A1_CIN_CCU2C_COUT_CIN_CCU2C_COUT$CCU2_COMB0.FCO
Info:    routing  0.00  4.04 Net uart_clkcnt_TRELLIS_FF_Q_9_DI_LUT4_Z_C_CCU2C_S1_COUT_CCU2C_CIN_S1_CCU2C_A1_CIN_CCU2C_COUT_CIN_CCU2C_COUT$CCU2_FCI_INT (103,83) -> (103,83)
Info:                          Sink uart_clkcnt_TRELLIS_FF_Q_9_DI_LUT4_Z_C_CCU2C_S1_COUT_CCU2C_CIN_S1_CCU2C_A1_CIN_CCU2C_COUT_CIN_CCU2C_COUT$CCU2_COMB1.FCI
Info:      logic  0.00  4.04 Source uart_clkcnt_TRELLIS_FF_Q_9_DI_LUT4_Z_C_CCU2C_S1_COUT_CCU2C_CIN_S1_CCU2C_A1_CIN_CCU2C_COUT_CIN_CCU2C_COUT$CCU2_COMB1.FCO
Info:    routing  0.00  4.04 Net uart_clkcnt_TRELLIS_FF_Q_9_DI_LUT4_Z_C_CCU2C_S1_COUT_CCU2C_CIN_S1_CCU2C_A1_CIN_CCU2C_COUT_CIN (103,83) -> (104,83)
Info:                          Sink uart_clkcnt_TRELLIS_FF_Q_9_DI_LUT4_Z_C_CCU2C_S1_COUT_CCU2C_CIN_S1_CCU2C_A1_CIN_CCU2C_COUT$CCU2_COMB0.FCI
Info:                          Defined in:
Info:                               mkTop.v:44847.44-44847.61
Info:                               /workspace/scratch/2dc194a6b0cd/physical_toolchains/oss-cad-suite/lib/../share/yosys/lattice/arith_map_ccu2c.v:74.7-80.4
Info:                               /workspace/scratch/2dc194a6b0cd/physical_toolchains/oss-cad-suite/lib/../share/yosys/lattice/ccu2c_sim.vh:9.9-9.13
Info:      logic  0.07  4.11 Source uart_clkcnt_TRELLIS_FF_Q_9_DI_LUT4_Z_C_CCU2C_S1_COUT_CCU2C_CIN_S1_CCU2C_A1_CIN_CCU2C_COUT$CCU2_COMB0.FCO
Info:    routing  0.00  4.11 Net uart_clkcnt_TRELLIS_FF_Q_9_DI_LUT4_Z_C_CCU2C_S1_COUT_CCU2C_CIN_S1_CCU2C_A1_CIN_CCU2C_COUT$CCU2_FCI_INT (104,83) -> (104,83)
Info:                          Sink uart_clkcnt_TRELLIS_FF_Q_9_DI_LUT4_Z_C_CCU2C_S1_COUT_CCU2C_CIN_S1_CCU2C_A1_CIN_CCU2C_COUT$CCU2_COMB1.FCI
Info:      logic  0.00  4.11 Source uart_clkcnt_TRELLIS_FF_Q_9_DI_LUT4_Z_C_CCU2C_S1_COUT_CCU2C_CIN_S1_CCU2C_A1_CIN_CCU2C_COUT$CCU2_COMB1.FCO
Info:    routing  0.00  4.11 Net uart_clkcnt_TRELLIS_FF_Q_9_DI_LUT4_Z_C_CCU2C_S1_COUT_CCU2C_CIN_S1_CCU2C_A1_CIN (104,83) -> (104,83)
Info:                          Sink uart_clkcnt_TRELLIS_FF_Q_9_DI_LUT4_Z_C_CCU2C_S1_COUT_CCU2C_CIN_S1_CCU2C_A1$CCU2_COMB0.FCI
Info:                          Defined in:
Info:                               mkTop.v:44847.44-44847.61
Info:                               /workspace/scratch/2dc194a6b0cd/physical_toolchains/oss-cad-suite/lib/../share/yosys/lattice/arith_map_ccu2c.v:74.7-80.4
Info:                               /workspace/scratch/2dc194a6b0cd/physical_toolchains/oss-cad-suite/lib/../share/yosys/lattice/ccu2c_sim.vh:9.9-9.13
Info:      logic  0.07  4.18 Source uart_clkcnt_TRELLIS_FF_Q_9_DI_LUT4_Z_C_CCU2C_S1_COUT_CCU2C_CIN_S1_CCU2C_A1$CCU2_COMB0.FCO
Info:    routing  0.00  4.18 Net uart_clkcnt_TRELLIS_FF_Q_9_DI_LUT4_Z_C_CCU2C_S1_COUT_CCU2C_CIN_S1_CCU2C_A1$CCU2_FCI_INT (104,83) -> (104,83)
Info:                          Sink uart_clkcnt_TRELLIS_FF_Q_9_DI_LUT4_Z_C_CCU2C_S1_COUT_CCU2C_CIN_S1_CCU2C_A1$CCU2_COMB1.FCI
Info:      logic  0.00  4.18 Source uart_clkcnt_TRELLIS_FF_Q_9_DI_LUT4_Z_C_CCU2C_S1_COUT_CCU2C_CIN_S1_CCU2C_A1$CCU2_COMB1.FCO
Info:    routing  0.00  4.18 Net uart_clkcnt_TRELLIS_FF_Q_9_DI_LUT4_Z_C_CCU2C_S1_COUT_CCU2C_CIN_S1_CCU2C_A1_COUT (104,83) -> (104,83)
Info:                          Sink uart_clkcnt_TRELLIS_FF_Q_9_DI_LUT4_Z_C_CCU2C_S1_COUT_CCU2C_CIN_COUT_CCU2C_CIN_S1_CCU2C_A1$CCU2_COMB0.FCI
Info:                          Defined in:
Info:                               mkTop.v:44847.44-44847.61
Info:                               /workspace/scratch/2dc194a6b0cd/physical_toolchains/oss-cad-suite/lib/../share/yosys/lattice/arith_map_ccu2c.v:74.7-80.4
Info:                               /workspace/scratch/2dc194a6b0cd/physical_toolchains/oss-cad-suite/lib/../share/yosys/lattice/ccu2c_sim.vh:9.9-9.13
Info:      logic  0.07  4.25 Source uart_clkcnt_TRELLIS_FF_Q_9_DI_LUT4_Z_C_CCU2C_S1_COUT_CCU2C_CIN_COUT_CCU2C_CIN_S1_CCU2C_A1$CCU2_COMB0.FCO
Info:    routing  0.00  4.25 Net uart_clkcnt_TRELLIS_FF_Q_9_DI_LUT4_Z_C_CCU2C_S1_COUT_CCU2C_CIN_COUT_CCU2C_CIN_S1_CCU2C_A1$CCU2_FCI_INT (104,83) -> (104,83)
Info:                          Sink uart_clkcnt_TRELLIS_FF_Q_9_DI_LUT4_Z_C_CCU2C_S1_COUT_CCU2C_CIN_COUT_CCU2C_CIN_S1_CCU2C_A1$CCU2_COMB1.FCI
Info:      logic  0.00  4.25 Source uart_clkcnt_TRELLIS_FF_Q_9_DI_LUT4_Z_C_CCU2C_S1_COUT_CCU2C_CIN_COUT_CCU2C_CIN_S1_CCU2C_A1$CCU2_COMB1.FCO
Info:    routing  0.00  4.25 Net uart_clkcnt_TRELLIS_FF_Q_9_DI_LUT4_Z_C_CCU2C_S1_COUT_CCU2C_CIN_COUT_CCU2C_CIN_S1_CCU2C_A1_COUT (104,83) -> (104,83)
Info:                          Sink uart_clkcnt_TRELLIS_FF_Q_9_DI_LUT4_Z_C_CCU2C_S1_COUT_CCU2C_CIN_COUT_CCU2C_CIN_COUT_CCU2C_CIN_S1_CCU2C_A1$CCU2_COMB0.FCI
Info:                          Defined in:
Info:                               mkTop.v:44847.44-44847.61
Info:                               /workspace/scratch/2dc194a6b0cd/physical_toolchains/oss-cad-suite/lib/../share/yosys/lattice/arith_map_ccu2c.v:74.7-80.4
Info:                               /workspace/scratch/2dc194a6b0cd/physical_toolchains/oss-cad-suite/lib/../share/yosys/lattice/ccu2c_sim.vh:9.9-9.13
Info:      logic  0.07  4.32 Source uart_clkcnt_TRELLIS_FF_Q_9_DI_LUT4_Z_C_CCU2C_S1_COUT_CCU2C_CIN_COUT_CCU2C_CIN_COUT_CCU2C_CIN_S1_CCU2C_A1$CCU2_COMB0.FCO
Info:    routing  0.00  4.32 Net uart_clkcnt_TRELLIS_FF_Q_9_DI_LUT4_Z_C_CCU2C_S1_COUT_CCU2C_CIN_COUT_CCU2C_CIN_COUT_CCU2C_CIN_S1_CCU2C_A1$CCU2_FCI_INT (104,83) -> (104,83)
Info:                          Sink uart_clkcnt_TRELLIS_FF_Q_9_DI_LUT4_Z_C_CCU2C_S1_COUT_CCU2C_CIN_COUT_CCU2C_CIN_COUT_CCU2C_CIN_S1_CCU2C_A1$CCU2_COMB1.FCI
Info:      logic  0.00  4.32 Source uart_clkcnt_TRELLIS_FF_Q_9_DI_LUT4_Z_C_CCU2C_S1_COUT_CCU2C_CIN_COUT_CCU2C_CIN_COUT_CCU2C_CIN_S1_CCU2C_A1$CCU2_COMB1.FCO
Info:    routing  0.00  4.32 Net uart_clkcnt_TRELLIS_FF_Q_9_DI_LUT4_Z_C_CCU2C_S1_COUT_CCU2C_CIN_COUT_CCU2C_CIN_COUT_CCU2C_CIN_S1_CCU2C_A1_COUT (104,83) -> (105,83)
Info:                          Sink uart_clkcnt_TRELLIS_FF_Q_9_DI_LUT4_Z_C_CCU2C_S1_COUT_CCU2C_CIN_COUT_CCU2C_CIN_COUT_CCU2C_CIN_COUT_CCU2C_CIN_S1_CCU2C_A1$CCU2_COMB0.FCI
Info:                          Defined in:
Info:                               mkTop.v:44847.44-44847.61
Info:                               /workspace/scratch/2dc194a6b0cd/physical_toolchains/oss-cad-suite/lib/../share/yosys/lattice/arith_map_ccu2c.v:74.7-80.4
Info:                               /workspace/scratch/2dc194a6b0cd/physical_toolchains/oss-cad-suite/lib/../share/yosys/lattice/ccu2c_sim.vh:9.9-9.13
Info:      logic  0.07  4.39 Source uart_clkcnt_TRELLIS_FF_Q_9_DI_LUT4_Z_C_CCU2C_S1_COUT_CCU2C_CIN_COUT_CCU2C_CIN_COUT_CCU2C_CIN_COUT_CCU2C_CIN_S1_CCU2C_A1$CCU2_COMB0.FCO
Info:    routing  0.00  4.39 Net uart_clkcnt_TRELLIS_FF_Q_9_DI_LUT4_Z_C_CCU2C_S1_COUT_CCU2C_CIN_COUT_CCU2C_CIN_COUT_CCU2C_CIN_COUT_CCU2C_CIN_S1_CCU2C_A1$CCU2_FCI_INT (105,83) -> (105,83)
Info:                          Sink uart_clkcnt_TRELLIS_FF_Q_9_DI_LUT4_Z_C_CCU2C_S1_COUT_CCU2C_CIN_COUT_CCU2C_CIN_COUT_CCU2C_CIN_COUT_CCU2C_CIN_S1_CCU2C_A1$CCU2_COMB1.FCI
Info:      logic  0.00  4.39 Source uart_clkcnt_TRELLIS_FF_Q_9_DI_LUT4_Z_C_CCU2C_S1_COUT_CCU2C_CIN_COUT_CCU2C_CIN_COUT_CCU2C_CIN_COUT_CCU2C_CIN_S1_CCU2C_A1$CCU2_COMB1.FCO
Info:    routing  0.00  4.39 Net $nextpnr_CCU2C_13$CIN (105,83) -> (105,83)
Info:                          Sink $nextpnr_CCU2C_13$CCU2_COMB0.FCI
Info:      logic  0.44  4.83 Source $nextpnr_CCU2C_13$CCU2_COMB0.F
Info:    routing  0.96  5.80 Net uart_clkcnt_TRELLIS_FF_Q_9_DI_LUT4_Z_C[1] (105,83) -> (105,86)
Info:                          Sink uart_inQ.empty_reg_LUT4_B_1.D
Info:                          Defined in:
Info:                               /workspace/scratch/2dc194a6b0cd/physical_toolchains/oss-cad-suite/lib/../share/yosys/lattice/cells_map_trellis.v:108.23-108.24
Info:      logic  0.24  6.03 Source uart_inQ.empty_reg_LUT4_B_1.F
Info:    routing  0.73  6.76 Net uart_inQ.empty_reg_LUT4_B_1_Z[3] (105,86) -> (106,88)
Info:                          Sink uart_inQ.empty_reg_LUT4_C.D
Info:                          Defined in:
Info:                               /workspace/scratch/2dc194a6b0cd/physical_toolchains/oss-cad-suite/lib/../share/yosys/lattice/cells_map_trellis.v:108.23-108.24
Info:      logic  0.24  7.00 Source uart_inQ.empty_reg_LUT4_C.F
Info:    routing  0.67  7.66 Net uart_inQ.data0_reg_TRELLIS_FF_Q_1_DI_LUT4_Z_D[1] (106,88) -> (105,88)
Info:                          Sink uart_inQ.data0_reg_TRELLIS_FF_Q_3_DI_LUT4_Z_D_LUT4_Z.D
Info:                          Defined in:
Info:                               /workspace/scratch/2dc194a6b0cd/physical_toolchains/oss-cad-suite/lib/../share/yosys/lattice/cells_map_trellis.v:108.23-108.24
Info:      logic  0.24  7.90 Source uart_inQ.data0_reg_TRELLIS_FF_Q_3_DI_LUT4_Z_D_LUT4_Z.F
Info:    routing  0.62  8.52 Net uart_inQ.data0_reg_TRELLIS_FF_Q_3_DI_LUT4_Z_D[2] (105,88) -> (105,88)
Info:                          Sink uart_inQ.data0_reg_TRELLIS_FF_Q_3_DI_LUT4_Z.D
Info:                          Defined in:
Info:                               /workspace/scratch/2dc194a6b0cd/physical_toolchains/oss-cad-suite/lib/../share/yosys/lattice/cells_map_trellis.v:108.23-108.24
Info:      logic  0.24  8.76 Source uart_inQ.data0_reg_TRELLIS_FF_Q_3_DI_LUT4_Z.F
Info:    routing  0.13  8.89 Net uart_inQ.data0_reg_TRELLIS_FF_Q_3_DI (105,88) -> (105,88)
Info:                          Sink uart_inQ.data0_reg_TRELLIS_FF_Q_3.DI
Info:      setup  0.00  8.89 Source uart_inQ.data0_reg_TRELLIS_FF_Q_3.DI
Info: 3.67 ns logic, 5.21 ns routing

Info: Critical path report for clock '$glbnet$clocks_coreReset.CLK' (posedge -> posedge):
Info:       type curr  total name
Info:   clk-to-q  0.52  0.52 Source core_block1_convAddressQ.D_OUT_TRELLIS_FF_Q_2.Q
Info:    routing  0.62  1.14 Net core_block1_convAddressQ.D_OUT[2] (45,31) -> (45,31)
Info:                          Sink core_block1_convAddressQ.empty_reg_LUT4_C_Z_LUT4_Z_C_LUT4_D_1_C_LUT4_Z.D
Info:                          Defined in:
Info:                               /workspace/scratch/2dc194a6b0cd/physical_toolchains/oss-cad-suite/lib/../share/yosys/lattice/cells_map_trellis.v:108.23-108.24
Info:      logic  0.24  1.38 Source core_block1_convAddressQ.empty_reg_LUT4_C_Z_LUT4_Z_C_LUT4_D_1_C_LUT4_Z.F
Info:    routing  0.62  2.00 Net core_block1_convAddressQ.empty_reg_LUT4_C_Z_LUT4_Z_C_LUT4_D_1_C[3] (45,31) -> (45,31)
Info:                          Sink core_block1_convAddressQ.empty_reg_LUT4_C_Z_LUT4_Z_C_LUT4_D_1_C_LUT4_D_Z_LUT4_Z.D
Info:                          Defined in:
Info:                               /workspace/scratch/2dc194a6b0cd/physical_toolchains/oss-cad-suite/lib/../share/yosys/lattice/cells_map_trellis.v:108.23-108.24
Info:      logic  0.24  2.24 Source core_block1_convAddressQ.empty_reg_LUT4_C_Z_LUT4_Z_C_LUT4_D_1_C_LUT4_D_Z_LUT4_Z.F
Info:    routing  0.89  3.13 Net core_block1_convAddressQ.empty_reg_LUT4_C_Z_LUT4_Z_C_LUT4_D_1_C_LUT4_D_Z[3] (45,31) -> (45,31)
Info:                          Sink core_block1_convSelectedQ.D_OUT_TRELLIS_FF_Q_140_DI_LUT4_Z_D_LUT4_Z.C
Info:                          Defined in:
Info:                               /workspace/scratch/2dc194a6b0cd/physical_toolchains/oss-cad-suite/lib/../share/yosys/lattice/cells_map_trellis.v:108.23-108.24
Info:      logic  0.24  3.36 Source core_block1_convSelectedQ.D_OUT_TRELLIS_FF_Q_140_DI_LUT4_Z_D_LUT4_Z.F
Info:    routing  0.42  3.78 Net core_block1_convSelectedQ.D_OUT_TRELLIS_FF_Q_140_DI_LUT4_Z_D[1] (45,31) -> (46,31)
Info:                          Sink core_block1_convAddressQ.empty_reg_LUT4_C_Z_LUT4_Z_D_LUT4_Z.D
Info:                          Defined in:
Info:                               /workspace/scratch/2dc194a6b0cd/physical_toolchains/oss-cad-suite/lib/../share/yosys/lattice/cells_map_trellis.v:108.23-108.24
Info:      logic  0.24  4.02 Source core_block1_convAddressQ.empty_reg_LUT4_C_Z_LUT4_Z_D_LUT4_Z.F
Info:    routing  0.50  4.51 Net core_block1_convAddressQ.empty_reg_LUT4_C_Z_LUT4_Z_D[3] (46,31) -> (46,31)
Info:                          Sink core_block1_convAddressQ.empty_reg_LUT4_C_Z_LUT4_Z.D
Info:                          Defined in:
Info:                               /workspace/scratch/2dc194a6b0cd/physical_toolchains/oss-cad-suite/lib/../share/yosys/lattice/cells_map_trellis.v:108.23-108.24
Info:      logic  0.24  4.75 Source core_block1_convAddressQ.empty_reg_LUT4_C_Z_LUT4_Z.F
Info:    routing  1.68  6.43 Net core_block1_convAddressQ.empty_reg_LUT4_C_Z[1] (46,31) -> (64,36)
Info:                          Sink core_block1_convSelectedQ.D_OUT_TRELLIS_FF_Q_3_LSR_LUT4_Z_1.D
Info:                          Defined in:
Info:                               /workspace/scratch/2dc194a6b0cd/physical_toolchains/oss-cad-suite/lib/../share/yosys/lattice/cells_map_trellis.v:108.23-108.24
Info:      logic  0.24  6.67 Source core_block1_convSelectedQ.D_OUT_TRELLIS_FF_Q_3_LSR_LUT4_Z_1.F
Info:    routing  1.69  8.36 Net core_block1_convSelectedQ.D_OUT_TRELLIS_FF_Q_3_LSR[1] (64,36) -> (46,29)
Info:                          Sink core_block1_convSelectedQ.D_OUT_TRELLIS_FF_Q_7_LSR_LUT4_Z.D
Info:                          Defined in:
Info:                               /workspace/scratch/2dc194a6b0cd/physical_toolchains/oss-cad-suite/lib/../share/yosys/lattice/cells_map_trellis.v:108.23-108.24
Info:      logic  0.24  8.59 Source core_block1_convSelectedQ.D_OUT_TRELLIS_FF_Q_7_LSR_LUT4_Z.F
Info:    routing  1.83  10.42 Net core_block1_convSelectedQ.D_OUT_TRELLIS_FF_Q_7_LSR (46,29) -> (35,18)
Info:                          Sink core_block1_convSelectedQ.D_OUT_TRELLIS_FF_Q_130.LSR
Info:      setup  0.42  10.85 Source core_block1_convSelectedQ.D_OUT_TRELLIS_FF_Q_130.LSR
Info: 2.60 ns logic, 8.25 ns routing

Info: Critical path report for cross-domain path '<async>' -> 'posedge $glbnet$CLK_clk_25mhz$TRELLIS_IO_IN':
Info:       type curr  total name
Info:     source  0.00  0.00 Source ftdi_txd$tr_io.O
Info:    routing  3.60  3.60 Net ftdi_txd$TRELLIS_IO_IN (0,89) -> (53,88)
Info:                          Sink uart_rxin_TRELLIS_FF_Q_1.M
Info:                          Defined in:
Info:                               mkTop.v:7113.16-7113.30
Info:      setup  0.00  3.60 Source uart_rxin_TRELLIS_FF_Q_1.M
Info: 0.00 ns logic, 3.60 ns routing

Info: Critical path report for cross-domain path 'posedge $glbnet$CLK_clk_25mhz$TRELLIS_IO_IN' -> '<async>':
Info:       type curr  total name
Info:   clk-to-q  0.52  0.52 Source uart_txdr_TRELLIS_FF_Q.Q
Info:    routing  7.43  7.95 Net ftdi_rxd$TRELLIS_IO_OUT (101,85) -> (0,56)
Info:                          Sink ftdi_rxd$tr_io.I
Info:                          Defined in:
Info:                               mkTop.v:7122.7-7122.16
Info: 0.52 ns logic, 7.43 ns routing

Info: Critical path report for cross-domain path 'posedge $glbnet$CLK_clk_25mhz$TRELLIS_IO_IN' -> 'posedge $glbnet$clocks_coreReset.CLK':
Info:       type curr  total name
Info:   clk-to-q  0.52  0.52 Source clocks_pll.locked_LUT4_D_Z_TRELLIS_FF_LSR.Q
Info:    routing  1.01  1.54 Net clocks_pll.locked_LUT4_D_Z_TRELLIS_FF_LSR_Q (57,89) -> (56,85)
Info:                          Sink clocks_pll.locked_LUT4_D_Z_TRELLIS_FF_LSR_Q_LUT4_D.D
Info:                          Defined in:
Info:                               /workspace/scratch/2dc194a6b0cd/physical_toolchains/oss-cad-suite/lib/../share/yosys/lattice/cells_map_trellis.v:108.23-108.24
Info:      logic  0.24  1.77 Source clocks_pll.locked_LUT4_D_Z_TRELLIS_FF_LSR_Q_LUT4_D.F
Info:    routing  0.89  2.66 Net clocks_pll.locked_LUT4_D_Z_TRELLIS_FF_LSR_Q_LUT4_D_Z (56,85) -> (56,88)
Info:                          Sink rxQ.fifoMem.0.0_RAD_TRELLIS_FF_Q_DI_LUT4_D_Z_TRELLIS_FF_DI_Q_LUT4_C_1_Z_TRELLIS_FF_DI_Q_LUT4_A_Z_TRELLIS_FF_DI_Q_TRELLIS_FF_DI_Q_TRELLIS_FF_Q_DI_TRELLIS_FF_Q.LSR
Info:      setup  0.42  3.09 Source rxQ.fifoMem.0.0_RAD_TRELLIS_FF_Q_DI_LUT4_D_Z_TRELLIS_FF_DI_Q_LUT4_C_1_Z_TRELLIS_FF_DI_Q_LUT4_A_Z_TRELLIS_FF_DI_Q_TRELLIS_FF_DI_Q_TRELLIS_FF_Q_DI_TRELLIS_FF_Q.LSR
Info: 1.18 ns logic, 1.90 ns routing

Info: Critical path report for cross-domain path 'posedge $glbnet$clocks_coreReset.CLK' -> 'posedge $glbnet$CLK_clk_25mhz$TRELLIS_IO_IN':
Info:       type curr  total name
Info:   clk-to-q  0.52  0.52 Source txReset_leaf.secondReset.Q
Info:    routing  0.78  1.30 Net txReset_leaf.secondReset_Q (102,81) -> (106,81)
Info:                          Sink txReset_leaf.secondReset_Q_LUT4_D.D
Info:                          Defined in:
Info:                               /workspace/scratch/2dc194a6b0cd/physical_toolchains/oss-cad-suite/lib/../share/yosys/lattice/cells_map_trellis.v:108.23-108.24
Info:      logic  0.24  1.54 Source txReset_leaf.secondReset_Q_LUT4_D.F
Info:    routing  0.65  2.19 Net txReset_leaf.secondReset_Q_LUT4_D_Z (106,81) -> (106,80)
Info:                          Sink txReset_leaf.secondReset_Q_LUT4_B_A_TRELLIS_FF_Q_DI_LUT4_Z_D_LUT4_Z_2_D_TRELLIS_FF_DI_Q_TRELLIS_FF_DI_Q_TRELLIS_FF_Q.LSR
Info:      setup  0.42  2.62 Source txReset_leaf.secondReset_Q_LUT4_B_A_TRELLIS_FF_Q_DI_LUT4_Z_D_LUT4_Z_2_D_TRELLIS_FF_DI_Q_TRELLIS_FF_DI_Q_TRELLIS_FF_Q.LSR
Info: 1.18 ns logic, 1.43 ns routing

Info: Max frequency for clock '$glbnet$CLK_clk_25mhz$TRELLIS_IO_IN': 112.50 MHz (PASS at 25.00 MHz)
ERROR: Max frequency for clock        '$glbnet$clocks_coreReset.CLK': 92.19 MHz (FAIL at 100.00 MHz)

Info: Max delay <async>                                     -> posedge $glbnet$CLK_clk_25mhz$TRELLIS_IO_IN: 3.60 ns
Info: Max delay posedge $glbnet$CLK_clk_25mhz$TRELLIS_IO_IN -> <async>                                    : 7.95 ns
Info: Max delay posedge $glbnet$CLK_clk_25mhz$TRELLIS_IO_IN -> posedge $glbnet$clocks_coreReset.CLK       : 3.09 ns
Info: Max delay posedge $glbnet$clocks_coreReset.CLK        -> posedge $glbnet$CLK_clk_25mhz$TRELLIS_IO_IN: 2.62 ns

Info: Slack histogram:
Info:  legend: * represents 643 endpoint(s)
Info:          + represents [1,643) endpoint(s)
Info: [  -847,   1149) |+
Info: [  1149,   3145) |***********+
Info: [  3145,   5141) |***********************************+
Info: [  5141,   7137) |***********************************************************+
Info: [  7137,   9133) |************************************************************ 
Info: [  9133,  11129) |+
Info: [ 11129,  13125) | 
Info: [ 13125,  15121) | 
Info: [ 15121,  17117) | 
Info: [ 17117,  19113) | 
Info: [ 19113,  21109) | 
Info: [ 21109,  23105) | 
Info: [ 23105,  25101) | 
Info: [ 25101,  27097) | 
Info: [ 27097,  29093) | 
Info: [ 29093,  31089) | 
Info: [ 31089,  33085) |+
Info: [ 33085,  35081) |+
Info: [ 35081,  37077) |+
Info: [ 37077,  39073) |+
2 warnings, 1 error

Info: Program finished normally.
