make: Entering directory '/workspace/scratch/2dc194a6b0cd/sway_observation2/hw'
rm -rf /workspace/scratch/2dc194a6b0cd/sway_observation2/hw/observation2-build/B1/physical
mkdir -p /workspace/scratch/2dc194a6b0cd/sway_observation2/hw/observation2-build/B1/physical
bsc -show-schedule -show-range-conflict -aggressive-conditions -D SWAY_INPUT_FIFO2 -bdir /workspace/scratch/2dc194a6b0cd/sway_observation2/hw/observation2-build/B1/physical -vdir /workspace/scratch/2dc194a6b0cd/sway_observation2/hw/observation2-build/B1/physical -simdir /workspace/scratch/2dc194a6b0cd/sway_observation2/hw/observation2-build/B1/physical -info-dir /workspace/scratch/2dc194a6b0cd/sway_observation2/hw/observation2-build/B1/physical -fdir /workspace/scratch/2dc194a6b0cd/sway_observation2/hw/observation2-build/B1/physical -remove-dollar \
	-p +:/workspace/scratch/dc01b9aab8c7/blueyosys/lib/bsv:/workspace/scratch/dc01b9aab8c7/blueyosys/fpga/ecp5/bsv:/workspace/scratch/dc01b9aab8c7/blueyosys/boards/ulx3s/bsv:/workspace/scratch/2dc194a6b0cd/sway_observation2/hw/bsv:/workspace/scratch/2dc194a6b0cd/sway_observation2/hw/generated:/workspace/scratch/2dc194a6b0cd/sway_observation2/hw/sim -verilog -u -g mkTop /workspace/scratch/2dc194a6b0cd/sway_observation2/hw/bsv/Top.bsv
checking package dependencies
compiling /workspace/scratch/dc01b9aab8c7/blueyosys/lib/bsv/Uart.bsv
Foreign import file created: /workspace/scratch/2dc194a6b0cd/sway_observation2/hw/observation2-build/B1/physical/bdpiUartGet.ba
Foreign import file created: /workspace/scratch/2dc194a6b0cd/sway_observation2/hw/observation2-build/B1/physical/bdpiUartPut.ba
VPI wrapper files created: /workspace/scratch/2dc194a6b0cd/sway_observation2/hw/observation2-build/B1/physical/vpi_wrapper_bdpiUartGet.{c,h}
VPI wrapper files created: /workspace/scratch/2dc194a6b0cd/sway_observation2/hw/observation2-build/B1/physical/vpi_wrapper_bdpiUartPut.{c,h}
compiling /workspace/scratch/2dc194a6b0cd/sway_observation2/hw/bsv/SwayTypes.bsv
compiling /workspace/scratch/2dc194a6b0cd/sway_observation2/hw/bsv/SwayReset.bsv
Warning: "/workspace/scratch/2dc194a6b0cd/sway_observation2/hw/bsv/SwayReset.bsv", line 15, column 16: (P0216)
  import BVI module declares `ready' as a method name, which is maybe not what
  you intended.
compiling /workspace/scratch/dc01b9aab8c7/blueyosys/boards/ulx3s/bsv/PLL.bsv
compiling /workspace/scratch/2dc194a6b0cd/sway_observation2/hw/bsv/SwayClock.bsv
compiling /workspace/scratch/2dc194a6b0cd/sway_observation2/hw/generated/SwayParameters.bsv
compiling /workspace/scratch/2dc194a6b0cd/sway_observation2/hw/bsv/SwayLookup.bsv
compiling /workspace/scratch/2dc194a6b0cd/sway_observation2/hw/bsv/SwayNorm.bsv
compiling /workspace/scratch/2dc194a6b0cd/sway_observation2/hw/bsv/SwayScan.bsv
Warning: "/workspace/scratch/2dc194a6b0cd/sway_observation2/hw/bsv/SwayScan.bsv", line 514, column 41: (P0102)
  Declaration of `high' shadows previous declaration at
  "/workspace/scratch/2dc194a6b0cd/sway_observation2/hw/bsv/SwayScan.bsv",
  line 505, column 33
compiling /workspace/scratch/2dc194a6b0cd/sway_observation2/hw/bsv/SwayCoeffRom.bsv
compiling /workspace/scratch/2dc194a6b0cd/sway_observation2/hw/bsv/SwayLinear.bsv
compiling /workspace/scratch/2dc194a6b0cd/sway_observation2/hw/bsv/SwayHeadLinear.bsv
compiling /workspace/scratch/2dc194a6b0cd/sway_observation2/hw/bsv/SwayBlock.bsv
compiling /workspace/scratch/2dc194a6b0cd/sway_observation2/hw/bsv/SwayBaseline.bsv
compiling /workspace/scratch/2dc194a6b0cd/sway_observation2/hw/bsv/Top.bsv
code generation for mkTop starts
Warning: "/workspace/scratch/2dc194a6b0cd/sway_observation2/hw/bsv/SwayLinear.bsv", line 134, column 14: (G0043)
  Multiple reset signals influence rule
  `core_embedding_engine_process1Capture'.
  This can lead to inconsistent, non-atomic results when not all of these
  signals are asserted.
  Method calls by reset:
    Reset 1 (core_embedding_localReset_leaf.rst):
      core_embedding_inputQ.first core_embedding_inputQ.i_notEmpty
    Reset 2 (core_embedding_engine_localReset_leaf.rst):
      core_embedding_engine_activeOn.read
      core_embedding_engine_startQ.enq
      core_embedding_engine_startQ.i_notFull
  During elaboration of rule `process1Capture' at
  "/workspace/scratch/2dc194a6b0cd/sway_observation2/hw/bsv/SwayLinear.bsv",
  line 134, column 14.
  During elaboration of `engine' at
  "/workspace/scratch/2dc194a6b0cd/sway_observation2/hw/bsv/SwayLinear.bsv",
  line 590, column 29.
  During elaboration of `embedding' at
  "/workspace/scratch/2dc194a6b0cd/sway_observation2/hw/bsv/SwayBaseline.bsv",
  line 33, column 28.
  During elaboration of `core' at
  "/workspace/scratch/2dc194a6b0cd/sway_observation2/hw/bsv/Top.bsv", line 28,
  column 17.
  During elaboration of `mkTop' at
  "/workspace/scratch/2dc194a6b0cd/sway_observation2/hw/bsv/Top.bsv", line 22,
  column 8.
Warning: "/workspace/scratch/2dc194a6b0cd/sway_observation2/hw/bsv/SwayLinear.bsv", line 190, column 14: (G0043)
  Multiple reset signals influence rule `core_embedding_engine_process2Chunk'.
  This can lead to inconsistent, non-atomic results when not all of these
  signals are asserted.
  Method calls by reset:
    Reset 1 (core_embedding_localReset_leaf.rst):
      core_embedding_inputQ.first core_embedding_inputQ.i_notEmpty
    Reset 2 (core_embedding_engine_localReset_leaf.rst):
      core_embedding_engine_chunkLoadOn.read
      core_embedding_engine_chunkLoadOn.write
      core_embedding_engine_issueOn.write
  During elaboration of rule `process2Chunk' at
  "/workspace/scratch/2dc194a6b0cd/sway_observation2/hw/bsv/SwayLinear.bsv",
  line 190, column 14.
  During elaboration of `engine' at
  "/workspace/scratch/2dc194a6b0cd/sway_observation2/hw/bsv/SwayLinear.bsv",
  line 590, column 29.
  During elaboration of `embedding' at
  "/workspace/scratch/2dc194a6b0cd/sway_observation2/hw/bsv/SwayBaseline.bsv",
  line 33, column 28.
  During elaboration of `core' at
  "/workspace/scratch/2dc194a6b0cd/sway_observation2/hw/bsv/Top.bsv", line 28,
  column 17.
  During elaboration of `mkTop' at
  "/workspace/scratch/2dc194a6b0cd/sway_observation2/hw/bsv/Top.bsv", line 22,
  column 8.
Warning: "/workspace/scratch/2dc194a6b0cd/sway_observation2/hw/bsv/SwayLinear.bsv", line 517, column 14: (G0043)
  Multiple reset signals influence rule `core_embedding_engine_process8Emit'.
  This can lead to inconsistent, non-atomic results when not all of these
  signals are asserted.
  Method calls by reset:
    Reset 1 (core_embedding_localReset_leaf.rst):
      core_embedding_inputQ.deq core_embedding_inputQ.i_notEmpty
    Reset 2 (core_embedding_engine_localReset_leaf.rst):
      core_embedding_engine_activeOn.read
      core_embedding_engine_activeOn.write
      core_embedding_engine_emitOn.read
      core_embedding_engine_emitOn.write
      core_embedding_engine_outputQ.enq
      core_embedding_engine_outputQ.i_notFull
  During elaboration of rule `process8Emit' at
  "/workspace/scratch/2dc194a6b0cd/sway_observation2/hw/bsv/SwayLinear.bsv",
  line 517, column 14.
  During elaboration of `engine' at
  "/workspace/scratch/2dc194a6b0cd/sway_observation2/hw/bsv/SwayLinear.bsv",
  line 590, column 29.
  During elaboration of `embedding' at
  "/workspace/scratch/2dc194a6b0cd/sway_observation2/hw/bsv/SwayBaseline.bsv",
  line 33, column 28.
  During elaboration of `core' at
  "/workspace/scratch/2dc194a6b0cd/sway_observation2/hw/bsv/Top.bsv", line 28,
  column 17.
  During elaboration of `mkTop' at
  "/workspace/scratch/2dc194a6b0cd/sway_observation2/hw/bsv/Top.bsv", line 22,
  column 8.
Warning: "/workspace/scratch/2dc194a6b0cd/sway_observation2/hw/bsv/SwayLinear.bsv", line 134, column 14: (G0043)
  Multiple reset signals influence rule
  `core_block0_inputProjection_engine_process1Capture'.
  This can lead to inconsistent, non-atomic results when not all of these
  signals are asserted.
  Method calls by reset:
    Reset 1 (core_block0_inputProjection_localReset_leaf.rst):
      core_block0_inputProjection_inputQ.first
      core_block0_inputProjection_inputQ.i_notEmpty
    Reset 2 (core_block0_inputProjection_engine_localReset_leaf.rst):
      core_block0_inputProjection_engine_activeOn.read
      core_block0_inputProjection_engine_startQ.enq
      core_block0_inputProjection_engine_startQ.i_notFull
  During elaboration of rule `process1Capture' at
  "/workspace/scratch/2dc194a6b0cd/sway_observation2/hw/bsv/SwayLinear.bsv",
  line 134, column 14.
  During elaboration of `engine' at
  "/workspace/scratch/2dc194a6b0cd/sway_observation2/hw/bsv/SwayLinear.bsv",
  line 590, column 29.
  During elaboration of `inputProjection' at
  "/workspace/scratch/2dc194a6b0cd/sway_observation2/hw/bsv/SwayBlock.bsv",
  line 132, column 28.
  During elaboration of `block0' at
  "/workspace/scratch/2dc194a6b0cd/sway_observation2/hw/bsv/SwayBaseline.bsv",
  line 34, column 18.
  During elaboration of `core' at
  "/workspace/scratch/2dc194a6b0cd/sway_observation2/hw/bsv/Top.bsv", line 28,
  column 17.
  During elaboration of `mkTop' at
  "/workspace/scratch/2dc194a6b0cd/sway_observation2/hw/bsv/Top.bsv", line 22,
  column 8.
Warning: "/workspace/scratch/2dc194a6b0cd/sway_observation2/hw/bsv/SwayLinear.bsv", line 190, column 14: (G0043)
  Multiple reset signals influence rule
  `core_block0_inputProjection_engine_process2Chunk'.
  This can lead to inconsistent, non-atomic results when not all of these
  signals are asserted.
  Method calls by reset:
    Reset 1 (core_block0_inputProjection_localReset_leaf.rst):
      core_block0_inputProjection_inputQ.first
      core_block0_inputProjection_inputQ.i_notEmpty
    Reset 2 (core_block0_inputProjection_engine_localReset_leaf.rst):
      core_block0_inputProjection_engine_chunkLoadOn.read
      core_block0_inputProjection_engine_chunkLoadOn.write
      core_block0_inputProjection_engine_issueOn.write
  During elaboration of rule `process2Chunk' at
  "/workspace/scratch/2dc194a6b0cd/sway_observation2/hw/bsv/SwayLinear.bsv",
  line 190, column 14.
  During elaboration of `engine' at
  "/workspace/scratch/2dc194a6b0cd/sway_observation2/hw/bsv/SwayLinear.bsv",
  line 590, column 29.
  During elaboration of `inputProjection' at
  "/workspace/scratch/2dc194a6b0cd/sway_observation2/hw/bsv/SwayBlock.bsv",
  line 132, column 28.
  During elaboration of `block0' at
  "/workspace/scratch/2dc194a6b0cd/sway_observation2/hw/bsv/SwayBaseline.bsv",
  line 34, column 18.
  During elaboration of `core' at
  "/workspace/scratch/2dc194a6b0cd/sway_observation2/hw/bsv/Top.bsv", line 28,
  column 17.
  During elaboration of `mkTop' at
  "/workspace/scratch/2dc194a6b0cd/sway_observation2/hw/bsv/Top.bsv", line 22,
  column 8.
Warning: "/workspace/scratch/2dc194a6b0cd/sway_observation2/hw/bsv/SwayLinear.bsv", line 517, column 14: (G0043)
  Multiple reset signals influence rule
  `core_block0_inputProjection_engine_process8Emit'.
  This can lead to inconsistent, non-atomic results when not all of these
  signals are asserted.
  Method calls by reset:
    Reset 1 (core_block0_inputProjection_localReset_leaf.rst):
      core_block0_inputProjection_inputQ.deq
      core_block0_inputProjection_inputQ.i_notEmpty
    Reset 2 (core_block0_inputProjection_engine_localReset_leaf.rst):
      core_block0_inputProjection_engine_activeOn.read
      core_block0_inputProjection_engine_activeOn.write
      core_block0_inputProjection_engine_emitOn.read
      core_block0_inputProjection_engine_emitOn.write
      core_block0_inputProjection_engine_outputQ.enq
      core_block0_inputProjection_engine_outputQ.i_notFull
  During elaboration of rule `process8Emit' at
  "/workspace/scratch/2dc194a6b0cd/sway_observation2/hw/bsv/SwayLinear.bsv",
  line 517, column 14.
  During elaboration of `engine' at
  "/workspace/scratch/2dc194a6b0cd/sway_observation2/hw/bsv/SwayLinear.bsv",
  line 590, column 29.
  During elaboration of `inputProjection' at
  "/workspace/scratch/2dc194a6b0cd/sway_observation2/hw/bsv/SwayBlock.bsv",
  line 132, column 28.
  During elaboration of `block0' at
  "/workspace/scratch/2dc194a6b0cd/sway_observation2/hw/bsv/SwayBaseline.bsv",
  line 34, column 18.
  During elaboration of `core' at
  "/workspace/scratch/2dc194a6b0cd/sway_observation2/hw/bsv/Top.bsv", line 28,
  column 17.
  During elaboration of `mkTop' at
  "/workspace/scratch/2dc194a6b0cd/sway_observation2/hw/bsv/Top.bsv", line 22,
  column 8.
Warning: "/workspace/scratch/2dc194a6b0cd/sway_observation2/hw/bsv/SwayLinear.bsv", line 134, column 14: (G0043)
  Multiple reset signals influence rule
  `core_block0_stateProjection_engine_process1Capture'.
  This can lead to inconsistent, non-atomic results when not all of these
  signals are asserted.
  Method calls by reset:
    Reset 1 (core_block0_stateProjection_localReset_leaf.rst):
      core_block0_stateProjection_inputQ.first
      core_block0_stateProjection_inputQ.i_notEmpty
    Reset 2 (core_block0_stateProjection_engine_localReset_leaf.rst):
      core_block0_stateProjection_engine_activeOn.read
      core_block0_stateProjection_engine_startQ.enq
      core_block0_stateProjection_engine_startQ.i_notFull
  During elaboration of rule `process1Capture' at
  "/workspace/scratch/2dc194a6b0cd/sway_observation2/hw/bsv/SwayLinear.bsv",
  line 134, column 14.
  During elaboration of `engine' at
  "/workspace/scratch/2dc194a6b0cd/sway_observation2/hw/bsv/SwayLinear.bsv",
  line 590, column 29.
  During elaboration of `stateProjection' at
  "/workspace/scratch/2dc194a6b0cd/sway_observation2/hw/bsv/SwayBlock.bsv",
  line 133, column 28.
  During elaboration of `block0' at
  "/workspace/scratch/2dc194a6b0cd/sway_observation2/hw/bsv/SwayBaseline.bsv",
  line 34, column 18.
  During elaboration of `core' at
  "/workspace/scratch/2dc194a6b0cd/sway_observation2/hw/bsv/Top.bsv", line 28,
  column 17.
  During elaboration of `mkTop' at
  "/workspace/scratch/2dc194a6b0cd/sway_observation2/hw/bsv/Top.bsv", line 22,
  column 8.
Warning: "/workspace/scratch/2dc194a6b0cd/sway_observation2/hw/bsv/SwayLinear.bsv", line 190, column 14: (G0043)
  Multiple reset signals influence rule
  `core_block0_stateProjection_engine_process2Chunk'.
  This can lead to inconsistent, non-atomic results when not all of these
  signals are asserted.
  Method calls by reset:
    Reset 1 (core_block0_stateProjection_localReset_leaf.rst):
      core_block0_stateProjection_inputQ.first
      core_block0_stateProjection_inputQ.i_notEmpty
    Reset 2 (core_block0_stateProjection_engine_localReset_leaf.rst):
      core_block0_stateProjection_engine_chunkLoadOn.read
      core_block0_stateProjection_engine_chunkLoadOn.write
      core_block0_stateProjection_engine_issueOn.write
  During elaboration of rule `process2Chunk' at
  "/workspace/scratch/2dc194a6b0cd/sway_observation2/hw/bsv/SwayLinear.bsv",
  line 190, column 14.
  During elaboration of `engine' at
  "/workspace/scratch/2dc194a6b0cd/sway_observation2/hw/bsv/SwayLinear.bsv",
  line 590, column 29.
  During elaboration of `stateProjection' at
  "/workspace/scratch/2dc194a6b0cd/sway_observation2/hw/bsv/SwayBlock.bsv",
  line 133, column 28.
  During elaboration of `block0' at
  "/workspace/scratch/2dc194a6b0cd/sway_observation2/hw/bsv/SwayBaseline.bsv",
  line 34, column 18.
  During elaboration of `core' at
  "/workspace/scratch/2dc194a6b0cd/sway_observation2/hw/bsv/Top.bsv", line 28,
  column 17.
  During elaboration of `mkTop' at
  "/workspace/scratch/2dc194a6b0cd/sway_observation2/hw/bsv/Top.bsv", line 22,
  column 8.
Warning: "/workspace/scratch/2dc194a6b0cd/sway_observation2/hw/bsv/SwayLinear.bsv", line 517, column 14: (G0043)
  Multiple reset signals influence rule
  `core_block0_stateProjection_engine_process8Emit'.
  This can lead to inconsistent, non-atomic results when not all of these
  signals are asserted.
  Method calls by reset:
    Reset 1 (core_block0_stateProjection_localReset_leaf.rst):
      core_block0_stateProjection_inputQ.deq
      core_block0_stateProjection_inputQ.i_notEmpty
    Reset 2 (core_block0_stateProjection_engine_localReset_leaf.rst):
      core_block0_stateProjection_engine_activeOn.read
      core_block0_stateProjection_engine_activeOn.write
      core_block0_stateProjection_engine_emitOn.read
      core_block0_stateProjection_engine_emitOn.write
      core_block0_stateProjection_engine_outputQ.enq
      core_block0_stateProjection_engine_outputQ.i_notFull
  During elaboration of rule `process8Emit' at
  "/workspace/scratch/2dc194a6b0cd/sway_observation2/hw/bsv/SwayLinear.bsv",
  line 517, column 14.
  During elaboration of `engine' at
  "/workspace/scratch/2dc194a6b0cd/sway_observation2/hw/bsv/SwayLinear.bsv",
  line 590, column 29.
  During elaboration of `stateProjection' at
  "/workspace/scratch/2dc194a6b0cd/sway_observation2/hw/bsv/SwayBlock.bsv",
  line 133, column 28.
  During elaboration of `block0' at
  "/workspace/scratch/2dc194a6b0cd/sway_observation2/hw/bsv/SwayBaseline.bsv",
  line 34, column 18.
  During elaboration of `core' at
  "/workspace/scratch/2dc194a6b0cd/sway_observation2/hw/bsv/Top.bsv", line 28,
  column 17.
  During elaboration of `mkTop' at
  "/workspace/scratch/2dc194a6b0cd/sway_observation2/hw/bsv/Top.bsv", line 22,
  column 8.
Warning: "/workspace/scratch/2dc194a6b0cd/sway_observation2/hw/bsv/SwayLinear.bsv", line 134, column 14: (G0043)
  Multiple reset signals influence rule
  `core_block0_deltaProjection_engine_process1Capture'.
  This can lead to inconsistent, non-atomic results when not all of these
  signals are asserted.
  Method calls by reset:
    Reset 1 (core_block0_deltaProjection_localReset_leaf.rst):
      core_block0_deltaProjection_inputQ.first
      core_block0_deltaProjection_inputQ.i_notEmpty
    Reset 2 (core_block0_deltaProjection_engine_localReset_leaf.rst):
      core_block0_deltaProjection_engine_activeOn.read
      core_block0_deltaProjection_engine_startQ.enq
      core_block0_deltaProjection_engine_startQ.i_notFull
  During elaboration of rule `process1Capture' at
  "/workspace/scratch/2dc194a6b0cd/sway_observation2/hw/bsv/SwayLinear.bsv",
  line 134, column 14.
  During elaboration of `engine' at
  "/workspace/scratch/2dc194a6b0cd/sway_observation2/hw/bsv/SwayLinear.bsv",
  line 590, column 29.
  During elaboration of `deltaProjection' at
  "/workspace/scratch/2dc194a6b0cd/sway_observation2/hw/bsv/SwayBlock.bsv",
  line 134, column 27.
  During elaboration of `block0' at
  "/workspace/scratch/2dc194a6b0cd/sway_observation2/hw/bsv/SwayBaseline.bsv",
  line 34, column 18.
  During elaboration of `core' at
  "/workspace/scratch/2dc194a6b0cd/sway_observation2/hw/bsv/Top.bsv", line 28,
  column 17.
  During elaboration of `mkTop' at
  "/workspace/scratch/2dc194a6b0cd/sway_observation2/hw/bsv/Top.bsv", line 22,
  column 8.
Warning: "/workspace/scratch/2dc194a6b0cd/sway_observation2/hw/bsv/SwayLinear.bsv", line 190, column 14: (G0043)
  Multiple reset signals influence rule
  `core_block0_deltaProjection_engine_process2Chunk'.
  This can lead to inconsistent, non-atomic results when not all of these
  signals are asserted.
  Method calls by reset:
    Reset 1 (core_block0_deltaProjection_localReset_leaf.rst):
      core_block0_deltaProjection_inputQ.first
      core_block0_deltaProjection_inputQ.i_notEmpty
    Reset 2 (core_block0_deltaProjection_engine_localReset_leaf.rst):
      core_block0_deltaProjection_engine_chunkLoadOn.read
      core_block0_deltaProjection_engine_chunkLoadOn.write
      core_block0_deltaProjection_engine_issueOn.write
  During elaboration of rule `process2Chunk' at
  "/workspace/scratch/2dc194a6b0cd/sway_observation2/hw/bsv/SwayLinear.bsv",
  line 190, column 14.
  During elaboration of `engine' at
  "/workspace/scratch/2dc194a6b0cd/sway_observation2/hw/bsv/SwayLinear.bsv",
  line 590, column 29.
  During elaboration of `deltaProjection' at
  "/workspace/scratch/2dc194a6b0cd/sway_observation2/hw/bsv/SwayBlock.bsv",
  line 134, column 27.
  During elaboration of `block0' at
  "/workspace/scratch/2dc194a6b0cd/sway_observation2/hw/bsv/SwayBaseline.bsv",
  line 34, column 18.
  During elaboration of `core' at
  "/workspace/scratch/2dc194a6b0cd/sway_observation2/hw/bsv/Top.bsv", line 28,
  column 17.
  During elaboration of `mkTop' at
  "/workspace/scratch/2dc194a6b0cd/sway_observation2/hw/bsv/Top.bsv", line 22,
  column 8.
Warning: "/workspace/scratch/2dc194a6b0cd/sway_observation2/hw/bsv/SwayLinear.bsv", line 517, column 14: (G0043)
  Multiple reset signals influence rule
  `core_block0_deltaProjection_engine_process8Emit'.
  This can lead to inconsistent, non-atomic results when not all of these
  signals are asserted.
  Method calls by reset:
    Reset 1 (core_block0_deltaProjection_localReset_leaf.rst):
      core_block0_deltaProjection_inputQ.deq
      core_block0_deltaProjection_inputQ.i_notEmpty
    Reset 2 (core_block0_deltaProjection_engine_localReset_leaf.rst):
      core_block0_deltaProjection_engine_activeOn.read
      core_block0_deltaProjection_engine_activeOn.write
      core_block0_deltaProjection_engine_emitOn.read
      core_block0_deltaProjection_engine_emitOn.write
      core_block0_deltaProjection_engine_outputQ.enq
      core_block0_deltaProjection_engine_outputQ.i_notFull
  During elaboration of rule `process8Emit' at
  "/workspace/scratch/2dc194a6b0cd/sway_observation2/hw/bsv/SwayLinear.bsv",
  line 517, column 14.
  During elaboration of `engine' at
  "/workspace/scratch/2dc194a6b0cd/sway_observation2/hw/bsv/SwayLinear.bsv",
  line 590, column 29.
  During elaboration of `deltaProjection' at
  "/workspace/scratch/2dc194a6b0cd/sway_observation2/hw/bsv/SwayBlock.bsv",
  line 134, column 27.
  During elaboration of `block0' at
  "/workspace/scratch/2dc194a6b0cd/sway_observation2/hw/bsv/SwayBaseline.bsv",
  line 34, column 18.
  During elaboration of `core' at
  "/workspace/scratch/2dc194a6b0cd/sway_observation2/hw/bsv/Top.bsv", line 28,
  column 17.
  During elaboration of `mkTop' at
  "/workspace/scratch/2dc194a6b0cd/sway_observation2/hw/bsv/Top.bsv", line 22,
  column 8.
Warning: "/workspace/scratch/2dc194a6b0cd/sway_observation2/hw/bsv/SwayLinear.bsv", line 134, column 14: (G0043)
  Multiple reset signals influence rule
  `core_block0_outputProjection_engine_process1Capture'.
  This can lead to inconsistent, non-atomic results when not all of these
  signals are asserted.
  Method calls by reset:
    Reset 1 (core_block0_outputProjection_localReset_leaf.rst):
      core_block0_outputProjection_inputQ.first
      core_block0_outputProjection_inputQ.i_notEmpty
    Reset 2 (core_block0_outputProjection_engine_localReset_leaf.rst):
      core_block0_outputProjection_engine_activeOn.read
      core_block0_outputProjection_engine_startQ.enq
      core_block0_outputProjection_engine_startQ.i_notFull
  During elaboration of rule `process1Capture' at
  "/workspace/scratch/2dc194a6b0cd/sway_observation2/hw/bsv/SwayLinear.bsv",
  line 134, column 14.
  During elaboration of `engine' at
  "/workspace/scratch/2dc194a6b0cd/sway_observation2/hw/bsv/SwayLinear.bsv",
  line 590, column 29.
  During elaboration of `outputProjection' at
  "/workspace/scratch/2dc194a6b0cd/sway_observation2/hw/bsv/SwayBlock.bsv",
  line 135, column 28.
  During elaboration of `block0' at
  "/workspace/scratch/2dc194a6b0cd/sway_observation2/hw/bsv/SwayBaseline.bsv",
  line 34, column 18.
  During elaboration of `core' at
  "/workspace/scratch/2dc194a6b0cd/sway_observation2/hw/bsv/Top.bsv", line 28,
  column 17.
  During elaboration of `mkTop' at
  "/workspace/scratch/2dc194a6b0cd/sway_observation2/hw/bsv/Top.bsv", line 22,
  column 8.
Warning: "/workspace/scratch/2dc194a6b0cd/sway_observation2/hw/bsv/SwayLinear.bsv", line 190, column 14: (G0043)
  Multiple reset signals influence rule
  `core_block0_outputProjection_engine_process2Chunk'.
  This can lead to inconsistent, non-atomic results when not all of these
  signals are asserted.
  Method calls by reset:
    Reset 1 (core_block0_outputProjection_localReset_leaf.rst):
      core_block0_outputProjection_inputQ.first
      core_block0_outputProjection_inputQ.i_notEmpty
    Reset 2 (core_block0_outputProjection_engine_localReset_leaf.rst):
      core_block0_outputProjection_engine_chunkLoadOn.read
      core_block0_outputProjection_engine_chunkLoadOn.write
      core_block0_outputProjection_engine_issueOn.write
  During elaboration of rule `process2Chunk' at
  "/workspace/scratch/2dc194a6b0cd/sway_observation2/hw/bsv/SwayLinear.bsv",
  line 190, column 14.
  During elaboration of `engine' at
  "/workspace/scratch/2dc194a6b0cd/sway_observation2/hw/bsv/SwayLinear.bsv",
  line 590, column 29.
  During elaboration of `outputProjection' at
  "/workspace/scratch/2dc194a6b0cd/sway_observation2/hw/bsv/SwayBlock.bsv",
  line 135, column 28.
  During elaboration of `block0' at
  "/workspace/scratch/2dc194a6b0cd/sway_observation2/hw/bsv/SwayBaseline.bsv",
  line 34, column 18.
  During elaboration of `core' at
  "/workspace/scratch/2dc194a6b0cd/sway_observation2/hw/bsv/Top.bsv", line 28,
  column 17.
  During elaboration of `mkTop' at
  "/workspace/scratch/2dc194a6b0cd/sway_observation2/hw/bsv/Top.bsv", line 22,
  column 8.
Warning: "/workspace/scratch/2dc194a6b0cd/sway_observation2/hw/bsv/SwayLinear.bsv", line 517, column 14: (G0043)
  Multiple reset signals influence rule
  `core_block0_outputProjection_engine_process8Emit'.
  This can lead to inconsistent, non-atomic results when not all of these
  signals are asserted.
  Method calls by reset:
    Reset 1 (core_block0_outputProjection_localReset_leaf.rst):
      core_block0_outputProjection_inputQ.deq
      core_block0_outputProjection_inputQ.i_notEmpty
    Reset 2 (core_block0_outputProjection_engine_localReset_leaf.rst):
      core_block0_outputProjection_engine_activeOn.read
      core_block0_outputProjection_engine_activeOn.write
      core_block0_outputProjection_engine_emitOn.read
      core_block0_outputProjection_engine_emitOn.write
      core_block0_outputProjection_engine_outputQ.enq
      core_block0_outputProjection_engine_outputQ.i_notFull
  During elaboration of rule `process8Emit' at
  "/workspace/scratch/2dc194a6b0cd/sway_observation2/hw/bsv/SwayLinear.bsv",
  line 517, column 14.
  During elaboration of `engine' at
  "/workspace/scratch/2dc194a6b0cd/sway_observation2/hw/bsv/SwayLinear.bsv",
  line 590, column 29.
  During elaboration of `outputProjection' at
  "/workspace/scratch/2dc194a6b0cd/sway_observation2/hw/bsv/SwayBlock.bsv",
  line 135, column 28.
  During elaboration of `block0' at
  "/workspace/scratch/2dc194a6b0cd/sway_observation2/hw/bsv/SwayBaseline.bsv",
  line 34, column 18.
  During elaboration of `core' at
  "/workspace/scratch/2dc194a6b0cd/sway_observation2/hw/bsv/Top.bsv", line 28,
  column 17.
  During elaboration of `mkTop' at
  "/workspace/scratch/2dc194a6b0cd/sway_observation2/hw/bsv/Top.bsv", line 22,
  column 8.
Warning: "Prelude.bs", line 635, column 9: (G0024)
  The function unfolding steps interval has been exceeded when unfolding
  `Prelude.PrimShiftIndex~Prelude.Bit~n~n'. The current number of steps is
  100000. Next warning at 200000 steps. Elaboration terminates at 1000000
  steps.
  During elaboration of the body of rule `process2_2' at
  "/workspace/scratch/2dc194a6b0cd/sway_observation2/hw/bsv/SwayScan.bsv",
  line 281, column 14.
  During elaboration of `scan' at
  "/workspace/scratch/2dc194a6b0cd/sway_observation2/hw/bsv/SwayBlock.bsv",
  line 136, column 17.
  During elaboration of `block0' at
  "/workspace/scratch/2dc194a6b0cd/sway_observation2/hw/bsv/SwayBaseline.bsv",
  line 34, column 18.
  During elaboration of `core' at
  "/workspace/scratch/2dc194a6b0cd/sway_observation2/hw/bsv/Top.bsv", line 28,
  column 17.
  During elaboration of `mkTop' at
  "/workspace/scratch/2dc194a6b0cd/sway_observation2/hw/bsv/Top.bsv", line 22,
  column 8.
Warning: "Prelude.bs", line 1335, column 9: (G0024)
  The function unfolding steps interval has been exceeded when unfolding
  `Prelude.Ord~Prelude.Integer'. The current number of steps is 200000. Next
  warning at 300000 steps. Elaboration terminates at 1000000 steps.
  During elaboration of the body of rule `process2_2' at
  "/workspace/scratch/2dc194a6b0cd/sway_observation2/hw/bsv/SwayScan.bsv",
  line 281, column 14.
  During elaboration of `scan' at
  "/workspace/scratch/2dc194a6b0cd/sway_observation2/hw/bsv/SwayBlock.bsv",
  line 136, column 17.
  During elaboration of `block0' at
  "/workspace/scratch/2dc194a6b0cd/sway_observation2/hw/bsv/SwayBaseline.bsv",
  line 34, column 18.
  During elaboration of `core' at
  "/workspace/scratch/2dc194a6b0cd/sway_observation2/hw/bsv/Top.bsv", line 28,
  column 17.
  During elaboration of `mkTop' at
  "/workspace/scratch/2dc194a6b0cd/sway_observation2/hw/bsv/Top.bsv", line 22,
  column 8.
Warning: "Prelude.bs", line 1335, column 9: (G0024)
  The function unfolding steps interval has been exceeded when unfolding
  `Prelude.Ord~Prelude.Integer'. The current number of steps is 300000. Next
  warning at 400000 steps. Elaboration terminates at 1000000 steps.
  During elaboration of the body of rule `process2_2' at
  "/workspace/scratch/2dc194a6b0cd/sway_observation2/hw/bsv/SwayScan.bsv",
  line 281, column 14.
  During elaboration of `scan' at
  "/workspace/scratch/2dc194a6b0cd/sway_observation2/hw/bsv/SwayBlock.bsv",
  line 136, column 17.
  During elaboration of `block0' at
  "/workspace/scratch/2dc194a6b0cd/sway_observation2/hw/bsv/SwayBaseline.bsv",
  line 34, column 18.
  During elaboration of `core' at
  "/workspace/scratch/2dc194a6b0cd/sway_observation2/hw/bsv/Top.bsv", line 28,
  column 17.
  During elaboration of `mkTop' at
  "/workspace/scratch/2dc194a6b0cd/sway_observation2/hw/bsv/Top.bsv", line 22,
  column 8.
Warning: "/workspace/scratch/2dc194a6b0cd/sway_observation2/hw/bsv/SwayBlock.bsv", line 207, column 14: (G0043)
  Multiple reset signals influence rule `core_block0_process1'.
  This can lead to inconsistent, non-atomic results when not all of these
  signals are asserted.
  Method calls by reset:
    Reset 1 (core_block0_localReset_leaf.rst):
      core_block0_inputQ.deq
      core_block0_inputQ.first
      core_block0_inputQ.i_notEmpty
      core_block0_residualQ.enq
      core_block0_residualQ.i_notFull
    Reset 2 (core_block0_normalization_localReset_leaf.rst):
      core_block0_normalization_inputQ.enq
      core_block0_normalization_inputQ.i_notFull
  During elaboration of rule `process1' at
  "/workspace/scratch/2dc194a6b0cd/sway_observation2/hw/bsv/SwayBlock.bsv",
  line 207, column 14.
  During elaboration of `block0' at
  "/workspace/scratch/2dc194a6b0cd/sway_observation2/hw/bsv/SwayBaseline.bsv",
  line 34, column 18.
  During elaboration of `core' at
  "/workspace/scratch/2dc194a6b0cd/sway_observation2/hw/bsv/Top.bsv", line 28,
  column 17.
  During elaboration of `mkTop' at
  "/workspace/scratch/2dc194a6b0cd/sway_observation2/hw/bsv/Top.bsv", line 22,
  column 8.
Warning: "/workspace/scratch/2dc194a6b0cd/sway_observation2/hw/bsv/SwayBlock.bsv", line 220, column 14: (G0043)
  Multiple reset signals influence rule `core_block0_process2'.
  This can lead to inconsistent, non-atomic results when not all of these
  signals are asserted.
  Method calls by reset:
    Reset 1 (core_block0_normalization_localReset_leaf.rst):
      core_block0_normalization_outputQ.deq
      core_block0_normalization_outputQ.first
      core_block0_normalization_outputQ.i_notEmpty
    Reset 2 (core_block0_inputProjection_localReset_leaf.rst):
      core_block0_inputProjection_inputQ.enq
      core_block0_inputProjection_inputQ.i_notFull
  During elaboration of rule `process2' at
  "/workspace/scratch/2dc194a6b0cd/sway_observation2/hw/bsv/SwayBlock.bsv",
  line 220, column 14.
  During elaboration of `block0' at
  "/workspace/scratch/2dc194a6b0cd/sway_observation2/hw/bsv/SwayBaseline.bsv",
  line 34, column 18.
  During elaboration of `core' at
  "/workspace/scratch/2dc194a6b0cd/sway_observation2/hw/bsv/Top.bsv", line 28,
  column 17.
  During elaboration of `mkTop' at
  "/workspace/scratch/2dc194a6b0cd/sway_observation2/hw/bsv/Top.bsv", line 22,
  column 8.
Warning: "/workspace/scratch/2dc194a6b0cd/sway_observation2/hw/bsv/SwayBlock.bsv", line 231, column 14: (G0043)
  Multiple reset signals influence rule `core_block0_process3'.
  This can lead to inconsistent, non-atomic results when not all of these
  signals are asserted.
  Method calls by reset:
    Reset 1 (core_block0_localReset_leaf.rst):
      core_block0_expandedQ.enq core_block0_expandedQ.i_notFull
    Reset 2 (core_block0_inputProjection_engine_localReset_leaf.rst):
      core_block0_inputProjection_engine_outputQ.deq
      core_block0_inputProjection_engine_outputQ.first
      core_block0_inputProjection_engine_outputQ.i_notEmpty
  During elaboration of rule `process3' at
  "/workspace/scratch/2dc194a6b0cd/sway_observation2/hw/bsv/SwayBlock.bsv",
  line 231, column 14.
  During elaboration of `block0' at
  "/workspace/scratch/2dc194a6b0cd/sway_observation2/hw/bsv/SwayBaseline.bsv",
  line 34, column 18.
  During elaboration of `core' at
  "/workspace/scratch/2dc194a6b0cd/sway_observation2/hw/bsv/Top.bsv", line 28,
  column 17.
  During elaboration of `mkTop' at
  "/workspace/scratch/2dc194a6b0cd/sway_observation2/hw/bsv/Top.bsv", line 22,
  column 8.
Warning: "/workspace/scratch/2dc194a6b0cd/sway_observation2/hw/bsv/SwayBlock.bsv", line 459, column 14: (G0043)
  Multiple reset signals influence rule `core_block0_process5'.
  This can lead to inconsistent, non-atomic results when not all of these
  signals are asserted.
  Method calls by reset:
    Reset 1 (core_block0_localReset_leaf.rst):
      core_block0_activatedQ.deq
      core_block0_activatedQ.first
      core_block0_activatedQ.i_notEmpty
      core_block0_xDelayQ.enq
      core_block0_xDelayQ.i_notFull
    Reset 2 (core_block0_stateProjection_localReset_leaf.rst):
      core_block0_stateProjection_inputQ.enq
      core_block0_stateProjection_inputQ.i_notFull
  During elaboration of rule `process5' at
  "/workspace/scratch/2dc194a6b0cd/sway_observation2/hw/bsv/SwayBlock.bsv",
  line 459, column 14.
  During elaboration of `block0' at
  "/workspace/scratch/2dc194a6b0cd/sway_observation2/hw/bsv/SwayBaseline.bsv",
  line 34, column 18.
  During elaboration of `core' at
  "/workspace/scratch/2dc194a6b0cd/sway_observation2/hw/bsv/Top.bsv", line 28,
  column 17.
  During elaboration of `mkTop' at
  "/workspace/scratch/2dc194a6b0cd/sway_observation2/hw/bsv/Top.bsv", line 22,
  column 8.
Warning: "/workspace/scratch/2dc194a6b0cd/sway_observation2/hw/bsv/SwayBlock.bsv", line 472, column 14: (G0043)
  Multiple reset signals influence rule `core_block0_process6'.
  This can lead to inconsistent, non-atomic results when not all of these
  signals are asserted.
  Method calls by reset:
    Reset 1 (core_block0_localReset_leaf.rst):
      core_block0_stateParameterQ.enq core_block0_stateParameterQ.i_notFull
    Reset 2 (core_block0_stateProjection_engine_localReset_leaf.rst):
      core_block0_stateProjection_engine_outputQ.deq
      core_block0_stateProjection_engine_outputQ.first
      core_block0_stateProjection_engine_outputQ.i_notEmpty
    Reset 3 (core_block0_deltaProjection_localReset_leaf.rst):
      core_block0_deltaProjection_inputQ.enq
      core_block0_deltaProjection_inputQ.i_notFull
  During elaboration of rule `process6' at
  "/workspace/scratch/2dc194a6b0cd/sway_observation2/hw/bsv/SwayBlock.bsv",
  line 472, column 14.
  During elaboration of `block0' at
  "/workspace/scratch/2dc194a6b0cd/sway_observation2/hw/bsv/SwayBaseline.bsv",
  line 34, column 18.
  During elaboration of `core' at
  "/workspace/scratch/2dc194a6b0cd/sway_observation2/hw/bsv/Top.bsv", line 28,
  column 17.
  During elaboration of `mkTop' at
  "/workspace/scratch/2dc194a6b0cd/sway_observation2/hw/bsv/Top.bsv", line 22,
  column 8.
Warning: "Prelude.bs", line 505, column 7: (G0024)
  The function unfolding steps interval has been exceeded when unfolding
  `Prelude.BitExtend~n~m~Prelude.Int'. The current number of steps is 400000.
  Next warning at 500000 steps. Elaboration terminates at 1000000 steps.
  During elaboration of the body of rule `process7' at
  "/workspace/scratch/2dc194a6b0cd/sway_observation2/hw/bsv/SwayBlock.bsv",
  line 494, column 14.
  During elaboration of `block0' at
  "/workspace/scratch/2dc194a6b0cd/sway_observation2/hw/bsv/SwayBaseline.bsv",
  line 34, column 18.
  During elaboration of `core' at
  "/workspace/scratch/2dc194a6b0cd/sway_observation2/hw/bsv/Top.bsv", line 28,
  column 17.
  During elaboration of `mkTop' at
  "/workspace/scratch/2dc194a6b0cd/sway_observation2/hw/bsv/Top.bsv", line 22,
  column 8.
Warning: "/workspace/scratch/2dc194a6b0cd/sway_observation2/hw/bsv/SwayBlock.bsv", line 494, column 14: (G0043)
  Multiple reset signals influence rule `core_block0_process7'.
  This can lead to inconsistent, non-atomic results when not all of these
  signals are asserted.
  Method calls by reset:
    Reset 1 (core_block0_localReset_leaf.rst):
      core_block0_stateParameterQ.deq
      core_block0_stateParameterQ.first
      core_block0_stateParameterQ.i_notEmpty
      core_block0_xDelayQ.deq
      core_block0_xDelayQ.first
      core_block0_xDelayQ.i_notEmpty
    Reset 2 (core_block0_deltaProjection_engine_localReset_leaf.rst):
      core_block0_deltaProjection_engine_outputQ.deq
      core_block0_deltaProjection_engine_outputQ.first
      core_block0_deltaProjection_engine_outputQ.i_notEmpty
    Reset 3 (core_block0_scan_localReset_leaf.rst):
      core_block0_scan_inputQ.enq core_block0_scan_inputQ.i_notFull
  During elaboration of rule `process7' at
  "/workspace/scratch/2dc194a6b0cd/sway_observation2/hw/bsv/SwayBlock.bsv",
  line 494, column 14.
  During elaboration of `block0' at
  "/workspace/scratch/2dc194a6b0cd/sway_observation2/hw/bsv/SwayBaseline.bsv",
  line 34, column 18.
  During elaboration of `core' at
  "/workspace/scratch/2dc194a6b0cd/sway_observation2/hw/bsv/Top.bsv", line 28,
  column 17.
  During elaboration of `mkTop' at
  "/workspace/scratch/2dc194a6b0cd/sway_observation2/hw/bsv/Top.bsv", line 22,
  column 8.
Warning: "/workspace/scratch/2dc194a6b0cd/sway_observation2/hw/bsv/SwayBlock.bsv", line 518, column 14: (G0043)
  Multiple reset signals influence rule `core_block0_process8'.
  This can lead to inconsistent, non-atomic results when not all of these
  signals are asserted.
  Method calls by reset:
    Reset 1 (core_block0_localReset_leaf.rst):
      core_block0_gateDelayQ.deq
      core_block0_gateDelayQ.first
      core_block0_gateDelayQ.i_notEmpty
      core_block0_gatingOn.read
      core_block0_gatingOn.write
    Reset 2 (core_block0_scan_localReset_leaf.rst):
      core_block0_scan_outputQ.deq
      core_block0_scan_outputQ.first
      core_block0_scan_outputQ.i_notEmpty
  During elaboration of rule `process8' at
  "/workspace/scratch/2dc194a6b0cd/sway_observation2/hw/bsv/SwayBlock.bsv",
  line 518, column 14.
  During elaboration of `block0' at
  "/workspace/scratch/2dc194a6b0cd/sway_observation2/hw/bsv/SwayBaseline.bsv",
  line 34, column 18.
  During elaboration of `core' at
  "/workspace/scratch/2dc194a6b0cd/sway_observation2/hw/bsv/Top.bsv", line 28,
  column 17.
  During elaboration of `mkTop' at
  "/workspace/scratch/2dc194a6b0cd/sway_observation2/hw/bsv/Top.bsv", line 22,
  column 8.
Warning: "/workspace/scratch/2dc194a6b0cd/sway_observation2/hw/bsv/SwayBlock.bsv", line 594, column 14: (G0043)
  Multiple reset signals influence rule `core_block0_process9_5'.
  This can lead to inconsistent, non-atomic results when not all of these
  signals are asserted.
  Method calls by reset:
    Reset 1 (core_block0_localReset_leaf.rst):
      core_block0_gateEmitOn.read
      core_block0_gateEmitOn.write
      core_block0_gatingOn.read
      core_block0_gatingOn.write
    Reset 2 (core_block0_outputProjection_localReset_leaf.rst):
      core_block0_outputProjection_inputQ.enq
      core_block0_outputProjection_inputQ.i_notFull
  During elaboration of rule `process9_5' at
  "/workspace/scratch/2dc194a6b0cd/sway_observation2/hw/bsv/SwayBlock.bsv",
  line 594, column 14.
  During elaboration of `block0' at
  "/workspace/scratch/2dc194a6b0cd/sway_observation2/hw/bsv/SwayBaseline.bsv",
  line 34, column 18.
  During elaboration of `core' at
  "/workspace/scratch/2dc194a6b0cd/sway_observation2/hw/bsv/Top.bsv", line 28,
  column 17.
  During elaboration of `mkTop' at
  "/workspace/scratch/2dc194a6b0cd/sway_observation2/hw/bsv/Top.bsv", line 22,
  column 8.
Warning: "/workspace/scratch/2dc194a6b0cd/sway_observation2/hw/bsv/SwayBlock.bsv", line 616, column 14: (G0043)
  Multiple reset signals influence rule `core_block0_process10'.
  This can lead to inconsistent, non-atomic results when not all of these
  signals are asserted.
  Method calls by reset:
    Reset 1 (core_block0_localReset_leaf.rst):
      core_block0_residualQ.deq
      core_block0_residualQ.first
      core_block0_residualQ.i_notEmpty
      core_block0_residualSumQ.enq
      core_block0_residualSumQ.i_notFull
    Reset 2 (core_block0_outputProjection_engine_localReset_leaf.rst):
      core_block0_outputProjection_engine_outputQ.deq
      core_block0_outputProjection_engine_outputQ.first
      core_block0_outputProjection_engine_outputQ.i_notEmpty
  During elaboration of rule `process10' at
  "/workspace/scratch/2dc194a6b0cd/sway_observation2/hw/bsv/SwayBlock.bsv",
  line 616, column 14.
  During elaboration of `block0' at
  "/workspace/scratch/2dc194a6b0cd/sway_observation2/hw/bsv/SwayBaseline.bsv",
  line 34, column 18.
  During elaboration of `core' at
  "/workspace/scratch/2dc194a6b0cd/sway_observation2/hw/bsv/Top.bsv", line 28,
  column 17.
  During elaboration of `mkTop' at
  "/workspace/scratch/2dc194a6b0cd/sway_observation2/hw/bsv/Top.bsv", line 22,
  column 8.
Warning: "/workspace/scratch/2dc194a6b0cd/sway_observation2/hw/bsv/SwayLinear.bsv", line 134, column 14: (G0043)
  Multiple reset signals influence rule
  `core_block1_inputProjection_engine_process1Capture'.
  This can lead to inconsistent, non-atomic results when not all of these
  signals are asserted.
  Method calls by reset:
    Reset 1 (core_block1_inputProjection_localReset_leaf.rst):
      core_block1_inputProjection_inputQ.first
      core_block1_inputProjection_inputQ.i_notEmpty
    Reset 2 (core_block1_inputProjection_engine_localReset_leaf.rst):
      core_block1_inputProjection_engine_activeOn.read
      core_block1_inputProjection_engine_startQ.enq
      core_block1_inputProjection_engine_startQ.i_notFull
  During elaboration of rule `process1Capture' at
  "/workspace/scratch/2dc194a6b0cd/sway_observation2/hw/bsv/SwayLinear.bsv",
  line 134, column 14.
  During elaboration of `engine' at
  "/workspace/scratch/2dc194a6b0cd/sway_observation2/hw/bsv/SwayLinear.bsv",
  line 590, column 29.
  During elaboration of `inputProjection' at
  "/workspace/scratch/2dc194a6b0cd/sway_observation2/hw/bsv/SwayBlock.bsv",
  line 132, column 28.
  During elaboration of `block1' at
  "/workspace/scratch/2dc194a6b0cd/sway_observation2/hw/bsv/SwayBaseline.bsv",
  line 35, column 18.
  During elaboration of `core' at
  "/workspace/scratch/2dc194a6b0cd/sway_observation2/hw/bsv/Top.bsv", line 28,
  column 17.
  During elaboration of `mkTop' at
  "/workspace/scratch/2dc194a6b0cd/sway_observation2/hw/bsv/Top.bsv", line 22,
  column 8.
Warning: "/workspace/scratch/2dc194a6b0cd/sway_observation2/hw/bsv/SwayLinear.bsv", line 190, column 14: (G0043)
  Multiple reset signals influence rule
  `core_block1_inputProjection_engine_process2Chunk'.
  This can lead to inconsistent, non-atomic results when not all of these
  signals are asserted.
  Method calls by reset:
    Reset 1 (core_block1_inputProjection_localReset_leaf.rst):
      core_block1_inputProjection_inputQ.first
      core_block1_inputProjection_inputQ.i_notEmpty
    Reset 2 (core_block1_inputProjection_engine_localReset_leaf.rst):
      core_block1_inputProjection_engine_chunkLoadOn.read
      core_block1_inputProjection_engine_chunkLoadOn.write
      core_block1_inputProjection_engine_issueOn.write
  During elaboration of rule `process2Chunk' at
  "/workspace/scratch/2dc194a6b0cd/sway_observation2/hw/bsv/SwayLinear.bsv",
  line 190, column 14.
  During elaboration of `engine' at
  "/workspace/scratch/2dc194a6b0cd/sway_observation2/hw/bsv/SwayLinear.bsv",
  line 590, column 29.
  During elaboration of `inputProjection' at
  "/workspace/scratch/2dc194a6b0cd/sway_observation2/hw/bsv/SwayBlock.bsv",
  line 132, column 28.
  During elaboration of `block1' at
  "/workspace/scratch/2dc194a6b0cd/sway_observation2/hw/bsv/SwayBaseline.bsv",
  line 35, column 18.
  During elaboration of `core' at
  "/workspace/scratch/2dc194a6b0cd/sway_observation2/hw/bsv/Top.bsv", line 28,
  column 17.
  During elaboration of `mkTop' at
  "/workspace/scratch/2dc194a6b0cd/sway_observation2/hw/bsv/Top.bsv", line 22,
  column 8.
Warning: "/workspace/scratch/2dc194a6b0cd/sway_observation2/hw/bsv/SwayLinear.bsv", line 517, column 14: (G0043)
  Multiple reset signals influence rule
  `core_block1_inputProjection_engine_process8Emit'.
  This can lead to inconsistent, non-atomic results when not all of these
  signals are asserted.
  Method calls by reset:
    Reset 1 (core_block1_inputProjection_localReset_leaf.rst):
      core_block1_inputProjection_inputQ.deq
      core_block1_inputProjection_inputQ.i_notEmpty
    Reset 2 (core_block1_inputProjection_engine_localReset_leaf.rst):
      core_block1_inputProjection_engine_activeOn.read
      core_block1_inputProjection_engine_activeOn.write
      core_block1_inputProjection_engine_emitOn.read
      core_block1_inputProjection_engine_emitOn.write
      core_block1_inputProjection_engine_outputQ.enq
      core_block1_inputProjection_engine_outputQ.i_notFull
  During elaboration of rule `process8Emit' at
  "/workspace/scratch/2dc194a6b0cd/sway_observation2/hw/bsv/SwayLinear.bsv",
  line 517, column 14.
  During elaboration of `engine' at
  "/workspace/scratch/2dc194a6b0cd/sway_observation2/hw/bsv/SwayLinear.bsv",
  line 590, column 29.
  During elaboration of `inputProjection' at
  "/workspace/scratch/2dc194a6b0cd/sway_observation2/hw/bsv/SwayBlock.bsv",
  line 132, column 28.
  During elaboration of `block1' at
  "/workspace/scratch/2dc194a6b0cd/sway_observation2/hw/bsv/SwayBaseline.bsv",
  line 35, column 18.
  During elaboration of `core' at
  "/workspace/scratch/2dc194a6b0cd/sway_observation2/hw/bsv/Top.bsv", line 28,
  column 17.
  During elaboration of `mkTop' at
  "/workspace/scratch/2dc194a6b0cd/sway_observation2/hw/bsv/Top.bsv", line 22,
  column 8.
Warning: "/workspace/scratch/2dc194a6b0cd/sway_observation2/hw/bsv/SwayLinear.bsv", line 134, column 14: (G0043)
  Multiple reset signals influence rule
  `core_block1_stateProjection_engine_process1Capture'.
  This can lead to inconsistent, non-atomic results when not all of these
  signals are asserted.
  Method calls by reset:
    Reset 1 (core_block1_stateProjection_localReset_leaf.rst):
      core_block1_stateProjection_inputQ.first
      core_block1_stateProjection_inputQ.i_notEmpty
    Reset 2 (core_block1_stateProjection_engine_localReset_leaf.rst):
      core_block1_stateProjection_engine_activeOn.read
      core_block1_stateProjection_engine_startQ.enq
      core_block1_stateProjection_engine_startQ.i_notFull
  During elaboration of rule `process1Capture' at
  "/workspace/scratch/2dc194a6b0cd/sway_observation2/hw/bsv/SwayLinear.bsv",
  line 134, column 14.
  During elaboration of `engine' at
  "/workspace/scratch/2dc194a6b0cd/sway_observation2/hw/bsv/SwayLinear.bsv",
  line 590, column 29.
  During elaboration of `stateProjection' at
  "/workspace/scratch/2dc194a6b0cd/sway_observation2/hw/bsv/SwayBlock.bsv",
  line 133, column 28.
  During elaboration of `block1' at
  "/workspace/scratch/2dc194a6b0cd/sway_observation2/hw/bsv/SwayBaseline.bsv",
  line 35, column 18.
  During elaboration of `core' at
  "/workspace/scratch/2dc194a6b0cd/sway_observation2/hw/bsv/Top.bsv", line 28,
  column 17.
  During elaboration of `mkTop' at
  "/workspace/scratch/2dc194a6b0cd/sway_observation2/hw/bsv/Top.bsv", line 22,
  column 8.
Warning: "/workspace/scratch/2dc194a6b0cd/sway_observation2/hw/bsv/SwayLinear.bsv", line 190, column 14: (G0043)
  Multiple reset signals influence rule
  `core_block1_stateProjection_engine_process2Chunk'.
  This can lead to inconsistent, non-atomic results when not all of these
  signals are asserted.
  Method calls by reset:
    Reset 1 (core_block1_stateProjection_localReset_leaf.rst):
      core_block1_stateProjection_inputQ.first
      core_block1_stateProjection_inputQ.i_notEmpty
    Reset 2 (core_block1_stateProjection_engine_localReset_leaf.rst):
      core_block1_stateProjection_engine_chunkLoadOn.read
      core_block1_stateProjection_engine_chunkLoadOn.write
      core_block1_stateProjection_engine_issueOn.write
  During elaboration of rule `process2Chunk' at
  "/workspace/scratch/2dc194a6b0cd/sway_observation2/hw/bsv/SwayLinear.bsv",
  line 190, column 14.
  During elaboration of `engine' at
  "/workspace/scratch/2dc194a6b0cd/sway_observation2/hw/bsv/SwayLinear.bsv",
  line 590, column 29.
  During elaboration of `stateProjection' at
  "/workspace/scratch/2dc194a6b0cd/sway_observation2/hw/bsv/SwayBlock.bsv",
  line 133, column 28.
  During elaboration of `block1' at
  "/workspace/scratch/2dc194a6b0cd/sway_observation2/hw/bsv/SwayBaseline.bsv",
  line 35, column 18.
  During elaboration of `core' at
  "/workspace/scratch/2dc194a6b0cd/sway_observation2/hw/bsv/Top.bsv", line 28,
  column 17.
  During elaboration of `mkTop' at
  "/workspace/scratch/2dc194a6b0cd/sway_observation2/hw/bsv/Top.bsv", line 22,
  column 8.
Warning: "/workspace/scratch/2dc194a6b0cd/sway_observation2/hw/bsv/SwayLinear.bsv", line 517, column 14: (G0043)
  Multiple reset signals influence rule
  `core_block1_stateProjection_engine_process8Emit'.
  This can lead to inconsistent, non-atomic results when not all of these
  signals are asserted.
  Method calls by reset:
    Reset 1 (core_block1_stateProjection_localReset_leaf.rst):
      core_block1_stateProjection_inputQ.deq
      core_block1_stateProjection_inputQ.i_notEmpty
    Reset 2 (core_block1_stateProjection_engine_localReset_leaf.rst):
      core_block1_stateProjection_engine_activeOn.read
      core_block1_stateProjection_engine_activeOn.write
      core_block1_stateProjection_engine_emitOn.read
      core_block1_stateProjection_engine_emitOn.write
      core_block1_stateProjection_engine_outputQ.enq
      core_block1_stateProjection_engine_outputQ.i_notFull
  During elaboration of rule `process8Emit' at
  "/workspace/scratch/2dc194a6b0cd/sway_observation2/hw/bsv/SwayLinear.bsv",
  line 517, column 14.
  During elaboration of `engine' at
  "/workspace/scratch/2dc194a6b0cd/sway_observation2/hw/bsv/SwayLinear.bsv",
  line 590, column 29.
  During elaboration of `stateProjection' at
  "/workspace/scratch/2dc194a6b0cd/sway_observation2/hw/bsv/SwayBlock.bsv",
  line 133, column 28.
  During elaboration of `block1' at
  "/workspace/scratch/2dc194a6b0cd/sway_observation2/hw/bsv/SwayBaseline.bsv",
  line 35, column 18.
  During elaboration of `core' at
  "/workspace/scratch/2dc194a6b0cd/sway_observation2/hw/bsv/Top.bsv", line 28,
  column 17.
  During elaboration of `mkTop' at
  "/workspace/scratch/2dc194a6b0cd/sway_observation2/hw/bsv/Top.bsv", line 22,
  column 8.
Warning: "/workspace/scratch/2dc194a6b0cd/sway_observation2/hw/bsv/SwayLinear.bsv", line 134, column 14: (G0043)
  Multiple reset signals influence rule
  `core_block1_deltaProjection_engine_process1Capture'.
  This can lead to inconsistent, non-atomic results when not all of these
  signals are asserted.
  Method calls by reset:
    Reset 1 (core_block1_deltaProjection_localReset_leaf.rst):
      core_block1_deltaProjection_inputQ.first
      core_block1_deltaProjection_inputQ.i_notEmpty
    Reset 2 (core_block1_deltaProjection_engine_localReset_leaf.rst):
      core_block1_deltaProjection_engine_activeOn.read
      core_block1_deltaProjection_engine_startQ.enq
      core_block1_deltaProjection_engine_startQ.i_notFull
  During elaboration of rule `process1Capture' at
  "/workspace/scratch/2dc194a6b0cd/sway_observation2/hw/bsv/SwayLinear.bsv",
  line 134, column 14.
  During elaboration of `engine' at
  "/workspace/scratch/2dc194a6b0cd/sway_observation2/hw/bsv/SwayLinear.bsv",
  line 590, column 29.
  During elaboration of `deltaProjection' at
  "/workspace/scratch/2dc194a6b0cd/sway_observation2/hw/bsv/SwayBlock.bsv",
  line 134, column 27.
  During elaboration of `block1' at
  "/workspace/scratch/2dc194a6b0cd/sway_observation2/hw/bsv/SwayBaseline.bsv",
  line 35, column 18.
  During elaboration of `core' at
  "/workspace/scratch/2dc194a6b0cd/sway_observation2/hw/bsv/Top.bsv", line 28,
  column 17.
  During elaboration of `mkTop' at
  "/workspace/scratch/2dc194a6b0cd/sway_observation2/hw/bsv/Top.bsv", line 22,
  column 8.
Warning: "/workspace/scratch/2dc194a6b0cd/sway_observation2/hw/bsv/SwayLinear.bsv", line 190, column 14: (G0043)
  Multiple reset signals influence rule
  `core_block1_deltaProjection_engine_process2Chunk'.
  This can lead to inconsistent, non-atomic results when not all of these
  signals are asserted.
  Method calls by reset:
    Reset 1 (core_block1_deltaProjection_localReset_leaf.rst):
      core_block1_deltaProjection_inputQ.first
      core_block1_deltaProjection_inputQ.i_notEmpty
    Reset 2 (core_block1_deltaProjection_engine_localReset_leaf.rst):
      core_block1_deltaProjection_engine_chunkLoadOn.read
      core_block1_deltaProjection_engine_chunkLoadOn.write
      core_block1_deltaProjection_engine_issueOn.write
  During elaboration of rule `process2Chunk' at
  "/workspace/scratch/2dc194a6b0cd/sway_observation2/hw/bsv/SwayLinear.bsv",
  line 190, column 14.
  During elaboration of `engine' at
  "/workspace/scratch/2dc194a6b0cd/sway_observation2/hw/bsv/SwayLinear.bsv",
  line 590, column 29.
  During elaboration of `deltaProjection' at
  "/workspace/scratch/2dc194a6b0cd/sway_observation2/hw/bsv/SwayBlock.bsv",
  line 134, column 27.
  During elaboration of `block1' at
  "/workspace/scratch/2dc194a6b0cd/sway_observation2/hw/bsv/SwayBaseline.bsv",
  line 35, column 18.
  During elaboration of `core' at
  "/workspace/scratch/2dc194a6b0cd/sway_observation2/hw/bsv/Top.bsv", line 28,
  column 17.
  During elaboration of `mkTop' at
  "/workspace/scratch/2dc194a6b0cd/sway_observation2/hw/bsv/Top.bsv", line 22,
  column 8.
Warning: "/workspace/scratch/2dc194a6b0cd/sway_observation2/hw/bsv/SwayLinear.bsv", line 517, column 14: (G0043)
  Multiple reset signals influence rule
  `core_block1_deltaProjection_engine_process8Emit'.
  This can lead to inconsistent, non-atomic results when not all of these
  signals are asserted.
  Method calls by reset:
    Reset 1 (core_block1_deltaProjection_localReset_leaf.rst):
      core_block1_deltaProjection_inputQ.deq
      core_block1_deltaProjection_inputQ.i_notEmpty
    Reset 2 (core_block1_deltaProjection_engine_localReset_leaf.rst):
      core_block1_deltaProjection_engine_activeOn.read
      core_block1_deltaProjection_engine_activeOn.write
      core_block1_deltaProjection_engine_emitOn.read
      core_block1_deltaProjection_engine_emitOn.write
      core_block1_deltaProjection_engine_outputQ.enq
      core_block1_deltaProjection_engine_outputQ.i_notFull
  During elaboration of rule `process8Emit' at
  "/workspace/scratch/2dc194a6b0cd/sway_observation2/hw/bsv/SwayLinear.bsv",
  line 517, column 14.
  During elaboration of `engine' at
  "/workspace/scratch/2dc194a6b0cd/sway_observation2/hw/bsv/SwayLinear.bsv",
  line 590, column 29.
  During elaboration of `deltaProjection' at
  "/workspace/scratch/2dc194a6b0cd/sway_observation2/hw/bsv/SwayBlock.bsv",
  line 134, column 27.
  During elaboration of `block1' at
  "/workspace/scratch/2dc194a6b0cd/sway_observation2/hw/bsv/SwayBaseline.bsv",
  line 35, column 18.
  During elaboration of `core' at
  "/workspace/scratch/2dc194a6b0cd/sway_observation2/hw/bsv/Top.bsv", line 28,
  column 17.
  During elaboration of `mkTop' at
  "/workspace/scratch/2dc194a6b0cd/sway_observation2/hw/bsv/Top.bsv", line 22,
  column 8.
Warning: "/workspace/scratch/2dc194a6b0cd/sway_observation2/hw/bsv/SwayLinear.bsv", line 134, column 14: (G0043)
  Multiple reset signals influence rule
  `core_block1_outputProjection_engine_process1Capture'.
  This can lead to inconsistent, non-atomic results when not all of these
  signals are asserted.
  Method calls by reset:
    Reset 1 (core_block1_outputProjection_localReset_leaf.rst):
      core_block1_outputProjection_inputQ.first
      core_block1_outputProjection_inputQ.i_notEmpty
    Reset 2 (core_block1_outputProjection_engine_localReset_leaf.rst):
      core_block1_outputProjection_engine_activeOn.read
      core_block1_outputProjection_engine_startQ.enq
      core_block1_outputProjection_engine_startQ.i_notFull
  During elaboration of rule `process1Capture' at
  "/workspace/scratch/2dc194a6b0cd/sway_observation2/hw/bsv/SwayLinear.bsv",
  line 134, column 14.
  During elaboration of `engine' at
  "/workspace/scratch/2dc194a6b0cd/sway_observation2/hw/bsv/SwayLinear.bsv",
  line 590, column 29.
  During elaboration of `outputProjection' at
  "/workspace/scratch/2dc194a6b0cd/sway_observation2/hw/bsv/SwayBlock.bsv",
  line 135, column 28.
  During elaboration of `block1' at
  "/workspace/scratch/2dc194a6b0cd/sway_observation2/hw/bsv/SwayBaseline.bsv",
  line 35, column 18.
  During elaboration of `core' at
  "/workspace/scratch/2dc194a6b0cd/sway_observation2/hw/bsv/Top.bsv", line 28,
  column 17.
  During elaboration of `mkTop' at
  "/workspace/scratch/2dc194a6b0cd/sway_observation2/hw/bsv/Top.bsv", line 22,
  column 8.
Warning: "/workspace/scratch/2dc194a6b0cd/sway_observation2/hw/bsv/SwayLinear.bsv", line 190, column 14: (G0043)
  Multiple reset signals influence rule
  `core_block1_outputProjection_engine_process2Chunk'.
  This can lead to inconsistent, non-atomic results when not all of these
  signals are asserted.
  Method calls by reset:
    Reset 1 (core_block1_outputProjection_localReset_leaf.rst):
      core_block1_outputProjection_inputQ.first
      core_block1_outputProjection_inputQ.i_notEmpty
    Reset 2 (core_block1_outputProjection_engine_localReset_leaf.rst):
      core_block1_outputProjection_engine_chunkLoadOn.read
      core_block1_outputProjection_engine_chunkLoadOn.write
      core_block1_outputProjection_engine_issueOn.write
  During elaboration of rule `process2Chunk' at
  "/workspace/scratch/2dc194a6b0cd/sway_observation2/hw/bsv/SwayLinear.bsv",
  line 190, column 14.
  During elaboration of `engine' at
  "/workspace/scratch/2dc194a6b0cd/sway_observation2/hw/bsv/SwayLinear.bsv",
  line 590, column 29.
  During elaboration of `outputProjection' at
  "/workspace/scratch/2dc194a6b0cd/sway_observation2/hw/bsv/SwayBlock.bsv",
  line 135, column 28.
  During elaboration of `block1' at
  "/workspace/scratch/2dc194a6b0cd/sway_observation2/hw/bsv/SwayBaseline.bsv",
  line 35, column 18.
  During elaboration of `core' at
  "/workspace/scratch/2dc194a6b0cd/sway_observation2/hw/bsv/Top.bsv", line 28,
  column 17.
  During elaboration of `mkTop' at
  "/workspace/scratch/2dc194a6b0cd/sway_observation2/hw/bsv/Top.bsv", line 22,
  column 8.
Warning: "/workspace/scratch/2dc194a6b0cd/sway_observation2/hw/bsv/SwayLinear.bsv", line 517, column 14: (G0043)
  Multiple reset signals influence rule
  `core_block1_outputProjection_engine_process8Emit'.
  This can lead to inconsistent, non-atomic results when not all of these
  signals are asserted.
  Method calls by reset:
    Reset 1 (core_block1_outputProjection_localReset_leaf.rst):
      core_block1_outputProjection_inputQ.deq
      core_block1_outputProjection_inputQ.i_notEmpty
    Reset 2 (core_block1_outputProjection_engine_localReset_leaf.rst):
      core_block1_outputProjection_engine_activeOn.read
      core_block1_outputProjection_engine_activeOn.write
      core_block1_outputProjection_engine_emitOn.read
      core_block1_outputProjection_engine_emitOn.write
      core_block1_outputProjection_engine_outputQ.enq
      core_block1_outputProjection_engine_outputQ.i_notFull
  During elaboration of rule `process8Emit' at
  "/workspace/scratch/2dc194a6b0cd/sway_observation2/hw/bsv/SwayLinear.bsv",
  line 517, column 14.
  During elaboration of `engine' at
  "/workspace/scratch/2dc194a6b0cd/sway_observation2/hw/bsv/SwayLinear.bsv",
  line 590, column 29.
  During elaboration of `outputProjection' at
  "/workspace/scratch/2dc194a6b0cd/sway_observation2/hw/bsv/SwayBlock.bsv",
  line 135, column 28.
  During elaboration of `block1' at
  "/workspace/scratch/2dc194a6b0cd/sway_observation2/hw/bsv/SwayBaseline.bsv",
  line 35, column 18.
  During elaboration of `core' at
  "/workspace/scratch/2dc194a6b0cd/sway_observation2/hw/bsv/Top.bsv", line 28,
  column 17.
  During elaboration of `mkTop' at
  "/workspace/scratch/2dc194a6b0cd/sway_observation2/hw/bsv/Top.bsv", line 22,
  column 8.
Warning: "Prelude.bs", line 2862, column 0: (G0024)
  The function unfolding steps interval has been exceeded when unfolding
  `areStaticBits'. The current number of steps is 500000. Next warning at
  600000 steps. Elaboration terminates at 1000000 steps.
  During elaboration of the body of rule `process2_2' at
  "/workspace/scratch/2dc194a6b0cd/sway_observation2/hw/bsv/SwayScan.bsv",
  line 281, column 14.
  During elaboration of `scan' at
  "/workspace/scratch/2dc194a6b0cd/sway_observation2/hw/bsv/SwayBlock.bsv",
  line 136, column 17.
  During elaboration of `block1' at
  "/workspace/scratch/2dc194a6b0cd/sway_observation2/hw/bsv/SwayBaseline.bsv",
  line 35, column 18.
  During elaboration of `core' at
  "/workspace/scratch/2dc194a6b0cd/sway_observation2/hw/bsv/Top.bsv", line 28,
  column 17.
  During elaboration of `mkTop' at
  "/workspace/scratch/2dc194a6b0cd/sway_observation2/hw/bsv/Top.bsv", line 22,
  column 8.
Warning: "Prelude.bs", line 423, column 6: (G0024)
  The function unfolding steps interval has been exceeded when unfolding
  `Prelude.Ord~Prelude.Integer'. The current number of steps is 600000. Next
  warning at 700000 steps. Elaboration terminates at 1000000 steps.
  During elaboration of the body of rule `process2_2' at
  "/workspace/scratch/2dc194a6b0cd/sway_observation2/hw/bsv/SwayScan.bsv",
  line 281, column 14.
  During elaboration of `scan' at
  "/workspace/scratch/2dc194a6b0cd/sway_observation2/hw/bsv/SwayBlock.bsv",
  line 136, column 17.
  During elaboration of `block1' at
  "/workspace/scratch/2dc194a6b0cd/sway_observation2/hw/bsv/SwayBaseline.bsv",
  line 35, column 18.
  During elaboration of `core' at
  "/workspace/scratch/2dc194a6b0cd/sway_observation2/hw/bsv/Top.bsv", line 28,
  column 17.
  During elaboration of `mkTop' at
  "/workspace/scratch/2dc194a6b0cd/sway_observation2/hw/bsv/Top.bsv", line 22,
  column 8.
Warning: "Prelude.bs", line 1335, column 9: (G0024)
  The function unfolding steps interval has been exceeded when unfolding
  `Prelude.Ord~Prelude.Integer'. The current number of steps is 700000. Next
  warning at 800000 steps. Elaboration terminates at 1000000 steps.
  During elaboration of the body of rule `process2_2' at
  "/workspace/scratch/2dc194a6b0cd/sway_observation2/hw/bsv/SwayScan.bsv",
  line 281, column 14.
  During elaboration of `scan' at
  "/workspace/scratch/2dc194a6b0cd/sway_observation2/hw/bsv/SwayBlock.bsv",
  line 136, column 17.
  During elaboration of `block1' at
  "/workspace/scratch/2dc194a6b0cd/sway_observation2/hw/bsv/SwayBaseline.bsv",
  line 35, column 18.
  During elaboration of `core' at
  "/workspace/scratch/2dc194a6b0cd/sway_observation2/hw/bsv/Top.bsv", line 28,
  column 17.
  During elaboration of `mkTop' at
  "/workspace/scratch/2dc194a6b0cd/sway_observation2/hw/bsv/Top.bsv", line 22,
  column 8.
Warning: "/workspace/scratch/2dc194a6b0cd/sway_observation2/hw/bsv/SwayBlock.bsv", line 207, column 14: (G0043)
  Multiple reset signals influence rule `core_block1_process1'.
  This can lead to inconsistent, non-atomic results when not all of these
  signals are asserted.
  Method calls by reset:
    Reset 1 (core_block1_localReset_leaf.rst):
      core_block1_inputQ.deq
      core_block1_inputQ.first
      core_block1_inputQ.i_notEmpty
      core_block1_residualQ.enq
      core_block1_residualQ.i_notFull
    Reset 2 (core_block1_normalization_localReset_leaf.rst):
      core_block1_normalization_inputQ.enq
      core_block1_normalization_inputQ.i_notFull
  During elaboration of rule `process1' at
  "/workspace/scratch/2dc194a6b0cd/sway_observation2/hw/bsv/SwayBlock.bsv",
  line 207, column 14.
  During elaboration of `block1' at
  "/workspace/scratch/2dc194a6b0cd/sway_observation2/hw/bsv/SwayBaseline.bsv",
  line 35, column 18.
  During elaboration of `core' at
  "/workspace/scratch/2dc194a6b0cd/sway_observation2/hw/bsv/Top.bsv", line 28,
  column 17.
  During elaboration of `mkTop' at
  "/workspace/scratch/2dc194a6b0cd/sway_observation2/hw/bsv/Top.bsv", line 22,
  column 8.
Warning: "/workspace/scratch/2dc194a6b0cd/sway_observation2/hw/bsv/SwayBlock.bsv", line 220, column 14: (G0043)
  Multiple reset signals influence rule `core_block1_process2'.
  This can lead to inconsistent, non-atomic results when not all of these
  signals are asserted.
  Method calls by reset:
    Reset 1 (core_block1_normalization_localReset_leaf.rst):
      core_block1_normalization_outputQ.deq
      core_block1_normalization_outputQ.first
      core_block1_normalization_outputQ.i_notEmpty
    Reset 2 (core_block1_inputProjection_localReset_leaf.rst):
      core_block1_inputProjection_inputQ.enq
      core_block1_inputProjection_inputQ.i_notFull
  During elaboration of rule `process2' at
  "/workspace/scratch/2dc194a6b0cd/sway_observation2/hw/bsv/SwayBlock.bsv",
  line 220, column 14.
  During elaboration of `block1' at
  "/workspace/scratch/2dc194a6b0cd/sway_observation2/hw/bsv/SwayBaseline.bsv",
  line 35, column 18.
  During elaboration of `core' at
  "/workspace/scratch/2dc194a6b0cd/sway_observation2/hw/bsv/Top.bsv", line 28,
  column 17.
  During elaboration of `mkTop' at
  "/workspace/scratch/2dc194a6b0cd/sway_observation2/hw/bsv/Top.bsv", line 22,
  column 8.
Warning: "/workspace/scratch/2dc194a6b0cd/sway_observation2/hw/bsv/SwayBlock.bsv", line 231, column 14: (G0043)
  Multiple reset signals influence rule `core_block1_process3'.
  This can lead to inconsistent, non-atomic results when not all of these
  signals are asserted.
  Method calls by reset:
    Reset 1 (core_block1_localReset_leaf.rst):
      core_block1_expandedQ.enq core_block1_expandedQ.i_notFull
    Reset 2 (core_block1_inputProjection_engine_localReset_leaf.rst):
      core_block1_inputProjection_engine_outputQ.deq
      core_block1_inputProjection_engine_outputQ.first
      core_block1_inputProjection_engine_outputQ.i_notEmpty
  During elaboration of rule `process3' at
  "/workspace/scratch/2dc194a6b0cd/sway_observation2/hw/bsv/SwayBlock.bsv",
  line 231, column 14.
  During elaboration of `block1' at
  "/workspace/scratch/2dc194a6b0cd/sway_observation2/hw/bsv/SwayBaseline.bsv",
  line 35, column 18.
  During elaboration of `core' at
  "/workspace/scratch/2dc194a6b0cd/sway_observation2/hw/bsv/Top.bsv", line 28,
  column 17.
  During elaboration of `mkTop' at
  "/workspace/scratch/2dc194a6b0cd/sway_observation2/hw/bsv/Top.bsv", line 22,
  column 8.
Warning: "/workspace/scratch/2dc194a6b0cd/sway_observation2/hw/bsv/SwayBlock.bsv", line 459, column 14: (G0043)
  Multiple reset signals influence rule `core_block1_process5'.
  This can lead to inconsistent, non-atomic results when not all of these
  signals are asserted.
  Method calls by reset:
    Reset 1 (core_block1_localReset_leaf.rst):
      core_block1_activatedQ.deq
      core_block1_activatedQ.first
      core_block1_activatedQ.i_notEmpty
      core_block1_xDelayQ.enq
      core_block1_xDelayQ.i_notFull
    Reset 2 (core_block1_stateProjection_localReset_leaf.rst):
      core_block1_stateProjection_inputQ.enq
      core_block1_stateProjection_inputQ.i_notFull
  During elaboration of rule `process5' at
  "/workspace/scratch/2dc194a6b0cd/sway_observation2/hw/bsv/SwayBlock.bsv",
  line 459, column 14.
  During elaboration of `block1' at
  "/workspace/scratch/2dc194a6b0cd/sway_observation2/hw/bsv/SwayBaseline.bsv",
  line 35, column 18.
  During elaboration of `core' at
  "/workspace/scratch/2dc194a6b0cd/sway_observation2/hw/bsv/Top.bsv", line 28,
  column 17.
  During elaboration of `mkTop' at
  "/workspace/scratch/2dc194a6b0cd/sway_observation2/hw/bsv/Top.bsv", line 22,
  column 8.
Warning: "Prelude.bs", line 1335, column 9: (G0024)
  The function unfolding steps interval has been exceeded when unfolding
  `Prelude.Ord~Prelude.Integer'. The current number of steps is 800000. Next
  warning at 900000 steps. Elaboration terminates at 1000000 steps.
  During elaboration of the body of rule `process6' at
  "/workspace/scratch/2dc194a6b0cd/sway_observation2/hw/bsv/SwayBlock.bsv",
  line 472, column 14.
  During elaboration of `block1' at
  "/workspace/scratch/2dc194a6b0cd/sway_observation2/hw/bsv/SwayBaseline.bsv",
  line 35, column 18.
  During elaboration of `core' at
  "/workspace/scratch/2dc194a6b0cd/sway_observation2/hw/bsv/Top.bsv", line 28,
  column 17.
  During elaboration of `mkTop' at
  "/workspace/scratch/2dc194a6b0cd/sway_observation2/hw/bsv/Top.bsv", line 22,
  column 8.
Warning: "/workspace/scratch/2dc194a6b0cd/sway_observation2/hw/bsv/SwayBlock.bsv", line 472, column 14: (G0043)
  Multiple reset signals influence rule `core_block1_process6'.
  This can lead to inconsistent, non-atomic results when not all of these
  signals are asserted.
  Method calls by reset:
    Reset 1 (core_block1_localReset_leaf.rst):
      core_block1_stateParameterQ.enq core_block1_stateParameterQ.i_notFull
    Reset 2 (core_block1_stateProjection_engine_localReset_leaf.rst):
      core_block1_stateProjection_engine_outputQ.deq
      core_block1_stateProjection_engine_outputQ.first
      core_block1_stateProjection_engine_outputQ.i_notEmpty
    Reset 3 (core_block1_deltaProjection_localReset_leaf.rst):
      core_block1_deltaProjection_inputQ.enq
      core_block1_deltaProjection_inputQ.i_notFull
  During elaboration of rule `process6' at
  "/workspace/scratch/2dc194a6b0cd/sway_observation2/hw/bsv/SwayBlock.bsv",
  line 472, column 14.
  During elaboration of `block1' at
  "/workspace/scratch/2dc194a6b0cd/sway_observation2/hw/bsv/SwayBaseline.bsv",
  line 35, column 18.
  During elaboration of `core' at
  "/workspace/scratch/2dc194a6b0cd/sway_observation2/hw/bsv/Top.bsv", line 28,
  column 17.
  During elaboration of `mkTop' at
  "/workspace/scratch/2dc194a6b0cd/sway_observation2/hw/bsv/Top.bsv", line 22,
  column 8.
Warning: "/workspace/scratch/2dc194a6b0cd/sway_observation2/hw/bsv/SwayBlock.bsv", line 494, column 14: (G0043)
  Multiple reset signals influence rule `core_block1_process7'.
  This can lead to inconsistent, non-atomic results when not all of these
  signals are asserted.
  Method calls by reset:
    Reset 1 (core_block1_localReset_leaf.rst):
      core_block1_stateParameterQ.deq
      core_block1_stateParameterQ.first
      core_block1_stateParameterQ.i_notEmpty
      core_block1_xDelayQ.deq
      core_block1_xDelayQ.first
      core_block1_xDelayQ.i_notEmpty
    Reset 2 (core_block1_deltaProjection_engine_localReset_leaf.rst):
      core_block1_deltaProjection_engine_outputQ.deq
      core_block1_deltaProjection_engine_outputQ.first
      core_block1_deltaProjection_engine_outputQ.i_notEmpty
    Reset 3 (core_block1_scan_localReset_leaf.rst):
      core_block1_scan_inputQ.enq core_block1_scan_inputQ.i_notFull
  During elaboration of rule `process7' at
  "/workspace/scratch/2dc194a6b0cd/sway_observation2/hw/bsv/SwayBlock.bsv",
  line 494, column 14.
  During elaboration of `block1' at
  "/workspace/scratch/2dc194a6b0cd/sway_observation2/hw/bsv/SwayBaseline.bsv",
  line 35, column 18.
  During elaboration of `core' at
  "/workspace/scratch/2dc194a6b0cd/sway_observation2/hw/bsv/Top.bsv", line 28,
  column 17.
  During elaboration of `mkTop' at
  "/workspace/scratch/2dc194a6b0cd/sway_observation2/hw/bsv/Top.bsv", line 22,
  column 8.
Warning: "/workspace/scratch/2dc194a6b0cd/sway_observation2/hw/bsv/SwayBlock.bsv", line 518, column 14: (G0043)
  Multiple reset signals influence rule `core_block1_process8'.
  This can lead to inconsistent, non-atomic results when not all of these
  signals are asserted.
  Method calls by reset:
    Reset 1 (core_block1_localReset_leaf.rst):
      core_block1_gateDelayQ.deq
      core_block1_gateDelayQ.first
      core_block1_gateDelayQ.i_notEmpty
      core_block1_gatingOn.read
      core_block1_gatingOn.write
    Reset 2 (core_block1_scan_localReset_leaf.rst):
      core_block1_scan_outputQ.deq
      core_block1_scan_outputQ.first
      core_block1_scan_outputQ.i_notEmpty
  During elaboration of rule `process8' at
  "/workspace/scratch/2dc194a6b0cd/sway_observation2/hw/bsv/SwayBlock.bsv",
  line 518, column 14.
  During elaboration of `block1' at
  "/workspace/scratch/2dc194a6b0cd/sway_observation2/hw/bsv/SwayBaseline.bsv",
  line 35, column 18.
  During elaboration of `core' at
  "/workspace/scratch/2dc194a6b0cd/sway_observation2/hw/bsv/Top.bsv", line 28,
  column 17.
  During elaboration of `mkTop' at
  "/workspace/scratch/2dc194a6b0cd/sway_observation2/hw/bsv/Top.bsv", line 22,
  column 8.
Warning: "/workspace/scratch/2dc194a6b0cd/sway_observation2/hw/bsv/SwayBlock.bsv", line 594, column 14: (G0043)
  Multiple reset signals influence rule `core_block1_process9_5'.
  This can lead to inconsistent, non-atomic results when not all of these
  signals are asserted.
  Method calls by reset:
    Reset 1 (core_block1_localReset_leaf.rst):
      core_block1_gateEmitOn.read
      core_block1_gateEmitOn.write
      core_block1_gatingOn.read
      core_block1_gatingOn.write
    Reset 2 (core_block1_outputProjection_localReset_leaf.rst):
      core_block1_outputProjection_inputQ.enq
      core_block1_outputProjection_inputQ.i_notFull
  During elaboration of rule `process9_5' at
  "/workspace/scratch/2dc194a6b0cd/sway_observation2/hw/bsv/SwayBlock.bsv",
  line 594, column 14.
  During elaboration of `block1' at
  "/workspace/scratch/2dc194a6b0cd/sway_observation2/hw/bsv/SwayBaseline.bsv",
  line 35, column 18.
  During elaboration of `core' at
  "/workspace/scratch/2dc194a6b0cd/sway_observation2/hw/bsv/Top.bsv", line 28,
  column 17.
  During elaboration of `mkTop' at
  "/workspace/scratch/2dc194a6b0cd/sway_observation2/hw/bsv/Top.bsv", line 22,
  column 8.
Warning: "/workspace/scratch/2dc194a6b0cd/sway_observation2/hw/bsv/SwayBlock.bsv", line 616, column 14: (G0043)
  Multiple reset signals influence rule `core_block1_process10'.
  This can lead to inconsistent, non-atomic results when not all of these
  signals are asserted.
  Method calls by reset:
    Reset 1 (core_block1_localReset_leaf.rst):
      core_block1_residualQ.deq
      core_block1_residualQ.first
      core_block1_residualQ.i_notEmpty
      core_block1_residualSumQ.enq
      core_block1_residualSumQ.i_notFull
    Reset 2 (core_block1_outputProjection_engine_localReset_leaf.rst):
      core_block1_outputProjection_engine_outputQ.deq
      core_block1_outputProjection_engine_outputQ.first
      core_block1_outputProjection_engine_outputQ.i_notEmpty
  During elaboration of rule `process10' at
  "/workspace/scratch/2dc194a6b0cd/sway_observation2/hw/bsv/SwayBlock.bsv",
  line 616, column 14.
  During elaboration of `block1' at
  "/workspace/scratch/2dc194a6b0cd/sway_observation2/hw/bsv/SwayBaseline.bsv",
  line 35, column 18.
  During elaboration of `core' at
  "/workspace/scratch/2dc194a6b0cd/sway_observation2/hw/bsv/Top.bsv", line 28,
  column 17.
  During elaboration of `mkTop' at
  "/workspace/scratch/2dc194a6b0cd/sway_observation2/hw/bsv/Top.bsv", line 22,
  column 8.
Warning: "/workspace/scratch/2dc194a6b0cd/sway_observation2/hw/bsv/SwayLinear.bsv", line 134, column 14: (G0043)
  Multiple reset signals influence rule
  `core_headHidden_engine_process1Capture'.
  This can lead to inconsistent, non-atomic results when not all of these
  signals are asserted.
  Method calls by reset:
    Reset 1 (core_headHidden_localReset_leaf.rst):
      core_headHidden_readBankR.write
      core_headHidden_readyBankQ.deq
      core_headHidden_readyBankQ.first
      core_headHidden_readyBankQ.i_notEmpty
    Reset 2 (core_headHidden_engine_localReset_leaf.rst):
      core_headHidden_engine_activeOn.read
      core_headHidden_engine_startQ.enq
      core_headHidden_engine_startQ.i_notFull
  During elaboration of rule `process1Capture' at
  "/workspace/scratch/2dc194a6b0cd/sway_observation2/hw/bsv/SwayLinear.bsv",
  line 134, column 14.
  During elaboration of `engine' at
  "/workspace/scratch/2dc194a6b0cd/sway_observation2/hw/bsv/SwayHeadLinear.bsv",
  line 115, column 30.
  During elaboration of `headHidden' at
  "/workspace/scratch/2dc194a6b0cd/sway_observation2/hw/bsv/SwayBaseline.bsv",
  line 36, column 28.
  During elaboration of `core' at
  "/workspace/scratch/2dc194a6b0cd/sway_observation2/hw/bsv/Top.bsv", line 28,
  column 17.
  During elaboration of `mkTop' at
  "/workspace/scratch/2dc194a6b0cd/sway_observation2/hw/bsv/Top.bsv", line 22,
  column 8.
Warning: "/workspace/scratch/2dc194a6b0cd/sway_observation2/hw/bsv/SwayLinear.bsv", line 190, column 14: (G0043)
  Multiple reset signals influence rule
  `core_headHidden_engine_process2Chunk'.
  This can lead to inconsistent, non-atomic results when not all of these
  signals are asserted.
  Method calls by reset:
    Reset 1 (core_headHidden_localReset_leaf.rst):
      core_headHidden_readBankR.read
    Reset 2 (core_headHidden_engine_localReset_leaf.rst):
      core_headHidden_engine_chunkLoadOn.read
      core_headHidden_engine_chunkLoadOn.write
      core_headHidden_engine_issueOn.write
  During elaboration of rule `process2Chunk' at
  "/workspace/scratch/2dc194a6b0cd/sway_observation2/hw/bsv/SwayLinear.bsv",
  line 190, column 14.
  During elaboration of `engine' at
  "/workspace/scratch/2dc194a6b0cd/sway_observation2/hw/bsv/SwayHeadLinear.bsv",
  line 115, column 30.
  During elaboration of `headHidden' at
  "/workspace/scratch/2dc194a6b0cd/sway_observation2/hw/bsv/SwayBaseline.bsv",
  line 36, column 28.
  During elaboration of `core' at
  "/workspace/scratch/2dc194a6b0cd/sway_observation2/hw/bsv/Top.bsv", line 28,
  column 17.
  During elaboration of `mkTop' at
  "/workspace/scratch/2dc194a6b0cd/sway_observation2/hw/bsv/Top.bsv", line 22,
  column 8.
Warning: "/workspace/scratch/2dc194a6b0cd/sway_observation2/hw/bsv/SwayLinear.bsv", line 517, column 14: (G0043)
  Multiple reset signals influence rule `core_headHidden_engine_process8Emit'.
  This can lead to inconsistent, non-atomic results when not all of these
  signals are asserted.
  Method calls by reset:
    Reset 1 (core_headHidden_localReset_leaf.rst):
      core_headHidden_freeBankQ.enq
      core_headHidden_freeBankQ.i_notFull
      core_headHidden_initializeCnt.read
      core_headHidden_readBankR.read
    Reset 2 (core_headHidden_engine_localReset_leaf.rst):
      core_headHidden_engine_activeOn.read
      core_headHidden_engine_activeOn.write
      core_headHidden_engine_emitOn.read
      core_headHidden_engine_emitOn.write
      core_headHidden_engine_outputQ.enq
      core_headHidden_engine_outputQ.i_notFull
  During elaboration of rule `process8Emit' at
  "/workspace/scratch/2dc194a6b0cd/sway_observation2/hw/bsv/SwayLinear.bsv",
  line 517, column 14.
  During elaboration of `engine' at
  "/workspace/scratch/2dc194a6b0cd/sway_observation2/hw/bsv/SwayHeadLinear.bsv",
  line 115, column 30.
  During elaboration of `headHidden' at
  "/workspace/scratch/2dc194a6b0cd/sway_observation2/hw/bsv/SwayBaseline.bsv",
  line 36, column 28.
  During elaboration of `core' at
  "/workspace/scratch/2dc194a6b0cd/sway_observation2/hw/bsv/Top.bsv", line 28,
  column 17.
  During elaboration of `mkTop' at
  "/workspace/scratch/2dc194a6b0cd/sway_observation2/hw/bsv/Top.bsv", line 22,
  column 8.
Warning: "/workspace/scratch/2dc194a6b0cd/sway_observation2/hw/bsv/SwayLinear.bsv", line 134, column 14: (G0043)
  Multiple reset signals influence rule
  `core_headOutput_engine_process1Capture'.
  This can lead to inconsistent, non-atomic results when not all of these
  signals are asserted.
  Method calls by reset:
    Reset 1 (core_headOutput_localReset_leaf.rst):
      core_headOutput_inputQ.first core_headOutput_inputQ.i_notEmpty
    Reset 2 (core_headOutput_engine_localReset_leaf.rst):
      core_headOutput_engine_activeOn.read
      core_headOutput_engine_startQ.enq
      core_headOutput_engine_startQ.i_notFull
  During elaboration of rule `process1Capture' at
  "/workspace/scratch/2dc194a6b0cd/sway_observation2/hw/bsv/SwayLinear.bsv",
  line 134, column 14.
  During elaboration of `engine' at
  "/workspace/scratch/2dc194a6b0cd/sway_observation2/hw/bsv/SwayLinear.bsv",
  line 590, column 29.
  During elaboration of `headOutput' at
  "/workspace/scratch/2dc194a6b0cd/sway_observation2/hw/bsv/SwayBaseline.bsv",
  line 37, column 28.
  During elaboration of `core' at
  "/workspace/scratch/2dc194a6b0cd/sway_observation2/hw/bsv/Top.bsv", line 28,
  column 17.
  During elaboration of `mkTop' at
  "/workspace/scratch/2dc194a6b0cd/sway_observation2/hw/bsv/Top.bsv", line 22,
  column 8.
Warning: "/workspace/scratch/2dc194a6b0cd/sway_observation2/hw/bsv/SwayLinear.bsv", line 190, column 14: (G0043)
  Multiple reset signals influence rule
  `core_headOutput_engine_process2Chunk'.
  This can lead to inconsistent, non-atomic results when not all of these
  signals are asserted.
  Method calls by reset:
    Reset 1 (core_headOutput_localReset_leaf.rst):
      core_headOutput_inputQ.first core_headOutput_inputQ.i_notEmpty
    Reset 2 (core_headOutput_engine_localReset_leaf.rst):
      core_headOutput_engine_chunkLoadOn.read
      core_headOutput_engine_chunkLoadOn.write
      core_headOutput_engine_issueOn.write
  During elaboration of rule `process2Chunk' at
  "/workspace/scratch/2dc194a6b0cd/sway_observation2/hw/bsv/SwayLinear.bsv",
  line 190, column 14.
  During elaboration of `engine' at
  "/workspace/scratch/2dc194a6b0cd/sway_observation2/hw/bsv/SwayLinear.bsv",
  line 590, column 29.
  During elaboration of `headOutput' at
  "/workspace/scratch/2dc194a6b0cd/sway_observation2/hw/bsv/SwayBaseline.bsv",
  line 37, column 28.
  During elaboration of `core' at
  "/workspace/scratch/2dc194a6b0cd/sway_observation2/hw/bsv/Top.bsv", line 28,
  column 17.
  During elaboration of `mkTop' at
  "/workspace/scratch/2dc194a6b0cd/sway_observation2/hw/bsv/Top.bsv", line 22,
  column 8.
Warning: "/workspace/scratch/2dc194a6b0cd/sway_observation2/hw/bsv/SwayLinear.bsv", line 517, column 14: (G0043)
  Multiple reset signals influence rule `core_headOutput_engine_process8Emit'.
  This can lead to inconsistent, non-atomic results when not all of these
  signals are asserted.
  Method calls by reset:
    Reset 1 (core_headOutput_localReset_leaf.rst):
      core_headOutput_inputQ.deq core_headOutput_inputQ.i_notEmpty
    Reset 2 (core_headOutput_engine_localReset_leaf.rst):
      core_headOutput_engine_activeOn.read
      core_headOutput_engine_activeOn.write
      core_headOutput_engine_emitOn.read
      core_headOutput_engine_emitOn.write
      core_headOutput_engine_outputQ.enq
      core_headOutput_engine_outputQ.i_notFull
  During elaboration of rule `process8Emit' at
  "/workspace/scratch/2dc194a6b0cd/sway_observation2/hw/bsv/SwayLinear.bsv",
  line 517, column 14.
  During elaboration of `engine' at
  "/workspace/scratch/2dc194a6b0cd/sway_observation2/hw/bsv/SwayLinear.bsv",
  line 590, column 29.
  During elaboration of `headOutput' at
  "/workspace/scratch/2dc194a6b0cd/sway_observation2/hw/bsv/SwayBaseline.bsv",
  line 37, column 28.
  During elaboration of `core' at
  "/workspace/scratch/2dc194a6b0cd/sway_observation2/hw/bsv/Top.bsv", line 28,
  column 17.
  During elaboration of `mkTop' at
  "/workspace/scratch/2dc194a6b0cd/sway_observation2/hw/bsv/Top.bsv", line 22,
  column 8.
Warning: "/workspace/scratch/2dc194a6b0cd/sway_observation2/hw/bsv/SwayBaseline.bsv", line 158, column 14: (G0043)
  Multiple reset signals influence rule `core_process3Embed'.
  This can lead to inconsistent, non-atomic results when not all of these
  signals are asserted.
  Method calls by reset:
    Reset 1 (core_localReset_leaf.rst):
      core_patchTokenQ.deq core_patchTokenQ.first core_patchTokenQ.i_notEmpty
    Reset 2 (core_embedding_localReset_leaf.rst):
      core_embedding_inputQ.enq core_embedding_inputQ.i_notFull
  During elaboration of rule `process3Embed' at
  "/workspace/scratch/2dc194a6b0cd/sway_observation2/hw/bsv/SwayBaseline.bsv",
  line 158, column 14.
  During elaboration of `core' at
  "/workspace/scratch/2dc194a6b0cd/sway_observation2/hw/bsv/Top.bsv", line 28,
  column 17.
  During elaboration of `mkTop' at
  "/workspace/scratch/2dc194a6b0cd/sway_observation2/hw/bsv/Top.bsv", line 22,
  column 8.
Warning: "/workspace/scratch/2dc194a6b0cd/sway_observation2/hw/bsv/SwayBaseline.bsv", line 170, column 14: (G0043)
  Multiple reset signals influence rule `core_process4'.
  This can lead to inconsistent, non-atomic results when not all of these
  signals are asserted.
  Method calls by reset:
    Reset 1 (core_embedding_engine_localReset_leaf.rst):
      core_embedding_engine_outputQ.deq
      core_embedding_engine_outputQ.first
      core_embedding_engine_outputQ.i_notEmpty
    Reset 2 (core_block0_localReset_leaf.rst):
      core_block0_inputQ.enq core_block0_inputQ.i_notFull
  During elaboration of rule `process4' at
  "/workspace/scratch/2dc194a6b0cd/sway_observation2/hw/bsv/SwayBaseline.bsv",
  line 170, column 14.
  During elaboration of `core' at
  "/workspace/scratch/2dc194a6b0cd/sway_observation2/hw/bsv/Top.bsv", line 28,
  column 17.
  During elaboration of `mkTop' at
  "/workspace/scratch/2dc194a6b0cd/sway_observation2/hw/bsv/Top.bsv", line 22,
  column 8.
Warning: "/workspace/scratch/2dc194a6b0cd/sway_observation2/hw/bsv/SwayBaseline.bsv", line 179, column 14: (G0043)
  Multiple reset signals influence rule `core_process5'.
  This can lead to inconsistent, non-atomic results when not all of these
  signals are asserted.
  Method calls by reset:
    Reset 1 (core_block0_localReset_leaf.rst):
      core_block0_outputQ.deq
      core_block0_outputQ.first
      core_block0_outputQ.i_notEmpty
    Reset 2 (core_block1_localReset_leaf.rst):
      core_block1_inputQ.enq core_block1_inputQ.i_notFull
  During elaboration of rule `process5' at
  "/workspace/scratch/2dc194a6b0cd/sway_observation2/hw/bsv/SwayBaseline.bsv",
  line 179, column 14.
  During elaboration of `core' at
  "/workspace/scratch/2dc194a6b0cd/sway_observation2/hw/bsv/Top.bsv", line 28,
  column 17.
  During elaboration of `mkTop' at
  "/workspace/scratch/2dc194a6b0cd/sway_observation2/hw/bsv/Top.bsv", line 22,
  column 8.
Warning: "/workspace/scratch/2dc194a6b0cd/sway_observation2/hw/bsv/SwayBaseline.bsv", line 191, column 14: (G0043)
  Multiple reset signals influence rule `core_process6'.
  This can lead to inconsistent, non-atomic results when not all of these
  signals are asserted.
  Method calls by reset:
    Reset 1 (core_block1_localReset_leaf.rst):
      core_block1_outputQ.deq
      core_block1_outputQ.first
      core_block1_outputQ.i_notEmpty
    Reset 2 (core_headHidden_localReset_leaf.rst):
      core_headHidden_inputQ.enq core_headHidden_inputQ.i_notFull
  During elaboration of rule `process6' at
  "/workspace/scratch/2dc194a6b0cd/sway_observation2/hw/bsv/SwayBaseline.bsv",
  line 191, column 14.
  During elaboration of `core' at
  "/workspace/scratch/2dc194a6b0cd/sway_observation2/hw/bsv/Top.bsv", line 28,
  column 17.
  During elaboration of `mkTop' at
  "/workspace/scratch/2dc194a6b0cd/sway_observation2/hw/bsv/Top.bsv", line 22,
  column 8.
Warning: "/workspace/scratch/2dc194a6b0cd/sway_observation2/hw/bsv/SwayBaseline.bsv", line 205, column 14: (G0043)
  Multiple reset signals influence rule `core_process7'.
  This can lead to inconsistent, non-atomic results when not all of these
  signals are asserted.
  Method calls by reset:
    Reset 1 (core_headHidden_engine_localReset_leaf.rst):
      core_headHidden_engine_outputQ.deq
      core_headHidden_engine_outputQ.first
      core_headHidden_engine_outputQ.i_notEmpty
    Reset 2 (core_headOutput_localReset_leaf.rst):
      core_headOutput_inputQ.enq core_headOutput_inputQ.i_notFull
  During elaboration of rule `process7' at
  "/workspace/scratch/2dc194a6b0cd/sway_observation2/hw/bsv/SwayBaseline.bsv",
  line 205, column 14.
  During elaboration of `core' at
  "/workspace/scratch/2dc194a6b0cd/sway_observation2/hw/bsv/Top.bsv", line 28,
  column 17.
  During elaboration of `mkTop' at
  "/workspace/scratch/2dc194a6b0cd/sway_observation2/hw/bsv/Top.bsv", line 22,
  column 8.
Warning: "/workspace/scratch/2dc194a6b0cd/sway_observation2/hw/bsv/SwayBaseline.bsv", line 218, column 14: (G0043)
  Multiple reset signals influence rule `core_process8'.
  This can lead to inconsistent, non-atomic results when not all of these
  signals are asserted.
  Method calls by reset:
    Reset 1 (core_localReset_leaf.rst):
      core_outputCnt.write core_outputOn.read core_outputOn.write
    Reset 2 (core_headOutput_engine_localReset_leaf.rst):
      core_headOutput_engine_outputQ.deq
      core_headOutput_engine_outputQ.first
      core_headOutput_engine_outputQ.i_notEmpty
  During elaboration of rule `process8' at
  "/workspace/scratch/2dc194a6b0cd/sway_observation2/hw/bsv/SwayBaseline.bsv",
  line 218, column 14.
  During elaboration of `core' at
  "/workspace/scratch/2dc194a6b0cd/sway_observation2/hw/bsv/Top.bsv", line 28,
  column 17.
  During elaboration of `mkTop' at
  "/workspace/scratch/2dc194a6b0cd/sway_observation2/hw/bsv/Top.bsv", line 22,
  column 8.
Warning: "/workspace/scratch/2dc194a6b0cd/sway_observation2/hw/bsv/Top.bsv", line 40, column 14: (G0043)
  Multiple reset signals influence rule `process2'.
  This can lead to inconsistent, non-atomic results when not all of these
  signals are asserted.
  Method calls by reset:
    Reset 1 (txReset_leaf.rst):
      txQ.RDY_enq txQ.enq
    Reset 2 (core_localReset_leaf.rst):
      core_outputQ.deq core_outputQ.first core_outputQ.i_notEmpty
  During elaboration of rule `process2' at
  "/workspace/scratch/2dc194a6b0cd/sway_observation2/hw/bsv/Top.bsv", line 40,
  column 14.
  During elaboration of `mkTop' at
  "/workspace/scratch/2dc194a6b0cd/sway_observation2/hw/bsv/Top.bsv", line 22,
  column 8.
Warning: "/workspace/scratch/2dc194a6b0cd/sway_observation2/hw/bsv/Top.bsv", line 22, column 8: (G0046)
  Reset information for method `ftdi_rxd' is lost because the reset is not
  available at the module boundary.
  During elaboration of the interface method `ftdi_rxd' at
  "/workspace/scratch/2dc194a6b0cd/sway_observation2/hw/bsv/Top.bsv", line 22,
  column 8.
  During elaboration of `mkTop' at
  "/workspace/scratch/2dc194a6b0cd/sway_observation2/hw/bsv/Top.bsv", line 22,
  column 8.
Warning: "/workspace/scratch/2dc194a6b0cd/sway_observation2/hw/bsv/Top.bsv", line 22, column 8: (G0046)
  Reset information for method `ftdi_tx' is lost because the reset is not
  available at the module boundary.
  During elaboration of the interface method `ftdi_tx' at
  "/workspace/scratch/2dc194a6b0cd/sway_observation2/hw/bsv/Top.bsv", line 22,
  column 8.
  During elaboration of `mkTop' at
  "/workspace/scratch/2dc194a6b0cd/sway_observation2/hw/bsv/Top.bsv", line 22,
  column 8.
Warning: "/workspace/scratch/2dc194a6b0cd/sway_observation2/hw/bsv/Top.bsv", line 22, column 8: (G0010)
  Rule "core_embedding_engine_process2Chunk" was treated as more urgent than
  "core_embedding_engine_process2Read". Conflicts:
    "core_embedding_engine_process2Chunk" cannot fire before "core_embedding_engine_process2Read":
      calls to
	core_embedding_engine_chunkR.write vs. core_embedding_engine_chunkR.read
	core_embedding_engine_issueOn.write vs. core_embedding_engine_issueOn.read
    "core_embedding_engine_process2Read" cannot fire before "core_embedding_engine_process2Chunk":
      calls to
	core_embedding_engine_chunkCnt.write vs. core_embedding_engine_chunkCnt.read
	core_embedding_engine_chunkLoadOn.write vs. core_embedding_engine_chunkLoadOn.read
Warning: "/workspace/scratch/2dc194a6b0cd/sway_observation2/hw/bsv/Top.bsv", line 22, column 8: (G0010)
  Rule "core_embedding_engine_process1" was treated as more urgent than
  "core_embedding_engine_process3Restart". Conflicts:
    "core_embedding_engine_process1" cannot fire before "core_embedding_engine_process3Restart":
      calls to
	core_embedding_engine_groupStartQ.enq vs. core_embedding_engine_groupStartQ.enq
    "core_embedding_engine_process3Restart" cannot fire before "core_embedding_engine_process1":
      calls to
	core_embedding_engine_groupStartQ.enq vs. core_embedding_engine_groupStartQ.enq
Warning: "/workspace/scratch/2dc194a6b0cd/sway_observation2/hw/bsv/Top.bsv", line 22, column 8: (G0010)
  Rule "core_block0_inputProjection_engine_process2Chunk" was treated as more
  urgent than "core_block0_inputProjection_engine_process2Read". Conflicts:
    "core_block0_inputProjection_engine_process2Chunk" cannot fire before "core_block0_inputProjection_engine_process2Read":
      calls to
	core_block0_inputProjection_engine_chunkR.write vs. core_block0_inputProjection_engine_chunkR.read
	core_block0_inputProjection_engine_issueOn.write vs. core_block0_inputProjection_engine_issueOn.read
    "core_block0_inputProjection_engine_process2Read" cannot fire before "core_block0_inputProjection_engine_process2Chunk":
      calls to
	core_block0_inputProjection_engine_chunkCnt.write vs. core_block0_inputProjection_engine_chunkCnt.read
	core_block0_inputProjection_engine_chunkLoadOn.write vs. core_block0_inputProjection_engine_chunkLoadOn.read
Warning: "/workspace/scratch/2dc194a6b0cd/sway_observation2/hw/bsv/Top.bsv", line 22, column 8: (G0010)
  Rule "core_block0_inputProjection_engine_process1" was treated as more
  urgent than "core_block0_inputProjection_engine_process3Restart". Conflicts:
    "core_block0_inputProjection_engine_process1" cannot fire before "core_block0_inputProjection_engine_process3Restart":
      calls to
	core_block0_inputProjection_engine_groupStartQ.enq vs. core_block0_inputProjection_engine_groupStartQ.enq
    "core_block0_inputProjection_engine_process3Restart" cannot fire before "core_block0_inputProjection_engine_process1":
      calls to
	core_block0_inputProjection_engine_groupStartQ.enq vs. core_block0_inputProjection_engine_groupStartQ.enq
Warning: "/workspace/scratch/2dc194a6b0cd/sway_observation2/hw/bsv/Top.bsv", line 22, column 8: (G0010)
  Rule "core_block0_stateProjection_engine_process2Chunk" was treated as more
  urgent than "core_block0_stateProjection_engine_process2Read". Conflicts:
    "core_block0_stateProjection_engine_process2Chunk" cannot fire before "core_block0_stateProjection_engine_process2Read":
      calls to
	core_block0_stateProjection_engine_chunkR.write vs. core_block0_stateProjection_engine_chunkR.read
	core_block0_stateProjection_engine_issueOn.write vs. core_block0_stateProjection_engine_issueOn.read
    "core_block0_stateProjection_engine_process2Read" cannot fire before "core_block0_stateProjection_engine_process2Chunk":
      calls to
	core_block0_stateProjection_engine_chunkCnt.write vs. core_block0_stateProjection_engine_chunkCnt.read
	core_block0_stateProjection_engine_chunkLoadOn.write vs. core_block0_stateProjection_engine_chunkLoadOn.read
Warning: "/workspace/scratch/2dc194a6b0cd/sway_observation2/hw/bsv/Top.bsv", line 22, column 8: (G0010)
  Rule "core_block0_stateProjection_engine_process1" was treated as more
  urgent than "core_block0_stateProjection_engine_process3Restart". Conflicts:
    "core_block0_stateProjection_engine_process1" cannot fire before "core_block0_stateProjection_engine_process3Restart":
      calls to
	core_block0_stateProjection_engine_groupStartQ.enq vs. core_block0_stateProjection_engine_groupStartQ.enq
    "core_block0_stateProjection_engine_process3Restart" cannot fire before "core_block0_stateProjection_engine_process1":
      calls to
	core_block0_stateProjection_engine_groupStartQ.enq vs. core_block0_stateProjection_engine_groupStartQ.enq
Warning: "/workspace/scratch/2dc194a6b0cd/sway_observation2/hw/bsv/Top.bsv", line 22, column 8: (G0010)
  Rule "core_block0_deltaProjection_engine_process2Chunk" was treated as more
  urgent than "core_block0_deltaProjection_engine_process2Read". Conflicts:
    "core_block0_deltaProjection_engine_process2Chunk" cannot fire before "core_block0_deltaProjection_engine_process2Read":
      calls to
	core_block0_deltaProjection_engine_chunkR.write vs. core_block0_deltaProjection_engine_chunkR.read
	core_block0_deltaProjection_engine_issueOn.write vs. core_block0_deltaProjection_engine_issueOn.read
    "core_block0_deltaProjection_engine_process2Read" cannot fire before "core_block0_deltaProjection_engine_process2Chunk":
      calls to
	core_block0_deltaProjection_engine_chunkCnt.write vs. core_block0_deltaProjection_engine_chunkCnt.read
	core_block0_deltaProjection_engine_chunkLoadOn.write vs. core_block0_deltaProjection_engine_chunkLoadOn.read
Warning: "/workspace/scratch/2dc194a6b0cd/sway_observation2/hw/bsv/Top.bsv", line 22, column 8: (G0010)
  Rule "core_block0_deltaProjection_engine_process1" was treated as more
  urgent than "core_block0_deltaProjection_engine_process3Restart". Conflicts:
    "core_block0_deltaProjection_engine_process1" cannot fire before "core_block0_deltaProjection_engine_process3Restart":
      calls to
	core_block0_deltaProjection_engine_groupStartQ.enq vs. core_block0_deltaProjection_engine_groupStartQ.enq
    "core_block0_deltaProjection_engine_process3Restart" cannot fire before "core_block0_deltaProjection_engine_process1":
      calls to
	core_block0_deltaProjection_engine_groupStartQ.enq vs. core_block0_deltaProjection_engine_groupStartQ.enq
Warning: "/workspace/scratch/2dc194a6b0cd/sway_observation2/hw/bsv/Top.bsv", line 22, column 8: (G0010)
  Rule "core_block0_outputProjection_engine_process2Chunk" was treated as more
  urgent than "core_block0_outputProjection_engine_process2Read". Conflicts:
    "core_block0_outputProjection_engine_process2Chunk" cannot fire before "core_block0_outputProjection_engine_process2Read":
      calls to
	core_block0_outputProjection_engine_chunkR.write vs. core_block0_outputProjection_engine_chunkR.read
	core_block0_outputProjection_engine_issueOn.write vs. core_block0_outputProjection_engine_issueOn.read
    "core_block0_outputProjection_engine_process2Read" cannot fire before "core_block0_outputProjection_engine_process2Chunk":
      calls to
	core_block0_outputProjection_engine_chunkCnt.write vs. core_block0_outputProjection_engine_chunkCnt.read
	core_block0_outputProjection_engine_chunkLoadOn.write vs. core_block0_outputProjection_engine_chunkLoadOn.read
Warning: "/workspace/scratch/2dc194a6b0cd/sway_observation2/hw/bsv/Top.bsv", line 22, column 8: (G0010)
  Rule "core_block0_outputProjection_engine_process1" was treated as more
  urgent than
  "core_block0_outputProjection_engine_process3Restart". Conflicts:
    "core_block0_outputProjection_engine_process1" cannot fire before "core_block0_outputProjection_engine_process3Restart":
      calls to
	core_block0_outputProjection_engine_groupStartQ.enq vs. core_block0_outputProjection_engine_groupStartQ.enq
    "core_block0_outputProjection_engine_process3Restart" cannot fire before "core_block0_outputProjection_engine_process1":
      calls to
	core_block0_outputProjection_engine_groupStartQ.enq vs. core_block0_outputProjection_engine_groupStartQ.enq
Warning: "/workspace/scratch/2dc194a6b0cd/sway_observation2/hw/bsv/Top.bsv", line 22, column 8: (G0010)
  Rule "core_block1_inputProjection_engine_process2Chunk" was treated as more
  urgent than "core_block1_inputProjection_engine_process2Read". Conflicts:
    "core_block1_inputProjection_engine_process2Chunk" cannot fire before "core_block1_inputProjection_engine_process2Read":
      calls to
	core_block1_inputProjection_engine_chunkR.write vs. core_block1_inputProjection_engine_chunkR.read
	core_block1_inputProjection_engine_issueOn.write vs. core_block1_inputProjection_engine_issueOn.read
    "core_block1_inputProjection_engine_process2Read" cannot fire before "core_block1_inputProjection_engine_process2Chunk":
      calls to
	core_block1_inputProjection_engine_chunkCnt.write vs. core_block1_inputProjection_engine_chunkCnt.read
	core_block1_inputProjection_engine_chunkLoadOn.write vs. core_block1_inputProjection_engine_chunkLoadOn.read
Warning: "/workspace/scratch/2dc194a6b0cd/sway_observation2/hw/bsv/Top.bsv", line 22, column 8: (G0010)
  Rule "core_block1_inputProjection_engine_process1" was treated as more
  urgent than "core_block1_inputProjection_engine_process3Restart". Conflicts:
    "core_block1_inputProjection_engine_process1" cannot fire before "core_block1_inputProjection_engine_process3Restart":
      calls to
	core_block1_inputProjection_engine_groupStartQ.enq vs. core_block1_inputProjection_engine_groupStartQ.enq
    "core_block1_inputProjection_engine_process3Restart" cannot fire before "core_block1_inputProjection_engine_process1":
      calls to
	core_block1_inputProjection_engine_groupStartQ.enq vs. core_block1_inputProjection_engine_groupStartQ.enq
Warning: "/workspace/scratch/2dc194a6b0cd/sway_observation2/hw/bsv/Top.bsv", line 22, column 8: (G0010)
  Rule "core_block1_stateProjection_engine_process2Chunk" was treated as more
  urgent than "core_block1_stateProjection_engine_process2Read". Conflicts:
    "core_block1_stateProjection_engine_process2Chunk" cannot fire before "core_block1_stateProjection_engine_process2Read":
      calls to
	core_block1_stateProjection_engine_chunkR.write vs. core_block1_stateProjection_engine_chunkR.read
	core_block1_stateProjection_engine_issueOn.write vs. core_block1_stateProjection_engine_issueOn.read
    "core_block1_stateProjection_engine_process2Read" cannot fire before "core_block1_stateProjection_engine_process2Chunk":
      calls to
	core_block1_stateProjection_engine_chunkCnt.write vs. core_block1_stateProjection_engine_chunkCnt.read
	core_block1_stateProjection_engine_chunkLoadOn.write vs. core_block1_stateProjection_engine_chunkLoadOn.read
Warning: "/workspace/scratch/2dc194a6b0cd/sway_observation2/hw/bsv/Top.bsv", line 22, column 8: (G0010)
  Rule "core_block1_stateProjection_engine_process1" was treated as more
  urgent than "core_block1_stateProjection_engine_process3Restart". Conflicts:
    "core_block1_stateProjection_engine_process1" cannot fire before "core_block1_stateProjection_engine_process3Restart":
      calls to
	core_block1_stateProjection_engine_groupStartQ.enq vs. core_block1_stateProjection_engine_groupStartQ.enq
    "core_block1_stateProjection_engine_process3Restart" cannot fire before "core_block1_stateProjection_engine_process1":
      calls to
	core_block1_stateProjection_engine_groupStartQ.enq vs. core_block1_stateProjection_engine_groupStartQ.enq
Warning: "/workspace/scratch/2dc194a6b0cd/sway_observation2/hw/bsv/Top.bsv", line 22, column 8: (G0010)
  Rule "core_block1_deltaProjection_engine_process2Chunk" was treated as more
  urgent than "core_block1_deltaProjection_engine_process2Read". Conflicts:
    "core_block1_deltaProjection_engine_process2Chunk" cannot fire before "core_block1_deltaProjection_engine_process2Read":
      calls to
	core_block1_deltaProjection_engine_chunkR.write vs. core_block1_deltaProjection_engine_chunkR.read
	core_block1_deltaProjection_engine_issueOn.write vs. core_block1_deltaProjection_engine_issueOn.read
    "core_block1_deltaProjection_engine_process2Read" cannot fire before "core_block1_deltaProjection_engine_process2Chunk":
      calls to
	core_block1_deltaProjection_engine_chunkCnt.write vs. core_block1_deltaProjection_engine_chunkCnt.read
	core_block1_deltaProjection_engine_chunkLoadOn.write vs. core_block1_deltaProjection_engine_chunkLoadOn.read
Warning: "/workspace/scratch/2dc194a6b0cd/sway_observation2/hw/bsv/Top.bsv", line 22, column 8: (G0010)
  Rule "core_block1_deltaProjection_engine_process1" was treated as more
  urgent than "core_block1_deltaProjection_engine_process3Restart". Conflicts:
    "core_block1_deltaProjection_engine_process1" cannot fire before "core_block1_deltaProjection_engine_process3Restart":
      calls to
	core_block1_deltaProjection_engine_groupStartQ.enq vs. core_block1_deltaProjection_engine_groupStartQ.enq
    "core_block1_deltaProjection_engine_process3Restart" cannot fire before "core_block1_deltaProjection_engine_process1":
      calls to
	core_block1_deltaProjection_engine_groupStartQ.enq vs. core_block1_deltaProjection_engine_groupStartQ.enq
Warning: "/workspace/scratch/2dc194a6b0cd/sway_observation2/hw/bsv/Top.bsv", line 22, column 8: (G0010)
  Rule "core_block1_outputProjection_engine_process2Chunk" was treated as more
  urgent than "core_block1_outputProjection_engine_process2Read". Conflicts:
    "core_block1_outputProjection_engine_process2Chunk" cannot fire before "core_block1_outputProjection_engine_process2Read":
      calls to
	core_block1_outputProjection_engine_chunkR.write vs. core_block1_outputProjection_engine_chunkR.read
	core_block1_outputProjection_engine_issueOn.write vs. core_block1_outputProjection_engine_issueOn.read
    "core_block1_outputProjection_engine_process2Read" cannot fire before "core_block1_outputProjection_engine_process2Chunk":
      calls to
	core_block1_outputProjection_engine_chunkCnt.write vs. core_block1_outputProjection_engine_chunkCnt.read
	core_block1_outputProjection_engine_chunkLoadOn.write vs. core_block1_outputProjection_engine_chunkLoadOn.read
Warning: "/workspace/scratch/2dc194a6b0cd/sway_observation2/hw/bsv/Top.bsv", line 22, column 8: (G0010)
  Rule "core_block1_outputProjection_engine_process1" was treated as more
  urgent than
  "core_block1_outputProjection_engine_process3Restart". Conflicts:
    "core_block1_outputProjection_engine_process1" cannot fire before "core_block1_outputProjection_engine_process3Restart":
      calls to
	core_block1_outputProjection_engine_groupStartQ.enq vs. core_block1_outputProjection_engine_groupStartQ.enq
    "core_block1_outputProjection_engine_process3Restart" cannot fire before "core_block1_outputProjection_engine_process1":
      calls to
	core_block1_outputProjection_engine_groupStartQ.enq vs. core_block1_outputProjection_engine_groupStartQ.enq
Warning: "/workspace/scratch/2dc194a6b0cd/sway_observation2/hw/bsv/Top.bsv", line 22, column 8: (G0010)
  Rule "core_headHidden_process1" was treated as more urgent than
  "core_headHidden_process4Publish". Conflicts:
    "core_headHidden_process1" cannot fire before "core_headHidden_process4Publish":
      calls to
	core_headHidden_writeBankR.write vs. core_headHidden_writeBankR.read
    "core_headHidden_process4Publish" cannot fire before "core_headHidden_process1":
      calls to
	core_headHidden_fillingOn.write vs. core_headHidden_fillingOn.read
Warning: "/workspace/scratch/2dc194a6b0cd/sway_observation2/hw/bsv/Top.bsv", line 22, column 8: (G0010)
  Rule "core_headHidden_engine_process2Chunk" was treated as more urgent than
  "core_headHidden_engine_process2Read". Conflicts:
    "core_headHidden_engine_process2Chunk" cannot fire before "core_headHidden_engine_process2Read":
      calls to
	core_headHidden_engine_chunkR.write vs. core_headHidden_engine_chunkR.read
	core_headHidden_engine_issueOn.write vs. core_headHidden_engine_issueOn.read
    "core_headHidden_engine_process2Read" cannot fire before "core_headHidden_engine_process2Chunk":
      calls to
	core_headHidden_engine_chunkCnt.write vs. core_headHidden_engine_chunkCnt.read
	core_headHidden_engine_chunkLoadOn.write vs. core_headHidden_engine_chunkLoadOn.read
Warning: "/workspace/scratch/2dc194a6b0cd/sway_observation2/hw/bsv/Top.bsv", line 22, column 8: (G0010)
  Rule "core_headHidden_engine_process1" was treated as more urgent than
  "core_headHidden_engine_process3Restart". Conflicts:
    "core_headHidden_engine_process1" cannot fire before "core_headHidden_engine_process3Restart":
      calls to
	core_headHidden_engine_groupStartQ.enq vs. core_headHidden_engine_groupStartQ.enq
    "core_headHidden_engine_process3Restart" cannot fire before "core_headHidden_engine_process1":
      calls to
	core_headHidden_engine_groupStartQ.enq vs. core_headHidden_engine_groupStartQ.enq
Warning: "/workspace/scratch/2dc194a6b0cd/sway_observation2/hw/bsv/Top.bsv", line 22, column 8: (G0010)
  Rule "core_headOutput_engine_process2Chunk" was treated as more urgent than
  "core_headOutput_engine_process2Read". Conflicts:
    "core_headOutput_engine_process2Chunk" cannot fire before "core_headOutput_engine_process2Read":
      calls to
	core_headOutput_engine_chunkR.write vs. core_headOutput_engine_chunkR.read
	core_headOutput_engine_issueOn.write vs. core_headOutput_engine_issueOn.read
    "core_headOutput_engine_process2Read" cannot fire before "core_headOutput_engine_process2Chunk":
      calls to
	core_headOutput_engine_chunkCnt.write vs. core_headOutput_engine_chunkCnt.read
	core_headOutput_engine_chunkLoadOn.write vs. core_headOutput_engine_chunkLoadOn.read
Warning: "/workspace/scratch/2dc194a6b0cd/sway_observation2/hw/bsv/Top.bsv", line 22, column 8: (G0010)
  Rule "core_headOutput_engine_process1" was treated as more urgent than
  "core_headOutput_engine_process3Restart". Conflicts:
    "core_headOutput_engine_process1" cannot fire before "core_headOutput_engine_process3Restart":
      calls to
	core_headOutput_engine_groupStartQ.enq vs. core_headOutput_engine_groupStartQ.enq
    "core_headOutput_engine_process3Restart" cannot fire before "core_headOutput_engine_process1":
      calls to
	core_headOutput_engine_groupStartQ.enq vs. core_headOutput_engine_groupStartQ.enq
Warning: "/workspace/scratch/2dc194a6b0cd/sway_observation2/hw/bsv/Top.bsv", line 22, column 8: (G0117)
  Rule `core_headOutput_engine_process1' shadows the effects of
  `core_headOutput_engine_process8Emit' when they execute in the same clock
  cycle. Affected method calls:
    core_headOutput_engine_activeOn.write
  To silence this warning, use the `-no-warn-action-shadowing' flag.
Warning: "/workspace/scratch/2dc194a6b0cd/sway_observation2/hw/bsv/Top.bsv", line 22, column 8: (G0117)
  Rule `core_headOutput_engine_process1' shadows the effects of
  `core_headOutput_engine_process3' when they execute in the same clock cycle.
  Affected method calls:
    core_headOutput_engine_sumR.write
  To silence this warning, use the `-no-warn-action-shadowing' flag.
Warning: "/workspace/scratch/2dc194a6b0cd/sway_observation2/hw/bsv/Top.bsv", line 22, column 8: (G0117)
  Rule `core_headOutput_engine_process1' shadows the effects of
  `core_headOutput_engine_process2Read' when they execute in the same clock
  cycle. Affected method calls:
    core_headOutput_engine_addressCnt.write
  To silence this warning, use the `-no-warn-action-shadowing' flag.
Warning: "/workspace/scratch/2dc194a6b0cd/sway_observation2/hw/bsv/Top.bsv", line 22, column 8: (G0117)
  Rule `core_headOutput_engine_process1Group' shadows the effects of
  `core_headOutput_engine_process2Read' when they execute in the same clock
  cycle. Affected method calls:
    core_headOutput_engine_inputCnt.write,
    core_headOutput_engine_chunkCnt.write
  To silence this warning, use the `-no-warn-action-shadowing' flag.
Warning: "/workspace/scratch/2dc194a6b0cd/sway_observation2/hw/bsv/Top.bsv", line 22, column 8: (G0117)
  Rule `core_headOutput_engine_process1Group' shadows the effects of
  `core_headOutput_engine_process2Chunk' when they execute in the same clock
  cycle. Affected method calls:
    core_headOutput_engine_chunkLoadOn.write
  To silence this warning, use the `-no-warn-action-shadowing' flag.
Warning: "/workspace/scratch/2dc194a6b0cd/sway_observation2/hw/bsv/Top.bsv", line 22, column 8: (G0117)
  Rule `core_headHidden_engine_process1' shadows the effects of
  `core_headHidden_engine_process8Emit' when they execute in the same clock
  cycle. Affected method calls:
    core_headHidden_engine_activeOn.write
  To silence this warning, use the `-no-warn-action-shadowing' flag.
Warning: "/workspace/scratch/2dc194a6b0cd/sway_observation2/hw/bsv/Top.bsv", line 22, column 8: (G0117)
  Rule `core_headHidden_engine_process1' shadows the effects of
  `core_headHidden_engine_process3' when they execute in the same clock cycle.
  Affected method calls:
    core_headHidden_engine_sumR.write
  To silence this warning, use the `-no-warn-action-shadowing' flag.
Warning: "/workspace/scratch/2dc194a6b0cd/sway_observation2/hw/bsv/Top.bsv", line 22, column 8: (G0117)
  Rule `core_headHidden_engine_process1' shadows the effects of
  `core_headHidden_engine_process2Read' when they execute in the same clock
  cycle. Affected method calls:
    core_headHidden_engine_addressCnt.write
  To silence this warning, use the `-no-warn-action-shadowing' flag.
Warning: "/workspace/scratch/2dc194a6b0cd/sway_observation2/hw/bsv/Top.bsv", line 22, column 8: (G0117)
  Rule `core_headHidden_engine_process1Group' shadows the effects of
  `core_headHidden_engine_process2Read' when they execute in the same clock
  cycle. Affected method calls:
    core_headHidden_engine_inputCnt.write,
    core_headHidden_engine_chunkCnt.write
  To silence this warning, use the `-no-warn-action-shadowing' flag.
Warning: "/workspace/scratch/2dc194a6b0cd/sway_observation2/hw/bsv/Top.bsv", line 22, column 8: (G0117)
  Rule `core_headHidden_engine_process1Group' shadows the effects of
  `core_headHidden_engine_process2Chunk' when they execute in the same clock
  cycle. Affected method calls:
    core_headHidden_engine_chunkLoadOn.write
  To silence this warning, use the `-no-warn-action-shadowing' flag.
Warning: "/workspace/scratch/2dc194a6b0cd/sway_observation2/hw/bsv/Top.bsv", line 22, column 8: (G0117)
  Rule `core_headHidden_process3Write' shadows the effects of
  `core_headHidden_process4Publish' when they execute in the same clock cycle.
  Affected method calls:
    core_headHidden_committedOn.write
  To silence this warning, use the `-no-warn-action-shadowing' flag.
Warning: "/workspace/scratch/2dc194a6b0cd/sway_observation2/hw/bsv/Top.bsv", line 22, column 8: (G0117)
  Rule `core_block1_outputProjection_engine_process1' shadows the effects of
  `core_block1_outputProjection_engine_process8Emit' when they execute in the
  same clock cycle. Affected method calls:
    core_block1_outputProjection_engine_activeOn.write
  To silence this warning, use the `-no-warn-action-shadowing' flag.
Warning: "/workspace/scratch/2dc194a6b0cd/sway_observation2/hw/bsv/Top.bsv", line 22, column 8: (G0117)
  Rule `core_block1_outputProjection_engine_process1' shadows the effects of
  `core_block1_outputProjection_engine_process3' when they execute in the same
  clock cycle. Affected method calls:
    core_block1_outputProjection_engine_sumR.write
  To silence this warning, use the `-no-warn-action-shadowing' flag.
Warning: "/workspace/scratch/2dc194a6b0cd/sway_observation2/hw/bsv/Top.bsv", line 22, column 8: (G0117)
  Rule `core_block1_outputProjection_engine_process1' shadows the effects of
  `core_block1_outputProjection_engine_process2Read' when they execute in the
  same clock cycle. Affected method calls:
    core_block1_outputProjection_engine_addressCnt.write
  To silence this warning, use the `-no-warn-action-shadowing' flag.
Warning: "/workspace/scratch/2dc194a6b0cd/sway_observation2/hw/bsv/Top.bsv", line 22, column 8: (G0117)
  Rule `core_block1_outputProjection_engine_process1Group' shadows the effects
  of `core_block1_outputProjection_engine_process2Read' when they execute in
  the same clock cycle. Affected method calls:
    core_block1_outputProjection_engine_inputCnt.write,
    core_block1_outputProjection_engine_chunkCnt.write
  To silence this warning, use the `-no-warn-action-shadowing' flag.
Warning: "/workspace/scratch/2dc194a6b0cd/sway_observation2/hw/bsv/Top.bsv", line 22, column 8: (G0117)
  Rule `core_block1_outputProjection_engine_process1Group' shadows the effects
  of `core_block1_outputProjection_engine_process2Chunk' when they execute in
  the same clock cycle. Affected method calls:
    core_block1_outputProjection_engine_chunkLoadOn.write
  To silence this warning, use the `-no-warn-action-shadowing' flag.
Warning: "/workspace/scratch/2dc194a6b0cd/sway_observation2/hw/bsv/Top.bsv", line 22, column 8: (G0117)
  Rule `core_block1_deltaProjection_engine_process1' shadows the effects of
  `core_block1_deltaProjection_engine_process8Emit' when they execute in the
  same clock cycle. Affected method calls:
    core_block1_deltaProjection_engine_activeOn.write
  To silence this warning, use the `-no-warn-action-shadowing' flag.
Warning: "/workspace/scratch/2dc194a6b0cd/sway_observation2/hw/bsv/Top.bsv", line 22, column 8: (G0117)
  Rule `core_block1_deltaProjection_engine_process1' shadows the effects of
  `core_block1_deltaProjection_engine_process3' when they execute in the same
  clock cycle. Affected method calls:
    core_block1_deltaProjection_engine_sumR.write
  To silence this warning, use the `-no-warn-action-shadowing' flag.
Warning: "/workspace/scratch/2dc194a6b0cd/sway_observation2/hw/bsv/Top.bsv", line 22, column 8: (G0117)
  Rule `core_block1_deltaProjection_engine_process1' shadows the effects of
  `core_block1_deltaProjection_engine_process2Read' when they execute in the
  same clock cycle. Affected method calls:
    core_block1_deltaProjection_engine_addressCnt.write
  To silence this warning, use the `-no-warn-action-shadowing' flag.
Warning: "/workspace/scratch/2dc194a6b0cd/sway_observation2/hw/bsv/Top.bsv", line 22, column 8: (G0117)
  Rule `core_block1_deltaProjection_engine_process1Group' shadows the effects
  of `core_block1_deltaProjection_engine_process2Read' when they execute in
  the same clock cycle. Affected method calls:
    core_block1_deltaProjection_engine_inputCnt.write,
    core_block1_deltaProjection_engine_chunkCnt.write
  To silence this warning, use the `-no-warn-action-shadowing' flag.
Warning: "/workspace/scratch/2dc194a6b0cd/sway_observation2/hw/bsv/Top.bsv", line 22, column 8: (G0117)
  Rule `core_block1_deltaProjection_engine_process1Group' shadows the effects
  of `core_block1_deltaProjection_engine_process2Chunk' when they execute in
  the same clock cycle. Affected method calls:
    core_block1_deltaProjection_engine_chunkLoadOn.write
  To silence this warning, use the `-no-warn-action-shadowing' flag.
Warning: "/workspace/scratch/2dc194a6b0cd/sway_observation2/hw/bsv/Top.bsv", line 22, column 8: (G0117)
  Rule `core_block1_stateProjection_engine_process1' shadows the effects of
  `core_block1_stateProjection_engine_process8Emit' when they execute in the
  same clock cycle. Affected method calls:
    core_block1_stateProjection_engine_activeOn.write
  To silence this warning, use the `-no-warn-action-shadowing' flag.
Warning: "/workspace/scratch/2dc194a6b0cd/sway_observation2/hw/bsv/Top.bsv", line 22, column 8: (G0117)
  Rule `core_block1_stateProjection_engine_process1' shadows the effects of
  `core_block1_stateProjection_engine_process3' when they execute in the same
  clock cycle. Affected method calls:
    core_block1_stateProjection_engine_sumR.write
  To silence this warning, use the `-no-warn-action-shadowing' flag.
Warning: "/workspace/scratch/2dc194a6b0cd/sway_observation2/hw/bsv/Top.bsv", line 22, column 8: (G0117)
  Rule `core_block1_stateProjection_engine_process1' shadows the effects of
  `core_block1_stateProjection_engine_process2Read' when they execute in the
  same clock cycle. Affected method calls:
    core_block1_stateProjection_engine_addressCnt.write
  To silence this warning, use the `-no-warn-action-shadowing' flag.
Warning: "/workspace/scratch/2dc194a6b0cd/sway_observation2/hw/bsv/Top.bsv", line 22, column 8: (G0117)
  Rule `core_block1_stateProjection_engine_process1Group' shadows the effects
  of `core_block1_stateProjection_engine_process2Read' when they execute in
  the same clock cycle. Affected method calls:
    core_block1_stateProjection_engine_inputCnt.write,
    core_block1_stateProjection_engine_chunkCnt.write
  To silence this warning, use the `-no-warn-action-shadowing' flag.
Warning: "/workspace/scratch/2dc194a6b0cd/sway_observation2/hw/bsv/Top.bsv", line 22, column 8: (G0117)
  Rule `core_block1_stateProjection_engine_process1Group' shadows the effects
  of `core_block1_stateProjection_engine_process2Chunk' when they execute in
  the same clock cycle. Affected method calls:
    core_block1_stateProjection_engine_chunkLoadOn.write
  To silence this warning, use the `-no-warn-action-shadowing' flag.
Warning: "/workspace/scratch/2dc194a6b0cd/sway_observation2/hw/bsv/Top.bsv", line 22, column 8: (G0117)
  Rule `core_block1_inputProjection_engine_process1' shadows the effects of
  `core_block1_inputProjection_engine_process8Emit' when they execute in the
  same clock cycle. Affected method calls:
    core_block1_inputProjection_engine_activeOn.write
  To silence this warning, use the `-no-warn-action-shadowing' flag.
Warning: "/workspace/scratch/2dc194a6b0cd/sway_observation2/hw/bsv/Top.bsv", line 22, column 8: (G0117)
  Rule `core_block1_inputProjection_engine_process1' shadows the effects of
  `core_block1_inputProjection_engine_process3' when they execute in the same
  clock cycle. Affected method calls:
    core_block1_inputProjection_engine_sumR.write
  To silence this warning, use the `-no-warn-action-shadowing' flag.
Warning: "/workspace/scratch/2dc194a6b0cd/sway_observation2/hw/bsv/Top.bsv", line 22, column 8: (G0117)
  Rule `core_block1_inputProjection_engine_process1' shadows the effects of
  `core_block1_inputProjection_engine_process2Read' when they execute in the
  same clock cycle. Affected method calls:
    core_block1_inputProjection_engine_addressCnt.write
  To silence this warning, use the `-no-warn-action-shadowing' flag.
Warning: "/workspace/scratch/2dc194a6b0cd/sway_observation2/hw/bsv/Top.bsv", line 22, column 8: (G0117)
  Rule `core_block1_inputProjection_engine_process1Group' shadows the effects
  of `core_block1_inputProjection_engine_process2Read' when they execute in
  the same clock cycle. Affected method calls:
    core_block1_inputProjection_engine_inputCnt.write,
    core_block1_inputProjection_engine_chunkCnt.write
  To silence this warning, use the `-no-warn-action-shadowing' flag.
Warning: "/workspace/scratch/2dc194a6b0cd/sway_observation2/hw/bsv/Top.bsv", line 22, column 8: (G0117)
  Rule `core_block1_inputProjection_engine_process1Group' shadows the effects
  of `core_block1_inputProjection_engine_process2Chunk' when they execute in
  the same clock cycle. Affected method calls:
    core_block1_inputProjection_engine_chunkLoadOn.write
  To silence this warning, use the `-no-warn-action-shadowing' flag.
Warning: "/workspace/scratch/2dc194a6b0cd/sway_observation2/hw/bsv/Top.bsv", line 22, column 8: (G0117)
  Rule `core_block0_outputProjection_engine_process1' shadows the effects of
  `core_block0_outputProjection_engine_process8Emit' when they execute in the
  same clock cycle. Affected method calls:
    core_block0_outputProjection_engine_activeOn.write
  To silence this warning, use the `-no-warn-action-shadowing' flag.
Warning: "/workspace/scratch/2dc194a6b0cd/sway_observation2/hw/bsv/Top.bsv", line 22, column 8: (G0117)
  Rule `core_block0_outputProjection_engine_process1' shadows the effects of
  `core_block0_outputProjection_engine_process3' when they execute in the same
  clock cycle. Affected method calls:
    core_block0_outputProjection_engine_sumR.write
  To silence this warning, use the `-no-warn-action-shadowing' flag.
Warning: "/workspace/scratch/2dc194a6b0cd/sway_observation2/hw/bsv/Top.bsv", line 22, column 8: (G0117)
  Rule `core_block0_outputProjection_engine_process1' shadows the effects of
  `core_block0_outputProjection_engine_process2Read' when they execute in the
  same clock cycle. Affected method calls:
    core_block0_outputProjection_engine_addressCnt.write
  To silence this warning, use the `-no-warn-action-shadowing' flag.
Warning: "/workspace/scratch/2dc194a6b0cd/sway_observation2/hw/bsv/Top.bsv", line 22, column 8: (G0117)
  Rule `core_block0_outputProjection_engine_process1Group' shadows the effects
  of `core_block0_outputProjection_engine_process2Read' when they execute in
  the same clock cycle. Affected method calls:
    core_block0_outputProjection_engine_inputCnt.write,
    core_block0_outputProjection_engine_chunkCnt.write
  To silence this warning, use the `-no-warn-action-shadowing' flag.
Warning: "/workspace/scratch/2dc194a6b0cd/sway_observation2/hw/bsv/Top.bsv", line 22, column 8: (G0117)
  Rule `core_block0_outputProjection_engine_process1Group' shadows the effects
  of `core_block0_outputProjection_engine_process2Chunk' when they execute in
  the same clock cycle. Affected method calls:
    core_block0_outputProjection_engine_chunkLoadOn.write
  To silence this warning, use the `-no-warn-action-shadowing' flag.
Warning: "/workspace/scratch/2dc194a6b0cd/sway_observation2/hw/bsv/Top.bsv", line 22, column 8: (G0117)
  Rule `core_block0_deltaProjection_engine_process1' shadows the effects of
  `core_block0_deltaProjection_engine_process8Emit' when they execute in the
  same clock cycle. Affected method calls:
    core_block0_deltaProjection_engine_activeOn.write
  To silence this warning, use the `-no-warn-action-shadowing' flag.
Warning: "/workspace/scratch/2dc194a6b0cd/sway_observation2/hw/bsv/Top.bsv", line 22, column 8: (G0117)
  Rule `core_block0_deltaProjection_engine_process1' shadows the effects of
  `core_block0_deltaProjection_engine_process3' when they execute in the same
  clock cycle. Affected method calls:
    core_block0_deltaProjection_engine_sumR.write
  To silence this warning, use the `-no-warn-action-shadowing' flag.
Warning: "/workspace/scratch/2dc194a6b0cd/sway_observation2/hw/bsv/Top.bsv", line 22, column 8: (G0117)
  Rule `core_block0_deltaProjection_engine_process1' shadows the effects of
  `core_block0_deltaProjection_engine_process2Read' when they execute in the
  same clock cycle. Affected method calls:
    core_block0_deltaProjection_engine_addressCnt.write
  To silence this warning, use the `-no-warn-action-shadowing' flag.
Warning: "/workspace/scratch/2dc194a6b0cd/sway_observation2/hw/bsv/Top.bsv", line 22, column 8: (G0117)
  Rule `core_block0_deltaProjection_engine_process1Group' shadows the effects
  of `core_block0_deltaProjection_engine_process2Read' when they execute in
  the same clock cycle. Affected method calls:
    core_block0_deltaProjection_engine_inputCnt.write,
    core_block0_deltaProjection_engine_chunkCnt.write
  To silence this warning, use the `-no-warn-action-shadowing' flag.
Warning: "/workspace/scratch/2dc194a6b0cd/sway_observation2/hw/bsv/Top.bsv", line 22, column 8: (G0117)
  Rule `core_block0_deltaProjection_engine_process1Group' shadows the effects
  of `core_block0_deltaProjection_engine_process2Chunk' when they execute in
  the same clock cycle. Affected method calls:
    core_block0_deltaProjection_engine_chunkLoadOn.write
  To silence this warning, use the `-no-warn-action-shadowing' flag.
Warning: "/workspace/scratch/2dc194a6b0cd/sway_observation2/hw/bsv/Top.bsv", line 22, column 8: (G0117)
  Rule `core_block0_stateProjection_engine_process1' shadows the effects of
  `core_block0_stateProjection_engine_process8Emit' when they execute in the
  same clock cycle. Affected method calls:
    core_block0_stateProjection_engine_activeOn.write
  To silence this warning, use the `-no-warn-action-shadowing' flag.
Warning: "/workspace/scratch/2dc194a6b0cd/sway_observation2/hw/bsv/Top.bsv", line 22, column 8: (G0117)
  Rule `core_block0_stateProjection_engine_process1' shadows the effects of
  `core_block0_stateProjection_engine_process3' when they execute in the same
  clock cycle. Affected method calls:
    core_block0_stateProjection_engine_sumR.write
  To silence this warning, use the `-no-warn-action-shadowing' flag.
Warning: "/workspace/scratch/2dc194a6b0cd/sway_observation2/hw/bsv/Top.bsv", line 22, column 8: (G0117)
  Rule `core_block0_stateProjection_engine_process1' shadows the effects of
  `core_block0_stateProjection_engine_process2Read' when they execute in the
  same clock cycle. Affected method calls:
    core_block0_stateProjection_engine_addressCnt.write
  To silence this warning, use the `-no-warn-action-shadowing' flag.
Warning: "/workspace/scratch/2dc194a6b0cd/sway_observation2/hw/bsv/Top.bsv", line 22, column 8: (G0117)
  Rule `core_block0_stateProjection_engine_process1Group' shadows the effects
  of `core_block0_stateProjection_engine_process2Read' when they execute in
  the same clock cycle. Affected method calls:
    core_block0_stateProjection_engine_inputCnt.write,
    core_block0_stateProjection_engine_chunkCnt.write
  To silence this warning, use the `-no-warn-action-shadowing' flag.
Warning: "/workspace/scratch/2dc194a6b0cd/sway_observation2/hw/bsv/Top.bsv", line 22, column 8: (G0117)
  Rule `core_block0_stateProjection_engine_process1Group' shadows the effects
  of `core_block0_stateProjection_engine_process2Chunk' when they execute in
  the same clock cycle. Affected method calls:
    core_block0_stateProjection_engine_chunkLoadOn.write
  To silence this warning, use the `-no-warn-action-shadowing' flag.
Warning: "/workspace/scratch/2dc194a6b0cd/sway_observation2/hw/bsv/Top.bsv", line 22, column 8: (G0117)
  Rule `core_block0_inputProjection_engine_process1' shadows the effects of
  `core_block0_inputProjection_engine_process8Emit' when they execute in the
  same clock cycle. Affected method calls:
    core_block0_inputProjection_engine_activeOn.write
  To silence this warning, use the `-no-warn-action-shadowing' flag.
Warning: "/workspace/scratch/2dc194a6b0cd/sway_observation2/hw/bsv/Top.bsv", line 22, column 8: (G0117)
  Rule `core_block0_inputProjection_engine_process1' shadows the effects of
  `core_block0_inputProjection_engine_process3' when they execute in the same
  clock cycle. Affected method calls:
    core_block0_inputProjection_engine_sumR.write
  To silence this warning, use the `-no-warn-action-shadowing' flag.
Warning: "/workspace/scratch/2dc194a6b0cd/sway_observation2/hw/bsv/Top.bsv", line 22, column 8: (G0117)
  Rule `core_block0_inputProjection_engine_process1' shadows the effects of
  `core_block0_inputProjection_engine_process2Read' when they execute in the
  same clock cycle. Affected method calls:
    core_block0_inputProjection_engine_addressCnt.write
  To silence this warning, use the `-no-warn-action-shadowing' flag.
Warning: "/workspace/scratch/2dc194a6b0cd/sway_observation2/hw/bsv/Top.bsv", line 22, column 8: (G0117)
  Rule `core_block0_inputProjection_engine_process1Group' shadows the effects
  of `core_block0_inputProjection_engine_process2Read' when they execute in
  the same clock cycle. Affected method calls:
    core_block0_inputProjection_engine_inputCnt.write,
    core_block0_inputProjection_engine_chunkCnt.write
  To silence this warning, use the `-no-warn-action-shadowing' flag.
Warning: "/workspace/scratch/2dc194a6b0cd/sway_observation2/hw/bsv/Top.bsv", line 22, column 8: (G0117)
  Rule `core_block0_inputProjection_engine_process1Group' shadows the effects
  of `core_block0_inputProjection_engine_process2Chunk' when they execute in
  the same clock cycle. Affected method calls:
    core_block0_inputProjection_engine_chunkLoadOn.write
  To silence this warning, use the `-no-warn-action-shadowing' flag.
Warning: "/workspace/scratch/2dc194a6b0cd/sway_observation2/hw/bsv/Top.bsv", line 22, column 8: (G0117)
  Rule `core_embedding_engine_process1' shadows the effects of
  `core_embedding_engine_process8Emit' when they execute in the same clock
  cycle. Affected method calls:
    core_embedding_engine_activeOn.write
  To silence this warning, use the `-no-warn-action-shadowing' flag.
Warning: "/workspace/scratch/2dc194a6b0cd/sway_observation2/hw/bsv/Top.bsv", line 22, column 8: (G0117)
  Rule `core_embedding_engine_process1' shadows the effects of
  `core_embedding_engine_process3' when they execute in the same clock cycle.
  Affected method calls:
    core_embedding_engine_sumR.write
  To silence this warning, use the `-no-warn-action-shadowing' flag.
Warning: "/workspace/scratch/2dc194a6b0cd/sway_observation2/hw/bsv/Top.bsv", line 22, column 8: (G0117)
  Rule `core_embedding_engine_process1' shadows the effects of
  `core_embedding_engine_process2Read' when they execute in the same clock
  cycle. Affected method calls:
    core_embedding_engine_addressCnt.write
  To silence this warning, use the `-no-warn-action-shadowing' flag.
Warning: "/workspace/scratch/2dc194a6b0cd/sway_observation2/hw/bsv/Top.bsv", line 22, column 8: (G0117)
  Rule `core_embedding_engine_process1Group' shadows the effects of
  `core_embedding_engine_process2Read' when they execute in the same clock
  cycle. Affected method calls:
    core_embedding_engine_inputCnt.write, core_embedding_engine_chunkCnt.write
  To silence this warning, use the `-no-warn-action-shadowing' flag.
Warning: "/workspace/scratch/2dc194a6b0cd/sway_observation2/hw/bsv/Top.bsv", line 22, column 8: (G0117)
  Rule `core_embedding_engine_process1Group' shadows the effects of
  `core_embedding_engine_process2Chunk' when they execute in the same clock
  cycle. Affected method calls:
    core_embedding_engine_chunkLoadOn.write
  To silence this warning, use the `-no-warn-action-shadowing' flag.
Schedule dump file created: /workspace/scratch/2dc194a6b0cd/sway_observation2/hw/observation2-build/B1/physical/mkTop.sched
Verilog file created: /workspace/scratch/2dc194a6b0cd/sway_observation2/hw/observation2-build/B1/physical/mkTop.v
All packages are up to date.
cp /workspace/scratch/dc01b9aab8c7/blueyosys/boards/ulx3s/constraints/ulx3s.lpf /workspace/scratch/2dc194a6b0cd/sway_observation2/hw/observation2-build/B1/physical/
make: Leaving directory '/workspace/scratch/2dc194a6b0cd/sway_observation2/hw'
