stage,frame,token,input_cycle,output_cycle,elapsed_cycles
block_input_queue,0,0,601,602,1
block_input_queue,0,1,853,1007,154
block_input_queue,0,2,1105,1412,307
block_input_queue,0,3,1413,1817,404
block_input_queue,0,4,1818,3116,1298
block_input_queue,0,5,3117,3743,626
block_input_queue,0,6,3744,4370,626
block_input_queue,0,7,4371,4997,626
block_input_queue,0,8,4998,5630,632
block_input_queue,0,9,5631,6257,626
block_input_queue,0,10,6258,6884,626
block_input_queue,0,11,6885,7511,626
block_input_queue,0,12,7512,8144,632
block_input_queue,0,13,8145,8771,626
block_input_queue,0,14,8772,9398,626
block_input_queue,0,15,9399,10025,626
block_input_queue,1,0,10026,10658,632
block_input_queue,1,1,10659,11285,626
block_input_queue,1,2,11286,11912,626
block_input_queue,1,3,11913,12539,626
block_input_queue,1,4,12540,13172,632
block_input_queue,1,5,13173,13799,626
block_input_queue,1,6,13800,14426,626
block_input_queue,1,7,14427,15053,626
block_input_queue,1,8,15054,15686,632
block_input_queue,1,9,15687,16313,626
block_input_queue,1,10,16314,16940,626
block_input_queue,1,11,16941,17567,626
block_input_queue,1,12,17568,18200,632
block_input_queue,1,13,18201,18827,626
block_input_queue,1,14,18828,19454,626
block_input_queue,1,15,19455,20081,626
block_input_queue,2,0,20082,20714,632
block_input_queue,2,1,20715,21341,626
block_input_queue,2,2,21342,21968,626
block_input_queue,2,3,21969,22595,626
block_input_queue,2,4,22596,23228,632
block_input_queue,2,5,23229,23855,626
block_input_queue,2,6,23856,24482,626
block_input_queue,2,7,24483,25109,626
block_input_queue,2,8,25110,25742,632
block_input_queue,2,9,25743,26369,626
block_input_queue,2,10,26370,26996,626
block_input_queue,2,11,26997,27623,626
block_input_queue,2,12,27624,28256,632
block_input_queue,2,13,28257,28883,626
block_input_queue,2,14,28884,29510,626
block_input_queue,2,15,29511,30137,626
block_input_queue,3,0,30138,30770,632
block_input_queue,3,1,30771,31397,626
block_input_queue,3,2,31398,32024,626
block_input_queue,3,3,32025,32651,626
block_input_queue,3,4,32652,33284,632
block_input_queue,3,5,33285,33911,626
block_input_queue,3,6,33912,34538,626
block_input_queue,3,7,34539,35165,626
block_input_queue,3,8,35166,35798,632
block_input_queue,3,9,35799,36425,626
block_input_queue,3,10,36426,37052,626
block_input_queue,3,11,37053,37679,626
block_input_queue,3,12,37680,38312,632
block_input_queue,3,13,38313,38939,626
block_input_queue,3,14,38940,39566,626
block_input_queue,3,15,39567,40193,626
block_input_queue,4,0,40194,40826,632
block_input_queue,4,1,40827,41453,626
block_input_queue,4,2,41454,42080,626
block_input_queue,4,3,42081,42707,626
block_input_queue,4,4,42708,43340,632
block_input_queue,4,5,43341,43967,626
block_input_queue,4,6,43968,44594,626
block_input_queue,4,7,44595,45221,626
block_input_queue,4,8,45222,45854,632
block_input_queue,4,9,45855,46481,626
block_input_queue,4,10,46482,47108,626
block_input_queue,4,11,47109,47735,626
block_input_queue,4,12,47736,48368,632
block_input_queue,4,13,48369,48995,626
block_input_queue,4,14,48996,49622,626
block_input_queue,4,15,49623,50249,626
block_input_queue,5,0,50250,50882,632
block_input_queue,5,1,50883,51509,626
block_input_queue,5,2,51510,52136,626
block_input_queue,5,3,52137,52763,626
block_input_queue,5,4,52764,53396,632
block_input_queue,5,5,53397,54023,626
block_input_queue,5,6,54024,54650,626
block_input_queue,5,7,54651,55277,626
block_input_queue,5,8,55278,55910,632
block_input_queue,5,9,55911,56537,626
block_input_queue,5,10,56538,57164,626
block_input_queue,5,11,57165,57791,626
block_input_queue,5,12,57792,58424,632
block_input_queue,5,13,58425,59051,626
block_input_queue,5,14,59052,59678,626
block_input_queue,5,15,59679,60305,626
block_input_queue,6,0,60306,60938,632
block_input_queue,6,1,60939,61565,626
block_input_queue,6,2,61566,62192,626
block_input_queue,6,3,62193,62819,626
block_input_queue,6,4,62820,63452,632
block_input_queue,6,5,63453,64079,626
block_input_queue,6,6,64080,64706,626
block_input_queue,6,7,64707,65333,626
block_input_queue,6,8,65334,65966,632
block_input_queue,6,9,65967,66593,626
block_input_queue,6,10,66594,67220,626
block_input_queue,6,11,67221,67847,626
block_input_queue,6,12,67848,68480,632
block_input_queue,6,13,68481,69107,626
block_input_queue,6,14,69108,69734,626
block_input_queue,6,15,69735,70361,626
block_input_queue,7,0,70362,70994,632
block_input_queue,7,1,70995,71621,626
block_input_queue,7,2,71622,72248,626
block_input_queue,7,3,72249,72875,626
block_input_queue,7,4,72876,73508,632
block_input_queue,7,5,73509,74135,626
block_input_queue,7,6,74136,74762,626
block_input_queue,7,7,74763,75389,626
block_input_queue,7,8,75390,76022,632
block_input_queue,7,9,76023,76649,626
block_input_queue,7,10,76650,77276,626
block_input_queue,7,11,77277,77903,626
block_input_queue,7,12,77904,78536,632
block_input_queue,7,13,78537,79163,626
block_input_queue,7,14,79164,79790,626
block_input_queue,7,15,79791,80417,626
block_input_queue,8,0,80418,81050,632
block_input_queue,8,1,81051,81677,626
block_input_queue,8,2,81678,82304,626
block_input_queue,8,3,82305,82931,626
block_input_queue,8,4,82932,83564,632
block_input_queue,8,5,83565,84191,626
block_input_queue,8,6,84192,84818,626
block_input_queue,8,7,84819,85445,626
block_input_queue,8,8,85446,86078,632
block_input_queue,8,9,86079,86705,626
block_input_queue,8,10,86706,87332,626
block_input_queue,8,11,87333,87959,626
block_input_queue,8,12,87960,88592,632
block_input_queue,8,13,88593,89219,626
block_input_queue,8,14,89220,89846,626
block_input_queue,8,15,89847,90473,626
block_input_queue,9,0,90474,91106,632
block_input_queue,9,1,91107,91733,626
block_input_queue,9,2,91734,92360,626
block_input_queue,9,3,92361,92987,626
block_input_queue,9,4,92988,93620,632
block_input_queue,9,5,93621,94247,626
block_input_queue,9,6,94248,94874,626
block_input_queue,9,7,94875,95501,626
block_input_queue,9,8,95502,96134,632
block_input_queue,9,9,96135,96761,626
block_input_queue,9,10,96762,97388,626
block_input_queue,9,11,97389,98015,626
block_input_queue,9,12,98016,98648,632
block_input_queue,9,13,98649,99275,626
block_input_queue,9,14,99276,99902,626
block_input_queue,9,15,99903,100529,626
block_input_queue,10,0,100530,101162,632
block_input_queue,10,1,101163,101789,626
block_input_queue,10,2,101790,102416,626
block_input_queue,10,3,102417,103043,626
block_input_queue,10,4,103044,103676,632
block_input_queue,10,5,103677,104303,626
block_input_queue,10,6,104304,104930,626
block_input_queue,10,7,104931,105557,626
block_input_queue,10,8,105558,106190,632
block_input_queue,10,9,106191,106817,626
block_input_queue,10,10,106818,107444,626
block_input_queue,10,11,107445,108071,626
block_input_queue,10,12,108072,108704,632
block_input_queue,10,13,108705,109331,626
block_input_queue,10,14,109332,109958,626
block_input_queue,10,15,109959,110585,626
block_input_queue,11,0,110586,111218,632
block_input_queue,11,1,111219,111845,626
block_input_queue,11,2,111846,112472,626
block_input_queue,11,3,112473,113099,626
block_input_queue,11,4,113100,113732,632
block_input_queue,11,5,113733,114359,626
block_input_queue,11,6,114360,114986,626
block_input_queue,11,7,114987,115613,626
block_input_queue,11,8,115614,116246,632
block_input_queue,11,9,116247,116873,626
block_input_queue,11,10,116874,117500,626
block_input_queue,11,11,117501,118127,626
block_input_queue,11,12,118128,118760,632
block_input_queue,11,13,118761,119387,626
block_input_queue,11,14,119388,120014,626
block_input_queue,11,15,120015,120641,626
block_input_queue,12,0,120642,121274,632
block_input_queue,12,1,121275,121901,626
block_input_queue,12,2,121902,122528,626
block_input_queue,12,3,122529,123155,626
block_input_queue,12,4,123156,123788,632
block_input_queue,12,5,123789,124415,626
block_input_queue,12,6,124416,125042,626
block_input_queue,12,7,125043,125669,626
block_input_queue,12,8,125670,126302,632
block_input_queue,12,9,126303,126929,626
block_input_queue,12,10,126930,127556,626
block_input_queue,12,11,127557,128183,626
block_input_queue,12,12,128184,128816,632
block_input_queue,12,13,128817,129443,626
block_input_queue,12,14,129444,130070,626
block_input_queue,12,15,130071,130697,626
block_input_queue,13,0,130698,131330,632
block_input_queue,13,1,131331,131957,626
block_input_queue,13,2,131958,132584,626
block_input_queue,13,3,132585,133211,626
block_input_queue,13,4,133212,133844,632
block_input_queue,13,5,133845,134471,626
block_input_queue,13,6,134472,135098,626
block_input_queue,13,7,135099,135725,626
block_input_queue,13,8,135726,136358,632
block_input_queue,13,9,136359,136985,626
block_input_queue,13,10,136986,137612,626
block_input_queue,13,11,137613,138239,626
block_input_queue,13,12,138240,138872,632
block_input_queue,13,13,138873,139499,626
block_input_queue,13,14,139500,140126,626
block_input_queue,13,15,140127,140753,626
block_input_queue,14,0,140754,141386,632
block_input_queue,14,1,141387,142013,626
block_input_queue,14,2,142014,142640,626
block_input_queue,14,3,142641,143267,626
block_input_queue,14,4,143268,143900,632
block_input_queue,14,5,143901,144527,626
block_input_queue,14,6,144528,145154,626
block_input_queue,14,7,145155,145781,626
block_input_queue,14,8,145782,146414,632
block_input_queue,14,9,146415,147041,626
block_input_queue,14,10,147042,147668,626
block_input_queue,14,11,147669,148295,626
block_input_queue,14,12,148296,148928,632
block_input_queue,14,13,148929,149555,626
block_input_queue,14,14,149556,150182,626
block_input_queue,14,15,150183,150809,626
block_input_queue,15,0,150810,151442,632
block_input_queue,15,1,151443,152069,626
block_input_queue,15,2,152070,152696,626
block_input_queue,15,3,152697,153323,626
block_input_queue,15,4,153324,153956,632
block_input_queue,15,5,153957,154583,626
block_input_queue,15,6,154584,155210,626
block_input_queue,15,7,155211,155837,626
block_input_queue,15,8,155838,156470,632
block_input_queue,15,9,156471,157097,626
block_input_queue,15,10,157098,157724,626
block_input_queue,15,11,157725,158351,626
block_input_queue,15,12,158352,158984,632
block_input_queue,15,13,158985,159611,626
block_input_queue,15,14,159612,160238,626
block_input_queue,15,15,160239,160865,626
block_input_queue,16,0,160866,161498,632
block_input_queue,16,1,161499,162125,626
block_input_queue,16,2,162126,162752,626
block_input_queue,16,3,162753,163379,626
block_input_queue,16,4,163380,164012,632
block_input_queue,16,5,164013,164639,626
block_input_queue,16,6,164640,165266,626
block_input_queue,16,7,165267,165893,626
block_input_queue,16,8,165894,166526,632
block_input_queue,16,9,166527,167153,626
block_input_queue,16,10,167154,167780,626
block_input_queue,16,11,167781,168407,626
block_input_queue,16,12,168408,169040,632
block_input_queue,16,13,169041,169667,626
block_input_queue,16,14,169668,170294,626
block_input_queue,16,15,170295,170921,626
block_input_queue,17,0,170922,171554,632
block_input_queue,17,1,171555,172181,626
block_input_queue,17,2,172182,172808,626
block_input_queue,17,3,172809,173435,626
block_input_queue,17,4,173436,174068,632
block_input_queue,17,5,174069,174695,626
block_input_queue,17,6,174696,175322,626
block_input_queue,17,7,175323,175949,626
block_input_queue,17,8,175950,176582,632
block_input_queue,17,9,176583,177209,626
block_input_queue,17,10,177210,177836,626
block_input_queue,17,11,177837,178463,626
block_input_queue,17,12,178464,179096,632
block_input_queue,17,13,179097,179723,626
block_input_queue,17,14,179724,180350,626
block_input_queue,17,15,180351,180977,626
block_input_queue,18,0,180978,181610,632
block_input_queue,18,1,181611,182237,626
block_input_queue,18,2,182238,182864,626
block_input_queue,18,3,182865,183491,626
block_input_queue,18,4,183492,184124,632
block_input_queue,18,5,184125,184751,626
block_input_queue,18,6,184752,185378,626
block_input_queue,18,7,185379,186005,626
block_input_queue,18,8,186006,186638,632
block_input_queue,18,9,186639,187265,626
block_input_queue,18,10,187266,187892,626
block_input_queue,18,11,187893,188519,626
block_input_queue,18,12,188520,189152,632
block_input_queue,18,13,189153,189779,626
block_input_queue,18,14,189780,190406,626
block_input_queue,18,15,190407,191033,626
block_input_queue,19,0,191034,191666,632
block_input_queue,19,1,191667,192293,626
block_input_queue,19,2,192294,192920,626
block_input_queue,19,3,192921,193547,626
block_input_queue,19,4,193548,194180,632
block_input_queue,19,5,194181,194807,626
block_input_queue,19,6,194808,195434,626
block_input_queue,19,7,195435,196061,626
block_input_queue,19,8,196062,196694,632
block_input_queue,19,9,196695,197321,626
block_input_queue,19,10,197322,197948,626
block_input_queue,19,11,197949,198575,626
block_input_queue,19,12,198576,199208,632
block_input_queue,19,13,199209,199835,626
block_input_queue,19,14,199836,200462,626
block_input_queue,19,15,200463,201089,626
block_input_queue,20,0,201090,201722,632
block_input_queue,20,1,201723,202349,626
block_input_queue,20,2,202350,202976,626
block_input_queue,20,3,202977,203603,626
block_input_queue,20,4,203604,204236,632
block_input_queue,20,5,204237,204863,626
block_input_queue,20,6,204864,205490,626
block_input_queue,20,7,205491,206117,626
block_input_queue,20,8,206118,206750,632
block_input_queue,20,9,206751,207377,626
block_input_queue,20,10,207378,208004,626
block_input_queue,20,11,208005,208631,626
block_input_queue,20,12,208632,209264,632
block_input_queue,20,13,209265,209891,626
block_input_queue,20,14,209892,210518,626
block_input_queue,20,15,210519,211145,626
block_input_queue,21,0,211146,211778,632
block_input_queue,21,1,211779,212405,626
block_input_queue,21,2,212406,213032,626
block_input_queue,21,3,213033,213659,626
block_input_queue,21,4,213660,214292,632
block_input_queue,21,5,214293,214919,626
block_input_queue,21,6,214920,215546,626
block_input_queue,21,7,215547,216173,626
block_input_queue,21,8,216174,216806,632
block_input_queue,21,9,216807,217433,626
block_input_queue,21,10,217434,218060,626
block_input_queue,21,11,218061,218687,626
block_input_queue,21,12,218688,219320,632
block_input_queue,21,13,219321,219947,626
block_input_queue,21,14,219948,220574,626
block_input_queue,21,15,220575,221201,626
block_input_queue,22,0,221202,221834,632
block_input_queue,22,1,221835,222461,626
block_input_queue,22,2,222462,223088,626
block_input_queue,22,3,223089,223715,626
block_input_queue,22,4,223716,224348,632
block_input_queue,22,5,224349,224975,626
block_input_queue,22,6,224976,225602,626
block_input_queue,22,7,225603,226229,626
block_input_queue,22,8,226230,226862,632
block_input_queue,22,9,226863,227489,626
block_input_queue,22,10,227490,228116,626
block_input_queue,22,11,228117,228743,626
block_input_queue,22,12,228744,229376,632
block_input_queue,22,13,229377,230003,626
block_input_queue,22,14,230004,230630,626
block_input_queue,22,15,230631,231257,626
block_input_queue,23,0,231258,231890,632
block_input_queue,23,1,231891,232517,626
block_input_queue,23,2,232518,233144,626
block_input_queue,23,3,233145,233771,626
block_input_queue,23,4,233772,234404,632
block_input_queue,23,5,234405,235031,626
block_input_queue,23,6,235032,235658,626
block_input_queue,23,7,235659,236285,626
block_input_queue,23,8,236286,236918,632
block_input_queue,23,9,236919,237545,626
block_input_queue,23,10,237546,238172,626
block_input_queue,23,11,238173,238799,626
block_input_queue,23,12,238800,239432,632
block_input_queue,23,13,239433,240059,626
block_input_queue,23,14,240060,240686,626
block_input_queue,23,15,240687,241313,626
block_input_queue,24,0,241314,241946,632
block_input_queue,24,1,241947,242573,626
block_input_queue,24,2,242574,243200,626
block_input_queue,24,3,243201,243827,626
block_input_queue,24,4,243828,244460,632
block_input_queue,24,5,244461,245087,626
block_input_queue,24,6,245088,245714,626
block_input_queue,24,7,245715,246341,626
block_input_queue,24,8,246342,246974,632
block_input_queue,24,9,246975,247601,626
block_input_queue,24,10,247602,248228,626
block_input_queue,24,11,248229,248855,626
block_input_queue,24,12,248856,249488,632
block_input_queue,24,13,249489,250115,626
block_input_queue,24,14,250116,250742,626
block_input_queue,24,15,250743,251369,626
block_input_queue,25,0,251370,252002,632
block_input_queue,25,1,252003,252629,626
block_input_queue,25,2,252630,253256,626
block_input_queue,25,3,253257,253883,626
block_input_queue,25,4,253884,254516,632
block_input_queue,25,5,254517,255143,626
block_input_queue,25,6,255144,255770,626
block_input_queue,25,7,255771,256397,626
block_input_queue,25,8,256398,257030,632
block_input_queue,25,9,257031,257657,626
block_input_queue,25,10,257658,258284,626
block_input_queue,25,11,258285,258911,626
block_input_queue,25,12,258912,259544,632
block_input_queue,25,13,259545,260171,626
block_input_queue,25,14,260172,260798,626
block_input_queue,25,15,260799,261425,626
block_input_queue,26,0,261426,262058,632
block_input_queue,26,1,262059,262685,626
block_input_queue,26,2,262686,263312,626
block_input_queue,26,3,263313,263939,626
block_input_queue,26,4,263940,264572,632
block_input_queue,26,5,264573,265199,626
block_input_queue,26,6,265200,265826,626
block_input_queue,26,7,265827,266453,626
block_input_queue,26,8,266454,267086,632
block_input_queue,26,9,267087,267713,626
block_input_queue,26,10,267714,268340,626
block_input_queue,26,11,268341,268967,626
block_input_queue,26,12,268968,269600,632
block_input_queue,26,13,269601,270227,626
block_input_queue,26,14,270228,270854,626
block_input_queue,26,15,270855,271481,626
block_input_queue,27,0,271482,272114,632
block_input_queue,27,1,272115,272741,626
block_input_queue,27,2,272742,273368,626
block_input_queue,27,3,273369,273995,626
block_input_queue,27,4,273996,274628,632
block_input_queue,27,5,274629,275255,626
block_input_queue,27,6,275256,275882,626
block_input_queue,27,7,275883,276509,626
block_input_queue,27,8,276510,277142,632
block_input_queue,27,9,277143,277769,626
block_input_queue,27,10,277770,278396,626
block_input_queue,27,11,278397,279023,626
block_input_queue,27,12,279024,279656,632
block_input_queue,27,13,279657,280283,626
block_input_queue,27,14,280284,280910,626
block_input_queue,27,15,280911,281537,626
block_input_queue,28,0,281538,282170,632
block_input_queue,28,1,282171,282797,626
block_input_queue,28,2,282798,283424,626
block_input_queue,28,3,283425,284051,626
block_input_queue,28,4,284052,284684,632
block_input_queue,28,5,284685,285311,626
block_input_queue,28,6,285312,285938,626
block_input_queue,28,7,285939,286565,626
block_input_queue,28,8,286566,287198,632
block_input_queue,28,9,287199,287825,626
block_input_queue,28,10,287826,288452,626
block_input_queue,28,11,288453,289079,626
block_input_queue,28,12,289080,289712,632
block_input_queue,28,13,289713,290339,626
block_input_queue,28,14,290340,290966,626
block_input_queue,28,15,290967,291593,626
block_input_queue,29,0,291594,292226,632
block_input_queue,29,1,292227,292853,626
block_input_queue,29,2,292854,293480,626
block_input_queue,29,3,293481,294107,626
block_input_queue,29,4,294108,294740,632
block_input_queue,29,5,294741,295367,626
block_input_queue,29,6,295368,295994,626
block_input_queue,29,7,295995,296621,626
block_input_queue,29,8,296622,297254,632
block_input_queue,29,9,297255,297881,626
block_input_queue,29,10,297882,298508,626
block_input_queue,29,11,298509,299135,626
block_input_queue,29,12,299136,299768,632
block_input_queue,29,13,299769,300395,626
block_input_queue,29,14,300396,301022,626
block_input_queue,29,15,301023,301649,626
block_input_queue,30,0,301650,302282,632
block_input_queue,30,1,302283,302909,626
block_input_queue,30,2,302910,303536,626
block_input_queue,30,3,303537,304163,626
block_input_queue,30,4,304164,304796,632
block_input_queue,30,5,304797,305423,626
block_input_queue,30,6,305424,306050,626
block_input_queue,30,7,306051,306677,626
block_input_queue,30,8,306678,307310,632
block_input_queue,30,9,307311,307937,626
block_input_queue,30,10,307938,308564,626
block_input_queue,30,11,308565,309191,626
block_input_queue,30,12,309192,309824,632
block_input_queue,30,13,309825,310451,626
block_input_queue,30,14,310452,311078,626
block_input_queue,30,15,311079,311705,626
block_input_queue,31,0,311706,312338,632
block_input_queue,31,1,312339,312965,626
block_input_queue,31,2,312966,313592,626
block_input_queue,31,3,313593,314219,626
block_input_queue,31,4,314220,314852,632
block_input_queue,31,5,314853,315479,626
block_input_queue,31,6,315480,316106,626
block_input_queue,31,7,316107,316733,626
block_input_queue,31,8,316734,317366,632
block_input_queue,31,9,317367,317993,626
block_input_queue,31,10,317994,318620,626
block_input_queue,31,11,318621,319247,626
block_input_queue,31,12,319248,319880,632
block_input_queue,31,13,319881,320507,626
block_input_queue,31,14,320508,321134,626
block_input_queue,31,15,321135,321761,626
block_input_queue,32,0,321762,322394,632
block_input_queue,32,1,322395,323021,626
block_input_queue,32,2,323022,323648,626
block_input_queue,32,3,323649,324275,626
block_input_queue,32,4,324276,324908,632
block_input_queue,32,5,324909,325535,626
block_input_queue,32,6,325536,326162,626
block_input_queue,32,7,326163,326789,626
block_input_queue,32,8,326790,327422,632
block_input_queue,32,9,327423,328049,626
block_input_queue,32,10,328050,328676,626
block_input_queue,32,11,328677,329303,626
block_input_queue,32,12,329304,329936,632
block_input_queue,32,13,329937,330563,626
block_input_queue,32,14,330564,331190,626
block_input_queue,32,15,331191,331817,626
block_input_queue,33,0,331818,332450,632
block_input_queue,33,1,332451,333077,626
block_input_queue,33,2,333078,333704,626
block_input_queue,33,3,333705,334331,626
block_input_queue,33,4,334332,334964,632
block_input_queue,33,5,334965,335591,626
block_input_queue,33,6,335592,336218,626
block_input_queue,33,7,336219,336845,626
block_input_queue,33,8,336846,337478,632
block_input_queue,33,9,337479,338105,626
block_input_queue,33,10,338106,338732,626
block_input_queue,33,11,338733,339359,626
block_input_queue,33,12,339360,339992,632
block_input_queue,33,13,339993,340619,626
block_input_queue,33,14,340620,341246,626
block_input_queue,33,15,341247,341873,626
block_input_queue,34,0,341874,342506,632
block_input_queue,34,1,342507,343133,626
block_input_queue,34,2,343134,343760,626
block_input_queue,34,3,343761,344387,626
block_input_queue,34,4,344388,345020,632
block_input_queue,34,5,345021,345647,626
block_input_queue,34,6,345648,346274,626
block_input_queue,34,7,346275,346901,626
block_input_queue,34,8,346902,347534,632
block_input_queue,34,9,347535,348161,626
block_input_queue,34,10,348162,348788,626
block_input_queue,34,11,348789,349415,626
block_input_queue,34,12,349416,350048,632
block_input_queue,34,13,350049,350675,626
block_input_queue,34,14,350676,351302,626
block_input_queue,34,15,351303,351929,626
block_input_queue,35,0,351930,352562,632
block_input_queue,35,1,352563,353189,626
block_input_queue,35,2,353190,353816,626
block_input_queue,35,3,353817,354443,626
block_input_queue,35,4,354444,355076,632
block_input_queue,35,5,355077,355703,626
block_input_queue,35,6,355704,356330,626
block_input_queue,35,7,356331,356957,626
block_input_queue,35,8,356958,357590,632
block_input_queue,35,9,357591,358217,626
block_input_queue,35,10,358218,358844,626
block_input_queue,35,11,358845,359471,626
block_input_queue,35,12,359472,360104,632
block_input_queue,35,13,360105,360731,626
block_input_queue,35,14,360732,361358,626
block_input_queue,35,15,361359,361985,626
block_input_queue,36,0,361986,362618,632
block_input_queue,36,1,362619,363245,626
block_input_queue,36,2,363246,363872,626
block_input_queue,36,3,363873,364499,626
block_input_queue,36,4,364500,365132,632
block_input_queue,36,5,365133,365759,626
block_input_queue,36,6,365760,366386,626
block_input_queue,36,7,366387,367013,626
block_input_queue,36,8,367014,367646,632
block_input_queue,36,9,367647,368273,626
block_input_queue,36,10,368274,368900,626
block_input_queue,36,11,368901,369527,626
block_input_queue,36,12,369528,370160,632
block_input_queue,36,13,370161,370787,626
block_input_queue,36,14,370788,371414,626
block_input_queue,36,15,371415,372041,626
block_input_queue,37,0,372042,372674,632
block_input_queue,37,1,372675,373301,626
block_input_queue,37,2,373302,373928,626
block_input_queue,37,3,373929,374555,626
block_input_queue,37,4,374556,375188,632
block_input_queue,37,5,375189,375815,626
block_input_queue,37,6,375816,376442,626
block_input_queue,37,7,376443,377069,626
block_input_queue,37,8,377070,377702,632
block_input_queue,37,9,377703,378329,626
block_input_queue,37,10,378330,378956,626
block_input_queue,37,11,378957,379583,626
block_input_queue,37,12,379584,380216,632
block_input_queue,37,13,380217,380843,626
block_input_queue,37,14,380844,381470,626
block_input_queue,37,15,381471,382097,626
block_input_queue,38,0,382098,382730,632
block_input_queue,38,1,382731,383357,626
block_input_queue,38,2,383358,383984,626
block_input_queue,38,3,383985,384611,626
block_input_queue,38,4,384612,385244,632
block_input_queue,38,5,385245,385871,626
block_input_queue,38,6,385872,386498,626
block_input_queue,38,7,386499,387125,626
block_input_queue,38,8,387126,387758,632
block_input_queue,38,9,387759,388385,626
block_input_queue,38,10,388386,389012,626
block_input_queue,38,11,389013,389639,626
block_input_queue,38,12,389640,390272,632
block_input_queue,38,13,390273,390899,626
block_input_queue,38,14,390900,391526,626
block_input_queue,38,15,391527,392153,626
block_input_queue,39,0,392154,392786,632
block_input_queue,39,1,392787,393413,626
block_input_queue,39,2,393414,394040,626
block_input_queue,39,3,394041,394667,626
block_input_queue,39,4,394668,395300,632
block_input_queue,39,5,395301,395927,626
block_input_queue,39,6,395928,396554,626
block_input_queue,39,7,396555,397181,626
block_input_queue,39,8,397182,397814,632
block_input_queue,39,9,397815,398441,626
block_input_queue,39,10,398442,399068,626
block_input_queue,39,11,399069,399695,626
block_input_queue,39,12,399696,400328,632
block_input_queue,39,13,400329,400955,626
block_input_queue,39,14,400956,401582,626
block_input_queue,39,15,401583,402209,626
block_input_queue,40,0,402210,402842,632
block_input_queue,40,1,402843,403469,626
block_input_queue,40,2,403470,404096,626
block_input_queue,40,3,404097,404723,626
block_input_queue,40,4,404724,405356,632
block_input_queue,40,5,405357,405983,626
block_input_queue,40,6,405984,406610,626
block_input_queue,40,7,406611,407237,626
block_input_queue,40,8,407238,407870,632
block_input_queue,40,9,407871,408497,626
block_input_queue,40,10,408498,409124,626
block_input_queue,40,11,409125,409751,626
block_input_queue,40,12,409752,410384,632
block_input_queue,40,13,410385,411011,626
block_input_queue,40,14,411012,411638,626
block_input_queue,40,15,411639,412265,626
block_input_queue,41,0,412266,412898,632
block_input_queue,41,1,412899,413525,626
block_input_queue,41,2,413526,414152,626
block_input_queue,41,3,414153,414779,626
block_input_queue,41,4,414780,415412,632
block_input_queue,41,5,415413,416039,626
block_input_queue,41,6,416040,416666,626
block_input_queue,41,7,416667,417293,626
block_input_queue,41,8,417294,417926,632
block_input_queue,41,9,417927,418553,626
block_input_queue,41,10,418554,419180,626
block_input_queue,41,11,419181,419807,626
block_input_queue,41,12,419808,420440,632
block_input_queue,41,13,420441,421067,626
block_input_queue,41,14,421068,421694,626
block_input_queue,41,15,421695,422321,626
block_input_queue,42,0,422322,422954,632
block_input_queue,42,1,422955,423581,626
block_input_queue,42,2,423582,424208,626
block_input_queue,42,3,424209,424835,626
block_input_queue,42,4,424836,425468,632
block_input_queue,42,5,425469,426095,626
block_input_queue,42,6,426096,426722,626
block_input_queue,42,7,426723,427349,626
block_input_queue,42,8,427350,427982,632
block_input_queue,42,9,427983,428609,626
block_input_queue,42,10,428610,429236,626
block_input_queue,42,11,429237,429863,626
block_input_queue,42,12,429864,430496,632
block_input_queue,42,13,430497,431123,626
block_input_queue,42,14,431124,431750,626
block_input_queue,42,15,431751,432377,626
block_input_queue,43,0,432378,433010,632
block_input_queue,43,1,433011,433637,626
block_input_queue,43,2,433638,434264,626
block_input_queue,43,3,434265,434891,626
block_input_queue,43,4,434892,435524,632
block_input_queue,43,5,435525,436151,626
block_input_queue,43,6,436152,436778,626
block_input_queue,43,7,436779,437405,626
block_input_queue,43,8,437406,438038,632
block_input_queue,43,9,438039,438665,626
block_input_queue,43,10,438666,439292,626
block_input_queue,43,11,439293,439919,626
block_input_queue,43,12,439920,440552,632
block_input_queue,43,13,440553,441179,626
block_input_queue,43,14,441180,441806,626
block_input_queue,43,15,441807,442433,626
block_input_queue,44,0,442434,443066,632
block_input_queue,44,1,443067,443693,626
block_input_queue,44,2,443694,444320,626
block_input_queue,44,3,444321,444947,626
block_input_queue,44,4,444948,445580,632
block_input_queue,44,5,445581,446207,626
block_input_queue,44,6,446208,446834,626
block_input_queue,44,7,446835,447461,626
block_input_queue,44,8,447462,448094,632
block_input_queue,44,9,448095,448721,626
block_input_queue,44,10,448722,449348,626
block_input_queue,44,11,449349,449975,626
block_input_queue,44,12,449976,450608,632
block_input_queue,44,13,450609,451235,626
block_input_queue,44,14,451236,451862,626
block_input_queue,44,15,451863,452489,626
block_input_queue,45,0,452490,453122,632
block_input_queue,45,1,453123,453749,626
block_input_queue,45,2,453750,454376,626
block_input_queue,45,3,454377,455003,626
block_input_queue,45,4,455004,455636,632
block_input_queue,45,5,455637,456263,626
block_input_queue,45,6,456264,456890,626
block_input_queue,45,7,456891,457517,626
block_input_queue,45,8,457518,458150,632
block_input_queue,45,9,458151,458777,626
block_input_queue,45,10,458778,459404,626
block_input_queue,45,11,459405,460031,626
block_input_queue,45,12,460032,460664,632
block_input_queue,45,13,460665,461291,626
block_input_queue,45,14,461292,461918,626
block_input_queue,45,15,461919,462545,626
block_input_queue,46,0,462546,463178,632
block_input_queue,46,1,463179,463805,626
block_input_queue,46,2,463806,464432,626
block_input_queue,46,3,464433,465059,626
block_input_queue,46,4,465060,465692,632
block_input_queue,46,5,465693,466319,626
block_input_queue,46,6,466320,466946,626
block_input_queue,46,7,466947,467573,626
block_input_queue,46,8,467574,468206,632
block_input_queue,46,9,468207,468833,626
block_input_queue,46,10,468834,469460,626
block_input_queue,46,11,469461,470087,626
block_input_queue,46,12,470088,470720,632
block_input_queue,46,13,470721,471347,626
block_input_queue,46,14,471348,471974,626
block_input_queue,46,15,471975,472601,626
block_input_queue,47,0,472602,473234,632
block_input_queue,47,1,473235,473861,626
block_input_queue,47,2,473862,474488,626
block_input_queue,47,3,474489,475115,626
block_input_queue,47,4,475116,475748,632
block_input_queue,47,5,475749,476375,626
block_input_queue,47,6,476376,477002,626
block_input_queue,47,7,477003,477629,626
block_input_queue,47,8,477630,478262,632
block_input_queue,47,9,478263,478889,626
block_input_queue,47,10,478890,479516,626
block_input_queue,47,11,479517,480143,626
block_input_queue,47,12,480144,480776,632
block_input_queue,47,13,480777,481403,626
block_input_queue,47,14,481404,482030,626
block_input_queue,47,15,482031,482657,626
block_input_queue,48,0,482658,483290,632
block_input_queue,48,1,483291,483917,626
block_input_queue,48,2,483918,484544,626
block_input_queue,48,3,484545,485171,626
block_input_queue,48,4,485172,485804,632
block_input_queue,48,5,485805,486431,626
block_input_queue,48,6,486432,487058,626
block_input_queue,48,7,487059,487685,626
block_input_queue,48,8,487686,488318,632
block_input_queue,48,9,488319,488945,626
block_input_queue,48,10,488946,489572,626
block_input_queue,48,11,489573,490199,626
block_input_queue,48,12,490200,490832,632
block_input_queue,48,13,490833,491459,626
block_input_queue,48,14,491460,492086,626
block_input_queue,48,15,492087,492713,626
block_input_queue,49,0,492714,493346,632
block_input_queue,49,1,493347,493973,626
block_input_queue,49,2,493974,494600,626
block_input_queue,49,3,494601,495227,626
block_input_queue,49,4,495228,495860,632
block_input_queue,49,5,495861,496487,626
block_input_queue,49,6,496488,497114,626
block_input_queue,49,7,497115,497741,626
block_input_queue,49,8,497742,498374,632
block_input_queue,49,9,498375,499001,626
block_input_queue,49,10,499002,499628,626
block_input_queue,49,11,499629,500255,626
block_input_queue,49,12,500256,500888,632
block_input_queue,49,13,500889,501515,626
block_input_queue,49,14,501516,502142,626
block_input_queue,49,15,502143,502769,626
block_input_queue,50,0,502770,503402,632
block_input_queue,50,1,503403,504029,626
block_input_queue,50,2,504030,504656,626
block_input_queue,50,3,504657,505283,626
block_input_queue,50,4,505284,505916,632
block_input_queue,50,5,505917,506543,626
block_input_queue,50,6,506544,507170,626
block_input_queue,50,7,507171,507797,626
block_input_queue,50,8,507798,508430,632
block_input_queue,50,9,508431,509057,626
block_input_queue,50,10,509058,509684,626
block_input_queue,50,11,509685,510311,626
block_input_queue,50,12,510312,510944,632
block_input_queue,50,13,510945,511571,626
block_input_queue,50,14,511572,512198,626
block_input_queue,50,15,512199,512825,626
block_input_queue,51,0,512826,513458,632
block_input_queue,51,1,513459,514085,626
block_input_queue,51,2,514086,514712,626
block_input_queue,51,3,514713,515339,626
block_input_queue,51,4,515340,515972,632
block_input_queue,51,5,515973,516599,626
block_input_queue,51,6,516600,517226,626
block_input_queue,51,7,517227,517853,626
block_input_queue,51,8,517854,518486,632
block_input_queue,51,9,518487,519113,626
block_input_queue,51,10,519114,519740,626
block_input_queue,51,11,519741,520367,626
block_input_queue,51,12,520368,521000,632
block_input_queue,51,13,521001,521627,626
block_input_queue,51,14,521628,522254,626
block_input_queue,51,15,522255,522881,626
block_input_queue,52,0,522882,523514,632
block_input_queue,52,1,523515,524141,626
block_input_queue,52,2,524142,524768,626
block_input_queue,52,3,524769,525395,626
block_input_queue,52,4,525396,526028,632
block_input_queue,52,5,526029,526655,626
block_input_queue,52,6,526656,527282,626
block_input_queue,52,7,527283,527909,626
block_input_queue,52,8,527910,528542,632
block_input_queue,52,9,528543,529169,626
block_input_queue,52,10,529170,529796,626
block_input_queue,52,11,529797,530423,626
block_input_queue,52,12,530424,531056,632
block_input_queue,52,13,531057,531683,626
block_input_queue,52,14,531684,532310,626
block_input_queue,52,15,532311,532937,626
block_input_queue,53,0,532938,533570,632
block_input_queue,53,1,533571,534197,626
block_input_queue,53,2,534198,534824,626
block_input_queue,53,3,534825,535451,626
block_input_queue,53,4,535452,536084,632
block_input_queue,53,5,536085,536711,626
block_input_queue,53,6,536712,537338,626
block_input_queue,53,7,537339,537965,626
block_input_queue,53,8,537966,538598,632
block_input_queue,53,9,538599,539225,626
block_input_queue,53,10,539226,539852,626
block_input_queue,53,11,539853,540479,626
block_input_queue,53,12,540480,541112,632
block_input_queue,53,13,541113,541739,626
block_input_queue,53,14,541740,542366,626
block_input_queue,53,15,542367,542993,626
block_input_queue,54,0,542994,543626,632
block_input_queue,54,1,543627,544253,626
block_input_queue,54,2,544254,544880,626
block_input_queue,54,3,544881,545507,626
block_input_queue,54,4,545508,546140,632
block_input_queue,54,5,546141,546767,626
block_input_queue,54,6,546768,547394,626
block_input_queue,54,7,547395,548021,626
block_input_queue,54,8,548022,548654,632
block_input_queue,54,9,548655,549281,626
block_input_queue,54,10,549282,549908,626
block_input_queue,54,11,549909,550535,626
block_input_queue,54,12,550536,551168,632
block_input_queue,54,13,551169,551795,626
block_input_queue,54,14,551796,552422,626
block_input_queue,54,15,552423,553049,626
block_input_queue,55,0,553050,553682,632
block_input_queue,55,1,553683,554309,626
block_input_queue,55,2,554310,554936,626
block_input_queue,55,3,554937,555563,626
block_input_queue,55,4,555564,556196,632
block_input_queue,55,5,556197,556823,626
block_input_queue,55,6,556824,557450,626
block_input_queue,55,7,557451,558077,626
block_input_queue,55,8,558078,558710,632
block_input_queue,55,9,558711,559337,626
block_input_queue,55,10,559338,559964,626
block_input_queue,55,11,559965,560591,626
block_input_queue,55,12,560592,561224,632
block_input_queue,55,13,561225,561851,626
block_input_queue,55,14,561852,562478,626
block_input_queue,55,15,562479,563105,626
block_input_queue,56,0,563106,563738,632
block_input_queue,56,1,563739,564365,626
block_input_queue,56,2,564366,564992,626
block_input_queue,56,3,564993,565619,626
block_input_queue,56,4,565620,566252,632
block_input_queue,56,5,566253,566879,626
block_input_queue,56,6,566880,567506,626
block_input_queue,56,7,567507,568133,626
block_input_queue,56,8,568134,568766,632
block_input_queue,56,9,568767,569393,626
block_input_queue,56,10,569394,570020,626
block_input_queue,56,11,570021,570647,626
block_input_queue,56,12,570648,571280,632
block_input_queue,56,13,571281,571907,626
block_input_queue,56,14,571908,572534,626
block_input_queue,56,15,572535,573161,626
block_input_queue,57,0,573162,573794,632
block_input_queue,57,1,573795,574421,626
block_input_queue,57,2,574422,575048,626
block_input_queue,57,3,575049,575675,626
block_input_queue,57,4,575676,576308,632
block_input_queue,57,5,576309,576935,626
block_input_queue,57,6,576936,577562,626
block_input_queue,57,7,577563,578189,626
block_input_queue,57,8,578190,578822,632
block_input_queue,57,9,578823,579449,626
block_input_queue,57,10,579450,580076,626
block_input_queue,57,11,580077,580703,626
block_input_queue,57,12,580704,581336,632
block_input_queue,57,13,581337,581963,626
block_input_queue,57,14,581964,582590,626
block_input_queue,57,15,582591,583217,626
block_input_queue,58,0,583218,583850,632
block_input_queue,58,1,583851,584477,626
block_input_queue,58,2,584478,585104,626
block_input_queue,58,3,585105,585731,626
block_input_queue,58,4,585732,586364,632
block_input_queue,58,5,586365,586991,626
block_input_queue,58,6,586992,587618,626
block_input_queue,58,7,587619,588245,626
block_input_queue,58,8,588246,588878,632
block_input_queue,58,9,588879,589505,626
block_input_queue,58,10,589506,590132,626
block_input_queue,58,11,590133,590759,626
block_input_queue,58,12,590760,591392,632
block_input_queue,58,13,591393,592019,626
block_input_queue,58,14,592020,592646,626
block_input_queue,58,15,592647,593273,626
block_input_queue,59,0,593274,593906,632
block_input_queue,59,1,593907,594533,626
block_input_queue,59,2,594534,595160,626
block_input_queue,59,3,595161,595787,626
block_input_queue,59,4,595788,596420,632
block_input_queue,59,5,596421,597047,626
block_input_queue,59,6,597048,597674,626
block_input_queue,59,7,597675,598301,626
block_input_queue,59,8,598302,598934,632
block_input_queue,59,9,598935,599561,626
block_input_queue,59,10,599562,600188,626
block_input_queue,59,11,600189,600815,626
block_input_queue,59,12,600816,601448,632
block_input_queue,59,13,601449,602075,626
block_input_queue,59,14,602076,602702,626
block_input_queue,59,15,602703,603329,626
block_input_queue,60,0,603330,603962,632
block_input_queue,60,1,603963,604589,626
block_input_queue,60,2,604590,605216,626
block_input_queue,60,3,605217,605843,626
block_input_queue,60,4,605844,606476,632
block_input_queue,60,5,606477,607103,626
block_input_queue,60,6,607104,607730,626
block_input_queue,60,7,607731,608357,626
block_input_queue,60,8,608358,608990,632
block_input_queue,60,9,608991,609617,626
block_input_queue,60,10,609618,610244,626
block_input_queue,60,11,610245,610871,626
block_input_queue,60,12,610872,611504,632
block_input_queue,60,13,611505,612131,626
block_input_queue,60,14,612132,612758,626
block_input_queue,60,15,612759,613385,626
block_input_queue,61,0,613386,614018,632
block_input_queue,61,1,614019,614645,626
block_input_queue,61,2,614646,615272,626
block_input_queue,61,3,615273,615899,626
block_input_queue,61,4,615900,616532,632
block_input_queue,61,5,616533,617159,626
block_input_queue,61,6,617160,617786,626
block_input_queue,61,7,617787,618413,626
block_input_queue,61,8,618414,619046,632
block_input_queue,61,9,619047,619673,626
block_input_queue,61,10,619674,620300,626
block_input_queue,61,11,620301,620927,626
block_input_queue,61,12,620928,621560,632
block_input_queue,61,13,621561,622187,626
block_input_queue,61,14,622188,622814,626
block_input_queue,61,15,622815,623441,626
block_input_queue,62,0,623442,624074,632
block_input_queue,62,1,624075,624701,626
block_input_queue,62,2,624702,625328,626
block_input_queue,62,3,625329,625955,626
block_input_queue,62,4,625956,626588,632
block_input_queue,62,5,626589,627215,626
block_input_queue,62,6,627216,627842,626
block_input_queue,62,7,627843,628469,626
block_input_queue,62,8,628470,629102,632
block_input_queue,62,9,629103,629729,626
block_input_queue,62,10,629730,630356,626
block_input_queue,62,11,630357,630983,626
block_input_queue,62,12,630984,631616,632
block_input_queue,62,13,631617,632243,626
block_input_queue,62,14,632244,632870,626
block_input_queue,62,15,632871,633497,626
block_input_queue,63,0,633498,634130,632
block_input_queue,63,1,634131,634757,626
block_input_queue,63,2,634758,635384,626
block_input_queue,63,3,635385,636011,626
block_input_queue,63,4,636012,636644,632
block_input_queue,63,5,636645,637271,626
block_input_queue,63,6,637272,637898,626
block_input_queue,63,7,637899,638525,626
block_input_queue,63,8,638526,639158,632
block_input_queue,63,9,639159,639785,626
block_input_queue,63,10,639786,640412,626
block_input_queue,63,11,640413,641039,626
block_input_queue,63,12,641040,641672,632
block_input_queue,63,13,641673,642299,626
block_input_queue,63,14,642300,642926,626
block_input_queue,63,15,642927,643553,626
normalization_to_ready,0,0,602,1006,404
normalization_to_ready,0,1,1007,1411,404
normalization_to_ready,0,2,1412,1816,404
normalization_to_ready,0,3,1817,2262,445
normalization_to_ready,0,4,3116,3520,404
normalization_to_ready,0,5,3743,4147,404
normalization_to_ready,0,6,4370,4774,404
normalization_to_ready,0,7,4997,5401,404
normalization_to_ready,0,8,5630,6034,404
normalization_to_ready,0,9,6257,6661,404
normalization_to_ready,0,10,6884,7288,404
normalization_to_ready,0,11,7511,7915,404
normalization_to_ready,0,12,8144,8548,404
normalization_to_ready,0,13,8771,9175,404
normalization_to_ready,0,14,9398,9802,404
normalization_to_ready,0,15,10025,10429,404
normalization_to_ready,1,0,10658,11062,404
normalization_to_ready,1,1,11285,11689,404
normalization_to_ready,1,2,11912,12316,404
normalization_to_ready,1,3,12539,12943,404
normalization_to_ready,1,4,13172,13576,404
normalization_to_ready,1,5,13799,14203,404
normalization_to_ready,1,6,14426,14830,404
normalization_to_ready,1,7,15053,15457,404
normalization_to_ready,1,8,15686,16090,404
normalization_to_ready,1,9,16313,16717,404
normalization_to_ready,1,10,16940,17344,404
normalization_to_ready,1,11,17567,17971,404
normalization_to_ready,1,12,18200,18604,404
normalization_to_ready,1,13,18827,19231,404
normalization_to_ready,1,14,19454,19858,404
normalization_to_ready,1,15,20081,20485,404
normalization_to_ready,2,0,20714,21118,404
normalization_to_ready,2,1,21341,21745,404
normalization_to_ready,2,2,21968,22372,404
normalization_to_ready,2,3,22595,22999,404
normalization_to_ready,2,4,23228,23632,404
normalization_to_ready,2,5,23855,24259,404
normalization_to_ready,2,6,24482,24886,404
normalization_to_ready,2,7,25109,25513,404
normalization_to_ready,2,8,25742,26146,404
normalization_to_ready,2,9,26369,26773,404
normalization_to_ready,2,10,26996,27400,404
normalization_to_ready,2,11,27623,28027,404
normalization_to_ready,2,12,28256,28660,404
normalization_to_ready,2,13,28883,29287,404
normalization_to_ready,2,14,29510,29914,404
normalization_to_ready,2,15,30137,30541,404
normalization_to_ready,3,0,30770,31174,404
normalization_to_ready,3,1,31397,31801,404
normalization_to_ready,3,2,32024,32428,404
normalization_to_ready,3,3,32651,33055,404
normalization_to_ready,3,4,33284,33688,404
normalization_to_ready,3,5,33911,34315,404
normalization_to_ready,3,6,34538,34942,404
normalization_to_ready,3,7,35165,35569,404
normalization_to_ready,3,8,35798,36202,404
normalization_to_ready,3,9,36425,36829,404
normalization_to_ready,3,10,37052,37456,404
normalization_to_ready,3,11,37679,38083,404
normalization_to_ready,3,12,38312,38716,404
normalization_to_ready,3,13,38939,39343,404
normalization_to_ready,3,14,39566,39970,404
normalization_to_ready,3,15,40193,40597,404
normalization_to_ready,4,0,40826,41230,404
normalization_to_ready,4,1,41453,41857,404
normalization_to_ready,4,2,42080,42484,404
normalization_to_ready,4,3,42707,43111,404
normalization_to_ready,4,4,43340,43744,404
normalization_to_ready,4,5,43967,44371,404
normalization_to_ready,4,6,44594,44998,404
normalization_to_ready,4,7,45221,45625,404
normalization_to_ready,4,8,45854,46258,404
normalization_to_ready,4,9,46481,46885,404
normalization_to_ready,4,10,47108,47512,404
normalization_to_ready,4,11,47735,48139,404
normalization_to_ready,4,12,48368,48772,404
normalization_to_ready,4,13,48995,49399,404
normalization_to_ready,4,14,49622,50026,404
normalization_to_ready,4,15,50249,50653,404
normalization_to_ready,5,0,50882,51286,404
normalization_to_ready,5,1,51509,51913,404
normalization_to_ready,5,2,52136,52540,404
normalization_to_ready,5,3,52763,53167,404
normalization_to_ready,5,4,53396,53800,404
normalization_to_ready,5,5,54023,54427,404
normalization_to_ready,5,6,54650,55054,404
normalization_to_ready,5,7,55277,55681,404
normalization_to_ready,5,8,55910,56314,404
normalization_to_ready,5,9,56537,56941,404
normalization_to_ready,5,10,57164,57568,404
normalization_to_ready,5,11,57791,58195,404
normalization_to_ready,5,12,58424,58828,404
normalization_to_ready,5,13,59051,59455,404
normalization_to_ready,5,14,59678,60082,404
normalization_to_ready,5,15,60305,60709,404
normalization_to_ready,6,0,60938,61342,404
normalization_to_ready,6,1,61565,61969,404
normalization_to_ready,6,2,62192,62596,404
normalization_to_ready,6,3,62819,63223,404
normalization_to_ready,6,4,63452,63856,404
normalization_to_ready,6,5,64079,64483,404
normalization_to_ready,6,6,64706,65110,404
normalization_to_ready,6,7,65333,65737,404
normalization_to_ready,6,8,65966,66370,404
normalization_to_ready,6,9,66593,66997,404
normalization_to_ready,6,10,67220,67624,404
normalization_to_ready,6,11,67847,68251,404
normalization_to_ready,6,12,68480,68884,404
normalization_to_ready,6,13,69107,69511,404
normalization_to_ready,6,14,69734,70138,404
normalization_to_ready,6,15,70361,70765,404
normalization_to_ready,7,0,70994,71398,404
normalization_to_ready,7,1,71621,72025,404
normalization_to_ready,7,2,72248,72652,404
normalization_to_ready,7,3,72875,73279,404
normalization_to_ready,7,4,73508,73912,404
normalization_to_ready,7,5,74135,74539,404
normalization_to_ready,7,6,74762,75166,404
normalization_to_ready,7,7,75389,75793,404
normalization_to_ready,7,8,76022,76426,404
normalization_to_ready,7,9,76649,77053,404
normalization_to_ready,7,10,77276,77680,404
normalization_to_ready,7,11,77903,78307,404
normalization_to_ready,7,12,78536,78940,404
normalization_to_ready,7,13,79163,79567,404
normalization_to_ready,7,14,79790,80194,404
normalization_to_ready,7,15,80417,80821,404
normalization_to_ready,8,0,81050,81454,404
normalization_to_ready,8,1,81677,82081,404
normalization_to_ready,8,2,82304,82708,404
normalization_to_ready,8,3,82931,83335,404
normalization_to_ready,8,4,83564,83968,404
normalization_to_ready,8,5,84191,84595,404
normalization_to_ready,8,6,84818,85222,404
normalization_to_ready,8,7,85445,85849,404
normalization_to_ready,8,8,86078,86482,404
normalization_to_ready,8,9,86705,87109,404
normalization_to_ready,8,10,87332,87736,404
normalization_to_ready,8,11,87959,88363,404
normalization_to_ready,8,12,88592,88996,404
normalization_to_ready,8,13,89219,89623,404
normalization_to_ready,8,14,89846,90250,404
normalization_to_ready,8,15,90473,90877,404
normalization_to_ready,9,0,91106,91510,404
normalization_to_ready,9,1,91733,92137,404
normalization_to_ready,9,2,92360,92764,404
normalization_to_ready,9,3,92987,93391,404
normalization_to_ready,9,4,93620,94024,404
normalization_to_ready,9,5,94247,94651,404
normalization_to_ready,9,6,94874,95278,404
normalization_to_ready,9,7,95501,95905,404
normalization_to_ready,9,8,96134,96538,404
normalization_to_ready,9,9,96761,97165,404
normalization_to_ready,9,10,97388,97792,404
normalization_to_ready,9,11,98015,98419,404
normalization_to_ready,9,12,98648,99052,404
normalization_to_ready,9,13,99275,99679,404
normalization_to_ready,9,14,99902,100306,404
normalization_to_ready,9,15,100529,100933,404
normalization_to_ready,10,0,101162,101566,404
normalization_to_ready,10,1,101789,102193,404
normalization_to_ready,10,2,102416,102820,404
normalization_to_ready,10,3,103043,103447,404
normalization_to_ready,10,4,103676,104080,404
normalization_to_ready,10,5,104303,104707,404
normalization_to_ready,10,6,104930,105334,404
normalization_to_ready,10,7,105557,105961,404
normalization_to_ready,10,8,106190,106594,404
normalization_to_ready,10,9,106817,107221,404
normalization_to_ready,10,10,107444,107848,404
normalization_to_ready,10,11,108071,108475,404
normalization_to_ready,10,12,108704,109108,404
normalization_to_ready,10,13,109331,109735,404
normalization_to_ready,10,14,109958,110362,404
normalization_to_ready,10,15,110585,110989,404
normalization_to_ready,11,0,111218,111622,404
normalization_to_ready,11,1,111845,112249,404
normalization_to_ready,11,2,112472,112876,404
normalization_to_ready,11,3,113099,113503,404
normalization_to_ready,11,4,113732,114136,404
normalization_to_ready,11,5,114359,114763,404
normalization_to_ready,11,6,114986,115390,404
normalization_to_ready,11,7,115613,116017,404
normalization_to_ready,11,8,116246,116650,404
normalization_to_ready,11,9,116873,117277,404
normalization_to_ready,11,10,117500,117904,404
normalization_to_ready,11,11,118127,118531,404
normalization_to_ready,11,12,118760,119164,404
normalization_to_ready,11,13,119387,119791,404
normalization_to_ready,11,14,120014,120418,404
normalization_to_ready,11,15,120641,121045,404
normalization_to_ready,12,0,121274,121678,404
normalization_to_ready,12,1,121901,122305,404
normalization_to_ready,12,2,122528,122932,404
normalization_to_ready,12,3,123155,123559,404
normalization_to_ready,12,4,123788,124192,404
normalization_to_ready,12,5,124415,124819,404
normalization_to_ready,12,6,125042,125446,404
normalization_to_ready,12,7,125669,126073,404
normalization_to_ready,12,8,126302,126706,404
normalization_to_ready,12,9,126929,127333,404
normalization_to_ready,12,10,127556,127960,404
normalization_to_ready,12,11,128183,128587,404
normalization_to_ready,12,12,128816,129220,404
normalization_to_ready,12,13,129443,129847,404
normalization_to_ready,12,14,130070,130474,404
normalization_to_ready,12,15,130697,131101,404
normalization_to_ready,13,0,131330,131734,404
normalization_to_ready,13,1,131957,132361,404
normalization_to_ready,13,2,132584,132988,404
normalization_to_ready,13,3,133211,133615,404
normalization_to_ready,13,4,133844,134248,404
normalization_to_ready,13,5,134471,134875,404
normalization_to_ready,13,6,135098,135502,404
normalization_to_ready,13,7,135725,136129,404
normalization_to_ready,13,8,136358,136762,404
normalization_to_ready,13,9,136985,137389,404
normalization_to_ready,13,10,137612,138016,404
normalization_to_ready,13,11,138239,138643,404
normalization_to_ready,13,12,138872,139276,404
normalization_to_ready,13,13,139499,139903,404
normalization_to_ready,13,14,140126,140530,404
normalization_to_ready,13,15,140753,141157,404
normalization_to_ready,14,0,141386,141790,404
normalization_to_ready,14,1,142013,142417,404
normalization_to_ready,14,2,142640,143044,404
normalization_to_ready,14,3,143267,143671,404
normalization_to_ready,14,4,143900,144304,404
normalization_to_ready,14,5,144527,144931,404
normalization_to_ready,14,6,145154,145558,404
normalization_to_ready,14,7,145781,146185,404
normalization_to_ready,14,8,146414,146818,404
normalization_to_ready,14,9,147041,147445,404
normalization_to_ready,14,10,147668,148072,404
normalization_to_ready,14,11,148295,148699,404
normalization_to_ready,14,12,148928,149332,404
normalization_to_ready,14,13,149555,149959,404
normalization_to_ready,14,14,150182,150586,404
normalization_to_ready,14,15,150809,151213,404
normalization_to_ready,15,0,151442,151846,404
normalization_to_ready,15,1,152069,152473,404
normalization_to_ready,15,2,152696,153100,404
normalization_to_ready,15,3,153323,153727,404
normalization_to_ready,15,4,153956,154360,404
normalization_to_ready,15,5,154583,154987,404
normalization_to_ready,15,6,155210,155614,404
normalization_to_ready,15,7,155837,156241,404
normalization_to_ready,15,8,156470,156874,404
normalization_to_ready,15,9,157097,157501,404
normalization_to_ready,15,10,157724,158128,404
normalization_to_ready,15,11,158351,158755,404
normalization_to_ready,15,12,158984,159388,404
normalization_to_ready,15,13,159611,160015,404
normalization_to_ready,15,14,160238,160642,404
normalization_to_ready,15,15,160865,161269,404
normalization_to_ready,16,0,161498,161902,404
normalization_to_ready,16,1,162125,162529,404
normalization_to_ready,16,2,162752,163156,404
normalization_to_ready,16,3,163379,163783,404
normalization_to_ready,16,4,164012,164416,404
normalization_to_ready,16,5,164639,165043,404
normalization_to_ready,16,6,165266,165670,404
normalization_to_ready,16,7,165893,166297,404
normalization_to_ready,16,8,166526,166930,404
normalization_to_ready,16,9,167153,167557,404
normalization_to_ready,16,10,167780,168184,404
normalization_to_ready,16,11,168407,168811,404
normalization_to_ready,16,12,169040,169444,404
normalization_to_ready,16,13,169667,170071,404
normalization_to_ready,16,14,170294,170698,404
normalization_to_ready,16,15,170921,171325,404
normalization_to_ready,17,0,171554,171958,404
normalization_to_ready,17,1,172181,172585,404
normalization_to_ready,17,2,172808,173212,404
normalization_to_ready,17,3,173435,173839,404
normalization_to_ready,17,4,174068,174472,404
normalization_to_ready,17,5,174695,175099,404
normalization_to_ready,17,6,175322,175726,404
normalization_to_ready,17,7,175949,176353,404
normalization_to_ready,17,8,176582,176986,404
normalization_to_ready,17,9,177209,177613,404
normalization_to_ready,17,10,177836,178240,404
normalization_to_ready,17,11,178463,178867,404
normalization_to_ready,17,12,179096,179500,404
normalization_to_ready,17,13,179723,180127,404
normalization_to_ready,17,14,180350,180754,404
normalization_to_ready,17,15,180977,181381,404
normalization_to_ready,18,0,181610,182014,404
normalization_to_ready,18,1,182237,182641,404
normalization_to_ready,18,2,182864,183268,404
normalization_to_ready,18,3,183491,183895,404
normalization_to_ready,18,4,184124,184528,404
normalization_to_ready,18,5,184751,185155,404
normalization_to_ready,18,6,185378,185782,404
normalization_to_ready,18,7,186005,186409,404
normalization_to_ready,18,8,186638,187042,404
normalization_to_ready,18,9,187265,187669,404
normalization_to_ready,18,10,187892,188296,404
normalization_to_ready,18,11,188519,188923,404
normalization_to_ready,18,12,189152,189556,404
normalization_to_ready,18,13,189779,190183,404
normalization_to_ready,18,14,190406,190810,404
normalization_to_ready,18,15,191033,191437,404
normalization_to_ready,19,0,191666,192070,404
normalization_to_ready,19,1,192293,192697,404
normalization_to_ready,19,2,192920,193324,404
normalization_to_ready,19,3,193547,193951,404
normalization_to_ready,19,4,194180,194584,404
normalization_to_ready,19,5,194807,195211,404
normalization_to_ready,19,6,195434,195838,404
normalization_to_ready,19,7,196061,196465,404
normalization_to_ready,19,8,196694,197098,404
normalization_to_ready,19,9,197321,197725,404
normalization_to_ready,19,10,197948,198352,404
normalization_to_ready,19,11,198575,198979,404
normalization_to_ready,19,12,199208,199612,404
normalization_to_ready,19,13,199835,200239,404
normalization_to_ready,19,14,200462,200866,404
normalization_to_ready,19,15,201089,201493,404
normalization_to_ready,20,0,201722,202126,404
normalization_to_ready,20,1,202349,202753,404
normalization_to_ready,20,2,202976,203380,404
normalization_to_ready,20,3,203603,204007,404
normalization_to_ready,20,4,204236,204640,404
normalization_to_ready,20,5,204863,205267,404
normalization_to_ready,20,6,205490,205894,404
normalization_to_ready,20,7,206117,206521,404
normalization_to_ready,20,8,206750,207154,404
normalization_to_ready,20,9,207377,207781,404
normalization_to_ready,20,10,208004,208408,404
normalization_to_ready,20,11,208631,209035,404
normalization_to_ready,20,12,209264,209668,404
normalization_to_ready,20,13,209891,210295,404
normalization_to_ready,20,14,210518,210922,404
normalization_to_ready,20,15,211145,211549,404
normalization_to_ready,21,0,211778,212182,404
normalization_to_ready,21,1,212405,212809,404
normalization_to_ready,21,2,213032,213436,404
normalization_to_ready,21,3,213659,214063,404
normalization_to_ready,21,4,214292,214696,404
normalization_to_ready,21,5,214919,215323,404
normalization_to_ready,21,6,215546,215950,404
normalization_to_ready,21,7,216173,216577,404
normalization_to_ready,21,8,216806,217210,404
normalization_to_ready,21,9,217433,217837,404
normalization_to_ready,21,10,218060,218464,404
normalization_to_ready,21,11,218687,219091,404
normalization_to_ready,21,12,219320,219724,404
normalization_to_ready,21,13,219947,220351,404
normalization_to_ready,21,14,220574,220978,404
normalization_to_ready,21,15,221201,221605,404
normalization_to_ready,22,0,221834,222238,404
normalization_to_ready,22,1,222461,222865,404
normalization_to_ready,22,2,223088,223492,404
normalization_to_ready,22,3,223715,224119,404
normalization_to_ready,22,4,224348,224752,404
normalization_to_ready,22,5,224975,225379,404
normalization_to_ready,22,6,225602,226006,404
normalization_to_ready,22,7,226229,226633,404
normalization_to_ready,22,8,226862,227266,404
normalization_to_ready,22,9,227489,227893,404
normalization_to_ready,22,10,228116,228520,404
normalization_to_ready,22,11,228743,229147,404
normalization_to_ready,22,12,229376,229780,404
normalization_to_ready,22,13,230003,230407,404
normalization_to_ready,22,14,230630,231034,404
normalization_to_ready,22,15,231257,231661,404
normalization_to_ready,23,0,231890,232294,404
normalization_to_ready,23,1,232517,232921,404
normalization_to_ready,23,2,233144,233548,404
normalization_to_ready,23,3,233771,234175,404
normalization_to_ready,23,4,234404,234808,404
normalization_to_ready,23,5,235031,235435,404
normalization_to_ready,23,6,235658,236062,404
normalization_to_ready,23,7,236285,236689,404
normalization_to_ready,23,8,236918,237322,404
normalization_to_ready,23,9,237545,237949,404
normalization_to_ready,23,10,238172,238576,404
normalization_to_ready,23,11,238799,239203,404
normalization_to_ready,23,12,239432,239836,404
normalization_to_ready,23,13,240059,240463,404
normalization_to_ready,23,14,240686,241090,404
normalization_to_ready,23,15,241313,241717,404
normalization_to_ready,24,0,241946,242350,404
normalization_to_ready,24,1,242573,242977,404
normalization_to_ready,24,2,243200,243604,404
normalization_to_ready,24,3,243827,244231,404
normalization_to_ready,24,4,244460,244864,404
normalization_to_ready,24,5,245087,245491,404
normalization_to_ready,24,6,245714,246118,404
normalization_to_ready,24,7,246341,246745,404
normalization_to_ready,24,8,246974,247378,404
normalization_to_ready,24,9,247601,248005,404
normalization_to_ready,24,10,248228,248632,404
normalization_to_ready,24,11,248855,249259,404
normalization_to_ready,24,12,249488,249892,404
normalization_to_ready,24,13,250115,250519,404
normalization_to_ready,24,14,250742,251146,404
normalization_to_ready,24,15,251369,251773,404
normalization_to_ready,25,0,252002,252406,404
normalization_to_ready,25,1,252629,253033,404
normalization_to_ready,25,2,253256,253660,404
normalization_to_ready,25,3,253883,254287,404
normalization_to_ready,25,4,254516,254920,404
normalization_to_ready,25,5,255143,255547,404
normalization_to_ready,25,6,255770,256174,404
normalization_to_ready,25,7,256397,256801,404
normalization_to_ready,25,8,257030,257434,404
normalization_to_ready,25,9,257657,258061,404
normalization_to_ready,25,10,258284,258688,404
normalization_to_ready,25,11,258911,259315,404
normalization_to_ready,25,12,259544,259948,404
normalization_to_ready,25,13,260171,260575,404
normalization_to_ready,25,14,260798,261202,404
normalization_to_ready,25,15,261425,261829,404
normalization_to_ready,26,0,262058,262462,404
normalization_to_ready,26,1,262685,263089,404
normalization_to_ready,26,2,263312,263716,404
normalization_to_ready,26,3,263939,264343,404
normalization_to_ready,26,4,264572,264976,404
normalization_to_ready,26,5,265199,265603,404
normalization_to_ready,26,6,265826,266230,404
normalization_to_ready,26,7,266453,266857,404
normalization_to_ready,26,8,267086,267490,404
normalization_to_ready,26,9,267713,268117,404
normalization_to_ready,26,10,268340,268744,404
normalization_to_ready,26,11,268967,269371,404
normalization_to_ready,26,12,269600,270004,404
normalization_to_ready,26,13,270227,270631,404
normalization_to_ready,26,14,270854,271258,404
normalization_to_ready,26,15,271481,271885,404
normalization_to_ready,27,0,272114,272518,404
normalization_to_ready,27,1,272741,273145,404
normalization_to_ready,27,2,273368,273772,404
normalization_to_ready,27,3,273995,274399,404
normalization_to_ready,27,4,274628,275032,404
normalization_to_ready,27,5,275255,275659,404
normalization_to_ready,27,6,275882,276286,404
normalization_to_ready,27,7,276509,276913,404
normalization_to_ready,27,8,277142,277546,404
normalization_to_ready,27,9,277769,278173,404
normalization_to_ready,27,10,278396,278800,404
normalization_to_ready,27,11,279023,279427,404
normalization_to_ready,27,12,279656,280060,404
normalization_to_ready,27,13,280283,280687,404
normalization_to_ready,27,14,280910,281314,404
normalization_to_ready,27,15,281537,281941,404
normalization_to_ready,28,0,282170,282574,404
normalization_to_ready,28,1,282797,283201,404
normalization_to_ready,28,2,283424,283828,404
normalization_to_ready,28,3,284051,284455,404
normalization_to_ready,28,4,284684,285088,404
normalization_to_ready,28,5,285311,285715,404
normalization_to_ready,28,6,285938,286342,404
normalization_to_ready,28,7,286565,286969,404
normalization_to_ready,28,8,287198,287602,404
normalization_to_ready,28,9,287825,288229,404
normalization_to_ready,28,10,288452,288856,404
normalization_to_ready,28,11,289079,289483,404
normalization_to_ready,28,12,289712,290116,404
normalization_to_ready,28,13,290339,290743,404
normalization_to_ready,28,14,290966,291370,404
normalization_to_ready,28,15,291593,291997,404
normalization_to_ready,29,0,292226,292630,404
normalization_to_ready,29,1,292853,293257,404
normalization_to_ready,29,2,293480,293884,404
normalization_to_ready,29,3,294107,294511,404
normalization_to_ready,29,4,294740,295144,404
normalization_to_ready,29,5,295367,295771,404
normalization_to_ready,29,6,295994,296398,404
normalization_to_ready,29,7,296621,297025,404
normalization_to_ready,29,8,297254,297658,404
normalization_to_ready,29,9,297881,298285,404
normalization_to_ready,29,10,298508,298912,404
normalization_to_ready,29,11,299135,299539,404
normalization_to_ready,29,12,299768,300172,404
normalization_to_ready,29,13,300395,300799,404
normalization_to_ready,29,14,301022,301426,404
normalization_to_ready,29,15,301649,302053,404
normalization_to_ready,30,0,302282,302686,404
normalization_to_ready,30,1,302909,303313,404
normalization_to_ready,30,2,303536,303940,404
normalization_to_ready,30,3,304163,304567,404
normalization_to_ready,30,4,304796,305200,404
normalization_to_ready,30,5,305423,305827,404
normalization_to_ready,30,6,306050,306454,404
normalization_to_ready,30,7,306677,307081,404
normalization_to_ready,30,8,307310,307714,404
normalization_to_ready,30,9,307937,308341,404
normalization_to_ready,30,10,308564,308968,404
normalization_to_ready,30,11,309191,309595,404
normalization_to_ready,30,12,309824,310228,404
normalization_to_ready,30,13,310451,310855,404
normalization_to_ready,30,14,311078,311482,404
normalization_to_ready,30,15,311705,312109,404
normalization_to_ready,31,0,312338,312742,404
normalization_to_ready,31,1,312965,313369,404
normalization_to_ready,31,2,313592,313996,404
normalization_to_ready,31,3,314219,314623,404
normalization_to_ready,31,4,314852,315256,404
normalization_to_ready,31,5,315479,315883,404
normalization_to_ready,31,6,316106,316510,404
normalization_to_ready,31,7,316733,317137,404
normalization_to_ready,31,8,317366,317770,404
normalization_to_ready,31,9,317993,318397,404
normalization_to_ready,31,10,318620,319024,404
normalization_to_ready,31,11,319247,319651,404
normalization_to_ready,31,12,319880,320284,404
normalization_to_ready,31,13,320507,320911,404
normalization_to_ready,31,14,321134,321538,404
normalization_to_ready,31,15,321761,322165,404
normalization_to_ready,32,0,322394,322798,404
normalization_to_ready,32,1,323021,323425,404
normalization_to_ready,32,2,323648,324052,404
normalization_to_ready,32,3,324275,324679,404
normalization_to_ready,32,4,324908,325312,404
normalization_to_ready,32,5,325535,325939,404
normalization_to_ready,32,6,326162,326566,404
normalization_to_ready,32,7,326789,327193,404
normalization_to_ready,32,8,327422,327826,404
normalization_to_ready,32,9,328049,328453,404
normalization_to_ready,32,10,328676,329080,404
normalization_to_ready,32,11,329303,329707,404
normalization_to_ready,32,12,329936,330340,404
normalization_to_ready,32,13,330563,330967,404
normalization_to_ready,32,14,331190,331594,404
normalization_to_ready,32,15,331817,332221,404
normalization_to_ready,33,0,332450,332854,404
normalization_to_ready,33,1,333077,333481,404
normalization_to_ready,33,2,333704,334108,404
normalization_to_ready,33,3,334331,334735,404
normalization_to_ready,33,4,334964,335368,404
normalization_to_ready,33,5,335591,335995,404
normalization_to_ready,33,6,336218,336622,404
normalization_to_ready,33,7,336845,337249,404
normalization_to_ready,33,8,337478,337882,404
normalization_to_ready,33,9,338105,338509,404
normalization_to_ready,33,10,338732,339136,404
normalization_to_ready,33,11,339359,339763,404
normalization_to_ready,33,12,339992,340396,404
normalization_to_ready,33,13,340619,341023,404
normalization_to_ready,33,14,341246,341650,404
normalization_to_ready,33,15,341873,342277,404
normalization_to_ready,34,0,342506,342910,404
normalization_to_ready,34,1,343133,343537,404
normalization_to_ready,34,2,343760,344164,404
normalization_to_ready,34,3,344387,344791,404
normalization_to_ready,34,4,345020,345424,404
normalization_to_ready,34,5,345647,346051,404
normalization_to_ready,34,6,346274,346678,404
normalization_to_ready,34,7,346901,347305,404
normalization_to_ready,34,8,347534,347938,404
normalization_to_ready,34,9,348161,348565,404
normalization_to_ready,34,10,348788,349192,404
normalization_to_ready,34,11,349415,349819,404
normalization_to_ready,34,12,350048,350452,404
normalization_to_ready,34,13,350675,351079,404
normalization_to_ready,34,14,351302,351706,404
normalization_to_ready,34,15,351929,352333,404
normalization_to_ready,35,0,352562,352966,404
normalization_to_ready,35,1,353189,353593,404
normalization_to_ready,35,2,353816,354220,404
normalization_to_ready,35,3,354443,354847,404
normalization_to_ready,35,4,355076,355480,404
normalization_to_ready,35,5,355703,356107,404
normalization_to_ready,35,6,356330,356734,404
normalization_to_ready,35,7,356957,357361,404
normalization_to_ready,35,8,357590,357994,404
normalization_to_ready,35,9,358217,358621,404
normalization_to_ready,35,10,358844,359248,404
normalization_to_ready,35,11,359471,359875,404
normalization_to_ready,35,12,360104,360508,404
normalization_to_ready,35,13,360731,361135,404
normalization_to_ready,35,14,361358,361762,404
normalization_to_ready,35,15,361985,362389,404
normalization_to_ready,36,0,362618,363022,404
normalization_to_ready,36,1,363245,363649,404
normalization_to_ready,36,2,363872,364276,404
normalization_to_ready,36,3,364499,364903,404
normalization_to_ready,36,4,365132,365536,404
normalization_to_ready,36,5,365759,366163,404
normalization_to_ready,36,6,366386,366790,404
normalization_to_ready,36,7,367013,367417,404
normalization_to_ready,36,8,367646,368050,404
normalization_to_ready,36,9,368273,368677,404
normalization_to_ready,36,10,368900,369304,404
normalization_to_ready,36,11,369527,369931,404
normalization_to_ready,36,12,370160,370564,404
normalization_to_ready,36,13,370787,371191,404
normalization_to_ready,36,14,371414,371818,404
normalization_to_ready,36,15,372041,372445,404
normalization_to_ready,37,0,372674,373078,404
normalization_to_ready,37,1,373301,373705,404
normalization_to_ready,37,2,373928,374332,404
normalization_to_ready,37,3,374555,374959,404
normalization_to_ready,37,4,375188,375592,404
normalization_to_ready,37,5,375815,376219,404
normalization_to_ready,37,6,376442,376846,404
normalization_to_ready,37,7,377069,377473,404
normalization_to_ready,37,8,377702,378106,404
normalization_to_ready,37,9,378329,378733,404
normalization_to_ready,37,10,378956,379360,404
normalization_to_ready,37,11,379583,379987,404
normalization_to_ready,37,12,380216,380620,404
normalization_to_ready,37,13,380843,381247,404
normalization_to_ready,37,14,381470,381874,404
normalization_to_ready,37,15,382097,382501,404
normalization_to_ready,38,0,382730,383134,404
normalization_to_ready,38,1,383357,383761,404
normalization_to_ready,38,2,383984,384388,404
normalization_to_ready,38,3,384611,385015,404
normalization_to_ready,38,4,385244,385648,404
normalization_to_ready,38,5,385871,386275,404
normalization_to_ready,38,6,386498,386902,404
normalization_to_ready,38,7,387125,387529,404
normalization_to_ready,38,8,387758,388162,404
normalization_to_ready,38,9,388385,388789,404
normalization_to_ready,38,10,389012,389416,404
normalization_to_ready,38,11,389639,390043,404
normalization_to_ready,38,12,390272,390676,404
normalization_to_ready,38,13,390899,391303,404
normalization_to_ready,38,14,391526,391930,404
normalization_to_ready,38,15,392153,392557,404
normalization_to_ready,39,0,392786,393190,404
normalization_to_ready,39,1,393413,393817,404
normalization_to_ready,39,2,394040,394444,404
normalization_to_ready,39,3,394667,395071,404
normalization_to_ready,39,4,395300,395704,404
normalization_to_ready,39,5,395927,396331,404
normalization_to_ready,39,6,396554,396958,404
normalization_to_ready,39,7,397181,397585,404
normalization_to_ready,39,8,397814,398218,404
normalization_to_ready,39,9,398441,398845,404
normalization_to_ready,39,10,399068,399472,404
normalization_to_ready,39,11,399695,400099,404
normalization_to_ready,39,12,400328,400732,404
normalization_to_ready,39,13,400955,401359,404
normalization_to_ready,39,14,401582,401986,404
normalization_to_ready,39,15,402209,402613,404
normalization_to_ready,40,0,402842,403246,404
normalization_to_ready,40,1,403469,403873,404
normalization_to_ready,40,2,404096,404500,404
normalization_to_ready,40,3,404723,405127,404
normalization_to_ready,40,4,405356,405760,404
normalization_to_ready,40,5,405983,406387,404
normalization_to_ready,40,6,406610,407014,404
normalization_to_ready,40,7,407237,407641,404
normalization_to_ready,40,8,407870,408274,404
normalization_to_ready,40,9,408497,408901,404
normalization_to_ready,40,10,409124,409528,404
normalization_to_ready,40,11,409751,410155,404
normalization_to_ready,40,12,410384,410788,404
normalization_to_ready,40,13,411011,411415,404
normalization_to_ready,40,14,411638,412042,404
normalization_to_ready,40,15,412265,412669,404
normalization_to_ready,41,0,412898,413302,404
normalization_to_ready,41,1,413525,413929,404
normalization_to_ready,41,2,414152,414556,404
normalization_to_ready,41,3,414779,415183,404
normalization_to_ready,41,4,415412,415816,404
normalization_to_ready,41,5,416039,416443,404
normalization_to_ready,41,6,416666,417070,404
normalization_to_ready,41,7,417293,417697,404
normalization_to_ready,41,8,417926,418330,404
normalization_to_ready,41,9,418553,418957,404
normalization_to_ready,41,10,419180,419584,404
normalization_to_ready,41,11,419807,420211,404
normalization_to_ready,41,12,420440,420844,404
normalization_to_ready,41,13,421067,421471,404
normalization_to_ready,41,14,421694,422098,404
normalization_to_ready,41,15,422321,422725,404
normalization_to_ready,42,0,422954,423358,404
normalization_to_ready,42,1,423581,423985,404
normalization_to_ready,42,2,424208,424612,404
normalization_to_ready,42,3,424835,425239,404
normalization_to_ready,42,4,425468,425872,404
normalization_to_ready,42,5,426095,426499,404
normalization_to_ready,42,6,426722,427126,404
normalization_to_ready,42,7,427349,427753,404
normalization_to_ready,42,8,427982,428386,404
normalization_to_ready,42,9,428609,429013,404
normalization_to_ready,42,10,429236,429640,404
normalization_to_ready,42,11,429863,430267,404
normalization_to_ready,42,12,430496,430900,404
normalization_to_ready,42,13,431123,431527,404
normalization_to_ready,42,14,431750,432154,404
normalization_to_ready,42,15,432377,432781,404
normalization_to_ready,43,0,433010,433414,404
normalization_to_ready,43,1,433637,434041,404
normalization_to_ready,43,2,434264,434668,404
normalization_to_ready,43,3,434891,435295,404
normalization_to_ready,43,4,435524,435928,404
normalization_to_ready,43,5,436151,436555,404
normalization_to_ready,43,6,436778,437182,404
normalization_to_ready,43,7,437405,437809,404
normalization_to_ready,43,8,438038,438442,404
normalization_to_ready,43,9,438665,439069,404
normalization_to_ready,43,10,439292,439696,404
normalization_to_ready,43,11,439919,440323,404
normalization_to_ready,43,12,440552,440956,404
normalization_to_ready,43,13,441179,441583,404
normalization_to_ready,43,14,441806,442210,404
normalization_to_ready,43,15,442433,442837,404
normalization_to_ready,44,0,443066,443470,404
normalization_to_ready,44,1,443693,444097,404
normalization_to_ready,44,2,444320,444724,404
normalization_to_ready,44,3,444947,445351,404
normalization_to_ready,44,4,445580,445984,404
normalization_to_ready,44,5,446207,446611,404
normalization_to_ready,44,6,446834,447238,404
normalization_to_ready,44,7,447461,447865,404
normalization_to_ready,44,8,448094,448498,404
normalization_to_ready,44,9,448721,449125,404
normalization_to_ready,44,10,449348,449752,404
normalization_to_ready,44,11,449975,450379,404
normalization_to_ready,44,12,450608,451012,404
normalization_to_ready,44,13,451235,451639,404
normalization_to_ready,44,14,451862,452266,404
normalization_to_ready,44,15,452489,452893,404
normalization_to_ready,45,0,453122,453526,404
normalization_to_ready,45,1,453749,454153,404
normalization_to_ready,45,2,454376,454780,404
normalization_to_ready,45,3,455003,455407,404
normalization_to_ready,45,4,455636,456040,404
normalization_to_ready,45,5,456263,456667,404
normalization_to_ready,45,6,456890,457294,404
normalization_to_ready,45,7,457517,457921,404
normalization_to_ready,45,8,458150,458554,404
normalization_to_ready,45,9,458777,459181,404
normalization_to_ready,45,10,459404,459808,404
normalization_to_ready,45,11,460031,460435,404
normalization_to_ready,45,12,460664,461068,404
normalization_to_ready,45,13,461291,461695,404
normalization_to_ready,45,14,461918,462322,404
normalization_to_ready,45,15,462545,462949,404
normalization_to_ready,46,0,463178,463582,404
normalization_to_ready,46,1,463805,464209,404
normalization_to_ready,46,2,464432,464836,404
normalization_to_ready,46,3,465059,465463,404
normalization_to_ready,46,4,465692,466096,404
normalization_to_ready,46,5,466319,466723,404
normalization_to_ready,46,6,466946,467350,404
normalization_to_ready,46,7,467573,467977,404
normalization_to_ready,46,8,468206,468610,404
normalization_to_ready,46,9,468833,469237,404
normalization_to_ready,46,10,469460,469864,404
normalization_to_ready,46,11,470087,470491,404
normalization_to_ready,46,12,470720,471124,404
normalization_to_ready,46,13,471347,471751,404
normalization_to_ready,46,14,471974,472378,404
normalization_to_ready,46,15,472601,473005,404
normalization_to_ready,47,0,473234,473638,404
normalization_to_ready,47,1,473861,474265,404
normalization_to_ready,47,2,474488,474892,404
normalization_to_ready,47,3,475115,475519,404
normalization_to_ready,47,4,475748,476152,404
normalization_to_ready,47,5,476375,476779,404
normalization_to_ready,47,6,477002,477406,404
normalization_to_ready,47,7,477629,478033,404
normalization_to_ready,47,8,478262,478666,404
normalization_to_ready,47,9,478889,479293,404
normalization_to_ready,47,10,479516,479920,404
normalization_to_ready,47,11,480143,480547,404
normalization_to_ready,47,12,480776,481180,404
normalization_to_ready,47,13,481403,481807,404
normalization_to_ready,47,14,482030,482434,404
normalization_to_ready,47,15,482657,483061,404
normalization_to_ready,48,0,483290,483694,404
normalization_to_ready,48,1,483917,484321,404
normalization_to_ready,48,2,484544,484948,404
normalization_to_ready,48,3,485171,485575,404
normalization_to_ready,48,4,485804,486208,404
normalization_to_ready,48,5,486431,486835,404
normalization_to_ready,48,6,487058,487462,404
normalization_to_ready,48,7,487685,488089,404
normalization_to_ready,48,8,488318,488722,404
normalization_to_ready,48,9,488945,489349,404
normalization_to_ready,48,10,489572,489976,404
normalization_to_ready,48,11,490199,490603,404
normalization_to_ready,48,12,490832,491236,404
normalization_to_ready,48,13,491459,491863,404
normalization_to_ready,48,14,492086,492490,404
normalization_to_ready,48,15,492713,493117,404
normalization_to_ready,49,0,493346,493750,404
normalization_to_ready,49,1,493973,494377,404
normalization_to_ready,49,2,494600,495004,404
normalization_to_ready,49,3,495227,495631,404
normalization_to_ready,49,4,495860,496264,404
normalization_to_ready,49,5,496487,496891,404
normalization_to_ready,49,6,497114,497518,404
normalization_to_ready,49,7,497741,498145,404
normalization_to_ready,49,8,498374,498778,404
normalization_to_ready,49,9,499001,499405,404
normalization_to_ready,49,10,499628,500032,404
normalization_to_ready,49,11,500255,500659,404
normalization_to_ready,49,12,500888,501292,404
normalization_to_ready,49,13,501515,501919,404
normalization_to_ready,49,14,502142,502546,404
normalization_to_ready,49,15,502769,503173,404
normalization_to_ready,50,0,503402,503806,404
normalization_to_ready,50,1,504029,504433,404
normalization_to_ready,50,2,504656,505060,404
normalization_to_ready,50,3,505283,505687,404
normalization_to_ready,50,4,505916,506320,404
normalization_to_ready,50,5,506543,506947,404
normalization_to_ready,50,6,507170,507574,404
normalization_to_ready,50,7,507797,508201,404
normalization_to_ready,50,8,508430,508834,404
normalization_to_ready,50,9,509057,509461,404
normalization_to_ready,50,10,509684,510088,404
normalization_to_ready,50,11,510311,510715,404
normalization_to_ready,50,12,510944,511348,404
normalization_to_ready,50,13,511571,511975,404
normalization_to_ready,50,14,512198,512602,404
normalization_to_ready,50,15,512825,513229,404
normalization_to_ready,51,0,513458,513862,404
normalization_to_ready,51,1,514085,514489,404
normalization_to_ready,51,2,514712,515116,404
normalization_to_ready,51,3,515339,515743,404
normalization_to_ready,51,4,515972,516376,404
normalization_to_ready,51,5,516599,517003,404
normalization_to_ready,51,6,517226,517630,404
normalization_to_ready,51,7,517853,518257,404
normalization_to_ready,51,8,518486,518890,404
normalization_to_ready,51,9,519113,519517,404
normalization_to_ready,51,10,519740,520144,404
normalization_to_ready,51,11,520367,520771,404
normalization_to_ready,51,12,521000,521404,404
normalization_to_ready,51,13,521627,522031,404
normalization_to_ready,51,14,522254,522658,404
normalization_to_ready,51,15,522881,523285,404
normalization_to_ready,52,0,523514,523918,404
normalization_to_ready,52,1,524141,524545,404
normalization_to_ready,52,2,524768,525172,404
normalization_to_ready,52,3,525395,525799,404
normalization_to_ready,52,4,526028,526432,404
normalization_to_ready,52,5,526655,527059,404
normalization_to_ready,52,6,527282,527686,404
normalization_to_ready,52,7,527909,528313,404
normalization_to_ready,52,8,528542,528946,404
normalization_to_ready,52,9,529169,529573,404
normalization_to_ready,52,10,529796,530200,404
normalization_to_ready,52,11,530423,530827,404
normalization_to_ready,52,12,531056,531460,404
normalization_to_ready,52,13,531683,532087,404
normalization_to_ready,52,14,532310,532714,404
normalization_to_ready,52,15,532937,533341,404
normalization_to_ready,53,0,533570,533974,404
normalization_to_ready,53,1,534197,534601,404
normalization_to_ready,53,2,534824,535228,404
normalization_to_ready,53,3,535451,535855,404
normalization_to_ready,53,4,536084,536488,404
normalization_to_ready,53,5,536711,537115,404
normalization_to_ready,53,6,537338,537742,404
normalization_to_ready,53,7,537965,538369,404
normalization_to_ready,53,8,538598,539002,404
normalization_to_ready,53,9,539225,539629,404
normalization_to_ready,53,10,539852,540256,404
normalization_to_ready,53,11,540479,540883,404
normalization_to_ready,53,12,541112,541516,404
normalization_to_ready,53,13,541739,542143,404
normalization_to_ready,53,14,542366,542770,404
normalization_to_ready,53,15,542993,543397,404
normalization_to_ready,54,0,543626,544030,404
normalization_to_ready,54,1,544253,544657,404
normalization_to_ready,54,2,544880,545284,404
normalization_to_ready,54,3,545507,545911,404
normalization_to_ready,54,4,546140,546544,404
normalization_to_ready,54,5,546767,547171,404
normalization_to_ready,54,6,547394,547798,404
normalization_to_ready,54,7,548021,548425,404
normalization_to_ready,54,8,548654,549058,404
normalization_to_ready,54,9,549281,549685,404
normalization_to_ready,54,10,549908,550312,404
normalization_to_ready,54,11,550535,550939,404
normalization_to_ready,54,12,551168,551572,404
normalization_to_ready,54,13,551795,552199,404
normalization_to_ready,54,14,552422,552826,404
normalization_to_ready,54,15,553049,553453,404
normalization_to_ready,55,0,553682,554086,404
normalization_to_ready,55,1,554309,554713,404
normalization_to_ready,55,2,554936,555340,404
normalization_to_ready,55,3,555563,555967,404
normalization_to_ready,55,4,556196,556600,404
normalization_to_ready,55,5,556823,557227,404
normalization_to_ready,55,6,557450,557854,404
normalization_to_ready,55,7,558077,558481,404
normalization_to_ready,55,8,558710,559114,404
normalization_to_ready,55,9,559337,559741,404
normalization_to_ready,55,10,559964,560368,404
normalization_to_ready,55,11,560591,560995,404
normalization_to_ready,55,12,561224,561628,404
normalization_to_ready,55,13,561851,562255,404
normalization_to_ready,55,14,562478,562882,404
normalization_to_ready,55,15,563105,563509,404
normalization_to_ready,56,0,563738,564142,404
normalization_to_ready,56,1,564365,564769,404
normalization_to_ready,56,2,564992,565396,404
normalization_to_ready,56,3,565619,566023,404
normalization_to_ready,56,4,566252,566656,404
normalization_to_ready,56,5,566879,567283,404
normalization_to_ready,56,6,567506,567910,404
normalization_to_ready,56,7,568133,568537,404
normalization_to_ready,56,8,568766,569170,404
normalization_to_ready,56,9,569393,569797,404
normalization_to_ready,56,10,570020,570424,404
normalization_to_ready,56,11,570647,571051,404
normalization_to_ready,56,12,571280,571684,404
normalization_to_ready,56,13,571907,572311,404
normalization_to_ready,56,14,572534,572938,404
normalization_to_ready,56,15,573161,573565,404
normalization_to_ready,57,0,573794,574198,404
normalization_to_ready,57,1,574421,574825,404
normalization_to_ready,57,2,575048,575452,404
normalization_to_ready,57,3,575675,576079,404
normalization_to_ready,57,4,576308,576712,404
normalization_to_ready,57,5,576935,577339,404
normalization_to_ready,57,6,577562,577966,404
normalization_to_ready,57,7,578189,578593,404
normalization_to_ready,57,8,578822,579226,404
normalization_to_ready,57,9,579449,579853,404
normalization_to_ready,57,10,580076,580480,404
normalization_to_ready,57,11,580703,581107,404
normalization_to_ready,57,12,581336,581740,404
normalization_to_ready,57,13,581963,582367,404
normalization_to_ready,57,14,582590,582994,404
normalization_to_ready,57,15,583217,583621,404
normalization_to_ready,58,0,583850,584254,404
normalization_to_ready,58,1,584477,584881,404
normalization_to_ready,58,2,585104,585508,404
normalization_to_ready,58,3,585731,586135,404
normalization_to_ready,58,4,586364,586768,404
normalization_to_ready,58,5,586991,587395,404
normalization_to_ready,58,6,587618,588022,404
normalization_to_ready,58,7,588245,588649,404
normalization_to_ready,58,8,588878,589282,404
normalization_to_ready,58,9,589505,589909,404
normalization_to_ready,58,10,590132,590536,404
normalization_to_ready,58,11,590759,591163,404
normalization_to_ready,58,12,591392,591796,404
normalization_to_ready,58,13,592019,592423,404
normalization_to_ready,58,14,592646,593050,404
normalization_to_ready,58,15,593273,593677,404
normalization_to_ready,59,0,593906,594310,404
normalization_to_ready,59,1,594533,594937,404
normalization_to_ready,59,2,595160,595564,404
normalization_to_ready,59,3,595787,596191,404
normalization_to_ready,59,4,596420,596824,404
normalization_to_ready,59,5,597047,597451,404
normalization_to_ready,59,6,597674,598078,404
normalization_to_ready,59,7,598301,598705,404
normalization_to_ready,59,8,598934,599338,404
normalization_to_ready,59,9,599561,599965,404
normalization_to_ready,59,10,600188,600592,404
normalization_to_ready,59,11,600815,601219,404
normalization_to_ready,59,12,601448,601852,404
normalization_to_ready,59,13,602075,602479,404
normalization_to_ready,59,14,602702,603106,404
normalization_to_ready,59,15,603329,603733,404
normalization_to_ready,60,0,603962,604366,404
normalization_to_ready,60,1,604589,604993,404
normalization_to_ready,60,2,605216,605620,404
normalization_to_ready,60,3,605843,606247,404
normalization_to_ready,60,4,606476,606880,404
normalization_to_ready,60,5,607103,607507,404
normalization_to_ready,60,6,607730,608134,404
normalization_to_ready,60,7,608357,608761,404
normalization_to_ready,60,8,608990,609394,404
normalization_to_ready,60,9,609617,610021,404
normalization_to_ready,60,10,610244,610648,404
normalization_to_ready,60,11,610871,611275,404
normalization_to_ready,60,12,611504,611908,404
normalization_to_ready,60,13,612131,612535,404
normalization_to_ready,60,14,612758,613162,404
normalization_to_ready,60,15,613385,613789,404
normalization_to_ready,61,0,614018,614422,404
normalization_to_ready,61,1,614645,615049,404
normalization_to_ready,61,2,615272,615676,404
normalization_to_ready,61,3,615899,616303,404
normalization_to_ready,61,4,616532,616936,404
normalization_to_ready,61,5,617159,617563,404
normalization_to_ready,61,6,617786,618190,404
normalization_to_ready,61,7,618413,618817,404
normalization_to_ready,61,8,619046,619450,404
normalization_to_ready,61,9,619673,620077,404
normalization_to_ready,61,10,620300,620704,404
normalization_to_ready,61,11,620927,621331,404
normalization_to_ready,61,12,621560,621964,404
normalization_to_ready,61,13,622187,622591,404
normalization_to_ready,61,14,622814,623218,404
normalization_to_ready,61,15,623441,623845,404
normalization_to_ready,62,0,624074,624478,404
normalization_to_ready,62,1,624701,625105,404
normalization_to_ready,62,2,625328,625732,404
normalization_to_ready,62,3,625955,626359,404
normalization_to_ready,62,4,626588,626992,404
normalization_to_ready,62,5,627215,627619,404
normalization_to_ready,62,6,627842,628246,404
normalization_to_ready,62,7,628469,628873,404
normalization_to_ready,62,8,629102,629506,404
normalization_to_ready,62,9,629729,630133,404
normalization_to_ready,62,10,630356,630760,404
normalization_to_ready,62,11,630983,631387,404
normalization_to_ready,62,12,631616,632020,404
normalization_to_ready,62,13,632243,632647,404
normalization_to_ready,62,14,632870,633274,404
normalization_to_ready,62,15,633497,633901,404
normalization_to_ready,63,0,634130,634534,404
normalization_to_ready,63,1,634757,635161,404
normalization_to_ready,63,2,635384,635788,404
normalization_to_ready,63,3,636011,636415,404
normalization_to_ready,63,4,636644,637048,404
normalization_to_ready,63,5,637271,637675,404
normalization_to_ready,63,6,637898,638302,404
normalization_to_ready,63,7,638525,638929,404
normalization_to_ready,63,8,639158,639562,404
normalization_to_ready,63,9,639785,640189,404
normalization_to_ready,63,10,640412,640816,404
normalization_to_ready,63,11,641039,641443,404
normalization_to_ready,63,12,641672,642076,404
normalization_to_ready,63,13,642299,642703,404
normalization_to_ready,63,14,642926,643330,404
normalization_to_ready,63,15,643553,643957,404
normalization_output_wait,0,0,1006,1007,1
normalization_output_wait,0,1,1411,1634,223
normalization_output_wait,0,2,1816,2261,445
normalization_output_wait,0,3,2262,2888,626
normalization_output_wait,0,4,3520,3521,1
normalization_output_wait,0,5,4147,4148,1
normalization_output_wait,0,6,4774,4775,1
normalization_output_wait,0,7,5401,5402,1
normalization_output_wait,0,8,6034,6035,1
normalization_output_wait,0,9,6661,6662,1
normalization_output_wait,0,10,7288,7289,1
normalization_output_wait,0,11,7915,7916,1
normalization_output_wait,0,12,8548,8549,1
normalization_output_wait,0,13,9175,9176,1
normalization_output_wait,0,14,9802,9803,1
normalization_output_wait,0,15,10429,10430,1
normalization_output_wait,1,0,11062,11063,1
normalization_output_wait,1,1,11689,11690,1
normalization_output_wait,1,2,12316,12317,1
normalization_output_wait,1,3,12943,12944,1
normalization_output_wait,1,4,13576,13577,1
normalization_output_wait,1,5,14203,14204,1
normalization_output_wait,1,6,14830,14831,1
normalization_output_wait,1,7,15457,15458,1
normalization_output_wait,1,8,16090,16091,1
normalization_output_wait,1,9,16717,16718,1
normalization_output_wait,1,10,17344,17345,1
normalization_output_wait,1,11,17971,17972,1
normalization_output_wait,1,12,18604,18605,1
normalization_output_wait,1,13,19231,19232,1
normalization_output_wait,1,14,19858,19859,1
normalization_output_wait,1,15,20485,20486,1
normalization_output_wait,2,0,21118,21119,1
normalization_output_wait,2,1,21745,21746,1
normalization_output_wait,2,2,22372,22373,1
normalization_output_wait,2,3,22999,23000,1
normalization_output_wait,2,4,23632,23633,1
normalization_output_wait,2,5,24259,24260,1
normalization_output_wait,2,6,24886,24887,1
normalization_output_wait,2,7,25513,25514,1
normalization_output_wait,2,8,26146,26147,1
normalization_output_wait,2,9,26773,26774,1
normalization_output_wait,2,10,27400,27401,1
normalization_output_wait,2,11,28027,28028,1
normalization_output_wait,2,12,28660,28661,1
normalization_output_wait,2,13,29287,29288,1
normalization_output_wait,2,14,29914,29915,1
normalization_output_wait,2,15,30541,30542,1
normalization_output_wait,3,0,31174,31175,1
normalization_output_wait,3,1,31801,31802,1
normalization_output_wait,3,2,32428,32429,1
normalization_output_wait,3,3,33055,33056,1
normalization_output_wait,3,4,33688,33689,1
normalization_output_wait,3,5,34315,34316,1
normalization_output_wait,3,6,34942,34943,1
normalization_output_wait,3,7,35569,35570,1
normalization_output_wait,3,8,36202,36203,1
normalization_output_wait,3,9,36829,36830,1
normalization_output_wait,3,10,37456,37457,1
normalization_output_wait,3,11,38083,38084,1
normalization_output_wait,3,12,38716,38717,1
normalization_output_wait,3,13,39343,39344,1
normalization_output_wait,3,14,39970,39971,1
normalization_output_wait,3,15,40597,40598,1
normalization_output_wait,4,0,41230,41231,1
normalization_output_wait,4,1,41857,41858,1
normalization_output_wait,4,2,42484,42485,1
normalization_output_wait,4,3,43111,43112,1
normalization_output_wait,4,4,43744,43745,1
normalization_output_wait,4,5,44371,44372,1
normalization_output_wait,4,6,44998,44999,1
normalization_output_wait,4,7,45625,45626,1
normalization_output_wait,4,8,46258,46259,1
normalization_output_wait,4,9,46885,46886,1
normalization_output_wait,4,10,47512,47513,1
normalization_output_wait,4,11,48139,48140,1
normalization_output_wait,4,12,48772,48773,1
normalization_output_wait,4,13,49399,49400,1
normalization_output_wait,4,14,50026,50027,1
normalization_output_wait,4,15,50653,50654,1
normalization_output_wait,5,0,51286,51287,1
normalization_output_wait,5,1,51913,51914,1
normalization_output_wait,5,2,52540,52541,1
normalization_output_wait,5,3,53167,53168,1
normalization_output_wait,5,4,53800,53801,1
normalization_output_wait,5,5,54427,54428,1
normalization_output_wait,5,6,55054,55055,1
normalization_output_wait,5,7,55681,55682,1
normalization_output_wait,5,8,56314,56315,1
normalization_output_wait,5,9,56941,56942,1
normalization_output_wait,5,10,57568,57569,1
normalization_output_wait,5,11,58195,58196,1
normalization_output_wait,5,12,58828,58829,1
normalization_output_wait,5,13,59455,59456,1
normalization_output_wait,5,14,60082,60083,1
normalization_output_wait,5,15,60709,60710,1
normalization_output_wait,6,0,61342,61343,1
normalization_output_wait,6,1,61969,61970,1
normalization_output_wait,6,2,62596,62597,1
normalization_output_wait,6,3,63223,63224,1
normalization_output_wait,6,4,63856,63857,1
normalization_output_wait,6,5,64483,64484,1
normalization_output_wait,6,6,65110,65111,1
normalization_output_wait,6,7,65737,65738,1
normalization_output_wait,6,8,66370,66371,1
normalization_output_wait,6,9,66997,66998,1
normalization_output_wait,6,10,67624,67625,1
normalization_output_wait,6,11,68251,68252,1
normalization_output_wait,6,12,68884,68885,1
normalization_output_wait,6,13,69511,69512,1
normalization_output_wait,6,14,70138,70139,1
normalization_output_wait,6,15,70765,70766,1
normalization_output_wait,7,0,71398,71399,1
normalization_output_wait,7,1,72025,72026,1
normalization_output_wait,7,2,72652,72653,1
normalization_output_wait,7,3,73279,73280,1
normalization_output_wait,7,4,73912,73913,1
normalization_output_wait,7,5,74539,74540,1
normalization_output_wait,7,6,75166,75167,1
normalization_output_wait,7,7,75793,75794,1
normalization_output_wait,7,8,76426,76427,1
normalization_output_wait,7,9,77053,77054,1
normalization_output_wait,7,10,77680,77681,1
normalization_output_wait,7,11,78307,78308,1
normalization_output_wait,7,12,78940,78941,1
normalization_output_wait,7,13,79567,79568,1
normalization_output_wait,7,14,80194,80195,1
normalization_output_wait,7,15,80821,80822,1
normalization_output_wait,8,0,81454,81455,1
normalization_output_wait,8,1,82081,82082,1
normalization_output_wait,8,2,82708,82709,1
normalization_output_wait,8,3,83335,83336,1
normalization_output_wait,8,4,83968,83969,1
normalization_output_wait,8,5,84595,84596,1
normalization_output_wait,8,6,85222,85223,1
normalization_output_wait,8,7,85849,85850,1
normalization_output_wait,8,8,86482,86483,1
normalization_output_wait,8,9,87109,87110,1
normalization_output_wait,8,10,87736,87737,1
normalization_output_wait,8,11,88363,88364,1
normalization_output_wait,8,12,88996,88997,1
normalization_output_wait,8,13,89623,89624,1
normalization_output_wait,8,14,90250,90251,1
normalization_output_wait,8,15,90877,90878,1
normalization_output_wait,9,0,91510,91511,1
normalization_output_wait,9,1,92137,92138,1
normalization_output_wait,9,2,92764,92765,1
normalization_output_wait,9,3,93391,93392,1
normalization_output_wait,9,4,94024,94025,1
normalization_output_wait,9,5,94651,94652,1
normalization_output_wait,9,6,95278,95279,1
normalization_output_wait,9,7,95905,95906,1
normalization_output_wait,9,8,96538,96539,1
normalization_output_wait,9,9,97165,97166,1
normalization_output_wait,9,10,97792,97793,1
normalization_output_wait,9,11,98419,98420,1
normalization_output_wait,9,12,99052,99053,1
normalization_output_wait,9,13,99679,99680,1
normalization_output_wait,9,14,100306,100307,1
normalization_output_wait,9,15,100933,100934,1
normalization_output_wait,10,0,101566,101567,1
normalization_output_wait,10,1,102193,102194,1
normalization_output_wait,10,2,102820,102821,1
normalization_output_wait,10,3,103447,103448,1
normalization_output_wait,10,4,104080,104081,1
normalization_output_wait,10,5,104707,104708,1
normalization_output_wait,10,6,105334,105335,1
normalization_output_wait,10,7,105961,105962,1
normalization_output_wait,10,8,106594,106595,1
normalization_output_wait,10,9,107221,107222,1
normalization_output_wait,10,10,107848,107849,1
normalization_output_wait,10,11,108475,108476,1
normalization_output_wait,10,12,109108,109109,1
normalization_output_wait,10,13,109735,109736,1
normalization_output_wait,10,14,110362,110363,1
normalization_output_wait,10,15,110989,110990,1
normalization_output_wait,11,0,111622,111623,1
normalization_output_wait,11,1,112249,112250,1
normalization_output_wait,11,2,112876,112877,1
normalization_output_wait,11,3,113503,113504,1
normalization_output_wait,11,4,114136,114137,1
normalization_output_wait,11,5,114763,114764,1
normalization_output_wait,11,6,115390,115391,1
normalization_output_wait,11,7,116017,116018,1
normalization_output_wait,11,8,116650,116651,1
normalization_output_wait,11,9,117277,117278,1
normalization_output_wait,11,10,117904,117905,1
normalization_output_wait,11,11,118531,118532,1
normalization_output_wait,11,12,119164,119165,1
normalization_output_wait,11,13,119791,119792,1
normalization_output_wait,11,14,120418,120419,1
normalization_output_wait,11,15,121045,121046,1
normalization_output_wait,12,0,121678,121679,1
normalization_output_wait,12,1,122305,122306,1
normalization_output_wait,12,2,122932,122933,1
normalization_output_wait,12,3,123559,123560,1
normalization_output_wait,12,4,124192,124193,1
normalization_output_wait,12,5,124819,124820,1
normalization_output_wait,12,6,125446,125447,1
normalization_output_wait,12,7,126073,126074,1
normalization_output_wait,12,8,126706,126707,1
normalization_output_wait,12,9,127333,127334,1
normalization_output_wait,12,10,127960,127961,1
normalization_output_wait,12,11,128587,128588,1
normalization_output_wait,12,12,129220,129221,1
normalization_output_wait,12,13,129847,129848,1
normalization_output_wait,12,14,130474,130475,1
normalization_output_wait,12,15,131101,131102,1
normalization_output_wait,13,0,131734,131735,1
normalization_output_wait,13,1,132361,132362,1
normalization_output_wait,13,2,132988,132989,1
normalization_output_wait,13,3,133615,133616,1
normalization_output_wait,13,4,134248,134249,1
normalization_output_wait,13,5,134875,134876,1
normalization_output_wait,13,6,135502,135503,1
normalization_output_wait,13,7,136129,136130,1
normalization_output_wait,13,8,136762,136763,1
normalization_output_wait,13,9,137389,137390,1
normalization_output_wait,13,10,138016,138017,1
normalization_output_wait,13,11,138643,138644,1
normalization_output_wait,13,12,139276,139277,1
normalization_output_wait,13,13,139903,139904,1
normalization_output_wait,13,14,140530,140531,1
normalization_output_wait,13,15,141157,141158,1
normalization_output_wait,14,0,141790,141791,1
normalization_output_wait,14,1,142417,142418,1
normalization_output_wait,14,2,143044,143045,1
normalization_output_wait,14,3,143671,143672,1
normalization_output_wait,14,4,144304,144305,1
normalization_output_wait,14,5,144931,144932,1
normalization_output_wait,14,6,145558,145559,1
normalization_output_wait,14,7,146185,146186,1
normalization_output_wait,14,8,146818,146819,1
normalization_output_wait,14,9,147445,147446,1
normalization_output_wait,14,10,148072,148073,1
normalization_output_wait,14,11,148699,148700,1
normalization_output_wait,14,12,149332,149333,1
normalization_output_wait,14,13,149959,149960,1
normalization_output_wait,14,14,150586,150587,1
normalization_output_wait,14,15,151213,151214,1
normalization_output_wait,15,0,151846,151847,1
normalization_output_wait,15,1,152473,152474,1
normalization_output_wait,15,2,153100,153101,1
normalization_output_wait,15,3,153727,153728,1
normalization_output_wait,15,4,154360,154361,1
normalization_output_wait,15,5,154987,154988,1
normalization_output_wait,15,6,155614,155615,1
normalization_output_wait,15,7,156241,156242,1
normalization_output_wait,15,8,156874,156875,1
normalization_output_wait,15,9,157501,157502,1
normalization_output_wait,15,10,158128,158129,1
normalization_output_wait,15,11,158755,158756,1
normalization_output_wait,15,12,159388,159389,1
normalization_output_wait,15,13,160015,160016,1
normalization_output_wait,15,14,160642,160643,1
normalization_output_wait,15,15,161269,161270,1
normalization_output_wait,16,0,161902,161903,1
normalization_output_wait,16,1,162529,162530,1
normalization_output_wait,16,2,163156,163157,1
normalization_output_wait,16,3,163783,163784,1
normalization_output_wait,16,4,164416,164417,1
normalization_output_wait,16,5,165043,165044,1
normalization_output_wait,16,6,165670,165671,1
normalization_output_wait,16,7,166297,166298,1
normalization_output_wait,16,8,166930,166931,1
normalization_output_wait,16,9,167557,167558,1
normalization_output_wait,16,10,168184,168185,1
normalization_output_wait,16,11,168811,168812,1
normalization_output_wait,16,12,169444,169445,1
normalization_output_wait,16,13,170071,170072,1
normalization_output_wait,16,14,170698,170699,1
normalization_output_wait,16,15,171325,171326,1
normalization_output_wait,17,0,171958,171959,1
normalization_output_wait,17,1,172585,172586,1
normalization_output_wait,17,2,173212,173213,1
normalization_output_wait,17,3,173839,173840,1
normalization_output_wait,17,4,174472,174473,1
normalization_output_wait,17,5,175099,175100,1
normalization_output_wait,17,6,175726,175727,1
normalization_output_wait,17,7,176353,176354,1
normalization_output_wait,17,8,176986,176987,1
normalization_output_wait,17,9,177613,177614,1
normalization_output_wait,17,10,178240,178241,1
normalization_output_wait,17,11,178867,178868,1
normalization_output_wait,17,12,179500,179501,1
normalization_output_wait,17,13,180127,180128,1
normalization_output_wait,17,14,180754,180755,1
normalization_output_wait,17,15,181381,181382,1
normalization_output_wait,18,0,182014,182015,1
normalization_output_wait,18,1,182641,182642,1
normalization_output_wait,18,2,183268,183269,1
normalization_output_wait,18,3,183895,183896,1
normalization_output_wait,18,4,184528,184529,1
normalization_output_wait,18,5,185155,185156,1
normalization_output_wait,18,6,185782,185783,1
normalization_output_wait,18,7,186409,186410,1
normalization_output_wait,18,8,187042,187043,1
normalization_output_wait,18,9,187669,187670,1
normalization_output_wait,18,10,188296,188297,1
normalization_output_wait,18,11,188923,188924,1
normalization_output_wait,18,12,189556,189557,1
normalization_output_wait,18,13,190183,190184,1
normalization_output_wait,18,14,190810,190811,1
normalization_output_wait,18,15,191437,191438,1
normalization_output_wait,19,0,192070,192071,1
normalization_output_wait,19,1,192697,192698,1
normalization_output_wait,19,2,193324,193325,1
normalization_output_wait,19,3,193951,193952,1
normalization_output_wait,19,4,194584,194585,1
normalization_output_wait,19,5,195211,195212,1
normalization_output_wait,19,6,195838,195839,1
normalization_output_wait,19,7,196465,196466,1
normalization_output_wait,19,8,197098,197099,1
normalization_output_wait,19,9,197725,197726,1
normalization_output_wait,19,10,198352,198353,1
normalization_output_wait,19,11,198979,198980,1
normalization_output_wait,19,12,199612,199613,1
normalization_output_wait,19,13,200239,200240,1
normalization_output_wait,19,14,200866,200867,1
normalization_output_wait,19,15,201493,201494,1
normalization_output_wait,20,0,202126,202127,1
normalization_output_wait,20,1,202753,202754,1
normalization_output_wait,20,2,203380,203381,1
normalization_output_wait,20,3,204007,204008,1
normalization_output_wait,20,4,204640,204641,1
normalization_output_wait,20,5,205267,205268,1
normalization_output_wait,20,6,205894,205895,1
normalization_output_wait,20,7,206521,206522,1
normalization_output_wait,20,8,207154,207155,1
normalization_output_wait,20,9,207781,207782,1
normalization_output_wait,20,10,208408,208409,1
normalization_output_wait,20,11,209035,209036,1
normalization_output_wait,20,12,209668,209669,1
normalization_output_wait,20,13,210295,210296,1
normalization_output_wait,20,14,210922,210923,1
normalization_output_wait,20,15,211549,211550,1
normalization_output_wait,21,0,212182,212183,1
normalization_output_wait,21,1,212809,212810,1
normalization_output_wait,21,2,213436,213437,1
normalization_output_wait,21,3,214063,214064,1
normalization_output_wait,21,4,214696,214697,1
normalization_output_wait,21,5,215323,215324,1
normalization_output_wait,21,6,215950,215951,1
normalization_output_wait,21,7,216577,216578,1
normalization_output_wait,21,8,217210,217211,1
normalization_output_wait,21,9,217837,217838,1
normalization_output_wait,21,10,218464,218465,1
normalization_output_wait,21,11,219091,219092,1
normalization_output_wait,21,12,219724,219725,1
normalization_output_wait,21,13,220351,220352,1
normalization_output_wait,21,14,220978,220979,1
normalization_output_wait,21,15,221605,221606,1
normalization_output_wait,22,0,222238,222239,1
normalization_output_wait,22,1,222865,222866,1
normalization_output_wait,22,2,223492,223493,1
normalization_output_wait,22,3,224119,224120,1
normalization_output_wait,22,4,224752,224753,1
normalization_output_wait,22,5,225379,225380,1
normalization_output_wait,22,6,226006,226007,1
normalization_output_wait,22,7,226633,226634,1
normalization_output_wait,22,8,227266,227267,1
normalization_output_wait,22,9,227893,227894,1
normalization_output_wait,22,10,228520,228521,1
normalization_output_wait,22,11,229147,229148,1
normalization_output_wait,22,12,229780,229781,1
normalization_output_wait,22,13,230407,230408,1
normalization_output_wait,22,14,231034,231035,1
normalization_output_wait,22,15,231661,231662,1
normalization_output_wait,23,0,232294,232295,1
normalization_output_wait,23,1,232921,232922,1
normalization_output_wait,23,2,233548,233549,1
normalization_output_wait,23,3,234175,234176,1
normalization_output_wait,23,4,234808,234809,1
normalization_output_wait,23,5,235435,235436,1
normalization_output_wait,23,6,236062,236063,1
normalization_output_wait,23,7,236689,236690,1
normalization_output_wait,23,8,237322,237323,1
normalization_output_wait,23,9,237949,237950,1
normalization_output_wait,23,10,238576,238577,1
normalization_output_wait,23,11,239203,239204,1
normalization_output_wait,23,12,239836,239837,1
normalization_output_wait,23,13,240463,240464,1
normalization_output_wait,23,14,241090,241091,1
normalization_output_wait,23,15,241717,241718,1
normalization_output_wait,24,0,242350,242351,1
normalization_output_wait,24,1,242977,242978,1
normalization_output_wait,24,2,243604,243605,1
normalization_output_wait,24,3,244231,244232,1
normalization_output_wait,24,4,244864,244865,1
normalization_output_wait,24,5,245491,245492,1
normalization_output_wait,24,6,246118,246119,1
normalization_output_wait,24,7,246745,246746,1
normalization_output_wait,24,8,247378,247379,1
normalization_output_wait,24,9,248005,248006,1
normalization_output_wait,24,10,248632,248633,1
normalization_output_wait,24,11,249259,249260,1
normalization_output_wait,24,12,249892,249893,1
normalization_output_wait,24,13,250519,250520,1
normalization_output_wait,24,14,251146,251147,1
normalization_output_wait,24,15,251773,251774,1
normalization_output_wait,25,0,252406,252407,1
normalization_output_wait,25,1,253033,253034,1
normalization_output_wait,25,2,253660,253661,1
normalization_output_wait,25,3,254287,254288,1
normalization_output_wait,25,4,254920,254921,1
normalization_output_wait,25,5,255547,255548,1
normalization_output_wait,25,6,256174,256175,1
normalization_output_wait,25,7,256801,256802,1
normalization_output_wait,25,8,257434,257435,1
normalization_output_wait,25,9,258061,258062,1
normalization_output_wait,25,10,258688,258689,1
normalization_output_wait,25,11,259315,259316,1
normalization_output_wait,25,12,259948,259949,1
normalization_output_wait,25,13,260575,260576,1
normalization_output_wait,25,14,261202,261203,1
normalization_output_wait,25,15,261829,261830,1
normalization_output_wait,26,0,262462,262463,1
normalization_output_wait,26,1,263089,263090,1
normalization_output_wait,26,2,263716,263717,1
normalization_output_wait,26,3,264343,264344,1
normalization_output_wait,26,4,264976,264977,1
normalization_output_wait,26,5,265603,265604,1
normalization_output_wait,26,6,266230,266231,1
normalization_output_wait,26,7,266857,266858,1
normalization_output_wait,26,8,267490,267491,1
normalization_output_wait,26,9,268117,268118,1
normalization_output_wait,26,10,268744,268745,1
normalization_output_wait,26,11,269371,269372,1
normalization_output_wait,26,12,270004,270005,1
normalization_output_wait,26,13,270631,270632,1
normalization_output_wait,26,14,271258,271259,1
normalization_output_wait,26,15,271885,271886,1
normalization_output_wait,27,0,272518,272519,1
normalization_output_wait,27,1,273145,273146,1
normalization_output_wait,27,2,273772,273773,1
normalization_output_wait,27,3,274399,274400,1
normalization_output_wait,27,4,275032,275033,1
normalization_output_wait,27,5,275659,275660,1
normalization_output_wait,27,6,276286,276287,1
normalization_output_wait,27,7,276913,276914,1
normalization_output_wait,27,8,277546,277547,1
normalization_output_wait,27,9,278173,278174,1
normalization_output_wait,27,10,278800,278801,1
normalization_output_wait,27,11,279427,279428,1
normalization_output_wait,27,12,280060,280061,1
normalization_output_wait,27,13,280687,280688,1
normalization_output_wait,27,14,281314,281315,1
normalization_output_wait,27,15,281941,281942,1
normalization_output_wait,28,0,282574,282575,1
normalization_output_wait,28,1,283201,283202,1
normalization_output_wait,28,2,283828,283829,1
normalization_output_wait,28,3,284455,284456,1
normalization_output_wait,28,4,285088,285089,1
normalization_output_wait,28,5,285715,285716,1
normalization_output_wait,28,6,286342,286343,1
normalization_output_wait,28,7,286969,286970,1
normalization_output_wait,28,8,287602,287603,1
normalization_output_wait,28,9,288229,288230,1
normalization_output_wait,28,10,288856,288857,1
normalization_output_wait,28,11,289483,289484,1
normalization_output_wait,28,12,290116,290117,1
normalization_output_wait,28,13,290743,290744,1
normalization_output_wait,28,14,291370,291371,1
normalization_output_wait,28,15,291997,291998,1
normalization_output_wait,29,0,292630,292631,1
normalization_output_wait,29,1,293257,293258,1
normalization_output_wait,29,2,293884,293885,1
normalization_output_wait,29,3,294511,294512,1
normalization_output_wait,29,4,295144,295145,1
normalization_output_wait,29,5,295771,295772,1
normalization_output_wait,29,6,296398,296399,1
normalization_output_wait,29,7,297025,297026,1
normalization_output_wait,29,8,297658,297659,1
normalization_output_wait,29,9,298285,298286,1
normalization_output_wait,29,10,298912,298913,1
normalization_output_wait,29,11,299539,299540,1
normalization_output_wait,29,12,300172,300173,1
normalization_output_wait,29,13,300799,300800,1
normalization_output_wait,29,14,301426,301427,1
normalization_output_wait,29,15,302053,302054,1
normalization_output_wait,30,0,302686,302687,1
normalization_output_wait,30,1,303313,303314,1
normalization_output_wait,30,2,303940,303941,1
normalization_output_wait,30,3,304567,304568,1
normalization_output_wait,30,4,305200,305201,1
normalization_output_wait,30,5,305827,305828,1
normalization_output_wait,30,6,306454,306455,1
normalization_output_wait,30,7,307081,307082,1
normalization_output_wait,30,8,307714,307715,1
normalization_output_wait,30,9,308341,308342,1
normalization_output_wait,30,10,308968,308969,1
normalization_output_wait,30,11,309595,309596,1
normalization_output_wait,30,12,310228,310229,1
normalization_output_wait,30,13,310855,310856,1
normalization_output_wait,30,14,311482,311483,1
normalization_output_wait,30,15,312109,312110,1
normalization_output_wait,31,0,312742,312743,1
normalization_output_wait,31,1,313369,313370,1
normalization_output_wait,31,2,313996,313997,1
normalization_output_wait,31,3,314623,314624,1
normalization_output_wait,31,4,315256,315257,1
normalization_output_wait,31,5,315883,315884,1
normalization_output_wait,31,6,316510,316511,1
normalization_output_wait,31,7,317137,317138,1
normalization_output_wait,31,8,317770,317771,1
normalization_output_wait,31,9,318397,318398,1
normalization_output_wait,31,10,319024,319025,1
normalization_output_wait,31,11,319651,319652,1
normalization_output_wait,31,12,320284,320285,1
normalization_output_wait,31,13,320911,320912,1
normalization_output_wait,31,14,321538,321539,1
normalization_output_wait,31,15,322165,322166,1
normalization_output_wait,32,0,322798,322799,1
normalization_output_wait,32,1,323425,323426,1
normalization_output_wait,32,2,324052,324053,1
normalization_output_wait,32,3,324679,324680,1
normalization_output_wait,32,4,325312,325313,1
normalization_output_wait,32,5,325939,325940,1
normalization_output_wait,32,6,326566,326567,1
normalization_output_wait,32,7,327193,327194,1
normalization_output_wait,32,8,327826,327827,1
normalization_output_wait,32,9,328453,328454,1
normalization_output_wait,32,10,329080,329081,1
normalization_output_wait,32,11,329707,329708,1
normalization_output_wait,32,12,330340,330341,1
normalization_output_wait,32,13,330967,330968,1
normalization_output_wait,32,14,331594,331595,1
normalization_output_wait,32,15,332221,332222,1
normalization_output_wait,33,0,332854,332855,1
normalization_output_wait,33,1,333481,333482,1
normalization_output_wait,33,2,334108,334109,1
normalization_output_wait,33,3,334735,334736,1
normalization_output_wait,33,4,335368,335369,1
normalization_output_wait,33,5,335995,335996,1
normalization_output_wait,33,6,336622,336623,1
normalization_output_wait,33,7,337249,337250,1
normalization_output_wait,33,8,337882,337883,1
normalization_output_wait,33,9,338509,338510,1
normalization_output_wait,33,10,339136,339137,1
normalization_output_wait,33,11,339763,339764,1
normalization_output_wait,33,12,340396,340397,1
normalization_output_wait,33,13,341023,341024,1
normalization_output_wait,33,14,341650,341651,1
normalization_output_wait,33,15,342277,342278,1
normalization_output_wait,34,0,342910,342911,1
normalization_output_wait,34,1,343537,343538,1
normalization_output_wait,34,2,344164,344165,1
normalization_output_wait,34,3,344791,344792,1
normalization_output_wait,34,4,345424,345425,1
normalization_output_wait,34,5,346051,346052,1
normalization_output_wait,34,6,346678,346679,1
normalization_output_wait,34,7,347305,347306,1
normalization_output_wait,34,8,347938,347939,1
normalization_output_wait,34,9,348565,348566,1
normalization_output_wait,34,10,349192,349193,1
normalization_output_wait,34,11,349819,349820,1
normalization_output_wait,34,12,350452,350453,1
normalization_output_wait,34,13,351079,351080,1
normalization_output_wait,34,14,351706,351707,1
normalization_output_wait,34,15,352333,352334,1
normalization_output_wait,35,0,352966,352967,1
normalization_output_wait,35,1,353593,353594,1
normalization_output_wait,35,2,354220,354221,1
normalization_output_wait,35,3,354847,354848,1
normalization_output_wait,35,4,355480,355481,1
normalization_output_wait,35,5,356107,356108,1
normalization_output_wait,35,6,356734,356735,1
normalization_output_wait,35,7,357361,357362,1
normalization_output_wait,35,8,357994,357995,1
normalization_output_wait,35,9,358621,358622,1
normalization_output_wait,35,10,359248,359249,1
normalization_output_wait,35,11,359875,359876,1
normalization_output_wait,35,12,360508,360509,1
normalization_output_wait,35,13,361135,361136,1
normalization_output_wait,35,14,361762,361763,1
normalization_output_wait,35,15,362389,362390,1
normalization_output_wait,36,0,363022,363023,1
normalization_output_wait,36,1,363649,363650,1
normalization_output_wait,36,2,364276,364277,1
normalization_output_wait,36,3,364903,364904,1
normalization_output_wait,36,4,365536,365537,1
normalization_output_wait,36,5,366163,366164,1
normalization_output_wait,36,6,366790,366791,1
normalization_output_wait,36,7,367417,367418,1
normalization_output_wait,36,8,368050,368051,1
normalization_output_wait,36,9,368677,368678,1
normalization_output_wait,36,10,369304,369305,1
normalization_output_wait,36,11,369931,369932,1
normalization_output_wait,36,12,370564,370565,1
normalization_output_wait,36,13,371191,371192,1
normalization_output_wait,36,14,371818,371819,1
normalization_output_wait,36,15,372445,372446,1
normalization_output_wait,37,0,373078,373079,1
normalization_output_wait,37,1,373705,373706,1
normalization_output_wait,37,2,374332,374333,1
normalization_output_wait,37,3,374959,374960,1
normalization_output_wait,37,4,375592,375593,1
normalization_output_wait,37,5,376219,376220,1
normalization_output_wait,37,6,376846,376847,1
normalization_output_wait,37,7,377473,377474,1
normalization_output_wait,37,8,378106,378107,1
normalization_output_wait,37,9,378733,378734,1
normalization_output_wait,37,10,379360,379361,1
normalization_output_wait,37,11,379987,379988,1
normalization_output_wait,37,12,380620,380621,1
normalization_output_wait,37,13,381247,381248,1
normalization_output_wait,37,14,381874,381875,1
normalization_output_wait,37,15,382501,382502,1
normalization_output_wait,38,0,383134,383135,1
normalization_output_wait,38,1,383761,383762,1
normalization_output_wait,38,2,384388,384389,1
normalization_output_wait,38,3,385015,385016,1
normalization_output_wait,38,4,385648,385649,1
normalization_output_wait,38,5,386275,386276,1
normalization_output_wait,38,6,386902,386903,1
normalization_output_wait,38,7,387529,387530,1
normalization_output_wait,38,8,388162,388163,1
normalization_output_wait,38,9,388789,388790,1
normalization_output_wait,38,10,389416,389417,1
normalization_output_wait,38,11,390043,390044,1
normalization_output_wait,38,12,390676,390677,1
normalization_output_wait,38,13,391303,391304,1
normalization_output_wait,38,14,391930,391931,1
normalization_output_wait,38,15,392557,392558,1
normalization_output_wait,39,0,393190,393191,1
normalization_output_wait,39,1,393817,393818,1
normalization_output_wait,39,2,394444,394445,1
normalization_output_wait,39,3,395071,395072,1
normalization_output_wait,39,4,395704,395705,1
normalization_output_wait,39,5,396331,396332,1
normalization_output_wait,39,6,396958,396959,1
normalization_output_wait,39,7,397585,397586,1
normalization_output_wait,39,8,398218,398219,1
normalization_output_wait,39,9,398845,398846,1
normalization_output_wait,39,10,399472,399473,1
normalization_output_wait,39,11,400099,400100,1
normalization_output_wait,39,12,400732,400733,1
normalization_output_wait,39,13,401359,401360,1
normalization_output_wait,39,14,401986,401987,1
normalization_output_wait,39,15,402613,402614,1
normalization_output_wait,40,0,403246,403247,1
normalization_output_wait,40,1,403873,403874,1
normalization_output_wait,40,2,404500,404501,1
normalization_output_wait,40,3,405127,405128,1
normalization_output_wait,40,4,405760,405761,1
normalization_output_wait,40,5,406387,406388,1
normalization_output_wait,40,6,407014,407015,1
normalization_output_wait,40,7,407641,407642,1
normalization_output_wait,40,8,408274,408275,1
normalization_output_wait,40,9,408901,408902,1
normalization_output_wait,40,10,409528,409529,1
normalization_output_wait,40,11,410155,410156,1
normalization_output_wait,40,12,410788,410789,1
normalization_output_wait,40,13,411415,411416,1
normalization_output_wait,40,14,412042,412043,1
normalization_output_wait,40,15,412669,412670,1
normalization_output_wait,41,0,413302,413303,1
normalization_output_wait,41,1,413929,413930,1
normalization_output_wait,41,2,414556,414557,1
normalization_output_wait,41,3,415183,415184,1
normalization_output_wait,41,4,415816,415817,1
normalization_output_wait,41,5,416443,416444,1
normalization_output_wait,41,6,417070,417071,1
normalization_output_wait,41,7,417697,417698,1
normalization_output_wait,41,8,418330,418331,1
normalization_output_wait,41,9,418957,418958,1
normalization_output_wait,41,10,419584,419585,1
normalization_output_wait,41,11,420211,420212,1
normalization_output_wait,41,12,420844,420845,1
normalization_output_wait,41,13,421471,421472,1
normalization_output_wait,41,14,422098,422099,1
normalization_output_wait,41,15,422725,422726,1
normalization_output_wait,42,0,423358,423359,1
normalization_output_wait,42,1,423985,423986,1
normalization_output_wait,42,2,424612,424613,1
normalization_output_wait,42,3,425239,425240,1
normalization_output_wait,42,4,425872,425873,1
normalization_output_wait,42,5,426499,426500,1
normalization_output_wait,42,6,427126,427127,1
normalization_output_wait,42,7,427753,427754,1
normalization_output_wait,42,8,428386,428387,1
normalization_output_wait,42,9,429013,429014,1
normalization_output_wait,42,10,429640,429641,1
normalization_output_wait,42,11,430267,430268,1
normalization_output_wait,42,12,430900,430901,1
normalization_output_wait,42,13,431527,431528,1
normalization_output_wait,42,14,432154,432155,1
normalization_output_wait,42,15,432781,432782,1
normalization_output_wait,43,0,433414,433415,1
normalization_output_wait,43,1,434041,434042,1
normalization_output_wait,43,2,434668,434669,1
normalization_output_wait,43,3,435295,435296,1
normalization_output_wait,43,4,435928,435929,1
normalization_output_wait,43,5,436555,436556,1
normalization_output_wait,43,6,437182,437183,1
normalization_output_wait,43,7,437809,437810,1
normalization_output_wait,43,8,438442,438443,1
normalization_output_wait,43,9,439069,439070,1
normalization_output_wait,43,10,439696,439697,1
normalization_output_wait,43,11,440323,440324,1
normalization_output_wait,43,12,440956,440957,1
normalization_output_wait,43,13,441583,441584,1
normalization_output_wait,43,14,442210,442211,1
normalization_output_wait,43,15,442837,442838,1
normalization_output_wait,44,0,443470,443471,1
normalization_output_wait,44,1,444097,444098,1
normalization_output_wait,44,2,444724,444725,1
normalization_output_wait,44,3,445351,445352,1
normalization_output_wait,44,4,445984,445985,1
normalization_output_wait,44,5,446611,446612,1
normalization_output_wait,44,6,447238,447239,1
normalization_output_wait,44,7,447865,447866,1
normalization_output_wait,44,8,448498,448499,1
normalization_output_wait,44,9,449125,449126,1
normalization_output_wait,44,10,449752,449753,1
normalization_output_wait,44,11,450379,450380,1
normalization_output_wait,44,12,451012,451013,1
normalization_output_wait,44,13,451639,451640,1
normalization_output_wait,44,14,452266,452267,1
normalization_output_wait,44,15,452893,452894,1
normalization_output_wait,45,0,453526,453527,1
normalization_output_wait,45,1,454153,454154,1
normalization_output_wait,45,2,454780,454781,1
normalization_output_wait,45,3,455407,455408,1
normalization_output_wait,45,4,456040,456041,1
normalization_output_wait,45,5,456667,456668,1
normalization_output_wait,45,6,457294,457295,1
normalization_output_wait,45,7,457921,457922,1
normalization_output_wait,45,8,458554,458555,1
normalization_output_wait,45,9,459181,459182,1
normalization_output_wait,45,10,459808,459809,1
normalization_output_wait,45,11,460435,460436,1
normalization_output_wait,45,12,461068,461069,1
normalization_output_wait,45,13,461695,461696,1
normalization_output_wait,45,14,462322,462323,1
normalization_output_wait,45,15,462949,462950,1
normalization_output_wait,46,0,463582,463583,1
normalization_output_wait,46,1,464209,464210,1
normalization_output_wait,46,2,464836,464837,1
normalization_output_wait,46,3,465463,465464,1
normalization_output_wait,46,4,466096,466097,1
normalization_output_wait,46,5,466723,466724,1
normalization_output_wait,46,6,467350,467351,1
normalization_output_wait,46,7,467977,467978,1
normalization_output_wait,46,8,468610,468611,1
normalization_output_wait,46,9,469237,469238,1
normalization_output_wait,46,10,469864,469865,1
normalization_output_wait,46,11,470491,470492,1
normalization_output_wait,46,12,471124,471125,1
normalization_output_wait,46,13,471751,471752,1
normalization_output_wait,46,14,472378,472379,1
normalization_output_wait,46,15,473005,473006,1
normalization_output_wait,47,0,473638,473639,1
normalization_output_wait,47,1,474265,474266,1
normalization_output_wait,47,2,474892,474893,1
normalization_output_wait,47,3,475519,475520,1
normalization_output_wait,47,4,476152,476153,1
normalization_output_wait,47,5,476779,476780,1
normalization_output_wait,47,6,477406,477407,1
normalization_output_wait,47,7,478033,478034,1
normalization_output_wait,47,8,478666,478667,1
normalization_output_wait,47,9,479293,479294,1
normalization_output_wait,47,10,479920,479921,1
normalization_output_wait,47,11,480547,480548,1
normalization_output_wait,47,12,481180,481181,1
normalization_output_wait,47,13,481807,481808,1
normalization_output_wait,47,14,482434,482435,1
normalization_output_wait,47,15,483061,483062,1
normalization_output_wait,48,0,483694,483695,1
normalization_output_wait,48,1,484321,484322,1
normalization_output_wait,48,2,484948,484949,1
normalization_output_wait,48,3,485575,485576,1
normalization_output_wait,48,4,486208,486209,1
normalization_output_wait,48,5,486835,486836,1
normalization_output_wait,48,6,487462,487463,1
normalization_output_wait,48,7,488089,488090,1
normalization_output_wait,48,8,488722,488723,1
normalization_output_wait,48,9,489349,489350,1
normalization_output_wait,48,10,489976,489977,1
normalization_output_wait,48,11,490603,490604,1
normalization_output_wait,48,12,491236,491237,1
normalization_output_wait,48,13,491863,491864,1
normalization_output_wait,48,14,492490,492491,1
normalization_output_wait,48,15,493117,493118,1
normalization_output_wait,49,0,493750,493751,1
normalization_output_wait,49,1,494377,494378,1
normalization_output_wait,49,2,495004,495005,1
normalization_output_wait,49,3,495631,495632,1
normalization_output_wait,49,4,496264,496265,1
normalization_output_wait,49,5,496891,496892,1
normalization_output_wait,49,6,497518,497519,1
normalization_output_wait,49,7,498145,498146,1
normalization_output_wait,49,8,498778,498779,1
normalization_output_wait,49,9,499405,499406,1
normalization_output_wait,49,10,500032,500033,1
normalization_output_wait,49,11,500659,500660,1
normalization_output_wait,49,12,501292,501293,1
normalization_output_wait,49,13,501919,501920,1
normalization_output_wait,49,14,502546,502547,1
normalization_output_wait,49,15,503173,503174,1
normalization_output_wait,50,0,503806,503807,1
normalization_output_wait,50,1,504433,504434,1
normalization_output_wait,50,2,505060,505061,1
normalization_output_wait,50,3,505687,505688,1
normalization_output_wait,50,4,506320,506321,1
normalization_output_wait,50,5,506947,506948,1
normalization_output_wait,50,6,507574,507575,1
normalization_output_wait,50,7,508201,508202,1
normalization_output_wait,50,8,508834,508835,1
normalization_output_wait,50,9,509461,509462,1
normalization_output_wait,50,10,510088,510089,1
normalization_output_wait,50,11,510715,510716,1
normalization_output_wait,50,12,511348,511349,1
normalization_output_wait,50,13,511975,511976,1
normalization_output_wait,50,14,512602,512603,1
normalization_output_wait,50,15,513229,513230,1
normalization_output_wait,51,0,513862,513863,1
normalization_output_wait,51,1,514489,514490,1
normalization_output_wait,51,2,515116,515117,1
normalization_output_wait,51,3,515743,515744,1
normalization_output_wait,51,4,516376,516377,1
normalization_output_wait,51,5,517003,517004,1
normalization_output_wait,51,6,517630,517631,1
normalization_output_wait,51,7,518257,518258,1
normalization_output_wait,51,8,518890,518891,1
normalization_output_wait,51,9,519517,519518,1
normalization_output_wait,51,10,520144,520145,1
normalization_output_wait,51,11,520771,520772,1
normalization_output_wait,51,12,521404,521405,1
normalization_output_wait,51,13,522031,522032,1
normalization_output_wait,51,14,522658,522659,1
normalization_output_wait,51,15,523285,523286,1
normalization_output_wait,52,0,523918,523919,1
normalization_output_wait,52,1,524545,524546,1
normalization_output_wait,52,2,525172,525173,1
normalization_output_wait,52,3,525799,525800,1
normalization_output_wait,52,4,526432,526433,1
normalization_output_wait,52,5,527059,527060,1
normalization_output_wait,52,6,527686,527687,1
normalization_output_wait,52,7,528313,528314,1
normalization_output_wait,52,8,528946,528947,1
normalization_output_wait,52,9,529573,529574,1
normalization_output_wait,52,10,530200,530201,1
normalization_output_wait,52,11,530827,530828,1
normalization_output_wait,52,12,531460,531461,1
normalization_output_wait,52,13,532087,532088,1
normalization_output_wait,52,14,532714,532715,1
normalization_output_wait,52,15,533341,533342,1
normalization_output_wait,53,0,533974,533975,1
normalization_output_wait,53,1,534601,534602,1
normalization_output_wait,53,2,535228,535229,1
normalization_output_wait,53,3,535855,535856,1
normalization_output_wait,53,4,536488,536489,1
normalization_output_wait,53,5,537115,537116,1
normalization_output_wait,53,6,537742,537743,1
normalization_output_wait,53,7,538369,538370,1
normalization_output_wait,53,8,539002,539003,1
normalization_output_wait,53,9,539629,539630,1
normalization_output_wait,53,10,540256,540257,1
normalization_output_wait,53,11,540883,540884,1
normalization_output_wait,53,12,541516,541517,1
normalization_output_wait,53,13,542143,542144,1
normalization_output_wait,53,14,542770,542771,1
normalization_output_wait,53,15,543397,543398,1
normalization_output_wait,54,0,544030,544031,1
normalization_output_wait,54,1,544657,544658,1
normalization_output_wait,54,2,545284,545285,1
normalization_output_wait,54,3,545911,545912,1
normalization_output_wait,54,4,546544,546545,1
normalization_output_wait,54,5,547171,547172,1
normalization_output_wait,54,6,547798,547799,1
normalization_output_wait,54,7,548425,548426,1
normalization_output_wait,54,8,549058,549059,1
normalization_output_wait,54,9,549685,549686,1
normalization_output_wait,54,10,550312,550313,1
normalization_output_wait,54,11,550939,550940,1
normalization_output_wait,54,12,551572,551573,1
normalization_output_wait,54,13,552199,552200,1
normalization_output_wait,54,14,552826,552827,1
normalization_output_wait,54,15,553453,553454,1
normalization_output_wait,55,0,554086,554087,1
normalization_output_wait,55,1,554713,554714,1
normalization_output_wait,55,2,555340,555341,1
normalization_output_wait,55,3,555967,555968,1
normalization_output_wait,55,4,556600,556601,1
normalization_output_wait,55,5,557227,557228,1
normalization_output_wait,55,6,557854,557855,1
normalization_output_wait,55,7,558481,558482,1
normalization_output_wait,55,8,559114,559115,1
normalization_output_wait,55,9,559741,559742,1
normalization_output_wait,55,10,560368,560369,1
normalization_output_wait,55,11,560995,560996,1
normalization_output_wait,55,12,561628,561629,1
normalization_output_wait,55,13,562255,562256,1
normalization_output_wait,55,14,562882,562883,1
normalization_output_wait,55,15,563509,563510,1
normalization_output_wait,56,0,564142,564143,1
normalization_output_wait,56,1,564769,564770,1
normalization_output_wait,56,2,565396,565397,1
normalization_output_wait,56,3,566023,566024,1
normalization_output_wait,56,4,566656,566657,1
normalization_output_wait,56,5,567283,567284,1
normalization_output_wait,56,6,567910,567911,1
normalization_output_wait,56,7,568537,568538,1
normalization_output_wait,56,8,569170,569171,1
normalization_output_wait,56,9,569797,569798,1
normalization_output_wait,56,10,570424,570425,1
normalization_output_wait,56,11,571051,571052,1
normalization_output_wait,56,12,571684,571685,1
normalization_output_wait,56,13,572311,572312,1
normalization_output_wait,56,14,572938,572939,1
normalization_output_wait,56,15,573565,573566,1
normalization_output_wait,57,0,574198,574199,1
normalization_output_wait,57,1,574825,574826,1
normalization_output_wait,57,2,575452,575453,1
normalization_output_wait,57,3,576079,576080,1
normalization_output_wait,57,4,576712,576713,1
normalization_output_wait,57,5,577339,577340,1
normalization_output_wait,57,6,577966,577967,1
normalization_output_wait,57,7,578593,578594,1
normalization_output_wait,57,8,579226,579227,1
normalization_output_wait,57,9,579853,579854,1
normalization_output_wait,57,10,580480,580481,1
normalization_output_wait,57,11,581107,581108,1
normalization_output_wait,57,12,581740,581741,1
normalization_output_wait,57,13,582367,582368,1
normalization_output_wait,57,14,582994,582995,1
normalization_output_wait,57,15,583621,583622,1
normalization_output_wait,58,0,584254,584255,1
normalization_output_wait,58,1,584881,584882,1
normalization_output_wait,58,2,585508,585509,1
normalization_output_wait,58,3,586135,586136,1
normalization_output_wait,58,4,586768,586769,1
normalization_output_wait,58,5,587395,587396,1
normalization_output_wait,58,6,588022,588023,1
normalization_output_wait,58,7,588649,588650,1
normalization_output_wait,58,8,589282,589283,1
normalization_output_wait,58,9,589909,589910,1
normalization_output_wait,58,10,590536,590537,1
normalization_output_wait,58,11,591163,591164,1
normalization_output_wait,58,12,591796,591797,1
normalization_output_wait,58,13,592423,592424,1
normalization_output_wait,58,14,593050,593051,1
normalization_output_wait,58,15,593677,593678,1
normalization_output_wait,59,0,594310,594311,1
normalization_output_wait,59,1,594937,594938,1
normalization_output_wait,59,2,595564,595565,1
normalization_output_wait,59,3,596191,596192,1
normalization_output_wait,59,4,596824,596825,1
normalization_output_wait,59,5,597451,597452,1
normalization_output_wait,59,6,598078,598079,1
normalization_output_wait,59,7,598705,598706,1
normalization_output_wait,59,8,599338,599339,1
normalization_output_wait,59,9,599965,599966,1
normalization_output_wait,59,10,600592,600593,1
normalization_output_wait,59,11,601219,601220,1
normalization_output_wait,59,12,601852,601853,1
normalization_output_wait,59,13,602479,602480,1
normalization_output_wait,59,14,603106,603107,1
normalization_output_wait,59,15,603733,603734,1
normalization_output_wait,60,0,604366,604367,1
normalization_output_wait,60,1,604993,604994,1
normalization_output_wait,60,2,605620,605621,1
normalization_output_wait,60,3,606247,606248,1
normalization_output_wait,60,4,606880,606881,1
normalization_output_wait,60,5,607507,607508,1
normalization_output_wait,60,6,608134,608135,1
normalization_output_wait,60,7,608761,608762,1
normalization_output_wait,60,8,609394,609395,1
normalization_output_wait,60,9,610021,610022,1
normalization_output_wait,60,10,610648,610649,1
normalization_output_wait,60,11,611275,611276,1
normalization_output_wait,60,12,611908,611909,1
normalization_output_wait,60,13,612535,612536,1
normalization_output_wait,60,14,613162,613163,1
normalization_output_wait,60,15,613789,613790,1
normalization_output_wait,61,0,614422,614423,1
normalization_output_wait,61,1,615049,615050,1
normalization_output_wait,61,2,615676,615677,1
normalization_output_wait,61,3,616303,616304,1
normalization_output_wait,61,4,616936,616937,1
normalization_output_wait,61,5,617563,617564,1
normalization_output_wait,61,6,618190,618191,1
normalization_output_wait,61,7,618817,618818,1
normalization_output_wait,61,8,619450,619451,1
normalization_output_wait,61,9,620077,620078,1
normalization_output_wait,61,10,620704,620705,1
normalization_output_wait,61,11,621331,621332,1
normalization_output_wait,61,12,621964,621965,1
normalization_output_wait,61,13,622591,622592,1
normalization_output_wait,61,14,623218,623219,1
normalization_output_wait,61,15,623845,623846,1
normalization_output_wait,62,0,624478,624479,1
normalization_output_wait,62,1,625105,625106,1
normalization_output_wait,62,2,625732,625733,1
normalization_output_wait,62,3,626359,626360,1
normalization_output_wait,62,4,626992,626993,1
normalization_output_wait,62,5,627619,627620,1
normalization_output_wait,62,6,628246,628247,1
normalization_output_wait,62,7,628873,628874,1
normalization_output_wait,62,8,629506,629507,1
normalization_output_wait,62,9,630133,630134,1
normalization_output_wait,62,10,630760,630761,1
normalization_output_wait,62,11,631387,631388,1
normalization_output_wait,62,12,632020,632021,1
normalization_output_wait,62,13,632647,632648,1
normalization_output_wait,62,14,633274,633275,1
normalization_output_wait,62,15,633901,633902,1
normalization_output_wait,63,0,634534,634535,1
normalization_output_wait,63,1,635161,635162,1
normalization_output_wait,63,2,635788,635789,1
normalization_output_wait,63,3,636415,636416,1
normalization_output_wait,63,4,637048,637049,1
normalization_output_wait,63,5,637675,637676,1
normalization_output_wait,63,6,638302,638303,1
normalization_output_wait,63,7,638929,638930,1
normalization_output_wait,63,8,639562,639563,1
normalization_output_wait,63,9,640189,640190,1
normalization_output_wait,63,10,640816,640817,1
normalization_output_wait,63,11,641443,641444,1
normalization_output_wait,63,12,642076,642077,1
normalization_output_wait,63,13,642703,642704,1
normalization_output_wait,63,14,643330,643331,1
normalization_output_wait,63,15,643957,643958,1
input_projection,0,0,1007,1634,627
input_projection,0,1,1634,2261,627
input_projection,0,2,2261,2888,627
input_projection,0,3,2888,3515,627
input_projection,0,4,3521,4148,627
input_projection,0,5,4148,4775,627
input_projection,0,6,4775,5402,627
input_projection,0,7,5402,6029,627
input_projection,0,8,6035,6662,627
input_projection,0,9,6662,7289,627
input_projection,0,10,7289,7916,627
input_projection,0,11,7916,8543,627
input_projection,0,12,8549,9176,627
input_projection,0,13,9176,9803,627
input_projection,0,14,9803,10430,627
input_projection,0,15,10430,11057,627
input_projection,1,0,11063,11690,627
input_projection,1,1,11690,12317,627
input_projection,1,2,12317,12944,627
input_projection,1,3,12944,13571,627
input_projection,1,4,13577,14204,627
input_projection,1,5,14204,14831,627
input_projection,1,6,14831,15458,627
input_projection,1,7,15458,16085,627
input_projection,1,8,16091,16718,627
input_projection,1,9,16718,17345,627
input_projection,1,10,17345,17972,627
input_projection,1,11,17972,18599,627
input_projection,1,12,18605,19232,627
input_projection,1,13,19232,19859,627
input_projection,1,14,19859,20486,627
input_projection,1,15,20486,21113,627
input_projection,2,0,21119,21746,627
input_projection,2,1,21746,22373,627
input_projection,2,2,22373,23000,627
input_projection,2,3,23000,23627,627
input_projection,2,4,23633,24260,627
input_projection,2,5,24260,24887,627
input_projection,2,6,24887,25514,627
input_projection,2,7,25514,26141,627
input_projection,2,8,26147,26774,627
input_projection,2,9,26774,27401,627
input_projection,2,10,27401,28028,627
input_projection,2,11,28028,28655,627
input_projection,2,12,28661,29288,627
input_projection,2,13,29288,29915,627
input_projection,2,14,29915,30542,627
input_projection,2,15,30542,31169,627
input_projection,3,0,31175,31802,627
input_projection,3,1,31802,32429,627
input_projection,3,2,32429,33056,627
input_projection,3,3,33056,33683,627
input_projection,3,4,33689,34316,627
input_projection,3,5,34316,34943,627
input_projection,3,6,34943,35570,627
input_projection,3,7,35570,36197,627
input_projection,3,8,36203,36830,627
input_projection,3,9,36830,37457,627
input_projection,3,10,37457,38084,627
input_projection,3,11,38084,38711,627
input_projection,3,12,38717,39344,627
input_projection,3,13,39344,39971,627
input_projection,3,14,39971,40598,627
input_projection,3,15,40598,41225,627
input_projection,4,0,41231,41858,627
input_projection,4,1,41858,42485,627
input_projection,4,2,42485,43112,627
input_projection,4,3,43112,43739,627
input_projection,4,4,43745,44372,627
input_projection,4,5,44372,44999,627
input_projection,4,6,44999,45626,627
input_projection,4,7,45626,46253,627
input_projection,4,8,46259,46886,627
input_projection,4,9,46886,47513,627
input_projection,4,10,47513,48140,627
input_projection,4,11,48140,48767,627
input_projection,4,12,48773,49400,627
input_projection,4,13,49400,50027,627
input_projection,4,14,50027,50654,627
input_projection,4,15,50654,51281,627
input_projection,5,0,51287,51914,627
input_projection,5,1,51914,52541,627
input_projection,5,2,52541,53168,627
input_projection,5,3,53168,53795,627
input_projection,5,4,53801,54428,627
input_projection,5,5,54428,55055,627
input_projection,5,6,55055,55682,627
input_projection,5,7,55682,56309,627
input_projection,5,8,56315,56942,627
input_projection,5,9,56942,57569,627
input_projection,5,10,57569,58196,627
input_projection,5,11,58196,58823,627
input_projection,5,12,58829,59456,627
input_projection,5,13,59456,60083,627
input_projection,5,14,60083,60710,627
input_projection,5,15,60710,61337,627
input_projection,6,0,61343,61970,627
input_projection,6,1,61970,62597,627
input_projection,6,2,62597,63224,627
input_projection,6,3,63224,63851,627
input_projection,6,4,63857,64484,627
input_projection,6,5,64484,65111,627
input_projection,6,6,65111,65738,627
input_projection,6,7,65738,66365,627
input_projection,6,8,66371,66998,627
input_projection,6,9,66998,67625,627
input_projection,6,10,67625,68252,627
input_projection,6,11,68252,68879,627
input_projection,6,12,68885,69512,627
input_projection,6,13,69512,70139,627
input_projection,6,14,70139,70766,627
input_projection,6,15,70766,71393,627
input_projection,7,0,71399,72026,627
input_projection,7,1,72026,72653,627
input_projection,7,2,72653,73280,627
input_projection,7,3,73280,73907,627
input_projection,7,4,73913,74540,627
input_projection,7,5,74540,75167,627
input_projection,7,6,75167,75794,627
input_projection,7,7,75794,76421,627
input_projection,7,8,76427,77054,627
input_projection,7,9,77054,77681,627
input_projection,7,10,77681,78308,627
input_projection,7,11,78308,78935,627
input_projection,7,12,78941,79568,627
input_projection,7,13,79568,80195,627
input_projection,7,14,80195,80822,627
input_projection,7,15,80822,81449,627
input_projection,8,0,81455,82082,627
input_projection,8,1,82082,82709,627
input_projection,8,2,82709,83336,627
input_projection,8,3,83336,83963,627
input_projection,8,4,83969,84596,627
input_projection,8,5,84596,85223,627
input_projection,8,6,85223,85850,627
input_projection,8,7,85850,86477,627
input_projection,8,8,86483,87110,627
input_projection,8,9,87110,87737,627
input_projection,8,10,87737,88364,627
input_projection,8,11,88364,88991,627
input_projection,8,12,88997,89624,627
input_projection,8,13,89624,90251,627
input_projection,8,14,90251,90878,627
input_projection,8,15,90878,91505,627
input_projection,9,0,91511,92138,627
input_projection,9,1,92138,92765,627
input_projection,9,2,92765,93392,627
input_projection,9,3,93392,94019,627
input_projection,9,4,94025,94652,627
input_projection,9,5,94652,95279,627
input_projection,9,6,95279,95906,627
input_projection,9,7,95906,96533,627
input_projection,9,8,96539,97166,627
input_projection,9,9,97166,97793,627
input_projection,9,10,97793,98420,627
input_projection,9,11,98420,99047,627
input_projection,9,12,99053,99680,627
input_projection,9,13,99680,100307,627
input_projection,9,14,100307,100934,627
input_projection,9,15,100934,101561,627
input_projection,10,0,101567,102194,627
input_projection,10,1,102194,102821,627
input_projection,10,2,102821,103448,627
input_projection,10,3,103448,104075,627
input_projection,10,4,104081,104708,627
input_projection,10,5,104708,105335,627
input_projection,10,6,105335,105962,627
input_projection,10,7,105962,106589,627
input_projection,10,8,106595,107222,627
input_projection,10,9,107222,107849,627
input_projection,10,10,107849,108476,627
input_projection,10,11,108476,109103,627
input_projection,10,12,109109,109736,627
input_projection,10,13,109736,110363,627
input_projection,10,14,110363,110990,627
input_projection,10,15,110990,111617,627
input_projection,11,0,111623,112250,627
input_projection,11,1,112250,112877,627
input_projection,11,2,112877,113504,627
input_projection,11,3,113504,114131,627
input_projection,11,4,114137,114764,627
input_projection,11,5,114764,115391,627
input_projection,11,6,115391,116018,627
input_projection,11,7,116018,116645,627
input_projection,11,8,116651,117278,627
input_projection,11,9,117278,117905,627
input_projection,11,10,117905,118532,627
input_projection,11,11,118532,119159,627
input_projection,11,12,119165,119792,627
input_projection,11,13,119792,120419,627
input_projection,11,14,120419,121046,627
input_projection,11,15,121046,121673,627
input_projection,12,0,121679,122306,627
input_projection,12,1,122306,122933,627
input_projection,12,2,122933,123560,627
input_projection,12,3,123560,124187,627
input_projection,12,4,124193,124820,627
input_projection,12,5,124820,125447,627
input_projection,12,6,125447,126074,627
input_projection,12,7,126074,126701,627
input_projection,12,8,126707,127334,627
input_projection,12,9,127334,127961,627
input_projection,12,10,127961,128588,627
input_projection,12,11,128588,129215,627
input_projection,12,12,129221,129848,627
input_projection,12,13,129848,130475,627
input_projection,12,14,130475,131102,627
input_projection,12,15,131102,131729,627
input_projection,13,0,131735,132362,627
input_projection,13,1,132362,132989,627
input_projection,13,2,132989,133616,627
input_projection,13,3,133616,134243,627
input_projection,13,4,134249,134876,627
input_projection,13,5,134876,135503,627
input_projection,13,6,135503,136130,627
input_projection,13,7,136130,136757,627
input_projection,13,8,136763,137390,627
input_projection,13,9,137390,138017,627
input_projection,13,10,138017,138644,627
input_projection,13,11,138644,139271,627
input_projection,13,12,139277,139904,627
input_projection,13,13,139904,140531,627
input_projection,13,14,140531,141158,627
input_projection,13,15,141158,141785,627
input_projection,14,0,141791,142418,627
input_projection,14,1,142418,143045,627
input_projection,14,2,143045,143672,627
input_projection,14,3,143672,144299,627
input_projection,14,4,144305,144932,627
input_projection,14,5,144932,145559,627
input_projection,14,6,145559,146186,627
input_projection,14,7,146186,146813,627
input_projection,14,8,146819,147446,627
input_projection,14,9,147446,148073,627
input_projection,14,10,148073,148700,627
input_projection,14,11,148700,149327,627
input_projection,14,12,149333,149960,627
input_projection,14,13,149960,150587,627
input_projection,14,14,150587,151214,627
input_projection,14,15,151214,151841,627
input_projection,15,0,151847,152474,627
input_projection,15,1,152474,153101,627
input_projection,15,2,153101,153728,627
input_projection,15,3,153728,154355,627
input_projection,15,4,154361,154988,627
input_projection,15,5,154988,155615,627
input_projection,15,6,155615,156242,627
input_projection,15,7,156242,156869,627
input_projection,15,8,156875,157502,627
input_projection,15,9,157502,158129,627
input_projection,15,10,158129,158756,627
input_projection,15,11,158756,159383,627
input_projection,15,12,159389,160016,627
input_projection,15,13,160016,160643,627
input_projection,15,14,160643,161270,627
input_projection,15,15,161270,161897,627
input_projection,16,0,161903,162530,627
input_projection,16,1,162530,163157,627
input_projection,16,2,163157,163784,627
input_projection,16,3,163784,164411,627
input_projection,16,4,164417,165044,627
input_projection,16,5,165044,165671,627
input_projection,16,6,165671,166298,627
input_projection,16,7,166298,166925,627
input_projection,16,8,166931,167558,627
input_projection,16,9,167558,168185,627
input_projection,16,10,168185,168812,627
input_projection,16,11,168812,169439,627
input_projection,16,12,169445,170072,627
input_projection,16,13,170072,170699,627
input_projection,16,14,170699,171326,627
input_projection,16,15,171326,171953,627
input_projection,17,0,171959,172586,627
input_projection,17,1,172586,173213,627
input_projection,17,2,173213,173840,627
input_projection,17,3,173840,174467,627
input_projection,17,4,174473,175100,627
input_projection,17,5,175100,175727,627
input_projection,17,6,175727,176354,627
input_projection,17,7,176354,176981,627
input_projection,17,8,176987,177614,627
input_projection,17,9,177614,178241,627
input_projection,17,10,178241,178868,627
input_projection,17,11,178868,179495,627
input_projection,17,12,179501,180128,627
input_projection,17,13,180128,180755,627
input_projection,17,14,180755,181382,627
input_projection,17,15,181382,182009,627
input_projection,18,0,182015,182642,627
input_projection,18,1,182642,183269,627
input_projection,18,2,183269,183896,627
input_projection,18,3,183896,184523,627
input_projection,18,4,184529,185156,627
input_projection,18,5,185156,185783,627
input_projection,18,6,185783,186410,627
input_projection,18,7,186410,187037,627
input_projection,18,8,187043,187670,627
input_projection,18,9,187670,188297,627
input_projection,18,10,188297,188924,627
input_projection,18,11,188924,189551,627
input_projection,18,12,189557,190184,627
input_projection,18,13,190184,190811,627
input_projection,18,14,190811,191438,627
input_projection,18,15,191438,192065,627
input_projection,19,0,192071,192698,627
input_projection,19,1,192698,193325,627
input_projection,19,2,193325,193952,627
input_projection,19,3,193952,194579,627
input_projection,19,4,194585,195212,627
input_projection,19,5,195212,195839,627
input_projection,19,6,195839,196466,627
input_projection,19,7,196466,197093,627
input_projection,19,8,197099,197726,627
input_projection,19,9,197726,198353,627
input_projection,19,10,198353,198980,627
input_projection,19,11,198980,199607,627
input_projection,19,12,199613,200240,627
input_projection,19,13,200240,200867,627
input_projection,19,14,200867,201494,627
input_projection,19,15,201494,202121,627
input_projection,20,0,202127,202754,627
input_projection,20,1,202754,203381,627
input_projection,20,2,203381,204008,627
input_projection,20,3,204008,204635,627
input_projection,20,4,204641,205268,627
input_projection,20,5,205268,205895,627
input_projection,20,6,205895,206522,627
input_projection,20,7,206522,207149,627
input_projection,20,8,207155,207782,627
input_projection,20,9,207782,208409,627
input_projection,20,10,208409,209036,627
input_projection,20,11,209036,209663,627
input_projection,20,12,209669,210296,627
input_projection,20,13,210296,210923,627
input_projection,20,14,210923,211550,627
input_projection,20,15,211550,212177,627
input_projection,21,0,212183,212810,627
input_projection,21,1,212810,213437,627
input_projection,21,2,213437,214064,627
input_projection,21,3,214064,214691,627
input_projection,21,4,214697,215324,627
input_projection,21,5,215324,215951,627
input_projection,21,6,215951,216578,627
input_projection,21,7,216578,217205,627
input_projection,21,8,217211,217838,627
input_projection,21,9,217838,218465,627
input_projection,21,10,218465,219092,627
input_projection,21,11,219092,219719,627
input_projection,21,12,219725,220352,627
input_projection,21,13,220352,220979,627
input_projection,21,14,220979,221606,627
input_projection,21,15,221606,222233,627
input_projection,22,0,222239,222866,627
input_projection,22,1,222866,223493,627
input_projection,22,2,223493,224120,627
input_projection,22,3,224120,224747,627
input_projection,22,4,224753,225380,627
input_projection,22,5,225380,226007,627
input_projection,22,6,226007,226634,627
input_projection,22,7,226634,227261,627
input_projection,22,8,227267,227894,627
input_projection,22,9,227894,228521,627
input_projection,22,10,228521,229148,627
input_projection,22,11,229148,229775,627
input_projection,22,12,229781,230408,627
input_projection,22,13,230408,231035,627
input_projection,22,14,231035,231662,627
input_projection,22,15,231662,232289,627
input_projection,23,0,232295,232922,627
input_projection,23,1,232922,233549,627
input_projection,23,2,233549,234176,627
input_projection,23,3,234176,234803,627
input_projection,23,4,234809,235436,627
input_projection,23,5,235436,236063,627
input_projection,23,6,236063,236690,627
input_projection,23,7,236690,237317,627
input_projection,23,8,237323,237950,627
input_projection,23,9,237950,238577,627
input_projection,23,10,238577,239204,627
input_projection,23,11,239204,239831,627
input_projection,23,12,239837,240464,627
input_projection,23,13,240464,241091,627
input_projection,23,14,241091,241718,627
input_projection,23,15,241718,242345,627
input_projection,24,0,242351,242978,627
input_projection,24,1,242978,243605,627
input_projection,24,2,243605,244232,627
input_projection,24,3,244232,244859,627
input_projection,24,4,244865,245492,627
input_projection,24,5,245492,246119,627
input_projection,24,6,246119,246746,627
input_projection,24,7,246746,247373,627
input_projection,24,8,247379,248006,627
input_projection,24,9,248006,248633,627
input_projection,24,10,248633,249260,627
input_projection,24,11,249260,249887,627
input_projection,24,12,249893,250520,627
input_projection,24,13,250520,251147,627
input_projection,24,14,251147,251774,627
input_projection,24,15,251774,252401,627
input_projection,25,0,252407,253034,627
input_projection,25,1,253034,253661,627
input_projection,25,2,253661,254288,627
input_projection,25,3,254288,254915,627
input_projection,25,4,254921,255548,627
input_projection,25,5,255548,256175,627
input_projection,25,6,256175,256802,627
input_projection,25,7,256802,257429,627
input_projection,25,8,257435,258062,627
input_projection,25,9,258062,258689,627
input_projection,25,10,258689,259316,627
input_projection,25,11,259316,259943,627
input_projection,25,12,259949,260576,627
input_projection,25,13,260576,261203,627
input_projection,25,14,261203,261830,627
input_projection,25,15,261830,262457,627
input_projection,26,0,262463,263090,627
input_projection,26,1,263090,263717,627
input_projection,26,2,263717,264344,627
input_projection,26,3,264344,264971,627
input_projection,26,4,264977,265604,627
input_projection,26,5,265604,266231,627
input_projection,26,6,266231,266858,627
input_projection,26,7,266858,267485,627
input_projection,26,8,267491,268118,627
input_projection,26,9,268118,268745,627
input_projection,26,10,268745,269372,627
input_projection,26,11,269372,269999,627
input_projection,26,12,270005,270632,627
input_projection,26,13,270632,271259,627
input_projection,26,14,271259,271886,627
input_projection,26,15,271886,272513,627
input_projection,27,0,272519,273146,627
input_projection,27,1,273146,273773,627
input_projection,27,2,273773,274400,627
input_projection,27,3,274400,275027,627
input_projection,27,4,275033,275660,627
input_projection,27,5,275660,276287,627
input_projection,27,6,276287,276914,627
input_projection,27,7,276914,277541,627
input_projection,27,8,277547,278174,627
input_projection,27,9,278174,278801,627
input_projection,27,10,278801,279428,627
input_projection,27,11,279428,280055,627
input_projection,27,12,280061,280688,627
input_projection,27,13,280688,281315,627
input_projection,27,14,281315,281942,627
input_projection,27,15,281942,282569,627
input_projection,28,0,282575,283202,627
input_projection,28,1,283202,283829,627
input_projection,28,2,283829,284456,627
input_projection,28,3,284456,285083,627
input_projection,28,4,285089,285716,627
input_projection,28,5,285716,286343,627
input_projection,28,6,286343,286970,627
input_projection,28,7,286970,287597,627
input_projection,28,8,287603,288230,627
input_projection,28,9,288230,288857,627
input_projection,28,10,288857,289484,627
input_projection,28,11,289484,290111,627
input_projection,28,12,290117,290744,627
input_projection,28,13,290744,291371,627
input_projection,28,14,291371,291998,627
input_projection,28,15,291998,292625,627
input_projection,29,0,292631,293258,627
input_projection,29,1,293258,293885,627
input_projection,29,2,293885,294512,627
input_projection,29,3,294512,295139,627
input_projection,29,4,295145,295772,627
input_projection,29,5,295772,296399,627
input_projection,29,6,296399,297026,627
input_projection,29,7,297026,297653,627
input_projection,29,8,297659,298286,627
input_projection,29,9,298286,298913,627
input_projection,29,10,298913,299540,627
input_projection,29,11,299540,300167,627
input_projection,29,12,300173,300800,627
input_projection,29,13,300800,301427,627
input_projection,29,14,301427,302054,627
input_projection,29,15,302054,302681,627
input_projection,30,0,302687,303314,627
input_projection,30,1,303314,303941,627
input_projection,30,2,303941,304568,627
input_projection,30,3,304568,305195,627
input_projection,30,4,305201,305828,627
input_projection,30,5,305828,306455,627
input_projection,30,6,306455,307082,627
input_projection,30,7,307082,307709,627
input_projection,30,8,307715,308342,627
input_projection,30,9,308342,308969,627
input_projection,30,10,308969,309596,627
input_projection,30,11,309596,310223,627
input_projection,30,12,310229,310856,627
input_projection,30,13,310856,311483,627
input_projection,30,14,311483,312110,627
input_projection,30,15,312110,312737,627
input_projection,31,0,312743,313370,627
input_projection,31,1,313370,313997,627
input_projection,31,2,313997,314624,627
input_projection,31,3,314624,315251,627
input_projection,31,4,315257,315884,627
input_projection,31,5,315884,316511,627
input_projection,31,6,316511,317138,627
input_projection,31,7,317138,317765,627
input_projection,31,8,317771,318398,627
input_projection,31,9,318398,319025,627
input_projection,31,10,319025,319652,627
input_projection,31,11,319652,320279,627
input_projection,31,12,320285,320912,627
input_projection,31,13,320912,321539,627
input_projection,31,14,321539,322166,627
input_projection,31,15,322166,322793,627
input_projection,32,0,322799,323426,627
input_projection,32,1,323426,324053,627
input_projection,32,2,324053,324680,627
input_projection,32,3,324680,325307,627
input_projection,32,4,325313,325940,627
input_projection,32,5,325940,326567,627
input_projection,32,6,326567,327194,627
input_projection,32,7,327194,327821,627
input_projection,32,8,327827,328454,627
input_projection,32,9,328454,329081,627
input_projection,32,10,329081,329708,627
input_projection,32,11,329708,330335,627
input_projection,32,12,330341,330968,627
input_projection,32,13,330968,331595,627
input_projection,32,14,331595,332222,627
input_projection,32,15,332222,332849,627
input_projection,33,0,332855,333482,627
input_projection,33,1,333482,334109,627
input_projection,33,2,334109,334736,627
input_projection,33,3,334736,335363,627
input_projection,33,4,335369,335996,627
input_projection,33,5,335996,336623,627
input_projection,33,6,336623,337250,627
input_projection,33,7,337250,337877,627
input_projection,33,8,337883,338510,627
input_projection,33,9,338510,339137,627
input_projection,33,10,339137,339764,627
input_projection,33,11,339764,340391,627
input_projection,33,12,340397,341024,627
input_projection,33,13,341024,341651,627
input_projection,33,14,341651,342278,627
input_projection,33,15,342278,342905,627
input_projection,34,0,342911,343538,627
input_projection,34,1,343538,344165,627
input_projection,34,2,344165,344792,627
input_projection,34,3,344792,345419,627
input_projection,34,4,345425,346052,627
input_projection,34,5,346052,346679,627
input_projection,34,6,346679,347306,627
input_projection,34,7,347306,347933,627
input_projection,34,8,347939,348566,627
input_projection,34,9,348566,349193,627
input_projection,34,10,349193,349820,627
input_projection,34,11,349820,350447,627
input_projection,34,12,350453,351080,627
input_projection,34,13,351080,351707,627
input_projection,34,14,351707,352334,627
input_projection,34,15,352334,352961,627
input_projection,35,0,352967,353594,627
input_projection,35,1,353594,354221,627
input_projection,35,2,354221,354848,627
input_projection,35,3,354848,355475,627
input_projection,35,4,355481,356108,627
input_projection,35,5,356108,356735,627
input_projection,35,6,356735,357362,627
input_projection,35,7,357362,357989,627
input_projection,35,8,357995,358622,627
input_projection,35,9,358622,359249,627
input_projection,35,10,359249,359876,627
input_projection,35,11,359876,360503,627
input_projection,35,12,360509,361136,627
input_projection,35,13,361136,361763,627
input_projection,35,14,361763,362390,627
input_projection,35,15,362390,363017,627
input_projection,36,0,363023,363650,627
input_projection,36,1,363650,364277,627
input_projection,36,2,364277,364904,627
input_projection,36,3,364904,365531,627
input_projection,36,4,365537,366164,627
input_projection,36,5,366164,366791,627
input_projection,36,6,366791,367418,627
input_projection,36,7,367418,368045,627
input_projection,36,8,368051,368678,627
input_projection,36,9,368678,369305,627
input_projection,36,10,369305,369932,627
input_projection,36,11,369932,370559,627
input_projection,36,12,370565,371192,627
input_projection,36,13,371192,371819,627
input_projection,36,14,371819,372446,627
input_projection,36,15,372446,373073,627
input_projection,37,0,373079,373706,627
input_projection,37,1,373706,374333,627
input_projection,37,2,374333,374960,627
input_projection,37,3,374960,375587,627
input_projection,37,4,375593,376220,627
input_projection,37,5,376220,376847,627
input_projection,37,6,376847,377474,627
input_projection,37,7,377474,378101,627
input_projection,37,8,378107,378734,627
input_projection,37,9,378734,379361,627
input_projection,37,10,379361,379988,627
input_projection,37,11,379988,380615,627
input_projection,37,12,380621,381248,627
input_projection,37,13,381248,381875,627
input_projection,37,14,381875,382502,627
input_projection,37,15,382502,383129,627
input_projection,38,0,383135,383762,627
input_projection,38,1,383762,384389,627
input_projection,38,2,384389,385016,627
input_projection,38,3,385016,385643,627
input_projection,38,4,385649,386276,627
input_projection,38,5,386276,386903,627
input_projection,38,6,386903,387530,627
input_projection,38,7,387530,388157,627
input_projection,38,8,388163,388790,627
input_projection,38,9,388790,389417,627
input_projection,38,10,389417,390044,627
input_projection,38,11,390044,390671,627
input_projection,38,12,390677,391304,627
input_projection,38,13,391304,391931,627
input_projection,38,14,391931,392558,627
input_projection,38,15,392558,393185,627
input_projection,39,0,393191,393818,627
input_projection,39,1,393818,394445,627
input_projection,39,2,394445,395072,627
input_projection,39,3,395072,395699,627
input_projection,39,4,395705,396332,627
input_projection,39,5,396332,396959,627
input_projection,39,6,396959,397586,627
input_projection,39,7,397586,398213,627
input_projection,39,8,398219,398846,627
input_projection,39,9,398846,399473,627
input_projection,39,10,399473,400100,627
input_projection,39,11,400100,400727,627
input_projection,39,12,400733,401360,627
input_projection,39,13,401360,401987,627
input_projection,39,14,401987,402614,627
input_projection,39,15,402614,403241,627
input_projection,40,0,403247,403874,627
input_projection,40,1,403874,404501,627
input_projection,40,2,404501,405128,627
input_projection,40,3,405128,405755,627
input_projection,40,4,405761,406388,627
input_projection,40,5,406388,407015,627
input_projection,40,6,407015,407642,627
input_projection,40,7,407642,408269,627
input_projection,40,8,408275,408902,627
input_projection,40,9,408902,409529,627
input_projection,40,10,409529,410156,627
input_projection,40,11,410156,410783,627
input_projection,40,12,410789,411416,627
input_projection,40,13,411416,412043,627
input_projection,40,14,412043,412670,627
input_projection,40,15,412670,413297,627
input_projection,41,0,413303,413930,627
input_projection,41,1,413930,414557,627
input_projection,41,2,414557,415184,627
input_projection,41,3,415184,415811,627
input_projection,41,4,415817,416444,627
input_projection,41,5,416444,417071,627
input_projection,41,6,417071,417698,627
input_projection,41,7,417698,418325,627
input_projection,41,8,418331,418958,627
input_projection,41,9,418958,419585,627
input_projection,41,10,419585,420212,627
input_projection,41,11,420212,420839,627
input_projection,41,12,420845,421472,627
input_projection,41,13,421472,422099,627
input_projection,41,14,422099,422726,627
input_projection,41,15,422726,423353,627
input_projection,42,0,423359,423986,627
input_projection,42,1,423986,424613,627
input_projection,42,2,424613,425240,627
input_projection,42,3,425240,425867,627
input_projection,42,4,425873,426500,627
input_projection,42,5,426500,427127,627
input_projection,42,6,427127,427754,627
input_projection,42,7,427754,428381,627
input_projection,42,8,428387,429014,627
input_projection,42,9,429014,429641,627
input_projection,42,10,429641,430268,627
input_projection,42,11,430268,430895,627
input_projection,42,12,430901,431528,627
input_projection,42,13,431528,432155,627
input_projection,42,14,432155,432782,627
input_projection,42,15,432782,433409,627
input_projection,43,0,433415,434042,627
input_projection,43,1,434042,434669,627
input_projection,43,2,434669,435296,627
input_projection,43,3,435296,435923,627
input_projection,43,4,435929,436556,627
input_projection,43,5,436556,437183,627
input_projection,43,6,437183,437810,627
input_projection,43,7,437810,438437,627
input_projection,43,8,438443,439070,627
input_projection,43,9,439070,439697,627
input_projection,43,10,439697,440324,627
input_projection,43,11,440324,440951,627
input_projection,43,12,440957,441584,627
input_projection,43,13,441584,442211,627
input_projection,43,14,442211,442838,627
input_projection,43,15,442838,443465,627
input_projection,44,0,443471,444098,627
input_projection,44,1,444098,444725,627
input_projection,44,2,444725,445352,627
input_projection,44,3,445352,445979,627
input_projection,44,4,445985,446612,627
input_projection,44,5,446612,447239,627
input_projection,44,6,447239,447866,627
input_projection,44,7,447866,448493,627
input_projection,44,8,448499,449126,627
input_projection,44,9,449126,449753,627
input_projection,44,10,449753,450380,627
input_projection,44,11,450380,451007,627
input_projection,44,12,451013,451640,627
input_projection,44,13,451640,452267,627
input_projection,44,14,452267,452894,627
input_projection,44,15,452894,453521,627
input_projection,45,0,453527,454154,627
input_projection,45,1,454154,454781,627
input_projection,45,2,454781,455408,627
input_projection,45,3,455408,456035,627
input_projection,45,4,456041,456668,627
input_projection,45,5,456668,457295,627
input_projection,45,6,457295,457922,627
input_projection,45,7,457922,458549,627
input_projection,45,8,458555,459182,627
input_projection,45,9,459182,459809,627
input_projection,45,10,459809,460436,627
input_projection,45,11,460436,461063,627
input_projection,45,12,461069,461696,627
input_projection,45,13,461696,462323,627
input_projection,45,14,462323,462950,627
input_projection,45,15,462950,463577,627
input_projection,46,0,463583,464210,627
input_projection,46,1,464210,464837,627
input_projection,46,2,464837,465464,627
input_projection,46,3,465464,466091,627
input_projection,46,4,466097,466724,627
input_projection,46,5,466724,467351,627
input_projection,46,6,467351,467978,627
input_projection,46,7,467978,468605,627
input_projection,46,8,468611,469238,627
input_projection,46,9,469238,469865,627
input_projection,46,10,469865,470492,627
input_projection,46,11,470492,471119,627
input_projection,46,12,471125,471752,627
input_projection,46,13,471752,472379,627
input_projection,46,14,472379,473006,627
input_projection,46,15,473006,473633,627
input_projection,47,0,473639,474266,627
input_projection,47,1,474266,474893,627
input_projection,47,2,474893,475520,627
input_projection,47,3,475520,476147,627
input_projection,47,4,476153,476780,627
input_projection,47,5,476780,477407,627
input_projection,47,6,477407,478034,627
input_projection,47,7,478034,478661,627
input_projection,47,8,478667,479294,627
input_projection,47,9,479294,479921,627
input_projection,47,10,479921,480548,627
input_projection,47,11,480548,481175,627
input_projection,47,12,481181,481808,627
input_projection,47,13,481808,482435,627
input_projection,47,14,482435,483062,627
input_projection,47,15,483062,483689,627
input_projection,48,0,483695,484322,627
input_projection,48,1,484322,484949,627
input_projection,48,2,484949,485576,627
input_projection,48,3,485576,486203,627
input_projection,48,4,486209,486836,627
input_projection,48,5,486836,487463,627
input_projection,48,6,487463,488090,627
input_projection,48,7,488090,488717,627
input_projection,48,8,488723,489350,627
input_projection,48,9,489350,489977,627
input_projection,48,10,489977,490604,627
input_projection,48,11,490604,491231,627
input_projection,48,12,491237,491864,627
input_projection,48,13,491864,492491,627
input_projection,48,14,492491,493118,627
input_projection,48,15,493118,493745,627
input_projection,49,0,493751,494378,627
input_projection,49,1,494378,495005,627
input_projection,49,2,495005,495632,627
input_projection,49,3,495632,496259,627
input_projection,49,4,496265,496892,627
input_projection,49,5,496892,497519,627
input_projection,49,6,497519,498146,627
input_projection,49,7,498146,498773,627
input_projection,49,8,498779,499406,627
input_projection,49,9,499406,500033,627
input_projection,49,10,500033,500660,627
input_projection,49,11,500660,501287,627
input_projection,49,12,501293,501920,627
input_projection,49,13,501920,502547,627
input_projection,49,14,502547,503174,627
input_projection,49,15,503174,503801,627
input_projection,50,0,503807,504434,627
input_projection,50,1,504434,505061,627
input_projection,50,2,505061,505688,627
input_projection,50,3,505688,506315,627
input_projection,50,4,506321,506948,627
input_projection,50,5,506948,507575,627
input_projection,50,6,507575,508202,627
input_projection,50,7,508202,508829,627
input_projection,50,8,508835,509462,627
input_projection,50,9,509462,510089,627
input_projection,50,10,510089,510716,627
input_projection,50,11,510716,511343,627
input_projection,50,12,511349,511976,627
input_projection,50,13,511976,512603,627
input_projection,50,14,512603,513230,627
input_projection,50,15,513230,513857,627
input_projection,51,0,513863,514490,627
input_projection,51,1,514490,515117,627
input_projection,51,2,515117,515744,627
input_projection,51,3,515744,516371,627
input_projection,51,4,516377,517004,627
input_projection,51,5,517004,517631,627
input_projection,51,6,517631,518258,627
input_projection,51,7,518258,518885,627
input_projection,51,8,518891,519518,627
input_projection,51,9,519518,520145,627
input_projection,51,10,520145,520772,627
input_projection,51,11,520772,521399,627
input_projection,51,12,521405,522032,627
input_projection,51,13,522032,522659,627
input_projection,51,14,522659,523286,627
input_projection,51,15,523286,523913,627
input_projection,52,0,523919,524546,627
input_projection,52,1,524546,525173,627
input_projection,52,2,525173,525800,627
input_projection,52,3,525800,526427,627
input_projection,52,4,526433,527060,627
input_projection,52,5,527060,527687,627
input_projection,52,6,527687,528314,627
input_projection,52,7,528314,528941,627
input_projection,52,8,528947,529574,627
input_projection,52,9,529574,530201,627
input_projection,52,10,530201,530828,627
input_projection,52,11,530828,531455,627
input_projection,52,12,531461,532088,627
input_projection,52,13,532088,532715,627
input_projection,52,14,532715,533342,627
input_projection,52,15,533342,533969,627
input_projection,53,0,533975,534602,627
input_projection,53,1,534602,535229,627
input_projection,53,2,535229,535856,627
input_projection,53,3,535856,536483,627
input_projection,53,4,536489,537116,627
input_projection,53,5,537116,537743,627
input_projection,53,6,537743,538370,627
input_projection,53,7,538370,538997,627
input_projection,53,8,539003,539630,627
input_projection,53,9,539630,540257,627
input_projection,53,10,540257,540884,627
input_projection,53,11,540884,541511,627
input_projection,53,12,541517,542144,627
input_projection,53,13,542144,542771,627
input_projection,53,14,542771,543398,627
input_projection,53,15,543398,544025,627
input_projection,54,0,544031,544658,627
input_projection,54,1,544658,545285,627
input_projection,54,2,545285,545912,627
input_projection,54,3,545912,546539,627
input_projection,54,4,546545,547172,627
input_projection,54,5,547172,547799,627
input_projection,54,6,547799,548426,627
input_projection,54,7,548426,549053,627
input_projection,54,8,549059,549686,627
input_projection,54,9,549686,550313,627
input_projection,54,10,550313,550940,627
input_projection,54,11,550940,551567,627
input_projection,54,12,551573,552200,627
input_projection,54,13,552200,552827,627
input_projection,54,14,552827,553454,627
input_projection,54,15,553454,554081,627
input_projection,55,0,554087,554714,627
input_projection,55,1,554714,555341,627
input_projection,55,2,555341,555968,627
input_projection,55,3,555968,556595,627
input_projection,55,4,556601,557228,627
input_projection,55,5,557228,557855,627
input_projection,55,6,557855,558482,627
input_projection,55,7,558482,559109,627
input_projection,55,8,559115,559742,627
input_projection,55,9,559742,560369,627
input_projection,55,10,560369,560996,627
input_projection,55,11,560996,561623,627
input_projection,55,12,561629,562256,627
input_projection,55,13,562256,562883,627
input_projection,55,14,562883,563510,627
input_projection,55,15,563510,564137,627
input_projection,56,0,564143,564770,627
input_projection,56,1,564770,565397,627
input_projection,56,2,565397,566024,627
input_projection,56,3,566024,566651,627
input_projection,56,4,566657,567284,627
input_projection,56,5,567284,567911,627
input_projection,56,6,567911,568538,627
input_projection,56,7,568538,569165,627
input_projection,56,8,569171,569798,627
input_projection,56,9,569798,570425,627
input_projection,56,10,570425,571052,627
input_projection,56,11,571052,571679,627
input_projection,56,12,571685,572312,627
input_projection,56,13,572312,572939,627
input_projection,56,14,572939,573566,627
input_projection,56,15,573566,574193,627
input_projection,57,0,574199,574826,627
input_projection,57,1,574826,575453,627
input_projection,57,2,575453,576080,627
input_projection,57,3,576080,576707,627
input_projection,57,4,576713,577340,627
input_projection,57,5,577340,577967,627
input_projection,57,6,577967,578594,627
input_projection,57,7,578594,579221,627
input_projection,57,8,579227,579854,627
input_projection,57,9,579854,580481,627
input_projection,57,10,580481,581108,627
input_projection,57,11,581108,581735,627
input_projection,57,12,581741,582368,627
input_projection,57,13,582368,582995,627
input_projection,57,14,582995,583622,627
input_projection,57,15,583622,584249,627
input_projection,58,0,584255,584882,627
input_projection,58,1,584882,585509,627
input_projection,58,2,585509,586136,627
input_projection,58,3,586136,586763,627
input_projection,58,4,586769,587396,627
input_projection,58,5,587396,588023,627
input_projection,58,6,588023,588650,627
input_projection,58,7,588650,589277,627
input_projection,58,8,589283,589910,627
input_projection,58,9,589910,590537,627
input_projection,58,10,590537,591164,627
input_projection,58,11,591164,591791,627
input_projection,58,12,591797,592424,627
input_projection,58,13,592424,593051,627
input_projection,58,14,593051,593678,627
input_projection,58,15,593678,594305,627
input_projection,59,0,594311,594938,627
input_projection,59,1,594938,595565,627
input_projection,59,2,595565,596192,627
input_projection,59,3,596192,596819,627
input_projection,59,4,596825,597452,627
input_projection,59,5,597452,598079,627
input_projection,59,6,598079,598706,627
input_projection,59,7,598706,599333,627
input_projection,59,8,599339,599966,627
input_projection,59,9,599966,600593,627
input_projection,59,10,600593,601220,627
input_projection,59,11,601220,601847,627
input_projection,59,12,601853,602480,627
input_projection,59,13,602480,603107,627
input_projection,59,14,603107,603734,627
input_projection,59,15,603734,604361,627
input_projection,60,0,604367,604994,627
input_projection,60,1,604994,605621,627
input_projection,60,2,605621,606248,627
input_projection,60,3,606248,606875,627
input_projection,60,4,606881,607508,627
input_projection,60,5,607508,608135,627
input_projection,60,6,608135,608762,627
input_projection,60,7,608762,609389,627
input_projection,60,8,609395,610022,627
input_projection,60,9,610022,610649,627
input_projection,60,10,610649,611276,627
input_projection,60,11,611276,611903,627
input_projection,60,12,611909,612536,627
input_projection,60,13,612536,613163,627
input_projection,60,14,613163,613790,627
input_projection,60,15,613790,614417,627
input_projection,61,0,614423,615050,627
input_projection,61,1,615050,615677,627
input_projection,61,2,615677,616304,627
input_projection,61,3,616304,616931,627
input_projection,61,4,616937,617564,627
input_projection,61,5,617564,618191,627
input_projection,61,6,618191,618818,627
input_projection,61,7,618818,619445,627
input_projection,61,8,619451,620078,627
input_projection,61,9,620078,620705,627
input_projection,61,10,620705,621332,627
input_projection,61,11,621332,621959,627
input_projection,61,12,621965,622592,627
input_projection,61,13,622592,623219,627
input_projection,61,14,623219,623846,627
input_projection,61,15,623846,624473,627
input_projection,62,0,624479,625106,627
input_projection,62,1,625106,625733,627
input_projection,62,2,625733,626360,627
input_projection,62,3,626360,626987,627
input_projection,62,4,626993,627620,627
input_projection,62,5,627620,628247,627
input_projection,62,6,628247,628874,627
input_projection,62,7,628874,629501,627
input_projection,62,8,629507,630134,627
input_projection,62,9,630134,630761,627
input_projection,62,10,630761,631388,627
input_projection,62,11,631388,632015,627
input_projection,62,12,632021,632648,627
input_projection,62,13,632648,633275,627
input_projection,62,14,633275,633902,627
input_projection,62,15,633902,634529,627
input_projection,63,0,634535,635162,627
input_projection,63,1,635162,635789,627
input_projection,63,2,635789,636416,627
input_projection,63,3,636416,637043,627
input_projection,63,4,637049,637676,627
input_projection,63,5,637676,638303,627
input_projection,63,6,638303,638930,627
input_projection,63,7,638930,639557,627
input_projection,63,8,639563,640190,627
input_projection,63,9,640190,640817,627
input_projection,63,10,640817,641444,627
input_projection,63,11,641444,642071,627
input_projection,63,12,642077,642704,627
input_projection,63,13,642704,643331,627
input_projection,63,14,643331,643958,627
input_projection,63,15,643958,644585,627
conv_input_queue,0,0,1634,1635,1
conv_input_queue,0,1,2261,2262,1
conv_input_queue,0,2,2888,2889,1
conv_input_queue,0,3,3515,3516,1
conv_input_queue,0,4,4148,4149,1
conv_input_queue,0,5,4775,4776,1
conv_input_queue,0,6,5402,5403,1
conv_input_queue,0,7,6029,6030,1
conv_input_queue,0,8,6662,6663,1
conv_input_queue,0,9,7289,7290,1
conv_input_queue,0,10,7916,7917,1
conv_input_queue,0,11,8543,8544,1
conv_input_queue,0,12,9176,9177,1
conv_input_queue,0,13,9803,9804,1
conv_input_queue,0,14,10430,10431,1
conv_input_queue,0,15,11057,11058,1
conv_input_queue,1,0,11690,11691,1
conv_input_queue,1,1,12317,12318,1
conv_input_queue,1,2,12944,12945,1
conv_input_queue,1,3,13571,13572,1
conv_input_queue,1,4,14204,14205,1
conv_input_queue,1,5,14831,14832,1
conv_input_queue,1,6,15458,15459,1
conv_input_queue,1,7,16085,16086,1
conv_input_queue,1,8,16718,16719,1
conv_input_queue,1,9,17345,17346,1
conv_input_queue,1,10,17972,17973,1
conv_input_queue,1,11,18599,18600,1
conv_input_queue,1,12,19232,19233,1
conv_input_queue,1,13,19859,19860,1
conv_input_queue,1,14,20486,20487,1
conv_input_queue,1,15,21113,21114,1
conv_input_queue,2,0,21746,21747,1
conv_input_queue,2,1,22373,22374,1
conv_input_queue,2,2,23000,23001,1
conv_input_queue,2,3,23627,23628,1
conv_input_queue,2,4,24260,24261,1
conv_input_queue,2,5,24887,24888,1
conv_input_queue,2,6,25514,25515,1
conv_input_queue,2,7,26141,26142,1
conv_input_queue,2,8,26774,26775,1
conv_input_queue,2,9,27401,27402,1
conv_input_queue,2,10,28028,28029,1
conv_input_queue,2,11,28655,28656,1
conv_input_queue,2,12,29288,29289,1
conv_input_queue,2,13,29915,29916,1
conv_input_queue,2,14,30542,30543,1
conv_input_queue,2,15,31169,31170,1
conv_input_queue,3,0,31802,31803,1
conv_input_queue,3,1,32429,32430,1
conv_input_queue,3,2,33056,33057,1
conv_input_queue,3,3,33683,33684,1
conv_input_queue,3,4,34316,34317,1
conv_input_queue,3,5,34943,34944,1
conv_input_queue,3,6,35570,35571,1
conv_input_queue,3,7,36197,36198,1
conv_input_queue,3,8,36830,36831,1
conv_input_queue,3,9,37457,37458,1
conv_input_queue,3,10,38084,38085,1
conv_input_queue,3,11,38711,38712,1
conv_input_queue,3,12,39344,39345,1
conv_input_queue,3,13,39971,39972,1
conv_input_queue,3,14,40598,40599,1
conv_input_queue,3,15,41225,41226,1
conv_input_queue,4,0,41858,41859,1
conv_input_queue,4,1,42485,42486,1
conv_input_queue,4,2,43112,43113,1
conv_input_queue,4,3,43739,43740,1
conv_input_queue,4,4,44372,44373,1
conv_input_queue,4,5,44999,45000,1
conv_input_queue,4,6,45626,45627,1
conv_input_queue,4,7,46253,46254,1
conv_input_queue,4,8,46886,46887,1
conv_input_queue,4,9,47513,47514,1
conv_input_queue,4,10,48140,48141,1
conv_input_queue,4,11,48767,48768,1
conv_input_queue,4,12,49400,49401,1
conv_input_queue,4,13,50027,50028,1
conv_input_queue,4,14,50654,50655,1
conv_input_queue,4,15,51281,51282,1
conv_input_queue,5,0,51914,51915,1
conv_input_queue,5,1,52541,52542,1
conv_input_queue,5,2,53168,53169,1
conv_input_queue,5,3,53795,53796,1
conv_input_queue,5,4,54428,54429,1
conv_input_queue,5,5,55055,55056,1
conv_input_queue,5,6,55682,55683,1
conv_input_queue,5,7,56309,56310,1
conv_input_queue,5,8,56942,56943,1
conv_input_queue,5,9,57569,57570,1
conv_input_queue,5,10,58196,58197,1
conv_input_queue,5,11,58823,58824,1
conv_input_queue,5,12,59456,59457,1
conv_input_queue,5,13,60083,60084,1
conv_input_queue,5,14,60710,60711,1
conv_input_queue,5,15,61337,61338,1
conv_input_queue,6,0,61970,61971,1
conv_input_queue,6,1,62597,62598,1
conv_input_queue,6,2,63224,63225,1
conv_input_queue,6,3,63851,63852,1
conv_input_queue,6,4,64484,64485,1
conv_input_queue,6,5,65111,65112,1
conv_input_queue,6,6,65738,65739,1
conv_input_queue,6,7,66365,66366,1
conv_input_queue,6,8,66998,66999,1
conv_input_queue,6,9,67625,67626,1
conv_input_queue,6,10,68252,68253,1
conv_input_queue,6,11,68879,68880,1
conv_input_queue,6,12,69512,69513,1
conv_input_queue,6,13,70139,70140,1
conv_input_queue,6,14,70766,70767,1
conv_input_queue,6,15,71393,71394,1
conv_input_queue,7,0,72026,72027,1
conv_input_queue,7,1,72653,72654,1
conv_input_queue,7,2,73280,73281,1
conv_input_queue,7,3,73907,73908,1
conv_input_queue,7,4,74540,74541,1
conv_input_queue,7,5,75167,75168,1
conv_input_queue,7,6,75794,75795,1
conv_input_queue,7,7,76421,76422,1
conv_input_queue,7,8,77054,77055,1
conv_input_queue,7,9,77681,77682,1
conv_input_queue,7,10,78308,78309,1
conv_input_queue,7,11,78935,78936,1
conv_input_queue,7,12,79568,79569,1
conv_input_queue,7,13,80195,80196,1
conv_input_queue,7,14,80822,80823,1
conv_input_queue,7,15,81449,81450,1
conv_input_queue,8,0,82082,82083,1
conv_input_queue,8,1,82709,82710,1
conv_input_queue,8,2,83336,83337,1
conv_input_queue,8,3,83963,83964,1
conv_input_queue,8,4,84596,84597,1
conv_input_queue,8,5,85223,85224,1
conv_input_queue,8,6,85850,85851,1
conv_input_queue,8,7,86477,86478,1
conv_input_queue,8,8,87110,87111,1
conv_input_queue,8,9,87737,87738,1
conv_input_queue,8,10,88364,88365,1
conv_input_queue,8,11,88991,88992,1
conv_input_queue,8,12,89624,89625,1
conv_input_queue,8,13,90251,90252,1
conv_input_queue,8,14,90878,90879,1
conv_input_queue,8,15,91505,91506,1
conv_input_queue,9,0,92138,92139,1
conv_input_queue,9,1,92765,92766,1
conv_input_queue,9,2,93392,93393,1
conv_input_queue,9,3,94019,94020,1
conv_input_queue,9,4,94652,94653,1
conv_input_queue,9,5,95279,95280,1
conv_input_queue,9,6,95906,95907,1
conv_input_queue,9,7,96533,96534,1
conv_input_queue,9,8,97166,97167,1
conv_input_queue,9,9,97793,97794,1
conv_input_queue,9,10,98420,98421,1
conv_input_queue,9,11,99047,99048,1
conv_input_queue,9,12,99680,99681,1
conv_input_queue,9,13,100307,100308,1
conv_input_queue,9,14,100934,100935,1
conv_input_queue,9,15,101561,101562,1
conv_input_queue,10,0,102194,102195,1
conv_input_queue,10,1,102821,102822,1
conv_input_queue,10,2,103448,103449,1
conv_input_queue,10,3,104075,104076,1
conv_input_queue,10,4,104708,104709,1
conv_input_queue,10,5,105335,105336,1
conv_input_queue,10,6,105962,105963,1
conv_input_queue,10,7,106589,106590,1
conv_input_queue,10,8,107222,107223,1
conv_input_queue,10,9,107849,107850,1
conv_input_queue,10,10,108476,108477,1
conv_input_queue,10,11,109103,109104,1
conv_input_queue,10,12,109736,109737,1
conv_input_queue,10,13,110363,110364,1
conv_input_queue,10,14,110990,110991,1
conv_input_queue,10,15,111617,111618,1
conv_input_queue,11,0,112250,112251,1
conv_input_queue,11,1,112877,112878,1
conv_input_queue,11,2,113504,113505,1
conv_input_queue,11,3,114131,114132,1
conv_input_queue,11,4,114764,114765,1
conv_input_queue,11,5,115391,115392,1
conv_input_queue,11,6,116018,116019,1
conv_input_queue,11,7,116645,116646,1
conv_input_queue,11,8,117278,117279,1
conv_input_queue,11,9,117905,117906,1
conv_input_queue,11,10,118532,118533,1
conv_input_queue,11,11,119159,119160,1
conv_input_queue,11,12,119792,119793,1
conv_input_queue,11,13,120419,120420,1
conv_input_queue,11,14,121046,121047,1
conv_input_queue,11,15,121673,121674,1
conv_input_queue,12,0,122306,122307,1
conv_input_queue,12,1,122933,122934,1
conv_input_queue,12,2,123560,123561,1
conv_input_queue,12,3,124187,124188,1
conv_input_queue,12,4,124820,124821,1
conv_input_queue,12,5,125447,125448,1
conv_input_queue,12,6,126074,126075,1
conv_input_queue,12,7,126701,126702,1
conv_input_queue,12,8,127334,127335,1
conv_input_queue,12,9,127961,127962,1
conv_input_queue,12,10,128588,128589,1
conv_input_queue,12,11,129215,129216,1
conv_input_queue,12,12,129848,129849,1
conv_input_queue,12,13,130475,130476,1
conv_input_queue,12,14,131102,131103,1
conv_input_queue,12,15,131729,131730,1
conv_input_queue,13,0,132362,132363,1
conv_input_queue,13,1,132989,132990,1
conv_input_queue,13,2,133616,133617,1
conv_input_queue,13,3,134243,134244,1
conv_input_queue,13,4,134876,134877,1
conv_input_queue,13,5,135503,135504,1
conv_input_queue,13,6,136130,136131,1
conv_input_queue,13,7,136757,136758,1
conv_input_queue,13,8,137390,137391,1
conv_input_queue,13,9,138017,138018,1
conv_input_queue,13,10,138644,138645,1
conv_input_queue,13,11,139271,139272,1
conv_input_queue,13,12,139904,139905,1
conv_input_queue,13,13,140531,140532,1
conv_input_queue,13,14,141158,141159,1
conv_input_queue,13,15,141785,141786,1
conv_input_queue,14,0,142418,142419,1
conv_input_queue,14,1,143045,143046,1
conv_input_queue,14,2,143672,143673,1
conv_input_queue,14,3,144299,144300,1
conv_input_queue,14,4,144932,144933,1
conv_input_queue,14,5,145559,145560,1
conv_input_queue,14,6,146186,146187,1
conv_input_queue,14,7,146813,146814,1
conv_input_queue,14,8,147446,147447,1
conv_input_queue,14,9,148073,148074,1
conv_input_queue,14,10,148700,148701,1
conv_input_queue,14,11,149327,149328,1
conv_input_queue,14,12,149960,149961,1
conv_input_queue,14,13,150587,150588,1
conv_input_queue,14,14,151214,151215,1
conv_input_queue,14,15,151841,151842,1
conv_input_queue,15,0,152474,152475,1
conv_input_queue,15,1,153101,153102,1
conv_input_queue,15,2,153728,153729,1
conv_input_queue,15,3,154355,154356,1
conv_input_queue,15,4,154988,154989,1
conv_input_queue,15,5,155615,155616,1
conv_input_queue,15,6,156242,156243,1
conv_input_queue,15,7,156869,156870,1
conv_input_queue,15,8,157502,157503,1
conv_input_queue,15,9,158129,158130,1
conv_input_queue,15,10,158756,158757,1
conv_input_queue,15,11,159383,159384,1
conv_input_queue,15,12,160016,160017,1
conv_input_queue,15,13,160643,160644,1
conv_input_queue,15,14,161270,161271,1
conv_input_queue,15,15,161897,161898,1
conv_input_queue,16,0,162530,162531,1
conv_input_queue,16,1,163157,163158,1
conv_input_queue,16,2,163784,163785,1
conv_input_queue,16,3,164411,164412,1
conv_input_queue,16,4,165044,165045,1
conv_input_queue,16,5,165671,165672,1
conv_input_queue,16,6,166298,166299,1
conv_input_queue,16,7,166925,166926,1
conv_input_queue,16,8,167558,167559,1
conv_input_queue,16,9,168185,168186,1
conv_input_queue,16,10,168812,168813,1
conv_input_queue,16,11,169439,169440,1
conv_input_queue,16,12,170072,170073,1
conv_input_queue,16,13,170699,170700,1
conv_input_queue,16,14,171326,171327,1
conv_input_queue,16,15,171953,171954,1
conv_input_queue,17,0,172586,172587,1
conv_input_queue,17,1,173213,173214,1
conv_input_queue,17,2,173840,173841,1
conv_input_queue,17,3,174467,174468,1
conv_input_queue,17,4,175100,175101,1
conv_input_queue,17,5,175727,175728,1
conv_input_queue,17,6,176354,176355,1
conv_input_queue,17,7,176981,176982,1
conv_input_queue,17,8,177614,177615,1
conv_input_queue,17,9,178241,178242,1
conv_input_queue,17,10,178868,178869,1
conv_input_queue,17,11,179495,179496,1
conv_input_queue,17,12,180128,180129,1
conv_input_queue,17,13,180755,180756,1
conv_input_queue,17,14,181382,181383,1
conv_input_queue,17,15,182009,182010,1
conv_input_queue,18,0,182642,182643,1
conv_input_queue,18,1,183269,183270,1
conv_input_queue,18,2,183896,183897,1
conv_input_queue,18,3,184523,184524,1
conv_input_queue,18,4,185156,185157,1
conv_input_queue,18,5,185783,185784,1
conv_input_queue,18,6,186410,186411,1
conv_input_queue,18,7,187037,187038,1
conv_input_queue,18,8,187670,187671,1
conv_input_queue,18,9,188297,188298,1
conv_input_queue,18,10,188924,188925,1
conv_input_queue,18,11,189551,189552,1
conv_input_queue,18,12,190184,190185,1
conv_input_queue,18,13,190811,190812,1
conv_input_queue,18,14,191438,191439,1
conv_input_queue,18,15,192065,192066,1
conv_input_queue,19,0,192698,192699,1
conv_input_queue,19,1,193325,193326,1
conv_input_queue,19,2,193952,193953,1
conv_input_queue,19,3,194579,194580,1
conv_input_queue,19,4,195212,195213,1
conv_input_queue,19,5,195839,195840,1
conv_input_queue,19,6,196466,196467,1
conv_input_queue,19,7,197093,197094,1
conv_input_queue,19,8,197726,197727,1
conv_input_queue,19,9,198353,198354,1
conv_input_queue,19,10,198980,198981,1
conv_input_queue,19,11,199607,199608,1
conv_input_queue,19,12,200240,200241,1
conv_input_queue,19,13,200867,200868,1
conv_input_queue,19,14,201494,201495,1
conv_input_queue,19,15,202121,202122,1
conv_input_queue,20,0,202754,202755,1
conv_input_queue,20,1,203381,203382,1
conv_input_queue,20,2,204008,204009,1
conv_input_queue,20,3,204635,204636,1
conv_input_queue,20,4,205268,205269,1
conv_input_queue,20,5,205895,205896,1
conv_input_queue,20,6,206522,206523,1
conv_input_queue,20,7,207149,207150,1
conv_input_queue,20,8,207782,207783,1
conv_input_queue,20,9,208409,208410,1
conv_input_queue,20,10,209036,209037,1
conv_input_queue,20,11,209663,209664,1
conv_input_queue,20,12,210296,210297,1
conv_input_queue,20,13,210923,210924,1
conv_input_queue,20,14,211550,211551,1
conv_input_queue,20,15,212177,212178,1
conv_input_queue,21,0,212810,212811,1
conv_input_queue,21,1,213437,213438,1
conv_input_queue,21,2,214064,214065,1
conv_input_queue,21,3,214691,214692,1
conv_input_queue,21,4,215324,215325,1
conv_input_queue,21,5,215951,215952,1
conv_input_queue,21,6,216578,216579,1
conv_input_queue,21,7,217205,217206,1
conv_input_queue,21,8,217838,217839,1
conv_input_queue,21,9,218465,218466,1
conv_input_queue,21,10,219092,219093,1
conv_input_queue,21,11,219719,219720,1
conv_input_queue,21,12,220352,220353,1
conv_input_queue,21,13,220979,220980,1
conv_input_queue,21,14,221606,221607,1
conv_input_queue,21,15,222233,222234,1
conv_input_queue,22,0,222866,222867,1
conv_input_queue,22,1,223493,223494,1
conv_input_queue,22,2,224120,224121,1
conv_input_queue,22,3,224747,224748,1
conv_input_queue,22,4,225380,225381,1
conv_input_queue,22,5,226007,226008,1
conv_input_queue,22,6,226634,226635,1
conv_input_queue,22,7,227261,227262,1
conv_input_queue,22,8,227894,227895,1
conv_input_queue,22,9,228521,228522,1
conv_input_queue,22,10,229148,229149,1
conv_input_queue,22,11,229775,229776,1
conv_input_queue,22,12,230408,230409,1
conv_input_queue,22,13,231035,231036,1
conv_input_queue,22,14,231662,231663,1
conv_input_queue,22,15,232289,232290,1
conv_input_queue,23,0,232922,232923,1
conv_input_queue,23,1,233549,233550,1
conv_input_queue,23,2,234176,234177,1
conv_input_queue,23,3,234803,234804,1
conv_input_queue,23,4,235436,235437,1
conv_input_queue,23,5,236063,236064,1
conv_input_queue,23,6,236690,236691,1
conv_input_queue,23,7,237317,237318,1
conv_input_queue,23,8,237950,237951,1
conv_input_queue,23,9,238577,238578,1
conv_input_queue,23,10,239204,239205,1
conv_input_queue,23,11,239831,239832,1
conv_input_queue,23,12,240464,240465,1
conv_input_queue,23,13,241091,241092,1
conv_input_queue,23,14,241718,241719,1
conv_input_queue,23,15,242345,242346,1
conv_input_queue,24,0,242978,242979,1
conv_input_queue,24,1,243605,243606,1
conv_input_queue,24,2,244232,244233,1
conv_input_queue,24,3,244859,244860,1
conv_input_queue,24,4,245492,245493,1
conv_input_queue,24,5,246119,246120,1
conv_input_queue,24,6,246746,246747,1
conv_input_queue,24,7,247373,247374,1
conv_input_queue,24,8,248006,248007,1
conv_input_queue,24,9,248633,248634,1
conv_input_queue,24,10,249260,249261,1
conv_input_queue,24,11,249887,249888,1
conv_input_queue,24,12,250520,250521,1
conv_input_queue,24,13,251147,251148,1
conv_input_queue,24,14,251774,251775,1
conv_input_queue,24,15,252401,252402,1
conv_input_queue,25,0,253034,253035,1
conv_input_queue,25,1,253661,253662,1
conv_input_queue,25,2,254288,254289,1
conv_input_queue,25,3,254915,254916,1
conv_input_queue,25,4,255548,255549,1
conv_input_queue,25,5,256175,256176,1
conv_input_queue,25,6,256802,256803,1
conv_input_queue,25,7,257429,257430,1
conv_input_queue,25,8,258062,258063,1
conv_input_queue,25,9,258689,258690,1
conv_input_queue,25,10,259316,259317,1
conv_input_queue,25,11,259943,259944,1
conv_input_queue,25,12,260576,260577,1
conv_input_queue,25,13,261203,261204,1
conv_input_queue,25,14,261830,261831,1
conv_input_queue,25,15,262457,262458,1
conv_input_queue,26,0,263090,263091,1
conv_input_queue,26,1,263717,263718,1
conv_input_queue,26,2,264344,264345,1
conv_input_queue,26,3,264971,264972,1
conv_input_queue,26,4,265604,265605,1
conv_input_queue,26,5,266231,266232,1
conv_input_queue,26,6,266858,266859,1
conv_input_queue,26,7,267485,267486,1
conv_input_queue,26,8,268118,268119,1
conv_input_queue,26,9,268745,268746,1
conv_input_queue,26,10,269372,269373,1
conv_input_queue,26,11,269999,270000,1
conv_input_queue,26,12,270632,270633,1
conv_input_queue,26,13,271259,271260,1
conv_input_queue,26,14,271886,271887,1
conv_input_queue,26,15,272513,272514,1
conv_input_queue,27,0,273146,273147,1
conv_input_queue,27,1,273773,273774,1
conv_input_queue,27,2,274400,274401,1
conv_input_queue,27,3,275027,275028,1
conv_input_queue,27,4,275660,275661,1
conv_input_queue,27,5,276287,276288,1
conv_input_queue,27,6,276914,276915,1
conv_input_queue,27,7,277541,277542,1
conv_input_queue,27,8,278174,278175,1
conv_input_queue,27,9,278801,278802,1
conv_input_queue,27,10,279428,279429,1
conv_input_queue,27,11,280055,280056,1
conv_input_queue,27,12,280688,280689,1
conv_input_queue,27,13,281315,281316,1
conv_input_queue,27,14,281942,281943,1
conv_input_queue,27,15,282569,282570,1
conv_input_queue,28,0,283202,283203,1
conv_input_queue,28,1,283829,283830,1
conv_input_queue,28,2,284456,284457,1
conv_input_queue,28,3,285083,285084,1
conv_input_queue,28,4,285716,285717,1
conv_input_queue,28,5,286343,286344,1
conv_input_queue,28,6,286970,286971,1
conv_input_queue,28,7,287597,287598,1
conv_input_queue,28,8,288230,288231,1
conv_input_queue,28,9,288857,288858,1
conv_input_queue,28,10,289484,289485,1
conv_input_queue,28,11,290111,290112,1
conv_input_queue,28,12,290744,290745,1
conv_input_queue,28,13,291371,291372,1
conv_input_queue,28,14,291998,291999,1
conv_input_queue,28,15,292625,292626,1
conv_input_queue,29,0,293258,293259,1
conv_input_queue,29,1,293885,293886,1
conv_input_queue,29,2,294512,294513,1
conv_input_queue,29,3,295139,295140,1
conv_input_queue,29,4,295772,295773,1
conv_input_queue,29,5,296399,296400,1
conv_input_queue,29,6,297026,297027,1
conv_input_queue,29,7,297653,297654,1
conv_input_queue,29,8,298286,298287,1
conv_input_queue,29,9,298913,298914,1
conv_input_queue,29,10,299540,299541,1
conv_input_queue,29,11,300167,300168,1
conv_input_queue,29,12,300800,300801,1
conv_input_queue,29,13,301427,301428,1
conv_input_queue,29,14,302054,302055,1
conv_input_queue,29,15,302681,302682,1
conv_input_queue,30,0,303314,303315,1
conv_input_queue,30,1,303941,303942,1
conv_input_queue,30,2,304568,304569,1
conv_input_queue,30,3,305195,305196,1
conv_input_queue,30,4,305828,305829,1
conv_input_queue,30,5,306455,306456,1
conv_input_queue,30,6,307082,307083,1
conv_input_queue,30,7,307709,307710,1
conv_input_queue,30,8,308342,308343,1
conv_input_queue,30,9,308969,308970,1
conv_input_queue,30,10,309596,309597,1
conv_input_queue,30,11,310223,310224,1
conv_input_queue,30,12,310856,310857,1
conv_input_queue,30,13,311483,311484,1
conv_input_queue,30,14,312110,312111,1
conv_input_queue,30,15,312737,312738,1
conv_input_queue,31,0,313370,313371,1
conv_input_queue,31,1,313997,313998,1
conv_input_queue,31,2,314624,314625,1
conv_input_queue,31,3,315251,315252,1
conv_input_queue,31,4,315884,315885,1
conv_input_queue,31,5,316511,316512,1
conv_input_queue,31,6,317138,317139,1
conv_input_queue,31,7,317765,317766,1
conv_input_queue,31,8,318398,318399,1
conv_input_queue,31,9,319025,319026,1
conv_input_queue,31,10,319652,319653,1
conv_input_queue,31,11,320279,320280,1
conv_input_queue,31,12,320912,320913,1
conv_input_queue,31,13,321539,321540,1
conv_input_queue,31,14,322166,322167,1
conv_input_queue,31,15,322793,322794,1
conv_input_queue,32,0,323426,323427,1
conv_input_queue,32,1,324053,324054,1
conv_input_queue,32,2,324680,324681,1
conv_input_queue,32,3,325307,325308,1
conv_input_queue,32,4,325940,325941,1
conv_input_queue,32,5,326567,326568,1
conv_input_queue,32,6,327194,327195,1
conv_input_queue,32,7,327821,327822,1
conv_input_queue,32,8,328454,328455,1
conv_input_queue,32,9,329081,329082,1
conv_input_queue,32,10,329708,329709,1
conv_input_queue,32,11,330335,330336,1
conv_input_queue,32,12,330968,330969,1
conv_input_queue,32,13,331595,331596,1
conv_input_queue,32,14,332222,332223,1
conv_input_queue,32,15,332849,332850,1
conv_input_queue,33,0,333482,333483,1
conv_input_queue,33,1,334109,334110,1
conv_input_queue,33,2,334736,334737,1
conv_input_queue,33,3,335363,335364,1
conv_input_queue,33,4,335996,335997,1
conv_input_queue,33,5,336623,336624,1
conv_input_queue,33,6,337250,337251,1
conv_input_queue,33,7,337877,337878,1
conv_input_queue,33,8,338510,338511,1
conv_input_queue,33,9,339137,339138,1
conv_input_queue,33,10,339764,339765,1
conv_input_queue,33,11,340391,340392,1
conv_input_queue,33,12,341024,341025,1
conv_input_queue,33,13,341651,341652,1
conv_input_queue,33,14,342278,342279,1
conv_input_queue,33,15,342905,342906,1
conv_input_queue,34,0,343538,343539,1
conv_input_queue,34,1,344165,344166,1
conv_input_queue,34,2,344792,344793,1
conv_input_queue,34,3,345419,345420,1
conv_input_queue,34,4,346052,346053,1
conv_input_queue,34,5,346679,346680,1
conv_input_queue,34,6,347306,347307,1
conv_input_queue,34,7,347933,347934,1
conv_input_queue,34,8,348566,348567,1
conv_input_queue,34,9,349193,349194,1
conv_input_queue,34,10,349820,349821,1
conv_input_queue,34,11,350447,350448,1
conv_input_queue,34,12,351080,351081,1
conv_input_queue,34,13,351707,351708,1
conv_input_queue,34,14,352334,352335,1
conv_input_queue,34,15,352961,352962,1
conv_input_queue,35,0,353594,353595,1
conv_input_queue,35,1,354221,354222,1
conv_input_queue,35,2,354848,354849,1
conv_input_queue,35,3,355475,355476,1
conv_input_queue,35,4,356108,356109,1
conv_input_queue,35,5,356735,356736,1
conv_input_queue,35,6,357362,357363,1
conv_input_queue,35,7,357989,357990,1
conv_input_queue,35,8,358622,358623,1
conv_input_queue,35,9,359249,359250,1
conv_input_queue,35,10,359876,359877,1
conv_input_queue,35,11,360503,360504,1
conv_input_queue,35,12,361136,361137,1
conv_input_queue,35,13,361763,361764,1
conv_input_queue,35,14,362390,362391,1
conv_input_queue,35,15,363017,363018,1
conv_input_queue,36,0,363650,363651,1
conv_input_queue,36,1,364277,364278,1
conv_input_queue,36,2,364904,364905,1
conv_input_queue,36,3,365531,365532,1
conv_input_queue,36,4,366164,366165,1
conv_input_queue,36,5,366791,366792,1
conv_input_queue,36,6,367418,367419,1
conv_input_queue,36,7,368045,368046,1
conv_input_queue,36,8,368678,368679,1
conv_input_queue,36,9,369305,369306,1
conv_input_queue,36,10,369932,369933,1
conv_input_queue,36,11,370559,370560,1
conv_input_queue,36,12,371192,371193,1
conv_input_queue,36,13,371819,371820,1
conv_input_queue,36,14,372446,372447,1
conv_input_queue,36,15,373073,373074,1
conv_input_queue,37,0,373706,373707,1
conv_input_queue,37,1,374333,374334,1
conv_input_queue,37,2,374960,374961,1
conv_input_queue,37,3,375587,375588,1
conv_input_queue,37,4,376220,376221,1
conv_input_queue,37,5,376847,376848,1
conv_input_queue,37,6,377474,377475,1
conv_input_queue,37,7,378101,378102,1
conv_input_queue,37,8,378734,378735,1
conv_input_queue,37,9,379361,379362,1
conv_input_queue,37,10,379988,379989,1
conv_input_queue,37,11,380615,380616,1
conv_input_queue,37,12,381248,381249,1
conv_input_queue,37,13,381875,381876,1
conv_input_queue,37,14,382502,382503,1
conv_input_queue,37,15,383129,383130,1
conv_input_queue,38,0,383762,383763,1
conv_input_queue,38,1,384389,384390,1
conv_input_queue,38,2,385016,385017,1
conv_input_queue,38,3,385643,385644,1
conv_input_queue,38,4,386276,386277,1
conv_input_queue,38,5,386903,386904,1
conv_input_queue,38,6,387530,387531,1
conv_input_queue,38,7,388157,388158,1
conv_input_queue,38,8,388790,388791,1
conv_input_queue,38,9,389417,389418,1
conv_input_queue,38,10,390044,390045,1
conv_input_queue,38,11,390671,390672,1
conv_input_queue,38,12,391304,391305,1
conv_input_queue,38,13,391931,391932,1
conv_input_queue,38,14,392558,392559,1
conv_input_queue,38,15,393185,393186,1
conv_input_queue,39,0,393818,393819,1
conv_input_queue,39,1,394445,394446,1
conv_input_queue,39,2,395072,395073,1
conv_input_queue,39,3,395699,395700,1
conv_input_queue,39,4,396332,396333,1
conv_input_queue,39,5,396959,396960,1
conv_input_queue,39,6,397586,397587,1
conv_input_queue,39,7,398213,398214,1
conv_input_queue,39,8,398846,398847,1
conv_input_queue,39,9,399473,399474,1
conv_input_queue,39,10,400100,400101,1
conv_input_queue,39,11,400727,400728,1
conv_input_queue,39,12,401360,401361,1
conv_input_queue,39,13,401987,401988,1
conv_input_queue,39,14,402614,402615,1
conv_input_queue,39,15,403241,403242,1
conv_input_queue,40,0,403874,403875,1
conv_input_queue,40,1,404501,404502,1
conv_input_queue,40,2,405128,405129,1
conv_input_queue,40,3,405755,405756,1
conv_input_queue,40,4,406388,406389,1
conv_input_queue,40,5,407015,407016,1
conv_input_queue,40,6,407642,407643,1
conv_input_queue,40,7,408269,408270,1
conv_input_queue,40,8,408902,408903,1
conv_input_queue,40,9,409529,409530,1
conv_input_queue,40,10,410156,410157,1
conv_input_queue,40,11,410783,410784,1
conv_input_queue,40,12,411416,411417,1
conv_input_queue,40,13,412043,412044,1
conv_input_queue,40,14,412670,412671,1
conv_input_queue,40,15,413297,413298,1
conv_input_queue,41,0,413930,413931,1
conv_input_queue,41,1,414557,414558,1
conv_input_queue,41,2,415184,415185,1
conv_input_queue,41,3,415811,415812,1
conv_input_queue,41,4,416444,416445,1
conv_input_queue,41,5,417071,417072,1
conv_input_queue,41,6,417698,417699,1
conv_input_queue,41,7,418325,418326,1
conv_input_queue,41,8,418958,418959,1
conv_input_queue,41,9,419585,419586,1
conv_input_queue,41,10,420212,420213,1
conv_input_queue,41,11,420839,420840,1
conv_input_queue,41,12,421472,421473,1
conv_input_queue,41,13,422099,422100,1
conv_input_queue,41,14,422726,422727,1
conv_input_queue,41,15,423353,423354,1
conv_input_queue,42,0,423986,423987,1
conv_input_queue,42,1,424613,424614,1
conv_input_queue,42,2,425240,425241,1
conv_input_queue,42,3,425867,425868,1
conv_input_queue,42,4,426500,426501,1
conv_input_queue,42,5,427127,427128,1
conv_input_queue,42,6,427754,427755,1
conv_input_queue,42,7,428381,428382,1
conv_input_queue,42,8,429014,429015,1
conv_input_queue,42,9,429641,429642,1
conv_input_queue,42,10,430268,430269,1
conv_input_queue,42,11,430895,430896,1
conv_input_queue,42,12,431528,431529,1
conv_input_queue,42,13,432155,432156,1
conv_input_queue,42,14,432782,432783,1
conv_input_queue,42,15,433409,433410,1
conv_input_queue,43,0,434042,434043,1
conv_input_queue,43,1,434669,434670,1
conv_input_queue,43,2,435296,435297,1
conv_input_queue,43,3,435923,435924,1
conv_input_queue,43,4,436556,436557,1
conv_input_queue,43,5,437183,437184,1
conv_input_queue,43,6,437810,437811,1
conv_input_queue,43,7,438437,438438,1
conv_input_queue,43,8,439070,439071,1
conv_input_queue,43,9,439697,439698,1
conv_input_queue,43,10,440324,440325,1
conv_input_queue,43,11,440951,440952,1
conv_input_queue,43,12,441584,441585,1
conv_input_queue,43,13,442211,442212,1
conv_input_queue,43,14,442838,442839,1
conv_input_queue,43,15,443465,443466,1
conv_input_queue,44,0,444098,444099,1
conv_input_queue,44,1,444725,444726,1
conv_input_queue,44,2,445352,445353,1
conv_input_queue,44,3,445979,445980,1
conv_input_queue,44,4,446612,446613,1
conv_input_queue,44,5,447239,447240,1
conv_input_queue,44,6,447866,447867,1
conv_input_queue,44,7,448493,448494,1
conv_input_queue,44,8,449126,449127,1
conv_input_queue,44,9,449753,449754,1
conv_input_queue,44,10,450380,450381,1
conv_input_queue,44,11,451007,451008,1
conv_input_queue,44,12,451640,451641,1
conv_input_queue,44,13,452267,452268,1
conv_input_queue,44,14,452894,452895,1
conv_input_queue,44,15,453521,453522,1
conv_input_queue,45,0,454154,454155,1
conv_input_queue,45,1,454781,454782,1
conv_input_queue,45,2,455408,455409,1
conv_input_queue,45,3,456035,456036,1
conv_input_queue,45,4,456668,456669,1
conv_input_queue,45,5,457295,457296,1
conv_input_queue,45,6,457922,457923,1
conv_input_queue,45,7,458549,458550,1
conv_input_queue,45,8,459182,459183,1
conv_input_queue,45,9,459809,459810,1
conv_input_queue,45,10,460436,460437,1
conv_input_queue,45,11,461063,461064,1
conv_input_queue,45,12,461696,461697,1
conv_input_queue,45,13,462323,462324,1
conv_input_queue,45,14,462950,462951,1
conv_input_queue,45,15,463577,463578,1
conv_input_queue,46,0,464210,464211,1
conv_input_queue,46,1,464837,464838,1
conv_input_queue,46,2,465464,465465,1
conv_input_queue,46,3,466091,466092,1
conv_input_queue,46,4,466724,466725,1
conv_input_queue,46,5,467351,467352,1
conv_input_queue,46,6,467978,467979,1
conv_input_queue,46,7,468605,468606,1
conv_input_queue,46,8,469238,469239,1
conv_input_queue,46,9,469865,469866,1
conv_input_queue,46,10,470492,470493,1
conv_input_queue,46,11,471119,471120,1
conv_input_queue,46,12,471752,471753,1
conv_input_queue,46,13,472379,472380,1
conv_input_queue,46,14,473006,473007,1
conv_input_queue,46,15,473633,473634,1
conv_input_queue,47,0,474266,474267,1
conv_input_queue,47,1,474893,474894,1
conv_input_queue,47,2,475520,475521,1
conv_input_queue,47,3,476147,476148,1
conv_input_queue,47,4,476780,476781,1
conv_input_queue,47,5,477407,477408,1
conv_input_queue,47,6,478034,478035,1
conv_input_queue,47,7,478661,478662,1
conv_input_queue,47,8,479294,479295,1
conv_input_queue,47,9,479921,479922,1
conv_input_queue,47,10,480548,480549,1
conv_input_queue,47,11,481175,481176,1
conv_input_queue,47,12,481808,481809,1
conv_input_queue,47,13,482435,482436,1
conv_input_queue,47,14,483062,483063,1
conv_input_queue,47,15,483689,483690,1
conv_input_queue,48,0,484322,484323,1
conv_input_queue,48,1,484949,484950,1
conv_input_queue,48,2,485576,485577,1
conv_input_queue,48,3,486203,486204,1
conv_input_queue,48,4,486836,486837,1
conv_input_queue,48,5,487463,487464,1
conv_input_queue,48,6,488090,488091,1
conv_input_queue,48,7,488717,488718,1
conv_input_queue,48,8,489350,489351,1
conv_input_queue,48,9,489977,489978,1
conv_input_queue,48,10,490604,490605,1
conv_input_queue,48,11,491231,491232,1
conv_input_queue,48,12,491864,491865,1
conv_input_queue,48,13,492491,492492,1
conv_input_queue,48,14,493118,493119,1
conv_input_queue,48,15,493745,493746,1
conv_input_queue,49,0,494378,494379,1
conv_input_queue,49,1,495005,495006,1
conv_input_queue,49,2,495632,495633,1
conv_input_queue,49,3,496259,496260,1
conv_input_queue,49,4,496892,496893,1
conv_input_queue,49,5,497519,497520,1
conv_input_queue,49,6,498146,498147,1
conv_input_queue,49,7,498773,498774,1
conv_input_queue,49,8,499406,499407,1
conv_input_queue,49,9,500033,500034,1
conv_input_queue,49,10,500660,500661,1
conv_input_queue,49,11,501287,501288,1
conv_input_queue,49,12,501920,501921,1
conv_input_queue,49,13,502547,502548,1
conv_input_queue,49,14,503174,503175,1
conv_input_queue,49,15,503801,503802,1
conv_input_queue,50,0,504434,504435,1
conv_input_queue,50,1,505061,505062,1
conv_input_queue,50,2,505688,505689,1
conv_input_queue,50,3,506315,506316,1
conv_input_queue,50,4,506948,506949,1
conv_input_queue,50,5,507575,507576,1
conv_input_queue,50,6,508202,508203,1
conv_input_queue,50,7,508829,508830,1
conv_input_queue,50,8,509462,509463,1
conv_input_queue,50,9,510089,510090,1
conv_input_queue,50,10,510716,510717,1
conv_input_queue,50,11,511343,511344,1
conv_input_queue,50,12,511976,511977,1
conv_input_queue,50,13,512603,512604,1
conv_input_queue,50,14,513230,513231,1
conv_input_queue,50,15,513857,513858,1
conv_input_queue,51,0,514490,514491,1
conv_input_queue,51,1,515117,515118,1
conv_input_queue,51,2,515744,515745,1
conv_input_queue,51,3,516371,516372,1
conv_input_queue,51,4,517004,517005,1
conv_input_queue,51,5,517631,517632,1
conv_input_queue,51,6,518258,518259,1
conv_input_queue,51,7,518885,518886,1
conv_input_queue,51,8,519518,519519,1
conv_input_queue,51,9,520145,520146,1
conv_input_queue,51,10,520772,520773,1
conv_input_queue,51,11,521399,521400,1
conv_input_queue,51,12,522032,522033,1
conv_input_queue,51,13,522659,522660,1
conv_input_queue,51,14,523286,523287,1
conv_input_queue,51,15,523913,523914,1
conv_input_queue,52,0,524546,524547,1
conv_input_queue,52,1,525173,525174,1
conv_input_queue,52,2,525800,525801,1
conv_input_queue,52,3,526427,526428,1
conv_input_queue,52,4,527060,527061,1
conv_input_queue,52,5,527687,527688,1
conv_input_queue,52,6,528314,528315,1
conv_input_queue,52,7,528941,528942,1
conv_input_queue,52,8,529574,529575,1
conv_input_queue,52,9,530201,530202,1
conv_input_queue,52,10,530828,530829,1
conv_input_queue,52,11,531455,531456,1
conv_input_queue,52,12,532088,532089,1
conv_input_queue,52,13,532715,532716,1
conv_input_queue,52,14,533342,533343,1
conv_input_queue,52,15,533969,533970,1
conv_input_queue,53,0,534602,534603,1
conv_input_queue,53,1,535229,535230,1
conv_input_queue,53,2,535856,535857,1
conv_input_queue,53,3,536483,536484,1
conv_input_queue,53,4,537116,537117,1
conv_input_queue,53,5,537743,537744,1
conv_input_queue,53,6,538370,538371,1
conv_input_queue,53,7,538997,538998,1
conv_input_queue,53,8,539630,539631,1
conv_input_queue,53,9,540257,540258,1
conv_input_queue,53,10,540884,540885,1
conv_input_queue,53,11,541511,541512,1
conv_input_queue,53,12,542144,542145,1
conv_input_queue,53,13,542771,542772,1
conv_input_queue,53,14,543398,543399,1
conv_input_queue,53,15,544025,544026,1
conv_input_queue,54,0,544658,544659,1
conv_input_queue,54,1,545285,545286,1
conv_input_queue,54,2,545912,545913,1
conv_input_queue,54,3,546539,546540,1
conv_input_queue,54,4,547172,547173,1
conv_input_queue,54,5,547799,547800,1
conv_input_queue,54,6,548426,548427,1
conv_input_queue,54,7,549053,549054,1
conv_input_queue,54,8,549686,549687,1
conv_input_queue,54,9,550313,550314,1
conv_input_queue,54,10,550940,550941,1
conv_input_queue,54,11,551567,551568,1
conv_input_queue,54,12,552200,552201,1
conv_input_queue,54,13,552827,552828,1
conv_input_queue,54,14,553454,553455,1
conv_input_queue,54,15,554081,554082,1
conv_input_queue,55,0,554714,554715,1
conv_input_queue,55,1,555341,555342,1
conv_input_queue,55,2,555968,555969,1
conv_input_queue,55,3,556595,556596,1
conv_input_queue,55,4,557228,557229,1
conv_input_queue,55,5,557855,557856,1
conv_input_queue,55,6,558482,558483,1
conv_input_queue,55,7,559109,559110,1
conv_input_queue,55,8,559742,559743,1
conv_input_queue,55,9,560369,560370,1
conv_input_queue,55,10,560996,560997,1
conv_input_queue,55,11,561623,561624,1
conv_input_queue,55,12,562256,562257,1
conv_input_queue,55,13,562883,562884,1
conv_input_queue,55,14,563510,563511,1
conv_input_queue,55,15,564137,564138,1
conv_input_queue,56,0,564770,564771,1
conv_input_queue,56,1,565397,565398,1
conv_input_queue,56,2,566024,566025,1
conv_input_queue,56,3,566651,566652,1
conv_input_queue,56,4,567284,567285,1
conv_input_queue,56,5,567911,567912,1
conv_input_queue,56,6,568538,568539,1
conv_input_queue,56,7,569165,569166,1
conv_input_queue,56,8,569798,569799,1
conv_input_queue,56,9,570425,570426,1
conv_input_queue,56,10,571052,571053,1
conv_input_queue,56,11,571679,571680,1
conv_input_queue,56,12,572312,572313,1
conv_input_queue,56,13,572939,572940,1
conv_input_queue,56,14,573566,573567,1
conv_input_queue,56,15,574193,574194,1
conv_input_queue,57,0,574826,574827,1
conv_input_queue,57,1,575453,575454,1
conv_input_queue,57,2,576080,576081,1
conv_input_queue,57,3,576707,576708,1
conv_input_queue,57,4,577340,577341,1
conv_input_queue,57,5,577967,577968,1
conv_input_queue,57,6,578594,578595,1
conv_input_queue,57,7,579221,579222,1
conv_input_queue,57,8,579854,579855,1
conv_input_queue,57,9,580481,580482,1
conv_input_queue,57,10,581108,581109,1
conv_input_queue,57,11,581735,581736,1
conv_input_queue,57,12,582368,582369,1
conv_input_queue,57,13,582995,582996,1
conv_input_queue,57,14,583622,583623,1
conv_input_queue,57,15,584249,584250,1
conv_input_queue,58,0,584882,584883,1
conv_input_queue,58,1,585509,585510,1
conv_input_queue,58,2,586136,586137,1
conv_input_queue,58,3,586763,586764,1
conv_input_queue,58,4,587396,587397,1
conv_input_queue,58,5,588023,588024,1
conv_input_queue,58,6,588650,588651,1
conv_input_queue,58,7,589277,589278,1
conv_input_queue,58,8,589910,589911,1
conv_input_queue,58,9,590537,590538,1
conv_input_queue,58,10,591164,591165,1
conv_input_queue,58,11,591791,591792,1
conv_input_queue,58,12,592424,592425,1
conv_input_queue,58,13,593051,593052,1
conv_input_queue,58,14,593678,593679,1
conv_input_queue,58,15,594305,594306,1
conv_input_queue,59,0,594938,594939,1
conv_input_queue,59,1,595565,595566,1
conv_input_queue,59,2,596192,596193,1
conv_input_queue,59,3,596819,596820,1
conv_input_queue,59,4,597452,597453,1
conv_input_queue,59,5,598079,598080,1
conv_input_queue,59,6,598706,598707,1
conv_input_queue,59,7,599333,599334,1
conv_input_queue,59,8,599966,599967,1
conv_input_queue,59,9,600593,600594,1
conv_input_queue,59,10,601220,601221,1
conv_input_queue,59,11,601847,601848,1
conv_input_queue,59,12,602480,602481,1
conv_input_queue,59,13,603107,603108,1
conv_input_queue,59,14,603734,603735,1
conv_input_queue,59,15,604361,604362,1
conv_input_queue,60,0,604994,604995,1
conv_input_queue,60,1,605621,605622,1
conv_input_queue,60,2,606248,606249,1
conv_input_queue,60,3,606875,606876,1
conv_input_queue,60,4,607508,607509,1
conv_input_queue,60,5,608135,608136,1
conv_input_queue,60,6,608762,608763,1
conv_input_queue,60,7,609389,609390,1
conv_input_queue,60,8,610022,610023,1
conv_input_queue,60,9,610649,610650,1
conv_input_queue,60,10,611276,611277,1
conv_input_queue,60,11,611903,611904,1
conv_input_queue,60,12,612536,612537,1
conv_input_queue,60,13,613163,613164,1
conv_input_queue,60,14,613790,613791,1
conv_input_queue,60,15,614417,614418,1
conv_input_queue,61,0,615050,615051,1
conv_input_queue,61,1,615677,615678,1
conv_input_queue,61,2,616304,616305,1
conv_input_queue,61,3,616931,616932,1
conv_input_queue,61,4,617564,617565,1
conv_input_queue,61,5,618191,618192,1
conv_input_queue,61,6,618818,618819,1
conv_input_queue,61,7,619445,619446,1
conv_input_queue,61,8,620078,620079,1
conv_input_queue,61,9,620705,620706,1
conv_input_queue,61,10,621332,621333,1
conv_input_queue,61,11,621959,621960,1
conv_input_queue,61,12,622592,622593,1
conv_input_queue,61,13,623219,623220,1
conv_input_queue,61,14,623846,623847,1
conv_input_queue,61,15,624473,624474,1
conv_input_queue,62,0,625106,625107,1
conv_input_queue,62,1,625733,625734,1
conv_input_queue,62,2,626360,626361,1
conv_input_queue,62,3,626987,626988,1
conv_input_queue,62,4,627620,627621,1
conv_input_queue,62,5,628247,628248,1
conv_input_queue,62,6,628874,628875,1
conv_input_queue,62,7,629501,629502,1
conv_input_queue,62,8,630134,630135,1
conv_input_queue,62,9,630761,630762,1
conv_input_queue,62,10,631388,631389,1
conv_input_queue,62,11,632015,632016,1
conv_input_queue,62,12,632648,632649,1
conv_input_queue,62,13,633275,633276,1
conv_input_queue,62,14,633902,633903,1
conv_input_queue,62,15,634529,634530,1
conv_input_queue,63,0,635162,635163,1
conv_input_queue,63,1,635789,635790,1
conv_input_queue,63,2,636416,636417,1
conv_input_queue,63,3,637043,637044,1
conv_input_queue,63,4,637676,637677,1
conv_input_queue,63,5,638303,638304,1
conv_input_queue,63,6,638930,638931,1
conv_input_queue,63,7,639557,639558,1
conv_input_queue,63,8,640190,640191,1
conv_input_queue,63,9,640817,640818,1
conv_input_queue,63,10,641444,641445,1
conv_input_queue,63,11,642071,642072,1
conv_input_queue,63,12,642704,642705,1
conv_input_queue,63,13,643331,643332,1
conv_input_queue,63,14,643958,643959,1
conv_input_queue,63,15,644585,644586,1
convolution,0,0,1635,1686,51
convolution,0,1,2262,2313,51
convolution,0,2,2889,2940,51
convolution,0,3,3516,3567,51
convolution,0,4,4149,4200,51
convolution,0,5,4776,4827,51
convolution,0,6,5403,5454,51
convolution,0,7,6030,6081,51
convolution,0,8,6663,6714,51
convolution,0,9,7290,7341,51
convolution,0,10,7917,7968,51
convolution,0,11,8544,8595,51
convolution,0,12,9177,9228,51
convolution,0,13,9804,9855,51
convolution,0,14,10431,10482,51
convolution,0,15,11058,11109,51
convolution,1,0,11691,11742,51
convolution,1,1,12318,12369,51
convolution,1,2,12945,12996,51
convolution,1,3,13572,13623,51
convolution,1,4,14205,14256,51
convolution,1,5,14832,14883,51
convolution,1,6,15459,15510,51
convolution,1,7,16086,16137,51
convolution,1,8,16719,16770,51
convolution,1,9,17346,17397,51
convolution,1,10,17973,18024,51
convolution,1,11,18600,18651,51
convolution,1,12,19233,19284,51
convolution,1,13,19860,19911,51
convolution,1,14,20487,20538,51
convolution,1,15,21114,21165,51
convolution,2,0,21747,21798,51
convolution,2,1,22374,22425,51
convolution,2,2,23001,23052,51
convolution,2,3,23628,23679,51
convolution,2,4,24261,24312,51
convolution,2,5,24888,24939,51
convolution,2,6,25515,25566,51
convolution,2,7,26142,26193,51
convolution,2,8,26775,26826,51
convolution,2,9,27402,27453,51
convolution,2,10,28029,28080,51
convolution,2,11,28656,28707,51
convolution,2,12,29289,29340,51
convolution,2,13,29916,29967,51
convolution,2,14,30543,30594,51
convolution,2,15,31170,31221,51
convolution,3,0,31803,31854,51
convolution,3,1,32430,32481,51
convolution,3,2,33057,33108,51
convolution,3,3,33684,33735,51
convolution,3,4,34317,34368,51
convolution,3,5,34944,34995,51
convolution,3,6,35571,35622,51
convolution,3,7,36198,36249,51
convolution,3,8,36831,36882,51
convolution,3,9,37458,37509,51
convolution,3,10,38085,38136,51
convolution,3,11,38712,38763,51
convolution,3,12,39345,39396,51
convolution,3,13,39972,40023,51
convolution,3,14,40599,40650,51
convolution,3,15,41226,41277,51
convolution,4,0,41859,41910,51
convolution,4,1,42486,42537,51
convolution,4,2,43113,43164,51
convolution,4,3,43740,43791,51
convolution,4,4,44373,44424,51
convolution,4,5,45000,45051,51
convolution,4,6,45627,45678,51
convolution,4,7,46254,46305,51
convolution,4,8,46887,46938,51
convolution,4,9,47514,47565,51
convolution,4,10,48141,48192,51
convolution,4,11,48768,48819,51
convolution,4,12,49401,49452,51
convolution,4,13,50028,50079,51
convolution,4,14,50655,50706,51
convolution,4,15,51282,51333,51
convolution,5,0,51915,51966,51
convolution,5,1,52542,52593,51
convolution,5,2,53169,53220,51
convolution,5,3,53796,53847,51
convolution,5,4,54429,54480,51
convolution,5,5,55056,55107,51
convolution,5,6,55683,55734,51
convolution,5,7,56310,56361,51
convolution,5,8,56943,56994,51
convolution,5,9,57570,57621,51
convolution,5,10,58197,58248,51
convolution,5,11,58824,58875,51
convolution,5,12,59457,59508,51
convolution,5,13,60084,60135,51
convolution,5,14,60711,60762,51
convolution,5,15,61338,61389,51
convolution,6,0,61971,62022,51
convolution,6,1,62598,62649,51
convolution,6,2,63225,63276,51
convolution,6,3,63852,63903,51
convolution,6,4,64485,64536,51
convolution,6,5,65112,65163,51
convolution,6,6,65739,65790,51
convolution,6,7,66366,66417,51
convolution,6,8,66999,67050,51
convolution,6,9,67626,67677,51
convolution,6,10,68253,68304,51
convolution,6,11,68880,68931,51
convolution,6,12,69513,69564,51
convolution,6,13,70140,70191,51
convolution,6,14,70767,70818,51
convolution,6,15,71394,71445,51
convolution,7,0,72027,72078,51
convolution,7,1,72654,72705,51
convolution,7,2,73281,73332,51
convolution,7,3,73908,73959,51
convolution,7,4,74541,74592,51
convolution,7,5,75168,75219,51
convolution,7,6,75795,75846,51
convolution,7,7,76422,76473,51
convolution,7,8,77055,77106,51
convolution,7,9,77682,77733,51
convolution,7,10,78309,78360,51
convolution,7,11,78936,78987,51
convolution,7,12,79569,79620,51
convolution,7,13,80196,80247,51
convolution,7,14,80823,80874,51
convolution,7,15,81450,81501,51
convolution,8,0,82083,82134,51
convolution,8,1,82710,82761,51
convolution,8,2,83337,83388,51
convolution,8,3,83964,84015,51
convolution,8,4,84597,84648,51
convolution,8,5,85224,85275,51
convolution,8,6,85851,85902,51
convolution,8,7,86478,86529,51
convolution,8,8,87111,87162,51
convolution,8,9,87738,87789,51
convolution,8,10,88365,88416,51
convolution,8,11,88992,89043,51
convolution,8,12,89625,89676,51
convolution,8,13,90252,90303,51
convolution,8,14,90879,90930,51
convolution,8,15,91506,91557,51
convolution,9,0,92139,92190,51
convolution,9,1,92766,92817,51
convolution,9,2,93393,93444,51
convolution,9,3,94020,94071,51
convolution,9,4,94653,94704,51
convolution,9,5,95280,95331,51
convolution,9,6,95907,95958,51
convolution,9,7,96534,96585,51
convolution,9,8,97167,97218,51
convolution,9,9,97794,97845,51
convolution,9,10,98421,98472,51
convolution,9,11,99048,99099,51
convolution,9,12,99681,99732,51
convolution,9,13,100308,100359,51
convolution,9,14,100935,100986,51
convolution,9,15,101562,101613,51
convolution,10,0,102195,102246,51
convolution,10,1,102822,102873,51
convolution,10,2,103449,103500,51
convolution,10,3,104076,104127,51
convolution,10,4,104709,104760,51
convolution,10,5,105336,105387,51
convolution,10,6,105963,106014,51
convolution,10,7,106590,106641,51
convolution,10,8,107223,107274,51
convolution,10,9,107850,107901,51
convolution,10,10,108477,108528,51
convolution,10,11,109104,109155,51
convolution,10,12,109737,109788,51
convolution,10,13,110364,110415,51
convolution,10,14,110991,111042,51
convolution,10,15,111618,111669,51
convolution,11,0,112251,112302,51
convolution,11,1,112878,112929,51
convolution,11,2,113505,113556,51
convolution,11,3,114132,114183,51
convolution,11,4,114765,114816,51
convolution,11,5,115392,115443,51
convolution,11,6,116019,116070,51
convolution,11,7,116646,116697,51
convolution,11,8,117279,117330,51
convolution,11,9,117906,117957,51
convolution,11,10,118533,118584,51
convolution,11,11,119160,119211,51
convolution,11,12,119793,119844,51
convolution,11,13,120420,120471,51
convolution,11,14,121047,121098,51
convolution,11,15,121674,121725,51
convolution,12,0,122307,122358,51
convolution,12,1,122934,122985,51
convolution,12,2,123561,123612,51
convolution,12,3,124188,124239,51
convolution,12,4,124821,124872,51
convolution,12,5,125448,125499,51
convolution,12,6,126075,126126,51
convolution,12,7,126702,126753,51
convolution,12,8,127335,127386,51
convolution,12,9,127962,128013,51
convolution,12,10,128589,128640,51
convolution,12,11,129216,129267,51
convolution,12,12,129849,129900,51
convolution,12,13,130476,130527,51
convolution,12,14,131103,131154,51
convolution,12,15,131730,131781,51
convolution,13,0,132363,132414,51
convolution,13,1,132990,133041,51
convolution,13,2,133617,133668,51
convolution,13,3,134244,134295,51
convolution,13,4,134877,134928,51
convolution,13,5,135504,135555,51
convolution,13,6,136131,136182,51
convolution,13,7,136758,136809,51
convolution,13,8,137391,137442,51
convolution,13,9,138018,138069,51
convolution,13,10,138645,138696,51
convolution,13,11,139272,139323,51
convolution,13,12,139905,139956,51
convolution,13,13,140532,140583,51
convolution,13,14,141159,141210,51
convolution,13,15,141786,141837,51
convolution,14,0,142419,142470,51
convolution,14,1,143046,143097,51
convolution,14,2,143673,143724,51
convolution,14,3,144300,144351,51
convolution,14,4,144933,144984,51
convolution,14,5,145560,145611,51
convolution,14,6,146187,146238,51
convolution,14,7,146814,146865,51
convolution,14,8,147447,147498,51
convolution,14,9,148074,148125,51
convolution,14,10,148701,148752,51
convolution,14,11,149328,149379,51
convolution,14,12,149961,150012,51
convolution,14,13,150588,150639,51
convolution,14,14,151215,151266,51
convolution,14,15,151842,151893,51
convolution,15,0,152475,152526,51
convolution,15,1,153102,153153,51
convolution,15,2,153729,153780,51
convolution,15,3,154356,154407,51
convolution,15,4,154989,155040,51
convolution,15,5,155616,155667,51
convolution,15,6,156243,156294,51
convolution,15,7,156870,156921,51
convolution,15,8,157503,157554,51
convolution,15,9,158130,158181,51
convolution,15,10,158757,158808,51
convolution,15,11,159384,159435,51
convolution,15,12,160017,160068,51
convolution,15,13,160644,160695,51
convolution,15,14,161271,161322,51
convolution,15,15,161898,161949,51
convolution,16,0,162531,162582,51
convolution,16,1,163158,163209,51
convolution,16,2,163785,163836,51
convolution,16,3,164412,164463,51
convolution,16,4,165045,165096,51
convolution,16,5,165672,165723,51
convolution,16,6,166299,166350,51
convolution,16,7,166926,166977,51
convolution,16,8,167559,167610,51
convolution,16,9,168186,168237,51
convolution,16,10,168813,168864,51
convolution,16,11,169440,169491,51
convolution,16,12,170073,170124,51
convolution,16,13,170700,170751,51
convolution,16,14,171327,171378,51
convolution,16,15,171954,172005,51
convolution,17,0,172587,172638,51
convolution,17,1,173214,173265,51
convolution,17,2,173841,173892,51
convolution,17,3,174468,174519,51
convolution,17,4,175101,175152,51
convolution,17,5,175728,175779,51
convolution,17,6,176355,176406,51
convolution,17,7,176982,177033,51
convolution,17,8,177615,177666,51
convolution,17,9,178242,178293,51
convolution,17,10,178869,178920,51
convolution,17,11,179496,179547,51
convolution,17,12,180129,180180,51
convolution,17,13,180756,180807,51
convolution,17,14,181383,181434,51
convolution,17,15,182010,182061,51
convolution,18,0,182643,182694,51
convolution,18,1,183270,183321,51
convolution,18,2,183897,183948,51
convolution,18,3,184524,184575,51
convolution,18,4,185157,185208,51
convolution,18,5,185784,185835,51
convolution,18,6,186411,186462,51
convolution,18,7,187038,187089,51
convolution,18,8,187671,187722,51
convolution,18,9,188298,188349,51
convolution,18,10,188925,188976,51
convolution,18,11,189552,189603,51
convolution,18,12,190185,190236,51
convolution,18,13,190812,190863,51
convolution,18,14,191439,191490,51
convolution,18,15,192066,192117,51
convolution,19,0,192699,192750,51
convolution,19,1,193326,193377,51
convolution,19,2,193953,194004,51
convolution,19,3,194580,194631,51
convolution,19,4,195213,195264,51
convolution,19,5,195840,195891,51
convolution,19,6,196467,196518,51
convolution,19,7,197094,197145,51
convolution,19,8,197727,197778,51
convolution,19,9,198354,198405,51
convolution,19,10,198981,199032,51
convolution,19,11,199608,199659,51
convolution,19,12,200241,200292,51
convolution,19,13,200868,200919,51
convolution,19,14,201495,201546,51
convolution,19,15,202122,202173,51
convolution,20,0,202755,202806,51
convolution,20,1,203382,203433,51
convolution,20,2,204009,204060,51
convolution,20,3,204636,204687,51
convolution,20,4,205269,205320,51
convolution,20,5,205896,205947,51
convolution,20,6,206523,206574,51
convolution,20,7,207150,207201,51
convolution,20,8,207783,207834,51
convolution,20,9,208410,208461,51
convolution,20,10,209037,209088,51
convolution,20,11,209664,209715,51
convolution,20,12,210297,210348,51
convolution,20,13,210924,210975,51
convolution,20,14,211551,211602,51
convolution,20,15,212178,212229,51
convolution,21,0,212811,212862,51
convolution,21,1,213438,213489,51
convolution,21,2,214065,214116,51
convolution,21,3,214692,214743,51
convolution,21,4,215325,215376,51
convolution,21,5,215952,216003,51
convolution,21,6,216579,216630,51
convolution,21,7,217206,217257,51
convolution,21,8,217839,217890,51
convolution,21,9,218466,218517,51
convolution,21,10,219093,219144,51
convolution,21,11,219720,219771,51
convolution,21,12,220353,220404,51
convolution,21,13,220980,221031,51
convolution,21,14,221607,221658,51
convolution,21,15,222234,222285,51
convolution,22,0,222867,222918,51
convolution,22,1,223494,223545,51
convolution,22,2,224121,224172,51
convolution,22,3,224748,224799,51
convolution,22,4,225381,225432,51
convolution,22,5,226008,226059,51
convolution,22,6,226635,226686,51
convolution,22,7,227262,227313,51
convolution,22,8,227895,227946,51
convolution,22,9,228522,228573,51
convolution,22,10,229149,229200,51
convolution,22,11,229776,229827,51
convolution,22,12,230409,230460,51
convolution,22,13,231036,231087,51
convolution,22,14,231663,231714,51
convolution,22,15,232290,232341,51
convolution,23,0,232923,232974,51
convolution,23,1,233550,233601,51
convolution,23,2,234177,234228,51
convolution,23,3,234804,234855,51
convolution,23,4,235437,235488,51
convolution,23,5,236064,236115,51
convolution,23,6,236691,236742,51
convolution,23,7,237318,237369,51
convolution,23,8,237951,238002,51
convolution,23,9,238578,238629,51
convolution,23,10,239205,239256,51
convolution,23,11,239832,239883,51
convolution,23,12,240465,240516,51
convolution,23,13,241092,241143,51
convolution,23,14,241719,241770,51
convolution,23,15,242346,242397,51
convolution,24,0,242979,243030,51
convolution,24,1,243606,243657,51
convolution,24,2,244233,244284,51
convolution,24,3,244860,244911,51
convolution,24,4,245493,245544,51
convolution,24,5,246120,246171,51
convolution,24,6,246747,246798,51
convolution,24,7,247374,247425,51
convolution,24,8,248007,248058,51
convolution,24,9,248634,248685,51
convolution,24,10,249261,249312,51
convolution,24,11,249888,249939,51
convolution,24,12,250521,250572,51
convolution,24,13,251148,251199,51
convolution,24,14,251775,251826,51
convolution,24,15,252402,252453,51
convolution,25,0,253035,253086,51
convolution,25,1,253662,253713,51
convolution,25,2,254289,254340,51
convolution,25,3,254916,254967,51
convolution,25,4,255549,255600,51
convolution,25,5,256176,256227,51
convolution,25,6,256803,256854,51
convolution,25,7,257430,257481,51
convolution,25,8,258063,258114,51
convolution,25,9,258690,258741,51
convolution,25,10,259317,259368,51
convolution,25,11,259944,259995,51
convolution,25,12,260577,260628,51
convolution,25,13,261204,261255,51
convolution,25,14,261831,261882,51
convolution,25,15,262458,262509,51
convolution,26,0,263091,263142,51
convolution,26,1,263718,263769,51
convolution,26,2,264345,264396,51
convolution,26,3,264972,265023,51
convolution,26,4,265605,265656,51
convolution,26,5,266232,266283,51
convolution,26,6,266859,266910,51
convolution,26,7,267486,267537,51
convolution,26,8,268119,268170,51
convolution,26,9,268746,268797,51
convolution,26,10,269373,269424,51
convolution,26,11,270000,270051,51
convolution,26,12,270633,270684,51
convolution,26,13,271260,271311,51
convolution,26,14,271887,271938,51
convolution,26,15,272514,272565,51
convolution,27,0,273147,273198,51
convolution,27,1,273774,273825,51
convolution,27,2,274401,274452,51
convolution,27,3,275028,275079,51
convolution,27,4,275661,275712,51
convolution,27,5,276288,276339,51
convolution,27,6,276915,276966,51
convolution,27,7,277542,277593,51
convolution,27,8,278175,278226,51
convolution,27,9,278802,278853,51
convolution,27,10,279429,279480,51
convolution,27,11,280056,280107,51
convolution,27,12,280689,280740,51
convolution,27,13,281316,281367,51
convolution,27,14,281943,281994,51
convolution,27,15,282570,282621,51
convolution,28,0,283203,283254,51
convolution,28,1,283830,283881,51
convolution,28,2,284457,284508,51
convolution,28,3,285084,285135,51
convolution,28,4,285717,285768,51
convolution,28,5,286344,286395,51
convolution,28,6,286971,287022,51
convolution,28,7,287598,287649,51
convolution,28,8,288231,288282,51
convolution,28,9,288858,288909,51
convolution,28,10,289485,289536,51
convolution,28,11,290112,290163,51
convolution,28,12,290745,290796,51
convolution,28,13,291372,291423,51
convolution,28,14,291999,292050,51
convolution,28,15,292626,292677,51
convolution,29,0,293259,293310,51
convolution,29,1,293886,293937,51
convolution,29,2,294513,294564,51
convolution,29,3,295140,295191,51
convolution,29,4,295773,295824,51
convolution,29,5,296400,296451,51
convolution,29,6,297027,297078,51
convolution,29,7,297654,297705,51
convolution,29,8,298287,298338,51
convolution,29,9,298914,298965,51
convolution,29,10,299541,299592,51
convolution,29,11,300168,300219,51
convolution,29,12,300801,300852,51
convolution,29,13,301428,301479,51
convolution,29,14,302055,302106,51
convolution,29,15,302682,302733,51
convolution,30,0,303315,303366,51
convolution,30,1,303942,303993,51
convolution,30,2,304569,304620,51
convolution,30,3,305196,305247,51
convolution,30,4,305829,305880,51
convolution,30,5,306456,306507,51
convolution,30,6,307083,307134,51
convolution,30,7,307710,307761,51
convolution,30,8,308343,308394,51
convolution,30,9,308970,309021,51
convolution,30,10,309597,309648,51
convolution,30,11,310224,310275,51
convolution,30,12,310857,310908,51
convolution,30,13,311484,311535,51
convolution,30,14,312111,312162,51
convolution,30,15,312738,312789,51
convolution,31,0,313371,313422,51
convolution,31,1,313998,314049,51
convolution,31,2,314625,314676,51
convolution,31,3,315252,315303,51
convolution,31,4,315885,315936,51
convolution,31,5,316512,316563,51
convolution,31,6,317139,317190,51
convolution,31,7,317766,317817,51
convolution,31,8,318399,318450,51
convolution,31,9,319026,319077,51
convolution,31,10,319653,319704,51
convolution,31,11,320280,320331,51
convolution,31,12,320913,320964,51
convolution,31,13,321540,321591,51
convolution,31,14,322167,322218,51
convolution,31,15,322794,322845,51
convolution,32,0,323427,323478,51
convolution,32,1,324054,324105,51
convolution,32,2,324681,324732,51
convolution,32,3,325308,325359,51
convolution,32,4,325941,325992,51
convolution,32,5,326568,326619,51
convolution,32,6,327195,327246,51
convolution,32,7,327822,327873,51
convolution,32,8,328455,328506,51
convolution,32,9,329082,329133,51
convolution,32,10,329709,329760,51
convolution,32,11,330336,330387,51
convolution,32,12,330969,331020,51
convolution,32,13,331596,331647,51
convolution,32,14,332223,332274,51
convolution,32,15,332850,332901,51
convolution,33,0,333483,333534,51
convolution,33,1,334110,334161,51
convolution,33,2,334737,334788,51
convolution,33,3,335364,335415,51
convolution,33,4,335997,336048,51
convolution,33,5,336624,336675,51
convolution,33,6,337251,337302,51
convolution,33,7,337878,337929,51
convolution,33,8,338511,338562,51
convolution,33,9,339138,339189,51
convolution,33,10,339765,339816,51
convolution,33,11,340392,340443,51
convolution,33,12,341025,341076,51
convolution,33,13,341652,341703,51
convolution,33,14,342279,342330,51
convolution,33,15,342906,342957,51
convolution,34,0,343539,343590,51
convolution,34,1,344166,344217,51
convolution,34,2,344793,344844,51
convolution,34,3,345420,345471,51
convolution,34,4,346053,346104,51
convolution,34,5,346680,346731,51
convolution,34,6,347307,347358,51
convolution,34,7,347934,347985,51
convolution,34,8,348567,348618,51
convolution,34,9,349194,349245,51
convolution,34,10,349821,349872,51
convolution,34,11,350448,350499,51
convolution,34,12,351081,351132,51
convolution,34,13,351708,351759,51
convolution,34,14,352335,352386,51
convolution,34,15,352962,353013,51
convolution,35,0,353595,353646,51
convolution,35,1,354222,354273,51
convolution,35,2,354849,354900,51
convolution,35,3,355476,355527,51
convolution,35,4,356109,356160,51
convolution,35,5,356736,356787,51
convolution,35,6,357363,357414,51
convolution,35,7,357990,358041,51
convolution,35,8,358623,358674,51
convolution,35,9,359250,359301,51
convolution,35,10,359877,359928,51
convolution,35,11,360504,360555,51
convolution,35,12,361137,361188,51
convolution,35,13,361764,361815,51
convolution,35,14,362391,362442,51
convolution,35,15,363018,363069,51
convolution,36,0,363651,363702,51
convolution,36,1,364278,364329,51
convolution,36,2,364905,364956,51
convolution,36,3,365532,365583,51
convolution,36,4,366165,366216,51
convolution,36,5,366792,366843,51
convolution,36,6,367419,367470,51
convolution,36,7,368046,368097,51
convolution,36,8,368679,368730,51
convolution,36,9,369306,369357,51
convolution,36,10,369933,369984,51
convolution,36,11,370560,370611,51
convolution,36,12,371193,371244,51
convolution,36,13,371820,371871,51
convolution,36,14,372447,372498,51
convolution,36,15,373074,373125,51
convolution,37,0,373707,373758,51
convolution,37,1,374334,374385,51
convolution,37,2,374961,375012,51
convolution,37,3,375588,375639,51
convolution,37,4,376221,376272,51
convolution,37,5,376848,376899,51
convolution,37,6,377475,377526,51
convolution,37,7,378102,378153,51
convolution,37,8,378735,378786,51
convolution,37,9,379362,379413,51
convolution,37,10,379989,380040,51
convolution,37,11,380616,380667,51
convolution,37,12,381249,381300,51
convolution,37,13,381876,381927,51
convolution,37,14,382503,382554,51
convolution,37,15,383130,383181,51
convolution,38,0,383763,383814,51
convolution,38,1,384390,384441,51
convolution,38,2,385017,385068,51
convolution,38,3,385644,385695,51
convolution,38,4,386277,386328,51
convolution,38,5,386904,386955,51
convolution,38,6,387531,387582,51
convolution,38,7,388158,388209,51
convolution,38,8,388791,388842,51
convolution,38,9,389418,389469,51
convolution,38,10,390045,390096,51
convolution,38,11,390672,390723,51
convolution,38,12,391305,391356,51
convolution,38,13,391932,391983,51
convolution,38,14,392559,392610,51
convolution,38,15,393186,393237,51
convolution,39,0,393819,393870,51
convolution,39,1,394446,394497,51
convolution,39,2,395073,395124,51
convolution,39,3,395700,395751,51
convolution,39,4,396333,396384,51
convolution,39,5,396960,397011,51
convolution,39,6,397587,397638,51
convolution,39,7,398214,398265,51
convolution,39,8,398847,398898,51
convolution,39,9,399474,399525,51
convolution,39,10,400101,400152,51
convolution,39,11,400728,400779,51
convolution,39,12,401361,401412,51
convolution,39,13,401988,402039,51
convolution,39,14,402615,402666,51
convolution,39,15,403242,403293,51
convolution,40,0,403875,403926,51
convolution,40,1,404502,404553,51
convolution,40,2,405129,405180,51
convolution,40,3,405756,405807,51
convolution,40,4,406389,406440,51
convolution,40,5,407016,407067,51
convolution,40,6,407643,407694,51
convolution,40,7,408270,408321,51
convolution,40,8,408903,408954,51
convolution,40,9,409530,409581,51
convolution,40,10,410157,410208,51
convolution,40,11,410784,410835,51
convolution,40,12,411417,411468,51
convolution,40,13,412044,412095,51
convolution,40,14,412671,412722,51
convolution,40,15,413298,413349,51
convolution,41,0,413931,413982,51
convolution,41,1,414558,414609,51
convolution,41,2,415185,415236,51
convolution,41,3,415812,415863,51
convolution,41,4,416445,416496,51
convolution,41,5,417072,417123,51
convolution,41,6,417699,417750,51
convolution,41,7,418326,418377,51
convolution,41,8,418959,419010,51
convolution,41,9,419586,419637,51
convolution,41,10,420213,420264,51
convolution,41,11,420840,420891,51
convolution,41,12,421473,421524,51
convolution,41,13,422100,422151,51
convolution,41,14,422727,422778,51
convolution,41,15,423354,423405,51
convolution,42,0,423987,424038,51
convolution,42,1,424614,424665,51
convolution,42,2,425241,425292,51
convolution,42,3,425868,425919,51
convolution,42,4,426501,426552,51
convolution,42,5,427128,427179,51
convolution,42,6,427755,427806,51
convolution,42,7,428382,428433,51
convolution,42,8,429015,429066,51
convolution,42,9,429642,429693,51
convolution,42,10,430269,430320,51
convolution,42,11,430896,430947,51
convolution,42,12,431529,431580,51
convolution,42,13,432156,432207,51
convolution,42,14,432783,432834,51
convolution,42,15,433410,433461,51
convolution,43,0,434043,434094,51
convolution,43,1,434670,434721,51
convolution,43,2,435297,435348,51
convolution,43,3,435924,435975,51
convolution,43,4,436557,436608,51
convolution,43,5,437184,437235,51
convolution,43,6,437811,437862,51
convolution,43,7,438438,438489,51
convolution,43,8,439071,439122,51
convolution,43,9,439698,439749,51
convolution,43,10,440325,440376,51
convolution,43,11,440952,441003,51
convolution,43,12,441585,441636,51
convolution,43,13,442212,442263,51
convolution,43,14,442839,442890,51
convolution,43,15,443466,443517,51
convolution,44,0,444099,444150,51
convolution,44,1,444726,444777,51
convolution,44,2,445353,445404,51
convolution,44,3,445980,446031,51
convolution,44,4,446613,446664,51
convolution,44,5,447240,447291,51
convolution,44,6,447867,447918,51
convolution,44,7,448494,448545,51
convolution,44,8,449127,449178,51
convolution,44,9,449754,449805,51
convolution,44,10,450381,450432,51
convolution,44,11,451008,451059,51
convolution,44,12,451641,451692,51
convolution,44,13,452268,452319,51
convolution,44,14,452895,452946,51
convolution,44,15,453522,453573,51
convolution,45,0,454155,454206,51
convolution,45,1,454782,454833,51
convolution,45,2,455409,455460,51
convolution,45,3,456036,456087,51
convolution,45,4,456669,456720,51
convolution,45,5,457296,457347,51
convolution,45,6,457923,457974,51
convolution,45,7,458550,458601,51
convolution,45,8,459183,459234,51
convolution,45,9,459810,459861,51
convolution,45,10,460437,460488,51
convolution,45,11,461064,461115,51
convolution,45,12,461697,461748,51
convolution,45,13,462324,462375,51
convolution,45,14,462951,463002,51
convolution,45,15,463578,463629,51
convolution,46,0,464211,464262,51
convolution,46,1,464838,464889,51
convolution,46,2,465465,465516,51
convolution,46,3,466092,466143,51
convolution,46,4,466725,466776,51
convolution,46,5,467352,467403,51
convolution,46,6,467979,468030,51
convolution,46,7,468606,468657,51
convolution,46,8,469239,469290,51
convolution,46,9,469866,469917,51
convolution,46,10,470493,470544,51
convolution,46,11,471120,471171,51
convolution,46,12,471753,471804,51
convolution,46,13,472380,472431,51
convolution,46,14,473007,473058,51
convolution,46,15,473634,473685,51
convolution,47,0,474267,474318,51
convolution,47,1,474894,474945,51
convolution,47,2,475521,475572,51
convolution,47,3,476148,476199,51
convolution,47,4,476781,476832,51
convolution,47,5,477408,477459,51
convolution,47,6,478035,478086,51
convolution,47,7,478662,478713,51
convolution,47,8,479295,479346,51
convolution,47,9,479922,479973,51
convolution,47,10,480549,480600,51
convolution,47,11,481176,481227,51
convolution,47,12,481809,481860,51
convolution,47,13,482436,482487,51
convolution,47,14,483063,483114,51
convolution,47,15,483690,483741,51
convolution,48,0,484323,484374,51
convolution,48,1,484950,485001,51
convolution,48,2,485577,485628,51
convolution,48,3,486204,486255,51
convolution,48,4,486837,486888,51
convolution,48,5,487464,487515,51
convolution,48,6,488091,488142,51
convolution,48,7,488718,488769,51
convolution,48,8,489351,489402,51
convolution,48,9,489978,490029,51
convolution,48,10,490605,490656,51
convolution,48,11,491232,491283,51
convolution,48,12,491865,491916,51
convolution,48,13,492492,492543,51
convolution,48,14,493119,493170,51
convolution,48,15,493746,493797,51
convolution,49,0,494379,494430,51
convolution,49,1,495006,495057,51
convolution,49,2,495633,495684,51
convolution,49,3,496260,496311,51
convolution,49,4,496893,496944,51
convolution,49,5,497520,497571,51
convolution,49,6,498147,498198,51
convolution,49,7,498774,498825,51
convolution,49,8,499407,499458,51
convolution,49,9,500034,500085,51
convolution,49,10,500661,500712,51
convolution,49,11,501288,501339,51
convolution,49,12,501921,501972,51
convolution,49,13,502548,502599,51
convolution,49,14,503175,503226,51
convolution,49,15,503802,503853,51
convolution,50,0,504435,504486,51
convolution,50,1,505062,505113,51
convolution,50,2,505689,505740,51
convolution,50,3,506316,506367,51
convolution,50,4,506949,507000,51
convolution,50,5,507576,507627,51
convolution,50,6,508203,508254,51
convolution,50,7,508830,508881,51
convolution,50,8,509463,509514,51
convolution,50,9,510090,510141,51
convolution,50,10,510717,510768,51
convolution,50,11,511344,511395,51
convolution,50,12,511977,512028,51
convolution,50,13,512604,512655,51
convolution,50,14,513231,513282,51
convolution,50,15,513858,513909,51
convolution,51,0,514491,514542,51
convolution,51,1,515118,515169,51
convolution,51,2,515745,515796,51
convolution,51,3,516372,516423,51
convolution,51,4,517005,517056,51
convolution,51,5,517632,517683,51
convolution,51,6,518259,518310,51
convolution,51,7,518886,518937,51
convolution,51,8,519519,519570,51
convolution,51,9,520146,520197,51
convolution,51,10,520773,520824,51
convolution,51,11,521400,521451,51
convolution,51,12,522033,522084,51
convolution,51,13,522660,522711,51
convolution,51,14,523287,523338,51
convolution,51,15,523914,523965,51
convolution,52,0,524547,524598,51
convolution,52,1,525174,525225,51
convolution,52,2,525801,525852,51
convolution,52,3,526428,526479,51
convolution,52,4,527061,527112,51
convolution,52,5,527688,527739,51
convolution,52,6,528315,528366,51
convolution,52,7,528942,528993,51
convolution,52,8,529575,529626,51
convolution,52,9,530202,530253,51
convolution,52,10,530829,530880,51
convolution,52,11,531456,531507,51
convolution,52,12,532089,532140,51
convolution,52,13,532716,532767,51
convolution,52,14,533343,533394,51
convolution,52,15,533970,534021,51
convolution,53,0,534603,534654,51
convolution,53,1,535230,535281,51
convolution,53,2,535857,535908,51
convolution,53,3,536484,536535,51
convolution,53,4,537117,537168,51
convolution,53,5,537744,537795,51
convolution,53,6,538371,538422,51
convolution,53,7,538998,539049,51
convolution,53,8,539631,539682,51
convolution,53,9,540258,540309,51
convolution,53,10,540885,540936,51
convolution,53,11,541512,541563,51
convolution,53,12,542145,542196,51
convolution,53,13,542772,542823,51
convolution,53,14,543399,543450,51
convolution,53,15,544026,544077,51
convolution,54,0,544659,544710,51
convolution,54,1,545286,545337,51
convolution,54,2,545913,545964,51
convolution,54,3,546540,546591,51
convolution,54,4,547173,547224,51
convolution,54,5,547800,547851,51
convolution,54,6,548427,548478,51
convolution,54,7,549054,549105,51
convolution,54,8,549687,549738,51
convolution,54,9,550314,550365,51
convolution,54,10,550941,550992,51
convolution,54,11,551568,551619,51
convolution,54,12,552201,552252,51
convolution,54,13,552828,552879,51
convolution,54,14,553455,553506,51
convolution,54,15,554082,554133,51
convolution,55,0,554715,554766,51
convolution,55,1,555342,555393,51
convolution,55,2,555969,556020,51
convolution,55,3,556596,556647,51
convolution,55,4,557229,557280,51
convolution,55,5,557856,557907,51
convolution,55,6,558483,558534,51
convolution,55,7,559110,559161,51
convolution,55,8,559743,559794,51
convolution,55,9,560370,560421,51
convolution,55,10,560997,561048,51
convolution,55,11,561624,561675,51
convolution,55,12,562257,562308,51
convolution,55,13,562884,562935,51
convolution,55,14,563511,563562,51
convolution,55,15,564138,564189,51
convolution,56,0,564771,564822,51
convolution,56,1,565398,565449,51
convolution,56,2,566025,566076,51
convolution,56,3,566652,566703,51
convolution,56,4,567285,567336,51
convolution,56,5,567912,567963,51
convolution,56,6,568539,568590,51
convolution,56,7,569166,569217,51
convolution,56,8,569799,569850,51
convolution,56,9,570426,570477,51
convolution,56,10,571053,571104,51
convolution,56,11,571680,571731,51
convolution,56,12,572313,572364,51
convolution,56,13,572940,572991,51
convolution,56,14,573567,573618,51
convolution,56,15,574194,574245,51
convolution,57,0,574827,574878,51
convolution,57,1,575454,575505,51
convolution,57,2,576081,576132,51
convolution,57,3,576708,576759,51
convolution,57,4,577341,577392,51
convolution,57,5,577968,578019,51
convolution,57,6,578595,578646,51
convolution,57,7,579222,579273,51
convolution,57,8,579855,579906,51
convolution,57,9,580482,580533,51
convolution,57,10,581109,581160,51
convolution,57,11,581736,581787,51
convolution,57,12,582369,582420,51
convolution,57,13,582996,583047,51
convolution,57,14,583623,583674,51
convolution,57,15,584250,584301,51
convolution,58,0,584883,584934,51
convolution,58,1,585510,585561,51
convolution,58,2,586137,586188,51
convolution,58,3,586764,586815,51
convolution,58,4,587397,587448,51
convolution,58,5,588024,588075,51
convolution,58,6,588651,588702,51
convolution,58,7,589278,589329,51
convolution,58,8,589911,589962,51
convolution,58,9,590538,590589,51
convolution,58,10,591165,591216,51
convolution,58,11,591792,591843,51
convolution,58,12,592425,592476,51
convolution,58,13,593052,593103,51
convolution,58,14,593679,593730,51
convolution,58,15,594306,594357,51
convolution,59,0,594939,594990,51
convolution,59,1,595566,595617,51
convolution,59,2,596193,596244,51
convolution,59,3,596820,596871,51
convolution,59,4,597453,597504,51
convolution,59,5,598080,598131,51
convolution,59,6,598707,598758,51
convolution,59,7,599334,599385,51
convolution,59,8,599967,600018,51
convolution,59,9,600594,600645,51
convolution,59,10,601221,601272,51
convolution,59,11,601848,601899,51
convolution,59,12,602481,602532,51
convolution,59,13,603108,603159,51
convolution,59,14,603735,603786,51
convolution,59,15,604362,604413,51
convolution,60,0,604995,605046,51
convolution,60,1,605622,605673,51
convolution,60,2,606249,606300,51
convolution,60,3,606876,606927,51
convolution,60,4,607509,607560,51
convolution,60,5,608136,608187,51
convolution,60,6,608763,608814,51
convolution,60,7,609390,609441,51
convolution,60,8,610023,610074,51
convolution,60,9,610650,610701,51
convolution,60,10,611277,611328,51
convolution,60,11,611904,611955,51
convolution,60,12,612537,612588,51
convolution,60,13,613164,613215,51
convolution,60,14,613791,613842,51
convolution,60,15,614418,614469,51
convolution,61,0,615051,615102,51
convolution,61,1,615678,615729,51
convolution,61,2,616305,616356,51
convolution,61,3,616932,616983,51
convolution,61,4,617565,617616,51
convolution,61,5,618192,618243,51
convolution,61,6,618819,618870,51
convolution,61,7,619446,619497,51
convolution,61,8,620079,620130,51
convolution,61,9,620706,620757,51
convolution,61,10,621333,621384,51
convolution,61,11,621960,622011,51
convolution,61,12,622593,622644,51
convolution,61,13,623220,623271,51
convolution,61,14,623847,623898,51
convolution,61,15,624474,624525,51
convolution,62,0,625107,625158,51
convolution,62,1,625734,625785,51
convolution,62,2,626361,626412,51
convolution,62,3,626988,627039,51
convolution,62,4,627621,627672,51
convolution,62,5,628248,628299,51
convolution,62,6,628875,628926,51
convolution,62,7,629502,629553,51
convolution,62,8,630135,630186,51
convolution,62,9,630762,630813,51
convolution,62,10,631389,631440,51
convolution,62,11,632016,632067,51
convolution,62,12,632649,632700,51
convolution,62,13,633276,633327,51
convolution,62,14,633903,633954,51
convolution,62,15,634530,634581,51
convolution,63,0,635163,635214,51
convolution,63,1,635790,635841,51
convolution,63,2,636417,636468,51
convolution,63,3,637044,637095,51
convolution,63,4,637677,637728,51
convolution,63,5,638304,638355,51
convolution,63,6,638931,638982,51
convolution,63,7,639558,639609,51
convolution,63,8,640191,640242,51
convolution,63,9,640818,640869,51
convolution,63,10,641445,641496,51
convolution,63,11,642072,642123,51
convolution,63,12,642705,642756,51
convolution,63,13,643332,643383,51
convolution,63,14,643959,644010,51
convolution,63,15,644586,644637,51
conv_output_queue,0,0,1686,1687,1
conv_output_queue,0,1,2313,2314,1
conv_output_queue,0,2,2940,2941,1
conv_output_queue,0,3,3567,3568,1
conv_output_queue,0,4,4200,4201,1
conv_output_queue,0,5,4827,4828,1
conv_output_queue,0,6,5454,5455,1
conv_output_queue,0,7,6081,6082,1
conv_output_queue,0,8,6714,6715,1
conv_output_queue,0,9,7341,7342,1
conv_output_queue,0,10,7968,7969,1
conv_output_queue,0,11,8595,8596,1
conv_output_queue,0,12,9228,9229,1
conv_output_queue,0,13,9855,9856,1
conv_output_queue,0,14,10482,10483,1
conv_output_queue,0,15,11109,11110,1
conv_output_queue,1,0,11742,11743,1
conv_output_queue,1,1,12369,12370,1
conv_output_queue,1,2,12996,12997,1
conv_output_queue,1,3,13623,13624,1
conv_output_queue,1,4,14256,14257,1
conv_output_queue,1,5,14883,14884,1
conv_output_queue,1,6,15510,15511,1
conv_output_queue,1,7,16137,16138,1
conv_output_queue,1,8,16770,16771,1
conv_output_queue,1,9,17397,17398,1
conv_output_queue,1,10,18024,18025,1
conv_output_queue,1,11,18651,18652,1
conv_output_queue,1,12,19284,19285,1
conv_output_queue,1,13,19911,19912,1
conv_output_queue,1,14,20538,20539,1
conv_output_queue,1,15,21165,21166,1
conv_output_queue,2,0,21798,21799,1
conv_output_queue,2,1,22425,22426,1
conv_output_queue,2,2,23052,23053,1
conv_output_queue,2,3,23679,23680,1
conv_output_queue,2,4,24312,24313,1
conv_output_queue,2,5,24939,24940,1
conv_output_queue,2,6,25566,25567,1
conv_output_queue,2,7,26193,26194,1
conv_output_queue,2,8,26826,26827,1
conv_output_queue,2,9,27453,27454,1
conv_output_queue,2,10,28080,28081,1
conv_output_queue,2,11,28707,28708,1
conv_output_queue,2,12,29340,29341,1
conv_output_queue,2,13,29967,29968,1
conv_output_queue,2,14,30594,30595,1
conv_output_queue,2,15,31221,31222,1
conv_output_queue,3,0,31854,31855,1
conv_output_queue,3,1,32481,32482,1
conv_output_queue,3,2,33108,33109,1
conv_output_queue,3,3,33735,33736,1
conv_output_queue,3,4,34368,34369,1
conv_output_queue,3,5,34995,34996,1
conv_output_queue,3,6,35622,35623,1
conv_output_queue,3,7,36249,36250,1
conv_output_queue,3,8,36882,36883,1
conv_output_queue,3,9,37509,37510,1
conv_output_queue,3,10,38136,38137,1
conv_output_queue,3,11,38763,38764,1
conv_output_queue,3,12,39396,39397,1
conv_output_queue,3,13,40023,40024,1
conv_output_queue,3,14,40650,40651,1
conv_output_queue,3,15,41277,41278,1
conv_output_queue,4,0,41910,41911,1
conv_output_queue,4,1,42537,42538,1
conv_output_queue,4,2,43164,43165,1
conv_output_queue,4,3,43791,43792,1
conv_output_queue,4,4,44424,44425,1
conv_output_queue,4,5,45051,45052,1
conv_output_queue,4,6,45678,45679,1
conv_output_queue,4,7,46305,46306,1
conv_output_queue,4,8,46938,46939,1
conv_output_queue,4,9,47565,47566,1
conv_output_queue,4,10,48192,48193,1
conv_output_queue,4,11,48819,48820,1
conv_output_queue,4,12,49452,49453,1
conv_output_queue,4,13,50079,50080,1
conv_output_queue,4,14,50706,50707,1
conv_output_queue,4,15,51333,51334,1
conv_output_queue,5,0,51966,51967,1
conv_output_queue,5,1,52593,52594,1
conv_output_queue,5,2,53220,53221,1
conv_output_queue,5,3,53847,53848,1
conv_output_queue,5,4,54480,54481,1
conv_output_queue,5,5,55107,55108,1
conv_output_queue,5,6,55734,55735,1
conv_output_queue,5,7,56361,56362,1
conv_output_queue,5,8,56994,56995,1
conv_output_queue,5,9,57621,57622,1
conv_output_queue,5,10,58248,58249,1
conv_output_queue,5,11,58875,58876,1
conv_output_queue,5,12,59508,59509,1
conv_output_queue,5,13,60135,60136,1
conv_output_queue,5,14,60762,60763,1
conv_output_queue,5,15,61389,61390,1
conv_output_queue,6,0,62022,62023,1
conv_output_queue,6,1,62649,62650,1
conv_output_queue,6,2,63276,63277,1
conv_output_queue,6,3,63903,63904,1
conv_output_queue,6,4,64536,64537,1
conv_output_queue,6,5,65163,65164,1
conv_output_queue,6,6,65790,65791,1
conv_output_queue,6,7,66417,66418,1
conv_output_queue,6,8,67050,67051,1
conv_output_queue,6,9,67677,67678,1
conv_output_queue,6,10,68304,68305,1
conv_output_queue,6,11,68931,68932,1
conv_output_queue,6,12,69564,69565,1
conv_output_queue,6,13,70191,70192,1
conv_output_queue,6,14,70818,70819,1
conv_output_queue,6,15,71445,71446,1
conv_output_queue,7,0,72078,72079,1
conv_output_queue,7,1,72705,72706,1
conv_output_queue,7,2,73332,73333,1
conv_output_queue,7,3,73959,73960,1
conv_output_queue,7,4,74592,74593,1
conv_output_queue,7,5,75219,75220,1
conv_output_queue,7,6,75846,75847,1
conv_output_queue,7,7,76473,76474,1
conv_output_queue,7,8,77106,77107,1
conv_output_queue,7,9,77733,77734,1
conv_output_queue,7,10,78360,78361,1
conv_output_queue,7,11,78987,78988,1
conv_output_queue,7,12,79620,79621,1
conv_output_queue,7,13,80247,80248,1
conv_output_queue,7,14,80874,80875,1
conv_output_queue,7,15,81501,81502,1
conv_output_queue,8,0,82134,82135,1
conv_output_queue,8,1,82761,82762,1
conv_output_queue,8,2,83388,83389,1
conv_output_queue,8,3,84015,84016,1
conv_output_queue,8,4,84648,84649,1
conv_output_queue,8,5,85275,85276,1
conv_output_queue,8,6,85902,85903,1
conv_output_queue,8,7,86529,86530,1
conv_output_queue,8,8,87162,87163,1
conv_output_queue,8,9,87789,87790,1
conv_output_queue,8,10,88416,88417,1
conv_output_queue,8,11,89043,89044,1
conv_output_queue,8,12,89676,89677,1
conv_output_queue,8,13,90303,90304,1
conv_output_queue,8,14,90930,90931,1
conv_output_queue,8,15,91557,91558,1
conv_output_queue,9,0,92190,92191,1
conv_output_queue,9,1,92817,92818,1
conv_output_queue,9,2,93444,93445,1
conv_output_queue,9,3,94071,94072,1
conv_output_queue,9,4,94704,94705,1
conv_output_queue,9,5,95331,95332,1
conv_output_queue,9,6,95958,95959,1
conv_output_queue,9,7,96585,96586,1
conv_output_queue,9,8,97218,97219,1
conv_output_queue,9,9,97845,97846,1
conv_output_queue,9,10,98472,98473,1
conv_output_queue,9,11,99099,99100,1
conv_output_queue,9,12,99732,99733,1
conv_output_queue,9,13,100359,100360,1
conv_output_queue,9,14,100986,100987,1
conv_output_queue,9,15,101613,101614,1
conv_output_queue,10,0,102246,102247,1
conv_output_queue,10,1,102873,102874,1
conv_output_queue,10,2,103500,103501,1
conv_output_queue,10,3,104127,104128,1
conv_output_queue,10,4,104760,104761,1
conv_output_queue,10,5,105387,105388,1
conv_output_queue,10,6,106014,106015,1
conv_output_queue,10,7,106641,106642,1
conv_output_queue,10,8,107274,107275,1
conv_output_queue,10,9,107901,107902,1
conv_output_queue,10,10,108528,108529,1
conv_output_queue,10,11,109155,109156,1
conv_output_queue,10,12,109788,109789,1
conv_output_queue,10,13,110415,110416,1
conv_output_queue,10,14,111042,111043,1
conv_output_queue,10,15,111669,111670,1
conv_output_queue,11,0,112302,112303,1
conv_output_queue,11,1,112929,112930,1
conv_output_queue,11,2,113556,113557,1
conv_output_queue,11,3,114183,114184,1
conv_output_queue,11,4,114816,114817,1
conv_output_queue,11,5,115443,115444,1
conv_output_queue,11,6,116070,116071,1
conv_output_queue,11,7,116697,116698,1
conv_output_queue,11,8,117330,117331,1
conv_output_queue,11,9,117957,117958,1
conv_output_queue,11,10,118584,118585,1
conv_output_queue,11,11,119211,119212,1
conv_output_queue,11,12,119844,119845,1
conv_output_queue,11,13,120471,120472,1
conv_output_queue,11,14,121098,121099,1
conv_output_queue,11,15,121725,121726,1
conv_output_queue,12,0,122358,122359,1
conv_output_queue,12,1,122985,122986,1
conv_output_queue,12,2,123612,123613,1
conv_output_queue,12,3,124239,124240,1
conv_output_queue,12,4,124872,124873,1
conv_output_queue,12,5,125499,125500,1
conv_output_queue,12,6,126126,126127,1
conv_output_queue,12,7,126753,126754,1
conv_output_queue,12,8,127386,127387,1
conv_output_queue,12,9,128013,128014,1
conv_output_queue,12,10,128640,128641,1
conv_output_queue,12,11,129267,129268,1
conv_output_queue,12,12,129900,129901,1
conv_output_queue,12,13,130527,130528,1
conv_output_queue,12,14,131154,131155,1
conv_output_queue,12,15,131781,131782,1
conv_output_queue,13,0,132414,132415,1
conv_output_queue,13,1,133041,133042,1
conv_output_queue,13,2,133668,133669,1
conv_output_queue,13,3,134295,134296,1
conv_output_queue,13,4,134928,134929,1
conv_output_queue,13,5,135555,135556,1
conv_output_queue,13,6,136182,136183,1
conv_output_queue,13,7,136809,136810,1
conv_output_queue,13,8,137442,137443,1
conv_output_queue,13,9,138069,138070,1
conv_output_queue,13,10,138696,138697,1
conv_output_queue,13,11,139323,139324,1
conv_output_queue,13,12,139956,139957,1
conv_output_queue,13,13,140583,140584,1
conv_output_queue,13,14,141210,141211,1
conv_output_queue,13,15,141837,141838,1
conv_output_queue,14,0,142470,142471,1
conv_output_queue,14,1,143097,143098,1
conv_output_queue,14,2,143724,143725,1
conv_output_queue,14,3,144351,144352,1
conv_output_queue,14,4,144984,144985,1
conv_output_queue,14,5,145611,145612,1
conv_output_queue,14,6,146238,146239,1
conv_output_queue,14,7,146865,146866,1
conv_output_queue,14,8,147498,147499,1
conv_output_queue,14,9,148125,148126,1
conv_output_queue,14,10,148752,148753,1
conv_output_queue,14,11,149379,149380,1
conv_output_queue,14,12,150012,150013,1
conv_output_queue,14,13,150639,150640,1
conv_output_queue,14,14,151266,151267,1
conv_output_queue,14,15,151893,151894,1
conv_output_queue,15,0,152526,152527,1
conv_output_queue,15,1,153153,153154,1
conv_output_queue,15,2,153780,153781,1
conv_output_queue,15,3,154407,154408,1
conv_output_queue,15,4,155040,155041,1
conv_output_queue,15,5,155667,155668,1
conv_output_queue,15,6,156294,156295,1
conv_output_queue,15,7,156921,156922,1
conv_output_queue,15,8,157554,157555,1
conv_output_queue,15,9,158181,158182,1
conv_output_queue,15,10,158808,158809,1
conv_output_queue,15,11,159435,159436,1
conv_output_queue,15,12,160068,160069,1
conv_output_queue,15,13,160695,160696,1
conv_output_queue,15,14,161322,161323,1
conv_output_queue,15,15,161949,161950,1
conv_output_queue,16,0,162582,162583,1
conv_output_queue,16,1,163209,163210,1
conv_output_queue,16,2,163836,163837,1
conv_output_queue,16,3,164463,164464,1
conv_output_queue,16,4,165096,165097,1
conv_output_queue,16,5,165723,165724,1
conv_output_queue,16,6,166350,166351,1
conv_output_queue,16,7,166977,166978,1
conv_output_queue,16,8,167610,167611,1
conv_output_queue,16,9,168237,168238,1
conv_output_queue,16,10,168864,168865,1
conv_output_queue,16,11,169491,169492,1
conv_output_queue,16,12,170124,170125,1
conv_output_queue,16,13,170751,170752,1
conv_output_queue,16,14,171378,171379,1
conv_output_queue,16,15,172005,172006,1
conv_output_queue,17,0,172638,172639,1
conv_output_queue,17,1,173265,173266,1
conv_output_queue,17,2,173892,173893,1
conv_output_queue,17,3,174519,174520,1
conv_output_queue,17,4,175152,175153,1
conv_output_queue,17,5,175779,175780,1
conv_output_queue,17,6,176406,176407,1
conv_output_queue,17,7,177033,177034,1
conv_output_queue,17,8,177666,177667,1
conv_output_queue,17,9,178293,178294,1
conv_output_queue,17,10,178920,178921,1
conv_output_queue,17,11,179547,179548,1
conv_output_queue,17,12,180180,180181,1
conv_output_queue,17,13,180807,180808,1
conv_output_queue,17,14,181434,181435,1
conv_output_queue,17,15,182061,182062,1
conv_output_queue,18,0,182694,182695,1
conv_output_queue,18,1,183321,183322,1
conv_output_queue,18,2,183948,183949,1
conv_output_queue,18,3,184575,184576,1
conv_output_queue,18,4,185208,185209,1
conv_output_queue,18,5,185835,185836,1
conv_output_queue,18,6,186462,186463,1
conv_output_queue,18,7,187089,187090,1
conv_output_queue,18,8,187722,187723,1
conv_output_queue,18,9,188349,188350,1
conv_output_queue,18,10,188976,188977,1
conv_output_queue,18,11,189603,189604,1
conv_output_queue,18,12,190236,190237,1
conv_output_queue,18,13,190863,190864,1
conv_output_queue,18,14,191490,191491,1
conv_output_queue,18,15,192117,192118,1
conv_output_queue,19,0,192750,192751,1
conv_output_queue,19,1,193377,193378,1
conv_output_queue,19,2,194004,194005,1
conv_output_queue,19,3,194631,194632,1
conv_output_queue,19,4,195264,195265,1
conv_output_queue,19,5,195891,195892,1
conv_output_queue,19,6,196518,196519,1
conv_output_queue,19,7,197145,197146,1
conv_output_queue,19,8,197778,197779,1
conv_output_queue,19,9,198405,198406,1
conv_output_queue,19,10,199032,199033,1
conv_output_queue,19,11,199659,199660,1
conv_output_queue,19,12,200292,200293,1
conv_output_queue,19,13,200919,200920,1
conv_output_queue,19,14,201546,201547,1
conv_output_queue,19,15,202173,202174,1
conv_output_queue,20,0,202806,202807,1
conv_output_queue,20,1,203433,203434,1
conv_output_queue,20,2,204060,204061,1
conv_output_queue,20,3,204687,204688,1
conv_output_queue,20,4,205320,205321,1
conv_output_queue,20,5,205947,205948,1
conv_output_queue,20,6,206574,206575,1
conv_output_queue,20,7,207201,207202,1
conv_output_queue,20,8,207834,207835,1
conv_output_queue,20,9,208461,208462,1
conv_output_queue,20,10,209088,209089,1
conv_output_queue,20,11,209715,209716,1
conv_output_queue,20,12,210348,210349,1
conv_output_queue,20,13,210975,210976,1
conv_output_queue,20,14,211602,211603,1
conv_output_queue,20,15,212229,212230,1
conv_output_queue,21,0,212862,212863,1
conv_output_queue,21,1,213489,213490,1
conv_output_queue,21,2,214116,214117,1
conv_output_queue,21,3,214743,214744,1
conv_output_queue,21,4,215376,215377,1
conv_output_queue,21,5,216003,216004,1
conv_output_queue,21,6,216630,216631,1
conv_output_queue,21,7,217257,217258,1
conv_output_queue,21,8,217890,217891,1
conv_output_queue,21,9,218517,218518,1
conv_output_queue,21,10,219144,219145,1
conv_output_queue,21,11,219771,219772,1
conv_output_queue,21,12,220404,220405,1
conv_output_queue,21,13,221031,221032,1
conv_output_queue,21,14,221658,221659,1
conv_output_queue,21,15,222285,222286,1
conv_output_queue,22,0,222918,222919,1
conv_output_queue,22,1,223545,223546,1
conv_output_queue,22,2,224172,224173,1
conv_output_queue,22,3,224799,224800,1
conv_output_queue,22,4,225432,225433,1
conv_output_queue,22,5,226059,226060,1
conv_output_queue,22,6,226686,226687,1
conv_output_queue,22,7,227313,227314,1
conv_output_queue,22,8,227946,227947,1
conv_output_queue,22,9,228573,228574,1
conv_output_queue,22,10,229200,229201,1
conv_output_queue,22,11,229827,229828,1
conv_output_queue,22,12,230460,230461,1
conv_output_queue,22,13,231087,231088,1
conv_output_queue,22,14,231714,231715,1
conv_output_queue,22,15,232341,232342,1
conv_output_queue,23,0,232974,232975,1
conv_output_queue,23,1,233601,233602,1
conv_output_queue,23,2,234228,234229,1
conv_output_queue,23,3,234855,234856,1
conv_output_queue,23,4,235488,235489,1
conv_output_queue,23,5,236115,236116,1
conv_output_queue,23,6,236742,236743,1
conv_output_queue,23,7,237369,237370,1
conv_output_queue,23,8,238002,238003,1
conv_output_queue,23,9,238629,238630,1
conv_output_queue,23,10,239256,239257,1
conv_output_queue,23,11,239883,239884,1
conv_output_queue,23,12,240516,240517,1
conv_output_queue,23,13,241143,241144,1
conv_output_queue,23,14,241770,241771,1
conv_output_queue,23,15,242397,242398,1
conv_output_queue,24,0,243030,243031,1
conv_output_queue,24,1,243657,243658,1
conv_output_queue,24,2,244284,244285,1
conv_output_queue,24,3,244911,244912,1
conv_output_queue,24,4,245544,245545,1
conv_output_queue,24,5,246171,246172,1
conv_output_queue,24,6,246798,246799,1
conv_output_queue,24,7,247425,247426,1
conv_output_queue,24,8,248058,248059,1
conv_output_queue,24,9,248685,248686,1
conv_output_queue,24,10,249312,249313,1
conv_output_queue,24,11,249939,249940,1
conv_output_queue,24,12,250572,250573,1
conv_output_queue,24,13,251199,251200,1
conv_output_queue,24,14,251826,251827,1
conv_output_queue,24,15,252453,252454,1
conv_output_queue,25,0,253086,253087,1
conv_output_queue,25,1,253713,253714,1
conv_output_queue,25,2,254340,254341,1
conv_output_queue,25,3,254967,254968,1
conv_output_queue,25,4,255600,255601,1
conv_output_queue,25,5,256227,256228,1
conv_output_queue,25,6,256854,256855,1
conv_output_queue,25,7,257481,257482,1
conv_output_queue,25,8,258114,258115,1
conv_output_queue,25,9,258741,258742,1
conv_output_queue,25,10,259368,259369,1
conv_output_queue,25,11,259995,259996,1
conv_output_queue,25,12,260628,260629,1
conv_output_queue,25,13,261255,261256,1
conv_output_queue,25,14,261882,261883,1
conv_output_queue,25,15,262509,262510,1
conv_output_queue,26,0,263142,263143,1
conv_output_queue,26,1,263769,263770,1
conv_output_queue,26,2,264396,264397,1
conv_output_queue,26,3,265023,265024,1
conv_output_queue,26,4,265656,265657,1
conv_output_queue,26,5,266283,266284,1
conv_output_queue,26,6,266910,266911,1
conv_output_queue,26,7,267537,267538,1
conv_output_queue,26,8,268170,268171,1
conv_output_queue,26,9,268797,268798,1
conv_output_queue,26,10,269424,269425,1
conv_output_queue,26,11,270051,270052,1
conv_output_queue,26,12,270684,270685,1
conv_output_queue,26,13,271311,271312,1
conv_output_queue,26,14,271938,271939,1
conv_output_queue,26,15,272565,272566,1
conv_output_queue,27,0,273198,273199,1
conv_output_queue,27,1,273825,273826,1
conv_output_queue,27,2,274452,274453,1
conv_output_queue,27,3,275079,275080,1
conv_output_queue,27,4,275712,275713,1
conv_output_queue,27,5,276339,276340,1
conv_output_queue,27,6,276966,276967,1
conv_output_queue,27,7,277593,277594,1
conv_output_queue,27,8,278226,278227,1
conv_output_queue,27,9,278853,278854,1
conv_output_queue,27,10,279480,279481,1
conv_output_queue,27,11,280107,280108,1
conv_output_queue,27,12,280740,280741,1
conv_output_queue,27,13,281367,281368,1
conv_output_queue,27,14,281994,281995,1
conv_output_queue,27,15,282621,282622,1
conv_output_queue,28,0,283254,283255,1
conv_output_queue,28,1,283881,283882,1
conv_output_queue,28,2,284508,284509,1
conv_output_queue,28,3,285135,285136,1
conv_output_queue,28,4,285768,285769,1
conv_output_queue,28,5,286395,286396,1
conv_output_queue,28,6,287022,287023,1
conv_output_queue,28,7,287649,287650,1
conv_output_queue,28,8,288282,288283,1
conv_output_queue,28,9,288909,288910,1
conv_output_queue,28,10,289536,289537,1
conv_output_queue,28,11,290163,290164,1
conv_output_queue,28,12,290796,290797,1
conv_output_queue,28,13,291423,291424,1
conv_output_queue,28,14,292050,292051,1
conv_output_queue,28,15,292677,292678,1
conv_output_queue,29,0,293310,293311,1
conv_output_queue,29,1,293937,293938,1
conv_output_queue,29,2,294564,294565,1
conv_output_queue,29,3,295191,295192,1
conv_output_queue,29,4,295824,295825,1
conv_output_queue,29,5,296451,296452,1
conv_output_queue,29,6,297078,297079,1
conv_output_queue,29,7,297705,297706,1
conv_output_queue,29,8,298338,298339,1
conv_output_queue,29,9,298965,298966,1
conv_output_queue,29,10,299592,299593,1
conv_output_queue,29,11,300219,300220,1
conv_output_queue,29,12,300852,300853,1
conv_output_queue,29,13,301479,301480,1
conv_output_queue,29,14,302106,302107,1
conv_output_queue,29,15,302733,302734,1
conv_output_queue,30,0,303366,303367,1
conv_output_queue,30,1,303993,303994,1
conv_output_queue,30,2,304620,304621,1
conv_output_queue,30,3,305247,305248,1
conv_output_queue,30,4,305880,305881,1
conv_output_queue,30,5,306507,306508,1
conv_output_queue,30,6,307134,307135,1
conv_output_queue,30,7,307761,307762,1
conv_output_queue,30,8,308394,308395,1
conv_output_queue,30,9,309021,309022,1
conv_output_queue,30,10,309648,309649,1
conv_output_queue,30,11,310275,310276,1
conv_output_queue,30,12,310908,310909,1
conv_output_queue,30,13,311535,311536,1
conv_output_queue,30,14,312162,312163,1
conv_output_queue,30,15,312789,312790,1
conv_output_queue,31,0,313422,313423,1
conv_output_queue,31,1,314049,314050,1
conv_output_queue,31,2,314676,314677,1
conv_output_queue,31,3,315303,315304,1
conv_output_queue,31,4,315936,315937,1
conv_output_queue,31,5,316563,316564,1
conv_output_queue,31,6,317190,317191,1
conv_output_queue,31,7,317817,317818,1
conv_output_queue,31,8,318450,318451,1
conv_output_queue,31,9,319077,319078,1
conv_output_queue,31,10,319704,319705,1
conv_output_queue,31,11,320331,320332,1
conv_output_queue,31,12,320964,320965,1
conv_output_queue,31,13,321591,321592,1
conv_output_queue,31,14,322218,322219,1
conv_output_queue,31,15,322845,322846,1
conv_output_queue,32,0,323478,323479,1
conv_output_queue,32,1,324105,324106,1
conv_output_queue,32,2,324732,324733,1
conv_output_queue,32,3,325359,325360,1
conv_output_queue,32,4,325992,325993,1
conv_output_queue,32,5,326619,326620,1
conv_output_queue,32,6,327246,327247,1
conv_output_queue,32,7,327873,327874,1
conv_output_queue,32,8,328506,328507,1
conv_output_queue,32,9,329133,329134,1
conv_output_queue,32,10,329760,329761,1
conv_output_queue,32,11,330387,330388,1
conv_output_queue,32,12,331020,331021,1
conv_output_queue,32,13,331647,331648,1
conv_output_queue,32,14,332274,332275,1
conv_output_queue,32,15,332901,332902,1
conv_output_queue,33,0,333534,333535,1
conv_output_queue,33,1,334161,334162,1
conv_output_queue,33,2,334788,334789,1
conv_output_queue,33,3,335415,335416,1
conv_output_queue,33,4,336048,336049,1
conv_output_queue,33,5,336675,336676,1
conv_output_queue,33,6,337302,337303,1
conv_output_queue,33,7,337929,337930,1
conv_output_queue,33,8,338562,338563,1
conv_output_queue,33,9,339189,339190,1
conv_output_queue,33,10,339816,339817,1
conv_output_queue,33,11,340443,340444,1
conv_output_queue,33,12,341076,341077,1
conv_output_queue,33,13,341703,341704,1
conv_output_queue,33,14,342330,342331,1
conv_output_queue,33,15,342957,342958,1
conv_output_queue,34,0,343590,343591,1
conv_output_queue,34,1,344217,344218,1
conv_output_queue,34,2,344844,344845,1
conv_output_queue,34,3,345471,345472,1
conv_output_queue,34,4,346104,346105,1
conv_output_queue,34,5,346731,346732,1
conv_output_queue,34,6,347358,347359,1
conv_output_queue,34,7,347985,347986,1
conv_output_queue,34,8,348618,348619,1
conv_output_queue,34,9,349245,349246,1
conv_output_queue,34,10,349872,349873,1
conv_output_queue,34,11,350499,350500,1
conv_output_queue,34,12,351132,351133,1
conv_output_queue,34,13,351759,351760,1
conv_output_queue,34,14,352386,352387,1
conv_output_queue,34,15,353013,353014,1
conv_output_queue,35,0,353646,353647,1
conv_output_queue,35,1,354273,354274,1
conv_output_queue,35,2,354900,354901,1
conv_output_queue,35,3,355527,355528,1
conv_output_queue,35,4,356160,356161,1
conv_output_queue,35,5,356787,356788,1
conv_output_queue,35,6,357414,357415,1
conv_output_queue,35,7,358041,358042,1
conv_output_queue,35,8,358674,358675,1
conv_output_queue,35,9,359301,359302,1
conv_output_queue,35,10,359928,359929,1
conv_output_queue,35,11,360555,360556,1
conv_output_queue,35,12,361188,361189,1
conv_output_queue,35,13,361815,361816,1
conv_output_queue,35,14,362442,362443,1
conv_output_queue,35,15,363069,363070,1
conv_output_queue,36,0,363702,363703,1
conv_output_queue,36,1,364329,364330,1
conv_output_queue,36,2,364956,364957,1
conv_output_queue,36,3,365583,365584,1
conv_output_queue,36,4,366216,366217,1
conv_output_queue,36,5,366843,366844,1
conv_output_queue,36,6,367470,367471,1
conv_output_queue,36,7,368097,368098,1
conv_output_queue,36,8,368730,368731,1
conv_output_queue,36,9,369357,369358,1
conv_output_queue,36,10,369984,369985,1
conv_output_queue,36,11,370611,370612,1
conv_output_queue,36,12,371244,371245,1
conv_output_queue,36,13,371871,371872,1
conv_output_queue,36,14,372498,372499,1
conv_output_queue,36,15,373125,373126,1
conv_output_queue,37,0,373758,373759,1
conv_output_queue,37,1,374385,374386,1
conv_output_queue,37,2,375012,375013,1
conv_output_queue,37,3,375639,375640,1
conv_output_queue,37,4,376272,376273,1
conv_output_queue,37,5,376899,376900,1
conv_output_queue,37,6,377526,377527,1
conv_output_queue,37,7,378153,378154,1
conv_output_queue,37,8,378786,378787,1
conv_output_queue,37,9,379413,379414,1
conv_output_queue,37,10,380040,380041,1
conv_output_queue,37,11,380667,380668,1
conv_output_queue,37,12,381300,381301,1
conv_output_queue,37,13,381927,381928,1
conv_output_queue,37,14,382554,382555,1
conv_output_queue,37,15,383181,383182,1
conv_output_queue,38,0,383814,383815,1
conv_output_queue,38,1,384441,384442,1
conv_output_queue,38,2,385068,385069,1
conv_output_queue,38,3,385695,385696,1
conv_output_queue,38,4,386328,386329,1
conv_output_queue,38,5,386955,386956,1
conv_output_queue,38,6,387582,387583,1
conv_output_queue,38,7,388209,388210,1
conv_output_queue,38,8,388842,388843,1
conv_output_queue,38,9,389469,389470,1
conv_output_queue,38,10,390096,390097,1
conv_output_queue,38,11,390723,390724,1
conv_output_queue,38,12,391356,391357,1
conv_output_queue,38,13,391983,391984,1
conv_output_queue,38,14,392610,392611,1
conv_output_queue,38,15,393237,393238,1
conv_output_queue,39,0,393870,393871,1
conv_output_queue,39,1,394497,394498,1
conv_output_queue,39,2,395124,395125,1
conv_output_queue,39,3,395751,395752,1
conv_output_queue,39,4,396384,396385,1
conv_output_queue,39,5,397011,397012,1
conv_output_queue,39,6,397638,397639,1
conv_output_queue,39,7,398265,398266,1
conv_output_queue,39,8,398898,398899,1
conv_output_queue,39,9,399525,399526,1
conv_output_queue,39,10,400152,400153,1
conv_output_queue,39,11,400779,400780,1
conv_output_queue,39,12,401412,401413,1
conv_output_queue,39,13,402039,402040,1
conv_output_queue,39,14,402666,402667,1
conv_output_queue,39,15,403293,403294,1
conv_output_queue,40,0,403926,403927,1
conv_output_queue,40,1,404553,404554,1
conv_output_queue,40,2,405180,405181,1
conv_output_queue,40,3,405807,405808,1
conv_output_queue,40,4,406440,406441,1
conv_output_queue,40,5,407067,407068,1
conv_output_queue,40,6,407694,407695,1
conv_output_queue,40,7,408321,408322,1
conv_output_queue,40,8,408954,408955,1
conv_output_queue,40,9,409581,409582,1
conv_output_queue,40,10,410208,410209,1
conv_output_queue,40,11,410835,410836,1
conv_output_queue,40,12,411468,411469,1
conv_output_queue,40,13,412095,412096,1
conv_output_queue,40,14,412722,412723,1
conv_output_queue,40,15,413349,413350,1
conv_output_queue,41,0,413982,413983,1
conv_output_queue,41,1,414609,414610,1
conv_output_queue,41,2,415236,415237,1
conv_output_queue,41,3,415863,415864,1
conv_output_queue,41,4,416496,416497,1
conv_output_queue,41,5,417123,417124,1
conv_output_queue,41,6,417750,417751,1
conv_output_queue,41,7,418377,418378,1
conv_output_queue,41,8,419010,419011,1
conv_output_queue,41,9,419637,419638,1
conv_output_queue,41,10,420264,420265,1
conv_output_queue,41,11,420891,420892,1
conv_output_queue,41,12,421524,421525,1
conv_output_queue,41,13,422151,422152,1
conv_output_queue,41,14,422778,422779,1
conv_output_queue,41,15,423405,423406,1
conv_output_queue,42,0,424038,424039,1
conv_output_queue,42,1,424665,424666,1
conv_output_queue,42,2,425292,425293,1
conv_output_queue,42,3,425919,425920,1
conv_output_queue,42,4,426552,426553,1
conv_output_queue,42,5,427179,427180,1
conv_output_queue,42,6,427806,427807,1
conv_output_queue,42,7,428433,428434,1
conv_output_queue,42,8,429066,429067,1
conv_output_queue,42,9,429693,429694,1
conv_output_queue,42,10,430320,430321,1
conv_output_queue,42,11,430947,430948,1
conv_output_queue,42,12,431580,431581,1
conv_output_queue,42,13,432207,432208,1
conv_output_queue,42,14,432834,432835,1
conv_output_queue,42,15,433461,433462,1
conv_output_queue,43,0,434094,434095,1
conv_output_queue,43,1,434721,434722,1
conv_output_queue,43,2,435348,435349,1
conv_output_queue,43,3,435975,435976,1
conv_output_queue,43,4,436608,436609,1
conv_output_queue,43,5,437235,437236,1
conv_output_queue,43,6,437862,437863,1
conv_output_queue,43,7,438489,438490,1
conv_output_queue,43,8,439122,439123,1
conv_output_queue,43,9,439749,439750,1
conv_output_queue,43,10,440376,440377,1
conv_output_queue,43,11,441003,441004,1
conv_output_queue,43,12,441636,441637,1
conv_output_queue,43,13,442263,442264,1
conv_output_queue,43,14,442890,442891,1
conv_output_queue,43,15,443517,443518,1
conv_output_queue,44,0,444150,444151,1
conv_output_queue,44,1,444777,444778,1
conv_output_queue,44,2,445404,445405,1
conv_output_queue,44,3,446031,446032,1
conv_output_queue,44,4,446664,446665,1
conv_output_queue,44,5,447291,447292,1
conv_output_queue,44,6,447918,447919,1
conv_output_queue,44,7,448545,448546,1
conv_output_queue,44,8,449178,449179,1
conv_output_queue,44,9,449805,449806,1
conv_output_queue,44,10,450432,450433,1
conv_output_queue,44,11,451059,451060,1
conv_output_queue,44,12,451692,451693,1
conv_output_queue,44,13,452319,452320,1
conv_output_queue,44,14,452946,452947,1
conv_output_queue,44,15,453573,453574,1
conv_output_queue,45,0,454206,454207,1
conv_output_queue,45,1,454833,454834,1
conv_output_queue,45,2,455460,455461,1
conv_output_queue,45,3,456087,456088,1
conv_output_queue,45,4,456720,456721,1
conv_output_queue,45,5,457347,457348,1
conv_output_queue,45,6,457974,457975,1
conv_output_queue,45,7,458601,458602,1
conv_output_queue,45,8,459234,459235,1
conv_output_queue,45,9,459861,459862,1
conv_output_queue,45,10,460488,460489,1
conv_output_queue,45,11,461115,461116,1
conv_output_queue,45,12,461748,461749,1
conv_output_queue,45,13,462375,462376,1
conv_output_queue,45,14,463002,463003,1
conv_output_queue,45,15,463629,463630,1
conv_output_queue,46,0,464262,464263,1
conv_output_queue,46,1,464889,464890,1
conv_output_queue,46,2,465516,465517,1
conv_output_queue,46,3,466143,466144,1
conv_output_queue,46,4,466776,466777,1
conv_output_queue,46,5,467403,467404,1
conv_output_queue,46,6,468030,468031,1
conv_output_queue,46,7,468657,468658,1
conv_output_queue,46,8,469290,469291,1
conv_output_queue,46,9,469917,469918,1
conv_output_queue,46,10,470544,470545,1
conv_output_queue,46,11,471171,471172,1
conv_output_queue,46,12,471804,471805,1
conv_output_queue,46,13,472431,472432,1
conv_output_queue,46,14,473058,473059,1
conv_output_queue,46,15,473685,473686,1
conv_output_queue,47,0,474318,474319,1
conv_output_queue,47,1,474945,474946,1
conv_output_queue,47,2,475572,475573,1
conv_output_queue,47,3,476199,476200,1
conv_output_queue,47,4,476832,476833,1
conv_output_queue,47,5,477459,477460,1
conv_output_queue,47,6,478086,478087,1
conv_output_queue,47,7,478713,478714,1
conv_output_queue,47,8,479346,479347,1
conv_output_queue,47,9,479973,479974,1
conv_output_queue,47,10,480600,480601,1
conv_output_queue,47,11,481227,481228,1
conv_output_queue,47,12,481860,481861,1
conv_output_queue,47,13,482487,482488,1
conv_output_queue,47,14,483114,483115,1
conv_output_queue,47,15,483741,483742,1
conv_output_queue,48,0,484374,484375,1
conv_output_queue,48,1,485001,485002,1
conv_output_queue,48,2,485628,485629,1
conv_output_queue,48,3,486255,486256,1
conv_output_queue,48,4,486888,486889,1
conv_output_queue,48,5,487515,487516,1
conv_output_queue,48,6,488142,488143,1
conv_output_queue,48,7,488769,488770,1
conv_output_queue,48,8,489402,489403,1
conv_output_queue,48,9,490029,490030,1
conv_output_queue,48,10,490656,490657,1
conv_output_queue,48,11,491283,491284,1
conv_output_queue,48,12,491916,491917,1
conv_output_queue,48,13,492543,492544,1
conv_output_queue,48,14,493170,493171,1
conv_output_queue,48,15,493797,493798,1
conv_output_queue,49,0,494430,494431,1
conv_output_queue,49,1,495057,495058,1
conv_output_queue,49,2,495684,495685,1
conv_output_queue,49,3,496311,496312,1
conv_output_queue,49,4,496944,496945,1
conv_output_queue,49,5,497571,497572,1
conv_output_queue,49,6,498198,498199,1
conv_output_queue,49,7,498825,498826,1
conv_output_queue,49,8,499458,499459,1
conv_output_queue,49,9,500085,500086,1
conv_output_queue,49,10,500712,500713,1
conv_output_queue,49,11,501339,501340,1
conv_output_queue,49,12,501972,501973,1
conv_output_queue,49,13,502599,502600,1
conv_output_queue,49,14,503226,503227,1
conv_output_queue,49,15,503853,503854,1
conv_output_queue,50,0,504486,504487,1
conv_output_queue,50,1,505113,505114,1
conv_output_queue,50,2,505740,505741,1
conv_output_queue,50,3,506367,506368,1
conv_output_queue,50,4,507000,507001,1
conv_output_queue,50,5,507627,507628,1
conv_output_queue,50,6,508254,508255,1
conv_output_queue,50,7,508881,508882,1
conv_output_queue,50,8,509514,509515,1
conv_output_queue,50,9,510141,510142,1
conv_output_queue,50,10,510768,510769,1
conv_output_queue,50,11,511395,511396,1
conv_output_queue,50,12,512028,512029,1
conv_output_queue,50,13,512655,512656,1
conv_output_queue,50,14,513282,513283,1
conv_output_queue,50,15,513909,513910,1
conv_output_queue,51,0,514542,514543,1
conv_output_queue,51,1,515169,515170,1
conv_output_queue,51,2,515796,515797,1
conv_output_queue,51,3,516423,516424,1
conv_output_queue,51,4,517056,517057,1
conv_output_queue,51,5,517683,517684,1
conv_output_queue,51,6,518310,518311,1
conv_output_queue,51,7,518937,518938,1
conv_output_queue,51,8,519570,519571,1
conv_output_queue,51,9,520197,520198,1
conv_output_queue,51,10,520824,520825,1
conv_output_queue,51,11,521451,521452,1
conv_output_queue,51,12,522084,522085,1
conv_output_queue,51,13,522711,522712,1
conv_output_queue,51,14,523338,523339,1
conv_output_queue,51,15,523965,523966,1
conv_output_queue,52,0,524598,524599,1
conv_output_queue,52,1,525225,525226,1
conv_output_queue,52,2,525852,525853,1
conv_output_queue,52,3,526479,526480,1
conv_output_queue,52,4,527112,527113,1
conv_output_queue,52,5,527739,527740,1
conv_output_queue,52,6,528366,528367,1
conv_output_queue,52,7,528993,528994,1
conv_output_queue,52,8,529626,529627,1
conv_output_queue,52,9,530253,530254,1
conv_output_queue,52,10,530880,530881,1
conv_output_queue,52,11,531507,531508,1
conv_output_queue,52,12,532140,532141,1
conv_output_queue,52,13,532767,532768,1
conv_output_queue,52,14,533394,533395,1
conv_output_queue,52,15,534021,534022,1
conv_output_queue,53,0,534654,534655,1
conv_output_queue,53,1,535281,535282,1
conv_output_queue,53,2,535908,535909,1
conv_output_queue,53,3,536535,536536,1
conv_output_queue,53,4,537168,537169,1
conv_output_queue,53,5,537795,537796,1
conv_output_queue,53,6,538422,538423,1
conv_output_queue,53,7,539049,539050,1
conv_output_queue,53,8,539682,539683,1
conv_output_queue,53,9,540309,540310,1
conv_output_queue,53,10,540936,540937,1
conv_output_queue,53,11,541563,541564,1
conv_output_queue,53,12,542196,542197,1
conv_output_queue,53,13,542823,542824,1
conv_output_queue,53,14,543450,543451,1
conv_output_queue,53,15,544077,544078,1
conv_output_queue,54,0,544710,544711,1
conv_output_queue,54,1,545337,545338,1
conv_output_queue,54,2,545964,545965,1
conv_output_queue,54,3,546591,546592,1
conv_output_queue,54,4,547224,547225,1
conv_output_queue,54,5,547851,547852,1
conv_output_queue,54,6,548478,548479,1
conv_output_queue,54,7,549105,549106,1
conv_output_queue,54,8,549738,549739,1
conv_output_queue,54,9,550365,550366,1
conv_output_queue,54,10,550992,550993,1
conv_output_queue,54,11,551619,551620,1
conv_output_queue,54,12,552252,552253,1
conv_output_queue,54,13,552879,552880,1
conv_output_queue,54,14,553506,553507,1
conv_output_queue,54,15,554133,554134,1
conv_output_queue,55,0,554766,554767,1
conv_output_queue,55,1,555393,555394,1
conv_output_queue,55,2,556020,556021,1
conv_output_queue,55,3,556647,556648,1
conv_output_queue,55,4,557280,557281,1
conv_output_queue,55,5,557907,557908,1
conv_output_queue,55,6,558534,558535,1
conv_output_queue,55,7,559161,559162,1
conv_output_queue,55,8,559794,559795,1
conv_output_queue,55,9,560421,560422,1
conv_output_queue,55,10,561048,561049,1
conv_output_queue,55,11,561675,561676,1
conv_output_queue,55,12,562308,562309,1
conv_output_queue,55,13,562935,562936,1
conv_output_queue,55,14,563562,563563,1
conv_output_queue,55,15,564189,564190,1
conv_output_queue,56,0,564822,564823,1
conv_output_queue,56,1,565449,565450,1
conv_output_queue,56,2,566076,566077,1
conv_output_queue,56,3,566703,566704,1
conv_output_queue,56,4,567336,567337,1
conv_output_queue,56,5,567963,567964,1
conv_output_queue,56,6,568590,568591,1
conv_output_queue,56,7,569217,569218,1
conv_output_queue,56,8,569850,569851,1
conv_output_queue,56,9,570477,570478,1
conv_output_queue,56,10,571104,571105,1
conv_output_queue,56,11,571731,571732,1
conv_output_queue,56,12,572364,572365,1
conv_output_queue,56,13,572991,572992,1
conv_output_queue,56,14,573618,573619,1
conv_output_queue,56,15,574245,574246,1
conv_output_queue,57,0,574878,574879,1
conv_output_queue,57,1,575505,575506,1
conv_output_queue,57,2,576132,576133,1
conv_output_queue,57,3,576759,576760,1
conv_output_queue,57,4,577392,577393,1
conv_output_queue,57,5,578019,578020,1
conv_output_queue,57,6,578646,578647,1
conv_output_queue,57,7,579273,579274,1
conv_output_queue,57,8,579906,579907,1
conv_output_queue,57,9,580533,580534,1
conv_output_queue,57,10,581160,581161,1
conv_output_queue,57,11,581787,581788,1
conv_output_queue,57,12,582420,582421,1
conv_output_queue,57,13,583047,583048,1
conv_output_queue,57,14,583674,583675,1
conv_output_queue,57,15,584301,584302,1
conv_output_queue,58,0,584934,584935,1
conv_output_queue,58,1,585561,585562,1
conv_output_queue,58,2,586188,586189,1
conv_output_queue,58,3,586815,586816,1
conv_output_queue,58,4,587448,587449,1
conv_output_queue,58,5,588075,588076,1
conv_output_queue,58,6,588702,588703,1
conv_output_queue,58,7,589329,589330,1
conv_output_queue,58,8,589962,589963,1
conv_output_queue,58,9,590589,590590,1
conv_output_queue,58,10,591216,591217,1
conv_output_queue,58,11,591843,591844,1
conv_output_queue,58,12,592476,592477,1
conv_output_queue,58,13,593103,593104,1
conv_output_queue,58,14,593730,593731,1
conv_output_queue,58,15,594357,594358,1
conv_output_queue,59,0,594990,594991,1
conv_output_queue,59,1,595617,595618,1
conv_output_queue,59,2,596244,596245,1
conv_output_queue,59,3,596871,596872,1
conv_output_queue,59,4,597504,597505,1
conv_output_queue,59,5,598131,598132,1
conv_output_queue,59,6,598758,598759,1
conv_output_queue,59,7,599385,599386,1
conv_output_queue,59,8,600018,600019,1
conv_output_queue,59,9,600645,600646,1
conv_output_queue,59,10,601272,601273,1
conv_output_queue,59,11,601899,601900,1
conv_output_queue,59,12,602532,602533,1
conv_output_queue,59,13,603159,603160,1
conv_output_queue,59,14,603786,603787,1
conv_output_queue,59,15,604413,604414,1
conv_output_queue,60,0,605046,605047,1
conv_output_queue,60,1,605673,605674,1
conv_output_queue,60,2,606300,606301,1
conv_output_queue,60,3,606927,606928,1
conv_output_queue,60,4,607560,607561,1
conv_output_queue,60,5,608187,608188,1
conv_output_queue,60,6,608814,608815,1
conv_output_queue,60,7,609441,609442,1
conv_output_queue,60,8,610074,610075,1
conv_output_queue,60,9,610701,610702,1
conv_output_queue,60,10,611328,611329,1
conv_output_queue,60,11,611955,611956,1
conv_output_queue,60,12,612588,612589,1
conv_output_queue,60,13,613215,613216,1
conv_output_queue,60,14,613842,613843,1
conv_output_queue,60,15,614469,614470,1
conv_output_queue,61,0,615102,615103,1
conv_output_queue,61,1,615729,615730,1
conv_output_queue,61,2,616356,616357,1
conv_output_queue,61,3,616983,616984,1
conv_output_queue,61,4,617616,617617,1
conv_output_queue,61,5,618243,618244,1
conv_output_queue,61,6,618870,618871,1
conv_output_queue,61,7,619497,619498,1
conv_output_queue,61,8,620130,620131,1
conv_output_queue,61,9,620757,620758,1
conv_output_queue,61,10,621384,621385,1
conv_output_queue,61,11,622011,622012,1
conv_output_queue,61,12,622644,622645,1
conv_output_queue,61,13,623271,623272,1
conv_output_queue,61,14,623898,623899,1
conv_output_queue,61,15,624525,624526,1
conv_output_queue,62,0,625158,625159,1
conv_output_queue,62,1,625785,625786,1
conv_output_queue,62,2,626412,626413,1
conv_output_queue,62,3,627039,627040,1
conv_output_queue,62,4,627672,627673,1
conv_output_queue,62,5,628299,628300,1
conv_output_queue,62,6,628926,628927,1
conv_output_queue,62,7,629553,629554,1
conv_output_queue,62,8,630186,630187,1
conv_output_queue,62,9,630813,630814,1
conv_output_queue,62,10,631440,631441,1
conv_output_queue,62,11,632067,632068,1
conv_output_queue,62,12,632700,632701,1
conv_output_queue,62,13,633327,633328,1
conv_output_queue,62,14,633954,633955,1
conv_output_queue,62,15,634581,634582,1
conv_output_queue,63,0,635214,635215,1
conv_output_queue,63,1,635841,635842,1
conv_output_queue,63,2,636468,636469,1
conv_output_queue,63,3,637095,637096,1
conv_output_queue,63,4,637728,637729,1
conv_output_queue,63,5,638355,638356,1
conv_output_queue,63,6,638982,638983,1
conv_output_queue,63,7,639609,639610,1
conv_output_queue,63,8,640242,640243,1
conv_output_queue,63,9,640869,640870,1
conv_output_queue,63,10,641496,641497,1
conv_output_queue,63,11,642123,642124,1
conv_output_queue,63,12,642756,642757,1
conv_output_queue,63,13,643383,643384,1
conv_output_queue,63,14,644010,644011,1
conv_output_queue,63,15,644637,644638,1
state_projection,0,0,1687,2139,452
state_projection,0,1,2314,2766,452
state_projection,0,2,2941,3393,452
state_projection,0,3,3568,4020,452
state_projection,0,4,4201,4653,452
state_projection,0,5,4828,5280,452
state_projection,0,6,5455,5907,452
state_projection,0,7,6082,6534,452
state_projection,0,8,6715,7167,452
state_projection,0,9,7342,7794,452
state_projection,0,10,7969,8421,452
state_projection,0,11,8596,9048,452
state_projection,0,12,9229,9681,452
state_projection,0,13,9856,10308,452
state_projection,0,14,10483,10935,452
state_projection,0,15,11110,11562,452
state_projection,1,0,11743,12195,452
state_projection,1,1,12370,12822,452
state_projection,1,2,12997,13449,452
state_projection,1,3,13624,14076,452
state_projection,1,4,14257,14709,452
state_projection,1,5,14884,15336,452
state_projection,1,6,15511,15963,452
state_projection,1,7,16138,16590,452
state_projection,1,8,16771,17223,452
state_projection,1,9,17398,17850,452
state_projection,1,10,18025,18477,452
state_projection,1,11,18652,19104,452
state_projection,1,12,19285,19737,452
state_projection,1,13,19912,20364,452
state_projection,1,14,20539,20991,452
state_projection,1,15,21166,21618,452
state_projection,2,0,21799,22251,452
state_projection,2,1,22426,22878,452
state_projection,2,2,23053,23505,452
state_projection,2,3,23680,24132,452
state_projection,2,4,24313,24765,452
state_projection,2,5,24940,25392,452
state_projection,2,6,25567,26019,452
state_projection,2,7,26194,26646,452
state_projection,2,8,26827,27279,452
state_projection,2,9,27454,27906,452
state_projection,2,10,28081,28533,452
state_projection,2,11,28708,29160,452
state_projection,2,12,29341,29793,452
state_projection,2,13,29968,30420,452
state_projection,2,14,30595,31047,452
state_projection,2,15,31222,31674,452
state_projection,3,0,31855,32307,452
state_projection,3,1,32482,32934,452
state_projection,3,2,33109,33561,452
state_projection,3,3,33736,34188,452
state_projection,3,4,34369,34821,452
state_projection,3,5,34996,35448,452
state_projection,3,6,35623,36075,452
state_projection,3,7,36250,36702,452
state_projection,3,8,36883,37335,452
state_projection,3,9,37510,37962,452
state_projection,3,10,38137,38589,452
state_projection,3,11,38764,39216,452
state_projection,3,12,39397,39849,452
state_projection,3,13,40024,40476,452
state_projection,3,14,40651,41103,452
state_projection,3,15,41278,41730,452
state_projection,4,0,41911,42363,452
state_projection,4,1,42538,42990,452
state_projection,4,2,43165,43617,452
state_projection,4,3,43792,44244,452
state_projection,4,4,44425,44877,452
state_projection,4,5,45052,45504,452
state_projection,4,6,45679,46131,452
state_projection,4,7,46306,46758,452
state_projection,4,8,46939,47391,452
state_projection,4,9,47566,48018,452
state_projection,4,10,48193,48645,452
state_projection,4,11,48820,49272,452
state_projection,4,12,49453,49905,452
state_projection,4,13,50080,50532,452
state_projection,4,14,50707,51159,452
state_projection,4,15,51334,51786,452
state_projection,5,0,51967,52419,452
state_projection,5,1,52594,53046,452
state_projection,5,2,53221,53673,452
state_projection,5,3,53848,54300,452
state_projection,5,4,54481,54933,452
state_projection,5,5,55108,55560,452
state_projection,5,6,55735,56187,452
state_projection,5,7,56362,56814,452
state_projection,5,8,56995,57447,452
state_projection,5,9,57622,58074,452
state_projection,5,10,58249,58701,452
state_projection,5,11,58876,59328,452
state_projection,5,12,59509,59961,452
state_projection,5,13,60136,60588,452
state_projection,5,14,60763,61215,452
state_projection,5,15,61390,61842,452
state_projection,6,0,62023,62475,452
state_projection,6,1,62650,63102,452
state_projection,6,2,63277,63729,452
state_projection,6,3,63904,64356,452
state_projection,6,4,64537,64989,452
state_projection,6,5,65164,65616,452
state_projection,6,6,65791,66243,452
state_projection,6,7,66418,66870,452
state_projection,6,8,67051,67503,452
state_projection,6,9,67678,68130,452
state_projection,6,10,68305,68757,452
state_projection,6,11,68932,69384,452
state_projection,6,12,69565,70017,452
state_projection,6,13,70192,70644,452
state_projection,6,14,70819,71271,452
state_projection,6,15,71446,71898,452
state_projection,7,0,72079,72531,452
state_projection,7,1,72706,73158,452
state_projection,7,2,73333,73785,452
state_projection,7,3,73960,74412,452
state_projection,7,4,74593,75045,452
state_projection,7,5,75220,75672,452
state_projection,7,6,75847,76299,452
state_projection,7,7,76474,76926,452
state_projection,7,8,77107,77559,452
state_projection,7,9,77734,78186,452
state_projection,7,10,78361,78813,452
state_projection,7,11,78988,79440,452
state_projection,7,12,79621,80073,452
state_projection,7,13,80248,80700,452
state_projection,7,14,80875,81327,452
state_projection,7,15,81502,81954,452
state_projection,8,0,82135,82587,452
state_projection,8,1,82762,83214,452
state_projection,8,2,83389,83841,452
state_projection,8,3,84016,84468,452
state_projection,8,4,84649,85101,452
state_projection,8,5,85276,85728,452
state_projection,8,6,85903,86355,452
state_projection,8,7,86530,86982,452
state_projection,8,8,87163,87615,452
state_projection,8,9,87790,88242,452
state_projection,8,10,88417,88869,452
state_projection,8,11,89044,89496,452
state_projection,8,12,89677,90129,452
state_projection,8,13,90304,90756,452
state_projection,8,14,90931,91383,452
state_projection,8,15,91558,92010,452
state_projection,9,0,92191,92643,452
state_projection,9,1,92818,93270,452
state_projection,9,2,93445,93897,452
state_projection,9,3,94072,94524,452
state_projection,9,4,94705,95157,452
state_projection,9,5,95332,95784,452
state_projection,9,6,95959,96411,452
state_projection,9,7,96586,97038,452
state_projection,9,8,97219,97671,452
state_projection,9,9,97846,98298,452
state_projection,9,10,98473,98925,452
state_projection,9,11,99100,99552,452
state_projection,9,12,99733,100185,452
state_projection,9,13,100360,100812,452
state_projection,9,14,100987,101439,452
state_projection,9,15,101614,102066,452
state_projection,10,0,102247,102699,452
state_projection,10,1,102874,103326,452
state_projection,10,2,103501,103953,452
state_projection,10,3,104128,104580,452
state_projection,10,4,104761,105213,452
state_projection,10,5,105388,105840,452
state_projection,10,6,106015,106467,452
state_projection,10,7,106642,107094,452
state_projection,10,8,107275,107727,452
state_projection,10,9,107902,108354,452
state_projection,10,10,108529,108981,452
state_projection,10,11,109156,109608,452
state_projection,10,12,109789,110241,452
state_projection,10,13,110416,110868,452
state_projection,10,14,111043,111495,452
state_projection,10,15,111670,112122,452
state_projection,11,0,112303,112755,452
state_projection,11,1,112930,113382,452
state_projection,11,2,113557,114009,452
state_projection,11,3,114184,114636,452
state_projection,11,4,114817,115269,452
state_projection,11,5,115444,115896,452
state_projection,11,6,116071,116523,452
state_projection,11,7,116698,117150,452
state_projection,11,8,117331,117783,452
state_projection,11,9,117958,118410,452
state_projection,11,10,118585,119037,452
state_projection,11,11,119212,119664,452
state_projection,11,12,119845,120297,452
state_projection,11,13,120472,120924,452
state_projection,11,14,121099,121551,452
state_projection,11,15,121726,122178,452
state_projection,12,0,122359,122811,452
state_projection,12,1,122986,123438,452
state_projection,12,2,123613,124065,452
state_projection,12,3,124240,124692,452
state_projection,12,4,124873,125325,452
state_projection,12,5,125500,125952,452
state_projection,12,6,126127,126579,452
state_projection,12,7,126754,127206,452
state_projection,12,8,127387,127839,452
state_projection,12,9,128014,128466,452
state_projection,12,10,128641,129093,452
state_projection,12,11,129268,129720,452
state_projection,12,12,129901,130353,452
state_projection,12,13,130528,130980,452
state_projection,12,14,131155,131607,452
state_projection,12,15,131782,132234,452
state_projection,13,0,132415,132867,452
state_projection,13,1,133042,133494,452
state_projection,13,2,133669,134121,452
state_projection,13,3,134296,134748,452
state_projection,13,4,134929,135381,452
state_projection,13,5,135556,136008,452
state_projection,13,6,136183,136635,452
state_projection,13,7,136810,137262,452
state_projection,13,8,137443,137895,452
state_projection,13,9,138070,138522,452
state_projection,13,10,138697,139149,452
state_projection,13,11,139324,139776,452
state_projection,13,12,139957,140409,452
state_projection,13,13,140584,141036,452
state_projection,13,14,141211,141663,452
state_projection,13,15,141838,142290,452
state_projection,14,0,142471,142923,452
state_projection,14,1,143098,143550,452
state_projection,14,2,143725,144177,452
state_projection,14,3,144352,144804,452
state_projection,14,4,144985,145437,452
state_projection,14,5,145612,146064,452
state_projection,14,6,146239,146691,452
state_projection,14,7,146866,147318,452
state_projection,14,8,147499,147951,452
state_projection,14,9,148126,148578,452
state_projection,14,10,148753,149205,452
state_projection,14,11,149380,149832,452
state_projection,14,12,150013,150465,452
state_projection,14,13,150640,151092,452
state_projection,14,14,151267,151719,452
state_projection,14,15,151894,152346,452
state_projection,15,0,152527,152979,452
state_projection,15,1,153154,153606,452
state_projection,15,2,153781,154233,452
state_projection,15,3,154408,154860,452
state_projection,15,4,155041,155493,452
state_projection,15,5,155668,156120,452
state_projection,15,6,156295,156747,452
state_projection,15,7,156922,157374,452
state_projection,15,8,157555,158007,452
state_projection,15,9,158182,158634,452
state_projection,15,10,158809,159261,452
state_projection,15,11,159436,159888,452
state_projection,15,12,160069,160521,452
state_projection,15,13,160696,161148,452
state_projection,15,14,161323,161775,452
state_projection,15,15,161950,162402,452
state_projection,16,0,162583,163035,452
state_projection,16,1,163210,163662,452
state_projection,16,2,163837,164289,452
state_projection,16,3,164464,164916,452
state_projection,16,4,165097,165549,452
state_projection,16,5,165724,166176,452
state_projection,16,6,166351,166803,452
state_projection,16,7,166978,167430,452
state_projection,16,8,167611,168063,452
state_projection,16,9,168238,168690,452
state_projection,16,10,168865,169317,452
state_projection,16,11,169492,169944,452
state_projection,16,12,170125,170577,452
state_projection,16,13,170752,171204,452
state_projection,16,14,171379,171831,452
state_projection,16,15,172006,172458,452
state_projection,17,0,172639,173091,452
state_projection,17,1,173266,173718,452
state_projection,17,2,173893,174345,452
state_projection,17,3,174520,174972,452
state_projection,17,4,175153,175605,452
state_projection,17,5,175780,176232,452
state_projection,17,6,176407,176859,452
state_projection,17,7,177034,177486,452
state_projection,17,8,177667,178119,452
state_projection,17,9,178294,178746,452
state_projection,17,10,178921,179373,452
state_projection,17,11,179548,180000,452
state_projection,17,12,180181,180633,452
state_projection,17,13,180808,181260,452
state_projection,17,14,181435,181887,452
state_projection,17,15,182062,182514,452
state_projection,18,0,182695,183147,452
state_projection,18,1,183322,183774,452
state_projection,18,2,183949,184401,452
state_projection,18,3,184576,185028,452
state_projection,18,4,185209,185661,452
state_projection,18,5,185836,186288,452
state_projection,18,6,186463,186915,452
state_projection,18,7,187090,187542,452
state_projection,18,8,187723,188175,452
state_projection,18,9,188350,188802,452
state_projection,18,10,188977,189429,452
state_projection,18,11,189604,190056,452
state_projection,18,12,190237,190689,452
state_projection,18,13,190864,191316,452
state_projection,18,14,191491,191943,452
state_projection,18,15,192118,192570,452
state_projection,19,0,192751,193203,452
state_projection,19,1,193378,193830,452
state_projection,19,2,194005,194457,452
state_projection,19,3,194632,195084,452
state_projection,19,4,195265,195717,452
state_projection,19,5,195892,196344,452
state_projection,19,6,196519,196971,452
state_projection,19,7,197146,197598,452
state_projection,19,8,197779,198231,452
state_projection,19,9,198406,198858,452
state_projection,19,10,199033,199485,452
state_projection,19,11,199660,200112,452
state_projection,19,12,200293,200745,452
state_projection,19,13,200920,201372,452
state_projection,19,14,201547,201999,452
state_projection,19,15,202174,202626,452
state_projection,20,0,202807,203259,452
state_projection,20,1,203434,203886,452
state_projection,20,2,204061,204513,452
state_projection,20,3,204688,205140,452
state_projection,20,4,205321,205773,452
state_projection,20,5,205948,206400,452
state_projection,20,6,206575,207027,452
state_projection,20,7,207202,207654,452
state_projection,20,8,207835,208287,452
state_projection,20,9,208462,208914,452
state_projection,20,10,209089,209541,452
state_projection,20,11,209716,210168,452
state_projection,20,12,210349,210801,452
state_projection,20,13,210976,211428,452
state_projection,20,14,211603,212055,452
state_projection,20,15,212230,212682,452
state_projection,21,0,212863,213315,452
state_projection,21,1,213490,213942,452
state_projection,21,2,214117,214569,452
state_projection,21,3,214744,215196,452
state_projection,21,4,215377,215829,452
state_projection,21,5,216004,216456,452
state_projection,21,6,216631,217083,452
state_projection,21,7,217258,217710,452
state_projection,21,8,217891,218343,452
state_projection,21,9,218518,218970,452
state_projection,21,10,219145,219597,452
state_projection,21,11,219772,220224,452
state_projection,21,12,220405,220857,452
state_projection,21,13,221032,221484,452
state_projection,21,14,221659,222111,452
state_projection,21,15,222286,222738,452
state_projection,22,0,222919,223371,452
state_projection,22,1,223546,223998,452
state_projection,22,2,224173,224625,452
state_projection,22,3,224800,225252,452
state_projection,22,4,225433,225885,452
state_projection,22,5,226060,226512,452
state_projection,22,6,226687,227139,452
state_projection,22,7,227314,227766,452
state_projection,22,8,227947,228399,452
state_projection,22,9,228574,229026,452
state_projection,22,10,229201,229653,452
state_projection,22,11,229828,230280,452
state_projection,22,12,230461,230913,452
state_projection,22,13,231088,231540,452
state_projection,22,14,231715,232167,452
state_projection,22,15,232342,232794,452
state_projection,23,0,232975,233427,452
state_projection,23,1,233602,234054,452
state_projection,23,2,234229,234681,452
state_projection,23,3,234856,235308,452
state_projection,23,4,235489,235941,452
state_projection,23,5,236116,236568,452
state_projection,23,6,236743,237195,452
state_projection,23,7,237370,237822,452
state_projection,23,8,238003,238455,452
state_projection,23,9,238630,239082,452
state_projection,23,10,239257,239709,452
state_projection,23,11,239884,240336,452
state_projection,23,12,240517,240969,452
state_projection,23,13,241144,241596,452
state_projection,23,14,241771,242223,452
state_projection,23,15,242398,242850,452
state_projection,24,0,243031,243483,452
state_projection,24,1,243658,244110,452
state_projection,24,2,244285,244737,452
state_projection,24,3,244912,245364,452
state_projection,24,4,245545,245997,452
state_projection,24,5,246172,246624,452
state_projection,24,6,246799,247251,452
state_projection,24,7,247426,247878,452
state_projection,24,8,248059,248511,452
state_projection,24,9,248686,249138,452
state_projection,24,10,249313,249765,452
state_projection,24,11,249940,250392,452
state_projection,24,12,250573,251025,452
state_projection,24,13,251200,251652,452
state_projection,24,14,251827,252279,452
state_projection,24,15,252454,252906,452
state_projection,25,0,253087,253539,452
state_projection,25,1,253714,254166,452
state_projection,25,2,254341,254793,452
state_projection,25,3,254968,255420,452
state_projection,25,4,255601,256053,452
state_projection,25,5,256228,256680,452
state_projection,25,6,256855,257307,452
state_projection,25,7,257482,257934,452
state_projection,25,8,258115,258567,452
state_projection,25,9,258742,259194,452
state_projection,25,10,259369,259821,452
state_projection,25,11,259996,260448,452
state_projection,25,12,260629,261081,452
state_projection,25,13,261256,261708,452
state_projection,25,14,261883,262335,452
state_projection,25,15,262510,262962,452
state_projection,26,0,263143,263595,452
state_projection,26,1,263770,264222,452
state_projection,26,2,264397,264849,452
state_projection,26,3,265024,265476,452
state_projection,26,4,265657,266109,452
state_projection,26,5,266284,266736,452
state_projection,26,6,266911,267363,452
state_projection,26,7,267538,267990,452
state_projection,26,8,268171,268623,452
state_projection,26,9,268798,269250,452
state_projection,26,10,269425,269877,452
state_projection,26,11,270052,270504,452
state_projection,26,12,270685,271137,452
state_projection,26,13,271312,271764,452
state_projection,26,14,271939,272391,452
state_projection,26,15,272566,273018,452
state_projection,27,0,273199,273651,452
state_projection,27,1,273826,274278,452
state_projection,27,2,274453,274905,452
state_projection,27,3,275080,275532,452
state_projection,27,4,275713,276165,452
state_projection,27,5,276340,276792,452
state_projection,27,6,276967,277419,452
state_projection,27,7,277594,278046,452
state_projection,27,8,278227,278679,452
state_projection,27,9,278854,279306,452
state_projection,27,10,279481,279933,452
state_projection,27,11,280108,280560,452
state_projection,27,12,280741,281193,452
state_projection,27,13,281368,281820,452
state_projection,27,14,281995,282447,452
state_projection,27,15,282622,283074,452
state_projection,28,0,283255,283707,452
state_projection,28,1,283882,284334,452
state_projection,28,2,284509,284961,452
state_projection,28,3,285136,285588,452
state_projection,28,4,285769,286221,452
state_projection,28,5,286396,286848,452
state_projection,28,6,287023,287475,452
state_projection,28,7,287650,288102,452
state_projection,28,8,288283,288735,452
state_projection,28,9,288910,289362,452
state_projection,28,10,289537,289989,452
state_projection,28,11,290164,290616,452
state_projection,28,12,290797,291249,452
state_projection,28,13,291424,291876,452
state_projection,28,14,292051,292503,452
state_projection,28,15,292678,293130,452
state_projection,29,0,293311,293763,452
state_projection,29,1,293938,294390,452
state_projection,29,2,294565,295017,452
state_projection,29,3,295192,295644,452
state_projection,29,4,295825,296277,452
state_projection,29,5,296452,296904,452
state_projection,29,6,297079,297531,452
state_projection,29,7,297706,298158,452
state_projection,29,8,298339,298791,452
state_projection,29,9,298966,299418,452
state_projection,29,10,299593,300045,452
state_projection,29,11,300220,300672,452
state_projection,29,12,300853,301305,452
state_projection,29,13,301480,301932,452
state_projection,29,14,302107,302559,452
state_projection,29,15,302734,303186,452
state_projection,30,0,303367,303819,452
state_projection,30,1,303994,304446,452
state_projection,30,2,304621,305073,452
state_projection,30,3,305248,305700,452
state_projection,30,4,305881,306333,452
state_projection,30,5,306508,306960,452
state_projection,30,6,307135,307587,452
state_projection,30,7,307762,308214,452
state_projection,30,8,308395,308847,452
state_projection,30,9,309022,309474,452
state_projection,30,10,309649,310101,452
state_projection,30,11,310276,310728,452
state_projection,30,12,310909,311361,452
state_projection,30,13,311536,311988,452
state_projection,30,14,312163,312615,452
state_projection,30,15,312790,313242,452
state_projection,31,0,313423,313875,452
state_projection,31,1,314050,314502,452
state_projection,31,2,314677,315129,452
state_projection,31,3,315304,315756,452
state_projection,31,4,315937,316389,452
state_projection,31,5,316564,317016,452
state_projection,31,6,317191,317643,452
state_projection,31,7,317818,318270,452
state_projection,31,8,318451,318903,452
state_projection,31,9,319078,319530,452
state_projection,31,10,319705,320157,452
state_projection,31,11,320332,320784,452
state_projection,31,12,320965,321417,452
state_projection,31,13,321592,322044,452
state_projection,31,14,322219,322671,452
state_projection,31,15,322846,323298,452
state_projection,32,0,323479,323931,452
state_projection,32,1,324106,324558,452
state_projection,32,2,324733,325185,452
state_projection,32,3,325360,325812,452
state_projection,32,4,325993,326445,452
state_projection,32,5,326620,327072,452
state_projection,32,6,327247,327699,452
state_projection,32,7,327874,328326,452
state_projection,32,8,328507,328959,452
state_projection,32,9,329134,329586,452
state_projection,32,10,329761,330213,452
state_projection,32,11,330388,330840,452
state_projection,32,12,331021,331473,452
state_projection,32,13,331648,332100,452
state_projection,32,14,332275,332727,452
state_projection,32,15,332902,333354,452
state_projection,33,0,333535,333987,452
state_projection,33,1,334162,334614,452
state_projection,33,2,334789,335241,452
state_projection,33,3,335416,335868,452
state_projection,33,4,336049,336501,452
state_projection,33,5,336676,337128,452
state_projection,33,6,337303,337755,452
state_projection,33,7,337930,338382,452
state_projection,33,8,338563,339015,452
state_projection,33,9,339190,339642,452
state_projection,33,10,339817,340269,452
state_projection,33,11,340444,340896,452
state_projection,33,12,341077,341529,452
state_projection,33,13,341704,342156,452
state_projection,33,14,342331,342783,452
state_projection,33,15,342958,343410,452
state_projection,34,0,343591,344043,452
state_projection,34,1,344218,344670,452
state_projection,34,2,344845,345297,452
state_projection,34,3,345472,345924,452
state_projection,34,4,346105,346557,452
state_projection,34,5,346732,347184,452
state_projection,34,6,347359,347811,452
state_projection,34,7,347986,348438,452
state_projection,34,8,348619,349071,452
state_projection,34,9,349246,349698,452
state_projection,34,10,349873,350325,452
state_projection,34,11,350500,350952,452
state_projection,34,12,351133,351585,452
state_projection,34,13,351760,352212,452
state_projection,34,14,352387,352839,452
state_projection,34,15,353014,353466,452
state_projection,35,0,353647,354099,452
state_projection,35,1,354274,354726,452
state_projection,35,2,354901,355353,452
state_projection,35,3,355528,355980,452
state_projection,35,4,356161,356613,452
state_projection,35,5,356788,357240,452
state_projection,35,6,357415,357867,452
state_projection,35,7,358042,358494,452
state_projection,35,8,358675,359127,452
state_projection,35,9,359302,359754,452
state_projection,35,10,359929,360381,452
state_projection,35,11,360556,361008,452
state_projection,35,12,361189,361641,452
state_projection,35,13,361816,362268,452
state_projection,35,14,362443,362895,452
state_projection,35,15,363070,363522,452
state_projection,36,0,363703,364155,452
state_projection,36,1,364330,364782,452
state_projection,36,2,364957,365409,452
state_projection,36,3,365584,366036,452
state_projection,36,4,366217,366669,452
state_projection,36,5,366844,367296,452
state_projection,36,6,367471,367923,452
state_projection,36,7,368098,368550,452
state_projection,36,8,368731,369183,452
state_projection,36,9,369358,369810,452
state_projection,36,10,369985,370437,452
state_projection,36,11,370612,371064,452
state_projection,36,12,371245,371697,452
state_projection,36,13,371872,372324,452
state_projection,36,14,372499,372951,452
state_projection,36,15,373126,373578,452
state_projection,37,0,373759,374211,452
state_projection,37,1,374386,374838,452
state_projection,37,2,375013,375465,452
state_projection,37,3,375640,376092,452
state_projection,37,4,376273,376725,452
state_projection,37,5,376900,377352,452
state_projection,37,6,377527,377979,452
state_projection,37,7,378154,378606,452
state_projection,37,8,378787,379239,452
state_projection,37,9,379414,379866,452
state_projection,37,10,380041,380493,452
state_projection,37,11,380668,381120,452
state_projection,37,12,381301,381753,452
state_projection,37,13,381928,382380,452
state_projection,37,14,382555,383007,452
state_projection,37,15,383182,383634,452
state_projection,38,0,383815,384267,452
state_projection,38,1,384442,384894,452
state_projection,38,2,385069,385521,452
state_projection,38,3,385696,386148,452
state_projection,38,4,386329,386781,452
state_projection,38,5,386956,387408,452
state_projection,38,6,387583,388035,452
state_projection,38,7,388210,388662,452
state_projection,38,8,388843,389295,452
state_projection,38,9,389470,389922,452
state_projection,38,10,390097,390549,452
state_projection,38,11,390724,391176,452
state_projection,38,12,391357,391809,452
state_projection,38,13,391984,392436,452
state_projection,38,14,392611,393063,452
state_projection,38,15,393238,393690,452
state_projection,39,0,393871,394323,452
state_projection,39,1,394498,394950,452
state_projection,39,2,395125,395577,452
state_projection,39,3,395752,396204,452
state_projection,39,4,396385,396837,452
state_projection,39,5,397012,397464,452
state_projection,39,6,397639,398091,452
state_projection,39,7,398266,398718,452
state_projection,39,8,398899,399351,452
state_projection,39,9,399526,399978,452
state_projection,39,10,400153,400605,452
state_projection,39,11,400780,401232,452
state_projection,39,12,401413,401865,452
state_projection,39,13,402040,402492,452
state_projection,39,14,402667,403119,452
state_projection,39,15,403294,403746,452
state_projection,40,0,403927,404379,452
state_projection,40,1,404554,405006,452
state_projection,40,2,405181,405633,452
state_projection,40,3,405808,406260,452
state_projection,40,4,406441,406893,452
state_projection,40,5,407068,407520,452
state_projection,40,6,407695,408147,452
state_projection,40,7,408322,408774,452
state_projection,40,8,408955,409407,452
state_projection,40,9,409582,410034,452
state_projection,40,10,410209,410661,452
state_projection,40,11,410836,411288,452
state_projection,40,12,411469,411921,452
state_projection,40,13,412096,412548,452
state_projection,40,14,412723,413175,452
state_projection,40,15,413350,413802,452
state_projection,41,0,413983,414435,452
state_projection,41,1,414610,415062,452
state_projection,41,2,415237,415689,452
state_projection,41,3,415864,416316,452
state_projection,41,4,416497,416949,452
state_projection,41,5,417124,417576,452
state_projection,41,6,417751,418203,452
state_projection,41,7,418378,418830,452
state_projection,41,8,419011,419463,452
state_projection,41,9,419638,420090,452
state_projection,41,10,420265,420717,452
state_projection,41,11,420892,421344,452
state_projection,41,12,421525,421977,452
state_projection,41,13,422152,422604,452
state_projection,41,14,422779,423231,452
state_projection,41,15,423406,423858,452
state_projection,42,0,424039,424491,452
state_projection,42,1,424666,425118,452
state_projection,42,2,425293,425745,452
state_projection,42,3,425920,426372,452
state_projection,42,4,426553,427005,452
state_projection,42,5,427180,427632,452
state_projection,42,6,427807,428259,452
state_projection,42,7,428434,428886,452
state_projection,42,8,429067,429519,452
state_projection,42,9,429694,430146,452
state_projection,42,10,430321,430773,452
state_projection,42,11,430948,431400,452
state_projection,42,12,431581,432033,452
state_projection,42,13,432208,432660,452
state_projection,42,14,432835,433287,452
state_projection,42,15,433462,433914,452
state_projection,43,0,434095,434547,452
state_projection,43,1,434722,435174,452
state_projection,43,2,435349,435801,452
state_projection,43,3,435976,436428,452
state_projection,43,4,436609,437061,452
state_projection,43,5,437236,437688,452
state_projection,43,6,437863,438315,452
state_projection,43,7,438490,438942,452
state_projection,43,8,439123,439575,452
state_projection,43,9,439750,440202,452
state_projection,43,10,440377,440829,452
state_projection,43,11,441004,441456,452
state_projection,43,12,441637,442089,452
state_projection,43,13,442264,442716,452
state_projection,43,14,442891,443343,452
state_projection,43,15,443518,443970,452
state_projection,44,0,444151,444603,452
state_projection,44,1,444778,445230,452
state_projection,44,2,445405,445857,452
state_projection,44,3,446032,446484,452
state_projection,44,4,446665,447117,452
state_projection,44,5,447292,447744,452
state_projection,44,6,447919,448371,452
state_projection,44,7,448546,448998,452
state_projection,44,8,449179,449631,452
state_projection,44,9,449806,450258,452
state_projection,44,10,450433,450885,452
state_projection,44,11,451060,451512,452
state_projection,44,12,451693,452145,452
state_projection,44,13,452320,452772,452
state_projection,44,14,452947,453399,452
state_projection,44,15,453574,454026,452
state_projection,45,0,454207,454659,452
state_projection,45,1,454834,455286,452
state_projection,45,2,455461,455913,452
state_projection,45,3,456088,456540,452
state_projection,45,4,456721,457173,452
state_projection,45,5,457348,457800,452
state_projection,45,6,457975,458427,452
state_projection,45,7,458602,459054,452
state_projection,45,8,459235,459687,452
state_projection,45,9,459862,460314,452
state_projection,45,10,460489,460941,452
state_projection,45,11,461116,461568,452
state_projection,45,12,461749,462201,452
state_projection,45,13,462376,462828,452
state_projection,45,14,463003,463455,452
state_projection,45,15,463630,464082,452
state_projection,46,0,464263,464715,452
state_projection,46,1,464890,465342,452
state_projection,46,2,465517,465969,452
state_projection,46,3,466144,466596,452
state_projection,46,4,466777,467229,452
state_projection,46,5,467404,467856,452
state_projection,46,6,468031,468483,452
state_projection,46,7,468658,469110,452
state_projection,46,8,469291,469743,452
state_projection,46,9,469918,470370,452
state_projection,46,10,470545,470997,452
state_projection,46,11,471172,471624,452
state_projection,46,12,471805,472257,452
state_projection,46,13,472432,472884,452
state_projection,46,14,473059,473511,452
state_projection,46,15,473686,474138,452
state_projection,47,0,474319,474771,452
state_projection,47,1,474946,475398,452
state_projection,47,2,475573,476025,452
state_projection,47,3,476200,476652,452
state_projection,47,4,476833,477285,452
state_projection,47,5,477460,477912,452
state_projection,47,6,478087,478539,452
state_projection,47,7,478714,479166,452
state_projection,47,8,479347,479799,452
state_projection,47,9,479974,480426,452
state_projection,47,10,480601,481053,452
state_projection,47,11,481228,481680,452
state_projection,47,12,481861,482313,452
state_projection,47,13,482488,482940,452
state_projection,47,14,483115,483567,452
state_projection,47,15,483742,484194,452
state_projection,48,0,484375,484827,452
state_projection,48,1,485002,485454,452
state_projection,48,2,485629,486081,452
state_projection,48,3,486256,486708,452
state_projection,48,4,486889,487341,452
state_projection,48,5,487516,487968,452
state_projection,48,6,488143,488595,452
state_projection,48,7,488770,489222,452
state_projection,48,8,489403,489855,452
state_projection,48,9,490030,490482,452
state_projection,48,10,490657,491109,452
state_projection,48,11,491284,491736,452
state_projection,48,12,491917,492369,452
state_projection,48,13,492544,492996,452
state_projection,48,14,493171,493623,452
state_projection,48,15,493798,494250,452
state_projection,49,0,494431,494883,452
state_projection,49,1,495058,495510,452
state_projection,49,2,495685,496137,452
state_projection,49,3,496312,496764,452
state_projection,49,4,496945,497397,452
state_projection,49,5,497572,498024,452
state_projection,49,6,498199,498651,452
state_projection,49,7,498826,499278,452
state_projection,49,8,499459,499911,452
state_projection,49,9,500086,500538,452
state_projection,49,10,500713,501165,452
state_projection,49,11,501340,501792,452
state_projection,49,12,501973,502425,452
state_projection,49,13,502600,503052,452
state_projection,49,14,503227,503679,452
state_projection,49,15,503854,504306,452
state_projection,50,0,504487,504939,452
state_projection,50,1,505114,505566,452
state_projection,50,2,505741,506193,452
state_projection,50,3,506368,506820,452
state_projection,50,4,507001,507453,452
state_projection,50,5,507628,508080,452
state_projection,50,6,508255,508707,452
state_projection,50,7,508882,509334,452
state_projection,50,8,509515,509967,452
state_projection,50,9,510142,510594,452
state_projection,50,10,510769,511221,452
state_projection,50,11,511396,511848,452
state_projection,50,12,512029,512481,452
state_projection,50,13,512656,513108,452
state_projection,50,14,513283,513735,452
state_projection,50,15,513910,514362,452
state_projection,51,0,514543,514995,452
state_projection,51,1,515170,515622,452
state_projection,51,2,515797,516249,452
state_projection,51,3,516424,516876,452
state_projection,51,4,517057,517509,452
state_projection,51,5,517684,518136,452
state_projection,51,6,518311,518763,452
state_projection,51,7,518938,519390,452
state_projection,51,8,519571,520023,452
state_projection,51,9,520198,520650,452
state_projection,51,10,520825,521277,452
state_projection,51,11,521452,521904,452
state_projection,51,12,522085,522537,452
state_projection,51,13,522712,523164,452
state_projection,51,14,523339,523791,452
state_projection,51,15,523966,524418,452
state_projection,52,0,524599,525051,452
state_projection,52,1,525226,525678,452
state_projection,52,2,525853,526305,452
state_projection,52,3,526480,526932,452
state_projection,52,4,527113,527565,452
state_projection,52,5,527740,528192,452
state_projection,52,6,528367,528819,452
state_projection,52,7,528994,529446,452
state_projection,52,8,529627,530079,452
state_projection,52,9,530254,530706,452
state_projection,52,10,530881,531333,452
state_projection,52,11,531508,531960,452
state_projection,52,12,532141,532593,452
state_projection,52,13,532768,533220,452
state_projection,52,14,533395,533847,452
state_projection,52,15,534022,534474,452
state_projection,53,0,534655,535107,452
state_projection,53,1,535282,535734,452
state_projection,53,2,535909,536361,452
state_projection,53,3,536536,536988,452
state_projection,53,4,537169,537621,452
state_projection,53,5,537796,538248,452
state_projection,53,6,538423,538875,452
state_projection,53,7,539050,539502,452
state_projection,53,8,539683,540135,452
state_projection,53,9,540310,540762,452
state_projection,53,10,540937,541389,452
state_projection,53,11,541564,542016,452
state_projection,53,12,542197,542649,452
state_projection,53,13,542824,543276,452
state_projection,53,14,543451,543903,452
state_projection,53,15,544078,544530,452
state_projection,54,0,544711,545163,452
state_projection,54,1,545338,545790,452
state_projection,54,2,545965,546417,452
state_projection,54,3,546592,547044,452
state_projection,54,4,547225,547677,452
state_projection,54,5,547852,548304,452
state_projection,54,6,548479,548931,452
state_projection,54,7,549106,549558,452
state_projection,54,8,549739,550191,452
state_projection,54,9,550366,550818,452
state_projection,54,10,550993,551445,452
state_projection,54,11,551620,552072,452
state_projection,54,12,552253,552705,452
state_projection,54,13,552880,553332,452
state_projection,54,14,553507,553959,452
state_projection,54,15,554134,554586,452
state_projection,55,0,554767,555219,452
state_projection,55,1,555394,555846,452
state_projection,55,2,556021,556473,452
state_projection,55,3,556648,557100,452
state_projection,55,4,557281,557733,452
state_projection,55,5,557908,558360,452
state_projection,55,6,558535,558987,452
state_projection,55,7,559162,559614,452
state_projection,55,8,559795,560247,452
state_projection,55,9,560422,560874,452
state_projection,55,10,561049,561501,452
state_projection,55,11,561676,562128,452
state_projection,55,12,562309,562761,452
state_projection,55,13,562936,563388,452
state_projection,55,14,563563,564015,452
state_projection,55,15,564190,564642,452
state_projection,56,0,564823,565275,452
state_projection,56,1,565450,565902,452
state_projection,56,2,566077,566529,452
state_projection,56,3,566704,567156,452
state_projection,56,4,567337,567789,452
state_projection,56,5,567964,568416,452
state_projection,56,6,568591,569043,452
state_projection,56,7,569218,569670,452
state_projection,56,8,569851,570303,452
state_projection,56,9,570478,570930,452
state_projection,56,10,571105,571557,452
state_projection,56,11,571732,572184,452
state_projection,56,12,572365,572817,452
state_projection,56,13,572992,573444,452
state_projection,56,14,573619,574071,452
state_projection,56,15,574246,574698,452
state_projection,57,0,574879,575331,452
state_projection,57,1,575506,575958,452
state_projection,57,2,576133,576585,452
state_projection,57,3,576760,577212,452
state_projection,57,4,577393,577845,452
state_projection,57,5,578020,578472,452
state_projection,57,6,578647,579099,452
state_projection,57,7,579274,579726,452
state_projection,57,8,579907,580359,452
state_projection,57,9,580534,580986,452
state_projection,57,10,581161,581613,452
state_projection,57,11,581788,582240,452
state_projection,57,12,582421,582873,452
state_projection,57,13,583048,583500,452
state_projection,57,14,583675,584127,452
state_projection,57,15,584302,584754,452
state_projection,58,0,584935,585387,452
state_projection,58,1,585562,586014,452
state_projection,58,2,586189,586641,452
state_projection,58,3,586816,587268,452
state_projection,58,4,587449,587901,452
state_projection,58,5,588076,588528,452
state_projection,58,6,588703,589155,452
state_projection,58,7,589330,589782,452
state_projection,58,8,589963,590415,452
state_projection,58,9,590590,591042,452
state_projection,58,10,591217,591669,452
state_projection,58,11,591844,592296,452
state_projection,58,12,592477,592929,452
state_projection,58,13,593104,593556,452
state_projection,58,14,593731,594183,452
state_projection,58,15,594358,594810,452
state_projection,59,0,594991,595443,452
state_projection,59,1,595618,596070,452
state_projection,59,2,596245,596697,452
state_projection,59,3,596872,597324,452
state_projection,59,4,597505,597957,452
state_projection,59,5,598132,598584,452
state_projection,59,6,598759,599211,452
state_projection,59,7,599386,599838,452
state_projection,59,8,600019,600471,452
state_projection,59,9,600646,601098,452
state_projection,59,10,601273,601725,452
state_projection,59,11,601900,602352,452
state_projection,59,12,602533,602985,452
state_projection,59,13,603160,603612,452
state_projection,59,14,603787,604239,452
state_projection,59,15,604414,604866,452
state_projection,60,0,605047,605499,452
state_projection,60,1,605674,606126,452
state_projection,60,2,606301,606753,452
state_projection,60,3,606928,607380,452
state_projection,60,4,607561,608013,452
state_projection,60,5,608188,608640,452
state_projection,60,6,608815,609267,452
state_projection,60,7,609442,609894,452
state_projection,60,8,610075,610527,452
state_projection,60,9,610702,611154,452
state_projection,60,10,611329,611781,452
state_projection,60,11,611956,612408,452
state_projection,60,12,612589,613041,452
state_projection,60,13,613216,613668,452
state_projection,60,14,613843,614295,452
state_projection,60,15,614470,614922,452
state_projection,61,0,615103,615555,452
state_projection,61,1,615730,616182,452
state_projection,61,2,616357,616809,452
state_projection,61,3,616984,617436,452
state_projection,61,4,617617,618069,452
state_projection,61,5,618244,618696,452
state_projection,61,6,618871,619323,452
state_projection,61,7,619498,619950,452
state_projection,61,8,620131,620583,452
state_projection,61,9,620758,621210,452
state_projection,61,10,621385,621837,452
state_projection,61,11,622012,622464,452
state_projection,61,12,622645,623097,452
state_projection,61,13,623272,623724,452
state_projection,61,14,623899,624351,452
state_projection,61,15,624526,624978,452
state_projection,62,0,625159,625611,452
state_projection,62,1,625786,626238,452
state_projection,62,2,626413,626865,452
state_projection,62,3,627040,627492,452
state_projection,62,4,627673,628125,452
state_projection,62,5,628300,628752,452
state_projection,62,6,628927,629379,452
state_projection,62,7,629554,630006,452
state_projection,62,8,630187,630639,452
state_projection,62,9,630814,631266,452
state_projection,62,10,631441,631893,452
state_projection,62,11,632068,632520,452
state_projection,62,12,632701,633153,452
state_projection,62,13,633328,633780,452
state_projection,62,14,633955,634407,452
state_projection,62,15,634582,635034,452
state_projection,63,0,635215,635667,452
state_projection,63,1,635842,636294,452
state_projection,63,2,636469,636921,452
state_projection,63,3,637096,637548,452
state_projection,63,4,637729,638181,452
state_projection,63,5,638356,638808,452
state_projection,63,6,638983,639435,452
state_projection,63,7,639610,640062,452
state_projection,63,8,640243,640695,452
state_projection,63,9,640870,641322,452
state_projection,63,10,641497,641949,452
state_projection,63,11,642124,642576,452
state_projection,63,12,642757,643209,452
state_projection,63,13,643384,643836,452
state_projection,63,14,644011,644463,452
state_projection,63,15,644638,645090,452
delta_projection,0,0,2139,2276,137
delta_projection,0,1,2766,2903,137
delta_projection,0,2,3393,3530,137
delta_projection,0,3,4020,4157,137
delta_projection,0,4,4653,4790,137
delta_projection,0,5,5280,5417,137
delta_projection,0,6,5907,6044,137
delta_projection,0,7,6534,6671,137
delta_projection,0,8,7167,7304,137
delta_projection,0,9,7794,7931,137
delta_projection,0,10,8421,8558,137
delta_projection,0,11,9048,9185,137
delta_projection,0,12,9681,9818,137
delta_projection,0,13,10308,10445,137
delta_projection,0,14,10935,11072,137
delta_projection,0,15,11562,11699,137
delta_projection,1,0,12195,12332,137
delta_projection,1,1,12822,12959,137
delta_projection,1,2,13449,13586,137
delta_projection,1,3,14076,14213,137
delta_projection,1,4,14709,14846,137
delta_projection,1,5,15336,15473,137
delta_projection,1,6,15963,16100,137
delta_projection,1,7,16590,16727,137
delta_projection,1,8,17223,17360,137
delta_projection,1,9,17850,17987,137
delta_projection,1,10,18477,18614,137
delta_projection,1,11,19104,19241,137
delta_projection,1,12,19737,19874,137
delta_projection,1,13,20364,20501,137
delta_projection,1,14,20991,21128,137
delta_projection,1,15,21618,21755,137
delta_projection,2,0,22251,22388,137
delta_projection,2,1,22878,23015,137
delta_projection,2,2,23505,23642,137
delta_projection,2,3,24132,24269,137
delta_projection,2,4,24765,24902,137
delta_projection,2,5,25392,25529,137
delta_projection,2,6,26019,26156,137
delta_projection,2,7,26646,26783,137
delta_projection,2,8,27279,27416,137
delta_projection,2,9,27906,28043,137
delta_projection,2,10,28533,28670,137
delta_projection,2,11,29160,29297,137
delta_projection,2,12,29793,29930,137
delta_projection,2,13,30420,30557,137
delta_projection,2,14,31047,31184,137
delta_projection,2,15,31674,31811,137
delta_projection,3,0,32307,32444,137
delta_projection,3,1,32934,33071,137
delta_projection,3,2,33561,33698,137
delta_projection,3,3,34188,34325,137
delta_projection,3,4,34821,34958,137
delta_projection,3,5,35448,35585,137
delta_projection,3,6,36075,36212,137
delta_projection,3,7,36702,36839,137
delta_projection,3,8,37335,37472,137
delta_projection,3,9,37962,38099,137
delta_projection,3,10,38589,38726,137
delta_projection,3,11,39216,39353,137
delta_projection,3,12,39849,39986,137
delta_projection,3,13,40476,40613,137
delta_projection,3,14,41103,41240,137
delta_projection,3,15,41730,41867,137
delta_projection,4,0,42363,42500,137
delta_projection,4,1,42990,43127,137
delta_projection,4,2,43617,43754,137
delta_projection,4,3,44244,44381,137
delta_projection,4,4,44877,45014,137
delta_projection,4,5,45504,45641,137
delta_projection,4,6,46131,46268,137
delta_projection,4,7,46758,46895,137
delta_projection,4,8,47391,47528,137
delta_projection,4,9,48018,48155,137
delta_projection,4,10,48645,48782,137
delta_projection,4,11,49272,49409,137
delta_projection,4,12,49905,50042,137
delta_projection,4,13,50532,50669,137
delta_projection,4,14,51159,51296,137
delta_projection,4,15,51786,51923,137
delta_projection,5,0,52419,52556,137
delta_projection,5,1,53046,53183,137
delta_projection,5,2,53673,53810,137
delta_projection,5,3,54300,54437,137
delta_projection,5,4,54933,55070,137
delta_projection,5,5,55560,55697,137
delta_projection,5,6,56187,56324,137
delta_projection,5,7,56814,56951,137
delta_projection,5,8,57447,57584,137
delta_projection,5,9,58074,58211,137
delta_projection,5,10,58701,58838,137
delta_projection,5,11,59328,59465,137
delta_projection,5,12,59961,60098,137
delta_projection,5,13,60588,60725,137
delta_projection,5,14,61215,61352,137
delta_projection,5,15,61842,61979,137
delta_projection,6,0,62475,62612,137
delta_projection,6,1,63102,63239,137
delta_projection,6,2,63729,63866,137
delta_projection,6,3,64356,64493,137
delta_projection,6,4,64989,65126,137
delta_projection,6,5,65616,65753,137
delta_projection,6,6,66243,66380,137
delta_projection,6,7,66870,67007,137
delta_projection,6,8,67503,67640,137
delta_projection,6,9,68130,68267,137
delta_projection,6,10,68757,68894,137
delta_projection,6,11,69384,69521,137
delta_projection,6,12,70017,70154,137
delta_projection,6,13,70644,70781,137
delta_projection,6,14,71271,71408,137
delta_projection,6,15,71898,72035,137
delta_projection,7,0,72531,72668,137
delta_projection,7,1,73158,73295,137
delta_projection,7,2,73785,73922,137
delta_projection,7,3,74412,74549,137
delta_projection,7,4,75045,75182,137
delta_projection,7,5,75672,75809,137
delta_projection,7,6,76299,76436,137
delta_projection,7,7,76926,77063,137
delta_projection,7,8,77559,77696,137
delta_projection,7,9,78186,78323,137
delta_projection,7,10,78813,78950,137
delta_projection,7,11,79440,79577,137
delta_projection,7,12,80073,80210,137
delta_projection,7,13,80700,80837,137
delta_projection,7,14,81327,81464,137
delta_projection,7,15,81954,82091,137
delta_projection,8,0,82587,82724,137
delta_projection,8,1,83214,83351,137
delta_projection,8,2,83841,83978,137
delta_projection,8,3,84468,84605,137
delta_projection,8,4,85101,85238,137
delta_projection,8,5,85728,85865,137
delta_projection,8,6,86355,86492,137
delta_projection,8,7,86982,87119,137
delta_projection,8,8,87615,87752,137
delta_projection,8,9,88242,88379,137
delta_projection,8,10,88869,89006,137
delta_projection,8,11,89496,89633,137
delta_projection,8,12,90129,90266,137
delta_projection,8,13,90756,90893,137
delta_projection,8,14,91383,91520,137
delta_projection,8,15,92010,92147,137
delta_projection,9,0,92643,92780,137
delta_projection,9,1,93270,93407,137
delta_projection,9,2,93897,94034,137
delta_projection,9,3,94524,94661,137
delta_projection,9,4,95157,95294,137
delta_projection,9,5,95784,95921,137
delta_projection,9,6,96411,96548,137
delta_projection,9,7,97038,97175,137
delta_projection,9,8,97671,97808,137
delta_projection,9,9,98298,98435,137
delta_projection,9,10,98925,99062,137
delta_projection,9,11,99552,99689,137
delta_projection,9,12,100185,100322,137
delta_projection,9,13,100812,100949,137
delta_projection,9,14,101439,101576,137
delta_projection,9,15,102066,102203,137
delta_projection,10,0,102699,102836,137
delta_projection,10,1,103326,103463,137
delta_projection,10,2,103953,104090,137
delta_projection,10,3,104580,104717,137
delta_projection,10,4,105213,105350,137
delta_projection,10,5,105840,105977,137
delta_projection,10,6,106467,106604,137
delta_projection,10,7,107094,107231,137
delta_projection,10,8,107727,107864,137
delta_projection,10,9,108354,108491,137
delta_projection,10,10,108981,109118,137
delta_projection,10,11,109608,109745,137
delta_projection,10,12,110241,110378,137
delta_projection,10,13,110868,111005,137
delta_projection,10,14,111495,111632,137
delta_projection,10,15,112122,112259,137
delta_projection,11,0,112755,112892,137
delta_projection,11,1,113382,113519,137
delta_projection,11,2,114009,114146,137
delta_projection,11,3,114636,114773,137
delta_projection,11,4,115269,115406,137
delta_projection,11,5,115896,116033,137
delta_projection,11,6,116523,116660,137
delta_projection,11,7,117150,117287,137
delta_projection,11,8,117783,117920,137
delta_projection,11,9,118410,118547,137
delta_projection,11,10,119037,119174,137
delta_projection,11,11,119664,119801,137
delta_projection,11,12,120297,120434,137
delta_projection,11,13,120924,121061,137
delta_projection,11,14,121551,121688,137
delta_projection,11,15,122178,122315,137
delta_projection,12,0,122811,122948,137
delta_projection,12,1,123438,123575,137
delta_projection,12,2,124065,124202,137
delta_projection,12,3,124692,124829,137
delta_projection,12,4,125325,125462,137
delta_projection,12,5,125952,126089,137
delta_projection,12,6,126579,126716,137
delta_projection,12,7,127206,127343,137
delta_projection,12,8,127839,127976,137
delta_projection,12,9,128466,128603,137
delta_projection,12,10,129093,129230,137
delta_projection,12,11,129720,129857,137
delta_projection,12,12,130353,130490,137
delta_projection,12,13,130980,131117,137
delta_projection,12,14,131607,131744,137
delta_projection,12,15,132234,132371,137
delta_projection,13,0,132867,133004,137
delta_projection,13,1,133494,133631,137
delta_projection,13,2,134121,134258,137
delta_projection,13,3,134748,134885,137
delta_projection,13,4,135381,135518,137
delta_projection,13,5,136008,136145,137
delta_projection,13,6,136635,136772,137
delta_projection,13,7,137262,137399,137
delta_projection,13,8,137895,138032,137
delta_projection,13,9,138522,138659,137
delta_projection,13,10,139149,139286,137
delta_projection,13,11,139776,139913,137
delta_projection,13,12,140409,140546,137
delta_projection,13,13,141036,141173,137
delta_projection,13,14,141663,141800,137
delta_projection,13,15,142290,142427,137
delta_projection,14,0,142923,143060,137
delta_projection,14,1,143550,143687,137
delta_projection,14,2,144177,144314,137
delta_projection,14,3,144804,144941,137
delta_projection,14,4,145437,145574,137
delta_projection,14,5,146064,146201,137
delta_projection,14,6,146691,146828,137
delta_projection,14,7,147318,147455,137
delta_projection,14,8,147951,148088,137
delta_projection,14,9,148578,148715,137
delta_projection,14,10,149205,149342,137
delta_projection,14,11,149832,149969,137
delta_projection,14,12,150465,150602,137
delta_projection,14,13,151092,151229,137
delta_projection,14,14,151719,151856,137
delta_projection,14,15,152346,152483,137
delta_projection,15,0,152979,153116,137
delta_projection,15,1,153606,153743,137
delta_projection,15,2,154233,154370,137
delta_projection,15,3,154860,154997,137
delta_projection,15,4,155493,155630,137
delta_projection,15,5,156120,156257,137
delta_projection,15,6,156747,156884,137
delta_projection,15,7,157374,157511,137
delta_projection,15,8,158007,158144,137
delta_projection,15,9,158634,158771,137
delta_projection,15,10,159261,159398,137
delta_projection,15,11,159888,160025,137
delta_projection,15,12,160521,160658,137
delta_projection,15,13,161148,161285,137
delta_projection,15,14,161775,161912,137
delta_projection,15,15,162402,162539,137
delta_projection,16,0,163035,163172,137
delta_projection,16,1,163662,163799,137
delta_projection,16,2,164289,164426,137
delta_projection,16,3,164916,165053,137
delta_projection,16,4,165549,165686,137
delta_projection,16,5,166176,166313,137
delta_projection,16,6,166803,166940,137
delta_projection,16,7,167430,167567,137
delta_projection,16,8,168063,168200,137
delta_projection,16,9,168690,168827,137
delta_projection,16,10,169317,169454,137
delta_projection,16,11,169944,170081,137
delta_projection,16,12,170577,170714,137
delta_projection,16,13,171204,171341,137
delta_projection,16,14,171831,171968,137
delta_projection,16,15,172458,172595,137
delta_projection,17,0,173091,173228,137
delta_projection,17,1,173718,173855,137
delta_projection,17,2,174345,174482,137
delta_projection,17,3,174972,175109,137
delta_projection,17,4,175605,175742,137
delta_projection,17,5,176232,176369,137
delta_projection,17,6,176859,176996,137
delta_projection,17,7,177486,177623,137
delta_projection,17,8,178119,178256,137
delta_projection,17,9,178746,178883,137
delta_projection,17,10,179373,179510,137
delta_projection,17,11,180000,180137,137
delta_projection,17,12,180633,180770,137
delta_projection,17,13,181260,181397,137
delta_projection,17,14,181887,182024,137
delta_projection,17,15,182514,182651,137
delta_projection,18,0,183147,183284,137
delta_projection,18,1,183774,183911,137
delta_projection,18,2,184401,184538,137
delta_projection,18,3,185028,185165,137
delta_projection,18,4,185661,185798,137
delta_projection,18,5,186288,186425,137
delta_projection,18,6,186915,187052,137
delta_projection,18,7,187542,187679,137
delta_projection,18,8,188175,188312,137
delta_projection,18,9,188802,188939,137
delta_projection,18,10,189429,189566,137
delta_projection,18,11,190056,190193,137
delta_projection,18,12,190689,190826,137
delta_projection,18,13,191316,191453,137
delta_projection,18,14,191943,192080,137
delta_projection,18,15,192570,192707,137
delta_projection,19,0,193203,193340,137
delta_projection,19,1,193830,193967,137
delta_projection,19,2,194457,194594,137
delta_projection,19,3,195084,195221,137
delta_projection,19,4,195717,195854,137
delta_projection,19,5,196344,196481,137
delta_projection,19,6,196971,197108,137
delta_projection,19,7,197598,197735,137
delta_projection,19,8,198231,198368,137
delta_projection,19,9,198858,198995,137
delta_projection,19,10,199485,199622,137
delta_projection,19,11,200112,200249,137
delta_projection,19,12,200745,200882,137
delta_projection,19,13,201372,201509,137
delta_projection,19,14,201999,202136,137
delta_projection,19,15,202626,202763,137
delta_projection,20,0,203259,203396,137
delta_projection,20,1,203886,204023,137
delta_projection,20,2,204513,204650,137
delta_projection,20,3,205140,205277,137
delta_projection,20,4,205773,205910,137
delta_projection,20,5,206400,206537,137
delta_projection,20,6,207027,207164,137
delta_projection,20,7,207654,207791,137
delta_projection,20,8,208287,208424,137
delta_projection,20,9,208914,209051,137
delta_projection,20,10,209541,209678,137
delta_projection,20,11,210168,210305,137
delta_projection,20,12,210801,210938,137
delta_projection,20,13,211428,211565,137
delta_projection,20,14,212055,212192,137
delta_projection,20,15,212682,212819,137
delta_projection,21,0,213315,213452,137
delta_projection,21,1,213942,214079,137
delta_projection,21,2,214569,214706,137
delta_projection,21,3,215196,215333,137
delta_projection,21,4,215829,215966,137
delta_projection,21,5,216456,216593,137
delta_projection,21,6,217083,217220,137
delta_projection,21,7,217710,217847,137
delta_projection,21,8,218343,218480,137
delta_projection,21,9,218970,219107,137
delta_projection,21,10,219597,219734,137
delta_projection,21,11,220224,220361,137
delta_projection,21,12,220857,220994,137
delta_projection,21,13,221484,221621,137
delta_projection,21,14,222111,222248,137
delta_projection,21,15,222738,222875,137
delta_projection,22,0,223371,223508,137
delta_projection,22,1,223998,224135,137
delta_projection,22,2,224625,224762,137
delta_projection,22,3,225252,225389,137
delta_projection,22,4,225885,226022,137
delta_projection,22,5,226512,226649,137
delta_projection,22,6,227139,227276,137
delta_projection,22,7,227766,227903,137
delta_projection,22,8,228399,228536,137
delta_projection,22,9,229026,229163,137
delta_projection,22,10,229653,229790,137
delta_projection,22,11,230280,230417,137
delta_projection,22,12,230913,231050,137
delta_projection,22,13,231540,231677,137
delta_projection,22,14,232167,232304,137
delta_projection,22,15,232794,232931,137
delta_projection,23,0,233427,233564,137
delta_projection,23,1,234054,234191,137
delta_projection,23,2,234681,234818,137
delta_projection,23,3,235308,235445,137
delta_projection,23,4,235941,236078,137
delta_projection,23,5,236568,236705,137
delta_projection,23,6,237195,237332,137
delta_projection,23,7,237822,237959,137
delta_projection,23,8,238455,238592,137
delta_projection,23,9,239082,239219,137
delta_projection,23,10,239709,239846,137
delta_projection,23,11,240336,240473,137
delta_projection,23,12,240969,241106,137
delta_projection,23,13,241596,241733,137
delta_projection,23,14,242223,242360,137
delta_projection,23,15,242850,242987,137
delta_projection,24,0,243483,243620,137
delta_projection,24,1,244110,244247,137
delta_projection,24,2,244737,244874,137
delta_projection,24,3,245364,245501,137
delta_projection,24,4,245997,246134,137
delta_projection,24,5,246624,246761,137
delta_projection,24,6,247251,247388,137
delta_projection,24,7,247878,248015,137
delta_projection,24,8,248511,248648,137
delta_projection,24,9,249138,249275,137
delta_projection,24,10,249765,249902,137
delta_projection,24,11,250392,250529,137
delta_projection,24,12,251025,251162,137
delta_projection,24,13,251652,251789,137
delta_projection,24,14,252279,252416,137
delta_projection,24,15,252906,253043,137
delta_projection,25,0,253539,253676,137
delta_projection,25,1,254166,254303,137
delta_projection,25,2,254793,254930,137
delta_projection,25,3,255420,255557,137
delta_projection,25,4,256053,256190,137
delta_projection,25,5,256680,256817,137
delta_projection,25,6,257307,257444,137
delta_projection,25,7,257934,258071,137
delta_projection,25,8,258567,258704,137
delta_projection,25,9,259194,259331,137
delta_projection,25,10,259821,259958,137
delta_projection,25,11,260448,260585,137
delta_projection,25,12,261081,261218,137
delta_projection,25,13,261708,261845,137
delta_projection,25,14,262335,262472,137
delta_projection,25,15,262962,263099,137
delta_projection,26,0,263595,263732,137
delta_projection,26,1,264222,264359,137
delta_projection,26,2,264849,264986,137
delta_projection,26,3,265476,265613,137
delta_projection,26,4,266109,266246,137
delta_projection,26,5,266736,266873,137
delta_projection,26,6,267363,267500,137
delta_projection,26,7,267990,268127,137
delta_projection,26,8,268623,268760,137
delta_projection,26,9,269250,269387,137
delta_projection,26,10,269877,270014,137
delta_projection,26,11,270504,270641,137
delta_projection,26,12,271137,271274,137
delta_projection,26,13,271764,271901,137
delta_projection,26,14,272391,272528,137
delta_projection,26,15,273018,273155,137
delta_projection,27,0,273651,273788,137
delta_projection,27,1,274278,274415,137
delta_projection,27,2,274905,275042,137
delta_projection,27,3,275532,275669,137
delta_projection,27,4,276165,276302,137
delta_projection,27,5,276792,276929,137
delta_projection,27,6,277419,277556,137
delta_projection,27,7,278046,278183,137
delta_projection,27,8,278679,278816,137
delta_projection,27,9,279306,279443,137
delta_projection,27,10,279933,280070,137
delta_projection,27,11,280560,280697,137
delta_projection,27,12,281193,281330,137
delta_projection,27,13,281820,281957,137
delta_projection,27,14,282447,282584,137
delta_projection,27,15,283074,283211,137
delta_projection,28,0,283707,283844,137
delta_projection,28,1,284334,284471,137
delta_projection,28,2,284961,285098,137
delta_projection,28,3,285588,285725,137
delta_projection,28,4,286221,286358,137
delta_projection,28,5,286848,286985,137
delta_projection,28,6,287475,287612,137
delta_projection,28,7,288102,288239,137
delta_projection,28,8,288735,288872,137
delta_projection,28,9,289362,289499,137
delta_projection,28,10,289989,290126,137
delta_projection,28,11,290616,290753,137
delta_projection,28,12,291249,291386,137
delta_projection,28,13,291876,292013,137
delta_projection,28,14,292503,292640,137
delta_projection,28,15,293130,293267,137
delta_projection,29,0,293763,293900,137
delta_projection,29,1,294390,294527,137
delta_projection,29,2,295017,295154,137
delta_projection,29,3,295644,295781,137
delta_projection,29,4,296277,296414,137
delta_projection,29,5,296904,297041,137
delta_projection,29,6,297531,297668,137
delta_projection,29,7,298158,298295,137
delta_projection,29,8,298791,298928,137
delta_projection,29,9,299418,299555,137
delta_projection,29,10,300045,300182,137
delta_projection,29,11,300672,300809,137
delta_projection,29,12,301305,301442,137
delta_projection,29,13,301932,302069,137
delta_projection,29,14,302559,302696,137
delta_projection,29,15,303186,303323,137
delta_projection,30,0,303819,303956,137
delta_projection,30,1,304446,304583,137
delta_projection,30,2,305073,305210,137
delta_projection,30,3,305700,305837,137
delta_projection,30,4,306333,306470,137
delta_projection,30,5,306960,307097,137
delta_projection,30,6,307587,307724,137
delta_projection,30,7,308214,308351,137
delta_projection,30,8,308847,308984,137
delta_projection,30,9,309474,309611,137
delta_projection,30,10,310101,310238,137
delta_projection,30,11,310728,310865,137
delta_projection,30,12,311361,311498,137
delta_projection,30,13,311988,312125,137
delta_projection,30,14,312615,312752,137
delta_projection,30,15,313242,313379,137
delta_projection,31,0,313875,314012,137
delta_projection,31,1,314502,314639,137
delta_projection,31,2,315129,315266,137
delta_projection,31,3,315756,315893,137
delta_projection,31,4,316389,316526,137
delta_projection,31,5,317016,317153,137
delta_projection,31,6,317643,317780,137
delta_projection,31,7,318270,318407,137
delta_projection,31,8,318903,319040,137
delta_projection,31,9,319530,319667,137
delta_projection,31,10,320157,320294,137
delta_projection,31,11,320784,320921,137
delta_projection,31,12,321417,321554,137
delta_projection,31,13,322044,322181,137
delta_projection,31,14,322671,322808,137
delta_projection,31,15,323298,323435,137
delta_projection,32,0,323931,324068,137
delta_projection,32,1,324558,324695,137
delta_projection,32,2,325185,325322,137
delta_projection,32,3,325812,325949,137
delta_projection,32,4,326445,326582,137
delta_projection,32,5,327072,327209,137
delta_projection,32,6,327699,327836,137
delta_projection,32,7,328326,328463,137
delta_projection,32,8,328959,329096,137
delta_projection,32,9,329586,329723,137
delta_projection,32,10,330213,330350,137
delta_projection,32,11,330840,330977,137
delta_projection,32,12,331473,331610,137
delta_projection,32,13,332100,332237,137
delta_projection,32,14,332727,332864,137
delta_projection,32,15,333354,333491,137
delta_projection,33,0,333987,334124,137
delta_projection,33,1,334614,334751,137
delta_projection,33,2,335241,335378,137
delta_projection,33,3,335868,336005,137
delta_projection,33,4,336501,336638,137
delta_projection,33,5,337128,337265,137
delta_projection,33,6,337755,337892,137
delta_projection,33,7,338382,338519,137
delta_projection,33,8,339015,339152,137
delta_projection,33,9,339642,339779,137
delta_projection,33,10,340269,340406,137
delta_projection,33,11,340896,341033,137
delta_projection,33,12,341529,341666,137
delta_projection,33,13,342156,342293,137
delta_projection,33,14,342783,342920,137
delta_projection,33,15,343410,343547,137
delta_projection,34,0,344043,344180,137
delta_projection,34,1,344670,344807,137
delta_projection,34,2,345297,345434,137
delta_projection,34,3,345924,346061,137
delta_projection,34,4,346557,346694,137
delta_projection,34,5,347184,347321,137
delta_projection,34,6,347811,347948,137
delta_projection,34,7,348438,348575,137
delta_projection,34,8,349071,349208,137
delta_projection,34,9,349698,349835,137
delta_projection,34,10,350325,350462,137
delta_projection,34,11,350952,351089,137
delta_projection,34,12,351585,351722,137
delta_projection,34,13,352212,352349,137
delta_projection,34,14,352839,352976,137
delta_projection,34,15,353466,353603,137
delta_projection,35,0,354099,354236,137
delta_projection,35,1,354726,354863,137
delta_projection,35,2,355353,355490,137
delta_projection,35,3,355980,356117,137
delta_projection,35,4,356613,356750,137
delta_projection,35,5,357240,357377,137
delta_projection,35,6,357867,358004,137
delta_projection,35,7,358494,358631,137
delta_projection,35,8,359127,359264,137
delta_projection,35,9,359754,359891,137
delta_projection,35,10,360381,360518,137
delta_projection,35,11,361008,361145,137
delta_projection,35,12,361641,361778,137
delta_projection,35,13,362268,362405,137
delta_projection,35,14,362895,363032,137
delta_projection,35,15,363522,363659,137
delta_projection,36,0,364155,364292,137
delta_projection,36,1,364782,364919,137
delta_projection,36,2,365409,365546,137
delta_projection,36,3,366036,366173,137
delta_projection,36,4,366669,366806,137
delta_projection,36,5,367296,367433,137
delta_projection,36,6,367923,368060,137
delta_projection,36,7,368550,368687,137
delta_projection,36,8,369183,369320,137
delta_projection,36,9,369810,369947,137
delta_projection,36,10,370437,370574,137
delta_projection,36,11,371064,371201,137
delta_projection,36,12,371697,371834,137
delta_projection,36,13,372324,372461,137
delta_projection,36,14,372951,373088,137
delta_projection,36,15,373578,373715,137
delta_projection,37,0,374211,374348,137
delta_projection,37,1,374838,374975,137
delta_projection,37,2,375465,375602,137
delta_projection,37,3,376092,376229,137
delta_projection,37,4,376725,376862,137
delta_projection,37,5,377352,377489,137
delta_projection,37,6,377979,378116,137
delta_projection,37,7,378606,378743,137
delta_projection,37,8,379239,379376,137
delta_projection,37,9,379866,380003,137
delta_projection,37,10,380493,380630,137
delta_projection,37,11,381120,381257,137
delta_projection,37,12,381753,381890,137
delta_projection,37,13,382380,382517,137
delta_projection,37,14,383007,383144,137
delta_projection,37,15,383634,383771,137
delta_projection,38,0,384267,384404,137
delta_projection,38,1,384894,385031,137
delta_projection,38,2,385521,385658,137
delta_projection,38,3,386148,386285,137
delta_projection,38,4,386781,386918,137
delta_projection,38,5,387408,387545,137
delta_projection,38,6,388035,388172,137
delta_projection,38,7,388662,388799,137
delta_projection,38,8,389295,389432,137
delta_projection,38,9,389922,390059,137
delta_projection,38,10,390549,390686,137
delta_projection,38,11,391176,391313,137
delta_projection,38,12,391809,391946,137
delta_projection,38,13,392436,392573,137
delta_projection,38,14,393063,393200,137
delta_projection,38,15,393690,393827,137
delta_projection,39,0,394323,394460,137
delta_projection,39,1,394950,395087,137
delta_projection,39,2,395577,395714,137
delta_projection,39,3,396204,396341,137
delta_projection,39,4,396837,396974,137
delta_projection,39,5,397464,397601,137
delta_projection,39,6,398091,398228,137
delta_projection,39,7,398718,398855,137
delta_projection,39,8,399351,399488,137
delta_projection,39,9,399978,400115,137
delta_projection,39,10,400605,400742,137
delta_projection,39,11,401232,401369,137
delta_projection,39,12,401865,402002,137
delta_projection,39,13,402492,402629,137
delta_projection,39,14,403119,403256,137
delta_projection,39,15,403746,403883,137
delta_projection,40,0,404379,404516,137
delta_projection,40,1,405006,405143,137
delta_projection,40,2,405633,405770,137
delta_projection,40,3,406260,406397,137
delta_projection,40,4,406893,407030,137
delta_projection,40,5,407520,407657,137
delta_projection,40,6,408147,408284,137
delta_projection,40,7,408774,408911,137
delta_projection,40,8,409407,409544,137
delta_projection,40,9,410034,410171,137
delta_projection,40,10,410661,410798,137
delta_projection,40,11,411288,411425,137
delta_projection,40,12,411921,412058,137
delta_projection,40,13,412548,412685,137
delta_projection,40,14,413175,413312,137
delta_projection,40,15,413802,413939,137
delta_projection,41,0,414435,414572,137
delta_projection,41,1,415062,415199,137
delta_projection,41,2,415689,415826,137
delta_projection,41,3,416316,416453,137
delta_projection,41,4,416949,417086,137
delta_projection,41,5,417576,417713,137
delta_projection,41,6,418203,418340,137
delta_projection,41,7,418830,418967,137
delta_projection,41,8,419463,419600,137
delta_projection,41,9,420090,420227,137
delta_projection,41,10,420717,420854,137
delta_projection,41,11,421344,421481,137
delta_projection,41,12,421977,422114,137
delta_projection,41,13,422604,422741,137
delta_projection,41,14,423231,423368,137
delta_projection,41,15,423858,423995,137
delta_projection,42,0,424491,424628,137
delta_projection,42,1,425118,425255,137
delta_projection,42,2,425745,425882,137
delta_projection,42,3,426372,426509,137
delta_projection,42,4,427005,427142,137
delta_projection,42,5,427632,427769,137
delta_projection,42,6,428259,428396,137
delta_projection,42,7,428886,429023,137
delta_projection,42,8,429519,429656,137
delta_projection,42,9,430146,430283,137
delta_projection,42,10,430773,430910,137
delta_projection,42,11,431400,431537,137
delta_projection,42,12,432033,432170,137
delta_projection,42,13,432660,432797,137
delta_projection,42,14,433287,433424,137
delta_projection,42,15,433914,434051,137
delta_projection,43,0,434547,434684,137
delta_projection,43,1,435174,435311,137
delta_projection,43,2,435801,435938,137
delta_projection,43,3,436428,436565,137
delta_projection,43,4,437061,437198,137
delta_projection,43,5,437688,437825,137
delta_projection,43,6,438315,438452,137
delta_projection,43,7,438942,439079,137
delta_projection,43,8,439575,439712,137
delta_projection,43,9,440202,440339,137
delta_projection,43,10,440829,440966,137
delta_projection,43,11,441456,441593,137
delta_projection,43,12,442089,442226,137
delta_projection,43,13,442716,442853,137
delta_projection,43,14,443343,443480,137
delta_projection,43,15,443970,444107,137
delta_projection,44,0,444603,444740,137
delta_projection,44,1,445230,445367,137
delta_projection,44,2,445857,445994,137
delta_projection,44,3,446484,446621,137
delta_projection,44,4,447117,447254,137
delta_projection,44,5,447744,447881,137
delta_projection,44,6,448371,448508,137
delta_projection,44,7,448998,449135,137
delta_projection,44,8,449631,449768,137
delta_projection,44,9,450258,450395,137
delta_projection,44,10,450885,451022,137
delta_projection,44,11,451512,451649,137
delta_projection,44,12,452145,452282,137
delta_projection,44,13,452772,452909,137
delta_projection,44,14,453399,453536,137
delta_projection,44,15,454026,454163,137
delta_projection,45,0,454659,454796,137
delta_projection,45,1,455286,455423,137
delta_projection,45,2,455913,456050,137
delta_projection,45,3,456540,456677,137
delta_projection,45,4,457173,457310,137
delta_projection,45,5,457800,457937,137
delta_projection,45,6,458427,458564,137
delta_projection,45,7,459054,459191,137
delta_projection,45,8,459687,459824,137
delta_projection,45,9,460314,460451,137
delta_projection,45,10,460941,461078,137
delta_projection,45,11,461568,461705,137
delta_projection,45,12,462201,462338,137
delta_projection,45,13,462828,462965,137
delta_projection,45,14,463455,463592,137
delta_projection,45,15,464082,464219,137
delta_projection,46,0,464715,464852,137
delta_projection,46,1,465342,465479,137
delta_projection,46,2,465969,466106,137
delta_projection,46,3,466596,466733,137
delta_projection,46,4,467229,467366,137
delta_projection,46,5,467856,467993,137
delta_projection,46,6,468483,468620,137
delta_projection,46,7,469110,469247,137
delta_projection,46,8,469743,469880,137
delta_projection,46,9,470370,470507,137
delta_projection,46,10,470997,471134,137
delta_projection,46,11,471624,471761,137
delta_projection,46,12,472257,472394,137
delta_projection,46,13,472884,473021,137
delta_projection,46,14,473511,473648,137
delta_projection,46,15,474138,474275,137
delta_projection,47,0,474771,474908,137
delta_projection,47,1,475398,475535,137
delta_projection,47,2,476025,476162,137
delta_projection,47,3,476652,476789,137
delta_projection,47,4,477285,477422,137
delta_projection,47,5,477912,478049,137
delta_projection,47,6,478539,478676,137
delta_projection,47,7,479166,479303,137
delta_projection,47,8,479799,479936,137
delta_projection,47,9,480426,480563,137
delta_projection,47,10,481053,481190,137
delta_projection,47,11,481680,481817,137
delta_projection,47,12,482313,482450,137
delta_projection,47,13,482940,483077,137
delta_projection,47,14,483567,483704,137
delta_projection,47,15,484194,484331,137
delta_projection,48,0,484827,484964,137
delta_projection,48,1,485454,485591,137
delta_projection,48,2,486081,486218,137
delta_projection,48,3,486708,486845,137
delta_projection,48,4,487341,487478,137
delta_projection,48,5,487968,488105,137
delta_projection,48,6,488595,488732,137
delta_projection,48,7,489222,489359,137
delta_projection,48,8,489855,489992,137
delta_projection,48,9,490482,490619,137
delta_projection,48,10,491109,491246,137
delta_projection,48,11,491736,491873,137
delta_projection,48,12,492369,492506,137
delta_projection,48,13,492996,493133,137
delta_projection,48,14,493623,493760,137
delta_projection,48,15,494250,494387,137
delta_projection,49,0,494883,495020,137
delta_projection,49,1,495510,495647,137
delta_projection,49,2,496137,496274,137
delta_projection,49,3,496764,496901,137
delta_projection,49,4,497397,497534,137
delta_projection,49,5,498024,498161,137
delta_projection,49,6,498651,498788,137
delta_projection,49,7,499278,499415,137
delta_projection,49,8,499911,500048,137
delta_projection,49,9,500538,500675,137
delta_projection,49,10,501165,501302,137
delta_projection,49,11,501792,501929,137
delta_projection,49,12,502425,502562,137
delta_projection,49,13,503052,503189,137
delta_projection,49,14,503679,503816,137
delta_projection,49,15,504306,504443,137
delta_projection,50,0,504939,505076,137
delta_projection,50,1,505566,505703,137
delta_projection,50,2,506193,506330,137
delta_projection,50,3,506820,506957,137
delta_projection,50,4,507453,507590,137
delta_projection,50,5,508080,508217,137
delta_projection,50,6,508707,508844,137
delta_projection,50,7,509334,509471,137
delta_projection,50,8,509967,510104,137
delta_projection,50,9,510594,510731,137
delta_projection,50,10,511221,511358,137
delta_projection,50,11,511848,511985,137
delta_projection,50,12,512481,512618,137
delta_projection,50,13,513108,513245,137
delta_projection,50,14,513735,513872,137
delta_projection,50,15,514362,514499,137
delta_projection,51,0,514995,515132,137
delta_projection,51,1,515622,515759,137
delta_projection,51,2,516249,516386,137
delta_projection,51,3,516876,517013,137
delta_projection,51,4,517509,517646,137
delta_projection,51,5,518136,518273,137
delta_projection,51,6,518763,518900,137
delta_projection,51,7,519390,519527,137
delta_projection,51,8,520023,520160,137
delta_projection,51,9,520650,520787,137
delta_projection,51,10,521277,521414,137
delta_projection,51,11,521904,522041,137
delta_projection,51,12,522537,522674,137
delta_projection,51,13,523164,523301,137
delta_projection,51,14,523791,523928,137
delta_projection,51,15,524418,524555,137
delta_projection,52,0,525051,525188,137
delta_projection,52,1,525678,525815,137
delta_projection,52,2,526305,526442,137
delta_projection,52,3,526932,527069,137
delta_projection,52,4,527565,527702,137
delta_projection,52,5,528192,528329,137
delta_projection,52,6,528819,528956,137
delta_projection,52,7,529446,529583,137
delta_projection,52,8,530079,530216,137
delta_projection,52,9,530706,530843,137
delta_projection,52,10,531333,531470,137
delta_projection,52,11,531960,532097,137
delta_projection,52,12,532593,532730,137
delta_projection,52,13,533220,533357,137
delta_projection,52,14,533847,533984,137
delta_projection,52,15,534474,534611,137
delta_projection,53,0,535107,535244,137
delta_projection,53,1,535734,535871,137
delta_projection,53,2,536361,536498,137
delta_projection,53,3,536988,537125,137
delta_projection,53,4,537621,537758,137
delta_projection,53,5,538248,538385,137
delta_projection,53,6,538875,539012,137
delta_projection,53,7,539502,539639,137
delta_projection,53,8,540135,540272,137
delta_projection,53,9,540762,540899,137
delta_projection,53,10,541389,541526,137
delta_projection,53,11,542016,542153,137
delta_projection,53,12,542649,542786,137
delta_projection,53,13,543276,543413,137
delta_projection,53,14,543903,544040,137
delta_projection,53,15,544530,544667,137
delta_projection,54,0,545163,545300,137
delta_projection,54,1,545790,545927,137
delta_projection,54,2,546417,546554,137
delta_projection,54,3,547044,547181,137
delta_projection,54,4,547677,547814,137
delta_projection,54,5,548304,548441,137
delta_projection,54,6,548931,549068,137
delta_projection,54,7,549558,549695,137
delta_projection,54,8,550191,550328,137
delta_projection,54,9,550818,550955,137
delta_projection,54,10,551445,551582,137
delta_projection,54,11,552072,552209,137
delta_projection,54,12,552705,552842,137
delta_projection,54,13,553332,553469,137
delta_projection,54,14,553959,554096,137
delta_projection,54,15,554586,554723,137
delta_projection,55,0,555219,555356,137
delta_projection,55,1,555846,555983,137
delta_projection,55,2,556473,556610,137
delta_projection,55,3,557100,557237,137
delta_projection,55,4,557733,557870,137
delta_projection,55,5,558360,558497,137
delta_projection,55,6,558987,559124,137
delta_projection,55,7,559614,559751,137
delta_projection,55,8,560247,560384,137
delta_projection,55,9,560874,561011,137
delta_projection,55,10,561501,561638,137
delta_projection,55,11,562128,562265,137
delta_projection,55,12,562761,562898,137
delta_projection,55,13,563388,563525,137
delta_projection,55,14,564015,564152,137
delta_projection,55,15,564642,564779,137
delta_projection,56,0,565275,565412,137
delta_projection,56,1,565902,566039,137
delta_projection,56,2,566529,566666,137
delta_projection,56,3,567156,567293,137
delta_projection,56,4,567789,567926,137
delta_projection,56,5,568416,568553,137
delta_projection,56,6,569043,569180,137
delta_projection,56,7,569670,569807,137
delta_projection,56,8,570303,570440,137
delta_projection,56,9,570930,571067,137
delta_projection,56,10,571557,571694,137
delta_projection,56,11,572184,572321,137
delta_projection,56,12,572817,572954,137
delta_projection,56,13,573444,573581,137
delta_projection,56,14,574071,574208,137
delta_projection,56,15,574698,574835,137
delta_projection,57,0,575331,575468,137
delta_projection,57,1,575958,576095,137
delta_projection,57,2,576585,576722,137
delta_projection,57,3,577212,577349,137
delta_projection,57,4,577845,577982,137
delta_projection,57,5,578472,578609,137
delta_projection,57,6,579099,579236,137
delta_projection,57,7,579726,579863,137
delta_projection,57,8,580359,580496,137
delta_projection,57,9,580986,581123,137
delta_projection,57,10,581613,581750,137
delta_projection,57,11,582240,582377,137
delta_projection,57,12,582873,583010,137
delta_projection,57,13,583500,583637,137
delta_projection,57,14,584127,584264,137
delta_projection,57,15,584754,584891,137
delta_projection,58,0,585387,585524,137
delta_projection,58,1,586014,586151,137
delta_projection,58,2,586641,586778,137
delta_projection,58,3,587268,587405,137
delta_projection,58,4,587901,588038,137
delta_projection,58,5,588528,588665,137
delta_projection,58,6,589155,589292,137
delta_projection,58,7,589782,589919,137
delta_projection,58,8,590415,590552,137
delta_projection,58,9,591042,591179,137
delta_projection,58,10,591669,591806,137
delta_projection,58,11,592296,592433,137
delta_projection,58,12,592929,593066,137
delta_projection,58,13,593556,593693,137
delta_projection,58,14,594183,594320,137
delta_projection,58,15,594810,594947,137
delta_projection,59,0,595443,595580,137
delta_projection,59,1,596070,596207,137
delta_projection,59,2,596697,596834,137
delta_projection,59,3,597324,597461,137
delta_projection,59,4,597957,598094,137
delta_projection,59,5,598584,598721,137
delta_projection,59,6,599211,599348,137
delta_projection,59,7,599838,599975,137
delta_projection,59,8,600471,600608,137
delta_projection,59,9,601098,601235,137
delta_projection,59,10,601725,601862,137
delta_projection,59,11,602352,602489,137
delta_projection,59,12,602985,603122,137
delta_projection,59,13,603612,603749,137
delta_projection,59,14,604239,604376,137
delta_projection,59,15,604866,605003,137
delta_projection,60,0,605499,605636,137
delta_projection,60,1,606126,606263,137
delta_projection,60,2,606753,606890,137
delta_projection,60,3,607380,607517,137
delta_projection,60,4,608013,608150,137
delta_projection,60,5,608640,608777,137
delta_projection,60,6,609267,609404,137
delta_projection,60,7,609894,610031,137
delta_projection,60,8,610527,610664,137
delta_projection,60,9,611154,611291,137
delta_projection,60,10,611781,611918,137
delta_projection,60,11,612408,612545,137
delta_projection,60,12,613041,613178,137
delta_projection,60,13,613668,613805,137
delta_projection,60,14,614295,614432,137
delta_projection,60,15,614922,615059,137
delta_projection,61,0,615555,615692,137
delta_projection,61,1,616182,616319,137
delta_projection,61,2,616809,616946,137
delta_projection,61,3,617436,617573,137
delta_projection,61,4,618069,618206,137
delta_projection,61,5,618696,618833,137
delta_projection,61,6,619323,619460,137
delta_projection,61,7,619950,620087,137
delta_projection,61,8,620583,620720,137
delta_projection,61,9,621210,621347,137
delta_projection,61,10,621837,621974,137
delta_projection,61,11,622464,622601,137
delta_projection,61,12,623097,623234,137
delta_projection,61,13,623724,623861,137
delta_projection,61,14,624351,624488,137
delta_projection,61,15,624978,625115,137
delta_projection,62,0,625611,625748,137
delta_projection,62,1,626238,626375,137
delta_projection,62,2,626865,627002,137
delta_projection,62,3,627492,627629,137
delta_projection,62,4,628125,628262,137
delta_projection,62,5,628752,628889,137
delta_projection,62,6,629379,629516,137
delta_projection,62,7,630006,630143,137
delta_projection,62,8,630639,630776,137
delta_projection,62,9,631266,631403,137
delta_projection,62,10,631893,632030,137
delta_projection,62,11,632520,632657,137
delta_projection,62,12,633153,633290,137
delta_projection,62,13,633780,633917,137
delta_projection,62,14,634407,634544,137
delta_projection,62,15,635034,635171,137
delta_projection,63,0,635667,635804,137
delta_projection,63,1,636294,636431,137
delta_projection,63,2,636921,637058,137
delta_projection,63,3,637548,637685,137
delta_projection,63,4,638181,638318,137
delta_projection,63,5,638808,638945,137
delta_projection,63,6,639435,639572,137
delta_projection,63,7,640062,640199,137
delta_projection,63,8,640695,640832,137
delta_projection,63,9,641322,641459,137
delta_projection,63,10,641949,642086,137
delta_projection,63,11,642576,642713,137
delta_projection,63,12,643209,643346,137
delta_projection,63,13,643836,643973,137
delta_projection,63,14,644463,644600,137
delta_projection,63,15,645090,645227,137
selective_scan,0,0,2276,2619,343
selective_scan,0,1,2903,3246,343
selective_scan,0,2,3530,3873,343
selective_scan,0,3,4157,4500,343
selective_scan,0,4,4790,5133,343
selective_scan,0,5,5417,5760,343
selective_scan,0,6,6044,6387,343
selective_scan,0,7,6671,7014,343
selective_scan,0,8,7304,7647,343
selective_scan,0,9,7931,8274,343
selective_scan,0,10,8558,8901,343
selective_scan,0,11,9185,9528,343
selective_scan,0,12,9818,10161,343
selective_scan,0,13,10445,10788,343
selective_scan,0,14,11072,11415,343
selective_scan,0,15,11699,12042,343
selective_scan,1,0,12332,12675,343
selective_scan,1,1,12959,13302,343
selective_scan,1,2,13586,13929,343
selective_scan,1,3,14213,14556,343
selective_scan,1,4,14846,15189,343
selective_scan,1,5,15473,15816,343
selective_scan,1,6,16100,16443,343
selective_scan,1,7,16727,17070,343
selective_scan,1,8,17360,17703,343
selective_scan,1,9,17987,18330,343
selective_scan,1,10,18614,18957,343
selective_scan,1,11,19241,19584,343
selective_scan,1,12,19874,20217,343
selective_scan,1,13,20501,20844,343
selective_scan,1,14,21128,21471,343
selective_scan,1,15,21755,22098,343
selective_scan,2,0,22388,22731,343
selective_scan,2,1,23015,23358,343
selective_scan,2,2,23642,23985,343
selective_scan,2,3,24269,24612,343
selective_scan,2,4,24902,25245,343
selective_scan,2,5,25529,25872,343
selective_scan,2,6,26156,26499,343
selective_scan,2,7,26783,27126,343
selective_scan,2,8,27416,27759,343
selective_scan,2,9,28043,28386,343
selective_scan,2,10,28670,29013,343
selective_scan,2,11,29297,29640,343
selective_scan,2,12,29930,30273,343
selective_scan,2,13,30557,30900,343
selective_scan,2,14,31184,31527,343
selective_scan,2,15,31811,32154,343
selective_scan,3,0,32444,32787,343
selective_scan,3,1,33071,33414,343
selective_scan,3,2,33698,34041,343
selective_scan,3,3,34325,34668,343
selective_scan,3,4,34958,35301,343
selective_scan,3,5,35585,35928,343
selective_scan,3,6,36212,36555,343
selective_scan,3,7,36839,37182,343
selective_scan,3,8,37472,37815,343
selective_scan,3,9,38099,38442,343
selective_scan,3,10,38726,39069,343
selective_scan,3,11,39353,39696,343
selective_scan,3,12,39986,40329,343
selective_scan,3,13,40613,40956,343
selective_scan,3,14,41240,41583,343
selective_scan,3,15,41867,42210,343
selective_scan,4,0,42500,42843,343
selective_scan,4,1,43127,43470,343
selective_scan,4,2,43754,44097,343
selective_scan,4,3,44381,44724,343
selective_scan,4,4,45014,45357,343
selective_scan,4,5,45641,45984,343
selective_scan,4,6,46268,46611,343
selective_scan,4,7,46895,47238,343
selective_scan,4,8,47528,47871,343
selective_scan,4,9,48155,48498,343
selective_scan,4,10,48782,49125,343
selective_scan,4,11,49409,49752,343
selective_scan,4,12,50042,50385,343
selective_scan,4,13,50669,51012,343
selective_scan,4,14,51296,51639,343
selective_scan,4,15,51923,52266,343
selective_scan,5,0,52556,52899,343
selective_scan,5,1,53183,53526,343
selective_scan,5,2,53810,54153,343
selective_scan,5,3,54437,54780,343
selective_scan,5,4,55070,55413,343
selective_scan,5,5,55697,56040,343
selective_scan,5,6,56324,56667,343
selective_scan,5,7,56951,57294,343
selective_scan,5,8,57584,57927,343
selective_scan,5,9,58211,58554,343
selective_scan,5,10,58838,59181,343
selective_scan,5,11,59465,59808,343
selective_scan,5,12,60098,60441,343
selective_scan,5,13,60725,61068,343
selective_scan,5,14,61352,61695,343
selective_scan,5,15,61979,62322,343
selective_scan,6,0,62612,62955,343
selective_scan,6,1,63239,63582,343
selective_scan,6,2,63866,64209,343
selective_scan,6,3,64493,64836,343
selective_scan,6,4,65126,65469,343
selective_scan,6,5,65753,66096,343
selective_scan,6,6,66380,66723,343
selective_scan,6,7,67007,67350,343
selective_scan,6,8,67640,67983,343
selective_scan,6,9,68267,68610,343
selective_scan,6,10,68894,69237,343
selective_scan,6,11,69521,69864,343
selective_scan,6,12,70154,70497,343
selective_scan,6,13,70781,71124,343
selective_scan,6,14,71408,71751,343
selective_scan,6,15,72035,72378,343
selective_scan,7,0,72668,73011,343
selective_scan,7,1,73295,73638,343
selective_scan,7,2,73922,74265,343
selective_scan,7,3,74549,74892,343
selective_scan,7,4,75182,75525,343
selective_scan,7,5,75809,76152,343
selective_scan,7,6,76436,76779,343
selective_scan,7,7,77063,77406,343
selective_scan,7,8,77696,78039,343
selective_scan,7,9,78323,78666,343
selective_scan,7,10,78950,79293,343
selective_scan,7,11,79577,79920,343
selective_scan,7,12,80210,80553,343
selective_scan,7,13,80837,81180,343
selective_scan,7,14,81464,81807,343
selective_scan,7,15,82091,82434,343
selective_scan,8,0,82724,83067,343
selective_scan,8,1,83351,83694,343
selective_scan,8,2,83978,84321,343
selective_scan,8,3,84605,84948,343
selective_scan,8,4,85238,85581,343
selective_scan,8,5,85865,86208,343
selective_scan,8,6,86492,86835,343
selective_scan,8,7,87119,87462,343
selective_scan,8,8,87752,88095,343
selective_scan,8,9,88379,88722,343
selective_scan,8,10,89006,89349,343
selective_scan,8,11,89633,89976,343
selective_scan,8,12,90266,90609,343
selective_scan,8,13,90893,91236,343
selective_scan,8,14,91520,91863,343
selective_scan,8,15,92147,92490,343
selective_scan,9,0,92780,93123,343
selective_scan,9,1,93407,93750,343
selective_scan,9,2,94034,94377,343
selective_scan,9,3,94661,95004,343
selective_scan,9,4,95294,95637,343
selective_scan,9,5,95921,96264,343
selective_scan,9,6,96548,96891,343
selective_scan,9,7,97175,97518,343
selective_scan,9,8,97808,98151,343
selective_scan,9,9,98435,98778,343
selective_scan,9,10,99062,99405,343
selective_scan,9,11,99689,100032,343
selective_scan,9,12,100322,100665,343
selective_scan,9,13,100949,101292,343
selective_scan,9,14,101576,101919,343
selective_scan,9,15,102203,102546,343
selective_scan,10,0,102836,103179,343
selective_scan,10,1,103463,103806,343
selective_scan,10,2,104090,104433,343
selective_scan,10,3,104717,105060,343
selective_scan,10,4,105350,105693,343
selective_scan,10,5,105977,106320,343
selective_scan,10,6,106604,106947,343
selective_scan,10,7,107231,107574,343
selective_scan,10,8,107864,108207,343
selective_scan,10,9,108491,108834,343
selective_scan,10,10,109118,109461,343
selective_scan,10,11,109745,110088,343
selective_scan,10,12,110378,110721,343
selective_scan,10,13,111005,111348,343
selective_scan,10,14,111632,111975,343
selective_scan,10,15,112259,112602,343
selective_scan,11,0,112892,113235,343
selective_scan,11,1,113519,113862,343
selective_scan,11,2,114146,114489,343
selective_scan,11,3,114773,115116,343
selective_scan,11,4,115406,115749,343
selective_scan,11,5,116033,116376,343
selective_scan,11,6,116660,117003,343
selective_scan,11,7,117287,117630,343
selective_scan,11,8,117920,118263,343
selective_scan,11,9,118547,118890,343
selective_scan,11,10,119174,119517,343
selective_scan,11,11,119801,120144,343
selective_scan,11,12,120434,120777,343
selective_scan,11,13,121061,121404,343
selective_scan,11,14,121688,122031,343
selective_scan,11,15,122315,122658,343
selective_scan,12,0,122948,123291,343
selective_scan,12,1,123575,123918,343
selective_scan,12,2,124202,124545,343
selective_scan,12,3,124829,125172,343
selective_scan,12,4,125462,125805,343
selective_scan,12,5,126089,126432,343
selective_scan,12,6,126716,127059,343
selective_scan,12,7,127343,127686,343
selective_scan,12,8,127976,128319,343
selective_scan,12,9,128603,128946,343
selective_scan,12,10,129230,129573,343
selective_scan,12,11,129857,130200,343
selective_scan,12,12,130490,130833,343
selective_scan,12,13,131117,131460,343
selective_scan,12,14,131744,132087,343
selective_scan,12,15,132371,132714,343
selective_scan,13,0,133004,133347,343
selective_scan,13,1,133631,133974,343
selective_scan,13,2,134258,134601,343
selective_scan,13,3,134885,135228,343
selective_scan,13,4,135518,135861,343
selective_scan,13,5,136145,136488,343
selective_scan,13,6,136772,137115,343
selective_scan,13,7,137399,137742,343
selective_scan,13,8,138032,138375,343
selective_scan,13,9,138659,139002,343
selective_scan,13,10,139286,139629,343
selective_scan,13,11,139913,140256,343
selective_scan,13,12,140546,140889,343
selective_scan,13,13,141173,141516,343
selective_scan,13,14,141800,142143,343
selective_scan,13,15,142427,142770,343
selective_scan,14,0,143060,143403,343
selective_scan,14,1,143687,144030,343
selective_scan,14,2,144314,144657,343
selective_scan,14,3,144941,145284,343
selective_scan,14,4,145574,145917,343
selective_scan,14,5,146201,146544,343
selective_scan,14,6,146828,147171,343
selective_scan,14,7,147455,147798,343
selective_scan,14,8,148088,148431,343
selective_scan,14,9,148715,149058,343
selective_scan,14,10,149342,149685,343
selective_scan,14,11,149969,150312,343
selective_scan,14,12,150602,150945,343
selective_scan,14,13,151229,151572,343
selective_scan,14,14,151856,152199,343
selective_scan,14,15,152483,152826,343
selective_scan,15,0,153116,153459,343
selective_scan,15,1,153743,154086,343
selective_scan,15,2,154370,154713,343
selective_scan,15,3,154997,155340,343
selective_scan,15,4,155630,155973,343
selective_scan,15,5,156257,156600,343
selective_scan,15,6,156884,157227,343
selective_scan,15,7,157511,157854,343
selective_scan,15,8,158144,158487,343
selective_scan,15,9,158771,159114,343
selective_scan,15,10,159398,159741,343
selective_scan,15,11,160025,160368,343
selective_scan,15,12,160658,161001,343
selective_scan,15,13,161285,161628,343
selective_scan,15,14,161912,162255,343
selective_scan,15,15,162539,162882,343
selective_scan,16,0,163172,163515,343
selective_scan,16,1,163799,164142,343
selective_scan,16,2,164426,164769,343
selective_scan,16,3,165053,165396,343
selective_scan,16,4,165686,166029,343
selective_scan,16,5,166313,166656,343
selective_scan,16,6,166940,167283,343
selective_scan,16,7,167567,167910,343
selective_scan,16,8,168200,168543,343
selective_scan,16,9,168827,169170,343
selective_scan,16,10,169454,169797,343
selective_scan,16,11,170081,170424,343
selective_scan,16,12,170714,171057,343
selective_scan,16,13,171341,171684,343
selective_scan,16,14,171968,172311,343
selective_scan,16,15,172595,172938,343
selective_scan,17,0,173228,173571,343
selective_scan,17,1,173855,174198,343
selective_scan,17,2,174482,174825,343
selective_scan,17,3,175109,175452,343
selective_scan,17,4,175742,176085,343
selective_scan,17,5,176369,176712,343
selective_scan,17,6,176996,177339,343
selective_scan,17,7,177623,177966,343
selective_scan,17,8,178256,178599,343
selective_scan,17,9,178883,179226,343
selective_scan,17,10,179510,179853,343
selective_scan,17,11,180137,180480,343
selective_scan,17,12,180770,181113,343
selective_scan,17,13,181397,181740,343
selective_scan,17,14,182024,182367,343
selective_scan,17,15,182651,182994,343
selective_scan,18,0,183284,183627,343
selective_scan,18,1,183911,184254,343
selective_scan,18,2,184538,184881,343
selective_scan,18,3,185165,185508,343
selective_scan,18,4,185798,186141,343
selective_scan,18,5,186425,186768,343
selective_scan,18,6,187052,187395,343
selective_scan,18,7,187679,188022,343
selective_scan,18,8,188312,188655,343
selective_scan,18,9,188939,189282,343
selective_scan,18,10,189566,189909,343
selective_scan,18,11,190193,190536,343
selective_scan,18,12,190826,191169,343
selective_scan,18,13,191453,191796,343
selective_scan,18,14,192080,192423,343
selective_scan,18,15,192707,193050,343
selective_scan,19,0,193340,193683,343
selective_scan,19,1,193967,194310,343
selective_scan,19,2,194594,194937,343
selective_scan,19,3,195221,195564,343
selective_scan,19,4,195854,196197,343
selective_scan,19,5,196481,196824,343
selective_scan,19,6,197108,197451,343
selective_scan,19,7,197735,198078,343
selective_scan,19,8,198368,198711,343
selective_scan,19,9,198995,199338,343
selective_scan,19,10,199622,199965,343
selective_scan,19,11,200249,200592,343
selective_scan,19,12,200882,201225,343
selective_scan,19,13,201509,201852,343
selective_scan,19,14,202136,202479,343
selective_scan,19,15,202763,203106,343
selective_scan,20,0,203396,203739,343
selective_scan,20,1,204023,204366,343
selective_scan,20,2,204650,204993,343
selective_scan,20,3,205277,205620,343
selective_scan,20,4,205910,206253,343
selective_scan,20,5,206537,206880,343
selective_scan,20,6,207164,207507,343
selective_scan,20,7,207791,208134,343
selective_scan,20,8,208424,208767,343
selective_scan,20,9,209051,209394,343
selective_scan,20,10,209678,210021,343
selective_scan,20,11,210305,210648,343
selective_scan,20,12,210938,211281,343
selective_scan,20,13,211565,211908,343
selective_scan,20,14,212192,212535,343
selective_scan,20,15,212819,213162,343
selective_scan,21,0,213452,213795,343
selective_scan,21,1,214079,214422,343
selective_scan,21,2,214706,215049,343
selective_scan,21,3,215333,215676,343
selective_scan,21,4,215966,216309,343
selective_scan,21,5,216593,216936,343
selective_scan,21,6,217220,217563,343
selective_scan,21,7,217847,218190,343
selective_scan,21,8,218480,218823,343
selective_scan,21,9,219107,219450,343
selective_scan,21,10,219734,220077,343
selective_scan,21,11,220361,220704,343
selective_scan,21,12,220994,221337,343
selective_scan,21,13,221621,221964,343
selective_scan,21,14,222248,222591,343
selective_scan,21,15,222875,223218,343
selective_scan,22,0,223508,223851,343
selective_scan,22,1,224135,224478,343
selective_scan,22,2,224762,225105,343
selective_scan,22,3,225389,225732,343
selective_scan,22,4,226022,226365,343
selective_scan,22,5,226649,226992,343
selective_scan,22,6,227276,227619,343
selective_scan,22,7,227903,228246,343
selective_scan,22,8,228536,228879,343
selective_scan,22,9,229163,229506,343
selective_scan,22,10,229790,230133,343
selective_scan,22,11,230417,230760,343
selective_scan,22,12,231050,231393,343
selective_scan,22,13,231677,232020,343
selective_scan,22,14,232304,232647,343
selective_scan,22,15,232931,233274,343
selective_scan,23,0,233564,233907,343
selective_scan,23,1,234191,234534,343
selective_scan,23,2,234818,235161,343
selective_scan,23,3,235445,235788,343
selective_scan,23,4,236078,236421,343
selective_scan,23,5,236705,237048,343
selective_scan,23,6,237332,237675,343
selective_scan,23,7,237959,238302,343
selective_scan,23,8,238592,238935,343
selective_scan,23,9,239219,239562,343
selective_scan,23,10,239846,240189,343
selective_scan,23,11,240473,240816,343
selective_scan,23,12,241106,241449,343
selective_scan,23,13,241733,242076,343
selective_scan,23,14,242360,242703,343
selective_scan,23,15,242987,243330,343
selective_scan,24,0,243620,243963,343
selective_scan,24,1,244247,244590,343
selective_scan,24,2,244874,245217,343
selective_scan,24,3,245501,245844,343
selective_scan,24,4,246134,246477,343
selective_scan,24,5,246761,247104,343
selective_scan,24,6,247388,247731,343
selective_scan,24,7,248015,248358,343
selective_scan,24,8,248648,248991,343
selective_scan,24,9,249275,249618,343
selective_scan,24,10,249902,250245,343
selective_scan,24,11,250529,250872,343
selective_scan,24,12,251162,251505,343
selective_scan,24,13,251789,252132,343
selective_scan,24,14,252416,252759,343
selective_scan,24,15,253043,253386,343
selective_scan,25,0,253676,254019,343
selective_scan,25,1,254303,254646,343
selective_scan,25,2,254930,255273,343
selective_scan,25,3,255557,255900,343
selective_scan,25,4,256190,256533,343
selective_scan,25,5,256817,257160,343
selective_scan,25,6,257444,257787,343
selective_scan,25,7,258071,258414,343
selective_scan,25,8,258704,259047,343
selective_scan,25,9,259331,259674,343
selective_scan,25,10,259958,260301,343
selective_scan,25,11,260585,260928,343
selective_scan,25,12,261218,261561,343
selective_scan,25,13,261845,262188,343
selective_scan,25,14,262472,262815,343
selective_scan,25,15,263099,263442,343
selective_scan,26,0,263732,264075,343
selective_scan,26,1,264359,264702,343
selective_scan,26,2,264986,265329,343
selective_scan,26,3,265613,265956,343
selective_scan,26,4,266246,266589,343
selective_scan,26,5,266873,267216,343
selective_scan,26,6,267500,267843,343
selective_scan,26,7,268127,268470,343
selective_scan,26,8,268760,269103,343
selective_scan,26,9,269387,269730,343
selective_scan,26,10,270014,270357,343
selective_scan,26,11,270641,270984,343
selective_scan,26,12,271274,271617,343
selective_scan,26,13,271901,272244,343
selective_scan,26,14,272528,272871,343
selective_scan,26,15,273155,273498,343
selective_scan,27,0,273788,274131,343
selective_scan,27,1,274415,274758,343
selective_scan,27,2,275042,275385,343
selective_scan,27,3,275669,276012,343
selective_scan,27,4,276302,276645,343
selective_scan,27,5,276929,277272,343
selective_scan,27,6,277556,277899,343
selective_scan,27,7,278183,278526,343
selective_scan,27,8,278816,279159,343
selective_scan,27,9,279443,279786,343
selective_scan,27,10,280070,280413,343
selective_scan,27,11,280697,281040,343
selective_scan,27,12,281330,281673,343
selective_scan,27,13,281957,282300,343
selective_scan,27,14,282584,282927,343
selective_scan,27,15,283211,283554,343
selective_scan,28,0,283844,284187,343
selective_scan,28,1,284471,284814,343
selective_scan,28,2,285098,285441,343
selective_scan,28,3,285725,286068,343
selective_scan,28,4,286358,286701,343
selective_scan,28,5,286985,287328,343
selective_scan,28,6,287612,287955,343
selective_scan,28,7,288239,288582,343
selective_scan,28,8,288872,289215,343
selective_scan,28,9,289499,289842,343
selective_scan,28,10,290126,290469,343
selective_scan,28,11,290753,291096,343
selective_scan,28,12,291386,291729,343
selective_scan,28,13,292013,292356,343
selective_scan,28,14,292640,292983,343
selective_scan,28,15,293267,293610,343
selective_scan,29,0,293900,294243,343
selective_scan,29,1,294527,294870,343
selective_scan,29,2,295154,295497,343
selective_scan,29,3,295781,296124,343
selective_scan,29,4,296414,296757,343
selective_scan,29,5,297041,297384,343
selective_scan,29,6,297668,298011,343
selective_scan,29,7,298295,298638,343
selective_scan,29,8,298928,299271,343
selective_scan,29,9,299555,299898,343
selective_scan,29,10,300182,300525,343
selective_scan,29,11,300809,301152,343
selective_scan,29,12,301442,301785,343
selective_scan,29,13,302069,302412,343
selective_scan,29,14,302696,303039,343
selective_scan,29,15,303323,303666,343
selective_scan,30,0,303956,304299,343
selective_scan,30,1,304583,304926,343
selective_scan,30,2,305210,305553,343
selective_scan,30,3,305837,306180,343
selective_scan,30,4,306470,306813,343
selective_scan,30,5,307097,307440,343
selective_scan,30,6,307724,308067,343
selective_scan,30,7,308351,308694,343
selective_scan,30,8,308984,309327,343
selective_scan,30,9,309611,309954,343
selective_scan,30,10,310238,310581,343
selective_scan,30,11,310865,311208,343
selective_scan,30,12,311498,311841,343
selective_scan,30,13,312125,312468,343
selective_scan,30,14,312752,313095,343
selective_scan,30,15,313379,313722,343
selective_scan,31,0,314012,314355,343
selective_scan,31,1,314639,314982,343
selective_scan,31,2,315266,315609,343
selective_scan,31,3,315893,316236,343
selective_scan,31,4,316526,316869,343
selective_scan,31,5,317153,317496,343
selective_scan,31,6,317780,318123,343
selective_scan,31,7,318407,318750,343
selective_scan,31,8,319040,319383,343
selective_scan,31,9,319667,320010,343
selective_scan,31,10,320294,320637,343
selective_scan,31,11,320921,321264,343
selective_scan,31,12,321554,321897,343
selective_scan,31,13,322181,322524,343
selective_scan,31,14,322808,323151,343
selective_scan,31,15,323435,323778,343
selective_scan,32,0,324068,324411,343
selective_scan,32,1,324695,325038,343
selective_scan,32,2,325322,325665,343
selective_scan,32,3,325949,326292,343
selective_scan,32,4,326582,326925,343
selective_scan,32,5,327209,327552,343
selective_scan,32,6,327836,328179,343
selective_scan,32,7,328463,328806,343
selective_scan,32,8,329096,329439,343
selective_scan,32,9,329723,330066,343
selective_scan,32,10,330350,330693,343
selective_scan,32,11,330977,331320,343
selective_scan,32,12,331610,331953,343
selective_scan,32,13,332237,332580,343
selective_scan,32,14,332864,333207,343
selective_scan,32,15,333491,333834,343
selective_scan,33,0,334124,334467,343
selective_scan,33,1,334751,335094,343
selective_scan,33,2,335378,335721,343
selective_scan,33,3,336005,336348,343
selective_scan,33,4,336638,336981,343
selective_scan,33,5,337265,337608,343
selective_scan,33,6,337892,338235,343
selective_scan,33,7,338519,338862,343
selective_scan,33,8,339152,339495,343
selective_scan,33,9,339779,340122,343
selective_scan,33,10,340406,340749,343
selective_scan,33,11,341033,341376,343
selective_scan,33,12,341666,342009,343
selective_scan,33,13,342293,342636,343
selective_scan,33,14,342920,343263,343
selective_scan,33,15,343547,343890,343
selective_scan,34,0,344180,344523,343
selective_scan,34,1,344807,345150,343
selective_scan,34,2,345434,345777,343
selective_scan,34,3,346061,346404,343
selective_scan,34,4,346694,347037,343
selective_scan,34,5,347321,347664,343
selective_scan,34,6,347948,348291,343
selective_scan,34,7,348575,348918,343
selective_scan,34,8,349208,349551,343
selective_scan,34,9,349835,350178,343
selective_scan,34,10,350462,350805,343
selective_scan,34,11,351089,351432,343
selective_scan,34,12,351722,352065,343
selective_scan,34,13,352349,352692,343
selective_scan,34,14,352976,353319,343
selective_scan,34,15,353603,353946,343
selective_scan,35,0,354236,354579,343
selective_scan,35,1,354863,355206,343
selective_scan,35,2,355490,355833,343
selective_scan,35,3,356117,356460,343
selective_scan,35,4,356750,357093,343
selective_scan,35,5,357377,357720,343
selective_scan,35,6,358004,358347,343
selective_scan,35,7,358631,358974,343
selective_scan,35,8,359264,359607,343
selective_scan,35,9,359891,360234,343
selective_scan,35,10,360518,360861,343
selective_scan,35,11,361145,361488,343
selective_scan,35,12,361778,362121,343
selective_scan,35,13,362405,362748,343
selective_scan,35,14,363032,363375,343
selective_scan,35,15,363659,364002,343
selective_scan,36,0,364292,364635,343
selective_scan,36,1,364919,365262,343
selective_scan,36,2,365546,365889,343
selective_scan,36,3,366173,366516,343
selective_scan,36,4,366806,367149,343
selective_scan,36,5,367433,367776,343
selective_scan,36,6,368060,368403,343
selective_scan,36,7,368687,369030,343
selective_scan,36,8,369320,369663,343
selective_scan,36,9,369947,370290,343
selective_scan,36,10,370574,370917,343
selective_scan,36,11,371201,371544,343
selective_scan,36,12,371834,372177,343
selective_scan,36,13,372461,372804,343
selective_scan,36,14,373088,373431,343
selective_scan,36,15,373715,374058,343
selective_scan,37,0,374348,374691,343
selective_scan,37,1,374975,375318,343
selective_scan,37,2,375602,375945,343
selective_scan,37,3,376229,376572,343
selective_scan,37,4,376862,377205,343
selective_scan,37,5,377489,377832,343
selective_scan,37,6,378116,378459,343
selective_scan,37,7,378743,379086,343
selective_scan,37,8,379376,379719,343
selective_scan,37,9,380003,380346,343
selective_scan,37,10,380630,380973,343
selective_scan,37,11,381257,381600,343
selective_scan,37,12,381890,382233,343
selective_scan,37,13,382517,382860,343
selective_scan,37,14,383144,383487,343
selective_scan,37,15,383771,384114,343
selective_scan,38,0,384404,384747,343
selective_scan,38,1,385031,385374,343
selective_scan,38,2,385658,386001,343
selective_scan,38,3,386285,386628,343
selective_scan,38,4,386918,387261,343
selective_scan,38,5,387545,387888,343
selective_scan,38,6,388172,388515,343
selective_scan,38,7,388799,389142,343
selective_scan,38,8,389432,389775,343
selective_scan,38,9,390059,390402,343
selective_scan,38,10,390686,391029,343
selective_scan,38,11,391313,391656,343
selective_scan,38,12,391946,392289,343
selective_scan,38,13,392573,392916,343
selective_scan,38,14,393200,393543,343
selective_scan,38,15,393827,394170,343
selective_scan,39,0,394460,394803,343
selective_scan,39,1,395087,395430,343
selective_scan,39,2,395714,396057,343
selective_scan,39,3,396341,396684,343
selective_scan,39,4,396974,397317,343
selective_scan,39,5,397601,397944,343
selective_scan,39,6,398228,398571,343
selective_scan,39,7,398855,399198,343
selective_scan,39,8,399488,399831,343
selective_scan,39,9,400115,400458,343
selective_scan,39,10,400742,401085,343
selective_scan,39,11,401369,401712,343
selective_scan,39,12,402002,402345,343
selective_scan,39,13,402629,402972,343
selective_scan,39,14,403256,403599,343
selective_scan,39,15,403883,404226,343
selective_scan,40,0,404516,404859,343
selective_scan,40,1,405143,405486,343
selective_scan,40,2,405770,406113,343
selective_scan,40,3,406397,406740,343
selective_scan,40,4,407030,407373,343
selective_scan,40,5,407657,408000,343
selective_scan,40,6,408284,408627,343
selective_scan,40,7,408911,409254,343
selective_scan,40,8,409544,409887,343
selective_scan,40,9,410171,410514,343
selective_scan,40,10,410798,411141,343
selective_scan,40,11,411425,411768,343
selective_scan,40,12,412058,412401,343
selective_scan,40,13,412685,413028,343
selective_scan,40,14,413312,413655,343
selective_scan,40,15,413939,414282,343
selective_scan,41,0,414572,414915,343
selective_scan,41,1,415199,415542,343
selective_scan,41,2,415826,416169,343
selective_scan,41,3,416453,416796,343
selective_scan,41,4,417086,417429,343
selective_scan,41,5,417713,418056,343
selective_scan,41,6,418340,418683,343
selective_scan,41,7,418967,419310,343
selective_scan,41,8,419600,419943,343
selective_scan,41,9,420227,420570,343
selective_scan,41,10,420854,421197,343
selective_scan,41,11,421481,421824,343
selective_scan,41,12,422114,422457,343
selective_scan,41,13,422741,423084,343
selective_scan,41,14,423368,423711,343
selective_scan,41,15,423995,424338,343
selective_scan,42,0,424628,424971,343
selective_scan,42,1,425255,425598,343
selective_scan,42,2,425882,426225,343
selective_scan,42,3,426509,426852,343
selective_scan,42,4,427142,427485,343
selective_scan,42,5,427769,428112,343
selective_scan,42,6,428396,428739,343
selective_scan,42,7,429023,429366,343
selective_scan,42,8,429656,429999,343
selective_scan,42,9,430283,430626,343
selective_scan,42,10,430910,431253,343
selective_scan,42,11,431537,431880,343
selective_scan,42,12,432170,432513,343
selective_scan,42,13,432797,433140,343
selective_scan,42,14,433424,433767,343
selective_scan,42,15,434051,434394,343
selective_scan,43,0,434684,435027,343
selective_scan,43,1,435311,435654,343
selective_scan,43,2,435938,436281,343
selective_scan,43,3,436565,436908,343
selective_scan,43,4,437198,437541,343
selective_scan,43,5,437825,438168,343
selective_scan,43,6,438452,438795,343
selective_scan,43,7,439079,439422,343
selective_scan,43,8,439712,440055,343
selective_scan,43,9,440339,440682,343
selective_scan,43,10,440966,441309,343
selective_scan,43,11,441593,441936,343
selective_scan,43,12,442226,442569,343
selective_scan,43,13,442853,443196,343
selective_scan,43,14,443480,443823,343
selective_scan,43,15,444107,444450,343
selective_scan,44,0,444740,445083,343
selective_scan,44,1,445367,445710,343
selective_scan,44,2,445994,446337,343
selective_scan,44,3,446621,446964,343
selective_scan,44,4,447254,447597,343
selective_scan,44,5,447881,448224,343
selective_scan,44,6,448508,448851,343
selective_scan,44,7,449135,449478,343
selective_scan,44,8,449768,450111,343
selective_scan,44,9,450395,450738,343
selective_scan,44,10,451022,451365,343
selective_scan,44,11,451649,451992,343
selective_scan,44,12,452282,452625,343
selective_scan,44,13,452909,453252,343
selective_scan,44,14,453536,453879,343
selective_scan,44,15,454163,454506,343
selective_scan,45,0,454796,455139,343
selective_scan,45,1,455423,455766,343
selective_scan,45,2,456050,456393,343
selective_scan,45,3,456677,457020,343
selective_scan,45,4,457310,457653,343
selective_scan,45,5,457937,458280,343
selective_scan,45,6,458564,458907,343
selective_scan,45,7,459191,459534,343
selective_scan,45,8,459824,460167,343
selective_scan,45,9,460451,460794,343
selective_scan,45,10,461078,461421,343
selective_scan,45,11,461705,462048,343
selective_scan,45,12,462338,462681,343
selective_scan,45,13,462965,463308,343
selective_scan,45,14,463592,463935,343
selective_scan,45,15,464219,464562,343
selective_scan,46,0,464852,465195,343
selective_scan,46,1,465479,465822,343
selective_scan,46,2,466106,466449,343
selective_scan,46,3,466733,467076,343
selective_scan,46,4,467366,467709,343
selective_scan,46,5,467993,468336,343
selective_scan,46,6,468620,468963,343
selective_scan,46,7,469247,469590,343
selective_scan,46,8,469880,470223,343
selective_scan,46,9,470507,470850,343
selective_scan,46,10,471134,471477,343
selective_scan,46,11,471761,472104,343
selective_scan,46,12,472394,472737,343
selective_scan,46,13,473021,473364,343
selective_scan,46,14,473648,473991,343
selective_scan,46,15,474275,474618,343
selective_scan,47,0,474908,475251,343
selective_scan,47,1,475535,475878,343
selective_scan,47,2,476162,476505,343
selective_scan,47,3,476789,477132,343
selective_scan,47,4,477422,477765,343
selective_scan,47,5,478049,478392,343
selective_scan,47,6,478676,479019,343
selective_scan,47,7,479303,479646,343
selective_scan,47,8,479936,480279,343
selective_scan,47,9,480563,480906,343
selective_scan,47,10,481190,481533,343
selective_scan,47,11,481817,482160,343
selective_scan,47,12,482450,482793,343
selective_scan,47,13,483077,483420,343
selective_scan,47,14,483704,484047,343
selective_scan,47,15,484331,484674,343
selective_scan,48,0,484964,485307,343
selective_scan,48,1,485591,485934,343
selective_scan,48,2,486218,486561,343
selective_scan,48,3,486845,487188,343
selective_scan,48,4,487478,487821,343
selective_scan,48,5,488105,488448,343
selective_scan,48,6,488732,489075,343
selective_scan,48,7,489359,489702,343
selective_scan,48,8,489992,490335,343
selective_scan,48,9,490619,490962,343
selective_scan,48,10,491246,491589,343
selective_scan,48,11,491873,492216,343
selective_scan,48,12,492506,492849,343
selective_scan,48,13,493133,493476,343
selective_scan,48,14,493760,494103,343
selective_scan,48,15,494387,494730,343
selective_scan,49,0,495020,495363,343
selective_scan,49,1,495647,495990,343
selective_scan,49,2,496274,496617,343
selective_scan,49,3,496901,497244,343
selective_scan,49,4,497534,497877,343
selective_scan,49,5,498161,498504,343
selective_scan,49,6,498788,499131,343
selective_scan,49,7,499415,499758,343
selective_scan,49,8,500048,500391,343
selective_scan,49,9,500675,501018,343
selective_scan,49,10,501302,501645,343
selective_scan,49,11,501929,502272,343
selective_scan,49,12,502562,502905,343
selective_scan,49,13,503189,503532,343
selective_scan,49,14,503816,504159,343
selective_scan,49,15,504443,504786,343
selective_scan,50,0,505076,505419,343
selective_scan,50,1,505703,506046,343
selective_scan,50,2,506330,506673,343
selective_scan,50,3,506957,507300,343
selective_scan,50,4,507590,507933,343
selective_scan,50,5,508217,508560,343
selective_scan,50,6,508844,509187,343
selective_scan,50,7,509471,509814,343
selective_scan,50,8,510104,510447,343
selective_scan,50,9,510731,511074,343
selective_scan,50,10,511358,511701,343
selective_scan,50,11,511985,512328,343
selective_scan,50,12,512618,512961,343
selective_scan,50,13,513245,513588,343
selective_scan,50,14,513872,514215,343
selective_scan,50,15,514499,514842,343
selective_scan,51,0,515132,515475,343
selective_scan,51,1,515759,516102,343
selective_scan,51,2,516386,516729,343
selective_scan,51,3,517013,517356,343
selective_scan,51,4,517646,517989,343
selective_scan,51,5,518273,518616,343
selective_scan,51,6,518900,519243,343
selective_scan,51,7,519527,519870,343
selective_scan,51,8,520160,520503,343
selective_scan,51,9,520787,521130,343
selective_scan,51,10,521414,521757,343
selective_scan,51,11,522041,522384,343
selective_scan,51,12,522674,523017,343
selective_scan,51,13,523301,523644,343
selective_scan,51,14,523928,524271,343
selective_scan,51,15,524555,524898,343
selective_scan,52,0,525188,525531,343
selective_scan,52,1,525815,526158,343
selective_scan,52,2,526442,526785,343
selective_scan,52,3,527069,527412,343
selective_scan,52,4,527702,528045,343
selective_scan,52,5,528329,528672,343
selective_scan,52,6,528956,529299,343
selective_scan,52,7,529583,529926,343
selective_scan,52,8,530216,530559,343
selective_scan,52,9,530843,531186,343
selective_scan,52,10,531470,531813,343
selective_scan,52,11,532097,532440,343
selective_scan,52,12,532730,533073,343
selective_scan,52,13,533357,533700,343
selective_scan,52,14,533984,534327,343
selective_scan,52,15,534611,534954,343
selective_scan,53,0,535244,535587,343
selective_scan,53,1,535871,536214,343
selective_scan,53,2,536498,536841,343
selective_scan,53,3,537125,537468,343
selective_scan,53,4,537758,538101,343
selective_scan,53,5,538385,538728,343
selective_scan,53,6,539012,539355,343
selective_scan,53,7,539639,539982,343
selective_scan,53,8,540272,540615,343
selective_scan,53,9,540899,541242,343
selective_scan,53,10,541526,541869,343
selective_scan,53,11,542153,542496,343
selective_scan,53,12,542786,543129,343
selective_scan,53,13,543413,543756,343
selective_scan,53,14,544040,544383,343
selective_scan,53,15,544667,545010,343
selective_scan,54,0,545300,545643,343
selective_scan,54,1,545927,546270,343
selective_scan,54,2,546554,546897,343
selective_scan,54,3,547181,547524,343
selective_scan,54,4,547814,548157,343
selective_scan,54,5,548441,548784,343
selective_scan,54,6,549068,549411,343
selective_scan,54,7,549695,550038,343
selective_scan,54,8,550328,550671,343
selective_scan,54,9,550955,551298,343
selective_scan,54,10,551582,551925,343
selective_scan,54,11,552209,552552,343
selective_scan,54,12,552842,553185,343
selective_scan,54,13,553469,553812,343
selective_scan,54,14,554096,554439,343
selective_scan,54,15,554723,555066,343
selective_scan,55,0,555356,555699,343
selective_scan,55,1,555983,556326,343
selective_scan,55,2,556610,556953,343
selective_scan,55,3,557237,557580,343
selective_scan,55,4,557870,558213,343
selective_scan,55,5,558497,558840,343
selective_scan,55,6,559124,559467,343
selective_scan,55,7,559751,560094,343
selective_scan,55,8,560384,560727,343
selective_scan,55,9,561011,561354,343
selective_scan,55,10,561638,561981,343
selective_scan,55,11,562265,562608,343
selective_scan,55,12,562898,563241,343
selective_scan,55,13,563525,563868,343
selective_scan,55,14,564152,564495,343
selective_scan,55,15,564779,565122,343
selective_scan,56,0,565412,565755,343
selective_scan,56,1,566039,566382,343
selective_scan,56,2,566666,567009,343
selective_scan,56,3,567293,567636,343
selective_scan,56,4,567926,568269,343
selective_scan,56,5,568553,568896,343
selective_scan,56,6,569180,569523,343
selective_scan,56,7,569807,570150,343
selective_scan,56,8,570440,570783,343
selective_scan,56,9,571067,571410,343
selective_scan,56,10,571694,572037,343
selective_scan,56,11,572321,572664,343
selective_scan,56,12,572954,573297,343
selective_scan,56,13,573581,573924,343
selective_scan,56,14,574208,574551,343
selective_scan,56,15,574835,575178,343
selective_scan,57,0,575468,575811,343
selective_scan,57,1,576095,576438,343
selective_scan,57,2,576722,577065,343
selective_scan,57,3,577349,577692,343
selective_scan,57,4,577982,578325,343
selective_scan,57,5,578609,578952,343
selective_scan,57,6,579236,579579,343
selective_scan,57,7,579863,580206,343
selective_scan,57,8,580496,580839,343
selective_scan,57,9,581123,581466,343
selective_scan,57,10,581750,582093,343
selective_scan,57,11,582377,582720,343
selective_scan,57,12,583010,583353,343
selective_scan,57,13,583637,583980,343
selective_scan,57,14,584264,584607,343
selective_scan,57,15,584891,585234,343
selective_scan,58,0,585524,585867,343
selective_scan,58,1,586151,586494,343
selective_scan,58,2,586778,587121,343
selective_scan,58,3,587405,587748,343
selective_scan,58,4,588038,588381,343
selective_scan,58,5,588665,589008,343
selective_scan,58,6,589292,589635,343
selective_scan,58,7,589919,590262,343
selective_scan,58,8,590552,590895,343
selective_scan,58,9,591179,591522,343
selective_scan,58,10,591806,592149,343
selective_scan,58,11,592433,592776,343
selective_scan,58,12,593066,593409,343
selective_scan,58,13,593693,594036,343
selective_scan,58,14,594320,594663,343
selective_scan,58,15,594947,595290,343
selective_scan,59,0,595580,595923,343
selective_scan,59,1,596207,596550,343
selective_scan,59,2,596834,597177,343
selective_scan,59,3,597461,597804,343
selective_scan,59,4,598094,598437,343
selective_scan,59,5,598721,599064,343
selective_scan,59,6,599348,599691,343
selective_scan,59,7,599975,600318,343
selective_scan,59,8,600608,600951,343
selective_scan,59,9,601235,601578,343
selective_scan,59,10,601862,602205,343
selective_scan,59,11,602489,602832,343
selective_scan,59,12,603122,603465,343
selective_scan,59,13,603749,604092,343
selective_scan,59,14,604376,604719,343
selective_scan,59,15,605003,605346,343
selective_scan,60,0,605636,605979,343
selective_scan,60,1,606263,606606,343
selective_scan,60,2,606890,607233,343
selective_scan,60,3,607517,607860,343
selective_scan,60,4,608150,608493,343
selective_scan,60,5,608777,609120,343
selective_scan,60,6,609404,609747,343
selective_scan,60,7,610031,610374,343
selective_scan,60,8,610664,611007,343
selective_scan,60,9,611291,611634,343
selective_scan,60,10,611918,612261,343
selective_scan,60,11,612545,612888,343
selective_scan,60,12,613178,613521,343
selective_scan,60,13,613805,614148,343
selective_scan,60,14,614432,614775,343
selective_scan,60,15,615059,615402,343
selective_scan,61,0,615692,616035,343
selective_scan,61,1,616319,616662,343
selective_scan,61,2,616946,617289,343
selective_scan,61,3,617573,617916,343
selective_scan,61,4,618206,618549,343
selective_scan,61,5,618833,619176,343
selective_scan,61,6,619460,619803,343
selective_scan,61,7,620087,620430,343
selective_scan,61,8,620720,621063,343
selective_scan,61,9,621347,621690,343
selective_scan,61,10,621974,622317,343
selective_scan,61,11,622601,622944,343
selective_scan,61,12,623234,623577,343
selective_scan,61,13,623861,624204,343
selective_scan,61,14,624488,624831,343
selective_scan,61,15,625115,625458,343
selective_scan,62,0,625748,626091,343
selective_scan,62,1,626375,626718,343
selective_scan,62,2,627002,627345,343
selective_scan,62,3,627629,627972,343
selective_scan,62,4,628262,628605,343
selective_scan,62,5,628889,629232,343
selective_scan,62,6,629516,629859,343
selective_scan,62,7,630143,630486,343
selective_scan,62,8,630776,631119,343
selective_scan,62,9,631403,631746,343
selective_scan,62,10,632030,632373,343
selective_scan,62,11,632657,633000,343
selective_scan,62,12,633290,633633,343
selective_scan,62,13,633917,634260,343
selective_scan,62,14,634544,634887,343
selective_scan,62,15,635171,635514,343
selective_scan,63,0,635804,636147,343
selective_scan,63,1,636431,636774,343
selective_scan,63,2,637058,637401,343
selective_scan,63,3,637685,638028,343
selective_scan,63,4,638318,638661,343
selective_scan,63,5,638945,639288,343
selective_scan,63,6,639572,639915,343
selective_scan,63,7,640199,640542,343
selective_scan,63,8,640832,641175,343
selective_scan,63,9,641459,641802,343
selective_scan,63,10,642086,642429,343
selective_scan,63,11,642713,643056,343
selective_scan,63,12,643346,643689,343
selective_scan,63,13,643973,644316,343
selective_scan,63,14,644600,644943,343
selective_scan,63,15,645227,645570,343
gating,0,0,2619,2663,44
gating,0,1,3246,3290,44
gating,0,2,3873,3917,44
gating,0,3,4500,4544,44
gating,0,4,5133,5177,44
gating,0,5,5760,5804,44
gating,0,6,6387,6431,44
gating,0,7,7014,7058,44
gating,0,8,7647,7691,44
gating,0,9,8274,8318,44
gating,0,10,8901,8945,44
gating,0,11,9528,9572,44
gating,0,12,10161,10205,44
gating,0,13,10788,10832,44
gating,0,14,11415,11459,44
gating,0,15,12042,12086,44
gating,1,0,12675,12719,44
gating,1,1,13302,13346,44
gating,1,2,13929,13973,44
gating,1,3,14556,14600,44
gating,1,4,15189,15233,44
gating,1,5,15816,15860,44
gating,1,6,16443,16487,44
gating,1,7,17070,17114,44
gating,1,8,17703,17747,44
gating,1,9,18330,18374,44
gating,1,10,18957,19001,44
gating,1,11,19584,19628,44
gating,1,12,20217,20261,44
gating,1,13,20844,20888,44
gating,1,14,21471,21515,44
gating,1,15,22098,22142,44
gating,2,0,22731,22775,44
gating,2,1,23358,23402,44
gating,2,2,23985,24029,44
gating,2,3,24612,24656,44
gating,2,4,25245,25289,44
gating,2,5,25872,25916,44
gating,2,6,26499,26543,44
gating,2,7,27126,27170,44
gating,2,8,27759,27803,44
gating,2,9,28386,28430,44
gating,2,10,29013,29057,44
gating,2,11,29640,29684,44
gating,2,12,30273,30317,44
gating,2,13,30900,30944,44
gating,2,14,31527,31571,44
gating,2,15,32154,32198,44
gating,3,0,32787,32831,44
gating,3,1,33414,33458,44
gating,3,2,34041,34085,44
gating,3,3,34668,34712,44
gating,3,4,35301,35345,44
gating,3,5,35928,35972,44
gating,3,6,36555,36599,44
gating,3,7,37182,37226,44
gating,3,8,37815,37859,44
gating,3,9,38442,38486,44
gating,3,10,39069,39113,44
gating,3,11,39696,39740,44
gating,3,12,40329,40373,44
gating,3,13,40956,41000,44
gating,3,14,41583,41627,44
gating,3,15,42210,42254,44
gating,4,0,42843,42887,44
gating,4,1,43470,43514,44
gating,4,2,44097,44141,44
gating,4,3,44724,44768,44
gating,4,4,45357,45401,44
gating,4,5,45984,46028,44
gating,4,6,46611,46655,44
gating,4,7,47238,47282,44
gating,4,8,47871,47915,44
gating,4,9,48498,48542,44
gating,4,10,49125,49169,44
gating,4,11,49752,49796,44
gating,4,12,50385,50429,44
gating,4,13,51012,51056,44
gating,4,14,51639,51683,44
gating,4,15,52266,52310,44
gating,5,0,52899,52943,44
gating,5,1,53526,53570,44
gating,5,2,54153,54197,44
gating,5,3,54780,54824,44
gating,5,4,55413,55457,44
gating,5,5,56040,56084,44
gating,5,6,56667,56711,44
gating,5,7,57294,57338,44
gating,5,8,57927,57971,44
gating,5,9,58554,58598,44
gating,5,10,59181,59225,44
gating,5,11,59808,59852,44
gating,5,12,60441,60485,44
gating,5,13,61068,61112,44
gating,5,14,61695,61739,44
gating,5,15,62322,62366,44
gating,6,0,62955,62999,44
gating,6,1,63582,63626,44
gating,6,2,64209,64253,44
gating,6,3,64836,64880,44
gating,6,4,65469,65513,44
gating,6,5,66096,66140,44
gating,6,6,66723,66767,44
gating,6,7,67350,67394,44
gating,6,8,67983,68027,44
gating,6,9,68610,68654,44
gating,6,10,69237,69281,44
gating,6,11,69864,69908,44
gating,6,12,70497,70541,44
gating,6,13,71124,71168,44
gating,6,14,71751,71795,44
gating,6,15,72378,72422,44
gating,7,0,73011,73055,44
gating,7,1,73638,73682,44
gating,7,2,74265,74309,44
gating,7,3,74892,74936,44
gating,7,4,75525,75569,44
gating,7,5,76152,76196,44
gating,7,6,76779,76823,44
gating,7,7,77406,77450,44
gating,7,8,78039,78083,44
gating,7,9,78666,78710,44
gating,7,10,79293,79337,44
gating,7,11,79920,79964,44
gating,7,12,80553,80597,44
gating,7,13,81180,81224,44
gating,7,14,81807,81851,44
gating,7,15,82434,82478,44
gating,8,0,83067,83111,44
gating,8,1,83694,83738,44
gating,8,2,84321,84365,44
gating,8,3,84948,84992,44
gating,8,4,85581,85625,44
gating,8,5,86208,86252,44
gating,8,6,86835,86879,44
gating,8,7,87462,87506,44
gating,8,8,88095,88139,44
gating,8,9,88722,88766,44
gating,8,10,89349,89393,44
gating,8,11,89976,90020,44
gating,8,12,90609,90653,44
gating,8,13,91236,91280,44
gating,8,14,91863,91907,44
gating,8,15,92490,92534,44
gating,9,0,93123,93167,44
gating,9,1,93750,93794,44
gating,9,2,94377,94421,44
gating,9,3,95004,95048,44
gating,9,4,95637,95681,44
gating,9,5,96264,96308,44
gating,9,6,96891,96935,44
gating,9,7,97518,97562,44
gating,9,8,98151,98195,44
gating,9,9,98778,98822,44
gating,9,10,99405,99449,44
gating,9,11,100032,100076,44
gating,9,12,100665,100709,44
gating,9,13,101292,101336,44
gating,9,14,101919,101963,44
gating,9,15,102546,102590,44
gating,10,0,103179,103223,44
gating,10,1,103806,103850,44
gating,10,2,104433,104477,44
gating,10,3,105060,105104,44
gating,10,4,105693,105737,44
gating,10,5,106320,106364,44
gating,10,6,106947,106991,44
gating,10,7,107574,107618,44
gating,10,8,108207,108251,44
gating,10,9,108834,108878,44
gating,10,10,109461,109505,44
gating,10,11,110088,110132,44
gating,10,12,110721,110765,44
gating,10,13,111348,111392,44
gating,10,14,111975,112019,44
gating,10,15,112602,112646,44
gating,11,0,113235,113279,44
gating,11,1,113862,113906,44
gating,11,2,114489,114533,44
gating,11,3,115116,115160,44
gating,11,4,115749,115793,44
gating,11,5,116376,116420,44
gating,11,6,117003,117047,44
gating,11,7,117630,117674,44
gating,11,8,118263,118307,44
gating,11,9,118890,118934,44
gating,11,10,119517,119561,44
gating,11,11,120144,120188,44
gating,11,12,120777,120821,44
gating,11,13,121404,121448,44
gating,11,14,122031,122075,44
gating,11,15,122658,122702,44
gating,12,0,123291,123335,44
gating,12,1,123918,123962,44
gating,12,2,124545,124589,44
gating,12,3,125172,125216,44
gating,12,4,125805,125849,44
gating,12,5,126432,126476,44
gating,12,6,127059,127103,44
gating,12,7,127686,127730,44
gating,12,8,128319,128363,44
gating,12,9,128946,128990,44
gating,12,10,129573,129617,44
gating,12,11,130200,130244,44
gating,12,12,130833,130877,44
gating,12,13,131460,131504,44
gating,12,14,132087,132131,44
gating,12,15,132714,132758,44
gating,13,0,133347,133391,44
gating,13,1,133974,134018,44
gating,13,2,134601,134645,44
gating,13,3,135228,135272,44
gating,13,4,135861,135905,44
gating,13,5,136488,136532,44
gating,13,6,137115,137159,44
gating,13,7,137742,137786,44
gating,13,8,138375,138419,44
gating,13,9,139002,139046,44
gating,13,10,139629,139673,44
gating,13,11,140256,140300,44
gating,13,12,140889,140933,44
gating,13,13,141516,141560,44
gating,13,14,142143,142187,44
gating,13,15,142770,142814,44
gating,14,0,143403,143447,44
gating,14,1,144030,144074,44
gating,14,2,144657,144701,44
gating,14,3,145284,145328,44
gating,14,4,145917,145961,44
gating,14,5,146544,146588,44
gating,14,6,147171,147215,44
gating,14,7,147798,147842,44
gating,14,8,148431,148475,44
gating,14,9,149058,149102,44
gating,14,10,149685,149729,44
gating,14,11,150312,150356,44
gating,14,12,150945,150989,44
gating,14,13,151572,151616,44
gating,14,14,152199,152243,44
gating,14,15,152826,152870,44
gating,15,0,153459,153503,44
gating,15,1,154086,154130,44
gating,15,2,154713,154757,44
gating,15,3,155340,155384,44
gating,15,4,155973,156017,44
gating,15,5,156600,156644,44
gating,15,6,157227,157271,44
gating,15,7,157854,157898,44
gating,15,8,158487,158531,44
gating,15,9,159114,159158,44
gating,15,10,159741,159785,44
gating,15,11,160368,160412,44
gating,15,12,161001,161045,44
gating,15,13,161628,161672,44
gating,15,14,162255,162299,44
gating,15,15,162882,162926,44
gating,16,0,163515,163559,44
gating,16,1,164142,164186,44
gating,16,2,164769,164813,44
gating,16,3,165396,165440,44
gating,16,4,166029,166073,44
gating,16,5,166656,166700,44
gating,16,6,167283,167327,44
gating,16,7,167910,167954,44
gating,16,8,168543,168587,44
gating,16,9,169170,169214,44
gating,16,10,169797,169841,44
gating,16,11,170424,170468,44
gating,16,12,171057,171101,44
gating,16,13,171684,171728,44
gating,16,14,172311,172355,44
gating,16,15,172938,172982,44
gating,17,0,173571,173615,44
gating,17,1,174198,174242,44
gating,17,2,174825,174869,44
gating,17,3,175452,175496,44
gating,17,4,176085,176129,44
gating,17,5,176712,176756,44
gating,17,6,177339,177383,44
gating,17,7,177966,178010,44
gating,17,8,178599,178643,44
gating,17,9,179226,179270,44
gating,17,10,179853,179897,44
gating,17,11,180480,180524,44
gating,17,12,181113,181157,44
gating,17,13,181740,181784,44
gating,17,14,182367,182411,44
gating,17,15,182994,183038,44
gating,18,0,183627,183671,44
gating,18,1,184254,184298,44
gating,18,2,184881,184925,44
gating,18,3,185508,185552,44
gating,18,4,186141,186185,44
gating,18,5,186768,186812,44
gating,18,6,187395,187439,44
gating,18,7,188022,188066,44
gating,18,8,188655,188699,44
gating,18,9,189282,189326,44
gating,18,10,189909,189953,44
gating,18,11,190536,190580,44
gating,18,12,191169,191213,44
gating,18,13,191796,191840,44
gating,18,14,192423,192467,44
gating,18,15,193050,193094,44
gating,19,0,193683,193727,44
gating,19,1,194310,194354,44
gating,19,2,194937,194981,44
gating,19,3,195564,195608,44
gating,19,4,196197,196241,44
gating,19,5,196824,196868,44
gating,19,6,197451,197495,44
gating,19,7,198078,198122,44
gating,19,8,198711,198755,44
gating,19,9,199338,199382,44
gating,19,10,199965,200009,44
gating,19,11,200592,200636,44
gating,19,12,201225,201269,44
gating,19,13,201852,201896,44
gating,19,14,202479,202523,44
gating,19,15,203106,203150,44
gating,20,0,203739,203783,44
gating,20,1,204366,204410,44
gating,20,2,204993,205037,44
gating,20,3,205620,205664,44
gating,20,4,206253,206297,44
gating,20,5,206880,206924,44
gating,20,6,207507,207551,44
gating,20,7,208134,208178,44
gating,20,8,208767,208811,44
gating,20,9,209394,209438,44
gating,20,10,210021,210065,44
gating,20,11,210648,210692,44
gating,20,12,211281,211325,44
gating,20,13,211908,211952,44
gating,20,14,212535,212579,44
gating,20,15,213162,213206,44
gating,21,0,213795,213839,44
gating,21,1,214422,214466,44
gating,21,2,215049,215093,44
gating,21,3,215676,215720,44
gating,21,4,216309,216353,44
gating,21,5,216936,216980,44
gating,21,6,217563,217607,44
gating,21,7,218190,218234,44
gating,21,8,218823,218867,44
gating,21,9,219450,219494,44
gating,21,10,220077,220121,44
gating,21,11,220704,220748,44
gating,21,12,221337,221381,44
gating,21,13,221964,222008,44
gating,21,14,222591,222635,44
gating,21,15,223218,223262,44
gating,22,0,223851,223895,44
gating,22,1,224478,224522,44
gating,22,2,225105,225149,44
gating,22,3,225732,225776,44
gating,22,4,226365,226409,44
gating,22,5,226992,227036,44
gating,22,6,227619,227663,44
gating,22,7,228246,228290,44
gating,22,8,228879,228923,44
gating,22,9,229506,229550,44
gating,22,10,230133,230177,44
gating,22,11,230760,230804,44
gating,22,12,231393,231437,44
gating,22,13,232020,232064,44
gating,22,14,232647,232691,44
gating,22,15,233274,233318,44
gating,23,0,233907,233951,44
gating,23,1,234534,234578,44
gating,23,2,235161,235205,44
gating,23,3,235788,235832,44
gating,23,4,236421,236465,44
gating,23,5,237048,237092,44
gating,23,6,237675,237719,44
gating,23,7,238302,238346,44
gating,23,8,238935,238979,44
gating,23,9,239562,239606,44
gating,23,10,240189,240233,44
gating,23,11,240816,240860,44
gating,23,12,241449,241493,44
gating,23,13,242076,242120,44
gating,23,14,242703,242747,44
gating,23,15,243330,243374,44
gating,24,0,243963,244007,44
gating,24,1,244590,244634,44
gating,24,2,245217,245261,44
gating,24,3,245844,245888,44
gating,24,4,246477,246521,44
gating,24,5,247104,247148,44
gating,24,6,247731,247775,44
gating,24,7,248358,248402,44
gating,24,8,248991,249035,44
gating,24,9,249618,249662,44
gating,24,10,250245,250289,44
gating,24,11,250872,250916,44
gating,24,12,251505,251549,44
gating,24,13,252132,252176,44
gating,24,14,252759,252803,44
gating,24,15,253386,253430,44
gating,25,0,254019,254063,44
gating,25,1,254646,254690,44
gating,25,2,255273,255317,44
gating,25,3,255900,255944,44
gating,25,4,256533,256577,44
gating,25,5,257160,257204,44
gating,25,6,257787,257831,44
gating,25,7,258414,258458,44
gating,25,8,259047,259091,44
gating,25,9,259674,259718,44
gating,25,10,260301,260345,44
gating,25,11,260928,260972,44
gating,25,12,261561,261605,44
gating,25,13,262188,262232,44
gating,25,14,262815,262859,44
gating,25,15,263442,263486,44
gating,26,0,264075,264119,44
gating,26,1,264702,264746,44
gating,26,2,265329,265373,44
gating,26,3,265956,266000,44
gating,26,4,266589,266633,44
gating,26,5,267216,267260,44
gating,26,6,267843,267887,44
gating,26,7,268470,268514,44
gating,26,8,269103,269147,44
gating,26,9,269730,269774,44
gating,26,10,270357,270401,44
gating,26,11,270984,271028,44
gating,26,12,271617,271661,44
gating,26,13,272244,272288,44
gating,26,14,272871,272915,44
gating,26,15,273498,273542,44
gating,27,0,274131,274175,44
gating,27,1,274758,274802,44
gating,27,2,275385,275429,44
gating,27,3,276012,276056,44
gating,27,4,276645,276689,44
gating,27,5,277272,277316,44
gating,27,6,277899,277943,44
gating,27,7,278526,278570,44
gating,27,8,279159,279203,44
gating,27,9,279786,279830,44
gating,27,10,280413,280457,44
gating,27,11,281040,281084,44
gating,27,12,281673,281717,44
gating,27,13,282300,282344,44
gating,27,14,282927,282971,44
gating,27,15,283554,283598,44
gating,28,0,284187,284231,44
gating,28,1,284814,284858,44
gating,28,2,285441,285485,44
gating,28,3,286068,286112,44
gating,28,4,286701,286745,44
gating,28,5,287328,287372,44
gating,28,6,287955,287999,44
gating,28,7,288582,288626,44
gating,28,8,289215,289259,44
gating,28,9,289842,289886,44
gating,28,10,290469,290513,44
gating,28,11,291096,291140,44
gating,28,12,291729,291773,44
gating,28,13,292356,292400,44
gating,28,14,292983,293027,44
gating,28,15,293610,293654,44
gating,29,0,294243,294287,44
gating,29,1,294870,294914,44
gating,29,2,295497,295541,44
gating,29,3,296124,296168,44
gating,29,4,296757,296801,44
gating,29,5,297384,297428,44
gating,29,6,298011,298055,44
gating,29,7,298638,298682,44
gating,29,8,299271,299315,44
gating,29,9,299898,299942,44
gating,29,10,300525,300569,44
gating,29,11,301152,301196,44
gating,29,12,301785,301829,44
gating,29,13,302412,302456,44
gating,29,14,303039,303083,44
gating,29,15,303666,303710,44
gating,30,0,304299,304343,44
gating,30,1,304926,304970,44
gating,30,2,305553,305597,44
gating,30,3,306180,306224,44
gating,30,4,306813,306857,44
gating,30,5,307440,307484,44
gating,30,6,308067,308111,44
gating,30,7,308694,308738,44
gating,30,8,309327,309371,44
gating,30,9,309954,309998,44
gating,30,10,310581,310625,44
gating,30,11,311208,311252,44
gating,30,12,311841,311885,44
gating,30,13,312468,312512,44
gating,30,14,313095,313139,44
gating,30,15,313722,313766,44
gating,31,0,314355,314399,44
gating,31,1,314982,315026,44
gating,31,2,315609,315653,44
gating,31,3,316236,316280,44
gating,31,4,316869,316913,44
gating,31,5,317496,317540,44
gating,31,6,318123,318167,44
gating,31,7,318750,318794,44
gating,31,8,319383,319427,44
gating,31,9,320010,320054,44
gating,31,10,320637,320681,44
gating,31,11,321264,321308,44
gating,31,12,321897,321941,44
gating,31,13,322524,322568,44
gating,31,14,323151,323195,44
gating,31,15,323778,323822,44
gating,32,0,324411,324455,44
gating,32,1,325038,325082,44
gating,32,2,325665,325709,44
gating,32,3,326292,326336,44
gating,32,4,326925,326969,44
gating,32,5,327552,327596,44
gating,32,6,328179,328223,44
gating,32,7,328806,328850,44
gating,32,8,329439,329483,44
gating,32,9,330066,330110,44
gating,32,10,330693,330737,44
gating,32,11,331320,331364,44
gating,32,12,331953,331997,44
gating,32,13,332580,332624,44
gating,32,14,333207,333251,44
gating,32,15,333834,333878,44
gating,33,0,334467,334511,44
gating,33,1,335094,335138,44
gating,33,2,335721,335765,44
gating,33,3,336348,336392,44
gating,33,4,336981,337025,44
gating,33,5,337608,337652,44
gating,33,6,338235,338279,44
gating,33,7,338862,338906,44
gating,33,8,339495,339539,44
gating,33,9,340122,340166,44
gating,33,10,340749,340793,44
gating,33,11,341376,341420,44
gating,33,12,342009,342053,44
gating,33,13,342636,342680,44
gating,33,14,343263,343307,44
gating,33,15,343890,343934,44
gating,34,0,344523,344567,44
gating,34,1,345150,345194,44
gating,34,2,345777,345821,44
gating,34,3,346404,346448,44
gating,34,4,347037,347081,44
gating,34,5,347664,347708,44
gating,34,6,348291,348335,44
gating,34,7,348918,348962,44
gating,34,8,349551,349595,44
gating,34,9,350178,350222,44
gating,34,10,350805,350849,44
gating,34,11,351432,351476,44
gating,34,12,352065,352109,44
gating,34,13,352692,352736,44
gating,34,14,353319,353363,44
gating,34,15,353946,353990,44
gating,35,0,354579,354623,44
gating,35,1,355206,355250,44
gating,35,2,355833,355877,44
gating,35,3,356460,356504,44
gating,35,4,357093,357137,44
gating,35,5,357720,357764,44
gating,35,6,358347,358391,44
gating,35,7,358974,359018,44
gating,35,8,359607,359651,44
gating,35,9,360234,360278,44
gating,35,10,360861,360905,44
gating,35,11,361488,361532,44
gating,35,12,362121,362165,44
gating,35,13,362748,362792,44
gating,35,14,363375,363419,44
gating,35,15,364002,364046,44
gating,36,0,364635,364679,44
gating,36,1,365262,365306,44
gating,36,2,365889,365933,44
gating,36,3,366516,366560,44
gating,36,4,367149,367193,44
gating,36,5,367776,367820,44
gating,36,6,368403,368447,44
gating,36,7,369030,369074,44
gating,36,8,369663,369707,44
gating,36,9,370290,370334,44
gating,36,10,370917,370961,44
gating,36,11,371544,371588,44
gating,36,12,372177,372221,44
gating,36,13,372804,372848,44
gating,36,14,373431,373475,44
gating,36,15,374058,374102,44
gating,37,0,374691,374735,44
gating,37,1,375318,375362,44
gating,37,2,375945,375989,44
gating,37,3,376572,376616,44
gating,37,4,377205,377249,44
gating,37,5,377832,377876,44
gating,37,6,378459,378503,44
gating,37,7,379086,379130,44
gating,37,8,379719,379763,44
gating,37,9,380346,380390,44
gating,37,10,380973,381017,44
gating,37,11,381600,381644,44
gating,37,12,382233,382277,44
gating,37,13,382860,382904,44
gating,37,14,383487,383531,44
gating,37,15,384114,384158,44
gating,38,0,384747,384791,44
gating,38,1,385374,385418,44
gating,38,2,386001,386045,44
gating,38,3,386628,386672,44
gating,38,4,387261,387305,44
gating,38,5,387888,387932,44
gating,38,6,388515,388559,44
gating,38,7,389142,389186,44
gating,38,8,389775,389819,44
gating,38,9,390402,390446,44
gating,38,10,391029,391073,44
gating,38,11,391656,391700,44
gating,38,12,392289,392333,44
gating,38,13,392916,392960,44
gating,38,14,393543,393587,44
gating,38,15,394170,394214,44
gating,39,0,394803,394847,44
gating,39,1,395430,395474,44
gating,39,2,396057,396101,44
gating,39,3,396684,396728,44
gating,39,4,397317,397361,44
gating,39,5,397944,397988,44
gating,39,6,398571,398615,44
gating,39,7,399198,399242,44
gating,39,8,399831,399875,44
gating,39,9,400458,400502,44
gating,39,10,401085,401129,44
gating,39,11,401712,401756,44
gating,39,12,402345,402389,44
gating,39,13,402972,403016,44
gating,39,14,403599,403643,44
gating,39,15,404226,404270,44
gating,40,0,404859,404903,44
gating,40,1,405486,405530,44
gating,40,2,406113,406157,44
gating,40,3,406740,406784,44
gating,40,4,407373,407417,44
gating,40,5,408000,408044,44
gating,40,6,408627,408671,44
gating,40,7,409254,409298,44
gating,40,8,409887,409931,44
gating,40,9,410514,410558,44
gating,40,10,411141,411185,44
gating,40,11,411768,411812,44
gating,40,12,412401,412445,44
gating,40,13,413028,413072,44
gating,40,14,413655,413699,44
gating,40,15,414282,414326,44
gating,41,0,414915,414959,44
gating,41,1,415542,415586,44
gating,41,2,416169,416213,44
gating,41,3,416796,416840,44
gating,41,4,417429,417473,44
gating,41,5,418056,418100,44
gating,41,6,418683,418727,44
gating,41,7,419310,419354,44
gating,41,8,419943,419987,44
gating,41,9,420570,420614,44
gating,41,10,421197,421241,44
gating,41,11,421824,421868,44
gating,41,12,422457,422501,44
gating,41,13,423084,423128,44
gating,41,14,423711,423755,44
gating,41,15,424338,424382,44
gating,42,0,424971,425015,44
gating,42,1,425598,425642,44
gating,42,2,426225,426269,44
gating,42,3,426852,426896,44
gating,42,4,427485,427529,44
gating,42,5,428112,428156,44
gating,42,6,428739,428783,44
gating,42,7,429366,429410,44
gating,42,8,429999,430043,44
gating,42,9,430626,430670,44
gating,42,10,431253,431297,44
gating,42,11,431880,431924,44
gating,42,12,432513,432557,44
gating,42,13,433140,433184,44
gating,42,14,433767,433811,44
gating,42,15,434394,434438,44
gating,43,0,435027,435071,44
gating,43,1,435654,435698,44
gating,43,2,436281,436325,44
gating,43,3,436908,436952,44
gating,43,4,437541,437585,44
gating,43,5,438168,438212,44
gating,43,6,438795,438839,44
gating,43,7,439422,439466,44
gating,43,8,440055,440099,44
gating,43,9,440682,440726,44
gating,43,10,441309,441353,44
gating,43,11,441936,441980,44
gating,43,12,442569,442613,44
gating,43,13,443196,443240,44
gating,43,14,443823,443867,44
gating,43,15,444450,444494,44
gating,44,0,445083,445127,44
gating,44,1,445710,445754,44
gating,44,2,446337,446381,44
gating,44,3,446964,447008,44
gating,44,4,447597,447641,44
gating,44,5,448224,448268,44
gating,44,6,448851,448895,44
gating,44,7,449478,449522,44
gating,44,8,450111,450155,44
gating,44,9,450738,450782,44
gating,44,10,451365,451409,44
gating,44,11,451992,452036,44
gating,44,12,452625,452669,44
gating,44,13,453252,453296,44
gating,44,14,453879,453923,44
gating,44,15,454506,454550,44
gating,45,0,455139,455183,44
gating,45,1,455766,455810,44
gating,45,2,456393,456437,44
gating,45,3,457020,457064,44
gating,45,4,457653,457697,44
gating,45,5,458280,458324,44
gating,45,6,458907,458951,44
gating,45,7,459534,459578,44
gating,45,8,460167,460211,44
gating,45,9,460794,460838,44
gating,45,10,461421,461465,44
gating,45,11,462048,462092,44
gating,45,12,462681,462725,44
gating,45,13,463308,463352,44
gating,45,14,463935,463979,44
gating,45,15,464562,464606,44
gating,46,0,465195,465239,44
gating,46,1,465822,465866,44
gating,46,2,466449,466493,44
gating,46,3,467076,467120,44
gating,46,4,467709,467753,44
gating,46,5,468336,468380,44
gating,46,6,468963,469007,44
gating,46,7,469590,469634,44
gating,46,8,470223,470267,44
gating,46,9,470850,470894,44
gating,46,10,471477,471521,44
gating,46,11,472104,472148,44
gating,46,12,472737,472781,44
gating,46,13,473364,473408,44
gating,46,14,473991,474035,44
gating,46,15,474618,474662,44
gating,47,0,475251,475295,44
gating,47,1,475878,475922,44
gating,47,2,476505,476549,44
gating,47,3,477132,477176,44
gating,47,4,477765,477809,44
gating,47,5,478392,478436,44
gating,47,6,479019,479063,44
gating,47,7,479646,479690,44
gating,47,8,480279,480323,44
gating,47,9,480906,480950,44
gating,47,10,481533,481577,44
gating,47,11,482160,482204,44
gating,47,12,482793,482837,44
gating,47,13,483420,483464,44
gating,47,14,484047,484091,44
gating,47,15,484674,484718,44
gating,48,0,485307,485351,44
gating,48,1,485934,485978,44
gating,48,2,486561,486605,44
gating,48,3,487188,487232,44
gating,48,4,487821,487865,44
gating,48,5,488448,488492,44
gating,48,6,489075,489119,44
gating,48,7,489702,489746,44
gating,48,8,490335,490379,44
gating,48,9,490962,491006,44
gating,48,10,491589,491633,44
gating,48,11,492216,492260,44
gating,48,12,492849,492893,44
gating,48,13,493476,493520,44
gating,48,14,494103,494147,44
gating,48,15,494730,494774,44
gating,49,0,495363,495407,44
gating,49,1,495990,496034,44
gating,49,2,496617,496661,44
gating,49,3,497244,497288,44
gating,49,4,497877,497921,44
gating,49,5,498504,498548,44
gating,49,6,499131,499175,44
gating,49,7,499758,499802,44
gating,49,8,500391,500435,44
gating,49,9,501018,501062,44
gating,49,10,501645,501689,44
gating,49,11,502272,502316,44
gating,49,12,502905,502949,44
gating,49,13,503532,503576,44
gating,49,14,504159,504203,44
gating,49,15,504786,504830,44
gating,50,0,505419,505463,44
gating,50,1,506046,506090,44
gating,50,2,506673,506717,44
gating,50,3,507300,507344,44
gating,50,4,507933,507977,44
gating,50,5,508560,508604,44
gating,50,6,509187,509231,44
gating,50,7,509814,509858,44
gating,50,8,510447,510491,44
gating,50,9,511074,511118,44
gating,50,10,511701,511745,44
gating,50,11,512328,512372,44
gating,50,12,512961,513005,44
gating,50,13,513588,513632,44
gating,50,14,514215,514259,44
gating,50,15,514842,514886,44
gating,51,0,515475,515519,44
gating,51,1,516102,516146,44
gating,51,2,516729,516773,44
gating,51,3,517356,517400,44
gating,51,4,517989,518033,44
gating,51,5,518616,518660,44
gating,51,6,519243,519287,44
gating,51,7,519870,519914,44
gating,51,8,520503,520547,44
gating,51,9,521130,521174,44
gating,51,10,521757,521801,44
gating,51,11,522384,522428,44
gating,51,12,523017,523061,44
gating,51,13,523644,523688,44
gating,51,14,524271,524315,44
gating,51,15,524898,524942,44
gating,52,0,525531,525575,44
gating,52,1,526158,526202,44
gating,52,2,526785,526829,44
gating,52,3,527412,527456,44
gating,52,4,528045,528089,44
gating,52,5,528672,528716,44
gating,52,6,529299,529343,44
gating,52,7,529926,529970,44
gating,52,8,530559,530603,44
gating,52,9,531186,531230,44
gating,52,10,531813,531857,44
gating,52,11,532440,532484,44
gating,52,12,533073,533117,44
gating,52,13,533700,533744,44
gating,52,14,534327,534371,44
gating,52,15,534954,534998,44
gating,53,0,535587,535631,44
gating,53,1,536214,536258,44
gating,53,2,536841,536885,44
gating,53,3,537468,537512,44
gating,53,4,538101,538145,44
gating,53,5,538728,538772,44
gating,53,6,539355,539399,44
gating,53,7,539982,540026,44
gating,53,8,540615,540659,44
gating,53,9,541242,541286,44
gating,53,10,541869,541913,44
gating,53,11,542496,542540,44
gating,53,12,543129,543173,44
gating,53,13,543756,543800,44
gating,53,14,544383,544427,44
gating,53,15,545010,545054,44
gating,54,0,545643,545687,44
gating,54,1,546270,546314,44
gating,54,2,546897,546941,44
gating,54,3,547524,547568,44
gating,54,4,548157,548201,44
gating,54,5,548784,548828,44
gating,54,6,549411,549455,44
gating,54,7,550038,550082,44
gating,54,8,550671,550715,44
gating,54,9,551298,551342,44
gating,54,10,551925,551969,44
gating,54,11,552552,552596,44
gating,54,12,553185,553229,44
gating,54,13,553812,553856,44
gating,54,14,554439,554483,44
gating,54,15,555066,555110,44
gating,55,0,555699,555743,44
gating,55,1,556326,556370,44
gating,55,2,556953,556997,44
gating,55,3,557580,557624,44
gating,55,4,558213,558257,44
gating,55,5,558840,558884,44
gating,55,6,559467,559511,44
gating,55,7,560094,560138,44
gating,55,8,560727,560771,44
gating,55,9,561354,561398,44
gating,55,10,561981,562025,44
gating,55,11,562608,562652,44
gating,55,12,563241,563285,44
gating,55,13,563868,563912,44
gating,55,14,564495,564539,44
gating,55,15,565122,565166,44
gating,56,0,565755,565799,44
gating,56,1,566382,566426,44
gating,56,2,567009,567053,44
gating,56,3,567636,567680,44
gating,56,4,568269,568313,44
gating,56,5,568896,568940,44
gating,56,6,569523,569567,44
gating,56,7,570150,570194,44
gating,56,8,570783,570827,44
gating,56,9,571410,571454,44
gating,56,10,572037,572081,44
gating,56,11,572664,572708,44
gating,56,12,573297,573341,44
gating,56,13,573924,573968,44
gating,56,14,574551,574595,44
gating,56,15,575178,575222,44
gating,57,0,575811,575855,44
gating,57,1,576438,576482,44
gating,57,2,577065,577109,44
gating,57,3,577692,577736,44
gating,57,4,578325,578369,44
gating,57,5,578952,578996,44
gating,57,6,579579,579623,44
gating,57,7,580206,580250,44
gating,57,8,580839,580883,44
gating,57,9,581466,581510,44
gating,57,10,582093,582137,44
gating,57,11,582720,582764,44
gating,57,12,583353,583397,44
gating,57,13,583980,584024,44
gating,57,14,584607,584651,44
gating,57,15,585234,585278,44
gating,58,0,585867,585911,44
gating,58,1,586494,586538,44
gating,58,2,587121,587165,44
gating,58,3,587748,587792,44
gating,58,4,588381,588425,44
gating,58,5,589008,589052,44
gating,58,6,589635,589679,44
gating,58,7,590262,590306,44
gating,58,8,590895,590939,44
gating,58,9,591522,591566,44
gating,58,10,592149,592193,44
gating,58,11,592776,592820,44
gating,58,12,593409,593453,44
gating,58,13,594036,594080,44
gating,58,14,594663,594707,44
gating,58,15,595290,595334,44
gating,59,0,595923,595967,44
gating,59,1,596550,596594,44
gating,59,2,597177,597221,44
gating,59,3,597804,597848,44
gating,59,4,598437,598481,44
gating,59,5,599064,599108,44
gating,59,6,599691,599735,44
gating,59,7,600318,600362,44
gating,59,8,600951,600995,44
gating,59,9,601578,601622,44
gating,59,10,602205,602249,44
gating,59,11,602832,602876,44
gating,59,12,603465,603509,44
gating,59,13,604092,604136,44
gating,59,14,604719,604763,44
gating,59,15,605346,605390,44
gating,60,0,605979,606023,44
gating,60,1,606606,606650,44
gating,60,2,607233,607277,44
gating,60,3,607860,607904,44
gating,60,4,608493,608537,44
gating,60,5,609120,609164,44
gating,60,6,609747,609791,44
gating,60,7,610374,610418,44
gating,60,8,611007,611051,44
gating,60,9,611634,611678,44
gating,60,10,612261,612305,44
gating,60,11,612888,612932,44
gating,60,12,613521,613565,44
gating,60,13,614148,614192,44
gating,60,14,614775,614819,44
gating,60,15,615402,615446,44
gating,61,0,616035,616079,44
gating,61,1,616662,616706,44
gating,61,2,617289,617333,44
gating,61,3,617916,617960,44
gating,61,4,618549,618593,44
gating,61,5,619176,619220,44
gating,61,6,619803,619847,44
gating,61,7,620430,620474,44
gating,61,8,621063,621107,44
gating,61,9,621690,621734,44
gating,61,10,622317,622361,44
gating,61,11,622944,622988,44
gating,61,12,623577,623621,44
gating,61,13,624204,624248,44
gating,61,14,624831,624875,44
gating,61,15,625458,625502,44
gating,62,0,626091,626135,44
gating,62,1,626718,626762,44
gating,62,2,627345,627389,44
gating,62,3,627972,628016,44
gating,62,4,628605,628649,44
gating,62,5,629232,629276,44
gating,62,6,629859,629903,44
gating,62,7,630486,630530,44
gating,62,8,631119,631163,44
gating,62,9,631746,631790,44
gating,62,10,632373,632417,44
gating,62,11,633000,633044,44
gating,62,12,633633,633677,44
gating,62,13,634260,634304,44
gating,62,14,634887,634931,44
gating,62,15,635514,635558,44
gating,63,0,636147,636191,44
gating,63,1,636774,636818,44
gating,63,2,637401,637445,44
gating,63,3,638028,638072,44
gating,63,4,638661,638705,44
gating,63,5,639288,639332,44
gating,63,6,639915,639959,44
gating,63,7,640542,640586,44
gating,63,8,641175,641219,44
gating,63,9,641802,641846,44
gating,63,10,642429,642473,44
gating,63,11,643056,643100,44
gating,63,12,643689,643733,44
gating,63,13,644316,644360,44
gating,63,14,644943,644987,44
gating,63,15,645570,645614,44
output_projection,0,0,2663,3115,452
output_projection,0,1,3290,3742,452
output_projection,0,2,3917,4369,452
output_projection,0,3,4544,4996,452
output_projection,0,4,5177,5629,452
output_projection,0,5,5804,6256,452
output_projection,0,6,6431,6883,452
output_projection,0,7,7058,7510,452
output_projection,0,8,7691,8143,452
output_projection,0,9,8318,8770,452
output_projection,0,10,8945,9397,452
output_projection,0,11,9572,10024,452
output_projection,0,12,10205,10657,452
output_projection,0,13,10832,11284,452
output_projection,0,14,11459,11911,452
output_projection,0,15,12086,12538,452
output_projection,1,0,12719,13171,452
output_projection,1,1,13346,13798,452
output_projection,1,2,13973,14425,452
output_projection,1,3,14600,15052,452
output_projection,1,4,15233,15685,452
output_projection,1,5,15860,16312,452
output_projection,1,6,16487,16939,452
output_projection,1,7,17114,17566,452
output_projection,1,8,17747,18199,452
output_projection,1,9,18374,18826,452
output_projection,1,10,19001,19453,452
output_projection,1,11,19628,20080,452
output_projection,1,12,20261,20713,452
output_projection,1,13,20888,21340,452
output_projection,1,14,21515,21967,452
output_projection,1,15,22142,22594,452
output_projection,2,0,22775,23227,452
output_projection,2,1,23402,23854,452
output_projection,2,2,24029,24481,452
output_projection,2,3,24656,25108,452
output_projection,2,4,25289,25741,452
output_projection,2,5,25916,26368,452
output_projection,2,6,26543,26995,452
output_projection,2,7,27170,27622,452
output_projection,2,8,27803,28255,452
output_projection,2,9,28430,28882,452
output_projection,2,10,29057,29509,452
output_projection,2,11,29684,30136,452
output_projection,2,12,30317,30769,452
output_projection,2,13,30944,31396,452
output_projection,2,14,31571,32023,452
output_projection,2,15,32198,32650,452
output_projection,3,0,32831,33283,452
output_projection,3,1,33458,33910,452
output_projection,3,2,34085,34537,452
output_projection,3,3,34712,35164,452
output_projection,3,4,35345,35797,452
output_projection,3,5,35972,36424,452
output_projection,3,6,36599,37051,452
output_projection,3,7,37226,37678,452
output_projection,3,8,37859,38311,452
output_projection,3,9,38486,38938,452
output_projection,3,10,39113,39565,452
output_projection,3,11,39740,40192,452
output_projection,3,12,40373,40825,452
output_projection,3,13,41000,41452,452
output_projection,3,14,41627,42079,452
output_projection,3,15,42254,42706,452
output_projection,4,0,42887,43339,452
output_projection,4,1,43514,43966,452
output_projection,4,2,44141,44593,452
output_projection,4,3,44768,45220,452
output_projection,4,4,45401,45853,452
output_projection,4,5,46028,46480,452
output_projection,4,6,46655,47107,452
output_projection,4,7,47282,47734,452
output_projection,4,8,47915,48367,452
output_projection,4,9,48542,48994,452
output_projection,4,10,49169,49621,452
output_projection,4,11,49796,50248,452
output_projection,4,12,50429,50881,452
output_projection,4,13,51056,51508,452
output_projection,4,14,51683,52135,452
output_projection,4,15,52310,52762,452
output_projection,5,0,52943,53395,452
output_projection,5,1,53570,54022,452
output_projection,5,2,54197,54649,452
output_projection,5,3,54824,55276,452
output_projection,5,4,55457,55909,452
output_projection,5,5,56084,56536,452
output_projection,5,6,56711,57163,452
output_projection,5,7,57338,57790,452
output_projection,5,8,57971,58423,452
output_projection,5,9,58598,59050,452
output_projection,5,10,59225,59677,452
output_projection,5,11,59852,60304,452
output_projection,5,12,60485,60937,452
output_projection,5,13,61112,61564,452
output_projection,5,14,61739,62191,452
output_projection,5,15,62366,62818,452
output_projection,6,0,62999,63451,452
output_projection,6,1,63626,64078,452
output_projection,6,2,64253,64705,452
output_projection,6,3,64880,65332,452
output_projection,6,4,65513,65965,452
output_projection,6,5,66140,66592,452
output_projection,6,6,66767,67219,452
output_projection,6,7,67394,67846,452
output_projection,6,8,68027,68479,452
output_projection,6,9,68654,69106,452
output_projection,6,10,69281,69733,452
output_projection,6,11,69908,70360,452
output_projection,6,12,70541,70993,452
output_projection,6,13,71168,71620,452
output_projection,6,14,71795,72247,452
output_projection,6,15,72422,72874,452
output_projection,7,0,73055,73507,452
output_projection,7,1,73682,74134,452
output_projection,7,2,74309,74761,452
output_projection,7,3,74936,75388,452
output_projection,7,4,75569,76021,452
output_projection,7,5,76196,76648,452
output_projection,7,6,76823,77275,452
output_projection,7,7,77450,77902,452
output_projection,7,8,78083,78535,452
output_projection,7,9,78710,79162,452
output_projection,7,10,79337,79789,452
output_projection,7,11,79964,80416,452
output_projection,7,12,80597,81049,452
output_projection,7,13,81224,81676,452
output_projection,7,14,81851,82303,452
output_projection,7,15,82478,82930,452
output_projection,8,0,83111,83563,452
output_projection,8,1,83738,84190,452
output_projection,8,2,84365,84817,452
output_projection,8,3,84992,85444,452
output_projection,8,4,85625,86077,452
output_projection,8,5,86252,86704,452
output_projection,8,6,86879,87331,452
output_projection,8,7,87506,87958,452
output_projection,8,8,88139,88591,452
output_projection,8,9,88766,89218,452
output_projection,8,10,89393,89845,452
output_projection,8,11,90020,90472,452
output_projection,8,12,90653,91105,452
output_projection,8,13,91280,91732,452
output_projection,8,14,91907,92359,452
output_projection,8,15,92534,92986,452
output_projection,9,0,93167,93619,452
output_projection,9,1,93794,94246,452
output_projection,9,2,94421,94873,452
output_projection,9,3,95048,95500,452
output_projection,9,4,95681,96133,452
output_projection,9,5,96308,96760,452
output_projection,9,6,96935,97387,452
output_projection,9,7,97562,98014,452
output_projection,9,8,98195,98647,452
output_projection,9,9,98822,99274,452
output_projection,9,10,99449,99901,452
output_projection,9,11,100076,100528,452
output_projection,9,12,100709,101161,452
output_projection,9,13,101336,101788,452
output_projection,9,14,101963,102415,452
output_projection,9,15,102590,103042,452
output_projection,10,0,103223,103675,452
output_projection,10,1,103850,104302,452
output_projection,10,2,104477,104929,452
output_projection,10,3,105104,105556,452
output_projection,10,4,105737,106189,452
output_projection,10,5,106364,106816,452
output_projection,10,6,106991,107443,452
output_projection,10,7,107618,108070,452
output_projection,10,8,108251,108703,452
output_projection,10,9,108878,109330,452
output_projection,10,10,109505,109957,452
output_projection,10,11,110132,110584,452
output_projection,10,12,110765,111217,452
output_projection,10,13,111392,111844,452
output_projection,10,14,112019,112471,452
output_projection,10,15,112646,113098,452
output_projection,11,0,113279,113731,452
output_projection,11,1,113906,114358,452
output_projection,11,2,114533,114985,452
output_projection,11,3,115160,115612,452
output_projection,11,4,115793,116245,452
output_projection,11,5,116420,116872,452
output_projection,11,6,117047,117499,452
output_projection,11,7,117674,118126,452
output_projection,11,8,118307,118759,452
output_projection,11,9,118934,119386,452
output_projection,11,10,119561,120013,452
output_projection,11,11,120188,120640,452
output_projection,11,12,120821,121273,452
output_projection,11,13,121448,121900,452
output_projection,11,14,122075,122527,452
output_projection,11,15,122702,123154,452
output_projection,12,0,123335,123787,452
output_projection,12,1,123962,124414,452
output_projection,12,2,124589,125041,452
output_projection,12,3,125216,125668,452
output_projection,12,4,125849,126301,452
output_projection,12,5,126476,126928,452
output_projection,12,6,127103,127555,452
output_projection,12,7,127730,128182,452
output_projection,12,8,128363,128815,452
output_projection,12,9,128990,129442,452
output_projection,12,10,129617,130069,452
output_projection,12,11,130244,130696,452
output_projection,12,12,130877,131329,452
output_projection,12,13,131504,131956,452
output_projection,12,14,132131,132583,452
output_projection,12,15,132758,133210,452
output_projection,13,0,133391,133843,452
output_projection,13,1,134018,134470,452
output_projection,13,2,134645,135097,452
output_projection,13,3,135272,135724,452
output_projection,13,4,135905,136357,452
output_projection,13,5,136532,136984,452
output_projection,13,6,137159,137611,452
output_projection,13,7,137786,138238,452
output_projection,13,8,138419,138871,452
output_projection,13,9,139046,139498,452
output_projection,13,10,139673,140125,452
output_projection,13,11,140300,140752,452
output_projection,13,12,140933,141385,452
output_projection,13,13,141560,142012,452
output_projection,13,14,142187,142639,452
output_projection,13,15,142814,143266,452
output_projection,14,0,143447,143899,452
output_projection,14,1,144074,144526,452
output_projection,14,2,144701,145153,452
output_projection,14,3,145328,145780,452
output_projection,14,4,145961,146413,452
output_projection,14,5,146588,147040,452
output_projection,14,6,147215,147667,452
output_projection,14,7,147842,148294,452
output_projection,14,8,148475,148927,452
output_projection,14,9,149102,149554,452
output_projection,14,10,149729,150181,452
output_projection,14,11,150356,150808,452
output_projection,14,12,150989,151441,452
output_projection,14,13,151616,152068,452
output_projection,14,14,152243,152695,452
output_projection,14,15,152870,153322,452
output_projection,15,0,153503,153955,452
output_projection,15,1,154130,154582,452
output_projection,15,2,154757,155209,452
output_projection,15,3,155384,155836,452
output_projection,15,4,156017,156469,452
output_projection,15,5,156644,157096,452
output_projection,15,6,157271,157723,452
output_projection,15,7,157898,158350,452
output_projection,15,8,158531,158983,452
output_projection,15,9,159158,159610,452
output_projection,15,10,159785,160237,452
output_projection,15,11,160412,160864,452
output_projection,15,12,161045,161497,452
output_projection,15,13,161672,162124,452
output_projection,15,14,162299,162751,452
output_projection,15,15,162926,163378,452
output_projection,16,0,163559,164011,452
output_projection,16,1,164186,164638,452
output_projection,16,2,164813,165265,452
output_projection,16,3,165440,165892,452
output_projection,16,4,166073,166525,452
output_projection,16,5,166700,167152,452
output_projection,16,6,167327,167779,452
output_projection,16,7,167954,168406,452
output_projection,16,8,168587,169039,452
output_projection,16,9,169214,169666,452
output_projection,16,10,169841,170293,452
output_projection,16,11,170468,170920,452
output_projection,16,12,171101,171553,452
output_projection,16,13,171728,172180,452
output_projection,16,14,172355,172807,452
output_projection,16,15,172982,173434,452
output_projection,17,0,173615,174067,452
output_projection,17,1,174242,174694,452
output_projection,17,2,174869,175321,452
output_projection,17,3,175496,175948,452
output_projection,17,4,176129,176581,452
output_projection,17,5,176756,177208,452
output_projection,17,6,177383,177835,452
output_projection,17,7,178010,178462,452
output_projection,17,8,178643,179095,452
output_projection,17,9,179270,179722,452
output_projection,17,10,179897,180349,452
output_projection,17,11,180524,180976,452
output_projection,17,12,181157,181609,452
output_projection,17,13,181784,182236,452
output_projection,17,14,182411,182863,452
output_projection,17,15,183038,183490,452
output_projection,18,0,183671,184123,452
output_projection,18,1,184298,184750,452
output_projection,18,2,184925,185377,452
output_projection,18,3,185552,186004,452
output_projection,18,4,186185,186637,452
output_projection,18,5,186812,187264,452
output_projection,18,6,187439,187891,452
output_projection,18,7,188066,188518,452
output_projection,18,8,188699,189151,452
output_projection,18,9,189326,189778,452
output_projection,18,10,189953,190405,452
output_projection,18,11,190580,191032,452
output_projection,18,12,191213,191665,452
output_projection,18,13,191840,192292,452
output_projection,18,14,192467,192919,452
output_projection,18,15,193094,193546,452
output_projection,19,0,193727,194179,452
output_projection,19,1,194354,194806,452
output_projection,19,2,194981,195433,452
output_projection,19,3,195608,196060,452
output_projection,19,4,196241,196693,452
output_projection,19,5,196868,197320,452
output_projection,19,6,197495,197947,452
output_projection,19,7,198122,198574,452
output_projection,19,8,198755,199207,452
output_projection,19,9,199382,199834,452
output_projection,19,10,200009,200461,452
output_projection,19,11,200636,201088,452
output_projection,19,12,201269,201721,452
output_projection,19,13,201896,202348,452
output_projection,19,14,202523,202975,452
output_projection,19,15,203150,203602,452
output_projection,20,0,203783,204235,452
output_projection,20,1,204410,204862,452
output_projection,20,2,205037,205489,452
output_projection,20,3,205664,206116,452
output_projection,20,4,206297,206749,452
output_projection,20,5,206924,207376,452
output_projection,20,6,207551,208003,452
output_projection,20,7,208178,208630,452
output_projection,20,8,208811,209263,452
output_projection,20,9,209438,209890,452
output_projection,20,10,210065,210517,452
output_projection,20,11,210692,211144,452
output_projection,20,12,211325,211777,452
output_projection,20,13,211952,212404,452
output_projection,20,14,212579,213031,452
output_projection,20,15,213206,213658,452
output_projection,21,0,213839,214291,452
output_projection,21,1,214466,214918,452
output_projection,21,2,215093,215545,452
output_projection,21,3,215720,216172,452
output_projection,21,4,216353,216805,452
output_projection,21,5,216980,217432,452
output_projection,21,6,217607,218059,452
output_projection,21,7,218234,218686,452
output_projection,21,8,218867,219319,452
output_projection,21,9,219494,219946,452
output_projection,21,10,220121,220573,452
output_projection,21,11,220748,221200,452
output_projection,21,12,221381,221833,452
output_projection,21,13,222008,222460,452
output_projection,21,14,222635,223087,452
output_projection,21,15,223262,223714,452
output_projection,22,0,223895,224347,452
output_projection,22,1,224522,224974,452
output_projection,22,2,225149,225601,452
output_projection,22,3,225776,226228,452
output_projection,22,4,226409,226861,452
output_projection,22,5,227036,227488,452
output_projection,22,6,227663,228115,452
output_projection,22,7,228290,228742,452
output_projection,22,8,228923,229375,452
output_projection,22,9,229550,230002,452
output_projection,22,10,230177,230629,452
output_projection,22,11,230804,231256,452
output_projection,22,12,231437,231889,452
output_projection,22,13,232064,232516,452
output_projection,22,14,232691,233143,452
output_projection,22,15,233318,233770,452
output_projection,23,0,233951,234403,452
output_projection,23,1,234578,235030,452
output_projection,23,2,235205,235657,452
output_projection,23,3,235832,236284,452
output_projection,23,4,236465,236917,452
output_projection,23,5,237092,237544,452
output_projection,23,6,237719,238171,452
output_projection,23,7,238346,238798,452
output_projection,23,8,238979,239431,452
output_projection,23,9,239606,240058,452
output_projection,23,10,240233,240685,452
output_projection,23,11,240860,241312,452
output_projection,23,12,241493,241945,452
output_projection,23,13,242120,242572,452
output_projection,23,14,242747,243199,452
output_projection,23,15,243374,243826,452
output_projection,24,0,244007,244459,452
output_projection,24,1,244634,245086,452
output_projection,24,2,245261,245713,452
output_projection,24,3,245888,246340,452
output_projection,24,4,246521,246973,452
output_projection,24,5,247148,247600,452
output_projection,24,6,247775,248227,452
output_projection,24,7,248402,248854,452
output_projection,24,8,249035,249487,452
output_projection,24,9,249662,250114,452
output_projection,24,10,250289,250741,452
output_projection,24,11,250916,251368,452
output_projection,24,12,251549,252001,452
output_projection,24,13,252176,252628,452
output_projection,24,14,252803,253255,452
output_projection,24,15,253430,253882,452
output_projection,25,0,254063,254515,452
output_projection,25,1,254690,255142,452
output_projection,25,2,255317,255769,452
output_projection,25,3,255944,256396,452
output_projection,25,4,256577,257029,452
output_projection,25,5,257204,257656,452
output_projection,25,6,257831,258283,452
output_projection,25,7,258458,258910,452
output_projection,25,8,259091,259543,452
output_projection,25,9,259718,260170,452
output_projection,25,10,260345,260797,452
output_projection,25,11,260972,261424,452
output_projection,25,12,261605,262057,452
output_projection,25,13,262232,262684,452
output_projection,25,14,262859,263311,452
output_projection,25,15,263486,263938,452
output_projection,26,0,264119,264571,452
output_projection,26,1,264746,265198,452
output_projection,26,2,265373,265825,452
output_projection,26,3,266000,266452,452
output_projection,26,4,266633,267085,452
output_projection,26,5,267260,267712,452
output_projection,26,6,267887,268339,452
output_projection,26,7,268514,268966,452
output_projection,26,8,269147,269599,452
output_projection,26,9,269774,270226,452
output_projection,26,10,270401,270853,452
output_projection,26,11,271028,271480,452
output_projection,26,12,271661,272113,452
output_projection,26,13,272288,272740,452
output_projection,26,14,272915,273367,452
output_projection,26,15,273542,273994,452
output_projection,27,0,274175,274627,452
output_projection,27,1,274802,275254,452
output_projection,27,2,275429,275881,452
output_projection,27,3,276056,276508,452
output_projection,27,4,276689,277141,452
output_projection,27,5,277316,277768,452
output_projection,27,6,277943,278395,452
output_projection,27,7,278570,279022,452
output_projection,27,8,279203,279655,452
output_projection,27,9,279830,280282,452
output_projection,27,10,280457,280909,452
output_projection,27,11,281084,281536,452
output_projection,27,12,281717,282169,452
output_projection,27,13,282344,282796,452
output_projection,27,14,282971,283423,452
output_projection,27,15,283598,284050,452
output_projection,28,0,284231,284683,452
output_projection,28,1,284858,285310,452
output_projection,28,2,285485,285937,452
output_projection,28,3,286112,286564,452
output_projection,28,4,286745,287197,452
output_projection,28,5,287372,287824,452
output_projection,28,6,287999,288451,452
output_projection,28,7,288626,289078,452
output_projection,28,8,289259,289711,452
output_projection,28,9,289886,290338,452
output_projection,28,10,290513,290965,452
output_projection,28,11,291140,291592,452
output_projection,28,12,291773,292225,452
output_projection,28,13,292400,292852,452
output_projection,28,14,293027,293479,452
output_projection,28,15,293654,294106,452
output_projection,29,0,294287,294739,452
output_projection,29,1,294914,295366,452
output_projection,29,2,295541,295993,452
output_projection,29,3,296168,296620,452
output_projection,29,4,296801,297253,452
output_projection,29,5,297428,297880,452
output_projection,29,6,298055,298507,452
output_projection,29,7,298682,299134,452
output_projection,29,8,299315,299767,452
output_projection,29,9,299942,300394,452
output_projection,29,10,300569,301021,452
output_projection,29,11,301196,301648,452
output_projection,29,12,301829,302281,452
output_projection,29,13,302456,302908,452
output_projection,29,14,303083,303535,452
output_projection,29,15,303710,304162,452
output_projection,30,0,304343,304795,452
output_projection,30,1,304970,305422,452
output_projection,30,2,305597,306049,452
output_projection,30,3,306224,306676,452
output_projection,30,4,306857,307309,452
output_projection,30,5,307484,307936,452
output_projection,30,6,308111,308563,452
output_projection,30,7,308738,309190,452
output_projection,30,8,309371,309823,452
output_projection,30,9,309998,310450,452
output_projection,30,10,310625,311077,452
output_projection,30,11,311252,311704,452
output_projection,30,12,311885,312337,452
output_projection,30,13,312512,312964,452
output_projection,30,14,313139,313591,452
output_projection,30,15,313766,314218,452
output_projection,31,0,314399,314851,452
output_projection,31,1,315026,315478,452
output_projection,31,2,315653,316105,452
output_projection,31,3,316280,316732,452
output_projection,31,4,316913,317365,452
output_projection,31,5,317540,317992,452
output_projection,31,6,318167,318619,452
output_projection,31,7,318794,319246,452
output_projection,31,8,319427,319879,452
output_projection,31,9,320054,320506,452
output_projection,31,10,320681,321133,452
output_projection,31,11,321308,321760,452
output_projection,31,12,321941,322393,452
output_projection,31,13,322568,323020,452
output_projection,31,14,323195,323647,452
output_projection,31,15,323822,324274,452
output_projection,32,0,324455,324907,452
output_projection,32,1,325082,325534,452
output_projection,32,2,325709,326161,452
output_projection,32,3,326336,326788,452
output_projection,32,4,326969,327421,452
output_projection,32,5,327596,328048,452
output_projection,32,6,328223,328675,452
output_projection,32,7,328850,329302,452
output_projection,32,8,329483,329935,452
output_projection,32,9,330110,330562,452
output_projection,32,10,330737,331189,452
output_projection,32,11,331364,331816,452
output_projection,32,12,331997,332449,452
output_projection,32,13,332624,333076,452
output_projection,32,14,333251,333703,452
output_projection,32,15,333878,334330,452
output_projection,33,0,334511,334963,452
output_projection,33,1,335138,335590,452
output_projection,33,2,335765,336217,452
output_projection,33,3,336392,336844,452
output_projection,33,4,337025,337477,452
output_projection,33,5,337652,338104,452
output_projection,33,6,338279,338731,452
output_projection,33,7,338906,339358,452
output_projection,33,8,339539,339991,452
output_projection,33,9,340166,340618,452
output_projection,33,10,340793,341245,452
output_projection,33,11,341420,341872,452
output_projection,33,12,342053,342505,452
output_projection,33,13,342680,343132,452
output_projection,33,14,343307,343759,452
output_projection,33,15,343934,344386,452
output_projection,34,0,344567,345019,452
output_projection,34,1,345194,345646,452
output_projection,34,2,345821,346273,452
output_projection,34,3,346448,346900,452
output_projection,34,4,347081,347533,452
output_projection,34,5,347708,348160,452
output_projection,34,6,348335,348787,452
output_projection,34,7,348962,349414,452
output_projection,34,8,349595,350047,452
output_projection,34,9,350222,350674,452
output_projection,34,10,350849,351301,452
output_projection,34,11,351476,351928,452
output_projection,34,12,352109,352561,452
output_projection,34,13,352736,353188,452
output_projection,34,14,353363,353815,452
output_projection,34,15,353990,354442,452
output_projection,35,0,354623,355075,452
output_projection,35,1,355250,355702,452
output_projection,35,2,355877,356329,452
output_projection,35,3,356504,356956,452
output_projection,35,4,357137,357589,452
output_projection,35,5,357764,358216,452
output_projection,35,6,358391,358843,452
output_projection,35,7,359018,359470,452
output_projection,35,8,359651,360103,452
output_projection,35,9,360278,360730,452
output_projection,35,10,360905,361357,452
output_projection,35,11,361532,361984,452
output_projection,35,12,362165,362617,452
output_projection,35,13,362792,363244,452
output_projection,35,14,363419,363871,452
output_projection,35,15,364046,364498,452
output_projection,36,0,364679,365131,452
output_projection,36,1,365306,365758,452
output_projection,36,2,365933,366385,452
output_projection,36,3,366560,367012,452
output_projection,36,4,367193,367645,452
output_projection,36,5,367820,368272,452
output_projection,36,6,368447,368899,452
output_projection,36,7,369074,369526,452
output_projection,36,8,369707,370159,452
output_projection,36,9,370334,370786,452
output_projection,36,10,370961,371413,452
output_projection,36,11,371588,372040,452
output_projection,36,12,372221,372673,452
output_projection,36,13,372848,373300,452
output_projection,36,14,373475,373927,452
output_projection,36,15,374102,374554,452
output_projection,37,0,374735,375187,452
output_projection,37,1,375362,375814,452
output_projection,37,2,375989,376441,452
output_projection,37,3,376616,377068,452
output_projection,37,4,377249,377701,452
output_projection,37,5,377876,378328,452
output_projection,37,6,378503,378955,452
output_projection,37,7,379130,379582,452
output_projection,37,8,379763,380215,452
output_projection,37,9,380390,380842,452
output_projection,37,10,381017,381469,452
output_projection,37,11,381644,382096,452
output_projection,37,12,382277,382729,452
output_projection,37,13,382904,383356,452
output_projection,37,14,383531,383983,452
output_projection,37,15,384158,384610,452
output_projection,38,0,384791,385243,452
output_projection,38,1,385418,385870,452
output_projection,38,2,386045,386497,452
output_projection,38,3,386672,387124,452
output_projection,38,4,387305,387757,452
output_projection,38,5,387932,388384,452
output_projection,38,6,388559,389011,452
output_projection,38,7,389186,389638,452
output_projection,38,8,389819,390271,452
output_projection,38,9,390446,390898,452
output_projection,38,10,391073,391525,452
output_projection,38,11,391700,392152,452
output_projection,38,12,392333,392785,452
output_projection,38,13,392960,393412,452
output_projection,38,14,393587,394039,452
output_projection,38,15,394214,394666,452
output_projection,39,0,394847,395299,452
output_projection,39,1,395474,395926,452
output_projection,39,2,396101,396553,452
output_projection,39,3,396728,397180,452
output_projection,39,4,397361,397813,452
output_projection,39,5,397988,398440,452
output_projection,39,6,398615,399067,452
output_projection,39,7,399242,399694,452
output_projection,39,8,399875,400327,452
output_projection,39,9,400502,400954,452
output_projection,39,10,401129,401581,452
output_projection,39,11,401756,402208,452
output_projection,39,12,402389,402841,452
output_projection,39,13,403016,403468,452
output_projection,39,14,403643,404095,452
output_projection,39,15,404270,404722,452
output_projection,40,0,404903,405355,452
output_projection,40,1,405530,405982,452
output_projection,40,2,406157,406609,452
output_projection,40,3,406784,407236,452
output_projection,40,4,407417,407869,452
output_projection,40,5,408044,408496,452
output_projection,40,6,408671,409123,452
output_projection,40,7,409298,409750,452
output_projection,40,8,409931,410383,452
output_projection,40,9,410558,411010,452
output_projection,40,10,411185,411637,452
output_projection,40,11,411812,412264,452
output_projection,40,12,412445,412897,452
output_projection,40,13,413072,413524,452
output_projection,40,14,413699,414151,452
output_projection,40,15,414326,414778,452
output_projection,41,0,414959,415411,452
output_projection,41,1,415586,416038,452
output_projection,41,2,416213,416665,452
output_projection,41,3,416840,417292,452
output_projection,41,4,417473,417925,452
output_projection,41,5,418100,418552,452
output_projection,41,6,418727,419179,452
output_projection,41,7,419354,419806,452
output_projection,41,8,419987,420439,452
output_projection,41,9,420614,421066,452
output_projection,41,10,421241,421693,452
output_projection,41,11,421868,422320,452
output_projection,41,12,422501,422953,452
output_projection,41,13,423128,423580,452
output_projection,41,14,423755,424207,452
output_projection,41,15,424382,424834,452
output_projection,42,0,425015,425467,452
output_projection,42,1,425642,426094,452
output_projection,42,2,426269,426721,452
output_projection,42,3,426896,427348,452
output_projection,42,4,427529,427981,452
output_projection,42,5,428156,428608,452
output_projection,42,6,428783,429235,452
output_projection,42,7,429410,429862,452
output_projection,42,8,430043,430495,452
output_projection,42,9,430670,431122,452
output_projection,42,10,431297,431749,452
output_projection,42,11,431924,432376,452
output_projection,42,12,432557,433009,452
output_projection,42,13,433184,433636,452
output_projection,42,14,433811,434263,452
output_projection,42,15,434438,434890,452
output_projection,43,0,435071,435523,452
output_projection,43,1,435698,436150,452
output_projection,43,2,436325,436777,452
output_projection,43,3,436952,437404,452
output_projection,43,4,437585,438037,452
output_projection,43,5,438212,438664,452
output_projection,43,6,438839,439291,452
output_projection,43,7,439466,439918,452
output_projection,43,8,440099,440551,452
output_projection,43,9,440726,441178,452
output_projection,43,10,441353,441805,452
output_projection,43,11,441980,442432,452
output_projection,43,12,442613,443065,452
output_projection,43,13,443240,443692,452
output_projection,43,14,443867,444319,452
output_projection,43,15,444494,444946,452
output_projection,44,0,445127,445579,452
output_projection,44,1,445754,446206,452
output_projection,44,2,446381,446833,452
output_projection,44,3,447008,447460,452
output_projection,44,4,447641,448093,452
output_projection,44,5,448268,448720,452
output_projection,44,6,448895,449347,452
output_projection,44,7,449522,449974,452
output_projection,44,8,450155,450607,452
output_projection,44,9,450782,451234,452
output_projection,44,10,451409,451861,452
output_projection,44,11,452036,452488,452
output_projection,44,12,452669,453121,452
output_projection,44,13,453296,453748,452
output_projection,44,14,453923,454375,452
output_projection,44,15,454550,455002,452
output_projection,45,0,455183,455635,452
output_projection,45,1,455810,456262,452
output_projection,45,2,456437,456889,452
output_projection,45,3,457064,457516,452
output_projection,45,4,457697,458149,452
output_projection,45,5,458324,458776,452
output_projection,45,6,458951,459403,452
output_projection,45,7,459578,460030,452
output_projection,45,8,460211,460663,452
output_projection,45,9,460838,461290,452
output_projection,45,10,461465,461917,452
output_projection,45,11,462092,462544,452
output_projection,45,12,462725,463177,452
output_projection,45,13,463352,463804,452
output_projection,45,14,463979,464431,452
output_projection,45,15,464606,465058,452
output_projection,46,0,465239,465691,452
output_projection,46,1,465866,466318,452
output_projection,46,2,466493,466945,452
output_projection,46,3,467120,467572,452
output_projection,46,4,467753,468205,452
output_projection,46,5,468380,468832,452
output_projection,46,6,469007,469459,452
output_projection,46,7,469634,470086,452
output_projection,46,8,470267,470719,452
output_projection,46,9,470894,471346,452
output_projection,46,10,471521,471973,452
output_projection,46,11,472148,472600,452
output_projection,46,12,472781,473233,452
output_projection,46,13,473408,473860,452
output_projection,46,14,474035,474487,452
output_projection,46,15,474662,475114,452
output_projection,47,0,475295,475747,452
output_projection,47,1,475922,476374,452
output_projection,47,2,476549,477001,452
output_projection,47,3,477176,477628,452
output_projection,47,4,477809,478261,452
output_projection,47,5,478436,478888,452
output_projection,47,6,479063,479515,452
output_projection,47,7,479690,480142,452
output_projection,47,8,480323,480775,452
output_projection,47,9,480950,481402,452
output_projection,47,10,481577,482029,452
output_projection,47,11,482204,482656,452
output_projection,47,12,482837,483289,452
output_projection,47,13,483464,483916,452
output_projection,47,14,484091,484543,452
output_projection,47,15,484718,485170,452
output_projection,48,0,485351,485803,452
output_projection,48,1,485978,486430,452
output_projection,48,2,486605,487057,452
output_projection,48,3,487232,487684,452
output_projection,48,4,487865,488317,452
output_projection,48,5,488492,488944,452
output_projection,48,6,489119,489571,452
output_projection,48,7,489746,490198,452
output_projection,48,8,490379,490831,452
output_projection,48,9,491006,491458,452
output_projection,48,10,491633,492085,452
output_projection,48,11,492260,492712,452
output_projection,48,12,492893,493345,452
output_projection,48,13,493520,493972,452
output_projection,48,14,494147,494599,452
output_projection,48,15,494774,495226,452
output_projection,49,0,495407,495859,452
output_projection,49,1,496034,496486,452
output_projection,49,2,496661,497113,452
output_projection,49,3,497288,497740,452
output_projection,49,4,497921,498373,452
output_projection,49,5,498548,499000,452
output_projection,49,6,499175,499627,452
output_projection,49,7,499802,500254,452
output_projection,49,8,500435,500887,452
output_projection,49,9,501062,501514,452
output_projection,49,10,501689,502141,452
output_projection,49,11,502316,502768,452
output_projection,49,12,502949,503401,452
output_projection,49,13,503576,504028,452
output_projection,49,14,504203,504655,452
output_projection,49,15,504830,505282,452
output_projection,50,0,505463,505915,452
output_projection,50,1,506090,506542,452
output_projection,50,2,506717,507169,452
output_projection,50,3,507344,507796,452
output_projection,50,4,507977,508429,452
output_projection,50,5,508604,509056,452
output_projection,50,6,509231,509683,452
output_projection,50,7,509858,510310,452
output_projection,50,8,510491,510943,452
output_projection,50,9,511118,511570,452
output_projection,50,10,511745,512197,452
output_projection,50,11,512372,512824,452
output_projection,50,12,513005,513457,452
output_projection,50,13,513632,514084,452
output_projection,50,14,514259,514711,452
output_projection,50,15,514886,515338,452
output_projection,51,0,515519,515971,452
output_projection,51,1,516146,516598,452
output_projection,51,2,516773,517225,452
output_projection,51,3,517400,517852,452
output_projection,51,4,518033,518485,452
output_projection,51,5,518660,519112,452
output_projection,51,6,519287,519739,452
output_projection,51,7,519914,520366,452
output_projection,51,8,520547,520999,452
output_projection,51,9,521174,521626,452
output_projection,51,10,521801,522253,452
output_projection,51,11,522428,522880,452
output_projection,51,12,523061,523513,452
output_projection,51,13,523688,524140,452
output_projection,51,14,524315,524767,452
output_projection,51,15,524942,525394,452
output_projection,52,0,525575,526027,452
output_projection,52,1,526202,526654,452
output_projection,52,2,526829,527281,452
output_projection,52,3,527456,527908,452
output_projection,52,4,528089,528541,452
output_projection,52,5,528716,529168,452
output_projection,52,6,529343,529795,452
output_projection,52,7,529970,530422,452
output_projection,52,8,530603,531055,452
output_projection,52,9,531230,531682,452
output_projection,52,10,531857,532309,452
output_projection,52,11,532484,532936,452
output_projection,52,12,533117,533569,452
output_projection,52,13,533744,534196,452
output_projection,52,14,534371,534823,452
output_projection,52,15,534998,535450,452
output_projection,53,0,535631,536083,452
output_projection,53,1,536258,536710,452
output_projection,53,2,536885,537337,452
output_projection,53,3,537512,537964,452
output_projection,53,4,538145,538597,452
output_projection,53,5,538772,539224,452
output_projection,53,6,539399,539851,452
output_projection,53,7,540026,540478,452
output_projection,53,8,540659,541111,452
output_projection,53,9,541286,541738,452
output_projection,53,10,541913,542365,452
output_projection,53,11,542540,542992,452
output_projection,53,12,543173,543625,452
output_projection,53,13,543800,544252,452
output_projection,53,14,544427,544879,452
output_projection,53,15,545054,545506,452
output_projection,54,0,545687,546139,452
output_projection,54,1,546314,546766,452
output_projection,54,2,546941,547393,452
output_projection,54,3,547568,548020,452
output_projection,54,4,548201,548653,452
output_projection,54,5,548828,549280,452
output_projection,54,6,549455,549907,452
output_projection,54,7,550082,550534,452
output_projection,54,8,550715,551167,452
output_projection,54,9,551342,551794,452
output_projection,54,10,551969,552421,452
output_projection,54,11,552596,553048,452
output_projection,54,12,553229,553681,452
output_projection,54,13,553856,554308,452
output_projection,54,14,554483,554935,452
output_projection,54,15,555110,555562,452
output_projection,55,0,555743,556195,452
output_projection,55,1,556370,556822,452
output_projection,55,2,556997,557449,452
output_projection,55,3,557624,558076,452
output_projection,55,4,558257,558709,452
output_projection,55,5,558884,559336,452
output_projection,55,6,559511,559963,452
output_projection,55,7,560138,560590,452
output_projection,55,8,560771,561223,452
output_projection,55,9,561398,561850,452
output_projection,55,10,562025,562477,452
output_projection,55,11,562652,563104,452
output_projection,55,12,563285,563737,452
output_projection,55,13,563912,564364,452
output_projection,55,14,564539,564991,452
output_projection,55,15,565166,565618,452
output_projection,56,0,565799,566251,452
output_projection,56,1,566426,566878,452
output_projection,56,2,567053,567505,452
output_projection,56,3,567680,568132,452
output_projection,56,4,568313,568765,452
output_projection,56,5,568940,569392,452
output_projection,56,6,569567,570019,452
output_projection,56,7,570194,570646,452
output_projection,56,8,570827,571279,452
output_projection,56,9,571454,571906,452
output_projection,56,10,572081,572533,452
output_projection,56,11,572708,573160,452
output_projection,56,12,573341,573793,452
output_projection,56,13,573968,574420,452
output_projection,56,14,574595,575047,452
output_projection,56,15,575222,575674,452
output_projection,57,0,575855,576307,452
output_projection,57,1,576482,576934,452
output_projection,57,2,577109,577561,452
output_projection,57,3,577736,578188,452
output_projection,57,4,578369,578821,452
output_projection,57,5,578996,579448,452
output_projection,57,6,579623,580075,452
output_projection,57,7,580250,580702,452
output_projection,57,8,580883,581335,452
output_projection,57,9,581510,581962,452
output_projection,57,10,582137,582589,452
output_projection,57,11,582764,583216,452
output_projection,57,12,583397,583849,452
output_projection,57,13,584024,584476,452
output_projection,57,14,584651,585103,452
output_projection,57,15,585278,585730,452
output_projection,58,0,585911,586363,452
output_projection,58,1,586538,586990,452
output_projection,58,2,587165,587617,452
output_projection,58,3,587792,588244,452
output_projection,58,4,588425,588877,452
output_projection,58,5,589052,589504,452
output_projection,58,6,589679,590131,452
output_projection,58,7,590306,590758,452
output_projection,58,8,590939,591391,452
output_projection,58,9,591566,592018,452
output_projection,58,10,592193,592645,452
output_projection,58,11,592820,593272,452
output_projection,58,12,593453,593905,452
output_projection,58,13,594080,594532,452
output_projection,58,14,594707,595159,452
output_projection,58,15,595334,595786,452
output_projection,59,0,595967,596419,452
output_projection,59,1,596594,597046,452
output_projection,59,2,597221,597673,452
output_projection,59,3,597848,598300,452
output_projection,59,4,598481,598933,452
output_projection,59,5,599108,599560,452
output_projection,59,6,599735,600187,452
output_projection,59,7,600362,600814,452
output_projection,59,8,600995,601447,452
output_projection,59,9,601622,602074,452
output_projection,59,10,602249,602701,452
output_projection,59,11,602876,603328,452
output_projection,59,12,603509,603961,452
output_projection,59,13,604136,604588,452
output_projection,59,14,604763,605215,452
output_projection,59,15,605390,605842,452
output_projection,60,0,606023,606475,452
output_projection,60,1,606650,607102,452
output_projection,60,2,607277,607729,452
output_projection,60,3,607904,608356,452
output_projection,60,4,608537,608989,452
output_projection,60,5,609164,609616,452
output_projection,60,6,609791,610243,452
output_projection,60,7,610418,610870,452
output_projection,60,8,611051,611503,452
output_projection,60,9,611678,612130,452
output_projection,60,10,612305,612757,452
output_projection,60,11,612932,613384,452
output_projection,60,12,613565,614017,452
output_projection,60,13,614192,614644,452
output_projection,60,14,614819,615271,452
output_projection,60,15,615446,615898,452
output_projection,61,0,616079,616531,452
output_projection,61,1,616706,617158,452
output_projection,61,2,617333,617785,452
output_projection,61,3,617960,618412,452
output_projection,61,4,618593,619045,452
output_projection,61,5,619220,619672,452
output_projection,61,6,619847,620299,452
output_projection,61,7,620474,620926,452
output_projection,61,8,621107,621559,452
output_projection,61,9,621734,622186,452
output_projection,61,10,622361,622813,452
output_projection,61,11,622988,623440,452
output_projection,61,12,623621,624073,452
output_projection,61,13,624248,624700,452
output_projection,61,14,624875,625327,452
output_projection,61,15,625502,625954,452
output_projection,62,0,626135,626587,452
output_projection,62,1,626762,627214,452
output_projection,62,2,627389,627841,452
output_projection,62,3,628016,628468,452
output_projection,62,4,628649,629101,452
output_projection,62,5,629276,629728,452
output_projection,62,6,629903,630355,452
output_projection,62,7,630530,630982,452
output_projection,62,8,631163,631615,452
output_projection,62,9,631790,632242,452
output_projection,62,10,632417,632869,452
output_projection,62,11,633044,633496,452
output_projection,62,12,633677,634129,452
output_projection,62,13,634304,634756,452
output_projection,62,14,634931,635383,452
output_projection,62,15,635558,636010,452
output_projection,63,0,636191,636643,452
output_projection,63,1,636818,637270,452
output_projection,63,2,637445,637897,452
output_projection,63,3,638072,638524,452
output_projection,63,4,638705,639157,452
output_projection,63,5,639332,639784,452
output_projection,63,6,639959,640411,452
output_projection,63,7,640586,641038,452
output_projection,63,8,641219,641671,452
output_projection,63,9,641846,642298,452
output_projection,63,10,642473,642925,452
output_projection,63,11,643100,643552,452
output_projection,63,12,643733,644185,452
output_projection,63,13,644360,644812,452
output_projection,63,14,644987,645439,452
output_projection,63,15,645614,646066,452
residual,0,0,3115,3116,1
residual,0,1,3742,3743,1
residual,0,2,4369,4370,1
residual,0,3,4996,4997,1
residual,0,4,5629,5630,1
residual,0,5,6256,6257,1
residual,0,6,6883,6884,1
residual,0,7,7510,7511,1
residual,0,8,8143,8144,1
residual,0,9,8770,8771,1
residual,0,10,9397,9398,1
residual,0,11,10024,10025,1
residual,0,12,10657,10658,1
residual,0,13,11284,11285,1
residual,0,14,11911,11912,1
residual,0,15,12538,12539,1
residual,1,0,13171,13172,1
residual,1,1,13798,13799,1
residual,1,2,14425,14426,1
residual,1,3,15052,15053,1
residual,1,4,15685,15686,1
residual,1,5,16312,16313,1
residual,1,6,16939,16940,1
residual,1,7,17566,17567,1
residual,1,8,18199,18200,1
residual,1,9,18826,18827,1
residual,1,10,19453,19454,1
residual,1,11,20080,20081,1
residual,1,12,20713,20714,1
residual,1,13,21340,21341,1
residual,1,14,21967,21968,1
residual,1,15,22594,22595,1
residual,2,0,23227,23228,1
residual,2,1,23854,23855,1
residual,2,2,24481,24482,1
residual,2,3,25108,25109,1
residual,2,4,25741,25742,1
residual,2,5,26368,26369,1
residual,2,6,26995,26996,1
residual,2,7,27622,27623,1
residual,2,8,28255,28256,1
residual,2,9,28882,28883,1
residual,2,10,29509,29510,1
residual,2,11,30136,30137,1
residual,2,12,30769,30770,1
residual,2,13,31396,31397,1
residual,2,14,32023,32024,1
residual,2,15,32650,32651,1
residual,3,0,33283,33284,1
residual,3,1,33910,33911,1
residual,3,2,34537,34538,1
residual,3,3,35164,35165,1
residual,3,4,35797,35798,1
residual,3,5,36424,36425,1
residual,3,6,37051,37052,1
residual,3,7,37678,37679,1
residual,3,8,38311,38312,1
residual,3,9,38938,38939,1
residual,3,10,39565,39566,1
residual,3,11,40192,40193,1
residual,3,12,40825,40826,1
residual,3,13,41452,41453,1
residual,3,14,42079,42080,1
residual,3,15,42706,42707,1
residual,4,0,43339,43340,1
residual,4,1,43966,43967,1
residual,4,2,44593,44594,1
residual,4,3,45220,45221,1
residual,4,4,45853,45854,1
residual,4,5,46480,46481,1
residual,4,6,47107,47108,1
residual,4,7,47734,47735,1
residual,4,8,48367,48368,1
residual,4,9,48994,48995,1
residual,4,10,49621,49622,1
residual,4,11,50248,50249,1
residual,4,12,50881,50882,1
residual,4,13,51508,51509,1
residual,4,14,52135,52136,1
residual,4,15,52762,52763,1
residual,5,0,53395,53396,1
residual,5,1,54022,54023,1
residual,5,2,54649,54650,1
residual,5,3,55276,55277,1
residual,5,4,55909,55910,1
residual,5,5,56536,56537,1
residual,5,6,57163,57164,1
residual,5,7,57790,57791,1
residual,5,8,58423,58424,1
residual,5,9,59050,59051,1
residual,5,10,59677,59678,1
residual,5,11,60304,60305,1
residual,5,12,60937,60938,1
residual,5,13,61564,61565,1
residual,5,14,62191,62192,1
residual,5,15,62818,62819,1
residual,6,0,63451,63452,1
residual,6,1,64078,64079,1
residual,6,2,64705,64706,1
residual,6,3,65332,65333,1
residual,6,4,65965,65966,1
residual,6,5,66592,66593,1
residual,6,6,67219,67220,1
residual,6,7,67846,67847,1
residual,6,8,68479,68480,1
residual,6,9,69106,69107,1
residual,6,10,69733,69734,1
residual,6,11,70360,70361,1
residual,6,12,70993,70994,1
residual,6,13,71620,71621,1
residual,6,14,72247,72248,1
residual,6,15,72874,72875,1
residual,7,0,73507,73508,1
residual,7,1,74134,74135,1
residual,7,2,74761,74762,1
residual,7,3,75388,75389,1
residual,7,4,76021,76022,1
residual,7,5,76648,76649,1
residual,7,6,77275,77276,1
residual,7,7,77902,77903,1
residual,7,8,78535,78536,1
residual,7,9,79162,79163,1
residual,7,10,79789,79790,1
residual,7,11,80416,80417,1
residual,7,12,81049,81050,1
residual,7,13,81676,81677,1
residual,7,14,82303,82304,1
residual,7,15,82930,82931,1
residual,8,0,83563,83564,1
residual,8,1,84190,84191,1
residual,8,2,84817,84818,1
residual,8,3,85444,85445,1
residual,8,4,86077,86078,1
residual,8,5,86704,86705,1
residual,8,6,87331,87332,1
residual,8,7,87958,87959,1
residual,8,8,88591,88592,1
residual,8,9,89218,89219,1
residual,8,10,89845,89846,1
residual,8,11,90472,90473,1
residual,8,12,91105,91106,1
residual,8,13,91732,91733,1
residual,8,14,92359,92360,1
residual,8,15,92986,92987,1
residual,9,0,93619,93620,1
residual,9,1,94246,94247,1
residual,9,2,94873,94874,1
residual,9,3,95500,95501,1
residual,9,4,96133,96134,1
residual,9,5,96760,96761,1
residual,9,6,97387,97388,1
residual,9,7,98014,98015,1
residual,9,8,98647,98648,1
residual,9,9,99274,99275,1
residual,9,10,99901,99902,1
residual,9,11,100528,100529,1
residual,9,12,101161,101162,1
residual,9,13,101788,101789,1
residual,9,14,102415,102416,1
residual,9,15,103042,103043,1
residual,10,0,103675,103676,1
residual,10,1,104302,104303,1
residual,10,2,104929,104930,1
residual,10,3,105556,105557,1
residual,10,4,106189,106190,1
residual,10,5,106816,106817,1
residual,10,6,107443,107444,1
residual,10,7,108070,108071,1
residual,10,8,108703,108704,1
residual,10,9,109330,109331,1
residual,10,10,109957,109958,1
residual,10,11,110584,110585,1
residual,10,12,111217,111218,1
residual,10,13,111844,111845,1
residual,10,14,112471,112472,1
residual,10,15,113098,113099,1
residual,11,0,113731,113732,1
residual,11,1,114358,114359,1
residual,11,2,114985,114986,1
residual,11,3,115612,115613,1
residual,11,4,116245,116246,1
residual,11,5,116872,116873,1
residual,11,6,117499,117500,1
residual,11,7,118126,118127,1
residual,11,8,118759,118760,1
residual,11,9,119386,119387,1
residual,11,10,120013,120014,1
residual,11,11,120640,120641,1
residual,11,12,121273,121274,1
residual,11,13,121900,121901,1
residual,11,14,122527,122528,1
residual,11,15,123154,123155,1
residual,12,0,123787,123788,1
residual,12,1,124414,124415,1
residual,12,2,125041,125042,1
residual,12,3,125668,125669,1
residual,12,4,126301,126302,1
residual,12,5,126928,126929,1
residual,12,6,127555,127556,1
residual,12,7,128182,128183,1
residual,12,8,128815,128816,1
residual,12,9,129442,129443,1
residual,12,10,130069,130070,1
residual,12,11,130696,130697,1
residual,12,12,131329,131330,1
residual,12,13,131956,131957,1
residual,12,14,132583,132584,1
residual,12,15,133210,133211,1
residual,13,0,133843,133844,1
residual,13,1,134470,134471,1
residual,13,2,135097,135098,1
residual,13,3,135724,135725,1
residual,13,4,136357,136358,1
residual,13,5,136984,136985,1
residual,13,6,137611,137612,1
residual,13,7,138238,138239,1
residual,13,8,138871,138872,1
residual,13,9,139498,139499,1
residual,13,10,140125,140126,1
residual,13,11,140752,140753,1
residual,13,12,141385,141386,1
residual,13,13,142012,142013,1
residual,13,14,142639,142640,1
residual,13,15,143266,143267,1
residual,14,0,143899,143900,1
residual,14,1,144526,144527,1
residual,14,2,145153,145154,1
residual,14,3,145780,145781,1
residual,14,4,146413,146414,1
residual,14,5,147040,147041,1
residual,14,6,147667,147668,1
residual,14,7,148294,148295,1
residual,14,8,148927,148928,1
residual,14,9,149554,149555,1
residual,14,10,150181,150182,1
residual,14,11,150808,150809,1
residual,14,12,151441,151442,1
residual,14,13,152068,152069,1
residual,14,14,152695,152696,1
residual,14,15,153322,153323,1
residual,15,0,153955,153956,1
residual,15,1,154582,154583,1
residual,15,2,155209,155210,1
residual,15,3,155836,155837,1
residual,15,4,156469,156470,1
residual,15,5,157096,157097,1
residual,15,6,157723,157724,1
residual,15,7,158350,158351,1
residual,15,8,158983,158984,1
residual,15,9,159610,159611,1
residual,15,10,160237,160238,1
residual,15,11,160864,160865,1
residual,15,12,161497,161498,1
residual,15,13,162124,162125,1
residual,15,14,162751,162752,1
residual,15,15,163378,163379,1
residual,16,0,164011,164012,1
residual,16,1,164638,164639,1
residual,16,2,165265,165266,1
residual,16,3,165892,165893,1
residual,16,4,166525,166526,1
residual,16,5,167152,167153,1
residual,16,6,167779,167780,1
residual,16,7,168406,168407,1
residual,16,8,169039,169040,1
residual,16,9,169666,169667,1
residual,16,10,170293,170294,1
residual,16,11,170920,170921,1
residual,16,12,171553,171554,1
residual,16,13,172180,172181,1
residual,16,14,172807,172808,1
residual,16,15,173434,173435,1
residual,17,0,174067,174068,1
residual,17,1,174694,174695,1
residual,17,2,175321,175322,1
residual,17,3,175948,175949,1
residual,17,4,176581,176582,1
residual,17,5,177208,177209,1
residual,17,6,177835,177836,1
residual,17,7,178462,178463,1
residual,17,8,179095,179096,1
residual,17,9,179722,179723,1
residual,17,10,180349,180350,1
residual,17,11,180976,180977,1
residual,17,12,181609,181610,1
residual,17,13,182236,182237,1
residual,17,14,182863,182864,1
residual,17,15,183490,183491,1
residual,18,0,184123,184124,1
residual,18,1,184750,184751,1
residual,18,2,185377,185378,1
residual,18,3,186004,186005,1
residual,18,4,186637,186638,1
residual,18,5,187264,187265,1
residual,18,6,187891,187892,1
residual,18,7,188518,188519,1
residual,18,8,189151,189152,1
residual,18,9,189778,189779,1
residual,18,10,190405,190406,1
residual,18,11,191032,191033,1
residual,18,12,191665,191666,1
residual,18,13,192292,192293,1
residual,18,14,192919,192920,1
residual,18,15,193546,193547,1
residual,19,0,194179,194180,1
residual,19,1,194806,194807,1
residual,19,2,195433,195434,1
residual,19,3,196060,196061,1
residual,19,4,196693,196694,1
residual,19,5,197320,197321,1
residual,19,6,197947,197948,1
residual,19,7,198574,198575,1
residual,19,8,199207,199208,1
residual,19,9,199834,199835,1
residual,19,10,200461,200462,1
residual,19,11,201088,201089,1
residual,19,12,201721,201722,1
residual,19,13,202348,202349,1
residual,19,14,202975,202976,1
residual,19,15,203602,203603,1
residual,20,0,204235,204236,1
residual,20,1,204862,204863,1
residual,20,2,205489,205490,1
residual,20,3,206116,206117,1
residual,20,4,206749,206750,1
residual,20,5,207376,207377,1
residual,20,6,208003,208004,1
residual,20,7,208630,208631,1
residual,20,8,209263,209264,1
residual,20,9,209890,209891,1
residual,20,10,210517,210518,1
residual,20,11,211144,211145,1
residual,20,12,211777,211778,1
residual,20,13,212404,212405,1
residual,20,14,213031,213032,1
residual,20,15,213658,213659,1
residual,21,0,214291,214292,1
residual,21,1,214918,214919,1
residual,21,2,215545,215546,1
residual,21,3,216172,216173,1
residual,21,4,216805,216806,1
residual,21,5,217432,217433,1
residual,21,6,218059,218060,1
residual,21,7,218686,218687,1
residual,21,8,219319,219320,1
residual,21,9,219946,219947,1
residual,21,10,220573,220574,1
residual,21,11,221200,221201,1
residual,21,12,221833,221834,1
residual,21,13,222460,222461,1
residual,21,14,223087,223088,1
residual,21,15,223714,223715,1
residual,22,0,224347,224348,1
residual,22,1,224974,224975,1
residual,22,2,225601,225602,1
residual,22,3,226228,226229,1
residual,22,4,226861,226862,1
residual,22,5,227488,227489,1
residual,22,6,228115,228116,1
residual,22,7,228742,228743,1
residual,22,8,229375,229376,1
residual,22,9,230002,230003,1
residual,22,10,230629,230630,1
residual,22,11,231256,231257,1
residual,22,12,231889,231890,1
residual,22,13,232516,232517,1
residual,22,14,233143,233144,1
residual,22,15,233770,233771,1
residual,23,0,234403,234404,1
residual,23,1,235030,235031,1
residual,23,2,235657,235658,1
residual,23,3,236284,236285,1
residual,23,4,236917,236918,1
residual,23,5,237544,237545,1
residual,23,6,238171,238172,1
residual,23,7,238798,238799,1
residual,23,8,239431,239432,1
residual,23,9,240058,240059,1
residual,23,10,240685,240686,1
residual,23,11,241312,241313,1
residual,23,12,241945,241946,1
residual,23,13,242572,242573,1
residual,23,14,243199,243200,1
residual,23,15,243826,243827,1
residual,24,0,244459,244460,1
residual,24,1,245086,245087,1
residual,24,2,245713,245714,1
residual,24,3,246340,246341,1
residual,24,4,246973,246974,1
residual,24,5,247600,247601,1
residual,24,6,248227,248228,1
residual,24,7,248854,248855,1
residual,24,8,249487,249488,1
residual,24,9,250114,250115,1
residual,24,10,250741,250742,1
residual,24,11,251368,251369,1
residual,24,12,252001,252002,1
residual,24,13,252628,252629,1
residual,24,14,253255,253256,1
residual,24,15,253882,253883,1
residual,25,0,254515,254516,1
residual,25,1,255142,255143,1
residual,25,2,255769,255770,1
residual,25,3,256396,256397,1
residual,25,4,257029,257030,1
residual,25,5,257656,257657,1
residual,25,6,258283,258284,1
residual,25,7,258910,258911,1
residual,25,8,259543,259544,1
residual,25,9,260170,260171,1
residual,25,10,260797,260798,1
residual,25,11,261424,261425,1
residual,25,12,262057,262058,1
residual,25,13,262684,262685,1
residual,25,14,263311,263312,1
residual,25,15,263938,263939,1
residual,26,0,264571,264572,1
residual,26,1,265198,265199,1
residual,26,2,265825,265826,1
residual,26,3,266452,266453,1
residual,26,4,267085,267086,1
residual,26,5,267712,267713,1
residual,26,6,268339,268340,1
residual,26,7,268966,268967,1
residual,26,8,269599,269600,1
residual,26,9,270226,270227,1
residual,26,10,270853,270854,1
residual,26,11,271480,271481,1
residual,26,12,272113,272114,1
residual,26,13,272740,272741,1
residual,26,14,273367,273368,1
residual,26,15,273994,273995,1
residual,27,0,274627,274628,1
residual,27,1,275254,275255,1
residual,27,2,275881,275882,1
residual,27,3,276508,276509,1
residual,27,4,277141,277142,1
residual,27,5,277768,277769,1
residual,27,6,278395,278396,1
residual,27,7,279022,279023,1
residual,27,8,279655,279656,1
residual,27,9,280282,280283,1
residual,27,10,280909,280910,1
residual,27,11,281536,281537,1
residual,27,12,282169,282170,1
residual,27,13,282796,282797,1
residual,27,14,283423,283424,1
residual,27,15,284050,284051,1
residual,28,0,284683,284684,1
residual,28,1,285310,285311,1
residual,28,2,285937,285938,1
residual,28,3,286564,286565,1
residual,28,4,287197,287198,1
residual,28,5,287824,287825,1
residual,28,6,288451,288452,1
residual,28,7,289078,289079,1
residual,28,8,289711,289712,1
residual,28,9,290338,290339,1
residual,28,10,290965,290966,1
residual,28,11,291592,291593,1
residual,28,12,292225,292226,1
residual,28,13,292852,292853,1
residual,28,14,293479,293480,1
residual,28,15,294106,294107,1
residual,29,0,294739,294740,1
residual,29,1,295366,295367,1
residual,29,2,295993,295994,1
residual,29,3,296620,296621,1
residual,29,4,297253,297254,1
residual,29,5,297880,297881,1
residual,29,6,298507,298508,1
residual,29,7,299134,299135,1
residual,29,8,299767,299768,1
residual,29,9,300394,300395,1
residual,29,10,301021,301022,1
residual,29,11,301648,301649,1
residual,29,12,302281,302282,1
residual,29,13,302908,302909,1
residual,29,14,303535,303536,1
residual,29,15,304162,304163,1
residual,30,0,304795,304796,1
residual,30,1,305422,305423,1
residual,30,2,306049,306050,1
residual,30,3,306676,306677,1
residual,30,4,307309,307310,1
residual,30,5,307936,307937,1
residual,30,6,308563,308564,1
residual,30,7,309190,309191,1
residual,30,8,309823,309824,1
residual,30,9,310450,310451,1
residual,30,10,311077,311078,1
residual,30,11,311704,311705,1
residual,30,12,312337,312338,1
residual,30,13,312964,312965,1
residual,30,14,313591,313592,1
residual,30,15,314218,314219,1
residual,31,0,314851,314852,1
residual,31,1,315478,315479,1
residual,31,2,316105,316106,1
residual,31,3,316732,316733,1
residual,31,4,317365,317366,1
residual,31,5,317992,317993,1
residual,31,6,318619,318620,1
residual,31,7,319246,319247,1
residual,31,8,319879,319880,1
residual,31,9,320506,320507,1
residual,31,10,321133,321134,1
residual,31,11,321760,321761,1
residual,31,12,322393,322394,1
residual,31,13,323020,323021,1
residual,31,14,323647,323648,1
residual,31,15,324274,324275,1
residual,32,0,324907,324908,1
residual,32,1,325534,325535,1
residual,32,2,326161,326162,1
residual,32,3,326788,326789,1
residual,32,4,327421,327422,1
residual,32,5,328048,328049,1
residual,32,6,328675,328676,1
residual,32,7,329302,329303,1
residual,32,8,329935,329936,1
residual,32,9,330562,330563,1
residual,32,10,331189,331190,1
residual,32,11,331816,331817,1
residual,32,12,332449,332450,1
residual,32,13,333076,333077,1
residual,32,14,333703,333704,1
residual,32,15,334330,334331,1
residual,33,0,334963,334964,1
residual,33,1,335590,335591,1
residual,33,2,336217,336218,1
residual,33,3,336844,336845,1
residual,33,4,337477,337478,1
residual,33,5,338104,338105,1
residual,33,6,338731,338732,1
residual,33,7,339358,339359,1
residual,33,8,339991,339992,1
residual,33,9,340618,340619,1
residual,33,10,341245,341246,1
residual,33,11,341872,341873,1
residual,33,12,342505,342506,1
residual,33,13,343132,343133,1
residual,33,14,343759,343760,1
residual,33,15,344386,344387,1
residual,34,0,345019,345020,1
residual,34,1,345646,345647,1
residual,34,2,346273,346274,1
residual,34,3,346900,346901,1
residual,34,4,347533,347534,1
residual,34,5,348160,348161,1
residual,34,6,348787,348788,1
residual,34,7,349414,349415,1
residual,34,8,350047,350048,1
residual,34,9,350674,350675,1
residual,34,10,351301,351302,1
residual,34,11,351928,351929,1
residual,34,12,352561,352562,1
residual,34,13,353188,353189,1
residual,34,14,353815,353816,1
residual,34,15,354442,354443,1
residual,35,0,355075,355076,1
residual,35,1,355702,355703,1
residual,35,2,356329,356330,1
residual,35,3,356956,356957,1
residual,35,4,357589,357590,1
residual,35,5,358216,358217,1
residual,35,6,358843,358844,1
residual,35,7,359470,359471,1
residual,35,8,360103,360104,1
residual,35,9,360730,360731,1
residual,35,10,361357,361358,1
residual,35,11,361984,361985,1
residual,35,12,362617,362618,1
residual,35,13,363244,363245,1
residual,35,14,363871,363872,1
residual,35,15,364498,364499,1
residual,36,0,365131,365132,1
residual,36,1,365758,365759,1
residual,36,2,366385,366386,1
residual,36,3,367012,367013,1
residual,36,4,367645,367646,1
residual,36,5,368272,368273,1
residual,36,6,368899,368900,1
residual,36,7,369526,369527,1
residual,36,8,370159,370160,1
residual,36,9,370786,370787,1
residual,36,10,371413,371414,1
residual,36,11,372040,372041,1
residual,36,12,372673,372674,1
residual,36,13,373300,373301,1
residual,36,14,373927,373928,1
residual,36,15,374554,374555,1
residual,37,0,375187,375188,1
residual,37,1,375814,375815,1
residual,37,2,376441,376442,1
residual,37,3,377068,377069,1
residual,37,4,377701,377702,1
residual,37,5,378328,378329,1
residual,37,6,378955,378956,1
residual,37,7,379582,379583,1
residual,37,8,380215,380216,1
residual,37,9,380842,380843,1
residual,37,10,381469,381470,1
residual,37,11,382096,382097,1
residual,37,12,382729,382730,1
residual,37,13,383356,383357,1
residual,37,14,383983,383984,1
residual,37,15,384610,384611,1
residual,38,0,385243,385244,1
residual,38,1,385870,385871,1
residual,38,2,386497,386498,1
residual,38,3,387124,387125,1
residual,38,4,387757,387758,1
residual,38,5,388384,388385,1
residual,38,6,389011,389012,1
residual,38,7,389638,389639,1
residual,38,8,390271,390272,1
residual,38,9,390898,390899,1
residual,38,10,391525,391526,1
residual,38,11,392152,392153,1
residual,38,12,392785,392786,1
residual,38,13,393412,393413,1
residual,38,14,394039,394040,1
residual,38,15,394666,394667,1
residual,39,0,395299,395300,1
residual,39,1,395926,395927,1
residual,39,2,396553,396554,1
residual,39,3,397180,397181,1
residual,39,4,397813,397814,1
residual,39,5,398440,398441,1
residual,39,6,399067,399068,1
residual,39,7,399694,399695,1
residual,39,8,400327,400328,1
residual,39,9,400954,400955,1
residual,39,10,401581,401582,1
residual,39,11,402208,402209,1
residual,39,12,402841,402842,1
residual,39,13,403468,403469,1
residual,39,14,404095,404096,1
residual,39,15,404722,404723,1
residual,40,0,405355,405356,1
residual,40,1,405982,405983,1
residual,40,2,406609,406610,1
residual,40,3,407236,407237,1
residual,40,4,407869,407870,1
residual,40,5,408496,408497,1
residual,40,6,409123,409124,1
residual,40,7,409750,409751,1
residual,40,8,410383,410384,1
residual,40,9,411010,411011,1
residual,40,10,411637,411638,1
residual,40,11,412264,412265,1
residual,40,12,412897,412898,1
residual,40,13,413524,413525,1
residual,40,14,414151,414152,1
residual,40,15,414778,414779,1
residual,41,0,415411,415412,1
residual,41,1,416038,416039,1
residual,41,2,416665,416666,1
residual,41,3,417292,417293,1
residual,41,4,417925,417926,1
residual,41,5,418552,418553,1
residual,41,6,419179,419180,1
residual,41,7,419806,419807,1
residual,41,8,420439,420440,1
residual,41,9,421066,421067,1
residual,41,10,421693,421694,1
residual,41,11,422320,422321,1
residual,41,12,422953,422954,1
residual,41,13,423580,423581,1
residual,41,14,424207,424208,1
residual,41,15,424834,424835,1
residual,42,0,425467,425468,1
residual,42,1,426094,426095,1
residual,42,2,426721,426722,1
residual,42,3,427348,427349,1
residual,42,4,427981,427982,1
residual,42,5,428608,428609,1
residual,42,6,429235,429236,1
residual,42,7,429862,429863,1
residual,42,8,430495,430496,1
residual,42,9,431122,431123,1
residual,42,10,431749,431750,1
residual,42,11,432376,432377,1
residual,42,12,433009,433010,1
residual,42,13,433636,433637,1
residual,42,14,434263,434264,1
residual,42,15,434890,434891,1
residual,43,0,435523,435524,1
residual,43,1,436150,436151,1
residual,43,2,436777,436778,1
residual,43,3,437404,437405,1
residual,43,4,438037,438038,1
residual,43,5,438664,438665,1
residual,43,6,439291,439292,1
residual,43,7,439918,439919,1
residual,43,8,440551,440552,1
residual,43,9,441178,441179,1
residual,43,10,441805,441806,1
residual,43,11,442432,442433,1
residual,43,12,443065,443066,1
residual,43,13,443692,443693,1
residual,43,14,444319,444320,1
residual,43,15,444946,444947,1
residual,44,0,445579,445580,1
residual,44,1,446206,446207,1
residual,44,2,446833,446834,1
residual,44,3,447460,447461,1
residual,44,4,448093,448094,1
residual,44,5,448720,448721,1
residual,44,6,449347,449348,1
residual,44,7,449974,449975,1
residual,44,8,450607,450608,1
residual,44,9,451234,451235,1
residual,44,10,451861,451862,1
residual,44,11,452488,452489,1
residual,44,12,453121,453122,1
residual,44,13,453748,453749,1
residual,44,14,454375,454376,1
residual,44,15,455002,455003,1
residual,45,0,455635,455636,1
residual,45,1,456262,456263,1
residual,45,2,456889,456890,1
residual,45,3,457516,457517,1
residual,45,4,458149,458150,1
residual,45,5,458776,458777,1
residual,45,6,459403,459404,1
residual,45,7,460030,460031,1
residual,45,8,460663,460664,1
residual,45,9,461290,461291,1
residual,45,10,461917,461918,1
residual,45,11,462544,462545,1
residual,45,12,463177,463178,1
residual,45,13,463804,463805,1
residual,45,14,464431,464432,1
residual,45,15,465058,465059,1
residual,46,0,465691,465692,1
residual,46,1,466318,466319,1
residual,46,2,466945,466946,1
residual,46,3,467572,467573,1
residual,46,4,468205,468206,1
residual,46,5,468832,468833,1
residual,46,6,469459,469460,1
residual,46,7,470086,470087,1
residual,46,8,470719,470720,1
residual,46,9,471346,471347,1
residual,46,10,471973,471974,1
residual,46,11,472600,472601,1
residual,46,12,473233,473234,1
residual,46,13,473860,473861,1
residual,46,14,474487,474488,1
residual,46,15,475114,475115,1
residual,47,0,475747,475748,1
residual,47,1,476374,476375,1
residual,47,2,477001,477002,1
residual,47,3,477628,477629,1
residual,47,4,478261,478262,1
residual,47,5,478888,478889,1
residual,47,6,479515,479516,1
residual,47,7,480142,480143,1
residual,47,8,480775,480776,1
residual,47,9,481402,481403,1
residual,47,10,482029,482030,1
residual,47,11,482656,482657,1
residual,47,12,483289,483290,1
residual,47,13,483916,483917,1
residual,47,14,484543,484544,1
residual,47,15,485170,485171,1
residual,48,0,485803,485804,1
residual,48,1,486430,486431,1
residual,48,2,487057,487058,1
residual,48,3,487684,487685,1
residual,48,4,488317,488318,1
residual,48,5,488944,488945,1
residual,48,6,489571,489572,1
residual,48,7,490198,490199,1
residual,48,8,490831,490832,1
residual,48,9,491458,491459,1
residual,48,10,492085,492086,1
residual,48,11,492712,492713,1
residual,48,12,493345,493346,1
residual,48,13,493972,493973,1
residual,48,14,494599,494600,1
residual,48,15,495226,495227,1
residual,49,0,495859,495860,1
residual,49,1,496486,496487,1
residual,49,2,497113,497114,1
residual,49,3,497740,497741,1
residual,49,4,498373,498374,1
residual,49,5,499000,499001,1
residual,49,6,499627,499628,1
residual,49,7,500254,500255,1
residual,49,8,500887,500888,1
residual,49,9,501514,501515,1
residual,49,10,502141,502142,1
residual,49,11,502768,502769,1
residual,49,12,503401,503402,1
residual,49,13,504028,504029,1
residual,49,14,504655,504656,1
residual,49,15,505282,505283,1
residual,50,0,505915,505916,1
residual,50,1,506542,506543,1
residual,50,2,507169,507170,1
residual,50,3,507796,507797,1
residual,50,4,508429,508430,1
residual,50,5,509056,509057,1
residual,50,6,509683,509684,1
residual,50,7,510310,510311,1
residual,50,8,510943,510944,1
residual,50,9,511570,511571,1
residual,50,10,512197,512198,1
residual,50,11,512824,512825,1
residual,50,12,513457,513458,1
residual,50,13,514084,514085,1
residual,50,14,514711,514712,1
residual,50,15,515338,515339,1
residual,51,0,515971,515972,1
residual,51,1,516598,516599,1
residual,51,2,517225,517226,1
residual,51,3,517852,517853,1
residual,51,4,518485,518486,1
residual,51,5,519112,519113,1
residual,51,6,519739,519740,1
residual,51,7,520366,520367,1
residual,51,8,520999,521000,1
residual,51,9,521626,521627,1
residual,51,10,522253,522254,1
residual,51,11,522880,522881,1
residual,51,12,523513,523514,1
residual,51,13,524140,524141,1
residual,51,14,524767,524768,1
residual,51,15,525394,525395,1
residual,52,0,526027,526028,1
residual,52,1,526654,526655,1
residual,52,2,527281,527282,1
residual,52,3,527908,527909,1
residual,52,4,528541,528542,1
residual,52,5,529168,529169,1
residual,52,6,529795,529796,1
residual,52,7,530422,530423,1
residual,52,8,531055,531056,1
residual,52,9,531682,531683,1
residual,52,10,532309,532310,1
residual,52,11,532936,532937,1
residual,52,12,533569,533570,1
residual,52,13,534196,534197,1
residual,52,14,534823,534824,1
residual,52,15,535450,535451,1
residual,53,0,536083,536084,1
residual,53,1,536710,536711,1
residual,53,2,537337,537338,1
residual,53,3,537964,537965,1
residual,53,4,538597,538598,1
residual,53,5,539224,539225,1
residual,53,6,539851,539852,1
residual,53,7,540478,540479,1
residual,53,8,541111,541112,1
residual,53,9,541738,541739,1
residual,53,10,542365,542366,1
residual,53,11,542992,542993,1
residual,53,12,543625,543626,1
residual,53,13,544252,544253,1
residual,53,14,544879,544880,1
residual,53,15,545506,545507,1
residual,54,0,546139,546140,1
residual,54,1,546766,546767,1
residual,54,2,547393,547394,1
residual,54,3,548020,548021,1
residual,54,4,548653,548654,1
residual,54,5,549280,549281,1
residual,54,6,549907,549908,1
residual,54,7,550534,550535,1
residual,54,8,551167,551168,1
residual,54,9,551794,551795,1
residual,54,10,552421,552422,1
residual,54,11,553048,553049,1
residual,54,12,553681,553682,1
residual,54,13,554308,554309,1
residual,54,14,554935,554936,1
residual,54,15,555562,555563,1
residual,55,0,556195,556196,1
residual,55,1,556822,556823,1
residual,55,2,557449,557450,1
residual,55,3,558076,558077,1
residual,55,4,558709,558710,1
residual,55,5,559336,559337,1
residual,55,6,559963,559964,1
residual,55,7,560590,560591,1
residual,55,8,561223,561224,1
residual,55,9,561850,561851,1
residual,55,10,562477,562478,1
residual,55,11,563104,563105,1
residual,55,12,563737,563738,1
residual,55,13,564364,564365,1
residual,55,14,564991,564992,1
residual,55,15,565618,565619,1
residual,56,0,566251,566252,1
residual,56,1,566878,566879,1
residual,56,2,567505,567506,1
residual,56,3,568132,568133,1
residual,56,4,568765,568766,1
residual,56,5,569392,569393,1
residual,56,6,570019,570020,1
residual,56,7,570646,570647,1
residual,56,8,571279,571280,1
residual,56,9,571906,571907,1
residual,56,10,572533,572534,1
residual,56,11,573160,573161,1
residual,56,12,573793,573794,1
residual,56,13,574420,574421,1
residual,56,14,575047,575048,1
residual,56,15,575674,575675,1
residual,57,0,576307,576308,1
residual,57,1,576934,576935,1
residual,57,2,577561,577562,1
residual,57,3,578188,578189,1
residual,57,4,578821,578822,1
residual,57,5,579448,579449,1
residual,57,6,580075,580076,1
residual,57,7,580702,580703,1
residual,57,8,581335,581336,1
residual,57,9,581962,581963,1
residual,57,10,582589,582590,1
residual,57,11,583216,583217,1
residual,57,12,583849,583850,1
residual,57,13,584476,584477,1
residual,57,14,585103,585104,1
residual,57,15,585730,585731,1
residual,58,0,586363,586364,1
residual,58,1,586990,586991,1
residual,58,2,587617,587618,1
residual,58,3,588244,588245,1
residual,58,4,588877,588878,1
residual,58,5,589504,589505,1
residual,58,6,590131,590132,1
residual,58,7,590758,590759,1
residual,58,8,591391,591392,1
residual,58,9,592018,592019,1
residual,58,10,592645,592646,1
residual,58,11,593272,593273,1
residual,58,12,593905,593906,1
residual,58,13,594532,594533,1
residual,58,14,595159,595160,1
residual,58,15,595786,595787,1
residual,59,0,596419,596420,1
residual,59,1,597046,597047,1
residual,59,2,597673,597674,1
residual,59,3,598300,598301,1
residual,59,4,598933,598934,1
residual,59,5,599560,599561,1
residual,59,6,600187,600188,1
residual,59,7,600814,600815,1
residual,59,8,601447,601448,1
residual,59,9,602074,602075,1
residual,59,10,602701,602702,1
residual,59,11,603328,603329,1
residual,59,12,603961,603962,1
residual,59,13,604588,604589,1
residual,59,14,605215,605216,1
residual,59,15,605842,605843,1
residual,60,0,606475,606476,1
residual,60,1,607102,607103,1
residual,60,2,607729,607730,1
residual,60,3,608356,608357,1
residual,60,4,608989,608990,1
residual,60,5,609616,609617,1
residual,60,6,610243,610244,1
residual,60,7,610870,610871,1
residual,60,8,611503,611504,1
residual,60,9,612130,612131,1
residual,60,10,612757,612758,1
residual,60,11,613384,613385,1
residual,60,12,614017,614018,1
residual,60,13,614644,614645,1
residual,60,14,615271,615272,1
residual,60,15,615898,615899,1
residual,61,0,616531,616532,1
residual,61,1,617158,617159,1
residual,61,2,617785,617786,1
residual,61,3,618412,618413,1
residual,61,4,619045,619046,1
residual,61,5,619672,619673,1
residual,61,6,620299,620300,1
residual,61,7,620926,620927,1
residual,61,8,621559,621560,1
residual,61,9,622186,622187,1
residual,61,10,622813,622814,1
residual,61,11,623440,623441,1
residual,61,12,624073,624074,1
residual,61,13,624700,624701,1
residual,61,14,625327,625328,1
residual,61,15,625954,625955,1
residual,62,0,626587,626588,1
residual,62,1,627214,627215,1
residual,62,2,627841,627842,1
residual,62,3,628468,628469,1
residual,62,4,629101,629102,1
residual,62,5,629728,629729,1
residual,62,6,630355,630356,1
residual,62,7,630982,630983,1
residual,62,8,631615,631616,1
residual,62,9,632242,632243,1
residual,62,10,632869,632870,1
residual,62,11,633496,633497,1
residual,62,12,634129,634130,1
residual,62,13,634756,634757,1
residual,62,14,635383,635384,1
residual,62,15,636010,636011,1
residual,63,0,636643,636644,1
residual,63,1,637270,637271,1
residual,63,2,637897,637898,1
residual,63,3,638524,638525,1
residual,63,4,639157,639158,1
residual,63,5,639784,639785,1
residual,63,6,640411,640412,1
residual,63,7,641038,641039,1
residual,63,8,641671,641672,1
residual,63,9,642298,642299,1
residual,63,10,642925,642926,1
residual,63,11,643552,643553,1
residual,63,12,644185,644186,1
residual,63,13,644812,644813,1
residual,63,14,645439,645440,1
residual,63,15,646066,646067,1
block_output_wait,0,0,3116,3117,1
block_output_wait,0,1,3743,3744,1
block_output_wait,0,2,4370,4371,1
block_output_wait,0,3,4997,4998,1
block_output_wait,0,4,5630,5631,1
block_output_wait,0,5,6257,6258,1
block_output_wait,0,6,6884,6885,1
block_output_wait,0,7,7511,7512,1
block_output_wait,0,8,8144,8145,1
block_output_wait,0,9,8771,8772,1
block_output_wait,0,10,9398,9399,1
block_output_wait,0,11,10025,10026,1
block_output_wait,0,12,10658,10659,1
block_output_wait,0,13,11285,11286,1
block_output_wait,0,14,11912,11913,1
block_output_wait,0,15,12539,12540,1
block_output_wait,1,0,13172,13173,1
block_output_wait,1,1,13799,13800,1
block_output_wait,1,2,14426,14427,1
block_output_wait,1,3,15053,15054,1
block_output_wait,1,4,15686,15687,1
block_output_wait,1,5,16313,16314,1
block_output_wait,1,6,16940,16941,1
block_output_wait,1,7,17567,17568,1
block_output_wait,1,8,18200,18201,1
block_output_wait,1,9,18827,18828,1
block_output_wait,1,10,19454,19455,1
block_output_wait,1,11,20081,20082,1
block_output_wait,1,12,20714,20715,1
block_output_wait,1,13,21341,21342,1
block_output_wait,1,14,21968,21969,1
block_output_wait,1,15,22595,22596,1
block_output_wait,2,0,23228,23229,1
block_output_wait,2,1,23855,23856,1
block_output_wait,2,2,24482,24483,1
block_output_wait,2,3,25109,25110,1
block_output_wait,2,4,25742,25743,1
block_output_wait,2,5,26369,26370,1
block_output_wait,2,6,26996,26997,1
block_output_wait,2,7,27623,27624,1
block_output_wait,2,8,28256,28257,1
block_output_wait,2,9,28883,28884,1
block_output_wait,2,10,29510,29511,1
block_output_wait,2,11,30137,30138,1
block_output_wait,2,12,30770,30771,1
block_output_wait,2,13,31397,31398,1
block_output_wait,2,14,32024,32025,1
block_output_wait,2,15,32651,32652,1
block_output_wait,3,0,33284,33285,1
block_output_wait,3,1,33911,33912,1
block_output_wait,3,2,34538,34539,1
block_output_wait,3,3,35165,35166,1
block_output_wait,3,4,35798,35799,1
block_output_wait,3,5,36425,36426,1
block_output_wait,3,6,37052,37053,1
block_output_wait,3,7,37679,37680,1
block_output_wait,3,8,38312,38313,1
block_output_wait,3,9,38939,38940,1
block_output_wait,3,10,39566,39567,1
block_output_wait,3,11,40193,40194,1
block_output_wait,3,12,40826,40827,1
block_output_wait,3,13,41453,41454,1
block_output_wait,3,14,42080,42081,1
block_output_wait,3,15,42707,42708,1
block_output_wait,4,0,43340,43341,1
block_output_wait,4,1,43967,43968,1
block_output_wait,4,2,44594,44595,1
block_output_wait,4,3,45221,45222,1
block_output_wait,4,4,45854,45855,1
block_output_wait,4,5,46481,46482,1
block_output_wait,4,6,47108,47109,1
block_output_wait,4,7,47735,47736,1
block_output_wait,4,8,48368,48369,1
block_output_wait,4,9,48995,48996,1
block_output_wait,4,10,49622,49623,1
block_output_wait,4,11,50249,50250,1
block_output_wait,4,12,50882,50883,1
block_output_wait,4,13,51509,51510,1
block_output_wait,4,14,52136,52137,1
block_output_wait,4,15,52763,52764,1
block_output_wait,5,0,53396,53397,1
block_output_wait,5,1,54023,54024,1
block_output_wait,5,2,54650,54651,1
block_output_wait,5,3,55277,55278,1
block_output_wait,5,4,55910,55911,1
block_output_wait,5,5,56537,56538,1
block_output_wait,5,6,57164,57165,1
block_output_wait,5,7,57791,57792,1
block_output_wait,5,8,58424,58425,1
block_output_wait,5,9,59051,59052,1
block_output_wait,5,10,59678,59679,1
block_output_wait,5,11,60305,60306,1
block_output_wait,5,12,60938,60939,1
block_output_wait,5,13,61565,61566,1
block_output_wait,5,14,62192,62193,1
block_output_wait,5,15,62819,62820,1
block_output_wait,6,0,63452,63453,1
block_output_wait,6,1,64079,64080,1
block_output_wait,6,2,64706,64707,1
block_output_wait,6,3,65333,65334,1
block_output_wait,6,4,65966,65967,1
block_output_wait,6,5,66593,66594,1
block_output_wait,6,6,67220,67221,1
block_output_wait,6,7,67847,67848,1
block_output_wait,6,8,68480,68481,1
block_output_wait,6,9,69107,69108,1
block_output_wait,6,10,69734,69735,1
block_output_wait,6,11,70361,70362,1
block_output_wait,6,12,70994,70995,1
block_output_wait,6,13,71621,71622,1
block_output_wait,6,14,72248,72249,1
block_output_wait,6,15,72875,72876,1
block_output_wait,7,0,73508,73509,1
block_output_wait,7,1,74135,74136,1
block_output_wait,7,2,74762,74763,1
block_output_wait,7,3,75389,75390,1
block_output_wait,7,4,76022,76023,1
block_output_wait,7,5,76649,76650,1
block_output_wait,7,6,77276,77277,1
block_output_wait,7,7,77903,77904,1
block_output_wait,7,8,78536,78537,1
block_output_wait,7,9,79163,79164,1
block_output_wait,7,10,79790,79791,1
block_output_wait,7,11,80417,80418,1
block_output_wait,7,12,81050,81051,1
block_output_wait,7,13,81677,81678,1
block_output_wait,7,14,82304,82305,1
block_output_wait,7,15,82931,82932,1
block_output_wait,8,0,83564,83565,1
block_output_wait,8,1,84191,84192,1
block_output_wait,8,2,84818,84819,1
block_output_wait,8,3,85445,85446,1
block_output_wait,8,4,86078,86079,1
block_output_wait,8,5,86705,86706,1
block_output_wait,8,6,87332,87333,1
block_output_wait,8,7,87959,87960,1
block_output_wait,8,8,88592,88593,1
block_output_wait,8,9,89219,89220,1
block_output_wait,8,10,89846,89847,1
block_output_wait,8,11,90473,90474,1
block_output_wait,8,12,91106,91107,1
block_output_wait,8,13,91733,91734,1
block_output_wait,8,14,92360,92361,1
block_output_wait,8,15,92987,92988,1
block_output_wait,9,0,93620,93621,1
block_output_wait,9,1,94247,94248,1
block_output_wait,9,2,94874,94875,1
block_output_wait,9,3,95501,95502,1
block_output_wait,9,4,96134,96135,1
block_output_wait,9,5,96761,96762,1
block_output_wait,9,6,97388,97389,1
block_output_wait,9,7,98015,98016,1
block_output_wait,9,8,98648,98649,1
block_output_wait,9,9,99275,99276,1
block_output_wait,9,10,99902,99903,1
block_output_wait,9,11,100529,100530,1
block_output_wait,9,12,101162,101163,1
block_output_wait,9,13,101789,101790,1
block_output_wait,9,14,102416,102417,1
block_output_wait,9,15,103043,103044,1
block_output_wait,10,0,103676,103677,1
block_output_wait,10,1,104303,104304,1
block_output_wait,10,2,104930,104931,1
block_output_wait,10,3,105557,105558,1
block_output_wait,10,4,106190,106191,1
block_output_wait,10,5,106817,106818,1
block_output_wait,10,6,107444,107445,1
block_output_wait,10,7,108071,108072,1
block_output_wait,10,8,108704,108705,1
block_output_wait,10,9,109331,109332,1
block_output_wait,10,10,109958,109959,1
block_output_wait,10,11,110585,110586,1
block_output_wait,10,12,111218,111219,1
block_output_wait,10,13,111845,111846,1
block_output_wait,10,14,112472,112473,1
block_output_wait,10,15,113099,113100,1
block_output_wait,11,0,113732,113733,1
block_output_wait,11,1,114359,114360,1
block_output_wait,11,2,114986,114987,1
block_output_wait,11,3,115613,115614,1
block_output_wait,11,4,116246,116247,1
block_output_wait,11,5,116873,116874,1
block_output_wait,11,6,117500,117501,1
block_output_wait,11,7,118127,118128,1
block_output_wait,11,8,118760,118761,1
block_output_wait,11,9,119387,119388,1
block_output_wait,11,10,120014,120015,1
block_output_wait,11,11,120641,120642,1
block_output_wait,11,12,121274,121275,1
block_output_wait,11,13,121901,121902,1
block_output_wait,11,14,122528,122529,1
block_output_wait,11,15,123155,123156,1
block_output_wait,12,0,123788,123789,1
block_output_wait,12,1,124415,124416,1
block_output_wait,12,2,125042,125043,1
block_output_wait,12,3,125669,125670,1
block_output_wait,12,4,126302,126303,1
block_output_wait,12,5,126929,126930,1
block_output_wait,12,6,127556,127557,1
block_output_wait,12,7,128183,128184,1
block_output_wait,12,8,128816,128817,1
block_output_wait,12,9,129443,129444,1
block_output_wait,12,10,130070,130071,1
block_output_wait,12,11,130697,130698,1
block_output_wait,12,12,131330,131331,1
block_output_wait,12,13,131957,131958,1
block_output_wait,12,14,132584,132585,1
block_output_wait,12,15,133211,133212,1
block_output_wait,13,0,133844,133845,1
block_output_wait,13,1,134471,134472,1
block_output_wait,13,2,135098,135099,1
block_output_wait,13,3,135725,135726,1
block_output_wait,13,4,136358,136359,1
block_output_wait,13,5,136985,136986,1
block_output_wait,13,6,137612,137613,1
block_output_wait,13,7,138239,138240,1
block_output_wait,13,8,138872,138873,1
block_output_wait,13,9,139499,139500,1
block_output_wait,13,10,140126,140127,1
block_output_wait,13,11,140753,140754,1
block_output_wait,13,12,141386,141387,1
block_output_wait,13,13,142013,142014,1
block_output_wait,13,14,142640,142641,1
block_output_wait,13,15,143267,143268,1
block_output_wait,14,0,143900,143901,1
block_output_wait,14,1,144527,144528,1
block_output_wait,14,2,145154,145155,1
block_output_wait,14,3,145781,145782,1
block_output_wait,14,4,146414,146415,1
block_output_wait,14,5,147041,147042,1
block_output_wait,14,6,147668,147669,1
block_output_wait,14,7,148295,148296,1
block_output_wait,14,8,148928,148929,1
block_output_wait,14,9,149555,149556,1
block_output_wait,14,10,150182,150183,1
block_output_wait,14,11,150809,150810,1
block_output_wait,14,12,151442,151443,1
block_output_wait,14,13,152069,152070,1
block_output_wait,14,14,152696,152697,1
block_output_wait,14,15,153323,153324,1
block_output_wait,15,0,153956,153957,1
block_output_wait,15,1,154583,154584,1
block_output_wait,15,2,155210,155211,1
block_output_wait,15,3,155837,155838,1
block_output_wait,15,4,156470,156471,1
block_output_wait,15,5,157097,157098,1
block_output_wait,15,6,157724,157725,1
block_output_wait,15,7,158351,158352,1
block_output_wait,15,8,158984,158985,1
block_output_wait,15,9,159611,159612,1
block_output_wait,15,10,160238,160239,1
block_output_wait,15,11,160865,160866,1
block_output_wait,15,12,161498,161499,1
block_output_wait,15,13,162125,162126,1
block_output_wait,15,14,162752,162753,1
block_output_wait,15,15,163379,163380,1
block_output_wait,16,0,164012,164013,1
block_output_wait,16,1,164639,164640,1
block_output_wait,16,2,165266,165267,1
block_output_wait,16,3,165893,165894,1
block_output_wait,16,4,166526,166527,1
block_output_wait,16,5,167153,167154,1
block_output_wait,16,6,167780,167781,1
block_output_wait,16,7,168407,168408,1
block_output_wait,16,8,169040,169041,1
block_output_wait,16,9,169667,169668,1
block_output_wait,16,10,170294,170295,1
block_output_wait,16,11,170921,170922,1
block_output_wait,16,12,171554,171555,1
block_output_wait,16,13,172181,172182,1
block_output_wait,16,14,172808,172809,1
block_output_wait,16,15,173435,173436,1
block_output_wait,17,0,174068,174069,1
block_output_wait,17,1,174695,174696,1
block_output_wait,17,2,175322,175323,1
block_output_wait,17,3,175949,175950,1
block_output_wait,17,4,176582,176583,1
block_output_wait,17,5,177209,177210,1
block_output_wait,17,6,177836,177837,1
block_output_wait,17,7,178463,178464,1
block_output_wait,17,8,179096,179097,1
block_output_wait,17,9,179723,179724,1
block_output_wait,17,10,180350,180351,1
block_output_wait,17,11,180977,180978,1
block_output_wait,17,12,181610,181611,1
block_output_wait,17,13,182237,182238,1
block_output_wait,17,14,182864,182865,1
block_output_wait,17,15,183491,183492,1
block_output_wait,18,0,184124,184125,1
block_output_wait,18,1,184751,184752,1
block_output_wait,18,2,185378,185379,1
block_output_wait,18,3,186005,186006,1
block_output_wait,18,4,186638,186639,1
block_output_wait,18,5,187265,187266,1
block_output_wait,18,6,187892,187893,1
block_output_wait,18,7,188519,188520,1
block_output_wait,18,8,189152,189153,1
block_output_wait,18,9,189779,189780,1
block_output_wait,18,10,190406,190407,1
block_output_wait,18,11,191033,191034,1
block_output_wait,18,12,191666,191667,1
block_output_wait,18,13,192293,192294,1
block_output_wait,18,14,192920,192921,1
block_output_wait,18,15,193547,193548,1
block_output_wait,19,0,194180,194181,1
block_output_wait,19,1,194807,194808,1
block_output_wait,19,2,195434,195435,1
block_output_wait,19,3,196061,196062,1
block_output_wait,19,4,196694,196695,1
block_output_wait,19,5,197321,197322,1
block_output_wait,19,6,197948,197949,1
block_output_wait,19,7,198575,198576,1
block_output_wait,19,8,199208,199209,1
block_output_wait,19,9,199835,199836,1
block_output_wait,19,10,200462,200463,1
block_output_wait,19,11,201089,201090,1
block_output_wait,19,12,201722,201723,1
block_output_wait,19,13,202349,202350,1
block_output_wait,19,14,202976,202977,1
block_output_wait,19,15,203603,203604,1
block_output_wait,20,0,204236,204237,1
block_output_wait,20,1,204863,204864,1
block_output_wait,20,2,205490,205491,1
block_output_wait,20,3,206117,206118,1
block_output_wait,20,4,206750,206751,1
block_output_wait,20,5,207377,207378,1
block_output_wait,20,6,208004,208005,1
block_output_wait,20,7,208631,208632,1
block_output_wait,20,8,209264,209265,1
block_output_wait,20,9,209891,209892,1
block_output_wait,20,10,210518,210519,1
block_output_wait,20,11,211145,211146,1
block_output_wait,20,12,211778,211779,1
block_output_wait,20,13,212405,212406,1
block_output_wait,20,14,213032,213033,1
block_output_wait,20,15,213659,213660,1
block_output_wait,21,0,214292,214293,1
block_output_wait,21,1,214919,214920,1
block_output_wait,21,2,215546,215547,1
block_output_wait,21,3,216173,216174,1
block_output_wait,21,4,216806,216807,1
block_output_wait,21,5,217433,217434,1
block_output_wait,21,6,218060,218061,1
block_output_wait,21,7,218687,218688,1
block_output_wait,21,8,219320,219321,1
block_output_wait,21,9,219947,219948,1
block_output_wait,21,10,220574,220575,1
block_output_wait,21,11,221201,221202,1
block_output_wait,21,12,221834,221835,1
block_output_wait,21,13,222461,222462,1
block_output_wait,21,14,223088,223089,1
block_output_wait,21,15,223715,223716,1
block_output_wait,22,0,224348,224349,1
block_output_wait,22,1,224975,224976,1
block_output_wait,22,2,225602,225603,1
block_output_wait,22,3,226229,226230,1
block_output_wait,22,4,226862,226863,1
block_output_wait,22,5,227489,227490,1
block_output_wait,22,6,228116,228117,1
block_output_wait,22,7,228743,228744,1
block_output_wait,22,8,229376,229377,1
block_output_wait,22,9,230003,230004,1
block_output_wait,22,10,230630,230631,1
block_output_wait,22,11,231257,231258,1
block_output_wait,22,12,231890,231891,1
block_output_wait,22,13,232517,232518,1
block_output_wait,22,14,233144,233145,1
block_output_wait,22,15,233771,233772,1
block_output_wait,23,0,234404,234405,1
block_output_wait,23,1,235031,235032,1
block_output_wait,23,2,235658,235659,1
block_output_wait,23,3,236285,236286,1
block_output_wait,23,4,236918,236919,1
block_output_wait,23,5,237545,237546,1
block_output_wait,23,6,238172,238173,1
block_output_wait,23,7,238799,238800,1
block_output_wait,23,8,239432,239433,1
block_output_wait,23,9,240059,240060,1
block_output_wait,23,10,240686,240687,1
block_output_wait,23,11,241313,241314,1
block_output_wait,23,12,241946,241947,1
block_output_wait,23,13,242573,242574,1
block_output_wait,23,14,243200,243201,1
block_output_wait,23,15,243827,243828,1
block_output_wait,24,0,244460,244461,1
block_output_wait,24,1,245087,245088,1
block_output_wait,24,2,245714,245715,1
block_output_wait,24,3,246341,246342,1
block_output_wait,24,4,246974,246975,1
block_output_wait,24,5,247601,247602,1
block_output_wait,24,6,248228,248229,1
block_output_wait,24,7,248855,248856,1
block_output_wait,24,8,249488,249489,1
block_output_wait,24,9,250115,250116,1
block_output_wait,24,10,250742,250743,1
block_output_wait,24,11,251369,251370,1
block_output_wait,24,12,252002,252003,1
block_output_wait,24,13,252629,252630,1
block_output_wait,24,14,253256,253257,1
block_output_wait,24,15,253883,253884,1
block_output_wait,25,0,254516,254517,1
block_output_wait,25,1,255143,255144,1
block_output_wait,25,2,255770,255771,1
block_output_wait,25,3,256397,256398,1
block_output_wait,25,4,257030,257031,1
block_output_wait,25,5,257657,257658,1
block_output_wait,25,6,258284,258285,1
block_output_wait,25,7,258911,258912,1
block_output_wait,25,8,259544,259545,1
block_output_wait,25,9,260171,260172,1
block_output_wait,25,10,260798,260799,1
block_output_wait,25,11,261425,261426,1
block_output_wait,25,12,262058,262059,1
block_output_wait,25,13,262685,262686,1
block_output_wait,25,14,263312,263313,1
block_output_wait,25,15,263939,263940,1
block_output_wait,26,0,264572,264573,1
block_output_wait,26,1,265199,265200,1
block_output_wait,26,2,265826,265827,1
block_output_wait,26,3,266453,266454,1
block_output_wait,26,4,267086,267087,1
block_output_wait,26,5,267713,267714,1
block_output_wait,26,6,268340,268341,1
block_output_wait,26,7,268967,268968,1
block_output_wait,26,8,269600,269601,1
block_output_wait,26,9,270227,270228,1
block_output_wait,26,10,270854,270855,1
block_output_wait,26,11,271481,271482,1
block_output_wait,26,12,272114,272115,1
block_output_wait,26,13,272741,272742,1
block_output_wait,26,14,273368,273369,1
block_output_wait,26,15,273995,273996,1
block_output_wait,27,0,274628,274629,1
block_output_wait,27,1,275255,275256,1
block_output_wait,27,2,275882,275883,1
block_output_wait,27,3,276509,276510,1
block_output_wait,27,4,277142,277143,1
block_output_wait,27,5,277769,277770,1
block_output_wait,27,6,278396,278397,1
block_output_wait,27,7,279023,279024,1
block_output_wait,27,8,279656,279657,1
block_output_wait,27,9,280283,280284,1
block_output_wait,27,10,280910,280911,1
block_output_wait,27,11,281537,281538,1
block_output_wait,27,12,282170,282171,1
block_output_wait,27,13,282797,282798,1
block_output_wait,27,14,283424,283425,1
block_output_wait,27,15,284051,284052,1
block_output_wait,28,0,284684,284685,1
block_output_wait,28,1,285311,285312,1
block_output_wait,28,2,285938,285939,1
block_output_wait,28,3,286565,286566,1
block_output_wait,28,4,287198,287199,1
block_output_wait,28,5,287825,287826,1
block_output_wait,28,6,288452,288453,1
block_output_wait,28,7,289079,289080,1
block_output_wait,28,8,289712,289713,1
block_output_wait,28,9,290339,290340,1
block_output_wait,28,10,290966,290967,1
block_output_wait,28,11,291593,291594,1
block_output_wait,28,12,292226,292227,1
block_output_wait,28,13,292853,292854,1
block_output_wait,28,14,293480,293481,1
block_output_wait,28,15,294107,294108,1
block_output_wait,29,0,294740,294741,1
block_output_wait,29,1,295367,295368,1
block_output_wait,29,2,295994,295995,1
block_output_wait,29,3,296621,296622,1
block_output_wait,29,4,297254,297255,1
block_output_wait,29,5,297881,297882,1
block_output_wait,29,6,298508,298509,1
block_output_wait,29,7,299135,299136,1
block_output_wait,29,8,299768,299769,1
block_output_wait,29,9,300395,300396,1
block_output_wait,29,10,301022,301023,1
block_output_wait,29,11,301649,301650,1
block_output_wait,29,12,302282,302283,1
block_output_wait,29,13,302909,302910,1
block_output_wait,29,14,303536,303537,1
block_output_wait,29,15,304163,304164,1
block_output_wait,30,0,304796,304797,1
block_output_wait,30,1,305423,305424,1
block_output_wait,30,2,306050,306051,1
block_output_wait,30,3,306677,306678,1
block_output_wait,30,4,307310,307311,1
block_output_wait,30,5,307937,307938,1
block_output_wait,30,6,308564,308565,1
block_output_wait,30,7,309191,309192,1
block_output_wait,30,8,309824,309825,1
block_output_wait,30,9,310451,310452,1
block_output_wait,30,10,311078,311079,1
block_output_wait,30,11,311705,311706,1
block_output_wait,30,12,312338,312339,1
block_output_wait,30,13,312965,312966,1
block_output_wait,30,14,313592,313593,1
block_output_wait,30,15,314219,314220,1
block_output_wait,31,0,314852,314853,1
block_output_wait,31,1,315479,315480,1
block_output_wait,31,2,316106,316107,1
block_output_wait,31,3,316733,316734,1
block_output_wait,31,4,317366,317367,1
block_output_wait,31,5,317993,317994,1
block_output_wait,31,6,318620,318621,1
block_output_wait,31,7,319247,319248,1
block_output_wait,31,8,319880,319881,1
block_output_wait,31,9,320507,320508,1
block_output_wait,31,10,321134,321135,1
block_output_wait,31,11,321761,321762,1
block_output_wait,31,12,322394,322395,1
block_output_wait,31,13,323021,323022,1
block_output_wait,31,14,323648,323649,1
block_output_wait,31,15,324275,324276,1
block_output_wait,32,0,324908,324909,1
block_output_wait,32,1,325535,325536,1
block_output_wait,32,2,326162,326163,1
block_output_wait,32,3,326789,326790,1
block_output_wait,32,4,327422,327423,1
block_output_wait,32,5,328049,328050,1
block_output_wait,32,6,328676,328677,1
block_output_wait,32,7,329303,329304,1
block_output_wait,32,8,329936,329937,1
block_output_wait,32,9,330563,330564,1
block_output_wait,32,10,331190,331191,1
block_output_wait,32,11,331817,331818,1
block_output_wait,32,12,332450,332451,1
block_output_wait,32,13,333077,333078,1
block_output_wait,32,14,333704,333705,1
block_output_wait,32,15,334331,334332,1
block_output_wait,33,0,334964,334965,1
block_output_wait,33,1,335591,335592,1
block_output_wait,33,2,336218,336219,1
block_output_wait,33,3,336845,336846,1
block_output_wait,33,4,337478,337479,1
block_output_wait,33,5,338105,338106,1
block_output_wait,33,6,338732,338733,1
block_output_wait,33,7,339359,339360,1
block_output_wait,33,8,339992,339993,1
block_output_wait,33,9,340619,340620,1
block_output_wait,33,10,341246,341247,1
block_output_wait,33,11,341873,341874,1
block_output_wait,33,12,342506,342507,1
block_output_wait,33,13,343133,343134,1
block_output_wait,33,14,343760,343761,1
block_output_wait,33,15,344387,344388,1
block_output_wait,34,0,345020,345021,1
block_output_wait,34,1,345647,345648,1
block_output_wait,34,2,346274,346275,1
block_output_wait,34,3,346901,346902,1
block_output_wait,34,4,347534,347535,1
block_output_wait,34,5,348161,348162,1
block_output_wait,34,6,348788,348789,1
block_output_wait,34,7,349415,349416,1
block_output_wait,34,8,350048,350049,1
block_output_wait,34,9,350675,350676,1
block_output_wait,34,10,351302,351303,1
block_output_wait,34,11,351929,351930,1
block_output_wait,34,12,352562,352563,1
block_output_wait,34,13,353189,353190,1
block_output_wait,34,14,353816,353817,1
block_output_wait,34,15,354443,354444,1
block_output_wait,35,0,355076,355077,1
block_output_wait,35,1,355703,355704,1
block_output_wait,35,2,356330,356331,1
block_output_wait,35,3,356957,356958,1
block_output_wait,35,4,357590,357591,1
block_output_wait,35,5,358217,358218,1
block_output_wait,35,6,358844,358845,1
block_output_wait,35,7,359471,359472,1
block_output_wait,35,8,360104,360105,1
block_output_wait,35,9,360731,360732,1
block_output_wait,35,10,361358,361359,1
block_output_wait,35,11,361985,361986,1
block_output_wait,35,12,362618,362619,1
block_output_wait,35,13,363245,363246,1
block_output_wait,35,14,363872,363873,1
block_output_wait,35,15,364499,364500,1
block_output_wait,36,0,365132,365133,1
block_output_wait,36,1,365759,365760,1
block_output_wait,36,2,366386,366387,1
block_output_wait,36,3,367013,367014,1
block_output_wait,36,4,367646,367647,1
block_output_wait,36,5,368273,368274,1
block_output_wait,36,6,368900,368901,1
block_output_wait,36,7,369527,369528,1
block_output_wait,36,8,370160,370161,1
block_output_wait,36,9,370787,370788,1
block_output_wait,36,10,371414,371415,1
block_output_wait,36,11,372041,372042,1
block_output_wait,36,12,372674,372675,1
block_output_wait,36,13,373301,373302,1
block_output_wait,36,14,373928,373929,1
block_output_wait,36,15,374555,374556,1
block_output_wait,37,0,375188,375189,1
block_output_wait,37,1,375815,375816,1
block_output_wait,37,2,376442,376443,1
block_output_wait,37,3,377069,377070,1
block_output_wait,37,4,377702,377703,1
block_output_wait,37,5,378329,378330,1
block_output_wait,37,6,378956,378957,1
block_output_wait,37,7,379583,379584,1
block_output_wait,37,8,380216,380217,1
block_output_wait,37,9,380843,380844,1
block_output_wait,37,10,381470,381471,1
block_output_wait,37,11,382097,382098,1
block_output_wait,37,12,382730,382731,1
block_output_wait,37,13,383357,383358,1
block_output_wait,37,14,383984,383985,1
block_output_wait,37,15,384611,384612,1
block_output_wait,38,0,385244,385245,1
block_output_wait,38,1,385871,385872,1
block_output_wait,38,2,386498,386499,1
block_output_wait,38,3,387125,387126,1
block_output_wait,38,4,387758,387759,1
block_output_wait,38,5,388385,388386,1
block_output_wait,38,6,389012,389013,1
block_output_wait,38,7,389639,389640,1
block_output_wait,38,8,390272,390273,1
block_output_wait,38,9,390899,390900,1
block_output_wait,38,10,391526,391527,1
block_output_wait,38,11,392153,392154,1
block_output_wait,38,12,392786,392787,1
block_output_wait,38,13,393413,393414,1
block_output_wait,38,14,394040,394041,1
block_output_wait,38,15,394667,394668,1
block_output_wait,39,0,395300,395301,1
block_output_wait,39,1,395927,395928,1
block_output_wait,39,2,396554,396555,1
block_output_wait,39,3,397181,397182,1
block_output_wait,39,4,397814,397815,1
block_output_wait,39,5,398441,398442,1
block_output_wait,39,6,399068,399069,1
block_output_wait,39,7,399695,399696,1
block_output_wait,39,8,400328,400329,1
block_output_wait,39,9,400955,400956,1
block_output_wait,39,10,401582,401583,1
block_output_wait,39,11,402209,402210,1
block_output_wait,39,12,402842,402843,1
block_output_wait,39,13,403469,403470,1
block_output_wait,39,14,404096,404097,1
block_output_wait,39,15,404723,404724,1
block_output_wait,40,0,405356,405357,1
block_output_wait,40,1,405983,405984,1
block_output_wait,40,2,406610,406611,1
block_output_wait,40,3,407237,407238,1
block_output_wait,40,4,407870,407871,1
block_output_wait,40,5,408497,408498,1
block_output_wait,40,6,409124,409125,1
block_output_wait,40,7,409751,409752,1
block_output_wait,40,8,410384,410385,1
block_output_wait,40,9,411011,411012,1
block_output_wait,40,10,411638,411639,1
block_output_wait,40,11,412265,412266,1
block_output_wait,40,12,412898,412899,1
block_output_wait,40,13,413525,413526,1
block_output_wait,40,14,414152,414153,1
block_output_wait,40,15,414779,414780,1
block_output_wait,41,0,415412,415413,1
block_output_wait,41,1,416039,416040,1
block_output_wait,41,2,416666,416667,1
block_output_wait,41,3,417293,417294,1
block_output_wait,41,4,417926,417927,1
block_output_wait,41,5,418553,418554,1
block_output_wait,41,6,419180,419181,1
block_output_wait,41,7,419807,419808,1
block_output_wait,41,8,420440,420441,1
block_output_wait,41,9,421067,421068,1
block_output_wait,41,10,421694,421695,1
block_output_wait,41,11,422321,422322,1
block_output_wait,41,12,422954,422955,1
block_output_wait,41,13,423581,423582,1
block_output_wait,41,14,424208,424209,1
block_output_wait,41,15,424835,424836,1
block_output_wait,42,0,425468,425469,1
block_output_wait,42,1,426095,426096,1
block_output_wait,42,2,426722,426723,1
block_output_wait,42,3,427349,427350,1
block_output_wait,42,4,427982,427983,1
block_output_wait,42,5,428609,428610,1
block_output_wait,42,6,429236,429237,1
block_output_wait,42,7,429863,429864,1
block_output_wait,42,8,430496,430497,1
block_output_wait,42,9,431123,431124,1
block_output_wait,42,10,431750,431751,1
block_output_wait,42,11,432377,432378,1
block_output_wait,42,12,433010,433011,1
block_output_wait,42,13,433637,433638,1
block_output_wait,42,14,434264,434265,1
block_output_wait,42,15,434891,434892,1
block_output_wait,43,0,435524,435525,1
block_output_wait,43,1,436151,436152,1
block_output_wait,43,2,436778,436779,1
block_output_wait,43,3,437405,437406,1
block_output_wait,43,4,438038,438039,1
block_output_wait,43,5,438665,438666,1
block_output_wait,43,6,439292,439293,1
block_output_wait,43,7,439919,439920,1
block_output_wait,43,8,440552,440553,1
block_output_wait,43,9,441179,441180,1
block_output_wait,43,10,441806,441807,1
block_output_wait,43,11,442433,442434,1
block_output_wait,43,12,443066,443067,1
block_output_wait,43,13,443693,443694,1
block_output_wait,43,14,444320,444321,1
block_output_wait,43,15,444947,444948,1
block_output_wait,44,0,445580,445581,1
block_output_wait,44,1,446207,446208,1
block_output_wait,44,2,446834,446835,1
block_output_wait,44,3,447461,447462,1
block_output_wait,44,4,448094,448095,1
block_output_wait,44,5,448721,448722,1
block_output_wait,44,6,449348,449349,1
block_output_wait,44,7,449975,449976,1
block_output_wait,44,8,450608,450609,1
block_output_wait,44,9,451235,451236,1
block_output_wait,44,10,451862,451863,1
block_output_wait,44,11,452489,452490,1
block_output_wait,44,12,453122,453123,1
block_output_wait,44,13,453749,453750,1
block_output_wait,44,14,454376,454377,1
block_output_wait,44,15,455003,455004,1
block_output_wait,45,0,455636,455637,1
block_output_wait,45,1,456263,456264,1
block_output_wait,45,2,456890,456891,1
block_output_wait,45,3,457517,457518,1
block_output_wait,45,4,458150,458151,1
block_output_wait,45,5,458777,458778,1
block_output_wait,45,6,459404,459405,1
block_output_wait,45,7,460031,460032,1
block_output_wait,45,8,460664,460665,1
block_output_wait,45,9,461291,461292,1
block_output_wait,45,10,461918,461919,1
block_output_wait,45,11,462545,462546,1
block_output_wait,45,12,463178,463179,1
block_output_wait,45,13,463805,463806,1
block_output_wait,45,14,464432,464433,1
block_output_wait,45,15,465059,465060,1
block_output_wait,46,0,465692,465693,1
block_output_wait,46,1,466319,466320,1
block_output_wait,46,2,466946,466947,1
block_output_wait,46,3,467573,467574,1
block_output_wait,46,4,468206,468207,1
block_output_wait,46,5,468833,468834,1
block_output_wait,46,6,469460,469461,1
block_output_wait,46,7,470087,470088,1
block_output_wait,46,8,470720,470721,1
block_output_wait,46,9,471347,471348,1
block_output_wait,46,10,471974,471975,1
block_output_wait,46,11,472601,472602,1
block_output_wait,46,12,473234,473235,1
block_output_wait,46,13,473861,473862,1
block_output_wait,46,14,474488,474489,1
block_output_wait,46,15,475115,475116,1
block_output_wait,47,0,475748,475749,1
block_output_wait,47,1,476375,476376,1
block_output_wait,47,2,477002,477003,1
block_output_wait,47,3,477629,477630,1
block_output_wait,47,4,478262,478263,1
block_output_wait,47,5,478889,478890,1
block_output_wait,47,6,479516,479517,1
block_output_wait,47,7,480143,480144,1
block_output_wait,47,8,480776,480777,1
block_output_wait,47,9,481403,481404,1
block_output_wait,47,10,482030,482031,1
block_output_wait,47,11,482657,482658,1
block_output_wait,47,12,483290,483291,1
block_output_wait,47,13,483917,483918,1
block_output_wait,47,14,484544,484545,1
block_output_wait,47,15,485171,485172,1
block_output_wait,48,0,485804,485805,1
block_output_wait,48,1,486431,486432,1
block_output_wait,48,2,487058,487059,1
block_output_wait,48,3,487685,487686,1
block_output_wait,48,4,488318,488319,1
block_output_wait,48,5,488945,488946,1
block_output_wait,48,6,489572,489573,1
block_output_wait,48,7,490199,490200,1
block_output_wait,48,8,490832,490833,1
block_output_wait,48,9,491459,491460,1
block_output_wait,48,10,492086,492087,1
block_output_wait,48,11,492713,492714,1
block_output_wait,48,12,493346,493347,1
block_output_wait,48,13,493973,493974,1
block_output_wait,48,14,494600,494601,1
block_output_wait,48,15,495227,495228,1
block_output_wait,49,0,495860,495861,1
block_output_wait,49,1,496487,496488,1
block_output_wait,49,2,497114,497115,1
block_output_wait,49,3,497741,497742,1
block_output_wait,49,4,498374,498375,1
block_output_wait,49,5,499001,499002,1
block_output_wait,49,6,499628,499629,1
block_output_wait,49,7,500255,500256,1
block_output_wait,49,8,500888,500889,1
block_output_wait,49,9,501515,501516,1
block_output_wait,49,10,502142,502143,1
block_output_wait,49,11,502769,502770,1
block_output_wait,49,12,503402,503403,1
block_output_wait,49,13,504029,504030,1
block_output_wait,49,14,504656,504657,1
block_output_wait,49,15,505283,505284,1
block_output_wait,50,0,505916,505917,1
block_output_wait,50,1,506543,506544,1
block_output_wait,50,2,507170,507171,1
block_output_wait,50,3,507797,507798,1
block_output_wait,50,4,508430,508431,1
block_output_wait,50,5,509057,509058,1
block_output_wait,50,6,509684,509685,1
block_output_wait,50,7,510311,510312,1
block_output_wait,50,8,510944,510945,1
block_output_wait,50,9,511571,511572,1
block_output_wait,50,10,512198,512199,1
block_output_wait,50,11,512825,512826,1
block_output_wait,50,12,513458,513459,1
block_output_wait,50,13,514085,514086,1
block_output_wait,50,14,514712,514713,1
block_output_wait,50,15,515339,515340,1
block_output_wait,51,0,515972,515973,1
block_output_wait,51,1,516599,516600,1
block_output_wait,51,2,517226,517227,1
block_output_wait,51,3,517853,517854,1
block_output_wait,51,4,518486,518487,1
block_output_wait,51,5,519113,519114,1
block_output_wait,51,6,519740,519741,1
block_output_wait,51,7,520367,520368,1
block_output_wait,51,8,521000,521001,1
block_output_wait,51,9,521627,521628,1
block_output_wait,51,10,522254,522255,1
block_output_wait,51,11,522881,522882,1
block_output_wait,51,12,523514,523515,1
block_output_wait,51,13,524141,524142,1
block_output_wait,51,14,524768,524769,1
block_output_wait,51,15,525395,525396,1
block_output_wait,52,0,526028,526029,1
block_output_wait,52,1,526655,526656,1
block_output_wait,52,2,527282,527283,1
block_output_wait,52,3,527909,527910,1
block_output_wait,52,4,528542,528543,1
block_output_wait,52,5,529169,529170,1
block_output_wait,52,6,529796,529797,1
block_output_wait,52,7,530423,530424,1
block_output_wait,52,8,531056,531057,1
block_output_wait,52,9,531683,531684,1
block_output_wait,52,10,532310,532311,1
block_output_wait,52,11,532937,532938,1
block_output_wait,52,12,533570,533571,1
block_output_wait,52,13,534197,534198,1
block_output_wait,52,14,534824,534825,1
block_output_wait,52,15,535451,535452,1
block_output_wait,53,0,536084,536085,1
block_output_wait,53,1,536711,536712,1
block_output_wait,53,2,537338,537339,1
block_output_wait,53,3,537965,537966,1
block_output_wait,53,4,538598,538599,1
block_output_wait,53,5,539225,539226,1
block_output_wait,53,6,539852,539853,1
block_output_wait,53,7,540479,540480,1
block_output_wait,53,8,541112,541113,1
block_output_wait,53,9,541739,541740,1
block_output_wait,53,10,542366,542367,1
block_output_wait,53,11,542993,542994,1
block_output_wait,53,12,543626,543627,1
block_output_wait,53,13,544253,544254,1
block_output_wait,53,14,544880,544881,1
block_output_wait,53,15,545507,545508,1
block_output_wait,54,0,546140,546141,1
block_output_wait,54,1,546767,546768,1
block_output_wait,54,2,547394,547395,1
block_output_wait,54,3,548021,548022,1
block_output_wait,54,4,548654,548655,1
block_output_wait,54,5,549281,549282,1
block_output_wait,54,6,549908,549909,1
block_output_wait,54,7,550535,550536,1
block_output_wait,54,8,551168,551169,1
block_output_wait,54,9,551795,551796,1
block_output_wait,54,10,552422,552423,1
block_output_wait,54,11,553049,553050,1
block_output_wait,54,12,553682,553683,1
block_output_wait,54,13,554309,554310,1
block_output_wait,54,14,554936,554937,1
block_output_wait,54,15,555563,555564,1
block_output_wait,55,0,556196,556197,1
block_output_wait,55,1,556823,556824,1
block_output_wait,55,2,557450,557451,1
block_output_wait,55,3,558077,558078,1
block_output_wait,55,4,558710,558711,1
block_output_wait,55,5,559337,559338,1
block_output_wait,55,6,559964,559965,1
block_output_wait,55,7,560591,560592,1
block_output_wait,55,8,561224,561225,1
block_output_wait,55,9,561851,561852,1
block_output_wait,55,10,562478,562479,1
block_output_wait,55,11,563105,563106,1
block_output_wait,55,12,563738,563739,1
block_output_wait,55,13,564365,564366,1
block_output_wait,55,14,564992,564993,1
block_output_wait,55,15,565619,565620,1
block_output_wait,56,0,566252,566253,1
block_output_wait,56,1,566879,566880,1
block_output_wait,56,2,567506,567507,1
block_output_wait,56,3,568133,568134,1
block_output_wait,56,4,568766,568767,1
block_output_wait,56,5,569393,569394,1
block_output_wait,56,6,570020,570021,1
block_output_wait,56,7,570647,570648,1
block_output_wait,56,8,571280,571281,1
block_output_wait,56,9,571907,571908,1
block_output_wait,56,10,572534,572535,1
block_output_wait,56,11,573161,573162,1
block_output_wait,56,12,573794,573795,1
block_output_wait,56,13,574421,574422,1
block_output_wait,56,14,575048,575049,1
block_output_wait,56,15,575675,575676,1
block_output_wait,57,0,576308,576309,1
block_output_wait,57,1,576935,576936,1
block_output_wait,57,2,577562,577563,1
block_output_wait,57,3,578189,578190,1
block_output_wait,57,4,578822,578823,1
block_output_wait,57,5,579449,579450,1
block_output_wait,57,6,580076,580077,1
block_output_wait,57,7,580703,580704,1
block_output_wait,57,8,581336,581337,1
block_output_wait,57,9,581963,581964,1
block_output_wait,57,10,582590,582591,1
block_output_wait,57,11,583217,583218,1
block_output_wait,57,12,583850,583851,1
block_output_wait,57,13,584477,584478,1
block_output_wait,57,14,585104,585105,1
block_output_wait,57,15,585731,585732,1
block_output_wait,58,0,586364,586365,1
block_output_wait,58,1,586991,586992,1
block_output_wait,58,2,587618,587619,1
block_output_wait,58,3,588245,588246,1
block_output_wait,58,4,588878,588879,1
block_output_wait,58,5,589505,589506,1
block_output_wait,58,6,590132,590133,1
block_output_wait,58,7,590759,590760,1
block_output_wait,58,8,591392,591393,1
block_output_wait,58,9,592019,592020,1
block_output_wait,58,10,592646,592647,1
block_output_wait,58,11,593273,593274,1
block_output_wait,58,12,593906,593907,1
block_output_wait,58,13,594533,594534,1
block_output_wait,58,14,595160,595161,1
block_output_wait,58,15,595787,595788,1
block_output_wait,59,0,596420,596421,1
block_output_wait,59,1,597047,597048,1
block_output_wait,59,2,597674,597675,1
block_output_wait,59,3,598301,598302,1
block_output_wait,59,4,598934,598935,1
block_output_wait,59,5,599561,599562,1
block_output_wait,59,6,600188,600189,1
block_output_wait,59,7,600815,600816,1
block_output_wait,59,8,601448,601449,1
block_output_wait,59,9,602075,602076,1
block_output_wait,59,10,602702,602703,1
block_output_wait,59,11,603329,603330,1
block_output_wait,59,12,603962,603963,1
block_output_wait,59,13,604589,604590,1
block_output_wait,59,14,605216,605217,1
block_output_wait,59,15,605843,605844,1
block_output_wait,60,0,606476,606477,1
block_output_wait,60,1,607103,607104,1
block_output_wait,60,2,607730,607731,1
block_output_wait,60,3,608357,608358,1
block_output_wait,60,4,608990,608991,1
block_output_wait,60,5,609617,609618,1
block_output_wait,60,6,610244,610245,1
block_output_wait,60,7,610871,610872,1
block_output_wait,60,8,611504,611505,1
block_output_wait,60,9,612131,612132,1
block_output_wait,60,10,612758,612759,1
block_output_wait,60,11,613385,613386,1
block_output_wait,60,12,614018,614019,1
block_output_wait,60,13,614645,614646,1
block_output_wait,60,14,615272,615273,1
block_output_wait,60,15,615899,615900,1
block_output_wait,61,0,616532,616533,1
block_output_wait,61,1,617159,617160,1
block_output_wait,61,2,617786,617787,1
block_output_wait,61,3,618413,618414,1
block_output_wait,61,4,619046,619047,1
block_output_wait,61,5,619673,619674,1
block_output_wait,61,6,620300,620301,1
block_output_wait,61,7,620927,620928,1
block_output_wait,61,8,621560,621561,1
block_output_wait,61,9,622187,622188,1
block_output_wait,61,10,622814,622815,1
block_output_wait,61,11,623441,623442,1
block_output_wait,61,12,624074,624075,1
block_output_wait,61,13,624701,624702,1
block_output_wait,61,14,625328,625329,1
block_output_wait,61,15,625955,625956,1
block_output_wait,62,0,626588,626589,1
block_output_wait,62,1,627215,627216,1
block_output_wait,62,2,627842,627843,1
block_output_wait,62,3,628469,628470,1
block_output_wait,62,4,629102,629103,1
block_output_wait,62,5,629729,629730,1
block_output_wait,62,6,630356,630357,1
block_output_wait,62,7,630983,630984,1
block_output_wait,62,8,631616,631617,1
block_output_wait,62,9,632243,632244,1
block_output_wait,62,10,632870,632871,1
block_output_wait,62,11,633497,633498,1
block_output_wait,62,12,634130,634131,1
block_output_wait,62,13,634757,634758,1
block_output_wait,62,14,635384,635385,1
block_output_wait,62,15,636011,636012,1
block_output_wait,63,0,636644,636645,1
block_output_wait,63,1,637271,637272,1
block_output_wait,63,2,637898,637899,1
block_output_wait,63,3,638525,638526,1
block_output_wait,63,4,639158,639159,1
block_output_wait,63,5,639785,639786,1
block_output_wait,63,6,640412,640413,1
block_output_wait,63,7,641039,641040,1
block_output_wait,63,8,641672,641673,1
block_output_wait,63,9,642299,642300,1
block_output_wait,63,10,642926,642927,1
block_output_wait,63,11,643553,643554,1
block_output_wait,63,12,644186,644187,1
block_output_wait,63,13,644813,644814,1
block_output_wait,63,14,645440,645441,1
block_output_wait,63,15,646067,646068,1
