stage,frame,token,input_cycle,output_cycle,elapsed_cycles
patch_queue,0,0,348,349,1
embedding,0,0,349,601,252
block0,0,0,601,3117,2516
block1,0,0,3117,5633,2516
patch_queue,0,1,371,601,230
embedding,0,1,601,853,252
block0,0,1,853,3744,2891
block1,0,1,3744,6260,2516
patch_queue,0,2,602,853,251
embedding,0,2,853,1105,252
block0,0,2,1105,4371,3266
block1,0,2,4371,6887,2516
patch_queue,0,3,854,1105,251
embedding,0,3,1105,1413,308
block0,0,3,1413,4998,3585
block1,0,3,4998,7514,2516
patch_queue,0,4,1106,1357,251
embedding,0,4,1357,1818,461
block0,0,4,1818,5631,3813
block1,0,4,5631,8147,2516
patch_queue,0,5,1358,1609,251
embedding,0,5,1609,3117,1508
block0,0,5,3117,6258,3141
block1,0,5,6258,8774,2516
patch_queue,0,6,1610,1861,251
embedding,0,6,1861,3744,1883
block0,0,6,3744,6885,3141
block1,0,6,6885,9401,2516
patch_queue,0,7,1862,3119,1257
embedding,0,7,3119,4371,1252
block0,0,7,4371,7512,3141
block1,0,7,7512,10028,2516
patch_queue,0,8,3120,3746,626
embedding,0,8,3746,4998,1252
block0,0,8,4998,8145,3147
block1,0,8,8145,10661,2516
patch_queue,0,9,3747,4373,626
embedding,0,9,4373,5631,1258
block0,0,9,5631,8772,3141
block1,0,9,8772,11288,2516
patch_queue,0,10,4374,5000,626
embedding,0,10,5000,6258,1258
block0,0,10,6258,9399,3141
block1,0,10,9399,11915,2516
patch_queue,0,11,5001,5633,632
embedding,0,11,5633,6885,1252
block0,0,11,6885,10026,3141
block1,0,11,10026,12542,2516
patch_queue,0,12,5634,6260,626
embedding,0,12,6260,7512,1252
block0,0,12,7512,10659,3147
block1,0,12,10659,13175,2516
patch_queue,0,13,6261,6887,626
embedding,0,13,6887,8145,1258
block0,0,13,8145,11286,3141
block1,0,13,11286,13802,2516
patch_queue,0,14,6888,7514,626
embedding,0,14,7514,8772,1258
block0,0,14,8772,11913,3141
block1,0,14,11913,14429,2516
patch_queue,0,15,7515,8147,632
embedding,0,15,8147,9399,1252
block0,0,15,9399,12540,3141
block1,0,15,12540,15056,2516
head_hidden_first_token,0,0,5633,18349,12716
head_hidden_last_token,0,15,15056,18349,3293
head_output,0,0,18349,19091,742
serializer,0,0,19091,19149,58
patch_queue,1,0,8148,8774,626
embedding,1,0,8774,10026,1252
block0,1,0,10026,13173,3147
block1,1,0,13173,15689,2516
patch_queue,1,1,8775,9401,626
embedding,1,1,9401,10659,1258
block0,1,1,10659,13800,3141
block1,1,1,13800,16316,2516
patch_queue,1,2,9402,10028,626
embedding,1,2,10028,11286,1258
block0,1,2,11286,14427,3141
block1,1,2,14427,16943,2516
patch_queue,1,3,10029,10661,632
embedding,1,3,10661,11913,1252
block0,1,3,11913,15054,3141
block1,1,3,15054,17570,2516
patch_queue,1,4,10662,11288,626
embedding,1,4,11288,12540,1252
block0,1,4,12540,15687,3147
block1,1,4,15687,18203,2516
patch_queue,1,5,11289,11915,626
embedding,1,5,11915,13173,1258
block0,1,5,13173,16314,3141
block1,1,5,16314,18830,2516
patch_queue,1,6,11916,12542,626
embedding,1,6,12542,13800,1258
block0,1,6,13800,16941,3141
block1,1,6,16941,19457,2516
patch_queue,1,7,12543,13175,632
embedding,1,7,13175,14427,1252
block0,1,7,14427,17568,3141
block1,1,7,17568,20084,2516
patch_queue,1,8,13176,13802,626
embedding,1,8,13802,15054,1252
block0,1,8,15054,18201,3147
block1,1,8,18201,20717,2516
patch_queue,1,9,13803,14429,626
embedding,1,9,14429,15687,1258
block0,1,9,15687,18828,3141
block1,1,9,18828,21344,2516
patch_queue,1,10,14430,15056,626
embedding,1,10,15056,16314,1258
block0,1,10,16314,19455,3141
block1,1,10,19455,21971,2516
patch_queue,1,11,15057,15689,632
embedding,1,11,15689,16941,1252
block0,1,11,16941,20082,3141
block1,1,11,20082,22598,2516
patch_queue,1,12,15690,16316,626
embedding,1,12,16316,17568,1252
block0,1,12,17568,20715,3147
block1,1,12,20715,23231,2516
patch_queue,1,13,16317,16943,626
embedding,1,13,16943,18201,1258
block0,1,13,18201,21342,3141
block1,1,13,21342,23858,2516
patch_queue,1,14,16944,17570,626
embedding,1,14,17570,18828,1258
block0,1,14,18828,21969,3141
block1,1,14,21969,24485,2516
patch_queue,1,15,17571,18203,632
embedding,1,15,18203,19455,1252
block0,1,15,19455,22596,3141
block1,1,15,22596,25112,2516
head_hidden_first_token,1,0,15689,28405,12716
head_hidden_last_token,1,15,25112,28405,3293
head_output,1,0,28405,29147,742
serializer,1,0,29147,29205,58
patch_queue,2,0,18204,18830,626
embedding,2,0,18830,20082,1252
block0,2,0,20082,23229,3147
block1,2,0,23229,25745,2516
patch_queue,2,1,18831,19457,626
embedding,2,1,19457,20715,1258
block0,2,1,20715,23856,3141
block1,2,1,23856,26372,2516
patch_queue,2,2,19458,20084,626
embedding,2,2,20084,21342,1258
block0,2,2,21342,24483,3141
block1,2,2,24483,26999,2516
patch_queue,2,3,20085,20717,632
embedding,2,3,20717,21969,1252
block0,2,3,21969,25110,3141
block1,2,3,25110,27626,2516
patch_queue,2,4,20718,21344,626
embedding,2,4,21344,22596,1252
block0,2,4,22596,25743,3147
block1,2,4,25743,28259,2516
patch_queue,2,5,21345,21971,626
embedding,2,5,21971,23229,1258
block0,2,5,23229,26370,3141
block1,2,5,26370,28886,2516
patch_queue,2,6,21972,22598,626
embedding,2,6,22598,23856,1258
block0,2,6,23856,26997,3141
block1,2,6,26997,29513,2516
patch_queue,2,7,22599,23231,632
embedding,2,7,23231,24483,1252
block0,2,7,24483,27624,3141
block1,2,7,27624,30140,2516
patch_queue,2,8,23232,23858,626
embedding,2,8,23858,25110,1252
block0,2,8,25110,28257,3147
block1,2,8,28257,30773,2516
patch_queue,2,9,23859,24485,626
embedding,2,9,24485,25743,1258
block0,2,9,25743,28884,3141
block1,2,9,28884,31400,2516
patch_queue,2,10,24486,25112,626
embedding,2,10,25112,26370,1258
block0,2,10,26370,29511,3141
block1,2,10,29511,32027,2516
patch_queue,2,11,25113,25745,632
embedding,2,11,25745,26997,1252
block0,2,11,26997,30138,3141
block1,2,11,30138,32654,2516
patch_queue,2,12,25746,26372,626
embedding,2,12,26372,27624,1252
block0,2,12,27624,30771,3147
block1,2,12,30771,33287,2516
patch_queue,2,13,26373,26999,626
embedding,2,13,26999,28257,1258
block0,2,13,28257,31398,3141
block1,2,13,31398,33914,2516
patch_queue,2,14,27000,27626,626
embedding,2,14,27626,28884,1258
block0,2,14,28884,32025,3141
block1,2,14,32025,34541,2516
patch_queue,2,15,27627,28259,632
embedding,2,15,28259,29511,1252
block0,2,15,29511,32652,3141
block1,2,15,32652,35168,2516
head_hidden_first_token,2,0,25745,38461,12716
head_hidden_last_token,2,15,35168,38461,3293
head_output,2,0,38461,39203,742
serializer,2,0,39203,39261,58
patch_queue,3,0,28260,28886,626
embedding,3,0,28886,30138,1252
block0,3,0,30138,33285,3147
block1,3,0,33285,35801,2516
patch_queue,3,1,28887,29513,626
embedding,3,1,29513,30771,1258
block0,3,1,30771,33912,3141
block1,3,1,33912,36428,2516
patch_queue,3,2,29514,30140,626
embedding,3,2,30140,31398,1258
block0,3,2,31398,34539,3141
block1,3,2,34539,37055,2516
patch_queue,3,3,30141,30773,632
embedding,3,3,30773,32025,1252
block0,3,3,32025,35166,3141
block1,3,3,35166,37682,2516
patch_queue,3,4,30774,31400,626
embedding,3,4,31400,32652,1252
block0,3,4,32652,35799,3147
block1,3,4,35799,38315,2516
patch_queue,3,5,31401,32027,626
embedding,3,5,32027,33285,1258
block0,3,5,33285,36426,3141
block1,3,5,36426,38942,2516
patch_queue,3,6,32028,32654,626
embedding,3,6,32654,33912,1258
block0,3,6,33912,37053,3141
block1,3,6,37053,39569,2516
patch_queue,3,7,32655,33287,632
embedding,3,7,33287,34539,1252
block0,3,7,34539,37680,3141
block1,3,7,37680,40196,2516
patch_queue,3,8,33288,33914,626
embedding,3,8,33914,35166,1252
block0,3,8,35166,38313,3147
block1,3,8,38313,40829,2516
patch_queue,3,9,33915,34541,626
embedding,3,9,34541,35799,1258
block0,3,9,35799,38940,3141
block1,3,9,38940,41456,2516
patch_queue,3,10,34542,35168,626
embedding,3,10,35168,36426,1258
block0,3,10,36426,39567,3141
block1,3,10,39567,42083,2516
patch_queue,3,11,35169,35801,632
embedding,3,11,35801,37053,1252
block0,3,11,37053,40194,3141
block1,3,11,40194,42710,2516
patch_queue,3,12,35802,36428,626
embedding,3,12,36428,37680,1252
block0,3,12,37680,40827,3147
block1,3,12,40827,43343,2516
patch_queue,3,13,36429,37055,626
embedding,3,13,37055,38313,1258
block0,3,13,38313,41454,3141
block1,3,13,41454,43970,2516
patch_queue,3,14,37056,37682,626
embedding,3,14,37682,38940,1258
block0,3,14,38940,42081,3141
block1,3,14,42081,44597,2516
patch_queue,3,15,37683,38315,632
embedding,3,15,38315,39567,1252
block0,3,15,39567,42708,3141
block1,3,15,42708,45224,2516
head_hidden_first_token,3,0,35801,48517,12716
head_hidden_last_token,3,15,45224,48517,3293
head_output,3,0,48517,49259,742
serializer,3,0,49259,49317,58
patch_queue,4,0,38316,38942,626
embedding,4,0,38942,40194,1252
block0,4,0,40194,43341,3147
block1,4,0,43341,45857,2516
patch_queue,4,1,38943,39569,626
embedding,4,1,39569,40827,1258
block0,4,1,40827,43968,3141
block1,4,1,43968,46484,2516
patch_queue,4,2,39570,40196,626
embedding,4,2,40196,41454,1258
block0,4,2,41454,44595,3141
block1,4,2,44595,47111,2516
patch_queue,4,3,40197,40829,632
embedding,4,3,40829,42081,1252
block0,4,3,42081,45222,3141
block1,4,3,45222,47738,2516
patch_queue,4,4,40830,41456,626
embedding,4,4,41456,42708,1252
block0,4,4,42708,45855,3147
block1,4,4,45855,48371,2516
patch_queue,4,5,41457,42083,626
embedding,4,5,42083,43341,1258
block0,4,5,43341,46482,3141
block1,4,5,46482,48998,2516
patch_queue,4,6,42084,42710,626
embedding,4,6,42710,43968,1258
block0,4,6,43968,47109,3141
block1,4,6,47109,49625,2516
patch_queue,4,7,42711,43343,632
embedding,4,7,43343,44595,1252
block0,4,7,44595,47736,3141
block1,4,7,47736,50252,2516
patch_queue,4,8,43344,43970,626
embedding,4,8,43970,45222,1252
block0,4,8,45222,48369,3147
block1,4,8,48369,50885,2516
patch_queue,4,9,43971,44597,626
embedding,4,9,44597,45855,1258
block0,4,9,45855,48996,3141
block1,4,9,48996,51512,2516
patch_queue,4,10,44598,45224,626
embedding,4,10,45224,46482,1258
block0,4,10,46482,49623,3141
block1,4,10,49623,52139,2516
patch_queue,4,11,45225,45857,632
embedding,4,11,45857,47109,1252
block0,4,11,47109,50250,3141
block1,4,11,50250,52766,2516
patch_queue,4,12,45858,46484,626
embedding,4,12,46484,47736,1252
block0,4,12,47736,50883,3147
block1,4,12,50883,53399,2516
patch_queue,4,13,46485,47111,626
embedding,4,13,47111,48369,1258
block0,4,13,48369,51510,3141
block1,4,13,51510,54026,2516
patch_queue,4,14,47112,47738,626
embedding,4,14,47738,48996,1258
block0,4,14,48996,52137,3141
block1,4,14,52137,54653,2516
patch_queue,4,15,47739,48371,632
embedding,4,15,48371,49623,1252
block0,4,15,49623,52764,3141
block1,4,15,52764,55280,2516
head_hidden_first_token,4,0,45857,58573,12716
head_hidden_last_token,4,15,55280,58573,3293
head_output,4,0,58573,59315,742
serializer,4,0,59315,59373,58
patch_queue,5,0,48372,48998,626
embedding,5,0,48998,50250,1252
block0,5,0,50250,53397,3147
block1,5,0,53397,55913,2516
patch_queue,5,1,48999,49625,626
embedding,5,1,49625,50883,1258
block0,5,1,50883,54024,3141
block1,5,1,54024,56540,2516
patch_queue,5,2,49626,50252,626
embedding,5,2,50252,51510,1258
block0,5,2,51510,54651,3141
block1,5,2,54651,57167,2516
patch_queue,5,3,50253,50885,632
embedding,5,3,50885,52137,1252
block0,5,3,52137,55278,3141
block1,5,3,55278,57794,2516
patch_queue,5,4,50886,51512,626
embedding,5,4,51512,52764,1252
block0,5,4,52764,55911,3147
block1,5,4,55911,58427,2516
patch_queue,5,5,51513,52139,626
embedding,5,5,52139,53397,1258
block0,5,5,53397,56538,3141
block1,5,5,56538,59054,2516
patch_queue,5,6,52140,52766,626
embedding,5,6,52766,54024,1258
block0,5,6,54024,57165,3141
block1,5,6,57165,59681,2516
patch_queue,5,7,52767,53399,632
embedding,5,7,53399,54651,1252
block0,5,7,54651,57792,3141
block1,5,7,57792,60308,2516
patch_queue,5,8,53400,54026,626
embedding,5,8,54026,55278,1252
block0,5,8,55278,58425,3147
block1,5,8,58425,60941,2516
patch_queue,5,9,54027,54653,626
embedding,5,9,54653,55911,1258
block0,5,9,55911,59052,3141
block1,5,9,59052,61568,2516
patch_queue,5,10,54654,55280,626
embedding,5,10,55280,56538,1258
block0,5,10,56538,59679,3141
block1,5,10,59679,62195,2516
patch_queue,5,11,55281,55913,632
embedding,5,11,55913,57165,1252
block0,5,11,57165,60306,3141
block1,5,11,60306,62822,2516
patch_queue,5,12,55914,56540,626
embedding,5,12,56540,57792,1252
block0,5,12,57792,60939,3147
block1,5,12,60939,63455,2516
patch_queue,5,13,56541,57167,626
embedding,5,13,57167,58425,1258
block0,5,13,58425,61566,3141
block1,5,13,61566,64082,2516
patch_queue,5,14,57168,57794,626
embedding,5,14,57794,59052,1258
block0,5,14,59052,62193,3141
block1,5,14,62193,64709,2516
patch_queue,5,15,57795,58427,632
embedding,5,15,58427,59679,1252
block0,5,15,59679,62820,3141
block1,5,15,62820,65336,2516
head_hidden_first_token,5,0,55913,68629,12716
head_hidden_last_token,5,15,65336,68629,3293
head_output,5,0,68629,69371,742
serializer,5,0,69371,69429,58
patch_queue,6,0,58428,59054,626
embedding,6,0,59054,60306,1252
block0,6,0,60306,63453,3147
block1,6,0,63453,65969,2516
patch_queue,6,1,59055,59681,626
embedding,6,1,59681,60939,1258
block0,6,1,60939,64080,3141
block1,6,1,64080,66596,2516
patch_queue,6,2,59682,60308,626
embedding,6,2,60308,61566,1258
block0,6,2,61566,64707,3141
block1,6,2,64707,67223,2516
patch_queue,6,3,60309,60941,632
embedding,6,3,60941,62193,1252
block0,6,3,62193,65334,3141
block1,6,3,65334,67850,2516
patch_queue,6,4,60942,61568,626
embedding,6,4,61568,62820,1252
block0,6,4,62820,65967,3147
block1,6,4,65967,68483,2516
patch_queue,6,5,61569,62195,626
embedding,6,5,62195,63453,1258
block0,6,5,63453,66594,3141
block1,6,5,66594,69110,2516
patch_queue,6,6,62196,62822,626
embedding,6,6,62822,64080,1258
block0,6,6,64080,67221,3141
block1,6,6,67221,69737,2516
patch_queue,6,7,62823,63455,632
embedding,6,7,63455,64707,1252
block0,6,7,64707,67848,3141
block1,6,7,67848,70364,2516
patch_queue,6,8,63456,64082,626
embedding,6,8,64082,65334,1252
block0,6,8,65334,68481,3147
block1,6,8,68481,70997,2516
patch_queue,6,9,64083,64709,626
embedding,6,9,64709,65967,1258
block0,6,9,65967,69108,3141
block1,6,9,69108,71624,2516
patch_queue,6,10,64710,65336,626
embedding,6,10,65336,66594,1258
block0,6,10,66594,69735,3141
block1,6,10,69735,72251,2516
patch_queue,6,11,65337,65969,632
embedding,6,11,65969,67221,1252
block0,6,11,67221,70362,3141
block1,6,11,70362,72878,2516
patch_queue,6,12,65970,66596,626
embedding,6,12,66596,67848,1252
block0,6,12,67848,70995,3147
block1,6,12,70995,73511,2516
patch_queue,6,13,66597,67223,626
embedding,6,13,67223,68481,1258
block0,6,13,68481,71622,3141
block1,6,13,71622,74138,2516
patch_queue,6,14,67224,67850,626
embedding,6,14,67850,69108,1258
block0,6,14,69108,72249,3141
block1,6,14,72249,74765,2516
patch_queue,6,15,67851,68483,632
embedding,6,15,68483,69735,1252
block0,6,15,69735,72876,3141
block1,6,15,72876,75392,2516
head_hidden_first_token,6,0,65969,78685,12716
head_hidden_last_token,6,15,75392,78685,3293
head_output,6,0,78685,79427,742
serializer,6,0,79427,79485,58
patch_queue,7,0,68484,69110,626
embedding,7,0,69110,70362,1252
block0,7,0,70362,73509,3147
block1,7,0,73509,76025,2516
patch_queue,7,1,69111,69737,626
embedding,7,1,69737,70995,1258
block0,7,1,70995,74136,3141
block1,7,1,74136,76652,2516
patch_queue,7,2,69738,70364,626
embedding,7,2,70364,71622,1258
block0,7,2,71622,74763,3141
block1,7,2,74763,77279,2516
patch_queue,7,3,70365,70997,632
embedding,7,3,70997,72249,1252
block0,7,3,72249,75390,3141
block1,7,3,75390,77906,2516
patch_queue,7,4,70998,71624,626
embedding,7,4,71624,72876,1252
block0,7,4,72876,76023,3147
block1,7,4,76023,78539,2516
patch_queue,7,5,71625,72251,626
embedding,7,5,72251,73509,1258
block0,7,5,73509,76650,3141
block1,7,5,76650,79166,2516
patch_queue,7,6,72252,72878,626
embedding,7,6,72878,74136,1258
block0,7,6,74136,77277,3141
block1,7,6,77277,79793,2516
patch_queue,7,7,72879,73511,632
embedding,7,7,73511,74763,1252
block0,7,7,74763,77904,3141
block1,7,7,77904,80420,2516
patch_queue,7,8,73512,74138,626
embedding,7,8,74138,75390,1252
block0,7,8,75390,78537,3147
block1,7,8,78537,81053,2516
patch_queue,7,9,74139,74765,626
embedding,7,9,74765,76023,1258
block0,7,9,76023,79164,3141
block1,7,9,79164,81680,2516
patch_queue,7,10,74766,75392,626
embedding,7,10,75392,76650,1258
block0,7,10,76650,79791,3141
block1,7,10,79791,82307,2516
patch_queue,7,11,75393,76025,632
embedding,7,11,76025,77277,1252
block0,7,11,77277,80418,3141
block1,7,11,80418,82934,2516
patch_queue,7,12,76026,76652,626
embedding,7,12,76652,77904,1252
block0,7,12,77904,81051,3147
block1,7,12,81051,83567,2516
patch_queue,7,13,76653,77279,626
embedding,7,13,77279,78537,1258
block0,7,13,78537,81678,3141
block1,7,13,81678,84194,2516
patch_queue,7,14,77280,77906,626
embedding,7,14,77906,79164,1258
block0,7,14,79164,82305,3141
block1,7,14,82305,84821,2516
patch_queue,7,15,77907,78539,632
embedding,7,15,78539,79791,1252
block0,7,15,79791,82932,3141
block1,7,15,82932,85448,2516
head_hidden_first_token,7,0,76025,88741,12716
head_hidden_last_token,7,15,85448,88741,3293
head_output,7,0,88741,89483,742
serializer,7,0,89483,89541,58
patch_queue,8,0,78540,79166,626
embedding,8,0,79166,80418,1252
block0,8,0,80418,83565,3147
block1,8,0,83565,86081,2516
patch_queue,8,1,79167,79793,626
embedding,8,1,79793,81051,1258
block0,8,1,81051,84192,3141
block1,8,1,84192,86708,2516
patch_queue,8,2,79794,80420,626
embedding,8,2,80420,81678,1258
block0,8,2,81678,84819,3141
block1,8,2,84819,87335,2516
patch_queue,8,3,80421,81053,632
embedding,8,3,81053,82305,1252
block0,8,3,82305,85446,3141
block1,8,3,85446,87962,2516
patch_queue,8,4,81054,81680,626
embedding,8,4,81680,82932,1252
block0,8,4,82932,86079,3147
block1,8,4,86079,88595,2516
patch_queue,8,5,81681,82307,626
embedding,8,5,82307,83565,1258
block0,8,5,83565,86706,3141
block1,8,5,86706,89222,2516
patch_queue,8,6,82308,82934,626
embedding,8,6,82934,84192,1258
block0,8,6,84192,87333,3141
block1,8,6,87333,89849,2516
patch_queue,8,7,82935,83567,632
embedding,8,7,83567,84819,1252
block0,8,7,84819,87960,3141
block1,8,7,87960,90476,2516
patch_queue,8,8,83568,84194,626
embedding,8,8,84194,85446,1252
block0,8,8,85446,88593,3147
block1,8,8,88593,91109,2516
patch_queue,8,9,84195,84821,626
embedding,8,9,84821,86079,1258
block0,8,9,86079,89220,3141
block1,8,9,89220,91736,2516
patch_queue,8,10,84822,85448,626
embedding,8,10,85448,86706,1258
block0,8,10,86706,89847,3141
block1,8,10,89847,92363,2516
patch_queue,8,11,85449,86081,632
embedding,8,11,86081,87333,1252
block0,8,11,87333,90474,3141
block1,8,11,90474,92990,2516
patch_queue,8,12,86082,86708,626
embedding,8,12,86708,87960,1252
block0,8,12,87960,91107,3147
block1,8,12,91107,93623,2516
patch_queue,8,13,86709,87335,626
embedding,8,13,87335,88593,1258
block0,8,13,88593,91734,3141
block1,8,13,91734,94250,2516
patch_queue,8,14,87336,87962,626
embedding,8,14,87962,89220,1258
block0,8,14,89220,92361,3141
block1,8,14,92361,94877,2516
patch_queue,8,15,87963,88595,632
embedding,8,15,88595,89847,1252
block0,8,15,89847,92988,3141
block1,8,15,92988,95504,2516
head_hidden_first_token,8,0,86081,98797,12716
head_hidden_last_token,8,15,95504,98797,3293
head_output,8,0,98797,99539,742
serializer,8,0,99539,99597,58
patch_queue,9,0,88596,89222,626
embedding,9,0,89222,90474,1252
block0,9,0,90474,93621,3147
block1,9,0,93621,96137,2516
patch_queue,9,1,89223,89849,626
embedding,9,1,89849,91107,1258
block0,9,1,91107,94248,3141
block1,9,1,94248,96764,2516
patch_queue,9,2,89850,90476,626
embedding,9,2,90476,91734,1258
block0,9,2,91734,94875,3141
block1,9,2,94875,97391,2516
patch_queue,9,3,90477,91109,632
embedding,9,3,91109,92361,1252
block0,9,3,92361,95502,3141
block1,9,3,95502,98018,2516
patch_queue,9,4,91110,91736,626
embedding,9,4,91736,92988,1252
block0,9,4,92988,96135,3147
block1,9,4,96135,98651,2516
patch_queue,9,5,91737,92363,626
embedding,9,5,92363,93621,1258
block0,9,5,93621,96762,3141
block1,9,5,96762,99278,2516
patch_queue,9,6,92364,92990,626
embedding,9,6,92990,94248,1258
block0,9,6,94248,97389,3141
block1,9,6,97389,99905,2516
patch_queue,9,7,92991,93623,632
embedding,9,7,93623,94875,1252
block0,9,7,94875,98016,3141
block1,9,7,98016,100532,2516
patch_queue,9,8,93624,94250,626
embedding,9,8,94250,95502,1252
block0,9,8,95502,98649,3147
block1,9,8,98649,101165,2516
patch_queue,9,9,94251,94877,626
embedding,9,9,94877,96135,1258
block0,9,9,96135,99276,3141
block1,9,9,99276,101792,2516
patch_queue,9,10,94878,95504,626
embedding,9,10,95504,96762,1258
block0,9,10,96762,99903,3141
block1,9,10,99903,102419,2516
patch_queue,9,11,95505,96137,632
embedding,9,11,96137,97389,1252
block0,9,11,97389,100530,3141
block1,9,11,100530,103046,2516
patch_queue,9,12,96138,96764,626
embedding,9,12,96764,98016,1252
block0,9,12,98016,101163,3147
block1,9,12,101163,103679,2516
patch_queue,9,13,96765,97391,626
embedding,9,13,97391,98649,1258
block0,9,13,98649,101790,3141
block1,9,13,101790,104306,2516
patch_queue,9,14,97392,98018,626
embedding,9,14,98018,99276,1258
block0,9,14,99276,102417,3141
block1,9,14,102417,104933,2516
patch_queue,9,15,98019,98651,632
embedding,9,15,98651,99903,1252
block0,9,15,99903,103044,3141
block1,9,15,103044,105560,2516
head_hidden_first_token,9,0,96137,108853,12716
head_hidden_last_token,9,15,105560,108853,3293
head_output,9,0,108853,109595,742
serializer,9,0,109595,109653,58
patch_queue,10,0,98652,99278,626
embedding,10,0,99278,100530,1252
block0,10,0,100530,103677,3147
block1,10,0,103677,106193,2516
patch_queue,10,1,99279,99905,626
embedding,10,1,99905,101163,1258
block0,10,1,101163,104304,3141
block1,10,1,104304,106820,2516
patch_queue,10,2,99906,100532,626
embedding,10,2,100532,101790,1258
block0,10,2,101790,104931,3141
block1,10,2,104931,107447,2516
patch_queue,10,3,100533,101165,632
embedding,10,3,101165,102417,1252
block0,10,3,102417,105558,3141
block1,10,3,105558,108074,2516
patch_queue,10,4,101166,101792,626
embedding,10,4,101792,103044,1252
block0,10,4,103044,106191,3147
block1,10,4,106191,108707,2516
patch_queue,10,5,101793,102419,626
embedding,10,5,102419,103677,1258
block0,10,5,103677,106818,3141
block1,10,5,106818,109334,2516
patch_queue,10,6,102420,103046,626
embedding,10,6,103046,104304,1258
block0,10,6,104304,107445,3141
block1,10,6,107445,109961,2516
patch_queue,10,7,103047,103679,632
embedding,10,7,103679,104931,1252
block0,10,7,104931,108072,3141
block1,10,7,108072,110588,2516
patch_queue,10,8,103680,104306,626
embedding,10,8,104306,105558,1252
block0,10,8,105558,108705,3147
block1,10,8,108705,111221,2516
patch_queue,10,9,104307,104933,626
embedding,10,9,104933,106191,1258
block0,10,9,106191,109332,3141
block1,10,9,109332,111848,2516
patch_queue,10,10,104934,105560,626
embedding,10,10,105560,106818,1258
block0,10,10,106818,109959,3141
block1,10,10,109959,112475,2516
patch_queue,10,11,105561,106193,632
embedding,10,11,106193,107445,1252
block0,10,11,107445,110586,3141
block1,10,11,110586,113102,2516
patch_queue,10,12,106194,106820,626
embedding,10,12,106820,108072,1252
block0,10,12,108072,111219,3147
block1,10,12,111219,113735,2516
patch_queue,10,13,106821,107447,626
embedding,10,13,107447,108705,1258
block0,10,13,108705,111846,3141
block1,10,13,111846,114362,2516
patch_queue,10,14,107448,108074,626
embedding,10,14,108074,109332,1258
block0,10,14,109332,112473,3141
block1,10,14,112473,114989,2516
patch_queue,10,15,108075,108707,632
embedding,10,15,108707,109959,1252
block0,10,15,109959,113100,3141
block1,10,15,113100,115616,2516
head_hidden_first_token,10,0,106193,118909,12716
head_hidden_last_token,10,15,115616,118909,3293
head_output,10,0,118909,119651,742
serializer,10,0,119651,119709,58
patch_queue,11,0,108708,109334,626
embedding,11,0,109334,110586,1252
block0,11,0,110586,113733,3147
block1,11,0,113733,116249,2516
patch_queue,11,1,109335,109961,626
embedding,11,1,109961,111219,1258
block0,11,1,111219,114360,3141
block1,11,1,114360,116876,2516
patch_queue,11,2,109962,110588,626
embedding,11,2,110588,111846,1258
block0,11,2,111846,114987,3141
block1,11,2,114987,117503,2516
patch_queue,11,3,110589,111221,632
embedding,11,3,111221,112473,1252
block0,11,3,112473,115614,3141
block1,11,3,115614,118130,2516
patch_queue,11,4,111222,111848,626
embedding,11,4,111848,113100,1252
block0,11,4,113100,116247,3147
block1,11,4,116247,118763,2516
patch_queue,11,5,111849,112475,626
embedding,11,5,112475,113733,1258
block0,11,5,113733,116874,3141
block1,11,5,116874,119390,2516
patch_queue,11,6,112476,113102,626
embedding,11,6,113102,114360,1258
block0,11,6,114360,117501,3141
block1,11,6,117501,120017,2516
patch_queue,11,7,113103,113735,632
embedding,11,7,113735,114987,1252
block0,11,7,114987,118128,3141
block1,11,7,118128,120644,2516
patch_queue,11,8,113736,114362,626
embedding,11,8,114362,115614,1252
block0,11,8,115614,118761,3147
block1,11,8,118761,121277,2516
patch_queue,11,9,114363,114989,626
embedding,11,9,114989,116247,1258
block0,11,9,116247,119388,3141
block1,11,9,119388,121904,2516
patch_queue,11,10,114990,115616,626
embedding,11,10,115616,116874,1258
block0,11,10,116874,120015,3141
block1,11,10,120015,122531,2516
patch_queue,11,11,115617,116249,632
embedding,11,11,116249,117501,1252
block0,11,11,117501,120642,3141
block1,11,11,120642,123158,2516
patch_queue,11,12,116250,116876,626
embedding,11,12,116876,118128,1252
block0,11,12,118128,121275,3147
block1,11,12,121275,123791,2516
patch_queue,11,13,116877,117503,626
embedding,11,13,117503,118761,1258
block0,11,13,118761,121902,3141
block1,11,13,121902,124418,2516
patch_queue,11,14,117504,118130,626
embedding,11,14,118130,119388,1258
block0,11,14,119388,122529,3141
block1,11,14,122529,125045,2516
patch_queue,11,15,118131,118763,632
embedding,11,15,118763,120015,1252
block0,11,15,120015,123156,3141
block1,11,15,123156,125672,2516
head_hidden_first_token,11,0,116249,128965,12716
head_hidden_last_token,11,15,125672,128965,3293
head_output,11,0,128965,129707,742
serializer,11,0,129707,129765,58
patch_queue,12,0,118764,119390,626
embedding,12,0,119390,120642,1252
block0,12,0,120642,123789,3147
block1,12,0,123789,126305,2516
patch_queue,12,1,119391,120017,626
embedding,12,1,120017,121275,1258
block0,12,1,121275,124416,3141
block1,12,1,124416,126932,2516
patch_queue,12,2,120018,120644,626
embedding,12,2,120644,121902,1258
block0,12,2,121902,125043,3141
block1,12,2,125043,127559,2516
patch_queue,12,3,120645,121277,632
embedding,12,3,121277,122529,1252
block0,12,3,122529,125670,3141
block1,12,3,125670,128186,2516
patch_queue,12,4,121278,121904,626
embedding,12,4,121904,123156,1252
block0,12,4,123156,126303,3147
block1,12,4,126303,128819,2516
patch_queue,12,5,121905,122531,626
embedding,12,5,122531,123789,1258
block0,12,5,123789,126930,3141
block1,12,5,126930,129446,2516
patch_queue,12,6,122532,123158,626
embedding,12,6,123158,124416,1258
block0,12,6,124416,127557,3141
block1,12,6,127557,130073,2516
patch_queue,12,7,123159,123791,632
embedding,12,7,123791,125043,1252
block0,12,7,125043,128184,3141
block1,12,7,128184,130700,2516
patch_queue,12,8,123792,124418,626
embedding,12,8,124418,125670,1252
block0,12,8,125670,128817,3147
block1,12,8,128817,131333,2516
patch_queue,12,9,124419,125045,626
embedding,12,9,125045,126303,1258
block0,12,9,126303,129444,3141
block1,12,9,129444,131960,2516
patch_queue,12,10,125046,125672,626
embedding,12,10,125672,126930,1258
block0,12,10,126930,130071,3141
block1,12,10,130071,132587,2516
patch_queue,12,11,125673,126305,632
embedding,12,11,126305,127557,1252
block0,12,11,127557,130698,3141
block1,12,11,130698,133214,2516
patch_queue,12,12,126306,126932,626
embedding,12,12,126932,128184,1252
block0,12,12,128184,131331,3147
block1,12,12,131331,133847,2516
patch_queue,12,13,126933,127559,626
embedding,12,13,127559,128817,1258
block0,12,13,128817,131958,3141
block1,12,13,131958,134474,2516
patch_queue,12,14,127560,128186,626
embedding,12,14,128186,129444,1258
block0,12,14,129444,132585,3141
block1,12,14,132585,135101,2516
patch_queue,12,15,128187,128819,632
embedding,12,15,128819,130071,1252
block0,12,15,130071,133212,3141
block1,12,15,133212,135728,2516
head_hidden_first_token,12,0,126305,139021,12716
head_hidden_last_token,12,15,135728,139021,3293
head_output,12,0,139021,139763,742
serializer,12,0,139763,139821,58
patch_queue,13,0,128820,129446,626
embedding,13,0,129446,130698,1252
block0,13,0,130698,133845,3147
block1,13,0,133845,136361,2516
patch_queue,13,1,129447,130073,626
embedding,13,1,130073,131331,1258
block0,13,1,131331,134472,3141
block1,13,1,134472,136988,2516
patch_queue,13,2,130074,130700,626
embedding,13,2,130700,131958,1258
block0,13,2,131958,135099,3141
block1,13,2,135099,137615,2516
patch_queue,13,3,130701,131333,632
embedding,13,3,131333,132585,1252
block0,13,3,132585,135726,3141
block1,13,3,135726,138242,2516
patch_queue,13,4,131334,131960,626
embedding,13,4,131960,133212,1252
block0,13,4,133212,136359,3147
block1,13,4,136359,138875,2516
patch_queue,13,5,131961,132587,626
embedding,13,5,132587,133845,1258
block0,13,5,133845,136986,3141
block1,13,5,136986,139502,2516
patch_queue,13,6,132588,133214,626
embedding,13,6,133214,134472,1258
block0,13,6,134472,137613,3141
block1,13,6,137613,140129,2516
patch_queue,13,7,133215,133847,632
embedding,13,7,133847,135099,1252
block0,13,7,135099,138240,3141
block1,13,7,138240,140756,2516
patch_queue,13,8,133848,134474,626
embedding,13,8,134474,135726,1252
block0,13,8,135726,138873,3147
block1,13,8,138873,141389,2516
patch_queue,13,9,134475,135101,626
embedding,13,9,135101,136359,1258
block0,13,9,136359,139500,3141
block1,13,9,139500,142016,2516
patch_queue,13,10,135102,135728,626
embedding,13,10,135728,136986,1258
block0,13,10,136986,140127,3141
block1,13,10,140127,142643,2516
patch_queue,13,11,135729,136361,632
embedding,13,11,136361,137613,1252
block0,13,11,137613,140754,3141
block1,13,11,140754,143270,2516
patch_queue,13,12,136362,136988,626
embedding,13,12,136988,138240,1252
block0,13,12,138240,141387,3147
block1,13,12,141387,143903,2516
patch_queue,13,13,136989,137615,626
embedding,13,13,137615,138873,1258
block0,13,13,138873,142014,3141
block1,13,13,142014,144530,2516
patch_queue,13,14,137616,138242,626
embedding,13,14,138242,139500,1258
block0,13,14,139500,142641,3141
block1,13,14,142641,145157,2516
patch_queue,13,15,138243,138875,632
embedding,13,15,138875,140127,1252
block0,13,15,140127,143268,3141
block1,13,15,143268,145784,2516
head_hidden_first_token,13,0,136361,149077,12716
head_hidden_last_token,13,15,145784,149077,3293
head_output,13,0,149077,149819,742
serializer,13,0,149819,149877,58
patch_queue,14,0,138876,139502,626
embedding,14,0,139502,140754,1252
block0,14,0,140754,143901,3147
block1,14,0,143901,146417,2516
patch_queue,14,1,139503,140129,626
embedding,14,1,140129,141387,1258
block0,14,1,141387,144528,3141
block1,14,1,144528,147044,2516
patch_queue,14,2,140130,140756,626
embedding,14,2,140756,142014,1258
block0,14,2,142014,145155,3141
block1,14,2,145155,147671,2516
patch_queue,14,3,140757,141389,632
embedding,14,3,141389,142641,1252
block0,14,3,142641,145782,3141
block1,14,3,145782,148298,2516
patch_queue,14,4,141390,142016,626
embedding,14,4,142016,143268,1252
block0,14,4,143268,146415,3147
block1,14,4,146415,148931,2516
patch_queue,14,5,142017,142643,626
embedding,14,5,142643,143901,1258
block0,14,5,143901,147042,3141
block1,14,5,147042,149558,2516
patch_queue,14,6,142644,143270,626
embedding,14,6,143270,144528,1258
block0,14,6,144528,147669,3141
block1,14,6,147669,150185,2516
patch_queue,14,7,143271,143903,632
embedding,14,7,143903,145155,1252
block0,14,7,145155,148296,3141
block1,14,7,148296,150812,2516
patch_queue,14,8,143904,144530,626
embedding,14,8,144530,145782,1252
block0,14,8,145782,148929,3147
block1,14,8,148929,151445,2516
patch_queue,14,9,144531,145157,626
embedding,14,9,145157,146415,1258
block0,14,9,146415,149556,3141
block1,14,9,149556,152072,2516
patch_queue,14,10,145158,145784,626
embedding,14,10,145784,147042,1258
block0,14,10,147042,150183,3141
block1,14,10,150183,152699,2516
patch_queue,14,11,145785,146417,632
embedding,14,11,146417,147669,1252
block0,14,11,147669,150810,3141
block1,14,11,150810,153326,2516
patch_queue,14,12,146418,147044,626
embedding,14,12,147044,148296,1252
block0,14,12,148296,151443,3147
block1,14,12,151443,153959,2516
patch_queue,14,13,147045,147671,626
embedding,14,13,147671,148929,1258
block0,14,13,148929,152070,3141
block1,14,13,152070,154586,2516
patch_queue,14,14,147672,148298,626
embedding,14,14,148298,149556,1258
block0,14,14,149556,152697,3141
block1,14,14,152697,155213,2516
patch_queue,14,15,148299,148931,632
embedding,14,15,148931,150183,1252
block0,14,15,150183,153324,3141
block1,14,15,153324,155840,2516
head_hidden_first_token,14,0,146417,159133,12716
head_hidden_last_token,14,15,155840,159133,3293
head_output,14,0,159133,159875,742
serializer,14,0,159875,159933,58
patch_queue,15,0,148932,149558,626
embedding,15,0,149558,150810,1252
block0,15,0,150810,153957,3147
block1,15,0,153957,156473,2516
patch_queue,15,1,149559,150185,626
embedding,15,1,150185,151443,1258
block0,15,1,151443,154584,3141
block1,15,1,154584,157100,2516
patch_queue,15,2,150186,150812,626
embedding,15,2,150812,152070,1258
block0,15,2,152070,155211,3141
block1,15,2,155211,157727,2516
patch_queue,15,3,150813,151445,632
embedding,15,3,151445,152697,1252
block0,15,3,152697,155838,3141
block1,15,3,155838,158354,2516
patch_queue,15,4,151446,152072,626
embedding,15,4,152072,153324,1252
block0,15,4,153324,156471,3147
block1,15,4,156471,158987,2516
patch_queue,15,5,152073,152699,626
embedding,15,5,152699,153957,1258
block0,15,5,153957,157098,3141
block1,15,5,157098,159614,2516
patch_queue,15,6,152700,153326,626
embedding,15,6,153326,154584,1258
block0,15,6,154584,157725,3141
block1,15,6,157725,160241,2516
patch_queue,15,7,153327,153959,632
embedding,15,7,153959,155211,1252
block0,15,7,155211,158352,3141
block1,15,7,158352,160868,2516
patch_queue,15,8,153960,154586,626
embedding,15,8,154586,155838,1252
block0,15,8,155838,158985,3147
block1,15,8,158985,161501,2516
patch_queue,15,9,154587,155213,626
embedding,15,9,155213,156471,1258
block0,15,9,156471,159612,3141
block1,15,9,159612,162128,2516
patch_queue,15,10,155214,155840,626
embedding,15,10,155840,157098,1258
block0,15,10,157098,160239,3141
block1,15,10,160239,162755,2516
patch_queue,15,11,155841,156473,632
embedding,15,11,156473,157725,1252
block0,15,11,157725,160866,3141
block1,15,11,160866,163382,2516
patch_queue,15,12,156474,157100,626
embedding,15,12,157100,158352,1252
block0,15,12,158352,161499,3147
block1,15,12,161499,164015,2516
patch_queue,15,13,157101,157727,626
embedding,15,13,157727,158985,1258
block0,15,13,158985,162126,3141
block1,15,13,162126,164642,2516
patch_queue,15,14,157728,158354,626
embedding,15,14,158354,159612,1258
block0,15,14,159612,162753,3141
block1,15,14,162753,165269,2516
patch_queue,15,15,158355,158987,632
embedding,15,15,158987,160239,1252
block0,15,15,160239,163380,3141
block1,15,15,163380,165896,2516
head_hidden_first_token,15,0,156473,169189,12716
head_hidden_last_token,15,15,165896,169189,3293
head_output,15,0,169189,169931,742
serializer,15,0,169931,169989,58
patch_queue,16,0,158988,159614,626
embedding,16,0,159614,160866,1252
block0,16,0,160866,164013,3147
block1,16,0,164013,166529,2516
patch_queue,16,1,159615,160241,626
embedding,16,1,160241,161499,1258
block0,16,1,161499,164640,3141
block1,16,1,164640,167156,2516
patch_queue,16,2,160242,160868,626
embedding,16,2,160868,162126,1258
block0,16,2,162126,165267,3141
block1,16,2,165267,167783,2516
patch_queue,16,3,160869,161501,632
embedding,16,3,161501,162753,1252
block0,16,3,162753,165894,3141
block1,16,3,165894,168410,2516
patch_queue,16,4,161502,162128,626
embedding,16,4,162128,163380,1252
block0,16,4,163380,166527,3147
block1,16,4,166527,169043,2516
patch_queue,16,5,162129,162755,626
embedding,16,5,162755,164013,1258
block0,16,5,164013,167154,3141
block1,16,5,167154,169670,2516
patch_queue,16,6,162756,163382,626
embedding,16,6,163382,164640,1258
block0,16,6,164640,167781,3141
block1,16,6,167781,170297,2516
patch_queue,16,7,163383,164015,632
embedding,16,7,164015,165267,1252
block0,16,7,165267,168408,3141
block1,16,7,168408,170924,2516
patch_queue,16,8,164016,164642,626
embedding,16,8,164642,165894,1252
block0,16,8,165894,169041,3147
block1,16,8,169041,171557,2516
patch_queue,16,9,164643,165269,626
embedding,16,9,165269,166527,1258
block0,16,9,166527,169668,3141
block1,16,9,169668,172184,2516
patch_queue,16,10,165270,165896,626
embedding,16,10,165896,167154,1258
block0,16,10,167154,170295,3141
block1,16,10,170295,172811,2516
patch_queue,16,11,165897,166529,632
embedding,16,11,166529,167781,1252
block0,16,11,167781,170922,3141
block1,16,11,170922,173438,2516
patch_queue,16,12,166530,167156,626
embedding,16,12,167156,168408,1252
block0,16,12,168408,171555,3147
block1,16,12,171555,174071,2516
patch_queue,16,13,167157,167783,626
embedding,16,13,167783,169041,1258
block0,16,13,169041,172182,3141
block1,16,13,172182,174698,2516
patch_queue,16,14,167784,168410,626
embedding,16,14,168410,169668,1258
block0,16,14,169668,172809,3141
block1,16,14,172809,175325,2516
patch_queue,16,15,168411,169043,632
embedding,16,15,169043,170295,1252
block0,16,15,170295,173436,3141
block1,16,15,173436,175952,2516
head_hidden_first_token,16,0,166529,179245,12716
head_hidden_last_token,16,15,175952,179245,3293
head_output,16,0,179245,179987,742
serializer,16,0,179987,180045,58
patch_queue,17,0,169044,169670,626
embedding,17,0,169670,170922,1252
block0,17,0,170922,174069,3147
block1,17,0,174069,176585,2516
patch_queue,17,1,169671,170297,626
embedding,17,1,170297,171555,1258
block0,17,1,171555,174696,3141
block1,17,1,174696,177212,2516
patch_queue,17,2,170298,170924,626
embedding,17,2,170924,172182,1258
block0,17,2,172182,175323,3141
block1,17,2,175323,177839,2516
patch_queue,17,3,170925,171557,632
embedding,17,3,171557,172809,1252
block0,17,3,172809,175950,3141
block1,17,3,175950,178466,2516
patch_queue,17,4,171558,172184,626
embedding,17,4,172184,173436,1252
block0,17,4,173436,176583,3147
block1,17,4,176583,179099,2516
patch_queue,17,5,172185,172811,626
embedding,17,5,172811,174069,1258
block0,17,5,174069,177210,3141
block1,17,5,177210,179726,2516
patch_queue,17,6,172812,173438,626
embedding,17,6,173438,174696,1258
block0,17,6,174696,177837,3141
block1,17,6,177837,180353,2516
patch_queue,17,7,173439,174071,632
embedding,17,7,174071,175323,1252
block0,17,7,175323,178464,3141
block1,17,7,178464,180980,2516
patch_queue,17,8,174072,174698,626
embedding,17,8,174698,175950,1252
block0,17,8,175950,179097,3147
block1,17,8,179097,181613,2516
patch_queue,17,9,174699,175325,626
embedding,17,9,175325,176583,1258
block0,17,9,176583,179724,3141
block1,17,9,179724,182240,2516
patch_queue,17,10,175326,175952,626
embedding,17,10,175952,177210,1258
block0,17,10,177210,180351,3141
block1,17,10,180351,182867,2516
patch_queue,17,11,175953,176585,632
embedding,17,11,176585,177837,1252
block0,17,11,177837,180978,3141
block1,17,11,180978,183494,2516
patch_queue,17,12,176586,177212,626
embedding,17,12,177212,178464,1252
block0,17,12,178464,181611,3147
block1,17,12,181611,184127,2516
patch_queue,17,13,177213,177839,626
embedding,17,13,177839,179097,1258
block0,17,13,179097,182238,3141
block1,17,13,182238,184754,2516
patch_queue,17,14,177840,178466,626
embedding,17,14,178466,179724,1258
block0,17,14,179724,182865,3141
block1,17,14,182865,185381,2516
patch_queue,17,15,178467,179099,632
embedding,17,15,179099,180351,1252
block0,17,15,180351,183492,3141
block1,17,15,183492,186008,2516
head_hidden_first_token,17,0,176585,189301,12716
head_hidden_last_token,17,15,186008,189301,3293
head_output,17,0,189301,190043,742
serializer,17,0,190043,190101,58
patch_queue,18,0,179100,179726,626
embedding,18,0,179726,180978,1252
block0,18,0,180978,184125,3147
block1,18,0,184125,186641,2516
patch_queue,18,1,179727,180353,626
embedding,18,1,180353,181611,1258
block0,18,1,181611,184752,3141
block1,18,1,184752,187268,2516
patch_queue,18,2,180354,180980,626
embedding,18,2,180980,182238,1258
block0,18,2,182238,185379,3141
block1,18,2,185379,187895,2516
patch_queue,18,3,180981,181613,632
embedding,18,3,181613,182865,1252
block0,18,3,182865,186006,3141
block1,18,3,186006,188522,2516
patch_queue,18,4,181614,182240,626
embedding,18,4,182240,183492,1252
block0,18,4,183492,186639,3147
block1,18,4,186639,189155,2516
patch_queue,18,5,182241,182867,626
embedding,18,5,182867,184125,1258
block0,18,5,184125,187266,3141
block1,18,5,187266,189782,2516
patch_queue,18,6,182868,183494,626
embedding,18,6,183494,184752,1258
block0,18,6,184752,187893,3141
block1,18,6,187893,190409,2516
patch_queue,18,7,183495,184127,632
embedding,18,7,184127,185379,1252
block0,18,7,185379,188520,3141
block1,18,7,188520,191036,2516
patch_queue,18,8,184128,184754,626
embedding,18,8,184754,186006,1252
block0,18,8,186006,189153,3147
block1,18,8,189153,191669,2516
patch_queue,18,9,184755,185381,626
embedding,18,9,185381,186639,1258
block0,18,9,186639,189780,3141
block1,18,9,189780,192296,2516
patch_queue,18,10,185382,186008,626
embedding,18,10,186008,187266,1258
block0,18,10,187266,190407,3141
block1,18,10,190407,192923,2516
patch_queue,18,11,186009,186641,632
embedding,18,11,186641,187893,1252
block0,18,11,187893,191034,3141
block1,18,11,191034,193550,2516
patch_queue,18,12,186642,187268,626
embedding,18,12,187268,188520,1252
block0,18,12,188520,191667,3147
block1,18,12,191667,194183,2516
patch_queue,18,13,187269,187895,626
embedding,18,13,187895,189153,1258
block0,18,13,189153,192294,3141
block1,18,13,192294,194810,2516
patch_queue,18,14,187896,188522,626
embedding,18,14,188522,189780,1258
block0,18,14,189780,192921,3141
block1,18,14,192921,195437,2516
patch_queue,18,15,188523,189155,632
embedding,18,15,189155,190407,1252
block0,18,15,190407,193548,3141
block1,18,15,193548,196064,2516
head_hidden_first_token,18,0,186641,199357,12716
head_hidden_last_token,18,15,196064,199357,3293
head_output,18,0,199357,200099,742
serializer,18,0,200099,200157,58
patch_queue,19,0,189156,189782,626
embedding,19,0,189782,191034,1252
block0,19,0,191034,194181,3147
block1,19,0,194181,196697,2516
patch_queue,19,1,189783,190409,626
embedding,19,1,190409,191667,1258
block0,19,1,191667,194808,3141
block1,19,1,194808,197324,2516
patch_queue,19,2,190410,191036,626
embedding,19,2,191036,192294,1258
block0,19,2,192294,195435,3141
block1,19,2,195435,197951,2516
patch_queue,19,3,191037,191669,632
embedding,19,3,191669,192921,1252
block0,19,3,192921,196062,3141
block1,19,3,196062,198578,2516
patch_queue,19,4,191670,192296,626
embedding,19,4,192296,193548,1252
block0,19,4,193548,196695,3147
block1,19,4,196695,199211,2516
patch_queue,19,5,192297,192923,626
embedding,19,5,192923,194181,1258
block0,19,5,194181,197322,3141
block1,19,5,197322,199838,2516
patch_queue,19,6,192924,193550,626
embedding,19,6,193550,194808,1258
block0,19,6,194808,197949,3141
block1,19,6,197949,200465,2516
patch_queue,19,7,193551,194183,632
embedding,19,7,194183,195435,1252
block0,19,7,195435,198576,3141
block1,19,7,198576,201092,2516
patch_queue,19,8,194184,194810,626
embedding,19,8,194810,196062,1252
block0,19,8,196062,199209,3147
block1,19,8,199209,201725,2516
patch_queue,19,9,194811,195437,626
embedding,19,9,195437,196695,1258
block0,19,9,196695,199836,3141
block1,19,9,199836,202352,2516
patch_queue,19,10,195438,196064,626
embedding,19,10,196064,197322,1258
block0,19,10,197322,200463,3141
block1,19,10,200463,202979,2516
patch_queue,19,11,196065,196697,632
embedding,19,11,196697,197949,1252
block0,19,11,197949,201090,3141
block1,19,11,201090,203606,2516
patch_queue,19,12,196698,197324,626
embedding,19,12,197324,198576,1252
block0,19,12,198576,201723,3147
block1,19,12,201723,204239,2516
patch_queue,19,13,197325,197951,626
embedding,19,13,197951,199209,1258
block0,19,13,199209,202350,3141
block1,19,13,202350,204866,2516
patch_queue,19,14,197952,198578,626
embedding,19,14,198578,199836,1258
block0,19,14,199836,202977,3141
block1,19,14,202977,205493,2516
patch_queue,19,15,198579,199211,632
embedding,19,15,199211,200463,1252
block0,19,15,200463,203604,3141
block1,19,15,203604,206120,2516
head_hidden_first_token,19,0,196697,209413,12716
head_hidden_last_token,19,15,206120,209413,3293
head_output,19,0,209413,210155,742
serializer,19,0,210155,210213,58
patch_queue,20,0,199212,199838,626
embedding,20,0,199838,201090,1252
block0,20,0,201090,204237,3147
block1,20,0,204237,206753,2516
patch_queue,20,1,199839,200465,626
embedding,20,1,200465,201723,1258
block0,20,1,201723,204864,3141
block1,20,1,204864,207380,2516
patch_queue,20,2,200466,201092,626
embedding,20,2,201092,202350,1258
block0,20,2,202350,205491,3141
block1,20,2,205491,208007,2516
patch_queue,20,3,201093,201725,632
embedding,20,3,201725,202977,1252
block0,20,3,202977,206118,3141
block1,20,3,206118,208634,2516
patch_queue,20,4,201726,202352,626
embedding,20,4,202352,203604,1252
block0,20,4,203604,206751,3147
block1,20,4,206751,209267,2516
patch_queue,20,5,202353,202979,626
embedding,20,5,202979,204237,1258
block0,20,5,204237,207378,3141
block1,20,5,207378,209894,2516
patch_queue,20,6,202980,203606,626
embedding,20,6,203606,204864,1258
block0,20,6,204864,208005,3141
block1,20,6,208005,210521,2516
patch_queue,20,7,203607,204239,632
embedding,20,7,204239,205491,1252
block0,20,7,205491,208632,3141
block1,20,7,208632,211148,2516
patch_queue,20,8,204240,204866,626
embedding,20,8,204866,206118,1252
block0,20,8,206118,209265,3147
block1,20,8,209265,211781,2516
patch_queue,20,9,204867,205493,626
embedding,20,9,205493,206751,1258
block0,20,9,206751,209892,3141
block1,20,9,209892,212408,2516
patch_queue,20,10,205494,206120,626
embedding,20,10,206120,207378,1258
block0,20,10,207378,210519,3141
block1,20,10,210519,213035,2516
patch_queue,20,11,206121,206753,632
embedding,20,11,206753,208005,1252
block0,20,11,208005,211146,3141
block1,20,11,211146,213662,2516
patch_queue,20,12,206754,207380,626
embedding,20,12,207380,208632,1252
block0,20,12,208632,211779,3147
block1,20,12,211779,214295,2516
patch_queue,20,13,207381,208007,626
embedding,20,13,208007,209265,1258
block0,20,13,209265,212406,3141
block1,20,13,212406,214922,2516
patch_queue,20,14,208008,208634,626
embedding,20,14,208634,209892,1258
block0,20,14,209892,213033,3141
block1,20,14,213033,215549,2516
patch_queue,20,15,208635,209267,632
embedding,20,15,209267,210519,1252
block0,20,15,210519,213660,3141
block1,20,15,213660,216176,2516
head_hidden_first_token,20,0,206753,219469,12716
head_hidden_last_token,20,15,216176,219469,3293
head_output,20,0,219469,220211,742
serializer,20,0,220211,220269,58
patch_queue,21,0,209268,209894,626
embedding,21,0,209894,211146,1252
block0,21,0,211146,214293,3147
block1,21,0,214293,216809,2516
patch_queue,21,1,209895,210521,626
embedding,21,1,210521,211779,1258
block0,21,1,211779,214920,3141
block1,21,1,214920,217436,2516
patch_queue,21,2,210522,211148,626
embedding,21,2,211148,212406,1258
block0,21,2,212406,215547,3141
block1,21,2,215547,218063,2516
patch_queue,21,3,211149,211781,632
embedding,21,3,211781,213033,1252
block0,21,3,213033,216174,3141
block1,21,3,216174,218690,2516
patch_queue,21,4,211782,212408,626
embedding,21,4,212408,213660,1252
block0,21,4,213660,216807,3147
block1,21,4,216807,219323,2516
patch_queue,21,5,212409,213035,626
embedding,21,5,213035,214293,1258
block0,21,5,214293,217434,3141
block1,21,5,217434,219950,2516
patch_queue,21,6,213036,213662,626
embedding,21,6,213662,214920,1258
block0,21,6,214920,218061,3141
block1,21,6,218061,220577,2516
patch_queue,21,7,213663,214295,632
embedding,21,7,214295,215547,1252
block0,21,7,215547,218688,3141
block1,21,7,218688,221204,2516
patch_queue,21,8,214296,214922,626
embedding,21,8,214922,216174,1252
block0,21,8,216174,219321,3147
block1,21,8,219321,221837,2516
patch_queue,21,9,214923,215549,626
embedding,21,9,215549,216807,1258
block0,21,9,216807,219948,3141
block1,21,9,219948,222464,2516
patch_queue,21,10,215550,216176,626
embedding,21,10,216176,217434,1258
block0,21,10,217434,220575,3141
block1,21,10,220575,223091,2516
patch_queue,21,11,216177,216809,632
embedding,21,11,216809,218061,1252
block0,21,11,218061,221202,3141
block1,21,11,221202,223718,2516
patch_queue,21,12,216810,217436,626
embedding,21,12,217436,218688,1252
block0,21,12,218688,221835,3147
block1,21,12,221835,224351,2516
patch_queue,21,13,217437,218063,626
embedding,21,13,218063,219321,1258
block0,21,13,219321,222462,3141
block1,21,13,222462,224978,2516
patch_queue,21,14,218064,218690,626
embedding,21,14,218690,219948,1258
block0,21,14,219948,223089,3141
block1,21,14,223089,225605,2516
patch_queue,21,15,218691,219323,632
embedding,21,15,219323,220575,1252
block0,21,15,220575,223716,3141
block1,21,15,223716,226232,2516
head_hidden_first_token,21,0,216809,229525,12716
head_hidden_last_token,21,15,226232,229525,3293
head_output,21,0,229525,230267,742
serializer,21,0,230267,230325,58
patch_queue,22,0,219324,219950,626
embedding,22,0,219950,221202,1252
block0,22,0,221202,224349,3147
block1,22,0,224349,226865,2516
patch_queue,22,1,219951,220577,626
embedding,22,1,220577,221835,1258
block0,22,1,221835,224976,3141
block1,22,1,224976,227492,2516
patch_queue,22,2,220578,221204,626
embedding,22,2,221204,222462,1258
block0,22,2,222462,225603,3141
block1,22,2,225603,228119,2516
patch_queue,22,3,221205,221837,632
embedding,22,3,221837,223089,1252
block0,22,3,223089,226230,3141
block1,22,3,226230,228746,2516
patch_queue,22,4,221838,222464,626
embedding,22,4,222464,223716,1252
block0,22,4,223716,226863,3147
block1,22,4,226863,229379,2516
patch_queue,22,5,222465,223091,626
embedding,22,5,223091,224349,1258
block0,22,5,224349,227490,3141
block1,22,5,227490,230006,2516
patch_queue,22,6,223092,223718,626
embedding,22,6,223718,224976,1258
block0,22,6,224976,228117,3141
block1,22,6,228117,230633,2516
patch_queue,22,7,223719,224351,632
embedding,22,7,224351,225603,1252
block0,22,7,225603,228744,3141
block1,22,7,228744,231260,2516
patch_queue,22,8,224352,224978,626
embedding,22,8,224978,226230,1252
block0,22,8,226230,229377,3147
block1,22,8,229377,231893,2516
patch_queue,22,9,224979,225605,626
embedding,22,9,225605,226863,1258
block0,22,9,226863,230004,3141
block1,22,9,230004,232520,2516
patch_queue,22,10,225606,226232,626
embedding,22,10,226232,227490,1258
block0,22,10,227490,230631,3141
block1,22,10,230631,233147,2516
patch_queue,22,11,226233,226865,632
embedding,22,11,226865,228117,1252
block0,22,11,228117,231258,3141
block1,22,11,231258,233774,2516
patch_queue,22,12,226866,227492,626
embedding,22,12,227492,228744,1252
block0,22,12,228744,231891,3147
block1,22,12,231891,234407,2516
patch_queue,22,13,227493,228119,626
embedding,22,13,228119,229377,1258
block0,22,13,229377,232518,3141
block1,22,13,232518,235034,2516
patch_queue,22,14,228120,228746,626
embedding,22,14,228746,230004,1258
block0,22,14,230004,233145,3141
block1,22,14,233145,235661,2516
patch_queue,22,15,228747,229379,632
embedding,22,15,229379,230631,1252
block0,22,15,230631,233772,3141
block1,22,15,233772,236288,2516
head_hidden_first_token,22,0,226865,239581,12716
head_hidden_last_token,22,15,236288,239581,3293
head_output,22,0,239581,240323,742
serializer,22,0,240323,240381,58
patch_queue,23,0,229380,230006,626
embedding,23,0,230006,231258,1252
block0,23,0,231258,234405,3147
block1,23,0,234405,236921,2516
patch_queue,23,1,230007,230633,626
embedding,23,1,230633,231891,1258
block0,23,1,231891,235032,3141
block1,23,1,235032,237548,2516
patch_queue,23,2,230634,231260,626
embedding,23,2,231260,232518,1258
block0,23,2,232518,235659,3141
block1,23,2,235659,238175,2516
patch_queue,23,3,231261,231893,632
embedding,23,3,231893,233145,1252
block0,23,3,233145,236286,3141
block1,23,3,236286,238802,2516
patch_queue,23,4,231894,232520,626
embedding,23,4,232520,233772,1252
block0,23,4,233772,236919,3147
block1,23,4,236919,239435,2516
patch_queue,23,5,232521,233147,626
embedding,23,5,233147,234405,1258
block0,23,5,234405,237546,3141
block1,23,5,237546,240062,2516
patch_queue,23,6,233148,233774,626
embedding,23,6,233774,235032,1258
block0,23,6,235032,238173,3141
block1,23,6,238173,240689,2516
patch_queue,23,7,233775,234407,632
embedding,23,7,234407,235659,1252
block0,23,7,235659,238800,3141
block1,23,7,238800,241316,2516
patch_queue,23,8,234408,235034,626
embedding,23,8,235034,236286,1252
block0,23,8,236286,239433,3147
block1,23,8,239433,241949,2516
patch_queue,23,9,235035,235661,626
embedding,23,9,235661,236919,1258
block0,23,9,236919,240060,3141
block1,23,9,240060,242576,2516
patch_queue,23,10,235662,236288,626
embedding,23,10,236288,237546,1258
block0,23,10,237546,240687,3141
block1,23,10,240687,243203,2516
patch_queue,23,11,236289,236921,632
embedding,23,11,236921,238173,1252
block0,23,11,238173,241314,3141
block1,23,11,241314,243830,2516
patch_queue,23,12,236922,237548,626
embedding,23,12,237548,238800,1252
block0,23,12,238800,241947,3147
block1,23,12,241947,244463,2516
patch_queue,23,13,237549,238175,626
embedding,23,13,238175,239433,1258
block0,23,13,239433,242574,3141
block1,23,13,242574,245090,2516
patch_queue,23,14,238176,238802,626
embedding,23,14,238802,240060,1258
block0,23,14,240060,243201,3141
block1,23,14,243201,245717,2516
patch_queue,23,15,238803,239435,632
embedding,23,15,239435,240687,1252
block0,23,15,240687,243828,3141
block1,23,15,243828,246344,2516
head_hidden_first_token,23,0,236921,249637,12716
head_hidden_last_token,23,15,246344,249637,3293
head_output,23,0,249637,250379,742
serializer,23,0,250379,250437,58
patch_queue,24,0,239436,240062,626
embedding,24,0,240062,241314,1252
block0,24,0,241314,244461,3147
block1,24,0,244461,246977,2516
patch_queue,24,1,240063,240689,626
embedding,24,1,240689,241947,1258
block0,24,1,241947,245088,3141
block1,24,1,245088,247604,2516
patch_queue,24,2,240690,241316,626
embedding,24,2,241316,242574,1258
block0,24,2,242574,245715,3141
block1,24,2,245715,248231,2516
patch_queue,24,3,241317,241949,632
embedding,24,3,241949,243201,1252
block0,24,3,243201,246342,3141
block1,24,3,246342,248858,2516
patch_queue,24,4,241950,242576,626
embedding,24,4,242576,243828,1252
block0,24,4,243828,246975,3147
block1,24,4,246975,249491,2516
patch_queue,24,5,242577,243203,626
embedding,24,5,243203,244461,1258
block0,24,5,244461,247602,3141
block1,24,5,247602,250118,2516
patch_queue,24,6,243204,243830,626
embedding,24,6,243830,245088,1258
block0,24,6,245088,248229,3141
block1,24,6,248229,250745,2516
patch_queue,24,7,243831,244463,632
embedding,24,7,244463,245715,1252
block0,24,7,245715,248856,3141
block1,24,7,248856,251372,2516
patch_queue,24,8,244464,245090,626
embedding,24,8,245090,246342,1252
block0,24,8,246342,249489,3147
block1,24,8,249489,252005,2516
patch_queue,24,9,245091,245717,626
embedding,24,9,245717,246975,1258
block0,24,9,246975,250116,3141
block1,24,9,250116,252632,2516
patch_queue,24,10,245718,246344,626
embedding,24,10,246344,247602,1258
block0,24,10,247602,250743,3141
block1,24,10,250743,253259,2516
patch_queue,24,11,246345,246977,632
embedding,24,11,246977,248229,1252
block0,24,11,248229,251370,3141
block1,24,11,251370,253886,2516
patch_queue,24,12,246978,247604,626
embedding,24,12,247604,248856,1252
block0,24,12,248856,252003,3147
block1,24,12,252003,254519,2516
patch_queue,24,13,247605,248231,626
embedding,24,13,248231,249489,1258
block0,24,13,249489,252630,3141
block1,24,13,252630,255146,2516
patch_queue,24,14,248232,248858,626
embedding,24,14,248858,250116,1258
block0,24,14,250116,253257,3141
block1,24,14,253257,255773,2516
patch_queue,24,15,248859,249491,632
embedding,24,15,249491,250743,1252
block0,24,15,250743,253884,3141
block1,24,15,253884,256400,2516
head_hidden_first_token,24,0,246977,259693,12716
head_hidden_last_token,24,15,256400,259693,3293
head_output,24,0,259693,260435,742
serializer,24,0,260435,260493,58
patch_queue,25,0,249492,250118,626
embedding,25,0,250118,251370,1252
block0,25,0,251370,254517,3147
block1,25,0,254517,257033,2516
patch_queue,25,1,250119,250745,626
embedding,25,1,250745,252003,1258
block0,25,1,252003,255144,3141
block1,25,1,255144,257660,2516
patch_queue,25,2,250746,251372,626
embedding,25,2,251372,252630,1258
block0,25,2,252630,255771,3141
block1,25,2,255771,258287,2516
patch_queue,25,3,251373,252005,632
embedding,25,3,252005,253257,1252
block0,25,3,253257,256398,3141
block1,25,3,256398,258914,2516
patch_queue,25,4,252006,252632,626
embedding,25,4,252632,253884,1252
block0,25,4,253884,257031,3147
block1,25,4,257031,259547,2516
patch_queue,25,5,252633,253259,626
embedding,25,5,253259,254517,1258
block0,25,5,254517,257658,3141
block1,25,5,257658,260174,2516
patch_queue,25,6,253260,253886,626
embedding,25,6,253886,255144,1258
block0,25,6,255144,258285,3141
block1,25,6,258285,260801,2516
patch_queue,25,7,253887,254519,632
embedding,25,7,254519,255771,1252
block0,25,7,255771,258912,3141
block1,25,7,258912,261428,2516
patch_queue,25,8,254520,255146,626
embedding,25,8,255146,256398,1252
block0,25,8,256398,259545,3147
block1,25,8,259545,262061,2516
patch_queue,25,9,255147,255773,626
embedding,25,9,255773,257031,1258
block0,25,9,257031,260172,3141
block1,25,9,260172,262688,2516
patch_queue,25,10,255774,256400,626
embedding,25,10,256400,257658,1258
block0,25,10,257658,260799,3141
block1,25,10,260799,263315,2516
patch_queue,25,11,256401,257033,632
embedding,25,11,257033,258285,1252
block0,25,11,258285,261426,3141
block1,25,11,261426,263942,2516
patch_queue,25,12,257034,257660,626
embedding,25,12,257660,258912,1252
block0,25,12,258912,262059,3147
block1,25,12,262059,264575,2516
patch_queue,25,13,257661,258287,626
embedding,25,13,258287,259545,1258
block0,25,13,259545,262686,3141
block1,25,13,262686,265202,2516
patch_queue,25,14,258288,258914,626
embedding,25,14,258914,260172,1258
block0,25,14,260172,263313,3141
block1,25,14,263313,265829,2516
patch_queue,25,15,258915,259547,632
embedding,25,15,259547,260799,1252
block0,25,15,260799,263940,3141
block1,25,15,263940,266456,2516
head_hidden_first_token,25,0,257033,269749,12716
head_hidden_last_token,25,15,266456,269749,3293
head_output,25,0,269749,270491,742
serializer,25,0,270491,270549,58
patch_queue,26,0,259548,260174,626
embedding,26,0,260174,261426,1252
block0,26,0,261426,264573,3147
block1,26,0,264573,267089,2516
patch_queue,26,1,260175,260801,626
embedding,26,1,260801,262059,1258
block0,26,1,262059,265200,3141
block1,26,1,265200,267716,2516
patch_queue,26,2,260802,261428,626
embedding,26,2,261428,262686,1258
block0,26,2,262686,265827,3141
block1,26,2,265827,268343,2516
patch_queue,26,3,261429,262061,632
embedding,26,3,262061,263313,1252
block0,26,3,263313,266454,3141
block1,26,3,266454,268970,2516
patch_queue,26,4,262062,262688,626
embedding,26,4,262688,263940,1252
block0,26,4,263940,267087,3147
block1,26,4,267087,269603,2516
patch_queue,26,5,262689,263315,626
embedding,26,5,263315,264573,1258
block0,26,5,264573,267714,3141
block1,26,5,267714,270230,2516
patch_queue,26,6,263316,263942,626
embedding,26,6,263942,265200,1258
block0,26,6,265200,268341,3141
block1,26,6,268341,270857,2516
patch_queue,26,7,263943,264575,632
embedding,26,7,264575,265827,1252
block0,26,7,265827,268968,3141
block1,26,7,268968,271484,2516
patch_queue,26,8,264576,265202,626
embedding,26,8,265202,266454,1252
block0,26,8,266454,269601,3147
block1,26,8,269601,272117,2516
patch_queue,26,9,265203,265829,626
embedding,26,9,265829,267087,1258
block0,26,9,267087,270228,3141
block1,26,9,270228,272744,2516
patch_queue,26,10,265830,266456,626
embedding,26,10,266456,267714,1258
block0,26,10,267714,270855,3141
block1,26,10,270855,273371,2516
patch_queue,26,11,266457,267089,632
embedding,26,11,267089,268341,1252
block0,26,11,268341,271482,3141
block1,26,11,271482,273998,2516
patch_queue,26,12,267090,267716,626
embedding,26,12,267716,268968,1252
block0,26,12,268968,272115,3147
block1,26,12,272115,274631,2516
patch_queue,26,13,267717,268343,626
embedding,26,13,268343,269601,1258
block0,26,13,269601,272742,3141
block1,26,13,272742,275258,2516
patch_queue,26,14,268344,268970,626
embedding,26,14,268970,270228,1258
block0,26,14,270228,273369,3141
block1,26,14,273369,275885,2516
patch_queue,26,15,268971,269603,632
embedding,26,15,269603,270855,1252
block0,26,15,270855,273996,3141
block1,26,15,273996,276512,2516
head_hidden_first_token,26,0,267089,279805,12716
head_hidden_last_token,26,15,276512,279805,3293
head_output,26,0,279805,280547,742
serializer,26,0,280547,280605,58
patch_queue,27,0,269604,270230,626
embedding,27,0,270230,271482,1252
block0,27,0,271482,274629,3147
block1,27,0,274629,277145,2516
patch_queue,27,1,270231,270857,626
embedding,27,1,270857,272115,1258
block0,27,1,272115,275256,3141
block1,27,1,275256,277772,2516
patch_queue,27,2,270858,271484,626
embedding,27,2,271484,272742,1258
block0,27,2,272742,275883,3141
block1,27,2,275883,278399,2516
patch_queue,27,3,271485,272117,632
embedding,27,3,272117,273369,1252
block0,27,3,273369,276510,3141
block1,27,3,276510,279026,2516
patch_queue,27,4,272118,272744,626
embedding,27,4,272744,273996,1252
block0,27,4,273996,277143,3147
block1,27,4,277143,279659,2516
patch_queue,27,5,272745,273371,626
embedding,27,5,273371,274629,1258
block0,27,5,274629,277770,3141
block1,27,5,277770,280286,2516
patch_queue,27,6,273372,273998,626
embedding,27,6,273998,275256,1258
block0,27,6,275256,278397,3141
block1,27,6,278397,280913,2516
patch_queue,27,7,273999,274631,632
embedding,27,7,274631,275883,1252
block0,27,7,275883,279024,3141
block1,27,7,279024,281540,2516
patch_queue,27,8,274632,275258,626
embedding,27,8,275258,276510,1252
block0,27,8,276510,279657,3147
block1,27,8,279657,282173,2516
patch_queue,27,9,275259,275885,626
embedding,27,9,275885,277143,1258
block0,27,9,277143,280284,3141
block1,27,9,280284,282800,2516
patch_queue,27,10,275886,276512,626
embedding,27,10,276512,277770,1258
block0,27,10,277770,280911,3141
block1,27,10,280911,283427,2516
patch_queue,27,11,276513,277145,632
embedding,27,11,277145,278397,1252
block0,27,11,278397,281538,3141
block1,27,11,281538,284054,2516
patch_queue,27,12,277146,277772,626
embedding,27,12,277772,279024,1252
block0,27,12,279024,282171,3147
block1,27,12,282171,284687,2516
patch_queue,27,13,277773,278399,626
embedding,27,13,278399,279657,1258
block0,27,13,279657,282798,3141
block1,27,13,282798,285314,2516
patch_queue,27,14,278400,279026,626
embedding,27,14,279026,280284,1258
block0,27,14,280284,283425,3141
block1,27,14,283425,285941,2516
patch_queue,27,15,279027,279659,632
embedding,27,15,279659,280911,1252
block0,27,15,280911,284052,3141
block1,27,15,284052,286568,2516
head_hidden_first_token,27,0,277145,289861,12716
head_hidden_last_token,27,15,286568,289861,3293
head_output,27,0,289861,290603,742
serializer,27,0,290603,290661,58
patch_queue,28,0,279660,280286,626
embedding,28,0,280286,281538,1252
block0,28,0,281538,284685,3147
block1,28,0,284685,287201,2516
patch_queue,28,1,280287,280913,626
embedding,28,1,280913,282171,1258
block0,28,1,282171,285312,3141
block1,28,1,285312,287828,2516
patch_queue,28,2,280914,281540,626
embedding,28,2,281540,282798,1258
block0,28,2,282798,285939,3141
block1,28,2,285939,288455,2516
patch_queue,28,3,281541,282173,632
embedding,28,3,282173,283425,1252
block0,28,3,283425,286566,3141
block1,28,3,286566,289082,2516
patch_queue,28,4,282174,282800,626
embedding,28,4,282800,284052,1252
block0,28,4,284052,287199,3147
block1,28,4,287199,289715,2516
patch_queue,28,5,282801,283427,626
embedding,28,5,283427,284685,1258
block0,28,5,284685,287826,3141
block1,28,5,287826,290342,2516
patch_queue,28,6,283428,284054,626
embedding,28,6,284054,285312,1258
block0,28,6,285312,288453,3141
block1,28,6,288453,290969,2516
patch_queue,28,7,284055,284687,632
embedding,28,7,284687,285939,1252
block0,28,7,285939,289080,3141
block1,28,7,289080,291596,2516
patch_queue,28,8,284688,285314,626
embedding,28,8,285314,286566,1252
block0,28,8,286566,289713,3147
block1,28,8,289713,292229,2516
patch_queue,28,9,285315,285941,626
embedding,28,9,285941,287199,1258
block0,28,9,287199,290340,3141
block1,28,9,290340,292856,2516
patch_queue,28,10,285942,286568,626
embedding,28,10,286568,287826,1258
block0,28,10,287826,290967,3141
block1,28,10,290967,293483,2516
patch_queue,28,11,286569,287201,632
embedding,28,11,287201,288453,1252
block0,28,11,288453,291594,3141
block1,28,11,291594,294110,2516
patch_queue,28,12,287202,287828,626
embedding,28,12,287828,289080,1252
block0,28,12,289080,292227,3147
block1,28,12,292227,294743,2516
patch_queue,28,13,287829,288455,626
embedding,28,13,288455,289713,1258
block0,28,13,289713,292854,3141
block1,28,13,292854,295370,2516
patch_queue,28,14,288456,289082,626
embedding,28,14,289082,290340,1258
block0,28,14,290340,293481,3141
block1,28,14,293481,295997,2516
patch_queue,28,15,289083,289715,632
embedding,28,15,289715,290967,1252
block0,28,15,290967,294108,3141
block1,28,15,294108,296624,2516
head_hidden_first_token,28,0,287201,299917,12716
head_hidden_last_token,28,15,296624,299917,3293
head_output,28,0,299917,300659,742
serializer,28,0,300659,300717,58
patch_queue,29,0,289716,290342,626
embedding,29,0,290342,291594,1252
block0,29,0,291594,294741,3147
block1,29,0,294741,297257,2516
patch_queue,29,1,290343,290969,626
embedding,29,1,290969,292227,1258
block0,29,1,292227,295368,3141
block1,29,1,295368,297884,2516
patch_queue,29,2,290970,291596,626
embedding,29,2,291596,292854,1258
block0,29,2,292854,295995,3141
block1,29,2,295995,298511,2516
patch_queue,29,3,291597,292229,632
embedding,29,3,292229,293481,1252
block0,29,3,293481,296622,3141
block1,29,3,296622,299138,2516
patch_queue,29,4,292230,292856,626
embedding,29,4,292856,294108,1252
block0,29,4,294108,297255,3147
block1,29,4,297255,299771,2516
patch_queue,29,5,292857,293483,626
embedding,29,5,293483,294741,1258
block0,29,5,294741,297882,3141
block1,29,5,297882,300398,2516
patch_queue,29,6,293484,294110,626
embedding,29,6,294110,295368,1258
block0,29,6,295368,298509,3141
block1,29,6,298509,301025,2516
patch_queue,29,7,294111,294743,632
embedding,29,7,294743,295995,1252
block0,29,7,295995,299136,3141
block1,29,7,299136,301652,2516
patch_queue,29,8,294744,295370,626
embedding,29,8,295370,296622,1252
block0,29,8,296622,299769,3147
block1,29,8,299769,302285,2516
patch_queue,29,9,295371,295997,626
embedding,29,9,295997,297255,1258
block0,29,9,297255,300396,3141
block1,29,9,300396,302912,2516
patch_queue,29,10,295998,296624,626
embedding,29,10,296624,297882,1258
block0,29,10,297882,301023,3141
block1,29,10,301023,303539,2516
patch_queue,29,11,296625,297257,632
embedding,29,11,297257,298509,1252
block0,29,11,298509,301650,3141
block1,29,11,301650,304166,2516
patch_queue,29,12,297258,297884,626
embedding,29,12,297884,299136,1252
block0,29,12,299136,302283,3147
block1,29,12,302283,304799,2516
patch_queue,29,13,297885,298511,626
embedding,29,13,298511,299769,1258
block0,29,13,299769,302910,3141
block1,29,13,302910,305426,2516
patch_queue,29,14,298512,299138,626
embedding,29,14,299138,300396,1258
block0,29,14,300396,303537,3141
block1,29,14,303537,306053,2516
patch_queue,29,15,299139,299771,632
embedding,29,15,299771,301023,1252
block0,29,15,301023,304164,3141
block1,29,15,304164,306680,2516
head_hidden_first_token,29,0,297257,309973,12716
head_hidden_last_token,29,15,306680,309973,3293
head_output,29,0,309973,310715,742
serializer,29,0,310715,310773,58
patch_queue,30,0,299772,300398,626
embedding,30,0,300398,301650,1252
block0,30,0,301650,304797,3147
block1,30,0,304797,307313,2516
patch_queue,30,1,300399,301025,626
embedding,30,1,301025,302283,1258
block0,30,1,302283,305424,3141
block1,30,1,305424,307940,2516
patch_queue,30,2,301026,301652,626
embedding,30,2,301652,302910,1258
block0,30,2,302910,306051,3141
block1,30,2,306051,308567,2516
patch_queue,30,3,301653,302285,632
embedding,30,3,302285,303537,1252
block0,30,3,303537,306678,3141
block1,30,3,306678,309194,2516
patch_queue,30,4,302286,302912,626
embedding,30,4,302912,304164,1252
block0,30,4,304164,307311,3147
block1,30,4,307311,309827,2516
patch_queue,30,5,302913,303539,626
embedding,30,5,303539,304797,1258
block0,30,5,304797,307938,3141
block1,30,5,307938,310454,2516
patch_queue,30,6,303540,304166,626
embedding,30,6,304166,305424,1258
block0,30,6,305424,308565,3141
block1,30,6,308565,311081,2516
patch_queue,30,7,304167,304799,632
embedding,30,7,304799,306051,1252
block0,30,7,306051,309192,3141
block1,30,7,309192,311708,2516
patch_queue,30,8,304800,305426,626
embedding,30,8,305426,306678,1252
block0,30,8,306678,309825,3147
block1,30,8,309825,312341,2516
patch_queue,30,9,305427,306053,626
embedding,30,9,306053,307311,1258
block0,30,9,307311,310452,3141
block1,30,9,310452,312968,2516
patch_queue,30,10,306054,306680,626
embedding,30,10,306680,307938,1258
block0,30,10,307938,311079,3141
block1,30,10,311079,313595,2516
patch_queue,30,11,306681,307313,632
embedding,30,11,307313,308565,1252
block0,30,11,308565,311706,3141
block1,30,11,311706,314222,2516
patch_queue,30,12,307314,307940,626
embedding,30,12,307940,309192,1252
block0,30,12,309192,312339,3147
block1,30,12,312339,314855,2516
patch_queue,30,13,307941,308567,626
embedding,30,13,308567,309825,1258
block0,30,13,309825,312966,3141
block1,30,13,312966,315482,2516
patch_queue,30,14,308568,309194,626
embedding,30,14,309194,310452,1258
block0,30,14,310452,313593,3141
block1,30,14,313593,316109,2516
patch_queue,30,15,309195,309827,632
embedding,30,15,309827,311079,1252
block0,30,15,311079,314220,3141
block1,30,15,314220,316736,2516
head_hidden_first_token,30,0,307313,320029,12716
head_hidden_last_token,30,15,316736,320029,3293
head_output,30,0,320029,320771,742
serializer,30,0,320771,320829,58
patch_queue,31,0,309828,310454,626
embedding,31,0,310454,311706,1252
block0,31,0,311706,314853,3147
block1,31,0,314853,317369,2516
patch_queue,31,1,310455,311081,626
embedding,31,1,311081,312339,1258
block0,31,1,312339,315480,3141
block1,31,1,315480,317996,2516
patch_queue,31,2,311082,311708,626
embedding,31,2,311708,312966,1258
block0,31,2,312966,316107,3141
block1,31,2,316107,318623,2516
patch_queue,31,3,311709,312341,632
embedding,31,3,312341,313593,1252
block0,31,3,313593,316734,3141
block1,31,3,316734,319250,2516
patch_queue,31,4,312342,312968,626
embedding,31,4,312968,314220,1252
block0,31,4,314220,317367,3147
block1,31,4,317367,319883,2516
patch_queue,31,5,312969,313595,626
embedding,31,5,313595,314853,1258
block0,31,5,314853,317994,3141
block1,31,5,317994,320510,2516
patch_queue,31,6,313596,314222,626
embedding,31,6,314222,315480,1258
block0,31,6,315480,318621,3141
block1,31,6,318621,321137,2516
patch_queue,31,7,314223,314855,632
embedding,31,7,314855,316107,1252
block0,31,7,316107,319248,3141
block1,31,7,319248,321764,2516
patch_queue,31,8,314856,315482,626
embedding,31,8,315482,316734,1252
block0,31,8,316734,319881,3147
block1,31,8,319881,322397,2516
patch_queue,31,9,315483,316109,626
embedding,31,9,316109,317367,1258
block0,31,9,317367,320508,3141
block1,31,9,320508,323024,2516
patch_queue,31,10,316110,316736,626
embedding,31,10,316736,317994,1258
block0,31,10,317994,321135,3141
block1,31,10,321135,323651,2516
patch_queue,31,11,316737,317369,632
embedding,31,11,317369,318621,1252
block0,31,11,318621,321762,3141
block1,31,11,321762,324278,2516
patch_queue,31,12,317370,317996,626
embedding,31,12,317996,319248,1252
block0,31,12,319248,322395,3147
block1,31,12,322395,324911,2516
patch_queue,31,13,317997,318623,626
embedding,31,13,318623,319881,1258
block0,31,13,319881,323022,3141
block1,31,13,323022,325538,2516
patch_queue,31,14,318624,319250,626
embedding,31,14,319250,320508,1258
block0,31,14,320508,323649,3141
block1,31,14,323649,326165,2516
patch_queue,31,15,319251,319883,632
embedding,31,15,319883,321135,1252
block0,31,15,321135,324276,3141
block1,31,15,324276,326792,2516
head_hidden_first_token,31,0,317369,330085,12716
head_hidden_last_token,31,15,326792,330085,3293
head_output,31,0,330085,330827,742
serializer,31,0,330827,330885,58
patch_queue,32,0,319884,320510,626
embedding,32,0,320510,321762,1252
block0,32,0,321762,324909,3147
block1,32,0,324909,327425,2516
patch_queue,32,1,320511,321137,626
embedding,32,1,321137,322395,1258
block0,32,1,322395,325536,3141
block1,32,1,325536,328052,2516
patch_queue,32,2,321138,321764,626
embedding,32,2,321764,323022,1258
block0,32,2,323022,326163,3141
block1,32,2,326163,328679,2516
patch_queue,32,3,321765,322397,632
embedding,32,3,322397,323649,1252
block0,32,3,323649,326790,3141
block1,32,3,326790,329306,2516
patch_queue,32,4,322398,323024,626
embedding,32,4,323024,324276,1252
block0,32,4,324276,327423,3147
block1,32,4,327423,329939,2516
patch_queue,32,5,323025,323651,626
embedding,32,5,323651,324909,1258
block0,32,5,324909,328050,3141
block1,32,5,328050,330566,2516
patch_queue,32,6,323652,324278,626
embedding,32,6,324278,325536,1258
block0,32,6,325536,328677,3141
block1,32,6,328677,331193,2516
patch_queue,32,7,324279,324911,632
embedding,32,7,324911,326163,1252
block0,32,7,326163,329304,3141
block1,32,7,329304,331820,2516
patch_queue,32,8,324912,325538,626
embedding,32,8,325538,326790,1252
block0,32,8,326790,329937,3147
block1,32,8,329937,332453,2516
patch_queue,32,9,325539,326165,626
embedding,32,9,326165,327423,1258
block0,32,9,327423,330564,3141
block1,32,9,330564,333080,2516
patch_queue,32,10,326166,326792,626
embedding,32,10,326792,328050,1258
block0,32,10,328050,331191,3141
block1,32,10,331191,333707,2516
patch_queue,32,11,326793,327425,632
embedding,32,11,327425,328677,1252
block0,32,11,328677,331818,3141
block1,32,11,331818,334334,2516
patch_queue,32,12,327426,328052,626
embedding,32,12,328052,329304,1252
block0,32,12,329304,332451,3147
block1,32,12,332451,334967,2516
patch_queue,32,13,328053,328679,626
embedding,32,13,328679,329937,1258
block0,32,13,329937,333078,3141
block1,32,13,333078,335594,2516
patch_queue,32,14,328680,329306,626
embedding,32,14,329306,330564,1258
block0,32,14,330564,333705,3141
block1,32,14,333705,336221,2516
patch_queue,32,15,329307,329939,632
embedding,32,15,329939,331191,1252
block0,32,15,331191,334332,3141
block1,32,15,334332,336848,2516
head_hidden_first_token,32,0,327425,340141,12716
head_hidden_last_token,32,15,336848,340141,3293
head_output,32,0,340141,340883,742
serializer,32,0,340883,340941,58
patch_queue,33,0,329940,330566,626
embedding,33,0,330566,331818,1252
block0,33,0,331818,334965,3147
block1,33,0,334965,337481,2516
patch_queue,33,1,330567,331193,626
embedding,33,1,331193,332451,1258
block0,33,1,332451,335592,3141
block1,33,1,335592,338108,2516
patch_queue,33,2,331194,331820,626
embedding,33,2,331820,333078,1258
block0,33,2,333078,336219,3141
block1,33,2,336219,338735,2516
patch_queue,33,3,331821,332453,632
embedding,33,3,332453,333705,1252
block0,33,3,333705,336846,3141
block1,33,3,336846,339362,2516
patch_queue,33,4,332454,333080,626
embedding,33,4,333080,334332,1252
block0,33,4,334332,337479,3147
block1,33,4,337479,339995,2516
patch_queue,33,5,333081,333707,626
embedding,33,5,333707,334965,1258
block0,33,5,334965,338106,3141
block1,33,5,338106,340622,2516
patch_queue,33,6,333708,334334,626
embedding,33,6,334334,335592,1258
block0,33,6,335592,338733,3141
block1,33,6,338733,341249,2516
patch_queue,33,7,334335,334967,632
embedding,33,7,334967,336219,1252
block0,33,7,336219,339360,3141
block1,33,7,339360,341876,2516
patch_queue,33,8,334968,335594,626
embedding,33,8,335594,336846,1252
block0,33,8,336846,339993,3147
block1,33,8,339993,342509,2516
patch_queue,33,9,335595,336221,626
embedding,33,9,336221,337479,1258
block0,33,9,337479,340620,3141
block1,33,9,340620,343136,2516
patch_queue,33,10,336222,336848,626
embedding,33,10,336848,338106,1258
block0,33,10,338106,341247,3141
block1,33,10,341247,343763,2516
patch_queue,33,11,336849,337481,632
embedding,33,11,337481,338733,1252
block0,33,11,338733,341874,3141
block1,33,11,341874,344390,2516
patch_queue,33,12,337482,338108,626
embedding,33,12,338108,339360,1252
block0,33,12,339360,342507,3147
block1,33,12,342507,345023,2516
patch_queue,33,13,338109,338735,626
embedding,33,13,338735,339993,1258
block0,33,13,339993,343134,3141
block1,33,13,343134,345650,2516
patch_queue,33,14,338736,339362,626
embedding,33,14,339362,340620,1258
block0,33,14,340620,343761,3141
block1,33,14,343761,346277,2516
patch_queue,33,15,339363,339995,632
embedding,33,15,339995,341247,1252
block0,33,15,341247,344388,3141
block1,33,15,344388,346904,2516
head_hidden_first_token,33,0,337481,350197,12716
head_hidden_last_token,33,15,346904,350197,3293
head_output,33,0,350197,350939,742
serializer,33,0,350939,350997,58
patch_queue,34,0,339996,340622,626
embedding,34,0,340622,341874,1252
block0,34,0,341874,345021,3147
block1,34,0,345021,347537,2516
patch_queue,34,1,340623,341249,626
embedding,34,1,341249,342507,1258
block0,34,1,342507,345648,3141
block1,34,1,345648,348164,2516
patch_queue,34,2,341250,341876,626
embedding,34,2,341876,343134,1258
block0,34,2,343134,346275,3141
block1,34,2,346275,348791,2516
patch_queue,34,3,341877,342509,632
embedding,34,3,342509,343761,1252
block0,34,3,343761,346902,3141
block1,34,3,346902,349418,2516
patch_queue,34,4,342510,343136,626
embedding,34,4,343136,344388,1252
block0,34,4,344388,347535,3147
block1,34,4,347535,350051,2516
patch_queue,34,5,343137,343763,626
embedding,34,5,343763,345021,1258
block0,34,5,345021,348162,3141
block1,34,5,348162,350678,2516
patch_queue,34,6,343764,344390,626
embedding,34,6,344390,345648,1258
block0,34,6,345648,348789,3141
block1,34,6,348789,351305,2516
patch_queue,34,7,344391,345023,632
embedding,34,7,345023,346275,1252
block0,34,7,346275,349416,3141
block1,34,7,349416,351932,2516
patch_queue,34,8,345024,345650,626
embedding,34,8,345650,346902,1252
block0,34,8,346902,350049,3147
block1,34,8,350049,352565,2516
patch_queue,34,9,345651,346277,626
embedding,34,9,346277,347535,1258
block0,34,9,347535,350676,3141
block1,34,9,350676,353192,2516
patch_queue,34,10,346278,346904,626
embedding,34,10,346904,348162,1258
block0,34,10,348162,351303,3141
block1,34,10,351303,353819,2516
patch_queue,34,11,346905,347537,632
embedding,34,11,347537,348789,1252
block0,34,11,348789,351930,3141
block1,34,11,351930,354446,2516
patch_queue,34,12,347538,348164,626
embedding,34,12,348164,349416,1252
block0,34,12,349416,352563,3147
block1,34,12,352563,355079,2516
patch_queue,34,13,348165,348791,626
embedding,34,13,348791,350049,1258
block0,34,13,350049,353190,3141
block1,34,13,353190,355706,2516
patch_queue,34,14,348792,349418,626
embedding,34,14,349418,350676,1258
block0,34,14,350676,353817,3141
block1,34,14,353817,356333,2516
patch_queue,34,15,349419,350051,632
embedding,34,15,350051,351303,1252
block0,34,15,351303,354444,3141
block1,34,15,354444,356960,2516
head_hidden_first_token,34,0,347537,360253,12716
head_hidden_last_token,34,15,356960,360253,3293
head_output,34,0,360253,360995,742
serializer,34,0,360995,361053,58
patch_queue,35,0,350052,350678,626
embedding,35,0,350678,351930,1252
block0,35,0,351930,355077,3147
block1,35,0,355077,357593,2516
patch_queue,35,1,350679,351305,626
embedding,35,1,351305,352563,1258
block0,35,1,352563,355704,3141
block1,35,1,355704,358220,2516
patch_queue,35,2,351306,351932,626
embedding,35,2,351932,353190,1258
block0,35,2,353190,356331,3141
block1,35,2,356331,358847,2516
patch_queue,35,3,351933,352565,632
embedding,35,3,352565,353817,1252
block0,35,3,353817,356958,3141
block1,35,3,356958,359474,2516
patch_queue,35,4,352566,353192,626
embedding,35,4,353192,354444,1252
block0,35,4,354444,357591,3147
block1,35,4,357591,360107,2516
patch_queue,35,5,353193,353819,626
embedding,35,5,353819,355077,1258
block0,35,5,355077,358218,3141
block1,35,5,358218,360734,2516
patch_queue,35,6,353820,354446,626
embedding,35,6,354446,355704,1258
block0,35,6,355704,358845,3141
block1,35,6,358845,361361,2516
patch_queue,35,7,354447,355079,632
embedding,35,7,355079,356331,1252
block0,35,7,356331,359472,3141
block1,35,7,359472,361988,2516
patch_queue,35,8,355080,355706,626
embedding,35,8,355706,356958,1252
block0,35,8,356958,360105,3147
block1,35,8,360105,362621,2516
patch_queue,35,9,355707,356333,626
embedding,35,9,356333,357591,1258
block0,35,9,357591,360732,3141
block1,35,9,360732,363248,2516
patch_queue,35,10,356334,356960,626
embedding,35,10,356960,358218,1258
block0,35,10,358218,361359,3141
block1,35,10,361359,363875,2516
patch_queue,35,11,356961,357593,632
embedding,35,11,357593,358845,1252
block0,35,11,358845,361986,3141
block1,35,11,361986,364502,2516
patch_queue,35,12,357594,358220,626
embedding,35,12,358220,359472,1252
block0,35,12,359472,362619,3147
block1,35,12,362619,365135,2516
patch_queue,35,13,358221,358847,626
embedding,35,13,358847,360105,1258
block0,35,13,360105,363246,3141
block1,35,13,363246,365762,2516
patch_queue,35,14,358848,359474,626
embedding,35,14,359474,360732,1258
block0,35,14,360732,363873,3141
block1,35,14,363873,366389,2516
patch_queue,35,15,359475,360107,632
embedding,35,15,360107,361359,1252
block0,35,15,361359,364500,3141
block1,35,15,364500,367016,2516
head_hidden_first_token,35,0,357593,370309,12716
head_hidden_last_token,35,15,367016,370309,3293
head_output,35,0,370309,371051,742
serializer,35,0,371051,371109,58
patch_queue,36,0,360108,360734,626
embedding,36,0,360734,361986,1252
block0,36,0,361986,365133,3147
block1,36,0,365133,367649,2516
patch_queue,36,1,360735,361361,626
embedding,36,1,361361,362619,1258
block0,36,1,362619,365760,3141
block1,36,1,365760,368276,2516
patch_queue,36,2,361362,361988,626
embedding,36,2,361988,363246,1258
block0,36,2,363246,366387,3141
block1,36,2,366387,368903,2516
patch_queue,36,3,361989,362621,632
embedding,36,3,362621,363873,1252
block0,36,3,363873,367014,3141
block1,36,3,367014,369530,2516
patch_queue,36,4,362622,363248,626
embedding,36,4,363248,364500,1252
block0,36,4,364500,367647,3147
block1,36,4,367647,370163,2516
patch_queue,36,5,363249,363875,626
embedding,36,5,363875,365133,1258
block0,36,5,365133,368274,3141
block1,36,5,368274,370790,2516
patch_queue,36,6,363876,364502,626
embedding,36,6,364502,365760,1258
block0,36,6,365760,368901,3141
block1,36,6,368901,371417,2516
patch_queue,36,7,364503,365135,632
embedding,36,7,365135,366387,1252
block0,36,7,366387,369528,3141
block1,36,7,369528,372044,2516
patch_queue,36,8,365136,365762,626
embedding,36,8,365762,367014,1252
block0,36,8,367014,370161,3147
block1,36,8,370161,372677,2516
patch_queue,36,9,365763,366389,626
embedding,36,9,366389,367647,1258
block0,36,9,367647,370788,3141
block1,36,9,370788,373304,2516
patch_queue,36,10,366390,367016,626
embedding,36,10,367016,368274,1258
block0,36,10,368274,371415,3141
block1,36,10,371415,373931,2516
patch_queue,36,11,367017,367649,632
embedding,36,11,367649,368901,1252
block0,36,11,368901,372042,3141
block1,36,11,372042,374558,2516
patch_queue,36,12,367650,368276,626
embedding,36,12,368276,369528,1252
block0,36,12,369528,372675,3147
block1,36,12,372675,375191,2516
patch_queue,36,13,368277,368903,626
embedding,36,13,368903,370161,1258
block0,36,13,370161,373302,3141
block1,36,13,373302,375818,2516
patch_queue,36,14,368904,369530,626
embedding,36,14,369530,370788,1258
block0,36,14,370788,373929,3141
block1,36,14,373929,376445,2516
patch_queue,36,15,369531,370163,632
embedding,36,15,370163,371415,1252
block0,36,15,371415,374556,3141
block1,36,15,374556,377072,2516
head_hidden_first_token,36,0,367649,380365,12716
head_hidden_last_token,36,15,377072,380365,3293
head_output,36,0,380365,381107,742
serializer,36,0,381107,381165,58
patch_queue,37,0,370164,370790,626
embedding,37,0,370790,372042,1252
block0,37,0,372042,375189,3147
block1,37,0,375189,377705,2516
patch_queue,37,1,370791,371417,626
embedding,37,1,371417,372675,1258
block0,37,1,372675,375816,3141
block1,37,1,375816,378332,2516
patch_queue,37,2,371418,372044,626
embedding,37,2,372044,373302,1258
block0,37,2,373302,376443,3141
block1,37,2,376443,378959,2516
patch_queue,37,3,372045,372677,632
embedding,37,3,372677,373929,1252
block0,37,3,373929,377070,3141
block1,37,3,377070,379586,2516
patch_queue,37,4,372678,373304,626
embedding,37,4,373304,374556,1252
block0,37,4,374556,377703,3147
block1,37,4,377703,380219,2516
patch_queue,37,5,373305,373931,626
embedding,37,5,373931,375189,1258
block0,37,5,375189,378330,3141
block1,37,5,378330,380846,2516
patch_queue,37,6,373932,374558,626
embedding,37,6,374558,375816,1258
block0,37,6,375816,378957,3141
block1,37,6,378957,381473,2516
patch_queue,37,7,374559,375191,632
embedding,37,7,375191,376443,1252
block0,37,7,376443,379584,3141
block1,37,7,379584,382100,2516
patch_queue,37,8,375192,375818,626
embedding,37,8,375818,377070,1252
block0,37,8,377070,380217,3147
block1,37,8,380217,382733,2516
patch_queue,37,9,375819,376445,626
embedding,37,9,376445,377703,1258
block0,37,9,377703,380844,3141
block1,37,9,380844,383360,2516
patch_queue,37,10,376446,377072,626
embedding,37,10,377072,378330,1258
block0,37,10,378330,381471,3141
block1,37,10,381471,383987,2516
patch_queue,37,11,377073,377705,632
embedding,37,11,377705,378957,1252
block0,37,11,378957,382098,3141
block1,37,11,382098,384614,2516
patch_queue,37,12,377706,378332,626
embedding,37,12,378332,379584,1252
block0,37,12,379584,382731,3147
block1,37,12,382731,385247,2516
patch_queue,37,13,378333,378959,626
embedding,37,13,378959,380217,1258
block0,37,13,380217,383358,3141
block1,37,13,383358,385874,2516
patch_queue,37,14,378960,379586,626
embedding,37,14,379586,380844,1258
block0,37,14,380844,383985,3141
block1,37,14,383985,386501,2516
patch_queue,37,15,379587,380219,632
embedding,37,15,380219,381471,1252
block0,37,15,381471,384612,3141
block1,37,15,384612,387128,2516
head_hidden_first_token,37,0,377705,390421,12716
head_hidden_last_token,37,15,387128,390421,3293
head_output,37,0,390421,391163,742
serializer,37,0,391163,391221,58
patch_queue,38,0,380220,380846,626
embedding,38,0,380846,382098,1252
block0,38,0,382098,385245,3147
block1,38,0,385245,387761,2516
patch_queue,38,1,380847,381473,626
embedding,38,1,381473,382731,1258
block0,38,1,382731,385872,3141
block1,38,1,385872,388388,2516
patch_queue,38,2,381474,382100,626
embedding,38,2,382100,383358,1258
block0,38,2,383358,386499,3141
block1,38,2,386499,389015,2516
patch_queue,38,3,382101,382733,632
embedding,38,3,382733,383985,1252
block0,38,3,383985,387126,3141
block1,38,3,387126,389642,2516
patch_queue,38,4,382734,383360,626
embedding,38,4,383360,384612,1252
block0,38,4,384612,387759,3147
block1,38,4,387759,390275,2516
patch_queue,38,5,383361,383987,626
embedding,38,5,383987,385245,1258
block0,38,5,385245,388386,3141
block1,38,5,388386,390902,2516
patch_queue,38,6,383988,384614,626
embedding,38,6,384614,385872,1258
block0,38,6,385872,389013,3141
block1,38,6,389013,391529,2516
patch_queue,38,7,384615,385247,632
embedding,38,7,385247,386499,1252
block0,38,7,386499,389640,3141
block1,38,7,389640,392156,2516
patch_queue,38,8,385248,385874,626
embedding,38,8,385874,387126,1252
block0,38,8,387126,390273,3147
block1,38,8,390273,392789,2516
patch_queue,38,9,385875,386501,626
embedding,38,9,386501,387759,1258
block0,38,9,387759,390900,3141
block1,38,9,390900,393416,2516
patch_queue,38,10,386502,387128,626
embedding,38,10,387128,388386,1258
block0,38,10,388386,391527,3141
block1,38,10,391527,394043,2516
patch_queue,38,11,387129,387761,632
embedding,38,11,387761,389013,1252
block0,38,11,389013,392154,3141
block1,38,11,392154,394670,2516
patch_queue,38,12,387762,388388,626
embedding,38,12,388388,389640,1252
block0,38,12,389640,392787,3147
block1,38,12,392787,395303,2516
patch_queue,38,13,388389,389015,626
embedding,38,13,389015,390273,1258
block0,38,13,390273,393414,3141
block1,38,13,393414,395930,2516
patch_queue,38,14,389016,389642,626
embedding,38,14,389642,390900,1258
block0,38,14,390900,394041,3141
block1,38,14,394041,396557,2516
patch_queue,38,15,389643,390275,632
embedding,38,15,390275,391527,1252
block0,38,15,391527,394668,3141
block1,38,15,394668,397184,2516
head_hidden_first_token,38,0,387761,400477,12716
head_hidden_last_token,38,15,397184,400477,3293
head_output,38,0,400477,401219,742
serializer,38,0,401219,401277,58
patch_queue,39,0,390276,390902,626
embedding,39,0,390902,392154,1252
block0,39,0,392154,395301,3147
block1,39,0,395301,397817,2516
patch_queue,39,1,390903,391529,626
embedding,39,1,391529,392787,1258
block0,39,1,392787,395928,3141
block1,39,1,395928,398444,2516
patch_queue,39,2,391530,392156,626
embedding,39,2,392156,393414,1258
block0,39,2,393414,396555,3141
block1,39,2,396555,399071,2516
patch_queue,39,3,392157,392789,632
embedding,39,3,392789,394041,1252
block0,39,3,394041,397182,3141
block1,39,3,397182,399698,2516
patch_queue,39,4,392790,393416,626
embedding,39,4,393416,394668,1252
block0,39,4,394668,397815,3147
block1,39,4,397815,400331,2516
patch_queue,39,5,393417,394043,626
embedding,39,5,394043,395301,1258
block0,39,5,395301,398442,3141
block1,39,5,398442,400958,2516
patch_queue,39,6,394044,394670,626
embedding,39,6,394670,395928,1258
block0,39,6,395928,399069,3141
block1,39,6,399069,401585,2516
patch_queue,39,7,394671,395303,632
embedding,39,7,395303,396555,1252
block0,39,7,396555,399696,3141
block1,39,7,399696,402212,2516
patch_queue,39,8,395304,395930,626
embedding,39,8,395930,397182,1252
block0,39,8,397182,400329,3147
block1,39,8,400329,402845,2516
patch_queue,39,9,395931,396557,626
embedding,39,9,396557,397815,1258
block0,39,9,397815,400956,3141
block1,39,9,400956,403472,2516
patch_queue,39,10,396558,397184,626
embedding,39,10,397184,398442,1258
block0,39,10,398442,401583,3141
block1,39,10,401583,404099,2516
patch_queue,39,11,397185,397817,632
embedding,39,11,397817,399069,1252
block0,39,11,399069,402210,3141
block1,39,11,402210,404726,2516
patch_queue,39,12,397818,398444,626
embedding,39,12,398444,399696,1252
block0,39,12,399696,402843,3147
block1,39,12,402843,405359,2516
patch_queue,39,13,398445,399071,626
embedding,39,13,399071,400329,1258
block0,39,13,400329,403470,3141
block1,39,13,403470,405986,2516
patch_queue,39,14,399072,399698,626
embedding,39,14,399698,400956,1258
block0,39,14,400956,404097,3141
block1,39,14,404097,406613,2516
patch_queue,39,15,399699,400331,632
embedding,39,15,400331,401583,1252
block0,39,15,401583,404724,3141
block1,39,15,404724,407240,2516
head_hidden_first_token,39,0,397817,410533,12716
head_hidden_last_token,39,15,407240,410533,3293
head_output,39,0,410533,411275,742
serializer,39,0,411275,411333,58
patch_queue,40,0,400332,400958,626
embedding,40,0,400958,402210,1252
block0,40,0,402210,405357,3147
block1,40,0,405357,407873,2516
patch_queue,40,1,400959,401585,626
embedding,40,1,401585,402843,1258
block0,40,1,402843,405984,3141
block1,40,1,405984,408500,2516
patch_queue,40,2,401586,402212,626
embedding,40,2,402212,403470,1258
block0,40,2,403470,406611,3141
block1,40,2,406611,409127,2516
patch_queue,40,3,402213,402845,632
embedding,40,3,402845,404097,1252
block0,40,3,404097,407238,3141
block1,40,3,407238,409754,2516
patch_queue,40,4,402846,403472,626
embedding,40,4,403472,404724,1252
block0,40,4,404724,407871,3147
block1,40,4,407871,410387,2516
patch_queue,40,5,403473,404099,626
embedding,40,5,404099,405357,1258
block0,40,5,405357,408498,3141
block1,40,5,408498,411014,2516
patch_queue,40,6,404100,404726,626
embedding,40,6,404726,405984,1258
block0,40,6,405984,409125,3141
block1,40,6,409125,411641,2516
patch_queue,40,7,404727,405359,632
embedding,40,7,405359,406611,1252
block0,40,7,406611,409752,3141
block1,40,7,409752,412268,2516
patch_queue,40,8,405360,405986,626
embedding,40,8,405986,407238,1252
block0,40,8,407238,410385,3147
block1,40,8,410385,412901,2516
patch_queue,40,9,405987,406613,626
embedding,40,9,406613,407871,1258
block0,40,9,407871,411012,3141
block1,40,9,411012,413528,2516
patch_queue,40,10,406614,407240,626
embedding,40,10,407240,408498,1258
block0,40,10,408498,411639,3141
block1,40,10,411639,414155,2516
patch_queue,40,11,407241,407873,632
embedding,40,11,407873,409125,1252
block0,40,11,409125,412266,3141
block1,40,11,412266,414782,2516
patch_queue,40,12,407874,408500,626
embedding,40,12,408500,409752,1252
block0,40,12,409752,412899,3147
block1,40,12,412899,415415,2516
patch_queue,40,13,408501,409127,626
embedding,40,13,409127,410385,1258
block0,40,13,410385,413526,3141
block1,40,13,413526,416042,2516
patch_queue,40,14,409128,409754,626
embedding,40,14,409754,411012,1258
block0,40,14,411012,414153,3141
block1,40,14,414153,416669,2516
patch_queue,40,15,409755,410387,632
embedding,40,15,410387,411639,1252
block0,40,15,411639,414780,3141
block1,40,15,414780,417296,2516
head_hidden_first_token,40,0,407873,420589,12716
head_hidden_last_token,40,15,417296,420589,3293
head_output,40,0,420589,421331,742
serializer,40,0,421331,421389,58
patch_queue,41,0,410388,411014,626
embedding,41,0,411014,412266,1252
block0,41,0,412266,415413,3147
block1,41,0,415413,417929,2516
patch_queue,41,1,411015,411641,626
embedding,41,1,411641,412899,1258
block0,41,1,412899,416040,3141
block1,41,1,416040,418556,2516
patch_queue,41,2,411642,412268,626
embedding,41,2,412268,413526,1258
block0,41,2,413526,416667,3141
block1,41,2,416667,419183,2516
patch_queue,41,3,412269,412901,632
embedding,41,3,412901,414153,1252
block0,41,3,414153,417294,3141
block1,41,3,417294,419810,2516
patch_queue,41,4,412902,413528,626
embedding,41,4,413528,414780,1252
block0,41,4,414780,417927,3147
block1,41,4,417927,420443,2516
patch_queue,41,5,413529,414155,626
embedding,41,5,414155,415413,1258
block0,41,5,415413,418554,3141
block1,41,5,418554,421070,2516
patch_queue,41,6,414156,414782,626
embedding,41,6,414782,416040,1258
block0,41,6,416040,419181,3141
block1,41,6,419181,421697,2516
patch_queue,41,7,414783,415415,632
embedding,41,7,415415,416667,1252
block0,41,7,416667,419808,3141
block1,41,7,419808,422324,2516
patch_queue,41,8,415416,416042,626
embedding,41,8,416042,417294,1252
block0,41,8,417294,420441,3147
block1,41,8,420441,422957,2516
patch_queue,41,9,416043,416669,626
embedding,41,9,416669,417927,1258
block0,41,9,417927,421068,3141
block1,41,9,421068,423584,2516
patch_queue,41,10,416670,417296,626
embedding,41,10,417296,418554,1258
block0,41,10,418554,421695,3141
block1,41,10,421695,424211,2516
patch_queue,41,11,417297,417929,632
embedding,41,11,417929,419181,1252
block0,41,11,419181,422322,3141
block1,41,11,422322,424838,2516
patch_queue,41,12,417930,418556,626
embedding,41,12,418556,419808,1252
block0,41,12,419808,422955,3147
block1,41,12,422955,425471,2516
patch_queue,41,13,418557,419183,626
embedding,41,13,419183,420441,1258
block0,41,13,420441,423582,3141
block1,41,13,423582,426098,2516
patch_queue,41,14,419184,419810,626
embedding,41,14,419810,421068,1258
block0,41,14,421068,424209,3141
block1,41,14,424209,426725,2516
patch_queue,41,15,419811,420443,632
embedding,41,15,420443,421695,1252
block0,41,15,421695,424836,3141
block1,41,15,424836,427352,2516
head_hidden_first_token,41,0,417929,430645,12716
head_hidden_last_token,41,15,427352,430645,3293
head_output,41,0,430645,431387,742
serializer,41,0,431387,431445,58
patch_queue,42,0,420444,421070,626
embedding,42,0,421070,422322,1252
block0,42,0,422322,425469,3147
block1,42,0,425469,427985,2516
patch_queue,42,1,421071,421697,626
embedding,42,1,421697,422955,1258
block0,42,1,422955,426096,3141
block1,42,1,426096,428612,2516
patch_queue,42,2,421698,422324,626
embedding,42,2,422324,423582,1258
block0,42,2,423582,426723,3141
block1,42,2,426723,429239,2516
patch_queue,42,3,422325,422957,632
embedding,42,3,422957,424209,1252
block0,42,3,424209,427350,3141
block1,42,3,427350,429866,2516
patch_queue,42,4,422958,423584,626
embedding,42,4,423584,424836,1252
block0,42,4,424836,427983,3147
block1,42,4,427983,430499,2516
patch_queue,42,5,423585,424211,626
embedding,42,5,424211,425469,1258
block0,42,5,425469,428610,3141
block1,42,5,428610,431126,2516
patch_queue,42,6,424212,424838,626
embedding,42,6,424838,426096,1258
block0,42,6,426096,429237,3141
block1,42,6,429237,431753,2516
patch_queue,42,7,424839,425471,632
embedding,42,7,425471,426723,1252
block0,42,7,426723,429864,3141
block1,42,7,429864,432380,2516
patch_queue,42,8,425472,426098,626
embedding,42,8,426098,427350,1252
block0,42,8,427350,430497,3147
block1,42,8,430497,433013,2516
patch_queue,42,9,426099,426725,626
embedding,42,9,426725,427983,1258
block0,42,9,427983,431124,3141
block1,42,9,431124,433640,2516
patch_queue,42,10,426726,427352,626
embedding,42,10,427352,428610,1258
block0,42,10,428610,431751,3141
block1,42,10,431751,434267,2516
patch_queue,42,11,427353,427985,632
embedding,42,11,427985,429237,1252
block0,42,11,429237,432378,3141
block1,42,11,432378,434894,2516
patch_queue,42,12,427986,428612,626
embedding,42,12,428612,429864,1252
block0,42,12,429864,433011,3147
block1,42,12,433011,435527,2516
patch_queue,42,13,428613,429239,626
embedding,42,13,429239,430497,1258
block0,42,13,430497,433638,3141
block1,42,13,433638,436154,2516
patch_queue,42,14,429240,429866,626
embedding,42,14,429866,431124,1258
block0,42,14,431124,434265,3141
block1,42,14,434265,436781,2516
patch_queue,42,15,429867,430499,632
embedding,42,15,430499,431751,1252
block0,42,15,431751,434892,3141
block1,42,15,434892,437408,2516
head_hidden_first_token,42,0,427985,440701,12716
head_hidden_last_token,42,15,437408,440701,3293
head_output,42,0,440701,441443,742
serializer,42,0,441443,441501,58
patch_queue,43,0,430500,431126,626
embedding,43,0,431126,432378,1252
block0,43,0,432378,435525,3147
block1,43,0,435525,438041,2516
patch_queue,43,1,431127,431753,626
embedding,43,1,431753,433011,1258
block0,43,1,433011,436152,3141
block1,43,1,436152,438668,2516
patch_queue,43,2,431754,432380,626
embedding,43,2,432380,433638,1258
block0,43,2,433638,436779,3141
block1,43,2,436779,439295,2516
patch_queue,43,3,432381,433013,632
embedding,43,3,433013,434265,1252
block0,43,3,434265,437406,3141
block1,43,3,437406,439922,2516
patch_queue,43,4,433014,433640,626
embedding,43,4,433640,434892,1252
block0,43,4,434892,438039,3147
block1,43,4,438039,440555,2516
patch_queue,43,5,433641,434267,626
embedding,43,5,434267,435525,1258
block0,43,5,435525,438666,3141
block1,43,5,438666,441182,2516
patch_queue,43,6,434268,434894,626
embedding,43,6,434894,436152,1258
block0,43,6,436152,439293,3141
block1,43,6,439293,441809,2516
patch_queue,43,7,434895,435527,632
embedding,43,7,435527,436779,1252
block0,43,7,436779,439920,3141
block1,43,7,439920,442436,2516
patch_queue,43,8,435528,436154,626
embedding,43,8,436154,437406,1252
block0,43,8,437406,440553,3147
block1,43,8,440553,443069,2516
patch_queue,43,9,436155,436781,626
embedding,43,9,436781,438039,1258
block0,43,9,438039,441180,3141
block1,43,9,441180,443696,2516
patch_queue,43,10,436782,437408,626
embedding,43,10,437408,438666,1258
block0,43,10,438666,441807,3141
block1,43,10,441807,444323,2516
patch_queue,43,11,437409,438041,632
embedding,43,11,438041,439293,1252
block0,43,11,439293,442434,3141
block1,43,11,442434,444950,2516
patch_queue,43,12,438042,438668,626
embedding,43,12,438668,439920,1252
block0,43,12,439920,443067,3147
block1,43,12,443067,445583,2516
patch_queue,43,13,438669,439295,626
embedding,43,13,439295,440553,1258
block0,43,13,440553,443694,3141
block1,43,13,443694,446210,2516
patch_queue,43,14,439296,439922,626
embedding,43,14,439922,441180,1258
block0,43,14,441180,444321,3141
block1,43,14,444321,446837,2516
patch_queue,43,15,439923,440555,632
embedding,43,15,440555,441807,1252
block0,43,15,441807,444948,3141
block1,43,15,444948,447464,2516
head_hidden_first_token,43,0,438041,450757,12716
head_hidden_last_token,43,15,447464,450757,3293
head_output,43,0,450757,451499,742
serializer,43,0,451499,451557,58
patch_queue,44,0,440556,441182,626
embedding,44,0,441182,442434,1252
block0,44,0,442434,445581,3147
block1,44,0,445581,448097,2516
patch_queue,44,1,441183,441809,626
embedding,44,1,441809,443067,1258
block0,44,1,443067,446208,3141
block1,44,1,446208,448724,2516
patch_queue,44,2,441810,442436,626
embedding,44,2,442436,443694,1258
block0,44,2,443694,446835,3141
block1,44,2,446835,449351,2516
patch_queue,44,3,442437,443069,632
embedding,44,3,443069,444321,1252
block0,44,3,444321,447462,3141
block1,44,3,447462,449978,2516
patch_queue,44,4,443070,443696,626
embedding,44,4,443696,444948,1252
block0,44,4,444948,448095,3147
block1,44,4,448095,450611,2516
patch_queue,44,5,443697,444323,626
embedding,44,5,444323,445581,1258
block0,44,5,445581,448722,3141
block1,44,5,448722,451238,2516
patch_queue,44,6,444324,444950,626
embedding,44,6,444950,446208,1258
block0,44,6,446208,449349,3141
block1,44,6,449349,451865,2516
patch_queue,44,7,444951,445583,632
embedding,44,7,445583,446835,1252
block0,44,7,446835,449976,3141
block1,44,7,449976,452492,2516
patch_queue,44,8,445584,446210,626
embedding,44,8,446210,447462,1252
block0,44,8,447462,450609,3147
block1,44,8,450609,453125,2516
patch_queue,44,9,446211,446837,626
embedding,44,9,446837,448095,1258
block0,44,9,448095,451236,3141
block1,44,9,451236,453752,2516
patch_queue,44,10,446838,447464,626
embedding,44,10,447464,448722,1258
block0,44,10,448722,451863,3141
block1,44,10,451863,454379,2516
patch_queue,44,11,447465,448097,632
embedding,44,11,448097,449349,1252
block0,44,11,449349,452490,3141
block1,44,11,452490,455006,2516
patch_queue,44,12,448098,448724,626
embedding,44,12,448724,449976,1252
block0,44,12,449976,453123,3147
block1,44,12,453123,455639,2516
patch_queue,44,13,448725,449351,626
embedding,44,13,449351,450609,1258
block0,44,13,450609,453750,3141
block1,44,13,453750,456266,2516
patch_queue,44,14,449352,449978,626
embedding,44,14,449978,451236,1258
block0,44,14,451236,454377,3141
block1,44,14,454377,456893,2516
patch_queue,44,15,449979,450611,632
embedding,44,15,450611,451863,1252
block0,44,15,451863,455004,3141
block1,44,15,455004,457520,2516
head_hidden_first_token,44,0,448097,460813,12716
head_hidden_last_token,44,15,457520,460813,3293
head_output,44,0,460813,461555,742
serializer,44,0,461555,461613,58
patch_queue,45,0,450612,451238,626
embedding,45,0,451238,452490,1252
block0,45,0,452490,455637,3147
block1,45,0,455637,458153,2516
patch_queue,45,1,451239,451865,626
embedding,45,1,451865,453123,1258
block0,45,1,453123,456264,3141
block1,45,1,456264,458780,2516
patch_queue,45,2,451866,452492,626
embedding,45,2,452492,453750,1258
block0,45,2,453750,456891,3141
block1,45,2,456891,459407,2516
patch_queue,45,3,452493,453125,632
embedding,45,3,453125,454377,1252
block0,45,3,454377,457518,3141
block1,45,3,457518,460034,2516
patch_queue,45,4,453126,453752,626
embedding,45,4,453752,455004,1252
block0,45,4,455004,458151,3147
block1,45,4,458151,460667,2516
patch_queue,45,5,453753,454379,626
embedding,45,5,454379,455637,1258
block0,45,5,455637,458778,3141
block1,45,5,458778,461294,2516
patch_queue,45,6,454380,455006,626
embedding,45,6,455006,456264,1258
block0,45,6,456264,459405,3141
block1,45,6,459405,461921,2516
patch_queue,45,7,455007,455639,632
embedding,45,7,455639,456891,1252
block0,45,7,456891,460032,3141
block1,45,7,460032,462548,2516
patch_queue,45,8,455640,456266,626
embedding,45,8,456266,457518,1252
block0,45,8,457518,460665,3147
block1,45,8,460665,463181,2516
patch_queue,45,9,456267,456893,626
embedding,45,9,456893,458151,1258
block0,45,9,458151,461292,3141
block1,45,9,461292,463808,2516
patch_queue,45,10,456894,457520,626
embedding,45,10,457520,458778,1258
block0,45,10,458778,461919,3141
block1,45,10,461919,464435,2516
patch_queue,45,11,457521,458153,632
embedding,45,11,458153,459405,1252
block0,45,11,459405,462546,3141
block1,45,11,462546,465062,2516
patch_queue,45,12,458154,458780,626
embedding,45,12,458780,460032,1252
block0,45,12,460032,463179,3147
block1,45,12,463179,465695,2516
patch_queue,45,13,458781,459407,626
embedding,45,13,459407,460665,1258
block0,45,13,460665,463806,3141
block1,45,13,463806,466322,2516
patch_queue,45,14,459408,460034,626
embedding,45,14,460034,461292,1258
block0,45,14,461292,464433,3141
block1,45,14,464433,466949,2516
patch_queue,45,15,460035,460667,632
embedding,45,15,460667,461919,1252
block0,45,15,461919,465060,3141
block1,45,15,465060,467576,2516
head_hidden_first_token,45,0,458153,470869,12716
head_hidden_last_token,45,15,467576,470869,3293
head_output,45,0,470869,471611,742
serializer,45,0,471611,471669,58
patch_queue,46,0,460668,461294,626
embedding,46,0,461294,462546,1252
block0,46,0,462546,465693,3147
block1,46,0,465693,468209,2516
patch_queue,46,1,461295,461921,626
embedding,46,1,461921,463179,1258
block0,46,1,463179,466320,3141
block1,46,1,466320,468836,2516
patch_queue,46,2,461922,462548,626
embedding,46,2,462548,463806,1258
block0,46,2,463806,466947,3141
block1,46,2,466947,469463,2516
patch_queue,46,3,462549,463181,632
embedding,46,3,463181,464433,1252
block0,46,3,464433,467574,3141
block1,46,3,467574,470090,2516
patch_queue,46,4,463182,463808,626
embedding,46,4,463808,465060,1252
block0,46,4,465060,468207,3147
block1,46,4,468207,470723,2516
patch_queue,46,5,463809,464435,626
embedding,46,5,464435,465693,1258
block0,46,5,465693,468834,3141
block1,46,5,468834,471350,2516
patch_queue,46,6,464436,465062,626
embedding,46,6,465062,466320,1258
block0,46,6,466320,469461,3141
block1,46,6,469461,471977,2516
patch_queue,46,7,465063,465695,632
embedding,46,7,465695,466947,1252
block0,46,7,466947,470088,3141
block1,46,7,470088,472604,2516
patch_queue,46,8,465696,466322,626
embedding,46,8,466322,467574,1252
block0,46,8,467574,470721,3147
block1,46,8,470721,473237,2516
patch_queue,46,9,466323,466949,626
embedding,46,9,466949,468207,1258
block0,46,9,468207,471348,3141
block1,46,9,471348,473864,2516
patch_queue,46,10,466950,467576,626
embedding,46,10,467576,468834,1258
block0,46,10,468834,471975,3141
block1,46,10,471975,474491,2516
patch_queue,46,11,467577,468209,632
embedding,46,11,468209,469461,1252
block0,46,11,469461,472602,3141
block1,46,11,472602,475118,2516
patch_queue,46,12,468210,468836,626
embedding,46,12,468836,470088,1252
block0,46,12,470088,473235,3147
block1,46,12,473235,475751,2516
patch_queue,46,13,468837,469463,626
embedding,46,13,469463,470721,1258
block0,46,13,470721,473862,3141
block1,46,13,473862,476378,2516
patch_queue,46,14,469464,470090,626
embedding,46,14,470090,471348,1258
block0,46,14,471348,474489,3141
block1,46,14,474489,477005,2516
patch_queue,46,15,470091,470723,632
embedding,46,15,470723,471975,1252
block0,46,15,471975,475116,3141
block1,46,15,475116,477632,2516
head_hidden_first_token,46,0,468209,480925,12716
head_hidden_last_token,46,15,477632,480925,3293
head_output,46,0,480925,481667,742
serializer,46,0,481667,481725,58
patch_queue,47,0,470724,471350,626
embedding,47,0,471350,472602,1252
block0,47,0,472602,475749,3147
block1,47,0,475749,478265,2516
patch_queue,47,1,471351,471977,626
embedding,47,1,471977,473235,1258
block0,47,1,473235,476376,3141
block1,47,1,476376,478892,2516
patch_queue,47,2,471978,472604,626
embedding,47,2,472604,473862,1258
block0,47,2,473862,477003,3141
block1,47,2,477003,479519,2516
patch_queue,47,3,472605,473237,632
embedding,47,3,473237,474489,1252
block0,47,3,474489,477630,3141
block1,47,3,477630,480146,2516
patch_queue,47,4,473238,473864,626
embedding,47,4,473864,475116,1252
block0,47,4,475116,478263,3147
block1,47,4,478263,480779,2516
patch_queue,47,5,473865,474491,626
embedding,47,5,474491,475749,1258
block0,47,5,475749,478890,3141
block1,47,5,478890,481406,2516
patch_queue,47,6,474492,475118,626
embedding,47,6,475118,476376,1258
block0,47,6,476376,479517,3141
block1,47,6,479517,482033,2516
patch_queue,47,7,475119,475751,632
embedding,47,7,475751,477003,1252
block0,47,7,477003,480144,3141
block1,47,7,480144,482660,2516
patch_queue,47,8,475752,476378,626
embedding,47,8,476378,477630,1252
block0,47,8,477630,480777,3147
block1,47,8,480777,483293,2516
patch_queue,47,9,476379,477005,626
embedding,47,9,477005,478263,1258
block0,47,9,478263,481404,3141
block1,47,9,481404,483920,2516
patch_queue,47,10,477006,477632,626
embedding,47,10,477632,478890,1258
block0,47,10,478890,482031,3141
block1,47,10,482031,484547,2516
patch_queue,47,11,477633,478265,632
embedding,47,11,478265,479517,1252
block0,47,11,479517,482658,3141
block1,47,11,482658,485174,2516
patch_queue,47,12,478266,478892,626
embedding,47,12,478892,480144,1252
block0,47,12,480144,483291,3147
block1,47,12,483291,485807,2516
patch_queue,47,13,478893,479519,626
embedding,47,13,479519,480777,1258
block0,47,13,480777,483918,3141
block1,47,13,483918,486434,2516
patch_queue,47,14,479520,480146,626
embedding,47,14,480146,481404,1258
block0,47,14,481404,484545,3141
block1,47,14,484545,487061,2516
patch_queue,47,15,480147,480779,632
embedding,47,15,480779,482031,1252
block0,47,15,482031,485172,3141
block1,47,15,485172,487688,2516
head_hidden_first_token,47,0,478265,490981,12716
head_hidden_last_token,47,15,487688,490981,3293
head_output,47,0,490981,491723,742
serializer,47,0,491723,491781,58
patch_queue,48,0,480780,481406,626
embedding,48,0,481406,482658,1252
block0,48,0,482658,485805,3147
block1,48,0,485805,488321,2516
patch_queue,48,1,481407,482033,626
embedding,48,1,482033,483291,1258
block0,48,1,483291,486432,3141
block1,48,1,486432,488948,2516
patch_queue,48,2,482034,482660,626
embedding,48,2,482660,483918,1258
block0,48,2,483918,487059,3141
block1,48,2,487059,489575,2516
patch_queue,48,3,482661,483293,632
embedding,48,3,483293,484545,1252
block0,48,3,484545,487686,3141
block1,48,3,487686,490202,2516
patch_queue,48,4,483294,483920,626
embedding,48,4,483920,485172,1252
block0,48,4,485172,488319,3147
block1,48,4,488319,490835,2516
patch_queue,48,5,483921,484547,626
embedding,48,5,484547,485805,1258
block0,48,5,485805,488946,3141
block1,48,5,488946,491462,2516
patch_queue,48,6,484548,485174,626
embedding,48,6,485174,486432,1258
block0,48,6,486432,489573,3141
block1,48,6,489573,492089,2516
patch_queue,48,7,485175,485807,632
embedding,48,7,485807,487059,1252
block0,48,7,487059,490200,3141
block1,48,7,490200,492716,2516
patch_queue,48,8,485808,486434,626
embedding,48,8,486434,487686,1252
block0,48,8,487686,490833,3147
block1,48,8,490833,493349,2516
patch_queue,48,9,486435,487061,626
embedding,48,9,487061,488319,1258
block0,48,9,488319,491460,3141
block1,48,9,491460,493976,2516
patch_queue,48,10,487062,487688,626
embedding,48,10,487688,488946,1258
block0,48,10,488946,492087,3141
block1,48,10,492087,494603,2516
patch_queue,48,11,487689,488321,632
embedding,48,11,488321,489573,1252
block0,48,11,489573,492714,3141
block1,48,11,492714,495230,2516
patch_queue,48,12,488322,488948,626
embedding,48,12,488948,490200,1252
block0,48,12,490200,493347,3147
block1,48,12,493347,495863,2516
patch_queue,48,13,488949,489575,626
embedding,48,13,489575,490833,1258
block0,48,13,490833,493974,3141
block1,48,13,493974,496490,2516
patch_queue,48,14,489576,490202,626
embedding,48,14,490202,491460,1258
block0,48,14,491460,494601,3141
block1,48,14,494601,497117,2516
patch_queue,48,15,490203,490835,632
embedding,48,15,490835,492087,1252
block0,48,15,492087,495228,3141
block1,48,15,495228,497744,2516
head_hidden_first_token,48,0,488321,501037,12716
head_hidden_last_token,48,15,497744,501037,3293
head_output,48,0,501037,501779,742
serializer,48,0,501779,501837,58
patch_queue,49,0,490836,491462,626
embedding,49,0,491462,492714,1252
block0,49,0,492714,495861,3147
block1,49,0,495861,498377,2516
patch_queue,49,1,491463,492089,626
embedding,49,1,492089,493347,1258
block0,49,1,493347,496488,3141
block1,49,1,496488,499004,2516
patch_queue,49,2,492090,492716,626
embedding,49,2,492716,493974,1258
block0,49,2,493974,497115,3141
block1,49,2,497115,499631,2516
patch_queue,49,3,492717,493349,632
embedding,49,3,493349,494601,1252
block0,49,3,494601,497742,3141
block1,49,3,497742,500258,2516
patch_queue,49,4,493350,493976,626
embedding,49,4,493976,495228,1252
block0,49,4,495228,498375,3147
block1,49,4,498375,500891,2516
patch_queue,49,5,493977,494603,626
embedding,49,5,494603,495861,1258
block0,49,5,495861,499002,3141
block1,49,5,499002,501518,2516
patch_queue,49,6,494604,495230,626
embedding,49,6,495230,496488,1258
block0,49,6,496488,499629,3141
block1,49,6,499629,502145,2516
patch_queue,49,7,495231,495863,632
embedding,49,7,495863,497115,1252
block0,49,7,497115,500256,3141
block1,49,7,500256,502772,2516
patch_queue,49,8,495864,496490,626
embedding,49,8,496490,497742,1252
block0,49,8,497742,500889,3147
block1,49,8,500889,503405,2516
patch_queue,49,9,496491,497117,626
embedding,49,9,497117,498375,1258
block0,49,9,498375,501516,3141
block1,49,9,501516,504032,2516
patch_queue,49,10,497118,497744,626
embedding,49,10,497744,499002,1258
block0,49,10,499002,502143,3141
block1,49,10,502143,504659,2516
patch_queue,49,11,497745,498377,632
embedding,49,11,498377,499629,1252
block0,49,11,499629,502770,3141
block1,49,11,502770,505286,2516
patch_queue,49,12,498378,499004,626
embedding,49,12,499004,500256,1252
block0,49,12,500256,503403,3147
block1,49,12,503403,505919,2516
patch_queue,49,13,499005,499631,626
embedding,49,13,499631,500889,1258
block0,49,13,500889,504030,3141
block1,49,13,504030,506546,2516
patch_queue,49,14,499632,500258,626
embedding,49,14,500258,501516,1258
block0,49,14,501516,504657,3141
block1,49,14,504657,507173,2516
patch_queue,49,15,500259,500891,632
embedding,49,15,500891,502143,1252
block0,49,15,502143,505284,3141
block1,49,15,505284,507800,2516
head_hidden_first_token,49,0,498377,511093,12716
head_hidden_last_token,49,15,507800,511093,3293
head_output,49,0,511093,511835,742
serializer,49,0,511835,511893,58
patch_queue,50,0,500892,501518,626
embedding,50,0,501518,502770,1252
block0,50,0,502770,505917,3147
block1,50,0,505917,508433,2516
patch_queue,50,1,501519,502145,626
embedding,50,1,502145,503403,1258
block0,50,1,503403,506544,3141
block1,50,1,506544,509060,2516
patch_queue,50,2,502146,502772,626
embedding,50,2,502772,504030,1258
block0,50,2,504030,507171,3141
block1,50,2,507171,509687,2516
patch_queue,50,3,502773,503405,632
embedding,50,3,503405,504657,1252
block0,50,3,504657,507798,3141
block1,50,3,507798,510314,2516
patch_queue,50,4,503406,504032,626
embedding,50,4,504032,505284,1252
block0,50,4,505284,508431,3147
block1,50,4,508431,510947,2516
patch_queue,50,5,504033,504659,626
embedding,50,5,504659,505917,1258
block0,50,5,505917,509058,3141
block1,50,5,509058,511574,2516
patch_queue,50,6,504660,505286,626
embedding,50,6,505286,506544,1258
block0,50,6,506544,509685,3141
block1,50,6,509685,512201,2516
patch_queue,50,7,505287,505919,632
embedding,50,7,505919,507171,1252
block0,50,7,507171,510312,3141
block1,50,7,510312,512828,2516
patch_queue,50,8,505920,506546,626
embedding,50,8,506546,507798,1252
block0,50,8,507798,510945,3147
block1,50,8,510945,513461,2516
patch_queue,50,9,506547,507173,626
embedding,50,9,507173,508431,1258
block0,50,9,508431,511572,3141
block1,50,9,511572,514088,2516
patch_queue,50,10,507174,507800,626
embedding,50,10,507800,509058,1258
block0,50,10,509058,512199,3141
block1,50,10,512199,514715,2516
patch_queue,50,11,507801,508433,632
embedding,50,11,508433,509685,1252
block0,50,11,509685,512826,3141
block1,50,11,512826,515342,2516
patch_queue,50,12,508434,509060,626
embedding,50,12,509060,510312,1252
block0,50,12,510312,513459,3147
block1,50,12,513459,515975,2516
patch_queue,50,13,509061,509687,626
embedding,50,13,509687,510945,1258
block0,50,13,510945,514086,3141
block1,50,13,514086,516602,2516
patch_queue,50,14,509688,510314,626
embedding,50,14,510314,511572,1258
block0,50,14,511572,514713,3141
block1,50,14,514713,517229,2516
patch_queue,50,15,510315,510947,632
embedding,50,15,510947,512199,1252
block0,50,15,512199,515340,3141
block1,50,15,515340,517856,2516
head_hidden_first_token,50,0,508433,521149,12716
head_hidden_last_token,50,15,517856,521149,3293
head_output,50,0,521149,521891,742
serializer,50,0,521891,521949,58
patch_queue,51,0,510948,511574,626
embedding,51,0,511574,512826,1252
block0,51,0,512826,515973,3147
block1,51,0,515973,518489,2516
patch_queue,51,1,511575,512201,626
embedding,51,1,512201,513459,1258
block0,51,1,513459,516600,3141
block1,51,1,516600,519116,2516
patch_queue,51,2,512202,512828,626
embedding,51,2,512828,514086,1258
block0,51,2,514086,517227,3141
block1,51,2,517227,519743,2516
patch_queue,51,3,512829,513461,632
embedding,51,3,513461,514713,1252
block0,51,3,514713,517854,3141
block1,51,3,517854,520370,2516
patch_queue,51,4,513462,514088,626
embedding,51,4,514088,515340,1252
block0,51,4,515340,518487,3147
block1,51,4,518487,521003,2516
patch_queue,51,5,514089,514715,626
embedding,51,5,514715,515973,1258
block0,51,5,515973,519114,3141
block1,51,5,519114,521630,2516
patch_queue,51,6,514716,515342,626
embedding,51,6,515342,516600,1258
block0,51,6,516600,519741,3141
block1,51,6,519741,522257,2516
patch_queue,51,7,515343,515975,632
embedding,51,7,515975,517227,1252
block0,51,7,517227,520368,3141
block1,51,7,520368,522884,2516
patch_queue,51,8,515976,516602,626
embedding,51,8,516602,517854,1252
block0,51,8,517854,521001,3147
block1,51,8,521001,523517,2516
patch_queue,51,9,516603,517229,626
embedding,51,9,517229,518487,1258
block0,51,9,518487,521628,3141
block1,51,9,521628,524144,2516
patch_queue,51,10,517230,517856,626
embedding,51,10,517856,519114,1258
block0,51,10,519114,522255,3141
block1,51,10,522255,524771,2516
patch_queue,51,11,517857,518489,632
embedding,51,11,518489,519741,1252
block0,51,11,519741,522882,3141
block1,51,11,522882,525398,2516
patch_queue,51,12,518490,519116,626
embedding,51,12,519116,520368,1252
block0,51,12,520368,523515,3147
block1,51,12,523515,526031,2516
patch_queue,51,13,519117,519743,626
embedding,51,13,519743,521001,1258
block0,51,13,521001,524142,3141
block1,51,13,524142,526658,2516
patch_queue,51,14,519744,520370,626
embedding,51,14,520370,521628,1258
block0,51,14,521628,524769,3141
block1,51,14,524769,527285,2516
patch_queue,51,15,520371,521003,632
embedding,51,15,521003,522255,1252
block0,51,15,522255,525396,3141
block1,51,15,525396,527912,2516
head_hidden_first_token,51,0,518489,531205,12716
head_hidden_last_token,51,15,527912,531205,3293
head_output,51,0,531205,531947,742
serializer,51,0,531947,532005,58
patch_queue,52,0,521004,521630,626
embedding,52,0,521630,522882,1252
block0,52,0,522882,526029,3147
block1,52,0,526029,528545,2516
patch_queue,52,1,521631,522257,626
embedding,52,1,522257,523515,1258
block0,52,1,523515,526656,3141
block1,52,1,526656,529172,2516
patch_queue,52,2,522258,522884,626
embedding,52,2,522884,524142,1258
block0,52,2,524142,527283,3141
block1,52,2,527283,529799,2516
patch_queue,52,3,522885,523517,632
embedding,52,3,523517,524769,1252
block0,52,3,524769,527910,3141
block1,52,3,527910,530426,2516
patch_queue,52,4,523518,524144,626
embedding,52,4,524144,525396,1252
block0,52,4,525396,528543,3147
block1,52,4,528543,531059,2516
patch_queue,52,5,524145,524771,626
embedding,52,5,524771,526029,1258
block0,52,5,526029,529170,3141
block1,52,5,529170,531686,2516
patch_queue,52,6,524772,525398,626
embedding,52,6,525398,526656,1258
block0,52,6,526656,529797,3141
block1,52,6,529797,532313,2516
patch_queue,52,7,525399,526031,632
embedding,52,7,526031,527283,1252
block0,52,7,527283,530424,3141
block1,52,7,530424,532940,2516
patch_queue,52,8,526032,526658,626
embedding,52,8,526658,527910,1252
block0,52,8,527910,531057,3147
block1,52,8,531057,533573,2516
patch_queue,52,9,526659,527285,626
embedding,52,9,527285,528543,1258
block0,52,9,528543,531684,3141
block1,52,9,531684,534200,2516
patch_queue,52,10,527286,527912,626
embedding,52,10,527912,529170,1258
block0,52,10,529170,532311,3141
block1,52,10,532311,534827,2516
patch_queue,52,11,527913,528545,632
embedding,52,11,528545,529797,1252
block0,52,11,529797,532938,3141
block1,52,11,532938,535454,2516
patch_queue,52,12,528546,529172,626
embedding,52,12,529172,530424,1252
block0,52,12,530424,533571,3147
block1,52,12,533571,536087,2516
patch_queue,52,13,529173,529799,626
embedding,52,13,529799,531057,1258
block0,52,13,531057,534198,3141
block1,52,13,534198,536714,2516
patch_queue,52,14,529800,530426,626
embedding,52,14,530426,531684,1258
block0,52,14,531684,534825,3141
block1,52,14,534825,537341,2516
patch_queue,52,15,530427,531059,632
embedding,52,15,531059,532311,1252
block0,52,15,532311,535452,3141
block1,52,15,535452,537968,2516
head_hidden_first_token,52,0,528545,541261,12716
head_hidden_last_token,52,15,537968,541261,3293
head_output,52,0,541261,542003,742
serializer,52,0,542003,542061,58
patch_queue,53,0,531060,531686,626
embedding,53,0,531686,532938,1252
block0,53,0,532938,536085,3147
block1,53,0,536085,538601,2516
patch_queue,53,1,531687,532313,626
embedding,53,1,532313,533571,1258
block0,53,1,533571,536712,3141
block1,53,1,536712,539228,2516
patch_queue,53,2,532314,532940,626
embedding,53,2,532940,534198,1258
block0,53,2,534198,537339,3141
block1,53,2,537339,539855,2516
patch_queue,53,3,532941,533573,632
embedding,53,3,533573,534825,1252
block0,53,3,534825,537966,3141
block1,53,3,537966,540482,2516
patch_queue,53,4,533574,534200,626
embedding,53,4,534200,535452,1252
block0,53,4,535452,538599,3147
block1,53,4,538599,541115,2516
patch_queue,53,5,534201,534827,626
embedding,53,5,534827,536085,1258
block0,53,5,536085,539226,3141
block1,53,5,539226,541742,2516
patch_queue,53,6,534828,535454,626
embedding,53,6,535454,536712,1258
block0,53,6,536712,539853,3141
block1,53,6,539853,542369,2516
patch_queue,53,7,535455,536087,632
embedding,53,7,536087,537339,1252
block0,53,7,537339,540480,3141
block1,53,7,540480,542996,2516
patch_queue,53,8,536088,536714,626
embedding,53,8,536714,537966,1252
block0,53,8,537966,541113,3147
block1,53,8,541113,543629,2516
patch_queue,53,9,536715,537341,626
embedding,53,9,537341,538599,1258
block0,53,9,538599,541740,3141
block1,53,9,541740,544256,2516
patch_queue,53,10,537342,537968,626
embedding,53,10,537968,539226,1258
block0,53,10,539226,542367,3141
block1,53,10,542367,544883,2516
patch_queue,53,11,537969,538601,632
embedding,53,11,538601,539853,1252
block0,53,11,539853,542994,3141
block1,53,11,542994,545510,2516
patch_queue,53,12,538602,539228,626
embedding,53,12,539228,540480,1252
block0,53,12,540480,543627,3147
block1,53,12,543627,546143,2516
patch_queue,53,13,539229,539855,626
embedding,53,13,539855,541113,1258
block0,53,13,541113,544254,3141
block1,53,13,544254,546770,2516
patch_queue,53,14,539856,540482,626
embedding,53,14,540482,541740,1258
block0,53,14,541740,544881,3141
block1,53,14,544881,547397,2516
patch_queue,53,15,540483,541115,632
embedding,53,15,541115,542367,1252
block0,53,15,542367,545508,3141
block1,53,15,545508,548024,2516
head_hidden_first_token,53,0,538601,551317,12716
head_hidden_last_token,53,15,548024,551317,3293
head_output,53,0,551317,552059,742
serializer,53,0,552059,552117,58
patch_queue,54,0,541116,541742,626
embedding,54,0,541742,542994,1252
block0,54,0,542994,546141,3147
block1,54,0,546141,548657,2516
patch_queue,54,1,541743,542369,626
embedding,54,1,542369,543627,1258
block0,54,1,543627,546768,3141
block1,54,1,546768,549284,2516
patch_queue,54,2,542370,542996,626
embedding,54,2,542996,544254,1258
block0,54,2,544254,547395,3141
block1,54,2,547395,549911,2516
patch_queue,54,3,542997,543629,632
embedding,54,3,543629,544881,1252
block0,54,3,544881,548022,3141
block1,54,3,548022,550538,2516
patch_queue,54,4,543630,544256,626
embedding,54,4,544256,545508,1252
block0,54,4,545508,548655,3147
block1,54,4,548655,551171,2516
patch_queue,54,5,544257,544883,626
embedding,54,5,544883,546141,1258
block0,54,5,546141,549282,3141
block1,54,5,549282,551798,2516
patch_queue,54,6,544884,545510,626
embedding,54,6,545510,546768,1258
block0,54,6,546768,549909,3141
block1,54,6,549909,552425,2516
patch_queue,54,7,545511,546143,632
embedding,54,7,546143,547395,1252
block0,54,7,547395,550536,3141
block1,54,7,550536,553052,2516
patch_queue,54,8,546144,546770,626
embedding,54,8,546770,548022,1252
block0,54,8,548022,551169,3147
block1,54,8,551169,553685,2516
patch_queue,54,9,546771,547397,626
embedding,54,9,547397,548655,1258
block0,54,9,548655,551796,3141
block1,54,9,551796,554312,2516
patch_queue,54,10,547398,548024,626
embedding,54,10,548024,549282,1258
block0,54,10,549282,552423,3141
block1,54,10,552423,554939,2516
patch_queue,54,11,548025,548657,632
embedding,54,11,548657,549909,1252
block0,54,11,549909,553050,3141
block1,54,11,553050,555566,2516
patch_queue,54,12,548658,549284,626
embedding,54,12,549284,550536,1252
block0,54,12,550536,553683,3147
block1,54,12,553683,556199,2516
patch_queue,54,13,549285,549911,626
embedding,54,13,549911,551169,1258
block0,54,13,551169,554310,3141
block1,54,13,554310,556826,2516
patch_queue,54,14,549912,550538,626
embedding,54,14,550538,551796,1258
block0,54,14,551796,554937,3141
block1,54,14,554937,557453,2516
patch_queue,54,15,550539,551171,632
embedding,54,15,551171,552423,1252
block0,54,15,552423,555564,3141
block1,54,15,555564,558080,2516
head_hidden_first_token,54,0,548657,561373,12716
head_hidden_last_token,54,15,558080,561373,3293
head_output,54,0,561373,562115,742
serializer,54,0,562115,562173,58
patch_queue,55,0,551172,551798,626
embedding,55,0,551798,553050,1252
block0,55,0,553050,556197,3147
block1,55,0,556197,558713,2516
patch_queue,55,1,551799,552425,626
embedding,55,1,552425,553683,1258
block0,55,1,553683,556824,3141
block1,55,1,556824,559340,2516
patch_queue,55,2,552426,553052,626
embedding,55,2,553052,554310,1258
block0,55,2,554310,557451,3141
block1,55,2,557451,559967,2516
patch_queue,55,3,553053,553685,632
embedding,55,3,553685,554937,1252
block0,55,3,554937,558078,3141
block1,55,3,558078,560594,2516
patch_queue,55,4,553686,554312,626
embedding,55,4,554312,555564,1252
block0,55,4,555564,558711,3147
block1,55,4,558711,561227,2516
patch_queue,55,5,554313,554939,626
embedding,55,5,554939,556197,1258
block0,55,5,556197,559338,3141
block1,55,5,559338,561854,2516
patch_queue,55,6,554940,555566,626
embedding,55,6,555566,556824,1258
block0,55,6,556824,559965,3141
block1,55,6,559965,562481,2516
patch_queue,55,7,555567,556199,632
embedding,55,7,556199,557451,1252
block0,55,7,557451,560592,3141
block1,55,7,560592,563108,2516
patch_queue,55,8,556200,556826,626
embedding,55,8,556826,558078,1252
block0,55,8,558078,561225,3147
block1,55,8,561225,563741,2516
patch_queue,55,9,556827,557453,626
embedding,55,9,557453,558711,1258
block0,55,9,558711,561852,3141
block1,55,9,561852,564368,2516
patch_queue,55,10,557454,558080,626
embedding,55,10,558080,559338,1258
block0,55,10,559338,562479,3141
block1,55,10,562479,564995,2516
patch_queue,55,11,558081,558713,632
embedding,55,11,558713,559965,1252
block0,55,11,559965,563106,3141
block1,55,11,563106,565622,2516
patch_queue,55,12,558714,559340,626
embedding,55,12,559340,560592,1252
block0,55,12,560592,563739,3147
block1,55,12,563739,566255,2516
patch_queue,55,13,559341,559967,626
embedding,55,13,559967,561225,1258
block0,55,13,561225,564366,3141
block1,55,13,564366,566882,2516
patch_queue,55,14,559968,560594,626
embedding,55,14,560594,561852,1258
block0,55,14,561852,564993,3141
block1,55,14,564993,567509,2516
patch_queue,55,15,560595,561227,632
embedding,55,15,561227,562479,1252
block0,55,15,562479,565620,3141
block1,55,15,565620,568136,2516
head_hidden_first_token,55,0,558713,571429,12716
head_hidden_last_token,55,15,568136,571429,3293
head_output,55,0,571429,572171,742
serializer,55,0,572171,572229,58
patch_queue,56,0,561228,561854,626
embedding,56,0,561854,563106,1252
block0,56,0,563106,566253,3147
block1,56,0,566253,568769,2516
patch_queue,56,1,561855,562481,626
embedding,56,1,562481,563739,1258
block0,56,1,563739,566880,3141
block1,56,1,566880,569396,2516
patch_queue,56,2,562482,563108,626
embedding,56,2,563108,564366,1258
block0,56,2,564366,567507,3141
block1,56,2,567507,570023,2516
patch_queue,56,3,563109,563741,632
embedding,56,3,563741,564993,1252
block0,56,3,564993,568134,3141
block1,56,3,568134,570650,2516
patch_queue,56,4,563742,564368,626
embedding,56,4,564368,565620,1252
block0,56,4,565620,568767,3147
block1,56,4,568767,571283,2516
patch_queue,56,5,564369,564995,626
embedding,56,5,564995,566253,1258
block0,56,5,566253,569394,3141
block1,56,5,569394,571910,2516
patch_queue,56,6,564996,565622,626
embedding,56,6,565622,566880,1258
block0,56,6,566880,570021,3141
block1,56,6,570021,572537,2516
patch_queue,56,7,565623,566255,632
embedding,56,7,566255,567507,1252
block0,56,7,567507,570648,3141
block1,56,7,570648,573164,2516
patch_queue,56,8,566256,566882,626
embedding,56,8,566882,568134,1252
block0,56,8,568134,571281,3147
block1,56,8,571281,573797,2516
patch_queue,56,9,566883,567509,626
embedding,56,9,567509,568767,1258
block0,56,9,568767,571908,3141
block1,56,9,571908,574424,2516
patch_queue,56,10,567510,568136,626
embedding,56,10,568136,569394,1258
block0,56,10,569394,572535,3141
block1,56,10,572535,575051,2516
patch_queue,56,11,568137,568769,632
embedding,56,11,568769,570021,1252
block0,56,11,570021,573162,3141
block1,56,11,573162,575678,2516
patch_queue,56,12,568770,569396,626
embedding,56,12,569396,570648,1252
block0,56,12,570648,573795,3147
block1,56,12,573795,576311,2516
patch_queue,56,13,569397,570023,626
embedding,56,13,570023,571281,1258
block0,56,13,571281,574422,3141
block1,56,13,574422,576938,2516
patch_queue,56,14,570024,570650,626
embedding,56,14,570650,571908,1258
block0,56,14,571908,575049,3141
block1,56,14,575049,577565,2516
patch_queue,56,15,570651,571283,632
embedding,56,15,571283,572535,1252
block0,56,15,572535,575676,3141
block1,56,15,575676,578192,2516
head_hidden_first_token,56,0,568769,581485,12716
head_hidden_last_token,56,15,578192,581485,3293
head_output,56,0,581485,582227,742
serializer,56,0,582227,582285,58
patch_queue,57,0,571284,571910,626
embedding,57,0,571910,573162,1252
block0,57,0,573162,576309,3147
block1,57,0,576309,578825,2516
patch_queue,57,1,571911,572537,626
embedding,57,1,572537,573795,1258
block0,57,1,573795,576936,3141
block1,57,1,576936,579452,2516
patch_queue,57,2,572538,573164,626
embedding,57,2,573164,574422,1258
block0,57,2,574422,577563,3141
block1,57,2,577563,580079,2516
patch_queue,57,3,573165,573797,632
embedding,57,3,573797,575049,1252
block0,57,3,575049,578190,3141
block1,57,3,578190,580706,2516
patch_queue,57,4,573798,574424,626
embedding,57,4,574424,575676,1252
block0,57,4,575676,578823,3147
block1,57,4,578823,581339,2516
patch_queue,57,5,574425,575051,626
embedding,57,5,575051,576309,1258
block0,57,5,576309,579450,3141
block1,57,5,579450,581966,2516
patch_queue,57,6,575052,575678,626
embedding,57,6,575678,576936,1258
block0,57,6,576936,580077,3141
block1,57,6,580077,582593,2516
patch_queue,57,7,575679,576311,632
embedding,57,7,576311,577563,1252
block0,57,7,577563,580704,3141
block1,57,7,580704,583220,2516
patch_queue,57,8,576312,576938,626
embedding,57,8,576938,578190,1252
block0,57,8,578190,581337,3147
block1,57,8,581337,583853,2516
patch_queue,57,9,576939,577565,626
embedding,57,9,577565,578823,1258
block0,57,9,578823,581964,3141
block1,57,9,581964,584480,2516
patch_queue,57,10,577566,578192,626
embedding,57,10,578192,579450,1258
block0,57,10,579450,582591,3141
block1,57,10,582591,585107,2516
patch_queue,57,11,578193,578825,632
embedding,57,11,578825,580077,1252
block0,57,11,580077,583218,3141
block1,57,11,583218,585734,2516
patch_queue,57,12,578826,579452,626
embedding,57,12,579452,580704,1252
block0,57,12,580704,583851,3147
block1,57,12,583851,586367,2516
patch_queue,57,13,579453,580079,626
embedding,57,13,580079,581337,1258
block0,57,13,581337,584478,3141
block1,57,13,584478,586994,2516
patch_queue,57,14,580080,580706,626
embedding,57,14,580706,581964,1258
block0,57,14,581964,585105,3141
block1,57,14,585105,587621,2516
patch_queue,57,15,580707,581339,632
embedding,57,15,581339,582591,1252
block0,57,15,582591,585732,3141
block1,57,15,585732,588248,2516
head_hidden_first_token,57,0,578825,591541,12716
head_hidden_last_token,57,15,588248,591541,3293
head_output,57,0,591541,592283,742
serializer,57,0,592283,592341,58
patch_queue,58,0,581340,581966,626
embedding,58,0,581966,583218,1252
block0,58,0,583218,586365,3147
block1,58,0,586365,588881,2516
patch_queue,58,1,581967,582593,626
embedding,58,1,582593,583851,1258
block0,58,1,583851,586992,3141
block1,58,1,586992,589508,2516
patch_queue,58,2,582594,583220,626
embedding,58,2,583220,584478,1258
block0,58,2,584478,587619,3141
block1,58,2,587619,590135,2516
patch_queue,58,3,583221,583853,632
embedding,58,3,583853,585105,1252
block0,58,3,585105,588246,3141
block1,58,3,588246,590762,2516
patch_queue,58,4,583854,584480,626
embedding,58,4,584480,585732,1252
block0,58,4,585732,588879,3147
block1,58,4,588879,591395,2516
patch_queue,58,5,584481,585107,626
embedding,58,5,585107,586365,1258
block0,58,5,586365,589506,3141
block1,58,5,589506,592022,2516
patch_queue,58,6,585108,585734,626
embedding,58,6,585734,586992,1258
block0,58,6,586992,590133,3141
block1,58,6,590133,592649,2516
patch_queue,58,7,585735,586367,632
embedding,58,7,586367,587619,1252
block0,58,7,587619,590760,3141
block1,58,7,590760,593276,2516
patch_queue,58,8,586368,586994,626
embedding,58,8,586994,588246,1252
block0,58,8,588246,591393,3147
block1,58,8,591393,593909,2516
patch_queue,58,9,586995,587621,626
embedding,58,9,587621,588879,1258
block0,58,9,588879,592020,3141
block1,58,9,592020,594536,2516
patch_queue,58,10,587622,588248,626
embedding,58,10,588248,589506,1258
block0,58,10,589506,592647,3141
block1,58,10,592647,595163,2516
patch_queue,58,11,588249,588881,632
embedding,58,11,588881,590133,1252
block0,58,11,590133,593274,3141
block1,58,11,593274,595790,2516
patch_queue,58,12,588882,589508,626
embedding,58,12,589508,590760,1252
block0,58,12,590760,593907,3147
block1,58,12,593907,596423,2516
patch_queue,58,13,589509,590135,626
embedding,58,13,590135,591393,1258
block0,58,13,591393,594534,3141
block1,58,13,594534,597050,2516
patch_queue,58,14,590136,590762,626
embedding,58,14,590762,592020,1258
block0,58,14,592020,595161,3141
block1,58,14,595161,597677,2516
patch_queue,58,15,590763,591395,632
embedding,58,15,591395,592647,1252
block0,58,15,592647,595788,3141
block1,58,15,595788,598304,2516
head_hidden_first_token,58,0,588881,601597,12716
head_hidden_last_token,58,15,598304,601597,3293
head_output,58,0,601597,602339,742
serializer,58,0,602339,602397,58
patch_queue,59,0,591396,592022,626
embedding,59,0,592022,593274,1252
block0,59,0,593274,596421,3147
block1,59,0,596421,598937,2516
patch_queue,59,1,592023,592649,626
embedding,59,1,592649,593907,1258
block0,59,1,593907,597048,3141
block1,59,1,597048,599564,2516
patch_queue,59,2,592650,593276,626
embedding,59,2,593276,594534,1258
block0,59,2,594534,597675,3141
block1,59,2,597675,600191,2516
patch_queue,59,3,593277,593909,632
embedding,59,3,593909,595161,1252
block0,59,3,595161,598302,3141
block1,59,3,598302,600818,2516
patch_queue,59,4,593910,594536,626
embedding,59,4,594536,595788,1252
block0,59,4,595788,598935,3147
block1,59,4,598935,601451,2516
patch_queue,59,5,594537,595163,626
embedding,59,5,595163,596421,1258
block0,59,5,596421,599562,3141
block1,59,5,599562,602078,2516
patch_queue,59,6,595164,595790,626
embedding,59,6,595790,597048,1258
block0,59,6,597048,600189,3141
block1,59,6,600189,602705,2516
patch_queue,59,7,595791,596423,632
embedding,59,7,596423,597675,1252
block0,59,7,597675,600816,3141
block1,59,7,600816,603332,2516
patch_queue,59,8,596424,597050,626
embedding,59,8,597050,598302,1252
block0,59,8,598302,601449,3147
block1,59,8,601449,603965,2516
patch_queue,59,9,597051,597677,626
embedding,59,9,597677,598935,1258
block0,59,9,598935,602076,3141
block1,59,9,602076,604592,2516
patch_queue,59,10,597678,598304,626
embedding,59,10,598304,599562,1258
block0,59,10,599562,602703,3141
block1,59,10,602703,605219,2516
patch_queue,59,11,598305,598937,632
embedding,59,11,598937,600189,1252
block0,59,11,600189,603330,3141
block1,59,11,603330,605846,2516
patch_queue,59,12,598938,599564,626
embedding,59,12,599564,600816,1252
block0,59,12,600816,603963,3147
block1,59,12,603963,606479,2516
patch_queue,59,13,599565,600191,626
embedding,59,13,600191,601449,1258
block0,59,13,601449,604590,3141
block1,59,13,604590,607106,2516
patch_queue,59,14,600192,600818,626
embedding,59,14,600818,602076,1258
block0,59,14,602076,605217,3141
block1,59,14,605217,607733,2516
patch_queue,59,15,600819,601451,632
embedding,59,15,601451,602703,1252
block0,59,15,602703,605844,3141
block1,59,15,605844,608360,2516
head_hidden_first_token,59,0,598937,611653,12716
head_hidden_last_token,59,15,608360,611653,3293
head_output,59,0,611653,612395,742
serializer,59,0,612395,612453,58
patch_queue,60,0,601452,602078,626
embedding,60,0,602078,603330,1252
block0,60,0,603330,606477,3147
block1,60,0,606477,608993,2516
patch_queue,60,1,602079,602705,626
embedding,60,1,602705,603963,1258
block0,60,1,603963,607104,3141
block1,60,1,607104,609620,2516
patch_queue,60,2,602706,603332,626
embedding,60,2,603332,604590,1258
block0,60,2,604590,607731,3141
block1,60,2,607731,610247,2516
patch_queue,60,3,603333,603965,632
embedding,60,3,603965,605217,1252
block0,60,3,605217,608358,3141
block1,60,3,608358,610874,2516
patch_queue,60,4,603966,604592,626
embedding,60,4,604592,605844,1252
block0,60,4,605844,608991,3147
block1,60,4,608991,611507,2516
patch_queue,60,5,604593,605219,626
embedding,60,5,605219,606477,1258
block0,60,5,606477,609618,3141
block1,60,5,609618,612134,2516
patch_queue,60,6,605220,605846,626
embedding,60,6,605846,607104,1258
block0,60,6,607104,610245,3141
block1,60,6,610245,612761,2516
patch_queue,60,7,605847,606479,632
embedding,60,7,606479,607731,1252
block0,60,7,607731,610872,3141
block1,60,7,610872,613388,2516
patch_queue,60,8,606480,607106,626
embedding,60,8,607106,608358,1252
block0,60,8,608358,611505,3147
block1,60,8,611505,614021,2516
patch_queue,60,9,607107,607733,626
embedding,60,9,607733,608991,1258
block0,60,9,608991,612132,3141
block1,60,9,612132,614648,2516
patch_queue,60,10,607734,608360,626
embedding,60,10,608360,609618,1258
block0,60,10,609618,612759,3141
block1,60,10,612759,615275,2516
patch_queue,60,11,608361,608993,632
embedding,60,11,608993,610245,1252
block0,60,11,610245,613386,3141
block1,60,11,613386,615902,2516
patch_queue,60,12,608994,609620,626
embedding,60,12,609620,610872,1252
block0,60,12,610872,614019,3147
block1,60,12,614019,616535,2516
patch_queue,60,13,609621,610247,626
embedding,60,13,610247,611505,1258
block0,60,13,611505,614646,3141
block1,60,13,614646,617162,2516
patch_queue,60,14,610248,610874,626
embedding,60,14,610874,612132,1258
block0,60,14,612132,615273,3141
block1,60,14,615273,617789,2516
patch_queue,60,15,610875,611507,632
embedding,60,15,611507,612759,1252
block0,60,15,612759,615900,3141
block1,60,15,615900,618416,2516
head_hidden_first_token,60,0,608993,621709,12716
head_hidden_last_token,60,15,618416,621709,3293
head_output,60,0,621709,622451,742
serializer,60,0,622451,622509,58
patch_queue,61,0,611508,612134,626
embedding,61,0,612134,613386,1252
block0,61,0,613386,616533,3147
block1,61,0,616533,619049,2516
patch_queue,61,1,612135,612761,626
embedding,61,1,612761,614019,1258
block0,61,1,614019,617160,3141
block1,61,1,617160,619676,2516
patch_queue,61,2,612762,613388,626
embedding,61,2,613388,614646,1258
block0,61,2,614646,617787,3141
block1,61,2,617787,620303,2516
patch_queue,61,3,613389,614021,632
embedding,61,3,614021,615273,1252
block0,61,3,615273,618414,3141
block1,61,3,618414,620930,2516
patch_queue,61,4,614022,614648,626
embedding,61,4,614648,615900,1252
block0,61,4,615900,619047,3147
block1,61,4,619047,621563,2516
patch_queue,61,5,614649,615275,626
embedding,61,5,615275,616533,1258
block0,61,5,616533,619674,3141
block1,61,5,619674,622190,2516
patch_queue,61,6,615276,615902,626
embedding,61,6,615902,617160,1258
block0,61,6,617160,620301,3141
block1,61,6,620301,622817,2516
patch_queue,61,7,615903,616535,632
embedding,61,7,616535,617787,1252
block0,61,7,617787,620928,3141
block1,61,7,620928,623444,2516
patch_queue,61,8,616536,617162,626
embedding,61,8,617162,618414,1252
block0,61,8,618414,621561,3147
block1,61,8,621561,624077,2516
patch_queue,61,9,617163,617789,626
embedding,61,9,617789,619047,1258
block0,61,9,619047,622188,3141
block1,61,9,622188,624704,2516
patch_queue,61,10,617790,618416,626
embedding,61,10,618416,619674,1258
block0,61,10,619674,622815,3141
block1,61,10,622815,625331,2516
patch_queue,61,11,618417,619049,632
embedding,61,11,619049,620301,1252
block0,61,11,620301,623442,3141
block1,61,11,623442,625958,2516
patch_queue,61,12,619050,619676,626
embedding,61,12,619676,620928,1252
block0,61,12,620928,624075,3147
block1,61,12,624075,626591,2516
patch_queue,61,13,619677,620303,626
embedding,61,13,620303,621561,1258
block0,61,13,621561,624702,3141
block1,61,13,624702,627218,2516
patch_queue,61,14,620304,620930,626
embedding,61,14,620930,622188,1258
block0,61,14,622188,625329,3141
block1,61,14,625329,627845,2516
patch_queue,61,15,620931,621563,632
embedding,61,15,621563,622815,1252
block0,61,15,622815,625956,3141
block1,61,15,625956,628472,2516
head_hidden_first_token,61,0,619049,631765,12716
head_hidden_last_token,61,15,628472,631765,3293
head_output,61,0,631765,632507,742
serializer,61,0,632507,632565,58
patch_queue,62,0,621564,622190,626
embedding,62,0,622190,623442,1252
block0,62,0,623442,626589,3147
block1,62,0,626589,629105,2516
patch_queue,62,1,622191,622817,626
embedding,62,1,622817,624075,1258
block0,62,1,624075,627216,3141
block1,62,1,627216,629732,2516
patch_queue,62,2,622818,623444,626
embedding,62,2,623444,624702,1258
block0,62,2,624702,627843,3141
block1,62,2,627843,630359,2516
patch_queue,62,3,623445,624077,632
embedding,62,3,624077,625329,1252
block0,62,3,625329,628470,3141
block1,62,3,628470,630986,2516
patch_queue,62,4,624078,624704,626
embedding,62,4,624704,625956,1252
block0,62,4,625956,629103,3147
block1,62,4,629103,631619,2516
patch_queue,62,5,624705,625331,626
embedding,62,5,625331,626589,1258
block0,62,5,626589,629730,3141
block1,62,5,629730,632246,2516
patch_queue,62,6,625332,625958,626
embedding,62,6,625958,627216,1258
block0,62,6,627216,630357,3141
block1,62,6,630357,632873,2516
patch_queue,62,7,625959,626591,632
embedding,62,7,626591,627843,1252
block0,62,7,627843,630984,3141
block1,62,7,630984,633500,2516
patch_queue,62,8,626592,627218,626
embedding,62,8,627218,628470,1252
block0,62,8,628470,631617,3147
block1,62,8,631617,634133,2516
patch_queue,62,9,627219,627845,626
embedding,62,9,627845,629103,1258
block0,62,9,629103,632244,3141
block1,62,9,632244,634760,2516
patch_queue,62,10,627846,628472,626
embedding,62,10,628472,629730,1258
block0,62,10,629730,632871,3141
block1,62,10,632871,635387,2516
patch_queue,62,11,628473,629105,632
embedding,62,11,629105,630357,1252
block0,62,11,630357,633498,3141
block1,62,11,633498,636014,2516
patch_queue,62,12,629106,629732,626
embedding,62,12,629732,630984,1252
block0,62,12,630984,634131,3147
block1,62,12,634131,636647,2516
patch_queue,62,13,629733,630359,626
embedding,62,13,630359,631617,1258
block0,62,13,631617,634758,3141
block1,62,13,634758,637274,2516
patch_queue,62,14,630360,630986,626
embedding,62,14,630986,632244,1258
block0,62,14,632244,635385,3141
block1,62,14,635385,637901,2516
patch_queue,62,15,630987,631619,632
embedding,62,15,631619,632871,1252
block0,62,15,632871,636012,3141
block1,62,15,636012,638528,2516
head_hidden_first_token,62,0,629105,641821,12716
head_hidden_last_token,62,15,638528,641821,3293
head_output,62,0,641821,642563,742
serializer,62,0,642563,642621,58
patch_queue,63,0,631620,632246,626
embedding,63,0,632246,633498,1252
block0,63,0,633498,636645,3147
block1,63,0,636645,639161,2516
patch_queue,63,1,632247,632873,626
embedding,63,1,632873,634131,1258
block0,63,1,634131,637272,3141
block1,63,1,637272,639788,2516
patch_queue,63,2,632874,633500,626
embedding,63,2,633500,634758,1258
block0,63,2,634758,637899,3141
block1,63,2,637899,640415,2516
patch_queue,63,3,633501,634133,632
embedding,63,3,634133,635385,1252
block0,63,3,635385,638526,3141
block1,63,3,638526,641042,2516
patch_queue,63,4,634134,634760,626
embedding,63,4,634760,636012,1252
block0,63,4,636012,639159,3147
block1,63,4,639159,641675,2516
patch_queue,63,5,634761,635387,626
embedding,63,5,635387,636645,1258
block0,63,5,636645,639786,3141
block1,63,5,639786,642302,2516
patch_queue,63,6,635388,636014,626
embedding,63,6,636014,637272,1258
block0,63,6,637272,640413,3141
block1,63,6,640413,642929,2516
patch_queue,63,7,636015,636647,632
embedding,63,7,636647,637899,1252
block0,63,7,637899,641040,3141
block1,63,7,641040,643556,2516
patch_queue,63,8,636648,637274,626
embedding,63,8,637274,638526,1252
block0,63,8,638526,641673,3147
block1,63,8,641673,644189,2516
patch_queue,63,9,637275,637901,626
embedding,63,9,637901,639159,1258
block0,63,9,639159,642300,3141
block1,63,9,642300,644816,2516
patch_queue,63,10,637902,638528,626
embedding,63,10,638528,639786,1258
block0,63,10,639786,642927,3141
block1,63,10,642927,645443,2516
patch_queue,63,11,638529,639161,632
embedding,63,11,639161,640413,1252
block0,63,11,640413,643554,3141
block1,63,11,643554,646070,2516
patch_queue,63,12,639162,639788,626
embedding,63,12,639788,641040,1252
block0,63,12,641040,644187,3147
block1,63,12,644187,646703,2516
patch_queue,63,13,639789,640415,626
embedding,63,13,640415,641673,1258
block0,63,13,641673,644814,3141
block1,63,13,644814,647330,2516
patch_queue,63,14,640416,641042,626
embedding,63,14,641042,642300,1258
block0,63,14,642300,645441,3141
block1,63,14,645441,647957,2516
patch_queue,63,15,641043,641675,632
embedding,63,15,641675,642927,1252
block0,63,15,642927,646068,3141
block1,63,15,646068,648584,2516
head_hidden_first_token,63,0,639161,651877,12716
head_hidden_last_token,63,15,648584,651877,3293
head_output,63,0,651877,652619,742
serializer,63,0,652619,652677,58
