SWAY_PERF_BEGIN,64,14
SWAY_PERF_INPUT_FRAME,0,2,321
SWAY_PROFILE,patch_ready,0,0,348
SWAY_PROFILE,embedding_in,0,0,349
SWAY_PROFILE,patch_ready,0,1,371
SWAY_PROFILE,embedding_in,0,1,601
SWAY_PROFILE,block0_in,0,0,601
SWAY_PROFILE,patch_ready,0,2,602
SWAY_PERF_INPUT_FRAME,1,322,641
SWAY_PROFILE,embedding_in,0,2,853
SWAY_PROFILE,block0_in,0,1,853
SWAY_PROFILE,patch_ready,0,3,854
SWAY_PROFILE,embedding_in,0,3,1105
SWAY_PROFILE,block0_in,0,2,1105
SWAY_PROFILE,patch_ready,0,4,1106
SWAY_PROFILE,embedding_in,0,4,1357
SWAY_PROFILE,patch_ready,0,5,1358
SWAY_PROFILE,block0_in,0,3,1413
SWAY_PROFILE,embedding_in,0,5,1609
SWAY_PROFILE,patch_ready,0,6,1610
SWAY_PROFILE,block0_in,0,4,1818
SWAY_PROFILE,embedding_in,0,6,1861
SWAY_PROFILE,patch_ready,0,7,1862
SWAY_PROFILE,block0_in,0,5,3117
SWAY_PROFILE,block1_in,0,0,3117
SWAY_PROFILE,embedding_in,0,7,3119
SWAY_PROFILE,patch_ready,0,8,3120
SWAY_PROFILE,block0_in,0,6,3744
SWAY_PROFILE,block1_in,0,1,3744
SWAY_PROFILE,embedding_in,0,8,3746
SWAY_PROFILE,patch_ready,0,9,3747
SWAY_PROFILE,block0_in,0,7,4371
SWAY_PROFILE,block1_in,0,2,4371
SWAY_PROFILE,embedding_in,0,9,4373
SWAY_PROFILE,patch_ready,0,10,4374
SWAY_PROFILE,block0_in,0,8,4998
SWAY_PROFILE,block1_in,0,3,4998
SWAY_PROFILE,embedding_in,0,10,5000
SWAY_PROFILE,patch_ready,0,11,5001
SWAY_PROFILE,block0_in,0,9,5631
SWAY_PROFILE,block1_in,0,4,5631
SWAY_PROFILE,embedding_in,0,11,5633
SWAY_PROFILE,head_in,0,0,5633
SWAY_PROFILE,patch_ready,0,12,5634
SWAY_PROFILE,block0_in,0,10,6258
SWAY_PROFILE,block1_in,0,5,6258
SWAY_PROFILE,embedding_in,0,12,6260
SWAY_PROFILE,head_in,0,1,6260
SWAY_PROFILE,patch_ready,0,13,6261
SWAY_PROFILE,block0_in,0,11,6885
SWAY_PROFILE,block1_in,0,6,6885
SWAY_PROFILE,embedding_in,0,13,6887
SWAY_PROFILE,head_in,0,2,6887
SWAY_PROFILE,patch_ready,0,14,6888
SWAY_PROFILE,block0_in,0,12,7512
SWAY_PROFILE,block1_in,0,7,7512
SWAY_PROFILE,embedding_in,0,14,7514
SWAY_PROFILE,head_in,0,3,7514
SWAY_PROFILE,patch_ready,0,15,7515
SWAY_PERF_INPUT_FRAME,2,642,7805
SWAY_PROFILE,block0_in,0,13,8145
SWAY_PROFILE,block1_in,0,8,8145
SWAY_PROFILE,embedding_in,0,15,8147
SWAY_PROFILE,head_in,0,4,8147
SWAY_PROFILE,patch_ready,1,0,8148
SWAY_PROFILE,block0_in,0,14,8772
SWAY_PROFILE,block1_in,0,9,8772
SWAY_PROFILE,embedding_in,1,0,8774
SWAY_PROFILE,head_in,0,5,8774
SWAY_PROFILE,patch_ready,1,1,8775
SWAY_PROFILE,block0_in,0,15,9399
SWAY_PROFILE,block1_in,0,10,9399
SWAY_PROFILE,embedding_in,1,1,9401
SWAY_PROFILE,head_in,0,6,9401
SWAY_PROFILE,patch_ready,1,2,9402
SWAY_PROFILE,block0_in,1,0,10026
SWAY_PROFILE,block1_in,0,11,10026
SWAY_PROFILE,embedding_in,1,2,10028
SWAY_PROFILE,head_in,0,7,10028
SWAY_PROFILE,patch_ready,1,3,10029
SWAY_PROFILE,block0_in,1,1,10659
SWAY_PROFILE,block1_in,0,12,10659
SWAY_PROFILE,embedding_in,1,3,10661
SWAY_PROFILE,head_in,0,8,10661
SWAY_PROFILE,patch_ready,1,4,10662
SWAY_PROFILE,block0_in,1,2,11286
SWAY_PROFILE,block1_in,0,13,11286
SWAY_PROFILE,embedding_in,1,4,11288
SWAY_PROFILE,head_in,0,9,11288
SWAY_PROFILE,patch_ready,1,5,11289
SWAY_PROFILE,block0_in,1,3,11913
SWAY_PROFILE,block1_in,0,14,11913
SWAY_PROFILE,embedding_in,1,5,11915
SWAY_PROFILE,head_in,0,10,11915
SWAY_PROFILE,patch_ready,1,6,11916
SWAY_PROFILE,block0_in,1,4,12540
SWAY_PROFILE,block1_in,0,15,12540
SWAY_PROFILE,embedding_in,1,6,12542
SWAY_PROFILE,head_in,0,11,12542
SWAY_PROFILE,patch_ready,1,7,12543
SWAY_PROFILE,block0_in,1,5,13173
SWAY_PROFILE,block1_in,1,0,13173
SWAY_PROFILE,embedding_in,1,7,13175
SWAY_PROFILE,head_in,0,12,13175
SWAY_PROFILE,patch_ready,1,8,13176
SWAY_PROFILE,block0_in,1,6,13800
SWAY_PROFILE,block1_in,1,1,13800
SWAY_PROFILE,embedding_in,1,8,13802
SWAY_PROFILE,head_in,0,13,13802
SWAY_PROFILE,patch_ready,1,9,13803
SWAY_PROFILE,block0_in,1,7,14427
SWAY_PROFILE,block1_in,1,2,14427
SWAY_PROFILE,embedding_in,1,9,14429
SWAY_PROFILE,head_in,0,14,14429
SWAY_PROFILE,patch_ready,1,10,14430
SWAY_PROFILE,block0_in,1,8,15054
SWAY_PROFILE,block1_in,1,3,15054
SWAY_PROFILE,embedding_in,1,10,15056
SWAY_PROFILE,head_in,0,15,15056
SWAY_PROFILE,patch_ready,1,11,15057
SWAY_PROFILE,block0_in,1,9,15687
SWAY_PROFILE,block1_in,1,4,15687
SWAY_PROFILE,embedding_in,1,11,15689
SWAY_PROFILE,head_in,1,0,15689
SWAY_PROFILE,patch_ready,1,12,15690
SWAY_PROFILE,block0_in,1,10,16314
SWAY_PROFILE,block1_in,1,5,16314
SWAY_PROFILE,embedding_in,1,12,16316
SWAY_PROFILE,head_in,1,1,16316
SWAY_PROFILE,patch_ready,1,13,16317
SWAY_PROFILE,block0_in,1,11,16941
SWAY_PROFILE,block1_in,1,6,16941
SWAY_PROFILE,embedding_in,1,13,16943
SWAY_PROFILE,head_in,1,2,16943
SWAY_PROFILE,patch_ready,1,14,16944
SWAY_PROFILE,block0_in,1,12,17568
SWAY_PROFILE,block1_in,1,7,17568
SWAY_PROFILE,embedding_in,1,14,17570
SWAY_PROFILE,head_in,1,3,17570
SWAY_PROFILE,patch_ready,1,15,17571
SWAY_PERF_INPUT_FRAME,3,7806,17861
SWAY_PROFILE,block0_in,1,13,18201
SWAY_PROFILE,block1_in,1,8,18201
SWAY_PROFILE,embedding_in,1,15,18203
SWAY_PROFILE,head_in,1,4,18203
SWAY_PROFILE,patch_ready,2,0,18204
SWAY_PROFILE,head_output_in,0,0,18349
SWAY_PROFILE,block0_in,1,14,18828
SWAY_PROFILE,block1_in,1,9,18828
SWAY_PROFILE,embedding_in,2,0,18830
SWAY_PROFILE,head_in,1,5,18830
SWAY_PROFILE,patch_ready,2,1,18831
SWAY_PROFILE,serialize_in,0,0,19091
SWAY_PERF_OUTPUT,0,7,19093
SWAY_PERF_OUTPUT,1,7,19094
SWAY_PERF_OUTPUT,2,6,19095
SWAY_PERF_OUTPUT,3,6,19096
SWAY_PERF_OUTPUT,4,12,19097
SWAY_PERF_OUTPUT,5,16,19098
SWAY_PERF_OUTPUT,6,19,19099
SWAY_PERF_OUTPUT,7,1,19100
SWAY_PERF_OUTPUT,8,-2,19101
SWAY_PERF_OUTPUT,9,-3,19102
SWAY_PERF_OUTPUT,10,9,19103
SWAY_PERF_OUTPUT,11,10,19104
SWAY_PERF_OUTPUT,12,11,19105
SWAY_PERF_OUTPUT,13,11,19106
SWAY_PERF_OUTPUT,14,4,19107
SWAY_PERF_OUTPUT,15,2,19108
SWAY_PERF_OUTPUT,16,0,19109
SWAY_PERF_OUTPUT,17,0,19110
SWAY_PERF_OUTPUT,18,7,19111
SWAY_PERF_OUTPUT,19,63,19112
SWAY_PERF_OUTPUT,20,63,19113
SWAY_PERF_OUTPUT,21,63,19114
SWAY_PERF_OUTPUT,22,62,19115
SWAY_PERF_OUTPUT,23,62,19116
SWAY_PERF_OUTPUT,24,63,19117
SWAY_PERF_OUTPUT,25,61,19118
SWAY_PERF_OUTPUT,26,62,19119
SWAY_PERF_OUTPUT,27,63,19120
SWAY_PERF_OUTPUT,28,61,19121
SWAY_PERF_OUTPUT,29,62,19122
SWAY_PERF_OUTPUT,30,62,19123
SWAY_PERF_OUTPUT,31,63,19124
SWAY_PERF_OUTPUT,32,61,19125
SWAY_PERF_OUTPUT,33,62,19126
SWAY_PERF_OUTPUT,34,62,19127
SWAY_PERF_OUTPUT,35,63,19128
SWAY_PERF_OUTPUT,36,60,19129
SWAY_PERF_OUTPUT,37,63,19130
SWAY_PERF_OUTPUT,38,-7,19131
SWAY_PERF_OUTPUT,39,2,19132
SWAY_PERF_OUTPUT,40,13,19133
SWAY_PERF_OUTPUT,41,17,19134
SWAY_PERF_OUTPUT,42,9,19135
SWAY_PERF_OUTPUT,43,5,19136
SWAY_PERF_OUTPUT,44,2,19137
SWAY_PERF_OUTPUT,45,9,19138
SWAY_PERF_OUTPUT,46,2,19139
SWAY_PERF_OUTPUT,47,-4,19140
SWAY_PERF_OUTPUT,48,-7,19141
SWAY_PERF_OUTPUT,49,-17,19142
SWAY_PERF_OUTPUT,50,-28,19143
SWAY_PERF_OUTPUT,51,-29,19144
SWAY_PERF_OUTPUT,52,-7,19145
SWAY_PERF_OUTPUT,53,-16,19146
SWAY_PERF_OUTPUT,54,-27,19147
SWAY_PERF_OUTPUT,55,-29,19148
SWAY_PERF_OUTPUT,56,10,19149
SWAY_PERF_FRAME,0,19093,19149
SWAY_PROFILE,block0_in,1,15,19455
SWAY_PROFILE,block1_in,1,10,19455
SWAY_PROFILE,embedding_in,2,1,19457
SWAY_PROFILE,head_in,1,6,19457
SWAY_PROFILE,patch_ready,2,2,19458
SWAY_PROFILE,block0_in,2,0,20082
SWAY_PROFILE,block1_in,1,11,20082
SWAY_PROFILE,embedding_in,2,2,20084
SWAY_PROFILE,head_in,1,7,20084
SWAY_PROFILE,patch_ready,2,3,20085
SWAY_PROFILE,block0_in,2,1,20715
SWAY_PROFILE,block1_in,1,12,20715
SWAY_PROFILE,embedding_in,2,3,20717
SWAY_PROFILE,head_in,1,8,20717
SWAY_PROFILE,patch_ready,2,4,20718
SWAY_PROFILE,block0_in,2,2,21342
SWAY_PROFILE,block1_in,1,13,21342
SWAY_PROFILE,embedding_in,2,4,21344
SWAY_PROFILE,head_in,1,9,21344
SWAY_PROFILE,patch_ready,2,5,21345
SWAY_PROFILE,block0_in,2,3,21969
SWAY_PROFILE,block1_in,1,14,21969
SWAY_PROFILE,embedding_in,2,5,21971
SWAY_PROFILE,head_in,1,10,21971
SWAY_PROFILE,patch_ready,2,6,21972
SWAY_PROFILE,block0_in,2,4,22596
SWAY_PROFILE,block1_in,1,15,22596
SWAY_PROFILE,embedding_in,2,6,22598
SWAY_PROFILE,head_in,1,11,22598
SWAY_PROFILE,patch_ready,2,7,22599
SWAY_PROFILE,block0_in,2,5,23229
SWAY_PROFILE,block1_in,2,0,23229
SWAY_PROFILE,embedding_in,2,7,23231
SWAY_PROFILE,head_in,1,12,23231
SWAY_PROFILE,patch_ready,2,8,23232
SWAY_PROFILE,block0_in,2,6,23856
SWAY_PROFILE,block1_in,2,1,23856
SWAY_PROFILE,embedding_in,2,8,23858
SWAY_PROFILE,head_in,1,13,23858
SWAY_PROFILE,patch_ready,2,9,23859
SWAY_PROFILE,block0_in,2,7,24483
SWAY_PROFILE,block1_in,2,2,24483
SWAY_PROFILE,embedding_in,2,9,24485
SWAY_PROFILE,head_in,1,14,24485
SWAY_PROFILE,patch_ready,2,10,24486
SWAY_PROFILE,block0_in,2,8,25110
SWAY_PROFILE,block1_in,2,3,25110
SWAY_PROFILE,embedding_in,2,10,25112
SWAY_PROFILE,head_in,1,15,25112
SWAY_PROFILE,patch_ready,2,11,25113
SWAY_PROFILE,block0_in,2,9,25743
SWAY_PROFILE,block1_in,2,4,25743
SWAY_PROFILE,embedding_in,2,11,25745
SWAY_PROFILE,head_in,2,0,25745
SWAY_PROFILE,patch_ready,2,12,25746
SWAY_PROFILE,block0_in,2,10,26370
SWAY_PROFILE,block1_in,2,5,26370
SWAY_PROFILE,embedding_in,2,12,26372
SWAY_PROFILE,head_in,2,1,26372
SWAY_PROFILE,patch_ready,2,13,26373
SWAY_PROFILE,block0_in,2,11,26997
SWAY_PROFILE,block1_in,2,6,26997
SWAY_PROFILE,embedding_in,2,13,26999
SWAY_PROFILE,head_in,2,2,26999
SWAY_PROFILE,patch_ready,2,14,27000
SWAY_PROFILE,block0_in,2,12,27624
SWAY_PROFILE,block1_in,2,7,27624
SWAY_PROFILE,embedding_in,2,14,27626
SWAY_PROFILE,head_in,2,3,27626
SWAY_PROFILE,patch_ready,2,15,27627
SWAY_PERF_INPUT_FRAME,4,17862,27917
SWAY_PROFILE,block0_in,2,13,28257
SWAY_PROFILE,block1_in,2,8,28257
SWAY_PROFILE,embedding_in,2,15,28259
SWAY_PROFILE,head_in,2,4,28259
SWAY_PROFILE,patch_ready,3,0,28260
SWAY_PROFILE,head_output_in,1,0,28405
SWAY_PROFILE,block0_in,2,14,28884
SWAY_PROFILE,block1_in,2,9,28884
SWAY_PROFILE,embedding_in,3,0,28886
SWAY_PROFILE,head_in,2,5,28886
SWAY_PROFILE,patch_ready,3,1,28887
SWAY_PROFILE,serialize_in,1,0,29147
SWAY_PERF_OUTPUT,57,7,29149
SWAY_PERF_OUTPUT,58,8,29150
SWAY_PERF_OUTPUT,59,8,29151
SWAY_PERF_OUTPUT,60,8,29152
SWAY_PERF_OUTPUT,61,13,29153
SWAY_PERF_OUTPUT,62,17,29154
SWAY_PERF_OUTPUT,63,20,29155
SWAY_PERF_OUTPUT,64,2,29156
SWAY_PERF_OUTPUT,65,-2,29157
SWAY_PERF_OUTPUT,66,-5,29158
SWAY_PERF_OUTPUT,67,10,29159
SWAY_PERF_OUTPUT,68,11,29160
SWAY_PERF_OUTPUT,69,10,29161
SWAY_PERF_OUTPUT,70,11,29162
SWAY_PERF_OUTPUT,71,5,29163
SWAY_PERF_OUTPUT,72,3,29164
SWAY_PERF_OUTPUT,73,0,29165
SWAY_PERF_OUTPUT,74,0,29166
SWAY_PERF_OUTPUT,75,8,29167
SWAY_PERF_OUTPUT,76,62,29168
SWAY_PERF_OUTPUT,77,62,29169
SWAY_PERF_OUTPUT,78,62,29170
SWAY_PERF_OUTPUT,79,62,29171
SWAY_PERF_OUTPUT,80,62,29172
SWAY_PERF_OUTPUT,81,62,29173
SWAY_PERF_OUTPUT,82,60,29174
SWAY_PERF_OUTPUT,83,61,29175
SWAY_PERF_OUTPUT,84,61,29176
SWAY_PERF_OUTPUT,85,60,29177
SWAY_PERF_OUTPUT,86,61,29178
SWAY_PERF_OUTPUT,87,60,29179
SWAY_PERF_OUTPUT,88,62,29180
SWAY_PERF_OUTPUT,89,59,29181
SWAY_PERF_OUTPUT,90,61,29182
SWAY_PERF_OUTPUT,91,61,29183
SWAY_PERF_OUTPUT,92,64,29184
SWAY_PERF_OUTPUT,93,60,29185
SWAY_PERF_OUTPUT,94,62,29186
SWAY_PERF_OUTPUT,95,-6,29187
SWAY_PERF_OUTPUT,96,4,29188
SWAY_PERF_OUTPUT,97,14,29189
SWAY_PERF_OUTPUT,98,18,29190
SWAY_PERF_OUTPUT,99,10,29191
SWAY_PERF_OUTPUT,100,6,29192
SWAY_PERF_OUTPUT,101,-1,29193
SWAY_PERF_OUTPUT,102,10,29194
SWAY_PERF_OUTPUT,103,4,29195
SWAY_PERF_OUTPUT,104,-1,29196
SWAY_PERF_OUTPUT,105,-5,29197
SWAY_PERF_OUTPUT,106,-16,29198
SWAY_PERF_OUTPUT,107,-26,29199
SWAY_PERF_OUTPUT,108,-29,29200
SWAY_PERF_OUTPUT,109,-6,29201
SWAY_PERF_OUTPUT,110,-15,29202
SWAY_PERF_OUTPUT,111,-26,29203
SWAY_PERF_OUTPUT,112,-28,29204
SWAY_PERF_OUTPUT,113,11,29205
SWAY_PERF_FRAME,1,29149,29205
SWAY_PROFILE,block0_in,2,15,29511
SWAY_PROFILE,block1_in,2,10,29511
SWAY_PROFILE,embedding_in,3,1,29513
SWAY_PROFILE,head_in,2,6,29513
SWAY_PROFILE,patch_ready,3,2,29514
SWAY_PROFILE,block0_in,3,0,30138
SWAY_PROFILE,block1_in,2,11,30138
SWAY_PROFILE,embedding_in,3,2,30140
SWAY_PROFILE,head_in,2,7,30140
SWAY_PROFILE,patch_ready,3,3,30141
SWAY_PROFILE,block0_in,3,1,30771
SWAY_PROFILE,block1_in,2,12,30771
SWAY_PROFILE,embedding_in,3,3,30773
SWAY_PROFILE,head_in,2,8,30773
SWAY_PROFILE,patch_ready,3,4,30774
SWAY_PROFILE,block0_in,3,2,31398
SWAY_PROFILE,block1_in,2,13,31398
SWAY_PROFILE,embedding_in,3,4,31400
SWAY_PROFILE,head_in,2,9,31400
SWAY_PROFILE,patch_ready,3,5,31401
SWAY_PROFILE,block0_in,3,3,32025
SWAY_PROFILE,block1_in,2,14,32025
SWAY_PROFILE,embedding_in,3,5,32027
SWAY_PROFILE,head_in,2,10,32027
SWAY_PROFILE,patch_ready,3,6,32028
SWAY_PROFILE,block0_in,3,4,32652
SWAY_PROFILE,block1_in,2,15,32652
SWAY_PROFILE,embedding_in,3,6,32654
SWAY_PROFILE,head_in,2,11,32654
SWAY_PROFILE,patch_ready,3,7,32655
SWAY_PROFILE,block0_in,3,5,33285
SWAY_PROFILE,block1_in,3,0,33285
SWAY_PROFILE,embedding_in,3,7,33287
SWAY_PROFILE,head_in,2,12,33287
SWAY_PROFILE,patch_ready,3,8,33288
SWAY_PROFILE,block0_in,3,6,33912
SWAY_PROFILE,block1_in,3,1,33912
SWAY_PROFILE,embedding_in,3,8,33914
SWAY_PROFILE,head_in,2,13,33914
SWAY_PROFILE,patch_ready,3,9,33915
SWAY_PROFILE,block0_in,3,7,34539
SWAY_PROFILE,block1_in,3,2,34539
SWAY_PROFILE,embedding_in,3,9,34541
SWAY_PROFILE,head_in,2,14,34541
SWAY_PROFILE,patch_ready,3,10,34542
SWAY_PROFILE,block0_in,3,8,35166
SWAY_PROFILE,block1_in,3,3,35166
SWAY_PROFILE,embedding_in,3,10,35168
SWAY_PROFILE,head_in,2,15,35168
SWAY_PROFILE,patch_ready,3,11,35169
SWAY_PROFILE,block0_in,3,9,35799
SWAY_PROFILE,block1_in,3,4,35799
SWAY_PROFILE,embedding_in,3,11,35801
SWAY_PROFILE,head_in,3,0,35801
SWAY_PROFILE,patch_ready,3,12,35802
SWAY_PROFILE,block0_in,3,10,36426
SWAY_PROFILE,block1_in,3,5,36426
SWAY_PROFILE,embedding_in,3,12,36428
SWAY_PROFILE,head_in,3,1,36428
SWAY_PROFILE,patch_ready,3,13,36429
SWAY_PROFILE,block0_in,3,11,37053
SWAY_PROFILE,block1_in,3,6,37053
SWAY_PROFILE,embedding_in,3,13,37055
SWAY_PROFILE,head_in,3,2,37055
SWAY_PROFILE,patch_ready,3,14,37056
SWAY_PROFILE,block0_in,3,12,37680
SWAY_PROFILE,block1_in,3,7,37680
SWAY_PROFILE,embedding_in,3,14,37682
SWAY_PROFILE,head_in,3,3,37682
SWAY_PROFILE,patch_ready,3,15,37683
SWAY_PERF_INPUT_FRAME,5,27918,37973
SWAY_PROFILE,block0_in,3,13,38313
SWAY_PROFILE,block1_in,3,8,38313
SWAY_PROFILE,embedding_in,3,15,38315
SWAY_PROFILE,head_in,3,4,38315
SWAY_PROFILE,patch_ready,4,0,38316
SWAY_PROFILE,head_output_in,2,0,38461
SWAY_PROFILE,block0_in,3,14,38940
SWAY_PROFILE,block1_in,3,9,38940
SWAY_PROFILE,embedding_in,4,0,38942
SWAY_PROFILE,head_in,3,5,38942
SWAY_PROFILE,patch_ready,4,1,38943
SWAY_PROFILE,serialize_in,2,0,39203
SWAY_PERF_OUTPUT,114,8,39205
SWAY_PERF_OUTPUT,115,9,39206
SWAY_PERF_OUTPUT,116,8,39207
SWAY_PERF_OUTPUT,117,9,39208
SWAY_PERF_OUTPUT,118,13,39209
SWAY_PERF_OUTPUT,119,16,39210
SWAY_PERF_OUTPUT,120,15,39211
SWAY_PERF_OUTPUT,121,4,39212
SWAY_PERF_OUTPUT,122,1,39213
SWAY_PERF_OUTPUT,123,0,39214
SWAY_PERF_OUTPUT,124,10,39215
SWAY_PERF_OUTPUT,125,10,39216
SWAY_PERF_OUTPUT,126,8,39217
SWAY_PERF_OUTPUT,127,8,39218
SWAY_PERF_OUTPUT,128,6,39219
SWAY_PERF_OUTPUT,129,4,39220
SWAY_PERF_OUTPUT,130,2,39221
SWAY_PERF_OUTPUT,131,1,39222
SWAY_PERF_OUTPUT,132,9,39223
SWAY_PERF_OUTPUT,133,63,39224
SWAY_PERF_OUTPUT,134,63,39225
SWAY_PERF_OUTPUT,135,63,39226
SWAY_PERF_OUTPUT,136,63,39227
SWAY_PERF_OUTPUT,137,62,39228
SWAY_PERF_OUTPUT,138,62,39229
SWAY_PERF_OUTPUT,139,60,39230
SWAY_PERF_OUTPUT,140,62,39231
SWAY_PERF_OUTPUT,141,64,39232
SWAY_PERF_OUTPUT,142,62,39233
SWAY_PERF_OUTPUT,143,62,39234
SWAY_PERF_OUTPUT,144,62,39235
SWAY_PERF_OUTPUT,145,63,39236
SWAY_PERF_OUTPUT,146,62,39237
SWAY_PERF_OUTPUT,147,62,39238
SWAY_PERF_OUTPUT,148,62,39239
SWAY_PERF_OUTPUT,149,63,39240
SWAY_PERF_OUTPUT,150,59,39241
SWAY_PERF_OUTPUT,151,63,39242
SWAY_PERF_OUTPUT,152,-8,39243
SWAY_PERF_OUTPUT,153,2,39244
SWAY_PERF_OUTPUT,154,13,39245
SWAY_PERF_OUTPUT,155,17,39246
SWAY_PERF_OUTPUT,156,9,39247
SWAY_PERF_OUTPUT,157,2,39248
SWAY_PERF_OUTPUT,158,-4,39249
SWAY_PERF_OUTPUT,159,8,39250
SWAY_PERF_OUTPUT,160,2,39251
SWAY_PERF_OUTPUT,161,-4,39252
SWAY_PERF_OUTPUT,162,-7,39253
SWAY_PERF_OUTPUT,163,-17,39254
SWAY_PERF_OUTPUT,164,-28,39255
SWAY_PERF_OUTPUT,165,-30,39256
SWAY_PERF_OUTPUT,166,-7,39257
SWAY_PERF_OUTPUT,167,-16,39258
SWAY_PERF_OUTPUT,168,-26,39259
SWAY_PERF_OUTPUT,169,-29,39260
SWAY_PERF_OUTPUT,170,10,39261
SWAY_PERF_FRAME,2,39205,39261
SWAY_PROFILE,block0_in,3,15,39567
SWAY_PROFILE,block1_in,3,10,39567
SWAY_PROFILE,embedding_in,4,1,39569
SWAY_PROFILE,head_in,3,6,39569
SWAY_PROFILE,patch_ready,4,2,39570
SWAY_PROFILE,block0_in,4,0,40194
SWAY_PROFILE,block1_in,3,11,40194
SWAY_PROFILE,embedding_in,4,2,40196
SWAY_PROFILE,head_in,3,7,40196
SWAY_PROFILE,patch_ready,4,3,40197
SWAY_PROFILE,block0_in,4,1,40827
SWAY_PROFILE,block1_in,3,12,40827
SWAY_PROFILE,embedding_in,4,3,40829
SWAY_PROFILE,head_in,3,8,40829
SWAY_PROFILE,patch_ready,4,4,40830
SWAY_PROFILE,block0_in,4,2,41454
SWAY_PROFILE,block1_in,3,13,41454
SWAY_PROFILE,embedding_in,4,4,41456
SWAY_PROFILE,head_in,3,9,41456
SWAY_PROFILE,patch_ready,4,5,41457
SWAY_PROFILE,block0_in,4,3,42081
SWAY_PROFILE,block1_in,3,14,42081
SWAY_PROFILE,embedding_in,4,5,42083
SWAY_PROFILE,head_in,3,10,42083
SWAY_PROFILE,patch_ready,4,6,42084
SWAY_PROFILE,block0_in,4,4,42708
SWAY_PROFILE,block1_in,3,15,42708
SWAY_PROFILE,embedding_in,4,6,42710
SWAY_PROFILE,head_in,3,11,42710
SWAY_PROFILE,patch_ready,4,7,42711
SWAY_PROFILE,block0_in,4,5,43341
SWAY_PROFILE,block1_in,4,0,43341
SWAY_PROFILE,embedding_in,4,7,43343
SWAY_PROFILE,head_in,3,12,43343
SWAY_PROFILE,patch_ready,4,8,43344
SWAY_PROFILE,block0_in,4,6,43968
SWAY_PROFILE,block1_in,4,1,43968
SWAY_PROFILE,embedding_in,4,8,43970
SWAY_PROFILE,head_in,3,13,43970
SWAY_PROFILE,patch_ready,4,9,43971
SWAY_PROFILE,block0_in,4,7,44595
SWAY_PROFILE,block1_in,4,2,44595
SWAY_PROFILE,embedding_in,4,9,44597
SWAY_PROFILE,head_in,3,14,44597
SWAY_PROFILE,patch_ready,4,10,44598
SWAY_PROFILE,block0_in,4,8,45222
SWAY_PROFILE,block1_in,4,3,45222
SWAY_PROFILE,embedding_in,4,10,45224
SWAY_PROFILE,head_in,3,15,45224
SWAY_PROFILE,patch_ready,4,11,45225
SWAY_PROFILE,block0_in,4,9,45855
SWAY_PROFILE,block1_in,4,4,45855
SWAY_PROFILE,embedding_in,4,11,45857
SWAY_PROFILE,head_in,4,0,45857
SWAY_PROFILE,patch_ready,4,12,45858
SWAY_PROFILE,block0_in,4,10,46482
SWAY_PROFILE,block1_in,4,5,46482
SWAY_PROFILE,embedding_in,4,12,46484
SWAY_PROFILE,head_in,4,1,46484
SWAY_PROFILE,patch_ready,4,13,46485
SWAY_PROFILE,block0_in,4,11,47109
SWAY_PROFILE,block1_in,4,6,47109
SWAY_PROFILE,embedding_in,4,13,47111
SWAY_PROFILE,head_in,4,2,47111
SWAY_PROFILE,patch_ready,4,14,47112
SWAY_PROFILE,block0_in,4,12,47736
SWAY_PROFILE,block1_in,4,7,47736
SWAY_PROFILE,embedding_in,4,14,47738
SWAY_PROFILE,head_in,4,3,47738
SWAY_PROFILE,patch_ready,4,15,47739
SWAY_PERF_INPUT_FRAME,6,37974,48029
SWAY_PROFILE,block0_in,4,13,48369
SWAY_PROFILE,block1_in,4,8,48369
SWAY_PROFILE,embedding_in,4,15,48371
SWAY_PROFILE,head_in,4,4,48371
SWAY_PROFILE,patch_ready,5,0,48372
SWAY_PROFILE,head_output_in,3,0,48517
SWAY_PROFILE,block0_in,4,14,48996
SWAY_PROFILE,block1_in,4,9,48996
SWAY_PROFILE,embedding_in,5,0,48998
SWAY_PROFILE,head_in,4,5,48998
SWAY_PROFILE,patch_ready,5,1,48999
SWAY_PROFILE,serialize_in,3,0,49259
SWAY_PERF_OUTPUT,171,7,49261
SWAY_PERF_OUTPUT,172,7,49262
SWAY_PERF_OUTPUT,173,6,49263
SWAY_PERF_OUTPUT,174,7,49264
SWAY_PERF_OUTPUT,175,13,49265
SWAY_PERF_OUTPUT,176,17,49266
SWAY_PERF_OUTPUT,177,20,49267
SWAY_PERF_OUTPUT,178,1,49268
SWAY_PERF_OUTPUT,179,-3,49269
SWAY_PERF_OUTPUT,180,-4,49270
SWAY_PERF_OUTPUT,181,10,49271
SWAY_PERF_OUTPUT,182,11,49272
SWAY_PERF_OUTPUT,183,13,49273
SWAY_PERF_OUTPUT,184,13,49274
SWAY_PERF_OUTPUT,185,5,49275
SWAY_PERF_OUTPUT,186,4,49276
SWAY_PERF_OUTPUT,187,2,49277
SWAY_PERF_OUTPUT,188,2,49278
SWAY_PERF_OUTPUT,189,7,49279
SWAY_PERF_OUTPUT,190,62,49280
SWAY_PERF_OUTPUT,191,62,49281
SWAY_PERF_OUTPUT,192,62,49282
SWAY_PERF_OUTPUT,193,61,49283
SWAY_PERF_OUTPUT,194,63,49284
SWAY_PERF_OUTPUT,195,65,49285
SWAY_PERF_OUTPUT,196,62,49286
SWAY_PERF_OUTPUT,197,60,49287
SWAY_PERF_OUTPUT,198,59,49288
SWAY_PERF_OUTPUT,199,57,49289
SWAY_PERF_OUTPUT,200,60,49290
SWAY_PERF_OUTPUT,201,60,49291
SWAY_PERF_OUTPUT,202,59,49292
SWAY_PERF_OUTPUT,203,56,49293
SWAY_PERF_OUTPUT,204,60,49294
SWAY_PERF_OUTPUT,205,63,49295
SWAY_PERF_OUTPUT,206,65,49296
SWAY_PERF_OUTPUT,207,62,49297
SWAY_PERF_OUTPUT,208,62,49298
SWAY_PERF_OUTPUT,209,-3,49299
SWAY_PERF_OUTPUT,210,7,49300
SWAY_PERF_OUTPUT,211,17,49301
SWAY_PERF_OUTPUT,212,22,49302
SWAY_PERF_OUTPUT,213,14,49303
SWAY_PERF_OUTPUT,214,10,49304
SWAY_PERF_OUTPUT,215,8,49305
SWAY_PERF_OUTPUT,216,14,49306
SWAY_PERF_OUTPUT,217,8,49307
SWAY_PERF_OUTPUT,218,4,49308
SWAY_PERF_OUTPUT,219,-2,49309
SWAY_PERF_OUTPUT,220,-15,49310
SWAY_PERF_OUTPUT,221,-26,49311
SWAY_PERF_OUTPUT,222,-28,49312
SWAY_PERF_OUTPUT,223,-3,49313
SWAY_PERF_OUTPUT,224,-15,49314
SWAY_PERF_OUTPUT,225,-26,49315
SWAY_PERF_OUTPUT,226,-28,49316
SWAY_PERF_OUTPUT,227,15,49317
SWAY_PERF_FRAME,3,49261,49317
SWAY_PROFILE,block0_in,4,15,49623
SWAY_PROFILE,block1_in,4,10,49623
SWAY_PROFILE,embedding_in,5,1,49625
SWAY_PROFILE,head_in,4,6,49625
SWAY_PROFILE,patch_ready,5,2,49626
SWAY_PROFILE,block0_in,5,0,50250
SWAY_PROFILE,block1_in,4,11,50250
SWAY_PROFILE,embedding_in,5,2,50252
SWAY_PROFILE,head_in,4,7,50252
SWAY_PROFILE,patch_ready,5,3,50253
SWAY_PROFILE,block0_in,5,1,50883
SWAY_PROFILE,block1_in,4,12,50883
SWAY_PROFILE,embedding_in,5,3,50885
SWAY_PROFILE,head_in,4,8,50885
SWAY_PROFILE,patch_ready,5,4,50886
SWAY_PROFILE,block0_in,5,2,51510
SWAY_PROFILE,block1_in,4,13,51510
SWAY_PROFILE,embedding_in,5,4,51512
SWAY_PROFILE,head_in,4,9,51512
SWAY_PROFILE,patch_ready,5,5,51513
SWAY_PROFILE,block0_in,5,3,52137
SWAY_PROFILE,block1_in,4,14,52137
SWAY_PROFILE,embedding_in,5,5,52139
SWAY_PROFILE,head_in,4,10,52139
SWAY_PROFILE,patch_ready,5,6,52140
SWAY_PROFILE,block0_in,5,4,52764
SWAY_PROFILE,block1_in,4,15,52764
SWAY_PROFILE,embedding_in,5,6,52766
SWAY_PROFILE,head_in,4,11,52766
SWAY_PROFILE,patch_ready,5,7,52767
SWAY_PROFILE,block0_in,5,5,53397
SWAY_PROFILE,block1_in,5,0,53397
SWAY_PROFILE,embedding_in,5,7,53399
SWAY_PROFILE,head_in,4,12,53399
SWAY_PROFILE,patch_ready,5,8,53400
SWAY_PROFILE,block0_in,5,6,54024
SWAY_PROFILE,block1_in,5,1,54024
SWAY_PROFILE,embedding_in,5,8,54026
SWAY_PROFILE,head_in,4,13,54026
SWAY_PROFILE,patch_ready,5,9,54027
SWAY_PROFILE,block0_in,5,7,54651
SWAY_PROFILE,block1_in,5,2,54651
SWAY_PROFILE,embedding_in,5,9,54653
SWAY_PROFILE,head_in,4,14,54653
SWAY_PROFILE,patch_ready,5,10,54654
SWAY_PROFILE,block0_in,5,8,55278
SWAY_PROFILE,block1_in,5,3,55278
SWAY_PROFILE,embedding_in,5,10,55280
SWAY_PROFILE,head_in,4,15,55280
SWAY_PROFILE,patch_ready,5,11,55281
SWAY_PROFILE,block0_in,5,9,55911
SWAY_PROFILE,block1_in,5,4,55911
SWAY_PROFILE,embedding_in,5,11,55913
SWAY_PROFILE,head_in,5,0,55913
SWAY_PROFILE,patch_ready,5,12,55914
SWAY_PROFILE,block0_in,5,10,56538
SWAY_PROFILE,block1_in,5,5,56538
SWAY_PROFILE,embedding_in,5,12,56540
SWAY_PROFILE,head_in,5,1,56540
SWAY_PROFILE,patch_ready,5,13,56541
SWAY_PROFILE,block0_in,5,11,57165
SWAY_PROFILE,block1_in,5,6,57165
SWAY_PROFILE,embedding_in,5,13,57167
SWAY_PROFILE,head_in,5,2,57167
SWAY_PROFILE,patch_ready,5,14,57168
SWAY_PROFILE,block0_in,5,12,57792
SWAY_PROFILE,block1_in,5,7,57792
SWAY_PROFILE,embedding_in,5,14,57794
SWAY_PROFILE,head_in,5,3,57794
SWAY_PROFILE,patch_ready,5,15,57795
SWAY_PERF_INPUT_FRAME,7,48030,58085
SWAY_PROFILE,block0_in,5,13,58425
SWAY_PROFILE,block1_in,5,8,58425
SWAY_PROFILE,embedding_in,5,15,58427
SWAY_PROFILE,head_in,5,4,58427
SWAY_PROFILE,patch_ready,6,0,58428
SWAY_PROFILE,head_output_in,4,0,58573
SWAY_PROFILE,block0_in,5,14,59052
SWAY_PROFILE,block1_in,5,9,59052
SWAY_PROFILE,embedding_in,6,0,59054
SWAY_PROFILE,head_in,5,5,59054
SWAY_PROFILE,patch_ready,6,1,59055
SWAY_PROFILE,serialize_in,4,0,59315
SWAY_PERF_OUTPUT,228,8,59317
SWAY_PERF_OUTPUT,229,9,59318
SWAY_PERF_OUTPUT,230,9,59319
SWAY_PERF_OUTPUT,231,9,59320
SWAY_PERF_OUTPUT,232,14,59321
SWAY_PERF_OUTPUT,233,20,59322
SWAY_PERF_OUTPUT,234,23,59323
SWAY_PERF_OUTPUT,235,3,59324
SWAY_PERF_OUTPUT,236,-4,59325
SWAY_PERF_OUTPUT,237,-9,59326
SWAY_PERF_OUTPUT,238,11,59327
SWAY_PERF_OUTPUT,239,13,59328
SWAY_PERF_OUTPUT,240,13,59329
SWAY_PERF_OUTPUT,241,14,59330
SWAY_PERF_OUTPUT,242,6,59331
SWAY_PERF_OUTPUT,243,0,59332
SWAY_PERF_OUTPUT,244,-5,59333
SWAY_PERF_OUTPUT,245,-5,59334
SWAY_PERF_OUTPUT,246,9,59335
SWAY_PERF_OUTPUT,247,62,59336
SWAY_PERF_OUTPUT,248,61,59337
SWAY_PERF_OUTPUT,249,60,59338
SWAY_PERF_OUTPUT,250,59,59339
SWAY_PERF_OUTPUT,251,59,59340
SWAY_PERF_OUTPUT,252,59,59341
SWAY_PERF_OUTPUT,253,58,59342
SWAY_PERF_OUTPUT,254,60,59343
SWAY_PERF_OUTPUT,255,60,59344
SWAY_PERF_OUTPUT,256,59,59345
SWAY_PERF_OUTPUT,257,60,59346
SWAY_PERF_OUTPUT,258,58,59347
SWAY_PERF_OUTPUT,259,61,59348
SWAY_PERF_OUTPUT,260,59,59349
SWAY_PERF_OUTPUT,261,61,59350
SWAY_PERF_OUTPUT,262,59,59351
SWAY_PERF_OUTPUT,263,61,59352
SWAY_PERF_OUTPUT,264,58,59353
SWAY_PERF_OUTPUT,265,60,59354
SWAY_PERF_OUTPUT,266,-8,59355
SWAY_PERF_OUTPUT,267,2,59356
SWAY_PERF_OUTPUT,268,11,59357
SWAY_PERF_OUTPUT,269,15,59358
SWAY_PERF_OUTPUT,270,8,59359
SWAY_PERF_OUTPUT,271,6,59360
SWAY_PERF_OUTPUT,272,5,59361
SWAY_PERF_OUTPUT,273,8,59362
SWAY_PERF_OUTPUT,274,6,59363
SWAY_PERF_OUTPUT,275,8,59364
SWAY_PERF_OUTPUT,276,-7,59365
SWAY_PERF_OUTPUT,277,-16,59366
SWAY_PERF_OUTPUT,278,-27,59367
SWAY_PERF_OUTPUT,279,-29,59368
SWAY_PERF_OUTPUT,280,-7,59369
SWAY_PERF_OUTPUT,281,-14,59370
SWAY_PERF_OUTPUT,282,-25,59371
SWAY_PERF_OUTPUT,283,-27,59372
SWAY_PERF_OUTPUT,284,9,59373
SWAY_PERF_FRAME,4,59317,59373
SWAY_PROFILE,block0_in,5,15,59679
SWAY_PROFILE,block1_in,5,10,59679
SWAY_PROFILE,embedding_in,6,1,59681
SWAY_PROFILE,head_in,5,6,59681
SWAY_PROFILE,patch_ready,6,2,59682
SWAY_PROFILE,block0_in,6,0,60306
SWAY_PROFILE,block1_in,5,11,60306
SWAY_PROFILE,embedding_in,6,2,60308
SWAY_PROFILE,head_in,5,7,60308
SWAY_PROFILE,patch_ready,6,3,60309
SWAY_PROFILE,block0_in,6,1,60939
SWAY_PROFILE,block1_in,5,12,60939
SWAY_PROFILE,embedding_in,6,3,60941
SWAY_PROFILE,head_in,5,8,60941
SWAY_PROFILE,patch_ready,6,4,60942
SWAY_PROFILE,block0_in,6,2,61566
SWAY_PROFILE,block1_in,5,13,61566
SWAY_PROFILE,embedding_in,6,4,61568
SWAY_PROFILE,head_in,5,9,61568
SWAY_PROFILE,patch_ready,6,5,61569
SWAY_PROFILE,block0_in,6,3,62193
SWAY_PROFILE,block1_in,5,14,62193
SWAY_PROFILE,embedding_in,6,5,62195
SWAY_PROFILE,head_in,5,10,62195
SWAY_PROFILE,patch_ready,6,6,62196
SWAY_PROFILE,block0_in,6,4,62820
SWAY_PROFILE,block1_in,5,15,62820
SWAY_PROFILE,embedding_in,6,6,62822
SWAY_PROFILE,head_in,5,11,62822
SWAY_PROFILE,patch_ready,6,7,62823
SWAY_PROFILE,block0_in,6,5,63453
SWAY_PROFILE,block1_in,6,0,63453
SWAY_PROFILE,embedding_in,6,7,63455
SWAY_PROFILE,head_in,5,12,63455
SWAY_PROFILE,patch_ready,6,8,63456
SWAY_PROFILE,block0_in,6,6,64080
SWAY_PROFILE,block1_in,6,1,64080
SWAY_PROFILE,embedding_in,6,8,64082
SWAY_PROFILE,head_in,5,13,64082
SWAY_PROFILE,patch_ready,6,9,64083
SWAY_PROFILE,block0_in,6,7,64707
SWAY_PROFILE,block1_in,6,2,64707
SWAY_PROFILE,embedding_in,6,9,64709
SWAY_PROFILE,head_in,5,14,64709
SWAY_PROFILE,patch_ready,6,10,64710
SWAY_PROFILE,block0_in,6,8,65334
SWAY_PROFILE,block1_in,6,3,65334
SWAY_PROFILE,embedding_in,6,10,65336
SWAY_PROFILE,head_in,5,15,65336
SWAY_PROFILE,patch_ready,6,11,65337
SWAY_PROFILE,block0_in,6,9,65967
SWAY_PROFILE,block1_in,6,4,65967
SWAY_PROFILE,embedding_in,6,11,65969
SWAY_PROFILE,head_in,6,0,65969
SWAY_PROFILE,patch_ready,6,12,65970
SWAY_PROFILE,block0_in,6,10,66594
SWAY_PROFILE,block1_in,6,5,66594
SWAY_PROFILE,embedding_in,6,12,66596
SWAY_PROFILE,head_in,6,1,66596
SWAY_PROFILE,patch_ready,6,13,66597
SWAY_PROFILE,block0_in,6,11,67221
SWAY_PROFILE,block1_in,6,6,67221
SWAY_PROFILE,embedding_in,6,13,67223
SWAY_PROFILE,head_in,6,2,67223
SWAY_PROFILE,patch_ready,6,14,67224
SWAY_PROFILE,block0_in,6,12,67848
SWAY_PROFILE,block1_in,6,7,67848
SWAY_PROFILE,embedding_in,6,14,67850
SWAY_PROFILE,head_in,6,3,67850
SWAY_PROFILE,patch_ready,6,15,67851
SWAY_PERF_INPUT_FRAME,8,58086,68141
SWAY_PROFILE,block0_in,6,13,68481
SWAY_PROFILE,block1_in,6,8,68481
SWAY_PROFILE,embedding_in,6,15,68483
SWAY_PROFILE,head_in,6,4,68483
SWAY_PROFILE,patch_ready,7,0,68484
SWAY_PROFILE,head_output_in,5,0,68629
SWAY_PROFILE,block0_in,6,14,69108
SWAY_PROFILE,block1_in,6,9,69108
SWAY_PROFILE,embedding_in,7,0,69110
SWAY_PROFILE,head_in,6,5,69110
SWAY_PROFILE,patch_ready,7,1,69111
SWAY_PROFILE,serialize_in,5,0,69371
SWAY_PERF_OUTPUT,285,4,69373
SWAY_PERF_OUTPUT,286,4,69374
SWAY_PERF_OUTPUT,287,3,69375
SWAY_PERF_OUTPUT,288,3,69376
SWAY_PERF_OUTPUT,289,9,69377
SWAY_PERF_OUTPUT,290,16,69378
SWAY_PERF_OUTPUT,291,19,69379
SWAY_PERF_OUTPUT,292,-2,69380
SWAY_PERF_OUTPUT,293,-7,69381
SWAY_PERF_OUTPUT,294,-8,69382
SWAY_PERF_OUTPUT,295,7,69383
SWAY_PERF_OUTPUT,296,11,69384
SWAY_PERF_OUTPUT,297,13,69385
SWAY_PERF_OUTPUT,298,14,69386
SWAY_PERF_OUTPUT,299,2,69387
SWAY_PERF_OUTPUT,300,-1,69388
SWAY_PERF_OUTPUT,301,-2,69389
SWAY_PERF_OUTPUT,302,-2,69390
SWAY_PERF_OUTPUT,303,3,69391
SWAY_PERF_OUTPUT,304,61,69392
SWAY_PERF_OUTPUT,305,61,69393
SWAY_PERF_OUTPUT,306,60,69394
SWAY_PERF_OUTPUT,307,60,69395
SWAY_PERF_OUTPUT,308,60,69396
SWAY_PERF_OUTPUT,309,61,69397
SWAY_PERF_OUTPUT,310,59,69398
SWAY_PERF_OUTPUT,311,59,69399
SWAY_PERF_OUTPUT,312,59,69400
SWAY_PERF_OUTPUT,313,58,69401
SWAY_PERF_OUTPUT,314,60,69402
SWAY_PERF_OUTPUT,315,59,69403
SWAY_PERF_OUTPUT,316,60,69404
SWAY_PERF_OUTPUT,317,57,69405
SWAY_PERF_OUTPUT,318,60,69406
SWAY_PERF_OUTPUT,319,59,69407
SWAY_PERF_OUTPUT,320,62,69408
SWAY_PERF_OUTPUT,321,59,69409
SWAY_PERF_OUTPUT,322,60,69410
SWAY_PERF_OUTPUT,323,-6,69411
SWAY_PERF_OUTPUT,324,4,69412
SWAY_PERF_OUTPUT,325,14,69413
SWAY_PERF_OUTPUT,326,18,69414
SWAY_PERF_OUTPUT,327,11,69415
SWAY_PERF_OUTPUT,328,10,69416
SWAY_PERF_OUTPUT,329,11,69417
SWAY_PERF_OUTPUT,330,10,69418
SWAY_PERF_OUTPUT,331,6,69419
SWAY_PERF_OUTPUT,332,5,69420
SWAY_PERF_OUTPUT,333,-5,69421
SWAY_PERF_OUTPUT,334,-15,69422
SWAY_PERF_OUTPUT,335,-25,69423
SWAY_PERF_OUTPUT,336,-28,69424
SWAY_PERF_OUTPUT,337,-6,69425
SWAY_PERF_OUTPUT,338,-15,69426
SWAY_PERF_OUTPUT,339,-27,69427
SWAY_PERF_OUTPUT,340,-29,69428
SWAY_PERF_OUTPUT,341,12,69429
SWAY_PERF_FRAME,5,69373,69429
SWAY_PROFILE,block0_in,6,15,69735
SWAY_PROFILE,block1_in,6,10,69735
SWAY_PROFILE,embedding_in,7,1,69737
SWAY_PROFILE,head_in,6,6,69737
SWAY_PROFILE,patch_ready,7,2,69738
SWAY_PROFILE,block0_in,7,0,70362
SWAY_PROFILE,block1_in,6,11,70362
SWAY_PROFILE,embedding_in,7,2,70364
SWAY_PROFILE,head_in,6,7,70364
SWAY_PROFILE,patch_ready,7,3,70365
SWAY_PROFILE,block0_in,7,1,70995
SWAY_PROFILE,block1_in,6,12,70995
SWAY_PROFILE,embedding_in,7,3,70997
SWAY_PROFILE,head_in,6,8,70997
SWAY_PROFILE,patch_ready,7,4,70998
SWAY_PROFILE,block0_in,7,2,71622
SWAY_PROFILE,block1_in,6,13,71622
SWAY_PROFILE,embedding_in,7,4,71624
SWAY_PROFILE,head_in,6,9,71624
SWAY_PROFILE,patch_ready,7,5,71625
SWAY_PROFILE,block0_in,7,3,72249
SWAY_PROFILE,block1_in,6,14,72249
SWAY_PROFILE,embedding_in,7,5,72251
SWAY_PROFILE,head_in,6,10,72251
SWAY_PROFILE,patch_ready,7,6,72252
SWAY_PROFILE,block0_in,7,4,72876
SWAY_PROFILE,block1_in,6,15,72876
SWAY_PROFILE,embedding_in,7,6,72878
SWAY_PROFILE,head_in,6,11,72878
SWAY_PROFILE,patch_ready,7,7,72879
SWAY_PROFILE,block0_in,7,5,73509
SWAY_PROFILE,block1_in,7,0,73509
SWAY_PROFILE,embedding_in,7,7,73511
SWAY_PROFILE,head_in,6,12,73511
SWAY_PROFILE,patch_ready,7,8,73512
SWAY_PROFILE,block0_in,7,6,74136
SWAY_PROFILE,block1_in,7,1,74136
SWAY_PROFILE,embedding_in,7,8,74138
SWAY_PROFILE,head_in,6,13,74138
SWAY_PROFILE,patch_ready,7,9,74139
SWAY_PROFILE,block0_in,7,7,74763
SWAY_PROFILE,block1_in,7,2,74763
SWAY_PROFILE,embedding_in,7,9,74765
SWAY_PROFILE,head_in,6,14,74765
SWAY_PROFILE,patch_ready,7,10,74766
SWAY_PROFILE,block0_in,7,8,75390
SWAY_PROFILE,block1_in,7,3,75390
SWAY_PROFILE,embedding_in,7,10,75392
SWAY_PROFILE,head_in,6,15,75392
SWAY_PROFILE,patch_ready,7,11,75393
SWAY_PROFILE,block0_in,7,9,76023
SWAY_PROFILE,block1_in,7,4,76023
SWAY_PROFILE,embedding_in,7,11,76025
SWAY_PROFILE,head_in,7,0,76025
SWAY_PROFILE,patch_ready,7,12,76026
SWAY_PROFILE,block0_in,7,10,76650
SWAY_PROFILE,block1_in,7,5,76650
SWAY_PROFILE,embedding_in,7,12,76652
SWAY_PROFILE,head_in,7,1,76652
SWAY_PROFILE,patch_ready,7,13,76653
SWAY_PROFILE,block0_in,7,11,77277
SWAY_PROFILE,block1_in,7,6,77277
SWAY_PROFILE,embedding_in,7,13,77279
SWAY_PROFILE,head_in,7,2,77279
SWAY_PROFILE,patch_ready,7,14,77280
SWAY_PROFILE,block0_in,7,12,77904
SWAY_PROFILE,block1_in,7,7,77904
SWAY_PROFILE,embedding_in,7,14,77906
SWAY_PROFILE,head_in,7,3,77906
SWAY_PROFILE,patch_ready,7,15,77907
SWAY_PERF_INPUT_FRAME,9,68142,78197
SWAY_PROFILE,block0_in,7,13,78537
SWAY_PROFILE,block1_in,7,8,78537
SWAY_PROFILE,embedding_in,7,15,78539
SWAY_PROFILE,head_in,7,4,78539
SWAY_PROFILE,patch_ready,8,0,78540
SWAY_PROFILE,head_output_in,6,0,78685
SWAY_PROFILE,block0_in,7,14,79164
SWAY_PROFILE,block1_in,7,9,79164
SWAY_PROFILE,embedding_in,8,0,79166
SWAY_PROFILE,head_in,7,5,79166
SWAY_PROFILE,patch_ready,8,1,79167
SWAY_PROFILE,serialize_in,6,0,79427
SWAY_PERF_OUTPUT,342,4,79429
SWAY_PERF_OUTPUT,343,4,79430
SWAY_PERF_OUTPUT,344,3,79431
SWAY_PERF_OUTPUT,345,3,79432
SWAY_PERF_OUTPUT,346,10,79433
SWAY_PERF_OUTPUT,347,16,79434
SWAY_PERF_OUTPUT,348,21,79435
SWAY_PERF_OUTPUT,349,-3,79436
SWAY_PERF_OUTPUT,350,-10,79437
SWAY_PERF_OUTPUT,351,-15,79438
SWAY_PERF_OUTPUT,352,7,79439
SWAY_PERF_OUTPUT,353,11,79440
SWAY_PERF_OUTPUT,354,15,79441
SWAY_PERF_OUTPUT,355,15,79442
SWAY_PERF_OUTPUT,356,2,79443
SWAY_PERF_OUTPUT,357,-2,79444
SWAY_PERF_OUTPUT,358,-5,79445
SWAY_PERF_OUTPUT,359,-5,79446
SWAY_PERF_OUTPUT,360,3,79447
SWAY_PERF_OUTPUT,361,63,79448
SWAY_PERF_OUTPUT,362,62,79449
SWAY_PERF_OUTPUT,363,61,79450
SWAY_PERF_OUTPUT,364,61,79451
SWAY_PERF_OUTPUT,365,62,79452
SWAY_PERF_OUTPUT,366,62,79453
SWAY_PERF_OUTPUT,367,60,79454
SWAY_PERF_OUTPUT,368,61,79455
SWAY_PERF_OUTPUT,369,61,79456
SWAY_PERF_OUTPUT,370,60,79457
SWAY_PERF_OUTPUT,371,61,79458
SWAY_PERF_OUTPUT,372,60,79459
SWAY_PERF_OUTPUT,373,61,79460
SWAY_PERF_OUTPUT,374,59,79461
SWAY_PERF_OUTPUT,375,61,79462
SWAY_PERF_OUTPUT,376,61,79463
SWAY_PERF_OUTPUT,377,63,79464
SWAY_PERF_OUTPUT,378,60,79465
SWAY_PERF_OUTPUT,379,61,79466
SWAY_PERF_OUTPUT,380,-4,79467
SWAY_PERF_OUTPUT,381,6,79468
SWAY_PERF_OUTPUT,382,17,79469
SWAY_PERF_OUTPUT,383,21,79470
SWAY_PERF_OUTPUT,384,13,79471
SWAY_PERF_OUTPUT,385,13,79472
SWAY_PERF_OUTPUT,386,14,79473
SWAY_PERF_OUTPUT,387,13,79474
SWAY_PERF_OUTPUT,388,12,79475
SWAY_PERF_OUTPUT,389,15,79476
SWAY_PERF_OUTPUT,390,-3,79477
SWAY_PERF_OUTPUT,391,-14,79478
SWAY_PERF_OUTPUT,392,-26,79479
SWAY_PERF_OUTPUT,393,-28,79480
SWAY_PERF_OUTPUT,394,-3,79481
SWAY_PERF_OUTPUT,395,-14,79482
SWAY_PERF_OUTPUT,396,-26,79483
SWAY_PERF_OUTPUT,397,-28,79484
SWAY_PERF_OUTPUT,398,14,79485
SWAY_PERF_FRAME,6,79429,79485
SWAY_PROFILE,block0_in,7,15,79791
SWAY_PROFILE,block1_in,7,10,79791
SWAY_PROFILE,embedding_in,8,1,79793
SWAY_PROFILE,head_in,7,6,79793
SWAY_PROFILE,patch_ready,8,2,79794
SWAY_PROFILE,block0_in,8,0,80418
SWAY_PROFILE,block1_in,7,11,80418
SWAY_PROFILE,embedding_in,8,2,80420
SWAY_PROFILE,head_in,7,7,80420
SWAY_PROFILE,patch_ready,8,3,80421
SWAY_PROFILE,block0_in,8,1,81051
SWAY_PROFILE,block1_in,7,12,81051
SWAY_PROFILE,embedding_in,8,3,81053
SWAY_PROFILE,head_in,7,8,81053
SWAY_PROFILE,patch_ready,8,4,81054
SWAY_PROFILE,block0_in,8,2,81678
SWAY_PROFILE,block1_in,7,13,81678
SWAY_PROFILE,embedding_in,8,4,81680
SWAY_PROFILE,head_in,7,9,81680
SWAY_PROFILE,patch_ready,8,5,81681
SWAY_PROFILE,block0_in,8,3,82305
SWAY_PROFILE,block1_in,7,14,82305
SWAY_PROFILE,embedding_in,8,5,82307
SWAY_PROFILE,head_in,7,10,82307
SWAY_PROFILE,patch_ready,8,6,82308
SWAY_PROFILE,block0_in,8,4,82932
SWAY_PROFILE,block1_in,7,15,82932
SWAY_PROFILE,embedding_in,8,6,82934
SWAY_PROFILE,head_in,7,11,82934
SWAY_PROFILE,patch_ready,8,7,82935
SWAY_PROFILE,block0_in,8,5,83565
SWAY_PROFILE,block1_in,8,0,83565
SWAY_PROFILE,embedding_in,8,7,83567
SWAY_PROFILE,head_in,7,12,83567
SWAY_PROFILE,patch_ready,8,8,83568
SWAY_PROFILE,block0_in,8,6,84192
SWAY_PROFILE,block1_in,8,1,84192
SWAY_PROFILE,embedding_in,8,8,84194
SWAY_PROFILE,head_in,7,13,84194
SWAY_PROFILE,patch_ready,8,9,84195
SWAY_PROFILE,block0_in,8,7,84819
SWAY_PROFILE,block1_in,8,2,84819
SWAY_PROFILE,embedding_in,8,9,84821
SWAY_PROFILE,head_in,7,14,84821
SWAY_PROFILE,patch_ready,8,10,84822
SWAY_PROFILE,block0_in,8,8,85446
SWAY_PROFILE,block1_in,8,3,85446
SWAY_PROFILE,embedding_in,8,10,85448
SWAY_PROFILE,head_in,7,15,85448
SWAY_PROFILE,patch_ready,8,11,85449
SWAY_PROFILE,block0_in,8,9,86079
SWAY_PROFILE,block1_in,8,4,86079
SWAY_PROFILE,embedding_in,8,11,86081
SWAY_PROFILE,head_in,8,0,86081
SWAY_PROFILE,patch_ready,8,12,86082
SWAY_PROFILE,block0_in,8,10,86706
SWAY_PROFILE,block1_in,8,5,86706
SWAY_PROFILE,embedding_in,8,12,86708
SWAY_PROFILE,head_in,8,1,86708
SWAY_PROFILE,patch_ready,8,13,86709
SWAY_PROFILE,block0_in,8,11,87333
SWAY_PROFILE,block1_in,8,6,87333
SWAY_PROFILE,embedding_in,8,13,87335
SWAY_PROFILE,head_in,8,2,87335
SWAY_PROFILE,patch_ready,8,14,87336
SWAY_PROFILE,block0_in,8,12,87960
SWAY_PROFILE,block1_in,8,7,87960
SWAY_PROFILE,embedding_in,8,14,87962
SWAY_PROFILE,head_in,8,3,87962
SWAY_PROFILE,patch_ready,8,15,87963
SWAY_PERF_INPUT_FRAME,10,78198,88253
SWAY_PROFILE,block0_in,8,13,88593
SWAY_PROFILE,block1_in,8,8,88593
SWAY_PROFILE,embedding_in,8,15,88595
SWAY_PROFILE,head_in,8,4,88595
SWAY_PROFILE,patch_ready,9,0,88596
SWAY_PROFILE,head_output_in,7,0,88741
SWAY_PROFILE,block0_in,8,14,89220
SWAY_PROFILE,block1_in,8,9,89220
SWAY_PROFILE,embedding_in,9,0,89222
SWAY_PROFILE,head_in,8,5,89222
SWAY_PROFILE,patch_ready,9,1,89223
SWAY_PROFILE,serialize_in,7,0,89483
SWAY_PERF_OUTPUT,399,8,89485
SWAY_PERF_OUTPUT,400,9,89486
SWAY_PERF_OUTPUT,401,8,89487
SWAY_PERF_OUTPUT,402,8,89488
SWAY_PERF_OUTPUT,403,14,89489
SWAY_PERF_OUTPUT,404,19,89490
SWAY_PERF_OUTPUT,405,21,89491
SWAY_PERF_OUTPUT,406,3,89492
SWAY_PERF_OUTPUT,407,0,89493
SWAY_PERF_OUTPUT,408,-3,89494
SWAY_PERF_OUTPUT,409,10,89495
SWAY_PERF_OUTPUT,410,12,89496
SWAY_PERF_OUTPUT,411,12,89497
SWAY_PERF_OUTPUT,412,12,89498
SWAY_PERF_OUTPUT,413,6,89499
SWAY_PERF_OUTPUT,414,3,89500
SWAY_PERF_OUTPUT,415,0,89501
SWAY_PERF_OUTPUT,416,-1,89502
SWAY_PERF_OUTPUT,417,9,89503
SWAY_PERF_OUTPUT,418,61,89504
SWAY_PERF_OUTPUT,419,62,89505
SWAY_PERF_OUTPUT,420,61,89506
SWAY_PERF_OUTPUT,421,61,89507
SWAY_PERF_OUTPUT,422,61,89508
SWAY_PERF_OUTPUT,423,61,89509
SWAY_PERF_OUTPUT,424,59,89510
SWAY_PERF_OUTPUT,425,60,89511
SWAY_PERF_OUTPUT,426,61,89512
SWAY_PERF_OUTPUT,427,60,89513
SWAY_PERF_OUTPUT,428,60,89514
SWAY_PERF_OUTPUT,429,60,89515
SWAY_PERF_OUTPUT,430,62,89516
SWAY_PERF_OUTPUT,431,60,89517
SWAY_PERF_OUTPUT,432,61,89518
SWAY_PERF_OUTPUT,433,61,89519
SWAY_PERF_OUTPUT,434,62,89520
SWAY_PERF_OUTPUT,435,58,89521
SWAY_PERF_OUTPUT,436,61,89522
SWAY_PERF_OUTPUT,437,-6,89523
SWAY_PERF_OUTPUT,438,3,89524
SWAY_PERF_OUTPUT,439,14,89525
SWAY_PERF_OUTPUT,440,17,89526
SWAY_PERF_OUTPUT,441,10,89527
SWAY_PERF_OUTPUT,442,7,89528
SWAY_PERF_OUTPUT,443,6,89529
SWAY_PERF_OUTPUT,444,9,89530
SWAY_PERF_OUTPUT,445,4,89531
SWAY_PERF_OUTPUT,446,1,89532
SWAY_PERF_OUTPUT,447,-6,89533
SWAY_PERF_OUTPUT,448,-16,89534
SWAY_PERF_OUTPUT,449,-27,89535
SWAY_PERF_OUTPUT,450,-29,89536
SWAY_PERF_OUTPUT,451,-6,89537
SWAY_PERF_OUTPUT,452,-15,89538
SWAY_PERF_OUTPUT,453,-26,89539
SWAY_PERF_OUTPUT,454,-28,89540
SWAY_PERF_OUTPUT,455,11,89541
SWAY_PERF_FRAME,7,89485,89541
SWAY_PROFILE,block0_in,8,15,89847
SWAY_PROFILE,block1_in,8,10,89847
SWAY_PROFILE,embedding_in,9,1,89849
SWAY_PROFILE,head_in,8,6,89849
SWAY_PROFILE,patch_ready,9,2,89850
SWAY_PROFILE,block0_in,9,0,90474
SWAY_PROFILE,block1_in,8,11,90474
SWAY_PROFILE,embedding_in,9,2,90476
SWAY_PROFILE,head_in,8,7,90476
SWAY_PROFILE,patch_ready,9,3,90477
SWAY_PROFILE,block0_in,9,1,91107
SWAY_PROFILE,block1_in,8,12,91107
SWAY_PROFILE,embedding_in,9,3,91109
SWAY_PROFILE,head_in,8,8,91109
SWAY_PROFILE,patch_ready,9,4,91110
SWAY_PROFILE,block0_in,9,2,91734
SWAY_PROFILE,block1_in,8,13,91734
SWAY_PROFILE,embedding_in,9,4,91736
SWAY_PROFILE,head_in,8,9,91736
SWAY_PROFILE,patch_ready,9,5,91737
SWAY_PROFILE,block0_in,9,3,92361
SWAY_PROFILE,block1_in,8,14,92361
SWAY_PROFILE,embedding_in,9,5,92363
SWAY_PROFILE,head_in,8,10,92363
SWAY_PROFILE,patch_ready,9,6,92364
SWAY_PROFILE,block0_in,9,4,92988
SWAY_PROFILE,block1_in,8,15,92988
SWAY_PROFILE,embedding_in,9,6,92990
SWAY_PROFILE,head_in,8,11,92990
SWAY_PROFILE,patch_ready,9,7,92991
SWAY_PROFILE,block0_in,9,5,93621
SWAY_PROFILE,block1_in,9,0,93621
SWAY_PROFILE,embedding_in,9,7,93623
SWAY_PROFILE,head_in,8,12,93623
SWAY_PROFILE,patch_ready,9,8,93624
SWAY_PROFILE,block0_in,9,6,94248
SWAY_PROFILE,block1_in,9,1,94248
SWAY_PROFILE,embedding_in,9,8,94250
SWAY_PROFILE,head_in,8,13,94250
SWAY_PROFILE,patch_ready,9,9,94251
SWAY_PROFILE,block0_in,9,7,94875
SWAY_PROFILE,block1_in,9,2,94875
SWAY_PROFILE,embedding_in,9,9,94877
SWAY_PROFILE,head_in,8,14,94877
SWAY_PROFILE,patch_ready,9,10,94878
SWAY_PROFILE,block0_in,9,8,95502
SWAY_PROFILE,block1_in,9,3,95502
SWAY_PROFILE,embedding_in,9,10,95504
SWAY_PROFILE,head_in,8,15,95504
SWAY_PROFILE,patch_ready,9,11,95505
SWAY_PROFILE,block0_in,9,9,96135
SWAY_PROFILE,block1_in,9,4,96135
SWAY_PROFILE,embedding_in,9,11,96137
SWAY_PROFILE,head_in,9,0,96137
SWAY_PROFILE,patch_ready,9,12,96138
SWAY_PROFILE,block0_in,9,10,96762
SWAY_PROFILE,block1_in,9,5,96762
SWAY_PROFILE,embedding_in,9,12,96764
SWAY_PROFILE,head_in,9,1,96764
SWAY_PROFILE,patch_ready,9,13,96765
SWAY_PROFILE,block0_in,9,11,97389
SWAY_PROFILE,block1_in,9,6,97389
SWAY_PROFILE,embedding_in,9,13,97391
SWAY_PROFILE,head_in,9,2,97391
SWAY_PROFILE,patch_ready,9,14,97392
SWAY_PROFILE,block0_in,9,12,98016
SWAY_PROFILE,block1_in,9,7,98016
SWAY_PROFILE,embedding_in,9,14,98018
SWAY_PROFILE,head_in,9,3,98018
SWAY_PROFILE,patch_ready,9,15,98019
SWAY_PERF_INPUT_FRAME,11,88254,98309
SWAY_PROFILE,block0_in,9,13,98649
SWAY_PROFILE,block1_in,9,8,98649
SWAY_PROFILE,embedding_in,9,15,98651
SWAY_PROFILE,head_in,9,4,98651
SWAY_PROFILE,patch_ready,10,0,98652
SWAY_PROFILE,head_output_in,8,0,98797
SWAY_PROFILE,block0_in,9,14,99276
SWAY_PROFILE,block1_in,9,9,99276
SWAY_PROFILE,embedding_in,10,0,99278
SWAY_PROFILE,head_in,9,5,99278
SWAY_PROFILE,patch_ready,10,1,99279
SWAY_PROFILE,serialize_in,8,0,99539
SWAY_PERF_OUTPUT,456,9,99541
SWAY_PERF_OUTPUT,457,9,99542
SWAY_PERF_OUTPUT,458,8,99543
SWAY_PERF_OUTPUT,459,9,99544
SWAY_PERF_OUTPUT,460,15,99545
SWAY_PERF_OUTPUT,461,18,99546
SWAY_PERF_OUTPUT,462,19,99547
SWAY_PERF_OUTPUT,463,4,99548
SWAY_PERF_OUTPUT,464,-2,99549
SWAY_PERF_OUTPUT,465,-5,99550
SWAY_PERF_OUTPUT,466,10,99551
SWAY_PERF_OUTPUT,467,11,99552
SWAY_PERF_OUTPUT,468,11,99553
SWAY_PERF_OUTPUT,469,11,99554
SWAY_PERF_OUTPUT,470,6,99555
SWAY_PERF_OUTPUT,471,4,99556
SWAY_PERF_OUTPUT,472,2,99557
SWAY_PERF_OUTPUT,473,2,99558
SWAY_PERF_OUTPUT,474,9,99559
SWAY_PERF_OUTPUT,475,64,99560
SWAY_PERF_OUTPUT,476,65,99561
SWAY_PERF_OUTPUT,477,65,99562
SWAY_PERF_OUTPUT,478,65,99563
SWAY_PERF_OUTPUT,479,65,99564
SWAY_PERF_OUTPUT,480,66,99565
SWAY_PERF_OUTPUT,481,64,99566
SWAY_PERF_OUTPUT,482,64,99567
SWAY_PERF_OUTPUT,483,65,99568
SWAY_PERF_OUTPUT,484,63,99569
SWAY_PERF_OUTPUT,485,63,99570
SWAY_PERF_OUTPUT,486,65,99571
SWAY_PERF_OUTPUT,487,63,99572
SWAY_PERF_OUTPUT,488,61,99573
SWAY_PERF_OUTPUT,489,63,99574
SWAY_PERF_OUTPUT,490,67,99575
SWAY_PERF_OUTPUT,491,66,99576
SWAY_PERF_OUTPUT,492,63,99577
SWAY_PERF_OUTPUT,493,65,99578
SWAY_PERF_OUTPUT,494,-2,99579
SWAY_PERF_OUTPUT,495,9,99580
SWAY_PERF_OUTPUT,496,20,99581
SWAY_PERF_OUTPUT,497,25,99582
SWAY_PERF_OUTPUT,498,16,99583
SWAY_PERF_OUTPUT,499,9,99584
SWAY_PERF_OUTPUT,500,5,99585
SWAY_PERF_OUTPUT,501,15,99586
SWAY_PERF_OUTPUT,502,12,99587
SWAY_PERF_OUTPUT,503,8,99588
SWAY_PERF_OUTPUT,504,-1,99589
SWAY_PERF_OUTPUT,505,-15,99590
SWAY_PERF_OUTPUT,506,-28,99591
SWAY_PERF_OUTPUT,507,-30,99592
SWAY_PERF_OUTPUT,508,-1,99593
SWAY_PERF_OUTPUT,509,-15,99594
SWAY_PERF_OUTPUT,510,-25,99595
SWAY_PERF_OUTPUT,511,-29,99596
SWAY_PERF_OUTPUT,512,17,99597
SWAY_PERF_FRAME,8,99541,99597
SWAY_PROFILE,block0_in,9,15,99903
SWAY_PROFILE,block1_in,9,10,99903
SWAY_PROFILE,embedding_in,10,1,99905
SWAY_PROFILE,head_in,9,6,99905
SWAY_PROFILE,patch_ready,10,2,99906
SWAY_PROFILE,block0_in,10,0,100530
SWAY_PROFILE,block1_in,9,11,100530
SWAY_PROFILE,embedding_in,10,2,100532
SWAY_PROFILE,head_in,9,7,100532
SWAY_PROFILE,patch_ready,10,3,100533
SWAY_PROFILE,block0_in,10,1,101163
SWAY_PROFILE,block1_in,9,12,101163
SWAY_PROFILE,embedding_in,10,3,101165
SWAY_PROFILE,head_in,9,8,101165
SWAY_PROFILE,patch_ready,10,4,101166
SWAY_PROFILE,block0_in,10,2,101790
SWAY_PROFILE,block1_in,9,13,101790
SWAY_PROFILE,embedding_in,10,4,101792
SWAY_PROFILE,head_in,9,9,101792
SWAY_PROFILE,patch_ready,10,5,101793
SWAY_PROFILE,block0_in,10,3,102417
SWAY_PROFILE,block1_in,9,14,102417
SWAY_PROFILE,embedding_in,10,5,102419
SWAY_PROFILE,head_in,9,10,102419
SWAY_PROFILE,patch_ready,10,6,102420
SWAY_PROFILE,block0_in,10,4,103044
SWAY_PROFILE,block1_in,9,15,103044
SWAY_PROFILE,embedding_in,10,6,103046
SWAY_PROFILE,head_in,9,11,103046
SWAY_PROFILE,patch_ready,10,7,103047
SWAY_PROFILE,block0_in,10,5,103677
SWAY_PROFILE,block1_in,10,0,103677
SWAY_PROFILE,embedding_in,10,7,103679
SWAY_PROFILE,head_in,9,12,103679
SWAY_PROFILE,patch_ready,10,8,103680
SWAY_PROFILE,block0_in,10,6,104304
SWAY_PROFILE,block1_in,10,1,104304
SWAY_PROFILE,embedding_in,10,8,104306
SWAY_PROFILE,head_in,9,13,104306
SWAY_PROFILE,patch_ready,10,9,104307
SWAY_PROFILE,block0_in,10,7,104931
SWAY_PROFILE,block1_in,10,2,104931
SWAY_PROFILE,embedding_in,10,9,104933
SWAY_PROFILE,head_in,9,14,104933
SWAY_PROFILE,patch_ready,10,10,104934
SWAY_PROFILE,block0_in,10,8,105558
SWAY_PROFILE,block1_in,10,3,105558
SWAY_PROFILE,embedding_in,10,10,105560
SWAY_PROFILE,head_in,9,15,105560
SWAY_PROFILE,patch_ready,10,11,105561
SWAY_PROFILE,block0_in,10,9,106191
SWAY_PROFILE,block1_in,10,4,106191
SWAY_PROFILE,embedding_in,10,11,106193
SWAY_PROFILE,head_in,10,0,106193
SWAY_PROFILE,patch_ready,10,12,106194
SWAY_PROFILE,block0_in,10,10,106818
SWAY_PROFILE,block1_in,10,5,106818
SWAY_PROFILE,embedding_in,10,12,106820
SWAY_PROFILE,head_in,10,1,106820
SWAY_PROFILE,patch_ready,10,13,106821
SWAY_PROFILE,block0_in,10,11,107445
SWAY_PROFILE,block1_in,10,6,107445
SWAY_PROFILE,embedding_in,10,13,107447
SWAY_PROFILE,head_in,10,2,107447
SWAY_PROFILE,patch_ready,10,14,107448
SWAY_PROFILE,block0_in,10,12,108072
SWAY_PROFILE,block1_in,10,7,108072
SWAY_PROFILE,embedding_in,10,14,108074
SWAY_PROFILE,head_in,10,3,108074
SWAY_PROFILE,patch_ready,10,15,108075
SWAY_PERF_INPUT_FRAME,12,98310,108365
SWAY_PROFILE,block0_in,10,13,108705
SWAY_PROFILE,block1_in,10,8,108705
SWAY_PROFILE,embedding_in,10,15,108707
SWAY_PROFILE,head_in,10,4,108707
SWAY_PROFILE,patch_ready,11,0,108708
SWAY_PROFILE,head_output_in,9,0,108853
SWAY_PROFILE,block0_in,10,14,109332
SWAY_PROFILE,block1_in,10,9,109332
SWAY_PROFILE,embedding_in,11,0,109334
SWAY_PROFILE,head_in,10,5,109334
SWAY_PROFILE,patch_ready,11,1,109335
SWAY_PROFILE,serialize_in,9,0,109595
SWAY_PERF_OUTPUT,513,45,109597
SWAY_PERF_OUTPUT,514,127,109598
SWAY_PERF_OUTPUT,515,-30,109599
SWAY_PERF_OUTPUT,516,40,109600
SWAY_PERF_OUTPUT,517,34,109601
SWAY_PERF_OUTPUT,518,87,109602
SWAY_PERF_OUTPUT,519,0,109603
SWAY_PERF_OUTPUT,520,38,109604
SWAY_PERF_OUTPUT,521,77,109605
SWAY_PERF_OUTPUT,522,-2,109606
SWAY_PERF_OUTPUT,523,28,109607
SWAY_PERF_OUTPUT,524,70,109608
SWAY_PERF_OUTPUT,525,-24,109609
SWAY_PERF_OUTPUT,526,31,109610
SWAY_PERF_OUTPUT,527,50,109611
SWAY_PERF_OUTPUT,528,123,109612
SWAY_PERF_OUTPUT,529,38,109613
SWAY_PERF_OUTPUT,530,95,109614
SWAY_PERF_OUTPUT,531,56,109615
SWAY_PERF_OUTPUT,532,-18,109616
SWAY_PERF_OUTPUT,533,-5,109617
SWAY_PERF_OUTPUT,534,-13,109618
SWAY_PERF_OUTPUT,535,72,109619
SWAY_PERF_OUTPUT,536,46,109620
SWAY_PERF_OUTPUT,537,35,109621
SWAY_PERF_OUTPUT,538,17,109622
SWAY_PERF_OUTPUT,539,-75,109623
SWAY_PERF_OUTPUT,540,-6,109624
SWAY_PERF_OUTPUT,541,-39,109625
SWAY_PERF_OUTPUT,542,-28,109626
SWAY_PERF_OUTPUT,543,-27,109627
SWAY_PERF_OUTPUT,544,-60,109628
SWAY_PERF_OUTPUT,545,-2,109629
SWAY_PERF_OUTPUT,546,27,109630
SWAY_PERF_OUTPUT,547,71,109631
SWAY_PERF_OUTPUT,548,117,109632
SWAY_PERF_OUTPUT,549,-2,109633
SWAY_PERF_OUTPUT,550,-19,109634
SWAY_PERF_OUTPUT,551,25,109635
SWAY_PERF_OUTPUT,552,34,109636
SWAY_PERF_OUTPUT,553,-36,109637
SWAY_PERF_OUTPUT,554,21,109638
SWAY_PERF_OUTPUT,555,-36,109639
SWAY_PERF_OUTPUT,556,96,109640
SWAY_PERF_OUTPUT,557,-49,109641
SWAY_PERF_OUTPUT,558,50,109642
SWAY_PERF_OUTPUT,559,-42,109643
SWAY_PERF_OUTPUT,560,-96,109644
SWAY_PERF_OUTPUT,561,0,109645
SWAY_PERF_OUTPUT,562,27,109646
SWAY_PERF_OUTPUT,563,-37,109647
SWAY_PERF_OUTPUT,564,77,109648
SWAY_PERF_OUTPUT,565,44,109649
SWAY_PERF_OUTPUT,566,0,109650
SWAY_PERF_OUTPUT,567,-56,109651
SWAY_PERF_OUTPUT,568,-77,109652
SWAY_PERF_OUTPUT,569,42,109653
SWAY_PERF_FRAME,9,109597,109653
SWAY_PROFILE,block0_in,10,15,109959
SWAY_PROFILE,block1_in,10,10,109959
SWAY_PROFILE,embedding_in,11,1,109961
SWAY_PROFILE,head_in,10,6,109961
SWAY_PROFILE,patch_ready,11,2,109962
SWAY_PROFILE,block0_in,11,0,110586
SWAY_PROFILE,block1_in,10,11,110586
SWAY_PROFILE,embedding_in,11,2,110588
SWAY_PROFILE,head_in,10,7,110588
SWAY_PROFILE,patch_ready,11,3,110589
SWAY_PROFILE,block0_in,11,1,111219
SWAY_PROFILE,block1_in,10,12,111219
SWAY_PROFILE,embedding_in,11,3,111221
SWAY_PROFILE,head_in,10,8,111221
SWAY_PROFILE,patch_ready,11,4,111222
SWAY_PROFILE,block0_in,11,2,111846
SWAY_PROFILE,block1_in,10,13,111846
SWAY_PROFILE,embedding_in,11,4,111848
SWAY_PROFILE,head_in,10,9,111848
SWAY_PROFILE,patch_ready,11,5,111849
SWAY_PROFILE,block0_in,11,3,112473
SWAY_PROFILE,block1_in,10,14,112473
SWAY_PROFILE,embedding_in,11,5,112475
SWAY_PROFILE,head_in,10,10,112475
SWAY_PROFILE,patch_ready,11,6,112476
SWAY_PROFILE,block0_in,11,4,113100
SWAY_PROFILE,block1_in,10,15,113100
SWAY_PROFILE,embedding_in,11,6,113102
SWAY_PROFILE,head_in,10,11,113102
SWAY_PROFILE,patch_ready,11,7,113103
SWAY_PROFILE,block0_in,11,5,113733
SWAY_PROFILE,block1_in,11,0,113733
SWAY_PROFILE,embedding_in,11,7,113735
SWAY_PROFILE,head_in,10,12,113735
SWAY_PROFILE,patch_ready,11,8,113736
SWAY_PROFILE,block0_in,11,6,114360
SWAY_PROFILE,block1_in,11,1,114360
SWAY_PROFILE,embedding_in,11,8,114362
SWAY_PROFILE,head_in,10,13,114362
SWAY_PROFILE,patch_ready,11,9,114363
SWAY_PROFILE,block0_in,11,7,114987
SWAY_PROFILE,block1_in,11,2,114987
SWAY_PROFILE,embedding_in,11,9,114989
SWAY_PROFILE,head_in,10,14,114989
SWAY_PROFILE,patch_ready,11,10,114990
SWAY_PROFILE,block0_in,11,8,115614
SWAY_PROFILE,block1_in,11,3,115614
SWAY_PROFILE,embedding_in,11,10,115616
SWAY_PROFILE,head_in,10,15,115616
SWAY_PROFILE,patch_ready,11,11,115617
SWAY_PROFILE,block0_in,11,9,116247
SWAY_PROFILE,block1_in,11,4,116247
SWAY_PROFILE,embedding_in,11,11,116249
SWAY_PROFILE,head_in,11,0,116249
SWAY_PROFILE,patch_ready,11,12,116250
SWAY_PROFILE,block0_in,11,10,116874
SWAY_PROFILE,block1_in,11,5,116874
SWAY_PROFILE,embedding_in,11,12,116876
SWAY_PROFILE,head_in,11,1,116876
SWAY_PROFILE,patch_ready,11,13,116877
SWAY_PROFILE,block0_in,11,11,117501
SWAY_PROFILE,block1_in,11,6,117501
SWAY_PROFILE,embedding_in,11,13,117503
SWAY_PROFILE,head_in,11,2,117503
SWAY_PROFILE,patch_ready,11,14,117504
SWAY_PROFILE,block0_in,11,12,118128
SWAY_PROFILE,block1_in,11,7,118128
SWAY_PROFILE,embedding_in,11,14,118130
SWAY_PROFILE,head_in,11,3,118130
SWAY_PROFILE,patch_ready,11,15,118131
SWAY_PERF_INPUT_FRAME,13,108366,118421
SWAY_PROFILE,block0_in,11,13,118761
SWAY_PROFILE,block1_in,11,8,118761
SWAY_PROFILE,embedding_in,11,15,118763
SWAY_PROFILE,head_in,11,4,118763
SWAY_PROFILE,patch_ready,12,0,118764
SWAY_PROFILE,head_output_in,10,0,118909
SWAY_PROFILE,block0_in,11,14,119388
SWAY_PROFILE,block1_in,11,9,119388
SWAY_PROFILE,embedding_in,12,0,119390
SWAY_PROFILE,head_in,11,5,119390
SWAY_PROFILE,patch_ready,12,1,119391
SWAY_PROFILE,serialize_in,10,0,119651
SWAY_PERF_OUTPUT,570,21,119653
SWAY_PERF_OUTPUT,571,1,119654
SWAY_PERF_OUTPUT,572,5,119655
SWAY_PERF_OUTPUT,573,-3,119656
SWAY_PERF_OUTPUT,574,23,119657
SWAY_PERF_OUTPUT,575,34,119658
SWAY_PERF_OUTPUT,576,42,119659
SWAY_PERF_OUTPUT,577,-2,119660
SWAY_PERF_OUTPUT,578,-9,119661
SWAY_PERF_OUTPUT,579,0,119662
SWAY_PERF_OUTPUT,580,8,119663
SWAY_PERF_OUTPUT,581,16,119664
SWAY_PERF_OUTPUT,582,59,119665
SWAY_PERF_OUTPUT,583,41,119666
SWAY_PERF_OUTPUT,584,9,119667
SWAY_PERF_OUTPUT,585,9,119668
SWAY_PERF_OUTPUT,586,12,119669
SWAY_PERF_OUTPUT,587,20,119670
SWAY_PERF_OUTPUT,588,14,119671
SWAY_PERF_OUTPUT,589,101,119672
SWAY_PERF_OUTPUT,590,109,119673
SWAY_PERF_OUTPUT,591,111,119674
SWAY_PERF_OUTPUT,592,108,119675
SWAY_PERF_OUTPUT,593,118,119676
SWAY_PERF_OUTPUT,594,113,119677
SWAY_PERF_OUTPUT,595,96,119678
SWAY_PERF_OUTPUT,596,121,119679
SWAY_PERF_OUTPUT,597,111,119680
SWAY_PERF_OUTPUT,598,120,119681
SWAY_PERF_OUTPUT,599,99,119682
SWAY_PERF_OUTPUT,600,127,119683
SWAY_PERF_OUTPUT,601,126,119684
SWAY_PERF_OUTPUT,602,112,119685
SWAY_PERF_OUTPUT,603,115,119686
SWAY_PERF_OUTPUT,604,127,119687
SWAY_PERF_OUTPUT,605,98,119688
SWAY_PERF_OUTPUT,606,103,119689
SWAY_PERF_OUTPUT,607,127,119690
SWAY_PERF_OUTPUT,608,35,119691
SWAY_PERF_OUTPUT,609,57,119692
SWAY_PERF_OUTPUT,610,75,119693
SWAY_PERF_OUTPUT,611,88,119694
SWAY_PERF_OUTPUT,612,62,119695
SWAY_PERF_OUTPUT,613,70,119696
SWAY_PERF_OUTPUT,614,104,119697
SWAY_PERF_OUTPUT,615,60,119698
SWAY_PERF_OUTPUT,616,31,119699
SWAY_PERF_OUTPUT,617,8,119700
SWAY_PERF_OUTPUT,618,19,119701
SWAY_PERF_OUTPUT,619,-29,119702
SWAY_PERF_OUTPUT,620,-52,119703
SWAY_PERF_OUTPUT,621,-46,119704
SWAY_PERF_OUTPUT,622,31,119705
SWAY_PERF_OUTPUT,623,-32,119706
SWAY_PERF_OUTPUT,624,-54,119707
SWAY_PERF_OUTPUT,625,-38,119708
SWAY_PERF_OUTPUT,626,68,119709
SWAY_PERF_FRAME,10,119653,119709
SWAY_PROFILE,block0_in,11,15,120015
SWAY_PROFILE,block1_in,11,10,120015
SWAY_PROFILE,embedding_in,12,1,120017
SWAY_PROFILE,head_in,11,6,120017
SWAY_PROFILE,patch_ready,12,2,120018
SWAY_PROFILE,block0_in,12,0,120642
SWAY_PROFILE,block1_in,11,11,120642
SWAY_PROFILE,embedding_in,12,2,120644
SWAY_PROFILE,head_in,11,7,120644
SWAY_PROFILE,patch_ready,12,3,120645
SWAY_PROFILE,block0_in,12,1,121275
SWAY_PROFILE,block1_in,11,12,121275
SWAY_PROFILE,embedding_in,12,3,121277
SWAY_PROFILE,head_in,11,8,121277
SWAY_PROFILE,patch_ready,12,4,121278
SWAY_PROFILE,block0_in,12,2,121902
SWAY_PROFILE,block1_in,11,13,121902
SWAY_PROFILE,embedding_in,12,4,121904
SWAY_PROFILE,head_in,11,9,121904
SWAY_PROFILE,patch_ready,12,5,121905
SWAY_PROFILE,block0_in,12,3,122529
SWAY_PROFILE,block1_in,11,14,122529
SWAY_PROFILE,embedding_in,12,5,122531
SWAY_PROFILE,head_in,11,10,122531
SWAY_PROFILE,patch_ready,12,6,122532
SWAY_PROFILE,block0_in,12,4,123156
SWAY_PROFILE,block1_in,11,15,123156
SWAY_PROFILE,embedding_in,12,6,123158
SWAY_PROFILE,head_in,11,11,123158
SWAY_PROFILE,patch_ready,12,7,123159
SWAY_PROFILE,block0_in,12,5,123789
SWAY_PROFILE,block1_in,12,0,123789
SWAY_PROFILE,embedding_in,12,7,123791
SWAY_PROFILE,head_in,11,12,123791
SWAY_PROFILE,patch_ready,12,8,123792
SWAY_PROFILE,block0_in,12,6,124416
SWAY_PROFILE,block1_in,12,1,124416
SWAY_PROFILE,embedding_in,12,8,124418
SWAY_PROFILE,head_in,11,13,124418
SWAY_PROFILE,patch_ready,12,9,124419
SWAY_PROFILE,block0_in,12,7,125043
SWAY_PROFILE,block1_in,12,2,125043
SWAY_PROFILE,embedding_in,12,9,125045
SWAY_PROFILE,head_in,11,14,125045
SWAY_PROFILE,patch_ready,12,10,125046
SWAY_PROFILE,block0_in,12,8,125670
SWAY_PROFILE,block1_in,12,3,125670
SWAY_PROFILE,embedding_in,12,10,125672
SWAY_PROFILE,head_in,11,15,125672
SWAY_PROFILE,patch_ready,12,11,125673
SWAY_PROFILE,block0_in,12,9,126303
SWAY_PROFILE,block1_in,12,4,126303
SWAY_PROFILE,embedding_in,12,11,126305
SWAY_PROFILE,head_in,12,0,126305
SWAY_PROFILE,patch_ready,12,12,126306
SWAY_PROFILE,block0_in,12,10,126930
SWAY_PROFILE,block1_in,12,5,126930
SWAY_PROFILE,embedding_in,12,12,126932
SWAY_PROFILE,head_in,12,1,126932
SWAY_PROFILE,patch_ready,12,13,126933
SWAY_PROFILE,block0_in,12,11,127557
SWAY_PROFILE,block1_in,12,6,127557
SWAY_PROFILE,embedding_in,12,13,127559
SWAY_PROFILE,head_in,12,2,127559
SWAY_PROFILE,patch_ready,12,14,127560
SWAY_PROFILE,block0_in,12,12,128184
SWAY_PROFILE,block1_in,12,7,128184
SWAY_PROFILE,embedding_in,12,14,128186
SWAY_PROFILE,head_in,12,3,128186
SWAY_PROFILE,patch_ready,12,15,128187
SWAY_PERF_INPUT_FRAME,14,118422,128477
SWAY_PROFILE,block0_in,12,13,128817
SWAY_PROFILE,block1_in,12,8,128817
SWAY_PROFILE,embedding_in,12,15,128819
SWAY_PROFILE,head_in,12,4,128819
SWAY_PROFILE,patch_ready,13,0,128820
SWAY_PROFILE,head_output_in,11,0,128965
SWAY_PROFILE,block0_in,12,14,129444
SWAY_PROFILE,block1_in,12,9,129444
SWAY_PROFILE,embedding_in,13,0,129446
SWAY_PROFILE,head_in,12,5,129446
SWAY_PROFILE,patch_ready,13,1,129447
SWAY_PROFILE,serialize_in,11,0,129707
SWAY_PERF_OUTPUT,627,61,129709
SWAY_PERF_OUTPUT,628,72,129710
SWAY_PERF_OUTPUT,629,58,129711
SWAY_PERF_OUTPUT,630,63,129712
SWAY_PERF_OUTPUT,631,71,129713
SWAY_PERF_OUTPUT,632,59,129714
SWAY_PERF_OUTPUT,633,17,129715
SWAY_PERF_OUTPUT,634,69,129716
SWAY_PERF_OUTPUT,635,80,129717
SWAY_PERF_OUTPUT,636,102,129718
SWAY_PERF_OUTPUT,637,53,129719
SWAY_PERF_OUTPUT,638,68,129720
SWAY_PERF_OUTPUT,639,58,129721
SWAY_PERF_OUTPUT,640,56,129722
SWAY_PERF_OUTPUT,641,48,129723
SWAY_PERF_OUTPUT,642,37,129724
SWAY_PERF_OUTPUT,643,13,129725
SWAY_PERF_OUTPUT,644,20,129726
SWAY_PERF_OUTPUT,645,73,129727
SWAY_PERF_OUTPUT,646,118,129728
SWAY_PERF_OUTPUT,647,127,129729
SWAY_PERF_OUTPUT,648,127,129730
SWAY_PERF_OUTPUT,649,127,129731
SWAY_PERF_OUTPUT,650,127,129732
SWAY_PERF_OUTPUT,651,116,129733
SWAY_PERF_OUTPUT,652,88,129734
SWAY_PERF_OUTPUT,653,127,129735
SWAY_PERF_OUTPUT,654,120,129736
SWAY_PERF_OUTPUT,655,119,129737
SWAY_PERF_OUTPUT,656,127,129738
SWAY_PERF_OUTPUT,657,110,129739
SWAY_PERF_OUTPUT,658,121,129740
SWAY_PERF_OUTPUT,659,118,129741
SWAY_PERF_OUTPUT,660,127,129742
SWAY_PERF_OUTPUT,661,127,129743
SWAY_PERF_OUTPUT,662,127,129744
SWAY_PERF_OUTPUT,663,127,129745
SWAY_PERF_OUTPUT,664,127,129746
SWAY_PERF_OUTPUT,665,-21,129747
SWAY_PERF_OUTPUT,666,-2,129748
SWAY_PERF_OUTPUT,667,32,129749
SWAY_PERF_OUTPUT,668,32,129750
SWAY_PERF_OUTPUT,669,17,129751
SWAY_PERF_OUTPUT,670,-14,129752
SWAY_PERF_OUTPUT,671,-22,129753
SWAY_PERF_OUTPUT,672,-12,129754
SWAY_PERF_OUTPUT,673,-47,129755
SWAY_PERF_OUTPUT,674,-38,129756
SWAY_PERF_OUTPUT,675,-36,129757
SWAY_PERF_OUTPUT,676,-46,129758
SWAY_PERF_OUTPUT,677,-81,129759
SWAY_PERF_OUTPUT,678,-67,129760
SWAY_PERF_OUTPUT,679,-17,129761
SWAY_PERF_OUTPUT,680,-41,129762
SWAY_PERF_OUTPUT,681,-65,129763
SWAY_PERF_OUTPUT,682,-78,129764
SWAY_PERF_OUTPUT,683,21,129765
SWAY_PERF_FRAME,11,129709,129765
SWAY_PROFILE,block0_in,12,15,130071
SWAY_PROFILE,block1_in,12,10,130071
SWAY_PROFILE,embedding_in,13,1,130073
SWAY_PROFILE,head_in,12,6,130073
SWAY_PROFILE,patch_ready,13,2,130074
SWAY_PROFILE,block0_in,13,0,130698
SWAY_PROFILE,block1_in,12,11,130698
SWAY_PROFILE,embedding_in,13,2,130700
SWAY_PROFILE,head_in,12,7,130700
SWAY_PROFILE,patch_ready,13,3,130701
SWAY_PROFILE,block0_in,13,1,131331
SWAY_PROFILE,block1_in,12,12,131331
SWAY_PROFILE,embedding_in,13,3,131333
SWAY_PROFILE,head_in,12,8,131333
SWAY_PROFILE,patch_ready,13,4,131334
SWAY_PROFILE,block0_in,13,2,131958
SWAY_PROFILE,block1_in,12,13,131958
SWAY_PROFILE,embedding_in,13,4,131960
SWAY_PROFILE,head_in,12,9,131960
SWAY_PROFILE,patch_ready,13,5,131961
SWAY_PROFILE,block0_in,13,3,132585
SWAY_PROFILE,block1_in,12,14,132585
SWAY_PROFILE,embedding_in,13,5,132587
SWAY_PROFILE,head_in,12,10,132587
SWAY_PROFILE,patch_ready,13,6,132588
SWAY_PROFILE,block0_in,13,4,133212
SWAY_PROFILE,block1_in,12,15,133212
SWAY_PROFILE,embedding_in,13,6,133214
SWAY_PROFILE,head_in,12,11,133214
SWAY_PROFILE,patch_ready,13,7,133215
SWAY_PROFILE,block0_in,13,5,133845
SWAY_PROFILE,block1_in,13,0,133845
SWAY_PROFILE,embedding_in,13,7,133847
SWAY_PROFILE,head_in,12,12,133847
SWAY_PROFILE,patch_ready,13,8,133848
SWAY_PROFILE,block0_in,13,6,134472
SWAY_PROFILE,block1_in,13,1,134472
SWAY_PROFILE,embedding_in,13,8,134474
SWAY_PROFILE,head_in,12,13,134474
SWAY_PROFILE,patch_ready,13,9,134475
SWAY_PROFILE,block0_in,13,7,135099
SWAY_PROFILE,block1_in,13,2,135099
SWAY_PROFILE,embedding_in,13,9,135101
SWAY_PROFILE,head_in,12,14,135101
SWAY_PROFILE,patch_ready,13,10,135102
SWAY_PROFILE,block0_in,13,8,135726
SWAY_PROFILE,block1_in,13,3,135726
SWAY_PROFILE,embedding_in,13,10,135728
SWAY_PROFILE,head_in,12,15,135728
SWAY_PROFILE,patch_ready,13,11,135729
SWAY_PROFILE,block0_in,13,9,136359
SWAY_PROFILE,block1_in,13,4,136359
SWAY_PROFILE,embedding_in,13,11,136361
SWAY_PROFILE,head_in,13,0,136361
SWAY_PROFILE,patch_ready,13,12,136362
SWAY_PROFILE,block0_in,13,10,136986
SWAY_PROFILE,block1_in,13,5,136986
SWAY_PROFILE,embedding_in,13,12,136988
SWAY_PROFILE,head_in,13,1,136988
SWAY_PROFILE,patch_ready,13,13,136989
SWAY_PROFILE,block0_in,13,11,137613
SWAY_PROFILE,block1_in,13,6,137613
SWAY_PROFILE,embedding_in,13,13,137615
SWAY_PROFILE,head_in,13,2,137615
SWAY_PROFILE,patch_ready,13,14,137616
SWAY_PROFILE,block0_in,13,12,138240
SWAY_PROFILE,block1_in,13,7,138240
SWAY_PROFILE,embedding_in,13,14,138242
SWAY_PROFILE,head_in,13,3,138242
SWAY_PROFILE,patch_ready,13,15,138243
SWAY_PERF_INPUT_FRAME,15,128478,138533
SWAY_PROFILE,block0_in,13,13,138873
SWAY_PROFILE,block1_in,13,8,138873
SWAY_PROFILE,embedding_in,13,15,138875
SWAY_PROFILE,head_in,13,4,138875
SWAY_PROFILE,patch_ready,14,0,138876
SWAY_PROFILE,head_output_in,12,0,139021
SWAY_PROFILE,block0_in,13,14,139500
SWAY_PROFILE,block1_in,13,9,139500
SWAY_PROFILE,embedding_in,14,0,139502
SWAY_PROFILE,head_in,13,5,139502
SWAY_PROFILE,patch_ready,14,1,139503
SWAY_PROFILE,serialize_in,12,0,139763
SWAY_PERF_OUTPUT,684,7,139765
SWAY_PERF_OUTPUT,685,7,139766
SWAY_PERF_OUTPUT,686,6,139767
SWAY_PERF_OUTPUT,687,6,139768
SWAY_PERF_OUTPUT,688,12,139769
SWAY_PERF_OUTPUT,689,16,139770
SWAY_PERF_OUTPUT,690,19,139771
SWAY_PERF_OUTPUT,691,1,139772
SWAY_PERF_OUTPUT,692,-2,139773
SWAY_PERF_OUTPUT,693,-3,139774
SWAY_PERF_OUTPUT,694,9,139775
SWAY_PERF_OUTPUT,695,10,139776
SWAY_PERF_OUTPUT,696,11,139777
SWAY_PERF_OUTPUT,697,11,139778
SWAY_PERF_OUTPUT,698,4,139779
SWAY_PERF_OUTPUT,699,2,139780
SWAY_PERF_OUTPUT,700,0,139781
SWAY_PERF_OUTPUT,701,0,139782
SWAY_PERF_OUTPUT,702,7,139783
SWAY_PERF_OUTPUT,703,63,139784
SWAY_PERF_OUTPUT,704,63,139785
SWAY_PERF_OUTPUT,705,63,139786
SWAY_PERF_OUTPUT,706,62,139787
SWAY_PERF_OUTPUT,707,62,139788
SWAY_PERF_OUTPUT,708,63,139789
SWAY_PERF_OUTPUT,709,61,139790
SWAY_PERF_OUTPUT,710,62,139791
SWAY_PERF_OUTPUT,711,63,139792
SWAY_PERF_OUTPUT,712,61,139793
SWAY_PERF_OUTPUT,713,62,139794
SWAY_PERF_OUTPUT,714,62,139795
SWAY_PERF_OUTPUT,715,63,139796
SWAY_PERF_OUTPUT,716,61,139797
SWAY_PERF_OUTPUT,717,62,139798
SWAY_PERF_OUTPUT,718,62,139799
SWAY_PERF_OUTPUT,719,63,139800
SWAY_PERF_OUTPUT,720,60,139801
SWAY_PERF_OUTPUT,721,63,139802
SWAY_PERF_OUTPUT,722,-7,139803
SWAY_PERF_OUTPUT,723,2,139804
SWAY_PERF_OUTPUT,724,13,139805
SWAY_PERF_OUTPUT,725,17,139806
SWAY_PERF_OUTPUT,726,9,139807
SWAY_PERF_OUTPUT,727,5,139808
SWAY_PERF_OUTPUT,728,2,139809
SWAY_PERF_OUTPUT,729,9,139810
SWAY_PERF_OUTPUT,730,2,139811
SWAY_PERF_OUTPUT,731,-4,139812
SWAY_PERF_OUTPUT,732,-7,139813
SWAY_PERF_OUTPUT,733,-17,139814
SWAY_PERF_OUTPUT,734,-28,139815
SWAY_PERF_OUTPUT,735,-29,139816
SWAY_PERF_OUTPUT,736,-7,139817
SWAY_PERF_OUTPUT,737,-16,139818
SWAY_PERF_OUTPUT,738,-27,139819
SWAY_PERF_OUTPUT,739,-29,139820
SWAY_PERF_OUTPUT,740,10,139821
SWAY_PERF_FRAME,12,139765,139821
SWAY_PROFILE,block0_in,13,15,140127
SWAY_PROFILE,block1_in,13,10,140127
SWAY_PROFILE,embedding_in,14,1,140129
SWAY_PROFILE,head_in,13,6,140129
SWAY_PROFILE,patch_ready,14,2,140130
SWAY_PROFILE,block0_in,14,0,140754
SWAY_PROFILE,block1_in,13,11,140754
SWAY_PROFILE,embedding_in,14,2,140756
SWAY_PROFILE,head_in,13,7,140756
SWAY_PROFILE,patch_ready,14,3,140757
SWAY_PROFILE,block0_in,14,1,141387
SWAY_PROFILE,block1_in,13,12,141387
SWAY_PROFILE,embedding_in,14,3,141389
SWAY_PROFILE,head_in,13,8,141389
SWAY_PROFILE,patch_ready,14,4,141390
SWAY_PROFILE,block0_in,14,2,142014
SWAY_PROFILE,block1_in,13,13,142014
SWAY_PROFILE,embedding_in,14,4,142016
SWAY_PROFILE,head_in,13,9,142016
SWAY_PROFILE,patch_ready,14,5,142017
SWAY_PROFILE,block0_in,14,3,142641
SWAY_PROFILE,block1_in,13,14,142641
SWAY_PROFILE,embedding_in,14,5,142643
SWAY_PROFILE,head_in,13,10,142643
SWAY_PROFILE,patch_ready,14,6,142644
SWAY_PROFILE,block0_in,14,4,143268
SWAY_PROFILE,block1_in,13,15,143268
SWAY_PROFILE,embedding_in,14,6,143270
SWAY_PROFILE,head_in,13,11,143270
SWAY_PROFILE,patch_ready,14,7,143271
SWAY_PROFILE,block0_in,14,5,143901
SWAY_PROFILE,block1_in,14,0,143901
SWAY_PROFILE,embedding_in,14,7,143903
SWAY_PROFILE,head_in,13,12,143903
SWAY_PROFILE,patch_ready,14,8,143904
SWAY_PROFILE,block0_in,14,6,144528
SWAY_PROFILE,block1_in,14,1,144528
SWAY_PROFILE,embedding_in,14,8,144530
SWAY_PROFILE,head_in,13,13,144530
SWAY_PROFILE,patch_ready,14,9,144531
SWAY_PROFILE,block0_in,14,7,145155
SWAY_PROFILE,block1_in,14,2,145155
SWAY_PROFILE,embedding_in,14,9,145157
SWAY_PROFILE,head_in,13,14,145157
SWAY_PROFILE,patch_ready,14,10,145158
SWAY_PROFILE,block0_in,14,8,145782
SWAY_PROFILE,block1_in,14,3,145782
SWAY_PROFILE,embedding_in,14,10,145784
SWAY_PROFILE,head_in,13,15,145784
SWAY_PROFILE,patch_ready,14,11,145785
SWAY_PROFILE,block0_in,14,9,146415
SWAY_PROFILE,block1_in,14,4,146415
SWAY_PROFILE,embedding_in,14,11,146417
SWAY_PROFILE,head_in,14,0,146417
SWAY_PROFILE,patch_ready,14,12,146418
SWAY_PROFILE,block0_in,14,10,147042
SWAY_PROFILE,block1_in,14,5,147042
SWAY_PROFILE,embedding_in,14,12,147044
SWAY_PROFILE,head_in,14,1,147044
SWAY_PROFILE,patch_ready,14,13,147045
SWAY_PROFILE,block0_in,14,11,147669
SWAY_PROFILE,block1_in,14,6,147669
SWAY_PROFILE,embedding_in,14,13,147671
SWAY_PROFILE,head_in,14,2,147671
SWAY_PROFILE,patch_ready,14,14,147672
SWAY_PROFILE,block0_in,14,12,148296
SWAY_PROFILE,block1_in,14,7,148296
SWAY_PROFILE,embedding_in,14,14,148298
SWAY_PROFILE,head_in,14,3,148298
SWAY_PROFILE,patch_ready,14,15,148299
SWAY_PERF_INPUT_FRAME,16,138534,148589
SWAY_PROFILE,block0_in,14,13,148929
SWAY_PROFILE,block1_in,14,8,148929
SWAY_PROFILE,embedding_in,14,15,148931
SWAY_PROFILE,head_in,14,4,148931
SWAY_PROFILE,patch_ready,15,0,148932
SWAY_PROFILE,head_output_in,13,0,149077
SWAY_PROFILE,block0_in,14,14,149556
SWAY_PROFILE,block1_in,14,9,149556
SWAY_PROFILE,embedding_in,15,0,149558
SWAY_PROFILE,head_in,14,5,149558
SWAY_PROFILE,patch_ready,15,1,149559
SWAY_PROFILE,serialize_in,13,0,149819
SWAY_PERF_OUTPUT,741,7,149821
SWAY_PERF_OUTPUT,742,7,149822
SWAY_PERF_OUTPUT,743,6,149823
SWAY_PERF_OUTPUT,744,6,149824
SWAY_PERF_OUTPUT,745,12,149825
SWAY_PERF_OUTPUT,746,16,149826
SWAY_PERF_OUTPUT,747,19,149827
SWAY_PERF_OUTPUT,748,1,149828
SWAY_PERF_OUTPUT,749,-2,149829
SWAY_PERF_OUTPUT,750,-3,149830
SWAY_PERF_OUTPUT,751,9,149831
SWAY_PERF_OUTPUT,752,10,149832
SWAY_PERF_OUTPUT,753,11,149833
SWAY_PERF_OUTPUT,754,11,149834
SWAY_PERF_OUTPUT,755,4,149835
SWAY_PERF_OUTPUT,756,2,149836
SWAY_PERF_OUTPUT,757,0,149837
SWAY_PERF_OUTPUT,758,0,149838
SWAY_PERF_OUTPUT,759,7,149839
SWAY_PERF_OUTPUT,760,63,149840
SWAY_PERF_OUTPUT,761,63,149841
SWAY_PERF_OUTPUT,762,63,149842
SWAY_PERF_OUTPUT,763,62,149843
SWAY_PERF_OUTPUT,764,62,149844
SWAY_PERF_OUTPUT,765,63,149845
SWAY_PERF_OUTPUT,766,61,149846
SWAY_PERF_OUTPUT,767,62,149847
SWAY_PERF_OUTPUT,768,63,149848
SWAY_PERF_OUTPUT,769,61,149849
SWAY_PERF_OUTPUT,770,62,149850
SWAY_PERF_OUTPUT,771,62,149851
SWAY_PERF_OUTPUT,772,63,149852
SWAY_PERF_OUTPUT,773,61,149853
SWAY_PERF_OUTPUT,774,62,149854
SWAY_PERF_OUTPUT,775,62,149855
SWAY_PERF_OUTPUT,776,63,149856
SWAY_PERF_OUTPUT,777,60,149857
SWAY_PERF_OUTPUT,778,63,149858
SWAY_PERF_OUTPUT,779,-7,149859
SWAY_PERF_OUTPUT,780,2,149860
SWAY_PERF_OUTPUT,781,13,149861
SWAY_PERF_OUTPUT,782,17,149862
SWAY_PERF_OUTPUT,783,9,149863
SWAY_PERF_OUTPUT,784,5,149864
SWAY_PERF_OUTPUT,785,2,149865
SWAY_PERF_OUTPUT,786,9,149866
SWAY_PERF_OUTPUT,787,2,149867
SWAY_PERF_OUTPUT,788,-4,149868
SWAY_PERF_OUTPUT,789,-7,149869
SWAY_PERF_OUTPUT,790,-17,149870
SWAY_PERF_OUTPUT,791,-28,149871
SWAY_PERF_OUTPUT,792,-29,149872
SWAY_PERF_OUTPUT,793,-7,149873
SWAY_PERF_OUTPUT,794,-16,149874
SWAY_PERF_OUTPUT,795,-27,149875
SWAY_PERF_OUTPUT,796,-29,149876
SWAY_PERF_OUTPUT,797,10,149877
SWAY_PERF_FRAME,13,149821,149877
SWAY_PROFILE,block0_in,14,15,150183
SWAY_PROFILE,block1_in,14,10,150183
SWAY_PROFILE,embedding_in,15,1,150185
SWAY_PROFILE,head_in,14,6,150185
SWAY_PROFILE,patch_ready,15,2,150186
SWAY_PROFILE,block0_in,15,0,150810
SWAY_PROFILE,block1_in,14,11,150810
SWAY_PROFILE,embedding_in,15,2,150812
SWAY_PROFILE,head_in,14,7,150812
SWAY_PROFILE,patch_ready,15,3,150813
SWAY_PROFILE,block0_in,15,1,151443
SWAY_PROFILE,block1_in,14,12,151443
SWAY_PROFILE,embedding_in,15,3,151445
SWAY_PROFILE,head_in,14,8,151445
SWAY_PROFILE,patch_ready,15,4,151446
SWAY_PROFILE,block0_in,15,2,152070
SWAY_PROFILE,block1_in,14,13,152070
SWAY_PROFILE,embedding_in,15,4,152072
SWAY_PROFILE,head_in,14,9,152072
SWAY_PROFILE,patch_ready,15,5,152073
SWAY_PROFILE,block0_in,15,3,152697
SWAY_PROFILE,block1_in,14,14,152697
SWAY_PROFILE,embedding_in,15,5,152699
SWAY_PROFILE,head_in,14,10,152699
SWAY_PROFILE,patch_ready,15,6,152700
SWAY_PROFILE,block0_in,15,4,153324
SWAY_PROFILE,block1_in,14,15,153324
SWAY_PROFILE,embedding_in,15,6,153326
SWAY_PROFILE,head_in,14,11,153326
SWAY_PROFILE,patch_ready,15,7,153327
SWAY_PROFILE,block0_in,15,5,153957
SWAY_PROFILE,block1_in,15,0,153957
SWAY_PROFILE,embedding_in,15,7,153959
SWAY_PROFILE,head_in,14,12,153959
SWAY_PROFILE,patch_ready,15,8,153960
SWAY_PROFILE,block0_in,15,6,154584
SWAY_PROFILE,block1_in,15,1,154584
SWAY_PROFILE,embedding_in,15,8,154586
SWAY_PROFILE,head_in,14,13,154586
SWAY_PROFILE,patch_ready,15,9,154587
SWAY_PROFILE,block0_in,15,7,155211
SWAY_PROFILE,block1_in,15,2,155211
SWAY_PROFILE,embedding_in,15,9,155213
SWAY_PROFILE,head_in,14,14,155213
SWAY_PROFILE,patch_ready,15,10,155214
SWAY_PROFILE,block0_in,15,8,155838
SWAY_PROFILE,block1_in,15,3,155838
SWAY_PROFILE,embedding_in,15,10,155840
SWAY_PROFILE,head_in,14,15,155840
SWAY_PROFILE,patch_ready,15,11,155841
SWAY_PROFILE,block0_in,15,9,156471
SWAY_PROFILE,block1_in,15,4,156471
SWAY_PROFILE,embedding_in,15,11,156473
SWAY_PROFILE,head_in,15,0,156473
SWAY_PROFILE,patch_ready,15,12,156474
SWAY_PROFILE,block0_in,15,10,157098
SWAY_PROFILE,block1_in,15,5,157098
SWAY_PROFILE,embedding_in,15,12,157100
SWAY_PROFILE,head_in,15,1,157100
SWAY_PROFILE,patch_ready,15,13,157101
SWAY_PROFILE,block0_in,15,11,157725
SWAY_PROFILE,block1_in,15,6,157725
SWAY_PROFILE,embedding_in,15,13,157727
SWAY_PROFILE,head_in,15,2,157727
SWAY_PROFILE,patch_ready,15,14,157728
SWAY_PROFILE,block0_in,15,12,158352
SWAY_PROFILE,block1_in,15,7,158352
SWAY_PROFILE,embedding_in,15,14,158354
SWAY_PROFILE,head_in,15,3,158354
SWAY_PROFILE,patch_ready,15,15,158355
SWAY_PERF_INPUT_FRAME,17,148590,158645
SWAY_PROFILE,block0_in,15,13,158985
SWAY_PROFILE,block1_in,15,8,158985
SWAY_PROFILE,embedding_in,15,15,158987
SWAY_PROFILE,head_in,15,4,158987
SWAY_PROFILE,patch_ready,16,0,158988
SWAY_PROFILE,head_output_in,14,0,159133
SWAY_PROFILE,block0_in,15,14,159612
SWAY_PROFILE,block1_in,15,9,159612
SWAY_PROFILE,embedding_in,16,0,159614
SWAY_PROFILE,head_in,15,5,159614
SWAY_PROFILE,patch_ready,16,1,159615
SWAY_PROFILE,serialize_in,14,0,159875
SWAY_PERF_OUTPUT,798,7,159877
SWAY_PERF_OUTPUT,799,7,159878
SWAY_PERF_OUTPUT,800,6,159879
SWAY_PERF_OUTPUT,801,6,159880
SWAY_PERF_OUTPUT,802,12,159881
SWAY_PERF_OUTPUT,803,16,159882
SWAY_PERF_OUTPUT,804,19,159883
SWAY_PERF_OUTPUT,805,1,159884
SWAY_PERF_OUTPUT,806,-2,159885
SWAY_PERF_OUTPUT,807,-3,159886
SWAY_PERF_OUTPUT,808,9,159887
SWAY_PERF_OUTPUT,809,10,159888
SWAY_PERF_OUTPUT,810,11,159889
SWAY_PERF_OUTPUT,811,11,159890
SWAY_PERF_OUTPUT,812,4,159891
SWAY_PERF_OUTPUT,813,2,159892
SWAY_PERF_OUTPUT,814,0,159893
SWAY_PERF_OUTPUT,815,0,159894
SWAY_PERF_OUTPUT,816,7,159895
SWAY_PERF_OUTPUT,817,63,159896
SWAY_PERF_OUTPUT,818,63,159897
SWAY_PERF_OUTPUT,819,63,159898
SWAY_PERF_OUTPUT,820,62,159899
SWAY_PERF_OUTPUT,821,62,159900
SWAY_PERF_OUTPUT,822,63,159901
SWAY_PERF_OUTPUT,823,61,159902
SWAY_PERF_OUTPUT,824,62,159903
SWAY_PERF_OUTPUT,825,63,159904
SWAY_PERF_OUTPUT,826,61,159905
SWAY_PERF_OUTPUT,827,62,159906
SWAY_PERF_OUTPUT,828,62,159907
SWAY_PERF_OUTPUT,829,63,159908
SWAY_PERF_OUTPUT,830,61,159909
SWAY_PERF_OUTPUT,831,62,159910
SWAY_PERF_OUTPUT,832,62,159911
SWAY_PERF_OUTPUT,833,63,159912
SWAY_PERF_OUTPUT,834,60,159913
SWAY_PERF_OUTPUT,835,63,159914
SWAY_PERF_OUTPUT,836,-7,159915
SWAY_PERF_OUTPUT,837,2,159916
SWAY_PERF_OUTPUT,838,13,159917
SWAY_PERF_OUTPUT,839,17,159918
SWAY_PERF_OUTPUT,840,9,159919
SWAY_PERF_OUTPUT,841,5,159920
SWAY_PERF_OUTPUT,842,2,159921
SWAY_PERF_OUTPUT,843,9,159922
SWAY_PERF_OUTPUT,844,2,159923
SWAY_PERF_OUTPUT,845,-4,159924
SWAY_PERF_OUTPUT,846,-7,159925
SWAY_PERF_OUTPUT,847,-17,159926
SWAY_PERF_OUTPUT,848,-28,159927
SWAY_PERF_OUTPUT,849,-29,159928
SWAY_PERF_OUTPUT,850,-7,159929
SWAY_PERF_OUTPUT,851,-16,159930
SWAY_PERF_OUTPUT,852,-27,159931
SWAY_PERF_OUTPUT,853,-29,159932
SWAY_PERF_OUTPUT,854,10,159933
SWAY_PERF_FRAME,14,159877,159933
SWAY_PROFILE,block0_in,15,15,160239
SWAY_PROFILE,block1_in,15,10,160239
SWAY_PROFILE,embedding_in,16,1,160241
SWAY_PROFILE,head_in,15,6,160241
SWAY_PROFILE,patch_ready,16,2,160242
SWAY_PROFILE,block0_in,16,0,160866
SWAY_PROFILE,block1_in,15,11,160866
SWAY_PROFILE,embedding_in,16,2,160868
SWAY_PROFILE,head_in,15,7,160868
SWAY_PROFILE,patch_ready,16,3,160869
SWAY_PROFILE,block0_in,16,1,161499
SWAY_PROFILE,block1_in,15,12,161499
SWAY_PROFILE,embedding_in,16,3,161501
SWAY_PROFILE,head_in,15,8,161501
SWAY_PROFILE,patch_ready,16,4,161502
SWAY_PROFILE,block0_in,16,2,162126
SWAY_PROFILE,block1_in,15,13,162126
SWAY_PROFILE,embedding_in,16,4,162128
SWAY_PROFILE,head_in,15,9,162128
SWAY_PROFILE,patch_ready,16,5,162129
SWAY_PROFILE,block0_in,16,3,162753
SWAY_PROFILE,block1_in,15,14,162753
SWAY_PROFILE,embedding_in,16,5,162755
SWAY_PROFILE,head_in,15,10,162755
SWAY_PROFILE,patch_ready,16,6,162756
SWAY_PROFILE,block0_in,16,4,163380
SWAY_PROFILE,block1_in,15,15,163380
SWAY_PROFILE,embedding_in,16,6,163382
SWAY_PROFILE,head_in,15,11,163382
SWAY_PROFILE,patch_ready,16,7,163383
SWAY_PROFILE,block0_in,16,5,164013
SWAY_PROFILE,block1_in,16,0,164013
SWAY_PROFILE,embedding_in,16,7,164015
SWAY_PROFILE,head_in,15,12,164015
SWAY_PROFILE,patch_ready,16,8,164016
SWAY_PROFILE,block0_in,16,6,164640
SWAY_PROFILE,block1_in,16,1,164640
SWAY_PROFILE,embedding_in,16,8,164642
SWAY_PROFILE,head_in,15,13,164642
SWAY_PROFILE,patch_ready,16,9,164643
SWAY_PROFILE,block0_in,16,7,165267
SWAY_PROFILE,block1_in,16,2,165267
SWAY_PROFILE,embedding_in,16,9,165269
SWAY_PROFILE,head_in,15,14,165269
SWAY_PROFILE,patch_ready,16,10,165270
SWAY_PROFILE,block0_in,16,8,165894
SWAY_PROFILE,block1_in,16,3,165894
SWAY_PROFILE,embedding_in,16,10,165896
SWAY_PROFILE,head_in,15,15,165896
SWAY_PROFILE,patch_ready,16,11,165897
SWAY_PROFILE,block0_in,16,9,166527
SWAY_PROFILE,block1_in,16,4,166527
SWAY_PROFILE,embedding_in,16,11,166529
SWAY_PROFILE,head_in,16,0,166529
SWAY_PROFILE,patch_ready,16,12,166530
SWAY_PROFILE,block0_in,16,10,167154
SWAY_PROFILE,block1_in,16,5,167154
SWAY_PROFILE,embedding_in,16,12,167156
SWAY_PROFILE,head_in,16,1,167156
SWAY_PROFILE,patch_ready,16,13,167157
SWAY_PROFILE,block0_in,16,11,167781
SWAY_PROFILE,block1_in,16,6,167781
SWAY_PROFILE,embedding_in,16,13,167783
SWAY_PROFILE,head_in,16,2,167783
SWAY_PROFILE,patch_ready,16,14,167784
SWAY_PROFILE,block0_in,16,12,168408
SWAY_PROFILE,block1_in,16,7,168408
SWAY_PROFILE,embedding_in,16,14,168410
SWAY_PROFILE,head_in,16,3,168410
SWAY_PROFILE,patch_ready,16,15,168411
SWAY_PERF_INPUT_FRAME,18,158646,168701
SWAY_PROFILE,block0_in,16,13,169041
SWAY_PROFILE,block1_in,16,8,169041
SWAY_PROFILE,embedding_in,16,15,169043
SWAY_PROFILE,head_in,16,4,169043
SWAY_PROFILE,patch_ready,17,0,169044
SWAY_PROFILE,head_output_in,15,0,169189
SWAY_PROFILE,block0_in,16,14,169668
SWAY_PROFILE,block1_in,16,9,169668
SWAY_PROFILE,embedding_in,17,0,169670
SWAY_PROFILE,head_in,16,5,169670
SWAY_PROFILE,patch_ready,17,1,169671
SWAY_PROFILE,serialize_in,15,0,169931
SWAY_PERF_OUTPUT,855,7,169933
SWAY_PERF_OUTPUT,856,8,169934
SWAY_PERF_OUTPUT,857,8,169935
SWAY_PERF_OUTPUT,858,8,169936
SWAY_PERF_OUTPUT,859,13,169937
SWAY_PERF_OUTPUT,860,17,169938
SWAY_PERF_OUTPUT,861,20,169939
SWAY_PERF_OUTPUT,862,2,169940
SWAY_PERF_OUTPUT,863,-2,169941
SWAY_PERF_OUTPUT,864,-5,169942
SWAY_PERF_OUTPUT,865,10,169943
SWAY_PERF_OUTPUT,866,11,169944
SWAY_PERF_OUTPUT,867,10,169945
SWAY_PERF_OUTPUT,868,11,169946
SWAY_PERF_OUTPUT,869,5,169947
SWAY_PERF_OUTPUT,870,3,169948
SWAY_PERF_OUTPUT,871,0,169949
SWAY_PERF_OUTPUT,872,0,169950
SWAY_PERF_OUTPUT,873,8,169951
SWAY_PERF_OUTPUT,874,62,169952
SWAY_PERF_OUTPUT,875,62,169953
SWAY_PERF_OUTPUT,876,62,169954
SWAY_PERF_OUTPUT,877,62,169955
SWAY_PERF_OUTPUT,878,62,169956
SWAY_PERF_OUTPUT,879,62,169957
SWAY_PERF_OUTPUT,880,60,169958
SWAY_PERF_OUTPUT,881,61,169959
SWAY_PERF_OUTPUT,882,61,169960
SWAY_PERF_OUTPUT,883,60,169961
SWAY_PERF_OUTPUT,884,61,169962
SWAY_PERF_OUTPUT,885,60,169963
SWAY_PERF_OUTPUT,886,62,169964
SWAY_PERF_OUTPUT,887,59,169965
SWAY_PERF_OUTPUT,888,61,169966
SWAY_PERF_OUTPUT,889,61,169967
SWAY_PERF_OUTPUT,890,64,169968
SWAY_PERF_OUTPUT,891,60,169969
SWAY_PERF_OUTPUT,892,62,169970
SWAY_PERF_OUTPUT,893,-6,169971
SWAY_PERF_OUTPUT,894,4,169972
SWAY_PERF_OUTPUT,895,14,169973
SWAY_PERF_OUTPUT,896,18,169974
SWAY_PERF_OUTPUT,897,10,169975
SWAY_PERF_OUTPUT,898,6,169976
SWAY_PERF_OUTPUT,899,-1,169977
SWAY_PERF_OUTPUT,900,10,169978
SWAY_PERF_OUTPUT,901,4,169979
SWAY_PERF_OUTPUT,902,-1,169980
SWAY_PERF_OUTPUT,903,-5,169981
SWAY_PERF_OUTPUT,904,-16,169982
SWAY_PERF_OUTPUT,905,-26,169983
SWAY_PERF_OUTPUT,906,-29,169984
SWAY_PERF_OUTPUT,907,-6,169985
SWAY_PERF_OUTPUT,908,-15,169986
SWAY_PERF_OUTPUT,909,-26,169987
SWAY_PERF_OUTPUT,910,-28,169988
SWAY_PERF_OUTPUT,911,11,169989
SWAY_PERF_FRAME,15,169933,169989
SWAY_PROFILE,block0_in,16,15,170295
SWAY_PROFILE,block1_in,16,10,170295
SWAY_PROFILE,embedding_in,17,1,170297
SWAY_PROFILE,head_in,16,6,170297
SWAY_PROFILE,patch_ready,17,2,170298
SWAY_PROFILE,block0_in,17,0,170922
SWAY_PROFILE,block1_in,16,11,170922
SWAY_PROFILE,embedding_in,17,2,170924
SWAY_PROFILE,head_in,16,7,170924
SWAY_PROFILE,patch_ready,17,3,170925
SWAY_PROFILE,block0_in,17,1,171555
SWAY_PROFILE,block1_in,16,12,171555
SWAY_PROFILE,embedding_in,17,3,171557
SWAY_PROFILE,head_in,16,8,171557
SWAY_PROFILE,patch_ready,17,4,171558
SWAY_PROFILE,block0_in,17,2,172182
SWAY_PROFILE,block1_in,16,13,172182
SWAY_PROFILE,embedding_in,17,4,172184
SWAY_PROFILE,head_in,16,9,172184
SWAY_PROFILE,patch_ready,17,5,172185
SWAY_PROFILE,block0_in,17,3,172809
SWAY_PROFILE,block1_in,16,14,172809
SWAY_PROFILE,embedding_in,17,5,172811
SWAY_PROFILE,head_in,16,10,172811
SWAY_PROFILE,patch_ready,17,6,172812
SWAY_PROFILE,block0_in,17,4,173436
SWAY_PROFILE,block1_in,16,15,173436
SWAY_PROFILE,embedding_in,17,6,173438
SWAY_PROFILE,head_in,16,11,173438
SWAY_PROFILE,patch_ready,17,7,173439
SWAY_PROFILE,block0_in,17,5,174069
SWAY_PROFILE,block1_in,17,0,174069
SWAY_PROFILE,embedding_in,17,7,174071
SWAY_PROFILE,head_in,16,12,174071
SWAY_PROFILE,patch_ready,17,8,174072
SWAY_PROFILE,block0_in,17,6,174696
SWAY_PROFILE,block1_in,17,1,174696
SWAY_PROFILE,embedding_in,17,8,174698
SWAY_PROFILE,head_in,16,13,174698
SWAY_PROFILE,patch_ready,17,9,174699
SWAY_PROFILE,block0_in,17,7,175323
SWAY_PROFILE,block1_in,17,2,175323
SWAY_PROFILE,embedding_in,17,9,175325
SWAY_PROFILE,head_in,16,14,175325
SWAY_PROFILE,patch_ready,17,10,175326
SWAY_PROFILE,block0_in,17,8,175950
SWAY_PROFILE,block1_in,17,3,175950
SWAY_PROFILE,embedding_in,17,10,175952
SWAY_PROFILE,head_in,16,15,175952
SWAY_PROFILE,patch_ready,17,11,175953
SWAY_PROFILE,block0_in,17,9,176583
SWAY_PROFILE,block1_in,17,4,176583
SWAY_PROFILE,embedding_in,17,11,176585
SWAY_PROFILE,head_in,17,0,176585
SWAY_PROFILE,patch_ready,17,12,176586
SWAY_PROFILE,block0_in,17,10,177210
SWAY_PROFILE,block1_in,17,5,177210
SWAY_PROFILE,embedding_in,17,12,177212
SWAY_PROFILE,head_in,17,1,177212
SWAY_PROFILE,patch_ready,17,13,177213
SWAY_PROFILE,block0_in,17,11,177837
SWAY_PROFILE,block1_in,17,6,177837
SWAY_PROFILE,embedding_in,17,13,177839
SWAY_PROFILE,head_in,17,2,177839
SWAY_PROFILE,patch_ready,17,14,177840
SWAY_PROFILE,block0_in,17,12,178464
SWAY_PROFILE,block1_in,17,7,178464
SWAY_PROFILE,embedding_in,17,14,178466
SWAY_PROFILE,head_in,17,3,178466
SWAY_PROFILE,patch_ready,17,15,178467
SWAY_PERF_INPUT_FRAME,19,168702,178757
SWAY_PROFILE,block0_in,17,13,179097
SWAY_PROFILE,block1_in,17,8,179097
SWAY_PROFILE,embedding_in,17,15,179099
SWAY_PROFILE,head_in,17,4,179099
SWAY_PROFILE,patch_ready,18,0,179100
SWAY_PROFILE,head_output_in,16,0,179245
SWAY_PROFILE,block0_in,17,14,179724
SWAY_PROFILE,block1_in,17,9,179724
SWAY_PROFILE,embedding_in,18,0,179726
SWAY_PROFILE,head_in,17,5,179726
SWAY_PROFILE,patch_ready,18,1,179727
SWAY_PROFILE,serialize_in,16,0,179987
SWAY_PERF_OUTPUT,912,8,179989
SWAY_PERF_OUTPUT,913,9,179990
SWAY_PERF_OUTPUT,914,8,179991
SWAY_PERF_OUTPUT,915,9,179992
SWAY_PERF_OUTPUT,916,13,179993
SWAY_PERF_OUTPUT,917,16,179994
SWAY_PERF_OUTPUT,918,15,179995
SWAY_PERF_OUTPUT,919,4,179996
SWAY_PERF_OUTPUT,920,1,179997
SWAY_PERF_OUTPUT,921,0,179998
SWAY_PERF_OUTPUT,922,10,179999
SWAY_PERF_OUTPUT,923,10,180000
SWAY_PERF_OUTPUT,924,8,180001
SWAY_PERF_OUTPUT,925,8,180002
SWAY_PERF_OUTPUT,926,6,180003
SWAY_PERF_OUTPUT,927,4,180004
SWAY_PERF_OUTPUT,928,2,180005
SWAY_PERF_OUTPUT,929,1,180006
SWAY_PERF_OUTPUT,930,9,180007
SWAY_PERF_OUTPUT,931,63,180008
SWAY_PERF_OUTPUT,932,63,180009
SWAY_PERF_OUTPUT,933,63,180010
SWAY_PERF_OUTPUT,934,63,180011
SWAY_PERF_OUTPUT,935,62,180012
SWAY_PERF_OUTPUT,936,62,180013
SWAY_PERF_OUTPUT,937,60,180014
SWAY_PERF_OUTPUT,938,62,180015
SWAY_PERF_OUTPUT,939,64,180016
SWAY_PERF_OUTPUT,940,62,180017
SWAY_PERF_OUTPUT,941,62,180018
SWAY_PERF_OUTPUT,942,62,180019
SWAY_PERF_OUTPUT,943,63,180020
SWAY_PERF_OUTPUT,944,62,180021
SWAY_PERF_OUTPUT,945,62,180022
SWAY_PERF_OUTPUT,946,62,180023
SWAY_PERF_OUTPUT,947,63,180024
SWAY_PERF_OUTPUT,948,59,180025
SWAY_PERF_OUTPUT,949,63,180026
SWAY_PERF_OUTPUT,950,-8,180027
SWAY_PERF_OUTPUT,951,2,180028
SWAY_PERF_OUTPUT,952,13,180029
SWAY_PERF_OUTPUT,953,17,180030
SWAY_PERF_OUTPUT,954,9,180031
SWAY_PERF_OUTPUT,955,2,180032
SWAY_PERF_OUTPUT,956,-4,180033
SWAY_PERF_OUTPUT,957,8,180034
SWAY_PERF_OUTPUT,958,2,180035
SWAY_PERF_OUTPUT,959,-4,180036
SWAY_PERF_OUTPUT,960,-7,180037
SWAY_PERF_OUTPUT,961,-17,180038
SWAY_PERF_OUTPUT,962,-28,180039
SWAY_PERF_OUTPUT,963,-30,180040
SWAY_PERF_OUTPUT,964,-7,180041
SWAY_PERF_OUTPUT,965,-16,180042
SWAY_PERF_OUTPUT,966,-26,180043
SWAY_PERF_OUTPUT,967,-29,180044
SWAY_PERF_OUTPUT,968,10,180045
SWAY_PERF_FRAME,16,179989,180045
SWAY_PROFILE,block0_in,17,15,180351
SWAY_PROFILE,block1_in,17,10,180351
SWAY_PROFILE,embedding_in,18,1,180353
SWAY_PROFILE,head_in,17,6,180353
SWAY_PROFILE,patch_ready,18,2,180354
SWAY_PROFILE,block0_in,18,0,180978
SWAY_PROFILE,block1_in,17,11,180978
SWAY_PROFILE,embedding_in,18,2,180980
SWAY_PROFILE,head_in,17,7,180980
SWAY_PROFILE,patch_ready,18,3,180981
SWAY_PROFILE,block0_in,18,1,181611
SWAY_PROFILE,block1_in,17,12,181611
SWAY_PROFILE,embedding_in,18,3,181613
SWAY_PROFILE,head_in,17,8,181613
SWAY_PROFILE,patch_ready,18,4,181614
SWAY_PROFILE,block0_in,18,2,182238
SWAY_PROFILE,block1_in,17,13,182238
SWAY_PROFILE,embedding_in,18,4,182240
SWAY_PROFILE,head_in,17,9,182240
SWAY_PROFILE,patch_ready,18,5,182241
SWAY_PROFILE,block0_in,18,3,182865
SWAY_PROFILE,block1_in,17,14,182865
SWAY_PROFILE,embedding_in,18,5,182867
SWAY_PROFILE,head_in,17,10,182867
SWAY_PROFILE,patch_ready,18,6,182868
SWAY_PROFILE,block0_in,18,4,183492
SWAY_PROFILE,block1_in,17,15,183492
SWAY_PROFILE,embedding_in,18,6,183494
SWAY_PROFILE,head_in,17,11,183494
SWAY_PROFILE,patch_ready,18,7,183495
SWAY_PROFILE,block0_in,18,5,184125
SWAY_PROFILE,block1_in,18,0,184125
SWAY_PROFILE,embedding_in,18,7,184127
SWAY_PROFILE,head_in,17,12,184127
SWAY_PROFILE,patch_ready,18,8,184128
SWAY_PROFILE,block0_in,18,6,184752
SWAY_PROFILE,block1_in,18,1,184752
SWAY_PROFILE,embedding_in,18,8,184754
SWAY_PROFILE,head_in,17,13,184754
SWAY_PROFILE,patch_ready,18,9,184755
SWAY_PROFILE,block0_in,18,7,185379
SWAY_PROFILE,block1_in,18,2,185379
SWAY_PROFILE,embedding_in,18,9,185381
SWAY_PROFILE,head_in,17,14,185381
SWAY_PROFILE,patch_ready,18,10,185382
SWAY_PROFILE,block0_in,18,8,186006
SWAY_PROFILE,block1_in,18,3,186006
SWAY_PROFILE,embedding_in,18,10,186008
SWAY_PROFILE,head_in,17,15,186008
SWAY_PROFILE,patch_ready,18,11,186009
SWAY_PROFILE,block0_in,18,9,186639
SWAY_PROFILE,block1_in,18,4,186639
SWAY_PROFILE,embedding_in,18,11,186641
SWAY_PROFILE,head_in,18,0,186641
SWAY_PROFILE,patch_ready,18,12,186642
SWAY_PROFILE,block0_in,18,10,187266
SWAY_PROFILE,block1_in,18,5,187266
SWAY_PROFILE,embedding_in,18,12,187268
SWAY_PROFILE,head_in,18,1,187268
SWAY_PROFILE,patch_ready,18,13,187269
SWAY_PROFILE,block0_in,18,11,187893
SWAY_PROFILE,block1_in,18,6,187893
SWAY_PROFILE,embedding_in,18,13,187895
SWAY_PROFILE,head_in,18,2,187895
SWAY_PROFILE,patch_ready,18,14,187896
SWAY_PROFILE,block0_in,18,12,188520
SWAY_PROFILE,block1_in,18,7,188520
SWAY_PROFILE,embedding_in,18,14,188522
SWAY_PROFILE,head_in,18,3,188522
SWAY_PROFILE,patch_ready,18,15,188523
SWAY_PERF_INPUT_FRAME,20,178758,188813
SWAY_PROFILE,block0_in,18,13,189153
SWAY_PROFILE,block1_in,18,8,189153
SWAY_PROFILE,embedding_in,18,15,189155
SWAY_PROFILE,head_in,18,4,189155
SWAY_PROFILE,patch_ready,19,0,189156
SWAY_PROFILE,head_output_in,17,0,189301
SWAY_PROFILE,block0_in,18,14,189780
SWAY_PROFILE,block1_in,18,9,189780
SWAY_PROFILE,embedding_in,19,0,189782
SWAY_PROFILE,head_in,18,5,189782
SWAY_PROFILE,patch_ready,19,1,189783
SWAY_PROFILE,serialize_in,17,0,190043
SWAY_PERF_OUTPUT,969,7,190045
SWAY_PERF_OUTPUT,970,7,190046
SWAY_PERF_OUTPUT,971,6,190047
SWAY_PERF_OUTPUT,972,7,190048
SWAY_PERF_OUTPUT,973,13,190049
SWAY_PERF_OUTPUT,974,17,190050
SWAY_PERF_OUTPUT,975,20,190051
SWAY_PERF_OUTPUT,976,1,190052
SWAY_PERF_OUTPUT,977,-3,190053
SWAY_PERF_OUTPUT,978,-4,190054
SWAY_PERF_OUTPUT,979,10,190055
SWAY_PERF_OUTPUT,980,11,190056
SWAY_PERF_OUTPUT,981,13,190057
SWAY_PERF_OUTPUT,982,13,190058
SWAY_PERF_OUTPUT,983,5,190059
SWAY_PERF_OUTPUT,984,4,190060
SWAY_PERF_OUTPUT,985,2,190061
SWAY_PERF_OUTPUT,986,2,190062
SWAY_PERF_OUTPUT,987,7,190063
SWAY_PERF_OUTPUT,988,62,190064
SWAY_PERF_OUTPUT,989,62,190065
SWAY_PERF_OUTPUT,990,62,190066
SWAY_PERF_OUTPUT,991,61,190067
SWAY_PERF_OUTPUT,992,63,190068
SWAY_PERF_OUTPUT,993,65,190069
SWAY_PERF_OUTPUT,994,62,190070
SWAY_PERF_OUTPUT,995,60,190071
SWAY_PERF_OUTPUT,996,59,190072
SWAY_PERF_OUTPUT,997,57,190073
SWAY_PERF_OUTPUT,998,60,190074
SWAY_PERF_OUTPUT,999,60,190075
SWAY_PERF_OUTPUT,1000,59,190076
SWAY_PERF_OUTPUT,1001,56,190077
SWAY_PERF_OUTPUT,1002,60,190078
SWAY_PERF_OUTPUT,1003,63,190079
SWAY_PERF_OUTPUT,1004,65,190080
SWAY_PERF_OUTPUT,1005,62,190081
SWAY_PERF_OUTPUT,1006,62,190082
SWAY_PERF_OUTPUT,1007,-3,190083
SWAY_PERF_OUTPUT,1008,7,190084
SWAY_PERF_OUTPUT,1009,17,190085
SWAY_PERF_OUTPUT,1010,22,190086
SWAY_PERF_OUTPUT,1011,14,190087
SWAY_PERF_OUTPUT,1012,10,190088
SWAY_PERF_OUTPUT,1013,8,190089
SWAY_PERF_OUTPUT,1014,14,190090
SWAY_PERF_OUTPUT,1015,8,190091
SWAY_PERF_OUTPUT,1016,4,190092
SWAY_PERF_OUTPUT,1017,-2,190093
SWAY_PERF_OUTPUT,1018,-15,190094
SWAY_PERF_OUTPUT,1019,-26,190095
SWAY_PERF_OUTPUT,1020,-28,190096
SWAY_PERF_OUTPUT,1021,-3,190097
SWAY_PERF_OUTPUT,1022,-15,190098
SWAY_PERF_OUTPUT,1023,-26,190099
SWAY_PERF_OUTPUT,1024,-28,190100
SWAY_PERF_OUTPUT,1025,15,190101
SWAY_PERF_FRAME,17,190045,190101
SWAY_PROFILE,block0_in,18,15,190407
SWAY_PROFILE,block1_in,18,10,190407
SWAY_PROFILE,embedding_in,19,1,190409
SWAY_PROFILE,head_in,18,6,190409
SWAY_PROFILE,patch_ready,19,2,190410
SWAY_PROFILE,block0_in,19,0,191034
SWAY_PROFILE,block1_in,18,11,191034
SWAY_PROFILE,embedding_in,19,2,191036
SWAY_PROFILE,head_in,18,7,191036
SWAY_PROFILE,patch_ready,19,3,191037
SWAY_PROFILE,block0_in,19,1,191667
SWAY_PROFILE,block1_in,18,12,191667
SWAY_PROFILE,embedding_in,19,3,191669
SWAY_PROFILE,head_in,18,8,191669
SWAY_PROFILE,patch_ready,19,4,191670
SWAY_PROFILE,block0_in,19,2,192294
SWAY_PROFILE,block1_in,18,13,192294
SWAY_PROFILE,embedding_in,19,4,192296
SWAY_PROFILE,head_in,18,9,192296
SWAY_PROFILE,patch_ready,19,5,192297
SWAY_PROFILE,block0_in,19,3,192921
SWAY_PROFILE,block1_in,18,14,192921
SWAY_PROFILE,embedding_in,19,5,192923
SWAY_PROFILE,head_in,18,10,192923
SWAY_PROFILE,patch_ready,19,6,192924
SWAY_PROFILE,block0_in,19,4,193548
SWAY_PROFILE,block1_in,18,15,193548
SWAY_PROFILE,embedding_in,19,6,193550
SWAY_PROFILE,head_in,18,11,193550
SWAY_PROFILE,patch_ready,19,7,193551
SWAY_PROFILE,block0_in,19,5,194181
SWAY_PROFILE,block1_in,19,0,194181
SWAY_PROFILE,embedding_in,19,7,194183
SWAY_PROFILE,head_in,18,12,194183
SWAY_PROFILE,patch_ready,19,8,194184
SWAY_PROFILE,block0_in,19,6,194808
SWAY_PROFILE,block1_in,19,1,194808
SWAY_PROFILE,embedding_in,19,8,194810
SWAY_PROFILE,head_in,18,13,194810
SWAY_PROFILE,patch_ready,19,9,194811
SWAY_PROFILE,block0_in,19,7,195435
SWAY_PROFILE,block1_in,19,2,195435
SWAY_PROFILE,embedding_in,19,9,195437
SWAY_PROFILE,head_in,18,14,195437
SWAY_PROFILE,patch_ready,19,10,195438
SWAY_PROFILE,block0_in,19,8,196062
SWAY_PROFILE,block1_in,19,3,196062
SWAY_PROFILE,embedding_in,19,10,196064
SWAY_PROFILE,head_in,18,15,196064
SWAY_PROFILE,patch_ready,19,11,196065
SWAY_PROFILE,block0_in,19,9,196695
SWAY_PROFILE,block1_in,19,4,196695
SWAY_PROFILE,embedding_in,19,11,196697
SWAY_PROFILE,head_in,19,0,196697
SWAY_PROFILE,patch_ready,19,12,196698
SWAY_PROFILE,block0_in,19,10,197322
SWAY_PROFILE,block1_in,19,5,197322
SWAY_PROFILE,embedding_in,19,12,197324
SWAY_PROFILE,head_in,19,1,197324
SWAY_PROFILE,patch_ready,19,13,197325
SWAY_PROFILE,block0_in,19,11,197949
SWAY_PROFILE,block1_in,19,6,197949
SWAY_PROFILE,embedding_in,19,13,197951
SWAY_PROFILE,head_in,19,2,197951
SWAY_PROFILE,patch_ready,19,14,197952
SWAY_PROFILE,block0_in,19,12,198576
SWAY_PROFILE,block1_in,19,7,198576
SWAY_PROFILE,embedding_in,19,14,198578
SWAY_PROFILE,head_in,19,3,198578
SWAY_PROFILE,patch_ready,19,15,198579
SWAY_PERF_INPUT_FRAME,21,188814,198869
SWAY_PROFILE,block0_in,19,13,199209
SWAY_PROFILE,block1_in,19,8,199209
SWAY_PROFILE,embedding_in,19,15,199211
SWAY_PROFILE,head_in,19,4,199211
SWAY_PROFILE,patch_ready,20,0,199212
SWAY_PROFILE,head_output_in,18,0,199357
SWAY_PROFILE,block0_in,19,14,199836
SWAY_PROFILE,block1_in,19,9,199836
SWAY_PROFILE,embedding_in,20,0,199838
SWAY_PROFILE,head_in,19,5,199838
SWAY_PROFILE,patch_ready,20,1,199839
SWAY_PROFILE,serialize_in,18,0,200099
SWAY_PERF_OUTPUT,1026,8,200101
SWAY_PERF_OUTPUT,1027,9,200102
SWAY_PERF_OUTPUT,1028,9,200103
SWAY_PERF_OUTPUT,1029,9,200104
SWAY_PERF_OUTPUT,1030,14,200105
SWAY_PERF_OUTPUT,1031,20,200106
SWAY_PERF_OUTPUT,1032,23,200107
SWAY_PERF_OUTPUT,1033,3,200108
SWAY_PERF_OUTPUT,1034,-4,200109
SWAY_PERF_OUTPUT,1035,-9,200110
SWAY_PERF_OUTPUT,1036,11,200111
SWAY_PERF_OUTPUT,1037,13,200112
SWAY_PERF_OUTPUT,1038,13,200113
SWAY_PERF_OUTPUT,1039,14,200114
SWAY_PERF_OUTPUT,1040,6,200115
SWAY_PERF_OUTPUT,1041,0,200116
SWAY_PERF_OUTPUT,1042,-5,200117
SWAY_PERF_OUTPUT,1043,-5,200118
SWAY_PERF_OUTPUT,1044,9,200119
SWAY_PERF_OUTPUT,1045,62,200120
SWAY_PERF_OUTPUT,1046,61,200121
SWAY_PERF_OUTPUT,1047,60,200122
SWAY_PERF_OUTPUT,1048,59,200123
SWAY_PERF_OUTPUT,1049,59,200124
SWAY_PERF_OUTPUT,1050,59,200125
SWAY_PERF_OUTPUT,1051,58,200126
SWAY_PERF_OUTPUT,1052,60,200127
SWAY_PERF_OUTPUT,1053,60,200128
SWAY_PERF_OUTPUT,1054,59,200129
SWAY_PERF_OUTPUT,1055,60,200130
SWAY_PERF_OUTPUT,1056,58,200131
SWAY_PERF_OUTPUT,1057,61,200132
SWAY_PERF_OUTPUT,1058,59,200133
SWAY_PERF_OUTPUT,1059,61,200134
SWAY_PERF_OUTPUT,1060,59,200135
SWAY_PERF_OUTPUT,1061,61,200136
SWAY_PERF_OUTPUT,1062,58,200137
SWAY_PERF_OUTPUT,1063,60,200138
SWAY_PERF_OUTPUT,1064,-8,200139
SWAY_PERF_OUTPUT,1065,2,200140
SWAY_PERF_OUTPUT,1066,11,200141
SWAY_PERF_OUTPUT,1067,15,200142
SWAY_PERF_OUTPUT,1068,8,200143
SWAY_PERF_OUTPUT,1069,6,200144
SWAY_PERF_OUTPUT,1070,5,200145
SWAY_PERF_OUTPUT,1071,8,200146
SWAY_PERF_OUTPUT,1072,6,200147
SWAY_PERF_OUTPUT,1073,8,200148
SWAY_PERF_OUTPUT,1074,-7,200149
SWAY_PERF_OUTPUT,1075,-16,200150
SWAY_PERF_OUTPUT,1076,-27,200151
SWAY_PERF_OUTPUT,1077,-29,200152
SWAY_PERF_OUTPUT,1078,-7,200153
SWAY_PERF_OUTPUT,1079,-14,200154
SWAY_PERF_OUTPUT,1080,-25,200155
SWAY_PERF_OUTPUT,1081,-27,200156
SWAY_PERF_OUTPUT,1082,9,200157
SWAY_PERF_FRAME,18,200101,200157
SWAY_PROFILE,block0_in,19,15,200463
SWAY_PROFILE,block1_in,19,10,200463
SWAY_PROFILE,embedding_in,20,1,200465
SWAY_PROFILE,head_in,19,6,200465
SWAY_PROFILE,patch_ready,20,2,200466
SWAY_PROFILE,block0_in,20,0,201090
SWAY_PROFILE,block1_in,19,11,201090
SWAY_PROFILE,embedding_in,20,2,201092
SWAY_PROFILE,head_in,19,7,201092
SWAY_PROFILE,patch_ready,20,3,201093
SWAY_PROFILE,block0_in,20,1,201723
SWAY_PROFILE,block1_in,19,12,201723
SWAY_PROFILE,embedding_in,20,3,201725
SWAY_PROFILE,head_in,19,8,201725
SWAY_PROFILE,patch_ready,20,4,201726
SWAY_PROFILE,block0_in,20,2,202350
SWAY_PROFILE,block1_in,19,13,202350
SWAY_PROFILE,embedding_in,20,4,202352
SWAY_PROFILE,head_in,19,9,202352
SWAY_PROFILE,patch_ready,20,5,202353
SWAY_PROFILE,block0_in,20,3,202977
SWAY_PROFILE,block1_in,19,14,202977
SWAY_PROFILE,embedding_in,20,5,202979
SWAY_PROFILE,head_in,19,10,202979
SWAY_PROFILE,patch_ready,20,6,202980
SWAY_PROFILE,block0_in,20,4,203604
SWAY_PROFILE,block1_in,19,15,203604
SWAY_PROFILE,embedding_in,20,6,203606
SWAY_PROFILE,head_in,19,11,203606
SWAY_PROFILE,patch_ready,20,7,203607
SWAY_PROFILE,block0_in,20,5,204237
SWAY_PROFILE,block1_in,20,0,204237
SWAY_PROFILE,embedding_in,20,7,204239
SWAY_PROFILE,head_in,19,12,204239
SWAY_PROFILE,patch_ready,20,8,204240
SWAY_PROFILE,block0_in,20,6,204864
SWAY_PROFILE,block1_in,20,1,204864
SWAY_PROFILE,embedding_in,20,8,204866
SWAY_PROFILE,head_in,19,13,204866
SWAY_PROFILE,patch_ready,20,9,204867
SWAY_PROFILE,block0_in,20,7,205491
SWAY_PROFILE,block1_in,20,2,205491
SWAY_PROFILE,embedding_in,20,9,205493
SWAY_PROFILE,head_in,19,14,205493
SWAY_PROFILE,patch_ready,20,10,205494
SWAY_PROFILE,block0_in,20,8,206118
SWAY_PROFILE,block1_in,20,3,206118
SWAY_PROFILE,embedding_in,20,10,206120
SWAY_PROFILE,head_in,19,15,206120
SWAY_PROFILE,patch_ready,20,11,206121
SWAY_PROFILE,block0_in,20,9,206751
SWAY_PROFILE,block1_in,20,4,206751
SWAY_PROFILE,embedding_in,20,11,206753
SWAY_PROFILE,head_in,20,0,206753
SWAY_PROFILE,patch_ready,20,12,206754
SWAY_PROFILE,block0_in,20,10,207378
SWAY_PROFILE,block1_in,20,5,207378
SWAY_PROFILE,embedding_in,20,12,207380
SWAY_PROFILE,head_in,20,1,207380
SWAY_PROFILE,patch_ready,20,13,207381
SWAY_PROFILE,block0_in,20,11,208005
SWAY_PROFILE,block1_in,20,6,208005
SWAY_PROFILE,embedding_in,20,13,208007
SWAY_PROFILE,head_in,20,2,208007
SWAY_PROFILE,patch_ready,20,14,208008
SWAY_PROFILE,block0_in,20,12,208632
SWAY_PROFILE,block1_in,20,7,208632
SWAY_PROFILE,embedding_in,20,14,208634
SWAY_PROFILE,head_in,20,3,208634
SWAY_PROFILE,patch_ready,20,15,208635
SWAY_PERF_INPUT_FRAME,22,198870,208925
SWAY_PROFILE,block0_in,20,13,209265
SWAY_PROFILE,block1_in,20,8,209265
SWAY_PROFILE,embedding_in,20,15,209267
SWAY_PROFILE,head_in,20,4,209267
SWAY_PROFILE,patch_ready,21,0,209268
SWAY_PROFILE,head_output_in,19,0,209413
SWAY_PROFILE,block0_in,20,14,209892
SWAY_PROFILE,block1_in,20,9,209892
SWAY_PROFILE,embedding_in,21,0,209894
SWAY_PROFILE,head_in,20,5,209894
SWAY_PROFILE,patch_ready,21,1,209895
SWAY_PROFILE,serialize_in,19,0,210155
SWAY_PERF_OUTPUT,1083,4,210157
SWAY_PERF_OUTPUT,1084,4,210158
SWAY_PERF_OUTPUT,1085,3,210159
SWAY_PERF_OUTPUT,1086,3,210160
SWAY_PERF_OUTPUT,1087,9,210161
SWAY_PERF_OUTPUT,1088,16,210162
SWAY_PERF_OUTPUT,1089,19,210163
SWAY_PERF_OUTPUT,1090,-2,210164
SWAY_PERF_OUTPUT,1091,-7,210165
SWAY_PERF_OUTPUT,1092,-8,210166
SWAY_PERF_OUTPUT,1093,7,210167
SWAY_PERF_OUTPUT,1094,11,210168
SWAY_PERF_OUTPUT,1095,13,210169
SWAY_PERF_OUTPUT,1096,14,210170
SWAY_PERF_OUTPUT,1097,2,210171
SWAY_PERF_OUTPUT,1098,-1,210172
SWAY_PERF_OUTPUT,1099,-2,210173
SWAY_PERF_OUTPUT,1100,-2,210174
SWAY_PERF_OUTPUT,1101,3,210175
SWAY_PERF_OUTPUT,1102,61,210176
SWAY_PERF_OUTPUT,1103,61,210177
SWAY_PERF_OUTPUT,1104,60,210178
SWAY_PERF_OUTPUT,1105,60,210179
SWAY_PERF_OUTPUT,1106,60,210180
SWAY_PERF_OUTPUT,1107,61,210181
SWAY_PERF_OUTPUT,1108,59,210182
SWAY_PERF_OUTPUT,1109,59,210183
SWAY_PERF_OUTPUT,1110,59,210184
SWAY_PERF_OUTPUT,1111,58,210185
SWAY_PERF_OUTPUT,1112,60,210186
SWAY_PERF_OUTPUT,1113,59,210187
SWAY_PERF_OUTPUT,1114,60,210188
SWAY_PERF_OUTPUT,1115,57,210189
SWAY_PERF_OUTPUT,1116,60,210190
SWAY_PERF_OUTPUT,1117,59,210191
SWAY_PERF_OUTPUT,1118,62,210192
SWAY_PERF_OUTPUT,1119,59,210193
SWAY_PERF_OUTPUT,1120,60,210194
SWAY_PERF_OUTPUT,1121,-6,210195
SWAY_PERF_OUTPUT,1122,4,210196
SWAY_PERF_OUTPUT,1123,14,210197
SWAY_PERF_OUTPUT,1124,18,210198
SWAY_PERF_OUTPUT,1125,11,210199
SWAY_PERF_OUTPUT,1126,10,210200
SWAY_PERF_OUTPUT,1127,11,210201
SWAY_PERF_OUTPUT,1128,10,210202
SWAY_PERF_OUTPUT,1129,6,210203
SWAY_PERF_OUTPUT,1130,5,210204
SWAY_PERF_OUTPUT,1131,-5,210205
SWAY_PERF_OUTPUT,1132,-15,210206
SWAY_PERF_OUTPUT,1133,-25,210207
SWAY_PERF_OUTPUT,1134,-28,210208
SWAY_PERF_OUTPUT,1135,-6,210209
SWAY_PERF_OUTPUT,1136,-15,210210
SWAY_PERF_OUTPUT,1137,-27,210211
SWAY_PERF_OUTPUT,1138,-29,210212
SWAY_PERF_OUTPUT,1139,12,210213
SWAY_PERF_FRAME,19,210157,210213
SWAY_PROFILE,block0_in,20,15,210519
SWAY_PROFILE,block1_in,20,10,210519
SWAY_PROFILE,embedding_in,21,1,210521
SWAY_PROFILE,head_in,20,6,210521
SWAY_PROFILE,patch_ready,21,2,210522
SWAY_PROFILE,block0_in,21,0,211146
SWAY_PROFILE,block1_in,20,11,211146
SWAY_PROFILE,embedding_in,21,2,211148
SWAY_PROFILE,head_in,20,7,211148
SWAY_PROFILE,patch_ready,21,3,211149
SWAY_PROFILE,block0_in,21,1,211779
SWAY_PROFILE,block1_in,20,12,211779
SWAY_PROFILE,embedding_in,21,3,211781
SWAY_PROFILE,head_in,20,8,211781
SWAY_PROFILE,patch_ready,21,4,211782
SWAY_PROFILE,block0_in,21,2,212406
SWAY_PROFILE,block1_in,20,13,212406
SWAY_PROFILE,embedding_in,21,4,212408
SWAY_PROFILE,head_in,20,9,212408
SWAY_PROFILE,patch_ready,21,5,212409
SWAY_PROFILE,block0_in,21,3,213033
SWAY_PROFILE,block1_in,20,14,213033
SWAY_PROFILE,embedding_in,21,5,213035
SWAY_PROFILE,head_in,20,10,213035
SWAY_PROFILE,patch_ready,21,6,213036
SWAY_PROFILE,block0_in,21,4,213660
SWAY_PROFILE,block1_in,20,15,213660
SWAY_PROFILE,embedding_in,21,6,213662
SWAY_PROFILE,head_in,20,11,213662
SWAY_PROFILE,patch_ready,21,7,213663
SWAY_PROFILE,block0_in,21,5,214293
SWAY_PROFILE,block1_in,21,0,214293
SWAY_PROFILE,embedding_in,21,7,214295
SWAY_PROFILE,head_in,20,12,214295
SWAY_PROFILE,patch_ready,21,8,214296
SWAY_PROFILE,block0_in,21,6,214920
SWAY_PROFILE,block1_in,21,1,214920
SWAY_PROFILE,embedding_in,21,8,214922
SWAY_PROFILE,head_in,20,13,214922
SWAY_PROFILE,patch_ready,21,9,214923
SWAY_PROFILE,block0_in,21,7,215547
SWAY_PROFILE,block1_in,21,2,215547
SWAY_PROFILE,embedding_in,21,9,215549
SWAY_PROFILE,head_in,20,14,215549
SWAY_PROFILE,patch_ready,21,10,215550
SWAY_PROFILE,block0_in,21,8,216174
SWAY_PROFILE,block1_in,21,3,216174
SWAY_PROFILE,embedding_in,21,10,216176
SWAY_PROFILE,head_in,20,15,216176
SWAY_PROFILE,patch_ready,21,11,216177
SWAY_PROFILE,block0_in,21,9,216807
SWAY_PROFILE,block1_in,21,4,216807
SWAY_PROFILE,embedding_in,21,11,216809
SWAY_PROFILE,head_in,21,0,216809
SWAY_PROFILE,patch_ready,21,12,216810
SWAY_PROFILE,block0_in,21,10,217434
SWAY_PROFILE,block1_in,21,5,217434
SWAY_PROFILE,embedding_in,21,12,217436
SWAY_PROFILE,head_in,21,1,217436
SWAY_PROFILE,patch_ready,21,13,217437
SWAY_PROFILE,block0_in,21,11,218061
SWAY_PROFILE,block1_in,21,6,218061
SWAY_PROFILE,embedding_in,21,13,218063
SWAY_PROFILE,head_in,21,2,218063
SWAY_PROFILE,patch_ready,21,14,218064
SWAY_PROFILE,block0_in,21,12,218688
SWAY_PROFILE,block1_in,21,7,218688
SWAY_PROFILE,embedding_in,21,14,218690
SWAY_PROFILE,head_in,21,3,218690
SWAY_PROFILE,patch_ready,21,15,218691
SWAY_PERF_INPUT_FRAME,23,208926,218981
SWAY_PROFILE,block0_in,21,13,219321
SWAY_PROFILE,block1_in,21,8,219321
SWAY_PROFILE,embedding_in,21,15,219323
SWAY_PROFILE,head_in,21,4,219323
SWAY_PROFILE,patch_ready,22,0,219324
SWAY_PROFILE,head_output_in,20,0,219469
SWAY_PROFILE,block0_in,21,14,219948
SWAY_PROFILE,block1_in,21,9,219948
SWAY_PROFILE,embedding_in,22,0,219950
SWAY_PROFILE,head_in,21,5,219950
SWAY_PROFILE,patch_ready,22,1,219951
SWAY_PROFILE,serialize_in,20,0,220211
SWAY_PERF_OUTPUT,1140,4,220213
SWAY_PERF_OUTPUT,1141,4,220214
SWAY_PERF_OUTPUT,1142,3,220215
SWAY_PERF_OUTPUT,1143,3,220216
SWAY_PERF_OUTPUT,1144,10,220217
SWAY_PERF_OUTPUT,1145,16,220218
SWAY_PERF_OUTPUT,1146,21,220219
SWAY_PERF_OUTPUT,1147,-3,220220
SWAY_PERF_OUTPUT,1148,-10,220221
SWAY_PERF_OUTPUT,1149,-15,220222
SWAY_PERF_OUTPUT,1150,7,220223
SWAY_PERF_OUTPUT,1151,11,220224
SWAY_PERF_OUTPUT,1152,15,220225
SWAY_PERF_OUTPUT,1153,15,220226
SWAY_PERF_OUTPUT,1154,2,220227
SWAY_PERF_OUTPUT,1155,-2,220228
SWAY_PERF_OUTPUT,1156,-5,220229
SWAY_PERF_OUTPUT,1157,-5,220230
SWAY_PERF_OUTPUT,1158,3,220231
SWAY_PERF_OUTPUT,1159,63,220232
SWAY_PERF_OUTPUT,1160,62,220233
SWAY_PERF_OUTPUT,1161,61,220234
SWAY_PERF_OUTPUT,1162,61,220235
SWAY_PERF_OUTPUT,1163,62,220236
SWAY_PERF_OUTPUT,1164,62,220237
SWAY_PERF_OUTPUT,1165,60,220238
SWAY_PERF_OUTPUT,1166,61,220239
SWAY_PERF_OUTPUT,1167,61,220240
SWAY_PERF_OUTPUT,1168,60,220241
SWAY_PERF_OUTPUT,1169,61,220242
SWAY_PERF_OUTPUT,1170,60,220243
SWAY_PERF_OUTPUT,1171,61,220244
SWAY_PERF_OUTPUT,1172,59,220245
SWAY_PERF_OUTPUT,1173,61,220246
SWAY_PERF_OUTPUT,1174,61,220247
SWAY_PERF_OUTPUT,1175,63,220248
SWAY_PERF_OUTPUT,1176,60,220249
SWAY_PERF_OUTPUT,1177,61,220250
SWAY_PERF_OUTPUT,1178,-4,220251
SWAY_PERF_OUTPUT,1179,6,220252
SWAY_PERF_OUTPUT,1180,17,220253
SWAY_PERF_OUTPUT,1181,21,220254
SWAY_PERF_OUTPUT,1182,13,220255
SWAY_PERF_OUTPUT,1183,13,220256
SWAY_PERF_OUTPUT,1184,14,220257
SWAY_PERF_OUTPUT,1185,13,220258
SWAY_PERF_OUTPUT,1186,12,220259
SWAY_PERF_OUTPUT,1187,15,220260
SWAY_PERF_OUTPUT,1188,-3,220261
SWAY_PERF_OUTPUT,1189,-14,220262
SWAY_PERF_OUTPUT,1190,-26,220263
SWAY_PERF_OUTPUT,1191,-28,220264
SWAY_PERF_OUTPUT,1192,-3,220265
SWAY_PERF_OUTPUT,1193,-14,220266
SWAY_PERF_OUTPUT,1194,-26,220267
SWAY_PERF_OUTPUT,1195,-28,220268
SWAY_PERF_OUTPUT,1196,14,220269
SWAY_PERF_FRAME,20,220213,220269
SWAY_PROFILE,block0_in,21,15,220575
SWAY_PROFILE,block1_in,21,10,220575
SWAY_PROFILE,embedding_in,22,1,220577
SWAY_PROFILE,head_in,21,6,220577
SWAY_PROFILE,patch_ready,22,2,220578
SWAY_PROFILE,block0_in,22,0,221202
SWAY_PROFILE,block1_in,21,11,221202
SWAY_PROFILE,embedding_in,22,2,221204
SWAY_PROFILE,head_in,21,7,221204
SWAY_PROFILE,patch_ready,22,3,221205
SWAY_PROFILE,block0_in,22,1,221835
SWAY_PROFILE,block1_in,21,12,221835
SWAY_PROFILE,embedding_in,22,3,221837
SWAY_PROFILE,head_in,21,8,221837
SWAY_PROFILE,patch_ready,22,4,221838
SWAY_PROFILE,block0_in,22,2,222462
SWAY_PROFILE,block1_in,21,13,222462
SWAY_PROFILE,embedding_in,22,4,222464
SWAY_PROFILE,head_in,21,9,222464
SWAY_PROFILE,patch_ready,22,5,222465
SWAY_PROFILE,block0_in,22,3,223089
SWAY_PROFILE,block1_in,21,14,223089
SWAY_PROFILE,embedding_in,22,5,223091
SWAY_PROFILE,head_in,21,10,223091
SWAY_PROFILE,patch_ready,22,6,223092
SWAY_PROFILE,block0_in,22,4,223716
SWAY_PROFILE,block1_in,21,15,223716
SWAY_PROFILE,embedding_in,22,6,223718
SWAY_PROFILE,head_in,21,11,223718
SWAY_PROFILE,patch_ready,22,7,223719
SWAY_PROFILE,block0_in,22,5,224349
SWAY_PROFILE,block1_in,22,0,224349
SWAY_PROFILE,embedding_in,22,7,224351
SWAY_PROFILE,head_in,21,12,224351
SWAY_PROFILE,patch_ready,22,8,224352
SWAY_PROFILE,block0_in,22,6,224976
SWAY_PROFILE,block1_in,22,1,224976
SWAY_PROFILE,embedding_in,22,8,224978
SWAY_PROFILE,head_in,21,13,224978
SWAY_PROFILE,patch_ready,22,9,224979
SWAY_PROFILE,block0_in,22,7,225603
SWAY_PROFILE,block1_in,22,2,225603
SWAY_PROFILE,embedding_in,22,9,225605
SWAY_PROFILE,head_in,21,14,225605
SWAY_PROFILE,patch_ready,22,10,225606
SWAY_PROFILE,block0_in,22,8,226230
SWAY_PROFILE,block1_in,22,3,226230
SWAY_PROFILE,embedding_in,22,10,226232
SWAY_PROFILE,head_in,21,15,226232
SWAY_PROFILE,patch_ready,22,11,226233
SWAY_PROFILE,block0_in,22,9,226863
SWAY_PROFILE,block1_in,22,4,226863
SWAY_PROFILE,embedding_in,22,11,226865
SWAY_PROFILE,head_in,22,0,226865
SWAY_PROFILE,patch_ready,22,12,226866
SWAY_PROFILE,block0_in,22,10,227490
SWAY_PROFILE,block1_in,22,5,227490
SWAY_PROFILE,embedding_in,22,12,227492
SWAY_PROFILE,head_in,22,1,227492
SWAY_PROFILE,patch_ready,22,13,227493
SWAY_PROFILE,block0_in,22,11,228117
SWAY_PROFILE,block1_in,22,6,228117
SWAY_PROFILE,embedding_in,22,13,228119
SWAY_PROFILE,head_in,22,2,228119
SWAY_PROFILE,patch_ready,22,14,228120
SWAY_PROFILE,block0_in,22,12,228744
SWAY_PROFILE,block1_in,22,7,228744
SWAY_PROFILE,embedding_in,22,14,228746
SWAY_PROFILE,head_in,22,3,228746
SWAY_PROFILE,patch_ready,22,15,228747
SWAY_PERF_INPUT_FRAME,24,218982,229037
SWAY_PROFILE,block0_in,22,13,229377
SWAY_PROFILE,block1_in,22,8,229377
SWAY_PROFILE,embedding_in,22,15,229379
SWAY_PROFILE,head_in,22,4,229379
SWAY_PROFILE,patch_ready,23,0,229380
SWAY_PROFILE,head_output_in,21,0,229525
SWAY_PROFILE,block0_in,22,14,230004
SWAY_PROFILE,block1_in,22,9,230004
SWAY_PROFILE,embedding_in,23,0,230006
SWAY_PROFILE,head_in,22,5,230006
SWAY_PROFILE,patch_ready,23,1,230007
SWAY_PROFILE,serialize_in,21,0,230267
SWAY_PERF_OUTPUT,1197,8,230269
SWAY_PERF_OUTPUT,1198,9,230270
SWAY_PERF_OUTPUT,1199,8,230271
SWAY_PERF_OUTPUT,1200,8,230272
SWAY_PERF_OUTPUT,1201,14,230273
SWAY_PERF_OUTPUT,1202,19,230274
SWAY_PERF_OUTPUT,1203,21,230275
SWAY_PERF_OUTPUT,1204,3,230276
SWAY_PERF_OUTPUT,1205,0,230277
SWAY_PERF_OUTPUT,1206,-3,230278
SWAY_PERF_OUTPUT,1207,10,230279
SWAY_PERF_OUTPUT,1208,12,230280
SWAY_PERF_OUTPUT,1209,12,230281
SWAY_PERF_OUTPUT,1210,12,230282
SWAY_PERF_OUTPUT,1211,6,230283
SWAY_PERF_OUTPUT,1212,3,230284
SWAY_PERF_OUTPUT,1213,0,230285
SWAY_PERF_OUTPUT,1214,-1,230286
SWAY_PERF_OUTPUT,1215,9,230287
SWAY_PERF_OUTPUT,1216,61,230288
SWAY_PERF_OUTPUT,1217,62,230289
SWAY_PERF_OUTPUT,1218,61,230290
SWAY_PERF_OUTPUT,1219,61,230291
SWAY_PERF_OUTPUT,1220,61,230292
SWAY_PERF_OUTPUT,1221,61,230293
SWAY_PERF_OUTPUT,1222,59,230294
SWAY_PERF_OUTPUT,1223,60,230295
SWAY_PERF_OUTPUT,1224,61,230296
SWAY_PERF_OUTPUT,1225,60,230297
SWAY_PERF_OUTPUT,1226,60,230298
SWAY_PERF_OUTPUT,1227,60,230299
SWAY_PERF_OUTPUT,1228,62,230300
SWAY_PERF_OUTPUT,1229,60,230301
SWAY_PERF_OUTPUT,1230,61,230302
SWAY_PERF_OUTPUT,1231,61,230303
SWAY_PERF_OUTPUT,1232,62,230304
SWAY_PERF_OUTPUT,1233,58,230305
SWAY_PERF_OUTPUT,1234,61,230306
SWAY_PERF_OUTPUT,1235,-6,230307
SWAY_PERF_OUTPUT,1236,3,230308
SWAY_PERF_OUTPUT,1237,14,230309
SWAY_PERF_OUTPUT,1238,17,230310
SWAY_PERF_OUTPUT,1239,10,230311
SWAY_PERF_OUTPUT,1240,7,230312
SWAY_PERF_OUTPUT,1241,6,230313
SWAY_PERF_OUTPUT,1242,9,230314
SWAY_PERF_OUTPUT,1243,4,230315
SWAY_PERF_OUTPUT,1244,1,230316
SWAY_PERF_OUTPUT,1245,-6,230317
SWAY_PERF_OUTPUT,1246,-16,230318
SWAY_PERF_OUTPUT,1247,-27,230319
SWAY_PERF_OUTPUT,1248,-29,230320
SWAY_PERF_OUTPUT,1249,-6,230321
SWAY_PERF_OUTPUT,1250,-15,230322
SWAY_PERF_OUTPUT,1251,-26,230323
SWAY_PERF_OUTPUT,1252,-28,230324
SWAY_PERF_OUTPUT,1253,11,230325
SWAY_PERF_FRAME,21,230269,230325
SWAY_PROFILE,block0_in,22,15,230631
SWAY_PROFILE,block1_in,22,10,230631
SWAY_PROFILE,embedding_in,23,1,230633
SWAY_PROFILE,head_in,22,6,230633
SWAY_PROFILE,patch_ready,23,2,230634
SWAY_PROFILE,block0_in,23,0,231258
SWAY_PROFILE,block1_in,22,11,231258
SWAY_PROFILE,embedding_in,23,2,231260
SWAY_PROFILE,head_in,22,7,231260
SWAY_PROFILE,patch_ready,23,3,231261
SWAY_PROFILE,block0_in,23,1,231891
SWAY_PROFILE,block1_in,22,12,231891
SWAY_PROFILE,embedding_in,23,3,231893
SWAY_PROFILE,head_in,22,8,231893
SWAY_PROFILE,patch_ready,23,4,231894
SWAY_PROFILE,block0_in,23,2,232518
SWAY_PROFILE,block1_in,22,13,232518
SWAY_PROFILE,embedding_in,23,4,232520
SWAY_PROFILE,head_in,22,9,232520
SWAY_PROFILE,patch_ready,23,5,232521
SWAY_PROFILE,block0_in,23,3,233145
SWAY_PROFILE,block1_in,22,14,233145
SWAY_PROFILE,embedding_in,23,5,233147
SWAY_PROFILE,head_in,22,10,233147
SWAY_PROFILE,patch_ready,23,6,233148
SWAY_PROFILE,block0_in,23,4,233772
SWAY_PROFILE,block1_in,22,15,233772
SWAY_PROFILE,embedding_in,23,6,233774
SWAY_PROFILE,head_in,22,11,233774
SWAY_PROFILE,patch_ready,23,7,233775
SWAY_PROFILE,block0_in,23,5,234405
SWAY_PROFILE,block1_in,23,0,234405
SWAY_PROFILE,embedding_in,23,7,234407
SWAY_PROFILE,head_in,22,12,234407
SWAY_PROFILE,patch_ready,23,8,234408
SWAY_PROFILE,block0_in,23,6,235032
SWAY_PROFILE,block1_in,23,1,235032
SWAY_PROFILE,embedding_in,23,8,235034
SWAY_PROFILE,head_in,22,13,235034
SWAY_PROFILE,patch_ready,23,9,235035
SWAY_PROFILE,block0_in,23,7,235659
SWAY_PROFILE,block1_in,23,2,235659
SWAY_PROFILE,embedding_in,23,9,235661
SWAY_PROFILE,head_in,22,14,235661
SWAY_PROFILE,patch_ready,23,10,235662
SWAY_PROFILE,block0_in,23,8,236286
SWAY_PROFILE,block1_in,23,3,236286
SWAY_PROFILE,embedding_in,23,10,236288
SWAY_PROFILE,head_in,22,15,236288
SWAY_PROFILE,patch_ready,23,11,236289
SWAY_PROFILE,block0_in,23,9,236919
SWAY_PROFILE,block1_in,23,4,236919
SWAY_PROFILE,embedding_in,23,11,236921
SWAY_PROFILE,head_in,23,0,236921
SWAY_PROFILE,patch_ready,23,12,236922
SWAY_PROFILE,block0_in,23,10,237546
SWAY_PROFILE,block1_in,23,5,237546
SWAY_PROFILE,embedding_in,23,12,237548
SWAY_PROFILE,head_in,23,1,237548
SWAY_PROFILE,patch_ready,23,13,237549
SWAY_PROFILE,block0_in,23,11,238173
SWAY_PROFILE,block1_in,23,6,238173
SWAY_PROFILE,embedding_in,23,13,238175
SWAY_PROFILE,head_in,23,2,238175
SWAY_PROFILE,patch_ready,23,14,238176
SWAY_PROFILE,block0_in,23,12,238800
SWAY_PROFILE,block1_in,23,7,238800
SWAY_PROFILE,embedding_in,23,14,238802
SWAY_PROFILE,head_in,23,3,238802
SWAY_PROFILE,patch_ready,23,15,238803
SWAY_PERF_INPUT_FRAME,25,229038,239093
SWAY_PROFILE,block0_in,23,13,239433
SWAY_PROFILE,block1_in,23,8,239433
SWAY_PROFILE,embedding_in,23,15,239435
SWAY_PROFILE,head_in,23,4,239435
SWAY_PROFILE,patch_ready,24,0,239436
SWAY_PROFILE,head_output_in,22,0,239581
SWAY_PROFILE,block0_in,23,14,240060
SWAY_PROFILE,block1_in,23,9,240060
SWAY_PROFILE,embedding_in,24,0,240062
SWAY_PROFILE,head_in,23,5,240062
SWAY_PROFILE,patch_ready,24,1,240063
SWAY_PROFILE,serialize_in,22,0,240323
SWAY_PERF_OUTPUT,1254,9,240325
SWAY_PERF_OUTPUT,1255,9,240326
SWAY_PERF_OUTPUT,1256,8,240327
SWAY_PERF_OUTPUT,1257,9,240328
SWAY_PERF_OUTPUT,1258,15,240329
SWAY_PERF_OUTPUT,1259,18,240330
SWAY_PERF_OUTPUT,1260,19,240331
SWAY_PERF_OUTPUT,1261,4,240332
SWAY_PERF_OUTPUT,1262,-2,240333
SWAY_PERF_OUTPUT,1263,-5,240334
SWAY_PERF_OUTPUT,1264,10,240335
SWAY_PERF_OUTPUT,1265,11,240336
SWAY_PERF_OUTPUT,1266,11,240337
SWAY_PERF_OUTPUT,1267,11,240338
SWAY_PERF_OUTPUT,1268,6,240339
SWAY_PERF_OUTPUT,1269,4,240340
SWAY_PERF_OUTPUT,1270,2,240341
SWAY_PERF_OUTPUT,1271,2,240342
SWAY_PERF_OUTPUT,1272,9,240343
SWAY_PERF_OUTPUT,1273,64,240344
SWAY_PERF_OUTPUT,1274,65,240345
SWAY_PERF_OUTPUT,1275,65,240346
SWAY_PERF_OUTPUT,1276,65,240347
SWAY_PERF_OUTPUT,1277,65,240348
SWAY_PERF_OUTPUT,1278,66,240349
SWAY_PERF_OUTPUT,1279,64,240350
SWAY_PERF_OUTPUT,1280,64,240351
SWAY_PERF_OUTPUT,1281,65,240352
SWAY_PERF_OUTPUT,1282,63,240353
SWAY_PERF_OUTPUT,1283,63,240354
SWAY_PERF_OUTPUT,1284,65,240355
SWAY_PERF_OUTPUT,1285,63,240356
SWAY_PERF_OUTPUT,1286,61,240357
SWAY_PERF_OUTPUT,1287,63,240358
SWAY_PERF_OUTPUT,1288,67,240359
SWAY_PERF_OUTPUT,1289,66,240360
SWAY_PERF_OUTPUT,1290,63,240361
SWAY_PERF_OUTPUT,1291,65,240362
SWAY_PERF_OUTPUT,1292,-2,240363
SWAY_PERF_OUTPUT,1293,9,240364
SWAY_PERF_OUTPUT,1294,20,240365
SWAY_PERF_OUTPUT,1295,25,240366
SWAY_PERF_OUTPUT,1296,16,240367
SWAY_PERF_OUTPUT,1297,9,240368
SWAY_PERF_OUTPUT,1298,5,240369
SWAY_PERF_OUTPUT,1299,15,240370
SWAY_PERF_OUTPUT,1300,12,240371
SWAY_PERF_OUTPUT,1301,8,240372
SWAY_PERF_OUTPUT,1302,-1,240373
SWAY_PERF_OUTPUT,1303,-15,240374
SWAY_PERF_OUTPUT,1304,-28,240375
SWAY_PERF_OUTPUT,1305,-30,240376
SWAY_PERF_OUTPUT,1306,-1,240377
SWAY_PERF_OUTPUT,1307,-15,240378
SWAY_PERF_OUTPUT,1308,-25,240379
SWAY_PERF_OUTPUT,1309,-29,240380
SWAY_PERF_OUTPUT,1310,17,240381
SWAY_PERF_FRAME,22,240325,240381
SWAY_PROFILE,block0_in,23,15,240687
SWAY_PROFILE,block1_in,23,10,240687
SWAY_PROFILE,embedding_in,24,1,240689
SWAY_PROFILE,head_in,23,6,240689
SWAY_PROFILE,patch_ready,24,2,240690
SWAY_PROFILE,block0_in,24,0,241314
SWAY_PROFILE,block1_in,23,11,241314
SWAY_PROFILE,embedding_in,24,2,241316
SWAY_PROFILE,head_in,23,7,241316
SWAY_PROFILE,patch_ready,24,3,241317
SWAY_PROFILE,block0_in,24,1,241947
SWAY_PROFILE,block1_in,23,12,241947
SWAY_PROFILE,embedding_in,24,3,241949
SWAY_PROFILE,head_in,23,8,241949
SWAY_PROFILE,patch_ready,24,4,241950
SWAY_PROFILE,block0_in,24,2,242574
SWAY_PROFILE,block1_in,23,13,242574
SWAY_PROFILE,embedding_in,24,4,242576
SWAY_PROFILE,head_in,23,9,242576
SWAY_PROFILE,patch_ready,24,5,242577
SWAY_PROFILE,block0_in,24,3,243201
SWAY_PROFILE,block1_in,23,14,243201
SWAY_PROFILE,embedding_in,24,5,243203
SWAY_PROFILE,head_in,23,10,243203
SWAY_PROFILE,patch_ready,24,6,243204
SWAY_PROFILE,block0_in,24,4,243828
SWAY_PROFILE,block1_in,23,15,243828
SWAY_PROFILE,embedding_in,24,6,243830
SWAY_PROFILE,head_in,23,11,243830
SWAY_PROFILE,patch_ready,24,7,243831
SWAY_PROFILE,block0_in,24,5,244461
SWAY_PROFILE,block1_in,24,0,244461
SWAY_PROFILE,embedding_in,24,7,244463
SWAY_PROFILE,head_in,23,12,244463
SWAY_PROFILE,patch_ready,24,8,244464
SWAY_PROFILE,block0_in,24,6,245088
SWAY_PROFILE,block1_in,24,1,245088
SWAY_PROFILE,embedding_in,24,8,245090
SWAY_PROFILE,head_in,23,13,245090
SWAY_PROFILE,patch_ready,24,9,245091
SWAY_PROFILE,block0_in,24,7,245715
SWAY_PROFILE,block1_in,24,2,245715
SWAY_PROFILE,embedding_in,24,9,245717
SWAY_PROFILE,head_in,23,14,245717
SWAY_PROFILE,patch_ready,24,10,245718
SWAY_PROFILE,block0_in,24,8,246342
SWAY_PROFILE,block1_in,24,3,246342
SWAY_PROFILE,embedding_in,24,10,246344
SWAY_PROFILE,head_in,23,15,246344
SWAY_PROFILE,patch_ready,24,11,246345
SWAY_PROFILE,block0_in,24,9,246975
SWAY_PROFILE,block1_in,24,4,246975
SWAY_PROFILE,embedding_in,24,11,246977
SWAY_PROFILE,head_in,24,0,246977
SWAY_PROFILE,patch_ready,24,12,246978
SWAY_PROFILE,block0_in,24,10,247602
SWAY_PROFILE,block1_in,24,5,247602
SWAY_PROFILE,embedding_in,24,12,247604
SWAY_PROFILE,head_in,24,1,247604
SWAY_PROFILE,patch_ready,24,13,247605
SWAY_PROFILE,block0_in,24,11,248229
SWAY_PROFILE,block1_in,24,6,248229
SWAY_PROFILE,embedding_in,24,13,248231
SWAY_PROFILE,head_in,24,2,248231
SWAY_PROFILE,patch_ready,24,14,248232
SWAY_PROFILE,block0_in,24,12,248856
SWAY_PROFILE,block1_in,24,7,248856
SWAY_PROFILE,embedding_in,24,14,248858
SWAY_PROFILE,head_in,24,3,248858
SWAY_PROFILE,patch_ready,24,15,248859
SWAY_PERF_INPUT_FRAME,26,239094,249149
SWAY_PROFILE,block0_in,24,13,249489
SWAY_PROFILE,block1_in,24,8,249489
SWAY_PROFILE,embedding_in,24,15,249491
SWAY_PROFILE,head_in,24,4,249491
SWAY_PROFILE,patch_ready,25,0,249492
SWAY_PROFILE,head_output_in,23,0,249637
SWAY_PROFILE,block0_in,24,14,250116
SWAY_PROFILE,block1_in,24,9,250116
SWAY_PROFILE,embedding_in,25,0,250118
SWAY_PROFILE,head_in,24,5,250118
SWAY_PROFILE,patch_ready,25,1,250119
SWAY_PROFILE,serialize_in,23,0,250379
SWAY_PERF_OUTPUT,1311,45,250381
SWAY_PERF_OUTPUT,1312,127,250382
SWAY_PERF_OUTPUT,1313,-30,250383
SWAY_PERF_OUTPUT,1314,40,250384
SWAY_PERF_OUTPUT,1315,34,250385
SWAY_PERF_OUTPUT,1316,87,250386
SWAY_PERF_OUTPUT,1317,0,250387
SWAY_PERF_OUTPUT,1318,38,250388
SWAY_PERF_OUTPUT,1319,77,250389
SWAY_PERF_OUTPUT,1320,-2,250390
SWAY_PERF_OUTPUT,1321,28,250391
SWAY_PERF_OUTPUT,1322,70,250392
SWAY_PERF_OUTPUT,1323,-24,250393
SWAY_PERF_OUTPUT,1324,31,250394
SWAY_PERF_OUTPUT,1325,50,250395
SWAY_PERF_OUTPUT,1326,123,250396
SWAY_PERF_OUTPUT,1327,38,250397
SWAY_PERF_OUTPUT,1328,95,250398
SWAY_PERF_OUTPUT,1329,56,250399
SWAY_PERF_OUTPUT,1330,-18,250400
SWAY_PERF_OUTPUT,1331,-5,250401
SWAY_PERF_OUTPUT,1332,-13,250402
SWAY_PERF_OUTPUT,1333,72,250403
SWAY_PERF_OUTPUT,1334,46,250404
SWAY_PERF_OUTPUT,1335,35,250405
SWAY_PERF_OUTPUT,1336,17,250406
SWAY_PERF_OUTPUT,1337,-75,250407
SWAY_PERF_OUTPUT,1338,-6,250408
SWAY_PERF_OUTPUT,1339,-39,250409
SWAY_PERF_OUTPUT,1340,-28,250410
SWAY_PERF_OUTPUT,1341,-27,250411
SWAY_PERF_OUTPUT,1342,-60,250412
SWAY_PERF_OUTPUT,1343,-2,250413
SWAY_PERF_OUTPUT,1344,27,250414
SWAY_PERF_OUTPUT,1345,71,250415
SWAY_PERF_OUTPUT,1346,117,250416
SWAY_PERF_OUTPUT,1347,-2,250417
SWAY_PERF_OUTPUT,1348,-19,250418
SWAY_PERF_OUTPUT,1349,25,250419
SWAY_PERF_OUTPUT,1350,34,250420
SWAY_PERF_OUTPUT,1351,-36,250421
SWAY_PERF_OUTPUT,1352,21,250422
SWAY_PERF_OUTPUT,1353,-36,250423
SWAY_PERF_OUTPUT,1354,96,250424
SWAY_PERF_OUTPUT,1355,-49,250425
SWAY_PERF_OUTPUT,1356,50,250426
SWAY_PERF_OUTPUT,1357,-42,250427
SWAY_PERF_OUTPUT,1358,-96,250428
SWAY_PERF_OUTPUT,1359,0,250429
SWAY_PERF_OUTPUT,1360,27,250430
SWAY_PERF_OUTPUT,1361,-37,250431
SWAY_PERF_OUTPUT,1362,77,250432
SWAY_PERF_OUTPUT,1363,44,250433
SWAY_PERF_OUTPUT,1364,0,250434
SWAY_PERF_OUTPUT,1365,-56,250435
SWAY_PERF_OUTPUT,1366,-77,250436
SWAY_PERF_OUTPUT,1367,42,250437
SWAY_PERF_FRAME,23,250381,250437
SWAY_PROFILE,block0_in,24,15,250743
SWAY_PROFILE,block1_in,24,10,250743
SWAY_PROFILE,embedding_in,25,1,250745
SWAY_PROFILE,head_in,24,6,250745
SWAY_PROFILE,patch_ready,25,2,250746
SWAY_PROFILE,block0_in,25,0,251370
SWAY_PROFILE,block1_in,24,11,251370
SWAY_PROFILE,embedding_in,25,2,251372
SWAY_PROFILE,head_in,24,7,251372
SWAY_PROFILE,patch_ready,25,3,251373
SWAY_PROFILE,block0_in,25,1,252003
SWAY_PROFILE,block1_in,24,12,252003
SWAY_PROFILE,embedding_in,25,3,252005
SWAY_PROFILE,head_in,24,8,252005
SWAY_PROFILE,patch_ready,25,4,252006
SWAY_PROFILE,block0_in,25,2,252630
SWAY_PROFILE,block1_in,24,13,252630
SWAY_PROFILE,embedding_in,25,4,252632
SWAY_PROFILE,head_in,24,9,252632
SWAY_PROFILE,patch_ready,25,5,252633
SWAY_PROFILE,block0_in,25,3,253257
SWAY_PROFILE,block1_in,24,14,253257
SWAY_PROFILE,embedding_in,25,5,253259
SWAY_PROFILE,head_in,24,10,253259
SWAY_PROFILE,patch_ready,25,6,253260
SWAY_PROFILE,block0_in,25,4,253884
SWAY_PROFILE,block1_in,24,15,253884
SWAY_PROFILE,embedding_in,25,6,253886
SWAY_PROFILE,head_in,24,11,253886
SWAY_PROFILE,patch_ready,25,7,253887
SWAY_PROFILE,block0_in,25,5,254517
SWAY_PROFILE,block1_in,25,0,254517
SWAY_PROFILE,embedding_in,25,7,254519
SWAY_PROFILE,head_in,24,12,254519
SWAY_PROFILE,patch_ready,25,8,254520
SWAY_PROFILE,block0_in,25,6,255144
SWAY_PROFILE,block1_in,25,1,255144
SWAY_PROFILE,embedding_in,25,8,255146
SWAY_PROFILE,head_in,24,13,255146
SWAY_PROFILE,patch_ready,25,9,255147
SWAY_PROFILE,block0_in,25,7,255771
SWAY_PROFILE,block1_in,25,2,255771
SWAY_PROFILE,embedding_in,25,9,255773
SWAY_PROFILE,head_in,24,14,255773
SWAY_PROFILE,patch_ready,25,10,255774
SWAY_PROFILE,block0_in,25,8,256398
SWAY_PROFILE,block1_in,25,3,256398
SWAY_PROFILE,embedding_in,25,10,256400
SWAY_PROFILE,head_in,24,15,256400
SWAY_PROFILE,patch_ready,25,11,256401
SWAY_PROFILE,block0_in,25,9,257031
SWAY_PROFILE,block1_in,25,4,257031
SWAY_PROFILE,embedding_in,25,11,257033
SWAY_PROFILE,head_in,25,0,257033
SWAY_PROFILE,patch_ready,25,12,257034
SWAY_PROFILE,block0_in,25,10,257658
SWAY_PROFILE,block1_in,25,5,257658
SWAY_PROFILE,embedding_in,25,12,257660
SWAY_PROFILE,head_in,25,1,257660
SWAY_PROFILE,patch_ready,25,13,257661
SWAY_PROFILE,block0_in,25,11,258285
SWAY_PROFILE,block1_in,25,6,258285
SWAY_PROFILE,embedding_in,25,13,258287
SWAY_PROFILE,head_in,25,2,258287
SWAY_PROFILE,patch_ready,25,14,258288
SWAY_PROFILE,block0_in,25,12,258912
SWAY_PROFILE,block1_in,25,7,258912
SWAY_PROFILE,embedding_in,25,14,258914
SWAY_PROFILE,head_in,25,3,258914
SWAY_PROFILE,patch_ready,25,15,258915
SWAY_PERF_INPUT_FRAME,27,249150,259205
SWAY_PROFILE,block0_in,25,13,259545
SWAY_PROFILE,block1_in,25,8,259545
SWAY_PROFILE,embedding_in,25,15,259547
SWAY_PROFILE,head_in,25,4,259547
SWAY_PROFILE,patch_ready,26,0,259548
SWAY_PROFILE,head_output_in,24,0,259693
SWAY_PROFILE,block0_in,25,14,260172
SWAY_PROFILE,block1_in,25,9,260172
SWAY_PROFILE,embedding_in,26,0,260174
SWAY_PROFILE,head_in,25,5,260174
SWAY_PROFILE,patch_ready,26,1,260175
SWAY_PROFILE,serialize_in,24,0,260435
SWAY_PERF_OUTPUT,1368,21,260437
SWAY_PERF_OUTPUT,1369,1,260438
SWAY_PERF_OUTPUT,1370,5,260439
SWAY_PERF_OUTPUT,1371,-3,260440
SWAY_PERF_OUTPUT,1372,23,260441
SWAY_PERF_OUTPUT,1373,34,260442
SWAY_PERF_OUTPUT,1374,42,260443
SWAY_PERF_OUTPUT,1375,-2,260444
SWAY_PERF_OUTPUT,1376,-9,260445
SWAY_PERF_OUTPUT,1377,0,260446
SWAY_PERF_OUTPUT,1378,8,260447
SWAY_PERF_OUTPUT,1379,16,260448
SWAY_PERF_OUTPUT,1380,59,260449
SWAY_PERF_OUTPUT,1381,41,260450
SWAY_PERF_OUTPUT,1382,9,260451
SWAY_PERF_OUTPUT,1383,9,260452
SWAY_PERF_OUTPUT,1384,12,260453
SWAY_PERF_OUTPUT,1385,20,260454
SWAY_PERF_OUTPUT,1386,14,260455
SWAY_PERF_OUTPUT,1387,101,260456
SWAY_PERF_OUTPUT,1388,109,260457
SWAY_PERF_OUTPUT,1389,111,260458
SWAY_PERF_OUTPUT,1390,108,260459
SWAY_PERF_OUTPUT,1391,118,260460
SWAY_PERF_OUTPUT,1392,113,260461
SWAY_PERF_OUTPUT,1393,96,260462
SWAY_PERF_OUTPUT,1394,121,260463
SWAY_PERF_OUTPUT,1395,111,260464
SWAY_PERF_OUTPUT,1396,120,260465
SWAY_PERF_OUTPUT,1397,99,260466
SWAY_PERF_OUTPUT,1398,127,260467
SWAY_PERF_OUTPUT,1399,126,260468
SWAY_PERF_OUTPUT,1400,112,260469
SWAY_PERF_OUTPUT,1401,115,260470
SWAY_PERF_OUTPUT,1402,127,260471
SWAY_PERF_OUTPUT,1403,98,260472
SWAY_PERF_OUTPUT,1404,103,260473
SWAY_PERF_OUTPUT,1405,127,260474
SWAY_PERF_OUTPUT,1406,35,260475
SWAY_PERF_OUTPUT,1407,57,260476
SWAY_PERF_OUTPUT,1408,75,260477
SWAY_PERF_OUTPUT,1409,88,260478
SWAY_PERF_OUTPUT,1410,62,260479
SWAY_PERF_OUTPUT,1411,70,260480
SWAY_PERF_OUTPUT,1412,104,260481
SWAY_PERF_OUTPUT,1413,60,260482
SWAY_PERF_OUTPUT,1414,31,260483
SWAY_PERF_OUTPUT,1415,8,260484
SWAY_PERF_OUTPUT,1416,19,260485
SWAY_PERF_OUTPUT,1417,-29,260486
SWAY_PERF_OUTPUT,1418,-52,260487
SWAY_PERF_OUTPUT,1419,-46,260488
SWAY_PERF_OUTPUT,1420,31,260489
SWAY_PERF_OUTPUT,1421,-32,260490
SWAY_PERF_OUTPUT,1422,-54,260491
SWAY_PERF_OUTPUT,1423,-38,260492
SWAY_PERF_OUTPUT,1424,68,260493
SWAY_PERF_FRAME,24,260437,260493
SWAY_PROFILE,block0_in,25,15,260799
SWAY_PROFILE,block1_in,25,10,260799
SWAY_PROFILE,embedding_in,26,1,260801
SWAY_PROFILE,head_in,25,6,260801
SWAY_PROFILE,patch_ready,26,2,260802
SWAY_PROFILE,block0_in,26,0,261426
SWAY_PROFILE,block1_in,25,11,261426
SWAY_PROFILE,embedding_in,26,2,261428
SWAY_PROFILE,head_in,25,7,261428
SWAY_PROFILE,patch_ready,26,3,261429
SWAY_PROFILE,block0_in,26,1,262059
SWAY_PROFILE,block1_in,25,12,262059
SWAY_PROFILE,embedding_in,26,3,262061
SWAY_PROFILE,head_in,25,8,262061
SWAY_PROFILE,patch_ready,26,4,262062
SWAY_PROFILE,block0_in,26,2,262686
SWAY_PROFILE,block1_in,25,13,262686
SWAY_PROFILE,embedding_in,26,4,262688
SWAY_PROFILE,head_in,25,9,262688
SWAY_PROFILE,patch_ready,26,5,262689
SWAY_PROFILE,block0_in,26,3,263313
SWAY_PROFILE,block1_in,25,14,263313
SWAY_PROFILE,embedding_in,26,5,263315
SWAY_PROFILE,head_in,25,10,263315
SWAY_PROFILE,patch_ready,26,6,263316
SWAY_PROFILE,block0_in,26,4,263940
SWAY_PROFILE,block1_in,25,15,263940
SWAY_PROFILE,embedding_in,26,6,263942
SWAY_PROFILE,head_in,25,11,263942
SWAY_PROFILE,patch_ready,26,7,263943
SWAY_PROFILE,block0_in,26,5,264573
SWAY_PROFILE,block1_in,26,0,264573
SWAY_PROFILE,embedding_in,26,7,264575
SWAY_PROFILE,head_in,25,12,264575
SWAY_PROFILE,patch_ready,26,8,264576
SWAY_PROFILE,block0_in,26,6,265200
SWAY_PROFILE,block1_in,26,1,265200
SWAY_PROFILE,embedding_in,26,8,265202
SWAY_PROFILE,head_in,25,13,265202
SWAY_PROFILE,patch_ready,26,9,265203
SWAY_PROFILE,block0_in,26,7,265827
SWAY_PROFILE,block1_in,26,2,265827
SWAY_PROFILE,embedding_in,26,9,265829
SWAY_PROFILE,head_in,25,14,265829
SWAY_PROFILE,patch_ready,26,10,265830
SWAY_PROFILE,block0_in,26,8,266454
SWAY_PROFILE,block1_in,26,3,266454
SWAY_PROFILE,embedding_in,26,10,266456
SWAY_PROFILE,head_in,25,15,266456
SWAY_PROFILE,patch_ready,26,11,266457
SWAY_PROFILE,block0_in,26,9,267087
SWAY_PROFILE,block1_in,26,4,267087
SWAY_PROFILE,embedding_in,26,11,267089
SWAY_PROFILE,head_in,26,0,267089
SWAY_PROFILE,patch_ready,26,12,267090
SWAY_PROFILE,block0_in,26,10,267714
SWAY_PROFILE,block1_in,26,5,267714
SWAY_PROFILE,embedding_in,26,12,267716
SWAY_PROFILE,head_in,26,1,267716
SWAY_PROFILE,patch_ready,26,13,267717
SWAY_PROFILE,block0_in,26,11,268341
SWAY_PROFILE,block1_in,26,6,268341
SWAY_PROFILE,embedding_in,26,13,268343
SWAY_PROFILE,head_in,26,2,268343
SWAY_PROFILE,patch_ready,26,14,268344
SWAY_PROFILE,block0_in,26,12,268968
SWAY_PROFILE,block1_in,26,7,268968
SWAY_PROFILE,embedding_in,26,14,268970
SWAY_PROFILE,head_in,26,3,268970
SWAY_PROFILE,patch_ready,26,15,268971
SWAY_PERF_INPUT_FRAME,28,259206,269261
SWAY_PROFILE,block0_in,26,13,269601
SWAY_PROFILE,block1_in,26,8,269601
SWAY_PROFILE,embedding_in,26,15,269603
SWAY_PROFILE,head_in,26,4,269603
SWAY_PROFILE,patch_ready,27,0,269604
SWAY_PROFILE,head_output_in,25,0,269749
SWAY_PROFILE,block0_in,26,14,270228
SWAY_PROFILE,block1_in,26,9,270228
SWAY_PROFILE,embedding_in,27,0,270230
SWAY_PROFILE,head_in,26,5,270230
SWAY_PROFILE,patch_ready,27,1,270231
SWAY_PROFILE,serialize_in,25,0,270491
SWAY_PERF_OUTPUT,1425,61,270493
SWAY_PERF_OUTPUT,1426,72,270494
SWAY_PERF_OUTPUT,1427,58,270495
SWAY_PERF_OUTPUT,1428,63,270496
SWAY_PERF_OUTPUT,1429,71,270497
SWAY_PERF_OUTPUT,1430,59,270498
SWAY_PERF_OUTPUT,1431,17,270499
SWAY_PERF_OUTPUT,1432,69,270500
SWAY_PERF_OUTPUT,1433,80,270501
SWAY_PERF_OUTPUT,1434,102,270502
SWAY_PERF_OUTPUT,1435,53,270503
SWAY_PERF_OUTPUT,1436,68,270504
SWAY_PERF_OUTPUT,1437,58,270505
SWAY_PERF_OUTPUT,1438,56,270506
SWAY_PERF_OUTPUT,1439,48,270507
SWAY_PERF_OUTPUT,1440,37,270508
SWAY_PERF_OUTPUT,1441,13,270509
SWAY_PERF_OUTPUT,1442,20,270510
SWAY_PERF_OUTPUT,1443,73,270511
SWAY_PERF_OUTPUT,1444,118,270512
SWAY_PERF_OUTPUT,1445,127,270513
SWAY_PERF_OUTPUT,1446,127,270514
SWAY_PERF_OUTPUT,1447,127,270515
SWAY_PERF_OUTPUT,1448,127,270516
SWAY_PERF_OUTPUT,1449,116,270517
SWAY_PERF_OUTPUT,1450,88,270518
SWAY_PERF_OUTPUT,1451,127,270519
SWAY_PERF_OUTPUT,1452,120,270520
SWAY_PERF_OUTPUT,1453,119,270521
SWAY_PERF_OUTPUT,1454,127,270522
SWAY_PERF_OUTPUT,1455,110,270523
SWAY_PERF_OUTPUT,1456,121,270524
SWAY_PERF_OUTPUT,1457,118,270525
SWAY_PERF_OUTPUT,1458,127,270526
SWAY_PERF_OUTPUT,1459,127,270527
SWAY_PERF_OUTPUT,1460,127,270528
SWAY_PERF_OUTPUT,1461,127,270529
SWAY_PERF_OUTPUT,1462,127,270530
SWAY_PERF_OUTPUT,1463,-21,270531
SWAY_PERF_OUTPUT,1464,-2,270532
SWAY_PERF_OUTPUT,1465,32,270533
SWAY_PERF_OUTPUT,1466,32,270534
SWAY_PERF_OUTPUT,1467,17,270535
SWAY_PERF_OUTPUT,1468,-14,270536
SWAY_PERF_OUTPUT,1469,-22,270537
SWAY_PERF_OUTPUT,1470,-12,270538
SWAY_PERF_OUTPUT,1471,-47,270539
SWAY_PERF_OUTPUT,1472,-38,270540
SWAY_PERF_OUTPUT,1473,-36,270541
SWAY_PERF_OUTPUT,1474,-46,270542
SWAY_PERF_OUTPUT,1475,-81,270543
SWAY_PERF_OUTPUT,1476,-67,270544
SWAY_PERF_OUTPUT,1477,-17,270545
SWAY_PERF_OUTPUT,1478,-41,270546
SWAY_PERF_OUTPUT,1479,-65,270547
SWAY_PERF_OUTPUT,1480,-78,270548
SWAY_PERF_OUTPUT,1481,21,270549
SWAY_PERF_FRAME,25,270493,270549
SWAY_PROFILE,block0_in,26,15,270855
SWAY_PROFILE,block1_in,26,10,270855
SWAY_PROFILE,embedding_in,27,1,270857
SWAY_PROFILE,head_in,26,6,270857
SWAY_PROFILE,patch_ready,27,2,270858
SWAY_PROFILE,block0_in,27,0,271482
SWAY_PROFILE,block1_in,26,11,271482
SWAY_PROFILE,embedding_in,27,2,271484
SWAY_PROFILE,head_in,26,7,271484
SWAY_PROFILE,patch_ready,27,3,271485
SWAY_PROFILE,block0_in,27,1,272115
SWAY_PROFILE,block1_in,26,12,272115
SWAY_PROFILE,embedding_in,27,3,272117
SWAY_PROFILE,head_in,26,8,272117
SWAY_PROFILE,patch_ready,27,4,272118
SWAY_PROFILE,block0_in,27,2,272742
SWAY_PROFILE,block1_in,26,13,272742
SWAY_PROFILE,embedding_in,27,4,272744
SWAY_PROFILE,head_in,26,9,272744
SWAY_PROFILE,patch_ready,27,5,272745
SWAY_PROFILE,block0_in,27,3,273369
SWAY_PROFILE,block1_in,26,14,273369
SWAY_PROFILE,embedding_in,27,5,273371
SWAY_PROFILE,head_in,26,10,273371
SWAY_PROFILE,patch_ready,27,6,273372
SWAY_PROFILE,block0_in,27,4,273996
SWAY_PROFILE,block1_in,26,15,273996
SWAY_PROFILE,embedding_in,27,6,273998
SWAY_PROFILE,head_in,26,11,273998
SWAY_PROFILE,patch_ready,27,7,273999
SWAY_PROFILE,block0_in,27,5,274629
SWAY_PROFILE,block1_in,27,0,274629
SWAY_PROFILE,embedding_in,27,7,274631
SWAY_PROFILE,head_in,26,12,274631
SWAY_PROFILE,patch_ready,27,8,274632
SWAY_PROFILE,block0_in,27,6,275256
SWAY_PROFILE,block1_in,27,1,275256
SWAY_PROFILE,embedding_in,27,8,275258
SWAY_PROFILE,head_in,26,13,275258
SWAY_PROFILE,patch_ready,27,9,275259
SWAY_PROFILE,block0_in,27,7,275883
SWAY_PROFILE,block1_in,27,2,275883
SWAY_PROFILE,embedding_in,27,9,275885
SWAY_PROFILE,head_in,26,14,275885
SWAY_PROFILE,patch_ready,27,10,275886
SWAY_PROFILE,block0_in,27,8,276510
SWAY_PROFILE,block1_in,27,3,276510
SWAY_PROFILE,embedding_in,27,10,276512
SWAY_PROFILE,head_in,26,15,276512
SWAY_PROFILE,patch_ready,27,11,276513
SWAY_PROFILE,block0_in,27,9,277143
SWAY_PROFILE,block1_in,27,4,277143
SWAY_PROFILE,embedding_in,27,11,277145
SWAY_PROFILE,head_in,27,0,277145
SWAY_PROFILE,patch_ready,27,12,277146
SWAY_PROFILE,block0_in,27,10,277770
SWAY_PROFILE,block1_in,27,5,277770
SWAY_PROFILE,embedding_in,27,12,277772
SWAY_PROFILE,head_in,27,1,277772
SWAY_PROFILE,patch_ready,27,13,277773
SWAY_PROFILE,block0_in,27,11,278397
SWAY_PROFILE,block1_in,27,6,278397
SWAY_PROFILE,embedding_in,27,13,278399
SWAY_PROFILE,head_in,27,2,278399
SWAY_PROFILE,patch_ready,27,14,278400
SWAY_PROFILE,block0_in,27,12,279024
SWAY_PROFILE,block1_in,27,7,279024
SWAY_PROFILE,embedding_in,27,14,279026
SWAY_PROFILE,head_in,27,3,279026
SWAY_PROFILE,patch_ready,27,15,279027
SWAY_PERF_INPUT_FRAME,29,269262,279317
SWAY_PROFILE,block0_in,27,13,279657
SWAY_PROFILE,block1_in,27,8,279657
SWAY_PROFILE,embedding_in,27,15,279659
SWAY_PROFILE,head_in,27,4,279659
SWAY_PROFILE,patch_ready,28,0,279660
SWAY_PROFILE,head_output_in,26,0,279805
SWAY_PROFILE,block0_in,27,14,280284
SWAY_PROFILE,block1_in,27,9,280284
SWAY_PROFILE,embedding_in,28,0,280286
SWAY_PROFILE,head_in,27,5,280286
SWAY_PROFILE,patch_ready,28,1,280287
SWAY_PROFILE,serialize_in,26,0,280547
SWAY_PERF_OUTPUT,1482,7,280549
SWAY_PERF_OUTPUT,1483,7,280550
SWAY_PERF_OUTPUT,1484,6,280551
SWAY_PERF_OUTPUT,1485,6,280552
SWAY_PERF_OUTPUT,1486,12,280553
SWAY_PERF_OUTPUT,1487,16,280554
SWAY_PERF_OUTPUT,1488,19,280555
SWAY_PERF_OUTPUT,1489,1,280556
SWAY_PERF_OUTPUT,1490,-2,280557
SWAY_PERF_OUTPUT,1491,-3,280558
SWAY_PERF_OUTPUT,1492,9,280559
SWAY_PERF_OUTPUT,1493,10,280560
SWAY_PERF_OUTPUT,1494,11,280561
SWAY_PERF_OUTPUT,1495,11,280562
SWAY_PERF_OUTPUT,1496,4,280563
SWAY_PERF_OUTPUT,1497,2,280564
SWAY_PERF_OUTPUT,1498,0,280565
SWAY_PERF_OUTPUT,1499,0,280566
SWAY_PERF_OUTPUT,1500,7,280567
SWAY_PERF_OUTPUT,1501,63,280568
SWAY_PERF_OUTPUT,1502,63,280569
SWAY_PERF_OUTPUT,1503,63,280570
SWAY_PERF_OUTPUT,1504,62,280571
SWAY_PERF_OUTPUT,1505,62,280572
SWAY_PERF_OUTPUT,1506,63,280573
SWAY_PERF_OUTPUT,1507,61,280574
SWAY_PERF_OUTPUT,1508,62,280575
SWAY_PERF_OUTPUT,1509,63,280576
SWAY_PERF_OUTPUT,1510,61,280577
SWAY_PERF_OUTPUT,1511,62,280578
SWAY_PERF_OUTPUT,1512,62,280579
SWAY_PERF_OUTPUT,1513,63,280580
SWAY_PERF_OUTPUT,1514,61,280581
SWAY_PERF_OUTPUT,1515,62,280582
SWAY_PERF_OUTPUT,1516,62,280583
SWAY_PERF_OUTPUT,1517,63,280584
SWAY_PERF_OUTPUT,1518,60,280585
SWAY_PERF_OUTPUT,1519,63,280586
SWAY_PERF_OUTPUT,1520,-7,280587
SWAY_PERF_OUTPUT,1521,2,280588
SWAY_PERF_OUTPUT,1522,13,280589
SWAY_PERF_OUTPUT,1523,17,280590
SWAY_PERF_OUTPUT,1524,9,280591
SWAY_PERF_OUTPUT,1525,5,280592
SWAY_PERF_OUTPUT,1526,2,280593
SWAY_PERF_OUTPUT,1527,9,280594
SWAY_PERF_OUTPUT,1528,2,280595
SWAY_PERF_OUTPUT,1529,-4,280596
SWAY_PERF_OUTPUT,1530,-7,280597
SWAY_PERF_OUTPUT,1531,-17,280598
SWAY_PERF_OUTPUT,1532,-28,280599
SWAY_PERF_OUTPUT,1533,-29,280600
SWAY_PERF_OUTPUT,1534,-7,280601
SWAY_PERF_OUTPUT,1535,-16,280602
SWAY_PERF_OUTPUT,1536,-27,280603
SWAY_PERF_OUTPUT,1537,-29,280604
SWAY_PERF_OUTPUT,1538,10,280605
SWAY_PERF_FRAME,26,280549,280605
SWAY_PROFILE,block0_in,27,15,280911
SWAY_PROFILE,block1_in,27,10,280911
SWAY_PROFILE,embedding_in,28,1,280913
SWAY_PROFILE,head_in,27,6,280913
SWAY_PROFILE,patch_ready,28,2,280914
SWAY_PROFILE,block0_in,28,0,281538
SWAY_PROFILE,block1_in,27,11,281538
SWAY_PROFILE,embedding_in,28,2,281540
SWAY_PROFILE,head_in,27,7,281540
SWAY_PROFILE,patch_ready,28,3,281541
SWAY_PROFILE,block0_in,28,1,282171
SWAY_PROFILE,block1_in,27,12,282171
SWAY_PROFILE,embedding_in,28,3,282173
SWAY_PROFILE,head_in,27,8,282173
SWAY_PROFILE,patch_ready,28,4,282174
SWAY_PROFILE,block0_in,28,2,282798
SWAY_PROFILE,block1_in,27,13,282798
SWAY_PROFILE,embedding_in,28,4,282800
SWAY_PROFILE,head_in,27,9,282800
SWAY_PROFILE,patch_ready,28,5,282801
SWAY_PROFILE,block0_in,28,3,283425
SWAY_PROFILE,block1_in,27,14,283425
SWAY_PROFILE,embedding_in,28,5,283427
SWAY_PROFILE,head_in,27,10,283427
SWAY_PROFILE,patch_ready,28,6,283428
SWAY_PROFILE,block0_in,28,4,284052
SWAY_PROFILE,block1_in,27,15,284052
SWAY_PROFILE,embedding_in,28,6,284054
SWAY_PROFILE,head_in,27,11,284054
SWAY_PROFILE,patch_ready,28,7,284055
SWAY_PROFILE,block0_in,28,5,284685
SWAY_PROFILE,block1_in,28,0,284685
SWAY_PROFILE,embedding_in,28,7,284687
SWAY_PROFILE,head_in,27,12,284687
SWAY_PROFILE,patch_ready,28,8,284688
SWAY_PROFILE,block0_in,28,6,285312
SWAY_PROFILE,block1_in,28,1,285312
SWAY_PROFILE,embedding_in,28,8,285314
SWAY_PROFILE,head_in,27,13,285314
SWAY_PROFILE,patch_ready,28,9,285315
SWAY_PROFILE,block0_in,28,7,285939
SWAY_PROFILE,block1_in,28,2,285939
SWAY_PROFILE,embedding_in,28,9,285941
SWAY_PROFILE,head_in,27,14,285941
SWAY_PROFILE,patch_ready,28,10,285942
SWAY_PROFILE,block0_in,28,8,286566
SWAY_PROFILE,block1_in,28,3,286566
SWAY_PROFILE,embedding_in,28,10,286568
SWAY_PROFILE,head_in,27,15,286568
SWAY_PROFILE,patch_ready,28,11,286569
SWAY_PROFILE,block0_in,28,9,287199
SWAY_PROFILE,block1_in,28,4,287199
SWAY_PROFILE,embedding_in,28,11,287201
SWAY_PROFILE,head_in,28,0,287201
SWAY_PROFILE,patch_ready,28,12,287202
SWAY_PROFILE,block0_in,28,10,287826
SWAY_PROFILE,block1_in,28,5,287826
SWAY_PROFILE,embedding_in,28,12,287828
SWAY_PROFILE,head_in,28,1,287828
SWAY_PROFILE,patch_ready,28,13,287829
SWAY_PROFILE,block0_in,28,11,288453
SWAY_PROFILE,block1_in,28,6,288453
SWAY_PROFILE,embedding_in,28,13,288455
SWAY_PROFILE,head_in,28,2,288455
SWAY_PROFILE,patch_ready,28,14,288456
SWAY_PROFILE,block0_in,28,12,289080
SWAY_PROFILE,block1_in,28,7,289080
SWAY_PROFILE,embedding_in,28,14,289082
SWAY_PROFILE,head_in,28,3,289082
SWAY_PROFILE,patch_ready,28,15,289083
SWAY_PERF_INPUT_FRAME,30,279318,289373
SWAY_PROFILE,block0_in,28,13,289713
SWAY_PROFILE,block1_in,28,8,289713
SWAY_PROFILE,embedding_in,28,15,289715
SWAY_PROFILE,head_in,28,4,289715
SWAY_PROFILE,patch_ready,29,0,289716
SWAY_PROFILE,head_output_in,27,0,289861
SWAY_PROFILE,block0_in,28,14,290340
SWAY_PROFILE,block1_in,28,9,290340
SWAY_PROFILE,embedding_in,29,0,290342
SWAY_PROFILE,head_in,28,5,290342
SWAY_PROFILE,patch_ready,29,1,290343
SWAY_PROFILE,serialize_in,27,0,290603
SWAY_PERF_OUTPUT,1539,7,290605
SWAY_PERF_OUTPUT,1540,7,290606
SWAY_PERF_OUTPUT,1541,6,290607
SWAY_PERF_OUTPUT,1542,6,290608
SWAY_PERF_OUTPUT,1543,12,290609
SWAY_PERF_OUTPUT,1544,16,290610
SWAY_PERF_OUTPUT,1545,19,290611
SWAY_PERF_OUTPUT,1546,1,290612
SWAY_PERF_OUTPUT,1547,-2,290613
SWAY_PERF_OUTPUT,1548,-3,290614
SWAY_PERF_OUTPUT,1549,9,290615
SWAY_PERF_OUTPUT,1550,10,290616
SWAY_PERF_OUTPUT,1551,11,290617
SWAY_PERF_OUTPUT,1552,11,290618
SWAY_PERF_OUTPUT,1553,4,290619
SWAY_PERF_OUTPUT,1554,2,290620
SWAY_PERF_OUTPUT,1555,0,290621
SWAY_PERF_OUTPUT,1556,0,290622
SWAY_PERF_OUTPUT,1557,7,290623
SWAY_PERF_OUTPUT,1558,63,290624
SWAY_PERF_OUTPUT,1559,63,290625
SWAY_PERF_OUTPUT,1560,63,290626
SWAY_PERF_OUTPUT,1561,62,290627
SWAY_PERF_OUTPUT,1562,62,290628
SWAY_PERF_OUTPUT,1563,63,290629
SWAY_PERF_OUTPUT,1564,61,290630
SWAY_PERF_OUTPUT,1565,62,290631
SWAY_PERF_OUTPUT,1566,63,290632
SWAY_PERF_OUTPUT,1567,61,290633
SWAY_PERF_OUTPUT,1568,62,290634
SWAY_PERF_OUTPUT,1569,62,290635
SWAY_PERF_OUTPUT,1570,63,290636
SWAY_PERF_OUTPUT,1571,61,290637
SWAY_PERF_OUTPUT,1572,62,290638
SWAY_PERF_OUTPUT,1573,62,290639
SWAY_PERF_OUTPUT,1574,63,290640
SWAY_PERF_OUTPUT,1575,60,290641
SWAY_PERF_OUTPUT,1576,63,290642
SWAY_PERF_OUTPUT,1577,-7,290643
SWAY_PERF_OUTPUT,1578,2,290644
SWAY_PERF_OUTPUT,1579,13,290645
SWAY_PERF_OUTPUT,1580,17,290646
SWAY_PERF_OUTPUT,1581,9,290647
SWAY_PERF_OUTPUT,1582,5,290648
SWAY_PERF_OUTPUT,1583,2,290649
SWAY_PERF_OUTPUT,1584,9,290650
SWAY_PERF_OUTPUT,1585,2,290651
SWAY_PERF_OUTPUT,1586,-4,290652
SWAY_PERF_OUTPUT,1587,-7,290653
SWAY_PERF_OUTPUT,1588,-17,290654
SWAY_PERF_OUTPUT,1589,-28,290655
SWAY_PERF_OUTPUT,1590,-29,290656
SWAY_PERF_OUTPUT,1591,-7,290657
SWAY_PERF_OUTPUT,1592,-16,290658
SWAY_PERF_OUTPUT,1593,-27,290659
SWAY_PERF_OUTPUT,1594,-29,290660
SWAY_PERF_OUTPUT,1595,10,290661
SWAY_PERF_FRAME,27,290605,290661
SWAY_PROFILE,block0_in,28,15,290967
SWAY_PROFILE,block1_in,28,10,290967
SWAY_PROFILE,embedding_in,29,1,290969
SWAY_PROFILE,head_in,28,6,290969
SWAY_PROFILE,patch_ready,29,2,290970
SWAY_PROFILE,block0_in,29,0,291594
SWAY_PROFILE,block1_in,28,11,291594
SWAY_PROFILE,embedding_in,29,2,291596
SWAY_PROFILE,head_in,28,7,291596
SWAY_PROFILE,patch_ready,29,3,291597
SWAY_PROFILE,block0_in,29,1,292227
SWAY_PROFILE,block1_in,28,12,292227
SWAY_PROFILE,embedding_in,29,3,292229
SWAY_PROFILE,head_in,28,8,292229
SWAY_PROFILE,patch_ready,29,4,292230
SWAY_PROFILE,block0_in,29,2,292854
SWAY_PROFILE,block1_in,28,13,292854
SWAY_PROFILE,embedding_in,29,4,292856
SWAY_PROFILE,head_in,28,9,292856
SWAY_PROFILE,patch_ready,29,5,292857
SWAY_PROFILE,block0_in,29,3,293481
SWAY_PROFILE,block1_in,28,14,293481
SWAY_PROFILE,embedding_in,29,5,293483
SWAY_PROFILE,head_in,28,10,293483
SWAY_PROFILE,patch_ready,29,6,293484
SWAY_PROFILE,block0_in,29,4,294108
SWAY_PROFILE,block1_in,28,15,294108
SWAY_PROFILE,embedding_in,29,6,294110
SWAY_PROFILE,head_in,28,11,294110
SWAY_PROFILE,patch_ready,29,7,294111
SWAY_PROFILE,block0_in,29,5,294741
SWAY_PROFILE,block1_in,29,0,294741
SWAY_PROFILE,embedding_in,29,7,294743
SWAY_PROFILE,head_in,28,12,294743
SWAY_PROFILE,patch_ready,29,8,294744
SWAY_PROFILE,block0_in,29,6,295368
SWAY_PROFILE,block1_in,29,1,295368
SWAY_PROFILE,embedding_in,29,8,295370
SWAY_PROFILE,head_in,28,13,295370
SWAY_PROFILE,patch_ready,29,9,295371
SWAY_PROFILE,block0_in,29,7,295995
SWAY_PROFILE,block1_in,29,2,295995
SWAY_PROFILE,embedding_in,29,9,295997
SWAY_PROFILE,head_in,28,14,295997
SWAY_PROFILE,patch_ready,29,10,295998
SWAY_PROFILE,block0_in,29,8,296622
SWAY_PROFILE,block1_in,29,3,296622
SWAY_PROFILE,embedding_in,29,10,296624
SWAY_PROFILE,head_in,28,15,296624
SWAY_PROFILE,patch_ready,29,11,296625
SWAY_PROFILE,block0_in,29,9,297255
SWAY_PROFILE,block1_in,29,4,297255
SWAY_PROFILE,embedding_in,29,11,297257
SWAY_PROFILE,head_in,29,0,297257
SWAY_PROFILE,patch_ready,29,12,297258
SWAY_PROFILE,block0_in,29,10,297882
SWAY_PROFILE,block1_in,29,5,297882
SWAY_PROFILE,embedding_in,29,12,297884
SWAY_PROFILE,head_in,29,1,297884
SWAY_PROFILE,patch_ready,29,13,297885
SWAY_PROFILE,block0_in,29,11,298509
SWAY_PROFILE,block1_in,29,6,298509
SWAY_PROFILE,embedding_in,29,13,298511
SWAY_PROFILE,head_in,29,2,298511
SWAY_PROFILE,patch_ready,29,14,298512
SWAY_PROFILE,block0_in,29,12,299136
SWAY_PROFILE,block1_in,29,7,299136
SWAY_PROFILE,embedding_in,29,14,299138
SWAY_PROFILE,head_in,29,3,299138
SWAY_PROFILE,patch_ready,29,15,299139
SWAY_PERF_INPUT_FRAME,31,289374,299429
SWAY_PROFILE,block0_in,29,13,299769
SWAY_PROFILE,block1_in,29,8,299769
SWAY_PROFILE,embedding_in,29,15,299771
SWAY_PROFILE,head_in,29,4,299771
SWAY_PROFILE,patch_ready,30,0,299772
SWAY_PROFILE,head_output_in,28,0,299917
SWAY_PROFILE,block0_in,29,14,300396
SWAY_PROFILE,block1_in,29,9,300396
SWAY_PROFILE,embedding_in,30,0,300398
SWAY_PROFILE,head_in,29,5,300398
SWAY_PROFILE,patch_ready,30,1,300399
SWAY_PROFILE,serialize_in,28,0,300659
SWAY_PERF_OUTPUT,1596,7,300661
SWAY_PERF_OUTPUT,1597,7,300662
SWAY_PERF_OUTPUT,1598,6,300663
SWAY_PERF_OUTPUT,1599,6,300664
SWAY_PERF_OUTPUT,1600,12,300665
SWAY_PERF_OUTPUT,1601,16,300666
SWAY_PERF_OUTPUT,1602,19,300667
SWAY_PERF_OUTPUT,1603,1,300668
SWAY_PERF_OUTPUT,1604,-2,300669
SWAY_PERF_OUTPUT,1605,-3,300670
SWAY_PERF_OUTPUT,1606,9,300671
SWAY_PERF_OUTPUT,1607,10,300672
SWAY_PERF_OUTPUT,1608,11,300673
SWAY_PERF_OUTPUT,1609,11,300674
SWAY_PERF_OUTPUT,1610,4,300675
SWAY_PERF_OUTPUT,1611,2,300676
SWAY_PERF_OUTPUT,1612,0,300677
SWAY_PERF_OUTPUT,1613,0,300678
SWAY_PERF_OUTPUT,1614,7,300679
SWAY_PERF_OUTPUT,1615,63,300680
SWAY_PERF_OUTPUT,1616,63,300681
SWAY_PERF_OUTPUT,1617,63,300682
SWAY_PERF_OUTPUT,1618,62,300683
SWAY_PERF_OUTPUT,1619,62,300684
SWAY_PERF_OUTPUT,1620,63,300685
SWAY_PERF_OUTPUT,1621,61,300686
SWAY_PERF_OUTPUT,1622,62,300687
SWAY_PERF_OUTPUT,1623,63,300688
SWAY_PERF_OUTPUT,1624,61,300689
SWAY_PERF_OUTPUT,1625,62,300690
SWAY_PERF_OUTPUT,1626,62,300691
SWAY_PERF_OUTPUT,1627,63,300692
SWAY_PERF_OUTPUT,1628,61,300693
SWAY_PERF_OUTPUT,1629,62,300694
SWAY_PERF_OUTPUT,1630,62,300695
SWAY_PERF_OUTPUT,1631,63,300696
SWAY_PERF_OUTPUT,1632,60,300697
SWAY_PERF_OUTPUT,1633,63,300698
SWAY_PERF_OUTPUT,1634,-7,300699
SWAY_PERF_OUTPUT,1635,2,300700
SWAY_PERF_OUTPUT,1636,13,300701
SWAY_PERF_OUTPUT,1637,17,300702
SWAY_PERF_OUTPUT,1638,9,300703
SWAY_PERF_OUTPUT,1639,5,300704
SWAY_PERF_OUTPUT,1640,2,300705
SWAY_PERF_OUTPUT,1641,9,300706
SWAY_PERF_OUTPUT,1642,2,300707
SWAY_PERF_OUTPUT,1643,-4,300708
SWAY_PERF_OUTPUT,1644,-7,300709
SWAY_PERF_OUTPUT,1645,-17,300710
SWAY_PERF_OUTPUT,1646,-28,300711
SWAY_PERF_OUTPUT,1647,-29,300712
SWAY_PERF_OUTPUT,1648,-7,300713
SWAY_PERF_OUTPUT,1649,-16,300714
SWAY_PERF_OUTPUT,1650,-27,300715
SWAY_PERF_OUTPUT,1651,-29,300716
SWAY_PERF_OUTPUT,1652,10,300717
SWAY_PERF_FRAME,28,300661,300717
SWAY_PROFILE,block0_in,29,15,301023
SWAY_PROFILE,block1_in,29,10,301023
SWAY_PROFILE,embedding_in,30,1,301025
SWAY_PROFILE,head_in,29,6,301025
SWAY_PROFILE,patch_ready,30,2,301026
SWAY_PROFILE,block0_in,30,0,301650
SWAY_PROFILE,block1_in,29,11,301650
SWAY_PROFILE,embedding_in,30,2,301652
SWAY_PROFILE,head_in,29,7,301652
SWAY_PROFILE,patch_ready,30,3,301653
SWAY_PROFILE,block0_in,30,1,302283
SWAY_PROFILE,block1_in,29,12,302283
SWAY_PROFILE,embedding_in,30,3,302285
SWAY_PROFILE,head_in,29,8,302285
SWAY_PROFILE,patch_ready,30,4,302286
SWAY_PROFILE,block0_in,30,2,302910
SWAY_PROFILE,block1_in,29,13,302910
SWAY_PROFILE,embedding_in,30,4,302912
SWAY_PROFILE,head_in,29,9,302912
SWAY_PROFILE,patch_ready,30,5,302913
SWAY_PROFILE,block0_in,30,3,303537
SWAY_PROFILE,block1_in,29,14,303537
SWAY_PROFILE,embedding_in,30,5,303539
SWAY_PROFILE,head_in,29,10,303539
SWAY_PROFILE,patch_ready,30,6,303540
SWAY_PROFILE,block0_in,30,4,304164
SWAY_PROFILE,block1_in,29,15,304164
SWAY_PROFILE,embedding_in,30,6,304166
SWAY_PROFILE,head_in,29,11,304166
SWAY_PROFILE,patch_ready,30,7,304167
SWAY_PROFILE,block0_in,30,5,304797
SWAY_PROFILE,block1_in,30,0,304797
SWAY_PROFILE,embedding_in,30,7,304799
SWAY_PROFILE,head_in,29,12,304799
SWAY_PROFILE,patch_ready,30,8,304800
SWAY_PROFILE,block0_in,30,6,305424
SWAY_PROFILE,block1_in,30,1,305424
SWAY_PROFILE,embedding_in,30,8,305426
SWAY_PROFILE,head_in,29,13,305426
SWAY_PROFILE,patch_ready,30,9,305427
SWAY_PROFILE,block0_in,30,7,306051
SWAY_PROFILE,block1_in,30,2,306051
SWAY_PROFILE,embedding_in,30,9,306053
SWAY_PROFILE,head_in,29,14,306053
SWAY_PROFILE,patch_ready,30,10,306054
SWAY_PROFILE,block0_in,30,8,306678
SWAY_PROFILE,block1_in,30,3,306678
SWAY_PROFILE,embedding_in,30,10,306680
SWAY_PROFILE,head_in,29,15,306680
SWAY_PROFILE,patch_ready,30,11,306681
SWAY_PROFILE,block0_in,30,9,307311
SWAY_PROFILE,block1_in,30,4,307311
SWAY_PROFILE,embedding_in,30,11,307313
SWAY_PROFILE,head_in,30,0,307313
SWAY_PROFILE,patch_ready,30,12,307314
SWAY_PROFILE,block0_in,30,10,307938
SWAY_PROFILE,block1_in,30,5,307938
SWAY_PROFILE,embedding_in,30,12,307940
SWAY_PROFILE,head_in,30,1,307940
SWAY_PROFILE,patch_ready,30,13,307941
SWAY_PROFILE,block0_in,30,11,308565
SWAY_PROFILE,block1_in,30,6,308565
SWAY_PROFILE,embedding_in,30,13,308567
SWAY_PROFILE,head_in,30,2,308567
SWAY_PROFILE,patch_ready,30,14,308568
SWAY_PROFILE,block0_in,30,12,309192
SWAY_PROFILE,block1_in,30,7,309192
SWAY_PROFILE,embedding_in,30,14,309194
SWAY_PROFILE,head_in,30,3,309194
SWAY_PROFILE,patch_ready,30,15,309195
SWAY_PERF_INPUT_FRAME,32,299430,309485
SWAY_PROFILE,block0_in,30,13,309825
SWAY_PROFILE,block1_in,30,8,309825
SWAY_PROFILE,embedding_in,30,15,309827
SWAY_PROFILE,head_in,30,4,309827
SWAY_PROFILE,patch_ready,31,0,309828
SWAY_PROFILE,head_output_in,29,0,309973
SWAY_PROFILE,block0_in,30,14,310452
SWAY_PROFILE,block1_in,30,9,310452
SWAY_PROFILE,embedding_in,31,0,310454
SWAY_PROFILE,head_in,30,5,310454
SWAY_PROFILE,patch_ready,31,1,310455
SWAY_PROFILE,serialize_in,29,0,310715
SWAY_PERF_OUTPUT,1653,7,310717
SWAY_PERF_OUTPUT,1654,8,310718
SWAY_PERF_OUTPUT,1655,8,310719
SWAY_PERF_OUTPUT,1656,8,310720
SWAY_PERF_OUTPUT,1657,13,310721
SWAY_PERF_OUTPUT,1658,17,310722
SWAY_PERF_OUTPUT,1659,20,310723
SWAY_PERF_OUTPUT,1660,2,310724
SWAY_PERF_OUTPUT,1661,-2,310725
SWAY_PERF_OUTPUT,1662,-5,310726
SWAY_PERF_OUTPUT,1663,10,310727
SWAY_PERF_OUTPUT,1664,11,310728
SWAY_PERF_OUTPUT,1665,10,310729
SWAY_PERF_OUTPUT,1666,11,310730
SWAY_PERF_OUTPUT,1667,5,310731
SWAY_PERF_OUTPUT,1668,3,310732
SWAY_PERF_OUTPUT,1669,0,310733
SWAY_PERF_OUTPUT,1670,0,310734
SWAY_PERF_OUTPUT,1671,8,310735
SWAY_PERF_OUTPUT,1672,62,310736
SWAY_PERF_OUTPUT,1673,62,310737
SWAY_PERF_OUTPUT,1674,62,310738
SWAY_PERF_OUTPUT,1675,62,310739
SWAY_PERF_OUTPUT,1676,62,310740
SWAY_PERF_OUTPUT,1677,62,310741
SWAY_PERF_OUTPUT,1678,60,310742
SWAY_PERF_OUTPUT,1679,61,310743
SWAY_PERF_OUTPUT,1680,61,310744
SWAY_PERF_OUTPUT,1681,60,310745
SWAY_PERF_OUTPUT,1682,61,310746
SWAY_PERF_OUTPUT,1683,60,310747
SWAY_PERF_OUTPUT,1684,62,310748
SWAY_PERF_OUTPUT,1685,59,310749
SWAY_PERF_OUTPUT,1686,61,310750
SWAY_PERF_OUTPUT,1687,61,310751
SWAY_PERF_OUTPUT,1688,64,310752
SWAY_PERF_OUTPUT,1689,60,310753
SWAY_PERF_OUTPUT,1690,62,310754
SWAY_PERF_OUTPUT,1691,-6,310755
SWAY_PERF_OUTPUT,1692,4,310756
SWAY_PERF_OUTPUT,1693,14,310757
SWAY_PERF_OUTPUT,1694,18,310758
SWAY_PERF_OUTPUT,1695,10,310759
SWAY_PERF_OUTPUT,1696,6,310760
SWAY_PERF_OUTPUT,1697,-1,310761
SWAY_PERF_OUTPUT,1698,10,310762
SWAY_PERF_OUTPUT,1699,4,310763
SWAY_PERF_OUTPUT,1700,-1,310764
SWAY_PERF_OUTPUT,1701,-5,310765
SWAY_PERF_OUTPUT,1702,-16,310766
SWAY_PERF_OUTPUT,1703,-26,310767
SWAY_PERF_OUTPUT,1704,-29,310768
SWAY_PERF_OUTPUT,1705,-6,310769
SWAY_PERF_OUTPUT,1706,-15,310770
SWAY_PERF_OUTPUT,1707,-26,310771
SWAY_PERF_OUTPUT,1708,-28,310772
SWAY_PERF_OUTPUT,1709,11,310773
SWAY_PERF_FRAME,29,310717,310773
SWAY_PROFILE,block0_in,30,15,311079
SWAY_PROFILE,block1_in,30,10,311079
SWAY_PROFILE,embedding_in,31,1,311081
SWAY_PROFILE,head_in,30,6,311081
SWAY_PROFILE,patch_ready,31,2,311082
SWAY_PROFILE,block0_in,31,0,311706
SWAY_PROFILE,block1_in,30,11,311706
SWAY_PROFILE,embedding_in,31,2,311708
SWAY_PROFILE,head_in,30,7,311708
SWAY_PROFILE,patch_ready,31,3,311709
SWAY_PROFILE,block0_in,31,1,312339
SWAY_PROFILE,block1_in,30,12,312339
SWAY_PROFILE,embedding_in,31,3,312341
SWAY_PROFILE,head_in,30,8,312341
SWAY_PROFILE,patch_ready,31,4,312342
SWAY_PROFILE,block0_in,31,2,312966
SWAY_PROFILE,block1_in,30,13,312966
SWAY_PROFILE,embedding_in,31,4,312968
SWAY_PROFILE,head_in,30,9,312968
SWAY_PROFILE,patch_ready,31,5,312969
SWAY_PROFILE,block0_in,31,3,313593
SWAY_PROFILE,block1_in,30,14,313593
SWAY_PROFILE,embedding_in,31,5,313595
SWAY_PROFILE,head_in,30,10,313595
SWAY_PROFILE,patch_ready,31,6,313596
SWAY_PROFILE,block0_in,31,4,314220
SWAY_PROFILE,block1_in,30,15,314220
SWAY_PROFILE,embedding_in,31,6,314222
SWAY_PROFILE,head_in,30,11,314222
SWAY_PROFILE,patch_ready,31,7,314223
SWAY_PROFILE,block0_in,31,5,314853
SWAY_PROFILE,block1_in,31,0,314853
SWAY_PROFILE,embedding_in,31,7,314855
SWAY_PROFILE,head_in,30,12,314855
SWAY_PROFILE,patch_ready,31,8,314856
SWAY_PROFILE,block0_in,31,6,315480
SWAY_PROFILE,block1_in,31,1,315480
SWAY_PROFILE,embedding_in,31,8,315482
SWAY_PROFILE,head_in,30,13,315482
SWAY_PROFILE,patch_ready,31,9,315483
SWAY_PROFILE,block0_in,31,7,316107
SWAY_PROFILE,block1_in,31,2,316107
SWAY_PROFILE,embedding_in,31,9,316109
SWAY_PROFILE,head_in,30,14,316109
SWAY_PROFILE,patch_ready,31,10,316110
SWAY_PROFILE,block0_in,31,8,316734
SWAY_PROFILE,block1_in,31,3,316734
SWAY_PROFILE,embedding_in,31,10,316736
SWAY_PROFILE,head_in,30,15,316736
SWAY_PROFILE,patch_ready,31,11,316737
SWAY_PROFILE,block0_in,31,9,317367
SWAY_PROFILE,block1_in,31,4,317367
SWAY_PROFILE,embedding_in,31,11,317369
SWAY_PROFILE,head_in,31,0,317369
SWAY_PROFILE,patch_ready,31,12,317370
SWAY_PROFILE,block0_in,31,10,317994
SWAY_PROFILE,block1_in,31,5,317994
SWAY_PROFILE,embedding_in,31,12,317996
SWAY_PROFILE,head_in,31,1,317996
SWAY_PROFILE,patch_ready,31,13,317997
SWAY_PROFILE,block0_in,31,11,318621
SWAY_PROFILE,block1_in,31,6,318621
SWAY_PROFILE,embedding_in,31,13,318623
SWAY_PROFILE,head_in,31,2,318623
SWAY_PROFILE,patch_ready,31,14,318624
SWAY_PROFILE,block0_in,31,12,319248
SWAY_PROFILE,block1_in,31,7,319248
SWAY_PROFILE,embedding_in,31,14,319250
SWAY_PROFILE,head_in,31,3,319250
SWAY_PROFILE,patch_ready,31,15,319251
SWAY_PERF_INPUT_FRAME,33,309486,319541
SWAY_PROFILE,block0_in,31,13,319881
SWAY_PROFILE,block1_in,31,8,319881
SWAY_PROFILE,embedding_in,31,15,319883
SWAY_PROFILE,head_in,31,4,319883
SWAY_PROFILE,patch_ready,32,0,319884
SWAY_PROFILE,head_output_in,30,0,320029
SWAY_PROFILE,block0_in,31,14,320508
SWAY_PROFILE,block1_in,31,9,320508
SWAY_PROFILE,embedding_in,32,0,320510
SWAY_PROFILE,head_in,31,5,320510
SWAY_PROFILE,patch_ready,32,1,320511
SWAY_PROFILE,serialize_in,30,0,320771
SWAY_PERF_OUTPUT,1710,8,320773
SWAY_PERF_OUTPUT,1711,9,320774
SWAY_PERF_OUTPUT,1712,8,320775
SWAY_PERF_OUTPUT,1713,9,320776
SWAY_PERF_OUTPUT,1714,13,320777
SWAY_PERF_OUTPUT,1715,16,320778
SWAY_PERF_OUTPUT,1716,15,320779
SWAY_PERF_OUTPUT,1717,4,320780
SWAY_PERF_OUTPUT,1718,1,320781
SWAY_PERF_OUTPUT,1719,0,320782
SWAY_PERF_OUTPUT,1720,10,320783
SWAY_PERF_OUTPUT,1721,10,320784
SWAY_PERF_OUTPUT,1722,8,320785
SWAY_PERF_OUTPUT,1723,8,320786
SWAY_PERF_OUTPUT,1724,6,320787
SWAY_PERF_OUTPUT,1725,4,320788
SWAY_PERF_OUTPUT,1726,2,320789
SWAY_PERF_OUTPUT,1727,1,320790
SWAY_PERF_OUTPUT,1728,9,320791
SWAY_PERF_OUTPUT,1729,63,320792
SWAY_PERF_OUTPUT,1730,63,320793
SWAY_PERF_OUTPUT,1731,63,320794
SWAY_PERF_OUTPUT,1732,63,320795
SWAY_PERF_OUTPUT,1733,62,320796
SWAY_PERF_OUTPUT,1734,62,320797
SWAY_PERF_OUTPUT,1735,60,320798
SWAY_PERF_OUTPUT,1736,62,320799
SWAY_PERF_OUTPUT,1737,64,320800
SWAY_PERF_OUTPUT,1738,62,320801
SWAY_PERF_OUTPUT,1739,62,320802
SWAY_PERF_OUTPUT,1740,62,320803
SWAY_PERF_OUTPUT,1741,63,320804
SWAY_PERF_OUTPUT,1742,62,320805
SWAY_PERF_OUTPUT,1743,62,320806
SWAY_PERF_OUTPUT,1744,62,320807
SWAY_PERF_OUTPUT,1745,63,320808
SWAY_PERF_OUTPUT,1746,59,320809
SWAY_PERF_OUTPUT,1747,63,320810
SWAY_PERF_OUTPUT,1748,-8,320811
SWAY_PERF_OUTPUT,1749,2,320812
SWAY_PERF_OUTPUT,1750,13,320813
SWAY_PERF_OUTPUT,1751,17,320814
SWAY_PERF_OUTPUT,1752,9,320815
SWAY_PERF_OUTPUT,1753,2,320816
SWAY_PERF_OUTPUT,1754,-4,320817
SWAY_PERF_OUTPUT,1755,8,320818
SWAY_PERF_OUTPUT,1756,2,320819
SWAY_PERF_OUTPUT,1757,-4,320820
SWAY_PERF_OUTPUT,1758,-7,320821
SWAY_PERF_OUTPUT,1759,-17,320822
SWAY_PERF_OUTPUT,1760,-28,320823
SWAY_PERF_OUTPUT,1761,-30,320824
SWAY_PERF_OUTPUT,1762,-7,320825
SWAY_PERF_OUTPUT,1763,-16,320826
SWAY_PERF_OUTPUT,1764,-26,320827
SWAY_PERF_OUTPUT,1765,-29,320828
SWAY_PERF_OUTPUT,1766,10,320829
SWAY_PERF_FRAME,30,320773,320829
SWAY_PROFILE,block0_in,31,15,321135
SWAY_PROFILE,block1_in,31,10,321135
SWAY_PROFILE,embedding_in,32,1,321137
SWAY_PROFILE,head_in,31,6,321137
SWAY_PROFILE,patch_ready,32,2,321138
SWAY_PROFILE,block0_in,32,0,321762
SWAY_PROFILE,block1_in,31,11,321762
SWAY_PROFILE,embedding_in,32,2,321764
SWAY_PROFILE,head_in,31,7,321764
SWAY_PROFILE,patch_ready,32,3,321765
SWAY_PROFILE,block0_in,32,1,322395
SWAY_PROFILE,block1_in,31,12,322395
SWAY_PROFILE,embedding_in,32,3,322397
SWAY_PROFILE,head_in,31,8,322397
SWAY_PROFILE,patch_ready,32,4,322398
SWAY_PROFILE,block0_in,32,2,323022
SWAY_PROFILE,block1_in,31,13,323022
SWAY_PROFILE,embedding_in,32,4,323024
SWAY_PROFILE,head_in,31,9,323024
SWAY_PROFILE,patch_ready,32,5,323025
SWAY_PROFILE,block0_in,32,3,323649
SWAY_PROFILE,block1_in,31,14,323649
SWAY_PROFILE,embedding_in,32,5,323651
SWAY_PROFILE,head_in,31,10,323651
SWAY_PROFILE,patch_ready,32,6,323652
SWAY_PROFILE,block0_in,32,4,324276
SWAY_PROFILE,block1_in,31,15,324276
SWAY_PROFILE,embedding_in,32,6,324278
SWAY_PROFILE,head_in,31,11,324278
SWAY_PROFILE,patch_ready,32,7,324279
SWAY_PROFILE,block0_in,32,5,324909
SWAY_PROFILE,block1_in,32,0,324909
SWAY_PROFILE,embedding_in,32,7,324911
SWAY_PROFILE,head_in,31,12,324911
SWAY_PROFILE,patch_ready,32,8,324912
SWAY_PROFILE,block0_in,32,6,325536
SWAY_PROFILE,block1_in,32,1,325536
SWAY_PROFILE,embedding_in,32,8,325538
SWAY_PROFILE,head_in,31,13,325538
SWAY_PROFILE,patch_ready,32,9,325539
SWAY_PROFILE,block0_in,32,7,326163
SWAY_PROFILE,block1_in,32,2,326163
SWAY_PROFILE,embedding_in,32,9,326165
SWAY_PROFILE,head_in,31,14,326165
SWAY_PROFILE,patch_ready,32,10,326166
SWAY_PROFILE,block0_in,32,8,326790
SWAY_PROFILE,block1_in,32,3,326790
SWAY_PROFILE,embedding_in,32,10,326792
SWAY_PROFILE,head_in,31,15,326792
SWAY_PROFILE,patch_ready,32,11,326793
SWAY_PROFILE,block0_in,32,9,327423
SWAY_PROFILE,block1_in,32,4,327423
SWAY_PROFILE,embedding_in,32,11,327425
SWAY_PROFILE,head_in,32,0,327425
SWAY_PROFILE,patch_ready,32,12,327426
SWAY_PROFILE,block0_in,32,10,328050
SWAY_PROFILE,block1_in,32,5,328050
SWAY_PROFILE,embedding_in,32,12,328052
SWAY_PROFILE,head_in,32,1,328052
SWAY_PROFILE,patch_ready,32,13,328053
SWAY_PROFILE,block0_in,32,11,328677
SWAY_PROFILE,block1_in,32,6,328677
SWAY_PROFILE,embedding_in,32,13,328679
SWAY_PROFILE,head_in,32,2,328679
SWAY_PROFILE,patch_ready,32,14,328680
SWAY_PROFILE,block0_in,32,12,329304
SWAY_PROFILE,block1_in,32,7,329304
SWAY_PROFILE,embedding_in,32,14,329306
SWAY_PROFILE,head_in,32,3,329306
SWAY_PROFILE,patch_ready,32,15,329307
SWAY_PERF_INPUT_FRAME,34,319542,329597
SWAY_PROFILE,block0_in,32,13,329937
SWAY_PROFILE,block1_in,32,8,329937
SWAY_PROFILE,embedding_in,32,15,329939
SWAY_PROFILE,head_in,32,4,329939
SWAY_PROFILE,patch_ready,33,0,329940
SWAY_PROFILE,head_output_in,31,0,330085
SWAY_PROFILE,block0_in,32,14,330564
SWAY_PROFILE,block1_in,32,9,330564
SWAY_PROFILE,embedding_in,33,0,330566
SWAY_PROFILE,head_in,32,5,330566
SWAY_PROFILE,patch_ready,33,1,330567
SWAY_PROFILE,serialize_in,31,0,330827
SWAY_PERF_OUTPUT,1767,7,330829
SWAY_PERF_OUTPUT,1768,7,330830
SWAY_PERF_OUTPUT,1769,6,330831
SWAY_PERF_OUTPUT,1770,7,330832
SWAY_PERF_OUTPUT,1771,13,330833
SWAY_PERF_OUTPUT,1772,17,330834
SWAY_PERF_OUTPUT,1773,20,330835
SWAY_PERF_OUTPUT,1774,1,330836
SWAY_PERF_OUTPUT,1775,-3,330837
SWAY_PERF_OUTPUT,1776,-4,330838
SWAY_PERF_OUTPUT,1777,10,330839
SWAY_PERF_OUTPUT,1778,11,330840
SWAY_PERF_OUTPUT,1779,13,330841
SWAY_PERF_OUTPUT,1780,13,330842
SWAY_PERF_OUTPUT,1781,5,330843
SWAY_PERF_OUTPUT,1782,4,330844
SWAY_PERF_OUTPUT,1783,2,330845
SWAY_PERF_OUTPUT,1784,2,330846
SWAY_PERF_OUTPUT,1785,7,330847
SWAY_PERF_OUTPUT,1786,62,330848
SWAY_PERF_OUTPUT,1787,62,330849
SWAY_PERF_OUTPUT,1788,62,330850
SWAY_PERF_OUTPUT,1789,61,330851
SWAY_PERF_OUTPUT,1790,63,330852
SWAY_PERF_OUTPUT,1791,65,330853
SWAY_PERF_OUTPUT,1792,62,330854
SWAY_PERF_OUTPUT,1793,60,330855
SWAY_PERF_OUTPUT,1794,59,330856
SWAY_PERF_OUTPUT,1795,57,330857
SWAY_PERF_OUTPUT,1796,60,330858
SWAY_PERF_OUTPUT,1797,60,330859
SWAY_PERF_OUTPUT,1798,59,330860
SWAY_PERF_OUTPUT,1799,56,330861
SWAY_PERF_OUTPUT,1800,60,330862
SWAY_PERF_OUTPUT,1801,63,330863
SWAY_PERF_OUTPUT,1802,65,330864
SWAY_PERF_OUTPUT,1803,62,330865
SWAY_PERF_OUTPUT,1804,62,330866
SWAY_PERF_OUTPUT,1805,-3,330867
SWAY_PERF_OUTPUT,1806,7,330868
SWAY_PERF_OUTPUT,1807,17,330869
SWAY_PERF_OUTPUT,1808,22,330870
SWAY_PERF_OUTPUT,1809,14,330871
SWAY_PERF_OUTPUT,1810,10,330872
SWAY_PERF_OUTPUT,1811,8,330873
SWAY_PERF_OUTPUT,1812,14,330874
SWAY_PERF_OUTPUT,1813,8,330875
SWAY_PERF_OUTPUT,1814,4,330876
SWAY_PERF_OUTPUT,1815,-2,330877
SWAY_PERF_OUTPUT,1816,-15,330878
SWAY_PERF_OUTPUT,1817,-26,330879
SWAY_PERF_OUTPUT,1818,-28,330880
SWAY_PERF_OUTPUT,1819,-3,330881
SWAY_PERF_OUTPUT,1820,-15,330882
SWAY_PERF_OUTPUT,1821,-26,330883
SWAY_PERF_OUTPUT,1822,-28,330884
SWAY_PERF_OUTPUT,1823,15,330885
SWAY_PERF_FRAME,31,330829,330885
SWAY_PROFILE,block0_in,32,15,331191
SWAY_PROFILE,block1_in,32,10,331191
SWAY_PROFILE,embedding_in,33,1,331193
SWAY_PROFILE,head_in,32,6,331193
SWAY_PROFILE,patch_ready,33,2,331194
SWAY_PROFILE,block0_in,33,0,331818
SWAY_PROFILE,block1_in,32,11,331818
SWAY_PROFILE,embedding_in,33,2,331820
SWAY_PROFILE,head_in,32,7,331820
SWAY_PROFILE,patch_ready,33,3,331821
SWAY_PROFILE,block0_in,33,1,332451
SWAY_PROFILE,block1_in,32,12,332451
SWAY_PROFILE,embedding_in,33,3,332453
SWAY_PROFILE,head_in,32,8,332453
SWAY_PROFILE,patch_ready,33,4,332454
SWAY_PROFILE,block0_in,33,2,333078
SWAY_PROFILE,block1_in,32,13,333078
SWAY_PROFILE,embedding_in,33,4,333080
SWAY_PROFILE,head_in,32,9,333080
SWAY_PROFILE,patch_ready,33,5,333081
SWAY_PROFILE,block0_in,33,3,333705
SWAY_PROFILE,block1_in,32,14,333705
SWAY_PROFILE,embedding_in,33,5,333707
SWAY_PROFILE,head_in,32,10,333707
SWAY_PROFILE,patch_ready,33,6,333708
SWAY_PROFILE,block0_in,33,4,334332
SWAY_PROFILE,block1_in,32,15,334332
SWAY_PROFILE,embedding_in,33,6,334334
SWAY_PROFILE,head_in,32,11,334334
SWAY_PROFILE,patch_ready,33,7,334335
SWAY_PROFILE,block0_in,33,5,334965
SWAY_PROFILE,block1_in,33,0,334965
SWAY_PROFILE,embedding_in,33,7,334967
SWAY_PROFILE,head_in,32,12,334967
SWAY_PROFILE,patch_ready,33,8,334968
SWAY_PROFILE,block0_in,33,6,335592
SWAY_PROFILE,block1_in,33,1,335592
SWAY_PROFILE,embedding_in,33,8,335594
SWAY_PROFILE,head_in,32,13,335594
SWAY_PROFILE,patch_ready,33,9,335595
SWAY_PROFILE,block0_in,33,7,336219
SWAY_PROFILE,block1_in,33,2,336219
SWAY_PROFILE,embedding_in,33,9,336221
SWAY_PROFILE,head_in,32,14,336221
SWAY_PROFILE,patch_ready,33,10,336222
SWAY_PROFILE,block0_in,33,8,336846
SWAY_PROFILE,block1_in,33,3,336846
SWAY_PROFILE,embedding_in,33,10,336848
SWAY_PROFILE,head_in,32,15,336848
SWAY_PROFILE,patch_ready,33,11,336849
SWAY_PROFILE,block0_in,33,9,337479
SWAY_PROFILE,block1_in,33,4,337479
SWAY_PROFILE,embedding_in,33,11,337481
SWAY_PROFILE,head_in,33,0,337481
SWAY_PROFILE,patch_ready,33,12,337482
SWAY_PROFILE,block0_in,33,10,338106
SWAY_PROFILE,block1_in,33,5,338106
SWAY_PROFILE,embedding_in,33,12,338108
SWAY_PROFILE,head_in,33,1,338108
SWAY_PROFILE,patch_ready,33,13,338109
SWAY_PROFILE,block0_in,33,11,338733
SWAY_PROFILE,block1_in,33,6,338733
SWAY_PROFILE,embedding_in,33,13,338735
SWAY_PROFILE,head_in,33,2,338735
SWAY_PROFILE,patch_ready,33,14,338736
SWAY_PROFILE,block0_in,33,12,339360
SWAY_PROFILE,block1_in,33,7,339360
SWAY_PROFILE,embedding_in,33,14,339362
SWAY_PROFILE,head_in,33,3,339362
SWAY_PROFILE,patch_ready,33,15,339363
SWAY_PERF_INPUT_FRAME,35,329598,339653
SWAY_PROFILE,block0_in,33,13,339993
SWAY_PROFILE,block1_in,33,8,339993
SWAY_PROFILE,embedding_in,33,15,339995
SWAY_PROFILE,head_in,33,4,339995
SWAY_PROFILE,patch_ready,34,0,339996
SWAY_PROFILE,head_output_in,32,0,340141
SWAY_PROFILE,block0_in,33,14,340620
SWAY_PROFILE,block1_in,33,9,340620
SWAY_PROFILE,embedding_in,34,0,340622
SWAY_PROFILE,head_in,33,5,340622
SWAY_PROFILE,patch_ready,34,1,340623
SWAY_PROFILE,serialize_in,32,0,340883
SWAY_PERF_OUTPUT,1824,8,340885
SWAY_PERF_OUTPUT,1825,9,340886
SWAY_PERF_OUTPUT,1826,9,340887
SWAY_PERF_OUTPUT,1827,9,340888
SWAY_PERF_OUTPUT,1828,14,340889
SWAY_PERF_OUTPUT,1829,20,340890
SWAY_PERF_OUTPUT,1830,23,340891
SWAY_PERF_OUTPUT,1831,3,340892
SWAY_PERF_OUTPUT,1832,-4,340893
SWAY_PERF_OUTPUT,1833,-9,340894
SWAY_PERF_OUTPUT,1834,11,340895
SWAY_PERF_OUTPUT,1835,13,340896
SWAY_PERF_OUTPUT,1836,13,340897
SWAY_PERF_OUTPUT,1837,14,340898
SWAY_PERF_OUTPUT,1838,6,340899
SWAY_PERF_OUTPUT,1839,0,340900
SWAY_PERF_OUTPUT,1840,-5,340901
SWAY_PERF_OUTPUT,1841,-5,340902
SWAY_PERF_OUTPUT,1842,9,340903
SWAY_PERF_OUTPUT,1843,62,340904
SWAY_PERF_OUTPUT,1844,61,340905
SWAY_PERF_OUTPUT,1845,60,340906
SWAY_PERF_OUTPUT,1846,59,340907
SWAY_PERF_OUTPUT,1847,59,340908
SWAY_PERF_OUTPUT,1848,59,340909
SWAY_PERF_OUTPUT,1849,58,340910
SWAY_PERF_OUTPUT,1850,60,340911
SWAY_PERF_OUTPUT,1851,60,340912
SWAY_PERF_OUTPUT,1852,59,340913
SWAY_PERF_OUTPUT,1853,60,340914
SWAY_PERF_OUTPUT,1854,58,340915
SWAY_PERF_OUTPUT,1855,61,340916
SWAY_PERF_OUTPUT,1856,59,340917
SWAY_PERF_OUTPUT,1857,61,340918
SWAY_PERF_OUTPUT,1858,59,340919
SWAY_PERF_OUTPUT,1859,61,340920
SWAY_PERF_OUTPUT,1860,58,340921
SWAY_PERF_OUTPUT,1861,60,340922
SWAY_PERF_OUTPUT,1862,-8,340923
SWAY_PERF_OUTPUT,1863,2,340924
SWAY_PERF_OUTPUT,1864,11,340925
SWAY_PERF_OUTPUT,1865,15,340926
SWAY_PERF_OUTPUT,1866,8,340927
SWAY_PERF_OUTPUT,1867,6,340928
SWAY_PERF_OUTPUT,1868,5,340929
SWAY_PERF_OUTPUT,1869,8,340930
SWAY_PERF_OUTPUT,1870,6,340931
SWAY_PERF_OUTPUT,1871,8,340932
SWAY_PERF_OUTPUT,1872,-7,340933
SWAY_PERF_OUTPUT,1873,-16,340934
SWAY_PERF_OUTPUT,1874,-27,340935
SWAY_PERF_OUTPUT,1875,-29,340936
SWAY_PERF_OUTPUT,1876,-7,340937
SWAY_PERF_OUTPUT,1877,-14,340938
SWAY_PERF_OUTPUT,1878,-25,340939
SWAY_PERF_OUTPUT,1879,-27,340940
SWAY_PERF_OUTPUT,1880,9,340941
SWAY_PERF_FRAME,32,340885,340941
SWAY_PROFILE,block0_in,33,15,341247
SWAY_PROFILE,block1_in,33,10,341247
SWAY_PROFILE,embedding_in,34,1,341249
SWAY_PROFILE,head_in,33,6,341249
SWAY_PROFILE,patch_ready,34,2,341250
SWAY_PROFILE,block0_in,34,0,341874
SWAY_PROFILE,block1_in,33,11,341874
SWAY_PROFILE,embedding_in,34,2,341876
SWAY_PROFILE,head_in,33,7,341876
SWAY_PROFILE,patch_ready,34,3,341877
SWAY_PROFILE,block0_in,34,1,342507
SWAY_PROFILE,block1_in,33,12,342507
SWAY_PROFILE,embedding_in,34,3,342509
SWAY_PROFILE,head_in,33,8,342509
SWAY_PROFILE,patch_ready,34,4,342510
SWAY_PROFILE,block0_in,34,2,343134
SWAY_PROFILE,block1_in,33,13,343134
SWAY_PROFILE,embedding_in,34,4,343136
SWAY_PROFILE,head_in,33,9,343136
SWAY_PROFILE,patch_ready,34,5,343137
SWAY_PROFILE,block0_in,34,3,343761
SWAY_PROFILE,block1_in,33,14,343761
SWAY_PROFILE,embedding_in,34,5,343763
SWAY_PROFILE,head_in,33,10,343763
SWAY_PROFILE,patch_ready,34,6,343764
SWAY_PROFILE,block0_in,34,4,344388
SWAY_PROFILE,block1_in,33,15,344388
SWAY_PROFILE,embedding_in,34,6,344390
SWAY_PROFILE,head_in,33,11,344390
SWAY_PROFILE,patch_ready,34,7,344391
SWAY_PROFILE,block0_in,34,5,345021
SWAY_PROFILE,block1_in,34,0,345021
SWAY_PROFILE,embedding_in,34,7,345023
SWAY_PROFILE,head_in,33,12,345023
SWAY_PROFILE,patch_ready,34,8,345024
SWAY_PROFILE,block0_in,34,6,345648
SWAY_PROFILE,block1_in,34,1,345648
SWAY_PROFILE,embedding_in,34,8,345650
SWAY_PROFILE,head_in,33,13,345650
SWAY_PROFILE,patch_ready,34,9,345651
SWAY_PROFILE,block0_in,34,7,346275
SWAY_PROFILE,block1_in,34,2,346275
SWAY_PROFILE,embedding_in,34,9,346277
SWAY_PROFILE,head_in,33,14,346277
SWAY_PROFILE,patch_ready,34,10,346278
SWAY_PROFILE,block0_in,34,8,346902
SWAY_PROFILE,block1_in,34,3,346902
SWAY_PROFILE,embedding_in,34,10,346904
SWAY_PROFILE,head_in,33,15,346904
SWAY_PROFILE,patch_ready,34,11,346905
SWAY_PROFILE,block0_in,34,9,347535
SWAY_PROFILE,block1_in,34,4,347535
SWAY_PROFILE,embedding_in,34,11,347537
SWAY_PROFILE,head_in,34,0,347537
SWAY_PROFILE,patch_ready,34,12,347538
SWAY_PROFILE,block0_in,34,10,348162
SWAY_PROFILE,block1_in,34,5,348162
SWAY_PROFILE,embedding_in,34,12,348164
SWAY_PROFILE,head_in,34,1,348164
SWAY_PROFILE,patch_ready,34,13,348165
SWAY_PROFILE,block0_in,34,11,348789
SWAY_PROFILE,block1_in,34,6,348789
SWAY_PROFILE,embedding_in,34,13,348791
SWAY_PROFILE,head_in,34,2,348791
SWAY_PROFILE,patch_ready,34,14,348792
SWAY_PROFILE,block0_in,34,12,349416
SWAY_PROFILE,block1_in,34,7,349416
SWAY_PROFILE,embedding_in,34,14,349418
SWAY_PROFILE,head_in,34,3,349418
SWAY_PROFILE,patch_ready,34,15,349419
SWAY_PERF_INPUT_FRAME,36,339654,349709
SWAY_PROFILE,block0_in,34,13,350049
SWAY_PROFILE,block1_in,34,8,350049
SWAY_PROFILE,embedding_in,34,15,350051
SWAY_PROFILE,head_in,34,4,350051
SWAY_PROFILE,patch_ready,35,0,350052
SWAY_PROFILE,head_output_in,33,0,350197
SWAY_PROFILE,block0_in,34,14,350676
SWAY_PROFILE,block1_in,34,9,350676
SWAY_PROFILE,embedding_in,35,0,350678
SWAY_PROFILE,head_in,34,5,350678
SWAY_PROFILE,patch_ready,35,1,350679
SWAY_PROFILE,serialize_in,33,0,350939
SWAY_PERF_OUTPUT,1881,4,350941
SWAY_PERF_OUTPUT,1882,4,350942
SWAY_PERF_OUTPUT,1883,3,350943
SWAY_PERF_OUTPUT,1884,3,350944
SWAY_PERF_OUTPUT,1885,9,350945
SWAY_PERF_OUTPUT,1886,16,350946
SWAY_PERF_OUTPUT,1887,19,350947
SWAY_PERF_OUTPUT,1888,-2,350948
SWAY_PERF_OUTPUT,1889,-7,350949
SWAY_PERF_OUTPUT,1890,-8,350950
SWAY_PERF_OUTPUT,1891,7,350951
SWAY_PERF_OUTPUT,1892,11,350952
SWAY_PERF_OUTPUT,1893,13,350953
SWAY_PERF_OUTPUT,1894,14,350954
SWAY_PERF_OUTPUT,1895,2,350955
SWAY_PERF_OUTPUT,1896,-1,350956
SWAY_PERF_OUTPUT,1897,-2,350957
SWAY_PERF_OUTPUT,1898,-2,350958
SWAY_PERF_OUTPUT,1899,3,350959
SWAY_PERF_OUTPUT,1900,61,350960
SWAY_PERF_OUTPUT,1901,61,350961
SWAY_PERF_OUTPUT,1902,60,350962
SWAY_PERF_OUTPUT,1903,60,350963
SWAY_PERF_OUTPUT,1904,60,350964
SWAY_PERF_OUTPUT,1905,61,350965
SWAY_PERF_OUTPUT,1906,59,350966
SWAY_PERF_OUTPUT,1907,59,350967
SWAY_PERF_OUTPUT,1908,59,350968
SWAY_PERF_OUTPUT,1909,58,350969
SWAY_PERF_OUTPUT,1910,60,350970
SWAY_PERF_OUTPUT,1911,59,350971
SWAY_PERF_OUTPUT,1912,60,350972
SWAY_PERF_OUTPUT,1913,57,350973
SWAY_PERF_OUTPUT,1914,60,350974
SWAY_PERF_OUTPUT,1915,59,350975
SWAY_PERF_OUTPUT,1916,62,350976
SWAY_PERF_OUTPUT,1917,59,350977
SWAY_PERF_OUTPUT,1918,60,350978
SWAY_PERF_OUTPUT,1919,-6,350979
SWAY_PERF_OUTPUT,1920,4,350980
SWAY_PERF_OUTPUT,1921,14,350981
SWAY_PERF_OUTPUT,1922,18,350982
SWAY_PERF_OUTPUT,1923,11,350983
SWAY_PERF_OUTPUT,1924,10,350984
SWAY_PERF_OUTPUT,1925,11,350985
SWAY_PERF_OUTPUT,1926,10,350986
SWAY_PERF_OUTPUT,1927,6,350987
SWAY_PERF_OUTPUT,1928,5,350988
SWAY_PERF_OUTPUT,1929,-5,350989
SWAY_PERF_OUTPUT,1930,-15,350990
SWAY_PERF_OUTPUT,1931,-25,350991
SWAY_PERF_OUTPUT,1932,-28,350992
SWAY_PERF_OUTPUT,1933,-6,350993
SWAY_PERF_OUTPUT,1934,-15,350994
SWAY_PERF_OUTPUT,1935,-27,350995
SWAY_PERF_OUTPUT,1936,-29,350996
SWAY_PERF_OUTPUT,1937,12,350997
SWAY_PERF_FRAME,33,350941,350997
SWAY_PROFILE,block0_in,34,15,351303
SWAY_PROFILE,block1_in,34,10,351303
SWAY_PROFILE,embedding_in,35,1,351305
SWAY_PROFILE,head_in,34,6,351305
SWAY_PROFILE,patch_ready,35,2,351306
SWAY_PROFILE,block0_in,35,0,351930
SWAY_PROFILE,block1_in,34,11,351930
SWAY_PROFILE,embedding_in,35,2,351932
SWAY_PROFILE,head_in,34,7,351932
SWAY_PROFILE,patch_ready,35,3,351933
SWAY_PROFILE,block0_in,35,1,352563
SWAY_PROFILE,block1_in,34,12,352563
SWAY_PROFILE,embedding_in,35,3,352565
SWAY_PROFILE,head_in,34,8,352565
SWAY_PROFILE,patch_ready,35,4,352566
SWAY_PROFILE,block0_in,35,2,353190
SWAY_PROFILE,block1_in,34,13,353190
SWAY_PROFILE,embedding_in,35,4,353192
SWAY_PROFILE,head_in,34,9,353192
SWAY_PROFILE,patch_ready,35,5,353193
SWAY_PROFILE,block0_in,35,3,353817
SWAY_PROFILE,block1_in,34,14,353817
SWAY_PROFILE,embedding_in,35,5,353819
SWAY_PROFILE,head_in,34,10,353819
SWAY_PROFILE,patch_ready,35,6,353820
SWAY_PROFILE,block0_in,35,4,354444
SWAY_PROFILE,block1_in,34,15,354444
SWAY_PROFILE,embedding_in,35,6,354446
SWAY_PROFILE,head_in,34,11,354446
SWAY_PROFILE,patch_ready,35,7,354447
SWAY_PROFILE,block0_in,35,5,355077
SWAY_PROFILE,block1_in,35,0,355077
SWAY_PROFILE,embedding_in,35,7,355079
SWAY_PROFILE,head_in,34,12,355079
SWAY_PROFILE,patch_ready,35,8,355080
SWAY_PROFILE,block0_in,35,6,355704
SWAY_PROFILE,block1_in,35,1,355704
SWAY_PROFILE,embedding_in,35,8,355706
SWAY_PROFILE,head_in,34,13,355706
SWAY_PROFILE,patch_ready,35,9,355707
SWAY_PROFILE,block0_in,35,7,356331
SWAY_PROFILE,block1_in,35,2,356331
SWAY_PROFILE,embedding_in,35,9,356333
SWAY_PROFILE,head_in,34,14,356333
SWAY_PROFILE,patch_ready,35,10,356334
SWAY_PROFILE,block0_in,35,8,356958
SWAY_PROFILE,block1_in,35,3,356958
SWAY_PROFILE,embedding_in,35,10,356960
SWAY_PROFILE,head_in,34,15,356960
SWAY_PROFILE,patch_ready,35,11,356961
SWAY_PROFILE,block0_in,35,9,357591
SWAY_PROFILE,block1_in,35,4,357591
SWAY_PROFILE,embedding_in,35,11,357593
SWAY_PROFILE,head_in,35,0,357593
SWAY_PROFILE,patch_ready,35,12,357594
SWAY_PROFILE,block0_in,35,10,358218
SWAY_PROFILE,block1_in,35,5,358218
SWAY_PROFILE,embedding_in,35,12,358220
SWAY_PROFILE,head_in,35,1,358220
SWAY_PROFILE,patch_ready,35,13,358221
SWAY_PROFILE,block0_in,35,11,358845
SWAY_PROFILE,block1_in,35,6,358845
SWAY_PROFILE,embedding_in,35,13,358847
SWAY_PROFILE,head_in,35,2,358847
SWAY_PROFILE,patch_ready,35,14,358848
SWAY_PROFILE,block0_in,35,12,359472
SWAY_PROFILE,block1_in,35,7,359472
SWAY_PROFILE,embedding_in,35,14,359474
SWAY_PROFILE,head_in,35,3,359474
SWAY_PROFILE,patch_ready,35,15,359475
SWAY_PERF_INPUT_FRAME,37,349710,359765
SWAY_PROFILE,block0_in,35,13,360105
SWAY_PROFILE,block1_in,35,8,360105
SWAY_PROFILE,embedding_in,35,15,360107
SWAY_PROFILE,head_in,35,4,360107
SWAY_PROFILE,patch_ready,36,0,360108
SWAY_PROFILE,head_output_in,34,0,360253
SWAY_PROFILE,block0_in,35,14,360732
SWAY_PROFILE,block1_in,35,9,360732
SWAY_PROFILE,embedding_in,36,0,360734
SWAY_PROFILE,head_in,35,5,360734
SWAY_PROFILE,patch_ready,36,1,360735
SWAY_PROFILE,serialize_in,34,0,360995
SWAY_PERF_OUTPUT,1938,4,360997
SWAY_PERF_OUTPUT,1939,4,360998
SWAY_PERF_OUTPUT,1940,3,360999
SWAY_PERF_OUTPUT,1941,3,361000
SWAY_PERF_OUTPUT,1942,10,361001
SWAY_PERF_OUTPUT,1943,16,361002
SWAY_PERF_OUTPUT,1944,21,361003
SWAY_PERF_OUTPUT,1945,-3,361004
SWAY_PERF_OUTPUT,1946,-10,361005
SWAY_PERF_OUTPUT,1947,-15,361006
SWAY_PERF_OUTPUT,1948,7,361007
SWAY_PERF_OUTPUT,1949,11,361008
SWAY_PERF_OUTPUT,1950,15,361009
SWAY_PERF_OUTPUT,1951,15,361010
SWAY_PERF_OUTPUT,1952,2,361011
SWAY_PERF_OUTPUT,1953,-2,361012
SWAY_PERF_OUTPUT,1954,-5,361013
SWAY_PERF_OUTPUT,1955,-5,361014
SWAY_PERF_OUTPUT,1956,3,361015
SWAY_PERF_OUTPUT,1957,63,361016
SWAY_PERF_OUTPUT,1958,62,361017
SWAY_PERF_OUTPUT,1959,61,361018
SWAY_PERF_OUTPUT,1960,61,361019
SWAY_PERF_OUTPUT,1961,62,361020
SWAY_PERF_OUTPUT,1962,62,361021
SWAY_PERF_OUTPUT,1963,60,361022
SWAY_PERF_OUTPUT,1964,61,361023
SWAY_PERF_OUTPUT,1965,61,361024
SWAY_PERF_OUTPUT,1966,60,361025
SWAY_PERF_OUTPUT,1967,61,361026
SWAY_PERF_OUTPUT,1968,60,361027
SWAY_PERF_OUTPUT,1969,61,361028
SWAY_PERF_OUTPUT,1970,59,361029
SWAY_PERF_OUTPUT,1971,61,361030
SWAY_PERF_OUTPUT,1972,61,361031
SWAY_PERF_OUTPUT,1973,63,361032
SWAY_PERF_OUTPUT,1974,60,361033
SWAY_PERF_OUTPUT,1975,61,361034
SWAY_PERF_OUTPUT,1976,-4,361035
SWAY_PERF_OUTPUT,1977,6,361036
SWAY_PERF_OUTPUT,1978,17,361037
SWAY_PERF_OUTPUT,1979,21,361038
SWAY_PERF_OUTPUT,1980,13,361039
SWAY_PERF_OUTPUT,1981,13,361040
SWAY_PERF_OUTPUT,1982,14,361041
SWAY_PERF_OUTPUT,1983,13,361042
SWAY_PERF_OUTPUT,1984,12,361043
SWAY_PERF_OUTPUT,1985,15,361044
SWAY_PERF_OUTPUT,1986,-3,361045
SWAY_PERF_OUTPUT,1987,-14,361046
SWAY_PERF_OUTPUT,1988,-26,361047
SWAY_PERF_OUTPUT,1989,-28,361048
SWAY_PERF_OUTPUT,1990,-3,361049
SWAY_PERF_OUTPUT,1991,-14,361050
SWAY_PERF_OUTPUT,1992,-26,361051
SWAY_PERF_OUTPUT,1993,-28,361052
SWAY_PERF_OUTPUT,1994,14,361053
SWAY_PERF_FRAME,34,360997,361053
SWAY_PROFILE,block0_in,35,15,361359
SWAY_PROFILE,block1_in,35,10,361359
SWAY_PROFILE,embedding_in,36,1,361361
SWAY_PROFILE,head_in,35,6,361361
SWAY_PROFILE,patch_ready,36,2,361362
SWAY_PROFILE,block0_in,36,0,361986
SWAY_PROFILE,block1_in,35,11,361986
SWAY_PROFILE,embedding_in,36,2,361988
SWAY_PROFILE,head_in,35,7,361988
SWAY_PROFILE,patch_ready,36,3,361989
SWAY_PROFILE,block0_in,36,1,362619
SWAY_PROFILE,block1_in,35,12,362619
SWAY_PROFILE,embedding_in,36,3,362621
SWAY_PROFILE,head_in,35,8,362621
SWAY_PROFILE,patch_ready,36,4,362622
SWAY_PROFILE,block0_in,36,2,363246
SWAY_PROFILE,block1_in,35,13,363246
SWAY_PROFILE,embedding_in,36,4,363248
SWAY_PROFILE,head_in,35,9,363248
SWAY_PROFILE,patch_ready,36,5,363249
SWAY_PROFILE,block0_in,36,3,363873
SWAY_PROFILE,block1_in,35,14,363873
SWAY_PROFILE,embedding_in,36,5,363875
SWAY_PROFILE,head_in,35,10,363875
SWAY_PROFILE,patch_ready,36,6,363876
SWAY_PROFILE,block0_in,36,4,364500
SWAY_PROFILE,block1_in,35,15,364500
SWAY_PROFILE,embedding_in,36,6,364502
SWAY_PROFILE,head_in,35,11,364502
SWAY_PROFILE,patch_ready,36,7,364503
SWAY_PROFILE,block0_in,36,5,365133
SWAY_PROFILE,block1_in,36,0,365133
SWAY_PROFILE,embedding_in,36,7,365135
SWAY_PROFILE,head_in,35,12,365135
SWAY_PROFILE,patch_ready,36,8,365136
SWAY_PROFILE,block0_in,36,6,365760
SWAY_PROFILE,block1_in,36,1,365760
SWAY_PROFILE,embedding_in,36,8,365762
SWAY_PROFILE,head_in,35,13,365762
SWAY_PROFILE,patch_ready,36,9,365763
SWAY_PROFILE,block0_in,36,7,366387
SWAY_PROFILE,block1_in,36,2,366387
SWAY_PROFILE,embedding_in,36,9,366389
SWAY_PROFILE,head_in,35,14,366389
SWAY_PROFILE,patch_ready,36,10,366390
SWAY_PROFILE,block0_in,36,8,367014
SWAY_PROFILE,block1_in,36,3,367014
SWAY_PROFILE,embedding_in,36,10,367016
SWAY_PROFILE,head_in,35,15,367016
SWAY_PROFILE,patch_ready,36,11,367017
SWAY_PROFILE,block0_in,36,9,367647
SWAY_PROFILE,block1_in,36,4,367647
SWAY_PROFILE,embedding_in,36,11,367649
SWAY_PROFILE,head_in,36,0,367649
SWAY_PROFILE,patch_ready,36,12,367650
SWAY_PROFILE,block0_in,36,10,368274
SWAY_PROFILE,block1_in,36,5,368274
SWAY_PROFILE,embedding_in,36,12,368276
SWAY_PROFILE,head_in,36,1,368276
SWAY_PROFILE,patch_ready,36,13,368277
SWAY_PROFILE,block0_in,36,11,368901
SWAY_PROFILE,block1_in,36,6,368901
SWAY_PROFILE,embedding_in,36,13,368903
SWAY_PROFILE,head_in,36,2,368903
SWAY_PROFILE,patch_ready,36,14,368904
SWAY_PROFILE,block0_in,36,12,369528
SWAY_PROFILE,block1_in,36,7,369528
SWAY_PROFILE,embedding_in,36,14,369530
SWAY_PROFILE,head_in,36,3,369530
SWAY_PROFILE,patch_ready,36,15,369531
SWAY_PERF_INPUT_FRAME,38,359766,369821
SWAY_PROFILE,block0_in,36,13,370161
SWAY_PROFILE,block1_in,36,8,370161
SWAY_PROFILE,embedding_in,36,15,370163
SWAY_PROFILE,head_in,36,4,370163
SWAY_PROFILE,patch_ready,37,0,370164
SWAY_PROFILE,head_output_in,35,0,370309
SWAY_PROFILE,block0_in,36,14,370788
SWAY_PROFILE,block1_in,36,9,370788
SWAY_PROFILE,embedding_in,37,0,370790
SWAY_PROFILE,head_in,36,5,370790
SWAY_PROFILE,patch_ready,37,1,370791
SWAY_PROFILE,serialize_in,35,0,371051
SWAY_PERF_OUTPUT,1995,8,371053
SWAY_PERF_OUTPUT,1996,9,371054
SWAY_PERF_OUTPUT,1997,8,371055
SWAY_PERF_OUTPUT,1998,8,371056
SWAY_PERF_OUTPUT,1999,14,371057
SWAY_PERF_OUTPUT,2000,19,371058
SWAY_PERF_OUTPUT,2001,21,371059
SWAY_PERF_OUTPUT,2002,3,371060
SWAY_PERF_OUTPUT,2003,0,371061
SWAY_PERF_OUTPUT,2004,-3,371062
SWAY_PERF_OUTPUT,2005,10,371063
SWAY_PERF_OUTPUT,2006,12,371064
SWAY_PERF_OUTPUT,2007,12,371065
SWAY_PERF_OUTPUT,2008,12,371066
SWAY_PERF_OUTPUT,2009,6,371067
SWAY_PERF_OUTPUT,2010,3,371068
SWAY_PERF_OUTPUT,2011,0,371069
SWAY_PERF_OUTPUT,2012,-1,371070
SWAY_PERF_OUTPUT,2013,9,371071
SWAY_PERF_OUTPUT,2014,61,371072
SWAY_PERF_OUTPUT,2015,62,371073
SWAY_PERF_OUTPUT,2016,61,371074
SWAY_PERF_OUTPUT,2017,61,371075
SWAY_PERF_OUTPUT,2018,61,371076
SWAY_PERF_OUTPUT,2019,61,371077
SWAY_PERF_OUTPUT,2020,59,371078
SWAY_PERF_OUTPUT,2021,60,371079
SWAY_PERF_OUTPUT,2022,61,371080
SWAY_PERF_OUTPUT,2023,60,371081
SWAY_PERF_OUTPUT,2024,60,371082
SWAY_PERF_OUTPUT,2025,60,371083
SWAY_PERF_OUTPUT,2026,62,371084
SWAY_PERF_OUTPUT,2027,60,371085
SWAY_PERF_OUTPUT,2028,61,371086
SWAY_PERF_OUTPUT,2029,61,371087
SWAY_PERF_OUTPUT,2030,62,371088
SWAY_PERF_OUTPUT,2031,58,371089
SWAY_PERF_OUTPUT,2032,61,371090
SWAY_PERF_OUTPUT,2033,-6,371091
SWAY_PERF_OUTPUT,2034,3,371092
SWAY_PERF_OUTPUT,2035,14,371093
SWAY_PERF_OUTPUT,2036,17,371094
SWAY_PERF_OUTPUT,2037,10,371095
SWAY_PERF_OUTPUT,2038,7,371096
SWAY_PERF_OUTPUT,2039,6,371097
SWAY_PERF_OUTPUT,2040,9,371098
SWAY_PERF_OUTPUT,2041,4,371099
SWAY_PERF_OUTPUT,2042,1,371100
SWAY_PERF_OUTPUT,2043,-6,371101
SWAY_PERF_OUTPUT,2044,-16,371102
SWAY_PERF_OUTPUT,2045,-27,371103
SWAY_PERF_OUTPUT,2046,-29,371104
SWAY_PERF_OUTPUT,2047,-6,371105
SWAY_PERF_OUTPUT,2048,-15,371106
SWAY_PERF_OUTPUT,2049,-26,371107
SWAY_PERF_OUTPUT,2050,-28,371108
SWAY_PERF_OUTPUT,2051,11,371109
SWAY_PERF_FRAME,35,371053,371109
SWAY_PROFILE,block0_in,36,15,371415
SWAY_PROFILE,block1_in,36,10,371415
SWAY_PROFILE,embedding_in,37,1,371417
SWAY_PROFILE,head_in,36,6,371417
SWAY_PROFILE,patch_ready,37,2,371418
SWAY_PROFILE,block0_in,37,0,372042
SWAY_PROFILE,block1_in,36,11,372042
SWAY_PROFILE,embedding_in,37,2,372044
SWAY_PROFILE,head_in,36,7,372044
SWAY_PROFILE,patch_ready,37,3,372045
SWAY_PROFILE,block0_in,37,1,372675
SWAY_PROFILE,block1_in,36,12,372675
SWAY_PROFILE,embedding_in,37,3,372677
SWAY_PROFILE,head_in,36,8,372677
SWAY_PROFILE,patch_ready,37,4,372678
SWAY_PROFILE,block0_in,37,2,373302
SWAY_PROFILE,block1_in,36,13,373302
SWAY_PROFILE,embedding_in,37,4,373304
SWAY_PROFILE,head_in,36,9,373304
SWAY_PROFILE,patch_ready,37,5,373305
SWAY_PROFILE,block0_in,37,3,373929
SWAY_PROFILE,block1_in,36,14,373929
SWAY_PROFILE,embedding_in,37,5,373931
SWAY_PROFILE,head_in,36,10,373931
SWAY_PROFILE,patch_ready,37,6,373932
SWAY_PROFILE,block0_in,37,4,374556
SWAY_PROFILE,block1_in,36,15,374556
SWAY_PROFILE,embedding_in,37,6,374558
SWAY_PROFILE,head_in,36,11,374558
SWAY_PROFILE,patch_ready,37,7,374559
SWAY_PROFILE,block0_in,37,5,375189
SWAY_PROFILE,block1_in,37,0,375189
SWAY_PROFILE,embedding_in,37,7,375191
SWAY_PROFILE,head_in,36,12,375191
SWAY_PROFILE,patch_ready,37,8,375192
SWAY_PROFILE,block0_in,37,6,375816
SWAY_PROFILE,block1_in,37,1,375816
SWAY_PROFILE,embedding_in,37,8,375818
SWAY_PROFILE,head_in,36,13,375818
SWAY_PROFILE,patch_ready,37,9,375819
SWAY_PROFILE,block0_in,37,7,376443
SWAY_PROFILE,block1_in,37,2,376443
SWAY_PROFILE,embedding_in,37,9,376445
SWAY_PROFILE,head_in,36,14,376445
SWAY_PROFILE,patch_ready,37,10,376446
SWAY_PROFILE,block0_in,37,8,377070
SWAY_PROFILE,block1_in,37,3,377070
SWAY_PROFILE,embedding_in,37,10,377072
SWAY_PROFILE,head_in,36,15,377072
SWAY_PROFILE,patch_ready,37,11,377073
SWAY_PROFILE,block0_in,37,9,377703
SWAY_PROFILE,block1_in,37,4,377703
SWAY_PROFILE,embedding_in,37,11,377705
SWAY_PROFILE,head_in,37,0,377705
SWAY_PROFILE,patch_ready,37,12,377706
SWAY_PROFILE,block0_in,37,10,378330
SWAY_PROFILE,block1_in,37,5,378330
SWAY_PROFILE,embedding_in,37,12,378332
SWAY_PROFILE,head_in,37,1,378332
SWAY_PROFILE,patch_ready,37,13,378333
SWAY_PROFILE,block0_in,37,11,378957
SWAY_PROFILE,block1_in,37,6,378957
SWAY_PROFILE,embedding_in,37,13,378959
SWAY_PROFILE,head_in,37,2,378959
SWAY_PROFILE,patch_ready,37,14,378960
SWAY_PROFILE,block0_in,37,12,379584
SWAY_PROFILE,block1_in,37,7,379584
SWAY_PROFILE,embedding_in,37,14,379586
SWAY_PROFILE,head_in,37,3,379586
SWAY_PROFILE,patch_ready,37,15,379587
SWAY_PERF_INPUT_FRAME,39,369822,379877
SWAY_PROFILE,block0_in,37,13,380217
SWAY_PROFILE,block1_in,37,8,380217
SWAY_PROFILE,embedding_in,37,15,380219
SWAY_PROFILE,head_in,37,4,380219
SWAY_PROFILE,patch_ready,38,0,380220
SWAY_PROFILE,head_output_in,36,0,380365
SWAY_PROFILE,block0_in,37,14,380844
SWAY_PROFILE,block1_in,37,9,380844
SWAY_PROFILE,embedding_in,38,0,380846
SWAY_PROFILE,head_in,37,5,380846
SWAY_PROFILE,patch_ready,38,1,380847
SWAY_PROFILE,serialize_in,36,0,381107
SWAY_PERF_OUTPUT,2052,9,381109
SWAY_PERF_OUTPUT,2053,9,381110
SWAY_PERF_OUTPUT,2054,8,381111
SWAY_PERF_OUTPUT,2055,9,381112
SWAY_PERF_OUTPUT,2056,15,381113
SWAY_PERF_OUTPUT,2057,18,381114
SWAY_PERF_OUTPUT,2058,19,381115
SWAY_PERF_OUTPUT,2059,4,381116
SWAY_PERF_OUTPUT,2060,-2,381117
SWAY_PERF_OUTPUT,2061,-5,381118
SWAY_PERF_OUTPUT,2062,10,381119
SWAY_PERF_OUTPUT,2063,11,381120
SWAY_PERF_OUTPUT,2064,11,381121
SWAY_PERF_OUTPUT,2065,11,381122
SWAY_PERF_OUTPUT,2066,6,381123
SWAY_PERF_OUTPUT,2067,4,381124
SWAY_PERF_OUTPUT,2068,2,381125
SWAY_PERF_OUTPUT,2069,2,381126
SWAY_PERF_OUTPUT,2070,9,381127
SWAY_PERF_OUTPUT,2071,64,381128
SWAY_PERF_OUTPUT,2072,65,381129
SWAY_PERF_OUTPUT,2073,65,381130
SWAY_PERF_OUTPUT,2074,65,381131
SWAY_PERF_OUTPUT,2075,65,381132
SWAY_PERF_OUTPUT,2076,66,381133
SWAY_PERF_OUTPUT,2077,64,381134
SWAY_PERF_OUTPUT,2078,64,381135
SWAY_PERF_OUTPUT,2079,65,381136
SWAY_PERF_OUTPUT,2080,63,381137
SWAY_PERF_OUTPUT,2081,63,381138
SWAY_PERF_OUTPUT,2082,65,381139
SWAY_PERF_OUTPUT,2083,63,381140
SWAY_PERF_OUTPUT,2084,61,381141
SWAY_PERF_OUTPUT,2085,63,381142
SWAY_PERF_OUTPUT,2086,67,381143
SWAY_PERF_OUTPUT,2087,66,381144
SWAY_PERF_OUTPUT,2088,63,381145
SWAY_PERF_OUTPUT,2089,65,381146
SWAY_PERF_OUTPUT,2090,-2,381147
SWAY_PERF_OUTPUT,2091,9,381148
SWAY_PERF_OUTPUT,2092,20,381149
SWAY_PERF_OUTPUT,2093,25,381150
SWAY_PERF_OUTPUT,2094,16,381151
SWAY_PERF_OUTPUT,2095,9,381152
SWAY_PERF_OUTPUT,2096,5,381153
SWAY_PERF_OUTPUT,2097,15,381154
SWAY_PERF_OUTPUT,2098,12,381155
SWAY_PERF_OUTPUT,2099,8,381156
SWAY_PERF_OUTPUT,2100,-1,381157
SWAY_PERF_OUTPUT,2101,-15,381158
SWAY_PERF_OUTPUT,2102,-28,381159
SWAY_PERF_OUTPUT,2103,-30,381160
SWAY_PERF_OUTPUT,2104,-1,381161
SWAY_PERF_OUTPUT,2105,-15,381162
SWAY_PERF_OUTPUT,2106,-25,381163
SWAY_PERF_OUTPUT,2107,-29,381164
SWAY_PERF_OUTPUT,2108,17,381165
SWAY_PERF_FRAME,36,381109,381165
SWAY_PROFILE,block0_in,37,15,381471
SWAY_PROFILE,block1_in,37,10,381471
SWAY_PROFILE,embedding_in,38,1,381473
SWAY_PROFILE,head_in,37,6,381473
SWAY_PROFILE,patch_ready,38,2,381474
SWAY_PROFILE,block0_in,38,0,382098
SWAY_PROFILE,block1_in,37,11,382098
SWAY_PROFILE,embedding_in,38,2,382100
SWAY_PROFILE,head_in,37,7,382100
SWAY_PROFILE,patch_ready,38,3,382101
SWAY_PROFILE,block0_in,38,1,382731
SWAY_PROFILE,block1_in,37,12,382731
SWAY_PROFILE,embedding_in,38,3,382733
SWAY_PROFILE,head_in,37,8,382733
SWAY_PROFILE,patch_ready,38,4,382734
SWAY_PROFILE,block0_in,38,2,383358
SWAY_PROFILE,block1_in,37,13,383358
SWAY_PROFILE,embedding_in,38,4,383360
SWAY_PROFILE,head_in,37,9,383360
SWAY_PROFILE,patch_ready,38,5,383361
SWAY_PROFILE,block0_in,38,3,383985
SWAY_PROFILE,block1_in,37,14,383985
SWAY_PROFILE,embedding_in,38,5,383987
SWAY_PROFILE,head_in,37,10,383987
SWAY_PROFILE,patch_ready,38,6,383988
SWAY_PROFILE,block0_in,38,4,384612
SWAY_PROFILE,block1_in,37,15,384612
SWAY_PROFILE,embedding_in,38,6,384614
SWAY_PROFILE,head_in,37,11,384614
SWAY_PROFILE,patch_ready,38,7,384615
SWAY_PROFILE,block0_in,38,5,385245
SWAY_PROFILE,block1_in,38,0,385245
SWAY_PROFILE,embedding_in,38,7,385247
SWAY_PROFILE,head_in,37,12,385247
SWAY_PROFILE,patch_ready,38,8,385248
SWAY_PROFILE,block0_in,38,6,385872
SWAY_PROFILE,block1_in,38,1,385872
SWAY_PROFILE,embedding_in,38,8,385874
SWAY_PROFILE,head_in,37,13,385874
SWAY_PROFILE,patch_ready,38,9,385875
SWAY_PROFILE,block0_in,38,7,386499
SWAY_PROFILE,block1_in,38,2,386499
SWAY_PROFILE,embedding_in,38,9,386501
SWAY_PROFILE,head_in,37,14,386501
SWAY_PROFILE,patch_ready,38,10,386502
SWAY_PROFILE,block0_in,38,8,387126
SWAY_PROFILE,block1_in,38,3,387126
SWAY_PROFILE,embedding_in,38,10,387128
SWAY_PROFILE,head_in,37,15,387128
SWAY_PROFILE,patch_ready,38,11,387129
SWAY_PROFILE,block0_in,38,9,387759
SWAY_PROFILE,block1_in,38,4,387759
SWAY_PROFILE,embedding_in,38,11,387761
SWAY_PROFILE,head_in,38,0,387761
SWAY_PROFILE,patch_ready,38,12,387762
SWAY_PROFILE,block0_in,38,10,388386
SWAY_PROFILE,block1_in,38,5,388386
SWAY_PROFILE,embedding_in,38,12,388388
SWAY_PROFILE,head_in,38,1,388388
SWAY_PROFILE,patch_ready,38,13,388389
SWAY_PROFILE,block0_in,38,11,389013
SWAY_PROFILE,block1_in,38,6,389013
SWAY_PROFILE,embedding_in,38,13,389015
SWAY_PROFILE,head_in,38,2,389015
SWAY_PROFILE,patch_ready,38,14,389016
SWAY_PROFILE,block0_in,38,12,389640
SWAY_PROFILE,block1_in,38,7,389640
SWAY_PROFILE,embedding_in,38,14,389642
SWAY_PROFILE,head_in,38,3,389642
SWAY_PROFILE,patch_ready,38,15,389643
SWAY_PERF_INPUT_FRAME,40,379878,389933
SWAY_PROFILE,block0_in,38,13,390273
SWAY_PROFILE,block1_in,38,8,390273
SWAY_PROFILE,embedding_in,38,15,390275
SWAY_PROFILE,head_in,38,4,390275
SWAY_PROFILE,patch_ready,39,0,390276
SWAY_PROFILE,head_output_in,37,0,390421
SWAY_PROFILE,block0_in,38,14,390900
SWAY_PROFILE,block1_in,38,9,390900
SWAY_PROFILE,embedding_in,39,0,390902
SWAY_PROFILE,head_in,38,5,390902
SWAY_PROFILE,patch_ready,39,1,390903
SWAY_PROFILE,serialize_in,37,0,391163
SWAY_PERF_OUTPUT,2109,45,391165
SWAY_PERF_OUTPUT,2110,127,391166
SWAY_PERF_OUTPUT,2111,-30,391167
SWAY_PERF_OUTPUT,2112,40,391168
SWAY_PERF_OUTPUT,2113,34,391169
SWAY_PERF_OUTPUT,2114,87,391170
SWAY_PERF_OUTPUT,2115,0,391171
SWAY_PERF_OUTPUT,2116,38,391172
SWAY_PERF_OUTPUT,2117,77,391173
SWAY_PERF_OUTPUT,2118,-2,391174
SWAY_PERF_OUTPUT,2119,28,391175
SWAY_PERF_OUTPUT,2120,70,391176
SWAY_PERF_OUTPUT,2121,-24,391177
SWAY_PERF_OUTPUT,2122,31,391178
SWAY_PERF_OUTPUT,2123,50,391179
SWAY_PERF_OUTPUT,2124,123,391180
SWAY_PERF_OUTPUT,2125,38,391181
SWAY_PERF_OUTPUT,2126,95,391182
SWAY_PERF_OUTPUT,2127,56,391183
SWAY_PERF_OUTPUT,2128,-18,391184
SWAY_PERF_OUTPUT,2129,-5,391185
SWAY_PERF_OUTPUT,2130,-13,391186
SWAY_PERF_OUTPUT,2131,72,391187
SWAY_PERF_OUTPUT,2132,46,391188
SWAY_PERF_OUTPUT,2133,35,391189
SWAY_PERF_OUTPUT,2134,17,391190
SWAY_PERF_OUTPUT,2135,-75,391191
SWAY_PERF_OUTPUT,2136,-6,391192
SWAY_PERF_OUTPUT,2137,-39,391193
SWAY_PERF_OUTPUT,2138,-28,391194
SWAY_PERF_OUTPUT,2139,-27,391195
SWAY_PERF_OUTPUT,2140,-60,391196
SWAY_PERF_OUTPUT,2141,-2,391197
SWAY_PERF_OUTPUT,2142,27,391198
SWAY_PERF_OUTPUT,2143,71,391199
SWAY_PERF_OUTPUT,2144,117,391200
SWAY_PERF_OUTPUT,2145,-2,391201
SWAY_PERF_OUTPUT,2146,-19,391202
SWAY_PERF_OUTPUT,2147,25,391203
SWAY_PERF_OUTPUT,2148,34,391204
SWAY_PERF_OUTPUT,2149,-36,391205
SWAY_PERF_OUTPUT,2150,21,391206
SWAY_PERF_OUTPUT,2151,-36,391207
SWAY_PERF_OUTPUT,2152,96,391208
SWAY_PERF_OUTPUT,2153,-49,391209
SWAY_PERF_OUTPUT,2154,50,391210
SWAY_PERF_OUTPUT,2155,-42,391211
SWAY_PERF_OUTPUT,2156,-96,391212
SWAY_PERF_OUTPUT,2157,0,391213
SWAY_PERF_OUTPUT,2158,27,391214
SWAY_PERF_OUTPUT,2159,-37,391215
SWAY_PERF_OUTPUT,2160,77,391216
SWAY_PERF_OUTPUT,2161,44,391217
SWAY_PERF_OUTPUT,2162,0,391218
SWAY_PERF_OUTPUT,2163,-56,391219
SWAY_PERF_OUTPUT,2164,-77,391220
SWAY_PERF_OUTPUT,2165,42,391221
SWAY_PERF_FRAME,37,391165,391221
SWAY_PROFILE,block0_in,38,15,391527
SWAY_PROFILE,block1_in,38,10,391527
SWAY_PROFILE,embedding_in,39,1,391529
SWAY_PROFILE,head_in,38,6,391529
SWAY_PROFILE,patch_ready,39,2,391530
SWAY_PROFILE,block0_in,39,0,392154
SWAY_PROFILE,block1_in,38,11,392154
SWAY_PROFILE,embedding_in,39,2,392156
SWAY_PROFILE,head_in,38,7,392156
SWAY_PROFILE,patch_ready,39,3,392157
SWAY_PROFILE,block0_in,39,1,392787
SWAY_PROFILE,block1_in,38,12,392787
SWAY_PROFILE,embedding_in,39,3,392789
SWAY_PROFILE,head_in,38,8,392789
SWAY_PROFILE,patch_ready,39,4,392790
SWAY_PROFILE,block0_in,39,2,393414
SWAY_PROFILE,block1_in,38,13,393414
SWAY_PROFILE,embedding_in,39,4,393416
SWAY_PROFILE,head_in,38,9,393416
SWAY_PROFILE,patch_ready,39,5,393417
SWAY_PROFILE,block0_in,39,3,394041
SWAY_PROFILE,block1_in,38,14,394041
SWAY_PROFILE,embedding_in,39,5,394043
SWAY_PROFILE,head_in,38,10,394043
SWAY_PROFILE,patch_ready,39,6,394044
SWAY_PROFILE,block0_in,39,4,394668
SWAY_PROFILE,block1_in,38,15,394668
SWAY_PROFILE,embedding_in,39,6,394670
SWAY_PROFILE,head_in,38,11,394670
SWAY_PROFILE,patch_ready,39,7,394671
SWAY_PROFILE,block0_in,39,5,395301
SWAY_PROFILE,block1_in,39,0,395301
SWAY_PROFILE,embedding_in,39,7,395303
SWAY_PROFILE,head_in,38,12,395303
SWAY_PROFILE,patch_ready,39,8,395304
SWAY_PROFILE,block0_in,39,6,395928
SWAY_PROFILE,block1_in,39,1,395928
SWAY_PROFILE,embedding_in,39,8,395930
SWAY_PROFILE,head_in,38,13,395930
SWAY_PROFILE,patch_ready,39,9,395931
SWAY_PROFILE,block0_in,39,7,396555
SWAY_PROFILE,block1_in,39,2,396555
SWAY_PROFILE,embedding_in,39,9,396557
SWAY_PROFILE,head_in,38,14,396557
SWAY_PROFILE,patch_ready,39,10,396558
SWAY_PROFILE,block0_in,39,8,397182
SWAY_PROFILE,block1_in,39,3,397182
SWAY_PROFILE,embedding_in,39,10,397184
SWAY_PROFILE,head_in,38,15,397184
SWAY_PROFILE,patch_ready,39,11,397185
SWAY_PROFILE,block0_in,39,9,397815
SWAY_PROFILE,block1_in,39,4,397815
SWAY_PROFILE,embedding_in,39,11,397817
SWAY_PROFILE,head_in,39,0,397817
SWAY_PROFILE,patch_ready,39,12,397818
SWAY_PROFILE,block0_in,39,10,398442
SWAY_PROFILE,block1_in,39,5,398442
SWAY_PROFILE,embedding_in,39,12,398444
SWAY_PROFILE,head_in,39,1,398444
SWAY_PROFILE,patch_ready,39,13,398445
SWAY_PROFILE,block0_in,39,11,399069
SWAY_PROFILE,block1_in,39,6,399069
SWAY_PROFILE,embedding_in,39,13,399071
SWAY_PROFILE,head_in,39,2,399071
SWAY_PROFILE,patch_ready,39,14,399072
SWAY_PROFILE,block0_in,39,12,399696
SWAY_PROFILE,block1_in,39,7,399696
SWAY_PROFILE,embedding_in,39,14,399698
SWAY_PROFILE,head_in,39,3,399698
SWAY_PROFILE,patch_ready,39,15,399699
SWAY_PERF_INPUT_FRAME,41,389934,399989
SWAY_PROFILE,block0_in,39,13,400329
SWAY_PROFILE,block1_in,39,8,400329
SWAY_PROFILE,embedding_in,39,15,400331
SWAY_PROFILE,head_in,39,4,400331
SWAY_PROFILE,patch_ready,40,0,400332
SWAY_PROFILE,head_output_in,38,0,400477
SWAY_PROFILE,block0_in,39,14,400956
SWAY_PROFILE,block1_in,39,9,400956
SWAY_PROFILE,embedding_in,40,0,400958
SWAY_PROFILE,head_in,39,5,400958
SWAY_PROFILE,patch_ready,40,1,400959
SWAY_PROFILE,serialize_in,38,0,401219
SWAY_PERF_OUTPUT,2166,21,401221
SWAY_PERF_OUTPUT,2167,1,401222
SWAY_PERF_OUTPUT,2168,5,401223
SWAY_PERF_OUTPUT,2169,-3,401224
SWAY_PERF_OUTPUT,2170,23,401225
SWAY_PERF_OUTPUT,2171,34,401226
SWAY_PERF_OUTPUT,2172,42,401227
SWAY_PERF_OUTPUT,2173,-2,401228
SWAY_PERF_OUTPUT,2174,-9,401229
SWAY_PERF_OUTPUT,2175,0,401230
SWAY_PERF_OUTPUT,2176,8,401231
SWAY_PERF_OUTPUT,2177,16,401232
SWAY_PERF_OUTPUT,2178,59,401233
SWAY_PERF_OUTPUT,2179,41,401234
SWAY_PERF_OUTPUT,2180,9,401235
SWAY_PERF_OUTPUT,2181,9,401236
SWAY_PERF_OUTPUT,2182,12,401237
SWAY_PERF_OUTPUT,2183,20,401238
SWAY_PERF_OUTPUT,2184,14,401239
SWAY_PERF_OUTPUT,2185,101,401240
SWAY_PERF_OUTPUT,2186,109,401241
SWAY_PERF_OUTPUT,2187,111,401242
SWAY_PERF_OUTPUT,2188,108,401243
SWAY_PERF_OUTPUT,2189,118,401244
SWAY_PERF_OUTPUT,2190,113,401245
SWAY_PERF_OUTPUT,2191,96,401246
SWAY_PERF_OUTPUT,2192,121,401247
SWAY_PERF_OUTPUT,2193,111,401248
SWAY_PERF_OUTPUT,2194,120,401249
SWAY_PERF_OUTPUT,2195,99,401250
SWAY_PERF_OUTPUT,2196,127,401251
SWAY_PERF_OUTPUT,2197,126,401252
SWAY_PERF_OUTPUT,2198,112,401253
SWAY_PERF_OUTPUT,2199,115,401254
SWAY_PERF_OUTPUT,2200,127,401255
SWAY_PERF_OUTPUT,2201,98,401256
SWAY_PERF_OUTPUT,2202,103,401257
SWAY_PERF_OUTPUT,2203,127,401258
SWAY_PERF_OUTPUT,2204,35,401259
SWAY_PERF_OUTPUT,2205,57,401260
SWAY_PERF_OUTPUT,2206,75,401261
SWAY_PERF_OUTPUT,2207,88,401262
SWAY_PERF_OUTPUT,2208,62,401263
SWAY_PERF_OUTPUT,2209,70,401264
SWAY_PERF_OUTPUT,2210,104,401265
SWAY_PERF_OUTPUT,2211,60,401266
SWAY_PERF_OUTPUT,2212,31,401267
SWAY_PERF_OUTPUT,2213,8,401268
SWAY_PERF_OUTPUT,2214,19,401269
SWAY_PERF_OUTPUT,2215,-29,401270
SWAY_PERF_OUTPUT,2216,-52,401271
SWAY_PERF_OUTPUT,2217,-46,401272
SWAY_PERF_OUTPUT,2218,31,401273
SWAY_PERF_OUTPUT,2219,-32,401274
SWAY_PERF_OUTPUT,2220,-54,401275
SWAY_PERF_OUTPUT,2221,-38,401276
SWAY_PERF_OUTPUT,2222,68,401277
SWAY_PERF_FRAME,38,401221,401277
SWAY_PROFILE,block0_in,39,15,401583
SWAY_PROFILE,block1_in,39,10,401583
SWAY_PROFILE,embedding_in,40,1,401585
SWAY_PROFILE,head_in,39,6,401585
SWAY_PROFILE,patch_ready,40,2,401586
SWAY_PROFILE,block0_in,40,0,402210
SWAY_PROFILE,block1_in,39,11,402210
SWAY_PROFILE,embedding_in,40,2,402212
SWAY_PROFILE,head_in,39,7,402212
SWAY_PROFILE,patch_ready,40,3,402213
SWAY_PROFILE,block0_in,40,1,402843
SWAY_PROFILE,block1_in,39,12,402843
SWAY_PROFILE,embedding_in,40,3,402845
SWAY_PROFILE,head_in,39,8,402845
SWAY_PROFILE,patch_ready,40,4,402846
SWAY_PROFILE,block0_in,40,2,403470
SWAY_PROFILE,block1_in,39,13,403470
SWAY_PROFILE,embedding_in,40,4,403472
SWAY_PROFILE,head_in,39,9,403472
SWAY_PROFILE,patch_ready,40,5,403473
SWAY_PROFILE,block0_in,40,3,404097
SWAY_PROFILE,block1_in,39,14,404097
SWAY_PROFILE,embedding_in,40,5,404099
SWAY_PROFILE,head_in,39,10,404099
SWAY_PROFILE,patch_ready,40,6,404100
SWAY_PROFILE,block0_in,40,4,404724
SWAY_PROFILE,block1_in,39,15,404724
SWAY_PROFILE,embedding_in,40,6,404726
SWAY_PROFILE,head_in,39,11,404726
SWAY_PROFILE,patch_ready,40,7,404727
SWAY_PROFILE,block0_in,40,5,405357
SWAY_PROFILE,block1_in,40,0,405357
SWAY_PROFILE,embedding_in,40,7,405359
SWAY_PROFILE,head_in,39,12,405359
SWAY_PROFILE,patch_ready,40,8,405360
SWAY_PROFILE,block0_in,40,6,405984
SWAY_PROFILE,block1_in,40,1,405984
SWAY_PROFILE,embedding_in,40,8,405986
SWAY_PROFILE,head_in,39,13,405986
SWAY_PROFILE,patch_ready,40,9,405987
SWAY_PROFILE,block0_in,40,7,406611
SWAY_PROFILE,block1_in,40,2,406611
SWAY_PROFILE,embedding_in,40,9,406613
SWAY_PROFILE,head_in,39,14,406613
SWAY_PROFILE,patch_ready,40,10,406614
SWAY_PROFILE,block0_in,40,8,407238
SWAY_PROFILE,block1_in,40,3,407238
SWAY_PROFILE,embedding_in,40,10,407240
SWAY_PROFILE,head_in,39,15,407240
SWAY_PROFILE,patch_ready,40,11,407241
SWAY_PROFILE,block0_in,40,9,407871
SWAY_PROFILE,block1_in,40,4,407871
SWAY_PROFILE,embedding_in,40,11,407873
SWAY_PROFILE,head_in,40,0,407873
SWAY_PROFILE,patch_ready,40,12,407874
SWAY_PROFILE,block0_in,40,10,408498
SWAY_PROFILE,block1_in,40,5,408498
SWAY_PROFILE,embedding_in,40,12,408500
SWAY_PROFILE,head_in,40,1,408500
SWAY_PROFILE,patch_ready,40,13,408501
SWAY_PROFILE,block0_in,40,11,409125
SWAY_PROFILE,block1_in,40,6,409125
SWAY_PROFILE,embedding_in,40,13,409127
SWAY_PROFILE,head_in,40,2,409127
SWAY_PROFILE,patch_ready,40,14,409128
SWAY_PROFILE,block0_in,40,12,409752
SWAY_PROFILE,block1_in,40,7,409752
SWAY_PROFILE,embedding_in,40,14,409754
SWAY_PROFILE,head_in,40,3,409754
SWAY_PROFILE,patch_ready,40,15,409755
SWAY_PERF_INPUT_FRAME,42,399990,410045
SWAY_PROFILE,block0_in,40,13,410385
SWAY_PROFILE,block1_in,40,8,410385
SWAY_PROFILE,embedding_in,40,15,410387
SWAY_PROFILE,head_in,40,4,410387
SWAY_PROFILE,patch_ready,41,0,410388
SWAY_PROFILE,head_output_in,39,0,410533
SWAY_PROFILE,block0_in,40,14,411012
SWAY_PROFILE,block1_in,40,9,411012
SWAY_PROFILE,embedding_in,41,0,411014
SWAY_PROFILE,head_in,40,5,411014
SWAY_PROFILE,patch_ready,41,1,411015
SWAY_PROFILE,serialize_in,39,0,411275
SWAY_PERF_OUTPUT,2223,61,411277
SWAY_PERF_OUTPUT,2224,72,411278
SWAY_PERF_OUTPUT,2225,58,411279
SWAY_PERF_OUTPUT,2226,63,411280
SWAY_PERF_OUTPUT,2227,71,411281
SWAY_PERF_OUTPUT,2228,59,411282
SWAY_PERF_OUTPUT,2229,17,411283
SWAY_PERF_OUTPUT,2230,69,411284
SWAY_PERF_OUTPUT,2231,80,411285
SWAY_PERF_OUTPUT,2232,102,411286
SWAY_PERF_OUTPUT,2233,53,411287
SWAY_PERF_OUTPUT,2234,68,411288
SWAY_PERF_OUTPUT,2235,58,411289
SWAY_PERF_OUTPUT,2236,56,411290
SWAY_PERF_OUTPUT,2237,48,411291
SWAY_PERF_OUTPUT,2238,37,411292
SWAY_PERF_OUTPUT,2239,13,411293
SWAY_PERF_OUTPUT,2240,20,411294
SWAY_PERF_OUTPUT,2241,73,411295
SWAY_PERF_OUTPUT,2242,118,411296
SWAY_PERF_OUTPUT,2243,127,411297
SWAY_PERF_OUTPUT,2244,127,411298
SWAY_PERF_OUTPUT,2245,127,411299
SWAY_PERF_OUTPUT,2246,127,411300
SWAY_PERF_OUTPUT,2247,116,411301
SWAY_PERF_OUTPUT,2248,88,411302
SWAY_PERF_OUTPUT,2249,127,411303
SWAY_PERF_OUTPUT,2250,120,411304
SWAY_PERF_OUTPUT,2251,119,411305
SWAY_PERF_OUTPUT,2252,127,411306
SWAY_PERF_OUTPUT,2253,110,411307
SWAY_PERF_OUTPUT,2254,121,411308
SWAY_PERF_OUTPUT,2255,118,411309
SWAY_PERF_OUTPUT,2256,127,411310
SWAY_PERF_OUTPUT,2257,127,411311
SWAY_PERF_OUTPUT,2258,127,411312
SWAY_PERF_OUTPUT,2259,127,411313
SWAY_PERF_OUTPUT,2260,127,411314
SWAY_PERF_OUTPUT,2261,-21,411315
SWAY_PERF_OUTPUT,2262,-2,411316
SWAY_PERF_OUTPUT,2263,32,411317
SWAY_PERF_OUTPUT,2264,32,411318
SWAY_PERF_OUTPUT,2265,17,411319
SWAY_PERF_OUTPUT,2266,-14,411320
SWAY_PERF_OUTPUT,2267,-22,411321
SWAY_PERF_OUTPUT,2268,-12,411322
SWAY_PERF_OUTPUT,2269,-47,411323
SWAY_PERF_OUTPUT,2270,-38,411324
SWAY_PERF_OUTPUT,2271,-36,411325
SWAY_PERF_OUTPUT,2272,-46,411326
SWAY_PERF_OUTPUT,2273,-81,411327
SWAY_PERF_OUTPUT,2274,-67,411328
SWAY_PERF_OUTPUT,2275,-17,411329
SWAY_PERF_OUTPUT,2276,-41,411330
SWAY_PERF_OUTPUT,2277,-65,411331
SWAY_PERF_OUTPUT,2278,-78,411332
SWAY_PERF_OUTPUT,2279,21,411333
SWAY_PERF_FRAME,39,411277,411333
SWAY_PROFILE,block0_in,40,15,411639
SWAY_PROFILE,block1_in,40,10,411639
SWAY_PROFILE,embedding_in,41,1,411641
SWAY_PROFILE,head_in,40,6,411641
SWAY_PROFILE,patch_ready,41,2,411642
SWAY_PROFILE,block0_in,41,0,412266
SWAY_PROFILE,block1_in,40,11,412266
SWAY_PROFILE,embedding_in,41,2,412268
SWAY_PROFILE,head_in,40,7,412268
SWAY_PROFILE,patch_ready,41,3,412269
SWAY_PROFILE,block0_in,41,1,412899
SWAY_PROFILE,block1_in,40,12,412899
SWAY_PROFILE,embedding_in,41,3,412901
SWAY_PROFILE,head_in,40,8,412901
SWAY_PROFILE,patch_ready,41,4,412902
SWAY_PROFILE,block0_in,41,2,413526
SWAY_PROFILE,block1_in,40,13,413526
SWAY_PROFILE,embedding_in,41,4,413528
SWAY_PROFILE,head_in,40,9,413528
SWAY_PROFILE,patch_ready,41,5,413529
SWAY_PROFILE,block0_in,41,3,414153
SWAY_PROFILE,block1_in,40,14,414153
SWAY_PROFILE,embedding_in,41,5,414155
SWAY_PROFILE,head_in,40,10,414155
SWAY_PROFILE,patch_ready,41,6,414156
SWAY_PROFILE,block0_in,41,4,414780
SWAY_PROFILE,block1_in,40,15,414780
SWAY_PROFILE,embedding_in,41,6,414782
SWAY_PROFILE,head_in,40,11,414782
SWAY_PROFILE,patch_ready,41,7,414783
SWAY_PROFILE,block0_in,41,5,415413
SWAY_PROFILE,block1_in,41,0,415413
SWAY_PROFILE,embedding_in,41,7,415415
SWAY_PROFILE,head_in,40,12,415415
SWAY_PROFILE,patch_ready,41,8,415416
SWAY_PROFILE,block0_in,41,6,416040
SWAY_PROFILE,block1_in,41,1,416040
SWAY_PROFILE,embedding_in,41,8,416042
SWAY_PROFILE,head_in,40,13,416042
SWAY_PROFILE,patch_ready,41,9,416043
SWAY_PROFILE,block0_in,41,7,416667
SWAY_PROFILE,block1_in,41,2,416667
SWAY_PROFILE,embedding_in,41,9,416669
SWAY_PROFILE,head_in,40,14,416669
SWAY_PROFILE,patch_ready,41,10,416670
SWAY_PROFILE,block0_in,41,8,417294
SWAY_PROFILE,block1_in,41,3,417294
SWAY_PROFILE,embedding_in,41,10,417296
SWAY_PROFILE,head_in,40,15,417296
SWAY_PROFILE,patch_ready,41,11,417297
SWAY_PROFILE,block0_in,41,9,417927
SWAY_PROFILE,block1_in,41,4,417927
SWAY_PROFILE,embedding_in,41,11,417929
SWAY_PROFILE,head_in,41,0,417929
SWAY_PROFILE,patch_ready,41,12,417930
SWAY_PROFILE,block0_in,41,10,418554
SWAY_PROFILE,block1_in,41,5,418554
SWAY_PROFILE,embedding_in,41,12,418556
SWAY_PROFILE,head_in,41,1,418556
SWAY_PROFILE,patch_ready,41,13,418557
SWAY_PROFILE,block0_in,41,11,419181
SWAY_PROFILE,block1_in,41,6,419181
SWAY_PROFILE,embedding_in,41,13,419183
SWAY_PROFILE,head_in,41,2,419183
SWAY_PROFILE,patch_ready,41,14,419184
SWAY_PROFILE,block0_in,41,12,419808
SWAY_PROFILE,block1_in,41,7,419808
SWAY_PROFILE,embedding_in,41,14,419810
SWAY_PROFILE,head_in,41,3,419810
SWAY_PROFILE,patch_ready,41,15,419811
SWAY_PERF_INPUT_FRAME,43,410046,420101
SWAY_PROFILE,block0_in,41,13,420441
SWAY_PROFILE,block1_in,41,8,420441
SWAY_PROFILE,embedding_in,41,15,420443
SWAY_PROFILE,head_in,41,4,420443
SWAY_PROFILE,patch_ready,42,0,420444
SWAY_PROFILE,head_output_in,40,0,420589
SWAY_PROFILE,block0_in,41,14,421068
SWAY_PROFILE,block1_in,41,9,421068
SWAY_PROFILE,embedding_in,42,0,421070
SWAY_PROFILE,head_in,41,5,421070
SWAY_PROFILE,patch_ready,42,1,421071
SWAY_PROFILE,serialize_in,40,0,421331
SWAY_PERF_OUTPUT,2280,7,421333
SWAY_PERF_OUTPUT,2281,7,421334
SWAY_PERF_OUTPUT,2282,6,421335
SWAY_PERF_OUTPUT,2283,6,421336
SWAY_PERF_OUTPUT,2284,12,421337
SWAY_PERF_OUTPUT,2285,16,421338
SWAY_PERF_OUTPUT,2286,19,421339
SWAY_PERF_OUTPUT,2287,1,421340
SWAY_PERF_OUTPUT,2288,-2,421341
SWAY_PERF_OUTPUT,2289,-3,421342
SWAY_PERF_OUTPUT,2290,9,421343
SWAY_PERF_OUTPUT,2291,10,421344
SWAY_PERF_OUTPUT,2292,11,421345
SWAY_PERF_OUTPUT,2293,11,421346
SWAY_PERF_OUTPUT,2294,4,421347
SWAY_PERF_OUTPUT,2295,2,421348
SWAY_PERF_OUTPUT,2296,0,421349
SWAY_PERF_OUTPUT,2297,0,421350
SWAY_PERF_OUTPUT,2298,7,421351
SWAY_PERF_OUTPUT,2299,63,421352
SWAY_PERF_OUTPUT,2300,63,421353
SWAY_PERF_OUTPUT,2301,63,421354
SWAY_PERF_OUTPUT,2302,62,421355
SWAY_PERF_OUTPUT,2303,62,421356
SWAY_PERF_OUTPUT,2304,63,421357
SWAY_PERF_OUTPUT,2305,61,421358
SWAY_PERF_OUTPUT,2306,62,421359
SWAY_PERF_OUTPUT,2307,63,421360
SWAY_PERF_OUTPUT,2308,61,421361
SWAY_PERF_OUTPUT,2309,62,421362
SWAY_PERF_OUTPUT,2310,62,421363
SWAY_PERF_OUTPUT,2311,63,421364
SWAY_PERF_OUTPUT,2312,61,421365
SWAY_PERF_OUTPUT,2313,62,421366
SWAY_PERF_OUTPUT,2314,62,421367
SWAY_PERF_OUTPUT,2315,63,421368
SWAY_PERF_OUTPUT,2316,60,421369
SWAY_PERF_OUTPUT,2317,63,421370
SWAY_PERF_OUTPUT,2318,-7,421371
SWAY_PERF_OUTPUT,2319,2,421372
SWAY_PERF_OUTPUT,2320,13,421373
SWAY_PERF_OUTPUT,2321,17,421374
SWAY_PERF_OUTPUT,2322,9,421375
SWAY_PERF_OUTPUT,2323,5,421376
SWAY_PERF_OUTPUT,2324,2,421377
SWAY_PERF_OUTPUT,2325,9,421378
SWAY_PERF_OUTPUT,2326,2,421379
SWAY_PERF_OUTPUT,2327,-4,421380
SWAY_PERF_OUTPUT,2328,-7,421381
SWAY_PERF_OUTPUT,2329,-17,421382
SWAY_PERF_OUTPUT,2330,-28,421383
SWAY_PERF_OUTPUT,2331,-29,421384
SWAY_PERF_OUTPUT,2332,-7,421385
SWAY_PERF_OUTPUT,2333,-16,421386
SWAY_PERF_OUTPUT,2334,-27,421387
SWAY_PERF_OUTPUT,2335,-29,421388
SWAY_PERF_OUTPUT,2336,10,421389
SWAY_PERF_FRAME,40,421333,421389
SWAY_PROFILE,block0_in,41,15,421695
SWAY_PROFILE,block1_in,41,10,421695
SWAY_PROFILE,embedding_in,42,1,421697
SWAY_PROFILE,head_in,41,6,421697
SWAY_PROFILE,patch_ready,42,2,421698
SWAY_PROFILE,block0_in,42,0,422322
SWAY_PROFILE,block1_in,41,11,422322
SWAY_PROFILE,embedding_in,42,2,422324
SWAY_PROFILE,head_in,41,7,422324
SWAY_PROFILE,patch_ready,42,3,422325
SWAY_PROFILE,block0_in,42,1,422955
SWAY_PROFILE,block1_in,41,12,422955
SWAY_PROFILE,embedding_in,42,3,422957
SWAY_PROFILE,head_in,41,8,422957
SWAY_PROFILE,patch_ready,42,4,422958
SWAY_PROFILE,block0_in,42,2,423582
SWAY_PROFILE,block1_in,41,13,423582
SWAY_PROFILE,embedding_in,42,4,423584
SWAY_PROFILE,head_in,41,9,423584
SWAY_PROFILE,patch_ready,42,5,423585
SWAY_PROFILE,block0_in,42,3,424209
SWAY_PROFILE,block1_in,41,14,424209
SWAY_PROFILE,embedding_in,42,5,424211
SWAY_PROFILE,head_in,41,10,424211
SWAY_PROFILE,patch_ready,42,6,424212
SWAY_PROFILE,block0_in,42,4,424836
SWAY_PROFILE,block1_in,41,15,424836
SWAY_PROFILE,embedding_in,42,6,424838
SWAY_PROFILE,head_in,41,11,424838
SWAY_PROFILE,patch_ready,42,7,424839
SWAY_PROFILE,block0_in,42,5,425469
SWAY_PROFILE,block1_in,42,0,425469
SWAY_PROFILE,embedding_in,42,7,425471
SWAY_PROFILE,head_in,41,12,425471
SWAY_PROFILE,patch_ready,42,8,425472
SWAY_PROFILE,block0_in,42,6,426096
SWAY_PROFILE,block1_in,42,1,426096
SWAY_PROFILE,embedding_in,42,8,426098
SWAY_PROFILE,head_in,41,13,426098
SWAY_PROFILE,patch_ready,42,9,426099
SWAY_PROFILE,block0_in,42,7,426723
SWAY_PROFILE,block1_in,42,2,426723
SWAY_PROFILE,embedding_in,42,9,426725
SWAY_PROFILE,head_in,41,14,426725
SWAY_PROFILE,patch_ready,42,10,426726
SWAY_PROFILE,block0_in,42,8,427350
SWAY_PROFILE,block1_in,42,3,427350
SWAY_PROFILE,embedding_in,42,10,427352
SWAY_PROFILE,head_in,41,15,427352
SWAY_PROFILE,patch_ready,42,11,427353
SWAY_PROFILE,block0_in,42,9,427983
SWAY_PROFILE,block1_in,42,4,427983
SWAY_PROFILE,embedding_in,42,11,427985
SWAY_PROFILE,head_in,42,0,427985
SWAY_PROFILE,patch_ready,42,12,427986
SWAY_PROFILE,block0_in,42,10,428610
SWAY_PROFILE,block1_in,42,5,428610
SWAY_PROFILE,embedding_in,42,12,428612
SWAY_PROFILE,head_in,42,1,428612
SWAY_PROFILE,patch_ready,42,13,428613
SWAY_PROFILE,block0_in,42,11,429237
SWAY_PROFILE,block1_in,42,6,429237
SWAY_PROFILE,embedding_in,42,13,429239
SWAY_PROFILE,head_in,42,2,429239
SWAY_PROFILE,patch_ready,42,14,429240
SWAY_PROFILE,block0_in,42,12,429864
SWAY_PROFILE,block1_in,42,7,429864
SWAY_PROFILE,embedding_in,42,14,429866
SWAY_PROFILE,head_in,42,3,429866
SWAY_PROFILE,patch_ready,42,15,429867
SWAY_PERF_INPUT_FRAME,44,420102,430157
SWAY_PROFILE,block0_in,42,13,430497
SWAY_PROFILE,block1_in,42,8,430497
SWAY_PROFILE,embedding_in,42,15,430499
SWAY_PROFILE,head_in,42,4,430499
SWAY_PROFILE,patch_ready,43,0,430500
SWAY_PROFILE,head_output_in,41,0,430645
SWAY_PROFILE,block0_in,42,14,431124
SWAY_PROFILE,block1_in,42,9,431124
SWAY_PROFILE,embedding_in,43,0,431126
SWAY_PROFILE,head_in,42,5,431126
SWAY_PROFILE,patch_ready,43,1,431127
SWAY_PROFILE,serialize_in,41,0,431387
SWAY_PERF_OUTPUT,2337,7,431389
SWAY_PERF_OUTPUT,2338,7,431390
SWAY_PERF_OUTPUT,2339,6,431391
SWAY_PERF_OUTPUT,2340,6,431392
SWAY_PERF_OUTPUT,2341,12,431393
SWAY_PERF_OUTPUT,2342,16,431394
SWAY_PERF_OUTPUT,2343,19,431395
SWAY_PERF_OUTPUT,2344,1,431396
SWAY_PERF_OUTPUT,2345,-2,431397
SWAY_PERF_OUTPUT,2346,-3,431398
SWAY_PERF_OUTPUT,2347,9,431399
SWAY_PERF_OUTPUT,2348,10,431400
SWAY_PERF_OUTPUT,2349,11,431401
SWAY_PERF_OUTPUT,2350,11,431402
SWAY_PERF_OUTPUT,2351,4,431403
SWAY_PERF_OUTPUT,2352,2,431404
SWAY_PERF_OUTPUT,2353,0,431405
SWAY_PERF_OUTPUT,2354,0,431406
SWAY_PERF_OUTPUT,2355,7,431407
SWAY_PERF_OUTPUT,2356,63,431408
SWAY_PERF_OUTPUT,2357,63,431409
SWAY_PERF_OUTPUT,2358,63,431410
SWAY_PERF_OUTPUT,2359,62,431411
SWAY_PERF_OUTPUT,2360,62,431412
SWAY_PERF_OUTPUT,2361,63,431413
SWAY_PERF_OUTPUT,2362,61,431414
SWAY_PERF_OUTPUT,2363,62,431415
SWAY_PERF_OUTPUT,2364,63,431416
SWAY_PERF_OUTPUT,2365,61,431417
SWAY_PERF_OUTPUT,2366,62,431418
SWAY_PERF_OUTPUT,2367,62,431419
SWAY_PERF_OUTPUT,2368,63,431420
SWAY_PERF_OUTPUT,2369,61,431421
SWAY_PERF_OUTPUT,2370,62,431422
SWAY_PERF_OUTPUT,2371,62,431423
SWAY_PERF_OUTPUT,2372,63,431424
SWAY_PERF_OUTPUT,2373,60,431425
SWAY_PERF_OUTPUT,2374,63,431426
SWAY_PERF_OUTPUT,2375,-7,431427
SWAY_PERF_OUTPUT,2376,2,431428
SWAY_PERF_OUTPUT,2377,13,431429
SWAY_PERF_OUTPUT,2378,17,431430
SWAY_PERF_OUTPUT,2379,9,431431
SWAY_PERF_OUTPUT,2380,5,431432
SWAY_PERF_OUTPUT,2381,2,431433
SWAY_PERF_OUTPUT,2382,9,431434
SWAY_PERF_OUTPUT,2383,2,431435
SWAY_PERF_OUTPUT,2384,-4,431436
SWAY_PERF_OUTPUT,2385,-7,431437
SWAY_PERF_OUTPUT,2386,-17,431438
SWAY_PERF_OUTPUT,2387,-28,431439
SWAY_PERF_OUTPUT,2388,-29,431440
SWAY_PERF_OUTPUT,2389,-7,431441
SWAY_PERF_OUTPUT,2390,-16,431442
SWAY_PERF_OUTPUT,2391,-27,431443
SWAY_PERF_OUTPUT,2392,-29,431444
SWAY_PERF_OUTPUT,2393,10,431445
SWAY_PERF_FRAME,41,431389,431445
SWAY_PROFILE,block0_in,42,15,431751
SWAY_PROFILE,block1_in,42,10,431751
SWAY_PROFILE,embedding_in,43,1,431753
SWAY_PROFILE,head_in,42,6,431753
SWAY_PROFILE,patch_ready,43,2,431754
SWAY_PROFILE,block0_in,43,0,432378
SWAY_PROFILE,block1_in,42,11,432378
SWAY_PROFILE,embedding_in,43,2,432380
SWAY_PROFILE,head_in,42,7,432380
SWAY_PROFILE,patch_ready,43,3,432381
SWAY_PROFILE,block0_in,43,1,433011
SWAY_PROFILE,block1_in,42,12,433011
SWAY_PROFILE,embedding_in,43,3,433013
SWAY_PROFILE,head_in,42,8,433013
SWAY_PROFILE,patch_ready,43,4,433014
SWAY_PROFILE,block0_in,43,2,433638
SWAY_PROFILE,block1_in,42,13,433638
SWAY_PROFILE,embedding_in,43,4,433640
SWAY_PROFILE,head_in,42,9,433640
SWAY_PROFILE,patch_ready,43,5,433641
SWAY_PROFILE,block0_in,43,3,434265
SWAY_PROFILE,block1_in,42,14,434265
SWAY_PROFILE,embedding_in,43,5,434267
SWAY_PROFILE,head_in,42,10,434267
SWAY_PROFILE,patch_ready,43,6,434268
SWAY_PROFILE,block0_in,43,4,434892
SWAY_PROFILE,block1_in,42,15,434892
SWAY_PROFILE,embedding_in,43,6,434894
SWAY_PROFILE,head_in,42,11,434894
SWAY_PROFILE,patch_ready,43,7,434895
SWAY_PROFILE,block0_in,43,5,435525
SWAY_PROFILE,block1_in,43,0,435525
SWAY_PROFILE,embedding_in,43,7,435527
SWAY_PROFILE,head_in,42,12,435527
SWAY_PROFILE,patch_ready,43,8,435528
SWAY_PROFILE,block0_in,43,6,436152
SWAY_PROFILE,block1_in,43,1,436152
SWAY_PROFILE,embedding_in,43,8,436154
SWAY_PROFILE,head_in,42,13,436154
SWAY_PROFILE,patch_ready,43,9,436155
SWAY_PROFILE,block0_in,43,7,436779
SWAY_PROFILE,block1_in,43,2,436779
SWAY_PROFILE,embedding_in,43,9,436781
SWAY_PROFILE,head_in,42,14,436781
SWAY_PROFILE,patch_ready,43,10,436782
SWAY_PROFILE,block0_in,43,8,437406
SWAY_PROFILE,block1_in,43,3,437406
SWAY_PROFILE,embedding_in,43,10,437408
SWAY_PROFILE,head_in,42,15,437408
SWAY_PROFILE,patch_ready,43,11,437409
SWAY_PROFILE,block0_in,43,9,438039
SWAY_PROFILE,block1_in,43,4,438039
SWAY_PROFILE,embedding_in,43,11,438041
SWAY_PROFILE,head_in,43,0,438041
SWAY_PROFILE,patch_ready,43,12,438042
SWAY_PROFILE,block0_in,43,10,438666
SWAY_PROFILE,block1_in,43,5,438666
SWAY_PROFILE,embedding_in,43,12,438668
SWAY_PROFILE,head_in,43,1,438668
SWAY_PROFILE,patch_ready,43,13,438669
SWAY_PROFILE,block0_in,43,11,439293
SWAY_PROFILE,block1_in,43,6,439293
SWAY_PROFILE,embedding_in,43,13,439295
SWAY_PROFILE,head_in,43,2,439295
SWAY_PROFILE,patch_ready,43,14,439296
SWAY_PROFILE,block0_in,43,12,439920
SWAY_PROFILE,block1_in,43,7,439920
SWAY_PROFILE,embedding_in,43,14,439922
SWAY_PROFILE,head_in,43,3,439922
SWAY_PROFILE,patch_ready,43,15,439923
SWAY_PERF_INPUT_FRAME,45,430158,440213
SWAY_PROFILE,block0_in,43,13,440553
SWAY_PROFILE,block1_in,43,8,440553
SWAY_PROFILE,embedding_in,43,15,440555
SWAY_PROFILE,head_in,43,4,440555
SWAY_PROFILE,patch_ready,44,0,440556
SWAY_PROFILE,head_output_in,42,0,440701
SWAY_PROFILE,block0_in,43,14,441180
SWAY_PROFILE,block1_in,43,9,441180
SWAY_PROFILE,embedding_in,44,0,441182
SWAY_PROFILE,head_in,43,5,441182
SWAY_PROFILE,patch_ready,44,1,441183
SWAY_PROFILE,serialize_in,42,0,441443
SWAY_PERF_OUTPUT,2394,7,441445
SWAY_PERF_OUTPUT,2395,7,441446
SWAY_PERF_OUTPUT,2396,6,441447
SWAY_PERF_OUTPUT,2397,6,441448
SWAY_PERF_OUTPUT,2398,12,441449
SWAY_PERF_OUTPUT,2399,16,441450
SWAY_PERF_OUTPUT,2400,19,441451
SWAY_PERF_OUTPUT,2401,1,441452
SWAY_PERF_OUTPUT,2402,-2,441453
SWAY_PERF_OUTPUT,2403,-3,441454
SWAY_PERF_OUTPUT,2404,9,441455
SWAY_PERF_OUTPUT,2405,10,441456
SWAY_PERF_OUTPUT,2406,11,441457
SWAY_PERF_OUTPUT,2407,11,441458
SWAY_PERF_OUTPUT,2408,4,441459
SWAY_PERF_OUTPUT,2409,2,441460
SWAY_PERF_OUTPUT,2410,0,441461
SWAY_PERF_OUTPUT,2411,0,441462
SWAY_PERF_OUTPUT,2412,7,441463
SWAY_PERF_OUTPUT,2413,63,441464
SWAY_PERF_OUTPUT,2414,63,441465
SWAY_PERF_OUTPUT,2415,63,441466
SWAY_PERF_OUTPUT,2416,62,441467
SWAY_PERF_OUTPUT,2417,62,441468
SWAY_PERF_OUTPUT,2418,63,441469
SWAY_PERF_OUTPUT,2419,61,441470
SWAY_PERF_OUTPUT,2420,62,441471
SWAY_PERF_OUTPUT,2421,63,441472
SWAY_PERF_OUTPUT,2422,61,441473
SWAY_PERF_OUTPUT,2423,62,441474
SWAY_PERF_OUTPUT,2424,62,441475
SWAY_PERF_OUTPUT,2425,63,441476
SWAY_PERF_OUTPUT,2426,61,441477
SWAY_PERF_OUTPUT,2427,62,441478
SWAY_PERF_OUTPUT,2428,62,441479
SWAY_PERF_OUTPUT,2429,63,441480
SWAY_PERF_OUTPUT,2430,60,441481
SWAY_PERF_OUTPUT,2431,63,441482
SWAY_PERF_OUTPUT,2432,-7,441483
SWAY_PERF_OUTPUT,2433,2,441484
SWAY_PERF_OUTPUT,2434,13,441485
SWAY_PERF_OUTPUT,2435,17,441486
SWAY_PERF_OUTPUT,2436,9,441487
SWAY_PERF_OUTPUT,2437,5,441488
SWAY_PERF_OUTPUT,2438,2,441489
SWAY_PERF_OUTPUT,2439,9,441490
SWAY_PERF_OUTPUT,2440,2,441491
SWAY_PERF_OUTPUT,2441,-4,441492
SWAY_PERF_OUTPUT,2442,-7,441493
SWAY_PERF_OUTPUT,2443,-17,441494
SWAY_PERF_OUTPUT,2444,-28,441495
SWAY_PERF_OUTPUT,2445,-29,441496
SWAY_PERF_OUTPUT,2446,-7,441497
SWAY_PERF_OUTPUT,2447,-16,441498
SWAY_PERF_OUTPUT,2448,-27,441499
SWAY_PERF_OUTPUT,2449,-29,441500
SWAY_PERF_OUTPUT,2450,10,441501
SWAY_PERF_FRAME,42,441445,441501
SWAY_PROFILE,block0_in,43,15,441807
SWAY_PROFILE,block1_in,43,10,441807
SWAY_PROFILE,embedding_in,44,1,441809
SWAY_PROFILE,head_in,43,6,441809
SWAY_PROFILE,patch_ready,44,2,441810
SWAY_PROFILE,block0_in,44,0,442434
SWAY_PROFILE,block1_in,43,11,442434
SWAY_PROFILE,embedding_in,44,2,442436
SWAY_PROFILE,head_in,43,7,442436
SWAY_PROFILE,patch_ready,44,3,442437
SWAY_PROFILE,block0_in,44,1,443067
SWAY_PROFILE,block1_in,43,12,443067
SWAY_PROFILE,embedding_in,44,3,443069
SWAY_PROFILE,head_in,43,8,443069
SWAY_PROFILE,patch_ready,44,4,443070
SWAY_PROFILE,block0_in,44,2,443694
SWAY_PROFILE,block1_in,43,13,443694
SWAY_PROFILE,embedding_in,44,4,443696
SWAY_PROFILE,head_in,43,9,443696
SWAY_PROFILE,patch_ready,44,5,443697
SWAY_PROFILE,block0_in,44,3,444321
SWAY_PROFILE,block1_in,43,14,444321
SWAY_PROFILE,embedding_in,44,5,444323
SWAY_PROFILE,head_in,43,10,444323
SWAY_PROFILE,patch_ready,44,6,444324
SWAY_PROFILE,block0_in,44,4,444948
SWAY_PROFILE,block1_in,43,15,444948
SWAY_PROFILE,embedding_in,44,6,444950
SWAY_PROFILE,head_in,43,11,444950
SWAY_PROFILE,patch_ready,44,7,444951
SWAY_PROFILE,block0_in,44,5,445581
SWAY_PROFILE,block1_in,44,0,445581
SWAY_PROFILE,embedding_in,44,7,445583
SWAY_PROFILE,head_in,43,12,445583
SWAY_PROFILE,patch_ready,44,8,445584
SWAY_PROFILE,block0_in,44,6,446208
SWAY_PROFILE,block1_in,44,1,446208
SWAY_PROFILE,embedding_in,44,8,446210
SWAY_PROFILE,head_in,43,13,446210
SWAY_PROFILE,patch_ready,44,9,446211
SWAY_PROFILE,block0_in,44,7,446835
SWAY_PROFILE,block1_in,44,2,446835
SWAY_PROFILE,embedding_in,44,9,446837
SWAY_PROFILE,head_in,43,14,446837
SWAY_PROFILE,patch_ready,44,10,446838
SWAY_PROFILE,block0_in,44,8,447462
SWAY_PROFILE,block1_in,44,3,447462
SWAY_PROFILE,embedding_in,44,10,447464
SWAY_PROFILE,head_in,43,15,447464
SWAY_PROFILE,patch_ready,44,11,447465
SWAY_PROFILE,block0_in,44,9,448095
SWAY_PROFILE,block1_in,44,4,448095
SWAY_PROFILE,embedding_in,44,11,448097
SWAY_PROFILE,head_in,44,0,448097
SWAY_PROFILE,patch_ready,44,12,448098
SWAY_PROFILE,block0_in,44,10,448722
SWAY_PROFILE,block1_in,44,5,448722
SWAY_PROFILE,embedding_in,44,12,448724
SWAY_PROFILE,head_in,44,1,448724
SWAY_PROFILE,patch_ready,44,13,448725
SWAY_PROFILE,block0_in,44,11,449349
SWAY_PROFILE,block1_in,44,6,449349
SWAY_PROFILE,embedding_in,44,13,449351
SWAY_PROFILE,head_in,44,2,449351
SWAY_PROFILE,patch_ready,44,14,449352
SWAY_PROFILE,block0_in,44,12,449976
SWAY_PROFILE,block1_in,44,7,449976
SWAY_PROFILE,embedding_in,44,14,449978
SWAY_PROFILE,head_in,44,3,449978
SWAY_PROFILE,patch_ready,44,15,449979
SWAY_PERF_INPUT_FRAME,46,440214,450269
SWAY_PROFILE,block0_in,44,13,450609
SWAY_PROFILE,block1_in,44,8,450609
SWAY_PROFILE,embedding_in,44,15,450611
SWAY_PROFILE,head_in,44,4,450611
SWAY_PROFILE,patch_ready,45,0,450612
SWAY_PROFILE,head_output_in,43,0,450757
SWAY_PROFILE,block0_in,44,14,451236
SWAY_PROFILE,block1_in,44,9,451236
SWAY_PROFILE,embedding_in,45,0,451238
SWAY_PROFILE,head_in,44,5,451238
SWAY_PROFILE,patch_ready,45,1,451239
SWAY_PROFILE,serialize_in,43,0,451499
SWAY_PERF_OUTPUT,2451,7,451501
SWAY_PERF_OUTPUT,2452,8,451502
SWAY_PERF_OUTPUT,2453,8,451503
SWAY_PERF_OUTPUT,2454,8,451504
SWAY_PERF_OUTPUT,2455,13,451505
SWAY_PERF_OUTPUT,2456,17,451506
SWAY_PERF_OUTPUT,2457,20,451507
SWAY_PERF_OUTPUT,2458,2,451508
SWAY_PERF_OUTPUT,2459,-2,451509
SWAY_PERF_OUTPUT,2460,-5,451510
SWAY_PERF_OUTPUT,2461,10,451511
SWAY_PERF_OUTPUT,2462,11,451512
SWAY_PERF_OUTPUT,2463,10,451513
SWAY_PERF_OUTPUT,2464,11,451514
SWAY_PERF_OUTPUT,2465,5,451515
SWAY_PERF_OUTPUT,2466,3,451516
SWAY_PERF_OUTPUT,2467,0,451517
SWAY_PERF_OUTPUT,2468,0,451518
SWAY_PERF_OUTPUT,2469,8,451519
SWAY_PERF_OUTPUT,2470,62,451520
SWAY_PERF_OUTPUT,2471,62,451521
SWAY_PERF_OUTPUT,2472,62,451522
SWAY_PERF_OUTPUT,2473,62,451523
SWAY_PERF_OUTPUT,2474,62,451524
SWAY_PERF_OUTPUT,2475,62,451525
SWAY_PERF_OUTPUT,2476,60,451526
SWAY_PERF_OUTPUT,2477,61,451527
SWAY_PERF_OUTPUT,2478,61,451528
SWAY_PERF_OUTPUT,2479,60,451529
SWAY_PERF_OUTPUT,2480,61,451530
SWAY_PERF_OUTPUT,2481,60,451531
SWAY_PERF_OUTPUT,2482,62,451532
SWAY_PERF_OUTPUT,2483,59,451533
SWAY_PERF_OUTPUT,2484,61,451534
SWAY_PERF_OUTPUT,2485,61,451535
SWAY_PERF_OUTPUT,2486,64,451536
SWAY_PERF_OUTPUT,2487,60,451537
SWAY_PERF_OUTPUT,2488,62,451538
SWAY_PERF_OUTPUT,2489,-6,451539
SWAY_PERF_OUTPUT,2490,4,451540
SWAY_PERF_OUTPUT,2491,14,451541
SWAY_PERF_OUTPUT,2492,18,451542
SWAY_PERF_OUTPUT,2493,10,451543
SWAY_PERF_OUTPUT,2494,6,451544
SWAY_PERF_OUTPUT,2495,-1,451545
SWAY_PERF_OUTPUT,2496,10,451546
SWAY_PERF_OUTPUT,2497,4,451547
SWAY_PERF_OUTPUT,2498,-1,451548
SWAY_PERF_OUTPUT,2499,-5,451549
SWAY_PERF_OUTPUT,2500,-16,451550
SWAY_PERF_OUTPUT,2501,-26,451551
SWAY_PERF_OUTPUT,2502,-29,451552
SWAY_PERF_OUTPUT,2503,-6,451553
SWAY_PERF_OUTPUT,2504,-15,451554
SWAY_PERF_OUTPUT,2505,-26,451555
SWAY_PERF_OUTPUT,2506,-28,451556
SWAY_PERF_OUTPUT,2507,11,451557
SWAY_PERF_FRAME,43,451501,451557
SWAY_PROFILE,block0_in,44,15,451863
SWAY_PROFILE,block1_in,44,10,451863
SWAY_PROFILE,embedding_in,45,1,451865
SWAY_PROFILE,head_in,44,6,451865
SWAY_PROFILE,patch_ready,45,2,451866
SWAY_PROFILE,block0_in,45,0,452490
SWAY_PROFILE,block1_in,44,11,452490
SWAY_PROFILE,embedding_in,45,2,452492
SWAY_PROFILE,head_in,44,7,452492
SWAY_PROFILE,patch_ready,45,3,452493
SWAY_PROFILE,block0_in,45,1,453123
SWAY_PROFILE,block1_in,44,12,453123
SWAY_PROFILE,embedding_in,45,3,453125
SWAY_PROFILE,head_in,44,8,453125
SWAY_PROFILE,patch_ready,45,4,453126
SWAY_PROFILE,block0_in,45,2,453750
SWAY_PROFILE,block1_in,44,13,453750
SWAY_PROFILE,embedding_in,45,4,453752
SWAY_PROFILE,head_in,44,9,453752
SWAY_PROFILE,patch_ready,45,5,453753
SWAY_PROFILE,block0_in,45,3,454377
SWAY_PROFILE,block1_in,44,14,454377
SWAY_PROFILE,embedding_in,45,5,454379
SWAY_PROFILE,head_in,44,10,454379
SWAY_PROFILE,patch_ready,45,6,454380
SWAY_PROFILE,block0_in,45,4,455004
SWAY_PROFILE,block1_in,44,15,455004
SWAY_PROFILE,embedding_in,45,6,455006
SWAY_PROFILE,head_in,44,11,455006
SWAY_PROFILE,patch_ready,45,7,455007
SWAY_PROFILE,block0_in,45,5,455637
SWAY_PROFILE,block1_in,45,0,455637
SWAY_PROFILE,embedding_in,45,7,455639
SWAY_PROFILE,head_in,44,12,455639
SWAY_PROFILE,patch_ready,45,8,455640
SWAY_PROFILE,block0_in,45,6,456264
SWAY_PROFILE,block1_in,45,1,456264
SWAY_PROFILE,embedding_in,45,8,456266
SWAY_PROFILE,head_in,44,13,456266
SWAY_PROFILE,patch_ready,45,9,456267
SWAY_PROFILE,block0_in,45,7,456891
SWAY_PROFILE,block1_in,45,2,456891
SWAY_PROFILE,embedding_in,45,9,456893
SWAY_PROFILE,head_in,44,14,456893
SWAY_PROFILE,patch_ready,45,10,456894
SWAY_PROFILE,block0_in,45,8,457518
SWAY_PROFILE,block1_in,45,3,457518
SWAY_PROFILE,embedding_in,45,10,457520
SWAY_PROFILE,head_in,44,15,457520
SWAY_PROFILE,patch_ready,45,11,457521
SWAY_PROFILE,block0_in,45,9,458151
SWAY_PROFILE,block1_in,45,4,458151
SWAY_PROFILE,embedding_in,45,11,458153
SWAY_PROFILE,head_in,45,0,458153
SWAY_PROFILE,patch_ready,45,12,458154
SWAY_PROFILE,block0_in,45,10,458778
SWAY_PROFILE,block1_in,45,5,458778
SWAY_PROFILE,embedding_in,45,12,458780
SWAY_PROFILE,head_in,45,1,458780
SWAY_PROFILE,patch_ready,45,13,458781
SWAY_PROFILE,block0_in,45,11,459405
SWAY_PROFILE,block1_in,45,6,459405
SWAY_PROFILE,embedding_in,45,13,459407
SWAY_PROFILE,head_in,45,2,459407
SWAY_PROFILE,patch_ready,45,14,459408
SWAY_PROFILE,block0_in,45,12,460032
SWAY_PROFILE,block1_in,45,7,460032
SWAY_PROFILE,embedding_in,45,14,460034
SWAY_PROFILE,head_in,45,3,460034
SWAY_PROFILE,patch_ready,45,15,460035
SWAY_PERF_INPUT_FRAME,47,450270,460325
SWAY_PROFILE,block0_in,45,13,460665
SWAY_PROFILE,block1_in,45,8,460665
SWAY_PROFILE,embedding_in,45,15,460667
SWAY_PROFILE,head_in,45,4,460667
SWAY_PROFILE,patch_ready,46,0,460668
SWAY_PROFILE,head_output_in,44,0,460813
SWAY_PROFILE,block0_in,45,14,461292
SWAY_PROFILE,block1_in,45,9,461292
SWAY_PROFILE,embedding_in,46,0,461294
SWAY_PROFILE,head_in,45,5,461294
SWAY_PROFILE,patch_ready,46,1,461295
SWAY_PROFILE,serialize_in,44,0,461555
SWAY_PERF_OUTPUT,2508,8,461557
SWAY_PERF_OUTPUT,2509,9,461558
SWAY_PERF_OUTPUT,2510,8,461559
SWAY_PERF_OUTPUT,2511,9,461560
SWAY_PERF_OUTPUT,2512,13,461561
SWAY_PERF_OUTPUT,2513,16,461562
SWAY_PERF_OUTPUT,2514,15,461563
SWAY_PERF_OUTPUT,2515,4,461564
SWAY_PERF_OUTPUT,2516,1,461565
SWAY_PERF_OUTPUT,2517,0,461566
SWAY_PERF_OUTPUT,2518,10,461567
SWAY_PERF_OUTPUT,2519,10,461568
SWAY_PERF_OUTPUT,2520,8,461569
SWAY_PERF_OUTPUT,2521,8,461570
SWAY_PERF_OUTPUT,2522,6,461571
SWAY_PERF_OUTPUT,2523,4,461572
SWAY_PERF_OUTPUT,2524,2,461573
SWAY_PERF_OUTPUT,2525,1,461574
SWAY_PERF_OUTPUT,2526,9,461575
SWAY_PERF_OUTPUT,2527,63,461576
SWAY_PERF_OUTPUT,2528,63,461577
SWAY_PERF_OUTPUT,2529,63,461578
SWAY_PERF_OUTPUT,2530,63,461579
SWAY_PERF_OUTPUT,2531,62,461580
SWAY_PERF_OUTPUT,2532,62,461581
SWAY_PERF_OUTPUT,2533,60,461582
SWAY_PERF_OUTPUT,2534,62,461583
SWAY_PERF_OUTPUT,2535,64,461584
SWAY_PERF_OUTPUT,2536,62,461585
SWAY_PERF_OUTPUT,2537,62,461586
SWAY_PERF_OUTPUT,2538,62,461587
SWAY_PERF_OUTPUT,2539,63,461588
SWAY_PERF_OUTPUT,2540,62,461589
SWAY_PERF_OUTPUT,2541,62,461590
SWAY_PERF_OUTPUT,2542,62,461591
SWAY_PERF_OUTPUT,2543,63,461592
SWAY_PERF_OUTPUT,2544,59,461593
SWAY_PERF_OUTPUT,2545,63,461594
SWAY_PERF_OUTPUT,2546,-8,461595
SWAY_PERF_OUTPUT,2547,2,461596
SWAY_PERF_OUTPUT,2548,13,461597
SWAY_PERF_OUTPUT,2549,17,461598
SWAY_PERF_OUTPUT,2550,9,461599
SWAY_PERF_OUTPUT,2551,2,461600
SWAY_PERF_OUTPUT,2552,-4,461601
SWAY_PERF_OUTPUT,2553,8,461602
SWAY_PERF_OUTPUT,2554,2,461603
SWAY_PERF_OUTPUT,2555,-4,461604
SWAY_PERF_OUTPUT,2556,-7,461605
SWAY_PERF_OUTPUT,2557,-17,461606
SWAY_PERF_OUTPUT,2558,-28,461607
SWAY_PERF_OUTPUT,2559,-30,461608
SWAY_PERF_OUTPUT,2560,-7,461609
SWAY_PERF_OUTPUT,2561,-16,461610
SWAY_PERF_OUTPUT,2562,-26,461611
SWAY_PERF_OUTPUT,2563,-29,461612
SWAY_PERF_OUTPUT,2564,10,461613
SWAY_PERF_FRAME,44,461557,461613
SWAY_PROFILE,block0_in,45,15,461919
SWAY_PROFILE,block1_in,45,10,461919
SWAY_PROFILE,embedding_in,46,1,461921
SWAY_PROFILE,head_in,45,6,461921
SWAY_PROFILE,patch_ready,46,2,461922
SWAY_PROFILE,block0_in,46,0,462546
SWAY_PROFILE,block1_in,45,11,462546
SWAY_PROFILE,embedding_in,46,2,462548
SWAY_PROFILE,head_in,45,7,462548
SWAY_PROFILE,patch_ready,46,3,462549
SWAY_PROFILE,block0_in,46,1,463179
SWAY_PROFILE,block1_in,45,12,463179
SWAY_PROFILE,embedding_in,46,3,463181
SWAY_PROFILE,head_in,45,8,463181
SWAY_PROFILE,patch_ready,46,4,463182
SWAY_PROFILE,block0_in,46,2,463806
SWAY_PROFILE,block1_in,45,13,463806
SWAY_PROFILE,embedding_in,46,4,463808
SWAY_PROFILE,head_in,45,9,463808
SWAY_PROFILE,patch_ready,46,5,463809
SWAY_PROFILE,block0_in,46,3,464433
SWAY_PROFILE,block1_in,45,14,464433
SWAY_PROFILE,embedding_in,46,5,464435
SWAY_PROFILE,head_in,45,10,464435
SWAY_PROFILE,patch_ready,46,6,464436
SWAY_PROFILE,block0_in,46,4,465060
SWAY_PROFILE,block1_in,45,15,465060
SWAY_PROFILE,embedding_in,46,6,465062
SWAY_PROFILE,head_in,45,11,465062
SWAY_PROFILE,patch_ready,46,7,465063
SWAY_PROFILE,block0_in,46,5,465693
SWAY_PROFILE,block1_in,46,0,465693
SWAY_PROFILE,embedding_in,46,7,465695
SWAY_PROFILE,head_in,45,12,465695
SWAY_PROFILE,patch_ready,46,8,465696
SWAY_PROFILE,block0_in,46,6,466320
SWAY_PROFILE,block1_in,46,1,466320
SWAY_PROFILE,embedding_in,46,8,466322
SWAY_PROFILE,head_in,45,13,466322
SWAY_PROFILE,patch_ready,46,9,466323
SWAY_PROFILE,block0_in,46,7,466947
SWAY_PROFILE,block1_in,46,2,466947
SWAY_PROFILE,embedding_in,46,9,466949
SWAY_PROFILE,head_in,45,14,466949
SWAY_PROFILE,patch_ready,46,10,466950
SWAY_PROFILE,block0_in,46,8,467574
SWAY_PROFILE,block1_in,46,3,467574
SWAY_PROFILE,embedding_in,46,10,467576
SWAY_PROFILE,head_in,45,15,467576
SWAY_PROFILE,patch_ready,46,11,467577
SWAY_PROFILE,block0_in,46,9,468207
SWAY_PROFILE,block1_in,46,4,468207
SWAY_PROFILE,embedding_in,46,11,468209
SWAY_PROFILE,head_in,46,0,468209
SWAY_PROFILE,patch_ready,46,12,468210
SWAY_PROFILE,block0_in,46,10,468834
SWAY_PROFILE,block1_in,46,5,468834
SWAY_PROFILE,embedding_in,46,12,468836
SWAY_PROFILE,head_in,46,1,468836
SWAY_PROFILE,patch_ready,46,13,468837
SWAY_PROFILE,block0_in,46,11,469461
SWAY_PROFILE,block1_in,46,6,469461
SWAY_PROFILE,embedding_in,46,13,469463
SWAY_PROFILE,head_in,46,2,469463
SWAY_PROFILE,patch_ready,46,14,469464
SWAY_PROFILE,block0_in,46,12,470088
SWAY_PROFILE,block1_in,46,7,470088
SWAY_PROFILE,embedding_in,46,14,470090
SWAY_PROFILE,head_in,46,3,470090
SWAY_PROFILE,patch_ready,46,15,470091
SWAY_PERF_INPUT_FRAME,48,460326,470381
SWAY_PROFILE,block0_in,46,13,470721
SWAY_PROFILE,block1_in,46,8,470721
SWAY_PROFILE,embedding_in,46,15,470723
SWAY_PROFILE,head_in,46,4,470723
SWAY_PROFILE,patch_ready,47,0,470724
SWAY_PROFILE,head_output_in,45,0,470869
SWAY_PROFILE,block0_in,46,14,471348
SWAY_PROFILE,block1_in,46,9,471348
SWAY_PROFILE,embedding_in,47,0,471350
SWAY_PROFILE,head_in,46,5,471350
SWAY_PROFILE,patch_ready,47,1,471351
SWAY_PROFILE,serialize_in,45,0,471611
SWAY_PERF_OUTPUT,2565,7,471613
SWAY_PERF_OUTPUT,2566,7,471614
SWAY_PERF_OUTPUT,2567,6,471615
SWAY_PERF_OUTPUT,2568,7,471616
SWAY_PERF_OUTPUT,2569,13,471617
SWAY_PERF_OUTPUT,2570,17,471618
SWAY_PERF_OUTPUT,2571,20,471619
SWAY_PERF_OUTPUT,2572,1,471620
SWAY_PERF_OUTPUT,2573,-3,471621
SWAY_PERF_OUTPUT,2574,-4,471622
SWAY_PERF_OUTPUT,2575,10,471623
SWAY_PERF_OUTPUT,2576,11,471624
SWAY_PERF_OUTPUT,2577,13,471625
SWAY_PERF_OUTPUT,2578,13,471626
SWAY_PERF_OUTPUT,2579,5,471627
SWAY_PERF_OUTPUT,2580,4,471628
SWAY_PERF_OUTPUT,2581,2,471629
SWAY_PERF_OUTPUT,2582,2,471630
SWAY_PERF_OUTPUT,2583,7,471631
SWAY_PERF_OUTPUT,2584,62,471632
SWAY_PERF_OUTPUT,2585,62,471633
SWAY_PERF_OUTPUT,2586,62,471634
SWAY_PERF_OUTPUT,2587,61,471635
SWAY_PERF_OUTPUT,2588,63,471636
SWAY_PERF_OUTPUT,2589,65,471637
SWAY_PERF_OUTPUT,2590,62,471638
SWAY_PERF_OUTPUT,2591,60,471639
SWAY_PERF_OUTPUT,2592,59,471640
SWAY_PERF_OUTPUT,2593,57,471641
SWAY_PERF_OUTPUT,2594,60,471642
SWAY_PERF_OUTPUT,2595,60,471643
SWAY_PERF_OUTPUT,2596,59,471644
SWAY_PERF_OUTPUT,2597,56,471645
SWAY_PERF_OUTPUT,2598,60,471646
SWAY_PERF_OUTPUT,2599,63,471647
SWAY_PERF_OUTPUT,2600,65,471648
SWAY_PERF_OUTPUT,2601,62,471649
SWAY_PERF_OUTPUT,2602,62,471650
SWAY_PERF_OUTPUT,2603,-3,471651
SWAY_PERF_OUTPUT,2604,7,471652
SWAY_PERF_OUTPUT,2605,17,471653
SWAY_PERF_OUTPUT,2606,22,471654
SWAY_PERF_OUTPUT,2607,14,471655
SWAY_PERF_OUTPUT,2608,10,471656
SWAY_PERF_OUTPUT,2609,8,471657
SWAY_PERF_OUTPUT,2610,14,471658
SWAY_PERF_OUTPUT,2611,8,471659
SWAY_PERF_OUTPUT,2612,4,471660
SWAY_PERF_OUTPUT,2613,-2,471661
SWAY_PERF_OUTPUT,2614,-15,471662
SWAY_PERF_OUTPUT,2615,-26,471663
SWAY_PERF_OUTPUT,2616,-28,471664
SWAY_PERF_OUTPUT,2617,-3,471665
SWAY_PERF_OUTPUT,2618,-15,471666
SWAY_PERF_OUTPUT,2619,-26,471667
SWAY_PERF_OUTPUT,2620,-28,471668
SWAY_PERF_OUTPUT,2621,15,471669
SWAY_PERF_FRAME,45,471613,471669
SWAY_PROFILE,block0_in,46,15,471975
SWAY_PROFILE,block1_in,46,10,471975
SWAY_PROFILE,embedding_in,47,1,471977
SWAY_PROFILE,head_in,46,6,471977
SWAY_PROFILE,patch_ready,47,2,471978
SWAY_PROFILE,block0_in,47,0,472602
SWAY_PROFILE,block1_in,46,11,472602
SWAY_PROFILE,embedding_in,47,2,472604
SWAY_PROFILE,head_in,46,7,472604
SWAY_PROFILE,patch_ready,47,3,472605
SWAY_PROFILE,block0_in,47,1,473235
SWAY_PROFILE,block1_in,46,12,473235
SWAY_PROFILE,embedding_in,47,3,473237
SWAY_PROFILE,head_in,46,8,473237
SWAY_PROFILE,patch_ready,47,4,473238
SWAY_PROFILE,block0_in,47,2,473862
SWAY_PROFILE,block1_in,46,13,473862
SWAY_PROFILE,embedding_in,47,4,473864
SWAY_PROFILE,head_in,46,9,473864
SWAY_PROFILE,patch_ready,47,5,473865
SWAY_PROFILE,block0_in,47,3,474489
SWAY_PROFILE,block1_in,46,14,474489
SWAY_PROFILE,embedding_in,47,5,474491
SWAY_PROFILE,head_in,46,10,474491
SWAY_PROFILE,patch_ready,47,6,474492
SWAY_PROFILE,block0_in,47,4,475116
SWAY_PROFILE,block1_in,46,15,475116
SWAY_PROFILE,embedding_in,47,6,475118
SWAY_PROFILE,head_in,46,11,475118
SWAY_PROFILE,patch_ready,47,7,475119
SWAY_PROFILE,block0_in,47,5,475749
SWAY_PROFILE,block1_in,47,0,475749
SWAY_PROFILE,embedding_in,47,7,475751
SWAY_PROFILE,head_in,46,12,475751
SWAY_PROFILE,patch_ready,47,8,475752
SWAY_PROFILE,block0_in,47,6,476376
SWAY_PROFILE,block1_in,47,1,476376
SWAY_PROFILE,embedding_in,47,8,476378
SWAY_PROFILE,head_in,46,13,476378
SWAY_PROFILE,patch_ready,47,9,476379
SWAY_PROFILE,block0_in,47,7,477003
SWAY_PROFILE,block1_in,47,2,477003
SWAY_PROFILE,embedding_in,47,9,477005
SWAY_PROFILE,head_in,46,14,477005
SWAY_PROFILE,patch_ready,47,10,477006
SWAY_PROFILE,block0_in,47,8,477630
SWAY_PROFILE,block1_in,47,3,477630
SWAY_PROFILE,embedding_in,47,10,477632
SWAY_PROFILE,head_in,46,15,477632
SWAY_PROFILE,patch_ready,47,11,477633
SWAY_PROFILE,block0_in,47,9,478263
SWAY_PROFILE,block1_in,47,4,478263
SWAY_PROFILE,embedding_in,47,11,478265
SWAY_PROFILE,head_in,47,0,478265
SWAY_PROFILE,patch_ready,47,12,478266
SWAY_PROFILE,block0_in,47,10,478890
SWAY_PROFILE,block1_in,47,5,478890
SWAY_PROFILE,embedding_in,47,12,478892
SWAY_PROFILE,head_in,47,1,478892
SWAY_PROFILE,patch_ready,47,13,478893
SWAY_PROFILE,block0_in,47,11,479517
SWAY_PROFILE,block1_in,47,6,479517
SWAY_PROFILE,embedding_in,47,13,479519
SWAY_PROFILE,head_in,47,2,479519
SWAY_PROFILE,patch_ready,47,14,479520
SWAY_PROFILE,block0_in,47,12,480144
SWAY_PROFILE,block1_in,47,7,480144
SWAY_PROFILE,embedding_in,47,14,480146
SWAY_PROFILE,head_in,47,3,480146
SWAY_PROFILE,patch_ready,47,15,480147
SWAY_PERF_INPUT_FRAME,49,470382,480437
SWAY_PROFILE,block0_in,47,13,480777
SWAY_PROFILE,block1_in,47,8,480777
SWAY_PROFILE,embedding_in,47,15,480779
SWAY_PROFILE,head_in,47,4,480779
SWAY_PROFILE,patch_ready,48,0,480780
SWAY_PROFILE,head_output_in,46,0,480925
SWAY_PROFILE,block0_in,47,14,481404
SWAY_PROFILE,block1_in,47,9,481404
SWAY_PROFILE,embedding_in,48,0,481406
SWAY_PROFILE,head_in,47,5,481406
SWAY_PROFILE,patch_ready,48,1,481407
SWAY_PROFILE,serialize_in,46,0,481667
SWAY_PERF_OUTPUT,2622,8,481669
SWAY_PERF_OUTPUT,2623,9,481670
SWAY_PERF_OUTPUT,2624,9,481671
SWAY_PERF_OUTPUT,2625,9,481672
SWAY_PERF_OUTPUT,2626,14,481673
SWAY_PERF_OUTPUT,2627,20,481674
SWAY_PERF_OUTPUT,2628,23,481675
SWAY_PERF_OUTPUT,2629,3,481676
SWAY_PERF_OUTPUT,2630,-4,481677
SWAY_PERF_OUTPUT,2631,-9,481678
SWAY_PERF_OUTPUT,2632,11,481679
SWAY_PERF_OUTPUT,2633,13,481680
SWAY_PERF_OUTPUT,2634,13,481681
SWAY_PERF_OUTPUT,2635,14,481682
SWAY_PERF_OUTPUT,2636,6,481683
SWAY_PERF_OUTPUT,2637,0,481684
SWAY_PERF_OUTPUT,2638,-5,481685
SWAY_PERF_OUTPUT,2639,-5,481686
SWAY_PERF_OUTPUT,2640,9,481687
SWAY_PERF_OUTPUT,2641,62,481688
SWAY_PERF_OUTPUT,2642,61,481689
SWAY_PERF_OUTPUT,2643,60,481690
SWAY_PERF_OUTPUT,2644,59,481691
SWAY_PERF_OUTPUT,2645,59,481692
SWAY_PERF_OUTPUT,2646,59,481693
SWAY_PERF_OUTPUT,2647,58,481694
SWAY_PERF_OUTPUT,2648,60,481695
SWAY_PERF_OUTPUT,2649,60,481696
SWAY_PERF_OUTPUT,2650,59,481697
SWAY_PERF_OUTPUT,2651,60,481698
SWAY_PERF_OUTPUT,2652,58,481699
SWAY_PERF_OUTPUT,2653,61,481700
SWAY_PERF_OUTPUT,2654,59,481701
SWAY_PERF_OUTPUT,2655,61,481702
SWAY_PERF_OUTPUT,2656,59,481703
SWAY_PERF_OUTPUT,2657,61,481704
SWAY_PERF_OUTPUT,2658,58,481705
SWAY_PERF_OUTPUT,2659,60,481706
SWAY_PERF_OUTPUT,2660,-8,481707
SWAY_PERF_OUTPUT,2661,2,481708
SWAY_PERF_OUTPUT,2662,11,481709
SWAY_PERF_OUTPUT,2663,15,481710
SWAY_PERF_OUTPUT,2664,8,481711
SWAY_PERF_OUTPUT,2665,6,481712
SWAY_PERF_OUTPUT,2666,5,481713
SWAY_PERF_OUTPUT,2667,8,481714
SWAY_PERF_OUTPUT,2668,6,481715
SWAY_PERF_OUTPUT,2669,8,481716
SWAY_PERF_OUTPUT,2670,-7,481717
SWAY_PERF_OUTPUT,2671,-16,481718
SWAY_PERF_OUTPUT,2672,-27,481719
SWAY_PERF_OUTPUT,2673,-29,481720
SWAY_PERF_OUTPUT,2674,-7,481721
SWAY_PERF_OUTPUT,2675,-14,481722
SWAY_PERF_OUTPUT,2676,-25,481723
SWAY_PERF_OUTPUT,2677,-27,481724
SWAY_PERF_OUTPUT,2678,9,481725
SWAY_PERF_FRAME,46,481669,481725
SWAY_PROFILE,block0_in,47,15,482031
SWAY_PROFILE,block1_in,47,10,482031
SWAY_PROFILE,embedding_in,48,1,482033
SWAY_PROFILE,head_in,47,6,482033
SWAY_PROFILE,patch_ready,48,2,482034
SWAY_PROFILE,block0_in,48,0,482658
SWAY_PROFILE,block1_in,47,11,482658
SWAY_PROFILE,embedding_in,48,2,482660
SWAY_PROFILE,head_in,47,7,482660
SWAY_PROFILE,patch_ready,48,3,482661
SWAY_PROFILE,block0_in,48,1,483291
SWAY_PROFILE,block1_in,47,12,483291
SWAY_PROFILE,embedding_in,48,3,483293
SWAY_PROFILE,head_in,47,8,483293
SWAY_PROFILE,patch_ready,48,4,483294
SWAY_PROFILE,block0_in,48,2,483918
SWAY_PROFILE,block1_in,47,13,483918
SWAY_PROFILE,embedding_in,48,4,483920
SWAY_PROFILE,head_in,47,9,483920
SWAY_PROFILE,patch_ready,48,5,483921
SWAY_PROFILE,block0_in,48,3,484545
SWAY_PROFILE,block1_in,47,14,484545
SWAY_PROFILE,embedding_in,48,5,484547
SWAY_PROFILE,head_in,47,10,484547
SWAY_PROFILE,patch_ready,48,6,484548
SWAY_PROFILE,block0_in,48,4,485172
SWAY_PROFILE,block1_in,47,15,485172
SWAY_PROFILE,embedding_in,48,6,485174
SWAY_PROFILE,head_in,47,11,485174
SWAY_PROFILE,patch_ready,48,7,485175
SWAY_PROFILE,block0_in,48,5,485805
SWAY_PROFILE,block1_in,48,0,485805
SWAY_PROFILE,embedding_in,48,7,485807
SWAY_PROFILE,head_in,47,12,485807
SWAY_PROFILE,patch_ready,48,8,485808
SWAY_PROFILE,block0_in,48,6,486432
SWAY_PROFILE,block1_in,48,1,486432
SWAY_PROFILE,embedding_in,48,8,486434
SWAY_PROFILE,head_in,47,13,486434
SWAY_PROFILE,patch_ready,48,9,486435
SWAY_PROFILE,block0_in,48,7,487059
SWAY_PROFILE,block1_in,48,2,487059
SWAY_PROFILE,embedding_in,48,9,487061
SWAY_PROFILE,head_in,47,14,487061
SWAY_PROFILE,patch_ready,48,10,487062
SWAY_PROFILE,block0_in,48,8,487686
SWAY_PROFILE,block1_in,48,3,487686
SWAY_PROFILE,embedding_in,48,10,487688
SWAY_PROFILE,head_in,47,15,487688
SWAY_PROFILE,patch_ready,48,11,487689
SWAY_PROFILE,block0_in,48,9,488319
SWAY_PROFILE,block1_in,48,4,488319
SWAY_PROFILE,embedding_in,48,11,488321
SWAY_PROFILE,head_in,48,0,488321
SWAY_PROFILE,patch_ready,48,12,488322
SWAY_PROFILE,block0_in,48,10,488946
SWAY_PROFILE,block1_in,48,5,488946
SWAY_PROFILE,embedding_in,48,12,488948
SWAY_PROFILE,head_in,48,1,488948
SWAY_PROFILE,patch_ready,48,13,488949
SWAY_PROFILE,block0_in,48,11,489573
SWAY_PROFILE,block1_in,48,6,489573
SWAY_PROFILE,embedding_in,48,13,489575
SWAY_PROFILE,head_in,48,2,489575
SWAY_PROFILE,patch_ready,48,14,489576
SWAY_PROFILE,block0_in,48,12,490200
SWAY_PROFILE,block1_in,48,7,490200
SWAY_PROFILE,embedding_in,48,14,490202
SWAY_PROFILE,head_in,48,3,490202
SWAY_PROFILE,patch_ready,48,15,490203
SWAY_PERF_INPUT_FRAME,50,480438,490493
SWAY_PROFILE,block0_in,48,13,490833
SWAY_PROFILE,block1_in,48,8,490833
SWAY_PROFILE,embedding_in,48,15,490835
SWAY_PROFILE,head_in,48,4,490835
SWAY_PROFILE,patch_ready,49,0,490836
SWAY_PROFILE,head_output_in,47,0,490981
SWAY_PROFILE,block0_in,48,14,491460
SWAY_PROFILE,block1_in,48,9,491460
SWAY_PROFILE,embedding_in,49,0,491462
SWAY_PROFILE,head_in,48,5,491462
SWAY_PROFILE,patch_ready,49,1,491463
SWAY_PROFILE,serialize_in,47,0,491723
SWAY_PERF_OUTPUT,2679,4,491725
SWAY_PERF_OUTPUT,2680,4,491726
SWAY_PERF_OUTPUT,2681,3,491727
SWAY_PERF_OUTPUT,2682,3,491728
SWAY_PERF_OUTPUT,2683,9,491729
SWAY_PERF_OUTPUT,2684,16,491730
SWAY_PERF_OUTPUT,2685,19,491731
SWAY_PERF_OUTPUT,2686,-2,491732
SWAY_PERF_OUTPUT,2687,-7,491733
SWAY_PERF_OUTPUT,2688,-8,491734
SWAY_PERF_OUTPUT,2689,7,491735
SWAY_PERF_OUTPUT,2690,11,491736
SWAY_PERF_OUTPUT,2691,13,491737
SWAY_PERF_OUTPUT,2692,14,491738
SWAY_PERF_OUTPUT,2693,2,491739
SWAY_PERF_OUTPUT,2694,-1,491740
SWAY_PERF_OUTPUT,2695,-2,491741
SWAY_PERF_OUTPUT,2696,-2,491742
SWAY_PERF_OUTPUT,2697,3,491743
SWAY_PERF_OUTPUT,2698,61,491744
SWAY_PERF_OUTPUT,2699,61,491745
SWAY_PERF_OUTPUT,2700,60,491746
SWAY_PERF_OUTPUT,2701,60,491747
SWAY_PERF_OUTPUT,2702,60,491748
SWAY_PERF_OUTPUT,2703,61,491749
SWAY_PERF_OUTPUT,2704,59,491750
SWAY_PERF_OUTPUT,2705,59,491751
SWAY_PERF_OUTPUT,2706,59,491752
SWAY_PERF_OUTPUT,2707,58,491753
SWAY_PERF_OUTPUT,2708,60,491754
SWAY_PERF_OUTPUT,2709,59,491755
SWAY_PERF_OUTPUT,2710,60,491756
SWAY_PERF_OUTPUT,2711,57,491757
SWAY_PERF_OUTPUT,2712,60,491758
SWAY_PERF_OUTPUT,2713,59,491759
SWAY_PERF_OUTPUT,2714,62,491760
SWAY_PERF_OUTPUT,2715,59,491761
SWAY_PERF_OUTPUT,2716,60,491762
SWAY_PERF_OUTPUT,2717,-6,491763
SWAY_PERF_OUTPUT,2718,4,491764
SWAY_PERF_OUTPUT,2719,14,491765
SWAY_PERF_OUTPUT,2720,18,491766
SWAY_PERF_OUTPUT,2721,11,491767
SWAY_PERF_OUTPUT,2722,10,491768
SWAY_PERF_OUTPUT,2723,11,491769
SWAY_PERF_OUTPUT,2724,10,491770
SWAY_PERF_OUTPUT,2725,6,491771
SWAY_PERF_OUTPUT,2726,5,491772
SWAY_PERF_OUTPUT,2727,-5,491773
SWAY_PERF_OUTPUT,2728,-15,491774
SWAY_PERF_OUTPUT,2729,-25,491775
SWAY_PERF_OUTPUT,2730,-28,491776
SWAY_PERF_OUTPUT,2731,-6,491777
SWAY_PERF_OUTPUT,2732,-15,491778
SWAY_PERF_OUTPUT,2733,-27,491779
SWAY_PERF_OUTPUT,2734,-29,491780
SWAY_PERF_OUTPUT,2735,12,491781
SWAY_PERF_FRAME,47,491725,491781
SWAY_PROFILE,block0_in,48,15,492087
SWAY_PROFILE,block1_in,48,10,492087
SWAY_PROFILE,embedding_in,49,1,492089
SWAY_PROFILE,head_in,48,6,492089
SWAY_PROFILE,patch_ready,49,2,492090
SWAY_PROFILE,block0_in,49,0,492714
SWAY_PROFILE,block1_in,48,11,492714
SWAY_PROFILE,embedding_in,49,2,492716
SWAY_PROFILE,head_in,48,7,492716
SWAY_PROFILE,patch_ready,49,3,492717
SWAY_PROFILE,block0_in,49,1,493347
SWAY_PROFILE,block1_in,48,12,493347
SWAY_PROFILE,embedding_in,49,3,493349
SWAY_PROFILE,head_in,48,8,493349
SWAY_PROFILE,patch_ready,49,4,493350
SWAY_PROFILE,block0_in,49,2,493974
SWAY_PROFILE,block1_in,48,13,493974
SWAY_PROFILE,embedding_in,49,4,493976
SWAY_PROFILE,head_in,48,9,493976
SWAY_PROFILE,patch_ready,49,5,493977
SWAY_PROFILE,block0_in,49,3,494601
SWAY_PROFILE,block1_in,48,14,494601
SWAY_PROFILE,embedding_in,49,5,494603
SWAY_PROFILE,head_in,48,10,494603
SWAY_PROFILE,patch_ready,49,6,494604
SWAY_PROFILE,block0_in,49,4,495228
SWAY_PROFILE,block1_in,48,15,495228
SWAY_PROFILE,embedding_in,49,6,495230
SWAY_PROFILE,head_in,48,11,495230
SWAY_PROFILE,patch_ready,49,7,495231
SWAY_PROFILE,block0_in,49,5,495861
SWAY_PROFILE,block1_in,49,0,495861
SWAY_PROFILE,embedding_in,49,7,495863
SWAY_PROFILE,head_in,48,12,495863
SWAY_PROFILE,patch_ready,49,8,495864
SWAY_PROFILE,block0_in,49,6,496488
SWAY_PROFILE,block1_in,49,1,496488
SWAY_PROFILE,embedding_in,49,8,496490
SWAY_PROFILE,head_in,48,13,496490
SWAY_PROFILE,patch_ready,49,9,496491
SWAY_PROFILE,block0_in,49,7,497115
SWAY_PROFILE,block1_in,49,2,497115
SWAY_PROFILE,embedding_in,49,9,497117
SWAY_PROFILE,head_in,48,14,497117
SWAY_PROFILE,patch_ready,49,10,497118
SWAY_PROFILE,block0_in,49,8,497742
SWAY_PROFILE,block1_in,49,3,497742
SWAY_PROFILE,embedding_in,49,10,497744
SWAY_PROFILE,head_in,48,15,497744
SWAY_PROFILE,patch_ready,49,11,497745
SWAY_PROFILE,block0_in,49,9,498375
SWAY_PROFILE,block1_in,49,4,498375
SWAY_PROFILE,embedding_in,49,11,498377
SWAY_PROFILE,head_in,49,0,498377
SWAY_PROFILE,patch_ready,49,12,498378
SWAY_PROFILE,block0_in,49,10,499002
SWAY_PROFILE,block1_in,49,5,499002
SWAY_PROFILE,embedding_in,49,12,499004
SWAY_PROFILE,head_in,49,1,499004
SWAY_PROFILE,patch_ready,49,13,499005
SWAY_PROFILE,block0_in,49,11,499629
SWAY_PROFILE,block1_in,49,6,499629
SWAY_PROFILE,embedding_in,49,13,499631
SWAY_PROFILE,head_in,49,2,499631
SWAY_PROFILE,patch_ready,49,14,499632
SWAY_PROFILE,block0_in,49,12,500256
SWAY_PROFILE,block1_in,49,7,500256
SWAY_PROFILE,embedding_in,49,14,500258
SWAY_PROFILE,head_in,49,3,500258
SWAY_PROFILE,patch_ready,49,15,500259
SWAY_PERF_INPUT_FRAME,51,490494,500549
SWAY_PROFILE,block0_in,49,13,500889
SWAY_PROFILE,block1_in,49,8,500889
SWAY_PROFILE,embedding_in,49,15,500891
SWAY_PROFILE,head_in,49,4,500891
SWAY_PROFILE,patch_ready,50,0,500892
SWAY_PROFILE,head_output_in,48,0,501037
SWAY_PROFILE,block0_in,49,14,501516
SWAY_PROFILE,block1_in,49,9,501516
SWAY_PROFILE,embedding_in,50,0,501518
SWAY_PROFILE,head_in,49,5,501518
SWAY_PROFILE,patch_ready,50,1,501519
SWAY_PROFILE,serialize_in,48,0,501779
SWAY_PERF_OUTPUT,2736,4,501781
SWAY_PERF_OUTPUT,2737,4,501782
SWAY_PERF_OUTPUT,2738,3,501783
SWAY_PERF_OUTPUT,2739,3,501784
SWAY_PERF_OUTPUT,2740,10,501785
SWAY_PERF_OUTPUT,2741,16,501786
SWAY_PERF_OUTPUT,2742,21,501787
SWAY_PERF_OUTPUT,2743,-3,501788
SWAY_PERF_OUTPUT,2744,-10,501789
SWAY_PERF_OUTPUT,2745,-15,501790
SWAY_PERF_OUTPUT,2746,7,501791
SWAY_PERF_OUTPUT,2747,11,501792
SWAY_PERF_OUTPUT,2748,15,501793
SWAY_PERF_OUTPUT,2749,15,501794
SWAY_PERF_OUTPUT,2750,2,501795
SWAY_PERF_OUTPUT,2751,-2,501796
SWAY_PERF_OUTPUT,2752,-5,501797
SWAY_PERF_OUTPUT,2753,-5,501798
SWAY_PERF_OUTPUT,2754,3,501799
SWAY_PERF_OUTPUT,2755,63,501800
SWAY_PERF_OUTPUT,2756,62,501801
SWAY_PERF_OUTPUT,2757,61,501802
SWAY_PERF_OUTPUT,2758,61,501803
SWAY_PERF_OUTPUT,2759,62,501804
SWAY_PERF_OUTPUT,2760,62,501805
SWAY_PERF_OUTPUT,2761,60,501806
SWAY_PERF_OUTPUT,2762,61,501807
SWAY_PERF_OUTPUT,2763,61,501808
SWAY_PERF_OUTPUT,2764,60,501809
SWAY_PERF_OUTPUT,2765,61,501810
SWAY_PERF_OUTPUT,2766,60,501811
SWAY_PERF_OUTPUT,2767,61,501812
SWAY_PERF_OUTPUT,2768,59,501813
SWAY_PERF_OUTPUT,2769,61,501814
SWAY_PERF_OUTPUT,2770,61,501815
SWAY_PERF_OUTPUT,2771,63,501816
SWAY_PERF_OUTPUT,2772,60,501817
SWAY_PERF_OUTPUT,2773,61,501818
SWAY_PERF_OUTPUT,2774,-4,501819
SWAY_PERF_OUTPUT,2775,6,501820
SWAY_PERF_OUTPUT,2776,17,501821
SWAY_PERF_OUTPUT,2777,21,501822
SWAY_PERF_OUTPUT,2778,13,501823
SWAY_PERF_OUTPUT,2779,13,501824
SWAY_PERF_OUTPUT,2780,14,501825
SWAY_PERF_OUTPUT,2781,13,501826
SWAY_PERF_OUTPUT,2782,12,501827
SWAY_PERF_OUTPUT,2783,15,501828
SWAY_PERF_OUTPUT,2784,-3,501829
SWAY_PERF_OUTPUT,2785,-14,501830
SWAY_PERF_OUTPUT,2786,-26,501831
SWAY_PERF_OUTPUT,2787,-28,501832
SWAY_PERF_OUTPUT,2788,-3,501833
SWAY_PERF_OUTPUT,2789,-14,501834
SWAY_PERF_OUTPUT,2790,-26,501835
SWAY_PERF_OUTPUT,2791,-28,501836
SWAY_PERF_OUTPUT,2792,14,501837
SWAY_PERF_FRAME,48,501781,501837
SWAY_PROFILE,block0_in,49,15,502143
SWAY_PROFILE,block1_in,49,10,502143
SWAY_PROFILE,embedding_in,50,1,502145
SWAY_PROFILE,head_in,49,6,502145
SWAY_PROFILE,patch_ready,50,2,502146
SWAY_PROFILE,block0_in,50,0,502770
SWAY_PROFILE,block1_in,49,11,502770
SWAY_PROFILE,embedding_in,50,2,502772
SWAY_PROFILE,head_in,49,7,502772
SWAY_PROFILE,patch_ready,50,3,502773
SWAY_PROFILE,block0_in,50,1,503403
SWAY_PROFILE,block1_in,49,12,503403
SWAY_PROFILE,embedding_in,50,3,503405
SWAY_PROFILE,head_in,49,8,503405
SWAY_PROFILE,patch_ready,50,4,503406
SWAY_PROFILE,block0_in,50,2,504030
SWAY_PROFILE,block1_in,49,13,504030
SWAY_PROFILE,embedding_in,50,4,504032
SWAY_PROFILE,head_in,49,9,504032
SWAY_PROFILE,patch_ready,50,5,504033
SWAY_PROFILE,block0_in,50,3,504657
SWAY_PROFILE,block1_in,49,14,504657
SWAY_PROFILE,embedding_in,50,5,504659
SWAY_PROFILE,head_in,49,10,504659
SWAY_PROFILE,patch_ready,50,6,504660
SWAY_PROFILE,block0_in,50,4,505284
SWAY_PROFILE,block1_in,49,15,505284
SWAY_PROFILE,embedding_in,50,6,505286
SWAY_PROFILE,head_in,49,11,505286
SWAY_PROFILE,patch_ready,50,7,505287
SWAY_PROFILE,block0_in,50,5,505917
SWAY_PROFILE,block1_in,50,0,505917
SWAY_PROFILE,embedding_in,50,7,505919
SWAY_PROFILE,head_in,49,12,505919
SWAY_PROFILE,patch_ready,50,8,505920
SWAY_PROFILE,block0_in,50,6,506544
SWAY_PROFILE,block1_in,50,1,506544
SWAY_PROFILE,embedding_in,50,8,506546
SWAY_PROFILE,head_in,49,13,506546
SWAY_PROFILE,patch_ready,50,9,506547
SWAY_PROFILE,block0_in,50,7,507171
SWAY_PROFILE,block1_in,50,2,507171
SWAY_PROFILE,embedding_in,50,9,507173
SWAY_PROFILE,head_in,49,14,507173
SWAY_PROFILE,patch_ready,50,10,507174
SWAY_PROFILE,block0_in,50,8,507798
SWAY_PROFILE,block1_in,50,3,507798
SWAY_PROFILE,embedding_in,50,10,507800
SWAY_PROFILE,head_in,49,15,507800
SWAY_PROFILE,patch_ready,50,11,507801
SWAY_PROFILE,block0_in,50,9,508431
SWAY_PROFILE,block1_in,50,4,508431
SWAY_PROFILE,embedding_in,50,11,508433
SWAY_PROFILE,head_in,50,0,508433
SWAY_PROFILE,patch_ready,50,12,508434
SWAY_PROFILE,block0_in,50,10,509058
SWAY_PROFILE,block1_in,50,5,509058
SWAY_PROFILE,embedding_in,50,12,509060
SWAY_PROFILE,head_in,50,1,509060
SWAY_PROFILE,patch_ready,50,13,509061
SWAY_PROFILE,block0_in,50,11,509685
SWAY_PROFILE,block1_in,50,6,509685
SWAY_PROFILE,embedding_in,50,13,509687
SWAY_PROFILE,head_in,50,2,509687
SWAY_PROFILE,patch_ready,50,14,509688
SWAY_PROFILE,block0_in,50,12,510312
SWAY_PROFILE,block1_in,50,7,510312
SWAY_PROFILE,embedding_in,50,14,510314
SWAY_PROFILE,head_in,50,3,510314
SWAY_PROFILE,patch_ready,50,15,510315
SWAY_PERF_INPUT_FRAME,52,500550,510605
SWAY_PROFILE,block0_in,50,13,510945
SWAY_PROFILE,block1_in,50,8,510945
SWAY_PROFILE,embedding_in,50,15,510947
SWAY_PROFILE,head_in,50,4,510947
SWAY_PROFILE,patch_ready,51,0,510948
SWAY_PROFILE,head_output_in,49,0,511093
SWAY_PROFILE,block0_in,50,14,511572
SWAY_PROFILE,block1_in,50,9,511572
SWAY_PROFILE,embedding_in,51,0,511574
SWAY_PROFILE,head_in,50,5,511574
SWAY_PROFILE,patch_ready,51,1,511575
SWAY_PROFILE,serialize_in,49,0,511835
SWAY_PERF_OUTPUT,2793,8,511837
SWAY_PERF_OUTPUT,2794,9,511838
SWAY_PERF_OUTPUT,2795,8,511839
SWAY_PERF_OUTPUT,2796,8,511840
SWAY_PERF_OUTPUT,2797,14,511841
SWAY_PERF_OUTPUT,2798,19,511842
SWAY_PERF_OUTPUT,2799,21,511843
SWAY_PERF_OUTPUT,2800,3,511844
SWAY_PERF_OUTPUT,2801,0,511845
SWAY_PERF_OUTPUT,2802,-3,511846
SWAY_PERF_OUTPUT,2803,10,511847
SWAY_PERF_OUTPUT,2804,12,511848
SWAY_PERF_OUTPUT,2805,12,511849
SWAY_PERF_OUTPUT,2806,12,511850
SWAY_PERF_OUTPUT,2807,6,511851
SWAY_PERF_OUTPUT,2808,3,511852
SWAY_PERF_OUTPUT,2809,0,511853
SWAY_PERF_OUTPUT,2810,-1,511854
SWAY_PERF_OUTPUT,2811,9,511855
SWAY_PERF_OUTPUT,2812,61,511856
SWAY_PERF_OUTPUT,2813,62,511857
SWAY_PERF_OUTPUT,2814,61,511858
SWAY_PERF_OUTPUT,2815,61,511859
SWAY_PERF_OUTPUT,2816,61,511860
SWAY_PERF_OUTPUT,2817,61,511861
SWAY_PERF_OUTPUT,2818,59,511862
SWAY_PERF_OUTPUT,2819,60,511863
SWAY_PERF_OUTPUT,2820,61,511864
SWAY_PERF_OUTPUT,2821,60,511865
SWAY_PERF_OUTPUT,2822,60,511866
SWAY_PERF_OUTPUT,2823,60,511867
SWAY_PERF_OUTPUT,2824,62,511868
SWAY_PERF_OUTPUT,2825,60,511869
SWAY_PERF_OUTPUT,2826,61,511870
SWAY_PERF_OUTPUT,2827,61,511871
SWAY_PERF_OUTPUT,2828,62,511872
SWAY_PERF_OUTPUT,2829,58,511873
SWAY_PERF_OUTPUT,2830,61,511874
SWAY_PERF_OUTPUT,2831,-6,511875
SWAY_PERF_OUTPUT,2832,3,511876
SWAY_PERF_OUTPUT,2833,14,511877
SWAY_PERF_OUTPUT,2834,17,511878
SWAY_PERF_OUTPUT,2835,10,511879
SWAY_PERF_OUTPUT,2836,7,511880
SWAY_PERF_OUTPUT,2837,6,511881
SWAY_PERF_OUTPUT,2838,9,511882
SWAY_PERF_OUTPUT,2839,4,511883
SWAY_PERF_OUTPUT,2840,1,511884
SWAY_PERF_OUTPUT,2841,-6,511885
SWAY_PERF_OUTPUT,2842,-16,511886
SWAY_PERF_OUTPUT,2843,-27,511887
SWAY_PERF_OUTPUT,2844,-29,511888
SWAY_PERF_OUTPUT,2845,-6,511889
SWAY_PERF_OUTPUT,2846,-15,511890
SWAY_PERF_OUTPUT,2847,-26,511891
SWAY_PERF_OUTPUT,2848,-28,511892
SWAY_PERF_OUTPUT,2849,11,511893
SWAY_PERF_FRAME,49,511837,511893
SWAY_PROFILE,block0_in,50,15,512199
SWAY_PROFILE,block1_in,50,10,512199
SWAY_PROFILE,embedding_in,51,1,512201
SWAY_PROFILE,head_in,50,6,512201
SWAY_PROFILE,patch_ready,51,2,512202
SWAY_PROFILE,block0_in,51,0,512826
SWAY_PROFILE,block1_in,50,11,512826
SWAY_PROFILE,embedding_in,51,2,512828
SWAY_PROFILE,head_in,50,7,512828
SWAY_PROFILE,patch_ready,51,3,512829
SWAY_PROFILE,block0_in,51,1,513459
SWAY_PROFILE,block1_in,50,12,513459
SWAY_PROFILE,embedding_in,51,3,513461
SWAY_PROFILE,head_in,50,8,513461
SWAY_PROFILE,patch_ready,51,4,513462
SWAY_PROFILE,block0_in,51,2,514086
SWAY_PROFILE,block1_in,50,13,514086
SWAY_PROFILE,embedding_in,51,4,514088
SWAY_PROFILE,head_in,50,9,514088
SWAY_PROFILE,patch_ready,51,5,514089
SWAY_PROFILE,block0_in,51,3,514713
SWAY_PROFILE,block1_in,50,14,514713
SWAY_PROFILE,embedding_in,51,5,514715
SWAY_PROFILE,head_in,50,10,514715
SWAY_PROFILE,patch_ready,51,6,514716
SWAY_PROFILE,block0_in,51,4,515340
SWAY_PROFILE,block1_in,50,15,515340
SWAY_PROFILE,embedding_in,51,6,515342
SWAY_PROFILE,head_in,50,11,515342
SWAY_PROFILE,patch_ready,51,7,515343
SWAY_PROFILE,block0_in,51,5,515973
SWAY_PROFILE,block1_in,51,0,515973
SWAY_PROFILE,embedding_in,51,7,515975
SWAY_PROFILE,head_in,50,12,515975
SWAY_PROFILE,patch_ready,51,8,515976
SWAY_PROFILE,block0_in,51,6,516600
SWAY_PROFILE,block1_in,51,1,516600
SWAY_PROFILE,embedding_in,51,8,516602
SWAY_PROFILE,head_in,50,13,516602
SWAY_PROFILE,patch_ready,51,9,516603
SWAY_PROFILE,block0_in,51,7,517227
SWAY_PROFILE,block1_in,51,2,517227
SWAY_PROFILE,embedding_in,51,9,517229
SWAY_PROFILE,head_in,50,14,517229
SWAY_PROFILE,patch_ready,51,10,517230
SWAY_PROFILE,block0_in,51,8,517854
SWAY_PROFILE,block1_in,51,3,517854
SWAY_PROFILE,embedding_in,51,10,517856
SWAY_PROFILE,head_in,50,15,517856
SWAY_PROFILE,patch_ready,51,11,517857
SWAY_PROFILE,block0_in,51,9,518487
SWAY_PROFILE,block1_in,51,4,518487
SWAY_PROFILE,embedding_in,51,11,518489
SWAY_PROFILE,head_in,51,0,518489
SWAY_PROFILE,patch_ready,51,12,518490
SWAY_PROFILE,block0_in,51,10,519114
SWAY_PROFILE,block1_in,51,5,519114
SWAY_PROFILE,embedding_in,51,12,519116
SWAY_PROFILE,head_in,51,1,519116
SWAY_PROFILE,patch_ready,51,13,519117
SWAY_PROFILE,block0_in,51,11,519741
SWAY_PROFILE,block1_in,51,6,519741
SWAY_PROFILE,embedding_in,51,13,519743
SWAY_PROFILE,head_in,51,2,519743
SWAY_PROFILE,patch_ready,51,14,519744
SWAY_PROFILE,block0_in,51,12,520368
SWAY_PROFILE,block1_in,51,7,520368
SWAY_PROFILE,embedding_in,51,14,520370
SWAY_PROFILE,head_in,51,3,520370
SWAY_PROFILE,patch_ready,51,15,520371
SWAY_PERF_INPUT_FRAME,53,510606,520661
SWAY_PROFILE,block0_in,51,13,521001
SWAY_PROFILE,block1_in,51,8,521001
SWAY_PROFILE,embedding_in,51,15,521003
SWAY_PROFILE,head_in,51,4,521003
SWAY_PROFILE,patch_ready,52,0,521004
SWAY_PROFILE,head_output_in,50,0,521149
SWAY_PROFILE,block0_in,51,14,521628
SWAY_PROFILE,block1_in,51,9,521628
SWAY_PROFILE,embedding_in,52,0,521630
SWAY_PROFILE,head_in,51,5,521630
SWAY_PROFILE,patch_ready,52,1,521631
SWAY_PROFILE,serialize_in,50,0,521891
SWAY_PERF_OUTPUT,2850,9,521893
SWAY_PERF_OUTPUT,2851,9,521894
SWAY_PERF_OUTPUT,2852,8,521895
SWAY_PERF_OUTPUT,2853,9,521896
SWAY_PERF_OUTPUT,2854,15,521897
SWAY_PERF_OUTPUT,2855,18,521898
SWAY_PERF_OUTPUT,2856,19,521899
SWAY_PERF_OUTPUT,2857,4,521900
SWAY_PERF_OUTPUT,2858,-2,521901
SWAY_PERF_OUTPUT,2859,-5,521902
SWAY_PERF_OUTPUT,2860,10,521903
SWAY_PERF_OUTPUT,2861,11,521904
SWAY_PERF_OUTPUT,2862,11,521905
SWAY_PERF_OUTPUT,2863,11,521906
SWAY_PERF_OUTPUT,2864,6,521907
SWAY_PERF_OUTPUT,2865,4,521908
SWAY_PERF_OUTPUT,2866,2,521909
SWAY_PERF_OUTPUT,2867,2,521910
SWAY_PERF_OUTPUT,2868,9,521911
SWAY_PERF_OUTPUT,2869,64,521912
SWAY_PERF_OUTPUT,2870,65,521913
SWAY_PERF_OUTPUT,2871,65,521914
SWAY_PERF_OUTPUT,2872,65,521915
SWAY_PERF_OUTPUT,2873,65,521916
SWAY_PERF_OUTPUT,2874,66,521917
SWAY_PERF_OUTPUT,2875,64,521918
SWAY_PERF_OUTPUT,2876,64,521919
SWAY_PERF_OUTPUT,2877,65,521920
SWAY_PERF_OUTPUT,2878,63,521921
SWAY_PERF_OUTPUT,2879,63,521922
SWAY_PERF_OUTPUT,2880,65,521923
SWAY_PERF_OUTPUT,2881,63,521924
SWAY_PERF_OUTPUT,2882,61,521925
SWAY_PERF_OUTPUT,2883,63,521926
SWAY_PERF_OUTPUT,2884,67,521927
SWAY_PERF_OUTPUT,2885,66,521928
SWAY_PERF_OUTPUT,2886,63,521929
SWAY_PERF_OUTPUT,2887,65,521930
SWAY_PERF_OUTPUT,2888,-2,521931
SWAY_PERF_OUTPUT,2889,9,521932
SWAY_PERF_OUTPUT,2890,20,521933
SWAY_PERF_OUTPUT,2891,25,521934
SWAY_PERF_OUTPUT,2892,16,521935
SWAY_PERF_OUTPUT,2893,9,521936
SWAY_PERF_OUTPUT,2894,5,521937
SWAY_PERF_OUTPUT,2895,15,521938
SWAY_PERF_OUTPUT,2896,12,521939
SWAY_PERF_OUTPUT,2897,8,521940
SWAY_PERF_OUTPUT,2898,-1,521941
SWAY_PERF_OUTPUT,2899,-15,521942
SWAY_PERF_OUTPUT,2900,-28,521943
SWAY_PERF_OUTPUT,2901,-30,521944
SWAY_PERF_OUTPUT,2902,-1,521945
SWAY_PERF_OUTPUT,2903,-15,521946
SWAY_PERF_OUTPUT,2904,-25,521947
SWAY_PERF_OUTPUT,2905,-29,521948
SWAY_PERF_OUTPUT,2906,17,521949
SWAY_PERF_FRAME,50,521893,521949
SWAY_PROFILE,block0_in,51,15,522255
SWAY_PROFILE,block1_in,51,10,522255
SWAY_PROFILE,embedding_in,52,1,522257
SWAY_PROFILE,head_in,51,6,522257
SWAY_PROFILE,patch_ready,52,2,522258
SWAY_PROFILE,block0_in,52,0,522882
SWAY_PROFILE,block1_in,51,11,522882
SWAY_PROFILE,embedding_in,52,2,522884
SWAY_PROFILE,head_in,51,7,522884
SWAY_PROFILE,patch_ready,52,3,522885
SWAY_PROFILE,block0_in,52,1,523515
SWAY_PROFILE,block1_in,51,12,523515
SWAY_PROFILE,embedding_in,52,3,523517
SWAY_PROFILE,head_in,51,8,523517
SWAY_PROFILE,patch_ready,52,4,523518
SWAY_PROFILE,block0_in,52,2,524142
SWAY_PROFILE,block1_in,51,13,524142
SWAY_PROFILE,embedding_in,52,4,524144
SWAY_PROFILE,head_in,51,9,524144
SWAY_PROFILE,patch_ready,52,5,524145
SWAY_PROFILE,block0_in,52,3,524769
SWAY_PROFILE,block1_in,51,14,524769
SWAY_PROFILE,embedding_in,52,5,524771
SWAY_PROFILE,head_in,51,10,524771
SWAY_PROFILE,patch_ready,52,6,524772
SWAY_PROFILE,block0_in,52,4,525396
SWAY_PROFILE,block1_in,51,15,525396
SWAY_PROFILE,embedding_in,52,6,525398
SWAY_PROFILE,head_in,51,11,525398
SWAY_PROFILE,patch_ready,52,7,525399
SWAY_PROFILE,block0_in,52,5,526029
SWAY_PROFILE,block1_in,52,0,526029
SWAY_PROFILE,embedding_in,52,7,526031
SWAY_PROFILE,head_in,51,12,526031
SWAY_PROFILE,patch_ready,52,8,526032
SWAY_PROFILE,block0_in,52,6,526656
SWAY_PROFILE,block1_in,52,1,526656
SWAY_PROFILE,embedding_in,52,8,526658
SWAY_PROFILE,head_in,51,13,526658
SWAY_PROFILE,patch_ready,52,9,526659
SWAY_PROFILE,block0_in,52,7,527283
SWAY_PROFILE,block1_in,52,2,527283
SWAY_PROFILE,embedding_in,52,9,527285
SWAY_PROFILE,head_in,51,14,527285
SWAY_PROFILE,patch_ready,52,10,527286
SWAY_PROFILE,block0_in,52,8,527910
SWAY_PROFILE,block1_in,52,3,527910
SWAY_PROFILE,embedding_in,52,10,527912
SWAY_PROFILE,head_in,51,15,527912
SWAY_PROFILE,patch_ready,52,11,527913
SWAY_PROFILE,block0_in,52,9,528543
SWAY_PROFILE,block1_in,52,4,528543
SWAY_PROFILE,embedding_in,52,11,528545
SWAY_PROFILE,head_in,52,0,528545
SWAY_PROFILE,patch_ready,52,12,528546
SWAY_PROFILE,block0_in,52,10,529170
SWAY_PROFILE,block1_in,52,5,529170
SWAY_PROFILE,embedding_in,52,12,529172
SWAY_PROFILE,head_in,52,1,529172
SWAY_PROFILE,patch_ready,52,13,529173
SWAY_PROFILE,block0_in,52,11,529797
SWAY_PROFILE,block1_in,52,6,529797
SWAY_PROFILE,embedding_in,52,13,529799
SWAY_PROFILE,head_in,52,2,529799
SWAY_PROFILE,patch_ready,52,14,529800
SWAY_PROFILE,block0_in,52,12,530424
SWAY_PROFILE,block1_in,52,7,530424
SWAY_PROFILE,embedding_in,52,14,530426
SWAY_PROFILE,head_in,52,3,530426
SWAY_PROFILE,patch_ready,52,15,530427
SWAY_PERF_INPUT_FRAME,54,520662,530717
SWAY_PROFILE,block0_in,52,13,531057
SWAY_PROFILE,block1_in,52,8,531057
SWAY_PROFILE,embedding_in,52,15,531059
SWAY_PROFILE,head_in,52,4,531059
SWAY_PROFILE,patch_ready,53,0,531060
SWAY_PROFILE,head_output_in,51,0,531205
SWAY_PROFILE,block0_in,52,14,531684
SWAY_PROFILE,block1_in,52,9,531684
SWAY_PROFILE,embedding_in,53,0,531686
SWAY_PROFILE,head_in,52,5,531686
SWAY_PROFILE,patch_ready,53,1,531687
SWAY_PROFILE,serialize_in,51,0,531947
SWAY_PERF_OUTPUT,2907,45,531949
SWAY_PERF_OUTPUT,2908,127,531950
SWAY_PERF_OUTPUT,2909,-30,531951
SWAY_PERF_OUTPUT,2910,40,531952
SWAY_PERF_OUTPUT,2911,34,531953
SWAY_PERF_OUTPUT,2912,87,531954
SWAY_PERF_OUTPUT,2913,0,531955
SWAY_PERF_OUTPUT,2914,38,531956
SWAY_PERF_OUTPUT,2915,77,531957
SWAY_PERF_OUTPUT,2916,-2,531958
SWAY_PERF_OUTPUT,2917,28,531959
SWAY_PERF_OUTPUT,2918,70,531960
SWAY_PERF_OUTPUT,2919,-24,531961
SWAY_PERF_OUTPUT,2920,31,531962
SWAY_PERF_OUTPUT,2921,50,531963
SWAY_PERF_OUTPUT,2922,123,531964
SWAY_PERF_OUTPUT,2923,38,531965
SWAY_PERF_OUTPUT,2924,95,531966
SWAY_PERF_OUTPUT,2925,56,531967
SWAY_PERF_OUTPUT,2926,-18,531968
SWAY_PERF_OUTPUT,2927,-5,531969
SWAY_PERF_OUTPUT,2928,-13,531970
SWAY_PERF_OUTPUT,2929,72,531971
SWAY_PERF_OUTPUT,2930,46,531972
SWAY_PERF_OUTPUT,2931,35,531973
SWAY_PERF_OUTPUT,2932,17,531974
SWAY_PERF_OUTPUT,2933,-75,531975
SWAY_PERF_OUTPUT,2934,-6,531976
SWAY_PERF_OUTPUT,2935,-39,531977
SWAY_PERF_OUTPUT,2936,-28,531978
SWAY_PERF_OUTPUT,2937,-27,531979
SWAY_PERF_OUTPUT,2938,-60,531980
SWAY_PERF_OUTPUT,2939,-2,531981
SWAY_PERF_OUTPUT,2940,27,531982
SWAY_PERF_OUTPUT,2941,71,531983
SWAY_PERF_OUTPUT,2942,117,531984
SWAY_PERF_OUTPUT,2943,-2,531985
SWAY_PERF_OUTPUT,2944,-19,531986
SWAY_PERF_OUTPUT,2945,25,531987
SWAY_PERF_OUTPUT,2946,34,531988
SWAY_PERF_OUTPUT,2947,-36,531989
SWAY_PERF_OUTPUT,2948,21,531990
SWAY_PERF_OUTPUT,2949,-36,531991
SWAY_PERF_OUTPUT,2950,96,531992
SWAY_PERF_OUTPUT,2951,-49,531993
SWAY_PERF_OUTPUT,2952,50,531994
SWAY_PERF_OUTPUT,2953,-42,531995
SWAY_PERF_OUTPUT,2954,-96,531996
SWAY_PERF_OUTPUT,2955,0,531997
SWAY_PERF_OUTPUT,2956,27,531998
SWAY_PERF_OUTPUT,2957,-37,531999
SWAY_PERF_OUTPUT,2958,77,532000
SWAY_PERF_OUTPUT,2959,44,532001
SWAY_PERF_OUTPUT,2960,0,532002
SWAY_PERF_OUTPUT,2961,-56,532003
SWAY_PERF_OUTPUT,2962,-77,532004
SWAY_PERF_OUTPUT,2963,42,532005
SWAY_PERF_FRAME,51,531949,532005
SWAY_PROFILE,block0_in,52,15,532311
SWAY_PROFILE,block1_in,52,10,532311
SWAY_PROFILE,embedding_in,53,1,532313
SWAY_PROFILE,head_in,52,6,532313
SWAY_PROFILE,patch_ready,53,2,532314
SWAY_PROFILE,block0_in,53,0,532938
SWAY_PROFILE,block1_in,52,11,532938
SWAY_PROFILE,embedding_in,53,2,532940
SWAY_PROFILE,head_in,52,7,532940
SWAY_PROFILE,patch_ready,53,3,532941
SWAY_PROFILE,block0_in,53,1,533571
SWAY_PROFILE,block1_in,52,12,533571
SWAY_PROFILE,embedding_in,53,3,533573
SWAY_PROFILE,head_in,52,8,533573
SWAY_PROFILE,patch_ready,53,4,533574
SWAY_PROFILE,block0_in,53,2,534198
SWAY_PROFILE,block1_in,52,13,534198
SWAY_PROFILE,embedding_in,53,4,534200
SWAY_PROFILE,head_in,52,9,534200
SWAY_PROFILE,patch_ready,53,5,534201
SWAY_PROFILE,block0_in,53,3,534825
SWAY_PROFILE,block1_in,52,14,534825
SWAY_PROFILE,embedding_in,53,5,534827
SWAY_PROFILE,head_in,52,10,534827
SWAY_PROFILE,patch_ready,53,6,534828
SWAY_PROFILE,block0_in,53,4,535452
SWAY_PROFILE,block1_in,52,15,535452
SWAY_PROFILE,embedding_in,53,6,535454
SWAY_PROFILE,head_in,52,11,535454
SWAY_PROFILE,patch_ready,53,7,535455
SWAY_PROFILE,block0_in,53,5,536085
SWAY_PROFILE,block1_in,53,0,536085
SWAY_PROFILE,embedding_in,53,7,536087
SWAY_PROFILE,head_in,52,12,536087
SWAY_PROFILE,patch_ready,53,8,536088
SWAY_PROFILE,block0_in,53,6,536712
SWAY_PROFILE,block1_in,53,1,536712
SWAY_PROFILE,embedding_in,53,8,536714
SWAY_PROFILE,head_in,52,13,536714
SWAY_PROFILE,patch_ready,53,9,536715
SWAY_PROFILE,block0_in,53,7,537339
SWAY_PROFILE,block1_in,53,2,537339
SWAY_PROFILE,embedding_in,53,9,537341
SWAY_PROFILE,head_in,52,14,537341
SWAY_PROFILE,patch_ready,53,10,537342
SWAY_PROFILE,block0_in,53,8,537966
SWAY_PROFILE,block1_in,53,3,537966
SWAY_PROFILE,embedding_in,53,10,537968
SWAY_PROFILE,head_in,52,15,537968
SWAY_PROFILE,patch_ready,53,11,537969
SWAY_PROFILE,block0_in,53,9,538599
SWAY_PROFILE,block1_in,53,4,538599
SWAY_PROFILE,embedding_in,53,11,538601
SWAY_PROFILE,head_in,53,0,538601
SWAY_PROFILE,patch_ready,53,12,538602
SWAY_PROFILE,block0_in,53,10,539226
SWAY_PROFILE,block1_in,53,5,539226
SWAY_PROFILE,embedding_in,53,12,539228
SWAY_PROFILE,head_in,53,1,539228
SWAY_PROFILE,patch_ready,53,13,539229
SWAY_PROFILE,block0_in,53,11,539853
SWAY_PROFILE,block1_in,53,6,539853
SWAY_PROFILE,embedding_in,53,13,539855
SWAY_PROFILE,head_in,53,2,539855
SWAY_PROFILE,patch_ready,53,14,539856
SWAY_PROFILE,block0_in,53,12,540480
SWAY_PROFILE,block1_in,53,7,540480
SWAY_PROFILE,embedding_in,53,14,540482
SWAY_PROFILE,head_in,53,3,540482
SWAY_PROFILE,patch_ready,53,15,540483
SWAY_PERF_INPUT_FRAME,55,530718,540773
SWAY_PROFILE,block0_in,53,13,541113
SWAY_PROFILE,block1_in,53,8,541113
SWAY_PROFILE,embedding_in,53,15,541115
SWAY_PROFILE,head_in,53,4,541115
SWAY_PROFILE,patch_ready,54,0,541116
SWAY_PROFILE,head_output_in,52,0,541261
SWAY_PROFILE,block0_in,53,14,541740
SWAY_PROFILE,block1_in,53,9,541740
SWAY_PROFILE,embedding_in,54,0,541742
SWAY_PROFILE,head_in,53,5,541742
SWAY_PROFILE,patch_ready,54,1,541743
SWAY_PROFILE,serialize_in,52,0,542003
SWAY_PERF_OUTPUT,2964,21,542005
SWAY_PERF_OUTPUT,2965,1,542006
SWAY_PERF_OUTPUT,2966,5,542007
SWAY_PERF_OUTPUT,2967,-3,542008
SWAY_PERF_OUTPUT,2968,23,542009
SWAY_PERF_OUTPUT,2969,34,542010
SWAY_PERF_OUTPUT,2970,42,542011
SWAY_PERF_OUTPUT,2971,-2,542012
SWAY_PERF_OUTPUT,2972,-9,542013
SWAY_PERF_OUTPUT,2973,0,542014
SWAY_PERF_OUTPUT,2974,8,542015
SWAY_PERF_OUTPUT,2975,16,542016
SWAY_PERF_OUTPUT,2976,59,542017
SWAY_PERF_OUTPUT,2977,41,542018
SWAY_PERF_OUTPUT,2978,9,542019
SWAY_PERF_OUTPUT,2979,9,542020
SWAY_PERF_OUTPUT,2980,12,542021
SWAY_PERF_OUTPUT,2981,20,542022
SWAY_PERF_OUTPUT,2982,14,542023
SWAY_PERF_OUTPUT,2983,101,542024
SWAY_PERF_OUTPUT,2984,109,542025
SWAY_PERF_OUTPUT,2985,111,542026
SWAY_PERF_OUTPUT,2986,108,542027
SWAY_PERF_OUTPUT,2987,118,542028
SWAY_PERF_OUTPUT,2988,113,542029
SWAY_PERF_OUTPUT,2989,96,542030
SWAY_PERF_OUTPUT,2990,121,542031
SWAY_PERF_OUTPUT,2991,111,542032
SWAY_PERF_OUTPUT,2992,120,542033
SWAY_PERF_OUTPUT,2993,99,542034
SWAY_PERF_OUTPUT,2994,127,542035
SWAY_PERF_OUTPUT,2995,126,542036
SWAY_PERF_OUTPUT,2996,112,542037
SWAY_PERF_OUTPUT,2997,115,542038
SWAY_PERF_OUTPUT,2998,127,542039
SWAY_PERF_OUTPUT,2999,98,542040
SWAY_PERF_OUTPUT,3000,103,542041
SWAY_PERF_OUTPUT,3001,127,542042
SWAY_PERF_OUTPUT,3002,35,542043
SWAY_PERF_OUTPUT,3003,57,542044
SWAY_PERF_OUTPUT,3004,75,542045
SWAY_PERF_OUTPUT,3005,88,542046
SWAY_PERF_OUTPUT,3006,62,542047
SWAY_PERF_OUTPUT,3007,70,542048
SWAY_PERF_OUTPUT,3008,104,542049
SWAY_PERF_OUTPUT,3009,60,542050
SWAY_PERF_OUTPUT,3010,31,542051
SWAY_PERF_OUTPUT,3011,8,542052
SWAY_PERF_OUTPUT,3012,19,542053
SWAY_PERF_OUTPUT,3013,-29,542054
SWAY_PERF_OUTPUT,3014,-52,542055
SWAY_PERF_OUTPUT,3015,-46,542056
SWAY_PERF_OUTPUT,3016,31,542057
SWAY_PERF_OUTPUT,3017,-32,542058
SWAY_PERF_OUTPUT,3018,-54,542059
SWAY_PERF_OUTPUT,3019,-38,542060
SWAY_PERF_OUTPUT,3020,68,542061
SWAY_PERF_FRAME,52,542005,542061
SWAY_PROFILE,block0_in,53,15,542367
SWAY_PROFILE,block1_in,53,10,542367
SWAY_PROFILE,embedding_in,54,1,542369
SWAY_PROFILE,head_in,53,6,542369
SWAY_PROFILE,patch_ready,54,2,542370
SWAY_PROFILE,block0_in,54,0,542994
SWAY_PROFILE,block1_in,53,11,542994
SWAY_PROFILE,embedding_in,54,2,542996
SWAY_PROFILE,head_in,53,7,542996
SWAY_PROFILE,patch_ready,54,3,542997
SWAY_PROFILE,block0_in,54,1,543627
SWAY_PROFILE,block1_in,53,12,543627
SWAY_PROFILE,embedding_in,54,3,543629
SWAY_PROFILE,head_in,53,8,543629
SWAY_PROFILE,patch_ready,54,4,543630
SWAY_PROFILE,block0_in,54,2,544254
SWAY_PROFILE,block1_in,53,13,544254
SWAY_PROFILE,embedding_in,54,4,544256
SWAY_PROFILE,head_in,53,9,544256
SWAY_PROFILE,patch_ready,54,5,544257
SWAY_PROFILE,block0_in,54,3,544881
SWAY_PROFILE,block1_in,53,14,544881
SWAY_PROFILE,embedding_in,54,5,544883
SWAY_PROFILE,head_in,53,10,544883
SWAY_PROFILE,patch_ready,54,6,544884
SWAY_PROFILE,block0_in,54,4,545508
SWAY_PROFILE,block1_in,53,15,545508
SWAY_PROFILE,embedding_in,54,6,545510
SWAY_PROFILE,head_in,53,11,545510
SWAY_PROFILE,patch_ready,54,7,545511
SWAY_PROFILE,block0_in,54,5,546141
SWAY_PROFILE,block1_in,54,0,546141
SWAY_PROFILE,embedding_in,54,7,546143
SWAY_PROFILE,head_in,53,12,546143
SWAY_PROFILE,patch_ready,54,8,546144
SWAY_PROFILE,block0_in,54,6,546768
SWAY_PROFILE,block1_in,54,1,546768
SWAY_PROFILE,embedding_in,54,8,546770
SWAY_PROFILE,head_in,53,13,546770
SWAY_PROFILE,patch_ready,54,9,546771
SWAY_PROFILE,block0_in,54,7,547395
SWAY_PROFILE,block1_in,54,2,547395
SWAY_PROFILE,embedding_in,54,9,547397
SWAY_PROFILE,head_in,53,14,547397
SWAY_PROFILE,patch_ready,54,10,547398
SWAY_PROFILE,block0_in,54,8,548022
SWAY_PROFILE,block1_in,54,3,548022
SWAY_PROFILE,embedding_in,54,10,548024
SWAY_PROFILE,head_in,53,15,548024
SWAY_PROFILE,patch_ready,54,11,548025
SWAY_PROFILE,block0_in,54,9,548655
SWAY_PROFILE,block1_in,54,4,548655
SWAY_PROFILE,embedding_in,54,11,548657
SWAY_PROFILE,head_in,54,0,548657
SWAY_PROFILE,patch_ready,54,12,548658
SWAY_PROFILE,block0_in,54,10,549282
SWAY_PROFILE,block1_in,54,5,549282
SWAY_PROFILE,embedding_in,54,12,549284
SWAY_PROFILE,head_in,54,1,549284
SWAY_PROFILE,patch_ready,54,13,549285
SWAY_PROFILE,block0_in,54,11,549909
SWAY_PROFILE,block1_in,54,6,549909
SWAY_PROFILE,embedding_in,54,13,549911
SWAY_PROFILE,head_in,54,2,549911
SWAY_PROFILE,patch_ready,54,14,549912
SWAY_PROFILE,block0_in,54,12,550536
SWAY_PROFILE,block1_in,54,7,550536
SWAY_PROFILE,embedding_in,54,14,550538
SWAY_PROFILE,head_in,54,3,550538
SWAY_PROFILE,patch_ready,54,15,550539
SWAY_PERF_INPUT_FRAME,56,540774,550829
SWAY_PROFILE,block0_in,54,13,551169
SWAY_PROFILE,block1_in,54,8,551169
SWAY_PROFILE,embedding_in,54,15,551171
SWAY_PROFILE,head_in,54,4,551171
SWAY_PROFILE,patch_ready,55,0,551172
SWAY_PROFILE,head_output_in,53,0,551317
SWAY_PROFILE,block0_in,54,14,551796
SWAY_PROFILE,block1_in,54,9,551796
SWAY_PROFILE,embedding_in,55,0,551798
SWAY_PROFILE,head_in,54,5,551798
SWAY_PROFILE,patch_ready,55,1,551799
SWAY_PROFILE,serialize_in,53,0,552059
SWAY_PERF_OUTPUT,3021,61,552061
SWAY_PERF_OUTPUT,3022,72,552062
SWAY_PERF_OUTPUT,3023,58,552063
SWAY_PERF_OUTPUT,3024,63,552064
SWAY_PERF_OUTPUT,3025,71,552065
SWAY_PERF_OUTPUT,3026,59,552066
SWAY_PERF_OUTPUT,3027,17,552067
SWAY_PERF_OUTPUT,3028,69,552068
SWAY_PERF_OUTPUT,3029,80,552069
SWAY_PERF_OUTPUT,3030,102,552070
SWAY_PERF_OUTPUT,3031,53,552071
SWAY_PERF_OUTPUT,3032,68,552072
SWAY_PERF_OUTPUT,3033,58,552073
SWAY_PERF_OUTPUT,3034,56,552074
SWAY_PERF_OUTPUT,3035,48,552075
SWAY_PERF_OUTPUT,3036,37,552076
SWAY_PERF_OUTPUT,3037,13,552077
SWAY_PERF_OUTPUT,3038,20,552078
SWAY_PERF_OUTPUT,3039,73,552079
SWAY_PERF_OUTPUT,3040,118,552080
SWAY_PERF_OUTPUT,3041,127,552081
SWAY_PERF_OUTPUT,3042,127,552082
SWAY_PERF_OUTPUT,3043,127,552083
SWAY_PERF_OUTPUT,3044,127,552084
SWAY_PERF_OUTPUT,3045,116,552085
SWAY_PERF_OUTPUT,3046,88,552086
SWAY_PERF_OUTPUT,3047,127,552087
SWAY_PERF_OUTPUT,3048,120,552088
SWAY_PERF_OUTPUT,3049,119,552089
SWAY_PERF_OUTPUT,3050,127,552090
SWAY_PERF_OUTPUT,3051,110,552091
SWAY_PERF_OUTPUT,3052,121,552092
SWAY_PERF_OUTPUT,3053,118,552093
SWAY_PERF_OUTPUT,3054,127,552094
SWAY_PERF_OUTPUT,3055,127,552095
SWAY_PERF_OUTPUT,3056,127,552096
SWAY_PERF_OUTPUT,3057,127,552097
SWAY_PERF_OUTPUT,3058,127,552098
SWAY_PERF_OUTPUT,3059,-21,552099
SWAY_PERF_OUTPUT,3060,-2,552100
SWAY_PERF_OUTPUT,3061,32,552101
SWAY_PERF_OUTPUT,3062,32,552102
SWAY_PERF_OUTPUT,3063,17,552103
SWAY_PERF_OUTPUT,3064,-14,552104
SWAY_PERF_OUTPUT,3065,-22,552105
SWAY_PERF_OUTPUT,3066,-12,552106
SWAY_PERF_OUTPUT,3067,-47,552107
SWAY_PERF_OUTPUT,3068,-38,552108
SWAY_PERF_OUTPUT,3069,-36,552109
SWAY_PERF_OUTPUT,3070,-46,552110
SWAY_PERF_OUTPUT,3071,-81,552111
SWAY_PERF_OUTPUT,3072,-67,552112
SWAY_PERF_OUTPUT,3073,-17,552113
SWAY_PERF_OUTPUT,3074,-41,552114
SWAY_PERF_OUTPUT,3075,-65,552115
SWAY_PERF_OUTPUT,3076,-78,552116
SWAY_PERF_OUTPUT,3077,21,552117
SWAY_PERF_FRAME,53,552061,552117
SWAY_PROFILE,block0_in,54,15,552423
SWAY_PROFILE,block1_in,54,10,552423
SWAY_PROFILE,embedding_in,55,1,552425
SWAY_PROFILE,head_in,54,6,552425
SWAY_PROFILE,patch_ready,55,2,552426
SWAY_PROFILE,block0_in,55,0,553050
SWAY_PROFILE,block1_in,54,11,553050
SWAY_PROFILE,embedding_in,55,2,553052
SWAY_PROFILE,head_in,54,7,553052
SWAY_PROFILE,patch_ready,55,3,553053
SWAY_PROFILE,block0_in,55,1,553683
SWAY_PROFILE,block1_in,54,12,553683
SWAY_PROFILE,embedding_in,55,3,553685
SWAY_PROFILE,head_in,54,8,553685
SWAY_PROFILE,patch_ready,55,4,553686
SWAY_PROFILE,block0_in,55,2,554310
SWAY_PROFILE,block1_in,54,13,554310
SWAY_PROFILE,embedding_in,55,4,554312
SWAY_PROFILE,head_in,54,9,554312
SWAY_PROFILE,patch_ready,55,5,554313
SWAY_PROFILE,block0_in,55,3,554937
SWAY_PROFILE,block1_in,54,14,554937
SWAY_PROFILE,embedding_in,55,5,554939
SWAY_PROFILE,head_in,54,10,554939
SWAY_PROFILE,patch_ready,55,6,554940
SWAY_PROFILE,block0_in,55,4,555564
SWAY_PROFILE,block1_in,54,15,555564
SWAY_PROFILE,embedding_in,55,6,555566
SWAY_PROFILE,head_in,54,11,555566
SWAY_PROFILE,patch_ready,55,7,555567
SWAY_PROFILE,block0_in,55,5,556197
SWAY_PROFILE,block1_in,55,0,556197
SWAY_PROFILE,embedding_in,55,7,556199
SWAY_PROFILE,head_in,54,12,556199
SWAY_PROFILE,patch_ready,55,8,556200
SWAY_PROFILE,block0_in,55,6,556824
SWAY_PROFILE,block1_in,55,1,556824
SWAY_PROFILE,embedding_in,55,8,556826
SWAY_PROFILE,head_in,54,13,556826
SWAY_PROFILE,patch_ready,55,9,556827
SWAY_PROFILE,block0_in,55,7,557451
SWAY_PROFILE,block1_in,55,2,557451
SWAY_PROFILE,embedding_in,55,9,557453
SWAY_PROFILE,head_in,54,14,557453
SWAY_PROFILE,patch_ready,55,10,557454
SWAY_PROFILE,block0_in,55,8,558078
SWAY_PROFILE,block1_in,55,3,558078
SWAY_PROFILE,embedding_in,55,10,558080
SWAY_PROFILE,head_in,54,15,558080
SWAY_PROFILE,patch_ready,55,11,558081
SWAY_PROFILE,block0_in,55,9,558711
SWAY_PROFILE,block1_in,55,4,558711
SWAY_PROFILE,embedding_in,55,11,558713
SWAY_PROFILE,head_in,55,0,558713
SWAY_PROFILE,patch_ready,55,12,558714
SWAY_PROFILE,block0_in,55,10,559338
SWAY_PROFILE,block1_in,55,5,559338
SWAY_PROFILE,embedding_in,55,12,559340
SWAY_PROFILE,head_in,55,1,559340
SWAY_PROFILE,patch_ready,55,13,559341
SWAY_PROFILE,block0_in,55,11,559965
SWAY_PROFILE,block1_in,55,6,559965
SWAY_PROFILE,embedding_in,55,13,559967
SWAY_PROFILE,head_in,55,2,559967
SWAY_PROFILE,patch_ready,55,14,559968
SWAY_PROFILE,block0_in,55,12,560592
SWAY_PROFILE,block1_in,55,7,560592
SWAY_PROFILE,embedding_in,55,14,560594
SWAY_PROFILE,head_in,55,3,560594
SWAY_PROFILE,patch_ready,55,15,560595
SWAY_PERF_INPUT_FRAME,57,550830,560885
SWAY_PROFILE,block0_in,55,13,561225
SWAY_PROFILE,block1_in,55,8,561225
SWAY_PROFILE,embedding_in,55,15,561227
SWAY_PROFILE,head_in,55,4,561227
SWAY_PROFILE,patch_ready,56,0,561228
SWAY_PROFILE,head_output_in,54,0,561373
SWAY_PROFILE,block0_in,55,14,561852
SWAY_PROFILE,block1_in,55,9,561852
SWAY_PROFILE,embedding_in,56,0,561854
SWAY_PROFILE,head_in,55,5,561854
SWAY_PROFILE,patch_ready,56,1,561855
SWAY_PROFILE,serialize_in,54,0,562115
SWAY_PERF_OUTPUT,3078,7,562117
SWAY_PERF_OUTPUT,3079,7,562118
SWAY_PERF_OUTPUT,3080,6,562119
SWAY_PERF_OUTPUT,3081,6,562120
SWAY_PERF_OUTPUT,3082,12,562121
SWAY_PERF_OUTPUT,3083,16,562122
SWAY_PERF_OUTPUT,3084,19,562123
SWAY_PERF_OUTPUT,3085,1,562124
SWAY_PERF_OUTPUT,3086,-2,562125
SWAY_PERF_OUTPUT,3087,-3,562126
SWAY_PERF_OUTPUT,3088,9,562127
SWAY_PERF_OUTPUT,3089,10,562128
SWAY_PERF_OUTPUT,3090,11,562129
SWAY_PERF_OUTPUT,3091,11,562130
SWAY_PERF_OUTPUT,3092,4,562131
SWAY_PERF_OUTPUT,3093,2,562132
SWAY_PERF_OUTPUT,3094,0,562133
SWAY_PERF_OUTPUT,3095,0,562134
SWAY_PERF_OUTPUT,3096,7,562135
SWAY_PERF_OUTPUT,3097,63,562136
SWAY_PERF_OUTPUT,3098,63,562137
SWAY_PERF_OUTPUT,3099,63,562138
SWAY_PERF_OUTPUT,3100,62,562139
SWAY_PERF_OUTPUT,3101,62,562140
SWAY_PERF_OUTPUT,3102,63,562141
SWAY_PERF_OUTPUT,3103,61,562142
SWAY_PERF_OUTPUT,3104,62,562143
SWAY_PERF_OUTPUT,3105,63,562144
SWAY_PERF_OUTPUT,3106,61,562145
SWAY_PERF_OUTPUT,3107,62,562146
SWAY_PERF_OUTPUT,3108,62,562147
SWAY_PERF_OUTPUT,3109,63,562148
SWAY_PERF_OUTPUT,3110,61,562149
SWAY_PERF_OUTPUT,3111,62,562150
SWAY_PERF_OUTPUT,3112,62,562151
SWAY_PERF_OUTPUT,3113,63,562152
SWAY_PERF_OUTPUT,3114,60,562153
SWAY_PERF_OUTPUT,3115,63,562154
SWAY_PERF_OUTPUT,3116,-7,562155
SWAY_PERF_OUTPUT,3117,2,562156
SWAY_PERF_OUTPUT,3118,13,562157
SWAY_PERF_OUTPUT,3119,17,562158
SWAY_PERF_OUTPUT,3120,9,562159
SWAY_PERF_OUTPUT,3121,5,562160
SWAY_PERF_OUTPUT,3122,2,562161
SWAY_PERF_OUTPUT,3123,9,562162
SWAY_PERF_OUTPUT,3124,2,562163
SWAY_PERF_OUTPUT,3125,-4,562164
SWAY_PERF_OUTPUT,3126,-7,562165
SWAY_PERF_OUTPUT,3127,-17,562166
SWAY_PERF_OUTPUT,3128,-28,562167
SWAY_PERF_OUTPUT,3129,-29,562168
SWAY_PERF_OUTPUT,3130,-7,562169
SWAY_PERF_OUTPUT,3131,-16,562170
SWAY_PERF_OUTPUT,3132,-27,562171
SWAY_PERF_OUTPUT,3133,-29,562172
SWAY_PERF_OUTPUT,3134,10,562173
SWAY_PERF_FRAME,54,562117,562173
SWAY_PROFILE,block0_in,55,15,562479
SWAY_PROFILE,block1_in,55,10,562479
SWAY_PROFILE,embedding_in,56,1,562481
SWAY_PROFILE,head_in,55,6,562481
SWAY_PROFILE,patch_ready,56,2,562482
SWAY_PROFILE,block0_in,56,0,563106
SWAY_PROFILE,block1_in,55,11,563106
SWAY_PROFILE,embedding_in,56,2,563108
SWAY_PROFILE,head_in,55,7,563108
SWAY_PROFILE,patch_ready,56,3,563109
SWAY_PROFILE,block0_in,56,1,563739
SWAY_PROFILE,block1_in,55,12,563739
SWAY_PROFILE,embedding_in,56,3,563741
SWAY_PROFILE,head_in,55,8,563741
SWAY_PROFILE,patch_ready,56,4,563742
SWAY_PROFILE,block0_in,56,2,564366
SWAY_PROFILE,block1_in,55,13,564366
SWAY_PROFILE,embedding_in,56,4,564368
SWAY_PROFILE,head_in,55,9,564368
SWAY_PROFILE,patch_ready,56,5,564369
SWAY_PROFILE,block0_in,56,3,564993
SWAY_PROFILE,block1_in,55,14,564993
SWAY_PROFILE,embedding_in,56,5,564995
SWAY_PROFILE,head_in,55,10,564995
SWAY_PROFILE,patch_ready,56,6,564996
SWAY_PROFILE,block0_in,56,4,565620
SWAY_PROFILE,block1_in,55,15,565620
SWAY_PROFILE,embedding_in,56,6,565622
SWAY_PROFILE,head_in,55,11,565622
SWAY_PROFILE,patch_ready,56,7,565623
SWAY_PROFILE,block0_in,56,5,566253
SWAY_PROFILE,block1_in,56,0,566253
SWAY_PROFILE,embedding_in,56,7,566255
SWAY_PROFILE,head_in,55,12,566255
SWAY_PROFILE,patch_ready,56,8,566256
SWAY_PROFILE,block0_in,56,6,566880
SWAY_PROFILE,block1_in,56,1,566880
SWAY_PROFILE,embedding_in,56,8,566882
SWAY_PROFILE,head_in,55,13,566882
SWAY_PROFILE,patch_ready,56,9,566883
SWAY_PROFILE,block0_in,56,7,567507
SWAY_PROFILE,block1_in,56,2,567507
SWAY_PROFILE,embedding_in,56,9,567509
SWAY_PROFILE,head_in,55,14,567509
SWAY_PROFILE,patch_ready,56,10,567510
SWAY_PROFILE,block0_in,56,8,568134
SWAY_PROFILE,block1_in,56,3,568134
SWAY_PROFILE,embedding_in,56,10,568136
SWAY_PROFILE,head_in,55,15,568136
SWAY_PROFILE,patch_ready,56,11,568137
SWAY_PROFILE,block0_in,56,9,568767
SWAY_PROFILE,block1_in,56,4,568767
SWAY_PROFILE,embedding_in,56,11,568769
SWAY_PROFILE,head_in,56,0,568769
SWAY_PROFILE,patch_ready,56,12,568770
SWAY_PROFILE,block0_in,56,10,569394
SWAY_PROFILE,block1_in,56,5,569394
SWAY_PROFILE,embedding_in,56,12,569396
SWAY_PROFILE,head_in,56,1,569396
SWAY_PROFILE,patch_ready,56,13,569397
SWAY_PROFILE,block0_in,56,11,570021
SWAY_PROFILE,block1_in,56,6,570021
SWAY_PROFILE,embedding_in,56,13,570023
SWAY_PROFILE,head_in,56,2,570023
SWAY_PROFILE,patch_ready,56,14,570024
SWAY_PROFILE,block0_in,56,12,570648
SWAY_PROFILE,block1_in,56,7,570648
SWAY_PROFILE,embedding_in,56,14,570650
SWAY_PROFILE,head_in,56,3,570650
SWAY_PROFILE,patch_ready,56,15,570651
SWAY_PERF_INPUT_FRAME,58,560886,570941
SWAY_PROFILE,block0_in,56,13,571281
SWAY_PROFILE,block1_in,56,8,571281
SWAY_PROFILE,embedding_in,56,15,571283
SWAY_PROFILE,head_in,56,4,571283
SWAY_PROFILE,patch_ready,57,0,571284
SWAY_PROFILE,head_output_in,55,0,571429
SWAY_PROFILE,block0_in,56,14,571908
SWAY_PROFILE,block1_in,56,9,571908
SWAY_PROFILE,embedding_in,57,0,571910
SWAY_PROFILE,head_in,56,5,571910
SWAY_PROFILE,patch_ready,57,1,571911
SWAY_PROFILE,serialize_in,55,0,572171
SWAY_PERF_OUTPUT,3135,7,572173
SWAY_PERF_OUTPUT,3136,7,572174
SWAY_PERF_OUTPUT,3137,6,572175
SWAY_PERF_OUTPUT,3138,6,572176
SWAY_PERF_OUTPUT,3139,12,572177
SWAY_PERF_OUTPUT,3140,16,572178
SWAY_PERF_OUTPUT,3141,19,572179
SWAY_PERF_OUTPUT,3142,1,572180
SWAY_PERF_OUTPUT,3143,-2,572181
SWAY_PERF_OUTPUT,3144,-3,572182
SWAY_PERF_OUTPUT,3145,9,572183
SWAY_PERF_OUTPUT,3146,10,572184
SWAY_PERF_OUTPUT,3147,11,572185
SWAY_PERF_OUTPUT,3148,11,572186
SWAY_PERF_OUTPUT,3149,4,572187
SWAY_PERF_OUTPUT,3150,2,572188
SWAY_PERF_OUTPUT,3151,0,572189
SWAY_PERF_OUTPUT,3152,0,572190
SWAY_PERF_OUTPUT,3153,7,572191
SWAY_PERF_OUTPUT,3154,63,572192
SWAY_PERF_OUTPUT,3155,63,572193
SWAY_PERF_OUTPUT,3156,63,572194
SWAY_PERF_OUTPUT,3157,62,572195
SWAY_PERF_OUTPUT,3158,62,572196
SWAY_PERF_OUTPUT,3159,63,572197
SWAY_PERF_OUTPUT,3160,61,572198
SWAY_PERF_OUTPUT,3161,62,572199
SWAY_PERF_OUTPUT,3162,63,572200
SWAY_PERF_OUTPUT,3163,61,572201
SWAY_PERF_OUTPUT,3164,62,572202
SWAY_PERF_OUTPUT,3165,62,572203
SWAY_PERF_OUTPUT,3166,63,572204
SWAY_PERF_OUTPUT,3167,61,572205
SWAY_PERF_OUTPUT,3168,62,572206
SWAY_PERF_OUTPUT,3169,62,572207
SWAY_PERF_OUTPUT,3170,63,572208
SWAY_PERF_OUTPUT,3171,60,572209
SWAY_PERF_OUTPUT,3172,63,572210
SWAY_PERF_OUTPUT,3173,-7,572211
SWAY_PERF_OUTPUT,3174,2,572212
SWAY_PERF_OUTPUT,3175,13,572213
SWAY_PERF_OUTPUT,3176,17,572214
SWAY_PERF_OUTPUT,3177,9,572215
SWAY_PERF_OUTPUT,3178,5,572216
SWAY_PERF_OUTPUT,3179,2,572217
SWAY_PERF_OUTPUT,3180,9,572218
SWAY_PERF_OUTPUT,3181,2,572219
SWAY_PERF_OUTPUT,3182,-4,572220
SWAY_PERF_OUTPUT,3183,-7,572221
SWAY_PERF_OUTPUT,3184,-17,572222
SWAY_PERF_OUTPUT,3185,-28,572223
SWAY_PERF_OUTPUT,3186,-29,572224
SWAY_PERF_OUTPUT,3187,-7,572225
SWAY_PERF_OUTPUT,3188,-16,572226
SWAY_PERF_OUTPUT,3189,-27,572227
SWAY_PERF_OUTPUT,3190,-29,572228
SWAY_PERF_OUTPUT,3191,10,572229
SWAY_PERF_FRAME,55,572173,572229
SWAY_PROFILE,block0_in,56,15,572535
SWAY_PROFILE,block1_in,56,10,572535
SWAY_PROFILE,embedding_in,57,1,572537
SWAY_PROFILE,head_in,56,6,572537
SWAY_PROFILE,patch_ready,57,2,572538
SWAY_PROFILE,block0_in,57,0,573162
SWAY_PROFILE,block1_in,56,11,573162
SWAY_PROFILE,embedding_in,57,2,573164
SWAY_PROFILE,head_in,56,7,573164
SWAY_PROFILE,patch_ready,57,3,573165
SWAY_PROFILE,block0_in,57,1,573795
SWAY_PROFILE,block1_in,56,12,573795
SWAY_PROFILE,embedding_in,57,3,573797
SWAY_PROFILE,head_in,56,8,573797
SWAY_PROFILE,patch_ready,57,4,573798
SWAY_PROFILE,block0_in,57,2,574422
SWAY_PROFILE,block1_in,56,13,574422
SWAY_PROFILE,embedding_in,57,4,574424
SWAY_PROFILE,head_in,56,9,574424
SWAY_PROFILE,patch_ready,57,5,574425
SWAY_PROFILE,block0_in,57,3,575049
SWAY_PROFILE,block1_in,56,14,575049
SWAY_PROFILE,embedding_in,57,5,575051
SWAY_PROFILE,head_in,56,10,575051
SWAY_PROFILE,patch_ready,57,6,575052
SWAY_PROFILE,block0_in,57,4,575676
SWAY_PROFILE,block1_in,56,15,575676
SWAY_PROFILE,embedding_in,57,6,575678
SWAY_PROFILE,head_in,56,11,575678
SWAY_PROFILE,patch_ready,57,7,575679
SWAY_PROFILE,block0_in,57,5,576309
SWAY_PROFILE,block1_in,57,0,576309
SWAY_PROFILE,embedding_in,57,7,576311
SWAY_PROFILE,head_in,56,12,576311
SWAY_PROFILE,patch_ready,57,8,576312
SWAY_PROFILE,block0_in,57,6,576936
SWAY_PROFILE,block1_in,57,1,576936
SWAY_PROFILE,embedding_in,57,8,576938
SWAY_PROFILE,head_in,56,13,576938
SWAY_PROFILE,patch_ready,57,9,576939
SWAY_PROFILE,block0_in,57,7,577563
SWAY_PROFILE,block1_in,57,2,577563
SWAY_PROFILE,embedding_in,57,9,577565
SWAY_PROFILE,head_in,56,14,577565
SWAY_PROFILE,patch_ready,57,10,577566
SWAY_PROFILE,block0_in,57,8,578190
SWAY_PROFILE,block1_in,57,3,578190
SWAY_PROFILE,embedding_in,57,10,578192
SWAY_PROFILE,head_in,56,15,578192
SWAY_PROFILE,patch_ready,57,11,578193
SWAY_PROFILE,block0_in,57,9,578823
SWAY_PROFILE,block1_in,57,4,578823
SWAY_PROFILE,embedding_in,57,11,578825
SWAY_PROFILE,head_in,57,0,578825
SWAY_PROFILE,patch_ready,57,12,578826
SWAY_PROFILE,block0_in,57,10,579450
SWAY_PROFILE,block1_in,57,5,579450
SWAY_PROFILE,embedding_in,57,12,579452
SWAY_PROFILE,head_in,57,1,579452
SWAY_PROFILE,patch_ready,57,13,579453
SWAY_PROFILE,block0_in,57,11,580077
SWAY_PROFILE,block1_in,57,6,580077
SWAY_PROFILE,embedding_in,57,13,580079
SWAY_PROFILE,head_in,57,2,580079
SWAY_PROFILE,patch_ready,57,14,580080
SWAY_PROFILE,block0_in,57,12,580704
SWAY_PROFILE,block1_in,57,7,580704
SWAY_PROFILE,embedding_in,57,14,580706
SWAY_PROFILE,head_in,57,3,580706
SWAY_PROFILE,patch_ready,57,15,580707
SWAY_PERF_INPUT_FRAME,59,570942,580997
SWAY_PROFILE,block0_in,57,13,581337
SWAY_PROFILE,block1_in,57,8,581337
SWAY_PROFILE,embedding_in,57,15,581339
SWAY_PROFILE,head_in,57,4,581339
SWAY_PROFILE,patch_ready,58,0,581340
SWAY_PROFILE,head_output_in,56,0,581485
SWAY_PROFILE,block0_in,57,14,581964
SWAY_PROFILE,block1_in,57,9,581964
SWAY_PROFILE,embedding_in,58,0,581966
SWAY_PROFILE,head_in,57,5,581966
SWAY_PROFILE,patch_ready,58,1,581967
SWAY_PROFILE,serialize_in,56,0,582227
SWAY_PERF_OUTPUT,3192,7,582229
SWAY_PERF_OUTPUT,3193,7,582230
SWAY_PERF_OUTPUT,3194,6,582231
SWAY_PERF_OUTPUT,3195,6,582232
SWAY_PERF_OUTPUT,3196,12,582233
SWAY_PERF_OUTPUT,3197,16,582234
SWAY_PERF_OUTPUT,3198,19,582235
SWAY_PERF_OUTPUT,3199,1,582236
SWAY_PERF_OUTPUT,3200,-2,582237
SWAY_PERF_OUTPUT,3201,-3,582238
SWAY_PERF_OUTPUT,3202,9,582239
SWAY_PERF_OUTPUT,3203,10,582240
SWAY_PERF_OUTPUT,3204,11,582241
SWAY_PERF_OUTPUT,3205,11,582242
SWAY_PERF_OUTPUT,3206,4,582243
SWAY_PERF_OUTPUT,3207,2,582244
SWAY_PERF_OUTPUT,3208,0,582245
SWAY_PERF_OUTPUT,3209,0,582246
SWAY_PERF_OUTPUT,3210,7,582247
SWAY_PERF_OUTPUT,3211,63,582248
SWAY_PERF_OUTPUT,3212,63,582249
SWAY_PERF_OUTPUT,3213,63,582250
SWAY_PERF_OUTPUT,3214,62,582251
SWAY_PERF_OUTPUT,3215,62,582252
SWAY_PERF_OUTPUT,3216,63,582253
SWAY_PERF_OUTPUT,3217,61,582254
SWAY_PERF_OUTPUT,3218,62,582255
SWAY_PERF_OUTPUT,3219,63,582256
SWAY_PERF_OUTPUT,3220,61,582257
SWAY_PERF_OUTPUT,3221,62,582258
SWAY_PERF_OUTPUT,3222,62,582259
SWAY_PERF_OUTPUT,3223,63,582260
SWAY_PERF_OUTPUT,3224,61,582261
SWAY_PERF_OUTPUT,3225,62,582262
SWAY_PERF_OUTPUT,3226,62,582263
SWAY_PERF_OUTPUT,3227,63,582264
SWAY_PERF_OUTPUT,3228,60,582265
SWAY_PERF_OUTPUT,3229,63,582266
SWAY_PERF_OUTPUT,3230,-7,582267
SWAY_PERF_OUTPUT,3231,2,582268
SWAY_PERF_OUTPUT,3232,13,582269
SWAY_PERF_OUTPUT,3233,17,582270
SWAY_PERF_OUTPUT,3234,9,582271
SWAY_PERF_OUTPUT,3235,5,582272
SWAY_PERF_OUTPUT,3236,2,582273
SWAY_PERF_OUTPUT,3237,9,582274
SWAY_PERF_OUTPUT,3238,2,582275
SWAY_PERF_OUTPUT,3239,-4,582276
SWAY_PERF_OUTPUT,3240,-7,582277
SWAY_PERF_OUTPUT,3241,-17,582278
SWAY_PERF_OUTPUT,3242,-28,582279
SWAY_PERF_OUTPUT,3243,-29,582280
SWAY_PERF_OUTPUT,3244,-7,582281
SWAY_PERF_OUTPUT,3245,-16,582282
SWAY_PERF_OUTPUT,3246,-27,582283
SWAY_PERF_OUTPUT,3247,-29,582284
SWAY_PERF_OUTPUT,3248,10,582285
SWAY_PERF_FRAME,56,582229,582285
SWAY_PROFILE,block0_in,57,15,582591
SWAY_PROFILE,block1_in,57,10,582591
SWAY_PROFILE,embedding_in,58,1,582593
SWAY_PROFILE,head_in,57,6,582593
SWAY_PROFILE,patch_ready,58,2,582594
SWAY_PROFILE,block0_in,58,0,583218
SWAY_PROFILE,block1_in,57,11,583218
SWAY_PROFILE,embedding_in,58,2,583220
SWAY_PROFILE,head_in,57,7,583220
SWAY_PROFILE,patch_ready,58,3,583221
SWAY_PROFILE,block0_in,58,1,583851
SWAY_PROFILE,block1_in,57,12,583851
SWAY_PROFILE,embedding_in,58,3,583853
SWAY_PROFILE,head_in,57,8,583853
SWAY_PROFILE,patch_ready,58,4,583854
SWAY_PROFILE,block0_in,58,2,584478
SWAY_PROFILE,block1_in,57,13,584478
SWAY_PROFILE,embedding_in,58,4,584480
SWAY_PROFILE,head_in,57,9,584480
SWAY_PROFILE,patch_ready,58,5,584481
SWAY_PROFILE,block0_in,58,3,585105
SWAY_PROFILE,block1_in,57,14,585105
SWAY_PROFILE,embedding_in,58,5,585107
SWAY_PROFILE,head_in,57,10,585107
SWAY_PROFILE,patch_ready,58,6,585108
SWAY_PROFILE,block0_in,58,4,585732
SWAY_PROFILE,block1_in,57,15,585732
SWAY_PROFILE,embedding_in,58,6,585734
SWAY_PROFILE,head_in,57,11,585734
SWAY_PROFILE,patch_ready,58,7,585735
SWAY_PROFILE,block0_in,58,5,586365
SWAY_PROFILE,block1_in,58,0,586365
SWAY_PROFILE,embedding_in,58,7,586367
SWAY_PROFILE,head_in,57,12,586367
SWAY_PROFILE,patch_ready,58,8,586368
SWAY_PROFILE,block0_in,58,6,586992
SWAY_PROFILE,block1_in,58,1,586992
SWAY_PROFILE,embedding_in,58,8,586994
SWAY_PROFILE,head_in,57,13,586994
SWAY_PROFILE,patch_ready,58,9,586995
SWAY_PROFILE,block0_in,58,7,587619
SWAY_PROFILE,block1_in,58,2,587619
SWAY_PROFILE,embedding_in,58,9,587621
SWAY_PROFILE,head_in,57,14,587621
SWAY_PROFILE,patch_ready,58,10,587622
SWAY_PROFILE,block0_in,58,8,588246
SWAY_PROFILE,block1_in,58,3,588246
SWAY_PROFILE,embedding_in,58,10,588248
SWAY_PROFILE,head_in,57,15,588248
SWAY_PROFILE,patch_ready,58,11,588249
SWAY_PROFILE,block0_in,58,9,588879
SWAY_PROFILE,block1_in,58,4,588879
SWAY_PROFILE,embedding_in,58,11,588881
SWAY_PROFILE,head_in,58,0,588881
SWAY_PROFILE,patch_ready,58,12,588882
SWAY_PROFILE,block0_in,58,10,589506
SWAY_PROFILE,block1_in,58,5,589506
SWAY_PROFILE,embedding_in,58,12,589508
SWAY_PROFILE,head_in,58,1,589508
SWAY_PROFILE,patch_ready,58,13,589509
SWAY_PROFILE,block0_in,58,11,590133
SWAY_PROFILE,block1_in,58,6,590133
SWAY_PROFILE,embedding_in,58,13,590135
SWAY_PROFILE,head_in,58,2,590135
SWAY_PROFILE,patch_ready,58,14,590136
SWAY_PROFILE,block0_in,58,12,590760
SWAY_PROFILE,block1_in,58,7,590760
SWAY_PROFILE,embedding_in,58,14,590762
SWAY_PROFILE,head_in,58,3,590762
SWAY_PROFILE,patch_ready,58,15,590763
SWAY_PERF_INPUT_FRAME,60,580998,591053
SWAY_PROFILE,block0_in,58,13,591393
SWAY_PROFILE,block1_in,58,8,591393
SWAY_PROFILE,embedding_in,58,15,591395
SWAY_PROFILE,head_in,58,4,591395
SWAY_PROFILE,patch_ready,59,0,591396
SWAY_PROFILE,head_output_in,57,0,591541
SWAY_PROFILE,block0_in,58,14,592020
SWAY_PROFILE,block1_in,58,9,592020
SWAY_PROFILE,embedding_in,59,0,592022
SWAY_PROFILE,head_in,58,5,592022
SWAY_PROFILE,patch_ready,59,1,592023
SWAY_PROFILE,serialize_in,57,0,592283
SWAY_PERF_OUTPUT,3249,7,592285
SWAY_PERF_OUTPUT,3250,8,592286
SWAY_PERF_OUTPUT,3251,8,592287
SWAY_PERF_OUTPUT,3252,8,592288
SWAY_PERF_OUTPUT,3253,13,592289
SWAY_PERF_OUTPUT,3254,17,592290
SWAY_PERF_OUTPUT,3255,20,592291
SWAY_PERF_OUTPUT,3256,2,592292
SWAY_PERF_OUTPUT,3257,-2,592293
SWAY_PERF_OUTPUT,3258,-5,592294
SWAY_PERF_OUTPUT,3259,10,592295
SWAY_PERF_OUTPUT,3260,11,592296
SWAY_PERF_OUTPUT,3261,10,592297
SWAY_PERF_OUTPUT,3262,11,592298
SWAY_PERF_OUTPUT,3263,5,592299
SWAY_PERF_OUTPUT,3264,3,592300
SWAY_PERF_OUTPUT,3265,0,592301
SWAY_PERF_OUTPUT,3266,0,592302
SWAY_PERF_OUTPUT,3267,8,592303
SWAY_PERF_OUTPUT,3268,62,592304
SWAY_PERF_OUTPUT,3269,62,592305
SWAY_PERF_OUTPUT,3270,62,592306
SWAY_PERF_OUTPUT,3271,62,592307
SWAY_PERF_OUTPUT,3272,62,592308
SWAY_PERF_OUTPUT,3273,62,592309
SWAY_PERF_OUTPUT,3274,60,592310
SWAY_PERF_OUTPUT,3275,61,592311
SWAY_PERF_OUTPUT,3276,61,592312
SWAY_PERF_OUTPUT,3277,60,592313
SWAY_PERF_OUTPUT,3278,61,592314
SWAY_PERF_OUTPUT,3279,60,592315
SWAY_PERF_OUTPUT,3280,62,592316
SWAY_PERF_OUTPUT,3281,59,592317
SWAY_PERF_OUTPUT,3282,61,592318
SWAY_PERF_OUTPUT,3283,61,592319
SWAY_PERF_OUTPUT,3284,64,592320
SWAY_PERF_OUTPUT,3285,60,592321
SWAY_PERF_OUTPUT,3286,62,592322
SWAY_PERF_OUTPUT,3287,-6,592323
SWAY_PERF_OUTPUT,3288,4,592324
SWAY_PERF_OUTPUT,3289,14,592325
SWAY_PERF_OUTPUT,3290,18,592326
SWAY_PERF_OUTPUT,3291,10,592327
SWAY_PERF_OUTPUT,3292,6,592328
SWAY_PERF_OUTPUT,3293,-1,592329
SWAY_PERF_OUTPUT,3294,10,592330
SWAY_PERF_OUTPUT,3295,4,592331
SWAY_PERF_OUTPUT,3296,-1,592332
SWAY_PERF_OUTPUT,3297,-5,592333
SWAY_PERF_OUTPUT,3298,-16,592334
SWAY_PERF_OUTPUT,3299,-26,592335
SWAY_PERF_OUTPUT,3300,-29,592336
SWAY_PERF_OUTPUT,3301,-6,592337
SWAY_PERF_OUTPUT,3302,-15,592338
SWAY_PERF_OUTPUT,3303,-26,592339
SWAY_PERF_OUTPUT,3304,-28,592340
SWAY_PERF_OUTPUT,3305,11,592341
SWAY_PERF_FRAME,57,592285,592341
SWAY_PROFILE,block0_in,58,15,592647
SWAY_PROFILE,block1_in,58,10,592647
SWAY_PROFILE,embedding_in,59,1,592649
SWAY_PROFILE,head_in,58,6,592649
SWAY_PROFILE,patch_ready,59,2,592650
SWAY_PROFILE,block0_in,59,0,593274
SWAY_PROFILE,block1_in,58,11,593274
SWAY_PROFILE,embedding_in,59,2,593276
SWAY_PROFILE,head_in,58,7,593276
SWAY_PROFILE,patch_ready,59,3,593277
SWAY_PROFILE,block0_in,59,1,593907
SWAY_PROFILE,block1_in,58,12,593907
SWAY_PROFILE,embedding_in,59,3,593909
SWAY_PROFILE,head_in,58,8,593909
SWAY_PROFILE,patch_ready,59,4,593910
SWAY_PROFILE,block0_in,59,2,594534
SWAY_PROFILE,block1_in,58,13,594534
SWAY_PROFILE,embedding_in,59,4,594536
SWAY_PROFILE,head_in,58,9,594536
SWAY_PROFILE,patch_ready,59,5,594537
SWAY_PROFILE,block0_in,59,3,595161
SWAY_PROFILE,block1_in,58,14,595161
SWAY_PROFILE,embedding_in,59,5,595163
SWAY_PROFILE,head_in,58,10,595163
SWAY_PROFILE,patch_ready,59,6,595164
SWAY_PROFILE,block0_in,59,4,595788
SWAY_PROFILE,block1_in,58,15,595788
SWAY_PROFILE,embedding_in,59,6,595790
SWAY_PROFILE,head_in,58,11,595790
SWAY_PROFILE,patch_ready,59,7,595791
SWAY_PROFILE,block0_in,59,5,596421
SWAY_PROFILE,block1_in,59,0,596421
SWAY_PROFILE,embedding_in,59,7,596423
SWAY_PROFILE,head_in,58,12,596423
SWAY_PROFILE,patch_ready,59,8,596424
SWAY_PROFILE,block0_in,59,6,597048
SWAY_PROFILE,block1_in,59,1,597048
SWAY_PROFILE,embedding_in,59,8,597050
SWAY_PROFILE,head_in,58,13,597050
SWAY_PROFILE,patch_ready,59,9,597051
SWAY_PROFILE,block0_in,59,7,597675
SWAY_PROFILE,block1_in,59,2,597675
SWAY_PROFILE,embedding_in,59,9,597677
SWAY_PROFILE,head_in,58,14,597677
SWAY_PROFILE,patch_ready,59,10,597678
SWAY_PROFILE,block0_in,59,8,598302
SWAY_PROFILE,block1_in,59,3,598302
SWAY_PROFILE,embedding_in,59,10,598304
SWAY_PROFILE,head_in,58,15,598304
SWAY_PROFILE,patch_ready,59,11,598305
SWAY_PROFILE,block0_in,59,9,598935
SWAY_PROFILE,block1_in,59,4,598935
SWAY_PROFILE,embedding_in,59,11,598937
SWAY_PROFILE,head_in,59,0,598937
SWAY_PROFILE,patch_ready,59,12,598938
SWAY_PROFILE,block0_in,59,10,599562
SWAY_PROFILE,block1_in,59,5,599562
SWAY_PROFILE,embedding_in,59,12,599564
SWAY_PROFILE,head_in,59,1,599564
SWAY_PROFILE,patch_ready,59,13,599565
SWAY_PROFILE,block0_in,59,11,600189
SWAY_PROFILE,block1_in,59,6,600189
SWAY_PROFILE,embedding_in,59,13,600191
SWAY_PROFILE,head_in,59,2,600191
SWAY_PROFILE,patch_ready,59,14,600192
SWAY_PROFILE,block0_in,59,12,600816
SWAY_PROFILE,block1_in,59,7,600816
SWAY_PROFILE,embedding_in,59,14,600818
SWAY_PROFILE,head_in,59,3,600818
SWAY_PROFILE,patch_ready,59,15,600819
SWAY_PERF_INPUT_FRAME,61,591054,601109
SWAY_PROFILE,block0_in,59,13,601449
SWAY_PROFILE,block1_in,59,8,601449
SWAY_PROFILE,embedding_in,59,15,601451
SWAY_PROFILE,head_in,59,4,601451
SWAY_PROFILE,patch_ready,60,0,601452
SWAY_PROFILE,head_output_in,58,0,601597
SWAY_PROFILE,block0_in,59,14,602076
SWAY_PROFILE,block1_in,59,9,602076
SWAY_PROFILE,embedding_in,60,0,602078
SWAY_PROFILE,head_in,59,5,602078
SWAY_PROFILE,patch_ready,60,1,602079
SWAY_PROFILE,serialize_in,58,0,602339
SWAY_PERF_OUTPUT,3306,8,602341
SWAY_PERF_OUTPUT,3307,9,602342
SWAY_PERF_OUTPUT,3308,8,602343
SWAY_PERF_OUTPUT,3309,9,602344
SWAY_PERF_OUTPUT,3310,13,602345
SWAY_PERF_OUTPUT,3311,16,602346
SWAY_PERF_OUTPUT,3312,15,602347
SWAY_PERF_OUTPUT,3313,4,602348
SWAY_PERF_OUTPUT,3314,1,602349
SWAY_PERF_OUTPUT,3315,0,602350
SWAY_PERF_OUTPUT,3316,10,602351
SWAY_PERF_OUTPUT,3317,10,602352
SWAY_PERF_OUTPUT,3318,8,602353
SWAY_PERF_OUTPUT,3319,8,602354
SWAY_PERF_OUTPUT,3320,6,602355
SWAY_PERF_OUTPUT,3321,4,602356
SWAY_PERF_OUTPUT,3322,2,602357
SWAY_PERF_OUTPUT,3323,1,602358
SWAY_PERF_OUTPUT,3324,9,602359
SWAY_PERF_OUTPUT,3325,63,602360
SWAY_PERF_OUTPUT,3326,63,602361
SWAY_PERF_OUTPUT,3327,63,602362
SWAY_PERF_OUTPUT,3328,63,602363
SWAY_PERF_OUTPUT,3329,62,602364
SWAY_PERF_OUTPUT,3330,62,602365
SWAY_PERF_OUTPUT,3331,60,602366
SWAY_PERF_OUTPUT,3332,62,602367
SWAY_PERF_OUTPUT,3333,64,602368
SWAY_PERF_OUTPUT,3334,62,602369
SWAY_PERF_OUTPUT,3335,62,602370
SWAY_PERF_OUTPUT,3336,62,602371
SWAY_PERF_OUTPUT,3337,63,602372
SWAY_PERF_OUTPUT,3338,62,602373
SWAY_PERF_OUTPUT,3339,62,602374
SWAY_PERF_OUTPUT,3340,62,602375
SWAY_PERF_OUTPUT,3341,63,602376
SWAY_PERF_OUTPUT,3342,59,602377
SWAY_PERF_OUTPUT,3343,63,602378
SWAY_PERF_OUTPUT,3344,-8,602379
SWAY_PERF_OUTPUT,3345,2,602380
SWAY_PERF_OUTPUT,3346,13,602381
SWAY_PERF_OUTPUT,3347,17,602382
SWAY_PERF_OUTPUT,3348,9,602383
SWAY_PERF_OUTPUT,3349,2,602384
SWAY_PERF_OUTPUT,3350,-4,602385
SWAY_PERF_OUTPUT,3351,8,602386
SWAY_PERF_OUTPUT,3352,2,602387
SWAY_PERF_OUTPUT,3353,-4,602388
SWAY_PERF_OUTPUT,3354,-7,602389
SWAY_PERF_OUTPUT,3355,-17,602390
SWAY_PERF_OUTPUT,3356,-28,602391
SWAY_PERF_OUTPUT,3357,-30,602392
SWAY_PERF_OUTPUT,3358,-7,602393
SWAY_PERF_OUTPUT,3359,-16,602394
SWAY_PERF_OUTPUT,3360,-26,602395
SWAY_PERF_OUTPUT,3361,-29,602396
SWAY_PERF_OUTPUT,3362,10,602397
SWAY_PERF_FRAME,58,602341,602397
SWAY_PROFILE,block0_in,59,15,602703
SWAY_PROFILE,block1_in,59,10,602703
SWAY_PROFILE,embedding_in,60,1,602705
SWAY_PROFILE,head_in,59,6,602705
SWAY_PROFILE,patch_ready,60,2,602706
SWAY_PROFILE,block0_in,60,0,603330
SWAY_PROFILE,block1_in,59,11,603330
SWAY_PROFILE,embedding_in,60,2,603332
SWAY_PROFILE,head_in,59,7,603332
SWAY_PROFILE,patch_ready,60,3,603333
SWAY_PROFILE,block0_in,60,1,603963
SWAY_PROFILE,block1_in,59,12,603963
SWAY_PROFILE,embedding_in,60,3,603965
SWAY_PROFILE,head_in,59,8,603965
SWAY_PROFILE,patch_ready,60,4,603966
SWAY_PROFILE,block0_in,60,2,604590
SWAY_PROFILE,block1_in,59,13,604590
SWAY_PROFILE,embedding_in,60,4,604592
SWAY_PROFILE,head_in,59,9,604592
SWAY_PROFILE,patch_ready,60,5,604593
SWAY_PROFILE,block0_in,60,3,605217
SWAY_PROFILE,block1_in,59,14,605217
SWAY_PROFILE,embedding_in,60,5,605219
SWAY_PROFILE,head_in,59,10,605219
SWAY_PROFILE,patch_ready,60,6,605220
SWAY_PROFILE,block0_in,60,4,605844
SWAY_PROFILE,block1_in,59,15,605844
SWAY_PROFILE,embedding_in,60,6,605846
SWAY_PROFILE,head_in,59,11,605846
SWAY_PROFILE,patch_ready,60,7,605847
SWAY_PROFILE,block0_in,60,5,606477
SWAY_PROFILE,block1_in,60,0,606477
SWAY_PROFILE,embedding_in,60,7,606479
SWAY_PROFILE,head_in,59,12,606479
SWAY_PROFILE,patch_ready,60,8,606480
SWAY_PROFILE,block0_in,60,6,607104
SWAY_PROFILE,block1_in,60,1,607104
SWAY_PROFILE,embedding_in,60,8,607106
SWAY_PROFILE,head_in,59,13,607106
SWAY_PROFILE,patch_ready,60,9,607107
SWAY_PROFILE,block0_in,60,7,607731
SWAY_PROFILE,block1_in,60,2,607731
SWAY_PROFILE,embedding_in,60,9,607733
SWAY_PROFILE,head_in,59,14,607733
SWAY_PROFILE,patch_ready,60,10,607734
SWAY_PROFILE,block0_in,60,8,608358
SWAY_PROFILE,block1_in,60,3,608358
SWAY_PROFILE,embedding_in,60,10,608360
SWAY_PROFILE,head_in,59,15,608360
SWAY_PROFILE,patch_ready,60,11,608361
SWAY_PROFILE,block0_in,60,9,608991
SWAY_PROFILE,block1_in,60,4,608991
SWAY_PROFILE,embedding_in,60,11,608993
SWAY_PROFILE,head_in,60,0,608993
SWAY_PROFILE,patch_ready,60,12,608994
SWAY_PROFILE,block0_in,60,10,609618
SWAY_PROFILE,block1_in,60,5,609618
SWAY_PROFILE,embedding_in,60,12,609620
SWAY_PROFILE,head_in,60,1,609620
SWAY_PROFILE,patch_ready,60,13,609621
SWAY_PROFILE,block0_in,60,11,610245
SWAY_PROFILE,block1_in,60,6,610245
SWAY_PROFILE,embedding_in,60,13,610247
SWAY_PROFILE,head_in,60,2,610247
SWAY_PROFILE,patch_ready,60,14,610248
SWAY_PROFILE,block0_in,60,12,610872
SWAY_PROFILE,block1_in,60,7,610872
SWAY_PROFILE,embedding_in,60,14,610874
SWAY_PROFILE,head_in,60,3,610874
SWAY_PROFILE,patch_ready,60,15,610875
SWAY_PERF_INPUT_FRAME,62,601110,611165
SWAY_PROFILE,block0_in,60,13,611505
SWAY_PROFILE,block1_in,60,8,611505
SWAY_PROFILE,embedding_in,60,15,611507
SWAY_PROFILE,head_in,60,4,611507
SWAY_PROFILE,patch_ready,61,0,611508
SWAY_PROFILE,head_output_in,59,0,611653
SWAY_PROFILE,block0_in,60,14,612132
SWAY_PROFILE,block1_in,60,9,612132
SWAY_PROFILE,embedding_in,61,0,612134
SWAY_PROFILE,head_in,60,5,612134
SWAY_PROFILE,patch_ready,61,1,612135
SWAY_PROFILE,serialize_in,59,0,612395
SWAY_PERF_OUTPUT,3363,7,612397
SWAY_PERF_OUTPUT,3364,7,612398
SWAY_PERF_OUTPUT,3365,6,612399
SWAY_PERF_OUTPUT,3366,7,612400
SWAY_PERF_OUTPUT,3367,13,612401
SWAY_PERF_OUTPUT,3368,17,612402
SWAY_PERF_OUTPUT,3369,20,612403
SWAY_PERF_OUTPUT,3370,1,612404
SWAY_PERF_OUTPUT,3371,-3,612405
SWAY_PERF_OUTPUT,3372,-4,612406
SWAY_PERF_OUTPUT,3373,10,612407
SWAY_PERF_OUTPUT,3374,11,612408
SWAY_PERF_OUTPUT,3375,13,612409
SWAY_PERF_OUTPUT,3376,13,612410
SWAY_PERF_OUTPUT,3377,5,612411
SWAY_PERF_OUTPUT,3378,4,612412
SWAY_PERF_OUTPUT,3379,2,612413
SWAY_PERF_OUTPUT,3380,2,612414
SWAY_PERF_OUTPUT,3381,7,612415
SWAY_PERF_OUTPUT,3382,62,612416
SWAY_PERF_OUTPUT,3383,62,612417
SWAY_PERF_OUTPUT,3384,62,612418
SWAY_PERF_OUTPUT,3385,61,612419
SWAY_PERF_OUTPUT,3386,63,612420
SWAY_PERF_OUTPUT,3387,65,612421
SWAY_PERF_OUTPUT,3388,62,612422
SWAY_PERF_OUTPUT,3389,60,612423
SWAY_PERF_OUTPUT,3390,59,612424
SWAY_PERF_OUTPUT,3391,57,612425
SWAY_PERF_OUTPUT,3392,60,612426
SWAY_PERF_OUTPUT,3393,60,612427
SWAY_PERF_OUTPUT,3394,59,612428
SWAY_PERF_OUTPUT,3395,56,612429
SWAY_PERF_OUTPUT,3396,60,612430
SWAY_PERF_OUTPUT,3397,63,612431
SWAY_PERF_OUTPUT,3398,65,612432
SWAY_PERF_OUTPUT,3399,62,612433
SWAY_PERF_OUTPUT,3400,62,612434
SWAY_PERF_OUTPUT,3401,-3,612435
SWAY_PERF_OUTPUT,3402,7,612436
SWAY_PERF_OUTPUT,3403,17,612437
SWAY_PERF_OUTPUT,3404,22,612438
SWAY_PERF_OUTPUT,3405,14,612439
SWAY_PERF_OUTPUT,3406,10,612440
SWAY_PERF_OUTPUT,3407,8,612441
SWAY_PERF_OUTPUT,3408,14,612442
SWAY_PERF_OUTPUT,3409,8,612443
SWAY_PERF_OUTPUT,3410,4,612444
SWAY_PERF_OUTPUT,3411,-2,612445
SWAY_PERF_OUTPUT,3412,-15,612446
SWAY_PERF_OUTPUT,3413,-26,612447
SWAY_PERF_OUTPUT,3414,-28,612448
SWAY_PERF_OUTPUT,3415,-3,612449
SWAY_PERF_OUTPUT,3416,-15,612450
SWAY_PERF_OUTPUT,3417,-26,612451
SWAY_PERF_OUTPUT,3418,-28,612452
SWAY_PERF_OUTPUT,3419,15,612453
SWAY_PERF_FRAME,59,612397,612453
SWAY_PROFILE,block0_in,60,15,612759
SWAY_PROFILE,block1_in,60,10,612759
SWAY_PROFILE,embedding_in,61,1,612761
SWAY_PROFILE,head_in,60,6,612761
SWAY_PROFILE,patch_ready,61,2,612762
SWAY_PROFILE,block0_in,61,0,613386
SWAY_PROFILE,block1_in,60,11,613386
SWAY_PROFILE,embedding_in,61,2,613388
SWAY_PROFILE,head_in,60,7,613388
SWAY_PROFILE,patch_ready,61,3,613389
SWAY_PROFILE,block0_in,61,1,614019
SWAY_PROFILE,block1_in,60,12,614019
SWAY_PROFILE,embedding_in,61,3,614021
SWAY_PROFILE,head_in,60,8,614021
SWAY_PROFILE,patch_ready,61,4,614022
SWAY_PROFILE,block0_in,61,2,614646
SWAY_PROFILE,block1_in,60,13,614646
SWAY_PROFILE,embedding_in,61,4,614648
SWAY_PROFILE,head_in,60,9,614648
SWAY_PROFILE,patch_ready,61,5,614649
SWAY_PROFILE,block0_in,61,3,615273
SWAY_PROFILE,block1_in,60,14,615273
SWAY_PROFILE,embedding_in,61,5,615275
SWAY_PROFILE,head_in,60,10,615275
SWAY_PROFILE,patch_ready,61,6,615276
SWAY_PROFILE,block0_in,61,4,615900
SWAY_PROFILE,block1_in,60,15,615900
SWAY_PROFILE,embedding_in,61,6,615902
SWAY_PROFILE,head_in,60,11,615902
SWAY_PROFILE,patch_ready,61,7,615903
SWAY_PROFILE,block0_in,61,5,616533
SWAY_PROFILE,block1_in,61,0,616533
SWAY_PROFILE,embedding_in,61,7,616535
SWAY_PROFILE,head_in,60,12,616535
SWAY_PROFILE,patch_ready,61,8,616536
SWAY_PROFILE,block0_in,61,6,617160
SWAY_PROFILE,block1_in,61,1,617160
SWAY_PROFILE,embedding_in,61,8,617162
SWAY_PROFILE,head_in,60,13,617162
SWAY_PROFILE,patch_ready,61,9,617163
SWAY_PROFILE,block0_in,61,7,617787
SWAY_PROFILE,block1_in,61,2,617787
SWAY_PROFILE,embedding_in,61,9,617789
SWAY_PROFILE,head_in,60,14,617789
SWAY_PROFILE,patch_ready,61,10,617790
SWAY_PROFILE,block0_in,61,8,618414
SWAY_PROFILE,block1_in,61,3,618414
SWAY_PROFILE,embedding_in,61,10,618416
SWAY_PROFILE,head_in,60,15,618416
SWAY_PROFILE,patch_ready,61,11,618417
SWAY_PROFILE,block0_in,61,9,619047
SWAY_PROFILE,block1_in,61,4,619047
SWAY_PROFILE,embedding_in,61,11,619049
SWAY_PROFILE,head_in,61,0,619049
SWAY_PROFILE,patch_ready,61,12,619050
SWAY_PROFILE,block0_in,61,10,619674
SWAY_PROFILE,block1_in,61,5,619674
SWAY_PROFILE,embedding_in,61,12,619676
SWAY_PROFILE,head_in,61,1,619676
SWAY_PROFILE,patch_ready,61,13,619677
SWAY_PROFILE,block0_in,61,11,620301
SWAY_PROFILE,block1_in,61,6,620301
SWAY_PROFILE,embedding_in,61,13,620303
SWAY_PROFILE,head_in,61,2,620303
SWAY_PROFILE,patch_ready,61,14,620304
SWAY_PROFILE,block0_in,61,12,620928
SWAY_PROFILE,block1_in,61,7,620928
SWAY_PROFILE,embedding_in,61,14,620930
SWAY_PROFILE,head_in,61,3,620930
SWAY_PROFILE,patch_ready,61,15,620931
SWAY_PERF_INPUT_FRAME,63,611166,621221
SWAY_PROFILE,block0_in,61,13,621561
SWAY_PROFILE,block1_in,61,8,621561
SWAY_PROFILE,embedding_in,61,15,621563
SWAY_PROFILE,head_in,61,4,621563
SWAY_PROFILE,patch_ready,62,0,621564
SWAY_PROFILE,head_output_in,60,0,621709
SWAY_PROFILE,block0_in,61,14,622188
SWAY_PROFILE,block1_in,61,9,622188
SWAY_PROFILE,embedding_in,62,0,622190
SWAY_PROFILE,head_in,61,5,622190
SWAY_PROFILE,patch_ready,62,1,622191
SWAY_PROFILE,serialize_in,60,0,622451
SWAY_PERF_OUTPUT,3420,8,622453
SWAY_PERF_OUTPUT,3421,9,622454
SWAY_PERF_OUTPUT,3422,9,622455
SWAY_PERF_OUTPUT,3423,9,622456
SWAY_PERF_OUTPUT,3424,14,622457
SWAY_PERF_OUTPUT,3425,20,622458
SWAY_PERF_OUTPUT,3426,23,622459
SWAY_PERF_OUTPUT,3427,3,622460
SWAY_PERF_OUTPUT,3428,-4,622461
SWAY_PERF_OUTPUT,3429,-9,622462
SWAY_PERF_OUTPUT,3430,11,622463
SWAY_PERF_OUTPUT,3431,13,622464
SWAY_PERF_OUTPUT,3432,13,622465
SWAY_PERF_OUTPUT,3433,14,622466
SWAY_PERF_OUTPUT,3434,6,622467
SWAY_PERF_OUTPUT,3435,0,622468
SWAY_PERF_OUTPUT,3436,-5,622469
SWAY_PERF_OUTPUT,3437,-5,622470
SWAY_PERF_OUTPUT,3438,9,622471
SWAY_PERF_OUTPUT,3439,62,622472
SWAY_PERF_OUTPUT,3440,61,622473
SWAY_PERF_OUTPUT,3441,60,622474
SWAY_PERF_OUTPUT,3442,59,622475
SWAY_PERF_OUTPUT,3443,59,622476
SWAY_PERF_OUTPUT,3444,59,622477
SWAY_PERF_OUTPUT,3445,58,622478
SWAY_PERF_OUTPUT,3446,60,622479
SWAY_PERF_OUTPUT,3447,60,622480
SWAY_PERF_OUTPUT,3448,59,622481
SWAY_PERF_OUTPUT,3449,60,622482
SWAY_PERF_OUTPUT,3450,58,622483
SWAY_PERF_OUTPUT,3451,61,622484
SWAY_PERF_OUTPUT,3452,59,622485
SWAY_PERF_OUTPUT,3453,61,622486
SWAY_PERF_OUTPUT,3454,59,622487
SWAY_PERF_OUTPUT,3455,61,622488
SWAY_PERF_OUTPUT,3456,58,622489
SWAY_PERF_OUTPUT,3457,60,622490
SWAY_PERF_OUTPUT,3458,-8,622491
SWAY_PERF_OUTPUT,3459,2,622492
SWAY_PERF_OUTPUT,3460,11,622493
SWAY_PERF_OUTPUT,3461,15,622494
SWAY_PERF_OUTPUT,3462,8,622495
SWAY_PERF_OUTPUT,3463,6,622496
SWAY_PERF_OUTPUT,3464,5,622497
SWAY_PERF_OUTPUT,3465,8,622498
SWAY_PERF_OUTPUT,3466,6,622499
SWAY_PERF_OUTPUT,3467,8,622500
SWAY_PERF_OUTPUT,3468,-7,622501
SWAY_PERF_OUTPUT,3469,-16,622502
SWAY_PERF_OUTPUT,3470,-27,622503
SWAY_PERF_OUTPUT,3471,-29,622504
SWAY_PERF_OUTPUT,3472,-7,622505
SWAY_PERF_OUTPUT,3473,-14,622506
SWAY_PERF_OUTPUT,3474,-25,622507
SWAY_PERF_OUTPUT,3475,-27,622508
SWAY_PERF_OUTPUT,3476,9,622509
SWAY_PERF_FRAME,60,622453,622509
SWAY_PROFILE,block0_in,61,15,622815
SWAY_PROFILE,block1_in,61,10,622815
SWAY_PROFILE,embedding_in,62,1,622817
SWAY_PROFILE,head_in,61,6,622817
SWAY_PROFILE,patch_ready,62,2,622818
SWAY_PROFILE,block0_in,62,0,623442
SWAY_PROFILE,block1_in,61,11,623442
SWAY_PROFILE,embedding_in,62,2,623444
SWAY_PROFILE,head_in,61,7,623444
SWAY_PROFILE,patch_ready,62,3,623445
SWAY_PROFILE,block0_in,62,1,624075
SWAY_PROFILE,block1_in,61,12,624075
SWAY_PROFILE,embedding_in,62,3,624077
SWAY_PROFILE,head_in,61,8,624077
SWAY_PROFILE,patch_ready,62,4,624078
SWAY_PROFILE,block0_in,62,2,624702
SWAY_PROFILE,block1_in,61,13,624702
SWAY_PROFILE,embedding_in,62,4,624704
SWAY_PROFILE,head_in,61,9,624704
SWAY_PROFILE,patch_ready,62,5,624705
SWAY_PROFILE,block0_in,62,3,625329
SWAY_PROFILE,block1_in,61,14,625329
SWAY_PROFILE,embedding_in,62,5,625331
SWAY_PROFILE,head_in,61,10,625331
SWAY_PROFILE,patch_ready,62,6,625332
SWAY_PROFILE,block0_in,62,4,625956
SWAY_PROFILE,block1_in,61,15,625956
SWAY_PROFILE,embedding_in,62,6,625958
SWAY_PROFILE,head_in,61,11,625958
SWAY_PROFILE,patch_ready,62,7,625959
SWAY_PROFILE,block0_in,62,5,626589
SWAY_PROFILE,block1_in,62,0,626589
SWAY_PROFILE,embedding_in,62,7,626591
SWAY_PROFILE,head_in,61,12,626591
SWAY_PROFILE,patch_ready,62,8,626592
SWAY_PROFILE,block0_in,62,6,627216
SWAY_PROFILE,block1_in,62,1,627216
SWAY_PROFILE,embedding_in,62,8,627218
SWAY_PROFILE,head_in,61,13,627218
SWAY_PROFILE,patch_ready,62,9,627219
SWAY_PROFILE,block0_in,62,7,627843
SWAY_PROFILE,block1_in,62,2,627843
SWAY_PROFILE,embedding_in,62,9,627845
SWAY_PROFILE,head_in,61,14,627845
SWAY_PROFILE,patch_ready,62,10,627846
SWAY_PROFILE,block0_in,62,8,628470
SWAY_PROFILE,block1_in,62,3,628470
SWAY_PROFILE,embedding_in,62,10,628472
SWAY_PROFILE,head_in,61,15,628472
SWAY_PROFILE,patch_ready,62,11,628473
SWAY_PROFILE,block0_in,62,9,629103
SWAY_PROFILE,block1_in,62,4,629103
SWAY_PROFILE,embedding_in,62,11,629105
SWAY_PROFILE,head_in,62,0,629105
SWAY_PROFILE,patch_ready,62,12,629106
SWAY_PROFILE,block0_in,62,10,629730
SWAY_PROFILE,block1_in,62,5,629730
SWAY_PROFILE,embedding_in,62,12,629732
SWAY_PROFILE,head_in,62,1,629732
SWAY_PROFILE,patch_ready,62,13,629733
SWAY_PROFILE,block0_in,62,11,630357
SWAY_PROFILE,block1_in,62,6,630357
SWAY_PROFILE,embedding_in,62,13,630359
SWAY_PROFILE,head_in,62,2,630359
SWAY_PROFILE,patch_ready,62,14,630360
SWAY_PROFILE,block0_in,62,12,630984
SWAY_PROFILE,block1_in,62,7,630984
SWAY_PROFILE,embedding_in,62,14,630986
SWAY_PROFILE,head_in,62,3,630986
SWAY_PROFILE,patch_ready,62,15,630987
SWAY_PROFILE,block0_in,62,13,631617
SWAY_PROFILE,block1_in,62,8,631617
SWAY_PROFILE,embedding_in,62,15,631619
SWAY_PROFILE,head_in,62,4,631619
SWAY_PROFILE,patch_ready,63,0,631620
SWAY_PROFILE,head_output_in,61,0,631765
SWAY_PROFILE,block0_in,62,14,632244
SWAY_PROFILE,block1_in,62,9,632244
SWAY_PROFILE,embedding_in,63,0,632246
SWAY_PROFILE,head_in,62,5,632246
SWAY_PROFILE,patch_ready,63,1,632247
SWAY_PROFILE,serialize_in,61,0,632507
SWAY_PERF_OUTPUT,3477,4,632509
SWAY_PERF_OUTPUT,3478,4,632510
SWAY_PERF_OUTPUT,3479,3,632511
SWAY_PERF_OUTPUT,3480,3,632512
SWAY_PERF_OUTPUT,3481,9,632513
SWAY_PERF_OUTPUT,3482,16,632514
SWAY_PERF_OUTPUT,3483,19,632515
SWAY_PERF_OUTPUT,3484,-2,632516
SWAY_PERF_OUTPUT,3485,-7,632517
SWAY_PERF_OUTPUT,3486,-8,632518
SWAY_PERF_OUTPUT,3487,7,632519
SWAY_PERF_OUTPUT,3488,11,632520
SWAY_PERF_OUTPUT,3489,13,632521
SWAY_PERF_OUTPUT,3490,14,632522
SWAY_PERF_OUTPUT,3491,2,632523
SWAY_PERF_OUTPUT,3492,-1,632524
SWAY_PERF_OUTPUT,3493,-2,632525
SWAY_PERF_OUTPUT,3494,-2,632526
SWAY_PERF_OUTPUT,3495,3,632527
SWAY_PERF_OUTPUT,3496,61,632528
SWAY_PERF_OUTPUT,3497,61,632529
SWAY_PERF_OUTPUT,3498,60,632530
SWAY_PERF_OUTPUT,3499,60,632531
SWAY_PERF_OUTPUT,3500,60,632532
SWAY_PERF_OUTPUT,3501,61,632533
SWAY_PERF_OUTPUT,3502,59,632534
SWAY_PERF_OUTPUT,3503,59,632535
SWAY_PERF_OUTPUT,3504,59,632536
SWAY_PERF_OUTPUT,3505,58,632537
SWAY_PERF_OUTPUT,3506,60,632538
SWAY_PERF_OUTPUT,3507,59,632539
SWAY_PERF_OUTPUT,3508,60,632540
SWAY_PERF_OUTPUT,3509,57,632541
SWAY_PERF_OUTPUT,3510,60,632542
SWAY_PERF_OUTPUT,3511,59,632543
SWAY_PERF_OUTPUT,3512,62,632544
SWAY_PERF_OUTPUT,3513,59,632545
SWAY_PERF_OUTPUT,3514,60,632546
SWAY_PERF_OUTPUT,3515,-6,632547
SWAY_PERF_OUTPUT,3516,4,632548
SWAY_PERF_OUTPUT,3517,14,632549
SWAY_PERF_OUTPUT,3518,18,632550
SWAY_PERF_OUTPUT,3519,11,632551
SWAY_PERF_OUTPUT,3520,10,632552
SWAY_PERF_OUTPUT,3521,11,632553
SWAY_PERF_OUTPUT,3522,10,632554
SWAY_PERF_OUTPUT,3523,6,632555
SWAY_PERF_OUTPUT,3524,5,632556
SWAY_PERF_OUTPUT,3525,-5,632557
SWAY_PERF_OUTPUT,3526,-15,632558
SWAY_PERF_OUTPUT,3527,-25,632559
SWAY_PERF_OUTPUT,3528,-28,632560
SWAY_PERF_OUTPUT,3529,-6,632561
SWAY_PERF_OUTPUT,3530,-15,632562
SWAY_PERF_OUTPUT,3531,-27,632563
SWAY_PERF_OUTPUT,3532,-29,632564
SWAY_PERF_OUTPUT,3533,12,632565
SWAY_PERF_FRAME,61,632509,632565
SWAY_PROFILE,block0_in,62,15,632871
SWAY_PROFILE,block1_in,62,10,632871
SWAY_PROFILE,embedding_in,63,1,632873
SWAY_PROFILE,head_in,62,6,632873
SWAY_PROFILE,patch_ready,63,2,632874
SWAY_PROFILE,block0_in,63,0,633498
SWAY_PROFILE,block1_in,62,11,633498
SWAY_PROFILE,embedding_in,63,2,633500
SWAY_PROFILE,head_in,62,7,633500
SWAY_PROFILE,patch_ready,63,3,633501
SWAY_PROFILE,block0_in,63,1,634131
SWAY_PROFILE,block1_in,62,12,634131
SWAY_PROFILE,embedding_in,63,3,634133
SWAY_PROFILE,head_in,62,8,634133
SWAY_PROFILE,patch_ready,63,4,634134
SWAY_PROFILE,block0_in,63,2,634758
SWAY_PROFILE,block1_in,62,13,634758
SWAY_PROFILE,embedding_in,63,4,634760
SWAY_PROFILE,head_in,62,9,634760
SWAY_PROFILE,patch_ready,63,5,634761
SWAY_PROFILE,block0_in,63,3,635385
SWAY_PROFILE,block1_in,62,14,635385
SWAY_PROFILE,embedding_in,63,5,635387
SWAY_PROFILE,head_in,62,10,635387
SWAY_PROFILE,patch_ready,63,6,635388
SWAY_PROFILE,block0_in,63,4,636012
SWAY_PROFILE,block1_in,62,15,636012
SWAY_PROFILE,embedding_in,63,6,636014
SWAY_PROFILE,head_in,62,11,636014
SWAY_PROFILE,patch_ready,63,7,636015
SWAY_PROFILE,block0_in,63,5,636645
SWAY_PROFILE,block1_in,63,0,636645
SWAY_PROFILE,embedding_in,63,7,636647
SWAY_PROFILE,head_in,62,12,636647
SWAY_PROFILE,patch_ready,63,8,636648
SWAY_PROFILE,block0_in,63,6,637272
SWAY_PROFILE,block1_in,63,1,637272
SWAY_PROFILE,embedding_in,63,8,637274
SWAY_PROFILE,head_in,62,13,637274
SWAY_PROFILE,patch_ready,63,9,637275
SWAY_PROFILE,block0_in,63,7,637899
SWAY_PROFILE,block1_in,63,2,637899
SWAY_PROFILE,embedding_in,63,9,637901
SWAY_PROFILE,head_in,62,14,637901
SWAY_PROFILE,patch_ready,63,10,637902
SWAY_PROFILE,block0_in,63,8,638526
SWAY_PROFILE,block1_in,63,3,638526
SWAY_PROFILE,embedding_in,63,10,638528
SWAY_PROFILE,head_in,62,15,638528
SWAY_PROFILE,patch_ready,63,11,638529
SWAY_PROFILE,block0_in,63,9,639159
SWAY_PROFILE,block1_in,63,4,639159
SWAY_PROFILE,embedding_in,63,11,639161
SWAY_PROFILE,head_in,63,0,639161
SWAY_PROFILE,patch_ready,63,12,639162
SWAY_PROFILE,block0_in,63,10,639786
SWAY_PROFILE,block1_in,63,5,639786
SWAY_PROFILE,embedding_in,63,12,639788
SWAY_PROFILE,head_in,63,1,639788
SWAY_PROFILE,patch_ready,63,13,639789
SWAY_PROFILE,block0_in,63,11,640413
SWAY_PROFILE,block1_in,63,6,640413
SWAY_PROFILE,embedding_in,63,13,640415
SWAY_PROFILE,head_in,63,2,640415
SWAY_PROFILE,patch_ready,63,14,640416
SWAY_PROFILE,block0_in,63,12,641040
SWAY_PROFILE,block1_in,63,7,641040
SWAY_PROFILE,embedding_in,63,14,641042
SWAY_PROFILE,head_in,63,3,641042
SWAY_PROFILE,patch_ready,63,15,641043
SWAY_PROFILE,block0_in,63,13,641673
SWAY_PROFILE,block1_in,63,8,641673
SWAY_PROFILE,embedding_in,63,15,641675
SWAY_PROFILE,head_in,63,4,641675
SWAY_PROFILE,head_output_in,62,0,641821
SWAY_PROFILE,block0_in,63,14,642300
SWAY_PROFILE,block1_in,63,9,642300
SWAY_PROFILE,head_in,63,5,642302
SWAY_PROFILE,serialize_in,62,0,642563
SWAY_PERF_OUTPUT,3534,4,642565
SWAY_PERF_OUTPUT,3535,4,642566
SWAY_PERF_OUTPUT,3536,3,642567
SWAY_PERF_OUTPUT,3537,3,642568
SWAY_PERF_OUTPUT,3538,10,642569
SWAY_PERF_OUTPUT,3539,16,642570
SWAY_PERF_OUTPUT,3540,21,642571
SWAY_PERF_OUTPUT,3541,-3,642572
SWAY_PERF_OUTPUT,3542,-10,642573
SWAY_PERF_OUTPUT,3543,-15,642574
SWAY_PERF_OUTPUT,3544,7,642575
SWAY_PERF_OUTPUT,3545,11,642576
SWAY_PERF_OUTPUT,3546,15,642577
SWAY_PERF_OUTPUT,3547,15,642578
SWAY_PERF_OUTPUT,3548,2,642579
SWAY_PERF_OUTPUT,3549,-2,642580
SWAY_PERF_OUTPUT,3550,-5,642581
SWAY_PERF_OUTPUT,3551,-5,642582
SWAY_PERF_OUTPUT,3552,3,642583
SWAY_PERF_OUTPUT,3553,63,642584
SWAY_PERF_OUTPUT,3554,62,642585
SWAY_PERF_OUTPUT,3555,61,642586
SWAY_PERF_OUTPUT,3556,61,642587
SWAY_PERF_OUTPUT,3557,62,642588
SWAY_PERF_OUTPUT,3558,62,642589
SWAY_PERF_OUTPUT,3559,60,642590
SWAY_PERF_OUTPUT,3560,61,642591
SWAY_PERF_OUTPUT,3561,61,642592
SWAY_PERF_OUTPUT,3562,60,642593
SWAY_PERF_OUTPUT,3563,61,642594
SWAY_PERF_OUTPUT,3564,60,642595
SWAY_PERF_OUTPUT,3565,61,642596
SWAY_PERF_OUTPUT,3566,59,642597
SWAY_PERF_OUTPUT,3567,61,642598
SWAY_PERF_OUTPUT,3568,61,642599
SWAY_PERF_OUTPUT,3569,63,642600
SWAY_PERF_OUTPUT,3570,60,642601
SWAY_PERF_OUTPUT,3571,61,642602
SWAY_PERF_OUTPUT,3572,-4,642603
SWAY_PERF_OUTPUT,3573,6,642604
SWAY_PERF_OUTPUT,3574,17,642605
SWAY_PERF_OUTPUT,3575,21,642606
SWAY_PERF_OUTPUT,3576,13,642607
SWAY_PERF_OUTPUT,3577,13,642608
SWAY_PERF_OUTPUT,3578,14,642609
SWAY_PERF_OUTPUT,3579,13,642610
SWAY_PERF_OUTPUT,3580,12,642611
SWAY_PERF_OUTPUT,3581,15,642612
SWAY_PERF_OUTPUT,3582,-3,642613
SWAY_PERF_OUTPUT,3583,-14,642614
SWAY_PERF_OUTPUT,3584,-26,642615
SWAY_PERF_OUTPUT,3585,-28,642616
SWAY_PERF_OUTPUT,3586,-3,642617
SWAY_PERF_OUTPUT,3587,-14,642618
SWAY_PERF_OUTPUT,3588,-26,642619
SWAY_PERF_OUTPUT,3589,-28,642620
SWAY_PERF_OUTPUT,3590,14,642621
SWAY_PERF_FRAME,62,642565,642621
SWAY_PROFILE,block0_in,63,15,642927
SWAY_PROFILE,block1_in,63,10,642927
SWAY_PROFILE,head_in,63,6,642929
SWAY_PROFILE,block1_in,63,11,643554
SWAY_PROFILE,head_in,63,7,643556
SWAY_PROFILE,block1_in,63,12,644187
SWAY_PROFILE,head_in,63,8,644189
SWAY_PROFILE,block1_in,63,13,644814
SWAY_PROFILE,head_in,63,9,644816
SWAY_PROFILE,block1_in,63,14,645441
SWAY_PROFILE,head_in,63,10,645443
SWAY_PROFILE,block1_in,63,15,646068
SWAY_PROFILE,head_in,63,11,646070
SWAY_PROFILE,head_in,63,12,646703
SWAY_PROFILE,head_in,63,13,647330
SWAY_PROFILE,head_in,63,14,647957
SWAY_PROFILE,head_in,63,15,648584
SWAY_PROFILE,head_output_in,63,0,651877
SWAY_PROFILE,serialize_in,63,0,652619
SWAY_PERF_OUTPUT,3591,8,652621
SWAY_PERF_OUTPUT,3592,9,652622
SWAY_PERF_OUTPUT,3593,8,652623
SWAY_PERF_OUTPUT,3594,8,652624
SWAY_PERF_OUTPUT,3595,14,652625
SWAY_PERF_OUTPUT,3596,19,652626
SWAY_PERF_OUTPUT,3597,21,652627
SWAY_PERF_OUTPUT,3598,3,652628
SWAY_PERF_OUTPUT,3599,0,652629
SWAY_PERF_OUTPUT,3600,-3,652630
SWAY_PERF_OUTPUT,3601,10,652631
SWAY_PERF_OUTPUT,3602,12,652632
SWAY_PERF_OUTPUT,3603,12,652633
SWAY_PERF_OUTPUT,3604,12,652634
SWAY_PERF_OUTPUT,3605,6,652635
SWAY_PERF_OUTPUT,3606,3,652636
SWAY_PERF_OUTPUT,3607,0,652637
SWAY_PERF_OUTPUT,3608,-1,652638
SWAY_PERF_OUTPUT,3609,9,652639
SWAY_PERF_OUTPUT,3610,61,652640
SWAY_PERF_OUTPUT,3611,62,652641
SWAY_PERF_OUTPUT,3612,61,652642
SWAY_PERF_OUTPUT,3613,61,652643
SWAY_PERF_OUTPUT,3614,61,652644
SWAY_PERF_OUTPUT,3615,61,652645
SWAY_PERF_OUTPUT,3616,59,652646
SWAY_PERF_OUTPUT,3617,60,652647
SWAY_PERF_OUTPUT,3618,61,652648
SWAY_PERF_OUTPUT,3619,60,652649
SWAY_PERF_OUTPUT,3620,60,652650
SWAY_PERF_OUTPUT,3621,60,652651
SWAY_PERF_OUTPUT,3622,62,652652
SWAY_PERF_OUTPUT,3623,60,652653
SWAY_PERF_OUTPUT,3624,61,652654
SWAY_PERF_OUTPUT,3625,61,652655
SWAY_PERF_OUTPUT,3626,62,652656
SWAY_PERF_OUTPUT,3627,58,652657
SWAY_PERF_OUTPUT,3628,61,652658
SWAY_PERF_OUTPUT,3629,-6,652659
SWAY_PERF_OUTPUT,3630,3,652660
SWAY_PERF_OUTPUT,3631,14,652661
SWAY_PERF_OUTPUT,3632,17,652662
SWAY_PERF_OUTPUT,3633,10,652663
SWAY_PERF_OUTPUT,3634,7,652664
SWAY_PERF_OUTPUT,3635,6,652665
SWAY_PERF_OUTPUT,3636,9,652666
SWAY_PERF_OUTPUT,3637,4,652667
SWAY_PERF_OUTPUT,3638,1,652668
SWAY_PERF_OUTPUT,3639,-6,652669
SWAY_PERF_OUTPUT,3640,-16,652670
SWAY_PERF_OUTPUT,3641,-27,652671
SWAY_PERF_OUTPUT,3642,-29,652672
SWAY_PERF_OUTPUT,3643,-6,652673
SWAY_PERF_OUTPUT,3644,-15,652674
SWAY_PERF_OUTPUT,3645,-26,652675
SWAY_PERF_OUTPUT,3646,-28,652676
SWAY_PERF_OUTPUT,3647,11,652677
SWAY_PERF_FRAME,63,652621,652677
SWAY_PERF_PASS,64,3648,654726,2048
