2026-09-29T01:36:23.4360089Z Current runner version: '2.337.0'
2026-09-29T01:36:23.4386334Z ##[group]Runner Image Provisioner
2026-09-29T01:36:23.4387562Z Hosted Compute Agent
2026-09-29T01:36:23.4388276Z Version: 20260828.587
2026-09-29T01:36:23.4389002Z Commit: abac92662cab4cc7352de4f9f9d2e2419aad9c29
2026-09-29T01:36:23.4390283Z Build Date: 2026-08-28T16:44:25Z
2026-09-29T01:36:23.4391025Z Worker ID: {9ff16095-867c-4ef7-8b5f-fe3666aee02c}
2026-09-29T01:36:23.4391734Z Azure Region: eastus2
2026-09-29T01:36:23.4392403Z ##[endgroup]
2026-09-29T01:36:23.4394775Z ##[group]Operating System
2026-09-29T01:36:23.4395943Z Ubuntu
2026-09-29T01:36:23.4396529Z 24.04.5
2026-09-29T01:36:23.4397052Z LTS
2026-09-29T01:36:23.4397634Z ##[endgroup]
2026-09-29T01:36:23.4398265Z ##[group]Runner Image
2026-09-29T01:36:23.4398903Z Image: ubuntu-24.04
2026-09-29T01:36:23.4399496Z Version: 20260920.314.1
2026-09-29T01:36:23.4400787Z Included Software: https://github.com/actions/runner-images/blob/ubuntu24/20260920.314/images/ubuntu/Ubuntu2404-Readme.md
2026-09-29T01:36:23.4402404Z Image Release: https://github.com/actions/runner-images/releases/tag/ubuntu24%2F20260920.314
2026-09-29T01:36:23.4403415Z ##[endgroup]
2026-09-29T01:36:23.4404609Z ##[group]GITHUB_TOKEN Permissions
2026-09-29T01:36:23.4407255Z Actions: read
2026-09-29T01:36:23.4407908Z Contents: read
2026-09-29T01:36:23.4408562Z Metadata: read
2026-09-29T01:36:23.4409174Z ##[endgroup]
2026-09-29T01:36:23.4411285Z Secret source: Actions
2026-09-29T01:36:23.4412395Z Cache mode: write
2026-09-29T01:36:23.4413361Z Prepare workflow directory
2026-09-29T01:36:23.4759998Z Prepare all required actions
2026-09-29T01:36:23.4810708Z Getting action download info
2026-09-29T01:36:23.7247045Z Download action repository 'actions/checkout@11d5960a326750d5838078e36cf38b85af677262' (SHA:11d5960a326750d5838078e36cf38b85af677262)
2026-09-29T01:36:23.8183880Z Download action repository 'actions/upload-artifact@ea165f8d65b6e75b540449e92b4886f43607fa02' (SHA:ea165f8d65b6e75b540449e92b4886f43607fa02)
2026-09-29T01:36:24.0356087Z Complete job name: inspect
2026-09-29T01:36:24.1175094Z ##[group]Run actions/checkout@11d5960a326750d5838078e36cf38b85af677262
2026-09-29T01:36:24.1176440Z with:
2026-09-29T01:36:24.1176950Z   ref: 7689b27d6816de9d8927de12ddee13672b23491b
2026-09-29T01:36:24.1177596Z   persist-credentials: false
2026-09-29T01:36:24.1178125Z   repository: SeMinLim/sway
2026-09-29T01:36:24.1182118Z   token: ***
2026-09-29T01:36:24.1182569Z   ssh-strict: true
2026-09-29T01:36:24.1183011Z   ssh-user: git
2026-09-29T01:36:24.1183445Z   clean: true
2026-09-29T01:36:24.1183920Z   sparse-checkout-cone-mode: true
2026-09-29T01:36:24.1184469Z   fetch-depth: 1
2026-09-29T01:36:24.1184914Z   fetch-tags: false
2026-09-29T01:36:24.1185381Z   show-progress: true
2026-09-29T01:36:24.1186314Z   lfs: false
2026-09-29T01:36:24.1186744Z   submodules: false
2026-09-29T01:36:24.1187213Z   set-safe-directory: true
2026-09-29T01:36:24.1187747Z   allow-unsafe-pr-checkout: false
2026-09-29T01:36:24.1188614Z ##[endgroup]
2026-09-29T01:36:24.2249484Z Syncing repository: SeMinLim/sway
2026-09-29T01:36:24.2252651Z ##[group]Getting Git version info
2026-09-29T01:36:24.2253740Z Working directory is '/home/runner/work/sway/sway'
2026-09-29T01:36:24.2255319Z [command]/usr/bin/git version
2026-09-29T01:36:24.2323088Z git version 2.55.0
2026-09-29T01:36:24.2348235Z ##[endgroup]
2026-09-29T01:36:24.2366455Z Temporarily overriding HOME='/home/runner/work/_temp/84e8cd40-55c9-40aa-a013-5e3b625acef3' before making global git config changes
2026-09-29T01:36:24.2369211Z Adding repository directory to the temporary git global config as a safe directory
2026-09-29T01:36:24.2373744Z [command]/usr/bin/git config --global --add safe.directory /home/runner/work/sway/sway
2026-09-29T01:36:24.2431114Z Deleting the contents of '/home/runner/work/sway/sway'
2026-09-29T01:36:24.2443217Z ##[group]Initializing the repository
2026-09-29T01:36:24.2451805Z [command]/usr/bin/git init /home/runner/work/sway/sway
2026-09-29T01:36:24.2565980Z hint: Using 'master' as the name for the initial branch. This default branch name
2026-09-29T01:36:24.2568773Z hint: will change to "main" in Git 3.0. To configure the initial branch name
2026-09-29T01:36:24.2572888Z hint: to use in all of your new repositories, which will suppress this warning,
2026-09-29T01:36:24.2576731Z hint: call:
2026-09-29T01:36:24.2577890Z hint:
2026-09-29T01:36:24.2579159Z hint: 	git config --global init.defaultBranch <name>
2026-09-29T01:36:24.2580558Z hint:
2026-09-29T01:36:24.2581919Z hint: Names commonly chosen instead of 'master' are 'main', 'trunk' and
2026-09-29T01:36:24.2583521Z hint: 'development'. The just-created branch can be renamed via this command:
2026-09-29T01:36:24.2584774Z hint:
2026-09-29T01:36:24.2585719Z hint: 	git branch -m <name>
2026-09-29T01:36:24.2586555Z hint:
2026-09-29T01:36:24.2587571Z hint: Disable this message with "git config set advice.defaultBranchName false"
2026-09-29T01:36:24.2589119Z Initialized empty Git repository in /home/runner/work/sway/sway/.git/
2026-09-29T01:36:24.2592178Z [command]/usr/bin/git remote add origin https://github.com/SeMinLim/sway
2026-09-29T01:36:24.2639257Z ##[endgroup]
2026-09-29T01:36:24.2640467Z ##[group]Disabling automatic garbage collection
2026-09-29T01:36:24.2644238Z [command]/usr/bin/git config --local gc.auto 0
2026-09-29T01:36:24.2680619Z ##[endgroup]
2026-09-29T01:36:24.2681856Z ##[group]Setting up auth
2026-09-29T01:36:24.2688769Z [command]/usr/bin/git config --local --name-only --get-regexp core\.sshCommand
2026-09-29T01:36:24.2724266Z [command]/usr/bin/git submodule foreach --recursive sh -c "git config --local --name-only --get-regexp 'core\.sshCommand' && git config --local --unset-all 'core.sshCommand' || :"
2026-09-29T01:36:24.3147201Z [command]/usr/bin/git config --local --name-only --get-regexp http\.https\:\/\/github\.com\/\.extraheader
2026-09-29T01:36:24.3191435Z [command]/usr/bin/git submodule foreach --recursive sh -c "git config --local --name-only --get-regexp 'http\.https\:\/\/github\.com\/\.extraheader' && git config --local --unset-all 'http.https://github.com/.extraheader' || :"
2026-09-29T01:36:24.3434971Z [command]/usr/bin/git config --local --name-only --get-regexp ^includeIf\.gitdir:
2026-09-29T01:36:24.3474627Z [command]/usr/bin/git submodule foreach --recursive git config --local --show-origin --name-only --get-regexp remote.origin.url
2026-09-29T01:36:24.3710758Z [command]/usr/bin/git config --local http.https://github.com/.extraheader AUTHORIZATION: basic ***
2026-09-29T01:36:24.3754262Z ##[endgroup]
2026-09-29T01:36:24.3755114Z ##[group]Fetching the repository
2026-09-29T01:36:24.3764375Z [command]/usr/bin/git -c protocol.version=2 fetch --no-tags --prune --no-recurse-submodules --depth=1 origin 7689b27d6816de9d8927de12ddee13672b23491b
2026-09-29T01:36:25.1296498Z From https://github.com/SeMinLim/sway
2026-09-29T01:36:25.1298563Z  * branch            7689b27d6816de9d8927de12ddee13672b23491b -> FETCH_HEAD
2026-09-29T01:36:25.1317247Z ##[endgroup]
2026-09-29T01:36:25.1318655Z ##[group]Determining the checkout info
2026-09-29T01:36:25.1320552Z ##[endgroup]
2026-09-29T01:36:25.1321627Z [command]/usr/bin/git sparse-checkout disable
2026-09-29T01:36:25.1376589Z [command]/usr/bin/git config --local --unset-all extensions.worktreeConfig
2026-09-29T01:36:25.1419429Z ##[group]Checking out the ref
2026-09-29T01:36:25.1424556Z [command]/usr/bin/git checkout --progress --force 7689b27d6816de9d8927de12ddee13672b23491b
2026-09-29T01:36:25.2326709Z Note: switching to '7689b27d6816de9d8927de12ddee13672b23491b'.
2026-09-29T01:36:25.2327754Z 
2026-09-29T01:36:25.2328443Z You are in 'detached HEAD' state. You can look around, make experimental
2026-09-29T01:36:25.2329718Z changes and commit them, and you can discard any commits you make in this
2026-09-29T01:36:25.2331022Z state without impacting any branches by switching back to a branch.
2026-09-29T01:36:25.2331773Z 
2026-09-29T01:36:25.2332332Z If you want to create a new branch to retain commits you create, you may
2026-09-29T01:36:25.2333666Z do so (now or later) by using -c with the switch command. Example:
2026-09-29T01:36:25.2334784Z 
2026-09-29T01:36:25.2335150Z   git switch -c <new-branch-name>
2026-09-29T01:36:25.2335894Z 
2026-09-29T01:36:25.2336252Z Or undo this operation with:
2026-09-29T01:36:25.2336774Z 
2026-09-29T01:36:25.2337079Z   git switch -
2026-09-29T01:36:25.2337510Z 
2026-09-29T01:36:25.2338204Z Turn off this advice by setting config variable advice.detachedHead to false
2026-09-29T01:36:25.2339748Z 
2026-09-29T01:36:25.2340733Z HEAD is now at 7689b27 Verify canonical nextpnr module names and resume the exact placed checkpoint
2026-09-29T01:36:25.2344454Z ##[endgroup]
2026-09-29T01:36:25.2390541Z [command]/usr/bin/git log -1 --format=%H
2026-09-29T01:36:25.2419365Z 7689b27d6816de9d8927de12ddee13672b23491b
2026-09-29T01:36:25.2430849Z ##[group]Removing auth
2026-09-29T01:36:25.2435741Z [command]/usr/bin/git config --local --name-only --get-regexp core\.sshCommand
2026-09-29T01:36:25.2473192Z [command]/usr/bin/git submodule foreach --recursive sh -c "git config --local --name-only --get-regexp 'core\.sshCommand' && git config --local --unset-all 'core.sshCommand' || :"
2026-09-29T01:36:25.2709019Z [command]/usr/bin/git config --local --name-only --get-regexp http\.https\:\/\/github\.com\/\.extraheader
2026-09-29T01:36:25.2739819Z http.https://github.com/.extraheader
2026-09-29T01:36:25.2748226Z [command]/usr/bin/git config --local --unset-all http.https://github.com/.extraheader
2026-09-29T01:36:25.2788678Z [command]/usr/bin/git submodule foreach --recursive sh -c "git config --local --name-only --get-regexp 'http\.https\:\/\/github\.com\/\.extraheader' && git config --local --unset-all 'http.https://github.com/.extraheader' || :"
2026-09-29T01:36:25.3022393Z [command]/usr/bin/git config --local --name-only --get-regexp ^includeIf\.gitdir:
2026-09-29T01:36:25.3060053Z [command]/usr/bin/git submodule foreach --recursive git config --local --show-origin --name-only --get-regexp remote.origin.url
2026-09-29T01:36:25.3292821Z ##[endgroup]
2026-09-29T01:36:25.3559356Z ##[group]Run set -euo pipefail
2026-09-29T01:36:25.3561987Z [36;1mset -euo pipefail[0m
2026-09-29T01:36:25.3563139Z [36;1mpython3 - <<'PY'[0m
2026-09-29T01:36:25.3564245Z [36;1m#!/usr/bin/env python3[0m
2026-09-29T01:36:25.3566374Z [36;1m"""Independently audit routed continuation and frozen functional/native evidence.[0m
2026-09-29T01:36:25.3568198Z [36;1m[0m
2026-09-29T01:36:25.3569480Z [36;1mRun from the tested checkout with GH_TOKEN, SWAY_TESTED_COMMIT,[0m
2026-09-29T01:36:25.3571417Z [36;1mSWAY_CI_RUN_ID, SWAY_PHYSICAL_JOB_ID, SWAY_FUNCTIONAL_COMMIT and[0m
2026-09-29T01:36:25.3573487Z [36;1mSWAY_FUNCTIONAL_RUN_ID set. Fails closed on missing or mismatched evidence.[0m
2026-09-29T01:36:25.3575167Z [36;1m"""[0m
2026-09-29T01:36:25.3576408Z [36;1m[0m
2026-09-29T01:36:25.3577315Z [36;1mimport re[0m
2026-09-29T01:36:25.3578305Z [36;1m[0m
2026-09-29T01:36:25.3579541Z [36;1mdef inspect_operand_control(rtl, expected_operands=None):[0m
2026-09-29T01:36:25.3581626Z [36;1m    """Inspect BSC continuous-assignment cones at native DSP operand ports.[0m
2026-09-29T01:36:25.3583297Z [36;1m[0m
2026-09-29T01:36:25.3584648Z [36;1m    Keep write-presence signals outside the operand cones: the compiler may[0m
2026-09-29T01:36:25.3586955Z [36;1m    share those signals with valid-bit generation. Unresolved identifiers are[0m
2026-09-29T01:36:25.3589128Z [36;1m    reported as leaves; this function does not parse procedural always blocks.[0m
2026-09-29T01:36:25.3591334Z [36;1m    The focused test has direct assignments from registered ROM data outputs.[0m
2026-09-29T01:36:25.3592957Z [36;1m    """[0m
2026-09-29T01:36:25.3594296Z [36;1m    names = sorted(set(re.findall(r"(?<![\w$])[\w$]*[ab]Wire[$_]whas\b", rtl)))[0m
2026-09-29T01:36:25.3596615Z [36;1m    drivers = dict(re.findall(r"\bassign\s+([\w$]+)\s*=\s*(.*?);", rtl, re.S))[0m
2026-09-29T01:36:25.3598502Z [36;1m    ports = re.findall(r"\.dataa[xy]\s*\(\s*([\w$]+)\s*\)", rtl)[0m
2026-09-29T01:36:25.3599941Z [36;1m    cones = {}[0m
2026-09-29T01:36:25.3600946Z [36;1m    for signal in ports:[0m
2026-09-29T01:36:25.3602398Z [36;1m        pending, seen = [signal], set()[0m
2026-09-29T01:36:25.3603625Z [36;1m        while pending:[0m
2026-09-29T01:36:25.3604747Z [36;1m            current = pending.pop()[0m
2026-09-29T01:36:25.3606131Z [36;1m            if current in seen:[0m
2026-09-29T01:36:25.3607246Z [36;1m                continue[0m
2026-09-29T01:36:25.3608310Z [36;1m            seen.add(current)[0m
2026-09-29T01:36:25.3609453Z [36;1m            if current in drivers:[0m
2026-09-29T01:36:25.3611020Z [36;1m                pending.extend(re.findall(r"[A-Za-z_][\w$]*", drivers[current]))[0m
2026-09-29T01:36:25.3612582Z [36;1m        cones[signal] = {[0m
2026-09-29T01:36:25.3613711Z [36;1m            "signals": sorted(seen),[0m
2026-09-29T01:36:25.3615291Z [36;1m            "assignments": {s: drivers[s] for s in sorted(seen) if s in drivers},[0m
2026-09-29T01:36:25.3617225Z [36;1m            "leaf_identifiers": sorted(seen - drivers.keys()),[0m
2026-09-29T01:36:25.3618953Z [36;1m            "write_presence_dependencies": sorted(set(names) & seen),[0m
2026-09-29T01:36:25.3620386Z [36;1m        }[0m
2026-09-29T01:36:25.3621287Z [36;1m    report = {[0m
2026-09-29T01:36:25.3622368Z [36;1m        "status": "pass",[0m
2026-09-29T01:36:25.3623482Z [36;1m        "operand_ports": ports,[0m
2026-09-29T01:36:25.3624659Z [36;1m        "operand_assignments": [[0m
2026-09-29T01:36:25.3626122Z [36;1m            "assign " + signal + " = " + drivers[signal] + ";"[0m
2026-09-29T01:36:25.3627603Z [36;1m            for signal in ports if signal in drivers[0m
2026-09-29T01:36:25.3628855Z [36;1m        ],[0m
2026-09-29T01:36:25.3629864Z [36;1m        "operand_dependency_cones": cones,[0m
2026-09-29T01:36:25.3631248Z [36;1m        "retained_write_presence_signals": names,[0m
2026-09-29T01:36:25.3632615Z [36;1m        "retained_write_presence_uses": [[0m
2026-09-29T01:36:25.3634212Z [36;1m            line.strip() for line in rtl.splitlines()[0m
2026-09-29T01:36:25.3635812Z [36;1m            if any(name in line for name in names)[0m
2026-09-29T01:36:25.3637024Z [36;1m        ],[0m
2026-09-29T01:36:25.3639497Z [36;1m        "scope": "Continuous-assignment operand cones; dollar and underscore identifiers supported. Presence signals outside operand cones are permitted and reported.",[0m
2026-09-29T01:36:25.3642143Z [36;1m    }[0m
2026-09-29T01:36:25.3643616Z [36;1m    assert ports and all(signal in drivers for signal in ports), "Operand drivers missing"[0m
2026-09-29T01:36:25.3645542Z [36;1m    if expected_operands is not None:[0m
2026-09-29T01:36:25.3647157Z [36;1m        assert len(ports) == expected_operands, "Unexpected operand port count"[0m
2026-09-29T01:36:25.3649863Z [36;1m    assert all(not cone["write_presence_dependencies"] for cone in cones.values()), "Operand data cone depends on write-presence control"[0m
2026-09-29T01:36:25.3652101Z [36;1m    return report[0m
2026-09-29T01:36:25.3653071Z [36;1m[0m
2026-09-29T01:36:25.3654616Z [36;1mimport ast,hashlib,json,math,os,re,subprocess,sys,tempfile,urllib.request,zipfile[0m
2026-09-29T01:36:25.3656612Z [36;1mfrom pathlib import Path[0m
2026-09-29T01:36:25.3657815Z [36;1mfrom datetime import datetime,timezone[0m
2026-09-29T01:36:25.3659046Z [36;1mrepo="SeMinLim/sway"[0m
2026-09-29T01:36:25.3660181Z [36;1mcommit=os.environ["SWAY_TESTED_COMMIT"][0m
2026-09-29T01:36:25.3661512Z [36;1mrun_id=int(os.environ["SWAY_CI_RUN_ID"])[0m
2026-09-29T01:36:25.3662885Z [36;1mjob_id=int(os.environ["SWAY_PHYSICAL_JOB_ID"])[0m
2026-09-29T01:36:25.3664424Z [36;1mfunctional_commit=os.environ["SWAY_FUNCTIONAL_COMMIT"][0m
2026-09-29T01:36:25.3666232Z [36;1mfunctional_run_id=int(os.environ["SWAY_FUNCTIONAL_RUN_ID"])[0m
2026-09-29T01:36:25.3667767Z [36;1moriginal_physical_artifact_id=11007703004[0m
2026-09-29T01:36:25.3669807Z [36;1moriginal_physical_artifact_digest="da294c44d427df02ca932dda0c163cbb66c6a51fcda924d0721278abf9bd06db"[0m
2026-09-29T01:36:25.3672351Z [36;1massert all(re.fullmatch(r"[0-9a-f]{40}", value) for value in (commit, functional_commit))[0m
2026-09-29T01:36:25.3674503Z [36;1massert run_id > 0 and job_id > 0 and functional_run_id > 0[0m
2026-09-29T01:36:25.3676436Z [36;1massert functional_commit == "80fbfe4cdb635606c394f435b28c1102c9de5829"[0m
2026-09-29T01:36:25.3678146Z [36;1massert functional_run_id == 36506484774[0m
2026-09-29T01:36:25.3679380Z [36;1mtoken=os.environ["GH_TOKEN"][0m
2026-09-29T01:36:25.3680478Z [36;1mdef api(path):[0m
2026-09-29T01:36:25.3682923Z [36;1m    request=urllib.request.Request("https://api.github.com/repos/"+repo+"/"+path,headers={"Authorization":"Bearer "+token,"Accept":"application/vnd.github+json"})[0m
2026-09-29T01:36:25.3685845Z [36;1m    with urllib.request.urlopen(request) as response:[0m
2026-09-29T01:36:25.3687249Z [36;1m        return json.load(response)[0m
2026-09-29T01:36:25.3688731Z [36;1martifacts=api(f"actions/runs/{run_id}/artifacts")["artifacts"][0m
2026-09-29T01:36:25.3690759Z [36;1mfunctional_artifacts=api(f"actions/runs/{functional_run_id}/artifacts")["artifacts"][0m
2026-09-29T01:36:25.3692935Z [36;1martifact=next(a for a in artifacts if a["name"]=="baseline-physical-"+commit)[0m
2026-09-29T01:36:25.3694582Z [36;1massert not artifact["expired"][0m
2026-09-29T01:36:25.3696359Z [36;1murl=f'https://api.github.com/repos/{repo}/actions/artifacts/{artifact["id"]}/zip'[0m
2026-09-29T01:36:25.3699907Z [36;1mdownload=subprocess.run(["curl","--fail","--silent","--show-error","--location","--retry","3","-H","Authorization: Bearer "+token,"-H","Accept: application/vnd.github+json",url,"--output","evidence.zip"],check=False)[0m
2026-09-29T01:36:25.3703247Z [36;1massert download.returncode==0,"Artifact download failed"[0m
2026-09-29T01:36:25.3704830Z [36;1msha=lambda data: hashlib.sha256(data).hexdigest()[0m
2026-09-29T01:36:25.3706406Z [36;1marchive=Path("evidence.zip").read_bytes()[0m
2026-09-29T01:36:25.3708125Z [36;1massert sha(archive)==artifact["digest"].removeprefix("sha256:")[0m
2026-09-29T01:36:25.3710308Z [36;1moriginal_artifact=next(a for a in functional_artifacts if a["id"]==original_physical_artifact_id)[0m
2026-09-29T01:36:25.3712599Z [36;1massert original_artifact["name"] == "baseline-physical-" + functional_commit[0m
2026-09-29T01:36:25.3714319Z [36;1massert not original_artifact["expired"][0m
2026-09-29T01:36:25.3716181Z [36;1massert original_artifact["digest"] == "sha256:" + original_physical_artifact_digest[0m
2026-09-29T01:36:25.3718651Z [36;1moriginal_url=f'https://api.github.com/repos/{repo}/actions/artifacts/{original_physical_artifact_id}/zip'[0m
2026-09-29T01:36:25.3721345Z [36;1massert subprocess.run(["curl","--fail","--silent","--show-error","--location","--retry","3",[0m
2026-09-29T01:36:25.3723618Z [36;1m                       "-H","Authorization: Bearer "+token,"-H","Accept: application/vnd.github+json",[0m
2026-09-29T01:36:25.3726452Z [36;1m                       original_url,"--output","original-placement.zip"],check=False).returncode==0, "Original artifact download failed"[0m
2026-09-29T01:36:25.3728904Z [36;1moriginal_archive=Path("original-placement.zip").read_bytes()[0m
2026-09-29T01:36:25.3730689Z [36;1massert sha(original_archive) == original_physical_artifact_digest[0m
2026-09-29T01:36:25.3732535Z [36;1massert len(original_archive) == original_artifact["size_in_bytes"][0m
2026-09-29T01:36:25.3734173Z [36;1moriginal_job=api("actions/jobs/109208949816")[0m
2026-09-29T01:36:25.3735688Z [36;1massert original_job["conclusion"] == "failure"[0m
2026-09-29T01:36:25.3737621Z [36;1massert original_job["run_id"] == functional_run_id and original_job["head_sha"] == functional_commit[0m
2026-09-29T01:36:25.3740567Z [36;1massert next(step for step in original_job["steps"] if step["name"] == "Generate bitstream after strict physical pass")["conclusion"] == "skipped"[0m
2026-09-29T01:36:25.3743197Z [36;1mwith zipfile.ZipFile("original-placement.zip") as original_zip:[0m
2026-09-29T01:36:25.3745014Z [36;1m    original_report_raw=original_zip.read("physical/report.json")[0m
2026-09-29T01:36:25.3746986Z [36;1m    original_report=json.loads(original_report_raw)[0m
2026-09-29T01:36:25.3748842Z [36;1m    original_files_sha256 = {name.removeprefix("physical/"): sha(original_zip.read(name))[0m
2026-09-29T01:36:25.3750702Z [36;1m                             for name in original_zip.namelist()[0m
2026-09-29T01:36:25.3752364Z [36;1m                             if name.startswith("physical/") and not name.endswith("/")[0m
2026-09-29T01:36:25.3754024Z [36;1m                             and name != "physical/report.json"}[0m
2026-09-29T01:36:25.3755941Z [36;1m    assert original_zip.read("sway-commit.txt").decode().strip() == functional_commit[0m
2026-09-29T01:36:25.3757865Z [36;1m    assert original_report["sway_commit"] == functional_commit[0m
2026-09-29T01:36:25.3759752Z [36;1m    assert original_report["status"] == "fail" and original_report["error"] == "'mkTop'"[0m
2026-09-29T01:36:25.3762041Z [36;1m    assert original_report["source_hashes_unchanged"] and original_report["placement_complete"][0m
2026-09-29T01:36:25.3764554Z [36;1m    assert len(original_report["commands"]) == 2 and all(c["exit_code"] == 0 for c in original_report["commands"])[0m
2026-09-29T01:36:25.3766805Z [36;1m    assert not original_report.get("routing_complete", False)[0m
2026-09-29T01:36:25.3768505Z [36;1m    assert "physical/mkTop.bit" not in original_zip.namelist()[0m
2026-09-29T01:36:25.3845102Z [36;1m    for name,h in original_report["evidence_sha256"].items():[0m
2026-09-29T01:36:25.3847979Z [36;1m        assert sha(original_zip.read("physical/" + name)) == h, name[0m
2026-09-29T01:36:25.3850760Z [36;1m    for name,h in original_report["generated_rtl_sha256"].items():[0m
2026-09-29T01:36:25.3853729Z [36;1m        assert sha(original_zip.read("physical/build/" + name)) == h, name[0m
2026-09-29T01:36:25.3858930Z [36;1m    assert sha(original_zip.read("physical/build/mkTop.json")) == original_report["netlist_sha256"] == original_report["reset_merge"]["output_sha256"][0m
2026-09-29T01:36:25.3863661Z [36;1m    assert sha(original_zip.read("physical/" + original_report["constraints"]["path"])) == original_report["constraints"]["sha256"][0m
2026-09-29T01:36:25.3866099Z [36;1m[0m
2026-09-29T01:36:25.3867006Z [36;1mjob=api(f"actions/jobs/{job_id}")[0m
2026-09-29T01:36:25.3868218Z [36;1massert job["conclusion"]=="success"[0m
2026-09-29T01:36:25.3870148Z [36;1mbit_step=next(s for s in job["steps"] if s["name"]=="Generate bitstream after strict physical pass")[0m
2026-09-29T01:36:25.3872019Z [36;1massert bit_step["conclusion"]=="success"[0m
2026-09-29T01:36:25.3873756Z [36;1massert subprocess.check_output(["git","rev-parse","HEAD"],text=True).strip()==commit[0m
2026-09-29T01:36:25.3876233Z [36;1msubprocess.run(["git", "fetch", "--quiet", "--depth=1", "origin", functional_commit], check=True)[0m
2026-09-29T01:36:25.3878981Z [36;1mchanged_hw=subprocess.check_output(["git", "diff", "--name-only", functional_commit, commit, "--", "hw"], text=True).splitlines()[0m
2026-09-29T01:36:25.3881619Z [36;1mchanged_production = [name for name in changed_hw if not name.startswith("hw/results/")][0m
2026-09-29T01:36:25.3883809Z [36;1massert changed_production == ["hw/reference/check_physical.py"], changed_production[0m
2026-09-29T01:36:25.3886484Z [36;1mresume_script = Path("hw/results/physical-native/reset-placement/resume-routing.py").read_bytes()[0m
2026-09-29T01:36:25.3888991Z [36;1massert sha(resume_script) == "92eb2fe1b82314c353b7f7127a09705e2a01fdee7951bee260bd65244ceef9b2"[0m
2026-09-29T01:36:25.3891486Z [36;1mold_checker=subprocess.check_output(["git", "show", functional_commit + ":hw/reference/check_physical.py"])[0m
2026-09-29T01:36:25.3894003Z [36;1massert sha(old_checker) == original_report["source_sha256"]["sway/hw/reference/check_physical.py"][0m
2026-09-29T01:36:25.3895927Z [36;1m[0m
2026-09-29T01:36:25.3897025Z [36;1mast.parse(Path("hw/reference/generate.py").read_text())[0m
2026-09-29T01:36:25.3899265Z [36;1msubprocess.run(["git","clone","--quiet","https://github.com/SeMinLim/blueyosys.git","blueyosys-evidence"],check=True)[0m
2026-09-29T01:36:25.3902511Z [36;1msubprocess.run(["git","-C","blueyosys-evidence","checkout","--quiet","--detach","3663e87b88146c248919923ea952e025944ca3e0"],check=True)[0m
2026-09-29T01:36:25.3904749Z [36;1mwith zipfile.ZipFile("evidence.zip") as z:[0m
2026-09-29T01:36:25.3906362Z [36;1m    report_raw=z.read("physical/report.json")[0m
2026-09-29T01:36:25.3907609Z [36;1m    r=json.loads(report_raw)[0m
2026-09-29T01:36:25.3908890Z [36;1m    assert r["status"]=="pass" and r["sway_commit"]==commit[0m
2026-09-29T01:36:25.3910460Z [36;1m    assert z.read("sway-commit.txt").decode().strip()==commit[0m
2026-09-29T01:36:25.3912171Z [36;1m    assert r["blueyosys_commit"]=="3663e87b88146c248919923ea952e025944ca3e0"[0m
2026-09-29T01:36:25.3914218Z [36;1m    assert r["source_hashes_unchanged"] and r["placement_complete"] and r["routing_complete"][0m
2026-09-29T01:36:25.3916201Z [36;1m    resumed=r["resumed_from"][0m
2026-09-29T01:36:25.3917839Z [36;1m    assert resumed["commit"] == functional_commit and resumed["run_id"] == functional_run_id[0m
2026-09-29T01:36:25.3920128Z [36;1m    assert resumed["job_id"] == 109208949816 and resumed["artifact_id"] == original_physical_artifact_id[0m
2026-09-29T01:36:25.3922239Z [36;1m    assert resumed["artifact_sha256"] == original_physical_artifact_digest[0m
2026-09-29T01:36:25.3924020Z [36;1m    assert resumed["artifact_size_bytes"] == len(original_archive)[0m
2026-09-29T01:36:25.3925988Z [36;1m    assert resumed["report_sha256"] == sha(original_report_raw)[0m
2026-09-29T01:36:25.3927699Z [36;1m    assert resumed["report_path"] == "prior-placement-report.json"[0m
2026-09-29T01:36:25.3929505Z [36;1m    assert resumed["artifact_api"]["id"] == original_physical_artifact_id[0m
2026-09-29T01:36:25.3931514Z [36;1m    assert resumed["artifact_api"]["digest"] == "sha256:" + original_physical_artifact_digest[0m
2026-09-29T01:36:25.3933802Z [36;1m    assert z.read("physical/prior-placement-report.json") == original_report_raw[0m
2026-09-29T01:36:25.3935892Z [36;1m    assert r["commands"][:2] == original_report["commands"][0m
2026-09-29T01:36:25.3937625Z [36;1m    assert resumed["source_sha256_before"] == original_report["source_sha256"][0m
2026-09-29T01:36:25.3939386Z [36;1m    assert resumed["source_sha256_after"] == r["source_sha256"][0m
2026-09-29T01:36:25.3941073Z [36;1m    assert set(r["source_sha256"]) == set(original_report["source_sha256"])[0m
2026-09-29T01:36:25.3943041Z [36;1m    source_changes={name: {"before": original_report["source_sha256"][name], "after": value}[0m
2026-09-29T01:36:25.3944837Z [36;1m                    for name,value in r["source_sha256"].items()[0m
2026-09-29T01:36:25.3946632Z [36;1m                    if value != original_report["source_sha256"][name]}[0m
2026-09-29T01:36:25.3948294Z [36;1m    assert set(source_changes) == {"sway/hw/reference/check_physical.py"}[0m
2026-09-29T01:36:25.3949978Z [36;1m    assert resumed["source_changes"] == source_changes[0m
2026-09-29T01:36:25.3951521Z [36;1m    assert resumed["tools_before"] == original_report["tools"][0m
2026-09-29T01:36:25.3953179Z [36;1m    assert resumed["original_files_sha256"] == original_files_sha256[0m
2026-09-29T01:36:25.3954758Z [36;1m    for name, digest in original_files_sha256.items():[0m
2026-09-29T01:36:25.3956683Z [36;1m        assert sha(z.read("physical/" + name)) == digest, "Original file changed: " + name[0m
2026-09-29T01:36:25.3958344Z [36;1m    for tool in original_report["tools"]:[0m
2026-09-29T01:36:25.3959566Z [36;1m        for key in ("version", "sha256"):[0m
2026-09-29T01:36:25.3961022Z [36;1m            assert r["tools"][tool][key] == original_report["tools"][tool][key][0m
2026-09-29T01:36:25.3963331Z [36;1m    for key in ("netlist_sha256", "reset_merge", "synthesis_cells", "generated_rtl_sha256", "constraints", "packed_utilization"):[0m
2026-09-29T01:36:25.3965704Z [36;1m        assert r[key] == original_report[key], key[0m
2026-09-29T01:36:25.3967381Z [36;1m    for name,h in original_report["evidence_sha256"].items():[0m
2026-09-29T01:36:25.3969236Z [36;1m        assert sha(z.read("physical/" + name)) == h, "Original placement evidence changed: " + name[0m
2026-09-29T01:36:25.3971387Z [36;1m    assert r["placed_netlist_sha256"] == original_report["evidence_sha256"]["placed.json"][0m
2026-09-29T01:36:25.3973567Z [36;1m    assert r["placement_report_sha256"] == original_report["evidence_sha256"]["placement.json"][0m
2026-09-29T01:36:25.3975209Z [36;1m[0m
2026-09-29T01:36:25.3976852Z [36;1m    assert (r["board"],r["top"],r["speed_grade"],r["seed"],r["router"])==("ulx3s-85f","mkTop",6,1,"router1")[0m
2026-09-29T01:36:25.3978930Z [36;1m    assert len(r["commands"])==3 and all(c["exit_code"]==0 for c in r["commands"])[0m
2026-09-29T01:36:25.3981127Z [36;1m    assert all("--timing-allow-fail" not in c["command"] and "--force" not in c["command"] for c in r["commands"])[0m
2026-09-29T01:36:25.3982983Z [36;1m    def option(command, flag):[0m
2026-09-29T01:36:25.3984180Z [36;1m        assert command.count(flag) == 1, flag[0m
2026-09-29T01:36:25.3985710Z [36;1m        return command[command.index(flag) + 1][0m
2026-09-29T01:36:25.3987292Z [36;1m    place_command, route_command = [c["command"] for c in r["commands"][1:]][0m
2026-09-29T01:36:25.3988926Z [36;1m    for command in (place_command, route_command):[0m
2026-09-29T01:36:25.3990182Z [36;1m        assert "--85k" in command[0m
2026-09-29T01:36:25.3991541Z [36;1m        for flag, value in (("--package", "CABGA381"), ("--speed", "6"),[0m
2026-09-29T01:36:25.3993193Z [36;1m                            ("--seed", "1"), ("--freq", "100"), ("--router", "router1")):[0m
2026-09-29T01:36:25.3994679Z [36;1m            assert option(command, flag) == value[0m
2026-09-29T01:36:25.3996175Z [36;1m    assert "--no-route" in place_command[0m
2026-09-29T01:36:25.3997890Z [36;1m    assert "--no-pack" in route_command and "--no-place" in route_command[0m
2026-09-29T01:36:25.3999673Z [36;1m    assert Path(option(place_command, "--json")).name == "mkTop.json"[0m
2026-09-29T01:36:25.4001434Z [36;1m    assert Path(option(route_command, "--json")).name == "placed.json"[0m
2026-09-29T01:36:25.4002995Z [36;1m    for name,h in r["evidence_sha256"].items():[0m
2026-09-29T01:36:25.4004329Z [36;1m        assert sha(z.read("physical/"+name))==h,name[0m
2026-09-29T01:36:25.4006037Z [36;1m    for name,h in r["generated_rtl_sha256"].items():[0m
2026-09-29T01:36:25.4007484Z [36;1m        assert sha(z.read("physical/build/"+name))==h,name[0m
2026-09-29T01:36:25.4009443Z [36;1m    assert sha(z.read("physical/build/mkTop.json"))==r["netlist_sha256"]==r["reset_merge"]["output_sha256"][0m
2026-09-29T01:36:25.4012025Z [36;1m    assert sha(z.read("physical/placed.json"))==r["placed_netlist_sha256"][0m
2026-09-29T01:36:25.4013851Z [36;1m    reset = r["reset_placement"][0m
2026-09-29T01:36:25.4015097Z [36;1m    assert reset["hook"] == "place_core_reset.py"[0m
2026-09-29T01:36:25.4016744Z [36;1m    reset_hook = z.read("physical/" + reset["hook"])[0m
2026-09-29T01:36:25.4018132Z [36;1m    assert sha(reset_hook) == reset["hook_sha256"][0m
2026-09-29T01:36:25.4020786Z [36;1m    assert reset_hook == Path("hw/reference/place_core_reset.py").read_bytes()[0m
2026-09-29T01:36:25.4024087Z [36;1m    assert r["source_sha256"]["sway/hw/reference/place_core_reset.py"] == reset["hook_sha256"][0m
2026-09-29T01:36:25.4028015Z [36;1m    assert Path(option(place_command, "--pre-place")).name == reset["hook"][0m
2026-09-29T01:36:25.4030723Z [36;1m    assert "--pre-place" not in route_command[0m
2026-09-29T01:36:25.4033882Z [36;1m    assert '--pre-place "$(PROJECT_DIR)/reference/place_core_reset.py"' in Path("hw/Makefile").read_text()[0m
2026-09-29T01:36:25.4037303Z [36;1m    reset_prefix = "SWAY_RESET_PLACEMENT "[0m
2026-09-29T01:36:25.4040666Z [36;1m    reset_lines = [line[len(reset_prefix):] for line in z.read("physical/placement.console.log").decode().splitlines()[0m
2026-09-29T01:36:25.4044395Z [36;1m                   if line.startswith(reset_prefix)][0m
2026-09-29T01:36:25.4046628Z [36;1m    assert len(reset_lines) == 1[0m
2026-09-29T01:36:25.4048651Z [36;1m    selected_reset = json.loads(reset_lines[0])[0m
2026-09-29T01:36:25.4051284Z [36;1m    assert all(reset[key] == value for key, value in selected_reset.items())[0m
2026-09-29T01:36:25.4054172Z [36;1m    assert reset["cell"] == "clocks_coreReset.OUT_RST_TRELLIS_FF_Q"[0m
2026-09-29T01:36:25.4056749Z [36;1m    assert reset["cell_type"] == "TRELLIS_FF"[0m
2026-09-29T01:36:25.4058647Z [36;1m    assert reset["selection"] == "nearest-available-FF-to-grid-center"[0m
2026-09-29T01:36:25.4060514Z [36;1m    assert reset["placed_bel_verified"] and reset["placed_bel"] == reset["bel"][0m
2026-09-29T01:36:25.4062255Z [36;1m    assert 0 < reset["available_ff_sites"] <= reset["ff_sites"][0m
2026-09-29T01:36:25.4063627Z [36;1m    x, y, zloc = reset["location"][0m
2026-09-29T01:36:25.4064909Z [36;1m    xmin, ymin, xmax, ymax = reset["ff_grid_bounds"][0m
2026-09-29T01:36:25.4066534Z [36;1m    assert xmin <= x <= xmax and ymin <= y <= ymax[0m
2026-09-29T01:36:25.4067998Z [36;1m    assert reset["center"] == [(xmin + xmax) / 2, (ymin + ymax) / 2][0m
2026-09-29T01:36:25.4069649Z [36;1m    assert re.match(r"X" + str(x) + r"/Y" + str(y) + r"/", reset["bel"])[0m
2026-09-29T01:36:25.4071244Z [36;1m    placed = json.loads(z.read("physical/placed.json"))[0m
2026-09-29T01:36:25.4072726Z [36;1m    reset_cells = [(name, module["cells"][reset["cell"]])[0m
2026-09-29T01:36:25.4074177Z [36;1m                   for name, module in placed["modules"].items()[0m
2026-09-29T01:36:25.4075867Z [36;1m                   if reset["cell"] in module.get("cells", {})][0m
2026-09-29T01:36:25.4077659Z [36;1m    assert len(reset_cells) == 1, "Expected exactly one placed core-reset FF across modules"[0m
2026-09-29T01:36:25.4079423Z [36;1m    reset_module, reset_cell = reset_cells[0][0m
2026-09-29T01:36:25.4080978Z [36;1m    assert reset["placed_module"] == reset_module[0m
2026-09-29T01:36:25.4082324Z [36;1m    assert reset_cell["type"] == "TRELLIS_FF"[0m
2026-09-29T01:36:25.4083793Z [36;1m    assert reset_cell["attributes"]["NEXTPNR_BEL"] == reset["bel"][0m
2026-09-29T01:36:25.4085122Z [36;1m[0m
2026-09-29T01:36:25.4086714Z [36;1m    assert sha(z.read("physical/"+r["constraints"]["path"]))==r["constraints"]["sha256"][0m
2026-09-29T01:36:25.4088799Z [36;1m    assert sha(z.read("physical/"+r["route_clocks"]["hook"]))==r["route_clocks"]["hook_sha256"][0m
2026-09-29T01:36:25.4090690Z [36;1m    assert sha(z.read("physical/mkTop.config"))==r["config_sha256"][0m
2026-09-29T01:36:25.4092870Z [36;1m    assert r["route_clocks"]["targets_mhz"]=={"$glbnet$clocks_pll_clk_100mhz":100.0,"$glbnet$CLK_clk_25mhz$TRELLIS_IO_IN":25.0}[0m
2026-09-29T01:36:25.4094904Z [36;1m    raw_timing = z.read("physical/nextpnr.json")[0m
2026-09-29T01:36:25.4096450Z [36;1m    routed_timing = json.loads(raw_timing)[0m
2026-09-29T01:36:25.4097818Z [36;1m    assert routed_timing["fmax"] == r["reported_clocks"][0m
2026-09-29T01:36:25.4099135Z [36;1m    assert routed_timing["fmax"][0m
2026-09-29T01:36:25.4100353Z [36;1m    for clock in routed_timing["fmax"].values():[0m
2026-09-29T01:36:25.4102004Z [36;1m        assert math.isfinite(clock["achieved"]) and math.isfinite(clock["constraint"])[0m
2026-09-29T01:36:25.4103987Z [36;1m        assert clock["constraint"] > 0 and clock["achieved"] >= clock["constraint"][0m
2026-09-29T01:36:25.4105907Z [36;1m    for domain,minimum in [("core",100.0),("uart",25.0)]:[0m
2026-09-29T01:36:25.4107205Z [36;1m        c=r["clocks"][domain][0m
2026-09-29T01:36:25.4108414Z [36;1m        assert c["pass"] and c["required_mhz"]==minimum[0m
2026-09-29T01:36:25.4110056Z [36;1m        assert abs(c["constraint_mhz"]-minimum)<.001 and c["achieved_mhz"]>=minimum[0m
2026-09-29T01:36:25.4111675Z [36;1m        raw_clock = routed_timing["fmax"][c["net"]][0m
2026-09-29T01:36:25.4113045Z [36;1m        assert c["achieved_mhz"] == raw_clock["achieved"][0m
2026-09-29T01:36:25.4114711Z [36;1m        assert c["constraint_mhz"] == raw_clock["constraint"][0m
2026-09-29T01:36:25.4116685Z [36;1m    assert all(v["used"]<=v["available"] for v in r["packed_utilization"].values())[0m
2026-09-29T01:36:25.4118309Z [36;1m    for name,h in r["source_sha256"].items():[0m
2026-09-29T01:36:25.4119555Z [36;1m        prefix,relative=name.split("/",1)[0m
2026-09-29T01:36:25.4120811Z [36;1m        assert ".." not in Path(relative).parts[0m
2026-09-29T01:36:25.4122439Z [36;1m        path=Path(relative) if prefix=="sway" else Path("blueyosys-evidence")/relative[0m
2026-09-29T01:36:25.4124060Z [36;1m        assert prefix in ("sway","blueyosys")[0m
2026-09-29T01:36:25.4125321Z [36;1m        assert sha(path.read_bytes())==h,name[0m
2026-09-29T01:36:25.4126992Z [36;1m    sys.path.insert(0, str(Path("hw/reference").resolve()))[0m
2026-09-29T01:36:25.4128437Z [36;1m    from check_physical import source_hashes[0m
2026-09-29T01:36:25.4130245Z [36;1m    assert r["source_sha256"] == source_hashes(Path("hw").resolve(), Path("blueyosys-evidence").resolve())[0m
2026-09-29T01:36:25.4132095Z [36;1m    full_rtl=z.read("physical/build/mkTop.v")[0m
2026-09-29T01:36:25.4133503Z [36;1m    full_control=inspect_operand_control(full_rtl.decode())[0m
2026-09-29T01:36:25.4134996Z [36;1m    full_control["generated_rtl_sha256"]=sha(full_rtl)[0m
2026-09-29T01:36:25.4136939Z [36;1m    full_dsp_instances=len(re.findall(r"sway_mult18x18d\s+[\w$]+\s*\(",full_rtl.decode()))[0m
2026-09-29T01:36:25.4138536Z [36;1m    assert full_dsp_instances>0[0m
2026-09-29T01:36:25.4140182Z [36;1m    assert len(full_control["operand_ports"])==2*full_dsp_instances,"DSP operand coverage incomplete"[0m
2026-09-29T01:36:25.4141955Z [36;1m    bit=z.read("physical/mkTop.bit")[0m
2026-09-29T01:36:25.4143521Z [36;1m    assert len(bit)>0 and sha(bit)==z.read("physical/bitstream.sha256").decode().split()[0][0m
2026-09-29T01:36:25.4145713Z [36;1m    timing=z.read("physical/timing_summary.json")[0m
2026-09-29T01:36:25.4147077Z [36;1m    timing_summary = json.loads(timing)[0m
2026-09-29T01:36:25.4148538Z [36;1m    assert timing_summary["detailed_report_sha256"] == sha(raw_timing)[0m
2026-09-29T01:36:25.4150158Z [36;1m    assert timing_summary["fmax"] == routed_timing["fmax"][0m
2026-09-29T01:36:25.4151855Z [36;1m    assert timing_summary["critical_paths"] == routed_timing["critical_paths"][0m
2026-09-29T01:36:25.4153847Z [36;1m    audit={"status":"pass","tested_commit":commit,"ci_run_id":run_id,"physical_job_id":job_id,[0m
2026-09-29T01:36:25.4156192Z [36;1m           "functional_commit":functional_commit,"functional_ci_run_id":functional_run_id,[0m
2026-09-29T01:36:25.4158466Z [36;1m           "continuation_provenance": {"original_commit": functional_commit, "original_run_id": functional_run_id,[0m
2026-09-29T01:36:25.4160971Z [36;1m               "original_job_id": 109208949816, "original_job_conclusion": "failure", "original_checker_error": "'mkTop'",[0m
2026-09-29T01:36:25.4163598Z [36;1m               "original_artifact_id": original_physical_artifact_id, "original_artifact_sha256": original_physical_artifact_digest,[0m
2026-09-29T01:36:25.4166563Z [36;1m               "original_report_sha256": sha(original_report_raw), "original_archive_digest_independently_verified": True,[0m
2026-09-29T01:36:25.4169130Z [36;1m               "original_synthesis_and_placement_commands_verified": True, "original_placement_evidence_unchanged": True,[0m
2026-09-29T01:36:25.4171277Z [36;1m               "original_physical_files_verified": len(original_files_sha256),[0m
2026-09-29T01:36:25.4173040Z [36;1m               "source_changes": source_changes, "hardware_tree_delta": changed_hw,[0m
2026-09-29T01:36:25.4175028Z [36;1m               "production_tree_delta": changed_production,"resume_script_sha256":sha(resume_script)},[0m
2026-09-29T01:36:25.4177140Z [36;1m           "audited_utc":datetime.now(timezone.utc).isoformat(),[0m
2026-09-29T01:36:25.4179088Z [36;1m           "artifact":{"id":artifact["id"],"bytes":len(archive),"sha256":sha(archive),"api_digest_verified":True},[0m
2026-09-29T01:36:25.4181553Z [36;1m           "physical_report_sha256":sha(report_raw),"source_files_verified":len(r["source_sha256"]),[0m
2026-09-29T01:36:25.4183668Z [36;1m           "sway_source_files_verified":sum(k.startswith("sway/") for k in r["source_sha256"]),[0m
2026-09-29T01:36:25.4185556Z [36;1m           "evidence_files_verified":len(r["evidence_sha256"]),[0m
2026-09-29T01:36:25.4187113Z [36;1m           "generated_rtl_files_verified":len(r["generated_rtl_sha256"]),[0m
2026-09-29T01:36:25.4189015Z [36;1m           "full_top_operand_control":dict(full_control,native_dsp_instances=full_dsp_instances),[0m
2026-09-29T01:36:25.4190932Z [36;1m           "clocks":r["clocks"],"packed_utilization":r["packed_utilization"],[0m
2026-09-29T01:36:25.4193322Z [36;1m           "reset_placement":dict(reset, hook_matches_frozen_source=True, console_report_verified=True, placed_bel_verified_independently=True),[0m
2026-09-29T01:36:25.4195872Z [36;1m           "config_sha256":r["config_sha256"],"timing_summary_sha256":sha(timing),[0m
2026-09-29T01:36:25.4197674Z [36;1m           "detailed_timing_sha256":sha(raw_timing),"raw_timing_cross_checked":True,[0m
2026-09-29T01:36:25.4199724Z [36;1m           "bitstream":{"bytes":len(bit),"sha256":sha(bit),"ecppack_step_conclusion":bit_step["conclusion"]},[0m
2026-09-29T01:36:25.4203800Z [36;1m           "scope":"Independent ZIP integrity, frozen checkout and dependency source hashes, strict physical gates, reset placement hook/source identity, selected and actual placed BEL, generated RTL/netlists/constraints/configuration and bitstream digest. No physical board test."}[0m
2026-09-29T01:36:25.4207466Z [36;1mrun=api(f"actions/runs/{run_id}")[0m
2026-09-29T01:36:25.4208782Z [36;1massert run["head_sha"]==commit and run["conclusion"]=="success"[0m
2026-09-29T01:36:25.4210498Z [36;1mjobs=api(f"actions/runs/{run_id}/jobs?per_page=100")["jobs"][0m
2026-09-29T01:36:25.4212048Z [36;1massert jobs and all(j["conclusion"]=="success" for j in jobs)[0m
2026-09-29T01:36:25.4213455Z [36;1massert any(j["id"] == job_id for j in jobs)[0m
2026-09-29T01:36:25.4214811Z [36;1mfunctional_run=api(f"actions/runs/{functional_run_id}")[0m
2026-09-29T01:36:25.4216413Z [36;1massert functional_run["head_sha"] == functional_commit[0m
2026-09-29T01:36:25.4218112Z [36;1mfunctional_jobs=api(f"actions/runs/{functional_run_id}/jobs?per_page=100")["jobs"][0m
2026-09-29T01:36:25.4220244Z [36;1mrequired_functional_names = {"Functional divisor 1", "Functional divisor 2", "Functional divisor 4",[0m
2026-09-29T01:36:25.4222139Z [36;1m                             "Native multiplier boundary, stall and reset"}[0m
2026-09-29T01:36:25.4223974Z [36;1mrequired_functional_jobs = [j for j in functional_jobs if j["name"] in required_functional_names][0m
2026-09-29T01:36:25.4225814Z [36;1massert len(required_functional_jobs) == 4[0m
2026-09-29T01:36:25.4227365Z [36;1massert {j["name"] for j in required_functional_jobs} == required_functional_names[0m
2026-09-29T01:36:25.4229214Z [36;1massert all(j["conclusion"] == "success" for j in required_functional_jobs)[0m
2026-09-29T01:36:25.4231086Z [36;1maudit["jobs"] = [{"id": j["id"], "name": j["name"], "conclusion": j["conclusion"], "run_id": run_id}[0m
2026-09-29T01:36:25.4232643Z [36;1m                 for j in jobs][0m
2026-09-29T01:36:25.4234100Z [36;1maudit["functional_jobs"] = [{"id": j["id"], "name": j["name"], "conclusion": j["conclusion"],[0m
2026-09-29T01:36:25.4236066Z [36;1m                              "run_id": functional_run_id} for j in required_functional_jobs][0m
2026-09-29T01:36:25.4237800Z [36;1maudit["functional_run_conclusion"] = functional_run["conclusion"][0m
2026-09-29T01:36:25.4240365Z [36;1maudit["functional_run_scope"] = "Four successful functional/native jobs; its original physical job is retained as a failed checker run, not a physical pass."[0m
2026-09-29T01:36:25.4242801Z [36;1msys.path.insert(0,str(Path("hw/reference").resolve()))[0m
2026-09-29T01:36:25.4244259Z [36;1mfrom check_sim import check_log[0m
2026-09-29T01:36:25.4245577Z [36;1mfrom check_refactor import check_kernel[0m
2026-09-29T01:36:25.4246747Z [36;1maudit["functional_artifacts"]=[][0m
2026-09-29T01:36:25.4247806Z [36;1mdef check_sources(hashes):[0m
2026-09-29T01:36:25.4248847Z [36;1m    for name,h in hashes.items():[0m
2026-09-29T01:36:25.4250207Z [36;1m        assert ".." not in Path(name).parts and not Path(name).is_absolute()[0m
2026-09-29T01:36:25.4251743Z [36;1m        assert sha((Path("hw")/name).read_bytes())==h,name[0m
2026-09-29T01:36:25.4252958Z [36;1mfor divisor in (1,2,4):[0m
2026-09-29T01:36:25.4254685Z [36;1m    a=next(a for a in functional_artifacts if a["name"]==f"baseline-functional-divisor-{divisor}-{functional_commit}")[0m
2026-09-29T01:36:25.4256624Z [36;1m    assert not a["expired"][0m
2026-09-29T01:36:25.4257725Z [36;1m    filename=f"functional-{divisor}.zip"[0m
2026-09-29T01:36:25.4259219Z [36;1m    url=f'https://api.github.com/repos/{repo}/actions/artifacts/{a["id"]}/zip'[0m
2026-09-29T01:36:25.4262640Z [36;1m    assert subprocess.run(["curl","--fail","--silent","--show-error","--location","--retry","3","-H","Authorization: Bearer "+token,"-H","Accept: application/vnd.github+json",url,"--output",filename],check=False).returncode==0, "Artifact download failed"[0m
2026-09-29T01:36:25.4265798Z [36;1m    data=Path(filename).read_bytes()[0m
2026-09-29T01:36:25.4267071Z [36;1m    assert sha(data)==a["digest"].removeprefix("sha256:")[0m
2026-09-29T01:36:25.4268932Z [36;1m    item={"divisor":divisor,"artifact_id":a["id"],"bytes":len(data),"sha256":sha(data),"api_digest_verified":True}[0m
2026-09-29T01:36:25.4270715Z [36;1m    with zipfile.ZipFile(filename) as z:[0m
2026-09-29T01:36:25.4272146Z [36;1m        assert z.read("sway-commit.txt").decode().strip()==functional_commit[0m
2026-09-29T01:36:25.4273795Z [36;1m        raw=z.read("functional/validation.json")[0m
2026-09-29T01:36:25.4274951Z [36;1m        v=json.loads(raw)[0m
2026-09-29T01:36:25.4276331Z [36;1m        assert v["status"]=="pass" and len(v["configurations"])==2[0m
2026-09-29T01:36:25.4277688Z [36;1m        check_sources(v["source_sha256"])[0m
2026-09-29T01:36:25.4278880Z [36;1m        assert len(v["source_sha256"])==137[0m
2026-09-29T01:36:25.4280009Z [36;1m        item["report_sha256"]=sha(raw)[0m
2026-09-29T01:36:25.4281273Z [36;1m        item["source_files_verified"]=len(v["source_sha256"])[0m
2026-09-29T01:36:25.4282536Z [36;1m        item["configurations"]=[][0m
2026-09-29T01:36:25.4284691Z [36;1m        configured,count=re.subn(r"typedef \d+ ParallelismDivisor;",f"typedef {divisor} ParallelismDivisor;",Path("hw/bsv/SwayTypes.bsv").read_text())[0m
2026-09-29T01:36:25.4286951Z [36;1m        assert count==1[0m
2026-09-29T01:36:25.4288225Z [36;1m        assert {c["mode"] for c in v["configurations"]}=={"stress","kernel"}[0m
2026-09-29T01:36:25.4289769Z [36;1m        with tempfile.TemporaryDirectory() as tmp:[0m
2026-09-29T01:36:25.4291028Z [36;1m            for c in v["configurations"]:[0m
2026-09-29T01:36:25.4292412Z [36;1m                assert c["status"]=="pass" and c["parallelism_divisor"]==divisor[0m
2026-09-29T01:36:25.4294067Z [36;1m                assert c["configured_types_sha256"]==sha(configured.encode())[0m
2026-09-29T01:36:25.4296048Z [36;1m                assert (c["frames_checked"],c["scalar_outputs_checked"],c["input_words"])==(14,798,4480)[0m
2026-09-29T01:36:25.4297776Z [36;1m                assert c["post_completion_drain_cycles"]>=2048[0m
2026-09-29T01:36:25.4299886Z [36;1m                log=z.read(f'functional/divisor{divisor}_{c["mode"]}/simulation.log')[0m
2026-09-29T01:36:25.4301839Z [36;1m                assert sha(log)==c["log_sha256"][0m
2026-09-29T01:36:25.4303099Z [36;1m                logpath=Path(tmp)/"simulation.log"[0m
2026-09-29T01:36:25.4304297Z [36;1m                logpath.write_bytes(log)[0m
2026-09-29T01:36:25.4305848Z [36;1m                checker=check_log if c["mode"]=="stress" else check_kernel[0m
2026-09-29T01:36:25.4308238Z [36;1m                recomputed=checker(logpath,Path("hw/generated/test_input.hex"),Path("hw/generated/test_expected.hex"),"iverilog")[0m
2026-09-29T01:36:25.4310381Z [36;1m                assert all(c[k]==value for k,value in recomputed.items())[0m
2026-09-29T01:36:25.4313106Z [36;1m                item["configurations"].append({"mode":c["mode"],"status":"pass","frames":14,"outputs":798,"finish_cycle":c["finish_cycle"],"log_sha256":sha(log),"log_reparsed_against_frozen_fixtures":True})[0m
2026-09-29T01:36:25.4315715Z [36;1m        if divisor==4:[0m
2026-09-29T01:36:25.4316807Z [36;1m            raw=z.read("warm-reset/result.json")[0m
2026-09-29T01:36:25.4317944Z [36;1m            w=json.loads(raw)[0m
2026-09-29T01:36:25.4319133Z [36;1m            assert w["status"]=="pass" and w["source_unchanged"][0m
2026-09-29T01:36:25.4320459Z [36;1m            check_sources(w["source_sha256"])[0m
2026-09-29T01:36:25.4321611Z [36;1m            assert len(w["source_sha256"])==138[0m
2026-09-29T01:36:25.4323017Z [36;1m            assert (w["reset_after_cycles"],w["reset_hold_cycles"])==(40000,5)[0m
2026-09-29T01:36:25.4324567Z [36;1m            assert w["before_reset"]["in_flight_work_confirmed"][0m
2026-09-29T01:36:25.4325958Z [36;1m            post=w["post_reset"][0m
2026-09-29T01:36:25.4327586Z [36;1m            assert post["status"]=="pass" and (post["frames_checked"],post["scalar_outputs_checked"])==(14,798)[0m
2026-09-29T01:36:25.4329433Z [36;1m            assert post["post_completion_drain_cycles"]>=2048[0m
2026-09-29T01:36:25.4330854Z [36;1m            assert all(c["returncode"]==0 for c in w["commands"])[0m
2026-09-29T01:36:25.4332141Z [36;1m            for c in w["commands"]:[0m
2026-09-29T01:36:25.4333548Z [36;1m                assert sha(z.read("warm-reset/"+Path(c["log"]).name))==c["log_sha256"][0m
2026-09-29T01:36:25.4335598Z [36;1m            assert sha(z.read("warm-reset/warm_reset_main.v"))==w["wrapper_sha256"][0m
2026-09-29T01:36:25.4337208Z [36;1m            post_log=z.read("warm-reset/post_reset.log")[0m
2026-09-29T01:36:25.4338510Z [36;1m            assert sha(post_log)==post["log_sha256"][0m
2026-09-29T01:36:25.4339816Z [36;1m            with tempfile.TemporaryDirectory() as tmp:[0m
2026-09-29T01:36:25.4341112Z [36;1m                logpath=Path(tmp)/"post_reset.log"[0m
2026-09-29T01:36:25.4342313Z [36;1m                logpath.write_bytes(post_log)[0m
2026-09-29T01:36:25.4344299Z [36;1m                recomputed=check_kernel(logpath,Path("hw/generated/test_input.hex"),Path("hw/generated/test_expected.hex"),"iverilog")[0m
2026-09-29T01:36:25.4346622Z [36;1m                assert all(post[k]==value for k,value in recomputed.items())[0m
2026-09-29T01:36:25.4349997Z [36;1m            item["warm_reset"]={"status":"pass","report_sha256":sha(raw),"source_files_verified":138,"before_reset":w["before_reset"],"post_reset_frames":14,"post_reset_outputs":798,"post_reset_log_reparsed_against_frozen_fixtures":True,"finish_cycle":post["finish_cycle"]}[0m
2026-09-29T01:36:25.4353242Z [36;1m    audit["functional_artifacts"].append(item)[0m
2026-09-29T01:36:25.4357036Z [36;1maudit["scope"]+=" Also verifies all three functional ZIP digests from the preceding frozen RTL commit against the current checkout, 137 frozen source hashes per divisor, recomputes six output/cycle reports from raw simulation logs and fixtures, and checks 138 warm-reset source hashes and log integrity."[0m
2026-09-29T01:36:25.4360582Z [36;1m[0m
2026-09-29T01:36:25.4361858Z [36;1ma=next(a for a in functional_artifacts if a["name"]=="baseline-native-"+functional_commit)[0m
2026-09-29T01:36:25.4363388Z [36;1massert not a["expired"][0m
2026-09-29T01:36:25.4364747Z [36;1murl=f'https://api.github.com/repos/{repo}/actions/artifacts/{a["id"]}/zip'[0m
2026-09-29T01:36:25.4368226Z [36;1massert subprocess.run(["curl","--fail","--silent","--show-error","--location","--retry","3","-H","Authorization: Bearer "+token,"-H","Accept: application/vnd.github+json",url,"--output","native.zip"],check=False).returncode==0, "Artifact download failed"[0m
2026-09-29T01:36:25.4371441Z [36;1mdata=Path("native.zip").read_bytes()[0m
2026-09-29T01:36:25.4372718Z [36;1massert sha(data)==a["digest"].removeprefix("sha256:")[0m
2026-09-29T01:36:25.4374028Z [36;1mwith zipfile.ZipFile("native.zip") as z:[0m
2026-09-29T01:36:25.4375590Z [36;1m    assert z.read("sway-commit.txt").decode().strip()==functional_commit[0m
2026-09-29T01:36:25.4377220Z [36;1m    raw=z.read("native/report.json")[0m
2026-09-29T01:36:25.4378417Z [36;1m    n=json.loads(raw)[0m
2026-09-29T01:36:25.4379402Z [36;1m    assert n["status"]=="pass"[0m
2026-09-29T01:36:25.4382422Z [36;1m    source_paths={"bsv/SwayMultiply.bsv":"hw/bsv/SwayMultiply.bsv","rtl/sway_mult18x18d.v":"hw/rtl/sway_mult18x18d.v","bsv/TbNativeMultiply.bsv":"hw/reference/native_multiply/TbNativeMultiply.bsv","main.v":"hw/reference/native_multiply/main.v"}[0m
2026-09-29T01:36:25.4386128Z [36;1m    assert set(n["source_sha256"])==set(source_paths)[0m
2026-09-29T01:36:25.4387444Z [36;1m    for name,h in n["source_sha256"].items():[0m
2026-09-29T01:36:25.4388754Z [36;1m        assert sha(Path(source_paths[name]).read_bytes())==h[0m
2026-09-29T01:36:25.4390148Z [36;1m        assert sha(z.read("native/snapshot/"+name))==h[0m
2026-09-29T01:36:25.4391652Z [36;1m    assert sha(z.read("native/snapshot/vectors.hex"))==n["vectors_sha256"][0m
2026-09-29T01:36:25.4393373Z [36;1m    sys.path.insert(0,str(Path("hw/reference/native_multiply").resolve()))[0m
2026-09-29T01:36:25.4395060Z [36;1m    from check_native_multiply import check_log as check_multiply_log[0m
2026-09-29T01:36:25.4396759Z [36;1m    vectors=json.loads(z.read("native/vectors.json"))[0m
2026-09-29T01:36:25.4398241Z [36;1m    assert set(n["backends"])=={"bluesim","iverilog","iverilog_bsim"}[0m
2026-09-29T01:36:25.4399688Z [36;1m    for backend,result in n["backends"].items():[0m
2026-09-29T01:36:25.4401600Z [36;1m        recomputed=check_multiply_log(z.read("native/"+backend+"-simulation.log").decode(),vectors)[0m
2026-09-29T01:36:25.4403433Z [36;1m        assert json.loads(json.dumps(recomputed))==result[0m
2026-09-29T01:36:25.4405073Z [36;1m        assert result["products"]==256 and result["first_product_latency_cycles"]==4[0m
2026-09-29T01:36:25.4407000Z [36;1m    rtl=z.read("native/snapshot/iverilog/mkTbNativeMultiply.v")[0m
2026-09-29T01:36:25.4408853Z [36;1m    native_control=inspect_operand_control(rtl.decode(),expected_operands=2)[0m
2026-09-29T01:36:25.4410942Z [36;1m    isolation=json.loads(z.read("native/operand-control-isolation.json"))[0m
2026-09-29T01:36:25.4412789Z [36;1m    assert isolation["status"]=="pass" and isolation["generated_rtl_sha256"]==sha(rtl)[0m
2026-09-29T01:36:25.4418374Z [36;1m    audit["native_multiplier"]={"status":"pass","artifact_id":a["id"],"bytes":len(data),"sha256":sha(data),"api_digest_verified":True,"report_sha256":sha(raw),"source_files_verified":4,"backends":{name:{"products":r["products"],"first_product_latency_cycles":r["first_product_latency_cycles"],"final_cycle":r["final_cycle"]} for name,r in n["backends"].items()},"generated_rtl_sha256":sha(rtl),"operand_control":native_control,"log_results_independently_recomputed":True}[0m
2026-09-29T01:36:25.4423219Z [36;1m[0m
2026-09-29T01:36:25.4424389Z [36;1mPath("artifact-audit.json").write_text(json.dumps(audit,indent=2)+"\n")[0m
2026-09-29T01:36:25.4426200Z [36;1mprint("SWAY_ARTIFACT_AUDIT "+json.dumps(audit,sort_keys=True))[0m
2026-09-29T01:36:25.4427469Z [36;1m[0m
2026-09-29T01:36:25.4428223Z [36;1mPY[0m
2026-09-29T01:36:25.4726742Z shell: /usr/bin/bash -e {0}
2026-09-29T01:36:25.4727813Z env:
2026-09-29T01:36:25.4736705Z   GH_TOKEN: ***
2026-09-29T01:36:25.4737783Z   SWAY_TESTED_COMMIT: 7689b27d6816de9d8927de12ddee13672b23491b
2026-09-29T01:36:25.4739009Z   SWAY_CI_RUN_ID: 36508244812
2026-09-29T01:36:25.4739961Z   SWAY_PHYSICAL_JOB_ID: 109214435272
2026-09-29T01:36:25.4741253Z   SWAY_FUNCTIONAL_COMMIT: 80fbfe4cdb635606c394f435b28c1102c9de5829
2026-09-29T01:36:25.4742790Z   SWAY_FUNCTIONAL_RUN_ID: 36506484774
2026-09-29T01:36:25.4743782Z ##[endgroup]
2026-09-29T01:36:35.0709774Z SWAY_ARTIFACT_AUDIT {"artifact": {"api_digest_verified": true, "bytes": 14277711, "id": 11007898824, "sha256": "0951cafaf0f96c1235c190a387afaa509740a56658c22c0278a81f5091127d07"}, "audited_utc": "2026-09-29T01:36:32.533803+00:00", "bitstream": {"bytes": 1978721, "ecppack_step_conclusion": "success", "sha256": "6478081d9205a2f6b7f75b42e4e9a48c150d0ef5e55d8542cf75165412f0bc53"}, "ci_run_id": 36508244812, "clocks": {"core": {"achieved_mhz": 101.50222778320312, "constraint_mhz": 100.0, "net": "$glbnet$clocks_pll_clk_100mhz", "pass": true, "required_mhz": 100.0}, "uart": {"achieved_mhz": 118.5958251953125, "constraint_mhz": 25.0, "net": "$glbnet$CLK_clk_25mhz$TRELLIS_IO_IN", "pass": true, "required_mhz": 25.0}}, "config_sha256": "bf79f483771ef2fcdd4c6e94cc8339585b38f694118d0f685c0acab193026d91", "continuation_provenance": {"hardware_tree_delta": ["hw/reference/check_physical.py", "hw/results/physical-native/reset-placement/resume-routing.py"], "original_archive_digest_independently_verified": true, "original_artifact_id": 11007703004, "original_artifact_sha256": "da294c44d427df02ca932dda0c163cbb66c6a51fcda924d0721278abf9bd06db", "original_checker_error": "'mkTop'", "original_commit": "80fbfe4cdb635606c394f435b28c1102c9de5829", "original_job_conclusion": "failure", "original_job_id": 109208949816, "original_physical_files_verified": 170, "original_placement_evidence_unchanged": true, "original_report_sha256": "aaac23da23f5fe917d6d68e5f153b29b953d1b2ed06ed39e34d2877fea2c10d9", "original_run_id": 36506484774, "original_synthesis_and_placement_commands_verified": true, "production_tree_delta": ["hw/reference/check_physical.py"], "resume_script_sha256": "92eb2fe1b82314c353b7f7127a09705e2a01fdee7951bee260bd65244ceef9b2", "source_changes": {"sway/hw/reference/check_physical.py": {"after": "a25abbc21a7a40de8e25a03d48bdd63683525c52bd4cee8fb4377070d3dab543", "before": "95447f2639024d5c2b1a2951bfa0254c778e49a8451610df52693f090f41ee62"}}}, "detailed_timing_sha256": "e07851d04f9321a1dee4969928943ac6d29c304ae450a553fe85b09c007a91ce", "evidence_files_verified": 183, "full_top_operand_control": {"generated_rtl_sha256": "cb8018dd5d667a63f810783152d71ce4f718b0adec72985946d086cfa27923a2", "native_dsp_instances": 45, "operand_assignments": ["assign main_core_block0_bProjection_multipliers_0_dsp_dataax = main_core_block0_bProjection_multipliers_0_aWire_wget ;", "assign main_core_block0_bProjection_multipliers_0_dsp_dataay = main_core_block0_bProjection_multipliers_0_bWire_wget ;", "assign main_core_block0_cProjection_multipliers_0_dsp_dataax = main_core_block0_cProjection_multipliers_0_aWire_wget ;", "assign main_core_block0_cProjection_multipliers_0_dsp_dataay = main_core_block0_cProjection_multipliers_0_bWire_wget ;", "assign main_core_block0_convMultipliers_0_0_dsp_dataax = main_core_block0_convMultipliers_0_0_aWire_wget ;", "assign main_core_block0_convMultipliers_0_0_dsp_dataay = main_core_block0_convMultipliers_0_0_bWire_wget ;", "assign main_core_block0_convMultipliers_0_1_dsp_dataax = main_core_block0_convMultipliers_0_1_aWire_wget ;", "assign main_core_block0_convMultipliers_0_1_dsp_dataay = main_core_block0_convMultipliers_0_1_bWire_wget ;", "assign main_core_block0_convMultipliers_0_2_dsp_dataax = main_core_block0_convMultipliers_0_2_aWire_wget ;", "assign main_core_block0_convMultipliers_0_2_dsp_dataay = main_core_block0_convMultipliers_0_2_bWire_wget ;", "assign main_core_block0_convMultipliers_0_3_dsp_dataax = main_core_block0_convMultipliers_0_3_aWire_wget ;", "assign main_core_block0_convMultipliers_0_3_dsp_dataay = main_core_block0_convMultipliers_0_3_bWire_wget ;", "assign main_core_block0_deltaInputProjection_multipliers_0_dsp_dataax = main_core_block0_deltaInputProjection_multipliers_0_aWire_wget ;", "assign main_core_block0_deltaInputProjection_multipliers_0_dsp_dataay = main_core_block0_deltaInputProjection_multipliers_0_bWire_wget ;", "assign main_core_block0_deltaProjection_engine_multipliers_0_dsp_dataax = main_core_block0_deltaProjection_engine_multipliers_0_aWire_wget ;", "assign main_core_block0_deltaProjection_engine_multipliers_0_dsp_dataay = main_core_block0_deltaProjection_engine_multipliers_0_bWire_wget ;", "assign main_core_block0_gateMultipliers_0_dsp_dataax = main_core_block0_gateMultipliers_0_aWire_wget ;", "assign main_core_block0_gateMultipliers_0_dsp_dataay = main_core_block0_gateMultipliers_0_bWire_wget ;", "assign main_core_block0_gateProjection_multipliers_0_dsp_dataax = main_core_block0_gateProjection_multipliers_0_aWire_wget ;", "assign main_core_block0_gateProjection_multipliers_0_dsp_dataay = main_core_block0_gateProjection_multipliers_0_bWire_wget ;", "assign main_core_block0_mainProjection_multipliers_0_dsp_dataax = main_core_block0_mainProjection_multipliers_0_aWire_wget ;", "assign main_core_block0_mainProjection_multipliers_0_dsp_dataay = main_core_block0_mainProjection_multipliers_0_bWire_wget ;", "assign main_core_block0_normalization_biasedMultiplier_0_dsp_dataax = main_core_block0_normalization_biasedMultiplier_0_aWire_wget ;", "assign main_core_block0_normalization_biasedMultiplier_0_dsp_dataay = main_core_block0_normalization_biasedMultiplier_0_bWire_wget ;", "assign main_core_block0_normalization_weightedMultiplier_0_dsp_dataax = main_core_block0_normalization_weightedMultiplier_0_aWire_wget ;", "assign main_core_block0_normalization_weightedMultiplier_0_dsp_dataay = main_core_block0_normalization_weightedMultiplier_0_bWire_wget ;", "assign main_core_block0_outputProjection_engine_multipliers_0_dsp_dataax = main_core_block0_outputProjection_engine_multipliers_0_aWire_wget ;", "assign main_core_block0_outputProjection_engine_multipliers_0_dsp_dataay = main_core_block0_outputProjection_engine_multipliers_0_bWire_wget ;", "assign main_core_block0_scan_deltaAMultipliers_0_dsp_dataax = main_core_block0_scan_deltaAMultipliers_0_aWire_wget ;", "assign main_core_block0_scan_deltaAMultipliers_0_dsp_dataay = main_core_block0_scan_deltaAMultipliers_0_bWire_wget ;", "assign main_core_block0_scan_deltaBMultipliers_0_dsp_dataax = main_core_block0_scan_deltaAMultipliers_0_aWire_wget ;", "assign main_core_block0_scan_deltaBMultipliers_0_dsp_dataay = main_core_block0_scan_deltaBMultipliers_0_bWire_wget ;", "assign main_core_block0_scan_directMultiplier_dsp_dataax = main_core_block0_scan_directMultiplier_aWire_wget ;", "assign main_core_block0_scan_directMultiplier_dsp_dataay = main_core_block0_scan_directMultiplier_bWire_wget ;", "assign main_core_block0_scan_highMultipliers_0_dsp_dataax = main_core_block0_scan_highMultipliers_0_aWire_wget ;", "assign main_core_block0_scan_highMultipliers_0_dsp_dataay = main_core_block0_scan_lowMultipliers_0_bWire_wget ;", "assign main_core_block0_scan_inputMultipliers_0_dsp_dataax = main_core_block0_scan_inputMultipliers_0_aWire_wget ;", "assign main_core_block0_scan_inputMultipliers_0_dsp_dataay = main_core_block0_scan_inputMultipliers_0_bWire_wget ;", "assign main_core_block0_scan_lowMultipliers_0_dsp_dataax = main_core_block0_scan_lowMultipliers_0_aWire_wget ;", "assign main_core_block0_scan_lowMultipliers_0_dsp_dataay = main_core_block0_scan_lowMultipliers_0_bWire_wget ;", "assign main_core_block0_scan_stateMultipliers_0_dsp_dataax = main_core_block0_scan_stateMultipliers_0_aWire_wget ;", "assign main_core_block0_scan_stateMultipliers_0_dsp_dataay = main_core_block0_scan_stateMultipliers_0_bWire_wget ;", "assign main_core_block1_bProjection_multipliers_0_dsp_dataax = main_core_block1_bProjection_multipliers_0_aWire_wget ;", "assign main_core_block1_bProjection_multipliers_0_dsp_dataay = main_core_block1_bProjection_multipliers_0_bWire_wget ;", "assign main_core_block1_cProjection_multipliers_0_dsp_dataax = main_core_block1_cProjection_multipliers_0_aWire_wget ;", "assign main_core_block1_cProjection_multipliers_0_dsp_dataay = main_core_block1_cProjection_multipliers_0_bWire_wget ;", "assign main_core_block1_convMultipliers_0_0_dsp_dataax = main_core_block1_convMultipliers_0_0_aWire_wget ;", "assign main_core_block1_convMultipliers_0_0_dsp_dataay = main_core_block1_convMultipliers_0_0_bWire_wget ;", "assign main_core_block1_convMultipliers_0_1_dsp_dataax = main_core_block1_convMultipliers_0_1_aWire_wget ;", "assign main_core_block1_convMultipliers_0_1_dsp_dataay = main_core_block1_convMultipliers_0_1_bWire_wget ;", "assign main_core_block1_convMultipliers_0_2_dsp_dataax = main_core_block1_convMultipliers_0_2_aWire_wget ;", "assign main_core_block1_convMultipliers_0_2_dsp_dataay = main_core_block1_convMultipliers_0_2_bWire_wget ;", "assign main_core_block1_convMultipliers_0_3_dsp_dataax = main_core_block1_convMultipliers_0_3_aWire_wget ;", "assign main_core_block1_convMultipliers_0_3_dsp_dataay = main_core_block1_convMultipliers_0_3_bWire_wget ;", "assign main_core_block1_deltaInputProjection_multipliers_0_dsp_dataax = main_core_block1_deltaInputProjection_multipliers_0_aWire_wget ;", "assign main_core_block1_deltaInputProjection_multipliers_0_dsp_dataay = main_core_block1_deltaInputProjection_multipliers_0_bWire_wget ;", "assign main_core_block1_deltaProjection_engine_multipliers_0_dsp_dataax = main_core_block1_deltaProjection_engine_multipliers_0_aWire_wget ;", "assign main_core_block1_deltaProjection_engine_multipliers_0_dsp_dataay = main_core_block1_deltaProjection_engine_multipliers_0_bWire_wget ;", "assign main_core_block1_gateMultipliers_0_dsp_dataax = main_core_block1_gateMultipliers_0_aWire_wget ;", "assign main_core_block1_gateMultipliers_0_dsp_dataay = main_core_block1_gateMultipliers_0_bWire_wget ;", "assign main_core_block1_gateProjection_multipliers_0_dsp_dataax = main_core_block1_gateProjection_multipliers_0_aWire_wget ;", "assign main_core_block1_gateProjection_multipliers_0_dsp_dataay = main_core_block1_gateProjection_multipliers_0_bWire_wget ;", "assign main_core_block1_mainProjection_multipliers_0_dsp_dataax = main_core_block1_mainProjection_multipliers_0_aWire_wget ;", "assign main_core_block1_mainProjection_multipliers_0_dsp_dataay = main_core_block1_mainProjection_multipliers_0_bWire_wget ;", "assign main_core_block1_normalization_biasedMultiplier_0_dsp_dataax = main_core_block1_normalization_biasedMultiplier_0_aWire_wget ;", "assign main_core_block1_normalization_biasedMultiplier_0_dsp_dataay = main_core_block1_normalization_biasedMultiplier_0_bWire_wget ;", "assign main_core_block1_normalization_weightedMultiplier_0_dsp_dataax = main_core_block1_normalization_weightedMultiplier_0_aWire_wget ;", "assign main_core_block1_normalization_weightedMultiplier_0_dsp_dataay = main_core_block1_normalization_weightedMultiplier_0_bWire_wget ;", "assign main_core_block1_outputProjection_engine_multipliers_0_dsp_dataax = main_core_block1_outputProjection_engine_multipliers_0_aWire_wget ;", "assign main_core_block1_outputProjection_engine_multipliers_0_dsp_dataay = main_core_block1_outputProjection_engine_multipliers_0_bWire_wget ;", "assign main_core_block1_scan_deltaAMultipliers_0_dsp_dataax = main_core_block1_scan_deltaAMultipliers_0_aWire_wget ;", "assign main_core_block1_scan_deltaAMultipliers_0_dsp_dataay = main_core_block1_scan_deltaAMultipliers_0_bWire_wget ;", "assign main_core_block1_scan_deltaBMultipliers_0_dsp_dataax = main_core_block1_scan_deltaAMultipliers_0_aWire_wget ;", "assign main_core_block1_scan_deltaBMultipliers_0_dsp_dataay = main_core_block1_scan_deltaBMultipliers_0_bWire_wget ;", "assign main_core_block1_scan_directMultiplier_dsp_dataax = main_core_block1_scan_directMultiplier_aWire_wget ;", "assign main_core_block1_scan_directMultiplier_dsp_dataay = main_core_block1_scan_directMultiplier_bWire_wget ;", "assign main_core_block1_scan_highMultipliers_0_dsp_dataax = main_core_block1_scan_highMultipliers_0_aWire_wget ;", "assign main_core_block1_scan_highMultipliers_0_dsp_dataay = main_core_block1_scan_lowMultipliers_0_bWire_wget ;", "assign main_core_block1_scan_inputMultipliers_0_dsp_dataax = main_core_block1_scan_inputMultipliers_0_aWire_wget ;", "assign main_core_block1_scan_inputMultipliers_0_dsp_dataay = main_core_block1_scan_inputMultipliers_0_bWire_wget ;", "assign main_core_block1_scan_lowMultipliers_0_dsp_dataax = main_core_block1_scan_lowMultipliers_0_aWire_wget ;", "assign main_core_block1_scan_lowMultipliers_0_dsp_dataay = main_core_block1_scan_lowMultipliers_0_bWire_wget ;", "assign main_core_block1_scan_stateMultipliers_0_dsp_dataax = main_core_block1_scan_stateMultipliers_0_aWire_wget ;", "assign main_core_block1_scan_stateMultipliers_0_dsp_dataay = main_core_block1_scan_stateMultipliers_0_bWire_wget ;", "assign main_core_embedding_engine_multipliers_0_dsp_dataax = main_core_embedding_engine_multipliers_0_aWire_wget ;", "assign main_core_embedding_engine_multipliers_0_dsp_dataay = main_core_embedding_engine_multipliers_0_bWire_wget ;", "assign main_core_headHidden_engine_multipliers_0_dsp_dataax = main_core_headHidden_engine_multipliers_0_aWire_wget ;", "assign main_core_headHidden_engine_multipliers_0_dsp_dataay = main_core_headHidden_engine_multipliers_0_bWire_wget ;", "assign main_core_headOutput_engine_multipliers_0_dsp_dataax = main_core_headOutput_engine_multipliers_0_aWire_wget ;", "assign main_core_headOutput_engine_multipliers_0_dsp_dataay = main_core_headOutput_engine_multipliers_0_bWire_wget ;"], "operand_dependency_cones": {"main_core_block0_bProjection_multipliers_0_dsp_dataax": {"assignments": {"main_core_block0_bProjection_multipliers_0_aWire_wget": "{ {10{main_core_block0_bProjection_operandQD_OUT_BI_ETC__q1152[7]}},\n\t       main_core_block0_bProjection_operandQD_OUT_BI_ETC__q1152 } ", "main_core_block0_bProjection_multipliers_0_dsp_dataax": "main_core_block0_bProjection_multipliers_0_aWire_wget ", "main_core_block0_bProjection_operandQD_OUT_BI_ETC__q1152": "main_core_block0_bProjection_operandQ_D_OUT[16:9] "}, "leaf_identifiers": ["main_core_block0_bProjection_operandQ_D_OUT"], "signals": ["main_core_block0_bProjection_multipliers_0_aWire_wget", "main_core_block0_bProjection_multipliers_0_dsp_dataax", "main_core_block0_bProjection_operandQD_OUT_BI_ETC__q1152", "main_core_block0_bProjection_operandQ_D_OUT"], "write_presence_dependencies": []}, "main_core_block0_bProjection_multipliers_0_dsp_dataay": {"assignments": {"main_core_block0_bProjection_multipliers_0_bWire_wget": "{ {10{main_core_block0_bProjection_operandQD_OUT_BI_ETC__q1153[7]}},\n\t       main_core_block0_bProjection_operandQD_OUT_BI_ETC__q1153 } ", "main_core_block0_bProjection_multipliers_0_dsp_dataay": "main_core_block0_bProjection_multipliers_0_bWire_wget ", "main_core_block0_bProjection_operandQD_OUT_BI_ETC__q1153": "main_core_block0_bProjection_operandQ_D_OUT[8:1] "}, "leaf_identifiers": ["main_core_block0_bProjection_operandQ_D_OUT"], "signals": ["main_core_block0_bProjection_multipliers_0_bWire_wget", "main_core_block0_bProjection_multipliers_0_dsp_dataay", "main_core_block0_bProjection_operandQD_OUT_BI_ETC__q1153", "main_core_block0_bProjection_operandQ_D_OUT"], "write_presence_dependencies": []}, "main_core_block0_cProjection_multipliers_0_dsp_dataax": {"assignments": {"main_core_block0_cProjection_multipliers_0_aWire_wget": "{ {10{main_core_block0_cProjection_operandQD_OUT_BI_ETC__q1154[7]}},\n\t       main_core_block0_cProjection_operandQD_OUT_BI_ETC__q1154 } ", "main_core_block0_cProjection_multipliers_0_dsp_dataax": "main_core_block0_cProjection_multipliers_0_aWire_wget ", "main_core_block0_cProjection_operandQD_OUT_BI_ETC__q1154": "main_core_block0_cProjection_operandQ_D_OUT[16:9] "}, "leaf_identifiers": ["main_core_block0_cProjection_operandQ_D_OUT"], "signals": ["main_core_block0_cProjection_multipliers_0_aWire_wget", "main_core_block0_cProjection_multipliers_0_dsp_dataax", "main_core_block0_cProjection_operandQD_OUT_BI_ETC__q1154", "main_core_block0_cProjection_operandQ_D_OUT"], "write_presence_dependencies": []}, "main_core_block0_cProjection_multipliers_0_dsp_dataay": {"assignments": {"main_core_block0_cProjection_multipliers_0_bWire_wget": "{ {10{main_core_block0_cProjection_operandQD_OUT_BI_ETC__q1155[7]}},\n\t       main_core_block0_cProjection_operandQD_OUT_BI_ETC__q1155 } ", "main_core_block0_cProjection_multipliers_0_dsp_dataay": "main_core_block0_cProjection_multipliers_0_bWire_wget ", "main_core_block0_cProjection_operandQD_OUT_BI_ETC__q1155": "main_core_block0_cProjection_operandQ_D_OUT[8:1] "}, "leaf_identifiers": ["main_core_block0_cProjection_operandQ_D_OUT"], "signals": ["main_core_block0_cProjection_multipliers_0_bWire_wget", "main_core_block0_cProjection_multipliers_0_dsp_dataay", "main_core_block0_cProjection_operandQD_OUT_BI_ETC__q1155", "main_core_block0_cProjection_operandQ_D_OUT"], "write_presence_dependencies": []}, "main_core_block0_convMultipliers_0_0_dsp_dataax": {"assignments": {"main_core_block0_convMultipliers_0_0_aWire_wget": "{ {10{main_core_block0_convOperandsQD_OUT_BITS_47_T_ETC__q1167[7]}},\n\t       main_core_block0_convOperandsQD_OUT_BITS_47_T_ETC__q1167 } ", "main_core_block0_convMultipliers_0_0_dsp_dataax": "main_core_block0_convMultipliers_0_0_aWire_wget ", "main_core_block0_convOperandsQD_OUT_BITS_47_T_ETC__q1167": "main_core_block0_convOperandsQ_D_OUT[47:40] "}, "leaf_identifiers": ["main_core_block0_convOperandsQ_D_OUT"], "signals": ["main_core_block0_convMultipliers_0_0_aWire_wget", "main_core_block0_convMultipliers_0_0_dsp_dataax", "main_core_block0_convOperandsQD_OUT_BITS_47_T_ETC__q1167", "main_core_block0_convOperandsQ_D_OUT"], "write_presence_dependencies": []}, "main_core_block0_convMultipliers_0_0_dsp_dataay": {"assignments": {"main_core_block0_convMultipliers_0_0_bWire_wget": "{ {10{main_core_block0_convOperandsQD_OUT_BITS_15_TO_8__q1168[7]}},\n\t       main_core_block0_convOperandsQD_OUT_BITS_15_TO_8__q1168 } ", "main_core_block0_convMultipliers_0_0_dsp_dataay": "main_core_block0_convMultipliers_0_0_bWire_wget ", "main_core_block0_convOperandsQD_OUT_BITS_15_TO_8__q1168": "main_core_block0_convOperandsQ_D_OUT[15:8] "}, "leaf_identifiers": ["main_core_block0_convOperandsQ_D_OUT"], "signals": ["main_core_block0_convMultipliers_0_0_bWire_wget", "main_core_block0_convMultipliers_0_0_dsp_dataay", "main_core_block0_convOperandsQD_OUT_BITS_15_TO_8__q1168", "main_core_block0_convOperandsQ_D_OUT"], "write_presence_dependencies": []}, "main_core_block0_convMultipliers_0_1_dsp_dataax": {"assignments": {"main_core_block0_convMultipliers_0_1_aWire_wget": "{ {10{main_core_block0_convOperandsQD_OUT_BITS_55_T_ETC__q1169[7]}},\n\t       main_core_block0_convOperandsQD_OUT_BITS_55_T_ETC__q1169 } ", "main_core_block0_convMultipliers_0_1_dsp_dataax": "main_core_block0_convMultipliers_0_1_aWire_wget ", "main_core_block0_convOperandsQD_OUT_BITS_55_T_ETC__q1169": "main_core_block0_convOperandsQ_D_OUT[55:48] "}, "leaf_identifiers": ["main_core_block0_convOperandsQ_D_OUT"], "signals": ["main_core_block0_convMultipliers_0_1_aWire_wget", "main_core_block0_convMultipliers_0_1_dsp_dataax", "main_core_block0_convOperandsQD_OUT_BITS_55_T_ETC__q1169", "main_core_block0_convOperandsQ_D_OUT"], "write_presence_dependencies": []}, "main_core_block0_convMultipliers_0_1_dsp_dataay": {"assignments": {"main_core_block0_convMultipliers_0_1_bWire_wget": "{ {10{main_core_block0_convOperandsQD_OUT_BITS_23_T_ETC__q1170[7]}},\n\t       main_core_block0_convOperandsQD_OUT_BITS_23_T_ETC__q1170 } ", "main_core_block0_convMultipliers_0_1_dsp_dataay": "main_core_block0_convMultipliers_0_1_bWire_wget ", "main_core_block0_convOperandsQD_OUT_BITS_23_T_ETC__q1170": "main_core_block0_convOperandsQ_D_OUT[23:16] "}, "leaf_identifiers": ["main_core_block0_convOperandsQ_D_OUT"], "signals": ["main_core_block0_convMultipliers_0_1_bWire_wget", "main_core_block0_convMultipliers_0_1_dsp_dataay", "main_core_block0_convOperandsQD_OUT_BITS_23_T_ETC__q1170", "main_core_block0_convOperandsQ_D_OUT"], "write_presence_dependencies": []}, "main_core_block0_convMultipliers_0_2_dsp_dataax": {"assignments": {"main_core_block0_convMultipliers_0_2_aWire_wget": "{ {10{main_core_block0_convOperandsQD_OUT_BITS_63_T_ETC__q1171[7]}},\n\t       main_core_block0_convOperandsQD_OUT_BITS_63_T_ETC__q1171 } ", "main_core_block0_convMultipliers_0_2_dsp_dataax": "main_core_block0_convMultipliers_0_2_aWire_wget ", "main_core_block0_convOperandsQD_OUT_BITS_63_T_ETC__q1171": "main_core_block0_convOperandsQ_D_OUT[63:56] "}, "leaf_identifiers": ["main_core_block0_convOperandsQ_D_OUT"], "signals": ["main_core_block0_convMultipliers_0_2_aWire_wget", "main_core_block0_convMultipliers_0_2_dsp_dataax", "main_core_block0_convOperandsQD_OUT_BITS_63_T_ETC__q1171", "main_core_block0_convOperandsQ_D_OUT"], "write_presence_dependencies": []}, "main_core_block0_convMultipliers_0_2_dsp_dataay": {"assignments": {"main_core_block0_convMultipliers_0_2_bWire_wget": "{ {10{main_core_block0_convOperandsQD_OUT_BITS_31_T_ETC__q1172[7]}},\n\t       main_core_block0_convOperandsQD_OUT_BITS_31_T_ETC__q1172 } ", "main_core_block0_convMultipliers_0_2_dsp_dataay": "main_core_block0_convMultipliers_0_2_bWire_wget ", "main_core_block0_convOperandsQD_OUT_BITS_31_T_ETC__q1172": "main_core_block0_convOperandsQ_D_OUT[31:24] "}, "leaf_identifiers": ["main_core_block0_convOperandsQ_D_OUT"], "signals": ["main_core_block0_convMultipliers_0_2_bWire_wget", "main_core_block0_convMultipliers_0_2_dsp_dataay", "main_core_block0_convOperandsQD_OUT_BITS_31_T_ETC__q1172", "main_core_block0_convOperandsQ_D_OUT"], "write_presence_dependencies": []}, "main_core_block0_convMultipliers_0_3_dsp_dataax": {"assignments": {"main_core_block0_convMultipliers_0_3_aWire_wget": "{ {10{main_core_block0_convOperandsQD_OUT_BITS_71_T_ETC__q1173[7]}},\n\t       main_core_block0_convOperandsQD_OUT_BITS_71_T_ETC__q1173 } ", "main_core_block0_convMultipliers_0_3_dsp_dataax": "main_core_block0_convMultipliers_0_3_aWire_wget ", "main_core_block0_convOperandsQD_OUT_BITS_71_T_ETC__q1173": "main_core_block0_convOperandsQ_D_OUT[71:64] "}, "leaf_identifiers": ["main_core_block0_convOperandsQ_D_OUT"], "signals": ["main_core_block0_convMultipliers_0_3_aWire_wget", "main_core_block0_convMultipliers_0_3_dsp_dataax", "main_core_block0_convOperandsQD_OUT_BITS_71_T_ETC__q1173", "main_core_block0_convOperandsQ_D_OUT"], "write_presence_dependencies": []}, "main_core_block0_convMultipliers_0_3_dsp_dataay": {"assignments": {"main_core_block0_convMultipliers_0_3_bWire_wget": "{ {10{main_core_block0_convOperandsQD_OUT_BITS_39_T_ETC__q1174[7]}},\n\t       main_core_block0_convOperandsQD_OUT_BITS_39_T_ETC__q1174 } ", "main_core_block0_convMultipliers_0_3_dsp_dataay": "main_core_block0_convMultipliers_0_3_bWire_wget ", "main_core_block0_convOperandsQD_OUT_BITS_39_T_ETC__q1174": "main_core_block0_convOperandsQ_D_OUT[39:32] "}, "leaf_identifiers": ["main_core_block0_convOperandsQ_D_OUT"], "signals": ["main_core_block0_convMultipliers_0_3_bWire_wget", "main_core_block0_convMultipliers_0_3_dsp_dataay", "main_core_block0_convOperandsQD_OUT_BITS_39_T_ETC__q1174", "main_core_block0_convOperandsQ_D_OUT"], "write_presence_dependencies": []}, "main_core_block0_deltaInputProjection_multipliers_0_dsp_dataax": {"assignments": {"main_core_block0_deltaInputProjection_multipliers_0_aWire_wget": "{ {10{main_core_block0_deltaInputProjection_operandQ_ETC__q1150[7]}},\n\t       main_core_block0_deltaInputProjection_operandQ_ETC__q1150 } ", "main_core_block0_deltaInputProjection_multipliers_0_dsp_dataax": "main_core_block0_deltaInputProjection_multipliers_0_aWire_wget ", "main_core_block0_deltaInputProjection_operandQ_ETC__q1150": "main_core_block0_deltaInputProjection_operandQ_D_OUT[16:9] "}, "leaf_identifiers": ["main_core_block0_deltaInputProjection_operandQ_D_OUT"], "signals": ["main_core_block0_deltaInputProjection_multipliers_0_aWire_wget", "main_core_block0_deltaInputProjection_multipliers_0_dsp_dataax", "main_core_block0_deltaInputProjection_operandQ_D_OUT", "main_core_block0_deltaInputProjection_operandQ_ETC__q1150"], "write_presence_dependencies": []}, "main_core_block0_deltaInputProjection_multipliers_0_dsp_dataay": {"assignments": {"main_core_block0_deltaInputProjection_multipliers_0_bWire_wget": "{ {10{main_core_block0_deltaInputProjection_operandQ_ETC__q1151[7]}},\n\t       main_core_block0_deltaInputProjection_operandQ_ETC__q1151 } ", "main_core_block0_deltaInputProjection_multipliers_0_dsp_dataay": "main_core_block0_deltaInputProjection_multipliers_0_bWire_wget ", "main_core_block0_deltaInputProjection_operandQ_ETC__q1151": "main_core_block0_deltaInputProjection_operandQ_D_OUT[8:1] "}, "leaf_identifiers": ["main_core_block0_deltaInputProjection_operandQ_D_OUT"], "signals": ["main_core_block0_deltaInputProjection_multipliers_0_bWire_wget", "main_core_block0_deltaInputProjection_multipliers_0_dsp_dataay", "main_core_block0_deltaInputProjection_operandQ_D_OUT", "main_core_block0_deltaInputProjection_operandQ_ETC__q1151"], "write_presence_dependencies": []}, "main_core_block0_deltaProjection_engine_multipliers_0_dsp_dataax": {"assignments": {"main_core_block0_deltaProjection_engine_multipliers_0_aWire_wget": "{ {10{main_core_block0_deltaProjection_engine_operan_ETC__q1156[7]}},\n\t       main_core_block0_deltaProjection_engine_operan_ETC__q1156 } ", "main_core_block0_deltaProjection_engine_multipliers_0_dsp_dataax": "main_core_block0_deltaProjection_engine_multipliers_0_aWire_wget ", "main_core_block0_deltaProjection_engine_operan_ETC__q1156": "main_core_block0_deltaProjection_engine_operandQ_D_OUT[16:9] "}, "leaf_identifiers": ["main_core_block0_deltaProjection_engine_operandQ_D_OUT"], "signals": ["main_core_block0_deltaProjection_engine_multipliers_0_aWire_wget", "main_core_block0_deltaProjection_engine_multipliers_0_dsp_dataax", "main_core_block0_deltaProjection_engine_operan_ETC__q1156", "main_core_block0_deltaProjection_engine_operandQ_D_OUT"], "write_presence_dependencies": []}, "main_core_block0_deltaProjection_engine_multipliers_0_dsp_dataay": {"assignments": {"main_core_block0_deltaProjection_engine_multipliers_0_bWire_wget": "{ {10{main_core_block0_deltaProjection_engine_operan_ETC__q1157[7]}},\n\t       main_core_block0_deltaProjection_engine_operan_ETC__q1157 } ", "main_core_block0_deltaProjection_engine_multipliers_0_dsp_dataay": "main_core_block0_deltaProjection_engine_multipliers_0_bWire_wget ", "main_core_block0_deltaProjection_engine_operan_ETC__q1157": "main_core_block0_deltaProjection_engine_operandQ_D_OUT[8:1] "}, "leaf_identifiers": ["main_core_block0_deltaProjection_engine_operandQ_D_OUT"], "signals": ["main_core_block0_deltaProjection_engine_multipliers_0_bWire_wget", "main_core_block0_deltaProjection_engine_multipliers_0_dsp_dataay", "main_core_block0_deltaProjection_engine_operan_ETC__q1157", "main_core_block0_deltaProjection_engine_operandQ_D_OUT"], "write_presence_dependencies": []}, "main_core_block0_gateMultipliers_0_dsp_dataax": {"assignments": {"main_core_block0_gateMultipliers_0_aWire_wget": "{ {10{main_core_block0_gateOperandsQD_OUT_BITS_15_TO_8__q1175[7]}},\n\t       main_core_block0_gateOperandsQD_OUT_BITS_15_TO_8__q1175 } ", "main_core_block0_gateMultipliers_0_dsp_dataax": "main_core_block0_gateMultipliers_0_aWire_wget ", "main_core_block0_gateOperandsQD_OUT_BITS_15_TO_8__q1175": "main_core_block0_gateOperandsQ_D_OUT[15:8] "}, "leaf_identifiers": ["main_core_block0_gateOperandsQ_D_OUT"], "signals": ["main_core_block0_gateMultipliers_0_aWire_wget", "main_core_block0_gateMultipliers_0_dsp_dataax", "main_core_block0_gateOperandsQD_OUT_BITS_15_TO_8__q1175", "main_core_block0_gateOperandsQ_D_OUT"], "write_presence_dependencies": []}, "main_core_block0_gateMultipliers_0_dsp_dataay": {"assignments": {"main_core_block0_gateMultipliers_0_bWire_wget": "{ {10{main_core_block0_gateOperandsQD_OUT_BITS_7_TO_0__q1176[7]}},\n\t       main_core_block0_gateOperandsQD_OUT_BITS_7_TO_0__q1176 } ", "main_core_block0_gateMultipliers_0_dsp_dataay": "main_core_block0_gateMultipliers_0_bWire_wget ", "main_core_block0_gateOperandsQD_OUT_BITS_7_TO_0__q1176": "main_core_block0_gateOperandsQ_D_OUT[7:0] "}, "leaf_identifiers": ["main_core_block0_gateOperandsQ_D_OUT"], "signals": ["main_core_block0_gateMultipliers_0_bWire_wget", "main_core_block0_gateMultipliers_0_dsp_dataay", "main_core_block0_gateOperandsQD_OUT_BITS_7_TO_0__q1176", "main_core_block0_gateOperandsQ_D_OUT"], "write_presence_dependencies": []}, "main_core_block0_gateProjection_multipliers_0_dsp_dataax": {"assignments": {"main_core_block0_gateProjection_multipliers_0_aWire_wget": "{ {10{main_core_block0_gateProjection_operandQD_OUT_ETC__q1148[7]}},\n\t       main_core_block0_gateProjection_operandQD_OUT_ETC__q1148 } ", "main_core_block0_gateProjection_multipliers_0_dsp_dataax": "main_core_block0_gateProjection_multipliers_0_aWire_wget ", "main_core_block0_gateProjection_operandQD_OUT_ETC__q1148": "main_core_block0_gateProjection_operandQ_D_OUT[16:9] "}, "leaf_identifiers": ["main_core_block0_gateProjection_operandQ_D_OUT"], "signals": ["main_core_block0_gateProjection_multipliers_0_aWire_wget", "main_core_block0_gateProjection_multipliers_0_dsp_dataax", "main_core_block0_gateProjection_operandQD_OUT_ETC__q1148", "main_core_block0_gateProjection_operandQ_D_OUT"], "write_presence_dependencies": []}, "main_core_block0_gateProjection_multipliers_0_dsp_dataay": {"assignments": {"main_core_block0_gateProjection_multipliers_0_bWire_wget": "{ {10{main_core_block0_gateProjection_operandQD_OUT_ETC__q1149[7]}},\n\t       main_core_block0_gateProjection_operandQD_OUT_ETC__q1149 } ", "main_core_block0_gateProjection_multipliers_0_dsp_dataay": "main_core_block0_gateProjection_multipliers_0_bWire_wget ", "main_core_block0_gateProjection_operandQD_OUT_ETC__q1149": "main_core_block0_gateProjection_operandQ_D_OUT[8:1] "}, "leaf_identifiers": ["main_core_block0_gateProjection_operandQ_D_OUT"], "signals": ["main_core_block0_gateProjection_multipliers_0_bWire_wget", "main_core_block0_gateProjection_multipliers_0_dsp_dataay", "main_core_block0_gateProjection_operandQD_OUT_ETC__q1149", "main_core_block0_gateProjection_operandQ_D_OUT"], "write_presence_dependencies": []}, "main_core_block0_mainProjection_multipliers_0_dsp_dataax": {"assignments": {"main_core_block0_mainProjection_multipliers_0_aWire_wget": "{ {10{main_core_block0_mainProjection_operandQD_OUT_ETC__q1146[7]}},\n\t       main_core_block0_mainProjection_operandQD_OUT_ETC__q1146 } ", "main_core_block0_mainProjection_multipliers_0_dsp_dataax": "main_core_block0_mainProjection_multipliers_0_aWire_wget ", "main_core_block0_mainProjection_operandQD_OUT_ETC__q1146": "main_core_block0_mainProjection_operandQ_D_OUT[16:9] "}, "leaf_identifiers": ["main_core_block0_mainProjection_operandQ_D_OUT"], "signals": ["main_core_block0_mainProjection_multipliers_0_aWire_wget", "main_core_block0_mainProjection_multipliers_0_dsp_dataax", "main_core_block0_mainProjection_operandQD_OUT_ETC__q1146", "main_core_block0_mainProjection_operandQ_D_OUT"], "write_presence_dependencies": []}, "main_core_block0_mainProjection_multipliers_0_dsp_dataay": {"assignments": {"main_core_block0_mainProjection_multipliers_0_bWire_wget": "{ {10{main_core_block0_mainProjection_operandQD_OUT_ETC__q1147[7]}},\n\t       main_core_block0_mainProjection_operandQD_OUT_ETC__q1147 } ", "main_core_block0_mainProjection_multipliers_0_dsp_dataay": "main_core_block0_mainProjection_multipliers_0_bWire_wget ", "main_core_block0_mainProjection_operandQD_OUT_ETC__q1147": "main_core_block0_mainProjection_operandQ_D_OUT[8:1] "}, "leaf_identifiers": ["main_core_block0_mainProjection_operandQ_D_OUT"], "signals": ["main_core_block0_mainProjection_multipliers_0_bWire_wget", "main_core_block0_mainProjection_multipliers_0_dsp_dataay", "main_core_block0_mainProjection_operandQD_OUT_ETC__q1147", "main_core_block0_mainProjection_operandQ_D_OUT"], "write_presence_dependencies": []}, "main_core_block0_normalization_biasedMultiplier_0_dsp_dataax": {"assignments": {"main_core_block0_normalization_biasedMultiplier_0_aWire_wget": "{ 4'd0, main_core_block0_normalization_magnitudeQ_D_OUT[13:0] } ", "main_core_block0_normalization_biasedMultiplier_0_dsp_dataax": "main_core_block0_normalization_biasedMultiplier_0_aWire_wget "}, "leaf_identifiers": ["d0", "main_core_block0_normalization_magnitudeQ_D_OUT"], "signals": ["d0", "main_core_block0_normalization_biasedMultiplier_0_aWire_wget", "main_core_block0_normalization_biasedMultiplier_0_dsp_dataax", "main_core_block0_normalization_magnitudeQ_D_OUT"], "write_presence_dependencies": []}, "main_core_block0_normalization_biasedMultiplier_0_dsp_dataay": {"assignments": {"main_core_block0_normalization_biasedMultiplier_0_bWire_wget": "{ 10'd0,\n\t       main_core_block0_normalization_magnitudeQ_D_OUT[23:16] } ", "main_core_block0_normalization_biasedMultiplier_0_dsp_dataay": "main_core_block0_normalization_biasedMultiplier_0_bWire_wget "}, "leaf_identifiers": ["d0", "main_core_block0_normalization_magnitudeQ_D_OUT"], "signals": ["d0", "main_core_block0_normalization_biasedMultiplier_0_bWire_wget", "main_core_block0_normalization_biasedMultiplier_0_dsp_dataay", "main_core_block0_normalization_magnitudeQ_D_OUT"], "write_presence_dependencies": []}, "main_core_block0_normalization_weightedMultiplier_0_dsp_dataax": {"assignments": {"main_core_block0_normalization_weightedMultiplier_0_aWire_wget": "{ 4'd0,\n\t       main_core_block0_normalization_magnitudeQ_D_OUT[45:32] } ", "main_core_block0_normalization_weightedMultiplier_0_dsp_dataax": "main_core_block0_normalization_weightedMultiplier_0_aWire_wget "}, "leaf_identifiers": ["d0", "main_core_block0_normalization_magnitudeQ_D_OUT"], "signals": ["d0", "main_core_block0_normalization_magnitudeQ_D_OUT", "main_core_block0_normalization_weightedMultiplier_0_aWire_wget", "main_core_block0_normalization_weightedMultiplier_0_dsp_dataax"], "write_presence_dependencies": []}, "main_core_block0_normalization_weightedMultiplier_0_dsp_dataay": {"assignments": {"main_core_block0_normalization_weightedMultiplier_0_bWire_wget": "{ 10'd0,\n\t       main_core_block0_normalization_magnitudeQ_D_OUT[31:24] } ", "main_core_block0_normalization_weightedMultiplier_0_dsp_dataay": "main_core_block0_normalization_weightedMultiplier_0_bWire_wget "}, "leaf_identifiers": ["d0", "main_core_block0_normalization_magnitudeQ_D_OUT"], "signals": ["d0", "main_core_block0_normalization_magnitudeQ_D_OUT", "main_core_block0_normalization_weightedMultiplier_0_bWire_wget", "main_core_block0_normalization_weightedMultiplier_0_dsp_dataay"], "write_presence_dependencies": []}, "main_core_block0_outputProjection_engine_multipliers_0_dsp_dataax": {"assignments": {"main_core_block0_outputProjection_engine_multipliers_0_aWire_wget": "{ {10{main_core_block0_outputProjection_engine_opera_ETC__q1158[7]}},\n\t       main_core_block0_outputProjection_engine_opera_ETC__q1158 } ", "main_core_block0_outputProjection_engine_multipliers_0_dsp_dataax": "main_core_block0_outputProjection_engine_multipliers_0_aWire_wget ", "main_core_block0_outputProjection_engine_opera_ETC__q1158": "main_core_block0_outputProjection_engine_operandQ_D_OUT[16:9] "}, "leaf_identifiers": ["main_core_block0_outputProjection_engine_operandQ_D_OUT"], "signals": ["main_core_block0_outputProjection_engine_multipliers_0_aWire_wget", "main_core_block0_outputProjection_engine_multipliers_0_dsp_dataax", "main_core_block0_outputProjection_engine_opera_ETC__q1158", "main_core_block0_outputProjection_engine_operandQ_D_OUT"], "write_presence_dependencies": []}, "main_core_block0_outputProjection_engine_multipliers_0_dsp_dataay": {"assignments": {"main_core_block0_outputProjection_engine_multipliers_0_bWire_wget": "{ {10{main_core_block0_outputProjection_engine_opera_ETC__q1159[7]}},\n\t       main_core_block0_outputProjection_engine_opera_ETC__q1159 } ", "main_core_block0_outputProjection_engine_multipliers_0_dsp_dataay": "main_core_block0_outputProjection_engine_multipliers_0_bWire_wget ", "main_core_block0_outputProjection_engine_opera_ETC__q1159": "main_core_block0_outputProjection_engine_operandQ_D_OUT[8:1] "}, "leaf_identifiers": ["main_core_block0_outputProjection_engine_operandQ_D_OUT"], "signals": ["main_core_block0_outputProjection_engine_multipliers_0_bWire_wget", "main_core_block0_outputProjection_engine_multipliers_0_dsp_dataay", "main_core_block0_outputProjection_engine_opera_ETC__q1159", "main_core_block0_outputProjection_engine_operandQ_D_OUT"], "write_presence_dependencies": []}, "main_core_block0_scan_deltaAMultipliers_0_dsp_dataax": {"assignments": {"main_core_block0_scan_deltaAMultipliers_0_aWire_wget": "{ {10{main_core_block0_scan_selectedQD_OUT_BITS_23__ETC__q1160[7]}},\n\t       main_core_block0_scan_selectedQD_OUT_BITS_23__ETC__q1160 } ", "main_core_block0_scan_deltaAMultipliers_0_dsp_dataax": "main_core_block0_scan_deltaAMultipliers_0_aWire_wget ", "main_core_block0_scan_selectedQD_OUT_BITS_23__ETC__q1160": "main_core_block0_scan_selectedQ_D_OUT[23:16] "}, "leaf_identifiers": ["main_core_block0_scan_selectedQ_D_OUT"], "signals": ["main_core_block0_scan_deltaAMultipliers_0_aWire_wget", "main_core_block0_scan_deltaAMultipliers_0_dsp_dataax", "main_core_block0_scan_selectedQD_OUT_BITS_23__ETC__q1160", "main_core_block0_scan_selectedQ_D_OUT"], "write_presence_dependencies": []}, "main_core_block0_scan_deltaAMultipliers_0_dsp_dataay": {"assignments": {"main_core_block0_scan_deltaAMultipliers_0_bWire_wget": "{ {10{main_core_block0_scan_selectedQD_OUT_BITS_64__ETC__q1161[7]}},\n\t       main_core_block0_scan_selectedQD_OUT_BITS_64__ETC__q1161 } ", "main_core_block0_scan_deltaAMultipliers_0_dsp_dataay": "main_core_block0_scan_deltaAMultipliers_0_bWire_wget ", "main_core_block0_scan_selectedQD_OUT_BITS_64__ETC__q1161": "main_core_block0_scan_selectedQ_D_OUT[64:57] "}, "leaf_identifiers": ["main_core_block0_scan_selectedQ_D_OUT"], "signals": ["main_core_block0_scan_deltaAMultipliers_0_bWire_wget", "main_core_block0_scan_deltaAMultipliers_0_dsp_dataay", "main_core_block0_scan_selectedQD_OUT_BITS_64__ETC__q1161", "main_core_block0_scan_selectedQ_D_OUT"], "write_presence_dependencies": []}, "main_core_block0_scan_deltaBMultipliers_0_dsp_dataax": {"assignments": {"main_core_block0_scan_deltaAMultipliers_0_aWire_wget": "{ {10{main_core_block0_scan_selectedQD_OUT_BITS_23__ETC__q1160[7]}},\n\t       main_core_block0_scan_selectedQD_OUT_BITS_23__ETC__q1160 } ", "main_core_block0_scan_deltaBMultipliers_0_dsp_dataax": "main_core_block0_scan_deltaAMultipliers_0_aWire_wget ", "main_core_block0_scan_selectedQD_OUT_BITS_23__ETC__q1160": "main_core_block0_scan_selectedQ_D_OUT[23:16] "}, "leaf_identifiers": ["main_core_block0_scan_selectedQ_D_OUT"], "signals": ["main_core_block0_scan_deltaAMultipliers_0_aWire_wget", "main_core_block0_scan_deltaBMultipliers_0_dsp_dataax", "main_core_block0_scan_selectedQD_OUT_BITS_23__ETC__q1160", "main_core_block0_scan_selectedQ_D_OUT"], "write_presence_dependencies": []}, "main_core_block0_scan_deltaBMultipliers_0_dsp_dataay": {"assignments": {"main_core_block0_scan_deltaBMultipliers_0_bWire_wget": "{ {10{main_core_block0_scan_selectedQD_OUT_BITS_56__ETC__q1162[7]}},\n\t       main_core_block0_scan_selectedQD_OUT_BITS_56__ETC__q1162 } ", "main_core_block0_scan_deltaBMultipliers_0_dsp_dataay": "main_core_block0_scan_deltaBMultipliers_0_bWire_wget ", "main_core_block0_scan_selectedQD_OUT_BITS_56__ETC__q1162": "main_core_block0_scan_selectedQ_D_OUT[56:49] "}, "leaf_identifiers": ["main_core_block0_scan_selectedQ_D_OUT"], "signals": ["main_core_block0_scan_deltaBMultipliers_0_bWire_wget", "main_core_block0_scan_deltaBMultipliers_0_dsp_dataay", "main_core_block0_scan_selectedQD_OUT_BITS_56__ETC__q1162", "main_core_block0_scan_selectedQ_D_OUT"], "write_presence_dependencies": []}, "main_core_block0_scan_directMultiplier_dsp_dataax": {"assignments": {"main_core_block0_scan_directMultiplier_aWire_wget": "{ {10{main_core_block0_scan_selectedQD_OUT_BITS_15__ETC__q1163[7]}},\n\t       main_core_block0_scan_selectedQD_OUT_BITS_15__ETC__q1163 } ", "main_core_block0_scan_directMultiplier_dsp_dataax": "main_core_block0_scan_directMultiplier_aWire_wget ", "main_core_block0_scan_selectedQD_OUT_BITS_15__ETC__q1163": "main_core_block0_scan_selectedQ_D_OUT[15:8] "}, "leaf_identifiers": ["main_core_block0_scan_selectedQ_D_OUT"], "signals": ["main_core_block0_scan_directMultiplier_aWire_wget", "main_core_block0_scan_directMultiplier_dsp_dataax", "main_core_block0_scan_selectedQD_OUT_BITS_15__ETC__q1163", "main_core_block0_scan_selectedQ_D_OUT"], "write_presence_dependencies": []}, "main_core_block0_scan_directMultiplier_dsp_dataay": {"assignments": {"main_core_block0_scan_directMultiplier_bWire_wget": "{ {10{main_core_block0_scan_selectedQD_OUT_BITS_7_TO_0__q1164[7]}},\n\t       main_core_block0_scan_selectedQD_OUT_BITS_7_TO_0__q1164 } ", "main_core_block0_scan_directMultiplier_dsp_dataay": "main_core_block0_scan_directMultiplier_bWire_wget ", "main_core_block0_scan_selectedQD_OUT_BITS_7_TO_0__q1164": "main_core_block0_scan_selectedQ_D_OUT[7:0] "}, "leaf_identifiers": ["main_core_block0_scan_selectedQ_D_OUT"], "signals": ["main_core_block0_scan_directMultiplier_bWire_wget", "main_core_block0_scan_directMultiplier_dsp_dataay", "main_core_block0_scan_selectedQD_OUT_BITS_7_TO_0__q1164", "main_core_block0_scan_selectedQ_D_OUT"], "write_presence_dependencies": []}, "main_core_block0_scan_highMultipliers_0_dsp_dataax": {"assignments": {"main_core_block0_scan_highMultipliers_0_aWire_wget": "{ 10'd0, main_core_block0_scan_productOperandsQ_D_OUT[33:26] } ", "main_core_block0_scan_highMultipliers_0_dsp_dataax": "main_core_block0_scan_highMultipliers_0_aWire_wget "}, "leaf_identifiers": ["d0", "main_core_block0_scan_productOperandsQ_D_OUT"], "signals": ["d0", "main_core_block0_scan_highMultipliers_0_aWire_wget", "main_core_block0_scan_highMultipliers_0_dsp_dataax", "main_core_block0_scan_productOperandsQ_D_OUT"], "write_presence_dependencies": []}, "main_core_block0_scan_highMultipliers_0_dsp_dataay": {"assignments": {"main_core_block0_scan_highMultipliers_0_dsp_dataay": "main_core_block0_scan_lowMultipliers_0_bWire_wget ", "main_core_block0_scan_lowMultipliers_0_bWire_wget": "{ 10'd0, main_core_block0_scan_productOperandsQ_D_OUT[25:18] } "}, "leaf_identifiers": ["d0", "main_core_block0_scan_productOperandsQ_D_OUT"], "signals": ["d0", "main_core_block0_scan_highMultipliers_0_dsp_dataay", "main_core_block0_scan_lowMultipliers_0_bWire_wget", "main_core_block0_scan_productOperandsQ_D_OUT"], "write_presence_dependencies": []}, "main_core_block0_scan_inputMultipliers_0_dsp_dataax": {"assignments": {"main_core_block0_scan_inputMultipliers_0_aWire_wget": "{ {10{main_core_block0_scan_recurrenceOperandsQD_OU_ETC__q1165[7]}},\n\t       main_core_block0_scan_recurrenceOperandsQD_OU_ETC__q1165 } ", "main_core_block0_scan_inputMultipliers_0_dsp_dataax": "main_core_block0_scan_inputMultipliers_0_aWire_wget ", "main_core_block0_scan_recurrenceOperandsQD_OU_ETC__q1165": "main_core_block0_scan_recurrenceOperandsQ_D_OUT[39:32] "}, "leaf_identifiers": ["main_core_block0_scan_recurrenceOperandsQ_D_OUT"], "signals": ["main_core_block0_scan_inputMultipliers_0_aWire_wget", "main_core_block0_scan_inputMultipliers_0_dsp_dataax", "main_core_block0_scan_recurrenceOperandsQD_OU_ETC__q1165", "main_core_block0_scan_recurrenceOperandsQ_D_OUT"], "write_presence_dependencies": []}, "main_core_block0_scan_inputMultipliers_0_dsp_dataay": {"assignments": {"main_core_block0_scan_inputMultipliers_0_bWire_wget": "{ {10{main_core_block0_scan_recurrenceOperandsQD_OU_ETC__q1166[7]}},\n\t       main_core_block0_scan_recurrenceOperandsQD_OU_ETC__q1166 } ", "main_core_block0_scan_inputMultipliers_0_dsp_dataay": "main_core_block0_scan_inputMultipliers_0_bWire_wget ", "main_core_block0_scan_recurrenceOperandsQD_OU_ETC__q1166": "main_core_block0_scan_recurrenceOperandsQ_D_OUT[31:24] "}, "leaf_identifiers": ["main_core_block0_scan_recurrenceOperandsQ_D_OUT"], "signals": ["main_core_block0_scan_inputMultipliers_0_bWire_wget", "main_core_block0_scan_inputMultipliers_0_dsp_dataay", "main_core_block0_scan_recurrenceOperandsQD_OU_ETC__q1166", "main_core_block0_scan_recurrenceOperandsQ_D_OUT"], "write_presence_dependencies": []}, "main_core_block0_scan_lowMultipliers_0_dsp_dataax": {"assignments": {"main_core_block0_scan_lowMultipliers_0_aWire_wget": "{ 2'd0, main_core_block0_scan_productOperandsQ_D_OUT[49:34] } ", "main_core_block0_scan_lowMultipliers_0_dsp_dataax": "main_core_block0_scan_lowMultipliers_0_aWire_wget "}, "leaf_identifiers": ["d0", "main_core_block0_scan_productOperandsQ_D_OUT"], "signals": ["d0", "main_core_block0_scan_lowMultipliers_0_aWire_wget", "main_core_block0_scan_lowMultipliers_0_dsp_dataax", "main_core_block0_scan_productOperandsQ_D_OUT"], "write_presence_dependencies": []}, "main_core_block0_scan_lowMultipliers_0_dsp_dataay": {"assignments": {"main_core_block0_scan_lowMultipliers_0_bWire_wget": "{ 10'd0, main_core_block0_scan_productOperandsQ_D_OUT[25:18] } ", "main_core_block0_scan_lowMultipliers_0_dsp_dataay": "main_core_block0_scan_lowMultipliers_0_bWire_wget "}, "leaf_identifiers": ["d0", "main_core_block0_scan_productOperandsQ_D_OUT"], "signals": ["d0", "main_core_block0_scan_lowMultipliers_0_bWire_wget", "main_core_block0_scan_lowMultipliers_0_dsp_dataay", "main_core_block0_scan_productOperandsQ_D_OUT"], "write_presence_dependencies": []}, "main_core_block0_scan_stateMultipliers_0_dsp_dataax": {"assignments": {"main_core_block0_scan_stateMultipliers_0_aWire_wget": "{ 10'd0,\n\t       main_core_block0_scan_recurrenceOperandsQ_D_OUT[65:58] } ", "main_core_block0_scan_stateMultipliers_0_dsp_dataax": "main_core_block0_scan_stateMultipliers_0_aWire_wget "}, "leaf_identifiers": ["d0", "main_core_block0_scan_recurrenceOperandsQ_D_OUT"], "signals": ["d0", "main_core_block0_scan_recurrenceOperandsQ_D_OUT", "main_core_block0_scan_stateMultipliers_0_aWire_wget", "main_core_block0_scan_stateMultipliers_0_dsp_dataax"], "write_presence_dependencies": []}, "main_core_block0_scan_stateMultipliers_0_dsp_dataay": {"assignments": {"main_core_block0_scan_stateMultipliers_0_bWire_wget": "{ 1'd0,\n\t       main_core_block0_scan_recurrenceOperandsQ_D_OUT[57:41] } ", "main_core_block0_scan_stateMultipliers_0_dsp_dataay": "main_core_block0_scan_stateMultipliers_0_bWire_wget "}, "leaf_identifiers": ["d0", "main_core_block0_scan_recurrenceOperandsQ_D_OUT"], "signals": ["d0", "main_core_block0_scan_recurrenceOperandsQ_D_OUT", "main_core_block0_scan_stateMultipliers_0_bWire_wget", "main_core_block0_scan_stateMultipliers_0_dsp_dataay"], "write_presence_dependencies": []}, "main_core_block1_bProjection_multipliers_0_dsp_dataax": {"assignments": {"main_core_block1_bProjection_multipliers_0_aWire_wget": "{ {10{main_core_block1_bProjection_operandQD_OUT_BI_ETC__q1183[7]}},\n\t       main_core_block1_bProjection_operandQD_OUT_BI_ETC__q1183 } ", "main_core_block1_bProjection_multipliers_0_dsp_dataax": "main_core_block1_bProjection_multipliers_0_aWire_wget ", "main_core_block1_bProjection_operandQD_OUT_BI_ETC__q1183": "main_core_block1_bProjection_operandQ_D_OUT[16:9] "}, "leaf_identifiers": ["main_core_block1_bProjection_operandQ_D_OUT"], "signals": ["main_core_block1_bProjection_multipliers_0_aWire_wget", "main_core_block1_bProjection_multipliers_0_dsp_dataax", "main_core_block1_bProjection_operandQD_OUT_BI_ETC__q1183", "main_core_block1_bProjection_operandQ_D_OUT"], "write_presence_dependencies": []}, "main_core_block1_bProjection_multipliers_0_dsp_dataay": {"assignments": {"main_core_block1_bProjection_multipliers_0_bWire_wget": "{ {10{main_core_block1_bProjection_operandQD_OUT_BI_ETC__q1184[7]}},\n\t       main_core_block1_bProjection_operandQD_OUT_BI_ETC__q1184 } ", "main_core_block1_bProjection_multipliers_0_dsp_dataay": "main_core_block1_bProjection_multipliers_0_bWire_wget ", "main_core_block1_bProjection_operandQD_OUT_BI_ETC__q1184": "main_core_block1_bProjection_operandQ_D_OUT[8:1] "}, "leaf_identifiers": ["main_core_block1_bProjection_operandQ_D_OUT"], "signals": ["main_core_block1_bProjection_multipliers_0_bWire_wget", "main_core_block1_bProjection_multipliers_0_dsp_dataay", "main_core_block1_bProjection_operandQD_OUT_BI_ETC__q1184", "main_core_block1_bProjection_operandQ_D_OUT"], "write_presence_dependencies": []}, "main_core_block1_cProjection_multipliers_0_dsp_dataax": {"assignments": {"main_core_block1_cProjection_multipliers_0_aWire_wget": "{ {10{main_core_block1_cProjection_operandQD_OUT_BI_ETC__q1185[7]}},\n\t       main_core_block1_cProjection_operandQD_OUT_BI_ETC__q1185 } ", "main_core_block1_cProjection_multipliers_0_dsp_dataax": "main_core_block1_cProjection_multipliers_0_aWire_wget ", "main_core_block1_cProjection_operandQD_OUT_BI_ETC__q1185": "main_core_block1_cProjection_operandQ_D_OUT[16:9] "}, "leaf_identifiers": ["main_core_block1_cProjection_operandQ_D_OUT"], "signals": ["main_core_block1_cProjection_multipliers_0_aWire_wget", "main_core_block1_cProjection_multipliers_0_dsp_dataax", "main_core_block1_cProjection_operandQD_OUT_BI_ETC__q1185", "main_core_block1_cProjection_operandQ_D_OUT"], "write_presence_dependencies": []}, "main_core_block1_cProjection_multipliers_0_dsp_dataay": {"assignments": {"main_core_block1_cProjection_multipliers_0_bWire_wget": "{ {10{main_core_block1_cProjection_operandQD_OUT_BI_ETC__q1186[7]}},\n\t       main_core_block1_cProjection_operandQD_OUT_BI_ETC__q1186 } ", "main_core_block1_cProjection_multipliers_0_dsp_dataay": "main_core_block1_cProjection_multipliers_0_bWire_wget ", "main_core_block1_cProjection_operandQD_OUT_BI_ETC__q1186": "main_core_block1_cProjection_operandQ_D_OUT[8:1] "}, "leaf_identifiers": ["main_core_block1_cProjection_operandQ_D_OUT"], "signals": ["main_core_block1_cProjection_multipliers_0_bWire_wget", "main_core_block1_cProjection_multipliers_0_dsp_dataay", "main_core_block1_cProjection_operandQD_OUT_BI_ETC__q1186", "main_core_block1_cProjection_operandQ_D_OUT"], "write_presence_dependencies": []}, "main_core_block1_convMultipliers_0_0_dsp_dataax": {"assignments": {"main_core_block1_convMultipliers_0_0_aWire_wget": "{ {10{main_core_block1_convOperandsQD_OUT_BITS_47_T_ETC__q1198[7]}},\n\t       main_core_block1_convOperandsQD_OUT_BITS_47_T_ETC__q1198 } ", "main_core_block1_convMultipliers_0_0_dsp_dataax": "main_core_block1_convMultipliers_0_0_aWire_wget ", "main_core_block1_convOperandsQD_OUT_BITS_47_T_ETC__q1198": "main_core_block1_convOperandsQ_D_OUT[47:40] "}, "leaf_identifiers": ["main_core_block1_convOperandsQ_D_OUT"], "signals": ["main_core_block1_convMultipliers_0_0_aWire_wget", "main_core_block1_convMultipliers_0_0_dsp_dataax", "main_core_block1_convOperandsQD_OUT_BITS_47_T_ETC__q1198", "main_core_block1_convOperandsQ_D_OUT"], "write_presence_dependencies": []}, "main_core_block1_convMultipliers_0_0_dsp_dataay": {"assignments": {"main_core_block1_convMultipliers_0_0_bWire_wget": "{ {10{main_core_block1_convOperandsQD_OUT_BITS_15_TO_8__q1199[7]}},\n\t       main_core_block1_convOperandsQD_OUT_BITS_15_TO_8__q1199 } ", "main_core_block1_convMultipliers_0_0_dsp_dataay": "main_core_block1_convMultipliers_0_0_bWire_wget ", "main_core_block1_convOperandsQD_OUT_BITS_15_TO_8__q1199": "main_core_block1_convOperandsQ_D_OUT[15:8] "}, "leaf_identifiers": ["main_core_block1_convOperandsQ_D_OUT"], "signals": ["main_core_block1_convMultipliers_0_0_bWire_wget", "main_core_block1_convMultipliers_0_0_dsp_dataay", "main_core_block1_convOperandsQD_OUT_BITS_15_TO_8__q1199", "main_core_block1_convOperandsQ_D_OUT"], "write_presence_dependencies": []}, "main_core_block1_convMultipliers_0_1_dsp_dataax": {"assignments": {"main_core_block1_convMultipliers_0_1_aWire_wget": "{ {10{main_core_block1_convOperandsQD_OUT_BITS_55_T_ETC__q1200[7]}},\n\t       main_core_block1_convOperandsQD_OUT_BITS_55_T_ETC__q1200 } ", "main_core_block1_convMultipliers_0_1_dsp_dataax": "main_core_block1_convMultipliers_0_1_aWire_wget ", "main_core_block1_convOperandsQD_OUT_BITS_55_T_ETC__q1200": "main_core_block1_convOperandsQ_D_OUT[55:48] "}, "leaf_identifiers": ["main_core_block1_convOperandsQ_D_OUT"], "signals": ["main_core_block1_convMultipliers_0_1_aWire_wget", "main_core_block1_convMultipliers_0_1_dsp_dataax", "main_core_block1_convOperandsQD_OUT_BITS_55_T_ETC__q1200", "main_core_block1_convOperandsQ_D_OUT"], "write_presence_dependencies": []}, "main_core_block1_convMultipliers_0_1_dsp_dataay": {"assignments": {"main_core_block1_convMultipliers_0_1_bWire_wget": "{ {10{main_core_block1_convOperandsQD_OUT_BITS_23_T_ETC__q1201[7]}},\n\t       main_core_block1_convOperandsQD_OUT_BITS_23_T_ETC__q1201 } ", "main_core_block1_convMultipliers_0_1_dsp_dataay": "main_core_block1_convMultipliers_0_1_bWire_wget ", "main_core_block1_convOperandsQD_OUT_BITS_23_T_ETC__q1201": "main_core_block1_convOperandsQ_D_OUT[23:16] "}, "leaf_identifiers": ["main_core_block1_convOperandsQ_D_OUT"], "signals": ["main_core_block1_convMultipliers_0_1_bWire_wget", "main_core_block1_convMultipliers_0_1_dsp_dataay", "main_core_block1_convOperandsQD_OUT_BITS_23_T_ETC__q1201", "main_core_block1_convOperandsQ_D_OUT"], "write_presence_dependencies": []}, "main_core_block1_convMultipliers_0_2_dsp_dataax": {"assignments": {"main_core_block1_convMultipliers_0_2_aWire_wget": "{ {10{main_core_block1_convOperandsQD_OUT_BITS_63_T_ETC__q1202[7]}},\n\t       main_core_block1_convOperandsQD_OUT_BITS_63_T_ETC__q1202 } ", "main_core_block1_convMultipliers_0_2_dsp_dataax": "main_core_block1_convMultipliers_0_2_aWire_wget ", "main_core_block1_convOperandsQD_OUT_BITS_63_T_ETC__q1202": "main_core_block1_convOperandsQ_D_OUT[63:56] "}, "leaf_identifiers": ["main_core_block1_convOperandsQ_D_OUT"], "signals": ["main_core_block1_convMultipliers_0_2_aWire_wget", "main_core_block1_convMultipliers_0_2_dsp_dataax", "main_core_block1_convOperandsQD_OUT_BITS_63_T_ETC__q1202", "main_core_block1_convOperandsQ_D_OUT"], "write_presence_dependencies": []}, "main_core_block1_convMultipliers_0_2_dsp_dataay": {"assignments": {"main_core_block1_convMultipliers_0_2_bWire_wget": "{ {10{main_core_block1_convOperandsQD_OUT_BITS_31_T_ETC__q1203[7]}},\n\t       main_core_block1_convOperandsQD_OUT_BITS_31_T_ETC__q1203 } ", "main_core_block1_convMultipliers_0_2_dsp_dataay": "main_core_block1_convMultipliers_0_2_bWire_wget ", "main_core_block1_convOperandsQD_OUT_BITS_31_T_ETC__q1203": "main_core_block1_convOperandsQ_D_OUT[31:24] "}, "leaf_identifiers": ["main_core_block1_convOperandsQ_D_OUT"], "signals": ["main_core_block1_convMultipliers_0_2_bWire_wget", "main_core_block1_convMultipliers_0_2_dsp_dataay", "main_core_block1_convOperandsQD_OUT_BITS_31_T_ETC__q1203", "main_core_block1_convOperandsQ_D_OUT"], "write_presence_dependencies": []}, "main_core_block1_convMultipliers_0_3_dsp_dataax": {"assignments": {"main_core_block1_convMultipliers_0_3_aWire_wget": "{ {10{main_core_block1_convOperandsQD_OUT_BITS_71_T_ETC__q1204[7]}},\n\t       main_core_block1_convOperandsQD_OUT_BITS_71_T_ETC__q1204 } ", "main_core_block1_convMultipliers_0_3_dsp_dataax": "main_core_block1_convMultipliers_0_3_aWire_wget ", "main_core_block1_convOperandsQD_OUT_BITS_71_T_ETC__q1204": "main_core_block1_convOperandsQ_D_OUT[71:64] "}, "leaf_identifiers": ["main_core_block1_convOperandsQ_D_OUT"], "signals": ["main_core_block1_convMultipliers_0_3_aWire_wget", "main_core_block1_convMultipliers_0_3_dsp_dataax", "main_core_block1_convOperandsQD_OUT_BITS_71_T_ETC__q1204", "main_core_block1_convOperandsQ_D_OUT"], "write_presence_dependencies": []}, "main_core_block1_convMultipliers_0_3_dsp_dataay": {"assignments": {"main_core_block1_convMultipliers_0_3_bWire_wget": "{ {10{main_core_block1_convOperandsQD_OUT_BITS_39_T_ETC__q1205[7]}},\n\t       main_core_block1_convOperandsQD_OUT_BITS_39_T_ETC__q1205 } ", "main_core_block1_convMultipliers_0_3_dsp_dataay": "main_core_block1_convMultipliers_0_3_bWire_wget ", "main_core_block1_convOperandsQD_OUT_BITS_39_T_ETC__q1205": "main_core_block1_convOperandsQ_D_OUT[39:32] "}, "leaf_identifiers": ["main_core_block1_convOperandsQ_D_OUT"], "signals": ["main_core_block1_convMultipliers_0_3_bWire_wget", "main_core_block1_convMultipliers_0_3_dsp_dataay", "main_core_block1_convOperandsQD_OUT_BITS_39_T_ETC__q1205", "main_core_block1_convOperandsQ_D_OUT"], "write_presence_dependencies": []}, "main_core_block1_deltaInputProjection_multipliers_0_dsp_dataax": {"assignments": {"main_core_block1_deltaInputProjection_multipliers_0_aWire_wget": "{ {10{main_core_block1_deltaInputProjection_operandQ_ETC__q1181[7]}},\n\t       main_core_block1_deltaInputProjection_operandQ_ETC__q1181 } ", "main_core_block1_deltaInputProjection_multipliers_0_dsp_dataax": "main_core_block1_deltaInputProjection_multipliers_0_aWire_wget ", "main_core_block1_deltaInputProjection_operandQ_ETC__q1181": "main_core_block1_deltaInputProjection_operandQ_D_OUT[16:9] "}, "leaf_identifiers": ["main_core_block1_deltaInputProjection_operandQ_D_OUT"], "signals": ["main_core_block1_deltaInputProjection_multipliers_0_aWire_wget", "main_core_block1_deltaInputProjection_multipliers_0_dsp_dataax", "main_core_block1_deltaInputProjection_operandQ_D_OUT", "main_core_block1_deltaInputProjection_operandQ_ETC__q1181"], "write_presence_dependencies": []}, "main_core_block1_deltaInputProjection_multipliers_0_dsp_dataay": {"assignments": {"main_core_block1_deltaInputProjection_multipliers_0_bWire_wget": "{ {10{main_core_block1_deltaInputProjection_operandQ_ETC__q1182[7]}},\n\t       main_core_block1_deltaInputProjection_operandQ_ETC__q1182 } ", "main_core_block1_deltaInputProjection_multipliers_0_dsp_dataay": "main_core_block1_deltaInputProjection_multipliers_0_bWire_wget ", "main_core_block1_deltaInputProjection_operandQ_ETC__q1182": "main_core_block1_deltaInputProjection_operandQ_D_OUT[8:1] "}, "leaf_identifiers": ["main_core_block1_deltaInputProjection_operandQ_D_OUT"], "signals": ["main_core_block1_deltaInputProjection_multipliers_0_bWire_wget", "main_core_block1_deltaInputProjection_multipliers_0_dsp_dataay", "main_core_block1_deltaInputProjection_operandQ_D_OUT", "main_core_block1_deltaInputProjection_operandQ_ETC__q1182"], "write_presence_dependencies": []}, "main_core_block1_deltaProjection_engine_multipliers_0_dsp_dataax": {"assignments": {"main_core_block1_deltaProjection_engine_multipliers_0_aWire_wget": "{ {10{main_core_block1_deltaProjection_engine_operan_ETC__q1187[7]}},\n\t       main_core_block1_deltaProjection_engine_operan_ETC__q1187 } ", "main_core_block1_deltaProjection_engine_multipliers_0_dsp_dataax": "main_core_block1_deltaProjection_engine_multipliers_0_aWire_wget ", "main_core_block1_deltaProjection_engine_operan_ETC__q1187": "main_core_block1_deltaProjection_engine_operandQ_D_OUT[16:9] "}, "leaf_identifiers": ["main_core_block1_deltaProjection_engine_operandQ_D_OUT"], "signals": ["main_core_block1_deltaProjection_engine_multipliers_0_aWire_wget", "main_core_block1_deltaProjection_engine_multipliers_0_dsp_dataax", "main_core_block1_deltaProjection_engine_operan_ETC__q1187", "main_core_block1_deltaProjection_engine_operandQ_D_OUT"], "write_presence_dependencies": []}, "main_core_block1_deltaProjection_engine_multipliers_0_dsp_dataay": {"assignments": {"main_core_block1_deltaProjection_engine_multipliers_0_bWire_wget": "{ {10{main_core_block1_deltaProjection_engine_operan_ETC__q1188[7]}},\n\t       main_core_block1_deltaProjection_engine_operan_ETC__q1188 } ", "main_core_block1_deltaProjection_engine_multipliers_0_dsp_dataay": "main_core_block1_deltaProjection_engine_multipliers_0_bWire_wget ", "main_core_block1_deltaProjection_engine_operan_ETC__q1188": "main_core_block1_deltaProjection_engine_operandQ_D_OUT[8:1] "}, "leaf_identifiers": ["main_core_block1_deltaProjection_engine_operandQ_D_OUT"], "signals": ["main_core_block1_deltaProjection_engine_multipliers_0_bWire_wget", "main_core_block1_deltaProjection_engine_multipliers_0_dsp_dataay", "main_core_block1_deltaProjection_engine_operan_ETC__q1188", "main_core_block1_deltaProjection_engine_operandQ_D_OUT"], "write_presence_dependencies": []}, "main_core_block1_gateMultipliers_0_dsp_dataax": {"assignments": {"main_core_block1_gateMultipliers_0_aWire_wget": "{ {10{main_core_block1_gateOperandsQD_OUT_BITS_15_TO_8__q1206[7]}},\n\t       main_core_block1_gateOperandsQD_OUT_BITS_15_TO_8__q1206 } ", "main_core_block1_gateMultipliers_0_dsp_dataax": "main_core_block1_gateMultipliers_0_aWire_wget ", "main_core_block1_gateOperandsQD_OUT_BITS_15_TO_8__q1206": "main_core_block1_gateOperandsQ_D_OUT[15:8] "}, "leaf_identifiers": ["main_core_block1_gateOperandsQ_D_OUT"], "signals": ["main_core_block1_gateMultipliers_0_aWire_wget", "main_core_block1_gateMultipliers_0_dsp_dataax", "main_core_block1_gateOperandsQD_OUT_BITS_15_TO_8__q1206", "main_core_block1_gateOperandsQ_D_OUT"], "write_presence_dependencies": []}, "main_core_block1_gateMultipliers_0_dsp_dataay": {"assignments": {"main_core_block1_gateMultipliers_0_bWire_wget": "{ {10{main_core_block1_gateOperandsQD_OUT_BITS_7_TO_0__q1207[7]}},\n\t       main_core_block1_gateOperandsQD_OUT_BITS_7_TO_0__q1207 } ", "main_core_block1_gateMultipliers_0_dsp_dataay": "main_core_block1_gateMultipliers_0_bWire_wget ", "main_core_block1_gateOperandsQD_OUT_BITS_7_TO_0__q1207": "main_core_block1_gateOperandsQ_D_OUT[7:0] "}, "leaf_identifiers": ["main_core_block1_gateOperandsQ_D_OUT"], "signals": ["main_core_block1_gateMultipliers_0_bWire_wget", "main_core_block1_gateMultipliers_0_dsp_dataay", "main_core_block1_gateOperandsQD_OUT_BITS_7_TO_0__q1207", "main_core_block1_gateOperandsQ_D_OUT"], "write_presence_dependencies": []}, "main_core_block1_gateProjection_multipliers_0_dsp_dataax": {"assignments": {"main_core_block1_gateProjection_multipliers_0_aWire_wget": "{ {10{main_core_block1_gateProjection_operandQD_OUT_ETC__q1179[7]}},\n\t       main_core_block1_gateProjection_operandQD_OUT_ETC__q1179 } ", "main_core_block1_gateProjection_multipliers_0_dsp_dataax": "main_core_block1_gateProjection_multipliers_0_aWire_wget ", "main_core_block1_gateProjection_operandQD_OUT_ETC__q1179": "main_core_block1_gateProjection_operandQ_D_OUT[16:9] "}, "leaf_identifiers": ["main_core_block1_gateProjection_operandQ_D_OUT"], "signals": ["main_core_block1_gateProjection_multipliers_0_aWire_wget", "main_core_block1_gateProjection_multipliers_0_dsp_dataax", "main_core_block1_gateProjection_operandQD_OUT_ETC__q1179", "main_core_block1_gateProjection_operandQ_D_OUT"], "write_presence_dependencies": []}, "main_core_block1_gateProjection_multipliers_0_dsp_dataay": {"assignments": {"main_core_block1_gateProjection_multipliers_0_bWire_wget": "{ {10{main_core_block1_gateProjection_operandQD_OUT_ETC__q1180[7]}},\n\t       main_core_block1_gateProjection_operandQD_OUT_ETC__q1180 } ", "main_core_block1_gateProjection_multipliers_0_dsp_dataay": "main_core_block1_gateProjection_multipliers_0_bWire_wget ", "main_core_block1_gateProjection_operandQD_OUT_ETC__q1180": "main_core_block1_gateProjection_operandQ_D_OUT[8:1] "}, "leaf_identifiers": ["main_core_block1_gateProjection_operandQ_D_OUT"], "signals": ["main_core_block1_gateProjection_multipliers_0_bWire_wget", "main_core_block1_gateProjection_multipliers_0_dsp_dataay", "main_core_block1_gateProjection_operandQD_OUT_ETC__q1180", "main_core_block1_gateProjection_operandQ_D_OUT"], "write_presence_dependencies": []}, "main_core_block1_mainProjection_multipliers_0_dsp_dataax": {"assignments": {"main_core_block1_mainProjection_multipliers_0_aWire_wget": "{ {10{main_core_block1_mainProjection_operandQD_OUT_ETC__q1177[7]}},\n\t       main_core_block1_mainProjection_operandQD_OUT_ETC__q1177 } ", "main_core_block1_mainProjection_multipliers_0_dsp_dataax": "main_core_block1_mainProjection_multipliers_0_aWire_wget ", "main_core_block1_mainProjection_operandQD_OUT_ETC__q1177": "main_core_block1_mainProjection_operandQ_D_OUT[16:9] "}, "leaf_identifiers": ["main_core_block1_mainProjection_operandQ_D_OUT"], "signals": ["main_core_block1_mainProjection_multipliers_0_aWire_wget", "main_core_block1_mainProjection_multipliers_0_dsp_dataax", "main_core_block1_mainProjection_operandQD_OUT_ETC__q1177", "main_core_block1_mainProjection_operandQ_D_OUT"], "write_presence_dependencies": []}, "main_core_block1_mainProjection_multipliers_0_dsp_dataay": {"assignments": {"main_core_block1_mainProjection_multipliers_0_bWire_wget": "{ {10{main_core_block1_mainProjection_operandQD_OUT_ETC__q1178[7]}},\n\t       main_core_block1_mainProjection_operandQD_OUT_ETC__q1178 } ", "main_core_block1_mainProjection_multipliers_0_dsp_dataay": "main_core_block1_mainProjection_multipliers_0_bWire_wget ", "main_core_block1_mainProjection_operandQD_OUT_ETC__q1178": "main_core_block1_mainProjection_operandQ_D_OUT[8:1] "}, "leaf_identifiers": ["main_core_block1_mainProjection_operandQ_D_OUT"], "signals": ["main_core_block1_mainProjection_multipliers_0_bWire_wget", "main_core_block1_mainProjection_multipliers_0_dsp_dataay", "main_core_block1_mainProjection_operandQD_OUT_ETC__q1178", "main_core_block1_mainProjection_operandQ_D_OUT"], "write_presence_dependencies": []}, "main_core_block1_normalization_biasedMultiplier_0_dsp_dataax": {"assignments": {"main_core_block1_normalization_biasedMultiplier_0_aWire_wget": "{ 4'd0, main_core_block1_normalization_magnitudeQ_D_OUT[13:0] } ", "main_core_block1_normalization_biasedMultiplier_0_dsp_dataax": "main_core_block1_normalization_biasedMultiplier_0_aWire_wget "}, "leaf_identifiers": ["d0", "main_core_block1_normalization_magnitudeQ_D_OUT"], "signals": ["d0", "main_core_block1_normalization_biasedMultiplier_0_aWire_wget", "main_core_block1_normalization_biasedMultiplier_0_dsp_dataax", "main_core_block1_normalization_magnitudeQ_D_OUT"], "write_presence_dependencies": []}, "main_core_block1_normalization_biasedMultiplier_0_dsp_dataay": {"assignments": {"main_core_block1_normalization_biasedMultiplier_0_bWire_wget": "{ 10'd0,\n\t       main_core_block1_normalization_magnitudeQ_D_OUT[23:16] } ", "main_core_block1_normalization_biasedMultiplier_0_dsp_dataay": "main_core_block1_normalization_biasedMultiplier_0_bWire_wget "}, "leaf_identifiers": ["d0", "main_core_block1_normalization_magnitudeQ_D_OUT"], "signals": ["d0", "main_core_block1_normalization_biasedMultiplier_0_bWire_wget", "main_core_block1_normalization_biasedMultiplier_0_dsp_dataay", "main_core_block1_normalization_magnitudeQ_D_OUT"], "write_presence_dependencies": []}, "main_core_block1_normalization_weightedMultiplier_0_dsp_dataax": {"assignments": {"main_core_block1_normalization_weightedMultiplier_0_aWire_wget": "{ 4'd0,\n\t       main_core_block1_normalization_magnitudeQ_D_OUT[45:32] } ", "main_core_block1_normalization_weightedMultiplier_0_dsp_dataax": "main_core_block1_normalization_weightedMultiplier_0_aWire_wget "}, "leaf_identifiers": ["d0", "main_core_block1_normalization_magnitudeQ_D_OUT"], "signals": ["d0", "main_core_block1_normalization_magnitudeQ_D_OUT", "main_core_block1_normalization_weightedMultiplier_0_aWire_wget", "main_core_block1_normalization_weightedMultiplier_0_dsp_dataax"], "write_presence_dependencies": []}, "main_core_block1_normalization_weightedMultiplier_0_dsp_dataay": {"assignments": {"main_core_block1_normalization_weightedMultiplier_0_bWire_wget": "{ 10'd0,\n\t       main_core_block1_normalization_magnitudeQ_D_OUT[31:24] } ", "main_core_block1_normalization_weightedMultiplier_0_dsp_dataay": "main_core_block1_normalization_weightedMultiplier_0_bWire_wget "}, "leaf_identifiers": ["d0", "main_core_block1_normalization_magnitudeQ_D_OUT"], "signals": ["d0", "main_core_block1_normalization_magnitudeQ_D_OUT", "main_core_block1_normalization_weightedMultiplier_0_bWire_wget", "main_core_block1_normalization_weightedMultiplier_0_dsp_dataay"], "write_presence_dependencies": []}, "main_core_block1_outputProjection_engine_multipliers_0_dsp_dataax": {"assignments": {"main_core_block1_outputProjection_engine_multipliers_0_aWire_wget": "{ {10{main_core_block1_outputProjection_engine_opera_ETC__q1189[7]}},\n\t       main_core_block1_outputProjection_engine_opera_ETC__q1189 } ", "main_core_block1_outputProjection_engine_multipliers_0_dsp_dataax": "main_core_block1_outputProjection_engine_multipliers_0_aWire_wget ", "main_core_block1_outputProjection_engine_opera_ETC__q1189": "main_core_block1_outputProjection_engine_operandQ_D_OUT[16:9] "}, "leaf_identifiers": ["main_core_block1_outputProjection_engine_operandQ_D_OUT"], "signals": ["main_core_block1_outputProjection_engine_multipliers_0_aWire_wget", "main_core_block1_outputProjection_engine_multipliers_0_dsp_dataax", "main_core_block1_outputProjection_engine_opera_ETC__q1189", "main_core_block1_outputProjection_engine_operandQ_D_OUT"], "write_presence_dependencies": []}, "main_core_block1_outputProjection_engine_multipliers_0_dsp_dataay": {"assignments": {"main_core_block1_outputProjection_engine_multipliers_0_bWire_wget": "{ {10{main_core_block1_outputProjection_engine_opera_ETC__q1190[7]}},\n\t       main_core_block1_outputProjection_engine_opera_ETC__q1190 } ", "main_core_block1_outputProjection_engine_multipliers_0_dsp_dataay": "main_core_block1_outputProjection_engine_multipliers_0_bWire_wget ", "main_core_block1_outputProjection_engine_opera_ETC__q1190": "main_core_block1_outputProjection_engine_operandQ_D_OUT[8:1] "}, "leaf_identifiers": ["main_core_block1_outputProjection_engine_operandQ_D_OUT"], "signals": ["main_core_block1_outputProjection_engine_multipliers_0_bWire_wget", "main_core_block1_outputProjection_engine_multipliers_0_dsp_dataay", "main_core_block1_outputProjection_engine_opera_ETC__q1190", "main_core_block1_outputProjection_engine_operandQ_D_OUT"], "write_presence_dependencies": []}, "main_core_block1_scan_deltaAMultipliers_0_dsp_dataax": {"assignments": {"main_core_block1_scan_deltaAMultipliers_0_aWire_wget": "{ {10{main_core_block1_scan_selectedQD_OUT_BITS_23__ETC__q1191[7]}},\n\t       main_core_block1_scan_selectedQD_OUT_BITS_23__ETC__q1191 } ", "main_core_block1_scan_deltaAMultipliers_0_dsp_dataax": "main_core_block1_scan_deltaAMultipliers_0_aWire_wget ", "main_core_block1_scan_selectedQD_OUT_BITS_23__ETC__q1191": "main_core_block1_scan_selectedQ_D_OUT[23:16] "}, "leaf_identifiers": ["main_core_block1_scan_selectedQ_D_OUT"], "signals": ["main_core_block1_scan_deltaAMultipliers_0_aWire_wget", "main_core_block1_scan_deltaAMultipliers_0_dsp_dataax", "main_core_block1_scan_selectedQD_OUT_BITS_23__ETC__q1191", "main_core_block1_scan_selectedQ_D_OUT"], "write_presence_dependencies": []}, "main_core_block1_scan_deltaAMultipliers_0_dsp_dataay": {"assignments": {"main_core_block1_scan_deltaAMultipliers_0_bWire_wget": "{ {10{main_core_block1_scan_selectedQD_OUT_BITS_64__ETC__q1192[7]}},\n\t       main_core_block1_scan_selectedQD_OUT_BITS_64__ETC__q1192 } ", "main_core_block1_scan_deltaAMultipliers_0_dsp_dataay": "main_core_block1_scan_deltaAMultipliers_0_bWire_wget ", "main_core_block1_scan_selectedQD_OUT_BITS_64__ETC__q1192": "main_core_block1_scan_selectedQ_D_OUT[64:57] "}, "leaf_identifiers": ["main_core_block1_scan_selectedQ_D_OUT"], "signals": ["main_core_block1_scan_deltaAMultipliers_0_bWire_wget", "main_core_block1_scan_deltaAMultipliers_0_dsp_dataay", "main_core_block1_scan_selectedQD_OUT_BITS_64__ETC__q1192", "main_core_block1_scan_selectedQ_D_OUT"], "write_presence_dependencies": []}, "main_core_block1_scan_deltaBMultipliers_0_dsp_dataax": {"assignments": {"main_core_block1_scan_deltaAMultipliers_0_aWire_wget": "{ {10{main_core_block1_scan_selectedQD_OUT_BITS_23__ETC__q1191[7]}},\n\t       main_core_block1_scan_selectedQD_OUT_BITS_23__ETC__q1191 } ", "main_core_block1_scan_deltaBMultipliers_0_dsp_dataax": "main_core_block1_scan_deltaAMultipliers_0_aWire_wget ", "main_core_block1_scan_selectedQD_OUT_BITS_23__ETC__q1191": "main_core_block1_scan_selectedQ_D_OUT[23:16] "}, "leaf_identifiers": ["main_core_block1_scan_selectedQ_D_OUT"], "signals": ["main_core_block1_scan_deltaAMultipliers_0_aWire_wget", "main_core_block1_scan_deltaBMultipliers_0_dsp_dataax", "main_core_block1_scan_selectedQD_OUT_BITS_23__ETC__q1191", "main_core_block1_scan_selectedQ_D_OUT"], "write_presence_dependencies": []}, "main_core_block1_scan_deltaBMultipliers_0_dsp_dataay": {"assignments": {"main_core_block1_scan_deltaBMultipliers_0_bWire_wget": "{ {10{main_core_block1_scan_selectedQD_OUT_BITS_56__ETC__q1193[7]}},\n\t       main_core_block1_scan_selectedQD_OUT_BITS_56__ETC__q1193 } ", "main_core_block1_scan_deltaBMultipliers_0_dsp_dataay": "main_core_block1_scan_deltaBMultipliers_0_bWire_wget ", "main_core_block1_scan_selectedQD_OUT_BITS_56__ETC__q1193": "main_core_block1_scan_selectedQ_D_OUT[56:49] "}, "leaf_identifiers": ["main_core_block1_scan_selectedQ_D_OUT"], "signals": ["main_core_block1_scan_deltaBMultipliers_0_bWire_wget", "main_core_block1_scan_deltaBMultipliers_0_dsp_dataay", "main_core_block1_scan_selectedQD_OUT_BITS_56__ETC__q1193", "main_core_block1_scan_selectedQ_D_OUT"], "write_presence_dependencies": []}, "main_core_block1_scan_directMultiplier_dsp_dataax": {"assignments": {"main_core_block1_scan_directMultiplier_aWire_wget": "{ {10{main_core_block1_scan_selectedQD_OUT_BITS_15__ETC__q1194[7]}},\n\t       main_core_block1_scan_selectedQD_OUT_BITS_15__ETC__q1194 } ", "main_core_block1_scan_directMultiplier_dsp_dataax": "main_core_block1_scan_directMultiplier_aWire_wget ", "main_core_block1_scan_selectedQD_OUT_BITS_15__ETC__q1194": "main_core_block1_scan_selectedQ_D_OUT[15:8] "}, "leaf_identifiers": ["main_core_block1_scan_selectedQ_D_OUT"], "signals": ["main_core_block1_scan_directMultiplier_aWire_wget", "main_core_block1_scan_directMultiplier_dsp_dataax", "main_core_block1_scan_selectedQD_OUT_BITS_15__ETC__q1194", "main_core_block1_scan_selectedQ_D_OUT"], "write_presence_dependencies": []}, "main_core_block1_scan_directMultiplier_dsp_dataay": {"assignments": {"main_core_block1_scan_directMultiplier_bWire_wget": "{ {10{main_core_block1_scan_selectedQD_OUT_BITS_7_TO_0__q1195[7]}},\n\t       main_core_block1_scan_selectedQD_OUT_BITS_7_TO_0__q1195 } ", "main_core_block1_scan_directMultiplier_dsp_dataay": "main_core_block1_scan_directMultiplier_bWire_wget ", "main_core_block1_scan_selectedQD_OUT_BITS_7_TO_0__q1195": "main_core_block1_scan_selectedQ_D_OUT[7:0] "}, "leaf_identifiers": ["main_core_block1_scan_selectedQ_D_OUT"], "signals": ["main_core_block1_scan_directMultiplier_bWire_wget", "main_core_block1_scan_directMultiplier_dsp_dataay", "main_core_block1_scan_selectedQD_OUT_BITS_7_TO_0__q1195", "main_core_block1_scan_selectedQ_D_OUT"], "write_presence_dependencies": []}, "main_core_block1_scan_highMultipliers_0_dsp_dataax": {"assignments": {"main_core_block1_scan_highMultipliers_0_aWire_wget": "{ 10'd0, main_core_block1_scan_productOperandsQ_D_OUT[33:26] } ", "main_core_block1_scan_highMultipliers_0_dsp_dataax": "main_core_block1_scan_highMultipliers_0_aWire_wget "}, "leaf_identifiers": ["d0", "main_core_block1_scan_productOperandsQ_D_OUT"], "signals": ["d0", "main_core_block1_scan_highMultipliers_0_aWire_wget", "main_core_block1_scan_highMultipliers_0_dsp_dataax", "main_core_block1_scan_productOperandsQ_D_OUT"], "write_presence_dependencies": []}, "main_core_block1_scan_highMultipliers_0_dsp_dataay": {"assignments": {"main_core_block1_scan_highMultipliers_0_dsp_dataay": "main_core_block1_scan_lowMultipliers_0_bWire_wget ", "main_core_block1_scan_lowMultipliers_0_bWire_wget": "{ 10'd0, main_core_block1_scan_productOperandsQ_D_OUT[25:18] } "}, "leaf_identifiers": ["d0", "main_core_block1_scan_productOperandsQ_D_OUT"], "signals": ["d0", "main_core_block1_scan_highMultipliers_0_dsp_dataay", "main_core_block1_scan_lowMultipliers_0_bWire_wget", "main_core_block1_scan_productOperandsQ_D_OUT"], "write_presence_dependencies": []}, "main_core_block1_scan_inputMultipliers_0_dsp_dataax": {"assignments": {"main_core_block1_scan_inputMultipliers_0_aWire_wget": "{ {10{main_core_block1_scan_recurrenceOperandsQD_OU_ETC__q1196[7]}},\n\t       main_core_block1_scan_recurrenceOperandsQD_OU_ETC__q1196 } ", "main_core_block1_scan_inputMultipliers_0_dsp_dataax": "main_core_block1_scan_inputMultipliers_0_aWire_wget ", "main_core_block1_scan_recurrenceOperandsQD_OU_ETC__q1196": "main_core_block1_scan_recurrenceOperandsQ_D_OUT[39:32] "}, "leaf_identifiers": ["main_core_block1_scan_recurrenceOperandsQ_D_OUT"], "signals": ["main_core_block1_scan_inputMultipliers_0_aWire_wget", "main_core_block1_scan_inputMultipliers_0_dsp_dataax", "main_core_block1_scan_recurrenceOperandsQD_OU_ETC__q1196", "main_core_block1_scan_recurrenceOperandsQ_D_OUT"], "write_presence_dependencies": []}, "main_core_block1_scan_inputMultipliers_0_dsp_dataay": {"assignments": {"main_core_block1_scan_inputMultipliers_0_bWire_wget": "{ {10{main_core_block1_scan_recurrenceOperandsQD_OU_ETC__q1197[7]}},\n\t       main_core_block1_scan_recurrenceOperandsQD_OU_ETC__q1197 } ", "main_core_block1_scan_inputMultipliers_0_dsp_dataay": "main_core_block1_scan_inputMultipliers_0_bWire_wget ", "main_core_block1_scan_recurrenceOperandsQD_OU_ETC__q1197": "main_core_block1_scan_recurrenceOperandsQ_D_OUT[31:24] "}, "leaf_identifiers": ["main_core_block1_scan_recurrenceOperandsQ_D_OUT"], "signals": ["main_core_block1_scan_inputMultipliers_0_bWire_wget", "main_core_block1_scan_inputMultipliers_0_dsp_dataay", "main_core_block1_scan_recurrenceOperandsQD_OU_ETC__q1197", "main_core_block1_scan_recurrenceOperandsQ_D_OUT"], "write_presence_dependencies": []}, "main_core_block1_scan_lowMultipliers_0_dsp_dataax": {"assignments": {"main_core_block1_scan_lowMultipliers_0_aWire_wget": "{ 2'd0, main_core_block1_scan_productOperandsQ_D_OUT[49:34] } ", "main_core_block1_scan_lowMultipliers_0_dsp_dataax": "main_core_block1_scan_lowMultipliers_0_aWire_wget "}, "leaf_identifiers": ["d0", "main_core_block1_scan_productOperandsQ_D_OUT"], "signals": ["d0", "main_core_block1_scan_lowMultipliers_0_aWire_wget", "main_core_block1_scan_lowMultipliers_0_dsp_dataax", "main_core_block1_scan_productOperandsQ_D_OUT"], "write_presence_dependencies": []}, "main_core_block1_scan_lowMultipliers_0_dsp_dataay": {"assignments": {"main_core_block1_scan_lowMultipliers_0_bWire_wget": "{ 10'd0, main_core_block1_scan_productOperandsQ_D_OUT[25:18] } ", "main_core_block1_scan_lowMultipliers_0_dsp_dataay": "main_core_block1_scan_lowMultipliers_0_bWire_wget "}, "leaf_identifiers": ["d0", "main_core_block1_scan_productOperandsQ_D_OUT"], "signals": ["d0", "main_core_block1_scan_lowMultipliers_0_bWire_wget", "main_core_block1_scan_lowMultipliers_0_dsp_dataay", "main_core_block1_scan_productOperandsQ_D_OUT"], "write_presence_dependencies": []}, "main_core_block1_scan_stateMultipliers_0_dsp_dataax": {"assignments": {"main_core_block1_scan_stateMultipliers_0_aWire_wget": "{ 10'd0,\n\t       main_core_block1_scan_recurrenceOperandsQ_D_OUT[65:58] } ", "main_core_block1_scan_stateMultipliers_0_dsp_dataax": "main_core_block1_scan_stateMultipliers_0_aWire_wget "}, "leaf_identifiers": ["d0", "main_core_block1_scan_recurrenceOperandsQ_D_OUT"], "signals": ["d0", "main_core_block1_scan_recurrenceOperandsQ_D_OUT", "main_core_block1_scan_stateMultipliers_0_aWire_wget", "main_core_block1_scan_stateMultipliers_0_dsp_dataax"], "write_presence_dependencies": []}, "main_core_block1_scan_stateMultipliers_0_dsp_dataay": {"assignments": {"main_core_block1_scan_stateMultipliers_0_bWire_wget": "{ 1'd0,\n\t       main_core_block1_scan_recurrenceOperandsQ_D_OUT[57:41] } ", "main_core_block1_scan_stateMultipliers_0_dsp_dataay": "main_core_block1_scan_stateMultipliers_0_bWire_wget "}, "leaf_identifiers": ["d0", "main_core_block1_scan_recurrenceOperandsQ_D_OUT"], "signals": ["d0", "main_core_block1_scan_recurrenceOperandsQ_D_OUT", "main_core_block1_scan_stateMultipliers_0_bWire_wget", "main_core_block1_scan_stateMultipliers_0_dsp_dataay"], "write_presence_dependencies": []}, "main_core_embedding_engine_multipliers_0_dsp_dataax": {"assignments": {"main_core_embedding_engine_multipliers_0_aWire_wget": "{ {10{main_core_embedding_engine_operandQD_OUT_BITS_ETC__q1144[7]}},\n\t       main_core_embedding_engine_operandQD_OUT_BITS_ETC__q1144 } ", "main_core_embedding_engine_multipliers_0_dsp_dataax": "main_core_embedding_engine_multipliers_0_aWire_wget ", "main_core_embedding_engine_operandQD_OUT_BITS_ETC__q1144": "main_core_embedding_engine_operandQ_D_OUT[16:9] "}, "leaf_identifiers": ["main_core_embedding_engine_operandQ_D_OUT"], "signals": ["main_core_embedding_engine_multipliers_0_aWire_wget", "main_core_embedding_engine_multipliers_0_dsp_dataax", "main_core_embedding_engine_operandQD_OUT_BITS_ETC__q1144", "main_core_embedding_engine_operandQ_D_OUT"], "write_presence_dependencies": []}, "main_core_embedding_engine_multipliers_0_dsp_dataay": {"assignments": {"main_core_embedding_engine_multipliers_0_bWire_wget": "{ {10{main_core_embedding_engine_operandQD_OUT_BITS_ETC__q1145[7]}},\n\t       main_core_embedding_engine_operandQD_OUT_BITS_ETC__q1145 } ", "main_core_embedding_engine_multipliers_0_dsp_dataay": "main_core_embedding_engine_multipliers_0_bWire_wget ", "main_core_embedding_engine_operandQD_OUT_BITS_ETC__q1145": "main_core_embedding_engine_operandQ_D_OUT[8:1] "}, "leaf_identifiers": ["main_core_embedding_engine_operandQ_D_OUT"], "signals": ["main_core_embedding_engine_multipliers_0_bWire_wget", "main_core_embedding_engine_multipliers_0_dsp_dataay", "main_core_embedding_engine_operandQD_OUT_BITS_ETC__q1145", "main_core_embedding_engine_operandQ_D_OUT"], "write_presence_dependencies": []}, "main_core_headHidden_engine_multipliers_0_dsp_dataax": {"assignments": {"main_core_headHidden_engine_multipliers_0_aWire_wget": "{ {10{main_core_headHidden_engine_operandQD_OUT_BIT_ETC__q1208[7]}},\n\t       main_core_headHidden_engine_operandQD_OUT_BIT_ETC__q1208 } ", "main_core_headHidden_engine_multipliers_0_dsp_dataax": "main_core_headHidden_engine_multipliers_0_aWire_wget ", "main_core_headHidden_engine_operandQD_OUT_BIT_ETC__q1208": "main_core_headHidden_engine_operandQ_D_OUT[16:9] "}, "leaf_identifiers": ["main_core_headHidden_engine_operandQ_D_OUT"], "signals": ["main_core_headHidden_engine_multipliers_0_aWire_wget", "main_core_headHidden_engine_multipliers_0_dsp_dataax", "main_core_headHidden_engine_operandQD_OUT_BIT_ETC__q1208", "main_core_headHidden_engine_operandQ_D_OUT"], "write_presence_dependencies": []}, "main_core_headHidden_engine_multipliers_0_dsp_dataay": {"assignments": {"main_core_headHidden_engine_multipliers_0_bWire_wget": "{ {10{main_core_headHidden_engine_operandQD_OUT_BIT_ETC__q1209[7]}},\n\t       main_core_headHidden_engine_operandQD_OUT_BIT_ETC__q1209 } ", "main_core_headHidden_engine_multipliers_0_dsp_dataay": "main_core_headHidden_engine_multipliers_0_bWire_wget ", "main_core_headHidden_engine_operandQD_OUT_BIT_ETC__q1209": "main_core_headHidden_engine_operandQ_D_OUT[8:1] "}, "leaf_identifiers": ["main_core_headHidden_engine_operandQ_D_OUT"], "signals": ["main_core_headHidden_engine_multipliers_0_bWire_wget", "main_core_headHidden_engine_multipliers_0_dsp_dataay", "main_core_headHidden_engine_operandQD_OUT_BIT_ETC__q1209", "main_core_headHidden_engine_operandQ_D_OUT"], "write_presence_dependencies": []}, "main_core_headOutput_engine_multipliers_0_dsp_dataax": {"assignments": {"main_core_headOutput_engine_multipliers_0_aWire_wget": "{ {10{main_core_headOutput_engine_operandQD_OUT_BIT_ETC__q1210[7]}},\n\t       main_core_headOutput_engine_operandQD_OUT_BIT_ETC__q1210 } ", "main_core_headOutput_engine_multipliers_0_dsp_dataax": "main_core_headOutput_engine_multipliers_0_aWire_wget ", "main_core_headOutput_engine_operandQD_OUT_BIT_ETC__q1210": "main_core_headOutput_engine_operandQ_D_OUT[16:9] "}, "leaf_identifiers": ["main_core_headOutput_engine_operandQ_D_OUT"], "signals": ["main_core_headOutput_engine_multipliers_0_aWire_wget", "main_core_headOutput_engine_multipliers_0_dsp_dataax", "main_core_headOutput_engine_operandQD_OUT_BIT_ETC__q1210", "main_core_headOutput_engine_operandQ_D_OUT"], "write_presence_dependencies": []}, "main_core_headOutput_engine_multipliers_0_dsp_dataay": {"assignments": {"main_core_headOutput_engine_multipliers_0_bWire_wget": "{ {10{main_core_headOutput_engine_operandQD_OUT_BIT_ETC__q1211[7]}},\n\t       main_core_headOutput_engine_operandQD_OUT_BIT_ETC__q1211 } ", "main_core_headOutput_engine_multipliers_0_dsp_dataay": "main_core_headOutput_engine_multipliers_0_bWire_wget ", "main_core_headOutput_engine_operandQD_OUT_BIT_ETC__q1211": "main_core_headOutput_engine_operandQ_D_OUT[8:1] "}, "leaf_identifiers": ["main_core_headOutput_engine_operandQ_D_OUT"], "signals": ["main_core_headOutput_engine_multipliers_0_bWire_wget", "main_core_headOutput_engine_multipliers_0_dsp_dataay", "main_core_headOutput_engine_operandQD_OUT_BIT_ETC__q1211", "main_core_headOutput_engine_operandQ_D_OUT"], "write_presence_dependencies": []}}, "operand_ports": ["main_core_block0_bProjection_multipliers_0_dsp_dataax", "main_core_block0_bProjection_multipliers_0_dsp_dataay", "main_core_block0_cProjection_multipliers_0_dsp_dataax", "main_core_block0_cProjection_multipliers_0_dsp_dataay", "main_core_block0_convMultipliers_0_0_dsp_dataax", "main_core_block0_convMultipliers_0_0_dsp_dataay", "main_core_block0_convMultipliers_0_1_dsp_dataax", "main_core_block0_convMultipliers_0_1_dsp_dataay", "main_core_block0_convMultipliers_0_2_dsp_dataax", "main_core_block0_convMultipliers_0_2_dsp_dataay", "main_core_block0_convMultipliers_0_3_dsp_dataax", "main_core_block0_convMultipliers_0_3_dsp_dataay", "main_core_block0_deltaInputProjection_multipliers_0_dsp_dataax", "main_core_block0_deltaInputProjection_multipliers_0_dsp_dataay", "main_core_block0_deltaProjection_engine_multipliers_0_dsp_dataax", "main_core_block0_deltaProjection_engine_multipliers_0_dsp_dataay", "main_core_block0_gateMultipliers_0_dsp_dataax", "main_core_block0_gateMultipliers_0_dsp_dataay", "main_core_block0_gateProjection_multipliers_0_dsp_dataax", "main_core_block0_gateProjection_multipliers_0_dsp_dataay", "main_core_block0_mainProjection_multipliers_0_dsp_dataax", "main_core_block0_mainProjection_multipliers_0_dsp_dataay", "main_core_block0_normalization_biasedMultiplier_0_dsp_dataax", "main_core_block0_normalization_biasedMultiplier_0_dsp_dataay", "main_core_block0_normalization_weightedMultiplier_0_dsp_dataax", "main_core_block0_normalization_weightedMultiplier_0_dsp_dataay", "main_core_block0_outputProjection_engine_multipliers_0_dsp_dataax", "main_core_block0_outputProjection_engine_multipliers_0_dsp_dataay", "main_core_block0_scan_deltaAMultipliers_0_dsp_dataax", "main_core_block0_scan_deltaAMultipliers_0_dsp_dataay", "main_core_block0_scan_deltaBMultipliers_0_dsp_dataax", "main_core_block0_scan_deltaBMultipliers_0_dsp_dataay", "main_core_block0_scan_directMultiplier_dsp_dataax", "main_core_block0_scan_directMultiplier_dsp_dataay", "main_core_block0_scan_highMultipliers_0_dsp_dataax", "main_core_block0_scan_highMultipliers_0_dsp_dataay", "main_core_block0_scan_inputMultipliers_0_dsp_dataax", "main_core_block0_scan_inputMultipliers_0_dsp_dataay", "main_core_block0_scan_lowMultipliers_0_dsp_dataax", "main_core_block0_scan_lowMultipliers_0_dsp_dataay", "main_core_block0_scan_stateMultipliers_0_dsp_dataax", "main_core_block0_scan_stateMultipliers_0_dsp_dataay", "main_core_block1_bProjection_multipliers_0_dsp_dataax", "main_core_block1_bProjection_multipliers_0_dsp_dataay", "main_core_block1_cProjection_multipliers_0_dsp_dataax", "main_core_block1_cProjection_multipliers_0_dsp_dataay", "main_core_block1_convMultipliers_0_0_dsp_dataax", "main_core_block1_convMultipliers_0_0_dsp_dataay", "main_core_block1_convMultipliers_0_1_dsp_dataax", "main_core_block1_convMultipliers_0_1_dsp_dataay", "main_core_block1_convMultipliers_0_2_dsp_dataax", "main_core_block1_convMultipliers_0_2_dsp_dataay", "main_core_block1_convMultipliers_0_3_dsp_dataax", "main_core_block1_convMultipliers_0_3_dsp_dataay", "main_core_block1_deltaInputProjection_multipliers_0_dsp_dataax", "main_core_block1_deltaInputProjection_multipliers_0_dsp_dataay", "main_core_block1_deltaProjection_engine_multipliers_0_dsp_dataax", "main_core_block1_deltaProjection_engine_multipliers_0_dsp_dataay", "main_core_block1_gateMultipliers_0_dsp_dataax", "main_core_block1_gateMultipliers_0_dsp_dataay", "main_core_block1_gateProjection_multipliers_0_dsp_dataax", "main_core_block1_gateProjection_multipliers_0_dsp_dataay", "main_core_block1_mainProjection_multipliers_0_dsp_dataax", "main_core_block1_mainProjection_multipliers_0_dsp_dataay", "main_core_block1_normalization_biasedMultiplier_0_dsp_dataax", "main_core_block1_normalization_biasedMultiplier_0_dsp_dataay", "main_core_block1_normalization_weightedMultiplier_0_dsp_dataax", "main_core_block1_normalization_weightedMultiplier_0_dsp_dataay", "main_core_block1_outputProjection_engine_multipliers_0_dsp_dataax", "main_core_block1_outputProjection_engine_multipliers_0_dsp_dataay", "main_core_block1_scan_deltaAMultipliers_0_dsp_dataax", "main_core_block1_scan_deltaAMultipliers_0_dsp_dataay", "main_core_block1_scan_deltaBMultipliers_0_dsp_dataax", "main_core_block1_scan_deltaBMultipliers_0_dsp_dataay", "main_core_block1_scan_directMultiplier_dsp_dataax", "main_core_block1_scan_directMultiplier_dsp_dataay", "main_core_block1_scan_highMultipliers_0_dsp_dataax", "main_core_block1_scan_highMultipliers_0_dsp_dataay", "main_core_block1_scan_inputMultipliers_0_dsp_dataax", "main_core_block1_scan_inputMultipliers_0_dsp_dataay", "main_core_block1_scan_lowMultipliers_0_dsp_dataax", "main_core_block1_scan_lowMultipliers_0_dsp_dataay", "main_core_block1_scan_stateMultipliers_0_dsp_dataax", "main_core_block1_scan_stateMultipliers_0_dsp_dataay", "main_core_embedding_engine_multipliers_0_dsp_dataax", "main_core_embedding_engine_multipliers_0_dsp_dataay", "main_core_headHidden_engine_multipliers_0_dsp_dataax", "main_core_headHidden_engine_multipliers_0_dsp_dataay", "main_core_headOutput_engine_multipliers_0_dsp_dataax", "main_core_headOutput_engine_multipliers_0_dsp_dataay"], "retained_write_presence_signals": ["main_core_block0_bProjection_multipliers_0_aWire_whas", "main_core_block0_cProjection_multipliers_0_aWire_whas", "main_core_block0_convMultipliers_0_0_aWire_whas", "main_core_block0_deltaInputProjection_multipliers_0_aWire_whas", "main_core_block0_deltaProjection_engine_multipliers_0_aWire_whas", "main_core_block0_gateMultipliers_0_aWire_whas", "main_core_block0_gateProjection_multipliers_0_aWire_whas", "main_core_block0_mainProjection_multipliers_0_aWire_whas", "main_core_block0_normalization_weightedMultiplier_0_aWire_whas", "main_core_block0_outputProjection_engine_multipliers_0_aWire_whas", "main_core_block0_scan_deltaAMultipliers_0_aWire_whas", "main_core_block0_scan_lowMultipliers_0_aWire_whas", "main_core_block0_scan_stateMultipliers_0_aWire_whas", "main_core_block1_bProjection_multipliers_0_aWire_whas", "main_core_block1_cProjection_multipliers_0_aWire_whas", "main_core_block1_convMultipliers_0_0_aWire_whas", "main_core_block1_deltaInputProjection_multipliers_0_aWire_whas", "main_core_block1_deltaProjection_engine_multipliers_0_aWire_whas", "main_core_block1_gateMultipliers_0_aWire_whas", "main_core_block1_gateProjection_multipliers_0_aWire_whas", "main_core_block1_mainProjection_multipliers_0_aWire_whas", "main_core_block1_normalization_weightedMultiplier_0_aWire_whas", "main_core_block1_outputProjection_engine_multipliers_0_aWire_whas", "main_core_block1_scan_deltaAMultipliers_0_aWire_whas", "main_core_block1_scan_lowMultipliers_0_aWire_whas", "main_core_block1_scan_stateMultipliers_0_aWire_whas", "main_core_embedding_engine_multipliers_0_aWire_whas", "main_core_headHidden_engine_multipliers_0_aWire_whas", "main_core_headOutput_engine_multipliers_0_aWire_whas"], "retained_write_presence_uses": ["wire main_core_block0_bProjection_multipliers_0_aWire_whas,", "main_core_block0_cProjection_multipliers_0_aWire_whas,", "main_core_block0_convMultipliers_0_0_aWire_whas,", "main_core_block0_deltaInputProjection_multipliers_0_aWire_whas,", "main_core_block0_deltaProjection_engine_multipliers_0_aWire_whas,", "main_core_block0_gateMultipliers_0_aWire_whas,", "main_core_block0_gateProjection_multipliers_0_aWire_whas,", "main_core_block0_mainProjection_multipliers_0_aWire_whas,", "main_core_block0_normalization_weightedMultiplier_0_aWire_whas,", "main_core_block0_outputProjection_engine_multipliers_0_aWire_whas,", "main_core_block0_scan_deltaAMultipliers_0_aWire_whas,", "main_core_block0_scan_lowMultipliers_0_aWire_whas,", "main_core_block0_scan_stateMultipliers_0_aWire_whas,", "main_core_block1_bProjection_multipliers_0_aWire_whas,", "main_core_block1_cProjection_multipliers_0_aWire_whas,", "main_core_block1_convMultipliers_0_0_aWire_whas,", "main_core_block1_deltaInputProjection_multipliers_0_aWire_whas,", "main_core_block1_deltaProjection_engine_multipliers_0_aWire_whas,", "main_core_block1_gateMultipliers_0_aWire_whas,", "main_core_block1_gateProjection_multipliers_0_aWire_whas,", "main_core_block1_mainProjection_multipliers_0_aWire_whas,", "main_core_block1_normalization_weightedMultiplier_0_aWire_whas,", "main_core_block1_outputProjection_engine_multipliers_0_aWire_whas,", "main_core_block1_scan_deltaAMultipliers_0_aWire_whas,", "main_core_block1_scan_lowMultipliers_0_aWire_whas,", "main_core_block1_scan_stateMultipliers_0_aWire_whas,", "main_core_embedding_engine_multipliers_0_aWire_whas,", "main_core_headHidden_engine_multipliers_0_aWire_whas,", "main_core_headOutput_engine_multipliers_0_aWire_whas;", "assign main_core_embedding_engine_multipliers_0_aWire_whas =", "assign main_core_block0_normalization_weightedMultiplier_0_aWire_whas =", "assign main_core_block0_mainProjection_multipliers_0_aWire_whas =", "assign main_core_block0_gateProjection_multipliers_0_aWire_whas =", "assign main_core_block0_deltaInputProjection_multipliers_0_aWire_whas =", "assign main_core_block0_bProjection_multipliers_0_aWire_whas =", "assign main_core_block0_cProjection_multipliers_0_aWire_whas =", "assign main_core_block0_deltaProjection_engine_multipliers_0_aWire_whas =", "assign main_core_block0_outputProjection_engine_multipliers_0_aWire_whas =", "assign main_core_block0_scan_deltaAMultipliers_0_aWire_whas =", "assign main_core_block0_scan_stateMultipliers_0_aWire_whas =", "assign main_core_block0_scan_lowMultipliers_0_aWire_whas =", "assign main_core_block0_convMultipliers_0_0_aWire_whas =", "assign main_core_block0_gateMultipliers_0_aWire_whas =", "assign main_core_block1_normalization_weightedMultiplier_0_aWire_whas =", "assign main_core_block1_mainProjection_multipliers_0_aWire_whas =", "assign main_core_block1_gateProjection_multipliers_0_aWire_whas =", "assign main_core_block1_deltaInputProjection_multipliers_0_aWire_whas =", "assign main_core_block1_bProjection_multipliers_0_aWire_whas =", "assign main_core_block1_cProjection_multipliers_0_aWire_whas =", "assign main_core_block1_deltaProjection_engine_multipliers_0_aWire_whas =", "assign main_core_block1_outputProjection_engine_multipliers_0_aWire_whas =", "assign main_core_block1_scan_deltaAMultipliers_0_aWire_whas =", "assign main_core_block1_scan_stateMultipliers_0_aWire_whas =", "assign main_core_block1_scan_lowMultipliers_0_aWire_whas =", "assign main_core_block1_convMultipliers_0_0_aWire_whas =", "assign main_core_block1_gateMultipliers_0_aWire_whas =", "assign main_core_headHidden_engine_multipliers_0_aWire_whas =", "assign main_core_headOutput_engine_multipliers_0_aWire_whas =", "main_core_block0_bProjection_multipliers_0_aWire_whas ;", "main_core_block0_bProjection_multipliers_0_aWire_whas } ;", "main_core_block0_bProjection_multipliers_0_aWire_whas ;", "main_core_block0_cProjection_multipliers_0_aWire_whas ;", "main_core_block0_cProjection_multipliers_0_aWire_whas } ;", "main_core_block0_cProjection_multipliers_0_aWire_whas ;", "main_core_block0_convMultipliers_0_0_aWire_whas ;", "main_core_block0_convMultipliers_0_0_aWire_whas } ;", "main_core_block0_convMultipliers_0_0_aWire_whas ;", "main_core_block0_convMultipliers_0_0_aWire_whas } ;", "main_core_block0_convMultipliers_0_0_aWire_whas ;", "main_core_block0_convMultipliers_0_0_aWire_whas } ;", "main_core_block0_convMultipliers_0_0_aWire_whas ;", "main_core_block0_convMultipliers_0_0_aWire_whas } ;", "main_core_block0_deltaInputProjection_multipliers_0_aWire_whas ;", "main_core_block0_deltaInputProjection_multipliers_0_aWire_whas } ;", "main_core_block0_deltaInputProjection_multipliers_0_aWire_whas ;", "main_core_block0_deltaProjection_engine_multipliers_0_aWire_whas ;", "main_core_block0_deltaProjection_engine_multipliers_0_aWire_whas } ;", "main_core_block0_deltaProjection_engine_multipliers_0_aWire_whas ;", "main_core_block0_gateMultipliers_0_aWire_whas ;", "main_core_block0_gateMultipliers_0_aWire_whas } ;", "main_core_block0_gateProjection_multipliers_0_aWire_whas ;", "main_core_block0_gateProjection_multipliers_0_aWire_whas } ;", "main_core_block0_gateProjection_multipliers_0_aWire_whas ;", "main_core_block0_mainProjection_multipliers_0_aWire_whas ;", "main_core_block0_mainProjection_multipliers_0_aWire_whas } ;", "main_core_block0_mainProjection_multipliers_0_aWire_whas ;", "main_core_block0_normalization_weightedMultiplier_0_aWire_whas ;", "main_core_block0_normalization_weightedMultiplier_0_aWire_whas } ;", "main_core_block0_normalization_weightedMultiplier_0_aWire_whas ;", "main_core_block0_normalization_weightedMultiplier_0_aWire_whas } ;", "main_core_block0_outputProjection_engine_multipliers_0_aWire_whas ;", "main_core_block0_outputProjection_engine_multipliers_0_aWire_whas } ;", "main_core_block0_outputProjection_engine_multipliers_0_aWire_whas ;", "main_core_block0_scan_deltaAMultipliers_0_aWire_whas ;", "main_core_block0_scan_deltaAMultipliers_0_aWire_whas } ;", "main_core_block0_scan_deltaAMultipliers_0_aWire_whas ;", "main_core_block0_scan_deltaAMultipliers_0_aWire_whas } ;", "main_core_block0_scan_deltaAMultipliers_0_aWire_whas ;", "main_core_block0_scan_deltaAMultipliers_0_aWire_whas } ;", "main_core_block0_scan_lowMultipliers_0_aWire_whas ;", "main_core_block0_scan_lowMultipliers_0_aWire_whas } ;", "main_core_block0_scan_stateMultipliers_0_aWire_whas ;", "main_core_block0_scan_stateMultipliers_0_aWire_whas } ;", "main_core_block0_scan_lowMultipliers_0_aWire_whas ;", "main_core_block0_scan_lowMultipliers_0_aWire_whas } ;", "main_core_block0_scan_stateMultipliers_0_aWire_whas ;", "main_core_block0_scan_stateMultipliers_0_aWire_whas } ;", "main_core_block1_bProjection_multipliers_0_aWire_whas ;", "main_core_block1_bProjection_multipliers_0_aWire_whas } ;", "main_core_block1_bProjection_multipliers_0_aWire_whas ;", "main_core_block1_cProjection_multipliers_0_aWire_whas ;", "main_core_block1_cProjection_multipliers_0_aWire_whas } ;", "main_core_block1_cProjection_multipliers_0_aWire_whas ;", "main_core_block1_convMultipliers_0_0_aWire_whas ;", "main_core_block1_convMultipliers_0_0_aWire_whas } ;", "main_core_block1_convMultipliers_0_0_aWire_whas ;", "main_core_block1_convMultipliers_0_0_aWire_whas } ;", "main_core_block1_convMultipliers_0_0_aWire_whas ;", "main_core_block1_convMultipliers_0_0_aWire_whas } ;", "main_core_block1_convMultipliers_0_0_aWire_whas ;", "main_core_block1_convMultipliers_0_0_aWire_whas } ;", "main_core_block1_deltaInputProjection_multipliers_0_aWire_whas ;", "main_core_block1_deltaInputProjection_multipliers_0_aWire_whas } ;", "main_core_block1_deltaInputProjection_multipliers_0_aWire_whas ;", "main_core_block1_deltaProjection_engine_multipliers_0_aWire_whas ;", "main_core_block1_deltaProjection_engine_multipliers_0_aWire_whas } ;", "main_core_block1_deltaProjection_engine_multipliers_0_aWire_whas ;", "main_core_block1_gateMultipliers_0_aWire_whas ;", "main_core_block1_gateMultipliers_0_aWire_whas } ;", "main_core_block1_gateProjection_multipliers_0_aWire_whas ;", "main_core_block1_gateProjection_multipliers_0_aWire_whas } ;", "main_core_block1_gateProjection_multipliers_0_aWire_whas ;", "main_core_block1_mainProjection_multipliers_0_aWire_whas ;", "main_core_block1_mainProjection_multipliers_0_aWire_whas } ;", "main_core_block1_mainProjection_multipliers_0_aWire_whas ;", "main_core_block1_normalization_weightedMultiplier_0_aWire_whas ;", "main_core_block1_normalization_weightedMultiplier_0_aWire_whas } ;", "main_core_block1_normalization_weightedMultiplier_0_aWire_whas ;", "main_core_block1_normalization_weightedMultiplier_0_aWire_whas } ;", "main_core_block1_outputProjection_engine_multipliers_0_aWire_whas ;", "main_core_block1_outputProjection_engine_multipliers_0_aWire_whas } ;", "main_core_block1_outputProjection_engine_multipliers_0_aWire_whas ;", "main_core_block1_scan_deltaAMultipliers_0_aWire_whas ;", "main_core_block1_scan_deltaAMultipliers_0_aWire_whas } ;", "main_core_block1_scan_deltaAMultipliers_0_aWire_whas ;", "main_core_block1_scan_deltaAMultipliers_0_aWire_whas } ;", "main_core_block1_scan_deltaAMultipliers_0_aWire_whas ;", "main_core_block1_scan_deltaAMultipliers_0_aWire_whas } ;", "main_core_block1_scan_lowMultipliers_0_aWire_whas ;", "main_core_block1_scan_lowMultipliers_0_aWire_whas } ;", "main_core_block1_scan_stateMultipliers_0_aWire_whas ;", "main_core_block1_scan_stateMultipliers_0_aWire_whas } ;", "main_core_block1_scan_lowMultipliers_0_aWire_whas ;", "main_core_block1_scan_lowMultipliers_0_aWire_whas } ;", "main_core_block1_scan_stateMultipliers_0_aWire_whas ;", "main_core_block1_scan_stateMultipliers_0_aWire_whas } ;", "main_core_embedding_engine_multipliers_0_aWire_whas ;", "main_core_embedding_engine_multipliers_0_aWire_whas } ;", "main_core_embedding_engine_multipliers_0_aWire_whas ;", "main_core_headHidden_engine_multipliers_0_aWire_whas ;", "main_core_headHidden_engine_multipliers_0_aWire_whas } ;", "main_core_headHidden_engine_multipliers_0_aWire_whas ;", "main_core_headOutput_engine_multipliers_0_aWire_whas ;", "main_core_headOutput_engine_multipliers_0_aWire_whas } ;", "main_core_headOutput_engine_multipliers_0_aWire_whas ;", "main_core_block0_bProjection_multipliers_0_aWire_whas ;", "main_core_block0_bProjection_multipliers_0_aWire_whas ;", "main_core_block0_cProjection_multipliers_0_aWire_whas ;", "main_core_block0_cProjection_multipliers_0_aWire_whas ;", "main_core_block0_convMultipliers_0_0_aWire_whas ;", "main_core_block0_convMultipliers_0_0_aWire_whas ;", "main_core_block0_deltaInputProjection_multipliers_0_aWire_whas ;", "main_core_block0_deltaInputProjection_multipliers_0_aWire_whas ;", "main_core_block0_deltaProjection_engine_multipliers_0_aWire_whas ;", "main_core_block0_deltaProjection_engine_multipliers_0_aWire_whas ;", "main_core_block0_gateMultipliers_0_aWire_whas ;", "main_core_block0_gateMultipliers_0_aWire_whas ;", "main_core_block0_gateProjection_multipliers_0_aWire_whas ;", "main_core_block0_gateProjection_multipliers_0_aWire_whas ;", "main_core_block0_mainProjection_multipliers_0_aWire_whas ;", "main_core_block0_mainProjection_multipliers_0_aWire_whas ;", "main_core_block0_normalization_weightedMultiplier_0_aWire_whas ;", "main_core_block0_normalization_weightedMultiplier_0_aWire_whas ;", "main_core_block0_outputProjection_engine_multipliers_0_aWire_whas ;", "main_core_block0_outputProjection_engine_multipliers_0_aWire_whas ;", "main_core_block0_scan_deltaAMultipliers_0_aWire_whas ;", "main_core_block0_scan_lowMultipliers_0_aWire_whas ;", "main_core_block0_scan_lowMultipliers_0_aWire_whas ;", "main_core_block0_scan_stateMultipliers_0_aWire_whas ;", "main_core_block0_scan_stateMultipliers_0_aWire_whas ;", "main_core_block0_scan_deltaAMultipliers_0_aWire_whas ;", "main_core_block1_bProjection_multipliers_0_aWire_whas ;", "main_core_block1_bProjection_multipliers_0_aWire_whas ;", "main_core_block1_cProjection_multipliers_0_aWire_whas ;", "main_core_block1_cProjection_multipliers_0_aWire_whas ;", "main_core_block1_convMultipliers_0_0_aWire_whas ;", "main_core_block1_convMultipliers_0_0_aWire_whas ;", "main_core_block1_deltaInputProjection_multipliers_0_aWire_whas ;", "main_core_block1_deltaInputProjection_multipliers_0_aWire_whas ;", "main_core_block1_deltaProjection_engine_multipliers_0_aWire_whas ;", "main_core_block1_deltaProjection_engine_multipliers_0_aWire_whas ;", "main_core_block1_gateMultipliers_0_aWire_whas ;", "main_core_block1_gateMultipliers_0_aWire_whas ;", "main_core_block1_gateProjection_multipliers_0_aWire_whas ;", "main_core_block1_gateProjection_multipliers_0_aWire_whas ;", "main_core_block1_mainProjection_multipliers_0_aWire_whas ;", "main_core_block1_mainProjection_multipliers_0_aWire_whas ;", "main_core_block1_normalization_weightedMultiplier_0_aWire_whas ;", "main_core_block1_normalization_weightedMultiplier_0_aWire_whas ;", "main_core_block1_outputProjection_engine_multipliers_0_aWire_whas ;", "main_core_block1_outputProjection_engine_multipliers_0_aWire_whas ;", "main_core_block1_scan_deltaAMultipliers_0_aWire_whas ;", "main_core_block1_scan_lowMultipliers_0_aWire_whas ;", "main_core_block1_scan_lowMultipliers_0_aWire_whas ;", "main_core_block1_scan_stateMultipliers_0_aWire_whas ;", "main_core_block1_scan_stateMultipliers_0_aWire_whas ;", "main_core_block1_scan_deltaAMultipliers_0_aWire_whas ;", "main_core_embedding_engine_multipliers_0_aWire_whas ;", "main_core_embedding_engine_multipliers_0_aWire_whas ;", "main_core_headHidden_engine_multipliers_0_aWire_whas ;", "main_core_headHidden_engine_multipliers_0_aWire_whas ;", "main_core_headOutput_engine_multipliers_0_aWire_whas ;", "main_core_headOutput_engine_multipliers_0_aWire_whas ;"], "scope": "Continuous-assignment operand cones; dollar and underscore identifiers supported. Presence signals outside operand cones are permitted and reported.", "status": "pass"}, "functional_artifacts": [{"api_digest_verified": true, "artifact_id": 11006674458, "bytes": 47506, "configurations": [{"finish_cycle": 130800, "frames": 14, "log_reparsed_against_frozen_fixtures": true, "log_sha256": "589d88dd67ee3bf2ca4ba0a34b2f15e83950d782d5d37b27839663e087598aed", "mode": "stress", "outputs": 798, "status": "pass"}, {"finish_cycle": 115503, "frames": 14, "log_reparsed_against_frozen_fixtures": true, "log_sha256": "2c3cf2acdaac13c90ad3df9c78b3000d7ced4ec393564bcf3ba59b6a7c21a2ee", "mode": "kernel", "outputs": 798, "status": "pass"}], "divisor": 1, "report_sha256": "122392c41114e5875b7421602c06c10f060cdf725fac0772524ee7c9e7bbc43e", "sha256": "7ebb45ff06f1c2004c492f4c42969099b588293ee7689d9d0acaa1040bf4dbca", "source_files_verified": 137}, {"api_digest_verified": true, "artifact_id": 11006604978, "bytes": 43735, "configurations": [{"finish_cycle": 231599, "frames": 14, "log_reparsed_against_frozen_fixtures": true, "log_sha256": "d4f6dc81e3a467596118f3c9121373a34b7b3fd0801280e3063fc14f7bcab31f", "mode": "stress", "outputs": 798, "status": "pass"}, {"finish_cycle": 223357, "frames": 14, "log_reparsed_against_frozen_fixtures": true, "log_sha256": "be51a92205410b058497110a40280a368e1d4696bb42c1ea6a2a84ec17f5cfe8", "mode": "kernel", "outputs": 798, "status": "pass"}], "divisor": 2, "report_sha256": "1e970ae4972c39c0cf8a905c33ff63ef72e398c103b2f80af8016508579e8dea", "sha256": "90498954f6f70b4a81be16ace230e4d651001e91a4293146338a20c79c0394e5", "source_files_verified": 137}, {"api_digest_verified": true, "artifact_id": 11007882953, "bytes": 2972726, "configurations": [{"finish_cycle": 305868, "frames": 14, "log_reparsed_against_frozen_fixtures": true, "log_sha256": "818881699d00e2723305de55112db5eec7617fb8f94b6283036b7cfc9109bcd8", "mode": "stress", "outputs": 798, "status": "pass"}, {"finish_cycle": 297627, "frames": 14, "log_reparsed_against_frozen_fixtures": true, "log_sha256": "d9120023deb46a7f4522fb327fa0fa88c1a9fba2d5e6bd2df920c0740b1903c4", "mode": "kernel", "outputs": 798, "status": "pass"}], "divisor": 4, "report_sha256": "83532de577e65e7d462a50d49478eaf56a31450508cd953e2abda55ea77cce72", "sha256": "e8afaa99335c0c3334aaf19ca24ebee68e1386ffec38b5216161e5259eb26586", "source_files_verified": 137, "warm_reset": {"before_reset": {"cycle": 40000, "in_flight_work_confirmed": true, "input_words_accepted": 1312, "outputs_received": 57}, "finish_cycle": 297627, "post_reset_frames": 14, "post_reset_log_reparsed_against_frozen_fixtures": true, "post_reset_outputs": 798, "report_sha256": "f1026aa4a46547d8e6e1f51ba5ff5a30ea9fb2d60cce2519a6fc249325304d32", "source_files_verified": 138, "status": "pass"}}], "functional_ci_run_id": 36506484774, "functional_commit": "80fbfe4cdb635606c394f435b28c1102c9de5829", "functional_jobs": [{"conclusion": "success", "id": 109208949610, "name": "Native multiplier boundary, stall and reset", "run_id": 36506484774}, {"conclusion": "success", "id": 109208949888, "name": "Functional divisor 4", "run_id": 36506484774}, {"conclusion": "success", "id": 109208949892, "name": "Functional divisor 2", "run_id": 36506484774}, {"conclusion": "success", "id": 109208949897, "name": "Functional divisor 1", "run_id": 36506484774}], "functional_run_conclusion": "failure", "functional_run_scope": "Four successful functional/native jobs; its original physical job is retained as a failed checker run, not a physical pass.", "generated_rtl_files_verified": 20, "jobs": [{"conclusion": "success", "id": 109214435272, "name": "ULX3S-85F strict 100 MHz and 25 MHz", "run_id": 36508244812}], "native_multiplier": {"api_digest_verified": true, "artifact_id": 11007028442, "backends": {"bluesim": {"final_cycle": 403, "first_product_latency_cycles": 4, "products": 256}, "iverilog": {"final_cycle": 403, "first_product_latency_cycles": 4, "products": 256}, "iverilog_bsim": {"final_cycle": 403, "first_product_latency_cycles": 4, "products": 256}}, "bytes": 292487, "generated_rtl_sha256": "c88fd37832e29e0b445bb13f235013c93c74000bbe58fddd917d4d0ff944ecaa", "log_results_independently_recomputed": true, "operand_control": {"operand_assignments": ["assign test_multiplier_dsp$dataax = test_vectorsR$D_OUT_1[71:54] ;", "assign test_multiplier_dsp$dataay = test_vectorsR$D_OUT_1[53:36] ;"], "operand_dependency_cones": {"test_multiplier_dsp$dataax": {"assignments": {"test_multiplier_dsp$dataax": "test_vectorsR$D_OUT_1[71:54] "}, "leaf_identifiers": ["test_vectorsR$D_OUT_1"], "signals": ["test_multiplier_dsp$dataax", "test_vectorsR$D_OUT_1"], "write_presence_dependencies": []}, "test_multiplier_dsp$dataay": {"assignments": {"test_multiplier_dsp$dataay": "test_vectorsR$D_OUT_1[53:36] "}, "leaf_identifiers": ["test_vectorsR$D_OUT_1"], "signals": ["test_multiplier_dsp$dataay", "test_vectorsR$D_OUT_1"], "write_presence_dependencies": []}}, "operand_ports": ["test_multiplier_dsp$dataax", "test_multiplier_dsp$dataay"], "retained_write_presence_signals": ["test_multiplier_aWire$whas"], "retained_write_presence_uses": ["wire test_drainOn$whas, test_multiplier_aWire$whas;", "assign test_multiplier_aWire$whas =", "assign test_acceptedCnt$EN = test_multiplier_aWire$whas ;", "assign test_multiplier_acceptedCnt$EN = test_multiplier_aWire$whas ;", "{ test_multiplier_validR[1:0], test_multiplier_aWire$whas } ;", "assign test_expectedQ$ENQ = test_multiplier_aWire$whas ;"], "scope": "Continuous-assignment operand cones; dollar and underscore identifiers supported. Presence signals outside operand cones are permitted and reported.", "status": "pass"}, "report_sha256": "08d187b09e151b68e73aa93739013f30630d1f9c0a987274271ec5371ffaf4f7", "sha256": "319f3b4fc7cd3704ab12e64f96c3f545a261d3d479b13ba0ee7c977ef62a1ee1", "source_files_verified": 4, "status": "pass"}, "packed_utilization": {"ALU54B": {"available": 78, "used": 0}, "CLKDIVF": {"available": 4, "used": 0}, "DCCA": {"available": 56, "used": 2}, "DCSC": {"available": 2, "used": 0}, "DCUA": {"available": 2, "used": 0}, "DDRDLL": {"available": 4, "used": 0}, "DLLDELD": {"available": 8, "used": 0}, "DP16KD": {"available": 208, "used": 22}, "DQSBUFM": {"available": 14, "used": 0}, "DTR": {"available": 1, "used": 0}, "ECLKBRIDGECS": {"available": 2, "used": 0}, "ECLKSYNCB": {"available": 10, "used": 0}, "EHXPLLL": {"available": 4, "used": 1}, "EXTREFB": {"available": 2, "used": 0}, "GSR": {"available": 1, "used": 0}, "IOLOGIC": {"available": 224, "used": 0}, "JTAGG": {"available": 1, "used": 0}, "MULT18X18D": {"available": 156, "used": 45}, "OSCG": {"available": 1, "used": 0}, "PCSCLKDIV": {"available": 2, "used": 0}, "SEDGA": {"available": 1, "used": 0}, "SIOLOGIC": {"available": 141, "used": 0}, "TRELLIS_COMB": {"available": 83640, "used": 39794}, "TRELLIS_ECLKBUF": {"available": 8, "used": 0}, "TRELLIS_FF": {"available": 83640, "used": 57790}, "TRELLIS_IO": {"available": 365, "used": 11}, "TRELLIS_RAMW": {"available": 10455, "used": 668}, "USRMCLK": {"available": 1, "used": 0}}, "physical_job_id": 109214435272, "physical_report_sha256": "a3036a19395c56cc943dc302a46b5b7c8b2fef59ed99ae2f972168e6a7951cb3", "raw_timing_cross_checked": true, "reset_placement": {"available_ff_sites": 83640, "bel": "X63/Y47/SLICEA.FF0", "cell": "clocks_coreReset.OUT_RST_TRELLIS_FF_Q", "cell_type": "TRELLIS_FF", "center": [63.0, 47.5], "console_report_verified": true, "ff_grid_bounds": [2, 2, 124, 93], "ff_sites": 83640, "hook": "place_core_reset.py", "hook_matches_frozen_source": true, "hook_sha256": "dddc65411e5ac0e97d45c88305da62efccba400d68745009506b5add62d892d1", "location": [63, 47, 1], "placed_bel": "X63/Y47/SLICEA.FF0", "placed_bel_verified": true, "placed_bel_verified_independently": true, "placed_module": "top", "selection": "nearest-available-FF-to-grid-center"}, "scope": "Independent ZIP integrity, frozen checkout and dependency source hashes, strict physical gates, reset placement hook/source identity, selected and actual placed BEL, generated RTL/netlists/constraints/configuration and bitstream digest. No physical board test. Also verifies all three functional ZIP digests from the preceding frozen RTL commit against the current checkout, 137 frozen source hashes per divisor, recomputes six output/cycle reports from raw simulation logs and fixtures, and checks 138 warm-reset source hashes and log integrity.", "source_files_verified": 166, "status": "pass", "sway_source_files_verified": 139, "tested_commit": "7689b27d6816de9d8927de12ddee13672b23491b", "timing_summary_sha256": "dcb02cf7053bbdb862cbfd09640fa92d1ab13dbc21f2524164ddcf9f309a29f8"}
2026-09-29T01:36:35.9673963Z ##[group]Run actions/upload-artifact@ea165f8d65b6e75b540449e92b4886f43607fa02
2026-09-29T01:36:35.9674477Z with:
2026-09-29T01:36:35.9674759Z   name: baseline-independent-audit-7689b27
2026-09-29T01:36:35.9675115Z   path: artifact-audit.json
2026-09-29T01:36:35.9675727Z   if-no-files-found: error
2026-09-29T01:36:35.9676073Z   compression-level: 6
2026-09-29T01:36:35.9676343Z   overwrite: false
2026-09-29T01:36:35.9676609Z   include-hidden-files: false
2026-09-29T01:36:35.9676899Z ##[endgroup]
2026-09-29T01:36:36.1350524Z (node:2398) [DEP0040] DeprecationWarning: The `punycode` module is deprecated. Please use a userland alternative instead.
2026-09-29T01:36:36.1351352Z (Use `node --trace-deprecation ...` to show where the warning was created)
2026-09-29T01:36:36.1397098Z With the provided path, there will be 1 file uploaded
2026-09-29T01:36:36.1403489Z Artifact name is valid!
2026-09-29T01:36:36.1404684Z Root directory input is valid!
2026-09-29T01:36:36.3847053Z Beginning upload of artifact content to blob storage
2026-09-29T01:36:36.4066064Z (node:2398) [DEP0169] DeprecationWarning: `url.parse()` behavior is not standardized and prone to errors that have security implications. Use the WHATWG URL API instead. CVEs are not issued for `url.parse()` vulnerabilities.
2026-09-29T01:36:36.4284471Z Uploaded bytes 11159
2026-09-29T01:36:36.4440392Z Finished uploading artifact content to blob storage!
2026-09-29T01:36:36.4441648Z SHA256 digest of uploaded artifact zip is 612c554c359f3cca829190d599fed9c203e47abe9517978d5e025d3936e0d54e
2026-09-29T01:36:36.4442822Z Finalizing artifact upload
2026-09-29T01:36:36.6537156Z Artifact baseline-independent-audit-7689b27.zip successfully finalized. Artifact ID 11008805072
2026-09-29T01:36:36.6538528Z Artifact baseline-independent-audit-7689b27 has been successfully uploaded! Final size is 11159 bytes. Artifact ID is 11008805072
2026-09-29T01:36:36.6556770Z Artifact download URL: https://github.com/SeMinLim/sway/actions/runs/36508646970/artifacts/11008805072
2026-09-29T01:36:36.6788359Z Post job cleanup.
2026-09-29T01:36:36.7662319Z [command]/usr/bin/git version
2026-09-29T01:36:36.7708449Z git version 2.55.0
2026-09-29T01:36:36.7753414Z Temporarily overriding HOME='/home/runner/work/_temp/33c9dc36-011f-48e4-91bb-5e2b82e25180' before making global git config changes
2026-09-29T01:36:36.7754978Z Adding repository directory to the temporary git global config as a safe directory
2026-09-29T01:36:36.7759994Z [command]/usr/bin/git config --global --add safe.directory /home/runner/work/sway/sway
2026-09-29T01:36:36.7801704Z [command]/usr/bin/git config --local --name-only --get-regexp core\.sshCommand
2026-09-29T01:36:36.7838830Z [command]/usr/bin/git submodule foreach --recursive sh -c "git config --local --name-only --get-regexp 'core\.sshCommand' && git config --local --unset-all 'core.sshCommand' || :"
2026-09-29T01:36:36.8089666Z [command]/usr/bin/git config --local --name-only --get-regexp http\.https\:\/\/github\.com\/\.extraheader
2026-09-29T01:36:36.8124955Z [command]/usr/bin/git submodule foreach --recursive sh -c "git config --local --name-only --get-regexp 'http\.https\:\/\/github\.com\/\.extraheader' && git config --local --unset-all 'http.https://github.com/.extraheader' || :"
2026-09-29T01:36:36.8389886Z [command]/usr/bin/git config --local --name-only --get-regexp ^includeIf\.gitdir:
2026-09-29T01:36:36.8427458Z [command]/usr/bin/git submodule foreach --recursive git config --local --show-origin --name-only --get-regexp remote.origin.url
2026-09-29T01:36:36.8847906Z Cleaning up orphan processes
2026-09-29T01:36:36.9161007Z ##[warning]Node.js 20 is deprecated. The following actions target Node.js 20 but are being forced to run on Node.js 24: actions/checkout@11d5960a326750d5838078e36cf38b85af677262, actions/upload-artifact@ea165f8d65b6e75b540449e92b4886f43607fa02. For more information see: https://github.blog/changelog/2025-09-19-deprecation-of-node-20-on-github-actions-runners/
